ISO-10303-21;
HEADER;
/* Generated by software containing ST-Developer
 * from STEP Tools, Inc. (www.steptools.com) 
 */

FILE_DESCRIPTION(
/* description */ (''),
/* implementation_level */ '2;1');

FILE_NAME(
/* name */ 'BackLunaRecoveryHold.stp',
/* time_stamp */ '2026-07-04T18:06:10+02:00',
/* author */ ('szymo'),
/* organization */ (''),
/* preprocessor_version */ 'ST-DEVELOPER v20.1',
/* originating_system */ 'Autodesk Inventor 2026',
/* authorisation */ '');

FILE_SCHEMA (('AUTOMOTIVE_DESIGN { 1 0 10303 214 3 1 1 }'));
ENDSEC;

DATA;
#10=MECHANICAL_DESIGN_GEOMETRIC_PRESENTATION_REPRESENTATION('',(#13),#2539);
#11=SHAPE_REPRESENTATION_RELATIONSHIP('SRR','None',#2546,#12);
#12=ADVANCED_BREP_SHAPE_REPRESENTATION('',(#14),#2538);
#13=STYLED_ITEM('',(#2555),#14);
#14=MANIFOLD_SOLID_BREP('Solid1',#1462);
#15=SPHERICAL_SURFACE('',#1558,1.);
#16=SPHERICAL_SURFACE('',#1562,0.999999999999997);
#17=SPHERICAL_SURFACE('',#1566,0.999999999999996);
#18=SPHERICAL_SURFACE('',#1570,1.00000000000001);
#19=SPHERICAL_SURFACE('',#1574,0.999999999999996);
#20=SPHERICAL_SURFACE('',#1579,0.999999999999996);
#21=SPHERICAL_SURFACE('',#1585,1.);
#22=SPHERICAL_SURFACE('',#1590,1.);
#23=FACE_BOUND('',#292,.T.);
#24=FACE_BOUND('',#293,.T.);
#25=FACE_BOUND('',#295,.T.);
#26=FACE_BOUND('',#296,.T.);
#27=FACE_BOUND('',#297,.T.);
#28=FACE_BOUND('',#298,.T.);
#29=FACE_BOUND('',#299,.T.);
#30=FACE_BOUND('',#300,.T.);
#31=FACE_BOUND('',#302,.T.);
#32=FACE_BOUND('',#303,.T.);
#33=FACE_BOUND('',#305,.T.);
#34=FACE_BOUND('',#306,.T.);
#35=FACE_BOUND('',#307,.T.);
#36=FACE_BOUND('',#308,.T.);
#37=FACE_BOUND('',#309,.T.);
#38=FACE_BOUND('',#310,.T.);
#39=FACE_BOUND('',#347,.T.);
#40=FACE_BOUND('',#351,.T.);
#41=FACE_BOUND('',#355,.T.);
#42=FACE_BOUND('',#359,.T.);
#43=FACE_BOUND('',#363,.T.);
#44=FACE_BOUND('',#367,.T.);
#45=CYLINDRICAL_SURFACE('',#1532,1.);
#46=CYLINDRICAL_SURFACE('',#1533,1.);
#47=CYLINDRICAL_SURFACE('',#1578,1.);
#48=CYLINDRICAL_SURFACE('',#1583,1.);
#49=CYLINDRICAL_SURFACE('',#1584,1.);
#50=CYLINDRICAL_SURFACE('',#1589,1.);
#51=CYLINDRICAL_SURFACE('',#1594,1.);
#52=CYLINDRICAL_SURFACE('',#1595,1.);
#53=CYLINDRICAL_SURFACE('',#1596,1.);
#54=CYLINDRICAL_SURFACE('',#1597,1.);
#55=CYLINDRICAL_SURFACE('',#1598,1.);
#56=CYLINDRICAL_SURFACE('',#1599,1.);
#57=CYLINDRICAL_SURFACE('',#1600,1.);
#58=CYLINDRICAL_SURFACE('',#1601,1.);
#59=CYLINDRICAL_SURFACE('',#1602,1.);
#60=CYLINDRICAL_SURFACE('',#1603,1.);
#61=CYLINDRICAL_SURFACE('',#1614,1.6);
#62=CYLINDRICAL_SURFACE('',#1618,1.6);
#63=CYLINDRICAL_SURFACE('',#1619,1.);
#64=CYLINDRICAL_SURFACE('',#1620,1.);
#65=CYLINDRICAL_SURFACE('',#1624,2.2);
#66=CYLINDRICAL_SURFACE('',#1625,1.3);
#67=CYLINDRICAL_SURFACE('',#1629,2.2);
#68=CYLINDRICAL_SURFACE('',#1630,1.3);
#69=CYLINDRICAL_SURFACE('',#1634,2.2);
#70=CYLINDRICAL_SURFACE('',#1635,1.3);
#71=CYLINDRICAL_SURFACE('',#1639,2.2);
#72=CYLINDRICAL_SURFACE('',#1640,1.3);
#73=CYLINDRICAL_SURFACE('',#1644,2.2);
#74=CYLINDRICAL_SURFACE('',#1645,1.3);
#75=CYLINDRICAL_SURFACE('',#1649,2.2);
#76=CYLINDRICAL_SURFACE('',#1650,1.3);
#77=B_SPLINE_CURVE_WITH_KNOTS('',3,(#2246,#2247,#2248,#2249,#2250,#2251,
#2252,#2253),.UNSPECIFIED.,.F.,.F.,(4,2,2,4),(0.124326619115924,0.148151233250711,
0.171975847385498,0.217317858573699),.UNSPECIFIED.);
#78=B_SPLINE_CURVE_WITH_KNOTS('',3,(#2283,#2284,#2285,#2286,#2287,#2288,
#2289,#2290),.UNSPECIFIED.,.F.,.F.,(4,2,2,4),(0.0313353796581493,0.0766773908463583,
0.100502004981145,0.124326619115932),.UNSPECIFIED.);
#79=CIRCLE('',#1495,1.);
#80=CIRCLE('',#1496,0.500000000000002);
#81=CIRCLE('',#1498,1.);
#82=CIRCLE('',#1499,1.5);
#83=CIRCLE('',#1502,1.);
#84=CIRCLE('',#1503,1.5);
#85=CIRCLE('',#1505,1.);
#86=CIRCLE('',#1506,0.499999999999998);
#87=CIRCLE('',#1517,1.5);
#88=CIRCLE('',#1518,1.);
#89=CIRCLE('',#1520,1.);
#90=CIRCLE('',#1521,0.500000000000003);
#91=CIRCLE('',#1525,1.);
#92=CIRCLE('',#1526,0.499999999999997);
#93=CIRCLE('',#1528,1.);
#94=CIRCLE('',#1529,1.50000000000001);
#95=CIRCLE('',#1535,1.6);
#96=CIRCLE('',#1536,1.6);
#97=CIRCLE('',#1538,1.);
#98=CIRCLE('',#1539,1.);
#99=CIRCLE('',#1540,1.);
#100=CIRCLE('',#1541,1.);
#101=CIRCLE('',#1542,2.2);
#102=CIRCLE('',#1543,2.2);
#103=CIRCLE('',#1544,2.2);
#104=CIRCLE('',#1545,2.2);
#105=CIRCLE('',#1546,2.2);
#106=CIRCLE('',#1547,2.2);
#107=CIRCLE('',#1549,2.1);
#108=CIRCLE('',#1550,2.1);
#109=CIRCLE('',#1552,1.3);
#110=CIRCLE('',#1553,1.3);
#111=CIRCLE('',#1554,1.3);
#112=CIRCLE('',#1555,1.3);
#113=CIRCLE('',#1556,1.3);
#114=CIRCLE('',#1557,1.3);
#115=CIRCLE('',#1559,0.999999999999996);
#116=CIRCLE('',#1560,1.);
#117=CIRCLE('',#1561,1.);
#118=CIRCLE('',#1563,1.);
#119=CIRCLE('',#1564,0.999999999999996);
#120=CIRCLE('',#1565,1.);
#121=CIRCLE('',#1567,0.999999999999996);
#122=CIRCLE('',#1568,0.999999999999996);
#123=CIRCLE('',#1569,1.);
#124=CIRCLE('',#1571,1.);
#125=CIRCLE('',#1572,1.00000000000001);
#126=CIRCLE('',#1573,0.999999999999999);
#127=CIRCLE('',#1575,0.999999999999999);
#128=CIRCLE('',#1576,0.999999999999996);
#129=CIRCLE('',#1577,1.);
#130=CIRCLE('',#1580,1.00000000000001);
#131=CIRCLE('',#1581,0.999999999999996);
#132=CIRCLE('',#1582,1.);
#133=CIRCLE('',#1586,1.);
#134=CIRCLE('',#1587,1.);
#135=CIRCLE('',#1588,1.);
#136=CIRCLE('',#1591,1.);
#137=CIRCLE('',#1592,1.);
#138=CIRCLE('',#1593,1.);
#139=CIRCLE('',#1612,1.6);
#140=CIRCLE('',#1613,1.6);
#141=CIRCLE('',#1616,1.6);
#142=CIRCLE('',#1617,1.6);
#143=CIRCLE('',#1622,2.2);
#144=CIRCLE('',#1623,1.3);
#145=CIRCLE('',#1627,2.2);
#146=CIRCLE('',#1628,1.3);
#147=CIRCLE('',#1632,2.2);
#148=CIRCLE('',#1633,1.3);
#149=CIRCLE('',#1637,2.2);
#150=CIRCLE('',#1638,1.3);
#151=CIRCLE('',#1642,2.2);
#152=CIRCLE('',#1643,1.3);
#153=CIRCLE('',#1647,2.2);
#154=CIRCLE('',#1648,1.3);
#155=CONICAL_SURFACE('',#1494,0.750000000000001,0.785398163397448);
#156=CONICAL_SURFACE('',#1497,1.25,0.78539816339745);
#157=CONICAL_SURFACE('',#1501,1.25,0.78539816339745);
#158=CONICAL_SURFACE('',#1504,0.749999999999999,0.785398163397452);
#159=CONICAL_SURFACE('',#1516,1.25,0.785398163397666);
#160=CONICAL_SURFACE('',#1519,0.750000000000002,0.785398163397702);
#161=CONICAL_SURFACE('',#1524,0.749999999999999,0.785398163397544);
#162=CONICAL_SURFACE('',#1527,1.25,0.785398163397577);
#163=CONICAL_SURFACE('',#1611,1.85,0.785398163397448);
#164=CONICAL_SURFACE('',#1615,1.85,0.785398163397446);
#165=FACE_OUTER_BOUND('',#258,.T.);
#166=FACE_OUTER_BOUND('',#259,.T.);
#167=FACE_OUTER_BOUND('',#260,.T.);
#168=FACE_OUTER_BOUND('',#261,.T.);
#169=FACE_OUTER_BOUND('',#262,.T.);
#170=FACE_OUTER_BOUND('',#263,.T.);
#171=FACE_OUTER_BOUND('',#264,.T.);
#172=FACE_OUTER_BOUND('',#265,.T.);
#173=FACE_OUTER_BOUND('',#266,.T.);
#174=FACE_OUTER_BOUND('',#267,.T.);
#175=FACE_OUTER_BOUND('',#268,.T.);
#176=FACE_OUTER_BOUND('',#269,.T.);
#177=FACE_OUTER_BOUND('',#270,.T.);
#178=FACE_OUTER_BOUND('',#271,.T.);
#179=FACE_OUTER_BOUND('',#272,.T.);
#180=FACE_OUTER_BOUND('',#273,.T.);
#181=FACE_OUTER_BOUND('',#274,.T.);
#182=FACE_OUTER_BOUND('',#275,.T.);
#183=FACE_OUTER_BOUND('',#276,.T.);
#184=FACE_OUTER_BOUND('',#277,.T.);
#185=FACE_OUTER_BOUND('',#278,.T.);
#186=FACE_OUTER_BOUND('',#279,.T.);
#187=FACE_OUTER_BOUND('',#280,.T.);
#188=FACE_OUTER_BOUND('',#281,.T.);
#189=FACE_OUTER_BOUND('',#282,.T.);
#190=FACE_OUTER_BOUND('',#283,.T.);
#191=FACE_OUTER_BOUND('',#284,.T.);
#192=FACE_OUTER_BOUND('',#285,.T.);
#193=FACE_OUTER_BOUND('',#286,.T.);
#194=FACE_OUTER_BOUND('',#287,.T.);
#195=FACE_OUTER_BOUND('',#288,.T.);
#196=FACE_OUTER_BOUND('',#289,.T.);
#197=FACE_OUTER_BOUND('',#290,.T.);
#198=FACE_OUTER_BOUND('',#291,.T.);
#199=FACE_OUTER_BOUND('',#294,.T.);
#200=FACE_OUTER_BOUND('',#301,.T.);
#201=FACE_OUTER_BOUND('',#304,.T.);
#202=FACE_OUTER_BOUND('',#311,.T.);
#203=FACE_OUTER_BOUND('',#312,.T.);
#204=FACE_OUTER_BOUND('',#313,.T.);
#205=FACE_OUTER_BOUND('',#314,.T.);
#206=FACE_OUTER_BOUND('',#315,.T.);
#207=FACE_OUTER_BOUND('',#316,.T.);
#208=FACE_OUTER_BOUND('',#317,.T.);
#209=FACE_OUTER_BOUND('',#318,.T.);
#210=FACE_OUTER_BOUND('',#319,.T.);
#211=FACE_OUTER_BOUND('',#320,.T.);
#212=FACE_OUTER_BOUND('',#321,.T.);
#213=FACE_OUTER_BOUND('',#322,.T.);
#214=FACE_OUTER_BOUND('',#323,.T.);
#215=FACE_OUTER_BOUND('',#324,.T.);
#216=FACE_OUTER_BOUND('',#325,.T.);
#217=FACE_OUTER_BOUND('',#326,.T.);
#218=FACE_OUTER_BOUND('',#327,.T.);
#219=FACE_OUTER_BOUND('',#328,.T.);
#220=FACE_OUTER_BOUND('',#329,.T.);
#221=FACE_OUTER_BOUND('',#330,.T.);
#222=FACE_OUTER_BOUND('',#331,.T.);
#223=FACE_OUTER_BOUND('',#332,.T.);
#224=FACE_OUTER_BOUND('',#333,.T.);
#225=FACE_OUTER_BOUND('',#334,.T.);
#226=FACE_OUTER_BOUND('',#335,.T.);
#227=FACE_OUTER_BOUND('',#336,.T.);
#228=FACE_OUTER_BOUND('',#337,.T.);
#229=FACE_OUTER_BOUND('',#338,.T.);
#230=FACE_OUTER_BOUND('',#339,.T.);
#231=FACE_OUTER_BOUND('',#340,.T.);
#232=FACE_OUTER_BOUND('',#341,.T.);
#233=FACE_OUTER_BOUND('',#342,.T.);
#234=FACE_OUTER_BOUND('',#343,.T.);
#235=FACE_OUTER_BOUND('',#344,.T.);
#236=FACE_OUTER_BOUND('',#345,.T.);
#237=FACE_OUTER_BOUND('',#346,.T.);
#238=FACE_OUTER_BOUND('',#348,.T.);
#239=FACE_OUTER_BOUND('',#349,.T.);
#240=FACE_OUTER_BOUND('',#350,.T.);
#241=FACE_OUTER_BOUND('',#352,.T.);
#242=FACE_OUTER_BOUND('',#353,.T.);
#243=FACE_OUTER_BOUND('',#354,.T.);
#244=FACE_OUTER_BOUND('',#356,.T.);
#245=FACE_OUTER_BOUND('',#357,.T.);
#246=FACE_OUTER_BOUND('',#358,.T.);
#247=FACE_OUTER_BOUND('',#360,.T.);
#248=FACE_OUTER_BOUND('',#361,.T.);
#249=FACE_OUTER_BOUND('',#362,.T.);
#250=FACE_OUTER_BOUND('',#364,.T.);
#251=FACE_OUTER_BOUND('',#365,.T.);
#252=FACE_OUTER_BOUND('',#366,.T.);
#253=FACE_OUTER_BOUND('',#368,.T.);
#254=FACE_OUTER_BOUND('',#369,.T.);
#255=FACE_OUTER_BOUND('',#370,.T.);
#256=FACE_OUTER_BOUND('',#371,.T.);
#257=FACE_OUTER_BOUND('',#372,.T.);
#258=EDGE_LOOP('',(#928,#929,#930));
#259=EDGE_LOOP('',(#931,#932,#933,#934));
#260=EDGE_LOOP('',(#935,#936,#937));
#261=EDGE_LOOP('',(#938,#939,#940,#941));
#262=EDGE_LOOP('',(#942,#943,#944));
#263=EDGE_LOOP('',(#945,#946,#947,#948));
#264=EDGE_LOOP('',(#949,#950,#951));
#265=EDGE_LOOP('',(#952,#953,#954,#955));
#266=EDGE_LOOP('',(#956,#957,#958,#959));
#267=EDGE_LOOP('',(#960,#961,#962,#963));
#268=EDGE_LOOP('',(#964,#965,#966,#967));
#269=EDGE_LOOP('',(#968,#969,#970,#971));
#270=EDGE_LOOP('',(#972,#973,#974,#975));
#271=EDGE_LOOP('',(#976,#977,#978,#979));
#272=EDGE_LOOP('',(#980,#981,#982,#983));
#273=EDGE_LOOP('',(#984,#985,#986,#987));
#274=EDGE_LOOP('',(#988,#989,#990,#991));
#275=EDGE_LOOP('',(#992,#993,#994,#995));
#276=EDGE_LOOP('',(#996,#997,#998,#999));
#277=EDGE_LOOP('',(#1000,#1001,#1002,#1003));
#278=EDGE_LOOP('',(#1004,#1005,#1006,#1007));
#279=EDGE_LOOP('',(#1008,#1009,#1010,#1011));
#280=EDGE_LOOP('',(#1012,#1013,#1014,#1015));
#281=EDGE_LOOP('',(#1016,#1017,#1018,#1019));
#282=EDGE_LOOP('',(#1020,#1021,#1022,#1023));
#283=EDGE_LOOP('',(#1024,#1025,#1026,#1027));
#284=EDGE_LOOP('',(#1028,#1029,#1030,#1031));
#285=EDGE_LOOP('',(#1032,#1033,#1034,#1035));
#286=EDGE_LOOP('',(#1036,#1037,#1038,#1039));
#287=EDGE_LOOP('',(#1040,#1041,#1042,#1043));
#288=EDGE_LOOP('',(#1044,#1045,#1046,#1047));
#289=EDGE_LOOP('',(#1048,#1049,#1050,#1051));
#290=EDGE_LOOP('',(#1052,#1053,#1054,#1055));
#291=EDGE_LOOP('',(#1056,#1057,#1058,#1059));
#292=EDGE_LOOP('',(#1060));
#293=EDGE_LOOP('',(#1061));
#294=EDGE_LOOP('',(#1062,#1063,#1064,#1065,#1066,#1067,#1068,#1069,#1070,
#1071,#1072,#1073,#1074,#1075,#1076,#1077));
#295=EDGE_LOOP('',(#1078));
#296=EDGE_LOOP('',(#1079));
#297=EDGE_LOOP('',(#1080));
#298=EDGE_LOOP('',(#1081));
#299=EDGE_LOOP('',(#1082));
#300=EDGE_LOOP('',(#1083));
#301=EDGE_LOOP('',(#1084,#1085,#1086,#1087));
#302=EDGE_LOOP('',(#1088));
#303=EDGE_LOOP('',(#1089));
#304=EDGE_LOOP('',(#1090,#1091,#1092,#1093,#1094,#1095,#1096,#1097,#1098,
#1099));
#305=EDGE_LOOP('',(#1100));
#306=EDGE_LOOP('',(#1101));
#307=EDGE_LOOP('',(#1102));
#308=EDGE_LOOP('',(#1103));
#309=EDGE_LOOP('',(#1104));
#310=EDGE_LOOP('',(#1105));
#311=EDGE_LOOP('',(#1106,#1107,#1108));
#312=EDGE_LOOP('',(#1109,#1110,#1111));
#313=EDGE_LOOP('',(#1112,#1113,#1114));
#314=EDGE_LOOP('',(#1115,#1116,#1117));
#315=EDGE_LOOP('',(#1118,#1119,#1120));
#316=EDGE_LOOP('',(#1121,#1122,#1123,#1124));
#317=EDGE_LOOP('',(#1125,#1126,#1127));
#318=EDGE_LOOP('',(#1128,#1129,#1130,#1131));
#319=EDGE_LOOP('',(#1132,#1133,#1134,#1135));
#320=EDGE_LOOP('',(#1136,#1137,#1138));
#321=EDGE_LOOP('',(#1139,#1140,#1141,#1142));
#322=EDGE_LOOP('',(#1143,#1144,#1145));
#323=EDGE_LOOP('',(#1146,#1147,#1148,#1149));
#324=EDGE_LOOP('',(#1150,#1151,#1152,#1153));
#325=EDGE_LOOP('',(#1154,#1155,#1156,#1157,#1158));
#326=EDGE_LOOP('',(#1159,#1160,#1161,#1162));
#327=EDGE_LOOP('',(#1163,#1164,#1165,#1166));
#328=EDGE_LOOP('',(#1167,#1168,#1169,#1170));
#329=EDGE_LOOP('',(#1171,#1172,#1173,#1174));
#330=EDGE_LOOP('',(#1175,#1176,#1177,#1178));
#331=EDGE_LOOP('',(#1179,#1180,#1181,#1182,#1183));
#332=EDGE_LOOP('',(#1184,#1185,#1186,#1187));
#333=EDGE_LOOP('',(#1188,#1189,#1190,#1191,#1192,#1193,#1194,#1195));
#334=EDGE_LOOP('',(#1196,#1197,#1198,#1199));
#335=EDGE_LOOP('',(#1200,#1201,#1202,#1203));
#336=EDGE_LOOP('',(#1204,#1205,#1206,#1207));
#337=EDGE_LOOP('',(#1208,#1209,#1210,#1211));
#338=EDGE_LOOP('',(#1212,#1213,#1214,#1215,#1216,#1217));
#339=EDGE_LOOP('',(#1218,#1219,#1220,#1221));
#340=EDGE_LOOP('',(#1222,#1223,#1224,#1225,#1226));
#341=EDGE_LOOP('',(#1227,#1228,#1229,#1230,#1231));
#342=EDGE_LOOP('',(#1232,#1233,#1234,#1235,#1236));
#343=EDGE_LOOP('',(#1237,#1238,#1239,#1240,#1241));
#344=EDGE_LOOP('',(#1242,#1243,#1244,#1245));
#345=EDGE_LOOP('',(#1246,#1247,#1248,#1249));
#346=EDGE_LOOP('',(#1250));
#347=EDGE_LOOP('',(#1251));
#348=EDGE_LOOP('',(#1252,#1253,#1254,#1255));
#349=EDGE_LOOP('',(#1256,#1257,#1258,#1259));
#350=EDGE_LOOP('',(#1260));
#351=EDGE_LOOP('',(#1261));
#352=EDGE_LOOP('',(#1262,#1263,#1264,#1265));
#353=EDGE_LOOP('',(#1266,#1267,#1268,#1269));
#354=EDGE_LOOP('',(#1270));
#355=EDGE_LOOP('',(#1271));
#356=EDGE_LOOP('',(#1272,#1273,#1274,#1275));
#357=EDGE_LOOP('',(#1276,#1277,#1278,#1279));
#358=EDGE_LOOP('',(#1280));
#359=EDGE_LOOP('',(#1281));
#360=EDGE_LOOP('',(#1282,#1283,#1284,#1285));
#361=EDGE_LOOP('',(#1286,#1287,#1288,#1289));
#362=EDGE_LOOP('',(#1290));
#363=EDGE_LOOP('',(#1291));
#364=EDGE_LOOP('',(#1292,#1293,#1294,#1295));
#365=EDGE_LOOP('',(#1296,#1297,#1298,#1299));
#366=EDGE_LOOP('',(#1300));
#367=EDGE_LOOP('',(#1301));
#368=EDGE_LOOP('',(#1302,#1303,#1304,#1305));
#369=EDGE_LOOP('',(#1306,#1307,#1308,#1309));
#370=EDGE_LOOP('',(#1310,#1311,#1312,#1313));
#371=EDGE_LOOP('',(#1314,#1315,#1316,#1317,#1318,#1319));
#372=EDGE_LOOP('',(#1320,#1321,#1322,#1323,#1324,#1325));
#373=LINE('',#2119,#494);
#374=LINE('',#2121,#495);
#375=LINE('',#2122,#496);
#376=LINE('',#2125,#497);
#377=LINE('',#2127,#498);
#378=LINE('',#2128,#499);
#379=LINE('',#2132,#500);
#380=LINE('',#2134,#501);
#381=LINE('',#2135,#502);
#382=LINE('',#2138,#503);
#383=LINE('',#2140,#504);
#384=LINE('',#2141,#505);
#385=LINE('',#2145,#506);
#386=LINE('',#2147,#507);
#387=LINE('',#2148,#508);
#388=LINE('',#2152,#509);
#389=LINE('',#2154,#510);
#390=LINE('',#2156,#511);
#391=LINE('',#2157,#512);
#392=LINE('',#2161,#513);
#393=LINE('',#2163,#514);
#394=LINE('',#2164,#515);
#395=LINE('',#2166,#516);
#396=LINE('',#2167,#517);
#397=LINE('',#2171,#518);
#398=LINE('',#2172,#519);
#399=LINE('',#2173,#520);
#400=LINE('',#2177,#521);
#401=LINE('',#2183,#522);
#402=LINE('',#2188,#523);
#403=LINE('',#2190,#524);
#404=LINE('',#2191,#525);
#405=LINE('',#2195,#526);
#406=LINE('',#2201,#527);
#407=LINE('',#2205,#528);
#408=LINE('',#2206,#529);
#409=LINE('',#2208,#530);
#410=LINE('',#2209,#531);
#411=LINE('',#2211,#532);
#412=LINE('',#2212,#533);
#413=LINE('',#2214,#534);
#414=LINE('',#2215,#535);
#415=LINE('',#2217,#536);
#416=LINE('',#2218,#537);
#417=LINE('',#2221,#538);
#418=LINE('',#2223,#539);
#419=LINE('',#2224,#540);
#420=LINE('',#2227,#541);
#421=LINE('',#2229,#542);
#422=LINE('',#2230,#543);
#423=LINE('',#2233,#544);
#424=LINE('',#2235,#545);
#425=LINE('',#2236,#546);
#426=LINE('',#2239,#547);
#427=LINE('',#2241,#548);
#428=LINE('',#2242,#549);
#429=LINE('',#2257,#550);
#430=LINE('',#2262,#551);
#431=LINE('',#2266,#552);
#432=LINE('',#2267,#553);
#433=LINE('',#2270,#554);
#434=LINE('',#2272,#555);
#435=LINE('',#2273,#556);
#436=LINE('',#2277,#557);
#437=LINE('',#2294,#558);
#438=LINE('',#2295,#559);
#439=LINE('',#2297,#560);
#440=LINE('',#2299,#561);
#441=LINE('',#2301,#562);
#442=LINE('',#2303,#563);
#443=LINE('',#2312,#564);
#444=LINE('',#2316,#565);
#445=LINE('',#2320,#566);
#446=LINE('',#2388,#567);
#447=LINE('',#2389,#568);
#448=LINE('',#2398,#569);
#449=LINE('',#2399,#570);
#450=LINE('',#2401,#571);
#451=LINE('',#2402,#572);
#452=LINE('',#2411,#573);
#453=LINE('',#2412,#574);
#454=LINE('',#2421,#575);
#455=LINE('',#2422,#576);
#456=LINE('',#2424,#577);
#457=LINE('',#2425,#578);
#458=LINE('',#2427,#579);
#459=LINE('',#2428,#580);
#460=LINE('',#2430,#581);
#461=LINE('',#2431,#582);
#462=LINE('',#2433,#583);
#463=LINE('',#2434,#584);
#464=LINE('',#2436,#585);
#465=LINE('',#2437,#586);
#466=LINE('',#2439,#587);
#467=LINE('',#2440,#588);
#468=LINE('',#2442,#589);
#469=LINE('',#2443,#590);
#470=LINE('',#2445,#591);
#471=LINE('',#2446,#592);
#472=LINE('',#2448,#593);
#473=LINE('',#2449,#594);
#474=LINE('',#2451,#595);
#475=LINE('',#2460,#596);
#476=LINE('',#2465,#597);
#477=LINE('',#2468,#598);
#478=LINE('',#2473,#599);
#479=LINE('',#2475,#600);
#480=LINE('',#2476,#601);
#481=LINE('',#2484,#602);
#482=LINE('',#2486,#603);
#483=LINE('',#2493,#604);
#484=LINE('',#2495,#605);
#485=LINE('',#2502,#606);
#486=LINE('',#2504,#607);
#487=LINE('',#2511,#608);
#488=LINE('',#2513,#609);
#489=LINE('',#2520,#610);
#490=LINE('',#2522,#611);
#491=LINE('',#2529,#612);
#492=LINE('',#2531,#613);
#493=LINE('',#2533,#614);
#494=VECTOR('',#1658,10.);
#495=VECTOR('',#1659,10.);
#496=VECTOR('',#1660,10.);
#497=VECTOR('',#1663,10.);
#498=VECTOR('',#1664,10.);
#499=VECTOR('',#1665,10.);
#500=VECTOR('',#1668,10.);
#501=VECTOR('',#1669,10.);
#502=VECTOR('',#1670,10.);
#503=VECTOR('',#1673,10.);
#504=VECTOR('',#1674,10.);
#505=VECTOR('',#1675,10.);
#506=VECTOR('',#1678,10.);
#507=VECTOR('',#1679,10.);
#508=VECTOR('',#1680,10.);
#509=VECTOR('',#1683,10.);
#510=VECTOR('',#1684,10.);
#511=VECTOR('',#1685,10.);
#512=VECTOR('',#1686,10.);
#513=VECTOR('',#1689,10.);
#514=VECTOR('',#1690,10.);
#515=VECTOR('',#1691,10.);
#516=VECTOR('',#1694,10.);
#517=VECTOR('',#1695,10.);
#518=VECTOR('',#1698,10.);
#519=VECTOR('',#1699,10.);
#520=VECTOR('',#1700,10.);
#521=VECTOR('',#1703,10.);
#522=VECTOR('',#1710,10.);
#523=VECTOR('',#1717,10.);
#524=VECTOR('',#1718,10.);
#525=VECTOR('',#1719,10.);
#526=VECTOR('',#1722,10.);
#527=VECTOR('',#1729,10.);
#528=VECTOR('',#1736,10.);
#529=VECTOR('',#1737,10.);
#530=VECTOR('',#1740,10.);
#531=VECTOR('',#1741,10.);
#532=VECTOR('',#1744,10.);
#533=VECTOR('',#1745,10.);
#534=VECTOR('',#1748,10.);
#535=VECTOR('',#1749,10.);
#536=VECTOR('',#1752,10.);
#537=VECTOR('',#1753,10.);
#538=VECTOR('',#1756,10.);
#539=VECTOR('',#1757,10.);
#540=VECTOR('',#1758,10.);
#541=VECTOR('',#1761,10.);
#542=VECTOR('',#1762,10.);
#543=VECTOR('',#1763,10.);
#544=VECTOR('',#1766,10.);
#545=VECTOR('',#1767,10.);
#546=VECTOR('',#1768,10.);
#547=VECTOR('',#1771,10.);
#548=VECTOR('',#1772,10.);
#549=VECTOR('',#1773,10.);
#550=VECTOR('',#1778,10.);
#551=VECTOR('',#1783,10.);
#552=VECTOR('',#1790,10.);
#553=VECTOR('',#1791,10.);
#554=VECTOR('',#1794,10.);
#555=VECTOR('',#1795,10.);
#556=VECTOR('',#1796,10.);
#557=VECTOR('',#1799,10.);
#558=VECTOR('',#1812,10.);
#559=VECTOR('',#1813,10.);
#560=VECTOR('',#1816,10.);
#561=VECTOR('',#1819,10.);
#562=VECTOR('',#1822,10.);
#563=VECTOR('',#1825,10.);
#564=VECTOR('',#1834,10.);
#565=VECTOR('',#1837,10.);
#566=VECTOR('',#1840,10.);
#567=VECTOR('',#1917,10.);
#568=VECTOR('',#1918,10.);
#569=VECTOR('',#1929,10.);
#570=VECTOR('',#1930,10.);
#571=VECTOR('',#1933,10.);
#572=VECTOR('',#1934,10.);
#573=VECTOR('',#1945,10.);
#574=VECTOR('',#1946,10.);
#575=VECTOR('',#1957,10.);
#576=VECTOR('',#1958,10.);
#577=VECTOR('',#1961,10.);
#578=VECTOR('',#1962,10.);
#579=VECTOR('',#1965,10.);
#580=VECTOR('',#1966,10.);
#581=VECTOR('',#1969,10.);
#582=VECTOR('',#1970,10.);
#583=VECTOR('',#1973,10.);
#584=VECTOR('',#1974,10.);
#585=VECTOR('',#1977,10.);
#586=VECTOR('',#1978,10.);
#587=VECTOR('',#1981,10.);
#588=VECTOR('',#1982,10.);
#589=VECTOR('',#1985,10.);
#590=VECTOR('',#1986,10.);
#591=VECTOR('',#1989,10.);
#592=VECTOR('',#1990,10.);
#593=VECTOR('',#1993,10.);
#594=VECTOR('',#1994,10.);
#595=VECTOR('',#1997,10.);
#596=VECTOR('',#2012,1.85);
#597=VECTOR('',#2019,1.6);
#598=VECTOR('',#2022,1.85);
#599=VECTOR('',#2029,1.6);
#600=VECTOR('',#2032,10.);
#601=VECTOR('',#2033,10.);
#602=VECTOR('',#2044,2.2);
#603=VECTOR('',#2047,1.3);
#604=VECTOR('',#2056,2.2);
#605=VECTOR('',#2059,1.3);
#606=VECTOR('',#2068,2.2);
#607=VECTOR('',#2071,1.3);
#608=VECTOR('',#2080,2.2);
#609=VECTOR('',#2083,1.3);
#610=VECTOR('',#2092,2.2);
#611=VECTOR('',#2095,1.3);
#612=VECTOR('',#2104,2.2);
#613=VECTOR('',#2107,1.3);
#614=VECTOR('',#2110,10.);
#615=VERTEX_POINT('',#2117);
#616=VERTEX_POINT('',#2118);
#617=VERTEX_POINT('',#2120);
#618=VERTEX_POINT('',#2124);
#619=VERTEX_POINT('',#2126);
#620=VERTEX_POINT('',#2130);
#621=VERTEX_POINT('',#2131);
#622=VERTEX_POINT('',#2133);
#623=VERTEX_POINT('',#2137);
#624=VERTEX_POINT('',#2139);
#625=VERTEX_POINT('',#2143);
#626=VERTEX_POINT('',#2144);
#627=VERTEX_POINT('',#2146);
#628=VERTEX_POINT('',#2150);
#629=VERTEX_POINT('',#2151);
#630=VERTEX_POINT('',#2153);
#631=VERTEX_POINT('',#2155);
#632=VERTEX_POINT('',#2159);
#633=VERTEX_POINT('',#2160);
#634=VERTEX_POINT('',#2162);
#635=VERTEX_POINT('',#2169);
#636=VERTEX_POINT('',#2170);
#637=VERTEX_POINT('',#2175);
#638=VERTEX_POINT('',#2176);
#639=VERTEX_POINT('',#2181);
#640=VERTEX_POINT('',#2182);
#641=VERTEX_POINT('',#2187);
#642=VERTEX_POINT('',#2189);
#643=VERTEX_POINT('',#2193);
#644=VERTEX_POINT('',#2194);
#645=VERTEX_POINT('',#2199);
#646=VERTEX_POINT('',#2200);
#647=VERTEX_POINT('',#2220);
#648=VERTEX_POINT('',#2222);
#649=VERTEX_POINT('',#2226);
#650=VERTEX_POINT('',#2228);
#651=VERTEX_POINT('',#2232);
#652=VERTEX_POINT('',#2234);
#653=VERTEX_POINT('',#2238);
#654=VERTEX_POINT('',#2240);
#655=VERTEX_POINT('',#2244);
#656=VERTEX_POINT('',#2245);
#657=VERTEX_POINT('',#2254);
#658=VERTEX_POINT('',#2256);
#659=VERTEX_POINT('',#2260);
#660=VERTEX_POINT('',#2261);
#661=VERTEX_POINT('',#2269);
#662=VERTEX_POINT('',#2271);
#663=VERTEX_POINT('',#2275);
#664=VERTEX_POINT('',#2276);
#665=VERTEX_POINT('',#2281);
#666=VERTEX_POINT('',#2282);
#667=VERTEX_POINT('',#2304);
#668=VERTEX_POINT('',#2306);
#669=VERTEX_POINT('',#2309);
#670=VERTEX_POINT('',#2311);
#671=VERTEX_POINT('',#2313);
#672=VERTEX_POINT('',#2315);
#673=VERTEX_POINT('',#2317);
#674=VERTEX_POINT('',#2319);
#675=VERTEX_POINT('',#2322);
#676=VERTEX_POINT('',#2324);
#677=VERTEX_POINT('',#2326);
#678=VERTEX_POINT('',#2328);
#679=VERTEX_POINT('',#2330);
#680=VERTEX_POINT('',#2332);
#681=VERTEX_POINT('',#2335);
#682=VERTEX_POINT('',#2337);
#683=VERTEX_POINT('',#2340);
#684=VERTEX_POINT('',#2342);
#685=VERTEX_POINT('',#2344);
#686=VERTEX_POINT('',#2346);
#687=VERTEX_POINT('',#2348);
#688=VERTEX_POINT('',#2350);
#689=VERTEX_POINT('',#2353);
#690=VERTEX_POINT('',#2354);
#691=VERTEX_POINT('',#2356);
#692=VERTEX_POINT('',#2360);
#693=VERTEX_POINT('',#2361);
#694=VERTEX_POINT('',#2363);
#695=VERTEX_POINT('',#2367);
#696=VERTEX_POINT('',#2368);
#697=VERTEX_POINT('',#2370);
#698=VERTEX_POINT('',#2374);
#699=VERTEX_POINT('',#2375);
#700=VERTEX_POINT('',#2377);
#701=VERTEX_POINT('',#2381);
#702=VERTEX_POINT('',#2382);
#703=VERTEX_POINT('',#2384);
#704=VERTEX_POINT('',#2391);
#705=VERTEX_POINT('',#2392);
#706=VERTEX_POINT('',#2394);
#707=VERTEX_POINT('',#2404);
#708=VERTEX_POINT('',#2405);
#709=VERTEX_POINT('',#2407);
#710=VERTEX_POINT('',#2414);
#711=VERTEX_POINT('',#2415);
#712=VERTEX_POINT('',#2417);
#713=VERTEX_POINT('',#2459);
#714=VERTEX_POINT('',#2461);
#715=VERTEX_POINT('',#2467);
#716=VERTEX_POINT('',#2469);
#717=VERTEX_POINT('',#2479);
#718=VERTEX_POINT('',#2481);
#719=VERTEX_POINT('',#2488);
#720=VERTEX_POINT('',#2490);
#721=VERTEX_POINT('',#2497);
#722=VERTEX_POINT('',#2499);
#723=VERTEX_POINT('',#2506);
#724=VERTEX_POINT('',#2508);
#725=VERTEX_POINT('',#2515);
#726=VERTEX_POINT('',#2517);
#727=VERTEX_POINT('',#2524);
#728=VERTEX_POINT('',#2526);
#729=EDGE_CURVE('',#615,#616,#373,.T.);
#730=EDGE_CURVE('',#617,#615,#374,.T.);
#731=EDGE_CURVE('',#616,#617,#375,.T.);
#732=EDGE_CURVE('',#618,#617,#376,.T.);
#733=EDGE_CURVE('',#615,#619,#377,.T.);
#734=EDGE_CURVE('',#619,#618,#378,.T.);
#735=EDGE_CURVE('',#620,#621,#379,.T.);
#736=EDGE_CURVE('',#622,#620,#380,.T.);
#737=EDGE_CURVE('',#621,#622,#381,.T.);
#738=EDGE_CURVE('',#623,#621,#382,.T.);
#739=EDGE_CURVE('',#622,#624,#383,.T.);
#740=EDGE_CURVE('',#624,#623,#384,.T.);
#741=EDGE_CURVE('',#625,#626,#385,.T.);
#742=EDGE_CURVE('',#627,#625,#386,.T.);
#743=EDGE_CURVE('',#626,#627,#387,.T.);
#744=EDGE_CURVE('',#628,#629,#388,.T.);
#745=EDGE_CURVE('',#629,#630,#389,.T.);
#746=EDGE_CURVE('',#630,#631,#390,.T.);
#747=EDGE_CURVE('',#631,#628,#391,.T.);
#748=EDGE_CURVE('',#632,#633,#392,.T.);
#749=EDGE_CURVE('',#634,#632,#393,.T.);
#750=EDGE_CURVE('',#633,#634,#394,.T.);
#751=EDGE_CURVE('',#632,#626,#395,.T.);
#752=EDGE_CURVE('',#627,#634,#396,.T.);
#753=EDGE_CURVE('',#635,#636,#397,.T.);
#754=EDGE_CURVE('',#636,#633,#398,.T.);
#755=EDGE_CURVE('',#634,#635,#399,.T.);
#756=EDGE_CURVE('',#637,#638,#400,.T.);
#757=EDGE_CURVE('',#638,#636,#79,.T.);
#758=EDGE_CURVE('',#635,#637,#80,.T.);
#759=EDGE_CURVE('',#639,#640,#401,.T.);
#760=EDGE_CURVE('',#640,#638,#81,.T.);
#761=EDGE_CURVE('',#637,#639,#82,.T.);
#762=EDGE_CURVE('',#639,#641,#402,.T.);
#763=EDGE_CURVE('',#641,#642,#403,.T.);
#764=EDGE_CURVE('',#642,#640,#404,.T.);
#765=EDGE_CURVE('',#643,#644,#405,.T.);
#766=EDGE_CURVE('',#644,#642,#83,.T.);
#767=EDGE_CURVE('',#641,#643,#84,.T.);
#768=EDGE_CURVE('',#645,#646,#406,.T.);
#769=EDGE_CURVE('',#646,#644,#85,.T.);
#770=EDGE_CURVE('',#643,#645,#86,.T.);
#771=EDGE_CURVE('',#629,#646,#407,.T.);
#772=EDGE_CURVE('',#645,#630,#408,.T.);
#773=EDGE_CURVE('',#624,#632,#409,.T.);
#774=EDGE_CURVE('',#633,#623,#410,.T.);
#775=EDGE_CURVE('',#631,#627,#411,.T.);
#776=EDGE_CURVE('',#625,#628,#412,.T.);
#777=EDGE_CURVE('',#620,#625,#413,.T.);
#778=EDGE_CURVE('',#626,#622,#414,.T.);
#779=EDGE_CURVE('',#617,#620,#415,.T.);
#780=EDGE_CURVE('',#621,#616,#416,.T.);
#781=EDGE_CURVE('',#647,#615,#417,.T.);
#782=EDGE_CURVE('',#616,#648,#418,.T.);
#783=EDGE_CURVE('',#648,#647,#419,.T.);
#784=EDGE_CURVE('',#649,#618,#420,.T.);
#785=EDGE_CURVE('',#619,#650,#421,.T.);
#786=EDGE_CURVE('',#650,#649,#422,.T.);
#787=EDGE_CURVE('',#651,#647,#423,.T.);
#788=EDGE_CURVE('',#648,#652,#424,.T.);
#789=EDGE_CURVE('',#652,#651,#425,.T.);
#790=EDGE_CURVE('',#653,#649,#426,.T.);
#791=EDGE_CURVE('',#650,#654,#427,.T.);
#792=EDGE_CURVE('',#654,#653,#428,.T.);
#793=EDGE_CURVE('',#655,#656,#77,.T.);
#794=EDGE_CURVE('',#656,#657,#87,.T.);
#795=EDGE_CURVE('',#657,#658,#429,.T.);
#796=EDGE_CURVE('',#658,#655,#88,.T.);
#797=EDGE_CURVE('',#659,#660,#430,.T.);
#798=EDGE_CURVE('',#660,#658,#89,.T.);
#799=EDGE_CURVE('',#657,#659,#90,.T.);
#800=EDGE_CURVE('',#652,#660,#431,.T.);
#801=EDGE_CURVE('',#659,#651,#432,.T.);
#802=EDGE_CURVE('',#654,#661,#433,.T.);
#803=EDGE_CURVE('',#661,#662,#434,.T.);
#804=EDGE_CURVE('',#662,#653,#435,.T.);
#805=EDGE_CURVE('',#663,#664,#436,.T.);
#806=EDGE_CURVE('',#664,#662,#91,.T.);
#807=EDGE_CURVE('',#661,#663,#92,.T.);
#808=EDGE_CURVE('',#665,#666,#78,.T.);
#809=EDGE_CURVE('',#666,#664,#93,.T.);
#810=EDGE_CURVE('',#663,#665,#94,.T.);
#811=EDGE_CURVE('',#629,#653,#437,.T.);
#812=EDGE_CURVE('',#649,#628,#438,.T.);
#813=EDGE_CURVE('',#646,#662,#439,.T.);
#814=EDGE_CURVE('',#644,#664,#440,.T.);
#815=EDGE_CURVE('',#666,#642,#441,.T.);
#816=EDGE_CURVE('',#619,#651,#442,.T.);
#817=EDGE_CURVE('',#667,#667,#95,.T.);
#818=EDGE_CURVE('',#668,#668,#96,.T.);
#819=EDGE_CURVE('',#669,#656,#97,.F.);
#820=EDGE_CURVE('',#669,#670,#443,.T.);
#821=EDGE_CURVE('',#671,#670,#98,.F.);
#822=EDGE_CURVE('',#671,#672,#444,.T.);
#823=EDGE_CURVE('',#673,#672,#99,.F.);
#824=EDGE_CURVE('',#673,#674,#445,.T.);
#825=EDGE_CURVE('',#665,#674,#100,.F.);
#826=EDGE_CURVE('',#675,#675,#101,.T.);
#827=EDGE_CURVE('',#676,#676,#102,.T.);
#828=EDGE_CURVE('',#677,#677,#103,.T.);
#829=EDGE_CURVE('',#678,#678,#104,.T.);
#830=EDGE_CURVE('',#679,#679,#105,.T.);
#831=EDGE_CURVE('',#680,#680,#106,.T.);
#832=EDGE_CURVE('',#681,#681,#107,.T.);
#833=EDGE_CURVE('',#682,#682,#108,.T.);
#834=EDGE_CURVE('',#683,#683,#109,.T.);
#835=EDGE_CURVE('',#684,#684,#110,.T.);
#836=EDGE_CURVE('',#685,#685,#111,.T.);
#837=EDGE_CURVE('',#686,#686,#112,.T.);
#838=EDGE_CURVE('',#687,#687,#113,.T.);
#839=EDGE_CURVE('',#688,#688,#114,.T.);
#840=EDGE_CURVE('',#689,#690,#115,.F.);
#841=EDGE_CURVE('',#691,#689,#116,.F.);
#842=EDGE_CURVE('',#690,#691,#117,.F.);
#843=EDGE_CURVE('',#692,#693,#118,.F.);
#844=EDGE_CURVE('',#694,#692,#119,.F.);
#845=EDGE_CURVE('',#693,#694,#120,.F.);
#846=EDGE_CURVE('',#695,#696,#121,.F.);
#847=EDGE_CURVE('',#697,#695,#122,.F.);
#848=EDGE_CURVE('',#696,#697,#123,.F.);
#849=EDGE_CURVE('',#698,#699,#124,.F.);
#850=EDGE_CURVE('',#700,#698,#125,.F.);
#851=EDGE_CURVE('',#699,#700,#126,.F.);
#852=EDGE_CURVE('',#701,#702,#127,.F.);
#853=EDGE_CURVE('',#703,#701,#128,.F.);
#854=EDGE_CURVE('',#702,#703,#129,.F.);
#855=EDGE_CURVE('',#697,#703,#446,.T.);
#856=EDGE_CURVE('',#701,#696,#447,.T.);
#857=EDGE_CURVE('',#704,#705,#130,.F.);
#858=EDGE_CURVE('',#706,#704,#131,.F.);
#859=EDGE_CURVE('',#705,#706,#132,.F.);
#860=EDGE_CURVE('',#704,#702,#448,.T.);
#861=EDGE_CURVE('',#703,#706,#449,.T.);
#862=EDGE_CURVE('',#706,#700,#450,.T.);
#863=EDGE_CURVE('',#698,#705,#451,.T.);
#864=EDGE_CURVE('',#707,#708,#133,.F.);
#865=EDGE_CURVE('',#709,#707,#134,.F.);
#866=EDGE_CURVE('',#708,#709,#135,.F.);
#867=EDGE_CURVE('',#702,#709,#452,.T.);
#868=EDGE_CURVE('',#707,#701,#453,.T.);
#869=EDGE_CURVE('',#710,#711,#136,.F.);
#870=EDGE_CURVE('',#712,#710,#137,.F.);
#871=EDGE_CURVE('',#711,#712,#138,.F.);
#872=EDGE_CURVE('',#709,#712,#454,.T.);
#873=EDGE_CURVE('',#710,#708,#455,.T.);
#874=EDGE_CURVE('',#712,#704,#456,.T.);
#875=EDGE_CURVE('',#705,#711,#457,.T.);
#876=EDGE_CURVE('',#674,#710,#458,.T.);
#877=EDGE_CURVE('',#711,#666,#459,.T.);
#878=EDGE_CURVE('',#672,#707,#460,.T.);
#879=EDGE_CURVE('',#708,#673,#461,.T.);
#880=EDGE_CURVE('',#695,#699,#462,.T.);
#881=EDGE_CURVE('',#700,#697,#463,.T.);
#882=EDGE_CURVE('',#699,#694,#464,.T.);
#883=EDGE_CURVE('',#692,#698,#465,.T.);
#884=EDGE_CURVE('',#689,#695,#466,.T.);
#885=EDGE_CURVE('',#696,#691,#467,.T.);
#886=EDGE_CURVE('',#694,#689,#468,.T.);
#887=EDGE_CURVE('',#690,#693,#469,.T.);
#888=EDGE_CURVE('',#655,#692,#470,.T.);
#889=EDGE_CURVE('',#693,#669,#471,.T.);
#890=EDGE_CURVE('',#670,#690,#472,.T.);
#891=EDGE_CURVE('',#691,#671,#473,.T.);
#892=EDGE_CURVE('',#640,#655,#474,.T.);
#893=EDGE_CURVE('',#681,#713,#475,.T.);
#894=EDGE_CURVE('',#713,#714,#139,.T.);
#895=EDGE_CURVE('',#714,#713,#140,.T.);
#896=EDGE_CURVE('',#714,#668,#476,.T.);
#897=EDGE_CURVE('',#682,#715,#477,.T.);
#898=EDGE_CURVE('',#715,#716,#141,.T.);
#899=EDGE_CURVE('',#716,#715,#142,.T.);
#900=EDGE_CURVE('',#716,#667,#478,.T.);
#901=EDGE_CURVE('',#658,#638,#479,.T.);
#902=EDGE_CURVE('',#660,#636,#480,.T.);
#903=EDGE_CURVE('',#717,#717,#143,.T.);
#904=EDGE_CURVE('',#718,#718,#144,.T.);
#905=EDGE_CURVE('',#675,#717,#481,.T.);
#906=EDGE_CURVE('',#718,#688,#482,.T.);
#907=EDGE_CURVE('',#719,#719,#145,.T.);
#908=EDGE_CURVE('',#720,#720,#146,.T.);
#909=EDGE_CURVE('',#676,#719,#483,.T.);
#910=EDGE_CURVE('',#720,#687,#484,.T.);
#911=EDGE_CURVE('',#721,#721,#147,.T.);
#912=EDGE_CURVE('',#722,#722,#148,.T.);
#913=EDGE_CURVE('',#677,#721,#485,.T.);
#914=EDGE_CURVE('',#722,#686,#486,.T.);
#915=EDGE_CURVE('',#723,#723,#149,.T.);
#916=EDGE_CURVE('',#724,#724,#150,.T.);
#917=EDGE_CURVE('',#678,#723,#487,.T.);
#918=EDGE_CURVE('',#724,#685,#488,.T.);
#919=EDGE_CURVE('',#725,#725,#151,.T.);
#920=EDGE_CURVE('',#726,#726,#152,.T.);
#921=EDGE_CURVE('',#679,#725,#489,.T.);
#922=EDGE_CURVE('',#726,#684,#490,.T.);
#923=EDGE_CURVE('',#727,#727,#153,.T.);
#924=EDGE_CURVE('',#728,#728,#154,.T.);
#925=EDGE_CURVE('',#680,#727,#491,.T.);
#926=EDGE_CURVE('',#728,#683,#492,.T.);
#927=EDGE_CURVE('',#648,#623,#493,.T.);
#928=ORIENTED_EDGE('',*,*,#729,.F.);
#929=ORIENTED_EDGE('',*,*,#730,.F.);
#930=ORIENTED_EDGE('',*,*,#731,.F.);
#931=ORIENTED_EDGE('',*,*,#732,.T.);
#932=ORIENTED_EDGE('',*,*,#730,.T.);
#933=ORIENTED_EDGE('',*,*,#733,.T.);
#934=ORIENTED_EDGE('',*,*,#734,.T.);
#935=ORIENTED_EDGE('',*,*,#735,.F.);
#936=ORIENTED_EDGE('',*,*,#736,.F.);
#937=ORIENTED_EDGE('',*,*,#737,.F.);
#938=ORIENTED_EDGE('',*,*,#738,.T.);
#939=ORIENTED_EDGE('',*,*,#737,.T.);
#940=ORIENTED_EDGE('',*,*,#739,.T.);
#941=ORIENTED_EDGE('',*,*,#740,.T.);
#942=ORIENTED_EDGE('',*,*,#741,.F.);
#943=ORIENTED_EDGE('',*,*,#742,.F.);
#944=ORIENTED_EDGE('',*,*,#743,.F.);
#945=ORIENTED_EDGE('',*,*,#744,.T.);
#946=ORIENTED_EDGE('',*,*,#745,.T.);
#947=ORIENTED_EDGE('',*,*,#746,.T.);
#948=ORIENTED_EDGE('',*,*,#747,.T.);
#949=ORIENTED_EDGE('',*,*,#748,.F.);
#950=ORIENTED_EDGE('',*,*,#749,.F.);
#951=ORIENTED_EDGE('',*,*,#750,.F.);
#952=ORIENTED_EDGE('',*,*,#749,.T.);
#953=ORIENTED_EDGE('',*,*,#751,.T.);
#954=ORIENTED_EDGE('',*,*,#743,.T.);
#955=ORIENTED_EDGE('',*,*,#752,.T.);
#956=ORIENTED_EDGE('',*,*,#753,.T.);
#957=ORIENTED_EDGE('',*,*,#754,.T.);
#958=ORIENTED_EDGE('',*,*,#750,.T.);
#959=ORIENTED_EDGE('',*,*,#755,.T.);
#960=ORIENTED_EDGE('',*,*,#756,.T.);
#961=ORIENTED_EDGE('',*,*,#757,.T.);
#962=ORIENTED_EDGE('',*,*,#753,.F.);
#963=ORIENTED_EDGE('',*,*,#758,.T.);
#964=ORIENTED_EDGE('',*,*,#759,.T.);
#965=ORIENTED_EDGE('',*,*,#760,.T.);
#966=ORIENTED_EDGE('',*,*,#756,.F.);
#967=ORIENTED_EDGE('',*,*,#761,.T.);
#968=ORIENTED_EDGE('',*,*,#759,.F.);
#969=ORIENTED_EDGE('',*,*,#762,.T.);
#970=ORIENTED_EDGE('',*,*,#763,.T.);
#971=ORIENTED_EDGE('',*,*,#764,.T.);
#972=ORIENTED_EDGE('',*,*,#765,.T.);
#973=ORIENTED_EDGE('',*,*,#766,.T.);
#974=ORIENTED_EDGE('',*,*,#763,.F.);
#975=ORIENTED_EDGE('',*,*,#767,.T.);
#976=ORIENTED_EDGE('',*,*,#768,.T.);
#977=ORIENTED_EDGE('',*,*,#769,.T.);
#978=ORIENTED_EDGE('',*,*,#765,.F.);
#979=ORIENTED_EDGE('',*,*,#770,.T.);
#980=ORIENTED_EDGE('',*,*,#771,.T.);
#981=ORIENTED_EDGE('',*,*,#768,.F.);
#982=ORIENTED_EDGE('',*,*,#772,.T.);
#983=ORIENTED_EDGE('',*,*,#745,.F.);
#984=ORIENTED_EDGE('',*,*,#773,.T.);
#985=ORIENTED_EDGE('',*,*,#748,.T.);
#986=ORIENTED_EDGE('',*,*,#774,.T.);
#987=ORIENTED_EDGE('',*,*,#740,.F.);
#988=ORIENTED_EDGE('',*,*,#775,.T.);
#989=ORIENTED_EDGE('',*,*,#742,.T.);
#990=ORIENTED_EDGE('',*,*,#776,.T.);
#991=ORIENTED_EDGE('',*,*,#747,.F.);
#992=ORIENTED_EDGE('',*,*,#736,.T.);
#993=ORIENTED_EDGE('',*,*,#777,.T.);
#994=ORIENTED_EDGE('',*,*,#741,.T.);
#995=ORIENTED_EDGE('',*,*,#778,.T.);
#996=ORIENTED_EDGE('',*,*,#731,.T.);
#997=ORIENTED_EDGE('',*,*,#779,.T.);
#998=ORIENTED_EDGE('',*,*,#735,.T.);
#999=ORIENTED_EDGE('',*,*,#780,.T.);
#1000=ORIENTED_EDGE('',*,*,#781,.T.);
#1001=ORIENTED_EDGE('',*,*,#729,.T.);
#1002=ORIENTED_EDGE('',*,*,#782,.T.);
#1003=ORIENTED_EDGE('',*,*,#783,.T.);
#1004=ORIENTED_EDGE('',*,*,#784,.T.);
#1005=ORIENTED_EDGE('',*,*,#734,.F.);
#1006=ORIENTED_EDGE('',*,*,#785,.T.);
#1007=ORIENTED_EDGE('',*,*,#786,.T.);
#1008=ORIENTED_EDGE('',*,*,#787,.T.);
#1009=ORIENTED_EDGE('',*,*,#783,.F.);
#1010=ORIENTED_EDGE('',*,*,#788,.T.);
#1011=ORIENTED_EDGE('',*,*,#789,.T.);
#1012=ORIENTED_EDGE('',*,*,#790,.T.);
#1013=ORIENTED_EDGE('',*,*,#786,.F.);
#1014=ORIENTED_EDGE('',*,*,#791,.T.);
#1015=ORIENTED_EDGE('',*,*,#792,.T.);
#1016=ORIENTED_EDGE('',*,*,#793,.T.);
#1017=ORIENTED_EDGE('',*,*,#794,.T.);
#1018=ORIENTED_EDGE('',*,*,#795,.T.);
#1019=ORIENTED_EDGE('',*,*,#796,.T.);
#1020=ORIENTED_EDGE('',*,*,#797,.T.);
#1021=ORIENTED_EDGE('',*,*,#798,.T.);
#1022=ORIENTED_EDGE('',*,*,#795,.F.);
#1023=ORIENTED_EDGE('',*,*,#799,.T.);
#1024=ORIENTED_EDGE('',*,*,#800,.T.);
#1025=ORIENTED_EDGE('',*,*,#797,.F.);
#1026=ORIENTED_EDGE('',*,*,#801,.T.);
#1027=ORIENTED_EDGE('',*,*,#789,.F.);
#1028=ORIENTED_EDGE('',*,*,#802,.T.);
#1029=ORIENTED_EDGE('',*,*,#803,.T.);
#1030=ORIENTED_EDGE('',*,*,#804,.T.);
#1031=ORIENTED_EDGE('',*,*,#792,.F.);
#1032=ORIENTED_EDGE('',*,*,#805,.T.);
#1033=ORIENTED_EDGE('',*,*,#806,.T.);
#1034=ORIENTED_EDGE('',*,*,#803,.F.);
#1035=ORIENTED_EDGE('',*,*,#807,.T.);
#1036=ORIENTED_EDGE('',*,*,#808,.T.);
#1037=ORIENTED_EDGE('',*,*,#809,.T.);
#1038=ORIENTED_EDGE('',*,*,#805,.F.);
#1039=ORIENTED_EDGE('',*,*,#810,.T.);
#1040=ORIENTED_EDGE('',*,*,#790,.F.);
#1041=ORIENTED_EDGE('',*,*,#811,.F.);
#1042=ORIENTED_EDGE('',*,*,#744,.F.);
#1043=ORIENTED_EDGE('',*,*,#812,.F.);
#1044=ORIENTED_EDGE('',*,*,#804,.F.);
#1045=ORIENTED_EDGE('',*,*,#813,.F.);
#1046=ORIENTED_EDGE('',*,*,#771,.F.);
#1047=ORIENTED_EDGE('',*,*,#811,.T.);
#1048=ORIENTED_EDGE('',*,*,#806,.F.);
#1049=ORIENTED_EDGE('',*,*,#814,.F.);
#1050=ORIENTED_EDGE('',*,*,#769,.F.);
#1051=ORIENTED_EDGE('',*,*,#813,.T.);
#1052=ORIENTED_EDGE('',*,*,#809,.F.);
#1053=ORIENTED_EDGE('',*,*,#815,.T.);
#1054=ORIENTED_EDGE('',*,*,#766,.F.);
#1055=ORIENTED_EDGE('',*,*,#814,.T.);
#1056=ORIENTED_EDGE('',*,*,#733,.F.);
#1057=ORIENTED_EDGE('',*,*,#781,.F.);
#1058=ORIENTED_EDGE('',*,*,#787,.F.);
#1059=ORIENTED_EDGE('',*,*,#816,.F.);
#1060=ORIENTED_EDGE('',*,*,#817,.T.);
#1061=ORIENTED_EDGE('',*,*,#818,.T.);
#1062=ORIENTED_EDGE('',*,*,#810,.F.);
#1063=ORIENTED_EDGE('',*,*,#807,.F.);
#1064=ORIENTED_EDGE('',*,*,#802,.F.);
#1065=ORIENTED_EDGE('',*,*,#791,.F.);
#1066=ORIENTED_EDGE('',*,*,#785,.F.);
#1067=ORIENTED_EDGE('',*,*,#816,.T.);
#1068=ORIENTED_EDGE('',*,*,#801,.F.);
#1069=ORIENTED_EDGE('',*,*,#799,.F.);
#1070=ORIENTED_EDGE('',*,*,#794,.F.);
#1071=ORIENTED_EDGE('',*,*,#819,.F.);
#1072=ORIENTED_EDGE('',*,*,#820,.T.);
#1073=ORIENTED_EDGE('',*,*,#821,.F.);
#1074=ORIENTED_EDGE('',*,*,#822,.T.);
#1075=ORIENTED_EDGE('',*,*,#823,.F.);
#1076=ORIENTED_EDGE('',*,*,#824,.T.);
#1077=ORIENTED_EDGE('',*,*,#825,.F.);
#1078=ORIENTED_EDGE('',*,*,#826,.T.);
#1079=ORIENTED_EDGE('',*,*,#827,.T.);
#1080=ORIENTED_EDGE('',*,*,#828,.T.);
#1081=ORIENTED_EDGE('',*,*,#829,.T.);
#1082=ORIENTED_EDGE('',*,*,#830,.T.);
#1083=ORIENTED_EDGE('',*,*,#831,.T.);
#1084=ORIENTED_EDGE('',*,*,#751,.F.);
#1085=ORIENTED_EDGE('',*,*,#773,.F.);
#1086=ORIENTED_EDGE('',*,*,#739,.F.);
#1087=ORIENTED_EDGE('',*,*,#778,.F.);
#1088=ORIENTED_EDGE('',*,*,#832,.F.);
#1089=ORIENTED_EDGE('',*,*,#833,.F.);
#1090=ORIENTED_EDGE('',*,*,#752,.F.);
#1091=ORIENTED_EDGE('',*,*,#775,.F.);
#1092=ORIENTED_EDGE('',*,*,#746,.F.);
#1093=ORIENTED_EDGE('',*,*,#772,.F.);
#1094=ORIENTED_EDGE('',*,*,#770,.F.);
#1095=ORIENTED_EDGE('',*,*,#767,.F.);
#1096=ORIENTED_EDGE('',*,*,#762,.F.);
#1097=ORIENTED_EDGE('',*,*,#761,.F.);
#1098=ORIENTED_EDGE('',*,*,#758,.F.);
#1099=ORIENTED_EDGE('',*,*,#755,.F.);
#1100=ORIENTED_EDGE('',*,*,#834,.T.);
#1101=ORIENTED_EDGE('',*,*,#835,.T.);
#1102=ORIENTED_EDGE('',*,*,#836,.T.);
#1103=ORIENTED_EDGE('',*,*,#837,.T.);
#1104=ORIENTED_EDGE('',*,*,#838,.T.);
#1105=ORIENTED_EDGE('',*,*,#839,.T.);
#1106=ORIENTED_EDGE('',*,*,#840,.F.);
#1107=ORIENTED_EDGE('',*,*,#841,.F.);
#1108=ORIENTED_EDGE('',*,*,#842,.F.);
#1109=ORIENTED_EDGE('',*,*,#843,.F.);
#1110=ORIENTED_EDGE('',*,*,#844,.F.);
#1111=ORIENTED_EDGE('',*,*,#845,.F.);
#1112=ORIENTED_EDGE('',*,*,#846,.F.);
#1113=ORIENTED_EDGE('',*,*,#847,.F.);
#1114=ORIENTED_EDGE('',*,*,#848,.F.);
#1115=ORIENTED_EDGE('',*,*,#849,.F.);
#1116=ORIENTED_EDGE('',*,*,#850,.F.);
#1117=ORIENTED_EDGE('',*,*,#851,.F.);
#1118=ORIENTED_EDGE('',*,*,#852,.F.);
#1119=ORIENTED_EDGE('',*,*,#853,.F.);
#1120=ORIENTED_EDGE('',*,*,#854,.F.);
#1121=ORIENTED_EDGE('',*,*,#848,.T.);
#1122=ORIENTED_EDGE('',*,*,#855,.T.);
#1123=ORIENTED_EDGE('',*,*,#853,.T.);
#1124=ORIENTED_EDGE('',*,*,#856,.T.);
#1125=ORIENTED_EDGE('',*,*,#857,.F.);
#1126=ORIENTED_EDGE('',*,*,#858,.F.);
#1127=ORIENTED_EDGE('',*,*,#859,.F.);
#1128=ORIENTED_EDGE('',*,*,#858,.T.);
#1129=ORIENTED_EDGE('',*,*,#860,.T.);
#1130=ORIENTED_EDGE('',*,*,#854,.T.);
#1131=ORIENTED_EDGE('',*,*,#861,.T.);
#1132=ORIENTED_EDGE('',*,*,#859,.T.);
#1133=ORIENTED_EDGE('',*,*,#862,.T.);
#1134=ORIENTED_EDGE('',*,*,#850,.T.);
#1135=ORIENTED_EDGE('',*,*,#863,.T.);
#1136=ORIENTED_EDGE('',*,*,#864,.F.);
#1137=ORIENTED_EDGE('',*,*,#865,.F.);
#1138=ORIENTED_EDGE('',*,*,#866,.F.);
#1139=ORIENTED_EDGE('',*,*,#852,.T.);
#1140=ORIENTED_EDGE('',*,*,#867,.T.);
#1141=ORIENTED_EDGE('',*,*,#865,.T.);
#1142=ORIENTED_EDGE('',*,*,#868,.T.);
#1143=ORIENTED_EDGE('',*,*,#869,.F.);
#1144=ORIENTED_EDGE('',*,*,#870,.F.);
#1145=ORIENTED_EDGE('',*,*,#871,.F.);
#1146=ORIENTED_EDGE('',*,*,#866,.T.);
#1147=ORIENTED_EDGE('',*,*,#872,.T.);
#1148=ORIENTED_EDGE('',*,*,#870,.T.);
#1149=ORIENTED_EDGE('',*,*,#873,.T.);
#1150=ORIENTED_EDGE('',*,*,#871,.T.);
#1151=ORIENTED_EDGE('',*,*,#874,.T.);
#1152=ORIENTED_EDGE('',*,*,#857,.T.);
#1153=ORIENTED_EDGE('',*,*,#875,.T.);
#1154=ORIENTED_EDGE('',*,*,#825,.T.);
#1155=ORIENTED_EDGE('',*,*,#876,.T.);
#1156=ORIENTED_EDGE('',*,*,#869,.T.);
#1157=ORIENTED_EDGE('',*,*,#877,.T.);
#1158=ORIENTED_EDGE('',*,*,#808,.F.);
#1159=ORIENTED_EDGE('',*,*,#823,.T.);
#1160=ORIENTED_EDGE('',*,*,#878,.T.);
#1161=ORIENTED_EDGE('',*,*,#864,.T.);
#1162=ORIENTED_EDGE('',*,*,#879,.T.);
#1163=ORIENTED_EDGE('',*,*,#847,.T.);
#1164=ORIENTED_EDGE('',*,*,#880,.T.);
#1165=ORIENTED_EDGE('',*,*,#851,.T.);
#1166=ORIENTED_EDGE('',*,*,#881,.T.);
#1167=ORIENTED_EDGE('',*,*,#849,.T.);
#1168=ORIENTED_EDGE('',*,*,#882,.T.);
#1169=ORIENTED_EDGE('',*,*,#844,.T.);
#1170=ORIENTED_EDGE('',*,*,#883,.T.);
#1171=ORIENTED_EDGE('',*,*,#841,.T.);
#1172=ORIENTED_EDGE('',*,*,#884,.T.);
#1173=ORIENTED_EDGE('',*,*,#846,.T.);
#1174=ORIENTED_EDGE('',*,*,#885,.T.);
#1175=ORIENTED_EDGE('',*,*,#845,.T.);
#1176=ORIENTED_EDGE('',*,*,#886,.T.);
#1177=ORIENTED_EDGE('',*,*,#840,.T.);
#1178=ORIENTED_EDGE('',*,*,#887,.T.);
#1179=ORIENTED_EDGE('',*,*,#819,.T.);
#1180=ORIENTED_EDGE('',*,*,#793,.F.);
#1181=ORIENTED_EDGE('',*,*,#888,.T.);
#1182=ORIENTED_EDGE('',*,*,#843,.T.);
#1183=ORIENTED_EDGE('',*,*,#889,.T.);
#1184=ORIENTED_EDGE('',*,*,#821,.T.);
#1185=ORIENTED_EDGE('',*,*,#890,.T.);
#1186=ORIENTED_EDGE('',*,*,#842,.T.);
#1187=ORIENTED_EDGE('',*,*,#891,.T.);
#1188=ORIENTED_EDGE('',*,*,#764,.F.);
#1189=ORIENTED_EDGE('',*,*,#815,.F.);
#1190=ORIENTED_EDGE('',*,*,#877,.F.);
#1191=ORIENTED_EDGE('',*,*,#875,.F.);
#1192=ORIENTED_EDGE('',*,*,#863,.F.);
#1193=ORIENTED_EDGE('',*,*,#883,.F.);
#1194=ORIENTED_EDGE('',*,*,#888,.F.);
#1195=ORIENTED_EDGE('',*,*,#892,.F.);
#1196=ORIENTED_EDGE('',*,*,#889,.F.);
#1197=ORIENTED_EDGE('',*,*,#887,.F.);
#1198=ORIENTED_EDGE('',*,*,#890,.F.);
#1199=ORIENTED_EDGE('',*,*,#820,.F.);
#1200=ORIENTED_EDGE('',*,*,#855,.F.);
#1201=ORIENTED_EDGE('',*,*,#881,.F.);
#1202=ORIENTED_EDGE('',*,*,#862,.F.);
#1203=ORIENTED_EDGE('',*,*,#861,.F.);
#1204=ORIENTED_EDGE('',*,*,#860,.F.);
#1205=ORIENTED_EDGE('',*,*,#874,.F.);
#1206=ORIENTED_EDGE('',*,*,#872,.F.);
#1207=ORIENTED_EDGE('',*,*,#867,.F.);
#1208=ORIENTED_EDGE('',*,*,#880,.F.);
#1209=ORIENTED_EDGE('',*,*,#884,.F.);
#1210=ORIENTED_EDGE('',*,*,#886,.F.);
#1211=ORIENTED_EDGE('',*,*,#882,.F.);
#1212=ORIENTED_EDGE('',*,*,#878,.F.);
#1213=ORIENTED_EDGE('',*,*,#822,.F.);
#1214=ORIENTED_EDGE('',*,*,#891,.F.);
#1215=ORIENTED_EDGE('',*,*,#885,.F.);
#1216=ORIENTED_EDGE('',*,*,#856,.F.);
#1217=ORIENTED_EDGE('',*,*,#868,.F.);
#1218=ORIENTED_EDGE('',*,*,#876,.F.);
#1219=ORIENTED_EDGE('',*,*,#824,.F.);
#1220=ORIENTED_EDGE('',*,*,#879,.F.);
#1221=ORIENTED_EDGE('',*,*,#873,.F.);
#1222=ORIENTED_EDGE('',*,*,#832,.T.);
#1223=ORIENTED_EDGE('',*,*,#893,.T.);
#1224=ORIENTED_EDGE('',*,*,#894,.T.);
#1225=ORIENTED_EDGE('',*,*,#895,.T.);
#1226=ORIENTED_EDGE('',*,*,#893,.F.);
#1227=ORIENTED_EDGE('',*,*,#894,.F.);
#1228=ORIENTED_EDGE('',*,*,#895,.F.);
#1229=ORIENTED_EDGE('',*,*,#896,.T.);
#1230=ORIENTED_EDGE('',*,*,#818,.F.);
#1231=ORIENTED_EDGE('',*,*,#896,.F.);
#1232=ORIENTED_EDGE('',*,*,#833,.T.);
#1233=ORIENTED_EDGE('',*,*,#897,.T.);
#1234=ORIENTED_EDGE('',*,*,#898,.T.);
#1235=ORIENTED_EDGE('',*,*,#899,.T.);
#1236=ORIENTED_EDGE('',*,*,#897,.F.);
#1237=ORIENTED_EDGE('',*,*,#898,.F.);
#1238=ORIENTED_EDGE('',*,*,#899,.F.);
#1239=ORIENTED_EDGE('',*,*,#900,.T.);
#1240=ORIENTED_EDGE('',*,*,#817,.F.);
#1241=ORIENTED_EDGE('',*,*,#900,.F.);
#1242=ORIENTED_EDGE('',*,*,#757,.F.);
#1243=ORIENTED_EDGE('',*,*,#901,.F.);
#1244=ORIENTED_EDGE('',*,*,#798,.F.);
#1245=ORIENTED_EDGE('',*,*,#902,.T.);
#1246=ORIENTED_EDGE('',*,*,#760,.F.);
#1247=ORIENTED_EDGE('',*,*,#892,.T.);
#1248=ORIENTED_EDGE('',*,*,#796,.F.);
#1249=ORIENTED_EDGE('',*,*,#901,.T.);
#1250=ORIENTED_EDGE('',*,*,#903,.T.);
#1251=ORIENTED_EDGE('',*,*,#904,.F.);
#1252=ORIENTED_EDGE('',*,*,#826,.F.);
#1253=ORIENTED_EDGE('',*,*,#905,.T.);
#1254=ORIENTED_EDGE('',*,*,#903,.F.);
#1255=ORIENTED_EDGE('',*,*,#905,.F.);
#1256=ORIENTED_EDGE('',*,*,#904,.T.);
#1257=ORIENTED_EDGE('',*,*,#906,.T.);
#1258=ORIENTED_EDGE('',*,*,#839,.F.);
#1259=ORIENTED_EDGE('',*,*,#906,.F.);
#1260=ORIENTED_EDGE('',*,*,#907,.T.);
#1261=ORIENTED_EDGE('',*,*,#908,.F.);
#1262=ORIENTED_EDGE('',*,*,#827,.F.);
#1263=ORIENTED_EDGE('',*,*,#909,.T.);
#1264=ORIENTED_EDGE('',*,*,#907,.F.);
#1265=ORIENTED_EDGE('',*,*,#909,.F.);
#1266=ORIENTED_EDGE('',*,*,#908,.T.);
#1267=ORIENTED_EDGE('',*,*,#910,.T.);
#1268=ORIENTED_EDGE('',*,*,#838,.F.);
#1269=ORIENTED_EDGE('',*,*,#910,.F.);
#1270=ORIENTED_EDGE('',*,*,#911,.T.);
#1271=ORIENTED_EDGE('',*,*,#912,.F.);
#1272=ORIENTED_EDGE('',*,*,#828,.F.);
#1273=ORIENTED_EDGE('',*,*,#913,.T.);
#1274=ORIENTED_EDGE('',*,*,#911,.F.);
#1275=ORIENTED_EDGE('',*,*,#913,.F.);
#1276=ORIENTED_EDGE('',*,*,#912,.T.);
#1277=ORIENTED_EDGE('',*,*,#914,.T.);
#1278=ORIENTED_EDGE('',*,*,#837,.F.);
#1279=ORIENTED_EDGE('',*,*,#914,.F.);
#1280=ORIENTED_EDGE('',*,*,#915,.T.);
#1281=ORIENTED_EDGE('',*,*,#916,.F.);
#1282=ORIENTED_EDGE('',*,*,#829,.F.);
#1283=ORIENTED_EDGE('',*,*,#917,.T.);
#1284=ORIENTED_EDGE('',*,*,#915,.F.);
#1285=ORIENTED_EDGE('',*,*,#917,.F.);
#1286=ORIENTED_EDGE('',*,*,#916,.T.);
#1287=ORIENTED_EDGE('',*,*,#918,.T.);
#1288=ORIENTED_EDGE('',*,*,#836,.F.);
#1289=ORIENTED_EDGE('',*,*,#918,.F.);
#1290=ORIENTED_EDGE('',*,*,#919,.T.);
#1291=ORIENTED_EDGE('',*,*,#920,.F.);
#1292=ORIENTED_EDGE('',*,*,#830,.F.);
#1293=ORIENTED_EDGE('',*,*,#921,.T.);
#1294=ORIENTED_EDGE('',*,*,#919,.F.);
#1295=ORIENTED_EDGE('',*,*,#921,.F.);
#1296=ORIENTED_EDGE('',*,*,#920,.T.);
#1297=ORIENTED_EDGE('',*,*,#922,.T.);
#1298=ORIENTED_EDGE('',*,*,#835,.F.);
#1299=ORIENTED_EDGE('',*,*,#922,.F.);
#1300=ORIENTED_EDGE('',*,*,#923,.T.);
#1301=ORIENTED_EDGE('',*,*,#924,.F.);
#1302=ORIENTED_EDGE('',*,*,#831,.F.);
#1303=ORIENTED_EDGE('',*,*,#925,.T.);
#1304=ORIENTED_EDGE('',*,*,#923,.F.);
#1305=ORIENTED_EDGE('',*,*,#925,.F.);
#1306=ORIENTED_EDGE('',*,*,#924,.T.);
#1307=ORIENTED_EDGE('',*,*,#926,.T.);
#1308=ORIENTED_EDGE('',*,*,#834,.F.);
#1309=ORIENTED_EDGE('',*,*,#926,.F.);
#1310=ORIENTED_EDGE('',*,*,#738,.F.);
#1311=ORIENTED_EDGE('',*,*,#927,.F.);
#1312=ORIENTED_EDGE('',*,*,#782,.F.);
#1313=ORIENTED_EDGE('',*,*,#780,.F.);
#1314=ORIENTED_EDGE('',*,*,#784,.F.);
#1315=ORIENTED_EDGE('',*,*,#812,.T.);
#1316=ORIENTED_EDGE('',*,*,#776,.F.);
#1317=ORIENTED_EDGE('',*,*,#777,.F.);
#1318=ORIENTED_EDGE('',*,*,#779,.F.);
#1319=ORIENTED_EDGE('',*,*,#732,.F.);
#1320=ORIENTED_EDGE('',*,*,#754,.F.);
#1321=ORIENTED_EDGE('',*,*,#902,.F.);
#1322=ORIENTED_EDGE('',*,*,#800,.F.);
#1323=ORIENTED_EDGE('',*,*,#788,.F.);
#1324=ORIENTED_EDGE('',*,*,#927,.T.);
#1325=ORIENTED_EDGE('',*,*,#774,.F.);
#1326=PLANE('',#1485);
#1327=PLANE('',#1486);
#1328=PLANE('',#1487);
#1329=PLANE('',#1488);
#1330=PLANE('',#1489);
#1331=PLANE('',#1490);
#1332=PLANE('',#1491);
#1333=PLANE('',#1492);
#1334=PLANE('',#1493);
#1335=PLANE('',#1500);
#1336=PLANE('',#1507);
#1337=PLANE('',#1508);
#1338=PLANE('',#1509);
#1339=PLANE('',#1510);
#1340=PLANE('',#1511);
#1341=PLANE('',#1512);
#1342=PLANE('',#1513);
#1343=PLANE('',#1514);
#1344=PLANE('',#1515);
#1345=PLANE('',#1522);
#1346=PLANE('',#1523);
#1347=PLANE('',#1530);
#1348=PLANE('',#1531);
#1349=PLANE('',#1534);
#1350=PLANE('',#1537);
#1351=PLANE('',#1548);
#1352=PLANE('',#1551);
#1353=PLANE('',#1604);
#1354=PLANE('',#1605);
#1355=PLANE('',#1606);
#1356=PLANE('',#1607);
#1357=PLANE('',#1608);
#1358=PLANE('',#1609);
#1359=PLANE('',#1610);
#1360=PLANE('',#1621);
#1361=PLANE('',#1626);
#1362=PLANE('',#1631);
#1363=PLANE('',#1636);
#1364=PLANE('',#1641);
#1365=PLANE('',#1646);
#1366=PLANE('',#1651);
#1367=PLANE('',#1652);
#1368=PLANE('',#1653);
#1369=ADVANCED_FACE('',(#165),#1326,.T.);
#1370=ADVANCED_FACE('',(#166),#1327,.T.);
#1371=ADVANCED_FACE('',(#167),#1328,.T.);
#1372=ADVANCED_FACE('',(#168),#1329,.T.);
#1373=ADVANCED_FACE('',(#169),#1330,.T.);
#1374=ADVANCED_FACE('',(#170),#1331,.T.);
#1375=ADVANCED_FACE('',(#171),#1332,.T.);
#1376=ADVANCED_FACE('',(#172),#1333,.T.);
#1377=ADVANCED_FACE('',(#173),#1334,.T.);
#1378=ADVANCED_FACE('',(#174),#155,.T.);
#1379=ADVANCED_FACE('',(#175),#156,.F.);
#1380=ADVANCED_FACE('',(#176),#1335,.T.);
#1381=ADVANCED_FACE('',(#177),#157,.F.);
#1382=ADVANCED_FACE('',(#178),#158,.T.);
#1383=ADVANCED_FACE('',(#179),#1336,.T.);
#1384=ADVANCED_FACE('',(#180),#1337,.T.);
#1385=ADVANCED_FACE('',(#181),#1338,.T.);
#1386=ADVANCED_FACE('',(#182),#1339,.T.);
#1387=ADVANCED_FACE('',(#183),#1340,.T.);
#1388=ADVANCED_FACE('',(#184),#1341,.T.);
#1389=ADVANCED_FACE('',(#185),#1342,.T.);
#1390=ADVANCED_FACE('',(#186),#1343,.T.);
#1391=ADVANCED_FACE('',(#187),#1344,.T.);
#1392=ADVANCED_FACE('',(#188),#159,.F.);
#1393=ADVANCED_FACE('',(#189),#160,.T.);
#1394=ADVANCED_FACE('',(#190),#1345,.T.);
#1395=ADVANCED_FACE('',(#191),#1346,.T.);
#1396=ADVANCED_FACE('',(#192),#161,.T.);
#1397=ADVANCED_FACE('',(#193),#162,.F.);
#1398=ADVANCED_FACE('',(#194),#1347,.T.);
#1399=ADVANCED_FACE('',(#195),#1348,.T.);
#1400=ADVANCED_FACE('',(#196),#45,.T.);
#1401=ADVANCED_FACE('',(#197),#46,.F.);
#1402=ADVANCED_FACE('',(#198,#23,#24),#1349,.T.);
#1403=ADVANCED_FACE('',(#199,#25,#26,#27,#28,#29,#30),#1350,.T.);
#1404=ADVANCED_FACE('',(#200,#31,#32),#1351,.T.);
#1405=ADVANCED_FACE('',(#201,#33,#34,#35,#36,#37,#38),#1352,.T.);
#1406=ADVANCED_FACE('',(#202),#15,.T.);
#1407=ADVANCED_FACE('',(#203),#16,.T.);
#1408=ADVANCED_FACE('',(#204),#17,.T.);
#1409=ADVANCED_FACE('',(#205),#18,.T.);
#1410=ADVANCED_FACE('',(#206),#19,.T.);
#1411=ADVANCED_FACE('',(#207),#47,.T.);
#1412=ADVANCED_FACE('',(#208),#20,.T.);
#1413=ADVANCED_FACE('',(#209),#48,.T.);
#1414=ADVANCED_FACE('',(#210),#49,.T.);
#1415=ADVANCED_FACE('',(#211),#21,.T.);
#1416=ADVANCED_FACE('',(#212),#50,.T.);
#1417=ADVANCED_FACE('',(#213),#22,.T.);
#1418=ADVANCED_FACE('',(#214),#51,.T.);
#1419=ADVANCED_FACE('',(#215),#52,.T.);
#1420=ADVANCED_FACE('',(#216),#53,.T.);
#1421=ADVANCED_FACE('',(#217),#54,.T.);
#1422=ADVANCED_FACE('',(#218),#55,.T.);
#1423=ADVANCED_FACE('',(#219),#56,.T.);
#1424=ADVANCED_FACE('',(#220),#57,.T.);
#1425=ADVANCED_FACE('',(#221),#58,.T.);
#1426=ADVANCED_FACE('',(#222),#59,.T.);
#1427=ADVANCED_FACE('',(#223),#60,.T.);
#1428=ADVANCED_FACE('',(#224),#1353,.F.);
#1429=ADVANCED_FACE('',(#225),#1354,.T.);
#1430=ADVANCED_FACE('',(#226),#1355,.T.);
#1431=ADVANCED_FACE('',(#227),#1356,.T.);
#1432=ADVANCED_FACE('',(#228),#1357,.T.);
#1433=ADVANCED_FACE('',(#229),#1358,.T.);
#1434=ADVANCED_FACE('',(#230),#1359,.T.);
#1435=ADVANCED_FACE('',(#231),#163,.F.);
#1436=ADVANCED_FACE('',(#232),#61,.F.);
#1437=ADVANCED_FACE('',(#233),#164,.F.);
#1438=ADVANCED_FACE('',(#234),#62,.F.);
#1439=ADVANCED_FACE('',(#235),#63,.T.);
#1440=ADVANCED_FACE('',(#236),#64,.F.);
#1441=ADVANCED_FACE('',(#237,#39),#1360,.T.);
#1442=ADVANCED_FACE('',(#238),#65,.F.);
#1443=ADVANCED_FACE('',(#239),#66,.F.);
#1444=ADVANCED_FACE('',(#240,#40),#1361,.T.);
#1445=ADVANCED_FACE('',(#241),#67,.F.);
#1446=ADVANCED_FACE('',(#242),#68,.F.);
#1447=ADVANCED_FACE('',(#243,#41),#1362,.T.);
#1448=ADVANCED_FACE('',(#244),#69,.F.);
#1449=ADVANCED_FACE('',(#245),#70,.F.);
#1450=ADVANCED_FACE('',(#246,#42),#1363,.T.);
#1451=ADVANCED_FACE('',(#247),#71,.F.);
#1452=ADVANCED_FACE('',(#248),#72,.F.);
#1453=ADVANCED_FACE('',(#249,#43),#1364,.T.);
#1454=ADVANCED_FACE('',(#250),#73,.F.);
#1455=ADVANCED_FACE('',(#251),#74,.F.);
#1456=ADVANCED_FACE('',(#252,#44),#1365,.T.);
#1457=ADVANCED_FACE('',(#253),#75,.F.);
#1458=ADVANCED_FACE('',(#254),#76,.F.);
#1459=ADVANCED_FACE('',(#255),#1366,.T.);
#1460=ADVANCED_FACE('',(#256),#1367,.T.);
#1461=ADVANCED_FACE('',(#257),#1368,.T.);
#1462=CLOSED_SHELL('',(#1369,#1370,#1371,#1372,#1373,#1374,#1375,#1376,
#1377,#1378,#1379,#1380,#1381,#1382,#1383,#1384,#1385,#1386,#1387,#1388,
#1389,#1390,#1391,#1392,#1393,#1394,#1395,#1396,#1397,#1398,#1399,#1400,
#1401,#1402,#1403,#1404,#1405,#1406,#1407,#1408,#1409,#1410,#1411,#1412,
#1413,#1414,#1415,#1416,#1417,#1418,#1419,#1420,#1421,#1422,#1423,#1424,
#1425,#1426,#1427,#1428,#1429,#1430,#1431,#1432,#1433,#1434,#1435,#1436,
#1437,#1438,#1439,#1440,#1441,#1442,#1443,#1444,#1445,#1446,#1447,#1448,
#1449,#1450,#1451,#1452,#1453,#1454,#1455,#1456,#1457,#1458,#1459,#1460,
#1461));
#1463=DERIVED_UNIT_ELEMENT(#1466,1.);
#1464=DERIVED_UNIT_ELEMENT(#2541,-3.);
#1465=DIMENSIONAL_EXPONENTS(0.,1.,0.,0.,0.,0.,0.);
#1466=(
CONVERSION_BASED_UNIT('gram',#1468)
MASS_UNIT()
NAMED_UNIT(#1465)
);
#1467=(
MASS_UNIT()
NAMED_UNIT(*)
SI_UNIT(.KILO.,.GRAM.)
);
#1468=MASS_MEASURE_WITH_UNIT(MASS_MEASURE(0.001),#1467);
#1469=DERIVED_UNIT((#1463,#1464));
#1470=MEASURE_REPRESENTATION_ITEM('density measure',
POSITIVE_RATIO_MEASURE(1.),#1469);
#1471=PROPERTY_DEFINITION_REPRESENTATION(#1476,#1473);
#1472=PROPERTY_DEFINITION_REPRESENTATION(#1477,#1474);
#1473=REPRESENTATION('material name',(#1475),#2538);
#1474=REPRESENTATION('density',(#1470),#2538);
#1475=DESCRIPTIVE_REPRESENTATION_ITEM('Generic','Generic');
#1476=PROPERTY_DEFINITION('material property','material name',#2548);
#1477=PROPERTY_DEFINITION('material property','density of part',#2548);
#1478=DATE_TIME_ROLE('creation_date');
#1479=APPLIED_DATE_AND_TIME_ASSIGNMENT(#1480,#1478,(#2548));
#1480=DATE_AND_TIME(#1481,#1482);
#1481=CALENDAR_DATE(2026,4,7);
#1482=LOCAL_TIME(0,0,0.,#1483);
#1483=COORDINATED_UNIVERSAL_TIME_OFFSET(0,0,.BEHIND.);
#1484=AXIS2_PLACEMENT_3D('',#2115,#1654,#1655);
#1485=AXIS2_PLACEMENT_3D('',#2116,#1656,#1657);
#1486=AXIS2_PLACEMENT_3D('',#2123,#1661,#1662);
#1487=AXIS2_PLACEMENT_3D('',#2129,#1666,#1667);
#1488=AXIS2_PLACEMENT_3D('',#2136,#1671,#1672);
#1489=AXIS2_PLACEMENT_3D('',#2142,#1676,#1677);
#1490=AXIS2_PLACEMENT_3D('',#2149,#1681,#1682);
#1491=AXIS2_PLACEMENT_3D('',#2158,#1687,#1688);
#1492=AXIS2_PLACEMENT_3D('',#2165,#1692,#1693);
#1493=AXIS2_PLACEMENT_3D('',#2168,#1696,#1697);
#1494=AXIS2_PLACEMENT_3D('',#2174,#1701,#1702);
#1495=AXIS2_PLACEMENT_3D('',#2178,#1704,#1705);
#1496=AXIS2_PLACEMENT_3D('',#2179,#1706,#1707);
#1497=AXIS2_PLACEMENT_3D('',#2180,#1708,#1709);
#1498=AXIS2_PLACEMENT_3D('',#2184,#1711,#1712);
#1499=AXIS2_PLACEMENT_3D('',#2185,#1713,#1714);
#1500=AXIS2_PLACEMENT_3D('',#2186,#1715,#1716);
#1501=AXIS2_PLACEMENT_3D('',#2192,#1720,#1721);
#1502=AXIS2_PLACEMENT_3D('',#2196,#1723,#1724);
#1503=AXIS2_PLACEMENT_3D('',#2197,#1725,#1726);
#1504=AXIS2_PLACEMENT_3D('',#2198,#1727,#1728);
#1505=AXIS2_PLACEMENT_3D('',#2202,#1730,#1731);
#1506=AXIS2_PLACEMENT_3D('',#2203,#1732,#1733);
#1507=AXIS2_PLACEMENT_3D('',#2204,#1734,#1735);
#1508=AXIS2_PLACEMENT_3D('',#2207,#1738,#1739);
#1509=AXIS2_PLACEMENT_3D('',#2210,#1742,#1743);
#1510=AXIS2_PLACEMENT_3D('',#2213,#1746,#1747);
#1511=AXIS2_PLACEMENT_3D('',#2216,#1750,#1751);
#1512=AXIS2_PLACEMENT_3D('',#2219,#1754,#1755);
#1513=AXIS2_PLACEMENT_3D('',#2225,#1759,#1760);
#1514=AXIS2_PLACEMENT_3D('',#2231,#1764,#1765);
#1515=AXIS2_PLACEMENT_3D('',#2237,#1769,#1770);
#1516=AXIS2_PLACEMENT_3D('',#2243,#1774,#1775);
#1517=AXIS2_PLACEMENT_3D('',#2255,#1776,#1777);
#1518=AXIS2_PLACEMENT_3D('',#2258,#1779,#1780);
#1519=AXIS2_PLACEMENT_3D('',#2259,#1781,#1782);
#1520=AXIS2_PLACEMENT_3D('',#2263,#1784,#1785);
#1521=AXIS2_PLACEMENT_3D('',#2264,#1786,#1787);
#1522=AXIS2_PLACEMENT_3D('',#2265,#1788,#1789);
#1523=AXIS2_PLACEMENT_3D('',#2268,#1792,#1793);
#1524=AXIS2_PLACEMENT_3D('',#2274,#1797,#1798);
#1525=AXIS2_PLACEMENT_3D('',#2278,#1800,#1801);
#1526=AXIS2_PLACEMENT_3D('',#2279,#1802,#1803);
#1527=AXIS2_PLACEMENT_3D('',#2280,#1804,#1805);
#1528=AXIS2_PLACEMENT_3D('',#2291,#1806,#1807);
#1529=AXIS2_PLACEMENT_3D('',#2292,#1808,#1809);
#1530=AXIS2_PLACEMENT_3D('',#2293,#1810,#1811);
#1531=AXIS2_PLACEMENT_3D('',#2296,#1814,#1815);
#1532=AXIS2_PLACEMENT_3D('',#2298,#1817,#1818);
#1533=AXIS2_PLACEMENT_3D('',#2300,#1820,#1821);
#1534=AXIS2_PLACEMENT_3D('',#2302,#1823,#1824);
#1535=AXIS2_PLACEMENT_3D('',#2305,#1826,#1827);
#1536=AXIS2_PLACEMENT_3D('',#2307,#1828,#1829);
#1537=AXIS2_PLACEMENT_3D('',#2308,#1830,#1831);
#1538=AXIS2_PLACEMENT_3D('',#2310,#1832,#1833);
#1539=AXIS2_PLACEMENT_3D('',#2314,#1835,#1836);
#1540=AXIS2_PLACEMENT_3D('',#2318,#1838,#1839);
#1541=AXIS2_PLACEMENT_3D('',#2321,#1841,#1842);
#1542=AXIS2_PLACEMENT_3D('',#2323,#1843,#1844);
#1543=AXIS2_PLACEMENT_3D('',#2325,#1845,#1846);
#1544=AXIS2_PLACEMENT_3D('',#2327,#1847,#1848);
#1545=AXIS2_PLACEMENT_3D('',#2329,#1849,#1850);
#1546=AXIS2_PLACEMENT_3D('',#2331,#1851,#1852);
#1547=AXIS2_PLACEMENT_3D('',#2333,#1853,#1854);
#1548=AXIS2_PLACEMENT_3D('',#2334,#1855,#1856);
#1549=AXIS2_PLACEMENT_3D('',#2336,#1857,#1858);
#1550=AXIS2_PLACEMENT_3D('',#2338,#1859,#1860);
#1551=AXIS2_PLACEMENT_3D('',#2339,#1861,#1862);
#1552=AXIS2_PLACEMENT_3D('',#2341,#1863,#1864);
#1553=AXIS2_PLACEMENT_3D('',#2343,#1865,#1866);
#1554=AXIS2_PLACEMENT_3D('',#2345,#1867,#1868);
#1555=AXIS2_PLACEMENT_3D('',#2347,#1869,#1870);
#1556=AXIS2_PLACEMENT_3D('',#2349,#1871,#1872);
#1557=AXIS2_PLACEMENT_3D('',#2351,#1873,#1874);
#1558=AXIS2_PLACEMENT_3D('',#2352,#1875,#1876);
#1559=AXIS2_PLACEMENT_3D('',#2355,#1877,#1878);
#1560=AXIS2_PLACEMENT_3D('',#2357,#1879,#1880);
#1561=AXIS2_PLACEMENT_3D('',#2358,#1881,#1882);
#1562=AXIS2_PLACEMENT_3D('',#2359,#1883,#1884);
#1563=AXIS2_PLACEMENT_3D('',#2362,#1885,#1886);
#1564=AXIS2_PLACEMENT_3D('',#2364,#1887,#1888);
#1565=AXIS2_PLACEMENT_3D('',#2365,#1889,#1890);
#1566=AXIS2_PLACEMENT_3D('',#2366,#1891,#1892);
#1567=AXIS2_PLACEMENT_3D('',#2369,#1893,#1894);
#1568=AXIS2_PLACEMENT_3D('',#2371,#1895,#1896);
#1569=AXIS2_PLACEMENT_3D('',#2372,#1897,#1898);
#1570=AXIS2_PLACEMENT_3D('',#2373,#1899,#1900);
#1571=AXIS2_PLACEMENT_3D('',#2376,#1901,#1902);
#1572=AXIS2_PLACEMENT_3D('',#2378,#1903,#1904);
#1573=AXIS2_PLACEMENT_3D('',#2379,#1905,#1906);
#1574=AXIS2_PLACEMENT_3D('',#2380,#1907,#1908);
#1575=AXIS2_PLACEMENT_3D('',#2383,#1909,#1910);
#1576=AXIS2_PLACEMENT_3D('',#2385,#1911,#1912);
#1577=AXIS2_PLACEMENT_3D('',#2386,#1913,#1914);
#1578=AXIS2_PLACEMENT_3D('',#2387,#1915,#1916);
#1579=AXIS2_PLACEMENT_3D('',#2390,#1919,#1920);
#1580=AXIS2_PLACEMENT_3D('',#2393,#1921,#1922);
#1581=AXIS2_PLACEMENT_3D('',#2395,#1923,#1924);
#1582=AXIS2_PLACEMENT_3D('',#2396,#1925,#1926);
#1583=AXIS2_PLACEMENT_3D('',#2397,#1927,#1928);
#1584=AXIS2_PLACEMENT_3D('',#2400,#1931,#1932);
#1585=AXIS2_PLACEMENT_3D('',#2403,#1935,#1936);
#1586=AXIS2_PLACEMENT_3D('',#2406,#1937,#1938);
#1587=AXIS2_PLACEMENT_3D('',#2408,#1939,#1940);
#1588=AXIS2_PLACEMENT_3D('',#2409,#1941,#1942);
#1589=AXIS2_PLACEMENT_3D('',#2410,#1943,#1944);
#1590=AXIS2_PLACEMENT_3D('',#2413,#1947,#1948);
#1591=AXIS2_PLACEMENT_3D('',#2416,#1949,#1950);
#1592=AXIS2_PLACEMENT_3D('',#2418,#1951,#1952);
#1593=AXIS2_PLACEMENT_3D('',#2419,#1953,#1954);
#1594=AXIS2_PLACEMENT_3D('',#2420,#1955,#1956);
#1595=AXIS2_PLACEMENT_3D('',#2423,#1959,#1960);
#1596=AXIS2_PLACEMENT_3D('',#2426,#1963,#1964);
#1597=AXIS2_PLACEMENT_3D('',#2429,#1967,#1968);
#1598=AXIS2_PLACEMENT_3D('',#2432,#1971,#1972);
#1599=AXIS2_PLACEMENT_3D('',#2435,#1975,#1976);
#1600=AXIS2_PLACEMENT_3D('',#2438,#1979,#1980);
#1601=AXIS2_PLACEMENT_3D('',#2441,#1983,#1984);
#1602=AXIS2_PLACEMENT_3D('',#2444,#1987,#1988);
#1603=AXIS2_PLACEMENT_3D('',#2447,#1991,#1992);
#1604=AXIS2_PLACEMENT_3D('',#2450,#1995,#1996);
#1605=AXIS2_PLACEMENT_3D('',#2452,#1998,#1999);
#1606=AXIS2_PLACEMENT_3D('',#2453,#2000,#2001);
#1607=AXIS2_PLACEMENT_3D('',#2454,#2002,#2003);
#1608=AXIS2_PLACEMENT_3D('',#2455,#2004,#2005);
#1609=AXIS2_PLACEMENT_3D('',#2456,#2006,#2007);
#1610=AXIS2_PLACEMENT_3D('',#2457,#2008,#2009);
#1611=AXIS2_PLACEMENT_3D('',#2458,#2010,#2011);
#1612=AXIS2_PLACEMENT_3D('',#2462,#2013,#2014);
#1613=AXIS2_PLACEMENT_3D('',#2463,#2015,#2016);
#1614=AXIS2_PLACEMENT_3D('',#2464,#2017,#2018);
#1615=AXIS2_PLACEMENT_3D('',#2466,#2020,#2021);
#1616=AXIS2_PLACEMENT_3D('',#2470,#2023,#2024);
#1617=AXIS2_PLACEMENT_3D('',#2471,#2025,#2026);
#1618=AXIS2_PLACEMENT_3D('',#2472,#2027,#2028);
#1619=AXIS2_PLACEMENT_3D('',#2474,#2030,#2031);
#1620=AXIS2_PLACEMENT_3D('',#2477,#2034,#2035);
#1621=AXIS2_PLACEMENT_3D('',#2478,#2036,#2037);
#1622=AXIS2_PLACEMENT_3D('',#2480,#2038,#2039);
#1623=AXIS2_PLACEMENT_3D('',#2482,#2040,#2041);
#1624=AXIS2_PLACEMENT_3D('',#2483,#2042,#2043);
#1625=AXIS2_PLACEMENT_3D('',#2485,#2045,#2046);
#1626=AXIS2_PLACEMENT_3D('',#2487,#2048,#2049);
#1627=AXIS2_PLACEMENT_3D('',#2489,#2050,#2051);
#1628=AXIS2_PLACEMENT_3D('',#2491,#2052,#2053);
#1629=AXIS2_PLACEMENT_3D('',#2492,#2054,#2055);
#1630=AXIS2_PLACEMENT_3D('',#2494,#2057,#2058);
#1631=AXIS2_PLACEMENT_3D('',#2496,#2060,#2061);
#1632=AXIS2_PLACEMENT_3D('',#2498,#2062,#2063);
#1633=AXIS2_PLACEMENT_3D('',#2500,#2064,#2065);
#1634=AXIS2_PLACEMENT_3D('',#2501,#2066,#2067);
#1635=AXIS2_PLACEMENT_3D('',#2503,#2069,#2070);
#1636=AXIS2_PLACEMENT_3D('',#2505,#2072,#2073);
#1637=AXIS2_PLACEMENT_3D('',#2507,#2074,#2075);
#1638=AXIS2_PLACEMENT_3D('',#2509,#2076,#2077);
#1639=AXIS2_PLACEMENT_3D('',#2510,#2078,#2079);
#1640=AXIS2_PLACEMENT_3D('',#2512,#2081,#2082);
#1641=AXIS2_PLACEMENT_3D('',#2514,#2084,#2085);
#1642=AXIS2_PLACEMENT_3D('',#2516,#2086,#2087);
#1643=AXIS2_PLACEMENT_3D('',#2518,#2088,#2089);
#1644=AXIS2_PLACEMENT_3D('',#2519,#2090,#2091);
#1645=AXIS2_PLACEMENT_3D('',#2521,#2093,#2094);
#1646=AXIS2_PLACEMENT_3D('',#2523,#2096,#2097);
#1647=AXIS2_PLACEMENT_3D('',#2525,#2098,#2099);
#1648=AXIS2_PLACEMENT_3D('',#2527,#2100,#2101);
#1649=AXIS2_PLACEMENT_3D('',#2528,#2102,#2103);
#1650=AXIS2_PLACEMENT_3D('',#2530,#2105,#2106);
#1651=AXIS2_PLACEMENT_3D('',#2532,#2108,#2109);
#1652=AXIS2_PLACEMENT_3D('',#2534,#2111,#2112);
#1653=AXIS2_PLACEMENT_3D('',#2535,#2113,#2114);
#1654=DIRECTION('axis',(0.,0.,1.));
#1655=DIRECTION('refdir',(1.,0.,0.));
#1656=DIRECTION('center_axis',(0.577350269189594,-0.577350269189691,-0.577350269189593));
#1657=DIRECTION('ref_axis',(-0.707106781186547,0.,-0.707106781186548));
#1658=DIRECTION('',(0.,-0.707106781186488,0.707106781186607));
#1659=DIRECTION('',(-0.707106781186547,0.,-0.707106781186548));
#1660=DIRECTION('',(0.707106781186549,0.707106781186546,-1.161868419426E-13));
#1661=DIRECTION('center_axis',(0.707106781186548,-1.17925761547378E-13,
-0.707106781186547));
#1662=DIRECTION('ref_axis',(-0.707106781186547,0.,-0.707106781186548));
#1663=DIRECTION('',(0.,-1.,1.66772211333478E-13));
#1664=DIRECTION('',(0.,1.,-1.66772211333478E-13));
#1665=DIRECTION('',(0.577350269190153,0.577350269190151,0.577350269188574));
#1666=DIRECTION('center_axis',(0.577350269189622,-0.577350269189624,0.577350269189632));
#1667=DIRECTION('ref_axis',(0.707106781186553,0.,-0.707106781186542));
#1668=DIRECTION('',(-0.707106781186549,-0.707106781186546,0.));
#1669=DIRECTION('',(0.707106781186547,-1.25607396694702E-14,-0.707106781186548));
#1670=DIRECTION('',(0.,0.707106781186552,0.707106781186543));
#1671=DIRECTION('center_axis',(0.,-0.707106781186543,0.707106781186552));
#1672=DIRECTION('ref_axis',(1.,0.,0.));
#1673=DIRECTION('',(1.,0.,0.));
#1674=DIRECTION('',(-1.,0.,0.));
#1675=DIRECTION('',(-0.577350269189622,-0.577350269189632,-0.577350269189623));
#1676=DIRECTION('center_axis',(0.577350269189625,0.577350269189628,0.577350269189624));
#1677=DIRECTION('ref_axis',(0.707106781186547,0.,-0.707106781186548));
#1678=DIRECTION('',(-0.707106781186547,0.,0.707106781186548));
#1679=DIRECTION('',(0.707106781186549,-0.707106781186546,1.57009245868378E-15));
#1680=DIRECTION('',(0.,0.707106781186545,-0.70710678118655));
#1681=DIRECTION('center_axis',(0.,0.707106781186548,-0.707106781186548));
#1682=DIRECTION('ref_axis',(-1.,0.,0.));
#1683=DIRECTION('',(-1.,0.,0.));
#1684=DIRECTION('',(0.577350269189626,0.577350269189626,0.577350269189626));
#1685=DIRECTION('',(1.,0.,0.));
#1686=DIRECTION('',(0.577350269189627,-0.577350269189625,-0.577350269189625));
#1687=DIRECTION('center_axis',(-0.577350269189625,0.577350269189628,0.577350269189624));
#1688=DIRECTION('ref_axis',(0.707106781186547,0.,0.707106781186548));
#1689=DIRECTION('',(-0.707106781186547,0.,-0.707106781186548));
#1690=DIRECTION('',(0.,-0.707106781186545,0.70710678118655));
#1691=DIRECTION('',(0.707106781186548,0.707106781186548,-3.14018491736756E-15));
#1692=DIRECTION('center_axis',(0.,0.70710678118655,0.707106781186545));
#1693=DIRECTION('ref_axis',(1.,0.,0.));
#1694=DIRECTION('',(1.,0.,0.));
#1695=DIRECTION('',(-1.,0.,0.));
#1696=DIRECTION('center_axis',(-0.707106781186548,0.707106781186548,0.));
#1697=DIRECTION('ref_axis',(0.,0.,1.));
#1698=DIRECTION('',(-0.707106781186548,-0.707106781186548,0.));
#1699=DIRECTION('',(0.,0.,1.));
#1700=DIRECTION('',(0.,0.,-1.));
#1701=DIRECTION('center_axis',(0.,-1.,0.));
#1702=DIRECTION('ref_axis',(-0.707106781186549,0.,-0.707106781186545));
#1703=DIRECTION('',(-1.06766287190497E-12,-0.707106781186548,-0.707106781186547));
#1704=DIRECTION('center_axis',(0.,1.,0.));
#1705=DIRECTION('ref_axis',(-0.707106781186549,0.,-0.707106781186546));
#1706=DIRECTION('center_axis',(0.,-1.,0.));
#1707=DIRECTION('ref_axis',(-0.70710678118655,0.,-0.707106781186546));
#1708=DIRECTION('center_axis',(0.,1.,0.));
#1709=DIRECTION('ref_axis',(0.707106781186549,0.,0.707106781186546));
#1710=DIRECTION('',(-0.707106781186551,-0.707106781186544,1.96261557335472E-16));
#1711=DIRECTION('center_axis',(0.,-1.,0.));
#1712=DIRECTION('ref_axis',(0.707106781186549,0.,0.707106781186546));
#1713=DIRECTION('center_axis',(0.,1.,0.));
#1714=DIRECTION('ref_axis',(0.707106781186549,0.,0.707106781186546));
#1715=DIRECTION('center_axis',(-0.707106781186548,0.707106781186548,0.));
#1716=DIRECTION('ref_axis',(0.,0.,1.));
#1717=DIRECTION('',(0.,0.,-1.));
#1718=DIRECTION('',(-0.707106781186548,-0.707106781186548,0.));
#1719=DIRECTION('',(0.,0.,1.));
#1720=DIRECTION('center_axis',(0.,1.,0.));
#1721=DIRECTION('ref_axis',(0.707106781186556,0.,-0.707106781186539));
#1722=DIRECTION('',(-1.25607396694702E-14,-0.707106781186547,0.707106781186548));
#1723=DIRECTION('center_axis',(0.,-1.,0.));
#1724=DIRECTION('ref_axis',(0.707106781186556,0.,-0.707106781186539));
#1725=DIRECTION('center_axis',(0.,1.,0.));
#1726=DIRECTION('ref_axis',(0.707106781186556,0.,-0.707106781186539));
#1727=DIRECTION('center_axis',(0.,-1.,0.));
#1728=DIRECTION('ref_axis',(-0.707106781186556,0.,0.707106781186539));
#1729=DIRECTION('',(-0.707106781186551,-0.707106781186544,0.));
#1730=DIRECTION('center_axis',(0.,1.,0.));
#1731=DIRECTION('ref_axis',(-0.707106781186556,0.,0.707106781186539));
#1732=DIRECTION('center_axis',(0.,-1.,0.));
#1733=DIRECTION('ref_axis',(-0.707106781186556,0.,0.707106781186539));
#1734=DIRECTION('center_axis',(-0.707106781186548,0.707106781186548,0.));
#1735=DIRECTION('ref_axis',(0.,0.,1.));
#1736=DIRECTION('',(0.,0.,1.));
#1737=DIRECTION('',(0.,0.,-1.));
#1738=DIRECTION('center_axis',(-0.707106781186548,-2.03908111517189E-16,
0.707106781186547));
#1739=DIRECTION('ref_axis',(0.707106781186547,0.,0.707106781186548));
#1740=DIRECTION('',(0.,1.,2.88369616785495E-16));
#1741=DIRECTION('',(0.,-1.,-2.88369616785495E-16));
#1742=DIRECTION('center_axis',(0.707106781186546,0.707106781186549,0.));
#1743=DIRECTION('ref_axis',(0.,0.,-1.));
#1744=DIRECTION('',(0.,0.,1.));
#1745=DIRECTION('',(0.,0.,-1.));
#1746=DIRECTION('center_axis',(0.707106781186548,-2.0390811151719E-16,0.707106781186547));
#1747=DIRECTION('ref_axis',(0.707106781186547,0.,-0.707106781186548));
#1748=DIRECTION('',(0.,1.,2.88369616785495E-16));
#1749=DIRECTION('',(0.,-1.,-2.88369616785495E-16));
#1750=DIRECTION('center_axis',(0.707106781186546,-0.707106781186549,0.));
#1751=DIRECTION('ref_axis',(0.,0.,-1.));
#1752=DIRECTION('',(0.,0.,1.));
#1753=DIRECTION('',(0.,0.,-1.));
#1754=DIRECTION('center_axis',(0.,-0.707106781186607,-0.707106781186488));
#1755=DIRECTION('ref_axis',(-1.,0.,0.));
#1756=DIRECTION('',(1.,0.,0.));
#1757=DIRECTION('',(-1.,0.,0.));
#1758=DIRECTION('',(0.577350269189593,0.577350269189593,-0.577350269189691));
#1759=DIRECTION('center_axis',(0.707106781186546,-0.707106781186549,6.28036983473552E-15));
#1760=DIRECTION('ref_axis',(8.88178419700187E-15,0.,-1.));
#1761=DIRECTION('',(0.,8.88178419700184E-15,1.));
#1762=DIRECTION('',(0.,-8.88178419700184E-15,-1.));
#1763=DIRECTION('',(0.577350269189644,0.577350269189591,-0.577350269189642));
#1764=DIRECTION('center_axis',(-0.707106781186549,-1.17925761547378E-13,
-0.707106781186546));
#1765=DIRECTION('ref_axis',(-0.707106781186546,0.,0.707106781186549));
#1766=DIRECTION('',(0.,-1.,1.66772211333478E-13));
#1767=DIRECTION('',(0.,1.,-1.66772211333478E-13));
#1768=DIRECTION('',(0.577350269190151,-0.577350269190151,-0.577350269188575));
#1769=DIRECTION('center_axis',(0.,-0.707106781186579,-0.707106781186516));
#1770=DIRECTION('ref_axis',(-1.,0.,0.));
#1771=DIRECTION('',(1.,0.,0.));
#1772=DIRECTION('',(-1.,0.,0.));
#1773=DIRECTION('',(-0.577350269189639,0.577350269189598,-0.577350269189639));
#1774=DIRECTION('center_axis',(0.,-1.,8.88178419700523E-15));
#1775=DIRECTION('ref_axis',(0.707106781186549,3.7682219008413E-15,0.707106781186546));
#1776=DIRECTION('center_axis',(0.,-1.,8.88178419700184E-15));
#1777=DIRECTION('ref_axis',(0.707106781186549,6.2803698347355E-15,0.707106781186546));
#1778=DIRECTION('',(0.,0.70710678118638,-0.707106781186715));
#1779=DIRECTION('center_axis',(0.,1.,-8.88178419700184E-15));
#1780=DIRECTION('ref_axis',(0.707106781186549,0.,0.707106781186546));
#1781=DIRECTION('center_axis',(0.,1.,-8.8817841970057E-15));
#1782=DIRECTION('ref_axis',(-0.707106781186549,-2.09345661157851E-15,-0.707106781186546));
#1783=DIRECTION('',(-0.707106781186727,0.707106781186369,-6.28036983473666E-15));
#1784=DIRECTION('center_axis',(0.,-1.,8.88178419700184E-15));
#1785=DIRECTION('ref_axis',(-0.707106781186549,0.,-0.707106781186546));
#1786=DIRECTION('center_axis',(0.,1.,-8.88178419700184E-15));
#1787=DIRECTION('ref_axis',(-0.707106781186549,-6.2803698347355E-15,-0.707106781186546));
#1788=DIRECTION('center_axis',(-0.707106781186548,-0.707106781186548,6.28036983473551E-15));
#1789=DIRECTION('ref_axis',(8.88178419700184E-15,0.,1.));
#1790=DIRECTION('',(0.,-8.88178419700184E-15,-1.));
#1791=DIRECTION('',(0.,8.88178419700184E-15,1.));
#1792=DIRECTION('center_axis',(-0.707106781186548,-0.707106781186548,6.28036983473551E-15));
#1793=DIRECTION('ref_axis',(8.88178419700184E-15,0.,1.));
#1794=DIRECTION('',(0.,8.88178419700184E-15,1.));
#1795=DIRECTION('',(-0.707106781186548,0.707106781186548,-6.28036983473512E-15));
#1796=DIRECTION('',(0.,-8.88178419700184E-15,-1.));
#1797=DIRECTION('center_axis',(0.,1.,-8.88178419700302E-15));
#1798=DIRECTION('ref_axis',(-0.707106781186556,2.09345661157847E-15,0.707106781186539));
#1799=DIRECTION('',(-1.0551021322356E-12,0.707106781186486,0.70710678118661));
#1800=DIRECTION('center_axis',(0.,-1.,8.88178419700184E-15));
#1801=DIRECTION('ref_axis',(-0.707106781186556,0.,0.707106781186539));
#1802=DIRECTION('center_axis',(0.,1.,-8.88178419700184E-15));
#1803=DIRECTION('ref_axis',(-0.707106781186556,6.28036983473544E-15,0.707106781186539));
#1804=DIRECTION('center_axis',(0.,-1.,8.88178419700333E-15));
#1805=DIRECTION('ref_axis',(0.707106781186556,-3.76822190084127E-15,-0.707106781186539));
#1806=DIRECTION('center_axis',(0.,1.,-8.88178419700184E-15));
#1807=DIRECTION('ref_axis',(0.707106781186556,0.,-0.707106781186539));
#1808=DIRECTION('center_axis',(0.,-1.,8.88178419700184E-15));
#1809=DIRECTION('ref_axis',(0.707106781186556,-6.28036983473544E-15,-0.707106781186539));
#1810=DIRECTION('center_axis',(0.,0.,-1.));
#1811=DIRECTION('ref_axis',(0.,-1.,0.));
#1812=DIRECTION('',(0.,-1.,0.));
#1813=DIRECTION('',(0.,1.,0.));
#1814=DIRECTION('center_axis',(-1.,0.,0.));
#1815=DIRECTION('ref_axis',(0.,0.,1.));
#1816=DIRECTION('',(0.,-1.,0.));
#1817=DIRECTION('center_axis',(0.,1.,0.));
#1818=DIRECTION('ref_axis',(-0.707106781186556,0.,0.707106781186539));
#1819=DIRECTION('',(0.,-1.,0.));
#1820=DIRECTION('center_axis',(0.,-1.,0.));
#1821=DIRECTION('ref_axis',(0.707106781186556,0.,-0.707106781186539));
#1822=DIRECTION('',(0.,1.,0.));
#1823=DIRECTION('center_axis',(0.,-1.66772211333478E-13,-1.));
#1824=DIRECTION('ref_axis',(0.,-1.,1.66772211333478E-13));
#1825=DIRECTION('',(-1.,0.,0.));
#1826=DIRECTION('center_axis',(0.,1.66772211333478E-13,1.));
#1827=DIRECTION('ref_axis',(1.,0.,0.));
#1828=DIRECTION('center_axis',(0.,1.66772211333478E-13,1.));
#1829=DIRECTION('ref_axis',(1.,0.,0.));
#1830=DIRECTION('center_axis',(0.,-1.,8.88178419700184E-15));
#1831=DIRECTION('ref_axis',(0.,8.88178419700184E-15,1.));
#1832=DIRECTION('center_axis',(0.,1.,-8.88178419700184E-15));
#1833=DIRECTION('ref_axis',(-0.707106781186556,0.,0.707106781186539));
#1834=DIRECTION('',(1.,1.67019593569531E-28,1.88047344840816E-14));
#1835=DIRECTION('center_axis',(0.,1.,-8.88178419700184E-15));
#1836=DIRECTION('ref_axis',(0.707106781186533,1.25607396694702E-14,0.707106781186562));
#1837=DIRECTION('',(2.32292817460033E-14,-8.88178419700184E-15,-1.));
#1838=DIRECTION('center_axis',(0.,1.,-8.88178419700184E-15));
#1839=DIRECTION('ref_axis',(0.707106781186563,0.,-0.707106781186532));
#1840=DIRECTION('',(-1.,-1.69378627377011E-28,-1.90703380784895E-14));
#1841=DIRECTION('center_axis',(0.,1.,-8.88178419700184E-15));
#1842=DIRECTION('ref_axis',(-0.70710678118654,0.,-0.707106781186555));
#1843=DIRECTION('center_axis',(0.,1.,-8.88178419700184E-15));
#1844=DIRECTION('ref_axis',(1.,0.,0.));
#1845=DIRECTION('center_axis',(0.,1.,-8.88178419700184E-15));
#1846=DIRECTION('ref_axis',(1.,0.,0.));
#1847=DIRECTION('center_axis',(0.,1.,-8.88178419700184E-15));
#1848=DIRECTION('ref_axis',(1.,0.,0.));
#1849=DIRECTION('center_axis',(0.,1.,-8.88178419700184E-15));
#1850=DIRECTION('ref_axis',(1.,0.,0.));
#1851=DIRECTION('center_axis',(0.,1.,-8.88178419700184E-15));
#1852=DIRECTION('ref_axis',(1.,0.,0.));
#1853=DIRECTION('center_axis',(0.,1.,-8.88178419700184E-15));
#1854=DIRECTION('ref_axis',(1.,0.,0.));
#1855=DIRECTION('center_axis',(0.,-2.88369616785495E-16,1.));
#1856=DIRECTION('ref_axis',(0.,1.,2.88369616785495E-16));
#1857=DIRECTION('center_axis',(0.,-2.88369616785495E-16,1.));
#1858=DIRECTION('ref_axis',(-1.,0.,0.));
#1859=DIRECTION('center_axis',(0.,-2.88369616785495E-16,1.));
#1860=DIRECTION('ref_axis',(-1.,0.,0.));
#1861=DIRECTION('center_axis',(0.,1.,0.));
#1862=DIRECTION('ref_axis',(0.,0.,-1.));
#1863=DIRECTION('center_axis',(0.,-1.,0.));
#1864=DIRECTION('ref_axis',(1.,0.,0.));
#1865=DIRECTION('center_axis',(0.,-1.,0.));
#1866=DIRECTION('ref_axis',(1.,0.,0.));
#1867=DIRECTION('center_axis',(0.,-1.,0.));
#1868=DIRECTION('ref_axis',(1.,0.,0.));
#1869=DIRECTION('center_axis',(0.,-1.,0.));
#1870=DIRECTION('ref_axis',(1.,0.,0.));
#1871=DIRECTION('center_axis',(0.,-1.,0.));
#1872=DIRECTION('ref_axis',(1.,0.,0.));
#1873=DIRECTION('center_axis',(0.,-1.,0.));
#1874=DIRECTION('ref_axis',(1.,0.,0.));
#1875=DIRECTION('center_axis',(-0.170112439679101,-0.941663177664664,-0.290400099340395));
#1876=DIRECTION('ref_axis',(0.475963149477952,-0.336556770590768,0.812519920068759));
#1877=DIRECTION('center_axis',(1.,1.14290493904766E-15,1.99840144432528E-14));
#1878=DIRECTION('ref_axis',(-1.33226762955019E-14,-0.70710678118654,0.707106781186555));
#1879=DIRECTION('center_axis',(-1.64369054268456E-14,0.707106781186555,
0.70710678118654));
#1880=DIRECTION('ref_axis',(1.,0.,2.32452945780892E-14));
#1881=DIRECTION('center_axis',(-2.06459690038312E-28,-1.,8.88178419700125E-15));
#1882=DIRECTION('ref_axis',(-1.88737914186277E-14,8.88178419700125E-15,
1.));
#1883=DIRECTION('center_axis',(0.170112439679109,-0.941663177664665,-0.290400099340386));
#1884=DIRECTION('ref_axis',(-0.475963149477978,-0.336556770590769,0.812519920068743));
#1885=DIRECTION('center_axis',(0.,-1.,8.88178419700126E-15));
#1886=DIRECTION('ref_axis',(-1.,0.,0.));
#1887=DIRECTION('center_axis',(4.90653893338674E-16,0.707106781186555,0.70710678118654));
#1888=DIRECTION('ref_axis',(-1.33226762955019E-14,-0.70710678118654,0.707106781186555));
#1889=DIRECTION('center_axis',(-1.,2.91701884643714E-15,-2.22044604925032E-14));
#1890=DIRECTION('ref_axis',(-2.22044604925031E-14,8.88178419700125E-15,
1.));
#1891=DIRECTION('center_axis',(0.,0.,1.));
#1892=DIRECTION('ref_axis',(1.,0.,0.));
#1893=DIRECTION('center_axis',(5.98597749873171E-15,-0.707106781186555,
-0.70710678118654));
#1894=DIRECTION('ref_axis',(-1.33226762955019E-14,-0.70710678118654,0.707106781186555));
#1895=DIRECTION('center_axis',(1.,1.66770696636439E-28,1.88411095042052E-14));
#1896=DIRECTION('ref_axis',(0.,-1.,8.85142653617169E-15));
#1897=DIRECTION('center_axis',(-2.33146835171283E-14,4.99600361081322E-15,
1.));
#1898=DIRECTION('ref_axis',(1.,0.,2.33146835171283E-14));
#1899=DIRECTION('center_axis',(0.,0.,1.));
#1900=DIRECTION('ref_axis',(1.,0.,0.));
#1901=DIRECTION('center_axis',(0.,-0.707106781186554,-0.707106781186541));
#1902=DIRECTION('ref_axis',(-1.,0.,0.));
#1903=DIRECTION('center_axis',(9.9920072216264E-15,8.8817841970012E-15,
1.));
#1904=DIRECTION('ref_axis',(0.,-1.,8.8817841970012E-15));
#1905=DIRECTION('center_axis',(-1.,-1.66770696636439E-28,-1.88411095042052E-14));
#1906=DIRECTION('ref_axis',(-1.33226762955019E-14,-0.707106781186538,0.707106781186557));
#1907=DIRECTION('center_axis',(0.,0.,1.));
#1908=DIRECTION('ref_axis',(1.,0.,0.));
#1909=DIRECTION('center_axis',(-1.648597081618E-14,-0.707106781186531,0.707106781186564));
#1910=DIRECTION('ref_axis',(1.,0.,2.33146835171283E-14));
#1911=DIRECTION('center_axis',(1.94289029309402E-14,-8.88178419700128E-15,
-1.));
#1912=DIRECTION('ref_axis',(0.,-1.,8.88178419700128E-15));
#1913=DIRECTION('center_axis',(1.,-2.22044604925013E-15,2.10615555534559E-14));
#1914=DIRECTION('ref_axis',(1.33226762955018E-14,-0.707106781186562,-0.707106781186533));
#1915=DIRECTION('center_axis',(-2.32292817460033E-14,8.85177816930868E-15,
1.));
#1916=DIRECTION('ref_axis',(0.707106781186548,-0.707106781186547,2.27663406509148E-14));
#1917=DIRECTION('',(2.32292817460033E-14,-8.85177816930868E-15,-1.));
#1918=DIRECTION('',(-2.32292817460033E-14,8.85177816930868E-15,1.));
#1919=DIRECTION('center_axis',(0.,0.,1.));
#1920=DIRECTION('ref_axis',(1.,0.,0.));
#1921=DIRECTION('center_axis',(-1.13831703254573E-14,-0.707106781186535,
0.70710678118656));
#1922=DIRECTION('ref_axis',(1.33226762955018E-14,-0.70710678118656,-0.707106781186535));
#1923=DIRECTION('center_axis',(-1.,-1.67342668648423E-28,-1.88411095042055E-14));
#1924=DIRECTION('ref_axis',(0.,-1.,8.88178419700128E-15));
#1925=DIRECTION('center_axis',(0.,-9.43689570931378E-15,-1.));
#1926=DIRECTION('ref_axis',(-1.,0.,0.));
#1927=DIRECTION('center_axis',(-1.,-1.6880640228451E-28,-1.90703380784895E-14));
#1928=DIRECTION('ref_axis',(7.21018045463578E-15,-0.923879532511292,-0.382683432365077));
#1929=DIRECTION('',(1.,1.6769078449352E-28,1.90703380784895E-14));
#1930=DIRECTION('',(-1.,-1.6880640228451E-28,-1.90703380784895E-14));
#1931=DIRECTION('center_axis',(0.,-8.85177816930868E-15,-1.));
#1932=DIRECTION('ref_axis',(-0.707106781186551,-0.707106781186544,6.2803698347351E-15));
#1933=DIRECTION('',(0.,8.85177816930868E-15,1.));
#1934=DIRECTION('',(0.,-8.85177816930868E-15,-1.));
#1935=DIRECTION('center_axis',(-0.170112439679125,-0.941663177664656,0.290400099340407));
#1936=DIRECTION('ref_axis',(0.475963149477984,-0.336556770590789,-0.812519920068731));
#1937=DIRECTION('center_axis',(-2.07075987620516E-28,-1.,8.88178419700126E-15));
#1938=DIRECTION('ref_axis',(1.,0.,2.33146835171283E-14));
#1939=DIRECTION('center_axis',(1.648597081618E-14,0.707106781186532,-0.707106781186563));
#1940=DIRECTION('ref_axis',(1.33226762955019E-14,-0.707106781186563,-0.707106781186532));
#1941=DIRECTION('center_axis',(1.,1.07754111020315E-15,1.77635683940025E-14));
#1942=DIRECTION('ref_axis',(1.77635683940025E-14,-8.88178419700125E-15,
-1.));
#1943=DIRECTION('center_axis',(-1.6425582644692E-14,-0.707106781186533,
0.707106781186562));
#1944=DIRECTION('ref_axis',(0.707106781186557,-0.500000000000012,-0.499999999999975));
#1945=DIRECTION('',(1.6425582644692E-14,0.707106781186533,-0.707106781186562));
#1946=DIRECTION('',(-1.6425582644692E-14,-0.707106781186533,0.707106781186562));
#1947=DIRECTION('center_axis',(0.170112439679116,-0.941663177664657,0.29040009934041));
#1948=DIRECTION('ref_axis',(-0.475963149477962,-0.336556770590789,-0.812519920068744));
#1949=DIRECTION('center_axis',(-8.88178419700128E-15,-1.,8.8817841970011E-15));
#1950=DIRECTION('ref_axis',(1.77635683940025E-14,-8.88178419700125E-15,
-1.));
#1951=DIRECTION('center_axis',(-1.,-5.51843320870361E-15,-1.33226762955018E-14));
#1952=DIRECTION('ref_axis',(1.33226762955019E-14,-0.707106781186563,-0.707106781186532));
#1953=DIRECTION('center_axis',(0.,0.707106781186527,-0.707106781186568));
#1954=DIRECTION('ref_axis',(-1.,0.,0.));
#1955=DIRECTION('center_axis',(1.,1.69573904230398E-28,1.90703380784895E-14));
#1956=DIRECTION('ref_axis',(1.92271478790289E-14,-0.3826834323651,-0.923879532511283));
#1957=DIRECTION('',(-1.,-1.71805139812377E-28,-1.90703380784895E-14));
#1958=DIRECTION('',(1.,1.69573904230398E-28,1.90703380784895E-14));
#1959=DIRECTION('center_axis',(0.,0.707106781186533,-0.707106781186562));
#1960=DIRECTION('ref_axis',(-0.707106781186542,-0.500000000000014,-0.499999999999995));
#1961=DIRECTION('',(0.,-0.707106781186533,0.707106781186562));
#1962=DIRECTION('',(0.,0.707106781186533,-0.707106781186562));
#1963=DIRECTION('center_axis',(0.,-1.,8.85177816930868E-15));
#1964=DIRECTION('ref_axis',(-0.70710678118654,0.,-0.707106781186555));
#1965=DIRECTION('',(0.,-1.,8.85177816930868E-15));
#1966=DIRECTION('',(0.,1.,0.));
#1967=DIRECTION('center_axis',(0.,-1.,8.85177816930868E-15));
#1968=DIRECTION('ref_axis',(0.707106781186563,0.,-0.707106781186532));
#1969=DIRECTION('',(0.,-1.,8.85177816930868E-15));
#1970=DIRECTION('',(0.,1.,-8.85177816930868E-15));
#1971=DIRECTION('center_axis',(1.,1.6645533818584E-28,1.88047344840816E-14));
#1972=DIRECTION('ref_axis',(-7.21018045463586E-15,-0.923879532511282,0.382683432365102));
#1973=DIRECTION('',(-1.,-1.6645533818584E-28,-1.88047344840816E-14));
#1974=DIRECTION('',(1.,1.6645533818584E-28,1.88047344840816E-14));
#1975=DIRECTION('center_axis',(0.,-0.707106781186556,-0.707106781186539));
#1976=DIRECTION('ref_axis',(-0.707106781186556,-0.499999999999985,0.500000000000003));
#1977=DIRECTION('',(0.,0.707106781186556,0.707106781186539));
#1978=DIRECTION('',(0.,-0.707106781186556,-0.707106781186539));
#1979=DIRECTION('center_axis',(-1.64255826446918E-14,0.707106781186556,
0.707106781186539));
#1980=DIRECTION('ref_axis',(0.70710678118654,-0.499999999999989,0.500000000000022));
#1981=DIRECTION('',(1.64255826446918E-14,-0.707106781186556,-0.707106781186539));
#1982=DIRECTION('',(-1.64255826446918E-14,0.707106781186556,0.707106781186539));
#1983=DIRECTION('center_axis',(-1.,-1.67342668648421E-28,-1.88047344840816E-14));
#1984=DIRECTION('ref_axis',(-1.68237543941502E-14,-0.38268343236508,0.923879532511291));
#1985=DIRECTION('',(1.,1.67342668648421E-28,1.88047344840816E-14));
#1986=DIRECTION('',(-1.,-1.67342668648421E-28,-1.88047344840816E-14));
#1987=DIRECTION('center_axis',(0.,-1.,8.85177816930868E-15));
#1988=DIRECTION('ref_axis',(-0.707106781186556,0.,0.707106781186539));
#1989=DIRECTION('',(0.,-1.,0.));
#1990=DIRECTION('',(0.,1.,-8.85177816930868E-15));
#1991=DIRECTION('center_axis',(0.,-1.,8.85177816930868E-15));
#1992=DIRECTION('ref_axis',(0.707106781186533,1.25607396694702E-14,0.707106781186562));
#1993=DIRECTION('',(0.,-1.,8.85177816930868E-15));
#1994=DIRECTION('',(0.,1.,-8.85177816930868E-15));
#1995=DIRECTION('center_axis',(1.,0.,0.));
#1996=DIRECTION('ref_axis',(0.,0.,1.));
#1997=DIRECTION('',(0.,-1.,0.));
#1998=DIRECTION('center_axis',(-1.88047344840816E-14,8.85177816930868E-15,
1.));
#1999=DIRECTION('ref_axis',(-1.,-1.67019593569531E-28,-1.88047344840816E-14));
#2000=DIRECTION('center_axis',(0.,-1.,8.85177816930868E-15));
#2001=DIRECTION('ref_axis',(0.,-8.85177816930868E-15,-1.));
#2002=DIRECTION('center_axis',(1.34847653748198E-14,-0.707106781186562,
-0.707106781186533));
#2003=DIRECTION('ref_axis',(-1.,0.,-1.90703380784897E-14));
#2004=DIRECTION('center_axis',(-1.32969552721066E-14,-0.707106781186539,
0.707106781186556));
#2005=DIRECTION('ref_axis',(1.,0.,1.88047344840814E-14));
#2006=DIRECTION('center_axis',(1.,2.05620449047993E-28,2.32292817460033E-14));
#2007=DIRECTION('ref_axis',(-2.32292817460033E-14,8.88178419700184E-15,
1.));
#2008=DIRECTION('center_axis',(1.90703380784895E-14,-8.85177816930868E-15,
-1.));
#2009=DIRECTION('ref_axis',(1.,1.69378627377011E-28,1.90703380784895E-14));
#2010=DIRECTION('center_axis',(0.,0.,1.));
#2011=DIRECTION('ref_axis',(-1.,0.,0.));
#2012=DIRECTION('',(-0.707106781186548,-8.65956056235493E-17,-0.707106781186548));
#2013=DIRECTION('center_axis',(0.,2.88369616785495E-16,-1.));
#2014=DIRECTION('ref_axis',(-1.,0.,0.));
#2015=DIRECTION('center_axis',(0.,2.88369616785495E-16,-1.));
#2016=DIRECTION('ref_axis',(-1.,0.,0.));
#2017=DIRECTION('center_axis',(0.,-2.88369616785495E-16,1.));
#2018=DIRECTION('ref_axis',(1.,0.,0.));
#2019=DIRECTION('',(0.,2.88369616785495E-16,-1.));
#2020=DIRECTION('center_axis',(0.,0.,1.));
#2021=DIRECTION('ref_axis',(-1.,0.,0.));
#2022=DIRECTION('',(-0.707106781186546,-8.65956056235492E-17,-0.707106781186549));
#2023=DIRECTION('center_axis',(0.,2.88369616785495E-16,-1.));
#2024=DIRECTION('ref_axis',(-1.,0.,0.));
#2025=DIRECTION('center_axis',(0.,2.88369616785495E-16,-1.));
#2026=DIRECTION('ref_axis',(-1.,0.,0.));
#2027=DIRECTION('center_axis',(0.,-2.88369616785495E-16,1.));
#2028=DIRECTION('ref_axis',(1.,0.,0.));
#2029=DIRECTION('',(0.,2.88369616785495E-16,-1.));
#2030=DIRECTION('center_axis',(0.,-1.,0.));
#2031=DIRECTION('ref_axis',(-0.707106781186549,0.,-0.707106781186546));
#2032=DIRECTION('',(0.,1.,0.));
#2033=DIRECTION('',(0.,1.,0.));
#2034=DIRECTION('center_axis',(0.,-1.,0.));
#2035=DIRECTION('ref_axis',(0.707106781186549,0.,0.707106781186546));
#2036=DIRECTION('center_axis',(0.,-1.,8.88178419700184E-15));
#2037=DIRECTION('ref_axis',(1.,0.,0.));
#2038=DIRECTION('center_axis',(0.,-1.,8.88178419700184E-15));
#2039=DIRECTION('ref_axis',(1.,0.,0.));
#2040=DIRECTION('center_axis',(0.,-1.,8.88178419700184E-15));
#2041=DIRECTION('ref_axis',(1.,0.,0.));
#2042=DIRECTION('center_axis',(0.,-1.,8.88178419700184E-15));
#2043=DIRECTION('ref_axis',(1.,0.,0.));
#2044=DIRECTION('',(0.,1.,-8.88178419700184E-15));
#2045=DIRECTION('center_axis',(0.,-1.,8.88178419700184E-15));
#2046=DIRECTION('ref_axis',(1.,0.,0.));
#2047=DIRECTION('',(0.,1.,-8.88178419700184E-15));
#2048=DIRECTION('center_axis',(0.,-1.,8.88178419700184E-15));
#2049=DIRECTION('ref_axis',(1.,0.,0.));
#2050=DIRECTION('center_axis',(0.,-1.,8.88178419700184E-15));
#2051=DIRECTION('ref_axis',(1.,0.,0.));
#2052=DIRECTION('center_axis',(0.,-1.,8.88178419700184E-15));
#2053=DIRECTION('ref_axis',(1.,0.,0.));
#2054=DIRECTION('center_axis',(0.,-1.,8.88178419700184E-15));
#2055=DIRECTION('ref_axis',(1.,0.,0.));
#2056=DIRECTION('',(0.,1.,-8.88178419700184E-15));
#2057=DIRECTION('center_axis',(0.,-1.,8.88178419700184E-15));
#2058=DIRECTION('ref_axis',(1.,0.,0.));
#2059=DIRECTION('',(0.,1.,-8.88178419700184E-15));
#2060=DIRECTION('center_axis',(0.,-1.,8.88178419700184E-15));
#2061=DIRECTION('ref_axis',(1.,0.,0.));
#2062=DIRECTION('center_axis',(0.,-1.,8.88178419700184E-15));
#2063=DIRECTION('ref_axis',(1.,0.,0.));
#2064=DIRECTION('center_axis',(0.,-1.,8.88178419700184E-15));
#2065=DIRECTION('ref_axis',(1.,0.,0.));
#2066=DIRECTION('center_axis',(0.,-1.,8.88178419700184E-15));
#2067=DIRECTION('ref_axis',(1.,0.,0.));
#2068=DIRECTION('',(0.,1.,-8.88178419700184E-15));
#2069=DIRECTION('center_axis',(0.,-1.,8.88178419700184E-15));
#2070=DIRECTION('ref_axis',(1.,0.,0.));
#2071=DIRECTION('',(0.,1.,-8.88178419700184E-15));
#2072=DIRECTION('center_axis',(0.,-1.,8.88178419700184E-15));
#2073=DIRECTION('ref_axis',(1.,0.,0.));
#2074=DIRECTION('center_axis',(0.,-1.,8.88178419700184E-15));
#2075=DIRECTION('ref_axis',(1.,0.,0.));
#2076=DIRECTION('center_axis',(0.,-1.,8.88178419700184E-15));
#2077=DIRECTION('ref_axis',(1.,0.,0.));
#2078=DIRECTION('center_axis',(0.,-1.,8.88178419700184E-15));
#2079=DIRECTION('ref_axis',(1.,0.,0.));
#2080=DIRECTION('',(0.,1.,-8.88178419700184E-15));
#2081=DIRECTION('center_axis',(0.,-1.,8.88178419700184E-15));
#2082=DIRECTION('ref_axis',(1.,0.,0.));
#2083=DIRECTION('',(0.,1.,-8.88178419700184E-15));
#2084=DIRECTION('center_axis',(0.,-1.,8.88178419700184E-15));
#2085=DIRECTION('ref_axis',(1.,0.,0.));
#2086=DIRECTION('center_axis',(0.,-1.,8.88178419700184E-15));
#2087=DIRECTION('ref_axis',(1.,0.,0.));
#2088=DIRECTION('center_axis',(0.,-1.,8.88178419700184E-15));
#2089=DIRECTION('ref_axis',(1.,0.,0.));
#2090=DIRECTION('center_axis',(0.,-1.,8.88178419700184E-15));
#2091=DIRECTION('ref_axis',(1.,0.,0.));
#2092=DIRECTION('',(0.,1.,-8.88178419700184E-15));
#2093=DIRECTION('center_axis',(0.,-1.,8.88178419700184E-15));
#2094=DIRECTION('ref_axis',(1.,0.,0.));
#2095=DIRECTION('',(0.,1.,-8.88178419700184E-15));
#2096=DIRECTION('center_axis',(0.,-1.,8.88178419700184E-15));
#2097=DIRECTION('ref_axis',(1.,0.,0.));
#2098=DIRECTION('center_axis',(0.,-1.,8.88178419700184E-15));
#2099=DIRECTION('ref_axis',(1.,0.,0.));
#2100=DIRECTION('center_axis',(0.,-1.,8.88178419700184E-15));
#2101=DIRECTION('ref_axis',(1.,0.,0.));
#2102=DIRECTION('center_axis',(0.,-1.,8.88178419700184E-15));
#2103=DIRECTION('ref_axis',(1.,0.,0.));
#2104=DIRECTION('',(0.,1.,-8.88178419700184E-15));
#2105=DIRECTION('center_axis',(0.,-1.,8.88178419700184E-15));
#2106=DIRECTION('ref_axis',(1.,0.,0.));
#2107=DIRECTION('',(0.,1.,-8.88178419700184E-15));
#2108=DIRECTION('center_axis',(0.,-1.,0.));
#2109=DIRECTION('ref_axis',(0.,0.,1.));
#2110=DIRECTION('',(0.,0.,1.));
#2111=DIRECTION('center_axis',(1.,0.,0.));
#2112=DIRECTION('ref_axis',(0.,0.,-1.));
#2113=DIRECTION('center_axis',(-1.,0.,0.));
#2114=DIRECTION('ref_axis',(0.,0.,1.));
#2115=CARTESIAN_POINT('',(0.,0.,0.));
#2116=CARTESIAN_POINT('Origin',(0.,-69.7277894413385,8.44322520950306));
#2117=CARTESIAN_POINT('',(-0.5,-69.7277894413385,7.94322520950306));
#2118=CARTESIAN_POINT('',(-0.5,-70.2277894413385,8.44322520950314));
#2119=CARTESIAN_POINT('',(-0.5,-69.7277894413385,7.94322520950306));
#2120=CARTESIAN_POINT('',(0.,-69.7277894413385,8.44322520950306));
#2121=CARTESIAN_POINT('',(0.,-69.7277894413385,8.44322520950306));
#2122=CARTESIAN_POINT('',(-0.5,-70.2277894413385,8.44322520950314));
#2123=CARTESIAN_POINT('Origin',(-0.25,-56.8527894413169,8.19322520950091));
#2124=CARTESIAN_POINT('',(0.,-52.7277894413107,8.44322520950023));
#2125=CARTESIAN_POINT('',(0.,-56.8527894413168,8.44322520950091));
#2126=CARTESIAN_POINT('',(-0.5,-53.2277894413107,7.94322520950159));
#2127=CARTESIAN_POINT('',(-0.5,-56.8527894413169,7.94322520950091));
#2128=CARTESIAN_POINT('',(-0.5,-53.2277894413107,7.94322520950159));
#2129=CARTESIAN_POINT('Origin',(-0.5,-69.7277894413385,9.94322520950158));
#2130=CARTESIAN_POINT('',(0.,-69.7277894413385,9.44322520950158));
#2131=CARTESIAN_POINT('',(-0.5,-70.2277894413385,9.44322520950158));
#2132=CARTESIAN_POINT('',(0.,-69.7277894413385,9.44322520950158));
#2133=CARTESIAN_POINT('',(-0.5,-69.7277894413385,9.94322520950158));
#2134=CARTESIAN_POINT('',(-0.5,-69.7277894413385,9.94322520950158));
#2135=CARTESIAN_POINT('',(-0.5,-70.2277894413385,9.44322520950158));
#2136=CARTESIAN_POINT('Origin',(0.,-69.9777894413385,9.69322520950158));
#2137=CARTESIAN_POINT('',(-27.4,-70.2277894413385,9.44322520950158));
#2138=CARTESIAN_POINT('',(0.,-70.2277894413385,9.44322520950158));
#2139=CARTESIAN_POINT('',(-26.9,-69.7277894413385,9.94322520950158));
#2140=CARTESIAN_POINT('',(0.,-69.7277894413385,9.94322520950158));
#2141=CARTESIAN_POINT('',(-26.9,-69.7277894413385,9.94322520950158));
#2142=CARTESIAN_POINT('Origin',(-0.5,-50.7277894413107,9.44322520950159));
#2143=CARTESIAN_POINT('',(0.,-51.2277894413107,9.44322520950159));
#2144=CARTESIAN_POINT('',(-0.5,-51.2277894413107,9.94322520950159));
#2145=CARTESIAN_POINT('',(0.,-51.2277894413107,9.44322520950159));
#2146=CARTESIAN_POINT('',(-0.5,-50.7277894413107,9.44322520950159));
#2147=CARTESIAN_POINT('',(-0.5,-50.7277894413107,9.44322520950159));
#2148=CARTESIAN_POINT('',(-0.5,-51.2277894413107,9.94322520950159));
#2149=CARTESIAN_POINT('Origin',(0.,-50.9777894413107,-11.3067747904984));
#2150=CARTESIAN_POINT('',(0.,-51.2277894413107,-11.5567747904984));
#2151=CARTESIAN_POINT('',(-27.4,-51.2277894413107,-11.5567747904984));
#2152=CARTESIAN_POINT('',(0.,-51.2277894413107,-11.5567747904984));
#2153=CARTESIAN_POINT('',(-26.9,-50.7277894413107,-11.0567747904984));
#2154=CARTESIAN_POINT('',(-27.4,-51.2277894413107,-11.5567747904984));
#2155=CARTESIAN_POINT('',(-0.5,-50.7277894413107,-11.0567747904984));
#2156=CARTESIAN_POINT('',(0.,-50.7277894413107,-11.0567747904984));
#2157=CARTESIAN_POINT('',(-0.5,-50.7277894413107,-11.0567747904984));
#2158=CARTESIAN_POINT('Origin',(-26.9,-50.7277894413107,9.44322520950159));
#2159=CARTESIAN_POINT('',(-26.9,-51.2277894413107,9.94322520950159));
#2160=CARTESIAN_POINT('',(-27.4,-51.2277894413107,9.44322520950159));
#2161=CARTESIAN_POINT('',(-26.9,-51.2277894413107,9.94322520950159));
#2162=CARTESIAN_POINT('',(-26.9,-50.7277894413107,9.44322520950159));
#2163=CARTESIAN_POINT('',(-26.9,-50.7277894413107,9.44322520950159));
#2164=CARTESIAN_POINT('',(-27.4,-51.2277894413107,9.44322520950159));
#2165=CARTESIAN_POINT('Origin',(0.,-50.9777894413107,9.69322520950159));
#2166=CARTESIAN_POINT('',(0.,-51.2277894413107,9.94322520950159));
#2167=CARTESIAN_POINT('',(0.,-50.7277894413107,9.44322520950159));
#2168=CARTESIAN_POINT('Origin',(-27.15,-50.9777894413107,4.56822520950159));
#2169=CARTESIAN_POINT('',(-26.9,-50.7277894413107,2.44322520950107));
#2170=CARTESIAN_POINT('',(-27.4,-51.2277894413107,2.44322520950107));
#2171=CARTESIAN_POINT('',(-26.9,-50.7277894413107,2.44322520950107));
#2172=CARTESIAN_POINT('',(-27.4,-51.2277894413107,4.56822520950159));
#2173=CARTESIAN_POINT('',(-26.9,-50.7277894413107,4.56822520950159));
#2174=CARTESIAN_POINT('Origin',(-26.4,-50.9777894413107,2.44322520950107));
#2175=CARTESIAN_POINT('',(-26.4000000000008,-50.7277894413107,1.94322520950107));
#2176=CARTESIAN_POINT('',(-26.4000000000015,-51.2277894413107,1.44322520950107));
#2177=CARTESIAN_POINT('',(-26.4000000000008,-50.7277894413107,1.94322520950107));
#2178=CARTESIAN_POINT('Origin',(-26.4,-51.2277894413107,2.44322520950107));
#2179=CARTESIAN_POINT('Origin',(-26.4,-50.7277894413107,2.44322520950107));
#2180=CARTESIAN_POINT('Origin',(-26.4000000000015,-50.9777894413107,0.443225209501075));
#2181=CARTESIAN_POINT('',(-24.9000000000015,-50.7277894413107,0.443225209501075));
#2182=CARTESIAN_POINT('',(-25.4000000000015,-51.2277894413107,0.443225209501075));
#2183=CARTESIAN_POINT('',(-24.9000000000015,-50.7277894413107,0.443225209501075));
#2184=CARTESIAN_POINT('Origin',(-26.4000000000015,-51.2277894413107,0.443225209501075));
#2185=CARTESIAN_POINT('Origin',(-26.4000000000015,-50.7277894413107,0.443225209501075));
#2186=CARTESIAN_POINT('Origin',(-25.1500000000015,-50.9777894413107,2.44322520950133));
#2187=CARTESIAN_POINT('',(-24.9000000000015,-50.7277894413107,-4.05677479049891));
#2188=CARTESIAN_POINT('',(-24.9000000000015,-50.7277894413107,2.44322520950133));
#2189=CARTESIAN_POINT('',(-25.4000000000015,-51.2277894413107,-4.05677479049891));
#2190=CARTESIAN_POINT('',(-24.9000000000015,-50.7277894413107,-4.05677479049891));
#2191=CARTESIAN_POINT('',(-25.4000000000015,-51.2277894413107,2.44322520950133));
#2192=CARTESIAN_POINT('Origin',(-26.4000000000015,-50.9777894413107,-4.05677479049891));
#2193=CARTESIAN_POINT('',(-26.4000000000015,-50.7277894413107,-5.55677479049891));
#2194=CARTESIAN_POINT('',(-26.4000000000015,-51.2277894413107,-5.05677479049891));
#2195=CARTESIAN_POINT('',(-26.4000000000015,-50.7277894413107,-5.55677479049891));
#2196=CARTESIAN_POINT('Origin',(-26.4000000000015,-51.2277894413107,-4.05677479049891));
#2197=CARTESIAN_POINT('Origin',(-26.4000000000015,-50.7277894413107,-4.05677479049891));
#2198=CARTESIAN_POINT('Origin',(-26.4,-50.9777894413107,-6.05677479049891));
#2199=CARTESIAN_POINT('',(-26.9,-50.7277894413107,-6.05677479049891));
#2200=CARTESIAN_POINT('',(-27.4,-51.2277894413107,-6.05677479049891));
#2201=CARTESIAN_POINT('',(-26.9,-50.7277894413107,-6.05677479049891));
#2202=CARTESIAN_POINT('Origin',(-26.4,-51.2277894413107,-6.05677479049891));
#2203=CARTESIAN_POINT('Origin',(-26.4,-50.7277894413107,-6.05677479049891));
#2204=CARTESIAN_POINT('Origin',(-27.15,-50.9777894413107,4.56822520950159));
#2205=CARTESIAN_POINT('',(-27.4,-51.2277894413107,4.56822520950159));
#2206=CARTESIAN_POINT('',(-26.9,-50.7277894413107,4.56822520950159));
#2207=CARTESIAN_POINT('Origin',(-27.15,-65.3527894413315,9.69322520950159));
#2208=CARTESIAN_POINT('',(-26.9,-65.3527894413315,9.94322520950159));
#2209=CARTESIAN_POINT('',(-27.4,-65.3527894413315,9.44322520950159));
#2210=CARTESIAN_POINT('Origin',(-0.25,-50.9777894413107,4.56822520950159));
#2211=CARTESIAN_POINT('',(-0.5,-50.7277894413107,4.56822520950159));
#2212=CARTESIAN_POINT('',(0.,-51.2277894413107,4.56822520950159));
#2213=CARTESIAN_POINT('Origin',(-0.25,-65.3527894413315,9.69322520950159));
#2214=CARTESIAN_POINT('',(0.,-65.3527894413315,9.44322520950159));
#2215=CARTESIAN_POINT('',(-0.5,-65.3527894413315,9.94322520950159));
#2216=CARTESIAN_POINT('Origin',(-0.25,-69.9777894413385,3.56822520950237));
#2217=CARTESIAN_POINT('',(0.,-69.7277894413385,3.56822520950237));
#2218=CARTESIAN_POINT('',(-0.5,-70.2277894413385,3.56822520950237));
#2219=CARTESIAN_POINT('Origin',(0.,-69.9777894413385,8.1932252095031));
#2220=CARTESIAN_POINT('',(-26.9,-69.7277894413385,7.94322520950306));
#2221=CARTESIAN_POINT('',(0.,-69.7277894413385,7.94322520950306));
#2222=CARTESIAN_POINT('',(-27.4,-70.2277894413385,8.44322520950314));
#2223=CARTESIAN_POINT('',(0.,-70.2277894413385,8.44322520950314));
#2224=CARTESIAN_POINT('',(-27.4,-70.2277894413385,8.44322520950314));
#2225=CARTESIAN_POINT('Origin',(-0.25,-52.9777894413108,-6.18177479049844));
#2226=CARTESIAN_POINT('',(0.,-52.7277894413109,-11.5567747904984));
#2227=CARTESIAN_POINT('',(0.,-52.7277894413108,-6.18177479049845));
#2228=CARTESIAN_POINT('',(-0.5,-53.2277894413109,-11.0567747904984));
#2229=CARTESIAN_POINT('',(-0.5,-53.2277894413108,-6.18177479049844));
#2230=CARTESIAN_POINT('',(-0.5,-53.2277894413109,-11.0567747904984));
#2231=CARTESIAN_POINT('Origin',(-27.15,-56.8527894413169,8.19322520950091));
#2232=CARTESIAN_POINT('',(-26.9,-53.2277894413107,7.94322520950159));
#2233=CARTESIAN_POINT('',(-26.9,-56.8527894413169,7.94322520950091));
#2234=CARTESIAN_POINT('',(-27.4,-52.7277894413107,8.44322520950023));
#2235=CARTESIAN_POINT('',(-27.4,-56.8527894413168,8.44322520950091));
#2236=CARTESIAN_POINT('',(-27.4,-52.7277894413107,8.44322520950023));
#2237=CARTESIAN_POINT('Origin',(0.,-52.9777894413109,-11.3067747904984));
#2238=CARTESIAN_POINT('',(-27.4,-52.7277894413109,-11.5567747904984));
#2239=CARTESIAN_POINT('',(0.,-52.7277894413109,-11.5567747904984));
#2240=CARTESIAN_POINT('',(-26.9,-53.2277894413109,-11.0567747904984));
#2241=CARTESIAN_POINT('',(0.,-53.2277894413109,-11.0567747904984));
#2242=CARTESIAN_POINT('',(-26.9,-53.2277894413109,-11.0567747904984));
#2243=CARTESIAN_POINT('Origin',(-26.4000000000015,-52.9777894413109,0.443225209501077));
#2244=CARTESIAN_POINT('',(-25.4000000000015,-52.727789441311,0.443225209501075));
#2245=CARTESIAN_POINT('',(-25.0875000000015,-53.2277894413108,1.169409586915));
#2246=CARTESIAN_POINT('Ctrl Pts',(-25.4000000000015,-52.727789441311,0.443225209501102));
#2247=CARTESIAN_POINT('Ctrl Pts',(-25.4000000000015,-52.727789441311,0.522640589950392));
#2248=CARTESIAN_POINT('Ctrl Pts',(-25.3899691581478,-52.7482318746671,0.604074349656325));
#2249=CARTESIAN_POINT('Ctrl Pts',(-25.3537453545694,-52.8169166082018,0.753517123664841));
#2250=CARTESIAN_POINT('Ctrl Pts',(-25.3276949095993,-52.8642054116077,0.821996989629893));
#2251=CARTESIAN_POINT('Ctrl Pts',(-25.2467315308059,-53.0010207585119,0.988976906975159));
#2252=CARTESIAN_POINT('Ctrl Pts',(-25.1729626841448,-53.1138391957865,1.08849956299279));
#2253=CARTESIAN_POINT('Ctrl Pts',(-25.0875000000015,-53.2277894413108,1.169409586915));
#2254=CARTESIAN_POINT('',(-26.4000000000015,-53.2277894413108,1.94322520950108));
#2255=CARTESIAN_POINT('Origin',(-26.4000000000015,-53.2277894413108,0.443225209501079));
#2256=CARTESIAN_POINT('',(-26.4000000000015,-52.727789441311,1.44322520950107));
#2257=CARTESIAN_POINT('',(-26.4000000000015,-53.2277894413108,1.94322520950108));
#2258=CARTESIAN_POINT('Origin',(-26.4000000000015,-52.727789441311,0.443225209501075));
#2259=CARTESIAN_POINT('Origin',(-26.4,-52.9777894413109,2.44322520950108));
#2260=CARTESIAN_POINT('',(-26.9,-53.2277894413108,2.44322520950108));
#2261=CARTESIAN_POINT('',(-27.4,-52.727789441311,2.44322520950107));
#2262=CARTESIAN_POINT('',(-26.9,-53.2277894413108,2.44322520950108));
#2263=CARTESIAN_POINT('Origin',(-26.4,-52.727789441311,2.44322520950107));
#2264=CARTESIAN_POINT('Origin',(-26.4,-53.2277894413108,2.44322520950108));
#2265=CARTESIAN_POINT('Origin',(-27.15,-52.9777894413108,-6.18177479049844));
#2266=CARTESIAN_POINT('',(-27.4,-52.7277894413108,-6.18177479049845));
#2267=CARTESIAN_POINT('',(-26.9,-53.2277894413108,-6.18177479049844));
#2268=CARTESIAN_POINT('Origin',(-27.15,-52.9777894413108,-6.18177479049844));
#2269=CARTESIAN_POINT('',(-26.9,-53.2277894413108,-6.0567747904989));
#2270=CARTESIAN_POINT('',(-26.9,-53.2277894413108,-6.18177479049844));
#2271=CARTESIAN_POINT('',(-27.4,-52.7277894413108,-6.05677479049891));
#2272=CARTESIAN_POINT('',(-26.9,-53.2277894413108,-6.0567747904989));
#2273=CARTESIAN_POINT('',(-27.4,-52.7277894413108,-6.18177479049845));
#2274=CARTESIAN_POINT('Origin',(-26.4,-52.9777894413109,-6.0567747904989));
#2275=CARTESIAN_POINT('',(-26.4000000000007,-53.2277894413108,-5.55677479049891));
#2276=CARTESIAN_POINT('',(-26.4000000000015,-52.7277894413109,-5.05677479049891));
#2277=CARTESIAN_POINT('',(-26.4000000000007,-53.2277894413108,-5.55677479049891));
#2278=CARTESIAN_POINT('Origin',(-26.4,-52.7277894413109,-6.05677479049891));
#2279=CARTESIAN_POINT('Origin',(-26.4,-53.2277894413108,-6.0567747904989));
#2280=CARTESIAN_POINT('Origin',(-26.4000000000015,-52.9777894413109,-4.05677479049891));
#2281=CARTESIAN_POINT('',(-25.0875000000015,-53.2277894413108,-4.78295916791278));
#2282=CARTESIAN_POINT('',(-25.4000000000015,-52.7277894413109,-4.05677479049891));
#2283=CARTESIAN_POINT('Ctrl Pts',(-25.0875000000015,-53.2277894413108,-4.78295916791277));
#2284=CARTESIAN_POINT('Ctrl Pts',(-25.1729626841448,-53.1138391957865,-4.70204914399056));
#2285=CARTESIAN_POINT('Ctrl Pts',(-25.2467315308059,-53.0010207585119,-4.60252648797293));
#2286=CARTESIAN_POINT('Ctrl Pts',(-25.3276949095993,-52.8642054116076,-4.43554657062766));
#2287=CARTESIAN_POINT('Ctrl Pts',(-25.3537453545694,-52.8169166082018,-4.36706670466261));
#2288=CARTESIAN_POINT('Ctrl Pts',(-25.3899691581478,-52.7482318746671,-4.21762393065411));
#2289=CARTESIAN_POINT('Ctrl Pts',(-25.4000000000015,-52.7277894413109,-4.13619017094818));
#2290=CARTESIAN_POINT('Ctrl Pts',(-25.4000000000015,-52.7277894413109,-4.05677479049889));
#2291=CARTESIAN_POINT('Origin',(-26.4000000000015,-52.7277894413109,-4.05677479049891));
#2292=CARTESIAN_POINT('Origin',(-26.4000000000015,-53.2277894413108,-4.0567747904989));
#2293=CARTESIAN_POINT('Origin',(0.,-50.7277894413107,-11.5567747904984));
#2294=CARTESIAN_POINT('',(-27.4,-53.2277894413109,-11.5567747904984));
#2295=CARTESIAN_POINT('',(0.,-53.2277894413109,-11.5567747904984));
#2296=CARTESIAN_POINT('Origin',(-27.4,-60.4777894413246,-0.806774790498409));
#2297=CARTESIAN_POINT('',(-27.4,-55.6027894413177,-6.05677479049891));
#2298=CARTESIAN_POINT('Origin',(-26.4,-55.6027894413177,-6.05677479049891));
#2299=CARTESIAN_POINT('',(-26.4000000000015,-50.7277894413107,-5.05677479049891));
#2300=CARTESIAN_POINT('Origin',(-26.4000000000015,-50.7277894413107,-4.05677479049891));
#2301=CARTESIAN_POINT('',(-25.4000000000015,-50.7277894413107,-4.05677479049891));
#2302=CARTESIAN_POINT('Origin',(0.,-53.2277894413107,7.94322520950031));
#2303=CARTESIAN_POINT('',(0.,-53.2277894413107,7.94322520950159));
#2304=CARTESIAN_POINT('',(-19.6750000000008,-66.9777894413368,7.9432252095003));
#2305=CARTESIAN_POINT('Origin',(-18.0750000000008,-66.9777894413368,7.9432252095003));
#2306=CARTESIAN_POINT('',(-9.62500000000099,-66.9777894413377,7.9432252095003));
#2307=CARTESIAN_POINT('Origin',(-8.02500000000099,-66.9777894413377,7.9432252095003));
#2308=CARTESIAN_POINT('Origin',(0.,-53.2277894413109,-11.5567747904984));
#2309=CARTESIAN_POINT('',(-24.4000000000015,-53.2277894413108,1.44322520950113));
#2310=CARTESIAN_POINT('Origin',(-24.4000000000015,-53.2277894413108,0.443225209501132));
#2311=CARTESIAN_POINT('',(-7.5000000000015,-53.2277894413108,1.44322520950145));
#2312=CARTESIAN_POINT('',(-3.25000000000087,-53.2277894413108,1.44322520950153));
#2313=CARTESIAN_POINT('',(-6.50000000000148,-53.2277894413108,0.443225209501473));
#2314=CARTESIAN_POINT('Origin',(-7.50000000000148,-53.2277894413108,0.44322520950145));
#2315=CARTESIAN_POINT('',(-6.50000000000137,-53.2277894413108,-4.05677479049852));
#2316=CARTESIAN_POINT('',(-6.50000000000127,-53.2277894413109,-8.30677479049854));
#2317=CARTESIAN_POINT('',(-7.50000000000135,-53.2277894413108,-5.05677479049855));
#2318=CARTESIAN_POINT('Origin',(-7.50000000000137,-53.2277894413108,-4.05677479049855));
#2319=CARTESIAN_POINT('',(-24.4000000000015,-53.2277894413108,-5.05677479049887));
#2320=CARTESIAN_POINT('',(-12.7000000000007,-53.2277894413108,-5.05677479049865));
#2321=CARTESIAN_POINT('Origin',(-24.4000000000015,-53.2277894413108,-4.05677479049887));
#2322=CARTESIAN_POINT('',(-26.1249999999998,-53.2277894413108,-7.60587834413966));
#2323=CARTESIAN_POINT('Origin',(-23.9249999999998,-53.2277894413108,-7.60587834413966));
#2324=CARTESIAN_POINT('',(-16.5250000000005,-53.2277894413108,-7.65677479049868));
#2325=CARTESIAN_POINT('Origin',(-14.3250000000005,-53.2277894413108,-7.65677479049868));
#2326=CARTESIAN_POINT('',(-6.92500000000119,-53.2277894413108,-7.60587834413935));
#2327=CARTESIAN_POINT('Origin',(-4.72500000000119,-53.2277894413108,-7.60587834413935));
#2328=CARTESIAN_POINT('',(-16.5250000000008,-53.2277894413107,4.94322520950137));
#2329=CARTESIAN_POINT('Origin',(-14.3250000000008,-53.2277894413107,4.94322520950137));
#2330=CARTESIAN_POINT('',(-6.92500000000148,-53.2277894413107,4.89232876314241));
#2331=CARTESIAN_POINT('Origin',(-4.72500000000148,-53.2277894413107,4.89232876314241));
#2332=CARTESIAN_POINT('',(-26.1250000000001,-53.2277894413107,4.89232876314199));
#2333=CARTESIAN_POINT('Origin',(-23.9250000000001,-53.2277894413107,4.89232876314199));
#2334=CARTESIAN_POINT('Origin',(0.,-70.2277894413385,9.94322520950158));
#2335=CARTESIAN_POINT('',(-5.92500000000099,-66.9777894413377,9.94322520950159));
#2336=CARTESIAN_POINT('Origin',(-8.02500000000099,-66.9777894413377,9.94322520950159));
#2337=CARTESIAN_POINT('',(-15.9750000000008,-66.9777894413368,9.94322520950159));
#2338=CARTESIAN_POINT('Origin',(-18.0750000000008,-66.9777894413368,9.94322520950159));
#2339=CARTESIAN_POINT('Origin',(0.,-50.7277894413107,9.94322520950159));
#2340=CARTESIAN_POINT('',(-25.2250000000001,-50.7277894413107,4.89232876314197));
#2341=CARTESIAN_POINT('Origin',(-23.9250000000001,-50.7277894413107,4.89232876314197));
#2342=CARTESIAN_POINT('',(-6.02500000000148,-50.7277894413107,4.89232876314238));
#2343=CARTESIAN_POINT('Origin',(-4.72500000000148,-50.7277894413107,4.89232876314238));
#2344=CARTESIAN_POINT('',(-15.6250000000008,-50.7277894413107,4.94322520950135));
#2345=CARTESIAN_POINT('Origin',(-14.3250000000008,-50.7277894413107,4.94322520950135));
#2346=CARTESIAN_POINT('',(-6.02500000000119,-50.7277894413109,-7.60587834413937));
#2347=CARTESIAN_POINT('Origin',(-4.72500000000119,-50.7277894413109,-7.60587834413937));
#2348=CARTESIAN_POINT('',(-15.6250000000005,-50.7277894413109,-7.6567747904987));
#2349=CARTESIAN_POINT('Origin',(-14.3250000000005,-50.7277894413109,-7.6567747904987));
#2350=CARTESIAN_POINT('',(-25.2249999999998,-50.7277894413109,-7.60587834413968));
#2351=CARTESIAN_POINT('Origin',(-23.9249999999998,-50.7277894413109,-7.60587834413968));
#2352=CARTESIAN_POINT('Origin',(-7.50000000000148,-55.5135758789377,0.443225209501471));
#2353=CARTESIAN_POINT('',(-7.50000000000149,-56.2206826601242,1.15033199068802));
#2354=CARTESIAN_POINT('',(-7.5000000000015,-55.5135758789377,1.44322520950147));
#2355=CARTESIAN_POINT('Origin',(-7.50000000000148,-55.5135758789377,0.44322520950147));
#2356=CARTESIAN_POINT('',(-6.50000000000148,-55.5135758789377,0.443225209501493));
#2357=CARTESIAN_POINT('Origin',(-7.50000000000148,-55.5135758789377,0.443225209501471));
#2358=CARTESIAN_POINT('Origin',(-7.50000000000148,-55.5135758789377,0.44322520950147));
#2359=CARTESIAN_POINT('Origin',(-24.4000000000015,-55.5135758789377,0.443225209501151));
#2360=CARTESIAN_POINT('',(-25.4000000000015,-55.5135758789377,0.443225209501152));
#2361=CARTESIAN_POINT('',(-24.4000000000015,-55.5135758789377,1.44322520950115));
#2362=CARTESIAN_POINT('Origin',(-24.4000000000015,-55.5135758789377,0.443225209501153));
#2363=CARTESIAN_POINT('',(-24.4000000000015,-56.2206826601242,1.1503319906877));
#2364=CARTESIAN_POINT('Origin',(-24.4000000000015,-55.5135758789377,0.443225209501151));
#2365=CARTESIAN_POINT('Origin',(-24.4000000000015,-55.5135758789377,0.443225209501152));
#2366=CARTESIAN_POINT('Origin',(-7.50000000000147,-55.9277894413108,0.0290116471283764));
#2367=CARTESIAN_POINT('',(-7.50000000000148,-56.6348962224973,0.736118428314933));
#2368=CARTESIAN_POINT('',(-6.50000000000147,-55.9277894413108,0.0290116471284015));
#2369=CARTESIAN_POINT('Origin',(-7.50000000000147,-55.9277894413108,0.0290116471283842));
#2370=CARTESIAN_POINT('',(-7.50000000000147,-56.9277894413108,0.0290116471283852));
#2371=CARTESIAN_POINT('Origin',(-7.50000000000147,-55.9277894413108,0.0290116471283764));
#2372=CARTESIAN_POINT('Origin',(-7.50000000000147,-55.9277894413108,0.0290116471283802));
#2373=CARTESIAN_POINT('Origin',(-24.4000000000015,-55.9277894413108,0.0290116471280588));
#2374=CARTESIAN_POINT('',(-25.4000000000015,-55.9277894413108,0.0290116471280688));
#2375=CARTESIAN_POINT('',(-24.4000000000015,-56.6348962224973,0.736118428314616));
#2376=CARTESIAN_POINT('Origin',(-24.4000000000015,-55.9277894413108,0.0290116471280669));
#2377=CARTESIAN_POINT('',(-24.4000000000015,-56.9277894413108,0.0290116471280674));
#2378=CARTESIAN_POINT('Origin',(-24.4000000000015,-55.9277894413108,0.0290116471280588));
#2379=CARTESIAN_POINT('Origin',(-24.4000000000015,-55.9277894413108,0.0290116471280586));
#2380=CARTESIAN_POINT('Origin',(-7.50000000000138,-55.9277894413108,-3.64256122812542));
#2381=CARTESIAN_POINT('',(-6.50000000000138,-55.9277894413108,-3.6425612281254));
#2382=CARTESIAN_POINT('',(-7.50000000000137,-56.6348962224974,-4.34966800931195));
#2383=CARTESIAN_POINT('Origin',(-7.50000000000138,-55.9277894413108,-3.64256122812542));
#2384=CARTESIAN_POINT('',(-7.50000000000138,-56.9277894413108,-3.64256122812541));
#2385=CARTESIAN_POINT('Origin',(-7.50000000000138,-55.9277894413108,-3.64256122812542));
#2386=CARTESIAN_POINT('Origin',(-7.50000000000138,-55.9277894413108,-3.64256122812542));
#2387=CARTESIAN_POINT('Origin',(-7.50000000000139,-55.9277894413108,-3.43177479049851));
#2388=CARTESIAN_POINT('',(-7.50000000000139,-56.9277894413108,-3.4317747904985));
#2389=CARTESIAN_POINT('',(-6.50000000000139,-55.9277894413108,-3.43177479049848));
#2390=CARTESIAN_POINT('Origin',(-24.4000000000015,-55.9277894413108,-3.64256122812574));
#2391=CARTESIAN_POINT('',(-24.4000000000015,-56.6348962224974,-4.34966800931227));
#2392=CARTESIAN_POINT('',(-25.4000000000015,-55.9277894413108,-3.64256122812574));
#2393=CARTESIAN_POINT('Origin',(-24.4000000000015,-55.9277894413108,-3.64256122812573));
#2394=CARTESIAN_POINT('',(-24.4000000000015,-56.9277894413108,-3.64256122812573));
#2395=CARTESIAN_POINT('Origin',(-24.4000000000015,-55.9277894413108,-3.64256122812574));
#2396=CARTESIAN_POINT('Origin',(-24.4000000000015,-55.9277894413108,-3.64256122812574));
#2397=CARTESIAN_POINT('Origin',(-18.3125000000014,-55.9277894413108,-3.64256122812562));
#2398=CARTESIAN_POINT('',(-18.3125000000014,-56.6348962224974,-4.34966800931216));
#2399=CARTESIAN_POINT('',(-18.3125000000014,-56.9277894413108,-3.64256122812562));
#2400=CARTESIAN_POINT('Origin',(-24.4000000000015,-55.9277894413108,-3.43177479049878));
#2401=CARTESIAN_POINT('',(-24.4000000000015,-56.9277894413108,-3.43177479049877));
#2402=CARTESIAN_POINT('',(-25.4000000000015,-55.9277894413108,-3.43177479049878));
#2403=CARTESIAN_POINT('Origin',(-7.50000000000137,-55.5135758789377,-4.05677479049853));
#2404=CARTESIAN_POINT('',(-6.50000000000137,-55.5135758789377,-4.0567747904985));
#2405=CARTESIAN_POINT('',(-7.50000000000135,-55.5135758789377,-5.05677479049853));
#2406=CARTESIAN_POINT('Origin',(-7.50000000000137,-55.5135758789377,-4.05677479049853));
#2407=CARTESIAN_POINT('',(-7.50000000000136,-56.2206826601243,-4.76388157168506));
#2408=CARTESIAN_POINT('Origin',(-7.50000000000137,-55.5135758789377,-4.05677479049853));
#2409=CARTESIAN_POINT('Origin',(-7.50000000000137,-55.5135758789377,-4.05677479049853));
#2410=CARTESIAN_POINT('Origin',(-7.50000000000135,-54.7956826601243,-4.77466800931198));
#2411=CARTESIAN_POINT('',(-7.50000000000134,-55.5027894413109,-5.48177479049852));
#2412=CARTESIAN_POINT('',(-6.50000000000136,-54.7956826601243,-4.77466800931196));
#2413=CARTESIAN_POINT('Origin',(-24.4000000000015,-55.5135758789377,-4.05677479049885));
#2414=CARTESIAN_POINT('',(-24.4000000000015,-55.5135758789377,-5.05677479049885));
#2415=CARTESIAN_POINT('',(-25.4000000000015,-55.5135758789377,-4.05677479049885));
#2416=CARTESIAN_POINT('Origin',(-24.4000000000015,-55.5135758789377,-4.05677479049885));
#2417=CARTESIAN_POINT('',(-24.4000000000015,-56.2206826601243,-4.76388157168538));
#2418=CARTESIAN_POINT('Origin',(-24.4000000000015,-55.5135758789377,-4.05677479049885));
#2419=CARTESIAN_POINT('Origin',(-24.4000000000015,-55.5135758789377,-4.05677479049885));
#2420=CARTESIAN_POINT('Origin',(-23.0375000000014,-55.5135758789377,-4.05677479049882));
#2421=CARTESIAN_POINT('',(-23.0375000000014,-56.2206826601243,-4.76388157168536));
#2422=CARTESIAN_POINT('',(-23.0375000000014,-55.5135758789377,-5.05677479049882));
#2423=CARTESIAN_POINT('Origin',(-24.4000000000015,-54.1706826601243,-5.39966800931234));
#2424=CARTESIAN_POINT('',(-24.4000000000015,-54.8777894413108,-6.10677479049888));
#2425=CARTESIAN_POINT('',(-25.4000000000015,-54.1706826601243,-5.39966800931234));
#2426=CARTESIAN_POINT('Origin',(-24.4000000000015,-51.9777894413108,-4.05677479049888));
#2427=CARTESIAN_POINT('',(-24.4000000000015,-51.9777894413108,-5.05677479049888));
#2428=CARTESIAN_POINT('',(-25.4000000000015,-50.7277894413107,-4.05677479049891));
#2429=CARTESIAN_POINT('Origin',(-7.50000000000137,-53.2277894413108,-4.05677479049855));
#2430=CARTESIAN_POINT('',(-6.50000000000137,-53.2277894413108,-4.05677479049852));
#2431=CARTESIAN_POINT('',(-7.50000000000135,-53.2277894413108,-5.05677479049855));
#2432=CARTESIAN_POINT('Origin',(-13.5875000000015,-55.9277894413108,0.0290116471282619));
#2433=CARTESIAN_POINT('',(-13.5875000000015,-56.6348962224973,0.736118428314818));
#2434=CARTESIAN_POINT('',(-13.5875000000015,-56.9277894413108,0.0290116471282708));
#2435=CARTESIAN_POINT('Origin',(-24.4000000000015,-55.7956826601242,0.161118428314696));
#2436=CARTESIAN_POINT('',(-24.4000000000015,-56.5027894413107,0.868225209501249));
#2437=CARTESIAN_POINT('',(-25.4000000000015,-55.7956826601242,0.161118428314696));
#2438=CARTESIAN_POINT('Origin',(-7.50000000000146,-56.4206826601242,-0.463881571685058));
#2439=CARTESIAN_POINT('',(-7.50000000000147,-57.1277894413108,0.243225209501493));
#2440=CARTESIAN_POINT('',(-6.50000000000146,-56.4206826601242,-0.463881571685035));
#2441=CARTESIAN_POINT('Origin',(-8.86250000000148,-55.5135758789377,0.443225209501444));
#2442=CARTESIAN_POINT('',(-8.86250000000149,-56.2206826601242,1.150331990688));
#2443=CARTESIAN_POINT('',(-8.86250000000149,-55.5135758789377,1.44322520950144));
#2444=CARTESIAN_POINT('Origin',(-24.4000000000015,-51.9777894413107,0.443225209501121));
#2445=CARTESIAN_POINT('',(-25.4000000000015,-50.7277894413107,0.443225209501075));
#2446=CARTESIAN_POINT('',(-24.4000000000015,-51.9777894413107,1.44322520950112));
#2447=CARTESIAN_POINT('Origin',(-7.50000000000148,-53.2277894413108,0.44322520950145));
#2448=CARTESIAN_POINT('',(-7.5000000000015,-53.2277894413108,1.44322520950145));
#2449=CARTESIAN_POINT('',(-6.50000000000148,-53.2277894413108,0.443225209501473));
#2450=CARTESIAN_POINT('Origin',(-25.4000000000015,-50.7277894413107,-5.05677479049893));
#2451=CARTESIAN_POINT('',(-25.4000000000015,-50.7277894413107,0.443225209501075));
#2452=CARTESIAN_POINT('Origin',(-6.5000000000015,-53.2277894413108,1.44322520950147));
#2453=CARTESIAN_POINT('Origin',(-15.9500000000014,-56.9277894413108,-1.80677479049868));
#2454=CARTESIAN_POINT('Origin',(-20.6750000000014,-56.4277894413108,-4.55677479049877));
#2455=CARTESIAN_POINT('Origin',(-11.2250000000015,-56.4277894413108,0.943225209501408));
#2456=CARTESIAN_POINT('Origin',(-6.50000000000135,-53.2277894413108,-5.05677479049853));
#2457=CARTESIAN_POINT('Origin',(-25.4000000000014,-53.2277894413108,-5.05677479049889));
#2458=CARTESIAN_POINT('Origin',(-8.02500000000099,-66.9777894413377,9.69322520950159));
#2459=CARTESIAN_POINT('',(-6.42500000000099,-66.9777894413377,9.44322520950159));
#2460=CARTESIAN_POINT('',(-6.17500000000099,-66.9777894413377,9.69322520950159));
#2461=CARTESIAN_POINT('',(-9.62500000000099,-66.9777894413377,9.44322520950159));
#2462=CARTESIAN_POINT('Origin',(-8.02500000000099,-66.9777894413377,9.44322520950159));
#2463=CARTESIAN_POINT('Origin',(-8.02500000000099,-66.9777894413377,9.44322520950159));
#2464=CARTESIAN_POINT('Origin',(-8.02500000000099,-66.9777894413377,4.94322520950159));
#2465=CARTESIAN_POINT('',(-9.62500000000099,-66.9777894413377,4.94322520950159));
#2466=CARTESIAN_POINT('Origin',(-18.0750000000008,-66.9777894413368,9.69322520950159));
#2467=CARTESIAN_POINT('',(-16.4750000000008,-66.9777894413368,9.44322520950159));
#2468=CARTESIAN_POINT('',(-16.2250000000008,-66.9777894413368,9.69322520950159));
#2469=CARTESIAN_POINT('',(-19.6750000000008,-66.9777894413368,9.44322520950159));
#2470=CARTESIAN_POINT('Origin',(-18.0750000000008,-66.9777894413368,9.44322520950159));
#2471=CARTESIAN_POINT('Origin',(-18.0750000000008,-66.9777894413368,9.44322520950159));
#2472=CARTESIAN_POINT('Origin',(-18.0750000000008,-66.9777894413368,4.94322520950159));
#2473=CARTESIAN_POINT('',(-19.6750000000008,-66.9777894413368,4.94322520950159));
#2474=CARTESIAN_POINT('Origin',(-26.4,-55.6027894413177,2.44322520950107));
#2475=CARTESIAN_POINT('',(-26.4000000000015,-50.7277894413107,1.44322520950107));
#2476=CARTESIAN_POINT('',(-27.4,-55.6027894413177,2.44322520950107));
#2477=CARTESIAN_POINT('Origin',(-26.4000000000015,-50.7277894413107,0.443225209501075));
#2478=CARTESIAN_POINT('Origin',(-23.9249999999998,-51.7277894413108,-7.60587834413968));
#2479=CARTESIAN_POINT('',(-26.1249999999998,-51.7277894413108,-7.60587834413968));
#2480=CARTESIAN_POINT('Origin',(-23.9249999999998,-51.7277894413108,-7.60587834413968));
#2481=CARTESIAN_POINT('',(-25.2249999999998,-51.7277894413108,-7.60587834413968));
#2482=CARTESIAN_POINT('Origin',(-23.9249999999998,-51.7277894413108,-7.60587834413968));
#2483=CARTESIAN_POINT('Origin',(-23.9249999999998,-52.4777894413108,-7.60587834413967));
#2484=CARTESIAN_POINT('',(-26.1249999999998,-52.4777894413108,-7.60587834413967));
#2485=CARTESIAN_POINT('Origin',(-23.9249999999998,-47.4777894413108,-7.60587834413971));
#2486=CARTESIAN_POINT('',(-25.2249999999998,-47.4777894413108,-7.60587834413971));
#2487=CARTESIAN_POINT('Origin',(-14.3250000000005,-51.7277894413108,-7.65677479049869));
#2488=CARTESIAN_POINT('',(-16.5250000000005,-51.7277894413108,-7.65677479049869));
#2489=CARTESIAN_POINT('Origin',(-14.3250000000005,-51.7277894413108,-7.65677479049869));
#2490=CARTESIAN_POINT('',(-15.6250000000005,-51.7277894413108,-7.65677479049869));
#2491=CARTESIAN_POINT('Origin',(-14.3250000000005,-51.7277894413108,-7.65677479049869));
#2492=CARTESIAN_POINT('Origin',(-14.3250000000005,-52.4777894413108,-7.65677479049868));
#2493=CARTESIAN_POINT('',(-16.5250000000005,-52.4777894413108,-7.65677479049868));
#2494=CARTESIAN_POINT('Origin',(-14.3250000000005,-47.4777894413108,-7.65677479049873));
#2495=CARTESIAN_POINT('',(-15.6250000000005,-47.4777894413108,-7.65677479049873));
#2496=CARTESIAN_POINT('Origin',(-4.72500000000119,-51.7277894413108,-7.60587834413936));
#2497=CARTESIAN_POINT('',(-6.92500000000119,-51.7277894413108,-7.60587834413936));
#2498=CARTESIAN_POINT('Origin',(-4.72500000000119,-51.7277894413108,-7.60587834413936));
#2499=CARTESIAN_POINT('',(-6.02500000000119,-51.7277894413108,-7.60587834413936));
#2500=CARTESIAN_POINT('Origin',(-4.72500000000119,-51.7277894413108,-7.60587834413936));
#2501=CARTESIAN_POINT('Origin',(-4.72500000000119,-52.4777894413108,-7.60587834413936));
#2502=CARTESIAN_POINT('',(-6.92500000000119,-52.4777894413108,-7.60587834413936));
#2503=CARTESIAN_POINT('Origin',(-4.72500000000119,-47.4777894413108,-7.6058783441394));
#2504=CARTESIAN_POINT('',(-6.02500000000119,-47.4777894413108,-7.6058783441394));
#2505=CARTESIAN_POINT('Origin',(-14.3250000000008,-51.7277894413107,4.94322520950136));
#2506=CARTESIAN_POINT('',(-16.5250000000008,-51.7277894413107,4.94322520950136));
#2507=CARTESIAN_POINT('Origin',(-14.3250000000008,-51.7277894413107,4.94322520950136));
#2508=CARTESIAN_POINT('',(-15.6250000000008,-51.7277894413107,4.94322520950136));
#2509=CARTESIAN_POINT('Origin',(-14.3250000000008,-51.7277894413107,4.94322520950136));
#2510=CARTESIAN_POINT('Origin',(-14.3250000000008,-52.4777894413107,4.94322520950136));
#2511=CARTESIAN_POINT('',(-16.5250000000008,-52.4777894413107,4.94322520950136));
#2512=CARTESIAN_POINT('Origin',(-14.3250000000008,-47.4777894413107,4.94322520950132));
#2513=CARTESIAN_POINT('',(-15.6250000000008,-47.4777894413107,4.94322520950132));
#2514=CARTESIAN_POINT('Origin',(-4.72500000000148,-51.7277894413107,4.89232876314239));
#2515=CARTESIAN_POINT('',(-6.92500000000148,-51.7277894413107,4.89232876314239));
#2516=CARTESIAN_POINT('Origin',(-4.72500000000148,-51.7277894413107,4.89232876314239));
#2517=CARTESIAN_POINT('',(-6.02500000000148,-51.7277894413107,4.89232876314239));
#2518=CARTESIAN_POINT('Origin',(-4.72500000000148,-51.7277894413107,4.89232876314239));
#2519=CARTESIAN_POINT('Origin',(-4.72500000000148,-52.4777894413107,4.8923287631424));
#2520=CARTESIAN_POINT('',(-6.92500000000148,-52.4777894413107,4.8923287631424));
#2521=CARTESIAN_POINT('Origin',(-4.72500000000148,-47.4777894413107,4.89232876314236));
#2522=CARTESIAN_POINT('',(-6.02500000000148,-47.4777894413107,4.89232876314236));
#2523=CARTESIAN_POINT('Origin',(-23.9250000000001,-51.7277894413107,4.89232876314198));
#2524=CARTESIAN_POINT('',(-26.1250000000001,-51.7277894413107,4.89232876314198));
#2525=CARTESIAN_POINT('Origin',(-23.9250000000001,-51.7277894413107,4.89232876314198));
#2526=CARTESIAN_POINT('',(-25.2250000000001,-51.7277894413107,4.89232876314198));
#2527=CARTESIAN_POINT('Origin',(-23.9250000000001,-51.7277894413107,4.89232876314198));
#2528=CARTESIAN_POINT('Origin',(-23.9250000000001,-52.4777894413107,4.89232876314199));
#2529=CARTESIAN_POINT('',(-26.1250000000001,-52.4777894413107,4.89232876314199));
#2530=CARTESIAN_POINT('Origin',(-23.9250000000001,-47.4777894413107,4.89232876314194));
#2531=CARTESIAN_POINT('',(-25.2250000000001,-47.4777894413107,4.89232876314194));
#2532=CARTESIAN_POINT('Origin',(0.,-70.2277894413385,7.94322520950314));
#2533=CARTESIAN_POINT('',(-27.4,-70.2277894413385,9.94322520950158));
#2534=CARTESIAN_POINT('Origin',(0.,-60.4777894413246,-0.80677479049841));
#2535=CARTESIAN_POINT('Origin',(-27.4,-60.4777894413246,-0.806774790498409));
#2536=UNCERTAINTY_MEASURE_WITH_UNIT(LENGTH_MEASURE(0.01),#2540,
'DISTANCE_ACCURACY_VALUE',
'Maximum model space distance between geometric entities at asserted c
onnectivities');
#2537=UNCERTAINTY_MEASURE_WITH_UNIT(LENGTH_MEASURE(0.01),#2540,
'DISTANCE_ACCURACY_VALUE',
'Maximum model space distance between geometric entities at asserted c
onnectivities');
#2538=(
GEOMETRIC_REPRESENTATION_CONTEXT(3)
GLOBAL_UNCERTAINTY_ASSIGNED_CONTEXT((#2536))
GLOBAL_UNIT_ASSIGNED_CONTEXT((#2540,#2542,#2543))
REPRESENTATION_CONTEXT('','3D')
);
#2539=(
GEOMETRIC_REPRESENTATION_CONTEXT(3)
GLOBAL_UNCERTAINTY_ASSIGNED_CONTEXT((#2537))
GLOBAL_UNIT_ASSIGNED_CONTEXT((#2540,#2542,#2543))
REPRESENTATION_CONTEXT('','3D')
);
#2540=(
LENGTH_UNIT()
NAMED_UNIT(*)
SI_UNIT(.MILLI.,.METRE.)
);
#2541=(
LENGTH_UNIT()
NAMED_UNIT(*)
SI_UNIT(.CENTI.,.METRE.)
);
#2542=(
NAMED_UNIT(*)
PLANE_ANGLE_UNIT()
SI_UNIT($,.RADIAN.)
);
#2543=(
NAMED_UNIT(*)
SI_UNIT($,.STERADIAN.)
SOLID_ANGLE_UNIT()
);
#2544=SHAPE_DEFINITION_REPRESENTATION(#2545,#2546);
#2545=PRODUCT_DEFINITION_SHAPE('',$,#2548);
#2546=SHAPE_REPRESENTATION('',(#1484),#2538);
#2547=PRODUCT_DEFINITION_CONTEXT('part definition',#2552,'design');
#2548=PRODUCT_DEFINITION('BackLunaRecoveryHold','BackLunaRecoveryHold',
#2549,#2547);
#2549=PRODUCT_DEFINITION_FORMATION('',$,#2554);
#2550=PRODUCT_RELATED_PRODUCT_CATEGORY('BackLunaRecoveryHold',
'BackLunaRecoveryHold',(#2554));
#2551=APPLICATION_PROTOCOL_DEFINITION('international standard',
'automotive_design',2009,#2552);
#2552=APPLICATION_CONTEXT(
'Core Data for Automotive Mechanical Design Process');
#2553=PRODUCT_CONTEXT('part definition',#2552,'mechanical');
#2554=PRODUCT('BackLunaRecoveryHold','BackLunaRecoveryHold',$,(#2553));
#2555=PRESENTATION_STYLE_ASSIGNMENT((#2556));
#2556=SURFACE_STYLE_USAGE(.BOTH.,#2559);
#2557=SURFACE_STYLE_RENDERING_WITH_PROPERTIES($,#2563,(#2558));
#2558=SURFACE_STYLE_TRANSPARENT(0.);
#2559=SURFACE_SIDE_STYLE('',(#2560,#2557));
#2560=SURFACE_STYLE_FILL_AREA(#2561);
#2561=FILL_AREA_STYLE('',(#2562));
#2562=FILL_AREA_STYLE_COLOUR('',#2563);
#2563=COLOUR_RGB('',0.749019607843137,0.749019607843137,0.749019607843137);
ENDSEC;
END-ISO-10303-21;
