ISO-10303-21;
HEADER;
/* Generated by software containing ST-Developer
 * from STEP Tools, Inc. (www.steptools.com) 
 */

FILE_DESCRIPTION(
/* description */ (''),
/* implementation_level */ '2;1');

FILE_NAME(
/* name */ 'FonrtMount.stp',
/* time_stamp */ '2026-04-07T17:21:13+02:00',
/* author */ ('szymo'),
/* organization */ (''),
/* preprocessor_version */ 'ST-DEVELOPER v20.1',
/* originating_system */ 'Autodesk Inventor 2026',
/* authorisation */ '');

FILE_SCHEMA (('AUTOMOTIVE_DESIGN { 1 0 10303 214 3 1 1 }'));
ENDSEC;

DATA;
#10=MECHANICAL_DESIGN_GEOMETRIC_PRESENTATION_REPRESENTATION('',(#13),#4838);
#11=SHAPE_REPRESENTATION_RELATIONSHIP('SRR','None',#4845,#12);
#12=ADVANCED_BREP_SHAPE_REPRESENTATION('',(#14),#4837);
#13=STYLED_ITEM('',(#4854),#14);
#14=MANIFOLD_SOLID_BREP('Solid2',#2905);
#15=ELLIPSE('',#2988,1.25076193037353,1.25);
#16=ELLIPSE('',#2990,1.25076193037353,1.25);
#17=ELLIPSE('',#2994,1.50091431644823,1.5);
#18=ELLIPSE('',#2998,5.25320010756897,5.25000000000017);
#19=ELLIPSE('',#3009,1.50091431644823,1.5);
#20=ELLIPSE('',#3018,1.25076193037353,1.25);
#21=ELLIPSE('',#3023,1.50091431644823,1.5);
#22=ELLIPSE('',#3029,2.82842712474619,2.);
#23=ELLIPSE('',#3031,2.82842712474619,2.);
#24=ELLIPSE('',#3041,4.55307982004023,4.50000000000015);
#25=ELLIPSE('',#3044,4.55307982004024,4.50000000000015);
#26=ELLIPSE('',#3049,5.25320010756897,5.25000000000017);
#27=ELLIPSE('',#3051,5.25320010756897,5.25000000000017);
#28=ELLIPSE('',#3066,1.25076193037353,1.25);
#29=ELLIPSE('',#3067,1.25076193037353,1.25);
#30=ELLIPSE('',#3071,5.25320010756897,5.25000000000017);
#31=ELLIPSE('',#3072,5.25320010756897,5.25000000000017);
#32=ELLIPSE('',#3073,5.25320010756897,5.25000000000017);
#33=ELLIPSE('',#3074,1.50091431644823,1.5);
#34=ELLIPSE('',#3075,1.50091431644823,1.5);
#35=ELLIPSE('',#3076,1.50091431644823,1.5);
#36=ELLIPSE('',#3134,1.25076193037353,1.25);
#37=ELLIPSE('',#3151,2.82842712474619,2.);
#38=ELLIPSE('',#3153,2.82842712474619,2.);
#39=ELLIPSE('',#3162,4.55307982004023,4.50000000000015);
#40=ELLIPSE('',#3165,4.55307982004024,4.50000000000015);
#41=FACE_BOUND('',#400,.T.);
#42=FACE_BOUND('',#405,.T.);
#43=FACE_BOUND('',#411,.T.);
#44=FACE_BOUND('',#422,.T.);
#45=FACE_BOUND('',#428,.T.);
#46=FACE_BOUND('',#450,.T.);
#47=FACE_BOUND('',#452,.T.);
#48=FACE_BOUND('',#458,.T.);
#49=FACE_BOUND('',#459,.T.);
#50=FACE_BOUND('',#460,.T.);
#51=FACE_BOUND('',#461,.T.);
#52=FACE_BOUND('',#465,.T.);
#53=FACE_BOUND('',#466,.T.);
#54=FACE_BOUND('',#467,.T.);
#55=FACE_BOUND('',#468,.T.);
#56=FACE_BOUND('',#469,.T.);
#57=FACE_BOUND('',#470,.T.);
#58=FACE_BOUND('',#471,.T.);
#59=FACE_BOUND('',#472,.T.);
#60=FACE_BOUND('',#473,.T.);
#61=FACE_BOUND('',#474,.T.);
#62=FACE_BOUND('',#476,.T.);
#63=FACE_BOUND('',#488,.T.);
#64=FACE_BOUND('',#493,.T.);
#65=FACE_BOUND('',#498,.T.);
#66=FACE_BOUND('',#507,.T.);
#67=FACE_BOUND('',#509,.T.);
#68=FACE_BOUND('',#515,.T.);
#69=FACE_BOUND('',#520,.T.);
#70=FACE_BOUND('',#524,.T.);
#71=FACE_BOUND('',#555,.T.);
#72=FACE_BOUND('',#556,.T.);
#73=FACE_BOUND('',#557,.T.);
#74=FACE_BOUND('',#558,.T.);
#75=FACE_BOUND('',#559,.T.);
#76=FACE_BOUND('',#561,.T.);
#77=FACE_BOUND('',#562,.T.);
#78=FACE_BOUND('',#563,.T.);
#79=FACE_BOUND('',#564,.T.);
#80=FACE_BOUND('',#565,.T.);
#81=FACE_BOUND('',#566,.T.);
#82=FACE_BOUND('',#568,.T.);
#83=FACE_BOUND('',#569,.T.);
#84=FACE_BOUND('',#570,.T.);
#85=FACE_BOUND('',#571,.T.);
#86=FACE_BOUND('',#572,.T.);
#87=PLANE('',#2963);
#88=PLANE('',#2964);
#89=PLANE('',#2965);
#90=PLANE('',#2966);
#91=PLANE('',#2967);
#92=PLANE('',#2968);
#93=PLANE('',#2969);
#94=PLANE('',#2970);
#95=PLANE('',#2977);
#96=PLANE('',#2978);
#97=PLANE('',#2985);
#98=PLANE('',#2991);
#99=PLANE('',#2995);
#100=PLANE('',#2996);
#101=PLANE('',#3000);
#102=PLANE('',#3001);
#103=PLANE('',#3002);
#104=PLANE('',#3003);
#105=PLANE('',#3004);
#106=PLANE('',#3005);
#107=PLANE('',#3014);
#108=PLANE('',#3020);
#109=PLANE('',#3024);
#110=PLANE('',#3025);
#111=PLANE('',#3026);
#112=PLANE('',#3034);
#113=PLANE('',#3035);
#114=PLANE('',#3036);
#115=PLANE('',#3037);
#116=PLANE('',#3038);
#117=PLANE('',#3039);
#118=PLANE('',#3046);
#119=PLANE('',#3052);
#120=PLANE('',#3053);
#121=PLANE('',#3054);
#122=PLANE('',#3055);
#123=PLANE('',#3056);
#124=PLANE('',#3063);
#125=PLANE('',#3064);
#126=PLANE('',#3065);
#127=PLANE('',#3068);
#128=PLANE('',#3069);
#129=PLANE('',#3070);
#130=PLANE('',#3077);
#131=PLANE('',#3078);
#132=PLANE('',#3079);
#133=PLANE('',#3080);
#134=PLANE('',#3081);
#135=PLANE('',#3082);
#136=PLANE('',#3083);
#137=PLANE('',#3084);
#138=PLANE('',#3085);
#139=PLANE('',#3086);
#140=PLANE('',#3087);
#141=PLANE('',#3088);
#142=PLANE('',#3095);
#143=PLANE('',#3096);
#144=PLANE('',#3103);
#145=PLANE('',#3104);
#146=PLANE('',#3111);
#147=PLANE('',#3112);
#148=PLANE('',#3113);
#149=PLANE('',#3114);
#150=PLANE('',#3115);
#151=PLANE('',#3116);
#152=PLANE('',#3117);
#153=PLANE('',#3125);
#154=PLANE('',#3126);
#155=PLANE('',#3129);
#156=PLANE('',#3135);
#157=PLANE('',#3137);
#158=PLANE('',#3142);
#159=PLANE('',#3144);
#160=PLANE('',#3145);
#161=PLANE('',#3146);
#162=PLANE('',#3147);
#163=PLANE('',#3148);
#164=PLANE('',#3156);
#165=PLANE('',#3157);
#166=PLANE('',#3158);
#167=PLANE('',#3159);
#168=PLANE('',#3160);
#169=PLANE('',#3167);
#170=PLANE('',#3171);
#171=PLANE('',#3172);
#172=PLANE('',#3174);
#173=PLANE('',#3175);
#174=PLANE('',#3176);
#175=PLANE('',#3177);
#176=PLANE('',#3178);
#177=PLANE('',#3180);
#178=PLANE('',#3181);
#179=PLANE('',#3184);
#180=PLANE('',#3185);
#181=PLANE('',#3186);
#182=PLANE('',#3187);
#183=CYLINDRICAL_SURFACE('',#2931,1.7);
#184=CYLINDRICAL_SURFACE('',#2936,1.7);
#185=CYLINDRICAL_SURFACE('',#2941,1.7);
#186=CYLINDRICAL_SURFACE('',#2946,1.7);
#187=CYLINDRICAL_SURFACE('',#2948,1.2295);
#188=CYLINDRICAL_SURFACE('',#2951,1.2295);
#189=CYLINDRICAL_SURFACE('',#2954,1.2295);
#190=CYLINDRICAL_SURFACE('',#2957,1.2295);
#191=CYLINDRICAL_SURFACE('',#2960,1.2295);
#192=CYLINDRICAL_SURFACE('',#2973,2.25);
#193=CYLINDRICAL_SURFACE('',#2975,2.);
#194=CYLINDRICAL_SURFACE('',#2981,2.25);
#195=CYLINDRICAL_SURFACE('',#2983,2.);
#196=CYLINDRICAL_SURFACE('',#2986,1.25);
#197=CYLINDRICAL_SURFACE('',#2993,1.5);
#198=CYLINDRICAL_SURFACE('',#2997,5.25000000000017);
#199=CYLINDRICAL_SURFACE('',#3008,1.5);
#200=CYLINDRICAL_SURFACE('',#3012,1.25);
#201=CYLINDRICAL_SURFACE('',#3015,1.25);
#202=CYLINDRICAL_SURFACE('',#3022,1.5);
#203=CYLINDRICAL_SURFACE('',#3027,2.);
#204=CYLINDRICAL_SURFACE('',#3030,2.);
#205=CYLINDRICAL_SURFACE('',#3032,2.);
#206=CYLINDRICAL_SURFACE('',#3040,4.50000000000015);
#207=CYLINDRICAL_SURFACE('',#3043,4.50000000000015);
#208=CYLINDRICAL_SURFACE('',#3048,5.25000000000017);
#209=CYLINDRICAL_SURFACE('',#3059,2.25);
#210=CYLINDRICAL_SURFACE('',#3061,2.);
#211=CYLINDRICAL_SURFACE('',#3091,2.25);
#212=CYLINDRICAL_SURFACE('',#3093,2.);
#213=CYLINDRICAL_SURFACE('',#3099,2.25);
#214=CYLINDRICAL_SURFACE('',#3101,2.);
#215=CYLINDRICAL_SURFACE('',#3107,2.25);
#216=CYLINDRICAL_SURFACE('',#3109,2.);
#217=CYLINDRICAL_SURFACE('',#3120,1.5);
#218=CYLINDRICAL_SURFACE('',#3123,1.25);
#219=CYLINDRICAL_SURFACE('',#3132,1.5);
#220=CYLINDRICAL_SURFACE('',#3133,1.25);
#221=CYLINDRICAL_SURFACE('',#3140,1.5);
#222=CYLINDRICAL_SURFACE('',#3141,1.25);
#223=CYLINDRICAL_SURFACE('',#3149,2.);
#224=CYLINDRICAL_SURFACE('',#3152,2.);
#225=CYLINDRICAL_SURFACE('',#3154,2.);
#226=CYLINDRICAL_SURFACE('',#3161,4.50000000000015);
#227=CYLINDRICAL_SURFACE('',#3164,4.50000000000015);
#228=CYLINDRICAL_SURFACE('',#3169,5.25000000000017);
#229=CYLINDRICAL_SURFACE('',#3173,5.25000000000017);
#230=CYLINDRICAL_SURFACE('',#3183,14.4999999999999);
#231=FACE_OUTER_BOUND('',#379,.T.);
#232=FACE_OUTER_BOUND('',#380,.T.);
#233=FACE_OUTER_BOUND('',#381,.T.);
#234=FACE_OUTER_BOUND('',#382,.T.);
#235=FACE_OUTER_BOUND('',#383,.T.);
#236=FACE_OUTER_BOUND('',#384,.T.);
#237=FACE_OUTER_BOUND('',#385,.T.);
#238=FACE_OUTER_BOUND('',#386,.T.);
#239=FACE_OUTER_BOUND('',#387,.T.);
#240=FACE_OUTER_BOUND('',#388,.T.);
#241=FACE_OUTER_BOUND('',#389,.T.);
#242=FACE_OUTER_BOUND('',#390,.T.);
#243=FACE_OUTER_BOUND('',#391,.T.);
#244=FACE_OUTER_BOUND('',#392,.T.);
#245=FACE_OUTER_BOUND('',#393,.T.);
#246=FACE_OUTER_BOUND('',#394,.T.);
#247=FACE_OUTER_BOUND('',#395,.T.);
#248=FACE_OUTER_BOUND('',#396,.T.);
#249=FACE_OUTER_BOUND('',#397,.T.);
#250=FACE_OUTER_BOUND('',#398,.T.);
#251=FACE_OUTER_BOUND('',#399,.T.);
#252=FACE_OUTER_BOUND('',#401,.T.);
#253=FACE_OUTER_BOUND('',#402,.T.);
#254=FACE_OUTER_BOUND('',#403,.T.);
#255=FACE_OUTER_BOUND('',#404,.T.);
#256=FACE_OUTER_BOUND('',#406,.T.);
#257=FACE_OUTER_BOUND('',#407,.T.);
#258=FACE_OUTER_BOUND('',#408,.T.);
#259=FACE_OUTER_BOUND('',#409,.T.);
#260=FACE_OUTER_BOUND('',#410,.T.);
#261=FACE_OUTER_BOUND('',#412,.T.);
#262=FACE_OUTER_BOUND('',#413,.T.);
#263=FACE_OUTER_BOUND('',#414,.T.);
#264=FACE_OUTER_BOUND('',#415,.T.);
#265=FACE_OUTER_BOUND('',#416,.T.);
#266=FACE_OUTER_BOUND('',#417,.T.);
#267=FACE_OUTER_BOUND('',#418,.T.);
#268=FACE_OUTER_BOUND('',#419,.T.);
#269=FACE_OUTER_BOUND('',#420,.T.);
#270=FACE_OUTER_BOUND('',#421,.T.);
#271=FACE_OUTER_BOUND('',#423,.T.);
#272=FACE_OUTER_BOUND('',#424,.T.);
#273=FACE_OUTER_BOUND('',#425,.T.);
#274=FACE_OUTER_BOUND('',#426,.T.);
#275=FACE_OUTER_BOUND('',#427,.T.);
#276=FACE_OUTER_BOUND('',#429,.T.);
#277=FACE_OUTER_BOUND('',#430,.T.);
#278=FACE_OUTER_BOUND('',#431,.T.);
#279=FACE_OUTER_BOUND('',#432,.T.);
#280=FACE_OUTER_BOUND('',#433,.T.);
#281=FACE_OUTER_BOUND('',#434,.T.);
#282=FACE_OUTER_BOUND('',#435,.T.);
#283=FACE_OUTER_BOUND('',#436,.T.);
#284=FACE_OUTER_BOUND('',#437,.T.);
#285=FACE_OUTER_BOUND('',#438,.T.);
#286=FACE_OUTER_BOUND('',#439,.T.);
#287=FACE_OUTER_BOUND('',#440,.T.);
#288=FACE_OUTER_BOUND('',#441,.T.);
#289=FACE_OUTER_BOUND('',#442,.T.);
#290=FACE_OUTER_BOUND('',#443,.T.);
#291=FACE_OUTER_BOUND('',#444,.T.);
#292=FACE_OUTER_BOUND('',#445,.T.);
#293=FACE_OUTER_BOUND('',#446,.T.);
#294=FACE_OUTER_BOUND('',#447,.T.);
#295=FACE_OUTER_BOUND('',#448,.T.);
#296=FACE_OUTER_BOUND('',#449,.T.);
#297=FACE_OUTER_BOUND('',#451,.T.);
#298=FACE_OUTER_BOUND('',#453,.T.);
#299=FACE_OUTER_BOUND('',#454,.T.);
#300=FACE_OUTER_BOUND('',#455,.T.);
#301=FACE_OUTER_BOUND('',#456,.T.);
#302=FACE_OUTER_BOUND('',#457,.T.);
#303=FACE_OUTER_BOUND('',#462,.T.);
#304=FACE_OUTER_BOUND('',#463,.T.);
#305=FACE_OUTER_BOUND('',#464,.T.);
#306=FACE_OUTER_BOUND('',#475,.T.);
#307=FACE_OUTER_BOUND('',#477,.T.);
#308=FACE_OUTER_BOUND('',#478,.T.);
#309=FACE_OUTER_BOUND('',#479,.T.);
#310=FACE_OUTER_BOUND('',#480,.T.);
#311=FACE_OUTER_BOUND('',#481,.T.);
#312=FACE_OUTER_BOUND('',#482,.T.);
#313=FACE_OUTER_BOUND('',#483,.T.);
#314=FACE_OUTER_BOUND('',#484,.T.);
#315=FACE_OUTER_BOUND('',#485,.T.);
#316=FACE_OUTER_BOUND('',#486,.T.);
#317=FACE_OUTER_BOUND('',#487,.T.);
#318=FACE_OUTER_BOUND('',#489,.T.);
#319=FACE_OUTER_BOUND('',#490,.T.);
#320=FACE_OUTER_BOUND('',#491,.T.);
#321=FACE_OUTER_BOUND('',#492,.T.);
#322=FACE_OUTER_BOUND('',#494,.T.);
#323=FACE_OUTER_BOUND('',#495,.T.);
#324=FACE_OUTER_BOUND('',#496,.T.);
#325=FACE_OUTER_BOUND('',#497,.T.);
#326=FACE_OUTER_BOUND('',#499,.T.);
#327=FACE_OUTER_BOUND('',#500,.T.);
#328=FACE_OUTER_BOUND('',#501,.T.);
#329=FACE_OUTER_BOUND('',#502,.T.);
#330=FACE_OUTER_BOUND('',#503,.T.);
#331=FACE_OUTER_BOUND('',#504,.T.);
#332=FACE_OUTER_BOUND('',#505,.T.);
#333=FACE_OUTER_BOUND('',#506,.T.);
#334=FACE_OUTER_BOUND('',#508,.T.);
#335=FACE_OUTER_BOUND('',#510,.T.);
#336=FACE_OUTER_BOUND('',#511,.T.);
#337=FACE_OUTER_BOUND('',#512,.T.);
#338=FACE_OUTER_BOUND('',#513,.T.);
#339=FACE_OUTER_BOUND('',#514,.T.);
#340=FACE_OUTER_BOUND('',#516,.T.);
#341=FACE_OUTER_BOUND('',#517,.T.);
#342=FACE_OUTER_BOUND('',#518,.T.);
#343=FACE_OUTER_BOUND('',#519,.T.);
#344=FACE_OUTER_BOUND('',#521,.T.);
#345=FACE_OUTER_BOUND('',#522,.T.);
#346=FACE_OUTER_BOUND('',#523,.T.);
#347=FACE_OUTER_BOUND('',#525,.T.);
#348=FACE_OUTER_BOUND('',#526,.T.);
#349=FACE_OUTER_BOUND('',#527,.T.);
#350=FACE_OUTER_BOUND('',#528,.T.);
#351=FACE_OUTER_BOUND('',#529,.T.);
#352=FACE_OUTER_BOUND('',#530,.T.);
#353=FACE_OUTER_BOUND('',#531,.T.);
#354=FACE_OUTER_BOUND('',#532,.T.);
#355=FACE_OUTER_BOUND('',#533,.T.);
#356=FACE_OUTER_BOUND('',#534,.T.);
#357=FACE_OUTER_BOUND('',#535,.T.);
#358=FACE_OUTER_BOUND('',#536,.T.);
#359=FACE_OUTER_BOUND('',#537,.T.);
#360=FACE_OUTER_BOUND('',#538,.T.);
#361=FACE_OUTER_BOUND('',#539,.T.);
#362=FACE_OUTER_BOUND('',#540,.T.);
#363=FACE_OUTER_BOUND('',#541,.T.);
#364=FACE_OUTER_BOUND('',#542,.T.);
#365=FACE_OUTER_BOUND('',#543,.T.);
#366=FACE_OUTER_BOUND('',#544,.T.);
#367=FACE_OUTER_BOUND('',#545,.T.);
#368=FACE_OUTER_BOUND('',#546,.T.);
#369=FACE_OUTER_BOUND('',#547,.T.);
#370=FACE_OUTER_BOUND('',#548,.T.);
#371=FACE_OUTER_BOUND('',#549,.T.);
#372=FACE_OUTER_BOUND('',#550,.T.);
#373=FACE_OUTER_BOUND('',#551,.T.);
#374=FACE_OUTER_BOUND('',#552,.T.);
#375=FACE_OUTER_BOUND('',#553,.T.);
#376=FACE_OUTER_BOUND('',#554,.T.);
#377=FACE_OUTER_BOUND('',#560,.T.);
#378=FACE_OUTER_BOUND('',#567,.T.);
#379=EDGE_LOOP('',(#1933,#1934,#1935,#1936));
#380=EDGE_LOOP('',(#1937,#1938,#1939,#1940));
#381=EDGE_LOOP('',(#1941,#1942,#1943,#1944));
#382=EDGE_LOOP('',(#1945,#1946,#1947,#1948));
#383=EDGE_LOOP('',(#1949,#1950,#1951,#1952));
#384=EDGE_LOOP('',(#1953,#1954,#1955,#1956));
#385=EDGE_LOOP('',(#1957,#1958,#1959,#1960));
#386=EDGE_LOOP('',(#1961,#1962,#1963,#1964));
#387=EDGE_LOOP('',(#1965,#1966,#1967,#1968));
#388=EDGE_LOOP('',(#1969,#1970,#1971,#1972));
#389=EDGE_LOOP('',(#1973,#1974,#1975,#1976));
#390=EDGE_LOOP('',(#1977,#1978,#1979,#1980));
#391=EDGE_LOOP('',(#1981,#1982,#1983,#1984));
#392=EDGE_LOOP('',(#1985,#1986,#1987,#1988,#1989,#1990));
#393=EDGE_LOOP('',(#1991,#1992,#1993,#1994));
#394=EDGE_LOOP('',(#1995,#1996,#1997,#1998));
#395=EDGE_LOOP('',(#1999,#2000,#2001,#2002,#2003,#2004));
#396=EDGE_LOOP('',(#2005,#2006,#2007,#2008,#2009,#2010));
#397=EDGE_LOOP('',(#2011,#2012,#2013,#2014));
#398=EDGE_LOOP('',(#2015,#2016,#2017,#2018));
#399=EDGE_LOOP('',(#2019));
#400=EDGE_LOOP('',(#2020));
#401=EDGE_LOOP('',(#2021,#2022,#2023,#2024));
#402=EDGE_LOOP('',(#2025,#2026,#2027,#2028));
#403=EDGE_LOOP('',(#2029));
#404=EDGE_LOOP('',(#2030));
#405=EDGE_LOOP('',(#2031));
#406=EDGE_LOOP('',(#2032,#2033,#2034,#2035));
#407=EDGE_LOOP('',(#2036,#2037,#2038,#2039));
#408=EDGE_LOOP('',(#2040));
#409=EDGE_LOOP('',(#2041,#2042,#2043,#2044,#2045,#2046,#2047,#2048));
#410=EDGE_LOOP('',(#2049));
#411=EDGE_LOOP('',(#2050));
#412=EDGE_LOOP('',(#2051,#2052,#2053,#2054));
#413=EDGE_LOOP('',(#2055,#2056));
#414=EDGE_LOOP('',(#2057,#2058,#2059,#2060));
#415=EDGE_LOOP('',(#2061,#2062,#2063,#2064));
#416=EDGE_LOOP('',(#2065,#2066,#2067,#2068,#2069,#2070,#2071,#2072));
#417=EDGE_LOOP('',(#2073,#2074,#2075,#2076));
#418=EDGE_LOOP('',(#2077,#2078,#2079,#2080));
#419=EDGE_LOOP('',(#2081,#2082,#2083,#2084));
#420=EDGE_LOOP('',(#2085,#2086,#2087,#2088,#2089,#2090,#2091,#2092));
#421=EDGE_LOOP('',(#2093));
#422=EDGE_LOOP('',(#2094));
#423=EDGE_LOOP('',(#2095,#2096,#2097,#2098,#2099,#2100));
#424=EDGE_LOOP('',(#2101,#2102,#2103,#2104));
#425=EDGE_LOOP('',(#2105));
#426=EDGE_LOOP('',(#2106,#2107,#2108,#2109,#2110,#2111,#2112,#2113));
#427=EDGE_LOOP('',(#2114));
#428=EDGE_LOOP('',(#2115));
#429=EDGE_LOOP('',(#2116,#2117,#2118,#2119));
#430=EDGE_LOOP('',(#2120,#2121,#2122));
#431=EDGE_LOOP('',(#2123,#2124,#2125,#2126));
#432=EDGE_LOOP('',(#2127,#2128,#2129,#2130));
#433=EDGE_LOOP('',(#2131,#2132,#2133,#2134));
#434=EDGE_LOOP('',(#2135,#2136,#2137,#2138));
#435=EDGE_LOOP('',(#2139,#2140,#2141,#2142));
#436=EDGE_LOOP('',(#2143,#2144,#2145,#2146,#2147,#2148,#2149));
#437=EDGE_LOOP('',(#2150,#2151,#2152,#2153,#2154));
#438=EDGE_LOOP('',(#2155,#2156,#2157,#2158,#2159,#2160,#2161,#2162));
#439=EDGE_LOOP('',(#2163,#2164,#2165,#2166));
#440=EDGE_LOOP('',(#2167,#2168,#2169,#2170,#2171,#2172,#2173,#2174));
#441=EDGE_LOOP('',(#2175,#2176,#2177,#2178,#2179,#2180,#2181,#2182,#2183,
#2184));
#442=EDGE_LOOP('',(#2185,#2186,#2187,#2188));
#443=EDGE_LOOP('',(#2189,#2190,#2191,#2192));
#444=EDGE_LOOP('',(#2193,#2194,#2195,#2196));
#445=EDGE_LOOP('',(#2197,#2198,#2199,#2200,#2201,#2202));
#446=EDGE_LOOP('',(#2203,#2204,#2205,#2206,#2207,#2208,#2209,#2210));
#447=EDGE_LOOP('',(#2211,#2212,#2213,#2214));
#448=EDGE_LOOP('',(#2215,#2216,#2217));
#449=EDGE_LOOP('',(#2218,#2219,#2220,#2221,#2222,#2223,#2224,#2225,#2226));
#450=EDGE_LOOP('',(#2227,#2228,#2229,#2230));
#451=EDGE_LOOP('',(#2231));
#452=EDGE_LOOP('',(#2232));
#453=EDGE_LOOP('',(#2233,#2234,#2235,#2236));
#454=EDGE_LOOP('',(#2237,#2238,#2239,#2240));
#455=EDGE_LOOP('',(#2241));
#456=EDGE_LOOP('',(#2242,#2243,#2244,#2245,#2246,#2247));
#457=EDGE_LOOP('',(#2248,#2249,#2250,#2251,#2252,#2253,#2254,#2255,#2256,
#2257,#2258,#2259,#2260,#2261,#2262,#2263,#2264,#2265,#2266,#2267,#2268,
#2269,#2270,#2271,#2272,#2273,#2274,#2275,#2276,#2277));
#458=EDGE_LOOP('',(#2278));
#459=EDGE_LOOP('',(#2279));
#460=EDGE_LOOP('',(#2280));
#461=EDGE_LOOP('',(#2281));
#462=EDGE_LOOP('',(#2282,#2283,#2284,#2285,#2286,#2287,#2288,#2289,#2290,
#2291,#2292,#2293,#2294,#2295,#2296,#2297,#2298,#2299,#2300,#2301));
#463=EDGE_LOOP('',(#2302,#2303,#2304,#2305,#2306,#2307,#2308,#2309,#2310,
#2311,#2312,#2313,#2314,#2315,#2316,#2317));
#464=EDGE_LOOP('',(#2318,#2319,#2320,#2321,#2322,#2323,#2324,#2325,#2326,
#2327,#2328,#2329,#2330,#2331,#2332,#2333,#2334,#2335,#2336,#2337,#2338,
#2339,#2340,#2341,#2342,#2343,#2344,#2345,#2346,#2347,#2348,#2349));
#465=EDGE_LOOP('',(#2350));
#466=EDGE_LOOP('',(#2351));
#467=EDGE_LOOP('',(#2352));
#468=EDGE_LOOP('',(#2353));
#469=EDGE_LOOP('',(#2354));
#470=EDGE_LOOP('',(#2355));
#471=EDGE_LOOP('',(#2356,#2357,#2358,#2359));
#472=EDGE_LOOP('',(#2360));
#473=EDGE_LOOP('',(#2361));
#474=EDGE_LOOP('',(#2362,#2363,#2364,#2365));
#475=EDGE_LOOP('',(#2366,#2367,#2368,#2369,#2370,#2371,#2372,#2373,#2374,
#2375,#2376));
#476=EDGE_LOOP('',(#2377));
#477=EDGE_LOOP('',(#2378,#2379,#2380,#2381,#2382,#2383,#2384,#2385,#2386,
#2387));
#478=EDGE_LOOP('',(#2388,#2389,#2390,#2391,#2392));
#479=EDGE_LOOP('',(#2393,#2394,#2395,#2396,#2397,#2398,#2399));
#480=EDGE_LOOP('',(#2400,#2401,#2402,#2403));
#481=EDGE_LOOP('',(#2404,#2405,#2406,#2407));
#482=EDGE_LOOP('',(#2408,#2409,#2410,#2411,#2412,#2413));
#483=EDGE_LOOP('',(#2414,#2415,#2416,#2417,#2418,#2419));
#484=EDGE_LOOP('',(#2420,#2421,#2422,#2423,#2424,#2425));
#485=EDGE_LOOP('',(#2426,#2427,#2428,#2429));
#486=EDGE_LOOP('',(#2430,#2431,#2432,#2433));
#487=EDGE_LOOP('',(#2434));
#488=EDGE_LOOP('',(#2435));
#489=EDGE_LOOP('',(#2436,#2437,#2438,#2439));
#490=EDGE_LOOP('',(#2440,#2441,#2442,#2443));
#491=EDGE_LOOP('',(#2444));
#492=EDGE_LOOP('',(#2445));
#493=EDGE_LOOP('',(#2446));
#494=EDGE_LOOP('',(#2447,#2448,#2449,#2450));
#495=EDGE_LOOP('',(#2451,#2452,#2453,#2454));
#496=EDGE_LOOP('',(#2455));
#497=EDGE_LOOP('',(#2456));
#498=EDGE_LOOP('',(#2457));
#499=EDGE_LOOP('',(#2458,#2459,#2460,#2461));
#500=EDGE_LOOP('',(#2462,#2463,#2464,#2465));
#501=EDGE_LOOP('',(#2466));
#502=EDGE_LOOP('',(#2467,#2468,#2469,#2470));
#503=EDGE_LOOP('',(#2471,#2472,#2473,#2474));
#504=EDGE_LOOP('',(#2475,#2476,#2477,#2478));
#505=EDGE_LOOP('',(#2479,#2480,#2481,#2482,#2483,#2484,#2485,#2486,#2487,
#2488));
#506=EDGE_LOOP('',(#2489,#2490,#2491,#2492,#2493,#2494,#2495,#2496,#2497,
#2498,#2499));
#507=EDGE_LOOP('',(#2500));
#508=EDGE_LOOP('',(#2501));
#509=EDGE_LOOP('',(#2502));
#510=EDGE_LOOP('',(#2503,#2504,#2505,#2506,#2507,#2508));
#511=EDGE_LOOP('',(#2509,#2510,#2511,#2512));
#512=EDGE_LOOP('',(#2513));
#513=EDGE_LOOP('',(#2514,#2515,#2516));
#514=EDGE_LOOP('',(#2517));
#515=EDGE_LOOP('',(#2518));
#516=EDGE_LOOP('',(#2519,#2520,#2521,#2522));
#517=EDGE_LOOP('',(#2523,#2524,#2525,#2526,#2527,#2528,#2529,#2530));
#518=EDGE_LOOP('',(#2531,#2532));
#519=EDGE_LOOP('',(#2533));
#520=EDGE_LOOP('',(#2534));
#521=EDGE_LOOP('',(#2535,#2536,#2537,#2538));
#522=EDGE_LOOP('',(#2539,#2540,#2541,#2542,#2543,#2544,#2545,#2546));
#523=EDGE_LOOP('',(#2547,#2548,#2549,#2550,#2551,#2552,#2553,#2554,#2555));
#524=EDGE_LOOP('',(#2556,#2557,#2558,#2559));
#525=EDGE_LOOP('',(#2560,#2561,#2562,#2563,#2564,#2565,#2566,#2567));
#526=EDGE_LOOP('',(#2568,#2569,#2570,#2571));
#527=EDGE_LOOP('',(#2572,#2573,#2574,#2575));
#528=EDGE_LOOP('',(#2576,#2577,#2578,#2579));
#529=EDGE_LOOP('',(#2580,#2581,#2582,#2583,#2584,#2585,#2586,#2587));
#530=EDGE_LOOP('',(#2588,#2589,#2590,#2591));
#531=EDGE_LOOP('',(#2592,#2593,#2594,#2595));
#532=EDGE_LOOP('',(#2596,#2597,#2598,#2599));
#533=EDGE_LOOP('',(#2600,#2601,#2602,#2603,#2604,#2605,#2606,#2607));
#534=EDGE_LOOP('',(#2608,#2609,#2610,#2611,#2612));
#535=EDGE_LOOP('',(#2613,#2614,#2615,#2616,#2617,#2618,#2619));
#536=EDGE_LOOP('',(#2620,#2621,#2622,#2623,#2624,#2625,#2626,#2627,#2628,
#2629));
#537=EDGE_LOOP('',(#2630,#2631,#2632,#2633));
#538=EDGE_LOOP('',(#2634,#2635,#2636,#2637));
#539=EDGE_LOOP('',(#2638,#2639,#2640,#2641));
#540=EDGE_LOOP('',(#2642,#2643,#2644,#2645));
#541=EDGE_LOOP('',(#2646,#2647,#2648,#2649));
#542=EDGE_LOOP('',(#2650,#2651,#2652,#2653,#2654,#2655,#2656,#2657));
#543=EDGE_LOOP('',(#2658,#2659,#2660,#2661,#2662,#2663,#2664,#2665));
#544=EDGE_LOOP('',(#2666,#2667,#2668,#2669,#2670,#2671));
#545=EDGE_LOOP('',(#2672,#2673,#2674,#2675));
#546=EDGE_LOOP('',(#2676,#2677,#2678));
#547=EDGE_LOOP('',(#2679,#2680,#2681,#2682,#2683,#2684,#2685));
#548=EDGE_LOOP('',(#2686,#2687,#2688,#2689,#2690));
#549=EDGE_LOOP('',(#2691,#2692,#2693,#2694,#2695));
#550=EDGE_LOOP('',(#2696,#2697,#2698,#2699,#2700,#2701));
#551=EDGE_LOOP('',(#2702,#2703,#2704,#2705,#2706));
#552=EDGE_LOOP('',(#2707,#2708,#2709,#2710));
#553=EDGE_LOOP('',(#2711,#2712,#2713,#2714));
#554=EDGE_LOOP('',(#2715,#2716,#2717,#2718));
#555=EDGE_LOOP('',(#2719));
#556=EDGE_LOOP('',(#2720));
#557=EDGE_LOOP('',(#2721));
#558=EDGE_LOOP('',(#2722));
#559=EDGE_LOOP('',(#2723));
#560=EDGE_LOOP('',(#2724,#2725,#2726,#2727,#2728,#2729,#2730,#2731));
#561=EDGE_LOOP('',(#2732));
#562=EDGE_LOOP('',(#2733));
#563=EDGE_LOOP('',(#2734,#2735,#2736,#2737));
#564=EDGE_LOOP('',(#2738));
#565=EDGE_LOOP('',(#2739));
#566=EDGE_LOOP('',(#2740,#2741,#2742,#2743));
#567=EDGE_LOOP('',(#2744,#2745,#2746,#2747));
#568=EDGE_LOOP('',(#2748));
#569=EDGE_LOOP('',(#2749));
#570=EDGE_LOOP('',(#2750));
#571=EDGE_LOOP('',(#2751));
#572=EDGE_LOOP('',(#2752));
#573=LINE('',#4013,#871);
#574=LINE('',#4017,#872);
#575=LINE('',#4023,#873);
#576=LINE('',#4027,#874);
#577=LINE('',#4033,#875);
#578=LINE('',#4037,#876);
#579=LINE('',#4043,#877);
#580=LINE('',#4047,#878);
#581=LINE('',#4053,#879);
#582=LINE('',#4059,#880);
#583=LINE('',#4065,#881);
#584=LINE('',#4071,#882);
#585=LINE('',#4077,#883);
#586=LINE('',#4082,#884);
#587=LINE('',#4084,#885);
#588=LINE('',#4086,#886);
#589=LINE('',#4088,#887);
#590=LINE('',#4090,#888);
#591=LINE('',#4091,#889);
#592=LINE('',#4095,#890);
#593=LINE('',#4097,#891);
#594=LINE('',#4099,#892);
#595=LINE('',#4100,#893);
#596=LINE('',#4103,#894);
#597=LINE('',#4105,#895);
#598=LINE('',#4106,#896);
#599=LINE('',#4109,#897);
#600=LINE('',#4110,#898);
#601=LINE('',#4111,#899);
#602=LINE('',#4114,#900);
#603=LINE('',#4116,#901);
#604=LINE('',#4118,#902);
#605=LINE('',#4119,#903);
#606=LINE('',#4121,#904);
#607=LINE('',#4123,#905);
#608=LINE('',#4124,#906);
#609=LINE('',#4133,#907);
#610=LINE('',#4136,#908);
#611=LINE('',#4147,#909);
#612=LINE('',#4150,#910);
#613=LINE('',#4157,#911);
#614=LINE('',#4161,#912);
#615=LINE('',#4165,#913);
#616=LINE('',#4173,#914);
#617=LINE('',#4175,#915);
#618=LINE('',#4179,#916);
#619=LINE('',#4181,#917);
#620=LINE('',#4183,#918);
#621=LINE('',#4184,#919);
#622=LINE('',#4190,#920);
#623=LINE('',#4193,#921);
#624=LINE('',#4196,#922);
#625=LINE('',#4198,#923);
#626=LINE('',#4200,#924);
#627=LINE('',#4202,#925);
#628=LINE('',#4204,#926);
#629=LINE('',#4206,#927);
#630=LINE('',#4207,#928);
#631=LINE('',#4211,#929);
#632=LINE('',#4213,#930);
#633=LINE('',#4215,#931);
#634=LINE('',#4216,#932);
#635=LINE('',#4220,#933);
#636=LINE('',#4222,#934);
#637=LINE('',#4224,#935);
#638=LINE('',#4225,#936);
#639=LINE('',#4227,#937);
#640=LINE('',#4228,#938);
#641=LINE('',#4231,#939);
#642=LINE('',#4233,#940);
#643=LINE('',#4235,#941);
#644=LINE('',#4237,#942);
#645=LINE('',#4239,#943);
#646=LINE('',#4241,#944);
#647=LINE('',#4242,#945);
#648=LINE('',#4254,#946);
#649=LINE('',#4258,#947);
#650=LINE('',#4265,#948);
#651=LINE('',#4275,#949);
#652=LINE('',#4279,#950);
#653=LINE('',#4281,#951);
#654=LINE('',#4282,#952);
#655=LINE('',#4286,#953);
#656=LINE('',#4287,#954);
#657=LINE('',#4288,#955);
#658=LINE('',#4291,#956);
#659=LINE('',#4295,#957);
#660=LINE('',#4299,#958);
#661=LINE('',#4303,#959);
#662=LINE('',#4306,#960);
#663=LINE('',#4309,#961);
#664=LINE('',#4310,#962);
#665=LINE('',#4313,#963);
#666=LINE('',#4314,#964);
#667=LINE('',#4317,#965);
#668=LINE('',#4319,#966);
#669=LINE('',#4321,#967);
#670=LINE('',#4323,#968);
#671=LINE('',#4324,#969);
#672=LINE('',#4327,#970);
#673=LINE('',#4329,#971);
#674=LINE('',#4330,#972);
#675=LINE('',#4332,#973);
#676=LINE('',#4334,#974);
#677=LINE('',#4336,#975);
#678=LINE('',#4337,#976);
#679=LINE('',#4339,#977);
#680=LINE('',#4340,#978);
#681=LINE('',#4341,#979);
#682=LINE('',#4347,#980);
#683=LINE('',#4352,#981);
#684=LINE('',#4356,#982);
#685=LINE('',#4365,#983);
#686=LINE('',#4367,#984);
#687=LINE('',#4368,#985);
#688=LINE('',#4369,#986);
#689=LINE('',#4374,#987);
#690=LINE('',#4376,#988);
#691=LINE('',#4377,#989);
#692=LINE('',#4379,#990);
#693=LINE('',#4381,#991);
#694=LINE('',#4383,#992);
#695=LINE('',#4384,#993);
#696=LINE('',#4385,#994);
#697=LINE('',#4394,#995);
#698=LINE('',#4397,#996);
#699=LINE('',#4402,#997);
#700=LINE('',#4404,#998);
#701=LINE('',#4406,#999);
#702=LINE('',#4407,#1000);
#703=LINE('',#4410,#1001);
#704=LINE('',#4411,#1002);
#705=LINE('',#4412,#1003);
#706=LINE('',#4414,#1004);
#707=LINE('',#4416,#1005);
#708=LINE('',#4418,#1006);
#709=LINE('',#4424,#1007);
#710=LINE('',#4426,#1008);
#711=LINE('',#4428,#1009);
#712=LINE('',#4430,#1010);
#713=LINE('',#4432,#1011);
#714=LINE('',#4434,#1012);
#715=LINE('',#4436,#1013);
#716=LINE('',#4438,#1014);
#717=LINE('',#4440,#1015);
#718=LINE('',#4442,#1016);
#719=LINE('',#4444,#1017);
#720=LINE('',#4446,#1018);
#721=LINE('',#4447,#1019);
#722=LINE('',#4450,#1020);
#723=LINE('',#4452,#1021);
#724=LINE('',#4454,#1022);
#725=LINE('',#4456,#1023);
#726=LINE('',#4458,#1024);
#727=LINE('',#4460,#1025);
#728=LINE('',#4462,#1026);
#729=LINE('',#4464,#1027);
#730=LINE('',#4466,#1028);
#731=LINE('',#4468,#1029);
#732=LINE('',#4470,#1030);
#733=LINE('',#4472,#1031);
#734=LINE('',#4473,#1032);
#735=LINE('',#4475,#1033);
#736=LINE('',#4477,#1034);
#737=LINE('',#4479,#1035);
#738=LINE('',#4481,#1036);
#739=LINE('',#4482,#1037);
#740=LINE('',#4484,#1038);
#741=LINE('',#4486,#1039);
#742=LINE('',#4487,#1040);
#743=LINE('',#4490,#1041);
#744=LINE('',#4492,#1042);
#745=LINE('',#4493,#1043);
#746=LINE('',#4495,#1044);
#747=LINE('',#4497,#1045);
#748=LINE('',#4499,#1046);
#749=LINE('',#4501,#1047);
#750=LINE('',#4503,#1048);
#751=LINE('',#4505,#1049);
#752=LINE('',#4507,#1050);
#753=LINE('',#4509,#1051);
#754=LINE('',#4513,#1052);
#755=LINE('',#4517,#1053);
#756=LINE('',#4521,#1054);
#757=LINE('',#4525,#1055);
#758=LINE('',#4526,#1056);
#759=LINE('',#4533,#1057);
#760=LINE('',#4535,#1058);
#761=LINE('',#4537,#1059);
#762=LINE('',#4538,#1060);
#763=LINE('',#4540,#1061);
#764=LINE('',#4542,#1062);
#765=LINE('',#4544,#1063);
#766=LINE('',#4545,#1064);
#767=LINE('',#4548,#1065);
#768=LINE('',#4549,#1066);
#769=LINE('',#4553,#1067);
#770=LINE('',#4554,#1068);
#771=LINE('',#4557,#1069);
#772=LINE('',#4559,#1070);
#773=LINE('',#4560,#1071);
#774=LINE('',#4563,#1072);
#775=LINE('',#4565,#1073);
#776=LINE('',#4566,#1074);
#777=LINE('',#4570,#1075);
#778=LINE('',#4571,#1076);
#779=LINE('',#4572,#1077);
#780=LINE('',#4573,#1078);
#781=LINE('',#4575,#1079);
#782=LINE('',#4576,#1080);
#783=LINE('',#4578,#1081);
#784=LINE('',#4579,#1082);
#785=LINE('',#4590,#1083);
#786=LINE('',#4593,#1084);
#787=LINE('',#4604,#1085);
#788=LINE('',#4607,#1086);
#789=LINE('',#4618,#1087);
#790=LINE('',#4621,#1088);
#791=LINE('',#4627,#1089);
#792=LINE('',#4629,#1090);
#793=LINE('',#4631,#1091);
#794=LINE('',#4632,#1092);
#795=LINE('',#4635,#1093);
#796=LINE('',#4637,#1094);
#797=LINE('',#4638,#1095);
#798=LINE('',#4640,#1096);
#799=LINE('',#4641,#1097);
#800=LINE('',#4644,#1098);
#801=LINE('',#4646,#1099);
#802=LINE('',#4647,#1100);
#803=LINE('',#4649,#1101);
#804=LINE('',#4651,#1102);
#805=LINE('',#4652,#1103);
#806=LINE('',#4655,#1104);
#807=LINE('',#4656,#1105);
#808=LINE('',#4657,#1106);
#809=LINE('',#4659,#1107);
#810=LINE('',#4661,#1108);
#811=LINE('',#4662,#1109);
#812=LINE('',#4671,#1110);
#813=LINE('',#4675,#1111);
#814=LINE('',#4681,#1112);
#815=LINE('',#4691,#1113);
#816=LINE('',#4693,#1114);
#817=LINE('',#4695,#1115);
#818=LINE('',#4698,#1116);
#819=LINE('',#4707,#1117);
#820=LINE('',#4709,#1118);
#821=LINE('',#4712,#1119);
#822=LINE('',#4713,#1120);
#823=LINE('',#4716,#1121);
#824=LINE('',#4718,#1122);
#825=LINE('',#4720,#1123);
#826=LINE('',#4721,#1124);
#827=LINE('',#4724,#1125);
#828=LINE('',#4726,#1126);
#829=LINE('',#4727,#1127);
#830=LINE('',#4728,#1128);
#831=LINE('',#4731,#1129);
#832=LINE('',#4732,#1130);
#833=LINE('',#4735,#1131);
#834=LINE('',#4736,#1132);
#835=LINE('',#4738,#1133);
#836=LINE('',#4740,#1134);
#837=LINE('',#4741,#1135);
#838=LINE('',#4745,#1136);
#839=LINE('',#4748,#1137);
#840=LINE('',#4752,#1138);
#841=LINE('',#4756,#1139);
#842=LINE('',#4759,#1140);
#843=LINE('',#4761,#1141);
#844=LINE('',#4762,#1142);
#845=LINE('',#4763,#1143);
#846=LINE('',#4765,#1144);
#847=LINE('',#4767,#1145);
#848=LINE('',#4775,#1146);
#849=LINE('',#4778,#1147);
#850=LINE('',#4784,#1148);
#851=LINE('',#4787,#1149);
#852=LINE('',#4790,#1150);
#853=LINE('',#4792,#1151);
#854=LINE('',#4796,#1152);
#855=LINE('',#4799,#1153);
#856=LINE('',#4801,#1154);
#857=LINE('',#4802,#1155);
#858=LINE('',#4803,#1156);
#859=LINE('',#4805,#1157);
#860=LINE('',#4806,#1158);
#861=LINE('',#4807,#1159);
#862=LINE('',#4813,#1160);
#863=LINE('',#4814,#1161);
#864=LINE('',#4816,#1162);
#865=LINE('',#4820,#1163);
#866=LINE('',#4822,#1164);
#867=LINE('',#4825,#1165);
#868=LINE('',#4828,#1166);
#869=LINE('',#4831,#1167);
#870=LINE('',#4833,#1168);
#871=VECTOR('',#3194,2.6);
#872=VECTOR('',#3199,1.7);
#873=VECTOR('',#3206,2.6);
#874=VECTOR('',#3211,1.7);
#875=VECTOR('',#3218,2.6);
#876=VECTOR('',#3223,1.7);
#877=VECTOR('',#3230,2.6);
#878=VECTOR('',#3235,1.7);
#879=VECTOR('',#3242,1.2295);
#880=VECTOR('',#3249,1.2295);
#881=VECTOR('',#3256,1.2295);
#882=VECTOR('',#3263,1.2295);
#883=VECTOR('',#3270,1.2295);
#884=VECTOR('',#3275,10.);
#885=VECTOR('',#3276,10.);
#886=VECTOR('',#3277,10.);
#887=VECTOR('',#3278,10.);
#888=VECTOR('',#3279,10.);
#889=VECTOR('',#3280,10.);
#890=VECTOR('',#3283,10.);
#891=VECTOR('',#3284,10.);
#892=VECTOR('',#3285,10.);
#893=VECTOR('',#3286,10.);
#894=VECTOR('',#3289,10.);
#895=VECTOR('',#3290,10.);
#896=VECTOR('',#3291,10.);
#897=VECTOR('',#3294,10.);
#898=VECTOR('',#3295,10.);
#899=VECTOR('',#3296,10.);
#900=VECTOR('',#3299,10.);
#901=VECTOR('',#3300,10.);
#902=VECTOR('',#3301,10.);
#903=VECTOR('',#3302,10.);
#904=VECTOR('',#3305,10.);
#905=VECTOR('',#3308,10.);
#906=VECTOR('',#3309,10.);
#907=VECTOR('',#3320,2.25);
#908=VECTOR('',#3323,2.);
#909=VECTOR('',#3338,2.25);
#910=VECTOR('',#3341,2.);
#911=VECTOR('',#3350,1.25);
#912=VECTOR('',#3353,10.);
#913=VECTOR('',#3356,10.);
#914=VECTOR('',#3367,1.5);
#915=VECTOR('',#3370,10.);
#916=VECTOR('',#3373,10.);
#917=VECTOR('',#3374,10.);
#918=VECTOR('',#3375,10.);
#919=VECTOR('',#3376,10.);
#920=VECTOR('',#3381,10.);
#921=VECTOR('',#3384,10.);
#922=VECTOR('',#3387,10.);
#923=VECTOR('',#3388,10.);
#924=VECTOR('',#3389,10.);
#925=VECTOR('',#3390,10.);
#926=VECTOR('',#3391,10.);
#927=VECTOR('',#3392,10.);
#928=VECTOR('',#3393,10.);
#929=VECTOR('',#3396,10.);
#930=VECTOR('',#3397,10.);
#931=VECTOR('',#3398,10.);
#932=VECTOR('',#3399,10.);
#933=VECTOR('',#3402,10.);
#934=VECTOR('',#3403,10.);
#935=VECTOR('',#3404,10.);
#936=VECTOR('',#3405,10.);
#937=VECTOR('',#3408,10.);
#938=VECTOR('',#3409,10.);
#939=VECTOR('',#3412,10.);
#940=VECTOR('',#3413,10.);
#941=VECTOR('',#3414,10.);
#942=VECTOR('',#3415,10.);
#943=VECTOR('',#3416,10.);
#944=VECTOR('',#3417,10.);
#945=VECTOR('',#3418,10.);
#946=VECTOR('',#3431,1.5);
#947=VECTOR('',#3436,1.25);
#948=VECTOR('',#3445,1.25);
#949=VECTOR('',#3460,1.5);
#950=VECTOR('',#3465,10.);
#951=VECTOR('',#3466,10.);
#952=VECTOR('',#3467,10.);
#953=VECTOR('',#3470,10.);
#954=VECTOR('',#3471,10.);
#955=VECTOR('',#3472,10.);
#956=VECTOR('',#3475,10.);
#957=VECTOR('',#3478,10.);
#958=VECTOR('',#3483,10.);
#959=VECTOR('',#3488,10.);
#960=VECTOR('',#3491,10.);
#961=VECTOR('',#3494,10.);
#962=VECTOR('',#3495,10.);
#963=VECTOR('',#3498,10.);
#964=VECTOR('',#3499,10.);
#965=VECTOR('',#3502,10.);
#966=VECTOR('',#3503,10.);
#967=VECTOR('',#3504,10.);
#968=VECTOR('',#3505,10.);
#969=VECTOR('',#3506,10.);
#970=VECTOR('',#3509,10.);
#971=VECTOR('',#3510,10.);
#972=VECTOR('',#3511,10.);
#973=VECTOR('',#3514,10.);
#974=VECTOR('',#3515,10.);
#975=VECTOR('',#3516,10.);
#976=VECTOR('',#3517,10.);
#977=VECTOR('',#3520,10.);
#978=VECTOR('',#3521,10.);
#979=VECTOR('',#3522,10.);
#980=VECTOR('',#3529,10.);
#981=VECTOR('',#3534,10.);
#982=VECTOR('',#3539,10.);
#983=VECTOR('',#3550,10.);
#984=VECTOR('',#3553,10.);
#985=VECTOR('',#3554,10.);
#986=VECTOR('',#3555,10.);
#987=VECTOR('',#3560,10.);
#988=VECTOR('',#3561,10.);
#989=VECTOR('',#3562,10.);
#990=VECTOR('',#3565,10.);
#991=VECTOR('',#3566,10.);
#992=VECTOR('',#3567,10.);
#993=VECTOR('',#3568,10.);
#994=VECTOR('',#3569,10.);
#995=VECTOR('',#3580,2.25);
#996=VECTOR('',#3583,2.);
#997=VECTOR('',#3590,10.);
#998=VECTOR('',#3591,10.);
#999=VECTOR('',#3592,10.);
#1000=VECTOR('',#3593,10.);
#1001=VECTOR('',#3596,10.);
#1002=VECTOR('',#3597,10.);
#1003=VECTOR('',#3598,10.);
#1004=VECTOR('',#3599,10.);
#1005=VECTOR('',#3600,10.);
#1006=VECTOR('',#3601,10.);
#1007=VECTOR('',#3606,10.);
#1008=VECTOR('',#3607,10.);
#1009=VECTOR('',#3608,10.);
#1010=VECTOR('',#3609,10.);
#1011=VECTOR('',#3610,10.);
#1012=VECTOR('',#3611,10.);
#1013=VECTOR('',#3612,10.);
#1014=VECTOR('',#3613,10.);
#1015=VECTOR('',#3614,10.);
#1016=VECTOR('',#3615,10.);
#1017=VECTOR('',#3616,10.);
#1018=VECTOR('',#3617,10.);
#1019=VECTOR('',#3618,10.);
#1020=VECTOR('',#3621,10.);
#1021=VECTOR('',#3622,10.);
#1022=VECTOR('',#3623,10.);
#1023=VECTOR('',#3624,10.);
#1024=VECTOR('',#3625,10.);
#1025=VECTOR('',#3626,10.);
#1026=VECTOR('',#3627,10.);
#1027=VECTOR('',#3628,10.);
#1028=VECTOR('',#3629,10.);
#1029=VECTOR('',#3630,10.);
#1030=VECTOR('',#3631,10.);
#1031=VECTOR('',#3632,10.);
#1032=VECTOR('',#3633,10.);
#1033=VECTOR('',#3636,10.);
#1034=VECTOR('',#3637,10.);
#1035=VECTOR('',#3638,10.);
#1036=VECTOR('',#3639,10.);
#1037=VECTOR('',#3640,10.);
#1038=VECTOR('',#3641,10.);
#1039=VECTOR('',#3642,10.);
#1040=VECTOR('',#3643,10.);
#1041=VECTOR('',#3646,10.);
#1042=VECTOR('',#3647,10.);
#1043=VECTOR('',#3648,10.);
#1044=VECTOR('',#3649,10.);
#1045=VECTOR('',#3650,10.);
#1046=VECTOR('',#3651,10.);
#1047=VECTOR('',#3652,10.);
#1048=VECTOR('',#3653,10.);
#1049=VECTOR('',#3654,10.);
#1050=VECTOR('',#3655,10.);
#1051=VECTOR('',#3656,10.);
#1052=VECTOR('',#3659,10.);
#1053=VECTOR('',#3662,10.);
#1054=VECTOR('',#3665,10.);
#1055=VECTOR('',#3668,10.);
#1056=VECTOR('',#3669,10.);
#1057=VECTOR('',#3674,10.);
#1058=VECTOR('',#3675,10.);
#1059=VECTOR('',#3676,10.);
#1060=VECTOR('',#3677,10.);
#1061=VECTOR('',#3680,10.);
#1062=VECTOR('',#3681,10.);
#1063=VECTOR('',#3682,10.);
#1064=VECTOR('',#3683,10.);
#1065=VECTOR('',#3686,10.);
#1066=VECTOR('',#3687,10.);
#1067=VECTOR('',#3692,10.);
#1068=VECTOR('',#3693,10.);
#1069=VECTOR('',#3696,10.);
#1070=VECTOR('',#3697,10.);
#1071=VECTOR('',#3698,10.);
#1072=VECTOR('',#3701,10.);
#1073=VECTOR('',#3702,10.);
#1074=VECTOR('',#3703,10.);
#1075=VECTOR('',#3706,10.);
#1076=VECTOR('',#3707,10.);
#1077=VECTOR('',#3708,10.);
#1078=VECTOR('',#3709,10.);
#1079=VECTOR('',#3712,10.);
#1080=VECTOR('',#3713,10.);
#1081=VECTOR('',#3716,10.);
#1082=VECTOR('',#3717,10.);
#1083=VECTOR('',#3732,2.25);
#1084=VECTOR('',#3735,2.);
#1085=VECTOR('',#3750,2.25);
#1086=VECTOR('',#3753,2.);
#1087=VECTOR('',#3768,2.25);
#1088=VECTOR('',#3771,2.);
#1089=VECTOR('',#3778,10.);
#1090=VECTOR('',#3779,10.);
#1091=VECTOR('',#3780,10.);
#1092=VECTOR('',#3781,10.);
#1093=VECTOR('',#3784,10.);
#1094=VECTOR('',#3785,10.);
#1095=VECTOR('',#3786,10.);
#1096=VECTOR('',#3789,10.);
#1097=VECTOR('',#3790,10.);
#1098=VECTOR('',#3793,10.);
#1099=VECTOR('',#3794,10.);
#1100=VECTOR('',#3795,10.);
#1101=VECTOR('',#3796,10.);
#1102=VECTOR('',#3797,10.);
#1103=VECTOR('',#3798,10.);
#1104=VECTOR('',#3801,10.);
#1105=VECTOR('',#3802,10.);
#1106=VECTOR('',#3803,10.);
#1107=VECTOR('',#3804,10.);
#1108=VECTOR('',#3805,10.);
#1109=VECTOR('',#3806,10.);
#1110=VECTOR('',#3817,1.5);
#1111=VECTOR('',#3822,1.25);
#1112=VECTOR('',#3829,10.);
#1113=VECTOR('',#3842,1.5);
#1114=VECTOR('',#3845,1.25);
#1115=VECTOR('',#3846,10.);
#1116=VECTOR('',#3849,10.);
#1117=VECTOR('',#3862,1.5);
#1118=VECTOR('',#3865,1.25);
#1119=VECTOR('',#3870,10.);
#1120=VECTOR('',#3871,10.);
#1121=VECTOR('',#3872,10.);
#1122=VECTOR('',#3873,10.);
#1123=VECTOR('',#3874,10.);
#1124=VECTOR('',#3875,10.);
#1125=VECTOR('',#3878,10.);
#1126=VECTOR('',#3879,10.);
#1127=VECTOR('',#3880,10.);
#1128=VECTOR('',#3881,10.);
#1129=VECTOR('',#3884,10.);
#1130=VECTOR('',#3885,10.);
#1131=VECTOR('',#3888,10.);
#1132=VECTOR('',#3889,10.);
#1133=VECTOR('',#3892,10.);
#1134=VECTOR('',#3895,10.);
#1135=VECTOR('',#3896,10.);
#1136=VECTOR('',#3899,10.);
#1137=VECTOR('',#3902,10.);
#1138=VECTOR('',#3907,10.);
#1139=VECTOR('',#3912,10.);
#1140=VECTOR('',#3915,10.);
#1141=VECTOR('',#3918,10.);
#1142=VECTOR('',#3919,10.);
#1143=VECTOR('',#3920,10.);
#1144=VECTOR('',#3923,10.);
#1145=VECTOR('',#3926,10.);
#1146=VECTOR('',#3935,10.);
#1147=VECTOR('',#3938,10.);
#1148=VECTOR('',#3943,10.);
#1149=VECTOR('',#3946,10.);
#1150=VECTOR('',#3949,10.);
#1151=VECTOR('',#3950,10.);
#1152=VECTOR('',#3955,10.);
#1153=VECTOR('',#3958,10.);
#1154=VECTOR('',#3961,10.);
#1155=VECTOR('',#3962,10.);
#1156=VECTOR('',#3963,10.);
#1157=VECTOR('',#3966,10.);
#1158=VECTOR('',#3967,10.);
#1159=VECTOR('',#3968,10.);
#1160=VECTOR('',#3977,10.);
#1161=VECTOR('',#3978,10.);
#1162=VECTOR('',#3981,10.);
#1163=VECTOR('',#3986,10.);
#1164=VECTOR('',#3989,10.);
#1165=VECTOR('',#3992,10.);
#1166=VECTOR('',#3997,10.);
#1167=VECTOR('',#4002,10.);
#1168=VECTOR('',#4005,10.);
#1169=CIRCLE('',#2929,3.5);
#1170=CIRCLE('',#2930,1.7);
#1171=CIRCLE('',#2932,1.7);
#1172=CIRCLE('',#2934,3.50000000000001);
#1173=CIRCLE('',#2935,1.7);
#1174=CIRCLE('',#2937,1.7);
#1175=CIRCLE('',#2939,3.50000000000001);
#1176=CIRCLE('',#2940,1.7);
#1177=CIRCLE('',#2942,1.7);
#1178=CIRCLE('',#2944,3.5);
#1179=CIRCLE('',#2945,1.7);
#1180=CIRCLE('',#2947,1.7);
#1181=CIRCLE('',#2949,1.2295);
#1182=CIRCLE('',#2950,1.2295);
#1183=CIRCLE('',#2952,1.2295);
#1184=CIRCLE('',#2953,1.2295);
#1185=CIRCLE('',#2955,1.2295);
#1186=CIRCLE('',#2956,1.2295);
#1187=CIRCLE('',#2958,1.2295);
#1188=CIRCLE('',#2959,1.2295);
#1189=CIRCLE('',#2961,1.2295);
#1190=CIRCLE('',#2962,1.2295);
#1191=CIRCLE('',#2971,2.25);
#1192=CIRCLE('',#2972,2.);
#1193=CIRCLE('',#2974,2.25);
#1194=CIRCLE('',#2976,2.);
#1195=CIRCLE('',#2979,2.25);
#1196=CIRCLE('',#2980,2.);
#1197=CIRCLE('',#2982,2.25);
#1198=CIRCLE('',#2984,2.);
#1199=CIRCLE('',#2987,1.25);
#1200=CIRCLE('',#2989,1.25);
#1201=CIRCLE('',#2992,1.5);
#1202=CIRCLE('',#2999,5.25000000000017);
#1203=CIRCLE('',#3006,1.5);
#1204=CIRCLE('',#3007,1.25);
#1205=CIRCLE('',#3010,1.5);
#1206=CIRCLE('',#3011,1.5);
#1207=CIRCLE('',#3013,1.25);
#1208=CIRCLE('',#3016,1.25);
#1209=CIRCLE('',#3017,1.25);
#1210=CIRCLE('',#3019,1.25);
#1211=CIRCLE('',#3021,1.5);
#1212=CIRCLE('',#3028,2.);
#1213=CIRCLE('',#3033,2.);
#1214=CIRCLE('',#3042,4.50000000000015);
#1215=CIRCLE('',#3045,4.50000000000015);
#1216=CIRCLE('',#3047,5.25000000000017);
#1217=CIRCLE('',#3050,5.25000000000017);
#1218=CIRCLE('',#3057,2.25);
#1219=CIRCLE('',#3058,2.);
#1220=CIRCLE('',#3060,2.25);
#1221=CIRCLE('',#3062,2.);
#1222=CIRCLE('',#3089,2.25);
#1223=CIRCLE('',#3090,2.);
#1224=CIRCLE('',#3092,2.25);
#1225=CIRCLE('',#3094,2.);
#1226=CIRCLE('',#3097,2.25);
#1227=CIRCLE('',#3098,2.);
#1228=CIRCLE('',#3100,2.25);
#1229=CIRCLE('',#3102,2.);
#1230=CIRCLE('',#3105,2.25);
#1231=CIRCLE('',#3106,2.);
#1232=CIRCLE('',#3108,2.25);
#1233=CIRCLE('',#3110,2.);
#1234=CIRCLE('',#3118,1.5);
#1235=CIRCLE('',#3119,1.25);
#1236=CIRCLE('',#3121,1.5);
#1237=CIRCLE('',#3122,1.5);
#1238=CIRCLE('',#3124,1.25);
#1239=CIRCLE('',#3127,1.25);
#1240=CIRCLE('',#3128,1.25);
#1241=CIRCLE('',#3130,1.5);
#1242=CIRCLE('',#3131,1.25);
#1243=CIRCLE('',#3136,1.25);
#1244=CIRCLE('',#3138,1.5);
#1245=CIRCLE('',#3139,1.25);
#1246=CIRCLE('',#3143,5.25000000000017);
#1247=CIRCLE('',#3150,2.);
#1248=CIRCLE('',#3155,2.);
#1249=CIRCLE('',#3163,4.50000000000015);
#1250=CIRCLE('',#3166,4.50000000000015);
#1251=CIRCLE('',#3168,5.25000000000017);
#1252=CIRCLE('',#3170,5.25000000000017);
#1253=CIRCLE('',#3179,14.4999999999999);
#1254=CIRCLE('',#3182,14.4999999999999);
#1255=VERTEX_POINT('',#4010);
#1256=VERTEX_POINT('',#4012);
#1257=VERTEX_POINT('',#4016);
#1258=VERTEX_POINT('',#4020);
#1259=VERTEX_POINT('',#4022);
#1260=VERTEX_POINT('',#4026);
#1261=VERTEX_POINT('',#4030);
#1262=VERTEX_POINT('',#4032);
#1263=VERTEX_POINT('',#4036);
#1264=VERTEX_POINT('',#4040);
#1265=VERTEX_POINT('',#4042);
#1266=VERTEX_POINT('',#4046);
#1267=VERTEX_POINT('',#4050);
#1268=VERTEX_POINT('',#4052);
#1269=VERTEX_POINT('',#4056);
#1270=VERTEX_POINT('',#4058);
#1271=VERTEX_POINT('',#4062);
#1272=VERTEX_POINT('',#4064);
#1273=VERTEX_POINT('',#4068);
#1274=VERTEX_POINT('',#4070);
#1275=VERTEX_POINT('',#4074);
#1276=VERTEX_POINT('',#4076);
#1277=VERTEX_POINT('',#4080);
#1278=VERTEX_POINT('',#4081);
#1279=VERTEX_POINT('',#4083);
#1280=VERTEX_POINT('',#4085);
#1281=VERTEX_POINT('',#4087);
#1282=VERTEX_POINT('',#4089);
#1283=VERTEX_POINT('',#4093);
#1284=VERTEX_POINT('',#4094);
#1285=VERTEX_POINT('',#4096);
#1286=VERTEX_POINT('',#4098);
#1287=VERTEX_POINT('',#4102);
#1288=VERTEX_POINT('',#4104);
#1289=VERTEX_POINT('',#4108);
#1290=VERTEX_POINT('',#4113);
#1291=VERTEX_POINT('',#4115);
#1292=VERTEX_POINT('',#4117);
#1293=VERTEX_POINT('',#4126);
#1294=VERTEX_POINT('',#4128);
#1295=VERTEX_POINT('',#4131);
#1296=VERTEX_POINT('',#4135);
#1297=VERTEX_POINT('',#4140);
#1298=VERTEX_POINT('',#4142);
#1299=VERTEX_POINT('',#4145);
#1300=VERTEX_POINT('',#4149);
#1301=VERTEX_POINT('',#4154);
#1302=VERTEX_POINT('',#4156);
#1303=VERTEX_POINT('',#4158);
#1304=VERTEX_POINT('',#4160);
#1305=VERTEX_POINT('',#4162);
#1306=VERTEX_POINT('',#4164);
#1307=VERTEX_POINT('',#4168);
#1308=VERTEX_POINT('',#4171);
#1309=VERTEX_POINT('',#4177);
#1310=VERTEX_POINT('',#4178);
#1311=VERTEX_POINT('',#4180);
#1312=VERTEX_POINT('',#4182);
#1313=VERTEX_POINT('',#4186);
#1314=VERTEX_POINT('',#4187);
#1315=VERTEX_POINT('',#4189);
#1316=VERTEX_POINT('',#4191);
#1317=VERTEX_POINT('',#4195);
#1318=VERTEX_POINT('',#4197);
#1319=VERTEX_POINT('',#4199);
#1320=VERTEX_POINT('',#4201);
#1321=VERTEX_POINT('',#4203);
#1322=VERTEX_POINT('',#4205);
#1323=VERTEX_POINT('',#4209);
#1324=VERTEX_POINT('',#4210);
#1325=VERTEX_POINT('',#4212);
#1326=VERTEX_POINT('',#4214);
#1327=VERTEX_POINT('',#4218);
#1328=VERTEX_POINT('',#4219);
#1329=VERTEX_POINT('',#4221);
#1330=VERTEX_POINT('',#4223);
#1331=VERTEX_POINT('',#4230);
#1332=VERTEX_POINT('',#4232);
#1333=VERTEX_POINT('',#4234);
#1334=VERTEX_POINT('',#4236);
#1335=VERTEX_POINT('',#4238);
#1336=VERTEX_POINT('',#4240);
#1337=VERTEX_POINT('',#4244);
#1338=VERTEX_POINT('',#4246);
#1339=VERTEX_POINT('',#4249);
#1340=VERTEX_POINT('',#4250);
#1341=VERTEX_POINT('',#4252);
#1342=VERTEX_POINT('',#4257);
#1343=VERTEX_POINT('',#4262);
#1344=VERTEX_POINT('',#4264);
#1345=VERTEX_POINT('',#4270);
#1346=VERTEX_POINT('',#4273);
#1347=VERTEX_POINT('',#4278);
#1348=VERTEX_POINT('',#4280);
#1349=VERTEX_POINT('',#4284);
#1350=VERTEX_POINT('',#4285);
#1351=VERTEX_POINT('',#4290);
#1352=VERTEX_POINT('',#4292);
#1353=VERTEX_POINT('',#4294);
#1354=VERTEX_POINT('',#4298);
#1355=VERTEX_POINT('',#4302);
#1356=VERTEX_POINT('',#4304);
#1357=VERTEX_POINT('',#4308);
#1358=VERTEX_POINT('',#4312);
#1359=VERTEX_POINT('',#4316);
#1360=VERTEX_POINT('',#4318);
#1361=VERTEX_POINT('',#4320);
#1362=VERTEX_POINT('',#4322);
#1363=VERTEX_POINT('',#4326);
#1364=VERTEX_POINT('',#4328);
#1365=VERTEX_POINT('',#4333);
#1366=VERTEX_POINT('',#4335);
#1367=VERTEX_POINT('',#4343);
#1368=VERTEX_POINT('',#4345);
#1369=VERTEX_POINT('',#4349);
#1370=VERTEX_POINT('',#4351);
#1371=VERTEX_POINT('',#4355);
#1372=VERTEX_POINT('',#4359);
#1373=VERTEX_POINT('',#4360);
#1374=VERTEX_POINT('',#4362);
#1375=VERTEX_POINT('',#4372);
#1376=VERTEX_POINT('',#4373);
#1377=VERTEX_POINT('',#4375);
#1378=VERTEX_POINT('',#4380);
#1379=VERTEX_POINT('',#4382);
#1380=VERTEX_POINT('',#4387);
#1381=VERTEX_POINT('',#4389);
#1382=VERTEX_POINT('',#4392);
#1383=VERTEX_POINT('',#4396);
#1384=VERTEX_POINT('',#4401);
#1385=VERTEX_POINT('',#4403);
#1386=VERTEX_POINT('',#4405);
#1387=VERTEX_POINT('',#4409);
#1388=VERTEX_POINT('',#4413);
#1389=VERTEX_POINT('',#4415);
#1390=VERTEX_POINT('',#4417);
#1391=VERTEX_POINT('',#4419);
#1392=VERTEX_POINT('',#4421);
#1393=VERTEX_POINT('',#4423);
#1394=VERTEX_POINT('',#4425);
#1395=VERTEX_POINT('',#4427);
#1396=VERTEX_POINT('',#4429);
#1397=VERTEX_POINT('',#4431);
#1398=VERTEX_POINT('',#4433);
#1399=VERTEX_POINT('',#4435);
#1400=VERTEX_POINT('',#4437);
#1401=VERTEX_POINT('',#4439);
#1402=VERTEX_POINT('',#4441);
#1403=VERTEX_POINT('',#4443);
#1404=VERTEX_POINT('',#4445);
#1405=VERTEX_POINT('',#4449);
#1406=VERTEX_POINT('',#4451);
#1407=VERTEX_POINT('',#4453);
#1408=VERTEX_POINT('',#4455);
#1409=VERTEX_POINT('',#4457);
#1410=VERTEX_POINT('',#4459);
#1411=VERTEX_POINT('',#4461);
#1412=VERTEX_POINT('',#4463);
#1413=VERTEX_POINT('',#4465);
#1414=VERTEX_POINT('',#4467);
#1415=VERTEX_POINT('',#4469);
#1416=VERTEX_POINT('',#4471);
#1417=VERTEX_POINT('',#4476);
#1418=VERTEX_POINT('',#4478);
#1419=VERTEX_POINT('',#4480);
#1420=VERTEX_POINT('',#4483);
#1421=VERTEX_POINT('',#4485);
#1422=VERTEX_POINT('',#4489);
#1423=VERTEX_POINT('',#4491);
#1424=VERTEX_POINT('',#4494);
#1425=VERTEX_POINT('',#4496);
#1426=VERTEX_POINT('',#4498);
#1427=VERTEX_POINT('',#4500);
#1428=VERTEX_POINT('',#4502);
#1429=VERTEX_POINT('',#4504);
#1430=VERTEX_POINT('',#4506);
#1431=VERTEX_POINT('',#4508);
#1432=VERTEX_POINT('',#4510);
#1433=VERTEX_POINT('',#4512);
#1434=VERTEX_POINT('',#4514);
#1435=VERTEX_POINT('',#4516);
#1436=VERTEX_POINT('',#4518);
#1437=VERTEX_POINT('',#4520);
#1438=VERTEX_POINT('',#4522);
#1439=VERTEX_POINT('',#4524);
#1440=VERTEX_POINT('',#4527);
#1441=VERTEX_POINT('',#4529);
#1442=VERTEX_POINT('',#4531);
#1443=VERTEX_POINT('',#4532);
#1444=VERTEX_POINT('',#4534);
#1445=VERTEX_POINT('',#4536);
#1446=VERTEX_POINT('',#4541);
#1447=VERTEX_POINT('',#4543);
#1448=VERTEX_POINT('',#4547);
#1449=VERTEX_POINT('',#4552);
#1450=VERTEX_POINT('',#4556);
#1451=VERTEX_POINT('',#4558);
#1452=VERTEX_POINT('',#4562);
#1453=VERTEX_POINT('',#4564);
#1454=VERTEX_POINT('',#4568);
#1455=VERTEX_POINT('',#4569);
#1456=VERTEX_POINT('',#4583);
#1457=VERTEX_POINT('',#4585);
#1458=VERTEX_POINT('',#4588);
#1459=VERTEX_POINT('',#4592);
#1460=VERTEX_POINT('',#4597);
#1461=VERTEX_POINT('',#4599);
#1462=VERTEX_POINT('',#4602);
#1463=VERTEX_POINT('',#4606);
#1464=VERTEX_POINT('',#4611);
#1465=VERTEX_POINT('',#4613);
#1466=VERTEX_POINT('',#4616);
#1467=VERTEX_POINT('',#4620);
#1468=VERTEX_POINT('',#4625);
#1469=VERTEX_POINT('',#4626);
#1470=VERTEX_POINT('',#4628);
#1471=VERTEX_POINT('',#4630);
#1472=VERTEX_POINT('',#4634);
#1473=VERTEX_POINT('',#4636);
#1474=VERTEX_POINT('',#4643);
#1475=VERTEX_POINT('',#4645);
#1476=VERTEX_POINT('',#4648);
#1477=VERTEX_POINT('',#4650);
#1478=VERTEX_POINT('',#4654);
#1479=VERTEX_POINT('',#4658);
#1480=VERTEX_POINT('',#4660);
#1481=VERTEX_POINT('',#4664);
#1482=VERTEX_POINT('',#4666);
#1483=VERTEX_POINT('',#4669);
#1484=VERTEX_POINT('',#4674);
#1485=VERTEX_POINT('',#4679);
#1486=VERTEX_POINT('',#4680);
#1487=VERTEX_POINT('',#4682);
#1488=VERTEX_POINT('',#4686);
#1489=VERTEX_POINT('',#4688);
#1490=VERTEX_POINT('',#4694);
#1491=VERTEX_POINT('',#4696);
#1492=VERTEX_POINT('',#4702);
#1493=VERTEX_POINT('',#4704);
#1494=VERTEX_POINT('',#4714);
#1495=VERTEX_POINT('',#4715);
#1496=VERTEX_POINT('',#4717);
#1497=VERTEX_POINT('',#4719);
#1498=VERTEX_POINT('',#4723);
#1499=VERTEX_POINT('',#4725);
#1500=VERTEX_POINT('',#4730);
#1501=VERTEX_POINT('',#4734);
#1502=VERTEX_POINT('',#4743);
#1503=VERTEX_POINT('',#4744);
#1504=VERTEX_POINT('',#4746);
#1505=VERTEX_POINT('',#4751);
#1506=VERTEX_POINT('',#4755);
#1507=VERTEX_POINT('',#4757);
#1508=VERTEX_POINT('',#4771);
#1509=VERTEX_POINT('',#4772);
#1510=VERTEX_POINT('',#4774);
#1511=VERTEX_POINT('',#4776);
#1512=VERTEX_POINT('',#4780);
#1513=VERTEX_POINT('',#4781);
#1514=VERTEX_POINT('',#4783);
#1515=VERTEX_POINT('',#4785);
#1516=VERTEX_POINT('',#4789);
#1517=VERTEX_POINT('',#4791);
#1518=VERTEX_POINT('',#4795);
#1519=VERTEX_POINT('',#4797);
#1520=VERTEX_POINT('',#4812);
#1521=VERTEX_POINT('',#4818);
#1522=VERTEX_POINT('',#4824);
#1523=EDGE_CURVE('',#1255,#1255,#1169,.T.);
#1524=EDGE_CURVE('',#1255,#1256,#573,.T.);
#1525=EDGE_CURVE('',#1256,#1256,#1170,.T.);
#1526=EDGE_CURVE('',#1256,#1257,#574,.T.);
#1527=EDGE_CURVE('',#1257,#1257,#1171,.T.);
#1528=EDGE_CURVE('',#1258,#1258,#1172,.T.);
#1529=EDGE_CURVE('',#1258,#1259,#575,.T.);
#1530=EDGE_CURVE('',#1259,#1259,#1173,.T.);
#1531=EDGE_CURVE('',#1259,#1260,#576,.T.);
#1532=EDGE_CURVE('',#1260,#1260,#1174,.T.);
#1533=EDGE_CURVE('',#1261,#1261,#1175,.T.);
#1534=EDGE_CURVE('',#1261,#1262,#577,.T.);
#1535=EDGE_CURVE('',#1262,#1262,#1176,.T.);
#1536=EDGE_CURVE('',#1262,#1263,#578,.T.);
#1537=EDGE_CURVE('',#1263,#1263,#1177,.T.);
#1538=EDGE_CURVE('',#1264,#1264,#1178,.T.);
#1539=EDGE_CURVE('',#1264,#1265,#579,.T.);
#1540=EDGE_CURVE('',#1265,#1265,#1179,.T.);
#1541=EDGE_CURVE('',#1265,#1266,#580,.T.);
#1542=EDGE_CURVE('',#1266,#1266,#1180,.T.);
#1543=EDGE_CURVE('',#1267,#1267,#1181,.T.);
#1544=EDGE_CURVE('',#1267,#1268,#581,.T.);
#1545=EDGE_CURVE('',#1268,#1268,#1182,.T.);
#1546=EDGE_CURVE('',#1269,#1269,#1183,.T.);
#1547=EDGE_CURVE('',#1269,#1270,#582,.T.);
#1548=EDGE_CURVE('',#1270,#1270,#1184,.T.);
#1549=EDGE_CURVE('',#1271,#1271,#1185,.T.);
#1550=EDGE_CURVE('',#1271,#1272,#583,.T.);
#1551=EDGE_CURVE('',#1272,#1272,#1186,.T.);
#1552=EDGE_CURVE('',#1273,#1273,#1187,.T.);
#1553=EDGE_CURVE('',#1273,#1274,#584,.T.);
#1554=EDGE_CURVE('',#1274,#1274,#1188,.T.);
#1555=EDGE_CURVE('',#1275,#1275,#1189,.T.);
#1556=EDGE_CURVE('',#1275,#1276,#585,.T.);
#1557=EDGE_CURVE('',#1276,#1276,#1190,.T.);
#1558=EDGE_CURVE('',#1277,#1278,#586,.T.);
#1559=EDGE_CURVE('',#1279,#1277,#587,.T.);
#1560=EDGE_CURVE('',#1280,#1279,#588,.T.);
#1561=EDGE_CURVE('',#1280,#1281,#589,.T.);
#1562=EDGE_CURVE('',#1282,#1281,#590,.T.);
#1563=EDGE_CURVE('',#1278,#1282,#591,.T.);
#1564=EDGE_CURVE('',#1283,#1284,#592,.T.);
#1565=EDGE_CURVE('',#1285,#1283,#593,.T.);
#1566=EDGE_CURVE('',#1286,#1285,#594,.T.);
#1567=EDGE_CURVE('',#1284,#1286,#595,.T.);
#1568=EDGE_CURVE('',#1278,#1287,#596,.T.);
#1569=EDGE_CURVE('',#1288,#1282,#597,.T.);
#1570=EDGE_CURVE('',#1288,#1287,#598,.T.);
#1571=EDGE_CURVE('',#1289,#1281,#599,.T.);
#1572=EDGE_CURVE('',#1289,#1286,#600,.T.);
#1573=EDGE_CURVE('',#1288,#1285,#601,.T.);
#1574=EDGE_CURVE('',#1284,#1290,#602,.T.);
#1575=EDGE_CURVE('',#1291,#1289,#603,.T.);
#1576=EDGE_CURVE('',#1292,#1291,#604,.T.);
#1577=EDGE_CURVE('',#1292,#1290,#605,.T.);
#1578=EDGE_CURVE('',#1291,#1280,#606,.T.);
#1579=EDGE_CURVE('',#1290,#1277,#607,.T.);
#1580=EDGE_CURVE('',#1279,#1292,#608,.T.);
#1581=EDGE_CURVE('',#1293,#1293,#1191,.T.);
#1582=EDGE_CURVE('',#1294,#1294,#1192,.T.);
#1583=EDGE_CURVE('',#1295,#1295,#1193,.T.);
#1584=EDGE_CURVE('',#1295,#1293,#609,.T.);
#1585=EDGE_CURVE('',#1294,#1296,#610,.T.);
#1586=EDGE_CURVE('',#1296,#1296,#1194,.T.);
#1587=EDGE_CURVE('',#1297,#1297,#1195,.T.);
#1588=EDGE_CURVE('',#1298,#1298,#1196,.T.);
#1589=EDGE_CURVE('',#1299,#1299,#1197,.T.);
#1590=EDGE_CURVE('',#1299,#1297,#611,.T.);
#1591=EDGE_CURVE('',#1298,#1300,#612,.T.);
#1592=EDGE_CURVE('',#1300,#1300,#1198,.T.);
#1593=EDGE_CURVE('',#1301,#1301,#1199,.T.);
#1594=EDGE_CURVE('',#1301,#1302,#613,.T.);
#1595=EDGE_CURVE('',#1303,#1302,#15,.T.);
#1596=EDGE_CURVE('',#1304,#1303,#614,.T.);
#1597=EDGE_CURVE('',#1305,#1304,#1200,.T.);
#1598=EDGE_CURVE('',#1306,#1305,#615,.T.);
#1599=EDGE_CURVE('',#1302,#1306,#16,.T.);
#1600=EDGE_CURVE('',#1307,#1307,#1201,.T.);
#1601=EDGE_CURVE('',#1308,#1308,#17,.T.);
#1602=EDGE_CURVE('',#1308,#1307,#616,.T.);
#1603=EDGE_CURVE('',#1305,#1304,#617,.T.);
#1604=EDGE_CURVE('',#1309,#1310,#618,.T.);
#1605=EDGE_CURVE('',#1311,#1309,#619,.T.);
#1606=EDGE_CURVE('',#1311,#1312,#620,.T.);
#1607=EDGE_CURVE('',#1310,#1312,#621,.T.);
#1608=EDGE_CURVE('',#1313,#1314,#18,.T.);
#1609=EDGE_CURVE('',#1313,#1315,#622,.T.);
#1610=EDGE_CURVE('',#1316,#1315,#1202,.T.);
#1611=EDGE_CURVE('',#1314,#1316,#623,.T.);
#1612=EDGE_CURVE('',#1314,#1317,#624,.T.);
#1613=EDGE_CURVE('',#1318,#1316,#625,.T.);
#1614=EDGE_CURVE('',#1318,#1319,#626,.T.);
#1615=EDGE_CURVE('',#1320,#1319,#627,.T.);
#1616=EDGE_CURVE('',#1321,#1320,#628,.T.);
#1617=EDGE_CURVE('',#1322,#1321,#629,.T.);
#1618=EDGE_CURVE('',#1317,#1322,#630,.T.);
#1619=EDGE_CURVE('',#1323,#1324,#631,.T.);
#1620=EDGE_CURVE('',#1325,#1323,#632,.T.);
#1621=EDGE_CURVE('',#1326,#1325,#633,.T.);
#1622=EDGE_CURVE('',#1324,#1326,#634,.T.);
#1623=EDGE_CURVE('',#1327,#1328,#635,.T.);
#1624=EDGE_CURVE('',#1327,#1329,#636,.T.);
#1625=EDGE_CURVE('',#1330,#1329,#637,.T.);
#1626=EDGE_CURVE('',#1330,#1328,#638,.T.);
#1627=EDGE_CURVE('',#1330,#1325,#639,.T.);
#1628=EDGE_CURVE('',#1326,#1329,#640,.T.);
#1629=EDGE_CURVE('',#1329,#1331,#641,.T.);
#1630=EDGE_CURVE('',#1331,#1332,#642,.T.);
#1631=EDGE_CURVE('',#1332,#1333,#643,.T.);
#1632=EDGE_CURVE('',#1333,#1334,#644,.T.);
#1633=EDGE_CURVE('',#1334,#1335,#645,.T.);
#1634=EDGE_CURVE('',#1336,#1335,#646,.T.);
#1635=EDGE_CURVE('',#1326,#1336,#647,.T.);
#1636=EDGE_CURVE('',#1337,#1337,#1203,.T.);
#1637=EDGE_CURVE('',#1338,#1338,#1204,.T.);
#1638=EDGE_CURVE('',#1339,#1340,#19,.T.);
#1639=EDGE_CURVE('',#1341,#1339,#1205,.T.);
#1640=EDGE_CURVE('',#1341,#1337,#648,.T.);
#1641=EDGE_CURVE('',#1340,#1341,#1206,.T.);
#1642=EDGE_CURVE('',#1338,#1342,#649,.T.);
#1643=EDGE_CURVE('',#1342,#1342,#1207,.T.);
#1644=EDGE_CURVE('',#1343,#1343,#1208,.T.);
#1645=EDGE_CURVE('',#1343,#1344,#650,.T.);
#1646=EDGE_CURVE('',#1332,#1344,#1209,.T.);
#1647=EDGE_CURVE('',#1334,#1331,#20,.T.);
#1648=EDGE_CURVE('',#1344,#1333,#1210,.T.);
#1649=EDGE_CURVE('',#1345,#1345,#1211,.T.);
#1650=EDGE_CURVE('',#1346,#1346,#21,.T.);
#1651=EDGE_CURVE('',#1346,#1345,#651,.T.);
#1652=EDGE_CURVE('',#1312,#1347,#652,.T.);
#1653=EDGE_CURVE('',#1348,#1311,#653,.T.);
#1654=EDGE_CURVE('',#1348,#1347,#654,.T.);
#1655=EDGE_CURVE('',#1349,#1350,#655,.T.);
#1656=EDGE_CURVE('',#1347,#1349,#656,.T.);
#1657=EDGE_CURVE('',#1350,#1348,#657,.T.);
#1658=EDGE_CURVE('',#1335,#1351,#658,.T.);
#1659=EDGE_CURVE('',#1351,#1352,#1212,.T.);
#1660=EDGE_CURVE('',#1352,#1353,#659,.T.);
#1661=EDGE_CURVE('',#1353,#1335,#22,.T.);
#1662=EDGE_CURVE('',#1353,#1354,#660,.T.);
#1663=EDGE_CURVE('',#1354,#1336,#23,.T.);
#1664=EDGE_CURVE('',#1354,#1355,#661,.T.);
#1665=EDGE_CURVE('',#1355,#1356,#1213,.T.);
#1666=EDGE_CURVE('',#1356,#1336,#662,.T.);
#1667=EDGE_CURVE('',#1357,#1327,#663,.T.);
#1668=EDGE_CURVE('',#1357,#1351,#664,.T.);
#1669=EDGE_CURVE('',#1358,#1356,#665,.T.);
#1670=EDGE_CURVE('',#1324,#1358,#666,.T.);
#1671=EDGE_CURVE('',#1352,#1359,#667,.T.);
#1672=EDGE_CURVE('',#1360,#1359,#668,.T.);
#1673=EDGE_CURVE('',#1361,#1360,#669,.T.);
#1674=EDGE_CURVE('',#1362,#1361,#670,.T.);
#1675=EDGE_CURVE('',#1362,#1355,#671,.T.);
#1676=EDGE_CURVE('',#1363,#1360,#672,.T.);
#1677=EDGE_CURVE('',#1364,#1363,#673,.T.);
#1678=EDGE_CURVE('',#1361,#1364,#674,.T.);
#1679=EDGE_CURVE('',#1364,#1349,#675,.T.);
#1680=EDGE_CURVE('',#1365,#1363,#676,.T.);
#1681=EDGE_CURVE('',#1366,#1365,#677,.T.);
#1682=EDGE_CURVE('',#1310,#1366,#678,.T.);
#1683=EDGE_CURVE('',#1366,#1362,#679,.T.);
#1684=EDGE_CURVE('',#1359,#1365,#680,.T.);
#1685=EDGE_CURVE('',#1358,#1357,#681,.T.);
#1686=EDGE_CURVE('',#1319,#1367,#24,.T.);
#1687=EDGE_CURVE('',#1368,#1318,#1214,.T.);
#1688=EDGE_CURVE('',#1368,#1367,#682,.T.);
#1689=EDGE_CURVE('',#1369,#1320,#25,.T.);
#1690=EDGE_CURVE('',#1370,#1369,#683,.T.);
#1691=EDGE_CURVE('',#1321,#1370,#1215,.T.);
#1692=EDGE_CURVE('',#1370,#1371,#684,.T.);
#1693=EDGE_CURVE('',#1371,#1322,#1216,.T.);
#1694=EDGE_CURVE('',#1372,#1373,#26,.T.);
#1695=EDGE_CURVE('',#1374,#1372,#1217,.T.);
#1696=EDGE_CURVE('',#1317,#1374,#27,.T.);
#1697=EDGE_CURVE('',#1373,#1371,#685,.T.);
#1698=EDGE_CURVE('',#1373,#1313,#686,.T.);
#1699=EDGE_CURVE('',#1367,#1369,#687,.T.);
#1700=EDGE_CURVE('',#1315,#1368,#688,.T.);
#1701=EDGE_CURVE('',#1375,#1376,#689,.T.);
#1702=EDGE_CURVE('',#1377,#1376,#690,.T.);
#1703=EDGE_CURVE('',#1375,#1377,#691,.T.);
#1704=EDGE_CURVE('',#1376,#1339,#692,.T.);
#1705=EDGE_CURVE('',#1378,#1375,#693,.T.);
#1706=EDGE_CURVE('',#1379,#1378,#694,.T.);
#1707=EDGE_CURVE('',#1374,#1379,#695,.T.);
#1708=EDGE_CURVE('',#1340,#1372,#696,.T.);
#1709=EDGE_CURVE('',#1380,#1380,#1218,.T.);
#1710=EDGE_CURVE('',#1381,#1381,#1219,.T.);
#1711=EDGE_CURVE('',#1382,#1382,#1220,.T.);
#1712=EDGE_CURVE('',#1382,#1380,#697,.T.);
#1713=EDGE_CURVE('',#1381,#1383,#698,.T.);
#1714=EDGE_CURVE('',#1383,#1383,#1221,.T.);
#1715=EDGE_CURVE('',#1384,#1283,#699,.T.);
#1716=EDGE_CURVE('',#1384,#1385,#700,.T.);
#1717=EDGE_CURVE('',#1385,#1386,#701,.T.);
#1718=EDGE_CURVE('',#1386,#1288,#702,.T.);
#1719=EDGE_CURVE('',#1387,#1287,#703,.T.);
#1720=EDGE_CURVE('',#1328,#1387,#704,.T.);
#1721=EDGE_CURVE('',#1303,#1330,#705,.T.);
#1722=EDGE_CURVE('',#1388,#1306,#706,.T.);
#1723=EDGE_CURVE('',#1389,#1388,#707,.T.);
#1724=EDGE_CURVE('',#1390,#1389,#708,.T.);
#1725=EDGE_CURVE('',#1390,#1391,#28,.T.);
#1726=EDGE_CURVE('',#1391,#1392,#29,.T.);
#1727=EDGE_CURVE('',#1393,#1392,#709,.T.);
#1728=EDGE_CURVE('',#1394,#1393,#710,.T.);
#1729=EDGE_CURVE('',#1394,#1395,#711,.T.);
#1730=EDGE_CURVE('',#1395,#1396,#712,.T.);
#1731=EDGE_CURVE('',#1396,#1397,#713,.T.);
#1732=EDGE_CURVE('',#1397,#1398,#714,.T.);
#1733=EDGE_CURVE('',#1398,#1399,#715,.T.);
#1734=EDGE_CURVE('',#1399,#1400,#716,.T.);
#1735=EDGE_CURVE('',#1400,#1401,#717,.T.);
#1736=EDGE_CURVE('',#1402,#1401,#718,.T.);
#1737=EDGE_CURVE('',#1402,#1403,#719,.T.);
#1738=EDGE_CURVE('',#1403,#1404,#720,.T.);
#1739=EDGE_CURVE('',#1404,#1384,#721,.T.);
#1740=EDGE_CURVE('',#1405,#1350,#722,.T.);
#1741=EDGE_CURVE('',#1405,#1406,#723,.T.);
#1742=EDGE_CURVE('',#1406,#1407,#724,.T.);
#1743=EDGE_CURVE('',#1407,#1408,#725,.T.);
#1744=EDGE_CURVE('',#1408,#1409,#726,.T.);
#1745=EDGE_CURVE('',#1409,#1410,#727,.T.);
#1746=EDGE_CURVE('',#1410,#1411,#728,.T.);
#1747=EDGE_CURVE('',#1411,#1412,#729,.T.);
#1748=EDGE_CURVE('',#1413,#1412,#730,.T.);
#1749=EDGE_CURVE('',#1414,#1413,#731,.T.);
#1750=EDGE_CURVE('',#1415,#1414,#732,.T.);
#1751=EDGE_CURVE('',#1415,#1416,#733,.T.);
#1752=EDGE_CURVE('',#1309,#1416,#734,.T.);
#1753=EDGE_CURVE('',#1416,#1378,#735,.T.);
#1754=EDGE_CURVE('',#1417,#1377,#736,.T.);
#1755=EDGE_CURVE('',#1417,#1418,#737,.T.);
#1756=EDGE_CURVE('',#1418,#1419,#738,.T.);
#1757=EDGE_CURVE('',#1413,#1419,#739,.T.);
#1758=EDGE_CURVE('',#1412,#1420,#740,.T.);
#1759=EDGE_CURVE('',#1420,#1421,#741,.T.);
#1760=EDGE_CURVE('',#1421,#1405,#742,.T.);
#1761=EDGE_CURVE('',#1379,#1422,#743,.T.);
#1762=EDGE_CURVE('',#1422,#1423,#744,.T.);
#1763=EDGE_CURVE('',#1386,#1423,#745,.T.);
#1764=EDGE_CURVE('',#1385,#1424,#746,.T.);
#1765=EDGE_CURVE('',#1425,#1424,#747,.T.);
#1766=EDGE_CURVE('',#1425,#1426,#748,.T.);
#1767=EDGE_CURVE('',#1426,#1427,#749,.T.);
#1768=EDGE_CURVE('',#1427,#1428,#750,.T.);
#1769=EDGE_CURVE('',#1429,#1428,#751,.T.);
#1770=EDGE_CURVE('',#1430,#1429,#752,.T.);
#1771=EDGE_CURVE('',#1430,#1431,#753,.T.);
#1772=EDGE_CURVE('',#1431,#1432,#30,.T.);
#1773=EDGE_CURVE('',#1432,#1433,#754,.T.);
#1774=EDGE_CURVE('',#1433,#1434,#31,.T.);
#1775=EDGE_CURVE('',#1434,#1435,#755,.T.);
#1776=EDGE_CURVE('',#1435,#1436,#32,.T.);
#1777=EDGE_CURVE('',#1436,#1437,#756,.T.);
#1778=EDGE_CURVE('',#1437,#1438,#33,.T.);
#1779=EDGE_CURVE('',#1438,#1439,#757,.T.);
#1780=EDGE_CURVE('',#1439,#1417,#758,.T.);
#1781=EDGE_CURVE('',#1440,#1440,#34,.T.);
#1782=EDGE_CURVE('',#1441,#1441,#35,.T.);
#1783=EDGE_CURVE('',#1442,#1443,#759,.T.);
#1784=EDGE_CURVE('',#1443,#1444,#760,.T.);
#1785=EDGE_CURVE('',#1444,#1445,#761,.T.);
#1786=EDGE_CURVE('',#1445,#1442,#762,.T.);
#1787=EDGE_CURVE('',#1423,#1387,#763,.T.);
#1788=EDGE_CURVE('',#1422,#1446,#764,.T.);
#1789=EDGE_CURVE('',#1447,#1446,#765,.T.);
#1790=EDGE_CURVE('',#1323,#1447,#766,.T.);
#1791=EDGE_CURVE('',#1447,#1448,#767,.T.);
#1792=EDGE_CURVE('',#1448,#1388,#768,.T.);
#1793=EDGE_CURVE('',#1449,#1415,#769,.T.);
#1794=EDGE_CURVE('',#1446,#1449,#770,.T.);
#1795=EDGE_CURVE('',#1400,#1450,#771,.T.);
#1796=EDGE_CURVE('',#1450,#1451,#772,.T.);
#1797=EDGE_CURVE('',#1401,#1451,#773,.T.);
#1798=EDGE_CURVE('',#1396,#1452,#774,.T.);
#1799=EDGE_CURVE('',#1452,#1453,#775,.T.);
#1800=EDGE_CURVE('',#1397,#1453,#776,.T.);
#1801=EDGE_CURVE('',#1454,#1455,#777,.T.);
#1802=EDGE_CURVE('',#1453,#1454,#778,.T.);
#1803=EDGE_CURVE('',#1451,#1452,#779,.T.);
#1804=EDGE_CURVE('',#1455,#1450,#780,.T.);
#1805=EDGE_CURVE('',#1443,#1454,#781,.T.);
#1806=EDGE_CURVE('',#1442,#1398,#782,.T.);
#1807=EDGE_CURVE('',#1445,#1399,#783,.T.);
#1808=EDGE_CURVE('',#1444,#1455,#784,.T.);
#1809=EDGE_CURVE('',#1456,#1456,#1222,.T.);
#1810=EDGE_CURVE('',#1457,#1457,#1223,.T.);
#1811=EDGE_CURVE('',#1458,#1458,#1224,.T.);
#1812=EDGE_CURVE('',#1458,#1456,#785,.T.);
#1813=EDGE_CURVE('',#1457,#1459,#786,.T.);
#1814=EDGE_CURVE('',#1459,#1459,#1225,.T.);
#1815=EDGE_CURVE('',#1460,#1460,#1226,.T.);
#1816=EDGE_CURVE('',#1461,#1461,#1227,.T.);
#1817=EDGE_CURVE('',#1462,#1462,#1228,.T.);
#1818=EDGE_CURVE('',#1462,#1460,#787,.T.);
#1819=EDGE_CURVE('',#1461,#1463,#788,.T.);
#1820=EDGE_CURVE('',#1463,#1463,#1229,.T.);
#1821=EDGE_CURVE('',#1464,#1464,#1230,.T.);
#1822=EDGE_CURVE('',#1465,#1465,#1231,.T.);
#1823=EDGE_CURVE('',#1466,#1466,#1232,.T.);
#1824=EDGE_CURVE('',#1466,#1464,#789,.T.);
#1825=EDGE_CURVE('',#1465,#1467,#790,.T.);
#1826=EDGE_CURVE('',#1467,#1467,#1233,.T.);
#1827=EDGE_CURVE('',#1468,#1469,#791,.T.);
#1828=EDGE_CURVE('',#1468,#1470,#792,.T.);
#1829=EDGE_CURVE('',#1470,#1471,#793,.T.);
#1830=EDGE_CURVE('',#1469,#1471,#794,.T.);
#1831=EDGE_CURVE('',#1394,#1472,#795,.T.);
#1832=EDGE_CURVE('',#1393,#1473,#796,.T.);
#1833=EDGE_CURVE('',#1472,#1473,#797,.T.);
#1834=EDGE_CURVE('',#1471,#1393,#798,.T.);
#1835=EDGE_CURVE('',#1473,#1470,#799,.T.);
#1836=EDGE_CURVE('',#1392,#1474,#800,.T.);
#1837=EDGE_CURVE('',#1474,#1475,#801,.T.);
#1838=EDGE_CURVE('',#1475,#1390,#802,.T.);
#1839=EDGE_CURVE('',#1389,#1476,#803,.T.);
#1840=EDGE_CURVE('',#1477,#1476,#804,.T.);
#1841=EDGE_CURVE('',#1469,#1477,#805,.T.);
#1842=EDGE_CURVE('',#1477,#1478,#806,.T.);
#1843=EDGE_CURVE('',#1429,#1478,#807,.T.);
#1844=EDGE_CURVE('',#1428,#1395,#808,.T.);
#1845=EDGE_CURVE('',#1472,#1479,#809,.T.);
#1846=EDGE_CURVE('',#1479,#1480,#810,.T.);
#1847=EDGE_CURVE('',#1480,#1468,#811,.T.);
#1848=EDGE_CURVE('',#1481,#1481,#1234,.T.);
#1849=EDGE_CURVE('',#1482,#1482,#1235,.T.);
#1850=EDGE_CURVE('',#1483,#1437,#1236,.T.);
#1851=EDGE_CURVE('',#1483,#1481,#812,.T.);
#1852=EDGE_CURVE('',#1438,#1483,#1237,.T.);
#1853=EDGE_CURVE('',#1482,#1484,#813,.T.);
#1854=EDGE_CURVE('',#1484,#1484,#1238,.T.);
#1855=EDGE_CURVE('',#1485,#1486,#814,.T.);
#1856=EDGE_CURVE('',#1487,#1485,#1239,.T.);
#1857=EDGE_CURVE('',#1486,#1487,#1240,.T.);
#1858=EDGE_CURVE('',#1488,#1488,#1241,.T.);
#1859=EDGE_CURVE('',#1489,#1489,#1242,.T.);
#1860=EDGE_CURVE('',#1441,#1488,#815,.T.);
#1861=EDGE_CURVE('',#1489,#1487,#816,.T.);
#1862=EDGE_CURVE('',#1490,#1485,#817,.T.);
#1863=EDGE_CURVE('',#1491,#1490,#36,.T.);
#1864=EDGE_CURVE('',#1486,#1491,#818,.T.);
#1865=EDGE_CURVE('',#1475,#1474,#1243,.T.);
#1866=EDGE_CURVE('',#1492,#1492,#1244,.T.);
#1867=EDGE_CURVE('',#1493,#1493,#1245,.T.);
#1868=EDGE_CURVE('',#1440,#1492,#819,.T.);
#1869=EDGE_CURVE('',#1493,#1391,#820,.T.);
#1870=EDGE_CURVE('',#1436,#1431,#1246,.T.);
#1871=EDGE_CURVE('',#1419,#1430,#821,.T.);
#1872=EDGE_CURVE('',#1418,#1439,#822,.T.);
#1873=EDGE_CURVE('',#1494,#1495,#823,.T.);
#1874=EDGE_CURVE('',#1495,#1496,#824,.T.);
#1875=EDGE_CURVE('',#1496,#1497,#825,.T.);
#1876=EDGE_CURVE('',#1497,#1494,#826,.T.);
#1877=EDGE_CURVE('',#1470,#1498,#827,.T.);
#1878=EDGE_CURVE('',#1499,#1498,#828,.T.);
#1879=EDGE_CURVE('',#1490,#1499,#829,.T.);
#1880=EDGE_CURVE('',#1473,#1491,#830,.T.);
#1881=EDGE_CURVE('',#1500,#1411,#831,.T.);
#1882=EDGE_CURVE('',#1420,#1500,#832,.T.);
#1883=EDGE_CURVE('',#1501,#1500,#833,.T.);
#1884=EDGE_CURVE('',#1421,#1501,#834,.T.);
#1885=EDGE_CURVE('',#1406,#1501,#835,.T.);
#1886=EDGE_CURVE('',#1410,#1495,#836,.T.);
#1887=EDGE_CURVE('',#1407,#1494,#837,.T.);
#1888=EDGE_CURVE('',#1502,#1503,#838,.T.);
#1889=EDGE_CURVE('',#1503,#1504,#1247,.F.);
#1890=EDGE_CURVE('',#1504,#1499,#839,.T.);
#1891=EDGE_CURVE('',#1499,#1502,#37,.T.);
#1892=EDGE_CURVE('',#1505,#1502,#840,.T.);
#1893=EDGE_CURVE('',#1498,#1505,#38,.T.);
#1894=EDGE_CURVE('',#1498,#1506,#841,.T.);
#1895=EDGE_CURVE('',#1506,#1507,#1248,.F.);
#1896=EDGE_CURVE('',#1507,#1505,#842,.T.);
#1897=EDGE_CURVE('',#1409,#1507,#843,.T.);
#1898=EDGE_CURVE('',#1408,#1497,#844,.T.);
#1899=EDGE_CURVE('',#1503,#1496,#845,.T.);
#1900=EDGE_CURVE('',#1480,#1506,#846,.T.);
#1901=EDGE_CURVE('',#1479,#1504,#847,.T.);
#1902=EDGE_CURVE('',#1508,#1509,#39,.T.);
#1903=EDGE_CURVE('',#1510,#1508,#848,.T.);
#1904=EDGE_CURVE('',#1511,#1510,#1249,.T.);
#1905=EDGE_CURVE('',#1511,#1509,#849,.T.);
#1906=EDGE_CURVE('',#1512,#1513,#40,.T.);
#1907=EDGE_CURVE('',#1514,#1512,#850,.T.);
#1908=EDGE_CURVE('',#1515,#1514,#1250,.T.);
#1909=EDGE_CURVE('',#1515,#1513,#851,.T.);
#1910=EDGE_CURVE('',#1516,#1515,#852,.T.);
#1911=EDGE_CURVE('',#1514,#1517,#853,.T.);
#1912=EDGE_CURVE('',#1516,#1517,#1251,.T.);
#1913=EDGE_CURVE('',#1433,#1518,#854,.T.);
#1914=EDGE_CURVE('',#1518,#1519,#1252,.T.);
#1915=EDGE_CURVE('',#1434,#1519,#855,.T.);
#1916=EDGE_CURVE('',#1510,#1519,#856,.T.);
#1917=EDGE_CURVE('',#1513,#1508,#857,.T.);
#1918=EDGE_CURVE('',#1435,#1516,#858,.T.);
#1919=EDGE_CURVE('',#1432,#1517,#859,.T.);
#1920=EDGE_CURVE('',#1509,#1512,#860,.T.);
#1921=EDGE_CURVE('',#1518,#1511,#861,.T.);
#1922=EDGE_CURVE('',#1478,#1520,#862,.T.);
#1923=EDGE_CURVE('',#1520,#1414,#863,.T.);
#1924=EDGE_CURVE('',#1452,#1427,#864,.T.);
#1925=EDGE_CURVE('',#1521,#1424,#1253,.T.);
#1926=EDGE_CURVE('',#1404,#1521,#865,.T.);
#1927=EDGE_CURVE('',#1426,#1402,#866,.T.);
#1928=EDGE_CURVE('',#1522,#1403,#867,.T.);
#1929=EDGE_CURVE('',#1425,#1522,#1254,.T.);
#1930=EDGE_CURVE('',#1522,#1521,#868,.T.);
#1931=EDGE_CURVE('',#1476,#1448,#869,.T.);
#1932=EDGE_CURVE('',#1520,#1449,#870,.T.);
#1933=ORIENTED_EDGE('',*,*,#1523,.F.);
#1934=ORIENTED_EDGE('',*,*,#1524,.T.);
#1935=ORIENTED_EDGE('',*,*,#1525,.F.);
#1936=ORIENTED_EDGE('',*,*,#1524,.F.);
#1937=ORIENTED_EDGE('',*,*,#1525,.T.);
#1938=ORIENTED_EDGE('',*,*,#1526,.T.);
#1939=ORIENTED_EDGE('',*,*,#1527,.F.);
#1940=ORIENTED_EDGE('',*,*,#1526,.F.);
#1941=ORIENTED_EDGE('',*,*,#1528,.F.);
#1942=ORIENTED_EDGE('',*,*,#1529,.T.);
#1943=ORIENTED_EDGE('',*,*,#1530,.F.);
#1944=ORIENTED_EDGE('',*,*,#1529,.F.);
#1945=ORIENTED_EDGE('',*,*,#1530,.T.);
#1946=ORIENTED_EDGE('',*,*,#1531,.T.);
#1947=ORIENTED_EDGE('',*,*,#1532,.F.);
#1948=ORIENTED_EDGE('',*,*,#1531,.F.);
#1949=ORIENTED_EDGE('',*,*,#1533,.F.);
#1950=ORIENTED_EDGE('',*,*,#1534,.T.);
#1951=ORIENTED_EDGE('',*,*,#1535,.F.);
#1952=ORIENTED_EDGE('',*,*,#1534,.F.);
#1953=ORIENTED_EDGE('',*,*,#1535,.T.);
#1954=ORIENTED_EDGE('',*,*,#1536,.T.);
#1955=ORIENTED_EDGE('',*,*,#1537,.F.);
#1956=ORIENTED_EDGE('',*,*,#1536,.F.);
#1957=ORIENTED_EDGE('',*,*,#1538,.F.);
#1958=ORIENTED_EDGE('',*,*,#1539,.T.);
#1959=ORIENTED_EDGE('',*,*,#1540,.F.);
#1960=ORIENTED_EDGE('',*,*,#1539,.F.);
#1961=ORIENTED_EDGE('',*,*,#1540,.T.);
#1962=ORIENTED_EDGE('',*,*,#1541,.T.);
#1963=ORIENTED_EDGE('',*,*,#1542,.F.);
#1964=ORIENTED_EDGE('',*,*,#1541,.F.);
#1965=ORIENTED_EDGE('',*,*,#1543,.F.);
#1966=ORIENTED_EDGE('',*,*,#1544,.T.);
#1967=ORIENTED_EDGE('',*,*,#1545,.F.);
#1968=ORIENTED_EDGE('',*,*,#1544,.F.);
#1969=ORIENTED_EDGE('',*,*,#1546,.F.);
#1970=ORIENTED_EDGE('',*,*,#1547,.T.);
#1971=ORIENTED_EDGE('',*,*,#1548,.F.);
#1972=ORIENTED_EDGE('',*,*,#1547,.F.);
#1973=ORIENTED_EDGE('',*,*,#1549,.F.);
#1974=ORIENTED_EDGE('',*,*,#1550,.T.);
#1975=ORIENTED_EDGE('',*,*,#1551,.F.);
#1976=ORIENTED_EDGE('',*,*,#1550,.F.);
#1977=ORIENTED_EDGE('',*,*,#1552,.F.);
#1978=ORIENTED_EDGE('',*,*,#1553,.T.);
#1979=ORIENTED_EDGE('',*,*,#1554,.F.);
#1980=ORIENTED_EDGE('',*,*,#1553,.F.);
#1981=ORIENTED_EDGE('',*,*,#1555,.F.);
#1982=ORIENTED_EDGE('',*,*,#1556,.T.);
#1983=ORIENTED_EDGE('',*,*,#1557,.F.);
#1984=ORIENTED_EDGE('',*,*,#1556,.F.);
#1985=ORIENTED_EDGE('',*,*,#1558,.F.);
#1986=ORIENTED_EDGE('',*,*,#1559,.F.);
#1987=ORIENTED_EDGE('',*,*,#1560,.F.);
#1988=ORIENTED_EDGE('',*,*,#1561,.T.);
#1989=ORIENTED_EDGE('',*,*,#1562,.F.);
#1990=ORIENTED_EDGE('',*,*,#1563,.F.);
#1991=ORIENTED_EDGE('',*,*,#1564,.F.);
#1992=ORIENTED_EDGE('',*,*,#1565,.F.);
#1993=ORIENTED_EDGE('',*,*,#1566,.F.);
#1994=ORIENTED_EDGE('',*,*,#1567,.F.);
#1995=ORIENTED_EDGE('',*,*,#1568,.F.);
#1996=ORIENTED_EDGE('',*,*,#1563,.T.);
#1997=ORIENTED_EDGE('',*,*,#1569,.F.);
#1998=ORIENTED_EDGE('',*,*,#1570,.T.);
#1999=ORIENTED_EDGE('',*,*,#1571,.F.);
#2000=ORIENTED_EDGE('',*,*,#1572,.T.);
#2001=ORIENTED_EDGE('',*,*,#1566,.T.);
#2002=ORIENTED_EDGE('',*,*,#1573,.F.);
#2003=ORIENTED_EDGE('',*,*,#1569,.T.);
#2004=ORIENTED_EDGE('',*,*,#1562,.T.);
#2005=ORIENTED_EDGE('',*,*,#1574,.F.);
#2006=ORIENTED_EDGE('',*,*,#1567,.T.);
#2007=ORIENTED_EDGE('',*,*,#1572,.F.);
#2008=ORIENTED_EDGE('',*,*,#1575,.F.);
#2009=ORIENTED_EDGE('',*,*,#1576,.F.);
#2010=ORIENTED_EDGE('',*,*,#1577,.T.);
#2011=ORIENTED_EDGE('',*,*,#1578,.F.);
#2012=ORIENTED_EDGE('',*,*,#1575,.T.);
#2013=ORIENTED_EDGE('',*,*,#1571,.T.);
#2014=ORIENTED_EDGE('',*,*,#1561,.F.);
#2015=ORIENTED_EDGE('',*,*,#1579,.F.);
#2016=ORIENTED_EDGE('',*,*,#1577,.F.);
#2017=ORIENTED_EDGE('',*,*,#1580,.F.);
#2018=ORIENTED_EDGE('',*,*,#1559,.T.);
#2019=ORIENTED_EDGE('',*,*,#1581,.F.);
#2020=ORIENTED_EDGE('',*,*,#1582,.T.);
#2021=ORIENTED_EDGE('',*,*,#1583,.F.);
#2022=ORIENTED_EDGE('',*,*,#1584,.T.);
#2023=ORIENTED_EDGE('',*,*,#1581,.T.);
#2024=ORIENTED_EDGE('',*,*,#1584,.F.);
#2025=ORIENTED_EDGE('',*,*,#1582,.F.);
#2026=ORIENTED_EDGE('',*,*,#1585,.T.);
#2027=ORIENTED_EDGE('',*,*,#1586,.T.);
#2028=ORIENTED_EDGE('',*,*,#1585,.F.);
#2029=ORIENTED_EDGE('',*,*,#1586,.F.);
#2030=ORIENTED_EDGE('',*,*,#1587,.F.);
#2031=ORIENTED_EDGE('',*,*,#1588,.T.);
#2032=ORIENTED_EDGE('',*,*,#1589,.F.);
#2033=ORIENTED_EDGE('',*,*,#1590,.T.);
#2034=ORIENTED_EDGE('',*,*,#1587,.T.);
#2035=ORIENTED_EDGE('',*,*,#1590,.F.);
#2036=ORIENTED_EDGE('',*,*,#1588,.F.);
#2037=ORIENTED_EDGE('',*,*,#1591,.T.);
#2038=ORIENTED_EDGE('',*,*,#1592,.T.);
#2039=ORIENTED_EDGE('',*,*,#1591,.F.);
#2040=ORIENTED_EDGE('',*,*,#1592,.F.);
#2041=ORIENTED_EDGE('',*,*,#1593,.T.);
#2042=ORIENTED_EDGE('',*,*,#1594,.T.);
#2043=ORIENTED_EDGE('',*,*,#1595,.F.);
#2044=ORIENTED_EDGE('',*,*,#1596,.F.);
#2045=ORIENTED_EDGE('',*,*,#1597,.F.);
#2046=ORIENTED_EDGE('',*,*,#1598,.F.);
#2047=ORIENTED_EDGE('',*,*,#1599,.F.);
#2048=ORIENTED_EDGE('',*,*,#1594,.F.);
#2049=ORIENTED_EDGE('',*,*,#1600,.T.);
#2050=ORIENTED_EDGE('',*,*,#1593,.F.);
#2051=ORIENTED_EDGE('',*,*,#1601,.F.);
#2052=ORIENTED_EDGE('',*,*,#1602,.T.);
#2053=ORIENTED_EDGE('',*,*,#1600,.F.);
#2054=ORIENTED_EDGE('',*,*,#1602,.F.);
#2055=ORIENTED_EDGE('',*,*,#1603,.F.);
#2056=ORIENTED_EDGE('',*,*,#1597,.T.);
#2057=ORIENTED_EDGE('',*,*,#1604,.F.);
#2058=ORIENTED_EDGE('',*,*,#1605,.F.);
#2059=ORIENTED_EDGE('',*,*,#1606,.T.);
#2060=ORIENTED_EDGE('',*,*,#1607,.F.);
#2061=ORIENTED_EDGE('',*,*,#1608,.F.);
#2062=ORIENTED_EDGE('',*,*,#1609,.T.);
#2063=ORIENTED_EDGE('',*,*,#1610,.F.);
#2064=ORIENTED_EDGE('',*,*,#1611,.F.);
#2065=ORIENTED_EDGE('',*,*,#1612,.F.);
#2066=ORIENTED_EDGE('',*,*,#1611,.T.);
#2067=ORIENTED_EDGE('',*,*,#1613,.F.);
#2068=ORIENTED_EDGE('',*,*,#1614,.T.);
#2069=ORIENTED_EDGE('',*,*,#1615,.F.);
#2070=ORIENTED_EDGE('',*,*,#1616,.F.);
#2071=ORIENTED_EDGE('',*,*,#1617,.F.);
#2072=ORIENTED_EDGE('',*,*,#1618,.F.);
#2073=ORIENTED_EDGE('',*,*,#1619,.F.);
#2074=ORIENTED_EDGE('',*,*,#1620,.F.);
#2075=ORIENTED_EDGE('',*,*,#1621,.F.);
#2076=ORIENTED_EDGE('',*,*,#1622,.F.);
#2077=ORIENTED_EDGE('',*,*,#1623,.F.);
#2078=ORIENTED_EDGE('',*,*,#1624,.T.);
#2079=ORIENTED_EDGE('',*,*,#1625,.F.);
#2080=ORIENTED_EDGE('',*,*,#1626,.T.);
#2081=ORIENTED_EDGE('',*,*,#1627,.F.);
#2082=ORIENTED_EDGE('',*,*,#1625,.T.);
#2083=ORIENTED_EDGE('',*,*,#1628,.F.);
#2084=ORIENTED_EDGE('',*,*,#1621,.T.);
#2085=ORIENTED_EDGE('',*,*,#1628,.T.);
#2086=ORIENTED_EDGE('',*,*,#1629,.T.);
#2087=ORIENTED_EDGE('',*,*,#1630,.T.);
#2088=ORIENTED_EDGE('',*,*,#1631,.T.);
#2089=ORIENTED_EDGE('',*,*,#1632,.T.);
#2090=ORIENTED_EDGE('',*,*,#1633,.T.);
#2091=ORIENTED_EDGE('',*,*,#1634,.F.);
#2092=ORIENTED_EDGE('',*,*,#1635,.F.);
#2093=ORIENTED_EDGE('',*,*,#1636,.T.);
#2094=ORIENTED_EDGE('',*,*,#1637,.F.);
#2095=ORIENTED_EDGE('',*,*,#1638,.F.);
#2096=ORIENTED_EDGE('',*,*,#1639,.F.);
#2097=ORIENTED_EDGE('',*,*,#1640,.T.);
#2098=ORIENTED_EDGE('',*,*,#1636,.F.);
#2099=ORIENTED_EDGE('',*,*,#1640,.F.);
#2100=ORIENTED_EDGE('',*,*,#1641,.F.);
#2101=ORIENTED_EDGE('',*,*,#1637,.T.);
#2102=ORIENTED_EDGE('',*,*,#1642,.T.);
#2103=ORIENTED_EDGE('',*,*,#1643,.F.);
#2104=ORIENTED_EDGE('',*,*,#1642,.F.);
#2105=ORIENTED_EDGE('',*,*,#1643,.T.);
#2106=ORIENTED_EDGE('',*,*,#1644,.T.);
#2107=ORIENTED_EDGE('',*,*,#1645,.T.);
#2108=ORIENTED_EDGE('',*,*,#1646,.F.);
#2109=ORIENTED_EDGE('',*,*,#1630,.F.);
#2110=ORIENTED_EDGE('',*,*,#1647,.F.);
#2111=ORIENTED_EDGE('',*,*,#1632,.F.);
#2112=ORIENTED_EDGE('',*,*,#1648,.F.);
#2113=ORIENTED_EDGE('',*,*,#1645,.F.);
#2114=ORIENTED_EDGE('',*,*,#1649,.T.);
#2115=ORIENTED_EDGE('',*,*,#1644,.F.);
#2116=ORIENTED_EDGE('',*,*,#1650,.F.);
#2117=ORIENTED_EDGE('',*,*,#1651,.T.);
#2118=ORIENTED_EDGE('',*,*,#1649,.F.);
#2119=ORIENTED_EDGE('',*,*,#1651,.F.);
#2120=ORIENTED_EDGE('',*,*,#1631,.F.);
#2121=ORIENTED_EDGE('',*,*,#1646,.T.);
#2122=ORIENTED_EDGE('',*,*,#1648,.T.);
#2123=ORIENTED_EDGE('',*,*,#1652,.F.);
#2124=ORIENTED_EDGE('',*,*,#1606,.F.);
#2125=ORIENTED_EDGE('',*,*,#1653,.F.);
#2126=ORIENTED_EDGE('',*,*,#1654,.T.);
#2127=ORIENTED_EDGE('',*,*,#1655,.F.);
#2128=ORIENTED_EDGE('',*,*,#1656,.F.);
#2129=ORIENTED_EDGE('',*,*,#1654,.F.);
#2130=ORIENTED_EDGE('',*,*,#1657,.F.);
#2131=ORIENTED_EDGE('',*,*,#1658,.T.);
#2132=ORIENTED_EDGE('',*,*,#1659,.T.);
#2133=ORIENTED_EDGE('',*,*,#1660,.T.);
#2134=ORIENTED_EDGE('',*,*,#1661,.T.);
#2135=ORIENTED_EDGE('',*,*,#1662,.T.);
#2136=ORIENTED_EDGE('',*,*,#1663,.T.);
#2137=ORIENTED_EDGE('',*,*,#1634,.T.);
#2138=ORIENTED_EDGE('',*,*,#1661,.F.);
#2139=ORIENTED_EDGE('',*,*,#1664,.T.);
#2140=ORIENTED_EDGE('',*,*,#1665,.T.);
#2141=ORIENTED_EDGE('',*,*,#1666,.T.);
#2142=ORIENTED_EDGE('',*,*,#1663,.F.);
#2143=ORIENTED_EDGE('',*,*,#1647,.T.);
#2144=ORIENTED_EDGE('',*,*,#1629,.F.);
#2145=ORIENTED_EDGE('',*,*,#1624,.F.);
#2146=ORIENTED_EDGE('',*,*,#1667,.F.);
#2147=ORIENTED_EDGE('',*,*,#1668,.T.);
#2148=ORIENTED_EDGE('',*,*,#1658,.F.);
#2149=ORIENTED_EDGE('',*,*,#1633,.F.);
#2150=ORIENTED_EDGE('',*,*,#1666,.F.);
#2151=ORIENTED_EDGE('',*,*,#1669,.F.);
#2152=ORIENTED_EDGE('',*,*,#1670,.F.);
#2153=ORIENTED_EDGE('',*,*,#1622,.T.);
#2154=ORIENTED_EDGE('',*,*,#1635,.T.);
#2155=ORIENTED_EDGE('',*,*,#1660,.F.);
#2156=ORIENTED_EDGE('',*,*,#1671,.T.);
#2157=ORIENTED_EDGE('',*,*,#1672,.F.);
#2158=ORIENTED_EDGE('',*,*,#1673,.F.);
#2159=ORIENTED_EDGE('',*,*,#1674,.F.);
#2160=ORIENTED_EDGE('',*,*,#1675,.T.);
#2161=ORIENTED_EDGE('',*,*,#1664,.F.);
#2162=ORIENTED_EDGE('',*,*,#1662,.F.);
#2163=ORIENTED_EDGE('',*,*,#1676,.F.);
#2164=ORIENTED_EDGE('',*,*,#1677,.F.);
#2165=ORIENTED_EDGE('',*,*,#1678,.F.);
#2166=ORIENTED_EDGE('',*,*,#1673,.T.);
#2167=ORIENTED_EDGE('',*,*,#1656,.T.);
#2168=ORIENTED_EDGE('',*,*,#1679,.F.);
#2169=ORIENTED_EDGE('',*,*,#1677,.T.);
#2170=ORIENTED_EDGE('',*,*,#1680,.F.);
#2171=ORIENTED_EDGE('',*,*,#1681,.F.);
#2172=ORIENTED_EDGE('',*,*,#1682,.F.);
#2173=ORIENTED_EDGE('',*,*,#1607,.T.);
#2174=ORIENTED_EDGE('',*,*,#1652,.T.);
#2175=ORIENTED_EDGE('',*,*,#1675,.F.);
#2176=ORIENTED_EDGE('',*,*,#1683,.F.);
#2177=ORIENTED_EDGE('',*,*,#1681,.T.);
#2178=ORIENTED_EDGE('',*,*,#1684,.F.);
#2179=ORIENTED_EDGE('',*,*,#1671,.F.);
#2180=ORIENTED_EDGE('',*,*,#1659,.F.);
#2181=ORIENTED_EDGE('',*,*,#1668,.F.);
#2182=ORIENTED_EDGE('',*,*,#1685,.F.);
#2183=ORIENTED_EDGE('',*,*,#1669,.T.);
#2184=ORIENTED_EDGE('',*,*,#1665,.F.);
#2185=ORIENTED_EDGE('',*,*,#1686,.F.);
#2186=ORIENTED_EDGE('',*,*,#1614,.F.);
#2187=ORIENTED_EDGE('',*,*,#1687,.F.);
#2188=ORIENTED_EDGE('',*,*,#1688,.T.);
#2189=ORIENTED_EDGE('',*,*,#1689,.F.);
#2190=ORIENTED_EDGE('',*,*,#1690,.F.);
#2191=ORIENTED_EDGE('',*,*,#1691,.F.);
#2192=ORIENTED_EDGE('',*,*,#1616,.T.);
#2193=ORIENTED_EDGE('',*,*,#1617,.T.);
#2194=ORIENTED_EDGE('',*,*,#1691,.T.);
#2195=ORIENTED_EDGE('',*,*,#1692,.T.);
#2196=ORIENTED_EDGE('',*,*,#1693,.T.);
#2197=ORIENTED_EDGE('',*,*,#1694,.F.);
#2198=ORIENTED_EDGE('',*,*,#1695,.F.);
#2199=ORIENTED_EDGE('',*,*,#1696,.F.);
#2200=ORIENTED_EDGE('',*,*,#1618,.T.);
#2201=ORIENTED_EDGE('',*,*,#1693,.F.);
#2202=ORIENTED_EDGE('',*,*,#1697,.F.);
#2203=ORIENTED_EDGE('',*,*,#1698,.F.);
#2204=ORIENTED_EDGE('',*,*,#1697,.T.);
#2205=ORIENTED_EDGE('',*,*,#1692,.F.);
#2206=ORIENTED_EDGE('',*,*,#1690,.T.);
#2207=ORIENTED_EDGE('',*,*,#1699,.F.);
#2208=ORIENTED_EDGE('',*,*,#1688,.F.);
#2209=ORIENTED_EDGE('',*,*,#1700,.F.);
#2210=ORIENTED_EDGE('',*,*,#1609,.F.);
#2211=ORIENTED_EDGE('',*,*,#1613,.T.);
#2212=ORIENTED_EDGE('',*,*,#1610,.T.);
#2213=ORIENTED_EDGE('',*,*,#1700,.T.);
#2214=ORIENTED_EDGE('',*,*,#1687,.T.);
#2215=ORIENTED_EDGE('',*,*,#1701,.T.);
#2216=ORIENTED_EDGE('',*,*,#1702,.F.);
#2217=ORIENTED_EDGE('',*,*,#1703,.F.);
#2218=ORIENTED_EDGE('',*,*,#1641,.T.);
#2219=ORIENTED_EDGE('',*,*,#1639,.T.);
#2220=ORIENTED_EDGE('',*,*,#1704,.F.);
#2221=ORIENTED_EDGE('',*,*,#1701,.F.);
#2222=ORIENTED_EDGE('',*,*,#1705,.F.);
#2223=ORIENTED_EDGE('',*,*,#1706,.F.);
#2224=ORIENTED_EDGE('',*,*,#1707,.F.);
#2225=ORIENTED_EDGE('',*,*,#1695,.T.);
#2226=ORIENTED_EDGE('',*,*,#1708,.F.);
#2227=ORIENTED_EDGE('',*,*,#1672,.T.);
#2228=ORIENTED_EDGE('',*,*,#1684,.T.);
#2229=ORIENTED_EDGE('',*,*,#1680,.T.);
#2230=ORIENTED_EDGE('',*,*,#1676,.T.);
#2231=ORIENTED_EDGE('',*,*,#1709,.F.);
#2232=ORIENTED_EDGE('',*,*,#1710,.T.);
#2233=ORIENTED_EDGE('',*,*,#1711,.F.);
#2234=ORIENTED_EDGE('',*,*,#1712,.T.);
#2235=ORIENTED_EDGE('',*,*,#1709,.T.);
#2236=ORIENTED_EDGE('',*,*,#1712,.F.);
#2237=ORIENTED_EDGE('',*,*,#1710,.F.);
#2238=ORIENTED_EDGE('',*,*,#1713,.T.);
#2239=ORIENTED_EDGE('',*,*,#1714,.T.);
#2240=ORIENTED_EDGE('',*,*,#1713,.F.);
#2241=ORIENTED_EDGE('',*,*,#1714,.F.);
#2242=ORIENTED_EDGE('',*,*,#1573,.T.);
#2243=ORIENTED_EDGE('',*,*,#1565,.T.);
#2244=ORIENTED_EDGE('',*,*,#1715,.F.);
#2245=ORIENTED_EDGE('',*,*,#1716,.T.);
#2246=ORIENTED_EDGE('',*,*,#1717,.T.);
#2247=ORIENTED_EDGE('',*,*,#1718,.T.);
#2248=ORIENTED_EDGE('',*,*,#1568,.T.);
#2249=ORIENTED_EDGE('',*,*,#1719,.F.);
#2250=ORIENTED_EDGE('',*,*,#1720,.F.);
#2251=ORIENTED_EDGE('',*,*,#1626,.F.);
#2252=ORIENTED_EDGE('',*,*,#1721,.F.);
#2253=ORIENTED_EDGE('',*,*,#1595,.T.);
#2254=ORIENTED_EDGE('',*,*,#1599,.T.);
#2255=ORIENTED_EDGE('',*,*,#1722,.F.);
#2256=ORIENTED_EDGE('',*,*,#1723,.F.);
#2257=ORIENTED_EDGE('',*,*,#1724,.F.);
#2258=ORIENTED_EDGE('',*,*,#1725,.T.);
#2259=ORIENTED_EDGE('',*,*,#1726,.T.);
#2260=ORIENTED_EDGE('',*,*,#1727,.F.);
#2261=ORIENTED_EDGE('',*,*,#1728,.F.);
#2262=ORIENTED_EDGE('',*,*,#1729,.T.);
#2263=ORIENTED_EDGE('',*,*,#1730,.T.);
#2264=ORIENTED_EDGE('',*,*,#1731,.T.);
#2265=ORIENTED_EDGE('',*,*,#1732,.T.);
#2266=ORIENTED_EDGE('',*,*,#1733,.T.);
#2267=ORIENTED_EDGE('',*,*,#1734,.T.);
#2268=ORIENTED_EDGE('',*,*,#1735,.T.);
#2269=ORIENTED_EDGE('',*,*,#1736,.F.);
#2270=ORIENTED_EDGE('',*,*,#1737,.T.);
#2271=ORIENTED_EDGE('',*,*,#1738,.T.);
#2272=ORIENTED_EDGE('',*,*,#1739,.T.);
#2273=ORIENTED_EDGE('',*,*,#1715,.T.);
#2274=ORIENTED_EDGE('',*,*,#1564,.T.);
#2275=ORIENTED_EDGE('',*,*,#1574,.T.);
#2276=ORIENTED_EDGE('',*,*,#1579,.T.);
#2277=ORIENTED_EDGE('',*,*,#1558,.T.);
#2278=ORIENTED_EDGE('',*,*,#1523,.T.);
#2279=ORIENTED_EDGE('',*,*,#1528,.T.);
#2280=ORIENTED_EDGE('',*,*,#1533,.T.);
#2281=ORIENTED_EDGE('',*,*,#1538,.T.);
#2282=ORIENTED_EDGE('',*,*,#1655,.T.);
#2283=ORIENTED_EDGE('',*,*,#1740,.F.);
#2284=ORIENTED_EDGE('',*,*,#1741,.T.);
#2285=ORIENTED_EDGE('',*,*,#1742,.T.);
#2286=ORIENTED_EDGE('',*,*,#1743,.T.);
#2287=ORIENTED_EDGE('',*,*,#1744,.T.);
#2288=ORIENTED_EDGE('',*,*,#1745,.T.);
#2289=ORIENTED_EDGE('',*,*,#1746,.T.);
#2290=ORIENTED_EDGE('',*,*,#1747,.T.);
#2291=ORIENTED_EDGE('',*,*,#1748,.F.);
#2292=ORIENTED_EDGE('',*,*,#1749,.F.);
#2293=ORIENTED_EDGE('',*,*,#1750,.F.);
#2294=ORIENTED_EDGE('',*,*,#1751,.T.);
#2295=ORIENTED_EDGE('',*,*,#1752,.F.);
#2296=ORIENTED_EDGE('',*,*,#1604,.T.);
#2297=ORIENTED_EDGE('',*,*,#1682,.T.);
#2298=ORIENTED_EDGE('',*,*,#1683,.T.);
#2299=ORIENTED_EDGE('',*,*,#1674,.T.);
#2300=ORIENTED_EDGE('',*,*,#1678,.T.);
#2301=ORIENTED_EDGE('',*,*,#1679,.T.);
#2302=ORIENTED_EDGE('',*,*,#1657,.T.);
#2303=ORIENTED_EDGE('',*,*,#1653,.T.);
#2304=ORIENTED_EDGE('',*,*,#1605,.T.);
#2305=ORIENTED_EDGE('',*,*,#1752,.T.);
#2306=ORIENTED_EDGE('',*,*,#1753,.T.);
#2307=ORIENTED_EDGE('',*,*,#1705,.T.);
#2308=ORIENTED_EDGE('',*,*,#1703,.T.);
#2309=ORIENTED_EDGE('',*,*,#1754,.F.);
#2310=ORIENTED_EDGE('',*,*,#1755,.T.);
#2311=ORIENTED_EDGE('',*,*,#1756,.T.);
#2312=ORIENTED_EDGE('',*,*,#1757,.F.);
#2313=ORIENTED_EDGE('',*,*,#1748,.T.);
#2314=ORIENTED_EDGE('',*,*,#1758,.T.);
#2315=ORIENTED_EDGE('',*,*,#1759,.T.);
#2316=ORIENTED_EDGE('',*,*,#1760,.T.);
#2317=ORIENTED_EDGE('',*,*,#1740,.T.);
#2318=ORIENTED_EDGE('',*,*,#1702,.T.);
#2319=ORIENTED_EDGE('',*,*,#1704,.T.);
#2320=ORIENTED_EDGE('',*,*,#1638,.T.);
#2321=ORIENTED_EDGE('',*,*,#1708,.T.);
#2322=ORIENTED_EDGE('',*,*,#1694,.T.);
#2323=ORIENTED_EDGE('',*,*,#1698,.T.);
#2324=ORIENTED_EDGE('',*,*,#1608,.T.);
#2325=ORIENTED_EDGE('',*,*,#1612,.T.);
#2326=ORIENTED_EDGE('',*,*,#1696,.T.);
#2327=ORIENTED_EDGE('',*,*,#1707,.T.);
#2328=ORIENTED_EDGE('',*,*,#1761,.T.);
#2329=ORIENTED_EDGE('',*,*,#1762,.T.);
#2330=ORIENTED_EDGE('',*,*,#1763,.F.);
#2331=ORIENTED_EDGE('',*,*,#1717,.F.);
#2332=ORIENTED_EDGE('',*,*,#1764,.T.);
#2333=ORIENTED_EDGE('',*,*,#1765,.F.);
#2334=ORIENTED_EDGE('',*,*,#1766,.T.);
#2335=ORIENTED_EDGE('',*,*,#1767,.T.);
#2336=ORIENTED_EDGE('',*,*,#1768,.T.);
#2337=ORIENTED_EDGE('',*,*,#1769,.F.);
#2338=ORIENTED_EDGE('',*,*,#1770,.F.);
#2339=ORIENTED_EDGE('',*,*,#1771,.T.);
#2340=ORIENTED_EDGE('',*,*,#1772,.T.);
#2341=ORIENTED_EDGE('',*,*,#1773,.T.);
#2342=ORIENTED_EDGE('',*,*,#1774,.T.);
#2343=ORIENTED_EDGE('',*,*,#1775,.T.);
#2344=ORIENTED_EDGE('',*,*,#1776,.T.);
#2345=ORIENTED_EDGE('',*,*,#1777,.T.);
#2346=ORIENTED_EDGE('',*,*,#1778,.T.);
#2347=ORIENTED_EDGE('',*,*,#1779,.T.);
#2348=ORIENTED_EDGE('',*,*,#1780,.T.);
#2349=ORIENTED_EDGE('',*,*,#1754,.T.);
#2350=ORIENTED_EDGE('',*,*,#1527,.T.);
#2351=ORIENTED_EDGE('',*,*,#1532,.T.);
#2352=ORIENTED_EDGE('',*,*,#1537,.T.);
#2353=ORIENTED_EDGE('',*,*,#1542,.T.);
#2354=ORIENTED_EDGE('',*,*,#1781,.T.);
#2355=ORIENTED_EDGE('',*,*,#1782,.T.);
#2356=ORIENTED_EDGE('',*,*,#1783,.T.);
#2357=ORIENTED_EDGE('',*,*,#1784,.T.);
#2358=ORIENTED_EDGE('',*,*,#1785,.T.);
#2359=ORIENTED_EDGE('',*,*,#1786,.T.);
#2360=ORIENTED_EDGE('',*,*,#1650,.T.);
#2361=ORIENTED_EDGE('',*,*,#1601,.T.);
#2362=ORIENTED_EDGE('',*,*,#1576,.T.);
#2363=ORIENTED_EDGE('',*,*,#1578,.T.);
#2364=ORIENTED_EDGE('',*,*,#1560,.T.);
#2365=ORIENTED_EDGE('',*,*,#1580,.T.);
#2366=ORIENTED_EDGE('',*,*,#1619,.T.);
#2367=ORIENTED_EDGE('',*,*,#1670,.T.);
#2368=ORIENTED_EDGE('',*,*,#1685,.T.);
#2369=ORIENTED_EDGE('',*,*,#1667,.T.);
#2370=ORIENTED_EDGE('',*,*,#1623,.T.);
#2371=ORIENTED_EDGE('',*,*,#1720,.T.);
#2372=ORIENTED_EDGE('',*,*,#1787,.F.);
#2373=ORIENTED_EDGE('',*,*,#1762,.F.);
#2374=ORIENTED_EDGE('',*,*,#1788,.T.);
#2375=ORIENTED_EDGE('',*,*,#1789,.F.);
#2376=ORIENTED_EDGE('',*,*,#1790,.F.);
#2377=ORIENTED_EDGE('',*,*,#1711,.T.);
#2378=ORIENTED_EDGE('',*,*,#1596,.T.);
#2379=ORIENTED_EDGE('',*,*,#1721,.T.);
#2380=ORIENTED_EDGE('',*,*,#1627,.T.);
#2381=ORIENTED_EDGE('',*,*,#1620,.T.);
#2382=ORIENTED_EDGE('',*,*,#1790,.T.);
#2383=ORIENTED_EDGE('',*,*,#1791,.T.);
#2384=ORIENTED_EDGE('',*,*,#1792,.T.);
#2385=ORIENTED_EDGE('',*,*,#1722,.T.);
#2386=ORIENTED_EDGE('',*,*,#1598,.T.);
#2387=ORIENTED_EDGE('',*,*,#1603,.T.);
#2388=ORIENTED_EDGE('',*,*,#1763,.T.);
#2389=ORIENTED_EDGE('',*,*,#1787,.T.);
#2390=ORIENTED_EDGE('',*,*,#1719,.T.);
#2391=ORIENTED_EDGE('',*,*,#1570,.F.);
#2392=ORIENTED_EDGE('',*,*,#1718,.F.);
#2393=ORIENTED_EDGE('',*,*,#1706,.T.);
#2394=ORIENTED_EDGE('',*,*,#1753,.F.);
#2395=ORIENTED_EDGE('',*,*,#1751,.F.);
#2396=ORIENTED_EDGE('',*,*,#1793,.F.);
#2397=ORIENTED_EDGE('',*,*,#1794,.F.);
#2398=ORIENTED_EDGE('',*,*,#1788,.F.);
#2399=ORIENTED_EDGE('',*,*,#1761,.F.);
#2400=ORIENTED_EDGE('',*,*,#1735,.F.);
#2401=ORIENTED_EDGE('',*,*,#1795,.T.);
#2402=ORIENTED_EDGE('',*,*,#1796,.T.);
#2403=ORIENTED_EDGE('',*,*,#1797,.F.);
#2404=ORIENTED_EDGE('',*,*,#1731,.F.);
#2405=ORIENTED_EDGE('',*,*,#1798,.T.);
#2406=ORIENTED_EDGE('',*,*,#1799,.T.);
#2407=ORIENTED_EDGE('',*,*,#1800,.F.);
#2408=ORIENTED_EDGE('',*,*,#1801,.F.);
#2409=ORIENTED_EDGE('',*,*,#1802,.F.);
#2410=ORIENTED_EDGE('',*,*,#1799,.F.);
#2411=ORIENTED_EDGE('',*,*,#1803,.F.);
#2412=ORIENTED_EDGE('',*,*,#1796,.F.);
#2413=ORIENTED_EDGE('',*,*,#1804,.F.);
#2414=ORIENTED_EDGE('',*,*,#1732,.F.);
#2415=ORIENTED_EDGE('',*,*,#1800,.T.);
#2416=ORIENTED_EDGE('',*,*,#1802,.T.);
#2417=ORIENTED_EDGE('',*,*,#1805,.F.);
#2418=ORIENTED_EDGE('',*,*,#1783,.F.);
#2419=ORIENTED_EDGE('',*,*,#1806,.T.);
#2420=ORIENTED_EDGE('',*,*,#1734,.F.);
#2421=ORIENTED_EDGE('',*,*,#1807,.F.);
#2422=ORIENTED_EDGE('',*,*,#1785,.F.);
#2423=ORIENTED_EDGE('',*,*,#1808,.T.);
#2424=ORIENTED_EDGE('',*,*,#1804,.T.);
#2425=ORIENTED_EDGE('',*,*,#1795,.F.);
#2426=ORIENTED_EDGE('',*,*,#1786,.F.);
#2427=ORIENTED_EDGE('',*,*,#1807,.T.);
#2428=ORIENTED_EDGE('',*,*,#1733,.F.);
#2429=ORIENTED_EDGE('',*,*,#1806,.F.);
#2430=ORIENTED_EDGE('',*,*,#1801,.T.);
#2431=ORIENTED_EDGE('',*,*,#1808,.F.);
#2432=ORIENTED_EDGE('',*,*,#1784,.F.);
#2433=ORIENTED_EDGE('',*,*,#1805,.T.);
#2434=ORIENTED_EDGE('',*,*,#1809,.T.);
#2435=ORIENTED_EDGE('',*,*,#1810,.F.);
#2436=ORIENTED_EDGE('',*,*,#1811,.F.);
#2437=ORIENTED_EDGE('',*,*,#1812,.T.);
#2438=ORIENTED_EDGE('',*,*,#1809,.F.);
#2439=ORIENTED_EDGE('',*,*,#1812,.F.);
#2440=ORIENTED_EDGE('',*,*,#1810,.T.);
#2441=ORIENTED_EDGE('',*,*,#1813,.T.);
#2442=ORIENTED_EDGE('',*,*,#1814,.F.);
#2443=ORIENTED_EDGE('',*,*,#1813,.F.);
#2444=ORIENTED_EDGE('',*,*,#1814,.T.);
#2445=ORIENTED_EDGE('',*,*,#1815,.T.);
#2446=ORIENTED_EDGE('',*,*,#1816,.F.);
#2447=ORIENTED_EDGE('',*,*,#1817,.F.);
#2448=ORIENTED_EDGE('',*,*,#1818,.T.);
#2449=ORIENTED_EDGE('',*,*,#1815,.F.);
#2450=ORIENTED_EDGE('',*,*,#1818,.F.);
#2451=ORIENTED_EDGE('',*,*,#1816,.T.);
#2452=ORIENTED_EDGE('',*,*,#1819,.T.);
#2453=ORIENTED_EDGE('',*,*,#1820,.F.);
#2454=ORIENTED_EDGE('',*,*,#1819,.F.);
#2455=ORIENTED_EDGE('',*,*,#1820,.T.);
#2456=ORIENTED_EDGE('',*,*,#1821,.T.);
#2457=ORIENTED_EDGE('',*,*,#1822,.F.);
#2458=ORIENTED_EDGE('',*,*,#1823,.F.);
#2459=ORIENTED_EDGE('',*,*,#1824,.T.);
#2460=ORIENTED_EDGE('',*,*,#1821,.F.);
#2461=ORIENTED_EDGE('',*,*,#1824,.F.);
#2462=ORIENTED_EDGE('',*,*,#1822,.T.);
#2463=ORIENTED_EDGE('',*,*,#1825,.T.);
#2464=ORIENTED_EDGE('',*,*,#1826,.F.);
#2465=ORIENTED_EDGE('',*,*,#1825,.F.);
#2466=ORIENTED_EDGE('',*,*,#1826,.T.);
#2467=ORIENTED_EDGE('',*,*,#1827,.F.);
#2468=ORIENTED_EDGE('',*,*,#1828,.T.);
#2469=ORIENTED_EDGE('',*,*,#1829,.T.);
#2470=ORIENTED_EDGE('',*,*,#1830,.F.);
#2471=ORIENTED_EDGE('',*,*,#1831,.F.);
#2472=ORIENTED_EDGE('',*,*,#1728,.T.);
#2473=ORIENTED_EDGE('',*,*,#1832,.T.);
#2474=ORIENTED_EDGE('',*,*,#1833,.F.);
#2475=ORIENTED_EDGE('',*,*,#1834,.F.);
#2476=ORIENTED_EDGE('',*,*,#1829,.F.);
#2477=ORIENTED_EDGE('',*,*,#1835,.F.);
#2478=ORIENTED_EDGE('',*,*,#1832,.F.);
#2479=ORIENTED_EDGE('',*,*,#1830,.T.);
#2480=ORIENTED_EDGE('',*,*,#1834,.T.);
#2481=ORIENTED_EDGE('',*,*,#1727,.T.);
#2482=ORIENTED_EDGE('',*,*,#1836,.T.);
#2483=ORIENTED_EDGE('',*,*,#1837,.T.);
#2484=ORIENTED_EDGE('',*,*,#1838,.T.);
#2485=ORIENTED_EDGE('',*,*,#1724,.T.);
#2486=ORIENTED_EDGE('',*,*,#1839,.T.);
#2487=ORIENTED_EDGE('',*,*,#1840,.F.);
#2488=ORIENTED_EDGE('',*,*,#1841,.F.);
#2489=ORIENTED_EDGE('',*,*,#1827,.T.);
#2490=ORIENTED_EDGE('',*,*,#1841,.T.);
#2491=ORIENTED_EDGE('',*,*,#1842,.T.);
#2492=ORIENTED_EDGE('',*,*,#1843,.F.);
#2493=ORIENTED_EDGE('',*,*,#1769,.T.);
#2494=ORIENTED_EDGE('',*,*,#1844,.T.);
#2495=ORIENTED_EDGE('',*,*,#1729,.F.);
#2496=ORIENTED_EDGE('',*,*,#1831,.T.);
#2497=ORIENTED_EDGE('',*,*,#1845,.T.);
#2498=ORIENTED_EDGE('',*,*,#1846,.T.);
#2499=ORIENTED_EDGE('',*,*,#1847,.T.);
#2500=ORIENTED_EDGE('',*,*,#1811,.T.);
#2501=ORIENTED_EDGE('',*,*,#1848,.F.);
#2502=ORIENTED_EDGE('',*,*,#1849,.T.);
#2503=ORIENTED_EDGE('',*,*,#1778,.F.);
#2504=ORIENTED_EDGE('',*,*,#1850,.F.);
#2505=ORIENTED_EDGE('',*,*,#1851,.T.);
#2506=ORIENTED_EDGE('',*,*,#1848,.T.);
#2507=ORIENTED_EDGE('',*,*,#1851,.F.);
#2508=ORIENTED_EDGE('',*,*,#1852,.F.);
#2509=ORIENTED_EDGE('',*,*,#1849,.F.);
#2510=ORIENTED_EDGE('',*,*,#1853,.T.);
#2511=ORIENTED_EDGE('',*,*,#1854,.T.);
#2512=ORIENTED_EDGE('',*,*,#1853,.F.);
#2513=ORIENTED_EDGE('',*,*,#1854,.F.);
#2514=ORIENTED_EDGE('',*,*,#1855,.F.);
#2515=ORIENTED_EDGE('',*,*,#1856,.F.);
#2516=ORIENTED_EDGE('',*,*,#1857,.F.);
#2517=ORIENTED_EDGE('',*,*,#1858,.F.);
#2518=ORIENTED_EDGE('',*,*,#1859,.T.);
#2519=ORIENTED_EDGE('',*,*,#1782,.F.);
#2520=ORIENTED_EDGE('',*,*,#1860,.T.);
#2521=ORIENTED_EDGE('',*,*,#1858,.T.);
#2522=ORIENTED_EDGE('',*,*,#1860,.F.);
#2523=ORIENTED_EDGE('',*,*,#1859,.F.);
#2524=ORIENTED_EDGE('',*,*,#1861,.T.);
#2525=ORIENTED_EDGE('',*,*,#1856,.T.);
#2526=ORIENTED_EDGE('',*,*,#1862,.F.);
#2527=ORIENTED_EDGE('',*,*,#1863,.F.);
#2528=ORIENTED_EDGE('',*,*,#1864,.F.);
#2529=ORIENTED_EDGE('',*,*,#1857,.T.);
#2530=ORIENTED_EDGE('',*,*,#1861,.F.);
#2531=ORIENTED_EDGE('',*,*,#1837,.F.);
#2532=ORIENTED_EDGE('',*,*,#1865,.F.);
#2533=ORIENTED_EDGE('',*,*,#1866,.F.);
#2534=ORIENTED_EDGE('',*,*,#1867,.T.);
#2535=ORIENTED_EDGE('',*,*,#1781,.F.);
#2536=ORIENTED_EDGE('',*,*,#1868,.T.);
#2537=ORIENTED_EDGE('',*,*,#1866,.T.);
#2538=ORIENTED_EDGE('',*,*,#1868,.F.);
#2539=ORIENTED_EDGE('',*,*,#1867,.F.);
#2540=ORIENTED_EDGE('',*,*,#1869,.T.);
#2541=ORIENTED_EDGE('',*,*,#1725,.F.);
#2542=ORIENTED_EDGE('',*,*,#1838,.F.);
#2543=ORIENTED_EDGE('',*,*,#1865,.T.);
#2544=ORIENTED_EDGE('',*,*,#1836,.F.);
#2545=ORIENTED_EDGE('',*,*,#1726,.F.);
#2546=ORIENTED_EDGE('',*,*,#1869,.F.);
#2547=ORIENTED_EDGE('',*,*,#1852,.T.);
#2548=ORIENTED_EDGE('',*,*,#1850,.T.);
#2549=ORIENTED_EDGE('',*,*,#1777,.F.);
#2550=ORIENTED_EDGE('',*,*,#1870,.T.);
#2551=ORIENTED_EDGE('',*,*,#1771,.F.);
#2552=ORIENTED_EDGE('',*,*,#1871,.F.);
#2553=ORIENTED_EDGE('',*,*,#1756,.F.);
#2554=ORIENTED_EDGE('',*,*,#1872,.T.);
#2555=ORIENTED_EDGE('',*,*,#1779,.F.);
#2556=ORIENTED_EDGE('',*,*,#1873,.T.);
#2557=ORIENTED_EDGE('',*,*,#1874,.T.);
#2558=ORIENTED_EDGE('',*,*,#1875,.T.);
#2559=ORIENTED_EDGE('',*,*,#1876,.T.);
#2560=ORIENTED_EDGE('',*,*,#1835,.T.);
#2561=ORIENTED_EDGE('',*,*,#1877,.T.);
#2562=ORIENTED_EDGE('',*,*,#1878,.F.);
#2563=ORIENTED_EDGE('',*,*,#1879,.F.);
#2564=ORIENTED_EDGE('',*,*,#1862,.T.);
#2565=ORIENTED_EDGE('',*,*,#1855,.T.);
#2566=ORIENTED_EDGE('',*,*,#1864,.T.);
#2567=ORIENTED_EDGE('',*,*,#1880,.F.);
#2568=ORIENTED_EDGE('',*,*,#1747,.F.);
#2569=ORIENTED_EDGE('',*,*,#1881,.F.);
#2570=ORIENTED_EDGE('',*,*,#1882,.F.);
#2571=ORIENTED_EDGE('',*,*,#1758,.F.);
#2572=ORIENTED_EDGE('',*,*,#1883,.F.);
#2573=ORIENTED_EDGE('',*,*,#1884,.F.);
#2574=ORIENTED_EDGE('',*,*,#1759,.F.);
#2575=ORIENTED_EDGE('',*,*,#1882,.T.);
#2576=ORIENTED_EDGE('',*,*,#1741,.F.);
#2577=ORIENTED_EDGE('',*,*,#1760,.F.);
#2578=ORIENTED_EDGE('',*,*,#1884,.T.);
#2579=ORIENTED_EDGE('',*,*,#1885,.F.);
#2580=ORIENTED_EDGE('',*,*,#1885,.T.);
#2581=ORIENTED_EDGE('',*,*,#1883,.T.);
#2582=ORIENTED_EDGE('',*,*,#1881,.T.);
#2583=ORIENTED_EDGE('',*,*,#1746,.F.);
#2584=ORIENTED_EDGE('',*,*,#1886,.T.);
#2585=ORIENTED_EDGE('',*,*,#1873,.F.);
#2586=ORIENTED_EDGE('',*,*,#1887,.F.);
#2587=ORIENTED_EDGE('',*,*,#1742,.F.);
#2588=ORIENTED_EDGE('',*,*,#1888,.T.);
#2589=ORIENTED_EDGE('',*,*,#1889,.T.);
#2590=ORIENTED_EDGE('',*,*,#1890,.T.);
#2591=ORIENTED_EDGE('',*,*,#1891,.T.);
#2592=ORIENTED_EDGE('',*,*,#1892,.T.);
#2593=ORIENTED_EDGE('',*,*,#1891,.F.);
#2594=ORIENTED_EDGE('',*,*,#1878,.T.);
#2595=ORIENTED_EDGE('',*,*,#1893,.T.);
#2596=ORIENTED_EDGE('',*,*,#1894,.T.);
#2597=ORIENTED_EDGE('',*,*,#1895,.T.);
#2598=ORIENTED_EDGE('',*,*,#1896,.T.);
#2599=ORIENTED_EDGE('',*,*,#1893,.F.);
#2600=ORIENTED_EDGE('',*,*,#1888,.F.);
#2601=ORIENTED_EDGE('',*,*,#1892,.F.);
#2602=ORIENTED_EDGE('',*,*,#1896,.F.);
#2603=ORIENTED_EDGE('',*,*,#1897,.F.);
#2604=ORIENTED_EDGE('',*,*,#1744,.F.);
#2605=ORIENTED_EDGE('',*,*,#1898,.T.);
#2606=ORIENTED_EDGE('',*,*,#1875,.F.);
#2607=ORIENTED_EDGE('',*,*,#1899,.F.);
#2608=ORIENTED_EDGE('',*,*,#1894,.F.);
#2609=ORIENTED_EDGE('',*,*,#1877,.F.);
#2610=ORIENTED_EDGE('',*,*,#1828,.F.);
#2611=ORIENTED_EDGE('',*,*,#1847,.F.);
#2612=ORIENTED_EDGE('',*,*,#1900,.T.);
#2613=ORIENTED_EDGE('',*,*,#1863,.T.);
#2614=ORIENTED_EDGE('',*,*,#1879,.T.);
#2615=ORIENTED_EDGE('',*,*,#1890,.F.);
#2616=ORIENTED_EDGE('',*,*,#1901,.F.);
#2617=ORIENTED_EDGE('',*,*,#1845,.F.);
#2618=ORIENTED_EDGE('',*,*,#1833,.T.);
#2619=ORIENTED_EDGE('',*,*,#1880,.T.);
#2620=ORIENTED_EDGE('',*,*,#1886,.F.);
#2621=ORIENTED_EDGE('',*,*,#1745,.F.);
#2622=ORIENTED_EDGE('',*,*,#1897,.T.);
#2623=ORIENTED_EDGE('',*,*,#1895,.F.);
#2624=ORIENTED_EDGE('',*,*,#1900,.F.);
#2625=ORIENTED_EDGE('',*,*,#1846,.F.);
#2626=ORIENTED_EDGE('',*,*,#1901,.T.);
#2627=ORIENTED_EDGE('',*,*,#1889,.F.);
#2628=ORIENTED_EDGE('',*,*,#1899,.T.);
#2629=ORIENTED_EDGE('',*,*,#1874,.F.);
#2630=ORIENTED_EDGE('',*,*,#1876,.F.);
#2631=ORIENTED_EDGE('',*,*,#1898,.F.);
#2632=ORIENTED_EDGE('',*,*,#1743,.F.);
#2633=ORIENTED_EDGE('',*,*,#1887,.T.);
#2634=ORIENTED_EDGE('',*,*,#1902,.F.);
#2635=ORIENTED_EDGE('',*,*,#1903,.F.);
#2636=ORIENTED_EDGE('',*,*,#1904,.F.);
#2637=ORIENTED_EDGE('',*,*,#1905,.T.);
#2638=ORIENTED_EDGE('',*,*,#1906,.F.);
#2639=ORIENTED_EDGE('',*,*,#1907,.F.);
#2640=ORIENTED_EDGE('',*,*,#1908,.F.);
#2641=ORIENTED_EDGE('',*,*,#1909,.T.);
#2642=ORIENTED_EDGE('',*,*,#1910,.T.);
#2643=ORIENTED_EDGE('',*,*,#1908,.T.);
#2644=ORIENTED_EDGE('',*,*,#1911,.T.);
#2645=ORIENTED_EDGE('',*,*,#1912,.F.);
#2646=ORIENTED_EDGE('',*,*,#1774,.F.);
#2647=ORIENTED_EDGE('',*,*,#1913,.T.);
#2648=ORIENTED_EDGE('',*,*,#1914,.T.);
#2649=ORIENTED_EDGE('',*,*,#1915,.F.);
#2650=ORIENTED_EDGE('',*,*,#1775,.F.);
#2651=ORIENTED_EDGE('',*,*,#1915,.T.);
#2652=ORIENTED_EDGE('',*,*,#1916,.F.);
#2653=ORIENTED_EDGE('',*,*,#1903,.T.);
#2654=ORIENTED_EDGE('',*,*,#1917,.F.);
#2655=ORIENTED_EDGE('',*,*,#1909,.F.);
#2656=ORIENTED_EDGE('',*,*,#1910,.F.);
#2657=ORIENTED_EDGE('',*,*,#1918,.F.);
#2658=ORIENTED_EDGE('',*,*,#1773,.F.);
#2659=ORIENTED_EDGE('',*,*,#1919,.T.);
#2660=ORIENTED_EDGE('',*,*,#1911,.F.);
#2661=ORIENTED_EDGE('',*,*,#1907,.T.);
#2662=ORIENTED_EDGE('',*,*,#1920,.F.);
#2663=ORIENTED_EDGE('',*,*,#1905,.F.);
#2664=ORIENTED_EDGE('',*,*,#1921,.F.);
#2665=ORIENTED_EDGE('',*,*,#1913,.F.);
#2666=ORIENTED_EDGE('',*,*,#1772,.F.);
#2667=ORIENTED_EDGE('',*,*,#1870,.F.);
#2668=ORIENTED_EDGE('',*,*,#1776,.F.);
#2669=ORIENTED_EDGE('',*,*,#1918,.T.);
#2670=ORIENTED_EDGE('',*,*,#1912,.T.);
#2671=ORIENTED_EDGE('',*,*,#1919,.F.);
#2672=ORIENTED_EDGE('',*,*,#1916,.T.);
#2673=ORIENTED_EDGE('',*,*,#1914,.F.);
#2674=ORIENTED_EDGE('',*,*,#1921,.T.);
#2675=ORIENTED_EDGE('',*,*,#1904,.T.);
#2676=ORIENTED_EDGE('',*,*,#1872,.F.);
#2677=ORIENTED_EDGE('',*,*,#1755,.F.);
#2678=ORIENTED_EDGE('',*,*,#1780,.F.);
#2679=ORIENTED_EDGE('',*,*,#1871,.T.);
#2680=ORIENTED_EDGE('',*,*,#1770,.T.);
#2681=ORIENTED_EDGE('',*,*,#1843,.T.);
#2682=ORIENTED_EDGE('',*,*,#1922,.T.);
#2683=ORIENTED_EDGE('',*,*,#1923,.T.);
#2684=ORIENTED_EDGE('',*,*,#1749,.T.);
#2685=ORIENTED_EDGE('',*,*,#1757,.T.);
#2686=ORIENTED_EDGE('',*,*,#1768,.F.);
#2687=ORIENTED_EDGE('',*,*,#1924,.F.);
#2688=ORIENTED_EDGE('',*,*,#1798,.F.);
#2689=ORIENTED_EDGE('',*,*,#1730,.F.);
#2690=ORIENTED_EDGE('',*,*,#1844,.F.);
#2691=ORIENTED_EDGE('',*,*,#1925,.T.);
#2692=ORIENTED_EDGE('',*,*,#1764,.F.);
#2693=ORIENTED_EDGE('',*,*,#1716,.F.);
#2694=ORIENTED_EDGE('',*,*,#1739,.F.);
#2695=ORIENTED_EDGE('',*,*,#1926,.T.);
#2696=ORIENTED_EDGE('',*,*,#1803,.T.);
#2697=ORIENTED_EDGE('',*,*,#1924,.T.);
#2698=ORIENTED_EDGE('',*,*,#1767,.F.);
#2699=ORIENTED_EDGE('',*,*,#1927,.T.);
#2700=ORIENTED_EDGE('',*,*,#1736,.T.);
#2701=ORIENTED_EDGE('',*,*,#1797,.T.);
#2702=ORIENTED_EDGE('',*,*,#1928,.T.);
#2703=ORIENTED_EDGE('',*,*,#1737,.F.);
#2704=ORIENTED_EDGE('',*,*,#1927,.F.);
#2705=ORIENTED_EDGE('',*,*,#1766,.F.);
#2706=ORIENTED_EDGE('',*,*,#1929,.T.);
#2707=ORIENTED_EDGE('',*,*,#1765,.T.);
#2708=ORIENTED_EDGE('',*,*,#1925,.F.);
#2709=ORIENTED_EDGE('',*,*,#1930,.F.);
#2710=ORIENTED_EDGE('',*,*,#1929,.F.);
#2711=ORIENTED_EDGE('',*,*,#1930,.T.);
#2712=ORIENTED_EDGE('',*,*,#1926,.F.);
#2713=ORIENTED_EDGE('',*,*,#1738,.F.);
#2714=ORIENTED_EDGE('',*,*,#1928,.F.);
#2715=ORIENTED_EDGE('',*,*,#1723,.T.);
#2716=ORIENTED_EDGE('',*,*,#1792,.F.);
#2717=ORIENTED_EDGE('',*,*,#1931,.F.);
#2718=ORIENTED_EDGE('',*,*,#1839,.F.);
#2719=ORIENTED_EDGE('',*,*,#1545,.T.);
#2720=ORIENTED_EDGE('',*,*,#1548,.T.);
#2721=ORIENTED_EDGE('',*,*,#1551,.T.);
#2722=ORIENTED_EDGE('',*,*,#1554,.T.);
#2723=ORIENTED_EDGE('',*,*,#1557,.T.);
#2724=ORIENTED_EDGE('',*,*,#1931,.T.);
#2725=ORIENTED_EDGE('',*,*,#1791,.F.);
#2726=ORIENTED_EDGE('',*,*,#1789,.T.);
#2727=ORIENTED_EDGE('',*,*,#1794,.T.);
#2728=ORIENTED_EDGE('',*,*,#1932,.F.);
#2729=ORIENTED_EDGE('',*,*,#1922,.F.);
#2730=ORIENTED_EDGE('',*,*,#1842,.F.);
#2731=ORIENTED_EDGE('',*,*,#1840,.T.);
#2732=ORIENTED_EDGE('',*,*,#1583,.T.);
#2733=ORIENTED_EDGE('',*,*,#1589,.T.);
#2734=ORIENTED_EDGE('',*,*,#1689,.T.);
#2735=ORIENTED_EDGE('',*,*,#1615,.T.);
#2736=ORIENTED_EDGE('',*,*,#1686,.T.);
#2737=ORIENTED_EDGE('',*,*,#1699,.T.);
#2738=ORIENTED_EDGE('',*,*,#1817,.T.);
#2739=ORIENTED_EDGE('',*,*,#1823,.T.);
#2740=ORIENTED_EDGE('',*,*,#1906,.T.);
#2741=ORIENTED_EDGE('',*,*,#1917,.T.);
#2742=ORIENTED_EDGE('',*,*,#1902,.T.);
#2743=ORIENTED_EDGE('',*,*,#1920,.T.);
#2744=ORIENTED_EDGE('',*,*,#1932,.T.);
#2745=ORIENTED_EDGE('',*,*,#1793,.T.);
#2746=ORIENTED_EDGE('',*,*,#1750,.T.);
#2747=ORIENTED_EDGE('',*,*,#1923,.F.);
#2748=ORIENTED_EDGE('',*,*,#1543,.T.);
#2749=ORIENTED_EDGE('',*,*,#1546,.T.);
#2750=ORIENTED_EDGE('',*,*,#1549,.T.);
#2751=ORIENTED_EDGE('',*,*,#1552,.T.);
#2752=ORIENTED_EDGE('',*,*,#1555,.T.);
#2753=CONICAL_SURFACE('',#2928,2.6,0.785398163397448);
#2754=CONICAL_SURFACE('',#2933,2.6,0.785398163397448);
#2755=CONICAL_SURFACE('',#2938,2.6,0.785398163397448);
#2756=CONICAL_SURFACE('',#2943,2.6,0.785398163397448);
#2757=ADVANCED_FACE('',(#231),#2753,.F.);
#2758=ADVANCED_FACE('',(#232),#183,.F.);
#2759=ADVANCED_FACE('',(#233),#2754,.F.);
#2760=ADVANCED_FACE('',(#234),#184,.F.);
#2761=ADVANCED_FACE('',(#235),#2755,.F.);
#2762=ADVANCED_FACE('',(#236),#185,.F.);
#2763=ADVANCED_FACE('',(#237),#2756,.F.);
#2764=ADVANCED_FACE('',(#238),#186,.F.);
#2765=ADVANCED_FACE('',(#239),#187,.F.);
#2766=ADVANCED_FACE('',(#240),#188,.F.);
#2767=ADVANCED_FACE('',(#241),#189,.F.);
#2768=ADVANCED_FACE('',(#242),#190,.F.);
#2769=ADVANCED_FACE('',(#243),#191,.F.);
#2770=ADVANCED_FACE('',(#244),#87,.T.);
#2771=ADVANCED_FACE('',(#245),#88,.T.);
#2772=ADVANCED_FACE('',(#246),#89,.T.);
#2773=ADVANCED_FACE('',(#247),#90,.T.);
#2774=ADVANCED_FACE('',(#248),#91,.T.);
#2775=ADVANCED_FACE('',(#249),#92,.T.);
#2776=ADVANCED_FACE('',(#250),#93,.T.);
#2777=ADVANCED_FACE('',(#251,#41),#94,.F.);
#2778=ADVANCED_FACE('',(#252),#192,.F.);
#2779=ADVANCED_FACE('',(#253),#193,.F.);
#2780=ADVANCED_FACE('',(#254),#95,.F.);
#2781=ADVANCED_FACE('',(#255,#42),#96,.F.);
#2782=ADVANCED_FACE('',(#256),#194,.F.);
#2783=ADVANCED_FACE('',(#257),#195,.F.);
#2784=ADVANCED_FACE('',(#258),#97,.F.);
#2785=ADVANCED_FACE('',(#259),#196,.F.);
#2786=ADVANCED_FACE('',(#260,#43),#98,.T.);
#2787=ADVANCED_FACE('',(#261),#197,.F.);
#2788=ADVANCED_FACE('',(#262),#99,.T.);
#2789=ADVANCED_FACE('',(#263),#100,.T.);
#2790=ADVANCED_FACE('',(#264),#198,.F.);
#2791=ADVANCED_FACE('',(#265),#101,.T.);
#2792=ADVANCED_FACE('',(#266),#102,.T.);
#2793=ADVANCED_FACE('',(#267),#103,.T.);
#2794=ADVANCED_FACE('',(#268),#104,.T.);
#2795=ADVANCED_FACE('',(#269),#105,.T.);
#2796=ADVANCED_FACE('',(#270,#44),#106,.T.);
#2797=ADVANCED_FACE('',(#271),#199,.F.);
#2798=ADVANCED_FACE('',(#272),#200,.F.);
#2799=ADVANCED_FACE('',(#273),#107,.T.);
#2800=ADVANCED_FACE('',(#274),#201,.F.);
#2801=ADVANCED_FACE('',(#275,#45),#108,.T.);
#2802=ADVANCED_FACE('',(#276),#202,.F.);
#2803=ADVANCED_FACE('',(#277),#109,.T.);
#2804=ADVANCED_FACE('',(#278),#110,.T.);
#2805=ADVANCED_FACE('',(#279),#111,.T.);
#2806=ADVANCED_FACE('',(#280),#203,.T.);
#2807=ADVANCED_FACE('',(#281),#204,.T.);
#2808=ADVANCED_FACE('',(#282),#205,.T.);
#2809=ADVANCED_FACE('',(#283),#112,.T.);
#2810=ADVANCED_FACE('',(#284),#113,.T.);
#2811=ADVANCED_FACE('',(#285),#114,.T.);
#2812=ADVANCED_FACE('',(#286),#115,.T.);
#2813=ADVANCED_FACE('',(#287),#116,.T.);
#2814=ADVANCED_FACE('',(#288),#117,.T.);
#2815=ADVANCED_FACE('',(#289),#206,.F.);
#2816=ADVANCED_FACE('',(#290),#207,.F.);
#2817=ADVANCED_FACE('',(#291),#118,.T.);
#2818=ADVANCED_FACE('',(#292),#208,.F.);
#2819=ADVANCED_FACE('',(#293),#119,.T.);
#2820=ADVANCED_FACE('',(#294),#120,.T.);
#2821=ADVANCED_FACE('',(#295),#121,.T.);
#2822=ADVANCED_FACE('',(#296,#46),#122,.T.);
#2823=ADVANCED_FACE('',(#297,#47),#123,.F.);
#2824=ADVANCED_FACE('',(#298),#209,.F.);
#2825=ADVANCED_FACE('',(#299),#210,.F.);
#2826=ADVANCED_FACE('',(#300),#124,.F.);
#2827=ADVANCED_FACE('',(#301),#125,.T.);
#2828=ADVANCED_FACE('',(#302,#48,#49,#50,#51),#126,.T.);
#2829=ADVANCED_FACE('',(#303),#127,.T.);
#2830=ADVANCED_FACE('',(#304),#128,.T.);
#2831=ADVANCED_FACE('',(#305,#52,#53,#54,#55,#56,#57,#58,#59,#60,#61),#129,
 .T.);
#2832=ADVANCED_FACE('',(#306,#62),#130,.F.);
#2833=ADVANCED_FACE('',(#307),#131,.T.);
#2834=ADVANCED_FACE('',(#308),#132,.F.);
#2835=ADVANCED_FACE('',(#309),#133,.F.);
#2836=ADVANCED_FACE('',(#310),#134,.F.);
#2837=ADVANCED_FACE('',(#311),#135,.F.);
#2838=ADVANCED_FACE('',(#312),#136,.F.);
#2839=ADVANCED_FACE('',(#313),#137,.F.);
#2840=ADVANCED_FACE('',(#314),#138,.F.);
#2841=ADVANCED_FACE('',(#315),#139,.F.);
#2842=ADVANCED_FACE('',(#316),#140,.F.);
#2843=ADVANCED_FACE('',(#317,#63),#141,.T.);
#2844=ADVANCED_FACE('',(#318),#211,.F.);
#2845=ADVANCED_FACE('',(#319),#212,.F.);
#2846=ADVANCED_FACE('',(#320),#142,.T.);
#2847=ADVANCED_FACE('',(#321,#64),#143,.T.);
#2848=ADVANCED_FACE('',(#322),#213,.F.);
#2849=ADVANCED_FACE('',(#323),#214,.F.);
#2850=ADVANCED_FACE('',(#324),#144,.T.);
#2851=ADVANCED_FACE('',(#325,#65),#145,.T.);
#2852=ADVANCED_FACE('',(#326),#215,.F.);
#2853=ADVANCED_FACE('',(#327),#216,.F.);
#2854=ADVANCED_FACE('',(#328),#146,.T.);
#2855=ADVANCED_FACE('',(#329),#147,.F.);
#2856=ADVANCED_FACE('',(#330),#148,.F.);
#2857=ADVANCED_FACE('',(#331),#149,.F.);
#2858=ADVANCED_FACE('',(#332),#150,.F.);
#2859=ADVANCED_FACE('',(#333,#66),#151,.T.);
#2860=ADVANCED_FACE('',(#334,#67),#152,.F.);
#2861=ADVANCED_FACE('',(#335),#217,.F.);
#2862=ADVANCED_FACE('',(#336),#218,.F.);
#2863=ADVANCED_FACE('',(#337),#153,.F.);
#2864=ADVANCED_FACE('',(#338),#154,.F.);
#2865=ADVANCED_FACE('',(#339,#68),#155,.F.);
#2866=ADVANCED_FACE('',(#340),#219,.F.);
#2867=ADVANCED_FACE('',(#341),#220,.F.);
#2868=ADVANCED_FACE('',(#342),#156,.F.);
#2869=ADVANCED_FACE('',(#343,#69),#157,.F.);
#2870=ADVANCED_FACE('',(#344),#221,.F.);
#2871=ADVANCED_FACE('',(#345),#222,.F.);
#2872=ADVANCED_FACE('',(#346,#70),#158,.F.);
#2873=ADVANCED_FACE('',(#347),#159,.F.);
#2874=ADVANCED_FACE('',(#348),#160,.F.);
#2875=ADVANCED_FACE('',(#349),#161,.F.);
#2876=ADVANCED_FACE('',(#350),#162,.F.);
#2877=ADVANCED_FACE('',(#351),#163,.F.);
#2878=ADVANCED_FACE('',(#352),#223,.T.);
#2879=ADVANCED_FACE('',(#353),#224,.T.);
#2880=ADVANCED_FACE('',(#354),#225,.T.);
#2881=ADVANCED_FACE('',(#355),#164,.F.);
#2882=ADVANCED_FACE('',(#356),#165,.F.);
#2883=ADVANCED_FACE('',(#357),#166,.F.);
#2884=ADVANCED_FACE('',(#358),#167,.F.);
#2885=ADVANCED_FACE('',(#359),#168,.F.);
#2886=ADVANCED_FACE('',(#360),#226,.F.);
#2887=ADVANCED_FACE('',(#361),#227,.F.);
#2888=ADVANCED_FACE('',(#362),#169,.F.);
#2889=ADVANCED_FACE('',(#363),#228,.F.);
#2890=ADVANCED_FACE('',(#364),#170,.F.);
#2891=ADVANCED_FACE('',(#365),#171,.F.);
#2892=ADVANCED_FACE('',(#366),#229,.F.);
#2893=ADVANCED_FACE('',(#367),#172,.F.);
#2894=ADVANCED_FACE('',(#368),#173,.F.);
#2895=ADVANCED_FACE('',(#369),#174,.T.);
#2896=ADVANCED_FACE('',(#370),#175,.T.);
#2897=ADVANCED_FACE('',(#371),#176,.F.);
#2898=ADVANCED_FACE('',(#372),#177,.T.);
#2899=ADVANCED_FACE('',(#373),#178,.F.);
#2900=ADVANCED_FACE('',(#374),#230,.F.);
#2901=ADVANCED_FACE('',(#375),#179,.T.);
#2902=ADVANCED_FACE('',(#376,#71,#72,#73,#74,#75),#180,.T.);
#2903=ADVANCED_FACE('',(#377,#76,#77,#78,#79,#80,#81),#181,.T.);
#2904=ADVANCED_FACE('',(#378,#82,#83,#84,#85,#86),#182,.T.);
#2905=CLOSED_SHELL('',(#2757,#2758,#2759,#2760,#2761,#2762,#2763,#2764,
#2765,#2766,#2767,#2768,#2769,#2770,#2771,#2772,#2773,#2774,#2775,#2776,
#2777,#2778,#2779,#2780,#2781,#2782,#2783,#2784,#2785,#2786,#2787,#2788,
#2789,#2790,#2791,#2792,#2793,#2794,#2795,#2796,#2797,#2798,#2799,#2800,
#2801,#2802,#2803,#2804,#2805,#2806,#2807,#2808,#2809,#2810,#2811,#2812,
#2813,#2814,#2815,#2816,#2817,#2818,#2819,#2820,#2821,#2822,#2823,#2824,
#2825,#2826,#2827,#2828,#2829,#2830,#2831,#2832,#2833,#2834,#2835,#2836,
#2837,#2838,#2839,#2840,#2841,#2842,#2843,#2844,#2845,#2846,#2847,#2848,
#2849,#2850,#2851,#2852,#2853,#2854,#2855,#2856,#2857,#2858,#2859,#2860,
#2861,#2862,#2863,#2864,#2865,#2866,#2867,#2868,#2869,#2870,#2871,#2872,
#2873,#2874,#2875,#2876,#2877,#2878,#2879,#2880,#2881,#2882,#2883,#2884,
#2885,#2886,#2887,#2888,#2889,#2890,#2891,#2892,#2893,#2894,#2895,#2896,
#2897,#2898,#2899,#2900,#2901,#2902,#2903,#2904));
#2906=DERIVED_UNIT_ELEMENT(#2909,1.);
#2907=DERIVED_UNIT_ELEMENT(#4840,-3.);
#2908=DIMENSIONAL_EXPONENTS(0.,1.,0.,0.,0.,0.,0.);
#2909=(
CONVERSION_BASED_UNIT('gram',#2911)
MASS_UNIT()
NAMED_UNIT(#2908)
);
#2910=(
MASS_UNIT()
NAMED_UNIT(*)
SI_UNIT(.KILO.,.GRAM.)
);
#2911=MASS_MEASURE_WITH_UNIT(MASS_MEASURE(0.001),#2910);
#2912=DERIVED_UNIT((#2906,#2907));
#2913=MEASURE_REPRESENTATION_ITEM('density measure',
POSITIVE_RATIO_MEASURE(1.),#2912);
#2914=PROPERTY_DEFINITION_REPRESENTATION(#2919,#2916);
#2915=PROPERTY_DEFINITION_REPRESENTATION(#2920,#2917);
#2916=REPRESENTATION('material name',(#2918),#4837);
#2917=REPRESENTATION('density',(#2913),#4837);
#2918=DESCRIPTIVE_REPRESENTATION_ITEM('Generic','Generic');
#2919=PROPERTY_DEFINITION('material property','material name',#4847);
#2920=PROPERTY_DEFINITION('material property','density of part',#4847);
#2921=DATE_TIME_ROLE('creation_date');
#2922=APPLIED_DATE_AND_TIME_ASSIGNMENT(#2923,#2921,(#4847));
#2923=DATE_AND_TIME(#2924,#2925);
#2924=CALENDAR_DATE(2026,4,4);
#2925=LOCAL_TIME(0,0,0.,#2926);
#2926=COORDINATED_UNIVERSAL_TIME_OFFSET(0,0,.BEHIND.);
#2927=AXIS2_PLACEMENT_3D('',#4008,#3188,#3189);
#2928=AXIS2_PLACEMENT_3D('',#4009,#3190,#3191);
#2929=AXIS2_PLACEMENT_3D('',#4011,#3192,#3193);
#2930=AXIS2_PLACEMENT_3D('',#4014,#3195,#3196);
#2931=AXIS2_PLACEMENT_3D('',#4015,#3197,#3198);
#2932=AXIS2_PLACEMENT_3D('',#4018,#3200,#3201);
#2933=AXIS2_PLACEMENT_3D('',#4019,#3202,#3203);
#2934=AXIS2_PLACEMENT_3D('',#4021,#3204,#3205);
#2935=AXIS2_PLACEMENT_3D('',#4024,#3207,#3208);
#2936=AXIS2_PLACEMENT_3D('',#4025,#3209,#3210);
#2937=AXIS2_PLACEMENT_3D('',#4028,#3212,#3213);
#2938=AXIS2_PLACEMENT_3D('',#4029,#3214,#3215);
#2939=AXIS2_PLACEMENT_3D('',#4031,#3216,#3217);
#2940=AXIS2_PLACEMENT_3D('',#4034,#3219,#3220);
#2941=AXIS2_PLACEMENT_3D('',#4035,#3221,#3222);
#2942=AXIS2_PLACEMENT_3D('',#4038,#3224,#3225);
#2943=AXIS2_PLACEMENT_3D('',#4039,#3226,#3227);
#2944=AXIS2_PLACEMENT_3D('',#4041,#3228,#3229);
#2945=AXIS2_PLACEMENT_3D('',#4044,#3231,#3232);
#2946=AXIS2_PLACEMENT_3D('',#4045,#3233,#3234);
#2947=AXIS2_PLACEMENT_3D('',#4048,#3236,#3237);
#2948=AXIS2_PLACEMENT_3D('',#4049,#3238,#3239);
#2949=AXIS2_PLACEMENT_3D('',#4051,#3240,#3241);
#2950=AXIS2_PLACEMENT_3D('',#4054,#3243,#3244);
#2951=AXIS2_PLACEMENT_3D('',#4055,#3245,#3246);
#2952=AXIS2_PLACEMENT_3D('',#4057,#3247,#3248);
#2953=AXIS2_PLACEMENT_3D('',#4060,#3250,#3251);
#2954=AXIS2_PLACEMENT_3D('',#4061,#3252,#3253);
#2955=AXIS2_PLACEMENT_3D('',#4063,#3254,#3255);
#2956=AXIS2_PLACEMENT_3D('',#4066,#3257,#3258);
#2957=AXIS2_PLACEMENT_3D('',#4067,#3259,#3260);
#2958=AXIS2_PLACEMENT_3D('',#4069,#3261,#3262);
#2959=AXIS2_PLACEMENT_3D('',#4072,#3264,#3265);
#2960=AXIS2_PLACEMENT_3D('',#4073,#3266,#3267);
#2961=AXIS2_PLACEMENT_3D('',#4075,#3268,#3269);
#2962=AXIS2_PLACEMENT_3D('',#4078,#3271,#3272);
#2963=AXIS2_PLACEMENT_3D('',#4079,#3273,#3274);
#2964=AXIS2_PLACEMENT_3D('',#4092,#3281,#3282);
#2965=AXIS2_PLACEMENT_3D('',#4101,#3287,#3288);
#2966=AXIS2_PLACEMENT_3D('',#4107,#3292,#3293);
#2967=AXIS2_PLACEMENT_3D('',#4112,#3297,#3298);
#2968=AXIS2_PLACEMENT_3D('',#4120,#3303,#3304);
#2969=AXIS2_PLACEMENT_3D('',#4122,#3306,#3307);
#2970=AXIS2_PLACEMENT_3D('',#4125,#3310,#3311);
#2971=AXIS2_PLACEMENT_3D('',#4127,#3312,#3313);
#2972=AXIS2_PLACEMENT_3D('',#4129,#3314,#3315);
#2973=AXIS2_PLACEMENT_3D('',#4130,#3316,#3317);
#2974=AXIS2_PLACEMENT_3D('',#4132,#3318,#3319);
#2975=AXIS2_PLACEMENT_3D('',#4134,#3321,#3322);
#2976=AXIS2_PLACEMENT_3D('',#4137,#3324,#3325);
#2977=AXIS2_PLACEMENT_3D('',#4138,#3326,#3327);
#2978=AXIS2_PLACEMENT_3D('',#4139,#3328,#3329);
#2979=AXIS2_PLACEMENT_3D('',#4141,#3330,#3331);
#2980=AXIS2_PLACEMENT_3D('',#4143,#3332,#3333);
#2981=AXIS2_PLACEMENT_3D('',#4144,#3334,#3335);
#2982=AXIS2_PLACEMENT_3D('',#4146,#3336,#3337);
#2983=AXIS2_PLACEMENT_3D('',#4148,#3339,#3340);
#2984=AXIS2_PLACEMENT_3D('',#4151,#3342,#3343);
#2985=AXIS2_PLACEMENT_3D('',#4152,#3344,#3345);
#2986=AXIS2_PLACEMENT_3D('',#4153,#3346,#3347);
#2987=AXIS2_PLACEMENT_3D('',#4155,#3348,#3349);
#2988=AXIS2_PLACEMENT_3D('',#4159,#3351,#3352);
#2989=AXIS2_PLACEMENT_3D('',#4163,#3354,#3355);
#2990=AXIS2_PLACEMENT_3D('',#4166,#3357,#3358);
#2991=AXIS2_PLACEMENT_3D('',#4167,#3359,#3360);
#2992=AXIS2_PLACEMENT_3D('',#4169,#3361,#3362);
#2993=AXIS2_PLACEMENT_3D('',#4170,#3363,#3364);
#2994=AXIS2_PLACEMENT_3D('',#4172,#3365,#3366);
#2995=AXIS2_PLACEMENT_3D('',#4174,#3368,#3369);
#2996=AXIS2_PLACEMENT_3D('',#4176,#3371,#3372);
#2997=AXIS2_PLACEMENT_3D('',#4185,#3377,#3378);
#2998=AXIS2_PLACEMENT_3D('',#4188,#3379,#3380);
#2999=AXIS2_PLACEMENT_3D('',#4192,#3382,#3383);
#3000=AXIS2_PLACEMENT_3D('',#4194,#3385,#3386);
#3001=AXIS2_PLACEMENT_3D('',#4208,#3394,#3395);
#3002=AXIS2_PLACEMENT_3D('',#4217,#3400,#3401);
#3003=AXIS2_PLACEMENT_3D('',#4226,#3406,#3407);
#3004=AXIS2_PLACEMENT_3D('',#4229,#3410,#3411);
#3005=AXIS2_PLACEMENT_3D('',#4243,#3419,#3420);
#3006=AXIS2_PLACEMENT_3D('',#4245,#3421,#3422);
#3007=AXIS2_PLACEMENT_3D('',#4247,#3423,#3424);
#3008=AXIS2_PLACEMENT_3D('',#4248,#3425,#3426);
#3009=AXIS2_PLACEMENT_3D('',#4251,#3427,#3428);
#3010=AXIS2_PLACEMENT_3D('',#4253,#3429,#3430);
#3011=AXIS2_PLACEMENT_3D('',#4255,#3432,#3433);
#3012=AXIS2_PLACEMENT_3D('',#4256,#3434,#3435);
#3013=AXIS2_PLACEMENT_3D('',#4259,#3437,#3438);
#3014=AXIS2_PLACEMENT_3D('',#4260,#3439,#3440);
#3015=AXIS2_PLACEMENT_3D('',#4261,#3441,#3442);
#3016=AXIS2_PLACEMENT_3D('',#4263,#3443,#3444);
#3017=AXIS2_PLACEMENT_3D('',#4266,#3446,#3447);
#3018=AXIS2_PLACEMENT_3D('',#4267,#3448,#3449);
#3019=AXIS2_PLACEMENT_3D('',#4268,#3450,#3451);
#3020=AXIS2_PLACEMENT_3D('',#4269,#3452,#3453);
#3021=AXIS2_PLACEMENT_3D('',#4271,#3454,#3455);
#3022=AXIS2_PLACEMENT_3D('',#4272,#3456,#3457);
#3023=AXIS2_PLACEMENT_3D('',#4274,#3458,#3459);
#3024=AXIS2_PLACEMENT_3D('',#4276,#3461,#3462);
#3025=AXIS2_PLACEMENT_3D('',#4277,#3463,#3464);
#3026=AXIS2_PLACEMENT_3D('',#4283,#3468,#3469);
#3027=AXIS2_PLACEMENT_3D('',#4289,#3473,#3474);
#3028=AXIS2_PLACEMENT_3D('',#4293,#3476,#3477);
#3029=AXIS2_PLACEMENT_3D('',#4296,#3479,#3480);
#3030=AXIS2_PLACEMENT_3D('',#4297,#3481,#3482);
#3031=AXIS2_PLACEMENT_3D('',#4300,#3484,#3485);
#3032=AXIS2_PLACEMENT_3D('',#4301,#3486,#3487);
#3033=AXIS2_PLACEMENT_3D('',#4305,#3489,#3490);
#3034=AXIS2_PLACEMENT_3D('',#4307,#3492,#3493);
#3035=AXIS2_PLACEMENT_3D('',#4311,#3496,#3497);
#3036=AXIS2_PLACEMENT_3D('',#4315,#3500,#3501);
#3037=AXIS2_PLACEMENT_3D('',#4325,#3507,#3508);
#3038=AXIS2_PLACEMENT_3D('',#4331,#3512,#3513);
#3039=AXIS2_PLACEMENT_3D('',#4338,#3518,#3519);
#3040=AXIS2_PLACEMENT_3D('',#4342,#3523,#3524);
#3041=AXIS2_PLACEMENT_3D('',#4344,#3525,#3526);
#3042=AXIS2_PLACEMENT_3D('',#4346,#3527,#3528);
#3043=AXIS2_PLACEMENT_3D('',#4348,#3530,#3531);
#3044=AXIS2_PLACEMENT_3D('',#4350,#3532,#3533);
#3045=AXIS2_PLACEMENT_3D('',#4353,#3535,#3536);
#3046=AXIS2_PLACEMENT_3D('',#4354,#3537,#3538);
#3047=AXIS2_PLACEMENT_3D('',#4357,#3540,#3541);
#3048=AXIS2_PLACEMENT_3D('',#4358,#3542,#3543);
#3049=AXIS2_PLACEMENT_3D('',#4361,#3544,#3545);
#3050=AXIS2_PLACEMENT_3D('',#4363,#3546,#3547);
#3051=AXIS2_PLACEMENT_3D('',#4364,#3548,#3549);
#3052=AXIS2_PLACEMENT_3D('',#4366,#3551,#3552);
#3053=AXIS2_PLACEMENT_3D('',#4370,#3556,#3557);
#3054=AXIS2_PLACEMENT_3D('',#4371,#3558,#3559);
#3055=AXIS2_PLACEMENT_3D('',#4378,#3563,#3564);
#3056=AXIS2_PLACEMENT_3D('',#4386,#3570,#3571);
#3057=AXIS2_PLACEMENT_3D('',#4388,#3572,#3573);
#3058=AXIS2_PLACEMENT_3D('',#4390,#3574,#3575);
#3059=AXIS2_PLACEMENT_3D('',#4391,#3576,#3577);
#3060=AXIS2_PLACEMENT_3D('',#4393,#3578,#3579);
#3061=AXIS2_PLACEMENT_3D('',#4395,#3581,#3582);
#3062=AXIS2_PLACEMENT_3D('',#4398,#3584,#3585);
#3063=AXIS2_PLACEMENT_3D('',#4399,#3586,#3587);
#3064=AXIS2_PLACEMENT_3D('',#4400,#3588,#3589);
#3065=AXIS2_PLACEMENT_3D('',#4408,#3594,#3595);
#3066=AXIS2_PLACEMENT_3D('',#4420,#3602,#3603);
#3067=AXIS2_PLACEMENT_3D('',#4422,#3604,#3605);
#3068=AXIS2_PLACEMENT_3D('',#4448,#3619,#3620);
#3069=AXIS2_PLACEMENT_3D('',#4474,#3634,#3635);
#3070=AXIS2_PLACEMENT_3D('',#4488,#3644,#3645);
#3071=AXIS2_PLACEMENT_3D('',#4511,#3657,#3658);
#3072=AXIS2_PLACEMENT_3D('',#4515,#3660,#3661);
#3073=AXIS2_PLACEMENT_3D('',#4519,#3663,#3664);
#3074=AXIS2_PLACEMENT_3D('',#4523,#3666,#3667);
#3075=AXIS2_PLACEMENT_3D('',#4528,#3670,#3671);
#3076=AXIS2_PLACEMENT_3D('',#4530,#3672,#3673);
#3077=AXIS2_PLACEMENT_3D('',#4539,#3678,#3679);
#3078=AXIS2_PLACEMENT_3D('',#4546,#3684,#3685);
#3079=AXIS2_PLACEMENT_3D('',#4550,#3688,#3689);
#3080=AXIS2_PLACEMENT_3D('',#4551,#3690,#3691);
#3081=AXIS2_PLACEMENT_3D('',#4555,#3694,#3695);
#3082=AXIS2_PLACEMENT_3D('',#4561,#3699,#3700);
#3083=AXIS2_PLACEMENT_3D('',#4567,#3704,#3705);
#3084=AXIS2_PLACEMENT_3D('',#4574,#3710,#3711);
#3085=AXIS2_PLACEMENT_3D('',#4577,#3714,#3715);
#3086=AXIS2_PLACEMENT_3D('',#4580,#3718,#3719);
#3087=AXIS2_PLACEMENT_3D('',#4581,#3720,#3721);
#3088=AXIS2_PLACEMENT_3D('',#4582,#3722,#3723);
#3089=AXIS2_PLACEMENT_3D('',#4584,#3724,#3725);
#3090=AXIS2_PLACEMENT_3D('',#4586,#3726,#3727);
#3091=AXIS2_PLACEMENT_3D('',#4587,#3728,#3729);
#3092=AXIS2_PLACEMENT_3D('',#4589,#3730,#3731);
#3093=AXIS2_PLACEMENT_3D('',#4591,#3733,#3734);
#3094=AXIS2_PLACEMENT_3D('',#4594,#3736,#3737);
#3095=AXIS2_PLACEMENT_3D('',#4595,#3738,#3739);
#3096=AXIS2_PLACEMENT_3D('',#4596,#3740,#3741);
#3097=AXIS2_PLACEMENT_3D('',#4598,#3742,#3743);
#3098=AXIS2_PLACEMENT_3D('',#4600,#3744,#3745);
#3099=AXIS2_PLACEMENT_3D('',#4601,#3746,#3747);
#3100=AXIS2_PLACEMENT_3D('',#4603,#3748,#3749);
#3101=AXIS2_PLACEMENT_3D('',#4605,#3751,#3752);
#3102=AXIS2_PLACEMENT_3D('',#4608,#3754,#3755);
#3103=AXIS2_PLACEMENT_3D('',#4609,#3756,#3757);
#3104=AXIS2_PLACEMENT_3D('',#4610,#3758,#3759);
#3105=AXIS2_PLACEMENT_3D('',#4612,#3760,#3761);
#3106=AXIS2_PLACEMENT_3D('',#4614,#3762,#3763);
#3107=AXIS2_PLACEMENT_3D('',#4615,#3764,#3765);
#3108=AXIS2_PLACEMENT_3D('',#4617,#3766,#3767);
#3109=AXIS2_PLACEMENT_3D('',#4619,#3769,#3770);
#3110=AXIS2_PLACEMENT_3D('',#4622,#3772,#3773);
#3111=AXIS2_PLACEMENT_3D('',#4623,#3774,#3775);
#3112=AXIS2_PLACEMENT_3D('',#4624,#3776,#3777);
#3113=AXIS2_PLACEMENT_3D('',#4633,#3782,#3783);
#3114=AXIS2_PLACEMENT_3D('',#4639,#3787,#3788);
#3115=AXIS2_PLACEMENT_3D('',#4642,#3791,#3792);
#3116=AXIS2_PLACEMENT_3D('',#4653,#3799,#3800);
#3117=AXIS2_PLACEMENT_3D('',#4663,#3807,#3808);
#3118=AXIS2_PLACEMENT_3D('',#4665,#3809,#3810);
#3119=AXIS2_PLACEMENT_3D('',#4667,#3811,#3812);
#3120=AXIS2_PLACEMENT_3D('',#4668,#3813,#3814);
#3121=AXIS2_PLACEMENT_3D('',#4670,#3815,#3816);
#3122=AXIS2_PLACEMENT_3D('',#4672,#3818,#3819);
#3123=AXIS2_PLACEMENT_3D('',#4673,#3820,#3821);
#3124=AXIS2_PLACEMENT_3D('',#4676,#3823,#3824);
#3125=AXIS2_PLACEMENT_3D('',#4677,#3825,#3826);
#3126=AXIS2_PLACEMENT_3D('',#4678,#3827,#3828);
#3127=AXIS2_PLACEMENT_3D('',#4683,#3830,#3831);
#3128=AXIS2_PLACEMENT_3D('',#4684,#3832,#3833);
#3129=AXIS2_PLACEMENT_3D('',#4685,#3834,#3835);
#3130=AXIS2_PLACEMENT_3D('',#4687,#3836,#3837);
#3131=AXIS2_PLACEMENT_3D('',#4689,#3838,#3839);
#3132=AXIS2_PLACEMENT_3D('',#4690,#3840,#3841);
#3133=AXIS2_PLACEMENT_3D('',#4692,#3843,#3844);
#3134=AXIS2_PLACEMENT_3D('',#4697,#3847,#3848);
#3135=AXIS2_PLACEMENT_3D('',#4699,#3850,#3851);
#3136=AXIS2_PLACEMENT_3D('',#4700,#3852,#3853);
#3137=AXIS2_PLACEMENT_3D('',#4701,#3854,#3855);
#3138=AXIS2_PLACEMENT_3D('',#4703,#3856,#3857);
#3139=AXIS2_PLACEMENT_3D('',#4705,#3858,#3859);
#3140=AXIS2_PLACEMENT_3D('',#4706,#3860,#3861);
#3141=AXIS2_PLACEMENT_3D('',#4708,#3863,#3864);
#3142=AXIS2_PLACEMENT_3D('',#4710,#3866,#3867);
#3143=AXIS2_PLACEMENT_3D('',#4711,#3868,#3869);
#3144=AXIS2_PLACEMENT_3D('',#4722,#3876,#3877);
#3145=AXIS2_PLACEMENT_3D('',#4729,#3882,#3883);
#3146=AXIS2_PLACEMENT_3D('',#4733,#3886,#3887);
#3147=AXIS2_PLACEMENT_3D('',#4737,#3890,#3891);
#3148=AXIS2_PLACEMENT_3D('',#4739,#3893,#3894);
#3149=AXIS2_PLACEMENT_3D('',#4742,#3897,#3898);
#3150=AXIS2_PLACEMENT_3D('',#4747,#3900,#3901);
#3151=AXIS2_PLACEMENT_3D('',#4749,#3903,#3904);
#3152=AXIS2_PLACEMENT_3D('',#4750,#3905,#3906);
#3153=AXIS2_PLACEMENT_3D('',#4753,#3908,#3909);
#3154=AXIS2_PLACEMENT_3D('',#4754,#3910,#3911);
#3155=AXIS2_PLACEMENT_3D('',#4758,#3913,#3914);
#3156=AXIS2_PLACEMENT_3D('',#4760,#3916,#3917);
#3157=AXIS2_PLACEMENT_3D('',#4764,#3921,#3922);
#3158=AXIS2_PLACEMENT_3D('',#4766,#3924,#3925);
#3159=AXIS2_PLACEMENT_3D('',#4768,#3927,#3928);
#3160=AXIS2_PLACEMENT_3D('',#4769,#3929,#3930);
#3161=AXIS2_PLACEMENT_3D('',#4770,#3931,#3932);
#3162=AXIS2_PLACEMENT_3D('',#4773,#3933,#3934);
#3163=AXIS2_PLACEMENT_3D('',#4777,#3936,#3937);
#3164=AXIS2_PLACEMENT_3D('',#4779,#3939,#3940);
#3165=AXIS2_PLACEMENT_3D('',#4782,#3941,#3942);
#3166=AXIS2_PLACEMENT_3D('',#4786,#3944,#3945);
#3167=AXIS2_PLACEMENT_3D('',#4788,#3947,#3948);
#3168=AXIS2_PLACEMENT_3D('',#4793,#3951,#3952);
#3169=AXIS2_PLACEMENT_3D('',#4794,#3953,#3954);
#3170=AXIS2_PLACEMENT_3D('',#4798,#3956,#3957);
#3171=AXIS2_PLACEMENT_3D('',#4800,#3959,#3960);
#3172=AXIS2_PLACEMENT_3D('',#4804,#3964,#3965);
#3173=AXIS2_PLACEMENT_3D('',#4808,#3969,#3970);
#3174=AXIS2_PLACEMENT_3D('',#4809,#3971,#3972);
#3175=AXIS2_PLACEMENT_3D('',#4810,#3973,#3974);
#3176=AXIS2_PLACEMENT_3D('',#4811,#3975,#3976);
#3177=AXIS2_PLACEMENT_3D('',#4815,#3979,#3980);
#3178=AXIS2_PLACEMENT_3D('',#4817,#3982,#3983);
#3179=AXIS2_PLACEMENT_3D('',#4819,#3984,#3985);
#3180=AXIS2_PLACEMENT_3D('',#4821,#3987,#3988);
#3181=AXIS2_PLACEMENT_3D('',#4823,#3990,#3991);
#3182=AXIS2_PLACEMENT_3D('',#4826,#3993,#3994);
#3183=AXIS2_PLACEMENT_3D('',#4827,#3995,#3996);
#3184=AXIS2_PLACEMENT_3D('',#4829,#3998,#3999);
#3185=AXIS2_PLACEMENT_3D('',#4830,#4000,#4001);
#3186=AXIS2_PLACEMENT_3D('',#4832,#4003,#4004);
#3187=AXIS2_PLACEMENT_3D('',#4834,#4006,#4007);
#3188=DIRECTION('axis',(0.,0.,1.));
#3189=DIRECTION('refdir',(1.,0.,0.));
#3190=DIRECTION('center_axis',(1.87970975453628E-15,1.,0.));
#3191=DIRECTION('ref_axis',(1.,-1.87970975453628E-15,-1.52173912910293E-16));
#3192=DIRECTION('center_axis',(-1.87970975453628E-15,-1.,0.));
#3193=DIRECTION('ref_axis',(1.,-1.87970975453628E-15,-1.52173912910293E-16));
#3194=DIRECTION('',(0.707106781186546,-0.707106781186549,-1.94198811362109E-16));
#3195=DIRECTION('center_axis',(1.87970975453628E-15,1.,0.));
#3196=DIRECTION('ref_axis',(1.,-1.87970975453628E-15,-1.52173912910293E-16));
#3197=DIRECTION('center_axis',(1.87970975453628E-15,1.,0.));
#3198=DIRECTION('ref_axis',(1.,-1.87970975453628E-15,-1.52173912910293E-16));
#3199=DIRECTION('',(-1.87970975453628E-15,-1.,0.));
#3200=DIRECTION('center_axis',(-6.21724893790172E-14,1.,0.));
#3201=DIRECTION('ref_axis',(1.,-1.87970975453628E-15,-1.52173912910293E-16));
#3202=DIRECTION('center_axis',(1.87970975453628E-15,1.,0.));
#3203=DIRECTION('ref_axis',(1.,-1.87970975453628E-15,-1.52173912910293E-16));
#3204=DIRECTION('center_axis',(-1.87970975453628E-15,-1.,0.));
#3205=DIRECTION('ref_axis',(1.,-1.87970975453628E-15,-1.52173912910293E-16));
#3206=DIRECTION('',(0.707106781186546,-0.707106781186549,-1.94198811362109E-16));
#3207=DIRECTION('center_axis',(1.87970975453628E-15,1.,0.));
#3208=DIRECTION('ref_axis',(1.,-1.87970975453628E-15,-1.52173912910293E-16));
#3209=DIRECTION('center_axis',(1.87970975453628E-15,1.,0.));
#3210=DIRECTION('ref_axis',(1.,-1.87970975453628E-15,-1.52173912910293E-16));
#3211=DIRECTION('',(-1.87970975453628E-15,-1.,0.));
#3212=DIRECTION('center_axis',(-6.21724893790172E-14,1.,0.));
#3213=DIRECTION('ref_axis',(1.,-1.87970975453628E-15,-1.52173912910293E-16));
#3214=DIRECTION('center_axis',(1.87970975453628E-15,1.,0.));
#3215=DIRECTION('ref_axis',(1.,-1.87970975453628E-15,-1.52173912910293E-16));
#3216=DIRECTION('center_axis',(-1.87970975453628E-15,-1.,0.));
#3217=DIRECTION('ref_axis',(1.,-1.87970975453628E-15,-1.52173912910293E-16));
#3218=DIRECTION('',(0.707106781186546,-0.707106781186549,-1.94198811362109E-16));
#3219=DIRECTION('center_axis',(1.87970975453628E-15,1.,0.));
#3220=DIRECTION('ref_axis',(1.,-1.87970975453628E-15,-1.52173912910293E-16));
#3221=DIRECTION('center_axis',(1.87970975453628E-15,1.,0.));
#3222=DIRECTION('ref_axis',(1.,-1.87970975453628E-15,-1.52173912910293E-16));
#3223=DIRECTION('',(-1.87970975453628E-15,-1.,0.));
#3224=DIRECTION('center_axis',(-6.21724893790172E-14,1.,0.));
#3225=DIRECTION('ref_axis',(1.,-1.87970975453628E-15,-1.52173912910293E-16));
#3226=DIRECTION('center_axis',(1.87970975453628E-15,1.,0.));
#3227=DIRECTION('ref_axis',(1.,-1.87970975453628E-15,-1.52173912910293E-16));
#3228=DIRECTION('center_axis',(-1.87970975453628E-15,-1.,0.));
#3229=DIRECTION('ref_axis',(1.,-1.87970975453628E-15,-1.52173912910293E-16));
#3230=DIRECTION('',(0.707106781186546,-0.707106781186549,-1.94198811362109E-16));
#3231=DIRECTION('center_axis',(1.87970975453628E-15,1.,0.));
#3232=DIRECTION('ref_axis',(1.,-1.87970975453628E-15,-1.52173912910293E-16));
#3233=DIRECTION('center_axis',(1.87970975453628E-15,1.,0.));
#3234=DIRECTION('ref_axis',(1.,-1.87970975453628E-15,-1.52173912910293E-16));
#3235=DIRECTION('',(-1.87970975453628E-15,-1.,0.));
#3236=DIRECTION('center_axis',(-6.21724893790172E-14,1.,0.));
#3237=DIRECTION('ref_axis',(1.,-1.87970975453628E-15,-1.52173912910293E-16));
#3238=DIRECTION('center_axis',(1.,0.,0.));
#3239=DIRECTION('ref_axis',(0.,0.,-1.));
#3240=DIRECTION('center_axis',(-1.,2.46570860913636E-15,0.));
#3241=DIRECTION('ref_axis',(0.,0.,-1.));
#3242=DIRECTION('',(-1.,0.,0.));
#3243=DIRECTION('center_axis',(1.,2.1157417569937E-16,0.));
#3244=DIRECTION('ref_axis',(0.,0.,-1.));
#3245=DIRECTION('center_axis',(1.,0.,0.));
#3246=DIRECTION('ref_axis',(0.,0.,-1.));
#3247=DIRECTION('center_axis',(-1.,2.46570860913636E-15,0.));
#3248=DIRECTION('ref_axis',(0.,0.,-1.));
#3249=DIRECTION('',(-1.,0.,0.));
#3250=DIRECTION('center_axis',(1.,2.1157417569937E-16,0.));
#3251=DIRECTION('ref_axis',(0.,0.,-1.));
#3252=DIRECTION('center_axis',(1.,0.,0.));
#3253=DIRECTION('ref_axis',(0.,0.,-1.));
#3254=DIRECTION('center_axis',(-1.,2.46570860913636E-15,0.));
#3255=DIRECTION('ref_axis',(0.,0.,-1.));
#3256=DIRECTION('',(-1.,0.,0.));
#3257=DIRECTION('center_axis',(1.,2.1157417569937E-16,0.));
#3258=DIRECTION('ref_axis',(0.,0.,-1.));
#3259=DIRECTION('center_axis',(1.,0.,0.));
#3260=DIRECTION('ref_axis',(0.,0.,-1.));
#3261=DIRECTION('center_axis',(-1.,2.46570860913636E-15,0.));
#3262=DIRECTION('ref_axis',(0.,0.,-1.));
#3263=DIRECTION('',(-1.,0.,0.));
#3264=DIRECTION('center_axis',(1.,2.1157417569937E-16,0.));
#3265=DIRECTION('ref_axis',(0.,0.,-1.));
#3266=DIRECTION('center_axis',(1.,0.,0.));
#3267=DIRECTION('ref_axis',(0.,0.,-1.));
#3268=DIRECTION('center_axis',(-1.,2.46570860913636E-15,0.));
#3269=DIRECTION('ref_axis',(0.,0.,-1.));
#3270=DIRECTION('',(-1.,0.,0.));
#3271=DIRECTION('center_axis',(1.,2.1157417569937E-16,0.));
#3272=DIRECTION('ref_axis',(0.,0.,-1.));
#3273=DIRECTION('center_axis',(6.01921547317735E-16,-1.06436180819003E-14,
-1.));
#3274=DIRECTION('ref_axis',(-0.999390827019096,-0.0348994967025001,-2.30097958822537E-16));
#3275=DIRECTION('',(-1.,1.87970975453628E-15,-6.01921547317755E-16));
#3276=DIRECTION('',(-0.0348994967025,0.999390827019096,-1.06581410364015E-14));
#3277=DIRECTION('',(1.,6.21724893790172E-14,6.01921547317074E-16));
#3278=DIRECTION('',(-0.0348994967025,0.999390827019096,-1.06581410364015E-14));
#3279=DIRECTION('',(1.,-1.87970975453628E-15,6.12089646280668E-16));
#3280=DIRECTION('',(-2.22044604925031E-15,-1.,0.));
#3281=DIRECTION('center_axis',(-0.690106168612544,1.53234351565899E-15,
0.723708142860722));
#3282=DIRECTION('ref_axis',(-0.723708142860722,1.36036125557263E-15,-0.690106168612544));
#3283=DIRECTION('',(0.723708142860722,-1.36036125557263E-15,0.690106168612544));
#3284=DIRECTION('',(0.,1.,-2.11735010967521E-15));
#3285=DIRECTION('',(-0.723708142860722,1.36036125557263E-15,-0.690106168612544));
#3286=DIRECTION('',(-2.22044604925031E-15,-1.,0.));
#3287=DIRECTION('center_axis',(0.441122722896033,-9.79489207289036E-16,
-0.897446791372497));
#3288=DIRECTION('ref_axis',(0.897446791372497,-1.68693948792017E-15,0.441122722896033));
#3289=DIRECTION('',(-0.897446791372497,1.68693948792017E-15,-0.441122722896033));
#3290=DIRECTION('',(0.897446791372497,-1.68693948792017E-15,0.441122722896033));
#3291=DIRECTION('',(0.,1.,4.21417210205658E-31));
#3292=DIRECTION('center_axis',(2.22044604925031E-15,1.,0.));
#3293=DIRECTION('ref_axis',(0.,0.,1.));
#3294=DIRECTION('',(-3.70299840830328E-16,8.22230818609721E-31,1.));
#3295=DIRECTION('',(-1.,1.87970975453628E-15,1.68748902057121E-15));
#3296=DIRECTION('',(0.,0.,-1.));
#3297=DIRECTION('center_axis',(1.46769925284895E-15,1.07158908327982E-14,
1.));
#3298=DIRECTION('ref_axis',(0.999390827019096,0.0348994967025001,-1.84078436690362E-15));
#3299=DIRECTION('',(1.,-1.87970975453628E-15,-1.46769925284893E-15));
#3300=DIRECTION('',(-0.0348994967025,0.999390827019096,-1.06581410364015E-14));
#3301=DIRECTION('',(-1.,-6.21724893790172E-14,1.46769925284962E-15));
#3302=DIRECTION('',(-0.0348994967025,0.999390827019096,-1.06581410364015E-14));
#3303=DIRECTION('center_axis',(0.999390827019096,0.0348994967025,3.70074264172461E-16));
#3304=DIRECTION('ref_axis',(7.39060678195653E-16,-1.05599287396138E-14,
-1.));
#3305=DIRECTION('',(-3.70299840830327E-16,-2.30224629210753E-29,1.));
#3306=DIRECTION('center_axis',(-0.999390827019096,-0.0348994967025,-1.1102229472559E-15));
#3307=DIRECTION('ref_axis',(-1.4787584826995E-15,1.05340979230892E-14,1.));
#3308=DIRECTION('',(-1.11089967732382E-15,2.08816895977679E-30,1.));
#3309=DIRECTION('',(1.11089967732382E-15,6.90673983895687E-29,-1.));
#3310=DIRECTION('center_axis',(0.186650007404921,-0.982426472941229,0.));
#3311=DIRECTION('ref_axis',(0.982426472941229,0.186650007404921,0.));
#3312=DIRECTION('center_axis',(0.186650007404921,-0.982426472941229,0.));
#3313=DIRECTION('ref_axis',(0.982426472941229,0.186650007404921,0.));
#3314=DIRECTION('center_axis',(0.186650007404921,-0.982426472941229,0.));
#3315=DIRECTION('ref_axis',(0.982426472941229,0.186650007404921,0.));
#3316=DIRECTION('center_axis',(0.186650007404921,-0.982426472941229,0.));
#3317=DIRECTION('ref_axis',(0.982426472941229,0.186650007404921,0.));
#3318=DIRECTION('center_axis',(0.186650007404921,-0.982426472941229,0.));
#3319=DIRECTION('ref_axis',(0.982426472941229,0.186650007404921,0.));
#3320=DIRECTION('',(0.186650007404921,-0.982426472941229,0.));
#3321=DIRECTION('center_axis',(0.186650007404921,-0.982426472941229,0.));
#3322=DIRECTION('ref_axis',(0.982426472941229,0.186650007404921,0.));
#3323=DIRECTION('',(0.186650007404921,-0.982426472941229,0.));
#3324=DIRECTION('center_axis',(0.186650007404921,-0.982426472941229,0.));
#3325=DIRECTION('ref_axis',(0.982426472941229,0.186650007404921,0.));
#3326=DIRECTION('center_axis',(0.186650007404921,-0.982426472941229,0.));
#3327=DIRECTION('ref_axis',(0.982426472941229,0.186650007404921,0.));
#3328=DIRECTION('center_axis',(0.186650007404921,-0.982426472941229,0.));
#3329=DIRECTION('ref_axis',(0.982426472941229,0.186650007404921,0.));
#3330=DIRECTION('center_axis',(0.186650007404921,-0.982426472941229,0.));
#3331=DIRECTION('ref_axis',(0.982426472941229,0.186650007404921,0.));
#3332=DIRECTION('center_axis',(0.186650007404921,-0.982426472941229,0.));
#3333=DIRECTION('ref_axis',(0.982426472941229,0.186650007404921,0.));
#3334=DIRECTION('center_axis',(0.186650007404921,-0.982426472941229,0.));
#3335=DIRECTION('ref_axis',(0.982426472941229,0.186650007404921,0.));
#3336=DIRECTION('center_axis',(0.186650007404921,-0.982426472941229,0.));
#3337=DIRECTION('ref_axis',(0.982426472941229,0.186650007404921,0.));
#3338=DIRECTION('',(0.186650007404921,-0.982426472941229,0.));
#3339=DIRECTION('center_axis',(0.186650007404921,-0.982426472941229,0.));
#3340=DIRECTION('ref_axis',(0.982426472941229,0.186650007404921,0.));
#3341=DIRECTION('',(0.186650007404921,-0.982426472941229,0.));
#3342=DIRECTION('center_axis',(0.186650007404921,-0.982426472941229,0.));
#3343=DIRECTION('ref_axis',(0.982426472941229,0.186650007404921,0.));
#3344=DIRECTION('center_axis',(0.186650007404921,-0.982426472941229,0.));
#3345=DIRECTION('ref_axis',(0.982426472941229,0.186650007404921,0.));
#3346=DIRECTION('center_axis',(0.0348994967025001,-0.999390827019096,1.0579288762047E-14));
#3347=DIRECTION('ref_axis',(-0.999390827019096,-0.0348994967025001,7.73692581420836E-23));
#3348=DIRECTION('center_axis',(0.0348994967025001,-0.999390827019096,1.0579288762047E-14));
#3349=DIRECTION('ref_axis',(-0.999390827019096,-0.0348994967025001,7.73692581420836E-23));
#3350=DIRECTION('',(-0.0348994967025001,0.999390827019096,-1.0579288762047E-14));
#3351=DIRECTION('center_axis',(-1.87970975453628E-15,-1.,0.));
#3352=DIRECTION('ref_axis',(-1.,1.8792947345676E-15,-3.69211775943747E-16));
#3353=DIRECTION('',(0.0348994967025001,-0.999390827019096,1.0579288762047E-14));
#3354=DIRECTION('center_axis',(0.0348994967025001,-0.999390827019096,1.0579288762047E-14));
#3355=DIRECTION('ref_axis',(-0.999390827019096,-0.0348994967025001,7.73692581420836E-23));
#3356=DIRECTION('',(-0.0348994967025001,0.999390827019096,-1.0579288762047E-14));
#3357=DIRECTION('center_axis',(-1.87970975453628E-15,-1.,0.));
#3358=DIRECTION('ref_axis',(-1.,1.8792947345676E-15,-3.69211775943747E-16));
#3359=DIRECTION('center_axis',(0.0348994967025001,-0.999390827019096,1.0579288762047E-14));
#3360=DIRECTION('ref_axis',(-0.999390827019096,-0.0348994967025001,7.73692581420836E-23));
#3361=DIRECTION('center_axis',(0.0348994967025001,-0.999390827019096,1.0579288762047E-14));
#3362=DIRECTION('ref_axis',(-0.999390827019096,-0.0348994967025001,7.73692581420836E-23));
#3363=DIRECTION('center_axis',(0.0348994967025001,-0.999390827019096,1.0579288762047E-14));
#3364=DIRECTION('ref_axis',(-0.999390827019096,-0.0348994967025001,7.73692581420836E-23));
#3365=DIRECTION('center_axis',(-6.21724893790172E-14,1.,0.));
#3366=DIRECTION('ref_axis',(-1.,-6.21750678020074E-14,-3.6921177594307E-16));
#3367=DIRECTION('',(-0.0348994967025001,0.999390827019096,-1.0579288762047E-14));
#3368=DIRECTION('center_axis',(0.0348994967025001,-0.999390827019096,1.0579288762047E-14));
#3369=DIRECTION('ref_axis',(-0.999390827019096,-0.0348994967025001,7.73692581420836E-23));
#3370=DIRECTION('',(-0.999390827019096,-0.0348994967025001,0.));
#3371=DIRECTION('center_axis',(0.,0.,-1.));
#3372=DIRECTION('ref_axis',(1.89585388046648E-16,-1.,0.));
#3373=DIRECTION('',(-1.,4.61852778244515E-12,0.));
#3374=DIRECTION('',(-1.89585388046648E-16,1.,0.));
#3375=DIRECTION('',(-1.,0.,0.));
#3376=DIRECTION('',(-4.61852985324851E-12,-1.,0.));
#3377=DIRECTION('center_axis',(0.0348994967024998,-0.999390827019096,1.06581410364015E-14));
#3378=DIRECTION('ref_axis',(-0.999390827019096,-0.0348994967024998,4.03116693465073E-16));
#3379=DIRECTION('center_axis',(-6.21724893790172E-14,1.,0.));
#3380=DIRECTION('ref_axis',(1.,6.21674231836859E-14,2.96097068476073E-13));
#3381=DIRECTION('',(-0.0348994967024998,0.999390827019096,-1.06581410364015E-14));
#3382=DIRECTION('center_axis',(0.0348994967025001,-0.999390827019096,1.05789942778101E-14));
#3383=DIRECTION('ref_axis',(0.998439026231458,0.0348662590865934,0.0436331854817413));
#3384=DIRECTION('',(-0.0348994967024998,0.999390827019096,-1.06581410364015E-14));
#3385=DIRECTION('center_axis',(3.71963680632548E-16,-1.06516483875556E-14,
-1.));
#3386=DIRECTION('ref_axis',(-0.999390827019096,-0.0348994967025001,7.73692581420836E-23));
#3387=DIRECTION('',(1.,6.21724893790172E-14,3.71963680631886E-16));
#3388=DIRECTION('',(0.999390827019096,0.0348994967025001,6.56192329700593E-16));
#3389=DIRECTION('',(-0.0348994967025001,0.999390827019096,-1.05779972800775E-14));
#3390=DIRECTION('',(-0.982426472941229,-0.186650007404921,1.6227032835858E-15));
#3391=DIRECTION('',(-0.0348994967025001,0.999390827019096,-1.05779972800775E-14));
#3392=DIRECTION('',(0.999390827019096,0.0348994967025001,6.56192329700593E-16));
#3393=DIRECTION('',(-0.0348994967024998,0.999390827019096,-1.06581410364015E-14));
#3394=DIRECTION('center_axis',(0.,-0.999974521828274,-0.00713832573616554));
#3395=DIRECTION('ref_axis',(0.,0.00713832573616554,-0.999974521828274));
#3396=DIRECTION('',(0.,-0.00713832573616554,0.999974521828274));
#3397=DIRECTION('',(-1.,0.,0.));
#3398=DIRECTION('',(0.,0.00713832573616554,-0.999974521828274));
#3399=DIRECTION('',(1.,0.,0.));
#3400=DIRECTION('center_axis',(0.,0.999961267207375,0.00880136836072915));
#3401=DIRECTION('ref_axis',(0.,-0.00880136836072915,0.999961267207375));
#3402=DIRECTION('',(0.,0.00880136836072915,-0.999961267207375));
#3403=DIRECTION('',(1.,0.,0.));
#3404=DIRECTION('',(0.,-0.00880136836072915,0.999961267207375));
#3405=DIRECTION('',(-1.,2.7682067806132E-15,0.));
#3406=DIRECTION('center_axis',(-1.,0.,0.));
#3407=DIRECTION('ref_axis',(0.,0.,1.));
#3408=DIRECTION('',(0.,1.,0.));
#3409=DIRECTION('',(0.,-1.,0.));
#3410=DIRECTION('center_axis',(0.,0.,1.));
#3411=DIRECTION('ref_axis',(0.,-1.,0.));
#3412=DIRECTION('',(1.,0.,0.));
#3413=DIRECTION('',(-0.0348994967025001,0.999390827019096,-1.0579288762047E-14));
#3414=DIRECTION('',(0.999390827019096,0.0348994967025001,0.));
#3415=DIRECTION('',(0.0348994967025001,-0.999390827019096,1.0579288762047E-14));
#3416=DIRECTION('',(1.,0.,0.));
#3417=DIRECTION('',(-4.61852985324851E-12,-1.,0.));
#3418=DIRECTION('',(1.,0.,0.));
#3419=DIRECTION('center_axis',(0.0348994967025001,-0.999390827019096,1.0579288762047E-14));
#3420=DIRECTION('ref_axis',(-0.999390827019096,-0.0348994967025001,7.73692581420836E-23));
#3421=DIRECTION('center_axis',(0.0348994967025001,-0.999390827019096,1.0579288762047E-14));
#3422=DIRECTION('ref_axis',(-0.999390827019096,-0.0348994967025001,7.73692581420836E-23));
#3423=DIRECTION('center_axis',(0.0348994967025001,-0.999390827019096,1.0579288762047E-14));
#3424=DIRECTION('ref_axis',(-0.999390827019096,-0.0348994967025001,7.73692581420836E-23));
#3425=DIRECTION('center_axis',(0.0348994967025001,-0.999390827019096,1.0579288762047E-14));
#3426=DIRECTION('ref_axis',(-0.999390827019096,-0.0348994967025001,7.73692581420836E-23));
#3427=DIRECTION('center_axis',(-6.21724893790172E-14,1.,0.));
#3428=DIRECTION('ref_axis',(-1.,-6.21750678020074E-14,-3.6921177594307E-16));
#3429=DIRECTION('center_axis',(-0.0348994967024906,0.999390827019096,0.));
#3430=DIRECTION('ref_axis',(-0.999390827019096,-0.0348994967025001,7.73692581420836E-23));
#3431=DIRECTION('',(-0.0348994967025001,0.999390827019096,-1.0579288762047E-14));
#3432=DIRECTION('center_axis',(-0.0348994967024906,0.999390827019096,0.));
#3433=DIRECTION('ref_axis',(-0.999390827019096,-0.0348994967025001,7.73692581420836E-23));
#3434=DIRECTION('center_axis',(0.0348994967025001,-0.999390827019096,1.0579288762047E-14));
#3435=DIRECTION('ref_axis',(-0.999390827019096,-0.0348994967025001,7.73692581420836E-23));
#3436=DIRECTION('',(-0.0348994967025001,0.999390827019096,-1.0579288762047E-14));
#3437=DIRECTION('center_axis',(0.0348994967025001,-0.999390827019096,1.0579288762047E-14));
#3438=DIRECTION('ref_axis',(-0.999390827019096,-0.0348994967025001,7.73692581420836E-23));
#3439=DIRECTION('center_axis',(0.0348994967025001,-0.999390827019096,1.0579288762047E-14));
#3440=DIRECTION('ref_axis',(-0.999390827019096,-0.0348994967025001,7.73692581420836E-23));
#3441=DIRECTION('center_axis',(0.0348994967025001,-0.999390827019096,1.0579288762047E-14));
#3442=DIRECTION('ref_axis',(-0.999390827019096,-0.0348994967025001,7.73692581420836E-23));
#3443=DIRECTION('center_axis',(0.0348994967025001,-0.999390827019096,1.0579288762047E-14));
#3444=DIRECTION('ref_axis',(-0.999390827019096,-0.0348994967025001,7.73692581420836E-23));
#3445=DIRECTION('',(-0.0348994967025001,0.999390827019096,-1.0579288762047E-14));
#3446=DIRECTION('center_axis',(0.0348994967025001,-0.999390827019096,1.0579288762047E-14));
#3447=DIRECTION('ref_axis',(-0.999390827019096,-0.0348994967025001,7.73692581420836E-23));
#3448=DIRECTION('center_axis',(0.,-1.,-1.33170691083513E-16));
#3449=DIRECTION('ref_axis',(-1.,0.,-3.69211775943727E-16));
#3450=DIRECTION('center_axis',(0.0348994967025001,-0.999390827019096,1.0579288762047E-14));
#3451=DIRECTION('ref_axis',(-0.999390827019096,-0.0348994967025001,7.73692581420836E-23));
#3452=DIRECTION('center_axis',(0.0348994967025001,-0.999390827019096,1.0579288762047E-14));
#3453=DIRECTION('ref_axis',(-0.999390827019096,-0.0348994967025001,7.73692581420836E-23));
#3454=DIRECTION('center_axis',(0.0348994967025001,-0.999390827019096,1.0579288762047E-14));
#3455=DIRECTION('ref_axis',(-0.999390827019096,-0.0348994967025001,7.73692581420836E-23));
#3456=DIRECTION('center_axis',(0.0348994967025001,-0.999390827019096,1.0579288762047E-14));
#3457=DIRECTION('ref_axis',(-0.999390827019096,-0.0348994967025001,7.73692581420836E-23));
#3458=DIRECTION('center_axis',(-6.21724893790172E-14,1.,0.));
#3459=DIRECTION('ref_axis',(-1.,-6.21750678020074E-14,-3.6921177594307E-16));
#3460=DIRECTION('',(-0.0348994967025001,0.999390827019096,-1.0579288762047E-14));
#3461=DIRECTION('center_axis',(0.0348994967025001,-0.999390827019096,1.0579288762047E-14));
#3462=DIRECTION('ref_axis',(-0.999390827019096,-0.0348994967025001,7.73692581420836E-23));
#3463=DIRECTION('center_axis',(0.,1.,0.));
#3464=DIRECTION('ref_axis',(0.,0.,-1.));
#3465=DIRECTION('',(6.72862439165528E-17,0.,-1.));
#3466=DIRECTION('',(0.,0.,1.));
#3467=DIRECTION('',(-1.,0.,0.));
#3468=DIRECTION('center_axis',(0.,0.,1.));
#3469=DIRECTION('ref_axis',(-1.89585388046648E-16,1.,0.));
#3470=DIRECTION('',(1.,-4.61852778244515E-12,0.));
#3471=DIRECTION('',(4.61852985324851E-12,1.,0.));
#3472=DIRECTION('',(1.89585388046648E-16,-1.,0.));
#3473=DIRECTION('center_axis',(-7.07767178197137E-15,1.33170691083513E-16,
-1.));
#3474=DIRECTION('ref_axis',(0.707106781188182,0.707106781184913,-6.28036983474961E-15));
#3475=DIRECTION('',(7.07767178197137E-15,-1.33170691083513E-16,1.));
#3476=DIRECTION('center_axis',(0.,0.,-1.));
#3477=DIRECTION('ref_axis',(0.707106781188182,0.707106781184913,-6.28036983474961E-15));
#3478=DIRECTION('',(-7.07767178197137E-15,1.33170691083513E-16,-1.));
#3479=DIRECTION('center_axis',(-3.25951194422752E-12,-0.707106781186548,
0.707106781186548));
#3480=DIRECTION('ref_axis',(-3.26952128365161E-12,-0.707106781186547,-0.707106781186547));
#3481=DIRECTION('center_axis',(4.61852985324851E-12,1.,0.));
#3482=DIRECTION('ref_axis',(0.707106781186553,-3.26579231406227E-12,0.707106781186543));
#3483=DIRECTION('',(4.61852985324851E-12,1.,0.));
#3484=DIRECTION('center_axis',(-3.27207268389698E-12,-0.707106781186548,
-0.707106781186548));
#3485=DIRECTION('ref_axis',(3.25951487279208E-12,0.707106781186548,-0.707106781186548));
#3486=DIRECTION('center_axis',(7.07767178197199E-15,0.,1.));
#3487=DIRECTION('ref_axis',(0.707106781184913,-0.707106781188182,-6.28036983472058E-15));
#3488=DIRECTION('',(7.07767178197199E-15,0.,1.));
#3489=DIRECTION('center_axis',(0.,0.,-1.));
#3490=DIRECTION('ref_axis',(0.707106781184913,-0.707106781188182,-6.28036983472058E-15));
#3491=DIRECTION('',(-7.07767178197199E-15,0.,-1.));
#3492=DIRECTION('center_axis',(0.,1.,1.33170691083513E-16));
#3493=DIRECTION('ref_axis',(0.,-1.33170691083513E-16,1.));
#3494=DIRECTION('',(0.,1.33170691083513E-16,-1.));
#3495=DIRECTION('',(1.,0.,0.));
#3496=DIRECTION('center_axis',(0.,-1.,0.));
#3497=DIRECTION('ref_axis',(0.,0.,-1.));
#3498=DIRECTION('',(1.,0.,0.));
#3499=DIRECTION('',(0.,0.,1.));
#3500=DIRECTION('center_axis',(1.,-4.61852985324851E-12,-7.07767178197199E-15));
#3501=DIRECTION('ref_axis',(7.07767178197199E-15,-3.26884237600657E-26,
1.));
#3502=DIRECTION('',(-4.61852985324851E-12,-1.,0.));
#3503=DIRECTION('',(7.07767178197313E-15,2.47157744836458E-16,1.));
#3504=DIRECTION('',(-4.61852985324851E-12,-1.,0.));
#3505=DIRECTION('',(-7.07767178197199E-15,3.26884237600657E-26,-1.));
#3506=DIRECTION('',(-4.61852985324851E-12,-1.,0.));
#3507=DIRECTION('center_axis',(0.,0.,1.));
#3508=DIRECTION('ref_axis',(-1.,4.61852778244515E-12,0.));
#3509=DIRECTION('',(-0.999390827019096,-0.0348994967024906,0.));
#3510=DIRECTION('',(-4.61852985324851E-12,-1.,0.));
#3511=DIRECTION('',(1.,-4.61852778244515E-12,0.));
#3512=DIRECTION('center_axis',(-1.,4.61852985324851E-12,-6.72862439165528E-17));
#3513=DIRECTION('ref_axis',(6.72862439165528E-17,-3.1076338690498E-28,-1.));
#3514=DIRECTION('',(-6.72862439165528E-17,3.1076338690498E-28,1.));
#3515=DIRECTION('',(6.72862439165636E-17,2.34968741377513E-18,-1.));
#3516=DIRECTION('',(-4.61852985324851E-12,-1.,0.));
#3517=DIRECTION('',(-6.72862439165528E-17,3.1076338690498E-28,1.));
#3518=DIRECTION('center_axis',(0.,0.,-1.));
#3519=DIRECTION('ref_axis',(1.,-4.61852778244516E-12,0.));
#3520=DIRECTION('',(-1.,4.61852778244515E-12,0.));
#3521=DIRECTION('',(0.999390827019096,0.0348994967024906,0.));
#3522=DIRECTION('',(0.,-1.,0.));
#3523=DIRECTION('center_axis',(0.0348994967025001,-0.999390827019096,1.05779972800775E-14));
#3524=DIRECTION('ref_axis',(-0.999390827019096,-0.0348994967025001,7.7369258468304E-23));
#3525=DIRECTION('center_axis',(0.186650007404921,-0.982426472941229,0.));
#3526=DIRECTION('ref_axis',(-0.982426472941229,-0.186650007404921,1.61050138740397E-15));
#3527=DIRECTION('center_axis',(-0.0348994967025001,0.999390827019096,-1.0579288762047E-14));
#3528=DIRECTION('ref_axis',(-0.999390827019096,-0.0348994967025001,7.7369258468304E-23));
#3529=DIRECTION('',(-0.0348994967025001,0.999390827019096,-1.05779972800775E-14));
#3530=DIRECTION('center_axis',(0.0348994967025001,-0.999390827019096,1.05779972800775E-14));
#3531=DIRECTION('ref_axis',(0.999390827019096,0.0348994967025001,1.22464602545477E-16));
#3532=DIRECTION('center_axis',(0.186650007404921,-0.982426472941229,0.));
#3533=DIRECTION('ref_axis',(-0.982426472941229,-0.186650007404921,1.61050138740397E-15));
#3534=DIRECTION('',(-0.0348994967025001,0.999390827019096,-1.05779972800775E-14));
#3535=DIRECTION('center_axis',(-0.0348994967025001,0.999390827019096,-1.0579288762047E-14));
#3536=DIRECTION('ref_axis',(-0.999390827019096,-0.0348994967025001,7.73692583867489E-23));
#3537=DIRECTION('center_axis',(0.0348994967025001,-0.999390827019096,1.0579288762047E-14));
#3538=DIRECTION('ref_axis',(-4.93038065763132E-32,-1.05857373071975E-14,
-1.));
#3539=DIRECTION('',(-0.999390827019096,-0.0348994967025001,-3.28096126165665E-16));
#3540=DIRECTION('center_axis',(0.0348994967025001,-0.999390827019096,1.05792111182446E-14));
#3541=DIRECTION('ref_axis',(-0.998439026231458,-0.0348662590865934,-0.0436331854817373));
#3542=DIRECTION('center_axis',(0.0348994967024998,-0.999390827019096,1.06581410364015E-14));
#3543=DIRECTION('ref_axis',(0.999390827019096,0.0348994967024998,-3.30423519233667E-16));
#3544=DIRECTION('center_axis',(-6.21724893790172E-14,1.,0.));
#3545=DIRECTION('ref_axis',(-1.,-6.21674141782809E-14,-3.0243733537182E-13));
#3546=DIRECTION('center_axis',(-0.0348994967024906,0.999390827019096,0.));
#3547=DIRECTION('ref_axis',(-0.998439026231458,-0.0348662590865932,-0.0436331854817373));
#3548=DIRECTION('center_axis',(-6.21724893790172E-14,1.,0.));
#3549=DIRECTION('ref_axis',(-1.,-6.21674141782809E-14,-3.0243733537182E-13));
#3550=DIRECTION('',(-0.0348994967024998,0.999390827019096,-1.06581410364015E-14));
#3551=DIRECTION('center_axis',(-6.49350357321492E-16,1.06419618313589E-14,
1.));
#3552=DIRECTION('ref_axis',(0.999390827019096,0.0348994967025001,2.77555678787031E-16));
#3553=DIRECTION('',(-1.,-6.21724893790172E-14,-6.49350357320831E-16));
#3554=DIRECTION('',(0.982426472941229,0.186650007404921,-1.34838327337954E-15));
#3555=DIRECTION('',(-0.999390827019096,-0.0348994967025001,-3.28096126165665E-16));
#3556=DIRECTION('center_axis',(0.0348994967025001,-0.999390827019096,1.0579288762047E-14));
#3557=DIRECTION('ref_axis',(-4.93038065763132E-32,-1.05857373071975E-14,
-1.));
#3558=DIRECTION('center_axis',(0.,0.,1.));
#3559=DIRECTION('ref_axis',(1.,0.,0.));
#3560=DIRECTION('',(-0.999390827019096,-0.0348994967024906,0.));
#3561=DIRECTION('',(-1.,-6.21724893790172E-14,0.));
#3562=DIRECTION('',(1.89585388046648E-16,-1.,0.));
#3563=DIRECTION('center_axis',(0.0348994967024906,-0.999390827019096,0.));
#3564=DIRECTION('ref_axis',(0.999390827019096,0.0348994967024906,0.));
#3565=DIRECTION('',(0.,0.,1.));
#3566=DIRECTION('',(0.,0.,-1.));
#3567=DIRECTION('',(0.999390827019096,0.0348994967024906,0.));
#3568=DIRECTION('',(0.,0.,1.));
#3569=DIRECTION('',(0.,0.,1.));
#3570=DIRECTION('center_axis',(1.,0.,0.));
#3571=DIRECTION('ref_axis',(0.,0.,-1.));
#3572=DIRECTION('center_axis',(1.,0.,0.));
#3573=DIRECTION('ref_axis',(0.,0.,-1.));
#3574=DIRECTION('center_axis',(1.,0.,0.));
#3575=DIRECTION('ref_axis',(0.,0.,-1.));
#3576=DIRECTION('center_axis',(1.,0.,0.));
#3577=DIRECTION('ref_axis',(0.,0.,-1.));
#3578=DIRECTION('center_axis',(1.,0.,0.));
#3579=DIRECTION('ref_axis',(0.,0.,-1.));
#3580=DIRECTION('',(1.,0.,0.));
#3581=DIRECTION('center_axis',(1.,0.,0.));
#3582=DIRECTION('ref_axis',(0.,0.,-1.));
#3583=DIRECTION('',(1.,0.,0.));
#3584=DIRECTION('center_axis',(1.,0.,0.));
#3585=DIRECTION('ref_axis',(0.,0.,-1.));
#3586=DIRECTION('center_axis',(1.,0.,0.));
#3587=DIRECTION('ref_axis',(0.,0.,-1.));
#3588=DIRECTION('center_axis',(-1.,0.,0.));
#3589=DIRECTION('ref_axis',(0.,-1.,0.));
#3590=DIRECTION('',(0.,0.,1.));
#3591=DIRECTION('',(0.,-1.,0.));
#3592=DIRECTION('',(0.,0.,1.));
#3593=DIRECTION('',(0.,1.,4.21417210205658E-31));
#3594=DIRECTION('center_axis',(1.87970975453628E-15,1.,0.));
#3595=DIRECTION('ref_axis',(-1.,1.87970975453628E-15,0.));
#3596=DIRECTION('',(1.,0.,-7.74164181470043E-23));
#3597=DIRECTION('',(0.,0.,-1.));
#3598=DIRECTION('',(-1.,2.7682067806132E-15,0.));
#3599=DIRECTION('',(-1.,2.7682067806132E-15,0.));
#3600=DIRECTION('',(0.,0.,1.));
#3601=DIRECTION('',(1.,0.,0.));
#3602=DIRECTION('center_axis',(-1.87970975453628E-15,-1.,0.));
#3603=DIRECTION('ref_axis',(-1.,1.8792947345676E-15,3.69211775943747E-16));
#3604=DIRECTION('center_axis',(-1.87970975453628E-15,-1.,0.));
#3605=DIRECTION('ref_axis',(-1.,1.8792947345676E-15,3.69211775943747E-16));
#3606=DIRECTION('',(1.,0.,0.));
#3607=DIRECTION('',(1.,0.,0.));
#3608=DIRECTION('',(0.,0.,1.));
#3609=DIRECTION('',(1.,0.,7.74164181470043E-23));
#3610=DIRECTION('',(0.897446791372497,-1.68693948792017E-15,-0.441122722896033));
#3611=DIRECTION('',(1.,-1.87970975453628E-15,-6.01921547317755E-16));
#3612=DIRECTION('',(1.11089967732382E-15,-2.08816895977679E-30,1.));
#3613=DIRECTION('',(-1.,1.87970975453628E-15,-1.46769925284893E-15));
#3614=DIRECTION('',(-0.723708142860722,1.36036125557263E-15,0.690106168612544));
#3615=DIRECTION('',(0.,0.,-1.));
#3616=DIRECTION('',(1.,0.,0.));
#3617=DIRECTION('',(0.,0.,1.));
#3618=DIRECTION('',(-1.,2.7682067806132E-15,0.));
#3619=DIRECTION('center_axis',(4.61852778244515E-12,1.,0.));
#3620=DIRECTION('ref_axis',(-1.,4.61852778244515E-12,0.));
#3621=DIRECTION('',(0.,0.,1.));
#3622=DIRECTION('',(-1.,4.61852778244515E-12,0.));
#3623=DIRECTION('',(6.72862439165528E-17,-3.1076338690498E-28,1.));
#3624=DIRECTION('',(-1.,4.61852778244515E-12,0.));
#3625=DIRECTION('',(7.07767178197199E-15,-3.26884237600657E-26,-1.));
#3626=DIRECTION('',(1.,-4.61852778244515E-12,0.));
#3627=DIRECTION('',(6.72862439165528E-17,-3.1076338690498E-28,1.));
#3628=DIRECTION('',(1.,-4.61852778244515E-12,0.));
#3629=DIRECTION('',(0.,0.,1.));
#3630=DIRECTION('',(1.,-4.61852778244515E-12,0.));
#3631=DIRECTION('',(0.,0.,-1.));
#3632=DIRECTION('',(1.,-4.61852778244515E-12,0.));
#3633=DIRECTION('',(0.,0.,1.));
#3634=DIRECTION('center_axis',(1.,1.89585388046648E-16,0.));
#3635=DIRECTION('ref_axis',(-1.89585388046648E-16,1.,0.));
#3636=DIRECTION('',(1.7235035276968E-16,-1.,0.));
#3637=DIRECTION('',(0.,0.,1.));
#3638=DIRECTION('',(-1.89585388046648E-16,1.,0.));
#3639=DIRECTION('',(0.,0.,-1.));
#3640=DIRECTION('',(1.7235035276968E-16,-1.,0.));
#3641=DIRECTION('',(1.89585388046648E-16,-1.,0.));
#3642=DIRECTION('',(0.,0.,1.));
#3643=DIRECTION('',(-1.89585388046648E-16,1.,0.));
#3644=DIRECTION('center_axis',(6.21724893790172E-14,-1.,0.));
#3645=DIRECTION('ref_axis',(1.,6.21724893790172E-14,0.));
#3646=DIRECTION('',(-1.,-1.0449157878825E-14,0.));
#3647=DIRECTION('',(0.,0.,-1.));
#3648=DIRECTION('',(-1.,0.,7.74164181470043E-23));
#3649=DIRECTION('',(1.,0.,0.));
#3650=DIRECTION('',(0.,0.,1.));
#3651=DIRECTION('',(-1.,-6.21724893790172E-14,0.));
#3652=DIRECTION('',(0.,0.,-1.));
#3653=DIRECTION('',(-1.,0.,-7.74164181470043E-23));
#3654=DIRECTION('',(0.,0.,1.));
#3655=DIRECTION('',(-1.,-1.0449157878825E-14,0.));
#3656=DIRECTION('',(0.,0.,1.));
#3657=DIRECTION('center_axis',(-6.21724893790172E-14,1.,0.));
#3658=DIRECTION('ref_axis',(-1.,-6.21674141782809E-14,3.0243733537182E-13));
#3659=DIRECTION('',(-1.,-6.21724893790172E-14,3.71963680631886E-16));
#3660=DIRECTION('center_axis',(-6.21724893790172E-14,1.,0.));
#3661=DIRECTION('ref_axis',(1.,6.21674231836859E-14,-2.96097068476073E-13));
#3662=DIRECTION('',(1.,6.21724893790172E-14,-6.49350357320831E-16));
#3663=DIRECTION('center_axis',(-6.21724893790172E-14,1.,0.));
#3664=DIRECTION('ref_axis',(-1.,-6.21674141782809E-14,3.0243733537182E-13));
#3665=DIRECTION('',(0.,0.,1.));
#3666=DIRECTION('center_axis',(-6.21724893790172E-14,1.,0.));
#3667=DIRECTION('ref_axis',(-1.,-6.21750678020074E-14,3.6921177594307E-16));
#3668=DIRECTION('',(0.,0.,1.));
#3669=DIRECTION('',(1.,6.21724893790172E-14,0.));
#3670=DIRECTION('center_axis',(-6.21724893790172E-14,1.,0.));
#3671=DIRECTION('ref_axis',(-1.,-6.21750678020074E-14,3.6921177594307E-16));
#3672=DIRECTION('center_axis',(-6.21724893790172E-14,1.,0.));
#3673=DIRECTION('ref_axis',(-1.,-6.21750678020074E-14,3.6921177594307E-16));
#3674=DIRECTION('',(-1.,-6.21724893790172E-14,6.01921547317074E-16));
#3675=DIRECTION('',(3.70299840830327E-16,2.30224629210753E-29,1.));
#3676=DIRECTION('',(1.,6.21724893790172E-14,1.46769925284962E-15));
#3677=DIRECTION('',(-1.11089967732382E-15,-6.90673983895687E-29,-1.));
#3678=DIRECTION('center_axis',(1.,0.,0.));
#3679=DIRECTION('ref_axis',(0.,1.,0.));
#3680=DIRECTION('',(0.,1.,4.21417210205658E-31));
#3681=DIRECTION('',(0.,1.,0.));
#3682=DIRECTION('',(0.,0.,1.));
#3683=DIRECTION('',(0.,1.,0.));
#3684=DIRECTION('center_axis',(0.,0.,-1.));
#3685=DIRECTION('ref_axis',(-1.,0.,0.));
#3686=DIRECTION('',(0.982426472941235,0.186650007404892,0.));
#3687=DIRECTION('',(2.1157417569937E-16,-1.,0.));
#3688=DIRECTION('center_axis',(7.74164181470043E-23,-4.21417210205658E-31,
1.));
#3689=DIRECTION('ref_axis',(1.,0.,-7.74164181470043E-23));
#3690=DIRECTION('center_axis',(0.,0.,-1.));
#3691=DIRECTION('ref_axis',(-1.,0.,0.));
#3692=DIRECTION('',(-2.46570860913636E-15,-1.,0.));
#3693=DIRECTION('',(0.982426472941235,0.186650007404892,0.));
#3694=DIRECTION('center_axis',(0.690106168612544,-1.53234351565899E-15,
0.723708142860722));
#3695=DIRECTION('ref_axis',(-0.723708142860722,1.36036125557263E-15,0.690106168612544));
#3696=DIRECTION('',(-2.22044604925031E-15,-1.,0.));
#3697=DIRECTION('',(-0.723708142860722,1.36036125557263E-15,0.690106168612544));
#3698=DIRECTION('',(0.,-1.,-2.11735010967521E-15));
#3699=DIRECTION('center_axis',(-0.441122722896033,9.79489207289036E-16,
-0.897446791372497));
#3700=DIRECTION('ref_axis',(0.897446791372497,-1.68693948792017E-15,-0.441122722896033));
#3701=DIRECTION('',(0.,-1.,4.21417210205658E-31));
#3702=DIRECTION('',(0.897446791372497,-1.68693948792017E-15,-0.441122722896033));
#3703=DIRECTION('',(-2.22044604925031E-15,-1.,0.));
#3704=DIRECTION('center_axis',(-2.22044604925031E-15,-1.,0.));
#3705=DIRECTION('ref_axis',(0.,0.,-1.));
#3706=DIRECTION('',(3.70299840830328E-16,-8.22230818609721E-31,1.));
#3707=DIRECTION('',(1.,-1.87970975453628E-15,-6.12089646280668E-16));
#3708=DIRECTION('',(0.,0.,-1.));
#3709=DIRECTION('',(-1.,1.87970975453628E-15,-1.68748902057121E-15));
#3710=DIRECTION('center_axis',(-6.01921547317735E-16,1.06436180819003E-14,
-1.));
#3711=DIRECTION('ref_axis',(-0.999390827019096,-0.0348994967025001,2.30097958822537E-16));
#3712=DIRECTION('',(-0.0348994967025,0.999390827019096,1.06581410364015E-14));
#3713=DIRECTION('',(-0.0348994967025,0.999390827019096,1.06581410364015E-14));
#3714=DIRECTION('center_axis',(-1.46769925284895E-15,-1.07158908327982E-14,
1.));
#3715=DIRECTION('ref_axis',(0.999390827019096,0.0348994967025001,1.84078436690362E-15));
#3716=DIRECTION('',(-0.0348994967025,0.999390827019096,1.06581410364015E-14));
#3717=DIRECTION('',(-0.0348994967025,0.999390827019096,1.06581410364015E-14));
#3718=DIRECTION('center_axis',(0.999390827019096,0.0348994967025,-1.1102229472559E-15));
#3719=DIRECTION('ref_axis',(-1.4787584826995E-15,1.05340979230892E-14,-1.));
#3720=DIRECTION('center_axis',(-0.999390827019096,-0.0348994967025,3.70074264172461E-16));
#3721=DIRECTION('ref_axis',(7.39060678195653E-16,-1.05599287396138E-14,
1.));
#3722=DIRECTION('center_axis',(-1.,0.,0.));
#3723=DIRECTION('ref_axis',(0.,0.,1.));
#3724=DIRECTION('center_axis',(-1.,0.,0.));
#3725=DIRECTION('ref_axis',(0.,0.,1.));
#3726=DIRECTION('center_axis',(-1.,0.,0.));
#3727=DIRECTION('ref_axis',(0.,0.,1.));
#3728=DIRECTION('center_axis',(-1.,0.,0.));
#3729=DIRECTION('ref_axis',(0.,0.,1.));
#3730=DIRECTION('center_axis',(1.,0.,0.));
#3731=DIRECTION('ref_axis',(0.,0.,1.));
#3732=DIRECTION('',(1.,0.,0.));
#3733=DIRECTION('center_axis',(-1.,0.,0.));
#3734=DIRECTION('ref_axis',(0.,0.,1.));
#3735=DIRECTION('',(1.,0.,0.));
#3736=DIRECTION('center_axis',(-1.,0.,0.));
#3737=DIRECTION('ref_axis',(0.,0.,1.));
#3738=DIRECTION('center_axis',(-1.,0.,0.));
#3739=DIRECTION('ref_axis',(0.,0.,1.));
#3740=DIRECTION('center_axis',(-0.186650007404921,0.982426472941229,0.));
#3741=DIRECTION('ref_axis',(0.982426472941229,0.186650007404921,0.));
#3742=DIRECTION('center_axis',(-0.186650007404921,0.982426472941229,0.));
#3743=DIRECTION('ref_axis',(0.982426472941229,0.186650007404921,0.));
#3744=DIRECTION('center_axis',(-0.186650007404921,0.982426472941229,0.));
#3745=DIRECTION('ref_axis',(0.982426472941229,0.186650007404921,0.));
#3746=DIRECTION('center_axis',(-0.186650007404921,0.982426472941229,0.));
#3747=DIRECTION('ref_axis',(0.982426472941229,0.186650007404921,0.));
#3748=DIRECTION('center_axis',(0.186650007404921,-0.982426472941229,0.));
#3749=DIRECTION('ref_axis',(0.982426472941229,0.186650007404921,0.));
#3750=DIRECTION('',(0.186650007404921,-0.982426472941229,0.));
#3751=DIRECTION('center_axis',(-0.186650007404921,0.982426472941229,0.));
#3752=DIRECTION('ref_axis',(0.982426472941229,0.186650007404921,0.));
#3753=DIRECTION('',(0.186650007404921,-0.982426472941229,0.));
#3754=DIRECTION('center_axis',(-0.186650007404921,0.982426472941229,0.));
#3755=DIRECTION('ref_axis',(0.982426472941229,0.186650007404921,0.));
#3756=DIRECTION('center_axis',(-0.186650007404921,0.982426472941229,0.));
#3757=DIRECTION('ref_axis',(0.982426472941229,0.186650007404921,0.));
#3758=DIRECTION('center_axis',(-0.186650007404921,0.982426472941229,0.));
#3759=DIRECTION('ref_axis',(0.982426472941229,0.186650007404921,0.));
#3760=DIRECTION('center_axis',(-0.186650007404921,0.982426472941229,0.));
#3761=DIRECTION('ref_axis',(0.982426472941229,0.186650007404921,0.));
#3762=DIRECTION('center_axis',(-0.186650007404921,0.982426472941229,0.));
#3763=DIRECTION('ref_axis',(0.982426472941229,0.186650007404921,0.));
#3764=DIRECTION('center_axis',(-0.186650007404921,0.982426472941229,0.));
#3765=DIRECTION('ref_axis',(0.982426472941229,0.186650007404921,0.));
#3766=DIRECTION('center_axis',(0.186650007404921,-0.982426472941229,0.));
#3767=DIRECTION('ref_axis',(0.982426472941229,0.186650007404921,0.));
#3768=DIRECTION('',(0.186650007404921,-0.982426472941229,0.));
#3769=DIRECTION('center_axis',(-0.186650007404921,0.982426472941229,0.));
#3770=DIRECTION('ref_axis',(0.982426472941229,0.186650007404921,0.));
#3771=DIRECTION('',(0.186650007404921,-0.982426472941229,0.));
#3772=DIRECTION('center_axis',(-0.186650007404921,0.982426472941229,0.));
#3773=DIRECTION('ref_axis',(0.982426472941229,0.186650007404921,0.));
#3774=DIRECTION('center_axis',(-0.186650007404921,0.982426472941229,0.));
#3775=DIRECTION('ref_axis',(0.982426472941229,0.186650007404921,0.));
#3776=DIRECTION('center_axis',(0.,0.999974521828274,-0.00713832573616554));
#3777=DIRECTION('ref_axis',(0.,0.00713832573616554,0.999974521828274));
#3778=DIRECTION('',(0.,0.00713832573616554,0.999974521828274));
#3779=DIRECTION('',(1.,0.,0.));
#3780=DIRECTION('',(0.,0.00713832573616554,0.999974521828274));
#3781=DIRECTION('',(1.,0.,0.));
#3782=DIRECTION('center_axis',(0.,-0.999961267207375,0.00880136836072915));
#3783=DIRECTION('ref_axis',(0.,-0.00880136836072915,-0.999961267207375));
#3784=DIRECTION('',(0.,-0.00880136836072915,-0.999961267207375));
#3785=DIRECTION('',(0.,-0.00880136836072915,-0.999961267207375));
#3786=DIRECTION('',(1.,0.,0.));
#3787=DIRECTION('center_axis',(1.,0.,0.));
#3788=DIRECTION('ref_axis',(0.,0.,-1.));
#3789=DIRECTION('',(0.,-1.,0.));
#3790=DIRECTION('',(0.,1.,0.));
#3791=DIRECTION('center_axis',(0.,0.,-1.));
#3792=DIRECTION('ref_axis',(-1.,0.,0.));
#3793=DIRECTION('',(-0.0348994967025001,0.999390827019096,1.0579288762047E-14));
#3794=DIRECTION('',(0.999390827019096,0.0348994967025001,0.));
#3795=DIRECTION('',(0.0348994967025001,-0.999390827019096,-1.0579288762047E-14));
#3796=DIRECTION('',(-2.1157417569937E-16,1.,0.));
#3797=DIRECTION('',(0.982426472941235,0.186650007404892,0.));
#3798=DIRECTION('',(0.,1.,0.));
#3799=DIRECTION('center_axis',(-1.,0.,0.));
#3800=DIRECTION('ref_axis',(0.,1.,0.));
#3801=DIRECTION('',(0.,0.,-1.));
#3802=DIRECTION('',(0.,1.,0.));
#3803=DIRECTION('',(0.,1.,-4.21417210205658E-31));
#3804=DIRECTION('',(0.,-1.33170691083513E-16,-1.));
#3805=DIRECTION('',(0.,1.,-2.77555756155791E-16));
#3806=DIRECTION('',(0.,0.,1.));
#3807=DIRECTION('center_axis',(-0.0348994967025001,0.999390827019096,1.0579288762047E-14));
#3808=DIRECTION('ref_axis',(-0.999390827019096,-0.0348994967025001,-7.73692581420836E-23));
#3809=DIRECTION('center_axis',(-0.0348994967025001,0.999390827019096,1.0579288762047E-14));
#3810=DIRECTION('ref_axis',(-0.999390827019096,-0.0348994967025001,-7.73692581420836E-23));
#3811=DIRECTION('center_axis',(-0.0348994967025001,0.999390827019096,1.0579288762047E-14));
#3812=DIRECTION('ref_axis',(-0.999390827019096,-0.0348994967025001,-7.73692581420836E-23));
#3813=DIRECTION('center_axis',(-0.0348994967025001,0.999390827019096,1.0579288762047E-14));
#3814=DIRECTION('ref_axis',(-0.999390827019096,-0.0348994967025001,-7.73692581420836E-23));
#3815=DIRECTION('center_axis',(-0.0348994967024906,0.999390827019096,0.));
#3816=DIRECTION('ref_axis',(-0.999390827019096,-0.0348994967025001,-7.73692581420836E-23));
#3817=DIRECTION('',(-0.0348994967025001,0.999390827019096,1.0579288762047E-14));
#3818=DIRECTION('center_axis',(-0.0348994967024906,0.999390827019096,0.));
#3819=DIRECTION('ref_axis',(-0.999390827019096,-0.0348994967025001,-7.73692581420836E-23));
#3820=DIRECTION('center_axis',(-0.0348994967025001,0.999390827019096,1.0579288762047E-14));
#3821=DIRECTION('ref_axis',(-0.999390827019096,-0.0348994967025001,-7.73692581420836E-23));
#3822=DIRECTION('',(-0.0348994967025001,0.999390827019096,1.0579288762047E-14));
#3823=DIRECTION('center_axis',(-0.0348994967025001,0.999390827019096,1.0579288762047E-14));
#3824=DIRECTION('ref_axis',(-0.999390827019096,-0.0348994967025001,-7.73692581420836E-23));
#3825=DIRECTION('center_axis',(-0.0348994967025001,0.999390827019096,1.0579288762047E-14));
#3826=DIRECTION('ref_axis',(-0.999390827019096,-0.0348994967025001,-7.73692581420836E-23));
#3827=DIRECTION('center_axis',(-0.0348994967025001,0.999390827019096,1.0579288762047E-14));
#3828=DIRECTION('ref_axis',(-0.999390827019096,-0.0348994967025001,-7.73692581420836E-23));
#3829=DIRECTION('',(-0.999390827019096,-0.0348994967025001,0.));
#3830=DIRECTION('center_axis',(-0.0348994967025001,0.999390827019096,1.0579288762047E-14));
#3831=DIRECTION('ref_axis',(-0.999390827019096,-0.0348994967025001,-7.73692581420836E-23));
#3832=DIRECTION('center_axis',(-0.0348994967025001,0.999390827019096,1.0579288762047E-14));
#3833=DIRECTION('ref_axis',(-0.999390827019096,-0.0348994967025001,-7.73692581420836E-23));
#3834=DIRECTION('center_axis',(-0.0348994967025001,0.999390827019096,1.0579288762047E-14));
#3835=DIRECTION('ref_axis',(-0.999390827019096,-0.0348994967025001,-7.73692581420836E-23));
#3836=DIRECTION('center_axis',(-0.0348994967025001,0.999390827019096,1.0579288762047E-14));
#3837=DIRECTION('ref_axis',(-0.999390827019096,-0.0348994967025001,-7.73692581420836E-23));
#3838=DIRECTION('center_axis',(-0.0348994967025001,0.999390827019096,1.0579288762047E-14));
#3839=DIRECTION('ref_axis',(-0.999390827019096,-0.0348994967025001,-7.73692581420836E-23));
#3840=DIRECTION('center_axis',(-0.0348994967025001,0.999390827019096,1.0579288762047E-14));
#3841=DIRECTION('ref_axis',(-0.999390827019096,-0.0348994967025001,-7.73692581420836E-23));
#3842=DIRECTION('',(-0.0348994967025001,0.999390827019096,1.0579288762047E-14));
#3843=DIRECTION('center_axis',(-0.0348994967025001,0.999390827019096,1.0579288762047E-14));
#3844=DIRECTION('ref_axis',(-0.999390827019096,-0.0348994967025001,-7.73692581420836E-23));
#3845=DIRECTION('',(-0.0348994967025001,0.999390827019096,1.0579288762047E-14));
#3846=DIRECTION('',(-0.0348994967025001,0.999390827019096,1.0579288762047E-14));
#3847=DIRECTION('center_axis',(0.,-1.,1.33170691083513E-16));
#3848=DIRECTION('ref_axis',(-1.,0.,3.69211775943727E-16));
#3849=DIRECTION('',(0.0348994967025001,-0.999390827019096,-1.0579288762047E-14));
#3850=DIRECTION('center_axis',(-0.0348994967025001,0.999390827019096,1.0579288762047E-14));
#3851=DIRECTION('ref_axis',(-0.999390827019096,-0.0348994967025001,-7.73692581420836E-23));
#3852=DIRECTION('center_axis',(-0.0348994967025001,0.999390827019096,1.0579288762047E-14));
#3853=DIRECTION('ref_axis',(-0.999390827019096,-0.0348994967025001,-7.73692581420836E-23));
#3854=DIRECTION('center_axis',(-0.0348994967025001,0.999390827019096,1.0579288762047E-14));
#3855=DIRECTION('ref_axis',(-0.999390827019096,-0.0348994967025001,-7.73692581420836E-23));
#3856=DIRECTION('center_axis',(-0.0348994967025001,0.999390827019096,1.0579288762047E-14));
#3857=DIRECTION('ref_axis',(-0.999390827019096,-0.0348994967025001,-7.73692581420836E-23));
#3858=DIRECTION('center_axis',(-0.0348994967025001,0.999390827019096,1.0579288762047E-14));
#3859=DIRECTION('ref_axis',(-0.999390827019096,-0.0348994967025001,-7.73692581420836E-23));
#3860=DIRECTION('center_axis',(-0.0348994967025001,0.999390827019096,1.0579288762047E-14));
#3861=DIRECTION('ref_axis',(-0.999390827019096,-0.0348994967025001,-7.73692581420836E-23));
#3862=DIRECTION('',(-0.0348994967025001,0.999390827019096,1.0579288762047E-14));
#3863=DIRECTION('center_axis',(-0.0348994967025001,0.999390827019096,1.0579288762047E-14));
#3864=DIRECTION('ref_axis',(-0.999390827019096,-0.0348994967025001,-7.73692581420836E-23));
#3865=DIRECTION('',(-0.0348994967025001,0.999390827019096,1.0579288762047E-14));
#3866=DIRECTION('center_axis',(-0.0348994967024906,0.999390827019096,0.));
#3867=DIRECTION('ref_axis',(0.999390827019096,0.0348994967024906,0.));
#3868=DIRECTION('center_axis',(-0.0348994967024906,0.999390827019096,0.));
#3869=DIRECTION('ref_axis',(-0.998439026231458,-0.0348662590865932,0.0436331854817373));
#3870=DIRECTION('',(-0.999390827019096,-0.0348994967024906,0.));
#3871=DIRECTION('',(-0.999390827019096,-0.0348994967024906,0.));
#3872=DIRECTION('',(-6.72862439165636E-17,-2.34968741377513E-18,-1.));
#3873=DIRECTION('',(-0.999390827019096,-0.0348994967024906,0.));
#3874=DIRECTION('',(-7.07767178197313E-15,-2.47157744836458E-16,1.));
#3875=DIRECTION('',(0.999390827019096,0.0348994967024906,0.));
#3876=DIRECTION('center_axis',(0.,0.,1.));
#3877=DIRECTION('ref_axis',(0.,-1.,0.));
#3878=DIRECTION('',(1.,0.,0.));
#3879=DIRECTION('',(4.61852985324851E-12,1.,0.));
#3880=DIRECTION('',(1.,0.,0.));
#3881=DIRECTION('',(1.,0.,0.));
#3882=DIRECTION('center_axis',(0.,0.,-1.));
#3883=DIRECTION('ref_axis',(1.89585388046648E-16,-1.,0.));
#3884=DIRECTION('',(4.61852985324851E-12,1.,0.));
#3885=DIRECTION('',(-1.,0.,0.));
#3886=DIRECTION('center_axis',(0.,-1.,0.));
#3887=DIRECTION('ref_axis',(0.,0.,1.));
#3888=DIRECTION('',(-6.72862439165528E-17,0.,-1.));
#3889=DIRECTION('',(-1.,0.,0.));
#3890=DIRECTION('center_axis',(0.,0.,1.));
#3891=DIRECTION('ref_axis',(-1.89585388046648E-16,1.,0.));
#3892=DIRECTION('',(-4.61852985324851E-12,-1.,0.));
#3893=DIRECTION('center_axis',(1.,-4.61852985324851E-12,-6.72862439165528E-17));
#3894=DIRECTION('ref_axis',(6.72862439165528E-17,-3.1076338690498E-28,1.));
#3895=DIRECTION('',(-4.61852985324851E-12,-1.,0.));
#3896=DIRECTION('',(-4.61852985324851E-12,-1.,0.));
#3897=DIRECTION('center_axis',(-7.07767178197137E-15,1.33170691083513E-16,
1.));
#3898=DIRECTION('ref_axis',(0.707106781188182,0.707106781184913,6.28036983474961E-15));
#3899=DIRECTION('',(7.07767178197137E-15,-1.33170691083513E-16,-1.));
#3900=DIRECTION('center_axis',(0.,0.,-1.));
#3901=DIRECTION('ref_axis',(0.707106781188182,0.707106781184913,6.28036983474961E-15));
#3902=DIRECTION('',(-7.07767178197137E-15,1.33170691083513E-16,1.));
#3903=DIRECTION('center_axis',(-3.25951194422752E-12,-0.707106781186548,
-0.707106781186548));
#3904=DIRECTION('ref_axis',(3.26952128365161E-12,0.707106781186547,-0.707106781186547));
#3905=DIRECTION('center_axis',(4.61852985324851E-12,1.,0.));
#3906=DIRECTION('ref_axis',(0.707106781186553,-3.26579231406227E-12,-0.707106781186543));
#3907=DIRECTION('',(-4.61852985324851E-12,-1.,0.));
#3908=DIRECTION('center_axis',(-3.27207268389698E-12,-0.707106781186548,
0.707106781186548));
#3909=DIRECTION('ref_axis',(-3.25951487279208E-12,-0.707106781186548,-0.707106781186548));
#3910=DIRECTION('center_axis',(7.07767178197199E-15,0.,-1.));
#3911=DIRECTION('ref_axis',(0.707106781184913,-0.707106781188182,6.28036983472058E-15));
#3912=DIRECTION('',(7.07767178197199E-15,0.,-1.));
#3913=DIRECTION('center_axis',(0.,0.,-1.));
#3914=DIRECTION('ref_axis',(0.707106781184913,-0.707106781188182,6.28036983472058E-15));
#3915=DIRECTION('',(-7.07767178197199E-15,0.,1.));
#3916=DIRECTION('center_axis',(-1.,4.61852985324851E-12,-7.07767178197199E-15));
#3917=DIRECTION('ref_axis',(7.07767178197199E-15,-3.26884237600657E-26,
-1.));
#3918=DIRECTION('',(-4.61852985324851E-12,-1.,0.));
#3919=DIRECTION('',(-4.61852985324851E-12,-1.,0.));
#3920=DIRECTION('',(-4.61852985324851E-12,-1.,0.));
#3921=DIRECTION('center_axis',(0.,1.,0.));
#3922=DIRECTION('ref_axis',(0.,0.,1.));
#3923=DIRECTION('',(1.,0.,0.));
#3924=DIRECTION('center_axis',(0.,-1.,1.33170691083513E-16));
#3925=DIRECTION('ref_axis',(0.,-1.33170691083513E-16,-1.));
#3926=DIRECTION('',(1.,0.,0.));
#3927=DIRECTION('center_axis',(0.,0.,-1.));
#3928=DIRECTION('ref_axis',(1.,-4.61852778244516E-12,0.));
#3929=DIRECTION('center_axis',(0.,0.,1.));
#3930=DIRECTION('ref_axis',(-1.,4.61852778244515E-12,0.));
#3931=DIRECTION('center_axis',(-0.0348994967025001,0.999390827019096,1.05779972800775E-14));
#3932=DIRECTION('ref_axis',(-0.999390827019096,-0.0348994967025001,-7.7369258468304E-23));
#3933=DIRECTION('center_axis',(0.186650007404921,-0.982426472941229,0.));
#3934=DIRECTION('ref_axis',(-0.982426472941229,-0.186650007404921,-1.61050138740397E-15));
#3935=DIRECTION('',(-0.0348994967025001,0.999390827019096,1.05779972800775E-14));
#3936=DIRECTION('center_axis',(-0.0348994967025001,0.999390827019096,1.0579288762047E-14));
#3937=DIRECTION('ref_axis',(-0.999390827019096,-0.0348994967025001,-7.7369258468304E-23));
#3938=DIRECTION('',(-0.0348994967025001,0.999390827019096,1.05779972800775E-14));
#3939=DIRECTION('center_axis',(-0.0348994967025001,0.999390827019096,1.05779972800775E-14));
#3940=DIRECTION('ref_axis',(0.999390827019096,0.0348994967025001,1.22464757283994E-16));
#3941=DIRECTION('center_axis',(0.186650007404921,-0.982426472941229,0.));
#3942=DIRECTION('ref_axis',(-0.982426472941229,-0.186650007404921,-1.61050138740397E-15));
#3943=DIRECTION('',(-0.0348994967025001,0.999390827019096,1.05779972800775E-14));
#3944=DIRECTION('center_axis',(-0.0348994967025001,0.999390827019096,1.0579288762047E-14));
#3945=DIRECTION('ref_axis',(-0.999390827019096,-0.0348994967025001,-7.73692583867489E-23));
#3946=DIRECTION('',(-0.0348994967025001,0.999390827019096,1.05779972800775E-14));
#3947=DIRECTION('center_axis',(-0.0348994967025001,0.999390827019096,1.0579288762047E-14));
#3948=DIRECTION('ref_axis',(-4.93038065763132E-32,-1.05857373071975E-14,
1.));
#3949=DIRECTION('',(0.999390827019096,0.0348994967025001,-3.28096126165665E-16));
#3950=DIRECTION('',(-0.999390827019096,-0.0348994967025001,6.56192329700593E-16));
#3951=DIRECTION('center_axis',(-0.0348994967025001,0.999390827019096,1.05792111182446E-14));
#3952=DIRECTION('ref_axis',(-0.998439026231458,-0.0348662590865934,0.0436331854817373));
#3953=DIRECTION('center_axis',(-0.0348994967024998,0.999390827019096,1.06581410364015E-14));
#3954=DIRECTION('ref_axis',(-0.999390827019096,-0.0348994967024998,-6.01370805005273E-16));
#3955=DIRECTION('',(-0.0348994967024998,0.999390827019096,1.06581410364015E-14));
#3956=DIRECTION('center_axis',(-0.0348994967025001,0.999390827019096,1.05789942778101E-14));
#3957=DIRECTION('ref_axis',(0.998439026231458,0.0348662590865934,-0.0436331854817413));
#3958=DIRECTION('',(-0.0348994967024998,0.999390827019096,1.06581410364015E-14));
#3959=DIRECTION('center_axis',(6.49350357321492E-16,-1.06419618313589E-14,
1.));
#3960=DIRECTION('ref_axis',(0.999390827019096,0.0348994967025001,-2.77555678787031E-16));
#3961=DIRECTION('',(0.999390827019096,0.0348994967025001,-3.28096126165665E-16));
#3962=DIRECTION('',(-0.982426472941229,-0.186650007404921,-1.28623013052665E-15));
#3963=DIRECTION('',(-0.0348994967024998,0.999390827019096,1.06581410364015E-14));
#3964=DIRECTION('center_axis',(-3.71963680632548E-16,1.06516483875556E-14,
-1.));
#3965=DIRECTION('ref_axis',(-0.999390827019096,-0.0348994967025001,-7.73692581420836E-23));
#3966=DIRECTION('',(-0.0348994967024998,0.999390827019096,1.06581410364015E-14));
#3967=DIRECTION('',(0.982426472941229,0.186650007404921,9.61958873649331E-16));
#3968=DIRECTION('',(-0.999390827019096,-0.0348994967025001,6.56192329700593E-16));
#3969=DIRECTION('center_axis',(-0.0348994967024998,0.999390827019096,1.06581410364015E-14));
#3970=DIRECTION('ref_axis',(0.999390827019096,0.0348994967024998,9.25185853854267E-17));
#3971=DIRECTION('center_axis',(-0.0348994967025001,0.999390827019096,1.0579288762047E-14));
#3972=DIRECTION('ref_axis',(-4.93038065763132E-32,-1.05857373071975E-14,
1.));
#3973=DIRECTION('center_axis',(0.,0.,1.));
#3974=DIRECTION('ref_axis',(1.,0.,0.));
#3975=DIRECTION('center_axis',(0.,0.,-1.));
#3976=DIRECTION('ref_axis',(-1.,0.,0.));
#3977=DIRECTION('',(0.982426472941235,0.186650007404892,0.));
#3978=DIRECTION('',(-2.46570860913636E-15,-1.,0.));
#3979=DIRECTION('center_axis',(-7.74164181470043E-23,4.21417210205658E-31,
1.));
#3980=DIRECTION('ref_axis',(1.,0.,7.74164181470043E-23));
#3981=DIRECTION('',(0.,-1.,4.21417210205658E-31));
#3982=DIRECTION('center_axis',(0.,0.,1.));
#3983=DIRECTION('ref_axis',(1.,0.,0.));
#3984=DIRECTION('center_axis',(0.,0.,-1.));
#3985=DIRECTION('ref_axis',(-1.,0.,0.));
#3986=DIRECTION('',(0.,-1.,0.));
#3987=DIRECTION('center_axis',(-1.,0.,0.));
#3988=DIRECTION('ref_axis',(0.,1.,0.));
#3989=DIRECTION('',(0.,1.,0.));
#3990=DIRECTION('center_axis',(0.,0.,-1.));
#3991=DIRECTION('ref_axis',(-1.,0.,0.));
#3992=DIRECTION('',(0.,1.,0.));
#3993=DIRECTION('center_axis',(0.,0.,1.));
#3994=DIRECTION('ref_axis',(-1.,0.,0.));
#3995=DIRECTION('center_axis',(0.,0.,1.));
#3996=DIRECTION('ref_axis',(-1.,0.,0.));
#3997=DIRECTION('',(0.,0.,1.));
#3998=DIRECTION('center_axis',(-1.,0.,0.));
#3999=DIRECTION('ref_axis',(0.,-1.,0.));
#4000=DIRECTION('center_axis',(-1.,-2.1157417569937E-16,0.));
#4001=DIRECTION('ref_axis',(2.1157417569937E-16,-1.,0.));
#4002=DIRECTION('',(0.,0.,1.));
#4003=DIRECTION('center_axis',(-0.186650007404921,0.982426472941229,0.));
#4004=DIRECTION('ref_axis',(-0.982426472941229,-0.186650007404921,0.));
#4005=DIRECTION('',(0.,0.,1.));
#4006=DIRECTION('center_axis',(1.,-2.46570860913636E-15,0.));
#4007=DIRECTION('ref_axis',(2.46570860913636E-15,1.,0.));
#4008=CARTESIAN_POINT('',(0.,0.,0.));
#4009=CARTESIAN_POINT('Origin',(-12.4999999999993,68.3958405540799,-21.4499999999999));
#4010=CARTESIAN_POINT('',(-15.9999999999993,69.2958405540799,-21.4499999999999));
#4011=CARTESIAN_POINT('Origin',(-12.4999999999992,69.2958405540799,-21.4499999999999));
#4012=CARTESIAN_POINT('',(-14.1999999999992,67.4958405540799,-21.4499999999999));
#4013=CARTESIAN_POINT('',(-15.0999999999993,68.3958405540799,-21.4499999999999));
#4014=CARTESIAN_POINT('Origin',(-12.4999999999993,67.4958405540799,-21.4499999999999));
#4015=CARTESIAN_POINT('Origin',(-12.4999999999993,64.8958405540799,-21.4499999999999));
#4016=CARTESIAN_POINT('',(-14.1999999999993,65.2958405540797,-21.4499999999999));
#4017=CARTESIAN_POINT('',(-14.1999999999993,64.8958405540799,-21.4499999999999));
#4018=CARTESIAN_POINT('Origin',(-12.4999999999993,65.2958405540797,-21.4499999999999));
#4019=CARTESIAN_POINT('Origin',(-19.6999999999986,68.3958405540799,-22.2499999999749));
#4020=CARTESIAN_POINT('',(-23.1999999999986,69.2958405540799,-22.2499999999749));
#4021=CARTESIAN_POINT('Origin',(-19.6999999999986,69.2958405540799,-22.2499999999749));
#4022=CARTESIAN_POINT('',(-21.3999999999986,67.4958405540799,-22.2499999999749));
#4023=CARTESIAN_POINT('',(-22.2999999999986,68.3958405540799,-22.2499999999749));
#4024=CARTESIAN_POINT('Origin',(-19.6999999999986,67.4958405540799,-22.2499999999749));
#4025=CARTESIAN_POINT('Origin',(-19.6999999999986,64.8958405540799,-22.2499999999749));
#4026=CARTESIAN_POINT('',(-21.3999999999986,65.2958405540797,-22.2499999999749));
#4027=CARTESIAN_POINT('',(-21.3999999999986,64.8958405540799,-22.2499999999749));
#4028=CARTESIAN_POINT('Origin',(-19.6999999999986,65.2958405540797,-22.2499999999749));
#4029=CARTESIAN_POINT('Origin',(-9.54086905569738,68.3958405540799,24.9938876447163));
#4030=CARTESIAN_POINT('',(-13.0408690556974,69.2958405540799,24.9938876447163));
#4031=CARTESIAN_POINT('Origin',(-9.54086905569738,69.2958405540799,24.9938876447163));
#4032=CARTESIAN_POINT('',(-11.2408690556974,67.4958405540799,24.9938876447163));
#4033=CARTESIAN_POINT('',(-12.1408690556974,68.3958405540799,24.9938876447163));
#4034=CARTESIAN_POINT('Origin',(-9.54086905569738,67.4958405540799,24.9938876447163));
#4035=CARTESIAN_POINT('Origin',(-9.54086905569739,64.8958405540799,24.9938876447163));
#4036=CARTESIAN_POINT('',(-11.2408690556974,65.2958405540797,24.9938876447163));
#4037=CARTESIAN_POINT('',(-11.2408690556974,64.8958405540799,24.9938876447163));
#4038=CARTESIAN_POINT('Origin',(-9.54086905569739,65.2958405540797,24.9938876447163));
#4039=CARTESIAN_POINT('Origin',(-16.7408690556975,68.3958405540799,24.9938876447162));
#4040=CARTESIAN_POINT('',(-20.2408690556975,69.2958405540799,24.9938876447162));
#4041=CARTESIAN_POINT('Origin',(-16.7408690556975,69.2958405540799,24.9938876447162));
#4042=CARTESIAN_POINT('',(-18.4408690556975,67.4958405540799,24.9938876447162));
#4043=CARTESIAN_POINT('',(-19.3408690556975,68.3958405540799,24.9938876447162));
#4044=CARTESIAN_POINT('Origin',(-16.7408690556975,67.4958405540799,24.9938876447162));
#4045=CARTESIAN_POINT('Origin',(-16.7408690556975,64.8958405540799,24.9938876447162));
#4046=CARTESIAN_POINT('',(-18.4408690556975,65.2958405540797,24.9938876447162));
#4047=CARTESIAN_POINT('',(-18.4408690556975,64.8958405540799,24.9938876447162));
#4048=CARTESIAN_POINT('Origin',(-16.7408690556975,65.2958405540797,24.9938876447162));
#4049=CARTESIAN_POINT('Origin',(-4.40000000000003,85.400000000012,-32.4999999999961));
#4050=CARTESIAN_POINT('',(-2.99999999999711,85.400000000012,-31.2704999999961));
#4051=CARTESIAN_POINT('Origin',(-2.99999999999711,85.400000000012,-32.4999999999961));
#4052=CARTESIAN_POINT('',(-5.9999999999994,85.400000000012,-31.2704999999961));
#4053=CARTESIAN_POINT('',(-4.40000000000003,85.400000000012,-31.2704999999961));
#4054=CARTESIAN_POINT('Origin',(-5.9999999999994,85.400000000012,-32.4999999999961));
#4055=CARTESIAN_POINT('Origin',(-4.40000000000003,85.400000000012,-16.249999999998));
#4056=CARTESIAN_POINT('',(-2.99999999999711,85.400000000012,-15.020499999998));
#4057=CARTESIAN_POINT('Origin',(-2.99999999999711,85.400000000012,-16.249999999998));
#4058=CARTESIAN_POINT('',(-5.9999999999994,85.400000000012,-15.020499999998));
#4059=CARTESIAN_POINT('',(-4.40000000000003,85.400000000012,-15.020499999998));
#4060=CARTESIAN_POINT('Origin',(-5.9999999999994,85.400000000012,-16.249999999998));
#4061=CARTESIAN_POINT('Origin',(-4.40000000000003,85.400000000012,3.5527136788005E-14));
#4062=CARTESIAN_POINT('',(-2.99999999999711,85.400000000012,1.22950000000004));
#4063=CARTESIAN_POINT('Origin',(-2.99999999999711,85.400000000012,3.5527136788005E-14));
#4064=CARTESIAN_POINT('',(-5.9999999999994,85.400000000012,1.22950000000004));
#4065=CARTESIAN_POINT('',(-4.40000000000003,85.400000000012,1.22950000000004));
#4066=CARTESIAN_POINT('Origin',(-5.9999999999994,85.400000000012,3.5527136788005E-14));
#4067=CARTESIAN_POINT('Origin',(-4.40000000000003,85.400000000012,16.2499999999981));
#4068=CARTESIAN_POINT('',(-2.99999999999711,85.400000000012,17.4794999999981));
#4069=CARTESIAN_POINT('Origin',(-2.99999999999711,85.400000000012,16.2499999999981));
#4070=CARTESIAN_POINT('',(-5.9999999999994,85.400000000012,17.4794999999981));
#4071=CARTESIAN_POINT('',(-4.40000000000003,85.400000000012,17.4794999999981));
#4072=CARTESIAN_POINT('Origin',(-5.9999999999994,85.400000000012,16.2499999999981));
#4073=CARTESIAN_POINT('Origin',(-4.40000000000003,85.400000000012,32.4999999999961));
#4074=CARTESIAN_POINT('',(-2.99999999999711,85.400000000012,33.7294999999961));
#4075=CARTESIAN_POINT('Origin',(-2.99999999999711,85.400000000012,32.4999999999961));
#4076=CARTESIAN_POINT('',(-5.9999999999994,85.400000000012,33.7294999999961));
#4077=CARTESIAN_POINT('',(-4.40000000000003,85.400000000012,33.7294999999961));
#4078=CARTESIAN_POINT('Origin',(-5.9999999999994,85.400000000012,32.4999999999961));
#4079=CARTESIAN_POINT('Origin',(-8.91361599009181,65.1621844070238,33.000000000001));
#4080=CARTESIAN_POINT('',(-9.0579664435613,69.2958405540799,33.000000000001));
#4081=CARTESIAN_POINT('',(-18.7138485460427,69.2958405540799,33.000000000001));
#4082=CARTESIAN_POINT('',(-7.45680799504561,69.2958405540799,33.000000000001));
#4083=CARTESIAN_POINT('',(-8.9182833655943,65.2958405540794,33.000000000001));
#4084=CARTESIAN_POINT('',(-8.91361599009181,65.1621844070238,33.000000000001));
#4085=CARTESIAN_POINT('',(-18.5741654680757,65.2958405540788,33.000000000001));
#4086=CARTESIAN_POINT('',(-6.45680799504567,65.2958405540795,33.000000000001));
#4087=CARTESIAN_POINT('',(-18.6440070070592,67.2958405540799,33.000000000001));
#4088=CARTESIAN_POINT('',(-18.5577374708239,64.8254042638447,33.000000000001));
#4089=CARTESIAN_POINT('',(-18.7138485460427,67.2958405540799,33.000000000001));
#4090=CARTESIAN_POINT('',(-9.05796644356131,67.2958405540799,33.000000000001));
#4091=CARTESIAN_POINT('',(-18.7138485460427,69.2958405540799,33.000000000001));
#4092=CARTESIAN_POINT('Origin',(-18.7138485460427,69.2958405540799,29.3499999999997));
#4093=CARTESIAN_POINT('',(-23.8,69.2958405540799,24.500000000001));
#4094=CARTESIAN_POINT('',(-18.7138485460427,69.2958405540799,29.3499999999997));
#4095=CARTESIAN_POINT('',(-22.7136026436151,69.2958405540799,25.5359556191294));
#4096=CARTESIAN_POINT('',(-23.8,67.2958405540799,24.500000000001));
#4097=CARTESIAN_POINT('',(-23.7999999999999,69.2958405540799,24.5000000000011));
#4098=CARTESIAN_POINT('',(-18.7138485460427,67.2958405540799,29.3499999999997));
#4099=CARTESIAN_POINT('',(-23.8,67.2958405540799,24.500000000001));
#4100=CARTESIAN_POINT('',(-18.7138485460427,69.2958405540799,29.3499999999997));
#4101=CARTESIAN_POINT('Origin',(-23.8,69.2958405540799,30.500000000001));
#4102=CARTESIAN_POINT('',(-23.8,69.2958405540799,30.500000000001));
#4103=CARTESIAN_POINT('',(-22.6690780112656,69.2958405540799,31.0558829691635));
#4104=CARTESIAN_POINT('',(-23.8,67.2958405540799,30.500000000001));
#4105=CARTESIAN_POINT('',(-18.7138485460427,67.2958405540799,33.000000000001));
#4106=CARTESIAN_POINT('',(-23.7999999999999,68.2958405540798,30.500000000001));
#4107=CARTESIAN_POINT('Origin',(-21.2569242730214,67.2958405540799,28.750000000001));
#4108=CARTESIAN_POINT('',(-18.6440070070592,67.2958405540799,29.3499999999997));
#4109=CARTESIAN_POINT('',(-18.6440070070592,67.2958405540799,30.875000000001));
#4110=CARTESIAN_POINT('',(-18.7138485460427,67.2958405540799,29.3499999999997));
#4111=CARTESIAN_POINT('',(-23.7999999999999,67.2958405540799,24.2500000000005));
#4112=CARTESIAN_POINT('Origin',(-18.5577374708239,64.8254042638447,29.3499999999997));
#4113=CARTESIAN_POINT('',(-9.0579664435613,69.2958405540799,29.3499999999997));
#4114=CARTESIAN_POINT('',(-12.2788687354116,69.2958405540799,29.3499999999997));
#4115=CARTESIAN_POINT('',(-18.5741654680757,65.2958405540788,29.3499999999997));
#4116=CARTESIAN_POINT('',(-18.5577374708239,64.8254042638447,29.3499999999997));
#4117=CARTESIAN_POINT('',(-8.9182833655943,65.2958405540794,29.3499999999997));
#4118=CARTESIAN_POINT('',(-11.2788687354117,65.2958405540792,29.3499999999997));
#4119=CARTESIAN_POINT('',(-8.91361599009181,65.1621844070238,29.3499999999997));
#4120=CARTESIAN_POINT('Origin',(-18.5577374708239,64.8254042638447,33.000000000001));
#4121=CARTESIAN_POINT('',(-18.5741654680757,65.2958405540788,16.5000000000005));
#4122=CARTESIAN_POINT('Origin',(-8.91361599009181,65.1621844070238,29.3499999999997));
#4123=CARTESIAN_POINT('',(-9.05796644356128,69.2958405540799,14.6749999999999));
#4124=CARTESIAN_POINT('',(-8.91828336559428,65.2958405540794,14.6749999999999));
#4125=CARTESIAN_POINT('Origin',(-14.4687556252193,88.167692449356,46.6288299854785));
#4126=CARTESIAN_POINT('',(-16.6792151893371,87.747729932695,46.6288299854785));
#4127=CARTESIAN_POINT('Origin',(-14.4687556252193,88.167692449356,46.6288299854785));
#4128=CARTESIAN_POINT('',(-16.4336085711018,87.7943924345462,46.6288299854785));
#4129=CARTESIAN_POINT('Origin',(-14.4687556252193,88.167692449356,46.6288299854785));
#4130=CARTESIAN_POINT('Origin',(-14.5154181270706,88.4132990675913,46.6288299854785));
#4131=CARTESIAN_POINT('',(-16.7725401930395,88.2389431691655,46.6288299854785));
#4132=CARTESIAN_POINT('Origin',(-14.5620806289218,88.6589056858266,46.6288299854785));
#4133=CARTESIAN_POINT('',(-16.7258776911883,87.9933365509303,46.6288299854785));
#4134=CARTESIAN_POINT('Origin',(-14.1887806141119,86.6940527399442,46.6288299854785));
#4135=CARTESIAN_POINT('',(-15.7803335451846,84.3558997792519,46.6288299854785));
#4136=CARTESIAN_POINT('',(-16.1536335599944,86.3207527251343,46.6288299854785));
#4137=CARTESIAN_POINT('Origin',(-13.8154805993021,84.7291997940617,46.6288299854785));
#4138=CARTESIAN_POINT('Origin',(-13.8154805993021,84.7291997940617,46.6288299854785));
#4139=CARTESIAN_POINT('Origin',(-23.9593955774736,86.3645773398229,46.6288299854785));
#4140=CARTESIAN_POINT('',(-26.1698551415913,85.9446148231618,46.6288299854785));
#4141=CARTESIAN_POINT('Origin',(-23.9593955774736,86.3645773398229,46.6288299854785));
#4142=CARTESIAN_POINT('',(-25.924248523356,85.991277325013,46.6288299854785));
#4143=CARTESIAN_POINT('Origin',(-23.9593955774736,86.3645773398229,46.6288299854785));
#4144=CARTESIAN_POINT('Origin',(-24.0060580793248,86.6101839580582,46.6288299854785));
#4145=CARTESIAN_POINT('',(-26.2631801452938,86.4358280596324,46.6288299854785));
#4146=CARTESIAN_POINT('Origin',(-24.052720581176,86.8557905762935,46.6288299854785));
#4147=CARTESIAN_POINT('',(-26.2165176434426,86.1902214413971,46.6288299854785));
#4148=CARTESIAN_POINT('Origin',(-23.6794205663662,84.890937630411,46.6288299854785));
#4149=CARTESIAN_POINT('',(-25.2709734974388,82.5527846697187,46.6288299854785));
#4150=CARTESIAN_POINT('',(-25.6442735122487,84.5176376156012,46.6288299854785));
#4151=CARTESIAN_POINT('Origin',(-23.3061205515564,82.9260846845286,46.6288299854785));
#4152=CARTESIAN_POINT('Origin',(-23.3061205515564,82.9260846845286,46.6288299854785));
#4153=CARTESIAN_POINT('Origin',(-23.4170774115967,67.157236234638,33.9508964463603));
#4154=CARTESIAN_POINT('',(-22.1154896327691,65.7017743649875,33.9508964463603));
#4155=CARTESIAN_POINT('Origin',(-23.364728166543,65.6581499941094,33.9508964463603));
#4156=CARTESIAN_POINT('',(-22.2409971896965,69.2958405540799,33.9508964463603));
#4157=CARTESIAN_POINT('',(-22.1678388778229,67.2008606055162,33.9508964463603));
#4158=CARTESIAN_POINT('',(-24.6153796114628,69.2958405540799,34.5));
#4159=CARTESIAN_POINT('Origin',(-23.49175912007,69.2958405540799,33.9508964463603));
#4160=CARTESIAN_POINT('',(-24.6265781032237,69.6165234005327,34.5));
#4161=CARTESIAN_POINT('',(-24.5393293614675,67.1180463329849,34.5));
#4162=CARTESIAN_POINT('',(-22.3820742034823,69.6949032038389,34.5));
#4163=CARTESIAN_POINT('Origin',(-23.504326153353,69.6557133021858,33.9508964463603));
#4164=CARTESIAN_POINT('',(-22.3681386286773,69.2958405540799,34.5));
#4165=CARTESIAN_POINT('',(-22.294825461726,67.1964261362912,34.5));
#4166=CARTESIAN_POINT('Origin',(-23.49175912007,69.2958405540799,33.9508964463603));
#4167=CARTESIAN_POINT('Origin',(-23.364728166543,65.6581499941094,33.9508964463603));
#4168=CARTESIAN_POINT('',(-21.8656419260143,65.7104992391632,33.9508964463603));
#4169=CARTESIAN_POINT('Origin',(-23.364728166543,65.6581499941094,33.9508964463603));
#4170=CARTESIAN_POINT('Origin',(-23.3472784181917,65.1584545805999,33.9508964463603));
#4171=CARTESIAN_POINT('',(-21.8511617256547,65.2958405540786,33.9508964463603));
#4172=CARTESIAN_POINT('Origin',(-23.352076042103,65.2958405540785,33.9508964463603));
#4173=CARTESIAN_POINT('',(-21.8481921776631,65.2108038256536,33.9508964463603));
#4174=CARTESIAN_POINT('Origin',(-23.504326153353,69.6557133021858,33.9508964463603));
#4175=CARTESIAN_POINT('',(-19.829682993218,69.7840346689453,34.5));
#4176=CARTESIAN_POINT('Origin',(-3.69338741075977E-14,81.5000000000312,
45.9000002055931));
#4177=CARTESIAN_POINT('',(-3.69149155687865E-14,81.3999999999965,45.9000002055931));
#4178=CARTESIAN_POINT('',(-1.12999999999759,81.4000000000017,45.9000002055931));
#4179=CARTESIAN_POINT('',(-2.67850784040476E-13,81.3999999999965,45.9000002055931));
#4180=CARTESIAN_POINT('',(-3.4393430059443E-14,68.1000008000423,45.9000002055931));
#4181=CARTESIAN_POINT('',(-3.53978381793325E-14,73.3979202770555,45.9000002055931));
#4182=CARTESIAN_POINT('',(-1.13000000005902,68.1000008000423,45.9000002055931));
#4183=CARTESIAN_POINT('',(-3.4393430059443E-14,68.1000008000423,45.9000002055931));
#4184=CARTESIAN_POINT('',(-1.12999999999736,81.4500000000191,45.9000002055931));
#4185=CARTESIAN_POINT('Origin',(-18.9774816181729,64.8107464752297,40.5000000000014));
#4186=CARTESIAN_POINT('',(-14.2465291889848,65.295840554079,38.2533413699451));
#4187=CARTESIAN_POINT('',(-14.2465291889848,65.295840554079,42.7466586300576));
#4188=CARTESIAN_POINT('Origin',(-18.9944214766822,65.2958405540787,40.5000000000013));
#4189=CARTESIAN_POINT('',(-14.322620885724,67.4748216546308,38.2533413699451));
#4190=CARTESIAN_POINT('',(-14.2353721439678,64.9763445870831,38.2533413699451));
#4191=CARTESIAN_POINT('',(-14.322620885724,67.4748216546308,42.7466586300576));
#4192=CARTESIAN_POINT('Origin',(-19.0647303599292,67.3092235427775,40.5000000000013));
#4193=CARTESIAN_POINT('',(-14.2353721439678,64.9763445870831,42.7466586300576));
#4194=CARTESIAN_POINT('Origin',(-13.2359813169487,65.0112440837856,42.7466586300576));
#4195=CARTESIAN_POINT('',(-13.2459196446859,65.2958405540791,42.7466586300576));
#4196=CARTESIAN_POINT('',(-8.61799065847409,65.2958405540794,42.7466586300576));
#4197=CARTESIAN_POINT('',(-15.168064001799,67.445298130456,42.7466586300576));
#4198=CARTESIAN_POINT('',(-13.1503562074222,67.5157580392452,42.7466586300576));
#4199=CARTESIAN_POINT('',(-15.8999831144986,88.4047192243275,42.7466586300574));
#4200=CARTESIAN_POINT('',(-15.0808152600428,64.9468210629083,42.7466586300576));
#4201=CARTESIAN_POINT('',(-13.224178143345,88.9130921473257,42.7466586300574));
#4202=CARTESIAN_POINT('',(-10.3092249032523,89.4669005582691,42.7466586300573));
#4203=CARTESIAN_POINT('',(-12.4777869426299,67.5392446755082,42.7466586300576));
#4204=CARTESIAN_POINT('',(-12.3905382008737,65.0407676079604,42.7466586300576));
#4205=CARTESIAN_POINT('',(-13.3232300587049,67.5097211513334,42.7466586300576));
#4206=CARTESIAN_POINT('',(-13.1503562074222,67.5157580392452,42.7466586300576));
#4207=CARTESIAN_POINT('',(-13.2359813169487,65.0112440837856,42.7466586300576));
#4208=CARTESIAN_POINT('Origin',(-26.9999999999998,77.710000000042,46.5249999999743));
#4209=CARTESIAN_POINT('',(-26.9999999999998,77.7958405540796,34.5));
#4210=CARTESIAN_POINT('',(-26.9999999999998,77.710000000042,46.5249999999743));
#4211=CARTESIAN_POINT('',(-26.9999999999999,77.7526018039714,40.5571133991414));
#4212=CARTESIAN_POINT('',(-24.9999999999998,77.7958405540796,34.5));
#4213=CARTESIAN_POINT('',(-21.7499999999997,77.7958405540796,34.5));
#4214=CARTESIAN_POINT('',(-24.9999999999998,77.710000000042,46.5249999999743));
#4215=CARTESIAN_POINT('',(-24.9999999999998,77.7958405540796,34.5));
#4216=CARTESIAN_POINT('',(-26.9999999999998,77.710000000042,46.5249999999743));
#4217=CARTESIAN_POINT('Origin',(-26.9999999999998,69.2958405540799,34.5));
#4218=CARTESIAN_POINT('',(-26.9999999999998,69.1900000000421,46.5249999999743));
#4219=CARTESIAN_POINT('',(-26.9999999999999,69.2958405540799,34.5));
#4220=CARTESIAN_POINT('',(-26.9999999999999,69.2956856259099,34.5176020549183));
#4221=CARTESIAN_POINT('',(-24.9999999999998,69.1900000000421,46.5249999999743));
#4222=CARTESIAN_POINT('',(-26.9999999999998,69.1900000000421,46.5249999999743));
#4223=CARTESIAN_POINT('',(-24.9999999999998,69.2958405540799,34.5));
#4224=CARTESIAN_POINT('',(-24.9999999999998,69.1900000000421,46.5249999999743));
#4225=CARTESIAN_POINT('',(-5.9999999999994,69.2958405540799,34.5));
#4226=CARTESIAN_POINT('Origin',(-24.9999999999998,73.4929202770609,40.5124999999871));
#4227=CARTESIAN_POINT('',(-24.9999999999998,76.6418215125533,34.5));
#4228=CARTESIAN_POINT('',(-24.9999999999998,75.6014601385515,46.5249999999743));
#4229=CARTESIAN_POINT('Origin',(-26.9999999999998,77.710000000042,46.5249999999743));
#4230=CARTESIAN_POINT('',(-15.1327232141795,69.1900000000421,46.5249999999743));
#4231=CARTESIAN_POINT('',(-26.9999999999998,69.1900000000421,46.5249999999743));
#4232=CARTESIAN_POINT('',(-15.1591628750484,69.9471328253986,46.5249999999743));
#4233=CARTESIAN_POINT('',(-15.0719141332921,67.4486557578508,46.5249999999743));
#4234=CARTESIAN_POINT('',(-12.6611855528926,70.0343641156612,46.5249999999743));
#4235=CARTESIAN_POINT('',(-20.3124986258939,69.7671743755297,46.5249999999743));
#4236=CARTESIAN_POINT('',(-12.631699708244,69.1900000000421,46.5249999999743));
#4237=CARTESIAN_POINT('',(-12.5739368111363,67.5358870481135,46.5249999999743));
#4238=CARTESIAN_POINT('',(-4.6300000000631,69.1900000000421,46.5249999999743));
#4239=CARTESIAN_POINT('',(-26.9999999999998,69.1900000000421,46.5249999999743));
#4240=CARTESIAN_POINT('',(-4.63000000001453,77.710000000042,46.5249999999743));
#4241=CARTESIAN_POINT('',(-4.630000000006,79.5549999999783,46.5249999999743));
#4242=CARTESIAN_POINT('',(-26.9999999999998,77.710000000042,46.5249999999743));
#4243=CARTESIAN_POINT('Origin',(-4.17642428777805,66.3282203307974,33.9508964463603));
#4244=CARTESIAN_POINT('',(-2.6773380472494,66.3805695758511,33.9508964463603));
#4245=CARTESIAN_POINT('Origin',(-4.17642428777805,66.3282203307974,33.9508964463603));
#4246=CARTESIAN_POINT('',(-2.92718575400418,66.3718447016755,33.9508964463603));
#4247=CARTESIAN_POINT('Origin',(-4.17642428777805,66.3282203307974,33.9508964463603));
#4248=CARTESIAN_POINT('Origin',(-4.1589745394268,65.8285249172878,33.9508964463603));
#4249=CARTESIAN_POINT('',(-5.08620471017573,65.2958405540799,32.78621126158));
#4250=CARTESIAN_POINT('',(-5.08620471017644,65.2958405540799,35.11558163114));
#4251=CARTESIAN_POINT('Origin',(-4.14037279156735,65.2958405540796,33.9508964463603));
#4252=CARTESIAN_POINT('',(-2.64243855054689,65.3811787488317,33.9508964463603));
#4253=CARTESIAN_POINT('Origin',(-4.14152479107556,65.3288295037786,33.9508964463603));
#4254=CARTESIAN_POINT('',(-2.65988829889815,65.8808741623416,33.9508964463603));
#4255=CARTESIAN_POINT('Origin',(-4.14152479107556,65.3288295037786,33.9508964463603));
#4256=CARTESIAN_POINT('Origin',(-4.2287735328318,67.827306571326,33.9508964463603));
#4257=CARTESIAN_POINT('',(-3.06678374081418,70.3694080097519,33.9508964463603));
#4258=CARTESIAN_POINT('',(-2.97953499905793,67.8709309422041,33.9508964463603));
#4259=CARTESIAN_POINT('Origin',(-4.31602227458805,70.3257836388737,33.9508964463603));
#4260=CARTESIAN_POINT('Origin',(-4.31602227458805,70.3257836388737,33.9508964463603));
#4261=CARTESIAN_POINT('Origin',(-13.8229254722142,67.4922714029822,46.5000000000015));
#4262=CARTESIAN_POINT('',(-12.5213376933866,66.0368095333316,46.5000000000015));
#4263=CARTESIAN_POINT('Origin',(-13.7705762271605,65.9931851624535,46.5000000000015));
#4264=CARTESIAN_POINT('',(-12.6609356801966,70.034372841408,46.5000000000015));
#4265=CARTESIAN_POINT('',(-12.5736869384404,67.5358957738603,46.5000000000015));
#4266=CARTESIAN_POINT('Origin',(-13.9101742139705,69.9907484705299,46.5000000000015));
#4267=CARTESIAN_POINT('Origin',(-13.8822114612117,69.1900000000421,46.5000000000015));
#4268=CARTESIAN_POINT('Origin',(-13.9101742139705,69.9907484705299,46.5000000000015));
#4269=CARTESIAN_POINT('Origin',(-13.7705762271605,65.9931851624535,46.5000000000015));
#4270=CARTESIAN_POINT('',(-12.2714899866318,66.0455344075073,46.5000000000015));
#4271=CARTESIAN_POINT('Origin',(-13.7705762271605,65.9931851624535,46.5000000000015));
#4272=CARTESIAN_POINT('Origin',(-13.7531264788092,65.493489748944,46.5000000000015));
#4273=CARTESIAN_POINT('',(-12.2453101003869,65.2958405540791,46.5000000000015));
#4274=CARTESIAN_POINT('Origin',(-13.7462244168351,65.2958405540791,46.5000000000015));
#4275=CARTESIAN_POINT('',(-12.2540402382806,65.5458389939977,46.5000000000015));
#4276=CARTESIAN_POINT('Origin',(-13.9101742139705,69.9907484705299,46.5000000000015));
#4277=CARTESIAN_POINT('Origin',(-3.4393430059443E-14,68.1000008000423,45.9000002055931));
#4278=CARTESIAN_POINT('',(-1.13000000005902,68.1000008000423,41.4000002055928));
#4279=CARTESIAN_POINT('',(-1.13000000005902,68.1000008000423,47.4500001027983));
#4280=CARTESIAN_POINT('',(-3.4393430059443E-14,68.1000008000423,41.4000002055928));
#4281=CARTESIAN_POINT('',(-3.4393430059443E-14,68.1000008000423,22.9500001027965));
#4282=CARTESIAN_POINT('',(-3.4393430059443E-14,68.1000008000423,41.4000002055928));
#4283=CARTESIAN_POINT('Origin',(-3.4393430059443E-14,68.1000008000423,41.4000002055928));
#4284=CARTESIAN_POINT('',(-1.12999999999759,81.4000000000017,41.4000002055928));
#4285=CARTESIAN_POINT('',(-3.69149155687865E-14,81.3999999999965,41.4000002055928));
#4286=CARTESIAN_POINT('',(3.06775537329293E-11,81.3999999999965,41.4000002055928));
#4287=CARTESIAN_POINT('',(-1.13000000002831,74.7500004000246,41.4000002055928));
#4288=CARTESIAN_POINT('',(-3.41276161552552E-14,66.6979206770611,41.4000002055928));
#4289=CARTESIAN_POINT('Origin',(-4.63000000006315,67.1900000000421,39.5124999999737));
#4290=CARTESIAN_POINT('',(-4.63000000006308,69.1900000000421,49.0000000000036));
#4291=CARTESIAN_POINT('',(-4.63000000006315,69.1900000000421,39.5124999999737));
#4292=CARTESIAN_POINT('',(-2.63000000006308,67.1900000000329,49.0000000000036));
#4293=CARTESIAN_POINT('Origin',(-4.63000000006308,67.1900000000421,49.0000000000036));
#4294=CARTESIAN_POINT('',(-2.63000000006311,67.1900000000329,44.5249999999743));
#4295=CARTESIAN_POINT('',(-2.63000000006315,67.1900000000329,39.5124999999737));
#4296=CARTESIAN_POINT('Origin',(-4.63000000006311,67.1900000000421,44.5249999999743));
#4297=CARTESIAN_POINT('Origin',(-4.630000000006,79.5549999999783,44.5249999999743));
#4298=CARTESIAN_POINT('',(-2.63000000000529,79.7100000000328,44.5249999999743));
#4299=CARTESIAN_POINT('',(-2.630000000006,79.5549999999691,44.5249999999743));
#4300=CARTESIAN_POINT('Origin',(-4.63000000000529,79.710000000042,44.5249999999743));
#4301=CARTESIAN_POINT('Origin',(-4.63000000000532,79.710000000042,40.7499999999884));
#4302=CARTESIAN_POINT('',(-2.63000000000525,79.7100000000328,49.0000000000036));
#4303=CARTESIAN_POINT('',(-2.63000000000531,79.7100000000328,40.7499999999883));
#4304=CARTESIAN_POINT('',(-4.63000000000526,77.710000000042,49.0000000000036));
#4305=CARTESIAN_POINT('Origin',(-4.63000000000526,79.710000000042,49.0000000000036));
#4306=CARTESIAN_POINT('',(-4.63000000000532,77.710000000042,40.7499999999884));
#4307=CARTESIAN_POINT('Origin',(-26.9999999999998,69.1900000000421,46.5249999999743));
#4308=CARTESIAN_POINT('',(-26.9999999999998,69.1900000000421,49.0000000000036));
#4309=CARTESIAN_POINT('',(-26.9999999999999,69.1900000000421,40.5124999999871));
#4310=CARTESIAN_POINT('',(-26.9999999999998,69.1900000000421,49.0000000000036));
#4311=CARTESIAN_POINT('Origin',(-26.9999999999998,77.710000000042,49.0000000000036));
#4312=CARTESIAN_POINT('',(-26.9999999999998,77.710000000042,49.0000000000036));
#4313=CARTESIAN_POINT('',(-26.9999999999998,77.710000000042,49.0000000000036));
#4314=CARTESIAN_POINT('',(-26.9999999999999,77.710000000042,41.7500000000018));
#4315=CARTESIAN_POINT('Origin',(-2.62999999999757,81.4000000000086,32.4999999999733));
#4316=CARTESIAN_POINT('',(-2.63000000007143,65.3816131125863,49.0000000000036));
#4317=CARTESIAN_POINT('',(-2.62999999999745,81.4000000000086,49.0000000000036));
#4318=CARTESIAN_POINT('',(-2.63000000007154,65.3816131125863,32.4999999999733));
#4319=CARTESIAN_POINT('',(-2.63000000007154,65.3816131125863,33.4999999999866));
#4320=CARTESIAN_POINT('',(-2.62999999999756,81.4000000000086,32.4999999999733));
#4321=CARTESIAN_POINT('',(-2.62999999999756,81.4000000000086,32.4999999999733));
#4322=CARTESIAN_POINT('',(-2.62999999999745,81.4000000000086,49.0000000000036));
#4323=CARTESIAN_POINT('',(-2.62999999999768,81.4000000000086,16.2499999999867));
#4324=CARTESIAN_POINT('',(-2.62999999999745,81.4000000000086,49.0000000000036));
#4325=CARTESIAN_POINT('Origin',(-1.12999999999759,81.4000000000017,32.4999999999733));
#4326=CARTESIAN_POINT('',(-1.13000000007133,65.4339942668239,32.4999999999733));
#4327=CARTESIAN_POINT('',(-2.82966929016006,65.3746405073325,32.4999999999733));
#4328=CARTESIAN_POINT('',(-1.12999999999759,81.4000000000017,32.4999999999733));
#4329=CARTESIAN_POINT('',(-1.12999999999759,81.4000000000017,32.4999999999733));
#4330=CARTESIAN_POINT('',(-0.564999999998815,81.3999999999991,32.4999999999733));
#4331=CARTESIAN_POINT('Origin',(-1.12999999999759,81.4000000000017,49.0000000000036));
#4332=CARTESIAN_POINT('',(-1.12999999999759,81.4000000000017,24.5000000000018));
#4333=CARTESIAN_POINT('',(-1.13000000007133,65.4339942668239,49.0000000000036));
#4334=CARTESIAN_POINT('',(-1.13000000007133,65.4339942668239,41.7500000000018));
#4335=CARTESIAN_POINT('',(-1.12999999999759,81.4000000000017,49.0000000000036));
#4336=CARTESIAN_POINT('',(-1.12999999999759,81.4000000000017,49.0000000000036));
#4337=CARTESIAN_POINT('',(-1.12999999999759,81.4000000000017,24.5000000000018));
#4338=CARTESIAN_POINT('Origin',(-2.62999999999745,81.4000000000086,49.0000000000036));
#4339=CARTESIAN_POINT('',(-1.31499999999874,81.4000000000026,49.0000000000036));
#4340=CARTESIAN_POINT('',(-3.57875580900731,65.3484818296785,49.0000000000036));
#4341=CARTESIAN_POINT('',(-26.9999999999999,73.3479202770442,49.0000000000036));
#4342=CARTESIAN_POINT('Origin',(-18.9774816181729,64.8107464752297,40.5000000000014));
#4343=CARTESIAN_POINT('',(-15.8999831144986,88.4047192243275,38.2533413699448));
#4344=CARTESIAN_POINT('Origin',(-19.775687728815,87.6683788315491,40.5000000000011));
#4345=CARTESIAN_POINT('',(-15.168064001799,67.445298130456,38.2533413699451));
#4346=CARTESIAN_POINT('Origin',(-19.0647303599292,67.3092235427775,40.5000000000013));
#4347=CARTESIAN_POINT('',(-15.0808152600428,64.9468210629082,38.2533413699451));
#4348=CARTESIAN_POINT('Origin',(-8.49387184274352,65.1768421956389,40.5000000000014));
#4349=CARTESIAN_POINT('',(-13.224178143345,88.9130921473257,38.2533413699448));
#4350=CARTESIAN_POINT('Origin',(-9.34847352902854,89.6494325401041,40.5000000000011));
#4351=CARTESIAN_POINT('',(-12.4777869426299,67.5392446755081,38.2533413699451));
#4352=CARTESIAN_POINT('',(-12.3905382008737,65.0407676079604,38.2533413699451));
#4353=CARTESIAN_POINT('Origin',(-8.58112058449977,67.6753192631867,40.5000000000013));
#4354=CARTESIAN_POINT('Origin',(-13.8229254722145,67.4922714029821,40.5000000000013));
#4355=CARTESIAN_POINT('',(-13.3232300587049,67.5097211513333,38.2533413699451));
#4356=CARTESIAN_POINT('',(-14.4954947370067,67.468784766719,38.2533413699451));
#4357=CARTESIAN_POINT('Origin',(-8.58112058449977,67.6753192631867,40.5000000000013));
#4358=CARTESIAN_POINT('Origin',(-8.49387184274352,65.1768421956389,40.5000000000014));
#4359=CARTESIAN_POINT('',(-5.08620471017676,65.2958405540799,36.5079899669084));
#4360=CARTESIAN_POINT('',(-13.245919644686,65.2958405540791,38.2533413699451));
#4361=CARTESIAN_POINT('Origin',(-8.49802735698852,65.2958405540794,40.5000000000014));
#4362=CARTESIAN_POINT('',(-5.08620471017918,65.2958405540799,44.4920100330963));
#4363=CARTESIAN_POINT('Origin',(-8.49387184274353,65.1768421956392,40.5000000000014));
#4364=CARTESIAN_POINT('Origin',(-8.49802735698852,65.2958405540794,40.5000000000014));
#4365=CARTESIAN_POINT('',(-13.2359813169487,65.0112440837856,38.2533413699451));
#4366=CARTESIAN_POINT('Origin',(-14.2353721439678,64.9763445870831,38.2533413699451));
#4367=CARTESIAN_POINT('',(-9.11768607198365,65.2958405540793,38.2533413699451));
#4368=CARTESIAN_POINT('',(-10.7947115741401,89.3746635377775,38.2533413699448));
#4369=CARTESIAN_POINT('',(-14.4954947370067,67.468784766719,38.2533413699451));
#4370=CARTESIAN_POINT('Origin',(-13.8229254722145,67.4922714029821,40.5000000000013));
#4371=CARTESIAN_POINT('Origin',(-2.01754045345474,65.3846476452159,30.5));
#4372=CARTESIAN_POINT('',(-3.5527136788005E-14,65.473454736352,30.5));
#4373=CARTESIAN_POINT('',(-5.08620471018477,65.2958405540799,30.5));
#4374=CARTESIAN_POINT('',(-5.41574809552499,65.2843326454829,30.5));
#4375=CARTESIAN_POINT('',(-3.44169137633799E-14,65.2958405540799,30.5));
#4376=CARTESIAN_POINT('',(-3.00877022672711,65.2958405540797,30.5));
#4377=CARTESIAN_POINT('',(-3.38618022510673E-14,65.3402440996479,30.5));
#4378=CARTESIAN_POINT('Origin',(-5.08620471018477,65.2958405540799,34.5));
#4379=CARTESIAN_POINT('',(-5.08620471019267,65.2958405540796,17.25));
#4380=CARTESIAN_POINT('',(-3.5527136788005E-14,65.473454736352,50.));
#4381=CARTESIAN_POINT('',(-3.38618022510673E-14,65.473454736352,17.25));
#4382=CARTESIAN_POINT('',(-5.08620471018477,65.2958405540799,50.));
#4383=CARTESIAN_POINT('',(-10.5333735298777,65.1056212273448,50.));
#4384=CARTESIAN_POINT('',(-5.08620471019267,65.2958405540796,17.25));
#4385=CARTESIAN_POINT('',(-5.08620471019267,65.2958405540796,17.25));
#4386=CARTESIAN_POINT('Origin',(-26.4999999999998,80.2423014995415,46.0000346637377));
#4387=CARTESIAN_POINT('',(-26.4999999999998,80.2423014995415,48.2500346637377));
#4388=CARTESIAN_POINT('Origin',(-26.4999999999998,80.2423014995415,46.0000346637377));
#4389=CARTESIAN_POINT('',(-26.4999999999998,80.2423014995415,48.0000346637377));
#4390=CARTESIAN_POINT('Origin',(-26.4999999999998,80.2423014995415,46.0000346637377));
#4391=CARTESIAN_POINT('Origin',(-26.7499999999998,80.2423014995415,46.0000346637377));
#4392=CARTESIAN_POINT('',(-26.9999999999999,80.2423014995415,48.2500346637377));
#4393=CARTESIAN_POINT('Origin',(-26.9999999999999,80.2423014995415,46.0000346637377));
#4394=CARTESIAN_POINT('',(-26.7499999999998,80.2423014995415,48.2500346637377));
#4395=CARTESIAN_POINT('Origin',(-24.7499999999998,80.2423014995415,46.0000346637377));
#4396=CARTESIAN_POINT('',(-22.4999999999998,80.2423014995415,48.0000346637377));
#4397=CARTESIAN_POINT('',(-24.7499999999998,80.2423014995415,48.0000346637377));
#4398=CARTESIAN_POINT('Origin',(-22.4999999999998,80.2423014995415,46.0000346637377));
#4399=CARTESIAN_POINT('Origin',(-22.4999999999998,80.2423014995415,46.0000346637377));
#4400=CARTESIAN_POINT('Origin',(-23.7999999999999,69.2958405540799,19.75));
#4401=CARTESIAN_POINT('',(-23.7999999999999,69.2958405540799,19.75));
#4402=CARTESIAN_POINT('',(-23.7999999999999,69.2958405540799,19.75));
#4403=CARTESIAN_POINT('',(-23.8,65.2958405540797,19.75));
#4404=CARTESIAN_POINT('',(-23.7999999999999,69.2958405540799,19.75));
#4405=CARTESIAN_POINT('',(-23.8,65.2958405540797,30.500000000001));
#4406=CARTESIAN_POINT('',(-23.8,65.2958405540797,19.75));
#4407=CARTESIAN_POINT('',(-23.7999999999999,68.2958405540798,30.500000000001));
#4408=CARTESIAN_POINT('Origin',(-5.9999999999994,69.2958405540799,0.));
#4409=CARTESIAN_POINT('',(-26.9999999999999,69.2958405540799,30.500000000001));
#4410=CARTESIAN_POINT('',(-24.5999999999999,69.2958405540799,30.500000000001));
#4411=CARTESIAN_POINT('',(-26.9999999999999,69.2958405540799,34.5));
#4412=CARTESIAN_POINT('',(-5.9999999999994,69.2958405540799,34.5));
#4413=CARTESIAN_POINT('',(-5.9999999999994,69.2958405540799,34.5));
#4414=CARTESIAN_POINT('',(-5.9999999999994,69.2958405540799,34.5));
#4415=CARTESIAN_POINT('',(-5.9999999999994,69.2958405540799,-34.5));
#4416=CARTESIAN_POINT('',(-5.9999999999994,69.2958405540799,0.));
#4417=CARTESIAN_POINT('',(-22.3681386286773,69.2958405540799,-34.5));
#4418=CARTESIAN_POINT('',(-20.1499999999998,69.2958405540799,-34.5));
#4419=CARTESIAN_POINT('',(-22.2409971896965,69.2958405540799,-33.9508964463603));
#4420=CARTESIAN_POINT('Origin',(-23.49175912007,69.2958405540799,-33.9508964463603));
#4421=CARTESIAN_POINT('',(-24.6153796114628,69.2958405540799,-34.5));
#4422=CARTESIAN_POINT('Origin',(-23.49175912007,69.2958405540799,-33.9508964463603));
#4423=CARTESIAN_POINT('',(-24.9999999999998,69.2958405540799,-34.5));
#4424=CARTESIAN_POINT('',(-20.1499999999998,69.2958405540799,-34.5));
#4425=CARTESIAN_POINT('',(-26.9999999999999,69.2958405540799,-34.5));
#4426=CARTESIAN_POINT('',(-20.1499999999998,69.2958405540799,-34.5));
#4427=CARTESIAN_POINT('',(-26.9999999999999,69.2958405540799,-30.500000000001));
#4428=CARTESIAN_POINT('',(-26.9999999999999,69.2958405540799,-34.5));
#4429=CARTESIAN_POINT('',(-23.8,69.2958405540799,-30.500000000001));
#4430=CARTESIAN_POINT('',(-24.5999999999999,69.2958405540799,-30.500000000001));
#4431=CARTESIAN_POINT('',(-18.7138485460427,69.2958405540799,-33.000000000001));
#4432=CARTESIAN_POINT('',(-22.6690780112656,69.2958405540799,-31.0558829691635));
#4433=CARTESIAN_POINT('',(-9.0579664435613,69.2958405540799,-33.000000000001));
#4434=CARTESIAN_POINT('',(-7.45680799504561,69.2958405540799,-33.000000000001));
#4435=CARTESIAN_POINT('',(-9.0579664435613,69.2958405540799,-29.3499999999997));
#4436=CARTESIAN_POINT('',(-9.05796644356128,69.2958405540799,-14.6749999999999));
#4437=CARTESIAN_POINT('',(-18.7138485460427,69.2958405540799,-29.3499999999997));
#4438=CARTESIAN_POINT('',(-12.2788687354116,69.2958405540799,-29.3499999999997));
#4439=CARTESIAN_POINT('',(-23.8,69.2958405540799,-24.500000000001));
#4440=CARTESIAN_POINT('',(-22.7136026436151,69.2958405540799,-25.5359556191294));
#4441=CARTESIAN_POINT('',(-23.8,69.2958405540799,-17.65));
#4442=CARTESIAN_POINT('',(-23.8,69.2958405540799,-17.65));
#4443=CARTESIAN_POINT('',(-9.20849737787006,69.2958405540799,-17.65));
#4444=CARTESIAN_POINT('',(-23.8,69.2958405540799,-17.65));
#4445=CARTESIAN_POINT('',(-9.20849737787006,69.2958405540799,19.75));
#4446=CARTESIAN_POINT('',(-9.20849737787006,69.2958405540799,0.));
#4447=CARTESIAN_POINT('',(-5.9999999999994,69.2958405540799,19.75));
#4448=CARTESIAN_POINT('Origin',(-3.69149155687865E-14,81.3999999999965,
0.));
#4449=CARTESIAN_POINT('',(-3.69149155687865E-14,81.3999999999965,-41.4000002055928));
#4450=CARTESIAN_POINT('',(-3.69149155687865E-14,81.3999999999965,0.));
#4451=CARTESIAN_POINT('',(-1.12999999999759,81.4000000000017,-41.4000002055928));
#4452=CARTESIAN_POINT('',(3.06775537329293E-11,81.3999999999965,-41.4000002055928));
#4453=CARTESIAN_POINT('',(-1.12999999999759,81.4000000000017,-32.4999999999733));
#4454=CARTESIAN_POINT('',(-1.12999999999759,81.4000000000017,-24.5000000000018));
#4455=CARTESIAN_POINT('',(-2.62999999999756,81.4000000000086,-32.4999999999733));
#4456=CARTESIAN_POINT('',(-0.564999999998815,81.3999999999991,-32.4999999999733));
#4457=CARTESIAN_POINT('',(-2.62999999999745,81.4000000000086,-49.0000000000036));
#4458=CARTESIAN_POINT('',(-2.62999999999768,81.4000000000086,-16.2499999999867));
#4459=CARTESIAN_POINT('',(-1.12999999999759,81.4000000000017,-49.0000000000036));
#4460=CARTESIAN_POINT('',(-1.31499999999874,81.4000000000026,-49.0000000000036));
#4461=CARTESIAN_POINT('',(-1.12999999999759,81.4000000000017,-45.9000002055931));
#4462=CARTESIAN_POINT('',(-1.12999999999759,81.4000000000017,-24.5000000000018));
#4463=CARTESIAN_POINT('',(-3.69149155687865E-14,81.3999999999965,-45.9000002055931));
#4464=CARTESIAN_POINT('',(-2.67850784040476E-13,81.3999999999965,-45.9000002055931));
#4465=CARTESIAN_POINT('',(-3.5527136788005E-14,81.3999999999965,-50.));
#4466=CARTESIAN_POINT('',(-3.69149155687865E-14,81.3999999999965,0.));
#4467=CARTESIAN_POINT('',(-2.99999999999711,81.4000000000104,-50.));
#4468=CARTESIAN_POINT('',(-2.99999999999711,81.4000000000104,-50.));
#4469=CARTESIAN_POINT('',(-2.99999999999711,81.4000000000104,50.));
#4470=CARTESIAN_POINT('',(-2.99999999999711,81.4000000000104,0.));
#4471=CARTESIAN_POINT('',(-3.5527136788005E-14,81.3999999999965,50.));
#4472=CARTESIAN_POINT('',(-2.99999999999711,81.4000000000104,50.));
#4473=CARTESIAN_POINT('',(-3.69149155687865E-14,81.3999999999965,0.));
#4474=CARTESIAN_POINT('Origin',(-3.38618022510673E-14,65.2958405540799,
0.));
#4475=CARTESIAN_POINT('',(-3.66373598126302E-14,81.3999999999965,50.));
#4476=CARTESIAN_POINT('',(-3.44169137633799E-14,65.2958405540799,-30.5));
#4477=CARTESIAN_POINT('',(-3.38618022510673E-14,65.2958405540799,0.));
#4478=CARTESIAN_POINT('',(-3.5527136788005E-14,65.473454736352,-30.5));
#4479=CARTESIAN_POINT('',(-3.38618022510673E-14,65.3402440996479,-30.5));
#4480=CARTESIAN_POINT('',(-3.5527136788005E-14,65.473454736352,-50.));
#4481=CARTESIAN_POINT('',(-3.38618022510673E-14,65.473454736352,-17.25));
#4482=CARTESIAN_POINT('',(-3.66373598126302E-14,81.3999999999965,-50.));
#4483=CARTESIAN_POINT('',(-3.4393430059443E-14,68.1000008000423,-45.9000002055931));
#4484=CARTESIAN_POINT('',(-3.53978381793325E-14,73.3979202770555,-45.9000002055931));
#4485=CARTESIAN_POINT('',(-3.4393430059443E-14,68.1000008000423,-41.4000002055928));
#4486=CARTESIAN_POINT('',(-3.4393430059443E-14,68.1000008000423,-22.9500001027965));
#4487=CARTESIAN_POINT('',(-3.41276161552552E-14,66.6979206770611,-41.4000002055928));
#4488=CARTESIAN_POINT('Origin',(-3.99999999999949,65.2958405540797,0.));
#4489=CARTESIAN_POINT('',(-26.9999999999999,65.2958405540797,50.));
#4490=CARTESIAN_POINT('',(-3.38618022510673E-14,65.2958405540799,50.));
#4491=CARTESIAN_POINT('',(-26.9999999999999,65.2958405540797,30.500000000001));
#4492=CARTESIAN_POINT('',(-26.9999999999999,65.2958405540797,34.5));
#4493=CARTESIAN_POINT('',(-26.1999999999999,65.2958405540797,30.500000000001));
#4494=CARTESIAN_POINT('',(-3.99999999999949,65.2958405540797,19.75));
#4495=CARTESIAN_POINT('',(-23.8,65.2958405540797,19.75));
#4496=CARTESIAN_POINT('',(-3.99999999999949,65.2958405540797,-17.65));
#4497=CARTESIAN_POINT('',(-3.99999999999949,65.2958405540797,0.));
#4498=CARTESIAN_POINT('',(-23.8,65.2958405540797,-17.65));
#4499=CARTESIAN_POINT('',(-3.38618022510673E-14,65.2958405540799,-17.65));
#4500=CARTESIAN_POINT('',(-23.8,65.2958405540797,-30.500000000001));
#4501=CARTESIAN_POINT('',(-23.8,65.2958405540797,-17.65));
#4502=CARTESIAN_POINT('',(-26.9999999999999,65.2958405540797,-30.500000000001));
#4503=CARTESIAN_POINT('',(-26.1999999999999,65.2958405540797,-30.500000000001));
#4504=CARTESIAN_POINT('',(-26.9999999999999,65.2958405540797,-50.));
#4505=CARTESIAN_POINT('',(-26.9999999999999,65.2958405540797,-34.5));
#4506=CARTESIAN_POINT('',(-5.08620471018477,65.2958405540799,-50.));
#4507=CARTESIAN_POINT('',(-3.38618022510673E-14,65.2958405540799,-50.));
#4508=CARTESIAN_POINT('',(-5.08620471019266,65.2958405540796,-44.4920100331078));
#4509=CARTESIAN_POINT('',(-5.08620471019267,65.2958405540796,-17.25));
#4510=CARTESIAN_POINT('',(-13.2459196446859,65.2958405540791,-42.7466586300576));
#4511=CARTESIAN_POINT('Origin',(-8.49802735698852,65.2958405540794,-40.5000000000014));
#4512=CARTESIAN_POINT('',(-14.2465291889848,65.295840554079,-42.7466586300576));
#4513=CARTESIAN_POINT('',(-8.61799065847409,65.2958405540794,-42.7466586300576));
#4514=CARTESIAN_POINT('',(-14.2465291889848,65.295840554079,-38.2533413699451));
#4515=CARTESIAN_POINT('Origin',(-18.9944214766822,65.2958405540787,-40.5000000000013));
#4516=CARTESIAN_POINT('',(-13.245919644686,65.2958405540791,-38.2533413699451));
#4517=CARTESIAN_POINT('',(-9.11768607198365,65.2958405540793,-38.2533413699451));
#4518=CARTESIAN_POINT('',(-5.08620471019267,65.2958405540796,-36.5079899668949));
#4519=CARTESIAN_POINT('Origin',(-8.49802735698852,65.2958405540794,-40.5000000000014));
#4520=CARTESIAN_POINT('',(-5.08620471018406,65.2958405540796,-35.1155816311338));
#4521=CARTESIAN_POINT('',(-5.08620471019267,65.2958405540796,-17.25));
#4522=CARTESIAN_POINT('',(-5.08620471018335,65.2958405540796,-32.7862112615862));
#4523=CARTESIAN_POINT('Origin',(-4.14037279156735,65.2958405540796,-33.9508964463603));
#4524=CARTESIAN_POINT('',(-5.08620471018477,65.2958405540799,-30.5));
#4525=CARTESIAN_POINT('',(-5.08620471019267,65.2958405540796,-17.25));
#4526=CARTESIAN_POINT('',(-3.00877022672711,65.2958405540797,-30.5));
#4527=CARTESIAN_POINT('',(-21.8511617256547,65.2958405540786,-33.9508964463603));
#4528=CARTESIAN_POINT('Origin',(-23.352076042103,65.2958405540785,-33.9508964463603));
#4529=CARTESIAN_POINT('',(-12.2453101003869,65.2958405540791,-46.5000000000015));
#4530=CARTESIAN_POINT('Origin',(-13.7462244168351,65.2958405540791,-46.5000000000015));
#4531=CARTESIAN_POINT('',(-8.9182833655943,65.2958405540794,-33.000000000001));
#4532=CARTESIAN_POINT('',(-18.5741654680757,65.2958405540788,-33.000000000001));
#4533=CARTESIAN_POINT('',(-6.45680799504567,65.2958405540795,-33.000000000001));
#4534=CARTESIAN_POINT('',(-18.5741654680757,65.2958405540788,-29.3499999999997));
#4535=CARTESIAN_POINT('',(-18.5741654680757,65.2958405540788,-16.5000000000005));
#4536=CARTESIAN_POINT('',(-8.9182833655943,65.2958405540794,-29.3499999999997));
#4537=CARTESIAN_POINT('',(-11.2788687354117,65.2958405540792,-29.3499999999997));
#4538=CARTESIAN_POINT('',(-8.91828336559428,65.2958405540794,-14.6749999999999));
#4539=CARTESIAN_POINT('Origin',(-26.9999999999999,65.2958405540797,34.5));
#4540=CARTESIAN_POINT('',(-26.9999999999999,68.2958405540798,30.500000000001));
#4541=CARTESIAN_POINT('',(-26.9999999999999,86.2958405540793,50.));
#4542=CARTESIAN_POINT('',(-26.9999999999999,52.5630500077469,50.));
#4543=CARTESIAN_POINT('',(-26.9999999999999,86.2958405540793,34.5));
#4544=CARTESIAN_POINT('',(-26.9999999999999,86.2958405540793,34.5));
#4545=CARTESIAN_POINT('',(-26.9999999999999,52.5630500077469,34.5));
#4546=CARTESIAN_POINT('Origin',(-16.4999999999996,79.7907227480457,34.5));
#4547=CARTESIAN_POINT('',(-5.9999999999994,90.2856049420116,34.5));
#4548=CARTESIAN_POINT('',(-26.9999999999999,86.2958405540793,34.5));
#4549=CARTESIAN_POINT('',(-5.9999999999994,90.2856049420116,34.5));
#4550=CARTESIAN_POINT('Origin',(-25.3999999999999,67.2958405540798,30.500000000001));
#4551=CARTESIAN_POINT('Origin',(-16.4999999999996,79.7907227480457,50.));
#4552=CARTESIAN_POINT('',(-2.99999999999709,90.8555712831453,50.));
#4553=CARTESIAN_POINT('',(-2.99999999999709,90.8555712831453,50.));
#4554=CARTESIAN_POINT('',(-26.9999999999999,86.2958405540793,50.));
#4555=CARTESIAN_POINT('Origin',(-18.7138485460427,69.2958405540799,-29.3499999999997));
#4556=CARTESIAN_POINT('',(-18.7138485460427,67.2958405540799,-29.3499999999997));
#4557=CARTESIAN_POINT('',(-18.7138485460427,69.2958405540799,-29.3499999999997));
#4558=CARTESIAN_POINT('',(-23.8,67.2958405540799,-24.500000000001));
#4559=CARTESIAN_POINT('',(-23.8,67.2958405540799,-24.500000000001));
#4560=CARTESIAN_POINT('',(-23.8,67.2958405540798,-24.500000000001));
#4561=CARTESIAN_POINT('Origin',(-23.8,69.2958405540799,-30.500000000001));
#4562=CARTESIAN_POINT('',(-23.8,67.2958405540799,-30.500000000001));
#4563=CARTESIAN_POINT('',(-23.8,66.2958405540797,-30.500000000001));
#4564=CARTESIAN_POINT('',(-18.7138485460427,67.2958405540799,-33.000000000001));
#4565=CARTESIAN_POINT('',(-18.7138485460427,67.2958405540799,-33.000000000001));
#4566=CARTESIAN_POINT('',(-18.7138485460427,69.2958405540799,-33.000000000001));
#4567=CARTESIAN_POINT('Origin',(-21.2569242730214,67.2958405540799,-28.750000000001));
#4568=CARTESIAN_POINT('',(-18.6440070070592,67.2958405540799,-33.000000000001));
#4569=CARTESIAN_POINT('',(-18.6440070070592,67.2958405540799,-29.3499999999997));
#4570=CARTESIAN_POINT('',(-18.6440070070592,67.2958405540799,-30.875000000001));
#4571=CARTESIAN_POINT('',(-9.05796644356131,67.2958405540799,-33.000000000001));
#4572=CARTESIAN_POINT('',(-23.8,67.2958405540799,-23.2000000000005));
#4573=CARTESIAN_POINT('',(-18.7138485460427,67.2958405540799,-29.3499999999997));
#4574=CARTESIAN_POINT('Origin',(-8.91361599009181,65.1621844070238,-33.000000000001));
#4575=CARTESIAN_POINT('',(-18.5577374708239,64.8254042638447,-33.000000000001));
#4576=CARTESIAN_POINT('',(-8.91361599009181,65.1621844070238,-33.000000000001));
#4577=CARTESIAN_POINT('Origin',(-18.5577374708239,64.8254042638447,-29.3499999999997));
#4578=CARTESIAN_POINT('',(-8.91361599009181,65.1621844070238,-29.3499999999997));
#4579=CARTESIAN_POINT('',(-18.5577374708239,64.8254042638447,-29.3499999999997));
#4580=CARTESIAN_POINT('Origin',(-8.91361599009181,65.1621844070238,-29.3499999999997));
#4581=CARTESIAN_POINT('Origin',(-18.5577374708239,64.8254042638447,-33.000000000001));
#4582=CARTESIAN_POINT('Origin',(-26.4999999999998,80.2423014995415,-46.0000346637377));
#4583=CARTESIAN_POINT('',(-26.4999999999998,80.2423014995415,-48.2500346637377));
#4584=CARTESIAN_POINT('Origin',(-26.4999999999998,80.2423014995415,-46.0000346637377));
#4585=CARTESIAN_POINT('',(-26.4999999999998,80.2423014995415,-48.0000346637377));
#4586=CARTESIAN_POINT('Origin',(-26.4999999999998,80.2423014995415,-46.0000346637377));
#4587=CARTESIAN_POINT('Origin',(-26.7499999999998,80.2423014995415,-46.0000346637377));
#4588=CARTESIAN_POINT('',(-26.9999999999999,80.2423014995415,-48.2500346637377));
#4589=CARTESIAN_POINT('Origin',(-26.9999999999999,80.2423014995415,-46.0000346637377));
#4590=CARTESIAN_POINT('',(-26.7499999999998,80.2423014995415,-48.2500346637377));
#4591=CARTESIAN_POINT('Origin',(-24.7499999999998,80.2423014995415,-46.0000346637377));
#4592=CARTESIAN_POINT('',(-22.4999999999998,80.2423014995415,-48.0000346637377));
#4593=CARTESIAN_POINT('',(-24.7499999999998,80.2423014995415,-48.0000346637377));
#4594=CARTESIAN_POINT('Origin',(-22.4999999999998,80.2423014995415,-46.0000346637377));
#4595=CARTESIAN_POINT('Origin',(-22.4999999999998,80.2423014995415,-46.0000346637377));
#4596=CARTESIAN_POINT('Origin',(-14.4687556252193,88.167692449356,-46.6288299854785));
#4597=CARTESIAN_POINT('',(-16.6792151893371,87.747729932695,-46.6288299854785));
#4598=CARTESIAN_POINT('Origin',(-14.4687556252193,88.167692449356,-46.6288299854785));
#4599=CARTESIAN_POINT('',(-16.4336085711018,87.7943924345462,-46.6288299854785));
#4600=CARTESIAN_POINT('Origin',(-14.4687556252193,88.167692449356,-46.6288299854785));
#4601=CARTESIAN_POINT('Origin',(-14.5154181270706,88.4132990675913,-46.6288299854785));
#4602=CARTESIAN_POINT('',(-16.7725401930395,88.2389431691655,-46.6288299854785));
#4603=CARTESIAN_POINT('Origin',(-14.5620806289218,88.6589056858266,-46.6288299854785));
#4604=CARTESIAN_POINT('',(-16.7258776911883,87.9933365509303,-46.6288299854785));
#4605=CARTESIAN_POINT('Origin',(-14.1887806141119,86.6940527399442,-46.6288299854785));
#4606=CARTESIAN_POINT('',(-15.7803335451846,84.3558997792519,-46.6288299854785));
#4607=CARTESIAN_POINT('',(-16.1536335599944,86.3207527251343,-46.6288299854785));
#4608=CARTESIAN_POINT('Origin',(-13.8154805993021,84.7291997940617,-46.6288299854785));
#4609=CARTESIAN_POINT('Origin',(-13.8154805993021,84.7291997940617,-46.6288299854785));
#4610=CARTESIAN_POINT('Origin',(-23.9593955774736,86.3645773398229,-46.6288299854785));
#4611=CARTESIAN_POINT('',(-26.1698551415913,85.9446148231618,-46.6288299854785));
#4612=CARTESIAN_POINT('Origin',(-23.9593955774736,86.3645773398229,-46.6288299854785));
#4613=CARTESIAN_POINT('',(-25.924248523356,85.991277325013,-46.6288299854785));
#4614=CARTESIAN_POINT('Origin',(-23.9593955774736,86.3645773398229,-46.6288299854785));
#4615=CARTESIAN_POINT('Origin',(-24.0060580793248,86.6101839580582,-46.6288299854785));
#4616=CARTESIAN_POINT('',(-26.2631801452938,86.4358280596324,-46.6288299854785));
#4617=CARTESIAN_POINT('Origin',(-24.052720581176,86.8557905762935,-46.6288299854785));
#4618=CARTESIAN_POINT('',(-26.2165176434426,86.1902214413971,-46.6288299854785));
#4619=CARTESIAN_POINT('Origin',(-23.6794205663662,84.890937630411,-46.6288299854785));
#4620=CARTESIAN_POINT('',(-25.2709734974388,82.5527846697187,-46.6288299854785));
#4621=CARTESIAN_POINT('',(-25.6442735122487,84.5176376156012,-46.6288299854785));
#4622=CARTESIAN_POINT('Origin',(-23.3061205515564,82.9260846845286,-46.6288299854785));
#4623=CARTESIAN_POINT('Origin',(-23.3061205515564,82.9260846845286,-46.6288299854785));
#4624=CARTESIAN_POINT('Origin',(-26.9999999999998,77.710000000042,-46.5249999999743));
#4625=CARTESIAN_POINT('',(-26.9999999999998,77.710000000042,-46.5249999999743));
#4626=CARTESIAN_POINT('',(-26.9999999999998,77.7958405540796,-34.5));
#4627=CARTESIAN_POINT('',(-26.9999999999999,77.7526018039714,-40.5571133991414));
#4628=CARTESIAN_POINT('',(-24.9999999999998,77.710000000042,-46.5249999999743));
#4629=CARTESIAN_POINT('',(-26.9999999999998,77.710000000042,-46.5249999999743));
#4630=CARTESIAN_POINT('',(-24.9999999999998,77.7958405540796,-34.5));
#4631=CARTESIAN_POINT('',(-24.9999999999998,77.7958405540796,-34.5));
#4632=CARTESIAN_POINT('',(-21.7499999999997,77.7958405540796,-34.5));
#4633=CARTESIAN_POINT('Origin',(-26.9999999999998,69.2958405540799,-34.5));
#4634=CARTESIAN_POINT('',(-26.9999999999998,69.1900000000421,-46.5249999999743));
#4635=CARTESIAN_POINT('',(-26.9999999999999,69.2956856259099,-34.5176020549183));
#4636=CARTESIAN_POINT('',(-24.9999999999998,69.1900000000421,-46.5249999999743));
#4637=CARTESIAN_POINT('',(-24.9999999999998,69.1900000000421,-46.5249999999743));
#4638=CARTESIAN_POINT('',(-26.9999999999998,69.1900000000421,-46.5249999999743));
#4639=CARTESIAN_POINT('Origin',(-24.9999999999998,73.4929202770609,-40.5124999999871));
#4640=CARTESIAN_POINT('',(-24.9999999999998,76.6418215125533,-34.5));
#4641=CARTESIAN_POINT('',(-24.9999999999998,75.6014601385515,-46.5249999999743));
#4642=CARTESIAN_POINT('Origin',(-16.4999999999996,79.7907227480457,-34.5));
#4643=CARTESIAN_POINT('',(-24.6265781032237,69.6165234005327,-34.5));
#4644=CARTESIAN_POINT('',(-24.5393293614675,67.1180463329849,-34.5));
#4645=CARTESIAN_POINT('',(-22.3820742034823,69.6949032038389,-34.5));
#4646=CARTESIAN_POINT('',(-19.829682993218,69.7840346689453,-34.5));
#4647=CARTESIAN_POINT('',(-22.294825461726,67.1964261362912,-34.5));
#4648=CARTESIAN_POINT('',(-5.9999999999994,90.2856049420116,-34.5));
#4649=CARTESIAN_POINT('',(-5.9999999999994,69.2958405540799,-34.5));
#4650=CARTESIAN_POINT('',(-26.9999999999999,86.2958405540793,-34.5));
#4651=CARTESIAN_POINT('',(-26.9999999999999,86.2958405540793,-34.5));
#4652=CARTESIAN_POINT('',(-26.9999999999999,52.5630500077469,-34.5));
#4653=CARTESIAN_POINT('Origin',(-26.9999999999999,65.2958405540797,-34.5));
#4654=CARTESIAN_POINT('',(-26.9999999999999,86.2958405540793,-50.));
#4655=CARTESIAN_POINT('',(-26.9999999999999,86.2958405540793,-34.5));
#4656=CARTESIAN_POINT('',(-26.9999999999999,52.5630500077469,-50.));
#4657=CARTESIAN_POINT('',(-26.9999999999999,68.2958405540798,-30.500000000001));
#4658=CARTESIAN_POINT('',(-26.9999999999998,69.1900000000421,-49.0000000000036));
#4659=CARTESIAN_POINT('',(-26.9999999999999,69.1900000000421,-40.5124999999871));
#4660=CARTESIAN_POINT('',(-26.9999999999998,77.710000000042,-49.0000000000036));
#4661=CARTESIAN_POINT('',(-26.9999999999999,67.2429202770609,-49.0000000000036));
#4662=CARTESIAN_POINT('',(-26.9999999999999,77.710000000042,-41.7500000000018));
#4663=CARTESIAN_POINT('Origin',(-4.17642428777805,66.3282203307974,-33.9508964463603));
#4664=CARTESIAN_POINT('',(-2.6773380472494,66.3805695758511,-33.9508964463603));
#4665=CARTESIAN_POINT('Origin',(-4.17642428777805,66.3282203307974,-33.9508964463603));
#4666=CARTESIAN_POINT('',(-2.92718575400418,66.3718447016755,-33.9508964463603));
#4667=CARTESIAN_POINT('Origin',(-4.17642428777805,66.3282203307974,-33.9508964463603));
#4668=CARTESIAN_POINT('Origin',(-4.1589745394268,65.8285249172878,-33.9508964463603));
#4669=CARTESIAN_POINT('',(-2.6424385505469,65.381178748832,-33.9508964463603));
#4670=CARTESIAN_POINT('Origin',(-4.14152479107556,65.3288295037786,-33.9508964463603));
#4671=CARTESIAN_POINT('',(-2.65988829889815,65.8808741623416,-33.9508964463603));
#4672=CARTESIAN_POINT('Origin',(-4.14152479107556,65.3288295037786,-33.9508964463603));
#4673=CARTESIAN_POINT('Origin',(-4.2287735328318,67.827306571326,-33.9508964463603));
#4674=CARTESIAN_POINT('',(-3.06678374081418,70.3694080097519,-33.9508964463603));
#4675=CARTESIAN_POINT('',(-2.97953499905793,67.8709309422041,-33.9508964463603));
#4676=CARTESIAN_POINT('Origin',(-4.31602227458805,70.3257836388737,-33.9508964463603));
#4677=CARTESIAN_POINT('Origin',(-4.31602227458805,70.3257836388737,-33.9508964463603));
#4678=CARTESIAN_POINT('Origin',(-13.9101742139705,69.9907484705299,-46.5000000000015));
#4679=CARTESIAN_POINT('',(-12.6611855528926,70.0343641156612,-46.5249999999743));
#4680=CARTESIAN_POINT('',(-15.1591628750484,69.9471328253986,-46.5249999999743));
#4681=CARTESIAN_POINT('',(-20.3124986258939,69.7671743755297,-46.5249999999743));
#4682=CARTESIAN_POINT('',(-12.6609356801966,70.034372841408,-46.5000000000015));
#4683=CARTESIAN_POINT('Origin',(-13.9101742139705,69.9907484705299,-46.5000000000015));
#4684=CARTESIAN_POINT('Origin',(-13.9101742139705,69.9907484705299,-46.5000000000015));
#4685=CARTESIAN_POINT('Origin',(-13.7705762271605,65.9931851624535,-46.5000000000015));
#4686=CARTESIAN_POINT('',(-12.2714899866318,66.0455344075073,-46.5000000000015));
#4687=CARTESIAN_POINT('Origin',(-13.7705762271605,65.9931851624535,-46.5000000000015));
#4688=CARTESIAN_POINT('',(-12.5213376933866,66.0368095333316,-46.5000000000015));
#4689=CARTESIAN_POINT('Origin',(-13.7705762271605,65.9931851624535,-46.5000000000015));
#4690=CARTESIAN_POINT('Origin',(-13.7531264788092,65.493489748944,-46.5000000000015));
#4691=CARTESIAN_POINT('',(-12.2540402382806,65.5458389939977,-46.5000000000015));
#4692=CARTESIAN_POINT('Origin',(-13.8229254722142,67.4922714029822,-46.5000000000015));
#4693=CARTESIAN_POINT('',(-12.5736869384404,67.5358957738603,-46.5000000000015));
#4694=CARTESIAN_POINT('',(-12.631699708244,69.1900000000421,-46.5249999999743));
#4695=CARTESIAN_POINT('',(-12.5739368111363,67.5358870481135,-46.5249999999743));
#4696=CARTESIAN_POINT('',(-15.1327232141795,69.1900000000421,-46.5249999999743));
#4697=CARTESIAN_POINT('Origin',(-13.8822114612117,69.1900000000421,-46.5000000000015));
#4698=CARTESIAN_POINT('',(-15.0719141332921,67.4486557578508,-46.5249999999743));
#4699=CARTESIAN_POINT('Origin',(-23.504326153353,69.6557133021858,-33.9508964463603));
#4700=CARTESIAN_POINT('Origin',(-23.504326153353,69.6557133021858,-33.9508964463603));
#4701=CARTESIAN_POINT('Origin',(-23.364728166543,65.6581499941094,-33.9508964463603));
#4702=CARTESIAN_POINT('',(-21.8656419260143,65.7104992391632,-33.9508964463603));
#4703=CARTESIAN_POINT('Origin',(-23.364728166543,65.6581499941094,-33.9508964463603));
#4704=CARTESIAN_POINT('',(-22.1154896327691,65.7017743649875,-33.9508964463603));
#4705=CARTESIAN_POINT('Origin',(-23.364728166543,65.6581499941094,-33.9508964463603));
#4706=CARTESIAN_POINT('Origin',(-23.3472784181917,65.1584545805999,-33.9508964463603));
#4707=CARTESIAN_POINT('',(-21.8481921776631,65.2108038256536,-33.9508964463603));
#4708=CARTESIAN_POINT('Origin',(-23.4170774115967,67.157236234638,-33.9508964463603));
#4709=CARTESIAN_POINT('',(-22.1678388778229,67.2008606055162,-33.9508964463603));
#4710=CARTESIAN_POINT('Origin',(-5.08620471018477,65.2958405540799,-34.5));
#4711=CARTESIAN_POINT('Origin',(-8.49387184274353,65.1768421956392,-40.5000000000014));
#4712=CARTESIAN_POINT('',(-10.5333735298777,65.1056212273448,-50.));
#4713=CARTESIAN_POINT('',(-5.41574809552499,65.2843326454829,-30.5));
#4714=CARTESIAN_POINT('',(-1.13000000007133,65.4339942668239,-32.4999999999733));
#4715=CARTESIAN_POINT('',(-1.13000000007133,65.4339942668239,-49.0000000000036));
#4716=CARTESIAN_POINT('',(-1.13000000007133,65.4339942668239,-41.7500000000018));
#4717=CARTESIAN_POINT('',(-2.63000000007143,65.3816131125863,-49.0000000000036));
#4718=CARTESIAN_POINT('',(-3.57875580900731,65.3484818296785,-49.0000000000036));
#4719=CARTESIAN_POINT('',(-2.63000000007154,65.3816131125863,-32.4999999999733));
#4720=CARTESIAN_POINT('',(-2.63000000007154,65.3816131125863,-33.4999999999866));
#4721=CARTESIAN_POINT('',(-2.82966929016006,65.3746405073325,-32.4999999999733));
#4722=CARTESIAN_POINT('Origin',(-26.9999999999998,77.710000000042,-46.5249999999743));
#4723=CARTESIAN_POINT('',(-4.63000000000528,77.710000000042,-46.5249999999743));
#4724=CARTESIAN_POINT('',(-26.9999999999998,77.710000000042,-46.5249999999743));
#4725=CARTESIAN_POINT('',(-4.63000000005388,69.1900000000421,-46.5249999999743));
#4726=CARTESIAN_POINT('',(-4.630000000006,79.5549999999783,-46.5249999999743));
#4727=CARTESIAN_POINT('',(-26.9999999999998,69.1900000000421,-46.5249999999743));
#4728=CARTESIAN_POINT('',(-26.9999999999998,69.1900000000421,-46.5249999999743));
#4729=CARTESIAN_POINT('Origin',(-3.69338741075977E-14,81.5000000000312,
-45.9000002055931));
#4730=CARTESIAN_POINT('',(-1.13000000005902,68.1000008000423,-45.9000002055931));
#4731=CARTESIAN_POINT('',(-1.12999999999736,81.4500000000191,-45.9000002055931));
#4732=CARTESIAN_POINT('',(-3.4393430059443E-14,68.1000008000423,-45.9000002055931));
#4733=CARTESIAN_POINT('Origin',(-3.4393430059443E-14,68.1000008000423,-45.9000002055931));
#4734=CARTESIAN_POINT('',(-1.13000000005902,68.1000008000423,-41.4000002055928));
#4735=CARTESIAN_POINT('',(-1.13000000005902,68.1000008000423,-47.4500001027983));
#4736=CARTESIAN_POINT('',(-3.4393430059443E-14,68.1000008000423,-41.4000002055928));
#4737=CARTESIAN_POINT('Origin',(-3.4393430059443E-14,68.1000008000423,-41.4000002055928));
#4738=CARTESIAN_POINT('',(-1.13000000002831,74.7500004000246,-41.4000002055928));
#4739=CARTESIAN_POINT('Origin',(-1.12999999999759,81.4000000000017,-49.0000000000036));
#4740=CARTESIAN_POINT('',(-1.12999999999759,81.4000000000017,-49.0000000000036));
#4741=CARTESIAN_POINT('',(-1.12999999999759,81.4000000000017,-32.4999999999733));
#4742=CARTESIAN_POINT('Origin',(-4.63000000006315,67.1900000000421,-39.5124999999737));
#4743=CARTESIAN_POINT('',(-2.63000000006311,67.1900000000329,-44.5249999999743));
#4744=CARTESIAN_POINT('',(-2.63000000006308,67.1900000000329,-49.0000000000036));
#4745=CARTESIAN_POINT('',(-2.63000000006315,67.1900000000329,-39.5124999999737));
#4746=CARTESIAN_POINT('',(-4.63000000006308,69.1900000000421,-49.0000000000036));
#4747=CARTESIAN_POINT('Origin',(-4.63000000006308,67.1900000000421,-49.0000000000036));
#4748=CARTESIAN_POINT('',(-4.63000000006315,69.1900000000421,-39.5124999999737));
#4749=CARTESIAN_POINT('Origin',(-4.63000000006311,67.1900000000421,-44.5249999999743));
#4750=CARTESIAN_POINT('Origin',(-4.630000000006,79.5549999999783,-44.5249999999743));
#4751=CARTESIAN_POINT('',(-2.63000000000529,79.7100000000328,-44.5249999999743));
#4752=CARTESIAN_POINT('',(-2.630000000006,79.5549999999691,-44.5249999999743));
#4753=CARTESIAN_POINT('Origin',(-4.63000000000529,79.710000000042,-44.5249999999743));
#4754=CARTESIAN_POINT('Origin',(-4.63000000000532,79.710000000042,-40.7499999999884));
#4755=CARTESIAN_POINT('',(-4.63000000000526,77.710000000042,-49.0000000000036));
#4756=CARTESIAN_POINT('',(-4.63000000000532,77.710000000042,-40.7499999999884));
#4757=CARTESIAN_POINT('',(-2.63000000000525,79.7100000000328,-49.0000000000036));
#4758=CARTESIAN_POINT('Origin',(-4.63000000000526,79.710000000042,-49.0000000000036));
#4759=CARTESIAN_POINT('',(-2.63000000000531,79.7100000000328,-40.7499999999883));
#4760=CARTESIAN_POINT('Origin',(-2.62999999999757,81.4000000000086,-32.4999999999733));
#4761=CARTESIAN_POINT('',(-2.62999999999745,81.4000000000086,-49.0000000000036));
#4762=CARTESIAN_POINT('',(-2.62999999999756,81.4000000000086,-32.4999999999733));
#4763=CARTESIAN_POINT('',(-2.62999999999745,81.4000000000086,-49.0000000000036));
#4764=CARTESIAN_POINT('Origin',(-26.9999999999998,77.710000000042,-49.0000000000036));
#4765=CARTESIAN_POINT('',(-26.9999999999998,77.710000000042,-49.0000000000036));
#4766=CARTESIAN_POINT('Origin',(-26.9999999999998,69.1900000000421,-46.5249999999743));
#4767=CARTESIAN_POINT('',(-26.9999999999998,69.1900000000421,-49.0000000000036));
#4768=CARTESIAN_POINT('Origin',(-2.62999999999745,81.4000000000086,-49.0000000000036));
#4769=CARTESIAN_POINT('Origin',(-1.12999999999759,81.4000000000017,-32.4999999999733));
#4770=CARTESIAN_POINT('Origin',(-18.9774816181729,64.8107464752297,-40.5000000000014));
#4771=CARTESIAN_POINT('',(-15.8999831144986,88.4047192243275,-38.2533413699448));
#4772=CARTESIAN_POINT('',(-15.8999831144986,88.4047192243275,-42.7466586300574));
#4773=CARTESIAN_POINT('Origin',(-19.775687728815,87.6683788315491,-40.5000000000011));
#4774=CARTESIAN_POINT('',(-15.168064001799,67.445298130456,-38.2533413699451));
#4775=CARTESIAN_POINT('',(-15.0808152600428,64.9468210629082,-38.2533413699451));
#4776=CARTESIAN_POINT('',(-15.168064001799,67.445298130456,-42.7466586300576));
#4777=CARTESIAN_POINT('Origin',(-19.0647303599292,67.3092235427775,-40.5000000000013));
#4778=CARTESIAN_POINT('',(-15.0808152600428,64.9468210629083,-42.7466586300576));
#4779=CARTESIAN_POINT('Origin',(-8.49387184274352,65.1768421956389,-40.5000000000014));
#4780=CARTESIAN_POINT('',(-13.224178143345,88.9130921473257,-42.7466586300574));
#4781=CARTESIAN_POINT('',(-13.224178143345,88.9130921473257,-38.2533413699448));
#4782=CARTESIAN_POINT('Origin',(-9.34847352902854,89.6494325401041,-40.5000000000011));
#4783=CARTESIAN_POINT('',(-12.4777869426299,67.5392446755082,-42.7466586300576));
#4784=CARTESIAN_POINT('',(-12.3905382008737,65.0407676079604,-42.7466586300576));
#4785=CARTESIAN_POINT('',(-12.4777869426299,67.5392446755081,-38.2533413699451));
#4786=CARTESIAN_POINT('Origin',(-8.58112058449977,67.6753192631867,-40.5000000000013));
#4787=CARTESIAN_POINT('',(-12.3905382008737,65.0407676079604,-38.2533413699451));
#4788=CARTESIAN_POINT('Origin',(-13.8229254722145,67.4922714029821,-40.5000000000013));
#4789=CARTESIAN_POINT('',(-13.3232300587049,67.5097211513333,-38.2533413699451));
#4790=CARTESIAN_POINT('',(-14.4954947370067,67.468784766719,-38.2533413699451));
#4791=CARTESIAN_POINT('',(-13.3232300587049,67.5097211513334,-42.7466586300576));
#4792=CARTESIAN_POINT('',(-13.1503562074222,67.5157580392452,-42.7466586300576));
#4793=CARTESIAN_POINT('Origin',(-8.58112058449977,67.6753192631867,-40.5000000000013));
#4794=CARTESIAN_POINT('Origin',(-18.9774816181729,64.8107464752297,-40.5000000000014));
#4795=CARTESIAN_POINT('',(-14.322620885724,67.4748216546308,-42.7466586300576));
#4796=CARTESIAN_POINT('',(-14.2353721439678,64.9763445870831,-42.7466586300576));
#4797=CARTESIAN_POINT('',(-14.322620885724,67.4748216546308,-38.2533413699451));
#4798=CARTESIAN_POINT('Origin',(-19.0647303599292,67.3092235427775,-40.5000000000013));
#4799=CARTESIAN_POINT('',(-14.2353721439678,64.9763445870831,-38.2533413699451));
#4800=CARTESIAN_POINT('Origin',(-14.2353721439678,64.9763445870831,-38.2533413699451));
#4801=CARTESIAN_POINT('',(-14.4954947370067,67.468784766719,-38.2533413699451));
#4802=CARTESIAN_POINT('',(-11.2054131262772,89.2966348507877,-38.2533413699448));
#4803=CARTESIAN_POINT('',(-13.2359813169487,65.0112440837856,-38.2533413699451));
#4804=CARTESIAN_POINT('Origin',(-13.2359813169487,65.0112440837856,-42.7466586300576));
#4805=CARTESIAN_POINT('',(-13.2359813169487,65.0112440837856,-42.7466586300576));
#4806=CARTESIAN_POINT('',(-9.89852335111525,89.5449292452589,-42.7466586300573));
#4807=CARTESIAN_POINT('',(-13.1503562074222,67.5157580392452,-42.7466586300576));
#4808=CARTESIAN_POINT('Origin',(-8.49387184274352,65.1768421956389,-40.5000000000014));
#4809=CARTESIAN_POINT('Origin',(-13.8229254722145,67.4922714029821,-40.5000000000013));
#4810=CARTESIAN_POINT('Origin',(-2.01754045345474,65.3846476452159,-30.5));
#4811=CARTESIAN_POINT('Origin',(-16.4999999999996,79.7907227480457,-50.));
#4812=CARTESIAN_POINT('',(-2.99999999999709,90.8555712831453,-50.));
#4813=CARTESIAN_POINT('',(-26.9999999999999,86.2958405540793,-50.));
#4814=CARTESIAN_POINT('',(-2.99999999999709,90.8555712831453,-50.));
#4815=CARTESIAN_POINT('Origin',(-25.3999999999999,67.2958405540798,-30.500000000001));
#4816=CARTESIAN_POINT('',(-23.8,66.2958405540797,-30.500000000001));
#4817=CARTESIAN_POINT('Origin',(-11.9,78.0757059186125,19.75));
#4818=CARTESIAN_POINT('',(-9.20849737787006,68.7958405540799,19.75));
#4819=CARTESIAN_POINT('Origin',(-14.5,55.2958405540803,19.75));
#4820=CARTESIAN_POINT('',(-9.20849737787006,69.2958405540799,19.75));
#4821=CARTESIAN_POINT('Origin',(-23.8,65.2958405540797,-17.65));
#4822=CARTESIAN_POINT('',(-23.8,65.2958405540797,-17.65));
#4823=CARTESIAN_POINT('Origin',(-11.9,78.0757059186125,-17.65));
#4824=CARTESIAN_POINT('',(-9.20849737787006,68.7958405540799,-17.65));
#4825=CARTESIAN_POINT('',(-9.20849737787006,69.2958405540799,-17.65));
#4826=CARTESIAN_POINT('Origin',(-14.5,55.2958405540803,-17.65));
#4827=CARTESIAN_POINT('Origin',(-14.5,55.2958405540803,0.));
#4828=CARTESIAN_POINT('',(-9.20849737787006,68.7958405540799,0.));
#4829=CARTESIAN_POINT('Origin',(-9.20849737787006,69.2958405540799,0.));
#4830=CARTESIAN_POINT('Origin',(-5.9999999999994,90.2856049420116,0.));
#4831=CARTESIAN_POINT('',(-5.9999999999994,90.2856049420116,0.));
#4832=CARTESIAN_POINT('Origin',(-2.99999999999709,90.8555712831453,0.));
#4833=CARTESIAN_POINT('',(-2.99999999999709,90.8555712831453,0.));
#4834=CARTESIAN_POINT('Origin',(-2.99999999999711,81.4000000000104,0.));
#4835=UNCERTAINTY_MEASURE_WITH_UNIT(LENGTH_MEASURE(0.01),#4839,
'DISTANCE_ACCURACY_VALUE',
'Maximum model space distance between geometric entities at asserted c
onnectivities');
#4836=UNCERTAINTY_MEASURE_WITH_UNIT(LENGTH_MEASURE(0.01),#4839,
'DISTANCE_ACCURACY_VALUE',
'Maximum model space distance between geometric entities at asserted c
onnectivities');
#4837=(
GEOMETRIC_REPRESENTATION_CONTEXT(3)
GLOBAL_UNCERTAINTY_ASSIGNED_CONTEXT((#4835))
GLOBAL_UNIT_ASSIGNED_CONTEXT((#4839,#4841,#4842))
REPRESENTATION_CONTEXT('','3D')
);
#4838=(
GEOMETRIC_REPRESENTATION_CONTEXT(3)
GLOBAL_UNCERTAINTY_ASSIGNED_CONTEXT((#4836))
GLOBAL_UNIT_ASSIGNED_CONTEXT((#4839,#4841,#4842))
REPRESENTATION_CONTEXT('','3D')
);
#4839=(
LENGTH_UNIT()
NAMED_UNIT(*)
SI_UNIT(.MILLI.,.METRE.)
);
#4840=(
LENGTH_UNIT()
NAMED_UNIT(*)
SI_UNIT(.CENTI.,.METRE.)
);
#4841=(
NAMED_UNIT(*)
PLANE_ANGLE_UNIT()
SI_UNIT($,.RADIAN.)
);
#4842=(
NAMED_UNIT(*)
SI_UNIT($,.STERADIAN.)
SOLID_ANGLE_UNIT()
);
#4843=SHAPE_DEFINITION_REPRESENTATION(#4844,#4845);
#4844=PRODUCT_DEFINITION_SHAPE('',$,#4847);
#4845=SHAPE_REPRESENTATION('',(#2927),#4837);
#4846=PRODUCT_DEFINITION_CONTEXT('part definition',#4851,'design');
#4847=PRODUCT_DEFINITION('FonrtMount','FonrtMount',#4848,#4846);
#4848=PRODUCT_DEFINITION_FORMATION('',$,#4853);
#4849=PRODUCT_RELATED_PRODUCT_CATEGORY('FonrtMount','FonrtMount',(#4853));
#4850=APPLICATION_PROTOCOL_DEFINITION('international standard',
'automotive_design',2009,#4851);
#4851=APPLICATION_CONTEXT(
'Core Data for Automotive Mechanical Design Process');
#4852=PRODUCT_CONTEXT('part definition',#4851,'mechanical');
#4853=PRODUCT('FonrtMount','FonrtMount',$,(#4852));
#4854=PRESENTATION_STYLE_ASSIGNMENT((#4855));
#4855=SURFACE_STYLE_USAGE(.BOTH.,#4858);
#4856=SURFACE_STYLE_RENDERING_WITH_PROPERTIES($,#4862,(#4857));
#4857=SURFACE_STYLE_TRANSPARENT(0.);
#4858=SURFACE_SIDE_STYLE('',(#4859,#4856));
#4859=SURFACE_STYLE_FILL_AREA(#4860);
#4860=FILL_AREA_STYLE('',(#4861));
#4861=FILL_AREA_STYLE_COLOUR('',#4862);
#4862=COLOUR_RGB('',0.749019607843137,0.749019607843137,0.749019607843137);
ENDSEC;
END-ISO-10303-21;
