ISO-10303-21;
HEADER;
FILE_DESCRIPTION(('Open CASCADE Model'),'2;1');
FILE_NAME('Open CASCADE Shape Model','2026-05-10T15:48:10',('Author'),(
    'Open CASCADE'),'Open CASCADE STEP processor 6.8','Open CASCADE 6.8'
  ,'Unknown');
FILE_SCHEMA(('AUTOMOTIVE_DESIGN { 1 0 10303 214 1 1 1 1 }'));
ENDSEC;
DATA;
#1 = APPLICATION_PROTOCOL_DEFINITION('international standard',
  'automotive_design',2000,#2);
#2 = APPLICATION_CONTEXT(
  'core data for automotive mechanical design processes');
#3 = SHAPE_DEFINITION_REPRESENTATION(#4,#10);
#4 = PRODUCT_DEFINITION_SHAPE('','',#5);
#5 = PRODUCT_DEFINITION('design','',#6,#9);
#6 = PRODUCT_DEFINITION_FORMATION('','',#7);
#7 = PRODUCT('PCB','PCB','',(#8));
#8 = PRODUCT_CONTEXT('',#2,'mechanical');
#9 = PRODUCT_DEFINITION_CONTEXT('part definition',#2,'design');
#10 = SHAPE_REPRESENTATION('',(#11,#15,#19,#23),#27);
#11 = AXIS2_PLACEMENT_3D('',#12,#13,#14);
#12 = CARTESIAN_POINT('',(0.E+000,0.E+000,0.E+000));
#13 = DIRECTION('',(0.E+000,0.E+000,1.));
#14 = DIRECTION('',(1.,0.E+000,-0.E+000));
#15 = AXIS2_PLACEMENT_3D('',#16,#17,#18);
#16 = CARTESIAN_POINT('',(0.E+000,0.E+000,0.E+000));
#17 = DIRECTION('',(0.E+000,0.E+000,1.));
#18 = DIRECTION('',(1.,0.E+000,-0.E+000));
#19 = AXIS2_PLACEMENT_3D('',#20,#21,#22);
#20 = CARTESIAN_POINT('',(0.E+000,0.E+000,0.E+000));
#21 = DIRECTION('',(0.E+000,0.E+000,1.));
#22 = DIRECTION('',(1.,0.E+000,-0.E+000));
#23 = AXIS2_PLACEMENT_3D('',#24,#25,#26);
#24 = CARTESIAN_POINT('',(0.E+000,0.E+000,0.E+000));
#25 = DIRECTION('',(0.E+000,0.E+000,1.));
#26 = DIRECTION('',(1.,0.E+000,-0.E+000));
#27 = ( GEOMETRIC_REPRESENTATION_CONTEXT(3) 
GLOBAL_UNCERTAINTY_ASSIGNED_CONTEXT((#31)) GLOBAL_UNIT_ASSIGNED_CONTEXT(
(#28,#29,#30)) REPRESENTATION_CONTEXT('Context #1',
  '3D Context with UNIT and UNCERTAINTY') );
#28 = ( LENGTH_UNIT() NAMED_UNIT(*) SI_UNIT(.MILLI.,.METRE.) );
#29 = ( NAMED_UNIT(*) PLANE_ANGLE_UNIT() SI_UNIT($,.RADIAN.) );
#30 = ( NAMED_UNIT(*) SI_UNIT($,.STERADIAN.) SOLID_ANGLE_UNIT() );
#31 = UNCERTAINTY_MEASURE_WITH_UNIT(LENGTH_MEASURE(1.E-007),#28,
  'distance_accuracy_value','confusion accuracy');
#32 = PRODUCT_RELATED_PRODUCT_CATEGORY('part',$,(#7));
#33 = SHAPE_DEFINITION_REPRESENTATION(#34,#40);
#34 = PRODUCT_DEFINITION_SHAPE('','',#35);
#35 = PRODUCT_DEFINITION('design','',#36,#39);
#36 = PRODUCT_DEFINITION_FORMATION('','',#37);
#37 = PRODUCT('Board','Board','',(#38));
#38 = PRODUCT_CONTEXT('',#2,'mechanical');
#39 = PRODUCT_DEFINITION_CONTEXT('part definition',#2,'design');
#40 = SHAPE_REPRESENTATION('',(#11,#41),#45);
#41 = AXIS2_PLACEMENT_3D('',#42,#43,#44);
#42 = CARTESIAN_POINT('',(0.E+000,0.E+000,-0.41148));
#43 = DIRECTION('',(0.E+000,0.E+000,1.));
#44 = DIRECTION('',(1.,0.E+000,-0.E+000));
#45 = ( GEOMETRIC_REPRESENTATION_CONTEXT(3) 
GLOBAL_UNCERTAINTY_ASSIGNED_CONTEXT((#49)) GLOBAL_UNIT_ASSIGNED_CONTEXT(
(#46,#47,#48)) REPRESENTATION_CONTEXT('Context #1',
  '3D Context with UNIT and UNCERTAINTY') );
#46 = ( LENGTH_UNIT() NAMED_UNIT(*) SI_UNIT(.MILLI.,.METRE.) );
#47 = ( NAMED_UNIT(*) PLANE_ANGLE_UNIT() SI_UNIT($,.RADIAN.) );
#48 = ( NAMED_UNIT(*) SI_UNIT($,.STERADIAN.) SOLID_ANGLE_UNIT() );
#49 = UNCERTAINTY_MEASURE_WITH_UNIT(LENGTH_MEASURE(1.E-007),#46,
  'distance_accuracy_value','confusion accuracy');
#50 = ADVANCED_BREP_SHAPE_REPRESENTATION('',(#11,#51),#333);
#51 = MANIFOLD_SOLID_BREP('',#52);
#52 = CLOSED_SHELL('',(#53,#93,#124,#155,#186,#217,#248,#279,#301,#317)
  );
#53 = ADVANCED_FACE('',(#54),#88,.F.);
#54 = FACE_BOUND('',#55,.F.);
#55 = EDGE_LOOP('',(#56,#66,#74,#82));
#56 = ORIENTED_EDGE('',*,*,#57,.T.);
#57 = EDGE_CURVE('',#58,#60,#62,.T.);
#58 = VERTEX_POINT('',#59);
#59 = CARTESIAN_POINT('',(4.75,0.E+000,0.E+000));
#60 = VERTEX_POINT('',#61);
#61 = CARTESIAN_POINT('',(4.75,0.E+000,0.41148));
#62 = LINE('',#63,#64);
#63 = CARTESIAN_POINT('',(4.75,0.E+000,0.E+000));
#64 = VECTOR('',#65,1.);
#65 = DIRECTION('',(0.E+000,0.E+000,1.));
#66 = ORIENTED_EDGE('',*,*,#67,.T.);
#67 = EDGE_CURVE('',#60,#68,#70,.T.);
#68 = VERTEX_POINT('',#69);
#69 = CARTESIAN_POINT('',(5.,0.25,0.41148));
#70 = LINE('',#71,#72);
#71 = CARTESIAN_POINT('',(4.75,0.E+000,0.41148));
#72 = VECTOR('',#73,1.);
#73 = DIRECTION('',(0.707106781187,0.707106781187,0.E+000));
#74 = ORIENTED_EDGE('',*,*,#75,.F.);
#75 = EDGE_CURVE('',#76,#68,#78,.T.);
#76 = VERTEX_POINT('',#77);
#77 = CARTESIAN_POINT('',(5.,0.25,0.E+000));
#78 = LINE('',#79,#80);
#79 = CARTESIAN_POINT('',(5.,0.25,0.E+000));
#80 = VECTOR('',#81,1.);
#81 = DIRECTION('',(0.E+000,0.E+000,1.));
#82 = ORIENTED_EDGE('',*,*,#83,.F.);
#83 = EDGE_CURVE('',#58,#76,#84,.T.);
#84 = LINE('',#85,#86);
#85 = CARTESIAN_POINT('',(4.75,0.E+000,0.E+000));
#86 = VECTOR('',#87,1.);
#87 = DIRECTION('',(0.707106781187,0.707106781187,0.E+000));
#88 = PLANE('',#89);
#89 = AXIS2_PLACEMENT_3D('',#90,#91,#92);
#90 = CARTESIAN_POINT('',(4.75,0.E+000,0.E+000));
#91 = DIRECTION('',(-0.707106781187,0.707106781187,0.E+000));
#92 = DIRECTION('',(0.707106781187,0.707106781187,0.E+000));
#93 = ADVANCED_FACE('',(#94),#119,.F.);
#94 = FACE_BOUND('',#95,.F.);
#95 = EDGE_LOOP('',(#96,#97,#105,#113));
#96 = ORIENTED_EDGE('',*,*,#75,.T.);
#97 = ORIENTED_EDGE('',*,*,#98,.T.);
#98 = EDGE_CURVE('',#68,#99,#101,.T.);
#99 = VERTEX_POINT('',#100);
#100 = CARTESIAN_POINT('',(5.,4.75,0.41148));
#101 = LINE('',#102,#103);
#102 = CARTESIAN_POINT('',(5.,0.25,0.41148));
#103 = VECTOR('',#104,1.);
#104 = DIRECTION('',(0.E+000,1.,0.E+000));
#105 = ORIENTED_EDGE('',*,*,#106,.F.);
#106 = EDGE_CURVE('',#107,#99,#109,.T.);
#107 = VERTEX_POINT('',#108);
#108 = CARTESIAN_POINT('',(5.,4.75,0.E+000));
#109 = LINE('',#110,#111);
#110 = CARTESIAN_POINT('',(5.,4.75,0.E+000));
#111 = VECTOR('',#112,1.);
#112 = DIRECTION('',(0.E+000,0.E+000,1.));
#113 = ORIENTED_EDGE('',*,*,#114,.F.);
#114 = EDGE_CURVE('',#76,#107,#115,.T.);
#115 = LINE('',#116,#117);
#116 = CARTESIAN_POINT('',(5.,0.25,0.E+000));
#117 = VECTOR('',#118,1.);
#118 = DIRECTION('',(0.E+000,1.,0.E+000));
#119 = PLANE('',#120);
#120 = AXIS2_PLACEMENT_3D('',#121,#122,#123);
#121 = CARTESIAN_POINT('',(5.,0.25,0.E+000));
#122 = DIRECTION('',(-1.,0.E+000,0.E+000));
#123 = DIRECTION('',(0.E+000,1.,0.E+000));
#124 = ADVANCED_FACE('',(#125),#150,.F.);
#125 = FACE_BOUND('',#126,.F.);
#126 = EDGE_LOOP('',(#127,#128,#136,#144));
#127 = ORIENTED_EDGE('',*,*,#106,.T.);
#128 = ORIENTED_EDGE('',*,*,#129,.T.);
#129 = EDGE_CURVE('',#99,#130,#132,.T.);
#130 = VERTEX_POINT('',#131);
#131 = CARTESIAN_POINT('',(4.75,5.,0.41148));
#132 = LINE('',#133,#134);
#133 = CARTESIAN_POINT('',(5.,4.75,0.41148));
#134 = VECTOR('',#135,1.);
#135 = DIRECTION('',(-0.707106781187,0.707106781187,0.E+000));
#136 = ORIENTED_EDGE('',*,*,#137,.F.);
#137 = EDGE_CURVE('',#138,#130,#140,.T.);
#138 = VERTEX_POINT('',#139);
#139 = CARTESIAN_POINT('',(4.75,5.,0.E+000));
#140 = LINE('',#141,#142);
#141 = CARTESIAN_POINT('',(4.75,5.,0.E+000));
#142 = VECTOR('',#143,1.);
#143 = DIRECTION('',(0.E+000,0.E+000,1.));
#144 = ORIENTED_EDGE('',*,*,#145,.F.);
#145 = EDGE_CURVE('',#107,#138,#146,.T.);
#146 = LINE('',#147,#148);
#147 = CARTESIAN_POINT('',(5.,4.75,0.E+000));
#148 = VECTOR('',#149,1.);
#149 = DIRECTION('',(-0.707106781187,0.707106781187,0.E+000));
#150 = PLANE('',#151);
#151 = AXIS2_PLACEMENT_3D('',#152,#153,#154);
#152 = CARTESIAN_POINT('',(5.,4.75,0.E+000));
#153 = DIRECTION('',(-0.707106781187,-0.707106781187,0.E+000));
#154 = DIRECTION('',(-0.707106781187,0.707106781187,0.E+000));
#155 = ADVANCED_FACE('',(#156),#181,.F.);
#156 = FACE_BOUND('',#157,.F.);
#157 = EDGE_LOOP('',(#158,#159,#167,#175));
#158 = ORIENTED_EDGE('',*,*,#137,.T.);
#159 = ORIENTED_EDGE('',*,*,#160,.T.);
#160 = EDGE_CURVE('',#130,#161,#163,.T.);
#161 = VERTEX_POINT('',#162);
#162 = CARTESIAN_POINT('',(0.25,5.,0.41148));
#163 = LINE('',#164,#165);
#164 = CARTESIAN_POINT('',(4.75,5.,0.41148));
#165 = VECTOR('',#166,1.);
#166 = DIRECTION('',(-1.,0.E+000,0.E+000));
#167 = ORIENTED_EDGE('',*,*,#168,.F.);
#168 = EDGE_CURVE('',#169,#161,#171,.T.);
#169 = VERTEX_POINT('',#170);
#170 = CARTESIAN_POINT('',(0.25,5.,0.E+000));
#171 = LINE('',#172,#173);
#172 = CARTESIAN_POINT('',(0.25,5.,0.E+000));
#173 = VECTOR('',#174,1.);
#174 = DIRECTION('',(0.E+000,0.E+000,1.));
#175 = ORIENTED_EDGE('',*,*,#176,.F.);
#176 = EDGE_CURVE('',#138,#169,#177,.T.);
#177 = LINE('',#178,#179);
#178 = CARTESIAN_POINT('',(4.75,5.,0.E+000));
#179 = VECTOR('',#180,1.);
#180 = DIRECTION('',(-1.,0.E+000,0.E+000));
#181 = PLANE('',#182);
#182 = AXIS2_PLACEMENT_3D('',#183,#184,#185);
#183 = CARTESIAN_POINT('',(4.75,5.,0.E+000));
#184 = DIRECTION('',(0.E+000,-1.,0.E+000));
#185 = DIRECTION('',(-1.,0.E+000,0.E+000));
#186 = ADVANCED_FACE('',(#187),#212,.F.);
#187 = FACE_BOUND('',#188,.F.);
#188 = EDGE_LOOP('',(#189,#190,#198,#206));
#189 = ORIENTED_EDGE('',*,*,#168,.T.);
#190 = ORIENTED_EDGE('',*,*,#191,.T.);
#191 = EDGE_CURVE('',#161,#192,#194,.T.);
#192 = VERTEX_POINT('',#193);
#193 = CARTESIAN_POINT('',(0.E+000,4.75,0.41148));
#194 = LINE('',#195,#196);
#195 = CARTESIAN_POINT('',(0.25,5.,0.41148));
#196 = VECTOR('',#197,1.);
#197 = DIRECTION('',(-0.707106781187,-0.707106781187,0.E+000));
#198 = ORIENTED_EDGE('',*,*,#199,.F.);
#199 = EDGE_CURVE('',#200,#192,#202,.T.);
#200 = VERTEX_POINT('',#201);
#201 = CARTESIAN_POINT('',(0.E+000,4.75,0.E+000));
#202 = LINE('',#203,#204);
#203 = CARTESIAN_POINT('',(0.E+000,4.75,0.E+000));
#204 = VECTOR('',#205,1.);
#205 = DIRECTION('',(0.E+000,0.E+000,1.));
#206 = ORIENTED_EDGE('',*,*,#207,.F.);
#207 = EDGE_CURVE('',#169,#200,#208,.T.);
#208 = LINE('',#209,#210);
#209 = CARTESIAN_POINT('',(0.25,5.,0.E+000));
#210 = VECTOR('',#211,1.);
#211 = DIRECTION('',(-0.707106781187,-0.707106781187,0.E+000));
#212 = PLANE('',#213);
#213 = AXIS2_PLACEMENT_3D('',#214,#215,#216);
#214 = CARTESIAN_POINT('',(0.25,5.,0.E+000));
#215 = DIRECTION('',(0.707106781187,-0.707106781187,0.E+000));
#216 = DIRECTION('',(-0.707106781187,-0.707106781187,0.E+000));
#217 = ADVANCED_FACE('',(#218),#243,.F.);
#218 = FACE_BOUND('',#219,.F.);
#219 = EDGE_LOOP('',(#220,#221,#229,#237));
#220 = ORIENTED_EDGE('',*,*,#199,.T.);
#221 = ORIENTED_EDGE('',*,*,#222,.T.);
#222 = EDGE_CURVE('',#192,#223,#225,.T.);
#223 = VERTEX_POINT('',#224);
#224 = CARTESIAN_POINT('',(0.E+000,0.25,0.41148));
#225 = LINE('',#226,#227);
#226 = CARTESIAN_POINT('',(0.E+000,4.75,0.41148));
#227 = VECTOR('',#228,1.);
#228 = DIRECTION('',(0.E+000,-1.,0.E+000));
#229 = ORIENTED_EDGE('',*,*,#230,.F.);
#230 = EDGE_CURVE('',#231,#223,#233,.T.);
#231 = VERTEX_POINT('',#232);
#232 = CARTESIAN_POINT('',(0.E+000,0.25,0.E+000));
#233 = LINE('',#234,#235);
#234 = CARTESIAN_POINT('',(0.E+000,0.25,0.E+000));
#235 = VECTOR('',#236,1.);
#236 = DIRECTION('',(0.E+000,0.E+000,1.));
#237 = ORIENTED_EDGE('',*,*,#238,.F.);
#238 = EDGE_CURVE('',#200,#231,#239,.T.);
#239 = LINE('',#240,#241);
#240 = CARTESIAN_POINT('',(0.E+000,4.75,0.E+000));
#241 = VECTOR('',#242,1.);
#242 = DIRECTION('',(0.E+000,-1.,0.E+000));
#243 = PLANE('',#244);
#244 = AXIS2_PLACEMENT_3D('',#245,#246,#247);
#245 = CARTESIAN_POINT('',(0.E+000,4.75,0.E+000));
#246 = DIRECTION('',(1.,0.E+000,-0.E+000));
#247 = DIRECTION('',(0.E+000,-1.,0.E+000));
#248 = ADVANCED_FACE('',(#249),#274,.F.);
#249 = FACE_BOUND('',#250,.F.);
#250 = EDGE_LOOP('',(#251,#252,#260,#268));
#251 = ORIENTED_EDGE('',*,*,#230,.T.);
#252 = ORIENTED_EDGE('',*,*,#253,.T.);
#253 = EDGE_CURVE('',#223,#254,#256,.T.);
#254 = VERTEX_POINT('',#255);
#255 = CARTESIAN_POINT('',(0.25,0.E+000,0.41148));
#256 = LINE('',#257,#258);
#257 = CARTESIAN_POINT('',(0.E+000,0.25,0.41148));
#258 = VECTOR('',#259,1.);
#259 = DIRECTION('',(0.707106781187,-0.707106781187,0.E+000));
#260 = ORIENTED_EDGE('',*,*,#261,.F.);
#261 = EDGE_CURVE('',#262,#254,#264,.T.);
#262 = VERTEX_POINT('',#263);
#263 = CARTESIAN_POINT('',(0.25,0.E+000,0.E+000));
#264 = LINE('',#265,#266);
#265 = CARTESIAN_POINT('',(0.25,0.E+000,0.E+000));
#266 = VECTOR('',#267,1.);
#267 = DIRECTION('',(0.E+000,0.E+000,1.));
#268 = ORIENTED_EDGE('',*,*,#269,.F.);
#269 = EDGE_CURVE('',#231,#262,#270,.T.);
#270 = LINE('',#271,#272);
#271 = CARTESIAN_POINT('',(0.E+000,0.25,0.E+000));
#272 = VECTOR('',#273,1.);
#273 = DIRECTION('',(0.707106781187,-0.707106781187,0.E+000));
#274 = PLANE('',#275);
#275 = AXIS2_PLACEMENT_3D('',#276,#277,#278);
#276 = CARTESIAN_POINT('',(0.E+000,0.25,0.E+000));
#277 = DIRECTION('',(0.707106781187,0.707106781187,-0.E+000));
#278 = DIRECTION('',(0.707106781187,-0.707106781187,0.E+000));
#279 = ADVANCED_FACE('',(#280),#296,.F.);
#280 = FACE_BOUND('',#281,.F.);
#281 = EDGE_LOOP('',(#282,#283,#289,#290));
#282 = ORIENTED_EDGE('',*,*,#261,.T.);
#283 = ORIENTED_EDGE('',*,*,#284,.T.);
#284 = EDGE_CURVE('',#254,#60,#285,.T.);
#285 = LINE('',#286,#287);
#286 = CARTESIAN_POINT('',(0.25,0.E+000,0.41148));
#287 = VECTOR('',#288,1.);
#288 = DIRECTION('',(1.,0.E+000,0.E+000));
#289 = ORIENTED_EDGE('',*,*,#57,.F.);
#290 = ORIENTED_EDGE('',*,*,#291,.F.);
#291 = EDGE_CURVE('',#262,#58,#292,.T.);
#292 = LINE('',#293,#294);
#293 = CARTESIAN_POINT('',(0.25,0.E+000,0.E+000));
#294 = VECTOR('',#295,1.);
#295 = DIRECTION('',(1.,0.E+000,0.E+000));
#296 = PLANE('',#297);
#297 = AXIS2_PLACEMENT_3D('',#298,#299,#300);
#298 = CARTESIAN_POINT('',(0.25,0.E+000,0.E+000));
#299 = DIRECTION('',(0.E+000,1.,0.E+000));
#300 = DIRECTION('',(1.,0.E+000,0.E+000));
#301 = ADVANCED_FACE('',(#302),#312,.T.);
#302 = FACE_BOUND('',#303,.F.);
#303 = EDGE_LOOP('',(#304,#305,#306,#307,#308,#309,#310,#311));
#304 = ORIENTED_EDGE('',*,*,#83,.T.);
#305 = ORIENTED_EDGE('',*,*,#114,.T.);
#306 = ORIENTED_EDGE('',*,*,#145,.T.);
#307 = ORIENTED_EDGE('',*,*,#176,.T.);
#308 = ORIENTED_EDGE('',*,*,#207,.T.);
#309 = ORIENTED_EDGE('',*,*,#238,.T.);
#310 = ORIENTED_EDGE('',*,*,#269,.T.);
#311 = ORIENTED_EDGE('',*,*,#291,.T.);
#312 = PLANE('',#313);
#313 = AXIS2_PLACEMENT_3D('',#314,#315,#316);
#314 = CARTESIAN_POINT('',(4.75,0.E+000,0.E+000));
#315 = DIRECTION('',(0.E+000,0.E+000,-1.));
#316 = DIRECTION('',(-1.,0.E+000,-0.E+000));
#317 = ADVANCED_FACE('',(#318),#328,.F.);
#318 = FACE_BOUND('',#319,.T.);
#319 = EDGE_LOOP('',(#320,#321,#322,#323,#324,#325,#326,#327));
#320 = ORIENTED_EDGE('',*,*,#67,.T.);
#321 = ORIENTED_EDGE('',*,*,#98,.T.);
#322 = ORIENTED_EDGE('',*,*,#129,.T.);
#323 = ORIENTED_EDGE('',*,*,#160,.T.);
#324 = ORIENTED_EDGE('',*,*,#191,.T.);
#325 = ORIENTED_EDGE('',*,*,#222,.T.);
#326 = ORIENTED_EDGE('',*,*,#253,.T.);
#327 = ORIENTED_EDGE('',*,*,#284,.T.);
#328 = PLANE('',#329);
#329 = AXIS2_PLACEMENT_3D('',#330,#331,#332);
#330 = CARTESIAN_POINT('',(4.75,0.E+000,0.41148));
#331 = DIRECTION('',(0.E+000,0.E+000,-1.));
#332 = DIRECTION('',(-1.,0.E+000,-0.E+000));
#333 = ( GEOMETRIC_REPRESENTATION_CONTEXT(3) 
GLOBAL_UNCERTAINTY_ASSIGNED_CONTEXT((#337)) GLOBAL_UNIT_ASSIGNED_CONTEXT
((#334,#335,#336)) REPRESENTATION_CONTEXT('Context #1',
  '3D Context with UNIT and UNCERTAINTY') );
#334 = ( LENGTH_UNIT() NAMED_UNIT(*) SI_UNIT(.MILLI.,.METRE.) );
#335 = ( NAMED_UNIT(*) PLANE_ANGLE_UNIT() SI_UNIT($,.RADIAN.) );
#336 = ( NAMED_UNIT(*) SI_UNIT($,.STERADIAN.) SOLID_ANGLE_UNIT() );
#337 = UNCERTAINTY_MEASURE_WITH_UNIT(LENGTH_MEASURE(1.E-007),#334,
  'distance_accuracy_value','confusion accuracy');
#338 = SHAPE_DEFINITION_REPRESENTATION(#339,#50);
#339 = PRODUCT_DEFINITION_SHAPE('','',#340);
#340 = PRODUCT_DEFINITION('design','',#341,#344);
#341 = PRODUCT_DEFINITION_FORMATION('','',#342);
#342 = PRODUCT('Open CASCADE STEP translator 6.8 1.1.1',
  'Open CASCADE STEP translator 6.8 1.1.1','',(#343));
#343 = PRODUCT_CONTEXT('',#2,'mechanical');
#344 = PRODUCT_DEFINITION_CONTEXT('part definition',#2,'design');
#345 = CONTEXT_DEPENDENT_SHAPE_REPRESENTATION(#346,#348);
#346 = ( REPRESENTATION_RELATIONSHIP('','',#50,#40) 
REPRESENTATION_RELATIONSHIP_WITH_TRANSFORMATION(#347) 
SHAPE_REPRESENTATION_RELATIONSHIP() );
#347 = ITEM_DEFINED_TRANSFORMATION('','',#11,#41);
#348 = PRODUCT_DEFINITION_SHAPE('Placement','Placement of an item',#349
  );
#349 = NEXT_ASSEMBLY_USAGE_OCCURRENCE('1','','',#35,#340,$);
#350 = PRODUCT_RELATED_PRODUCT_CATEGORY('part',$,(#342));
#351 = CONTEXT_DEPENDENT_SHAPE_REPRESENTATION(#352,#354);
#352 = ( REPRESENTATION_RELATIONSHIP('','',#40,#10) 
REPRESENTATION_RELATIONSHIP_WITH_TRANSFORMATION(#353) 
SHAPE_REPRESENTATION_RELATIONSHIP() );
#353 = ITEM_DEFINED_TRANSFORMATION('','',#11,#15);
#354 = PRODUCT_DEFINITION_SHAPE('Placement','Placement of an item',#355
  );
#355 = NEXT_ASSEMBLY_USAGE_OCCURRENCE('2','','',#5,#35,$);
#356 = PRODUCT_RELATED_PRODUCT_CATEGORY('part',$,(#37));
#357 = SHAPE_DEFINITION_REPRESENTATION(#358,#364);
#358 = PRODUCT_DEFINITION_SHAPE('','',#359);
#359 = PRODUCT_DEFINITION('design','',#360,#363);
#360 = PRODUCT_DEFINITION_FORMATION('','',#361);
#361 = PRODUCT('J1','J1','',(#362));
#362 = PRODUCT_CONTEXT('',#2,'mechanical');
#363 = PRODUCT_DEFINITION_CONTEXT('part definition',#2,'design');
#364 = SHAPE_REPRESENTATION('',(#11,#365),#369);
#365 = AXIS2_PLACEMENT_3D('',#366,#367,#368);
#366 = CARTESIAN_POINT('',(2.370000163833,2.500000167148,0.299999386072)
  );
#367 = DIRECTION('',(0.E+000,-1.,-4.371138828674E-008));
#368 = DIRECTION('',(1.,0.E+000,0.E+000));
#369 = ( GEOMETRIC_REPRESENTATION_CONTEXT(3) 
GLOBAL_UNCERTAINTY_ASSIGNED_CONTEXT((#373)) GLOBAL_UNIT_ASSIGNED_CONTEXT
((#370,#371,#372)) REPRESENTATION_CONTEXT('Context #1',
  '3D Context with UNIT and UNCERTAINTY') );
#370 = ( LENGTH_UNIT() NAMED_UNIT(*) SI_UNIT(.MILLI.,.METRE.) );
#371 = ( NAMED_UNIT(*) PLANE_ANGLE_UNIT() SI_UNIT($,.RADIAN.) );
#372 = ( NAMED_UNIT(*) SI_UNIT($,.STERADIAN.) SOLID_ANGLE_UNIT() );
#373 = UNCERTAINTY_MEASURE_WITH_UNIT(LENGTH_MEASURE(1.E-007),#370,
  'distance_accuracy_value','confusion accuracy');
#374 = SHAPE_DEFINITION_REPRESENTATION(#375,#381);
#375 = PRODUCT_DEFINITION_SHAPE('','',#376);
#376 = PRODUCT_DEFINITION('design','',#377,#380);
#377 = PRODUCT_DEFINITION_FORMATION('','',#378);
#378 = PRODUCT('6180559504','6180559504','',(#379));
#379 = PRODUCT_CONTEXT('',#2,'mechanical');
#380 = PRODUCT_DEFINITION_CONTEXT('part definition',#2,'design');
#381 = SHAPE_REPRESENTATION('',(#11,#382,#386),#390);
#382 = AXIS2_PLACEMENT_3D('',#383,#384,#385);
#383 = CARTESIAN_POINT('',(0.E+000,0.E+000,0.E+000));
#384 = DIRECTION('',(0.E+000,0.E+000,1.));
#385 = DIRECTION('',(1.,0.E+000,0.E+000));
#386 = AXIS2_PLACEMENT_3D('',#387,#388,#389);
#387 = CARTESIAN_POINT('',(0.E+000,0.E+000,0.E+000));
#388 = DIRECTION('',(0.E+000,0.E+000,1.));
#389 = DIRECTION('',(1.,0.E+000,0.E+000));
#390 = ( GEOMETRIC_REPRESENTATION_CONTEXT(3) 
GLOBAL_UNCERTAINTY_ASSIGNED_CONTEXT((#394)) GLOBAL_UNIT_ASSIGNED_CONTEXT
((#391,#392,#393)) REPRESENTATION_CONTEXT('Context #1',
  '3D Context with UNIT and UNCERTAINTY') );
#391 = ( LENGTH_UNIT() NAMED_UNIT(*) SI_UNIT(.MILLI.,.METRE.) );
#392 = ( NAMED_UNIT(*) PLANE_ANGLE_UNIT() SI_UNIT($,.RADIAN.) );
#393 = ( NAMED_UNIT(*) SI_UNIT($,.STERADIAN.) SOLID_ANGLE_UNIT() );
#394 = UNCERTAINTY_MEASURE_WITH_UNIT(LENGTH_MEASURE(1.E-007),#391,
  'distance_accuracy_value','confusion accuracy');
#395 = ADVANCED_BREP_SHAPE_REPRESENTATION('',(#11,#396),#3104);
#396 = MANIFOLD_SOLID_BREP('',#397);
#397 = CLOSED_SHELL('',(#398,#438,#469,#500,#540,#571,#602,#642,#673,
    #704,#744,#775,#806,#867,#928,#989,#1050,#1074,#1099,#1131,#1148,
    #1172,#1212,#1243,#1274,#1305,#1336,#1367,#1398,#1429,#1460,#1491,
    #1522,#1553,#1584,#1608,#1632,#1657,#1713,#1744,#1798,#1823,#1840,
    #1864,#1920,#1951,#2021,#2052,#2083,#2114,#2145,#2176,#2207,#2238,
    #2269,#2300,#2331,#2362,#2393,#2424,#2494,#2525,#2579,#2596,#2650,
    #2662,#2674,#2699,#2716,#2746,#2781,#2793,#2805,#2817,#2834,#2854,
    #2866,#2901,#2918,#2948,#2960,#2972,#2984,#2996,#3008,#3020,#3032,
    #3044,#3056,#3068,#3080,#3092));
#398 = ADVANCED_FACE('',(#399),#433,.T.);
#399 = FACE_BOUND('',#400,.T.);
#400 = EDGE_LOOP('',(#401,#411,#419,#427));
#401 = ORIENTED_EDGE('',*,*,#402,.T.);
#402 = EDGE_CURVE('',#403,#405,#407,.T.);
#403 = VERTEX_POINT('',#404);
#404 = CARTESIAN_POINT('',(0.402046275902,-5.444727590197E-002,2.6035));
#405 = VERTEX_POINT('',#406);
#406 = CARTESIAN_POINT('',(0.597951724098,-5.444727590197E-002,2.6035));
#407 = LINE('',#408,#409);
#408 = CARTESIAN_POINT('',(-1.347597,-5.444727590197E-002,2.6035));
#409 = VECTOR('',#410,1.);
#410 = DIRECTION('',(1.,0.E+000,0.E+000));
#411 = ORIENTED_EDGE('',*,*,#412,.T.);
#412 = EDGE_CURVE('',#405,#413,#415,.T.);
#413 = VERTEX_POINT('',#414);
#414 = CARTESIAN_POINT('',(0.652399,0.E+000,2.4003));
#415 = LINE('',#416,#417);
#416 = CARTESIAN_POINT('',(0.526835810537,-0.125563189462,2.868908202635
    ));
#417 = VECTOR('',#418,1.);
#418 = DIRECTION('',(0.250562807086,0.250562807086,-0.935113126531));
#419 = ORIENTED_EDGE('',*,*,#420,.F.);
#420 = EDGE_CURVE('',#421,#413,#423,.T.);
#421 = VERTEX_POINT('',#422);
#422 = CARTESIAN_POINT('',(0.347599,0.E+000,2.4003));
#423 = LINE('',#424,#425);
#424 = CARTESIAN_POINT('',(-1.347597,0.E+000,2.4003));
#425 = VECTOR('',#426,1.);
#426 = DIRECTION('',(1.,0.E+000,0.E+000));
#427 = ORIENTED_EDGE('',*,*,#428,.T.);
#428 = EDGE_CURVE('',#421,#403,#429,.T.);
#429 = LINE('',#430,#431);
#430 = CARTESIAN_POINT('',(0.241171678883,0.106427321117,2.003107830279)
  );
#431 = VECTOR('',#432,1.);
#432 = DIRECTION('',(0.250562807086,-0.250562807086,0.935113126531));
#433 = PLANE('',#434);
#434 = AXIS2_PLACEMENT_3D('',#435,#436,#437);
#435 = CARTESIAN_POINT('',(-1.347597,0.E+000,2.4003));
#436 = DIRECTION('',(0.E+000,0.965925826289,0.258819045102));
#437 = DIRECTION('',(0.E+000,-0.258819045102,0.965925826289));
#438 = ADVANCED_FACE('',(#439),#464,.T.);
#439 = FACE_BOUND('',#440,.T.);
#440 = EDGE_LOOP('',(#441,#451,#457,#458));
#441 = ORIENTED_EDGE('',*,*,#442,.T.);
#442 = EDGE_CURVE('',#443,#445,#447,.T.);
#443 = VERTEX_POINT('',#444);
#444 = CARTESIAN_POINT('',(0.402046275902,-0.250352724098,2.6035));
#445 = VERTEX_POINT('',#446);
#446 = CARTESIAN_POINT('',(0.597951724098,-0.250352724098,2.6035));
#447 = LINE('',#448,#449);
#448 = CARTESIAN_POINT('',(-1.347597,-0.250352724098,2.6035));
#449 = VECTOR('',#450,1.);
#450 = DIRECTION('',(1.,0.E+000,0.E+000));
#451 = ORIENTED_EDGE('',*,*,#452,.T.);
#452 = EDGE_CURVE('',#445,#405,#453,.T.);
#453 = LINE('',#454,#455);
#454 = CARTESIAN_POINT('',(0.597951724098,-0.3048,2.6035));
#455 = VECTOR('',#456,1.);
#456 = DIRECTION('',(0.E+000,1.,0.E+000));
#457 = ORIENTED_EDGE('',*,*,#402,.F.);
#458 = ORIENTED_EDGE('',*,*,#459,.F.);
#459 = EDGE_CURVE('',#443,#403,#460,.T.);
#460 = LINE('',#461,#462);
#461 = CARTESIAN_POINT('',(0.402046275902,-0.3048,2.6035));
#462 = VECTOR('',#463,1.);
#463 = DIRECTION('',(0.E+000,1.,0.E+000));
#464 = PLANE('',#465);
#465 = AXIS2_PLACEMENT_3D('',#466,#467,#468);
#466 = CARTESIAN_POINT('',(-1.347597,-5.444727590197E-002,2.6035));
#467 = DIRECTION('',(0.E+000,0.E+000,1.));
#468 = DIRECTION('',(1.,0.E+000,-0.E+000));
#469 = ADVANCED_FACE('',(#470),#495,.T.);
#470 = FACE_BOUND('',#471,.T.);
#471 = EDGE_LOOP('',(#472,#482,#488,#489));
#472 = ORIENTED_EDGE('',*,*,#473,.T.);
#473 = EDGE_CURVE('',#474,#476,#478,.T.);
#474 = VERTEX_POINT('',#475);
#475 = CARTESIAN_POINT('',(0.347599,-0.3048,2.4003));
#476 = VERTEX_POINT('',#477);
#477 = CARTESIAN_POINT('',(0.652399,-0.3048,2.4003));
#478 = LINE('',#479,#480);
#479 = CARTESIAN_POINT('',(-1.347597,-0.3048,2.4003));
#480 = VECTOR('',#481,1.);
#481 = DIRECTION('',(1.,0.E+000,0.E+000));
#482 = ORIENTED_EDGE('',*,*,#483,.T.);
#483 = EDGE_CURVE('',#476,#445,#484,.T.);
#484 = LINE('',#485,#486);
#485 = CARTESIAN_POINT('',(0.475806828282,-0.128207828282,3.059350957071
    ));
#486 = VECTOR('',#487,1.);
#487 = DIRECTION('',(-0.250562807086,0.250562807086,0.935113126531));
#488 = ORIENTED_EDGE('',*,*,#442,.F.);
#489 = ORIENTED_EDGE('',*,*,#490,.T.);
#490 = EDGE_CURVE('',#443,#474,#491,.T.);
#491 = LINE('',#492,#493);
#492 = CARTESIAN_POINT('',(0.292200661139,-0.360198338861,2.193550584715
    ));
#493 = VECTOR('',#494,1.);
#494 = DIRECTION('',(-0.250562807086,-0.250562807086,-0.935113126531));
#495 = PLANE('',#496);
#496 = AXIS2_PLACEMENT_3D('',#497,#498,#499);
#497 = CARTESIAN_POINT('',(-1.347597,-0.250352724098,2.6035));
#498 = DIRECTION('',(0.E+000,-0.965925826289,0.258819045103));
#499 = DIRECTION('',(0.E+000,-0.258819045103,-0.965925826289));
#500 = ADVANCED_FACE('',(#501),#535,.T.);
#501 = FACE_BOUND('',#502,.T.);
#502 = EDGE_LOOP('',(#503,#513,#521,#529));
#503 = ORIENTED_EDGE('',*,*,#504,.F.);
#504 = EDGE_CURVE('',#505,#507,#509,.T.);
#505 = VERTEX_POINT('',#506);
#506 = CARTESIAN_POINT('',(0.347599,-0.3048,-2.4003));
#507 = VERTEX_POINT('',#508);
#508 = CARTESIAN_POINT('',(0.652399,-0.3048,-2.4003));
#509 = LINE('',#510,#511);
#510 = CARTESIAN_POINT('',(-1.347597,-0.3048,-2.4003));
#511 = VECTOR('',#512,1.);
#512 = DIRECTION('',(1.,0.E+000,0.E+000));
#513 = ORIENTED_EDGE('',*,*,#514,.T.);
#514 = EDGE_CURVE('',#505,#515,#517,.T.);
#515 = VERTEX_POINT('',#516);
#516 = CARTESIAN_POINT('',(0.402046275902,-0.250352724098,-2.6035));
#517 = LINE('',#518,#519);
#518 = CARTESIAN_POINT('',(0.241171678883,-0.411227321117,
    -2.003107830279));
#519 = VECTOR('',#520,1.);
#520 = DIRECTION('',(0.250562807086,0.250562807086,-0.935113126531));
#521 = ORIENTED_EDGE('',*,*,#522,.T.);
#522 = EDGE_CURVE('',#515,#523,#525,.T.);
#523 = VERTEX_POINT('',#524);
#524 = CARTESIAN_POINT('',(0.597951724098,-0.250352724098,-2.6035));
#525 = LINE('',#526,#527);
#526 = CARTESIAN_POINT('',(-1.347597,-0.250352724098,-2.6035));
#527 = VECTOR('',#528,1.);
#528 = DIRECTION('',(1.,0.E+000,0.E+000));
#529 = ORIENTED_EDGE('',*,*,#530,.T.);
#530 = EDGE_CURVE('',#523,#507,#531,.T.);
#531 = LINE('',#532,#533);
#532 = CARTESIAN_POINT('',(0.526835810537,-0.179236810537,
    -2.868908202635));
#533 = VECTOR('',#534,1.);
#534 = DIRECTION('',(0.250562807086,-0.250562807086,0.935113126531));
#535 = PLANE('',#536);
#536 = AXIS2_PLACEMENT_3D('',#537,#538,#539);
#537 = CARTESIAN_POINT('',(-1.347597,-0.3048,-2.4003));
#538 = DIRECTION('',(0.E+000,-0.965925826289,-0.258819045103));
#539 = DIRECTION('',(0.E+000,0.258819045103,-0.965925826289));
#540 = ADVANCED_FACE('',(#541),#566,.T.);
#541 = FACE_BOUND('',#542,.T.);
#542 = EDGE_LOOP('',(#543,#544,#552,#560));
#543 = ORIENTED_EDGE('',*,*,#522,.F.);
#544 = ORIENTED_EDGE('',*,*,#545,.T.);
#545 = EDGE_CURVE('',#515,#546,#548,.T.);
#546 = VERTEX_POINT('',#547);
#547 = CARTESIAN_POINT('',(0.402046275902,-5.444727590197E-002,-2.6035)
  );
#548 = LINE('',#549,#550);
#549 = CARTESIAN_POINT('',(0.402046275902,-0.3048,-2.6035));
#550 = VECTOR('',#551,1.);
#551 = DIRECTION('',(0.E+000,1.,0.E+000));
#552 = ORIENTED_EDGE('',*,*,#553,.T.);
#553 = EDGE_CURVE('',#546,#554,#556,.T.);
#554 = VERTEX_POINT('',#555);
#555 = CARTESIAN_POINT('',(0.597951724098,-5.444727590197E-002,-2.6035)
  );
#556 = LINE('',#557,#558);
#557 = CARTESIAN_POINT('',(-1.347597,-5.444727590197E-002,-2.6035));
#558 = VECTOR('',#559,1.);
#559 = DIRECTION('',(1.,0.E+000,0.E+000));
#560 = ORIENTED_EDGE('',*,*,#561,.F.);
#561 = EDGE_CURVE('',#523,#554,#562,.T.);
#562 = LINE('',#563,#564);
#563 = CARTESIAN_POINT('',(0.597951724098,-0.3048,-2.6035));
#564 = VECTOR('',#565,1.);
#565 = DIRECTION('',(0.E+000,1.,0.E+000));
#566 = PLANE('',#567);
#567 = AXIS2_PLACEMENT_3D('',#568,#569,#570);
#568 = CARTESIAN_POINT('',(-1.347597,-0.250352724098,-2.6035));
#569 = DIRECTION('',(0.E+000,0.E+000,-1.));
#570 = DIRECTION('',(-1.,0.E+000,0.E+000));
#571 = ADVANCED_FACE('',(#572),#597,.T.);
#572 = FACE_BOUND('',#573,.T.);
#573 = EDGE_LOOP('',(#574,#575,#583,#591));
#574 = ORIENTED_EDGE('',*,*,#553,.F.);
#575 = ORIENTED_EDGE('',*,*,#576,.T.);
#576 = EDGE_CURVE('',#546,#577,#579,.T.);
#577 = VERTEX_POINT('',#578);
#578 = CARTESIAN_POINT('',(0.347599,0.E+000,-2.4003));
#579 = LINE('',#580,#581);
#580 = CARTESIAN_POINT('',(0.292200661139,5.539833886116E-002,
    -2.193550584715));
#581 = VECTOR('',#582,1.);
#582 = DIRECTION('',(-0.250562807086,0.250562807086,0.935113126531));
#583 = ORIENTED_EDGE('',*,*,#584,.T.);
#584 = EDGE_CURVE('',#577,#585,#587,.T.);
#585 = VERTEX_POINT('',#586);
#586 = CARTESIAN_POINT('',(0.652399,0.E+000,-2.4003));
#587 = LINE('',#588,#589);
#588 = CARTESIAN_POINT('',(-1.347597,0.E+000,-2.4003));
#589 = VECTOR('',#590,1.);
#590 = DIRECTION('',(1.,0.E+000,0.E+000));
#591 = ORIENTED_EDGE('',*,*,#592,.T.);
#592 = EDGE_CURVE('',#585,#554,#593,.T.);
#593 = LINE('',#594,#595);
#594 = CARTESIAN_POINT('',(0.475806828282,-0.176592171718,
    -3.059350957071));
#595 = VECTOR('',#596,1.);
#596 = DIRECTION('',(-0.250562807086,-0.250562807086,-0.935113126531));
#597 = PLANE('',#598);
#598 = AXIS2_PLACEMENT_3D('',#599,#600,#601);
#599 = CARTESIAN_POINT('',(-1.347597,-5.444727590197E-002,-2.6035));
#600 = DIRECTION('',(0.E+000,0.965925826289,-0.258819045102));
#601 = DIRECTION('',(0.E+000,0.258819045102,0.965925826289));
#602 = ADVANCED_FACE('',(#603),#637,.T.);
#603 = FACE_BOUND('',#604,.T.);
#604 = EDGE_LOOP('',(#605,#615,#623,#631));
#605 = ORIENTED_EDGE('',*,*,#606,.T.);
#606 = EDGE_CURVE('',#607,#609,#611,.T.);
#607 = VERTEX_POINT('',#608);
#608 = CARTESIAN_POINT('',(-0.597951724098,-5.444727590197E-002,2.6035)
  );
#609 = VERTEX_POINT('',#610);
#610 = CARTESIAN_POINT('',(-0.402046275902,-5.444727590197E-002,2.6035)
  );
#611 = LINE('',#612,#613);
#612 = CARTESIAN_POINT('',(-1.347597,-5.444727590197E-002,2.6035));
#613 = VECTOR('',#614,1.);
#614 = DIRECTION('',(1.,0.E+000,0.E+000));
#615 = ORIENTED_EDGE('',*,*,#616,.T.);
#616 = EDGE_CURVE('',#609,#617,#619,.T.);
#617 = VERTEX_POINT('',#618);
#618 = CARTESIAN_POINT('',(-0.347599,0.E+000,2.4003));
#619 = LINE('',#620,#621);
#620 = CARTESIAN_POINT('',(-0.410380594731,-6.278159473123E-002,
    2.634604101317));
#621 = VECTOR('',#622,1.);
#622 = DIRECTION('',(0.250562807086,0.250562807086,-0.935113126531));
#623 = ORIENTED_EDGE('',*,*,#624,.F.);
#624 = EDGE_CURVE('',#625,#617,#627,.T.);
#625 = VERTEX_POINT('',#626);
#626 = CARTESIAN_POINT('',(-0.652399,0.E+000,2.4003));
#627 = LINE('',#628,#629);
#628 = CARTESIAN_POINT('',(-1.347597,0.E+000,2.4003));
#629 = VECTOR('',#630,1.);
#630 = DIRECTION('',(1.,0.E+000,0.E+000));
#631 = ORIENTED_EDGE('',*,*,#632,.T.);
#632 = EDGE_CURVE('',#625,#607,#633,.T.);
#633 = LINE('',#634,#635);
#634 = CARTESIAN_POINT('',(-0.696044726385,4.364572638541E-002,
    2.237411931596));
#635 = VECTOR('',#636,1.);
#636 = DIRECTION('',(0.250562807086,-0.250562807086,0.935113126531));
#637 = PLANE('',#638);
#638 = AXIS2_PLACEMENT_3D('',#639,#640,#641);
#639 = CARTESIAN_POINT('',(-1.347597,0.E+000,2.4003));
#640 = DIRECTION('',(0.E+000,0.965925826289,0.258819045102));
#641 = DIRECTION('',(0.E+000,-0.258819045102,0.965925826289));
#642 = ADVANCED_FACE('',(#643),#668,.T.);
#643 = FACE_BOUND('',#644,.T.);
#644 = EDGE_LOOP('',(#645,#655,#661,#662));
#645 = ORIENTED_EDGE('',*,*,#646,.T.);
#646 = EDGE_CURVE('',#647,#649,#651,.T.);
#647 = VERTEX_POINT('',#648);
#648 = CARTESIAN_POINT('',(-0.597951724098,-0.250352724098,2.6035));
#649 = VERTEX_POINT('',#650);
#650 = CARTESIAN_POINT('',(-0.402046275902,-0.250352724098,2.6035));
#651 = LINE('',#652,#653);
#652 = CARTESIAN_POINT('',(-1.347597,-0.250352724098,2.6035));
#653 = VECTOR('',#654,1.);
#654 = DIRECTION('',(1.,0.E+000,0.E+000));
#655 = ORIENTED_EDGE('',*,*,#656,.T.);
#656 = EDGE_CURVE('',#649,#609,#657,.T.);
#657 = LINE('',#658,#659);
#658 = CARTESIAN_POINT('',(-0.402046275902,-0.3048,2.6035));
#659 = VECTOR('',#660,1.);
#660 = DIRECTION('',(0.E+000,1.,0.E+000));
#661 = ORIENTED_EDGE('',*,*,#606,.F.);
#662 = ORIENTED_EDGE('',*,*,#663,.F.);
#663 = EDGE_CURVE('',#647,#607,#664,.T.);
#664 = LINE('',#665,#666);
#665 = CARTESIAN_POINT('',(-0.597951724098,-0.3048,2.6035));
#666 = VECTOR('',#667,1.);
#667 = DIRECTION('',(0.E+000,1.,0.E+000));
#668 = PLANE('',#669);
#669 = AXIS2_PLACEMENT_3D('',#670,#671,#672);
#670 = CARTESIAN_POINT('',(-1.347597,-5.444727590197E-002,2.6035));
#671 = DIRECTION('',(0.E+000,0.E+000,1.));
#672 = DIRECTION('',(1.,0.E+000,-0.E+000));
#673 = ADVANCED_FACE('',(#674),#699,.T.);
#674 = FACE_BOUND('',#675,.T.);
#675 = EDGE_LOOP('',(#676,#686,#692,#693));
#676 = ORIENTED_EDGE('',*,*,#677,.T.);
#677 = EDGE_CURVE('',#678,#680,#682,.T.);
#678 = VERTEX_POINT('',#679);
#679 = CARTESIAN_POINT('',(-0.652399,-0.3048,2.4003));
#680 = VERTEX_POINT('',#681);
#681 = CARTESIAN_POINT('',(-0.347599,-0.3048,2.4003));
#682 = LINE('',#683,#684);
#683 = CARTESIAN_POINT('',(-1.347597,-0.3048,2.4003));
#684 = VECTOR('',#685,1.);
#685 = DIRECTION('',(1.,0.E+000,0.E+000));
#686 = ORIENTED_EDGE('',*,*,#687,.T.);
#687 = EDGE_CURVE('',#680,#649,#688,.T.);
#688 = LINE('',#689,#690);
#689 = CARTESIAN_POINT('',(-0.461409576987,-0.190989423013,
    2.825046855753));
#690 = VECTOR('',#691,1.);
#691 = DIRECTION('',(-0.250562807086,0.250562807086,0.935113126531));
#692 = ORIENTED_EDGE('',*,*,#646,.F.);
#693 = ORIENTED_EDGE('',*,*,#694,.T.);
#694 = EDGE_CURVE('',#647,#678,#695,.T.);
#695 = LINE('',#696,#697);
#696 = CARTESIAN_POINT('',(-0.64501574413,-0.29741674413,2.427854686032)
  );
#697 = VECTOR('',#698,1.);
#698 = DIRECTION('',(-0.250562807086,-0.250562807086,-0.935113126531));
#699 = PLANE('',#700);
#700 = AXIS2_PLACEMENT_3D('',#701,#702,#703);
#701 = CARTESIAN_POINT('',(-1.347597,-0.250352724098,2.6035));
#702 = DIRECTION('',(0.E+000,-0.965925826289,0.258819045103));
#703 = DIRECTION('',(0.E+000,-0.258819045103,-0.965925826289));
#704 = ADVANCED_FACE('',(#705),#739,.T.);
#705 = FACE_BOUND('',#706,.T.);
#706 = EDGE_LOOP('',(#707,#717,#725,#733));
#707 = ORIENTED_EDGE('',*,*,#708,.F.);
#708 = EDGE_CURVE('',#709,#711,#713,.T.);
#709 = VERTEX_POINT('',#710);
#710 = CARTESIAN_POINT('',(-0.652399,-0.3048,-2.4003));
#711 = VERTEX_POINT('',#712);
#712 = CARTESIAN_POINT('',(-0.347599,-0.3048,-2.4003));
#713 = LINE('',#714,#715);
#714 = CARTESIAN_POINT('',(-1.347597,-0.3048,-2.4003));
#715 = VECTOR('',#716,1.);
#716 = DIRECTION('',(1.,0.E+000,0.E+000));
#717 = ORIENTED_EDGE('',*,*,#718,.T.);
#718 = EDGE_CURVE('',#709,#719,#721,.T.);
#719 = VERTEX_POINT('',#720);
#720 = CARTESIAN_POINT('',(-0.597951724098,-0.250352724098,-2.6035));
#721 = LINE('',#722,#723);
#722 = CARTESIAN_POINT('',(-0.696044726385,-0.348445726385,
    -2.237411931596));
#723 = VECTOR('',#724,1.);
#724 = DIRECTION('',(0.250562807086,0.250562807086,-0.935113126531));
#725 = ORIENTED_EDGE('',*,*,#726,.T.);
#726 = EDGE_CURVE('',#719,#727,#729,.T.);
#727 = VERTEX_POINT('',#728);
#728 = CARTESIAN_POINT('',(-0.402046275902,-0.250352724098,-2.6035));
#729 = LINE('',#730,#731);
#730 = CARTESIAN_POINT('',(-1.347597,-0.250352724098,-2.6035));
#731 = VECTOR('',#732,1.);
#732 = DIRECTION('',(1.,0.E+000,0.E+000));
#733 = ORIENTED_EDGE('',*,*,#734,.T.);
#734 = EDGE_CURVE('',#727,#711,#735,.T.);
#735 = LINE('',#736,#737);
#736 = CARTESIAN_POINT('',(-0.410380594731,-0.242018405269,
    -2.634604101317));
#737 = VECTOR('',#738,1.);
#738 = DIRECTION('',(0.250562807086,-0.250562807086,0.935113126531));
#739 = PLANE('',#740);
#740 = AXIS2_PLACEMENT_3D('',#741,#742,#743);
#741 = CARTESIAN_POINT('',(-1.347597,-0.3048,-2.4003));
#742 = DIRECTION('',(0.E+000,-0.965925826289,-0.258819045103));
#743 = DIRECTION('',(0.E+000,0.258819045103,-0.965925826289));
#744 = ADVANCED_FACE('',(#745),#770,.T.);
#745 = FACE_BOUND('',#746,.T.);
#746 = EDGE_LOOP('',(#747,#748,#756,#764));
#747 = ORIENTED_EDGE('',*,*,#726,.F.);
#748 = ORIENTED_EDGE('',*,*,#749,.T.);
#749 = EDGE_CURVE('',#719,#750,#752,.T.);
#750 = VERTEX_POINT('',#751);
#751 = CARTESIAN_POINT('',(-0.597951724098,-5.444727590197E-002,-2.6035)
  );
#752 = LINE('',#753,#754);
#753 = CARTESIAN_POINT('',(-0.597951724098,-0.3048,-2.6035));
#754 = VECTOR('',#755,1.);
#755 = DIRECTION('',(0.E+000,1.,0.E+000));
#756 = ORIENTED_EDGE('',*,*,#757,.T.);
#757 = EDGE_CURVE('',#750,#758,#760,.T.);
#758 = VERTEX_POINT('',#759);
#759 = CARTESIAN_POINT('',(-0.402046275902,-5.444727590197E-002,-2.6035)
  );
#760 = LINE('',#761,#762);
#761 = CARTESIAN_POINT('',(-1.347597,-5.444727590197E-002,-2.6035));
#762 = VECTOR('',#763,1.);
#763 = DIRECTION('',(1.,0.E+000,0.E+000));
#764 = ORIENTED_EDGE('',*,*,#765,.F.);
#765 = EDGE_CURVE('',#727,#758,#766,.T.);
#766 = LINE('',#767,#768);
#767 = CARTESIAN_POINT('',(-0.402046275902,-0.3048,-2.6035));
#768 = VECTOR('',#769,1.);
#769 = DIRECTION('',(0.E+000,1.,0.E+000));
#770 = PLANE('',#771);
#771 = AXIS2_PLACEMENT_3D('',#772,#773,#774);
#772 = CARTESIAN_POINT('',(-1.347597,-0.250352724098,-2.6035));
#773 = DIRECTION('',(0.E+000,0.E+000,-1.));
#774 = DIRECTION('',(-1.,0.E+000,0.E+000));
#775 = ADVANCED_FACE('',(#776),#801,.T.);
#776 = FACE_BOUND('',#777,.T.);
#777 = EDGE_LOOP('',(#778,#779,#787,#795));
#778 = ORIENTED_EDGE('',*,*,#757,.F.);
#779 = ORIENTED_EDGE('',*,*,#780,.T.);
#780 = EDGE_CURVE('',#750,#781,#783,.T.);
#781 = VERTEX_POINT('',#782);
#782 = CARTESIAN_POINT('',(-0.652399,0.E+000,-2.4003));
#783 = LINE('',#784,#785);
#784 = CARTESIAN_POINT('',(-0.64501574413,-7.383255870065E-003,
    -2.427854686032));
#785 = VECTOR('',#786,1.);
#786 = DIRECTION('',(-0.250562807086,0.250562807086,0.935113126531));
#787 = ORIENTED_EDGE('',*,*,#788,.T.);
#788 = EDGE_CURVE('',#781,#789,#791,.T.);
#789 = VERTEX_POINT('',#790);
#790 = CARTESIAN_POINT('',(-0.347599,0.E+000,-2.4003));
#791 = LINE('',#792,#793);
#792 = CARTESIAN_POINT('',(-1.347597,0.E+000,-2.4003));
#793 = VECTOR('',#794,1.);
#794 = DIRECTION('',(1.,0.E+000,0.E+000));
#795 = ORIENTED_EDGE('',*,*,#796,.T.);
#796 = EDGE_CURVE('',#789,#758,#797,.T.);
#797 = LINE('',#798,#799);
#798 = CARTESIAN_POINT('',(-0.461409576987,-0.113810576987,
    -2.825046855753));
#799 = VECTOR('',#800,1.);
#800 = DIRECTION('',(-0.250562807086,-0.250562807086,-0.935113126531));
#801 = PLANE('',#802);
#802 = AXIS2_PLACEMENT_3D('',#803,#804,#805);
#803 = CARTESIAN_POINT('',(-1.347597,-5.444727590197E-002,-2.6035));
#804 = DIRECTION('',(0.E+000,0.965925826289,-0.258819045102));
#805 = DIRECTION('',(0.E+000,0.258819045102,0.965925826289));
#806 = ADVANCED_FACE('',(#807),#862,.F.);
#807 = FACE_BOUND('',#808,.T.);
#808 = EDGE_LOOP('',(#809,#815,#823,#831,#839,#847,#856));
#809 = ORIENTED_EDGE('',*,*,#810,.T.);
#810 = EDGE_CURVE('',#474,#421,#811,.T.);
#811 = LINE('',#812,#813);
#812 = CARTESIAN_POINT('',(0.347599,-0.3048,2.4003));
#813 = VECTOR('',#814,1.);
#814 = DIRECTION('',(0.E+000,1.,0.E+000));
#815 = ORIENTED_EDGE('',*,*,#816,.T.);
#816 = EDGE_CURVE('',#421,#817,#819,.T.);
#817 = VERTEX_POINT('',#818);
#818 = CARTESIAN_POINT('',(0.347599,0.E+000,0.652399));
#819 = LINE('',#820,#821);
#820 = CARTESIAN_POINT('',(0.347599,0.E+000,0.652399));
#821 = VECTOR('',#822,1.);
#822 = DIRECTION('',(0.E+000,0.E+000,-1.));
#823 = ORIENTED_EDGE('',*,*,#824,.T.);
#824 = EDGE_CURVE('',#817,#825,#827,.T.);
#825 = VERTEX_POINT('',#826);
#826 = CARTESIAN_POINT('',(0.347599,0.628467997569,0.652399));
#827 = LINE('',#828,#829);
#828 = CARTESIAN_POINT('',(0.347599,0.692028314269,0.652399));
#829 = VECTOR('',#830,1.);
#830 = DIRECTION('',(0.E+000,1.,0.E+000));
#831 = ORIENTED_EDGE('',*,*,#832,.T.);
#832 = EDGE_CURVE('',#825,#833,#835,.T.);
#833 = VERTEX_POINT('',#834);
#834 = CARTESIAN_POINT('',(0.347599,0.628467997569,0.347599));
#835 = LINE('',#836,#837);
#836 = CARTESIAN_POINT('',(0.347599,0.628467997569,12.7));
#837 = VECTOR('',#838,1.);
#838 = DIRECTION('',(0.E+000,0.E+000,-1.));
#839 = ORIENTED_EDGE('',*,*,#840,.T.);
#840 = EDGE_CURVE('',#833,#841,#843,.T.);
#841 = VERTEX_POINT('',#842);
#842 = CARTESIAN_POINT('',(0.347599,0.2032,0.347599));
#843 = LINE('',#844,#845);
#844 = CARTESIAN_POINT('',(0.347599,0.2032,0.347599));
#845 = VECTOR('',#846,1.);
#846 = DIRECTION('',(0.E+000,-1.,0.E+000));
#847 = ORIENTED_EDGE('',*,*,#848,.F.);
#848 = EDGE_CURVE('',#849,#841,#851,.T.);
#849 = VERTEX_POINT('',#850);
#850 = CARTESIAN_POINT('',(0.347599,-0.3048,0.855599));
#851 = CIRCLE('',#852,0.508);
#852 = AXIS2_PLACEMENT_3D('',#853,#854,#855);
#853 = CARTESIAN_POINT('',(0.347599,0.2032,0.855599));
#854 = DIRECTION('',(1.,0.E+000,0.E+000));
#855 = DIRECTION('',(0.E+000,0.E+000,-1.));
#856 = ORIENTED_EDGE('',*,*,#857,.T.);
#857 = EDGE_CURVE('',#849,#474,#858,.T.);
#858 = LINE('',#859,#860);
#859 = CARTESIAN_POINT('',(0.347599,-0.3048,2.4003));
#860 = VECTOR('',#861,1.);
#861 = DIRECTION('',(0.E+000,0.E+000,1.));
#862 = PLANE('',#863);
#863 = AXIS2_PLACEMENT_3D('',#864,#865,#866);
#864 = CARTESIAN_POINT('',(0.347599,0.628467997569,12.7));
#865 = DIRECTION('',(1.,0.E+000,0.E+000));
#866 = DIRECTION('',(0.E+000,0.E+000,-1.));
#867 = ADVANCED_FACE('',(#868),#923,.F.);
#868 = FACE_BOUND('',#869,.T.);
#869 = EDGE_LOOP('',(#870,#876,#884,#893,#901,#909,#917));
#870 = ORIENTED_EDGE('',*,*,#871,.F.);
#871 = EDGE_CURVE('',#680,#617,#872,.T.);
#872 = LINE('',#873,#874);
#873 = CARTESIAN_POINT('',(-0.347599,-0.3048,2.4003));
#874 = VECTOR('',#875,1.);
#875 = DIRECTION('',(0.E+000,1.,0.E+000));
#876 = ORIENTED_EDGE('',*,*,#877,.T.);
#877 = EDGE_CURVE('',#680,#878,#880,.T.);
#878 = VERTEX_POINT('',#879);
#879 = CARTESIAN_POINT('',(-0.347599,-0.3048,0.855599));
#880 = LINE('',#881,#882);
#881 = CARTESIAN_POINT('',(-0.347599,-0.3048,2.4003));
#882 = VECTOR('',#883,1.);
#883 = DIRECTION('',(0.E+000,0.E+000,-1.));
#884 = ORIENTED_EDGE('',*,*,#885,.F.);
#885 = EDGE_CURVE('',#886,#878,#888,.T.);
#886 = VERTEX_POINT('',#887);
#887 = CARTESIAN_POINT('',(-0.347599,0.2032,0.347599));
#888 = CIRCLE('',#889,0.508);
#889 = AXIS2_PLACEMENT_3D('',#890,#891,#892);
#890 = CARTESIAN_POINT('',(-0.347599,0.2032,0.855599));
#891 = DIRECTION('',(-1.,0.E+000,0.E+000));
#892 = DIRECTION('',(0.E+000,0.E+000,1.));
#893 = ORIENTED_EDGE('',*,*,#894,.T.);
#894 = EDGE_CURVE('',#886,#895,#897,.T.);
#895 = VERTEX_POINT('',#896);
#896 = CARTESIAN_POINT('',(-0.347599,0.628467997569,0.347599));
#897 = LINE('',#898,#899);
#898 = CARTESIAN_POINT('',(-0.347599,0.2032,0.347599));
#899 = VECTOR('',#900,1.);
#900 = DIRECTION('',(0.E+000,1.,0.E+000));
#901 = ORIENTED_EDGE('',*,*,#902,.F.);
#902 = EDGE_CURVE('',#903,#895,#905,.T.);
#903 = VERTEX_POINT('',#904);
#904 = CARTESIAN_POINT('',(-0.347599,0.628467997569,0.652399));
#905 = LINE('',#906,#907);
#906 = CARTESIAN_POINT('',(-0.347599,0.628467997569,12.7));
#907 = VECTOR('',#908,1.);
#908 = DIRECTION('',(0.E+000,0.E+000,-1.));
#909 = ORIENTED_EDGE('',*,*,#910,.T.);
#910 = EDGE_CURVE('',#903,#911,#913,.T.);
#911 = VERTEX_POINT('',#912);
#912 = CARTESIAN_POINT('',(-0.347599,0.E+000,0.652399));
#913 = LINE('',#914,#915);
#914 = CARTESIAN_POINT('',(-0.347599,0.692028314269,0.652399));
#915 = VECTOR('',#916,1.);
#916 = DIRECTION('',(0.E+000,-1.,0.E+000));
#917 = ORIENTED_EDGE('',*,*,#918,.T.);
#918 = EDGE_CURVE('',#911,#617,#919,.T.);
#919 = LINE('',#920,#921);
#920 = CARTESIAN_POINT('',(-0.347599,0.E+000,0.652399));
#921 = VECTOR('',#922,1.);
#922 = DIRECTION('',(0.E+000,0.E+000,1.));
#923 = PLANE('',#924);
#924 = AXIS2_PLACEMENT_3D('',#925,#926,#927);
#925 = CARTESIAN_POINT('',(-0.347599,-4.826,12.7));
#926 = DIRECTION('',(-1.,0.E+000,0.E+000));
#927 = DIRECTION('',(0.E+000,0.E+000,1.));
#928 = ADVANCED_FACE('',(#929),#984,.F.);
#929 = FACE_BOUND('',#930,.T.);
#930 = EDGE_LOOP('',(#931,#937,#945,#954,#962,#970,#978));
#931 = ORIENTED_EDGE('',*,*,#932,.F.);
#932 = EDGE_CURVE('',#505,#577,#933,.T.);
#933 = LINE('',#934,#935);
#934 = CARTESIAN_POINT('',(0.347599,-0.3048,-2.4003));
#935 = VECTOR('',#936,1.);
#936 = DIRECTION('',(0.E+000,1.,0.E+000));
#937 = ORIENTED_EDGE('',*,*,#938,.T.);
#938 = EDGE_CURVE('',#505,#939,#941,.T.);
#939 = VERTEX_POINT('',#940);
#940 = CARTESIAN_POINT('',(0.347599,-0.3048,-0.855599));
#941 = LINE('',#942,#943);
#942 = CARTESIAN_POINT('',(0.347599,-0.3048,-0.855599));
#943 = VECTOR('',#944,1.);
#944 = DIRECTION('',(0.E+000,0.E+000,1.));
#945 = ORIENTED_EDGE('',*,*,#946,.F.);
#946 = EDGE_CURVE('',#947,#939,#949,.T.);
#947 = VERTEX_POINT('',#948);
#948 = CARTESIAN_POINT('',(0.347599,0.2032,-0.347599));
#949 = CIRCLE('',#950,0.508);
#950 = AXIS2_PLACEMENT_3D('',#951,#952,#953);
#951 = CARTESIAN_POINT('',(0.347599,0.2032,-0.855599));
#952 = DIRECTION('',(1.,0.E+000,0.E+000));
#953 = DIRECTION('',(0.E+000,0.E+000,-1.));
#954 = ORIENTED_EDGE('',*,*,#955,.T.);
#955 = EDGE_CURVE('',#947,#956,#958,.T.);
#956 = VERTEX_POINT('',#957);
#957 = CARTESIAN_POINT('',(0.347599,0.628467997569,-0.347599));
#958 = LINE('',#959,#960);
#959 = CARTESIAN_POINT('',(0.347599,0.692028314269,-0.347599));
#960 = VECTOR('',#961,1.);
#961 = DIRECTION('',(0.E+000,1.,0.E+000));
#962 = ORIENTED_EDGE('',*,*,#963,.T.);
#963 = EDGE_CURVE('',#956,#964,#966,.T.);
#964 = VERTEX_POINT('',#965);
#965 = CARTESIAN_POINT('',(0.347599,0.628467997569,-0.652399));
#966 = LINE('',#967,#968);
#967 = CARTESIAN_POINT('',(0.347599,0.628467997569,12.7));
#968 = VECTOR('',#969,1.);
#969 = DIRECTION('',(0.E+000,0.E+000,-1.));
#970 = ORIENTED_EDGE('',*,*,#971,.T.);
#971 = EDGE_CURVE('',#964,#972,#974,.T.);
#972 = VERTEX_POINT('',#973);
#973 = CARTESIAN_POINT('',(0.347599,0.E+000,-0.652399));
#974 = LINE('',#975,#976);
#975 = CARTESIAN_POINT('',(0.347599,0.E+000,-0.652399));
#976 = VECTOR('',#977,1.);
#977 = DIRECTION('',(0.E+000,-1.,0.E+000));
#978 = ORIENTED_EDGE('',*,*,#979,.T.);
#979 = EDGE_CURVE('',#972,#577,#980,.T.);
#980 = LINE('',#981,#982);
#981 = CARTESIAN_POINT('',(0.347599,0.E+000,-2.4003));
#982 = VECTOR('',#983,1.);
#983 = DIRECTION('',(0.E+000,0.E+000,-1.));
#984 = PLANE('',#985);
#985 = AXIS2_PLACEMENT_3D('',#986,#987,#988);
#986 = CARTESIAN_POINT('',(0.347599,0.628467997569,12.7));
#987 = DIRECTION('',(1.,0.E+000,0.E+000));
#988 = DIRECTION('',(0.E+000,0.E+000,-1.));
#989 = ADVANCED_FACE('',(#990),#1045,.F.);
#990 = FACE_BOUND('',#991,.T.);
#991 = EDGE_LOOP('',(#992,#998,#1006,#1014,#1022,#1030,#1039));
#992 = ORIENTED_EDGE('',*,*,#993,.T.);
#993 = EDGE_CURVE('',#711,#789,#994,.T.);
#994 = LINE('',#995,#996);
#995 = CARTESIAN_POINT('',(-0.347599,-0.3048,-2.4003));
#996 = VECTOR('',#997,1.);
#997 = DIRECTION('',(0.E+000,1.,0.E+000));
#998 = ORIENTED_EDGE('',*,*,#999,.T.);
#999 = EDGE_CURVE('',#789,#1000,#1002,.T.);
#1000 = VERTEX_POINT('',#1001);
#1001 = CARTESIAN_POINT('',(-0.347599,0.E+000,-0.652399));
#1002 = LINE('',#1003,#1004);
#1003 = CARTESIAN_POINT('',(-0.347599,0.E+000,-2.4003));
#1004 = VECTOR('',#1005,1.);
#1005 = DIRECTION('',(0.E+000,0.E+000,1.));
#1006 = ORIENTED_EDGE('',*,*,#1007,.T.);
#1007 = EDGE_CURVE('',#1000,#1008,#1010,.T.);
#1008 = VERTEX_POINT('',#1009);
#1009 = CARTESIAN_POINT('',(-0.347599,0.628467997569,-0.652399));
#1010 = LINE('',#1011,#1012);
#1011 = CARTESIAN_POINT('',(-0.347599,0.E+000,-0.652399));
#1012 = VECTOR('',#1013,1.);
#1013 = DIRECTION('',(0.E+000,1.,0.E+000));
#1014 = ORIENTED_EDGE('',*,*,#1015,.F.);
#1015 = EDGE_CURVE('',#1016,#1008,#1018,.T.);
#1016 = VERTEX_POINT('',#1017);
#1017 = CARTESIAN_POINT('',(-0.347599,0.628467997569,-0.347599));
#1018 = LINE('',#1019,#1020);
#1019 = CARTESIAN_POINT('',(-0.347599,0.628467997569,12.7));
#1020 = VECTOR('',#1021,1.);
#1021 = DIRECTION('',(0.E+000,0.E+000,-1.));
#1022 = ORIENTED_EDGE('',*,*,#1023,.T.);
#1023 = EDGE_CURVE('',#1016,#1024,#1026,.T.);
#1024 = VERTEX_POINT('',#1025);
#1025 = CARTESIAN_POINT('',(-0.347599,0.2032,-0.347599));
#1026 = LINE('',#1027,#1028);
#1027 = CARTESIAN_POINT('',(-0.347599,0.692028314269,-0.347599));
#1028 = VECTOR('',#1029,1.);
#1029 = DIRECTION('',(0.E+000,-1.,0.E+000));
#1030 = ORIENTED_EDGE('',*,*,#1031,.F.);
#1031 = EDGE_CURVE('',#1032,#1024,#1034,.T.);
#1032 = VERTEX_POINT('',#1033);
#1033 = CARTESIAN_POINT('',(-0.347599,-0.3048,-0.855599));
#1034 = CIRCLE('',#1035,0.508);
#1035 = AXIS2_PLACEMENT_3D('',#1036,#1037,#1038);
#1036 = CARTESIAN_POINT('',(-0.347599,0.2032,-0.855599));
#1037 = DIRECTION('',(-1.,0.E+000,0.E+000));
#1038 = DIRECTION('',(0.E+000,0.E+000,1.));
#1039 = ORIENTED_EDGE('',*,*,#1040,.T.);
#1040 = EDGE_CURVE('',#1032,#711,#1041,.T.);
#1041 = LINE('',#1042,#1043);
#1042 = CARTESIAN_POINT('',(-0.347599,-0.3048,-0.855599));
#1043 = VECTOR('',#1044,1.);
#1044 = DIRECTION('',(0.E+000,0.E+000,-1.));
#1045 = PLANE('',#1046);
#1046 = AXIS2_PLACEMENT_3D('',#1047,#1048,#1049);
#1047 = CARTESIAN_POINT('',(-0.347599,-4.826,12.7));
#1048 = DIRECTION('',(-1.,0.E+000,0.E+000));
#1049 = DIRECTION('',(0.E+000,0.E+000,1.));
#1050 = ADVANCED_FACE('',(#1051),#1069,.T.);
#1051 = FACE_BOUND('',#1052,.T.);
#1052 = EDGE_LOOP('',(#1053,#1054,#1062,#1068));
#1053 = ORIENTED_EDGE('',*,*,#857,.F.);
#1054 = ORIENTED_EDGE('',*,*,#1055,.T.);
#1055 = EDGE_CURVE('',#849,#1056,#1058,.T.);
#1056 = VERTEX_POINT('',#1057);
#1057 = CARTESIAN_POINT('',(0.652399,-0.3048,0.855599));
#1058 = LINE('',#1059,#1060);
#1059 = CARTESIAN_POINT('',(-1.347597,-0.3048,0.855599));
#1060 = VECTOR('',#1061,1.);
#1061 = DIRECTION('',(1.,0.E+000,0.E+000));
#1062 = ORIENTED_EDGE('',*,*,#1063,.F.);
#1063 = EDGE_CURVE('',#476,#1056,#1064,.T.);
#1064 = LINE('',#1065,#1066);
#1065 = CARTESIAN_POINT('',(0.652399,-0.3048,2.4003));
#1066 = VECTOR('',#1067,1.);
#1067 = DIRECTION('',(0.E+000,0.E+000,-1.));
#1068 = ORIENTED_EDGE('',*,*,#473,.F.);
#1069 = PLANE('',#1070);
#1070 = AXIS2_PLACEMENT_3D('',#1071,#1072,#1073);
#1071 = CARTESIAN_POINT('',(-1.347597,-0.3048,2.4003));
#1072 = DIRECTION('',(0.E+000,-1.,0.E+000));
#1073 = DIRECTION('',(0.E+000,0.E+000,-1.));
#1074 = ADVANCED_FACE('',(#1075),#1094,.T.);
#1075 = FACE_BOUND('',#1076,.T.);
#1076 = EDGE_LOOP('',(#1077,#1078,#1086,#1093));
#1077 = ORIENTED_EDGE('',*,*,#848,.T.);
#1078 = ORIENTED_EDGE('',*,*,#1079,.T.);
#1079 = EDGE_CURVE('',#841,#1080,#1082,.T.);
#1080 = VERTEX_POINT('',#1081);
#1081 = CARTESIAN_POINT('',(0.652399,0.2032,0.347599));
#1082 = LINE('',#1083,#1084);
#1083 = CARTESIAN_POINT('',(-1.347597,0.2032,0.347599));
#1084 = VECTOR('',#1085,1.);
#1085 = DIRECTION('',(1.,0.E+000,0.E+000));
#1086 = ORIENTED_EDGE('',*,*,#1087,.F.);
#1087 = EDGE_CURVE('',#1056,#1080,#1088,.T.);
#1088 = CIRCLE('',#1089,0.508);
#1089 = AXIS2_PLACEMENT_3D('',#1090,#1091,#1092);
#1090 = CARTESIAN_POINT('',(0.652399,0.2032,0.855599));
#1091 = DIRECTION('',(1.,0.E+000,0.E+000));
#1092 = DIRECTION('',(0.E+000,0.E+000,-1.));
#1093 = ORIENTED_EDGE('',*,*,#1055,.F.);
#1094 = CYLINDRICAL_SURFACE('',#1095,0.508);
#1095 = AXIS2_PLACEMENT_3D('',#1096,#1097,#1098);
#1096 = CARTESIAN_POINT('',(-1.347597,0.2032,0.855599));
#1097 = DIRECTION('',(1.,0.E+000,0.E+000));
#1098 = DIRECTION('',(0.E+000,0.E+000,-1.));
#1099 = ADVANCED_FACE('',(#1100),#1126,.T.);
#1100 = FACE_BOUND('',#1101,.T.);
#1101 = EDGE_LOOP('',(#1102,#1103,#1111,#1120));
#1102 = ORIENTED_EDGE('',*,*,#946,.T.);
#1103 = ORIENTED_EDGE('',*,*,#1104,.T.);
#1104 = EDGE_CURVE('',#939,#1105,#1107,.T.);
#1105 = VERTEX_POINT('',#1106);
#1106 = CARTESIAN_POINT('',(0.652399,-0.3048,-0.855599));
#1107 = LINE('',#1108,#1109);
#1108 = CARTESIAN_POINT('',(-1.347597,-0.3048,-0.855599));
#1109 = VECTOR('',#1110,1.);
#1110 = DIRECTION('',(1.,0.E+000,0.E+000));
#1111 = ORIENTED_EDGE('',*,*,#1112,.F.);
#1112 = EDGE_CURVE('',#1113,#1105,#1115,.T.);
#1113 = VERTEX_POINT('',#1114);
#1114 = CARTESIAN_POINT('',(0.652399,0.2032,-0.347599));
#1115 = CIRCLE('',#1116,0.508);
#1116 = AXIS2_PLACEMENT_3D('',#1117,#1118,#1119);
#1117 = CARTESIAN_POINT('',(0.652399,0.2032,-0.855599));
#1118 = DIRECTION('',(1.,0.E+000,0.E+000));
#1119 = DIRECTION('',(0.E+000,0.E+000,-1.));
#1120 = ORIENTED_EDGE('',*,*,#1121,.F.);
#1121 = EDGE_CURVE('',#947,#1113,#1122,.T.);
#1122 = LINE('',#1123,#1124);
#1123 = CARTESIAN_POINT('',(-1.347597,0.2032,-0.347599));
#1124 = VECTOR('',#1125,1.);
#1125 = DIRECTION('',(1.,0.E+000,0.E+000));
#1126 = CYLINDRICAL_SURFACE('',#1127,0.508);
#1127 = AXIS2_PLACEMENT_3D('',#1128,#1129,#1130);
#1128 = CARTESIAN_POINT('',(-1.347597,0.2032,-0.855599));
#1129 = DIRECTION('',(1.,0.E+000,0.E+000));
#1130 = DIRECTION('',(0.E+000,0.E+000,-1.));
#1131 = ADVANCED_FACE('',(#1132),#1143,.T.);
#1132 = FACE_BOUND('',#1133,.T.);
#1133 = EDGE_LOOP('',(#1134,#1135,#1136,#1142));
#1134 = ORIENTED_EDGE('',*,*,#938,.F.);
#1135 = ORIENTED_EDGE('',*,*,#504,.T.);
#1136 = ORIENTED_EDGE('',*,*,#1137,.F.);
#1137 = EDGE_CURVE('',#1105,#507,#1138,.T.);
#1138 = LINE('',#1139,#1140);
#1139 = CARTESIAN_POINT('',(0.652399,-0.3048,-0.855599));
#1140 = VECTOR('',#1141,1.);
#1141 = DIRECTION('',(0.E+000,0.E+000,-1.));
#1142 = ORIENTED_EDGE('',*,*,#1104,.F.);
#1143 = PLANE('',#1144);
#1144 = AXIS2_PLACEMENT_3D('',#1145,#1146,#1147);
#1145 = CARTESIAN_POINT('',(-1.347597,-0.3048,-0.855599));
#1146 = DIRECTION('',(0.E+000,-1.,0.E+000));
#1147 = DIRECTION('',(0.E+000,0.E+000,-1.));
#1148 = ADVANCED_FACE('',(#1149),#1167,.T.);
#1149 = FACE_BOUND('',#1150,.T.);
#1150 = EDGE_LOOP('',(#1151,#1152,#1160,#1166));
#1151 = ORIENTED_EDGE('',*,*,#979,.F.);
#1152 = ORIENTED_EDGE('',*,*,#1153,.T.);
#1153 = EDGE_CURVE('',#972,#1154,#1156,.T.);
#1154 = VERTEX_POINT('',#1155);
#1155 = CARTESIAN_POINT('',(0.652399,0.E+000,-0.652399));
#1156 = LINE('',#1157,#1158);
#1157 = CARTESIAN_POINT('',(-1.347597,0.E+000,-0.652399));
#1158 = VECTOR('',#1159,1.);
#1159 = DIRECTION('',(1.,0.E+000,0.E+000));
#1160 = ORIENTED_EDGE('',*,*,#1161,.F.);
#1161 = EDGE_CURVE('',#585,#1154,#1162,.T.);
#1162 = LINE('',#1163,#1164);
#1163 = CARTESIAN_POINT('',(0.652399,0.E+000,-2.4003));
#1164 = VECTOR('',#1165,1.);
#1165 = DIRECTION('',(0.E+000,0.E+000,1.));
#1166 = ORIENTED_EDGE('',*,*,#584,.F.);
#1167 = PLANE('',#1168);
#1168 = AXIS2_PLACEMENT_3D('',#1169,#1170,#1171);
#1169 = CARTESIAN_POINT('',(-1.347597,0.E+000,-2.4003));
#1170 = DIRECTION('',(0.E+000,1.,0.E+000));
#1171 = DIRECTION('',(0.E+000,-0.E+000,1.));
#1172 = ADVANCED_FACE('',(#1173),#1207,.T.);
#1173 = FACE_BOUND('',#1174,.T.);
#1174 = EDGE_LOOP('',(#1175,#1185,#1193,#1201));
#1175 = ORIENTED_EDGE('',*,*,#1176,.F.);
#1176 = EDGE_CURVE('',#1177,#1179,#1181,.T.);
#1177 = VERTEX_POINT('',#1178);
#1178 = CARTESIAN_POINT('',(-0.652399,0.928358874902,-0.652399));
#1179 = VERTEX_POINT('',#1180);
#1180 = CARTESIAN_POINT('',(-0.652399,0.928358874902,-0.770747208586));
#1181 = LINE('',#1182,#1183);
#1182 = CARTESIAN_POINT('',(-0.652399,0.928358874902,-0.770747208586));
#1183 = VECTOR('',#1184,1.);
#1184 = DIRECTION('',(0.E+000,0.E+000,-1.));
#1185 = ORIENTED_EDGE('',*,*,#1186,.T.);
#1186 = EDGE_CURVE('',#1177,#1187,#1189,.T.);
#1187 = VERTEX_POINT('',#1188);
#1188 = CARTESIAN_POINT('',(-0.347599,0.928358874902,-0.652399));
#1189 = LINE('',#1190,#1191);
#1190 = CARTESIAN_POINT('',(-1.347597,0.928358874902,-0.652399));
#1191 = VECTOR('',#1192,1.);
#1192 = DIRECTION('',(1.,0.E+000,0.E+000));
#1193 = ORIENTED_EDGE('',*,*,#1194,.F.);
#1194 = EDGE_CURVE('',#1195,#1187,#1197,.T.);
#1195 = VERTEX_POINT('',#1196);
#1196 = CARTESIAN_POINT('',(-0.347599,0.928358874902,-0.770747208586));
#1197 = LINE('',#1198,#1199);
#1198 = CARTESIAN_POINT('',(-0.347599,0.928358874902,-0.770747208586));
#1199 = VECTOR('',#1200,1.);
#1200 = DIRECTION('',(0.E+000,0.E+000,1.));
#1201 = ORIENTED_EDGE('',*,*,#1202,.F.);
#1202 = EDGE_CURVE('',#1179,#1195,#1203,.T.);
#1203 = LINE('',#1204,#1205);
#1204 = CARTESIAN_POINT('',(-1.347597,0.928358874902,-0.770747208586));
#1205 = VECTOR('',#1206,1.);
#1206 = DIRECTION('',(1.,0.E+000,0.E+000));
#1207 = PLANE('',#1208);
#1208 = AXIS2_PLACEMENT_3D('',#1209,#1210,#1211);
#1209 = CARTESIAN_POINT('',(-1.347597,0.928358874902,-0.770747208586));
#1210 = DIRECTION('',(0.E+000,1.,0.E+000));
#1211 = DIRECTION('',(0.E+000,-0.E+000,1.));
#1212 = ADVANCED_FACE('',(#1213),#1238,.T.);
#1213 = FACE_BOUND('',#1214,.T.);
#1214 = EDGE_LOOP('',(#1215,#1223,#1231,#1237));
#1215 = ORIENTED_EDGE('',*,*,#1216,.F.);
#1216 = EDGE_CURVE('',#1217,#1177,#1219,.T.);
#1217 = VERTEX_POINT('',#1218);
#1218 = CARTESIAN_POINT('',(-0.652399,2.7686,-0.652399));
#1219 = LINE('',#1220,#1221);
#1220 = CARTESIAN_POINT('',(-0.652399,0.928358874902,-0.652399));
#1221 = VECTOR('',#1222,1.);
#1222 = DIRECTION('',(0.E+000,-1.,0.E+000));
#1223 = ORIENTED_EDGE('',*,*,#1224,.T.);
#1224 = EDGE_CURVE('',#1217,#1225,#1227,.T.);
#1225 = VERTEX_POINT('',#1226);
#1226 = CARTESIAN_POINT('',(-0.347599,2.7686,-0.652399));
#1227 = LINE('',#1228,#1229);
#1228 = CARTESIAN_POINT('',(-1.347597,2.7686,-0.652399));
#1229 = VECTOR('',#1230,1.);
#1230 = DIRECTION('',(1.,0.E+000,0.E+000));
#1231 = ORIENTED_EDGE('',*,*,#1232,.F.);
#1232 = EDGE_CURVE('',#1187,#1225,#1233,.T.);
#1233 = LINE('',#1234,#1235);
#1234 = CARTESIAN_POINT('',(-0.347599,0.928358874902,-0.652399));
#1235 = VECTOR('',#1236,1.);
#1236 = DIRECTION('',(0.E+000,1.,0.E+000));
#1237 = ORIENTED_EDGE('',*,*,#1186,.F.);
#1238 = PLANE('',#1239);
#1239 = AXIS2_PLACEMENT_3D('',#1240,#1241,#1242);
#1240 = CARTESIAN_POINT('',(-1.347597,0.928358874902,-0.652399));
#1241 = DIRECTION('',(0.E+000,0.E+000,-1.));
#1242 = DIRECTION('',(-1.,0.E+000,0.E+000));
#1243 = ADVANCED_FACE('',(#1244),#1269,.T.);
#1244 = FACE_BOUND('',#1245,.T.);
#1245 = EDGE_LOOP('',(#1246,#1254,#1262,#1268));
#1246 = ORIENTED_EDGE('',*,*,#1247,.F.);
#1247 = EDGE_CURVE('',#1248,#1217,#1250,.T.);
#1248 = VERTEX_POINT('',#1249);
#1249 = CARTESIAN_POINT('',(-0.550799,2.8702,-0.550799));
#1250 = LINE('',#1251,#1252);
#1251 = CARTESIAN_POINT('',(-0.884131666667,2.536867333333,
    -0.884131666667));
#1252 = VECTOR('',#1253,1.);
#1253 = DIRECTION('',(-0.57735026919,-0.57735026919,-0.57735026919));
#1254 = ORIENTED_EDGE('',*,*,#1255,.T.);
#1255 = EDGE_CURVE('',#1248,#1256,#1258,.T.);
#1256 = VERTEX_POINT('',#1257);
#1257 = CARTESIAN_POINT('',(-0.449199,2.8702,-0.550799));
#1258 = LINE('',#1259,#1260);
#1259 = CARTESIAN_POINT('',(-1.347597,2.8702,-0.550799));
#1260 = VECTOR('',#1261,1.);
#1261 = DIRECTION('',(1.,0.E+000,0.E+000));
#1262 = ORIENTED_EDGE('',*,*,#1263,.F.);
#1263 = EDGE_CURVE('',#1225,#1256,#1264,.T.);
#1264 = LINE('',#1265,#1266);
#1265 = CARTESIAN_POINT('',(-0.680931666667,3.101932666667,
    -0.319066333333));
#1266 = VECTOR('',#1267,1.);
#1267 = DIRECTION('',(-0.57735026919,0.57735026919,0.57735026919));
#1268 = ORIENTED_EDGE('',*,*,#1224,.F.);
#1269 = PLANE('',#1270);
#1270 = AXIS2_PLACEMENT_3D('',#1271,#1272,#1273);
#1271 = CARTESIAN_POINT('',(-1.347597,2.7686,-0.652399));
#1272 = DIRECTION('',(0.E+000,0.707106781187,-0.707106781187));
#1273 = DIRECTION('',(0.E+000,0.707106781187,0.707106781187));
#1274 = ADVANCED_FACE('',(#1275),#1300,.T.);
#1275 = FACE_BOUND('',#1276,.T.);
#1276 = EDGE_LOOP('',(#1277,#1285,#1293,#1299));
#1277 = ORIENTED_EDGE('',*,*,#1278,.F.);
#1278 = EDGE_CURVE('',#1279,#1248,#1281,.T.);
#1279 = VERTEX_POINT('',#1280);
#1280 = CARTESIAN_POINT('',(-0.550799,2.8702,-0.449199));
#1281 = LINE('',#1282,#1283);
#1282 = CARTESIAN_POINT('',(-0.550799,2.8702,12.7));
#1283 = VECTOR('',#1284,1.);
#1284 = DIRECTION('',(0.E+000,0.E+000,-1.));
#1285 = ORIENTED_EDGE('',*,*,#1286,.T.);
#1286 = EDGE_CURVE('',#1279,#1287,#1289,.T.);
#1287 = VERTEX_POINT('',#1288);
#1288 = CARTESIAN_POINT('',(-0.449199,2.8702,-0.449199));
#1289 = LINE('',#1290,#1291);
#1290 = CARTESIAN_POINT('',(-1.347597,2.8702,-0.449199));
#1291 = VECTOR('',#1292,1.);
#1292 = DIRECTION('',(1.,0.E+000,0.E+000));
#1293 = ORIENTED_EDGE('',*,*,#1294,.T.);
#1294 = EDGE_CURVE('',#1287,#1256,#1295,.T.);
#1295 = LINE('',#1296,#1297);
#1296 = CARTESIAN_POINT('',(-0.449199,2.8702,12.7));
#1297 = VECTOR('',#1298,1.);
#1298 = DIRECTION('',(0.E+000,0.E+000,-1.));
#1299 = ORIENTED_EDGE('',*,*,#1255,.F.);
#1300 = PLANE('',#1301);
#1301 = AXIS2_PLACEMENT_3D('',#1302,#1303,#1304);
#1302 = CARTESIAN_POINT('',(-1.347597,2.8702,-0.550799));
#1303 = DIRECTION('',(0.E+000,1.,0.E+000));
#1304 = DIRECTION('',(0.E+000,-0.E+000,1.));
#1305 = ADVANCED_FACE('',(#1306),#1331,.T.);
#1306 = FACE_BOUND('',#1307,.T.);
#1307 = EDGE_LOOP('',(#1308,#1316,#1324,#1330));
#1308 = ORIENTED_EDGE('',*,*,#1309,.F.);
#1309 = EDGE_CURVE('',#1310,#1279,#1312,.T.);
#1310 = VERTEX_POINT('',#1311);
#1311 = CARTESIAN_POINT('',(-0.652399,2.7686,-0.347599));
#1312 = LINE('',#1313,#1314);
#1313 = CARTESIAN_POINT('',(-0.816398333333,2.604600666667,
    -0.183599666667));
#1314 = VECTOR('',#1315,1.);
#1315 = DIRECTION('',(0.57735026919,0.57735026919,-0.57735026919));
#1316 = ORIENTED_EDGE('',*,*,#1317,.T.);
#1317 = EDGE_CURVE('',#1310,#1318,#1320,.T.);
#1318 = VERTEX_POINT('',#1319);
#1319 = CARTESIAN_POINT('',(-0.347599,2.7686,-0.347599));
#1320 = LINE('',#1321,#1322);
#1321 = CARTESIAN_POINT('',(-1.347597,2.7686,-0.347599));
#1322 = VECTOR('',#1323,1.);
#1323 = DIRECTION('',(1.,0.E+000,0.E+000));
#1324 = ORIENTED_EDGE('',*,*,#1325,.F.);
#1325 = EDGE_CURVE('',#1287,#1318,#1326,.T.);
#1326 = LINE('',#1327,#1328);
#1327 = CARTESIAN_POINT('',(-0.748665,3.169666,-0.748665));
#1328 = VECTOR('',#1329,1.);
#1329 = DIRECTION('',(0.57735026919,-0.57735026919,0.57735026919));
#1330 = ORIENTED_EDGE('',*,*,#1286,.F.);
#1331 = PLANE('',#1332);
#1332 = AXIS2_PLACEMENT_3D('',#1333,#1334,#1335);
#1333 = CARTESIAN_POINT('',(-1.347597,2.8702,-0.449199));
#1334 = DIRECTION('',(0.E+000,0.707106781187,0.707106781187));
#1335 = DIRECTION('',(0.E+000,-0.707106781187,0.707106781187));
#1336 = ADVANCED_FACE('',(#1337),#1362,.T.);
#1337 = FACE_BOUND('',#1338,.T.);
#1338 = EDGE_LOOP('',(#1339,#1347,#1355,#1361));
#1339 = ORIENTED_EDGE('',*,*,#1340,.F.);
#1340 = EDGE_CURVE('',#1341,#1310,#1343,.T.);
#1341 = VERTEX_POINT('',#1342);
#1342 = CARTESIAN_POINT('',(-0.652399,0.928358874902,-0.347599));
#1343 = LINE('',#1344,#1345);
#1344 = CARTESIAN_POINT('',(-0.652399,2.7686,-0.347599));
#1345 = VECTOR('',#1346,1.);
#1346 = DIRECTION('',(0.E+000,1.,0.E+000));
#1347 = ORIENTED_EDGE('',*,*,#1348,.T.);
#1348 = EDGE_CURVE('',#1341,#1349,#1351,.T.);
#1349 = VERTEX_POINT('',#1350);
#1350 = CARTESIAN_POINT('',(-0.347599,0.928358874902,-0.347599));
#1351 = LINE('',#1352,#1353);
#1352 = CARTESIAN_POINT('',(-1.347597,0.928358874902,-0.347599));
#1353 = VECTOR('',#1354,1.);
#1354 = DIRECTION('',(1.,0.E+000,0.E+000));
#1355 = ORIENTED_EDGE('',*,*,#1356,.F.);
#1356 = EDGE_CURVE('',#1318,#1349,#1357,.T.);
#1357 = LINE('',#1358,#1359);
#1358 = CARTESIAN_POINT('',(-0.347599,2.7686,-0.347599));
#1359 = VECTOR('',#1360,1.);
#1360 = DIRECTION('',(0.E+000,-1.,0.E+000));
#1361 = ORIENTED_EDGE('',*,*,#1317,.F.);
#1362 = PLANE('',#1363);
#1363 = AXIS2_PLACEMENT_3D('',#1364,#1365,#1366);
#1364 = CARTESIAN_POINT('',(-1.347597,2.7686,-0.347599));
#1365 = DIRECTION('',(0.E+000,0.E+000,1.));
#1366 = DIRECTION('',(1.,0.E+000,-0.E+000));
#1367 = ADVANCED_FACE('',(#1368),#1393,.T.);
#1368 = FACE_BOUND('',#1369,.T.);
#1369 = EDGE_LOOP('',(#1370,#1378,#1386,#1392));
#1370 = ORIENTED_EDGE('',*,*,#1371,.F.);
#1371 = EDGE_CURVE('',#1372,#1341,#1374,.T.);
#1372 = VERTEX_POINT('',#1373);
#1373 = CARTESIAN_POINT('',(-0.652399,0.928358874902,0.347599));
#1374 = LINE('',#1375,#1376);
#1375 = CARTESIAN_POINT('',(-0.652399,0.928358874902,-0.347599));
#1376 = VECTOR('',#1377,1.);
#1377 = DIRECTION('',(0.E+000,3.119117639825E-016,-1.));
#1378 = ORIENTED_EDGE('',*,*,#1379,.T.);
#1379 = EDGE_CURVE('',#1372,#1380,#1382,.T.);
#1380 = VERTEX_POINT('',#1381);
#1381 = CARTESIAN_POINT('',(-0.347599,0.928358874902,0.347599));
#1382 = LINE('',#1383,#1384);
#1383 = CARTESIAN_POINT('',(-1.347597,0.928358874902,0.347599));
#1384 = VECTOR('',#1385,1.);
#1385 = DIRECTION('',(1.,0.E+000,0.E+000));
#1386 = ORIENTED_EDGE('',*,*,#1387,.F.);
#1387 = EDGE_CURVE('',#1349,#1380,#1388,.T.);
#1388 = LINE('',#1389,#1390);
#1389 = CARTESIAN_POINT('',(-0.347599,0.928358874902,-0.347599));
#1390 = VECTOR('',#1391,1.);
#1391 = DIRECTION('',(0.E+000,-3.119117639825E-016,1.));
#1392 = ORIENTED_EDGE('',*,*,#1348,.F.);
#1393 = PLANE('',#1394);
#1394 = AXIS2_PLACEMENT_3D('',#1395,#1396,#1397);
#1395 = CARTESIAN_POINT('',(-1.347597,0.928358874902,-0.347599));
#1396 = DIRECTION('',(0.E+000,1.,3.119117639825E-016));
#1397 = DIRECTION('',(0.E+000,-3.119117639825E-016,1.));
#1398 = ADVANCED_FACE('',(#1399),#1424,.T.);
#1399 = FACE_BOUND('',#1400,.T.);
#1400 = EDGE_LOOP('',(#1401,#1409,#1417,#1423));
#1401 = ORIENTED_EDGE('',*,*,#1402,.F.);
#1402 = EDGE_CURVE('',#1403,#1372,#1405,.T.);
#1403 = VERTEX_POINT('',#1404);
#1404 = CARTESIAN_POINT('',(-0.652399,2.7686,0.347599));
#1405 = LINE('',#1406,#1407);
#1406 = CARTESIAN_POINT('',(-0.652399,0.928358874902,0.347599));
#1407 = VECTOR('',#1408,1.);
#1408 = DIRECTION('',(0.E+000,-1.,0.E+000));
#1409 = ORIENTED_EDGE('',*,*,#1410,.T.);
#1410 = EDGE_CURVE('',#1403,#1411,#1413,.T.);
#1411 = VERTEX_POINT('',#1412);
#1412 = CARTESIAN_POINT('',(-0.347599,2.7686,0.347599));
#1413 = LINE('',#1414,#1415);
#1414 = CARTESIAN_POINT('',(-1.347597,2.7686,0.347599));
#1415 = VECTOR('',#1416,1.);
#1416 = DIRECTION('',(1.,0.E+000,0.E+000));
#1417 = ORIENTED_EDGE('',*,*,#1418,.F.);
#1418 = EDGE_CURVE('',#1380,#1411,#1419,.T.);
#1419 = LINE('',#1420,#1421);
#1420 = CARTESIAN_POINT('',(-0.347599,0.928358874902,0.347599));
#1421 = VECTOR('',#1422,1.);
#1422 = DIRECTION('',(0.E+000,1.,0.E+000));
#1423 = ORIENTED_EDGE('',*,*,#1379,.F.);
#1424 = PLANE('',#1425);
#1425 = AXIS2_PLACEMENT_3D('',#1426,#1427,#1428);
#1426 = CARTESIAN_POINT('',(-1.347597,0.928358874902,0.347599));
#1427 = DIRECTION('',(0.E+000,0.E+000,-1.));
#1428 = DIRECTION('',(-1.,0.E+000,0.E+000));
#1429 = ADVANCED_FACE('',(#1430),#1455,.T.);
#1430 = FACE_BOUND('',#1431,.T.);
#1431 = EDGE_LOOP('',(#1432,#1440,#1448,#1454));
#1432 = ORIENTED_EDGE('',*,*,#1433,.F.);
#1433 = EDGE_CURVE('',#1434,#1403,#1436,.T.);
#1434 = VERTEX_POINT('',#1435);
#1435 = CARTESIAN_POINT('',(-0.550799,2.8702,0.449199));
#1436 = LINE('',#1437,#1438);
#1437 = CARTESIAN_POINT('',(-0.884131666667,2.536867333333,
    0.115866333333));
#1438 = VECTOR('',#1439,1.);
#1439 = DIRECTION('',(-0.57735026919,-0.57735026919,-0.57735026919));
#1440 = ORIENTED_EDGE('',*,*,#1441,.T.);
#1441 = EDGE_CURVE('',#1434,#1442,#1444,.T.);
#1442 = VERTEX_POINT('',#1443);
#1443 = CARTESIAN_POINT('',(-0.449199,2.8702,0.449199));
#1444 = LINE('',#1445,#1446);
#1445 = CARTESIAN_POINT('',(-1.347597,2.8702,0.449199));
#1446 = VECTOR('',#1447,1.);
#1447 = DIRECTION('',(1.,0.E+000,0.E+000));
#1448 = ORIENTED_EDGE('',*,*,#1449,.F.);
#1449 = EDGE_CURVE('',#1411,#1442,#1450,.T.);
#1450 = LINE('',#1451,#1452);
#1451 = CARTESIAN_POINT('',(-0.680931666667,3.101932666667,
    0.680931666667));
#1452 = VECTOR('',#1453,1.);
#1453 = DIRECTION('',(-0.57735026919,0.57735026919,0.57735026919));
#1454 = ORIENTED_EDGE('',*,*,#1410,.F.);
#1455 = PLANE('',#1456);
#1456 = AXIS2_PLACEMENT_3D('',#1457,#1458,#1459);
#1457 = CARTESIAN_POINT('',(-1.347597,2.7686,0.347599));
#1458 = DIRECTION('',(0.E+000,0.707106781187,-0.707106781187));
#1459 = DIRECTION('',(0.E+000,0.707106781187,0.707106781187));
#1460 = ADVANCED_FACE('',(#1461),#1486,.T.);
#1461 = FACE_BOUND('',#1462,.T.);
#1462 = EDGE_LOOP('',(#1463,#1471,#1479,#1485));
#1463 = ORIENTED_EDGE('',*,*,#1464,.F.);
#1464 = EDGE_CURVE('',#1465,#1434,#1467,.T.);
#1465 = VERTEX_POINT('',#1466);
#1466 = CARTESIAN_POINT('',(-0.550799,2.8702,0.550799));
#1467 = LINE('',#1468,#1469);
#1468 = CARTESIAN_POINT('',(-0.550799,2.8702,12.7));
#1469 = VECTOR('',#1470,1.);
#1470 = DIRECTION('',(0.E+000,0.E+000,-1.));
#1471 = ORIENTED_EDGE('',*,*,#1472,.T.);
#1472 = EDGE_CURVE('',#1465,#1473,#1475,.T.);
#1473 = VERTEX_POINT('',#1474);
#1474 = CARTESIAN_POINT('',(-0.449199,2.8702,0.550799));
#1475 = LINE('',#1476,#1477);
#1476 = CARTESIAN_POINT('',(-1.347597,2.8702,0.550799));
#1477 = VECTOR('',#1478,1.);
#1478 = DIRECTION('',(1.,0.E+000,0.E+000));
#1479 = ORIENTED_EDGE('',*,*,#1480,.T.);
#1480 = EDGE_CURVE('',#1473,#1442,#1481,.T.);
#1481 = LINE('',#1482,#1483);
#1482 = CARTESIAN_POINT('',(-0.449199,2.8702,12.7));
#1483 = VECTOR('',#1484,1.);
#1484 = DIRECTION('',(0.E+000,0.E+000,-1.));
#1485 = ORIENTED_EDGE('',*,*,#1441,.F.);
#1486 = PLANE('',#1487);
#1487 = AXIS2_PLACEMENT_3D('',#1488,#1489,#1490);
#1488 = CARTESIAN_POINT('',(-1.347597,2.8702,0.449199));
#1489 = DIRECTION('',(0.E+000,1.,0.E+000));
#1490 = DIRECTION('',(0.E+000,-0.E+000,1.));
#1491 = ADVANCED_FACE('',(#1492),#1517,.T.);
#1492 = FACE_BOUND('',#1493,.T.);
#1493 = EDGE_LOOP('',(#1494,#1502,#1510,#1516));
#1494 = ORIENTED_EDGE('',*,*,#1495,.F.);
#1495 = EDGE_CURVE('',#1496,#1465,#1498,.T.);
#1496 = VERTEX_POINT('',#1497);
#1497 = CARTESIAN_POINT('',(-0.652399,2.7686,0.652399));
#1498 = LINE('',#1499,#1500);
#1499 = CARTESIAN_POINT('',(-0.816398333333,2.604600666667,
    0.816398333333));
#1500 = VECTOR('',#1501,1.);
#1501 = DIRECTION('',(0.57735026919,0.57735026919,-0.57735026919));
#1502 = ORIENTED_EDGE('',*,*,#1503,.T.);
#1503 = EDGE_CURVE('',#1496,#1504,#1506,.T.);
#1504 = VERTEX_POINT('',#1505);
#1505 = CARTESIAN_POINT('',(-0.347599,2.7686,0.652399));
#1506 = LINE('',#1507,#1508);
#1507 = CARTESIAN_POINT('',(-1.347597,2.7686,0.652399));
#1508 = VECTOR('',#1509,1.);
#1509 = DIRECTION('',(1.,0.E+000,0.E+000));
#1510 = ORIENTED_EDGE('',*,*,#1511,.F.);
#1511 = EDGE_CURVE('',#1473,#1504,#1512,.T.);
#1512 = LINE('',#1513,#1514);
#1513 = CARTESIAN_POINT('',(-0.748665,3.169666,0.251333));
#1514 = VECTOR('',#1515,1.);
#1515 = DIRECTION('',(0.57735026919,-0.57735026919,0.57735026919));
#1516 = ORIENTED_EDGE('',*,*,#1472,.F.);
#1517 = PLANE('',#1518);
#1518 = AXIS2_PLACEMENT_3D('',#1519,#1520,#1521);
#1519 = CARTESIAN_POINT('',(-1.347597,2.8702,0.550799));
#1520 = DIRECTION('',(0.E+000,0.707106781187,0.707106781187));
#1521 = DIRECTION('',(0.E+000,-0.707106781187,0.707106781187));
#1522 = ADVANCED_FACE('',(#1523),#1548,.T.);
#1523 = FACE_BOUND('',#1524,.T.);
#1524 = EDGE_LOOP('',(#1525,#1533,#1541,#1547));
#1525 = ORIENTED_EDGE('',*,*,#1526,.F.);
#1526 = EDGE_CURVE('',#1527,#1496,#1529,.T.);
#1527 = VERTEX_POINT('',#1528);
#1528 = CARTESIAN_POINT('',(-0.652399,0.928358874902,0.652399));
#1529 = LINE('',#1530,#1531);
#1530 = CARTESIAN_POINT('',(-0.652399,2.7686,0.652399));
#1531 = VECTOR('',#1532,1.);
#1532 = DIRECTION('',(0.E+000,1.,0.E+000));
#1533 = ORIENTED_EDGE('',*,*,#1534,.T.);
#1534 = EDGE_CURVE('',#1527,#1535,#1537,.T.);
#1535 = VERTEX_POINT('',#1536);
#1536 = CARTESIAN_POINT('',(-0.347599,0.928358874902,0.652399));
#1537 = LINE('',#1538,#1539);
#1538 = CARTESIAN_POINT('',(-1.347597,0.928358874902,0.652399));
#1539 = VECTOR('',#1540,1.);
#1540 = DIRECTION('',(1.,0.E+000,0.E+000));
#1541 = ORIENTED_EDGE('',*,*,#1542,.F.);
#1542 = EDGE_CURVE('',#1504,#1535,#1543,.T.);
#1543 = LINE('',#1544,#1545);
#1544 = CARTESIAN_POINT('',(-0.347599,2.7686,0.652399));
#1545 = VECTOR('',#1546,1.);
#1546 = DIRECTION('',(0.E+000,-1.,0.E+000));
#1547 = ORIENTED_EDGE('',*,*,#1503,.F.);
#1548 = PLANE('',#1549);
#1549 = AXIS2_PLACEMENT_3D('',#1550,#1551,#1552);
#1550 = CARTESIAN_POINT('',(-1.347597,2.7686,0.652399));
#1551 = DIRECTION('',(0.E+000,0.E+000,1.));
#1552 = DIRECTION('',(1.,0.E+000,-0.E+000));
#1553 = ADVANCED_FACE('',(#1554),#1579,.T.);
#1554 = FACE_BOUND('',#1555,.T.);
#1555 = EDGE_LOOP('',(#1556,#1564,#1572,#1578));
#1556 = ORIENTED_EDGE('',*,*,#1557,.F.);
#1557 = EDGE_CURVE('',#1558,#1527,#1560,.T.);
#1558 = VERTEX_POINT('',#1559);
#1559 = CARTESIAN_POINT('',(-0.652399,0.928358874902,0.855599));
#1560 = LINE('',#1561,#1562);
#1561 = CARTESIAN_POINT('',(-0.652399,0.928358874902,0.652399));
#1562 = VECTOR('',#1563,1.);
#1563 = DIRECTION('',(0.E+000,1.067128122525E-015,-1.));
#1564 = ORIENTED_EDGE('',*,*,#1565,.T.);
#1565 = EDGE_CURVE('',#1558,#1566,#1568,.T.);
#1566 = VERTEX_POINT('',#1567);
#1567 = CARTESIAN_POINT('',(-0.347599,0.928358874902,0.855599));
#1568 = LINE('',#1569,#1570);
#1569 = CARTESIAN_POINT('',(-1.347597,0.928358874902,0.855599));
#1570 = VECTOR('',#1571,1.);
#1571 = DIRECTION('',(1.,0.E+000,0.E+000));
#1572 = ORIENTED_EDGE('',*,*,#1573,.F.);
#1573 = EDGE_CURVE('',#1535,#1566,#1574,.T.);
#1574 = LINE('',#1575,#1576);
#1575 = CARTESIAN_POINT('',(-0.347599,0.928358874902,0.652399));
#1576 = VECTOR('',#1577,1.);
#1577 = DIRECTION('',(0.E+000,-1.067128122525E-015,1.));
#1578 = ORIENTED_EDGE('',*,*,#1534,.F.);
#1579 = PLANE('',#1580);
#1580 = AXIS2_PLACEMENT_3D('',#1581,#1582,#1583);
#1581 = CARTESIAN_POINT('',(-1.347597,0.928358874902,0.652399));
#1582 = DIRECTION('',(0.E+000,1.,1.067128122525E-015));
#1583 = DIRECTION('',(0.E+000,-1.067128122525E-015,1.));
#1584 = ADVANCED_FACE('',(#1585),#1603,.T.);
#1585 = FACE_BOUND('',#1586,.T.);
#1586 = EDGE_LOOP('',(#1587,#1588,#1589,#1597));
#1587 = ORIENTED_EDGE('',*,*,#816,.F.);
#1588 = ORIENTED_EDGE('',*,*,#420,.T.);
#1589 = ORIENTED_EDGE('',*,*,#1590,.F.);
#1590 = EDGE_CURVE('',#1591,#413,#1593,.T.);
#1591 = VERTEX_POINT('',#1592);
#1592 = CARTESIAN_POINT('',(0.652399,0.E+000,0.652399));
#1593 = LINE('',#1594,#1595);
#1594 = CARTESIAN_POINT('',(0.652399,0.E+000,0.652399));
#1595 = VECTOR('',#1596,1.);
#1596 = DIRECTION('',(0.E+000,0.E+000,1.));
#1597 = ORIENTED_EDGE('',*,*,#1598,.F.);
#1598 = EDGE_CURVE('',#817,#1591,#1599,.T.);
#1599 = LINE('',#1600,#1601);
#1600 = CARTESIAN_POINT('',(-1.347597,0.E+000,0.652399));
#1601 = VECTOR('',#1602,1.);
#1602 = DIRECTION('',(1.,0.E+000,0.E+000));
#1603 = PLANE('',#1604);
#1604 = AXIS2_PLACEMENT_3D('',#1605,#1606,#1607);
#1605 = CARTESIAN_POINT('',(-1.347597,0.E+000,0.652399));
#1606 = DIRECTION('',(0.E+000,1.,0.E+000));
#1607 = DIRECTION('',(0.E+000,-0.E+000,1.));
#1608 = ADVANCED_FACE('',(#1609),#1627,.T.);
#1609 = FACE_BOUND('',#1610,.T.);
#1610 = EDGE_LOOP('',(#1611,#1612,#1613,#1621));
#1611 = ORIENTED_EDGE('',*,*,#877,.F.);
#1612 = ORIENTED_EDGE('',*,*,#677,.F.);
#1613 = ORIENTED_EDGE('',*,*,#1614,.F.);
#1614 = EDGE_CURVE('',#1615,#678,#1617,.T.);
#1615 = VERTEX_POINT('',#1616);
#1616 = CARTESIAN_POINT('',(-0.652399,-0.3048,0.855599));
#1617 = LINE('',#1618,#1619);
#1618 = CARTESIAN_POINT('',(-0.652399,-0.3048,2.4003));
#1619 = VECTOR('',#1620,1.);
#1620 = DIRECTION('',(0.E+000,0.E+000,1.));
#1621 = ORIENTED_EDGE('',*,*,#1622,.T.);
#1622 = EDGE_CURVE('',#1615,#878,#1623,.T.);
#1623 = LINE('',#1624,#1625);
#1624 = CARTESIAN_POINT('',(-1.347597,-0.3048,0.855599));
#1625 = VECTOR('',#1626,1.);
#1626 = DIRECTION('',(1.,0.E+000,0.E+000));
#1627 = PLANE('',#1628);
#1628 = AXIS2_PLACEMENT_3D('',#1629,#1630,#1631);
#1629 = CARTESIAN_POINT('',(-1.347597,-0.3048,2.4003));
#1630 = DIRECTION('',(0.E+000,-1.,0.E+000));
#1631 = DIRECTION('',(0.E+000,0.E+000,-1.));
#1632 = ADVANCED_FACE('',(#1633),#1652,.T.);
#1633 = FACE_BOUND('',#1634,.T.);
#1634 = EDGE_LOOP('',(#1635,#1636,#1637,#1646));
#1635 = ORIENTED_EDGE('',*,*,#885,.T.);
#1636 = ORIENTED_EDGE('',*,*,#1622,.F.);
#1637 = ORIENTED_EDGE('',*,*,#1638,.T.);
#1638 = EDGE_CURVE('',#1615,#1639,#1641,.T.);
#1639 = VERTEX_POINT('',#1640);
#1640 = CARTESIAN_POINT('',(-0.652399,0.2032,0.347599));
#1641 = CIRCLE('',#1642,0.508);
#1642 = AXIS2_PLACEMENT_3D('',#1643,#1644,#1645);
#1643 = CARTESIAN_POINT('',(-0.652399,0.2032,0.855599));
#1644 = DIRECTION('',(1.,0.E+000,0.E+000));
#1645 = DIRECTION('',(0.E+000,0.E+000,-1.));
#1646 = ORIENTED_EDGE('',*,*,#1647,.T.);
#1647 = EDGE_CURVE('',#1639,#886,#1648,.T.);
#1648 = LINE('',#1649,#1650);
#1649 = CARTESIAN_POINT('',(-1.347597,0.2032,0.347599));
#1650 = VECTOR('',#1651,1.);
#1651 = DIRECTION('',(1.,0.E+000,0.E+000));
#1652 = CYLINDRICAL_SURFACE('',#1653,0.508);
#1653 = AXIS2_PLACEMENT_3D('',#1654,#1655,#1656);
#1654 = CARTESIAN_POINT('',(-1.347597,0.2032,0.855599));
#1655 = DIRECTION('',(1.,0.E+000,0.E+000));
#1656 = DIRECTION('',(0.E+000,0.E+000,-1.));
#1657 = ADVANCED_FACE('',(#1658),#1708,.T.);
#1658 = FACE_BOUND('',#1659,.T.);
#1659 = EDGE_LOOP('',(#1660,#1661,#1667,#1668,#1669,#1677,#1685,#1693,
    #1701,#1707));
#1660 = ORIENTED_EDGE('',*,*,#840,.F.);
#1661 = ORIENTED_EDGE('',*,*,#1662,.F.);
#1662 = EDGE_CURVE('',#895,#833,#1663,.T.);
#1663 = LINE('',#1664,#1665);
#1664 = CARTESIAN_POINT('',(-1.347597,0.628467997569,0.347599));
#1665 = VECTOR('',#1666,1.);
#1666 = DIRECTION('',(1.,1.559558819912E-016,0.E+000));
#1667 = ORIENTED_EDGE('',*,*,#894,.F.);
#1668 = ORIENTED_EDGE('',*,*,#1647,.F.);
#1669 = ORIENTED_EDGE('',*,*,#1670,.F.);
#1670 = EDGE_CURVE('',#1671,#1639,#1673,.T.);
#1671 = VERTEX_POINT('',#1672);
#1672 = CARTESIAN_POINT('',(-0.652399,0.628467997569,0.347599));
#1673 = LINE('',#1674,#1675);
#1674 = CARTESIAN_POINT('',(-0.652399,0.2032,0.347599));
#1675 = VECTOR('',#1676,1.);
#1676 = DIRECTION('',(0.E+000,-1.,0.E+000));
#1677 = ORIENTED_EDGE('',*,*,#1678,.F.);
#1678 = EDGE_CURVE('',#1679,#1671,#1681,.T.);
#1679 = VERTEX_POINT('',#1680);
#1680 = CARTESIAN_POINT('',(-0.788838608612,0.628467997569,0.347599));
#1681 = LINE('',#1682,#1683);
#1682 = CARTESIAN_POINT('',(-1.347597,0.628467997569,0.347599));
#1683 = VECTOR('',#1684,1.);
#1684 = DIRECTION('',(1.,0.E+000,0.E+000));
#1685 = ORIENTED_EDGE('',*,*,#1686,.F.);
#1686 = EDGE_CURVE('',#1687,#1679,#1689,.T.);
#1687 = VERTEX_POINT('',#1688);
#1688 = CARTESIAN_POINT('',(-0.788838608612,0.692028314269,0.347599));
#1689 = LINE('',#1690,#1691);
#1690 = CARTESIAN_POINT('',(-0.788838608612,0.2032,0.347599));
#1691 = VECTOR('',#1692,1.);
#1692 = DIRECTION('',(0.E+000,-1.,0.E+000));
#1693 = ORIENTED_EDGE('',*,*,#1694,.T.);
#1694 = EDGE_CURVE('',#1687,#1695,#1697,.T.);
#1695 = VERTEX_POINT('',#1696);
#1696 = CARTESIAN_POINT('',(0.652399,0.692028314269,0.347599));
#1697 = LINE('',#1698,#1699);
#1698 = CARTESIAN_POINT('',(-1.347597,0.692028314269,0.347599));
#1699 = VECTOR('',#1700,1.);
#1700 = DIRECTION('',(1.,0.E+000,0.E+000));
#1701 = ORIENTED_EDGE('',*,*,#1702,.F.);
#1702 = EDGE_CURVE('',#1080,#1695,#1703,.T.);
#1703 = LINE('',#1704,#1705);
#1704 = CARTESIAN_POINT('',(0.652399,0.2032,0.347599));
#1705 = VECTOR('',#1706,1.);
#1706 = DIRECTION('',(0.E+000,1.,0.E+000));
#1707 = ORIENTED_EDGE('',*,*,#1079,.F.);
#1708 = PLANE('',#1709);
#1709 = AXIS2_PLACEMENT_3D('',#1710,#1711,#1712);
#1710 = CARTESIAN_POINT('',(-1.347597,0.2032,0.347599));
#1711 = DIRECTION('',(0.E+000,0.E+000,-1.));
#1712 = DIRECTION('',(-1.,0.E+000,0.E+000));
#1713 = ADVANCED_FACE('',(#1714),#1739,.T.);
#1714 = FACE_BOUND('',#1715,.T.);
#1715 = EDGE_LOOP('',(#1716,#1724,#1732,#1738));
#1716 = ORIENTED_EDGE('',*,*,#1717,.F.);
#1717 = EDGE_CURVE('',#1718,#1687,#1720,.T.);
#1718 = VERTEX_POINT('',#1719);
#1719 = CARTESIAN_POINT('',(-0.788838608612,0.692028314269,-0.347599));
#1720 = LINE('',#1721,#1722);
#1721 = CARTESIAN_POINT('',(-0.788838608612,0.692028314269,0.347599));
#1722 = VECTOR('',#1723,1.);
#1723 = DIRECTION('',(0.E+000,0.E+000,1.));
#1724 = ORIENTED_EDGE('',*,*,#1725,.T.);
#1725 = EDGE_CURVE('',#1718,#1726,#1728,.T.);
#1726 = VERTEX_POINT('',#1727);
#1727 = CARTESIAN_POINT('',(0.652399,0.692028314269,-0.347599));
#1728 = LINE('',#1729,#1730);
#1729 = CARTESIAN_POINT('',(-1.347597,0.692028314269,-0.347599));
#1730 = VECTOR('',#1731,1.);
#1731 = DIRECTION('',(1.,0.E+000,0.E+000));
#1732 = ORIENTED_EDGE('',*,*,#1733,.F.);
#1733 = EDGE_CURVE('',#1695,#1726,#1734,.T.);
#1734 = LINE('',#1735,#1736);
#1735 = CARTESIAN_POINT('',(0.652399,0.692028314269,0.347599));
#1736 = VECTOR('',#1737,1.);
#1737 = DIRECTION('',(0.E+000,0.E+000,-1.));
#1738 = ORIENTED_EDGE('',*,*,#1694,.F.);
#1739 = PLANE('',#1740);
#1740 = AXIS2_PLACEMENT_3D('',#1741,#1742,#1743);
#1741 = CARTESIAN_POINT('',(-1.347597,0.692028314269,0.347599));
#1742 = DIRECTION('',(0.E+000,-1.,0.E+000));
#1743 = DIRECTION('',(0.E+000,0.E+000,-1.));
#1744 = ADVANCED_FACE('',(#1745),#1793,.T.);
#1745 = FACE_BOUND('',#1746,.T.);
#1746 = EDGE_LOOP('',(#1747,#1748,#1749,#1755,#1756,#1764,#1772,#1780,
    #1786,#1787));
#1747 = ORIENTED_EDGE('',*,*,#955,.F.);
#1748 = ORIENTED_EDGE('',*,*,#1121,.T.);
#1749 = ORIENTED_EDGE('',*,*,#1750,.F.);
#1750 = EDGE_CURVE('',#1726,#1113,#1751,.T.);
#1751 = LINE('',#1752,#1753);
#1752 = CARTESIAN_POINT('',(0.652399,0.692028314269,-0.347599));
#1753 = VECTOR('',#1754,1.);
#1754 = DIRECTION('',(0.E+000,-1.,0.E+000));
#1755 = ORIENTED_EDGE('',*,*,#1725,.F.);
#1756 = ORIENTED_EDGE('',*,*,#1757,.F.);
#1757 = EDGE_CURVE('',#1758,#1718,#1760,.T.);
#1758 = VERTEX_POINT('',#1759);
#1759 = CARTESIAN_POINT('',(-0.788838608612,0.628467997569,-0.347599));
#1760 = LINE('',#1761,#1762);
#1761 = CARTESIAN_POINT('',(-0.788838608612,0.692028314269,-0.347599));
#1762 = VECTOR('',#1763,1.);
#1763 = DIRECTION('',(0.E+000,1.,0.E+000));
#1764 = ORIENTED_EDGE('',*,*,#1765,.F.);
#1765 = EDGE_CURVE('',#1766,#1758,#1768,.T.);
#1766 = VERTEX_POINT('',#1767);
#1767 = CARTESIAN_POINT('',(-0.652399,0.628467997569,-0.347599));
#1768 = LINE('',#1769,#1770);
#1769 = CARTESIAN_POINT('',(-1.347597,0.628467997569,-0.347599));
#1770 = VECTOR('',#1771,1.);
#1771 = DIRECTION('',(-1.,0.E+000,0.E+000));
#1772 = ORIENTED_EDGE('',*,*,#1773,.F.);
#1773 = EDGE_CURVE('',#1774,#1766,#1776,.T.);
#1774 = VERTEX_POINT('',#1775);
#1775 = CARTESIAN_POINT('',(-0.652399,0.2032,-0.347599));
#1776 = LINE('',#1777,#1778);
#1777 = CARTESIAN_POINT('',(-0.652399,0.692028314269,-0.347599));
#1778 = VECTOR('',#1779,1.);
#1779 = DIRECTION('',(0.E+000,1.,0.E+000));
#1780 = ORIENTED_EDGE('',*,*,#1781,.T.);
#1781 = EDGE_CURVE('',#1774,#1024,#1782,.T.);
#1782 = LINE('',#1783,#1784);
#1783 = CARTESIAN_POINT('',(-1.347597,0.2032,-0.347599));
#1784 = VECTOR('',#1785,1.);
#1785 = DIRECTION('',(1.,0.E+000,0.E+000));
#1786 = ORIENTED_EDGE('',*,*,#1023,.F.);
#1787 = ORIENTED_EDGE('',*,*,#1788,.F.);
#1788 = EDGE_CURVE('',#956,#1016,#1789,.T.);
#1789 = LINE('',#1790,#1791);
#1790 = CARTESIAN_POINT('',(-1.347597,0.628467997569,-0.347599));
#1791 = VECTOR('',#1792,1.);
#1792 = DIRECTION('',(-1.,-1.559558819912E-016,0.E+000));
#1793 = PLANE('',#1794);
#1794 = AXIS2_PLACEMENT_3D('',#1795,#1796,#1797);
#1795 = CARTESIAN_POINT('',(-1.347597,0.692028314269,-0.347599));
#1796 = DIRECTION('',(0.E+000,0.E+000,1.));
#1797 = DIRECTION('',(1.,0.E+000,-0.E+000));
#1798 = ADVANCED_FACE('',(#1799),#1818,.T.);
#1799 = FACE_BOUND('',#1800,.T.);
#1800 = EDGE_LOOP('',(#1801,#1802,#1803,#1812));
#1801 = ORIENTED_EDGE('',*,*,#1031,.T.);
#1802 = ORIENTED_EDGE('',*,*,#1781,.F.);
#1803 = ORIENTED_EDGE('',*,*,#1804,.T.);
#1804 = EDGE_CURVE('',#1774,#1805,#1807,.T.);
#1805 = VERTEX_POINT('',#1806);
#1806 = CARTESIAN_POINT('',(-0.652399,-0.3048,-0.855599));
#1807 = CIRCLE('',#1808,0.508);
#1808 = AXIS2_PLACEMENT_3D('',#1809,#1810,#1811);
#1809 = CARTESIAN_POINT('',(-0.652399,0.2032,-0.855599));
#1810 = DIRECTION('',(1.,0.E+000,0.E+000));
#1811 = DIRECTION('',(0.E+000,0.E+000,-1.));
#1812 = ORIENTED_EDGE('',*,*,#1813,.T.);
#1813 = EDGE_CURVE('',#1805,#1032,#1814,.T.);
#1814 = LINE('',#1815,#1816);
#1815 = CARTESIAN_POINT('',(-1.347597,-0.3048,-0.855599));
#1816 = VECTOR('',#1817,1.);
#1817 = DIRECTION('',(1.,0.E+000,0.E+000));
#1818 = CYLINDRICAL_SURFACE('',#1819,0.508);
#1819 = AXIS2_PLACEMENT_3D('',#1820,#1821,#1822);
#1820 = CARTESIAN_POINT('',(-1.347597,0.2032,-0.855599));
#1821 = DIRECTION('',(1.,0.E+000,0.E+000));
#1822 = DIRECTION('',(0.E+000,0.E+000,-1.));
#1823 = ADVANCED_FACE('',(#1824),#1835,.T.);
#1824 = FACE_BOUND('',#1825,.T.);
#1825 = EDGE_LOOP('',(#1826,#1827,#1828,#1834));
#1826 = ORIENTED_EDGE('',*,*,#1040,.F.);
#1827 = ORIENTED_EDGE('',*,*,#1813,.F.);
#1828 = ORIENTED_EDGE('',*,*,#1829,.F.);
#1829 = EDGE_CURVE('',#709,#1805,#1830,.T.);
#1830 = LINE('',#1831,#1832);
#1831 = CARTESIAN_POINT('',(-0.652399,-0.3048,-0.855599));
#1832 = VECTOR('',#1833,1.);
#1833 = DIRECTION('',(0.E+000,0.E+000,1.));
#1834 = ORIENTED_EDGE('',*,*,#708,.T.);
#1835 = PLANE('',#1836);
#1836 = AXIS2_PLACEMENT_3D('',#1837,#1838,#1839);
#1837 = CARTESIAN_POINT('',(-1.347597,-0.3048,-0.855599));
#1838 = DIRECTION('',(0.E+000,-1.,0.E+000));
#1839 = DIRECTION('',(0.E+000,0.E+000,-1.));
#1840 = ADVANCED_FACE('',(#1841),#1859,.T.);
#1841 = FACE_BOUND('',#1842,.T.);
#1842 = EDGE_LOOP('',(#1843,#1844,#1845,#1853));
#1843 = ORIENTED_EDGE('',*,*,#999,.F.);
#1844 = ORIENTED_EDGE('',*,*,#788,.F.);
#1845 = ORIENTED_EDGE('',*,*,#1846,.F.);
#1846 = EDGE_CURVE('',#1847,#781,#1849,.T.);
#1847 = VERTEX_POINT('',#1848);
#1848 = CARTESIAN_POINT('',(-0.652399,0.E+000,-0.652399));
#1849 = LINE('',#1850,#1851);
#1850 = CARTESIAN_POINT('',(-0.652399,0.E+000,-2.4003));
#1851 = VECTOR('',#1852,1.);
#1852 = DIRECTION('',(0.E+000,0.E+000,-1.));
#1853 = ORIENTED_EDGE('',*,*,#1854,.T.);
#1854 = EDGE_CURVE('',#1847,#1000,#1855,.T.);
#1855 = LINE('',#1856,#1857);
#1856 = CARTESIAN_POINT('',(-1.347597,0.E+000,-0.652399));
#1857 = VECTOR('',#1858,1.);
#1858 = DIRECTION('',(1.,0.E+000,0.E+000));
#1859 = PLANE('',#1860);
#1860 = AXIS2_PLACEMENT_3D('',#1861,#1862,#1863);
#1861 = CARTESIAN_POINT('',(-1.347597,0.E+000,-2.4003));
#1862 = DIRECTION('',(0.E+000,1.,0.E+000));
#1863 = DIRECTION('',(0.E+000,-0.E+000,1.));
#1864 = ADVANCED_FACE('',(#1865),#1915,.T.);
#1865 = FACE_BOUND('',#1866,.T.);
#1866 = EDGE_LOOP('',(#1867,#1868,#1874,#1875,#1876,#1884,#1892,#1900,
    #1908,#1914));
#1867 = ORIENTED_EDGE('',*,*,#971,.F.);
#1868 = ORIENTED_EDGE('',*,*,#1869,.F.);
#1869 = EDGE_CURVE('',#1008,#964,#1870,.T.);
#1870 = LINE('',#1871,#1872);
#1871 = CARTESIAN_POINT('',(-1.347597,0.628467997569,-0.652399));
#1872 = VECTOR('',#1873,1.);
#1873 = DIRECTION('',(1.,1.559558819912E-016,0.E+000));
#1874 = ORIENTED_EDGE('',*,*,#1007,.F.);
#1875 = ORIENTED_EDGE('',*,*,#1854,.F.);
#1876 = ORIENTED_EDGE('',*,*,#1877,.F.);
#1877 = EDGE_CURVE('',#1878,#1847,#1880,.T.);
#1878 = VERTEX_POINT('',#1879);
#1879 = CARTESIAN_POINT('',(-0.652399,0.628467997569,-0.652399));
#1880 = LINE('',#1881,#1882);
#1881 = CARTESIAN_POINT('',(-0.652399,0.E+000,-0.652399));
#1882 = VECTOR('',#1883,1.);
#1883 = DIRECTION('',(0.E+000,-1.,0.E+000));
#1884 = ORIENTED_EDGE('',*,*,#1885,.F.);
#1885 = EDGE_CURVE('',#1886,#1878,#1888,.T.);
#1886 = VERTEX_POINT('',#1887);
#1887 = CARTESIAN_POINT('',(-0.788838608612,0.628467997569,-0.652399));
#1888 = LINE('',#1889,#1890);
#1889 = CARTESIAN_POINT('',(-1.347597,0.628467997569,-0.652399));
#1890 = VECTOR('',#1891,1.);
#1891 = DIRECTION('',(1.,0.E+000,0.E+000));
#1892 = ORIENTED_EDGE('',*,*,#1893,.F.);
#1893 = EDGE_CURVE('',#1894,#1886,#1896,.T.);
#1894 = VERTEX_POINT('',#1895);
#1895 = CARTESIAN_POINT('',(-0.788838608612,0.692028314269,-0.652399));
#1896 = LINE('',#1897,#1898);
#1897 = CARTESIAN_POINT('',(-0.788838608612,0.E+000,-0.652399));
#1898 = VECTOR('',#1899,1.);
#1899 = DIRECTION('',(0.E+000,-1.,0.E+000));
#1900 = ORIENTED_EDGE('',*,*,#1901,.T.);
#1901 = EDGE_CURVE('',#1894,#1902,#1904,.T.);
#1902 = VERTEX_POINT('',#1903);
#1903 = CARTESIAN_POINT('',(0.652399,0.692028314269,-0.652399));
#1904 = LINE('',#1905,#1906);
#1905 = CARTESIAN_POINT('',(-1.347597,0.692028314269,-0.652399));
#1906 = VECTOR('',#1907,1.);
#1907 = DIRECTION('',(1.,0.E+000,0.E+000));
#1908 = ORIENTED_EDGE('',*,*,#1909,.F.);
#1909 = EDGE_CURVE('',#1154,#1902,#1910,.T.);
#1910 = LINE('',#1911,#1912);
#1911 = CARTESIAN_POINT('',(0.652399,0.E+000,-0.652399));
#1912 = VECTOR('',#1913,1.);
#1913 = DIRECTION('',(0.E+000,1.,0.E+000));
#1914 = ORIENTED_EDGE('',*,*,#1153,.F.);
#1915 = PLANE('',#1916);
#1916 = AXIS2_PLACEMENT_3D('',#1917,#1918,#1919);
#1917 = CARTESIAN_POINT('',(-1.347597,0.E+000,-0.652399));
#1918 = DIRECTION('',(0.E+000,0.E+000,-1.));
#1919 = DIRECTION('',(-1.,0.E+000,0.E+000));
#1920 = ADVANCED_FACE('',(#1921),#1946,.T.);
#1921 = FACE_BOUND('',#1922,.T.);
#1922 = EDGE_LOOP('',(#1923,#1931,#1939,#1945));
#1923 = ORIENTED_EDGE('',*,*,#1924,.F.);
#1924 = EDGE_CURVE('',#1925,#1894,#1927,.T.);
#1925 = VERTEX_POINT('',#1926);
#1926 = CARTESIAN_POINT('',(-0.788838608612,0.692028314269,
    -0.770747208586));
#1927 = LINE('',#1928,#1929);
#1928 = CARTESIAN_POINT('',(-0.788838608612,0.692028314269,-0.652399));
#1929 = VECTOR('',#1930,1.);
#1930 = DIRECTION('',(0.E+000,0.E+000,1.));
#1931 = ORIENTED_EDGE('',*,*,#1932,.T.);
#1932 = EDGE_CURVE('',#1925,#1933,#1935,.T.);
#1933 = VERTEX_POINT('',#1934);
#1934 = CARTESIAN_POINT('',(0.652399,0.692028314269,-0.770747208586));
#1935 = LINE('',#1936,#1937);
#1936 = CARTESIAN_POINT('',(-1.347597,0.692028314269,-0.770747208586));
#1937 = VECTOR('',#1938,1.);
#1938 = DIRECTION('',(1.,0.E+000,0.E+000));
#1939 = ORIENTED_EDGE('',*,*,#1940,.F.);
#1940 = EDGE_CURVE('',#1902,#1933,#1941,.T.);
#1941 = LINE('',#1942,#1943);
#1942 = CARTESIAN_POINT('',(0.652399,0.692028314269,-0.652399));
#1943 = VECTOR('',#1944,1.);
#1944 = DIRECTION('',(0.E+000,0.E+000,-1.));
#1945 = ORIENTED_EDGE('',*,*,#1901,.F.);
#1946 = PLANE('',#1947);
#1947 = AXIS2_PLACEMENT_3D('',#1948,#1949,#1950);
#1948 = CARTESIAN_POINT('',(-1.347597,0.692028314269,-0.652399));
#1949 = DIRECTION('',(0.E+000,-1.,0.E+000));
#1950 = DIRECTION('',(0.E+000,0.E+000,-1.));
#1951 = ADVANCED_FACE('',(#1952),#2016,.T.);
#1952 = FACE_BOUND('',#1953,.T.);
#1953 = EDGE_LOOP('',(#1954,#1962,#1970,#1976,#1977,#1985,#1993,#2001,
    #2009,#2015));
#1954 = ORIENTED_EDGE('',*,*,#1955,.F.);
#1955 = EDGE_CURVE('',#1956,#1925,#1958,.T.);
#1956 = VERTEX_POINT('',#1957);
#1957 = CARTESIAN_POINT('',(-0.788838608612,0.900008602507,
    -0.770747208586));
#1958 = LINE('',#1959,#1960);
#1959 = CARTESIAN_POINT('',(-0.788838608612,0.692028314269,
    -0.770747208586));
#1960 = VECTOR('',#1961,1.);
#1961 = DIRECTION('',(0.E+000,-1.,0.E+000));
#1962 = ORIENTED_EDGE('',*,*,#1963,.F.);
#1963 = EDGE_CURVE('',#1964,#1956,#1966,.T.);
#1964 = VERTEX_POINT('',#1965);
#1965 = CARTESIAN_POINT('',(-0.652399,0.900008602507,-0.770747208586));
#1966 = LINE('',#1967,#1968);
#1967 = CARTESIAN_POINT('',(-1.347597,0.900008602507,-0.770747208586));
#1968 = VECTOR('',#1969,1.);
#1969 = DIRECTION('',(-1.,1.589277752285E-015,0.E+000));
#1970 = ORIENTED_EDGE('',*,*,#1971,.F.);
#1971 = EDGE_CURVE('',#1179,#1964,#1972,.T.);
#1972 = LINE('',#1973,#1974);
#1973 = CARTESIAN_POINT('',(-0.652399,0.692028314269,-0.770747208586));
#1974 = VECTOR('',#1975,1.);
#1975 = DIRECTION('',(0.E+000,-1.,0.E+000));
#1976 = ORIENTED_EDGE('',*,*,#1202,.T.);
#1977 = ORIENTED_EDGE('',*,*,#1978,.F.);
#1978 = EDGE_CURVE('',#1979,#1195,#1981,.T.);
#1979 = VERTEX_POINT('',#1980);
#1980 = CARTESIAN_POINT('',(-0.347599,0.900008602507,-0.770747208586));
#1981 = LINE('',#1982,#1983);
#1982 = CARTESIAN_POINT('',(-0.347599,0.692028314269,-0.770747208586));
#1983 = VECTOR('',#1984,1.);
#1984 = DIRECTION('',(0.E+000,1.,0.E+000));
#1985 = ORIENTED_EDGE('',*,*,#1986,.F.);
#1986 = EDGE_CURVE('',#1987,#1979,#1989,.T.);
#1987 = VERTEX_POINT('',#1988);
#1988 = CARTESIAN_POINT('',(0.347599,0.900008602507,-0.770747208586));
#1989 = LINE('',#1990,#1991);
#1990 = CARTESIAN_POINT('',(-1.347597,0.900008602507,-0.770747208586));
#1991 = VECTOR('',#1992,1.);
#1992 = DIRECTION('',(-1.,3.119117639825E-016,0.E+000));
#1993 = ORIENTED_EDGE('',*,*,#1994,.F.);
#1994 = EDGE_CURVE('',#1995,#1987,#1997,.T.);
#1995 = VERTEX_POINT('',#1996);
#1996 = CARTESIAN_POINT('',(0.347599,0.928358874902,-0.770747208586));
#1997 = LINE('',#1998,#1999);
#1998 = CARTESIAN_POINT('',(0.347599,0.692028314269,-0.770747208586));
#1999 = VECTOR('',#2000,1.);
#2000 = DIRECTION('',(0.E+000,-1.,0.E+000));
#2001 = ORIENTED_EDGE('',*,*,#2002,.T.);
#2002 = EDGE_CURVE('',#1995,#2003,#2005,.T.);
#2003 = VERTEX_POINT('',#2004);
#2004 = CARTESIAN_POINT('',(0.652399,0.928358874902,-0.770747208586));
#2005 = LINE('',#2006,#2007);
#2006 = CARTESIAN_POINT('',(-1.347597,0.928358874902,-0.770747208586));
#2007 = VECTOR('',#2008,1.);
#2008 = DIRECTION('',(1.,0.E+000,0.E+000));
#2009 = ORIENTED_EDGE('',*,*,#2010,.F.);
#2010 = EDGE_CURVE('',#1933,#2003,#2011,.T.);
#2011 = LINE('',#2012,#2013);
#2012 = CARTESIAN_POINT('',(0.652399,0.692028314269,-0.770747208586));
#2013 = VECTOR('',#2014,1.);
#2014 = DIRECTION('',(0.E+000,1.,0.E+000));
#2015 = ORIENTED_EDGE('',*,*,#1932,.F.);
#2016 = PLANE('',#2017);
#2017 = AXIS2_PLACEMENT_3D('',#2018,#2019,#2020);
#2018 = CARTESIAN_POINT('',(-1.347597,0.692028314269,-0.770747208586));
#2019 = DIRECTION('',(0.E+000,0.E+000,-1.));
#2020 = DIRECTION('',(-1.,0.E+000,0.E+000));
#2021 = ADVANCED_FACE('',(#2022),#2047,.T.);
#2022 = FACE_BOUND('',#2023,.T.);
#2023 = EDGE_LOOP('',(#2024,#2032,#2040,#2046));
#2024 = ORIENTED_EDGE('',*,*,#2025,.F.);
#2025 = EDGE_CURVE('',#2026,#1995,#2028,.T.);
#2026 = VERTEX_POINT('',#2027);
#2027 = CARTESIAN_POINT('',(0.347599,0.928358874902,-0.652399));
#2028 = LINE('',#2029,#2030);
#2029 = CARTESIAN_POINT('',(0.347599,0.928358874902,-0.770747208586));
#2030 = VECTOR('',#2031,1.);
#2031 = DIRECTION('',(0.E+000,0.E+000,-1.));
#2032 = ORIENTED_EDGE('',*,*,#2033,.T.);
#2033 = EDGE_CURVE('',#2026,#2034,#2036,.T.);
#2034 = VERTEX_POINT('',#2035);
#2035 = CARTESIAN_POINT('',(0.652399,0.928358874902,-0.652399));
#2036 = LINE('',#2037,#2038);
#2037 = CARTESIAN_POINT('',(-1.347597,0.928358874902,-0.652399));
#2038 = VECTOR('',#2039,1.);
#2039 = DIRECTION('',(1.,0.E+000,0.E+000));
#2040 = ORIENTED_EDGE('',*,*,#2041,.F.);
#2041 = EDGE_CURVE('',#2003,#2034,#2042,.T.);
#2042 = LINE('',#2043,#2044);
#2043 = CARTESIAN_POINT('',(0.652399,0.928358874902,-0.770747208586));
#2044 = VECTOR('',#2045,1.);
#2045 = DIRECTION('',(0.E+000,0.E+000,1.));
#2046 = ORIENTED_EDGE('',*,*,#2002,.F.);
#2047 = PLANE('',#2048);
#2048 = AXIS2_PLACEMENT_3D('',#2049,#2050,#2051);
#2049 = CARTESIAN_POINT('',(-1.347597,0.928358874902,-0.770747208586));
#2050 = DIRECTION('',(0.E+000,1.,0.E+000));
#2051 = DIRECTION('',(0.E+000,-0.E+000,1.));
#2052 = ADVANCED_FACE('',(#2053),#2078,.T.);
#2053 = FACE_BOUND('',#2054,.T.);
#2054 = EDGE_LOOP('',(#2055,#2063,#2071,#2077));
#2055 = ORIENTED_EDGE('',*,*,#2056,.F.);
#2056 = EDGE_CURVE('',#2057,#2026,#2059,.T.);
#2057 = VERTEX_POINT('',#2058);
#2058 = CARTESIAN_POINT('',(0.347599,2.7686,-0.652399));
#2059 = LINE('',#2060,#2061);
#2060 = CARTESIAN_POINT('',(0.347599,0.928358874902,-0.652399));
#2061 = VECTOR('',#2062,1.);
#2062 = DIRECTION('',(0.E+000,-1.,0.E+000));
#2063 = ORIENTED_EDGE('',*,*,#2064,.T.);
#2064 = EDGE_CURVE('',#2057,#2065,#2067,.T.);
#2065 = VERTEX_POINT('',#2066);
#2066 = CARTESIAN_POINT('',(0.652399,2.7686,-0.652399));
#2067 = LINE('',#2068,#2069);
#2068 = CARTESIAN_POINT('',(-1.347597,2.7686,-0.652399));
#2069 = VECTOR('',#2070,1.);
#2070 = DIRECTION('',(1.,0.E+000,0.E+000));
#2071 = ORIENTED_EDGE('',*,*,#2072,.F.);
#2072 = EDGE_CURVE('',#2034,#2065,#2073,.T.);
#2073 = LINE('',#2074,#2075);
#2074 = CARTESIAN_POINT('',(0.652399,0.928358874902,-0.652399));
#2075 = VECTOR('',#2076,1.);
#2076 = DIRECTION('',(0.E+000,1.,0.E+000));
#2077 = ORIENTED_EDGE('',*,*,#2033,.F.);
#2078 = PLANE('',#2079);
#2079 = AXIS2_PLACEMENT_3D('',#2080,#2081,#2082);
#2080 = CARTESIAN_POINT('',(-1.347597,0.928358874902,-0.652399));
#2081 = DIRECTION('',(0.E+000,0.E+000,-1.));
#2082 = DIRECTION('',(-1.,0.E+000,0.E+000));
#2083 = ADVANCED_FACE('',(#2084),#2109,.T.);
#2084 = FACE_BOUND('',#2085,.T.);
#2085 = EDGE_LOOP('',(#2086,#2094,#2102,#2108));
#2086 = ORIENTED_EDGE('',*,*,#2087,.F.);
#2087 = EDGE_CURVE('',#2088,#2057,#2090,.T.);
#2088 = VERTEX_POINT('',#2089);
#2089 = CARTESIAN_POINT('',(0.449199,2.8702,-0.550799));
#2090 = LINE('',#2091,#2092);
#2091 = CARTESIAN_POINT('',(-0.217466333333,2.203534666667,
    -1.217464333333));
#2092 = VECTOR('',#2093,1.);
#2093 = DIRECTION('',(-0.57735026919,-0.57735026919,-0.57735026919));
#2094 = ORIENTED_EDGE('',*,*,#2095,.T.);
#2095 = EDGE_CURVE('',#2088,#2096,#2098,.T.);
#2096 = VERTEX_POINT('',#2097);
#2097 = CARTESIAN_POINT('',(0.550799,2.8702,-0.550799));
#2098 = LINE('',#2099,#2100);
#2099 = CARTESIAN_POINT('',(-1.347597,2.8702,-0.550799));
#2100 = VECTOR('',#2101,1.);
#2101 = DIRECTION('',(1.,0.E+000,0.E+000));
#2102 = ORIENTED_EDGE('',*,*,#2103,.F.);
#2103 = EDGE_CURVE('',#2065,#2096,#2104,.T.);
#2104 = LINE('',#2105,#2106);
#2105 = CARTESIAN_POINT('',(-1.426633333334E-002,3.435265333333,
    1.426633333333E-002));
#2106 = VECTOR('',#2107,1.);
#2107 = DIRECTION('',(-0.57735026919,0.57735026919,0.57735026919));
#2108 = ORIENTED_EDGE('',*,*,#2064,.F.);
#2109 = PLANE('',#2110);
#2110 = AXIS2_PLACEMENT_3D('',#2111,#2112,#2113);
#2111 = CARTESIAN_POINT('',(-1.347597,2.7686,-0.652399));
#2112 = DIRECTION('',(0.E+000,0.707106781187,-0.707106781187));
#2113 = DIRECTION('',(0.E+000,0.707106781187,0.707106781187));
#2114 = ADVANCED_FACE('',(#2115),#2140,.T.);
#2115 = FACE_BOUND('',#2116,.T.);
#2116 = EDGE_LOOP('',(#2117,#2125,#2133,#2139));
#2117 = ORIENTED_EDGE('',*,*,#2118,.F.);
#2118 = EDGE_CURVE('',#2119,#2088,#2121,.T.);
#2119 = VERTEX_POINT('',#2120);
#2120 = CARTESIAN_POINT('',(0.449199,2.8702,-0.449199));
#2121 = LINE('',#2122,#2123);
#2122 = CARTESIAN_POINT('',(0.449199,2.8702,12.7));
#2123 = VECTOR('',#2124,1.);
#2124 = DIRECTION('',(0.E+000,0.E+000,-1.));
#2125 = ORIENTED_EDGE('',*,*,#2126,.T.);
#2126 = EDGE_CURVE('',#2119,#2127,#2129,.T.);
#2127 = VERTEX_POINT('',#2128);
#2128 = CARTESIAN_POINT('',(0.550799,2.8702,-0.449199));
#2129 = LINE('',#2130,#2131);
#2130 = CARTESIAN_POINT('',(-1.347597,2.8702,-0.449199));
#2131 = VECTOR('',#2132,1.);
#2132 = DIRECTION('',(1.,0.E+000,0.E+000));
#2133 = ORIENTED_EDGE('',*,*,#2134,.T.);
#2134 = EDGE_CURVE('',#2127,#2096,#2135,.T.);
#2135 = LINE('',#2136,#2137);
#2136 = CARTESIAN_POINT('',(0.550799,2.8702,12.7));
#2137 = VECTOR('',#2138,1.);
#2138 = DIRECTION('',(0.E+000,0.E+000,-1.));
#2139 = ORIENTED_EDGE('',*,*,#2095,.F.);
#2140 = PLANE('',#2141);
#2141 = AXIS2_PLACEMENT_3D('',#2142,#2143,#2144);
#2142 = CARTESIAN_POINT('',(-1.347597,2.8702,-0.550799));
#2143 = DIRECTION('',(0.E+000,1.,0.E+000));
#2144 = DIRECTION('',(0.E+000,-0.E+000,1.));
#2145 = ADVANCED_FACE('',(#2146),#2171,.T.);
#2146 = FACE_BOUND('',#2147,.T.);
#2147 = EDGE_LOOP('',(#2148,#2156,#2164,#2170));
#2148 = ORIENTED_EDGE('',*,*,#2149,.F.);
#2149 = EDGE_CURVE('',#2150,#2119,#2152,.T.);
#2150 = VERTEX_POINT('',#2151);
#2151 = CARTESIAN_POINT('',(0.347599,2.7686,-0.347599));
#2152 = LINE('',#2153,#2154);
#2153 = CARTESIAN_POINT('',(-0.149733,2.271268,0.149733));
#2154 = VECTOR('',#2155,1.);
#2155 = DIRECTION('',(0.57735026919,0.57735026919,-0.57735026919));
#2156 = ORIENTED_EDGE('',*,*,#2157,.T.);
#2157 = EDGE_CURVE('',#2150,#2158,#2160,.T.);
#2158 = VERTEX_POINT('',#2159);
#2159 = CARTESIAN_POINT('',(0.652399,2.7686,-0.347599));
#2160 = LINE('',#2161,#2162);
#2161 = CARTESIAN_POINT('',(-1.347597,2.7686,-0.347599));
#2162 = VECTOR('',#2163,1.);
#2163 = DIRECTION('',(1.,0.E+000,0.E+000));
#2164 = ORIENTED_EDGE('',*,*,#2165,.F.);
#2165 = EDGE_CURVE('',#2127,#2158,#2166,.T.);
#2166 = LINE('',#2167,#2168);
#2167 = CARTESIAN_POINT('',(-8.199966666667E-002,3.502998666667,
    -1.081997666667));
#2168 = VECTOR('',#2169,1.);
#2169 = DIRECTION('',(0.57735026919,-0.57735026919,0.57735026919));
#2170 = ORIENTED_EDGE('',*,*,#2126,.F.);
#2171 = PLANE('',#2172);
#2172 = AXIS2_PLACEMENT_3D('',#2173,#2174,#2175);
#2173 = CARTESIAN_POINT('',(-1.347597,2.8702,-0.449199));
#2174 = DIRECTION('',(0.E+000,0.707106781187,0.707106781187));
#2175 = DIRECTION('',(0.E+000,-0.707106781187,0.707106781187));
#2176 = ADVANCED_FACE('',(#2177),#2202,.T.);
#2177 = FACE_BOUND('',#2178,.T.);
#2178 = EDGE_LOOP('',(#2179,#2187,#2195,#2201));
#2179 = ORIENTED_EDGE('',*,*,#2180,.F.);
#2180 = EDGE_CURVE('',#2181,#2150,#2183,.T.);
#2181 = VERTEX_POINT('',#2182);
#2182 = CARTESIAN_POINT('',(0.347599,0.928358874902,-0.347599));
#2183 = LINE('',#2184,#2185);
#2184 = CARTESIAN_POINT('',(0.347599,2.7686,-0.347599));
#2185 = VECTOR('',#2186,1.);
#2186 = DIRECTION('',(0.E+000,1.,0.E+000));
#2187 = ORIENTED_EDGE('',*,*,#2188,.T.);
#2188 = EDGE_CURVE('',#2181,#2189,#2191,.T.);
#2189 = VERTEX_POINT('',#2190);
#2190 = CARTESIAN_POINT('',(0.652399,0.928358874902,-0.347599));
#2191 = LINE('',#2192,#2193);
#2192 = CARTESIAN_POINT('',(-1.347597,0.928358874902,-0.347599));
#2193 = VECTOR('',#2194,1.);
#2194 = DIRECTION('',(1.,0.E+000,0.E+000));
#2195 = ORIENTED_EDGE('',*,*,#2196,.F.);
#2196 = EDGE_CURVE('',#2158,#2189,#2197,.T.);
#2197 = LINE('',#2198,#2199);
#2198 = CARTESIAN_POINT('',(0.652399,2.7686,-0.347599));
#2199 = VECTOR('',#2200,1.);
#2200 = DIRECTION('',(0.E+000,-1.,0.E+000));
#2201 = ORIENTED_EDGE('',*,*,#2157,.F.);
#2202 = PLANE('',#2203);
#2203 = AXIS2_PLACEMENT_3D('',#2204,#2205,#2206);
#2204 = CARTESIAN_POINT('',(-1.347597,2.7686,-0.347599));
#2205 = DIRECTION('',(0.E+000,0.E+000,1.));
#2206 = DIRECTION('',(1.,0.E+000,-0.E+000));
#2207 = ADVANCED_FACE('',(#2208),#2233,.T.);
#2208 = FACE_BOUND('',#2209,.T.);
#2209 = EDGE_LOOP('',(#2210,#2218,#2226,#2232));
#2210 = ORIENTED_EDGE('',*,*,#2211,.F.);
#2211 = EDGE_CURVE('',#2212,#2181,#2214,.T.);
#2212 = VERTEX_POINT('',#2213);
#2213 = CARTESIAN_POINT('',(0.347599,0.928358874902,0.347599));
#2214 = LINE('',#2215,#2216);
#2215 = CARTESIAN_POINT('',(0.347599,0.928358874902,-0.347599));
#2216 = VECTOR('',#2217,1.);
#2217 = DIRECTION('',(0.E+000,3.119117639825E-016,-1.));
#2218 = ORIENTED_EDGE('',*,*,#2219,.T.);
#2219 = EDGE_CURVE('',#2212,#2220,#2222,.T.);
#2220 = VERTEX_POINT('',#2221);
#2221 = CARTESIAN_POINT('',(0.652399,0.928358874902,0.347599));
#2222 = LINE('',#2223,#2224);
#2223 = CARTESIAN_POINT('',(-1.347597,0.928358874902,0.347599));
#2224 = VECTOR('',#2225,1.);
#2225 = DIRECTION('',(1.,0.E+000,0.E+000));
#2226 = ORIENTED_EDGE('',*,*,#2227,.F.);
#2227 = EDGE_CURVE('',#2189,#2220,#2228,.T.);
#2228 = LINE('',#2229,#2230);
#2229 = CARTESIAN_POINT('',(0.652399,0.928358874902,-0.347599));
#2230 = VECTOR('',#2231,1.);
#2231 = DIRECTION('',(0.E+000,-3.119117639825E-016,1.));
#2232 = ORIENTED_EDGE('',*,*,#2188,.F.);
#2233 = PLANE('',#2234);
#2234 = AXIS2_PLACEMENT_3D('',#2235,#2236,#2237);
#2235 = CARTESIAN_POINT('',(-1.347597,0.928358874902,-0.347599));
#2236 = DIRECTION('',(0.E+000,1.,3.119117639825E-016));
#2237 = DIRECTION('',(0.E+000,-3.119117639825E-016,1.));
#2238 = ADVANCED_FACE('',(#2239),#2264,.T.);
#2239 = FACE_BOUND('',#2240,.T.);
#2240 = EDGE_LOOP('',(#2241,#2249,#2257,#2263));
#2241 = ORIENTED_EDGE('',*,*,#2242,.F.);
#2242 = EDGE_CURVE('',#2243,#2212,#2245,.T.);
#2243 = VERTEX_POINT('',#2244);
#2244 = CARTESIAN_POINT('',(0.347599,2.7686,0.347599));
#2245 = LINE('',#2246,#2247);
#2246 = CARTESIAN_POINT('',(0.347599,0.928358874902,0.347599));
#2247 = VECTOR('',#2248,1.);
#2248 = DIRECTION('',(0.E+000,-1.,0.E+000));
#2249 = ORIENTED_EDGE('',*,*,#2250,.T.);
#2250 = EDGE_CURVE('',#2243,#2251,#2253,.T.);
#2251 = VERTEX_POINT('',#2252);
#2252 = CARTESIAN_POINT('',(0.652399,2.7686,0.347599));
#2253 = LINE('',#2254,#2255);
#2254 = CARTESIAN_POINT('',(-1.347597,2.7686,0.347599));
#2255 = VECTOR('',#2256,1.);
#2256 = DIRECTION('',(1.,0.E+000,0.E+000));
#2257 = ORIENTED_EDGE('',*,*,#2258,.F.);
#2258 = EDGE_CURVE('',#2220,#2251,#2259,.T.);
#2259 = LINE('',#2260,#2261);
#2260 = CARTESIAN_POINT('',(0.652399,0.928358874902,0.347599));
#2261 = VECTOR('',#2262,1.);
#2262 = DIRECTION('',(0.E+000,1.,0.E+000));
#2263 = ORIENTED_EDGE('',*,*,#2219,.F.);
#2264 = PLANE('',#2265);
#2265 = AXIS2_PLACEMENT_3D('',#2266,#2267,#2268);
#2266 = CARTESIAN_POINT('',(-1.347597,0.928358874902,0.347599));
#2267 = DIRECTION('',(0.E+000,0.E+000,-1.));
#2268 = DIRECTION('',(-1.,0.E+000,0.E+000));
#2269 = ADVANCED_FACE('',(#2270),#2295,.T.);
#2270 = FACE_BOUND('',#2271,.T.);
#2271 = EDGE_LOOP('',(#2272,#2280,#2288,#2294));
#2272 = ORIENTED_EDGE('',*,*,#2273,.F.);
#2273 = EDGE_CURVE('',#2274,#2243,#2276,.T.);
#2274 = VERTEX_POINT('',#2275);
#2275 = CARTESIAN_POINT('',(0.449199,2.8702,0.449199));
#2276 = LINE('',#2277,#2278);
#2277 = CARTESIAN_POINT('',(-0.217466333333,2.203534666667,
    -0.217466333333));
#2278 = VECTOR('',#2279,1.);
#2279 = DIRECTION('',(-0.57735026919,-0.57735026919,-0.57735026919));
#2280 = ORIENTED_EDGE('',*,*,#2281,.T.);
#2281 = EDGE_CURVE('',#2274,#2282,#2284,.T.);
#2282 = VERTEX_POINT('',#2283);
#2283 = CARTESIAN_POINT('',(0.550799,2.8702,0.449199));
#2284 = LINE('',#2285,#2286);
#2285 = CARTESIAN_POINT('',(-1.347597,2.8702,0.449199));
#2286 = VECTOR('',#2287,1.);
#2287 = DIRECTION('',(1.,0.E+000,0.E+000));
#2288 = ORIENTED_EDGE('',*,*,#2289,.F.);
#2289 = EDGE_CURVE('',#2251,#2282,#2290,.T.);
#2290 = LINE('',#2291,#2292);
#2291 = CARTESIAN_POINT('',(-1.426633333334E-002,3.435265333333,
    1.014264333333));
#2292 = VECTOR('',#2293,1.);
#2293 = DIRECTION('',(-0.57735026919,0.57735026919,0.57735026919));
#2294 = ORIENTED_EDGE('',*,*,#2250,.F.);
#2295 = PLANE('',#2296);
#2296 = AXIS2_PLACEMENT_3D('',#2297,#2298,#2299);
#2297 = CARTESIAN_POINT('',(-1.347597,2.7686,0.347599));
#2298 = DIRECTION('',(0.E+000,0.707106781187,-0.707106781187));
#2299 = DIRECTION('',(0.E+000,0.707106781187,0.707106781187));
#2300 = ADVANCED_FACE('',(#2301),#2326,.T.);
#2301 = FACE_BOUND('',#2302,.T.);
#2302 = EDGE_LOOP('',(#2303,#2311,#2319,#2325));
#2303 = ORIENTED_EDGE('',*,*,#2304,.F.);
#2304 = EDGE_CURVE('',#2305,#2274,#2307,.T.);
#2305 = VERTEX_POINT('',#2306);
#2306 = CARTESIAN_POINT('',(0.449199,2.8702,0.550799));
#2307 = LINE('',#2308,#2309);
#2308 = CARTESIAN_POINT('',(0.449199,2.8702,12.7));
#2309 = VECTOR('',#2310,1.);
#2310 = DIRECTION('',(0.E+000,0.E+000,-1.));
#2311 = ORIENTED_EDGE('',*,*,#2312,.T.);
#2312 = EDGE_CURVE('',#2305,#2313,#2315,.T.);
#2313 = VERTEX_POINT('',#2314);
#2314 = CARTESIAN_POINT('',(0.550799,2.8702,0.550799));
#2315 = LINE('',#2316,#2317);
#2316 = CARTESIAN_POINT('',(-1.347597,2.8702,0.550799));
#2317 = VECTOR('',#2318,1.);
#2318 = DIRECTION('',(1.,0.E+000,0.E+000));
#2319 = ORIENTED_EDGE('',*,*,#2320,.T.);
#2320 = EDGE_CURVE('',#2313,#2282,#2321,.T.);
#2321 = LINE('',#2322,#2323);
#2322 = CARTESIAN_POINT('',(0.550799,2.8702,12.7));
#2323 = VECTOR('',#2324,1.);
#2324 = DIRECTION('',(0.E+000,0.E+000,-1.));
#2325 = ORIENTED_EDGE('',*,*,#2281,.F.);
#2326 = PLANE('',#2327);
#2327 = AXIS2_PLACEMENT_3D('',#2328,#2329,#2330);
#2328 = CARTESIAN_POINT('',(-1.347597,2.8702,0.449199));
#2329 = DIRECTION('',(0.E+000,1.,0.E+000));
#2330 = DIRECTION('',(0.E+000,-0.E+000,1.));
#2331 = ADVANCED_FACE('',(#2332),#2357,.T.);
#2332 = FACE_BOUND('',#2333,.T.);
#2333 = EDGE_LOOP('',(#2334,#2342,#2350,#2356));
#2334 = ORIENTED_EDGE('',*,*,#2335,.F.);
#2335 = EDGE_CURVE('',#2336,#2305,#2338,.T.);
#2336 = VERTEX_POINT('',#2337);
#2337 = CARTESIAN_POINT('',(0.347599,2.7686,0.652399));
#2338 = LINE('',#2339,#2340);
#2339 = CARTESIAN_POINT('',(-0.149733,2.271268,1.149731));
#2340 = VECTOR('',#2341,1.);
#2341 = DIRECTION('',(0.57735026919,0.57735026919,-0.57735026919));
#2342 = ORIENTED_EDGE('',*,*,#2343,.T.);
#2343 = EDGE_CURVE('',#2336,#2344,#2346,.T.);
#2344 = VERTEX_POINT('',#2345);
#2345 = CARTESIAN_POINT('',(0.652399,2.7686,0.652399));
#2346 = LINE('',#2347,#2348);
#2347 = CARTESIAN_POINT('',(-1.347597,2.7686,0.652399));
#2348 = VECTOR('',#2349,1.);
#2349 = DIRECTION('',(1.,0.E+000,0.E+000));
#2350 = ORIENTED_EDGE('',*,*,#2351,.F.);
#2351 = EDGE_CURVE('',#2313,#2344,#2352,.T.);
#2352 = LINE('',#2353,#2354);
#2353 = CARTESIAN_POINT('',(-8.199966666667E-002,3.502998666667,
    -8.199966666667E-002));
#2354 = VECTOR('',#2355,1.);
#2355 = DIRECTION('',(0.57735026919,-0.57735026919,0.57735026919));
#2356 = ORIENTED_EDGE('',*,*,#2312,.F.);
#2357 = PLANE('',#2358);
#2358 = AXIS2_PLACEMENT_3D('',#2359,#2360,#2361);
#2359 = CARTESIAN_POINT('',(-1.347597,2.8702,0.550799));
#2360 = DIRECTION('',(0.E+000,0.707106781187,0.707106781187));
#2361 = DIRECTION('',(0.E+000,-0.707106781187,0.707106781187));
#2362 = ADVANCED_FACE('',(#2363),#2388,.T.);
#2363 = FACE_BOUND('',#2364,.T.);
#2364 = EDGE_LOOP('',(#2365,#2373,#2381,#2387));
#2365 = ORIENTED_EDGE('',*,*,#2366,.F.);
#2366 = EDGE_CURVE('',#2367,#2336,#2369,.T.);
#2367 = VERTEX_POINT('',#2368);
#2368 = CARTESIAN_POINT('',(0.347599,0.928358874902,0.652399));
#2369 = LINE('',#2370,#2371);
#2370 = CARTESIAN_POINT('',(0.347599,2.7686,0.652399));
#2371 = VECTOR('',#2372,1.);
#2372 = DIRECTION('',(0.E+000,1.,0.E+000));
#2373 = ORIENTED_EDGE('',*,*,#2374,.T.);
#2374 = EDGE_CURVE('',#2367,#2375,#2377,.T.);
#2375 = VERTEX_POINT('',#2376);
#2376 = CARTESIAN_POINT('',(0.652399,0.928358874902,0.652399));
#2377 = LINE('',#2378,#2379);
#2378 = CARTESIAN_POINT('',(-1.347597,0.928358874902,0.652399));
#2379 = VECTOR('',#2380,1.);
#2380 = DIRECTION('',(1.,0.E+000,0.E+000));
#2381 = ORIENTED_EDGE('',*,*,#2382,.F.);
#2382 = EDGE_CURVE('',#2344,#2375,#2383,.T.);
#2383 = LINE('',#2384,#2385);
#2384 = CARTESIAN_POINT('',(0.652399,2.7686,0.652399));
#2385 = VECTOR('',#2386,1.);
#2386 = DIRECTION('',(0.E+000,-1.,0.E+000));
#2387 = ORIENTED_EDGE('',*,*,#2343,.F.);
#2388 = PLANE('',#2389);
#2389 = AXIS2_PLACEMENT_3D('',#2390,#2391,#2392);
#2390 = CARTESIAN_POINT('',(-1.347597,2.7686,0.652399));
#2391 = DIRECTION('',(0.E+000,0.E+000,1.));
#2392 = DIRECTION('',(1.,0.E+000,-0.E+000));
#2393 = ADVANCED_FACE('',(#2394),#2419,.T.);
#2394 = FACE_BOUND('',#2395,.T.);
#2395 = EDGE_LOOP('',(#2396,#2404,#2412,#2418));
#2396 = ORIENTED_EDGE('',*,*,#2397,.F.);
#2397 = EDGE_CURVE('',#2398,#2367,#2400,.T.);
#2398 = VERTEX_POINT('',#2399);
#2399 = CARTESIAN_POINT('',(0.347599,0.928358874902,0.855599));
#2400 = LINE('',#2401,#2402);
#2401 = CARTESIAN_POINT('',(0.347599,0.928358874902,0.652399));
#2402 = VECTOR('',#2403,1.);
#2403 = DIRECTION('',(0.E+000,1.067128122525E-015,-1.));
#2404 = ORIENTED_EDGE('',*,*,#2405,.T.);
#2405 = EDGE_CURVE('',#2398,#2406,#2408,.T.);
#2406 = VERTEX_POINT('',#2407);
#2407 = CARTESIAN_POINT('',(0.652399,0.928358874902,0.855599));
#2408 = LINE('',#2409,#2410);
#2409 = CARTESIAN_POINT('',(-1.347597,0.928358874902,0.855599));
#2410 = VECTOR('',#2411,1.);
#2411 = DIRECTION('',(1.,0.E+000,0.E+000));
#2412 = ORIENTED_EDGE('',*,*,#2413,.F.);
#2413 = EDGE_CURVE('',#2375,#2406,#2414,.T.);
#2414 = LINE('',#2415,#2416);
#2415 = CARTESIAN_POINT('',(0.652399,0.928358874902,0.652399));
#2416 = VECTOR('',#2417,1.);
#2417 = DIRECTION('',(0.E+000,-1.067128122525E-015,1.));
#2418 = ORIENTED_EDGE('',*,*,#2374,.F.);
#2419 = PLANE('',#2420);
#2420 = AXIS2_PLACEMENT_3D('',#2421,#2422,#2423);
#2421 = CARTESIAN_POINT('',(-1.347597,0.928358874902,0.652399));
#2422 = DIRECTION('',(0.E+000,1.,1.067128122525E-015));
#2423 = DIRECTION('',(0.E+000,-1.067128122525E-015,1.));
#2424 = ADVANCED_FACE('',(#2425),#2489,.T.);
#2425 = FACE_BOUND('',#2426,.T.);
#2426 = EDGE_LOOP('',(#2427,#2437,#2445,#2451,#2452,#2460,#2468,#2474,
    #2475,#2483));
#2427 = ORIENTED_EDGE('',*,*,#2428,.F.);
#2428 = EDGE_CURVE('',#2429,#2431,#2433,.T.);
#2429 = VERTEX_POINT('',#2430);
#2430 = CARTESIAN_POINT('',(-0.788838608612,0.692028314269,0.855599));
#2431 = VERTEX_POINT('',#2432);
#2432 = CARTESIAN_POINT('',(-0.788838608612,0.900008602507,0.855599));
#2433 = LINE('',#2434,#2435);
#2434 = CARTESIAN_POINT('',(-0.788838608612,0.928358874902,0.855599));
#2435 = VECTOR('',#2436,1.);
#2436 = DIRECTION('',(0.E+000,1.,0.E+000));
#2437 = ORIENTED_EDGE('',*,*,#2438,.T.);
#2438 = EDGE_CURVE('',#2429,#2439,#2441,.T.);
#2439 = VERTEX_POINT('',#2440);
#2440 = CARTESIAN_POINT('',(0.652399,0.692028314269,0.855599));
#2441 = LINE('',#2442,#2443);
#2442 = CARTESIAN_POINT('',(-1.347597,0.692028314269,0.855599));
#2443 = VECTOR('',#2444,1.);
#2444 = DIRECTION('',(1.,0.E+000,0.E+000));
#2445 = ORIENTED_EDGE('',*,*,#2446,.F.);
#2446 = EDGE_CURVE('',#2406,#2439,#2447,.T.);
#2447 = LINE('',#2448,#2449);
#2448 = CARTESIAN_POINT('',(0.652399,0.928358874902,0.855599));
#2449 = VECTOR('',#2450,1.);
#2450 = DIRECTION('',(0.E+000,-1.,0.E+000));
#2451 = ORIENTED_EDGE('',*,*,#2405,.F.);
#2452 = ORIENTED_EDGE('',*,*,#2453,.F.);
#2453 = EDGE_CURVE('',#2454,#2398,#2456,.T.);
#2454 = VERTEX_POINT('',#2455);
#2455 = CARTESIAN_POINT('',(0.347599,0.900008602507,0.855599));
#2456 = LINE('',#2457,#2458);
#2457 = CARTESIAN_POINT('',(0.347599,0.928358874902,0.855599));
#2458 = VECTOR('',#2459,1.);
#2459 = DIRECTION('',(0.E+000,1.,0.E+000));
#2460 = ORIENTED_EDGE('',*,*,#2461,.F.);
#2461 = EDGE_CURVE('',#2462,#2454,#2464,.T.);
#2462 = VERTEX_POINT('',#2463);
#2463 = CARTESIAN_POINT('',(-0.347599,0.900008602507,0.855599));
#2464 = LINE('',#2465,#2466);
#2465 = CARTESIAN_POINT('',(-1.347597,0.900008602507,0.855599));
#2466 = VECTOR('',#2467,1.);
#2467 = DIRECTION('',(1.,-3.119117639825E-016,0.E+000));
#2468 = ORIENTED_EDGE('',*,*,#2469,.F.);
#2469 = EDGE_CURVE('',#1566,#2462,#2470,.T.);
#2470 = LINE('',#2471,#2472);
#2471 = CARTESIAN_POINT('',(-0.347599,0.928358874902,0.855599));
#2472 = VECTOR('',#2473,1.);
#2473 = DIRECTION('',(0.E+000,-1.,0.E+000));
#2474 = ORIENTED_EDGE('',*,*,#1565,.F.);
#2475 = ORIENTED_EDGE('',*,*,#2476,.F.);
#2476 = EDGE_CURVE('',#2477,#1558,#2479,.T.);
#2477 = VERTEX_POINT('',#2478);
#2478 = CARTESIAN_POINT('',(-0.652399,0.900008602507,0.855599));
#2479 = LINE('',#2480,#2481);
#2480 = CARTESIAN_POINT('',(-0.652399,0.928358874902,0.855599));
#2481 = VECTOR('',#2482,1.);
#2482 = DIRECTION('',(0.E+000,1.,0.E+000));
#2483 = ORIENTED_EDGE('',*,*,#2484,.F.);
#2484 = EDGE_CURVE('',#2431,#2477,#2485,.T.);
#2485 = LINE('',#2486,#2487);
#2486 = CARTESIAN_POINT('',(-1.347597,0.900008602507,0.855599));
#2487 = VECTOR('',#2488,1.);
#2488 = DIRECTION('',(1.,-1.589277752285E-015,0.E+000));
#2489 = PLANE('',#2490);
#2490 = AXIS2_PLACEMENT_3D('',#2491,#2492,#2493);
#2491 = CARTESIAN_POINT('',(-1.347597,0.928358874902,0.855599));
#2492 = DIRECTION('',(0.E+000,0.E+000,1.));
#2493 = DIRECTION('',(1.,0.E+000,-0.E+000));
#2494 = ADVANCED_FACE('',(#2495),#2520,.T.);
#2495 = FACE_BOUND('',#2496,.T.);
#2496 = EDGE_LOOP('',(#2497,#2505,#2513,#2519));
#2497 = ORIENTED_EDGE('',*,*,#2498,.F.);
#2498 = EDGE_CURVE('',#2499,#2429,#2501,.T.);
#2499 = VERTEX_POINT('',#2500);
#2500 = CARTESIAN_POINT('',(-0.788838608612,0.692028314269,0.652399));
#2501 = LINE('',#2502,#2503);
#2502 = CARTESIAN_POINT('',(-0.788838608612,0.692028314269,0.855599));
#2503 = VECTOR('',#2504,1.);
#2504 = DIRECTION('',(0.E+000,0.E+000,1.));
#2505 = ORIENTED_EDGE('',*,*,#2506,.T.);
#2506 = EDGE_CURVE('',#2499,#2507,#2509,.T.);
#2507 = VERTEX_POINT('',#2508);
#2508 = CARTESIAN_POINT('',(0.652399,0.692028314269,0.652399));
#2509 = LINE('',#2510,#2511);
#2510 = CARTESIAN_POINT('',(-1.347597,0.692028314269,0.652399));
#2511 = VECTOR('',#2512,1.);
#2512 = DIRECTION('',(1.,0.E+000,0.E+000));
#2513 = ORIENTED_EDGE('',*,*,#2514,.F.);
#2514 = EDGE_CURVE('',#2439,#2507,#2515,.T.);
#2515 = LINE('',#2516,#2517);
#2516 = CARTESIAN_POINT('',(0.652399,0.692028314269,0.855599));
#2517 = VECTOR('',#2518,1.);
#2518 = DIRECTION('',(0.E+000,0.E+000,-1.));
#2519 = ORIENTED_EDGE('',*,*,#2438,.F.);
#2520 = PLANE('',#2521);
#2521 = AXIS2_PLACEMENT_3D('',#2522,#2523,#2524);
#2522 = CARTESIAN_POINT('',(-1.347597,0.692028314269,0.855599));
#2523 = DIRECTION('',(0.E+000,-1.,0.E+000));
#2524 = DIRECTION('',(0.E+000,0.E+000,-1.));
#2525 = ADVANCED_FACE('',(#2526),#2574,.T.);
#2526 = FACE_BOUND('',#2527,.T.);
#2527 = EDGE_LOOP('',(#2528,#2529,#2530,#2536,#2537,#2545,#2553,#2561,
    #2567,#2568));
#2528 = ORIENTED_EDGE('',*,*,#824,.F.);
#2529 = ORIENTED_EDGE('',*,*,#1598,.T.);
#2530 = ORIENTED_EDGE('',*,*,#2531,.F.);
#2531 = EDGE_CURVE('',#2507,#1591,#2532,.T.);
#2532 = LINE('',#2533,#2534);
#2533 = CARTESIAN_POINT('',(0.652399,0.692028314269,0.652399));
#2534 = VECTOR('',#2535,1.);
#2535 = DIRECTION('',(0.E+000,-1.,0.E+000));
#2536 = ORIENTED_EDGE('',*,*,#2506,.F.);
#2537 = ORIENTED_EDGE('',*,*,#2538,.F.);
#2538 = EDGE_CURVE('',#2539,#2499,#2541,.T.);
#2539 = VERTEX_POINT('',#2540);
#2540 = CARTESIAN_POINT('',(-0.788838608612,0.628467997569,0.652399));
#2541 = LINE('',#2542,#2543);
#2542 = CARTESIAN_POINT('',(-0.788838608612,0.692028314269,0.652399));
#2543 = VECTOR('',#2544,1.);
#2544 = DIRECTION('',(0.E+000,1.,0.E+000));
#2545 = ORIENTED_EDGE('',*,*,#2546,.F.);
#2546 = EDGE_CURVE('',#2547,#2539,#2549,.T.);
#2547 = VERTEX_POINT('',#2548);
#2548 = CARTESIAN_POINT('',(-0.652399,0.628467997569,0.652399));
#2549 = LINE('',#2550,#2551);
#2550 = CARTESIAN_POINT('',(-1.347597,0.628467997569,0.652399));
#2551 = VECTOR('',#2552,1.);
#2552 = DIRECTION('',(-1.,0.E+000,0.E+000));
#2553 = ORIENTED_EDGE('',*,*,#2554,.F.);
#2554 = EDGE_CURVE('',#2555,#2547,#2557,.T.);
#2555 = VERTEX_POINT('',#2556);
#2556 = CARTESIAN_POINT('',(-0.652399,0.E+000,0.652399));
#2557 = LINE('',#2558,#2559);
#2558 = CARTESIAN_POINT('',(-0.652399,0.692028314269,0.652399));
#2559 = VECTOR('',#2560,1.);
#2560 = DIRECTION('',(0.E+000,1.,0.E+000));
#2561 = ORIENTED_EDGE('',*,*,#2562,.T.);
#2562 = EDGE_CURVE('',#2555,#911,#2563,.T.);
#2563 = LINE('',#2564,#2565);
#2564 = CARTESIAN_POINT('',(-1.347597,0.E+000,0.652399));
#2565 = VECTOR('',#2566,1.);
#2566 = DIRECTION('',(1.,0.E+000,0.E+000));
#2567 = ORIENTED_EDGE('',*,*,#910,.F.);
#2568 = ORIENTED_EDGE('',*,*,#2569,.F.);
#2569 = EDGE_CURVE('',#825,#903,#2570,.T.);
#2570 = LINE('',#2571,#2572);
#2571 = CARTESIAN_POINT('',(-1.347597,0.628467997569,0.652399));
#2572 = VECTOR('',#2573,1.);
#2573 = DIRECTION('',(-1.,-1.559558819912E-016,0.E+000));
#2574 = PLANE('',#2575);
#2575 = AXIS2_PLACEMENT_3D('',#2576,#2577,#2578);
#2576 = CARTESIAN_POINT('',(-1.347597,0.692028314269,0.652399));
#2577 = DIRECTION('',(0.E+000,0.E+000,1.));
#2578 = DIRECTION('',(1.,0.E+000,-0.E+000));
#2579 = ADVANCED_FACE('',(#2580),#2591,.T.);
#2580 = FACE_BOUND('',#2581,.T.);
#2581 = EDGE_LOOP('',(#2582,#2583,#2584,#2590));
#2582 = ORIENTED_EDGE('',*,*,#918,.F.);
#2583 = ORIENTED_EDGE('',*,*,#2562,.F.);
#2584 = ORIENTED_EDGE('',*,*,#2585,.F.);
#2585 = EDGE_CURVE('',#625,#2555,#2586,.T.);
#2586 = LINE('',#2587,#2588);
#2587 = CARTESIAN_POINT('',(-0.652399,0.E+000,0.652399));
#2588 = VECTOR('',#2589,1.);
#2589 = DIRECTION('',(0.E+000,0.E+000,-1.));
#2590 = ORIENTED_EDGE('',*,*,#624,.T.);
#2591 = PLANE('',#2592);
#2592 = AXIS2_PLACEMENT_3D('',#2593,#2594,#2595);
#2593 = CARTESIAN_POINT('',(-1.347597,0.E+000,0.652399));
#2594 = DIRECTION('',(0.E+000,1.,0.E+000));
#2595 = DIRECTION('',(0.E+000,-0.E+000,1.));
#2596 = ADVANCED_FACE('',(#2597),#2645,.T.);
#2597 = FACE_BOUND('',#2598,.T.);
#2598 = EDGE_LOOP('',(#2599,#2600,#2601,#2607,#2608,#2609,#2610,#2611,
    #2612,#2613,#2619,#2620,#2621,#2622,#2628,#2629,#2630,#2631,#2632,
    #2633,#2634,#2640,#2641,#2642,#2643,#2644));
#2599 = ORIENTED_EDGE('',*,*,#1112,.T.);
#2600 = ORIENTED_EDGE('',*,*,#1137,.T.);
#2601 = ORIENTED_EDGE('',*,*,#2602,.T.);
#2602 = EDGE_CURVE('',#507,#585,#2603,.T.);
#2603 = LINE('',#2604,#2605);
#2604 = CARTESIAN_POINT('',(0.652399,-0.3048,-2.4003));
#2605 = VECTOR('',#2606,1.);
#2606 = DIRECTION('',(0.E+000,1.,0.E+000));
#2607 = ORIENTED_EDGE('',*,*,#1161,.T.);
#2608 = ORIENTED_EDGE('',*,*,#1909,.T.);
#2609 = ORIENTED_EDGE('',*,*,#1940,.T.);
#2610 = ORIENTED_EDGE('',*,*,#2010,.T.);
#2611 = ORIENTED_EDGE('',*,*,#2041,.T.);
#2612 = ORIENTED_EDGE('',*,*,#2072,.T.);
#2613 = ORIENTED_EDGE('',*,*,#2614,.F.);
#2614 = EDGE_CURVE('',#2158,#2065,#2615,.T.);
#2615 = LINE('',#2616,#2617);
#2616 = CARTESIAN_POINT('',(0.652399,2.7686,0.855599));
#2617 = VECTOR('',#2618,1.);
#2618 = DIRECTION('',(0.E+000,0.E+000,-1.));
#2619 = ORIENTED_EDGE('',*,*,#2196,.T.);
#2620 = ORIENTED_EDGE('',*,*,#2227,.T.);
#2621 = ORIENTED_EDGE('',*,*,#2258,.T.);
#2622 = ORIENTED_EDGE('',*,*,#2623,.F.);
#2623 = EDGE_CURVE('',#2344,#2251,#2624,.T.);
#2624 = LINE('',#2625,#2626);
#2625 = CARTESIAN_POINT('',(0.652399,2.7686,0.855599));
#2626 = VECTOR('',#2627,1.);
#2627 = DIRECTION('',(0.E+000,0.E+000,-1.));
#2628 = ORIENTED_EDGE('',*,*,#2382,.T.);
#2629 = ORIENTED_EDGE('',*,*,#2413,.T.);
#2630 = ORIENTED_EDGE('',*,*,#2446,.T.);
#2631 = ORIENTED_EDGE('',*,*,#2514,.T.);
#2632 = ORIENTED_EDGE('',*,*,#2531,.T.);
#2633 = ORIENTED_EDGE('',*,*,#1590,.T.);
#2634 = ORIENTED_EDGE('',*,*,#2635,.F.);
#2635 = EDGE_CURVE('',#476,#413,#2636,.T.);
#2636 = LINE('',#2637,#2638);
#2637 = CARTESIAN_POINT('',(0.652399,-0.3048,2.4003));
#2638 = VECTOR('',#2639,1.);
#2639 = DIRECTION('',(0.E+000,1.,0.E+000));
#2640 = ORIENTED_EDGE('',*,*,#1063,.T.);
#2641 = ORIENTED_EDGE('',*,*,#1087,.T.);
#2642 = ORIENTED_EDGE('',*,*,#1702,.T.);
#2643 = ORIENTED_EDGE('',*,*,#1733,.T.);
#2644 = ORIENTED_EDGE('',*,*,#1750,.T.);
#2645 = PLANE('',#2646);
#2646 = AXIS2_PLACEMENT_3D('',#2647,#2648,#2649);
#2647 = CARTESIAN_POINT('',(0.652399,0.2032,0.855599));
#2648 = DIRECTION('',(1.,0.E+000,0.E+000));
#2649 = DIRECTION('',(0.E+000,0.E+000,-1.));
#2650 = ADVANCED_FACE('',(#2651),#2657,.F.);
#2651 = FACE_BOUND('',#2652,.T.);
#2652 = EDGE_LOOP('',(#2653,#2654,#2655,#2656));
#2653 = ORIENTED_EDGE('',*,*,#2103,.T.);
#2654 = ORIENTED_EDGE('',*,*,#2134,.F.);
#2655 = ORIENTED_EDGE('',*,*,#2165,.T.);
#2656 = ORIENTED_EDGE('',*,*,#2614,.T.);
#2657 = PLANE('',#2658);
#2658 = AXIS2_PLACEMENT_3D('',#2659,#2660,#2661);
#2659 = CARTESIAN_POINT('',(0.652399,2.7686,12.7));
#2660 = DIRECTION('',(-0.707106781187,-0.707106781187,0.E+000));
#2661 = DIRECTION('',(0.707106781187,-0.707106781187,0.E+000));
#2662 = ADVANCED_FACE('',(#2663),#2669,.F.);
#2663 = FACE_BOUND('',#2664,.T.);
#2664 = EDGE_LOOP('',(#2665,#2666,#2667,#2668));
#2665 = ORIENTED_EDGE('',*,*,#2289,.T.);
#2666 = ORIENTED_EDGE('',*,*,#2320,.F.);
#2667 = ORIENTED_EDGE('',*,*,#2351,.T.);
#2668 = ORIENTED_EDGE('',*,*,#2623,.T.);
#2669 = PLANE('',#2670);
#2670 = AXIS2_PLACEMENT_3D('',#2671,#2672,#2673);
#2671 = CARTESIAN_POINT('',(0.652399,2.7686,12.7));
#2672 = DIRECTION('',(-0.707106781187,-0.707106781187,0.E+000));
#2673 = DIRECTION('',(0.707106781187,-0.707106781187,0.E+000));
#2674 = ADVANCED_FACE('',(#2675),#2694,.F.);
#2675 = FACE_BOUND('',#2676,.T.);
#2676 = EDGE_LOOP('',(#2677,#2678,#2679,#2685,#2686,#2687,#2693));
#2677 = ORIENTED_EDGE('',*,*,#1638,.F.);
#2678 = ORIENTED_EDGE('',*,*,#1614,.T.);
#2679 = ORIENTED_EDGE('',*,*,#2680,.T.);
#2680 = EDGE_CURVE('',#678,#625,#2681,.T.);
#2681 = LINE('',#2682,#2683);
#2682 = CARTESIAN_POINT('',(-0.652399,-0.3048,2.4003));
#2683 = VECTOR('',#2684,1.);
#2684 = DIRECTION('',(0.E+000,1.,0.E+000));
#2685 = ORIENTED_EDGE('',*,*,#2585,.T.);
#2686 = ORIENTED_EDGE('',*,*,#2554,.T.);
#2687 = ORIENTED_EDGE('',*,*,#2688,.T.);
#2688 = EDGE_CURVE('',#2547,#1671,#2689,.T.);
#2689 = LINE('',#2690,#2691);
#2690 = CARTESIAN_POINT('',(-0.652399,0.628467997569,12.7));
#2691 = VECTOR('',#2692,1.);
#2692 = DIRECTION('',(0.E+000,0.E+000,-1.));
#2693 = ORIENTED_EDGE('',*,*,#1670,.T.);
#2694 = PLANE('',#2695);
#2695 = AXIS2_PLACEMENT_3D('',#2696,#2697,#2698);
#2696 = CARTESIAN_POINT('',(-0.652399,0.628467997569,12.7));
#2697 = DIRECTION('',(1.,0.E+000,0.E+000));
#2698 = DIRECTION('',(0.E+000,0.E+000,-1.));
#2699 = ADVANCED_FACE('',(#2700),#2711,.F.);
#2700 = FACE_BOUND('',#2701,.T.);
#2701 = EDGE_LOOP('',(#2702,#2703,#2704,#2705));
#2702 = ORIENTED_EDGE('',*,*,#1678,.T.);
#2703 = ORIENTED_EDGE('',*,*,#2688,.F.);
#2704 = ORIENTED_EDGE('',*,*,#2546,.T.);
#2705 = ORIENTED_EDGE('',*,*,#2706,.T.);
#2706 = EDGE_CURVE('',#2539,#1679,#2707,.T.);
#2707 = LINE('',#2708,#2709);
#2708 = CARTESIAN_POINT('',(-0.788838608612,0.628467997569,12.7));
#2709 = VECTOR('',#2710,1.);
#2710 = DIRECTION('',(0.E+000,0.E+000,-1.));
#2711 = PLANE('',#2712);
#2712 = AXIS2_PLACEMENT_3D('',#2713,#2714,#2715);
#2713 = CARTESIAN_POINT('',(-0.788838608612,0.628467997569,12.7));
#2714 = DIRECTION('',(0.E+000,1.,0.E+000));
#2715 = DIRECTION('',(0.E+000,-0.E+000,1.));
#2716 = ADVANCED_FACE('',(#2717),#2741,.F.);
#2717 = FACE_BOUND('',#2718,.T.);
#2718 = EDGE_LOOP('',(#2719,#2720,#2721,#2722,#2723,#2724,#2730,#2731,
    #2732,#2733,#2739,#2740));
#2719 = ORIENTED_EDGE('',*,*,#1686,.T.);
#2720 = ORIENTED_EDGE('',*,*,#2706,.F.);
#2721 = ORIENTED_EDGE('',*,*,#2538,.T.);
#2722 = ORIENTED_EDGE('',*,*,#2498,.T.);
#2723 = ORIENTED_EDGE('',*,*,#2428,.T.);
#2724 = ORIENTED_EDGE('',*,*,#2725,.T.);
#2725 = EDGE_CURVE('',#2431,#1956,#2726,.T.);
#2726 = LINE('',#2727,#2728);
#2727 = CARTESIAN_POINT('',(-0.788838608612,0.900008602507,12.7));
#2728 = VECTOR('',#2729,1.);
#2729 = DIRECTION('',(0.E+000,0.E+000,-1.));
#2730 = ORIENTED_EDGE('',*,*,#1955,.T.);
#2731 = ORIENTED_EDGE('',*,*,#1924,.T.);
#2732 = ORIENTED_EDGE('',*,*,#1893,.T.);
#2733 = ORIENTED_EDGE('',*,*,#2734,.F.);
#2734 = EDGE_CURVE('',#1758,#1886,#2735,.T.);
#2735 = LINE('',#2736,#2737);
#2736 = CARTESIAN_POINT('',(-0.788838608612,0.628467997569,12.7));
#2737 = VECTOR('',#2738,1.);
#2738 = DIRECTION('',(0.E+000,0.E+000,-1.));
#2739 = ORIENTED_EDGE('',*,*,#1757,.T.);
#2740 = ORIENTED_EDGE('',*,*,#1717,.T.);
#2741 = PLANE('',#2742);
#2742 = AXIS2_PLACEMENT_3D('',#2743,#2744,#2745);
#2743 = CARTESIAN_POINT('',(-0.788838608612,0.900008602507,12.7));
#2744 = DIRECTION('',(1.,0.E+000,0.E+000));
#2745 = DIRECTION('',(0.E+000,0.E+000,-1.));
#2746 = ADVANCED_FACE('',(#2747),#2776,.F.);
#2747 = FACE_BOUND('',#2748,.T.);
#2748 = EDGE_LOOP('',(#2749,#2750,#2756,#2757,#2758,#2759,#2765,#2766,
    #2767,#2768,#2774,#2775));
#2749 = ORIENTED_EDGE('',*,*,#1971,.T.);
#2750 = ORIENTED_EDGE('',*,*,#2751,.F.);
#2751 = EDGE_CURVE('',#2477,#1964,#2752,.T.);
#2752 = LINE('',#2753,#2754);
#2753 = CARTESIAN_POINT('',(-0.652399,0.900008602507,12.7));
#2754 = VECTOR('',#2755,1.);
#2755 = DIRECTION('',(0.E+000,0.E+000,-1.));
#2756 = ORIENTED_EDGE('',*,*,#2476,.T.);
#2757 = ORIENTED_EDGE('',*,*,#1557,.T.);
#2758 = ORIENTED_EDGE('',*,*,#1526,.T.);
#2759 = ORIENTED_EDGE('',*,*,#2760,.T.);
#2760 = EDGE_CURVE('',#1496,#1403,#2761,.T.);
#2761 = LINE('',#2762,#2763);
#2762 = CARTESIAN_POINT('',(-0.652399,2.7686,12.7));
#2763 = VECTOR('',#2764,1.);
#2764 = DIRECTION('',(0.E+000,0.E+000,-1.));
#2765 = ORIENTED_EDGE('',*,*,#1402,.T.);
#2766 = ORIENTED_EDGE('',*,*,#1371,.T.);
#2767 = ORIENTED_EDGE('',*,*,#1340,.T.);
#2768 = ORIENTED_EDGE('',*,*,#2769,.T.);
#2769 = EDGE_CURVE('',#1310,#1217,#2770,.T.);
#2770 = LINE('',#2771,#2772);
#2771 = CARTESIAN_POINT('',(-0.652399,2.7686,12.7));
#2772 = VECTOR('',#2773,1.);
#2773 = DIRECTION('',(0.E+000,0.E+000,-1.));
#2774 = ORIENTED_EDGE('',*,*,#1216,.T.);
#2775 = ORIENTED_EDGE('',*,*,#1176,.T.);
#2776 = PLANE('',#2777);
#2777 = AXIS2_PLACEMENT_3D('',#2778,#2779,#2780);
#2778 = CARTESIAN_POINT('',(-0.652399,2.7686,12.7));
#2779 = DIRECTION('',(1.,0.E+000,0.E+000));
#2780 = DIRECTION('',(0.E+000,0.E+000,-1.));
#2781 = ADVANCED_FACE('',(#2782),#2788,.F.);
#2782 = FACE_BOUND('',#2783,.T.);
#2783 = EDGE_LOOP('',(#2784,#2785,#2786,#2787));
#2784 = ORIENTED_EDGE('',*,*,#1963,.T.);
#2785 = ORIENTED_EDGE('',*,*,#2725,.F.);
#2786 = ORIENTED_EDGE('',*,*,#2484,.T.);
#2787 = ORIENTED_EDGE('',*,*,#2751,.T.);
#2788 = PLANE('',#2789);
#2789 = AXIS2_PLACEMENT_3D('',#2790,#2791,#2792);
#2790 = CARTESIAN_POINT('',(-0.652399,0.900008602507,12.7));
#2791 = DIRECTION('',(-1.589277752285E-015,-1.,0.E+000));
#2792 = DIRECTION('',(1.,-1.589277752285E-015,0.E+000));
#2793 = ADVANCED_FACE('',(#2794),#2800,.F.);
#2794 = FACE_BOUND('',#2795,.T.);
#2795 = EDGE_LOOP('',(#2796,#2797,#2798,#2799));
#2796 = ORIENTED_EDGE('',*,*,#1433,.T.);
#2797 = ORIENTED_EDGE('',*,*,#2760,.F.);
#2798 = ORIENTED_EDGE('',*,*,#1495,.T.);
#2799 = ORIENTED_EDGE('',*,*,#1464,.T.);
#2800 = PLANE('',#2801);
#2801 = AXIS2_PLACEMENT_3D('',#2802,#2803,#2804);
#2802 = CARTESIAN_POINT('',(-0.550799,2.8702,12.7));
#2803 = DIRECTION('',(0.707106781187,-0.707106781187,0.E+000));
#2804 = DIRECTION('',(0.707106781187,0.707106781187,0.E+000));
#2805 = ADVANCED_FACE('',(#2806),#2812,.F.);
#2806 = FACE_BOUND('',#2807,.T.);
#2807 = EDGE_LOOP('',(#2808,#2809,#2810,#2811));
#2808 = ORIENTED_EDGE('',*,*,#1247,.T.);
#2809 = ORIENTED_EDGE('',*,*,#2769,.F.);
#2810 = ORIENTED_EDGE('',*,*,#1309,.T.);
#2811 = ORIENTED_EDGE('',*,*,#1278,.T.);
#2812 = PLANE('',#2813);
#2813 = AXIS2_PLACEMENT_3D('',#2814,#2815,#2816);
#2814 = CARTESIAN_POINT('',(-0.550799,2.8702,12.7));
#2815 = DIRECTION('',(0.707106781187,-0.707106781187,0.E+000));
#2816 = DIRECTION('',(0.707106781187,0.707106781187,0.E+000));
#2817 = ADVANCED_FACE('',(#2818),#2829,.F.);
#2818 = FACE_BOUND('',#2819,.T.);
#2819 = EDGE_LOOP('',(#2820,#2821,#2822,#2823));
#2820 = ORIENTED_EDGE('',*,*,#1765,.T.);
#2821 = ORIENTED_EDGE('',*,*,#2734,.T.);
#2822 = ORIENTED_EDGE('',*,*,#1885,.T.);
#2823 = ORIENTED_EDGE('',*,*,#2824,.F.);
#2824 = EDGE_CURVE('',#1766,#1878,#2825,.T.);
#2825 = LINE('',#2826,#2827);
#2826 = CARTESIAN_POINT('',(-0.652399,0.628467997569,12.7));
#2827 = VECTOR('',#2828,1.);
#2828 = DIRECTION('',(0.E+000,0.E+000,-1.));
#2829 = PLANE('',#2830);
#2830 = AXIS2_PLACEMENT_3D('',#2831,#2832,#2833);
#2831 = CARTESIAN_POINT('',(-0.788838608612,0.628467997569,12.7));
#2832 = DIRECTION('',(0.E+000,1.,0.E+000));
#2833 = DIRECTION('',(0.E+000,-0.E+000,1.));
#2834 = ADVANCED_FACE('',(#2835),#2849,.F.);
#2835 = FACE_BOUND('',#2836,.T.);
#2836 = EDGE_LOOP('',(#2837,#2838,#2839,#2845,#2846,#2847,#2848));
#2837 = ORIENTED_EDGE('',*,*,#1877,.T.);
#2838 = ORIENTED_EDGE('',*,*,#1846,.T.);
#2839 = ORIENTED_EDGE('',*,*,#2840,.F.);
#2840 = EDGE_CURVE('',#709,#781,#2841,.T.);
#2841 = LINE('',#2842,#2843);
#2842 = CARTESIAN_POINT('',(-0.652399,-0.3048,-2.4003));
#2843 = VECTOR('',#2844,1.);
#2844 = DIRECTION('',(0.E+000,1.,0.E+000));
#2845 = ORIENTED_EDGE('',*,*,#1829,.T.);
#2846 = ORIENTED_EDGE('',*,*,#1804,.F.);
#2847 = ORIENTED_EDGE('',*,*,#1773,.T.);
#2848 = ORIENTED_EDGE('',*,*,#2824,.T.);
#2849 = PLANE('',#2850);
#2850 = AXIS2_PLACEMENT_3D('',#2851,#2852,#2853);
#2851 = CARTESIAN_POINT('',(-0.652399,0.628467997569,12.7));
#2852 = DIRECTION('',(1.,0.E+000,0.E+000));
#2853 = DIRECTION('',(0.E+000,0.E+000,-1.));
#2854 = ADVANCED_FACE('',(#2855),#2861,.F.);
#2855 = FACE_BOUND('',#2856,.T.);
#2856 = EDGE_LOOP('',(#2857,#2858,#2859,#2860));
#2857 = ORIENTED_EDGE('',*,*,#1662,.T.);
#2858 = ORIENTED_EDGE('',*,*,#832,.F.);
#2859 = ORIENTED_EDGE('',*,*,#2569,.T.);
#2860 = ORIENTED_EDGE('',*,*,#902,.T.);
#2861 = PLANE('',#2862);
#2862 = AXIS2_PLACEMENT_3D('',#2863,#2864,#2865);
#2863 = CARTESIAN_POINT('',(-0.347599,0.628467997569,12.7));
#2864 = DIRECTION('',(-1.559558819912E-016,1.,0.E+000));
#2865 = DIRECTION('',(-1.,-1.559558819912E-016,0.E+000));
#2866 = ADVANCED_FACE('',(#2867),#2896,.F.);
#2867 = FACE_BOUND('',#2868,.T.);
#2868 = EDGE_LOOP('',(#2869,#2870,#2876,#2877,#2878,#2879,#2885,#2886,
    #2887,#2888,#2894,#2895));
#2869 = ORIENTED_EDGE('',*,*,#1994,.T.);
#2870 = ORIENTED_EDGE('',*,*,#2871,.F.);
#2871 = EDGE_CURVE('',#2454,#1987,#2872,.T.);
#2872 = LINE('',#2873,#2874);
#2873 = CARTESIAN_POINT('',(0.347599,0.900008602507,12.7));
#2874 = VECTOR('',#2875,1.);
#2875 = DIRECTION('',(0.E+000,0.E+000,-1.));
#2876 = ORIENTED_EDGE('',*,*,#2453,.T.);
#2877 = ORIENTED_EDGE('',*,*,#2397,.T.);
#2878 = ORIENTED_EDGE('',*,*,#2366,.T.);
#2879 = ORIENTED_EDGE('',*,*,#2880,.T.);
#2880 = EDGE_CURVE('',#2336,#2243,#2881,.T.);
#2881 = LINE('',#2882,#2883);
#2882 = CARTESIAN_POINT('',(0.347599,2.7686,12.7));
#2883 = VECTOR('',#2884,1.);
#2884 = DIRECTION('',(0.E+000,0.E+000,-1.));
#2885 = ORIENTED_EDGE('',*,*,#2242,.T.);
#2886 = ORIENTED_EDGE('',*,*,#2211,.T.);
#2887 = ORIENTED_EDGE('',*,*,#2180,.T.);
#2888 = ORIENTED_EDGE('',*,*,#2889,.T.);
#2889 = EDGE_CURVE('',#2150,#2057,#2890,.T.);
#2890 = LINE('',#2891,#2892);
#2891 = CARTESIAN_POINT('',(0.347599,2.7686,12.7));
#2892 = VECTOR('',#2893,1.);
#2893 = DIRECTION('',(0.E+000,0.E+000,-1.));
#2894 = ORIENTED_EDGE('',*,*,#2056,.T.);
#2895 = ORIENTED_EDGE('',*,*,#2025,.T.);
#2896 = PLANE('',#2897);
#2897 = AXIS2_PLACEMENT_3D('',#2898,#2899,#2900);
#2898 = CARTESIAN_POINT('',(0.347599,2.7686,12.7));
#2899 = DIRECTION('',(1.,0.E+000,0.E+000));
#2900 = DIRECTION('',(0.E+000,0.E+000,-1.));
#2901 = ADVANCED_FACE('',(#2902),#2913,.F.);
#2902 = FACE_BOUND('',#2903,.T.);
#2903 = EDGE_LOOP('',(#2904,#2905,#2911,#2912));
#2904 = ORIENTED_EDGE('',*,*,#1986,.T.);
#2905 = ORIENTED_EDGE('',*,*,#2906,.F.);
#2906 = EDGE_CURVE('',#2462,#1979,#2907,.T.);
#2907 = LINE('',#2908,#2909);
#2908 = CARTESIAN_POINT('',(-0.347599,0.900008602507,12.7));
#2909 = VECTOR('',#2910,1.);
#2910 = DIRECTION('',(0.E+000,0.E+000,-1.));
#2911 = ORIENTED_EDGE('',*,*,#2461,.T.);
#2912 = ORIENTED_EDGE('',*,*,#2871,.T.);
#2913 = PLANE('',#2914);
#2914 = AXIS2_PLACEMENT_3D('',#2915,#2916,#2917);
#2915 = CARTESIAN_POINT('',(0.347599,0.900008602507,12.7));
#2916 = DIRECTION('',(-3.119117639825E-016,-1.,0.E+000));
#2917 = DIRECTION('',(1.,-3.119117639825E-016,0.E+000));
#2918 = ADVANCED_FACE('',(#2919),#2943,.F.);
#2919 = FACE_BOUND('',#2920,.T.);
#2920 = EDGE_LOOP('',(#2921,#2922,#2923,#2924,#2930,#2931,#2932,#2933,
    #2939,#2940,#2941,#2942));
#2921 = ORIENTED_EDGE('',*,*,#1978,.T.);
#2922 = ORIENTED_EDGE('',*,*,#1194,.T.);
#2923 = ORIENTED_EDGE('',*,*,#1232,.T.);
#2924 = ORIENTED_EDGE('',*,*,#2925,.F.);
#2925 = EDGE_CURVE('',#1318,#1225,#2926,.T.);
#2926 = LINE('',#2927,#2928);
#2927 = CARTESIAN_POINT('',(-0.347599,2.7686,12.7));
#2928 = VECTOR('',#2929,1.);
#2929 = DIRECTION('',(0.E+000,0.E+000,-1.));
#2930 = ORIENTED_EDGE('',*,*,#1356,.T.);
#2931 = ORIENTED_EDGE('',*,*,#1387,.T.);
#2932 = ORIENTED_EDGE('',*,*,#1418,.T.);
#2933 = ORIENTED_EDGE('',*,*,#2934,.F.);
#2934 = EDGE_CURVE('',#1504,#1411,#2935,.T.);
#2935 = LINE('',#2936,#2937);
#2936 = CARTESIAN_POINT('',(-0.347599,2.7686,12.7));
#2937 = VECTOR('',#2938,1.);
#2938 = DIRECTION('',(0.E+000,0.E+000,-1.));
#2939 = ORIENTED_EDGE('',*,*,#1542,.T.);
#2940 = ORIENTED_EDGE('',*,*,#1573,.T.);
#2941 = ORIENTED_EDGE('',*,*,#2469,.T.);
#2942 = ORIENTED_EDGE('',*,*,#2906,.T.);
#2943 = PLANE('',#2944);
#2944 = AXIS2_PLACEMENT_3D('',#2945,#2946,#2947);
#2945 = CARTESIAN_POINT('',(-0.347599,0.900008602507,12.7));
#2946 = DIRECTION('',(-1.,0.E+000,0.E+000));
#2947 = DIRECTION('',(0.E+000,0.E+000,1.));
#2948 = ADVANCED_FACE('',(#2949),#2955,.F.);
#2949 = FACE_BOUND('',#2950,.T.);
#2950 = EDGE_LOOP('',(#2951,#2952,#2953,#2954));
#2951 = ORIENTED_EDGE('',*,*,#2273,.T.);
#2952 = ORIENTED_EDGE('',*,*,#2880,.F.);
#2953 = ORIENTED_EDGE('',*,*,#2335,.T.);
#2954 = ORIENTED_EDGE('',*,*,#2304,.T.);
#2955 = PLANE('',#2956);
#2956 = AXIS2_PLACEMENT_3D('',#2957,#2958,#2959);
#2957 = CARTESIAN_POINT('',(0.449199,2.8702,12.7));
#2958 = DIRECTION('',(0.707106781187,-0.707106781187,0.E+000));
#2959 = DIRECTION('',(0.707106781187,0.707106781187,0.E+000));
#2960 = ADVANCED_FACE('',(#2961),#2967,.F.);
#2961 = FACE_BOUND('',#2962,.T.);
#2962 = EDGE_LOOP('',(#2963,#2964,#2965,#2966));
#2963 = ORIENTED_EDGE('',*,*,#1449,.T.);
#2964 = ORIENTED_EDGE('',*,*,#1480,.F.);
#2965 = ORIENTED_EDGE('',*,*,#1511,.T.);
#2966 = ORIENTED_EDGE('',*,*,#2934,.T.);
#2967 = PLANE('',#2968);
#2968 = AXIS2_PLACEMENT_3D('',#2969,#2970,#2971);
#2969 = CARTESIAN_POINT('',(-0.347599,2.7686,12.7));
#2970 = DIRECTION('',(-0.707106781187,-0.707106781187,0.E+000));
#2971 = DIRECTION('',(0.707106781187,-0.707106781187,0.E+000));
#2972 = ADVANCED_FACE('',(#2973),#2979,.F.);
#2973 = FACE_BOUND('',#2974,.T.);
#2974 = EDGE_LOOP('',(#2975,#2976,#2977,#2978));
#2975 = ORIENTED_EDGE('',*,*,#2087,.T.);
#2976 = ORIENTED_EDGE('',*,*,#2889,.F.);
#2977 = ORIENTED_EDGE('',*,*,#2149,.T.);
#2978 = ORIENTED_EDGE('',*,*,#2118,.T.);
#2979 = PLANE('',#2980);
#2980 = AXIS2_PLACEMENT_3D('',#2981,#2982,#2983);
#2981 = CARTESIAN_POINT('',(0.449199,2.8702,12.7));
#2982 = DIRECTION('',(0.707106781187,-0.707106781187,0.E+000));
#2983 = DIRECTION('',(0.707106781187,0.707106781187,0.E+000));
#2984 = ADVANCED_FACE('',(#2985),#2991,.F.);
#2985 = FACE_BOUND('',#2986,.T.);
#2986 = EDGE_LOOP('',(#2987,#2988,#2989,#2990));
#2987 = ORIENTED_EDGE('',*,*,#1263,.T.);
#2988 = ORIENTED_EDGE('',*,*,#1294,.F.);
#2989 = ORIENTED_EDGE('',*,*,#1325,.T.);
#2990 = ORIENTED_EDGE('',*,*,#2925,.T.);
#2991 = PLANE('',#2992);
#2992 = AXIS2_PLACEMENT_3D('',#2993,#2994,#2995);
#2993 = CARTESIAN_POINT('',(-0.347599,2.7686,12.7));
#2994 = DIRECTION('',(-0.707106781187,-0.707106781187,0.E+000));
#2995 = DIRECTION('',(0.707106781187,-0.707106781187,0.E+000));
#2996 = ADVANCED_FACE('',(#2997),#3003,.F.);
#2997 = FACE_BOUND('',#2998,.T.);
#2998 = EDGE_LOOP('',(#2999,#3000,#3001,#3002));
#2999 = ORIENTED_EDGE('',*,*,#1788,.T.);
#3000 = ORIENTED_EDGE('',*,*,#1015,.T.);
#3001 = ORIENTED_EDGE('',*,*,#1869,.T.);
#3002 = ORIENTED_EDGE('',*,*,#963,.F.);
#3003 = PLANE('',#3004);
#3004 = AXIS2_PLACEMENT_3D('',#3005,#3006,#3007);
#3005 = CARTESIAN_POINT('',(-0.347599,0.628467997569,12.7));
#3006 = DIRECTION('',(-1.559558819912E-016,1.,0.E+000));
#3007 = DIRECTION('',(-1.,-1.559558819912E-016,0.E+000));
#3008 = ADVANCED_FACE('',(#3009),#3015,.T.);
#3009 = FACE_BOUND('',#3010,.T.);
#3010 = EDGE_LOOP('',(#3011,#3012,#3013,#3014));
#3011 = ORIENTED_EDGE('',*,*,#765,.T.);
#3012 = ORIENTED_EDGE('',*,*,#796,.F.);
#3013 = ORIENTED_EDGE('',*,*,#993,.F.);
#3014 = ORIENTED_EDGE('',*,*,#734,.F.);
#3015 = PLANE('',#3016);
#3016 = AXIS2_PLACEMENT_3D('',#3017,#3018,#3019);
#3017 = CARTESIAN_POINT('',(-0.347599,-0.3048,-2.4003));
#3018 = DIRECTION('',(0.965925826289,0.E+000,-0.258819045103));
#3019 = DIRECTION('',(-0.258819045103,0.E+000,-0.965925826289));
#3020 = ADVANCED_FACE('',(#3021),#3027,.T.);
#3021 = FACE_BOUND('',#3022,.T.);
#3022 = EDGE_LOOP('',(#3023,#3024,#3025,#3026));
#3023 = ORIENTED_EDGE('',*,*,#932,.T.);
#3024 = ORIENTED_EDGE('',*,*,#576,.F.);
#3025 = ORIENTED_EDGE('',*,*,#545,.F.);
#3026 = ORIENTED_EDGE('',*,*,#514,.F.);
#3027 = PLANE('',#3028);
#3028 = AXIS2_PLACEMENT_3D('',#3029,#3030,#3031);
#3029 = CARTESIAN_POINT('',(0.402046275902,-0.3048,-2.6035));
#3030 = DIRECTION('',(-0.965925826289,0.E+000,-0.258819045103));
#3031 = DIRECTION('',(-0.258819045103,0.E+000,0.965925826289));
#3032 = ADVANCED_FACE('',(#3033),#3039,.T.);
#3033 = FACE_BOUND('',#3034,.T.);
#3034 = EDGE_LOOP('',(#3035,#3036,#3037,#3038));
#3035 = ORIENTED_EDGE('',*,*,#656,.F.);
#3036 = ORIENTED_EDGE('',*,*,#687,.F.);
#3037 = ORIENTED_EDGE('',*,*,#871,.T.);
#3038 = ORIENTED_EDGE('',*,*,#616,.F.);
#3039 = PLANE('',#3040);
#3040 = AXIS2_PLACEMENT_3D('',#3041,#3042,#3043);
#3041 = CARTESIAN_POINT('',(-0.402046275902,-0.3048,2.6035));
#3042 = DIRECTION('',(0.965925826289,0.E+000,0.258819045103));
#3043 = DIRECTION('',(0.258819045103,0.E+000,-0.965925826289));
#3044 = ADVANCED_FACE('',(#3045),#3051,.T.);
#3045 = FACE_BOUND('',#3046,.T.);
#3046 = EDGE_LOOP('',(#3047,#3048,#3049,#3050));
#3047 = ORIENTED_EDGE('',*,*,#810,.F.);
#3048 = ORIENTED_EDGE('',*,*,#490,.F.);
#3049 = ORIENTED_EDGE('',*,*,#459,.T.);
#3050 = ORIENTED_EDGE('',*,*,#428,.F.);
#3051 = PLANE('',#3052);
#3052 = AXIS2_PLACEMENT_3D('',#3053,#3054,#3055);
#3053 = CARTESIAN_POINT('',(0.347599,-0.3048,2.4003));
#3054 = DIRECTION('',(-0.965925826289,0.E+000,0.258819045103));
#3055 = DIRECTION('',(0.258819045103,0.E+000,0.965925826289));
#3056 = ADVANCED_FACE('',(#3057),#3063,.T.);
#3057 = FACE_BOUND('',#3058,.T.);
#3058 = EDGE_LOOP('',(#3059,#3060,#3061,#3062));
#3059 = ORIENTED_EDGE('',*,*,#2840,.T.);
#3060 = ORIENTED_EDGE('',*,*,#780,.F.);
#3061 = ORIENTED_EDGE('',*,*,#749,.F.);
#3062 = ORIENTED_EDGE('',*,*,#718,.F.);
#3063 = PLANE('',#3064);
#3064 = AXIS2_PLACEMENT_3D('',#3065,#3066,#3067);
#3065 = CARTESIAN_POINT('',(-0.597951724098,-0.3048,-2.6035));
#3066 = DIRECTION('',(-0.965925826289,0.E+000,-0.258819045103));
#3067 = DIRECTION('',(-0.258819045103,0.E+000,0.965925826289));
#3068 = ADVANCED_FACE('',(#3069),#3075,.T.);
#3069 = FACE_BOUND('',#3070,.T.);
#3070 = EDGE_LOOP('',(#3071,#3072,#3073,#3074));
#3071 = ORIENTED_EDGE('',*,*,#2680,.F.);
#3072 = ORIENTED_EDGE('',*,*,#694,.F.);
#3073 = ORIENTED_EDGE('',*,*,#663,.T.);
#3074 = ORIENTED_EDGE('',*,*,#632,.F.);
#3075 = PLANE('',#3076);
#3076 = AXIS2_PLACEMENT_3D('',#3077,#3078,#3079);
#3077 = CARTESIAN_POINT('',(-0.652399,-0.3048,2.4003));
#3078 = DIRECTION('',(-0.965925826289,0.E+000,0.258819045103));
#3079 = DIRECTION('',(0.258819045103,0.E+000,0.965925826289));
#3080 = ADVANCED_FACE('',(#3081),#3087,.T.);
#3081 = FACE_BOUND('',#3082,.T.);
#3082 = EDGE_LOOP('',(#3083,#3084,#3085,#3086));
#3083 = ORIENTED_EDGE('',*,*,#452,.F.);
#3084 = ORIENTED_EDGE('',*,*,#483,.F.);
#3085 = ORIENTED_EDGE('',*,*,#2635,.T.);
#3086 = ORIENTED_EDGE('',*,*,#412,.F.);
#3087 = PLANE('',#3088);
#3088 = AXIS2_PLACEMENT_3D('',#3089,#3090,#3091);
#3089 = CARTESIAN_POINT('',(0.597951724098,-0.3048,2.6035));
#3090 = DIRECTION('',(0.965925826289,0.E+000,0.258819045103));
#3091 = DIRECTION('',(0.258819045103,0.E+000,-0.965925826289));
#3092 = ADVANCED_FACE('',(#3093),#3099,.T.);
#3093 = FACE_BOUND('',#3094,.T.);
#3094 = EDGE_LOOP('',(#3095,#3096,#3097,#3098));
#3095 = ORIENTED_EDGE('',*,*,#561,.T.);
#3096 = ORIENTED_EDGE('',*,*,#592,.F.);
#3097 = ORIENTED_EDGE('',*,*,#2602,.F.);
#3098 = ORIENTED_EDGE('',*,*,#530,.F.);
#3099 = PLANE('',#3100);
#3100 = AXIS2_PLACEMENT_3D('',#3101,#3102,#3103);
#3101 = CARTESIAN_POINT('',(0.652399,-0.3048,-2.4003));
#3102 = DIRECTION('',(0.965925826289,0.E+000,-0.258819045103));
#3103 = DIRECTION('',(-0.258819045103,0.E+000,-0.965925826289));
#3104 = ( GEOMETRIC_REPRESENTATION_CONTEXT(3) 
GLOBAL_UNCERTAINTY_ASSIGNED_CONTEXT((#3108)) 
GLOBAL_UNIT_ASSIGNED_CONTEXT((#3105,#3106,#3107)) REPRESENTATION_CONTEXT
('Context #1','3D Context with UNIT and UNCERTAINTY') );
#3105 = ( LENGTH_UNIT() NAMED_UNIT(*) SI_UNIT(.MILLI.,.METRE.) );
#3106 = ( NAMED_UNIT(*) PLANE_ANGLE_UNIT() SI_UNIT($,.RADIAN.) );
#3107 = ( NAMED_UNIT(*) SI_UNIT($,.STERADIAN.) SOLID_ANGLE_UNIT() );
#3108 = UNCERTAINTY_MEASURE_WITH_UNIT(LENGTH_MEASURE(1.E-007),#3105,
  'distance_accuracy_value','confusion accuracy');
#3109 = SHAPE_DEFINITION_REPRESENTATION(#3110,#395);
#3110 = PRODUCT_DEFINITION_SHAPE('','',#3111);
#3111 = PRODUCT_DEFINITION('design','',#3112,#3115);
#3112 = PRODUCT_DEFINITION_FORMATION('','',#3113);
#3113 = PRODUCT('FTM-102-02-F-DV_pins','FTM-102-02-F-DV_pins','',(#3114)
  );
#3114 = PRODUCT_CONTEXT('',#2,'mechanical');
#3115 = PRODUCT_DEFINITION_CONTEXT('part definition',#2,'design');
#3116 = CONTEXT_DEPENDENT_SHAPE_REPRESENTATION(#3117,#3119);
#3117 = ( REPRESENTATION_RELATIONSHIP('','',#395,#381) 
REPRESENTATION_RELATIONSHIP_WITH_TRANSFORMATION(#3118) 
SHAPE_REPRESENTATION_RELATIONSHIP() );
#3118 = ITEM_DEFINED_TRANSFORMATION('','',#11,#382);
#3119 = PRODUCT_DEFINITION_SHAPE('Placement','Placement of an item',
  #3120);
#3120 = NEXT_ASSEMBLY_USAGE_OCCURRENCE('3','FTM-102-02-F-DV_pins','',
  #376,#3111,$);
#3121 = PRODUCT_RELATED_PRODUCT_CATEGORY('part',$,(#3113));
#3122 = ADVANCED_BREP_SHAPE_REPRESENTATION('',(#11,#3123),#3273);
#3123 = MANIFOLD_SOLID_BREP('',#3124);
#3124 = CLOSED_SHELL('',(#3125,#3165,#3196,#3227,#3249,#3261));
#3125 = ADVANCED_FACE('',(#3126),#3160,.F.);
#3126 = FACE_BOUND('',#3127,.T.);
#3127 = EDGE_LOOP('',(#3128,#3138,#3146,#3154));
#3128 = ORIENTED_EDGE('',*,*,#3129,.T.);
#3129 = EDGE_CURVE('',#3130,#3132,#3134,.T.);
#3130 = VERTEX_POINT('',#3131);
#3131 = CARTESIAN_POINT('',(-0.999998,0.9652,1.5875));
#3132 = VERTEX_POINT('',#3133);
#3133 = CARTESIAN_POINT('',(-0.999998,0.E+000,1.5875));
#3134 = LINE('',#3135,#3136);
#3135 = CARTESIAN_POINT('',(-0.999998,0.9652,1.5875));
#3136 = VECTOR('',#3137,1.);
#3137 = DIRECTION('',(0.E+000,-1.,0.E+000));
#3138 = ORIENTED_EDGE('',*,*,#3139,.F.);
#3139 = EDGE_CURVE('',#3140,#3132,#3142,.T.);
#3140 = VERTEX_POINT('',#3141);
#3141 = CARTESIAN_POINT('',(0.999998,0.E+000,1.5875));
#3142 = LINE('',#3143,#3144);
#3143 = CARTESIAN_POINT('',(0.999998,0.E+000,1.5875));
#3144 = VECTOR('',#3145,1.);
#3145 = DIRECTION('',(-1.,0.E+000,0.E+000));
#3146 = ORIENTED_EDGE('',*,*,#3147,.F.);
#3147 = EDGE_CURVE('',#3148,#3140,#3150,.T.);
#3148 = VERTEX_POINT('',#3149);
#3149 = CARTESIAN_POINT('',(0.999998,0.9652,1.5875));
#3150 = LINE('',#3151,#3152);
#3151 = CARTESIAN_POINT('',(0.999998,0.9652,1.5875));
#3152 = VECTOR('',#3153,1.);
#3153 = DIRECTION('',(0.E+000,-1.,0.E+000));
#3154 = ORIENTED_EDGE('',*,*,#3155,.T.);
#3155 = EDGE_CURVE('',#3148,#3130,#3156,.T.);
#3156 = LINE('',#3157,#3158);
#3157 = CARTESIAN_POINT('',(0.999998,0.9652,1.5875));
#3158 = VECTOR('',#3159,1.);
#3159 = DIRECTION('',(-1.,0.E+000,0.E+000));
#3160 = PLANE('',#3161);
#3161 = AXIS2_PLACEMENT_3D('',#3162,#3163,#3164);
#3162 = CARTESIAN_POINT('',(0.999998,0.9652,1.5875));
#3163 = DIRECTION('',(0.E+000,0.E+000,-1.));
#3164 = DIRECTION('',(-1.,0.E+000,0.E+000));
#3165 = ADVANCED_FACE('',(#3166),#3191,.F.);
#3166 = FACE_BOUND('',#3167,.T.);
#3167 = EDGE_LOOP('',(#3168,#3176,#3184,#3190));
#3168 = ORIENTED_EDGE('',*,*,#3169,.T.);
#3169 = EDGE_CURVE('',#3132,#3170,#3172,.T.);
#3170 = VERTEX_POINT('',#3171);
#3171 = CARTESIAN_POINT('',(-0.999998,0.E+000,-1.5875));
#3172 = LINE('',#3173,#3174);
#3173 = CARTESIAN_POINT('',(-0.999998,0.E+000,1.5875));
#3174 = VECTOR('',#3175,1.);
#3175 = DIRECTION('',(0.E+000,0.E+000,-1.));
#3176 = ORIENTED_EDGE('',*,*,#3177,.F.);
#3177 = EDGE_CURVE('',#3178,#3170,#3180,.T.);
#3178 = VERTEX_POINT('',#3179);
#3179 = CARTESIAN_POINT('',(0.999998,0.E+000,-1.5875));
#3180 = LINE('',#3181,#3182);
#3181 = CARTESIAN_POINT('',(0.999998,0.E+000,-1.5875));
#3182 = VECTOR('',#3183,1.);
#3183 = DIRECTION('',(-1.,0.E+000,0.E+000));
#3184 = ORIENTED_EDGE('',*,*,#3185,.F.);
#3185 = EDGE_CURVE('',#3140,#3178,#3186,.T.);
#3186 = LINE('',#3187,#3188);
#3187 = CARTESIAN_POINT('',(0.999998,0.E+000,1.5875));
#3188 = VECTOR('',#3189,1.);
#3189 = DIRECTION('',(0.E+000,0.E+000,-1.));
#3190 = ORIENTED_EDGE('',*,*,#3139,.T.);
#3191 = PLANE('',#3192);
#3192 = AXIS2_PLACEMENT_3D('',#3193,#3194,#3195);
#3193 = CARTESIAN_POINT('',(0.999998,0.E+000,1.5875));
#3194 = DIRECTION('',(0.E+000,1.,0.E+000));
#3195 = DIRECTION('',(0.E+000,-0.E+000,1.));
#3196 = ADVANCED_FACE('',(#3197),#3222,.F.);
#3197 = FACE_BOUND('',#3198,.T.);
#3198 = EDGE_LOOP('',(#3199,#3207,#3215,#3221));
#3199 = ORIENTED_EDGE('',*,*,#3200,.T.);
#3200 = EDGE_CURVE('',#3170,#3201,#3203,.T.);
#3201 = VERTEX_POINT('',#3202);
#3202 = CARTESIAN_POINT('',(-0.999998,0.9652,-1.5875));
#3203 = LINE('',#3204,#3205);
#3204 = CARTESIAN_POINT('',(-0.999998,0.E+000,-1.5875));
#3205 = VECTOR('',#3206,1.);
#3206 = DIRECTION('',(0.E+000,1.,0.E+000));
#3207 = ORIENTED_EDGE('',*,*,#3208,.F.);
#3208 = EDGE_CURVE('',#3209,#3201,#3211,.T.);
#3209 = VERTEX_POINT('',#3210);
#3210 = CARTESIAN_POINT('',(0.999998,0.9652,-1.5875));
#3211 = LINE('',#3212,#3213);
#3212 = CARTESIAN_POINT('',(0.999998,0.9652,-1.5875));
#3213 = VECTOR('',#3214,1.);
#3214 = DIRECTION('',(-1.,0.E+000,0.E+000));
#3215 = ORIENTED_EDGE('',*,*,#3216,.F.);
#3216 = EDGE_CURVE('',#3178,#3209,#3217,.T.);
#3217 = LINE('',#3218,#3219);
#3218 = CARTESIAN_POINT('',(0.999998,0.E+000,-1.5875));
#3219 = VECTOR('',#3220,1.);
#3220 = DIRECTION('',(0.E+000,1.,0.E+000));
#3221 = ORIENTED_EDGE('',*,*,#3177,.T.);
#3222 = PLANE('',#3223);
#3223 = AXIS2_PLACEMENT_3D('',#3224,#3225,#3226);
#3224 = CARTESIAN_POINT('',(0.999998,0.E+000,-1.5875));
#3225 = DIRECTION('',(0.E+000,0.E+000,1.));
#3226 = DIRECTION('',(1.,0.E+000,-0.E+000));
#3227 = ADVANCED_FACE('',(#3228),#3244,.F.);
#3228 = FACE_BOUND('',#3229,.T.);
#3229 = EDGE_LOOP('',(#3230,#3236,#3237,#3243));
#3230 = ORIENTED_EDGE('',*,*,#3231,.T.);
#3231 = EDGE_CURVE('',#3201,#3130,#3232,.T.);
#3232 = LINE('',#3233,#3234);
#3233 = CARTESIAN_POINT('',(-0.999998,0.9652,-1.5875));
#3234 = VECTOR('',#3235,1.);
#3235 = DIRECTION('',(0.E+000,0.E+000,1.));
#3236 = ORIENTED_EDGE('',*,*,#3155,.F.);
#3237 = ORIENTED_EDGE('',*,*,#3238,.F.);
#3238 = EDGE_CURVE('',#3209,#3148,#3239,.T.);
#3239 = LINE('',#3240,#3241);
#3240 = CARTESIAN_POINT('',(0.999998,0.9652,-1.5875));
#3241 = VECTOR('',#3242,1.);
#3242 = DIRECTION('',(0.E+000,0.E+000,1.));
#3243 = ORIENTED_EDGE('',*,*,#3208,.T.);
#3244 = PLANE('',#3245);
#3245 = AXIS2_PLACEMENT_3D('',#3246,#3247,#3248);
#3246 = CARTESIAN_POINT('',(0.999998,0.9652,-1.5875));
#3247 = DIRECTION('',(0.E+000,-1.,0.E+000));
#3248 = DIRECTION('',(0.E+000,0.E+000,-1.));
#3249 = ADVANCED_FACE('',(#3250),#3256,.T.);
#3250 = FACE_BOUND('',#3251,.T.);
#3251 = EDGE_LOOP('',(#3252,#3253,#3254,#3255));
#3252 = ORIENTED_EDGE('',*,*,#3147,.T.);
#3253 = ORIENTED_EDGE('',*,*,#3185,.T.);
#3254 = ORIENTED_EDGE('',*,*,#3216,.T.);
#3255 = ORIENTED_EDGE('',*,*,#3238,.T.);
#3256 = PLANE('',#3257);
#3257 = AXIS2_PLACEMENT_3D('',#3258,#3259,#3260);
#3258 = CARTESIAN_POINT('',(0.999998,0.E+000,0.E+000));
#3259 = DIRECTION('',(1.,0.E+000,0.E+000));
#3260 = DIRECTION('',(0.E+000,0.E+000,-1.));
#3261 = ADVANCED_FACE('',(#3262),#3268,.F.);
#3262 = FACE_BOUND('',#3263,.T.);
#3263 = EDGE_LOOP('',(#3264,#3265,#3266,#3267));
#3264 = ORIENTED_EDGE('',*,*,#3129,.F.);
#3265 = ORIENTED_EDGE('',*,*,#3231,.F.);
#3266 = ORIENTED_EDGE('',*,*,#3200,.F.);
#3267 = ORIENTED_EDGE('',*,*,#3169,.F.);
#3268 = PLANE('',#3269);
#3269 = AXIS2_PLACEMENT_3D('',#3270,#3271,#3272);
#3270 = CARTESIAN_POINT('',(-0.999998,0.E+000,0.E+000));
#3271 = DIRECTION('',(1.,0.E+000,0.E+000));
#3272 = DIRECTION('',(0.E+000,0.E+000,-1.));
#3273 = ( GEOMETRIC_REPRESENTATION_CONTEXT(3) 
GLOBAL_UNCERTAINTY_ASSIGNED_CONTEXT((#3277)) 
GLOBAL_UNIT_ASSIGNED_CONTEXT((#3274,#3275,#3276)) REPRESENTATION_CONTEXT
('Context #1','3D Context with UNIT and UNCERTAINTY') );
#3274 = ( LENGTH_UNIT() NAMED_UNIT(*) SI_UNIT(.MILLI.,.METRE.) );
#3275 = ( NAMED_UNIT(*) PLANE_ANGLE_UNIT() SI_UNIT($,.RADIAN.) );
#3276 = ( NAMED_UNIT(*) SI_UNIT($,.STERADIAN.) SOLID_ANGLE_UNIT() );
#3277 = UNCERTAINTY_MEASURE_WITH_UNIT(LENGTH_MEASURE(1.E-007),#3274,
  'distance_accuracy_value','confusion accuracy');
#3278 = SHAPE_DEFINITION_REPRESENTATION(#3279,#3122);
#3279 = PRODUCT_DEFINITION_SHAPE('','',#3280);
#3280 = PRODUCT_DEFINITION('design','',#3281,#3284);
#3281 = PRODUCT_DEFINITION_FORMATION('','',#3282);
#3282 = PRODUCT('FTM-102-02-F-DV_body','FTM-102-02-F-DV_body','',(#3283)
  );
#3283 = PRODUCT_CONTEXT('',#2,'mechanical');
#3284 = PRODUCT_DEFINITION_CONTEXT('part definition',#2,'design');
#3285 = CONTEXT_DEPENDENT_SHAPE_REPRESENTATION(#3286,#3288);
#3286 = ( REPRESENTATION_RELATIONSHIP('','',#3122,#381) 
REPRESENTATION_RELATIONSHIP_WITH_TRANSFORMATION(#3287) 
SHAPE_REPRESENTATION_RELATIONSHIP() );
#3287 = ITEM_DEFINED_TRANSFORMATION('','',#11,#386);
#3288 = PRODUCT_DEFINITION_SHAPE('Placement','Placement of an item',
  #3289);
#3289 = NEXT_ASSEMBLY_USAGE_OCCURRENCE('4','FTM-102-02-F-DV_body','',
  #376,#3280,$);
#3290 = PRODUCT_RELATED_PRODUCT_CATEGORY('part',$,(#3282));
#3291 = CONTEXT_DEPENDENT_SHAPE_REPRESENTATION(#3292,#3294);
#3292 = ( REPRESENTATION_RELATIONSHIP('','',#381,#364) 
REPRESENTATION_RELATIONSHIP_WITH_TRANSFORMATION(#3293) 
SHAPE_REPRESENTATION_RELATIONSHIP() );
#3293 = ITEM_DEFINED_TRANSFORMATION('','',#11,#365);
#3294 = PRODUCT_DEFINITION_SHAPE('Placement','Placement of an item',
  #3295);
#3295 = NEXT_ASSEMBLY_USAGE_OCCURRENCE('5','','',#359,#376,$);
#3296 = PRODUCT_RELATED_PRODUCT_CATEGORY('part',$,(#378));
#3297 = CONTEXT_DEPENDENT_SHAPE_REPRESENTATION(#3298,#3300);
#3298 = ( REPRESENTATION_RELATIONSHIP('','',#364,#10) 
REPRESENTATION_RELATIONSHIP_WITH_TRANSFORMATION(#3299) 
SHAPE_REPRESENTATION_RELATIONSHIP() );
#3299 = ITEM_DEFINED_TRANSFORMATION('','',#11,#19);
#3300 = PRODUCT_DEFINITION_SHAPE('Placement','Placement of an item',
  #3301);
#3301 = NEXT_ASSEMBLY_USAGE_OCCURRENCE('6','','',#5,#359,$);
#3302 = PRODUCT_RELATED_PRODUCT_CATEGORY('part',$,(#361));
#3303 = SHAPE_DEFINITION_REPRESENTATION(#3304,#3310);
#3304 = PRODUCT_DEFINITION_SHAPE('','',#3305);
#3305 = PRODUCT_DEFINITION('design','',#3306,#3309);
#3306 = PRODUCT_DEFINITION_FORMATION('','',#3307);
#3307 = PRODUCT('IC1','IC1','',(#3308));
#3308 = PRODUCT_CONTEXT('',#2,'mechanical');
#3309 = PRODUCT_DEFINITION_CONTEXT('part definition',#2,'design');
#3310 = SHAPE_REPRESENTATION('',(#11,#3311),#3315);
#3311 = AXIS2_PLACEMENT_3D('',#3312,#3313,#3314);
#3312 = CARTESIAN_POINT('',(2.4999993246,2.500000167148,-0.411480009556)
  );
#3313 = DIRECTION('',(0.E+000,8.742277657348E-008,-1.));
#3314 = DIRECTION('',(1.,0.E+000,0.E+000));
#3315 = ( GEOMETRIC_REPRESENTATION_CONTEXT(3) 
GLOBAL_UNCERTAINTY_ASSIGNED_CONTEXT((#3319)) 
GLOBAL_UNIT_ASSIGNED_CONTEXT((#3316,#3317,#3318)) REPRESENTATION_CONTEXT
('Context #1','3D Context with UNIT and UNCERTAINTY') );
#3316 = ( LENGTH_UNIT() NAMED_UNIT(*) SI_UNIT(.MILLI.,.METRE.) );
#3317 = ( NAMED_UNIT(*) PLANE_ANGLE_UNIT() SI_UNIT($,.RADIAN.) );
#3318 = ( NAMED_UNIT(*) SI_UNIT($,.STERADIAN.) SOLID_ANGLE_UNIT() );
#3319 = UNCERTAINTY_MEASURE_WITH_UNIT(LENGTH_MEASURE(1.E-007),#3316,
  'distance_accuracy_value','confusion accuracy');
#3320 = SHAPE_DEFINITION_REPRESENTATION(#3321,#3327);
#3321 = PRODUCT_DEFINITION_SHAPE('','',#3322);
#3322 = PRODUCT_DEFINITION('design','',#3323,#3326);
#3323 = PRODUCT_DEFINITION_FORMATION('','',#3324);
#3324 = PRODUCT('6180567104','6180567104','',(#3325));
#3325 = PRODUCT_CONTEXT('',#2,'mechanical');
#3326 = PRODUCT_DEFINITION_CONTEXT('part definition',#2,'design');
#3327 = SHAPE_REPRESENTATION('',(#11,#3328,#3332),#3336);
#3328 = AXIS2_PLACEMENT_3D('',#3329,#3330,#3331);
#3329 = CARTESIAN_POINT('',(0.E+000,0.E+000,0.1));
#3330 = DIRECTION('',(0.E+000,0.E+000,1.));
#3331 = DIRECTION('',(1.,0.E+000,0.E+000));
#3332 = AXIS2_PLACEMENT_3D('',#3333,#3334,#3335);
#3333 = CARTESIAN_POINT('',(0.E+000,0.E+000,0.E+000));
#3334 = DIRECTION('',(0.E+000,0.E+000,1.));
#3335 = DIRECTION('',(1.,0.E+000,0.E+000));
#3336 = ( GEOMETRIC_REPRESENTATION_CONTEXT(3) 
GLOBAL_UNCERTAINTY_ASSIGNED_CONTEXT((#3340)) 
GLOBAL_UNIT_ASSIGNED_CONTEXT((#3337,#3338,#3339)) REPRESENTATION_CONTEXT
('Context #1','3D Context with UNIT and UNCERTAINTY') );
#3337 = ( LENGTH_UNIT() NAMED_UNIT(*) SI_UNIT(.MILLI.,.METRE.) );
#3338 = ( NAMED_UNIT(*) PLANE_ANGLE_UNIT() SI_UNIT($,.RADIAN.) );
#3339 = ( NAMED_UNIT(*) SI_UNIT($,.STERADIAN.) SOLID_ANGLE_UNIT() );
#3340 = UNCERTAINTY_MEASURE_WITH_UNIT(LENGTH_MEASURE(1.E-007),#3337,
  'distance_accuracy_value','confusion accuracy');
#3341 = ADVANCED_BREP_SHAPE_REPRESENTATION('',(#11,#3342),#3492);
#3342 = MANIFOLD_SOLID_BREP('',#3343);
#3343 = CLOSED_SHELL('',(#3344,#3384,#3415,#3446,#3468,#3480));
#3344 = ADVANCED_FACE('',(#3345),#3379,.T.);
#3345 = FACE_BOUND('',#3346,.T.);
#3346 = EDGE_LOOP('',(#3347,#3357,#3365,#3373));
#3347 = ORIENTED_EDGE('',*,*,#3348,.T.);
#3348 = EDGE_CURVE('',#3349,#3351,#3353,.T.);
#3349 = VERTEX_POINT('',#3350);
#3350 = CARTESIAN_POINT('',(-1.975,1.975,0.E+000));
#3351 = VERTEX_POINT('',#3352);
#3352 = CARTESIAN_POINT('',(-1.975,1.975,0.8));
#3353 = LINE('',#3354,#3355);
#3354 = CARTESIAN_POINT('',(-1.975,1.975,0.E+000));
#3355 = VECTOR('',#3356,1.);
#3356 = DIRECTION('',(0.E+000,0.E+000,1.));
#3357 = ORIENTED_EDGE('',*,*,#3358,.T.);
#3358 = EDGE_CURVE('',#3351,#3359,#3361,.T.);
#3359 = VERTEX_POINT('',#3360);
#3360 = CARTESIAN_POINT('',(1.975,1.975,0.8));
#3361 = LINE('',#3362,#3363);
#3362 = CARTESIAN_POINT('',(-1.975,1.975,0.8));
#3363 = VECTOR('',#3364,1.);
#3364 = DIRECTION('',(1.,0.E+000,0.E+000));
#3365 = ORIENTED_EDGE('',*,*,#3366,.F.);
#3366 = EDGE_CURVE('',#3367,#3359,#3369,.T.);
#3367 = VERTEX_POINT('',#3368);
#3368 = CARTESIAN_POINT('',(1.975,1.975,0.E+000));
#3369 = LINE('',#3370,#3371);
#3370 = CARTESIAN_POINT('',(1.975,1.975,0.E+000));
#3371 = VECTOR('',#3372,1.);
#3372 = DIRECTION('',(0.E+000,0.E+000,1.));
#3373 = ORIENTED_EDGE('',*,*,#3374,.F.);
#3374 = EDGE_CURVE('',#3349,#3367,#3375,.T.);
#3375 = LINE('',#3376,#3377);
#3376 = CARTESIAN_POINT('',(-1.975,1.975,0.E+000));
#3377 = VECTOR('',#3378,1.);
#3378 = DIRECTION('',(1.,0.E+000,0.E+000));
#3379 = PLANE('',#3380);
#3380 = AXIS2_PLACEMENT_3D('',#3381,#3382,#3383);
#3381 = CARTESIAN_POINT('',(-1.975,1.975,0.E+000));
#3382 = DIRECTION('',(0.E+000,1.,0.E+000));
#3383 = DIRECTION('',(1.,0.E+000,0.E+000));
#3384 = ADVANCED_FACE('',(#3385),#3410,.T.);
#3385 = FACE_BOUND('',#3386,.T.);
#3386 = EDGE_LOOP('',(#3387,#3388,#3396,#3404));
#3387 = ORIENTED_EDGE('',*,*,#3366,.T.);
#3388 = ORIENTED_EDGE('',*,*,#3389,.T.);
#3389 = EDGE_CURVE('',#3359,#3390,#3392,.T.);
#3390 = VERTEX_POINT('',#3391);
#3391 = CARTESIAN_POINT('',(1.975,-1.975,0.8));
#3392 = LINE('',#3393,#3394);
#3393 = CARTESIAN_POINT('',(1.975,1.975,0.8));
#3394 = VECTOR('',#3395,1.);
#3395 = DIRECTION('',(0.E+000,-1.,0.E+000));
#3396 = ORIENTED_EDGE('',*,*,#3397,.F.);
#3397 = EDGE_CURVE('',#3398,#3390,#3400,.T.);
#3398 = VERTEX_POINT('',#3399);
#3399 = CARTESIAN_POINT('',(1.975,-1.975,0.E+000));
#3400 = LINE('',#3401,#3402);
#3401 = CARTESIAN_POINT('',(1.975,-1.975,0.E+000));
#3402 = VECTOR('',#3403,1.);
#3403 = DIRECTION('',(0.E+000,0.E+000,1.));
#3404 = ORIENTED_EDGE('',*,*,#3405,.F.);
#3405 = EDGE_CURVE('',#3367,#3398,#3406,.T.);
#3406 = LINE('',#3407,#3408);
#3407 = CARTESIAN_POINT('',(1.975,1.975,0.E+000));
#3408 = VECTOR('',#3409,1.);
#3409 = DIRECTION('',(0.E+000,-1.,0.E+000));
#3410 = PLANE('',#3411);
#3411 = AXIS2_PLACEMENT_3D('',#3412,#3413,#3414);
#3412 = CARTESIAN_POINT('',(1.975,1.975,0.E+000));
#3413 = DIRECTION('',(1.,0.E+000,-0.E+000));
#3414 = DIRECTION('',(0.E+000,-1.,0.E+000));
#3415 = ADVANCED_FACE('',(#3416),#3441,.T.);
#3416 = FACE_BOUND('',#3417,.T.);
#3417 = EDGE_LOOP('',(#3418,#3419,#3427,#3435));
#3418 = ORIENTED_EDGE('',*,*,#3397,.T.);
#3419 = ORIENTED_EDGE('',*,*,#3420,.T.);
#3420 = EDGE_CURVE('',#3390,#3421,#3423,.T.);
#3421 = VERTEX_POINT('',#3422);
#3422 = CARTESIAN_POINT('',(-1.975,-1.975,0.8));
#3423 = LINE('',#3424,#3425);
#3424 = CARTESIAN_POINT('',(1.975,-1.975,0.8));
#3425 = VECTOR('',#3426,1.);
#3426 = DIRECTION('',(-1.,0.E+000,0.E+000));
#3427 = ORIENTED_EDGE('',*,*,#3428,.F.);
#3428 = EDGE_CURVE('',#3429,#3421,#3431,.T.);
#3429 = VERTEX_POINT('',#3430);
#3430 = CARTESIAN_POINT('',(-1.975,-1.975,0.E+000));
#3431 = LINE('',#3432,#3433);
#3432 = CARTESIAN_POINT('',(-1.975,-1.975,0.E+000));
#3433 = VECTOR('',#3434,1.);
#3434 = DIRECTION('',(0.E+000,0.E+000,1.));
#3435 = ORIENTED_EDGE('',*,*,#3436,.F.);
#3436 = EDGE_CURVE('',#3398,#3429,#3437,.T.);
#3437 = LINE('',#3438,#3439);
#3438 = CARTESIAN_POINT('',(1.975,-1.975,0.E+000));
#3439 = VECTOR('',#3440,1.);
#3440 = DIRECTION('',(-1.,0.E+000,0.E+000));
#3441 = PLANE('',#3442);
#3442 = AXIS2_PLACEMENT_3D('',#3443,#3444,#3445);
#3443 = CARTESIAN_POINT('',(1.975,-1.975,0.E+000));
#3444 = DIRECTION('',(0.E+000,-1.,0.E+000));
#3445 = DIRECTION('',(-1.,0.E+000,0.E+000));
#3446 = ADVANCED_FACE('',(#3447),#3463,.T.);
#3447 = FACE_BOUND('',#3448,.T.);
#3448 = EDGE_LOOP('',(#3449,#3450,#3456,#3457));
#3449 = ORIENTED_EDGE('',*,*,#3428,.T.);
#3450 = ORIENTED_EDGE('',*,*,#3451,.T.);
#3451 = EDGE_CURVE('',#3421,#3351,#3452,.T.);
#3452 = LINE('',#3453,#3454);
#3453 = CARTESIAN_POINT('',(-1.975,-1.975,0.8));
#3454 = VECTOR('',#3455,1.);
#3455 = DIRECTION('',(0.E+000,1.,0.E+000));
#3456 = ORIENTED_EDGE('',*,*,#3348,.F.);
#3457 = ORIENTED_EDGE('',*,*,#3458,.F.);
#3458 = EDGE_CURVE('',#3429,#3349,#3459,.T.);
#3459 = LINE('',#3460,#3461);
#3460 = CARTESIAN_POINT('',(-1.975,-1.975,0.E+000));
#3461 = VECTOR('',#3462,1.);
#3462 = DIRECTION('',(0.E+000,1.,0.E+000));
#3463 = PLANE('',#3464);
#3464 = AXIS2_PLACEMENT_3D('',#3465,#3466,#3467);
#3465 = CARTESIAN_POINT('',(-1.975,-1.975,0.E+000));
#3466 = DIRECTION('',(-1.,0.E+000,0.E+000));
#3467 = DIRECTION('',(0.E+000,1.,0.E+000));
#3468 = ADVANCED_FACE('',(#3469),#3475,.T.);
#3469 = FACE_BOUND('',#3470,.T.);
#3470 = EDGE_LOOP('',(#3471,#3472,#3473,#3474));
#3471 = ORIENTED_EDGE('',*,*,#3374,.T.);
#3472 = ORIENTED_EDGE('',*,*,#3405,.T.);
#3473 = ORIENTED_EDGE('',*,*,#3436,.T.);
#3474 = ORIENTED_EDGE('',*,*,#3458,.T.);
#3475 = PLANE('',#3476);
#3476 = AXIS2_PLACEMENT_3D('',#3477,#3478,#3479);
#3477 = CARTESIAN_POINT('',(5.621382403165E-017,5.621382403165E-017,
    0.E+000));
#3478 = DIRECTION('',(-0.E+000,-0.E+000,-1.));
#3479 = DIRECTION('',(-1.,0.E+000,0.E+000));
#3480 = ADVANCED_FACE('',(#3481),#3487,.F.);
#3481 = FACE_BOUND('',#3482,.F.);
#3482 = EDGE_LOOP('',(#3483,#3484,#3485,#3486));
#3483 = ORIENTED_EDGE('',*,*,#3358,.T.);
#3484 = ORIENTED_EDGE('',*,*,#3389,.T.);
#3485 = ORIENTED_EDGE('',*,*,#3420,.T.);
#3486 = ORIENTED_EDGE('',*,*,#3451,.T.);
#3487 = PLANE('',#3488);
#3488 = AXIS2_PLACEMENT_3D('',#3489,#3490,#3491);
#3489 = CARTESIAN_POINT('',(5.621382403165E-017,5.621382403165E-017,0.8)
  );
#3490 = DIRECTION('',(-0.E+000,-0.E+000,-1.));
#3491 = DIRECTION('',(-1.,0.E+000,0.E+000));
#3492 = ( GEOMETRIC_REPRESENTATION_CONTEXT(3) 
GLOBAL_UNCERTAINTY_ASSIGNED_CONTEXT((#3496)) 
GLOBAL_UNIT_ASSIGNED_CONTEXT((#3493,#3494,#3495)) REPRESENTATION_CONTEXT
('Context #1','3D Context with UNIT and UNCERTAINTY') );
#3493 = ( LENGTH_UNIT() NAMED_UNIT(*) SI_UNIT(.MILLI.,.METRE.) );
#3494 = ( NAMED_UNIT(*) PLANE_ANGLE_UNIT() SI_UNIT($,.RADIAN.) );
#3495 = ( NAMED_UNIT(*) SI_UNIT($,.STERADIAN.) SOLID_ANGLE_UNIT() );
#3496 = UNCERTAINTY_MEASURE_WITH_UNIT(LENGTH_MEASURE(1.E-007),#3493,
  'distance_accuracy_value','confusion accuracy');
#3497 = SHAPE_DEFINITION_REPRESENTATION(#3498,#3341);
#3498 = PRODUCT_DEFINITION_SHAPE('','',#3499);
#3499 = PRODUCT_DEFINITION('design','',#3500,#3503);
#3500 = PRODUCT_DEFINITION_FORMATION('','',#3501);
#3501 = PRODUCT('Body','Body','',(#3502));
#3502 = PRODUCT_CONTEXT('',#2,'mechanical');
#3503 = PRODUCT_DEFINITION_CONTEXT('part definition',#2,'design');
#3504 = CONTEXT_DEPENDENT_SHAPE_REPRESENTATION(#3505,#3507);
#3505 = ( REPRESENTATION_RELATIONSHIP('','',#3341,#3327) 
REPRESENTATION_RELATIONSHIP_WITH_TRANSFORMATION(#3506) 
SHAPE_REPRESENTATION_RELATIONSHIP() );
#3506 = ITEM_DEFINED_TRANSFORMATION('','',#11,#3328);
#3507 = PRODUCT_DEFINITION_SHAPE('Placement','Placement of an item',
  #3508);
#3508 = NEXT_ASSEMBLY_USAGE_OCCURRENCE('7','=>[0:1:1:2]','',#3322,#3499,
  $);
#3509 = PRODUCT_RELATED_PRODUCT_CATEGORY('part',$,(#3501));
#3510 = SHAPE_REPRESENTATION('',(#11,#3511,#3661,#3811,#3961),#4111);
#3511 = MANIFOLD_SOLID_BREP('',#3512);
#3512 = CLOSED_SHELL('',(#3513,#3553,#3593,#3615,#3637,#3649));
#3513 = ADVANCED_FACE('',(#3514),#3548,.F.);
#3514 = FACE_BOUND('',#3515,.F.);
#3515 = EDGE_LOOP('',(#3516,#3526,#3534,#3542));
#3516 = ORIENTED_EDGE('',*,*,#3517,.F.);
#3517 = EDGE_CURVE('',#3518,#3520,#3522,.T.);
#3518 = VERTEX_POINT('',#3519);
#3519 = CARTESIAN_POINT('',(-1.64,-1.94,0.E+000));
#3520 = VERTEX_POINT('',#3521);
#3521 = CARTESIAN_POINT('',(-1.64,-1.94,0.1));
#3522 = LINE('',#3523,#3524);
#3523 = CARTESIAN_POINT('',(-1.64,-1.94,0.E+000));
#3524 = VECTOR('',#3525,1.);
#3525 = DIRECTION('',(0.E+000,0.E+000,1.));
#3526 = ORIENTED_EDGE('',*,*,#3527,.T.);
#3527 = EDGE_CURVE('',#3518,#3528,#3530,.T.);
#3528 = VERTEX_POINT('',#3529);
#3529 = CARTESIAN_POINT('',(-1.64,-1.41,0.E+000));
#3530 = LINE('',#3531,#3532);
#3531 = CARTESIAN_POINT('',(-1.64,-1.94,0.E+000));
#3532 = VECTOR('',#3533,1.);
#3533 = DIRECTION('',(0.E+000,1.,0.E+000));
#3534 = ORIENTED_EDGE('',*,*,#3535,.T.);
#3535 = EDGE_CURVE('',#3528,#3536,#3538,.T.);
#3536 = VERTEX_POINT('',#3537);
#3537 = CARTESIAN_POINT('',(-1.64,-1.41,0.1));
#3538 = LINE('',#3539,#3540);
#3539 = CARTESIAN_POINT('',(-1.64,-1.41,0.E+000));
#3540 = VECTOR('',#3541,1.);
#3541 = DIRECTION('',(0.E+000,0.E+000,1.));
#3542 = ORIENTED_EDGE('',*,*,#3543,.F.);
#3543 = EDGE_CURVE('',#3520,#3536,#3544,.T.);
#3544 = LINE('',#3545,#3546);
#3545 = CARTESIAN_POINT('',(-1.64,-1.94,0.1));
#3546 = VECTOR('',#3547,1.);
#3547 = DIRECTION('',(0.E+000,1.,0.E+000));
#3548 = PLANE('',#3549);
#3549 = AXIS2_PLACEMENT_3D('',#3550,#3551,#3552);
#3550 = CARTESIAN_POINT('',(-1.64,-1.94,0.E+000));
#3551 = DIRECTION('',(1.,0.E+000,0.E+000));
#3552 = DIRECTION('',(0.E+000,0.E+000,1.));
#3553 = ADVANCED_FACE('',(#3554),#3588,.T.);
#3554 = FACE_BOUND('',#3555,.T.);
#3555 = EDGE_LOOP('',(#3556,#3566,#3574,#3582));
#3556 = ORIENTED_EDGE('',*,*,#3557,.F.);
#3557 = EDGE_CURVE('',#3558,#3560,#3562,.T.);
#3558 = VERTEX_POINT('',#3559);
#3559 = CARTESIAN_POINT('',(-1.36,-1.94,0.E+000));
#3560 = VERTEX_POINT('',#3561);
#3561 = CARTESIAN_POINT('',(-1.36,-1.94,0.1));
#3562 = LINE('',#3563,#3564);
#3563 = CARTESIAN_POINT('',(-1.36,-1.94,0.E+000));
#3564 = VECTOR('',#3565,1.);
#3565 = DIRECTION('',(0.E+000,0.E+000,1.));
#3566 = ORIENTED_EDGE('',*,*,#3567,.T.);
#3567 = EDGE_CURVE('',#3558,#3568,#3570,.T.);
#3568 = VERTEX_POINT('',#3569);
#3569 = CARTESIAN_POINT('',(-1.36,-1.41,0.E+000));
#3570 = LINE('',#3571,#3572);
#3571 = CARTESIAN_POINT('',(-1.36,-1.94,0.E+000));
#3572 = VECTOR('',#3573,1.);
#3573 = DIRECTION('',(0.E+000,1.,0.E+000));
#3574 = ORIENTED_EDGE('',*,*,#3575,.T.);
#3575 = EDGE_CURVE('',#3568,#3576,#3578,.T.);
#3576 = VERTEX_POINT('',#3577);
#3577 = CARTESIAN_POINT('',(-1.36,-1.41,0.1));
#3578 = LINE('',#3579,#3580);
#3579 = CARTESIAN_POINT('',(-1.36,-1.41,0.E+000));
#3580 = VECTOR('',#3581,1.);
#3581 = DIRECTION('',(0.E+000,0.E+000,1.));
#3582 = ORIENTED_EDGE('',*,*,#3583,.F.);
#3583 = EDGE_CURVE('',#3560,#3576,#3584,.T.);
#3584 = LINE('',#3585,#3586);
#3585 = CARTESIAN_POINT('',(-1.36,-1.94,0.1));
#3586 = VECTOR('',#3587,1.);
#3587 = DIRECTION('',(0.E+000,1.,0.E+000));
#3588 = PLANE('',#3589);
#3589 = AXIS2_PLACEMENT_3D('',#3590,#3591,#3592);
#3590 = CARTESIAN_POINT('',(-1.36,-1.94,0.E+000));
#3591 = DIRECTION('',(1.,0.E+000,0.E+000));
#3592 = DIRECTION('',(0.E+000,0.E+000,1.));
#3593 = ADVANCED_FACE('',(#3594),#3610,.F.);
#3594 = FACE_BOUND('',#3595,.F.);
#3595 = EDGE_LOOP('',(#3596,#3602,#3603,#3609));
#3596 = ORIENTED_EDGE('',*,*,#3597,.F.);
#3597 = EDGE_CURVE('',#3518,#3558,#3598,.T.);
#3598 = LINE('',#3599,#3600);
#3599 = CARTESIAN_POINT('',(-1.64,-1.94,0.E+000));
#3600 = VECTOR('',#3601,1.);
#3601 = DIRECTION('',(1.,0.E+000,0.E+000));
#3602 = ORIENTED_EDGE('',*,*,#3517,.T.);
#3603 = ORIENTED_EDGE('',*,*,#3604,.T.);
#3604 = EDGE_CURVE('',#3520,#3560,#3605,.T.);
#3605 = LINE('',#3606,#3607);
#3606 = CARTESIAN_POINT('',(-1.64,-1.94,0.1));
#3607 = VECTOR('',#3608,1.);
#3608 = DIRECTION('',(1.,0.E+000,0.E+000));
#3609 = ORIENTED_EDGE('',*,*,#3557,.F.);
#3610 = PLANE('',#3611);
#3611 = AXIS2_PLACEMENT_3D('',#3612,#3613,#3614);
#3612 = CARTESIAN_POINT('',(-1.64,-1.94,0.E+000));
#3613 = DIRECTION('',(0.E+000,1.,0.E+000));
#3614 = DIRECTION('',(0.E+000,-0.E+000,1.));
#3615 = ADVANCED_FACE('',(#3616),#3632,.T.);
#3616 = FACE_BOUND('',#3617,.T.);
#3617 = EDGE_LOOP('',(#3618,#3624,#3625,#3631));
#3618 = ORIENTED_EDGE('',*,*,#3619,.F.);
#3619 = EDGE_CURVE('',#3528,#3568,#3620,.T.);
#3620 = LINE('',#3621,#3622);
#3621 = CARTESIAN_POINT('',(-1.64,-1.41,0.E+000));
#3622 = VECTOR('',#3623,1.);
#3623 = DIRECTION('',(1.,0.E+000,0.E+000));
#3624 = ORIENTED_EDGE('',*,*,#3535,.T.);
#3625 = ORIENTED_EDGE('',*,*,#3626,.T.);
#3626 = EDGE_CURVE('',#3536,#3576,#3627,.T.);
#3627 = LINE('',#3628,#3629);
#3628 = CARTESIAN_POINT('',(-1.64,-1.41,0.1));
#3629 = VECTOR('',#3630,1.);
#3630 = DIRECTION('',(1.,0.E+000,0.E+000));
#3631 = ORIENTED_EDGE('',*,*,#3575,.F.);
#3632 = PLANE('',#3633);
#3633 = AXIS2_PLACEMENT_3D('',#3634,#3635,#3636);
#3634 = CARTESIAN_POINT('',(-1.64,-1.41,0.E+000));
#3635 = DIRECTION('',(0.E+000,1.,0.E+000));
#3636 = DIRECTION('',(0.E+000,-0.E+000,1.));
#3637 = ADVANCED_FACE('',(#3638),#3644,.F.);
#3638 = FACE_BOUND('',#3639,.F.);
#3639 = EDGE_LOOP('',(#3640,#3641,#3642,#3643));
#3640 = ORIENTED_EDGE('',*,*,#3527,.F.);
#3641 = ORIENTED_EDGE('',*,*,#3597,.T.);
#3642 = ORIENTED_EDGE('',*,*,#3567,.T.);
#3643 = ORIENTED_EDGE('',*,*,#3619,.F.);
#3644 = PLANE('',#3645);
#3645 = AXIS2_PLACEMENT_3D('',#3646,#3647,#3648);
#3646 = CARTESIAN_POINT('',(-1.64,-1.94,0.E+000));
#3647 = DIRECTION('',(0.E+000,0.E+000,1.));
#3648 = DIRECTION('',(1.,0.E+000,-0.E+000));
#3649 = ADVANCED_FACE('',(#3650),#3656,.T.);
#3650 = FACE_BOUND('',#3651,.T.);
#3651 = EDGE_LOOP('',(#3652,#3653,#3654,#3655));
#3652 = ORIENTED_EDGE('',*,*,#3543,.F.);
#3653 = ORIENTED_EDGE('',*,*,#3604,.T.);
#3654 = ORIENTED_EDGE('',*,*,#3583,.T.);
#3655 = ORIENTED_EDGE('',*,*,#3626,.F.);
#3656 = PLANE('',#3657);
#3657 = AXIS2_PLACEMENT_3D('',#3658,#3659,#3660);
#3658 = CARTESIAN_POINT('',(-1.64,-1.94,0.1));
#3659 = DIRECTION('',(0.E+000,0.E+000,1.));
#3660 = DIRECTION('',(1.,0.E+000,-0.E+000));
#3661 = MANIFOLD_SOLID_BREP('',#3662);
#3662 = CLOSED_SHELL('',(#3663,#3703,#3743,#3765,#3787,#3799));
#3663 = ADVANCED_FACE('',(#3664),#3698,.F.);
#3664 = FACE_BOUND('',#3665,.F.);
#3665 = EDGE_LOOP('',(#3666,#3676,#3684,#3692));
#3666 = ORIENTED_EDGE('',*,*,#3667,.F.);
#3667 = EDGE_CURVE('',#3668,#3670,#3672,.T.);
#3668 = VERTEX_POINT('',#3669);
#3669 = CARTESIAN_POINT('',(1.36,-1.94,0.E+000));
#3670 = VERTEX_POINT('',#3671);
#3671 = CARTESIAN_POINT('',(1.36,-1.94,0.1));
#3672 = LINE('',#3673,#3674);
#3673 = CARTESIAN_POINT('',(1.36,-1.94,0.E+000));
#3674 = VECTOR('',#3675,1.);
#3675 = DIRECTION('',(0.E+000,0.E+000,1.));
#3676 = ORIENTED_EDGE('',*,*,#3677,.T.);
#3677 = EDGE_CURVE('',#3668,#3678,#3680,.T.);
#3678 = VERTEX_POINT('',#3679);
#3679 = CARTESIAN_POINT('',(1.36,-1.41,0.E+000));
#3680 = LINE('',#3681,#3682);
#3681 = CARTESIAN_POINT('',(1.36,-1.94,0.E+000));
#3682 = VECTOR('',#3683,1.);
#3683 = DIRECTION('',(0.E+000,1.,0.E+000));
#3684 = ORIENTED_EDGE('',*,*,#3685,.T.);
#3685 = EDGE_CURVE('',#3678,#3686,#3688,.T.);
#3686 = VERTEX_POINT('',#3687);
#3687 = CARTESIAN_POINT('',(1.36,-1.41,0.1));
#3688 = LINE('',#3689,#3690);
#3689 = CARTESIAN_POINT('',(1.36,-1.41,0.E+000));
#3690 = VECTOR('',#3691,1.);
#3691 = DIRECTION('',(0.E+000,0.E+000,1.));
#3692 = ORIENTED_EDGE('',*,*,#3693,.F.);
#3693 = EDGE_CURVE('',#3670,#3686,#3694,.T.);
#3694 = LINE('',#3695,#3696);
#3695 = CARTESIAN_POINT('',(1.36,-1.94,0.1));
#3696 = VECTOR('',#3697,1.);
#3697 = DIRECTION('',(0.E+000,1.,0.E+000));
#3698 = PLANE('',#3699);
#3699 = AXIS2_PLACEMENT_3D('',#3700,#3701,#3702);
#3700 = CARTESIAN_POINT('',(1.36,-1.94,0.E+000));
#3701 = DIRECTION('',(1.,0.E+000,0.E+000));
#3702 = DIRECTION('',(0.E+000,0.E+000,1.));
#3703 = ADVANCED_FACE('',(#3704),#3738,.T.);
#3704 = FACE_BOUND('',#3705,.T.);
#3705 = EDGE_LOOP('',(#3706,#3716,#3724,#3732));
#3706 = ORIENTED_EDGE('',*,*,#3707,.F.);
#3707 = EDGE_CURVE('',#3708,#3710,#3712,.T.);
#3708 = VERTEX_POINT('',#3709);
#3709 = CARTESIAN_POINT('',(1.64,-1.94,0.E+000));
#3710 = VERTEX_POINT('',#3711);
#3711 = CARTESIAN_POINT('',(1.64,-1.94,0.1));
#3712 = LINE('',#3713,#3714);
#3713 = CARTESIAN_POINT('',(1.64,-1.94,0.E+000));
#3714 = VECTOR('',#3715,1.);
#3715 = DIRECTION('',(0.E+000,0.E+000,1.));
#3716 = ORIENTED_EDGE('',*,*,#3717,.T.);
#3717 = EDGE_CURVE('',#3708,#3718,#3720,.T.);
#3718 = VERTEX_POINT('',#3719);
#3719 = CARTESIAN_POINT('',(1.64,-1.41,0.E+000));
#3720 = LINE('',#3721,#3722);
#3721 = CARTESIAN_POINT('',(1.64,-1.94,0.E+000));
#3722 = VECTOR('',#3723,1.);
#3723 = DIRECTION('',(0.E+000,1.,0.E+000));
#3724 = ORIENTED_EDGE('',*,*,#3725,.T.);
#3725 = EDGE_CURVE('',#3718,#3726,#3728,.T.);
#3726 = VERTEX_POINT('',#3727);
#3727 = CARTESIAN_POINT('',(1.64,-1.41,0.1));
#3728 = LINE('',#3729,#3730);
#3729 = CARTESIAN_POINT('',(1.64,-1.41,0.E+000));
#3730 = VECTOR('',#3731,1.);
#3731 = DIRECTION('',(0.E+000,0.E+000,1.));
#3732 = ORIENTED_EDGE('',*,*,#3733,.F.);
#3733 = EDGE_CURVE('',#3710,#3726,#3734,.T.);
#3734 = LINE('',#3735,#3736);
#3735 = CARTESIAN_POINT('',(1.64,-1.94,0.1));
#3736 = VECTOR('',#3737,1.);
#3737 = DIRECTION('',(0.E+000,1.,0.E+000));
#3738 = PLANE('',#3739);
#3739 = AXIS2_PLACEMENT_3D('',#3740,#3741,#3742);
#3740 = CARTESIAN_POINT('',(1.64,-1.94,0.E+000));
#3741 = DIRECTION('',(1.,0.E+000,0.E+000));
#3742 = DIRECTION('',(0.E+000,0.E+000,1.));
#3743 = ADVANCED_FACE('',(#3744),#3760,.F.);
#3744 = FACE_BOUND('',#3745,.F.);
#3745 = EDGE_LOOP('',(#3746,#3752,#3753,#3759));
#3746 = ORIENTED_EDGE('',*,*,#3747,.F.);
#3747 = EDGE_CURVE('',#3668,#3708,#3748,.T.);
#3748 = LINE('',#3749,#3750);
#3749 = CARTESIAN_POINT('',(1.36,-1.94,0.E+000));
#3750 = VECTOR('',#3751,1.);
#3751 = DIRECTION('',(1.,0.E+000,0.E+000));
#3752 = ORIENTED_EDGE('',*,*,#3667,.T.);
#3753 = ORIENTED_EDGE('',*,*,#3754,.T.);
#3754 = EDGE_CURVE('',#3670,#3710,#3755,.T.);
#3755 = LINE('',#3756,#3757);
#3756 = CARTESIAN_POINT('',(1.36,-1.94,0.1));
#3757 = VECTOR('',#3758,1.);
#3758 = DIRECTION('',(1.,0.E+000,0.E+000));
#3759 = ORIENTED_EDGE('',*,*,#3707,.F.);
#3760 = PLANE('',#3761);
#3761 = AXIS2_PLACEMENT_3D('',#3762,#3763,#3764);
#3762 = CARTESIAN_POINT('',(1.36,-1.94,0.E+000));
#3763 = DIRECTION('',(0.E+000,1.,0.E+000));
#3764 = DIRECTION('',(0.E+000,-0.E+000,1.));
#3765 = ADVANCED_FACE('',(#3766),#3782,.T.);
#3766 = FACE_BOUND('',#3767,.T.);
#3767 = EDGE_LOOP('',(#3768,#3774,#3775,#3781));
#3768 = ORIENTED_EDGE('',*,*,#3769,.F.);
#3769 = EDGE_CURVE('',#3678,#3718,#3770,.T.);
#3770 = LINE('',#3771,#3772);
#3771 = CARTESIAN_POINT('',(1.36,-1.41,0.E+000));
#3772 = VECTOR('',#3773,1.);
#3773 = DIRECTION('',(1.,0.E+000,0.E+000));
#3774 = ORIENTED_EDGE('',*,*,#3685,.T.);
#3775 = ORIENTED_EDGE('',*,*,#3776,.T.);
#3776 = EDGE_CURVE('',#3686,#3726,#3777,.T.);
#3777 = LINE('',#3778,#3779);
#3778 = CARTESIAN_POINT('',(1.36,-1.41,0.1));
#3779 = VECTOR('',#3780,1.);
#3780 = DIRECTION('',(1.,0.E+000,0.E+000));
#3781 = ORIENTED_EDGE('',*,*,#3725,.F.);
#3782 = PLANE('',#3783);
#3783 = AXIS2_PLACEMENT_3D('',#3784,#3785,#3786);
#3784 = CARTESIAN_POINT('',(1.36,-1.41,0.E+000));
#3785 = DIRECTION('',(0.E+000,1.,0.E+000));
#3786 = DIRECTION('',(0.E+000,-0.E+000,1.));
#3787 = ADVANCED_FACE('',(#3788),#3794,.F.);
#3788 = FACE_BOUND('',#3789,.F.);
#3789 = EDGE_LOOP('',(#3790,#3791,#3792,#3793));
#3790 = ORIENTED_EDGE('',*,*,#3677,.F.);
#3791 = ORIENTED_EDGE('',*,*,#3747,.T.);
#3792 = ORIENTED_EDGE('',*,*,#3717,.T.);
#3793 = ORIENTED_EDGE('',*,*,#3769,.F.);
#3794 = PLANE('',#3795);
#3795 = AXIS2_PLACEMENT_3D('',#3796,#3797,#3798);
#3796 = CARTESIAN_POINT('',(1.36,-1.94,0.E+000));
#3797 = DIRECTION('',(0.E+000,0.E+000,1.));
#3798 = DIRECTION('',(1.,0.E+000,-0.E+000));
#3799 = ADVANCED_FACE('',(#3800),#3806,.T.);
#3800 = FACE_BOUND('',#3801,.T.);
#3801 = EDGE_LOOP('',(#3802,#3803,#3804,#3805));
#3802 = ORIENTED_EDGE('',*,*,#3693,.F.);
#3803 = ORIENTED_EDGE('',*,*,#3754,.T.);
#3804 = ORIENTED_EDGE('',*,*,#3733,.T.);
#3805 = ORIENTED_EDGE('',*,*,#3776,.F.);
#3806 = PLANE('',#3807);
#3807 = AXIS2_PLACEMENT_3D('',#3808,#3809,#3810);
#3808 = CARTESIAN_POINT('',(1.36,-1.94,0.1));
#3809 = DIRECTION('',(0.E+000,0.E+000,1.));
#3810 = DIRECTION('',(1.,0.E+000,-0.E+000));
#3811 = MANIFOLD_SOLID_BREP('',#3812);
#3812 = CLOSED_SHELL('',(#3813,#3853,#3893,#3915,#3937,#3949));
#3813 = ADVANCED_FACE('',(#3814),#3848,.F.);
#3814 = FACE_BOUND('',#3815,.F.);
#3815 = EDGE_LOOP('',(#3816,#3826,#3834,#3842));
#3816 = ORIENTED_EDGE('',*,*,#3817,.F.);
#3817 = EDGE_CURVE('',#3818,#3820,#3822,.T.);
#3818 = VERTEX_POINT('',#3819);
#3819 = CARTESIAN_POINT('',(1.36,1.41,0.E+000));
#3820 = VERTEX_POINT('',#3821);
#3821 = CARTESIAN_POINT('',(1.36,1.41,0.1));
#3822 = LINE('',#3823,#3824);
#3823 = CARTESIAN_POINT('',(1.36,1.41,0.E+000));
#3824 = VECTOR('',#3825,1.);
#3825 = DIRECTION('',(0.E+000,0.E+000,1.));
#3826 = ORIENTED_EDGE('',*,*,#3827,.T.);
#3827 = EDGE_CURVE('',#3818,#3828,#3830,.T.);
#3828 = VERTEX_POINT('',#3829);
#3829 = CARTESIAN_POINT('',(1.36,1.94,0.E+000));
#3830 = LINE('',#3831,#3832);
#3831 = CARTESIAN_POINT('',(1.36,1.41,0.E+000));
#3832 = VECTOR('',#3833,1.);
#3833 = DIRECTION('',(0.E+000,1.,0.E+000));
#3834 = ORIENTED_EDGE('',*,*,#3835,.T.);
#3835 = EDGE_CURVE('',#3828,#3836,#3838,.T.);
#3836 = VERTEX_POINT('',#3837);
#3837 = CARTESIAN_POINT('',(1.36,1.94,0.1));
#3838 = LINE('',#3839,#3840);
#3839 = CARTESIAN_POINT('',(1.36,1.94,0.E+000));
#3840 = VECTOR('',#3841,1.);
#3841 = DIRECTION('',(0.E+000,0.E+000,1.));
#3842 = ORIENTED_EDGE('',*,*,#3843,.F.);
#3843 = EDGE_CURVE('',#3820,#3836,#3844,.T.);
#3844 = LINE('',#3845,#3846);
#3845 = CARTESIAN_POINT('',(1.36,1.41,0.1));
#3846 = VECTOR('',#3847,1.);
#3847 = DIRECTION('',(0.E+000,1.,0.E+000));
#3848 = PLANE('',#3849);
#3849 = AXIS2_PLACEMENT_3D('',#3850,#3851,#3852);
#3850 = CARTESIAN_POINT('',(1.36,1.41,0.E+000));
#3851 = DIRECTION('',(1.,0.E+000,0.E+000));
#3852 = DIRECTION('',(0.E+000,0.E+000,1.));
#3853 = ADVANCED_FACE('',(#3854),#3888,.T.);
#3854 = FACE_BOUND('',#3855,.T.);
#3855 = EDGE_LOOP('',(#3856,#3866,#3874,#3882));
#3856 = ORIENTED_EDGE('',*,*,#3857,.F.);
#3857 = EDGE_CURVE('',#3858,#3860,#3862,.T.);
#3858 = VERTEX_POINT('',#3859);
#3859 = CARTESIAN_POINT('',(1.64,1.41,0.E+000));
#3860 = VERTEX_POINT('',#3861);
#3861 = CARTESIAN_POINT('',(1.64,1.41,0.1));
#3862 = LINE('',#3863,#3864);
#3863 = CARTESIAN_POINT('',(1.64,1.41,0.E+000));
#3864 = VECTOR('',#3865,1.);
#3865 = DIRECTION('',(0.E+000,0.E+000,1.));
#3866 = ORIENTED_EDGE('',*,*,#3867,.T.);
#3867 = EDGE_CURVE('',#3858,#3868,#3870,.T.);
#3868 = VERTEX_POINT('',#3869);
#3869 = CARTESIAN_POINT('',(1.64,1.94,0.E+000));
#3870 = LINE('',#3871,#3872);
#3871 = CARTESIAN_POINT('',(1.64,1.41,0.E+000));
#3872 = VECTOR('',#3873,1.);
#3873 = DIRECTION('',(0.E+000,1.,0.E+000));
#3874 = ORIENTED_EDGE('',*,*,#3875,.T.);
#3875 = EDGE_CURVE('',#3868,#3876,#3878,.T.);
#3876 = VERTEX_POINT('',#3877);
#3877 = CARTESIAN_POINT('',(1.64,1.94,0.1));
#3878 = LINE('',#3879,#3880);
#3879 = CARTESIAN_POINT('',(1.64,1.94,0.E+000));
#3880 = VECTOR('',#3881,1.);
#3881 = DIRECTION('',(0.E+000,0.E+000,1.));
#3882 = ORIENTED_EDGE('',*,*,#3883,.F.);
#3883 = EDGE_CURVE('',#3860,#3876,#3884,.T.);
#3884 = LINE('',#3885,#3886);
#3885 = CARTESIAN_POINT('',(1.64,1.41,0.1));
#3886 = VECTOR('',#3887,1.);
#3887 = DIRECTION('',(0.E+000,1.,0.E+000));
#3888 = PLANE('',#3889);
#3889 = AXIS2_PLACEMENT_3D('',#3890,#3891,#3892);
#3890 = CARTESIAN_POINT('',(1.64,1.41,0.E+000));
#3891 = DIRECTION('',(1.,0.E+000,0.E+000));
#3892 = DIRECTION('',(0.E+000,0.E+000,1.));
#3893 = ADVANCED_FACE('',(#3894),#3910,.F.);
#3894 = FACE_BOUND('',#3895,.F.);
#3895 = EDGE_LOOP('',(#3896,#3902,#3903,#3909));
#3896 = ORIENTED_EDGE('',*,*,#3897,.F.);
#3897 = EDGE_CURVE('',#3818,#3858,#3898,.T.);
#3898 = LINE('',#3899,#3900);
#3899 = CARTESIAN_POINT('',(1.36,1.41,0.E+000));
#3900 = VECTOR('',#3901,1.);
#3901 = DIRECTION('',(1.,0.E+000,0.E+000));
#3902 = ORIENTED_EDGE('',*,*,#3817,.T.);
#3903 = ORIENTED_EDGE('',*,*,#3904,.T.);
#3904 = EDGE_CURVE('',#3820,#3860,#3905,.T.);
#3905 = LINE('',#3906,#3907);
#3906 = CARTESIAN_POINT('',(1.36,1.41,0.1));
#3907 = VECTOR('',#3908,1.);
#3908 = DIRECTION('',(1.,0.E+000,0.E+000));
#3909 = ORIENTED_EDGE('',*,*,#3857,.F.);
#3910 = PLANE('',#3911);
#3911 = AXIS2_PLACEMENT_3D('',#3912,#3913,#3914);
#3912 = CARTESIAN_POINT('',(1.36,1.41,0.E+000));
#3913 = DIRECTION('',(0.E+000,1.,0.E+000));
#3914 = DIRECTION('',(0.E+000,-0.E+000,1.));
#3915 = ADVANCED_FACE('',(#3916),#3932,.T.);
#3916 = FACE_BOUND('',#3917,.T.);
#3917 = EDGE_LOOP('',(#3918,#3924,#3925,#3931));
#3918 = ORIENTED_EDGE('',*,*,#3919,.F.);
#3919 = EDGE_CURVE('',#3828,#3868,#3920,.T.);
#3920 = LINE('',#3921,#3922);
#3921 = CARTESIAN_POINT('',(1.36,1.94,0.E+000));
#3922 = VECTOR('',#3923,1.);
#3923 = DIRECTION('',(1.,0.E+000,0.E+000));
#3924 = ORIENTED_EDGE('',*,*,#3835,.T.);
#3925 = ORIENTED_EDGE('',*,*,#3926,.T.);
#3926 = EDGE_CURVE('',#3836,#3876,#3927,.T.);
#3927 = LINE('',#3928,#3929);
#3928 = CARTESIAN_POINT('',(1.36,1.94,0.1));
#3929 = VECTOR('',#3930,1.);
#3930 = DIRECTION('',(1.,0.E+000,0.E+000));
#3931 = ORIENTED_EDGE('',*,*,#3875,.F.);
#3932 = PLANE('',#3933);
#3933 = AXIS2_PLACEMENT_3D('',#3934,#3935,#3936);
#3934 = CARTESIAN_POINT('',(1.36,1.94,0.E+000));
#3935 = DIRECTION('',(0.E+000,1.,0.E+000));
#3936 = DIRECTION('',(0.E+000,-0.E+000,1.));
#3937 = ADVANCED_FACE('',(#3938),#3944,.F.);
#3938 = FACE_BOUND('',#3939,.F.);
#3939 = EDGE_LOOP('',(#3940,#3941,#3942,#3943));
#3940 = ORIENTED_EDGE('',*,*,#3827,.F.);
#3941 = ORIENTED_EDGE('',*,*,#3897,.T.);
#3942 = ORIENTED_EDGE('',*,*,#3867,.T.);
#3943 = ORIENTED_EDGE('',*,*,#3919,.F.);
#3944 = PLANE('',#3945);
#3945 = AXIS2_PLACEMENT_3D('',#3946,#3947,#3948);
#3946 = CARTESIAN_POINT('',(1.36,1.41,0.E+000));
#3947 = DIRECTION('',(0.E+000,0.E+000,1.));
#3948 = DIRECTION('',(1.,0.E+000,-0.E+000));
#3949 = ADVANCED_FACE('',(#3950),#3956,.T.);
#3950 = FACE_BOUND('',#3951,.T.);
#3951 = EDGE_LOOP('',(#3952,#3953,#3954,#3955));
#3952 = ORIENTED_EDGE('',*,*,#3843,.F.);
#3953 = ORIENTED_EDGE('',*,*,#3904,.T.);
#3954 = ORIENTED_EDGE('',*,*,#3883,.T.);
#3955 = ORIENTED_EDGE('',*,*,#3926,.F.);
#3956 = PLANE('',#3957);
#3957 = AXIS2_PLACEMENT_3D('',#3958,#3959,#3960);
#3958 = CARTESIAN_POINT('',(1.36,1.41,0.1));
#3959 = DIRECTION('',(0.E+000,0.E+000,1.));
#3960 = DIRECTION('',(1.,0.E+000,-0.E+000));
#3961 = MANIFOLD_SOLID_BREP('',#3962);
#3962 = CLOSED_SHELL('',(#3963,#4003,#4043,#4065,#4087,#4099));
#3963 = ADVANCED_FACE('',(#3964),#3998,.F.);
#3964 = FACE_BOUND('',#3965,.F.);
#3965 = EDGE_LOOP('',(#3966,#3976,#3984,#3992));
#3966 = ORIENTED_EDGE('',*,*,#3967,.F.);
#3967 = EDGE_CURVE('',#3968,#3970,#3972,.T.);
#3968 = VERTEX_POINT('',#3969);
#3969 = CARTESIAN_POINT('',(-1.64,1.41,0.E+000));
#3970 = VERTEX_POINT('',#3971);
#3971 = CARTESIAN_POINT('',(-1.64,1.41,0.1));
#3972 = LINE('',#3973,#3974);
#3973 = CARTESIAN_POINT('',(-1.64,1.41,0.E+000));
#3974 = VECTOR('',#3975,1.);
#3975 = DIRECTION('',(0.E+000,0.E+000,1.));
#3976 = ORIENTED_EDGE('',*,*,#3977,.T.);
#3977 = EDGE_CURVE('',#3968,#3978,#3980,.T.);
#3978 = VERTEX_POINT('',#3979);
#3979 = CARTESIAN_POINT('',(-1.64,1.94,0.E+000));
#3980 = LINE('',#3981,#3982);
#3981 = CARTESIAN_POINT('',(-1.64,1.41,0.E+000));
#3982 = VECTOR('',#3983,1.);
#3983 = DIRECTION('',(0.E+000,1.,0.E+000));
#3984 = ORIENTED_EDGE('',*,*,#3985,.T.);
#3985 = EDGE_CURVE('',#3978,#3986,#3988,.T.);
#3986 = VERTEX_POINT('',#3987);
#3987 = CARTESIAN_POINT('',(-1.64,1.94,0.1));
#3988 = LINE('',#3989,#3990);
#3989 = CARTESIAN_POINT('',(-1.64,1.94,0.E+000));
#3990 = VECTOR('',#3991,1.);
#3991 = DIRECTION('',(0.E+000,0.E+000,1.));
#3992 = ORIENTED_EDGE('',*,*,#3993,.F.);
#3993 = EDGE_CURVE('',#3970,#3986,#3994,.T.);
#3994 = LINE('',#3995,#3996);
#3995 = CARTESIAN_POINT('',(-1.64,1.41,0.1));
#3996 = VECTOR('',#3997,1.);
#3997 = DIRECTION('',(0.E+000,1.,0.E+000));
#3998 = PLANE('',#3999);
#3999 = AXIS2_PLACEMENT_3D('',#4000,#4001,#4002);
#4000 = CARTESIAN_POINT('',(-1.64,1.41,0.E+000));
#4001 = DIRECTION('',(1.,0.E+000,0.E+000));
#4002 = DIRECTION('',(0.E+000,0.E+000,1.));
#4003 = ADVANCED_FACE('',(#4004),#4038,.T.);
#4004 = FACE_BOUND('',#4005,.T.);
#4005 = EDGE_LOOP('',(#4006,#4016,#4024,#4032));
#4006 = ORIENTED_EDGE('',*,*,#4007,.F.);
#4007 = EDGE_CURVE('',#4008,#4010,#4012,.T.);
#4008 = VERTEX_POINT('',#4009);
#4009 = CARTESIAN_POINT('',(-1.36,1.41,0.E+000));
#4010 = VERTEX_POINT('',#4011);
#4011 = CARTESIAN_POINT('',(-1.36,1.41,0.1));
#4012 = LINE('',#4013,#4014);
#4013 = CARTESIAN_POINT('',(-1.36,1.41,0.E+000));
#4014 = VECTOR('',#4015,1.);
#4015 = DIRECTION('',(0.E+000,0.E+000,1.));
#4016 = ORIENTED_EDGE('',*,*,#4017,.T.);
#4017 = EDGE_CURVE('',#4008,#4018,#4020,.T.);
#4018 = VERTEX_POINT('',#4019);
#4019 = CARTESIAN_POINT('',(-1.36,1.94,0.E+000));
#4020 = LINE('',#4021,#4022);
#4021 = CARTESIAN_POINT('',(-1.36,1.41,0.E+000));
#4022 = VECTOR('',#4023,1.);
#4023 = DIRECTION('',(0.E+000,1.,0.E+000));
#4024 = ORIENTED_EDGE('',*,*,#4025,.T.);
#4025 = EDGE_CURVE('',#4018,#4026,#4028,.T.);
#4026 = VERTEX_POINT('',#4027);
#4027 = CARTESIAN_POINT('',(-1.36,1.94,0.1));
#4028 = LINE('',#4029,#4030);
#4029 = CARTESIAN_POINT('',(-1.36,1.94,0.E+000));
#4030 = VECTOR('',#4031,1.);
#4031 = DIRECTION('',(0.E+000,0.E+000,1.));
#4032 = ORIENTED_EDGE('',*,*,#4033,.F.);
#4033 = EDGE_CURVE('',#4010,#4026,#4034,.T.);
#4034 = LINE('',#4035,#4036);
#4035 = CARTESIAN_POINT('',(-1.36,1.41,0.1));
#4036 = VECTOR('',#4037,1.);
#4037 = DIRECTION('',(0.E+000,1.,0.E+000));
#4038 = PLANE('',#4039);
#4039 = AXIS2_PLACEMENT_3D('',#4040,#4041,#4042);
#4040 = CARTESIAN_POINT('',(-1.36,1.41,0.E+000));
#4041 = DIRECTION('',(1.,0.E+000,0.E+000));
#4042 = DIRECTION('',(0.E+000,0.E+000,1.));
#4043 = ADVANCED_FACE('',(#4044),#4060,.F.);
#4044 = FACE_BOUND('',#4045,.F.);
#4045 = EDGE_LOOP('',(#4046,#4052,#4053,#4059));
#4046 = ORIENTED_EDGE('',*,*,#4047,.F.);
#4047 = EDGE_CURVE('',#3968,#4008,#4048,.T.);
#4048 = LINE('',#4049,#4050);
#4049 = CARTESIAN_POINT('',(-1.64,1.41,0.E+000));
#4050 = VECTOR('',#4051,1.);
#4051 = DIRECTION('',(1.,0.E+000,0.E+000));
#4052 = ORIENTED_EDGE('',*,*,#3967,.T.);
#4053 = ORIENTED_EDGE('',*,*,#4054,.T.);
#4054 = EDGE_CURVE('',#3970,#4010,#4055,.T.);
#4055 = LINE('',#4056,#4057);
#4056 = CARTESIAN_POINT('',(-1.64,1.41,0.1));
#4057 = VECTOR('',#4058,1.);
#4058 = DIRECTION('',(1.,0.E+000,0.E+000));
#4059 = ORIENTED_EDGE('',*,*,#4007,.F.);
#4060 = PLANE('',#4061);
#4061 = AXIS2_PLACEMENT_3D('',#4062,#4063,#4064);
#4062 = CARTESIAN_POINT('',(-1.64,1.41,0.E+000));
#4063 = DIRECTION('',(0.E+000,1.,0.E+000));
#4064 = DIRECTION('',(0.E+000,-0.E+000,1.));
#4065 = ADVANCED_FACE('',(#4066),#4082,.T.);
#4066 = FACE_BOUND('',#4067,.T.);
#4067 = EDGE_LOOP('',(#4068,#4074,#4075,#4081));
#4068 = ORIENTED_EDGE('',*,*,#4069,.F.);
#4069 = EDGE_CURVE('',#3978,#4018,#4070,.T.);
#4070 = LINE('',#4071,#4072);
#4071 = CARTESIAN_POINT('',(-1.64,1.94,0.E+000));
#4072 = VECTOR('',#4073,1.);
#4073 = DIRECTION('',(1.,0.E+000,0.E+000));
#4074 = ORIENTED_EDGE('',*,*,#3985,.T.);
#4075 = ORIENTED_EDGE('',*,*,#4076,.T.);
#4076 = EDGE_CURVE('',#3986,#4026,#4077,.T.);
#4077 = LINE('',#4078,#4079);
#4078 = CARTESIAN_POINT('',(-1.64,1.94,0.1));
#4079 = VECTOR('',#4080,1.);
#4080 = DIRECTION('',(1.,0.E+000,0.E+000));
#4081 = ORIENTED_EDGE('',*,*,#4025,.F.);
#4082 = PLANE('',#4083);
#4083 = AXIS2_PLACEMENT_3D('',#4084,#4085,#4086);
#4084 = CARTESIAN_POINT('',(-1.64,1.94,0.E+000));
#4085 = DIRECTION('',(0.E+000,1.,0.E+000));
#4086 = DIRECTION('',(0.E+000,-0.E+000,1.));
#4087 = ADVANCED_FACE('',(#4088),#4094,.F.);
#4088 = FACE_BOUND('',#4089,.F.);
#4089 = EDGE_LOOP('',(#4090,#4091,#4092,#4093));
#4090 = ORIENTED_EDGE('',*,*,#3977,.F.);
#4091 = ORIENTED_EDGE('',*,*,#4047,.T.);
#4092 = ORIENTED_EDGE('',*,*,#4017,.T.);
#4093 = ORIENTED_EDGE('',*,*,#4069,.F.);
#4094 = PLANE('',#4095);
#4095 = AXIS2_PLACEMENT_3D('',#4096,#4097,#4098);
#4096 = CARTESIAN_POINT('',(-1.64,1.41,0.E+000));
#4097 = DIRECTION('',(0.E+000,0.E+000,1.));
#4098 = DIRECTION('',(1.,0.E+000,-0.E+000));
#4099 = ADVANCED_FACE('',(#4100),#4106,.T.);
#4100 = FACE_BOUND('',#4101,.T.);
#4101 = EDGE_LOOP('',(#4102,#4103,#4104,#4105));
#4102 = ORIENTED_EDGE('',*,*,#3993,.F.);
#4103 = ORIENTED_EDGE('',*,*,#4054,.T.);
#4104 = ORIENTED_EDGE('',*,*,#4033,.T.);
#4105 = ORIENTED_EDGE('',*,*,#4076,.F.);
#4106 = PLANE('',#4107);
#4107 = AXIS2_PLACEMENT_3D('',#4108,#4109,#4110);
#4108 = CARTESIAN_POINT('',(-1.64,1.41,0.1));
#4109 = DIRECTION('',(0.E+000,0.E+000,1.));
#4110 = DIRECTION('',(1.,0.E+000,-0.E+000));
#4111 = ( GEOMETRIC_REPRESENTATION_CONTEXT(3) 
GLOBAL_UNCERTAINTY_ASSIGNED_CONTEXT((#4115)) 
GLOBAL_UNIT_ASSIGNED_CONTEXT((#4112,#4113,#4114)) REPRESENTATION_CONTEXT
('Context #1','3D Context with UNIT and UNCERTAINTY') );
#4112 = ( LENGTH_UNIT() NAMED_UNIT(*) SI_UNIT(.MILLI.,.METRE.) );
#4113 = ( NAMED_UNIT(*) PLANE_ANGLE_UNIT() SI_UNIT($,.RADIAN.) );
#4114 = ( NAMED_UNIT(*) SI_UNIT($,.STERADIAN.) SOLID_ANGLE_UNIT() );
#4115 = UNCERTAINTY_MEASURE_WITH_UNIT(LENGTH_MEASURE(1.E-007),#4112,
  'distance_accuracy_value','confusion accuracy');
#4116 = SHAPE_DEFINITION_REPRESENTATION(#4117,#3510);
#4117 = PRODUCT_DEFINITION_SHAPE('','',#4118);
#4118 = PRODUCT_DEFINITION('design','',#4119,#4122);
#4119 = PRODUCT_DEFINITION_FORMATION('','',#4120);
#4120 = PRODUCT('Pins','Pins','',(#4121));
#4121 = PRODUCT_CONTEXT('',#2,'mechanical');
#4122 = PRODUCT_DEFINITION_CONTEXT('part definition',#2,'design');
#4123 = CONTEXT_DEPENDENT_SHAPE_REPRESENTATION(#4124,#4126);
#4124 = ( REPRESENTATION_RELATIONSHIP('','',#3510,#3327) 
REPRESENTATION_RELATIONSHIP_WITH_TRANSFORMATION(#4125) 
SHAPE_REPRESENTATION_RELATIONSHIP() );
#4125 = ITEM_DEFINED_TRANSFORMATION('','',#11,#3332);
#4126 = PRODUCT_DEFINITION_SHAPE('Placement','Placement of an item',
  #4127);
#4127 = NEXT_ASSEMBLY_USAGE_OCCURRENCE('8','=>[0:1:1:3]','',#3322,#4118,
  $);
#4128 = PRODUCT_RELATED_PRODUCT_CATEGORY('part',$,(#4120));
#4129 = CONTEXT_DEPENDENT_SHAPE_REPRESENTATION(#4130,#4132);
#4130 = ( REPRESENTATION_RELATIONSHIP('','',#3327,#3310) 
REPRESENTATION_RELATIONSHIP_WITH_TRANSFORMATION(#4131) 
SHAPE_REPRESENTATION_RELATIONSHIP() );
#4131 = ITEM_DEFINED_TRANSFORMATION('','',#11,#3311);
#4132 = PRODUCT_DEFINITION_SHAPE('Placement','Placement of an item',
  #4133);
#4133 = NEXT_ASSEMBLY_USAGE_OCCURRENCE('9','','',#3305,#3322,$);
#4134 = PRODUCT_RELATED_PRODUCT_CATEGORY('part',$,(#3324));
#4135 = CONTEXT_DEPENDENT_SHAPE_REPRESENTATION(#4136,#4138);
#4136 = ( REPRESENTATION_RELATIONSHIP('','',#3310,#10) 
REPRESENTATION_RELATIONSHIP_WITH_TRANSFORMATION(#4137) 
SHAPE_REPRESENTATION_RELATIONSHIP() );
#4137 = ITEM_DEFINED_TRANSFORMATION('','',#11,#23);
#4138 = PRODUCT_DEFINITION_SHAPE('Placement','Placement of an item',
  #4139);
#4139 = NEXT_ASSEMBLY_USAGE_OCCURRENCE('10','','',#5,#3305,$);
#4140 = PRODUCT_RELATED_PRODUCT_CATEGORY('part',$,(#3307));
#4141 = MECHANICAL_DESIGN_GEOMETRIC_PRESENTATION_REPRESENTATION('',(
    #4142),#3273);
#4142 = STYLED_ITEM('color',(#4143),#3123);
#4143 = PRESENTATION_STYLE_ASSIGNMENT((#4144));
#4144 = SURFACE_STYLE_USAGE(.BOTH.,#4145);
#4145 = SURFACE_SIDE_STYLE('',(#4146));
#4146 = SURFACE_STYLE_FILL_AREA(#4147);
#4147 = FILL_AREA_STYLE('',(#4148));
#4148 = FILL_AREA_STYLE_COLOUR('',#4149);
#4149 = COLOUR_RGB('',0.5,0.5,0.5);
#4150 = MECHANICAL_DESIGN_GEOMETRIC_PRESENTATION_REPRESENTATION('',(
    #4151),#333);
#4151 = STYLED_ITEM('color',(#4152),#51);
#4152 = PRESENTATION_STYLE_ASSIGNMENT((#4153,#4159));
#4153 = SURFACE_STYLE_USAGE(.BOTH.,#4154);
#4154 = SURFACE_SIDE_STYLE('',(#4155));
#4155 = SURFACE_STYLE_FILL_AREA(#4156);
#4156 = FILL_AREA_STYLE('',(#4157));
#4157 = FILL_AREA_STYLE_COLOUR('',#4158);
#4158 = COLOUR_RGB('',0.141176477075,0.470588237047,0.196078434587);
#4159 = CURVE_STYLE('',#4160,POSITIVE_LENGTH_MEASURE(0.1),#4158);
#4160 = DRAUGHTING_PRE_DEFINED_CURVE_FONT('continuous');
#4161 = MECHANICAL_DESIGN_GEOMETRIC_PRESENTATION_REPRESENTATION('',(
    #4162),#3104);
#4162 = STYLED_ITEM('color',(#4163),#396);
#4163 = PRESENTATION_STYLE_ASSIGNMENT((#4164));
#4164 = SURFACE_STYLE_USAGE(.BOTH.,#4165);
#4165 = SURFACE_SIDE_STYLE('',(#4166));
#4166 = SURFACE_STYLE_FILL_AREA(#4167);
#4167 = FILL_AREA_STYLE('',(#4168));
#4168 = FILL_AREA_STYLE_COLOUR('',#4169);
#4169 = DRAUGHTING_PRE_DEFINED_COLOUR('yellow');
#4170 = MECHANICAL_DESIGN_GEOMETRIC_PRESENTATION_REPRESENTATION('',(
    #4171),#3492);
#4171 = STYLED_ITEM('color',(#4172),#3342);
#4172 = PRESENTATION_STYLE_ASSIGNMENT((#4173,#4179));
#4173 = SURFACE_STYLE_USAGE(.BOTH.,#4174);
#4174 = SURFACE_SIDE_STYLE('',(#4175));
#4175 = SURFACE_STYLE_FILL_AREA(#4176);
#4176 = FILL_AREA_STYLE('',(#4177));
#4177 = FILL_AREA_STYLE_COLOUR('',#4178);
#4178 = COLOUR_RGB('',0.300000011921,0.300000011921,0.300000011921);
#4179 = CURVE_STYLE('',#4180,POSITIVE_LENGTH_MEASURE(0.1),#4178);
#4180 = DRAUGHTING_PRE_DEFINED_CURVE_FONT('continuous');
#4181 = MECHANICAL_DESIGN_GEOMETRIC_PRESENTATION_REPRESENTATION('',(
    #4182,#4192,#4201,#4210),#4111);
#4182 = STYLED_ITEM('color',(#4183),#3511);
#4183 = PRESENTATION_STYLE_ASSIGNMENT((#4184,#4190));
#4184 = SURFACE_STYLE_USAGE(.BOTH.,#4185);
#4185 = SURFACE_SIDE_STYLE('',(#4186));
#4186 = SURFACE_STYLE_FILL_AREA(#4187);
#4187 = FILL_AREA_STYLE('',(#4188));
#4188 = FILL_AREA_STYLE_COLOUR('',#4189);
#4189 = COLOUR_RGB('',0.73400002718,0.773000001907,0.79699999094);
#4190 = CURVE_STYLE('',#4191,POSITIVE_LENGTH_MEASURE(0.1),#4189);
#4191 = DRAUGHTING_PRE_DEFINED_CURVE_FONT('continuous');
#4192 = STYLED_ITEM('color',(#4193),#3661);
#4193 = PRESENTATION_STYLE_ASSIGNMENT((#4194,#4199));
#4194 = SURFACE_STYLE_USAGE(.BOTH.,#4195);
#4195 = SURFACE_SIDE_STYLE('',(#4196));
#4196 = SURFACE_STYLE_FILL_AREA(#4197);
#4197 = FILL_AREA_STYLE('',(#4198));
#4198 = FILL_AREA_STYLE_COLOUR('',#4189);
#4199 = CURVE_STYLE('',#4200,POSITIVE_LENGTH_MEASURE(0.1),#4189);
#4200 = DRAUGHTING_PRE_DEFINED_CURVE_FONT('continuous');
#4201 = STYLED_ITEM('color',(#4202),#3811);
#4202 = PRESENTATION_STYLE_ASSIGNMENT((#4203,#4208));
#4203 = SURFACE_STYLE_USAGE(.BOTH.,#4204);
#4204 = SURFACE_SIDE_STYLE('',(#4205));
#4205 = SURFACE_STYLE_FILL_AREA(#4206);
#4206 = FILL_AREA_STYLE('',(#4207));
#4207 = FILL_AREA_STYLE_COLOUR('',#4189);
#4208 = CURVE_STYLE('',#4209,POSITIVE_LENGTH_MEASURE(0.1),#4189);
#4209 = DRAUGHTING_PRE_DEFINED_CURVE_FONT('continuous');
#4210 = STYLED_ITEM('color',(#4211),#3961);
#4211 = PRESENTATION_STYLE_ASSIGNMENT((#4212,#4217));
#4212 = SURFACE_STYLE_USAGE(.BOTH.,#4213);
#4213 = SURFACE_SIDE_STYLE('',(#4214));
#4214 = SURFACE_STYLE_FILL_AREA(#4215);
#4215 = FILL_AREA_STYLE('',(#4216));
#4216 = FILL_AREA_STYLE_COLOUR('',#4189);
#4217 = CURVE_STYLE('',#4218,POSITIVE_LENGTH_MEASURE(0.1),#4189);
#4218 = DRAUGHTING_PRE_DEFINED_CURVE_FONT('continuous');
ENDSEC;
END-ISO-10303-21;
