  0
SECTION
  2
HEADER
  9
$ACADVER
  1
AC1032
  9
$ACADMAINTVER
 90
      378
  9
$DWGCODEPAGE
  3
ANSI_1252
  9
$REQUIREDVERSIONS
160
                 0
  9
$INSBASE
 10
0.0
 20
0.0
 30
0.0
  9
$EXTMIN
 10
0.0
 20
0.0
 30
0.0
  9
$EXTMAX
 10
93.14855883634818
 20
110.2278177704322
 30
0.0
  9
$LIMMIN
 10
0.0
 20
0.0
  9
$LIMMAX
 10
93.14855883634818
 20
110.2278177704322
  9
$ORTHOMODE
 70
     0
  9
$REGENMODE
 70
     1
  9
$FILLMODE
 70
     1
  9
$QTEXTMODE
 70
     0
  9
$MIRRTEXT
 70
     0
  9
$LTSCALE
 40
1.0
  9
$ATTMODE
 70
     1
  9
$TEXTSIZE
 40
0.2
  9
$TRACEWID
 40
0.05
  9
$TEXTSTYLE
  7
Standard
  9
$CLAYER
  8
0
  9
$CELTYPE
  6
ByLayer
  9
$CECOLOR
 62
   256
  9
$CELTSCALE
 40
1.0
  9
$DISPSILH
 70
     0
  9
$DIMSCALE
 40
1.0
  9
$DIMASZ
 40
0.18
  9
$DIMEXO
 40
0.0625
  9
$DIMDLI
 40
0.38
  9
$DIMRND
 40
0.0
  9
$DIMDLE
 40
0.0
  9
$DIMEXE
 40
0.18
  9
$DIMTP
 40
0.0
  9
$DIMTM
 40
0.0
  9
$DIMTXT
 40
0.18
  9
$DIMCEN
 40
0.09
  9
$DIMTSZ
 40
0.0
  9
$DIMTOL
 70
     0
  9
$DIMLIM
 70
     0
  9
$DIMTIH
 70
     1
  9
$DIMTOH
 70
     1
  9
$DIMSE1
 70
     0
  9
$DIMSE2
 70
     0
  9
$DIMTAD
 70
     0
  9
$DIMZIN
 70
     0
  9
$DIMBLK
  1

  9
$DIMASO
 70
     1
  9
$DIMSHO
 70
     1
  9
$DIMPOST
  1

  9
$DIMAPOST
  1

  9
$DIMALT
 70
     0
  9
$DIMALTD
 70
     2
  9
$DIMALTF
 40
25.4
  9
$DIMLFAC
 40
1.0
  9
$DIMTOFL
 70
     0
  9
$DIMTVP
 40
0.0
  9
$DIMTIX
 70
     0
  9
$DIMSOXD
 70
     0
  9
$DIMSAH
 70
     0
  9
$DIMBLK1
  1

  9
$DIMBLK2
  1

  9
$DIMSTYLE
  2
Standard
  9
$DIMCLRD
 70
     0
  9
$DIMCLRE
 70
     0
  9
$DIMCLRT
 70
     0
  9
$DIMTFAC
 40
1.0
  9
$DIMGAP
 40
0.09
  9
$DIMJUST
 70
     0
  9
$DIMSD1
 70
     0
  9
$DIMSD2
 70
     0
  9
$DIMTOLJ
 70
     1
  9
$DIMTZIN
 70
     0
  9
$DIMALTZ
 70
     0
  9
$DIMALTTZ
 70
     0
  9
$DIMUPT
 70
     0
  9
$DIMDEC
 70
     4
  9
$DIMTDEC
 70
     4
  9
$DIMALTU
 70
     2
  9
$DIMALTTD
 70
     2
  9
$DIMTXSTY
  7
Standard
  9
$DIMAUNIT
 70
     0
  9
$DIMADEC
 70
     0
  9
$DIMALTRND
 40
0.0
  9
$DIMAZIN
 70
     0
  9
$DIMDSEP
 70
    46
  9
$DIMATFIT
 70
     3
  9
$DIMFRAC
 70
     0
  9
$DIMLDRBLK
  1

  9
$DIMLUNIT
 70
     2
  9
$DIMLWD
 70
    -2
  9
$DIMLWE
 70
    -2
  9
$DIMTMOVE
 70
     0
  9
$DIMFXL
 40
1.0
  9
$DIMFXLON
 70
     0
  9
$DIMJOGANG
 40
0.7853981633974483
  9
$DIMTFILL
 70
     0
  9
$DIMTFILLCLR
 70
     0
  9
$DIMARCSYM
 70
     0
  9
$DIMLTYPE
  6

  9
$DIMLTEX1
  6

  9
$DIMLTEX2
  6

  9
$DIMTXTDIRECTION
 70
     0
  9
$LUNITS
 70
     2
  9
$LUPREC
 70
     4
  9
$SKETCHINC
 40
0.1
  9
$FILLETRAD
 40
0.0
  9
$AUNITS
 70
     0
  9
$AUPREC
 70
     0
  9
$MENU
  1
.
  9
$ELEVATION
 40
0.0
  9
$PELEVATION
 40
0.0
  9
$THICKNESS
 40
0.0
  9
$LIMCHECK
 70
     0
  9
$CHAMFERA
 40
0.0
  9
$CHAMFERB
 40
0.0
  9
$CHAMFERC
 40
0.0
  9
$CHAMFERD
 40
0.0
  9
$SKPOLY
 70
     0
  9
$TDCREATE
 40
2461209.744409722
  9
$TDUCREATE
 40
2461209.661076389
  9
$TDUPDATE
 40
2461209.744409722
  9
$TDUUPDATE
 40
2461209.661076389
  9
$TDINDWG
 40
0.0000000000
  9
$TDUSRTIMER
 40
0.0000000000
  9
$USRTIMER
 70
     1
  9
$ANGBASE
 50
0.0
  9
$ANGDIR
 70
     0
  9
$PDMODE
 70
     0
  9
$PDSIZE
 40
0.0
  9
$PLINEWID
 40
0.0
  9
$SPLFRAME
 70
     0
  9
$SPLINETYPE
 70
     6
  9
$SPLINESEGS
 70
     8
  9
$HANDSEED
  5
78E
  9
$SURFTAB1
 70
     6
  9
$SURFTAB2
 70
     6
  9
$SURFTYPE
 70
     6
  9
$SURFU
 70
     6
  9
$SURFV
 70
     6
  9
$UCSBASE
  2

  9
$UCSNAME
  2

  9
$UCSORG
 10
0.0
 20
0.0
 30
0.0
  9
$UCSXDIR
 10
1.0
 20
0.0
 30
0.0
  9
$UCSYDIR
 10
0.0
 20
1.0
 30
0.0
  9
$UCSORTHOREF
  2

  9
$UCSORTHOVIEW
 70
     0
  9
$UCSORGTOP
 10
0.0
 20
0.0
 30
0.0
  9
$UCSORGBOTTOM
 10
0.0
 20
0.0
 30
0.0
  9
$UCSORGLEFT
 10
0.0
 20
0.0
 30
0.0
  9
$UCSORGRIGHT
 10
0.0
 20
0.0
 30
0.0
  9
$UCSORGFRONT
 10
0.0
 20
0.0
 30
0.0
  9
$UCSORGBACK
 10
0.0
 20
0.0
 30
0.0
  9
$PUCSBASE
  2

  9
$PUCSNAME
  2

  9
$PUCSORG
 10
0.0
 20
0.0
 30
0.0
  9
$PUCSXDIR
 10
1.0
 20
0.0
 30
0.0
  9
$PUCSYDIR
 10
0.0
 20
1.0
 30
0.0
  9
$PUCSORTHOREF
  2

  9
$PUCSORTHOVIEW
 70
     0
  9
$PUCSORGTOP
 10
0.0
 20
0.0
 30
0.0
  9
$PUCSORGBOTTOM
 10
0.0
 20
0.0
 30
0.0
  9
$PUCSORGLEFT
 10
0.0
 20
0.0
 30
0.0
  9
$PUCSORGRIGHT
 10
0.0
 20
0.0
 30
0.0
  9
$PUCSORGFRONT
 10
0.0
 20
0.0
 30
0.0
  9
$PUCSORGBACK
 10
0.0
 20
0.0
 30
0.0
  9
$USERI1
 70
     0
  9
$USERI2
 70
     0
  9
$USERI3
 70
     0
  9
$USERI4
 70
     0
  9
$USERI5
 70
     0
  9
$USERR1
 40
0.0
  9
$USERR2
 40
0.0
  9
$USERR3
 40
0.0
  9
$USERR4
 40
0.0
  9
$USERR5
 40
0.0
  9
$WORLDVIEW
 70
     1
  9
$SHADEDGE
 70
     3
  9
$SHADEDIF
 70
    70
  9
$TILEMODE
 70
     1
  9
$MAXACTVP
 70
    64
  9
$PINSBASE
 10
0.0
 20
0.0
 30
0.0
  9
$PLIMCHECK
 70
     0
  9
$PEXTMIN
 10
0.0
 20
0.0
 30
0.0
  9
$PEXTMAX
 10
93.14855883634818
 20
110.2278177704322
 30
0.0
  9
$PLIMMIN
 10
0.0
 20
0.0
  9
$PLIMMAX
 10
93.14855883634818
 20
110.2278177704322
  9
$UNITMODE
 70
     0
  9
$VISRETAIN
 70
     1
  9
$PLINEGEN
 70
     0
  9
$PSLTSCALE
 70
     1
  9
$TREEDEPTH
 70
  3020
  9
$CMLSTYLE
  2
Standard
  9
$CMLJUST
 70
     0
  9
$CMLSCALE
 40
1.0
  9
$PROXYGRAPHICS
 70
     1
  9
$MEASUREMENT
 70
     1
  9
$CELWEIGHT
370
    -1
  9
$ENDCAPS
280
     0
  9
$JOINSTYLE
280
     0
  9
$LWDISPLAY
290
     0
  9
$INSUNITS
 70
     4
  9
$HYPERLINKBASE
  1

  9
$STYLESHEET
  1

  9
$XEDIT
290
     1
  9
$CEPSNTYPE
380
     0
  9
$PSTYLEMODE
290
     1
  9
$FINGERPRINTGUID
  2
{F43ED730-ECCF-F441-B1F2-BDC80D9E310E}
  9
$VERSIONGUID
  2
{0E0EE685-2518-A847-9863-46E23E7D3ADC}
  9
$EXTNAMES
290
     1
  9
$PSVPSCALE
 40
0.0
  9
$OLESTARTUP
290
     0
  9
$SORTENTS
280
   127
  9
$INDEXCTL
280
     0
  9
$HIDETEXT
280
     1
  9
$XCLIPFRAME
280
     2
  9
$HALOGAP
280
     0
  9
$OBSCOLOR
 70
   257
  9
$OBSLTYPE
280
     0
  9
$INTERSECTIONDISPLAY
280
     0
  9
$INTERSECTIONCOLOR
 70
   257
  9
$DIMASSOC
280
     1
  9
$PROJECTNAME
  1

  9
$CAMERADISPLAY
290
     0
  9
$LENSLENGTH
 40
50.0
  9
$CAMERAHEIGHT
 40
0.0
  9
$STEPSPERSEC
 40
2.0
  9
$STEPSIZE
 40
6.0
  9
$3DDWFPREC
 40
2.0
  9
$PSOLWIDTH
 40
0.25
  9
$PSOLHEIGHT
 40
4.0
  9
$LOFTANG1
 40
1.570796326794896
  9
$LOFTANG2
 40
1.570796326794896
  9
$LOFTMAG1
 40
0.0
  9
$LOFTMAG2
 40
0.0
  9
$LOFTPARAM
 70
     7
  9
$LOFTNORMALS
280
     1
  9
$LATITUDE
 40
37.795
  9
$LONGITUDE
 40
-122.394
  9
$NORTHDIRECTION
 40
0.0
  9
$TIMEZONE
 70
 -8000
  9
$LIGHTGLYPHDISPLAY
280
     1
  9
$TILEMODELIGHTSYNCH
280
     1
  9
$CMATERIAL
347
11
  9
$SOLIDHIST
280
     0
  9
$SHOWHIST
280
     1
  9
$DWFFRAME
280
     2
  9
$DGNFRAME
280
     0
  9
$REALWORLDSCALE
290
     1
  9
$INTERFERECOLOR
 62
     1
  9
$INTERFEREOBJVS
345
33
  9
$INTERFEREVPVS
346
30
  9
$CSHADOW
280
     0
  9
$SHADOWPLANELOCATION
 40
0.0
  0
ENDSEC
  0
SECTION
  2
CLASSES
  0
CLASS
  1
ACDBDICTIONARYWDFLT
  2
AcDbDictionaryWithDefault
  3
ObjectDBX Classes
 90
        0
 91
        1
280
     0
281
     0
  0
CLASS
  1
MATERIAL
  2
AcDbMaterial
  3
ObjectDBX Classes
 90
     1153
 91
        3
280
     0
281
     0
  0
CLASS
  1
VISUALSTYLE
  2
AcDbVisualStyle
  3
ObjectDBX Classes
 90
     4095
 91
       24
280
     0
281
     0
  0
CLASS
  1
SCALE
  2
AcDbScale
  3
ObjectDBX Classes
 90
     1153
 91
       17
280
     0
281
     0
  0
CLASS
  1
TABLESTYLE
  2
AcDbTableStyle
  3
ObjectDBX Classes
 90
     4095
 91
        1
280
     0
281
     0
  0
CLASS
  1
MLEADERSTYLE
  2
AcDbMLeaderStyle
  3
ACDB_MLEADERSTYLE_CLASS
 90
     4095
 91
        1
280
     0
281
     0
  0
CLASS
  1
ACDBSECTIONVIEWSTYLE
  2
AcDbSectionViewStyle
  3
ObjectDBX Classes
 90
     1025
 91
        1
280
     0
281
     0
  0
CLASS
  1
ACDBDETAILVIEWSTYLE
  2
AcDbDetailViewStyle
  3
ObjectDBX Classes
 90
     1025
 91
        1
280
     0
281
     0
  0
CLASS
  1
DICTIONARYVAR
  2
AcDbDictionaryVar
  3
ObjectDBX Classes
 90
        0
 91
        5
280
     0
281
     0
  0
CLASS
  1
CELLSTYLEMAP
  2
AcDbCellStyleMap
  3
ObjectDBX Classes
 90
     1152
 91
        1
280
     0
281
     0
  0
ENDSEC
  0
SECTION
  2
TABLES
  0
TABLE
  2
VPORT
  5
8
330
0
100
AcDbSymbolTable
 70
     1
  0
VPORT
  5
57
330
8
100
AcDbSymbolTableRecord
100
AcDbViewportTableRecord
  2
*Active
 70
     0
 10
0.0
 20
0.0
 11
1.0
 21
1.0
 12
-36.04025401652169
 22
-19.20000000000247
 13
0.0
 23
0.0
 14
1.0
 24
1.0
 15
0.0
 25
0.0
 16
0.0
 26
0.0
 36
1.0
 17
0.0
 27
0.0
 37
0.0
 40
110.2278177704322
 41
0.84505491191294
 42
50.0
 43
0.0
 44
0.0
 50
0.0
 51
0.0
 71
     0
 72
   100
 73
     1
 74
     1
 75
     0
 76
     0
 77
     0
 78
     0
281
     0
 65
     1
110
0.0
120
0.0
130
0.0
111
1.0
121
0.0
131
0.0
112
0.0
122
1.0
132
0.0
 79
     0
146
0.0
 60
     3
 61
     5
292
     1
282
     1
141
0.0
142
0.0
 63
   250
421
  3355443
  0
ENDTAB
  0
TABLE
  2
LTYPE
  5
5
330
0
100
AcDbSymbolTable
 70
    59
  0
LTYPE
  5
5B
330
5
100
AcDbSymbolTableRecord
100
AcDbLinetypeTableRecord
  2
ByBlock
 70
     0
  3

 72
    65
 73
     0
 40
0.0
  0
LTYPE
  5
5C
330
5
100
AcDbSymbolTableRecord
100
AcDbLinetypeTableRecord
  2
ByLayer
 70
     0
  3

 72
    65
 73
     0
 40
0.0
  0
LTYPE
  5
5D
330
5
100
AcDbSymbolTableRecord
100
AcDbLinetypeTableRecord
  2
Continuous
 70
     0
  3
Solid line
 72
    65
 73
     0
 40
0.0
  0
LTYPE
  5
78
330
5
100
AcDbSymbolTableRecord
100
AcDbLinetypeTableRecord
  2
BY_STANDARD
 70
     0
  3
By Standard ____________    ____    ____   _
 72
    65
 73
     6
 40
1.240299999999999
 49
0.6614
 74
     0
 49
-0.0827
 74
     0
 49
0.1654
 74
     0
 49
-0.0827
 74
     0
 49
0.1654
 74
     0
 49
-0.0827
 74
     0
  0
LTYPE
  5
79
330
5
100
AcDbSymbolTableRecord
100
AcDbLinetypeTableRecord
  2
CHAIN
 70
     0
  3
Chain ____ _ ____ _ ____ _ ____ _ ____ _ ____
 72
    65
 73
     4
 40
0.7087
 49
0.4724000000000001
 74
     0
 49
-0.0591
 74
     0
 49
0.1181
 74
     0
 49
-0.0591
 74
     0
  0
LTYPE
  5
7A
330
5
100
AcDbSymbolTableRecord
100
AcDbLinetypeTableRecord
  2
DASH_DOT
 70
     0
  3
Dash dot __ . __ . __ . __ . __ . __ . __ . __
 72
    65
 73
     4
 40
0.37
 49
0.24
 74
     0
 49
-0.06
 74
     0
 49
0.01
 74
     0
 49
-0.06
 74
     0
  0
LTYPE
  5
7B
330
5
100
AcDbSymbolTableRecord
100
AcDbLinetypeTableRecord
  2
DOUBLE_DASH_DOT
 70
     0
  3
Double-Dash Dot __ __ . __ __ . __ __ . __ _
 72
    65
 73
     6
 40
0.4398
 49
0.24
 74
     0
 49
-0.06
 74
     0
 49
0.0098
 74
     0
 49
-0.06
 74
     0
 49
0.01
 74
     0
 49
-0.06
 74
     0
  0
LTYPE
  5
7C
330
5
100
AcDbSymbolTableRecord
100
AcDbLinetypeTableRecord
  2
DASH_TRIPLE_DOT
 70
     0
  3
Dash Triple-Dot _ . . . _ . . . _ . . . _
 72
    65
 73
     8
 40
0.51
 49
0.24
 74
     0
 49
-0.06
 74
     0
 49
0.01
 74
     0
 49
-0.06
 74
     0
 49
0.01
 74
     0
 49
-0.06
 74
     0
 49
0.01
 74
     0
 49
-0.06
 74
     0
  0
LTYPE
  5
7D
330
5
100
AcDbSymbolTableRecord
100
AcDbLinetypeTableRecord
  2
DASHED
 70
     0
  3
Dashed __ __ __ __ __ __ __ __ __ __ __ __ __ _
 72
    65
 73
     2
 40
0.2067
 49
0.1654
 74
     0
 49
-0.0413
 74
     0
  0
LTYPE
  5
7E
330
5
100
AcDbSymbolTableRecord
100
AcDbLinetypeTableRecord
  2
DASH_DOUBLE_DOT
 70
     0
  3
Dash Double-Dot __ . . __ . . __ . . __ . .
 72
    65
 73
     6
 40
0.4398
 49
0.24
 74
     0
 49
-0.06
 74
     0
 49
0.0098
 74
     0
 49
-0.06
 74
     0
 49
0.01
 74
     0
 49
-0.06
 74
     0
  0
LTYPE
  5
7F
330
5
100
AcDbSymbolTableRecord
100
AcDbLinetypeTableRecord
  2
DASHED_SPACE
 70
     0
  3
Dashed Space __ __ __ __ __ __ __ __ __ __ __ _
 72
    65
 73
     2
 40
0.2067
 49
0.1654
 74
     0
 49
-0.0413
 74
     0
  0
LTYPE
  5
80
330
5
100
AcDbSymbolTableRecord
100
AcDbLinetypeTableRecord
  2
DOTTED
 70
     0
  3
Dotted . . . . . . . . . . . . . . . . . . . . 
 72
    65
 73
     2
 40
0.0482
 49
0.0069
 74
     0
 49
-0.0413
 74
     0
  0
LTYPE
  5
81
330
5
100
AcDbSymbolTableRecord
100
AcDbLinetypeTableRecord
  2
DOUBLE_DASH_CHAIN
 70
     0
  3
Double-Dash Chain ______  __  __  ______  __  _
 72
    65
 73
     6
 40
1.240299999999999
 49
0.6614
 74
     0
 49
-0.0827
 74
     0
 49
0.1654
 74
     0
 49
-0.0827
 74
     0
 49
0.1654
 74
     0
 49
-0.0827
 74
     0
  0
LTYPE
  5
83
330
5
100
AcDbSymbolTableRecord
100
AcDbLinetypeTableRecord
  2
DOUBLE_DASH_DOUBLE_DOT
 70
     0
  3
Double-Dash Double-dot _ _ . . _ _ . . _
 72
    65
 73
     8
 40
0.7400000000000001
 49
0.24
 74
     0
 49
-0.06
 74
     0
 49
0.24
 74
     0
 49
-0.06
 74
     0
 49
0.01
 74
     0
 49
-0.06
 74
     0
 49
0.01
 74
     0
 49
-0.06
 74
     0
  0
LTYPE
  5
84
330
5
100
AcDbSymbolTableRecord
100
AcDbLinetypeTableRecord
  2
DOUBLE_DASH_TRIPLE_DOT
 70
     0
  3
Double Dash Triple Dot __ __ . . . __ __ . .
 72
    65
 73
    10
 40
0.8100000000000001
 49
0.24
 74
     0
 49
-0.06
 74
     0
 49
0.24
 74
     0
 49
-0.06
 74
     0
 49
0.01
 74
     0
 49
-0.06
 74
     0
 49
0.01
 74
     0
 49
-0.06
 74
     0
 49
0.01
 74
     0
 49
-0.06
 74
     0
  0
LTYPE
  5
85
330
5
100
AcDbSymbolTableRecord
100
AcDbLinetypeTableRecord
  2
LONG_DASH_DOTTED
 70
     0
  3
Long Dash Dotted ____ . ____ . ____ . ____ . _
 72
    65
 73
     4
 40
0.3543
 49
0.2362
 74
     0
 49
-0.0295
 74
     0
 49
0.0591
 74
     0
 49
-0.0295
 74
     0
  0
LTYPE
  5
86
330
5
100
AcDbSymbolTableRecord
100
AcDbLinetypeTableRecord
  2
LONG_DASH_DOUBLE_DOT
 70
     0
  3
Long Dash Double Dot ________  .  .  ________  
 72
    65
 73
     6
 40
0.6799999999999999
 49
0.48
 74
     0
 49
-0.06
 74
     0
 49
0.01
 74
     0
 49
-0.06
 74
     0
 49
0.01
 74
     0
 49
-0.06
 74
     0
  0
LTYPE
  5
87
330
5
100
AcDbSymbolTableRecord
100
AcDbLinetypeTableRecord
  2
LONG_DASH_TRIPLE_DOT
 70
     0
  3
Long Dash Triple Dot ____ ... ____ ... ____
 72
    65
 73
     8
 40
0.3689
 49
0.2362
 74
     0
 49
-0.0295
 74
     0
 49
0.0049
 74
     0
 49
-0.0295
 74
     0
 49
0.0049
 74
     0
 49
-0.0295
 74
     0
 49
0.0049
 74
     0
 49
-0.0295
 74
     0
  0
LTYPE
  5
88
330
5
100
AcDbSymbolTableRecord
100
AcDbLinetypeTableRecord
  2
BORDER
 70
     0
  3
Border __ __ . __ __ . __ __ . __ __ . __ __ .
 72
    65
 73
     6
 40
1.75
 49
0.5
 74
     0
 49
-0.25
 74
     0
 49
0.5
 74
     0
 49
-0.25
 74
     0
 49
0.0
 74
     0
 49
-0.25
 74
     0
  0
LTYPE
  5
89
330
5
100
AcDbSymbolTableRecord
100
AcDbLinetypeTableRecord
  2
BORDER2
 70
     0
  3
Border (.5x) __.__.__.__.__.__.__.__.__.__.__.
 72
    65
 73
     6
 40
0.875
 49
0.25
 74
     0
 49
-0.125
 74
     0
 49
0.25
 74
     0
 49
-0.125
 74
     0
 49
0.0
 74
     0
 49
-0.125
 74
     0
  0
LTYPE
  5
8A
330
5
100
AcDbSymbolTableRecord
100
AcDbLinetypeTableRecord
  2
BORDERX2
 70
     0
  3
Border (2x) ____  ____  .  ____  ____  .  ___
 72
    65
 73
     6
 40
3.5
 49
1.0
 74
     0
 49
-0.5
 74
     0
 49
1.0
 74
     0
 49
-0.5
 74
     0
 49
0.0
 74
     0
 49
-0.5
 74
     0
  0
LTYPE
  5
8B
330
5
100
AcDbSymbolTableRecord
100
AcDbLinetypeTableRecord
  2
CENTER
 70
     0
  3
Center ____ _ ____ _ ____ _ ____ _ ____ _ ____
 72
    65
 73
     4
 40
2.0
 49
1.25
 74
     0
 49
-0.25
 74
     0
 49
0.25
 74
     0
 49
-0.25
 74
     0
  0
LTYPE
  5
8C
330
5
100
AcDbSymbolTableRecord
100
AcDbLinetypeTableRecord
  2
CENTER2
 70
     0
  3
Center (.5x) ___ _ ___ _ ___ _ ___ _ ___ _ ___
 72
    65
 73
     4
 40
1.125
 49
0.75
 74
     0
 49
-0.125
 74
     0
 49
0.125
 74
     0
 49
-0.125
 74
     0
  0
LTYPE
  5
8D
330
5
100
AcDbSymbolTableRecord
100
AcDbLinetypeTableRecord
  2
CENTERX2
 70
     0
  3
Center (2x) ________  __  ________  __  _____
 72
    65
 73
     4
 40
4.0
 49
2.5
 74
     0
 49
-0.5
 74
     0
 49
0.5
 74
     0
 49
-0.5
 74
     0
  0
LTYPE
  5
8E
330
5
100
AcDbSymbolTableRecord
100
AcDbLinetypeTableRecord
  2
DASHDOT2
 70
     0
  3
Dash dot (.5x) _._._._._._._._._._._._._._._.
 72
    65
 73
     4
 40
0.5
 49
0.25
 74
     0
 49
-0.125
 74
     0
 49
0.0
 74
     0
 49
-0.125
 74
     0
  0
LTYPE
  5
8F
330
5
100
AcDbSymbolTableRecord
100
AcDbLinetypeTableRecord
  2
DASHDOTX2
 70
     0
  3
Dash dot (2x) ____  .  ____  .  ____  .  ___
 72
    65
 73
     4
 40
2.0
 49
1.0
 74
     0
 49
-0.5
 74
     0
 49
0.0
 74
     0
 49
-0.5
 74
     0
  0
LTYPE
  5
91
330
5
100
AcDbSymbolTableRecord
100
AcDbLinetypeTableRecord
  2
DASHED2
 70
     0
  3
Dashed (.5x) _ _ _ _ _ _ _ _ _ _ _ _ _ _ _ _ _
 72
    65
 73
     2
 40
0.375
 49
0.25
 74
     0
 49
-0.125
 74
     0
  0
LTYPE
  5
92
330
5
100
AcDbSymbolTableRecord
100
AcDbLinetypeTableRecord
  2
DASHEDX2
 70
     0
  3
Dashed (2x) ____  ____  ____  ____  ____  ___
 72
    65
 73
     2
 40
1.5
 49
1.0
 74
     0
 49
-0.5
 74
     0
  0
LTYPE
  5
93
330
5
100
AcDbSymbolTableRecord
100
AcDbLinetypeTableRecord
  2
DIVIDE
 70
     0
  3
Divide ____ . . ____ . . ____ . . ____ . . ____
 72
    65
 73
     6
 40
1.25
 49
0.5
 74
     0
 49
-0.25
 74
     0
 49
0.0
 74
     0
 49
-0.25
 74
     0
 49
0.0
 74
     0
 49
-0.25
 74
     0
  0
LTYPE
  5
94
330
5
100
AcDbSymbolTableRecord
100
AcDbLinetypeTableRecord
  2
DIVIDE2
 70
     0
  3
Divide (.5x) __..__..__..__..__..__..__..__.._
 72
    65
 73
     6
 40
0.625
 49
0.25
 74
     0
 49
-0.125
 74
     0
 49
0.0
 74
     0
 49
-0.125
 74
     0
 49
0.0
 74
     0
 49
-0.125
 74
     0
  0
LTYPE
  5
95
330
5
100
AcDbSymbolTableRecord
100
AcDbLinetypeTableRecord
  2
DIVIDEX2
 70
     0
  3
Divide (2x) ________  .  .  ________  .  .  _
 72
    65
 73
     6
 40
2.5
 49
1.0
 74
     0
 49
-0.5
 74
     0
 49
0.0
 74
     0
 49
-0.5
 74
     0
 49
0.0
 74
     0
 49
-0.5
 74
     0
  0
LTYPE
  5
96
330
5
100
AcDbSymbolTableRecord
100
AcDbLinetypeTableRecord
  2
DOT
 70
     0
  3
Dot . . . . . . . . . . . . . . . . . . . . . .
 72
    65
 73
     2
 40
0.25
 49
0.0
 74
     0
 49
-0.25
 74
     0
  0
LTYPE
  5
97
330
5
100
AcDbSymbolTableRecord
100
AcDbLinetypeTableRecord
  2
DOT2
 70
     0
  3
Dot (.5x) .....................................
 72
    65
 73
     2
 40
0.125
 49
0.0
 74
     0
 49
-0.125
 74
     0
  0
LTYPE
  5
98
330
5
100
AcDbSymbolTableRecord
100
AcDbLinetypeTableRecord
  2
DOTX2
 70
     0
  3
Dot (2x) .  .  .  .  .  .  .  .  .  .  .  .  . 
 72
    65
 73
     2
 40
0.5
 49
0.0
 74
     0
 49
-0.5
 74
     0
  0
LTYPE
  5
99
330
5
100
AcDbSymbolTableRecord
100
AcDbLinetypeTableRecord
  2
HIDDEN
 70
     0
  3
Hidden __ __ __ __ __ __ __ __ __ __ __ __ __ _
 72
    65
 73
     2
 40
0.375
 49
0.25
 74
     0
 49
-0.125
 74
     0
  0
LTYPE
  5
9A
330
5
100
AcDbSymbolTableRecord
100
AcDbLinetypeTableRecord
  2
HIDDEN2
 70
     0
  3
Hidden (.5x) _ _ _ _ _ _ _ _ _ _ _ _ _ _ _ _ _
 72
    65
 73
     2
 40
0.1875
 49
0.125
 74
     0
 49
-0.0625
 74
     0
  0
LTYPE
  5
9B
330
5
100
AcDbSymbolTableRecord
100
AcDbLinetypeTableRecord
  2
HIDDENX2
 70
     0
  3
Hidden (2x) ____ ____ ____ ____ ____ ____ ____
 72
    65
 73
     2
 40
0.75
 49
0.5
 74
     0
 49
-0.25
 74
     0
  0
LTYPE
  5
9C
330
5
100
AcDbSymbolTableRecord
100
AcDbLinetypeTableRecord
  2
PHANTOM
 70
     0
  3
Phantom ______  __  __  ______  __  __  ______
 72
    65
 73
     6
 40
2.5
 49
1.25
 74
     0
 49
-0.25
 74
     0
 49
0.25
 74
     0
 49
-0.25
 74
     0
 49
0.25
 74
     0
 49
-0.25
 74
     0
  0
LTYPE
  5
9D
330
5
100
AcDbSymbolTableRecord
100
AcDbLinetypeTableRecord
  2
PHANTOM2
 70
     0
  3
Phantom (.5x) ___ _ _ ___ _ _ ___ _ _ ___ _ _
 72
    65
 73
     6
 40
1.25
 49
0.625
 74
     0
 49
-0.125
 74
     0
 49
0.125
 74
     0
 49
-0.125
 74
     0
 49
0.125
 74
     0
 49
-0.125
 74
     0
  0
LTYPE
  5
9E
330
5
100
AcDbSymbolTableRecord
100
AcDbLinetypeTableRecord
  2
PHANTOMX2
 70
     0
  3
Phantom (2x) ____________    ____    ____   _
 72
    65
 73
     6
 40
5.0
 49
2.5
 74
     0
 49
-0.5
 74
     0
 49
0.5
 74
     0
 49
-0.5
 74
     0
 49
0.5
 74
     0
 49
-0.5
 74
     0
  0
LTYPE
  5
9F
330
5
100
AcDbSymbolTableRecord
100
AcDbLinetypeTableRecord
  2
ACAD_ISO02W100
 70
     0
  3
ISO dash __ __ __ __ __ __ __ __ __ __ __ __ __
 72
    65
 73
     2
 40
0.59
 49
0.47
 74
     0
 49
-0.12
 74
     0
  0
LTYPE
  5
A0
330
5
100
AcDbSymbolTableRecord
100
AcDbLinetypeTableRecord
  2
ACAD_ISO03W100
 70
     0
  3
ISO dash space __    __    __    __    __    __
 72
    65
 73
     2
 40
1.179999999999999
 49
0.47
 74
     0
 49
-0.71
 74
     0
  0
LTYPE
  5
A1
330
5
100
AcDbSymbolTableRecord
100
AcDbLinetypeTableRecord
  2
ACAD_ISO04W100
 70
     0
  3
ISO long-dash dot ____ . ____ . ____ . ____ . _
 72
    65
 73
     4
 40
1.179999999999999
 49
0.9399999999999998
 74
     0
 49
-0.12
 74
     0
 49
0.0
 74
     0
 49
-0.12
 74
     0
  0
LTYPE
  5
A2
330
5
100
AcDbSymbolTableRecord
100
AcDbLinetypeTableRecord
  2
ACAD_ISO05W100
 70
     0
  3
ISO long-dash double-dot ____ .. ____ .. ____ .
 72
    65
 73
     6
 40
1.299999999999999
 49
0.9399999999999998
 74
     0
 49
-0.12
 74
     0
 49
0.0
 74
     0
 49
-0.12
 74
     0
 49
0.0
 74
     0
 49
-0.12
 74
     0
  0
LTYPE
  5
A3
330
5
100
AcDbSymbolTableRecord
100
AcDbLinetypeTableRecord
  2
ACAD_ISO06W100
 70
     0
  3
ISO long-dash triple-dot ____ ... ____ ... ____
 72
    65
 73
     8
 40
1.419999999999999
 49
0.9399999999999998
 74
     0
 49
-0.12
 74
     0
 49
0.0
 74
     0
 49
-0.12
 74
     0
 49
0.0
 74
     0
 49
-0.12
 74
     0
 49
0.0
 74
     0
 49
-0.12
 74
     0
  0
LTYPE
  5
A4
330
5
100
AcDbSymbolTableRecord
100
AcDbLinetypeTableRecord
  2
ACAD_ISO07W100
 70
     0
  3
ISO dot . . . . . . . . . . . . . . . . . . . .
 72
    65
 73
     2
 40
0.12
 49
0.0
 74
     0
 49
-0.12
 74
     0
  0
LTYPE
  5
A5
330
5
100
AcDbSymbolTableRecord
100
AcDbLinetypeTableRecord
  2
ACAD_ISO08W100
 70
     0
  3
ISO long-dash short-dash ____ __ ____ __ ____ _
 72
    65
 73
     4
 40
0.95
 49
0.47
 74
     0
 49
-0.12
 74
     0
 49
0.24
 74
     0
 49
-0.12
 74
     0
  0
LTYPE
  5
A6
330
5
100
AcDbSymbolTableRecord
100
AcDbLinetypeTableRecord
  2
ACAD_ISO09W100
 70
     0
  3
ISO long-dash double-short-dash ____ __ __ ____
 72
    65
 73
     6
 40
1.31
 49
0.47
 74
     0
 49
-0.12
 74
     0
 49
0.24
 74
     0
 49
-0.12
 74
     0
 49
0.24
 74
     0
 49
-0.12
 74
     0
  0
LTYPE
  5
A7
330
5
100
AcDbSymbolTableRecord
100
AcDbLinetypeTableRecord
  2
ACAD_ISO10W100
 70
     0
  3
ISO dash dot __ . __ . __ . __ . __ . __ . __ .
 72
    65
 73
     4
 40
0.71
 49
0.47
 74
     0
 49
-0.12
 74
     0
 49
0.0
 74
     0
 49
-0.12
 74
     0
  0
LTYPE
  5
A8
330
5
100
AcDbSymbolTableRecord
100
AcDbLinetypeTableRecord
  2
ACAD_ISO11W100
 70
     0
  3
ISO double-dash dot __ __ . __ __ . __ __ . __ 
 72
    65
 73
     6
 40
1.299999999999999
 49
0.47
 74
     0
 49
-0.12
 74
     0
 49
0.47
 74
     0
 49
-0.12
 74
     0
 49
0.0
 74
     0
 49
-0.12
 74
     0
  0
LTYPE
  5
A9
330
5
100
AcDbSymbolTableRecord
100
AcDbLinetypeTableRecord
  2
ACAD_ISO12W100
 70
     0
  3
ISO dash double-dot __ . . __ . . __ . . __ . .
 72
    65
 73
     6
 40
0.8299999999999998
 49
0.47
 74
     0
 49
-0.12
 74
     0
 49
0.0
 74
     0
 49
-0.12
 74
     0
 49
0.0
 74
     0
 49
-0.12
 74
     0
  0
LTYPE
  5
AA
330
5
100
AcDbSymbolTableRecord
100
AcDbLinetypeTableRecord
  2
ACAD_ISO13W100
 70
     0
  3
ISO double-dash double-dot __ __ . . __ __ . . 
 72
    65
 73
     8
 40
1.419999999999999
 49
0.47
 74
     0
 49
-0.12
 74
     0
 49
0.47
 74
     0
 49
-0.12
 74
     0
 49
0.0
 74
     0
 49
-0.12
 74
     0
 49
0.0
 74
     0
 49
-0.12
 74
     0
  0
LTYPE
  5
AB
330
5
100
AcDbSymbolTableRecord
100
AcDbLinetypeTableRecord
  2
ACAD_ISO14W100
 70
     0
  3
ISO dash triple-dot __ . . . __ . . . __ . . . 
 72
    65
 73
     8
 40
0.95
 49
0.47
 74
     0
 49
-0.12
 74
     0
 49
0.0
 74
     0
 49
-0.12
 74
     0
 49
0.0
 74
     0
 49
-0.12
 74
     0
 49
0.0
 74
     0
 49
-0.12
 74
     0
  0
LTYPE
  5
AC
330
5
100
AcDbSymbolTableRecord
100
AcDbLinetypeTableRecord
  2
ACAD_ISO15W100
 70
     0
  3
ISO double-dash triple-dot __ __ . . . __ __ . 
 72
    65
 73
    10
 40
1.539999999999999
 49
0.47
 74
     0
 49
-0.12
 74
     0
 49
0.47
 74
     0
 49
-0.12
 74
     0
 49
0.0
 74
     0
 49
-0.12
 74
     0
 49
0.0
 74
     0
 49
-0.12
 74
     0
 49
0.0
 74
     0
 49
-0.12
 74
     0
  0
LTYPE
  5
AF
330
5
100
AcDbSymbolTableRecord
100
AcDbLinetypeTableRecord
  2
FENCELINE1
 70
     0
  3
Fenceline circle ----0-----0----0-----0----0---
 72
    65
 73
     4
 40
1.45
 49
0.25
 74
     0
 49
-0.1
 74
     4
 75
   133
340
AE
 46
0.1
 50
0.0
 44
-0.1
 45
0.0
 49
-0.1
 74
     0
 49
1.0
 74
     0
  0
LTYPE
  5
B0
330
5
100
AcDbSymbolTableRecord
100
AcDbLinetypeTableRecord
  2
FENCELINE2
 70
     0
  3
Fenceline square ----[]-----[]----[]-----[]----
 72
    65
 73
     4
 40
1.45
 49
0.25
 74
     0
 49
-0.1
 74
     4
 75
   132
340
AE
 46
0.1
 50
0.0
 44
-0.1
 45
0.0
 49
-0.1
 74
     0
 49
1.0
 74
     0
  0
LTYPE
  5
B1
330
5
100
AcDbSymbolTableRecord
100
AcDbLinetypeTableRecord
  2
TRACKS
 70
     0
  3
Tracks -|-|-|-|-|-|-|-|-|-|-|-|-|-|-|-|-|-|-|-|
 72
    65
 73
     2
 40
0.3
 49
0.15
 74
     4
 75
   130
340
AE
 46
0.25
 50
0.0
 44
0.0
 45
0.0
 49
0.15
 74
     0
  0
LTYPE
  5
B2
330
5
100
AcDbSymbolTableRecord
100
AcDbLinetypeTableRecord
  2
BATTING
 70
     0
  3
Batting SSSSSSSSSSSSSSSSSSSSSSSSSSSSSSSSSSSSSSS
 72
    65
 73
     4
 40
0.4001000000000001
 49
0.0001
 74
     0
 49
-0.1
 74
     4
 75
   134
340
AE
 46
0.1
 50
0.0
 44
-0.1
 45
0.0
 49
-0.2
 74
     4
 75
   134
340
AE
 46
0.1
 50
180.0
 44
0.1
 45
0.0
 49
-0.1
 74
     0
  0
LTYPE
  5
B3
330
5
100
AcDbSymbolTableRecord
100
AcDbLinetypeTableRecord
  2
HOT_WATER_SUPPLY
 70
     0
  3
Hot water supply ---- HW ---- HW ---- HW ----
 72
    65
 73
     3
 40
0.9
 49
0.5
 74
     0
 49
-0.2
 74
     2
 75
     0
340
55
 46
0.1
 50
0.0
 44
-0.1
 45
-0.05
  9
HW
 49
-0.2
 74
     0
  0
LTYPE
  5
B4
330
5
100
AcDbSymbolTableRecord
100
AcDbLinetypeTableRecord
  2
GAS_LINE
 70
     0
  3
Gas line ----GAS----GAS----GAS----GAS----GAS---
 72
    65
 73
     3
 40
0.95
 49
0.5
 74
     0
 49
-0.2
 74
     2
 75
     0
340
55
 46
0.1
 50
0.0
 44
-0.1
 45
-0.05
  9
GAS
 49
-0.25
 74
     0
  0
LTYPE
  5
B5
330
5
100
AcDbSymbolTableRecord
100
AcDbLinetypeTableRecord
  2
ZIGZAG
 70
     0
  3
Zig zag /\/\/\/\/\/\/\/\/\/\/\/\/\/\/\/\/\/\/\/
 72
    65
 73
     4
 40
0.8001000000000001
 49
0.0001
 74
     0
 49
-0.2
 74
     4
 75
   131
340
AE
 46
0.2
 50
0.0
 44
-0.2
 45
0.0
 49
-0.4
 74
     4
 75
   131
340
AE
 46
0.2
 50
180.0
 44
0.2
 45
0.0
 49
-0.2
 74
     0
  0
ENDTAB
  0
TABLE
  2
LAYER
  5
2
330
0
100
AcDbSymbolTable
 70
     1
  0
LAYER
  5
54
330
2
100
AcDbSymbolTableRecord
100
AcDbLayerTableRecord
  2
0
 70
     0
 62
     7
  6
Continuous
370
    -3
390
F
347
21
348
0
  0
ENDTAB
  0
TABLE
  2
STYLE
  5
3
330
0
100
AcDbSymbolTable
 70
     7
  0
STYLE
  5
55
330
3
100
AcDbSymbolTableRecord
100
AcDbTextStyleTableRecord
  2
Standard
 70
     0
 40
0.0
 41
1.0
 50
0.0
 71
     0
 42
0.2
  3
txt
  4

  0
STYLE
  5
5A
330
3
100
AcDbSymbolTableRecord
100
AcDbTextStyleTableRecord
  2
Annotative
 70
     0
 40
0.0
 41
1.0
 50
0.0
 71
     0
 42
0.2
  3
txt
  4

1001
AcadAnnotative
1000
AnnotativeData
1002
{
1070
     1
1070
     1
1002
}
  0
STYLE
  5
AE
330
3
100
AcDbSymbolTableRecord
100
AcDbTextStyleTableRecord
  2

 70
     1
 40
0.0
 41
1.0
 50
0.0
 71
     0
 42
0.2
  3
ltypeshp.shx
  4

  0
STYLE
  5
B6
330
3
100
AcDbSymbolTableRecord
100
AcDbTextStyleTableRecord
  2
Note Text (ANSI) - 3DA
 70
     0
 40
0.0
 41
1.0
 50
0.0
 71
     0
 42
0.2
  3
tahoma.ttf
  4

1001
ACAD
1000
Tahoma
1071
      256
  0
STYLE
  5
B7
330
3
100
AcDbSymbolTableRecord
100
AcDbTextStyleTableRecord
  2
Sketch Text (ANSI) - 3DA
 70
     0
 40
0.0
 41
1.0
 50
0.0
 71
     0
 42
0.2
  3
tahoma.ttf
  4

1001
ACAD
1000
Tahoma
1071
      256
  0
STYLE
  5
B8
330
3
100
AcDbSymbolTableRecord
100
AcDbTextStyleTableRecord
  2
Standard_DWG_Annotative
 70
     0
 40
0.0
 41
1.0
 50
0.0
 71
     0
 42
0.2
  3
monotxt.shx
  4

  0
STYLE
  5
B9
330
3
100
AcDbSymbolTableRecord
100
AcDbTextStyleTableRecord
  2
Standard_DWG_Standard
 70
     0
 40
0.0
 41
1.0
 50
0.0
 71
     0
 42
0.2
  3
monotxt.shx
  4

  0
ENDTAB
  0
TABLE
  2
VIEW
  5
6
330
0
100
AcDbSymbolTable
 70
     0
  0
ENDTAB
  0
TABLE
  2
UCS
  5
7
330
0
100
AcDbSymbolTable
 70
     0
  0
ENDTAB
  0
TABLE
  2
APPID
  5
9
330
0
100
AcDbSymbolTable
 70
     2
  0
APPID
  5
56
330
9
100
AcDbSymbolTableRecord
100
AcDbRegAppTableRecord
  2
ACAD
 70
     0
  0
APPID
  5
5E
330
9
100
AcDbSymbolTableRecord
100
AcDbRegAppTableRecord
  2
AcadAnnotative
 70
     0
  0
ENDTAB
  0
TABLE
  2
DIMSTYLE
  5
A
330
0
100
AcDbSymbolTable
 70
     2
100
AcDbDimStyleTable
 71
     0
  0
DIMSTYLE
105
58
330
A
100
AcDbSymbolTableRecord
100
AcDbDimStyleTableRecord
  2
Standard
 70
     0
340
55
  0
DIMSTYLE
105
59
330
A
100
AcDbSymbolTableRecord
100
AcDbDimStyleTableRecord
  2
Annotative
 70
     0
340
55
1001
AcadAnnotative
1000
AnnotativeData
1002
{
1070
     1
1070
     1
1002
}
  0
ENDTAB
  0
TABLE
  2
BLOCK_RECORD
  5
1
330
0
100
AcDbSymbolTable
 70
     1
  0
BLOCK_RECORD
  5
70
330
1
100
AcDbSymbolTableRecord
100
AcDbBlockTableRecord
  2
*Model_Space
340
73
 70
     0
280
     1
281
     0
  0
BLOCK_RECORD
  5
6C
330
1
100
AcDbSymbolTableRecord
100
AcDbBlockTableRecord
  2
*Paper_Space
340
6F
 70
     0
280
     1
281
     0
  0
BLOCK_RECORD
  5
74
330
1
100
AcDbSymbolTableRecord
100
AcDbBlockTableRecord
  2
*Paper_Space0
340
77
 70
     0
280
     1
281
     0
  0
ENDTAB
  0
ENDSEC
  0
SECTION
  2
BLOCKS
  0
BLOCK
  5
71
330
70
100
AcDbEntity
  8
0
100
AcDbBlockBegin
  2
*Model_Space
 70
     0
 10
0.0
 20
0.0
 30
0.0
  3
*Model_Space
  1

  0
ENDBLK
  5
72
330
70
100
AcDbEntity
  8
0
100
AcDbBlockEnd
  0
BLOCK
  5
6D
330
6C
100
AcDbEntity
 67
     1
  8
0
100
AcDbBlockBegin
  2
*Paper_Space
 70
     0
 10
0.0
 20
0.0
 30
0.0
  3
*Paper_Space
  1

  0
ENDBLK
  5
6E
330
6C
100
AcDbEntity
 67
     1
  8
0
100
AcDbBlockEnd
  0
BLOCK
  5
75
330
74
100
AcDbEntity
 67
     1
  8
0
100
AcDbBlockBegin
  2
*Paper_Space0
 70
     0
 10
0.0
 20
0.0
 30
0.0
  3
*Paper_Space0
  1

  0
ENDBLK
  5
76
330
74
100
AcDbEntity
 67
     1
  8
0
100
AcDbBlockEnd
  0
ENDSEC
  0
SECTION
  2
ENTITIES
  0
POLYLINE
  5
BA
330
70
100
AcDbEntity
  8
0
100
AcDb2dPolyline
 66
     1
 10
0.0
 20
0.0
 30
0.0
 70
     1
  0
VERTEX
  5
BB
330
BA
100
AcDbEntity
  8
0
100
AcDbVertex
100
AcDb2dVertex
 10
3.992669657987297
 20
-1.780612856635067
 30
0.0
  0
VERTEX
  5
BC
330
BA
100
AcDbEntity
  8
0
100
AcDbVertex
100
AcDb2dVertex
 10
3.411076945581841
 20
-1.780612856635064
 30
0.0
  0
VERTEX
  5
BE
330
BA
100
AcDbEntity
  8
0
100
AcDbVertex
100
AcDb2dVertex
 10
3.411076945581834
 20
-3.053458860216029
 30
0.0
  0
VERTEX
  5
BF
330
BA
100
AcDbEntity
  8
0
100
AcDbVertex
100
AcDb2dVertex
 10
3.99266965798729
 20
-3.053458860216032
 30
0.0
  0
SEQEND
  5
BD
330
BA
100
AcDbEntity
  8
0
  0
POLYLINE
  5
C1
330
70
100
AcDbEntity
  8
0
100
AcDb2dPolyline
 66
     1
 10
0.0
 20
0.0
 30
0.0
 70
     1
  0
VERTEX
  5
C2
330
C1
100
AcDbEntity
  8
0
100
AcDbVertex
100
AcDb2dVertex
 10
3.992669657987297
 20
-1.780612856635067
 30
0.0
  0
VERTEX
  5
C3
330
C1
100
AcDbEntity
  8
0
100
AcDbVertex
100
AcDb2dVertex
 10
3.411076945581841
 20
-1.780612856635064
 30
0.0
  0
VERTEX
  5
C5
330
C1
100
AcDbEntity
  8
0
100
AcDbVertex
100
AcDb2dVertex
 10
3.411076945581834
 20
-3.053458860216029
 30
0.0
  0
VERTEX
  5
C6
330
C1
100
AcDbEntity
  8
0
100
AcDbVertex
100
AcDb2dVertex
 10
3.99266965798729
 20
-3.053458860216032
 30
0.0
  0
SEQEND
  5
C4
330
C1
100
AcDbEntity
  8
0
  0
POLYLINE
  5
C7
330
70
100
AcDbEntity
  8
0
100
AcDb2dPolyline
 66
     1
 10
0.0
 20
0.0
 30
0.0
 70
     1
  0
VERTEX
  5
C8
330
C7
100
AcDbEntity
  8
0
100
AcDbVertex
100
AcDb2dVertex
 10
-74.12789716051716
 20
-16.79758595784027
 30
0.0
  0
VERTEX
  5
C9
330
C7
100
AcDbEntity
  8
0
100
AcDbVertex
100
AcDb2dVertex
 10
-74.12789716051716
 20
-15.24177658485774
 30
0.0
  0
VERTEX
  5
CB
330
C7
100
AcDbEntity
  8
0
100
AcDbVertex
100
AcDb2dVertex
 10
-74.65563866589008
 20
-15.24177658485774
 30
0.0
  0
VERTEX
  5
CC
330
C7
100
AcDbEntity
  8
0
100
AcDbVertex
100
AcDb2dVertex
 10
-74.65563866589008
 20
-16.79758595784027
 30
0.0
  0
VERTEX
  5
CD
330
C7
100
AcDbEntity
  8
0
100
AcDbVertex
100
AcDb2dVertex
 10
-74.38605642505023
 20
-16.99863034083948
 30
0.0
  0
SEQEND
  5
CA
330
C7
100
AcDbEntity
  8
0
  0
POLYLINE
  5
CE
330
70
100
AcDbEntity
  8
0
100
AcDb2dPolyline
 66
     1
 10
0.0
 20
0.0
 30
0.0
 70
     1
  0
VERTEX
  5
CF
330
CE
100
AcDbEntity
  8
0
100
AcDbVertex
100
AcDb2dVertex
 10
-74.12789716051716
 20
-16.79758595784027
 30
0.0
  0
VERTEX
  5
D0
330
CE
100
AcDbEntity
  8
0
100
AcDbVertex
100
AcDb2dVertex
 10
-74.12789716051716
 20
-15.24177658485774
 30
0.0
  0
VERTEX
  5
D2
330
CE
100
AcDbEntity
  8
0
100
AcDbVertex
100
AcDb2dVertex
 10
-74.65563866589008
 20
-15.24177658485774
 30
0.0
  0
VERTEX
  5
D3
330
CE
100
AcDbEntity
  8
0
100
AcDbVertex
100
AcDb2dVertex
 10
-74.65563866589008
 20
-16.79758595784027
 30
0.0
  0
VERTEX
  5
D4
330
CE
100
AcDbEntity
  8
0
100
AcDbVertex
100
AcDb2dVertex
 10
-74.38605642505023
 20
-16.99863034083948
 30
0.0
  0
SEQEND
  5
D1
330
CE
100
AcDbEntity
  8
0
  0
POLYLINE
  5
D5
330
70
100
AcDbEntity
  8
0
100
AcDb2dPolyline
 66
     1
 10
0.0
 20
0.0
 30
0.0
 70
     1
  0
VERTEX
  5
D6
330
D5
100
AcDbEntity
  8
0
100
AcDbVertex
100
AcDb2dVertex
 10
-39.14226322060865
 20
-27.33936012687883
 30
0.0
  0
VERTEX
  5
D7
330
D5
100
AcDbEntity
  8
0
100
AcDbVertex
100
AcDb2dVertex
 10
-39.14226322060865
 20
-30.54105717000015
 30
0.0
  0
VERTEX
  5
D9
330
D5
100
AcDbEntity
  8
0
100
AcDbVertex
100
AcDb2dVertex
 10
-40.10277233354504
 20
-29.66866815916801
 30
0.0
  0
VERTEX
  5
DA
330
D5
100
AcDbEntity
  8
0
100
AcDbVertex
100
AcDb2dVertex
 10
-40.10277233354504
 20
-26.08511734026157
 30
0.0
  0
VERTEX
  5
DB
330
D5
100
AcDbEntity
  8
0
100
AcDbVertex
100
AcDb2dVertex
 10
-36.27248522874669
 20
-26.08511734026157
 30
0.0
  0
VERTEX
  5
DC
330
D5
100
AcDbEntity
  8
0
100
AcDbVertex
100
AcDb2dVertex
 10
-35.59102310580711
 20
-27.33936012687883
 30
0.0
  0
SEQEND
  5
D8
330
D5
100
AcDbEntity
  8
0
  0
POLYLINE
  5
DD
330
70
100
AcDbEntity
  8
0
100
AcDb2dPolyline
 66
     1
 10
0.0
 20
0.0
 30
0.0
  0
VERTEX
  5
DE
330
DD
100
AcDbEntity
  8
0
100
AcDbVertex
100
AcDb2dVertex
 10
-44.78154663381997
 20
-67.808804088981
 30
0.0
  0
VERTEX
  5
DF
330
DD
100
AcDbEntity
  8
0
100
AcDbVertex
100
AcDb2dVertex
 10
-44.99334066216946
 20
-67.808804088981
 30
0.0
  0
VERTEX
  5
E1
330
DD
100
AcDbEntity
  8
0
100
AcDbVertex
100
AcDb2dVertex
 10
-44.99334066216946
 20
-65.59119602743925
 30
0.0
  0
VERTEX
  5
E2
330
DD
100
AcDbEntity
  8
0
100
AcDbVertex
100
AcDb2dVertex
 10
-44.78154663381997
 20
-65.59119602743925
 30
0.0
  0
SEQEND
  5
E0
330
DD
100
AcDbEntity
  8
0
  0
POLYLINE
  5
E3
330
70
100
AcDbEntity
  8
0
100
AcDb2dPolyline
 66
     1
 10
0.0
 20
0.0
 30
0.0
  0
VERTEX
  5
E4
330
E3
100
AcDbEntity
  8
0
100
AcDbVertex
100
AcDb2dVertex
 10
-44.78154663381997
 20
-65.19999999860548
 30
0.0
  0
VERTEX
  5
E5
330
E3
100
AcDbEntity
  8
0
100
AcDbVertex
100
AcDb2dVertex
 10
-45.5141048024641
 20
-65.19999999860548
 30
0.0
  0
VERTEX
  5
E7
330
E3
100
AcDbEntity
  8
0
100
AcDbVertex
100
AcDb2dVertex
 10
-45.5141048024641
 20
-68.20000011781477
 30
0.0
  0
VERTEX
  5
E8
330
E3
100
AcDbEntity
  8
0
100
AcDbVertex
100
AcDb2dVertex
 10
-44.78154663381997
 20
-68.20000011781477
 30
0.0
  0
SEQEND
  5
E6
330
E3
100
AcDbEntity
  8
0
  0
POLYLINE
  5
E9
330
70
100
AcDbEntity
  8
0
100
AcDb2dPolyline
 66
     1
 10
0.0
 20
0.0
 30
0.0
 70
     1
  0
VERTEX
  5
EA
330
E9
100
AcDbEntity
  8
0
100
AcDbVertex
100
AcDb2dVertex
 10
-52.40613165440173
 20
-68.20000011781477
 30
0.0
  0
VERTEX
  5
EB
330
E9
100
AcDbEntity
  8
0
100
AcDbVertex
100
AcDb2dVertex
 10
-50.72922128876398
 20
-68.20000011781477
 30
0.0
  0
VERTEX
  5
ED
330
E9
100
AcDbEntity
  8
0
100
AcDbVertex
100
AcDb2dVertex
 10
-50.72922128876398
 20
-67.808804088981
 30
0.0
  0
VERTEX
  5
EE
330
E9
100
AcDbEntity
  8
0
100
AcDbVertex
100
AcDb2dVertex
 10
-51.88785920855825
 20
-67.808804088981
 30
0.0
  0
VERTEX
  5
EF
330
E9
100
AcDbEntity
  8
0
100
AcDbVertex
100
AcDb2dVertex
 10
-51.88785920855825
 20
-65.19999999860548
 30
0.0
  0
VERTEX
  5
F0
330
E9
100
AcDbEntity
  8
0
100
AcDbVertex
100
AcDb2dVertex
 10
-52.40613165440173
 20
-65.19999999860548
 30
0.0
  0
SEQEND
  5
EC
330
E9
100
AcDbEntity
  8
0
  0
POLYLINE
  5
F1
330
70
100
AcDbEntity
  8
0
100
AcDb2dPolyline
 66
     1
 10
0.0
 20
0.0
 30
0.0
  0
VERTEX
  5
F2
330
F1
100
AcDbEntity
  8
0
100
AcDbVertex
100
AcDb2dVertex
 10
-56.31809194273941
 20
-66.63770769693086
 30
0.0
  0
VERTEX
  5
F3
330
F1
100
AcDbEntity
  8
0
100
AcDbVertex
100
AcDb2dVertex
 10
-56.64699561029393
 20
-66.63770769693086
 30
0.0
  0
VERTEX
  5
F5
330
F1
100
AcDbEntity
  8
0
100
AcDbVertex
100
AcDb2dVertex
 10
-56.64699561029393
 20
-65.59119602743925
 30
0.0
  0
VERTEX
  5
F6
330
F1
100
AcDbEntity
  8
0
100
AcDbVertex
100
AcDb2dVertex
 10
-56.31809194273941
 20
-65.59119602743925
 30
0.0
  0
SEQEND
  5
F4
330
F1
100
AcDbEntity
  8
0
  0
POLYLINE
  5
F7
330
70
100
AcDbEntity
  8
0
100
AcDb2dPolyline
 66
     1
 10
0.0
 20
0.0
 30
0.0
  0
VERTEX
  5
F8
330
F7
100
AcDbEntity
  8
0
100
AcDbVertex
100
AcDb2dVertex
 10
-56.31809194273941
 20
-65.19999999860548
 30
0.0
  0
VERTEX
  5
F9
330
F7
100
AcDbEntity
  8
0
100
AcDbVertex
100
AcDb2dVertex
 10
-57.16775975058856
 20
-65.19999999860548
 30
0.0
  0
VERTEX
  5
FB
330
F7
100
AcDbEntity
  8
0
100
AcDbVertex
100
AcDb2dVertex
 10
-57.16775975058856
 20
-68.20000011781477
 30
0.0
  0
VERTEX
  5
FC
330
F7
100
AcDbEntity
  8
0
100
AcDbVertex
100
AcDb2dVertex
 10
-56.64699561029393
 20
-68.20000011781477
 30
0.0
  0
VERTEX
  5
FD
330
F7
100
AcDbEntity
  8
0
100
AcDbVertex
100
AcDb2dVertex
 10
-56.64699561029393
 20
-67.02890372576463
 30
0.0
  0
VERTEX
  5
FE
330
F7
100
AcDbEntity
  8
0
100
AcDbVertex
100
AcDb2dVertex
 10
-56.31809194273941
 20
-67.02890372576463
 30
0.0
  0
SEQEND
  5
FA
330
F7
100
AcDbEntity
  8
0
  0
POLYLINE
  5
FF
330
70
100
AcDbEntity
  8
0
100
AcDb2dPolyline
 66
     1
 10
0.0
 20
0.0
 30
0.0
 70
     1
  0
VERTEX
  5
100
330
FF
100
AcDbEntity
  8
0
100
AcDbVertex
100
AcDb2dVertex
 10
-64.19682979734055
 20
-68.20000011781477
 30
0.0
  0
VERTEX
  5
101
330
FF
100
AcDbEntity
  8
0
100
AcDbVertex
100
AcDb2dVertex
 10
-62.5548031540192
 20
-68.20000011781477
 30
0.0
  0
VERTEX
  5
103
330
FF
100
AcDbEntity
  8
0
100
AcDbVertex
100
AcDb2dVertex
 10
-62.5548031540192
 20
-67.808804088981
 30
0.0
  0
VERTEX
  5
104
330
FF
100
AcDbEntity
  8
0
100
AcDbVertex
100
AcDb2dVertex
 10
-63.11294271108138
 20
-67.808804088981
 30
0.0
  0
VERTEX
  5
105
330
FF
100
AcDbEntity
  8
0
100
AcDbVertex
100
AcDb2dVertex
 10
-63.11294271108138
 20
-65.59119602743925
 30
0.0
  0
VERTEX
  5
106
330
FF
100
AcDbEntity
  8
0
100
AcDbVertex
100
AcDb2dVertex
 10
-62.5548031540192
 20
-65.59119602743925
 30
0.0
  0
VERTEX
  5
107
330
FF
100
AcDbEntity
  8
0
100
AcDbVertex
100
AcDb2dVertex
 10
-62.5548031540192
 20
-65.19999999860548
 30
0.0
  0
VERTEX
  5
108
330
FF
100
AcDbEntity
  8
0
100
AcDbVertex
100
AcDb2dVertex
 10
-64.19682979734055
 20
-65.19999999860548
 30
0.0
  0
VERTEX
  5
109
330
FF
100
AcDbEntity
  8
0
100
AcDbVertex
100
AcDb2dVertex
 10
-64.19682979734055
 20
-65.59119602743925
 30
0.0
  0
VERTEX
  5
10A
330
FF
100
AcDbEntity
  8
0
100
AcDbVertex
100
AcDb2dVertex
 10
-63.63869024027836
 20
-65.59119602743925
 30
0.0
  0
VERTEX
  5
10B
330
FF
100
AcDbEntity
  8
0
100
AcDbVertex
100
AcDb2dVertex
 10
-63.63869024027836
 20
-67.808804088981
 30
0.0
  0
VERTEX
  5
10C
330
FF
100
AcDbEntity
  8
0
100
AcDbVertex
100
AcDb2dVertex
 10
-64.19682979734055
 20
-67.808804088981
 30
0.0
  0
SEQEND
  5
102
330
FF
100
AcDbEntity
  8
0
  0
POLYLINE
  5
10D
330
70
100
AcDbEntity
  8
0
100
AcDb2dPolyline
 66
     1
 10
0.0
 20
0.0
 30
0.0
  0
VERTEX
  5
10E
330
10D
100
AcDbEntity
  8
0
100
AcDbVertex
100
AcDb2dVertex
 10
-74.61211260323327
 20
-67.59950175508269
 30
0.0
  0
VERTEX
  5
10F
330
10D
100
AcDbEntity
  8
0
100
AcDbVertex
100
AcDb2dVertex
 10
-74.61211260323327
 20
-68.20000011781477
 30
0.0
  0
VERTEX
  5
111
330
10D
100
AcDbEntity
  8
0
100
AcDbVertex
100
AcDb2dVertex
 10
-74.12374049080385
 20
-68.20000011781477
 30
0.0
  0
VERTEX
  5
112
330
10D
100
AcDbEntity
  8
0
100
AcDbVertex
100
AcDb2dVertex
 10
-74.12374049080385
 20
-65.19999999860548
 30
0.0
  0
VERTEX
  5
113
330
10D
100
AcDbEntity
  8
0
100
AcDbVertex
100
AcDb2dVertex
 10
-74.67689665896371
 20
-65.19999999860548
 30
0.0
  0
VERTEX
  5
114
330
10D
100
AcDbEntity
  8
0
100
AcDbVertex
100
AcDb2dVertex
 10
-75.09799302121152
 20
-66.67259141924725
 30
0.0
  0
VERTEX
  5
115
330
10D
100
AcDbEntity
  8
0
100
AcDbVertex
100
AcDb2dVertex
 10
-75.52158107791051
 20
-65.19999999860548
 30
0.0
  0
VERTEX
  5
116
330
10D
100
AcDbEntity
  8
0
100
AcDbVertex
100
AcDb2dVertex
 10
-76.07473724607036
 20
-65.19999999860548
 30
0.0
  0
VERTEX
  5
117
330
10D
100
AcDbEntity
  8
0
100
AcDbVertex
100
AcDb2dVertex
 10
-76.07473724607036
 20
-68.20000011781477
 30
0.0
  0
VERTEX
  5
118
330
10D
100
AcDbEntity
  8
0
100
AcDbVertex
100
AcDb2dVertex
 10
-75.58636513364094
 20
-68.20000011781477
 30
0.0
  0
VERTEX
  5
119
330
10D
100
AcDbEntity
  8
0
100
AcDbVertex
100
AcDb2dVertex
 10
-75.58636513364094
 20
-67.59950175508269
 30
0.0
  0
SEQEND
  5
110
330
10D
100
AcDbEntity
  8
0
  0
POLYLINE
  5
11A
330
70
100
AcDbEntity
  8
0
100
AcDb2dPolyline
 66
     1
 10
0.0
 20
0.0
 30
0.0
  0
VERTEX
  5
11B
330
11A
100
AcDbEntity
  8
0
100
AcDbVertex
100
AcDb2dVertex
 10
-75.67108274498074
 20
-65.94003325060312
 30
0.0
  0
VERTEX
  5
11C
330
11A
100
AcDbEntity
  8
0
100
AcDbVertex
100
AcDb2dVertex
 10
-75.2773950216958
 20
-67.29800672649105
 30
0.0
  0
VERTEX
  5
11E
330
11A
100
AcDbEntity
  8
0
100
AcDbVertex
100
AcDb2dVertex
 10
-74.92108271517841
 20
-67.29800672649105
 30
0.0
  0
VERTEX
  5
11F
330
11A
100
AcDbEntity
  8
0
100
AcDbVertex
100
AcDb2dVertex
 10
-74.52739499189347
 20
-65.94003325060312
 30
0.0
  0
SEQEND
  5
11D
330
11A
100
AcDbEntity
  8
0
  0
POLYLINE
  5
120
330
70
100
AcDbEntity
  8
0
100
AcDb2dPolyline
 66
     1
 10
0.0
 20
0.0
 30
0.0
 70
     1
  0
VERTEX
  5
121
330
120
100
AcDbEntity
  8
0
100
AcDbVertex
100
AcDb2dVertex
 10
-37.19774630084138
 20
-31.88635739545848
 30
0.0
  0
VERTEX
  5
122
330
120
100
AcDbEntity
  8
0
100
AcDbVertex
100
AcDb2dVertex
 10
-37.19774630084138
 20
-34.30966020332554
 30
0.0
  0
VERTEX
  5
124
330
120
100
AcDbEntity
  8
0
100
AcDbVertex
100
AcDb2dVertex
 10
-39.14226322060865
 20
-34.30966020332554
 30
0.0
  0
VERTEX
  5
125
330
120
100
AcDbEntity
  8
0
100
AcDbVertex
100
AcDb2dVertex
 10
-39.14226322060865
 20
-31.88635739545848
 30
0.0
  0
SEQEND
  5
123
330
120
100
AcDbEntity
  8
0
  0
POLYLINE
  5
126
330
70
100
AcDbEntity
  8
0
100
AcDb2dPolyline
 66
     1
 10
0.0
 20
0.0
 30
0.0
 70
     1
  0
VERTEX
  5
127
330
126
100
AcDbEntity
  8
0
100
AcDbVertex
100
AcDb2dVertex
 10
-39.21275930229206
 20
-35.56390298994279
 30
0.0
  0
VERTEX
  5
128
330
126
100
AcDbEntity
  8
0
100
AcDbVertex
100
AcDb2dVertex
 10
-37.12725021915798
 20
-35.56390298994279
 30
0.0
  0
VERTEX
  5
12A
330
126
100
AcDbEntity
  8
0
100
AcDbVertex
100
AcDb2dVertex
 10
-36.2431118613786
 20
-34.67976463216341
 30
0.0
  0
VERTEX
  5
12B
330
126
100
AcDbEntity
  8
0
100
AcDbVertex
100
AcDb2dVertex
 10
-36.2431118613786
 20
-31.51625296662059
 30
0.0
  0
VERTEX
  5
12C
330
126
100
AcDbEntity
  8
0
100
AcDbVertex
100
AcDb2dVertex
 10
-37.12725021915798
 20
-30.63211460884122
 30
0.0
  0
VERTEX
  5
12D
330
126
100
AcDbEntity
  8
0
100
AcDbVertex
100
AcDb2dVertex
 10
-39.21275930229206
 20
-30.63211460884122
 30
0.0
  0
VERTEX
  5
12E
330
126
100
AcDbEntity
  8
0
100
AcDbVertex
100
AcDb2dVertex
 10
-40.09689766007142
 20
-31.51625296662059
 30
0.0
  0
VERTEX
  5
12F
330
126
100
AcDbEntity
  8
0
100
AcDbVertex
100
AcDb2dVertex
 10
-40.09689766007142
 20
-34.67976463216341
 30
0.0
  0
SEQEND
  5
129
330
126
100
AcDbEntity
  8
0
  0
POLYLINE
  5
130
330
70
100
AcDbEntity
  8
0
100
AcDb2dPolyline
 66
     1
 10
0.0
 20
0.0
 30
0.0
 70
     1
  0
VERTEX
  5
131
330
130
100
AcDbEntity
  8
0
100
AcDbVertex
100
AcDb2dVertex
 10
-40.07633630291376
 20
-25.53583537047837
 30
0.0
  0
VERTEX
  5
132
330
130
100
AcDbEntity
  8
0
100
AcDbVertex
100
AcDb2dVertex
 10
-36.2431118613786
 20
-25.53583537047837
 30
0.0
  0
VERTEX
  5
134
330
130
100
AcDbEntity
  8
0
100
AcDbVertex
100
AcDb2dVertex
 10
-36.2431118613786
 20
-24.28159258386112
 30
0.0
  0
VERTEX
  5
135
330
130
100
AcDbEntity
  8
0
100
AcDbVertex
100
AcDb2dVertex
 10
-40.74311174216931
 20
-24.28159258386112
 30
0.0
  0
SEQEND
  5
133
330
130
100
AcDbEntity
  8
0
  0
POLYLINE
  5
136
330
70
100
AcDbEntity
  8
0
100
AcDb2dPolyline
 66
     1
 10
0.0
 20
0.0
 30
0.0
 70
     1
  0
VERTEX
  5
137
330
136
100
AcDbEntity
  8
0
100
AcDbVertex
100
AcDb2dVertex
 10
-37.19774630084138
 20
-20.0195169787519
 30
0.0
  0
VERTEX
  5
138
330
136
100
AcDbEntity
  8
0
100
AcDbVertex
100
AcDb2dVertex
 10
-37.19774630084138
 20
-22.44281978661895
 30
0.0
  0
VERTEX
  5
13A
330
136
100
AcDbEntity
  8
0
100
AcDbVertex
100
AcDb2dVertex
 10
-39.14226322060864
 20
-22.44281978661895
 30
0.0
  0
VERTEX
  5
13B
330
136
100
AcDbEntity
  8
0
100
AcDbVertex
100
AcDb2dVertex
 10
-39.14226322060864
 20
-20.0195169787519
 30
0.0
  0
SEQEND
  5
139
330
136
100
AcDbEntity
  8
0
  0
POLYLINE
  5
13C
330
70
100
AcDbEntity
  8
0
100
AcDb2dPolyline
 66
     1
 10
0.0
 20
0.0
 30
0.0
 70
     1
  0
VERTEX
  5
13D
330
13C
100
AcDbEntity
  8
0
100
AcDbVertex
100
AcDb2dVertex
 10
-39.21275930229206
 20
-23.69706257323621
 30
0.0
  0
VERTEX
  5
13E
330
13C
100
AcDbEntity
  8
0
100
AcDbVertex
100
AcDb2dVertex
 10
-37.12725021915797
 20
-23.69706257323621
 30
0.0
  0
VERTEX
  5
140
330
13C
100
AcDbEntity
  8
0
100
AcDbVertex
100
AcDb2dVertex
 10
-36.2431118613786
 20
-22.81292421545683
 30
0.0
  0
VERTEX
  5
141
330
13C
100
AcDbEntity
  8
0
100
AcDbVertex
100
AcDb2dVertex
 10
-36.2431118613786
 20
-19.64941254991401
 30
0.0
  0
VERTEX
  5
142
330
13C
100
AcDbEntity
  8
0
100
AcDbVertex
100
AcDb2dVertex
 10
-37.12725021915797
 20
-18.76527419213464
 30
0.0
  0
VERTEX
  5
143
330
13C
100
AcDbEntity
  8
0
100
AcDbVertex
100
AcDb2dVertex
 10
-39.21275930229206
 20
-18.76527419213464
 30
0.0
  0
VERTEX
  5
144
330
13C
100
AcDbEntity
  8
0
100
AcDbVertex
100
AcDb2dVertex
 10
-40.09689766007142
 20
-19.64941254991401
 30
0.0
  0
VERTEX
  5
145
330
13C
100
AcDbEntity
  8
0
100
AcDbVertex
100
AcDb2dVertex
 10
-40.09689766007142
 20
-22.81292421545683
 30
0.0
  0
SEQEND
  5
13F
330
13C
100
AcDbEntity
  8
0
  0
POLYLINE
  5
146
330
70
100
AcDbEntity
  8
0
100
AcDb2dPolyline
 66
     1
 10
0.0
 20
0.0
 30
0.0
 70
     1
  0
VERTEX
  5
147
330
146
100
AcDbEntity
  8
0
100
AcDbVertex
100
AcDb2dVertex
 10
4.634967333640246
 20
-40.32238984506669
 30
0.0
  0
VERTEX
  5
148
330
146
100
AcDbEntity
  8
0
100
AcDbVertex
100
AcDb2dVertex
 10
4.634967333640262
 20
-37.56129312960645
 30
0.0
  0
VERTEX
  5
14A
330
146
100
AcDbEntity
  8
0
100
AcDbVertex
100
AcDb2dVertex
 10
2.061860181785819
 20
-37.56129312960643
 30
0.0
  0
VERTEX
  5
14B
330
146
100
AcDbEntity
  8
0
100
AcDbVertex
100
AcDb2dVertex
 10
2.061860181785807
 20
-39.71925666183139
 30
0.0
  0
VERTEX
  5
14C
330
146
100
AcDbEntity
  8
0
100
AcDbVertex
100
AcDb2dVertex
 10
2.704157857438968
 20
-40.24406086023093
 30
0.0
  0
VERTEX
  5
14D
330
146
100
AcDbEntity
  8
0
100
AcDbVertex
100
AcDb2dVertex
 10
2.704157857438978
 20
-38.32304250713413
 30
0.0
  0
VERTEX
  5
14E
330
146
100
AcDbEntity
  8
0
100
AcDbVertex
100
AcDb2dVertex
 10
3.052721839958074
 20
-38.32304250713413
 30
0.0
  0
VERTEX
  5
14F
330
146
100
AcDbEntity
  8
0
100
AcDbVertex
100
AcDb2dVertex
 10
3.052721839958067
 20
-39.51755952587934
 30
0.0
  0
VERTEX
  5
150
330
146
100
AcDbEntity
  8
0
100
AcDbVertex
100
AcDb2dVertex
 10
3.644105675467989
 20
-39.99732455799831
 30
0.0
  0
VERTEX
  5
151
330
146
100
AcDbEntity
  8
0
100
AcDbVertex
100
AcDb2dVertex
 10
3.644105675467999
 20
-38.32304250713413
 30
0.0
  0
VERTEX
  5
152
330
146
100
AcDbEntity
  8
0
100
AcDbVertex
100
AcDb2dVertex
 10
3.992669657987094
 20
-38.32304250713413
 30
0.0
  0
VERTEX
  5
153
330
146
100
AcDbEntity
  8
0
100
AcDbVertex
100
AcDb2dVertex
 10
3.992669657987086
 20
-39.80150209590895
 30
0.0
  0
SEQEND
  5
149
330
146
100
AcDbEntity
  8
0
  0
POLYLINE
  5
154
330
70
100
AcDbEntity
  8
0
100
AcDb2dPolyline
 66
     1
 10
0.0
 20
0.0
 30
0.0
 70
     1
  0
VERTEX
  5
155
330
154
100
AcDbEntity
  8
0
100
AcDbVertex
100
AcDb2dVertex
 10
4.634967333640316
 20
-27.80150161907178
 30
0.0
  0
VERTEX
  5
156
330
154
100
AcDbEntity
  8
0
100
AcDbVertex
100
AcDb2dVertex
 10
4.634967333640331
 20
-25.04040490361153
 30
0.0
  0
VERTEX
  5
158
330
154
100
AcDbEntity
  8
0
100
AcDbVertex
100
AcDb2dVertex
 10
1.634967214431042
 20
-25.04040490361152
 30
0.0
  0
VERTEX
  5
159
330
154
100
AcDbEntity
  8
0
100
AcDbVertex
100
AcDb2dVertex
 10
2.079484203373928
 20
-25.80215428113921
 30
0.0
  0
VERTEX
  5
15A
330
154
100
AcDbEntity
  8
0
100
AcDbVertex
100
AcDb2dVertex
 10
3.050763615337249
 20
-25.80215428113921
 30
0.0
  0
VERTEX
  5
15B
330
154
100
AcDbEntity
  8
0
100
AcDbVertex
100
AcDb2dVertex
 10
3.050763615337243
 20
-26.99667129988443
 30
0.0
  0
VERTEX
  5
15C
330
154
100
AcDbEntity
  8
0
100
AcDbVertex
100
AcDb2dVertex
 10
3.642147450847165
 20
-27.47643633200341
 30
0.0
  0
VERTEX
  5
15D
330
154
100
AcDbEntity
  8
0
100
AcDbVertex
100
AcDb2dVertex
 10
3.642147450847174
 20
-25.80215428113922
 30
0.0
  0
VERTEX
  5
15E
330
154
100
AcDbEntity
  8
0
100
AcDbVertex
100
AcDb2dVertex
 10
3.992669657987164
 20
-25.80215428113922
 30
0.0
  0
VERTEX
  5
15F
330
154
100
AcDbEntity
  8
0
100
AcDbVertex
100
AcDb2dVertex
 10
3.992669657987156
 20
-27.28061386991403
 30
0.0
  0
SEQEND
  5
157
330
154
100
AcDbEntity
  8
0
  0
POLYLINE
  5
160
330
70
100
AcDbEntity
  8
0
100
AcDb2dPolyline
 66
     1
 10
0.0
 20
0.0
 30
0.0
 70
     1
  0
VERTEX
  5
161
330
160
100
AcDbEntity
  8
0
100
AcDbVertex
100
AcDb2dVertex
 10
3.236794954322177
 20
-22.73949097406132
 30
0.0
  0
VERTEX
  5
162
330
160
100
AcDbEntity
  8
0
100
AcDbVertex
100
AcDb2dVertex
 10
3.87909262997534
 20
-22.73949097406133
 30
0.0
  0
VERTEX
  5
164
330
160
100
AcDbEntity
  8
0
100
AcDbVertex
100
AcDb2dVertex
 10
3.879092629975344
 20
-22.15594003703497
 30
0.0
  0
VERTEX
  5
165
330
160
100
AcDbEntity
  8
0
100
AcDbVertex
100
AcDb2dVertex
 10
3.23679495432218
 20
-22.15594003703497
 30
0.0
  0
SEQEND
  5
163
330
160
100
AcDbEntity
  8
0
  0
POLYLINE
  5
166
330
70
100
AcDbEntity
  8
0
100
AcDb2dPolyline
 66
     1
 10
0.0
 20
0.0
 30
0.0
 70
     1
  0
VERTEX
  5
167
330
166
100
AcDbEntity
  8
0
100
AcDbVertex
100
AcDb2dVertex
 10
2.657160466537638
 20
-18.50972579293072
 30
0.0
  0
VERTEX
  5
168
330
166
100
AcDbEntity
  8
0
100
AcDbVertex
100
AcDb2dVertex
 10
5.06969319947879
 20
-18.50972579293074
 30
0.0
  0
VERTEX
  5
16A
330
166
100
AcDbEntity
  8
0
100
AcDbVertex
100
AcDb2dVertex
 10
4.61342686281054
 20
-17.74405996616127
 30
0.0
  0
VERTEX
  5
16B
330
166
100
AcDbEntity
  8
0
100
AcDbVertex
100
AcDb2dVertex
 10
2.702199632818199
 20
-17.74405996616125
 30
0.0
  0
VERTEX
  5
16C
330
166
100
AcDbEntity
  8
0
100
AcDbVertex
100
AcDb2dVertex
 10
2.702199632818206
 20
-16.47121396258028
 30
0.0
  0
VERTEX
  5
16D
330
166
100
AcDbEntity
  8
0
100
AcDbVertex
100
AcDb2dVertex
 10
4.634967333640379
 20
-16.4712139625803
 30
0.0
  0
VERTEX
  5
16E
330
166
100
AcDbEntity
  8
0
100
AcDbVertex
100
AcDb2dVertex
 10
4.640842007503064
 20
-15.70946458505261
 30
0.0
  0
VERTEX
  5
16F
330
166
100
AcDbEntity
  8
0
100
AcDbVertex
100
AcDb2dVertex
 10
2.657160466537653
 20
-15.7094645850526
 30
0.0
  0
VERTEX
  5
170
330
166
100
AcDbEntity
  8
0
100
AcDbVertex
100
AcDb2dVertex
 10
2.065776631027725
 20
-16.24210168193571
 30
0.0
  0
VERTEX
  5
171
330
166
100
AcDbEntity
  8
0
100
AcDbVertex
100
AcDb2dVertex
 10
2.065776631027715
 20
-17.97708869604761
 30
0.0
  0
SEQEND
  5
169
330
166
100
AcDbEntity
  8
0
  0
POLYLINE
  5
172
330
70
100
AcDbEntity
  8
0
100
AcDb2dPolyline
 66
     1
 10
0.0
 20
0.0
 30
0.0
 70
     1
  0
VERTEX
  5
173
330
172
100
AcDbEntity
  8
0
100
AcDbVertex
100
AcDb2dVertex
 10
4.634967333640399
 20
-12.85633131241036
 30
0.0
  0
VERTEX
  5
174
330
172
100
AcDbEntity
  8
0
100
AcDbVertex
100
AcDb2dVertex
 10
4.634967333640411
 20
-10.62787169383322
 30
0.0
  0
VERTEX
  5
176
330
172
100
AcDbEntity
  8
0
100
AcDbVertex
100
AcDb2dVertex
 10
4.041625273509596
 20
-10.09523459695011
 30
0.0
  0
VERTEX
  5
177
330
172
100
AcDbEntity
  8
0
100
AcDbVertex
100
AcDb2dVertex
 10
2.645411118812321
 20
-10.0952345969501
 30
0.0
  0
VERTEX
  5
178
330
172
100
AcDbEntity
  8
0
100
AcDbVertex
100
AcDb2dVertex
 10
2.061860181785968
 20
-10.62591346921231
 30
0.0
  0
VERTEX
  5
179
330
172
100
AcDbEntity
  8
0
100
AcDbVertex
100
AcDb2dVertex
 10
2.061860181785959
 20
-12.25319812917506
 30
0.0
  0
VERTEX
  5
17A
330
172
100
AcDbEntity
  8
0
100
AcDbVertex
100
AcDb2dVertex
 10
2.70415785743912
 20
-12.7780023275746
 30
0.0
  0
VERTEX
  5
17B
330
172
100
AcDbEntity
  8
0
100
AcDbVertex
100
AcDb2dVertex
 10
2.704157857439131
 20
-10.85698397447779
 30
0.0
  0
VERTEX
  5
17C
330
172
100
AcDbEntity
  8
0
100
AcDbVertex
100
AcDb2dVertex
 10
3.992669657987247
 20
-10.85698397447779
 30
0.0
  0
VERTEX
  5
17D
330
172
100
AcDbEntity
  8
0
100
AcDbVertex
100
AcDb2dVertex
 10
3.992669657987239
 20
-12.33544356325261
 30
0.0
  0
SEQEND
  5
175
330
172
100
AcDbEntity
  8
0
  0
POLYLINE
  5
17E
330
70
100
AcDbEntity
  8
0
100
AcDb2dPolyline
 66
     1
 10
0.0
 20
0.0
 30
0.0
 70
     1
  0
VERTEX
  5
17F
330
17E
100
AcDbEntity
  8
0
100
AcDbVertex
100
AcDb2dVertex
 10
4.634967333640432
 20
-6.948367631173788
 30
0.0
  0
VERTEX
  5
180
330
17E
100
AcDbEntity
  8
0
100
AcDbVertex
100
AcDb2dVertex
 10
4.634967333640444
 20
-4.719908012596654
 30
0.0
  0
VERTEX
  5
182
330
17E
100
AcDbEntity
  8
0
100
AcDbVertex
100
AcDb2dVertex
 10
4.041625273509628
 20
-4.187270915713538
 30
0.0
  0
VERTEX
  5
183
330
17E
100
AcDbEntity
  8
0
100
AcDbVertex
100
AcDb2dVertex
 10
2.645411118812355
 20
-4.187270915713531
 30
0.0
  0
VERTEX
  5
184
330
17E
100
AcDbEntity
  8
0
100
AcDbVertex
100
AcDb2dVertex
 10
2.061860181786002
 20
-4.717949787975745
 30
0.0
  0
VERTEX
  5
185
330
17E
100
AcDbEntity
  8
0
100
AcDbVertex
100
AcDb2dVertex
 10
2.061860181785992
 20
-6.345234447938485
 30
0.0
  0
VERTEX
  5
186
330
17E
100
AcDbEntity
  8
0
100
AcDbVertex
100
AcDb2dVertex
 10
2.704157857439153
 20
-6.870038646338025
 30
0.0
  0
VERTEX
  5
187
330
17E
100
AcDbEntity
  8
0
100
AcDbVertex
100
AcDb2dVertex
 10
2.704157857439164
 20
-4.949020293241216
 30
0.0
  0
VERTEX
  5
188
330
17E
100
AcDbEntity
  8
0
100
AcDbVertex
100
AcDb2dVertex
 10
3.99266965798728
 20
-4.949020293241223
 30
0.0
  0
VERTEX
  5
189
330
17E
100
AcDbEntity
  8
0
100
AcDbVertex
100
AcDb2dVertex
 10
3.992669657987271
 20
-6.427479882016036
 30
0.0
  0
SEQEND
  5
181
330
17E
100
AcDbEntity
  8
0
  0
POLYLINE
  5
18A
330
70
100
AcDbEntity
  8
0
100
AcDb2dPolyline
 66
     1
 10
0.0
 20
0.0
 30
0.0
 70
     1
  0
VERTEX
  5
18B
330
18A
100
AcDbEntity
  8
0
100
AcDbVertex
100
AcDb2dVertex
 10
1.634967214431159
 20
-3.819124686985493
 30
0.0
  0
VERTEX
  5
18C
330
18A
100
AcDbEntity
  8
0
100
AcDbVertex
100
AcDb2dVertex
 10
4.051416396614099
 20
-3.819124686985506
 30
0.0
  0
VERTEX
  5
18E
330
18A
100
AcDbEntity
  8
0
100
AcDbVertex
100
AcDb2dVertex
 10
4.634967333640452
 20
-3.286487590102398
 30
0.0
  0
VERTEX
  5
18F
330
18A
100
AcDbEntity
  8
0
100
AcDbVertex
100
AcDb2dVertex
 10
4.634967333640462
 20
-1.551500575990498
 30
0.0
  0
VERTEX
  5
190
330
18A
100
AcDbEntity
  8
0
100
AcDbVertex
100
AcDb2dVertex
 10
4.051416396614115
 20
-1.018863479107383
 30
0.0
  0
VERTEX
  5
191
330
18A
100
AcDbEntity
  8
0
100
AcDbVertex
100
AcDb2dVertex
 10
2.065776631027809
 20
-1.018863479107372
 30
0.0
  0
VERTEX
  5
192
330
18A
100
AcDbEntity
  8
0
100
AcDbVertex
100
AcDb2dVertex
 10
2.061860181786018
 20
-1.780612856635057
 30
0.0
  0
VERTEX
  5
193
330
18A
100
AcDbEntity
  8
0
100
AcDbVertex
100
AcDb2dVertex
 10
2.778570393033146
 20
-1.780612856635061
 30
0.0
  0
VERTEX
  5
194
330
18A
100
AcDbEntity
  8
0
100
AcDbVertex
100
AcDb2dVertex
 10
2.778570393033139
 20
-3.053458860216026
 30
0.0
  0
VERTEX
  5
195
330
18A
100
AcDbEntity
  8
0
100
AcDbVertex
100
AcDb2dVertex
 10
2.079484203374055
 20
-3.053458860216022
 30
0.0
  0
SEQEND
  5
18D
330
18A
100
AcDbEntity
  8
0
  0
POLYLINE
  5
196
330
70
100
AcDbEntity
  8
0
100
AcDb2dPolyline
 66
     1
 10
0.0
 20
0.0
 30
0.0
 70
     1
  0
VERTEX
  5
197
330
196
100
AcDbEntity
  8
0
100
AcDbVertex
100
AcDb2dVertex
 10
-57.52828593619163
 20
11.43178848995913
 30
0.0
  0
VERTEX
  5
198
330
196
100
AcDbEntity
  8
0
100
AcDbVertex
100
AcDb2dVertex
 10
-57.52828593619163
 20
9.251631831995688
 30
0.0
  0
VERTEX
  5
19A
330
196
100
AcDbEntity
  8
0
100
AcDbVertex
100
AcDb2dVertex
 10
-57.80570107979477
 20
9.003590056538772
 30
0.0
  0
VERTEX
  5
19B
330
196
100
AcDbEntity
  8
0
100
AcDbVertex
100
AcDb2dVertex
 10
-58.11248959154411
 20
9.254895539567495
 30
0.0
  0
VERTEX
  5
19C
330
196
100
AcDbEntity
  8
0
100
AcDbVertex
100
AcDb2dVertex
 10
-58.11248959154411
 20
11.43178848995913
 30
0.0
  0
SEQEND
  5
199
330
196
100
AcDbEntity
  8
0
  0
POLYLINE
  5
19D
330
70
100
AcDbEntity
  8
0
100
AcDb2dPolyline
 66
     1
 10
0.0
 20
0.0
 30
0.0
 70
     1
  0
VERTEX
  5
19E
330
19D
100
AcDbEntity
  8
0
100
AcDbVertex
100
AcDb2dVertex
 10
-59.09812927822819
 20
11.43178848995913
 30
0.0
  0
VERTEX
  5
19F
330
19D
100
AcDbEntity
  8
0
100
AcDbVertex
100
AcDb2dVertex
 10
-59.09812927822819
 20
9.254895539567495
 30
0.0
  0
VERTEX
  5
1A1
330
19D
100
AcDbEntity
  8
0
100
AcDbVertex
100
AcDb2dVertex
 10
-59.40491778997754
 20
9.003590056538772
 30
0.0
  0
VERTEX
  5
1A2
330
19D
100
AcDbEntity
  8
0
100
AcDbVertex
100
AcDb2dVertex
 10
-59.68233293358068
 20
9.251631831995688
 30
0.0
  0
VERTEX
  5
1A3
330
19D
100
AcDbEntity
  8
0
100
AcDbVertex
100
AcDb2dVertex
 10
-59.68233293358068
 20
11.43178848995913
 30
0.0
  0
SEQEND
  5
1A0
330
19D
100
AcDbEntity
  8
0
  0
POLYLINE
  5
1A4
330
70
100
AcDbEntity
  8
0
100
AcDb2dPolyline
 66
     1
 10
0.0
 20
0.0
 30
0.0
 70
     1
  0
VERTEX
  5
1A5
330
1A4
100
AcDbEntity
  8
0
100
AcDbVertex
100
AcDb2dVertex
 10
-59.40818149754933
 20
7.557767602230676
 30
0.0
  0
VERTEX
  5
1A6
330
1A4
100
AcDbEntity
  8
0
100
AcDbVertex
100
AcDb2dVertex
 10
-58.60530943488615
 20
8.119125304580547
 30
0.0
  0
VERTEX
  5
1A8
330
1A4
100
AcDbEntity
  8
0
100
AcDbVertex
100
AcDb2dVertex
 10
-57.80243737222298
 20
7.557767602230676
 30
0.0
  0
VERTEX
  5
1A9
330
1A4
100
AcDbEntity
  8
0
100
AcDbVertex
100
AcDb2dVertex
 10
-56.46105356021252
 20
8.487924260194121
 30
0.0
  0
VERTEX
  5
1AA
330
1A4
100
AcDbEntity
  8
0
100
AcDbVertex
100
AcDb2dVertex
 10
-56.46105356021252
 20
12.76338117925418
 30
0.0
  0
VERTEX
  5
1AB
330
1A4
100
AcDbEntity
  8
0
100
AcDbVertex
100
AcDb2dVertex
 10
-60.74956530955979
 20
12.76338117925418
 30
0.0
  0
VERTEX
  5
1AC
330
1A4
100
AcDbEntity
  8
0
100
AcDbVertex
100
AcDb2dVertex
 10
-60.74956530955979
 20
8.487924260194127
 30
0.0
  0
SEQEND
  5
1A7
330
1A4
100
AcDbEntity
  8
0
  0
POLYLINE
  5
1AD
330
70
100
AcDbEntity
  8
0
100
AcDb2dPolyline
 66
     1
 10
0.0
 20
0.0
 30
0.0
 70
     1
  0
VERTEX
  5
1AE
330
1AD
100
AcDbEntity
  8
0
100
AcDbVertex
100
AcDb2dVertex
 10
-57.52175852104804
 20
17.23466055262232
 30
0.0
  0
VERTEX
  5
1AF
330
1AD
100
AcDbEntity
  8
0
100
AcDbVertex
100
AcDb2dVertex
 10
-57.52175852104804
 20
15.05776760223068
 30
0.0
  0
VERTEX
  5
1B1
330
1AD
100
AcDbEntity
  8
0
100
AcDbVertex
100
AcDb2dVertex
 10
-57.88729376908982
 20
14.77708875105574
 30
0.0
  0
VERTEX
  5
1B2
330
1AD
100
AcDbEntity
  8
0
100
AcDbVertex
100
AcDb2dVertex
 10
-58.27567497013419
 20
15.06103130980248
 30
0.0
  0
VERTEX
  5
1B3
330
1AD
100
AcDbEntity
  8
0
100
AcDbVertex
100
AcDb2dVertex
 10
-58.27567497013419
 20
17.23466055262232
 30
0.0
  0
SEQEND
  5
1B0
330
1AD
100
AcDbEntity
  8
0
  0
POLYLINE
  5
1B4
330
70
100
AcDbEntity
  8
0
100
AcDb2dPolyline
 66
     1
 10
0.0
 20
0.0
 30
0.0
 70
     1
  0
VERTEX
  5
1B5
330
1B4
100
AcDbEntity
  8
0
100
AcDbVertex
100
AcDb2dVertex
 10
-61.46105356021252
 20
13.41285898604269
 30
0.0
  0
VERTEX
  5
1B6
330
1B4
100
AcDbEntity
  8
0
100
AcDbVertex
100
AcDb2dVertex
 10
-59.45713711112637
 20
13.41285898604269
 30
0.0
  0
VERTEX
  5
1B8
330
1B4
100
AcDbEntity
  8
0
100
AcDbVertex
100
AcDb2dVertex
 10
-58.76196739833263
 20
14.09497386854921
 30
0.0
  0
VERTEX
  5
1B9
330
1B4
100
AcDbEntity
  8
0
100
AcDbVertex
100
AcDb2dVertex
 10
-57.80570107979477
 20
13.41285898604269
 30
0.0
  0
VERTEX
  5
1BA
330
1B4
100
AcDbEntity
  8
0
100
AcDbVertex
100
AcDb2dVertex
 10
-56.46105356021252
 20
14.34301564400614
 30
0.0
  0
VERTEX
  5
1BB
330
1B4
100
AcDbEntity
  8
0
100
AcDbVertex
100
AcDb2dVertex
 10
-56.46105356021252
 20
18.56625324191736
 30
0.0
  0
VERTEX
  5
1BC
330
1B4
100
AcDbEntity
  8
0
100
AcDbVertex
100
AcDb2dVertex
 10
-60.74303789441618
 20
18.56625324191736
 30
0.0
  0
VERTEX
  5
1BD
330
1B4
100
AcDbEntity
  8
0
100
AcDbVertex
100
AcDb2dVertex
 10
-60.74303789441618
 20
17.23466055262232
 30
0.0
  0
VERTEX
  5
1BE
330
1B4
100
AcDbEntity
  8
0
100
AcDbVertex
100
AcDb2dVertex
 10
-59.35922588397232
 20
17.23466055262232
 30
0.0
  0
VERTEX
  5
1BF
330
1B4
100
AcDbEntity
  8
0
100
AcDbVertex
100
AcDb2dVertex
 10
-59.35922588397232
 20
15.06755872494608
 30
0.0
  0
VERTEX
  5
1C0
330
1B4
100
AcDbEntity
  8
0
100
AcDbVertex
100
AcDb2dVertex
 10
-59.68886034872427
 20
14.74445167533773
 30
0.0
  0
VERTEX
  5
1C1
330
1B4
100
AcDbEntity
  8
0
100
AcDbVertex
100
AcDb2dVertex
 10
-60.71366452626996
 20
14.74445167533773
 30
0.0
  0
SEQEND
  5
1B7
330
1B4
100
AcDbEntity
  8
0
  0
POLYLINE
  5
1C2
330
70
100
AcDbEntity
  8
0
100
AcDb2dPolyline
 66
     1
 10
0.0
 20
0.0
 30
0.0
 70
     1
  0
VERTEX
  5
1C3
330
1C2
100
AcDbEntity
  8
0
100
AcDbVertex
100
AcDb2dVertex
 10
-56.46105356021251
 20
24.43439945601659
 30
0.0
  0
VERTEX
  5
1C4
330
1C2
100
AcDbEntity
  8
0
100
AcDbVertex
100
AcDb2dVertex
 10
-56.46105356021251
 20
29.85541773277899
 30
0.0
  0
VERTEX
  5
1C6
330
1C2
100
AcDbEntity
  8
0
100
AcDbVertex
100
AcDb2dVertex
 10
-57.52175852104804
 20
28.94157961267455
 30
0.0
  0
VERTEX
  5
1C7
330
1C2
100
AcDbEntity
  8
0
100
AcDbVertex
100
AcDb2dVertex
 10
-57.52175852104804
 20
27.81233679283121
 30
0.0
  0
VERTEX
  5
1C8
330
1C2
100
AcDbEntity
  8
0
100
AcDbVertex
100
AcDb2dVertex
 10
-61.46105356021251
 20
27.81233679283121
 30
0.0
  0
VERTEX
  5
1C9
330
1C2
100
AcDbEntity
  8
0
100
AcDbVertex
100
AcDb2dVertex
 10
-60.71366452626996
 20
26.48074410353617
 30
0.0
  0
VERTEX
  5
1CA
330
1C2
100
AcDbEntity
  8
0
100
AcDbVertex
100
AcDb2dVertex
 10
-57.52175852104804
 20
26.48074410353617
 30
0.0
  0
VERTEX
  5
1CB
330
1C2
100
AcDbEntity
  8
0
100
AcDbVertex
100
AcDb2dVertex
 10
-57.52175852104804
 20
25.35150128369283
 30
0.0
  0
SEQEND
  5
1C5
330
1C2
100
AcDbEntity
  8
0
  0
POLYLINE
  5
1CC
330
70
100
AcDbEntity
  8
0
100
AcDb2dPolyline
 66
     1
 10
0.0
 20
0.0
 30
0.0
 70
     1
  0
VERTEX
  5
1CD
330
1CC
100
AcDbEntity
  8
0
100
AcDbVertex
100
AcDb2dVertex
 10
-75.44382403105744
 20
-51.81129293336194
 30
0.0
  0
VERTEX
  5
1CE
330
1CC
100
AcDbEntity
  8
0
100
AcDbVertex
100
AcDb2dVertex
 10
-74.53683971229965
 20
-51.16475247439858
 30
0.0
  0
VERTEX
  5
1D0
330
1CC
100
AcDbEntity
  8
0
100
AcDbVertex
100
AcDb2dVertex
 10
-74.53683971229965
 20
-49.01494833346383
 30
0.0
  0
VERTEX
  5
1D1
330
1CC
100
AcDbEntity
  8
0
100
AcDbVertex
100
AcDb2dVertex
 10
-74.32665694825502
 20
-48.83674990307817
 30
0.0
  0
VERTEX
  5
1D2
330
1CC
100
AcDbEntity
  8
0
100
AcDbVertex
100
AcDb2dVertex
 10
-74.12789716051716
 20
-49.01494833346383
 30
0.0
  0
VERTEX
  5
1D3
330
1CC
100
AcDbEntity
  8
0
100
AcDbVertex
100
AcDb2dVertex
 10
-74.12789716051716
 20
-51.15104490283044
 30
0.0
  0
VERTEX
  5
1D4
330
1CC
100
AcDbEntity
  8
0
100
AcDbVertex
100
AcDb2dVertex
 10
-73.38540370057689
 20
-51.81129293336194
 30
0.0
  0
VERTEX
  5
1D5
330
1CC
100
AcDbEntity
  8
0
100
AcDbVertex
100
AcDb2dVertex
 10
-73.38540370057689
 20
-48.46893006600007
 30
0.0
  0
VERTEX
  5
1D6
330
1CC
100
AcDbEntity
  8
0
100
AcDbVertex
100
AcDb2dVertex
 10
-74.32665694825502
 20
-47.80411284494586
 30
0.0
  0
VERTEX
  5
1D7
330
1CC
100
AcDbEntity
  8
0
100
AcDbVertex
100
AcDb2dVertex
 10
-75.23135667175147
 20
-48.44836870864789
 30
0.0
  0
VERTEX
  5
1D8
330
1CC
100
AcDbEntity
  8
0
100
AcDbVertex
100
AcDb2dVertex
 10
-75.23135667175147
 20
-50.59817284958262
 30
0.0
  0
VERTEX
  5
1D9
330
1CC
100
AcDbEntity
  8
0
100
AcDbVertex
100
AcDb2dVertex
 10
-75.4415394357961
 20
-50.77408668470693
 30
0.0
  0
VERTEX
  5
1DA
330
1CC
100
AcDbEntity
  8
0
100
AcDbVertex
100
AcDb2dVertex
 10
-75.64029922353395
 20
-50.59817284958262
 30
0.0
  0
VERTEX
  5
1DB
330
1CC
100
AcDbEntity
  8
0
100
AcDbVertex
100
AcDb2dVertex
 10
-75.64029922353395
 20
-48.4575070896933
 30
0.0
  0
VERTEX
  5
1DC
330
1CC
100
AcDbEntity
  8
0
100
AcDbVertex
100
AcDb2dVertex
 10
-76.38279268347422
 20
-47.80411284494586
 30
0.0
  0
VERTEX
  5
1DD
330
1CC
100
AcDbEntity
  8
0
100
AcDbVertex
100
AcDb2dVertex
 10
-76.38279268347422
 20
-51.14647571230775
 30
0.0
  0
SEQEND
  5
1CF
330
1CC
100
AcDbEntity
  8
0
  0
POLYLINE
  5
1DE
330
70
100
AcDbEntity
  8
0
100
AcDb2dPolyline
 66
     1
 10
0.0
 20
0.0
 30
0.0
 70
     1
  0
VERTEX
  5
1DF
330
1DE
100
AcDbEntity
  8
0
100
AcDbVertex
100
AcDb2dVertex
 10
-75.64029922353395
 20
-43.77865599443893
 30
0.0
  0
VERTEX
  5
1E0
330
1DE
100
AcDbEntity
  8
0
100
AcDbVertex
100
AcDb2dVertex
 10
-75.64029922353395
 20
-41.36155420792569
 30
0.0
  0
VERTEX
  5
1E2
330
1DE
100
AcDbEntity
  8
0
100
AcDbVertex
100
AcDb2dVertex
 10
-72.87822355255615
 20
-41.36155420792569
 30
0.0
  0
VERTEX
  5
1E3
330
1DE
100
AcDbEntity
  8
0
100
AcDbVertex
100
AcDb2dVertex
 10
-73.40824965319043
 20
-40.41116257920214
 30
0.0
  0
VERTEX
  5
1E4
330
1DE
100
AcDbEntity
  8
0
100
AcDbVertex
100
AcDb2dVertex
 10
-76.38736187399692
 20
-40.41116257920214
 30
0.0
  0
VERTEX
  5
1E5
330
1DE
100
AcDbEntity
  8
0
100
AcDbVertex
100
AcDb2dVertex
 10
-76.38736187399692
 20
-43.11840796390743
 30
0.0
  0
SEQEND
  5
1E1
330
1DE
100
AcDbEntity
  8
0
  0
POLYLINE
  5
1E6
330
70
100
AcDbEntity
  8
0
100
AcDb2dPolyline
 66
     1
 10
0.0
 20
0.0
 30
0.0
 70
     1
  0
VERTEX
  5
1E7
330
1E6
100
AcDbEntity
  8
0
100
AcDbVertex
100
AcDb2dVertex
 10
-74.12789716051716
 20
-37.42291197735024
 30
0.0
  0
VERTEX
  5
1E8
330
1E6
100
AcDbEntity
  8
0
100
AcDbVertex
100
AcDb2dVertex
 10
-74.12789716051716
 20
-38.97872135033276
 30
0.0
  0
VERTEX
  5
1EA
330
1E6
100
AcDbEntity
  8
0
100
AcDbVertex
100
AcDb2dVertex
 10
-74.38605642505024
 20
-39.17976573333199
 30
0.0
  0
VERTEX
  5
1EB
330
1E6
100
AcDbEntity
  8
0
100
AcDbVertex
100
AcDb2dVertex
 10
-74.65563866589009
 20
-38.97872135033276
 30
0.0
  0
VERTEX
  5
1EC
330
1E6
100
AcDbEntity
  8
0
100
AcDbVertex
100
AcDb2dVertex
 10
-74.65563866589009
 20
-37.42291197735024
 30
0.0
  0
SEQEND
  5
1E9
330
1E6
100
AcDbEntity
  8
0
  0
POLYLINE
  5
1ED
330
70
100
AcDbEntity
  8
0
100
AcDb2dPolyline
 66
     1
 10
0.0
 20
0.0
 30
0.0
 70
     1
  0
VERTEX
  5
1EE
330
1ED
100
AcDbEntity
  8
0
100
AcDbVertex
100
AcDb2dVertex
 10
-74.32665694825502
 20
-40.15528790993042
 30
0.0
  0
VERTEX
  5
1EF
330
1ED
100
AcDbEntity
  8
0
100
AcDbVertex
100
AcDb2dVertex
 10
-73.38540370057689
 20
-39.49047068887622
 30
0.0
  0
VERTEX
  5
1F1
330
1ED
100
AcDbEntity
  8
0
100
AcDbVertex
100
AcDb2dVertex
 10
-73.38540370057689
 20
-36.47252034862669
 30
0.0
  0
VERTEX
  5
1F2
330
1ED
100
AcDbEntity
  8
0
100
AcDbVertex
100
AcDb2dVertex
 10
-76.36223132612203
 20
-36.47252034862669
 30
0.0
  0
VERTEX
  5
1F3
330
1ED
100
AcDbEntity
  8
0
100
AcDbVertex
100
AcDb2dVertex
 10
-76.88540364097224
 20
-37.42291197735024
 30
0.0
  0
VERTEX
  5
1F4
330
1ED
100
AcDbEntity
  8
0
100
AcDbVertex
100
AcDb2dVertex
 10
-75.41412429265983
 20
-37.42291197735024
 30
0.0
  0
VERTEX
  5
1F5
330
1ED
100
AcDbEntity
  8
0
100
AcDbVertex
100
AcDb2dVertex
 10
-75.41412429265983
 20
-39.38537930685391
 30
0.0
  0
SEQEND
  5
1F0
330
1ED
100
AcDbEntity
  8
0
  0
POLYLINE
  5
1F6
330
70
100
AcDbEntity
  8
0
100
AcDb2dPolyline
 66
     1
 10
0.0
 20
0.0
 30
0.0
 70
     1
  0
VERTEX
  5
1F7
330
1F6
100
AcDbEntity
  8
0
100
AcDbVertex
100
AcDb2dVertex
 10
-75.44382403105744
 20
-29.63015754086946
 30
0.0
  0
VERTEX
  5
1F8
330
1F6
100
AcDbEntity
  8
0
100
AcDbVertex
100
AcDb2dVertex
 10
-74.53683971229965
 20
-28.98361708190609
 30
0.0
  0
VERTEX
  5
1FA
330
1F6
100
AcDbEntity
  8
0
100
AcDbVertex
100
AcDb2dVertex
 10
-74.53683971229965
 20
-26.83381294097134
 30
0.0
  0
VERTEX
  5
1FB
330
1F6
100
AcDbEntity
  8
0
100
AcDbVertex
100
AcDb2dVertex
 10
-74.32665694825501
 20
-26.65561451058568
 30
0.0
  0
VERTEX
  5
1FC
330
1F6
100
AcDbEntity
  8
0
100
AcDbVertex
100
AcDb2dVertex
 10
-74.12789716051716
 20
-26.83381294097134
 30
0.0
  0
VERTEX
  5
1FD
330
1F6
100
AcDbEntity
  8
0
100
AcDbVertex
100
AcDb2dVertex
 10
-74.12789716051716
 20
-28.96990951033796
 30
0.0
  0
VERTEX
  5
1FE
330
1F6
100
AcDbEntity
  8
0
100
AcDbVertex
100
AcDb2dVertex
 10
-73.38540370057689
 20
-29.63015754086946
 30
0.0
  0
VERTEX
  5
1FF
330
1F6
100
AcDbEntity
  8
0
100
AcDbVertex
100
AcDb2dVertex
 10
-73.38540370057689
 20
-26.28779467350758
 30
0.0
  0
VERTEX
  5
200
330
1F6
100
AcDbEntity
  8
0
100
AcDbVertex
100
AcDb2dVertex
 10
-74.32665694825501
 20
-25.62297745245337
 30
0.0
  0
VERTEX
  5
201
330
1F6
100
AcDbEntity
  8
0
100
AcDbVertex
100
AcDb2dVertex
 10
-75.23135667175147
 20
-26.26723331615539
 30
0.0
  0
VERTEX
  5
202
330
1F6
100
AcDbEntity
  8
0
100
AcDbVertex
100
AcDb2dVertex
 10
-75.23135667175147
 20
-28.41703745709013
 30
0.0
  0
VERTEX
  5
203
330
1F6
100
AcDbEntity
  8
0
100
AcDbVertex
100
AcDb2dVertex
 10
-75.4415394357961
 20
-28.59295129221444
 30
0.0
  0
VERTEX
  5
204
330
1F6
100
AcDbEntity
  8
0
100
AcDbVertex
100
AcDb2dVertex
 10
-75.64029922353395
 20
-28.41703745709013
 30
0.0
  0
VERTEX
  5
205
330
1F6
100
AcDbEntity
  8
0
100
AcDbVertex
100
AcDb2dVertex
 10
-75.64029922353395
 20
-26.27637169720081
 30
0.0
  0
VERTEX
  5
206
330
1F6
100
AcDbEntity
  8
0
100
AcDbVertex
100
AcDb2dVertex
 10
-76.38279268347421
 20
-25.62297745245337
 30
0.0
  0
VERTEX
  5
207
330
1F6
100
AcDbEntity
  8
0
100
AcDbVertex
100
AcDb2dVertex
 10
-76.38279268347421
 20
-28.96534031981525
 30
0.0
  0
SEQEND
  5
1F9
330
1F6
100
AcDbEntity
  8
0
  0
POLYLINE
  5
208
330
70
100
AcDbEntity
  8
0
100
AcDb2dPolyline
 66
     1
 10
0.0
 20
0.0
 30
0.0
 70
     1
  0
VERTEX
  5
209
330
208
100
AcDbEntity
  8
0
100
AcDbVertex
100
AcDb2dVertex
 10
-75.64029922353395
 20
-21.59752060194644
 30
0.0
  0
VERTEX
  5
20A
330
208
100
AcDbEntity
  8
0
100
AcDbVertex
100
AcDb2dVertex
 10
-75.64029922353395
 20
-19.1804188154332
 30
0.0
  0
VERTEX
  5
20C
330
208
100
AcDbEntity
  8
0
100
AcDbVertex
100
AcDb2dVertex
 10
-72.87822355255615
 20
-19.1804188154332
 30
0.0
  0
VERTEX
  5
20D
330
208
100
AcDbEntity
  8
0
100
AcDbVertex
100
AcDb2dVertex
 10
-73.40824965319043
 20
-18.23002718670965
 30
0.0
  0
VERTEX
  5
20E
330
208
100
AcDbEntity
  8
0
100
AcDbVertex
100
AcDb2dVertex
 10
-76.38736187399692
 20
-18.23002718670965
 30
0.0
  0
VERTEX
  5
20F
330
208
100
AcDbEntity
  8
0
100
AcDbVertex
100
AcDb2dVertex
 10
-76.38736187399692
 20
-20.93727257141495
 30
0.0
  0
SEQEND
  5
20B
330
208
100
AcDbEntity
  8
0
  0
POLYLINE
  5
210
330
70
100
AcDbEntity
  8
0
100
AcDb2dPolyline
 66
     1
 10
0.0
 20
0.0
 30
0.0
 70
     1
  0
VERTEX
  5
211
330
210
100
AcDbEntity
  8
0
100
AcDbVertex
100
AcDb2dVertex
 10
-74.32665694825501
 20
-17.97415251743793
 30
0.0
  0
VERTEX
  5
212
330
210
100
AcDbEntity
  8
0
100
AcDbVertex
100
AcDb2dVertex
 10
-73.38540370057689
 20
-17.30933529638371
 30
0.0
  0
VERTEX
  5
214
330
210
100
AcDbEntity
  8
0
100
AcDbVertex
100
AcDb2dVertex
 10
-73.38540370057689
 20
-14.29138495613419
 30
0.0
  0
VERTEX
  5
215
330
210
100
AcDbEntity
  8
0
100
AcDbVertex
100
AcDb2dVertex
 10
-76.36223132612203
 20
-14.29138495613419
 30
0.0
  0
VERTEX
  5
216
330
210
100
AcDbEntity
  8
0
100
AcDbVertex
100
AcDb2dVertex
 10
-76.88540364097224
 20
-15.24177658485774
 30
0.0
  0
VERTEX
  5
217
330
210
100
AcDbEntity
  8
0
100
AcDbVertex
100
AcDb2dVertex
 10
-75.41412429265983
 20
-15.24177658485774
 30
0.0
  0
VERTEX
  5
218
330
210
100
AcDbEntity
  8
0
100
AcDbVertex
100
AcDb2dVertex
 10
-75.41412429265983
 20
-17.2042439143614
 30
0.0
  0
SEQEND
  5
213
330
210
100
AcDbEntity
  8
0
  0
POLYLINE
  5
219
330
70
100
AcDbEntity
  8
0
100
AcDb2dPolyline
 66
     1
 10
0.0
 20
0.0
 30
0.0
 70
     1
  0
VERTEX
  5
21A
330
219
100
AcDbEntity
  8
0
100
AcDbVertex
100
AcDb2dVertex
 10
-62.01374673293348
 20
-39.81073186735289
 30
0.0
  0
VERTEX
  5
21B
330
219
100
AcDbEntity
  8
0
100
AcDbVertex
100
AcDb2dVertex
 10
-62.01374673293348
 20
-37.42488711849444
 30
0.0
  0
VERTEX
  5
21D
330
219
100
AcDbEntity
  8
0
100
AcDbVertex
100
AcDb2dVertex
 10
-63.65758234937183
 20
-36.66004693584604
 30
0.0
  0
VERTEX
  5
21E
330
219
100
AcDbEntity
  8
0
100
AcDbVertex
100
AcDb2dVertex
 10
-63.65758234937183
 20
-37.49338026917937
 30
0.0
  0
VERTEX
  5
21F
330
219
100
AcDbEntity
  8
0
100
AcDbVertex
100
AcDb2dVertex
 10
-71.48863257768233
 20
-37.49338026917937
 30
0.0
  0
VERTEX
  5
220
330
219
100
AcDbEntity
  8
0
100
AcDbVertex
100
AcDb2dVertex
 10
-71.48863257768235
 20
-39.21712456141681
 30
0.0
  0
VERTEX
  5
221
330
219
100
AcDbEntity
  8
0
100
AcDbVertex
100
AcDb2dVertex
 10
-63.30370107083303
 20
-39.21712456141681
 30
0.0
  0
SEQEND
  5
21C
330
219
100
AcDbEntity
  8
0
  0
POLYLINE
  5
222
330
70
100
AcDbEntity
  8
0
100
AcDb2dPolyline
 66
     1
 10
0.0
 20
0.0
 30
0.0
 70
     1
  0
VERTEX
  5
223
330
222
100
AcDbEntity
  8
0
100
AcDbVertex
100
AcDb2dVertex
 10
-66.7283586050796
 20
-24.84497844269535
 30
0.0
  0
VERTEX
  5
224
330
222
100
AcDbEntity
  8
0
100
AcDbVertex
100
AcDb2dVertex
 10
-66.7283586050796
 20
-27.73310629657663
 30
0.0
  0
VERTEX
  5
226
330
222
100
AcDbEntity
  8
0
100
AcDbVertex
100
AcDb2dVertex
 10
-65.21009376489695
 20
-28.44086885365426
 30
0.0
  0
VERTEX
  5
227
330
222
100
AcDbEntity
  8
0
100
AcDbVertex
100
AcDb2dVertex
 10
-65.21009376489695
 20
-25.42717022351727
 30
0.0
  0
VERTEX
  5
228
330
222
100
AcDbEntity
  8
0
100
AcDbVertex
100
AcDb2dVertex
 10
-66.47721705256819
 20
-24.84497844269535
 30
0.0
  0
VERTEX
  5
229
330
222
100
AcDbEntity
  8
0
100
AcDbVertex
100
AcDb2dVertex
 10
-63.65758234937183
 20
-24.84497844269535
 30
0.0
  0
VERTEX
  5
22A
330
222
100
AcDbEntity
  8
0
100
AcDbVertex
100
AcDb2dVertex
 10
-63.65758234937183
 20
-27.97283232397389
 30
0.0
  0
VERTEX
  5
22B
330
222
100
AcDbEntity
  8
0
100
AcDbVertex
100
AcDb2dVertex
 10
-62.01374673293348
 20
-28.74908803173645
 30
0.0
  0
VERTEX
  5
22C
330
222
100
AcDbEntity
  8
0
100
AcDbVertex
100
AcDb2dVertex
 10
-62.01374673293348
 20
-25.18744419612001
 30
0.0
  0
VERTEX
  5
22D
330
222
100
AcDbEntity
  8
0
100
AcDbVertex
100
AcDb2dVertex
 10
-62.75575586535357
 20
-24.84497844269535
 30
0.0
  0
VERTEX
  5
22E
330
222
100
AcDbEntity
  8
0
100
AcDbVertex
100
AcDb2dVertex
 10
-61.73977413019375
 20
-23.69201040616567
 30
0.0
  0
VERTEX
  5
22F
330
222
100
AcDbEntity
  8
0
100
AcDbVertex
100
AcDb2dVertex
 10
-63.00689741786499
 20
-22.47054921895106
 30
0.0
  0
VERTEX
  5
230
330
222
100
AcDbEntity
  8
0
100
AcDbVertex
100
AcDb2dVertex
 10
-63.58908919868691
 20
-23.12123415045791
 30
0.0
  0
VERTEX
  5
231
330
222
100
AcDbEntity
  8
0
100
AcDbVertex
100
AcDb2dVertex
 10
-71.48863257768233
 20
-23.12123415045791
 30
0.0
  0
VERTEX
  5
232
330
222
100
AcDbEntity
  8
0
100
AcDbVertex
100
AcDb2dVertex
 10
-71.48863257768233
 20
-27.97283232397389
 30
0.0
  0
VERTEX
  5
233
330
222
100
AcDbEntity
  8
0
100
AcDbVertex
100
AcDb2dVertex
 10
-69.84479696124399
 20
-28.74908803173645
 30
0.0
  0
VERTEX
  5
234
330
222
100
AcDbEntity
  8
0
100
AcDbVertex
100
AcDb2dVertex
 10
-69.84479696124399
 20
-24.84497844269535
 30
0.0
  0
SEQEND
  5
225
330
222
100
AcDbEntity
  8
0
  0
POLYLINE
  5
235
330
70
100
AcDbEntity
  8
0
100
AcDb2dPolyline
 66
     1
 10
0.0
 20
0.0
 30
0.0
 70
     1
  0
VERTEX
  5
236
330
235
100
AcDbEntity
  8
0
100
AcDbVertex
100
AcDb2dVertex
 10
-62.01374673293347
 20
-12.95000127374559
 30
0.0
  0
VERTEX
  5
237
330
235
100
AcDbEntity
  8
0
100
AcDbVertex
100
AcDb2dVertex
 10
-62.01374673293347
 20
-10.56415652488714
 30
0.0
  0
VERTEX
  5
239
330
235
100
AcDbEntity
  8
0
100
AcDbVertex
100
AcDb2dVertex
 10
-63.65758234937183
 20
-9.799316342238739
 30
0.0
  0
VERTEX
  5
23A
330
235
100
AcDbEntity
  8
0
100
AcDbVertex
100
AcDb2dVertex
 10
-63.65758234937183
 20
-11.75137113675928
 30
0.0
  0
VERTEX
  5
23B
330
235
100
AcDbEntity
  8
0
100
AcDbVertex
100
AcDb2dVertex
 10
-68.02972846809329
 20
-11.75137113675928
 30
0.0
  0
VERTEX
  5
23C
330
235
100
AcDbEntity
  8
0
100
AcDbVertex
100
AcDb2dVertex
 10
-61.73977413019375
 20
-7.059590314841477
 30
0.0
  0
VERTEX
  5
23D
330
235
100
AcDbEntity
  8
0
100
AcDbVertex
100
AcDb2dVertex
 10
-63.00689741786499
 20
-5.838129127626867
 30
0.0
  0
VERTEX
  5
23E
330
235
100
AcDbEntity
  8
0
100
AcDbVertex
100
AcDb2dVertex
 10
-63.89730837676909
 20
-6.488814059133716
 30
0.0
  0
VERTEX
  5
23F
330
235
100
AcDbEntity
  8
0
100
AcDbVertex
100
AcDb2dVertex
 10
-70.07310746352708
 20
-6.488814059133707
 30
0.0
  0
VERTEX
  5
240
330
235
100
AcDbEntity
  8
0
100
AcDbVertex
100
AcDb2dVertex
 10
-71.48863257768233
 20
-5.838129127626858
 30
0.0
  0
VERTEX
  5
241
330
235
100
AcDbEntity
  8
0
100
AcDbVertex
100
AcDb2dVertex
 10
-71.48863257768233
 20
-8.726256981508129
 30
0.0
  0
VERTEX
  5
242
330
235
100
AcDbEntity
  8
0
100
AcDbVertex
100
AcDb2dVertex
 10
-69.84479696124399
 20
-9.49109716415653
 30
0.0
  0
VERTEX
  5
243
330
235
100
AcDbEntity
  8
0
100
AcDbVertex
100
AcDb2dVertex
 10
-69.84479696124397
 20
-7.093836890183933
 30
0.0
  0
VERTEX
  5
244
330
235
100
AcDbEntity
  8
0
100
AcDbVertex
100
AcDb2dVertex
 10
-64.70781065987411
 20
-7.093836890183942
 30
0.0
  0
VERTEX
  5
245
330
235
100
AcDbEntity
  8
0
100
AcDbVertex
100
AcDb2dVertex
 10
-71.73977413019375
 20
-12.3563939678095
 30
0.0
  0
VERTEX
  5
246
330
235
100
AcDbEntity
  8
0
100
AcDbVertex
100
AcDb2dVertex
 10
-63.30370107083303
 20
-12.35639396780951
 30
0.0
  0
SEQEND
  5
238
330
235
100
AcDbEntity
  8
0
  0
POLYLINE
  5
247
330
70
100
AcDbEntity
  8
0
100
AcDb2dPolyline
 66
     1
 10
0.0
 20
0.0
 30
0.0
  0
VERTEX
  5
248
330
247
100
AcDbEntity
  8
0
100
AcDbVertex
100
AcDb2dVertex
 10
-65.16443166444033
 20
-2.733106296576632
 30
0.0
  0
VERTEX
  5
249
330
247
100
AcDbEntity
  8
0
100
AcDbVertex
100
AcDb2dVertex
 10
-65.21009376489693
 20
-2.733106296576632
 30
0.0
  0
VERTEX
  5
24B
330
247
100
AcDbEntity
  8
0
100
AcDbVertex
100
AcDb2dVertex
 10
-65.21009376489693
 20
-0.8038825522843939
 30
0.0
  0
VERTEX
  5
24C
330
247
100
AcDbEntity
  8
0
100
AcDbVertex
100
AcDb2dVertex
 10
-66.4201394269974
 20
-0.2445218216907907
 30
0.0
  0
VERTEX
  5
24D
330
247
100
AcDbEntity
  8
0
100
AcDbVertex
100
AcDb2dVertex
 10
-63.40644079686042
 20
-0.2445218216907907
 30
0.0
  0
SEQEND
  5
24A
330
247
100
AcDbEntity
  8
0
  0
POLYLINE
  5
24E
330
70
100
AcDbEntity
  8
0
100
AcDb2dPolyline
 66
     1
 10
0.0
 20
0.0
 30
0.0
  0
VERTEX
  5
24F
330
24E
100
AcDbEntity
  8
0
100
AcDbVertex
100
AcDb2dVertex
 10
-61.73977413019375
 20
-0.9066222783117972
 30
0.0
  0
VERTEX
  5
250
330
24E
100
AcDbEntity
  8
0
100
AcDbVertex
100
AcDb2dVertex
 10
-62.75575586535357
 20
-0.2445218216907907
 30
0.0
  0
VERTEX
  5
252
330
24E
100
AcDbEntity
  8
0
100
AcDbVertex
100
AcDb2dVertex
 10
-61.73977413019375
 20
0.9084462148388894
 30
0.0
  0
VERTEX
  5
253
330
24E
100
AcDbEntity
  8
0
100
AcDbVertex
100
AcDb2dVertex
 10
-63.00689741786499
 20
2.129907402053508
 30
0.0
  0
VERTEX
  5
254
330
24E
100
AcDbEntity
  8
0
100
AcDbVertex
100
AcDb2dVertex
 10
-63.5890891986869
 20
1.47922247054665
 30
0.0
  0
VERTEX
  5
255
330
24E
100
AcDbEntity
  8
0
100
AcDbVertex
100
AcDb2dVertex
 10
-71.48863257768233
 20
1.479222470546659
 30
0.0
  0
VERTEX
  5
256
330
24E
100
AcDbEntity
  8
0
100
AcDbVertex
100
AcDb2dVertex
 10
-71.48863257768233
 20
-0.2445218216907818
 30
0.0
  0
VERTEX
  5
257
330
24E
100
AcDbEntity
  8
0
100
AcDbVertex
100
AcDb2dVertex
 10
-66.72835860507959
 20
-0.2445218216907907
 30
0.0
  0
VERTEX
  5
258
330
24E
100
AcDbEntity
  8
0
100
AcDbVertex
100
AcDb2dVertex
 10
-66.72835860507959
 20
-2.733106296576632
 30
0.0
  0
VERTEX
  5
259
330
24E
100
AcDbEntity
  8
0
100
AcDbVertex
100
AcDb2dVertex
 10
-69.52516225804763
 20
-2.733106296576623
 30
0.0
  0
SEQEND
  5
251
330
24E
100
AcDbEntity
  8
0
  0
POLYLINE
  5
25A
330
70
100
AcDbEntity
  8
0
100
AcDb2dPolyline
 66
     1
 10
0.0
 20
0.0
 30
0.0
 70
     1
  0
VERTEX
  5
25B
330
25A
100
AcDbEntity
  8
0
100
AcDbVertex
100
AcDb2dVertex
 10
-66.72835860507959
 20
15.2691768084462
 30
0.0
  0
VERTEX
  5
25C
330
25A
100
AcDbEntity
  8
0
100
AcDbVertex
100
AcDb2dVertex
 10
-66.72835860507959
 20
12.38104895456492
 30
0.0
  0
VERTEX
  5
25E
330
25A
100
AcDbEntity
  8
0
100
AcDbVertex
100
AcDb2dVertex
 10
-65.21009376489693
 20
11.6732863974873
 30
0.0
  0
VERTEX
  5
25F
330
25A
100
AcDbEntity
  8
0
100
AcDbVertex
100
AcDb2dVertex
 10
-65.21009376489693
 20
14.68698502762428
 30
0.0
  0
VERTEX
  5
260
330
25A
100
AcDbEntity
  8
0
100
AcDbVertex
100
AcDb2dVertex
 10
-66.47721705256818
 20
15.2691768084462
 30
0.0
  0
VERTEX
  5
261
330
25A
100
AcDbEntity
  8
0
100
AcDbVertex
100
AcDb2dVertex
 10
-63.65758234937183
 20
15.2691768084462
 30
0.0
  0
VERTEX
  5
262
330
25A
100
AcDbEntity
  8
0
100
AcDbVertex
100
AcDb2dVertex
 10
-63.65758234937183
 20
12.14132292716766
 30
0.0
  0
VERTEX
  5
263
330
25A
100
AcDbEntity
  8
0
100
AcDbVertex
100
AcDb2dVertex
 10
-62.01374673293347
 20
11.3650672194051
 30
0.0
  0
VERTEX
  5
264
330
25A
100
AcDbEntity
  8
0
100
AcDbVertex
100
AcDb2dVertex
 10
-62.01374673293347
 20
14.92671105502154
 30
0.0
  0
VERTEX
  5
265
330
25A
100
AcDbEntity
  8
0
100
AcDbVertex
100
AcDb2dVertex
 10
-62.75575586535357
 20
15.2691768084462
 30
0.0
  0
VERTEX
  5
266
330
25A
100
AcDbEntity
  8
0
100
AcDbVertex
100
AcDb2dVertex
 10
-61.73977413019375
 20
16.42214484497588
 30
0.0
  0
VERTEX
  5
267
330
25A
100
AcDbEntity
  8
0
100
AcDbVertex
100
AcDb2dVertex
 10
-63.00689741786498
 20
17.64360603219049
 30
0.0
  0
VERTEX
  5
268
330
25A
100
AcDbEntity
  8
0
100
AcDbVertex
100
AcDb2dVertex
 10
-63.58908919868689
 20
16.99292110068364
 30
0.0
  0
VERTEX
  5
269
330
25A
100
AcDbEntity
  8
0
100
AcDbVertex
100
AcDb2dVertex
 10
-71.48863257768232
 20
16.99292110068365
 30
0.0
  0
VERTEX
  5
26A
330
25A
100
AcDbEntity
  8
0
100
AcDbVertex
100
AcDb2dVertex
 10
-71.48863257768232
 20
12.14132292716767
 30
0.0
  0
VERTEX
  5
26B
330
25A
100
AcDbEntity
  8
0
100
AcDbVertex
100
AcDb2dVertex
 10
-69.84479696124397
 20
11.36506721940511
 30
0.0
  0
VERTEX
  5
26C
330
25A
100
AcDbEntity
  8
0
100
AcDbVertex
100
AcDb2dVertex
 10
-69.84479696124397
 20
15.2691768084462
 30
0.0
  0
SEQEND
  5
25D
330
25A
100
AcDbEntity
  8
0
  0
POLYLINE
  5
26D
330
70
100
AcDbEntity
  8
0
100
AcDb2dPolyline
 66
     1
 10
0.0
 20
0.0
 30
0.0
 70
     1
  0
VERTEX
  5
26E
330
26D
100
AcDbEntity
  8
0
100
AcDbVertex
100
AcDb2dVertex
 10
-46.5151779658987
 20
23.90110710240648
 30
0.0
  0
VERTEX
  5
26F
330
26D
100
AcDbEntity
  8
0
100
AcDbVertex
100
AcDb2dVertex
 10
-46.40963003373872
 20
24.22086928736652
 30
0.0
  0
VERTEX
  5
271
330
26D
100
AcDbEntity
  8
0
100
AcDbVertex
100
AcDb2dVertex
 10
-46.3744473354987
 20
24.55280331488655
 30
0.0
  0
VERTEX
  5
272
330
26D
100
AcDbEntity
  8
0
100
AcDbVertex
100
AcDb2dVertex
 10
-46.38638362861867
 20
24.74704885984654
 30
0.0
  0
VERTEX
  5
273
330
26D
100
AcDbEntity
  8
0
100
AcDbVertex
100
AcDb2dVertex
 10
-46.42211025261869
 20
24.9348160636864
 30
0.0
  0
VERTEX
  5
274
330
26D
100
AcDbEntity
  8
0
100
AcDbVertex
100
AcDb2dVertex
 10
-46.56443933549869
 20
25.29115148512645
 30
0.0
  0
VERTEX
  5
275
330
26D
100
AcDbEntity
  8
0
100
AcDbVertex
100
AcDb2dVertex
 10
-46.78613736301868
 20
25.59505691744642
 30
0.0
  0
VERTEX
  5
276
330
26D
100
AcDbEntity
  8
0
100
AcDbVertex
100
AcDb2dVertex
 10
-46.92038136173869
 20
25.71725456992645
 30
0.0
  0
VERTEX
  5
277
330
26D
100
AcDbEntity
  8
0
100
AcDbVertex
100
AcDb2dVertex
 10
-47.07007164909868
 20
25.81960803552654
 30
0.0
  0
VERTEX
  5
278
330
26D
100
AcDbEntity
  8
0
100
AcDbVertex
100
AcDb2dVertex
 10
-47.23323052013868
 20
25.90046781792637
 30
0.0
  0
VERTEX
  5
279
330
26D
100
AcDbEntity
  8
0
100
AcDbVertex
100
AcDb2dVertex
 10
-47.40708811501868
 20
25.95814508128649
 30
0.0
  0
VERTEX
  5
27A
330
26D
100
AcDbEntity
  8
0
100
AcDbVertex
100
AcDb2dVertex
 10
-47.78737333869869
 20
26.00420938336652
 30
0.0
  0
VERTEX
  5
27B
330
26D
100
AcDbEntity
  8
0
100
AcDbVertex
100
AcDb2dVertex
 10
-48.0880261079787
 20
25.97883409248656
 30
0.0
  0
VERTEX
  5
27C
330
26D
100
AcDbEntity
  8
0
100
AcDbVertex
100
AcDb2dVertex
 10
-48.35965769069872
 20
25.90266855520642
 30
0.0
  0
VERTEX
  5
27D
330
26D
100
AcDbEntity
  8
0
100
AcDbVertex
100
AcDb2dVertex
 10
-48.6023214065387
 20
25.77565392480649
 30
0.0
  0
VERTEX
  5
27E
330
26D
100
AcDbEntity
  8
0
100
AcDbVertex
100
AcDb2dVertex
 10
-48.81607155053869
 20
25.5977308668864
 30
0.0
  0
VERTEX
  5
27F
330
26D
100
AcDbEntity
  8
0
100
AcDbVertex
100
AcDb2dVertex
 10
-48.99011283821874
 20
25.38005782496645
 30
0.0
  0
VERTEX
  5
280
330
26D
100
AcDbEntity
  8
0
100
AcDbVertex
100
AcDb2dVertex
 10
-49.11451464173868
 20
25.13457856992648
 30
0.0
  0
VERTEX
  5
281
330
26D
100
AcDbEntity
  8
0
100
AcDbVertex
100
AcDb2dVertex
 10
-49.18920706029869
 20
24.86125002336646
 30
0.0
  0
VERTEX
  5
282
330
26D
100
AcDbEntity
  8
0
100
AcDbVertex
100
AcDb2dVertex
 10
-49.21412003053871
 20
24.56002910688646
 30
0.0
  0
VERTEX
  5
283
330
26D
100
AcDbEntity
  8
0
100
AcDbVertex
100
AcDb2dVertex
 10
-49.18576891629871
 20
24.23365056736653
 30
0.0
  0
VERTEX
  5
284
330
26D
100
AcDbEntity
  8
0
100
AcDbVertex
100
AcDb2dVertex
 10
-49.10103077741866
 20
23.94555133152632
 30
0.0
  0
VERTEX
  5
285
330
26D
100
AcDbEntity
  8
0
100
AcDbVertex
100
AcDb2dVertex
 10
-48.9435189156587
 20
23.66829809888639
 30
0.0
  0
VERTEX
  5
286
330
26D
100
AcDbEntity
  8
0
100
AcDbVertex
100
AcDb2dVertex
 10
-48.69581388909868
 20
23.37620606432637
 30
0.0
  0
VERTEX
  5
287
330
26D
100
AcDbEntity
  8
0
100
AcDbVertex
100
AcDb2dVertex
 10
-48.3332634737387
 20
23.72493579104645
 30
0.0
  0
VERTEX
  5
288
330
26D
100
AcDbEntity
  8
0
100
AcDbVertex
100
AcDb2dVertex
 10
-48.51769283309871
 20
23.94083449056641
 30
0.0
  0
VERTEX
  5
289
330
26D
100
AcDbEntity
  8
0
100
AcDbVertex
100
AcDb2dVertex
 10
-48.6345095870187
 20
24.13737847136652
 30
0.0
  0
VERTEX
  5
28A
330
26D
100
AcDbEntity
  8
0
100
AcDbVertex
100
AcDb2dVertex
 10
-48.6967027671787
 20
24.33451026912643
 30
0.0
  0
VERTEX
  5
28B
330
26D
100
AcDbEntity
  8
0
100
AcDbVertex
100
AcDb2dVertex
 10
-48.71743388141871
 20
24.55280331488655
 30
0.0
  0
VERTEX
  5
28C
330
26D
100
AcDbEntity
  8
0
100
AcDbVertex
100
AcDb2dVertex
 10
-48.68777090797867
 20
24.80300298720639
 30
0.0
  0
VERTEX
  5
28D
330
26D
100
AcDbEntity
  8
0
100
AcDbVertex
100
AcDb2dVertex
 10
-48.59901152237868
 20
25.03199849568634
 30
0.0
  0
VERTEX
  5
28E
330
26D
100
AcDbEntity
  8
0
100
AcDbVertex
100
AcDb2dVertex
 10
-48.45818774509869
 20
25.22537401952654
 30
0.0
  0
VERTEX
  5
28F
330
26D
100
AcDbEntity
  8
0
100
AcDbVertex
100
AcDb2dVertex
 10
-48.2713856599787
 20
25.3686851273665
 30
0.0
  0
VERTEX
  5
290
330
26D
100
AcDbEntity
  8
0
100
AcDbVertex
100
AcDb2dVertex
 10
-48.04649771757873
 20
25.45713646176651
 30
0.0
  0
VERTEX
  5
291
330
26D
100
AcDbEntity
  8
0
100
AcDbVertex
100
AcDb2dVertex
 10
-47.79098623469869
 20
25.48653413728648
 30
0.0
  0
VERTEX
  5
292
330
26D
100
AcDbEntity
  8
0
100
AcDbVertex
100
AcDb2dVertex
 10
-47.60485974893871
 20
25.46983792480644
 30
0.0
  0
VERTEX
  5
293
330
26D
100
AcDbEntity
  8
0
100
AcDbVertex
100
AcDb2dVertex
 10
-47.43422783213867
 20
25.41971726304645
 30
0.0
  0
VERTEX
  5
294
330
26D
100
AcDbEntity
  8
0
100
AcDbVertex
100
AcDb2dVertex
 10
-47.27903667693872
 20
25.3361235465665
 30
0.0
  0
VERTEX
  5
295
330
26D
100
AcDbEntity
  8
0
100
AcDbVertex
100
AcDb2dVertex
 10
-47.13923263853872
 20
25.21900833248644
 30
0.0
  0
VERTEX
  5
296
330
26D
100
AcDbEntity
  8
0
100
AcDbVertex
100
AcDb2dVertex
 10
-47.0235754250987
 20
25.07739792736643
 30
0.0
  0
VERTEX
  5
297
330
26D
100
AcDbEntity
  8
0
100
AcDbVertex
100
AcDb2dVertex
 10
-46.94089659629871
 20
24.9204004054465
 30
0.0
  0
VERTEX
  5
298
330
26D
100
AcDbEntity
  8
0
100
AcDbVertex
100
AcDb2dVertex
 10
-46.89124979693871
 20
24.7479619593665
 30
0.0
  0
VERTEX
  5
299
330
26D
100
AcDbEntity
  8
0
100
AcDbVertex
100
AcDb2dVertex
 10
-46.87468899693867
 20
24.56002910688646
 30
0.0
  0
VERTEX
  5
29A
330
26D
100
AcDbEntity
  8
0
100
AcDbVertex
100
AcDb2dVertex
 10
-46.89892539245869
 20
24.33467526752645
 30
0.0
  0
VERTEX
  5
29B
330
26D
100
AcDbEntity
  8
0
100
AcDbVertex
100
AcDb2dVertex
 10
-46.97163474157868
 20
24.12037502048648
 30
0.0
  0
VERTEX
  5
29C
330
26D
100
AcDbEntity
  8
0
100
AcDbVertex
100
AcDb2dVertex
 10
-47.09281704429868
 20
23.91712852832651
 30
0.0
  0
VERTEX
  5
29D
330
26D
100
AcDbEntity
  8
0
100
AcDbVertex
100
AcDb2dVertex
 10
-47.26247230061871
 20
23.72493579104645
 30
0.0
  0
VERTEX
  5
29E
330
26D
100
AcDbEntity
  8
0
100
AcDbVertex
100
AcDb2dVertex
 10
-46.92039485421868
 20
23.36238537568658
 30
0.0
  0
VERTEX
  5
29F
330
26D
100
AcDbEntity
  8
0
100
AcDbVertex
100
AcDb2dVertex
 10
-46.68711979117869
 20
23.60985387744646
 30
0.0
  0
SEQEND
  5
270
330
26D
100
AcDbEntity
  8
0
  0
POLYLINE
  5
2A0
330
70
100
AcDbEntity
  8
0
100
AcDb2dPolyline
 66
     1
 10
0.0
 20
0.0
 30
0.0
 70
     1
  0
VERTEX
  5
2A1
330
2A0
100
AcDbEntity
  8
0
100
AcDbVertex
100
AcDb2dVertex
 10
-47.80871425274852
 20
-41.65859756481859
 30
0.0
  0
VERTEX
  5
2A2
330
2A0
100
AcDbEntity
  8
0
100
AcDbVertex
100
AcDb2dVertex
 10
-47.80426457914853
 20
-41.84235864001857
 30
0.0
  0
VERTEX
  5
2A4
330
2A0
100
AcDbEntity
  8
0
100
AcDbVertex
100
AcDb2dVertex
 10
-47.80733879194866
 20
-42.10376995361868
 30
0.0
  0
VERTEX
  5
2A5
330
2A0
100
AcDbEntity
  8
0
100
AcDbVertex
100
AcDb2dVertex
 10
-47.83561407194832
 20
-42.35840637601859
 30
0.0
  0
VERTEX
  5
2A6
330
2A0
100
AcDbEntity
  8
0
100
AcDbVertex
100
AcDb2dVertex
 10
-47.91121849274843
 20
-42.59878811521843
 30
0.0
  0
VERTEX
  5
2A7
330
2A0
100
AcDbEntity
  8
0
100
AcDbVertex
100
AcDb2dVertex
 10
-48.05627992474858
 20
-42.81743476961856
 30
0.0
  0
VERTEX
  5
2A8
330
2A0
100
AcDbEntity
  8
0
100
AcDbVertex
100
AcDb2dVertex
 10
-48.25383279354849
 20
-42.95731378881874
 30
0.0
  0
VERTEX
  5
2A9
330
2A0
100
AcDbEntity
  8
0
100
AcDbVertex
100
AcDb2dVertex
 10
-48.45090773594862
 20
-43.03452938241867
 30
0.0
  0
VERTEX
  5
2AA
330
2A0
100
AcDbEntity
  8
0
100
AcDbVertex
100
AcDb2dVertex
 10
-48.66200408794854
 20
-43.06662482241858
 30
0.0
  0
VERTEX
  5
2AB
330
2A0
100
AcDbEntity
  8
0
100
AcDbVertex
100
AcDb2dVertex
 10
-48.9016205759487
 20
-43.07114338081851
 30
0.0
  0
VERTEX
  5
2AC
330
2A0
100
AcDbEntity
  8
0
100
AcDbVertex
100
AcDb2dVertex
 10
-49.21219389434867
 20
-43.00260605281845
 30
0.0
  0
VERTEX
  5
2AD
330
2A0
100
AcDbEntity
  8
0
100
AcDbVertex
100
AcDb2dVertex
 10
-49.48545603514837
 20
-42.84138940801859
 30
0.0
  0
VERTEX
  5
2AE
330
2A0
100
AcDbEntity
  8
0
100
AcDbVertex
100
AcDb2dVertex
 10
-49.61832180954859
 20
-42.6396526512185
 30
0.0
  0
VERTEX
  5
2AF
330
2A0
100
AcDbEntity
  8
0
100
AcDbVertex
100
AcDb2dVertex
 10
-49.70301170874853
 20
-42.43078398081864
 30
0.0
  0
VERTEX
  5
2B0
330
2A0
100
AcDbEntity
  8
0
100
AcDbVertex
100
AcDb2dVertex
 10
-49.7474403727487
 20
-42.20943476641855
 30
0.0
  0
VERTEX
  5
2B1
330
2A0
100
AcDbEntity
  8
0
100
AcDbVertex
100
AcDb2dVertex
 10
-49.75952264474876
 20
-41.97025658081861
 30
0.0
  0
VERTEX
  5
2B2
330
2A0
100
AcDbEntity
  8
0
100
AcDbVertex
100
AcDb2dVertex
 10
-49.75911583834857
 20
-41.82634526081871
 30
0.0
  0
VERTEX
  5
2B3
330
2A0
100
AcDbEntity
  8
0
100
AcDbVertex
100
AcDb2dVertex
 10
-49.7576324783485
 20
-41.64515669761863
 30
0.0
  0
VERTEX
  5
2B4
330
2A0
100
AcDbEntity
  8
0
100
AcDbVertex
100
AcDb2dVertex
 10
-49.75427236314835
 20
-41.06720164321858
 30
0.0
  0
VERTEX
  5
2B5
330
2A0
100
AcDbEntity
  8
0
100
AcDbVertex
100
AcDb2dVertex
 10
-47.81879480154855
 20
-41.06720164321837
 30
0.0
  0
SEQEND
  5
2A3
330
2A0
100
AcDbEntity
  8
0
  0
POLYLINE
  5
2B6
330
70
100
AcDbEntity
  8
0
100
AcDb2dPolyline
 66
     1
 10
0.0
 20
0.0
 30
0.0
 70
     1
  0
VERTEX
  5
2B7
330
2B6
100
AcDbEntity
  8
0
100
AcDbVertex
100
AcDb2dVertex
 10
-53.19511709434839
 20
-41.06720123681862
 30
0.0
  0
VERTEX
  5
2B8
330
2B6
100
AcDbEntity
  8
0
100
AcDbVertex
100
AcDb2dVertex
 10
-50.50695381434836
 20
-41.1209645024187
 30
0.0
  0
VERTEX
  5
2BA
330
2B6
100
AcDbEntity
  8
0
100
AcDbVertex
100
AcDb2dVertex
 10
-50.50316210234853
 20
-41.39715678721859
 30
0.0
  0
VERTEX
  5
2BB
330
2B6
100
AcDbEntity
  8
0
100
AcDbVertex
100
AcDb2dVertex
 10
-50.52900507834845
 20
-41.57753214401873
 30
0.0
  0
VERTEX
  5
2BC
330
2B6
100
AcDbEntity
  8
0
100
AcDbVertex
100
AcDb2dVertex
 10
-50.65007915674862
 20
-41.90282262881851
 30
0.0
  0
VERTEX
  5
2BD
330
2B6
100
AcDbEntity
  8
0
100
AcDbVertex
100
AcDb2dVertex
 10
-50.81757711994845
 20
-42.16693731521854
 30
0.0
  0
VERTEX
  5
2BE
330
2B6
100
AcDbEntity
  8
0
100
AcDbVertex
100
AcDb2dVertex
 10
-51.03679984634862
 20
-42.39398588321865
 30
0.0
  0
VERTEX
  5
2BF
330
2B6
100
AcDbEntity
  8
0
100
AcDbVertex
100
AcDb2dVertex
 10
-51.31304841754825
 20
-42.60807801281862
 30
0.0
  0
VERTEX
  5
2C0
330
2B6
100
AcDbEntity
  8
0
100
AcDbVertex
100
AcDb2dVertex
 10
-51.41756921434847
 20
-42.68009920481836
 30
0.0
  0
VERTEX
  5
2C1
330
2B6
100
AcDbEntity
  8
0
100
AcDbVertex
100
AcDb2dVertex
 10
-52.07052498234831
 20
-43.0967644624186
 30
0.0
  0
VERTEX
  5
2C2
330
2B6
100
AcDbEntity
  8
0
100
AcDbVertex
100
AcDb2dVertex
 10
-52.66502315834866
 20
-43.4364055408189
 30
0.0
  0
VERTEX
  5
2C3
330
2B6
100
AcDbEntity
  8
0
100
AcDbVertex
100
AcDb2dVertex
 10
-52.94515752314866
 20
-43.63254556001857
 30
0.0
  0
VERTEX
  5
2C4
330
2B6
100
AcDbEntity
  8
0
100
AcDbVertex
100
AcDb2dVertex
 10
-53.19511709434839
 20
-43.86289104801857
 30
0.0
  0
VERTEX
  5
2C5
330
2B6
100
AcDbEntity
  8
0
100
AcDbVertex
100
AcDb2dVertex
 10
-53.26538426394876
 20
-44.11605447361875
 30
0.0
  0
VERTEX
  5
2C6
330
2B6
100
AcDbEntity
  8
0
100
AcDbVertex
100
AcDb2dVertex
 10
-53.27784123674853
 20
-44.37048972801857
 30
0.0
  0
VERTEX
  5
2C7
330
2B6
100
AcDbEntity
  8
0
100
AcDbVertex
100
AcDb2dVertex
 10
-53.19511709434839
 20
-44.88439309441878
 30
0.0
  0
VERTEX
  5
2C8
330
2B6
100
AcDbEntity
  8
0
100
AcDbVertex
100
AcDb2dVertex
 10
-53.10921591994833
 20
-44.86255031361884
 30
0.0
  0
VERTEX
  5
2C9
330
2B6
100
AcDbEntity
  8
0
100
AcDbVertex
100
AcDb2dVertex
 10
-52.86767187674848
 20
-44.70965105121877
 30
0.0
  0
VERTEX
  5
2CA
330
2B6
100
AcDbEntity
  8
0
100
AcDbVertex
100
AcDb2dVertex
 10
-52.75094018234852
 20
-44.63279776321861
 30
0.0
  0
VERTEX
  5
2CB
330
2B6
100
AcDbEntity
  8
0
100
AcDbVertex
100
AcDb2dVertex
 10
-52.50449007834839
 20
-44.4710879520187
 30
0.0
  0
VERTEX
  5
2CC
330
2B6
100
AcDbEntity
  8
0
100
AcDbVertex
100
AcDb2dVertex
 10
-52.11742354234836
 20
-44.21671000001857
 30
0.0
  0
VERTEX
  5
2CD
330
2B6
100
AcDbEntity
  8
0
100
AcDbVertex
100
AcDb2dVertex
 10
-51.20118844314827
 20
-43.63124894081874
 30
0.0
  0
VERTEX
  5
2CE
330
2B6
100
AcDbEntity
  8
0
100
AcDbVertex
100
AcDb2dVertex
 10
-50.75616601594851
 20
-43.31347136961858
 30
0.0
  0
VERTEX
  5
2CF
330
2B6
100
AcDbEntity
  8
0
100
AcDbVertex
100
AcDb2dVertex
 10
-50.3518199615484
 20
-42.96049244641858
 30
0.0
  0
VERTEX
  5
2D0
330
2B6
100
AcDbEntity
  8
0
100
AcDbVertex
100
AcDb2dVertex
 10
-50.23813748634842
 20
-42.8413890016186
 30
0.0
  0
VERTEX
  5
2D1
330
2B6
100
AcDbEntity
  8
0
100
AcDbVertex
100
AcDb2dVertex
 10
-50.14808574874854
 20
-43.15012376641856
 30
0.0
  0
VERTEX
  5
2D2
330
2B6
100
AcDbEntity
  8
0
100
AcDbVertex
100
AcDb2dVertex
 10
-49.99935289914851
 20
-43.43362495201859
 30
0.0
  0
VERTEX
  5
2D3
330
2B6
100
AcDbEntity
  8
0
100
AcDbVertex
100
AcDb2dVertex
 10
-49.7536009903485
 20
-43.65619925921873
 30
0.0
  0
VERTEX
  5
2D4
330
2B6
100
AcDbEntity
  8
0
100
AcDbVertex
100
AcDb2dVertex
 10
-49.49348588954848
 20
-43.81004421441867
 30
0.0
  0
VERTEX
  5
2D5
330
2B6
100
AcDbEntity
  8
0
100
AcDbVertex
100
AcDb2dVertex
 10
-49.20602271034834
 20
-43.9020712592187
 30
0.0
  0
VERTEX
  5
2D6
330
2B6
100
AcDbEntity
  8
0
100
AcDbVertex
100
AcDb2dVertex
 10
-48.87822615994849
 20
-43.93919122561874
 30
0.0
  0
VERTEX
  5
2D7
330
2B6
100
AcDbEntity
  8
0
100
AcDbVertex
100
AcDb2dVertex
 10
-48.52181071834835
 20
-43.92945835201863
 30
0.0
  0
VERTEX
  5
2D8
330
2B6
100
AcDbEntity
  8
0
100
AcDbVertex
100
AcDb2dVertex
 10
-48.19411536154841
 20
-43.87698906401874
 30
0.0
  0
VERTEX
  5
2D9
330
2B6
100
AcDbEntity
  8
0
100
AcDbVertex
100
AcDb2dVertex
 10
-47.88985323194849
 20
-43.75590096481892
 30
0.0
  0
VERTEX
  5
2DA
330
2B6
100
AcDbEntity
  8
0
100
AcDbVertex
100
AcDb2dVertex
 10
-47.60373747194869
 20
-43.54031145441831
 30
0.0
  0
VERTEX
  5
2DB
330
2B6
100
AcDbEntity
  8
0
100
AcDbVertex
100
AcDb2dVertex
 10
-47.44402267834851
 20
-43.35923546401864
 30
0.0
  0
VERTEX
  5
2DC
330
2B6
100
AcDbEntity
  8
0
100
AcDbVertex
100
AcDb2dVertex
 10
-47.3240005663485
 20
-43.18897296481873
 30
0.0
  0
VERTEX
  5
2DD
330
2B6
100
AcDbEntity
  8
0
100
AcDbVertex
100
AcDb2dVertex
 10
-47.23800023034862
 20
-42.99046160161879
 30
0.0
  0
VERTEX
  5
2DE
330
2B6
100
AcDbEntity
  8
0
100
AcDbVertex
100
AcDb2dVertex
 10
-47.18035178074836
 20
-42.72463901921856
 30
0.0
  0
VERTEX
  5
2DF
330
2B6
100
AcDbEntity
  8
0
100
AcDbVertex
100
AcDb2dVertex
 10
-47.12742854394849
 20
-41.83481077601891
 30
0.0
  0
VERTEX
  5
2E0
330
2B6
100
AcDbEntity
  8
0
100
AcDbVertex
100
AcDb2dVertex
 10
-47.11986808154841
 20
-40.20698898721867
 30
0.0
  0
VERTEX
  5
2E1
330
2B6
100
AcDbEntity
  8
0
100
AcDbVertex
100
AcDb2dVertex
 10
-53.19511709434839
 20
-40.20698898721867
 30
0.0
  0
SEQEND
  5
2B9
330
2B6
100
AcDbEntity
  8
0
  0
POLYLINE
  5
2E2
330
70
100
AcDbEntity
  8
0
100
AcDb2dPolyline
 66
     1
 10
0.0
 20
0.0
 30
0.0
 70
     1
  0
VERTEX
  5
2E3
330
2E2
100
AcDbEntity
  8
0
100
AcDbVertex
100
AcDb2dVertex
 10
-47.00108995994849
 20
-55.78207472801842
 30
0.0
  0
VERTEX
  5
2E4
330
2E2
100
AcDbEntity
  8
0
100
AcDbVertex
100
AcDb2dVertex
 10
-46.96158279994841
 20
-55.41291702081867
 30
0.0
  0
VERTEX
  5
2E6
330
2E2
100
AcDbEntity
  8
0
100
AcDbVertex
100
AcDb2dVertex
 10
-46.97202606074841
 20
-55.03224010881853
 30
0.0
  0
VERTEX
  5
2E7
330
2E2
100
AcDbEntity
  8
0
100
AcDbVertex
100
AcDb2dVertex
 10
-47.07180742074836
 20
-54.67471864961861
 30
0.0
  0
VERTEX
  5
2E8
330
2E2
100
AcDbEntity
  8
0
100
AcDbVertex
100
AcDb2dVertex
 10
-47.22119376154835
 20
-54.36980262241855
 30
0.0
  0
VERTEX
  5
2E9
330
2E2
100
AcDbEntity
  8
0
100
AcDbVertex
100
AcDb2dVertex
 10
-47.42912730554865
 20
-54.0995673488187
 30
0.0
  0
VERTEX
  5
2EA
330
2E2
100
AcDbEntity
  8
0
100
AcDbVertex
100
AcDb2dVertex
 10
-47.70455047834837
 20
-53.84608815041861
 30
0.0
  0
VERTEX
  5
2EB
330
2E2
100
AcDbEntity
  8
0
100
AcDbVertex
100
AcDb2dVertex
 10
-48.02860733594837
 20
-53.69870840961858
 30
0.0
  0
VERTEX
  5
2EC
330
2E2
100
AcDbEntity
  8
0
100
AcDbVertex
100
AcDb2dVertex
 10
-48.34874405914838
 20
-53.61365965921868
 30
0.0
  0
VERTEX
  5
2ED
330
2E2
100
AcDbEntity
  8
0
100
AcDbVertex
100
AcDb2dVertex
 10
-48.67860430874856
 20
-53.59106178721868
 30
0.0
  0
VERTEX
  5
2EE
330
2E2
100
AcDbEntity
  8
0
100
AcDbVertex
100
AcDb2dVertex
 10
-49.03183113594849
 20
-53.63103508801874
 30
0.0
  0
VERTEX
  5
2EF
330
2E2
100
AcDbEntity
  8
0
100
AcDbVertex
100
AcDb2dVertex
 10
-49.25998145434839
 20
-53.73485809601834
 30
0.0
  0
VERTEX
  5
2F0
330
2E2
100
AcDbEntity
  8
0
100
AcDbVertex
100
AcDb2dVertex
 10
-49.4637091647484
 20
-53.8603664048187
 30
0.0
  0
VERTEX
  5
2F1
330
2E2
100
AcDbEntity
  8
0
100
AcDbVertex
100
AcDb2dVertex
 10
-49.81261636634842
 20
-54.16758631361858
 30
0.0
  0
VERTEX
  5
2F2
330
2E2
100
AcDbEntity
  8
0
100
AcDbVertex
100
AcDb2dVertex
 10
-50.10799134074858
 20
-54.53499040481869
 30
0.0
  0
VERTEX
  5
2F3
330
2E2
100
AcDbEntity
  8
0
100
AcDbVertex
100
AcDb2dVertex
 10
-50.37927289114843
 20
-54.94487487841889
 30
0.0
  0
VERTEX
  5
2F4
330
2E2
100
AcDbEntity
  8
0
100
AcDbVertex
100
AcDb2dVertex
 10
-50.63205389434841
 20
-55.33037392961865
 30
0.0
  0
VERTEX
  5
2F5
330
2E2
100
AcDbEntity
  8
0
100
AcDbVertex
100
AcDb2dVertex
 10
-50.90787513594834
 20
-55.69966066881852
 30
0.0
  0
VERTEX
  5
2F6
330
2E2
100
AcDbEntity
  8
0
100
AcDbVertex
100
AcDb2dVertex
 10
-50.99083011354871
 20
-55.79836669441874
 30
0.0
  0
VERTEX
  5
2F7
330
2E2
100
AcDbEntity
  8
0
100
AcDbVertex
100
AcDb2dVertex
 10
-51.20382333754847
 20
-56.01295910241855
 30
0.0
  0
VERTEX
  5
2F8
330
2E2
100
AcDbEntity
  8
0
100
AcDbVertex
100
AcDb2dVertex
 10
-51.47133938874859
 20
-56.1411075888186
 30
0.0
  0
VERTEX
  5
2F9
330
2E2
100
AcDbEntity
  8
0
100
AcDbVertex
100
AcDb2dVertex
 10
-51.65729380474857
 20
-56.16602275361856
 30
0.0
  0
VERTEX
  5
2FA
330
2E2
100
AcDbEntity
  8
0
100
AcDbVertex
100
AcDb2dVertex
 10
-51.82624464794837
 20
-56.15958192321864
 30
0.0
  0
VERTEX
  5
2FB
330
2E2
100
AcDbEntity
  8
0
100
AcDbVertex
100
AcDb2dVertex
 10
-51.98911330874846
 20
-56.11618226401879
 30
0.0
  0
VERTEX
  5
2FC
330
2E2
100
AcDbEntity
  8
0
100
AcDbVertex
100
AcDb2dVertex
 10
-52.15682097434857
 20
-56.03022073921874
 30
0.0
  0
VERTEX
  5
2FD
330
2E2
100
AcDbEntity
  8
0
100
AcDbVertex
100
AcDb2dVertex
 10
-52.28025034394857
 20
-55.88932897121868
 30
0.0
  0
VERTEX
  5
2FE
330
2E2
100
AcDbEntity
  8
0
100
AcDbVertex
100
AcDb2dVertex
 10
-52.36967724154866
 20
-55.74358377121848
 30
0.0
  0
VERTEX
  5
2FF
330
2E2
100
AcDbEntity
  8
0
100
AcDbVertex
100
AcDb2dVertex
 10
-52.4289632799486
 20
-55.58322747521856
 30
0.0
  0
VERTEX
  5
300
330
2E2
100
AcDbEntity
  8
0
100
AcDbVertex
100
AcDb2dVertex
 10
-52.46196946234856
 20
-55.39850241921884
 30
0.0
  0
VERTEX
  5
301
330
2E2
100
AcDbEntity
  8
0
100
AcDbVertex
100
AcDb2dVertex
 10
-52.45923926714856
 20
-55.20697077281875
 30
0.0
  0
VERTEX
  5
302
330
2E2
100
AcDbEntity
  8
0
100
AcDbVertex
100
AcDb2dVertex
 10
-52.41742070714842
 20
-54.77350615841872
 30
0.0
  0
VERTEX
  5
303
330
2E2
100
AcDbEntity
  8
0
100
AcDbVertex
100
AcDb2dVertex
 10
-52.35460122394845
 20
-54.57347038881858
 30
0.0
  0
VERTEX
  5
304
330
2E2
100
AcDbEntity
  8
0
100
AcDbVertex
100
AcDb2dVertex
 10
-52.25342672474828
 20
-54.37217010561858
 30
0.0
  0
VERTEX
  5
305
330
2E2
100
AcDbEntity
  8
0
100
AcDbVertex
100
AcDb2dVertex
 10
-52.16018108954852
 20
-54.24259210721857
 30
0.0
  0
VERTEX
  5
306
330
2E2
100
AcDbEntity
  8
0
100
AcDbVertex
100
AcDb2dVertex
 10
-51.69946572954852
 20
-53.66682917441858
 30
0.0
  0
VERTEX
  5
307
330
2E2
100
AcDbEntity
  8
0
100
AcDbVertex
100
AcDb2dVertex
 10
-51.63598930074834
 20
-53.59407280481855
 30
0.0
  0
VERTEX
  5
308
330
2E2
100
AcDbEntity
  8
0
100
AcDbVertex
100
AcDb2dVertex
 10
-52.20118339514822
 20
-53.56098778081878
 30
0.0
  0
VERTEX
  5
309
330
2E2
100
AcDbEntity
  8
0
100
AcDbVertex
100
AcDb2dVertex
 10
-52.76501787834846
 20
-53.59407280481855
 30
0.0
  0
VERTEX
  5
30A
330
2E2
100
AcDbEntity
  8
0
100
AcDbVertex
100
AcDb2dVertex
 10
-52.93637704794847
 20
-53.73263976161888
 30
0.0
  0
VERTEX
  5
30B
330
2E2
100
AcDbEntity
  8
0
100
AcDbVertex
100
AcDb2dVertex
 10
-53.04118455994824
 20
-53.92736307041878
 30
0.0
  0
VERTEX
  5
30C
330
2E2
100
AcDbEntity
  8
0
100
AcDbVertex
100
AcDb2dVertex
 10
-53.08759747194851
 20
-54.07794219521861
 30
0.0
  0
VERTEX
  5
30D
330
2E2
100
AcDbEntity
  8
0
100
AcDbVertex
100
AcDb2dVertex
 10
-53.21402912154842
 20
-54.42158672001868
 30
0.0
  0
VERTEX
  5
30E
330
2E2
100
AcDbEntity
  8
0
100
AcDbVertex
100
AcDb2dVertex
 10
-53.30265053434839
 20
-54.77686464801855
 30
0.0
  0
VERTEX
  5
30F
330
2E2
100
AcDbEntity
  8
0
100
AcDbVertex
100
AcDb2dVertex
 10
-53.32022733434876
 20
-55.27040635841832
 30
0.0
  0
VERTEX
  5
310
330
2E2
100
AcDbEntity
  8
0
100
AcDbVertex
100
AcDb2dVertex
 10
-53.26694382394856
 20
-55.73518571841873
 30
0.0
  0
VERTEX
  5
311
330
2E2
100
AcDbEntity
  8
0
100
AcDbVertex
100
AcDb2dVertex
 10
-53.12398734074843
 20
-56.1777923008185
 30
0.0
  0
VERTEX
  5
312
330
2E2
100
AcDbEntity
  8
0
100
AcDbVertex
100
AcDb2dVertex
 10
-52.87254440954864
 20
-56.60481567841862
 30
0.0
  0
VERTEX
  5
313
330
2E2
100
AcDbEntity
  8
0
100
AcDbVertex
100
AcDb2dVertex
 10
-52.63557988474866
 20
-56.79624084801867
 30
0.0
  0
VERTEX
  5
314
330
2E2
100
AcDbEntity
  8
0
100
AcDbVertex
100
AcDb2dVertex
 10
-52.37359900154857
 20
-56.9376587008187
 30
0.0
  0
VERTEX
  5
315
330
2E2
100
AcDbEntity
  8
0
100
AcDbVertex
100
AcDb2dVertex
 10
-52.09022664474848
 20
-57.02648534561854
 30
0.0
  0
VERTEX
  5
316
330
2E2
100
AcDbEntity
  8
0
100
AcDbVertex
100
AcDb2dVertex
 10
-51.78908851194858
 20
-57.0601364848187
 30
0.0
  0
VERTEX
  5
317
330
2E2
100
AcDbEntity
  8
0
100
AcDbVertex
100
AcDb2dVertex
 10
-51.67295158394852
 20
-57.05844321921836
 30
0.0
  0
VERTEX
  5
318
330
2E2
100
AcDbEntity
  8
0
100
AcDbVertex
100
AcDb2dVertex
 10
-51.3570936431485
 20
-57.04524700481896
 30
0.0
  0
VERTEX
  5
319
330
2E2
100
AcDbEntity
  8
0
100
AcDbVertex
100
AcDb2dVertex
 10
-51.04396325594842
 20
-57.00341991041887
 30
0.0
  0
VERTEX
  5
31A
330
2E2
100
AcDbEntity
  8
0
100
AcDbVertex
100
AcDb2dVertex
 10
-50.68682990874862
 20
-56.86575455201865
 30
0.0
  0
VERTEX
  5
31B
330
2E2
100
AcDbEntity
  8
0
100
AcDbVertex
100
AcDb2dVertex
 10
-50.55069871034851
 20
-56.78248745921859
 30
0.0
  0
VERTEX
  5
31C
330
2E2
100
AcDbEntity
  8
0
100
AcDbVertex
100
AcDb2dVertex
 10
-50.42081205114861
 20
-56.66660879841856
 30
0.0
  0
VERTEX
  5
31D
330
2E2
100
AcDbEntity
  8
0
100
AcDbVertex
100
AcDb2dVertex
 10
-50.11363359514842
 20
-56.26805089601861
 30
0.0
  0
VERTEX
  5
31E
330
2E2
100
AcDbEntity
  8
0
100
AcDbVertex
100
AcDb2dVertex
 10
-49.63301885914841
 20
-55.53214929441856
 30
0.0
  0
VERTEX
  5
31F
330
2E2
100
AcDbEntity
  8
0
100
AcDbVertex
100
AcDb2dVertex
 10
-49.26429031034871
 20
-54.96969758721866
 30
0.0
  0
VERTEX
  5
320
330
2E2
100
AcDbEntity
  8
0
100
AcDbVertex
100
AcDb2dVertex
 10
-49.04861220474838
 20
-54.7180266656187
 30
0.0
  0
VERTEX
  5
321
330
2E2
100
AcDbEntity
  8
0
100
AcDbVertex
100
AcDb2dVertex
 10
-48.78653622394828
 20
-54.50804832001859
 30
0.0
  0
VERTEX
  5
322
330
2E2
100
AcDbEntity
  8
0
100
AcDbVertex
100
AcDb2dVertex
 10
-48.48579697274836
 20
-54.45590740321858
 30
0.0
  0
VERTEX
  5
323
330
2E2
100
AcDbEntity
  8
0
100
AcDbVertex
100
AcDb2dVertex
 10
-48.18169943514856
 20
-54.50468820481865
 30
0.0
  0
VERTEX
  5
324
330
2E2
100
AcDbEntity
  8
0
100
AcDbVertex
100
AcDb2dVertex
 10
-47.94987587034841
 20
-54.74078506561863
 30
0.0
  0
VERTEX
  5
325
330
2E2
100
AcDbEntity
  8
0
100
AcDbVertex
100
AcDb2dVertex
 10
-47.81879744314863
 20
-55.04568097601896
 30
0.0
  0
VERTEX
  5
326
330
2E2
100
AcDbEntity
  8
0
100
AcDbVertex
100
AcDb2dVertex
 10
-47.8003905711484
 20
-55.39457192161876
 30
0.0
  0
VERTEX
  5
327
330
2E2
100
AcDbEntity
  8
0
100
AcDbVertex
100
AcDb2dVertex
 10
-47.83594671034864
 20
-55.72453824161858
 30
0.0
  0
VERTEX
  5
328
330
2E2
100
AcDbEntity
  8
0
100
AcDbVertex
100
AcDb2dVertex
 10
-47.93097217434859
 20
-56.04101553601866
 30
0.0
  0
VERTEX
  5
329
330
2E2
100
AcDbEntity
  8
0
100
AcDbVertex
100
AcDb2dVertex
 10
-48.09097388634832
 20
-56.34944021761862
 30
0.0
  0
VERTEX
  5
32A
330
2E2
100
AcDbEntity
  8
0
100
AcDbVertex
100
AcDb2dVertex
 10
-48.21109658234849
 20
-56.55075553761867
 30
0.0
  0
VERTEX
  5
32B
330
2E2
100
AcDbEntity
  8
0
100
AcDbVertex
100
AcDb2dVertex
 10
-48.30266683354846
 20
-56.76610547521864
 30
0.0
  0
VERTEX
  5
32C
330
2E2
100
AcDbEntity
  8
0
100
AcDbVertex
100
AcDb2dVertex
 10
-47.98565248154836
 20
-56.77923117921863
 30
0.0
  0
VERTEX
  5
32D
330
2E2
100
AcDbEntity
  8
0
100
AcDbVertex
100
AcDb2dVertex
 10
-47.85575972634858
 20
-56.78290645761854
 30
0.0
  0
VERTEX
  5
32E
330
2E2
100
AcDbEntity
  8
0
100
AcDbVertex
100
AcDb2dVertex
 10
-47.48723986394856
 20
-56.78722486401875
 30
0.0
  0
VERTEX
  5
32F
330
2E2
100
AcDbEntity
  8
0
100
AcDbVertex
100
AcDb2dVertex
 10
-47.38817275194872
 20
-56.7539394848186
 30
0.0
  0
VERTEX
  5
330
330
2E2
100
AcDbEntity
  8
0
100
AcDbVertex
100
AcDb2dVertex
 10
-47.28599505434879
 20
-56.6476583664189
 30
0.0
  0
VERTEX
  5
331
330
2E2
100
AcDbEntity
  8
0
100
AcDbVertex
100
AcDb2dVertex
 10
-47.2274015215484
 20
-56.49728914721868
 30
0.0
  0
VERTEX
  5
332
330
2E2
100
AcDbEntity
  8
0
100
AcDbVertex
100
AcDb2dVertex
 10
-47.08990867994855
 20
-56.14257753761854
 30
0.0
  0
SEQEND
  5
2E5
330
2E2
100
AcDbEntity
  8
0
  0
POLYLINE
  5
333
330
70
100
AcDbEntity
  8
0
100
AcDb2dPolyline
 66
     1
 10
0.0
 20
0.0
 30
0.0
 70
     1
  0
VERTEX
  5
334
330
333
100
AcDbEntity
  8
0
100
AcDbVertex
100
AcDb2dVertex
 10
-49.07750196154842
 20
-46.36833729441878
 30
0.0
  0
VERTEX
  5
335
330
333
100
AcDbEntity
  8
0
100
AcDbVertex
100
AcDb2dVertex
 10
-49.16287461274844
 20
-46.17472000321868
 30
0.0
  0
VERTEX
  5
337
330
333
100
AcDbEntity
  8
0
100
AcDbVertex
100
AcDb2dVertex
 10
-49.48545420634872
 20
-46.17472000321891
 30
0.0
  0
VERTEX
  5
338
330
333
100
AcDbEntity
  8
0
100
AcDbVertex
100
AcDb2dVertex
 10
-49.43954624634847
 20
-46.3765406816185
 30
0.0
  0
VERTEX
  5
339
330
333
100
AcDbEntity
  8
0
100
AcDbVertex
100
AcDb2dVertex
 10
-49.42161039194836
 20
-46.58466482721859
 30
0.0
  0
VERTEX
  5
33A
330
333
100
AcDbEntity
  8
0
100
AcDbVertex
100
AcDb2dVertex
 10
-49.42886320954851
 20
-46.75979132481848
 30
0.0
  0
VERTEX
  5
33B
330
333
100
AcDbEntity
  8
0
100
AcDbVertex
100
AcDb2dVertex
 10
-49.53921747194833
 20
-46.87364245601838
 30
0.0
  0
VERTEX
  5
33C
330
333
100
AcDbEntity
  8
0
100
AcDbVertex
100
AcDb2dVertex
 10
-49.67362553434845
 20
-46.86692202241875
 30
0.0
  0
VERTEX
  5
33D
330
333
100
AcDbEntity
  8
0
100
AcDbVertex
100
AcDb2dVertex
 10
-49.80600383194854
 20
-46.82148873761867
 30
0.0
  0
VERTEX
  5
33E
330
333
100
AcDbEntity
  8
0
100
AcDbVertex
100
AcDb2dVertex
 10
-49.87859804794851
 20
-46.70899254401866
 30
0.0
  0
VERTEX
  5
33F
330
333
100
AcDbEntity
  8
0
100
AcDbVertex
100
AcDb2dVertex
 10
-49.91556033114846
 20
-46.60482612801889
 30
0.0
  0
VERTEX
  5
340
330
333
100
AcDbEntity
  8
0
100
AcDbVertex
100
AcDb2dVertex
 10
-50.29190319034835
 20
-46.60482612801866
 30
0.0
  0
VERTEX
  5
341
330
333
100
AcDbEntity
  8
0
100
AcDbVertex
100
AcDb2dVertex
 10
-50.39942972154875
 20
-46.87364245601862
 30
0.0
  0
VERTEX
  5
342
330
333
100
AcDbEntity
  8
0
100
AcDbVertex
100
AcDb2dVertex
 10
-50.72200931514856
 20
-46.87364245601838
 30
0.0
  0
VERTEX
  5
343
330
333
100
AcDbEntity
  8
0
100
AcDbVertex
100
AcDb2dVertex
 10
-50.82621047834862
 20
-46.72350996481873
 30
0.0
  0
VERTEX
  5
344
330
333
100
AcDbEntity
  8
0
100
AcDbVertex
100
AcDb2dVertex
 10
-50.82827580314841
 20
-46.56723392481854
 30
0.0
  0
VERTEX
  5
345
330
333
100
AcDbEntity
  8
0
100
AcDbVertex
100
AcDb2dVertex
 10
-50.80937454554844
 20
-46.40657404801867
 30
0.0
  0
VERTEX
  5
346
330
333
100
AcDbEntity
  8
0
100
AcDbVertex
100
AcDb2dVertex
 10
-50.79131351994868
 20
-46.2446543312185
 30
0.0
  0
VERTEX
  5
347
330
333
100
AcDbEntity
  8
0
100
AcDbVertex
100
AcDb2dVertex
 10
-50.77577258074841
 20
-46.1209567376186
 30
0.0
  0
VERTEX
  5
348
330
333
100
AcDbEntity
  8
0
100
AcDbVertex
100
AcDb2dVertex
 10
-51.09835217434867
 20
-46.1209567376186
 30
0.0
  0
VERTEX
  5
349
330
333
100
AcDbEntity
  8
0
100
AcDbVertex
100
AcDb2dVertex
 10
-51.18556947514861
 20
-46.30380686721878
 30
0.0
  0
VERTEX
  5
34A
330
333
100
AcDbEntity
  8
0
100
AcDbVertex
100
AcDb2dVertex
 10
-51.21826943514855
 20
-46.50612010241866
 30
0.0
  0
VERTEX
  5
34B
330
333
100
AcDbEntity
  8
0
100
AcDbVertex
100
AcDb2dVertex
 10
-51.21595925434842
 20
-46.69219135841877
 30
0.0
  0
VERTEX
  5
34C
330
333
100
AcDbEntity
  8
0
100
AcDbVertex
100
AcDb2dVertex
 10
-51.21210272154865
 20
-46.92383549761848
 30
0.0
  0
VERTEX
  5
34D
330
333
100
AcDbEntity
  8
0
100
AcDbVertex
100
AcDb2dVertex
 10
-51.15211543994831
 20
-47.14245878401879
 30
0.0
  0
VERTEX
  5
34E
330
333
100
AcDbEntity
  8
0
100
AcDbVertex
100
AcDb2dVertex
 10
-50.95689916794839
 20
-47.32735432481877
 30
0.0
  0
VERTEX
  5
34F
330
333
100
AcDbEntity
  8
0
100
AcDbVertex
100
AcDb2dVertex
 10
-50.84920215194841
 20
-47.39128023201875
 30
0.0
  0
VERTEX
  5
350
330
333
100
AcDbEntity
  8
0
100
AcDbVertex
100
AcDb2dVertex
 10
-50.7163390191485
 20
-47.43059638401837
 30
0.0
  0
VERTEX
  5
351
330
333
100
AcDbEntity
  8
0
100
AcDbVertex
100
AcDb2dVertex
 10
-50.42128266234856
 20
-47.40210693121866
 30
0.0
  0
VERTEX
  5
352
330
333
100
AcDbEntity
  8
0
100
AcDbVertex
100
AcDb2dVertex
 10
-50.30073832634837
 20
-47.3463096336186
 30
0.0
  0
VERTEX
  5
353
330
333
100
AcDbEntity
  8
0
100
AcDbVertex
100
AcDb2dVertex
 10
-50.17765622554854
 20
-47.24662520001857
 30
0.0
  0
VERTEX
  5
354
330
333
100
AcDbEntity
  8
0
100
AcDbVertex
100
AcDb2dVertex
 10
-50.07685012794848
 20
-47.14245878401879
 30
0.0
  0
VERTEX
  5
355
330
333
100
AcDbEntity
  8
0
100
AcDbVertex
100
AcDb2dVertex
 10
-49.90870334714843
 20
-47.25990716481874
 30
0.0
  0
VERTEX
  5
356
330
333
100
AcDbEntity
  8
0
100
AcDbVertex
100
AcDb2dVertex
 10
-49.75174353914844
 20
-47.33189482881858
 30
0.0
  0
VERTEX
  5
357
330
333
100
AcDbEntity
  8
0
100
AcDbVertex
100
AcDb2dVertex
 10
-49.58260636154857
 20
-47.36292773601871
 30
0.0
  0
VERTEX
  5
358
330
333
100
AcDbEntity
  8
0
100
AcDbVertex
100
AcDb2dVertex
 10
-49.37792767514856
 20
-47.35751184641866
 30
0.0
  0
VERTEX
  5
359
330
333
100
AcDbEntity
  8
0
100
AcDbVertex
100
AcDb2dVertex
 10
-49.1797861359484
 20
-47.20142600161874
 30
0.0
  0
VERTEX
  5
35A
330
333
100
AcDbEntity
  8
0
100
AcDbVertex
100
AcDb2dVertex
 10
-49.05534808154829
 20
-46.98116898721877
 30
0.0
  0
VERTEX
  5
35B
330
333
100
AcDbEntity
  8
0
100
AcDbVertex
100
AcDb2dVertex
 10
-49.03935461594841
 20
-46.56551261761865
 30
0.0
  0
SEQEND
  5
336
330
333
100
AcDbEntity
  8
0
  0
POLYLINE
  5
35C
330
70
100
AcDbEntity
  8
0
100
AcDb2dPolyline
 66
     1
 10
0.0
 20
0.0
 30
0.0
 70
     1
  0
VERTEX
  5
35D
330
35C
100
AcDbEntity
  8
0
100
AcDbVertex
100
AcDb2dVertex
 10
-48.81391600493871
 20
15.70357693920638
 30
0.0
  0
VERTEX
  5
35E
330
35C
100
AcDbEntity
  8
0
100
AcDbVertex
100
AcDb2dVertex
 10
-48.85623850093868
 20
15.8917911830466
 30
0.0
  0
VERTEX
  5
360
330
35C
100
AcDbEntity
  8
0
100
AcDbVertex
100
AcDb2dVertex
 10
-48.84155039213872
 20
16.03726011232643
 30
0.0
  0
VERTEX
  5
361
330
35C
100
AcDbEntity
  8
0
100
AcDbVertex
100
AcDb2dVertex
 10
-48.7975720599787
 20
16.14216999648638
 30
0.0
  0
VERTEX
  5
362
330
35C
100
AcDbEntity
  8
0
100
AcDbVertex
100
AcDb2dVertex
 10
-48.71378749805868
 20
16.20604778592639
 30
0.0
  0
VERTEX
  5
363
330
35C
100
AcDbEntity
  8
0
100
AcDbVertex
100
AcDb2dVertex
 10
-48.58062663661868
 20
16.2273883376063
 30
0.0
  0
VERTEX
  5
364
330
35C
100
AcDbEntity
  8
0
100
AcDbVertex
100
AcDb2dVertex
 10
-48.48322930029866
 20
16.21464997344642
 30
0.0
  0
VERTEX
  5
365
330
35C
100
AcDbEntity
  8
0
100
AcDbVertex
100
AcDb2dVertex
 10
-48.40738010477871
 20
16.17623444448661
 30
0.0
  0
VERTEX
  5
366
330
35C
100
AcDbEntity
  8
0
100
AcDbVertex
100
AcDb2dVertex
 10
-48.35089294317871
 20
16.11523104096639
 30
0.0
  0
VERTEX
  5
367
330
35C
100
AcDbEntity
  8
0
100
AcDbVertex
100
AcDb2dVertex
 10
-48.31057757549871
 20
16.03366867424652
 30
0.0
  0
VERTEX
  5
368
330
35C
100
AcDbEntity
  8
0
100
AcDbVertex
100
AcDb2dVertex
 10
-48.25942368237871
 20
15.81746891360632
 30
0.0
  0
VERTEX
  5
369
330
35C
100
AcDbEntity
  8
0
100
AcDbVertex
100
AcDb2dVertex
 10
-48.22874292077867
 20
15.52969951200642
 30
0.0
  0
VERTEX
  5
36A
330
35C
100
AcDbEntity
  8
0
100
AcDbVertex
100
AcDb2dVertex
 10
-48.69664050669872
 20
15.52969951200642
 30
0.0
  0
SEQEND
  5
35F
330
35C
100
AcDbEntity
  8
0
  0
POLYLINE
  5
36B
330
70
100
AcDbEntity
  8
0
100
AcDb2dPolyline
 66
     1
 10
0.0
 20
0.0
 30
0.0
 70
     1
  0
VERTEX
  5
36C
330
36B
100
AcDbEntity
  8
0
100
AcDbVertex
100
AcDb2dVertex
 10
-49.28181375341868
 20
15.52969951200642
 30
0.0
  0
VERTEX
  5
36D
330
36B
100
AcDbEntity
  8
0
100
AcDbVertex
100
AcDb2dVertex
 10
-49.28181375341868
 20
14.83390304736637
 30
0.0
  0
VERTEX
  5
36F
330
36B
100
AcDbEntity
  8
0
100
AcDbVertex
100
AcDb2dVertex
 10
-47.75533991533871
 20
14.83390304736637
 30
0.0
  0
VERTEX
  5
370
330
36B
100
AcDbEntity
  8
0
100
AcDbVertex
100
AcDb2dVertex
 10
-47.57008702701869
 20
14.85044157664637
 30
0.0
  0
VERTEX
  5
371
330
36B
100
AcDbEntity
  8
0
100
AcDbVertex
100
AcDb2dVertex
 10
-47.4102159319787
 20
14.90006057824654
 30
0.0
  0
VERTEX
  5
372
330
36B
100
AcDbEntity
  8
0
100
AcDbVertex
100
AcDb2dVertex
 10
-47.27575312749867
 20
14.98276541664632
 30
0.0
  0
VERTEX
  5
373
330
36B
100
AcDbEntity
  8
0
100
AcDbVertex
100
AcDb2dVertex
 10
-47.16672576109868
 20
15.09856145632646
 30
0.0
  0
VERTEX
  5
374
330
36B
100
AcDbEntity
  8
0
100
AcDbVertex
100
AcDb2dVertex
 10
-47.08229876205869
 20
15.25081450208633
 30
0.0
  0
VERTEX
  5
375
330
36B
100
AcDbEntity
  8
0
100
AcDbVertex
100
AcDb2dVertex
 10
-47.02197372141871
 20
15.44239520096649
 30
0.0
  0
VERTEX
  5
376
330
36B
100
AcDbEntity
  8
0
100
AcDbVertex
100
AcDb2dVertex
 10
-46.98576689517867
 20
15.67334126688653
 30
0.0
  0
VERTEX
  5
377
330
36B
100
AcDbEntity
  8
0
100
AcDbVertex
100
AcDb2dVertex
 10
-46.97369437677871
 20
15.94369057632663
 30
0.0
  0
VERTEX
  5
378
330
36B
100
AcDbEntity
  8
0
100
AcDbVertex
100
AcDb2dVertex
 10
-47.0146404772587
 20
16.4115881622463
 30
0.0
  0
VERTEX
  5
379
330
36B
100
AcDbEntity
  8
0
100
AcDbVertex
100
AcDb2dVertex
 10
-47.08557922285869
 20
16.74712809568642
 30
0.0
  0
VERTEX
  5
37A
330
36B
100
AcDbEntity
  8
0
100
AcDbVertex
100
AcDb2dVertex
 10
-47.62716834541871
 20
16.74712809568642
 30
0.0
  0
VERTEX
  5
37B
330
36B
100
AcDbEntity
  8
0
100
AcDbVertex
100
AcDb2dVertex
 10
-47.62716834541871
 20
16.68714264288635
 30
0.0
  0
VERTEX
  5
37C
330
36B
100
AcDbEntity
  8
0
100
AcDbVertex
100
AcDb2dVertex
 10
-47.51253087085871
 20
16.36312967648631
 30
0.0
  0
VERTEX
  5
37D
330
36B
100
AcDbEntity
  8
0
100
AcDbVertex
100
AcDb2dVertex
 10
-47.46751313005872
 20
16.07329576288634
 30
0.0
  0
VERTEX
  5
37E
330
36B
100
AcDbEntity
  8
0
100
AcDbVertex
100
AcDb2dVertex
 10
-47.4853266174187
 20
15.83394193120646
 30
0.0
  0
VERTEX
  5
37F
330
36B
100
AcDbEntity
  8
0
100
AcDbVertex
100
AcDb2dVertex
 10
-47.53845187565871
 20
15.66263083872641
 30
0.0
  0
VERTEX
  5
380
330
36B
100
AcDbEntity
  8
0
100
AcDbVertex
100
AcDb2dVertex
 10
-47.6380356439787
 20
15.55984268768622
 30
0.0
  0
VERTEX
  5
381
330
36B
100
AcDbEntity
  8
0
100
AcDbVertex
100
AcDb2dVertex
 10
-47.79490962029872
 20
15.52557048800661
 30
0.0
  0
VERTEX
  5
382
330
36B
100
AcDbEntity
  8
0
100
AcDbVertex
100
AcDb2dVertex
 10
-47.80723930861871
 20
15.52557048800661
 30
0.0
  0
VERTEX
  5
383
330
36B
100
AcDbEntity
  8
0
100
AcDbVertex
100
AcDb2dVertex
 10
-47.86309573741871
 20
16.09302323168636
 30
0.0
  0
VERTEX
  5
384
330
36B
100
AcDbEntity
  8
0
100
AcDbVertex
100
AcDb2dVertex
 10
-47.91334628461869
 20
16.33851321568652
 30
0.0
  0
VERTEX
  5
385
330
36B
100
AcDbEntity
  8
0
100
AcDbVertex
100
AcDb2dVertex
 10
-47.99138191213871
 20
16.54727228000634
 30
0.0
  0
VERTEX
  5
386
330
36B
100
AcDbEntity
  8
0
100
AcDbVertex
100
AcDb2dVertex
 10
-48.09719497965869
 20
16.71271950816649
 30
0.0
  0
VERTEX
  5
387
330
36B
100
AcDbEntity
  8
0
100
AcDbVertex
100
AcDb2dVertex
 10
-48.23487907309875
 20
16.83446816992653
 30
0.0
  0
VERTEX
  5
388
330
36B
100
AcDbEntity
  8
0
100
AcDbVertex
100
AcDb2dVertex
 10
-48.4127707569387
 20
16.90955739744637
 30
0.0
  0
VERTEX
  5
389
330
36B
100
AcDbEntity
  8
0
100
AcDbVertex
100
AcDb2dVertex
 10
-48.63866234477868
 20
16.93471144416632
 30
0.0
  0
VERTEX
  5
38A
330
36B
100
AcDbEntity
  8
0
100
AcDbVertex
100
AcDb2dVertex
 10
-48.78404251629871
 20
16.92239703648626
 30
0.0
  0
VERTEX
  5
38B
330
36B
100
AcDbEntity
  8
0
100
AcDbVertex
100
AcDb2dVertex
 10
-48.91637432173872
 20
16.88544292192643
 30
0.0
  0
VERTEX
  5
38C
330
36B
100
AcDbEntity
  8
0
100
AcDbVertex
100
AcDb2dVertex
 10
-49.0356847460587
 20
16.82383284448649
 30
0.0
  0
VERTEX
  5
38D
330
36B
100
AcDbEntity
  8
0
100
AcDbVertex
100
AcDb2dVertex
 10
-49.1420006116587
 20
16.73755103584643
 30
0.0
  0
VERTEX
  5
38E
330
36B
100
AcDbEntity
  8
0
100
AcDbVertex
100
AcDb2dVertex
 10
-49.22926021869868
 20
16.6328981590466
 30
0.0
  0
VERTEX
  5
38F
330
36B
100
AcDbEntity
  8
0
100
AcDbVertex
100
AcDb2dVertex
 10
-49.29173479021868
 20
16.51559502560646
 30
0.0
  0
VERTEX
  5
390
330
36B
100
AcDbEntity
  8
0
100
AcDbVertex
100
AcDb2dVertex
 10
-49.32930630765871
 20
16.38565740384653
 30
0.0
  0
VERTEX
  5
391
330
36B
100
AcDbEntity
  8
0
100
AcDbVertex
100
AcDb2dVertex
 10
-49.34185642733866
 20
16.24310154976635
 30
0.0
  0
VERTEX
  5
392
330
36B
100
AcDbEntity
  8
0
100
AcDbVertex
100
AcDb2dVertex
 10
-49.31799993453866
 20
15.99415635296644
 30
0.0
  0
VERTEX
  5
393
330
36B
100
AcDbEntity
  8
0
100
AcDbVertex
100
AcDb2dVertex
 10
-49.2476919217387
 20
15.81133259872645
 30
0.0
  0
VERTEX
  5
394
330
36B
100
AcDbEntity
  8
0
100
AcDbVertex
100
AcDb2dVertex
 10
-49.15220856685867
 20
15.65855919840656
 30
0.0
  0
VERTEX
  5
395
330
36B
100
AcDbEntity
  8
0
100
AcDbVertex
100
AcDb2dVertex
 10
-49.04382184941873
 20
15.52969951200642
 30
0.0
  0
SEQEND
  5
36E
330
36B
100
AcDbEntity
  8
0
  0
POLYLINE
  5
396
330
70
100
AcDbEntity
  8
0
100
AcDb2dPolyline
 66
     1
 10
0.0
 20
0.0
 30
0.0
 70
     1
  0
VERTEX
  5
397
330
396
100
AcDbEntity
  8
0
100
AcDbVertex
100
AcDb2dVertex
 10
-49.48802680301866
 20
17.89848693088631
 30
0.0
  0
VERTEX
  5
398
330
396
100
AcDbEntity
  8
0
100
AcDbVertex
100
AcDb2dVertex
 10
-49.48482079469872
 20
18.9418669116864
 30
0.0
  0
VERTEX
  5
39A
330
396
100
AcDbEntity
  8
0
100
AcDbVertex
100
AcDb2dVertex
 10
-49.50721213421869
 20
20.05835337568657
 30
0.0
  0
VERTEX
  5
39B
330
396
100
AcDbEntity
  8
0
100
AcDbVertex
100
AcDb2dVertex
 10
-49.63701353069866
 20
22.21776367712644
 30
0.0
  0
VERTEX
  5
39C
330
396
100
AcDbEntity
  8
0
100
AcDbVertex
100
AcDb2dVertex
 10
-49.84777695981868
 20
24.3945501795265
 30
0.0
  0
VERTEX
  5
39D
330
396
100
AcDbEntity
  8
0
100
AcDbVertex
100
AcDb2dVertex
 10
-50.13360458221868
 20
26.53832611040645
 30
0.0
  0
VERTEX
  5
39E
330
396
100
AcDbEntity
  8
0
100
AcDbVertex
100
AcDb2dVertex
 10
-50.48859872109873
 20
28.59870453472634
 30
0.0
  0
VERTEX
  5
39F
330
396
100
AcDbEntity
  8
0
100
AcDbVertex
100
AcDb2dVertex
 10
-50.91996598637871
 20
28.68828127200634
 30
0.0
  0
VERTEX
  5
3A0
330
396
100
AcDbEntity
  8
0
100
AcDbVertex
100
AcDb2dVertex
 10
-50.48406914925871
 20
26.30576175968638
 30
0.0
  0
VERTEX
  5
3A1
330
396
100
AcDbEntity
  8
0
100
AcDbVertex
100
AcDb2dVertex
 10
-50.28799594221866
 20
25.0783921443265
 30
0.0
  0
VERTEX
  5
3A2
330
396
100
AcDbEntity
  8
0
100
AcDbVertex
100
AcDb2dVertex
 10
-50.11166125805868
 20
23.81933405792649
 30
0.0
  0
VERTEX
  5
3A3
330
396
100
AcDbEntity
  8
0
100
AcDbVertex
100
AcDb2dVertex
 10
-49.9589312612587
 20
22.52287530464644
 30
0.0
  0
VERTEX
  5
3A4
330
396
100
AcDbEntity
  8
0
100
AcDbVertex
100
AcDb2dVertex
 10
-49.83367227885871
 20
21.18330466400655
 30
0.0
  0
VERTEX
  5
3A5
330
396
100
AcDbEntity
  8
0
100
AcDbVertex
100
AcDb2dVertex
 10
-49.7397504753387
 20
19.79491042784644
 30
0.0
  0
VERTEX
  5
3A6
330
396
100
AcDbEntity
  8
0
100
AcDbVertex
100
AcDb2dVertex
 10
-49.68103217773871
 20
18.35198056288641
 30
0.0
  0
VERTEX
  5
3A7
330
396
100
AcDbEntity
  8
0
100
AcDbVertex
100
AcDb2dVertex
 10
-49.6698878769387
 20
17.48267990880647
 30
0.0
  0
VERTEX
  5
3A8
330
396
100
AcDbEntity
  8
0
100
AcDbVertex
100
AcDb2dVertex
 10
-49.68289869165869
 20
16.68971336672633
 30
0.0
  0
VERTEX
  5
3A9
330
396
100
AcDbEntity
  8
0
100
AcDbVertex
100
AcDb2dVertex
 10
-49.76301752557867
 20
15.24696134240663
 30
0.0
  0
VERTEX
  5
3AA
330
396
100
AcDbEntity
  8
0
100
AcDbVertex
100
AcDb2dVertex
 10
-49.84522144980015
 20
14.28141043538111
 30
0.0
  0
VERTEX
  5
3AB
330
396
100
AcDbEntity
  8
0
100
AcDbVertex
100
AcDb2dVertex
 10
-50.10509334637871
 20
14.38246417376648
 30
0.0
  0
VERTEX
  5
3AC
330
396
100
AcDbEntity
  8
0
100
AcDbVertex
100
AcDb2dVertex
 10
-50.10509334637866
 20
13.63086866400632
 30
0.0
  0
VERTEX
  5
3AD
330
396
100
AcDbEntity
  8
0
100
AcDbVertex
100
AcDb2dVertex
 10
-49.90684101622272
 20
13.55763929168827
 30
0.0
  0
VERTEX
  5
3AE
330
396
100
AcDbEntity
  8
0
100
AcDbVertex
100
AcDb2dVertex
 10
-50.01106669165872
 20
12.33342528480655
 30
0.0
  0
VERTEX
  5
3AF
330
396
100
AcDbEntity
  8
0
100
AcDbVertex
100
AcDb2dVertex
 10
-49.93404901485867
 20
12.22532532320634
 30
0.0
  0
VERTEX
  5
3B0
330
396
100
AcDbEntity
  8
0
100
AcDbVertex
100
AcDb2dVertex
 10
-49.78649592728686
 20
13.51318687431995
 30
0.0
  0
VERTEX
  5
3B1
330
396
100
AcDbEntity
  8
0
100
AcDbVertex
100
AcDb2dVertex
 10
-47.03786623725872
 20
12.49791292128644
 30
0.0
  0
VERTEX
  5
3B2
330
396
100
AcDbEntity
  8
0
100
AcDbVertex
100
AcDb2dVertex
 10
-47.03786623725872
 20
13.21682021600618
 30
0.0
  0
VERTEX
  5
3B3
330
396
100
AcDbEntity
  8
0
100
AcDbVertex
100
AcDb2dVertex
 10
-48.44694980973871
 20
13.65879695968639
 30
0.0
  0
VERTEX
  5
3B4
330
396
100
AcDbEntity
  8
0
100
AcDbVertex
100
AcDb2dVertex
 10
-47.03786623725869
 20
14.13076634848634
 30
0.0
  0
VERTEX
  5
3B5
330
396
100
AcDbEntity
  8
0
100
AcDbVertex
100
AcDb2dVertex
 10
-47.03786623725869
 20
14.86613235552638
 30
0.0
  0
VERTEX
  5
3B6
330
396
100
AcDbEntity
  8
0
100
AcDbVertex
100
AcDb2dVertex
 10
-49.2299715812587
 20
14.04216448352641
 30
0.0
  0
VERTEX
  5
3B7
330
396
100
AcDbEntity
  8
0
100
AcDbVertex
100
AcDb2dVertex
 10
-49.70803979939271
 20
14.22806600378207
 30
0.0
  0
VERTEX
  5
3B8
330
396
100
AcDbEntity
  8
0
100
AcDbVertex
100
AcDb2dVertex
 10
-49.5633193930987
 20
15.96332392288635
 30
0.0
  0
SEQEND
  5
399
330
396
100
AcDbEntity
  8
0
  0
POLYLINE
  5
3B9
330
70
100
AcDbEntity
  8
0
100
AcDb2dPolyline
 66
     1
 10
0.0
 20
0.0
 30
0.0
 70
     1
  0
VERTEX
  5
3BA
330
3B9
100
AcDbEntity
  8
0
100
AcDbVertex
100
AcDb2dVertex
 10
-48.46564518509869
 20
21.62864867552649
 30
0.0
  0
VERTEX
  5
3BB
330
3B9
100
AcDbEntity
  8
0
100
AcDbVertex
100
AcDb2dVertex
 10
-48.55613941101872
 20
21.66392452064645
 30
0.0
  0
VERTEX
  5
3BD
330
3B9
100
AcDbEntity
  8
0
100
AcDbVertex
100
AcDb2dVertex
 10
-48.63081281005869
 20
21.72449063776638
 30
0.0
  0
VERTEX
  5
3BE
330
3B9
100
AcDbEntity
  8
0
100
AcDbVertex
100
AcDb2dVertex
 10
-48.68505631853871
 20
21.81262644320631
 30
0.0
  0
VERTEX
  5
3BF
330
3B9
100
AcDbEntity
  8
0
100
AcDbVertex
100
AcDb2dVertex
 10
-48.73896300269873
 20
22.04046777568674
 30
0.0
  0
VERTEX
  5
3C0
330
3B9
100
AcDbEntity
  8
0
100
AcDbVertex
100
AcDb2dVertex
 10
-48.74309202669869
 20
22.44356293088657
 30
0.0
  0
VERTEX
  5
3C1
330
3B9
100
AcDbEntity
  8
0
100
AcDbVertex
100
AcDb2dVertex
 10
-48.74309202669869
 20
22.48382075232653
 30
0.0
  0
VERTEX
  5
3C2
330
3B9
100
AcDbEntity
  8
0
100
AcDbVertex
100
AcDb2dVertex
 10
-47.9982061809387
 20
22.48382075232653
 30
0.0
  0
VERTEX
  5
3C3
330
3B9
100
AcDbEntity
  8
0
100
AcDbVertex
100
AcDb2dVertex
 10
-47.9982061809387
 20
22.34601490144641
 30
0.0
  0
VERTEX
  5
3C4
330
3B9
100
AcDbEntity
  8
0
100
AcDbVertex
100
AcDb2dVertex
 10
-48.00095880941871
 20
22.02750719200647
 30
0.0
  0
VERTEX
  5
3C5
330
3B9
100
AcDbEntity
  8
0
100
AcDbVertex
100
AcDb2dVertex
 10
-48.03026350061869
 20
21.84061196000664
 30
0.0
  0
VERTEX
  5
3C6
330
3B9
100
AcDbEntity
  8
0
100
AcDbVertex
100
AcDb2dVertex
 10
-48.0799406986987
 20
21.74307839840646
 30
0.0
  0
VERTEX
  5
3C7
330
3B9
100
AcDbEntity
  8
0
100
AcDbVertex
100
AcDb2dVertex
 10
-48.14828449901871
 20
21.67281346400648
 30
0.0
  0
VERTEX
  5
3C8
330
3B9
100
AcDbEntity
  8
0
100
AcDbVertex
100
AcDb2dVertex
 10
-48.24100807277869
 20
21.63087802336665
 30
0.0
  0
VERTEX
  5
3C9
330
3B9
100
AcDbEntity
  8
0
100
AcDbVertex
100
AcDb2dVertex
 10
-48.36379614317871
 20
21.61689965152643
 30
0.0
  0
SEQEND
  5
3BC
330
3B9
100
AcDbEntity
  8
0
  0
POLYLINE
  5
3CA
330
70
100
AcDbEntity
  8
0
100
AcDb2dPolyline
 66
     1
 10
0.0
 20
0.0
 30
0.0
 70
     1
  0
VERTEX
  5
3CB
330
3CA
100
AcDbEntity
  8
0
100
AcDbVertex
100
AcDb2dVertex
 10
-47.32712663917868
 20
21.83860483168654
 30
0.0
  0
VERTEX
  5
3CC
330
3CA
100
AcDbEntity
  8
0
100
AcDbVertex
100
AcDb2dVertex
 10
-47.39307609325867
 20
21.88637520096645
 30
0.0
  0
VERTEX
  5
3CE
330
3CA
100
AcDbEntity
  8
0
100
AcDbVertex
100
AcDb2dVertex
 10
-47.44302574189868
 20
21.9620164822463
 30
0.0
  0
VERTEX
  5
3CF
330
3CA
100
AcDbEntity
  8
0
100
AcDbVertex
100
AcDb2dVertex
 10
-47.48465995885869
 20
22.12092619744661
 30
0.0
  0
VERTEX
  5
3D0
330
3CA
100
AcDbEntity
  8
0
100
AcDbVertex
100
AcDb2dVertex
 10
-47.48873159917867
 20
22.38965624672653
 30
0.0
  0
VERTEX
  5
3D1
330
3CA
100
AcDbEntity
  8
0
100
AcDbVertex
100
AcDb2dVertex
 10
-47.48873159917867
 20
22.48382075232653
 30
0.0
  0
VERTEX
  5
3D2
330
3CA
100
AcDbEntity
  8
0
100
AcDbVertex
100
AcDb2dVertex
 10
-46.8591715070187
 20
22.48382075232653
 30
0.0
  0
VERTEX
  5
3D3
330
3CA
100
AcDbEntity
  8
0
100
AcDbVertex
100
AcDb2dVertex
 10
-46.8591715070187
 20
22.43192135904653
 30
0.0
  0
VERTEX
  5
3D4
330
3CA
100
AcDbEntity
  8
0
100
AcDbVertex
100
AcDb2dVertex
 10
-46.8619242980587
 20
22.13119137376649
 30
0.0
  0
VERTEX
  5
3D5
330
3CA
100
AcDbEntity
  8
0
100
AcDbVertex
100
AcDb2dVertex
 10
-46.89736497901868
 20
21.95656844640641
 30
0.0
  0
VERTEX
  5
3D6
330
3CA
100
AcDbEntity
  8
0
100
AcDbVertex
100
AcDb2dVertex
 10
-46.94188804973872
 20
21.88850424928642
 30
0.0
  0
VERTEX
  5
3D7
330
3CA
100
AcDbEntity
  8
0
100
AcDbVertex
100
AcDb2dVertex
 10
-47.00718531309864
 20
21.84130007648662
 30
0.0
  0
VERTEX
  5
3D8
330
3CA
100
AcDbEntity
  8
0
100
AcDbVertex
100
AcDb2dVertex
 10
-47.15519895661871
 20
21.80442577888639
 30
0.0
  0
SEQEND
  5
3CD
330
3CA
100
AcDbEntity
  8
0
  0
POLYLINE
  5
3D9
330
70
100
AcDbEntity
  8
0
100
AcDb2dPolyline
 66
     1
 10
0.0
 20
0.0
 30
0.0
 70
     1
  0
VERTEX
  5
3DA
330
3D9
100
AcDbEntity
  8
0
100
AcDbVertex
100
AcDb2dVertex
 10
-47.99144368493871
 20
20.94829492320656
 30
0.0
  0
VERTEX
  5
3DB
330
3D9
100
AcDbEntity
  8
0
100
AcDbVertex
100
AcDb2dVertex
 10
-47.89521027821871
 20
21.01326056416646
 30
0.0
  0
VERTEX
  5
3DD
330
3D9
100
AcDbEntity
  8
0
100
AcDbVertex
100
AcDb2dVertex
 10
-47.74674488045868
 20
21.20652863584624
 30
0.0
  0
VERTEX
  5
3DE
330
3D9
100
AcDbEntity
  8
0
100
AcDbVertex
100
AcDb2dVertex
 10
-47.65853738605867
 20
21.45454902880644
 30
0.0
  0
VERTEX
  5
3DF
330
3D9
100
AcDbEntity
  8
0
100
AcDbVertex
100
AcDb2dVertex
 10
-47.64288155757868
 20
21.45454902880644
 30
0.0
  0
VERTEX
  5
3E0
330
3D9
100
AcDbEntity
  8
0
100
AcDbVertex
100
AcDb2dVertex
 10
-47.53989264493871
 20
21.2838759843266
 30
0.0
  0
VERTEX
  5
3E1
330
3D9
100
AcDbEntity
  8
0
100
AcDbVertex
100
AcDb2dVertex
 10
-47.39255996525871
 20
21.15444993888639
 30
0.0
  0
VERTEX
  5
3E2
330
3D9
100
AcDbEntity
  8
0
100
AcDbVertex
100
AcDb2dVertex
 10
-47.21082601325871
 20
21.07261528416654
 30
0.0
  0
VERTEX
  5
3E3
330
3D9
100
AcDbEntity
  8
0
100
AcDbVertex
100
AcDb2dVertex
 10
-47.00517818477873
 20
21.04531788384653
 30
0.0
  0
VERTEX
  5
3E4
330
3D9
100
AcDbEntity
  8
0
100
AcDbVertex
100
AcDb2dVertex
 10
-46.82803915373868
 20
21.06514565216672
 30
0.0
  0
VERTEX
  5
3E5
330
3D9
100
AcDbEntity
  8
0
100
AcDbVertex
100
AcDb2dVertex
 10
-46.67296439149871
 20
21.12445729376638
 30
0.0
  0
VERTEX
  5
3E6
330
3D9
100
AcDbEntity
  8
0
100
AcDbVertex
100
AcDb2dVertex
 10
-46.54373927021873
 20
21.22358947040654
 30
0.0
  0
VERTEX
  5
3E7
330
3D9
100
AcDbEntity
  8
0
100
AcDbVertex
100
AcDb2dVertex
 10
-46.44311593069869
 20
21.36319469792649
 30
0.0
  0
VERTEX
  5
3E8
330
3D9
100
AcDbEntity
  8
0
100
AcDbVertex
100
AcDb2dVertex
 10
-46.3772953866987
 20
21.51608286560631
 30
0.0
  0
VERTEX
  5
3E9
330
3D9
100
AcDbEntity
  8
0
100
AcDbVertex
100
AcDb2dVertex
 10
-46.33874363245872
 20
21.6796377328065
 30
0.0
  0
VERTEX
  5
3EA
330
3D9
100
AcDbEntity
  8
0
100
AcDbVertex
100
AcDb2dVertex
 10
-46.31351074413871
 20
22.17615173088639
 30
0.0
  0
VERTEX
  5
3EB
330
3D9
100
AcDbEntity
  8
0
100
AcDbVertex
100
AcDb2dVertex
 10
-46.31351074413871
 20
23.22727281888643
 30
0.0
  0
VERTEX
  5
3EC
330
3D9
100
AcDbEntity
  8
0
100
AcDbVertex
100
AcDb2dVertex
 10
-49.28869540589868
 20
23.22727281888643
 30
0.0
  0
VERTEX
  5
3ED
330
3D9
100
AcDbEntity
  8
0
100
AcDbVertex
100
AcDb2dVertex
 10
-49.28869540589868
 20
22.03633875168659
 30
0.0
  0
VERTEX
  5
3EE
330
3D9
100
AcDbEntity
  8
0
100
AcDbVertex
100
AcDb2dVertex
 10
-49.2747599498987
 20
21.7539242390465
 30
0.0
  0
VERTEX
  5
3EF
330
3D9
100
AcDbEntity
  8
0
100
AcDbVertex
100
AcDb2dVertex
 10
-49.2327815934187
 20
21.5261760534462
 30
0.0
  0
VERTEX
  5
3F0
330
3D9
100
AcDbEntity
  8
0
100
AcDbVertex
100
AcDb2dVertex
 10
-49.15776405485869
 20
21.33333811552671
 30
0.0
  0
VERTEX
  5
3F1
330
3D9
100
AcDbEntity
  8
0
100
AcDbVertex
100
AcDb2dVertex
 10
-49.04519824493871
 20
21.15714534624656
 30
0.0
  0
VERTEX
  5
3F2
330
3D9
100
AcDbEntity
  8
0
100
AcDbVertex
100
AcDb2dVertex
 10
-48.92061096045869
 20
21.02979096544649
 30
0.0
  0
VERTEX
  5
3F3
330
3D9
100
AcDbEntity
  8
0
100
AcDbVertex
100
AcDb2dVertex
 10
-48.76763663597867
 20
20.93142590944652
 30
0.0
  0
VERTEX
  5
3F4
330
3D9
100
AcDbEntity
  8
0
100
AcDbVertex
100
AcDb2dVertex
 10
-48.58266969069868
 20
20.89259438944625
 30
0.0
  0
VERTEX
  5
3F5
330
3D9
100
AcDbEntity
  8
0
100
AcDbVertex
100
AcDb2dVertex
 10
-48.37056302829868
 20
20.89569847264645
 30
0.0
  0
VERTEX
  5
3F6
330
3D9
100
AcDbEntity
  8
0
100
AcDbVertex
100
AcDb2dVertex
 10
-48.10194059373873
 20
20.91306036832647
 30
0.0
  0
SEQEND
  5
3DC
330
3D9
100
AcDbEntity
  8
0
  0
POLYLINE
  5
3F7
330
70
100
AcDbEntity
  8
0
100
AcDb2dPolyline
 66
     1
 10
0.0
 20
0.0
 30
0.0
 70
     1
  0
VERTEX
  5
3F8
330
3F7
100
AcDbEntity
  8
0
100
AcDbVertex
100
AcDb2dVertex
 10
-50.73621848154873
 20
-50.75228077441853
 30
0.0
  0
VERTEX
  5
3F9
330
3F7
100
AcDbEntity
  8
0
100
AcDbVertex
100
AcDb2dVertex
 10
-50.87788644497575
 20
-50.71068529094887
 30
0.0
  0
VERTEX
  5
3FB
330
3F7
100
AcDbEntity
  8
0
100
AcDbVertex
100
AcDb2dVertex
 10
-51.16410220794858
 20
-50.62507818401854
 30
0.0
  0
VERTEX
  5
3FC
330
3F7
100
AcDbEntity
  8
0
100
AcDbVertex
100
AcDb2dVertex
 10
-51.43851283514838
 20
-50.50761740801863
 30
0.0
  0
VERTEX
  5
3FD
330
3F7
100
AcDbEntity
  8
0
100
AcDbVertex
100
AcDb2dVertex
 10
-51.58098932710217
 20
-50.42781769413908
 30
0.0
  0
VERTEX
  5
3FE
330
3F7
100
AcDbEntity
  8
0
100
AcDbVertex
100
AcDb2dVertex
 10
-51.83065916794856
 20
-50.29726781601858
 30
0.0
  0
VERTEX
  5
3FF
330
3F7
100
AcDbEntity
  8
0
100
AcDbVertex
100
AcDb2dVertex
 10
-52.05262367194854
 20
-50.12176539841856
 30
0.0
  0
VERTEX
  5
400
330
3F7
100
AcDbEntity
  8
0
100
AcDbVertex
100
AcDb2dVertex
 10
-52.19418132839296
 20
-49.9829043110097
 30
0.0
  0
VERTEX
  5
401
330
3F7
100
AcDbEntity
  8
0
100
AcDbVertex
100
AcDb2dVertex
 10
-52.38271711735565
 20
-49.75159651281835
 30
0.0
  0
VERTEX
  5
402
330
3F7
100
AcDbEntity
  8
0
100
AcDbVertex
100
AcDb2dVertex
 10
-52.58637988154845
 20
-49.47916693761863
 30
0.0
  0
VERTEX
  5
403
330
3F7
100
AcDbEntity
  8
0
100
AcDbVertex
100
AcDb2dVertex
 10
-52.82951111994855
 20
-48.97579806881868
 30
0.0
  0
VERTEX
  5
404
330
3F7
100
AcDbEntity
  8
0
100
AcDbVertex
100
AcDb2dVertex
 10
-52.88218972042696
 20
-48.78578722398518
 30
0.0
  0
VERTEX
  5
405
330
3F7
100
AcDbEntity
  8
0
100
AcDbVertex
100
AcDb2dVertex
 10
-52.95239512561765
 20
-48.5504890689034
 30
0.0
  0
VERTEX
  5
406
330
3F7
100
AcDbEntity
  8
0
100
AcDbVertex
100
AcDb2dVertex
 10
-52.98005895194858
 20
-48.43277451681865
 30
0.0
  0
VERTEX
  5
407
330
3F7
100
AcDbEntity
  8
0
100
AcDbVertex
100
AcDb2dVertex
 10
-52.98354149643204
 20
-48.27090714632108
 30
0.0
  0
VERTEX
  5
408
330
3F7
100
AcDbEntity
  8
0
100
AcDbVertex
100
AcDb2dVertex
 10
-53.00973123194847
 20
-47.9893029120185
 30
0.0
  0
VERTEX
  5
409
330
3F7
100
AcDbEntity
  8
0
100
AcDbVertex
100
AcDb2dVertex
 10
-52.95376751354837
 20
-47.43697706721878
 30
0.0
  0
VERTEX
  5
40A
330
3F7
100
AcDbEntity
  8
0
100
AcDbVertex
100
AcDb2dVertex
 10
-52.79360466394853
 20
-46.90572570401878
 30
0.0
  0
VERTEX
  5
40B
330
3F7
100
AcDbEntity
  8
0
100
AcDbVertex
100
AcDb2dVertex
 10
-52.53315123514828
 20
-46.40827117441858
 30
0.0
  0
VERTEX
  5
40C
330
3F7
100
AcDbEntity
  8
0
100
AcDbVertex
100
AcDb2dVertex
 10
-52.44367029971911
 20
-46.29481003034768
 30
0.0
  0
VERTEX
  5
40D
330
3F7
100
AcDbEntity
  8
0
100
AcDbVertex
100
AcDb2dVertex
 10
-52.33489976474872
 20
-46.12095409601874
 30
0.0
  0
VERTEX
  5
40E
330
3F7
100
AcDbEntity
  8
0
100
AcDbVertex
100
AcDb2dVertex
 10
-51.93807779994852
 20
-45.75168767681862
 30
0.0
  0
VERTEX
  5
40F
330
3F7
100
AcDbEntity
  8
0
100
AcDbVertex
100
AcDb2dVertex
 10
-51.48212097754861
 20
-45.46790099521853
 30
0.0
  0
VERTEX
  5
410
330
3F7
100
AcDbEntity
  8
0
100
AcDbVertex
100
AcDb2dVertex
 10
-51.35147902687368
 20
-45.41395075500462
 30
0.0
  0
VERTEX
  5
411
330
3F7
100
AcDbEntity
  8
0
100
AcDbVertex
100
AcDb2dVertex
 10
-51.08602260794821
 20
-45.3010362032187
 30
0.0
  0
VERTEX
  5
412
330
3F7
100
AcDbEntity
  8
0
100
AcDbVertex
100
AcDb2dVertex
 10
-50.81655177274836
 20
-45.22071794881867
 30
0.0
  0
VERTEX
  5
413
330
3F7
100
AcDbEntity
  8
0
100
AcDbVertex
100
AcDb2dVertex
 10
-50.67631966541305
 20
-45.20193533575471
 30
0.0
  0
VERTEX
  5
414
330
3F7
100
AcDbEntity
  8
0
100
AcDbVertex
100
AcDb2dVertex
 10
-50.45318546874859
 20
-45.15321531521863
 30
0.0
  0
VERTEX
  5
415
330
3F7
100
AcDbEntity
  8
0
100
AcDbVertex
100
AcDb2dVertex
 10
-49.90252383194858
 20
-45.15513840001858
 30
0.0
  0
VERTEX
  5
416
330
3F7
100
AcDbEntity
  8
0
100
AcDbVertex
100
AcDb2dVertex
 10
-49.55841575840401
 20
-45.21990299342008
 30
0.0
  0
VERTEX
  5
417
330
3F7
100
AcDbEntity
  8
0
100
AcDbVertex
100
AcDb2dVertex
 10
-49.16286648474869
 20
-45.31452482241866
 30
0.0
  0
VERTEX
  5
418
330
3F7
100
AcDbEntity
  8
0
100
AcDbVertex
100
AcDb2dVertex
 10
-48.99018277201958
 20
-45.40716363774746
 30
0.0
  0
VERTEX
  5
419
330
3F7
100
AcDbEntity
  8
0
100
AcDbVertex
100
AcDb2dVertex
 10
-48.87075754394839
 20
-45.45476736641854
 30
0.0
  0
VERTEX
  5
41A
330
3F7
100
AcDbEntity
  8
0
100
AcDbVertex
100
AcDb2dVertex
 10
-48.40850131834866
 20
-45.75637204641861
 30
0.0
  0
VERTEX
  5
41B
330
3F7
100
AcDbEntity
  8
0
100
AcDbVertex
100
AcDb2dVertex
 10
-48.27636674009341
 20
-45.89377143800086
 30
0.0
  0
VERTEX
  5
41C
330
3F7
100
AcDbEntity
  8
0
100
AcDbVertex
100
AcDb2dVertex
 10
-48.20111153754869
 20
-45.95521645441863
 30
0.0
  0
VERTEX
  5
41D
330
3F7
100
AcDbEntity
  8
0
100
AcDbVertex
100
AcDb2dVertex
 10
-47.82908891354866
 20
-46.39510036001865
 30
0.0
  0
VERTEX
  5
41E
330
3F7
100
AcDbEntity
  8
0
100
AcDbVertex
100
AcDb2dVertex
 10
-47.53316753434837
 20
-46.90054105601848
 30
0.0
  0
VERTEX
  5
41F
330
3F7
100
AcDbEntity
  8
0
100
AcDbVertex
100
AcDb2dVertex
 10
-47.40306507674852
 20
-47.2977470688188
 30
0.0
  0
VERTEX
  5
420
330
3F7
100
AcDbEntity
  8
0
100
AcDbVertex
100
AcDb2dVertex
 10
-47.3358345279484
 20
-47.6918859808186
 30
0.0
  0
VERTEX
  5
421
330
3F7
100
AcDbEntity
  8
0
100
AcDbVertex
100
AcDb2dVertex
 10
-47.32790135186395
 20
-48.08064002727729
 30
0.0
  0
VERTEX
  5
422
330
3F7
100
AcDbEntity
  8
0
100
AcDbVertex
100
AcDb2dVertex
 10
-47.33735893434839
 20
-48.37480277601866
 30
0.0
  0
VERTEX
  5
423
330
3F7
100
AcDbEntity
  8
0
100
AcDbVertex
100
AcDb2dVertex
 10
-47.44645721754857
 20
-48.85762832801855
 30
0.0
  0
VERTEX
  5
424
330
3F7
100
AcDbEntity
  8
0
100
AcDbVertex
100
AcDb2dVertex
 10
-47.6559730799483
 20
-49.33262681921883
 30
0.0
  0
VERTEX
  5
425
330
3F7
100
AcDbEntity
  8
0
100
AcDbVertex
100
AcDb2dVertex
 10
-47.83726108075054
 20
-49.57811536536103
 30
0.0
  0
VERTEX
  5
426
330
3F7
100
AcDbEntity
  8
0
100
AcDbVertex
100
AcDb2dVertex
 10
-48.05210904154836
 20
-49.8852424272186
 30
0.0
  0
VERTEX
  5
427
330
3F7
100
AcDbEntity
  8
0
100
AcDbVertex
100
AcDb2dVertex
 10
-48.44916041914842
 20
-50.25022417121864
 30
0.0
  0
VERTEX
  5
428
330
3F7
100
AcDbEntity
  8
0
100
AcDbVertex
100
AcDb2dVertex
 10
-48.90867730554867
 20
-50.53192175361868
 30
0.0
  0
VERTEX
  5
429
330
3F7
100
AcDbEntity
  8
0
100
AcDbVertex
100
AcDb2dVertex
 10
-49.39476278585438
 20
-50.71493333871704
 30
0.0
  0
VERTEX
  5
42A
330
3F7
100
AcDbEntity
  8
0
100
AcDbVertex
100
AcDb2dVertex
 10
-49.55139077754864
 20
-50.76349619521874
 30
0.0
  0
VERTEX
  5
42B
330
3F7
100
AcDbEntity
  8
0
100
AcDbVertex
100
AcDb2dVertex
 10
-49.76814843304354
 20
-50.78156669833233
 30
0.0
  0
VERTEX
  5
42C
330
3F7
100
AcDbEntity
  8
0
100
AcDbVertex
100
AcDb2dVertex
 10
-49.94411399514837
 20
-50.81118865761869
 30
0.0
  0
VERTEX
  5
42D
330
3F7
100
AcDbEntity
  8
0
100
AcDbVertex
100
AcDb2dVertex
 10
-50.04785973598324
 20
-50.80488547781967
 30
0.0
  0
VERTEX
  5
42E
330
3F7
100
AcDbEntity
  8
0
100
AcDbVertex
100
AcDb2dVertex
 10
-50.15888013914871
 20
-50.81414095041873
 30
0.0
  0
SEQEND
  5
3FA
330
3F7
100
AcDbEntity
  8
0
  0
POLYLINE
  5
42F
330
70
100
AcDbEntity
  8
0
100
AcDb2dPolyline
 66
     1
 10
0.0
 20
0.0
 30
0.0
 70
     1
  0
VERTEX
  5
430
330
42F
100
AcDbEntity
  8
0
100
AcDbVertex
100
AcDb2dVertex
 10
-47.38441517754853
 20
-50.43041928961883
 30
0.0
  0
VERTEX
  5
431
330
42F
100
AcDbEntity
  8
0
100
AcDbVertex
100
AcDb2dVertex
 10
-47.54430411354854
 20
-50.96748542401861
 30
0.0
  0
VERTEX
  5
433
330
42F
100
AcDbEntity
  8
0
100
AcDbVertex
100
AcDb2dVertex
 10
-47.80688687514878
 20
-51.46288255361856
 30
0.0
  0
VERTEX
  5
434
330
42F
100
AcDbEntity
  8
0
100
AcDbVertex
100
AcDb2dVertex
 10
-48.17454760794857
 20
-51.91751532481863
 30
0.0
  0
VERTEX
  5
435
330
42F
100
AcDbEntity
  8
0
100
AcDbVertex
100
AcDb2dVertex
 10
-48.63239073594847
 20
-52.27314275681873
 30
0.0
  0
VERTEX
  5
436
330
42F
100
AcDbEntity
  8
0
100
AcDbVertex
100
AcDb2dVertex
 10
-49.13785642554848
 20
-52.53938555681862
 30
0.0
  0
VERTEX
  5
437
330
42F
100
AcDbEntity
  8
0
100
AcDbVertex
100
AcDb2dVertex
 10
-49.68386437594852
 20
-52.70202825921865
 30
0.0
  0
VERTEX
  5
438
330
42F
100
AcDbEntity
  8
0
100
AcDbVertex
100
AcDb2dVertex
 10
-49.96985902874842
 20
-52.7400573424186
 30
0.0
  0
VERTEX
  5
439
330
42F
100
AcDbEntity
  8
0
100
AcDbVertex
100
AcDb2dVertex
 10
-50.2633344895484
 20
-52.74685560161856
 30
0.0
  0
VERTEX
  5
43A
330
42F
100
AcDbEntity
  8
0
100
AcDbVertex
100
AcDb2dVertex
 10
-50.80549566074858
 20
-52.65896428641872
 30
0.0
  0
VERTEX
  5
43B
330
42F
100
AcDbEntity
  8
0
100
AcDbVertex
100
AcDb2dVertex
 10
-51.32918412314841
 20
-52.49171869761858
 30
0.0
  0
VERTEX
  5
43C
330
42F
100
AcDbEntity
  8
0
100
AcDbVertex
100
AcDb2dVertex
 10
-51.81095750554839
 20
-52.23373333601852
 30
0.0
  0
VERTEX
  5
43D
330
42F
100
AcDbEntity
  8
0
100
AcDbVertex
100
AcDb2dVertex
 10
-52.02880050394849
 20
-52.06715525921868
 30
0.0
  0
VERTEX
  5
43E
330
42F
100
AcDbEntity
  8
0
100
AcDbVertex
100
AcDb2dVertex
 10
-52.22737363994854
 20
-51.87362249921898
 30
0.0
  0
VERTEX
  5
43F
330
42F
100
AcDbEntity
  8
0
100
AcDbVertex
100
AcDb2dVertex
 10
-52.60180824794878
 20
-51.33389444481872
 30
0.0
  0
VERTEX
  5
440
330
42F
100
AcDbEntity
  8
0
100
AcDbVertex
100
AcDb2dVertex
 10
-52.73561016474849
 20
-51.06515208161862
 30
0.0
  0
VERTEX
  5
441
330
42F
100
AcDbEntity
  8
0
100
AcDbVertex
100
AcDb2dVertex
 10
-52.83745502074855
 20
-50.79146240801856
 30
0.0
  0
VERTEX
  5
442
330
42F
100
AcDbEntity
  8
0
100
AcDbVertex
100
AcDb2dVertex
 10
-52.9562325327485
 20
-50.21215546401868
 30
0.0
  0
VERTEX
  5
443
330
42F
100
AcDbEntity
  8
0
100
AcDbVertex
100
AcDb2dVertex
 10
-52.98005935834855
 20
-49.56180207841862
 30
0.0
  0
VERTEX
  5
444
330
42F
100
AcDbEntity
  8
0
100
AcDbVertex
100
AcDb2dVertex
 10
-52.71843996794853
 20
-49.8347770976186
 30
0.0
  0
VERTEX
  5
445
330
42F
100
AcDbEntity
  8
0
100
AcDbVertex
100
AcDb2dVertex
 10
-52.49837213274844
 20
-50.11088586721871
 30
0.0
  0
VERTEX
  5
446
330
42F
100
AcDbEntity
  8
0
100
AcDbVertex
100
AcDb2dVertex
 10
-52.31769339834834
 20
-50.41214084001854
 30
0.0
  0
VERTEX
  5
447
330
42F
100
AcDbEntity
  8
0
100
AcDbVertex
100
AcDb2dVertex
 10
-52.17424049754861
 20
-50.76055487521852
 30
0.0
  0
VERTEX
  5
448
330
42F
100
AcDbEntity
  8
0
100
AcDbVertex
100
AcDb2dVertex
 10
-52.01173332954834
 20
-51.09755272801862
 30
0.0
  0
VERTEX
  5
449
330
42F
100
AcDbEntity
  8
0
100
AcDbVertex
100
AcDb2dVertex
 10
-51.79292492794837
 20
-51.39549940161874
 30
0.0
  0
VERTEX
  5
44A
330
42F
100
AcDbEntity
  8
0
100
AcDbVertex
100
AcDb2dVertex
 10
-51.52310194714839
 20
-51.6476254912186
 30
0.0
  0
VERTEX
  5
44B
330
42F
100
AcDbEntity
  8
0
100
AcDbVertex
100
AcDb2dVertex
 10
-51.20755185434853
 20
-51.8471609824187
 30
0.0
  0
VERTEX
  5
44C
330
42F
100
AcDbEntity
  8
0
100
AcDbVertex
100
AcDb2dVertex
 10
-50.73262001274855
 20
-52.01026657441843
 30
0.0
  0
VERTEX
  5
44D
330
42F
100
AcDbEntity
  8
0
100
AcDbVertex
100
AcDb2dVertex
 10
-50.27377896954856
 20
-52.07668879361857
 30
0.0
  0
VERTEX
  5
44E
330
42F
100
AcDbEntity
  8
0
100
AcDbVertex
100
AcDb2dVertex
 10
-49.81097552634849
 20
-52.04840335361859
 30
0.0
  0
VERTEX
  5
44F
330
42F
100
AcDbEntity
  8
0
100
AcDbVertex
100
AcDb2dVertex
 10
-49.32415729754865
 20
-51.92738576481861
 30
0.0
  0
VERTEX
  5
450
330
42F
100
AcDbEntity
  8
0
100
AcDbVertex
100
AcDb2dVertex
 10
-48.97364786394852
 20
-51.74632968801893
 30
0.0
  0
VERTEX
  5
451
330
42F
100
AcDbEntity
  8
0
100
AcDbVertex
100
AcDb2dVertex
 10
-48.66273601434858
 20
-51.51980720481855
 30
0.0
  0
VERTEX
  5
452
330
42F
100
AcDbEntity
  8
0
100
AcDbVertex
100
AcDb2dVertex
 10
-48.40027781434849
 20
-51.24169854081856
 30
0.0
  0
VERTEX
  5
453
330
42F
100
AcDbEntity
  8
0
100
AcDbVertex
100
AcDb2dVertex
 10
-48.1951287199485
 20
-50.90588371841864
 30
0.0
  0
VERTEX
  5
454
330
42F
100
AcDbEntity
  8
0
100
AcDbVertex
100
AcDb2dVertex
 10
-48.09432262234843
 20
-50.58330412481859
 30
0.0
  0
VERTEX
  5
455
330
42F
100
AcDbEntity
  8
0
100
AcDbVertex
100
AcDb2dVertex
 10
-48.00845009914853
 20
-50.36240398241876
 30
0.0
  0
VERTEX
  5
456
330
42F
100
AcDbEntity
  8
0
100
AcDbVertex
100
AcDb2dVertex
 10
-47.89978402234845
 20
-50.17436879841898
 30
0.0
  0
VERTEX
  5
457
330
42F
100
AcDbEntity
  8
0
100
AcDbVertex
100
AcDb2dVertex
 10
-47.6037327983485
 20
-49.8306184064188
 30
0.0
  0
VERTEX
  5
458
330
42F
100
AcDbEntity
  8
0
100
AcDbVertex
100
AcDb2dVertex
 10
-47.38867973594863
 20
-49.56180207841862
 30
0.0
  0
VERTEX
  5
459
330
42F
100
AcDbEntity
  8
0
100
AcDbVertex
100
AcDb2dVertex
 10
-47.32517201434841
 20
-49.6939771760185
 30
0.0
  0
VERTEX
  5
45A
330
42F
100
AcDbEntity
  8
0
100
AcDbVertex
100
AcDb2dVertex
 10
-47.32483592154875
 20
-49.85077970721864
 30
0.0
  0
SEQEND
  5
432
330
42F
100
AcDbEntity
  8
0
  0
POLYLINE
  5
45B
330
70
100
AcDbEntity
  8
0
100
AcDb2dPolyline
 66
     1
 10
0.0
 20
0.0
 30
0.0
 70
     1
  0
VERTEX
  5
45C
330
45B
100
AcDbEntity
  8
0
100
AcDbVertex
100
AcDb2dVertex
 10
-47.07696423034867
 20
-47.22091897761879
 30
0.0
  0
VERTEX
  5
45D
330
45B
100
AcDbEntity
  8
0
100
AcDbVertex
100
AcDb2dVertex
 10
-47.1769504159485
 20
-46.87251977601864
 30
0.0
  0
VERTEX
  5
45F
330
45B
100
AcDbEntity
  8
0
100
AcDbVertex
100
AcDb2dVertex
 10
-47.31739229914835
 20
-46.54227649441873
 30
0.0
  0
VERTEX
  5
460
330
45B
100
AcDbEntity
  8
0
100
AcDbVertex
100
AcDb2dVertex
 10
-47.49731472314846
 20
-46.23096942081861
 30
0.0
  0
VERTEX
  5
461
330
45B
100
AcDbEntity
  8
0
100
AcDbVertex
100
AcDb2dVertex
 10
-47.71574375034828
 20
-45.93937782721855
 30
0.0
  0
VERTEX
  5
462
330
45B
100
AcDbEntity
  8
0
100
AcDbVertex
100
AcDb2dVertex
 10
-47.97170463034847
 20
-45.66828200161875
 30
0.0
  0
VERTEX
  5
463
330
45B
100
AcDbEntity
  8
0
100
AcDbVertex
100
AcDb2dVertex
 10
-48.26422261274857
 20
-45.4184614192186
 30
0.0
  0
VERTEX
  5
464
330
45B
100
AcDbEntity
  8
0
100
AcDbVertex
100
AcDb2dVertex
 10
-48.56414317114848
 20
-45.22678692321846
 30
0.0
  0
VERTEX
  5
465
330
45B
100
AcDbEntity
  8
0
100
AcDbVertex
100
AcDb2dVertex
 10
-48.87076160794862
 20
-45.07318479201853
 30
0.0
  0
VERTEX
  5
466
330
45B
100
AcDbEntity
  8
0
100
AcDbVertex
100
AcDb2dVertex
 10
-49.1844010111485
 20
-44.9558754000186
 30
0.0
  0
VERTEX
  5
467
330
45B
100
AcDbEntity
  8
0
100
AcDbVertex
100
AcDb2dVertex
 10
-49.50538467194853
 20
-44.87307871521853
 30
0.0
  0
VERTEX
  5
468
330
45B
100
AcDbEntity
  8
0
100
AcDbVertex
100
AcDb2dVertex
 10
-49.83403527194848
 20
-44.82301551841874
 30
0.0
  0
VERTEX
  5
469
330
45B
100
AcDbEntity
  8
0
100
AcDbVertex
100
AcDb2dVertex
 10
-50.17067610234852
 20
-44.80390557441888
 30
0.0
  0
VERTEX
  5
46A
330
45B
100
AcDbEntity
  8
0
100
AcDbVertex
100
AcDb2dVertex
 10
-50.86922080634865
 20
-44.85142714561856
 30
0.0
  0
VERTEX
  5
46B
330
45B
100
AcDbEntity
  8
0
100
AcDbVertex
100
AcDb2dVertex
 10
-51.48851100794825
 20
-45.07718945761872
 30
0.0
  0
VERTEX
  5
46C
330
45B
100
AcDbEntity
  8
0
100
AcDbVertex
100
AcDb2dVertex
 10
-52.03009631034859
 20
-45.39642722401868
 30
0.0
  0
VERTEX
  5
46D
330
45B
100
AcDbEntity
  8
0
100
AcDbVertex
100
AcDb2dVertex
 10
-52.50399000314853
 20
-45.81016233761875
 30
0.0
  0
VERTEX
  5
46E
330
45B
100
AcDbEntity
  8
0
100
AcDbVertex
100
AcDb2dVertex
 10
-52.92020537594857
 20
-46.31941628481854
 30
0.0
  0
VERTEX
  5
46F
330
45B
100
AcDbEntity
  8
0
100
AcDbVertex
100
AcDb2dVertex
 10
-53.16290298554843
 20
-46.82010718081869
 30
0.0
  0
VERTEX
  5
470
330
45B
100
AcDbEntity
  8
0
100
AcDbVertex
100
AcDb2dVertex
 10
-53.31982438874836
 20
-47.35771626561859
 30
0.0
  0
VERTEX
  5
471
330
45B
100
AcDbEntity
  8
0
100
AcDbVertex
100
AcDb2dVertex
 10
-53.37884504794843
 20
-47.91312546721861
 30
0.0
  0
VERTEX
  5
472
330
45B
100
AcDbEntity
  8
0
100
AcDbVertex
100
AcDb2dVertex
 10
-53.32784022234834
 20
-48.46721671361866
 30
0.0
  0
VERTEX
  5
473
330
45B
100
AcDbEntity
  8
0
100
AcDbVertex
100
AcDb2dVertex
 10
-53.26973680794861
 20
-48.83223970721882
 30
0.0
  0
VERTEX
  5
474
330
45B
100
AcDbEntity
  8
0
100
AcDbVertex
100
AcDb2dVertex
 10
-53.29591811194853
 20
-49.20226142081855
 30
0.0
  0
VERTEX
  5
475
330
45B
100
AcDbEntity
  8
0
100
AcDbVertex
100
AcDb2dVertex
 10
-53.35223722714835
 20
-49.64983380481863
 30
0.0
  0
VERTEX
  5
476
330
45B
100
AcDbEntity
  8
0
100
AcDbVertex
100
AcDb2dVertex
 10
-53.36543242554869
 20
-50.10090590241862
 30
0.0
  0
VERTEX
  5
477
330
45B
100
AcDbEntity
  8
0
100
AcDbVertex
100
AcDb2dVertex
 10
-53.27117607354846
 20
-50.70221676481878
 30
0.0
  0
VERTEX
  5
478
330
45B
100
AcDbEntity
  8
0
100
AcDbVertex
100
AcDb2dVertex
 10
-53.06354753274825
 20
-51.27732173601862
 30
0.0
  0
VERTEX
  5
479
330
45B
100
AcDbEntity
  8
0
100
AcDbVertex
100
AcDb2dVertex
 10
-52.75237843194844
 20
-51.80368898401866
 30
0.0
  0
VERTEX
  5
47A
330
45B
100
AcDbEntity
  8
0
100
AcDbVertex
100
AcDb2dVertex
 10
-52.56103860634851
 20
-52.04155490401854
 30
0.0
  0
VERTEX
  5
47B
330
45B
100
AcDbEntity
  8
0
100
AcDbVertex
100
AcDb2dVertex
 10
-52.34750060314848
 20
-52.25878708321896
 30
0.0
  0
VERTEX
  5
47C
330
45B
100
AcDbEntity
  8
0
100
AcDbVertex
100
AcDb2dVertex
 10
-51.78505052154871
 20
-52.65176511361868
 30
0.0
  0
VERTEX
  5
47D
330
45B
100
AcDbEntity
  8
0
100
AcDbVertex
100
AcDb2dVertex
 10
-51.49842533914868
 20
-52.79889776321875
 30
0.0
  0
VERTEX
  5
47E
330
45B
100
AcDbEntity
  8
0
100
AcDbVertex
100
AcDb2dVertex
 10
-51.2046028127483
 20
-52.91438180961858
 30
0.0
  0
VERTEX
  5
47F
330
45B
100
AcDbEntity
  8
0
100
AcDbVertex
100
AcDb2dVertex
 10
-50.9008842431487
 20
-52.99915989761871
 30
0.0
  0
VERTEX
  5
480
330
45B
100
AcDbEntity
  8
0
100
AcDbVertex
100
AcDb2dVertex
 10
-50.58457194714849
 20
-53.05417365601875
 30
0.0
  0
VERTEX
  5
481
330
45B
100
AcDbEntity
  8
0
100
AcDbVertex
100
AcDb2dVertex
 10
-49.90337219194856
 20
-53.07867673121837
 30
0.0
  0
VERTEX
  5
482
330
45B
100
AcDbEntity
  8
0
100
AcDbVertex
100
AcDb2dVertex
 10
-49.57165083354851
 20
-53.0373111040185
 30
0.0
  0
VERTEX
  5
483
330
45B
100
AcDbEntity
  8
0
100
AcDbVertex
100
AcDb2dVertex
 10
-49.25576017754855
 20
-52.96261193921873
 30
0.0
  0
VERTEX
  5
484
330
45B
100
AcDbEntity
  8
0
100
AcDbVertex
100
AcDb2dVertex
 10
-48.95535539354835
 20
-52.85618980001867
 30
0.0
  0
VERTEX
  5
485
330
45B
100
AcDbEntity
  8
0
100
AcDbVertex
100
AcDb2dVertex
 10
-48.67009083834837
 20
-52.7196548432189
 30
0.0
  0
VERTEX
  5
486
330
45B
100
AcDbEntity
  8
0
100
AcDbVertex
100
AcDb2dVertex
 10
-48.39962188474868
 20
-52.55461803841853
 30
0.0
  0
VERTEX
  5
487
330
45B
100
AcDbEntity
  8
0
100
AcDbVertex
100
AcDb2dVertex
 10
-48.14360309274839
 20
-52.36268954241859
 30
0.0
  0
VERTEX
  5
488
330
45B
100
AcDbEntity
  8
0
100
AcDbVertex
100
AcDb2dVertex
 10
-47.67353545274857
 20
-51.90460054241862
 30
0.0
  0
VERTEX
  5
489
330
45B
100
AcDbEntity
  8
0
100
AcDbVertex
100
AcDb2dVertex
 10
-47.46344798874878
 20
-51.61622255681868
 30
0.0
  0
VERTEX
  5
48A
330
45B
100
AcDbEntity
  8
0
100
AcDbVertex
100
AcDb2dVertex
 10
-47.29789851034859
 20
-51.31862274561854
 30
0.0
  0
VERTEX
  5
48B
330
45B
100
AcDbEntity
  8
0
100
AcDbVertex
100
AcDb2dVertex
 10
-47.17282342394849
 20
-51.01193278241861
 30
0.0
  0
VERTEX
  5
48C
330
45B
100
AcDbEntity
  8
0
100
AcDbVertex
100
AcDb2dVertex
 10
-47.08415893274849
 20
-50.69628474721866
 30
0.0
  0
VERTEX
  5
48D
330
45B
100
AcDbEntity
  8
0
100
AcDbVertex
100
AcDb2dVertex
 10
-47.02784164634834
 20
-50.37181051681887
 30
0.0
  0
VERTEX
  5
48E
330
45B
100
AcDbEntity
  8
0
100
AcDbVertex
100
AcDb2dVertex
 10
-46.99980797114829
 20
-50.03864196801874
 30
0.0
  0
VERTEX
  5
48F
330
45B
100
AcDbEntity
  8
0
100
AcDbVertex
100
AcDb2dVertex
 10
-47.01233647034853
 20
-49.34675003201869
 30
0.0
  0
VERTEX
  5
490
330
45B
100
AcDbEntity
  8
0
100
AcDbVertex
100
AcDb2dVertex
 10
-47.05186882714854
 20
-49.08854988801863
 30
0.0
  0
VERTEX
  5
491
330
45B
100
AcDbEntity
  8
0
100
AcDbVertex
100
AcDb2dVertex
 10
-47.04320844314877
 20
-48.82801863361851
 30
0.0
  0
VERTEX
  5
492
330
45B
100
AcDbEntity
  8
0
100
AcDbVertex
100
AcDb2dVertex
 10
-47.00236097594841
 20
-48.11271521281877
 30
0.0
  0
VERTEX
  5
493
330
45B
100
AcDbEntity
  8
0
100
AcDbVertex
100
AcDb2dVertex
 10
-47.00225592154873
 20
-47.96906642721864
 30
0.0
  0
VERTEX
  5
494
330
45B
100
AcDbEntity
  8
0
100
AcDbVertex
100
AcDb2dVertex
 10
-47.01840788314865
 20
-47.58669462401849
 30
0.0
  0
SEQEND
  5
45E
330
45B
100
AcDbEntity
  8
0
  0
POLYLINE
  5
495
330
70
100
AcDbEntity
  8
0
100
AcDb2dPolyline
 66
     1
 10
0.0
 20
0.0
 30
0.0
 70
     1
  0
VERTEX
  5
496
330
495
100
AcDbEntity
  8
0
100
AcDbVertex
100
AcDb2dVertex
 10
-48.71118742874859
 20
-60.56771595681857
 30
0.0
  0
VERTEX
  5
497
330
495
100
AcDbEntity
  8
0
100
AcDbVertex
100
AcDb2dVertex
 10
-49.03854628634842
 20
-60.72174135361864
 30
0.0
  0
VERTEX
  5
499
330
495
100
AcDbEntity
  8
0
100
AcDbVertex
100
AcDb2dVertex
 10
-49.15902803674855
 20
-60.77529207201862
 30
0.0
  0
VERTEX
  5
49A
330
495
100
AcDbEntity
  8
0
100
AcDbVertex
100
AcDb2dVertex
 10
-49.41063637274844
 20
-60.88629941921865
 30
0.0
  0
VERTEX
  5
49B
330
495
100
AcDbEntity
  8
0
100
AcDbVertex
100
AcDb2dVertex
 10
-49.79501213434872
 20
-61.05723654241863
 30
0.0
  0
VERTEX
  5
49C
330
495
100
AcDbEntity
  8
0
100
AcDbVertex
100
AcDb2dVertex
 10
-50.03988703194856
 20
-61.16528814241881
 30
0.0
  0
VERTEX
  5
49D
330
495
100
AcDbEntity
  8
0
100
AcDbVertex
100
AcDb2dVertex
 10
-50.15564356954854
 20
-61.21720980641882
 30
0.0
  0
VERTEX
  5
49E
330
495
100
AcDbEntity
  8
0
100
AcDbVertex
100
AcDb2dVertex
 10
-50.40427908954841
 20
-61.30711097281846
 30
0.0
  0
VERTEX
  5
49F
330
495
100
AcDbEntity
  8
0
100
AcDbVertex
100
AcDb2dVertex
 10
-50.66824523674853
 20
-61.33602856801873
 30
0.0
  0
VERTEX
  5
4A0
330
495
100
AcDbEntity
  8
0
100
AcDbVertex
100
AcDb2dVertex
 10
-50.66824523674853
 20
-59.45431427201855
 30
0.0
  0
VERTEX
  5
4A1
330
495
100
AcDbEntity
  8
0
100
AcDbVertex
100
AcDb2dVertex
 10
-50.32965876634868
 20
-59.51631140481866
 30
0.0
  0
VERTEX
  5
4A2
330
495
100
AcDbEntity
  8
0
100
AcDbVertex
100
AcDb2dVertex
 10
-50.13716232634845
 20
-59.58735744001865
 30
0.0
  0
VERTEX
  5
4A3
330
495
100
AcDbEntity
  8
0
100
AcDbVertex
100
AcDb2dVertex
 10
-50.0236003487484
 20
-59.63574565921861
 30
0.0
  0
VERTEX
  5
4A4
330
495
100
AcDbEntity
  8
0
100
AcDbVertex
100
AcDb2dVertex
 10
-49.90442883194845
 20
-59.68784837441875
 30
0.0
  0
VERTEX
  5
4A5
330
495
100
AcDbEntity
  8
0
100
AcDbVertex
100
AcDb2dVertex
 10
-49.77963294234854
 20
-59.74147387041876
 30
0.0
  0
VERTEX
  5
4A6
330
495
100
AcDbEntity
  8
0
100
AcDbVertex
100
AcDb2dVertex
 10
-49.52032860954858
 20
-59.85373232001871
 30
0.0
  0
VERTEX
  5
4A7
330
495
100
AcDbEntity
  8
0
100
AcDbVertex
100
AcDb2dVertex
 10
-49.12181622394854
 20
-60.02575900161854
 30
0.0
  0
VERTEX
  5
4A8
330
495
100
AcDbEntity
  8
0
100
AcDbVertex
100
AcDb2dVertex
 10
-48.86948591834851
 20
-60.13475568481862
 30
0.0
  0
VERTEX
  5
4A9
330
495
100
AcDbEntity
  8
0
100
AcDbVertex
100
AcDb2dVertex
 10
-48.74866543354863
 20
-60.18685840001875
 30
0.0
  0
VERTEX
  5
4AA
330
495
100
AcDbEntity
  8
0
100
AcDbVertex
100
AcDb2dVertex
 10
-48.49753543034847
 20
-60.3005731840185
 30
0.0
  0
VERTEX
  5
4AB
330
495
100
AcDbEntity
  8
0
100
AcDbVertex
100
AcDb2dVertex
 10
-48.41018808154847
 20
-60.36828978721858
 30
0.0
  0
SEQEND
  5
498
330
495
100
AcDbEntity
  8
0
  0
POLYLINE
  5
4AC
330
70
100
AcDbEntity
  8
0
100
AcDb2dPolyline
 66
     1
 10
0.0
 20
0.0
 30
0.0
 70
     1
  0
VERTEX
  5
4AD
330
4AC
100
AcDbEntity
  8
0
100
AcDbVertex
100
AcDb2dVertex
 10
-50.11717008794875
 20
-58.76201024641864
 30
0.0
  0
VERTEX
  5
4AE
330
4AC
100
AcDbEntity
  8
0
100
AcDbVertex
100
AcDb2dVertex
 10
-51.24222326074839
 20
-58.27408823521864
 30
0.0
  0
VERTEX
  5
4B0
330
4AC
100
AcDbEntity
  8
0
100
AcDbVertex
100
AcDb2dVertex
 10
-51.36695595514851
 20
-58.21870729441842
 30
0.0
  0
VERTEX
  5
4B1
330
4AC
100
AcDbEntity
  8
0
100
AcDbVertex
100
AcDb2dVertex
 10
-51.97970108474844
 20
-57.94615330561874
 30
0.0
  0
VERTEX
  5
4B2
330
4AC
100
AcDbEntity
  8
0
100
AcDbVertex
100
AcDb2dVertex
 10
-52.57984659514834
 20
-57.68624323361859
 30
0.0
  0
VERTEX
  5
4B3
330
4AC
100
AcDbEntity
  8
0
100
AcDbVertex
100
AcDb2dVertex
 10
-53.19511709434839
 20
-57.46497143841884
 30
0.0
  0
VERTEX
  5
4B4
330
4AC
100
AcDbEntity
  8
0
100
AcDbVertex
100
AcDb2dVertex
 10
-53.19511709434839
 20
-58.32518368801856
 30
0.0
  0
VERTEX
  5
4B5
330
4AC
100
AcDbEntity
  8
0
100
AcDbVertex
100
AcDb2dVertex
 10
-52.81746156314846
 20
-58.50414070881855
 30
0.0
  0
VERTEX
  5
4B6
330
4AC
100
AcDbEntity
  8
0
100
AcDbVertex
100
AcDb2dVertex
 10
-52.62976267514858
 20
-58.58433948161859
 30
0.0
  0
VERTEX
  5
4B7
330
4AC
100
AcDbEntity
  8
0
100
AcDbVertex
100
AcDb2dVertex
 10
-52.44615907994869
 20
-58.66291041921863
 30
0.0
  0
VERTEX
  5
4B8
330
4AC
100
AcDbEntity
  8
0
100
AcDbVertex
100
AcDb2dVertex
 10
-51.47469259514849
 20
-59.0778694064188
 30
0.0
  0
VERTEX
  5
4B9
330
4AC
100
AcDbEntity
  8
0
100
AcDbVertex
100
AcDb2dVertex
 10
-51.4209293295484
 20
-61.76603268641885
 30
0.0
  0
VERTEX
  5
4BA
330
4AC
100
AcDbEntity
  8
0
100
AcDbVertex
100
AcDb2dVertex
 10
-51.62419536954843
 20
-61.80039604161878
 30
0.0
  0
VERTEX
  5
4BB
330
4AC
100
AcDbEntity
  8
0
100
AcDbVertex
100
AcDb2dVertex
 10
-51.73972879354863
 20
-61.84877775841869
 30
0.0
  0
VERTEX
  5
4BC
330
4AC
100
AcDbEntity
  8
0
100
AcDbVertex
100
AcDb2dVertex
 10
-51.86850598074845
 20
-61.90264607841846
 30
0.0
  0
VERTEX
  5
4BD
330
4AC
100
AcDbEntity
  8
0
100
AcDbVertex
100
AcDb2dVertex
 10
-52.00560481754853
 20
-61.96092444801819
 30
0.0
  0
VERTEX
  5
4BE
330
4AC
100
AcDbEntity
  8
0
100
AcDbVertex
100
AcDb2dVertex
 10
-53.19511709434816
 20
-62.51871840481861
 30
0.0
  0
VERTEX
  5
4BF
330
4AC
100
AcDbEntity
  8
0
100
AcDbVertex
100
AcDb2dVertex
 10
-53.19511709434839
 20
-63.3789306544186
 30
0.0
  0
VERTEX
  5
4C0
330
4AC
100
AcDbEntity
  8
0
100
AcDbVertex
100
AcDb2dVertex
 10
-52.8820964351484
 20
-63.2870279680187
 30
0.0
  0
VERTEX
  5
4C1
330
4AC
100
AcDbEntity
  8
0
100
AcDbVertex
100
AcDb2dVertex
 10
-52.78060433434865
 20
-63.24217299041855
 30
0.0
  0
VERTEX
  5
4C2
330
4AC
100
AcDbEntity
  8
0
100
AcDbVertex
100
AcDb2dVertex
 10
-52.66354284634843
 20
-63.19074530561874
 30
0.0
  0
VERTEX
  5
4C3
330
4AC
100
AcDbEntity
  8
0
100
AcDbVertex
100
AcDb2dVertex
 10
-52.53735706874856
 20
-63.13468588001888
 30
0.0
  0
VERTEX
  5
4C4
330
4AC
100
AcDbEntity
  8
0
100
AcDbVertex
100
AcDb2dVertex
 10
-52.12027667354839
 20
-62.95061939521885
 30
0.0
  0
VERTEX
  5
4C5
330
4AC
100
AcDbEntity
  8
0
100
AcDbVertex
100
AcDb2dVertex
 10
-51.82193071194859
 20
-62.81876433761862
 30
0.0
  0
VERTEX
  5
4C6
330
4AC
100
AcDbEntity
  8
0
100
AcDbVertex
100
AcDb2dVertex
 10
-51.36569591194842
 20
-62.61763433601846
 30
0.0
  0
VERTEX
  5
4C7
330
4AC
100
AcDbEntity
  8
0
100
AcDbVertex
100
AcDb2dVertex
 10
-50.10378184954873
 20
-62.06379140001856
 30
0.0
  0
VERTEX
  5
4C8
330
4AC
100
AcDbEntity
  8
0
100
AcDbVertex
100
AcDb2dVertex
 10
-47.11986808154864
 20
-60.74453064001864
 30
0.0
  0
VERTEX
  5
4C9
330
4AC
100
AcDbEntity
  8
0
100
AcDbVertex
100
AcDb2dVertex
 10
-47.11986808154864
 20
-60.04560818721893
 30
0.0
  0
VERTEX
  5
4CA
330
4AC
100
AcDbEntity
  8
0
100
AcDbVertex
100
AcDb2dVertex
 10
-48.31856845274813
 20
-59.53750861921889
 30
0.0
  0
SEQEND
  5
4AF
330
4AC
100
AcDbEntity
  8
0
  0
POLYLINE
  5
4CB
330
70
100
AcDbEntity
  8
0
100
AcDb2dPolyline
 66
     1
 10
0.0
 20
0.0
 30
0.0
 70
     1
  0
VERTEX
  5
4CC
330
4CB
100
AcDbEntity
  8
0
100
AcDbVertex
100
AcDb2dVertex
 10
-49.50142247514867
 20
-48.96831827681854
 30
0.0
  0
VERTEX
  5
4CD
330
4CB
100
AcDbEntity
  8
0
100
AcDbVertex
100
AcDb2dVertex
 10
-49.53932984154852
 20
-49.09773859201869
 30
0.0
  0
VERTEX
  5
4CF
330
4CB
100
AcDbEntity
  8
0
100
AcDbVertex
100
AcDb2dVertex
 10
-49.61314935354851
 20
-49.22243369441867
 30
0.0
  0
VERTEX
  5
4D0
330
4CB
100
AcDbEntity
  8
0
100
AcDbVertex
100
AcDb2dVertex
 10
-49.76683764154852
 20
-49.33479476001867
 30
0.0
  0
VERTEX
  5
4D1
330
4CB
100
AcDbEntity
  8
0
100
AcDbVertex
100
AcDb2dVertex
 10
-49.91304837274849
 20
-49.39400947521857
 30
0.0
  0
VERTEX
  5
4D2
330
4CB
100
AcDbEntity
  8
0
100
AcDbVertex
100
AcDb2dVertex
 10
-50.26229877914845
 20
-49.41984574561866
 30
0.0
  0
VERTEX
  5
4D3
330
4CB
100
AcDbEntity
  8
0
100
AcDbVertex
100
AcDb2dVertex
 10
-50.40627065274854
 20
-49.3843800304187
 30
0.0
  0
VERTEX
  5
4D4
330
4CB
100
AcDbEntity
  8
0
100
AcDbVertex
100
AcDb2dVertex
 10
-50.51883024474881
 20
-49.32460488961874
 30
0.0
  0
VERTEX
  5
4D5
330
4CB
100
AcDbEntity
  8
0
100
AcDbVertex
100
AcDb2dVertex
 10
-50.72201663034838
 20
-49.13170814561886
 30
0.0
  0
VERTEX
  5
4D6
330
4CB
100
AcDbEntity
  8
0
100
AcDbVertex
100
AcDb2dVertex
 10
-50.77787366874866
 20
-48.95455980801876
 30
0.0
  0
VERTEX
  5
4D7
330
4CB
100
AcDbEntity
  8
0
100
AcDbVertex
100
AcDb2dVertex
 10
-50.79108187194849
 20
-48.7653235088187
 30
0.0
  0
VERTEX
  5
4D8
330
4CB
100
AcDbEntity
  8
0
100
AcDbVertex
100
AcDb2dVertex
 10
-50.77577989594844
 20
-48.37902242721861
 30
0.0
  0
VERTEX
  5
4D9
330
4CB
100
AcDbEntity
  8
0
100
AcDbVertex
100
AcDb2dVertex
 10
-49.48546152154853
 20
-48.37902242721861
 30
0.0
  0
SEQEND
  5
4CE
330
4CB
100
AcDbEntity
  8
0
  0
POLYLINE
  5
4DA
330
70
100
AcDbEntity
  8
0
100
AcDb2dPolyline
 66
     1
 10
0.0
 20
0.0
 30
0.0
 70
     1
  0
VERTEX
  5
4DB
330
4DA
100
AcDbEntity
  8
0
100
AcDbVertex
100
AcDb2dVertex
 10
-51.2189489359486
 20
-48.65214171841852
 30
0.0
  0
VERTEX
  5
4DC
330
4DA
100
AcDbEntity
  8
0
100
AcDbVertex
100
AcDb2dVertex
 10
-51.19034040794865
 20
-49.03413170881868
 30
0.0
  0
VERTEX
  5
4DE
330
4DA
100
AcDbEntity
  8
0
100
AcDbVertex
100
AcDb2dVertex
 10
-51.09835562874871
 20
-49.40051370401852
 30
0.0
  0
VERTEX
  5
4DF
330
4DA
100
AcDbEntity
  8
0
100
AcDbVertex
100
AcDb2dVertex
 10
-50.95945095354856
 20
-49.5879112464188
 30
0.0
  0
VERTEX
  5
4E0
330
4DA
100
AcDbEntity
  8
0
100
AcDbVertex
100
AcDb2dVertex
 10
-50.80025452314856
 20
-49.73769179521877
 30
0.0
  0
VERTEX
  5
4E1
330
4DA
100
AcDbEntity
  8
0
100
AcDbVertex
100
AcDb2dVertex
 10
-50.61537787994865
 20
-49.8532912592184
 30
0.0
  0
VERTEX
  5
4E2
330
4DA
100
AcDbEntity
  8
0
100
AcDbVertex
100
AcDb2dVertex
 10
-50.39943317594833
 20
-49.93814636001866
 30
0.0
  0
VERTEX
  5
4E3
330
4DA
100
AcDbEntity
  8
0
100
AcDbVertex
100
AcDb2dVertex
 10
-50.11344360314859
 20
-49.95060089441858
 30
0.0
  0
VERTEX
  5
4E4
330
4DA
100
AcDbEntity
  8
0
100
AcDbVertex
100
AcDb2dVertex
 10
-49.85896222234867
 20
-49.91658623041871
 30
0.0
  0
VERTEX
  5
4E5
330
4DA
100
AcDbEntity
  8
0
100
AcDbVertex
100
AcDb2dVertex
 10
-49.61934085754858
 20
-49.82614760001843
 30
0.0
  0
VERTEX
  5
4E6
330
4DA
100
AcDbEntity
  8
0
100
AcDbVertex
100
AcDb2dVertex
 10
-49.37793112954835
 20
-49.66933003201869
 30
0.0
  0
VERTEX
  5
4E7
330
4DA
100
AcDbEntity
  8
0
100
AcDbVertex
100
AcDb2dVertex
 10
-49.22229821754847
 20
-49.45689703041875
 30
0.0
  0
VERTEX
  5
4E8
330
4DA
100
AcDbEntity
  8
0
100
AcDbVertex
100
AcDb2dVertex
 10
-49.13258988794853
 20
-49.23959413761849
 30
0.0
  0
VERTEX
  5
4E9
330
4DA
100
AcDbEntity
  8
0
100
AcDbVertex
100
AcDb2dVertex
 10
-49.09229370234827
 20
-49.00509483521886
 30
0.0
  0
VERTEX
  5
4EA
330
4DA
100
AcDbEntity
  8
0
100
AcDbVertex
100
AcDb2dVertex
 10
-49.08489762874857
 20
-48.7410736208185
 30
0.0
  0
VERTEX
  5
4EB
330
4DA
100
AcDbEntity
  8
0
100
AcDbVertex
100
AcDb2dVertex
 10
-49.0923138191485
 20
-48.54030145441857
 30
0.0
  0
VERTEX
  5
4EC
330
4DA
100
AcDbEntity
  8
0
100
AcDbVertex
100
AcDb2dVertex
 10
-49.1091148015484
 20
-47.89514226721848
 30
0.0
  0
VERTEX
  5
4ED
330
4DA
100
AcDbEntity
  8
0
100
AcDbVertex
100
AcDb2dVertex
 10
-51.20588215994843
 20
-47.89514226721848
 30
0.0
  0
SEQEND
  5
4DD
330
4DA
100
AcDbEntity
  8
0
  0
POLYLINE
  5
4EE
330
70
100
AcDbEntity
  8
0
100
AcDb2dPolyline
 66
     1
 10
0.0
 20
0.0
 30
0.0
 70
     1
  0
VERTEX
  5
4EF
330
4EE
100
AcDbEntity
  8
0
100
AcDbVertex
100
AcDb2dVertex
 10
-48.30306519021869
 20
17.95870712032654
 30
0.0
  0
VERTEX
  5
4F0
330
4EE
100
AcDbEntity
  8
0
100
AcDbVertex
100
AcDb2dVertex
 10
-46.3066290916587
 20
18.43205290464645
 30
0.0
  0
VERTEX
  5
4F2
330
4EE
100
AcDbEntity
  8
0
100
AcDbVertex
100
AcDb2dVertex
 10
-46.3066290916587
 20
19.17349768032632
 30
0.0
  0
VERTEX
  5
4F3
330
4EE
100
AcDbEntity
  8
0
100
AcDbVertex
100
AcDb2dVertex
 10
-48.30031239917872
 20
19.6727644694465
 30
0.0
  0
VERTEX
  5
4F4
330
4EE
100
AcDbEntity
  8
0
100
AcDbVertex
100
AcDb2dVertex
 10
-46.3066290916587
 20
20.08274127712646
 30
0.0
  0
VERTEX
  5
4F5
330
4EE
100
AcDbEntity
  8
0
100
AcDbVertex
100
AcDb2dVertex
 10
-46.3066290916587
 20
20.85819311712628
 30
0.0
  0
VERTEX
  5
4F6
330
4EE
100
AcDbEntity
  8
0
100
AcDbVertex
100
AcDb2dVertex
 10
-49.28181375341868
 20
20.10516415328654
 30
0.0
  0
VERTEX
  5
4F7
330
4EE
100
AcDbEntity
  8
0
100
AcDbVertex
100
AcDb2dVertex
 10
-49.28181375341868
 20
19.28400629344629
 30
0.0
  0
VERTEX
  5
4F8
330
4EE
100
AcDbEntity
  8
0
100
AcDbVertex
100
AcDb2dVertex
 10
-47.44164934637869
 20
18.82224469728649
 30
0.0
  0
VERTEX
  5
4F9
330
4EE
100
AcDbEntity
  8
0
100
AcDbVertex
100
AcDb2dVertex
 10
-49.28181375341868
 20
18.34477005152674
 30
0.0
  0
VERTEX
  5
4FA
330
4EE
100
AcDbEntity
  8
0
100
AcDbVertex
100
AcDb2dVertex
 10
-49.28181375341868
 20
17.52493120352678
 30
0.0
  0
VERTEX
  5
4FB
330
4EE
100
AcDbEntity
  8
0
100
AcDbVertex
100
AcDb2dVertex
 10
-46.3066290916587
 20
16.77190207712634
 30
0.0
  0
VERTEX
  5
4FC
330
4EE
100
AcDbEntity
  8
0
100
AcDbVertex
100
AcDb2dVertex
 10
-46.3066290916587
 20
17.52768383200635
 30
0.0
  0
SEQEND
  5
4F1
330
4EE
100
AcDbEntity
  8
0
  0
POLYLINE
  5
4FD
330
70
100
AcDbEntity
  8
0
100
AcDb2dPolyline
 66
     1
 10
0.0
 20
0.0
 30
0.0
 70
     1
  0
VERTEX
  5
4FE
330
4FD
100
AcDbEntity
  8
0
100
AcDbVertex
100
AcDb2dVertex
 10
-46.84821821421867
 20
27.48996454240652
 30
0.0
  0
VERTEX
  5
4FF
330
4FD
100
AcDbEntity
  8
0
100
AcDbVertex
100
AcDb2dVertex
 10
-46.86800306669869
 20
27.06433190624654
 30
0.0
  0
VERTEX
  5
501
330
4FD
100
AcDbEntity
  8
0
100
AcDbVertex
100
AcDb2dVertex
 10
-46.9135512407787
 20
26.93315687776643
 30
0.0
  0
VERTEX
  5
502
330
4FD
100
AcDbEntity
  8
0
100
AcDbVertex
100
AcDb2dVertex
 10
-46.99755086957869
 20
26.82697089760634
 30
0.0
  0
VERTEX
  5
503
330
4FD
100
AcDbEntity
  8
0
100
AcDbVertex
100
AcDb2dVertex
 10
-47.11575832429872
 20
26.75636198624645
 30
0.0
  0
VERTEX
  5
504
330
4FD
100
AcDbEntity
  8
0
100
AcDbVertex
100
AcDb2dVertex
 10
-47.26157854573867
 20
26.73280639200659
 30
0.0
  0
VERTEX
  5
505
330
4FD
100
AcDbEntity
  8
0
100
AcDbVertex
100
AcDb2dVertex
 10
-47.38344896493871
 20
26.74953040224643
 30
0.0
  0
VERTEX
  5
506
330
4FD
100
AcDbEntity
  8
0
100
AcDbVertex
100
AcDb2dVertex
 10
-47.4893624945387
 20
26.79967349728644
 30
0.0
  0
VERTEX
  5
507
330
4FD
100
AcDbEntity
  8
0
100
AcDbVertex
100
AcDb2dVertex
 10
-47.57443014253869
 20
26.87944380256656
 30
0.0
  0
VERTEX
  5
508
330
4FD
100
AcDbEntity
  8
0
100
AcDbVertex
100
AcDb2dVertex
 10
-47.63330449773869
 20
26.98450437984645
 30
0.0
  0
VERTEX
  5
509
330
4FD
100
AcDbEntity
  8
0
100
AcDbVertex
100
AcDb2dVertex
 10
-47.6676340810987
 20
27.16036731488641
 30
0.0
  0
VERTEX
  5
50A
330
4FD
100
AcDbEntity
  8
0
100
AcDbVertex
100
AcDb2dVertex
 10
-47.67895313389871
 20
27.45240196576644
 30
0.0
  0
VERTEX
  5
50B
330
4FD
100
AcDbEntity
  8
0
100
AcDbVertex
100
AcDb2dVertex
 10
-47.67895313389871
 20
27.77572681568646
 30
0.0
  0
VERTEX
  5
50C
330
4FD
100
AcDbEntity
  8
0
100
AcDbVertex
100
AcDb2dVertex
 10
-46.84821821421867
 20
27.77572681568646
 30
0.0
  0
SEQEND
  5
500
330
4FD
100
AcDbEntity
  8
0
  0
POLYLINE
  5
50D
330
70
100
AcDbEntity
  8
0
100
AcDb2dPolyline
 66
     1
 10
0.0
 20
0.0
 30
0.0
 70
     1
  0
VERTEX
  5
50E
330
50D
100
AcDbEntity
  8
0
100
AcDbVertex
100
AcDb2dVertex
 10
-48.17684352749868
 20
27.77572681568646
 30
0.0
  0
VERTEX
  5
50F
330
50D
100
AcDbEntity
  8
0
100
AcDbVertex
100
AcDb2dVertex
 10
-48.17684352749868
 20
27.39035216352647
 30
0.0
  0
VERTEX
  5
511
330
50D
100
AcDbEntity
  8
0
100
AcDbVertex
100
AcDb2dVertex
 10
-48.1666141143787
 20
27.03574426720646
 30
0.0
  0
VERTEX
  5
512
330
50D
100
AcDbEntity
  8
0
100
AcDbVertex
100
AcDb2dVertex
 10
-48.13457841517871
 20
26.77644789984637
 30
0.0
  0
VERTEX
  5
513
330
50D
100
AcDbEntity
  8
0
100
AcDbVertex
100
AcDb2dVertex
 10
-48.08344597997869
 20
26.62195396448649
 30
0.0
  0
VERTEX
  5
514
330
50D
100
AcDbEntity
  8
0
100
AcDbVertex
100
AcDb2dVertex
 10
-47.9961416689387
 20
26.47021265760644
 30
0.0
  0
VERTEX
  5
515
330
50D
100
AcDbEntity
  8
0
100
AcDbVertex
100
AcDb2dVertex
 10
-47.87121756013869
 20
26.3324928009666
 30
0.0
  0
VERTEX
  5
516
330
50D
100
AcDbEntity
  8
0
100
AcDbVertex
100
AcDb2dVertex
 10
-47.7069386506987
 20
26.22126746080653
 30
0.0
  0
VERTEX
  5
517
330
50D
100
AcDbEntity
  8
0
100
AcDbVertex
100
AcDb2dVertex
 10
-47.50187132397869
 20
26.14765476576652
 30
0.0
  0
VERTEX
  5
518
330
50D
100
AcDbEntity
  8
0
100
AcDbVertex
100
AcDb2dVertex
 10
-47.25332049773869
 20
26.12303131488641
 30
0.0
  0
VERTEX
  5
519
330
50D
100
AcDbEntity
  8
0
100
AcDbVertex
100
AcDb2dVertex
 10
-46.93626802541868
 20
26.16551133152644
 30
0.0
  0
VERTEX
  5
51A
330
50D
100
AcDbEntity
  8
0
100
AcDbVertex
100
AcDb2dVertex
 10
-46.80168525165872
 20
26.21859529952648
 30
0.0
  0
VERTEX
  5
51B
330
50D
100
AcDbEntity
  8
0
100
AcDbVertex
100
AcDb2dVertex
 10
-46.68317234669871
 20
26.29289432288655
 30
0.0
  0
VERTEX
  5
51C
330
50D
100
AcDbEntity
  8
0
100
AcDbVertex
100
AcDb2dVertex
 10
-46.50123048045872
 20
26.48358175456654
 30
0.0
  0
VERTEX
  5
51D
330
50D
100
AcDbEntity
  8
0
100
AcDbVertex
100
AcDb2dVertex
 10
-46.3966645732587
 20
26.71508605152642
 30
0.0
  0
VERTEX
  5
51E
330
50D
100
AcDbEntity
  8
0
100
AcDbVertex
100
AcDb2dVertex
 10
-46.36375430125879
 20
26.97287711328638
 30
0.0
  0
VERTEX
  5
51F
330
50D
100
AcDbEntity
  8
0
100
AcDbVertex
100
AcDb2dVertex
 10
-46.35239233261871
 20
27.4182802966466
 30
0.0
  0
VERTEX
  5
520
330
50D
100
AcDbEntity
  8
0
100
AcDbVertex
100
AcDb2dVertex
 10
-46.35239233261867
 20
28.36709343584641
 30
0.0
  0
VERTEX
  5
521
330
50D
100
AcDbEntity
  8
0
100
AcDbVertex
100
AcDb2dVertex
 10
-49.28181375341868
 20
28.36709343584641
 30
0.0
  0
VERTEX
  5
522
330
50D
100
AcDbEntity
  8
0
100
AcDbVertex
100
AcDb2dVertex
 10
-49.28181375341868
 20
27.77572681568646
 30
0.0
  0
SEQEND
  5
510
330
50D
100
AcDbEntity
  8
0
  0
POLYLINE
  5
523
330
70
100
AcDbEntity
  8
0
100
AcDb2dPolyline
 66
     1
 10
0.0
 20
0.0
 30
0.0
  0
VERTEX
  5
524
330
523
100
AcDbEntity
  8
0
100
AcDbVertex
100
AcDb2dVertex
 10
-62.01374673293347
 20
4.184701922601448
 30
0.0
  0
VERTEX
  5
525
330
523
100
AcDbEntity
  8
0
100
AcDbVertex
100
AcDb2dVertex
 10
-62.01374673293347
 20
6.262327493377704
 30
0.0
  0
VERTEX
  5
527
330
523
100
AcDbEntity
  8
0
100
AcDbVertex
100
AcDb2dVertex
 10
-63.65758234937183
 20
7.038583201140262
 30
0.0
  0
VERTEX
  5
528
330
523
100
AcDbEntity
  8
0
100
AcDbVertex
100
AcDb2dVertex
 10
-63.65758234937183
 20
5.257761283332049
 30
0.0
  0
SEQEND
  5
526
330
523
100
AcDbEntity
  8
0
  0
POLYLINE
  5
529
330
70
100
AcDbEntity
  8
0
100
AcDb2dPolyline
 66
     1
 10
0.0
 20
0.0
 30
0.0
  0
VERTEX
  5
52A
330
529
100
AcDbEntity
  8
0
100
AcDbVertex
100
AcDb2dVertex
 10
-69.71922618498826
 20
5.394747584701917
 30
0.0
  0
VERTEX
  5
52B
330
529
100
AcDbEntity
  8
0
100
AcDbVertex
100
AcDb2dVertex
 10
-69.84479696124397
 20
5.486071785615163
 30
0.0
  0
VERTEX
  5
52D
330
529
100
AcDbEntity
  8
0
100
AcDbVertex
100
AcDb2dVertex
 10
-69.84479696124397
 20
6.696117447715614
 30
0.0
  0
VERTEX
  5
52E
330
529
100
AcDbEntity
  8
0
100
AcDbVertex
100
AcDb2dVertex
 10
-62.63018508909786
 20
8.419861739953047
 30
0.0
  0
VERTEX
  5
52F
330
529
100
AcDbEntity
  8
0
100
AcDbVertex
100
AcDb2dVertex
 10
-61.73977413019375
 20
9.42442794999871
 30
0.0
  0
VERTEX
  5
530
330
529
100
AcDbEntity
  8
0
100
AcDbVertex
100
AcDb2dVertex
 10
-63.00689741786499
 20
10.64588913721332
 30
0.0
  0
VERTEX
  5
531
330
529
100
AcDbEntity
  8
0
100
AcDbVertex
100
AcDb2dVertex
 10
-63.5890891986869
 20
9.995204205706471
 30
0.0
  0
VERTEX
  5
532
330
529
100
AcDbEntity
  8
0
100
AcDbVertex
100
AcDb2dVertex
 10
-71.48863257768233
 20
8.088811511642557
 30
0.0
  0
VERTEX
  5
533
330
529
100
AcDbEntity
  8
0
100
AcDbVertex
100
AcDb2dVertex
 10
-71.48863257768233
 20
6.650455347258992
 30
0.0
  0
VERTEX
  5
534
330
529
100
AcDbEntity
  8
0
100
AcDbVertex
100
AcDb2dVertex
 10
-71.75118965530791
 20
6.262327493377712
 30
0.0
  0
VERTEX
  5
535
330
529
100
AcDbEntity
  8
0
100
AcDbVertex
100
AcDb2dVertex
 10
-69.2740207055362
 20
4.310272698857158
 30
0.0
  0
SEQEND
  5
52C
330
529
100
AcDbEntity
  8
0
  0
POLYLINE
  5
536
330
70
100
AcDbEntity
  8
0
100
AcDb2dPolyline
 66
     1
 10
0.0
 20
0.0
 30
0.0
  0
VERTEX
  5
537
330
536
100
AcDbEntity
  8
0
100
AcDbVertex
100
AcDb2dVertex
 10
-64.83338143612982
 20
-19.53675926461315
 30
0.0
  0
VERTEX
  5
538
330
536
100
AcDbEntity
  8
0
100
AcDbVertex
100
AcDb2dVertex
 10
-64.83338143612982
 20
-16.87694191301499
 30
0.0
  0
VERTEX
  5
53A
330
536
100
AcDbEntity
  8
0
100
AcDbVertex
100
AcDb2dVertex
 10
-66.34023075119832
 20
-16.16917935593736
 30
0.0
  0
VERTEX
  5
53B
330
536
100
AcDbEntity
  8
0
100
AcDbVertex
100
AcDb2dVertex
 10
-66.34023075119832
 20
-18.95456748379124
 30
0.0
  0
SEQEND
  5
539
330
536
100
AcDbEntity
  8
0
  0
POLYLINE
  5
53C
330
70
100
AcDbEntity
  8
0
100
AcDb2dPolyline
 66
     1
 10
0.0
 20
0.0
 30
0.0
  0
VERTEX
  5
53D
330
53C
100
AcDbEntity
  8
0
100
AcDbVertex
100
AcDb2dVertex
 10
-63.65758234937183
 20
-15.56415652488713
 30
0.0
  0
VERTEX
  5
53E
330
53C
100
AcDbEntity
  8
0
100
AcDbVertex
100
AcDb2dVertex
 10
-63.65758234937183
 20
-19.67374556598302
 30
0.0
  0
VERTEX
  5
540
330
53C
100
AcDbEntity
  8
0
100
AcDbVertex
100
AcDb2dVertex
 10
-62.01374673293347
 20
-20.43858574863143
 30
0.0
  0
VERTEX
  5
541
330
53C
100
AcDbEntity
  8
0
100
AcDbVertex
100
AcDb2dVertex
 10
-62.01374673293347
 20
-16.58013826004695
 30
0.0
  0
VERTEX
  5
542
330
53C
100
AcDbEntity
  8
0
100
AcDbVertex
100
AcDb2dVertex
 10
-61.73977413019375
 20
-16.18059488105151
 30
0.0
  0
SEQEND
  5
53F
330
53C
100
AcDbEntity
  8
0
  0
POLYLINE
  5
543
330
70
100
AcDbEntity
  8
0
100
AcDb2dPolyline
 66
     1
 10
0.0
 20
0.0
 30
0.0
  0
VERTEX
  5
544
330
543
100
AcDbEntity
  8
0
100
AcDbVertex
100
AcDb2dVertex
 10
-71.45438600233987
 20
-18.14406520068622
 30
0.0
  0
VERTEX
  5
545
330
543
100
AcDbEntity
  8
0
100
AcDbVertex
100
AcDb2dVertex
 10
-71.75118965530791
 20
-18.63493278059489
 30
0.0
  0
VERTEX
  5
547
330
543
100
AcDbEntity
  8
0
100
AcDbVertex
100
AcDb2dVertex
 10
-69.01146362791066
 20
-20.79246702717024
 30
0.0
  0
SEQEND
  5
546
330
543
100
AcDbEntity
  8
0
  0
POLYLINE
  5
548
330
70
100
AcDbEntity
  8
0
100
AcDb2dPolyline
 66
     1
 10
0.0
 20
0.0
 30
0.0
 70
     1
  0
VERTEX
  5
549
330
548
100
AcDbEntity
  8
0
100
AcDbVertex
100
AcDb2dVertex
 10
-69.84479696124399
 20
-32.02534373949901
 30
0.0
  0
VERTEX
  5
54A
330
548
100
AcDbEntity
  8
0
100
AcDbVertex
100
AcDb2dVertex
 10
-63.30370107083303
 20
-32.02534373949901
 30
0.0
  0
VERTEX
  5
54C
330
548
100
AcDbEntity
  8
0
100
AcDbVertex
100
AcDb2dVertex
 10
-62.01374673293348
 20
-32.61895104543508
 30
0.0
  0
VERTEX
  5
54D
330
548
100
AcDbEntity
  8
0
100
AcDbVertex
100
AcDb2dVertex
 10
-62.01374673293348
 20
-30.23310629657663
 30
0.0
  0
VERTEX
  5
54E
330
548
100
AcDbEntity
  8
0
100
AcDbVertex
100
AcDb2dVertex
 10
-63.65758234937183
 20
-29.46826611392823
 30
0.0
  0
VERTEX
  5
54F
330
548
100
AcDbEntity
  8
0
100
AcDbVertex
100
AcDb2dVertex
 10
-63.65758234937183
 20
-30.30159944726156
 30
0.0
  0
VERTEX
  5
550
330
548
100
AcDbEntity
  8
0
100
AcDbVertex
100
AcDb2dVertex
 10
-71.48863257768233
 20
-30.30159944726156
 30
0.0
  0
VERTEX
  5
551
330
548
100
AcDbEntity
  8
0
100
AcDbVertex
100
AcDb2dVertex
 10
-71.48863257768233
 20
-35.1646131458917
 30
0.0
  0
VERTEX
  5
552
330
548
100
AcDbEntity
  8
0
100
AcDbVertex
100
AcDb2dVertex
 10
-69.84479696124399
 20
-35.94086885365425
 30
0.0
  0
SEQEND
  5
54B
330
548
100
AcDbEntity
  8
0
  0
POLYLINE
  5
553
330
70
100
AcDbEntity
  8
0
100
AcDb2dPolyline
 66
     1
 10
0.0
 20
0.0
 30
0.0
  0
VERTEX
  5
554
330
553
100
AcDbEntity
  8
0
100
AcDbVertex
100
AcDb2dVertex
 10
-62.39045906170061
 20
-45.91803780342594
 30
0.0
  0
VERTEX
  5
555
330
553
100
AcDbEntity
  8
0
100
AcDbVertex
100
AcDb2dVertex
 10
-62.0137467329335
 20
-46.10068620525242
 30
0.0
  0
VERTEX
  5
557
330
553
100
AcDbEntity
  8
0
100
AcDbVertex
100
AcDb2dVertex
 10
-62.01374673293348
 20
-43.44086885365425
 30
0.0
  0
VERTEX
  5
558
330
553
100
AcDbEntity
  8
0
100
AcDbVertex
100
AcDb2dVertex
 10
-61.73977413019375
 20
-43.04132547465882
 30
0.0
  0
SEQEND
  5
556
330
553
100
AcDbEntity
  8
0
  0
POLYLINE
  5
559
330
70
100
AcDbEntity
  8
0
100
AcDb2dPolyline
 66
     1
 10
0.0
 20
0.0
 30
0.0
 70
     1
  0
VERTEX
  5
55A
330
559
100
AcDbEntity
  8
0
100
AcDbVertex
100
AcDb2dVertex
 10
-62.0137467329335
 20
-56.04360857968164
 30
0.0
  0
VERTEX
  5
55B
330
559
100
AcDbEntity
  8
0
100
AcDbVertex
100
AcDb2dVertex
 10
-62.0137467329335
 20
-53.6577638308232
 30
0.0
  0
VERTEX
  5
55D
330
559
100
AcDbEntity
  8
0
100
AcDbVertex
100
AcDb2dVertex
 10
-63.65758234937183
 20
-52.8929236481748
 30
0.0
  0
VERTEX
  5
55E
330
559
100
AcDbEntity
  8
0
100
AcDbVertex
100
AcDb2dVertex
 10
-63.65758234937183
 20
-54.84497844269535
 30
0.0
  0
VERTEX
  5
55F
330
559
100
AcDbEntity
  8
0
100
AcDbVertex
100
AcDb2dVertex
 10
-68.02972846809331
 20
-54.84497844269535
 30
0.0
  0
VERTEX
  5
560
330
559
100
AcDbEntity
  8
0
100
AcDbVertex
100
AcDb2dVertex
 10
-61.73977413019375
 20
-50.15319762077755
 30
0.0
  0
VERTEX
  5
561
330
559
100
AcDbEntity
  8
0
100
AcDbVertex
100
AcDb2dVertex
 10
-63.00689741786499
 20
-48.93173643356292
 30
0.0
  0
VERTEX
  5
562
330
559
100
AcDbEntity
  8
0
100
AcDbVertex
100
AcDb2dVertex
 10
-63.89730837676911
 20
-49.58242136506978
 30
0.0
  0
VERTEX
  5
563
330
559
100
AcDbEntity
  8
0
100
AcDbVertex
100
AcDb2dVertex
 10
-70.07310746352709
 20
-49.58242136506978
 30
0.0
  0
VERTEX
  5
564
330
559
100
AcDbEntity
  8
0
100
AcDbVertex
100
AcDb2dVertex
 10
-71.48863257768235
 20
-48.93173643356292
 30
0.0
  0
VERTEX
  5
565
330
559
100
AcDbEntity
  8
0
100
AcDbVertex
100
AcDb2dVertex
 10
-71.48863257768235
 20
-51.8198642874442
 30
0.0
  0
VERTEX
  5
566
330
559
100
AcDbEntity
  8
0
100
AcDbVertex
100
AcDb2dVertex
 10
-69.84479696124399
 20
-52.5847044700926
 30
0.0
  0
VERTEX
  5
567
330
559
100
AcDbEntity
  8
0
100
AcDbVertex
100
AcDb2dVertex
 10
-69.84479696124399
 20
-50.18744419612001
 30
0.0
  0
VERTEX
  5
568
330
559
100
AcDbEntity
  8
0
100
AcDbVertex
100
AcDb2dVertex
 10
-64.70781065987413
 20
-50.18744419612001
 30
0.0
  0
VERTEX
  5
569
330
559
100
AcDbEntity
  8
0
100
AcDbVertex
100
AcDb2dVertex
 10
-71.73977413019375
 20
-55.45000127374557
 30
0.0
  0
VERTEX
  5
56A
330
559
100
AcDbEntity
  8
0
100
AcDbVertex
100
AcDb2dVertex
 10
-63.30370107083304
 20
-55.45000127374557
 30
0.0
  0
SEQEND
  5
55C
330
559
100
AcDbEntity
  8
0
  0
POLYLINE
  5
56B
330
70
100
AcDbEntity
  8
0
100
AcDb2dPolyline
 66
     1
 10
0.0
 20
0.0
 30
0.0
 70
     1
  0
VERTEX
  5
56C
330
56B
100
AcDbEntity
  8
0
100
AcDbVertex
100
AcDb2dVertex
 10
-75.6928449145451
 20
-25.17519678122785
 30
0.0
  0
VERTEX
  5
56D
330
56B
100
AcDbEntity
  8
0
100
AcDbVertex
100
AcDb2dVertex
 10
-72.87822355255615
 20
-25.17519678122785
 30
0.0
  0
VERTEX
  5
56F
330
56B
100
AcDbEntity
  8
0
100
AcDbVertex
100
AcDb2dVertex
 10
-73.40824965319043
 20
-24.2202359619816
 30
0.0
  0
VERTEX
  5
570
330
56B
100
AcDbEntity
  8
0
100
AcDbVertex
100
AcDb2dVertex
 10
-75.64029922353395
 20
-24.2202359619816
 30
0.0
  0
VERTEX
  5
571
330
56B
100
AcDbEntity
  8
0
100
AcDbVertex
100
AcDb2dVertex
 10
-75.64029922353395
 20
-22.61188089798791
 30
0.0
  0
VERTEX
  5
572
330
56B
100
AcDbEntity
  8
0
100
AcDbVertex
100
AcDb2dVertex
 10
-73.38540370057689
 20
-22.61188089798791
 30
0.0
  0
VERTEX
  5
573
330
56B
100
AcDbEntity
  8
0
100
AcDbVertex
100
AcDb2dVertex
 10
-73.37854991479282
 20
-21.66148926926437
 30
0.0
  0
VERTEX
  5
574
330
56B
100
AcDbEntity
  8
0
100
AcDbVertex
100
AcDb2dVertex
 10
-75.6928449145451
 20
-21.66148926926437
 30
0.0
  0
VERTEX
  5
575
330
56B
100
AcDbEntity
  8
0
100
AcDbVertex
100
AcDb2dVertex
 10
-76.38279268347421
 20
-22.33087568084128
 30
0.0
  0
VERTEX
  5
576
330
56B
100
AcDbEntity
  8
0
100
AcDbVertex
100
AcDb2dVertex
 10
-76.38279268347421
 20
-24.50581036965094
 30
0.0
  0
SEQEND
  5
56E
330
56B
100
AcDbEntity
  8
0
  0
POLYLINE
  5
577
330
70
100
AcDbEntity
  8
0
100
AcDb2dPolyline
 66
     1
 10
0.0
 20
0.0
 30
0.0
 70
     1
  0
VERTEX
  5
578
330
577
100
AcDbEntity
  8
0
100
AcDbVertex
100
AcDb2dVertex
 10
-75.6928449145451
 20
-33.48426974677479
 30
0.0
  0
VERTEX
  5
579
330
577
100
AcDbEntity
  8
0
100
AcDbVertex
100
AcDb2dVertex
 10
-72.87822355255615
 20
-33.48426974677479
 30
0.0
  0
VERTEX
  5
57B
330
577
100
AcDbEntity
  8
0
100
AcDbVertex
100
AcDb2dVertex
 10
-73.40824965319043
 20
-32.52930892752854
 30
0.0
  0
VERTEX
  5
57C
330
577
100
AcDbEntity
  8
0
100
AcDbVertex
100
AcDb2dVertex
 10
-75.64029922353395
 20
-32.52930892752854
 30
0.0
  0
VERTEX
  5
57D
330
577
100
AcDbEntity
  8
0
100
AcDbVertex
100
AcDb2dVertex
 10
-75.64029922353395
 20
-30.92095386353485
 30
0.0
  0
VERTEX
  5
57E
330
577
100
AcDbEntity
  8
0
100
AcDbVertex
100
AcDb2dVertex
 10
-73.38540370057689
 20
-30.92095386353485
 30
0.0
  0
VERTEX
  5
57F
330
577
100
AcDbEntity
  8
0
100
AcDbVertex
100
AcDb2dVertex
 10
-73.37854991479282
 20
-29.97056223481131
 30
0.0
  0
VERTEX
  5
580
330
577
100
AcDbEntity
  8
0
100
AcDbVertex
100
AcDb2dVertex
 10
-75.6928449145451
 20
-29.97056223481131
 30
0.0
  0
VERTEX
  5
581
330
577
100
AcDbEntity
  8
0
100
AcDbVertex
100
AcDb2dVertex
 10
-76.38279268347421
 20
-30.63994864638822
 30
0.0
  0
VERTEX
  5
582
330
577
100
AcDbEntity
  8
0
100
AcDbVertex
100
AcDb2dVertex
 10
-76.38279268347421
 20
-32.81488333519788
 30
0.0
  0
SEQEND
  5
57A
330
577
100
AcDbEntity
  8
0
  0
POLYLINE
  5
583
330
70
100
AcDbEntity
  8
0
100
AcDb2dPolyline
 66
     1
 10
0.0
 20
0.0
 30
0.0
 70
     1
  0
VERTEX
  5
584
330
583
100
AcDbEntity
  8
0
100
AcDbVertex
100
AcDb2dVertex
 10
-75.69284491454512
 20
-47.35633217372035
 30
0.0
  0
VERTEX
  5
585
330
583
100
AcDbEntity
  8
0
100
AcDbVertex
100
AcDb2dVertex
 10
-72.87822355255615
 20
-47.35633217372035
 30
0.0
  0
VERTEX
  5
587
330
583
100
AcDbEntity
  8
0
100
AcDbVertex
100
AcDb2dVertex
 10
-73.40824965319043
 20
-46.40137135447409
 30
0.0
  0
VERTEX
  5
588
330
583
100
AcDbEntity
  8
0
100
AcDbVertex
100
AcDb2dVertex
 10
-75.64029922353395
 20
-46.40137135447409
 30
0.0
  0
VERTEX
  5
589
330
583
100
AcDbEntity
  8
0
100
AcDbVertex
100
AcDb2dVertex
 10
-75.64029922353395
 20
-44.7930162904804
 30
0.0
  0
VERTEX
  5
58A
330
583
100
AcDbEntity
  8
0
100
AcDbVertex
100
AcDb2dVertex
 10
-73.38540370057689
 20
-44.7930162904804
 30
0.0
  0
VERTEX
  5
58B
330
583
100
AcDbEntity
  8
0
100
AcDbVertex
100
AcDb2dVertex
 10
-73.37854991479282
 20
-43.84262466175686
 30
0.0
  0
VERTEX
  5
58C
330
583
100
AcDbEntity
  8
0
100
AcDbVertex
100
AcDb2dVertex
 10
-75.6928449145451
 20
-43.84262466175686
 30
0.0
  0
VERTEX
  5
58D
330
583
100
AcDbEntity
  8
0
100
AcDbVertex
100
AcDb2dVertex
 10
-76.38279268347422
 20
-44.51201107333377
 30
0.0
  0
VERTEX
  5
58E
330
583
100
AcDbEntity
  8
0
100
AcDbVertex
100
AcDb2dVertex
 10
-76.38279268347422
 20
-46.68694576214342
 30
0.0
  0
SEQEND
  5
586
330
583
100
AcDbEntity
  8
0
  0
POLYLINE
  5
58F
330
70
100
AcDbEntity
  8
0
100
AcDb2dPolyline
 66
     1
 10
0.0
 20
0.0
 30
0.0
 70
     1
  0
VERTEX
  5
590
330
58F
100
AcDbEntity
  8
0
100
AcDbVertex
100
AcDb2dVertex
 10
-75.69284491454512
 20
-55.66540513926728
 30
0.0
  0
VERTEX
  5
591
330
58F
100
AcDbEntity
  8
0
100
AcDbVertex
100
AcDb2dVertex
 10
-72.87822355255615
 20
-55.66540513926728
 30
0.0
  0
VERTEX
  5
593
330
58F
100
AcDbEntity
  8
0
100
AcDbVertex
100
AcDb2dVertex
 10
-73.40824965319043
 20
-54.71044432002102
 30
0.0
  0
VERTEX
  5
594
330
58F
100
AcDbEntity
  8
0
100
AcDbVertex
100
AcDb2dVertex
 10
-75.64029922353395
 20
-54.71044432002102
 30
0.0
  0
VERTEX
  5
595
330
58F
100
AcDbEntity
  8
0
100
AcDbVertex
100
AcDb2dVertex
 10
-75.64029922353395
 20
-53.10208925602733
 30
0.0
  0
VERTEX
  5
596
330
58F
100
AcDbEntity
  8
0
100
AcDbVertex
100
AcDb2dVertex
 10
-73.38540370057689
 20
-53.10208925602733
 30
0.0
  0
VERTEX
  5
597
330
58F
100
AcDbEntity
  8
0
100
AcDbVertex
100
AcDb2dVertex
 10
-73.37854991479282
 20
-52.15169762730379
 30
0.0
  0
VERTEX
  5
598
330
58F
100
AcDbEntity
  8
0
100
AcDbVertex
100
AcDb2dVertex
 10
-75.69284491454512
 20
-52.15169762730379
 30
0.0
  0
VERTEX
  5
599
330
58F
100
AcDbEntity
  8
0
100
AcDbVertex
100
AcDb2dVertex
 10
-76.38279268347422
 20
-52.82108403888071
 30
0.0
  0
VERTEX
  5
59A
330
58F
100
AcDbEntity
  8
0
100
AcDbVertex
100
AcDb2dVertex
 10
-76.38279268347422
 20
-54.99601872769035
 30
0.0
  0
SEQEND
  5
592
330
58F
100
AcDbEntity
  8
0
  0
POLYLINE
  5
59B
330
70
100
AcDbEntity
  8
0
100
AcDb2dPolyline
 66
     1
 10
0.0
 20
0.0
 30
0.0
 70
     1
  0
VERTEX
  5
59C
330
59B
100
AcDbEntity
  8
0
100
AcDbVertex
100
AcDb2dVertex
 10
-59.7573982077321
 20
19.18962138813146
 30
0.0
  0
VERTEX
  5
59D
330
59B
100
AcDbEntity
  8
0
100
AcDbVertex
100
AcDb2dVertex
 10
-55.73651047927257
 20
19.18962138813146
 30
0.0
  0
VERTEX
  5
59F
330
59B
100
AcDbEntity
  8
0
100
AcDbVertex
100
AcDb2dVertex
 10
-56.49369063593055
 20
20.52774149257011
 30
0.0
  0
VERTEX
  5
5A0
330
59B
100
AcDbEntity
  8
0
100
AcDbVertex
100
AcDb2dVertex
 10
-59.68233293358068
 20
20.52774149257011
 30
0.0
  0
VERTEX
  5
5A1
330
59B
100
AcDbEntity
  8
0
100
AcDbVertex
100
AcDb2dVertex
 10
-59.68233293358068
 20
22.77643600954139
 30
0.0
  0
VERTEX
  5
5A2
330
59B
100
AcDbEntity
  8
0
100
AcDbVertex
100
AcDb2dVertex
 10
-56.46105356021251
 20
22.77643600954139
 30
0.0
  0
VERTEX
  5
5A3
330
59B
100
AcDbEntity
  8
0
100
AcDbVertex
100
AcDb2dVertex
 10
-56.45126243749711
 20
24.10802869883643
 30
0.0
  0
VERTEX
  5
5A4
330
59B
100
AcDbEntity
  8
0
100
AcDbVertex
100
AcDb2dVertex
 10
-59.76066191530391
 20
24.10802869883643
 30
0.0
  0
VERTEX
  5
5A5
330
59B
100
AcDbEntity
  8
0
100
AcDbVertex
100
AcDb2dVertex
 10
-60.74303789441618
 20
23.17460833330117
 30
0.0
  0
VERTEX
  5
5A6
330
59B
100
AcDbEntity
  8
0
100
AcDbVertex
100
AcDb2dVertex
 10
-60.74303789441618
 20
20.12630546123852
 30
0.0
  0
SEQEND
  5
59E
330
59B
100
AcDbEntity
  8
0
  0
POLYLINE
  5
5A7
330
70
100
AcDbEntity
  8
0
100
AcDb2dPolyline
 66
     1
 10
0.0
 20
0.0
 30
0.0
 70
     1
  0
VERTEX
  5
5A8
330
5A7
100
AcDbEntity
  8
0
100
AcDbVertex
100
AcDb2dVertex
 10
-57.52175852104804
 20
5.628916427295953
 30
0.0
  0
VERTEX
  5
5A9
330
5A7
100
AcDbEntity
  8
0
100
AcDbVertex
100
AcDb2dVertex
 10
-57.52175852104804
 20
3.079960813718929
 30
0.0
  0
VERTEX
  5
5AB
330
5A7
100
AcDbEntity
  8
0
100
AcDbVertex
100
AcDb2dVertex
 10
-59.68233293358068
 20
3.079960813718929
 30
0.0
  0
VERTEX
  5
5AC
330
5A7
100
AcDbEntity
  8
0
100
AcDbVertex
100
AcDb2dVertex
 10
-59.68233293358068
 20
5.628916427295953
 30
0.0
  0
SEQEND
  5
5AA
330
5A7
100
AcDbEntity
  8
0
  0
POLYLINE
  5
5AD
330
70
100
AcDbEntity
  8
0
100
AcDb2dPolyline
 66
     1
 10
0.0
 20
0.0
 30
0.0
 70
     1
  0
VERTEX
  5
5AE
330
5AD
100
AcDbEntity
  8
0
100
AcDbVertex
100
AcDb2dVertex
 10
-59.75739820773211
 20
1.748368124423889
 30
0.0
  0
VERTEX
  5
5AF
330
5AD
100
AcDbEntity
  8
0
100
AcDbVertex
100
AcDb2dVertex
 10
-57.4466932468966
 20
1.748368124423889
 30
0.0
  0
VERTEX
  5
5B1
330
5AD
100
AcDbEntity
  8
0
100
AcDbVertex
100
AcDb2dVertex
 10
-56.46105356021252
 20
2.685052197530937
 30
0.0
  0
VERTEX
  5
5B2
330
5AD
100
AcDbEntity
  8
0
100
AcDbVertex
100
AcDb2dVertex
 10
-56.46105356021252
 20
6.027088751055744
 30
0.0
  0
VERTEX
  5
5B3
330
5AD
100
AcDbEntity
  8
0
100
AcDbVertex
100
AcDb2dVertex
 10
-57.44342953932481
 20
6.960509116590989
 30
0.0
  0
VERTEX
  5
5B4
330
5AD
100
AcDbEntity
  8
0
100
AcDbVertex
100
AcDb2dVertex
 10
-59.76066191530391
 20
6.960509116590989
 30
0.0
  0
VERTEX
  5
5B5
330
5AD
100
AcDbEntity
  8
0
100
AcDbVertex
100
AcDb2dVertex
 10
-60.74303789441618
 20
6.027088751055749
 30
0.0
  0
VERTEX
  5
5B6
330
5AD
100
AcDbEntity
  8
0
100
AcDbVertex
100
AcDb2dVertex
 10
-60.74303789441618
 20
2.685052197530941
 30
0.0
  0
SEQEND
  5
5B0
330
5AD
100
AcDbEntity
  8
0
  0
POLYLINE
  5
5B7
330
70
100
AcDbEntity
  8
0
100
AcDb2dPolyline
 66
     1
 10
0.0
 20
0.0
 30
0.0
 70
     1
  0
VERTEX
  5
5B8
330
5B7
100
AcDbEntity
  8
0
100
AcDbVertex
100
AcDb2dVertex
 10
2.061860181786024
 20
-0.6585501488629136
 30
0.0
  0
VERTEX
  5
5B9
330
5B7
100
AcDbEntity
  8
0
100
AcDbVertex
100
AcDb2dVertex
 10
4.634967333640467
 20
-0.6585501488629281
 30
0.0
  0
VERTEX
  5
5BB
330
5B7
100
AcDbEntity
  8
0
100
AcDbVertex
100
AcDb2dVertex
 10
4.634967333640471
 20
0.1031992286647571
 30
0.0
  0
VERTEX
  5
5BC
330
5B7
100
AcDbEntity
  8
0
100
AcDbVertex
100
AcDb2dVertex
 10
3.642147450847318
 20
0.1031992286647626
 30
0.0
  0
VERTEX
  5
5BD
330
5B7
100
AcDbEntity
  8
0
100
AcDbVertex
100
AcDb2dVertex
 10
3.642147450847325
 20
1.352546536795002
 30
0.0
  0
VERTEX
  5
5BE
330
5B7
100
AcDbEntity
  8
0
100
AcDbVertex
100
AcDb2dVertex
 10
4.634967333640478
 20
1.352546536794996
 30
0.0
  0
VERTEX
  5
5BF
330
5B7
100
AcDbEntity
  8
0
100
AcDbVertex
100
AcDb2dVertex
 10
4.634967333640482
 20
2.114295914322681
 30
0.0
  0
VERTEX
  5
5C0
330
5B7
100
AcDbEntity
  8
0
100
AcDbVertex
100
AcDb2dVertex
 10
1.634967214431193
 20
2.114295914322698
 30
0.0
  0
VERTEX
  5
5C1
330
5B7
100
AcDbEntity
  8
0
100
AcDbVertex
100
AcDb2dVertex
 10
2.079484203374079
 20
1.35254653679501
 30
0.0
  0
VERTEX
  5
5C2
330
5B7
100
AcDbEntity
  8
0
100
AcDbVertex
100
AcDb2dVertex
 10
3.0507636153374
 20
1.352546536795005
 30
0.0
  0
VERTEX
  5
5C3
330
5B7
100
AcDbEntity
  8
0
100
AcDbVertex
100
AcDb2dVertex
 10
3.050763615337393
 20
0.1031992286647659
 30
0.0
  0
VERTEX
  5
5C4
330
5B7
100
AcDbEntity
  8
0
100
AcDbVertex
100
AcDb2dVertex
 10
2.061860181786028
 20
0.1031992286647715
 30
0.0
  0
SEQEND
  5
5BA
330
5B7
100
AcDbEntity
  8
0
  0
POLYLINE
  5
5C5
330
70
100
AcDbEntity
  8
0
100
AcDb2dPolyline
 66
     1
 10
0.0
 20
0.0
 30
0.0
 70
     1
  0
VERTEX
  5
5C6
330
5C5
100
AcDbEntity
  8
0
100
AcDbVertex
100
AcDb2dVertex
 10
4.634967333640416
 20
-9.801500903816044
 30
0.0
  0
VERTEX
  5
5C7
330
5C5
100
AcDbEntity
  8
0
100
AcDbVertex
100
AcDb2dVertex
 10
4.634967333640421
 20
-8.937923846001883
 30
0.0
  0
VERTEX
  5
5C9
330
5C5
100
AcDbEntity
  8
0
100
AcDbVertex
100
AcDb2dVertex
 10
3.416951619444488
 20
-7.835443384438671
 30
0.0
  0
VERTEX
  5
5CA
330
5C5
100
AcDbEntity
  8
0
100
AcDbVertex
100
AcDb2dVertex
 10
4.634967333640426
 20
-7.835443384438677
 30
0.0
  0
VERTEX
  5
5CB
330
5C5
100
AcDbEntity
  8
0
100
AcDbVertex
100
AcDb2dVertex
 10
4.634967333640432
 20
-7.073694006910993
 30
0.0
  0
VERTEX
  5
5CC
330
5C5
100
AcDbEntity
  8
0
100
AcDbVertex
100
AcDb2dVertex
 10
2.065776631027775
 20
-7.073694006910978
 30
0.0
  0
VERTEX
  5
5CD
330
5C5
100
AcDbEntity
  8
0
100
AcDbVertex
100
AcDb2dVertex
 10
2.061860181785984
 20
-7.835443384438662
 30
0.0
  0
VERTEX
  5
5CE
330
5C5
100
AcDbEntity
  8
0
100
AcDbVertex
100
AcDb2dVertex
 10
2.494627823003512
 20
-7.835443384438665
 30
0.0
  0
VERTEX
  5
5CF
330
5C5
100
AcDbEntity
  8
0
100
AcDbVertex
100
AcDb2dVertex
 10
3.225045606596892
 20
-8.509072654026132
 30
0.0
  0
VERTEX
  5
5D0
330
5C5
100
AcDbEntity
  8
0
100
AcDbVertex
100
AcDb2dVertex
 10
2.694366734334673
 20
-8.967297215315277
 30
0.0
  0
VERTEX
  5
5D1
330
5C5
100
AcDbEntity
  8
0
100
AcDbVertex
100
AcDb2dVertex
 10
1.634967214431131
 20
-8.967297215315269
 30
0.0
  0
VERTEX
  5
5D2
330
5C5
100
AcDbEntity
  8
0
100
AcDbVertex
100
AcDb2dVertex
 10
2.079484203374017
 20
-9.729046592842959
 30
0.0
  0
VERTEX
  5
5D3
330
5C5
100
AcDbEntity
  8
0
100
AcDbVertex
100
AcDb2dVertex
 10
2.835358907039021
 20
-9.729046592842962
 30
0.0
  0
VERTEX
  5
5D4
330
5C5
100
AcDbEntity
  8
0
100
AcDbVertex
100
AcDb2dVertex
 10
3.689144841748719
 20
-8.947714969106343
 30
0.0
  0
SEQEND
  5
5C8
330
5C5
100
AcDbEntity
  8
0
  0
POLYLINE
  5
5D5
330
70
100
AcDbEntity
  8
0
100
AcDb2dPolyline
 66
     1
 10
0.0
 20
0.0
 30
0.0
 70
     1
  0
VERTEX
  5
5D6
330
5D5
100
AcDbEntity
  8
0
100
AcDbVertex
100
AcDb2dVertex
 10
2.704157857439104
 20
-15.66442541877204
 30
0.0
  0
VERTEX
  5
5D7
330
5D5
100
AcDbEntity
  8
0
100
AcDbVertex
100
AcDb2dVertex
 10
2.704157857439115
 20
-13.74340706567523
 30
0.0
  0
VERTEX
  5
5D9
330
5D5
100
AcDbEntity
  8
0
100
AcDbVertex
100
AcDb2dVertex
 10
5.069693199478817
 20
-13.74340706567525
 30
0.0
  0
VERTEX
  5
5DA
330
5D5
100
AcDbEntity
  8
0
100
AcDbVertex
100
AcDb2dVertex
 10
4.613426862810568
 20
-12.98165768814756
 30
0.0
  0
VERTEX
  5
5DB
330
5D5
100
AcDbEntity
  8
0
100
AcDbVertex
100
AcDb2dVertex
 10
2.061860181785956
 20
-12.98165768814755
 30
0.0
  0
VERTEX
  5
5DC
330
5D5
100
AcDbEntity
  8
0
100
AcDbVertex
100
AcDb2dVertex
 10
2.061860181785943
 20
-15.1396212203725
 30
0.0
  0
SEQEND
  5
5D8
330
5D5
100
AcDbEntity
  8
0
  0
POLYLINE
  5
5DD
330
70
100
AcDbEntity
  8
0
100
AcDb2dPolyline
 66
     1
 10
0.0
 20
0.0
 30
0.0
 70
     1
  0
VERTEX
  5
5DE
330
5DD
100
AcDbEntity
  8
0
100
AcDbVertex
100
AcDb2dVertex
 10
3.992669657987198
 20
-19.62003915297752
 30
0.0
  0
VERTEX
  5
5DF
330
5DD
100
AcDbEntity
  8
0
100
AcDbVertex
100
AcDb2dVertex
 10
3.992669657987191
 20
-20.8537206641406
 30
0.0
  0
VERTEX
  5
5E1
330
5DD
100
AcDbEntity
  8
0
100
AcDbVertex
100
AcDb2dVertex
 10
3.828178789832112
 20
-20.99471283684496
 30
0.0
  0
VERTEX
  5
5E2
330
5DD
100
AcDbEntity
  8
0
100
AcDbVertex
100
AcDb2dVertex
 10
3.644105675468096
 20
-20.85176243951971
 30
0.0
  0
VERTEX
  5
5E3
330
5DD
100
AcDbEntity
  8
0
100
AcDbVertex
100
AcDb2dVertex
 10
3.644105675468102
 20
-19.62003915297752
 30
0.0
  0
SEQEND
  5
5E0
330
5DD
100
AcDbEntity
  8
0
  0
POLYLINE
  5
5E4
330
70
100
AcDbEntity
  8
0
100
AcDb2dPolyline
 66
     1
 10
0.0
 20
0.0
 30
0.0
 70
     1
  0
VERTEX
  5
5E5
330
5E4
100
AcDbEntity
  8
0
100
AcDbVertex
100
AcDb2dVertex
 10
3.052721839958177
 20
-19.62003915297751
 30
0.0
  0
VERTEX
  5
5E6
330
5E4
100
AcDbEntity
  8
0
100
AcDbVertex
100
AcDb2dVertex
 10
3.052721839958171
 20
-20.8517624395197
 30
0.0
  0
VERTEX
  5
5E8
330
5E4
100
AcDbEntity
  8
0
100
AcDbVertex
100
AcDb2dVertex
 10
2.868648725594153
 20
-20.99471283684496
 30
0.0
  0
VERTEX
  5
5E9
330
5E4
100
AcDbEntity
  8
0
100
AcDbVertex
100
AcDb2dVertex
 10
2.704157857439076
 20
-20.8537206641406
 30
0.0
  0
VERTEX
  5
5EA
330
5E4
100
AcDbEntity
  8
0
100
AcDbVertex
100
AcDb2dVertex
 10
2.704157857439082
 20
-19.62003915297751
 30
0.0
  0
SEQEND
  5
5E7
330
5E4
100
AcDbEntity
  8
0
  0
POLYLINE
  5
5EB
330
70
100
AcDbEntity
  8
0
100
AcDb2dPolyline
 66
     1
 10
0.0
 20
0.0
 30
0.0
 70
     1
  0
VERTEX
  5
5EC
330
5EB
100
AcDbEntity
  8
0
100
AcDbVertex
100
AcDb2dVertex
 10
2.866690500973255
 20
-21.82108362686214
 30
0.0
  0
VERTEX
  5
5ED
330
5EB
100
AcDbEntity
  8
0
100
AcDbVertex
100
AcDb2dVertex
 10
3.34841375771313
 20
-21.50189301365645
 30
0.0
  0
VERTEX
  5
5EF
330
5EB
100
AcDbEntity
  8
0
100
AcDbVertex
100
AcDb2dVertex
 10
3.830137014453001
 20
-21.82108362686214
 30
0.0
  0
VERTEX
  5
5F0
330
5EB
100
AcDbEntity
  8
0
100
AcDbVertex
100
AcDb2dVertex
 10
4.634967333640353
 20
-21.29236297922082
 30
0.0
  0
VERTEX
  5
5F1
330
5EB
100
AcDbEntity
  8
0
100
AcDbVertex
100
AcDb2dVertex
 10
4.634967333640366
 20
-18.85828977544983
 30
0.0
  0
VERTEX
  5
5F2
330
5EB
100
AcDbEntity
  8
0
100
AcDbVertex
100
AcDb2dVertex
 10
2.061860181785923
 20
-18.85828977544982
 30
0.0
  0
VERTEX
  5
5F3
330
5EB
100
AcDbEntity
  8
0
100
AcDbVertex
100
AcDb2dVertex
 10
2.061860181785909
 20
-21.2923629792208
 30
0.0
  0
SEQEND
  5
5EE
330
5EB
100
AcDbEntity
  8
0
  0
POLYLINE
  5
5F4
330
70
100
AcDbEntity
  8
0
100
AcDb2dPolyline
 66
     1
 10
0.0
 20
0.0
 30
0.0
 70
     1
  0
VERTEX
  5
5F5
330
5F4
100
AcDbEntity
  8
0
100
AcDbVertex
100
AcDb2dVertex
 10
2.073609529511264
 20
-22.73949097406132
 30
0.0
  0
VERTEX
  5
5F6
330
5F4
100
AcDbEntity
  8
0
100
AcDbVertex
100
AcDb2dVertex
 10
2.710032531301747
 20
-22.73949097406132
 30
0.0
  0
VERTEX
  5
5F8
330
5F4
100
AcDbEntity
  8
0
100
AcDbVertex
100
AcDb2dVertex
 10
2.71003253130175
 20
-22.15594003703497
 30
0.0
  0
VERTEX
  5
5F9
330
5F4
100
AcDbEntity
  8
0
100
AcDbVertex
100
AcDb2dVertex
 10
2.073609529511267
 20
-22.15594003703497
 30
0.0
  0
SEQEND
  5
5F7
330
5F4
100
AcDbEntity
  8
0
  0
POLYLINE
  5
5FA
330
70
100
AcDbEntity
  8
0
100
AcDb2dPolyline
 66
     1
 10
0.0
 20
0.0
 30
0.0
 70
     1
  0
VERTEX
  5
5FB
330
5FA
100
AcDbEntity
  8
0
100
AcDbVertex
100
AcDb2dVertex
 10
3.998544331849829
 20
-28.68074447385309
 30
0.0
  0
VERTEX
  5
5FC
330
5FA
100
AcDbEntity
  8
0
100
AcDbVertex
100
AcDb2dVertex
 10
3.998544331849821
 20
-30.12395601945181
 30
0.0
  0
VERTEX
  5
5FE
330
5FA
100
AcDbEntity
  8
0
100
AcDbVertex
100
AcDb2dVertex
 10
2.70219963281813
 20
-30.1239560194518
 30
0.0
  0
VERTEX
  5
5FF
330
5FA
100
AcDbEntity
  8
0
100
AcDbVertex
100
AcDb2dVertex
 10
2.702199632818139
 20
-28.68074447385308
 30
0.0
  0
SEQEND
  5
5FD
330
5FA
100
AcDbEntity
  8
0
  0
POLYLINE
  5
600
330
70
100
AcDbEntity
  8
0
100
AcDb2dPolyline
 66
     1
 10
0.0
 20
0.0
 30
0.0
 70
     1
  0
VERTEX
  5
601
330
600
100
AcDbEntity
  8
0
100
AcDbVertex
100
AcDb2dVertex
 10
2.657160466537569
 20
-30.88570539697949
 30
0.0
  0
VERTEX
  5
602
330
600
100
AcDbEntity
  8
0
100
AcDbVertex
100
AcDb2dVertex
 10
4.043583498130375
 20
-30.88570539697951
 30
0.0
  0
VERTEX
  5
604
330
600
100
AcDbEntity
  8
0
100
AcDbVertex
100
AcDb2dVertex
 10
4.634967333640302
 20
-30.3530683000964
 30
0.0
  0
VERTEX
  5
605
330
600
100
AcDbEntity
  8
0
100
AcDbVertex
100
AcDb2dVertex
 10
4.634967333640313
 20
-28.45163219320852
 30
0.0
  0
VERTEX
  5
606
330
600
100
AcDbEntity
  8
0
100
AcDbVertex
100
AcDb2dVertex
 10
4.043583498130391
 20
-27.9189950963254
 30
0.0
  0
VERTEX
  5
607
330
600
100
AcDbEntity
  8
0
100
AcDbVertex
100
AcDb2dVertex
 10
2.657160466537585
 20
-27.9189950963254
 30
0.0
  0
VERTEX
  5
608
330
600
100
AcDbEntity
  8
0
100
AcDbVertex
100
AcDb2dVertex
 10
2.065776631027657
 20
-28.45163219320851
 30
0.0
  0
VERTEX
  5
609
330
600
100
AcDbEntity
  8
0
100
AcDbVertex
100
AcDb2dVertex
 10
2.065776631027647
 20
-30.35306830009638
 30
0.0
  0
SEQEND
  5
603
330
600
100
AcDbEntity
  8
0
  0
POLYLINE
  5
60A
330
70
100
AcDbEntity
  8
0
100
AcDb2dPolyline
 66
     1
 10
0.0
 20
0.0
 30
0.0
 70
     1
  0
VERTEX
  5
60B
330
60A
100
AcDbEntity
  8
0
100
AcDbVertex
100
AcDb2dVertex
 10
3.998544331849811
 20
-31.98818585854271
 30
0.0
  0
VERTEX
  5
60C
330
60A
100
AcDbEntity
  8
0
100
AcDbVertex
100
AcDb2dVertex
 10
3.998544331849804
 20
-33.2199091450849
 30
0.0
  0
VERTEX
  5
60E
330
60A
100
AcDbEntity
  8
0
100
AcDbVertex
100
AcDb2dVertex
 10
3.779223174309698
 20
-33.3804835639982
 30
0.0
  0
VERTEX
  5
60F
330
60A
100
AcDbEntity
  8
0
100
AcDbVertex
100
AcDb2dVertex
 10
3.546194444423337
 20
-33.2199091450849
 30
0.0
  0
VERTEX
  5
610
330
60A
100
AcDbEntity
  8
0
100
AcDbVertex
100
AcDb2dVertex
 10
3.546194444423345
 20
-31.98818585854271
 30
0.0
  0
SEQEND
  5
60D
330
60A
100
AcDbEntity
  8
0
  0
POLYLINE
  5
611
330
70
100
AcDbEntity
  8
0
100
AcDb2dPolyline
 66
     1
 10
0.0
 20
0.0
 30
0.0
 70
     1
  0
VERTEX
  5
612
330
611
100
AcDbEntity
  8
0
100
AcDbVertex
100
AcDb2dVertex
 10
1.634967214430991
 20
-34.15985696311391
 30
0.0
  0
VERTEX
  5
613
330
611
100
AcDbEntity
  8
0
100
AcDbVertex
100
AcDb2dVertex
 10
2.835358907038886
 20
-34.15985696311392
 30
0.0
  0
VERTEX
  5
615
330
611
100
AcDbEntity
  8
0
100
AcDbVertex
100
AcDb2dVertex
 10
3.25441897591016
 20
-33.77212848817695
 30
0.0
  0
VERTEX
  5
616
330
611
100
AcDbEntity
  8
0
100
AcDbVertex
100
AcDb2dVertex
 10
3.828178789832039
 20
-34.15985696311393
 30
0.0
  0
VERTEX
  5
617
330
611
100
AcDbEntity
  8
0
100
AcDbVertex
100
AcDb2dVertex
 10
4.634967333640283
 20
-33.6311363154726
 30
0.0
  0
VERTEX
  5
618
330
611
100
AcDbEntity
  8
0
100
AcDbVertex
100
AcDb2dVertex
 10
4.634967333640297
 20
-31.22643648101502
 30
0.0
  0
VERTEX
  5
619
330
611
100
AcDbEntity
  8
0
100
AcDbVertex
100
AcDb2dVertex
 10
2.065776631027642
 20
-31.22643648101501
 30
0.0
  0
VERTEX
  5
61A
330
611
100
AcDbEntity
  8
0
100
AcDbVertex
100
AcDb2dVertex
 10
2.065776631027637
 20
-31.9881858585427
 30
0.0
  0
VERTEX
  5
61B
330
611
100
AcDbEntity
  8
0
100
AcDbVertex
100
AcDb2dVertex
 10
2.896063870286606
 20
-31.9881858585427
 30
0.0
  0
VERTEX
  5
61C
330
611
100
AcDbEntity
  8
0
100
AcDbVertex
100
AcDb2dVertex
 10
2.896063870286598
 20
-33.21599269584311
 30
0.0
  0
VERTEX
  5
61D
330
611
100
AcDbEntity
  8
0
100
AcDbVertex
100
AcDb2dVertex
 10
2.696324958955431
 20
-33.39810758558623
 30
0.0
  0
VERTEX
  5
61E
330
611
100
AcDbEntity
  8
0
100
AcDbVertex
100
AcDb2dVertex
 10
2.083400652615674
 20
-33.39810758558623
 30
0.0
  0
SEQEND
  5
614
330
611
100
AcDbEntity
  8
0
  0
POLYLINE
  5
61F
330
70
100
AcDbEntity
  8
0
100
AcDb2dPolyline
 66
     1
 10
0.0
 20
0.0
 30
0.0
 70
     1
  0
VERTEX
  5
620
330
61F
100
AcDbEntity
  8
0
100
AcDbVertex
100
AcDb2dVertex
 10
4.634967333640264
 20
-37.28518345806042
 30
0.0
  0
VERTEX
  5
621
330
61F
100
AcDbEntity
  8
0
100
AcDbVertex
100
AcDb2dVertex
 10
4.634967333640275
 20
-35.05672383948328
 30
0.0
  0
VERTEX
  5
623
330
61F
100
AcDbEntity
  8
0
100
AcDbVertex
100
AcDb2dVertex
 10
4.04162527350946
 20
-34.52408674260017
 30
0.0
  0
VERTEX
  5
624
330
61F
100
AcDbEntity
  8
0
100
AcDbVertex
100
AcDb2dVertex
 10
2.645411118812186
 20
-34.52408674260016
 30
0.0
  0
VERTEX
  5
625
330
61F
100
AcDbEntity
  8
0
100
AcDbVertex
100
AcDb2dVertex
 10
2.061860181785833
 20
-35.05672383948327
 30
0.0
  0
VERTEX
  5
626
330
61F
100
AcDbEntity
  8
0
100
AcDbVertex
100
AcDb2dVertex
 10
2.061860181785824
 20
-36.68205027482512
 30
0.0
  0
VERTEX
  5
627
330
61F
100
AcDbEntity
  8
0
100
AcDbVertex
100
AcDb2dVertex
 10
2.647369343433065
 20
-37.20685447322466
 30
0.0
  0
VERTEX
  5
628
330
61F
100
AcDbEntity
  8
0
100
AcDbVertex
100
AcDb2dVertex
 10
3.644105675468005
 20
-37.20685447322466
 30
0.0
  0
VERTEX
  5
629
330
61F
100
AcDbEntity
  8
0
100
AcDbVertex
100
AcDb2dVertex
 10
3.644105675468014
 20
-35.52669774849779
 30
0.0
  0
VERTEX
  5
62A
330
61F
100
AcDbEntity
  8
0
100
AcDbVertex
100
AcDb2dVertex
 10
3.052721839958087
 20
-36.00450455599587
 30
0.0
  0
VERTEX
  5
62B
330
61F
100
AcDbEntity
  8
0
100
AcDbVertex
100
AcDb2dVertex
 10
3.052721839958084
 20
-36.44510509569698
 30
0.0
  0
VERTEX
  5
62C
330
61F
100
AcDbEntity
  8
0
100
AcDbVertex
100
AcDb2dVertex
 10
2.704157857438989
 20
-36.44510509569698
 30
0.0
  0
VERTEX
  5
62D
330
61F
100
AcDbEntity
  8
0
100
AcDbVertex
100
AcDb2dVertex
 10
2.704157857438996
 20
-35.28583612012785
 30
0.0
  0
VERTEX
  5
62E
330
61F
100
AcDbEntity
  8
0
100
AcDbVertex
100
AcDb2dVertex
 10
3.992669657987111
 20
-35.28583612012786
 30
0.0
  0
VERTEX
  5
62F
330
61F
100
AcDbEntity
  8
0
100
AcDbVertex
100
AcDb2dVertex
 10
3.992669657987103
 20
-36.76429570890267
 30
0.0
  0
SEQEND
  5
622
330
61F
100
AcDbEntity
  8
0
  0
POLYLINE
  5
630
330
70
100
AcDbEntity
  8
0
100
AcDb2dPolyline
 66
     1
 10
0.0
 20
0.0
 30
0.0
 70
     1
  0
VERTEX
  5
631
330
630
100
AcDbEntity
  8
0
100
AcDbVertex
100
AcDb2dVertex
 10
-37.19774630084138
 20
-3.5116845178878
 30
0.0
  0
VERTEX
  5
632
330
630
100
AcDbEntity
  8
0
100
AcDbVertex
100
AcDb2dVertex
 10
-37.19774630084138
 20
-5.579569580601022
 30
0.0
  0
VERTEX
  5
634
330
630
100
AcDbEntity
  8
0
100
AcDbVertex
100
AcDb2dVertex
 10
-37.52672801536394
 20
-5.846867223650602
 30
0.0
  0
VERTEX
  5
635
330
630
100
AcDbEntity
  8
0
100
AcDbVertex
100
AcDb2dVertex
 10
-37.87627108704415
 20
-5.576632243864216
 30
0.0
  0
VERTEX
  5
636
330
630
100
AcDbEntity
  8
0
100
AcDbVertex
100
AcDb2dVertex
 10
-37.87627108704415
 20
-3.5116845178878
 30
0.0
  0
SEQEND
  5
633
330
630
100
AcDbEntity
  8
0
  0
POLYLINE
  5
637
330
70
100
AcDbEntity
  8
0
100
AcDb2dPolyline
 66
     1
 10
0.0
 20
0.0
 30
0.0
 70
     1
  0
VERTEX
  5
638
330
637
100
AcDbEntity
  8
0
100
AcDbVertex
100
AcDb2dVertex
 10
-40.09689766007141
 20
-7.133420714372751
 30
0.0
  0
VERTEX
  5
639
330
637
100
AcDbEntity
  8
0
100
AcDbVertex
100
AcDb2dVertex
 10
-38.93958698576886
 20
-7.133420714372751
 30
0.0
  0
VERTEX
  5
63B
330
637
100
AcDbEntity
  8
0
100
AcDbVertex
100
AcDb2dVertex
 10
-38.31393426082863
 20
-6.487206632274866
 30
0.0
  0
VERTEX
  5
63C
330
637
100
AcDbEntity
  8
0
100
AcDbVertex
100
AcDb2dVertex
 10
-37.45329459694372
 20
-7.133420714372751
 30
0.0
  0
VERTEX
  5
63D
330
637
100
AcDbEntity
  8
0
100
AcDbVertex
100
AcDb2dVertex
 10
-36.24311186137859
 20
-6.252219693330185
 30
0.0
  0
VERTEX
  5
63E
330
637
100
AcDbEntity
  8
0
100
AcDbVertex
100
AcDb2dVertex
 10
-36.24311186137859
 20
-2.257441731270546
 30
0.0
  0
VERTEX
  5
63F
330
637
100
AcDbEntity
  8
0
100
AcDbVertex
100
AcDb2dVertex
 10
-40.7431117421693
 20
-2.257441731270546
 30
0.0
  0
VERTEX
  5
640
330
637
100
AcDbEntity
  8
0
100
AcDbVertex
100
AcDb2dVertex
 10
-40.07046162944014
 20
-3.5116845178878
 30
0.0
  0
VERTEX
  5
641
330
637
100
AcDbEntity
  8
0
100
AcDbVertex
100
AcDb2dVertex
 10
-38.8514668836646
 20
-3.5116845178878
 30
0.0
  0
VERTEX
  5
642
330
637
100
AcDbEntity
  8
0
100
AcDbVertex
100
AcDb2dVertex
 10
-38.8514668836646
 20
-5.570757570390596
 30
0.0
  0
VERTEX
  5
643
330
637
100
AcDbEntity
  8
0
100
AcDbVertex
100
AcDb2dVertex
 10
-39.15107523081907
 20
-5.879177927755496
 30
0.0
  0
VERTEX
  5
644
330
637
100
AcDbEntity
  8
0
100
AcDbVertex
100
AcDb2dVertex
 10
-40.09689766007141
 20
-5.879177927755496
 30
0.0
  0
SEQEND
  5
63A
330
637
100
AcDbEntity
  8
0
  0
POLYLINE
  5
645
330
70
100
AcDbEntity
  8
0
100
AcDb2dPolyline
 66
     1
 10
0.0
 20
0.0
 30
0.0
 70
     1
  0
VERTEX
  5
646
330
645
100
AcDbEntity
  8
0
100
AcDbVertex
100
AcDb2dVertex
 10
-37.19774630084138
 20
-9.007441552456612
 30
0.0
  0
VERTEX
  5
647
330
645
100
AcDbEntity
  8
0
100
AcDbVertex
100
AcDb2dVertex
 10
-37.19774630084138
 20
-11.43074436032367
 30
0.0
  0
VERTEX
  5
649
330
645
100
AcDbEntity
  8
0
100
AcDbVertex
100
AcDb2dVertex
 10
-39.14226322060864
 20
-11.43074436032367
 30
0.0
  0
VERTEX
  5
64A
330
645
100
AcDbEntity
  8
0
100
AcDbVertex
100
AcDb2dVertex
 10
-39.14226322060864
 20
-9.007441552456612
 30
0.0
  0
SEQEND
  5
648
330
645
100
AcDbEntity
  8
0
  0
POLYLINE
  5
64B
330
70
100
AcDbEntity
  8
0
100
AcDb2dPolyline
 66
     1
 10
0.0
 20
0.0
 30
0.0
 70
     1
  0
VERTEX
  5
64C
330
64B
100
AcDbEntity
  8
0
100
AcDbVertex
100
AcDb2dVertex
 10
-39.21275930229205
 20
-12.68498714694092
 30
0.0
  0
VERTEX
  5
64D
330
64B
100
AcDbEntity
  8
0
100
AcDbVertex
100
AcDb2dVertex
 10
-37.12725021915797
 20
-12.68498714694092
 30
0.0
  0
VERTEX
  5
64F
330
64B
100
AcDbEntity
  8
0
100
AcDbVertex
100
AcDb2dVertex
 10
-36.2431118613786
 20
-11.80084878916155
 30
0.0
  0
VERTEX
  5
650
330
64B
100
AcDbEntity
  8
0
100
AcDbVertex
100
AcDb2dVertex
 10
-36.2431118613786
 20
-8.637337123618733
 30
0.0
  0
VERTEX
  5
651
330
64B
100
AcDbEntity
  8
0
100
AcDbVertex
100
AcDb2dVertex
 10
-37.12725021915797
 20
-7.753198765839357
 30
0.0
  0
VERTEX
  5
652
330
64B
100
AcDbEntity
  8
0
100
AcDbVertex
100
AcDb2dVertex
 10
-39.21275930229205
 20
-7.753198765839357
 30
0.0
  0
VERTEX
  5
653
330
64B
100
AcDbEntity
  8
0
100
AcDbVertex
100
AcDb2dVertex
 10
-40.09689766007142
 20
-8.637337123618733
 30
0.0
  0
VERTEX
  5
654
330
64B
100
AcDbEntity
  8
0
100
AcDbVertex
100
AcDb2dVertex
 10
-40.09689766007142
 20
-11.80084878916155
 30
0.0
  0
SEQEND
  5
64E
330
64B
100
AcDbEntity
  8
0
  0
POLYLINE
  5
655
330
70
100
AcDbEntity
  8
0
100
AcDb2dPolyline
 66
     1
 10
0.0
 20
0.0
 30
0.0
 70
     1
  0
VERTEX
  5
656
330
655
100
AcDbEntity
  8
0
100
AcDbVertex
100
AcDb2dVertex
 10
-38.61647994471992
 20
-14.52375994418308
 30
0.0
  0
VERTEX
  5
657
330
655
100
AcDbEntity
  8
0
100
AcDbVertex
100
AcDb2dVertex
 10
-38.61647994471992
 20
-16.5916450068963
 30
0.0
  0
VERTEX
  5
659
330
655
100
AcDbEntity
  8
0
100
AcDbVertex
100
AcDb2dVertex
 10
-38.89258959797992
 20
-16.83250661931461
 30
0.0
  0
VERTEX
  5
65A
330
655
100
AcDbEntity
  8
0
100
AcDbVertex
100
AcDb2dVertex
 10
-39.14226322060864
 20
-16.59458234363311
 30
0.0
  0
VERTEX
  5
65B
330
655
100
AcDbEntity
  8
0
100
AcDbVertex
100
AcDb2dVertex
 10
-39.14226322060864
 20
-14.52375994418308
 30
0.0
  0
SEQEND
  5
658
330
655
100
AcDbEntity
  8
0
  0
POLYLINE
  5
65C
330
70
100
AcDbEntity
  8
0
100
AcDb2dPolyline
 66
     1
 10
0.0
 20
0.0
 30
0.0
 70
     1
  0
VERTEX
  5
65D
330
65C
100
AcDbEntity
  8
0
100
AcDbVertex
100
AcDb2dVertex
 10
-37.20362097431499
 20
-14.52375994418308
 30
0.0
  0
VERTEX
  5
65E
330
65C
100
AcDbEntity
  8
0
100
AcDbVertex
100
AcDb2dVertex
 10
-37.20362097431499
 20
-16.59458234363311
 30
0.0
  0
VERTEX
  5
660
330
65C
100
AcDbEntity
  8
0
100
AcDbVertex
100
AcDb2dVertex
 10
-37.45329459694372
 20
-16.83250661931461
 30
0.0
  0
VERTEX
  5
661
330
65C
100
AcDbEntity
  8
0
100
AcDbVertex
100
AcDb2dVertex
 10
-37.73234158694054
 20
-16.5916450068963
 30
0.0
  0
VERTEX
  5
662
330
65C
100
AcDbEntity
  8
0
100
AcDbVertex
100
AcDb2dVertex
 10
-37.73234158694054
 20
-14.52375994418308
 30
0.0
  0
SEQEND
  5
65F
330
65C
100
AcDbEntity
  8
0
  0
POLYLINE
  5
663
330
70
100
AcDbEntity
  8
0
100
AcDb2dPolyline
 66
     1
 10
0.0
 20
0.0
 30
0.0
 70
     1
  0
VERTEX
  5
664
330
663
100
AcDbEntity
  8
0
100
AcDbVertex
100
AcDb2dVertex
 10
-38.89552693471673
 20
-18.19543086519378
 30
0.0
  0
VERTEX
  5
665
330
663
100
AcDbEntity
  8
0
100
AcDbVertex
100
AcDb2dVertex
 10
-38.17294209746182
 20
-17.66377291583143
 30
0.0
  0
VERTEX
  5
667
330
663
100
AcDbEntity
  8
0
100
AcDbVertex
100
AcDb2dVertex
 10
-37.45035726020692
 20
-18.19543086519378
 30
0.0
  0
VERTEX
  5
668
330
663
100
AcDbEntity
  8
0
100
AcDbVertex
100
AcDb2dVertex
 10
-36.2431118613786
 20
-17.31422984415121
 30
0.0
  0
VERTEX
  5
669
330
663
100
AcDbEntity
  8
0
100
AcDbVertex
100
AcDb2dVertex
 10
-36.2431118613786
 20
-13.26951715756583
 30
0.0
  0
VERTEX
  5
66A
330
663
100
AcDbEntity
  8
0
100
AcDbVertex
100
AcDb2dVertex
 10
-40.10277233354504
 20
-13.26951715756583
 30
0.0
  0
VERTEX
  5
66B
330
663
100
AcDbEntity
  8
0
100
AcDbVertex
100
AcDb2dVertex
 10
-40.10277233354504
 20
-17.31422984415121
 30
0.0
  0
SEQEND
  5
666
330
663
100
AcDbEntity
  8
0
  0
POLYLINE
  5
66C
330
70
100
AcDbEntity
  8
0
100
AcDb2dPolyline
 66
     1
 10
0.0
 20
0.0
 30
0.0
  0
VERTEX
  5
66D
330
66C
100
AcDbEntity
  8
0
100
AcDbVertex
100
AcDb2dVertex
 10
-72.6835410980273
 20
-66.19916947352486
 30
0.0
  0
VERTEX
  5
66E
330
66C
100
AcDbEntity
  8
0
100
AcDbVertex
100
AcDb2dVertex
 10
-72.50164740309185
 20
-67.13853828161615
 30
0.0
  0
VERTEX
  5
670
330
66C
100
AcDbEntity
  8
0
100
AcDbVertex
100
AcDb2dVertex
 10
-73.00746137667947
 20
-67.13853828161615
 30
0.0
  0
VERTEX
  5
671
330
66C
100
AcDbEntity
  8
0
100
AcDbVertex
100
AcDb2dVertex
 10
-72.82556768174401
 20
-66.19916947352486
 30
0.0
  0
SEQEND
  5
66F
330
66C
100
AcDbEntity
  8
0
  0
POLYLINE
  5
672
330
70
100
AcDbEntity
  8
0
100
AcDb2dPolyline
 66
     1
 10
0.0
 20
0.0
 30
0.0
 70
     1
  0
VERTEX
  5
673
330
672
100
AcDbEntity
  8
0
100
AcDbVertex
100
AcDb2dVertex
 10
-73.75247801757945
 20
-68.20000011781477
 30
0.0
  0
VERTEX
  5
674
330
672
100
AcDbEntity
  8
0
100
AcDbVertex
100
AcDb2dVertex
 10
-73.21925540502896
 20
-68.20000011781477
 30
0.0
  0
VERTEX
  5
676
330
672
100
AcDbEntity
  8
0
100
AcDbVertex
100
AcDb2dVertex
 10
-73.08719559911692
 20
-67.52973431044991
 30
0.0
  0
VERTEX
  5
677
330
672
100
AcDbEntity
  8
0
100
AcDbVertex
100
AcDb2dVertex
 10
-72.4219131806544
 20
-67.52973431044991
 30
0.0
  0
VERTEX
  5
678
330
672
100
AcDbEntity
  8
0
100
AcDbVertex
100
AcDb2dVertex
 10
-72.28985337474236
 20
-68.20000011781477
 30
0.0
  0
VERTEX
  5
679
330
672
100
AcDbEntity
  8
0
100
AcDbVertex
100
AcDb2dVertex
 10
-71.75663076219187
 20
-68.20000011781477
 30
0.0
  0
VERTEX
  5
67A
330
672
100
AcDbEntity
  8
0
100
AcDbVertex
100
AcDb2dVertex
 10
-72.45430520851961
 20
-65.19999999860548
 30
0.0
  0
VERTEX
  5
67B
330
672
100
AcDbEntity
  8
0
100
AcDbVertex
100
AcDb2dVertex
 10
-73.05480357125171
 20
-65.19999999860548
 30
0.0
  0
SEQEND
  5
675
330
672
100
AcDbEntity
  8
0
  0
POLYLINE
  5
67C
330
70
100
AcDbEntity
  8
0
100
AcDb2dPolyline
 66
     1
 10
0.0
 20
0.0
 30
0.0
  0
VERTEX
  5
67D
330
67C
100
AcDbEntity
  8
0
100
AcDbVertex
100
AcDb2dVertex
 10
-70.57307589788589
 20
-67.808804088981
 30
0.0
  0
VERTEX
  5
67E
330
67C
100
AcDbEntity
  8
0
100
AcDbVertex
100
AcDb2dVertex
 10
-70.78486992623537
 20
-67.808804088981
 30
0.0
  0
VERTEX
  5
680
330
67C
100
AcDbEntity
  8
0
100
AcDbVertex
100
AcDb2dVertex
 10
-70.78486992623537
 20
-65.59119602743925
 30
0.0
  0
VERTEX
  5
681
330
67C
100
AcDbEntity
  8
0
100
AcDbVertex
100
AcDb2dVertex
 10
-70.57307589788589
 20
-65.59119602743925
 30
0.0
  0
SEQEND
  5
67F
330
67C
100
AcDbEntity
  8
0
  0
POLYLINE
  5
682
330
70
100
AcDbEntity
  8
0
100
AcDb2dPolyline
 66
     1
 10
0.0
 20
0.0
 30
0.0
  0
VERTEX
  5
683
330
682
100
AcDbEntity
  8
0
100
AcDbVertex
100
AcDb2dVertex
 10
-70.57307589788589
 20
-65.19999999860548
 30
0.0
  0
VERTEX
  5
684
330
682
100
AcDbEntity
  8
0
100
AcDbVertex
100
AcDb2dVertex
 10
-71.30563406653002
 20
-65.19999999860548
 30
0.0
  0
VERTEX
  5
686
330
682
100
AcDbEntity
  8
0
100
AcDbVertex
100
AcDb2dVertex
 10
-71.30563406653002
 20
-68.20000011781477
 30
0.0
  0
VERTEX
  5
687
330
682
100
AcDbEntity
  8
0
100
AcDbVertex
100
AcDb2dVertex
 10
-70.57307589788589
 20
-68.20000011781477
 30
0.0
  0
SEQEND
  5
685
330
682
100
AcDbEntity
  8
0
  0
POLYLINE
  5
688
330
70
100
AcDbEntity
  8
0
100
AcDb2dPolyline
 66
     1
 10
0.0
 20
0.0
 30
0.0
 70
     1
  0
VERTEX
  5
689
330
688
100
AcDbEntity
  8
0
100
AcDbVertex
100
AcDb2dVertex
 10
-68.92357417121101
 20
-68.20000011781477
 30
0.0
  0
VERTEX
  5
68A
330
688
100
AcDbEntity
  8
0
100
AcDbVertex
100
AcDb2dVertex
 10
-67.16942127758698
 20
-68.20000011781477
 30
0.0
  0
VERTEX
  5
68C
330
688
100
AcDbEntity
  8
0
100
AcDbVertex
100
AcDb2dVertex
 10
-67.16942127758698
 20
-67.808804088981
 30
0.0
  0
VERTEX
  5
68D
330
688
100
AcDbEntity
  8
0
100
AcDbVertex
100
AcDb2dVertex
 10
-68.40281003091637
 20
-67.808804088981
 30
0.0
  0
VERTEX
  5
68E
330
688
100
AcDbEntity
  8
0
100
AcDbVertex
100
AcDb2dVertex
 10
-68.40281003091637
 20
-66.8370432530245
 30
0.0
  0
VERTEX
  5
68F
330
688
100
AcDbEntity
  8
0
100
AcDbVertex
100
AcDb2dVertex
 10
-67.43603258386221
 20
-66.8370432530245
 30
0.0
  0
VERTEX
  5
690
330
688
100
AcDbEntity
  8
0
100
AcDbVertex
100
AcDb2dVertex
 10
-67.43603258386221
 20
-66.44584722419074
 30
0.0
  0
VERTEX
  5
691
330
688
100
AcDbEntity
  8
0
100
AcDbVertex
100
AcDb2dVertex
 10
-68.40281003091637
 20
-66.44584722419074
 30
0.0
  0
VERTEX
  5
692
330
688
100
AcDbEntity
  8
0
100
AcDbVertex
100
AcDb2dVertex
 10
-68.40281003091637
 20
-65.59119602743925
 30
0.0
  0
VERTEX
  5
693
330
688
100
AcDbEntity
  8
0
100
AcDbVertex
100
AcDb2dVertex
 10
-67.16942127758698
 20
-65.59119602743925
 30
0.0
  0
VERTEX
  5
694
330
688
100
AcDbEntity
  8
0
100
AcDbVertex
100
AcDb2dVertex
 10
-67.16942127758698
 20
-65.19999999860548
 30
0.0
  0
VERTEX
  5
695
330
688
100
AcDbEntity
  8
0
100
AcDbVertex
100
AcDb2dVertex
 10
-68.92357417121101
 20
-65.19999999860548
 30
0.0
  0
SEQEND
  5
68B
330
688
100
AcDbEntity
  8
0
  0
POLYLINE
  5
696
330
70
100
AcDbEntity
  8
0
100
AcDb2dPolyline
 66
     1
 10
0.0
 20
0.0
 30
0.0
  0
VERTEX
  5
697
330
696
100
AcDbEntity
  8
0
100
AcDbVertex
100
AcDb2dVertex
 10
-60.58636453759449
 20
-67.35531569886797
 30
0.0
  0
VERTEX
  5
698
330
696
100
AcDbEntity
  8
0
100
AcDbVertex
100
AcDb2dVertex
 10
-61.3886901508714
 20
-65.19999999860548
 30
0.0
  0
VERTEX
  5
69A
330
696
100
AcDbEntity
  8
0
100
AcDbVertex
100
AcDb2dVertex
 10
-61.92689615232423
 20
-65.19999999860548
 30
0.0
  0
VERTEX
  5
69B
330
696
100
AcDbEntity
  8
0
100
AcDbVertex
100
AcDb2dVertex
 10
-61.92689615232423
 20
-68.20000011781477
 30
0.0
  0
VERTEX
  5
69C
330
696
100
AcDbEntity
  8
0
100
AcDbVertex
100
AcDb2dVertex
 10
-61.4061320120296
 20
-68.20000011781477
 30
0.0
  0
VERTEX
  5
69D
330
696
100
AcDbEntity
  8
0
100
AcDbVertex
100
AcDb2dVertex
 10
-61.4061320120296
 20
-66.99900339235059
 30
0.0
  0
SEQEND
  5
699
330
696
100
AcDbEntity
  8
0
  0
POLYLINE
  5
69E
330
70
100
AcDbEntity
  8
0
100
AcDb2dPolyline
 66
     1
 10
0.0
 20
0.0
 30
0.0
  0
VERTEX
  5
69F
330
69E
100
AcDbEntity
  8
0
100
AcDbVertex
100
AcDb2dVertex
 10
-61.47589945666236
 20
-66.04468441755229
 30
0.0
  0
VERTEX
  5
6A0
330
69E
100
AcDbEntity
  8
0
100
AcDbVertex
100
AcDb2dVertex
 10
-60.67357384338546
 20
-68.20000011781477
 30
0.0
  0
VERTEX
  5
6A2
330
69E
100
AcDbEntity
  8
0
100
AcDbVertex
100
AcDb2dVertex
 10
-60.13536784193263
 20
-68.20000011781477
 30
0.0
  0
VERTEX
  5
6A3
330
69E
100
AcDbEntity
  8
0
100
AcDbVertex
100
AcDb2dVertex
 10
-60.13536784193263
 20
-65.19999999860548
 30
0.0
  0
VERTEX
  5
6A4
330
69E
100
AcDbEntity
  8
0
100
AcDbVertex
100
AcDb2dVertex
 10
-60.65613198222727
 20
-65.19999999860548
 30
0.0
  0
VERTEX
  5
6A5
330
69E
100
AcDbEntity
  8
0
100
AcDbVertex
100
AcDb2dVertex
 10
-60.65613198222727
 20
-66.40099672406967
 30
0.0
  0
SEQEND
  5
6A1
330
69E
100
AcDbEntity
  8
0
  0
POLYLINE
  5
6A6
330
70
100
AcDbEntity
  8
0
100
AcDb2dPolyline
 66
     1
 10
0.0
 20
0.0
 30
0.0
  0
VERTEX
  5
6A7
330
6A6
100
AcDbEntity
  8
0
100
AcDbVertex
100
AcDb2dVertex
 10
-49.23669631251285
 20
-66.19916947352486
 30
0.0
  0
VERTEX
  5
6A8
330
6A6
100
AcDbEntity
  8
0
100
AcDbVertex
100
AcDb2dVertex
 10
-49.05480261757738
 20
-67.13853828161615
 30
0.0
  0
VERTEX
  5
6AA
330
6A6
100
AcDbEntity
  8
0
100
AcDbVertex
100
AcDb2dVertex
 10
-49.560616591165
 20
-67.13853828161615
 30
0.0
  0
VERTEX
  5
6AB
330
6A6
100
AcDbEntity
  8
0
100
AcDbVertex
100
AcDb2dVertex
 10
-49.37872289622955
 20
-66.19916947352486
 30
0.0
  0
SEQEND
  5
6A9
330
6A6
100
AcDbEntity
  8
0
  0
POLYLINE
  5
6AC
330
70
100
AcDbEntity
  8
0
100
AcDb2dPolyline
 66
     1
 10
0.0
 20
0.0
 30
0.0
 70
     1
  0
VERTEX
  5
6AD
330
6AC
100
AcDbEntity
  8
0
100
AcDbVertex
100
AcDb2dVertex
 10
-50.30563323206499
 20
-68.20000011781477
 30
0.0
  0
VERTEX
  5
6AE
330
6AC
100
AcDbEntity
  8
0
100
AcDbVertex
100
AcDb2dVertex
 10
-49.77241061951449
 20
-68.20000011781477
 30
0.0
  0
VERTEX
  5
6B0
330
6AC
100
AcDbEntity
  8
0
100
AcDbVertex
100
AcDb2dVertex
 10
-49.64035081360247
 20
-67.52973431044991
 30
0.0
  0
VERTEX
  5
6B1
330
6AC
100
AcDbEntity
  8
0
100
AcDbVertex
100
AcDb2dVertex
 10
-48.97506839513994
 20
-67.52973431044991
 30
0.0
  0
VERTEX
  5
6B2
330
6AC
100
AcDbEntity
  8
0
100
AcDbVertex
100
AcDb2dVertex
 10
-48.84300858922791
 20
-68.20000011781477
 30
0.0
  0
VERTEX
  5
6B3
330
6AC
100
AcDbEntity
  8
0
100
AcDbVertex
100
AcDb2dVertex
 10
-48.30978597667741
 20
-68.20000011781477
 30
0.0
  0
VERTEX
  5
6B4
330
6AC
100
AcDbEntity
  8
0
100
AcDbVertex
100
AcDb2dVertex
 10
-49.00746042300514
 20
-65.19999999860548
 30
0.0
  0
VERTEX
  5
6B5
330
6AC
100
AcDbEntity
  8
0
100
AcDbVertex
100
AcDb2dVertex
 10
-49.60795878573725
 20
-65.19999999860548
 30
0.0
  0
SEQEND
  5
6AF
330
6AC
100
AcDbEntity
  8
0
  0
POLYLINE
  5
6B6
330
70
100
AcDbEntity
  8
0
100
AcDb2dPolyline
 66
     1
 10
0.0
 20
0.0
 30
0.0
  0
VERTEX
  5
6B7
330
6B6
100
AcDbEntity
  8
0
100
AcDbVertex
100
AcDb2dVertex
 10
-46.51825766628582
 20
-67.35531569886797
 30
0.0
  0
VERTEX
  5
6B8
330
6B6
100
AcDbEntity
  8
0
100
AcDbVertex
100
AcDb2dVertex
 10
-47.32058327956273
 20
-65.19999999860548
 30
0.0
  0
VERTEX
  5
6BA
330
6B6
100
AcDbEntity
  8
0
100
AcDbVertex
100
AcDb2dVertex
 10
-47.85878928101555
 20
-65.19999999860548
 30
0.0
  0
VERTEX
  5
6BB
330
6B6
100
AcDbEntity
  8
0
100
AcDbVertex
100
AcDb2dVertex
 10
-47.85878928101555
 20
-68.20000011781477
 30
0.0
  0
VERTEX
  5
6BC
330
6B6
100
AcDbEntity
  8
0
100
AcDbVertex
100
AcDb2dVertex
 10
-47.33802514072091
 20
-68.20000011781477
 30
0.0
  0
VERTEX
  5
6BD
330
6B6
100
AcDbEntity
  8
0
100
AcDbVertex
100
AcDb2dVertex
 10
-47.33802514072091
 20
-66.99900339235059
 30
0.0
  0
SEQEND
  5
6B9
330
6B6
100
AcDbEntity
  8
0
  0
POLYLINE
  5
6BE
330
70
100
AcDbEntity
  8
0
100
AcDb2dPolyline
 66
     1
 10
0.0
 20
0.0
 30
0.0
  0
VERTEX
  5
6BF
330
6BE
100
AcDbEntity
  8
0
100
AcDbVertex
100
AcDb2dVertex
 10
-47.40779258535368
 20
-66.04468441755229
 30
0.0
  0
VERTEX
  5
6C0
330
6BE
100
AcDbEntity
  8
0
100
AcDbVertex
100
AcDb2dVertex
 10
-46.60546697207678
 20
-68.20000011781477
 30
0.0
  0
VERTEX
  5
6C2
330
6BE
100
AcDbEntity
  8
0
100
AcDbVertex
100
AcDb2dVertex
 10
-46.06726097062395
 20
-68.20000011781477
 30
0.0
  0
VERTEX
  5
6C3
330
6BE
100
AcDbEntity
  8
0
100
AcDbVertex
100
AcDb2dVertex
 10
-46.06726097062395
 20
-65.19999999860548
 30
0.0
  0
VERTEX
  5
6C4
330
6BE
100
AcDbEntity
  8
0
100
AcDbVertex
100
AcDb2dVertex
 10
-46.58802511091859
 20
-65.19999999860548
 30
0.0
  0
VERTEX
  5
6C5
330
6BE
100
AcDbEntity
  8
0
100
AcDbVertex
100
AcDb2dVertex
 10
-46.58802511091859
 20
-66.40099672406967
 30
0.0
  0
SEQEND
  5
6C1
330
6BE
100
AcDbEntity
  8
0
  0
POLYLINE
  5
6C6
330
70
100
AcDbEntity
  8
0
100
AcDb2dPolyline
 66
     1
 10
0.0
 20
0.0
 30
0.0
 70
     1
  0
VERTEX
  5
6C7
330
6C6
100
AcDbEntity
  8
0
100
AcDbVertex
100
AcDb2dVertex
 10
-16.28730594436684
 20
-42.10719998034466
 30
0.0
  0
VERTEX
  5
6C8
330
6C6
100
AcDbEntity
  8
0
100
AcDbVertex
100
AcDb2dVertex
 10
-21.48730594436685
 20
-42.10719998034466
 30
0.0
  0
VERTEX
  5
6CA
330
6C6
100
AcDbEntity
  8
0
100
AcDbVertex
100
AcDb2dVertex
 10
-21.48730594436685
 20
-47.30719998034466
 30
0.0
  0
VERTEX
  5
6CB
330
6C6
100
AcDbEntity
  8
0
100
AcDbVertex
100
AcDb2dVertex
 10
-16.28730594436684
 20
-47.30719998034466
 30
0.0
  0
SEQEND
  5
6C9
330
6C6
100
AcDbEntity
  8
0
  0
POLYLINE
  5
6CC
330
70
100
AcDbEntity
  8
0
100
AcDb2dPolyline
 66
     1
 10
0.0
 20
0.0
 30
0.0
 70
     1
  0
VERTEX
  5
6CD
330
6CC
100
AcDbEntity
  8
0
100
AcDbVertex
100
AcDb2dVertex
 10
-8.315488923317371
 20
5.809198213992461
 30
0.0
  0
VERTEX
  5
6CE
330
6CC
100
AcDbEntity
  8
0
100
AcDbVertex
100
AcDb2dVertex
 10
-13.51548892331737
 20
5.809198213992461
 30
0.0
  0
VERTEX
  5
6D0
330
6CC
100
AcDbEntity
  8
0
100
AcDbVertex
100
AcDb2dVertex
 10
-13.51548892331737
 20
0.6091982139924657
 30
0.0
  0
VERTEX
  5
6D1
330
6CC
100
AcDbEntity
  8
0
100
AcDbVertex
100
AcDb2dVertex
 10
-8.315488923317371
 20
0.6091982139924657
 30
0.0
  0
SEQEND
  5
6CF
330
6CC
100
AcDbEntity
  8
0
  0
POLYLINE
  5
6D2
330
70
100
AcDbEntity
  8
0
100
AcDb2dPolyline
 66
     1
 10
0.0
 20
0.0
 30
0.0
 70
     1
  0
VERTEX
  5
6D3
330
6D2
100
AcDbEntity
  8
0
100
AcDbVertex
100
AcDb2dVertex
 10
-42.03436994562887
 20
0.1999999999972668
 30
0.0
  0
VERTEX
  5
6D4
330
6D2
100
AcDbEntity
  8
0
100
AcDbVertex
100
AcDb2dVertex
 10
-56.23977436425765
 20
0.1999999999972668
 30
0.0
 42
0.4142135623730951
  0
VERTEX
  5
6D6
330
6D2
100
AcDbEntity
  8
0
100
AcDbVertex
100
AcDb2dVertex
 10
-56.73977436425765
 20
-0.3000000000027336
 30
0.0
  0
VERTEX
  5
6D7
330
6D2
100
AcDbEntity
  8
0
100
AcDbVertex
100
AcDb2dVertex
 10
-56.73977436425765
 20
-38.10000000000338
 30
0.0
 42
0.4142135623730951
  0
VERTEX
  5
6D8
330
6D2
100
AcDbEntity
  8
0
100
AcDbVertex
100
AcDb2dVertex
 10
-56.23977436425765
 20
-38.60000000000338
 30
0.0
  0
VERTEX
  5
6D9
330
6D2
100
AcDbEntity
  8
0
100
AcDbVertex
100
AcDb2dVertex
 10
-42.03436994562887
 20
-38.60000000000338
 30
0.0
 42
0.4142135623730977
  0
VERTEX
  5
6DA
330
6D2
100
AcDbEntity
  8
0
100
AcDbVertex
100
AcDb2dVertex
 10
-41.53436994562887
 20
-38.10000000000337
 30
0.0
  0
VERTEX
  5
6DB
330
6D2
100
AcDbEntity
  8
0
100
AcDbVertex
100
AcDb2dVertex
 10
-41.53436994562887
 20
-0.3000000000027336
 30
0.0
 42
0.4142135623730951
  0
SEQEND
  5
6D5
330
6D2
100
AcDbEntity
  8
0
  0
POLYLINE
  5
6DC
330
70
100
AcDbEntity
  8
0
100
AcDb2dPolyline
 66
     1
 10
0.0
 20
0.0
 30
0.0
 70
     1
  0
VERTEX
  5
6DD
330
6DC
100
AcDbEntity
  8
0
100
AcDbVertex
100
AcDb2dVertex
 10
-1.097297790674072
 20
0.199999999997289
 30
0.0
  0
VERTEX
  5
6DE
330
6DC
100
AcDbEntity
  8
0
100
AcDbVertex
100
AcDb2dVertex
 10
-15.30270220932093
 20
0.199999999997289
 30
0.0
 42
0.4142135623730951
  0
VERTEX
  5
6E0
330
6DC
100
AcDbEntity
  8
0
100
AcDbVertex
100
AcDb2dVertex
 10
-15.80270220932094
 20
-0.3000000000027114
 30
0.0
  0
VERTEX
  5
6E1
330
6DC
100
AcDbEntity
  8
0
100
AcDbVertex
100
AcDb2dVertex
 10
-15.80270220932093
 20
-38.10000000000233
 30
0.0
 42
0.4142135623730951
  0
VERTEX
  5
6E2
330
6DC
100
AcDbEntity
  8
0
100
AcDbVertex
100
AcDb2dVertex
 10
-15.30270220932093
 20
-38.60000000000233
 30
0.0
  0
VERTEX
  5
6E3
330
6DC
100
AcDbEntity
  8
0
100
AcDbVertex
100
AcDb2dVertex
 10
-1.097297790674067
 20
-38.60000000000233
 30
0.0
 42
0.4142135623730926
  0
VERTEX
  5
6E4
330
6DC
100
AcDbEntity
  8
0
100
AcDbVertex
100
AcDb2dVertex
 10
-0.5972977906740686
 20
-38.10000000000233
 30
0.0
  0
VERTEX
  5
6E5
330
6DC
100
AcDbEntity
  8
0
100
AcDbVertex
100
AcDb2dVertex
 10
-0.5972977906740709
 20
-0.3000000000027114
 30
0.0
 42
0.4142135623730951
  0
SEQEND
  5
6DF
330
6DC
100
AcDbEntity
  8
0
  0
POLYLINE
  5
6E6
330
70
100
AcDbEntity
  8
0
100
AcDb2dPolyline
 66
     1
 10
0.0
 20
0.0
 30
0.0
 70
     1
  0
VERTEX
  5
6E7
330
6E6
100
AcDbEntity
  8
0
100
AcDbVertex
100
AcDb2dVertex
 10
-44.4925555744002
 20
3.774999810687785
 30
0.0
 42
0.3985651338417774
  0
VERTEX
  5
6E8
330
6E6
100
AcDbEntity
  8
0
100
AcDbVertex
100
AcDb2dVertex
 10
-43.9932768894961
 20
4.24815218881127
 30
0.0
 42
-0.398565133841777
  0
VERTEX
  5
6EA
330
6E6
100
AcDbEntity
  8
0
100
AcDbVertex
100
AcDb2dVertex
 10
-43.49399820459198
 20
4.721304566934755
 30
0.0
  0
VERTEX
  5
6EB
330
6E6
100
AcDbEntity
  8
0
100
AcDbVertex
100
AcDb2dVertex
 10
-38.2689982019603
 20
4.721304566934757
 30
0.0
 42
0.4142135623730951
  0
VERTEX
  5
6EC
330
6E6
100
AcDbEntity
  8
0
100
AcDbVertex
100
AcDb2dVertex
 10
-37.7689982019603
 20
5.221304566934757
 30
0.0
  0
VERTEX
  5
6ED
330
6E6
100
AcDbEntity
  8
0
100
AcDbVertex
100
AcDb2dVertex
 10
-37.7689982019603
 20
7.178701453008743
 30
0.0
 42
0.4142135623730951
  0
VERTEX
  5
6EE
330
6E6
100
AcDbEntity
  8
0
100
AcDbVertex
100
AcDb2dVertex
 10
-38.2689982019603
 20
7.678701453008743
 30
0.0
  0
VERTEX
  5
6EF
330
6E6
100
AcDbEntity
  8
0
100
AcDbVertex
100
AcDb2dVertex
 10
-43.49399820459197
 20
7.678701453008743
 30
0.0
 42
-0.4142135623730951
  0
VERTEX
  5
6F0
330
6E6
100
AcDbEntity
  8
0
100
AcDbVertex
100
AcDb2dVertex
 10
-43.99399820459197
 20
8.178701453008743
 30
0.0
  0
VERTEX
  5
6F1
330
6E6
100
AcDbEntity
  8
0
100
AcDbVertex
100
AcDb2dVertex
 10
-43.99399820459198
 20
9.274999810687786
 30
0.0
 42
0.4142135623730951
  0
VERTEX
  5
6F2
330
6E6
100
AcDbEntity
  8
0
100
AcDbVertex
100
AcDb2dVertex
 10
-44.49399820459198
 20
9.774999810687786
 30
0.0
  0
VERTEX
  5
6F3
330
6E6
100
AcDbEntity
  8
0
100
AcDbVertex
100
AcDb2dVertex
 10
-49.49399820459198
 20
9.774999810687786
 30
0.0
 42
0.4142135623730944
  0
VERTEX
  5
6F4
330
6E6
100
AcDbEntity
  8
0
100
AcDbVertex
100
AcDb2dVertex
 10
-49.99399820459196
 20
9.274999810687788
 30
0.0
  0
VERTEX
  5
6F5
330
6E6
100
AcDbEntity
  8
0
100
AcDbVertex
100
AcDb2dVertex
 10
-49.99399820459197
 20
4.274999810687784
 30
0.0
 42
0.4142135623730951
  0
VERTEX
  5
6F6
330
6E6
100
AcDbEntity
  8
0
100
AcDbVertex
100
AcDb2dVertex
 10
-49.49399820459198
 20
3.774999810687785
 30
0.0
  0
SEQEND
  5
6E9
330
6E6
100
AcDbEntity
  8
0
  0
POLYLINE
  5
6F7
330
70
100
AcDbEntity
  8
0
100
AcDb2dPolyline
 66
     1
 10
0.0
 20
0.0
 30
0.0
 70
     1
  0
VERTEX
  5
6F8
330
6F7
100
AcDbEntity
  8
0
100
AcDbVertex
100
AcDb2dVertex
 10
-41.33707215494631
 20
-68.7000000000024
 30
0.0
 42
-0.4142135623731315
  0
VERTEX
  5
6F9
330
6F7
100
AcDbEntity
  8
0
100
AcDbVertex
100
AcDb2dVertex
 10
-41.83707215494631
 20
-69.20000000000246
 30
0.0
  0
VERTEX
  5
6FB
330
6F7
100
AcDbEntity
  8
0
100
AcDbVertex
100
AcDb2dVertex
 10
-78.38050803304352
 20
-69.20000000000247
 30
0.0
  0
VERTEX
  5
6FC
330
6F7
100
AcDbEntity
  8
0
100
AcDbVertex
100
AcDb2dVertex
 10
-78.38050803304358
 20
30.79999999999753
 30
0.0
  0
VERTEX
  5
6FD
330
6F7
100
AcDbEntity
  8
0
100
AcDbVertex
100
AcDb2dVertex
 10
-41.83707215494624
 20
30.79999999999753
 30
0.0
 42
-0.4142135623730951
  0
VERTEX
  5
6FE
330
6F7
100
AcDbEntity
  8
0
100
AcDbVertex
100
AcDb2dVertex
 10
-41.33707215494625
 20
30.29999999999752
 30
0.0
  0
VERTEX
  5
6FF
330
6F7
100
AcDbEntity
  8
0
100
AcDbVertex
100
AcDb2dVertex
 10
-41.33707215494625
 20
11.29999999999747
 30
0.0
  0
VERTEX
  5
700
330
6F7
100
AcDbEntity
  8
0
100
AcDbVertex
100
AcDb2dVertex
 10
-13.00000000000205
 20
11.29999999999747
 30
0.0
  0
VERTEX
  5
701
330
6F7
100
AcDbEntity
  8
0
100
AcDbVertex
100
AcDb2dVertex
 10
-13.00000000000205
 20
17.0000000000251
 30
0.0
  0
VERTEX
  5
702
330
6F7
100
AcDbEntity
  8
0
100
AcDbVertex
100
AcDb2dVertex
 10
6.300000000000203
 20
17.00000000002531
 30
0.0
  0
VERTEX
  5
703
330
6F7
100
AcDbEntity
  8
0
100
AcDbVertex
100
AcDb2dVertex
 10
6.299999999999501
 20
-55.40000000003119
 30
0.0
  0
VERTEX
  5
704
330
6F7
100
AcDbEntity
  8
0
100
AcDbVertex
100
AcDb2dVertex
 10
-13.00000000000505
 20
-55.400000000031
 30
0.0
  0
VERTEX
  5
705
330
6F7
100
AcDbEntity
  8
0
100
AcDbVertex
100
AcDb2dVertex
 10
-13.00000000000505
 20
-49.70000000000246
 30
0.0
  0
VERTEX
  5
706
330
6F7
100
AcDbEntity
  8
0
100
AcDbVertex
100
AcDb2dVertex
 10
-41.33707215494858
 20
-49.70000000000246
 30
0.0
  0
SEQEND
  5
6FA
330
6F7
100
AcDbEntity
  8
0
  0
POLYLINE
  5
707
330
70
100
AcDbEntity
  8
0
100
AcDb2dPolyline
 66
     1
 10
0.0
 20
0.0
 30
0.0
 70
     1
  0
VERTEX
  5
708
330
707
100
AcDbEntity
  8
0
100
AcDbVertex
100
AcDb2dVertex
 10
-34.31899838053028
 20
-6.143327508416587
 30
0.0
 42
-0.2628855245869212
  0
VERTEX
  5
709
330
707
100
AcDbEntity
  8
0
100
AcDbVertex
100
AcDb2dVertex
 10
-34.56085029492562
 20
-6.571532559646302
 30
0.0
 42
0.2628855245869206
  0
VERTEX
  5
70B
330
707
100
AcDbEntity
  8
0
100
AcDbVertex
100
AcDb2dVertex
 10
-34.80270220932094
 20
-6.999737610876017
 30
0.0
  0
VERTEX
  5
70C
330
707
100
AcDbEntity
  8
0
100
AcDbVertex
100
AcDb2dVertex
 10
-34.80270220932094
 20
-31.50000324663446
 30
0.0
  0
VERTEX
  5
70D
330
707
100
AcDbEntity
  8
0
100
AcDbVertex
100
AcDb2dVertex
 10
-28.01900454524226
 20
-31.50000324663446
 30
0.0
 42
-0.4142135623730951
  0
VERTEX
  5
70E
330
707
100
AcDbEntity
  8
0
100
AcDbVertex
100
AcDb2dVertex
 10
-27.51900454524226
 20
-32.00000324663446
 30
0.0
  0
VERTEX
  5
70F
330
707
100
AcDbEntity
  8
0
100
AcDbVertex
100
AcDb2dVertex
 10
-27.51900454524226
 20
-37.7249999805907
 30
0.0
 42
-0.4142135623730951
  0
VERTEX
  5
710
330
707
100
AcDbEntity
  8
0
100
AcDbVertex
100
AcDb2dVertex
 10
-28.01900454524226
 20
-38.2249999805907
 30
0.0
  0
VERTEX
  5
711
330
707
100
AcDbEntity
  8
0
100
AcDbVertex
100
AcDb2dVertex
 10
-32.14400736095776
 20
-38.2249999805907
 30
0.0
  0
VERTEX
  5
712
330
707
100
AcDbEntity
  8
0
100
AcDbVertex
100
AcDb2dVertex
 10
-32.14400736095776
 20
-47.70000000000247
 30
0.0
  0
VERTEX
  5
713
330
707
100
AcDbEntity
  8
0
100
AcDbVertex
100
AcDb2dVertex
 10
-27.14400736095777
 20
-47.70000000000247
 30
0.0
  0
VERTEX
  5
714
330
707
100
AcDbEntity
  8
0
100
AcDbVertex
100
AcDb2dVertex
 10
-27.14400736095777
 20
-40.02500290121446
 30
0.0
 42
-0.4142135623730951
  0
VERTEX
  5
715
330
707
100
AcDbEntity
  8
0
100
AcDbVertex
100
AcDb2dVertex
 10
-26.64400736095777
 20
-39.52500290121447
 30
0.0
  0
VERTEX
  5
716
330
707
100
AcDbEntity
  8
0
100
AcDbVertex
100
AcDb2dVertex
 10
-23.51900409064384
 20
-39.52500290121447
 30
0.0
 42
0.4142135623730951
  0
VERTEX
  5
717
330
707
100
AcDbEntity
  8
0
100
AcDbVertex
100
AcDb2dVertex
 10
-23.01900409064384
 20
-39.02500290121447
 30
0.0
  0
VERTEX
  5
718
330
707
100
AcDbEntity
  8
0
100
AcDbVertex
100
AcDb2dVertex
 10
-23.01900409064384
 20
-32.00000324663446
 30
0.0
 42
-0.4142135623730951
  0
VERTEX
  5
719
330
707
100
AcDbEntity
  8
0
100
AcDbVertex
100
AcDb2dVertex
 10
-22.51900409064384
 20
-31.50000324663446
 30
0.0
  0
VERTEX
  5
71A
330
707
100
AcDbEntity
  8
0
100
AcDbVertex
100
AcDb2dVertex
 10
-17.80270220932093
 20
-31.50000324663446
 30
0.0
  0
VERTEX
  5
71B
330
707
100
AcDbEntity
  8
0
100
AcDbVertex
100
AcDb2dVertex
 10
-17.80270220932093
 20
-6.500003246634458
 30
0.0
  0
VERTEX
  5
71C
330
707
100
AcDbEntity
  8
0
100
AcDbVertex
100
AcDb2dVertex
 10
-20.36899493536985
 20
-6.500003246634459
 30
0.0
 42
-0.4142135623730951
  0
VERTEX
  5
71D
330
707
100
AcDbEntity
  8
0
100
AcDbVertex
100
AcDb2dVertex
 10
-20.86899493536985
 20
-6.000003246634459
 30
0.0
  0
VERTEX
  5
71E
330
707
100
AcDbEntity
  8
0
100
AcDbVertex
100
AcDb2dVertex
 10
-20.86899493536985
 20
1.075003202301512
 30
0.0
 42
0.414213562373095
  0
VERTEX
  5
71F
330
707
100
AcDbEntity
  8
0
100
AcDbVertex
100
AcDb2dVertex
 10
-21.36899493536985
 20
1.575003202301512
 30
0.0
  0
VERTEX
  5
720
330
707
100
AcDbEntity
  8
0
100
AcDbVertex
100
AcDb2dVertex
 10
-22.92732968242234
 20
1.575003202301511
 30
0.0
 42
-0.5749328242792204
  0
VERTEX
  5
721
330
707
100
AcDbEntity
  8
0
100
AcDbVertex
100
AcDb2dVertex
 10
-23.36214593870883
 20
2.321853001306907
 30
0.0
 42
1.588273972651204
  0
VERTEX
  5
722
330
707
100
AcDbEntity
  8
0
100
AcDbVertex
100
AcDb2dVertex
 10
-31.45845796636449
 20
2.884345450331064
 30
0.0
 42
-0.5296713289657423
  0
VERTEX
  5
723
330
707
100
AcDbEntity
  8
0
100
AcDbVertex
100
AcDb2dVertex
 10
-31.92323193537307
 20
2.19999481232835
 30
0.0
  0
VERTEX
  5
724
330
707
100
AcDbEntity
  8
0
100
AcDbVertex
100
AcDb2dVertex
 10
-33.81899838053028
 20
2.19999481232835
 30
0.0
 42
0.4142135623730952
  0
VERTEX
  5
725
330
707
100
AcDbEntity
  8
0
100
AcDbVertex
100
AcDb2dVertex
 10
-34.31899838053028
 20
1.69999481232835
 30
0.0
  0
SEQEND
  5
70A
330
707
100
AcDbEntity
  8
0
  0
POLYLINE
  5
726
330
70
100
AcDbEntity
  8
0
100
AcDb2dPolyline
 66
     1
 10
0.0
 20
0.0
 30
0.0
  0
VERTEX
  5
727
330
726
100
AcDbEntity
  8
0
100
AcDbVertex
100
AcDb2dVertex
 10
3.992669657987297
 20
-1.780612856635067
 30
0.0
  0
VERTEX
  5
728
330
726
100
AcDbEntity
  8
0
100
AcDbVertex
100
AcDb2dVertex
 10
3.99266965798729
 20
-3.053458860216032
 30
0.0
  0
VERTEX
  5
72A
330
726
100
AcDbEntity
  8
0
100
AcDbVertex
100
AcDb2dVertex
 10
3.411076945581834
 20
-3.053458860216029
 30
0.0
  0
VERTEX
  5
72B
330
726
100
AcDbEntity
  8
0
100
AcDbVertex
100
AcDb2dVertex
 10
3.411076945581841
 20
-1.780612856635064
 30
0.0
  0
SEQEND
  5
729
330
726
100
AcDbEntity
  8
0
  0
POLYLINE
  5
72C
330
70
100
AcDbEntity
  8
0
100
AcDb2dPolyline
 66
     1
 10
0.0
 20
0.0
 30
0.0
  0
VERTEX
  5
72D
330
72C
100
AcDbEntity
  8
0
100
AcDbVertex
100
AcDb2dVertex
 10
-74.12789716051716
 20
-16.79758595784027
 30
0.0
  0
VERTEX
  5
72E
330
72C
100
AcDbEntity
  8
0
100
AcDbVertex
100
AcDb2dVertex
 10
-74.38605642505023
 20
-16.99863034083948
 30
0.0
  0
VERTEX
  5
730
330
72C
100
AcDbEntity
  8
0
100
AcDbVertex
100
AcDb2dVertex
 10
-74.65563866589008
 20
-16.79758595784027
 30
0.0
  0
VERTEX
  5
731
330
72C
100
AcDbEntity
  8
0
100
AcDbVertex
100
AcDb2dVertex
 10
-74.65563866589008
 20
-15.24177658485774
 30
0.0
  0
VERTEX
  5
732
330
72C
100
AcDbEntity
  8
0
100
AcDbVertex
100
AcDb2dVertex
 10
-74.12789716051716
 20
-15.24177658485774
 30
0.0
  0
SEQEND
  5
72F
330
72C
100
AcDbEntity
  8
0
  0
SPLINE
  5
733
330
70
100
AcDbEntity
  8
0
100
AcDbSpline
210
0.0
220
0.0
230
1.0
 70
     8
 71
     2
 72
    11
 73
     8
 74
     0
 42
0.000000001
 43
0.0000000001
 40
-6.0
 40
-6.0
 40
-6.0
 40
-5.0
 40
-4.0
 40
-3.0
 40
-2.0
 40
-1.0
 40
0.0
 40
0.0
 40
0.0
 10
-44.20596521559958
 20
-67.27807317088168
 30
0.0
 10
-44.20596521559958
 20
-67.34784061551446
 30
0.0
 10
-44.23337385456246
 20
-67.48488381032884
 30
0.0
 10
-44.30064960474406
 20
-67.61196022733854
 30
0.0
 10
-44.4077924661444
 20
-67.71411969983652
 30
0.0
 10
-44.5423439665076
 20
-67.77890375556696
 30
0.0
 10
-44.70181241138251
 20
-67.808804088981
 30
0.0
 10
-44.78154663381997
 20
-67.808804088981
 30
0.0
  0
SPLINE
  5
734
330
70
100
AcDbEntity
  8
0
100
AcDbSpline
210
0.0
220
0.0
230
1.0
 70
     8
 71
     2
 72
    11
 73
     8
 74
     0
 42
0.000000001
 43
0.0000000001
 40
-6.0
 40
-6.0
 40
-6.0
 40
-5.0
 40
-4.0
 40
-3.0
 40
-2.0
 40
-1.0
 40
0.0
 40
0.0
 40
0.0
 10
-44.78154663381997
 20
-65.59119602743925
 30
0.0
 10
-44.70181241138251
 20
-65.59119602743925
 30
0.0
 10
-44.5423439665076
 20
-65.6210963608533
 30
0.0
 10
-44.4077924661444
 20
-65.68588041658374
 30
0.0
 10
-44.30064960474406
 20
-65.78803988908171
 30
0.0
 10
-44.23337385456246
 20
-65.91511630609142
 30
0.0
 10
-44.20596521559958
 20
-66.0521595009058
 30
0.0
 10
-44.20596521559958
 20
-66.12192694553858
 30
0.0
  0
LINE
  5
735
330
70
100
AcDbEntity
  8
0
100
AcDbLine
 10
-44.20596521559958
 20
-66.12192694553858
 30
0.0
 11
-44.20596521559958
 21
-67.27807317088168
 31
0.0
  0
SPLINE
  5
736
330
70
100
AcDbEntity
  8
0
100
AcDbSpline
210
0.0
220
0.0
230
1.0
 70
     8
 71
     2
 72
    11
 73
     8
 74
     0
 42
0.000000001
 43
0.0000000001
 40
-6.0
 40
-6.0
 40
-6.0
 40
-5.0
 40
-4.0
 40
-3.0
 40
-2.0
 40
-1.0
 40
0.0
 40
0.0
 40
0.0
 10
-44.78154663381997
 20
-68.20000011781477
 30
0.0
 10
-44.63702835565208
 20
-68.20000011781477
 30
0.0
 10
-44.35048349376748
 20
-68.16013300659604
 30
0.0
 10
-44.08885557639456
 20
-68.05299014519571
 30
0.0
 10
-43.87207815914274
 20
-67.87857153361378
 30
0.0
 10
-43.73752665877953
 20
-67.65431903300843
 30
0.0
 10
-43.68520107530494
 20
-67.40514958789137
 30
0.0
 10
-43.68520107530494
 20
-67.27807317088168
 30
0.0
  0
LINE
  5
737
330
70
100
AcDbEntity
  8
0
100
AcDbLine
 10
-43.68520107530494
 20
-67.27807317088168
 30
0.0
 11
-43.68520107530494
 21
-66.12192694553858
 31
0.0
  0
SPLINE
  5
738
330
70
100
AcDbEntity
  8
0
100
AcDbSpline
210
0.0
220
0.0
230
1.0
 70
     8
 71
     2
 72
    11
 73
     8
 74
     0
 42
0.000000001
 43
0.0000000001
 40
-6.0
 40
-6.0
 40
-6.0
 40
-5.0
 40
-4.0
 40
-3.0
 40
-2.0
 40
-1.0
 40
0.0
 40
0.0
 40
0.0
 10
-43.68520107530494
 20
-66.12192694553858
 30
0.0
 10
-43.68520107530494
 20
-65.99485052852887
 30
0.0
 10
-43.73752665877953
 20
-65.74817277786299
 30
0.0
 10
-43.87207815914274
 20
-65.52142858280648
 30
0.0
 10
-44.08885557639456
 20
-65.34700997122455
 30
0.0
 10
-44.35048349376748
 20
-65.23986710982422
 30
0.0
 10
-44.63702835565208
 20
-65.19999999860548
 30
0.0
 10
-44.78154663381997
 20
-65.19999999860548
 30
0.0
  0
LINE
  5
739
330
70
100
AcDbEntity
  8
0
100
AcDbLine
 10
-53.58470312980537
 20
-66.03720933419878
 30
0.0
 11
-53.58470312980537
 21
-67.3627907822215
 31
0.0
  0
SPLINE
  5
73A
330
70
100
AcDbEntity
  8
0
100
AcDbSpline
210
0.0
220
0.0
230
1.0
 70
     8
 71
     2
 72
    11
 73
     8
 74
     0
 42
0.000000001
 43
0.0000000001
 40
-6.0
 40
-6.0
 40
-6.0
 40
-5.0
 40
-4.0
 40
-3.0
 40
-2.0
 40
-1.0
 40
0.0
 40
0.0
 40
0.0
 10
-53.58470312980537
 20
-67.36279078222148
 30
0.0
 10
-53.58470312980537
 20
-67.4200997545984
 30
0.0
 10
-53.59965329651239
 20
-67.52973431044991
 30
0.0
 10
-53.63952040773113
 20
-67.63687717185025
 30
0.0
 10
-53.70679615791273
 20
-67.73405325544588
 30
0.0
 10
-53.80397224150837
 20
-67.808804088981
 30
0.0
 10
-53.93104865851807
 20
-67.84119611684622
 30
0.0
 10
-53.99583271424851
 20
-67.84119611684622
 30
0.0
  0
SPLINE
  5
73B
330
70
100
AcDbEntity
  8
0
100
AcDbSpline
210
0.0
220
0.0
230
1.0
 70
     8
 71
     2
 72
    11
 73
     8
 74
     0
 42
0.000000001
 43
0.0000000001
 40
-6.0
 40
-6.0
 40
-6.0
 40
-5.0
 40
-4.0
 40
-3.0
 40
-2.0
 40
-1.0
 40
0.0
 40
0.0
 40
0.0
 10
-53.99583271424851
 20
-67.84119611684622
 30
0.0
 10
-54.06310846443012
 20
-67.84119611684622
 30
0.0
 10
-54.1901848814398
 20
-67.808804088981
 30
0.0
 10
-54.28736096503545
 20
-67.73405325544588
 30
0.0
 10
-54.35463671521706
 20
-67.63687717185025
 30
0.0
 10
-54.39450382643578
 20
-67.52973431044991
 30
0.0
 10
-54.40945399314281
 20
-67.4200997545984
 30
0.0
 10
-54.40945399314281
 20
-67.36279078222148
 30
0.0
  0
LINE
  5
73C
330
70
100
AcDbEntity
  8
0
100
AcDbLine
 10
-54.40945399314281
 20
-67.36279078222148
 30
0.0
 11
-54.40945399314281
 21
-66.03720933419876
 31
0.0
  0
SPLINE
  5
73D
330
70
100
AcDbEntity
  8
0
100
AcDbSpline
210
0.0
220
0.0
230
1.0
 70
     8
 71
     2
 72
    11
 73
     8
 74
     0
 42
0.000000001
 43
0.0000000001
 40
-6.0
 40
-6.0
 40
-6.0
 40
-5.0
 40
-4.0
 40
-3.0
 40
-2.0
 40
-1.0
 40
0.0
 40
0.0
 40
0.0
 10
-54.40945399314281
 20
-66.03720933419878
 30
0.0
 10
-54.40945399314281
 20
-65.97990036182185
 30
0.0
 10
-54.39450382643578
 20
-65.87026580597035
 30
0.0
 10
-54.35463671521706
 20
-65.76312294457001
 30
0.0
 10
-54.28736096503545
 20
-65.66594686097437
 30
0.0
 10
-54.1901848814398
 20
-65.59119602743925
 30
0.0
 10
-54.06310846443012
 20
-65.55880399957404
 30
0.0
 10
-53.99583271424851
 20
-65.55880399957404
 30
0.0
  0
SPLINE
  5
73E
330
70
100
AcDbEntity
  8
0
100
AcDbSpline
210
0.0
220
0.0
230
1.0
 70
     8
 71
     2
 72
    11
 73
     8
 74
     0
 42
0.000000001
 43
0.0000000001
 40
-6.0
 40
-6.0
 40
-6.0
 40
-5.0
 40
-4.0
 40
-3.0
 40
-2.0
 40
-1.0
 40
0.0
 40
0.0
 40
0.0
 10
-53.99583271424851
 20
-65.55880399957404
 30
0.0
 10
-53.93104865851807
 20
-65.55880399957404
 30
0.0
 10
-53.80397224150837
 20
-65.59119602743925
 30
0.0
 10
-53.70679615791273
 20
-65.66594686097437
 30
0.0
 10
-53.63952040773113
 20
-65.76312294457001
 30
0.0
 10
-53.59965329651239
 20
-65.87026580597035
 30
0.0
 10
-53.58470312980537
 20
-65.97990036182185
 30
0.0
 10
-53.58470312980537
 20
-66.03720933419878
 30
0.0
  0
SPLINE
  5
73F
330
70
100
AcDbEntity
  8
0
100
AcDbSpline
210
0.0
220
0.0
230
1.0
 70
     8
 71
     2
 72
    11
 73
     8
 74
     0
 42
0.000000001
 43
0.0000000001
 40
-6.0
 40
-6.0
 40
-6.0
 40
-5.0
 40
-4.0
 40
-3.0
 40
-2.0
 40
-1.0
 40
0.0
 40
0.0
 40
0.0
 10
-53.99583271424851
 20
-68.23239214567999
 30
0.0
 10
-53.86626460278764
 20
-68.23239214567999
 30
0.0
 10
-53.6071283798659
 20
-68.18754164555892
 30
0.0
 10
-53.38287587926057
 20
-68.07790708970742
 30
0.0
 10
-53.20845726767863
 20
-67.90598017257666
 30
0.0
 10
-53.10629779518063
 20
-67.6991695331295
 30
0.0
 10
-53.06393898951073
 20
-67.47740872697533
 30
0.0
 10
-53.06393898951073
 20
-67.36279078222148
 30
0.0
  0
LINE
  5
740
330
70
100
AcDbEntity
  8
0
100
AcDbLine
 10
-53.06393898951073
 20
-67.36279078222148
 30
0.0
 11
-53.06393898951073
 21
-66.03720933419878
 31
0.0
  0
SPLINE
  5
741
330
70
100
AcDbEntity
  8
0
100
AcDbSpline
210
0.0
220
0.0
230
1.0
 70
     8
 71
     2
 72
    11
 73
     8
 74
     0
 42
0.000000001
 43
0.0000000001
 40
-6.0
 40
-6.0
 40
-6.0
 40
-5.0
 40
-4.0
 40
-3.0
 40
-2.0
 40
-1.0
 40
0.0
 40
0.0
 40
0.0
 10
-53.06393898951073
 20
-66.03720933419878
 30
0.0
 10
-53.06393898951073
 20
-65.92259138944493
 30
0.0
 10
-53.10629779518063
 20
-65.70332227774193
 30
0.0
 10
-53.20845726767863
 20
-65.4940199438436
 30
0.0
 10
-53.38287587926057
 20
-65.32209302671283
 30
0.0
 10
-53.6071283798659
 20
-65.21245847086134
 30
0.0
 10
-53.86626460278764
 20
-65.16760797074026
 30
0.0
 10
-53.99583271424851
 20
-65.16760797074026
 30
0.0
  0
SPLINE
  5
742
330
70
100
AcDbEntity
  8
0
100
AcDbSpline
210
0.0
220
0.0
230
1.0
 70
     8
 71
     2
 72
    11
 73
     8
 74
     0
 42
0.000000001
 43
0.0000000001
 40
-6.0
 40
-6.0
 40
-6.0
 40
-5.0
 40
-4.0
 40
-3.0
 40
-2.0
 40
-1.0
 40
0.0
 40
0.0
 40
0.0
 10
-53.99583271424851
 20
-65.16760797074026
 30
0.0
 10
-54.12789252016054
 20
-65.16760797074026
 30
0.0
 10
-54.38702874308227
 20
-65.21245847086134
 30
0.0
 10
-54.61128124368762
 20
-65.32209302671283
 30
0.0
 10
-54.78569985526956
 20
-65.4940199438436
 30
0.0
 10
-54.88785932776754
 20
-65.70332227774193
 30
0.0
 10
-54.93021813343744
 20
-65.92259138944493
 30
0.0
 10
-54.93021813343744
 20
-66.03720933419878
 30
0.0
  0
LINE
  5
743
330
70
100
AcDbEntity
  8
0
100
AcDbLine
 10
-54.93021813343744
 20
-66.03720933419878
 30
0.0
 11
-54.93021813343744
 21
-67.36279078222148
 31
0.0
  0
SPLINE
  5
744
330
70
100
AcDbEntity
  8
0
100
AcDbSpline
210
0.0
220
0.0
230
1.0
 70
     8
 71
     2
 72
    11
 73
     8
 74
     0
 42
0.000000001
 43
0.0000000001
 40
-6.0
 40
-6.0
 40
-6.0
 40
-5.0
 40
-4.0
 40
-3.0
 40
-2.0
 40
-1.0
 40
0.0
 40
0.0
 40
0.0
 10
-54.93021813343744
 20
-67.36279078222148
 30
0.0
 10
-54.93021813343744
 20
-67.47740872697533
 30
0.0
 10
-54.88785932776754
 20
-67.6991695331295
 30
0.0
 10
-54.78569985526956
 20
-67.90598017257666
 30
0.0
 10
-54.61128124368762
 20
-68.07790708970742
 30
0.0
 10
-54.38702874308227
 20
-68.18754164555892
 30
0.0
 10
-54.12789252016054
 20
-68.23239214567999
 30
0.0
 10
-53.99583271424851
 20
-68.23239214567999
 30
0.0
  0
SPLINE
  5
745
330
70
100
AcDbEntity
  8
0
100
AcDbSpline
210
0.0
220
0.0
230
1.0
 70
     8
 71
     2
 72
    11
 73
     8
 74
     0
 42
0.000000001
 43
0.0000000001
 40
-6.0
 40
-6.0
 40
-6.0
 40
-5.0
 40
-4.0
 40
-3.0
 40
-2.0
 40
-1.0
 40
0.0
 40
0.0
 40
0.0
 10
-55.89201219158926
 20
-66.11445186218507
 30
0.0
 10
-55.89201219158926
 20
-66.17674422346432
 30
0.0
 10
-55.90447066384512
 20
-66.29385386266934
 30
0.0
 10
-55.946829469515
 20
-66.41345519632553
 30
0.0
 10
-56.01410521969661
 20
-66.51810636327468
 30
0.0
 10
-56.1162646921946
 20
-66.6003322801633
 30
0.0
 10
-56.24832449810664
 20
-66.63770769693086
 30
0.0
 10
-56.31809194273941
 20
-66.63770769693086
 30
0.0
  0
SPLINE
  5
746
330
70
100
AcDbEntity
  8
0
100
AcDbSpline
210
0.0
220
0.0
230
1.0
 70
     8
 71
     2
 72
    11
 73
     8
 74
     0
 42
0.000000001
 43
0.0000000001
 40
-6.0
 40
-6.0
 40
-6.0
 40
-5.0
 40
-4.0
 40
-3.0
 40
-2.0
 40
-1.0
 40
0.0
 40
0.0
 40
0.0
 10
-56.31809194273941
 20
-65.59119602743925
 30
0.0
 10
-56.24832449810664
 20
-65.59119602743925
 30
0.0
 10
-56.1162646921946
 20
-65.62857144420681
 30
0.0
 10
-56.01410521969661
 20
-65.71079736109544
 30
0.0
 10
-55.946829469515
 20
-65.81544852804459
 30
0.0
 10
-55.90447066384512
 20
-65.93504986170078
 30
0.0
 10
-55.89201219158926
 20
-66.0521595009058
 30
0.0
 10
-55.89201219158926
 20
-66.11445186218507
 30
0.0
  0
SPLINE
  5
747
330
70
100
AcDbEntity
  8
0
100
AcDbSpline
210
0.0
220
0.0
230
1.0
 70
     8
 71
     2
 72
    11
 73
     8
 74
     0
 42
0.000000001
 43
0.0000000001
 40
-6.0
 40
-6.0
 40
-6.0
 40
-5.0
 40
-4.0
 40
-3.0
 40
-2.0
 40
-1.0
 40
0.0
 40
0.0
 40
0.0
 10
-56.31809194273941
 20
-67.02890372576463
 30
0.0
 10
-56.18603213682739
 20
-67.02890372576463
 30
0.0
 10
-55.91942083055214
 20
-66.97906983674122
 30
0.0
 10
-55.69018494104445
 20
-66.86196019753622
 30
0.0
 10
-55.51576632946251
 20
-66.67757480814959
 30
0.0
 10
-55.40862346806218
 20
-66.46578077980009
 30
0.0
 10
-55.37124805129463
 20
-66.23156150139007
 30
0.0
 10
-55.37124805129463
 20
-66.11445186218507
 30
0.0
  0
SPLINE
  5
748
330
70
100
AcDbEntity
  8
0
100
AcDbSpline
210
0.0
220
0.0
230
1.0
 70
     8
 71
     2
 72
    11
 73
     8
 74
     0
 42
0.000000001
 43
0.0000000001
 40
-6.0
 40
-6.0
 40
-6.0
 40
-5.0
 40
-4.0
 40
-3.0
 40
-2.0
 40
-1.0
 40
0.0
 40
0.0
 40
0.0
 10
-55.37124805129463
 20
-66.11445186218507
 30
0.0
 10
-55.37124805129463
 20
-65.99485052852887
 30
0.0
 10
-55.40862346806218
 20
-65.76312294457001
 30
0.0
 10
-55.51576632946251
 20
-65.55132891622053
 30
0.0
 10
-55.69018494104445
 20
-65.3669435268339
 30
0.0
 10
-55.91942083055214
 20
-65.2498338876289
 30
0.0
 10
-56.18603213682739
 20
-65.19999999860548
 30
0.0
 10
-56.31809194273941
 20
-65.19999999860548
 30
0.0
  0
SPLINE
  5
749
330
70
100
AcDbEntity
  8
0
100
AcDbSpline
210
0.0
220
0.0
230
1.0
 70
     8
 71
     2
 72
     9
 73
     6
 74
     0
 42
0.000000001
 43
0.0000000001
 40
-4.0
 40
-4.0
 40
-4.0
 40
-3.0
 40
-2.0
 40
-1.0
 40
0.0
 40
0.0
 40
0.0
 10
-75.58636513364094
 20
-67.59950175508269
 30
0.0
 10
-75.58636513364094
 20
-67.39269111563553
 30
0.0
 10
-75.59633191144562
 20
-66.97657814229005
 30
0.0
 10
-75.6237405504085
 20
-66.56295686339575
 30
0.0
 10
-75.65613257827371
 20
-66.14684389005027
 30
0.0
 10
-75.67108274498074
 20
-65.94003325060312
 30
0.0
  0
SPLINE
  5
74A
330
70
100
AcDbEntity
  8
0
100
AcDbSpline
210
0.0
220
0.0
230
1.0
 70
     8
 71
     2
 72
     9
 73
     6
 74
     0
 42
0.000000001
 43
0.0000000001
 40
-4.0
 40
-4.0
 40
-4.0
 40
-3.0
 40
-2.0
 40
-1.0
 40
0.0
 40
0.0
 40
0.0
 10
-74.52739499189347
 20
-65.94003325060312
 30
0.0
 10
-74.5423451586005
 20
-66.14684389005027
 30
0.0
 10
-74.57473718646571
 20
-66.56295686339575
 30
0.0
 10
-74.60214582542859
 20
-66.97657814229005
 30
0.0
 10
-74.61211260323327
 20
-67.39269111563553
 30
0.0
 10
-74.61211260323327
 20
-67.59950175508269
 30
0.0
  0
SPLINE
  5
74B
330
70
100
AcDbEntity
  8
0
100
AcDbSpline
210
0.0
220
0.0
230
1.0
 70
     8
 71
     2
 72
     7
 73
     4
 74
     0
 42
0.000000001
 43
0.0000000001
 40
-2.0
 40
-2.0
 40
-2.0
 40
-1.0
 40
0.0
 40
0.0
 40
0.0
 10
-63.40644079686042
 20
-0.2445218216907907
 30
0.0
 10
-63.47493394754535
 20
-1.249088031736453
 30
0.0
 10
-64.30826728087868
 20
-2.733106296576632
 30
0.0
 10
-65.16443166444033
 20
-2.733106296576632
 30
0.0
  0
LINE
  5
74C
330
70
100
AcDbEntity
  8
0
100
AcDbLine
 10
-69.05712572836726
 20
-4.445435063699925
 30
0.0
 11
-64.97036773749968
 21
-4.445435063699925
 31
0.0
  0
SPLINE
  5
74D
330
70
100
AcDbEntity
  8
0
100
AcDbSpline
210
0.0
220
0.0
230
1.0
 70
     8
 71
     2
 72
     8
 73
     5
 74
     0
 42
0.000000001
 43
0.0000000001
 40
-3.0
 40
-3.0
 40
-3.0
 40
-2.0
 40
-1.0
 40
0.0
 40
0.0
 40
0.0
 10
-64.97036773749968
 20
-4.445435063699925
 30
0.0
 10
-63.93155495211155
 20
-4.445435063699925
 30
0.0
 10
-62.47036773749968
 20
-3.315298077398551
 30
0.0
 10
-61.73977413019375
 20
-1.671462460960198
 30
0.0
 10
-61.73977413019375
 20
-0.9066222783117972
 30
0.0
  0
SPLINE
  5
74E
330
70
100
AcDbEntity
  8
0
100
AcDbSpline
210
0.0
220
0.0
230
1.0
 70
     8
 71
     2
 72
     8
 73
     5
 74
     0
 42
0.000000001
 43
0.0000000001
 40
-3.0
 40
-3.0
 40
-3.0
 40
-2.0
 40
-1.0
 40
0.0
 40
0.0
 40
0.0
 10
-69.52516225804763
 20
-2.733106296576623
 30
0.0
 10
-70.14160061421202
 20
-2.733106296576623
 30
0.0
 10
-71.14616682425768
 20
-3.178311776028683
 30
0.0
 10
-71.70552755485129
 20
-3.840412232649681
 30
0.0
 10
-71.73977413019375
 20
-3.886074333106304
 30
0.0
  0
LINE
  5
74F
330
70
100
AcDbEntity
  8
0
100
AcDbLine
 10
-71.73977413019375
 20
-3.886074333106304
 30
0.0
 11
-70.47265084252251
 21
-5.107535520320913
 31
0.0
  0
SPLINE
  5
750
330
70
100
AcDbEntity
  8
0
100
AcDbSpline
210
0.0
220
0.0
230
1.0
 70
     8
 71
     2
 72
     7
 73
     4
 74
     0
 42
0.000000001
 43
0.0000000001
 40
-2.0
 40
-2.0
 40
-2.0
 40
-1.0
 40
0.0
 40
0.0
 40
0.0
 10
-70.47265084252251
 20
-5.107535520320913
 30
0.0
 10
-70.17584718955449
 20
-4.765069766896257
 30
0.0
 10
-69.62790198407502
 20
-4.445435063699916
 30
0.0
 10
-69.05712572836726
 20
-4.445435063699925
 30
0.0
  0
SPLINE
  5
751
330
70
100
AcDbEntity
  8
0
100
AcDbSpline
210
0.0
220
0.0
230
1.0
 70
     8
 71
     2
 72
     6
 73
     3
 74
     0
 42
0.000000001
 43
0.0000000001
 40
-1.0
 40
-1.0
 40
-1.0
 40
0.0
 40
0.0
 40
0.0
 10
-63.65758234937183
 20
5.257761283332049
 30
0.0
 10
-64.89045906170059
 20
4.241779548172228
 30
0.0
 10
-66.4201394269974
 20
4.241779548172228
 30
0.0
  0
SPLINE
  5
752
330
70
100
AcDbEntity
  8
0
100
AcDbSpline
210
0.0
220
0.0
230
1.0
 70
     8
 71
     2
 72
     7
 73
     4
 74
     0
 42
0.000000001
 43
0.0000000001
 40
-2.0
 40
-2.0
 40
-2.0
 40
-1.0
 40
0.0
 40
0.0
 40
0.0
 10
-66.4201394269974
 20
4.241779548172228
 30
0.0
 10
-67.31055038590151
 20
4.241779548172228
 30
0.0
 10
-69.01146362791064
 20
4.86963342945077
 30
0.0
 10
-69.71922618498826
 20
5.394747584701917
 30
0.0
  0
SPLINE
  5
753
330
70
100
AcDbEntity
  8
0
100
AcDbSpline
210
0.0
220
0.0
230
1.0
 70
     8
 71
     2
 72
     7
 73
     4
 74
     0
 42
0.000000001
 43
0.0000000001
 40
-2.0
 40
-2.0
 40
-2.0
 40
-1.0
 40
0.0
 40
0.0
 40
0.0
 10
-69.27402070553622
 20
4.310272698857158
 30
0.0
 10
-68.42927184708873
 20
3.64817224223616
 30
0.0
 10
-66.34023075119831
 20
2.860501009359444
 30
0.0
 10
-65.30141796581019
 20
2.860501009359444
 30
0.0
  0
SPLINE
  5
754
330
70
100
AcDbEntity
  8
0
100
AcDbSpline
210
0.0
220
0.0
230
1.0
 70
     8
 71
     2
 72
     6
 73
     3
 74
     0
 42
0.000000001
 43
0.0000000001
 40
-1.0
 40
-1.0
 40
-1.0
 40
0.0
 40
0.0
 40
0.0
 10
-65.30141796581019
 20
2.860501009359444
 30
0.0
 10
-63.37219422151796
 20
2.860501009359444
 30
0.0
 10
-62.01374673293347
 20
4.184701922601448
 30
0.0
  0
SPLINE
  5
755
330
70
100
AcDbEntity
  8
0
100
AcDbSpline
210
0.0
220
0.0
230
1.0
 70
     8
 71
     2
 72
     7
 73
     4
 74
     0
 42
0.000000001
 43
0.0000000001
 40
-2.0
 40
-2.0
 40
-2.0
 40
-1.0
 40
0.0
 40
0.0
 40
0.0
 10
-66.34023075119832
 20
-18.95456748379124
 30
0.0
 10
-66.34023075119832
 20
-19.71940766643964
 30
0.0
 10
-67.00233120781932
 20
-20.54132547465882
 30
0.0
 10
-67.58452298864125
 20
-20.54132547465882
 30
0.0
  0
SPLINE
  5
756
330
70
100
AcDbEntity
  8
0
100
AcDbSpline
210
0.0
220
0.0
230
1.0
 70
     8
 71
     2
 72
     7
 73
     4
 74
     0
 42
0.000000001
 43
0.0000000001
 40
-2.0
 40
-2.0
 40
-2.0
 40
-1.0
 40
0.0
 40
0.0
 40
0.0
 10
-67.58452298864125
 20
-20.54132547465882
 30
0.0
 10
-67.97265084252252
 20
-20.54132547465882
 30
0.0
 10
-68.93155495211155
 20
-20.13036657054923
 30
0.0
 10
-69.4566691073627
 20
-19.71940766643964
 30
0.0
  0
LINE
  5
757
330
70
100
AcDbEntity
  8
0
100
AcDbLine
 10
-69.4566691073627
 20
-19.71940766643964
 30
0.0
 11
-69.83338143612982
 21
-19.41118848835745
 31
0.0
  0
SPLINE
  5
758
330
70
100
AcDbEntity
  8
0
100
AcDbSpline
210
0.0
220
0.0
230
1.0
 70
     8
 71
     2
 72
     7
 73
     4
 74
     0
 42
0.000000001
 43
0.0000000001
 40
-2.0
 40
-2.0
 40
-2.0
 40
-1.0
 40
0.0
 40
0.0
 40
0.0
 10
-69.83338143612982
 20
-19.41118848835745
 30
0.0
 10
-69.71922618498827
 20
-17.3335629175812
 30
0.0
 10
-67.64160061421202
 20
-15.02762684452183
 30
0.0
 10
-65.56397504343576
 20
-15.02762684452183
 30
0.0
  0
SPLINE
  5
759
330
70
100
AcDbEntity
  8
0
100
AcDbSpline
210
0.0
220
0.0
230
1.0
 70
     8
 71
     2
 72
     7
 73
     4
 74
     0
 42
0.000000001
 43
0.0000000001
 40
-2.0
 40
-2.0
 40
-2.0
 40
-1.0
 40
0.0
 40
0.0
 40
0.0
 10
-65.56397504343576
 20
-15.02762684452183
 30
0.0
 10
-65.03886088818463
 20
-15.02762684452183
 30
0.0
 10
-64.17128097950882
 20
-15.2901839221474
 30
0.0
 10
-63.65758234937183
 20
-15.56415652488713
 30
0.0
  0
SPLINE
  5
75A
330
70
100
AcDbEntity
  8
0
100
AcDbSpline
210
0.0
220
0.0
230
1.0
 70
     8
 71
     2
 72
     6
 73
     3
 74
     0
 42
0.000000001
 43
0.0000000001
 40
-1.0
 40
-1.0
 40
-1.0
 40
0.0
 40
0.0
 40
0.0
 10
-61.73977413019375
 20
-16.18059488105151
 30
0.0
 10
-62.25347276033073
 20
-15.86096017785517
 30
0.0
 10
-62.90415769183759
 20
-15.38150812306064
 30
0.0
  0
SPLINE
  5
75B
330
70
100
AcDbEntity
  8
0
100
AcDbSpline
210
0.0
220
0.0
230
1.0
 70
     8
 71
     2
 72
     8
 73
     5
 74
     0
 42
0.000000001
 43
0.0000000001
 40
-3.0
 40
-3.0
 40
-3.0
 40
-2.0
 40
-1.0
 40
0.0
 40
0.0
 40
0.0
 10
-62.90415769183759
 20
-15.38150812306064
 30
0.0
 10
-63.71465997494262
 20
-14.79931634223873
 30
0.0
 10
-64.7877193356732
 20
-14.13721588561772
 30
0.0
 10
-66.02059604800198
 20
-13.68059488105151
 30
0.0
 10
-66.64844992928052
 20
-13.68059488105151
 30
0.0
  0
SPLINE
  5
75C
330
70
100
AcDbEntity
  8
0
100
AcDbSpline
210
0.0
220
0.0
230
1.0
 70
     8
 71
     2
 72
     8
 73
     5
 74
     0
 42
0.000000001
 43
0.0000000001
 40
-3.0
 40
-3.0
 40
-3.0
 40
-2.0
 40
-1.0
 40
0.0
 40
0.0
 40
0.0
 10
-66.64844992928052
 20
-13.68059488105151
 30
0.0
 10
-67.96123531740836
 20
-13.68059488105151
 30
0.0
 10
-70.03886088818463
 20
-14.7536542417821
 30
0.0
 10
-71.32881522608416
 20
-16.77420218698759
 30
0.0
 10
-71.45438600233987
 20
-18.14406520068622
 30
0.0
  0
SPLINE
  5
75D
330
70
100
AcDbEntity
  8
0
100
AcDbSpline
210
0.0
220
0.0
230
1.0
 70
     8
 71
     2
 72
     7
 73
     4
 74
     0
 42
0.000000001
 43
0.0000000001
 40
-2.0
 40
-2.0
 40
-2.0
 40
-1.0
 40
0.0
 40
0.0
 40
0.0
 10
-69.01146362791066
 20
-20.79246702717024
 30
0.0
 10
-68.40644079686042
 20
-21.28333460707891
 30
0.0
 10
-67.23064171010243
 20
-21.75137113675928
 30
0.0
 10
-66.69411202973712
 20
-21.75137113675928
 30
0.0
  0
SPLINE
  5
75E
330
70
100
AcDbEntity
  8
0
100
AcDbSpline
210
0.0
220
0.0
230
1.0
 70
     8
 71
     2
 72
     7
 73
     4
 74
     0
 42
0.000000001
 43
0.0000000001
 40
-2.0
 40
-2.0
 40
-2.0
 40
-1.0
 40
0.0
 40
0.0
 40
0.0
 10
-66.69411202973712
 20
-21.75137113675928
 30
0.0
 10
-65.84936317128963
 20
-21.75137113675928
 30
0.0
 10
-64.83338143612982
 20
-20.57557205000128
 30
0.0
 10
-64.83338143612982
 20
-19.53675926461315
 30
0.0
  0
SPLINE
  5
75F
330
70
100
AcDbEntity
  8
0
100
AcDbSpline
210
0.0
220
0.0
230
1.0
 70
     8
 71
     2
 72
     7
 73
     4
 74
     0
 42
0.000000001
 43
0.0000000001
 40
-2.0
 40
-2.0
 40
-2.0
 40
-1.0
 40
0.0
 40
0.0
 40
0.0
 10
-67.67584718955449
 20
-46.91118848835745
 30
0.0
 10
-68.20096134480563
 20
-46.91118848835745
 30
0.0
 10
-69.2055275548513
 20
-46.55730720981863
 30
0.0
 10
-69.83338143612984
 20
-46.18059488105152
 30
0.0
  0
SPLINE
  5
760
330
70
100
AcDbEntity
  8
0
100
AcDbSpline
210
0.0
220
0.0
230
1.0
 70
     8
 71
     2
 72
     7
 73
     4
 74
     0
 42
0.000000001
 43
0.0000000001
 40
-2.0
 40
-2.0
 40
-2.0
 40
-1.0
 40
0.0
 40
0.0
 40
0.0
 10
-69.83338143612984
 20
-46.18059488105152
 30
0.0
 10
-69.70781065987413
 20
-44.13721588561772
 30
0.0
 10
-67.61876956398371
 20
-41.88835743812915
 30
0.0
 10
-65.56397504343578
 20
-41.88835743812915
 30
0.0
  0
SPLINE
  5
761
330
70
100
AcDbEntity
  8
0
100
AcDbSpline
210
0.0
220
0.0
230
1.0
 70
     8
 71
     2
 72
     7
 73
     4
 74
     0
 42
0.000000001
 43
0.0000000001
 40
-2.0
 40
-2.0
 40
-2.0
 40
-1.0
 40
0.0
 40
0.0
 40
0.0
 10
-65.56397504343578
 20
-41.88835743812915
 30
0.0
 10
-65.03886088818463
 20
-41.88835743812915
 30
0.0
 10
-64.17128097950882
 20
-42.15091451575471
 30
0.0
 10
-63.65758234937183
 20
-42.42488711849444
 30
0.0
  0
LINE
  5
762
330
70
100
AcDbEntity
  8
0
100
AcDbLine
 10
-63.65758234937183
 20
-42.42488711849444
 30
0.0
 11
-63.65758234937185
 21
-44.18287798607434
 31
0.0
  0
SPLINE
  5
763
330
70
100
AcDbEntity
  8
0
100
AcDbSpline
210
0.0
220
0.0
230
1.0
 70
     8
 71
     2
 72
     7
 73
     4
 74
     0
 42
0.000000001
 43
0.0000000001
 40
-2.0
 40
-2.0
 40
-2.0
 40
-1.0
 40
0.0
 40
0.0
 40
0.0
 10
-63.65758234937183
 20
-44.18287798607434
 30
0.0
 10
-64.04571020325312
 20
-45.47283232397389
 30
0.0
 10
-66.04342709823029
 20
-46.91118848835745
 30
0.0
 10
-67.67584718955449
 20
-46.91118848835745
 30
0.0
  0
SPLINE
  5
764
330
70
100
AcDbEntity
  8
0
100
AcDbSpline
210
0.0
220
0.0
230
1.0
 70
     8
 71
     2
 72
     7
 73
     4
 74
     0
 42
0.000000001
 43
0.0000000001
 40
-2.0
 40
-2.0
 40
-2.0
 40
-1.0
 40
0.0
 40
0.0
 40
0.0
 10
-66.57995677859559
 20
-48.21255835137115
 30
0.0
 10
-65.18726271466865
 20
-48.21255835137115
 30
0.0
 10
-63.00689741786499
 20
-47.00251268927069
 30
0.0
 10
-62.39045906170061
 20
-45.91803780342594
 30
0.0
  0
SPLINE
  5
765
330
70
100
AcDbEntity
  8
0
100
AcDbSpline
210
0.0
220
0.0
230
1.0
 70
     8
 71
     2
 72
     6
 73
     3
 74
     0
 42
0.000000001
 43
0.0000000001
 40
-1.0
 40
-1.0
 40
-1.0
 40
0.0
 40
0.0
 40
0.0
 10
-61.73977413019375
 20
-43.04132547465882
 30
0.0
 10
-62.25347276033075
 20
-42.72169077146247
 30
0.0
 10
-62.90415769183759
 20
-42.24223871666795
 30
0.0
  0
SPLINE
  5
766
330
70
100
AcDbEntity
  8
0
100
AcDbSpline
210
0.0
220
0.0
230
1.0
 70
     8
 71
     2
 72
     8
 73
     5
 74
     0
 42
0.000000001
 43
0.0000000001
 40
-3.0
 40
-3.0
 40
-3.0
 40
-2.0
 40
-1.0
 40
0.0
 40
0.0
 40
0.0
 10
-62.90415769183759
 20
-42.24223871666795
 30
0.0
 10
-63.71465997494262
 20
-41.66004693584604
 30
0.0
 10
-64.78771933567322
 20
-40.99794647922502
 30
0.0
 10
-66.02059604800198
 20
-40.54132547465882
 30
0.0
 10
-66.64844992928052
 20
-40.54132547465882
 30
0.0
  0
SPLINE
  5
767
330
70
100
AcDbEntity
  8
0
100
AcDbSpline
210
0.0
220
0.0
230
1.0
 70
     8
 71
     2
 72
     8
 73
     5
 74
     0
 42
0.000000001
 43
0.0000000001
 40
-3.0
 40
-3.0
 40
-3.0
 40
-2.0
 40
-1.0
 40
0.0
 40
0.0
 40
0.0
 10
-66.64844992928052
 20
-40.54132547465882
 30
0.0
 10
-67.98406636763667
 20
-40.54132547465882
 30
0.0
 10
-70.08452298864125
 20
-41.64863141073188
 30
0.0
 10
-71.36306180142664
 20
-43.72625698150813
 30
0.0
 10
-71.46580152745404
 20
-45.14178209566338
 30
0.0
  0
LINE
  5
768
330
70
100
AcDbEntity
  8
0
100
AcDbLine
 10
-71.46580152745404
 20
-45.14178209566338
 30
0.0
 11
-71.75118965530791
 21
-45.52990994954466
 31
0.0
  0
SPLINE
  5
769
330
70
100
AcDbEntity
  8
0
100
AcDbSpline
210
0.0
220
0.0
230
1.0
 70
     8
 71
     2
 72
     7
 73
     4
 74
     0
 42
0.000000001
 43
0.0000000001
 40
-2.0
 40
-2.0
 40
-2.0
 40
-1.0
 40
0.0
 40
0.0
 40
0.0
 10
-71.75118965530791
 20
-45.52990994954466
 30
0.0
 10
-71.50004810279651
 20
-45.70114282625699
 30
0.0
 10
-70.79228554571887
 20
-46.19201040616566
 30
0.0
 10
-70.57539056854992
 20
-46.34041223264969
 30
0.0
  0
SPLINE
  5
76A
330
70
100
AcDbEntity
  8
0
100
AcDbSpline
210
0.0
220
0.0
230
1.0
 70
     8
 71
     2
 72
     8
 73
     5
 74
     0
 42
0.000000001
 43
0.0000000001
 40
-3.0
 40
-3.0
 40
-3.0
 40
-2.0
 40
-1.0
 40
0.0
 40
0.0
 40
0.0
 10
-70.57539056854992
 20
-46.34041223264969
 30
0.0
 10
-69.69639513475996
 20
-46.95685058881408
 30
0.0
 10
-68.53201157311613
 20
-47.69885972123415
 30
0.0
 10
-67.21922618498829
 20
-48.21255835137115
 30
0.0
 10
-66.57995677859559
 20
-48.21255835137115
 30
0.0
  0
SPLINE
  5
76B
330
70
100
AcDbEntity
  8
0
100
AcDbSpline
210
0.0
220
0.0
230
1.0
 70
     8
 71
     2
 72
     7
 73
     4
 74
     0
 42
0.000000001
 43
0.0000000001
 40
-2.0
 40
-2.0
 40
-2.0
 40
-1.0
 40
0.0
 40
0.0
 40
0.0
 10
-72.75330854266008
 20
-65.86029902816567
 30
0.0
 10
-72.73586668150189
 20
-65.94750833395663
 30
0.0
 10
-72.70347465363667
 20
-66.11445186218507
 30
0.0
 10
-72.6835410980273
 20
-66.19916947352486
 30
0.0
  0
SPLINE
  5
76C
330
70
100
AcDbEntity
  8
0
100
AcDbSpline
210
0.0
220
0.0
230
1.0
 70
     8
 71
     2
 72
     7
 73
     4
 74
     0
 42
0.000000001
 43
0.0000000001
 40
-2.0
 40
-2.0
 40
-2.0
 40
-1.0
 40
0.0
 40
0.0
 40
0.0
 10
-72.82556768174401
 20
-66.19916947352486
 30
0.0
 10
-72.80563412613466
 20
-66.11445186218507
 30
0.0
 10
-72.77324209826945
 20
-65.94750833395663
 30
0.0
 10
-72.75330854266008
 20
-65.86029902816567
 30
0.0
  0
SPLINE
  5
76D
330
70
100
AcDbEntity
  8
0
100
AcDbSpline
210
0.0
220
0.0
230
1.0
 70
     8
 71
     2
 72
    11
 73
     8
 74
     0
 42
0.000000001
 43
0.0000000001
 40
-6.0
 40
-6.0
 40
-6.0
 40
-5.0
 40
-4.0
 40
-3.0
 40
-2.0
 40
-1.0
 40
0.0
 40
0.0
 40
0.0
 10
-69.99749447966549
 20
-67.27807317088168
 30
0.0
 10
-69.99749447966549
 20
-67.34784061551446
 30
0.0
 10
-70.02490311862837
 20
-67.48488381032884
 30
0.0
 10
-70.09217886880998
 20
-67.61196022733854
 30
0.0
 10
-70.19932173021032
 20
-67.71411969983652
 30
0.0
 10
-70.33387323057351
 20
-67.77890375556696
 30
0.0
 10
-70.49334167544843
 20
-67.808804088981
 30
0.0
 10
-70.57307589788589
 20
-67.808804088981
 30
0.0
  0
SPLINE
  5
76E
330
70
100
AcDbEntity
  8
0
100
AcDbSpline
210
0.0
220
0.0
230
1.0
 70
     8
 71
     2
 72
    11
 73
     8
 74
     0
 42
0.000000001
 43
0.0000000001
 40
-6.0
 40
-6.0
 40
-6.0
 40
-5.0
 40
-4.0
 40
-3.0
 40
-2.0
 40
-1.0
 40
0.0
 40
0.0
 40
0.0
 10
-70.57307589788589
 20
-65.59119602743925
 30
0.0
 10
-70.49334167544843
 20
-65.59119602743925
 30
0.0
 10
-70.33387323057351
 20
-65.6210963608533
 30
0.0
 10
-70.19932173021032
 20
-65.68588041658374
 30
0.0
 10
-70.09217886880998
 20
-65.78803988908171
 30
0.0
 10
-70.02490311862837
 20
-65.91511630609142
 30
0.0
 10
-69.99749447966549
 20
-66.0521595009058
 30
0.0
 10
-69.99749447966549
 20
-66.12192694553858
 30
0.0
  0
LINE
  5
76F
330
70
100
AcDbEntity
  8
0
100
AcDbLine
 10
-69.99749447966549
 20
-66.12192694553858
 30
0.0
 11
-69.99749447966549
 21
-67.27807317088168
 31
0.0
  0
SPLINE
  5
770
330
70
100
AcDbEntity
  8
0
100
AcDbSpline
210
0.0
220
0.0
230
1.0
 70
     8
 71
     2
 72
    11
 73
     8
 74
     0
 42
0.000000001
 43
0.0000000001
 40
-6.0
 40
-6.0
 40
-6.0
 40
-5.0
 40
-4.0
 40
-3.0
 40
-2.0
 40
-1.0
 40
0.0
 40
0.0
 40
0.0
 10
-70.57307589788589
 20
-68.20000011781477
 30
0.0
 10
-70.42855761971799
 20
-68.20000011781477
 30
0.0
 10
-70.14201275783339
 20
-68.16013300659604
 30
0.0
 10
-69.88038484046048
 20
-68.05299014519571
 30
0.0
 10
-69.66360742320865
 20
-67.87857153361378
 30
0.0
 10
-69.52905592284544
 20
-67.65431903300843
 30
0.0
 10
-69.47673033937086
 20
-67.40514958789137
 30
0.0
 10
-69.47673033937086
 20
-67.27807317088168
 30
0.0
  0
LINE
  5
771
330
70
100
AcDbEntity
  8
0
100
AcDbLine
 10
-69.47673033937086
 20
-67.27807317088168
 30
0.0
 11
-69.47673033937086
 21
-66.12192694553858
 31
0.0
  0
SPLINE
  5
772
330
70
100
AcDbEntity
  8
0
100
AcDbSpline
210
0.0
220
0.0
230
1.0
 70
     8
 71
     2
 72
    11
 73
     8
 74
     0
 42
0.000000001
 43
0.0000000001
 40
-6.0
 40
-6.0
 40
-6.0
 40
-5.0
 40
-4.0
 40
-3.0
 40
-2.0
 40
-1.0
 40
0.0
 40
0.0
 40
0.0
 10
-69.47673033937086
 20
-66.12192694553858
 30
0.0
 10
-69.47673033937086
 20
-65.99485052852887
 30
0.0
 10
-69.52905592284544
 20
-65.74817277786299
 30
0.0
 10
-69.66360742320865
 20
-65.52142858280648
 30
0.0
 10
-69.88038484046048
 20
-65.34700997122455
 30
0.0
 10
-70.14201275783339
 20
-65.23986710982422
 30
0.0
 10
-70.42855761971799
 20
-65.19999999860548
 30
0.0
 10
-70.57307589788589
 20
-65.19999999860548
 30
0.0
  0
SPLINE
  5
773
330
70
100
AcDbEntity
  8
0
100
AcDbSpline
210
0.0
220
0.0
230
1.0
 70
     8
 71
     2
 72
     9
 73
     6
 74
     0
 42
0.000000001
 43
0.0000000001
 40
-4.0
 40
-4.0
 40
-4.0
 40
-3.0
 40
-2.0
 40
-1.0
 40
0.0
 40
0.0
 40
0.0
 10
-61.4061320120296
 20
-66.99900339235059
 30
0.0
 10
-61.4061320120296
 20
-66.88189375314557
 30
0.0
 10
-61.41111540093193
 20
-66.64019939138203
 30
0.0
 10
-61.42855726209013
 20
-66.40099672406967
 30
0.0
 10
-61.46344098440651
 20
-66.16428575120846
 30
0.0
 10
-61.47589945666236
 20
-66.04468441755229
 30
0.0
  0
SPLINE
  5
774
330
70
100
AcDbEntity
  8
0
100
AcDbSpline
210
0.0
220
0.0
230
1.0
 70
     8
 71
     2
 72
     9
 73
     6
 74
     0
 42
0.000000001
 43
0.0000000001
 40
-4.0
 40
-4.0
 40
-4.0
 40
-3.0
 40
-2.0
 40
-1.0
 40
0.0
 40
0.0
 40
0.0
 10
-60.65613198222727
 20
-66.40099672406967
 30
0.0
 10
-60.65613198222727
 20
-66.51810636327468
 30
0.0
 10
-60.65114859332492
 20
-66.75980072503822
 30
0.0
 10
-60.63370673216674
 20
-66.99900339235059
 30
0.0
 10
-60.59882300985035
 20
-67.23571436521179
 30
0.0
 10
-60.58636453759449
 20
-67.35531569886797
 30
0.0
  0
SPLINE
  5
775
330
70
100
AcDbEntity
  8
0
100
AcDbSpline
210
0.0
220
0.0
230
1.0
 70
     8
 71
     2
 72
     7
 73
     4
 74
     0
 42
0.000000001
 43
0.0000000001
 40
-2.0
 40
-2.0
 40
-2.0
 40
-1.0
 40
0.0
 40
0.0
 40
0.0
 10
-49.30646375714561
 20
-65.86029902816567
 30
0.0
 10
-49.28902189598741
 20
-65.94750833395663
 30
0.0
 10
-49.2566298681222
 20
-66.11445186218507
 30
0.0
 10
-49.23669631251285
 20
-66.19916947352486
 30
0.0
  0
SPLINE
  5
776
330
70
100
AcDbEntity
  8
0
100
AcDbSpline
210
0.0
220
0.0
230
1.0
 70
     8
 71
     2
 72
     7
 73
     4
 74
     0
 42
0.000000001
 43
0.0000000001
 40
-2.0
 40
-2.0
 40
-2.0
 40
-1.0
 40
0.0
 40
0.0
 40
0.0
 10
-49.37872289622955
 20
-66.19916947352486
 30
0.0
 10
-49.35878934062019
 20
-66.11445186218507
 30
0.0
 10
-49.32639731275497
 20
-65.94750833395663
 30
0.0
 10
-49.30646375714561
 20
-65.86029902816567
 30
0.0
  0
SPLINE
  5
777
330
70
100
AcDbEntity
  8
0
100
AcDbSpline
210
0.0
220
0.0
230
1.0
 70
     8
 71
     2
 72
     9
 73
     6
 74
     0
 42
0.000000001
 43
0.0000000001
 40
-4.0
 40
-4.0
 40
-4.0
 40
-3.0
 40
-2.0
 40
-1.0
 40
0.0
 40
0.0
 40
0.0
 10
-47.33802514072091
 20
-66.99900339235059
 30
0.0
 10
-47.33802514072091
 20
-66.88189375314557
 30
0.0
 10
-47.34300852962326
 20
-66.64019939138203
 30
0.0
 10
-47.36045039078145
 20
-66.40099672406967
 30
0.0
 10
-47.39533411309783
 20
-66.16428575120846
 30
0.0
 10
-47.40779258535368
 20
-66.04468441755229
 30
0.0
  0
SPLINE
  5
778
330
70
100
AcDbEntity
  8
0
100
AcDbSpline
210
0.0
220
0.0
230
1.0
 70
     8
 71
     2
 72
     9
 73
     6
 74
     0
 42
0.000000001
 43
0.0000000001
 40
-4.0
 40
-4.0
 40
-4.0
 40
-3.0
 40
-2.0
 40
-1.0
 40
0.0
 40
0.0
 40
0.0
 10
-46.58802511091859
 20
-66.40099672406967
 30
0.0
 10
-46.58802511091859
 20
-66.51810636327468
 30
0.0
 10
-46.58304172201624
 20
-66.75980072503822
 30
0.0
 10
-46.56559986085805
 20
-66.99900339235059
 30
0.0
 10
-46.53071613854167
 20
-67.23571436521179
 30
0.0
 10
-46.51825766628582
 20
-67.35531569886797
 30
0.0
  0
CIRCLE
  5
779
330
70
100
AcDbEntity
  8
0
100
AcDbCircle
 10
-17.02399697623949
 20
4.924998371138633
 30
0.0
 40
1.0
  0
CIRCLE
  5
77A
330
70
100
AcDbEntity
  8
0
100
AcDbCircle
 10
-74.16207215492014
 20
21.79999999999865
 30
0.0
 40
1.5
  0
CIRCLE
  5
77B
330
70
100
AcDbEntity
  8
0
100
AcDbCircle
 10
-67.41207215492014
 20
21.79999999999866
 30
0.0
 40
1.5
  0
CIRCLE
  5
77C
330
70
100
AcDbEntity
  8
0
100
AcDbCircle
 10
-74.1620721549201
 20
-60.2000000000036
 30
0.0
 40
1.5
  0
CIRCLE
  5
77D
330
70
100
AcDbEntity
  8
0
100
AcDbCircle
 10
-67.4120721549201
 20
-60.20000000000361
 30
0.0
 40
1.5
  0
CIRCLE
  5
77E
330
70
100
AcDbEntity
  8
0
100
AcDbCircle
 10
-9.750000000002049
 20
13.15000000001132
 30
0.0
 40
1.5
  0
CIRCLE
  5
77F
330
70
100
AcDbEntity
  8
0
100
AcDbCircle
 10
3.249999999997934
 20
13.15000000001138
 30
0.0
 40
1.5
  0
CIRCLE
  5
780
330
70
100
AcDbEntity
  8
0
100
AcDbCircle
 10
3.249999999999805
 20
6.649999999999732
 30
0.0
 40
1.5
  0
CIRCLE
  5
781
330
70
100
AcDbEntity
  8
0
100
AcDbCircle
 10
3.249999999995624
 20
-45.05000000000282
 30
0.0
 40
1.5
  0
CIRCLE
  5
782
330
70
100
AcDbEntity
  8
0
100
AcDbCircle
 10
3.249999999994082
 20
-51.55000000001679
 30
0.0
 40
1.5
  0
CIRCLE
  5
783
330
70
100
AcDbEntity
  8
0
100
AcDbCircle
 10
-9.750000000005616
 20
-51.55000000001674
 30
0.0
 40
1.5
  0
ENDSEC
  0
SECTION
  2
OBJECTS
  0
DICTIONARY
  5
C
330
0
100
AcDbDictionary
281
     1
  3
ACAD_CIP_PREVIOUS_PRODUCT_INFO
350
784
  3
ACAD_COLOR
350
63
  3
ACAD_DETAILVIEWSTYLE
350
6A
  3
ACAD_GROUP
350
D
  3
ACAD_LAYOUT
350
62
  3
ACAD_MATERIAL
350
10
  3
ACAD_MLEADERSTYLE
350
66
  3
ACAD_MLINESTYLE
350
5F
  3
ACAD_PLOTSETTINGS
350
61
  3
ACAD_PLOTSTYLENAME
350
E
  3
ACAD_SCALELIST
350
42
  3
ACAD_SECTIONVIEWSTYLE
350
68
  3
ACAD_TABLESTYLE
350
64
  3
ACAD_VISUALSTYLE
350
29
  3
ACDB_RECOMPOSE_DATA
350
78D
  3
AcDbVariableDictionary
350
785
  0
XRECORD
  5
784
102
{ACAD_REACTORS
330
C
102
}
330
C
100
AcDbXrecord
280
     1
300

300

300

  0
DICTIONARY
  5
63
102
{ACAD_REACTORS
330
C
102
}
330
C
100
AcDbDictionary
281
     1
  0
DICTIONARY
  5
6A
102
{ACAD_REACTORS
330
C
102
}
330
C
100
AcDbDictionary
281
     1
  3
Imperial24
350
6B
  0
DICTIONARY
  5
D
102
{ACAD_REACTORS
330
C
102
}
330
C
100
AcDbDictionary
281
     1
  0
DICTIONARY
  5
62
102
{ACAD_REACTORS
330
C
102
}
330
C
100
AcDbDictionary
281
     1
  3
Layout1
350
6F
  3
Layout2
350
77
  3
Model
350
73
  0
DICTIONARY
  5
10
102
{ACAD_REACTORS
330
C
102
}
330
C
100
AcDbDictionary
281
     1
  3
ByBlock
350
19
  3
ByLayer
350
11
  3
Global
350
21
  0
DICTIONARY
  5
66
102
{ACAD_REACTORS
330
C
102
}
330
C
100
AcDbDictionary
281
     1
  3
Standard
350
67
  0
DICTIONARY
  5
5F
102
{ACAD_REACTORS
330
C
102
}
330
C
100
AcDbDictionary
281
     1
  3
Standard
350
60
  0
DICTIONARY
  5
61
102
{ACAD_REACTORS
330
C
102
}
330
C
100
AcDbDictionary
281
     1
  0
ACDBDICTIONARYWDFLT
  5
E
102
{ACAD_REACTORS
330
C
102
}
330
C
100
AcDbDictionary
281
     1
  3
Normal
350
F
100
AcDbDictionaryWithDefault
340
F
  0
DICTIONARY
  5
42
102
{ACAD_REACTORS
330
C
102
}
330
C
100
AcDbDictionary
281
     1
  3
A0
350
43
  3
A1
350
44
  3
A2
350
45
  3
A3
350
46
  3
A4
350
47
  3
A5
350
48
  3
A6
350
49
  3
A7
350
4A
  3
A8
350
4B
  3
A9
350
4C
  3
B0
350
4D
  3
B1
350
4E
  3
B2
350
4F
  3
B3
350
50
  3
B4
350
51
  3
B5
350
52
  3
B6
350
53
  0
DICTIONARY
  5
68
102
{ACAD_REACTORS
330
C
102
}
330
C
100
AcDbDictionary
281
     1
  3
Imperial24
350
69
  0
DICTIONARY
  5
64
102
{ACAD_REACTORS
330
C
102
}
330
C
100
AcDbDictionary
281
     1
  3
Standard
350
65
  0
DICTIONARY
  5
29
102
{ACAD_REACTORS
330
C
102
}
330
C
100
AcDbDictionary
281
     1
  3
2dWireframe
350
2F
  3
Basic
350
2E
  3
Brighten
350
35
  3
ColorChange
350
39
  3
Conceptual
350
32
  3
Dim
350
34
  3
EdgeColorOff
350
41
  3
Facepattern
350
38
  3
Flat
350
2A
  3
FlatWithEdges
350
2B
  3
Gouraud
350
2C
  3
GouraudWithEdges
350
2D
  3
Hidden
350
31
  3
JitterOff
350
3F
  3
Linepattern
350
37
  3
OverhangOff
350
40
  3
Realistic
350
33
  3
Shaded
350
3E
  3
Shaded with edges
350
3D
  3
Shades of Gray
350
3A
  3
Sketchy
350
3B
  3
Thicken
350
36
  3
Wireframe
350
30
  3
X-Ray
350
3C
  0
XRECORD
  5
78D
102
{ACAD_REACTORS
330
C
102
}
330
C
100
AcDbXrecord
280
     1
 90
        1
330
65
  0
DICTIONARY
  5
785
102
{ACAD_REACTORS
330
C
102
}
330
C
100
AcDbDictionary
281
     1
  3
CANNOSCALE
350
78A
  3
CMLEADERSTYLE
350
787
  3
CTABLESTYLE
350
786
  3
CVIEWDETAILSTYLE
350
788
  3
CVIEWSECTIONSTYLE
350
789
  0
ACDBDETAILVIEWSTYLE
  5
6B
102
{ACAD_REACTORS
330
6A
102
}
330
6A
100
AcDbModelDocViewStyle
 70
     0
  3
Imperial24
290
     1
300
Imperial24
 90
        0
100
AcDbDetailViewStyle
 70
     0
 71
     0
 90
        3
 71
     1
340
55
 62
   256
 40
0.24
340
0
 62
   256
 40
0.24
300

 40
0.36
280
     3
 71
     2
340
5D
 90
       25
 62
   256
 71
     3
340
55
 62
   256
 40
0.24
 90
        1
 40
0.75
 90
        1
300
%<\AcVar ViewType \f "%tc1">% %<\AcVar ViewDetailId>%\PSCALE %<\AcVar ViewScale \f "%sn">%
 71
     4
340
5D
 90
       25
 62
   256
340
5D
 90
       25
 62
   256
280
     0
  0
LAYOUT
  5
6F
102
{ACAD_REACTORS
330
62
102
}
330
62
100
AcDbPlotSettings
  1

  2

  4

  6

 40
0.0
 41
0.0
 42
0.0
 43
0.0
 44
0.0
 45
0.0
 46
0.0
 47
0.0
 48
0.0
 49
0.0
140
0.0
141
0.0
142
1.0
143
1.0
 70
   688
 72
     0
 73
     0
 74
     5
  7

 75
    16
147
1.0
 76
     0
 77
     2
 78
   300
148
0.0
149
0.0
100
AcDbLayout
  1
Layout1
 70
     1
 71
     1
 10
0.0
 20
0.0
 11
12.0
 21
9.0
 12
0.0
 22
0.0
 32
0.0
 14
0.0
 24
0.0
 34
0.0
 15
0.0
 25
0.0
 35
0.0
146
0.0
 13
0.0
 23
0.0
 33
0.0
 16
1.0
 26
0.0
 36
0.0
 17
0.0
 27
1.0
 37
0.0
 76
     0
330
6C
  0
LAYOUT
  5
77
102
{ACAD_REACTORS
330
62
102
}
330
62
100
AcDbPlotSettings
  1

  2

  4

  6

 40
0.0
 41
0.0
 42
0.0
 43
0.0
 44
0.0
 45
0.0
 46
0.0
 47
0.0
 48
0.0
 49
0.0
140
0.0
141
0.0
142
1.0
143
1.0
 70
   688
 72
     0
 73
     0
 74
     5
  7

 75
    16
147
1.0
 76
     0
 77
     2
 78
   300
148
0.0
149
0.0
100
AcDbLayout
  1
Layout2
 70
     1
 71
     2
 10
0.0
 20
0.0
 11
12.0
 21
9.0
 12
0.0
 22
0.0
 32
0.0
 14
0.0
 24
0.0
 34
0.0
 15
0.0
 25
0.0
 35
0.0
146
0.0
 13
0.0
 23
0.0
 33
0.0
 16
1.0
 26
0.0
 36
0.0
 17
0.0
 27
1.0
 37
0.0
 76
     0
330
74
  0
LAYOUT
  5
73
102
{ACAD_REACTORS
330
62
102
}
330
62
100
AcDbPlotSettings
  1

  2

  4

  6

 40
0.0
 41
0.0
 42
0.0
 43
0.0
 44
0.0
 45
0.0
 46
0.0
 47
0.0
 48
0.0
 49
0.0
140
0.0
141
0.0
142
1.0
143
1.0
 70
  1712
 72
     0
 73
     0
 74
     0
  7

 75
     0
147
1.0
 76
     0
 77
     2
 78
   300
148
0.0
149
0.0
100
AcDbLayout
  1
Model
 70
     1
 71
     0
 10
0.0
 20
0.0
 11
12.0
 21
9.0
 12
0.0
 22
0.0
 32
0.0
 14
0.0
 24
0.0
 34
0.0
 15
0.0
 25
0.0
 35
0.0
146
0.0
 13
0.0
 23
0.0
 33
0.0
 16
1.0
 26
0.0
 36
0.0
 17
0.0
 27
1.0
 37
0.0
 76
     0
330
70
  0
MATERIAL
  5
19
102
{ACAD_XDICTIONARY
360
1A
102
}
102
{ACAD_REACTORS
330
10
102
}
330
10
100
AcDbMaterial
  1
ByBlock
 72
     0
 43
0.0208333333333333
 43
0.0
 43
0.0
 43
0.0
 43
0.0
 43
0.0208333333333333
 43
0.0
 43
0.0
 43
0.0
 43
0.0
 43
1.0
 43
0.0
 43
0.0
 43
0.0
 43
0.0
 43
1.0
 77
     0
 47
0.0208333333333333
 47
0.0
 47
0.0
 47
0.0
 47
0.0
 47
0.0208333333333333
 47
0.0
 47
0.0
 47
0.0
 47
0.0
 47
1.0
 47
0.0
 47
0.0
 47
0.0
 47
0.0
 47
1.0
171
     0
 49
0.0208333333333333
 49
0.0
 49
0.0
 49
0.0
 49
0.0
 49
0.0208333333333333
 49
0.0
 49
0.0
 49
0.0
 49
0.0
 49
1.0
 49
0.0
 49
0.0
 49
0.0
 49
0.0
 49
1.0
175
     0
142
0.0208333333333333
142
0.0
142
0.0
142
0.0
142
0.0
142
0.0208333333333333
142
0.0
142
0.0
142
0.0
142
0.0
142
1.0
142
0.0
142
0.0
142
0.0
142
0.0
142
1.0
179
     0
144
0.0208333333333333
144
0.0
144
0.0
144
0.0
144
0.0
144
0.0208333333333333
144
0.0
144
0.0
144
0.0
144
0.0
144
1.0
144
0.0
144
0.0
144
0.0
144
0.0
144
1.0
147
0.0208333333333333
147
0.0
147
0.0
147
0.0
147
0.0
147
0.0208333333333333
147
0.0
147
0.0
147
0.0
147
0.0
147
1.0
147
0.0
147
0.0
147
0.0
147
0.0
147
1.0
  0
MATERIAL
  5
11
102
{ACAD_XDICTIONARY
360
12
102
}
102
{ACAD_REACTORS
330
10
102
}
330
10
100
AcDbMaterial
  1
ByLayer
 72
     0
 43
0.0208333333333333
 43
0.0
 43
0.0
 43
0.0
 43
0.0
 43
0.0208333333333333
 43
0.0
 43
0.0
 43
0.0
 43
0.0
 43
1.0
 43
0.0
 43
0.0
 43
0.0
 43
0.0
 43
1.0
 77
     0
 47
0.0208333333333333
 47
0.0
 47
0.0
 47
0.0
 47
0.0
 47
0.0208333333333333
 47
0.0
 47
0.0
 47
0.0
 47
0.0
 47
1.0
 47
0.0
 47
0.0
 47
0.0
 47
0.0
 47
1.0
171
     0
 49
0.0208333333333333
 49
0.0
 49
0.0
 49
0.0
 49
0.0
 49
0.0208333333333333
 49
0.0
 49
0.0
 49
0.0
 49
0.0
 49
1.0
 49
0.0
 49
0.0
 49
0.0
 49
0.0
 49
1.0
175
     0
142
0.0208333333333333
142
0.0
142
0.0
142
0.0
142
0.0
142
0.0208333333333333
142
0.0
142
0.0
142
0.0
142
0.0
142
1.0
142
0.0
142
0.0
142
0.0
142
0.0
142
1.0
179
     0
144
0.0208333333333333
144
0.0
144
0.0
144
0.0
144
0.0
144
0.0208333333333333
144
0.0
144
0.0
144
0.0
144
0.0
144
1.0
144
0.0
144
0.0
144
0.0
144
0.0
144
1.0
147
0.0208333333333333
147
0.0
147
0.0
147
0.0
147
0.0
147
0.0208333333333333
147
0.0
147
0.0
147
0.0
147
0.0
147
1.0
147
0.0
147
0.0
147
0.0
147
0.0
147
1.0
  0
MATERIAL
  5
21
102
{ACAD_XDICTIONARY
360
22
102
}
102
{ACAD_REACTORS
330
10
102
}
330
10
100
AcDbMaterial
  1
Global
 72
     0
 43
0.0208333333333333
 43
0.0
 43
0.0
 43
0.0
 43
0.0
 43
0.0208333333333333
 43
0.0
 43
0.0
 43
0.0
 43
0.0
 43
1.0
 43
0.0
 43
0.0
 43
0.0
 43
0.0
 43
1.0
 77
     0
 47
0.0208333333333333
 47
0.0
 47
0.0
 47
0.0
 47
0.0
 47
0.0208333333333333
 47
0.0
 47
0.0
 47
0.0
 47
0.0
 47
1.0
 47
0.0
 47
0.0
 47
0.0
 47
0.0
 47
1.0
171
     0
 49
0.0208333333333333
 49
0.0
 49
0.0
 49
0.0
 49
0.0
 49
0.0208333333333333
 49
0.0
 49
0.0
 49
0.0
 49
0.0
 49
1.0
 49
0.0
 49
0.0
 49
0.0
 49
0.0
 49
1.0
175
     0
142
0.0208333333333333
142
0.0
142
0.0
142
0.0
142
0.0
142
0.0208333333333333
142
0.0
142
0.0
142
0.0
142
0.0
142
1.0
142
0.0
142
0.0
142
0.0
142
0.0
142
1.0
179
     0
144
0.0208333333333333
144
0.0
144
0.0
144
0.0
144
0.0
144
0.0208333333333333
144
0.0
144
0.0
144
0.0
144
0.0
144
1.0
144
0.0
144
0.0
144
0.0
144
0.0
144
1.0
147
0.0208333333333333
147
0.0
147
0.0
147
0.0
147
0.0
147
0.0208333333333333
147
0.0
147
0.0
147
0.0
147
0.0
147
1.0
147
0.0
147
0.0
147
0.0
147
0.0
147
1.0
  0
MLEADERSTYLE
  5
67
102
{ACAD_REACTORS
330
66
102
}
330
66
100
AcDbMLeaderStyle
179
     2
170
     2
171
     1
172
     0
 90
        2
 40
0.0
 41
0.0
173
     1
 91
-1056964608
340
5B
 92
       -2
290
     1
 42
0.09
291
     1
 43
0.36
  3
Standard
 44
0.18
300

342
55
174
     1
178
     6
175
     1
176
     0
 93
-1056964608
 45
0.18
292
     0
297
     0
 46
0.18
 94
-1056964608
 47
1.0
 49
1.0
140
1.0
293
     1
141
0.0
294
     1
177
     0
142
1.0
295
     1
296
     0
143
0.125
271
     0
272
     9
273
     9
298
     1
  0
MLINESTYLE
  5
60
102
{ACAD_REACTORS
330
5F
102
}
330
5F
100
AcDbMlineStyle
  2
STANDARD
 70
     0
  3

 62
   256
 51
90.0
 52
90.0
 71
     2
 49
0.5
 62
   256
  6
BYLAYER
 49
-0.5
 62
   256
  6
BYLAYER
  0
ACDBPLACEHOLDER
  5
F
102
{ACAD_REACTORS
330
E
102
}
330
E
  0
SCALE
  5
43
102
{ACAD_REACTORS
330
42
102
}
330
42
100
AcDbScale
 70
     0
300
1:1
140
1.0
141
1.0
290
     1
  0
SCALE
  5
44
102
{ACAD_REACTORS
330
42
102
}
330
42
100
AcDbScale
 70
     0
300
1/128" = 1'-0"
140
0.0078125
141
12.0
290
     0
  0
SCALE
  5
45
102
{ACAD_REACTORS
330
42
102
}
330
42
100
AcDbScale
 70
     0
300
1/64" = 1'-0"
140
0.015625
141
12.0
290
     0
  0
SCALE
  5
46
102
{ACAD_REACTORS
330
42
102
}
330
42
100
AcDbScale
 70
     0
300
1/32" = 1'-0"
140
0.03125
141
12.0
290
     0
  0
SCALE
  5
47
102
{ACAD_REACTORS
330
42
102
}
330
42
100
AcDbScale
 70
     0
300
1/16" = 1'-0"
140
0.0625
141
12.0
290
     0
  0
SCALE
  5
48
102
{ACAD_REACTORS
330
42
102
}
330
42
100
AcDbScale
 70
     0
300
3/32" = 1'-0"
140
0.09375
141
12.0
290
     0
  0
SCALE
  5
49
102
{ACAD_REACTORS
330
42
102
}
330
42
100
AcDbScale
 70
     0
300
1/8" = 1'-0"
140
0.125
141
12.0
290
     0
  0
SCALE
  5
4A
102
{ACAD_REACTORS
330
42
102
}
330
42
100
AcDbScale
 70
     0
300
3/16" = 1'-0"
140
0.1875
141
12.0
290
     0
  0
SCALE
  5
4B
102
{ACAD_REACTORS
330
42
102
}
330
42
100
AcDbScale
 70
     0
300
1/4" = 1'-0"
140
0.25
141
12.0
290
     0
  0
SCALE
  5
4C
102
{ACAD_REACTORS
330
42
102
}
330
42
100
AcDbScale
 70
     0
300
3/8" = 1'-0"
140
0.375
141
12.0
290
     0
  0
SCALE
  5
4D
102
{ACAD_REACTORS
330
42
102
}
330
42
100
AcDbScale
 70
     0
300
1/2" = 1'-0"
140
0.5
141
12.0
290
     0
  0
SCALE
  5
4E
102
{ACAD_REACTORS
330
42
102
}
330
42
100
AcDbScale
 70
     0
300
3/4" = 1'-0"
140
0.75
141
12.0
290
     0
  0
SCALE
  5
4F
102
{ACAD_REACTORS
330
42
102
}
330
42
100
AcDbScale
 70
     0
300
1" = 1'-0"
140
1.0
141
12.0
290
     0
  0
SCALE
  5
50
102
{ACAD_REACTORS
330
42
102
}
330
42
100
AcDbScale
 70
     0
300
1-1/2" = 1'-0"
140
1.5
141
12.0
290
     0
  0
SCALE
  5
51
102
{ACAD_REACTORS
330
42
102
}
330
42
100
AcDbScale
 70
     0
300
3" = 1'-0"
140
3.0
141
12.0
290
     0
  0
SCALE
  5
52
102
{ACAD_REACTORS
330
42
102
}
330
42
100
AcDbScale
 70
     0
300
6" = 1'-0"
140
6.0
141
12.0
290
     0
  0
SCALE
  5
53
102
{ACAD_REACTORS
330
42
102
}
330
42
100
AcDbScale
 70
     0
300
1'-0" = 1'-0"
140
12.0
141
12.0
290
     0
  0
ACDBSECTIONVIEWSTYLE
  5
69
102
{ACAD_REACTORS
330
68
102
}
330
68
100
AcDbModelDocViewStyle
 70
     0
  3
Imperial24
290
     1
300
Imperial24
 90
        0
100
AcDbSectionViewStyle
 70
     0
 71
     0
 90
       78
 71
     1
340
55
 62
   256
 40
0.24
340
0
340
0
 62
   256
 40
0.24
300
I, O, Q, S, X, Z
 40
0.48
 90
        3
 40
0.18
 90
        1
 71
     2
340
5D
 90
       25
 62
   256
340
5D
 90
       50
 62
   256
 40
0.24
 40
0.0
 40
0.24
 71
     3
340
55
 62
   256
 40
0.24
 90
        1
 40
0.75
 90
        1
300
%<\AcVar ViewType \f "%tc1">% %<\AcVar ViewSectionStartId>%-%<\AcVar ViewSectionEndId>%\PSCALE %<\AcVar ViewScale \f "%sn">%
 71
     4
 62
   256
 62
   257
300
ANSI31
 40
1.0
 90
        0
290
     0
290
     0
 90
        6
 40
0.0
 40
1.570796326794896
 40
0.2617993877991494
 40
1.308996938995747
 40
-0.2617993877991494
 40
1.832595714594046
  0
TABLESTYLE
  5
65
102
{ACAD_XDICTIONARY
360
78B
102
}
102
{ACAD_REACTORS
330
64
102
}
330
64
100
AcDbTableStyle
280
     0
  3
Standard
 70
     0
 71
     0
 40
0.06
 41
0.06
280
     0
281
     0
  7
Standard
140
0.18
170
     2
 62
     0
 63
     7
283
     0
 90
      512
 91
        0
  1

274
    -2
284
     1
 64
     0
275
    -2
285
     1
 65
     0
276
    -2
286
     1
 66
     0
277
    -2
287
     1
 67
     0
278
    -2
288
     1
 68
     0
279
    -2
289
     1
 69
     0
  7
Standard
140
0.25
170
     5
 62
     0
 63
     7
283
     0
 90
      512
 91
        0
  1

274
    -2
284
     1
 64
     0
275
    -2
285
     1
 65
     0
276
    -2
286
     1
 66
     0
277
    -2
287
     1
 67
     0
278
    -2
288
     1
 68
     0
279
    -2
289
     1
 69
     0
  7
Standard
140
0.18
170
     5
 62
     0
 63
     7
283
     0
 90
      512
 91
        0
  1

274
    -2
284
     1
 64
     0
275
    -2
285
     1
 65
     0
276
    -2
286
     1
 66
     0
277
    -2
287
     1
 67
     0
278
    -2
288
     1
 68
     0
279
    -2
289
     1
 69
     0
  0
VISUALSTYLE
  5
2F
102
{ACAD_REACTORS
330
29
102
}
330
29
100
AcDbVisualStyle
  2
2dWireframe
 70
     4
177
     3
291
     0
 70
    58
 90
        0
176
     1
 90
        2
176
     1
 90
        0
176
     1
 90
        0
176
     1
 40
0.6
176
     1
 40
30.0
176
     1
 62
     7
420
 16777215
176
     1
 90
        1
176
     1
 90
        4
176
     1
 62
     7
176
     1
 62
   257
176
     1
 90
        1
176
     1
 90
        1
176
     1
 40
1.0
176
     1
 90
        0
176
     1
 62
   257
176
     1
 40
1.0
176
     1
 90
        1
176
     1
 90
        6
176
     1
 90
        2
176
     1
 62
     7
176
     1
 90
        5
176
     1
 90
        0
176
     1
 90
        0
176
     1
290
     0
176
     1
 90
        1
176
     1
 40
0.0
176
     1
 90
        0
176
     1
290
     1
176
     1
290
     1
176
     1
290
     0
176
     1
290
     0
176
     1
290
     0
176
     1
290
     0
176
     1
290
     0
176
     1
290
     0
176
     1
290
     0
176
     1
 90
       50
176
     1
 40
0.0
176
     1
 40
1.0
176
     1
 90
        0
176
     1
 62
    18
420
        0
176
     1
 90
       50
176
     1
 90
        3
176
     1
 62
     5
420
      255
176
     1
290
     0
176
     1
 90
       50
176
     1
 90
       50
176
     1
 90
       50
176
     1
290
     0
176
     1
 90
       50
176
     1
 62
   256
176
     0
 40
1.0
176
     0
 90
        2
176
     1
  1
strokes_ogs.tif
176
     1
290
     0
176
     1
 40
1.0
176
     1
 40
1.0
176
     1
  0
VISUALSTYLE
  5
2E
102
{ACAD_REACTORS
330
29
102
}
330
29
100
AcDbVisualStyle
  2
Basic
 70
     7
177
     3
291
     1
 70
    58
 90
        1
176
     1
 90
        0
176
     1
 90
        1
176
     1
 90
        0
176
     1
 40
0.6
176
     1
 40
30.0
176
     1
 62
     7
420
 16777215
176
     1
 90
        0
176
     1
 90
        4
176
     1
 62
     7
176
     1
 62
   257
176
     1
 90
        1
176
     1
 90
        1
176
     1
 40
1.0
176
     1
 90
        8
176
     1
 62
     7
176
     1
 40
1.0
176
     1
 90
        1
176
     1
 90
        6
176
     1
 90
        2
176
     1
 62
     7
176
     1
 90
        5
176
     1
 90
        0
176
     1
 90
        0
176
     1
290
     0
176
     1
 90
        1
176
     1
 40
0.0
176
     1
 90
        0
176
     1
290
     0
176
     1
290
     1
176
     1
290
     1
176
     1
290
     0
176
     1
290
     0
176
     1
290
     0
176
     1
290
     0
176
     1
290
     0
176
     1
290
     0
176
     1
 90
       50
176
     1
 40
0.0
176
     1
 40
1.0
176
     1
 90
        0
176
     1
 62
    18
420
        0
176
     1
 90
       50
176
     1
 90
        3
176
     1
 62
     5
420
      255
176
     1
290
     0
176
     1
 90
       50
176
     1
 90
       50
176
     1
 90
       50
176
     1
290
     0
176
     1
 90
       50
176
     1
 62
   256
176
     0
 40
1.0
176
     0
 90
        2
176
     1
  1
strokes_ogs.tif
176
     1
290
     0
176
     1
 40
1.0
176
     1
 40
1.0
176
     1
  0
VISUALSTYLE
  5
35
102
{ACAD_REACTORS
330
29
102
}
330
29
100
AcDbVisualStyle
  2
Brighten
 70
    12
177
     3
291
     1
 70
    58
 90
        2
176
     1
 90
        2
176
     1
 90
        0
176
     1
 90
        0
176
     1
 40
0.6
176
     1
 40
30.0
176
     1
 62
     7
420
 16777215
176
     1
 90
        1
176
     1
 90
        4
176
     1
 62
     7
176
     1
 62
   257
176
     1
 90
        1
176
     1
 90
        1
176
     1
 40
1.0
176
     1
 90
        8
176
     1
 62
     7
176
     1
 40
1.0
176
     1
 90
        1
176
     1
 90
        6
176
     1
 90
        2
176
     1
 62
     7
176
     1
 90
        5
176
     1
 90
        0
176
     1
 90
        0
176
     1
290
     0
176
     1
 90
        1
176
     1
 40
50.0
176
     1
 90
        0
176
     1
290
     0
176
     1
290
     1
176
     1
290
     1
176
     1
290
     0
176
     1
290
     0
176
     1
290
     0
176
     1
290
     0
176
     1
290
     0
176
     1
290
     0
176
     1
 90
       50
176
     1
 40
0.0
176
     1
 40
1.0
176
     1
 90
        0
176
     1
 62
    18
420
        0
176
     1
 90
       50
176
     1
 90
        3
176
     1
 62
     5
420
      255
176
     1
290
     0
176
     1
 90
       50
176
     1
 90
       50
176
     1
 90
       50
176
     1
290
     0
176
     1
 90
       50
176
     1
 62
   256
176
     0
 40
1.0
176
     0
 90
        2
176
     1
  1
strokes_ogs.tif
176
     1
290
     0
176
     1
 40
1.0
176
     1
 40
1.0
176
     1
  0
VISUALSTYLE
  5
39
102
{ACAD_REACTORS
330
29
102
}
330
29
100
AcDbVisualStyle
  2
ColorChange
 70
    16
177
     3
291
     1
 70
    58
 90
        2
176
     1
 90
        2
176
     1
 90
        3
176
     1
 90
        0
176
     1
 40
0.6
176
     1
 40
30.0
176
     1
 62
     8
420
  8421504
176
     1
 90
        1
176
     1
 90
        4
176
     1
 62
     7
176
     1
 62
   257
176
     1
 90
        1
176
     1
 90
        1
176
     1
 40
1.0
176
     1
 90
        8
176
     1
 62
     8
420
  8421504
176
     1
 40
1.0
176
     1
 90
        1
176
     1
 90
        6
176
     1
 90
        2
176
     1
 62
     7
176
     1
 90
        5
176
     1
 90
        0
176
     1
 90
        0
176
     1
290
     0
176
     1
 90
        1
176
     1
 40
0.0
176
     1
 90
        0
176
     1
290
     0
176
     1
290
     1
176
     1
290
     1
176
     1
290
     0
176
     1
290
     0
176
     1
290
     0
176
     1
290
     0
176
     1
290
     0
176
     1
290
     0
176
     1
 90
       50
176
     1
 40
0.0
176
     1
 40
1.0
176
     1
 90
        0
176
     1
 62
    18
420
        0
176
     1
 90
       50
176
     1
 90
        3
176
     1
 62
     5
420
      255
176
     1
290
     0
176
     1
 90
       50
176
     1
 90
       50
176
     1
 90
       50
176
     1
290
     0
176
     1
 90
       50
176
     1
 62
   256
176
     0
 40
1.0
176
     0
 90
        2
176
     1
  1
strokes_ogs.tif
176
     1
290
     0
176
     1
 40
1.0
176
     1
 40
1.0
176
     1
  0
VISUALSTYLE
  5
32
102
{ACAD_REACTORS
330
29
102
}
330
29
100
AcDbVisualStyle
  2
Conceptual
 70
     9
177
     3
291
     0
 70
    58
 90
        3
176
     1
 90
        2
176
     1
 90
        0
176
     1
 90
        0
176
     1
 40
0.6
176
     1
 40
30.0
176
     1
 62
     7
420
 16777215
176
     1
 90
        2
176
     1
 90
        2
176
     1
 62
     7
176
     1
 62
   257
176
     1
 90
        1
176
     1
 90
        1
176
     1
 40
179.0
176
     1
 90
        8
176
     1
 62
     7
176
     1
 40
1.0
176
     1
 90
        1
176
     1
 90
        6
176
     1
 90
        2
176
     1
 62
     7
176
     1
 90
        3
176
     1
 90
        0
176
     1
 90
        0
176
     1
290
     0
176
     1
 90
        1
176
     1
 40
0.0
176
     1
 90
        0
176
     1
290
     0
176
     1
290
     1
176
     1
290
     1
176
     1
290
     0
176
     1
290
     0
176
     1
290
     0
176
     1
290
     0
176
     1
290
     0
176
     1
290
     0
176
     1
 90
       50
176
     1
 40
0.0
176
     1
 40
1.0
176
     1
 90
        0
176
     1
 62
    18
420
        0
176
     1
 90
       50
176
     1
 90
        3
176
     1
 62
     5
420
      255
176
     1
290
     0
176
     1
 90
       50
176
     1
 90
       50
176
     1
 90
       50
176
     1
290
     0
176
     1
 90
       50
176
     1
 62
   256
176
     0
 40
1.0
176
     0
 90
        2
176
     1
  1
strokes_ogs.tif
176
     1
290
     0
176
     1
 40
1.0
176
     1
 40
1.0
176
     1
  0
VISUALSTYLE
  5
34
102
{ACAD_REACTORS
330
29
102
}
330
29
100
AcDbVisualStyle
  2
Dim
 70
    11
177
     3
291
     1
 70
    58
 90
        2
176
     1
 90
        2
176
     1
 90
        0
176
     1
 90
        0
176
     1
 40
0.6
176
     1
 40
30.0
176
     1
 62
     7
420
 16777215
176
     1
 90
        1
176
     1
 90
        4
176
     1
 62
     7
176
     1
 62
   257
176
     1
 90
        1
176
     1
 90
        1
176
     1
 40
1.0
176
     1
 90
        8
176
     1
 62
     7
176
     1
 40
1.0
176
     1
 90
        1
176
     1
 90
        6
176
     1
 90
        2
176
     1
 62
     7
176
     1
 90
        5
176
     1
 90
        0
176
     1
 90
        0
176
     1
290
     0
176
     1
 90
        1
176
     1
 40
-50.0
176
     1
 90
        0
176
     1
290
     0
176
     1
290
     1
176
     1
290
     1
176
     1
290
     0
176
     1
290
     0
176
     1
290
     0
176
     1
290
     0
176
     1
290
     0
176
     1
290
     0
176
     1
 90
       50
176
     1
 40
0.0
176
     1
 40
1.0
176
     1
 90
        0
176
     1
 62
    18
420
        0
176
     1
 90
       50
176
     1
 90
        3
176
     1
 62
     5
420
      255
176
     1
290
     0
176
     1
 90
       50
176
     1
 90
       50
176
     1
 90
       50
176
     1
290
     0
176
     1
 90
       50
176
     1
 62
   256
176
     0
 40
1.0
176
     0
 90
        2
176
     1
  1
strokes_ogs.tif
176
     1
290
     0
176
     1
 40
1.0
176
     1
 40
1.0
176
     1
  0
VISUALSTYLE
  5
41
102
{ACAD_REACTORS
330
29
102
}
330
29
100
AcDbVisualStyle
  2
EdgeColorOff
 70
    22
177
     3
291
     1
 70
    58
 90
        2
176
     0
 90
        2
176
     0
 90
        0
176
     0
 90
        0
176
     0
 40
0.6
176
     0
 40
30.0
176
     0
 62
     7
420
 16777215
176
     0
 90
        1
176
     0
 90
        4
176
     0
 62
     7
176
     0
 62
   257
176
     0
 90
        1
176
     0
 90
        1
176
     0
 40
1.0
176
     0
 90
        8
176
     2
 62
     7
176
     0
 40
1.0
176
     0
 90
        1
176
     0
 90
        6
176
     0
 90
        2
176
     0
 62
     7
176
     0
 90
        5
176
     0
 90
        0
176
     0
 90
        0
176
     0
290
     0
176
     0
 90
        1
176
     0
 40
0.0
176
     0
 90
        0
176
     0
290
     0
176
     0
290
     1
176
     0
290
     1
176
     0
290
     0
176
     0
290
     0
176
     0
290
     0
176
     0
290
     0
176
     0
290
     0
176
     0
290
     0
176
     0
 90
       50
176
     0
 40
0.0
176
     0
 40
1.0
176
     0
 90
        0
176
     0
 62
    18
420
        0
176
     0
 90
       50
176
     0
 90
        3
176
     0
 62
     5
420
      255
176
     0
290
     0
176
     0
 90
       50
176
     0
 90
       50
176
     0
 90
       50
176
     0
290
     0
176
     0
 90
       50
176
     0
 62
   256
176
     0
 40
1.0
176
     0
 90
        2
176
     0
  1
strokes_ogs.tif
176
     0
290
     0
176
     0
 40
1.0
176
     0
 40
1.0
176
     0
  0
VISUALSTYLE
  5
38
102
{ACAD_REACTORS
330
29
102
}
330
29
100
AcDbVisualStyle
  2
Facepattern
 70
    15
177
     3
291
     1
 70
    58
 90
        2
176
     1
 90
        2
176
     1
 90
        0
176
     1
 90
        0
176
     1
 40
0.6
176
     1
 40
30.0
176
     1
 62
     7
420
 16777215
176
     1
 90
        1
176
     1
 90
        4
176
     1
 62
     7
176
     1
 62
   257
176
     1
 90
        1
176
     1
 90
        1
176
     1
 40
1.0
176
     1
 90
        8
176
     1
 62
     7
176
     1
 40
1.0
176
     1
 90
        1
176
     1
 90
        6
176
     1
 90
        2
176
     1
 62
     7
176
     1
 90
        5
176
     1
 90
        0
176
     1
 90
        0
176
     1
290
     0
176
     1
 90
        1
176
     1
 40
0.0
176
     1
 90
        0
176
     1
290
     0
176
     1
290
     1
176
     1
290
     1
176
     1
290
     0
176
     1
290
     0
176
     1
290
     0
176
     1
290
     0
176
     1
290
     0
176
     1
290
     0
176
     1
 90
       50
176
     1
 40
0.0
176
     1
 40
1.0
176
     1
 90
        0
176
     1
 62
    18
420
        0
176
     1
 90
       50
176
     1
 90
        3
176
     1
 62
     5
420
      255
176
     1
290
     0
176
     1
 90
       50
176
     1
 90
       50
176
     1
 90
       50
176
     1
290
     0
176
     1
 90
       50
176
     1
 62
   256
176
     0
 40
1.0
176
     0
 90
        2
176
     1
  1
strokes_ogs.tif
176
     1
290
     0
176
     1
 40
1.0
176
     1
 40
1.0
176
     1
  0
VISUALSTYLE
  5
2A
102
{ACAD_REACTORS
330
29
102
}
330
29
100
AcDbVisualStyle
  2
Flat
 70
     0
177
     3
291
     1
 70
    58
 90
        2
176
     1
 90
        1
176
     1
 90
        1
176
     1
 90
        2
176
     1
 40
0.6
176
     1
 40
30.0
176
     1
 62
     7
420
 16777215
176
     1
 90
        0
176
     1
 90
        0
176
     1
 62
     7
176
     1
 62
   257
176
     1
 90
        1
176
     1
 90
        1
176
     1
 40
1.0
176
     1
 90
        8
176
     1
 62
     7
176
     1
 40
1.0
176
     1
 90
        1
176
     1
 90
        6
176
     1
 90
        2
176
     1
 62
     7
176
     1
 90
        5
176
     1
 90
        0
176
     1
 90
        0
176
     1
290
     0
176
     1
 90
       13
176
     1
 40
0.0
176
     1
 90
        0
176
     1
290
     0
176
     1
290
     1
176
     1
290
     1
176
     1
290
     0
176
     1
290
     0
176
     1
290
     0
176
     1
290
     0
176
     1
290
     0
176
     1
290
     0
176
     1
 90
       50
176
     1
 40
0.0
176
     1
 40
1.0
176
     1
 90
        0
176
     1
 62
    18
420
        0
176
     1
 90
       50
176
     1
 90
        3
176
     1
 62
     5
420
      255
176
     1
290
     0
176
     1
 90
       50
176
     1
 90
       50
176
     1
 90
       50
176
     1
290
     0
176
     1
 90
       50
176
     1
 62
   256
176
     0
 40
1.0
176
     0
 90
        2
176
     1
  1
strokes_ogs.tif
176
     1
290
     0
176
     1
 40
1.0
176
     1
 40
1.0
176
     1
  0
VISUALSTYLE
  5
2B
102
{ACAD_REACTORS
330
29
102
}
330
29
100
AcDbVisualStyle
  2
FlatWithEdges
 70
     1
177
     3
291
     1
 70
    58
 90
        2
176
     1
 90
        1
176
     1
 90
        1
176
     1
 90
        2
176
     1
 40
0.6
176
     1
 40
30.0
176
     1
 62
     7
420
 16777215
176
     1
 90
        1
176
     1
 90
        0
176
     1
 62
     7
176
     1
 62
   257
176
     1
 90
        1
176
     1
 90
        1
176
     1
 40
1.0
176
     1
 90
        0
176
     1
 62
   257
176
     1
 40
1.0
176
     1
 90
        1
176
     1
 90
        6
176
     1
 90
        2
176
     1
 62
     7
176
     1
 90
        5
176
     1
 90
        0
176
     1
 90
        0
176
     1
290
     0
176
     1
 90
       13
176
     1
 40
0.0
176
     1
 90
        0
176
     1
290
     0
176
     1
290
     1
176
     1
290
     1
176
     1
290
     0
176
     1
290
     0
176
     1
290
     0
176
     1
290
     0
176
     1
290
     0
176
     1
290
     0
176
     1
 90
       50
176
     1
 40
0.0
176
     1
 40
1.0
176
     1
 90
        0
176
     1
 62
    18
420
        0
176
     1
 90
       50
176
     1
 90
        3
176
     1
 62
     5
420
      255
176
     1
290
     0
176
     1
 90
       50
176
     1
 90
       50
176
     1
 90
       50
176
     1
290
     0
176
     1
 90
       50
176
     1
 62
   256
176
     0
 40
1.0
176
     0
 90
        2
176
     1
  1
strokes_ogs.tif
176
     1
290
     0
176
     1
 40
1.0
176
     1
 40
1.0
176
     1
  0
VISUALSTYLE
  5
2C
102
{ACAD_REACTORS
330
29
102
}
330
29
100
AcDbVisualStyle
  2
Gouraud
 70
     2
177
     3
291
     1
 70
    58
 90
        2
176
     1
 90
        2
176
     1
 90
        1
176
     1
 90
        2
176
     1
 40
0.6
176
     1
 40
30.0
176
     1
 62
     7
420
 16777215
176
     1
 90
        0
176
     1
 90
        0
176
     1
 62
     7
176
     1
 62
   257
176
     1
 90
        1
176
     1
 90
        1
176
     1
 40
1.0
176
     1
 90
        0
176
     1
 62
     7
176
     1
 40
1.0
176
     1
 90
        1
176
     1
 90
        6
176
     1
 90
        2
176
     1
 62
     7
176
     1
 90
        5
176
     1
 90
        0
176
     1
 90
        0
176
     1
290
     0
176
     1
 90
       13
176
     1
 40
0.0
176
     1
 90
        0
176
     1
290
     0
176
     1
290
     1
176
     1
290
     1
176
     1
290
     0
176
     1
290
     0
176
     1
290
     0
176
     1
290
     0
176
     1
290
     0
176
     1
290
     0
176
     1
 90
       50
176
     1
 40
0.0
176
     1
 40
1.0
176
     1
 90
        0
176
     1
 62
    18
420
        0
176
     1
 90
       50
176
     1
 90
        3
176
     1
 62
     5
420
      255
176
     1
290
     0
176
     1
 90
       50
176
     1
 90
       50
176
     1
 90
       50
176
     1
290
     0
176
     1
 90
       50
176
     1
 62
   256
176
     0
 40
1.0
176
     0
 90
        2
176
     1
  1
strokes_ogs.tif
176
     1
290
     0
176
     1
 40
1.0
176
     1
 40
1.0
176
     1
  0
VISUALSTYLE
  5
2D
102
{ACAD_REACTORS
330
29
102
}
330
29
100
AcDbVisualStyle
  2
GouraudWithEdges
 70
     3
177
     3
291
     1
 70
    58
 90
        2
176
     1
 90
        2
176
     1
 90
        1
176
     1
 90
        2
176
     1
 40
0.6
176
     1
 40
30.0
176
     1
 62
     7
420
 16777215
176
     1
 90
        1
176
     1
 90
        0
176
     1
 62
     7
176
     1
 62
   257
176
     1
 90
        1
176
     1
 90
        1
176
     1
 40
1.0
176
     1
 90
        0
176
     1
 62
   257
176
     1
 40
1.0
176
     1
 90
        1
176
     1
 90
        6
176
     1
 90
        2
176
     1
 62
     7
176
     1
 90
        5
176
     1
 90
        0
176
     1
 90
        0
176
     1
290
     0
176
     1
 90
       13
176
     1
 40
0.0
176
     1
 90
        0
176
     1
290
     0
176
     1
290
     1
176
     1
290
     1
176
     1
290
     0
176
     1
290
     0
176
     1
290
     0
176
     1
290
     0
176
     1
290
     0
176
     1
290
     0
176
     1
 90
       50
176
     1
 40
0.0
176
     1
 40
1.0
176
     1
 90
        0
176
     1
 62
    18
420
        0
176
     1
 90
       50
176
     1
 90
        3
176
     1
 62
     5
420
      255
176
     1
290
     0
176
     1
 90
       50
176
     1
 90
       50
176
     1
 90
       50
176
     1
290
     0
176
     1
 90
       50
176
     1
 62
   256
176
     0
 40
1.0
176
     0
 90
        2
176
     1
  1
strokes_ogs.tif
176
     1
290
     0
176
     1
 40
1.0
176
     1
 40
1.0
176
     1
  0
VISUALSTYLE
  5
31
102
{ACAD_REACTORS
330
29
102
}
330
29
100
AcDbVisualStyle
  2
Hidden
 70
     6
177
     3
291
     0
 70
    58
 90
        1
176
     1
 90
        2
176
     1
 90
        2
176
     1
 90
        0
176
     1
 40
0.6
176
     1
 40
30.0
176
     1
 62
     7
420
 16777215
176
     1
 90
        2
176
     1
 90
        2
176
     1
 62
     7
176
     1
 62
   257
176
     1
 90
        2
176
     1
 90
        1
176
     1
 40
40.0
176
     1
 90
        0
176
     1
 62
   257
176
     1
 40
1.0
176
     1
 90
        1
176
     1
 90
        6
176
     1
 90
        2
176
     1
 62
     7
176
     1
 90
        3
176
     1
 90
        0
176
     1
 90
        0
176
     1
290
     0
176
     1
 90
        1
176
     1
 40
0.0
176
     1
 90
        0
176
     1
290
     0
176
     1
290
     1
176
     1
290
     1
176
     1
290
     0
176
     1
290
     0
176
     1
290
     0
176
     1
290
     0
176
     1
290
     0
176
     1
290
     0
176
     1
 90
       50
176
     1
 40
0.0
176
     1
 40
1.0
176
     1
 90
        0
176
     1
 62
    18
420
        0
176
     1
 90
       50
176
     1
 90
        3
176
     1
 62
     5
420
      255
176
     1
290
     0
176
     1
 90
       50
176
     1
 90
       50
176
     1
 90
       50
176
     1
290
     0
176
     1
 90
       50
176
     1
 62
   256
176
     0
 40
1.0
176
     0
 90
        2
176
     1
  1
strokes_ogs.tif
176
     1
290
     0
176
     1
 40
1.0
176
     1
 40
1.0
176
     1
  0
VISUALSTYLE
  5
3F
102
{ACAD_REACTORS
330
29
102
}
330
29
100
AcDbVisualStyle
  2
JitterOff
 70
    20
177
     3
291
     1
 70
    58
 90
        2
176
     0
 90
        2
176
     0
 90
        0
176
     0
 90
        0
176
     0
 40
0.6
176
     0
 40
30.0
176
     0
 62
     7
420
 16777215
176
     0
 90
        1
176
     0
 90
        4
176
     0
 62
     7
176
     0
 62
   257
176
     0
 90
        1
176
     0
 90
        1
176
     0
 40
1.0
176
     0
 90
       10
176
     2
 62
     7
176
     0
 40
1.0
176
     0
 90
        1
176
     0
 90
        6
176
     0
 90
        2
176
     0
 62
     7
176
     0
 90
        5
176
     0
 90
        0
176
     0
 90
        0
176
     0
290
     0
176
     0
 90
        1
176
     0
 40
0.0
176
     0
 90
        0
176
     0
290
     0
176
     0
290
     1
176
     0
290
     1
176
     0
290
     0
176
     0
290
     0
176
     0
290
     0
176
     0
290
     0
176
     0
290
     0
176
     0
290
     0
176
     0
 90
       50
176
     0
 40
0.0
176
     0
 40
1.0
176
     0
 90
        0
176
     0
 62
    18
420
        0
176
     0
 90
       50
176
     0
 90
        3
176
     0
 62
     5
420
      255
176
     0
290
     0
176
     0
 90
       50
176
     0
 90
       50
176
     0
 90
       50
176
     0
290
     0
176
     0
 90
       50
176
     0
 62
   256
176
     0
 40
1.0
176
     0
 90
        2
176
     0
  1
strokes_ogs.tif
176
     0
290
     0
176
     0
 40
1.0
176
     0
 40
1.0
176
     0
  0
VISUALSTYLE
  5
37
102
{ACAD_REACTORS
330
29
102
}
330
29
100
AcDbVisualStyle
  2
Linepattern
 70
    14
177
     3
291
     1
 70
    58
 90
        2
176
     1
 90
        2
176
     1
 90
        0
176
     1
 90
        0
176
     1
 40
0.6
176
     1
 40
30.0
176
     1
 62
     7
420
 16777215
176
     1
 90
        1
176
     1
 90
        4
176
     1
 62
     7
176
     1
 62
   257
176
     1
 90
        7
176
     1
 90
        7
176
     1
 40
1.0
176
     1
 90
        8
176
     1
 62
     7
176
     1
 40
1.0
176
     1
 90
        1
176
     1
 90
        6
176
     1
 90
        2
176
     1
 62
     7
176
     1
 90
        5
176
     1
 90
        0
176
     1
 90
        0
176
     1
290
     0
176
     1
 90
        1
176
     1
 40
0.0
176
     1
 90
        0
176
     1
290
     0
176
     1
290
     1
176
     1
290
     1
176
     1
290
     0
176
     1
290
     0
176
     1
290
     0
176
     1
290
     0
176
     1
290
     0
176
     1
290
     0
176
     1
 90
       50
176
     1
 40
0.0
176
     1
 40
1.0
176
     1
 90
        0
176
     1
 62
    18
420
        0
176
     1
 90
       50
176
     1
 90
        3
176
     1
 62
     5
420
      255
176
     1
290
     0
176
     1
 90
       50
176
     1
 90
       50
176
     1
 90
       50
176
     1
290
     0
176
     1
 90
       50
176
     1
 62
   256
176
     0
 40
1.0
176
     0
 90
        2
176
     1
  1
strokes_ogs.tif
176
     1
290
     0
176
     1
 40
1.0
176
     1
 40
1.0
176
     1
  0
VISUALSTYLE
  5
40
102
{ACAD_REACTORS
330
29
102
}
330
29
100
AcDbVisualStyle
  2
OverhangOff
 70
    21
177
     3
291
     1
 70
    58
 90
        2
176
     0
 90
        2
176
     0
 90
        0
176
     0
 90
        0
176
     0
 40
0.6
176
     0
 40
30.0
176
     0
 62
     7
420
 16777215
176
     0
 90
        1
176
     0
 90
        4
176
     0
 62
     7
176
     0
 62
   257
176
     0
 90
        1
176
     0
 90
        1
176
     0
 40
1.0
176
     0
 90
        9
176
     2
 62
     7
176
     0
 40
1.0
176
     0
 90
        1
176
     0
 90
        6
176
     0
 90
        2
176
     0
 62
     7
176
     0
 90
        5
176
     0
 90
        0
176
     0
 90
        0
176
     0
290
     0
176
     0
 90
        1
176
     0
 40
0.0
176
     0
 90
        0
176
     0
290
     0
176
     0
290
     1
176
     0
290
     1
176
     0
290
     0
176
     0
290
     0
176
     0
290
     0
176
     0
290
     0
176
     0
290
     0
176
     0
290
     0
176
     0
 90
       50
176
     0
 40
0.0
176
     0
 40
1.0
176
     0
 90
        0
176
     0
 62
    18
420
        0
176
     0
 90
       50
176
     0
 90
        3
176
     0
 62
     5
420
      255
176
     0
290
     0
176
     0
 90
       50
176
     0
 90
       50
176
     0
 90
       50
176
     0
290
     0
176
     0
 90
       50
176
     0
 62
   256
176
     0
 40
1.0
176
     0
 90
        2
176
     0
  1
strokes_ogs.tif
176
     0
290
     0
176
     0
 40
1.0
176
     0
 40
1.0
176
     0
  0
VISUALSTYLE
  5
33
102
{ACAD_REACTORS
330
29
102
}
330
29
100
AcDbVisualStyle
  2
Realistic
 70
     8
177
     3
291
     0
 70
    58
 90
        2
176
     1
 90
        3
176
     1
 90
        0
176
     1
 90
        2
176
     1
 40
0.6
176
     1
 40
30.0
176
     1
 62
     7
420
 16777215
176
     1
 90
        0
176
     1
 90
        0
176
     1
 62
     7
176
     1
 62
   257
176
     1
 90
        1
176
     1
 90
        1
176
     1
 40
1.0
176
     1
 90
        8
176
     1
 62
   257
176
     1
 40
1.0
176
     1
 90
        1
176
     1
 90
        6
176
     1
 90
        2
176
     1
 62
     7
176
     1
 90
        3
176
     1
 90
        0
176
     1
 90
        0
176
     1
290
     0
176
     1
 90
       13
176
     1
 40
0.0
176
     1
 90
        0
176
     1
290
     0
176
     1
290
     1
176
     1
290
     1
176
     1
290
     0
176
     1
290
     0
176
     1
290
     0
176
     1
290
     0
176
     1
290
     0
176
     1
290
     0
176
     1
 90
       50
176
     1
 40
0.0
176
     1
 40
1.0
176
     1
 90
        0
176
     1
 62
    18
420
        0
176
     1
 90
       50
176
     1
 90
        3
176
     1
 62
     5
420
      255
176
     1
290
     0
176
     1
 90
       50
176
     1
 90
       50
176
     1
 90
       50
176
     1
290
     0
176
     1
 90
       50
176
     1
 62
   256
176
     0
 40
1.0
176
     0
 90
        2
176
     1
  1
strokes_ogs.tif
176
     1
290
     0
176
     1
 40
1.0
176
     1
 40
1.0
176
     1
  0
VISUALSTYLE
  5
3E
102
{ACAD_REACTORS
330
29
102
}
330
29
100
AcDbVisualStyle
  2
Shaded
 70
    27
177
     3
291
     0
 70
    58
 90
        2
176
     1
 90
        2
176
     1
 90
        1
176
     1
 90
        2
176
     1
 40
0.6
176
     1
 40
30.0
176
     1
 62
     7
420
 16777215
176
     1
 90
        0
176
     1
 90
        4
176
     1
 62
     7
176
     1
 62
   257
176
     1
 90
        1
176
     1
 90
        1
176
     1
 40
1.0
176
     1
 90
        8
176
     1
 62
   257
176
     1
 40
1.0
176
     1
 90
        1
176
     1
 90
        6
176
     1
 90
        2
176
     1
 62
     8
420
  7895160
176
     1
 90
        3
176
     1
 90
        0
176
     1
 90
        0
176
     1
290
     0
176
     1
 90
        5
176
     1
 40
0.0
176
     1
 90
        0
176
     1
290
     0
176
     1
290
     1
176
     1
290
     1
176
     1
290
     0
176
     1
290
     0
176
     1
290
     0
176
     1
290
     0
176
     1
290
     0
176
     1
290
     0
176
     1
 90
       50
176
     1
 40
0.0
176
     1
 40
1.0
176
     1
 90
        0
176
     1
 62
    18
420
        0
176
     1
 90
       50
176
     1
 90
        3
176
     1
 62
     5
420
      255
176
     1
290
     0
176
     1
 90
       50
176
     1
 90
       50
176
     1
 90
       50
176
     1
290
     0
176
     1
 90
       50
176
     1
 62
   256
176
     0
 40
1.0
176
     0
 90
        2
176
     1
  1
strokes_ogs.tif
176
     1
290
     0
176
     1
 40
1.0
176
     1
 40
1.0
176
     1
  0
VISUALSTYLE
  5
3D
102
{ACAD_REACTORS
330
29
102
}
330
29
100
AcDbVisualStyle
  2
Shaded with edges
 70
    26
177
     3
291
     0
 70
    58
 90
        2
176
     1
 90
        2
176
     1
 90
        1
176
     1
 90
        2
176
     1
 40
0.6
176
     1
 40
30.0
176
     1
 62
     7
420
 16777215
176
     1
 90
        1
176
     1
 90
        2
176
     1
 62
     7
176
     1
 62
   257
176
     1
 90
        2
176
     1
 90
        1
176
     1
 40
1.0
176
     1
 90
        8
176
     1
 62
   257
176
     1
 40
1.0
176
     1
 90
        1
176
     1
 90
        6
176
     1
 90
        2
176
     1
 62
     7
176
     1
 90
        3
176
     1
 90
        0
176
     1
 90
        0
176
     1
290
     0
176
     1
 90
        5
176
     1
 40
0.0
176
     1
 90
        0
176
     1
290
     0
176
     1
290
     1
176
     1
290
     1
176
     1
290
     0
176
     1
290
     0
176
     1
290
     0
176
     1
290
     0
176
     1
290
     0
176
     1
290
     0
176
     1
 90
       50
176
     1
 40
0.0
176
     1
 40
1.0
176
     1
 90
        0
176
     1
 62
    18
420
        0
176
     1
 90
       50
176
     1
 90
        3
176
     1
 62
     5
420
      255
176
     1
290
     0
176
     1
 90
       50
176
     1
 90
       50
176
     1
 90
       50
176
     1
290
     0
176
     1
 90
       50
176
     1
 62
   256
176
     0
 40
1.0
176
     0
 90
        2
176
     1
  1
strokes_ogs.tif
176
     1
290
     0
176
     1
 40
1.0
176
     1
 40
1.0
176
     1
  0
VISUALSTYLE
  5
3A
102
{ACAD_REACTORS
330
29
102
}
330
29
100
AcDbVisualStyle
  2
Shades of Gray
 70
    23
177
     3
291
     0
 70
    58
 90
        2
176
     1
 90
        2
176
     1
 90
        3
176
     1
 90
        0
176
     1
 40
0.6
176
     1
 40
30.0
176
     1
 62
     7
420
 16777215
176
     1
 90
        2
176
     1
 90
        2
176
     1
 62
     7
176
     1
 62
     7
176
     1
 90
        1
176
     1
 90
        1
176
     1
 40
40.0
176
     1
 90
        8
176
     1
 62
     7
176
     1
 40
1.0
176
     1
 90
        1
176
     1
 90
        6
176
     1
 90
        2
176
     1
 62
     7
176
     1
 90
        3
176
     1
 90
        0
176
     1
 90
        0
176
     1
290
     0
176
     1
 90
        1
176
     1
 40
0.0
176
     1
 90
        0
176
     1
290
     0
176
     1
290
     1
176
     1
290
     1
176
     1
290
     0
176
     1
290
     0
176
     1
290
     0
176
     1
290
     0
176
     1
290
     0
176
     1
290
     0
176
     1
 90
       50
176
     1
 40
0.0
176
     1
 40
1.0
176
     1
 90
        0
176
     1
 62
    18
420
        0
176
     1
 90
       50
176
     1
 90
        3
176
     1
 62
     5
420
      255
176
     1
290
     0
176
     1
 90
       50
176
     1
 90
       50
176
     1
 90
       50
176
     1
290
     0
176
     1
 90
       50
176
     1
 62
   256
176
     0
 40
1.0
176
     0
 90
        2
176
     1
  1
strokes_ogs.tif
176
     1
290
     0
176
     1
 40
1.0
176
     1
 40
1.0
176
     1
  0
VISUALSTYLE
  5
3B
102
{ACAD_REACTORS
330
29
102
}
330
29
100
AcDbVisualStyle
  2
Sketchy
 70
    24
177
     3
291
     0
 70
    58
 90
        1
176
     1
 90
        2
176
     1
 90
        2
176
     1
 90
        0
176
     1
 40
0.6
176
     1
 40
30.0
176
     1
 62
     7
420
 16777215
176
     1
 90
        2
176
     1
 90
        2
176
     1
 62
     7
176
     1
 62
     7
176
     1
 90
        1
176
     1
 90
        1
176
     1
 40
40.0
176
     1
 90
       11
176
     1
 62
     7
176
     1
 40
1.0
176
     1
 90
        1
176
     1
 90
        6
176
     1
 90
        2
176
     1
 62
     7
176
     1
 90
        6
176
     1
 90
        0
176
     1
 90
        0
176
     1
290
     0
176
     1
 90
        1
176
     1
 40
0.0
176
     1
 90
        0
176
     1
290
     0
176
     1
290
     1
176
     1
290
     1
176
     1
290
     0
176
     1
290
     0
176
     1
290
     0
176
     1
290
     0
176
     1
290
     0
176
     1
290
     0
176
     1
 90
       50
176
     1
 40
0.0
176
     1
 40
1.0
176
     1
 90
        0
176
     1
 62
    18
420
        0
176
     1
 90
       50
176
     1
 90
        3
176
     1
 62
     5
420
      255
176
     1
290
     0
176
     1
 90
       50
176
     1
 90
       50
176
     1
 90
       50
176
     1
290
     0
176
     1
 90
       50
176
     1
 62
   256
176
     0
 40
1.0
176
     0
 90
        2
176
     1
  1
strokes_ogs.tif
176
     1
290
     0
176
     1
 40
1.0
176
     1
 40
1.0
176
     1
  0
VISUALSTYLE
  5
36
102
{ACAD_REACTORS
330
29
102
}
330
29
100
AcDbVisualStyle
  2
Thicken
 70
    13
177
     3
291
     1
 70
    58
 90
        2
176
     1
 90
        2
176
     1
 90
        0
176
     1
 90
        0
176
     1
 40
0.6
176
     1
 40
30.0
176
     1
 62
     7
420
 16777215
176
     1
 90
        1
176
     1
 90
        4
176
     1
 62
     7
176
     1
 62
   257
176
     1
 90
        1
176
     1
 90
        1
176
     1
 40
1.0
176
     1
 90
       12
176
     1
 62
     7
176
     1
 40
1.0
176
     1
 90
        1
176
     1
 90
        6
176
     1
 90
        2
176
     1
 62
     7
176
     1
 90
        5
176
     1
 90
        0
176
     1
 90
        0
176
     1
290
     0
176
     1
 90
        1
176
     1
 40
0.0
176
     1
 90
        0
176
     1
290
     0
176
     1
290
     1
176
     1
290
     1
176
     1
290
     0
176
     1
290
     0
176
     1
290
     0
176
     1
290
     0
176
     1
290
     0
176
     1
290
     0
176
     1
 90
       50
176
     1
 40
0.0
176
     1
 40
1.0
176
     1
 90
        0
176
     1
 62
    18
420
        0
176
     1
 90
       50
176
     1
 90
        3
176
     1
 62
     5
420
      255
176
     1
290
     0
176
     1
 90
       50
176
     1
 90
       50
176
     1
 90
       50
176
     1
290
     0
176
     1
 90
       50
176
     1
 62
   256
176
     0
 40
1.0
176
     0
 90
        2
176
     1
  1
strokes_ogs.tif
176
     1
290
     0
176
     1
 40
1.0
176
     1
 40
1.0
176
     1
  0
VISUALSTYLE
  5
30
102
{ACAD_REACTORS
330
29
102
}
330
29
100
AcDbVisualStyle
  2
Wireframe
 70
     5
177
     3
291
     0
 70
    58
 90
        0
176
     1
 90
        2
176
     1
 90
        0
176
     1
 90
        0
176
     1
 40
0.6
176
     1
 40
30.0
176
     1
 62
     7
420
 16777215
176
     1
 90
        1
176
     1
 90
        4
176
     1
 62
     7
176
     1
 62
   257
176
     1
 90
        1
176
     1
 90
        1
176
     1
 40
1.0
176
     1
 90
        0
176
     1
 62
   257
176
     1
 40
1.0
176
     1
 90
        1
176
     1
 90
        6
176
     1
 90
        2
176
     1
 62
     7
176
     1
 90
        3
176
     1
 90
        0
176
     1
 90
        0
176
     1
290
     0
176
     1
 90
        1
176
     1
 40
0.0
176
     1
 90
        0
176
     1
290
     0
176
     1
290
     1
176
     1
290
     1
176
     1
290
     0
176
     1
290
     0
176
     1
290
     0
176
     1
290
     0
176
     1
290
     0
176
     1
290
     0
176
     1
 90
       50
176
     1
 40
0.0
176
     1
 40
1.0
176
     1
 90
        0
176
     1
 62
    18
420
        0
176
     1
 90
       50
176
     1
 90
        3
176
     1
 62
     5
420
      255
176
     1
290
     0
176
     1
 90
       50
176
     1
 90
       50
176
     1
 90
       50
176
     1
290
     0
176
     1
 90
       50
176
     1
 62
   256
176
     0
 40
1.0
176
     0
 90
        2
176
     1
  1
strokes_ogs.tif
176
     1
290
     0
176
     1
 40
1.0
176
     1
 40
1.0
176
     1
  0
VISUALSTYLE
  5
3C
102
{ACAD_REACTORS
330
29
102
}
330
29
100
AcDbVisualStyle
  2
X-Ray
 70
    25
177
     3
291
     0
 70
    58
 90
        2
176
     1
 90
        2
176
     1
 90
        1
176
     1
 90
        1
176
     1
 40
0.5
176
     1
 40
30.0
176
     1
 62
     7
420
 16777215
176
     1
 90
        1
176
     1
 90
        0
176
     1
 62
     7
176
     1
 62
   257
176
     1
 90
        1
176
     1
 90
        1
176
     1
 40
1.0
176
     1
 90
        8
176
     1
 62
     7
176
     1
 40
1.0
176
     1
 90
        1
176
     1
 90
        6
176
     1
 90
        2
176
     1
 62
     7
176
     1
 90
        3
176
     1
 90
        0
176
     1
 90
        0
176
     1
290
     0
176
     1
 90
       13
176
     1
 40
0.0
176
     1
 90
        0
176
     1
290
     0
176
     1
290
     1
176
     1
290
     1
176
     1
290
     0
176
     1
290
     0
176
     1
290
     0
176
     1
290
     0
176
     1
290
     0
176
     1
290
     0
176
     1
 90
       50
176
     1
 40
0.0
176
     1
 40
1.0
176
     1
 90
        0
176
     1
 62
    18
420
        0
176
     1
 90
       50
176
     1
 90
        3
176
     1
 62
     5
420
      255
176
     1
290
     0
176
     1
 90
       50
176
     1
 90
       50
176
     1
 90
       50
176
     1
290
     0
176
     1
 90
       50
176
     1
 62
   256
176
     0
 40
1.0
176
     0
 90
        2
176
     1
  1
strokes_ogs.tif
176
     1
290
     0
176
     1
 40
1.0
176
     1
 40
1.0
176
     1
  0
DICTIONARYVAR
  5
78A
102
{ACAD_REACTORS
330
785
102
}
330
785
100
DictionaryVariables
280
     0
  1
1:1
  0
DICTIONARYVAR
  5
787
102
{ACAD_REACTORS
330
785
102
}
330
785
100
DictionaryVariables
280
     0
  1
STANDARD
  0
DICTIONARYVAR
  5
786
102
{ACAD_REACTORS
330
785
102
}
330
785
100
DictionaryVariables
280
     0
  1
STANDARD
  0
DICTIONARYVAR
  5
788
102
{ACAD_REACTORS
330
785
102
}
330
785
100
DictionaryVariables
280
     0
  1
Imperial24
  0
DICTIONARYVAR
  5
789
102
{ACAD_REACTORS
330
785
102
}
330
785
100
DictionaryVariables
280
     0
  1
Imperial24
  0
DICTIONARY
  5
1A
330
19
100
AcDbDictionary
280
     1
281
     1
  3
BUMPTILE
360
1C
  3
DIFFUSETILE
360
1B
  3
OPACITYTILE
360
1F
  3
REFLECTIONTILE
360
1E
  3
REFRACTIONTILE
360
20
  3
SPECULARTILE
360
1D
  0
DICTIONARY
  5
12
330
11
100
AcDbDictionary
280
     1
281
     1
  3
BUMPTILE
360
14
  3
DIFFUSETILE
360
13
  3
FBXASSET
360
C0
  3
OPACITYTILE
360
17
  3
REFLECTIONTILE
360
16
  3
REFRACTIONTILE
360
18
  3
SPECULARTILE
360
15
  0
DICTIONARY
  5
22
330
21
100
AcDbDictionary
280
     1
281
     1
  3
BUMPTILE
360
24
  3
DIFFUSETILE
360
23
  3
OPACITYTILE
360
27
  3
REFLECTIONTILE
360
26
  3
REFRACTIONTILE
360
28
  3
SPECULARTILE
360
25
  0
DICTIONARY
  5
78B
330
65
100
AcDbDictionary
280
     1
281
     1
  3
ACAD_ROUNDTRIP_2008_TABLESTYLE_CELLSTYLEMAP
360
78C
  0
XRECORD
  5
1C
102
{ACAD_REACTORS
330
1A
102
}
330
1A
100
AcDbXrecord
280
     1
270
     1
271
     1
  0
XRECORD
  5
1B
102
{ACAD_REACTORS
330
1A
102
}
330
1A
100
AcDbXrecord
280
     1
270
     1
271
     1
  0
XRECORD
  5
1F
102
{ACAD_REACTORS
330
1A
102
}
330
1A
100
AcDbXrecord
280
     1
270
     1
271
     1
  0
XRECORD
  5
1E
102
{ACAD_REACTORS
330
1A
102
}
330
1A
100
AcDbXrecord
280
     1
270
     1
271
     1
  0
XRECORD
  5
20
102
{ACAD_REACTORS
330
1A
102
}
330
1A
100
AcDbXrecord
280
     1
270
     1
271
     1
  0
XRECORD
  5
1D
102
{ACAD_REACTORS
330
1A
102
}
330
1A
100
AcDbXrecord
280
     1
270
     1
271
     1
  0
XRECORD
  5
14
102
{ACAD_REACTORS
330
12
102
}
330
12
100
AcDbXrecord
280
     1
270
     1
271
     1
  0
XRECORD
  5
13
102
{ACAD_REACTORS
330
12
102
}
330
12
100
AcDbXrecord
280
     1
270
     1
271
     1
  0
XRECORD
  5
C0
102
{ACAD_REACTORS
330
12
102
}
330
12
100
AcDbXrecord
280
     1
 70
     1
 90
1959938040
 71
     1
  1
1FE5EC4B-1A97-4B06-BA3B-EFDDB6B427CA
311
504B03041400060808007C8ED15CCBB1535617010000A80100004F00000044363543334231432D364635312D343430322D383037372D3032413646323439304244312F4173736574446174612F446566696E6974696F6E4974657261746F7250726F706572746965732E62696E7D90B14EC4300C86030BBA012190D8195843
311
D25C9A522484E2B66181051E008512EE2AB5BD53D30A9DC47023CFC37CEFC1ABC0048E280BC359B2E3C4BFED4F7923847C8F8629D9415F63DCC7F3DAB5AEABCAFB72EE1A4BF6F005563776E5BA534C738854218DA05AC64065C235852CCAA889E32293855129885DD485B6DC3DDBA1EEC3CCDBCA97AEAE6DEB16833FC48771
311
C949637B5C66EBB3D0342121AED109F92BF83069F68B14285FD0EDD3F2E2CA7AEFFA4B96AB389B0212281347544A2EE8394F12CA855646C894431EB13BE71743573ACF22530450A0914E132A812B0A7A0AB430790E0AA44832CDFA79F89A63DC34348FADAD6AC6D988F0B06C67132C7C6E5E8F02EC3F3B18EF81F43DE8BEB6
311
EB82E4638BEE07504B03041400060808007C8ED15CBCF3BF0FF5000000300200004500000044363543334231432D364635312D343430322D383037372D3032413646323439304244312F4173736574446174612F496E7374616E636550726F706572746965732E62696EEB606060F80F0540260323103700495E20ED9E9A97
311
5A94991C9C9C919A9BA802143074733575753671D23574B434D735713230D375723476D2757573717132733231327776644768046931363471713532B5D435353131D635313332D475727372D13534373670367376B67474B5042A03DBCBA019D37FE8ABC6157B20CD04146B0062181F4C03F940F0C11E2409D1C1C020E0C0
311
2000E242808A038C8583FE600F9580337028045AC300B4871928DD805002D3F5006A0C0F420A89050A4F840C4C0F9202283365A703A620B208C40D2011909126C85248EC0FF62C401E28E6F88038B83CB1243943D7A928312F25350524434D0000504B03041400060808007C8ED15CB5A795FFE3790000DE7900006B000000
311
44363543334231432D364635312D343430322D383037372D3032413646323439304244312F5265736F75726365732F31464535454334422D314139372D344230362D424133422D4546444442364234323743412F7468756D626E61696C2F302F67656E657269635F706E6701DE79218689504E470D0A1A0A0000000D494844
311
52000001000000010008030000006BAC58540000000467414D410000B18F0BFC6105000000017352474200AECE1CE900000192504C5445818181B3B3B35A5A5A4848486060605C5C5C6464648383835E5E5E6262624E4E4EAFAFAF4A4A4AB5B5B54C4C4CB1B1B1858585B7B7B7585858ADADAD7C7C7C464646787878ABABAB
311
747474A7A7A7686868707070B9B9B96E6E6E6A6A6A8B8B8B666666545454565656A5A5A5505050A1A1A1BBBBBB8F8F8F9F9F9F4242425252527676764040403E3E3E9B9B9B7A7A7A8989897E7E7E9393939797974444448787873C3C3C727272BDBDBD3A3A3A6C6C6CA9A9A9A3A3A32020209D9D9DBFBFBF8D8D8D95959591
311
91912626269999992222222424241E1E1EC1C1C1282828C3C3C32C2C2C2A2A2A2E2E2E303030C5C5C53232321C1C1C363636383838343434C7C7C71A1A1A0E0E0E121212484A484C4E4C1616160A0A0A4A4C4A787A781414147C7E7C9193915E605E464846838583878987B1B3B18587856668665A5C5A626462818381A7A7
311
A5A3A3A1B1B1AFADAFAD7072705C5E5C9D9D9BABADAB7E817EB7B9B7585A58BBBDBB4C4C4A8D8F8D747674B5B5B3B7B7B59FA19F606260ABABA9A5A5A39B9B99A9A9A78F8F8D6C6C6AC7C7C5451AD12700002000494441547801DCBD89771BD7B5A70B8EE04C702641712605CE034890E220088028C93245451215B713AF38
311
8E7DFD9EEDB8DDCE6ABFF4B57D97137BE50FEFEFDBA74049B6AEED74869B7E87404D2814EBB7F76F0F67A8835CEEBFA0E42B854AA5B2BB5B6BCC951A8D52A93657A914FE0BEEE39FFE2FF395B9B9C6CAD2D4C4606F4B7FFF8D1B37EEDCB97587F7CD9B4343BD134BABE7DB48E3FFA7A228ECD6F6574E4786C0FC8B5FFCE2CD
311
5FFCE297BF7CF3CD5FFC92B52FFE58BFF9E69B776E0EF5F79E55CBBBF9FC3F5D3DFFB07F5898ABAF7CDA3B74E74EC0CE20230561BF096E97E05712BFFCC59BC80539DCE83DDD6E54FE61B7747DE17FB8980BBBFB2BBD4337DF487881AAE6C5ACC6AF25207877B2B527BFF1CB3B77FA47561ABBD7F7FA7FE146A5B6BD74E316
311
4C7F51449AE95DB412200EC539418717E7F2F11B376FF62E95FEAF1442BED0581DBCA1BD2780D23F506AFA16E1A7AD974EF17876F00DD7BCB187A1A97AE51FCED5BF2BC1F2BBE5B3C19BE27B43CF26DE00933658FE129B109C2FFF922CC22C4260FA01BEFB462A77DEBC35F42F600C3F5B0795D2E9E02DAD5E650B4438A928
311
01B65C35CBAB7B1EE5041CE69D3B6F1822DFB873EBD6AD3B6FBC71EBC6C86AE967DFC2DFA4CEBFF1BF54F6276EBC114E2F43FEC60B01A0D440A868B2920E5C4BC10D60931ADCB871F3268B21D3851B08E1D6AD9BFD4BF57F7577909FAB86F29B982571136AF01DF5FE32AC3BD9406CAAF2440A54CF176EDD01FBADA1FEFEFE
311
21FE4C9858DFF4183458A9FD2B6708A5A5A137E0EE1D11A9EC0C7C58B2C73C0AD6B479BD76B7790CF899E287FA5B06FB7B07C9195B7851FA8794031EF1FC5F9406BBFB23375420286399B631E93B08022A785C4DBF9996EC3551874094D71B6F487E80F6837E50F483BDBDBD83232323AC420A18C68DA196EDDADF68A77F93
311
8F78FD972BABBDB7B87FB164AC6FC2CB760365821ACB74AED44FFAD7E7431ECD7E08AC421F391D199998989A383D9D98E8E56F84A318C58D9BFD2DAB73FF5222C8EFAEF4DE7AF30D756E5108683DA471E70D0502099A7240F19E4089D3FD203E620F1B47BF43501E85031AE44B4B9F2E4D2D9D4D51D8970983FA861B3706FF
311
950CA170DE82F6B312CC4F42C8966295F7D725ED29882415DC055F36DEA1FE96FEC141493F05FAA9A9A5A595B333DED5B3D5A533F62183323032F46EFF13EA0AAFA5FBF7C8976F8C10F7280A014832593B90004D52341980D907EAEB73411EB2F1EBC9F507F92746C40E7AE0AFAE54292BAB2BAB67CAE0746264A277B06508
311
168C94BF772BE9765F7BF0B548FE1E07F3B5A521340A5CB5297C4B12811B89E82191ECF3E41B3259C529F135E23CF4C7F961FB13537F5A02ECCAEA76B5BA5D3D3FDF3F2FEFEFB3AA22053E5008833428DC6C59FA2F770595F311F235D427F379BB8A121BD901B96076A388DC4C3C61C7933CCCD770FF375A6E0CE9F535FE25
311
34BF5ADD3E3FAFD71BF57AA951B6D4CFEBFB8864758A26154430080B06ABFF557610ECC93726224F155D1471041E0D42F82F4891C926C1355B0831649FF365F46FF05300A7A790BD8ADEEB0D4AA9569A9BDBADCCD56AA55AE377F5F3F3EA2A34983A1DE91D810543138D7F28E57FF4E2B5335A3928B76EA1CB9B00BF158C8F
311
63A2E788826896D0B5E7C461949ECE089144F8EBEFC7FB4D8C9C4E9DAD60F7FBE572B416C2F2423ECF8B86C439E450DA970634ACFDA977629098D0B2FAF313A36B3869E37AF7853378CDA1171FBEBA95DF1E44FD5144A420588641B0055A79ED91CC0DC41E27064512FB33F1F04D09D0D2DF0203A646A6CECE80DF28356A34
311
8CED8C4F1EF137B9319E1BCD29867CA556AA97F7B757567006A447FD375A26CAAFDED9CFDCFB2BB0BEEE8AA5911BC2C7F85DF88A3775389990AA72219D582409210F85A4E66F2987D875C30848023088FDF77E87F96FD7CBA5B9DCCEF4F4C9FC7C676777577B7B7B67E7ECCCE4E8DEE85E81A6D55AA3BC7FBEB242589CE8ED
311
4770E785D7DDE23FF2587EBF57F50B9E820527316488E5C32D50F979BCA58207297E2B6D658702FFCD211840FE43FC9F3A5BAD9E97E6F21B9FCF16BBBB3A3A5A175B5B1787875B5B3B86DFEFFC687A72674F19D46A8DFDF3EACA59E405375ACE76FFA922C817CE86A89BDD92F400F2C55B7462F610459837D3A61ACF50C747
311
1C8F2F2A9D38C3DA2F068007F80EFCDBFBE5DCC674B1D83EBCBEB8BCBCBC3ED0D3D333D0B3DE33BCBEB0D8DA35FBF9F8CECE68AE020BCE61C112A4C1138CD47F9AD13F7DC6AB9CF9CFCFAF9D0E01FFE6CD503F5B91C5218E2899CA15098714848B04FCE5654884ABF0E554F11F6C21D73D5D5AADD64B7B9327DDAD8B0B7D7D
311
6D6D07070763BC0F3E38E8EB4310EBEB8BC3DDB347E3E37B5842B97C4E44A0C630427E5CFDFB71E03F471E12CA9FF70E055AE141042DD81234B879EB4606361D9328149037D7D76A571A7E974FA20AD0323832713AB5BA7ABE3B3E3D3FBC30307070B0B9B645D93C3CDC3CDCA41CFC6AAC2D64D0D579B4B1B397A7C1BDBEBD
311
7D36657A3CD4B2F44F4909F2B9CA597F4245C59DEC354316F0587020D0C661742BC02869435FD12CF195C422DB3C5A3E2305C000CE6B7B27ED8B7D63079B5B5B878787C787C7C7C757C76C51B60ED60EDAFA06D67B965B3B672677080BB5329E60E9B477847AE2E9EB53E35779FD37EFCD2D0DDD68AA355B6B0D81860502B8
311
B68C801F5C697E9AD62F4B406244CB975560BAC756AAA577675B07C6D03778C17E7C95CAF1B3ABABE3E3ADADE3CDB1B1B6B681014470343EBA979F8B90383545727C63E43549D14FD0F927E5F1FDEFD7263058FE02EBCD1BDCBCA053496BD58E69BC44F9F854D4D979AE9ADB908824382AC1D4014E9756EAF9CE85B6B54DB0
311
1F02F8EA5908E0D9D5F1B3E72188C3C3AB67879B07C8A0A767B8B831FE5E7EB754DEAE5261460243FFF07858D8EF0D658BDC563A2C5EF5833C13C90B69248C4DD97842B61DFA7F210A2F6108A0F96B62E2D3B3F3DD939EA47E30ABF5AB2B903F4BE5F9B36757CF65021E616DAC6F60A1FB647274B4B05B2E5341B082D43278
311
F67D8DFDA48AFF9A13F22B34C7586C9992BA6E66CABC190E313E7C811AA57304B421A75B289B9D174CC868C24548823E230B9A5A2DCD2CAFE1F98E61C015CA7E96B083FC59F3ED06EE60F360B3AD6F79787ED278D0A86FAFE00BA9220EAEFE1D5DE1F7855939C3FCC1332426B377F692406E022C010DB437EF009803F0DCFD
311
3B7C94440571D8F2C328F115F47FD324802070BAB43FBA80EFDB92FCA1F7E7CF9FA875CBB327CF9EB08C4DE4815BC4210E2CB7CF1CEDECEDCED5B757490968286899FAF95583BF46F9393CEE6A86D6F618CAAD9BFF0BE22B042412C5CFB50556815CC5BBE33E9F61ECEC26A9BCB8145FD10590078F9C9E953B513FAE1FE387
311
FAC246E14F9E3CE7F5F8194BD6594140876B6B84C5D6799C61A16434201E5237582AFD75C07EEED9863F463284E2E13425A036BD41061259289B6BDC1ED656FC8B8592C9D00701E27CEA749F0D8EF44EAD8C1F80FFF8F8F9D513191F6803384C800097F24069C407CFAE88136B7DCB3D5D4A60B711F19070D83235F77331FD
311
35E715966889038E2E0B346EAB7936C4162043E1A1F144093695443A570144898BC4079CEF1912809A3035A1D3F361235F90FFF1E3E0FB93C7E2750719F88E7D8E68123883ADB5B18185AE99F1D11C1238A792DC4BEDE8EC6FF503DF377E0445F68FAF4E08D43082D02170F30131A154206CC559A8D9CFDD762B31273E4947
311
A581E0D9BB71E33FFA07CD02CE2A6BE1EC80167497F2A81CFA3F7EFE58D0CF5D5D170DE4F89070B0BC4040CC17BEAC6B0586C3D3FF0309BC06F44B04A1E13729929B4DF73C44070692C810B08AC3012E8EE9EAE22067796288C193B2139B970B86F47FAD0F98382B1E035D9C32FD318A4FAFCB274F2E1FA772F94411B0CD42
311
493C23393A685B5FEF3E1ACF554AF5F3552A478383374E6B2FDDFC4F6DFE38F4F4ED7A7FE838F488EA852482F412D3CB07E293D02C9F074F12E84C5AAC423271450572A385449844706475FD38DC3C22486A0639E5F1E38B0CFE93CB4B25910EF309A2224BD8DAD40C682C28341AD69047E8539A6AFC14EC573F7FAD10AE0F
311
E6EB13E87B28E093B513B5803514DE408809BC12A14876DE0A25F643009E9176D9F0C330164285A7444DC8CAF0E9FE41429EE0A2F6A6DE91C0856C501272404A8468822E24C807030B1D33D40D4AFBDBABB411D093D88C86D7205E05FC57EDD1F805FA4CED5920F0CED39157E007CE21757C5DE440ECBCB46CD283E378029B
311
43FB077B4F47E60E9F61E8D01BE017D7E843EB49F50A2028F1E442FCC90C9EE308E4C0C2C94EAE30B75FAD3A0EAFA57FE9EF960F14BE15638840EAF3BA490BB6850EDB38EECAFD21A0C746D0C4234DBD035EFC7EDD121FA585FAB73DB89FE6A03CF833AB0730E5E2F1A36CE3F202A128934B44E396961121E1F2C9F32BFCC0
311
C140CFE22C1CA8E109B182919696BFB98120234F61B59F7BF46EC30CF067B21A33B0FB3E402448EE266CCD93135A8E823DB31F85E677434E608F53F8100BC0098EA2FD6BC01770E0F2F2D1E5452A711C4BB8486248FAD756D852026B6DC90A2AA5C6B69E9068B8F27AFABFFEE8AB36F1D23985D5960014FD711940800B5602
311
50D2272CC54FF1D3A660B275AC3881E349689C1616E1E9044129D032313509DE4700BC867C71F128C400159407C761022BA8A040F40A244788808C60B3AD67A17576279F6F946923191921B0545FC2F12AC0EFEFBD7262B6935679FC7F80629160ABFAEC88E8430E76D82A8DE62ACE50BD4A42FBF03B387B37FD321B37E31C
311
3F063D99703F5160E6C9E5A300CF32A91E0A085A29C0FC507F6C21012303C6104B82C1F1E156DB3229D1A855A32A8352C9077AF733A0AFE0FB3EF81FDF2F0F82C21B0EB06998866878B103305E31EC17F4FD43831E570A2118D1667632D4FFFFB125782F96168A833DBE78C3F11F8383A79D49F58F1E3DBC780417AE658138
311
1E8610604888E2913E12492881274822C221AD04CB0B1D273B8542837460898C686864FF6F801E8269F40AD0481DFAF5E6E9C1F3BE391C325004DF0746A4E4448F7B52C0D5EAD39EC46896B888C4210D68E99DFA2820DF7FF850EC407EB55C3EBC5028611409BFCB8889C90F1C52355AEF98B18100094C9D0EF6F64FD47E5C
311
BF3FF5293DDFB4B50DDD54F351446FA1F14580DC3902C085F593CB24ACC917B213BBC11B3F0A61042FD8B24F4FB9C4556D0CB9E1A880DE89934CE9607F18F81FDD950DD0E1D143F41D56110E227C250621FF098838042BC85B5B6BCBCBC31DD37B34966E9FFD9936A2FEFEA9EBA4182E5CD3E17AE35501FCE0707E5525A7DB
311
C64DFD077825BE37CE0BBE1BBEC061410C660B6E49912665E2B3749C7C9F93834022F74CDE6CA5EB501D9CBC04B768292C5CCB84478F3CA83074092C6082169015E5800D5839DC6C1B58EFE83ECA513BDE3EFB8EF1242D2D4B3FD55AFE03D42F8492AF8A3F21444FA2FA9ABBF525EAF84C09F0168527B0138A85D1EC0443C4
311
67B28BF844EAF76323BE13D7C11F72FED783837B970FEFDE7D7817E077C17EF7E2A1C2C0FE851FE4C008388C15E818958746129E1009D054B67530D6B3D8DA3D59D82D9D57CF70039FF50FFE0DE94089DB269C3655A4F25B38C49D0BD48E59F1526887C18FC5272197F85CA72862A593A4843CD25F920487DDF7AA0441A2C0
311
600D062001F103FCEEA3D8560CEC3EBACB01CAE5A51E420349F602191E5F901893142381351CE17047E764BE50DEAF9E4D8C38B6ECFFACEB141E54A6865A88A60133EE9CBB4C256930B0B168C1C3AB59FE1743FB422C7166082E934AFA5EFA3E4BCE0B69362FA7041818B7FDECE1DDFB4D022007CA23E521F0700AAEB5888B
311
BBF08023E128B4045381542FA256B0D04E28A0C3804E233A1BFB476A2F48FD135BAF9843BEDA3264EB42BA499601F16B566E72C7EA35908ABCB9176BBED43204C696AFD3D7B24B08D3AFA44BE243D88A6D9D0B6562B52F741E1610C0EFBBAF2B0829289A640EC4C8A4FF66A24430786CEBE1E1E61AF9507BFB496EAEB64F8F
311
49B4129EBDEC065EC1F8A3F228A3CD0950883B41BEC6D1944AE06147289600A7726313AC69A3F91197F1438BCB743E76F01F6EF1D1C854071670FFFE43FF1EDED702EE5A14C85D0C42DF90B86068800659AC88981855E3E774A71C0CAC2F76754EE7CC87C808D1E1E0F6CF47FD4224731337BE1E39C5010823EE997B1491BB
311
D99FC8D8EF77482BEB5EB2CF66499A8E0F7511B19B3EFBDACB6507BC78731B1B383D02FFDD7BE8DD9256F7D0BA7B46015941097B80018F700FFA024CC08078F51806100ADBFA163ABA8A3B95B9D2F92AC30BC908ED31FABE0CBEBFFF0279B675868F9AA24E9530B08C174055B7F48E4F58002F3E82F0BDFA003E8B431EB6C4
311
A91E4D9B5FFB791265BA8827BBE5F1BCFA7F789F72F75EC800F8AE43FFAEC42F13009FB905A9A0132015D0068ED7682AC608BA6771038DEDB3B33082891FAB1ABF5614F93238079726B833958796B845B731FCB86316713C1DC581B1E19B424EE32674093F80776F7E27C6FBFAC85C536CD955B96EDA2A3FBF770FF4BE1184
311
5470EB3E42D022000E0FE07D161811020742162444668308801E133A4C163BE68F6826A5523071CA78B2FED51F28F8C70FE4190073A3E5D3259D7A288CD19BDE623F10021BAB0C6E327FD507B2741627727EA00D31856492F9F009D7F152D930704E642795C1C1B336E0DEBB7F0FDCB79318543B25341F36802D64A981A690
311
B94259607DE0B19D466BF8C1C5E1CEF9A3FC5C639FD6117B4BAEAB453F8EFBDA500A67E8BAF76C8A06566E36EE1184E8329419161F83D843D5DE7D8221163E145F56921C3EE383978072129E290A9B7166E63D26BAB1FCDBF710009E4051842390031845F20077CD079407C575F20364C4910ED2A574BC357630B0BCD8DE39
311
335EB175646A698458F6A346F003A93002E846FFE0C459B8006E506D79BF902908A0AA05CB5E73530E33BA1D3C2EF99C712B7C8B41DF4D2A7830BE8707485FCFAEEB85A09AB6D39BBF7B4F23E00509C20DB04E240822A4B810E04D8D53D10D504C059ED86BB8697F514777717A8F8144D48A4C89077F7EDB00E2D89DC02A7B
311
975640A282C49A4AA84B70B12BFED8EA6584860DFB7EE23FCB00C6BAF7332FF259FA3C9346508813E372F1DDE425065BB61FDF8300F7EEDDBE8D0C6EDF46F7D8823478590AE23759D60DA6B7A9F125EDE8F4A5D2B37470D0B63C30DCDE3D3D59A8D1501EB1B0A5377517BDD6E301F995E3F955F0F58FAC2E81CE172A8344AC
311
03DC6781939D2484B8FFC15E8F3ACCD3954CE19576B942D0A029188EC7013FE59AE90B71292DE774F1F63D60230180B30A2EDC65291B6211B4081128856001A680015CE000708254891851D4B3BED0FA4D7166B466BFF1D2A924885AD12B387FC0FCE6819AC3AE06A7AA4B715F0927B74D119D4A668FB54B8A8C268D8B038A
311
207D10A7B1E95E42195B695BE0240F7408B311257C23F581E987C180140C584A02B1670CB817CEC0A080F259F1360E58452013200E3EC107AC1DF4FD7B0F6D23F33347F9527D9F51E6138E31AF35F1BDAAEEEBA3D71BB402E2FB47CECEE96B4DB85536772B07C82A34F3E66D0BCEC207FEB9E70643761276F7B50D5EE963CF
311
F80C7AF4A2130F5BF8C4EBFB5F07B709840480DBD8007FB7EF3F90104908BA457D43AA2A6A02C91422285E5AAC143F3313A0CB74D9D164933B86C25587134E8D342B453FC982860D09FD13ABE72055ED020E85D3E312F74C25CB0293D978A1C4001927C80B86FD06349126EC219F0C735C8053D8F5F310817EA01F1B7851F4
311
06144C211C6362C27DD51F1E310C0102280ADB891E9B085CC528A2B1369A46BA195B9A2B351862CE43174BA73FB7CBB430A5798F4C54B7333B96C3224A9863AD02B9FBD8E63092191924E77C199D92887DA594B6DCF0112857162FD0949FE6A441F5E62E42FB2105BC405A2301A3424601DC807912CB2C39C604A27908021C
311
DA30C4C8C2019A883B3A8BD393BB3546136EAF561980FB63E9E035FF73B96D09A905ACB2C11D79571C5159026227DDBDB81396EB03F14100BEB66DE1FA9EF82C3ECCBE318119C4269FD014E66361FC8BB0B4EA9A98EF3D8848A01360430284335004C183CC25BCA82D2302EB03B8419241C64DF4F5ADAF77B533BE786334BF
311
CBB8DA72BDBEFFC36103AFB30608A0B39B58D93F0BF42180841DD26BDC22CF0A770E90240006BAC65197D90920131C7B2EB3CFD3C71C6378A305EE8488FC1FF8D391E2BDDB0F6E3F45E7C8207C419800DB410073A3173942CA8D5242642A74496FF115832A6314D9FA4257577BF7FCF8F8E8CEE8DEDE5EBE76DD3CF892BA7F
311
B8B90F629431B5525E92A15A3A4A6FEA3FDD73136172060959206591F4C927196CF645AA285CF3014630121754261C0D31E1A7E3DA2DBDB54B04703BDE3A4209F02045C4BB0F529A14BED07098A2A1CD47513DA64B512F409BC01663090796D787173B5AA141B1B39BB470EEBCF1E30F9D263ACC4D05110797CEF7B923B027
311
F089F74D1D06F0A4D8C0CDA6604023FCA45B76C5CDE0BF3845ECBE13E0C0ED73700A8A753C1AC8AEFFF1B407FC8A20F42F0D94019121DE304077A027D4112283BB8FF0072444D68AAD111D6F591BC0061854BBC048EBBE9E81F6A33A95C21BFD13AF3C7E7DCDFFEB0DE8903F77B41DF178E99C289895B0EA8CD640549D6893
311
5BA7C5294E0A1D66DA0CC419BD398E6265789CA1241441AC94532A3C19C95340BEFC68703077EFC1D307B71F3C500859C11494838E902203A2BE90EACC5135B80B078804340C920C2300BCC06F7A1C71B875DC572C9BD1D84BD5FB9363CA6BA7D03E5C40FDFC54FC23C9B4B9DDD028787D89219038523BF64E638BB37CC253
311
35937A00DFD32869C5B390C8C32FF25C8C47A7181B4A599A224A9DADB0E0406FEFF9F183B7448F081E3C55024FB33828784AB61704482CD0160C04174F9E33BA9291D58C2F1F1B1B3B5863B0D9F3E51C35C253D54A23E560E2C0CB3A6F7A81382601C2079CAE96B7B1560D20A341E85A928A4E01083256420576C2ED477E2E
311
565FD9223BCC691CF394D3D8E281501E0EE5C1C8159E92585D255CF30CC854C75318006EA4A01028EC853F9407C6053910BE105348324002260254886C156260F9189EE0F8C9A3CBAE9D5A992184568A69D5183A7DB97DB089FDC57AEE54F858FE54F577DBA85309640290F2D220952620750C5811FB772A7876D1E4040FBF
311
C6474D51246D8B3FB378283FB514F8AB3C20B8BF7DBE5DE541C9A5D3D38DDB30E00151E02523081BC89C2214103E0BC1B3D0199A08E002681A2613A2616CEDF0F0F9C5DDC75DA395C25C0309C03DEC8091A4AFD3FEB504AAC6633930556DAC86EE3561941E862C4A75DD6B6BB3A0C59BE153DFA73EDFCBC3CE2188D3D378FC
311
976D0EF9A95B7C8532F527CE3CF539581E0FE501291E9139FFB65EFF5DBD8E0C18DE3077170A64E033FD278F18068028802F156C3809FDEB11B1019C208D020C9BA2870457F0F8E1FDC7EDD393E3B9FC9C4308E9315704233F960E554802C14716B0B45DAB5EAB5E25AB7830EBB8D25E6CA94E4AA01794FB1EE164FE9F040F
311
E82C940A4BCEF913075D087E85A7237D3CF29C47E4E676777779528C4781761F0BFBC1D3A77880E40C9A2E5109180D5255317890394229F0F082010354082D574F1E3FBAB7D6553C2113DACB97BEB5526C7C6F69F9310A94C46CD89FF8F379AD1AA035FD00FF3F320180F01417A6F255A3A8D86319FE0C0B0E06A0DCD33F79
311
841339C01E5BBE1911AFCFF7C1E0A540BFBDBFCF2372352686D863F83F59CB6865F43104007EE06F52406F680341102048A01BB048823082CBCB0B6AC48C313F3E7CFEF8F2D1FDC3D6F6F9F9D9E98D9D7CAE5EADE2A6512FAD7AB526E17F600C85550DDE9ACFE9D97E694513103BC69F8A2813176032C890C1E9C49FC09C61
311
670FF8705B1D7386260E7C8E7122C7F8208A55139E8C8D4763F7EBF5728DF9C34677364E3A3F9AEFDEC9CD95470788834F9FBEC512379890B38C94205B2557987C4186DF5C0837608DF0F9F3CB87B7EF6E920475752A01460E556919B2B64296FB9FB70DD5F47232A0F77465BF140CD001F00ADCA175090E2665A14E6329B6
311
2660E02A1CB50C6025E3DA252A670B3F0FFAA5EAD94A509FE7036B159E0D1D9F2E76B7AE1FD5A606198D3A747AF450023CBDFD162278B9446688111009B4029B0F2180AE20A542D40610C073B47FEFE1416B2B12200F3C991C2F54EC2491027A816B0A34A9D05C6F437AC23462385DADD75642EDDA738AF1600DBE07EE8437
311
804D2D011A94DF71C2085EDD40266A407FFA1D1C00B0C03927E60338E3B9D8C47D1F8CAED578E06F7CFAA4BB63B175FA7C301B747CB377F45192003CB8FD34B12009224543D8604494011A80C1903CE0518C986208E1C5FDDB8FDA161686873BBABABAE74FA637BEA894A44078C19696F326E057D7F95D061A6B0394A9D5F2
311
DCAAFE4C2388D8A6E9AB7695CB0BDD0A332430F1A9333DA41D1FFB97FA09AE84E738C75C407C260408F8DBD5EDED7DE1570A7BE333C54F16963B46AB0C2B71208EA3D16EF4EEDCD7005241166C005A73C03164792151205C007288AE337B4D7103741BDE7B7AC913350B348B2D767515674EC6F72A0402BBCB41C81305AFCF
311
05F2758D3ECAC8D26AB97606DB9581A4B7A8FFB068CD5C0604E6849046B70C2B60FF0CDDF93C13822B4E82FA0479A68220E66D9FD775FB3C1A9CDBDB9829B6AF2F77EC9E0678FB20ED8D1B1A1A39D10F9812E20D6281F5673121AACAA9C53424000DAC173F7E18C3052EEE3E78E7F1160F5AAEAFB70E0F7775CFCE4EF384DD
311
EEBEB9C0889D5243BDF557559FEDE5F17AB21E118C4C31A3DF6A96B56AC62180293910ECD6B721047664BCFCC6B2DD3C65CA0F0C823DFEF84083C7ECCDF05898EEF158F4FEF97EB9C123F1B9D1D1A3D9F9AEC5F5CEDA84A3C96C14A55584D62893D6A54D8D2028D05C8B1F124884543F3223B29D208B04910D3FC43F5C5219
311
6AEB5B5F5E58E8E82610F08C21BD443801233C0CE8BD1E40F84A1CA86001990048031ABBAB11EF83F9283EA89F181F2A0D9A9F62D94B7F625FD727E6A93F63F200F614F7CF100D4511C07DB45FC5F0CB4CA359ABE4774631FDAE85E599EA0878A3C33D5AD6430CF4C055EE5FDB80629000D7855DED3F436F3B61B3DC7FFACE
311
FD2B1BC6FB0696312CFA477CE87A87070C7998E04FBA78AE3F915A065E819FCF35B410321D9ABB308146A11AD5196CDDD7C477A171C8AFC74B45CBC6F641AB53C8D4ADA5870C02379BC0470CF83DB55F073E29CF5CE5F7A3F8FD62EB7AEB1774C2C6780B9523F9287193FD23DDB79FBEA513B45200E2E0C1B51350163AC190
311
43C600F2C1DBF7DEBA7BB9B5457BC0D840CF325EB0BBABBB786D301437000020004944415472B491ABCCEDAFC0591201CAC8EBFACBF367FE7B6E40E69F551BBBE7123E3C00AC560CE20C62436E8C3C54CC225EE08C0D74CE26148877689EDD004FB2BFBFFFBB984035373A7954EC5EE8591FE531348654514DB1D1C56411DF
311
A2A7C212BE5ED91278F2851A432244C6822C29C85A8B320ADCBDFDD63BF71FD32648E7D098CD018BC35D7FE89E250EF2AC75F96C15271602687965C844B8807C6E7729D93F22E81D39ABD62A0820C1FE9F11CFA7208125D33E96FD69E83AF6052DD32D49FF0802CD9F9DFD39260389A950887A647CCC99BAB17132DFB5DED3
311
5138FB3A060F6295AA5E195BF0BB56495A5A4A8FA440026E46A047D40ED2520A441C302D240F201FB8F7E0EDDB0E12A04D8816215A0579E8FE1B1281E9F19C9900DE79842E2A7CCD48E9876EB01C75DBA0E0C8D44AB5512947A00BE7CF5DE9E1A6A6BE43CF1A78783DFD5A404E4477336C1ED8B18908B2A847B2AFE9839E89
311
1137A6673BBB96FBBA2A4B8E9373B001F08369BA11BE8ABC4302FD2345FD6014A127068427D007BE28B41D9B0D40FFB7EE531FA673C8870A69135B1CEEE8D009C08042A5B4EDA314920B635BF941E7487E45256439DFE9D276295F87E698389CD49FB394FE19720412DEDDC40E9CE9C6DD605E0B719FADC416CB15AB3A61F9
311
B5B9B9426E54F81D8B03DD950946D432B40CEDAB7BB5AF11213CBA73C9BCCCDAFBCF06127C7980FE6D1DC9B4DF14832D6568FEAEEBA76FBF438300B541064ED33F3AC0B0D10505306FD370AED02859234402F6C3FED006766DDED2034D90D119057225EEE3DAF787EBF30EC51ACB4F551678BD6728E1944730C095F13E4D81
311
A4DFFBF67C5BEE37E62A85FCCEC6CC6C7BC77A5B477E22223ECA4FCC0F87E2A5E3EB782BDB25B8CFC6736A044DE5A7CDA604526361D650484FE283B77EFBD65D52C1C73C4F48E7D0D81ACF572F2E2280F98FB230508FA906B42DE240ED651B301CEC83DE1790C9FD96B6CBF986BECF3BD332C18EF627A0B6EECD5B152E0208
311
8D03D828AFFAD26B05BF671B4F9A09A8CE0CD2707F67F2A4B3BB75B9ADA331C1305BBAC182FB4A79820B7EEAF73199B8404C0B81231CDCBB871B80FC41FF5860E8E108222A1A076C29E6E03B6F3FBD4F1F295DC457573C7ADED636D6B7B8C88413DDF3B327E1046AA51040B40CB50C7E3F1D2E44DAD34CFA604029BFFBE714
311
DF0C069908027EB275F1F366C132E1A7450B04011CF82B2B647CE754F650FF6E25BF37AAF65B7BDA16CAA791F1D09F6CAB989EC5AB7809BE145FA459E8D3E4B0FB47DAEF093B946FED585B80FE1A0305FD5330FEDB4FDF79FBF6BDE81D8300CF6815E5F9896552412A03F31FCDCC7CB5E32365550CD9365FDCCEC8752E9431
311
61D78047336F8AF6539840A1F2E764FDA2970999F205CD2BD1F5CF496571F76EAEFA0E1CF8FD2A55FD06391F9EEF8B9DC9994E72BEBEE1FC928E2F223EBA0FBFBFB4F2DF137BC894B8087643D64ADE6EDED67F7680FAC9060239E845FC94AE93D880F994FBF71FBCF5F66F9F32C292EA900F9C1E6F1105E81C5B5F58A067A4
311
48143842008D7275EA3BBA3D2516FDF02FF79260020D6B3C714711F3CFB61BFF56A826E627E82256F7400FB387FEF23C1C1E77FD6A21EBB1B2B35F2F95E7760BE1FA3ABB3A981423477517EEE36FF96F122B942F6FB64D9502BD1B9089162532A2FEFED255028FE653C9F46FA321E0B588B7DE79FBED07C44106CC85133CA6
311
5190543004D01D02D8181DDDA5A9C91A7110805B7875B689FC3902200FB192E7DFD936B37B57D9C338BD49E99E181F4E5FCAB2ABC1CA7AAB382CBC7D515457CFABE6FBC63D525E5CDF74B16378B9AD6774A58531912D232DF01BAA913DFB7D3AAFF912984302B84D0500077800D26C60A4742101DE420C610C2E92FA930560
311
22EFBCFD5BB6B38651470CD33BD87630C05831BA864C85997B8754B05167F0706499DC442FCD22592AEC2ABF3FF13F950039BF159FA9B36ABDB2778EFF83F70972B83BFD3F4899E64DD8346AA495CB155A7499F2CE39B0AAE755125EB84FD8CF8D8E4F4E9FB4B72E8F1DBCCB98B31BC4607C2CFF21C8145FB48EA0F2159F86
311
A3098415609554DEFA7B27EF1301033DD06D274BAF6821D220DEF96FA4CBB60B3CA241C021D38E1AA76B4406B4767576166766A6C7F77273F5F395291BBA19F64F2E3095C14F3E60371827741CB27E89543857D6D96BF9A47C6A9A26057840332EB843717AAD171880217B71FCCC0355AED3D4819911F79D0EA8AD6DA31A83
311
E36C5DC2D470295C011302387069158F6C9966022367ECF1D00BA9BB95C389AE7B6105A1FB640689033A7FCCFFEDB762189103A61C3A4FEFE0D6A6B5A19EC5755A443AE78BC5E9235B047890A65919A0D2F96AA3C01CEE913BB3ED239C3E0CD8DDAB99E4348BF3F8B977B6C43DEBEFBD7721A839A63B94C06A10DB87FCBFA3
311
C2932F8C26F88B6D6BB30C3C4E09AFE40FAB52EFAA1EC0316920E031A46D65A0FFE45A673432E907FBCF86717AC04F2CD0EF512D665FF53F05BFCDC43489F150890C60A8E0314E70A06F619D30D841189CA15D3417F3CD50191AE4396543F0C42BCFD696C58DF163F5B46D708BD5FDDA5E5E5FDF9401BC4F7E00E8A1752083
311
3D1CBFF495B5D1CE037C664123EEE74737268B5D1D3DBFDA6AAD8C08DF2C0BC7A737E10AAB2A7B958990CEBF556CDBEE823CB09FB344143463C630CFFF585D330CF0320E921744A7918280FEEF981161008E9FBC78C830217A07B7D6985E83F9A79884ABB5AB383B4D7D788F9FB3D867A2112A43F19042B33A108690CF6F47
311
2F8661CFAC971478757F6E6F2F7AEB82FEA85E5715941778B278281F28C268AB24BDB470EF3303E09C359E9DF1CF990D8A096106E6A66C8620DDE7D281DF0B2831F20439A30D68386CE13E002F7EDA8D7806162B205D6A19AA1FABFD6B1B400EC2BFFDD66FDF7E8755B4883C043F43046C1326136680404F1F934EBDDFDD39
311
CB58A98DF1BD7880E0532E671FA1435E9D6EA5E9071000BE8F262E7C4044FD95D5FD526EB40A05A634775F32205C3D779FDC168CD5E56BF982508BF572BDA4F6F57D3304BE9EB18149461B12F760D7485891CA47CFC44909136FBF4931716A2E100123FC6CCAA6A644F25EDF4AC980B14039009BECE8B798BF69A05DC5B688
311
5CD23F8E13A46FF0C0A986D617F001C52241801E87C2974C31411DA3A5D7B6175472763D637D3E57C33B908F867F4A59CFCA7923375E5F027A983E18BD7BD4E6FDDBB2250C1529F4202EFAAF979DFFB1F2612E87EBEFEC58581EDB9AA95AD1D7C1905F7305BF8182D5BBB524D47C4E3B81CD843220DE1E6536497C0962C225
311
F75A2D6A998303B23FC501F0B3F736EE1FF01200FC8C99F5515207C9C40081DF304C0A17D06E26CCBC5B3C47459308178301FA8057C2C0AE9D99B05F038828B08400F2E3251254DD7EB8BC4853B101F99AB48E387457C96951E5DB670648BAB70A7B04FE93EEC5F5B183F9739C98952C6845C380D401B8FC86E70A20744EC7
311
20E09D35955D96A9041720196D183AC2CFE6AEA816652D0234883D788BEC8F5DF2615261DB031C2381092401B48D8D2D870FECEA9C3D99DDB036C8A051058030E32190976718C89F031DFBFF2EEA3D88606A8A19BD0AE305BDFD12BA4FF46F1A0002B07137989C748936E9DB2C91F43B07E4E4D16C3779CF5A4FFE8CC981F0
311
7C29E34B7C012AF0054FAEA4A6A3D49D3A16D2B3CF220A029003366663053C89B3FB1827080DEC2780076FBFFD8E39810CB0593CC68B5D9009F2D400418028B0BC6CC74067E7C9CC0C2690FBB084AA5254A12AF63543B35EB40D17B693F7E3464D5094C00AA9E04E0E0524F5C35C5EC6BA94B21AAF2440725E2A9FF94FE7A8
311
F0E769EB83FDEB039B631B18BF396F5C13CF89ACC02C387DA56DC3B1CD84B96CFAAA37B55FE723B611062258257D331F186AC93D8AD600B4FEF4AD777E4BF68F2168FF08C081A37AC13446C859964803961928476D78F68419390D830C1935B5C2A0A22A3AB17D3D6428BF12DC373B8D464E04C0A496BB3B3B75639DCC2500
311
E0F0B15FB6F47B5A7ED0183A87CAE8D535F2EDBD4B3B7FC762DFE65A07C30B2851DB890082ADC07131EEEFA3DB7DD5CD32C0860CA83CD4B7993A175F422A8149B1C1D94C1145059D9C78A8A572A90B7C8B1E3392FF77A80C50220880FF3669004E90F101740D2B808181455A044904674E7482CC3EC85C4BCE339404C0B0BF
311
6A5611E4F9B8157BAB6DE327EC9BFBA1B4557ECB609C1F45326499EFB90EE78F18227F09E563C9E63D847EDB3B68EB9C39E95AC4F7ADCF7D87F6752BB6912040281E4A0D8A8314E80D60470999B8A51FB1488A66A9F3F81FFA61C83F4FA6969E472288FADFD61B005E0EA4284822E018911828E868614DA0C36E11F3A05107
311
0BF2F0840E35F200E2C0C80A776CC9E7E6841C0503D0EDF15ED9AFE527E798D23BEE5F0604E58DFB7099D739BF0BA5D332EF29F1535995BDBD0DE681C4F71DFE6A7AC5A13554AE6910963E9ABC9A0DB5B202225545F5CFACC942B5B93C207352B6E5310BF349AF200175D7DFDF78F6D683B7C87E087FA9B35812C4F8F13452
311
CED610A2207541E6D659A739441F3833CD0C9C3C3DC2B0712F62333C4FA9327C9CA1124904B4FDE0FE21C119776CB0C212AAFBA5CAF80EB43772ADFE77CD9FA8A4144C54C2FB2304C65F62FC3678E4F6C68F30FEE1BE8383CE7DB86F58B1AE0C51F0F055E188D02F00911DDB0991832228B3172B3E623E513FF1734FF414A6
311
11A603163F401BEA790FC9FF7FC3FD3DB02DC00184145B850D01D120424DC03C00FCEB7880EEEE939399F1F18DBD4AA54C939899304D913CC2D5CFBC55E50C7FBE4C0E14AEEF53D6843DFF56BE2D554637EA047D3C210E2C61077875FB5B40E19F43AB7470CAFE1C0D3ED3B3B4778D1DF6D4F837C08747180FE8394F2CA1E0
311
A46B6DA62CE2B2DABEDE0B1924098580FC16B369730E9E90541D3730D47FDE16EE1FFAD3419CDA05ED1F2715C607F2E81893AFC5936303F40EB776F1D808BDE393A3FA401E1C706E154C892860AD74A2949C409E28A8FB3349C764D13E4D1D3468952B7B1B35001BF41142CAD58D6011C8B78961EACAB66E9AFBC627673B61
311
FFDA4167950A274145BF11EA17BA9AA60815C2C43AE1F648E3772E53C94E6364AF826019E723069A8AA353A3BF7FB5359281700061FF64C28C10B9AF0B70B0B0D30A31CD1CFD22F68C76DA1E44558869257892363C091D313EFA46B57C3BEB252E9C6BF5B4799EC58F1910F469E25AA17B343799DB3E33CF410061F96C6D63
311
FA91B1000CEBB7D2971BDD39A2A76361E000F5DBC1688D47CB812DD60F8001AF25B328D173A9E4BAC18CE9F1F628704330741B2649B92E9714447C68559C6CD2F681919367E4811100750058809D0230C087A89FF3C80C23C4C60882E481F48D531764BABD5CCECA308DE2F63D3BB50373D630796126803C2D1FBAC148F759
311
2881B395ED7D26B7DD38D7096AF98841CB37592561D9C6565317AFBE9FC4AF7371E060736C7635E0CBA1809FC80F544DBAA1F2F9393D970D44C0615A0C6930E758B9E63AE690F73045F0C8C0731DE9CD80F718E94652383458799E02C06D328010011C7090D8C5E5336A83D4059953877EA1E1D66FBE994F04608C4C991917
311
230FB61F9AEE183A40AB9108D032449FD1A7283DD25ED15360EF7EA9303EDDC0043403531EDEAB10DFF87F5E2FD56DF0F1B701A9F614DB17FA0E0EDF6FD0B1622A81FA3D1DE5A33F551930335C353A87F9AB05C60455193448246944A232C5D07636D864CDD7A50D0B4440CDCC465D1C418321F50E1648D500294065D86955
311
9EF3C40C8FCC6C323E989AD0F0C73142480B200842802C061008B480A9954AF282052B3AF67350FD0DD30D1F4075AC303A5D490250F5400ACF479656861E4C77AFF327F3EBECA4B57B6B6C8FF62602BF150744656A87DABD7BC6BED50527B2120C001A0B3718C74F0C65CD34F275164D7968148DDF259AB8AD6CA81CDA4E88
311
19509B996A7F642D987A401A2B04018C01E6C169A8700F9DE3B489DB2BC49C9B7B858A4F50D22AE15428FCA4A1EDB20C83492690CFE361CC7F8C8066FFD0D77AEE797977F468A36E0B0DFC87F90EE6348BC748F7CB73B5B9DD5C6EE7AB19ADBF6DF359F1DC2A0F9E44F213F8041F64274C0859A2AB7C37440FEDDD2F95BE44
311
065F22067E3EA0CC3BD8C0D8194EAB291CCEE20B9CD8E02950AD806080047A279F19024C837C848816719AC4A34DF8F0706CED904E8185753A458A27E4C1E37B5F30A104932BE140E0BF4E400160F320B054A8705042FFC47B4940810173F9C9E97240C7FCC3F3813EA239B745DE9F1B1F3FC2F9330374DBD1A7B475923F9A
311
2ED81716D18D1B577DAAB9D1A0458655AD3CA7E211867AE7C702DCACCD291E0F798013DC01BC326087775C0833E04EA3778FBCB8DA4687A0255CA0AD210C15661E4E92001A4449031D1DD27D327334BE830B64DAD90CBF537A45FBD4E94A7A88888E715B7E74FCD040E818BDC1BF5AC609CCCC015DED23877080FCDC47BD8E
311
F3A7B783A17D33F3ADEB6D6BC7AD75EA7C7852C5B6FDADA6AFEFC2D181C03F8C40DD8A4AB5024F0B72E34B57BC1182472DC80946789AFB711DB7F1193C03C893B0345F420246114D3EA71D04FBA731C0DAB0D3CD311B218F0D5A15ECC105D02F3AC32F13600084731A83220040019B03180634B5923D438300B05BAC80881F
311
061095FED5D572A3323ABD83F1D37A2301A8C930AB3F66ADF7CBEFED30BAAD7D78A06DEB6A87F15491F5AB7E25842B6B34BEFC12C8A159F187C64B3CBD2356DE5FBAB98BBE9583F0E3280C0076DA15BF34C15238145742B07080B1EFB83382F9FEF2239D003541041083C5AF9EF3C8944DC2030BC3ADEDDD9D274758006930
311
49E05413BFB3FEB4308731512F13400D06F813368A0101D8D863EB3E75FCCADED124F532AD3F123F131AB46A93DF1ECE7F96CE9EB6C365C6D6A07EEC461FC919FE288AF7AE1A7D012D291EB073735FF26BBB1C99FB706E972192819B7A34BF22424BEA1CC7958AC2E04BFC8E02DB90A4A1DD04811ACDBC181037864672C78F
311
6C0EC3073A40CC49D5E813593B7002763BC6A909D31AC86F3F6E335C9E1C309BC58F16418642E2AF6B290A34FEDC0CFEE08FCA0F56700699CB73B9C99302AA17BD516D7F1FD755A2B32B3FBE7134D3BEC813195BD355020A7DBB541539CD2C06E45F46FC0EE08293E6C0E1972176D9B678340AA1A4823404EF79B1E2347E47
311
C35D0A2260730E0B513025DC0BD1C07E3366E9B9D17F767405FB531070700035618606F0B40C73C974CFD321B0C174A80C0F3AA54945FFEF348F5488895713E89B5C98DA501E06D8D24FF04FF0CD7ECD7BAA755A854EC6A180AD13BE094E8D5D63BFD6DFA5F5D3E4DB1BA18FD8473DC6E17FFC9832B71A2A94D96E808BB53F
311
9192955D62C82E282B05168AA0927D54AB20A20A74800B7CC9655C8B15F62377CA4C91641F9F4D0478F4FEFDCE273A002CC0A725EC165CE3A149F0333E8E9600B2C05A7D15FD831F0938DBE5D0FF13E3C0F0765965A0961C3FA86DEEB0E28304747BFBA5FCDEE44C23544F7BB7BF7A132DDE34F99E44EC3FEEAE92F667A10F
311
7E90B0E8C6442DF5A5318B0F816311DB2E6DC6F172C363FC800EE09186BB9EC82A24C0117700CD884AA42023B81EA6E0CF8B3056411110D78606EBC5AD5417B45BCC8E61EA01C4006AC233933E35D860BC1B6CB9C9CCCE7840D2E0C1C1FFC11CCE54D59300F2B47D66A10F09D8E24B71B9BDDF98FB62A3B897C53EC88D16D1
311
FFE8C649B17BB8E760EB20B784F52F992544753F2CBF642CD3C9C70D8722C197142C567E74FB431EE248A8F3FC00377F5142144A82FFC28AC2970A780C85A7EE9146FA4B2981F3C93BCB0F3FBCB6DD3DE69C72B6073B99140DE28B8E919D9D9E7C2F5FA99FC1FFD07E9AC0965CDAEA0A945FADE52C791EA989E8E7A21A355F
311
B37E44405D171B98A6E946DB26AE71DBD01FEF07FD378F5B4B518724481820890E7486E3FCE61A60E096D577701890EE07CA5D7F2B086040749FCEF3F81972E510A86359C9BB579883035887542090614E5C4461705D7CA1CF84DB564838606CF1597E8119790D021080C935A908324EDE9F60A04B7830A33F0670CB08605B
311
8D01BF9A3D435693FAB4FD84EF6754930640C1F9D74B052A7ABBA9F502B39DA3BF6BC7514EA4BEC71D752BFDC198EDA8DFE8F32B3EF811E4576B0A2074B99B070A069F60173E7427BDF285024E35A4418B7A412914F2800F1965C4F1120A2D5D2C64400563D5942044807BE7C738EBF3034C4A6F4D70C04ED1F97673C039FA
311
BC4CFF18866E08200BB66BDC9CCDCC3FFD1E43BEFC52C317F0F5E64900FBFCDA4DEE68768FFF46350E0EDADB7B34DBBEDE3776BC55599AF84E312229F931E700D04478D66A0D88D09B2276141AF0F8811C5F8067DC04C0F90929F7F1AC9CCD368488AFB965C97B855A3E2E93AE5B4866502E55991B82D4388614F2C36B8484
311
A5FA06E3EFFA984A6AF17D5C2073299D9F12FD63826F67FC460E54030981684E9FBFC22009A3006962285FDF4FC84B699FB5BEF3736C6072F6844C15EDF25883037DE6BB7AFAD6AE164B367812FA8CFCA6FA25725D99AEC5C6EDEEC64ADDA2BE0056002032E1D7A20A54CF444E360D520A5B69816C0A953CE0434A8A898BF1
311
8E2B704588C01BDB2133342F5404FEE698957C200EF54E31BE6DF4E888C9C67F5F3F1B41F922777E7FA6332677C20098C59F762F5DFE4A23F9801A3BB6F8A4F66E0D40EC867E92DEFCE84C714FC7CE8DD3DD3BDBF9C781B1C3B549FAD2C89D711808CAB100E09700BB85240374A7209212F320CA577222A7020E7824500179
311
FC7096C714884BDFD9499E027ABEB3CB0226CD293CAE6E0C41A6788F396606A073E28CBE5CC67D584D36CA39D37974FE1023253E3FFB007A26F657FFC901D851130DDC2BF54884F20D5D40A0B7E5C7BCC7CC87B84F2ED820192CCE1AABA1FF24ADBE1D03635B5B3B53D4A5F84120125FADC36A0E792D3AD7E255792CD5241A
311
4C84171F1104090017DA493D0A7790A7BDE6DF326180398E4B0DEADA5C2763825E43E05C388E184678C88CE6422606C017F030366981353DF03A753DBF6370879F79889DD0BF75408724DB53C5B0063AB6568D02DC47AE4627B58D7E367A6000267E7840C23A0940B992DB98ED1C4731B4FB4DCFB6D3EAFB6CAC7646F0335C
311
5031888CD74E2103380260AD47176D703960230370FBBF28813524C17FFFBD6288BB28E4F905ADB4A788B40B4A6201C1878BED224DE9906C4C79EF32EE679B9F5D3B5DFA137327320643909A823F62106CB8F9BFE4BFEAFF0FC7A6393EC7F64A698EFF8ACE31BA05ECE6DAB6DF124118D1D13F892F3D3530602E3F3ED3D59D
311
FB821ECFA3D9AE85B1ADAB9E328DE738BF55D5DFD039445AE76D0194180F57B15BEE5F09C07F952F9A10372BC894CF7DA12CF6507E2A8916E0DF430C519485C55D61EFE209912D8C32866214E121611E22A0B1238DB18E86636A3BFAFD5B4EE02FF1E505F902BDF424D0516907BFC95EF3A76B6B3872769D67E25B548F0DA4
311
6E2B93DFDFD5F2B9E9EEE1EE1DCC7FBE6380DFBF38A165CAC73DF912AD76A4690D2B766A3EB4AFA2D05BE543EA20B095FB17AE3F1928D84482049B659E671A4763CFA567C08824913D37F2F92F841FC244085C1681225C04AD6DE1684831682CE0D6096B56101C0D4FB3A1BD3F11FC1105AECF5660BD3FEEDF162B0D9DEC6D
311
B55AF27FC98050BDDEDFF63ED14B01336053A19DE9AEF5F5D9E9D9F9E19ECDADCD497BCC57681922F327EB41FF681E17C1921B04FBAE371AC69E53F98183E91B84897A5DB164158BD1D12FF6F6BEF0E02847727BF2628F9FD48B6FB11DF6928C868B29590A0606F92140D0C08850DAA7DD8A5FE8A50389F61288AEB743E9C8
311
01BB67DBE0A7F64F63BC87770FDF57AA73FE1F5A84F8DD3AADDFC32087FBC0A7D645C327B97D65E7A8BBA76DFD9BCEE1B1CDE3F5F7CE4E6DF4013ECD7CB60BD1239E8A4E9A5722AD9C4FAC8F7FF17B214AF8801950430639A08E3ABD05A0D94E253BD5951C885B0CE750309070555FF21F2EF83FF53F4E15038B8D8A244740
311
A5C9CBC120043DA0B323FB1DA0A4EDA268C05A304619505000BE10415DE898809DB6B66896E60AE347ED3D6DC707CB7D5B5BC374A158EDC343D0EA61C217D4878CBBDC1D85686782C3CF4272E7DCFB5E9EF628F5A95AC1AC0C6848F5771329EF8DF2BB79EFEDEC8DBEC72EB7F245287FD4B31008AB38EA4D52F2BF57167159
311
E3004CD8950E217DDD6F699FC763E9D1A0AECC701F7BD4430A3E030374066938F883C01DE40E7DAFD609345E33570F4CE6BE467FBD7F793B5AF2A9D331D86DBA7BF98067918F9FCDD609A0384B523F4413B574B818C6889FAEFC5E7B8F90CEFD62BC2C85B2478D54DD076635BE434FCADE68B3ECF1C8708E27863DBEC352D8
311
7BCC7A92A8E135700CDE65BC114026DE5DB68275E656D2C0D4087293D43BB4C9C14EA83C0D806783B40DD7CD4F19EE9F33801F55A3F1FD600017A6CD5DE607783D5F74E34680E7DAB98D99F6E5B5ABC7F7DF19D8278322F6A97FDB2FADE1539BD945DDF868EE2B8B70D9EDAA45D1BB0A5801198CF1DA891540474745BF0317
311
F8A3703E02510AE94B084221F887FE950272D62D4232781054A87C58D015CD45EBF9B70E60820A2056E9D4D619E8494BBFA68B61EBDD8CF52CCBA124BACD4A4077E8420A7F36FCDAF661E577B792A7E1B7E337C7CF1FDEBB3B49F501F3C7366C1730E793F51FA20A9C3D2E9F18E63DC277449054CEADA36DA0807467D45F8A
311
744E1BDED725A033868703F1392BBE221158220588F30574A0B0893D0515B0B7C404AD0E7F40C11D504C49BD7DA39A85A19CD7357DFC966E5D92272FF06D59CA5A6A1C8AE30E52F1247C1F1D78F81887F9F3E387075B170F9F5EEE4A7F5BFC69DF02FD8795FCFFAB472E7C88D563DA514861B85BD41594A75F5E866BE69471
311
110A9F75C8609C7E6BF6C7C727431EE3E9E3773D2378C25226E82C08104A57ED273FE0921D6990E02B006BD038263BA360355E8DC446A380F0BA35FA9945A80CF60DFD54054202F91897C241C147D59F8E0FC67CD0F2BF377A3463F8BBBABCFBD6833C57E214AC3F5AE9C2FDE88852968F20337972C7E04EE5658223008AE8
311
2D93BC37D8DDD900BD6B16EF221F0D4149045D740A8A215D4FC186C658E01994B8CCD317465828704BB630DA2243B3B4ADD3EA554A97408454148C04A1A0CAAC2E04033C04073851F54380E0BF2DFFA43FAD3D6B574F2E1E5EF6E5F4FEFBD1CA87C161FCBCF5C7AAE2F726F814027BAE10F79BC3D765D61D1803952210A9AA
311
07F8C6BB2105B61145B324F96014EF223D4A9261080239F03FF6F4DD4975C183B887E081F7A467A25EAA0C94028FEB808637768B07400A8235D4EF33143253198900E079E3FACB0C59B00F827A5785A6FFE2FCF0C0E6F1714F11CDE5140D931D707950631F3DE877F300002000494441540ADFB08704E252AADE1BD4E8DF55
311
796A32B9B6F17737C67702E5C638682737286CB0E0A89B624D5BF28222432848C9AB8C07170C97B814FF492A61072407D638006F7C8400860444C01B1930A522788045633DFA9507267A3A42BA05925BAD705CDD3792FA23C1075C6EE768A673919EB6C3FCFE7629B7310AA794CC9C0D14A1FB88F95C845BF22543F57996E0
311
B26C9E4C2ADF187F979F8A55F11B47BC26594C52588518D25E6C2B1CCED231EA1B748F093E5726A21A54C91EF95789041030C20FD5AD68613432E19A4D0DA2505B6BD843516E10BB00AF9AC315EE9FDB39CC1F9EA59CD88F9CD071D470C86C4647FDEDDBB1CDAB81DA94034747A779F4CED497CFF817348F69F52E55490840
311
E48840BA72DB71F3E84F6DA2F4717AA928F153DA6E4C7E8E00363CEC9A2E1C8E65F298FC4A52F087FCDEE5CBA38A80CBE11FF7BC2AFF249203FFAB77A128A001B1987BD334AD9B901890A8C2005B6B248196AD09C0025ED841325B31845032E327C531C839E66DBAB39566B631C2FF0A1DA5A3CC47E665AD8751B47CFE3389
311
9DF047C9F3C365E3B11278D49DF939298E09002F6430F9958803309827A7C791048CA070061B7E9A64C557D235F83EE24822E5EAB805F9862F20FC58F483DC0EF02181F572930205107E00E523861895A2811309808F2B6C14B2AA579E893753C155D2F54302007E9FF36AC5FEDBCAD47E182D91A73920CFA5C18E01F8FFF4
311
C3F1FF553BCAD0E58DEF85DD63B91BE38ECE1A9FFC4AD4A1FBA30D462C328C5A0340DFD393D3D3D3C0659195C96990F391EFF4175213BC74C020922D4830FE215E76940962BC0713A3B82784C0CB6623DC40D6E1485BAD454F6892200B225096127FBD82D2B12006BAE2E329C771E25FEBC0DAB3B5395289D56D7A8A89081B
311
34EE06F80F819EFE75C67DEEE95D227E283FE98A7B9F1C97D2D05B4D07A469153C3DA3048EA68FA667A6D90E291C7D7E2D063E4D044964D055F2DBF3E31BB851AE9F78A0A7314F0AD24901F581D74A6929142039C65AF5830D1C809536CDC05E4BA51038F79D713DA930CF18BA3010E385351CF47F74D439BCBC793556A1F9
311
9814926AF12835E251C59BEA3C083EC2B2760FEBDF4304C9EB87B35769E1EB24B648542CFA4EBA9EF93CD42F03C08F249A2C98897D8E2225E90077823F4A52171A61219998CED6FA050992B6B0A74A2220ED12123004FB977084208F8E2AFC80F456CB110BCA647A3A0F854085D84FE0052BE31FFE7F925610BAFEC06FC33F
311
9931BF063F39DB3D1BB20EE357F594045F4226131578582CB055A59A073AE0413989D215019B6EB8A21CF154D71164E0D8F4E730C2CD382D098DA5261456A425643686BC8301710F2C50665881399156AA2B4C3191BC555728384800CE10040F746A3D8A80A5F0E500A93456FEC52833BBB45203DACCA37FE1D3EE4B9BF0EC
311
27ED47D89B8266F11EA2DB8B5A8BB93EAEDF0C06B7AD0402B9EAC6E787365535AF19F15158308A9D9785C1BC1C01377F8C6B4D07B50DAD25649764A91DC9812C7B34CA98184084F7C01055466B48058CD44085AF26648520C85C41C67805462D8425680425559F4440F3ABBE1F3F81B1EC72708767DDC8FFB6465796C8FE31
311
0FEABE0C9B242A74137EC3E0427091967023299BE5D6D4D0C6D15747DC2AEA4ECC57C72856E827D33CBD319D70FF854369EB841282F84B7CA4881447ACFCB257E252E00FBB3272120A75B99119840858486615636E0E0334031AAA8C08A62E080053A0AAA4158431EC727A084021D41CF5D630C94184F6FE7432E8F5F9A4FC
311
DF3EA7CF136FC2988093F98ED622E38E4976E1BF0CF49D2889E6DF3566719FE1F9B47A2D3BF89C69155DCF24F88C609EE551160F0415900B4C48FB013D8900A9192A700748002924771A3686A0A580FE4009E00ACC090253E280B90AC15048E047020483A038A60ED232831F2CC90498648690D960C48E439F18F4DDBEB0B6
311
F5AC7B7B89F6230243B4FA160A7B9327F3AD5D937C8BFFE5FF8B3A5E64283BEF8EAB9F71159514CFED62DBC880614AA1F7994CCFAE7D8C87057F451733699B8DF87056E1F0654B5021E38097E4E23221B810DE20559AD183A61C2C88A648DB096081E9801CA00BC1DA0124E08DAAC15FD2936905CA8DA1C40E42B13F1764E0
311
C4015EAD7F8BFEC99A310B1B7C0BCC7746D3C0702759C89EAD57122092122D1F857067684A578F1DAB7EAC400841F493A468113282FFE42316CC74C756B1C880FE78795C692813CF4644480EE9B02991BCA257A71861F00666D9410288487618D120D0E80D7773E2B7DD180E100EC98B221C94BFC4FF531A09B986230F1CD0
311
8378A8E4D0FDD7D9B1BC75F5C12EAD7FF83F3ED19EB018620303C217A6A35D826E72ABF2D8E2BB1B783F6E48D2E3F360806E1D192085D022103473A10375B63853EC54F500B5B064DBC20945B88160DCF7E4F83A0200BF6FAEAC88E9F54D22D898E43F378D20B51B5D6B1457000922202800DD401A9266483029C0D6D57ED8
311
0D42A0E6E08835F0F3AC73D7FAE6D56185F04FC44472B854EB7D9CBF7134DF3DDC35A9F6B38417DD6F508B37C1A718B0D054124176F7222F62DFB327F34D451799D56216880193254FF782D7DDE26C271BF38C6E422E271CE4AB8823C9510F021126A7A944E00DB4031D013C88EA0746C96D4574069BD5439C4110403B4002
311
0C30B07A604F1E41D19C21A93FD9002DFC35F23B1E7B98E95E38387E3603FE7393680410D702FF9ED5A3C5E5CE68B5827D721FA78F3A9A0C08A79722D9C9B418F46C0057BB1640C70AA4A03D29CECF33987596D53CFB27B32C3BE304C540E14BF8464E080918268D254838C91A01F0FFB99154FD8A9C0495EAA6534A6C4644
311
40B4A71E16100E7405088122A35F7A511DC003D002E6C8E7E15F6D1D2FD09014139EC11FDC89394621F77B9F88EB5A583C41E2FEDBC8F82334494C0BFA97FF3C3A34ADE60385B60E5A30CF036E5E75370BE3B83AE73B3B7DC0BB337DA0045299ED0C66681E4AE223D01B1BC3BD4C921E2005FEB5114739040758189BA8A320
311
067B62A3995E4720055065AC2B4A8006BF8CFCC907C0063EACE41813C5F017065AD46CFDC6FF1BFEE052932CA3478C8E5A6F25DC8503D40F61FC1B047E4DFFE8E84407C81F1AC7B5C79DA358551CD0D13785A9AEB38D6EB68A0A8087FC6543E7471082873CDCE5CBEA1EFC5CC0579469E225428E9A43D6A6000B4219DE52E8
311
DF00A55F4BF5035960661C2DB88AC1F67C2890A93FC420193C8326409E7B595FBBBA9AE1D1511B3F6D65B09AC10A71C2317201A603E88C56CC68C91279E83F5C147787EFE6C675F00941D23EF092920330982DF38C65EDFCA89DA98E8ADDECCD77CB86D85118F3DD9884820B1128010D02F1060F582871CC8FF42024C02239
311
273A1CC3BF71E770DFB7E96081682803188118B50310BD620234F230B12711B063E0F0490FCDA9248B580D3D3DE944A30CFCF2A1E0F6E59E8FBEA289CCCC943785BB8880ADA9C2FD70F6A13F5418444E3A669273C006C4B4EEEC067827539FFBEA9CFF04D84E7F170480037005AAC8829084329899F90B5E013927F8E64651
311
4B4824B01D11F72C012CEACD163B6358A4454A4221D06E68A71062520649BF9E9127D0772D6E5EADED52FF216BC2FC513C7D3C5CC4C8AF009811826AE20203B076A2AA66D8D32E317DEE0EFC000FCE16D9E0BEB17C74AB009256C5D8AD1CBABBDA61402612C675FBD72D07E633B1A42F2421208CE01397560811204306617A
311
5141706105C9F4984C459F2D0F6C392FA05BED808512B0B9A8A9FC6CED89640EA347D31F0DF76D3D9E61E800FE9F7601BE4C9614A1C58E6C839F13A12D0EB426DE6386B82369A9E6A7F1F9146EB578A2EF4289AA109B4F6CEFEC0463E0072A05CC9DEDEDFE08407B173B8AA65399C80B2911252E6290C82CC1B8909140C11B
311
7AE161B42B93905045D017E00CED6D27AAA15F2C2179F1E83D411A7020B9408D202381E7E5DEE5A9E7E5CDE3B186433F488AC81554BEC09BC579018ADD1DCB3D9D70F02B14BF9159A4DA376225FE43DA224FED327941705DA582B2FD1BB5DC0540667B650BECDD1D5DDFB0C7F36DEE2B94F6EE2EE4E426F20A1174C31DF153
311
321A24114C4FFF25E505475F6906D4149B21F1BD9D9DF7B059F8E0FD83323CB97991FE80EE131A9003B81C491B218B1D42C0C0D593D9D548003839DC29A740298B0C23F0CE14BB167BD61989AEF0B985C8FAC8F923A73F31953989F0F6C96CA6C4D0A9A88184BEDBBBDA3BBADE77CD8E2FFEDEEF46184A86671D7DDC514174
311
77BE9F04804F305AC82C2D018A21EA903866A0F959FBD4139916D036635EE03DDB7408BCF0627A03027AD314C09B0A27F0A79490D53839D0DAF1416995CAB24101FA63F75029D57A4CBBA9FB4D120ADB17FB5A999FC9420DFE04FA670430B90FE7F589F7FE8D50A4B5F004CE5F07EB4EA007F8AEAE8E8EF7DB3BE2F81F4216
311
6C7246FA9E62D02C8209BA1024414C483498B50229FD923F2414040B2081390AAC353B5283EADA12A30B1080866D746B9ABF5BC107F33C2A015B275480759334B83AB02175EFD0DEC785DFC505E0064F4EBA5A97073A74C5C9FEC97BD25D819E28AEE661FD2732B8BBFB1BF13441B3C1F45E8AC1752BBF80C113DE960E0AC7
311
D9D02C58C80505A19BA0E84B14402601A590A4AE00A825E98C3212342302EE10FC5100681F86834A2804BC409D70270A2091DCE874B16BE0706C974EB3D26EFEDFFCA6C4579AA4DB781708469F055532A7046C6BEB0CF39F3ED2EC4FBCA3D00EA91CA68FD2B87B5C191E0EB2C300F00A1C9881F263571C6CFD83D079D09F17
311
6FAD839340CF030F70458F81F09AEE1329505150CA0A00576B56C06D58070B23086F685E44232D9D53DE3FC3731044F286D19F459351863F749F1104198D6E14BBC68E17CAE70D7AFD958E350BEBBC70C9C4DFBA075240DA27D40AD7DB063A097DD3F041EDB3E4B682A7A12A548F3393DB01945547175879989302521EEB14
311
31B08759B632B174E0F700E774FCA1BB83F95029ED1A084288C8893520E49415E00DA080AE8027C34206D35491D050A4C6B080F6A20889A2FF82379AB6234F6710C05F9080ADF002B9C9F9C583AB220F45D618D7E7F7547FB27CED8A8B7A7D24EDA4988B0C1C2A1AFB53FDC61BF3DE50D63C560F0120B0372F0839DDDAF13E
311
583B868717C1CB8CC71D1D7F440CC82184803144196EFD58BBE00B7EE77DE8C015942357FB06FC906A5E2B8882CCF9FFE184B0035A5CF186A962A63F84B3AAEE3D5A2C830008807568B6A9F424086D2095A3E262DBF124350082C4B5DF4704A9D2C93553DE47BD6766B69349610716999FA25854F759CA9792599D3837ACF6
311
247CE8597B0F960FA3EC45B61715050260C5844FCCFEC9666BC71F875B17E3BCB4CB151405D7D08F846B4CB952248B4603CC402B609E90F0044A007FA800EC46D07A51232B00E5683C55D5096E1374DA4FCBBDE2C25A5B8D26008227CA7758033D7D70DF12CAF7F247939F93F1CC63047D63ADA0B7CC8771B234D8095FCDB5
311
77B586D1834062035670E204B245EC093FCBE15626C10D210CB38A13F50E10A0D5C0814B0C4B30AA9858516001669002229618F100767AA3D6D2528595FE7A398C2D2300ED0013A0AE60B91644A057327BD3C36BEBF48C91279B45F8BD145494674AFB211A91977CB838DF35DCB3D6D6AA2FB2784B591ED785DFD7DB77747D
311
AC9D2F7674810EFC2895F9ED8007EC7885101679C06F21E4B1C8A6120956F80518D1DAF1717BEBFB5803E20C6F2A11B2E48AFF4AD2810A70054623E341B3D1ACD92DA91150DE631EEB2C28882D092049C0DD38E262A7BD6F98549930C9D44B7C37028AEA9F8C5628A2BEF5704C0DCB2B428181B1BE766F43014498D2E57791
311
E4C8DA6BD2ABF5003F0C40202E2E32EDFB02852D16C30B7F646B98FDF86C7891690043128B0A0DE6B4EA27F08C30CA34C9D0AA0852A5997F8D11A6EE84E040B20472020256F4AFEBBB74E6705A12083B249089218E6452C8E5A69717E904A3F5EF3D5D08EC1F4D4E85086B238CFFC11AB9AE972CB775616C6D1DE04DDF073B
311
4DE3747C41FBAE6072901CAD0237100670C5A00C2C3CE063610ED824826C1F6650700E88C00B62468903A0D71D3A390255AD7040048348C56C4647413C2C2561216E0C469203EF06A5B101AD40D0E207F78B124747DB5B4BBB4E88B1C373C114E0470B345156EDDBCE1B4DBDF81DBC400746B0B54E05F693707B89A5E43098
311
2C2AC7D10DFF11D5B102B9505034B35D07E8E5F585757F088B390F2D4C85CF7218E8418BB4F25B885053D07D5A908326809F31D6CC6B77CC948413B28664484439D118DBAC27DB5AC40C1AD166F25E6A2F0AE82100C0BF220405323E1FF80DFC518CACA8DE1003F3C9FAE9C7B2D60703A0004F8EAEAD2DE0F5485452D15B77
311
B4B67F4C2403B8D8F9C533558ADE058A9E177A1698F75DC0EB4C800F74C0270178C8579C1FACD025F0560844502D2BBC01E620030CB93636C1041636A693949CD80139FD15BE107F905590A292840F8860706D07E2970A2F15E5B13B87C3143CB2930374CC46A6F9B9D7A5CCCC14E11B9E879A49FBE27ADBD6DA82410FBB94
311
FAA8487D61B51F4BE0A03FD08743C31020D6628ED20305A22C2C2FAFA7ED1E7881C438AA5B9035F20759E243C51F34D0D5F02F11403B9E204CC1686C0B6C9000470561519CBE1B0E4FBEAB37A39EE4B84C05F023858779341991F36D9D9F351E7BB3B5ADF00148D9D05784F9AD8B037D48C01BFA83D4247F03BB768BEEF973
311
A14E610090D4B96B1EEC5C5E66928F28EBEB6CF578B067DD83086081579848E60DFC7684044D8174993C39F886043481F6A2B743B18749E52447CD4D230513032D20D20206E536E15BCF7B7D211634F98FF9986287F33F9A94615A5A0A7CACF8DF5DCC1AC6EF9AF1945EB78E0A2FED1DA2ACC00EF983F9A012260BD722EF61
311
C9DBCDD8719703ECF839029010CA0B9F100B1D2842153E01A1A3837AB579516A31982FD2908A09100DAE591016CBCD4B011A2F4DE299E1338CE065DC4841BF9895D8C81714800CD08F5AD39601BC929B55D291F6CDCEF2AB40DD5D98F4E6F107C47AEE4A09A079C05316F479DAF4C2BAB83221BCC0CE23FE3D3D4C7BC9AB67
311
3D89A3677D6020F6E182332028012FA0FBE0B2668FB85485902A8E7FA0BA2105C213E20BC2169211A4BABA7D693C3F1DA961F203694853137073AD5CD25F1C017DE0477626D7BA55B88F83B5EE513C41D814639FD1BF759171F4577D3CAB0C3DFF68B2D3B1F8478C18F67BEBB2598FA76A4545E9E961BACF657E0791D23730
311
30E0EC9FAEDD17BEA7703A738185D08236C407448A4CB504CBF01FF43859D3115488EA01B55078000DF085911805790DE1B41B6F8CB2889C3834FE02AFE07D85143C6C008438A944EA63E047023A7EF37E13B0903AFEA7BBAB9579330FAFDAACD540022980B65A75FBA17D388F1E6576405CCE7032D95BDA420E7DC0EFA320
311
879E5F8B3B04C1D2D9C1114210C19FCC49DC6A855E12010184DB8968109ED016E4683CD552A36B3AFA13BFC2114068935A7E774CD2C7225642B73325938052D8634ABC18DC9442BF9E0402E85B42F9F3273672DA8E8F1070405D1DC3248487574CD98092B8B956E6AFE1566530B78FAE05B4A0DE51FBAF85DD075C7E11939F
311
80E015A58D1F87E400CFFD2306C4D1D3C634380A201545A92BE01F445800BE12302AB477BD6F62600D211232EB061448A0D2B877BB940D63D059C37E0569A83DE93E214F4BD86209FF6F479C640AFF8AF6D1BFD987D029A94DB7C329B4184D4BB013BF912FB88FEEF913071A8D82B651BC10DB067A7EC52FE1B421883144C0
311
0F64FA23A11CF708BF16CA59F18D4C04B8085964B2D8DA4A855187000BE440BC816FFB13374640B0EB1D0998AF38A1AEF503F14302E2811081FC12EA6CD38A63B33035125F40F170C0B0AA45E9FCA38FC6D688D48563B5C4B4B7C359D3C7AE0EFB16ACD5E2FAA47EF8307044B4EBE1C71E84E742D81431FB06B90B600B9C23
311
9E277A57C94C427EE10E7826980C0136600D916A06058CBE8604DB4D314FBC014EDAACD0820F14BF75449B70339490FE5A0491221BF95F949DF1235380E969AABDBE2D32EB4403D3FDF17F42F9A0A7C28ED75BE86BDB7C7EC80C76F86B8800F77B305EB88F00A4352E0F8089EF811EA02A3DF08F7DA008F803BE4B4EF5F41E
311
56087099E920708C3D720916444440FDFA013D4E1201414123A09290F5BD7AB729298209C4306D007BB0829FD4EC3A6D7E4F00B67DF38CA0764F832F0448E58439B952CB4F70DF964AFA74CCFDBABBDF273E2FF4F56D3DBFF2A78D42FFF2755DF307066497F44062AADFC0CC546F6DCCFECECFA232E14F408F05477D311B68
311
3A35BC245FCF8A5CD2AF20022C21022266905A5BCC8B20235D6FF04019CC04058AC80023662E25F342063165956320BE50370F2A657BACC817DDA3DDD3EFE04028645780A768FE38DBA88BF2EF3ADADFC7FEACA952E5A77568ECF0C971DF32BF1D24F8486B22A649EC81B1B60315CBEFC026091CA45F858D7D04C1B4370794
311
31E63E38F880758842E780A9E03791C0FAAFE10012588C3C592FE35461A6047802BA18686887023A422A49599399893103942CF6DA53A8E387825FA0678B261F139F801E2B17C901D0F5217E07AC2401A87D0480F753FBED44FE949C93A1D042B879FCE499B3D861AEB23F9C1F372F0C24D0B7D6E70FE1AAF60F84BAE642D8
311
2F0A9F53E22783915518494FDBC0AFAE7DA282E5050B703570E06319A015E00D693A6BEFFAE493941C3B08C13B96BD20D0115A9565701DC58568A3009DA13E965765C03091F0FF339F7309D44F6E61F837F1B1FF920450EB8FC48F9B40158BE89C81A597CFB0DAF5F5755D3886DC13D4479599B583758CBF35663AA234F133
311
F91D3BCCFCE0A794367F385C59B19431780F1C099131384056616E15A1563B50021D369C593FB292685A68A8B2A50A0A2085CF05434617E05FC24A6B077B990014421A68401AC4D65788EE25F737EB780D08A6E38F060F2ABD889E1B889C44852C2FF368C1E3E710D73B6589EA83F7417B341ADA1F639A23D15298F087AD03
311
26410E116C3A1B325218433C71AE62C07C1480F1C045629724A076A4BB8D622D24690486727F56108D07046DAB065000678E04C4F8C342DE27F4AC102D854F2D08D59B4ED0E4F697B0FF62F113646BC5B7F3131D4EA8BF8B265EA3F2026E7061B96F6DF3D993276B2180B8E57067587428579460551049049B074CF8B1066C
311
7E14C705F0B39298C0997C17F701097023BAC31081390196801FB0C2A12380042927503D5A01CA127F9841B460310639C674BC8CDF1A320501448E0068905B07F6E5602F8C1F07786253438CEC51AE61FDB25FF71B09893AC026A9EAE3F30F369F5D5EAEA5801FBAD3C98B38C13EE017B054F81A56F05259DBDA64FE270B1F
311
C4C77200FE276FE814B916E222575ED717A62A92956504605268408CFE13FD61F84252228376060206802B9550F00B9D47E6AF1022538A752CF4FFF1F5931384A9FF8700EDD4FFA2B93FCBFABB3EA6C607FF714B0B8B04EBBE83B52B246092AB018C0D0002FC490849F1E214AE6FC42009D6D86616C835B65DB9862EFC4480
311
C14137603C3089D0A5588FA27E693DD184131BA4E88C35045ACEF1CDE1A82323C20B842F2419604821196EE8185BC834AD44F8E9B7549A32900196E9ECBBE20FFB4706861AACADBBFD9B56A23FFD3AB8BFACC18B1B5AC0ECD7B6AE2E2E9CCD2BE8AF1B1BC3A813B94107E82DE67A42E7CC7D4A6116700B5B2EE3C338A09B84
311
0F07C40A64800D7C605AC42B72227C4C7020AB1F20056E26F542717F56534261DE3766AC10A6ED2D006DD03BA9DBA507AE0510A8B385C92363B9154167F1230C40D76AF6F3BE0CA08F8BA2FFBBCEFB09D0986550E0F0EAE2F2780CDF850CB0F88CFC2815FE87BD83909F474F45DD47F1C821DB2107A8817FD45384F57891B6
311
5F2543D0C1E20A89B4A8DF806862AC27C60F6A054627FD344250718AC0FA21CDC4E28DBF2650D1B39D8B8A420C348A4F846E2BE824BF8C45E1DB8EEB52F576F47A75FF95F90FCE0FD3A7A08D48D5B9AFBE3EA658E1676FE3372FB57F0AD8D70ED4AEBA3D4C2BE0AAF1C3AD63A6004D12900CFC481A47430C9EACB390038642
311
C8C41B13303166614210592736B8603AD4FAB17189DBB32F3915F0C380795A089A15228460BDE8E52203527D41B5470901B088D84FF8B3FE2BA7F4FD30ACAB3DE0B7E2FF95807AB0010FFDE3A048F7360F9F3FB9380EE537F16F8673131325D3351A3F664022020811A0FE8C019CA17370725CBFF64132025DA1BE25551022
311
12E80A907FB43ED80A991A8AAC183932C19AE17524B06590B6AD286EB99BAD18FF4BD64BAB519202F992A963648ED30E7521F909F090C0213E367A77D8836BEB6F34D92EDA624183070248351F1A079E5D3E7A9EE81F2CE6678F92E299EE312B6C0572C0A7B5EEE07853612403813152C7125E2022A20C18F855DBAFA39981
311
7FC97FB6E1CDCA31D348434ACD0012F0D32A5456B4007E6E92D72B1A4E9971223A42C1042819E4049C0C5801300C0013FA48F8944FBAE71DAFC27F1826FA2304ECDF3F6C10FF47D5C7E49748DDD687DE8E91C09394EE0682A4F84CFD6067EEDF43E67EA46CB2F4070160439245F00343D03BF25D7E2F26FC400A896DBF19FB
311
8D4D0A66DA669C3D608F9CD048A0533621B25690EE19D5D15248E390F042B12C682511B02BFE3E5700E4C9A9B2107A8F45248FA48234FD23005ED1F4EFE80D1320836F04003BF42856D478D1DCA3ABEEE3C68F9F30C3A16E5C238EA5DE3FF37DACC2F8B7980033F47FAC34421EF0418A045394802CE032D61C70023D788136
311
788613887C0011A4EA316E005718AE191F8D0D841B9C679CD2FC478442D005429166F5A24403B1E6ACF3298F388B6D0BA933D92339D48969A5C11F09B4FF017A9900A4F887010C474717E10F36468032FF33F4AD610517777104CD920C3CD15FC5F3B3A0C75BBCA3B00F2724863C10BCD4A0E00736C7981F2F72E4B001438B
311
99714FCFAF713A2603BC710376A1715FC602022202E06FDEBBC680A3DF1C4C095A12C50B554FE7623B50374FB2129DDEA4C392C9188077658C87F55FF92FFA507FF03FC8DFD3F31BDAB46DD51AEB03F7E1B38B8B87CFF47EA1479C3EBAD5C6B382C221C0F1B358B39D76D9D3142C4A20935F541E492E0EF081BA41B3620A8E
311
172B584EA1485632E22A8221CEDAC6110AFA4B6D43E2B76A18AB240BB24337721C9321D2C033B2D3E2641A55A400A28403C12D1DADE39AD23FC5FC08C47A64DC3FF6DFF76B5235124022D7E6D6D5F3CB870F9F31C96FE477FAFE54100068A3A87FA5908A2C08011CF31309C10025B089FEF9C510522B8DC07C30AA46984172
311
3A10C08E27F00F7FBC181C083F2809EC3B2B328E294AEAD5A071B3A95C81D2DE3F930372D022C9C793535B92FDAD5426E90490C3C81D000017C6494441544698C416520C1C40C71FC204B22448FD9303782FBA67089A1A7D4CE38E89050FEF5F1E078A4DCCFADA058032C34C1CBC2E1202B1F8962B1A8024F0EB7A11F209E9
311
6FB369D4B64202FE7BA230AD24C46413536EAE955B341B726C593B5D4630C0BE822480908522B0D85430230352618DCD4F7BA6D568BF4343801480006658EA3EDCBFFA9702B4FDE9022163C43F9B72B58001A23FCE6F0B3FF0E4E1DDFB9801A6FC42FD0132CC1F2224F89933107AD30B6C9131A53818AE944BE25A70810821
311
C38F098411980E46D108F483DC63F49B91B852351604091D60546702F58A3872A1716411B642C7629C267E64E77719F46B0548FD6BFFFC86A38DBFADFCDF700228C124C8664FAA02BFB1F92B09800876FCE4F2D1C3FB4FD0A44E0106A8DB8079751CBF0BD9340066C3D52BC64706467C05B5A54401BE4A1B0132A55EAC1CCC
311
B10D378A3DFEB9812022327745EF2102886A9142C812A1A2C9708027BB55B7006357459F9C2080E0BC34489FC629510F3017B62D5073E2A2C64048A0A42580E413BA9E08274091A398EA80B5BF31C87BF5ECF8F1C5DDFB4F22AAC181F070AAFDDAE5650C4000516440D8806786D874215149E69ABEC43FF0EFC820FEA112B0
311
522003C84BE03FB76623513B6D840820358B084119B0CEC8C00AE888826339A54091F5FCA513AFE147975BB1A86FC50618D9D74502F0C7C8815AA306602FEE3A5E79E0D7DED1B221001118B73182CD439A092FF801105D1AA14E1918EC282F6260869D55108065988BD67F68E5581720A708051F7C8070F582389C682BE53F
311
2AFD85853F2A013D21564028E06E79B7A71E43212180A81541EBC88F451E02385100491AB0C4A3BC5309A95911E66D04C0B448366988ECD204C2FC930F8CEE8FA410EE4C25B58DD1B6EBAD83F6196670F7DE635282C0A56A851AB035831725F0471A10FE52097089C80495804100318405F0DFC2136004B4C40705EC915431
311
5129205EC357930035688F61AC02188250CFA9A980233925F16A117A48CA54DAB6400221976B75D863330942E20EE3B00B08FBB71AA813B0E502FD2B023DF70114E0D7DF2E2EEEDE7B789504200112075478F2FBD6897835C91F0C20782401E801A2F9142700B74805703426023A81CC0BE88B537D0003E0C5181D29EB8D83
311
050964DD2580910A1E7A8138F76253DC01DC2F3824391AD748276C0B0CDF12366625D038603D0003E0266CB42704C8CE7FA7F11B4D59C0BF454A78F8FCF1E50513715D469607031272358F04E0003C90107223A581218F10008B10247CD20D860FF0BF48801040B361808148714764028EAC137E871501EFDD97C89B52107F
311
F1235B0928C562530082573CE137840EFEF82A0BDC602736C595912FBEC69E6A3A26903B3A300C5A098A9E3F1810CDFFBA019D97B4E7A7A075850F2E92569BD960CA7B8304995FD006FC4213BB1448A6F4BFBB3A9F9FC4962D0A1369129B10073771FEDA38B1737B663A71C088D8848027FC3008DAC4E4397A6F76271DFFFC
311
F77D6BD7F1F67DA51E0E08875A6BAFBD6BD7AE52CC04A0B4A2206F650EC412841A48258258E8662C3838FBE21E25172C2A15A4F78D82DCF68A005DCF07047C183E1CE47731BBCCB5469D9169E0D588945BEB637E87802A03D88FB82486210D28FB3B858D13DC7CE75F5E6F3B03C1744D30CC58C7C7A256146853A05243060B
311
850072A7010CA47CFBF9A1E24F414037B8781E8E9F219A774B36481CB43E48A79819D638C8760D672FAC19FB9D3FC5EA9158DBD0159C27860409682E8FF2595652FE189D2CC2D7C023E944158355806FC320087CC74116030CC376C559C098B93A041C5DDA48AF33827D2327DC761D19C17CC62780D82A170E6CE7415A5E7F
311
E825E053048F88D2AC2A561CA4D4C60098DA28EF1A01382772484698F60C8DD24BF396EA76260542810A625978C03580A9CAB91D10249BE579B0377A3DD15749A45F24C4D81FF3D7D7996F6A1690288008C0FF6CC186DA9D5FC95BB09B1301004B016E707FDFED306A1BE8FA208828F00BF342186839839F1F6FA338DC5A02
311
00FF383DE92614C03A4508DA18F4D85F9354F7E867AA77A42FF49BBE6757A1A7454448D0BFC3C220714FE43A3D8F1547BE10F0BC5A05985AC3C28829A06FE24CD062700601F4AF12AF99099B08E7071DC4626A97C920C3FF96E190C9D1FD7CB6163E800D79E5F3F10A9306C02B799E80F1AB380E0571A584C0370A220C3125
311
000B500900D96FEA40409F980E2083E4EDF4D8D2480AE5667222E020BCDAD4EF19682120818FE18EC7FD6AAD67C03F7DF1955E697456F517AC4F24700C30171C67E9168B109A4F60AFA60F98BE30941BF776DBC7C70792A2FBE98AAA97224F8BEA39B47BFD14A8CD03320DA2B676E3AA397E652E30A42CE2987B7DA1EF7F75
311
242413800A04C0270C62A13372400B435ACD84B8B5009208F5AC73EB149FFF3508E21C2201E0338BE07E50EB47E7FF6D97724A601028C5519073E7978EC88834410450E074DD58AD13A4900103A6444A9CB99103229F0EF8C0C78161EBC68137240734CDCFC349807851E0EB46CE864D2E405ED341B71A390CF2DE20CF5193
311
189E1901E866D0230409684B193D17E2928534D04240937D3C84477494FC5E0FE0B448E35AFC19007926C1C6A6E622FDB8A12E30993C6710E070397C4B26304C0AE38218D19F01FFB15BAE1C0E7E74DF75F2406E373C414E848FF8E500EFAF3C1029C9C0ADAB2313A7426CA9B2C1B9E30032C84EF31A09A88A386F136E8C2F
311
1D582EA0459207015F10F1F001F0B1B7DF7222011EA2001F00BFD36BAEE0850928B08C077030FE3806C880EAA74BCE0863A952812E6008B3A89199C1EE918AF96AF583F1A073B0A355B9D861AF1460DCFB3BFC6B7EFDC834B09700CBED3510E48DC7129041C991F06BA5006CA6B5B34EE21501374E8DFC910042036111EC9C
311
7CFA1C05D48A7270F7F835BF04A4194DA4CF76CEC66718C84CD020D04C412AC848F03E3C61A1C8D50D0EA6838A00376054D3DF61A0E393E1F8B058A6C994093476D601A4A06F0CFD3C0A6BFA910E75CC10400A80FDA93AC9B5EA4303F6C0D188B559086091CC5910137772E14F2376D03181B5CFE74C0EA38440D0AC256D6C
311
4D104CE05302FCC00B60B9CD4D71E08BD40C144A025E60D4C1F45FE846A2105D717EEA84808A5DD90A168E133640311CF05DD870768683F5D2F1800F485AEBE5CABD8FFA3C0BEB33702493AEB551B1EB035EF5C8E5757FA7832141F88E8578A363802B560007AF93D7D470B478C4D00B412D634C9140C4F9275C00DCE8DFE3
311
C7F8C0AFBC5B2CE82E3C3BDF393D4375D50C43CD1C17E3777CD2C170725B7B42B41DF15BFC344DAD089C1E9118522B4A2C60B794E4E8F33081BB7C8CFCEEA0B2015E49D586429C6C78646180B7710E06018A3082243C275F077FBE412C17DE80D3E6B9462C5204C5D980D1DF84A864401C483CD01B143F4A4868087A0F780F
311
37230200A4FBF6AED325114C367C22512750A5C7C3E32D545CE20A0904183BA10015DCAD89864B3E1EE97EBAE8B204266A48E010511838E2FE413FB116E60880C2D8440AC3880DDA6DF6618C138CF1CB2A09637E18D00F80CB0DC05322E31EADB8081C29410903F06BFCDF5AB46024E4A75828056440503C707856EF0C0376
311
23DD4922A400E8A6BD75E4D2800905F18450A00CEE88860C8964C7B3F90F56528BA18F71CFBBBCD2D05797E168FC37DB26DBE0DD2EAEF39686C18440820013C1444055402A541400DD362A0A402F1FE51246404E098249FEE30708C10CA0B54601053159480C00BAA9B1223A773234FE72FD5C3BD81804D8D196FE3D5315A0
311
C981D88D04FA01DFC185CA93F9120E1F480B08063364A0A318F08DF95056E4C91F1150D31B011200383502E079EE43CC18603AE2F88FD139C802A739F208E88D06DC78267C448C27C4113C19B0F51B0E9C1C021CF8F9167C6B1F2E10E461002910105D1042792D1CA303F469714C018C23D72179E165049C40E801CB96CF33
311
4562E5807291D1E0C70FE6CAD91656715F0E5C5E70F8D7F83290549B1BAA6F781D25180EBCA93EC84E72A74081CE3020789B3790E1A9E478E658C099BECFF01E530E80EC5FE31204ACFF70AF8177A03059240CD074978A002A878BF883FEEC81DD684E406CA630ACFDE87292822A11953710F000885D6F68A67ED40CD772B0
311
828359B753F7CE23D9479AB9845771B389D6A77130F8C134EFC83947392029B10E4425440A84AF0E54825228FC1634D369874739C837A9DDC83C20D320C36042610ECDFA750303710224D01202488012CA847424F8D53F78AB6BECE9B3B35A7F32396AC6B7444566327DBB4DF06FD9616744F4D3A397EB3B0A3FBA8D763702
311
883ED742FE5CD24146D8E353ACCF811C806AE09914D8446E93840FF4D6C963FF32BFB6AB015D1D3B0C9A0968776F021F21404B6260CF84A14F35180CE20B5E85BDA2EC91FD5A7DBA7E5705F4F0F97AF26CE18E3BA078138202400A62930FA6CC7882F911A92F33E547E64990B0F27323D73B6222863F86425153FA8009361C
311
675554C25382CE148420C8DCC47A20122806CA178A0918C14CBD33440289078A00EC6070184CA9907FD0A1270478E0B325B67C2193694EDB7DD0F3C238447C8A11485562FB4902134E6AC952FD5320A4F7C780882DA9684285CD81D278C0E8FF8DEC9F45D22DC3C2CA99C2728110888799575B6834BF22B0F01EDE72D7F21B
311
672C40F0A972999E2200B7C91403F9BB3D09C01990819238CBAE5E7510D7D57450507E3DB04AAA0A3C280064E0775380C8C16EEA4834346A04BF0CE847B4B3AF760D06D24BBB267C32E2C9257DE5EB748AD101AF1FD33265E2B674EED8C01A0AC901392211011AC810560F77778E85B13BAFE3E25C95B70919A4862C15928B
311
D8989664AD8638101D009A80F00BDC41AF27602A4BDA0C077E550048E7F1011410F01405045E1C140B4D0E70E0F6E034171C3D6FD12004FCC1FA304312518910356628A4A326EC9ADF5DFFD1B2C0399503F14B4F8E3E0E4E39A06ABCB56A8014687E86E462BDDE5124615ECDB412B7314F62E6E0C76ADEC0F717B360E74196
311
0104CF1706CFA18E0605004B01AE007869B095ED92144A807841EFF2811C047889A04901C809062057192688C92346F97F279449F89B113500BAD282D1DA80A55C27EFFE02C8D4F395003F285B617BBF0831F49B055342DDDD414378E8888E92C16789F269A27C9A221FAA4A0DFDDB9F935B2ECC04DC51481558A69301E046
311
0B02665AC4DD30C03D480866C3409400051811876014C0F294C542821AB045011A3E3F09001FF304E3A0BED05CC11A811B865001769507FC01ADC611F400CF68C7B093606E30F3C7E0F00C1D10C31951C1E2D7252181DA00345842A19130715C736EC9ECE686A712FDB31E4D3E50AB336E5666D7B212C0113C4A4406029709
311
B43D0228F3FBAF49921B19CA0C82A2D5BC4A2079809240F37D3E10F9637607C3983F0458508A98B8B4EFC92AC13530180CF55359500080061DF59B98BB3FEACEE881DC8127F182A885A86FB12B43C590A4380504E32305E3148BBEEB2D2782029765428092545BA5C2C681FC5F8E869C0EE1034A822FF09A12C94084505AA8
311
68080303473F8161F7AA0A6610745E280BE4427FB770106F8800EADABA19F453210435BDB2348471B13B65F2FCB554827632C4C44467333E4127095D22092ED492009930413251B5408345065065E415266E20279A40B3F520370BE2050C8360E6BB4601C1673B9BFE007EF5200B6483CD195400A783E6DEA0653515B0FCE8
311
E86D1618FC1EFC15C2E727F24F2A2DAB57326D8D0877D4E298894E7A0C3C7D9CE8A0E2D17AA2020FA1097D6372F2A9F955060FDD467AD0426368C24A8340FD0D6687A76316DEF5179ED9042005A2BF02A5DD810A4DEFA4A8F700EFC50FF4FB8C06410F0303C106ADF8852ACC6A2CA9046E9ED070739339857222CC009E2064
311
79886EA26227BF7A341A15C351A8404A6C10080A2140FA4B4E8D9B9A11645899332363FD69887F436A660566964250FD752E787B64BCF8E6C8190DF8EA0C854C062D8A5A1346F810414313E606ECA0AC3A01D6928544029D5F42E202C0CB386F880F7842A31287061F32F3CBE09F2950783394F2F2B23D85386C6F51943E99
311
DD10C8A0000BA9569A14805693274BD0E4F4DC3F28E331EEA91C4F33ABE057889BFB92819187840A08E57A276A8BFCB75B0342668C70C565C8059996D209C2800941A21FB82B2F520BC2E6FE6F1A8827043DE17000DACC8193E78BBB8DF1467978C06F6AFE986123E3A95272CAC122046F4C65C4B88FED2F1CD1D918F7CDBF
311
8903BF1A90057D42F4DC133AF804ACBB58446A0DB78806FC053FA1E45D0AF1112613CC0DD976C5E70AD3282F42725C0D02AC8588DE451B1C01ABF063E7748A3882F0DD484BB78D037F9812240EB88B6034C0AD53E5116D4C6D920C6A89F084E6D0598AD7EB6930CC7B293E27A666E5CDFE9A3FA52FEB3C97976FDAAE9A6000
311
8FCA6B33099CF9880D35D419FC687D424378E3099441E110C5B3C6DC311E6653514A67A530D863326C4D8430E0C28024803B5B069B0E60C10EDB6DF087034171DF01F1F3404B27B1056D8C0E56E7CA6056E7798147BE4C2F01CED5987E413AC6A724876DE3F599E0601CE7B9CEF3BEB3671E12DCE8AF9631B8031D3F360B69
311
55DC2342B2A0E4632A00264C0DA002220CFEC3E10D9BADC8904D88DC51928593AA16C91DF6FFF82B3234404C7214D0F8608E0052283EFB2B0563F1D072936C4017706010BCF1B16CDE0C1FA9C777E44E1F5259B0C9BBC8794A82A6C182A3AF56B16921405351FDDC91B5BAAA617860E8D76C97C377FE701A4EB4378FA97C2C
311
8E3CC8950886C6FD93AF70A1F5F676B7ED16CBC56AF5D09110EEB8607CC08A795882358280DDB98AFFE7087C6EB593D62F041CDB4018935238E73F1098100D0C8769818F777057F64C703C6530E142FDF5C837AE1CF66C94C4887D3A3726AB990DEA248F73B5D32C8E04F6714B1E67C53FC52040252E605B322407CBF8C7F0
311
5453462A295ABF4D95592DDD76AC23512E9A2DF964715C80DD752CA8E263AC36F02C3C28A133EB22AC8D099BDEFDE28C3E8FFEE3815D5D00C17C00511058354D62443C1A546280E43572A9C661A34FA5891F8E7570608C8DF21DF51DF9D2A84D4501F41B8CD4F4C9DEB2F901E810C0E4CEB6EC08DFB06341C864CF8D0EEE77
311
9A606545E1E64AAF30A4324C20FDD3BD558BD966BA994FA915CD162B1978642AD01694E533EC190368A68234657085B5F88E27A0805E04B8BB6A00A51646EE3C10A50FF007FF410F1963CA69BE2002F0F902E701AEC995FD41F83A3F0C3809A3288A083003A6CC2A20E6D703EE48E3777AC07ADD51EB6101603A9FCF17B3D5
311
928F6D742EE7E4CF38AE2B03C5FB39C81D7B2978FAFE85AF3D2710B0582C970F0FEB0E4D1103B8BE2B4D560CA10002FC8F334C891C07B44FE06B2E3ACE5E1E2D1FC32203110ABF9CA0E8381F68EC3C06701328E5A38278A5FCD944CEA5283DA933DF2A2448BD23F1C5D8BE04CC2DC3B43B3EEC29F8B5FF926D11D3E97EBF7F
311
A1BD1E5E5F5FE6D3D972F548547783146ECD84873F377C5820F7F9FCE5E07378D6CBCB7E036DF7F7104079A05B77C6942D1BA95D47424BFC3DB6411009A42E207871B7EE9B06614BBD20F22F7523FB985F3F7068E37600273A3ED0C1CCC380F6EC4AF01CC1CF95E4848B7BF950AD14C44F10460221E02D21D01DAE800F3237
311
04C00035DFE97CB37F797D3D1C0E4FBF35EE1E5E9E0E879FBF3DF6F474780A01FB3DAF01FE0C0798218007C2090A3008BA7682A338F4A8804A06CBFE6A80CEC766F49853F15B2F45FCEA3F8250012841315016E75E797EFEEC4ACA6C79F515CF1738F7C36E2406071051043817C9E8C5888D49D0332E800062FF54FA562BF7
311
446CC0BFDFBF8603D1FEFCC9F7FFB5A7F000430755C2D3F72F2D02A022820897ABDD44594475BDCCA4A10AF34C06B08B4AB58BBFAE30999DC66C7CE903A83CF8EB006EEEAA063430F84B05F0ECF644825F5E95073870E72A0771AB89B080022A0C5A9FAF34C89286257FB7BEA000EC65B59750C68E0815B0D9834B15606328
311
F80709DE09018AC2A7817F83F96DB3D562C10A0A31300230CD4200B87F85808BAF64D04600254047F9C14DE93464009E7F5AABB4FDD6D55142A2C0BF1541FCE19C20C899BF4F76AB54B84CB97F88F48ECC029FD253F0C70DF4816B9AC94BCBD653B1A283C4001A0337955E4AFED3FB790B6B1F5EA0B5514074103A38D84280
311
EE0F5F9BE974EAB2D16AB1EA969684B6E4166CA28264B300474C7308D20013B204A65F82970718D05678B3315D442E1C0A327E2F56556040C005D2FAB1326A68A07507C9E46A3648555A7080F5F50219A00E6222E3E0862CE95B5680930530742F1D041805E69B788161F015944D041182B861A2C17F3AF01CF5BFDF6C343F
311
9171F5B004BF59C016719164B888EA206A02AD05E8464D06B48E4381A0E9345FD171625AC22198F57C003BEA5510F81FF78D31C9B033D0030000000049454E44AE426082504B03041400060808007C8ED15C28BB58AF800100009E0500003D00000044363543334231432D364635312D343430322D383037372D3032413646
311
323439304244312F536368656D61732F436F6D6D6F6E536368656D612E786D6CBD544D4FC23018BEFB2B96DE15493C78601010A34B880709DEDFB52FD0D8B54BD70DF6EFED3AC0B12E6442E2716BFB3CEFF3D18E26FB440405EA8C2B1992E1C323095052C5B8DC842437EBFB673219DF8DA659866649B798C078B48AE64101
311
22242F2A4994AC7F93815DF85C049C8564CA0A901499DD886B2EB9B1E02448F358701A9235880C49A0119892A20C89D1B9FD768815CAD268CB5E0355B40B1E47F3E37A2020464BED06AA57CE8FCC20C3C3446D46761A2632A8C1283D07031EFF2AE7CCB1BFEEE916E406DFAC8E36FFD99A9D60A6944090EEDC3B670C7DC13D
311
E86B6B2C5C240D6E503BB85ACD579D513F1B9F9A69DC9CC22AFA80C426D40AF0B21EA168559156B6276F0F726A6BFF04DCD513A87A62CAD41FB24FCB2858B3952E3D852084DA25B9303C15687973CC8E8AAE11DF2836C38C6A9E765E8C1BA1BFB1DC29CDFE518C8B5A7655A4ED7E77291ABEB80DBD82EC866ADE1B8D05AF9E
311
35CF09D7A061F38A986D9EC412B8F0F65E5D81534D9B231D1E5A8FE577A241F3A5FD01504B03041400060808007C8ED15C1004A04F380500005C1700003E00000044363543334231432D364635312D343430322D383037372D3032413646323439304244312F536368656D61732F47656E65726963536368656D612E786D6C
311
ED585B6FDB36147EDFAF20F41EC7F69A2005E214768278069665709ABE0A3445D9DCA80B44CA89F7EB7B0E2FBAC4B2A32643D10E33505411A9C373BEF39D1B2F3F3D27926C79A144964E82D16018109EB22C12E97A12943A3EB9083E5DFD7239558AEB07B6E109BDBA7C5CDC902D959360CE535E0866DF07A7579733AAB85D
311
5AF234E2C51DD5B081CA7A87DEE56E47E2D6689E735AD0947194500A22A249308DB6F82682A3782C52A141BD80E4E54A0A3609622A150F48C16994A57237097451C2DF462738529D3AC5FCFFB5B401988BC78824973CE1A9A628D91CB968BDBAC335B9A4BB379C6ABF5D2474CD7B9F773F7F78C349F055EF13FE2CF856F0A7
311
379CE2BEBCCE6456F8E316A9E66B5E18E4AC77BF5812F5937FDEF0F5BFE3E3C785576D96659253EB54863A87AB5D98ADFEE24C3B8E38FE48BAE2C062631799EDC8BDDD833C6E88585B9287340B23AEA990CA49B1A473421E81F856D06D9125E45E6F001C4F7F85D6DECA8C6A835753A250DA50DF92F743409CBC3BFA4C6EFC
311
E2618D302A0CEDDB264D93950002937BC66489A18D0A345DD650415124BE376A745EA9F0E016108E328D14C979C1302CD6BC0A4191B2C2C49112FFC0DB51401288D6A44C26C1B87A160AB6A11E5BD862514BE8B3DB750607BABFF6F781D6A74EED6EA7AC28FB3BA68C87AC94B2138A99DB41AE7147A71F5665928734012381
311
2054CAEC8965690A74E111C5BCA7260158B0963EC50C07E38FEDDFC5C5C70AB6A915F446D44E46C321E46087E23E221E2BC0DA6EB440EE6F44E80CE5AE2E2D2F31AD7AB71B8B139AF730773909401FE0D8DC3FCCFCC3D438DC1176062076C3CB4A9D953ACC72CA84867CDA0361E0910F4EF3B109A07D332211C72556825745
311
A215835F47678059E337068E3ACB0E2EA2B507175B0818FD1082EB4D26186F85BAD33464988F1420E1B9E43D522F8452A450106B04F01362BFF1B2BF5059B60F687C9F663A54396722163C7231012E7480FE916910E6572B6D8F4A54CBF92C5CD324A163C8508058D3F16A399B13B348C6830FB5FD47257A1B8D2CF08253EE
311
776B3A72D782D895363D96020B6C18D3C86359B3C6D45E728B4B9D716893D091E4D533045F495D2EFEF633FF5A660A520A5790765FE52E12F0AC82685E7FFA0398D65528850A132894DDE9F837B1DE48F8A74D487795A482C7122A6DAE377BDC5DC212A465ECD8B03E7E2E208EC88DD9DA89456CFBC477FB798C74389668AB
311
1A75C820AB7568FCBE0B5F94DC9AFF0D038D9F77E49D45B8278FC7177D0DDCE732FA0BCDDB42720FA90E87115FF76375C5696F368AF83103F6A5911FFF03561EE06AD10ABE933AA9DEC398588888137017449E09C377051FCAEED1E8BC3BFA9CB27DA2CFDBF533459F374FC0C4FDECCBF3E06CDC6874E0710421EEAA6CEDBF
311
EE60EB913607436C3F5BBF713F6F42253B9A4A0FD64C08416FA986EB02254B1846D82E7CE2584EBE31E340E9A8247483F07D5B84AE3A5AE0D4C5B202EE585468BA84105B1F5EC00C16FADB133FB7399F390FCF245CBF9027A137FD26D1D651058D44D9B331A93985CAC2046CB4ED9E0314977128A42C13DB06879A27305252
311
5D16BE833B8706BD1269FA69F2B9B109BB55D30D37679986D85848B86F026CF21E74809100180B0D280C36F6015A7DFBD06AEB6F8D503BDCD7DD6DABBBEF54E1FF5EDF0E3AD53C03509B5B816FE9F51BC8026F44DAB82BA989F200C4220B24166C3037854094FD46C5648D9C42F8B07E53687D824917FED3CE56F3FBA68BE3
311
C6853FCD64F4A00BB85831B1243346654A134805AF5CF39A9DFE22C9906A6EAFE8303A5F4AC4FBE637489CB62EA59B9D529255F326CCC28ECB77F812A7D6E63DF957504B03041400060808007C8ED15CF702076DC3010000E60400004500000044363543334231432D364635312D343430322D383037372D30324136463234
311
39304244312F536368656D61732F52656E6465724D6174657269616C536368656D612E786D6CA554CB4EC33010BCF31596EFF405481C9AA2A64851255E4A816BB438DBD4926347B15BE0EFF1236982021512B925E39D9D9D59677EF3510A72C05A7325233A1D4D2841C954CE6511D1BDD99E5FD39BC5D97CA9359A0DDB6109
311
8BF9CBFA961C4044344599637D0F066B0E22C074BC98C7A0319C58A9B254B2435ED23BC2F388AECB4A6089D280B18D139496815152EDDF046711DD82D048498D902B293E236AEABD7DF74D5D839F69EE1D9F48E1F3BF448FC9E6BF144F351E38BEFF9D662D0D16587B77825FAF2195BF515C395B563BC5197A0AE68DCF363B
311
A831CF7C7C8D7F0DA23D42898037B451BA833673DA92BC82D87F636ACFFB0CEC96F4EA30EF9A0FEAB85D91CAED89348D80E9B178DDC3ACFC71D06F2528A182138DD8672E4DC6DC57CF91467432BA985E4DBE3DB399079353607C0A5CDA0B70D4E65A122FA41BAEEF6C272908D315B076451BD55EB0FF9E092E11ACF8C6B530
311
6028F9D5F15EB95426D31532BEE5D6EC700FBA0C1E94211D7ADC8341143D429D2671564059C2EC72108B4EE3847890CC4697DDF8A708DB01FD7AD8209A41EFC2DCFD7063A504821C7869545188D6C16DF801342CCE6B276363DC8EFA4AFD0E86ED0677C3B77747C7FD3FD617504B03041400060808007C8ED15CA4B0AFE051
311
000000570000004700000044363543334231432D364635312D343430322D383037372D3032413646323439304244312F4173736574446174612F41737365745461626C654F66436F6E74656E74732E62696E536160603074733575753671D23574B434D735713230D375723476D27575737171327332313277761402AACB4D
311
2C492DCA4CCC492C28484D2C4ACC4B4E050A82012F90744FCD03CA26072767A4E6260200504B03041400060808007C8ED15CC55C663656000000680000004100000044363543334231432D364635312D343430322D383037372D3032413646323439304244312F4173736574446174612F53747265616D56657273696F6E54
311
61626C655D8CBD0A80300C06F73E4B29FE6CDD8A2E82A083B8B7F209014925C9FBA3AEAEC7DD2555D896CB85E51C2A1BD834F6A1F56EC4494C4695278364ABB24ABD2146F88CCEBB89D5321FF8F3F43D672A3B44DF3CB6A1710F504B03041400060808007C8ED15CD95E2064350100009E0400003600000044363543334231
311
432D364635312D343430322D383037372D3032413646323439304244312F4173736574446174612F636E782E786D6CCD94316BC3301085FF8A1174B465079294202B9476C9D44243876E67F99C88C89291CEA5FDF795120F2D299D3C643DBEBB7B7AE89DD87EF626FB401FB4B335AB8A926568956BB53DD46CA42EBF67D956
311
0AEF1CFDC05866A1C79AA53293E2E0DD384CA5163B184DAA1A6D4F53F12104A43D34069FBB4767092D0596290321D42CA823F650C048AEC5702A5A2028AAC26370A357182791EE719AA43C0261CBE4A25CACF2729557EB7DB5DE2CABCD72FD2E7822A5689C3313AFE332EF86BB45A92E7B992C054F8014A3D713955EC3E45F
311
2A8B465BC1232945201F5D993AE86B881D300C462BA0681E778A90F20821F4825F60297872E197174FD869AB53CB2E4A0372FE250A444F1A6FD093FFD4CEEFCDCE0602ABF0961DB9D638BF0FAFE75FF47689E53937B797966B8D33E4849F4F498C4DBA2CF21B504B03041400060808007C8ED15C2F7E6108E7000000600100
311
006700000044363543334231432D364635312D343430322D383037372D3032413646323439304244312F5265736F75726365732F31464535454334422D314139372D344230362D424133422D4546444442364234323743412F7468756D626E61696C2F302F636E782E786D6C4D90C16EC4200C447F2542EA312189B49B6AE5
311
B03FB1A75E2A4ABC295A821198AAFDFB42CB614F638D9F2CCFC0F5FB70DD17C664C9AF621A46D1A137B459BFAF22F3BD7F15DD554124E2274C745E1FB88A6A0B057BA41C9AB5E15D67575D67FDA3993B7A8CD6BC07BF8BCE389DD22A92F9C4430F3A336D981EC3A6590FD31031518E06CB01B607B60326A266DC849AC7F9DC
311
8FE77E5A6ED372394D97D3F206B2920A3E885CE3AD678C145EE6D150197DF9670459010539DA46D510423D3D07B22C15248E257F83F827144887E0ACD15C6A926418B92F10EA03E43FAC40D6BC45FECA285ABB51BF504B03041400060808007C8ED15CA233C2345D000000800000006500000044363543334231432D364635
311
312D343430322D383037372D3032413646323439304244312F5265736F75726365732F31464535454334422D314139372D344230362D424133422D4546444442364234323743412F7468756D626E61696C2F636E782E786D6C4D8B490E80201004BF42E6EE76F3C0F216234B883063108CCF170C074F95AE5473F5C4C06E93
311
2E4F28601967600677D21E9D8092EDB002539227A2FCCB80E1168D80A6417297A89C5D6963B7129A0D1E8F2EE73AA7B62BBEB8B27DE50B504B03041400060808007C8ED15CBE89762363000000880000005B00000044363543334231432D364635312D343430322D383037372D3032413646323439304244312F5265736F75
311
726365732F31464535454334422D314139372D344230362D424133422D4546444442364234323743412F636E782E786D6C4DCC3B0E80201004D0AB90EDFD75167CCE820A4A845D83603CBE602CAC26799919AEEEE0D965E2E908050C6D0FCCE04C8BC355404EB6198129C92351FAD580A10E464065907C8D948F8F166375F6
311
55BDC3FDC3B4E530A176BE7057BDC43B2A593FE403504B03041400060808007C8ED15CA9631A747F000000A30000003600000044363543334231432D364635312D343430322D383037372D3032413646323439304244312F5265736F75726365732F636E782E786D6C4D8CD10E822018465F85FDF79414696D8003C5F77089
311
8E85D0485A8F1F342FBAFAB6B3EF1CD67E5687DE26BE6CF01CC8A10264FC3D4CD62F1CD236E32BA056B018C2F67703E4C7D5702818045B6248CF1D4D661E932BD459FFD82119F445775461226F0DA6AAAAB1926785F5D0F7AA56F4D474321BC7A2E4F9F5F296BCF802504B03041400060808007C8ED15C15AA85F70C010000
311
550300003400000044363543334231432D364635312D343430322D383037372D3032413646323439304244312F536368656D61732F636E782E786D6CCD933B6F03211084FFCA0929E5710FC9BEC8E2709122559A24553A026B1B19D8138F28F9F7810B852DA54B0A7730FAB49A1958B6FFB4A6F9001F34BA990CB4270D3889
311
4ABBE34C523CB4F7A4D973E611E305461A272CCCA4C884B3A3C7B45449C141245354A3DDB98A0F682DBA1779022B48238D08612661BD5291222A0867AA441474A01E02262F214F88DA429D203D88088AF0B11FB76DBF6D87E97598769B61B799DE585748CEDE114DE5B58BE071B91B7B89F9E8B2A19E7505E02C795DA99282
311
F04B7734F7C1BA4C7016A2CF2D54327E2D9914CB62B4143197D5ADE00FC35957C25E457E04075ECB5BCD7C65EFDF423F8353E09FF24B792DCCAD66FFCDE5DF2AE8D60DC8DFA02C04FF06504B03041400060808007C8ED15CE3603EBE7A000000C20000002C00000044363543334231432D364635312D343430322D38303737
311
2D3032413646323439304244312F636E782E786D6C6DCD410EC2201085E1AB90D9DBEACE05D09878023D01A1D34A8419C380F1F82DA68B9AB8FDFEC93C3D7C52546FCC12980C9CBA232824CF63A0D9402DD3E10C6AB03A3397DD192872090D3406ABE7CCF5B5D18893ABB1690CF4DCF02282E5EA8A5BB96FFE536F285CB347
311
F95BEFFE81C9ED5AFF9D5B1FB575BB00504B03041400060808007C8ED15C160805E57F000000A300000007000000636E782E786D6C4D8CD10E822018465F85FDF71410A26D804B9DEFE1121D0BA191B41E3F685E74F56D67DF39B2FD6C0EBD4D7CD9E015D0130164FC3DCCD6AF0AD2BEE00650AB650C61FFBB01F2D3661414
311
0C5AAE31A4E78166B34CC915EAAC7F1C7010557FE9688FC55851CC3961B821758D09BB8991F12BE9069A8D7351F2FC7A794B5E7F01504B03041400060808007C8ED15C1E7A0675A400000032010000130000005B436F6E74656E745F54797065735D2E786D6C95904B0EC2300C44AF1279DFBAB0400835ED02B8011708C16D
311
239A8F121795DB93D22D20B1B467DE8CE5BA9DED281E1493F14EC2A6AC4090D3FE665C2F61E2AED883689BFAF20C9444F6BA2461600E07C4A407B22A953E90CB4AE7A3559CC7D86350FAAE7AC26D55ED507BC7E4B8E025039AFA449D9A4616E739AFD7DE8C8338AEBEA54A820A61345A713E0B17153F7257E37E705E337191
311
3892B25F02FEA0F1FD83E605504B03041400060808007C8ED15C3DEE336E64000000790000001B0000006175746F6465736B2D64657369676E2D7061636B6167652E786D6C35CBC10E83200C00D05F21DCA56CA76D41FC96062B120735B69A7DBE268BB7777961F8D5AF396893C2ADB70FE7ADA196782C2DF776D7A97B5933
311
C430F15651E5469C55D70F80A4992A3ADC954792C525AE70A1E4D6AD9816CC044FEFDF01FE3FDE907802504B03041400060808007C8ED15C2C676067F9000000960100003700000044363543334231432D364635312D343430322D383037372D3032413646323439304244312F4173736574446174612F636F72652E786D6C
311
8550CB6E833010FC15B47703A6E515194721245FD0536F96ED502BC1467E54FDFCDA814AEDA9A75DCDCECCEE0E397E2D8FEC535AA78C1E00E72564527323949E0708FE863AC88E945863FC2F1A649A2D7280040325B33561DD216EB4973AA1DA08B983CC39E921E38FD80CE0F8875C58CE828F0C77CF57C6EF6C9639CE371E
311
252128B14B95886EEAA6A405DA4FE3B9AF478CFAAAACD06BD37768BC8E13EAAA737DBDB497F6D45D4991C49478B5FC6CE756322F05D0A86A50D920DCBEE1F650E343DDBE9322312971DEC69FF7A5E93BA0A774F5C43C23C536FDE31A56F1BF6B50DABF54BBEBA67040713CF239A0A44829C5F28C30D69428FD06504B030414
311
00060808007C8ED15CAA266BA8F40000008E0100006800000044363543334231432D364635312D343430322D383037372D3032413646323439304244312F5265736F75726365732F31464535454334422D314139372D344230362D424133422D4546444442364234323743412F7468756D626E61696C2F302F636F72652E78
311
6D6C8550CB6E833010FC15B47703A6E515194725095FD0536F96ED102BC1467E54FDFCDA814AEDA9A75DCDCECCEE0E397E2D8FEC535AA78C1E00E72564527323949E0708FE8A3AC88E945863FC2F1A649A2D7280040325B33561DD216EB4973AA1DA08B983CC39E921E38FD80CE0F84D2E2C67C14786BBE72BE37736CB1CE7
311
1B8F921094D8A54A44377555D202EDCFE3A9AF478CFAAAACD06BD377689CC633EAAA533D5DDA4BFBD64DA448624ABC5A7EB6732B999702685435A86C106EDF717BA8F1A16E3F48919894386FE3CFFBD2F41DD092141BFAC72DACE27FB7A0B47FA976B74DE180E278DC73404991D289E5195DAC2949FA0D504B030414000608
311
08007C8ED15C4CA95165FA000000960100006600000044363543334231432D364635312D343430322D383037372D3032413646323439304244312F5265736F75726365732F31464535454334422D314139372D344230362D424133422D4546444442364234323743412F7468756D626E61696C2F636F72652E786D6C8550CB
311
6E833010FC15B4770326E515194725095FD0536F2E768815B0911F553FBF76A0527BEA6957B333B3BB434E5FCB9C7C0A63A5561DE0348744A85173A9A60EBCBBA106921325466BF78B0689628BE820C240C964B45F7768D4CA091551A5B9D84166AD70908C73683AB0E35D2C2C65DE05867DA42B1B1F6C12294E371E25DE4B
311
BE4B250F6EF2268501DA5EFA735BF618B5455EA097AA6D503FF417D414E772B8D6D7FAB5194816C59438B9FC6C1F8D604E70A04155A1BC42B87EC3F5B1C4C7B27E27596452629D093FEF4BE37740DDDD2F1F8AC99964DBF48FAB5FF9FFAE5E2A772876D74D6181E270E473404916530AE51961A83151FA0D504B0304140006
311
0808007C8ED15CEE5A20D20C010000B10100005C00000044363543334231432D364635312D343430322D383037372D3032413646323439304244312F5265736F75726365732F31464535454334422D314139372D344230362D424133422D4546444442364234323743412F636F72652E786D6C8590CD6E842014855FC5B047
311
C551D10932117F9EA0ABEE883296CC0846A0E9E317469BB4ABAE2E399CC3C73DE4F6B53EA34FB11BA95503509C8248A849CF522D0D70F60E2B10DD28D9B5B6BF6C20527C150D0832A064D9B5DB4E69D2CA0A1554A567718ADC186141343DFDA10166FA102B8FB9B3DE611EF1C6A7075F448CE2C3478973723EA372F6AFC9BB
311
143BA075CFBABA6008D6599AC1BCAC2BC846D6C32AEB8A71C0036EAB9124214C8995EB0F7DDA05B76206D4A74A989610E13784AF05BA16F89D24C14989B1BBDFF98486ED0045E3500C5DCE206A6B0C73E693ACBD30388C7DCF4A9667B86B497204FF00DD36FF0F7452D94B76028F84F14CFFFFD705254928D08F57BB7E86B2
311
E937504B03041400060808007C8ED15CB83B073AFB000000960100003700000044363543334231432D364635312D343430322D383037372D3032413646323439304244312F5265736F75726365732F636F72652E786D6C8550CB6E833010FC15B47703A62540641C953C3EA0EAA937CBDEA456821DF951F5F36B072AB5A79E
311
76353B33BB3B6CF735DF8A4F745E5B33022D6B28D048ABB4B98C10C399F450EC3873D6865F34288C9871840C03671767E37D85A435014D468D55B882C27B0C50C85B6A46F0F20367518A1812C35FCBBB905771C192960B8FB318B55AA55A25377DD6E8800F87693FB41325435337E47933F4643A4D07D237FBF674EC8EDD4B
311
7F6255167316F4FCB35D3A140115F0A4DA907A4368F746BB6D4BB76DF7CEAACCE4CC07977E5E97E6EF80BFA2B7D149F4AC5AA67F5CE35DFDEF1AB5094FCDEABA283C709A8E7C0C38AB724AA93C224C3527CABF01504B03041400060808007C8ED15C623DB36AF8000000940100003500000044363543334231432D36463531
311
2D343430322D383037372D3032413646323439304244312F536368656D61732F636F72652E786D6C8550CB6E833010FC15B477434CCB2B328E4A127EA03DF566D90EB5126CE447D5CFAF0D546A4F3DED6A76667677C8E96B7E649FD23A65740F383F4026353742E9A987E06FA885EC448935C6FFA241A6D92C7B4830503259
311
13961DE2467BA913AA8D903BC89C931E32FE884D0F8E7FC899E52CF8C870F77C61FCCE2699E37CE351128212BB5489E8A66E4A5AA0DD653877D58051571E4AF45C772D1AC6E182DAF25C8DD7E6DABCB42329929812AFE69FEDDC4AE6A5001A55353AD408376FB83956F85835EFA4484C4A9CB7F1E77D69FA0EE8EB7AA723C5
311
36FBE31916F1BF6750DA3F95BBE7A67040713C711D5052A48C6259038C35E549BF01504B03041400060808007C8ED15C324C8C5303010000D80100002D00000044363543334231432D364635312D343430322D383037372D3032413646323439304244312F636F72652E786D6C9551CB6EC32010FC15B4776CF0338D305193
311
285FD0536FD46C5C94182C83AB7E7E2176A5F6D69E160D33BB3BB3E2F039DEC907CEDE38DB01CF1810B4BDD3C60E1D2CE14A77400E52CCCE851F3420568DD84182418A6176CBB441BDB3016D42ADD3B881CA7B0C40FA7B7C74E0FB771C55A6961019FE964DAABFA901339EAD3C298219BFA5FD8C2AA00659B0A2A1ACA1BC7D
311
E1EDBEE6FBBA7D1579624AB1181BCA621B86E31B6AE2A6102D81AC4B91AFDF91B618BD918C8E4B9AABC119E4B9A94FE5919F6873A939AD2A56D01D6B5BCA8AE7E652544FEC78E6B149144BE1C31CA3D99AA410FE2A5F85BFAC2D93FEA7B555E141A67D1E9EA5C853CEB13C8E106BBA89FC02504B03041400060808007C8ED1
311
5CB6C3F4E007010000B201000008000000636F72652E786D6C8D50CB6EC32010FC15B4776CE3D6AF0813D549FC053DF5460D71516CB00047EDDF1762576A6F3D2D9AC7CEB0F4F8394FE82EAD5346B740920C90D483114A8F2DACFE8A6B404746AD31FE970C90E6B36C21C2C0E868CDBAECD060B4973AA2DA08B983DC39E901
311
0D5378B4E0860F39F384AF3E28DC2D59F870E3A34C48B2E918F56AFEB10E56722F05B03CCB4B9C959854AFA43A14E450546F348D4A46D755893D4A8990AEAE4A5A60CDB93B3545477013CCF8B96C6ADCF5DD19D7F9A9E82FD5A57AA97B9A4633A3CEDBF0E77D49E8E991E3F7984BD38D62F4DD986917845202193D7D01CB68
311
1A893FA5D745FCA3B4D2FE29DF176E0E078C84420F2204C70B86F1386F98F1DAEC1B504B010214001400060808007C8ED15CCBB1535617010000A80100004F000000000000000000000000000000000044363543334231432D364635312D343430322D383037372D3032413646323439304244312F4173736574446174612F
311
446566696E6974696F6E4974657261746F7250726F706572746965732E62696E504B010214001400060808007C8ED15CBCF3BF0FF50000003002000045000000000000000000000000008401000044363543334231432D364635312D343430322D383037372D3032413646323439304244312F4173736574446174612F496E
311
7374616E636550726F706572746965732E62696E504B010214001400060808007C8ED15CB5A795FFE3790000DE7900006B00000000000000000000000000DC02000044363543334231432D364635312D343430322D383037372D3032413646323439304244312F5265736F75726365732F31464535454334422D314139372D
311
344230362D424133422D4546444442364234323743412F7468756D626E61696C2F302F67656E657269635F706E67504B010214001400060808007C8ED15C28BB58AF800100009E0500003D00000000000000000000000000487D000044363543334231432D364635312D343430322D383037372D3032413646323439304244
311
312F536368656D61732F436F6D6D6F6E536368656D612E786D6C504B010214001400060808007C8ED15C1004A04F380500005C1700003E00000000000000000000000000237F000044363543334231432D364635312D343430322D383037372D3032413646323439304244312F536368656D61732F47656E65726963536368
311
656D612E786D6C504B010214001400060808007C8ED15CF702076DC3010000E60400004500000000000000000000000000B784000044363543334231432D364635312D343430322D383037372D3032413646323439304244312F536368656D61732F52656E6465724D6174657269616C536368656D612E786D6C504B010214
311
001400060808007C8ED15CA4B0AFE051000000570000004700000000000000000000000000DD86000044363543334231432D364635312D343430322D383037372D3032413646323439304244312F4173736574446174612F41737365745461626C654F66436F6E74656E74732E62696E504B010214001400060808007C8ED1
311
5CC55C6636560000006800000041000000000000000000000000009387000044363543334231432D364635312D343430322D383037372D3032413646323439304244312F4173736574446174612F53747265616D56657273696F6E5461626C65504B010214001400060808007C8ED15CD95E2064350100009E040000360000
311
00000000000000000000004888000044363543334231432D364635312D343430322D383037372D3032413646323439304244312F4173736574446174612F636E782E786D6C504B010214001400060808007C8ED15C2F7E6108E7000000600100006700000000000000000000000000D189000044363543334231432D364635
311
312D343430322D383037372D3032413646323439304244312F5265736F75726365732F31464535454334422D314139372D344230362D424133422D4546444442364234323743412F7468756D626E61696C2F302F636E782E786D6C504B010214001400060808007C8ED15CA233C2345D000000800000006500000000000000
311
0000000000003D8B000044363543334231432D364635312D343430322D383037372D3032413646323439304244312F5265736F75726365732F31464535454334422D314139372D344230362D424133422D4546444442364234323743412F7468756D626E61696C2F636E782E786D6C504B010214001400060808007C8ED15C
311
BE89762363000000880000005B000000000000000000000000001D8C000044363543334231432D364635312D343430322D383037372D3032413646323439304244312F5265736F75726365732F31464535454334422D314139372D344230362D424133422D4546444442364234323743412F636E782E786D6C504B01021400
311
1400060808007C8ED15CA9631A747F000000A30000003600000000000000000000000000F98C000044363543334231432D364635312D343430322D383037372D3032413646323439304244312F5265736F75726365732F636E782E786D6C504B010214001400060808007C8ED15C15AA85F70C010000550300003400000000
311
000000000000000000CC8D000044363543334231432D364635312D343430322D383037372D3032413646323439304244312F536368656D61732F636E782E786D6C504B010214001400060808007C8ED15CE3603EBE7A000000C20000002C000000000000000000000000002A8F000044363543334231432D364635312D3434
311
30322D383037372D3032413646323439304244312F636E782E786D6C504B010214001400060808007C8ED15C160805E57F000000A30000000700000000000000000000000000EE8F0000636E782E786D6C504B010214001400060808007C8ED15C1E7A0675A400000032010000130000000000000000000000000092900000
311
5B436F6E74656E745F54797065735D2E786D6C504B010214001400060808007C8ED15C3DEE336E64000000790000001B00000000000000000000000000679100006175746F6465736B2D64657369676E2D7061636B6167652E786D6C504B010214001400060808007C8ED15C2C676067F90000009601000037000000000000
311
000000000000000492000044363543334231432D364635312D343430322D383037372D3032413646323439304244312F4173736574446174612F636F72652E786D6C504B010214001400060808007C8ED15CAA266BA8F40000008E01000068000000000000000000000000005293000044363543334231432D364635312D34
311
3430322D383037372D3032413646323439304244312F5265736F75726365732F31464535454334422D314139372D344230362D424133422D4546444442364234323743412F7468756D626E61696C2F302F636F72652E786D6C504B010214001400060808007C8ED15C4CA95165FA0000009601000066000000000000000000
311
00000000CC94000044363543334231432D364635312D343430322D383037372D3032413646323439304244312F5265736F75726365732F31464535454334422D314139372D344230362D424133422D4546444442364234323743412F7468756D626E61696C2F636F72652E786D6C504B010214001400060808007C8ED15CEE
311
5A20D20C010000B10100005C000000000000000000000000004A96000044363543334231432D364635312D343430322D383037372D3032413646323439304244312F5265736F75726365732F31464535454334422D314139372D344230362D424133422D4546444442364234323743412F636F72652E786D6C504B01021400
311
1400060808007C8ED15CB83B073AFB000000960100003700000000000000000000000000D097000044363543334231432D364635312D343430322D383037372D3032413646323439304244312F5265736F75726365732F636F72652E786D6C504B010214001400060808007C8ED15C623DB36AF80000009401000035000000
311
000000000000000000002099000044363543334231432D364635312D343430322D383037372D3032413646323439304244312F536368656D61732F636F72652E786D6C504B010214001400060808007C8ED15C324C8C5303010000D80100002D000000000000000000000000006B9A000044363543334231432D364635312D
311
343430322D383037372D3032413646323439304244312F636F72652E786D6C504B010214001400060808007C8ED15CB6C3F4E007010000B20100000800000000000000000000000000B99B0000636F72652E786D6C504B0506000000001A001A001D0B0000E69C00000000
310
504B03041400060808007C8ED15C000000000000000000000000370000006662782F37364636333934342D453331312D344646322D413336372D3332393032444442463644382F617474726962757465732E62696E504B03041400060808007C8ED15C000000000000000000000000350000006662782F3736463633393434
310
2D453331312D344646322D413336372D3332393032444442463644382F76657274696365732E62696E504B03041400060808007C8ED15CF270F1330600000004000000360000006662782F37364636333934342D453331312D344646322D413336372D3332393032444442463644382F747269616E676C65732E62696E6366
310
60600000504B03041400060808007C8ED15CB5A795FFE3790000DE790000420000006662782F37364636333934342D453331312D344646322D413336372D3332393032444442463644382F7265736F75726365732F322F305F67656E657269632E706E6701DE79218689504E470D0A1A0A0000000D49484452000001000000
310
010008030000006BAC58540000000467414D410000B18F0BFC6105000000017352474200AECE1CE900000192504C5445818181B3B3B35A5A5A4848486060605C5C5C6464648383835E5E5E6262624E4E4EAFAFAF4A4A4AB5B5B54C4C4CB1B1B1858585B7B7B7585858ADADAD7C7C7C464646787878ABABAB747474A7A7A768
310
6868707070B9B9B96E6E6E6A6A6A8B8B8B666666545454565656A5A5A5505050A1A1A1BBBBBB8F8F8F9F9F9F4242425252527676764040403E3E3E9B9B9B7A7A7A8989897E7E7E9393939797974444448787873C3C3C727272BDBDBD3A3A3A6C6C6CA9A9A9A3A3A32020209D9D9DBFBFBF8D8D8D9595959191912626269999
310
992222222424241E1E1EC1C1C1282828C3C3C32C2C2C2A2A2A2E2E2E303030C5C5C53232321C1C1C363636383838343434C7C7C71A1A1A0E0E0E121212484A484C4E4C1616160A0A0A4A4C4A787A781414147C7E7C9193915E605E464846838583878987B1B3B18587856668665A5C5A626462818381A7A7A5A3A3A1B1B1AF
310
ADAFAD7072705C5E5C9D9D9BABADAB7E817EB7B9B7585A58BBBDBB4C4C4A8D8F8D747674B5B5B3B7B7B59FA19F606260ABABA9A5A5A39B9B99A9A9A78F8F8D6C6C6AC7C7C5451AD12700002000494441547801DCBD89771BD7B5A70B8EE04C702641712605CE034890E220088028C93245451215B713AF388E7DFD9EEDB8DD
310
CE6ABFF4B57D97137BE50FEFEFDBA74049B6AEED74869B7E87404D2814EBB7F76F0F67A8835CEEBFA0E42B854AA5B2BB5B6BCC951A8D52A93657A914FE0BEEE39FFE2FF395B9B9C6CAD2D4C4606F4B7FFF8D1B37EEDCB97587F7CD9B4343BD134BABE7DB48E3FFA7A228ECD6F6574E4786C0FC8B5FFCE2CD5FFCE297BF7CF3
310
CD5FFC92B52FFE58BFF9E69B776E0EF5F79E55CBBBF9FC3F5D3DFFB07F5898ABAF7CDA3B74E74EC0CE20230561BF096E97E05712BFFCC59BC80539DCE83DDD6E54FE61B7747DE17FB8980BBBFB2BBD4337DF487881AAE6C5ACC6AF25207877B2B527BFF1CB3B77FA47561ABBD7F7FA7FE146A5B6BD74E3164C7F51449AE95D
310
B412200EC539418717E7F2F11B376FF62E95FEAF1442BED0581DBCA1BD2780D23F506AFA16E1A7AD974EF17876F00DD7BCB187A1A97AE51FCED5BF2BC1F2BBE5B3C19BE27B43CF26DE00933658FE129B109C2FFF922CC22C4260FA01BEFB462A77DEBC35F42F600C3F5B0795D2E9E02DAD5E650B4438A92801B65C35CBAB7B
310
1EE5041CE69D3B6F1822DFB873EBD6AD3B6FBC71EBC6C86AE967DFC2DFA4CEBFF1BF54F6276EBC114E2F43FEC60B01A0D440A868B2920E5C4BC10D60931ADCB871F3268B21D3851B08E1D6AD9BFD4BF57F7577909FAB86F29B982571136AF01DF5FE32AC3BD9406CAAF2440A54CF176EDD01FBADA1FEFEFE21FE4C9858DFF4
310
183458A9FD2B6708A5A5A137E0EE1D11A9EC0C7C58B2C73C0AD6B479BD76B7790CF899E287FA5B06FB7B07C9195B7851FA8794031EF1FC5F9406BBFB23375420286399B631E93B08022A785C4DBF9996EC3551874094D71B6F487E80F6837E50F483BDBDBD83232323AC420A18C68DA196EDDADF68A77F938F78FD972BABBD
310
B7B87FB164AC6FC2CB760365821ACB74AED44FFAD7E7431ECD7E08AC421F391D199998989A383D9D98E8E56F84A318C58D9BFD2DAB73FF5222C8EFAEF4DE7AF30D756E5108683DA471E70D0502099A7240F19E4089D3FD203E620F1B47BF43501E85031AE44B4B9F2E4D2D9D4D51D8970983FA861B3706FF950CA170DE82F6
310
B312CC4F42C8966295F7D725ED29882415DC055F36DEA1FE96FEC141493F05FAA9A9A5A595B333DED5B3D5A533F62183323032F46EFF13EA0AAFA5FBF7C8976F8C10F7280A014832593B90004D52341980D907EAEB73411EB2F1EBC9F507F92746C40E7AE0AFAE54292BAB2BAB67CAE0746264A277B06508168C94BF772BE9
310
765F7BF0B548FE1E07F3B5A521340A5CB5297C4B12811B89E82191ECF3E41B3259C529F135E23CF4C7F961FB13537F5A02ECCAEA76B5BA5D3D3FDF3F2FEFEFB3AA22053E5008833428DC6C59FA2F770595F311F235D427F379BB8A121BD901B96076A388DC4C3C61C7933CCCD770FF375A6E0CE9F535FE2534BF5ADD3E3FAF
310
D71BF57AA951B6D4CFEBFB8864758A26154430080B06ABFF557610ECC93726224F155D1471041E0D42F82F4891C926C1355B0831649FF365F46FF05300A7A790BD8ADEEB0D4AA9569A9BDBADCCD56AA55AE377F5F3F3EA2A34983A1DE91D810543138D7F28E57FF4E2B5335A3928B76EA1CB9B00BF158C8F63A2E788826896
310
D0B5E7C461949ECE089144F8EBEFC7FB4D8C9C4E9DAD60F7FBE572B416C2F2423ECF8B86C439E450DA970634ACFDA977629098D0B2FAF313A36B3869E37AF7853378CDA1171FBEBA95DF1E44FD5144A420588641B0055A79ED91CC0DC41E27064512FB33F1F04D09D0D2DF0203A646A6CECE80DF28356A348CED8C4F1EF137
310
B9319E1BCD29867CA556AA97F7B757567006A447FD375A26CAAFDED9CFDCFB2BB0BEEE8AA5911BC2C7F85DF88A3775389990AA72219D582409210F85A4E66F2987D875C30848023088FDF77E87F96FD7CBA5B9DCCEF4F4C9FC7C676777577B7B7B67E7ECCCE4E8DEE85E81A6D55AA3BC7FBEB242589CE8ED4770E785D7DDE2
310
3FF2587EBF57F50B9E820527316488E5C32D50F979BCA58207297E2B6D658702FFCD211840FE43FC9F3A5BAD9E97E6F21B9FCF16BBBB3A3A5A175B5B1787875B5B3B86DFEFFC687A72674F19D46A8DFDF3EACA59E405375ACE76FFA922C817CE86A89BDD92F400F2C55B7462F610459837D3A61ACF50C7471C8F2F2A9D38C3
310
DA2F068007F80EFCDBFBE5DCC674B1D83EBCBEB8BCBCBC3ED0D3D333D0B3DE33BCBEB0D8DA35FBF9F8CECE68AE020BCE61C112A4C1138CD47F9AD13F7DC6AB9CF9CFCFAF9D0E01FFE6CD503F5B91C5218E2899CA15098714848B04FCE5654884ABF0E554F11F6C21D73D5D5AADD64B7B9327DDAD8B0B7D7D6D6D07070763BC
310
0F3E38E8EB4310EBEB8BC3DDB347E3E37B5842B97C4E44A0C630427E5CFDFB71E03F471E12CA9FF70E055AE141042DD81234B879EB4606361D9328149037D7D76A571A7E974FA20AD0323832713AB5BA7ABE3B3E3D3FBC30307070B0B9B645D93C3CDC3CDCA41CFC6AAC2D64D0D579B4B1B397A7C1BDBEBD7D36657A3CD4B2
310
F44F4909F2B9CA597F4245C59DEC354316F0587020D0C661742BC02869435FD12CF195C422DB3C5A3E2305C000CE6B7B27ED8B7D63079B5B5B878787C787C7C7C757C76C51B60ED60EDAFA06D67B965B3B672677080BB5329E60E9B477847AE2E9EB53E35779FD37EFCD2D0DDD68AA355B6B0D81860502B8B68C801F5C697E
310
9AD62F4B406244CB975560BAC756AAA577675B07C6D03778C17E7C95CAF1B3ABABE3E3ADADE3CDB1B1B6B681014470343EBA979F8B90383545727C63E43549D14FD0F927E5F1FDEFD7263058FE02EBCD1BDCBCA053496BD58E69BC44F9F854D4D979AE9ADB908824382AC1D4014E9756EAF9CE85B6B54DB01F02F8EA5908E0
310
D9D5F1B3E72188C3C3AB67879B07C8A0A767B8B831FE5E7EB754DEAE5261460243FFF07858D8EF0D658BDC563A2C5EF5833C13C90B69248C4DD97842B61DFA7F210A2F6108A0F96B62E2D3B3F3DD939EA47E30ABF5AB2B903F4BE5F9B36757CF65021E616DAC6F60A1FB647274B4B05B2E5341B082D43278F67D8DFDA48AFF
310
9A13F22B34C7586C9992BA6E66CABC190E313E7C811AA57304B421A75B289B9D174CC868C24548823E230B9A5A2DCD2CAFE1F98E61C015CA7E96B083FC59F3ED06EE60F360B3AD6F79787ED278D0A86FAFE00BA9220EAEFE1D5DE1F7855939C3FCC1332426B377F692406E022C010DB437EF009803F0DCFD3B7C94440571D8
310
F2C328F115F47FD324802070BAB43FBA80EFDB92FCA1F7E7CF9FA875CBB327CF9EB08C4DE4815BC4210E2CB7CF1CEDECEDCED5B757490968286899FAF95583BF46F9393CEE6A86D6F618CAAD9BFF0BE22B042412C5CFB50556815CC5BBE33E9F61ECEC26A9BCB8145FD10590078F9C9E953B513FAE1FE387FAC246E14F9E3C
310
E7F5F8194BD6594140876B6B84C5D6799C61A16434201E5237582AFD75C07EEED9863F463284E2E13425A036BD41061259289B6BDC1ED656FC8B8592C9D00701E27CEA749F0D8EF44EAD8C1F80FFF8F8F9D513191F6803384C800097F24069C407CFAE88136B7DCB3D5D4A60B711F19070D83235F77331FD35E71596688903
310
8E2E0B346EAB7936C4162043E1A1F144093695443A570144898BC4079CEF1912809A3035A1D3F361235F90FFF1E3E0FB93C7E2750719F88E7D8E68123883ADB5B18185AE99F1D11C1238A792DC4BEDE8EC6FF503DF377E0445F68FAF4E08D43082D02170F30131A154206CC559A8D9CFDD762B31273E4947A581E0D9BB71E3
310
3FFA07CD02CE2A6BE1EC80167497F2A81CFA3F7EFE58D0CF5D5D170DE4F89070B0BC4040CC17BEAC6B0586C3D3FF0309BC06F44B04A1E13729929B4DF73C44070692C810B08AC3012E8EE9EAE22067796288C193B2139B970B86F47FAD0F98382B1E035D9C32FD318A4FAFCB274F2E1FA772F94411B0CD42493C23393A685B
310
5FEF3E1ACF554AF5F3552A478383374E6B2FDDFC4F6DFE38F4F4ED7A7FE838F488EA852482F412D3CB07E293D02C9F074F12E84C5AAC423271450572A385449844706475FD38DC3C22486A0639E5F1E38B0CFE93CB4B25910EF309A2224BD8DAD40C682C28341AD69047E8539A6AFC14EC573F7FAD10AE0FE6EB13E87B28E0
310
93B513B5803514DE408809BC12A14876DE0A25F643009E9176D9F0C330164285A7444DC8CAF0E9FE41429EE0A2F6A6DE91C0856C501272404A8468822E24C807030B1D33D40D4AFBDBABB411D093D88C86D7205E05FC57EDD1F805FA4CED5920F0CED39157E007CE21757C5DE440ECBCB46CD283E378029B43FB077B4F47E6
310
0E9F61E8D01BE017D7E843EB49F50A2028F1E442FCC90C9EE308E4C0C2C94EAE30B75FAD3A0EAFA57FE9EF960F14BE15638840EAF3BA490BB6850EDB38EECAFD21A0C746D0C4234DBD035EFC7EDD121FA585FAB73DB89FE6A03CF833AB0730E5E2F1A36CE3F202A128934B44E396961121E1F2C9F32BFCC0C140CFE22C1CA8
310
E109B182919696BFB98120234F61B59F7BF46EC30CF067B21A33B0FB3E402448EE266CCD93135A8E823DB31F85E677434E608F53F8100BC0098EA2FD6BC01770E0F2F2D1E5452A711C4BB8486248FAD756D852026B6DC90A2AA5C6B69E9068B8F27AFABFFEE8AB36F1D23985D5960014FD711940800B560250D2272CC54FF1
310
D3A660B275AC3881E349689C1616E1E9044129D032313509DE4700BC867C71F128C400159407C761022BA8A040F40A244788808C60B3AD67A17576279F6F946923191921B0545FC2F12AC0EFEFBD7262B6935679FC7F80629160ABFAEC88E8430E76D82A8DE62ACE50BD4A42FBF03B387B37FD321B37E31C3F063D99703F51
310
60E6C9E5A300CF32A91E0A085A29C0FC507F6C21012303C6104B82C1F1E156DB3229D1A855A32A8352C9077AF733A0AFE0FB3EF81FDF2F0F82C21B0EB06998866878B103305E31EC17F4FD43831E570A2118D1667632D4FFFFB125782F96168A833DBE78C3F11F8383A79D49F58F1E3DBC780417AE6581381E8610604888E2
310
913E12492881274822C221AD04CB0B1D273B8542837460898C686864FF6F801E8269F40AD0481DFAF5E6E9C1F3BE391C325004DF0746A4E4448F7B52C0D5EAD39EC46896B888C4210D68E99DFA2820DF7FF850EC407EB55C3EBC5028611409BFCB8889C90F1C52355AEF98B18100094C9D0EF6F64FD47E5CBF3FF5293DDFB4
310
B50DDD54F351446FA1F14580DC3902C085F593CB24ACC917B213BBC11B3F0A61042FD8B24F4FB9C4556D0CB9E1A880DE89934CE9607F18F81FDD950DD0E1D143F41D56110E227C250621FF098838042BC85B5B6BCBCBC31DD37B34966E9FFD9936A2FEFEA9EBA4182E5CD3E17AE35501FCE0707E5525A7DBC64DFD077825BE
310
37CE0BBE1BBEC061410C660B6E49912665E2B3749C7C9F93834022F74CDE6CA5EB501D9CBC04B768292C5CCB84478F3CA83074092C6082169015E5800D5839DC6C1B58EFE83ECA513BDE3EFB8EF1242D2D4B3FD55AFE03D42F8492AF8A3F21444FA2FA9ABBF525EAF84C09F0168527B0138A85D1EC0443C467B28BF844EAF7
310
6323BE13D7C11F72FED783837B970FEFDE7D7817E077C17EF7E2A1C2C0FE851FE4C008388C15E818958746129E1009D054B67530D6B3D8DA3D59D82D9D57CF70039FF50FFE0DE94089DB269C3655A4F25B38C49D0BD48E59F1526887C18FC5272197F85CA72862A593A4843CD25F920487DDF7AA0441A2C0600D062001F103
310
FCEEA3D8560CEC3EBACB01CAE5A51E420349F602191E5F901893142381351CE17047E764BE50DEAF9E4D8C38B6ECFFACEB141E54A6865A88A60133EE9CBB4C256930B0B168C1C3AB59FE1743FB422C7166082E934AFA5EFA3E4BCE0B69362FA7041818B7FDECE1DDFB4D022007CA23E521F0700AAEB5888BBBF08023E128B4
310
045381542FA256B0D04E28A0C3804E233A1BFB476A2F48FD135BAF9843BEDA3264EB42BA499601F16B566E72C7EA35908ABCB9176BBED43204C696AFD3D7B24B08D3AFA44BE243D88A6D9D0B6562B52F741E1610C0EFBBAF2B0829289A640EC4C8A4FF66A24430786CEBE1E1E61AF9507BFB496EAEB64F8F49B4129EBDEC06
310
5EC1F8A3F228A3CD0950883B41BEC6D1944AE06147289600A7726313AC69A3F91197F1438BCB743E76F01F6EF1D1C854071670FFFE43FF1EDED702EE5A14C85D0C42DF90B86068800659AC88981855E3E774A71C0CAC2F76754EE7CC87C808D1E1E0F6CF47FD4224731337BE1E39C5010823EE997B1491BBD99FC8D8EF7748
310
2BEB5EB2CF66499A8E0F7511B19B3EFBDACB6507BC78731B1B383D02FFDD7BE8DD9256F7D0BA7B46015941097B80018F700FFA024CC08078F51806100ADBFA163ABA8A3B95B9D2F92AC30BC908ED31FABE0CBEBFFF0279B675868F9AA24E9530B08C174055B7F48E4F58002F3E82F0BDFA003E8B431EB6C4A91E4D9B5FFB79
310
1265BA8827BBE5F1BCFA7F789F72F75EC800F8AE43FFAEC42F13009FB905A9A0132015D0068ED7682AC608BA6771038DEDB3B33082891FAB1ABF5614F93238079726B833958796B845B731FCB86316713C1DC581B1E19B424EE32674093F80776F7E27C6FBFAC85C536CD955B96EDA2A3FBF770FF4BE11845470EB3E42D022
310
000E0FE07D161811020742162444668308801E133A4C163BE68F6826A5523071CA78B2FED51F28F8C70FE4190073A3E5D3259D7A288CD19BDE623F10021BAB0C6E327FD507B2741627727EA00D31856492F9F009D7F152D930704E642795C1C1B336E0DEBB7F0FDCB79318543B25341F36802D64A981A690B94259607DE0B1
310
9D466BF8C1C5E1CEF9A3FC5C639FD6117B4BAEAB453F8EFBDA500A67E8BAF76C8A06566E36EE1184E8329419161F83D843D5DE7D8221163E145F56921C3EE383978072129E290A9B7166E63D26BAB1FCDBF710009E4051842390031845F20077CD079407C575F20364C4910ED2A574BC357630B0BCD8DE39335EB175646A69
310
8458F6A346F003A93002E846FFE0C459B8006E506D79BF902908A0AA05CB5E73530E33BA1D3C2EF99C712B7C8B41DF4D2A7830BE8707485FCFAEEB85A09AB6D39BBF7B4F23E00509C20DB04E240822A4B810E04D8D53D10D504C059ED86BB8697F514777717A8F8144D48A4C89077F7EDB00E2D89DC02A7B975640A282C49A
310
4AA84B70B12BFED8EA6584860DFB7EE23FCB00C6BAF7332FF259FA3C9346508813E372F1DDE425065BB61FDF8300F7EEDDBE8D0C6EDF46F7D8823478590AE23759D60DA6B7A9F125EDE8F4A5D2B37470D0B63C30DCDE3D3D59A8D1501EB1B0A5377517BDD6E301F995E3F955F0F58FAC2E81CE172A8344AC03DC6781939D24
310
84B8FFC15E8F3ACCD3954CE19576B942D0A029188EC7013FE59AE90B71292DE774F1F63D60230180B30A2EDC65291B6211B4081128856001A680015CE000708254891851D4B3BED0FA4D7166B466BFF1D2A924885AD12B387FC0FCE6819AC3AE06A7AA4B715F0927B74D119D4A668FB54B8A8C268D8B038A207D10A7B1E95E
310
42195B695BE0240F7408B311257C23F581E987C180140C584A02B1670CB817CEC0A080F259F1360E58452013200E3EC107AC1DF4FD7B0F6D23F33347F9527D9F51E6138E31AF35F1BDAAEEEBA3D71BB402E2FB47CECEE96B4DB85536772B07C82A34F3E66D0BCEC207FEB9E70643761276F7B50D5EE963CFF80C7AF4A2130F
310
5BF8C4EBFB5F07B709840480DBD8007FB7EF3F90104908BA457D43AA2A6A02C91422285E5AAC143F3313A0CB74D9D164933B86C25587134E8D342B453FC982860D09FD13ABE72055ED020E85D3E312F74C25CB0293D978A1C4001927C80B86FD06349126EC219F0C735C8053D8F5F310817EA01F1B7851F406144C211C6362
310
C27DD51F1E310C0102280ADB891E9B085CC528A2B1369A46BA195B9A2B351862CE43174BA73FB7CBB430A5798F4C54B7333B96C3224A9863AD02B9FBD8E63092191924E77C199D92887DA594B6DCF0112857162FD0949FE6A441F5E62E42FB2105BC405A2301A3424601DC807912CB2C39C604A27908021CDA30C4C8C2019A
310
883B3A8BD393BB3546136EAF561980FB63E9E035FF73B96D09A905ACB2C11D79571C5159026227DDBDB81396EB03F14100BEB66DE1FA9EF82C3ECCBE318119C4269FD014E66361FC8BB0B4EA9A98EF3D8848A01360430284335004C183CC25BCA82D2302EB03B8419241C64DF4F5ADAF77B533BE786334BFCBB8DA72BDBEFF
310
C36103AFB30608A0B39B58D93F0BF42180841DD26BDC22CF0A770E90240006BAC65197D90920131C7B2EB3CFD3C71C6378A305EE8488FC1FF8D391E2BDDB0F6E3F45E7C8207C419800DB410073A3173942CA8D5242642A74496FF115832A6314D9FA4257577BF7FCF8F8E8CEE8DEDE5EBE76DD3CF892BA7FB8B90F629431B5
310
525E92A15A3A4A6FEA3FDD73136172060959206591F4C927196CF645AA285CF3014630121754261C0D31E1A7E3DA2DBDB54B04703BDE3A4209F02045C4BB0F529A14BED07098A2A1CD47513DA64B512F409BC01663090796D787173B5AA141B1B39BB470EEBCF1E30F9D263ACC4D05110797CEF7B923B027F089F74D1D06F0
310
A4D8C0CDA6604023FCA45B76C5CDE0BF3845ECBE13E0C0ED73700A8A753C1AC8AEFFF1B407FC8A20F42F0D94019121DE304077A027D4112283BB8FF0072444D68AAD111D6F591BC0061854BBC048EBBE9E81F6A33A95C21BFD13AF3C7E7DCDFFEB0DE8903F77B41DF178E99C289895B0EA8CD640549D68935BA7C5294E0A1D
310
66DA0CC419BD398E6265789CA1241441AC94532A3C19C95340BEFC68703077EFC1D307B71F3C500859C11494838E902203A2BE90EACC5135B80B078804340C920C2300BCC06F7A1C71B875DC572C9BD1D84BD5FB9363CA6BA7D03E5C40FDFC54FC23C9B4B9DDD028787D89219038523BF64E638BB37CC25335937A00DFD328
310
69C5B390C8C32FF25C8C47A7181B4A599A224A9DADB0E0406FEFF9F183B7448F081E3C55024FB33828784AB61704482CD0160C04174F9E33BA9291D58C2F1F1B1B3B5863B0D9F3E51C35C253D54A23E560E2C0CB3A6F7A81382601C2079CAE96B7B1560D20A341E85A928A4E01083256420576C2ED477E2E565FD9223BCC69
310
1CF394D3D8E281501E0EE5C1C8159E92585D255CF30CC854C75318006EA4A01028EC853F9407C6053910BE105348324002260254886C156260F9189EE0F8C9A3CBAE9D5A992184568A69D5183A7DB97DB089FDC57AEE54F858FE54F577DBA85309640290F2D220952620750C5811FB772A7876D1E4040FBFC6474D51246D8B
310
3FB378283FB514F8AB3C20B8BF7DBE5DE541C9A5D3D38DDB30E00151E02523081BC89C2214103E0BC1B3D0199A08E002681A2613A2616CEDF0F0F9C5DDC75DA395C25C0309C03DEC8091A4AFD3FEB504AAC6633930556DAC86EE3561941E862C4A75DD6B6BB3A0C59BE153DFA73EDFCBC3CE2188D3D378FC976D0EF9A95B7C
310
8532F527CE3CF539581E0FE501291E9139FFB65EFF5DBD8E0C18DE3077170A64E033FD278F18068028802F156C3809FDEB11B1019C208D020C9BA2870457F0F8E1FDC7EDD393E3B9FC9C4308E9315704233F960E554802C14716B0B45DAB5EAB5E25AB7830EBB8D25E6CA94E4AA01794FB1EE164FE9F040FE82C940A4BCEF9
310
13075D087E85A7237D3CF29C47E4E676777779528C4781761F0BFBC1D3A77880E40C9A2E5109180D5255317890394229F0F082010354082D574F1E3FBAB7D6553C2113DACB97BEB5526C7C6F69F9310A94C46CD89FF8F379AD1AA035FD00FF3F320180F01417A6F255A3A8D86319FE0C0B0E06A0DCD33F79841339C01E5BBE
310
1911AFCFF7C1E0A540BFBDBFCF2372352686D863F83F59CB6865F43104007EE06F52406F680341102048A01BB048823082CBCB0B6AC48C313F3E7CFEF8F2D1FDC3D6F6F9F9D9E98D9D7CAE5EADE2A6512FAD7AB526E17F600C85550DDE9ACFE9D97E694513103BC69F8A2813176032C890C1E9C49FC09C61670FF8705B1D73
310
86260E7C8E7122C7F8208A55139E8C8D4763F7EBF5728DF9C34677364E3A3F9AEFDEC9CD95470788834F9FBEC512379890B38C94205B2557987C4186DF5C0837608DF0F9F3CB87B7EF6E920475752A01460E556919B2B64296FB9FB70DD5F47232A0F77465BF140CD001F00ADCA175090E2665A14E6329B62660E02A1CB50C
310
6025E3DA252A670B3F0FFAA5EAD94A509FE7036B159E0D1D9F2E76B7AE1FD5A606198D3A747AF450023CBDFD162278B9446688111009B4029B0F2180AE20A542D40610C073B47FEFE1416B2B12200F3C991C2F54EC2491027A816B0A34A9D05C6F437AC23462385DADD75642EDDA738AF1600DBE07EE8437804D2D011A94DF
310
71C2085EDD40266A407FFA1D1C00B0C03927E60338E3B9D8C47D1F8CAED578E06F7CFAA4BB63B175FA7C301B747CB377F45192003CB8FD34B12009224543D8604494011A80C1903CE0518C986208E1C5FDDB8FDA161686873BBABABAE74FA637BEA894A44078C19696F326E057D7F95D061A6B0394A9D5F2DCAAFE4C2388D8
310
A6E9AB7695CB0BDD0A332430F1A9333DA41D1FFB97FA09AE84E738C75C407C260408F8DBD5EDED7DE1570A7BE333C54F16963B46AB0C2B71208EA3D16EF4EEDCD7005241166C005A73C03164792151205C007288AE337B4D7103741BDE7B7AC913350B348B2D767515674EC6F72A0402BBCB41C81305AFCF05F2758D3ECAC8
310
D26AB97606DB9581A4B7A8FFB068CD5C0604E6849046B70C2B60FF0CDDF93C13822B4E82FA0479A68220E66D9FD775FB3C1A9CDBDB9829B6AF2F77EC9E0678FB20ED8D1B1A1A39D10F9812E20D6281F5673121AACAA9C53424000DAC173F7E18C3052EEE3E78E7F1160F5AAEAFB70E0F7775CFCE4EF384DDEEBEB9C0889D52
310
43BDF557559FEDE5F17AB21E118C4C31A3DF6A96B56AC62180293910ECD6B721047664BCFCC6B2DD3C65CA0F0C823DFEF84083C7ECCDF05898EEF158F4FEF97EB9C123F1B9D1D1A3D9F9AEC5F5CEDA84A3C96C14A55584D62893D6A54D8D2028D05C8B1F124884543F3223B29D208B04910D3FC43F5C52196AEB5B5F5E58E8
310
E82610F08C21BD443801233C0CE8BD1E40F84A1CA86001990048031ABBAB11EF83F9283EA89F181F2A0D9A9F62D94B7F625FD727E6A93F63F200F614F7CF100D4511C07DB45FC5F0CB4CA359ABE4774631FDAE85E599EA0878A3C33D5AD6430CF4C055EE5FDB80629000D7855DED3F436F3B61B3DC7FFACEFD2B1BC6FB0696
310
312CFA477CE87A87070C7998E04FBA78AE3F915A065E819FCF35B410321D9ABB308146A11AD5196CDDD7C477A171C8AFC74B45CBC6F641AB53C8D4ADA5870C02379BC0470CF83DB55F073E29CF5CE5F7A3F8FD62EB7AEB1774C2C6780B9523F9287193FD23DDB79FBEA513B45200E2E0C1B51350163AC19043C600F2C1DBF7
310
DEBA7BB9B5457BC0D840CF325EB0BBABBB786D301437000020004944415472B491ABCCEDAFC0591201CAC8EBFACBF367FE7B6E40E69F551BBBE7123E3C00AC560CE20C62436E8C3C54CC225EE08C0D74CE26148877689EDD004FB2BFBFFFBB984035373A7954EC5EE8591FE531348654514DB1D1C56411DFA2A7C212BE5ED9
310
1278F2851A432244C6822C29C85A8B320ADCBDFDD63BF71FD32648E7D098CD018BC35D7FE89E250EF2AC75F96C15271602687965C844B8807C6E7729D93F22E81D39ABD62A0820C1FE9F11CFA7208125D33E96FD69E83AF6052DD32D49FF0802CD9F9DFD39260389A950887A647CCC99BAB17132DFB5DED35138FB3A060F62
310
95AA5E195BF0BB56495A5A4A8FA440026E46A047D40ED2520A441C302D240F201FB8F7E0EDDB0E12A04D8816215A0579E8FE1B1281E9F19C9900DE79842E2A7CCD48E9876EB01C75DBA0E0C8D44AB5512947A00BE7CF5DE9E1A6A6BE43CF1A78783DFD5A404E4477336C1ED8B18908B2A847B2AFE9839E891137A6673BBB96
310
FBBA2A4B8E9373B001F08369BA11BE8ABC4302FD2345FD6014A127068427D007BE28B41D9B0D40FFB7EE531FA673C8870A69135B1CEEE8D009C08042A5B4EDA314920B635BF941E7487E45256439DFE9D276295F87E698389CD49FB394FE19720412DEDDC40E9CE9C6DD605E0B719FADC416CB15AB3A61F9B5B9B9426E54F8
310
1D8B03DD950946D432B40CEDAB7BB5AF11213CBA73C9BCCCDAFBCF06127C7980FE6D1DC9B4DF14832D6568FEAEEBA76FBF438300B541064ED33F3AC0B0D10505306FD370AED02859234402F6C3FED006766DDED2034D90D119057225EEE3DAF787EBF30EC51ACB4F551678BD6728E1944730C095F13E4D81A4DFFBF67C5BEE
310
37E62A85FCCEC6CC6C7BC77A5B477E22223ECA4FCC0F87E2A5E3EB782BDB25B8CFC6736A044DE5A7CDA604526361D650484FE283B77EFBD65D52C1C73C4F48E7D0D81ACF572F2E2280F98FB230508FA906B42DE240ED651B301CEC83DE1790C9FD96B6CBF986BECF3BD332C18EF627A0B6EECD5B152E02088D03D828AFFAD2
310
6B05BF671B4F9A09A8CE0CD2707F67F2A4B3BB75B9ADA331C1305BBAC182FB4A79820B7EEAF73199B8404C0B81231CDCBB871B80FC41FF5860E8E108222A1A076C29E6E03B6F3FBD4F1F295DC457573C7ADED636D6B7B8C88413DDF3B327E1046AA51040B40CB50C7E3F1D2E44DAD34CFA604029BFFBE714DF0C069908027E
310
B275F1F366C132E1A7450B04011CF82B2B647CE754F650FF6E25BF37AAF65B7BDA16CAA791F1D09F6CAB989EC5AB7809BE145FA459E8D3E4B0FB47DAEF093B946FED585B80FE1A0305FD5330FEDB4FDF79FBF6BDE81D8300CF6815E5F9896552412A03F31FCDCC7CB5E32365550CD9365FDCCEC8752E943161D78047336F8A
310
F6539840A1F2E764FDA2970999F205CD2BD1F5CF496571F76EAEFA0E1CF8FD2A55FD06391F9EEF8B9DC9994E72BEBEE1FC928E2F223EBA0FBFBFB4F2DF137BC894B8087643D64ADE6EDED67F7680FAC9060239E845FC94AE93D880F994FBF71FBCF5F66F9F32C292EA900F9C1E6F1105E81C5B5F58A067A448143842008D72
310
75EA3BBA3D2516FDF02FF79260020D6B3C714711F3CFB61BFF56A826E627E82256F7400FB387FEF23C1C1E77FD6A21EBB1B2B35F2F95E7760BE1FA3ABB3A981423477517EEE36FF96F122B942F6FB64D9502BD1B9089162532A2FEFED255028FE653C9F46FA321E0B588B7DE79FBED07C44106CC85133CA65190543004D01D
310
02D8181DDDA5A9C91A7110805B7875B689FC3902200FB192E7DFD936B37B57D9C338BD49E99E181F4E5FCAB2ABC1CA7AAB382CBC7D515457CFABE6FBC63D525E5CDF74B16378B9AD6774A58531912D232DF01BAA913DFB7D3AAFF912984302B84D0500077800D26C60A4742101DE420C610C2E92FA93056022EFBCFD5BB6B3
310
8651470CD33BD87630C05831BA864C85997B8754B05167F0706499DC442FCD22592AEC2ABF3FF13F950039BF159FA9B36ABDB2778EFF83F70972B83BFD3F4899E64DD8346AA495CB155A7499F2CE39B0AAE755125EB84FD8CF8D8E4F4E9FB4B72E8F1DBCCB98B31BC4607C2CFF21C8145FB48EA0F2159F86A3098415609554
310
DEFA7B27EF1301033DD06D274BAF6821D220DEF96FA4CBB60B3CA241C021D38E1AA76B4406B4767576166766A6C7F77273F5F395291BBA19F64F2E3095C14F3E60371827741CB27E89543857D6D96BF9A47C6A9A26057840332EB843717AAD171880217B71FCCC0355AED3D4819911F79D0EA8AD6DA31A83E36C5DC2D47029
310
5C011302387069158F6C9966022367ECF1D00BA9BB95C389AE7B6105A1FB640689033A7FCCFFEDB762189103A61C3A4FEFE0D6A6B5A19EC5755A443AE78BC5E9235B047890A65919A0D2F96AA3C01CEE913BB3ED239C3E0CD8DDAB99E4348BF3F8B977B6C43DEBEFBD7721A839A63B94C06A10DB87FCBFA3C2932F8C26F88B
310
6D6BB30C3C4E09AFE40FAB52EFAA1EC0316920E031A46D65A0FFE45A673432E907FBCF86717AC04F2CD0EF512D665FF53F05BFCDC43489F150890C60A8E0314E70A06F619D30D841189CA15D3417F3CD50191AE4396543F0C42BCFD696C58DF163F5B46D708BD5FDDA5E5E5FDF9401BC4F7E00E8A17520833D1CBFF495B5D1
310
CE037C664123EEE74737268B5D1D3DBFDA6AAD8C08DF2C0BC7A737E10AAB2A7B958990CEBF556CDBEE823CB09FB344143463C630CFFF585D330CF0320E921744A7918280FEEF981161008E9FBC78C830217A07B7D6985E83F9A79884ABB5AB383B4D7D788F9FB3D867A2112A43F19042B33A108690CF6F472F8661CFAC9714
310
78757F6E6F2F7AEB82FEA85E5715941778B278281F28C268AB24BDB470EF3303E09C359E9DF1CF990D8A096106E6A66C8620DDE7D281DF0B2831F20439A30D68386CE13E002F7EDA8D7806162B205D6A19AA1FABFD6B1B400EC2BFFDD66FDF7E8755B4883C043F43046C1326136680404F1F934EBDDFDD39CB58A98DF1BD78
310
80E0532E671FA1435E9D6EA5E9071000BE8F262E7C4044FD95D5FD526EB40A05A634775F32205C3D779FDC168CD5E56BF982508BF572BDA4F6F57D3304BE9EB18149461B12F760D7485891CA47CFC44909136FBF4931716A2E100123FC6CCAA6A644F25EDF4AC980B14039009BECE8B798BF69A05DC5B6885CD23F8E13A46F
310
F0C0A986D617F001C52241801E87C2974C31411DA3A5D7B6175472763D637D3E57C33B908F867F4A59CFCA7923375E5F027A983E18BD7BD4E6FDDBB2250C1529F4202EFAAF979DFFB1F2612E87EBEFEC58581EDB9AA95AD1D7C1905F7305BF8182D5BBB524D47C4E3B81CD843220DE1E6536497C0962C225F75A2D6A998303
310
B23FC501F0B3F736EE1FF01200FC8C99F5515207C9C40081DF304C0A17D06E26CCBC5B3C47459308178301FA8057C2C0AE9D99B05F038828B08400F2E3251254DD7EB8BC4853B101F99AB48E387457C96951E5DB670648BAB70A7B04FE93EEC5F5B183F9739C98952C6845C380D401B8FC86E70A20744EC720E09D35955D96
310
A9041720196D183AC2CFE6AEA816652D0234883D788BEC8F5DF2615261DB031C2381092401B48D8D2D870FECEA9C3D99DDB036C8A051058030E32190976718C89F031DFBFF2EEA3D88606A8A19BD0AE305BDFD12BA4FF46F1A0002B07137989C748936E9DB2C91F43B07E4E4D16C3779CF5A4FFE8CC981F07C29E34B7C012A
310
F0054FAEA4A6A3D49D3A16D2B3CF220A029003366663053C89B3FB1827080DEC2780076FBFFD8E39810CB0593CC68B5D9009F2D400418028B0BC6CC74067E7C9CC0C2690FBB084AA5254A12AF63543B35EB40D17B693F7E3464D5094C00AA9E04E0E0524F5C35C5EC6BA94B21AAF2440725E2A9FF94FE7A8F0E769EB83FDEB
310
039B631B18BF396F5C13CF89ACC02C387DA56DC3B1CD84B96CFAAA37B55FE723B611062258257D331F186AC93D8AD600B4FEF4AD777E4BF68F2168FF08C081A37AC13446C859964803961928476D78F68419390D830C1935B5C2A0A22A3AB17D3D6428BF12DC373B8D464E04C0A496BB3B3B75639DCC2500E0F0B15FB6F47B
310
5A7ED0183A87CAE8D535F2EDBD4B3B7FC762DFE65A07C30B2851DB890082ADC07131EEEFA3DB7DD5CD32C0860CA83CD4B7993A175F422A8149B1C1D94C1145059D9C78A8A572A90B7C8B1E3392FF77A80C50220880FF3669004E90F101740D2B808181455A044904674E7482CC3EC85C4BCE339404C0B0BF6A5611E4F9B815
310
7BAB6DE327EC9BFBA1B4557ECB609C1F45326499EFB90EE78F18227F09E563C9E63D847EDB3B68EB9C39E95AC4F7ADCF7D87F6752BB6912040281E4A0D8A8314E80D60470999B8A51FB1488A66A9F3F81FFA61C83F4FA6969E472288FADFD61B005E0EA4284822E018911828E868614DA0C36E11F3A051070BF2F0840E35F2
310
00E2C0C80A776CC9E7E6841C0503D0EDF15ED9AFE527E798D23BEE5F0604E58DFB7099D739BF0BA5D332EF29F1535995BDBD0DE681C4F71DFE6A7AC5A13554AE6910963E9ABC9A0DB5B202225545F5CFACC942B5B93C207352B6E5310BF349AF200175D7DFDF78F6D683B7C87E087FA9B35812C4F8F13452CED610A2207541
310
E6D659A739441F3833CD0C9C3C3DC2B0712F62333C4FA9327C9CA1124904B4FDE0FE21C119776CB0C212AAFBA5CAF80EB43772ADFE77CD9FA8A4144C54C2FB2304C65F62FC3678E4F6C68F30FEE1BE8383CE7DB86F58B1AE0C51F0F055E188D02F00911DDB0991832228B3172B3E623E513FF1734FF414A611A603163F401B
310
EA790FC9FF7FC3FD3DB02DC00184145B850D01D120424DC03C00FCEB7880EEEE939399F1F18DBD4AA54C939899304D913CC2D5CFBC55E50C7FBE4C0E14AEEF53D6843DFF56BE2D554637EA047D3C210E2C61077875FB5B40E19F43AB7470CAFE1C0D3ED3B3B4778D1DF6D4F837C08747180FE8394F2CA1E0A46B6DA62CE2B2
310
DABEDE0B1924098580FC16B369730E9E90541D3730D47FDE16EE1FFAD3419CDA05ED1F2715C607F2E81893AFC5936303F40EB776F1D808BDE393A3FA401E1C706E154C892860AD74A2949C409E28A8FB3349C764D13E4D1D3468952B7B1B35001BF41142CAD58D6011C8B78961EACAB66E9AFBC627673B61FFDA4167950A27
310
4145BF11EA17BA9AA60815C2C43AE1F648E3772E53C94E6364AF826019E723069A8AA353A3BF7FB5359281700061FF64C28C10B9AF0B70B0B0D30A31CD1CFD22F68C76DA1E44558869257892363C091D313EFA46B57C3BEB252E9C6BF5B4799EC58F1910F469E25AA17B343799DB3E33CF410061F96C6D63FA91B1000CEBB7
310
D2971BDD39A2A76361E000F5DBC1688D47CB812DD60F8001AF25B328D173A9E4BAC18CE9F1F628704330741B2649B92E9714447C68559C6CD2F681919367E4811100750058809D0230C087A89FF3C80C23C4C60882E481F48D531764BABD5CCECA308DE2F63D3BB50373D630796126803C2D1FBAC148F7592881B395ED7D26
310
B7DD38D7096AF98841CB37592561D9C6565317AFBE9FC4AF7371E060736C7635E0CBA1809FC80F544DBAA1F2F9393D970D44C0615A0C6930E758B9E63AE690F73045F0C8C0731DE9CD80F718E94652383458799E02C06D328010011C7090D8C5E5336A83D4059953877EA1E1D66FBE994F04608C4C991917230FB61F9AEE18
310
3A40AB9108D032449FD1A7283DD25ED15360EF7EA9303EDDC0043403531EDEAB10DFF87F5E2FD56DF0F1B701A9F614DB17FA0E0EDF6FD0B1622A81FA3D1DE5A33F551930335C353A87F9AB05C60455193448246944A232C5D07636D864CDD7A50D0B4440CDCC465D1C418321F50E1648D500294065D869559EF3C40C8FCC6C
310
323E989AD0F0C73142480B200842802C061008B480A9954AF282052B3AF67350FD0DD30D1F4075AC303A5D490250F5400ACF479656861E4C77AFF327F3EBECA4B57B6B6C8FF62602BF150744656A87DABD7BC6BED50527B2120C001A0B3718C74F0C65CD34F275164D7968148DDF259AB8AD6CA81CDA4E8819509B996A7F64
310
2D987A401A2B04018C01E6C169A8700F9DE3B489DB2BC49C9B7B858A4F50D22AE15428FCA4A1EDB20C83492690CFE361CC7F8C8066FFD0D77AEE797977F468A36E0B0DFC87F90EE6348BC748F7CB73B5B9DD5C6EE7AB19ADBF6DF359F1DC2A0F9E44F213F8041F64274C0859A2AB7C37440FEDDD2F95BE44065F22067E3EA0
310
CC3BD8C0D8194EAB291CCEE20B9CD8E02950AD806080047A279F19024C837C848816719AC4A34DF8F0706CED904E8185753A458A27E4C1E37B5F30A104932BE140E0BF4E400160F320B054A8705042FFC47B4940810173F9C9E97240C7FCC3F3813EA239B745DE9F1B1F3FC2F9330374DBD1A7B475923F9A2ED81716D18D1B
310
577DAAB9D1A0458655AD3CA7E211867AE7C702DCACCD291E0F798013DC01BC326087775C0833E04EA3778FBCB8DA4687A0255CA0AD210C15661E4E92001A4449031D1DD27D327334BE830B64DAD90CBF537A45FBD4E94A7A88888E715B7E74FCD040E818BDC1BF5AC609CCCC015DED23877080FCDC47BD8EF3A7B783A17D33
310
F3ADEB6D6BC7AD75EA7C7852C5B6FDADA6AFEFC2D181C03F8C40DD8A4AB5024F0B72E34B57BC1182472DC80946789AFB711DB7F1193C03C893B0345F420246114D3EA71D04FBA731C0DAB0D3CD311B218F0D5A15ECC105D02F3AC32F13600084731A83220040019B03180634B5923D438300B05BAC80881F061095FED5D572
310
A3323ABD83F1D37A2301A8C930AB3F66ADF7CBEFED30BAAD7D78A06DEB6A87F15491F5AB7E25842B6B34BEFC12C8A159F187C64B3CBD2356DE5FBAB98BBE9583F0E3280C0076DA15BF34C15238145742B07080B1EFB83382F9FEF2239D003541041083C5AF9EF3C8944DC2030BC3ADEDDD9D27475800693049E05413BFB3FE
310
B4308731512F13400D06F813368A0101D8D863EB3E75FCCADED124F532AD3F123F131AB46A93DF1ECE7F96CE9EB6C365C6D6A07EEC461FC919FE288AF7AE1A7D012D291EB073735FF26BBB1C99FB706E972192819B7A34BF22424BEA1CC7958AC2E04BFC8E02DB90A4A1DD04811ACDBC181037864672C78F6C0EC3073A40CC
310
49D5E813593B7002763BC6A909D31AC86F3F6E335C9E1C309BC58F16418642E2AF6B290A34FEDC0CFEE08FCA0F56700699CB73B9C99302AA17BD516D7F1FD755A2B32B3FBE7134D3BEC813195BD355020A7DBB541539CD2C06E45F46FC0EE08293E6C0E1972176D9B678340AA1A4823404EF79B1E2347E47C35D0A2260730E
310
0B513025DC0BD1C07E3366E9B9D17F767405FB531070700035618606F0B40C73C974CFD321B0C174A80C0F3AA54945FFEF348F5488895713E89B5C98DA501E06D8D24FF04FF0CD7ECD7BAA755A854EC6A180AD13BE094E8D5D63BFD6DFA5F5D3E4DB1BA18FD8473DC6E17FFC9832B71A2A94D96E808BB53F9192955D62C82E
310
282B05168AA0927D54AB20A20A74800B7CC9655C8B15F62377CA4C91641F9F4D0478F4FEFDCE273A002CC0A725EC165CE3A149F0333E8E9600B2C05A7D15FD831F0938DBE5D0FF13E3C0F0765965A0961C3FA86DEEB0E28304747BFBA5FCDEE44C23544F7BB7BF7A132DDE34F99E44EC3FEEAE92F667A10F7E90B0E8C6442D
310
F5A5318B0F816311DB2E6DC6F172C363FC800EE09186BB9EC82A24C0117700CD884AA42023B81EA6E0CF8B3056411110D78606EBC5AD5417B45BCC8E61EA01C4006AC233933E35D860BC1B6CB9C9CCCE7840D2E0C1C1FFC11CCE54D59300F2B47D66A10F09D8E24B71B9BDDF98FB62A3B897C53EC88D16D1FFE8C649B17BB8
310
E760EB20B784F52F992544753F2CBF642CD3C9C70D8722C197142C567E74FB431EE248A8F3FC00377F5142144A82FFC28AC2970A780C85A7EE9146FA4B2981F3C93BCB0F3FBCB6DD3DE69C72B6073B99140DE28B8E919D9D9E7C2F5FA99FC1FFD07E9AC0965CDAEA0A945FADE52C791EA989E8E7A21A355FB37E44405D171B
310
98A6E946DB26AE71DBD01FEF07FD378F5B4B518724481820890E7486E3FCE61A60E096D577701890EE07CA5D7F2B086040749FCEF3F81972E510A86359C9BB579883035887542090614E5C4461705D7CA1CF84DB564838606CF1597E8119790D021080C935A908324EDE9F60A04B7830A33F0670CB08605B8D01BF9A3D4356
310
93FAB4FD84EF6754930640C1F9D74B052A7ABBA9F502B39DA3BF6BC7514EA4BEC71D752BFDC198EDA8DFE8F32B3EF811E4576B0A2074B99B070A069F60173E7427BDF285024E35A4418B7A412914F2800F1965C4F1120A2D5D2C64400563D5942044807BE7C738EBF3034C4A6F4D70C04ED1F97673C039FABC4CFF18866E08
310
200BB66BDC9CCDCC3FFD1E43BEFC52C317F0F5E64900FBFCDA4DEE68768FFF46350E0EDADB7B34DBBEDE3776BC55599AF84E312229F931E700D04478D66A0D88D09B2276141AF0F8811C5F8067DC04C0F90929F7F1AC9CCD368488AFB965C97B855A3E2E93AE5B4866502E55991B82D4388614F2C36B8484A5FA06E3EFFA98
310
4A6AF17D5C2073299D9F12FD63826F67FC460E54030981684E9FBFC22009A3006962285FDF4FC84B699FB5BEF3736C6072F6844C15EDF25883037DE6BB7AFAD6AE164B367812FA8CFCA6FA25725D99AEC5C6EDEEC64ADDA2BE0056002032E1D7A20A54CF444E360D520A5B69816C0A953CE0434A8A898BF18E2B704588C01B
310
DB2133342F5404FEE698957C200EF54E31BE6DF4E888C9C67F5F3F1B41F922777E7FA6332677C20098C59F762F5DFE4A23F9801A3BB6F8A4F66E0D40EC867E92DEFCE84C714FC7CE8DD3DD3BDBF9C781B1C3B549FAD2C89D711808CAB100E09700BB85240374A7209212F320CA577222A7020E7824500179FC7096C714884B
310
DFD9499E027ABEB3CB0226CD293CAE6E0C41A6788F396606A073E28CBE5CC67D584D36CA39D37974FE1023253E3FFB007A26F657FFC901D851130DDC2BF54884F20D5D40A0B7E5C7BCC7CC87B84F2ED820192CCE1AABA1FF24ADBE1D03635B5B3B53D4A5F84120125FADC36A0E792D3AD7E255792CD5241A4C84171F110409
310
0017DA493D0A7790A7BDE6DF326180398E4B0DEADA5C2763825E43E05C388E184678C88CE6422606C017F030366981353DF03A753DBF6370879F79889DD0BF75408724DB53C5B0063AB6568D02DC47AE4627B58D7E367A6000267E7840C23A0940B992DB98ED1C4731B4FB4DCFB6D3EAFB6CAC7646F0335C5031888CD74E21
310
03380260AD47176D703960230370FBBF28813524C17FFFBD6288BB28E4F905ADB4A788B40B4A6201C1878BED224DE9906C4C79EF32EE679B9F5D3B5DFA137327320643909A823F62106CB8F9BFE4BFEAFF0FC7A6393EC7F64A698EFF8ACE31BA05ECE6DAB6DF124118D1D13F892F3D3530602E3F3ED3D59DFB821ECFA3D9AE
310
85B1ADAB9E328DE738BF55D5DFD039445AE76D0194180F57B15BEE5F09C07F952F9A10372BC894CF7DA12CF6507E2A8916E0DF430C519485C55D61EFE209912D8C32866214E121611E22A0B1238DB18E86636A3BFAFD5B4EE02FF1E505F902BDF424D0516907BFC95EF3A76B6B3872769D67E25B548F0DA46E2B93DFDFD5F2
310
B9E9EEE1EE1DCC7FBE6380DFBF38A165CAC73DF912AD76A4690D2B766A3EB4AFA2D05BE543EA20B095FB17AE3F1928D84482049B659E671A4763CFA567C08824913D37F2F92F841FC244085C1681225C04AD6DE1684831682CE0D6096B56101C0D4FB3A1BD3F11FC1105AECF5660BD3FEEDF162B0D9DEC6DB55AF27FC98050
310
BDDEDFF63ED14B01336053A19DE9AEF5F5D9E9D9F9E19ECDADCD497BCC57681922F327EB41FF681E17C1921B04FBAE371AC69E53F98183E91B84897A5DB164158BD1D12FF6F6BEF0E02847727BF2628F9FD48B6FB11DF6928C868B29590A0606F92140D0C08850DAA7DD8A5FE8A50389F61288AEB743E9C801BB67DBE0A7F6
310
4F63BC87770FDF57AA73FE1F5A84F8DD3AADDFC32087FBC0A7D645C327B97D65E7A8BBA76DFD9BCEE1B1CDE3F5F7CE4E6DF4013ECD7CB60BD1239E8A4E9A5722AD9C4FAC8F7FF17B214AF8801950430639A08E3ABD05A0D94E253BD5951C885B0CE750309070555FF21F2EF83FF53F4E15038B8D8A244740A5C9CBC120043D
310
A0B323FB1DA0A4EDA268C05A304619505000BE10415DE898809DB6B66896E60AE347ED3D6DC707CB7D5B5BC374A158EDC343D0EA61C217D4878CBBDC1D85686782C3CF4272E7DCFB5E9EF628F5A95AC1AC0C6848F5771329EF8DF2BB79EFEDEC8DBEC72EB7F245287FD4B31008AB38EA4D52F2BF57167159E3004CD8950E21
310
7DDD6F699FC763E9D1A0AECC701F7BD4430A3E030374066938F883C01DE40E7DAFD609345E33570F4CE6BE467FBD7F793B5AF2A9D331D86DBA7BF98067918F9FCDD609A0384B523F4413B574B818C6889FAEFC5E7B8F90CEFD62BC2C85B2478D54DD076635BE434FCADE68B3ECF1C8708E27863DBEC352D87BCC7A92A8E135
310
700CDE65BC114026DE5DB68275E656D2C0D4087293D43BB4C9C14EA83C0D806783B40DD7CD4F19EE9F33801F55A3F1FD600017A6CD5DE607783D5F74E34680E7DAB98D99F6E5B5ABC7F7DF19D8278322F6A97FDB2FADE1539BD945DDF868EE2B8B70D9EDAA45D1BB0A5801198CF1DA891540474745BF0317F8A3703E02510A
310
E94B084221F887FE950272D62D4232781054A87C58D015CD45EBF9B70E60820A2056E9D4D619E8494BBFA68B61EBDD8CF52CCBA124BACD4A4077E8420A7F36FCDAF661E577B792A7E1B7E337C7CF1FDEBB3B49F501F3C7366C1730E793F51FA20A9C3D2E9F18E63DC277449054CEADA36DA0807467D45F8A744E1BDED725A0
310
33868703F1392BBE221158220588F30574A0B0893D0515B0B7C404AD0E7F40C11D504C49BD7DA39A85A19CD7357DFC966E5D92272FF06D59CA5A6A1C8AE30E52F1247C1F1D78F81887F9F3E387075B170F9F5EEE4A7F5BFC69DF02FD8795FCFFAB472E7C88D563DA514861B85BD41594A75F5E866BE69471110A9F75C8609C
310
7E6BF6C7C727431EE3E9E3773D2378C25226E82C08104A57ED273FE0921D6990E02B006BD038263BA360355E8DC446A380F0BA35FA9945A80CF60DFD54054202F91897C241C147D59F8E0FC67CD0F2BF377A3463F8BBBABCFBD6833C57E214AC3F5AE9C2FDE88852968F20337972C7E04EE5658223008AE82D93BC37D8DDD9
310
00BD6B16EF221F0D4149045D740A8A215D4FC186C658E01994B8CCD317465828704BB630DA2243B3B4ADD3EA554A97408454148C04A1A0CAAC2E04033C04073851F54380E0BF2DFFA43FAD3D6B574F2E1E5EF6E5F4FEFBD1CA87C161FCBCF5C7AAE2F726F814027BAE10F79BC3D765D61D1803952210A9AA07F8C6BB2105B6
310
1145B324F96014EF223D4A9261080239F03FF6F4DD4975C183B887E081F7A467A25EAA0C94028FEB808637768B07400A8235D4EF33143253198900E079E3FACB0C59B00F827A5785A6FFE2FCF0C0E6F1714F11CDE5140D931D707950631F3DE877F300002000494441540ADFB08704E252AADE1BD4E8DF55796A32B9B6F177
310
37C67702E5C638682737286CB0E0A89B624D5BF28222432848C9AB8C07170C97B814FF492A61072407D638006F7C8400860444C01B1930A522788045633DFA9507267A3A42BA05925BAD705CDD3792FA23C1075C6EE768A673919EB6C3FCFE7629B7310AA794CC9C0D14A1FB88F95C845BF22543F57996E0B26C9E4C2ADF18
310
7F979F8A55F11B47BC26594C52588518D25E6C2B1CCED231EA1B748F093E5726A21A54C91EF95789041030C20FD5AD68613432E19A4D0DA2505B6BD843516E10BB00AF9AC315EE9FDB39CC1F9EA59CD88F9CD071D470C86C4647FDEDDBB1CDAB81DA94034747A779F4CED497CFF817348F69F52E55490840E48840BA72DB71
310
F3E84F6DA2F4717AA928F153DA6E4C7E8E00363CEC9A2E1C8E65F298FC4A52F087FCDEE5CBA38A80CBE11FF7BC2AFF249203FFAB77A128A001B1987BD334AD9B901890A8C2005B6B248196AD09C0025ED841325B31845032E327C531C839E66DBAB39566B631C2FF0A1DA5A3CC47E665AD8751B47CFE33899DF047C9F3C365
310
E3B11278D49DF939298E09002F6430F9958803309827A7C791048CA070061B7E9A64C557D235F83EE24822E5EAB805F9862F20FC58F483DC0EF02181F572930205107E00E523861895A2811309808F2B6C14B2AA579E893753C155D2F54302007E9FF36AC5FEDBCAD47E182D91A73920CFA5C18E01F8FFF4C3F1FF553BCAD0
310
E58DEF85DD63B91BE38ECE1A9FFC4AD4A1FBA30D462C328C5A0340DFD393D3D3D3C0659195C96990F391EFF4175213BC74C020922D4830FE215E76940962BC0713A3B82784C0CB6623DC40D6E1485BAD454F6892200B225096127FBD82D2B12006BAE2E329C771E25FEBC0DAB3B5395289D56D7A8A89081B34EE06F80F819E
310
FE75C67DEEE95D227E283FE98A7B9F1C97D2D05B4D07A469153C3DA3048EA68FA667A6D90E291C7D7E2D063E4D044964D055F2DBF3E31BB851AE9F78A0A7314F0AD24901F581D74A6929142039C65AF5830D1C809536CDC05E4BA51038F79D713DA930CF18BA3010E385351CF47F74D439BCBC793556A1F99814926AF12835
310
E251C59BEA3C083EC2B2760FEBDF4304C9EB87B35769E1EB24B648542CFA4EBA9EF93CD42F03C08F249A2C98897D8E2225E90077823F4A52171A61219998CED6FA050992B6B0A74A2220ED12123004FB977084208F8E2AFC80F456CB110BCA647A3A0F854085D84FE0052BE31FFE7F925610BAFEC06FC33F9931BF063F39DB
310
3D1BB20EE357F594045F4226131578582CB055A59A073AE0413989D215019B6EB8A21CF154D71164E0D8F4E730C2CD382D098DA5261456A425643686BC8301710F2C50665881399156AA2B4C3191BC555728384800CE10040F746A3D8A80A5F0E500A93456FEC52833BBB45203DACCA37FE1D3EE4B9BF0EC27ED47D89B8266
310
F11EA2DB8B5A8BB93EAEDF0C06B7AD0402B9EAC6E787365535AF19F15158308A9D9785C1BC1C01377F8C6B4D07B50DAD25649764A91DC9812C7B34CA98184084F7C01055466B48058CD44085AF26648520C85C41C67805462D8425680425559F4440F3ABBE1F3F81B1EC72708767DDC8FFB6465796C8FE310FEABE0C9B242A
310
74137EC3E0427091967023299BE5D6D4D0C6D15747DC2AEA4ECC57C72856E827D33CBD319D70FF854369EB841282F84B7CA4881447ACFCB257E252E00FBB3272120A75B99119840858486615636E0E0334031AAA8C08A62E080053A0AAA4158431EC727A084021D41CF5D630C94184F6FE7432E8F5F9A4FCDF3EA7CF136FC2
310
988093F98ED622E38E4976E1BF0CF49D2889E6DF3566719FE1F9B47A2D3BF89C69155DCF24F88C609EE551160F0415900B4C48FB013D8900A9192A700748002924771A3686A0A580FE4009E00ACC090253E280B90AC15048E047020483A038A60ED232831F2CC90498648690D960C48E439F18F4DDBEB0B6F5AC7B7B89F623
310
0243B4FA160A7B9327F3AD5D937C8BFFE5FF8B3A5E64283BEF8EAB9F71159514CFED62DBC880614AA1F7994CCFAE7D8C87057F451733699B8DF87056E1F0654B5021E38097E4E23221B810DE20559AD183A61C2C88A648DB096081E9801CA00BC1DA0124E08DAAC15FD2936905CA8DA1C40E42B13F1764E0C4015EAD7F8BFE
310
C99A310B1B7C0BCC7746D3C0702759C89EAD57122092122D1F857067684A578F1DAB7EAC400841F493A468113282FFE42316CC74C756B1C880FE78795C692813CF4644480EE9B02991BCA257A71861F00666D9410288487618D120D0E80D7773E2B7DD180E100EC98B221C94BFC4FF531A09B986230F1CD08378A8E4D0FDD7
310
D9B1BC75F5C12EAD7FF83F3ED19EB018620303C217A6A35D826E72ABF2D8E2BB1B783F6E48D2E3F360806E1D192085D022103473A10375B63853EC54F500B5B064DBC20945B88160DCF7E4F83A0200BF6FAEAC88E9F54D22D898E43F378D20B51B5D6B1457000922202800DD401A9266483029C0D6D57ED80D42A0E6E08835
310
F0F3AC73D7FAE6D56185F04FC44472B854EB7D9CBF7134DF3DDC35A9F6B38417DD6F508B37C1A718B0D054124176F7222F62DFB327F34D451799D56216880193254FF782D7DDE26C271BF38C6E422E271CE4AB8823C9510F021126A7A944E00DB4031D013C88EA0746C96D4574069BD5439C4110403B40020C30B07A604F1E
310
41D19C21A93FD9002DFC35F23B1E7B98E95E38387E3603FE7393680410D702FF9ED5A3C5E5CE68B5827D721FA78F3A9A0C08A79722D9C9B418F46C0057BB1640C70AA4A03D29CECF33987596D53CFB27B32C3BE304C540E14BF8464E080918268D254838C91A01F0FFB99154FD8A9C0495EAA6534A6C464440B4A71E16100E
310
7405088122A35F7A511DC003D002E6C8E7E15F6D1D2FD09014139EC11FDC89394621F77B9F88EB5A583C41E2FEDBC8F82334494C0BFA97FF3C3A34ADE60385B60E5A30CF036E5E75370BE3B83AE73B3B7DC0BB337DA0045299ED0C66681E4AE223D01B1BC3BD4C921E2005FEB5114739040758189BA8A320067B62A3995E47
310
20055065AC2B4A8006BF8CFCC907C0063EACE41813C5F017065AD46CFDC6FF1BFEE052932CA3478C8E5A6F25DC8503D40F61FC1B047E4DFFE8E84407C81F1AC7B5C79DA358551CD0D13785A9AEB38D6EB68A0A8087FC6543E7471082873CDCE5CBEA1EFC5CC0579469E225428E9A43D6A6000B4219DE52E8DF00A55F4BF503
310
5960661C2DB88AC1F67C2890A93FC420193C8326409E7B595FBBBA9AE1D1511B3F6D65B09AC10A71C2317201A603E88C56CC68C91279E83F5C147787EFE6C675F00941D23EF092920330982DF38C65EDFCA89DA98E8ADDECCD77CB86D85118F3DD9884820B1128010D02F1060F582871CC8FF42024C02239273A1CC3BF71E7
310
70DFB7E96081682803188118B50310BD620234F230B12711B063E0F0490FCDA9248B580D3D3DE944A30CFCF2A1E0F6E59E8FBEA289CCCC943785BB8880ADA9C2FD70F6A13F5418444E3A669273C006C4B4EEEC067827539FFBEA9CFF04D84E7F170480037005AAC8829084329899F90B5E013927F8E646514B4824B01D11F7
310
2C012CEACD163B6358A4454A4221D06E68A71062520649BF9E9127D0772D6E5EADED52FF216BC2FC513C7D3C5CC4C8AF009811826AE20203B076A2AA66D8D32E317DEE0EFC000FCE16D9E0BEB17C74AB009256C5D8AD1CBABBDA61402612C675FBD72D07E633B1A42F2421208CE01397560811204306617A5141706105C9F4
310
984C459F2D0F6C392FA05BED808512B0B9A8A9FC6CED89640EA347D31F0DF76D3D9E61E800FE9F7601BE4C9614A1C58E6C839F13A12D0EB426DE6386B82369A9E6A7F1F9146EB578A2EF4289AA109B4F6CEFEC0463E0072A05CC9DEDEDFE08407B173B8AA65399C80B2911252E6290C82CC1B8909140C11B7AE161B42B9390
310
5045D017E00CED6D27AAA15F2C2179F1E83D411A7020B9408D202381E7E5DEE5A9E7E5CDE3B186433F488AC81554BEC09BC579018ADD1DCB3D9D70F02B14BF9159A4DA376225FE43DA224FED327941705DA582B2FD1BB5DC0540667B650BECDD1D5DDFB0C7F36DEE2B94F6EE2EE4E426F20A1174C31DF153321A24114C4FFF
310
25E505475F6906D4149B21F1BD9D9DF7B059F8E0FD83323CB97991FE80EE131A9003B81C491B218B1D42C0C0D593D9D548003839DC29A740298B0C23F0CE14BB167BD61989AEF0B985C8FAC8F923A73F31953989F0F6C96CA6C4D0A9A88184BEDBBBDA3BBADE77CD8E2FFEDEEF46184A86671D7DDC51417477BE9F04804F30
310
5AC82C2D018A21EA903866A0F959FBD4139916D036635EE03DDB7408BCF0627A03027AD314C09B0A27F0A79490D53839D0DAF1416995CAB24101FA63F75029D57A4CBBA9FB4D120ADB17FB5A999FC9420DFE04FA670430B90FE7F589F7FE8D50A4B5F004CE5F07EB4EA007F8AEAE8E8EF7DB3BE2F81F42166C7246FA9E62D0
310
2C8209BA1024414C483498B50229FD923F2414040B2081390AAC353B5283EADA12A30B1080866D746B9ABF5BC107F33C2A015B275480759334B83AB02175EFD0DEC785DFC505E0064F4EBA5A97073A74C5C9FEC97BD25D819E28AEE661FD2732B8BBFB1BF13441B3C1F45E8AC1752BBF80C113DE960E0AC7D9D02C58C80505
310
A19BA0E84B14402601A590A4AE00A825E98C3212342302EE10FC5100681F86834A2804BC409D70270A2091DCE874B16BE0706C974EB3D26EFEDFFCA6C4579AA4DB781708469F055532A7046C6BEB0CF39F3ED2EC4FBCA3D00EA91CA68FD2B87B5C191E0EB2C300F00A1C9881F263571C6CFD83D079D09F176FAD839340CF03
310
0F70458F81F09AEE1329505150CA0A00576B56C06D58070B23086F685E44232D9D53DE3FC3731044F286D19F459351863F749F1104198D6E14BBC68E17CAE70D7AFD958E350BEBBC70C9C4DFBA075240DA27D40AD7DB063A097DD3F041EDB3E4B682A7A12A548F3393DB01945547175879989302521EEB1431B08759B632B1
310
74E0F700E774FCA1BB83F95029ED1A084288C8893520E49415E00DA080AE8027C34206D35491D050A4C6B080F6A20889A2FF82379AB6234F6710C05F9080ADF002B9C9F9C583AB220F45D618D7E7F7547FB27CED8A8B7A7D24EDA4988B0C1C2A1AFB53FDC61BF3DE50D63C560F0120B0372F0839DDDAF13E583B868717C1CB
310
8CC71D1D7F440CC82184803144196EFD58BBE00B7EE77DE8C015942357FB06FC906A5E2B8882CCF9FFE184B0035A5CF186A962A63F84B3AAEE3D5A2C830008807568B6A9F424086D2095A3E262DBF124350082C4B5DF4704A9D2C93553DE47BD6766B69349610716999FA25854F759CA9792599D3837ACF6247CE8597B0F96
310
0FA3EC45B61715050260C5844FCCFEC9666BC71F875B17E3BCB4CB151405D7D08F846B4CB952248B4603CC402B609E90F0044A007FA800EC46D07A51232B00E5683C55D5096E1374DA4FCBBDE2C25A5B8D26008227CA7758033D7D70DF12CAF7F247939F93F1CC63047D63ADA0B7CC8771B234D8095FCDB577B586D1834062
310
035670E204B245EC093FCBE15626C10D210CB38A13F50E10A0D5C0814B0C4B30AA9858516001669002229618F100767AA3D6D2528595FE7A398C2D2300ED0013A0AE60B91644A057327BD3C36BEBF48C91279B45F8BD145494674AFB211A91977CB838DF35DCB3D6D6AA2FB2784B591ED785DFD7DB77747DAC9D2F7674810E
310
FC2895F9ED8007EC7885101679C06F21E4B1C8A6120956F80518D1DAF1717BEBFB5803E20C6F2A11B2E48AFF4AD2810A70054623E341B3D1ACD92DA91150DE631EEB2C28882D092049C0DD38E262A7BD6F98549930C9D44B7C37028AEA9F8C5628A2BEF5704C0DCB2B428181B1BE766F43014498D2E57791E4C8DA6BD2ABF5
310
003F0C40202E2E32EDFB02852D16C30B7F646B98FDF86C7891690043128B0A0DE6B4EA27F08C30CA34C9D0AA0852A5997F8D11A6EE84E040B20472020256F4AFEBBB74E6705A12083B249089218E6452C8E5A69717E904A3F5EF3D5D08EC1F4D4E85086B238CFFC11AB9AE972CB775616C6D1DE04DDF073B4DE3747C41FBAE
310
6072901CAD0237100670C5A00C2C3CE063610ED824826C1F6650700E88C00B62468903A0D71D3A390255AD7040048348C56C4647413C2C2561216E0C469203EF06A5B101AD40D0E207F78B124747DB5B4BBB4E88B1C373C114E0470B345156EDDBCE1B4DBDF81DBC400746B0B54E05F693707B89A5E430982C2AC7D10DFF11
310
D5B102B9505034B35D07E8E5F585757F088B390F2D4C85CF7218E8418BB4F25B885053D07D5A908326809F31D6CC6B77CC948413B28664484439D118DBAC27DB5AC40C1AD166F25E6A2F0AE82100C0BF220405323E1FF80DFC518CACA8DE1003F3C9FAE9C7B2D60703A0004F8EAEAD2DE0F5485452D15B77B4B67F4C2403B8
310
D8F9C533558ADE058A9E177A1698F75DC0EB4C800F74C0270178C8579C1FACD025F0560844502D2BBC01E620030CB93636C1041636A693949CD80139FD15BE107F905590A292840F8860706D07E2970A2F15E5B13B87C3143CB2930374CC46A6F9B9D7A5CCCC14E11B9E879A49FBE27ADBD6DA82410FBB94FAA8487D61B51F
310
4BE0A03FD08743C31020D6628ED20305A22C2C2FAFA7ED1E7881C438AA5B9035F20759E243C51F34D0D5F02F11403B9E204CC1686C0B6C9000470561519CBE1B0E4FBEAB37A39EE4B84C05F023858779341991F36D9D9F351E7BB3B5ADF00148D9D05784F9AD8B037D48C01BFA83D4247F03BB768BEEF973A14E610090D4B9
310
6B1EEC5C5E66928F28EBEB6CF578B067DD83086081579848E60DFC7684044D8174993C39F886043481F6A2B743B18749E52447CD4D230513032D20D20206E536E15BCF7B7D211634F98FF9986287F33F9A94615A5A0A7CACF8DF5DCC1AC6EF9AF1945EB78E0A2FED1DA2ACC00EF983F9A012260BD722EF61C9DBCDD8719703
310
ECF839029010CA0B9F100B1D2842153E01A1A3837AB579516A31982FD2908A09100DAE591016CBCD4B011A2F4DE299E1338CE065DC4841BF9895D8C81714800CD08F5AD39601BC929B55D291F6CDCEF2AB40DD5D98F4E6F107C47AEE4A09A079C05316F479DAF4C2BAB83221BCC0CE23FE3D3D4C7BC9AB673D89A3677D6020
310
F6E182332028012FA0FBE0B2668FB85485902A8E7FA0BA2105C213E20BC2169211A4BABA7D693C3F1DA961F203694853137073AD5CD25F1C017DE0477626D7BA55B88F83B5EE513C41D814639FD1BF759171F4577D3CAB0C3DFF68B2D3B1F8478C18F67BEBB2598FA76A4545E9E961BACF657E0791D2373030E0EC9FAEDD17
310
BEA7703A738185D08236C407448A4CB504CBF01FF43859D3115488EA01B55078000DF085911805790DE1B41B6F8CB2889C3834FE02AFE07D85143C6C008438A944EA63E047023A7EF37E13B0903AFEA7BBAB9579330FAFDAACD540022980B65A75FBA17D388F1E6576405CCE7032D95BDA420E7DC0EFA320879E5F8B3B04C1
310
D2D9C1114210C19FCC49DC6A855E12010184DB8968109ED016E4683CD552A36B3AFA13BFC2114068935A7E774CD2C7225642B73325938052D8634ABC18DC9442BF9E0402E85B42F9F3273672DA8E8F1070405D1DC3248487574CD98092B8B956E6AFE1566530B78FAE05B4A0DE51FBAF85DD075C7E11939F80E015A58D1F87
310
E400CFFD2306C4D1D3C634380A201545A92BE01F445800BE12302AB477BD6F62600D211232EB061448A0D2B877BB940D63D059C37E0569A83DE93E214F4BD86209FF6F479C640AFF8AF6D1BFD987D029A94DB7C329B4184D4BB013BF912FB88FEEF913071A8D82B651BC10DB067A7EC52FE1B421883144C00F64FA23A11CF7
310
08BF16CA59F18D4C04B8085964B2D8DA4A855187000BE440BC816FFB13374640B0EB1D0998AF38A1AEF503F14302E2811081FC12EA6CD38A63B33035125F40F170C0B0AA45E9FCA38FC6D688D48563B5C4B4B7C359D3C7AE0EFB16ACD5E2FAA47EF8307044B4EBE1C71E84E742D81431FB06B90B600B9C239E277A57C94C42
310
7EE10E7826980C0136600D916A06058CBE8604DB4D314FBC014EDAACD0820F14BF75449B70339490FE5A0491221BF95F949DF1235380E969AABDBE2D32EB4403D3FDF17F42F9A0A7C28ED75BE86BDB7C7EC80C76F86B8800F77B305EB88F00A4352E0F8089EF811EA02A3DF08F7DA008F803BE4B4EF5F41E56087099E92070
310
8C3D720916444440FDFA013D4E1201414123A09290F5BD7AB729298209C4306D007BB0829FD4EC3A6D7E4F00B67DF38CA0764F832F0448E58439B952CB4F70DF964AFA74CCFDBABBDF273E2FF4F56D3DBFF2A78D42FFF2755DF307066497F44062AADFC0CC546F6DCCFECECFA232E14F408F05477D311B683A35BC245FCF8A
310
5CD2AF20022C21022266905A5BCC8B20235D6FF04019CC04058AC80023662E25F342063165956320BE50370F2A657BACC817DDA3DDD3EFE04028645780A768FE38DBA88BF2EF3ADADFC7FEACA952E5A77568ECF0C971DF32BF1D24F8486B22A649EC81B1B60315CBEFC026091CA45F858D7D04C1B437079431E63E38F88075
310
8842E780A9E03791C0FAAFE10012588C3C592FE35461A6047802BA18686887023A422A49599399893103942CF6DA53A8E387825FA0678B261F139F801E2B17C901D0F5217E07AC2401A87D0480F753FBED44FE949C93A1D042B879FCE499B3D861AEB23F9C1F372F0C24D0B7D6E70FE1AAF60F84BAE642D82F0A9F53E22783
310
915518494FDBC0AFAE7DA282E5050B703570E06319A015E00D693A6BEFFAE493941C3B08C13B96BD20D0115A9565701DC58568A3009DA13E965765C03091F0FF339F7309D44F6E61F837F1B1FF920450EB8FC48F9B40158BE89C81A597CFB0DAF5F5755D3886DC13D4479599B583758CBF35663AA234F133F91D3BCCFCE0A7
310
94367F385C59B19431780F1C099131384056616E15A1563B50021D369C593FB292685A68A8B2A50A0A2085CF05434617E05FC24A6B077B990014421A68401AC4D65788EE25F737EB780D08A6E38F060F2ABD889E1B889C44852C2FF368C1E3E710D73B6589EA83F7417B341ADA1F639A23D15298F087AD0326410E116C3A1B
310
325218433C71AE62C07C1480F1C045629724A076A4BB8D622D24690486727F56108D07046DAB065000678E04C4F8C342DE27F4AC102D854F2D08D59B4ED0E4F697B0FF62F113646BC5B7F3131D4EA8BF8B265EA3F2026E7061B96F6DF3D993276B2180B8E57067587428579460551049049B074CF8B1066C7E14C705F0B392
310
98C0997C17F701097023BAC31081390196801FB0C2A12380042927503D5A01CA127F9841B460310639C674BC8CDF1A320501448E0068905B07F6E5602F8C1F07786253438CEC51AE61FDB25FF71B09893AC026A9EAE3F30F369F5D5EAEA5801FBAD3C98B38C13EE017B054F81A56F05259DBDA64FE270B1FC4C77200FE276F
310
E814B916E222575ED717A62A92956504605268408CFE13FD61F84252228376060206802B9550F00B9D47E6AF1022538A752CF4FFF1F5931384A9FF8700EDD4FFA2B93FCBFABB3EA6C607FF714B0B8B04EBBE83B52B246092AB018C0D0002FC490849F1E214AE6FC42009D6D86616C835B65DB9862EFC4480C14137603C3089
310
D0A5588FA27E693DD184131BA4E88C35045ACEF1CDE1A82323C20B842F2419604821196EE8185BC834AD44F8E9B7549A32900196E9ECBBE20FFB4706861AACADBBFD9B56A23FFD3AB8BFACC18B1B5AC0ECD7B6AE2E2E9CCD2BE8AF1B1BC3A813B94107E82DE67A42E7CC7D4A6116700B5B2EE3C338A09B840F07C40A64800D
310
7C605AC42B72227C4C7020AB1F20056E26F542717F56534261DE3766AC10A6ED2D006DD03BA9DBA507AE0510A8B385C92363B9154167F1230C40D76AF6F3BE0CA08F8BA2FFBBCEFB09D0986550E0F0EAE2F2780CDF850CB0F88CFC2815FE87BD83909F474F45DD47F1C821DB2107A8817FD45384F57891B65F2543D0C1E20A
310
89B4A8DF806862AC27C60F6A054627FD344250718AC0FA21CDC4E28DBF2650D1B39D8B8A420C348A4F846E2BE824BF8C45E1DB8EEB52F576F47A75FF95F90FCE0FD3A7A08D48D5B9AFBE3EA658E1676FE3372FB57F0AD8D70ED4AEBA3D4C2BE0AAF1C3AD63A6004D12900CFC481A47430C9EACB390038642C8C41B13303166
310
614210592736B8603AD4FAB17189DBB32F3915F0C380795A089A15228460BDE8E52203527D41B5470901B088D84FF8B3FE2BA7F4FD30ACAB3DE0B7E2FF95807AB0010FFDE3A048F7360F9F3FB9380EE537F16F8673131325D3351A3F664022020811A0FE8C019CA17370725CBFF64132025DA1BE2555102212E80A907FB43E
310
D80A991A8AAC183932C19AE17524B06590B6AD286EB99BAD18FF4BD64BAB519202F992A963648ED30E7521F909F090C0213E367A77D8836BEB6F34D92EDA624183070248351F1A079E5D3E7A9EE81F2CE6678F92E299EE312B6C0572C0A7B5EEE07853612403813152C7125E2022A20C18F855DBAFA399817FC97FB6E1CDCA
310
31D348434ACD0012F0D32A5456B4007E6E92D72B1A4E9971223A42C1042819E4049C0C5801300C0013FA48F8944FBAE71DAFC27F1826FA2304ECDF3F6C10FF47D5C7E49748DDD687DE8E91C09394EE0682A4F84CFD6067EEDF43E67EA46CB2F4070160439245F00343D03BF25D7E2F26FC400A896DBF19FB8D4D0A66DA669C
310
3D608F9CD048A0533621B25690EE19D5D15248E390F042B12C682511B02BFE3E5700E4C9A9B2107A8F45248FA48234FD23005ED1F4EFE80D1320836F04003BF42856D478D1DCA3ABEEE3C68F9F30C3A16E5C238EA5DE3FF37DACC2F8B7980033F47FAC34421EF0418A045394802CE032D61C70023D788136788613887C0011
310
A4EA316E005718AE191F8D0D841B9C679CD2FC478442D005429166F5A24403B1E6ACF3298F388B6D0BA933D92339D48969A5C11F09B4FF017A9900A4F887010C474717E10F36468032FF33F4AD610517777104CD920C3CD15FC5F3B3A0C75BBCA3B00F2724863C10BCD4A0E00736C7981F2F72E4B001438B99714FCFAF713A
310
2603BC710376A1715FC602022202E06FDEBBC680A3DF1C4C095A12C50B554FE7623B50374FB2129DDEA4C392C9188077658C87F55FF92FFA507FF03FC8DFD3F31BDAB46DD51AEB03F7E1B38B8B87CFF47EA1479C3EBAD5C6B382C221C0F1B358B39D76D9D3142C4A20935F541E492E0EF081BA41B3620A8E172B584EA14856
310
32E22A8221CEDAC6110AFA4B6D43E2B76A18AB240BB24337721C9321D2C033B2D3E2641A55A400A28403C12D1DADE39AD23FC5FC08C47A64DC3FF6DFF76B5235124022D7E6D6D5F3CB870F9F31C96FE477FAFE54100068A3A87FA5908A2C08011CF31309C10025B089FEF9C510522B8DC07C30AA469841723A10C08E27F00F
310
7FBC181C083F2809EC3B2B328E294AEAD5A071B3A95C81D2DE3F930372D022C9C793535B92FDAD5426E90490C3C81D000017C6494441544698C416520C1C40C71FC204B22448FD9303782FBA67089A1A7D4CE38E89050FEF5F1E078A4DCCFADA058032C34C1CBC2E1202B1F8962B1A8024F0EB7A11F209E96FB369D4B64202
310
FE7BA230AD24C46413536EAE955B341B726C593B5D4630C0BE822480908522B0D85430230352618DCD4F7BA6D568BF4343801480006658EA3EDCBFFA9702B4FDE9022163C43F9B72B58001A23FCE6F0B3FF0E4E1DDFB9801A6FC42FD0132CC1F2224F89933107AD30B6C9131A53818AE944BE25A70810821C38F098411980E
310
46D108F483DC63F49B91B852351604091D60546702F58A3872A1716411B642C7629C267E64E77719F46B0548FD6BFFFC86A38DBFADFCDF700228C124C8664FAA02BFB1F92B09800876FCE4F2D1C3FB4FD0A44E0106A8DB8079751CBF0BD9340066C3D52BC64706467C05B5A54401BE4A1B0132A55EAC1CCCB10D378A3DFEB9
310
812022327745EF2102886A9142C812A1A2C9708027BB55B7006357459F9C2080E0BC34489FC629510F3017B62D5073E2A2C64048A0A42580E413BA9E08274091A398EA80B5BF31C87BF5ECF8F1C5DDFB4F22AAC181F070AAFDDAE5650C4000516440D8806786D874215149E69ABEC43FF0EFC820FEA112B0522003C84BE03F
310
B76623513B6D840820358B084119B0CEC8C00AE888826339A54091F5FCA513AFE147975BB1A86FC50618D9D74502F0C7C8815AA306602FEE3A5E79E0D7DED1B221001118B73182CD439A092FF801105D1AA14E1918EC282F6260869D55108065988BD67F68E5581720A708051F7C8070F582389C682BE53F2AFD85853F2A01
310
3D21564028E06E79B7A71E43212180A81541EBC88F451E02385100491AB0C4A3BC5309A95911E66D04C0B448366988ECD204C2FC930F8CEE8FA410EE4C25B58DD1B6EBAD83F6196670F7DE635282C0A56A851AB035831725F0471A10FE52097089C80495804100318405F0DFC2136004B4C40705EC9154315129205EC35793
310
0035688F61AC02188250CFA9A980233925F16A117A48CA54DAB6400221976B75D863330942E20EE3B00B08FBB71AA813B0E502FD2B023DF70114E0D7DF2E2EEEDE7B789504200112075478F2FBD6897835C91F0C20782401E801A2F9142700B74805703426023A81CC0BE88B537D0003E0C5181D29EB8D83050964DD258091
310
0A1E7A8138F76253DC01DC2F3824391AD748276C0B0CDF12366625D038603D0003E0266CB42704C8CE7FA7F11B4D59C0BF454A78F8FCF1E50513715D469607031272358F04E0003C90107223A581218F10008B10247CD20D860FF0BF48801040B361808148714764028EAC137E871501EFDD97C89B52107FF1235B0928C562
310
530082573CE137840EFEF82A0BDC602736C595912FBEC69E6A3A26903B3A300C5A098A9E3F1810CDFFBA019D97B4E7A7A075850F2E92569BD960CA7B8304995FD006FC4213BB1448A6F4BFBB3A9F9FC4962D0A1369129B10073771FEDA38B1737B663A71C088D8848027FC3008DAC4E4397A6F76271DFFFCF77D6BD7F1F67D
310
A51E0E08875A6BAFBD6BD7AE52CC04A0B4A2206F650EC412841A48258258E8662C3838FBE21E25172C2A15A4F78D82DCF68A005DCF07047C183E1CE47731BBCCB5469D9169E0D588945BEB637E87802A03D88FB82486210D28FB3B858D13DC7CE75F5E6F3B03C1744D30CC58C7C7A256146853A05243060B850072A7010CA4
310
7CFBF9A1E24F414037B8781E8E9F219A774B36481CB43E48A79819D638C8760D672FAC19FB9D3FC5EA9158DBD0159C27860409682E8FF2595652FE189D2CC2D7C023E944158355806FC320087CC74116030CC376C559C098B93A041C5DDA48AF33827D2327DC761D19C17CC62780D82A170E6CE7415A5E7FE825E053048F88
310
D2AC2A561CA4D4C60098DA28EF1A01382772484698F60C8DD24BF396EA76260542810A625978C03580A9CAB91D10249BE579B0377A3DD15749A45F24C4D81FF3D7D7996F6A1690288008C0FF6CC186DA9D5FC95BB09B1301004B016E707FDFED306A1BE8FA208828F00BF342186839839F1F6FA338DC5A0200FF383DE92614
310
C03A4508DA18F4D85F9354F7E867AA77A42FF49BBE6757A1A7454448D0BFC3C220714FE43A3D8F1547BE10F0BC5A05985AC3C28829A06FE24CD062700601F4AF12AF99099B08E7071DC4626A97C920C3FF96E190C9D1FD7CB6163E800D79E5F3F10A9306C02B799E80F1AB380E0571A584C0370A220C3125000B500900D96F
310
EA40409F980E2083E4EDF4D8D2480AE5667222E020BCDAD4EF19682120818FE18EC7FD6AAD67C03F7DF1955E697456F517AC4F24700C30171C67E9168B109A4F60AFA60F98BE30941BF776DBC7C70792A2FBE98AAA97224F8BEA39B47BFD14A8CD03320DA2B676E3AA397E652E30A42CE2987B7DA1EF7F75242413800A04C0
310
270C62A13372400B435ACD84B8B5009208F5AC73EB149FFF3508E21C2201E0338BE07E50EB47E7FF6D97724A601028C5519073E7978EC88834410450E074DD58AD13A4900103A6444A9CB99103229F0EF8C0C78161EBC68137240734CDCFC349807851E0EB46CE864D2E405ED341B71A390CF2DE20CF5193189E1901E866D0
310
230409684B193D17E2928534D04240937D3C84477494FC5E0FE0B448E35AFC19007926C1C6A6E622FDB8A12E30993C6710E070397C4B26304C0AE38218D19F01FFB15BAE1C0E7E74DF75F2406E373C414E848FF8E500EFAF3C1029C9C0ADAB2313A7426CA9B2C1B9E30032C84EF31A09A88A386F136E8C2F1D582EA0459207
310
015F10F1F001F0B1B7DF7222011EA2001F00BFD36BAEE0850928B08C077030FE3806C880EAA74BCE0863A952812E6008B3A89199C1EE918AF96AF583F1A073B0A355B9D861AF1460DCFB3BFC6B7EFDC834B09700CBED3510E48DC7129041C991F06BA5006CA6B5B34EE21501374E8DFC910042036111EC9C7CFA1C05D48A72
310
70F7F835BF04A4194DA4CF76CEC66718C84CD020D04C412AC848F03E3C61A1C8D50D0EA6838A00376054D3DF61A0E393E1F8B058A6C994093476D601A4A06F0CFD3C0A6BFA910E75CC10400A80FDA93AC9B5EA4303F6C0D188B559086091CC5910137772E14F2376D03181B5CFE74C0EA38440D0AC256D6C4D104CE05302FC
310
C00B60B9CD4D71E08BD40C144A025E60D4C1F45FE846A2105D717EEA84808A5DD90A168E133640311CF05DD870768683F5D2F1800F485AEBE5CABD8FFA3C0BEB33702493AEB551B1EB035EF5C8E5757FA7832141F88E8578A363802B560007AF93D7D470B478C4D00B412D634C9140C4F9275C00DCE8DFE3C7F8C0AFBC5B2C
310
E82E3C3BDF393D4375D50C43CD1C17E3777CD2C170725B7B42B41DF15BFC344DAD089C1E9118522B4A2C60B794E4E8F33081BB7C8CFCEEA0B2015E49D586429C6C78646180B7710E06018A3082243C275F077FBE412C17DE80D3E6B9462C5204C5D980D1DF84A864401C483CD01B143F4A4868087A0F780F37230200A4FBF6
310
AED325114C367C22512750A5C7C3E32D545CE20A0904183BA10015DCAD89864B3E1EE97EBAE8B204266A48E010511838E2FE413FB116E60880C2D8440AC3880DDA6DF6618C138CF1CB2A09637E18D00F80CB0DC05322E31EADB8081C29410903F06BFCDF5AB46024E4A75828056440503C707856EF0C037623DD4922A400E8
310
A6BD75E4D2800905F18450A00CEE88860C8964C7B3F90F56528BA18F71CFBBBCD2D05797E168FC37DB26DBE0DD2EAEF39686C18440820013C1444055402A541400DD362A0A402F1FE51246404E098249FEE30708C10CA0B54601053159480C00BAA9B1223A773234FE72FD5C3BD81804D8D196FE3D5315A0C981D88D04FA01
310
DFC185CA93F9120E1F480B08063364A0A318F08DF95056E4C91F1150D31B011200383502E079EE43CC18603AE2F88FD139C802A739F208E88D06DC78267C448C27C4113C19B0F51B0E9C1C021CF8F9167C6B1F2E10E461002910105D1042792D1CA303F469714C018C23D72179E165049C40E801CB96CF334562E5807291D1
310
E0C70FE6CAD91656715F0E5C5E70F8D7F83290549B1BAA6F781D25180EBCA93EC84E72A74081CE3020789B3790E1A9E478E658C099BECFF01E530E80EC5FE31204ACFF70AF8177A03059240CD074978A002A878BF883FEEC81DD684E406CA630ACFDE87292822A11953710F000885D6F68A67ED40CD772B0828359B753F7CE
310
23D9479AB9845771B389D6A77130F8C134EFC83947392029B10E4425440A84AF0E54825228FC1634D369874739C837A9DDC83C20D320C36042610ECDFA750303710224D01202488012CA847424F8D53F78AB6BECE9B3B35A7F32396AC6B7444566327DBB4DF06FD9616744F4D3A397EB3B0A3FBA8D763702883ED742FE5CD2
310
4146D8E353ACCF811C806AE09914D8446E93840FF4D6C963FF32BFB6AB015D1D3B0C9A0968776F021F21404B6260CF84A14F35180CE20B5E85BDA2EC91FD5A7DBA7E5705F4F0F97AF26CE18E3BA078138202400A62930FA6CC7882F911A92F33E547E64990B0F27323D73B6222863F86425153FA8009361C675554C25382CE
310
148420C8DCC47A20122806CA178A0918C14CBD33440289078A00EC6070184CA9907FD0A1270478E0B325B67C2193694EDB7DD0F3C238447C8A11485562FB4902134E6AC952FD5320A4F7C780882DA9684285CD81D278C0E8FF8DEC9F45D22DC3C2CA99C2728110888799575B6834BF22B0F01EDE72D7F21B672C40F0A97299
310
9E2200B7C91403F9BB3D09C01990819238CBAE5E7510D7D57450507E3DB04AAA0A3C280064E0775380C8C16EEA4834346A04BF0CE847B4B3AF760D06D24BBB267C32E2C9257DE5EB748AD101AF1FD33265E2B674EED8C01A0AC901392211011AC810560F77778E85B13BAFE3E25C95B70919A4862C15928BD8989664AD8638
310
101D009A80F00BDC41AF27602A4BDA0C077E550048E7F1011410F01405045E1C140B4D0E70E0F6E034171C3D6FD12004FCC1FA304312518910356628A4A326EC9ADF5DFFD1B2C0399503F14B4F8E3E0E4E39A06ABCB56A8014687E86E462BDDE5124615ECDB412B7314F62E6E0C76ADEC0F717B360E741960104CF1706CFA1
310
8E0605004B01AE007869B095ED92144A807841EFF2811C047889A04901C809062057192688C92346F97F279449F89B113500BAD282D1DA80A55C27EFFE02C8D4F395003F285B617BBF0831F49B055342DDDD414378E8888E92C16789F269A27C9A221FAA4A0DFDDB9F935B2ECC04DC51481558A69301E0460B02665AC4DD30
310
C03D480866C3409400051811876014C0F294C542821AB045011A3E3F09001FF304E3A0BED05CC11A811B865001769507FC01ADC611F400CF68C7B093606E30F3C7E0F00C1D10C31951C1E2D7252181DA00345842A19130715C736EC9ECE686A712FDB31E4D3E50AB336E5666D7B212C0113C4A4406029709B43D0228F3FBAF
310
49921B19CA0C82A2D5BC4A2079809240F37D3E10F9637607C3983F0458508A98B8B4EFC92AC13530180CF55359500080061DF59B98BB3FEACEE881DC8127F182A885A86FB12B43C590A4380504E32305E3148BBEEB2D2782029765428092545BA5C2C681FC5F8E869C0EE1034A822FF09A12C94084505AA868080303473F81
310
61F7AA0A6610745E280BE4427FB770106F8800EADABA19F453210435BDB2348471B13B65F2FCB554827632C4C44467333E4127095D22092ED492009930413251B5408345065065E415266E20279A40B3F520370BE2050C8360E6BB4601C1673B9BFE007EF5200B6483CD195400A783E6DEA0653515B0FCE8E86D1618FC1EFC
310
15C2E727F24F2A2DAB57326D8D0877D4E298894E7A0C3C7D9CE8A0E2D17AA2020FA1097D6372F2A9F955060FDD467AD0426368C24A8340FD0D6687A76316DEF5179ED9042005A2BF02A5DD810A4DEFA4A8F700EFC50FF4FB8C06410F0303C106ADF8852ACC6A2CA9046E9ED070739339857222CC009E206479886EA26227BF
310
7A341A15C351A8404A6C10080A2140FA4B4E8D9B9A11645899332363FD69887F436A660566964250FD752E787B64BCF8E6C8190DF8EA0C854C062D8A5A1346F810414313E606ECA0AC3A01D6928544029D5F42E202C0CB386F880F7842A31287061F32F3CBE09F2950783394F2F2B23D85386C6F51943E99DD10C8A0000BA9
310
569A14805693274BD0E4F4DC3F28E331EEA91C4F33ABE057889BFB92819187840A08E57A276A8BFCB75B0342668C70C565C8059996D209C2800941A21FB82B2F520BC2E6FE6F1A8827043DE17000DACC8193E78BBB8DF1467978C06F6AFE986123E3A95272CAC122046F4C65C4B88FED2F1CD1D918F7CDBF8903BF1A90057D
310
42F4DC133AF804ACBB58446A0DB78806FC053FA1E45D0AF1112613CC0DD976C5E70AD3282F42725C0D02AC8588DE451B1C01ABF063E7748A3882F0DD484BB78D037F9812240EB88B6034C0AD53E5116D4C6D920C6A89F084E6D0598AD7EB6930CC7B293E27A666E5CDFE9A3FA52FEB3C97976FDAAE9A60008FCA6B33099CF9
310
880D35D419FC687D424378E3099441E110C5B3C6DC311E6653514A67A530D863326C4D8430E0C28024803B5B069B0E60C10EDB6DF087034171DF01F1F3404B27B1056D8C0E56E7CA6056E7798147BE4C2F01CED5987E413AC6A724876DE3F599E0601CE7B9CEF3BEB3671E12DCE8AF9631B8031D3F360B6955DC2342B2A0E4
310
632A00264C0DA002220CFEC3E10D9BADC8904D88DC51928593AA16C91DF6FFF82B3234404C7214D0F8608E0052283EFB2B0563F1D072936C4017706010BCF1B16CDE0C1FA9C777E44E1F5259B0C9BBC8794A82A6C182A3AF56B16921405351FDDC91B5BAAA617860E8D76C97C377FE701A4EB4378FA97C2C8E3CC8950886C6
310
FD93AF70A1F5F676B7ED16CBC56AF5D09110EEB8607CC08A795882358280DDB98AFFE7087C6EB593D62F041CDB4018935238E73F1098100D0C8769818F777057F64C703C6530E142FDF5C837AE1CF66C94C4887D3A3726AB990DEA248F73B5D32C8E04F6714B1E67C53FC52040252E605B322407CBF8C7F05453462A295ABF
310
4D95592DDD76AC23512E9A2DF964715C80DD752CA8E263AC36F02C3C28A133EB22AC8D099BDEFDE28C3E8FFEE3815D5D00C17C00511058354D62443C1A546280E43572A9C661A34FA5891F8E7570608C8DF21DF51DF9D2A84D4501F41B8CD4F4C9DEB2F901E810C0E4CEB6EC08DFB06341C864CF8D0EEE779A606545E1E64A
310
AF30A4324C20FDD3BD558BD966BA994FA915CD162B1978642AD01694E533EC190368A68234657085B5F88E27A0805E04B8BB6A00A51646EE3C10A50FF007FF410F1963CA69BE2002F0F902E701AEC995FD41F83A3F0C3809A3288A083003A6CC2A20E6D703EE48E3777AC07ADD51EB6101603A9FCF17B3D5928F6D742EE7E4
310
CF38AE2B03C5FB39C81D7B2978FAFE85AF3D2710B0582C970F0FEB0E4D1103B8BE2B4D560CA10002FC8F334C891C07B44FE06B2E3ACE5E1E2D1FC32203110ABF9CA0E8381F68EC3C06701328E5A38278A5FCD944CEA5283DA933DF2A2448BD23F1C5D8BE04CC2DC3B43B3EEC29F8B5FF926D11D3E97EBF7FA1BD1E5E5F5FE6
310
D3D972F548547783146ECD84873F377C5820F7F9FCE5E07378D6CBCB7E036DF7F7104079A05B77C6942D1BA95D47424BFC3DB6411009A42E207871B7EE9B06614BBD20F22F7523FB985F3F7068E37600273A3ED0C1CCC380F6EC4AF01CC1CF95E4848B7BF950AD14C44F10460221E02D21D01DAE800F323704C00035DFE97C
310
B37F797D3D1C0E4FBF35EE1E5E9E0E879FBF3DF6F474780A01FB3DAF01FE0C0798218007C2090A3008BA7682A338F4A8804A06CBFE6A80CEC766F49853F15B2F45FCEA3F8250012841315016E75E797EFEEC4ACA6C79F515CF1738F7C36E2406071051043817C9E8C5888D49D0332E800062FF54FA562BF7446CC0BFDFBF86
310
03D1FEFCC9F7FFB5A7F000430755C2D3F72F2D02A022820897ABDD44594475BDCCA4A10AF34C06B08B4AB58BBFAE30999DC66C7CE903A83CF8EB006EEEAA063430F84B05F0ECF644825F5E95073870E72A0771AB89B080022A0C5A9FAF34C89286257FB7BEA000EC65B59750C68E0815B0D9834B15606328F80709DE09018A
310
C2A7817F83F96DB3D562C10A0A31300230CD4200B87F85808BAF64D04600254047F9C14DE93464009E7F5AABB4FDD6D55142A2C0BF1541FCE19C20C899BF4F76AB54B84CB97F88F48ECC029FD253F0C70DF4816B9AC94BCBD653B1A283C4001A0337955E4AFED3FB790B6B1F5EA0B5514074103A38D84280EE0F5F9BE974EA
310
B2D16AB1EA969684B6E4166CA28264B300474C7308D20013B204A65F82970718D05678B3315D442E1C0A327E2F56556040C005D2FAB1326A68A07507C9E46A3648555A7080F5F50219A00E6222E3E0862CE95B5680930530742F1D041805E69B788161F015944D041182B861A2C17F3AF01CF5BFDF6C343F9171F5B004BF59
310
C016719164B888EA206A02AD05E8464D06B48E4381A0E9345FD171625AC22198F57C003BEA5510F81FF78D31C9B033D0030000000049454E44AE426082504B03041400060808007C8ED15C51464CB48900000043010000360000006662782F37364636333934342D453331312D344646322D413336372D3332393032444442
310
463644382F6469726563746F72792E786D6C9D8F310EC2300C45AF127987122606C71DD918B841D4B851A43646695A717C52A85029031293A5A76FBF6FACEF7DA7264E43906840EF0FA03836E242F406C6DCEE4EA06AC22492573150D1F66C60C640E8938CB705396EEDD86DE9B5042FE27813D640EA63BB001C722AF6E55C
310
B61E4863F58284D5D3F53DD715CE1C3985E63FD7F1B7EBDD617E9F1E504B03041400060808007C8ED15C172F7B16390700004C1C0000340000006662782F37364636333934342D453331312D344646322D413336372D3332393032444442463644382F6F626A656374732E786D6CDD59EB6FE23810FF57ACDCE724243C5A56
310
945581B2427BDD5D2DDAD37D8B4C30D4D7BC64276DB9BFFEC68E1DE23440BA0F6975542AC171C633BF794F26EF5FE2083D11C6699ADC589ED3B31049C2744B93FD8D55E43BFBDA42EFA768C2D234AFEDB3508263726389656B3AD9B3B4C8D4D296EC7011355797B3BF110F49422C144698F31B8B870F24C60E2EF2744BF8A3
310
B3C53976F6BB17C773CA8D26D93DC3D943E3A80C3392E4C02AAC27404571E0993F4124773A71C506635BBFDB36FFCC36570A6E324A139EE3247CC555E338FF04578DE3FADE6071E70FC7F67030E8DB8391EFD9B3E56C617B57FDDE7C349F8F6FEFC6169A4E36691A550AC848B2052D1EACA93771C59D4A7C85421BDF619A24
310
245468B66DD812459712DEC4C400D693A2D51452CA5A5BE87714FEC4B64EA0182C19686BE1F477DD7AD3CD3F0002EF62A58C1361E53C67A06B857DE90FBD895BAE1A7AA11CC538278CE2084574C3300305C1D652410619E12D82141298492D6A7A755EC1B02FFB521B97BB228A84FF5A53E96901F823C9B9E48CFE4BD891FB
310
FA69C013485BD024BF56C2E6870C488C27AE5C2CEFF57D75B30412ED22BC076B0131C5A6BEDFC06B2E62C16A614D3F2E372F6B111FDA0FCF589A11960BCB93CEACFC4E6BB0665A607C1D40297135757744E52B40FF0990AF784113D01CA32F839781969DE184EF52168376500FD93DF8D743E2F2D5D5C4AD1E9E2264C4CA53
310
9882DBFE244C0D318CB36B904E274F60F429EB2BE1D6218EC0A6EF6922FC1C0C0545292C41BCDF6D5EACE90A82292CC2533802E9E16FE28A4B045F251D88370D0DB585DF0E8AD20ED3F4B3A3AE3E80CD301A56AA32643C85EFF0A7E07BBB587F5C176C874372AF1C7B417634A13924D376860CD00D97FFB6FA243D7276F813
310
1FEA3E68EC0AE19C7D2A02478B5ED64A2F482A06581179B8548D5CB9A7E0EE51841392165CADB705AA308D52166C0E41E9C3AD67FDA58DA03C4C59406B3083EC1E329A0950ACA9525715099D234E1C4C0C336582FB52ADC1A688B300C769918858FBDA169B7C40A011A6085425356DD9DA6D35D92DDDED0A0ED1AB95E4DC00
310
5239B4265C9AF80002591BBF8CEC18862C9A260185240CDED27A82714005DE799E398976018DA2220E7634824412C4383B41BFA304F5D4F5480ECF29DBB612342D4B3BA5B62101B8025683A4D35519F4954E1979A2A2CE94094DA70363872A44ADE9E044BE10A9A205506D8C65445ADE0DEFE68399EDDD8EAFECC1AC37B267
310
B7FD997DB75C2C66A3D9C0BF9ADF36F9D4E1AA9EF04095A2CE31FC2F7F28E24D8269043784D8789BBD7B2FD3E78D0BB1D1BD1A2D47FDF16060DFF53DCF1E2C97BE7DDB1F5DD97D7FDCF3E1F8E56871ED32C2D3828584BBBEDB0BB44966C9FE14579ABBD74114EA9ACBD94EEBAB29CCFF37887E6826054389BF6B10AD62574B
310
45D835888A479B2114878F22470521947DADEED308A24D3EDAE2DC1BE372CFE9F7E4C7F3C67E6FEC5F8F87C38E614F9EF4C391AE4D86105ACF220FD20C87346F4FA90D643AB2FCA6ECE2F4BD61898DFEEFFB08F0EABC5A31753E3329A6021AE33D09765834162DA1F492C4AD596F1FA59CD38470D918BE2A181B347B0ED45F
310
66966E315BCA8398E4F87B2C56761A0D2F80681E05D0C2E6628870B18EA85C40352DA7288A861952BD94FF10701C6751D91C5FC2C0F33504BA2D6AB350C1B438E209EC33C079D0DB1239EBB844BD625F5714AD5A6B521F7F37F913F0E84AE817C2A38FE85E6C39436F2C3ED7108646430FB273A58A4B68E9C372D1FC4505B4
310
ABE121782674FFD0A938EDA6955A995716E23989A1F7C579C13A79EC08A289B62D2D908A0C0D97A89DF4C68252367DBAED83C364D777AA24AE1D03B52B4D6038D649905752B41AB1D4851C048A79D71B3C5B637391EA0F47CC5F5E65D7DD2F9613A3CB3840855D8660157F8C3ABCB552376A28FE8CF31042E95A7EDB33F088
310
2DD91E9B39835C5B59AF6BDA4B15F74A84D418C6BC5844DA7B71117DC5A06A68B9B9AB0A3DB75C5F89D4E6C044FBC887C1B449EBF38775830AAC747EFA8BC0883C3728A8D5B9E8A0CF90FAB63A0E0A1A149444DF56671EFF2DBA10ADC0DAEC0D46C83C8D284CF2C916ED490AF91B46151D3A1416132EF33218AF0A52FA3542
310
87A79FCA416C8E37917E3A7CC030CD8E54FF56843049859C7963A975F407CC4EC5F8524EB49C4768DD540CB350C1E88D05169B53E8D09C0DCCC0E4C451526FCC38C1B171B21719BF7CAAFA7D7C4CA00351E92857B5A70B2E4A32C399A014CEE4CB05A8FBCA1BD3C9F78BAED9413887CB4D9157C21C178ED22810F45B845238
310
18153E2A785FA0A4382F97E7C83D06249DC6F967EDA0A46AE798EDE54CBE86F7EDE28B2BC6E9ABCF288B8ABD50E7B98ED9A0648B4E3D2ACAC9D5040C438999615145CEDFB95F580AEFA562B4A46004EE3C8DE334513F6ED57B2DB47E80B7545B574F08B93B70E5C040BD0208369813076FF9232C8046191573D4125943EF55
310
10ADE95D2B42A8001E33F6AF16481545B5614A3DDA0A54E4FC1F81FF88F73EC25BEA1B6AC34A7001E04ADE3C5EE88589CB60603EFD0F504B03041400060808007C8ED15CEF395BE4E2000000550100003C0000006662782F37364636333934342D453331312D344646322D413336372D3332393032444442463644382F7265
310
736F75726365732F322F636E782E786D6C4D90CD6AC33010845FC5087AB42C1B1297202B2F91532F419137AE88A435FA29EDDB6795AAD0D32E331FCBECC8F3B777DD17C464312C6CE48275100CAE366C0B2BF9DEBFB3EEAC6444CCFF30D605ED616155664A6E11CBDEA415EEBAB8AA3A1B1E4D14D70D02446BAE7BD858679C
310
4E6961C97C82D75C978C2BA4075F75D67CE411129668804E64EBA19D3011748695A9494CC75E1CFB71BE8CF3E9309E0EF3871C2AA9E40DD135DE860C11F7B74918A435502221870A2859A26D547D838CBF789CE2C9816C25538ED441C3F2CF4E98F57A83E185FCBA4A0EF5491AAF0668D642D413504B03041400060808007C
310
8ED15CFF15A4A45D000000800000003A0000006662782F37364636333934342D453331312D344646322D413336372D3332393032444442463644382F7265736F75726365732F636E782E786D6C4D8B3B0E80201005AF42B6F75B59F0390B113044D83508C6E30BC6C26AF226F3B8BA6360974DA7271430F523308B2B198F9B
310
80925DB700539227A2FCCB80A18E5640D320F996A81C9F32D6E9129A0D1EF74FCE750E6D57BC7165FBCA07504B03041400060808007C8ED15CBBD74ED84301000056050000300000006662782F37364636333934342D453331312D344646322D413336372D3332393032444442463644382F636E782E786D6CCD94C16A0321
310
10865F65117A5CDD0D2429C135D0439FA087D29BEB4EB636AE2E3A96E6EDABE9266929A13D04929B8C9FF0FF33BFC3D71F8329DEC107ED6C436A5A9102AC729DB67D43226ECA7B52AC05F7CEE1378C14560ED0905C2682F7DEC5712A75B091D1E4AAD1763B1525A2D76D4408A4504686D090A05E61905446741D842DED244A
310
5A530FC145AF20BD473DC0F45E7990081D11B36AB628AB45592F9FEAE56A5EAFE6CB17CE322978EB9C99786D11BC1BEF669572E968939C8AB30C081EBD9EA8EC81889336DA6ACB59BA173C24BDB69F38DC8D991B47A395C4D428E614029609023970F6050BCEB2E31FBE1F1F9E4F1AD2A9D31E143ABFBB5A1BEA736D384AA3
310
2911FFEBC21EFCCBBC6BDF92E5EBCDFDACE149D8C5EC1E921B52747F2721E549DADEDCE207384ABB7CFED36241AD6ED1F441D9853CB3FD0A4C83CF1B517C02504B03041400060808007C8ED15C6F9D1EB27F000000A30000000B0000006662782F636E782E786D6C4D8CDF0AC2201C465F457EF7D6FC83DB401D85F91EA3B9
310
216D1A36A3C74F63175D7D70F8CE91C3675BD1DBA5978F41013935805CB8C7C9874541DE67DC011AB44C31EE7F374061DC9C828A41CB25C5FC3CD0E4E631AF95AE3E3C0ED80A2B58CF39BE314230B796E20B132D66B46FA831572B4C578C7355CAFC7A656B5E7F01504B03041400060808007C8ED15CA6D797065F00000082
310
00000007000000636E782E786D6C4DCB3B0E80201045D1AD90E9FD7516806B51190811670C8A61F982B1B0BAC9C97B72CA7B1037C6D3332918DA1E04D2CAC69353902EDB8C20262D23F3F59B81A079470595414B17391D1F19B4730A5583A7ED43BBE4025D9592775E5ADFFA01504B03041400060808007C8ED15CECFD112D
310
A800000026010000130000005B436F6E74656E745F54797065735D2E786D6C7D4F4B0EC22010BD0A61DF525D18634ABB506FE00510A79458060253536F2FD89D5197F3FED3F68B9BD80362B21E25DFD40D6780DADF2C1AC9671AAA3D677DD75E9E0112CB5A4C928F44E12044D22338956A1F003333F8E814E5331A1194BE2B
310
0362DB343BA13D122055543278D79E6050F344ECBC6478EDCD76CE8EABAE5449AE4298AC56946789C28AAFBEABC53F3EAF09A84A1441B91F0101CD4780756578C173A578FFDDBD00504B03041400060808007C8ED15C3DEE336E64000000790000001B0000006175746F6465736B2D64657369676E2D7061636B6167652E78
310
6D6C35CBC10E83200C00D05F21DCA56CA76D41FC96062B120735B69A7DBE268BB7777961F8D5AF396893C2ADB70FE7ADA196782C2DF776D7A97B5933C430F15651E5469C55D70F80A4992A3ADC954792C525AE70A1E4D6AD9816CC044FEFDF01FE3FDE907802504B03041400060808007C8ED15C276904C0F20000008E0100
310
003D0000006662782F37364636333934342D453331312D344646322D413336372D3332393032444442463644382F7265736F75726365732F322F636F72652E786D6C8550CB6E833010FC15B4771E860225328E4AC21FF4D49B656F889560233FAA7E7EED844AEDA917AF353B33BB3BF4F8B5DEB34FB44E193D02292AC8500B
310
23955E4608FE92BF427664D41AE37FD120D37CC511120C8C2ED6846D8784D11E7542B591B883DC39F490897BFC8CE0C415575EF0E023C3DD8A8D8B1B5FB020C593C768084AEE5225A39BBA28B4C0C8799EA6B77AC8E7F4BC0CE7391FAAD39C93BEEFA6E634B46DDBD0328919F56AFD992E2C728F12585DD55D5E7591FF4EFA
310
434B0E6DFF41CBC464D4791B6FDE87A6EB229D964FF48F5BD8E4FF6E4169DFD4BBDB53E1E2FE71B94783D132A513CB23BA585392EC1B504B03041400060808007C8ED15CE12D413BF7000000960100003B0000006662782F37364636333934342D453331312D344646322D413336372D3332393032444442463644382F7265
310
736F75726365732F636F72652E786D6C8550CB6E833010FC15B4771E860225328E4AC21FF4D49B656F889560233FAA7E7EED844AEDA917AF353B3BBB33F4F8B5DEB34FB44E193D02292AC8500B23955E4608FE92BF427664D41AE37FD120D37CC511120C8C2ED6846D8784D11E7542B591B883DC39F490897BFC8CE0C41557
310
5EF0E023C3DD8A8D8B1B5FB020C593C768084AEEA34A46357551688191F33C4D6FF590CFE97919CE733E54A739277DDF4DCD6968DBB6A1651A66D4ABF567BBB0C83D4A6075557779D545FE3BE90F2D39B4FD072D139351E76DF4BC2F4DEE8059742658818E96CFEE1FD5B0C9FF5583D2BEA977D5E7848B3EE2918F06A3654A
310
29964784B1A644D937504B03041400060808007C8ED15CF692B4D7F3000000B1010000310000006662782F37364636333934342D453331312D344646322D413336372D3332393032444442463644382F636F72652E786D6C8D50CB6EC32010FC156BEFD8063B388930512BD75FD0536F08131725068B47D5CF2FC4AED4DE72
310
5A343BC3CC0EBB7C2FF7E24B39AFADE901973514CA483B6933F710C3151DA1B870E6AC0D7F685018B1A81E320C9CCDCEC67587A43541998C1A3BA91D14DEAB0085BCA7470F5E7EAA45942286C4F0B77215F2266655E272E37116F4F22B954E89A026E0A42614D514E1EE1D77E7033E1FBA0F5665266731EA69B7D25372D757
310
AD1CF08E8EB439B52D7A6B3046ED3812F4D2D00E35E4549361781DE97064551673E6834B37EF9FE4EB9E956FC27F99E33A3D91599BD090DD705378E038E5792C38AB7281693CDA4D3397CD7F00504B03041400060808007C8ED15CD9003DA751010000DD0200000C0000006662782F636F72652E786D6C8D52CB6E833010FC
310
15E43BCF845022E3A849F8839E7A738C43AD808D8C8DF2F95DF310E5D0B44232D6ECCEECCEC8F8F46C1B6FE0BA174A16280E22E471C95425645D206BEEFE1BF24E046BA5CC8F36E449DAF2023918115C6B65BB19624A1A2E1D2A55C56790F63D37C8630D5C0AD4B32FDED2805A031DFD23E8287BD09A077130F5116CADA866
310
AAA8404DDC05D788C4D7F27C7E4F72BF74C73EBF967E1E5D4A3FCEB2C37977C9D334DDE1D0910936A25DA633CDA9E1152249941CFCE800FD1F71764CE3639A7DE2D07512DC1B0D9EE7A1CE1D22F7DB138713BED1B35DF5B79E15D2EC92596F62F4E000D61B0B04872E1FF88DE16D3384C1909FA1B766B1F00068E0CC28BD87
310
4AA5EC5A1A6863394847DEF8E170AA82F228F09B4EF242E7B5060445650DAB5103D79B356EFA76A78E6B7F304F4F2ADDD2665D6E5A713DD7411B4B0B9DA946E9FFB017AB4B98A17B98E41B504B03041400060808007C8ED15CEA060FA007010000B201000008000000636F72652E786D6C8D50CB6EC32010FC15C4DD0FECDA
310
AE234C5427FE839E7AA386B82836583CA2F6EFBB24546A6FBDB06876766676E9F1735BD14D5AA78C1E30C94B8CA49E8D507A1970F097EC19A323A3D618FF8B8691E69B1C708431A38B35614FD06CB4973AA2DA089940EE9CF418CD2B7C06ECE60FB9F19C070F0C77CD773E5FF92273923F788C7AB5FD8CCE56722F05665559
310
B559D966A47B25DDA12187A67BA34564321A8212C94A09705717252D66E43C8DE34BD567537C9EFAF394F5E5690289AE1DEB53DF344D4D8B38CCA8F316764E2290D323C76FD197168F16A3EFC6AC8900A104327AFDC2ACA4456CFC091D76F18FD04AFBBA4A828F09079921D0BD01C6F18250EEE7851AAFCDBE01504B010214
310
001400060808007C8ED15C0000000000000000000000003700000000000000000000000000000000006662782F37364636333934342D453331312D344646322D413336372D3332393032444442463644382F617474726962757465732E62696E504B010214001400060808007C8ED15C000000000000000000000000350000
310
0000000000000000000000550000006662782F37364636333934342D453331312D344646322D413336372D3332393032444442463644382F76657274696365732E62696E504B010214001400060808007C8ED15CF270F13306000000040000003600000000000000000000000000A80000006662782F37364636333934342D
310
453331312D344646322D413336372D3332393032444442463644382F747269616E676C65732E62696E504B010214001400060808007C8ED15CB5A795FFE3790000DE7900004200000000000000000000000000020100006662782F37364636333934342D453331312D344646322D413336372D333239303244444246364438
310
2F7265736F75726365732F322F305F67656E657269632E706E67504B010214001400060808007C8ED15C51464CB489000000430100003600000000000000000000000000457B00006662782F37364636333934342D453331312D344646322D413336372D3332393032444442463644382F6469726563746F72792E786D6C50
310
4B010214001400060808007C8ED15C172F7B16390700004C1C00003400000000000000000000000000227C00006662782F37364636333934342D453331312D344646322D413336372D3332393032444442463644382F6F626A656374732E786D6C504B010214001400060808007C8ED15CEF395BE4E2000000550100003C00
310
000000000000000000000000AD8300006662782F37364636333934342D453331312D344646322D413336372D3332393032444442463644382F7265736F75726365732F322F636E782E786D6C504B010214001400060808007C8ED15CFF15A4A45D000000800000003A00000000000000000000000000E98400006662782F37
310
364636333934342D453331312D344646322D413336372D3332393032444442463644382F7265736F75726365732F636E782E786D6C504B010214001400060808007C8ED15CBBD74ED8430100005605000030000000000000000000000000009E8500006662782F37364636333934342D453331312D344646322D413336372D
310
3332393032444442463644382F636E782E786D6C504B010214001400060808007C8ED15C6F9D1EB27F000000A30000000B000000000000000000000000002F8700006662782F636E782E786D6C504B010214001400060808007C8ED15CA6D797065F000000820000000700000000000000000000000000D7870000636E782E
310
786D6C504B010214001400060808007C8ED15CECFD112DA80000002601000013000000000000000000000000005B8800005B436F6E74656E745F54797065735D2E786D6C504B010214001400060808007C8ED15C3DEE336E64000000790000001B00000000000000000000000000348900006175746F6465736B2D64657369
310
676E2D7061636B6167652E786D6C504B010214001400060808007C8ED15C276904C0F20000008E0100003D00000000000000000000000000D18900006662782F37364636333934342D453331312D344646322D413336372D3332393032444442463644382F7265736F75726365732F322F636F72652E786D6C504B01021400
310
1400060808007C8ED15CE12D413BF7000000960100003B000000000000000000000000001E8B00006662782F37364636333934342D453331312D344646322D413336372D3332393032444442463644382F7265736F75726365732F636F72652E786D6C504B010214001400060808007C8ED15CF692B4D7F3000000B1010000
310
31000000000000000000000000006E8C00006662782F37364636333934342D453331312D344646322D413336372D3332393032444442463644382F636F72652E786D6C504B010214001400060808007C8ED15CD9003DA751010000DD0200000C00000000000000000000000000B08D00006662782F636F72652E786D6C504B
310
010214001400060808007C8ED15CEA060FA007010000B201000008000000000000000000000000002B8F0000636F72652E786D6C504B050600000000120012002D060000589000000000
  0
XRECORD
  5
17
102
{ACAD_REACTORS
330
12
102
}
330
12
100
AcDbXrecord
280
     1
270
     1
271
     1
  0
XRECORD
  5
16
102
{ACAD_REACTORS
330
12
102
}
330
12
100
AcDbXrecord
280
     1
270
     1
271
     1
  0
XRECORD
  5
18
102
{ACAD_REACTORS
330
12
102
}
330
12
100
AcDbXrecord
280
     1
270
     1
271
     1
  0
XRECORD
  5
15
102
{ACAD_REACTORS
330
12
102
}
330
12
100
AcDbXrecord
280
     1
270
     1
271
     1
  0
XRECORD
  5
24
102
{ACAD_REACTORS
330
22
102
}
330
22
100
AcDbXrecord
280
     1
270
     1
271
     1
  0
XRECORD
  5
23
102
{ACAD_REACTORS
330
22
102
}
330
22
100
AcDbXrecord
280
     1
270
     1
271
     1
  0
XRECORD
  5
27
102
{ACAD_REACTORS
330
22
102
}
330
22
100
AcDbXrecord
280
     1
270
     1
271
     1
  0
XRECORD
  5
26
102
{ACAD_REACTORS
330
22
102
}
330
22
100
AcDbXrecord
280
     1
270
     1
271
     1
  0
XRECORD
  5
28
102
{ACAD_REACTORS
330
22
102
}
330
22
100
AcDbXrecord
280
     1
270
     1
271
     1
  0
XRECORD
  5
25
102
{ACAD_REACTORS
330
22
102
}
330
22
100
AcDbXrecord
280
     1
270
     1
271
     1
  0
CELLSTYLEMAP
  5
78C
102
{ACAD_REACTORS
330
78B
102
}
330
78B
100
AcDbCellStyleMap
 90
        3
300
CELLSTYLE
  1
TABLEFORMAT_BEGIN
 90
        5
170
     1
 91
        0
 92
    32768
 62
   257
 93
        1
300
CONTENTFORMAT
  1
CONTENTFORMAT_BEGIN
 90
        0
 91
        0
 92
      512
 93
        0
300

 40
0.0
140
1.0
 94
        5
 62
     0
340
55
144
0.25
309
CONTENTFORMAT_END
171
     0
 94
        0
309
TABLEFORMAT_END
  1
CELLSTYLE_BEGIN
 90
        1
 91
        1
300
_TITLE
309
CELLSTYLE_END
300
CELLSTYLE
  1
TABLEFORMAT_BEGIN
 90
        5
170
     1
 91
        0
 92
        0
 62
   257
 93
        1
300
CONTENTFORMAT
  1
CONTENTFORMAT_BEGIN
 90
        0
 91
        0
 92
      512
 93
        0
300

 40
0.0
140
1.0
 94
        5
 62
     0
340
55
144
0.18
309
CONTENTFORMAT_END
171
     0
 94
        0
309
TABLEFORMAT_END
  1
CELLSTYLE_BEGIN
 90
        2
 91
        1
300
_HEADER
309
CELLSTYLE_END
300
CELLSTYLE
  1
TABLEFORMAT_BEGIN
 90
        5
170
     1
 91
        0
 92
        0
 62
   257
 93
        1
300
CONTENTFORMAT
  1
CONTENTFORMAT_BEGIN
 90
        0
 91
        0
 92
      512
 93
        0
300

 40
0.0
140
1.0
 94
        2
 62
     0
340
55
144
0.18
309
CONTENTFORMAT_END
171
     0
 94
        0
309
TABLEFORMAT_END
  1
CELLSTYLE_BEGIN
 90
        3
 91
        2
300
_DATA
309
CELLSTYLE_END
  0
ENDSEC
  0
EOF
