ISO-10303-21;
HEADER;
/* Generated by software containing ST-Developer
 * from STEP Tools, Inc. (www.steptools.com) 
 */

FILE_DESCRIPTION(
/* description */ (''),
/* implementation_level */ '2;1');

FILE_NAME(
/* name */ 'FonrtMount.stp',
/* time_stamp */ '2026-04-14T20:37:09+02:00',
/* author */ ('szymo'),
/* organization */ (''),
/* preprocessor_version */ 'ST-DEVELOPER v20.1',
/* originating_system */ 'Autodesk Inventor 2026',
/* authorisation */ '');

FILE_SCHEMA (('AUTOMOTIVE_DESIGN { 1 0 10303 214 3 1 1 }'));
ENDSEC;

DATA;
#10=MECHANICAL_DESIGN_GEOMETRIC_PRESENTATION_REPRESENTATION('',(#13),#6953);
#11=SHAPE_REPRESENTATION_RELATIONSHIP('SRR','None',#6960,#12);
#12=ADVANCED_BREP_SHAPE_REPRESENTATION('',(#14),#6952);
#13=STYLED_ITEM('',(#6969),#14);
#14=MANIFOLD_SOLID_BREP('Solid2',#3939);
#15=TOROIDAL_SURFACE('',#4097,1.,0.5);
#16=TOROIDAL_SURFACE('',#4234,1.,0.5);
#17=(
BOUNDED_CURVE()
B_SPLINE_CURVE(2,(#5798,#5799,#5800),.UNSPECIFIED.,.F.,.F.)
B_SPLINE_CURVE_WITH_KNOTS((3,3),(0.242872867560493,0.929731072395739),
 .UNSPECIFIED.)
CURVE()
GEOMETRIC_REPRESENTATION_ITEM()
RATIONAL_B_SPLINE_CURVE((1.25806451612909,1.52764976958607,1.25806451612909))
REPRESENTATION_ITEM('')
);
#18=(
BOUNDED_CURVE()
B_SPLINE_CURVE(2,(#6036,#6037,#6038),.UNSPECIFIED.,.F.,.F.)
B_SPLINE_CURVE_WITH_KNOTS((3,3),(0.,0.301161031484405),.UNSPECIFIED.)
CURVE()
GEOMETRIC_REPRESENTATION_ITEM()
RATIONAL_B_SPLINE_CURVE((1.,1.1664502851734,1.))
REPRESENTATION_ITEM('')
);
#19=(
BOUNDED_CURVE()
B_SPLINE_CURVE(2,(#6039,#6040,#6041),.UNSPECIFIED.,.F.,.F.)
B_SPLINE_CURVE_WITH_KNOTS((3,3),(0.,0.301161031484405),.UNSPECIFIED.)
CURVE()
GEOMETRIC_REPRESENTATION_ITEM()
RATIONAL_B_SPLINE_CURVE((1.,1.16645028517348,1.))
REPRESENTATION_ITEM('')
);
#20=(
BOUNDED_CURVE()
B_SPLINE_CURVE(2,(#6352,#6353,#6354),.UNSPECIFIED.,.F.,.F.)
B_SPLINE_CURVE_WITH_KNOTS((3,3),(1.20916709231764,1.22603946346338),
 .UNSPECIFIED.)
CURVE()
GEOMETRIC_REPRESENTATION_ITEM()
RATIONAL_B_SPLINE_CURVE((1.04835652590134,1.02846939036778,1.00801784074068))
REPRESENTATION_ITEM('')
);
#21=(
BOUNDED_CURVE()
B_SPLINE_CURVE(2,(#6358,#6359,#6360),.UNSPECIFIED.,.F.,.F.)
B_SPLINE_CURVE_WITH_KNOTS((3,3),(0.00329843072134089,0.0201708018663778),
 .UNSPECIFIED.)
CURVE()
GEOMETRIC_REPRESENTATION_ITEM()
RATIONAL_B_SPLINE_CURVE((1.008017840741,1.02846939036724,1.04835652589999))
REPRESENTATION_ITEM('')
);
#22=(
BOUNDED_CURVE()
B_SPLINE_CURVE(2,(#6391,#6392,#6393),.UNSPECIFIED.,.F.,.F.)
B_SPLINE_CURVE_WITH_KNOTS((3,3),(0.00329843072134337,0.0201708018663734),
 .UNSPECIFIED.)
CURVE()
GEOMETRIC_REPRESENTATION_ITEM()
RATIONAL_B_SPLINE_CURVE((1.00801784074101,1.02846939036725,1.0483565259))
REPRESENTATION_ITEM('')
);
#23=(
BOUNDED_CURVE()
B_SPLINE_CURVE(2,(#6396,#6397,#6398),.UNSPECIFIED.,.F.,.F.)
B_SPLINE_CURVE_WITH_KNOTS((3,3),(1.20916709231719,1.22603946346292),
 .UNSPECIFIED.)
CURVE()
GEOMETRIC_REPRESENTATION_ITEM()
RATIONAL_B_SPLINE_CURVE((1.04835652590133,1.02846939036778,1.0080178407407))
REPRESENTATION_ITEM('')
);
#24=(
BOUNDED_CURVE()
B_SPLINE_CURVE(2,(#6829,#6830,#6831),.UNSPECIFIED.,.F.,.F.)
B_SPLINE_CURVE_WITH_KNOTS((3,3),(1.20916709231765,1.22603946346337),
 .UNSPECIFIED.)
CURVE()
GEOMETRIC_REPRESENTATION_ITEM()
RATIONAL_B_SPLINE_CURVE((1.04835652590132,1.02846939036777,1.00801784074069))
REPRESENTATION_ITEM('')
);
#25=(
BOUNDED_CURVE()
B_SPLINE_CURVE(2,(#6833,#6834,#6835),.UNSPECIFIED.,.F.,.F.)
B_SPLINE_CURVE_WITH_KNOTS((3,3),(0.00329843072134063,0.0201708018663769),
 .UNSPECIFIED.)
CURVE()
GEOMETRIC_REPRESENTATION_ITEM()
RATIONAL_B_SPLINE_CURVE((1.008017840741,1.02846939036724,1.04835652589999))
REPRESENTATION_ITEM('')
);
#26=(
BOUNDED_CURVE()
B_SPLINE_CURVE(2,(#6845,#6846,#6847),.UNSPECIFIED.,.F.,.F.)
B_SPLINE_CURVE_WITH_KNOTS((3,3),(1.20916709231719,1.22603946346293),
 .UNSPECIFIED.)
CURVE()
GEOMETRIC_REPRESENTATION_ITEM()
RATIONAL_B_SPLINE_CURVE((1.04835652590137,1.0284693903678,1.00801784074069))
REPRESENTATION_ITEM('')
);
#27=(
BOUNDED_CURVE()
B_SPLINE_CURVE(2,(#6861,#6862,#6863),.UNSPECIFIED.,.F.,.F.)
B_SPLINE_CURVE_WITH_KNOTS((3,3),(0.00329843072134308,0.0201708018663731),
 .UNSPECIFIED.)
CURVE()
GEOMETRIC_REPRESENTATION_ITEM()
RATIONAL_B_SPLINE_CURVE((1.00801784074101,1.02846939036725,1.0483565259))
REPRESENTATION_ITEM('')
);
#28=PLANE('',#3982);
#29=PLANE('',#3993);
#30=PLANE('',#4008);
#31=PLANE('',#4012);
#32=PLANE('',#4015);
#33=PLANE('',#4018);
#34=PLANE('',#4021);
#35=PLANE('',#4025);
#36=PLANE('',#4081);
#37=PLANE('',#4085);
#38=PLANE('',#4086);
#39=PLANE('',#4087);
#40=PLANE('',#4088);
#41=PLANE('',#4092);
#42=PLANE('',#4096);
#43=PLANE('',#4103);
#44=PLANE('',#4107);
#45=PLANE('',#4108);
#46=PLANE('',#4109);
#47=PLANE('',#4111);
#48=PLANE('',#4112);
#49=PLANE('',#4113);
#50=PLANE('',#4114);
#51=PLANE('',#4121);
#52=PLANE('',#4122);
#53=PLANE('',#4129);
#54=PLANE('',#4130);
#55=PLANE('',#4133);
#56=PLANE('',#4139);
#57=PLANE('',#4142);
#58=PLANE('',#4149);
#59=PLANE('',#4151);
#60=PLANE('',#4157);
#61=PLANE('',#4163);
#62=PLANE('',#4164);
#63=PLANE('',#4165);
#64=PLANE('',#4166);
#65=PLANE('',#4167);
#66=PLANE('',#4168);
#67=PLANE('',#4169);
#68=PLANE('',#4175);
#69=PLANE('',#4177);
#70=PLANE('',#4180);
#71=PLANE('',#4188);
#72=PLANE('',#4189);
#73=PLANE('',#4190);
#74=PLANE('',#4191);
#75=PLANE('',#4198);
#76=PLANE('',#4201);
#77=PLANE('',#4202);
#78=PLANE('',#4203);
#79=PLANE('',#4204);
#80=PLANE('',#4205);
#81=PLANE('',#4206);
#82=PLANE('',#4207);
#83=PLANE('',#4211);
#84=PLANE('',#4213);
#85=PLANE('',#4214);
#86=PLANE('',#4220);
#87=PLANE('',#4224);
#88=PLANE('',#4225);
#89=PLANE('',#4228);
#90=PLANE('',#4232);
#91=PLANE('',#4233);
#92=PLANE('',#4241);
#93=PLANE('',#4243);
#94=PLANE('',#4245);
#95=PLANE('',#4249);
#96=PLANE('',#4250);
#97=PLANE('',#4255);
#98=PLANE('',#4256);
#99=PLANE('',#4263);
#100=PLANE('',#4264);
#101=PLANE('',#4271);
#102=PLANE('',#4272);
#103=PLANE('',#4273);
#104=PLANE('',#4274);
#105=PLANE('',#4277);
#106=PLANE('',#4287);
#107=PLANE('',#4290);
#108=PLANE('',#4291);
#109=PLANE('',#4293);
#110=PLANE('',#4298);
#111=PLANE('',#4299);
#112=PLANE('',#4300);
#113=PLANE('',#4305);
#114=PLANE('',#4317);
#115=PLANE('',#4318);
#116=PLANE('',#4319);
#117=PLANE('',#4320);
#118=PLANE('',#4321);
#119=PLANE('',#4324);
#120=PLANE('',#4329);
#121=PLANE('',#4330);
#122=PLANE('',#4331);
#123=PLANE('',#4332);
#124=PLANE('',#4333);
#125=PLANE('',#4334);
#126=PLANE('',#4335);
#127=PLANE('',#4337);
#128=PLANE('',#4338);
#129=PLANE('',#4340);
#130=PLANE('',#4342);
#131=CONICAL_SURFACE('',#3977,2.425,0.785398163397448);
#132=CONICAL_SURFACE('',#4022,1.4795,0.785398163397477);
#133=CONICAL_SURFACE('',#4035,1.4795,0.785398163397476);
#134=CONICAL_SURFACE('',#4038,1.4795,0.785398163397477);
#135=CONICAL_SURFACE('',#4041,1.4795,0.785398163397474);
#136=CONICAL_SURFACE('',#4044,1.4795,0.785398163393182);
#137=CONICAL_SURFACE('',#4047,1.4795,0.785398163393182);
#138=CONICAL_SURFACE('',#4050,1.4795,0.785398163393181);
#139=CONICAL_SURFACE('',#4053,1.4795,0.785398163393182);
#140=CONICAL_SURFACE('',#4056,1.4795,0.785398163397474);
#141=CONICAL_SURFACE('',#4059,2.425,0.785398163397448);
#142=CONICAL_SURFACE('',#4063,2.425,0.785398163397448);
#143=CONICAL_SURFACE('',#4067,2.425,0.785398163397448);
#144=CONICAL_SURFACE('',#4077,2.425,0.785398163397448);
#145=CONICAL_SURFACE('',#4158,1.36475,0.785398163397448);
#146=CONICAL_SURFACE('',#4172,5.40000000000017,0.785398163397521);
#147=CONICAL_SURFACE('',#4178,5.40000000000017,0.785398163397943);
#148=CONICAL_SURFACE('',#4251,1.36475,0.785398163397448);
#149=CONICAL_SURFACE('',#4301,5.40000000000017,0.785398163397521);
#150=CONICAL_SURFACE('',#4306,5.40000000000017,0.785398163397943);
#151=FACE_BOUND('',#599,.T.);
#152=FACE_BOUND('',#602,.T.);
#153=FACE_BOUND('',#605,.T.);
#154=FACE_BOUND('',#606,.T.);
#155=FACE_BOUND('',#607,.T.);
#156=FACE_BOUND('',#608,.T.);
#157=FACE_BOUND('',#609,.T.);
#158=FACE_BOUND('',#610,.T.);
#159=FACE_BOUND('',#611,.T.);
#160=FACE_BOUND('',#612,.T.);
#161=FACE_BOUND('',#613,.T.);
#162=FACE_BOUND('',#625,.T.);
#163=FACE_BOUND('',#626,.T.);
#164=FACE_BOUND('',#627,.T.);
#165=FACE_BOUND('',#628,.T.);
#166=FACE_BOUND('',#629,.T.);
#167=FACE_BOUND('',#630,.T.);
#168=FACE_BOUND('',#631,.T.);
#169=FACE_BOUND('',#632,.T.);
#170=FACE_BOUND('',#633,.T.);
#171=FACE_BOUND('',#678,.T.);
#172=FACE_BOUND('',#679,.T.);
#173=FACE_BOUND('',#680,.T.);
#174=FACE_BOUND('',#681,.T.);
#175=FACE_BOUND('',#682,.T.);
#176=FACE_BOUND('',#687,.T.);
#177=FACE_BOUND('',#692,.T.);
#178=FACE_BOUND('',#698,.T.);
#179=FACE_BOUND('',#703,.T.);
#180=FACE_BOUND('',#708,.T.);
#181=FACE_BOUND('',#723,.T.);
#182=FACE_BOUND('',#724,.T.);
#183=FACE_BOUND('',#725,.T.);
#184=FACE_BOUND('',#726,.T.);
#185=FACE_BOUND('',#748,.T.);
#186=FACE_BOUND('',#754,.T.);
#187=FACE_BOUND('',#755,.T.);
#188=FACE_BOUND('',#756,.T.);
#189=FACE_BOUND('',#757,.T.);
#190=FACE_BOUND('',#762,.T.);
#191=FACE_BOUND('',#775,.T.);
#192=FACE_BOUND('',#782,.T.);
#193=FACE_BOUND('',#787,.T.);
#194=FACE_BOUND('',#795,.T.);
#195=FACE_BOUND('',#800,.T.);
#196=FACE_BOUND('',#805,.T.);
#197=FACE_BOUND('',#824,.T.);
#198=FACE_BOUND('',#825,.T.);
#199=FACE_BOUND('',#826,.T.);
#200=FACE_BOUND('',#827,.T.);
#201=FACE_BOUND('',#828,.T.);
#202=FACE_BOUND('',#829,.T.);
#203=ELLIPSE('',#3972,2.00121908859764,2.);
#204=ELLIPSE('',#3973,3.21550499355088,2.);
#205=ELLIPSE('',#3976,57.3074166956912,2.);
#206=ELLIPSE('',#3991,1.00060954429882,1.);
#207=ELLIPSE('',#3992,1.01154371030433,1.);
#208=ELLIPSE('',#3994,35.8171354348069,1.25);
#209=ELLIPSE('',#3995,35.8171354348069,1.25);
#210=ELLIPSE('',#4079,1.11803398874989,0.499999999999998);
#211=ELLIPSE('',#4080,0.707106781186548,0.5);
#212=ELLIPSE('',#4091,3.21550499355088,2.);
#213=ELLIPSE('',#4101,0.80387624838772,0.5);
#214=ELLIPSE('',#4102,0.638935880471581,0.5);
#215=ELLIPSE('',#4105,0.707106781186547,0.5);
#216=ELLIPSE('',#4106,0.707106781186548,0.5);
#217=ELLIPSE('',#4148,1.25076193037353,1.25);
#218=ELLIPSE('',#4184,2.82842712474619,2.);
#219=ELLIPSE('',#4186,2.82842712474619,2.);
#220=ELLIPSE('',#4193,4.53061236721045,4.50000000000015);
#221=ELLIPSE('',#4196,4.53061236721045,4.50000000000015);
#222=ELLIPSE('',#4223,3.21550499355088,2.);
#223=ELLIPSE('',#4231,1.41421356237309,1.);
#224=ELLIPSE('',#4239,0.80387624838772,0.5);
#225=ELLIPSE('',#4240,0.638935880471581,0.5);
#226=ELLIPSE('',#4244,3.21550499355088,2.);
#227=ELLIPSE('',#4247,2.00121908859764,2.);
#228=ELLIPSE('',#4248,57.3074166956912,2.);
#229=ELLIPSE('',#4285,1.25076193037353,1.25);
#230=ELLIPSE('',#4312,2.82842712474619,2.);
#231=ELLIPSE('',#4314,2.82842712474619,2.);
#232=ELLIPSE('',#4322,4.53061236721045,4.50000000000015);
#233=ELLIPSE('',#4323,4.53061236721045,4.50000000000015);
#234=B_SPLINE_SURFACE_WITH_KNOTS('',3,3,((#5534,#5535,#5536,#5537,#5538),
(#5539,#5540,#5541,#5542,#5543),(#5544,#5545,#5546,#5547,#5548),(#5549,
#5550,#5551,#5552,#5553),(#5554,#5555,#5556,#5557,#5558)),.UNSPECIFIED.,
 .F.,.F.,.F.,(4,1,4),(4,1,4),(0.,0.571428571428571,1.),(-0.733118119955088,
-0.68154818198344,-0.61278826468791),.UNSPECIFIED.);
#235=B_SPLINE_SURFACE_WITH_KNOTS('',3,3,((#5594,#5595,#5596,#5597,#5598),
(#5599,#5600,#5601,#5602,#5603),(#5604,#5605,#5606,#5607,#5608),(#5609,
#5610,#5611,#5612,#5613),(#5614,#5615,#5616,#5617,#5618)),.UNSPECIFIED.,
 .F.,.F.,.F.,(4,1,4),(4,1,4),(0.,0.571428571428571,1.),(-0.257185214278022,
-0.205615276306374,-0.136855359010844),.UNSPECIFIED.);
#236=B_SPLINE_SURFACE_WITH_KNOTS('',3,3,((#5628,#5629,#5630,#5631,#5632),
(#5633,#5634,#5635,#5636,#5637),(#5638,#5639,#5640,#5641,#5642),(#5643,
#5644,#5645,#5646,#5647)),.UNSPECIFIED.,.F.,.F.,.F.,(4,4),(4,1,4),(0.,1.),
(1.06871487620971,1.17364568290751,1.31355342517123),.UNSPECIFIED.);
#237=B_SPLINE_SURFACE_WITH_KNOTS('',3,3,((#6574,#6575,#6576,#6577,#6578),
(#6579,#6580,#6581,#6582,#6583),(#6584,#6585,#6586,#6587,#6588),(#6589,
#6590,#6591,#6592,#6593),(#6594,#6595,#6596,#6597,#6598)),.UNSPECIFIED.,
 .F.,.F.,.F.,(4,1,4),(4,1,4),(0.,0.5,1.),(0.,0.673198425769243,1.5707963267949),
 .UNSPECIFIED.);
#238=CIRCLE('',#3964,0.999999999999996);
#239=CIRCLE('',#3965,0.999999999999997);
#240=CIRCLE('',#3966,3.25);
#241=CIRCLE('',#3968,1.);
#242=CIRCLE('',#3969,1.);
#243=CIRCLE('',#3970,3.25);
#244=CIRCLE('',#3974,2.);
#245=CIRCLE('',#3975,2.);
#246=CIRCLE('',#3978,3.25);
#247=CIRCLE('',#3979,1.6);
#248=CIRCLE('',#3980,3.25);
#249=CIRCLE('',#3981,3.25);
#250=CIRCLE('',#3983,3.25);
#251=CIRCLE('',#3984,3.25);
#252=CIRCLE('',#3985,3.25);
#253=CIRCLE('',#3986,3.25);
#254=CIRCLE('',#3987,0.5);
#255=CIRCLE('',#3988,3.25);
#256=CIRCLE('',#3989,3.25);
#257=CIRCLE('',#3996,1.2295);
#258=CIRCLE('',#3997,1.2295);
#259=CIRCLE('',#3998,1.2295);
#260=CIRCLE('',#3999,1.2295);
#261=CIRCLE('',#4000,1.2295);
#262=CIRCLE('',#4001,1.2295);
#263=CIRCLE('',#4002,1.2295);
#264=CIRCLE('',#4003,1.2295);
#265=CIRCLE('',#4004,1.2295);
#266=CIRCLE('',#4006,1.);
#267=CIRCLE('',#4007,1.);
#268=CIRCLE('',#4009,1.);
#269=CIRCLE('',#4010,1.);
#270=CIRCLE('',#4011,1.);
#271=CIRCLE('',#4014,1.);
#272=CIRCLE('',#4017,1.);
#273=CIRCLE('',#4020,1.);
#274=CIRCLE('',#4023,1.7295);
#275=CIRCLE('',#4024,1.2295);
#276=CIRCLE('',#4026,1.7295);
#277=CIRCLE('',#4027,1.7295);
#278=CIRCLE('',#4028,1.7295);
#279=CIRCLE('',#4029,1.7295);
#280=CIRCLE('',#4030,1.7295);
#281=CIRCLE('',#4031,1.7295);
#282=CIRCLE('',#4032,1.7295);
#283=CIRCLE('',#4033,1.7295);
#284=CIRCLE('',#4036,1.2295);
#285=CIRCLE('',#4039,1.2295);
#286=CIRCLE('',#4042,1.2295);
#287=CIRCLE('',#4045,1.2295);
#288=CIRCLE('',#4048,1.2295);
#289=CIRCLE('',#4051,1.2295);
#290=CIRCLE('',#4054,1.2295);
#291=CIRCLE('',#4057,1.2295);
#292=CIRCLE('',#4060,1.6);
#293=CIRCLE('',#4062,1.6);
#294=CIRCLE('',#4064,1.6);
#295=CIRCLE('',#4066,1.6);
#296=CIRCLE('',#4068,1.6);
#297=CIRCLE('',#4070,1.6);
#298=CIRCLE('',#4072,1.6);
#299=CIRCLE('',#4074,1.6);
#300=CIRCLE('',#4075,1.6);
#301=CIRCLE('',#4076,1.6);
#302=CIRCLE('',#4083,2.);
#303=CIRCLE('',#4084,2.);
#304=CIRCLE('',#4090,2.);
#305=CIRCLE('',#4094,0.5);
#306=CIRCLE('',#4095,0.5);
#307=CIRCLE('',#4098,0.499999999999998);
#308=CIRCLE('',#4099,1.);
#309=CIRCLE('',#4110,0.5);
#310=CIRCLE('',#4115,2.25);
#311=CIRCLE('',#4116,2.);
#312=CIRCLE('',#4118,2.25);
#313=CIRCLE('',#4120,2.);
#314=CIRCLE('',#4123,2.25);
#315=CIRCLE('',#4124,2.);
#316=CIRCLE('',#4126,2.25);
#317=CIRCLE('',#4128,2.);
#318=CIRCLE('',#4131,1.25);
#319=CIRCLE('',#4132,1.25);
#320=CIRCLE('',#4134,1.5);
#321=CIRCLE('',#4135,1.25);
#322=CIRCLE('',#4137,1.5);
#323=CIRCLE('',#4140,1.25);
#324=CIRCLE('',#4141,1.25);
#325=CIRCLE('',#4143,1.5);
#326=CIRCLE('',#4144,1.25);
#327=CIRCLE('',#4146,1.5);
#328=CIRCLE('',#4150,1.25);
#329=CIRCLE('',#4152,1.5);
#330=CIRCLE('',#4153,1.25);
#331=CIRCLE('',#4155,1.5);
#332=CIRCLE('',#4159,1.5);
#333=CIRCLE('',#4160,1.2295);
#334=CIRCLE('',#4162,1.2295);
#335=CIRCLE('',#4170,2.);
#336=CIRCLE('',#4171,2.);
#337=CIRCLE('',#4173,5.55000000000018);
#338=CIRCLE('',#4174,5.25000000000017);
#339=CIRCLE('',#4176,5.55000000000017);
#340=CIRCLE('',#4179,5.25000000000017);
#341=CIRCLE('',#4182,5.25000000000017);
#342=CIRCLE('',#4194,4.50000000000015);
#343=CIRCLE('',#4197,4.50000000000015);
#344=CIRCLE('',#4200,5.25000000000017);
#345=CIRCLE('',#4209,2.);
#346=CIRCLE('',#4210,2.);
#347=CIRCLE('',#4212,2.);
#348=CIRCLE('',#4215,5.55000000000018);
#349=CIRCLE('',#4216,5.55000000000017);
#350=CIRCLE('',#4217,1.5);
#351=CIRCLE('',#4218,1.5);
#352=CIRCLE('',#4219,1.5);
#353=CIRCLE('',#4222,2.);
#354=CIRCLE('',#4226,2.);
#355=CIRCLE('',#4227,1.5);
#356=CIRCLE('',#4230,0.499999999999998);
#357=CIRCLE('',#4235,0.499999999999998);
#358=CIRCLE('',#4236,0.5);
#359=CIRCLE('',#4237,1.);
#360=CIRCLE('',#4252,1.2295);
#361=CIRCLE('',#4254,1.2295);
#362=CIRCLE('',#4257,2.25);
#363=CIRCLE('',#4258,2.);
#364=CIRCLE('',#4260,2.25);
#365=CIRCLE('',#4262,2.);
#366=CIRCLE('',#4265,2.25);
#367=CIRCLE('',#4266,2.);
#368=CIRCLE('',#4268,2.25);
#369=CIRCLE('',#4270,2.);
#370=CIRCLE('',#4275,1.25);
#371=CIRCLE('',#4276,1.25);
#372=CIRCLE('',#4278,1.5);
#373=CIRCLE('',#4279,1.25);
#374=CIRCLE('',#4283,1.25);
#375=CIRCLE('',#4284,1.25);
#376=CIRCLE('',#4286,1.25);
#377=CIRCLE('',#4288,1.5);
#378=CIRCLE('',#4292,1.25);
#379=CIRCLE('',#4294,1.5);
#380=CIRCLE('',#4295,1.25);
#381=CIRCLE('',#4302,5.25000000000017);
#382=CIRCLE('',#4304,5.25000000000017);
#383=CIRCLE('',#4307,5.25000000000017);
#384=CIRCLE('',#4309,5.25000000000017);
#385=CIRCLE('',#4311,2.);
#386=CIRCLE('',#4316,2.);
#387=CIRCLE('',#4326,4.50000000000015);
#388=CIRCLE('',#4328,4.50000000000015);
#389=CIRCLE('',#4336,14.6999999999999);
#390=CIRCLE('',#4339,14.6999999999999);
#391=FACE_OUTER_BOUND('',#592,.T.);
#392=FACE_OUTER_BOUND('',#593,.T.);
#393=FACE_OUTER_BOUND('',#594,.T.);
#394=FACE_OUTER_BOUND('',#595,.T.);
#395=FACE_OUTER_BOUND('',#596,.T.);
#396=FACE_OUTER_BOUND('',#597,.T.);
#397=FACE_OUTER_BOUND('',#598,.T.);
#398=FACE_OUTER_BOUND('',#600,.T.);
#399=FACE_OUTER_BOUND('',#601,.T.);
#400=FACE_OUTER_BOUND('',#603,.T.);
#401=FACE_OUTER_BOUND('',#604,.T.);
#402=FACE_OUTER_BOUND('',#614,.T.);
#403=FACE_OUTER_BOUND('',#615,.T.);
#404=FACE_OUTER_BOUND('',#616,.T.);
#405=FACE_OUTER_BOUND('',#617,.T.);
#406=FACE_OUTER_BOUND('',#618,.T.);
#407=FACE_OUTER_BOUND('',#619,.T.);
#408=FACE_OUTER_BOUND('',#620,.T.);
#409=FACE_OUTER_BOUND('',#621,.T.);
#410=FACE_OUTER_BOUND('',#622,.T.);
#411=FACE_OUTER_BOUND('',#623,.T.);
#412=FACE_OUTER_BOUND('',#624,.T.);
#413=FACE_OUTER_BOUND('',#634,.T.);
#414=FACE_OUTER_BOUND('',#635,.T.);
#415=FACE_OUTER_BOUND('',#636,.T.);
#416=FACE_OUTER_BOUND('',#637,.T.);
#417=FACE_OUTER_BOUND('',#638,.T.);
#418=FACE_OUTER_BOUND('',#639,.T.);
#419=FACE_OUTER_BOUND('',#640,.T.);
#420=FACE_OUTER_BOUND('',#641,.T.);
#421=FACE_OUTER_BOUND('',#642,.T.);
#422=FACE_OUTER_BOUND('',#643,.T.);
#423=FACE_OUTER_BOUND('',#644,.T.);
#424=FACE_OUTER_BOUND('',#645,.T.);
#425=FACE_OUTER_BOUND('',#646,.T.);
#426=FACE_OUTER_BOUND('',#647,.T.);
#427=FACE_OUTER_BOUND('',#648,.T.);
#428=FACE_OUTER_BOUND('',#649,.T.);
#429=FACE_OUTER_BOUND('',#650,.T.);
#430=FACE_OUTER_BOUND('',#651,.T.);
#431=FACE_OUTER_BOUND('',#652,.T.);
#432=FACE_OUTER_BOUND('',#653,.T.);
#433=FACE_OUTER_BOUND('',#654,.T.);
#434=FACE_OUTER_BOUND('',#655,.T.);
#435=FACE_OUTER_BOUND('',#656,.T.);
#436=FACE_OUTER_BOUND('',#657,.T.);
#437=FACE_OUTER_BOUND('',#658,.T.);
#438=FACE_OUTER_BOUND('',#659,.T.);
#439=FACE_OUTER_BOUND('',#660,.T.);
#440=FACE_OUTER_BOUND('',#661,.T.);
#441=FACE_OUTER_BOUND('',#662,.T.);
#442=FACE_OUTER_BOUND('',#663,.T.);
#443=FACE_OUTER_BOUND('',#664,.T.);
#444=FACE_OUTER_BOUND('',#665,.T.);
#445=FACE_OUTER_BOUND('',#666,.T.);
#446=FACE_OUTER_BOUND('',#667,.T.);
#447=FACE_OUTER_BOUND('',#668,.T.);
#448=FACE_OUTER_BOUND('',#669,.T.);
#449=FACE_OUTER_BOUND('',#670,.T.);
#450=FACE_OUTER_BOUND('',#671,.T.);
#451=FACE_OUTER_BOUND('',#672,.T.);
#452=FACE_OUTER_BOUND('',#673,.T.);
#453=FACE_OUTER_BOUND('',#674,.T.);
#454=FACE_OUTER_BOUND('',#675,.T.);
#455=FACE_OUTER_BOUND('',#676,.T.);
#456=FACE_OUTER_BOUND('',#677,.T.);
#457=FACE_OUTER_BOUND('',#683,.T.);
#458=FACE_OUTER_BOUND('',#684,.T.);
#459=FACE_OUTER_BOUND('',#685,.T.);
#460=FACE_OUTER_BOUND('',#686,.T.);
#461=FACE_OUTER_BOUND('',#688,.T.);
#462=FACE_OUTER_BOUND('',#689,.T.);
#463=FACE_OUTER_BOUND('',#690,.T.);
#464=FACE_OUTER_BOUND('',#691,.T.);
#465=FACE_OUTER_BOUND('',#693,.T.);
#466=FACE_OUTER_BOUND('',#694,.T.);
#467=FACE_OUTER_BOUND('',#695,.T.);
#468=FACE_OUTER_BOUND('',#696,.T.);
#469=FACE_OUTER_BOUND('',#697,.T.);
#470=FACE_OUTER_BOUND('',#699,.T.);
#471=FACE_OUTER_BOUND('',#700,.T.);
#472=FACE_OUTER_BOUND('',#701,.T.);
#473=FACE_OUTER_BOUND('',#702,.T.);
#474=FACE_OUTER_BOUND('',#704,.T.);
#475=FACE_OUTER_BOUND('',#705,.T.);
#476=FACE_OUTER_BOUND('',#706,.T.);
#477=FACE_OUTER_BOUND('',#707,.T.);
#478=FACE_OUTER_BOUND('',#709,.T.);
#479=FACE_OUTER_BOUND('',#710,.T.);
#480=FACE_OUTER_BOUND('',#711,.T.);
#481=FACE_OUTER_BOUND('',#712,.T.);
#482=FACE_OUTER_BOUND('',#713,.T.);
#483=FACE_OUTER_BOUND('',#714,.T.);
#484=FACE_OUTER_BOUND('',#715,.T.);
#485=FACE_OUTER_BOUND('',#716,.T.);
#486=FACE_OUTER_BOUND('',#717,.T.);
#487=FACE_OUTER_BOUND('',#718,.T.);
#488=FACE_OUTER_BOUND('',#719,.T.);
#489=FACE_OUTER_BOUND('',#720,.T.);
#490=FACE_OUTER_BOUND('',#721,.T.);
#491=FACE_OUTER_BOUND('',#722,.T.);
#492=FACE_OUTER_BOUND('',#727,.T.);
#493=FACE_OUTER_BOUND('',#728,.T.);
#494=FACE_OUTER_BOUND('',#729,.T.);
#495=FACE_OUTER_BOUND('',#730,.T.);
#496=FACE_OUTER_BOUND('',#731,.T.);
#497=FACE_OUTER_BOUND('',#732,.T.);
#498=FACE_OUTER_BOUND('',#733,.T.);
#499=FACE_OUTER_BOUND('',#734,.T.);
#500=FACE_OUTER_BOUND('',#735,.T.);
#501=FACE_OUTER_BOUND('',#736,.T.);
#502=FACE_OUTER_BOUND('',#737,.T.);
#503=FACE_OUTER_BOUND('',#738,.T.);
#504=FACE_OUTER_BOUND('',#739,.T.);
#505=FACE_OUTER_BOUND('',#740,.T.);
#506=FACE_OUTER_BOUND('',#741,.T.);
#507=FACE_OUTER_BOUND('',#742,.T.);
#508=FACE_OUTER_BOUND('',#743,.T.);
#509=FACE_OUTER_BOUND('',#744,.T.);
#510=FACE_OUTER_BOUND('',#745,.T.);
#511=FACE_OUTER_BOUND('',#746,.T.);
#512=FACE_OUTER_BOUND('',#747,.T.);
#513=FACE_OUTER_BOUND('',#749,.T.);
#514=FACE_OUTER_BOUND('',#750,.T.);
#515=FACE_OUTER_BOUND('',#751,.T.);
#516=FACE_OUTER_BOUND('',#752,.T.);
#517=FACE_OUTER_BOUND('',#753,.T.);
#518=FACE_OUTER_BOUND('',#758,.T.);
#519=FACE_OUTER_BOUND('',#759,.T.);
#520=FACE_OUTER_BOUND('',#760,.T.);
#521=FACE_OUTER_BOUND('',#761,.T.);
#522=FACE_OUTER_BOUND('',#763,.T.);
#523=FACE_OUTER_BOUND('',#764,.T.);
#524=FACE_OUTER_BOUND('',#765,.T.);
#525=FACE_OUTER_BOUND('',#766,.T.);
#526=FACE_OUTER_BOUND('',#767,.T.);
#527=FACE_OUTER_BOUND('',#768,.T.);
#528=FACE_OUTER_BOUND('',#769,.T.);
#529=FACE_OUTER_BOUND('',#770,.T.);
#530=FACE_OUTER_BOUND('',#771,.T.);
#531=FACE_OUTER_BOUND('',#772,.T.);
#532=FACE_OUTER_BOUND('',#773,.T.);
#533=FACE_OUTER_BOUND('',#774,.T.);
#534=FACE_OUTER_BOUND('',#776,.T.);
#535=FACE_OUTER_BOUND('',#777,.T.);
#536=FACE_OUTER_BOUND('',#778,.T.);
#537=FACE_OUTER_BOUND('',#779,.T.);
#538=FACE_OUTER_BOUND('',#780,.T.);
#539=FACE_OUTER_BOUND('',#781,.T.);
#540=FACE_OUTER_BOUND('',#783,.T.);
#541=FACE_OUTER_BOUND('',#784,.T.);
#542=FACE_OUTER_BOUND('',#785,.T.);
#543=FACE_OUTER_BOUND('',#786,.T.);
#544=FACE_OUTER_BOUND('',#788,.T.);
#545=FACE_OUTER_BOUND('',#789,.T.);
#546=FACE_OUTER_BOUND('',#790,.T.);
#547=FACE_OUTER_BOUND('',#791,.T.);
#548=FACE_OUTER_BOUND('',#792,.T.);
#549=FACE_OUTER_BOUND('',#793,.T.);
#550=FACE_OUTER_BOUND('',#794,.T.);
#551=FACE_OUTER_BOUND('',#796,.T.);
#552=FACE_OUTER_BOUND('',#797,.T.);
#553=FACE_OUTER_BOUND('',#798,.T.);
#554=FACE_OUTER_BOUND('',#799,.T.);
#555=FACE_OUTER_BOUND('',#801,.T.);
#556=FACE_OUTER_BOUND('',#802,.T.);
#557=FACE_OUTER_BOUND('',#803,.T.);
#558=FACE_OUTER_BOUND('',#804,.T.);
#559=FACE_OUTER_BOUND('',#806,.T.);
#560=FACE_OUTER_BOUND('',#807,.T.);
#561=FACE_OUTER_BOUND('',#808,.T.);
#562=FACE_OUTER_BOUND('',#809,.T.);
#563=FACE_OUTER_BOUND('',#810,.T.);
#564=FACE_OUTER_BOUND('',#811,.T.);
#565=FACE_OUTER_BOUND('',#812,.T.);
#566=FACE_OUTER_BOUND('',#813,.T.);
#567=FACE_OUTER_BOUND('',#814,.T.);
#568=FACE_OUTER_BOUND('',#815,.T.);
#569=FACE_OUTER_BOUND('',#816,.T.);
#570=FACE_OUTER_BOUND('',#817,.T.);
#571=FACE_OUTER_BOUND('',#818,.T.);
#572=FACE_OUTER_BOUND('',#819,.T.);
#573=FACE_OUTER_BOUND('',#820,.T.);
#574=FACE_OUTER_BOUND('',#821,.T.);
#575=FACE_OUTER_BOUND('',#822,.T.);
#576=FACE_OUTER_BOUND('',#823,.T.);
#577=FACE_OUTER_BOUND('',#830,.T.);
#578=FACE_OUTER_BOUND('',#831,.T.);
#579=FACE_OUTER_BOUND('',#832,.T.);
#580=FACE_OUTER_BOUND('',#833,.T.);
#581=FACE_OUTER_BOUND('',#834,.T.);
#582=FACE_OUTER_BOUND('',#835,.T.);
#583=FACE_OUTER_BOUND('',#836,.T.);
#584=FACE_OUTER_BOUND('',#837,.T.);
#585=FACE_OUTER_BOUND('',#838,.T.);
#586=FACE_OUTER_BOUND('',#839,.T.);
#587=FACE_OUTER_BOUND('',#840,.T.);
#588=FACE_OUTER_BOUND('',#841,.T.);
#589=FACE_OUTER_BOUND('',#842,.T.);
#590=FACE_OUTER_BOUND('',#843,.T.);
#591=FACE_OUTER_BOUND('',#844,.T.);
#592=EDGE_LOOP('',(#2522,#2523,#2524,#2525,#2526));
#593=EDGE_LOOP('',(#2527,#2528,#2529,#2530,#2531));
#594=EDGE_LOOP('',(#2532,#2533,#2534,#2535));
#595=EDGE_LOOP('',(#2536,#2537,#2538,#2539));
#596=EDGE_LOOP('',(#2540,#2541,#2542,#2543));
#597=EDGE_LOOP('',(#2544,#2545,#2546,#2547));
#598=EDGE_LOOP('',(#2548,#2549,#2550,#2551,#2552,#2553,#2554,#2555,#2556,
#2557,#2558));
#599=EDGE_LOOP('',(#2559,#2560,#2561));
#600=EDGE_LOOP('',(#2562,#2563,#2564,#2565,#2566,#2567,#2568,#2569,#2570));
#601=EDGE_LOOP('',(#2571,#2572,#2573,#2574,#2575,#2576,#2577,#2578,#2579,
#2580,#2581,#2582,#2583,#2584,#2585,#2586,#2587,#2588,#2589,#2590,#2591,
#2592,#2593,#2594,#2595,#2596));
#602=EDGE_LOOP('',(#2597));
#603=EDGE_LOOP('',(#2598,#2599,#2600,#2601));
#604=EDGE_LOOP('',(#2602,#2603,#2604,#2605,#2606,#2607,#2608,#2609,#2610,
#2611,#2612,#2613,#2614,#2615));
#605=EDGE_LOOP('',(#2616));
#606=EDGE_LOOP('',(#2617));
#607=EDGE_LOOP('',(#2618));
#608=EDGE_LOOP('',(#2619));
#609=EDGE_LOOP('',(#2620));
#610=EDGE_LOOP('',(#2621));
#611=EDGE_LOOP('',(#2622));
#612=EDGE_LOOP('',(#2623));
#613=EDGE_LOOP('',(#2624));
#614=EDGE_LOOP('',(#2625,#2626,#2627,#2628));
#615=EDGE_LOOP('',(#2629,#2630,#2631,#2632,#2633,#2634,#2635,#2636,#2637,
#2638,#2639,#2640,#2641,#2642,#2643,#2644));
#616=EDGE_LOOP('',(#2645,#2646,#2647,#2648));
#617=EDGE_LOOP('',(#2649,#2650,#2651,#2652));
#618=EDGE_LOOP('',(#2653,#2654,#2655,#2656));
#619=EDGE_LOOP('',(#2657,#2658,#2659,#2660));
#620=EDGE_LOOP('',(#2661,#2662,#2663,#2664));
#621=EDGE_LOOP('',(#2665,#2666,#2667,#2668));
#622=EDGE_LOOP('',(#2669,#2670,#2671,#2672,#2673,#2674,#2675));
#623=EDGE_LOOP('',(#2676,#2677,#2678,#2679));
#624=EDGE_LOOP('',(#2680,#2681,#2682,#2683,#2684,#2685,#2686,#2687,#2688,
#2689,#2690,#2691));
#625=EDGE_LOOP('',(#2692));
#626=EDGE_LOOP('',(#2693));
#627=EDGE_LOOP('',(#2694));
#628=EDGE_LOOP('',(#2695));
#629=EDGE_LOOP('',(#2696));
#630=EDGE_LOOP('',(#2697));
#631=EDGE_LOOP('',(#2698));
#632=EDGE_LOOP('',(#2699));
#633=EDGE_LOOP('',(#2700));
#634=EDGE_LOOP('',(#2701,#2702,#2703,#2704));
#635=EDGE_LOOP('',(#2705,#2706,#2707,#2708));
#636=EDGE_LOOP('',(#2709,#2710,#2711,#2712));
#637=EDGE_LOOP('',(#2713,#2714,#2715,#2716));
#638=EDGE_LOOP('',(#2717,#2718,#2719,#2720));
#639=EDGE_LOOP('',(#2721,#2722,#2723,#2724));
#640=EDGE_LOOP('',(#2725,#2726,#2727,#2728));
#641=EDGE_LOOP('',(#2729,#2730,#2731,#2732));
#642=EDGE_LOOP('',(#2733,#2734,#2735,#2736));
#643=EDGE_LOOP('',(#2737,#2738,#2739,#2740));
#644=EDGE_LOOP('',(#2741,#2742,#2743,#2744));
#645=EDGE_LOOP('',(#2745,#2746,#2747,#2748));
#646=EDGE_LOOP('',(#2749,#2750,#2751,#2752));
#647=EDGE_LOOP('',(#2753,#2754,#2755,#2756));
#648=EDGE_LOOP('',(#2757,#2758,#2759,#2760));
#649=EDGE_LOOP('',(#2761,#2762,#2763,#2764));
#650=EDGE_LOOP('',(#2765,#2766,#2767,#2768));
#651=EDGE_LOOP('',(#2769,#2770,#2771,#2772,#2773,#2774,#2775,#2776));
#652=EDGE_LOOP('',(#2777,#2778,#2779,#2780));
#653=EDGE_LOOP('',(#2781,#2782,#2783,#2784));
#654=EDGE_LOOP('',(#2785,#2786,#2787,#2788));
#655=EDGE_LOOP('',(#2789,#2790,#2791,#2792,#2793));
#656=EDGE_LOOP('',(#2794,#2795,#2796,#2797));
#657=EDGE_LOOP('',(#2798,#2799,#2800,#2801));
#658=EDGE_LOOP('',(#2802,#2803,#2804,#2805,#2806,#2807,#2808,#2809));
#659=EDGE_LOOP('',(#2810,#2811,#2812,#2813,#2814));
#660=EDGE_LOOP('',(#2815,#2816,#2817,#2818,#2819,#2820));
#661=EDGE_LOOP('',(#2821,#2822,#2823,#2824,#2825));
#662=EDGE_LOOP('',(#2826,#2827,#2828,#2829));
#663=EDGE_LOOP('',(#2830,#2831,#2832,#2833,#2834));
#664=EDGE_LOOP('',(#2835,#2836,#2837,#2838));
#665=EDGE_LOOP('',(#2839,#2840,#2841,#2842,#2843,#2844,#2845));
#666=EDGE_LOOP('',(#2846,#2847,#2848,#2849));
#667=EDGE_LOOP('',(#2850,#2851,#2852,#2853,#2854));
#668=EDGE_LOOP('',(#2855,#2856,#2857,#2858));
#669=EDGE_LOOP('',(#2859,#2860,#2861,#2862,#2863,#2864));
#670=EDGE_LOOP('',(#2865,#2866,#2867,#2868,#2869,#2870));
#671=EDGE_LOOP('',(#2871,#2872,#2873,#2874));
#672=EDGE_LOOP('',(#2875,#2876,#2877,#2878,#2879));
#673=EDGE_LOOP('',(#2880,#2881,#2882,#2883,#2884,#2885));
#674=EDGE_LOOP('',(#2886,#2887,#2888,#2889));
#675=EDGE_LOOP('',(#2890,#2891,#2892,#2893));
#676=EDGE_LOOP('',(#2894,#2895,#2896,#2897));
#677=EDGE_LOOP('',(#2898,#2899,#2900,#2901,#2902,#2903,#2904,#2905,#2906,
#2907,#2908,#2909,#2910,#2911,#2912,#2913,#2914,#2915));
#678=EDGE_LOOP('',(#2916));
#679=EDGE_LOOP('',(#2917));
#680=EDGE_LOOP('',(#2918));
#681=EDGE_LOOP('',(#2919));
#682=EDGE_LOOP('',(#2920));
#683=EDGE_LOOP('',(#2921,#2922,#2923,#2924,#2925,#2926));
#684=EDGE_LOOP('',(#2927,#2928,#2929,#2930,#2931));
#685=EDGE_LOOP('',(#2932,#2933,#2934,#2935,#2936));
#686=EDGE_LOOP('',(#2937));
#687=EDGE_LOOP('',(#2938));
#688=EDGE_LOOP('',(#2939,#2940,#2941,#2942));
#689=EDGE_LOOP('',(#2943,#2944,#2945,#2946));
#690=EDGE_LOOP('',(#2947));
#691=EDGE_LOOP('',(#2948));
#692=EDGE_LOOP('',(#2949));
#693=EDGE_LOOP('',(#2950,#2951,#2952,#2953));
#694=EDGE_LOOP('',(#2954,#2955,#2956,#2957));
#695=EDGE_LOOP('',(#2958));
#696=EDGE_LOOP('',(#2959,#2960,#2961,#2962));
#697=EDGE_LOOP('',(#2963));
#698=EDGE_LOOP('',(#2964));
#699=EDGE_LOOP('',(#2965,#2966,#2967,#2968));
#700=EDGE_LOOP('',(#2969,#2970,#2971,#2972,#2973,#2974,#2975,#2976,#2977));
#701=EDGE_LOOP('',(#2978,#2979,#2980));
#702=EDGE_LOOP('',(#2981));
#703=EDGE_LOOP('',(#2982));
#704=EDGE_LOOP('',(#2983,#2984,#2985,#2986));
#705=EDGE_LOOP('',(#2987,#2988,#2989,#2990,#2991,#2992,#2993,#2994));
#706=EDGE_LOOP('',(#2995,#2996));
#707=EDGE_LOOP('',(#2997));
#708=EDGE_LOOP('',(#2998));
#709=EDGE_LOOP('',(#2999,#3000,#3001,#3002));
#710=EDGE_LOOP('',(#3003,#3004,#3005,#3006,#3007,#3008));
#711=EDGE_LOOP('',(#3009,#3010,#3011,#3012));
#712=EDGE_LOOP('',(#3013,#3014,#3015,#3016));
#713=EDGE_LOOP('',(#3017,#3018,#3019,#3020));
#714=EDGE_LOOP('',(#3021));
#715=EDGE_LOOP('',(#3022,#3023,#3024,#3025,#3026,#3027,#3028,#3029));
#716=EDGE_LOOP('',(#3030,#3031,#3032,#3033));
#717=EDGE_LOOP('',(#3034,#3035,#3036,#3037));
#718=EDGE_LOOP('',(#3038,#3039,#3040,#3041,#3042,#3043,#3044,#3045));
#719=EDGE_LOOP('',(#3046,#3047,#3048,#3049,#3050,#3051,#3052,#3053));
#720=EDGE_LOOP('',(#3054,#3055,#3056,#3057,#3058,#3059,#3060,#3061,#3062,
#3063,#3064,#3065));
#721=EDGE_LOOP('',(#3066,#3067,#3068,#3069));
#722=EDGE_LOOP('',(#3070,#3071,#3072,#3073,#3074,#3075,#3076,#3077,#3078,
#3079,#3080,#3081,#3082,#3083,#3084,#3085,#3086));
#723=EDGE_LOOP('',(#3087));
#724=EDGE_LOOP('',(#3088));
#725=EDGE_LOOP('',(#3089));
#726=EDGE_LOOP('',(#3090,#3091,#3092,#3093));
#727=EDGE_LOOP('',(#3094,#3095,#3096,#3097,#3098,#3099,#3100,#3101,#3102,
#3103));
#728=EDGE_LOOP('',(#3104,#3105,#3106,#3107));
#729=EDGE_LOOP('',(#3108,#3109,#3110,#3111,#3112,#3113,#3114,#3115,#3116,
#3117));
#730=EDGE_LOOP('',(#3118,#3119,#3120,#3121));
#731=EDGE_LOOP('',(#3122,#3123,#3124,#3125));
#732=EDGE_LOOP('',(#3126,#3127,#3128,#3129));
#733=EDGE_LOOP('',(#3130,#3131,#3132,#3133));
#734=EDGE_LOOP('',(#3134,#3135,#3136,#3137,#3138,#3139,#3140,#3141,#3142));
#735=EDGE_LOOP('',(#3143,#3144,#3145,#3146,#3147,#3148,#3149));
#736=EDGE_LOOP('',(#3150,#3151,#3152,#3153,#3154,#3155,#3156,#3157));
#737=EDGE_LOOP('',(#3158,#3159,#3160,#3161,#3162,#3163));
#738=EDGE_LOOP('',(#3164,#3165,#3166,#3167));
#739=EDGE_LOOP('',(#3168,#3169,#3170,#3171));
#740=EDGE_LOOP('',(#3172,#3173,#3174,#3175));
#741=EDGE_LOOP('',(#3176,#3177,#3178,#3179));
#742=EDGE_LOOP('',(#3180,#3181,#3182,#3183));
#743=EDGE_LOOP('',(#3184,#3185,#3186,#3187,#3188,#3189,#3190,#3191,#3192,
#3193));
#744=EDGE_LOOP('',(#3194,#3195,#3196,#3197,#3198,#3199));
#745=EDGE_LOOP('',(#3200,#3201,#3202,#3203));
#746=EDGE_LOOP('',(#3204,#3205,#3206,#3207));
#747=EDGE_LOOP('',(#3208,#3209,#3210,#3211,#3212,#3213,#3214,#3215,#3216,
#3217,#3218));
#748=EDGE_LOOP('',(#3219));
#749=EDGE_LOOP('',(#3220,#3221,#3222,#3223,#3224,#3225,#3226));
#750=EDGE_LOOP('',(#3227,#3228,#3229,#3230));
#751=EDGE_LOOP('',(#3231,#3232,#3233,#3234,#3235));
#752=EDGE_LOOP('',(#3236,#3237,#3238,#3239));
#753=EDGE_LOOP('',(#3240,#3241,#3242,#3243,#3244,#3245,#3246,#3247,#3248,
#3249,#3250,#3251,#3252,#3253,#3254,#3255,#3256));
#754=EDGE_LOOP('',(#3257,#3258,#3259,#3260));
#755=EDGE_LOOP('',(#3261));
#756=EDGE_LOOP('',(#3262));
#757=EDGE_LOOP('',(#3263));
#758=EDGE_LOOP('',(#3264,#3265,#3266,#3267));
#759=EDGE_LOOP('',(#3268,#3269,#3270,#3271,#3272));
#760=EDGE_LOOP('',(#3273,#3274,#3275,#3276));
#761=EDGE_LOOP('',(#3277,#3278,#3279,#3280,#3281,#3282,#3283,#3284,#3285,
#3286,#3287));
#762=EDGE_LOOP('',(#3288));
#763=EDGE_LOOP('',(#3289,#3290,#3291,#3292));
#764=EDGE_LOOP('',(#3293,#3294,#3295,#3296));
#765=EDGE_LOOP('',(#3297,#3298,#3299,#3300));
#766=EDGE_LOOP('',(#3301,#3302,#3303,#3304,#3305,#3306,#3307,#3308,#3309,
#3310));
#767=EDGE_LOOP('',(#3311,#3312,#3313,#3314,#3315));
#768=EDGE_LOOP('',(#3316,#3317,#3318,#3319));
#769=EDGE_LOOP('',(#3320,#3321,#3322,#3323,#3324));
#770=EDGE_LOOP('',(#3325,#3326,#3327,#3328,#3329,#3330,#3331));
#771=EDGE_LOOP('',(#3332,#3333,#3334,#3335,#3336,#3337));
#772=EDGE_LOOP('',(#3338,#3339,#3340,#3341,#3342,#3343));
#773=EDGE_LOOP('',(#3344,#3345,#3346,#3347,#3348,#3349));
#774=EDGE_LOOP('',(#3350,#3351,#3352,#3353,#3354,#3355,#3356,#3357,#3358,
#3359,#3360));
#775=EDGE_LOOP('',(#3361,#3362,#3363));
#776=EDGE_LOOP('',(#3364,#3365,#3366,#3367,#3368));
#777=EDGE_LOOP('',(#3369,#3370,#3371,#3372,#3373));
#778=EDGE_LOOP('',(#3374,#3375,#3376,#3377));
#779=EDGE_LOOP('',(#3378,#3379,#3380,#3381));
#780=EDGE_LOOP('',(#3382));
#781=EDGE_LOOP('',(#3383));
#782=EDGE_LOOP('',(#3384));
#783=EDGE_LOOP('',(#3385,#3386,#3387,#3388));
#784=EDGE_LOOP('',(#3389,#3390,#3391,#3392));
#785=EDGE_LOOP('',(#3393));
#786=EDGE_LOOP('',(#3394));
#787=EDGE_LOOP('',(#3395));
#788=EDGE_LOOP('',(#3396,#3397,#3398,#3399));
#789=EDGE_LOOP('',(#3400,#3401,#3402,#3403));
#790=EDGE_LOOP('',(#3404));
#791=EDGE_LOOP('',(#3405,#3406,#3407,#3408,#3409,#3410,#3411,#3412));
#792=EDGE_LOOP('',(#3413,#3414,#3415,#3416,#3417,#3418,#3419));
#793=EDGE_LOOP('',(#3420,#3421,#3422,#3423,#3424));
#794=EDGE_LOOP('',(#3425));
#795=EDGE_LOOP('',(#3426));
#796=EDGE_LOOP('',(#3427,#3428,#3429,#3430));
#797=EDGE_LOOP('',(#3431,#3432,#3433,#3434,#3435,#3436,#3437,#3438,#3439));
#798=EDGE_LOOP('',(#3440,#3441,#3442,#3443,#3444,#3445,#3446,#3447));
#799=EDGE_LOOP('',(#3448));
#800=EDGE_LOOP('',(#3449));
#801=EDGE_LOOP('',(#3450,#3451,#3452,#3453));
#802=EDGE_LOOP('',(#3454,#3455,#3456));
#803=EDGE_LOOP('',(#3457,#3458));
#804=EDGE_LOOP('',(#3459));
#805=EDGE_LOOP('',(#3460));
#806=EDGE_LOOP('',(#3461,#3462,#3463,#3464));
#807=EDGE_LOOP('',(#3465,#3466,#3467,#3468,#3469,#3470));
#808=EDGE_LOOP('',(#3471,#3472,#3473,#3474,#3475,#3476,#3477,#3478,#3479));
#809=EDGE_LOOP('',(#3480,#3481,#3482,#3483));
#810=EDGE_LOOP('',(#3484,#3485,#3486,#3487));
#811=EDGE_LOOP('',(#3488,#3489,#3490,#3491));
#812=EDGE_LOOP('',(#3492,#3493,#3494,#3495));
#813=EDGE_LOOP('',(#3496,#3497,#3498,#3499,#3500,#3501,#3502,#3503,#3504,
#3505));
#814=EDGE_LOOP('',(#3506,#3507,#3508,#3509));
#815=EDGE_LOOP('',(#3510,#3511,#3512,#3513));
#816=EDGE_LOOP('',(#3514,#3515,#3516,#3517));
#817=EDGE_LOOP('',(#3518,#3519,#3520,#3521));
#818=EDGE_LOOP('',(#3522,#3523,#3524,#3525));
#819=EDGE_LOOP('',(#3526,#3527,#3528,#3529,#3530,#3531,#3532,#3533));
#820=EDGE_LOOP('',(#3534,#3535,#3536,#3537,#3538,#3539,#3540,#3541,#3542,
#3543,#3544,#3545));
#821=EDGE_LOOP('',(#3546,#3547,#3548,#3549));
#822=EDGE_LOOP('',(#3550,#3551,#3552,#3553,#3554,#3555));
#823=EDGE_LOOP('',(#3556,#3557,#3558,#3559,#3560,#3561,#3562,#3563,#3564,
#3565,#3566,#3567,#3568,#3569,#3570,#3571,#3572));
#824=EDGE_LOOP('',(#3573));
#825=EDGE_LOOP('',(#3574));
#826=EDGE_LOOP('',(#3575,#3576,#3577,#3578));
#827=EDGE_LOOP('',(#3579));
#828=EDGE_LOOP('',(#3580));
#829=EDGE_LOOP('',(#3581,#3582,#3583,#3584));
#830=EDGE_LOOP('',(#3585,#3586,#3587,#3588));
#831=EDGE_LOOP('',(#3589,#3590,#3591,#3592));
#832=EDGE_LOOP('',(#3593,#3594,#3595,#3596));
#833=EDGE_LOOP('',(#3597,#3598,#3599,#3600));
#834=EDGE_LOOP('',(#3601,#3602,#3603,#3604));
#835=EDGE_LOOP('',(#3605,#3606,#3607,#3608,#3609,#3610,#3611,#3612,#3613,
#3614));
#836=EDGE_LOOP('',(#3615,#3616,#3617,#3618));
#837=EDGE_LOOP('',(#3619,#3620,#3621,#3622,#3623,#3624,#3625));
#838=EDGE_LOOP('',(#3626,#3627,#3628,#3629,#3630,#3631,#3632,#3633));
#839=EDGE_LOOP('',(#3634,#3635,#3636,#3637,#3638));
#840=EDGE_LOOP('',(#3639,#3640,#3641,#3642,#3643,#3644,#3645,#3646));
#841=EDGE_LOOP('',(#3647,#3648,#3649,#3650,#3651));
#842=EDGE_LOOP('',(#3652,#3653,#3654,#3655,#3656,#3657));
#843=EDGE_LOOP('',(#3658,#3659,#3660,#3661));
#844=EDGE_LOOP('',(#3662,#3663,#3664,#3665));
#845=LINE('',#5485,#1200);
#846=LINE('',#5506,#1201);
#847=LINE('',#5515,#1202);
#848=LINE('',#5519,#1203);
#849=LINE('',#5590,#1204);
#850=LINE('',#5593,#1205);
#851=LINE('',#5660,#1206);
#852=LINE('',#5664,#1207);
#853=LINE('',#5668,#1208);
#854=LINE('',#5672,#1209);
#855=LINE('',#5676,#1210);
#856=LINE('',#5735,#1211);
#857=LINE('',#5748,#1212);
#858=LINE('',#5750,#1213);
#859=LINE('',#5752,#1214);
#860=LINE('',#5756,#1215);
#861=LINE('',#5760,#1216);
#862=LINE('',#5762,#1217);
#863=LINE('',#5764,#1218);
#864=LINE('',#5766,#1219);
#865=LINE('',#5768,#1220);
#866=LINE('',#5770,#1221);
#867=LINE('',#5772,#1222);
#868=LINE('',#5774,#1223);
#869=LINE('',#5775,#1224);
#870=LINE('',#5783,#1225);
#871=LINE('',#5786,#1226);
#872=LINE('',#5791,#1227);
#873=LINE('',#5793,#1228);
#874=LINE('',#5794,#1229);
#875=LINE('',#5796,#1230);
#876=LINE('',#5824,#1231);
#877=LINE('',#5827,#1232);
#878=LINE('',#5830,#1233);
#879=LINE('',#5834,#1234);
#880=LINE('',#5838,#1235);
#881=LINE('',#5842,#1236);
#882=LINE('',#5844,#1237);
#883=LINE('',#5846,#1238);
#884=LINE('',#5848,#1239);
#885=LINE('',#5850,#1240);
#886=LINE('',#5852,#1241);
#887=LINE('',#5854,#1242);
#888=LINE('',#5856,#1243);
#889=LINE('',#5857,#1244);
#890=LINE('',#5860,#1245);
#891=LINE('',#5861,#1246);
#892=LINE('',#5865,#1247);
#893=LINE('',#5868,#1248);
#894=LINE('',#5869,#1249);
#895=LINE('',#5873,#1250);
#896=LINE('',#5876,#1251);
#897=LINE('',#5877,#1252);
#898=LINE('',#5881,#1253);
#899=LINE('',#5884,#1254);
#900=LINE('',#5886,#1255);
#901=LINE('',#5888,#1256);
#902=LINE('',#5890,#1257);
#903=LINE('',#5891,#1258);
#904=LINE('',#5896,#1259);
#905=LINE('',#5900,#1260);
#906=LINE('',#5902,#1261);
#907=LINE('',#5904,#1262);
#908=LINE('',#5905,#1263);
#909=LINE('',#5923,#1264);
#910=LINE('',#5926,#1265);
#911=LINE('',#5929,#1266);
#912=LINE('',#5932,#1267);
#913=LINE('',#5935,#1268);
#914=LINE('',#5938,#1269);
#915=LINE('',#5941,#1270);
#916=LINE('',#5945,#1271);
#917=LINE('',#5947,#1272);
#918=LINE('',#5951,#1273);
#919=LINE('',#5953,#1274);
#920=LINE('',#5957,#1275);
#921=LINE('',#5959,#1276);
#922=LINE('',#5963,#1277);
#923=LINE('',#5965,#1278);
#924=LINE('',#5968,#1279);
#925=LINE('',#5971,#1280);
#926=LINE('',#5974,#1281);
#927=LINE('',#5978,#1282);
#928=LINE('',#5982,#1283);
#929=LINE('',#5986,#1284);
#930=LINE('',#5990,#1285);
#931=LINE('',#5994,#1286);
#932=LINE('',#5998,#1287);
#933=LINE('',#6003,#1288);
#934=LINE('',#6007,#1289);
#935=LINE('',#6012,#1290);
#936=LINE('',#6044,#1291);
#937=LINE('',#6048,#1292);
#938=LINE('',#6051,#1293);
#939=LINE('',#6053,#1294);
#940=LINE('',#6059,#1295);
#941=LINE('',#6062,#1296);
#942=LINE('',#6065,#1297);
#943=LINE('',#6066,#1298);
#944=LINE('',#6067,#1299);
#945=LINE('',#6070,#1300);
#946=LINE('',#6072,#1301);
#947=LINE('',#6073,#1302);
#948=LINE('',#6076,#1303);
#949=LINE('',#6078,#1304);
#950=LINE('',#6080,#1305);
#951=LINE('',#6081,#1306);
#952=LINE('',#6083,#1307);
#953=LINE('',#6089,#1308);
#954=LINE('',#6097,#1309);
#955=LINE('',#6100,#1310);
#956=LINE('',#6102,#1311);
#957=LINE('',#6103,#1312);
#958=LINE('',#6106,#1313);
#959=LINE('',#6110,#1314);
#960=LINE('',#6113,#1315);
#961=LINE('',#6115,#1316);
#962=LINE('',#6116,#1317);
#963=LINE('',#6137,#1318);
#964=LINE('',#6140,#1319);
#965=LINE('',#6142,#1320);
#966=LINE('',#6143,#1321);
#967=LINE('',#6149,#1322);
#968=LINE('',#6152,#1323);
#969=LINE('',#6154,#1324);
#970=LINE('',#6155,#1325);
#971=LINE('',#6157,#1326);
#972=LINE('',#6160,#1327);
#973=LINE('',#6162,#1328);
#974=LINE('',#6164,#1329);
#975=LINE('',#6166,#1330);
#976=LINE('',#6168,#1331);
#977=LINE('',#6172,#1332);
#978=LINE('',#6174,#1333);
#979=LINE('',#6176,#1334);
#980=LINE('',#6178,#1335);
#981=LINE('',#6179,#1336);
#982=LINE('',#6181,#1337);
#983=LINE('',#6183,#1338);
#984=LINE('',#6185,#1339);
#985=LINE('',#6186,#1340);
#986=LINE('',#6189,#1341);
#987=LINE('',#6190,#1342);
#988=LINE('',#6191,#1343);
#989=LINE('',#6194,#1344);
#990=LINE('',#6195,#1345);
#991=LINE('',#6198,#1346);
#992=LINE('',#6199,#1347);
#993=LINE('',#6208,#1348);
#994=LINE('',#6211,#1349);
#995=LINE('',#6222,#1350);
#996=LINE('',#6225,#1351);
#997=LINE('',#6233,#1352);
#998=LINE('',#6242,#1353);
#999=LINE('',#6244,#1354);
#1000=LINE('',#6245,#1355);
#1001=LINE('',#6249,#1356);
#1002=LINE('',#6261,#1357);
#1003=LINE('',#6263,#1358);
#1004=LINE('',#6265,#1359);
#1005=LINE('',#6268,#1360);
#1006=LINE('',#6279,#1361);
#1007=LINE('',#6281,#1362);
#1008=LINE('',#6285,#1363);
#1009=LINE('',#6287,#1364);
#1010=LINE('',#6289,#1365);
#1011=LINE('',#6290,#1366);
#1012=LINE('',#6295,#1367);
#1013=LINE('',#6299,#1368);
#1014=LINE('',#6303,#1369);
#1015=LINE('',#6306,#1370);
#1016=LINE('',#6307,#1371);
#1017=LINE('',#6310,#1372);
#1018=LINE('',#6312,#1373);
#1019=LINE('',#6313,#1374);
#1020=LINE('',#6316,#1375);
#1021=LINE('',#6318,#1376);
#1022=LINE('',#6319,#1377);
#1023=LINE('',#6321,#1378);
#1024=LINE('',#6323,#1379);
#1025=LINE('',#6325,#1380);
#1026=LINE('',#6326,#1381);
#1027=LINE('',#6330,#1382);
#1028=LINE('',#6334,#1383);
#1029=LINE('',#6336,#1384);
#1030=LINE('',#6338,#1385);
#1031=LINE('',#6339,#1386);
#1032=LINE('',#6341,#1387);
#1033=LINE('',#6343,#1388);
#1034=LINE('',#6347,#1389);
#1035=LINE('',#6348,#1390);
#1036=LINE('',#6364,#1391);
#1037=LINE('',#6365,#1392);
#1038=LINE('',#6367,#1393);
#1039=LINE('',#6368,#1394);
#1040=LINE('',#6369,#1395);
#1041=LINE('',#6370,#1396);
#1042=LINE('',#6372,#1397);
#1043=LINE('',#6375,#1398);
#1044=LINE('',#6378,#1399);
#1045=LINE('',#6380,#1400);
#1046=LINE('',#6382,#1401);
#1047=LINE('',#6384,#1402);
#1048=LINE('',#6386,#1403);
#1049=LINE('',#6388,#1404);
#1050=LINE('',#6390,#1405);
#1051=LINE('',#6402,#1406);
#1052=LINE('',#6404,#1407);
#1053=LINE('',#6406,#1408);
#1054=LINE('',#6408,#1409);
#1055=LINE('',#6410,#1410);
#1056=LINE('',#6412,#1411);
#1057=LINE('',#6413,#1412);
#1058=LINE('',#6417,#1413);
#1059=LINE('',#6419,#1414);
#1060=LINE('',#6423,#1415);
#1061=LINE('',#6426,#1416);
#1062=LINE('',#6427,#1417);
#1063=LINE('',#6429,#1418);
#1064=LINE('',#6431,#1419);
#1065=LINE('',#6434,#1420);
#1066=LINE('',#6435,#1421);
#1067=LINE('',#6437,#1422);
#1068=LINE('',#6451,#1423);
#1069=LINE('',#6453,#1424);
#1070=LINE('',#6454,#1425);
#1071=LINE('',#6457,#1426);
#1072=LINE('',#6458,#1427);
#1073=LINE('',#6460,#1428);
#1074=LINE('',#6463,#1429);
#1075=LINE('',#6464,#1430);
#1076=LINE('',#6466,#1431);
#1077=LINE('',#6472,#1432);
#1078=LINE('',#6475,#1433);
#1079=LINE('',#6478,#1434);
#1080=LINE('',#6482,#1435);
#1081=LINE('',#6483,#1436);
#1082=LINE('',#6487,#1437);
#1083=LINE('',#6488,#1438);
#1084=LINE('',#6489,#1439);
#1085=LINE('',#6491,#1440);
#1086=LINE('',#6493,#1441);
#1087=LINE('',#6495,#1442);
#1088=LINE('',#6497,#1443);
#1089=LINE('',#6499,#1444);
#1090=LINE('',#6500,#1445);
#1091=LINE('',#6502,#1446);
#1092=LINE('',#6504,#1447);
#1093=LINE('',#6506,#1448);
#1094=LINE('',#6508,#1449);
#1095=LINE('',#6510,#1450);
#1096=LINE('',#6512,#1451);
#1097=LINE('',#6514,#1452);
#1098=LINE('',#6515,#1453);
#1099=LINE('',#6520,#1454);
#1100=LINE('',#6523,#1455);
#1101=LINE('',#6536,#1456);
#1102=LINE('',#6544,#1457);
#1103=LINE('',#6546,#1458);
#1104=LINE('',#6547,#1459);
#1105=LINE('',#6550,#1460);
#1106=LINE('',#6554,#1461);
#1107=LINE('',#6556,#1462);
#1108=LINE('',#6558,#1463);
#1109=LINE('',#6560,#1464);
#1110=LINE('',#6562,#1465);
#1111=LINE('',#6563,#1466);
#1112=LINE('',#6568,#1467);
#1113=LINE('',#6569,#1468);
#1114=LINE('',#6572,#1469);
#1115=LINE('',#6610,#1470);
#1116=LINE('',#6612,#1471);
#1117=LINE('',#6613,#1472);
#1118=LINE('',#6615,#1473);
#1119=LINE('',#6638,#1474);
#1120=LINE('',#6640,#1475);
#1121=LINE('',#6643,#1476);
#1122=LINE('',#6644,#1477);
#1123=LINE('',#6646,#1478);
#1124=LINE('',#6647,#1479);
#1125=LINE('',#6650,#1480);
#1126=LINE('',#6653,#1481);
#1127=LINE('',#6655,#1482);
#1128=LINE('',#6656,#1483);
#1129=LINE('',#6675,#1484);
#1130=LINE('',#6676,#1485);
#1131=LINE('',#6720,#1486);
#1132=LINE('',#6724,#1487);
#1133=LINE('',#6735,#1488);
#1134=LINE('',#6738,#1489);
#1135=LINE('',#6749,#1490);
#1136=LINE('',#6752,#1491);
#1137=LINE('',#6757,#1492);
#1138=LINE('',#6759,#1493);
#1139=LINE('',#6761,#1494);
#1140=LINE('',#6763,#1495);
#1141=LINE('',#6765,#1496);
#1142=LINE('',#6767,#1497);
#1143=LINE('',#6768,#1498);
#1144=LINE('',#6771,#1499);
#1145=LINE('',#6772,#1500);
#1146=LINE('',#6773,#1501);
#1147=LINE('',#6776,#1502);
#1148=LINE('',#6786,#1503);
#1149=LINE('',#6788,#1504);
#1150=LINE('',#6789,#1505);
#1151=LINE('',#6794,#1506);
#1152=LINE('',#6802,#1507);
#1153=LINE('',#6812,#1508);
#1154=LINE('',#6814,#1509);
#1155=LINE('',#6817,#1510);
#1156=LINE('',#6818,#1511);
#1157=LINE('',#6821,#1512);
#1158=LINE('',#6823,#1513);
#1159=LINE('',#6824,#1514);
#1160=LINE('',#6826,#1515);
#1161=LINE('',#6839,#1516);
#1162=LINE('',#6842,#1517);
#1163=LINE('',#6849,#1518);
#1164=LINE('',#6851,#1519);
#1165=LINE('',#6853,#1520);
#1166=LINE('',#6855,#1521);
#1167=LINE('',#6857,#1522);
#1168=LINE('',#6858,#1523);
#1169=LINE('',#6867,#1524);
#1170=LINE('',#6872,#1525);
#1171=LINE('',#6877,#1526);
#1172=LINE('',#6882,#1527);
#1173=LINE('',#6885,#1528);
#1174=LINE('',#6887,#1529);
#1175=LINE('',#6888,#1530);
#1176=LINE('',#6889,#1531);
#1177=LINE('',#6892,#1532);
#1178=LINE('',#6894,#1533);
#1179=LINE('',#6896,#1534);
#1180=LINE('',#6897,#1535);
#1181=LINE('',#6899,#1536);
#1182=LINE('',#6901,#1537);
#1183=LINE('',#6904,#1538);
#1184=LINE('',#6905,#1539);
#1185=LINE('',#6906,#1540);
#1186=LINE('',#6910,#1541);
#1187=LINE('',#6914,#1542);
#1188=LINE('',#6915,#1543);
#1189=LINE('',#6918,#1544);
#1190=LINE('',#6923,#1545);
#1191=LINE('',#6925,#1546);
#1192=LINE('',#6927,#1547);
#1193=LINE('',#6931,#1548);
#1194=LINE('',#6932,#1549);
#1195=LINE('',#6934,#1550);
#1196=LINE('',#6939,#1551);
#1197=LINE('',#6941,#1552);
#1198=LINE('',#6944,#1553);
#1199=LINE('',#6948,#1554);
#1200=VECTOR('',#4347,10.);
#1201=VECTOR('',#4348,10.);
#1202=VECTOR('',#4351,10.);
#1203=VECTOR('',#4354,10.);
#1204=VECTOR('',#4361,10.);
#1205=VECTOR('',#4364,10.);
#1206=VECTOR('',#4371,10.);
#1207=VECTOR('',#4374,10.);
#1208=VECTOR('',#4377,10.);
#1209=VECTOR('',#4380,10.);
#1210=VECTOR('',#4383,10.);
#1211=VECTOR('',#4390,2.425);
#1212=VECTOR('',#4407,10.);
#1213=VECTOR('',#4408,10.);
#1214=VECTOR('',#4409,10.);
#1215=VECTOR('',#4412,10.);
#1216=VECTOR('',#4415,10.);
#1217=VECTOR('',#4416,10.);
#1218=VECTOR('',#4417,10.);
#1219=VECTOR('',#4418,10.);
#1220=VECTOR('',#4419,10.);
#1221=VECTOR('',#4420,10.);
#1222=VECTOR('',#4421,10.);
#1223=VECTOR('',#4422,10.);
#1224=VECTOR('',#4423,10.);
#1225=VECTOR('',#4430,10.);
#1226=VECTOR('',#4433,10.);
#1227=VECTOR('',#4438,10.);
#1228=VECTOR('',#4439,10.);
#1229=VECTOR('',#4440,10.);
#1230=VECTOR('',#4441,10.);
#1231=VECTOR('',#4466,10.);
#1232=VECTOR('',#4469,10.);
#1233=VECTOR('',#4472,10.);
#1234=VECTOR('',#4475,10.);
#1235=VECTOR('',#4478,10.);
#1236=VECTOR('',#4481,10.);
#1237=VECTOR('',#4482,10.);
#1238=VECTOR('',#4483,10.);
#1239=VECTOR('',#4484,10.);
#1240=VECTOR('',#4485,10.);
#1241=VECTOR('',#4486,10.);
#1242=VECTOR('',#4487,10.);
#1243=VECTOR('',#4488,10.);
#1244=VECTOR('',#4489,10.);
#1245=VECTOR('',#4492,10.);
#1246=VECTOR('',#4493,10.);
#1247=VECTOR('',#4498,10.);
#1248=VECTOR('',#4501,10.);
#1249=VECTOR('',#4502,10.);
#1250=VECTOR('',#4507,10.);
#1251=VECTOR('',#4510,10.);
#1252=VECTOR('',#4511,10.);
#1253=VECTOR('',#4516,10.);
#1254=VECTOR('',#4519,10.);
#1255=VECTOR('',#4520,10.);
#1256=VECTOR('',#4521,10.);
#1257=VECTOR('',#4522,10.);
#1258=VECTOR('',#4523,10.);
#1259=VECTOR('',#4528,1.4795);
#1260=VECTOR('',#4533,10.);
#1261=VECTOR('',#4534,10.);
#1262=VECTOR('',#4535,10.);
#1263=VECTOR('',#4536,10.);
#1264=VECTOR('',#4555,1.2295);
#1265=VECTOR('',#4558,1.4795);
#1266=VECTOR('',#4563,1.2295);
#1267=VECTOR('',#4566,1.4795);
#1268=VECTOR('',#4571,1.2295);
#1269=VECTOR('',#4574,1.4795);
#1270=VECTOR('',#4579,1.2295);
#1271=VECTOR('',#4584,1.4795);
#1272=VECTOR('',#4587,1.2295);
#1273=VECTOR('',#4592,1.4795);
#1274=VECTOR('',#4595,1.2295);
#1275=VECTOR('',#4600,1.4795);
#1276=VECTOR('',#4603,1.2295);
#1277=VECTOR('',#4608,1.4795);
#1278=VECTOR('',#4611,1.2295);
#1279=VECTOR('',#4614,1.4795);
#1280=VECTOR('',#4619,1.2295);
#1281=VECTOR('',#4622,2.425);
#1282=VECTOR('',#4627,1.6);
#1283=VECTOR('',#4632,2.425);
#1284=VECTOR('',#4637,1.6);
#1285=VECTOR('',#4642,2.425);
#1286=VECTOR('',#4647,1.6);
#1287=VECTOR('',#4652,1.6);
#1288=VECTOR('',#4657,10.);
#1289=VECTOR('',#4660,1.6);
#1290=VECTOR('',#4665,10.);
#1291=VECTOR('',#4670,10.);
#1292=VECTOR('',#4673,10.);
#1293=VECTOR('',#4676,10.);
#1294=VECTOR('',#4679,10.);
#1295=VECTOR('',#4684,10.);
#1296=VECTOR('',#4687,10.);
#1297=VECTOR('',#4690,10.);
#1298=VECTOR('',#4691,10.);
#1299=VECTOR('',#4692,10.);
#1300=VECTOR('',#4695,10.);
#1301=VECTOR('',#4696,10.);
#1302=VECTOR('',#4697,10.);
#1303=VECTOR('',#4700,10.);
#1304=VECTOR('',#4701,10.);
#1305=VECTOR('',#4702,10.);
#1306=VECTOR('',#4703,10.);
#1307=VECTOR('',#4706,10.);
#1308=VECTOR('',#4711,10.);
#1309=VECTOR('',#4714,10.);
#1310=VECTOR('',#4717,10.);
#1311=VECTOR('',#4718,10.);
#1312=VECTOR('',#4719,10.);
#1313=VECTOR('',#4722,10.);
#1314=VECTOR('',#4725,10.);
#1315=VECTOR('',#4730,10.);
#1316=VECTOR('',#4731,10.);
#1317=VECTOR('',#4732,10.);
#1318=VECTOR('',#4745,10.);
#1319=VECTOR('',#4748,10.);
#1320=VECTOR('',#4749,10.);
#1321=VECTOR('',#4750,10.);
#1322=VECTOR('',#4755,10.);
#1323=VECTOR('',#4758,10.);
#1324=VECTOR('',#4761,10.);
#1325=VECTOR('',#4762,10.);
#1326=VECTOR('',#4765,10.);
#1327=VECTOR('',#4768,10.);
#1328=VECTOR('',#4769,10.);
#1329=VECTOR('',#4770,10.);
#1330=VECTOR('',#4771,10.);
#1331=VECTOR('',#4772,10.);
#1332=VECTOR('',#4775,10.);
#1333=VECTOR('',#4776,10.);
#1334=VECTOR('',#4777,10.);
#1335=VECTOR('',#4778,10.);
#1336=VECTOR('',#4779,10.);
#1337=VECTOR('',#4780,10.);
#1338=VECTOR('',#4781,10.);
#1339=VECTOR('',#4782,10.);
#1340=VECTOR('',#4783,10.);
#1341=VECTOR('',#4786,10.);
#1342=VECTOR('',#4787,10.);
#1343=VECTOR('',#4788,10.);
#1344=VECTOR('',#4791,10.);
#1345=VECTOR('',#4792,10.);
#1346=VECTOR('',#4795,10.);
#1347=VECTOR('',#4796,10.);
#1348=VECTOR('',#4807,2.25);
#1349=VECTOR('',#4810,2.);
#1350=VECTOR('',#4825,2.25);
#1351=VECTOR('',#4828,2.);
#1352=VECTOR('',#4839,10.);
#1353=VECTOR('',#4850,1.5);
#1354=VECTOR('',#4853,1.25);
#1355=VECTOR('',#4854,10.);
#1356=VECTOR('',#4857,10.);
#1357=VECTOR('',#4872,1.5);
#1358=VECTOR('',#4875,1.25);
#1359=VECTOR('',#4876,10.);
#1360=VECTOR('',#4879,10.);
#1361=VECTOR('',#4894,1.5);
#1362=VECTOR('',#4897,1.25);
#1363=VECTOR('',#4900,10.);
#1364=VECTOR('',#4901,10.);
#1365=VECTOR('',#4902,10.);
#1366=VECTOR('',#4903,10.);
#1367=VECTOR('',#4908,1.36475);
#1368=VECTOR('',#4913,1.2295);
#1369=VECTOR('',#4920,10.);
#1370=VECTOR('',#4923,10.);
#1371=VECTOR('',#4924,10.);
#1372=VECTOR('',#4927,10.);
#1373=VECTOR('',#4928,10.);
#1374=VECTOR('',#4929,10.);
#1375=VECTOR('',#4932,10.);
#1376=VECTOR('',#4933,10.);
#1377=VECTOR('',#4934,10.);
#1378=VECTOR('',#4937,10.);
#1379=VECTOR('',#4938,10.);
#1380=VECTOR('',#4939,10.);
#1381=VECTOR('',#4940,10.);
#1382=VECTOR('',#4943,10.);
#1383=VECTOR('',#4946,10.);
#1384=VECTOR('',#4947,10.);
#1385=VECTOR('',#4948,10.);
#1386=VECTOR('',#4949,10.);
#1387=VECTOR('',#4950,10.);
#1388=VECTOR('',#4951,10.);
#1389=VECTOR('',#4954,10.);
#1390=VECTOR('',#4955,10.);
#1391=VECTOR('',#4964,10.);
#1392=VECTOR('',#4965,10.);
#1393=VECTOR('',#4966,10.);
#1394=VECTOR('',#4967,10.);
#1395=VECTOR('',#4968,10.);
#1396=VECTOR('',#4969,10.);
#1397=VECTOR('',#4970,10.);
#1398=VECTOR('',#4973,10.);
#1399=VECTOR('',#4976,10.);
#1400=VECTOR('',#4977,10.);
#1401=VECTOR('',#4978,10.);
#1402=VECTOR('',#4979,10.);
#1403=VECTOR('',#4980,10.);
#1404=VECTOR('',#4981,10.);
#1405=VECTOR('',#4982,10.);
#1406=VECTOR('',#4989,10.);
#1407=VECTOR('',#4990,10.);
#1408=VECTOR('',#4991,10.);
#1409=VECTOR('',#4992,10.);
#1410=VECTOR('',#4993,10.);
#1411=VECTOR('',#4994,10.);
#1412=VECTOR('',#4995,10.);
#1413=VECTOR('',#5002,10.);
#1414=VECTOR('',#5003,10.);
#1415=VECTOR('',#5008,10.);
#1416=VECTOR('',#5013,10.);
#1417=VECTOR('',#5014,10.);
#1418=VECTOR('',#5017,10.);
#1419=VECTOR('',#5020,10.);
#1420=VECTOR('',#5023,10.);
#1421=VECTOR('',#5024,10.);
#1422=VECTOR('',#5027,10.);
#1423=VECTOR('',#5052,10.);
#1424=VECTOR('',#5053,10.);
#1425=VECTOR('',#5054,10.);
#1426=VECTOR('',#5057,10.);
#1427=VECTOR('',#5058,10.);
#1428=VECTOR('',#5061,10.);
#1429=VECTOR('',#5064,10.);
#1430=VECTOR('',#5065,10.);
#1431=VECTOR('',#5068,10.);
#1432=VECTOR('',#5073,10.);
#1433=VECTOR('',#5076,10.);
#1434=VECTOR('',#5079,10.);
#1435=VECTOR('',#5082,10.);
#1436=VECTOR('',#5083,10.);
#1437=VECTOR('',#5086,10.);
#1438=VECTOR('',#5087,10.);
#1439=VECTOR('',#5088,10.);
#1440=VECTOR('',#5091,10.);
#1441=VECTOR('',#5092,10.);
#1442=VECTOR('',#5093,10.);
#1443=VECTOR('',#5094,10.);
#1444=VECTOR('',#5095,10.);
#1445=VECTOR('',#5096,10.);
#1446=VECTOR('',#5097,10.);
#1447=VECTOR('',#5098,10.);
#1448=VECTOR('',#5099,10.);
#1449=VECTOR('',#5100,10.);
#1450=VECTOR('',#5101,10.);
#1451=VECTOR('',#5102,10.);
#1452=VECTOR('',#5103,10.);
#1453=VECTOR('',#5104,10.);
#1454=VECTOR('',#5107,10.);
#1455=VECTOR('',#5110,10.);
#1456=VECTOR('',#5123,10.);
#1457=VECTOR('',#5126,10.);
#1458=VECTOR('',#5129,10.);
#1459=VECTOR('',#5130,10.);
#1460=VECTOR('',#5133,10.);
#1461=VECTOR('',#5136,10.);
#1462=VECTOR('',#5137,10.);
#1463=VECTOR('',#5138,10.);
#1464=VECTOR('',#5139,10.);
#1465=VECTOR('',#5140,10.);
#1466=VECTOR('',#5141,10.);
#1467=VECTOR('',#5146,10.);
#1468=VECTOR('',#5147,10.);
#1469=VECTOR('',#5150,10.);
#1470=VECTOR('',#5157,10.);
#1471=VECTOR('',#5158,10.);
#1472=VECTOR('',#5159,10.);
#1473=VECTOR('',#5162,10.);
#1474=VECTOR('',#5175,10.);
#1475=VECTOR('',#5176,10.);
#1476=VECTOR('',#5181,10.);
#1477=VECTOR('',#5182,10.);
#1478=VECTOR('',#5185,10.);
#1479=VECTOR('',#5186,10.);
#1480=VECTOR('',#5189,10.);
#1481=VECTOR('',#5194,10.);
#1482=VECTOR('',#5195,10.);
#1483=VECTOR('',#5196,10.);
#1484=VECTOR('',#5199,10.);
#1485=VECTOR('',#5200,10.);
#1486=VECTOR('',#5211,1.36475);
#1487=VECTOR('',#5216,1.2295);
#1488=VECTOR('',#5231,2.25);
#1489=VECTOR('',#5234,2.);
#1490=VECTOR('',#5249,2.25);
#1491=VECTOR('',#5252,2.);
#1492=VECTOR('',#5259,10.);
#1493=VECTOR('',#5260,10.);
#1494=VECTOR('',#5261,10.);
#1495=VECTOR('',#5262,10.);
#1496=VECTOR('',#5263,10.);
#1497=VECTOR('',#5264,10.);
#1498=VECTOR('',#5265,10.);
#1499=VECTOR('',#5268,10.);
#1500=VECTOR('',#5269,10.);
#1501=VECTOR('',#5270,10.);
#1502=VECTOR('',#5273,10.);
#1503=VECTOR('',#5286,1.5);
#1504=VECTOR('',#5289,1.25);
#1505=VECTOR('',#5290,10.);
#1506=VECTOR('',#5295,1.25);
#1507=VECTOR('',#5308,1.5);
#1508=VECTOR('',#5323,1.5);
#1509=VECTOR('',#5326,1.25);
#1510=VECTOR('',#5329,10.);
#1511=VECTOR('',#5330,10.);
#1512=VECTOR('',#5333,10.);
#1513=VECTOR('',#5334,10.);
#1514=VECTOR('',#5335,10.);
#1515=VECTOR('',#5338,10.);
#1516=VECTOR('',#5345,10.);
#1517=VECTOR('',#5348,10.);
#1518=VECTOR('',#5351,10.);
#1519=VECTOR('',#5352,10.);
#1520=VECTOR('',#5353,10.);
#1521=VECTOR('',#5354,10.);
#1522=VECTOR('',#5355,10.);
#1523=VECTOR('',#5356,10.);
#1524=VECTOR('',#5363,10.);
#1525=VECTOR('',#5368,10.);
#1526=VECTOR('',#5375,10.);
#1527=VECTOR('',#5382,10.);
#1528=VECTOR('',#5385,10.);
#1529=VECTOR('',#5386,10.);
#1530=VECTOR('',#5387,10.);
#1531=VECTOR('',#5388,10.);
#1532=VECTOR('',#5391,10.);
#1533=VECTOR('',#5392,10.);
#1534=VECTOR('',#5393,10.);
#1535=VECTOR('',#5394,10.);
#1536=VECTOR('',#5397,10.);
#1537=VECTOR('',#5400,10.);
#1538=VECTOR('',#5403,10.);
#1539=VECTOR('',#5404,10.);
#1540=VECTOR('',#5405,10.);
#1541=VECTOR('',#5408,10.);
#1542=VECTOR('',#5413,10.);
#1543=VECTOR('',#5414,10.);
#1544=VECTOR('',#5417,10.);
#1545=VECTOR('',#5424,10.);
#1546=VECTOR('',#5427,10.);
#1547=VECTOR('',#5430,10.);
#1548=VECTOR('',#5435,10.);
#1549=VECTOR('',#5436,10.);
#1550=VECTOR('',#5439,10.);
#1551=VECTOR('',#5446,10.);
#1552=VECTOR('',#5449,10.);
#1553=VECTOR('',#5452,10.);
#1554=VECTOR('',#5459,10.);
#1555=B_SPLINE_CURVE_WITH_KNOTS('',3,(#5466,#5467,#5468,#5469,#5470,#5471,
#5472,#5473,#5474,#5475,#5476,#5477,#5478,#5479,#5480,#5481,#5482,#5483),
 .UNSPECIFIED.,.F.,.F.,(4,2,2,2,2,2,2,2,4),(0.391440533607084,0.437244664011159,
0.475392820746474,0.494466899114131,0.513540977481789,0.525406426830713,
0.537271876179637,0.57473585074887,0.614765366144421),.UNSPECIFIED.);
#1556=B_SPLINE_CURVE_WITH_KNOTS('',3,(#5487,#5488,#5489,#5490),
 .UNSPECIFIED.,.F.,.F.,(4,4),(0.721019693656771,0.758184420309474),
 .UNSPECIFIED.);
#1557=B_SPLINE_CURVE_WITH_KNOTS('',3,(#5492,#5493,#5494,#5495,#5496,#5497,
#5498,#5499,#5500,#5501,#5502,#5503,#5504,#5505),.UNSPECIFIED.,.F.,.F.,
(4,2,2,2,2,2,4),(0.140691430451702,0.145118945261282,0.171590737787008,
0.196796323338749,0.222001908890489,0.247694262408279,0.26993294007879),
 .UNSPECIFIED.);
#1558=B_SPLINE_CURVE_WITH_KNOTS('',3,(#5510,#5511,#5512,#5513),
 .UNSPECIFIED.,.F.,.F.,(4,4),(0.,0.0371647266527023),.UNSPECIFIED.);
#1559=B_SPLINE_CURVE_WITH_KNOTS('',3,(#5520,#5521,#5522,#5523,#5524,#5525,
#5526,#5527,#5528,#5529,#5530,#5531,#5532,#5533),.UNSPECIFIED.,.F.,.F.,
(4,2,2,2,2,2,4),(0.823613523625485,0.845852201295997,0.871544554813787,
0.896750140365527,0.921955725917267,0.948427518442994,0.952855033252576),
 .UNSPECIFIED.);
#1560=B_SPLINE_CURVE_WITH_KNOTS('',3,(#5562,#5563,#5564,#5565,#5566),
 .UNSPECIFIED.,.F.,.F.,(4,1,4),(-0.733118119955088,-0.68154818198344,-0.61278826468791),
 .UNSPECIFIED.);
#1561=B_SPLINE_CURVE_WITH_KNOTS('',3,(#5571,#5572,#5573,#5574,#5575,#5576,
#5577,#5578,#5579,#5580,#5581,#5582,#5583,#5584,#5585,#5586,#5587,#5588),
 .UNSPECIFIED.,.F.,.F.,(4,2,2,2,2,2,2,2,4),(0.281605830069448,0.321635345464999,
0.359099320034232,0.370964769383156,0.38283021873208,0.401904297099738,
0.420978375467395,0.45912653220271,0.504930662606785),.UNSPECIFIED.);
#1562=B_SPLINE_CURVE_WITH_KNOTS('',3,(#5623,#5624,#5625,#5626,#5627),
 .UNSPECIFIED.,.F.,.F.,(4,1,4),(-0.257185214278022,-0.205615276306374,-0.136855359010844),
 .UNSPECIFIED.);
#1563=B_SPLINE_CURVE_WITH_KNOTS('',3,(#5648,#5649,#5650,#5651,#5652),
 .UNSPECIFIED.,.F.,.F.,(4,1,4),(-1.31355342517123,-1.17364568290751,-1.06871487620971),
 .UNSPECIFIED.);
#1564=B_SPLINE_CURVE_WITH_KNOTS('',3,(#5653,#5654,#5655,#5656,#5657),
 .UNSPECIFIED.,.F.,.F.,(4,1,4),(1.06871487620971,1.17364568290751,1.31355342517123),
 .UNSPECIFIED.);
#1565=B_SPLINE_CURVE_WITH_KNOTS('',3,(#5677,#5678,#5679,#5680,#5681,#5682,
#5683,#5684,#5685,#5686,#5687,#5688,#5689,#5690,#5691,#5692),
 .UNSPECIFIED.,.F.,.F.,(4,2,2,2,2,2,2,4),(0.699640929616676,0.780539732130355,
0.861438534644033,0.894634027183457,0.927829519722881,0.958364436081691,
0.9888993524405,0.998920974467756),.UNSPECIFIED.);
#1566=B_SPLINE_CURVE_WITH_KNOTS('',3,(#5695,#5696,#5697,#5698,#5699,#5700,
#5701,#5702,#5703,#5704,#5705,#5706,#5707,#5708,#5709,#5710,#5711,#5712,
#5713,#5714,#5715,#5716,#5717,#5718,#5719,#5720,#5721,#5722),
 .UNSPECIFIED.,.F.,.F.,(4,2,2,2,2,2,2,2,2,2,2,2,2,4),(0.7463423523269,0.780539732130357,
0.861438534644035,0.894634027183459,0.927829519722884,0.958364436081693,
0.988899352440502,1.0496572550034,1.11028348776559,1.14055750460613,1.17083152144668,
1.20412000258016,1.23740848371365,1.2512789382485),.UNSPECIFIED.);
#1567=B_SPLINE_CURVE_WITH_KNOTS('',3,(#5724,#5725,#5726,#5727,#5728,#5729),
 .UNSPECIFIED.,.F.,.F.,(4,2,4),(1.2512789382485,1.31834395654163,1.36036537420014),
 .UNSPECIFIED.);
#1568=B_SPLINE_CURVE_WITH_KNOTS('',3,(#6013,#6014,#6015,#6016,#6017,#6018,
#6019,#6020,#6021,#6022,#6023,#6024,#6025,#6026,#6027,#6028,#6029,#6030,
#6031,#6032,#6033,#6034),.UNSPECIFIED.,.F.,.F.,(4,2,2,2,2,2,2,2,2,2,4),
(0.,0.00338402954490967,0.00676805908981933,0.0135361181796387,0.0226065006674403,
0.0422254235005496,0.0618443463336583,0.0709147288214601,0.0776827879112795,
0.0810668174561891,0.0844508470010988),.UNSPECIFIED.);
#1569=B_SPLINE_CURVE_WITH_KNOTS('',3,(#6093,#6094,#6095,#6096),
 .UNSPECIFIED.,.F.,.F.,(4,4),(0.404738921127231,0.475010166544517),
 .UNSPECIFIED.);
#1570=B_SPLINE_CURVE_WITH_KNOTS('',3,(#6122,#6123,#6124,#6125,#6126,#6127,
#6128,#6129,#6130,#6131),.UNSPECIFIED.,.F.,.F.,(4,2,2,2,4),(0.0744521883699319,
0.0934279461470023,0.112492955295972,0.131306651728867,0.149554118592402),
 .UNSPECIFIED.);
#1571=B_SPLINE_CURVE_WITH_KNOTS('',3,(#6538,#6539,#6540,#6541),
 .UNSPECIFIED.,.F.,.F.,(4,4),(0.,0.0702712454172886),.UNSPECIFIED.);
#1572=B_SPLINE_CURVE_WITH_KNOTS('',3,(#6600,#6601,#6602,#6603,#6604,#6605,
#6606,#6607),.UNSPECIFIED.,.F.,.F.,(4,2,2,4),(-0.00111210674545542,0.,0.106599996553406,
0.154173422433083),.UNSPECIFIED.);
#1573=B_SPLINE_CURVE_WITH_KNOTS('',3,(#6623,#6624,#6625,#6626,#6627,#6628,
#6629,#6630,#6631,#6632),.UNSPECIFIED.,.F.,.F.,(4,2,2,2,4),(0.149554118592403,
0.167801585455938,0.186615281888833,0.205680291037804,0.224656048814874),
 .UNSPECIFIED.);
#1574=B_SPLINE_CURVE_WITH_KNOTS('',3,(#6659,#6660,#6661,#6662,#6663,#6664,
#6665,#6666,#6667,#6668,#6669,#6670,#6671,#6672,#6673,#6674),
 .UNSPECIFIED.,.F.,.F.,(4,2,2,2,2,2,2,4),(0.400429862882986,0.410451484870972,
0.440986401229781,0.471521317588591,0.505065999428436,0.538610681268281,
0.619125805442477,0.699640929616674),.UNSPECIFIED.);
#1575=B_SPLINE_CURVE_WITH_KNOTS('',3,(#6680,#6681,#6682,#6683,#6684,#6685),
 .UNSPECIFIED.,.F.,.F.,(4,2,4),(0.0389248476943591,0.0813201807811283,0.148054430467211),
 .UNSPECIFIED.);
#1576=B_SPLINE_CURVE_WITH_KNOTS('',3,(#6687,#6688,#6689,#6690,#6691,#6692,
#6693,#6694,#6695,#6696,#6697,#6698,#6699,#6700,#6701,#6702,#6703,#6704,
#6705,#6706,#6707,#6708,#6709,#6710,#6711,#6712,#6713,#6714),
 .UNSPECIFIED.,.F.,.F.,(4,2,2,2,2,2,2,2,2,2,2,2,2,4),(0.148054430467211,
0.162640361562257,0.195579838713527,0.228519315864797,0.258793332705343,
0.289067349545889,0.349693582308078,0.410451484870973,0.440986401229783,
0.471521317588592,0.505065999428437,0.538610681268282,0.619125805442479,
0.652954138625021),.UNSPECIFIED.);
#1577=VERTEX_POINT('',#5464);
#1578=VERTEX_POINT('',#5465);
#1579=VERTEX_POINT('',#5484);
#1580=VERTEX_POINT('',#5486);
#1581=VERTEX_POINT('',#5491);
#1582=VERTEX_POINT('',#5508);
#1583=VERTEX_POINT('',#5509);
#1584=VERTEX_POINT('',#5514);
#1585=VERTEX_POINT('',#5516);
#1586=VERTEX_POINT('',#5518);
#1587=VERTEX_POINT('',#5559);
#1588=VERTEX_POINT('',#5560);
#1589=VERTEX_POINT('',#5569);
#1590=VERTEX_POINT('',#5570);
#1591=VERTEX_POINT('',#5589);
#1592=VERTEX_POINT('',#5591);
#1593=VERTEX_POINT('',#5619);
#1594=VERTEX_POINT('',#5620);
#1595=VERTEX_POINT('',#5659);
#1596=VERTEX_POINT('',#5661);
#1597=VERTEX_POINT('',#5663);
#1598=VERTEX_POINT('',#5665);
#1599=VERTEX_POINT('',#5667);
#1600=VERTEX_POINT('',#5669);
#1601=VERTEX_POINT('',#5671);
#1602=VERTEX_POINT('',#5673);
#1603=VERTEX_POINT('',#5675);
#1604=VERTEX_POINT('',#5693);
#1605=VERTEX_POINT('',#5694);
#1606=VERTEX_POINT('',#5723);
#1607=VERTEX_POINT('',#5732);
#1608=VERTEX_POINT('',#5734);
#1609=VERTEX_POINT('',#5737);
#1610=VERTEX_POINT('',#5741);
#1611=VERTEX_POINT('',#5744);
#1612=VERTEX_POINT('',#5747);
#1613=VERTEX_POINT('',#5749);
#1614=VERTEX_POINT('',#5751);
#1615=VERTEX_POINT('',#5753);
#1616=VERTEX_POINT('',#5755);
#1617=VERTEX_POINT('',#5757);
#1618=VERTEX_POINT('',#5759);
#1619=VERTEX_POINT('',#5761);
#1620=VERTEX_POINT('',#5763);
#1621=VERTEX_POINT('',#5765);
#1622=VERTEX_POINT('',#5767);
#1623=VERTEX_POINT('',#5769);
#1624=VERTEX_POINT('',#5771);
#1625=VERTEX_POINT('',#5773);
#1626=VERTEX_POINT('',#5776);
#1627=VERTEX_POINT('',#5779);
#1628=VERTEX_POINT('',#5780);
#1629=VERTEX_POINT('',#5782);
#1630=VERTEX_POINT('',#5784);
#1631=VERTEX_POINT('',#5788);
#1632=VERTEX_POINT('',#5790);
#1633=VERTEX_POINT('',#5792);
#1634=VERTEX_POINT('',#5795);
#1635=VERTEX_POINT('',#5801);
#1636=VERTEX_POINT('',#5803);
#1637=VERTEX_POINT('',#5805);
#1638=VERTEX_POINT('',#5807);
#1639=VERTEX_POINT('',#5809);
#1640=VERTEX_POINT('',#5811);
#1641=VERTEX_POINT('',#5813);
#1642=VERTEX_POINT('',#5815);
#1643=VERTEX_POINT('',#5817);
#1644=VERTEX_POINT('',#5820);
#1645=VERTEX_POINT('',#5821);
#1646=VERTEX_POINT('',#5823);
#1647=VERTEX_POINT('',#5825);
#1648=VERTEX_POINT('',#5829);
#1649=VERTEX_POINT('',#5831);
#1650=VERTEX_POINT('',#5833);
#1651=VERTEX_POINT('',#5835);
#1652=VERTEX_POINT('',#5837);
#1653=VERTEX_POINT('',#5839);
#1654=VERTEX_POINT('',#5841);
#1655=VERTEX_POINT('',#5843);
#1656=VERTEX_POINT('',#5845);
#1657=VERTEX_POINT('',#5847);
#1658=VERTEX_POINT('',#5849);
#1659=VERTEX_POINT('',#5851);
#1660=VERTEX_POINT('',#5853);
#1661=VERTEX_POINT('',#5855);
#1662=VERTEX_POINT('',#5859);
#1663=VERTEX_POINT('',#5863);
#1664=VERTEX_POINT('',#5867);
#1665=VERTEX_POINT('',#5871);
#1666=VERTEX_POINT('',#5875);
#1667=VERTEX_POINT('',#5879);
#1668=VERTEX_POINT('',#5883);
#1669=VERTEX_POINT('',#5885);
#1670=VERTEX_POINT('',#5887);
#1671=VERTEX_POINT('',#5889);
#1672=VERTEX_POINT('',#5893);
#1673=VERTEX_POINT('',#5895);
#1674=VERTEX_POINT('',#5899);
#1675=VERTEX_POINT('',#5901);
#1676=VERTEX_POINT('',#5903);
#1677=VERTEX_POINT('',#5906);
#1678=VERTEX_POINT('',#5908);
#1679=VERTEX_POINT('',#5910);
#1680=VERTEX_POINT('',#5912);
#1681=VERTEX_POINT('',#5914);
#1682=VERTEX_POINT('',#5916);
#1683=VERTEX_POINT('',#5918);
#1684=VERTEX_POINT('',#5920);
#1685=VERTEX_POINT('',#5925);
#1686=VERTEX_POINT('',#5931);
#1687=VERTEX_POINT('',#5937);
#1688=VERTEX_POINT('',#5943);
#1689=VERTEX_POINT('',#5949);
#1690=VERTEX_POINT('',#5955);
#1691=VERTEX_POINT('',#5961);
#1692=VERTEX_POINT('',#5967);
#1693=VERTEX_POINT('',#5973);
#1694=VERTEX_POINT('',#5977);
#1695=VERTEX_POINT('',#5981);
#1696=VERTEX_POINT('',#5985);
#1697=VERTEX_POINT('',#5989);
#1698=VERTEX_POINT('',#5993);
#1699=VERTEX_POINT('',#5997);
#1700=VERTEX_POINT('',#6001);
#1701=VERTEX_POINT('',#6002);
#1702=VERTEX_POINT('',#6004);
#1703=VERTEX_POINT('',#6006);
#1704=VERTEX_POINT('',#6009);
#1705=VERTEX_POINT('',#6011);
#1706=VERTEX_POINT('',#6043);
#1707=VERTEX_POINT('',#6045);
#1708=VERTEX_POINT('',#6047);
#1709=VERTEX_POINT('',#6049);
#1710=VERTEX_POINT('',#6055);
#1711=VERTEX_POINT('',#6056);
#1712=VERTEX_POINT('',#6058);
#1713=VERTEX_POINT('',#6060);
#1714=VERTEX_POINT('',#6064);
#1715=VERTEX_POINT('',#6069);
#1716=VERTEX_POINT('',#6071);
#1717=VERTEX_POINT('',#6075);
#1718=VERTEX_POINT('',#6077);
#1719=VERTEX_POINT('',#6079);
#1720=VERTEX_POINT('',#6085);
#1721=VERTEX_POINT('',#6086);
#1722=VERTEX_POINT('',#6088);
#1723=VERTEX_POINT('',#6090);
#1724=VERTEX_POINT('',#6092);
#1725=VERTEX_POINT('',#6099);
#1726=VERTEX_POINT('',#6101);
#1727=VERTEX_POINT('',#6105);
#1728=VERTEX_POINT('',#6107);
#1729=VERTEX_POINT('',#6109);
#1730=VERTEX_POINT('',#6114);
#1731=VERTEX_POINT('',#6118);
#1732=VERTEX_POINT('',#6120);
#1733=VERTEX_POINT('',#6133);
#1734=VERTEX_POINT('',#6135);
#1735=VERTEX_POINT('',#6139);
#1736=VERTEX_POINT('',#6141);
#1737=VERTEX_POINT('',#6145);
#1738=VERTEX_POINT('',#6146);
#1739=VERTEX_POINT('',#6148);
#1740=VERTEX_POINT('',#6150);
#1741=VERTEX_POINT('',#6159);
#1742=VERTEX_POINT('',#6161);
#1743=VERTEX_POINT('',#6163);
#1744=VERTEX_POINT('',#6165);
#1745=VERTEX_POINT('',#6167);
#1746=VERTEX_POINT('',#6169);
#1747=VERTEX_POINT('',#6171);
#1748=VERTEX_POINT('',#6173);
#1749=VERTEX_POINT('',#6175);
#1750=VERTEX_POINT('',#6177);
#1751=VERTEX_POINT('',#6180);
#1752=VERTEX_POINT('',#6182);
#1753=VERTEX_POINT('',#6184);
#1754=VERTEX_POINT('',#6188);
#1755=VERTEX_POINT('',#6193);
#1756=VERTEX_POINT('',#6197);
#1757=VERTEX_POINT('',#6201);
#1758=VERTEX_POINT('',#6203);
#1759=VERTEX_POINT('',#6206);
#1760=VERTEX_POINT('',#6210);
#1761=VERTEX_POINT('',#6215);
#1762=VERTEX_POINT('',#6217);
#1763=VERTEX_POINT('',#6220);
#1764=VERTEX_POINT('',#6224);
#1765=VERTEX_POINT('',#6229);
#1766=VERTEX_POINT('',#6231);
#1767=VERTEX_POINT('',#6235);
#1768=VERTEX_POINT('',#6237);
#1769=VERTEX_POINT('',#6240);
#1770=VERTEX_POINT('',#6247);
#1771=VERTEX_POINT('',#6248);
#1772=VERTEX_POINT('',#6250);
#1773=VERTEX_POINT('',#6254);
#1774=VERTEX_POINT('',#6256);
#1775=VERTEX_POINT('',#6259);
#1776=VERTEX_POINT('',#6264);
#1777=VERTEX_POINT('',#6266);
#1778=VERTEX_POINT('',#6272);
#1779=VERTEX_POINT('',#6274);
#1780=VERTEX_POINT('',#6277);
#1781=VERTEX_POINT('',#6283);
#1782=VERTEX_POINT('',#6284);
#1783=VERTEX_POINT('',#6286);
#1784=VERTEX_POINT('',#6288);
#1785=VERTEX_POINT('',#6292);
#1786=VERTEX_POINT('',#6294);
#1787=VERTEX_POINT('',#6298);
#1788=VERTEX_POINT('',#6305);
#1789=VERTEX_POINT('',#6309);
#1790=VERTEX_POINT('',#6311);
#1791=VERTEX_POINT('',#6315);
#1792=VERTEX_POINT('',#6317);
#1793=VERTEX_POINT('',#6322);
#1794=VERTEX_POINT('',#6324);
#1795=VERTEX_POINT('',#6328);
#1796=VERTEX_POINT('',#6329);
#1797=VERTEX_POINT('',#6331);
#1798=VERTEX_POINT('',#6333);
#1799=VERTEX_POINT('',#6335);
#1800=VERTEX_POINT('',#6337);
#1801=VERTEX_POINT('',#6340);
#1802=VERTEX_POINT('',#6342);
#1803=VERTEX_POINT('',#6344);
#1804=VERTEX_POINT('',#6346);
#1805=VERTEX_POINT('',#6350);
#1806=VERTEX_POINT('',#6351);
#1807=VERTEX_POINT('',#6355);
#1808=VERTEX_POINT('',#6357);
#1809=VERTEX_POINT('',#6363);
#1810=VERTEX_POINT('',#6366);
#1811=VERTEX_POINT('',#6371);
#1812=VERTEX_POINT('',#6373);
#1813=VERTEX_POINT('',#6377);
#1814=VERTEX_POINT('',#6379);
#1815=VERTEX_POINT('',#6381);
#1816=VERTEX_POINT('',#6383);
#1817=VERTEX_POINT('',#6385);
#1818=VERTEX_POINT('',#6387);
#1819=VERTEX_POINT('',#6389);
#1820=VERTEX_POINT('',#6395);
#1821=VERTEX_POINT('',#6401);
#1822=VERTEX_POINT('',#6403);
#1823=VERTEX_POINT('',#6405);
#1824=VERTEX_POINT('',#6407);
#1825=VERTEX_POINT('',#6409);
#1826=VERTEX_POINT('',#6411);
#1827=VERTEX_POINT('',#6418);
#1828=VERTEX_POINT('',#6422);
#1829=VERTEX_POINT('',#6433);
#1830=VERTEX_POINT('',#6450);
#1831=VERTEX_POINT('',#6452);
#1832=VERTEX_POINT('',#6456);
#1833=VERTEX_POINT('',#6462);
#1834=VERTEX_POINT('',#6468);
#1835=VERTEX_POINT('',#6469);
#1836=VERTEX_POINT('',#6471);
#1837=VERTEX_POINT('',#6473);
#1838=VERTEX_POINT('',#6477);
#1839=VERTEX_POINT('',#6479);
#1840=VERTEX_POINT('',#6481);
#1841=VERTEX_POINT('',#6485);
#1842=VERTEX_POINT('',#6486);
#1843=VERTEX_POINT('',#6492);
#1844=VERTEX_POINT('',#6494);
#1845=VERTEX_POINT('',#6496);
#1846=VERTEX_POINT('',#6498);
#1847=VERTEX_POINT('',#6501);
#1848=VERTEX_POINT('',#6503);
#1849=VERTEX_POINT('',#6505);
#1850=VERTEX_POINT('',#6507);
#1851=VERTEX_POINT('',#6509);
#1852=VERTEX_POINT('',#6511);
#1853=VERTEX_POINT('',#6513);
#1854=VERTEX_POINT('',#6516);
#1855=VERTEX_POINT('',#6517);
#1856=VERTEX_POINT('',#6519);
#1857=VERTEX_POINT('',#6521);
#1858=VERTEX_POINT('',#6524);
#1859=VERTEX_POINT('',#6526);
#1860=VERTEX_POINT('',#6528);
#1861=VERTEX_POINT('',#6532);
#1862=VERTEX_POINT('',#6533);
#1863=VERTEX_POINT('',#6535);
#1864=VERTEX_POINT('',#6537);
#1865=VERTEX_POINT('',#6542);
#1866=VERTEX_POINT('',#6549);
#1867=VERTEX_POINT('',#6551);
#1868=VERTEX_POINT('',#6553);
#1869=VERTEX_POINT('',#6555);
#1870=VERTEX_POINT('',#6557);
#1871=VERTEX_POINT('',#6559);
#1872=VERTEX_POINT('',#6561);
#1873=VERTEX_POINT('',#6564);
#1874=VERTEX_POINT('',#6567);
#1875=VERTEX_POINT('',#6571);
#1876=VERTEX_POINT('',#6599);
#1877=VERTEX_POINT('',#6611);
#1878=VERTEX_POINT('',#6617);
#1879=VERTEX_POINT('',#6618);
#1880=VERTEX_POINT('',#6620);
#1881=VERTEX_POINT('',#6622);
#1882=VERTEX_POINT('',#6635);
#1883=VERTEX_POINT('',#6636);
#1884=VERTEX_POINT('',#6639);
#1885=VERTEX_POINT('',#6649);
#1886=VERTEX_POINT('',#6654);
#1887=VERTEX_POINT('',#6658);
#1888=VERTEX_POINT('',#6678);
#1889=VERTEX_POINT('',#6679);
#1890=VERTEX_POINT('',#6686);
#1891=VERTEX_POINT('',#6719);
#1892=VERTEX_POINT('',#6723);
#1893=VERTEX_POINT('',#6728);
#1894=VERTEX_POINT('',#6730);
#1895=VERTEX_POINT('',#6733);
#1896=VERTEX_POINT('',#6737);
#1897=VERTEX_POINT('',#6742);
#1898=VERTEX_POINT('',#6744);
#1899=VERTEX_POINT('',#6747);
#1900=VERTEX_POINT('',#6751);
#1901=VERTEX_POINT('',#6756);
#1902=VERTEX_POINT('',#6758);
#1903=VERTEX_POINT('',#6760);
#1904=VERTEX_POINT('',#6762);
#1905=VERTEX_POINT('',#6764);
#1906=VERTEX_POINT('',#6766);
#1907=VERTEX_POINT('',#6770);
#1908=VERTEX_POINT('',#6775);
#1909=VERTEX_POINT('',#6777);
#1910=VERTEX_POINT('',#6781);
#1911=VERTEX_POINT('',#6783);
#1912=VERTEX_POINT('',#6791);
#1913=VERTEX_POINT('',#6793);
#1914=VERTEX_POINT('',#6799);
#1915=VERTEX_POINT('',#6807);
#1916=VERTEX_POINT('',#6809);
#1917=VERTEX_POINT('',#6816);
#1918=VERTEX_POINT('',#6820);
#1919=VERTEX_POINT('',#6822);
#1920=VERTEX_POINT('',#6828);
#1921=VERTEX_POINT('',#6832);
#1922=VERTEX_POINT('',#6838);
#1923=VERTEX_POINT('',#6840);
#1924=VERTEX_POINT('',#6844);
#1925=VERTEX_POINT('',#6848);
#1926=VERTEX_POINT('',#6850);
#1927=VERTEX_POINT('',#6852);
#1928=VERTEX_POINT('',#6854);
#1929=VERTEX_POINT('',#6856);
#1930=VERTEX_POINT('',#6860);
#1931=VERTEX_POINT('',#6866);
#1932=VERTEX_POINT('',#6870);
#1933=VERTEX_POINT('',#6871);
#1934=VERTEX_POINT('',#6876);
#1935=VERTEX_POINT('',#6880);
#1936=VERTEX_POINT('',#6884);
#1937=VERTEX_POINT('',#6886);
#1938=VERTEX_POINT('',#6891);
#1939=VERTEX_POINT('',#6893);
#1940=VERTEX_POINT('',#6895);
#1941=VERTEX_POINT('',#6903);
#1942=VERTEX_POINT('',#6907);
#1943=VERTEX_POINT('',#6909);
#1944=VERTEX_POINT('',#6913);
#1945=VERTEX_POINT('',#6917);
#1946=VERTEX_POINT('',#6921);
#1947=VERTEX_POINT('',#6930);
#1948=VERTEX_POINT('',#6937);
#1949=VERTEX_POINT('',#6943);
#1950=EDGE_CURVE('',#1577,#1578,#1555,.F.);
#1951=EDGE_CURVE('',#1577,#1579,#845,.T.);
#1952=EDGE_CURVE('',#1580,#1579,#1556,.T.);
#1953=EDGE_CURVE('',#1581,#1580,#1557,.F.);
#1954=EDGE_CURVE('',#1581,#1578,#846,.T.);
#1955=EDGE_CURVE('',#1582,#1583,#1558,.T.);
#1956=EDGE_CURVE('',#1582,#1584,#847,.T.);
#1957=EDGE_CURVE('',#1584,#1585,#238,.T.);
#1958=EDGE_CURVE('',#1585,#1586,#848,.T.);
#1959=EDGE_CURVE('',#1586,#1583,#1559,.T.);
#1960=EDGE_CURVE('',#1587,#1588,#239,.T.);
#1961=EDGE_CURVE('',#1588,#1585,#1560,.T.);
#1962=EDGE_CURVE('',#1584,#1587,#240,.T.);
#1963=EDGE_CURVE('',#1589,#1590,#1561,.F.);
#1964=EDGE_CURVE('',#1589,#1591,#849,.T.);
#1965=EDGE_CURVE('',#1591,#1592,#241,.T.);
#1966=EDGE_CURVE('',#1592,#1590,#850,.T.);
#1967=EDGE_CURVE('',#1593,#1594,#242,.T.);
#1968=EDGE_CURVE('',#1594,#1592,#243,.T.);
#1969=EDGE_CURVE('',#1591,#1593,#1562,.T.);
#1970=EDGE_CURVE('',#1593,#1588,#1563,.T.);
#1971=EDGE_CURVE('',#1587,#1594,#1564,.T.);
#1972=EDGE_CURVE('',#1579,#1595,#851,.T.);
#1973=EDGE_CURVE('',#1595,#1596,#203,.T.);
#1974=EDGE_CURVE('',#1596,#1597,#852,.T.);
#1975=EDGE_CURVE('',#1597,#1598,#204,.T.);
#1976=EDGE_CURVE('',#1598,#1599,#853,.T.);
#1977=EDGE_CURVE('',#1599,#1600,#244,.T.);
#1978=EDGE_CURVE('',#1600,#1601,#854,.T.);
#1979=EDGE_CURVE('',#1601,#1602,#245,.T.);
#1980=EDGE_CURVE('',#1602,#1603,#855,.T.);
#1981=EDGE_CURVE('',#1603,#1580,#1565,.T.);
#1982=EDGE_CURVE('',#1604,#1605,#1566,.T.);
#1983=EDGE_CURVE('',#1605,#1606,#1567,.T.);
#1984=EDGE_CURVE('',#1606,#1604,#205,.T.);
#1985=EDGE_CURVE('',#1607,#1584,#246,.T.);
#1986=EDGE_CURVE('',#1607,#1608,#856,.T.);
#1987=EDGE_CURVE('',#1608,#1608,#247,.T.);
#1988=EDGE_CURVE('',#1609,#1607,#248,.T.);
#1989=EDGE_CURVE('',#1592,#1609,#249,.T.);
#1990=EDGE_CURVE('',#1577,#1610,#250,.T.);
#1991=EDGE_CURVE('',#1610,#1590,#251,.T.);
#1992=EDGE_CURVE('',#1609,#1611,#252,.T.);
#1993=EDGE_CURVE('',#1611,#1609,#253,.T.);
#1994=EDGE_CURVE('',#1612,#1582,#857,.T.);
#1995=EDGE_CURVE('',#1612,#1613,#858,.T.);
#1996=EDGE_CURVE('',#1613,#1614,#859,.T.);
#1997=EDGE_CURVE('',#1615,#1614,#254,.T.);
#1998=EDGE_CURVE('',#1615,#1616,#860,.T.);
#1999=EDGE_CURVE('',#1616,#1617,#255,.T.);
#2000=EDGE_CURVE('',#1617,#1618,#861,.T.);
#2001=EDGE_CURVE('',#1619,#1618,#862,.T.);
#2002=EDGE_CURVE('',#1619,#1620,#863,.T.);
#2003=EDGE_CURVE('',#1620,#1621,#864,.T.);
#2004=EDGE_CURVE('',#1621,#1622,#865,.T.);
#2005=EDGE_CURVE('',#1622,#1623,#866,.T.);
#2006=EDGE_CURVE('',#1623,#1624,#867,.T.);
#2007=EDGE_CURVE('',#1624,#1625,#868,.T.);
#2008=EDGE_CURVE('',#1625,#1595,#869,.T.);
#2009=EDGE_CURVE('',#1626,#1626,#256,.T.);
#2010=EDGE_CURVE('',#1627,#1628,#206,.T.);
#2011=EDGE_CURVE('',#1628,#1629,#870,.T.);
#2012=EDGE_CURVE('',#1629,#1630,#207,.T.);
#2013=EDGE_CURVE('',#1630,#1627,#871,.T.);
#2014=EDGE_CURVE('',#1581,#1631,#208,.T.);
#2015=EDGE_CURVE('',#1631,#1632,#872,.T.);
#2016=EDGE_CURVE('',#1633,#1632,#873,.T.);
#2017=EDGE_CURVE('',#1629,#1633,#874,.T.);
#2018=EDGE_CURVE('',#1628,#1634,#875,.T.);
#2019=EDGE_CURVE('',#1634,#1586,#209,.T.);
#2020=EDGE_CURVE('',#1589,#1578,#17,.T.);
#2021=EDGE_CURVE('',#1635,#1635,#257,.T.);
#2022=EDGE_CURVE('',#1636,#1636,#258,.T.);
#2023=EDGE_CURVE('',#1637,#1637,#259,.T.);
#2024=EDGE_CURVE('',#1638,#1638,#260,.T.);
#2025=EDGE_CURVE('',#1639,#1639,#261,.T.);
#2026=EDGE_CURVE('',#1640,#1640,#262,.T.);
#2027=EDGE_CURVE('',#1641,#1641,#263,.T.);
#2028=EDGE_CURVE('',#1642,#1642,#264,.T.);
#2029=EDGE_CURVE('',#1643,#1643,#265,.T.);
#2030=EDGE_CURVE('',#1644,#1645,#266,.T.);
#2031=EDGE_CURVE('',#1645,#1646,#876,.T.);
#2032=EDGE_CURVE('',#1646,#1647,#267,.F.);
#2033=EDGE_CURVE('',#1647,#1644,#877,.T.);
#2034=EDGE_CURVE('',#1644,#1648,#878,.T.);
#2035=EDGE_CURVE('',#1649,#1648,#268,.T.);
#2036=EDGE_CURVE('',#1649,#1650,#879,.T.);
#2037=EDGE_CURVE('',#1651,#1650,#269,.T.);
#2038=EDGE_CURVE('',#1651,#1652,#880,.T.);
#2039=EDGE_CURVE('',#1653,#1652,#270,.T.);
#2040=EDGE_CURVE('',#1653,#1654,#881,.T.);
#2041=EDGE_CURVE('',#1654,#1655,#882,.T.);
#2042=EDGE_CURVE('',#1655,#1656,#883,.T.);
#2043=EDGE_CURVE('',#1656,#1657,#884,.T.);
#2044=EDGE_CURVE('',#1658,#1657,#885,.T.);
#2045=EDGE_CURVE('',#1658,#1659,#886,.T.);
#2046=EDGE_CURVE('',#1659,#1660,#887,.T.);
#2047=EDGE_CURVE('',#1660,#1661,#888,.T.);
#2048=EDGE_CURVE('',#1661,#1645,#889,.T.);
#2049=EDGE_CURVE('',#1662,#1647,#890,.T.);
#2050=EDGE_CURVE('',#1648,#1662,#891,.T.);
#2051=EDGE_CURVE('',#1663,#1662,#271,.T.);
#2052=EDGE_CURVE('',#1663,#1649,#892,.T.);
#2053=EDGE_CURVE('',#1664,#1663,#893,.T.);
#2054=EDGE_CURVE('',#1650,#1664,#894,.T.);
#2055=EDGE_CURVE('',#1665,#1664,#272,.T.);
#2056=EDGE_CURVE('',#1665,#1651,#895,.T.);
#2057=EDGE_CURVE('',#1666,#1665,#896,.T.);
#2058=EDGE_CURVE('',#1652,#1666,#897,.T.);
#2059=EDGE_CURVE('',#1666,#1667,#273,.F.);
#2060=EDGE_CURVE('',#1667,#1653,#898,.T.);
#2061=EDGE_CURVE('',#1668,#1667,#899,.T.);
#2062=EDGE_CURVE('',#1668,#1669,#900,.T.);
#2063=EDGE_CURVE('',#1669,#1670,#901,.T.);
#2064=EDGE_CURVE('',#1671,#1670,#902,.T.);
#2065=EDGE_CURVE('',#1671,#1654,#903,.T.);
#2066=EDGE_CURVE('',#1672,#1672,#274,.T.);
#2067=EDGE_CURVE('',#1672,#1673,#904,.T.);
#2068=EDGE_CURVE('',#1673,#1673,#275,.T.);
#2069=EDGE_CURVE('',#1646,#1674,#905,.T.);
#2070=EDGE_CURVE('',#1674,#1675,#906,.T.);
#2071=EDGE_CURVE('',#1675,#1676,#907,.T.);
#2072=EDGE_CURVE('',#1676,#1668,#908,.T.);
#2073=EDGE_CURVE('',#1677,#1677,#276,.T.);
#2074=EDGE_CURVE('',#1678,#1678,#277,.T.);
#2075=EDGE_CURVE('',#1679,#1679,#278,.T.);
#2076=EDGE_CURVE('',#1680,#1680,#279,.T.);
#2077=EDGE_CURVE('',#1681,#1681,#280,.T.);
#2078=EDGE_CURVE('',#1682,#1682,#281,.T.);
#2079=EDGE_CURVE('',#1683,#1683,#282,.T.);
#2080=EDGE_CURVE('',#1684,#1684,#283,.T.);
#2081=EDGE_CURVE('',#1673,#1636,#909,.T.);
#2082=EDGE_CURVE('',#1677,#1685,#910,.T.);
#2083=EDGE_CURVE('',#1685,#1685,#284,.T.);
#2084=EDGE_CURVE('',#1685,#1643,#911,.T.);
#2085=EDGE_CURVE('',#1684,#1686,#912,.T.);
#2086=EDGE_CURVE('',#1686,#1686,#285,.T.);
#2087=EDGE_CURVE('',#1686,#1641,#913,.T.);
#2088=EDGE_CURVE('',#1678,#1687,#914,.T.);
#2089=EDGE_CURVE('',#1687,#1687,#286,.T.);
#2090=EDGE_CURVE('',#1687,#1642,#915,.T.);
#2091=EDGE_CURVE('',#1688,#1688,#287,.T.);
#2092=EDGE_CURVE('',#1688,#1683,#916,.T.);
#2093=EDGE_CURVE('',#1688,#1640,#917,.T.);
#2094=EDGE_CURVE('',#1689,#1689,#288,.T.);
#2095=EDGE_CURVE('',#1689,#1679,#918,.T.);
#2096=EDGE_CURVE('',#1689,#1639,#919,.T.);
#2097=EDGE_CURVE('',#1690,#1690,#289,.T.);
#2098=EDGE_CURVE('',#1690,#1682,#920,.T.);
#2099=EDGE_CURVE('',#1690,#1638,#921,.T.);
#2100=EDGE_CURVE('',#1691,#1691,#290,.T.);
#2101=EDGE_CURVE('',#1691,#1680,#922,.T.);
#2102=EDGE_CURVE('',#1691,#1637,#923,.T.);
#2103=EDGE_CURVE('',#1681,#1692,#924,.T.);
#2104=EDGE_CURVE('',#1692,#1692,#291,.T.);
#2105=EDGE_CURVE('',#1692,#1635,#925,.T.);
#2106=EDGE_CURVE('',#1610,#1693,#926,.T.);
#2107=EDGE_CURVE('',#1693,#1693,#292,.T.);
#2108=EDGE_CURVE('',#1693,#1694,#927,.T.);
#2109=EDGE_CURVE('',#1694,#1694,#293,.T.);
#2110=EDGE_CURVE('',#1626,#1695,#928,.T.);
#2111=EDGE_CURVE('',#1695,#1695,#294,.T.);
#2112=EDGE_CURVE('',#1695,#1696,#929,.T.);
#2113=EDGE_CURVE('',#1696,#1696,#295,.T.);
#2114=EDGE_CURVE('',#1611,#1697,#930,.T.);
#2115=EDGE_CURVE('',#1697,#1697,#296,.T.);
#2116=EDGE_CURVE('',#1697,#1698,#931,.T.);
#2117=EDGE_CURVE('',#1698,#1698,#297,.T.);
#2118=EDGE_CURVE('',#1608,#1699,#932,.T.);
#2119=EDGE_CURVE('',#1699,#1699,#298,.T.);
#2120=EDGE_CURVE('',#1700,#1701,#933,.T.);
#2121=EDGE_CURVE('',#1700,#1702,#299,.T.);
#2122=EDGE_CURVE('',#1702,#1703,#934,.T.);
#2123=EDGE_CURVE('',#1703,#1703,#300,.T.);
#2124=EDGE_CURVE('',#1702,#1704,#301,.T.);
#2125=EDGE_CURVE('',#1705,#1704,#935,.T.);
#2126=EDGE_CURVE('',#1701,#1705,#1568,.T.);
#2127=EDGE_CURVE('',#1617,#1700,#18,.T.);
#2128=EDGE_CURVE('',#1704,#1616,#19,.T.);
#2129=EDGE_CURVE('',#1705,#1706,#936,.T.);
#2130=EDGE_CURVE('',#1707,#1706,#210,.T.);
#2131=EDGE_CURVE('',#1707,#1708,#937,.T.);
#2132=EDGE_CURVE('',#1708,#1709,#211,.T.);
#2133=EDGE_CURVE('',#1709,#1701,#938,.T.);
#2134=EDGE_CURVE('',#1706,#1615,#939,.T.);
#2135=EDGE_CURVE('',#1710,#1711,#302,.F.);
#2136=EDGE_CURVE('',#1711,#1712,#940,.T.);
#2137=EDGE_CURVE('',#1712,#1713,#303,.F.);
#2138=EDGE_CURVE('',#1713,#1710,#941,.T.);
#2139=EDGE_CURVE('',#1711,#1714,#942,.T.);
#2140=EDGE_CURVE('',#1602,#1714,#943,.T.);
#2141=EDGE_CURVE('',#1601,#1712,#944,.T.);
#2142=EDGE_CURVE('',#1670,#1715,#945,.T.);
#2143=EDGE_CURVE('',#1715,#1716,#946,.T.);
#2144=EDGE_CURVE('',#1716,#1671,#947,.T.);
#2145=EDGE_CURVE('',#1661,#1717,#948,.T.);
#2146=EDGE_CURVE('',#1718,#1717,#949,.T.);
#2147=EDGE_CURVE('',#1718,#1719,#950,.T.);
#2148=EDGE_CURVE('',#1719,#1674,#951,.T.);
#2149=EDGE_CURVE('',#1655,#1716,#952,.T.);
#2150=EDGE_CURVE('',#1720,#1721,#304,.T.);
#2151=EDGE_CURVE('',#1721,#1722,#953,.T.);
#2152=EDGE_CURVE('',#1722,#1723,#212,.T.);
#2153=EDGE_CURVE('',#1723,#1724,#1569,.T.);
#2154=EDGE_CURVE('',#1724,#1720,#954,.T.);
#2155=EDGE_CURVE('',#1725,#1724,#955,.T.);
#2156=EDGE_CURVE('',#1726,#1725,#956,.T.);
#2157=EDGE_CURVE('',#1720,#1726,#957,.T.);
#2158=EDGE_CURVE('',#1723,#1727,#958,.T.);
#2159=EDGE_CURVE('',#1728,#1727,#305,.T.);
#2160=EDGE_CURVE('',#1728,#1729,#959,.T.);
#2161=EDGE_CURVE('',#1729,#1725,#306,.T.);
#2162=EDGE_CURVE('',#1598,#1722,#960,.T.);
#2163=EDGE_CURVE('',#1730,#1597,#961,.T.);
#2164=EDGE_CURVE('',#1727,#1730,#962,.T.);
#2165=EDGE_CURVE('',#1727,#1731,#307,.T.);
#2166=EDGE_CURVE('',#1731,#1732,#308,.T.);
#2167=EDGE_CURVE('',#1732,#1728,#1570,.T.);
#2168=EDGE_CURVE('',#1733,#1730,#213,.T.);
#2169=EDGE_CURVE('',#1734,#1733,#214,.F.);
#2170=EDGE_CURVE('',#1734,#1731,#963,.T.);
#2171=EDGE_CURVE('',#1735,#1733,#964,.T.);
#2172=EDGE_CURVE('',#1736,#1596,#965,.T.);
#2173=EDGE_CURVE('',#1735,#1736,#966,.T.);
#2174=EDGE_CURVE('',#1737,#1738,#215,.T.);
#2175=EDGE_CURVE('',#1738,#1739,#967,.T.);
#2176=EDGE_CURVE('',#1739,#1740,#216,.T.);
#2177=EDGE_CURVE('',#1740,#1737,#968,.T.);
#2178=EDGE_CURVE('',#1624,#1738,#969,.T.);
#2179=EDGE_CURVE('',#1739,#1623,#970,.T.);
#2180=EDGE_CURVE('',#1599,#1721,#971,.T.);
#2181=EDGE_CURVE('',#1741,#1729,#972,.T.);
#2182=EDGE_CURVE('',#1741,#1742,#973,.T.);
#2183=EDGE_CURVE('',#1743,#1742,#974,.T.);
#2184=EDGE_CURVE('',#1743,#1744,#975,.T.);
#2185=EDGE_CURVE('',#1745,#1744,#976,.T.);
#2186=EDGE_CURVE('',#1746,#1745,#309,.T.);
#2187=EDGE_CURVE('',#1747,#1746,#977,.T.);
#2188=EDGE_CURVE('',#1747,#1748,#978,.T.);
#2189=EDGE_CURVE('',#1749,#1748,#979,.T.);
#2190=EDGE_CURVE('',#1749,#1750,#980,.T.);
#2191=EDGE_CURVE('',#1750,#1658,#981,.T.);
#2192=EDGE_CURVE('',#1657,#1751,#982,.T.);
#2193=EDGE_CURVE('',#1751,#1752,#983,.T.);
#2194=EDGE_CURVE('',#1752,#1753,#984,.T.);
#2195=EDGE_CURVE('',#1726,#1753,#985,.T.);
#2196=EDGE_CURVE('',#1754,#1734,#986,.T.);
#2197=EDGE_CURVE('',#1754,#1737,#987,.T.);
#2198=EDGE_CURVE('',#1732,#1740,#988,.T.);
#2199=EDGE_CURVE('',#1755,#1735,#989,.T.);
#2200=EDGE_CURVE('',#1755,#1754,#990,.T.);
#2201=EDGE_CURVE('',#1756,#1625,#991,.T.);
#2202=EDGE_CURVE('',#1736,#1756,#992,.T.);
#2203=EDGE_CURVE('',#1757,#1757,#310,.T.);
#2204=EDGE_CURVE('',#1758,#1758,#311,.T.);
#2205=EDGE_CURVE('',#1759,#1759,#312,.T.);
#2206=EDGE_CURVE('',#1759,#1757,#993,.T.);
#2207=EDGE_CURVE('',#1758,#1760,#994,.T.);
#2208=EDGE_CURVE('',#1760,#1760,#313,.T.);
#2209=EDGE_CURVE('',#1761,#1761,#314,.T.);
#2210=EDGE_CURVE('',#1762,#1762,#315,.T.);
#2211=EDGE_CURVE('',#1763,#1763,#316,.T.);
#2212=EDGE_CURVE('',#1763,#1761,#995,.T.);
#2213=EDGE_CURVE('',#1762,#1764,#996,.T.);
#2214=EDGE_CURVE('',#1764,#1764,#317,.T.);
#2215=EDGE_CURVE('',#1631,#1765,#318,.T.);
#2216=EDGE_CURVE('',#1765,#1766,#319,.T.);
#2217=EDGE_CURVE('',#1632,#1766,#997,.T.);
#2218=EDGE_CURVE('',#1767,#1767,#320,.T.);
#2219=EDGE_CURVE('',#1768,#1768,#321,.T.);
#2220=EDGE_CURVE('',#1769,#1769,#322,.T.);
#2221=EDGE_CURVE('',#1769,#1767,#998,.T.);
#2222=EDGE_CURVE('',#1768,#1765,#999,.T.);
#2223=EDGE_CURVE('',#1766,#1603,#1000,.T.);
#2224=EDGE_CURVE('',#1770,#1771,#1001,.T.);
#2225=EDGE_CURVE('',#1770,#1772,#323,.T.);
#2226=EDGE_CURVE('',#1772,#1771,#324,.T.);
#2227=EDGE_CURVE('',#1773,#1773,#325,.T.);
#2228=EDGE_CURVE('',#1774,#1774,#326,.T.);
#2229=EDGE_CURVE('',#1775,#1775,#327,.T.);
#2230=EDGE_CURVE('',#1775,#1773,#1002,.T.);
#2231=EDGE_CURVE('',#1774,#1772,#1003,.T.);
#2232=EDGE_CURVE('',#1776,#1770,#1004,.T.);
#2233=EDGE_CURVE('',#1777,#1776,#217,.T.);
#2234=EDGE_CURVE('',#1771,#1777,#1005,.T.);
#2235=EDGE_CURVE('',#1606,#1604,#328,.T.);
#2236=EDGE_CURVE('',#1778,#1778,#329,.T.);
#2237=EDGE_CURVE('',#1779,#1779,#330,.T.);
#2238=EDGE_CURVE('',#1780,#1780,#331,.T.);
#2239=EDGE_CURVE('',#1780,#1778,#1006,.T.);
#2240=EDGE_CURVE('',#1779,#1605,#1007,.T.);
#2241=EDGE_CURVE('',#1781,#1782,#1008,.T.);
#2242=EDGE_CURVE('',#1783,#1781,#1009,.T.);
#2243=EDGE_CURVE('',#1784,#1783,#1010,.T.);
#2244=EDGE_CURVE('',#1782,#1784,#1011,.T.);
#2245=EDGE_CURVE('',#1785,#1785,#332,.T.);
#2246=EDGE_CURVE('',#1785,#1786,#1012,.T.);
#2247=EDGE_CURVE('',#1786,#1786,#333,.T.);
#2248=EDGE_CURVE('',#1786,#1787,#1013,.T.);
#2249=EDGE_CURVE('',#1787,#1787,#334,.T.);
#2250=EDGE_CURVE('',#1622,#1741,#1014,.T.);
#2251=EDGE_CURVE('',#1788,#1669,#1015,.T.);
#2252=EDGE_CURVE('',#1715,#1788,#1016,.T.);
#2253=EDGE_CURVE('',#1789,#1784,#1017,.T.);
#2254=EDGE_CURVE('',#1789,#1790,#1018,.T.);
#2255=EDGE_CURVE('',#1782,#1790,#1019,.T.);
#2256=EDGE_CURVE('',#1714,#1791,#1020,.T.);
#2257=EDGE_CURVE('',#1791,#1792,#1021,.T.);
#2258=EDGE_CURVE('',#1792,#1633,#1022,.T.);
#2259=EDGE_CURVE('',#1713,#1776,#1023,.T.);
#2260=EDGE_CURVE('',#1777,#1793,#1024,.T.);
#2261=EDGE_CURVE('',#1794,#1793,#1025,.T.);
#2262=EDGE_CURVE('',#1710,#1794,#1026,.T.);
#2263=EDGE_CURVE('',#1795,#1796,#1027,.T.);
#2264=EDGE_CURVE('',#1797,#1796,#335,.T.);
#2265=EDGE_CURVE('',#1797,#1798,#1028,.T.);
#2266=EDGE_CURVE('',#1799,#1798,#1029,.T.);
#2267=EDGE_CURVE('',#1800,#1799,#1030,.T.);
#2268=EDGE_CURVE('',#1790,#1800,#1031,.T.);
#2269=EDGE_CURVE('',#1801,#1789,#1032,.T.);
#2270=EDGE_CURVE('',#1801,#1802,#1033,.T.);
#2271=EDGE_CURVE('',#1803,#1802,#336,.T.);
#2272=EDGE_CURVE('',#1804,#1803,#1034,.T.);
#2273=EDGE_CURVE('',#1795,#1804,#1035,.T.);
#2274=EDGE_CURVE('',#1805,#1806,#20,.T.);
#2275=EDGE_CURVE('',#1806,#1807,#337,.T.);
#2276=EDGE_CURVE('',#1807,#1808,#21,.T.);
#2277=EDGE_CURVE('',#1808,#1805,#338,.T.);
#2278=EDGE_CURVE('',#1788,#1809,#1036,.T.);
#2279=EDGE_CURVE('',#1809,#1801,#1037,.T.);
#2280=EDGE_CURVE('',#1810,#1783,#1038,.T.);
#2281=EDGE_CURVE('',#1752,#1810,#1039,.T.);
#2282=EDGE_CURVE('',#1755,#1751,#1040,.T.);
#2283=EDGE_CURVE('',#1656,#1756,#1041,.T.);
#2284=EDGE_CURVE('',#1806,#1811,#1042,.T.);
#2285=EDGE_CURVE('',#1812,#1811,#339,.T.);
#2286=EDGE_CURVE('',#1812,#1807,#1043,.T.);
#2287=EDGE_CURVE('',#1805,#1813,#1044,.T.);
#2288=EDGE_CURVE('',#1814,#1813,#1045,.T.);
#2289=EDGE_CURVE('',#1814,#1815,#1046,.T.);
#2290=EDGE_CURVE('',#1816,#1815,#1047,.T.);
#2291=EDGE_CURVE('',#1817,#1816,#1048,.T.);
#2292=EDGE_CURVE('',#1818,#1817,#1049,.T.);
#2293=EDGE_CURVE('',#1819,#1818,#1050,.T.);
#2294=EDGE_CURVE('',#1811,#1819,#22,.T.);
#2295=EDGE_CURVE('',#1820,#1812,#23,.T.);
#2296=EDGE_CURVE('',#1819,#1820,#340,.T.);
#2297=EDGE_CURVE('',#1820,#1821,#1051,.T.);
#2298=EDGE_CURVE('',#1822,#1821,#1052,.T.);
#2299=EDGE_CURVE('',#1822,#1823,#1053,.T.);
#2300=EDGE_CURVE('',#1824,#1823,#1054,.T.);
#2301=EDGE_CURVE('',#1825,#1824,#1055,.T.);
#2302=EDGE_CURVE('',#1826,#1825,#1056,.T.);
#2303=EDGE_CURVE('',#1808,#1826,#1057,.T.);
#2304=EDGE_CURVE('',#1821,#1818,#341,.T.);
#2305=EDGE_CURVE('',#1793,#1803,#1058,.T.);
#2306=EDGE_CURVE('',#1802,#1827,#1059,.T.);
#2307=EDGE_CURVE('',#1827,#1793,#218,.T.);
#2308=EDGE_CURVE('',#1827,#1828,#1060,.T.);
#2309=EDGE_CURVE('',#1828,#1794,#219,.T.);
#2310=EDGE_CURVE('',#1828,#1797,#1061,.T.);
#2311=EDGE_CURVE('',#1796,#1794,#1062,.T.);
#2312=EDGE_CURVE('',#1804,#1600,#1063,.T.);
#2313=EDGE_CURVE('',#1791,#1795,#1064,.T.);
#2314=EDGE_CURVE('',#1829,#1809,#1065,.T.);
#2315=EDGE_CURVE('',#1798,#1829,#1066,.T.);
#2316=EDGE_CURVE('',#1829,#1676,#1067,.T.);
#2317=EDGE_CURVE('',#1815,#1824,#220,.T.);
#2318=EDGE_CURVE('',#1825,#1814,#342,.T.);
#2319=EDGE_CURVE('',#1823,#1816,#221,.T.);
#2320=EDGE_CURVE('',#1817,#1822,#343,.T.);
#2321=EDGE_CURVE('',#1813,#1826,#344,.T.);
#2322=EDGE_CURVE('',#1830,#1800,#1068,.T.);
#2323=EDGE_CURVE('',#1830,#1831,#1069,.T.);
#2324=EDGE_CURVE('',#1781,#1831,#1070,.T.);
#2325=EDGE_CURVE('',#1799,#1832,#1071,.T.);
#2326=EDGE_CURVE('',#1832,#1830,#1072,.T.);
#2327=EDGE_CURVE('',#1831,#1810,#1073,.T.);
#2328=EDGE_CURVE('',#1753,#1833,#1074,.T.);
#2329=EDGE_CURVE('',#1792,#1833,#1075,.T.);
#2330=EDGE_CURVE('',#1833,#1832,#1076,.T.);
#2331=EDGE_CURVE('',#1834,#1835,#345,.F.);
#2332=EDGE_CURVE('',#1835,#1836,#1077,.T.);
#2333=EDGE_CURVE('',#1836,#1837,#346,.F.);
#2334=EDGE_CURVE('',#1837,#1834,#1078,.T.);
#2335=EDGE_CURVE('',#1838,#1835,#1079,.T.);
#2336=EDGE_CURVE('',#1839,#1838,#347,.T.);
#2337=EDGE_CURVE('',#1840,#1839,#1080,.T.);
#2338=EDGE_CURVE('',#1836,#1840,#1081,.T.);
#2339=EDGE_CURVE('',#1841,#1842,#1082,.T.);
#2340=EDGE_CURVE('',#1842,#1718,#1083,.T.);
#2341=EDGE_CURVE('',#1717,#1841,#1084,.T.);
#2342=EDGE_CURVE('',#1841,#1660,#1085,.T.);
#2343=EDGE_CURVE('',#1659,#1843,#1086,.T.);
#2344=EDGE_CURVE('',#1843,#1844,#1087,.T.);
#2345=EDGE_CURVE('',#1844,#1845,#1088,.T.);
#2346=EDGE_CURVE('',#1845,#1846,#1089,.T.);
#2347=EDGE_CURVE('',#1846,#1750,#1090,.T.);
#2348=EDGE_CURVE('',#1847,#1749,#1091,.T.);
#2349=EDGE_CURVE('',#1848,#1847,#1092,.T.);
#2350=EDGE_CURVE('',#1848,#1849,#1093,.T.);
#2351=EDGE_CURVE('',#1849,#1850,#1094,.T.);
#2352=EDGE_CURVE('',#1850,#1851,#1095,.T.);
#2353=EDGE_CURVE('',#1851,#1852,#1096,.T.);
#2354=EDGE_CURVE('',#1852,#1853,#1097,.T.);
#2355=EDGE_CURVE('',#1853,#1842,#1098,.T.);
#2356=EDGE_CURVE('',#1854,#1855,#348,.T.);
#2357=EDGE_CURVE('',#1854,#1856,#1099,.T.);
#2358=EDGE_CURVE('',#1857,#1856,#349,.T.);
#2359=EDGE_CURVE('',#1857,#1855,#1100,.T.);
#2360=EDGE_CURVE('',#1858,#1858,#350,.T.);
#2361=EDGE_CURVE('',#1859,#1859,#351,.T.);
#2362=EDGE_CURVE('',#1860,#1860,#352,.T.);
#2363=EDGE_CURVE('',#1861,#1862,#353,.T.);
#2364=EDGE_CURVE('',#1862,#1863,#1101,.T.);
#2365=EDGE_CURVE('',#1863,#1864,#1571,.T.);
#2366=EDGE_CURVE('',#1864,#1865,#222,.T.);
#2367=EDGE_CURVE('',#1865,#1861,#1102,.T.);
#2368=EDGE_CURVE('',#1862,#1747,#1103,.T.);
#2369=EDGE_CURVE('',#1863,#1746,#1104,.T.);
#2370=EDGE_CURVE('',#1866,#1861,#1105,.T.);
#2371=EDGE_CURVE('',#1867,#1866,#354,.T.);
#2372=EDGE_CURVE('',#1867,#1868,#1106,.T.);
#2373=EDGE_CURVE('',#1868,#1869,#1107,.T.);
#2374=EDGE_CURVE('',#1869,#1870,#1108,.T.);
#2375=EDGE_CURVE('',#1870,#1871,#1109,.T.);
#2376=EDGE_CURVE('',#1871,#1872,#1110,.T.);
#2377=EDGE_CURVE('',#1748,#1872,#1111,.T.);
#2378=EDGE_CURVE('',#1873,#1873,#355,.T.);
#2379=EDGE_CURVE('',#1865,#1874,#1112,.T.);
#2380=EDGE_CURVE('',#1866,#1874,#1113,.T.);
#2381=EDGE_CURVE('',#1614,#1875,#1114,.T.);
#2382=EDGE_CURVE('',#1875,#1706,#356,.T.);
#2383=EDGE_CURVE('',#1876,#1707,#1572,.F.);
#2384=EDGE_CURVE('',#1875,#1876,#223,.T.);
#2385=EDGE_CURVE('',#1843,#1613,#1115,.T.);
#2386=EDGE_CURVE('',#1846,#1877,#1116,.T.);
#2387=EDGE_CURVE('',#1877,#1876,#1117,.T.);
#2388=EDGE_CURVE('',#1618,#1709,#1118,.T.);
#2389=EDGE_CURVE('',#1878,#1879,#357,.T.);
#2390=EDGE_CURVE('',#1879,#1880,#358,.T.);
#2391=EDGE_CURVE('',#1880,#1881,#1573,.T.);
#2392=EDGE_CURVE('',#1881,#1878,#359,.T.);
#2393=EDGE_CURVE('',#1882,#1883,#224,.T.);
#2394=EDGE_CURVE('',#1882,#1879,#1119,.T.);
#2395=EDGE_CURVE('',#1878,#1884,#1120,.T.);
#2396=EDGE_CURVE('',#1884,#1883,#225,.T.);
#2397=EDGE_CURVE('',#1708,#1881,#1121,.T.);
#2398=EDGE_CURVE('',#1884,#1877,#1122,.T.);
#2399=EDGE_CURVE('',#1880,#1745,#1123,.T.);
#2400=EDGE_CURVE('',#1879,#1864,#1124,.T.);
#2401=EDGE_CURVE('',#1882,#1885,#1125,.T.);
#2402=EDGE_CURVE('',#1874,#1885,#226,.T.);
#2403=EDGE_CURVE('',#1845,#1883,#1126,.T.);
#2404=EDGE_CURVE('',#1844,#1886,#1127,.T.);
#2405=EDGE_CURVE('',#1885,#1886,#1128,.T.);
#2406=EDGE_CURVE('',#1583,#1887,#1574,.T.);
#2407=EDGE_CURVE('',#1887,#1839,#1129,.T.);
#2408=EDGE_CURVE('',#1838,#1867,#1130,.T.);
#2409=EDGE_CURVE('',#1886,#1612,#227,.T.);
#2410=EDGE_CURVE('',#1888,#1889,#1575,.T.);
#2411=EDGE_CURVE('',#1889,#1890,#1576,.T.);
#2412=EDGE_CURVE('',#1890,#1888,#228,.T.);
#2413=EDGE_CURVE('',#1873,#1891,#1131,.T.);
#2414=EDGE_CURVE('',#1891,#1891,#360,.T.);
#2415=EDGE_CURVE('',#1891,#1892,#1132,.T.);
#2416=EDGE_CURVE('',#1892,#1892,#361,.T.);
#2417=EDGE_CURVE('',#1893,#1893,#362,.T.);
#2418=EDGE_CURVE('',#1894,#1894,#363,.T.);
#2419=EDGE_CURVE('',#1895,#1895,#364,.T.);
#2420=EDGE_CURVE('',#1895,#1893,#1133,.T.);
#2421=EDGE_CURVE('',#1894,#1896,#1134,.T.);
#2422=EDGE_CURVE('',#1896,#1896,#365,.T.);
#2423=EDGE_CURVE('',#1897,#1897,#366,.T.);
#2424=EDGE_CURVE('',#1898,#1898,#367,.T.);
#2425=EDGE_CURVE('',#1899,#1899,#368,.T.);
#2426=EDGE_CURVE('',#1899,#1897,#1135,.T.);
#2427=EDGE_CURVE('',#1898,#1900,#1136,.T.);
#2428=EDGE_CURVE('',#1900,#1900,#369,.T.);
#2429=EDGE_CURVE('',#1837,#1901,#1137,.T.);
#2430=EDGE_CURVE('',#1902,#1901,#1138,.T.);
#2431=EDGE_CURVE('',#1903,#1902,#1139,.T.);
#2432=EDGE_CURVE('',#1903,#1904,#1140,.T.);
#2433=EDGE_CURVE('',#1904,#1905,#1141,.T.);
#2434=EDGE_CURVE('',#1905,#1906,#1142,.T.);
#2435=EDGE_CURVE('',#1834,#1906,#1143,.T.);
#2436=EDGE_CURVE('',#1869,#1907,#1144,.T.);
#2437=EDGE_CURVE('',#1901,#1907,#1145,.T.);
#2438=EDGE_CURVE('',#1870,#1840,#1146,.T.);
#2439=EDGE_CURVE('',#1908,#1627,#1147,.T.);
#2440=EDGE_CURVE('',#1909,#1908,#370,.T.);
#2441=EDGE_CURVE('',#1634,#1909,#371,.T.);
#2442=EDGE_CURVE('',#1910,#1910,#372,.T.);
#2443=EDGE_CURVE('',#1911,#1911,#373,.T.);
#2444=EDGE_CURVE('',#1860,#1910,#1148,.T.);
#2445=EDGE_CURVE('',#1911,#1909,#1149,.T.);
#2446=EDGE_CURVE('',#1887,#1908,#1150,.T.);
#2447=EDGE_CURVE('',#1912,#1912,#374,.T.);
#2448=EDGE_CURVE('',#1912,#1913,#1151,.T.);
#2449=EDGE_CURVE('',#1913,#1904,#375,.T.);
#2450=EDGE_CURVE('',#1906,#1903,#229,.T.);
#2451=EDGE_CURVE('',#1905,#1913,#376,.T.);
#2452=EDGE_CURVE('',#1914,#1914,#377,.T.);
#2453=EDGE_CURVE('',#1859,#1914,#1152,.T.);
#2454=EDGE_CURVE('',#1888,#1890,#378,.T.);
#2455=EDGE_CURVE('',#1915,#1915,#379,.T.);
#2456=EDGE_CURVE('',#1916,#1916,#380,.T.);
#2457=EDGE_CURVE('',#1858,#1915,#1153,.T.);
#2458=EDGE_CURVE('',#1916,#1889,#1154,.T.);
#2459=EDGE_CURVE('',#1917,#1902,#1155,.T.);
#2460=EDGE_CURVE('',#1868,#1917,#1156,.T.);
#2461=EDGE_CURVE('',#1918,#1848,#1157,.T.);
#2462=EDGE_CURVE('',#1919,#1918,#1158,.T.);
#2463=EDGE_CURVE('',#1849,#1919,#1159,.T.);
#2464=EDGE_CURVE('',#1853,#1719,#1160,.T.);
#2465=EDGE_CURVE('',#1920,#1854,#24,.T.);
#2466=EDGE_CURVE('',#1855,#1921,#25,.T.);
#2467=EDGE_CURVE('',#1921,#1920,#381,.T.);
#2468=EDGE_CURVE('',#1921,#1922,#1161,.T.);
#2469=EDGE_CURVE('',#1922,#1923,#382,.T.);
#2470=EDGE_CURVE('',#1920,#1923,#1162,.T.);
#2471=EDGE_CURVE('',#1924,#1857,#26,.T.);
#2472=EDGE_CURVE('',#1924,#1925,#1163,.T.);
#2473=EDGE_CURVE('',#1926,#1925,#1164,.T.);
#2474=EDGE_CURVE('',#1926,#1927,#1165,.T.);
#2475=EDGE_CURVE('',#1928,#1927,#1166,.T.);
#2476=EDGE_CURVE('',#1929,#1928,#1167,.T.);
#2477=EDGE_CURVE('',#1922,#1929,#1168,.T.);
#2478=EDGE_CURVE('',#1856,#1930,#27,.T.);
#2479=EDGE_CURVE('',#1930,#1924,#383,.T.);
#2480=EDGE_CURVE('',#1930,#1931,#1169,.T.);
#2481=EDGE_CURVE('',#1931,#1925,#384,.T.);
#2482=EDGE_CURVE('',#1932,#1933,#1170,.T.);
#2483=EDGE_CURVE('',#1933,#1917,#385,.F.);
#2484=EDGE_CURVE('',#1902,#1932,#230,.T.);
#2485=EDGE_CURVE('',#1934,#1932,#1171,.T.);
#2486=EDGE_CURVE('',#1901,#1934,#231,.T.);
#2487=EDGE_CURVE('',#1907,#1935,#386,.F.);
#2488=EDGE_CURVE('',#1935,#1934,#1172,.T.);
#2489=EDGE_CURVE('',#1935,#1936,#1173,.T.);
#2490=EDGE_CURVE('',#1937,#1936,#1174,.T.);
#2491=EDGE_CURVE('',#1937,#1852,#1175,.T.);
#2492=EDGE_CURVE('',#1851,#1933,#1176,.T.);
#2493=EDGE_CURVE('',#1850,#1938,#1177,.T.);
#2494=EDGE_CURVE('',#1939,#1938,#1178,.T.);
#2495=EDGE_CURVE('',#1940,#1939,#1179,.T.);
#2496=EDGE_CURVE('',#1936,#1940,#1180,.T.);
#2497=EDGE_CURVE('',#1938,#1919,#1181,.T.);
#2498=EDGE_CURVE('',#1675,#1937,#1182,.T.);
#2499=EDGE_CURVE('',#1941,#1940,#1183,.T.);
#2500=EDGE_CURVE('',#1872,#1941,#1184,.T.);
#2501=EDGE_CURVE('',#1871,#1630,#1185,.T.);
#2502=EDGE_CURVE('',#1927,#1942,#232,.T.);
#2503=EDGE_CURVE('',#1942,#1943,#1186,.T.);
#2504=EDGE_CURVE('',#1943,#1928,#233,.T.);
#2505=EDGE_CURVE('',#1939,#1944,#1187,.T.);
#2506=EDGE_CURVE('',#1941,#1944,#1188,.T.);
#2507=EDGE_CURVE('',#1945,#1943,#1189,.T.);
#2508=EDGE_CURVE('',#1929,#1945,#387,.T.);
#2509=EDGE_CURVE('',#1946,#1926,#388,.T.);
#2510=EDGE_CURVE('',#1946,#1942,#1190,.T.);
#2511=EDGE_CURVE('',#1945,#1923,#1191,.T.);
#2512=EDGE_CURVE('',#1931,#1946,#1192,.T.);
#2513=EDGE_CURVE('',#1947,#1847,#1193,.T.);
#2514=EDGE_CURVE('',#1947,#1918,#1194,.T.);
#2515=EDGE_CURVE('',#1944,#1947,#1195,.T.);
#2516=EDGE_CURVE('',#1948,#1742,#389,.T.);
#2517=EDGE_CURVE('',#1621,#1948,#1196,.T.);
#2518=EDGE_CURVE('',#1744,#1619,#1197,.T.);
#2519=EDGE_CURVE('',#1949,#1620,#1198,.T.);
#2520=EDGE_CURVE('',#1743,#1949,#390,.T.);
#2521=EDGE_CURVE('',#1949,#1948,#1199,.T.);
#2522=ORIENTED_EDGE('',*,*,#1950,.F.);
#2523=ORIENTED_EDGE('',*,*,#1951,.T.);
#2524=ORIENTED_EDGE('',*,*,#1952,.F.);
#2525=ORIENTED_EDGE('',*,*,#1953,.F.);
#2526=ORIENTED_EDGE('',*,*,#1954,.T.);
#2527=ORIENTED_EDGE('',*,*,#1955,.F.);
#2528=ORIENTED_EDGE('',*,*,#1956,.T.);
#2529=ORIENTED_EDGE('',*,*,#1957,.T.);
#2530=ORIENTED_EDGE('',*,*,#1958,.T.);
#2531=ORIENTED_EDGE('',*,*,#1959,.T.);
#2532=ORIENTED_EDGE('',*,*,#1960,.T.);
#2533=ORIENTED_EDGE('',*,*,#1961,.T.);
#2534=ORIENTED_EDGE('',*,*,#1957,.F.);
#2535=ORIENTED_EDGE('',*,*,#1962,.T.);
#2536=ORIENTED_EDGE('',*,*,#1963,.F.);
#2537=ORIENTED_EDGE('',*,*,#1964,.T.);
#2538=ORIENTED_EDGE('',*,*,#1965,.T.);
#2539=ORIENTED_EDGE('',*,*,#1966,.T.);
#2540=ORIENTED_EDGE('',*,*,#1967,.T.);
#2541=ORIENTED_EDGE('',*,*,#1968,.T.);
#2542=ORIENTED_EDGE('',*,*,#1965,.F.);
#2543=ORIENTED_EDGE('',*,*,#1969,.T.);
#2544=ORIENTED_EDGE('',*,*,#1967,.F.);
#2545=ORIENTED_EDGE('',*,*,#1970,.T.);
#2546=ORIENTED_EDGE('',*,*,#1960,.F.);
#2547=ORIENTED_EDGE('',*,*,#1971,.T.);
#2548=ORIENTED_EDGE('',*,*,#1952,.T.);
#2549=ORIENTED_EDGE('',*,*,#1972,.T.);
#2550=ORIENTED_EDGE('',*,*,#1973,.T.);
#2551=ORIENTED_EDGE('',*,*,#1974,.T.);
#2552=ORIENTED_EDGE('',*,*,#1975,.T.);
#2553=ORIENTED_EDGE('',*,*,#1976,.T.);
#2554=ORIENTED_EDGE('',*,*,#1977,.T.);
#2555=ORIENTED_EDGE('',*,*,#1978,.T.);
#2556=ORIENTED_EDGE('',*,*,#1979,.T.);
#2557=ORIENTED_EDGE('',*,*,#1980,.T.);
#2558=ORIENTED_EDGE('',*,*,#1981,.T.);
#2559=ORIENTED_EDGE('',*,*,#1982,.T.);
#2560=ORIENTED_EDGE('',*,*,#1983,.T.);
#2561=ORIENTED_EDGE('',*,*,#1984,.T.);
#2562=ORIENTED_EDGE('',*,*,#1971,.F.);
#2563=ORIENTED_EDGE('',*,*,#1962,.F.);
#2564=ORIENTED_EDGE('',*,*,#1985,.F.);
#2565=ORIENTED_EDGE('',*,*,#1986,.T.);
#2566=ORIENTED_EDGE('',*,*,#1987,.F.);
#2567=ORIENTED_EDGE('',*,*,#1986,.F.);
#2568=ORIENTED_EDGE('',*,*,#1988,.F.);
#2569=ORIENTED_EDGE('',*,*,#1989,.F.);
#2570=ORIENTED_EDGE('',*,*,#1968,.F.);
#2571=ORIENTED_EDGE('',*,*,#1951,.F.);
#2572=ORIENTED_EDGE('',*,*,#1990,.T.);
#2573=ORIENTED_EDGE('',*,*,#1991,.T.);
#2574=ORIENTED_EDGE('',*,*,#1966,.F.);
#2575=ORIENTED_EDGE('',*,*,#1989,.T.);
#2576=ORIENTED_EDGE('',*,*,#1992,.T.);
#2577=ORIENTED_EDGE('',*,*,#1993,.T.);
#2578=ORIENTED_EDGE('',*,*,#1988,.T.);
#2579=ORIENTED_EDGE('',*,*,#1985,.T.);
#2580=ORIENTED_EDGE('',*,*,#1956,.F.);
#2581=ORIENTED_EDGE('',*,*,#1994,.F.);
#2582=ORIENTED_EDGE('',*,*,#1995,.T.);
#2583=ORIENTED_EDGE('',*,*,#1996,.T.);
#2584=ORIENTED_EDGE('',*,*,#1997,.F.);
#2585=ORIENTED_EDGE('',*,*,#1998,.T.);
#2586=ORIENTED_EDGE('',*,*,#1999,.T.);
#2587=ORIENTED_EDGE('',*,*,#2000,.T.);
#2588=ORIENTED_EDGE('',*,*,#2001,.F.);
#2589=ORIENTED_EDGE('',*,*,#2002,.T.);
#2590=ORIENTED_EDGE('',*,*,#2003,.T.);
#2591=ORIENTED_EDGE('',*,*,#2004,.T.);
#2592=ORIENTED_EDGE('',*,*,#2005,.T.);
#2593=ORIENTED_EDGE('',*,*,#2006,.T.);
#2594=ORIENTED_EDGE('',*,*,#2007,.T.);
#2595=ORIENTED_EDGE('',*,*,#2008,.T.);
#2596=ORIENTED_EDGE('',*,*,#1972,.F.);
#2597=ORIENTED_EDGE('',*,*,#2009,.T.);
#2598=ORIENTED_EDGE('',*,*,#2010,.T.);
#2599=ORIENTED_EDGE('',*,*,#2011,.T.);
#2600=ORIENTED_EDGE('',*,*,#2012,.T.);
#2601=ORIENTED_EDGE('',*,*,#2013,.T.);
#2602=ORIENTED_EDGE('',*,*,#1954,.F.);
#2603=ORIENTED_EDGE('',*,*,#2014,.T.);
#2604=ORIENTED_EDGE('',*,*,#2015,.T.);
#2605=ORIENTED_EDGE('',*,*,#2016,.F.);
#2606=ORIENTED_EDGE('',*,*,#2017,.F.);
#2607=ORIENTED_EDGE('',*,*,#2011,.F.);
#2608=ORIENTED_EDGE('',*,*,#2018,.T.);
#2609=ORIENTED_EDGE('',*,*,#2019,.T.);
#2610=ORIENTED_EDGE('',*,*,#1958,.F.);
#2611=ORIENTED_EDGE('',*,*,#1961,.F.);
#2612=ORIENTED_EDGE('',*,*,#1970,.F.);
#2613=ORIENTED_EDGE('',*,*,#1969,.F.);
#2614=ORIENTED_EDGE('',*,*,#1964,.F.);
#2615=ORIENTED_EDGE('',*,*,#2020,.T.);
#2616=ORIENTED_EDGE('',*,*,#2021,.T.);
#2617=ORIENTED_EDGE('',*,*,#2022,.T.);
#2618=ORIENTED_EDGE('',*,*,#2023,.T.);
#2619=ORIENTED_EDGE('',*,*,#2024,.T.);
#2620=ORIENTED_EDGE('',*,*,#2025,.T.);
#2621=ORIENTED_EDGE('',*,*,#2026,.T.);
#2622=ORIENTED_EDGE('',*,*,#2027,.T.);
#2623=ORIENTED_EDGE('',*,*,#2028,.T.);
#2624=ORIENTED_EDGE('',*,*,#2029,.T.);
#2625=ORIENTED_EDGE('',*,*,#2030,.T.);
#2626=ORIENTED_EDGE('',*,*,#2031,.T.);
#2627=ORIENTED_EDGE('',*,*,#2032,.T.);
#2628=ORIENTED_EDGE('',*,*,#2033,.T.);
#2629=ORIENTED_EDGE('',*,*,#2030,.F.);
#2630=ORIENTED_EDGE('',*,*,#2034,.T.);
#2631=ORIENTED_EDGE('',*,*,#2035,.F.);
#2632=ORIENTED_EDGE('',*,*,#2036,.T.);
#2633=ORIENTED_EDGE('',*,*,#2037,.F.);
#2634=ORIENTED_EDGE('',*,*,#2038,.T.);
#2635=ORIENTED_EDGE('',*,*,#2039,.F.);
#2636=ORIENTED_EDGE('',*,*,#2040,.T.);
#2637=ORIENTED_EDGE('',*,*,#2041,.T.);
#2638=ORIENTED_EDGE('',*,*,#2042,.T.);
#2639=ORIENTED_EDGE('',*,*,#2043,.T.);
#2640=ORIENTED_EDGE('',*,*,#2044,.F.);
#2641=ORIENTED_EDGE('',*,*,#2045,.T.);
#2642=ORIENTED_EDGE('',*,*,#2046,.T.);
#2643=ORIENTED_EDGE('',*,*,#2047,.T.);
#2644=ORIENTED_EDGE('',*,*,#2048,.T.);
#2645=ORIENTED_EDGE('',*,*,#2033,.F.);
#2646=ORIENTED_EDGE('',*,*,#2049,.F.);
#2647=ORIENTED_EDGE('',*,*,#2050,.F.);
#2648=ORIENTED_EDGE('',*,*,#2034,.F.);
#2649=ORIENTED_EDGE('',*,*,#2051,.F.);
#2650=ORIENTED_EDGE('',*,*,#2052,.T.);
#2651=ORIENTED_EDGE('',*,*,#2035,.T.);
#2652=ORIENTED_EDGE('',*,*,#2050,.T.);
#2653=ORIENTED_EDGE('',*,*,#2052,.F.);
#2654=ORIENTED_EDGE('',*,*,#2053,.F.);
#2655=ORIENTED_EDGE('',*,*,#2054,.F.);
#2656=ORIENTED_EDGE('',*,*,#2036,.F.);
#2657=ORIENTED_EDGE('',*,*,#2055,.F.);
#2658=ORIENTED_EDGE('',*,*,#2056,.T.);
#2659=ORIENTED_EDGE('',*,*,#2037,.T.);
#2660=ORIENTED_EDGE('',*,*,#2054,.T.);
#2661=ORIENTED_EDGE('',*,*,#2056,.F.);
#2662=ORIENTED_EDGE('',*,*,#2057,.F.);
#2663=ORIENTED_EDGE('',*,*,#2058,.F.);
#2664=ORIENTED_EDGE('',*,*,#2038,.F.);
#2665=ORIENTED_EDGE('',*,*,#2039,.T.);
#2666=ORIENTED_EDGE('',*,*,#2058,.T.);
#2667=ORIENTED_EDGE('',*,*,#2059,.T.);
#2668=ORIENTED_EDGE('',*,*,#2060,.T.);
#2669=ORIENTED_EDGE('',*,*,#2060,.F.);
#2670=ORIENTED_EDGE('',*,*,#2061,.F.);
#2671=ORIENTED_EDGE('',*,*,#2062,.T.);
#2672=ORIENTED_EDGE('',*,*,#2063,.T.);
#2673=ORIENTED_EDGE('',*,*,#2064,.F.);
#2674=ORIENTED_EDGE('',*,*,#2065,.T.);
#2675=ORIENTED_EDGE('',*,*,#2040,.F.);
#2676=ORIENTED_EDGE('',*,*,#2066,.T.);
#2677=ORIENTED_EDGE('',*,*,#2067,.T.);
#2678=ORIENTED_EDGE('',*,*,#2068,.T.);
#2679=ORIENTED_EDGE('',*,*,#2067,.F.);
#2680=ORIENTED_EDGE('',*,*,#2051,.T.);
#2681=ORIENTED_EDGE('',*,*,#2049,.T.);
#2682=ORIENTED_EDGE('',*,*,#2032,.F.);
#2683=ORIENTED_EDGE('',*,*,#2069,.T.);
#2684=ORIENTED_EDGE('',*,*,#2070,.T.);
#2685=ORIENTED_EDGE('',*,*,#2071,.T.);
#2686=ORIENTED_EDGE('',*,*,#2072,.T.);
#2687=ORIENTED_EDGE('',*,*,#2061,.T.);
#2688=ORIENTED_EDGE('',*,*,#2059,.F.);
#2689=ORIENTED_EDGE('',*,*,#2057,.T.);
#2690=ORIENTED_EDGE('',*,*,#2055,.T.);
#2691=ORIENTED_EDGE('',*,*,#2053,.T.);
#2692=ORIENTED_EDGE('',*,*,#2073,.F.);
#2693=ORIENTED_EDGE('',*,*,#2074,.F.);
#2694=ORIENTED_EDGE('',*,*,#2075,.F.);
#2695=ORIENTED_EDGE('',*,*,#2076,.F.);
#2696=ORIENTED_EDGE('',*,*,#2077,.F.);
#2697=ORIENTED_EDGE('',*,*,#2078,.F.);
#2698=ORIENTED_EDGE('',*,*,#2079,.F.);
#2699=ORIENTED_EDGE('',*,*,#2080,.F.);
#2700=ORIENTED_EDGE('',*,*,#2066,.F.);
#2701=ORIENTED_EDGE('',*,*,#2068,.F.);
#2702=ORIENTED_EDGE('',*,*,#2081,.T.);
#2703=ORIENTED_EDGE('',*,*,#2022,.F.);
#2704=ORIENTED_EDGE('',*,*,#2081,.F.);
#2705=ORIENTED_EDGE('',*,*,#2073,.T.);
#2706=ORIENTED_EDGE('',*,*,#2082,.T.);
#2707=ORIENTED_EDGE('',*,*,#2083,.T.);
#2708=ORIENTED_EDGE('',*,*,#2082,.F.);
#2709=ORIENTED_EDGE('',*,*,#2083,.F.);
#2710=ORIENTED_EDGE('',*,*,#2084,.T.);
#2711=ORIENTED_EDGE('',*,*,#2029,.F.);
#2712=ORIENTED_EDGE('',*,*,#2084,.F.);
#2713=ORIENTED_EDGE('',*,*,#2080,.T.);
#2714=ORIENTED_EDGE('',*,*,#2085,.T.);
#2715=ORIENTED_EDGE('',*,*,#2086,.T.);
#2716=ORIENTED_EDGE('',*,*,#2085,.F.);
#2717=ORIENTED_EDGE('',*,*,#2086,.F.);
#2718=ORIENTED_EDGE('',*,*,#2087,.T.);
#2719=ORIENTED_EDGE('',*,*,#2027,.F.);
#2720=ORIENTED_EDGE('',*,*,#2087,.F.);
#2721=ORIENTED_EDGE('',*,*,#2074,.T.);
#2722=ORIENTED_EDGE('',*,*,#2088,.T.);
#2723=ORIENTED_EDGE('',*,*,#2089,.T.);
#2724=ORIENTED_EDGE('',*,*,#2088,.F.);
#2725=ORIENTED_EDGE('',*,*,#2089,.F.);
#2726=ORIENTED_EDGE('',*,*,#2090,.T.);
#2727=ORIENTED_EDGE('',*,*,#2028,.F.);
#2728=ORIENTED_EDGE('',*,*,#2090,.F.);
#2729=ORIENTED_EDGE('',*,*,#2091,.T.);
#2730=ORIENTED_EDGE('',*,*,#2092,.T.);
#2731=ORIENTED_EDGE('',*,*,#2079,.T.);
#2732=ORIENTED_EDGE('',*,*,#2092,.F.);
#2733=ORIENTED_EDGE('',*,*,#2091,.F.);
#2734=ORIENTED_EDGE('',*,*,#2093,.T.);
#2735=ORIENTED_EDGE('',*,*,#2026,.F.);
#2736=ORIENTED_EDGE('',*,*,#2093,.F.);
#2737=ORIENTED_EDGE('',*,*,#2094,.T.);
#2738=ORIENTED_EDGE('',*,*,#2095,.T.);
#2739=ORIENTED_EDGE('',*,*,#2075,.T.);
#2740=ORIENTED_EDGE('',*,*,#2095,.F.);
#2741=ORIENTED_EDGE('',*,*,#2094,.F.);
#2742=ORIENTED_EDGE('',*,*,#2096,.T.);
#2743=ORIENTED_EDGE('',*,*,#2025,.F.);
#2744=ORIENTED_EDGE('',*,*,#2096,.F.);
#2745=ORIENTED_EDGE('',*,*,#2097,.T.);
#2746=ORIENTED_EDGE('',*,*,#2098,.T.);
#2747=ORIENTED_EDGE('',*,*,#2078,.T.);
#2748=ORIENTED_EDGE('',*,*,#2098,.F.);
#2749=ORIENTED_EDGE('',*,*,#2097,.F.);
#2750=ORIENTED_EDGE('',*,*,#2099,.T.);
#2751=ORIENTED_EDGE('',*,*,#2024,.F.);
#2752=ORIENTED_EDGE('',*,*,#2099,.F.);
#2753=ORIENTED_EDGE('',*,*,#2100,.T.);
#2754=ORIENTED_EDGE('',*,*,#2101,.T.);
#2755=ORIENTED_EDGE('',*,*,#2076,.T.);
#2756=ORIENTED_EDGE('',*,*,#2101,.F.);
#2757=ORIENTED_EDGE('',*,*,#2100,.F.);
#2758=ORIENTED_EDGE('',*,*,#2102,.T.);
#2759=ORIENTED_EDGE('',*,*,#2023,.F.);
#2760=ORIENTED_EDGE('',*,*,#2102,.F.);
#2761=ORIENTED_EDGE('',*,*,#2077,.T.);
#2762=ORIENTED_EDGE('',*,*,#2103,.T.);
#2763=ORIENTED_EDGE('',*,*,#2104,.T.);
#2764=ORIENTED_EDGE('',*,*,#2103,.F.);
#2765=ORIENTED_EDGE('',*,*,#2104,.F.);
#2766=ORIENTED_EDGE('',*,*,#2105,.T.);
#2767=ORIENTED_EDGE('',*,*,#2021,.F.);
#2768=ORIENTED_EDGE('',*,*,#2105,.F.);
#2769=ORIENTED_EDGE('',*,*,#1950,.T.);
#2770=ORIENTED_EDGE('',*,*,#2020,.F.);
#2771=ORIENTED_EDGE('',*,*,#1963,.T.);
#2772=ORIENTED_EDGE('',*,*,#1991,.F.);
#2773=ORIENTED_EDGE('',*,*,#2106,.T.);
#2774=ORIENTED_EDGE('',*,*,#2107,.F.);
#2775=ORIENTED_EDGE('',*,*,#2106,.F.);
#2776=ORIENTED_EDGE('',*,*,#1990,.F.);
#2777=ORIENTED_EDGE('',*,*,#2107,.T.);
#2778=ORIENTED_EDGE('',*,*,#2108,.T.);
#2779=ORIENTED_EDGE('',*,*,#2109,.F.);
#2780=ORIENTED_EDGE('',*,*,#2108,.F.);
#2781=ORIENTED_EDGE('',*,*,#2009,.F.);
#2782=ORIENTED_EDGE('',*,*,#2110,.T.);
#2783=ORIENTED_EDGE('',*,*,#2111,.F.);
#2784=ORIENTED_EDGE('',*,*,#2110,.F.);
#2785=ORIENTED_EDGE('',*,*,#2111,.T.);
#2786=ORIENTED_EDGE('',*,*,#2112,.T.);
#2787=ORIENTED_EDGE('',*,*,#2113,.F.);
#2788=ORIENTED_EDGE('',*,*,#2112,.F.);
#2789=ORIENTED_EDGE('',*,*,#1992,.F.);
#2790=ORIENTED_EDGE('',*,*,#1993,.F.);
#2791=ORIENTED_EDGE('',*,*,#2114,.T.);
#2792=ORIENTED_EDGE('',*,*,#2115,.F.);
#2793=ORIENTED_EDGE('',*,*,#2114,.F.);
#2794=ORIENTED_EDGE('',*,*,#2115,.T.);
#2795=ORIENTED_EDGE('',*,*,#2116,.T.);
#2796=ORIENTED_EDGE('',*,*,#2117,.F.);
#2797=ORIENTED_EDGE('',*,*,#2116,.F.);
#2798=ORIENTED_EDGE('',*,*,#1987,.T.);
#2799=ORIENTED_EDGE('',*,*,#2118,.T.);
#2800=ORIENTED_EDGE('',*,*,#2119,.F.);
#2801=ORIENTED_EDGE('',*,*,#2118,.F.);
#2802=ORIENTED_EDGE('',*,*,#2120,.F.);
#2803=ORIENTED_EDGE('',*,*,#2121,.T.);
#2804=ORIENTED_EDGE('',*,*,#2122,.T.);
#2805=ORIENTED_EDGE('',*,*,#2123,.F.);
#2806=ORIENTED_EDGE('',*,*,#2122,.F.);
#2807=ORIENTED_EDGE('',*,*,#2124,.T.);
#2808=ORIENTED_EDGE('',*,*,#2125,.F.);
#2809=ORIENTED_EDGE('',*,*,#2126,.F.);
#2810=ORIENTED_EDGE('',*,*,#2127,.F.);
#2811=ORIENTED_EDGE('',*,*,#1999,.F.);
#2812=ORIENTED_EDGE('',*,*,#2128,.F.);
#2813=ORIENTED_EDGE('',*,*,#2124,.F.);
#2814=ORIENTED_EDGE('',*,*,#2121,.F.);
#2815=ORIENTED_EDGE('',*,*,#2126,.T.);
#2816=ORIENTED_EDGE('',*,*,#2129,.T.);
#2817=ORIENTED_EDGE('',*,*,#2130,.F.);
#2818=ORIENTED_EDGE('',*,*,#2131,.T.);
#2819=ORIENTED_EDGE('',*,*,#2132,.T.);
#2820=ORIENTED_EDGE('',*,*,#2133,.T.);
#2821=ORIENTED_EDGE('',*,*,#2125,.T.);
#2822=ORIENTED_EDGE('',*,*,#2128,.T.);
#2823=ORIENTED_EDGE('',*,*,#1998,.F.);
#2824=ORIENTED_EDGE('',*,*,#2134,.F.);
#2825=ORIENTED_EDGE('',*,*,#2129,.F.);
#2826=ORIENTED_EDGE('',*,*,#2135,.T.);
#2827=ORIENTED_EDGE('',*,*,#2136,.T.);
#2828=ORIENTED_EDGE('',*,*,#2137,.T.);
#2829=ORIENTED_EDGE('',*,*,#2138,.T.);
#2830=ORIENTED_EDGE('',*,*,#2136,.F.);
#2831=ORIENTED_EDGE('',*,*,#2139,.T.);
#2832=ORIENTED_EDGE('',*,*,#2140,.F.);
#2833=ORIENTED_EDGE('',*,*,#1979,.F.);
#2834=ORIENTED_EDGE('',*,*,#2141,.T.);
#2835=ORIENTED_EDGE('',*,*,#2064,.T.);
#2836=ORIENTED_EDGE('',*,*,#2142,.T.);
#2837=ORIENTED_EDGE('',*,*,#2143,.T.);
#2838=ORIENTED_EDGE('',*,*,#2144,.T.);
#2839=ORIENTED_EDGE('',*,*,#2031,.F.);
#2840=ORIENTED_EDGE('',*,*,#2048,.F.);
#2841=ORIENTED_EDGE('',*,*,#2145,.T.);
#2842=ORIENTED_EDGE('',*,*,#2146,.F.);
#2843=ORIENTED_EDGE('',*,*,#2147,.T.);
#2844=ORIENTED_EDGE('',*,*,#2148,.T.);
#2845=ORIENTED_EDGE('',*,*,#2069,.F.);
#2846=ORIENTED_EDGE('',*,*,#2144,.F.);
#2847=ORIENTED_EDGE('',*,*,#2149,.F.);
#2848=ORIENTED_EDGE('',*,*,#2041,.F.);
#2849=ORIENTED_EDGE('',*,*,#2065,.F.);
#2850=ORIENTED_EDGE('',*,*,#2150,.T.);
#2851=ORIENTED_EDGE('',*,*,#2151,.T.);
#2852=ORIENTED_EDGE('',*,*,#2152,.T.);
#2853=ORIENTED_EDGE('',*,*,#2153,.T.);
#2854=ORIENTED_EDGE('',*,*,#2154,.T.);
#2855=ORIENTED_EDGE('',*,*,#2154,.F.);
#2856=ORIENTED_EDGE('',*,*,#2155,.F.);
#2857=ORIENTED_EDGE('',*,*,#2156,.F.);
#2858=ORIENTED_EDGE('',*,*,#2157,.F.);
#2859=ORIENTED_EDGE('',*,*,#2153,.F.);
#2860=ORIENTED_EDGE('',*,*,#2158,.T.);
#2861=ORIENTED_EDGE('',*,*,#2159,.F.);
#2862=ORIENTED_EDGE('',*,*,#2160,.T.);
#2863=ORIENTED_EDGE('',*,*,#2161,.T.);
#2864=ORIENTED_EDGE('',*,*,#2155,.T.);
#2865=ORIENTED_EDGE('',*,*,#2152,.F.);
#2866=ORIENTED_EDGE('',*,*,#2162,.F.);
#2867=ORIENTED_EDGE('',*,*,#1975,.F.);
#2868=ORIENTED_EDGE('',*,*,#2163,.F.);
#2869=ORIENTED_EDGE('',*,*,#2164,.F.);
#2870=ORIENTED_EDGE('',*,*,#2158,.F.);
#2871=ORIENTED_EDGE('',*,*,#2165,.T.);
#2872=ORIENTED_EDGE('',*,*,#2166,.T.);
#2873=ORIENTED_EDGE('',*,*,#2167,.T.);
#2874=ORIENTED_EDGE('',*,*,#2159,.T.);
#2875=ORIENTED_EDGE('',*,*,#2168,.F.);
#2876=ORIENTED_EDGE('',*,*,#2169,.F.);
#2877=ORIENTED_EDGE('',*,*,#2170,.T.);
#2878=ORIENTED_EDGE('',*,*,#2165,.F.);
#2879=ORIENTED_EDGE('',*,*,#2164,.T.);
#2880=ORIENTED_EDGE('',*,*,#2171,.T.);
#2881=ORIENTED_EDGE('',*,*,#2168,.T.);
#2882=ORIENTED_EDGE('',*,*,#2163,.T.);
#2883=ORIENTED_EDGE('',*,*,#1974,.F.);
#2884=ORIENTED_EDGE('',*,*,#2172,.F.);
#2885=ORIENTED_EDGE('',*,*,#2173,.F.);
#2886=ORIENTED_EDGE('',*,*,#2174,.T.);
#2887=ORIENTED_EDGE('',*,*,#2175,.T.);
#2888=ORIENTED_EDGE('',*,*,#2176,.T.);
#2889=ORIENTED_EDGE('',*,*,#2177,.T.);
#2890=ORIENTED_EDGE('',*,*,#2175,.F.);
#2891=ORIENTED_EDGE('',*,*,#2178,.F.);
#2892=ORIENTED_EDGE('',*,*,#2006,.F.);
#2893=ORIENTED_EDGE('',*,*,#2179,.F.);
#2894=ORIENTED_EDGE('',*,*,#2151,.F.);
#2895=ORIENTED_EDGE('',*,*,#2180,.F.);
#2896=ORIENTED_EDGE('',*,*,#1976,.F.);
#2897=ORIENTED_EDGE('',*,*,#2162,.T.);
#2898=ORIENTED_EDGE('',*,*,#2161,.F.);
#2899=ORIENTED_EDGE('',*,*,#2181,.F.);
#2900=ORIENTED_EDGE('',*,*,#2182,.T.);
#2901=ORIENTED_EDGE('',*,*,#2183,.F.);
#2902=ORIENTED_EDGE('',*,*,#2184,.T.);
#2903=ORIENTED_EDGE('',*,*,#2185,.F.);
#2904=ORIENTED_EDGE('',*,*,#2186,.F.);
#2905=ORIENTED_EDGE('',*,*,#2187,.F.);
#2906=ORIENTED_EDGE('',*,*,#2188,.T.);
#2907=ORIENTED_EDGE('',*,*,#2189,.F.);
#2908=ORIENTED_EDGE('',*,*,#2190,.T.);
#2909=ORIENTED_EDGE('',*,*,#2191,.T.);
#2910=ORIENTED_EDGE('',*,*,#2044,.T.);
#2911=ORIENTED_EDGE('',*,*,#2192,.T.);
#2912=ORIENTED_EDGE('',*,*,#2193,.T.);
#2913=ORIENTED_EDGE('',*,*,#2194,.T.);
#2914=ORIENTED_EDGE('',*,*,#2195,.F.);
#2915=ORIENTED_EDGE('',*,*,#2156,.T.);
#2916=ORIENTED_EDGE('',*,*,#2109,.T.);
#2917=ORIENTED_EDGE('',*,*,#2113,.T.);
#2918=ORIENTED_EDGE('',*,*,#2117,.T.);
#2919=ORIENTED_EDGE('',*,*,#2119,.T.);
#2920=ORIENTED_EDGE('',*,*,#2123,.T.);
#2921=ORIENTED_EDGE('',*,*,#2170,.F.);
#2922=ORIENTED_EDGE('',*,*,#2196,.F.);
#2923=ORIENTED_EDGE('',*,*,#2197,.T.);
#2924=ORIENTED_EDGE('',*,*,#2177,.F.);
#2925=ORIENTED_EDGE('',*,*,#2198,.F.);
#2926=ORIENTED_EDGE('',*,*,#2166,.F.);
#2927=ORIENTED_EDGE('',*,*,#2199,.F.);
#2928=ORIENTED_EDGE('',*,*,#2200,.T.);
#2929=ORIENTED_EDGE('',*,*,#2196,.T.);
#2930=ORIENTED_EDGE('',*,*,#2169,.T.);
#2931=ORIENTED_EDGE('',*,*,#2171,.F.);
#2932=ORIENTED_EDGE('',*,*,#1973,.F.);
#2933=ORIENTED_EDGE('',*,*,#2008,.F.);
#2934=ORIENTED_EDGE('',*,*,#2201,.F.);
#2935=ORIENTED_EDGE('',*,*,#2202,.F.);
#2936=ORIENTED_EDGE('',*,*,#2172,.T.);
#2937=ORIENTED_EDGE('',*,*,#2203,.F.);
#2938=ORIENTED_EDGE('',*,*,#2204,.T.);
#2939=ORIENTED_EDGE('',*,*,#2205,.F.);
#2940=ORIENTED_EDGE('',*,*,#2206,.T.);
#2941=ORIENTED_EDGE('',*,*,#2203,.T.);
#2942=ORIENTED_EDGE('',*,*,#2206,.F.);
#2943=ORIENTED_EDGE('',*,*,#2204,.F.);
#2944=ORIENTED_EDGE('',*,*,#2207,.T.);
#2945=ORIENTED_EDGE('',*,*,#2208,.T.);
#2946=ORIENTED_EDGE('',*,*,#2207,.F.);
#2947=ORIENTED_EDGE('',*,*,#2208,.F.);
#2948=ORIENTED_EDGE('',*,*,#2209,.F.);
#2949=ORIENTED_EDGE('',*,*,#2210,.T.);
#2950=ORIENTED_EDGE('',*,*,#2211,.F.);
#2951=ORIENTED_EDGE('',*,*,#2212,.T.);
#2952=ORIENTED_EDGE('',*,*,#2209,.T.);
#2953=ORIENTED_EDGE('',*,*,#2212,.F.);
#2954=ORIENTED_EDGE('',*,*,#2210,.F.);
#2955=ORIENTED_EDGE('',*,*,#2213,.T.);
#2956=ORIENTED_EDGE('',*,*,#2214,.T.);
#2957=ORIENTED_EDGE('',*,*,#2213,.F.);
#2958=ORIENTED_EDGE('',*,*,#2214,.F.);
#2959=ORIENTED_EDGE('',*,*,#2015,.F.);
#2960=ORIENTED_EDGE('',*,*,#2215,.T.);
#2961=ORIENTED_EDGE('',*,*,#2216,.T.);
#2962=ORIENTED_EDGE('',*,*,#2217,.F.);
#2963=ORIENTED_EDGE('',*,*,#2218,.T.);
#2964=ORIENTED_EDGE('',*,*,#2219,.F.);
#2965=ORIENTED_EDGE('',*,*,#2220,.F.);
#2966=ORIENTED_EDGE('',*,*,#2221,.T.);
#2967=ORIENTED_EDGE('',*,*,#2218,.F.);
#2968=ORIENTED_EDGE('',*,*,#2221,.F.);
#2969=ORIENTED_EDGE('',*,*,#2219,.T.);
#2970=ORIENTED_EDGE('',*,*,#2222,.T.);
#2971=ORIENTED_EDGE('',*,*,#2215,.F.);
#2972=ORIENTED_EDGE('',*,*,#2014,.F.);
#2973=ORIENTED_EDGE('',*,*,#1953,.T.);
#2974=ORIENTED_EDGE('',*,*,#1981,.F.);
#2975=ORIENTED_EDGE('',*,*,#2223,.F.);
#2976=ORIENTED_EDGE('',*,*,#2216,.F.);
#2977=ORIENTED_EDGE('',*,*,#2222,.F.);
#2978=ORIENTED_EDGE('',*,*,#2224,.F.);
#2979=ORIENTED_EDGE('',*,*,#2225,.T.);
#2980=ORIENTED_EDGE('',*,*,#2226,.T.);
#2981=ORIENTED_EDGE('',*,*,#2227,.T.);
#2982=ORIENTED_EDGE('',*,*,#2228,.F.);
#2983=ORIENTED_EDGE('',*,*,#2229,.F.);
#2984=ORIENTED_EDGE('',*,*,#2230,.T.);
#2985=ORIENTED_EDGE('',*,*,#2227,.F.);
#2986=ORIENTED_EDGE('',*,*,#2230,.F.);
#2987=ORIENTED_EDGE('',*,*,#2228,.T.);
#2988=ORIENTED_EDGE('',*,*,#2231,.T.);
#2989=ORIENTED_EDGE('',*,*,#2225,.F.);
#2990=ORIENTED_EDGE('',*,*,#2232,.F.);
#2991=ORIENTED_EDGE('',*,*,#2233,.F.);
#2992=ORIENTED_EDGE('',*,*,#2234,.F.);
#2993=ORIENTED_EDGE('',*,*,#2226,.F.);
#2994=ORIENTED_EDGE('',*,*,#2231,.F.);
#2995=ORIENTED_EDGE('',*,*,#1984,.F.);
#2996=ORIENTED_EDGE('',*,*,#2235,.T.);
#2997=ORIENTED_EDGE('',*,*,#2236,.T.);
#2998=ORIENTED_EDGE('',*,*,#2237,.F.);
#2999=ORIENTED_EDGE('',*,*,#2238,.F.);
#3000=ORIENTED_EDGE('',*,*,#2239,.T.);
#3001=ORIENTED_EDGE('',*,*,#2236,.F.);
#3002=ORIENTED_EDGE('',*,*,#2239,.F.);
#3003=ORIENTED_EDGE('',*,*,#2237,.T.);
#3004=ORIENTED_EDGE('',*,*,#2240,.T.);
#3005=ORIENTED_EDGE('',*,*,#1982,.F.);
#3006=ORIENTED_EDGE('',*,*,#2235,.F.);
#3007=ORIENTED_EDGE('',*,*,#1983,.F.);
#3008=ORIENTED_EDGE('',*,*,#2240,.F.);
#3009=ORIENTED_EDGE('',*,*,#2241,.F.);
#3010=ORIENTED_EDGE('',*,*,#2242,.F.);
#3011=ORIENTED_EDGE('',*,*,#2243,.F.);
#3012=ORIENTED_EDGE('',*,*,#2244,.F.);
#3013=ORIENTED_EDGE('',*,*,#2245,.F.);
#3014=ORIENTED_EDGE('',*,*,#2246,.T.);
#3015=ORIENTED_EDGE('',*,*,#2247,.T.);
#3016=ORIENTED_EDGE('',*,*,#2246,.F.);
#3017=ORIENTED_EDGE('',*,*,#2247,.F.);
#3018=ORIENTED_EDGE('',*,*,#2248,.T.);
#3019=ORIENTED_EDGE('',*,*,#2249,.T.);
#3020=ORIENTED_EDGE('',*,*,#2248,.F.);
#3021=ORIENTED_EDGE('',*,*,#2249,.F.);
#3022=ORIENTED_EDGE('',*,*,#2198,.T.);
#3023=ORIENTED_EDGE('',*,*,#2176,.F.);
#3024=ORIENTED_EDGE('',*,*,#2179,.T.);
#3025=ORIENTED_EDGE('',*,*,#2005,.F.);
#3026=ORIENTED_EDGE('',*,*,#2250,.T.);
#3027=ORIENTED_EDGE('',*,*,#2181,.T.);
#3028=ORIENTED_EDGE('',*,*,#2160,.F.);
#3029=ORIENTED_EDGE('',*,*,#2167,.F.);
#3030=ORIENTED_EDGE('',*,*,#2142,.F.);
#3031=ORIENTED_EDGE('',*,*,#2063,.F.);
#3032=ORIENTED_EDGE('',*,*,#2251,.F.);
#3033=ORIENTED_EDGE('',*,*,#2252,.F.);
#3034=ORIENTED_EDGE('',*,*,#2244,.T.);
#3035=ORIENTED_EDGE('',*,*,#2253,.F.);
#3036=ORIENTED_EDGE('',*,*,#2254,.T.);
#3037=ORIENTED_EDGE('',*,*,#2255,.F.);
#3038=ORIENTED_EDGE('',*,*,#2217,.T.);
#3039=ORIENTED_EDGE('',*,*,#2223,.T.);
#3040=ORIENTED_EDGE('',*,*,#1980,.F.);
#3041=ORIENTED_EDGE('',*,*,#2140,.T.);
#3042=ORIENTED_EDGE('',*,*,#2256,.T.);
#3043=ORIENTED_EDGE('',*,*,#2257,.T.);
#3044=ORIENTED_EDGE('',*,*,#2258,.T.);
#3045=ORIENTED_EDGE('',*,*,#2016,.T.);
#3046=ORIENTED_EDGE('',*,*,#2138,.F.);
#3047=ORIENTED_EDGE('',*,*,#2259,.T.);
#3048=ORIENTED_EDGE('',*,*,#2232,.T.);
#3049=ORIENTED_EDGE('',*,*,#2224,.T.);
#3050=ORIENTED_EDGE('',*,*,#2234,.T.);
#3051=ORIENTED_EDGE('',*,*,#2260,.T.);
#3052=ORIENTED_EDGE('',*,*,#2261,.F.);
#3053=ORIENTED_EDGE('',*,*,#2262,.F.);
#3054=ORIENTED_EDGE('',*,*,#2263,.T.);
#3055=ORIENTED_EDGE('',*,*,#2264,.F.);
#3056=ORIENTED_EDGE('',*,*,#2265,.T.);
#3057=ORIENTED_EDGE('',*,*,#2266,.F.);
#3058=ORIENTED_EDGE('',*,*,#2267,.F.);
#3059=ORIENTED_EDGE('',*,*,#2268,.F.);
#3060=ORIENTED_EDGE('',*,*,#2254,.F.);
#3061=ORIENTED_EDGE('',*,*,#2269,.F.);
#3062=ORIENTED_EDGE('',*,*,#2270,.T.);
#3063=ORIENTED_EDGE('',*,*,#2271,.F.);
#3064=ORIENTED_EDGE('',*,*,#2272,.F.);
#3065=ORIENTED_EDGE('',*,*,#2273,.F.);
#3066=ORIENTED_EDGE('',*,*,#2274,.T.);
#3067=ORIENTED_EDGE('',*,*,#2275,.T.);
#3068=ORIENTED_EDGE('',*,*,#2276,.T.);
#3069=ORIENTED_EDGE('',*,*,#2277,.T.);
#3070=ORIENTED_EDGE('',*,*,#2143,.F.);
#3071=ORIENTED_EDGE('',*,*,#2252,.T.);
#3072=ORIENTED_EDGE('',*,*,#2278,.T.);
#3073=ORIENTED_EDGE('',*,*,#2279,.T.);
#3074=ORIENTED_EDGE('',*,*,#2269,.T.);
#3075=ORIENTED_EDGE('',*,*,#2253,.T.);
#3076=ORIENTED_EDGE('',*,*,#2243,.T.);
#3077=ORIENTED_EDGE('',*,*,#2280,.F.);
#3078=ORIENTED_EDGE('',*,*,#2281,.F.);
#3079=ORIENTED_EDGE('',*,*,#2193,.F.);
#3080=ORIENTED_EDGE('',*,*,#2282,.F.);
#3081=ORIENTED_EDGE('',*,*,#2199,.T.);
#3082=ORIENTED_EDGE('',*,*,#2173,.T.);
#3083=ORIENTED_EDGE('',*,*,#2202,.T.);
#3084=ORIENTED_EDGE('',*,*,#2283,.F.);
#3085=ORIENTED_EDGE('',*,*,#2042,.F.);
#3086=ORIENTED_EDGE('',*,*,#2149,.T.);
#3087=ORIENTED_EDGE('',*,*,#2220,.T.);
#3088=ORIENTED_EDGE('',*,*,#2229,.T.);
#3089=ORIENTED_EDGE('',*,*,#2238,.T.);
#3090=ORIENTED_EDGE('',*,*,#2275,.F.);
#3091=ORIENTED_EDGE('',*,*,#2284,.T.);
#3092=ORIENTED_EDGE('',*,*,#2285,.F.);
#3093=ORIENTED_EDGE('',*,*,#2286,.T.);
#3094=ORIENTED_EDGE('',*,*,#2274,.F.);
#3095=ORIENTED_EDGE('',*,*,#2287,.T.);
#3096=ORIENTED_EDGE('',*,*,#2288,.F.);
#3097=ORIENTED_EDGE('',*,*,#2289,.T.);
#3098=ORIENTED_EDGE('',*,*,#2290,.F.);
#3099=ORIENTED_EDGE('',*,*,#2291,.F.);
#3100=ORIENTED_EDGE('',*,*,#2292,.F.);
#3101=ORIENTED_EDGE('',*,*,#2293,.F.);
#3102=ORIENTED_EDGE('',*,*,#2294,.F.);
#3103=ORIENTED_EDGE('',*,*,#2284,.F.);
#3104=ORIENTED_EDGE('',*,*,#2295,.T.);
#3105=ORIENTED_EDGE('',*,*,#2285,.T.);
#3106=ORIENTED_EDGE('',*,*,#2294,.T.);
#3107=ORIENTED_EDGE('',*,*,#2296,.T.);
#3108=ORIENTED_EDGE('',*,*,#2276,.F.);
#3109=ORIENTED_EDGE('',*,*,#2286,.F.);
#3110=ORIENTED_EDGE('',*,*,#2295,.F.);
#3111=ORIENTED_EDGE('',*,*,#2297,.T.);
#3112=ORIENTED_EDGE('',*,*,#2298,.F.);
#3113=ORIENTED_EDGE('',*,*,#2299,.T.);
#3114=ORIENTED_EDGE('',*,*,#2300,.F.);
#3115=ORIENTED_EDGE('',*,*,#2301,.F.);
#3116=ORIENTED_EDGE('',*,*,#2302,.F.);
#3117=ORIENTED_EDGE('',*,*,#2303,.F.);
#3118=ORIENTED_EDGE('',*,*,#2296,.F.);
#3119=ORIENTED_EDGE('',*,*,#2293,.T.);
#3120=ORIENTED_EDGE('',*,*,#2304,.F.);
#3121=ORIENTED_EDGE('',*,*,#2297,.F.);
#3122=ORIENTED_EDGE('',*,*,#2305,.T.);
#3123=ORIENTED_EDGE('',*,*,#2271,.T.);
#3124=ORIENTED_EDGE('',*,*,#2306,.T.);
#3125=ORIENTED_EDGE('',*,*,#2307,.T.);
#3126=ORIENTED_EDGE('',*,*,#2308,.T.);
#3127=ORIENTED_EDGE('',*,*,#2309,.T.);
#3128=ORIENTED_EDGE('',*,*,#2261,.T.);
#3129=ORIENTED_EDGE('',*,*,#2307,.F.);
#3130=ORIENTED_EDGE('',*,*,#2310,.T.);
#3131=ORIENTED_EDGE('',*,*,#2264,.T.);
#3132=ORIENTED_EDGE('',*,*,#2311,.T.);
#3133=ORIENTED_EDGE('',*,*,#2309,.F.);
#3134=ORIENTED_EDGE('',*,*,#2233,.T.);
#3135=ORIENTED_EDGE('',*,*,#2259,.F.);
#3136=ORIENTED_EDGE('',*,*,#2137,.F.);
#3137=ORIENTED_EDGE('',*,*,#2141,.F.);
#3138=ORIENTED_EDGE('',*,*,#1978,.F.);
#3139=ORIENTED_EDGE('',*,*,#2312,.F.);
#3140=ORIENTED_EDGE('',*,*,#2272,.T.);
#3141=ORIENTED_EDGE('',*,*,#2305,.F.);
#3142=ORIENTED_EDGE('',*,*,#2260,.F.);
#3143=ORIENTED_EDGE('',*,*,#2262,.T.);
#3144=ORIENTED_EDGE('',*,*,#2311,.F.);
#3145=ORIENTED_EDGE('',*,*,#2263,.F.);
#3146=ORIENTED_EDGE('',*,*,#2313,.F.);
#3147=ORIENTED_EDGE('',*,*,#2256,.F.);
#3148=ORIENTED_EDGE('',*,*,#2139,.F.);
#3149=ORIENTED_EDGE('',*,*,#2135,.F.);
#3150=ORIENTED_EDGE('',*,*,#2306,.F.);
#3151=ORIENTED_EDGE('',*,*,#2270,.F.);
#3152=ORIENTED_EDGE('',*,*,#2279,.F.);
#3153=ORIENTED_EDGE('',*,*,#2314,.F.);
#3154=ORIENTED_EDGE('',*,*,#2315,.F.);
#3155=ORIENTED_EDGE('',*,*,#2265,.F.);
#3156=ORIENTED_EDGE('',*,*,#2310,.F.);
#3157=ORIENTED_EDGE('',*,*,#2308,.F.);
#3158=ORIENTED_EDGE('',*,*,#2278,.F.);
#3159=ORIENTED_EDGE('',*,*,#2251,.T.);
#3160=ORIENTED_EDGE('',*,*,#2062,.F.);
#3161=ORIENTED_EDGE('',*,*,#2072,.F.);
#3162=ORIENTED_EDGE('',*,*,#2316,.F.);
#3163=ORIENTED_EDGE('',*,*,#2314,.T.);
#3164=ORIENTED_EDGE('',*,*,#2317,.F.);
#3165=ORIENTED_EDGE('',*,*,#2289,.F.);
#3166=ORIENTED_EDGE('',*,*,#2318,.F.);
#3167=ORIENTED_EDGE('',*,*,#2301,.T.);
#3168=ORIENTED_EDGE('',*,*,#2319,.F.);
#3169=ORIENTED_EDGE('',*,*,#2299,.F.);
#3170=ORIENTED_EDGE('',*,*,#2320,.F.);
#3171=ORIENTED_EDGE('',*,*,#2291,.T.);
#3172=ORIENTED_EDGE('',*,*,#2292,.T.);
#3173=ORIENTED_EDGE('',*,*,#2320,.T.);
#3174=ORIENTED_EDGE('',*,*,#2298,.T.);
#3175=ORIENTED_EDGE('',*,*,#2304,.T.);
#3176=ORIENTED_EDGE('',*,*,#2277,.F.);
#3177=ORIENTED_EDGE('',*,*,#2303,.T.);
#3178=ORIENTED_EDGE('',*,*,#2321,.F.);
#3179=ORIENTED_EDGE('',*,*,#2287,.F.);
#3180=ORIENTED_EDGE('',*,*,#2288,.T.);
#3181=ORIENTED_EDGE('',*,*,#2321,.T.);
#3182=ORIENTED_EDGE('',*,*,#2302,.T.);
#3183=ORIENTED_EDGE('',*,*,#2318,.T.);
#3184=ORIENTED_EDGE('',*,*,#2192,.F.);
#3185=ORIENTED_EDGE('',*,*,#2043,.F.);
#3186=ORIENTED_EDGE('',*,*,#2283,.T.);
#3187=ORIENTED_EDGE('',*,*,#2201,.T.);
#3188=ORIENTED_EDGE('',*,*,#2007,.F.);
#3189=ORIENTED_EDGE('',*,*,#2178,.T.);
#3190=ORIENTED_EDGE('',*,*,#2174,.F.);
#3191=ORIENTED_EDGE('',*,*,#2197,.F.);
#3192=ORIENTED_EDGE('',*,*,#2200,.F.);
#3193=ORIENTED_EDGE('',*,*,#2282,.T.);
#3194=ORIENTED_EDGE('',*,*,#2241,.T.);
#3195=ORIENTED_EDGE('',*,*,#2255,.T.);
#3196=ORIENTED_EDGE('',*,*,#2268,.T.);
#3197=ORIENTED_EDGE('',*,*,#2322,.F.);
#3198=ORIENTED_EDGE('',*,*,#2323,.T.);
#3199=ORIENTED_EDGE('',*,*,#2324,.F.);
#3200=ORIENTED_EDGE('',*,*,#2267,.T.);
#3201=ORIENTED_EDGE('',*,*,#2325,.T.);
#3202=ORIENTED_EDGE('',*,*,#2326,.T.);
#3203=ORIENTED_EDGE('',*,*,#2322,.T.);
#3204=ORIENTED_EDGE('',*,*,#2242,.T.);
#3205=ORIENTED_EDGE('',*,*,#2324,.T.);
#3206=ORIENTED_EDGE('',*,*,#2327,.T.);
#3207=ORIENTED_EDGE('',*,*,#2280,.T.);
#3208=ORIENTED_EDGE('',*,*,#2150,.F.);
#3209=ORIENTED_EDGE('',*,*,#2157,.T.);
#3210=ORIENTED_EDGE('',*,*,#2195,.T.);
#3211=ORIENTED_EDGE('',*,*,#2328,.T.);
#3212=ORIENTED_EDGE('',*,*,#2329,.F.);
#3213=ORIENTED_EDGE('',*,*,#2257,.F.);
#3214=ORIENTED_EDGE('',*,*,#2313,.T.);
#3215=ORIENTED_EDGE('',*,*,#2273,.T.);
#3216=ORIENTED_EDGE('',*,*,#2312,.T.);
#3217=ORIENTED_EDGE('',*,*,#1977,.F.);
#3218=ORIENTED_EDGE('',*,*,#2180,.T.);
#3219=ORIENTED_EDGE('',*,*,#2245,.T.);
#3220=ORIENTED_EDGE('',*,*,#2281,.T.);
#3221=ORIENTED_EDGE('',*,*,#2327,.F.);
#3222=ORIENTED_EDGE('',*,*,#2323,.F.);
#3223=ORIENTED_EDGE('',*,*,#2326,.F.);
#3224=ORIENTED_EDGE('',*,*,#2330,.F.);
#3225=ORIENTED_EDGE('',*,*,#2328,.F.);
#3226=ORIENTED_EDGE('',*,*,#2194,.F.);
#3227=ORIENTED_EDGE('',*,*,#2331,.T.);
#3228=ORIENTED_EDGE('',*,*,#2332,.T.);
#3229=ORIENTED_EDGE('',*,*,#2333,.T.);
#3230=ORIENTED_EDGE('',*,*,#2334,.T.);
#3231=ORIENTED_EDGE('',*,*,#2332,.F.);
#3232=ORIENTED_EDGE('',*,*,#2335,.F.);
#3233=ORIENTED_EDGE('',*,*,#2336,.F.);
#3234=ORIENTED_EDGE('',*,*,#2337,.F.);
#3235=ORIENTED_EDGE('',*,*,#2338,.F.);
#3236=ORIENTED_EDGE('',*,*,#2339,.T.);
#3237=ORIENTED_EDGE('',*,*,#2340,.T.);
#3238=ORIENTED_EDGE('',*,*,#2146,.T.);
#3239=ORIENTED_EDGE('',*,*,#2341,.T.);
#3240=ORIENTED_EDGE('',*,*,#2339,.F.);
#3241=ORIENTED_EDGE('',*,*,#2342,.T.);
#3242=ORIENTED_EDGE('',*,*,#2046,.F.);
#3243=ORIENTED_EDGE('',*,*,#2343,.T.);
#3244=ORIENTED_EDGE('',*,*,#2344,.T.);
#3245=ORIENTED_EDGE('',*,*,#2345,.T.);
#3246=ORIENTED_EDGE('',*,*,#2346,.T.);
#3247=ORIENTED_EDGE('',*,*,#2347,.T.);
#3248=ORIENTED_EDGE('',*,*,#2190,.F.);
#3249=ORIENTED_EDGE('',*,*,#2348,.F.);
#3250=ORIENTED_EDGE('',*,*,#2349,.F.);
#3251=ORIENTED_EDGE('',*,*,#2350,.T.);
#3252=ORIENTED_EDGE('',*,*,#2351,.T.);
#3253=ORIENTED_EDGE('',*,*,#2352,.T.);
#3254=ORIENTED_EDGE('',*,*,#2353,.T.);
#3255=ORIENTED_EDGE('',*,*,#2354,.T.);
#3256=ORIENTED_EDGE('',*,*,#2355,.T.);
#3257=ORIENTED_EDGE('',*,*,#2356,.F.);
#3258=ORIENTED_EDGE('',*,*,#2357,.T.);
#3259=ORIENTED_EDGE('',*,*,#2358,.F.);
#3260=ORIENTED_EDGE('',*,*,#2359,.T.);
#3261=ORIENTED_EDGE('',*,*,#2360,.T.);
#3262=ORIENTED_EDGE('',*,*,#2361,.T.);
#3263=ORIENTED_EDGE('',*,*,#2362,.T.);
#3264=ORIENTED_EDGE('',*,*,#2341,.F.);
#3265=ORIENTED_EDGE('',*,*,#2145,.F.);
#3266=ORIENTED_EDGE('',*,*,#2047,.F.);
#3267=ORIENTED_EDGE('',*,*,#2342,.F.);
#3268=ORIENTED_EDGE('',*,*,#2363,.T.);
#3269=ORIENTED_EDGE('',*,*,#2364,.T.);
#3270=ORIENTED_EDGE('',*,*,#2365,.T.);
#3271=ORIENTED_EDGE('',*,*,#2366,.T.);
#3272=ORIENTED_EDGE('',*,*,#2367,.T.);
#3273=ORIENTED_EDGE('',*,*,#2364,.F.);
#3274=ORIENTED_EDGE('',*,*,#2368,.T.);
#3275=ORIENTED_EDGE('',*,*,#2187,.T.);
#3276=ORIENTED_EDGE('',*,*,#2369,.F.);
#3277=ORIENTED_EDGE('',*,*,#2363,.F.);
#3278=ORIENTED_EDGE('',*,*,#2370,.F.);
#3279=ORIENTED_EDGE('',*,*,#2371,.F.);
#3280=ORIENTED_EDGE('',*,*,#2372,.T.);
#3281=ORIENTED_EDGE('',*,*,#2373,.T.);
#3282=ORIENTED_EDGE('',*,*,#2374,.T.);
#3283=ORIENTED_EDGE('',*,*,#2375,.T.);
#3284=ORIENTED_EDGE('',*,*,#2376,.T.);
#3285=ORIENTED_EDGE('',*,*,#2377,.F.);
#3286=ORIENTED_EDGE('',*,*,#2188,.F.);
#3287=ORIENTED_EDGE('',*,*,#2368,.F.);
#3288=ORIENTED_EDGE('',*,*,#2378,.T.);
#3289=ORIENTED_EDGE('',*,*,#2367,.F.);
#3290=ORIENTED_EDGE('',*,*,#2379,.T.);
#3291=ORIENTED_EDGE('',*,*,#2380,.F.);
#3292=ORIENTED_EDGE('',*,*,#2370,.T.);
#3293=ORIENTED_EDGE('',*,*,#1997,.T.);
#3294=ORIENTED_EDGE('',*,*,#2381,.T.);
#3295=ORIENTED_EDGE('',*,*,#2382,.T.);
#3296=ORIENTED_EDGE('',*,*,#2134,.T.);
#3297=ORIENTED_EDGE('',*,*,#2383,.T.);
#3298=ORIENTED_EDGE('',*,*,#2130,.T.);
#3299=ORIENTED_EDGE('',*,*,#2382,.F.);
#3300=ORIENTED_EDGE('',*,*,#2384,.T.);
#3301=ORIENTED_EDGE('',*,*,#2384,.F.);
#3302=ORIENTED_EDGE('',*,*,#2381,.F.);
#3303=ORIENTED_EDGE('',*,*,#1996,.F.);
#3304=ORIENTED_EDGE('',*,*,#2385,.F.);
#3305=ORIENTED_EDGE('',*,*,#2343,.F.);
#3306=ORIENTED_EDGE('',*,*,#2045,.F.);
#3307=ORIENTED_EDGE('',*,*,#2191,.F.);
#3308=ORIENTED_EDGE('',*,*,#2347,.F.);
#3309=ORIENTED_EDGE('',*,*,#2386,.T.);
#3310=ORIENTED_EDGE('',*,*,#2387,.T.);
#3311=ORIENTED_EDGE('',*,*,#2120,.T.);
#3312=ORIENTED_EDGE('',*,*,#2133,.F.);
#3313=ORIENTED_EDGE('',*,*,#2388,.F.);
#3314=ORIENTED_EDGE('',*,*,#2000,.F.);
#3315=ORIENTED_EDGE('',*,*,#2127,.T.);
#3316=ORIENTED_EDGE('',*,*,#2389,.T.);
#3317=ORIENTED_EDGE('',*,*,#2390,.T.);
#3318=ORIENTED_EDGE('',*,*,#2391,.T.);
#3319=ORIENTED_EDGE('',*,*,#2392,.T.);
#3320=ORIENTED_EDGE('',*,*,#2393,.F.);
#3321=ORIENTED_EDGE('',*,*,#2394,.T.);
#3322=ORIENTED_EDGE('',*,*,#2389,.F.);
#3323=ORIENTED_EDGE('',*,*,#2395,.T.);
#3324=ORIENTED_EDGE('',*,*,#2396,.T.);
#3325=ORIENTED_EDGE('',*,*,#2395,.F.);
#3326=ORIENTED_EDGE('',*,*,#2392,.F.);
#3327=ORIENTED_EDGE('',*,*,#2397,.F.);
#3328=ORIENTED_EDGE('',*,*,#2131,.F.);
#3329=ORIENTED_EDGE('',*,*,#2383,.F.);
#3330=ORIENTED_EDGE('',*,*,#2387,.F.);
#3331=ORIENTED_EDGE('',*,*,#2398,.F.);
#3332=ORIENTED_EDGE('',*,*,#2365,.F.);
#3333=ORIENTED_EDGE('',*,*,#2369,.T.);
#3334=ORIENTED_EDGE('',*,*,#2186,.T.);
#3335=ORIENTED_EDGE('',*,*,#2399,.F.);
#3336=ORIENTED_EDGE('',*,*,#2390,.F.);
#3337=ORIENTED_EDGE('',*,*,#2400,.T.);
#3338=ORIENTED_EDGE('',*,*,#2366,.F.);
#3339=ORIENTED_EDGE('',*,*,#2400,.F.);
#3340=ORIENTED_EDGE('',*,*,#2394,.F.);
#3341=ORIENTED_EDGE('',*,*,#2401,.T.);
#3342=ORIENTED_EDGE('',*,*,#2402,.F.);
#3343=ORIENTED_EDGE('',*,*,#2379,.F.);
#3344=ORIENTED_EDGE('',*,*,#2403,.F.);
#3345=ORIENTED_EDGE('',*,*,#2345,.F.);
#3346=ORIENTED_EDGE('',*,*,#2404,.T.);
#3347=ORIENTED_EDGE('',*,*,#2405,.F.);
#3348=ORIENTED_EDGE('',*,*,#2401,.F.);
#3349=ORIENTED_EDGE('',*,*,#2393,.T.);
#3350=ORIENTED_EDGE('',*,*,#1955,.T.);
#3351=ORIENTED_EDGE('',*,*,#2406,.T.);
#3352=ORIENTED_EDGE('',*,*,#2407,.T.);
#3353=ORIENTED_EDGE('',*,*,#2336,.T.);
#3354=ORIENTED_EDGE('',*,*,#2408,.T.);
#3355=ORIENTED_EDGE('',*,*,#2371,.T.);
#3356=ORIENTED_EDGE('',*,*,#2380,.T.);
#3357=ORIENTED_EDGE('',*,*,#2402,.T.);
#3358=ORIENTED_EDGE('',*,*,#2405,.T.);
#3359=ORIENTED_EDGE('',*,*,#2409,.T.);
#3360=ORIENTED_EDGE('',*,*,#1994,.T.);
#3361=ORIENTED_EDGE('',*,*,#2410,.T.);
#3362=ORIENTED_EDGE('',*,*,#2411,.T.);
#3363=ORIENTED_EDGE('',*,*,#2412,.T.);
#3364=ORIENTED_EDGE('',*,*,#2398,.T.);
#3365=ORIENTED_EDGE('',*,*,#2386,.F.);
#3366=ORIENTED_EDGE('',*,*,#2346,.F.);
#3367=ORIENTED_EDGE('',*,*,#2403,.T.);
#3368=ORIENTED_EDGE('',*,*,#2396,.F.);
#3369=ORIENTED_EDGE('',*,*,#1995,.F.);
#3370=ORIENTED_EDGE('',*,*,#2409,.F.);
#3371=ORIENTED_EDGE('',*,*,#2404,.F.);
#3372=ORIENTED_EDGE('',*,*,#2344,.F.);
#3373=ORIENTED_EDGE('',*,*,#2385,.T.);
#3374=ORIENTED_EDGE('',*,*,#2378,.F.);
#3375=ORIENTED_EDGE('',*,*,#2413,.T.);
#3376=ORIENTED_EDGE('',*,*,#2414,.F.);
#3377=ORIENTED_EDGE('',*,*,#2413,.F.);
#3378=ORIENTED_EDGE('',*,*,#2414,.T.);
#3379=ORIENTED_EDGE('',*,*,#2415,.T.);
#3380=ORIENTED_EDGE('',*,*,#2416,.F.);
#3381=ORIENTED_EDGE('',*,*,#2415,.F.);
#3382=ORIENTED_EDGE('',*,*,#2416,.T.);
#3383=ORIENTED_EDGE('',*,*,#2417,.T.);
#3384=ORIENTED_EDGE('',*,*,#2418,.F.);
#3385=ORIENTED_EDGE('',*,*,#2419,.F.);
#3386=ORIENTED_EDGE('',*,*,#2420,.T.);
#3387=ORIENTED_EDGE('',*,*,#2417,.F.);
#3388=ORIENTED_EDGE('',*,*,#2420,.F.);
#3389=ORIENTED_EDGE('',*,*,#2418,.T.);
#3390=ORIENTED_EDGE('',*,*,#2421,.T.);
#3391=ORIENTED_EDGE('',*,*,#2422,.F.);
#3392=ORIENTED_EDGE('',*,*,#2421,.F.);
#3393=ORIENTED_EDGE('',*,*,#2422,.T.);
#3394=ORIENTED_EDGE('',*,*,#2423,.T.);
#3395=ORIENTED_EDGE('',*,*,#2424,.F.);
#3396=ORIENTED_EDGE('',*,*,#2425,.F.);
#3397=ORIENTED_EDGE('',*,*,#2426,.T.);
#3398=ORIENTED_EDGE('',*,*,#2423,.F.);
#3399=ORIENTED_EDGE('',*,*,#2426,.F.);
#3400=ORIENTED_EDGE('',*,*,#2424,.T.);
#3401=ORIENTED_EDGE('',*,*,#2427,.T.);
#3402=ORIENTED_EDGE('',*,*,#2428,.F.);
#3403=ORIENTED_EDGE('',*,*,#2427,.F.);
#3404=ORIENTED_EDGE('',*,*,#2428,.T.);
#3405=ORIENTED_EDGE('',*,*,#2334,.F.);
#3406=ORIENTED_EDGE('',*,*,#2429,.T.);
#3407=ORIENTED_EDGE('',*,*,#2430,.F.);
#3408=ORIENTED_EDGE('',*,*,#2431,.F.);
#3409=ORIENTED_EDGE('',*,*,#2432,.T.);
#3410=ORIENTED_EDGE('',*,*,#2433,.T.);
#3411=ORIENTED_EDGE('',*,*,#2434,.T.);
#3412=ORIENTED_EDGE('',*,*,#2435,.F.);
#3413=ORIENTED_EDGE('',*,*,#2436,.T.);
#3414=ORIENTED_EDGE('',*,*,#2437,.F.);
#3415=ORIENTED_EDGE('',*,*,#2429,.F.);
#3416=ORIENTED_EDGE('',*,*,#2333,.F.);
#3417=ORIENTED_EDGE('',*,*,#2338,.T.);
#3418=ORIENTED_EDGE('',*,*,#2438,.F.);
#3419=ORIENTED_EDGE('',*,*,#2374,.F.);
#3420=ORIENTED_EDGE('',*,*,#2439,.F.);
#3421=ORIENTED_EDGE('',*,*,#2440,.F.);
#3422=ORIENTED_EDGE('',*,*,#2441,.F.);
#3423=ORIENTED_EDGE('',*,*,#2018,.F.);
#3424=ORIENTED_EDGE('',*,*,#2010,.F.);
#3425=ORIENTED_EDGE('',*,*,#2442,.F.);
#3426=ORIENTED_EDGE('',*,*,#2443,.T.);
#3427=ORIENTED_EDGE('',*,*,#2362,.F.);
#3428=ORIENTED_EDGE('',*,*,#2444,.T.);
#3429=ORIENTED_EDGE('',*,*,#2442,.T.);
#3430=ORIENTED_EDGE('',*,*,#2444,.F.);
#3431=ORIENTED_EDGE('',*,*,#2443,.F.);
#3432=ORIENTED_EDGE('',*,*,#2445,.T.);
#3433=ORIENTED_EDGE('',*,*,#2440,.T.);
#3434=ORIENTED_EDGE('',*,*,#2446,.F.);
#3435=ORIENTED_EDGE('',*,*,#2406,.F.);
#3436=ORIENTED_EDGE('',*,*,#1959,.F.);
#3437=ORIENTED_EDGE('',*,*,#2019,.F.);
#3438=ORIENTED_EDGE('',*,*,#2441,.T.);
#3439=ORIENTED_EDGE('',*,*,#2445,.F.);
#3440=ORIENTED_EDGE('',*,*,#2447,.F.);
#3441=ORIENTED_EDGE('',*,*,#2448,.T.);
#3442=ORIENTED_EDGE('',*,*,#2449,.T.);
#3443=ORIENTED_EDGE('',*,*,#2432,.F.);
#3444=ORIENTED_EDGE('',*,*,#2450,.F.);
#3445=ORIENTED_EDGE('',*,*,#2434,.F.);
#3446=ORIENTED_EDGE('',*,*,#2451,.T.);
#3447=ORIENTED_EDGE('',*,*,#2448,.F.);
#3448=ORIENTED_EDGE('',*,*,#2452,.F.);
#3449=ORIENTED_EDGE('',*,*,#2447,.T.);
#3450=ORIENTED_EDGE('',*,*,#2361,.F.);
#3451=ORIENTED_EDGE('',*,*,#2453,.T.);
#3452=ORIENTED_EDGE('',*,*,#2452,.T.);
#3453=ORIENTED_EDGE('',*,*,#2453,.F.);
#3454=ORIENTED_EDGE('',*,*,#2433,.F.);
#3455=ORIENTED_EDGE('',*,*,#2449,.F.);
#3456=ORIENTED_EDGE('',*,*,#2451,.F.);
#3457=ORIENTED_EDGE('',*,*,#2412,.F.);
#3458=ORIENTED_EDGE('',*,*,#2454,.F.);
#3459=ORIENTED_EDGE('',*,*,#2455,.F.);
#3460=ORIENTED_EDGE('',*,*,#2456,.T.);
#3461=ORIENTED_EDGE('',*,*,#2360,.F.);
#3462=ORIENTED_EDGE('',*,*,#2457,.T.);
#3463=ORIENTED_EDGE('',*,*,#2455,.T.);
#3464=ORIENTED_EDGE('',*,*,#2457,.F.);
#3465=ORIENTED_EDGE('',*,*,#2456,.F.);
#3466=ORIENTED_EDGE('',*,*,#2458,.T.);
#3467=ORIENTED_EDGE('',*,*,#2410,.F.);
#3468=ORIENTED_EDGE('',*,*,#2454,.T.);
#3469=ORIENTED_EDGE('',*,*,#2411,.F.);
#3470=ORIENTED_EDGE('',*,*,#2458,.F.);
#3471=ORIENTED_EDGE('',*,*,#2435,.T.);
#3472=ORIENTED_EDGE('',*,*,#2450,.T.);
#3473=ORIENTED_EDGE('',*,*,#2431,.T.);
#3474=ORIENTED_EDGE('',*,*,#2459,.F.);
#3475=ORIENTED_EDGE('',*,*,#2460,.F.);
#3476=ORIENTED_EDGE('',*,*,#2372,.F.);
#3477=ORIENTED_EDGE('',*,*,#2408,.F.);
#3478=ORIENTED_EDGE('',*,*,#2335,.T.);
#3479=ORIENTED_EDGE('',*,*,#2331,.F.);
#3480=ORIENTED_EDGE('',*,*,#2350,.F.);
#3481=ORIENTED_EDGE('',*,*,#2461,.F.);
#3482=ORIENTED_EDGE('',*,*,#2462,.F.);
#3483=ORIENTED_EDGE('',*,*,#2463,.F.);
#3484=ORIENTED_EDGE('',*,*,#2340,.F.);
#3485=ORIENTED_EDGE('',*,*,#2355,.F.);
#3486=ORIENTED_EDGE('',*,*,#2464,.T.);
#3487=ORIENTED_EDGE('',*,*,#2147,.F.);
#3488=ORIENTED_EDGE('',*,*,#2465,.T.);
#3489=ORIENTED_EDGE('',*,*,#2356,.T.);
#3490=ORIENTED_EDGE('',*,*,#2466,.T.);
#3491=ORIENTED_EDGE('',*,*,#2467,.T.);
#3492=ORIENTED_EDGE('',*,*,#2467,.F.);
#3493=ORIENTED_EDGE('',*,*,#2468,.T.);
#3494=ORIENTED_EDGE('',*,*,#2469,.T.);
#3495=ORIENTED_EDGE('',*,*,#2470,.F.);
#3496=ORIENTED_EDGE('',*,*,#2466,.F.);
#3497=ORIENTED_EDGE('',*,*,#2359,.F.);
#3498=ORIENTED_EDGE('',*,*,#2471,.F.);
#3499=ORIENTED_EDGE('',*,*,#2472,.T.);
#3500=ORIENTED_EDGE('',*,*,#2473,.F.);
#3501=ORIENTED_EDGE('',*,*,#2474,.T.);
#3502=ORIENTED_EDGE('',*,*,#2475,.F.);
#3503=ORIENTED_EDGE('',*,*,#2476,.F.);
#3504=ORIENTED_EDGE('',*,*,#2477,.F.);
#3505=ORIENTED_EDGE('',*,*,#2468,.F.);
#3506=ORIENTED_EDGE('',*,*,#2471,.T.);
#3507=ORIENTED_EDGE('',*,*,#2358,.T.);
#3508=ORIENTED_EDGE('',*,*,#2478,.T.);
#3509=ORIENTED_EDGE('',*,*,#2479,.T.);
#3510=ORIENTED_EDGE('',*,*,#2479,.F.);
#3511=ORIENTED_EDGE('',*,*,#2480,.T.);
#3512=ORIENTED_EDGE('',*,*,#2481,.T.);
#3513=ORIENTED_EDGE('',*,*,#2472,.F.);
#3514=ORIENTED_EDGE('',*,*,#2482,.T.);
#3515=ORIENTED_EDGE('',*,*,#2483,.T.);
#3516=ORIENTED_EDGE('',*,*,#2459,.T.);
#3517=ORIENTED_EDGE('',*,*,#2484,.T.);
#3518=ORIENTED_EDGE('',*,*,#2485,.T.);
#3519=ORIENTED_EDGE('',*,*,#2484,.F.);
#3520=ORIENTED_EDGE('',*,*,#2430,.T.);
#3521=ORIENTED_EDGE('',*,*,#2486,.T.);
#3522=ORIENTED_EDGE('',*,*,#2437,.T.);
#3523=ORIENTED_EDGE('',*,*,#2487,.T.);
#3524=ORIENTED_EDGE('',*,*,#2488,.T.);
#3525=ORIENTED_EDGE('',*,*,#2486,.F.);
#3526=ORIENTED_EDGE('',*,*,#2482,.F.);
#3527=ORIENTED_EDGE('',*,*,#2485,.F.);
#3528=ORIENTED_EDGE('',*,*,#2488,.F.);
#3529=ORIENTED_EDGE('',*,*,#2489,.T.);
#3530=ORIENTED_EDGE('',*,*,#2490,.F.);
#3531=ORIENTED_EDGE('',*,*,#2491,.T.);
#3532=ORIENTED_EDGE('',*,*,#2353,.F.);
#3533=ORIENTED_EDGE('',*,*,#2492,.T.);
#3534=ORIENTED_EDGE('',*,*,#2460,.T.);
#3535=ORIENTED_EDGE('',*,*,#2483,.F.);
#3536=ORIENTED_EDGE('',*,*,#2492,.F.);
#3537=ORIENTED_EDGE('',*,*,#2352,.F.);
#3538=ORIENTED_EDGE('',*,*,#2493,.T.);
#3539=ORIENTED_EDGE('',*,*,#2494,.F.);
#3540=ORIENTED_EDGE('',*,*,#2495,.F.);
#3541=ORIENTED_EDGE('',*,*,#2496,.F.);
#3542=ORIENTED_EDGE('',*,*,#2489,.F.);
#3543=ORIENTED_EDGE('',*,*,#2487,.F.);
#3544=ORIENTED_EDGE('',*,*,#2436,.F.);
#3545=ORIENTED_EDGE('',*,*,#2373,.F.);
#3546=ORIENTED_EDGE('',*,*,#2463,.T.);
#3547=ORIENTED_EDGE('',*,*,#2497,.F.);
#3548=ORIENTED_EDGE('',*,*,#2493,.F.);
#3549=ORIENTED_EDGE('',*,*,#2351,.F.);
#3550=ORIENTED_EDGE('',*,*,#2354,.F.);
#3551=ORIENTED_EDGE('',*,*,#2491,.F.);
#3552=ORIENTED_EDGE('',*,*,#2498,.F.);
#3553=ORIENTED_EDGE('',*,*,#2070,.F.);
#3554=ORIENTED_EDGE('',*,*,#2148,.F.);
#3555=ORIENTED_EDGE('',*,*,#2464,.F.);
#3556=ORIENTED_EDGE('',*,*,#2316,.T.);
#3557=ORIENTED_EDGE('',*,*,#2071,.F.);
#3558=ORIENTED_EDGE('',*,*,#2498,.T.);
#3559=ORIENTED_EDGE('',*,*,#2490,.T.);
#3560=ORIENTED_EDGE('',*,*,#2496,.T.);
#3561=ORIENTED_EDGE('',*,*,#2499,.F.);
#3562=ORIENTED_EDGE('',*,*,#2500,.F.);
#3563=ORIENTED_EDGE('',*,*,#2376,.F.);
#3564=ORIENTED_EDGE('',*,*,#2501,.T.);
#3565=ORIENTED_EDGE('',*,*,#2012,.F.);
#3566=ORIENTED_EDGE('',*,*,#2017,.T.);
#3567=ORIENTED_EDGE('',*,*,#2258,.F.);
#3568=ORIENTED_EDGE('',*,*,#2329,.T.);
#3569=ORIENTED_EDGE('',*,*,#2330,.T.);
#3570=ORIENTED_EDGE('',*,*,#2325,.F.);
#3571=ORIENTED_EDGE('',*,*,#2266,.T.);
#3572=ORIENTED_EDGE('',*,*,#2315,.T.);
#3573=ORIENTED_EDGE('',*,*,#2205,.T.);
#3574=ORIENTED_EDGE('',*,*,#2211,.T.);
#3575=ORIENTED_EDGE('',*,*,#2319,.T.);
#3576=ORIENTED_EDGE('',*,*,#2290,.T.);
#3577=ORIENTED_EDGE('',*,*,#2317,.T.);
#3578=ORIENTED_EDGE('',*,*,#2300,.T.);
#3579=ORIENTED_EDGE('',*,*,#2419,.T.);
#3580=ORIENTED_EDGE('',*,*,#2425,.T.);
#3581=ORIENTED_EDGE('',*,*,#2502,.T.);
#3582=ORIENTED_EDGE('',*,*,#2503,.T.);
#3583=ORIENTED_EDGE('',*,*,#2504,.T.);
#3584=ORIENTED_EDGE('',*,*,#2475,.T.);
#3585=ORIENTED_EDGE('',*,*,#2495,.T.);
#3586=ORIENTED_EDGE('',*,*,#2505,.T.);
#3587=ORIENTED_EDGE('',*,*,#2506,.F.);
#3588=ORIENTED_EDGE('',*,*,#2499,.T.);
#3589=ORIENTED_EDGE('',*,*,#2504,.F.);
#3590=ORIENTED_EDGE('',*,*,#2507,.F.);
#3591=ORIENTED_EDGE('',*,*,#2508,.F.);
#3592=ORIENTED_EDGE('',*,*,#2476,.T.);
#3593=ORIENTED_EDGE('',*,*,#2502,.F.);
#3594=ORIENTED_EDGE('',*,*,#2474,.F.);
#3595=ORIENTED_EDGE('',*,*,#2509,.F.);
#3596=ORIENTED_EDGE('',*,*,#2510,.T.);
#3597=ORIENTED_EDGE('',*,*,#2511,.T.);
#3598=ORIENTED_EDGE('',*,*,#2469,.F.);
#3599=ORIENTED_EDGE('',*,*,#2477,.T.);
#3600=ORIENTED_EDGE('',*,*,#2508,.T.);
#3601=ORIENTED_EDGE('',*,*,#2512,.T.);
#3602=ORIENTED_EDGE('',*,*,#2509,.T.);
#3603=ORIENTED_EDGE('',*,*,#2473,.T.);
#3604=ORIENTED_EDGE('',*,*,#2481,.F.);
#3605=ORIENTED_EDGE('',*,*,#2465,.F.);
#3606=ORIENTED_EDGE('',*,*,#2470,.T.);
#3607=ORIENTED_EDGE('',*,*,#2511,.F.);
#3608=ORIENTED_EDGE('',*,*,#2507,.T.);
#3609=ORIENTED_EDGE('',*,*,#2503,.F.);
#3610=ORIENTED_EDGE('',*,*,#2510,.F.);
#3611=ORIENTED_EDGE('',*,*,#2512,.F.);
#3612=ORIENTED_EDGE('',*,*,#2480,.F.);
#3613=ORIENTED_EDGE('',*,*,#2478,.F.);
#3614=ORIENTED_EDGE('',*,*,#2357,.F.);
#3615=ORIENTED_EDGE('',*,*,#2461,.T.);
#3616=ORIENTED_EDGE('',*,*,#2349,.T.);
#3617=ORIENTED_EDGE('',*,*,#2513,.F.);
#3618=ORIENTED_EDGE('',*,*,#2514,.T.);
#3619=ORIENTED_EDGE('',*,*,#2348,.T.);
#3620=ORIENTED_EDGE('',*,*,#2189,.T.);
#3621=ORIENTED_EDGE('',*,*,#2377,.T.);
#3622=ORIENTED_EDGE('',*,*,#2500,.T.);
#3623=ORIENTED_EDGE('',*,*,#2506,.T.);
#3624=ORIENTED_EDGE('',*,*,#2515,.T.);
#3625=ORIENTED_EDGE('',*,*,#2513,.T.);
#3626=ORIENTED_EDGE('',*,*,#2013,.F.);
#3627=ORIENTED_EDGE('',*,*,#2501,.F.);
#3628=ORIENTED_EDGE('',*,*,#2375,.F.);
#3629=ORIENTED_EDGE('',*,*,#2438,.T.);
#3630=ORIENTED_EDGE('',*,*,#2337,.T.);
#3631=ORIENTED_EDGE('',*,*,#2407,.F.);
#3632=ORIENTED_EDGE('',*,*,#2446,.T.);
#3633=ORIENTED_EDGE('',*,*,#2439,.T.);
#3634=ORIENTED_EDGE('',*,*,#2516,.T.);
#3635=ORIENTED_EDGE('',*,*,#2182,.F.);
#3636=ORIENTED_EDGE('',*,*,#2250,.F.);
#3637=ORIENTED_EDGE('',*,*,#2004,.F.);
#3638=ORIENTED_EDGE('',*,*,#2517,.T.);
#3639=ORIENTED_EDGE('',*,*,#2397,.T.);
#3640=ORIENTED_EDGE('',*,*,#2391,.F.);
#3641=ORIENTED_EDGE('',*,*,#2399,.T.);
#3642=ORIENTED_EDGE('',*,*,#2185,.T.);
#3643=ORIENTED_EDGE('',*,*,#2518,.T.);
#3644=ORIENTED_EDGE('',*,*,#2001,.T.);
#3645=ORIENTED_EDGE('',*,*,#2388,.T.);
#3646=ORIENTED_EDGE('',*,*,#2132,.F.);
#3647=ORIENTED_EDGE('',*,*,#2519,.T.);
#3648=ORIENTED_EDGE('',*,*,#2002,.F.);
#3649=ORIENTED_EDGE('',*,*,#2518,.F.);
#3650=ORIENTED_EDGE('',*,*,#2184,.F.);
#3651=ORIENTED_EDGE('',*,*,#2520,.T.);
#3652=ORIENTED_EDGE('',*,*,#2462,.T.);
#3653=ORIENTED_EDGE('',*,*,#2514,.F.);
#3654=ORIENTED_EDGE('',*,*,#2515,.F.);
#3655=ORIENTED_EDGE('',*,*,#2505,.F.);
#3656=ORIENTED_EDGE('',*,*,#2494,.T.);
#3657=ORIENTED_EDGE('',*,*,#2497,.T.);
#3658=ORIENTED_EDGE('',*,*,#2183,.T.);
#3659=ORIENTED_EDGE('',*,*,#2516,.F.);
#3660=ORIENTED_EDGE('',*,*,#2521,.F.);
#3661=ORIENTED_EDGE('',*,*,#2520,.F.);
#3662=ORIENTED_EDGE('',*,*,#2521,.T.);
#3663=ORIENTED_EDGE('',*,*,#2517,.F.);
#3664=ORIENTED_EDGE('',*,*,#2003,.F.);
#3665=ORIENTED_EDGE('',*,*,#2519,.F.);
#3666=CYLINDRICAL_SURFACE('',#3962,1.);
#3667=CYLINDRICAL_SURFACE('',#3963,1.);
#3668=CYLINDRICAL_SURFACE('',#3967,1.);
#3669=CYLINDRICAL_SURFACE('',#3971,2.);
#3670=CYLINDRICAL_SURFACE('',#3990,1.);
#3671=CYLINDRICAL_SURFACE('',#4005,1.);
#3672=CYLINDRICAL_SURFACE('',#4013,1.);
#3673=CYLINDRICAL_SURFACE('',#4016,1.);
#3674=CYLINDRICAL_SURFACE('',#4019,1.);
#3675=CYLINDRICAL_SURFACE('',#4034,1.2295);
#3676=CYLINDRICAL_SURFACE('',#4037,1.2295);
#3677=CYLINDRICAL_SURFACE('',#4040,1.2295);
#3678=CYLINDRICAL_SURFACE('',#4043,1.2295);
#3679=CYLINDRICAL_SURFACE('',#4046,1.2295);
#3680=CYLINDRICAL_SURFACE('',#4049,1.2295);
#3681=CYLINDRICAL_SURFACE('',#4052,1.2295);
#3682=CYLINDRICAL_SURFACE('',#4055,1.2295);
#3683=CYLINDRICAL_SURFACE('',#4058,1.2295);
#3684=CYLINDRICAL_SURFACE('',#4061,1.6);
#3685=CYLINDRICAL_SURFACE('',#4065,1.6);
#3686=CYLINDRICAL_SURFACE('',#4069,1.6);
#3687=CYLINDRICAL_SURFACE('',#4071,1.6);
#3688=CYLINDRICAL_SURFACE('',#4073,1.6);
#3689=CYLINDRICAL_SURFACE('',#4078,0.5);
#3690=CYLINDRICAL_SURFACE('',#4082,2.);
#3691=CYLINDRICAL_SURFACE('',#4089,2.);
#3692=CYLINDRICAL_SURFACE('',#4093,0.5);
#3693=CYLINDRICAL_SURFACE('',#4100,0.5);
#3694=CYLINDRICAL_SURFACE('',#4104,0.5);
#3695=CYLINDRICAL_SURFACE('',#4117,2.25);
#3696=CYLINDRICAL_SURFACE('',#4119,2.);
#3697=CYLINDRICAL_SURFACE('',#4125,2.25);
#3698=CYLINDRICAL_SURFACE('',#4127,2.);
#3699=CYLINDRICAL_SURFACE('',#4136,1.5);
#3700=CYLINDRICAL_SURFACE('',#4138,1.25);
#3701=CYLINDRICAL_SURFACE('',#4145,1.5);
#3702=CYLINDRICAL_SURFACE('',#4147,1.25);
#3703=CYLINDRICAL_SURFACE('',#4154,1.5);
#3704=CYLINDRICAL_SURFACE('',#4156,1.25);
#3705=CYLINDRICAL_SURFACE('',#4161,1.2295);
#3706=CYLINDRICAL_SURFACE('',#4181,5.25000000000017);
#3707=CYLINDRICAL_SURFACE('',#4183,2.);
#3708=CYLINDRICAL_SURFACE('',#4185,2.);
#3709=CYLINDRICAL_SURFACE('',#4187,2.);
#3710=CYLINDRICAL_SURFACE('',#4192,4.50000000000015);
#3711=CYLINDRICAL_SURFACE('',#4195,4.50000000000015);
#3712=CYLINDRICAL_SURFACE('',#4199,5.25000000000017);
#3713=CYLINDRICAL_SURFACE('',#4208,2.);
#3714=CYLINDRICAL_SURFACE('',#4221,2.);
#3715=CYLINDRICAL_SURFACE('',#4229,0.5);
#3716=CYLINDRICAL_SURFACE('',#4238,0.5);
#3717=CYLINDRICAL_SURFACE('',#4242,0.5);
#3718=CYLINDRICAL_SURFACE('',#4246,2.);
#3719=CYLINDRICAL_SURFACE('',#4253,1.2295);
#3720=CYLINDRICAL_SURFACE('',#4259,2.25);
#3721=CYLINDRICAL_SURFACE('',#4261,2.);
#3722=CYLINDRICAL_SURFACE('',#4267,2.25);
#3723=CYLINDRICAL_SURFACE('',#4269,2.);
#3724=CYLINDRICAL_SURFACE('',#4280,1.5);
#3725=CYLINDRICAL_SURFACE('',#4281,1.25);
#3726=CYLINDRICAL_SURFACE('',#4282,1.25);
#3727=CYLINDRICAL_SURFACE('',#4289,1.5);
#3728=CYLINDRICAL_SURFACE('',#4296,1.5);
#3729=CYLINDRICAL_SURFACE('',#4297,1.25);
#3730=CYLINDRICAL_SURFACE('',#4303,5.25000000000017);
#3731=CYLINDRICAL_SURFACE('',#4308,5.25000000000017);
#3732=CYLINDRICAL_SURFACE('',#4310,2.);
#3733=CYLINDRICAL_SURFACE('',#4313,2.);
#3734=CYLINDRICAL_SURFACE('',#4315,2.);
#3735=CYLINDRICAL_SURFACE('',#4325,4.50000000000015);
#3736=CYLINDRICAL_SURFACE('',#4327,4.50000000000015);
#3737=CYLINDRICAL_SURFACE('',#4341,14.6999999999999);
#3738=ADVANCED_FACE('',(#391),#3666,.F.);
#3739=ADVANCED_FACE('',(#392),#3667,.F.);
#3740=ADVANCED_FACE('',(#393),#234,.T.);
#3741=ADVANCED_FACE('',(#394),#3668,.F.);
#3742=ADVANCED_FACE('',(#395),#235,.T.);
#3743=ADVANCED_FACE('',(#396),#236,.T.);
#3744=ADVANCED_FACE('',(#397,#151),#3669,.F.);
#3745=ADVANCED_FACE('',(#398),#131,.F.);
#3746=ADVANCED_FACE('',(#399,#152),#28,.T.);
#3747=ADVANCED_FACE('',(#400),#3670,.F.);
#3748=ADVANCED_FACE('',(#401,#153,#154,#155,#156,#157,#158,#159,#160,#161),
#29,.T.);
#3749=ADVANCED_FACE('',(#402),#3671,.T.);
#3750=ADVANCED_FACE('',(#403),#30,.T.);
#3751=ADVANCED_FACE('',(#404),#31,.F.);
#3752=ADVANCED_FACE('',(#405),#3672,.F.);
#3753=ADVANCED_FACE('',(#406),#32,.F.);
#3754=ADVANCED_FACE('',(#407),#3673,.F.);
#3755=ADVANCED_FACE('',(#408),#33,.F.);
#3756=ADVANCED_FACE('',(#409),#3674,.T.);
#3757=ADVANCED_FACE('',(#410),#34,.T.);
#3758=ADVANCED_FACE('',(#411),#132,.F.);
#3759=ADVANCED_FACE('',(#412,#162,#163,#164,#165,#166,#167,#168,#169,#170),
#35,.T.);
#3760=ADVANCED_FACE('',(#413),#3675,.F.);
#3761=ADVANCED_FACE('',(#414),#133,.F.);
#3762=ADVANCED_FACE('',(#415),#3676,.F.);
#3763=ADVANCED_FACE('',(#416),#134,.F.);
#3764=ADVANCED_FACE('',(#417),#3677,.F.);
#3765=ADVANCED_FACE('',(#418),#135,.F.);
#3766=ADVANCED_FACE('',(#419),#3678,.F.);
#3767=ADVANCED_FACE('',(#420),#136,.F.);
#3768=ADVANCED_FACE('',(#421),#3679,.F.);
#3769=ADVANCED_FACE('',(#422),#137,.F.);
#3770=ADVANCED_FACE('',(#423),#3680,.F.);
#3771=ADVANCED_FACE('',(#424),#138,.F.);
#3772=ADVANCED_FACE('',(#425),#3681,.F.);
#3773=ADVANCED_FACE('',(#426),#139,.F.);
#3774=ADVANCED_FACE('',(#427),#3682,.F.);
#3775=ADVANCED_FACE('',(#428),#140,.F.);
#3776=ADVANCED_FACE('',(#429),#3683,.F.);
#3777=ADVANCED_FACE('',(#430),#141,.F.);
#3778=ADVANCED_FACE('',(#431),#3684,.F.);
#3779=ADVANCED_FACE('',(#432),#142,.F.);
#3780=ADVANCED_FACE('',(#433),#3685,.F.);
#3781=ADVANCED_FACE('',(#434),#143,.F.);
#3782=ADVANCED_FACE('',(#435),#3686,.F.);
#3783=ADVANCED_FACE('',(#436),#3687,.F.);
#3784=ADVANCED_FACE('',(#437),#3688,.F.);
#3785=ADVANCED_FACE('',(#438),#144,.F.);
#3786=ADVANCED_FACE('',(#439),#3689,.F.);
#3787=ADVANCED_FACE('',(#440),#36,.F.);
#3788=ADVANCED_FACE('',(#441),#3690,.T.);
#3789=ADVANCED_FACE('',(#442),#37,.T.);
#3790=ADVANCED_FACE('',(#443),#38,.T.);
#3791=ADVANCED_FACE('',(#444),#39,.T.);
#3792=ADVANCED_FACE('',(#445),#40,.T.);
#3793=ADVANCED_FACE('',(#446),#3691,.T.);
#3794=ADVANCED_FACE('',(#447),#41,.F.);
#3795=ADVANCED_FACE('',(#448),#3692,.T.);
#3796=ADVANCED_FACE('',(#449),#42,.T.);
#3797=ADVANCED_FACE('',(#450),#15,.F.);
#3798=ADVANCED_FACE('',(#451),#3693,.F.);
#3799=ADVANCED_FACE('',(#452),#43,.T.);
#3800=ADVANCED_FACE('',(#453),#3694,.F.);
#3801=ADVANCED_FACE('',(#454),#44,.T.);
#3802=ADVANCED_FACE('',(#455),#45,.T.);
#3803=ADVANCED_FACE('',(#456,#171,#172,#173,#174,#175),#46,.T.);
#3804=ADVANCED_FACE('',(#457),#47,.T.);
#3805=ADVANCED_FACE('',(#458),#48,.T.);
#3806=ADVANCED_FACE('',(#459),#49,.T.);
#3807=ADVANCED_FACE('',(#460,#176),#50,.F.);
#3808=ADVANCED_FACE('',(#461),#3695,.F.);
#3809=ADVANCED_FACE('',(#462),#3696,.F.);
#3810=ADVANCED_FACE('',(#463),#51,.F.);
#3811=ADVANCED_FACE('',(#464,#177),#52,.F.);
#3812=ADVANCED_FACE('',(#465),#3697,.F.);
#3813=ADVANCED_FACE('',(#466),#3698,.F.);
#3814=ADVANCED_FACE('',(#467),#53,.F.);
#3815=ADVANCED_FACE('',(#468),#54,.T.);
#3816=ADVANCED_FACE('',(#469,#178),#55,.T.);
#3817=ADVANCED_FACE('',(#470),#3699,.F.);
#3818=ADVANCED_FACE('',(#471),#3700,.F.);
#3819=ADVANCED_FACE('',(#472),#56,.T.);
#3820=ADVANCED_FACE('',(#473,#179),#57,.T.);
#3821=ADVANCED_FACE('',(#474),#3701,.F.);
#3822=ADVANCED_FACE('',(#475),#3702,.F.);
#3823=ADVANCED_FACE('',(#476),#58,.T.);
#3824=ADVANCED_FACE('',(#477,#180),#59,.T.);
#3825=ADVANCED_FACE('',(#478),#3703,.F.);
#3826=ADVANCED_FACE('',(#479),#3704,.F.);
#3827=ADVANCED_FACE('',(#480),#60,.T.);
#3828=ADVANCED_FACE('',(#481),#145,.F.);
#3829=ADVANCED_FACE('',(#482),#3705,.F.);
#3830=ADVANCED_FACE('',(#483),#61,.F.);
#3831=ADVANCED_FACE('',(#484),#62,.T.);
#3832=ADVANCED_FACE('',(#485),#63,.T.);
#3833=ADVANCED_FACE('',(#486),#64,.T.);
#3834=ADVANCED_FACE('',(#487),#65,.T.);
#3835=ADVANCED_FACE('',(#488),#66,.T.);
#3836=ADVANCED_FACE('',(#489),#67,.T.);
#3837=ADVANCED_FACE('',(#490),#146,.F.);
#3838=ADVANCED_FACE('',(#491,#181,#182,#183,#184),#68,.T.);
#3839=ADVANCED_FACE('',(#492),#69,.T.);
#3840=ADVANCED_FACE('',(#493),#147,.F.);
#3841=ADVANCED_FACE('',(#494),#70,.T.);
#3842=ADVANCED_FACE('',(#495),#3706,.F.);
#3843=ADVANCED_FACE('',(#496),#3707,.T.);
#3844=ADVANCED_FACE('',(#497),#3708,.T.);
#3845=ADVANCED_FACE('',(#498),#3709,.T.);
#3846=ADVANCED_FACE('',(#499),#71,.T.);
#3847=ADVANCED_FACE('',(#500),#72,.T.);
#3848=ADVANCED_FACE('',(#501),#73,.T.);
#3849=ADVANCED_FACE('',(#502),#74,.T.);
#3850=ADVANCED_FACE('',(#503),#3710,.F.);
#3851=ADVANCED_FACE('',(#504),#3711,.F.);
#3852=ADVANCED_FACE('',(#505),#75,.T.);
#3853=ADVANCED_FACE('',(#506),#3712,.F.);
#3854=ADVANCED_FACE('',(#507),#76,.T.);
#3855=ADVANCED_FACE('',(#508),#77,.T.);
#3856=ADVANCED_FACE('',(#509),#78,.T.);
#3857=ADVANCED_FACE('',(#510),#79,.T.);
#3858=ADVANCED_FACE('',(#511),#80,.T.);
#3859=ADVANCED_FACE('',(#512,#185),#81,.F.);
#3860=ADVANCED_FACE('',(#513),#82,.F.);
#3861=ADVANCED_FACE('',(#514),#3713,.T.);
#3862=ADVANCED_FACE('',(#515),#83,.F.);
#3863=ADVANCED_FACE('',(#516),#84,.T.);
#3864=ADVANCED_FACE('',(#517,#186,#187,#188,#189),#85,.F.);
#3865=ADVANCED_FACE('',(#518),#86,.F.);
#3866=ADVANCED_FACE('',(#519),#3714,.T.);
#3867=ADVANCED_FACE('',(#520),#87,.T.);
#3868=ADVANCED_FACE('',(#521,#190),#88,.T.);
#3869=ADVANCED_FACE('',(#522),#89,.T.);
#3870=ADVANCED_FACE('',(#523),#3715,.T.);
#3871=ADVANCED_FACE('',(#524),#237,.F.);
#3872=ADVANCED_FACE('',(#525),#90,.F.);
#3873=ADVANCED_FACE('',(#526),#91,.F.);
#3874=ADVANCED_FACE('',(#527),#16,.F.);
#3875=ADVANCED_FACE('',(#528),#3716,.F.);
#3876=ADVANCED_FACE('',(#529),#92,.F.);
#3877=ADVANCED_FACE('',(#530),#3717,.T.);
#3878=ADVANCED_FACE('',(#531),#93,.F.);
#3879=ADVANCED_FACE('',(#532),#94,.F.);
#3880=ADVANCED_FACE('',(#533,#191),#3718,.F.);
#3881=ADVANCED_FACE('',(#534),#95,.F.);
#3882=ADVANCED_FACE('',(#535),#96,.F.);
#3883=ADVANCED_FACE('',(#536),#148,.F.);
#3884=ADVANCED_FACE('',(#537),#3719,.F.);
#3885=ADVANCED_FACE('',(#538),#97,.T.);
#3886=ADVANCED_FACE('',(#539,#192),#98,.T.);
#3887=ADVANCED_FACE('',(#540),#3720,.F.);
#3888=ADVANCED_FACE('',(#541),#3721,.F.);
#3889=ADVANCED_FACE('',(#542),#99,.T.);
#3890=ADVANCED_FACE('',(#543,#193),#100,.T.);
#3891=ADVANCED_FACE('',(#544),#3722,.F.);
#3892=ADVANCED_FACE('',(#545),#3723,.F.);
#3893=ADVANCED_FACE('',(#546),#101,.T.);
#3894=ADVANCED_FACE('',(#547),#102,.F.);
#3895=ADVANCED_FACE('',(#548),#103,.F.);
#3896=ADVANCED_FACE('',(#549),#104,.F.);
#3897=ADVANCED_FACE('',(#550,#194),#105,.F.);
#3898=ADVANCED_FACE('',(#551),#3724,.F.);
#3899=ADVANCED_FACE('',(#552),#3725,.F.);
#3900=ADVANCED_FACE('',(#553),#3726,.F.);
#3901=ADVANCED_FACE('',(#554,#195),#106,.F.);
#3902=ADVANCED_FACE('',(#555),#3727,.F.);
#3903=ADVANCED_FACE('',(#556),#107,.F.);
#3904=ADVANCED_FACE('',(#557),#108,.F.);
#3905=ADVANCED_FACE('',(#558,#196),#109,.F.);
#3906=ADVANCED_FACE('',(#559),#3728,.F.);
#3907=ADVANCED_FACE('',(#560),#3729,.F.);
#3908=ADVANCED_FACE('',(#561),#110,.F.);
#3909=ADVANCED_FACE('',(#562),#111,.F.);
#3910=ADVANCED_FACE('',(#563),#112,.F.);
#3911=ADVANCED_FACE('',(#564),#149,.F.);
#3912=ADVANCED_FACE('',(#565),#3730,.F.);
#3913=ADVANCED_FACE('',(#566),#113,.F.);
#3914=ADVANCED_FACE('',(#567),#150,.F.);
#3915=ADVANCED_FACE('',(#568),#3731,.F.);
#3916=ADVANCED_FACE('',(#569),#3732,.T.);
#3917=ADVANCED_FACE('',(#570),#3733,.T.);
#3918=ADVANCED_FACE('',(#571),#3734,.T.);
#3919=ADVANCED_FACE('',(#572),#114,.F.);
#3920=ADVANCED_FACE('',(#573),#115,.F.);
#3921=ADVANCED_FACE('',(#574),#116,.F.);
#3922=ADVANCED_FACE('',(#575),#117,.F.);
#3923=ADVANCED_FACE('',(#576,#197,#198,#199,#200,#201,#202),#118,.T.);
#3924=ADVANCED_FACE('',(#577),#119,.T.);
#3925=ADVANCED_FACE('',(#578),#3735,.F.);
#3926=ADVANCED_FACE('',(#579),#3736,.F.);
#3927=ADVANCED_FACE('',(#580),#120,.F.);
#3928=ADVANCED_FACE('',(#581),#121,.F.);
#3929=ADVANCED_FACE('',(#582),#122,.F.);
#3930=ADVANCED_FACE('',(#583),#123,.T.);
#3931=ADVANCED_FACE('',(#584),#124,.T.);
#3932=ADVANCED_FACE('',(#585),#125,.F.);
#3933=ADVANCED_FACE('',(#586),#126,.F.);
#3934=ADVANCED_FACE('',(#587),#127,.T.);
#3935=ADVANCED_FACE('',(#588),#128,.F.);
#3936=ADVANCED_FACE('',(#589),#129,.T.);
#3937=ADVANCED_FACE('',(#590),#3737,.F.);
#3938=ADVANCED_FACE('',(#591),#130,.T.);
#3939=CLOSED_SHELL('',(#3738,#3739,#3740,#3741,#3742,#3743,#3744,#3745,
#3746,#3747,#3748,#3749,#3750,#3751,#3752,#3753,#3754,#3755,#3756,#3757,
#3758,#3759,#3760,#3761,#3762,#3763,#3764,#3765,#3766,#3767,#3768,#3769,
#3770,#3771,#3772,#3773,#3774,#3775,#3776,#3777,#3778,#3779,#3780,#3781,
#3782,#3783,#3784,#3785,#3786,#3787,#3788,#3789,#3790,#3791,#3792,#3793,
#3794,#3795,#3796,#3797,#3798,#3799,#3800,#3801,#3802,#3803,#3804,#3805,
#3806,#3807,#3808,#3809,#3810,#3811,#3812,#3813,#3814,#3815,#3816,#3817,
#3818,#3819,#3820,#3821,#3822,#3823,#3824,#3825,#3826,#3827,#3828,#3829,
#3830,#3831,#3832,#3833,#3834,#3835,#3836,#3837,#3838,#3839,#3840,#3841,
#3842,#3843,#3844,#3845,#3846,#3847,#3848,#3849,#3850,#3851,#3852,#3853,
#3854,#3855,#3856,#3857,#3858,#3859,#3860,#3861,#3862,#3863,#3864,#3865,
#3866,#3867,#3868,#3869,#3870,#3871,#3872,#3873,#3874,#3875,#3876,#3877,
#3878,#3879,#3880,#3881,#3882,#3883,#3884,#3885,#3886,#3887,#3888,#3889,
#3890,#3891,#3892,#3893,#3894,#3895,#3896,#3897,#3898,#3899,#3900,#3901,
#3902,#3903,#3904,#3905,#3906,#3907,#3908,#3909,#3910,#3911,#3912,#3913,
#3914,#3915,#3916,#3917,#3918,#3919,#3920,#3921,#3922,#3923,#3924,#3925,
#3926,#3927,#3928,#3929,#3930,#3931,#3932,#3933,#3934,#3935,#3936,#3937,
#3938));
#3940=DERIVED_UNIT_ELEMENT(#3943,1.);
#3941=DERIVED_UNIT_ELEMENT(#6955,-3.);
#3942=DIMENSIONAL_EXPONENTS(0.,1.,0.,0.,0.,0.,0.);
#3943=(
CONVERSION_BASED_UNIT('gram',#3945)
MASS_UNIT()
NAMED_UNIT(#3942)
);
#3944=(
MASS_UNIT()
NAMED_UNIT(*)
SI_UNIT(.KILO.,.GRAM.)
);
#3945=MASS_MEASURE_WITH_UNIT(MASS_MEASURE(0.001),#3944);
#3946=DERIVED_UNIT((#3940,#3941));
#3947=MEASURE_REPRESENTATION_ITEM('density measure',
POSITIVE_RATIO_MEASURE(1.06),#3946);
#3948=PROPERTY_DEFINITION_REPRESENTATION(#3953,#3950);
#3949=PROPERTY_DEFINITION_REPRESENTATION(#3954,#3951);
#3950=REPRESENTATION('material name',(#3952),#6952);
#3951=REPRESENTATION('density',(#3947),#6952);
#3952=DESCRIPTIVE_REPRESENTATION_ITEM('ABS Plastic','ABS Plastic');
#3953=PROPERTY_DEFINITION('material property','material name',#6962);
#3954=PROPERTY_DEFINITION('material property','density of part',#6962);
#3955=DATE_TIME_ROLE('creation_date');
#3956=APPLIED_DATE_AND_TIME_ASSIGNMENT(#3957,#3955,(#6962));
#3957=DATE_AND_TIME(#3958,#3959);
#3958=CALENDAR_DATE(2026,4,4);
#3959=LOCAL_TIME(0,0,0.,#3960);
#3960=COORDINATED_UNIVERSAL_TIME_OFFSET(0,0,.BEHIND.);
#3961=AXIS2_PLACEMENT_3D('',#5462,#4343,#4344);
#3962=AXIS2_PLACEMENT_3D('',#5463,#4345,#4346);
#3963=AXIS2_PLACEMENT_3D('',#5507,#4349,#4350);
#3964=AXIS2_PLACEMENT_3D('',#5517,#4352,#4353);
#3965=AXIS2_PLACEMENT_3D('',#5561,#4355,#4356);
#3966=AXIS2_PLACEMENT_3D('',#5567,#4357,#4358);
#3967=AXIS2_PLACEMENT_3D('',#5568,#4359,#4360);
#3968=AXIS2_PLACEMENT_3D('',#5592,#4362,#4363);
#3969=AXIS2_PLACEMENT_3D('',#5621,#4365,#4366);
#3970=AXIS2_PLACEMENT_3D('',#5622,#4367,#4368);
#3971=AXIS2_PLACEMENT_3D('',#5658,#4369,#4370);
#3972=AXIS2_PLACEMENT_3D('',#5662,#4372,#4373);
#3973=AXIS2_PLACEMENT_3D('',#5666,#4375,#4376);
#3974=AXIS2_PLACEMENT_3D('',#5670,#4378,#4379);
#3975=AXIS2_PLACEMENT_3D('',#5674,#4381,#4382);
#3976=AXIS2_PLACEMENT_3D('',#5730,#4384,#4385);
#3977=AXIS2_PLACEMENT_3D('',#5731,#4386,#4387);
#3978=AXIS2_PLACEMENT_3D('',#5733,#4388,#4389);
#3979=AXIS2_PLACEMENT_3D('',#5736,#4391,#4392);
#3980=AXIS2_PLACEMENT_3D('',#5738,#4393,#4394);
#3981=AXIS2_PLACEMENT_3D('',#5739,#4395,#4396);
#3982=AXIS2_PLACEMENT_3D('',#5740,#4397,#4398);
#3983=AXIS2_PLACEMENT_3D('',#5742,#4399,#4400);
#3984=AXIS2_PLACEMENT_3D('',#5743,#4401,#4402);
#3985=AXIS2_PLACEMENT_3D('',#5745,#4403,#4404);
#3986=AXIS2_PLACEMENT_3D('',#5746,#4405,#4406);
#3987=AXIS2_PLACEMENT_3D('',#5754,#4410,#4411);
#3988=AXIS2_PLACEMENT_3D('',#5758,#4413,#4414);
#3989=AXIS2_PLACEMENT_3D('',#5777,#4424,#4425);
#3990=AXIS2_PLACEMENT_3D('',#5778,#4426,#4427);
#3991=AXIS2_PLACEMENT_3D('',#5781,#4428,#4429);
#3992=AXIS2_PLACEMENT_3D('',#5785,#4431,#4432);
#3993=AXIS2_PLACEMENT_3D('',#5787,#4434,#4435);
#3994=AXIS2_PLACEMENT_3D('',#5789,#4436,#4437);
#3995=AXIS2_PLACEMENT_3D('',#5797,#4442,#4443);
#3996=AXIS2_PLACEMENT_3D('',#5802,#4444,#4445);
#3997=AXIS2_PLACEMENT_3D('',#5804,#4446,#4447);
#3998=AXIS2_PLACEMENT_3D('',#5806,#4448,#4449);
#3999=AXIS2_PLACEMENT_3D('',#5808,#4450,#4451);
#4000=AXIS2_PLACEMENT_3D('',#5810,#4452,#4453);
#4001=AXIS2_PLACEMENT_3D('',#5812,#4454,#4455);
#4002=AXIS2_PLACEMENT_3D('',#5814,#4456,#4457);
#4003=AXIS2_PLACEMENT_3D('',#5816,#4458,#4459);
#4004=AXIS2_PLACEMENT_3D('',#5818,#4460,#4461);
#4005=AXIS2_PLACEMENT_3D('',#5819,#4462,#4463);
#4006=AXIS2_PLACEMENT_3D('',#5822,#4464,#4465);
#4007=AXIS2_PLACEMENT_3D('',#5826,#4467,#4468);
#4008=AXIS2_PLACEMENT_3D('',#5828,#4470,#4471);
#4009=AXIS2_PLACEMENT_3D('',#5832,#4473,#4474);
#4010=AXIS2_PLACEMENT_3D('',#5836,#4476,#4477);
#4011=AXIS2_PLACEMENT_3D('',#5840,#4479,#4480);
#4012=AXIS2_PLACEMENT_3D('',#5858,#4490,#4491);
#4013=AXIS2_PLACEMENT_3D('',#5862,#4494,#4495);
#4014=AXIS2_PLACEMENT_3D('',#5864,#4496,#4497);
#4015=AXIS2_PLACEMENT_3D('',#5866,#4499,#4500);
#4016=AXIS2_PLACEMENT_3D('',#5870,#4503,#4504);
#4017=AXIS2_PLACEMENT_3D('',#5872,#4505,#4506);
#4018=AXIS2_PLACEMENT_3D('',#5874,#4508,#4509);
#4019=AXIS2_PLACEMENT_3D('',#5878,#4512,#4513);
#4020=AXIS2_PLACEMENT_3D('',#5880,#4514,#4515);
#4021=AXIS2_PLACEMENT_3D('',#5882,#4517,#4518);
#4022=AXIS2_PLACEMENT_3D('',#5892,#4524,#4525);
#4023=AXIS2_PLACEMENT_3D('',#5894,#4526,#4527);
#4024=AXIS2_PLACEMENT_3D('',#5897,#4529,#4530);
#4025=AXIS2_PLACEMENT_3D('',#5898,#4531,#4532);
#4026=AXIS2_PLACEMENT_3D('',#5907,#4537,#4538);
#4027=AXIS2_PLACEMENT_3D('',#5909,#4539,#4540);
#4028=AXIS2_PLACEMENT_3D('',#5911,#4541,#4542);
#4029=AXIS2_PLACEMENT_3D('',#5913,#4543,#4544);
#4030=AXIS2_PLACEMENT_3D('',#5915,#4545,#4546);
#4031=AXIS2_PLACEMENT_3D('',#5917,#4547,#4548);
#4032=AXIS2_PLACEMENT_3D('',#5919,#4549,#4550);
#4033=AXIS2_PLACEMENT_3D('',#5921,#4551,#4552);
#4034=AXIS2_PLACEMENT_3D('',#5922,#4553,#4554);
#4035=AXIS2_PLACEMENT_3D('',#5924,#4556,#4557);
#4036=AXIS2_PLACEMENT_3D('',#5927,#4559,#4560);
#4037=AXIS2_PLACEMENT_3D('',#5928,#4561,#4562);
#4038=AXIS2_PLACEMENT_3D('',#5930,#4564,#4565);
#4039=AXIS2_PLACEMENT_3D('',#5933,#4567,#4568);
#4040=AXIS2_PLACEMENT_3D('',#5934,#4569,#4570);
#4041=AXIS2_PLACEMENT_3D('',#5936,#4572,#4573);
#4042=AXIS2_PLACEMENT_3D('',#5939,#4575,#4576);
#4043=AXIS2_PLACEMENT_3D('',#5940,#4577,#4578);
#4044=AXIS2_PLACEMENT_3D('',#5942,#4580,#4581);
#4045=AXIS2_PLACEMENT_3D('',#5944,#4582,#4583);
#4046=AXIS2_PLACEMENT_3D('',#5946,#4585,#4586);
#4047=AXIS2_PLACEMENT_3D('',#5948,#4588,#4589);
#4048=AXIS2_PLACEMENT_3D('',#5950,#4590,#4591);
#4049=AXIS2_PLACEMENT_3D('',#5952,#4593,#4594);
#4050=AXIS2_PLACEMENT_3D('',#5954,#4596,#4597);
#4051=AXIS2_PLACEMENT_3D('',#5956,#4598,#4599);
#4052=AXIS2_PLACEMENT_3D('',#5958,#4601,#4602);
#4053=AXIS2_PLACEMENT_3D('',#5960,#4604,#4605);
#4054=AXIS2_PLACEMENT_3D('',#5962,#4606,#4607);
#4055=AXIS2_PLACEMENT_3D('',#5964,#4609,#4610);
#4056=AXIS2_PLACEMENT_3D('',#5966,#4612,#4613);
#4057=AXIS2_PLACEMENT_3D('',#5969,#4615,#4616);
#4058=AXIS2_PLACEMENT_3D('',#5970,#4617,#4618);
#4059=AXIS2_PLACEMENT_3D('',#5972,#4620,#4621);
#4060=AXIS2_PLACEMENT_3D('',#5975,#4623,#4624);
#4061=AXIS2_PLACEMENT_3D('',#5976,#4625,#4626);
#4062=AXIS2_PLACEMENT_3D('',#5979,#4628,#4629);
#4063=AXIS2_PLACEMENT_3D('',#5980,#4630,#4631);
#4064=AXIS2_PLACEMENT_3D('',#5983,#4633,#4634);
#4065=AXIS2_PLACEMENT_3D('',#5984,#4635,#4636);
#4066=AXIS2_PLACEMENT_3D('',#5987,#4638,#4639);
#4067=AXIS2_PLACEMENT_3D('',#5988,#4640,#4641);
#4068=AXIS2_PLACEMENT_3D('',#5991,#4643,#4644);
#4069=AXIS2_PLACEMENT_3D('',#5992,#4645,#4646);
#4070=AXIS2_PLACEMENT_3D('',#5995,#4648,#4649);
#4071=AXIS2_PLACEMENT_3D('',#5996,#4650,#4651);
#4072=AXIS2_PLACEMENT_3D('',#5999,#4653,#4654);
#4073=AXIS2_PLACEMENT_3D('',#6000,#4655,#4656);
#4074=AXIS2_PLACEMENT_3D('',#6005,#4658,#4659);
#4075=AXIS2_PLACEMENT_3D('',#6008,#4661,#4662);
#4076=AXIS2_PLACEMENT_3D('',#6010,#4663,#4664);
#4077=AXIS2_PLACEMENT_3D('',#6035,#4666,#4667);
#4078=AXIS2_PLACEMENT_3D('',#6042,#4668,#4669);
#4079=AXIS2_PLACEMENT_3D('',#6046,#4671,#4672);
#4080=AXIS2_PLACEMENT_3D('',#6050,#4674,#4675);
#4081=AXIS2_PLACEMENT_3D('',#6052,#4677,#4678);
#4082=AXIS2_PLACEMENT_3D('',#6054,#4680,#4681);
#4083=AXIS2_PLACEMENT_3D('',#6057,#4682,#4683);
#4084=AXIS2_PLACEMENT_3D('',#6061,#4685,#4686);
#4085=AXIS2_PLACEMENT_3D('',#6063,#4688,#4689);
#4086=AXIS2_PLACEMENT_3D('',#6068,#4693,#4694);
#4087=AXIS2_PLACEMENT_3D('',#6074,#4698,#4699);
#4088=AXIS2_PLACEMENT_3D('',#6082,#4704,#4705);
#4089=AXIS2_PLACEMENT_3D('',#6084,#4707,#4708);
#4090=AXIS2_PLACEMENT_3D('',#6087,#4709,#4710);
#4091=AXIS2_PLACEMENT_3D('',#6091,#4712,#4713);
#4092=AXIS2_PLACEMENT_3D('',#6098,#4715,#4716);
#4093=AXIS2_PLACEMENT_3D('',#6104,#4720,#4721);
#4094=AXIS2_PLACEMENT_3D('',#6108,#4723,#4724);
#4095=AXIS2_PLACEMENT_3D('',#6111,#4726,#4727);
#4096=AXIS2_PLACEMENT_3D('',#6112,#4728,#4729);
#4097=AXIS2_PLACEMENT_3D('',#6117,#4733,#4734);
#4098=AXIS2_PLACEMENT_3D('',#6119,#4735,#4736);
#4099=AXIS2_PLACEMENT_3D('',#6121,#4737,#4738);
#4100=AXIS2_PLACEMENT_3D('',#6132,#4739,#4740);
#4101=AXIS2_PLACEMENT_3D('',#6134,#4741,#4742);
#4102=AXIS2_PLACEMENT_3D('',#6136,#4743,#4744);
#4103=AXIS2_PLACEMENT_3D('',#6138,#4746,#4747);
#4104=AXIS2_PLACEMENT_3D('',#6144,#4751,#4752);
#4105=AXIS2_PLACEMENT_3D('',#6147,#4753,#4754);
#4106=AXIS2_PLACEMENT_3D('',#6151,#4756,#4757);
#4107=AXIS2_PLACEMENT_3D('',#6153,#4759,#4760);
#4108=AXIS2_PLACEMENT_3D('',#6156,#4763,#4764);
#4109=AXIS2_PLACEMENT_3D('',#6158,#4766,#4767);
#4110=AXIS2_PLACEMENT_3D('',#6170,#4773,#4774);
#4111=AXIS2_PLACEMENT_3D('',#6187,#4784,#4785);
#4112=AXIS2_PLACEMENT_3D('',#6192,#4789,#4790);
#4113=AXIS2_PLACEMENT_3D('',#6196,#4793,#4794);
#4114=AXIS2_PLACEMENT_3D('',#6200,#4797,#4798);
#4115=AXIS2_PLACEMENT_3D('',#6202,#4799,#4800);
#4116=AXIS2_PLACEMENT_3D('',#6204,#4801,#4802);
#4117=AXIS2_PLACEMENT_3D('',#6205,#4803,#4804);
#4118=AXIS2_PLACEMENT_3D('',#6207,#4805,#4806);
#4119=AXIS2_PLACEMENT_3D('',#6209,#4808,#4809);
#4120=AXIS2_PLACEMENT_3D('',#6212,#4811,#4812);
#4121=AXIS2_PLACEMENT_3D('',#6213,#4813,#4814);
#4122=AXIS2_PLACEMENT_3D('',#6214,#4815,#4816);
#4123=AXIS2_PLACEMENT_3D('',#6216,#4817,#4818);
#4124=AXIS2_PLACEMENT_3D('',#6218,#4819,#4820);
#4125=AXIS2_PLACEMENT_3D('',#6219,#4821,#4822);
#4126=AXIS2_PLACEMENT_3D('',#6221,#4823,#4824);
#4127=AXIS2_PLACEMENT_3D('',#6223,#4826,#4827);
#4128=AXIS2_PLACEMENT_3D('',#6226,#4829,#4830);
#4129=AXIS2_PLACEMENT_3D('',#6227,#4831,#4832);
#4130=AXIS2_PLACEMENT_3D('',#6228,#4833,#4834);
#4131=AXIS2_PLACEMENT_3D('',#6230,#4835,#4836);
#4132=AXIS2_PLACEMENT_3D('',#6232,#4837,#4838);
#4133=AXIS2_PLACEMENT_3D('',#6234,#4840,#4841);
#4134=AXIS2_PLACEMENT_3D('',#6236,#4842,#4843);
#4135=AXIS2_PLACEMENT_3D('',#6238,#4844,#4845);
#4136=AXIS2_PLACEMENT_3D('',#6239,#4846,#4847);
#4137=AXIS2_PLACEMENT_3D('',#6241,#4848,#4849);
#4138=AXIS2_PLACEMENT_3D('',#6243,#4851,#4852);
#4139=AXIS2_PLACEMENT_3D('',#6246,#4855,#4856);
#4140=AXIS2_PLACEMENT_3D('',#6251,#4858,#4859);
#4141=AXIS2_PLACEMENT_3D('',#6252,#4860,#4861);
#4142=AXIS2_PLACEMENT_3D('',#6253,#4862,#4863);
#4143=AXIS2_PLACEMENT_3D('',#6255,#4864,#4865);
#4144=AXIS2_PLACEMENT_3D('',#6257,#4866,#4867);
#4145=AXIS2_PLACEMENT_3D('',#6258,#4868,#4869);
#4146=AXIS2_PLACEMENT_3D('',#6260,#4870,#4871);
#4147=AXIS2_PLACEMENT_3D('',#6262,#4873,#4874);
#4148=AXIS2_PLACEMENT_3D('',#6267,#4877,#4878);
#4149=AXIS2_PLACEMENT_3D('',#6269,#4880,#4881);
#4150=AXIS2_PLACEMENT_3D('',#6270,#4882,#4883);
#4151=AXIS2_PLACEMENT_3D('',#6271,#4884,#4885);
#4152=AXIS2_PLACEMENT_3D('',#6273,#4886,#4887);
#4153=AXIS2_PLACEMENT_3D('',#6275,#4888,#4889);
#4154=AXIS2_PLACEMENT_3D('',#6276,#4890,#4891);
#4155=AXIS2_PLACEMENT_3D('',#6278,#4892,#4893);
#4156=AXIS2_PLACEMENT_3D('',#6280,#4895,#4896);
#4157=AXIS2_PLACEMENT_3D('',#6282,#4898,#4899);
#4158=AXIS2_PLACEMENT_3D('',#6291,#4904,#4905);
#4159=AXIS2_PLACEMENT_3D('',#6293,#4906,#4907);
#4160=AXIS2_PLACEMENT_3D('',#6296,#4909,#4910);
#4161=AXIS2_PLACEMENT_3D('',#6297,#4911,#4912);
#4162=AXIS2_PLACEMENT_3D('',#6300,#4914,#4915);
#4163=AXIS2_PLACEMENT_3D('',#6301,#4916,#4917);
#4164=AXIS2_PLACEMENT_3D('',#6302,#4918,#4919);
#4165=AXIS2_PLACEMENT_3D('',#6304,#4921,#4922);
#4166=AXIS2_PLACEMENT_3D('',#6308,#4925,#4926);
#4167=AXIS2_PLACEMENT_3D('',#6314,#4930,#4931);
#4168=AXIS2_PLACEMENT_3D('',#6320,#4935,#4936);
#4169=AXIS2_PLACEMENT_3D('',#6327,#4941,#4942);
#4170=AXIS2_PLACEMENT_3D('',#6332,#4944,#4945);
#4171=AXIS2_PLACEMENT_3D('',#6345,#4952,#4953);
#4172=AXIS2_PLACEMENT_3D('',#6349,#4956,#4957);
#4173=AXIS2_PLACEMENT_3D('',#6356,#4958,#4959);
#4174=AXIS2_PLACEMENT_3D('',#6361,#4960,#4961);
#4175=AXIS2_PLACEMENT_3D('',#6362,#4962,#4963);
#4176=AXIS2_PLACEMENT_3D('',#6374,#4971,#4972);
#4177=AXIS2_PLACEMENT_3D('',#6376,#4974,#4975);
#4178=AXIS2_PLACEMENT_3D('',#6394,#4983,#4984);
#4179=AXIS2_PLACEMENT_3D('',#6399,#4985,#4986);
#4180=AXIS2_PLACEMENT_3D('',#6400,#4987,#4988);
#4181=AXIS2_PLACEMENT_3D('',#6414,#4996,#4997);
#4182=AXIS2_PLACEMENT_3D('',#6415,#4998,#4999);
#4183=AXIS2_PLACEMENT_3D('',#6416,#5000,#5001);
#4184=AXIS2_PLACEMENT_3D('',#6420,#5004,#5005);
#4185=AXIS2_PLACEMENT_3D('',#6421,#5006,#5007);
#4186=AXIS2_PLACEMENT_3D('',#6424,#5009,#5010);
#4187=AXIS2_PLACEMENT_3D('',#6425,#5011,#5012);
#4188=AXIS2_PLACEMENT_3D('',#6428,#5015,#5016);
#4189=AXIS2_PLACEMENT_3D('',#6430,#5018,#5019);
#4190=AXIS2_PLACEMENT_3D('',#6432,#5021,#5022);
#4191=AXIS2_PLACEMENT_3D('',#6436,#5025,#5026);
#4192=AXIS2_PLACEMENT_3D('',#6438,#5028,#5029);
#4193=AXIS2_PLACEMENT_3D('',#6439,#5030,#5031);
#4194=AXIS2_PLACEMENT_3D('',#6440,#5032,#5033);
#4195=AXIS2_PLACEMENT_3D('',#6441,#5034,#5035);
#4196=AXIS2_PLACEMENT_3D('',#6442,#5036,#5037);
#4197=AXIS2_PLACEMENT_3D('',#6443,#5038,#5039);
#4198=AXIS2_PLACEMENT_3D('',#6444,#5040,#5041);
#4199=AXIS2_PLACEMENT_3D('',#6445,#5042,#5043);
#4200=AXIS2_PLACEMENT_3D('',#6446,#5044,#5045);
#4201=AXIS2_PLACEMENT_3D('',#6447,#5046,#5047);
#4202=AXIS2_PLACEMENT_3D('',#6448,#5048,#5049);
#4203=AXIS2_PLACEMENT_3D('',#6449,#5050,#5051);
#4204=AXIS2_PLACEMENT_3D('',#6455,#5055,#5056);
#4205=AXIS2_PLACEMENT_3D('',#6459,#5059,#5060);
#4206=AXIS2_PLACEMENT_3D('',#6461,#5062,#5063);
#4207=AXIS2_PLACEMENT_3D('',#6465,#5066,#5067);
#4208=AXIS2_PLACEMENT_3D('',#6467,#5069,#5070);
#4209=AXIS2_PLACEMENT_3D('',#6470,#5071,#5072);
#4210=AXIS2_PLACEMENT_3D('',#6474,#5074,#5075);
#4211=AXIS2_PLACEMENT_3D('',#6476,#5077,#5078);
#4212=AXIS2_PLACEMENT_3D('',#6480,#5080,#5081);
#4213=AXIS2_PLACEMENT_3D('',#6484,#5084,#5085);
#4214=AXIS2_PLACEMENT_3D('',#6490,#5089,#5090);
#4215=AXIS2_PLACEMENT_3D('',#6518,#5105,#5106);
#4216=AXIS2_PLACEMENT_3D('',#6522,#5108,#5109);
#4217=AXIS2_PLACEMENT_3D('',#6525,#5111,#5112);
#4218=AXIS2_PLACEMENT_3D('',#6527,#5113,#5114);
#4219=AXIS2_PLACEMENT_3D('',#6529,#5115,#5116);
#4220=AXIS2_PLACEMENT_3D('',#6530,#5117,#5118);
#4221=AXIS2_PLACEMENT_3D('',#6531,#5119,#5120);
#4222=AXIS2_PLACEMENT_3D('',#6534,#5121,#5122);
#4223=AXIS2_PLACEMENT_3D('',#6543,#5124,#5125);
#4224=AXIS2_PLACEMENT_3D('',#6545,#5127,#5128);
#4225=AXIS2_PLACEMENT_3D('',#6548,#5131,#5132);
#4226=AXIS2_PLACEMENT_3D('',#6552,#5134,#5135);
#4227=AXIS2_PLACEMENT_3D('',#6565,#5142,#5143);
#4228=AXIS2_PLACEMENT_3D('',#6566,#5144,#5145);
#4229=AXIS2_PLACEMENT_3D('',#6570,#5148,#5149);
#4230=AXIS2_PLACEMENT_3D('',#6573,#5151,#5152);
#4231=AXIS2_PLACEMENT_3D('',#6608,#5153,#5154);
#4232=AXIS2_PLACEMENT_3D('',#6609,#5155,#5156);
#4233=AXIS2_PLACEMENT_3D('',#6614,#5160,#5161);
#4234=AXIS2_PLACEMENT_3D('',#6616,#5163,#5164);
#4235=AXIS2_PLACEMENT_3D('',#6619,#5165,#5166);
#4236=AXIS2_PLACEMENT_3D('',#6621,#5167,#5168);
#4237=AXIS2_PLACEMENT_3D('',#6633,#5169,#5170);
#4238=AXIS2_PLACEMENT_3D('',#6634,#5171,#5172);
#4239=AXIS2_PLACEMENT_3D('',#6637,#5173,#5174);
#4240=AXIS2_PLACEMENT_3D('',#6641,#5177,#5178);
#4241=AXIS2_PLACEMENT_3D('',#6642,#5179,#5180);
#4242=AXIS2_PLACEMENT_3D('',#6645,#5183,#5184);
#4243=AXIS2_PLACEMENT_3D('',#6648,#5187,#5188);
#4244=AXIS2_PLACEMENT_3D('',#6651,#5190,#5191);
#4245=AXIS2_PLACEMENT_3D('',#6652,#5192,#5193);
#4246=AXIS2_PLACEMENT_3D('',#6657,#5197,#5198);
#4247=AXIS2_PLACEMENT_3D('',#6677,#5201,#5202);
#4248=AXIS2_PLACEMENT_3D('',#6715,#5203,#5204);
#4249=AXIS2_PLACEMENT_3D('',#6716,#5205,#5206);
#4250=AXIS2_PLACEMENT_3D('',#6717,#5207,#5208);
#4251=AXIS2_PLACEMENT_3D('',#6718,#5209,#5210);
#4252=AXIS2_PLACEMENT_3D('',#6721,#5212,#5213);
#4253=AXIS2_PLACEMENT_3D('',#6722,#5214,#5215);
#4254=AXIS2_PLACEMENT_3D('',#6725,#5217,#5218);
#4255=AXIS2_PLACEMENT_3D('',#6726,#5219,#5220);
#4256=AXIS2_PLACEMENT_3D('',#6727,#5221,#5222);
#4257=AXIS2_PLACEMENT_3D('',#6729,#5223,#5224);
#4258=AXIS2_PLACEMENT_3D('',#6731,#5225,#5226);
#4259=AXIS2_PLACEMENT_3D('',#6732,#5227,#5228);
#4260=AXIS2_PLACEMENT_3D('',#6734,#5229,#5230);
#4261=AXIS2_PLACEMENT_3D('',#6736,#5232,#5233);
#4262=AXIS2_PLACEMENT_3D('',#6739,#5235,#5236);
#4263=AXIS2_PLACEMENT_3D('',#6740,#5237,#5238);
#4264=AXIS2_PLACEMENT_3D('',#6741,#5239,#5240);
#4265=AXIS2_PLACEMENT_3D('',#6743,#5241,#5242);
#4266=AXIS2_PLACEMENT_3D('',#6745,#5243,#5244);
#4267=AXIS2_PLACEMENT_3D('',#6746,#5245,#5246);
#4268=AXIS2_PLACEMENT_3D('',#6748,#5247,#5248);
#4269=AXIS2_PLACEMENT_3D('',#6750,#5250,#5251);
#4270=AXIS2_PLACEMENT_3D('',#6753,#5253,#5254);
#4271=AXIS2_PLACEMENT_3D('',#6754,#5255,#5256);
#4272=AXIS2_PLACEMENT_3D('',#6755,#5257,#5258);
#4273=AXIS2_PLACEMENT_3D('',#6769,#5266,#5267);
#4274=AXIS2_PLACEMENT_3D('',#6774,#5271,#5272);
#4275=AXIS2_PLACEMENT_3D('',#6778,#5274,#5275);
#4276=AXIS2_PLACEMENT_3D('',#6779,#5276,#5277);
#4277=AXIS2_PLACEMENT_3D('',#6780,#5278,#5279);
#4278=AXIS2_PLACEMENT_3D('',#6782,#5280,#5281);
#4279=AXIS2_PLACEMENT_3D('',#6784,#5282,#5283);
#4280=AXIS2_PLACEMENT_3D('',#6785,#5284,#5285);
#4281=AXIS2_PLACEMENT_3D('',#6787,#5287,#5288);
#4282=AXIS2_PLACEMENT_3D('',#6790,#5291,#5292);
#4283=AXIS2_PLACEMENT_3D('',#6792,#5293,#5294);
#4284=AXIS2_PLACEMENT_3D('',#6795,#5296,#5297);
#4285=AXIS2_PLACEMENT_3D('',#6796,#5298,#5299);
#4286=AXIS2_PLACEMENT_3D('',#6797,#5300,#5301);
#4287=AXIS2_PLACEMENT_3D('',#6798,#5302,#5303);
#4288=AXIS2_PLACEMENT_3D('',#6800,#5304,#5305);
#4289=AXIS2_PLACEMENT_3D('',#6801,#5306,#5307);
#4290=AXIS2_PLACEMENT_3D('',#6803,#5309,#5310);
#4291=AXIS2_PLACEMENT_3D('',#6804,#5311,#5312);
#4292=AXIS2_PLACEMENT_3D('',#6805,#5313,#5314);
#4293=AXIS2_PLACEMENT_3D('',#6806,#5315,#5316);
#4294=AXIS2_PLACEMENT_3D('',#6808,#5317,#5318);
#4295=AXIS2_PLACEMENT_3D('',#6810,#5319,#5320);
#4296=AXIS2_PLACEMENT_3D('',#6811,#5321,#5322);
#4297=AXIS2_PLACEMENT_3D('',#6813,#5324,#5325);
#4298=AXIS2_PLACEMENT_3D('',#6815,#5327,#5328);
#4299=AXIS2_PLACEMENT_3D('',#6819,#5331,#5332);
#4300=AXIS2_PLACEMENT_3D('',#6825,#5336,#5337);
#4301=AXIS2_PLACEMENT_3D('',#6827,#5339,#5340);
#4302=AXIS2_PLACEMENT_3D('',#6836,#5341,#5342);
#4303=AXIS2_PLACEMENT_3D('',#6837,#5343,#5344);
#4304=AXIS2_PLACEMENT_3D('',#6841,#5346,#5347);
#4305=AXIS2_PLACEMENT_3D('',#6843,#5349,#5350);
#4306=AXIS2_PLACEMENT_3D('',#6859,#5357,#5358);
#4307=AXIS2_PLACEMENT_3D('',#6864,#5359,#5360);
#4308=AXIS2_PLACEMENT_3D('',#6865,#5361,#5362);
#4309=AXIS2_PLACEMENT_3D('',#6868,#5364,#5365);
#4310=AXIS2_PLACEMENT_3D('',#6869,#5366,#5367);
#4311=AXIS2_PLACEMENT_3D('',#6873,#5369,#5370);
#4312=AXIS2_PLACEMENT_3D('',#6874,#5371,#5372);
#4313=AXIS2_PLACEMENT_3D('',#6875,#5373,#5374);
#4314=AXIS2_PLACEMENT_3D('',#6878,#5376,#5377);
#4315=AXIS2_PLACEMENT_3D('',#6879,#5378,#5379);
#4316=AXIS2_PLACEMENT_3D('',#6881,#5380,#5381);
#4317=AXIS2_PLACEMENT_3D('',#6883,#5383,#5384);
#4318=AXIS2_PLACEMENT_3D('',#6890,#5389,#5390);
#4319=AXIS2_PLACEMENT_3D('',#6898,#5395,#5396);
#4320=AXIS2_PLACEMENT_3D('',#6900,#5398,#5399);
#4321=AXIS2_PLACEMENT_3D('',#6902,#5401,#5402);
#4322=AXIS2_PLACEMENT_3D('',#6908,#5406,#5407);
#4323=AXIS2_PLACEMENT_3D('',#6911,#5409,#5410);
#4324=AXIS2_PLACEMENT_3D('',#6912,#5411,#5412);
#4325=AXIS2_PLACEMENT_3D('',#6916,#5415,#5416);
#4326=AXIS2_PLACEMENT_3D('',#6919,#5418,#5419);
#4327=AXIS2_PLACEMENT_3D('',#6920,#5420,#5421);
#4328=AXIS2_PLACEMENT_3D('',#6922,#5422,#5423);
#4329=AXIS2_PLACEMENT_3D('',#6924,#5425,#5426);
#4330=AXIS2_PLACEMENT_3D('',#6926,#5428,#5429);
#4331=AXIS2_PLACEMENT_3D('',#6928,#5431,#5432);
#4332=AXIS2_PLACEMENT_3D('',#6929,#5433,#5434);
#4333=AXIS2_PLACEMENT_3D('',#6933,#5437,#5438);
#4334=AXIS2_PLACEMENT_3D('',#6935,#5440,#5441);
#4335=AXIS2_PLACEMENT_3D('',#6936,#5442,#5443);
#4336=AXIS2_PLACEMENT_3D('',#6938,#5444,#5445);
#4337=AXIS2_PLACEMENT_3D('',#6940,#5447,#5448);
#4338=AXIS2_PLACEMENT_3D('',#6942,#5450,#5451);
#4339=AXIS2_PLACEMENT_3D('',#6945,#5453,#5454);
#4340=AXIS2_PLACEMENT_3D('',#6946,#5455,#5456);
#4341=AXIS2_PLACEMENT_3D('',#6947,#5457,#5458);
#4342=AXIS2_PLACEMENT_3D('',#6949,#5460,#5461);
#4343=DIRECTION('axis',(0.,0.,1.));
#4344=DIRECTION('refdir',(1.,0.,0.));
#4345=DIRECTION('center_axis',(0.,0.,1.));
#4346=DIRECTION('ref_axis',(0.707106781186549,-0.707106781186546,0.));
#4347=DIRECTION('',(0.,0.,1.));
#4348=DIRECTION('',(0.,0.,-1.));
#4349=DIRECTION('center_axis',(0.,0.,1.));
#4350=DIRECTION('ref_axis',(0.707106781186549,-0.707106781186546,0.));
#4351=DIRECTION('',(0.,0.,1.));
#4352=DIRECTION('center_axis',(0.,0.,1.));
#4353=DIRECTION('ref_axis',(0.,-1.,0.));
#4354=DIRECTION('',(0.,0.,-1.));
#4355=DIRECTION('center_axis',(-4.02538934449806E-15,-0.422340843517788,
0.90643709759513));
#4356=DIRECTION('ref_axis',(0.625661449681964,-0.707106781186548,-0.329465856170047));
#4357=DIRECTION('center_axis',(0.,-1.,0.));
#4358=DIRECTION('ref_axis',(1.,0.,-1.61732053124731E-16));
#4359=DIRECTION('center_axis',(0.,0.,1.));
#4360=DIRECTION('ref_axis',(0.707106781186549,-0.707106781186546,0.));
#4361=DIRECTION('',(0.,0.,-1.));
#4362=DIRECTION('center_axis',(0.,0.,-1.));
#4363=DIRECTION('ref_axis',(1.,0.,0.));
#4364=DIRECTION('',(0.,0.,1.));
#4365=DIRECTION('center_axis',(0.,-0.422340843517789,-0.906437097595129));
#4366=DIRECTION('ref_axis',(1.,0.,0.));
#4367=DIRECTION('center_axis',(0.,-1.,0.));
#4368=DIRECTION('ref_axis',(1.,0.,-1.61732053124731E-16));
#4369=DIRECTION('center_axis',(-1.,0.,0.));
#4370=DIRECTION('ref_axis',(0.,-0.707106781186546,0.707106781186549));
#4371=DIRECTION('',(-1.,0.,0.));
#4372=DIRECTION('center_axis',(-0.999390827019096,-0.0348994967025,7.73692577787934E-23));
#4373=DIRECTION('ref_axis',(0.0348994967025,-0.999390827019096,2.28844008268379E-15));
#4374=DIRECTION('',(-1.,0.,0.));
#4375=DIRECTION('center_axis',(0.621986283340024,0.,-0.783028137002026));
#4376=DIRECTION('ref_axis',(0.783028137002026,8.63179365956402E-17,0.621986283340024));
#4377=DIRECTION('',(-1.,0.,0.));
#4378=DIRECTION('center_axis',(-1.,0.,0.));
#4379=DIRECTION('ref_axis',(0.,-0.707106781186546,0.707106781186549));
#4380=DIRECTION('',(1.,0.,0.));
#4381=DIRECTION('center_axis',(-1.,0.,0.));
#4382=DIRECTION('ref_axis',(0.,-0.707106781186546,0.707106781186549));
#4383=DIRECTION('',(1.,0.,0.));
#4384=DIRECTION('center_axis',(0.0348994967024988,-0.999390827019096,1.0579288762047E-14));
#4385=DIRECTION('ref_axis',(-0.999390827019096,-0.0348994967024988,3.72932413574335E-16));
#4386=DIRECTION('center_axis',(0.,1.,0.));
#4387=DIRECTION('ref_axis',(1.,0.,-1.61732053124731E-16));
#4388=DIRECTION('center_axis',(0.,-1.,0.));
#4389=DIRECTION('ref_axis',(1.,0.,-1.61732053124731E-16));
#4390=DIRECTION('',(0.707106781186548,-0.707106781186548,-2.00957437123269E-16));
#4391=DIRECTION('center_axis',(0.,1.,0.));
#4392=DIRECTION('ref_axis',(1.,0.,-1.61732053124731E-16));
#4393=DIRECTION('center_axis',(0.,-1.,0.));
#4394=DIRECTION('ref_axis',(1.,0.,-1.61732053124731E-16));
#4395=DIRECTION('center_axis',(0.,-1.,0.));
#4396=DIRECTION('ref_axis',(1.,0.,-1.61732053124731E-16));
#4397=DIRECTION('center_axis',(0.,1.,0.));
#4398=DIRECTION('ref_axis',(-1.,0.,0.));
#4399=DIRECTION('center_axis',(0.,-1.,0.));
#4400=DIRECTION('ref_axis',(1.,0.,-1.61732053124731E-16));
#4401=DIRECTION('center_axis',(0.,-1.,0.));
#4402=DIRECTION('ref_axis',(1.,0.,-1.61732053124731E-16));
#4403=DIRECTION('center_axis',(0.,-1.,0.));
#4404=DIRECTION('ref_axis',(1.,0.,-1.61732053124731E-16));
#4405=DIRECTION('center_axis',(0.,-1.,0.));
#4406=DIRECTION('ref_axis',(1.,0.,-1.61732053124731E-16));
#4407=DIRECTION('',(1.,0.,0.));
#4408=DIRECTION('',(-7.74164177687765E-23,0.,1.));
#4409=DIRECTION('',(-1.,0.,1.00599037020728E-15));
#4410=DIRECTION('center_axis',(0.,-1.,0.));
#4411=DIRECTION('ref_axis',(-0.38268343236509,0.,-0.923879532511287));
#4412=DIRECTION('',(-0.707106781186547,0.,0.707106781186548));
#4413=DIRECTION('center_axis',(0.,-1.,0.));
#4414=DIRECTION('ref_axis',(1.,0.,-1.61732053124731E-16));
#4415=DIRECTION('',(-0.707106781186547,0.,0.707106781186548));
#4416=DIRECTION('',(0.,0.,-1.));
#4417=DIRECTION('',(1.,0.,0.));
#4418=DIRECTION('',(0.,0.,1.));
#4419=DIRECTION('',(-1.,0.,0.));
#4420=DIRECTION('',(0.,0.,1.));
#4421=DIRECTION('',(0.707106781186547,0.,0.707106781186548));
#4422=DIRECTION('',(1.,0.,1.00599037020728E-15));
#4423=DIRECTION('',(-1.61732053124731E-16,0.,1.));
#4424=DIRECTION('center_axis',(0.,-1.,0.));
#4425=DIRECTION('ref_axis',(1.,0.,-1.61732053124731E-16));
#4426=DIRECTION('center_axis',(5.4961400283456E-17,1.,0.));
#4427=DIRECTION('ref_axis',(0.707106781186546,0.,-0.707106781186549));
#4428=DIRECTION('center_axis',(0.0348994967024988,-0.999390827019096,-1.0579288762047E-14));
#4429=DIRECTION('ref_axis',(0.999390827019096,0.0348994967024988,-2.86540437019679E-13));
#4430=DIRECTION('',(5.4961400283456E-17,1.,0.));
#4431=DIRECTION('center_axis',(-0.150644330873247,0.988588026215042,0.));
#4432=DIRECTION('ref_axis',(0.988588026215042,0.150644330873247,1.37194148571585E-15));
#4433=DIRECTION('',(-5.4961400283456E-17,-1.,0.));
#4434=DIRECTION('center_axis',(-1.,5.4961400283456E-17,0.));
#4435=DIRECTION('ref_axis',(-5.4961400283456E-17,-1.,0.));
#4436=DIRECTION('center_axis',(1.,-5.4961400283456E-17,0.));
#4437=DIRECTION('ref_axis',(-5.42447147017215E-17,-1.,1.05728441478761E-14));
#4438=DIRECTION('',(5.81806945436395E-31,1.05857373071975E-14,1.));
#4439=DIRECTION('',(-5.4961400283456E-17,-1.,0.));
#4440=DIRECTION('',(0.,0.,1.));
#4441=DIRECTION('',(-5.81806945436395E-31,-1.05857373071975E-14,1.));
#4442=DIRECTION('center_axis',(1.,-5.4961400283456E-17,0.));
#4443=DIRECTION('ref_axis',(-5.42447147017215E-17,-1.,-1.05728441478761E-14));
#4444=DIRECTION('center_axis',(1.,-5.4961400283456E-17,0.));
#4445=DIRECTION('ref_axis',(0.,0.,-1.));
#4446=DIRECTION('center_axis',(1.,-5.4961400283456E-17,0.));
#4447=DIRECTION('ref_axis',(0.,0.,-1.));
#4448=DIRECTION('center_axis',(1.,-5.4961400283456E-17,0.));
#4449=DIRECTION('ref_axis',(0.,0.,-1.));
#4450=DIRECTION('center_axis',(1.,-5.4961400283456E-17,0.));
#4451=DIRECTION('ref_axis',(0.,0.,-1.));
#4452=DIRECTION('center_axis',(1.,-5.4961400283456E-17,0.));
#4453=DIRECTION('ref_axis',(0.,0.,-1.));
#4454=DIRECTION('center_axis',(1.,-5.4961400283456E-17,0.));
#4455=DIRECTION('ref_axis',(0.,0.,-1.));
#4456=DIRECTION('center_axis',(1.,-5.4961400283456E-17,0.));
#4457=DIRECTION('ref_axis',(0.,0.,-1.));
#4458=DIRECTION('center_axis',(1.,-5.4961400283456E-17,0.));
#4459=DIRECTION('ref_axis',(0.,0.,-1.));
#4460=DIRECTION('center_axis',(1.,-5.4961400283456E-17,0.));
#4461=DIRECTION('ref_axis',(0.,0.,-1.));
#4462=DIRECTION('center_axis',(1.,0.,0.));
#4463=DIRECTION('ref_axis',(0.,0.707106781186554,0.707106781186541));
#4464=DIRECTION('center_axis',(-1.,-1.87365869106646E-16,0.));
#4465=DIRECTION('ref_axis',(0.,0.707106781186554,0.707106781186541));
#4466=DIRECTION('',(-1.,0.,0.));
#4467=DIRECTION('center_axis',(-1.,-2.70459947378538E-15,0.));
#4468=DIRECTION('ref_axis',(0.,0.707106781186554,0.707106781186541));
#4469=DIRECTION('',(1.,0.,0.));
#4470=DIRECTION('center_axis',(1.,1.87365869106646E-16,0.));
#4471=DIRECTION('ref_axis',(-1.87365869106646E-16,1.,0.));
#4472=DIRECTION('',(1.87365869106646E-16,-1.,0.));
#4473=DIRECTION('center_axis',(1.,1.87365869106646E-16,0.));
#4474=DIRECTION('ref_axis',(0.,-0.707106781186548,-0.707106781186548));
#4475=DIRECTION('',(2.68410196014567E-32,-1.4325458382273E-16,1.));
#4476=DIRECTION('center_axis',(1.,1.87365869106646E-16,0.));
#4477=DIRECTION('ref_axis',(0.,-0.707106781186544,0.707106781186551));
#4478=DIRECTION('',(-1.87365869106646E-16,1.,0.));
#4479=DIRECTION('center_axis',(-1.,-1.87365869106646E-16,0.));
#4480=DIRECTION('ref_axis',(0.,0.707106781186551,-0.707106781186544));
#4481=DIRECTION('',(0.,0.,1.));
#4482=DIRECTION('',(1.87365869106646E-16,-1.,-1.04283267700559E-14));
#4483=DIRECTION('',(0.,0.,-1.));
#4484=DIRECTION('',(1.87365869106646E-16,-1.,0.));
#4485=DIRECTION('',(0.,0.,1.));
#4486=DIRECTION('',(-1.87365869106646E-16,1.,0.));
#4487=DIRECTION('',(0.,0.,-1.));
#4488=DIRECTION('',(-1.87365869106646E-16,1.,-1.04283267700559E-14));
#4489=DIRECTION('',(0.,0.,1.));
#4490=DIRECTION('center_axis',(0.,0.,-1.));
#4491=DIRECTION('ref_axis',(1.87365869106646E-16,-1.,0.));
#4492=DIRECTION('',(-2.44929359829582E-16,1.,0.));
#4493=DIRECTION('',(-1.,0.,0.));
#4494=DIRECTION('center_axis',(-1.,0.,0.));
#4495=DIRECTION('ref_axis',(0.,-0.707106781186548,-0.707106781186548));
#4496=DIRECTION('center_axis',(1.,2.70459947378538E-15,0.));
#4497=DIRECTION('ref_axis',(0.,-0.707106781186548,-0.707106781186548));
#4498=DIRECTION('',(1.,0.,0.));
#4499=DIRECTION('center_axis',(0.,-1.,-1.4325458382273E-16));
#4500=DIRECTION('ref_axis',(2.68410196014567E-32,-1.4325458382273E-16,1.));
#4501=DIRECTION('',(6.07695317676416E-16,1.4325458382273E-16,-1.));
#4502=DIRECTION('',(-1.,0.,0.));
#4503=DIRECTION('center_axis',(-1.,0.,0.));
#4504=DIRECTION('ref_axis',(0.,-0.707106781186544,0.707106781186551));
#4505=DIRECTION('center_axis',(1.,2.70459947378538E-15,0.));
#4506=DIRECTION('ref_axis',(0.,-0.707106781186544,0.707106781186551));
#4507=DIRECTION('',(1.,0.,0.));
#4508=DIRECTION('center_axis',(0.,0.,1.));
#4509=DIRECTION('ref_axis',(-1.87365869106646E-16,1.,0.));
#4510=DIRECTION('',(2.44929359829582E-16,-1.,0.));
#4511=DIRECTION('',(-1.,0.,0.));
#4512=DIRECTION('center_axis',(-1.,0.,0.));
#4513=DIRECTION('ref_axis',(0.,0.707106781186551,-0.707106781186544));
#4514=DIRECTION('center_axis',(-1.,-2.70459947378538E-15,0.));
#4515=DIRECTION('ref_axis',(0.,0.707106781186551,-0.707106781186544));
#4516=DIRECTION('',(1.,0.,0.));
#4517=DIRECTION('center_axis',(0.,1.,0.));
#4518=DIRECTION('ref_axis',(-1.,0.,0.));
#4519=DIRECTION('',(0.,0.,-1.));
#4520=DIRECTION('',(1.,0.,0.));
#4521=DIRECTION('',(-5.88754634269837E-17,0.,1.));
#4522=DIRECTION('',(-0.707106781186545,0.,-0.70710678118655));
#4523=DIRECTION('',(1.,0.,0.));
#4524=DIRECTION('center_axis',(1.,0.,0.));
#4525=DIRECTION('ref_axis',(0.,0.,-1.));
#4526=DIRECTION('center_axis',(1.,2.70459947378538E-15,0.));
#4527=DIRECTION('ref_axis',(0.,0.,-1.));
#4528=DIRECTION('',(-0.707106781186528,8.65956056235518E-17,-0.707106781186567));
#4529=DIRECTION('center_axis',(-1.,-2.70459947378538E-15,0.));
#4530=DIRECTION('ref_axis',(0.,0.,-1.));
#4531=DIRECTION('center_axis',(1.,2.70459947378538E-15,0.));
#4532=DIRECTION('ref_axis',(-2.70459947378538E-15,1.,0.));
#4533=DIRECTION('',(0.,0.,-1.));
#4534=DIRECTION('',(-2.70459947378538E-15,1.,0.));
#4535=DIRECTION('',(0.,0.,1.));
#4536=DIRECTION('',(2.70459947378538E-15,-1.,0.));
#4537=DIRECTION('center_axis',(1.,2.70459947378538E-15,0.));
#4538=DIRECTION('ref_axis',(0.,0.,-1.));
#4539=DIRECTION('center_axis',(1.,2.70459947378538E-15,0.));
#4540=DIRECTION('ref_axis',(0.,0.,-1.));
#4541=DIRECTION('center_axis',(1.,2.70459947378538E-15,0.));
#4542=DIRECTION('ref_axis',(0.,0.,-1.));
#4543=DIRECTION('center_axis',(1.,2.70459947378538E-15,0.));
#4544=DIRECTION('ref_axis',(0.,0.,-1.));
#4545=DIRECTION('center_axis',(1.,2.70459947378538E-15,0.));
#4546=DIRECTION('ref_axis',(0.,0.,-1.));
#4547=DIRECTION('center_axis',(1.,2.70459947378538E-15,0.));
#4548=DIRECTION('ref_axis',(0.,0.,-1.));
#4549=DIRECTION('center_axis',(1.,2.70459947378538E-15,0.));
#4550=DIRECTION('ref_axis',(0.,0.,-1.));
#4551=DIRECTION('center_axis',(1.,2.70459947378538E-15,0.));
#4552=DIRECTION('ref_axis',(0.,0.,-1.));
#4553=DIRECTION('center_axis',(1.,-2.21951894000139E-18,0.));
#4554=DIRECTION('ref_axis',(0.,0.,-1.));
#4555=DIRECTION('',(-1.,2.21951894000139E-18,0.));
#4556=DIRECTION('center_axis',(1.,0.,0.));
#4557=DIRECTION('ref_axis',(0.,0.,-1.));
#4558=DIRECTION('',(-0.707106781186528,8.65956056235517E-17,-0.707106781186567));
#4559=DIRECTION('center_axis',(-1.,-2.70459947378538E-15,0.));
#4560=DIRECTION('ref_axis',(0.,0.,-1.));
#4561=DIRECTION('center_axis',(1.,-2.21951894000139E-18,0.));
#4562=DIRECTION('ref_axis',(0.,0.,-1.));
#4563=DIRECTION('',(-1.,2.21951894000139E-18,0.));
#4564=DIRECTION('center_axis',(1.,0.,0.));
#4565=DIRECTION('ref_axis',(0.,0.,-1.));
#4566=DIRECTION('',(-0.707106781186528,8.65956056235518E-17,-0.707106781186567));
#4567=DIRECTION('center_axis',(-1.,-2.70459947378538E-15,0.));
#4568=DIRECTION('ref_axis',(0.,0.,-1.));
#4569=DIRECTION('center_axis',(1.,-2.21951894000139E-18,0.));
#4570=DIRECTION('ref_axis',(0.,0.,-1.));
#4571=DIRECTION('',(-1.,2.21951894000139E-18,0.));
#4572=DIRECTION('center_axis',(1.,0.,0.));
#4573=DIRECTION('ref_axis',(0.,0.,-1.));
#4574=DIRECTION('',(-0.707106781186529,8.65956056235516E-17,-0.707106781186566));
#4575=DIRECTION('center_axis',(-1.,-2.70459947378538E-15,0.));
#4576=DIRECTION('ref_axis',(0.,0.,-1.));
#4577=DIRECTION('center_axis',(1.,-2.21951894000139E-18,0.));
#4578=DIRECTION('ref_axis',(0.,0.,-1.));
#4579=DIRECTION('',(-1.,2.21951894000139E-18,0.));
#4580=DIRECTION('center_axis',(1.,0.,0.));
#4581=DIRECTION('ref_axis',(0.,0.,-1.));
#4582=DIRECTION('center_axis',(-1.,-2.70459947378538E-15,0.));
#4583=DIRECTION('ref_axis',(0.,0.,-1.));
#4584=DIRECTION('',(0.707106781189564,8.65956056231798E-17,0.707106781183531));
#4585=DIRECTION('center_axis',(1.,-2.21951894000139E-18,0.));
#4586=DIRECTION('ref_axis',(0.,0.,-1.));
#4587=DIRECTION('',(-1.,2.21951894000139E-18,0.));
#4588=DIRECTION('center_axis',(1.,0.,0.));
#4589=DIRECTION('ref_axis',(0.,0.,-1.));
#4590=DIRECTION('center_axis',(-1.,-2.70459947378538E-15,0.));
#4591=DIRECTION('ref_axis',(0.,0.,-1.));
#4592=DIRECTION('',(0.707106781189564,8.65956056231798E-17,0.707106781183531));
#4593=DIRECTION('center_axis',(1.,-2.21951894000139E-18,0.));
#4594=DIRECTION('ref_axis',(0.,0.,-1.));
#4595=DIRECTION('',(-1.,2.21951894000139E-18,0.));
#4596=DIRECTION('center_axis',(1.,0.,0.));
#4597=DIRECTION('ref_axis',(0.,0.,-1.));
#4598=DIRECTION('center_axis',(-1.,-2.70459947378538E-15,0.));
#4599=DIRECTION('ref_axis',(0.,0.,-1.));
#4600=DIRECTION('',(0.707106781189565,8.65956056231798E-17,0.70710678118353));
#4601=DIRECTION('center_axis',(1.,-2.21951894000139E-18,0.));
#4602=DIRECTION('ref_axis',(0.,0.,-1.));
#4603=DIRECTION('',(-1.,2.21951894000139E-18,0.));
#4604=DIRECTION('center_axis',(1.,0.,0.));
#4605=DIRECTION('ref_axis',(0.,0.,-1.));
#4606=DIRECTION('center_axis',(-1.,-2.70459947378538E-15,0.));
#4607=DIRECTION('ref_axis',(0.,0.,-1.));
#4608=DIRECTION('',(0.707106781189564,8.65956056231798E-17,0.707106781183531));
#4609=DIRECTION('center_axis',(1.,-2.21951894000139E-18,0.));
#4610=DIRECTION('ref_axis',(0.,0.,-1.));
#4611=DIRECTION('',(-1.,2.21951894000139E-18,0.));
#4612=DIRECTION('center_axis',(1.,0.,0.));
#4613=DIRECTION('ref_axis',(0.,0.,-1.));
#4614=DIRECTION('',(-0.707106781186529,8.65956056235516E-17,-0.707106781186566));
#4615=DIRECTION('center_axis',(-1.,-2.70459947378538E-15,0.));
#4616=DIRECTION('ref_axis',(0.,0.,-1.));
#4617=DIRECTION('center_axis',(1.,-2.21951894000139E-18,0.));
#4618=DIRECTION('ref_axis',(0.,0.,-1.));
#4619=DIRECTION('',(-1.,2.21951894000139E-18,0.));
#4620=DIRECTION('center_axis',(0.,1.,0.));
#4621=DIRECTION('ref_axis',(1.,0.,-1.61732053124731E-16));
#4622=DIRECTION('',(0.707106781186548,-0.707106781186548,-2.00957437123269E-16));
#4623=DIRECTION('center_axis',(0.,1.,0.));
#4624=DIRECTION('ref_axis',(1.,0.,-1.61732053124731E-16));
#4625=DIRECTION('center_axis',(0.,1.,0.));
#4626=DIRECTION('ref_axis',(1.,0.,-1.61732053124731E-16));
#4627=DIRECTION('',(0.,-1.,0.));
#4628=DIRECTION('center_axis',(0.,1.,0.));
#4629=DIRECTION('ref_axis',(1.,0.,-1.61732053124731E-16));
#4630=DIRECTION('center_axis',(0.,1.,0.));
#4631=DIRECTION('ref_axis',(1.,0.,-1.61732053124731E-16));
#4632=DIRECTION('',(0.707106781186548,-0.707106781186548,-2.00957437123269E-16));
#4633=DIRECTION('center_axis',(0.,1.,0.));
#4634=DIRECTION('ref_axis',(1.,0.,-1.61732053124731E-16));
#4635=DIRECTION('center_axis',(0.,1.,0.));
#4636=DIRECTION('ref_axis',(1.,0.,-1.61732053124731E-16));
#4637=DIRECTION('',(0.,-1.,0.));
#4638=DIRECTION('center_axis',(0.,1.,0.));
#4639=DIRECTION('ref_axis',(1.,0.,-1.61732053124731E-16));
#4640=DIRECTION('center_axis',(0.,1.,0.));
#4641=DIRECTION('ref_axis',(1.,0.,-1.61732053124731E-16));
#4642=DIRECTION('',(0.707106781186548,-0.707106781186548,-2.00957437123269E-16));
#4643=DIRECTION('center_axis',(0.,1.,0.));
#4644=DIRECTION('ref_axis',(1.,0.,-1.61732053124731E-16));
#4645=DIRECTION('center_axis',(0.,1.,0.));
#4646=DIRECTION('ref_axis',(1.,0.,-1.61732053124731E-16));
#4647=DIRECTION('',(0.,-1.,0.));
#4648=DIRECTION('center_axis',(0.,1.,0.));
#4649=DIRECTION('ref_axis',(1.,0.,-1.61732053124731E-16));
#4650=DIRECTION('center_axis',(0.,1.,0.));
#4651=DIRECTION('ref_axis',(1.,0.,-1.61732053124731E-16));
#4652=DIRECTION('',(0.,-1.,0.));
#4653=DIRECTION('center_axis',(0.,1.,0.));
#4654=DIRECTION('ref_axis',(1.,0.,-1.61732053124731E-16));
#4655=DIRECTION('center_axis',(0.,1.,0.));
#4656=DIRECTION('ref_axis',(1.,0.,-1.61732053124731E-16));
#4657=DIRECTION('',(0.,-1.,0.));
#4658=DIRECTION('center_axis',(0.,1.,0.));
#4659=DIRECTION('ref_axis',(1.,0.,-1.61732053124731E-16));
#4660=DIRECTION('',(0.,-1.,0.));
#4661=DIRECTION('center_axis',(0.,1.,0.));
#4662=DIRECTION('ref_axis',(1.,0.,-1.61732053124731E-16));
#4663=DIRECTION('center_axis',(0.,1.,0.));
#4664=DIRECTION('ref_axis',(1.,0.,-1.61732053124731E-16));
#4665=DIRECTION('',(0.,1.,0.));
#4666=DIRECTION('center_axis',(0.,1.,0.));
#4667=DIRECTION('ref_axis',(0.707106781186548,0.,0.707106781186548));
#4668=DIRECTION('center_axis',(-0.707106781186547,0.,0.707106781186548));
#4669=DIRECTION('ref_axis',(0.500000000000005,-0.707106781186541,0.500000000000005));
#4670=DIRECTION('',(0.707106781186547,0.,-0.707106781186548));
#4671=DIRECTION('center_axis',(0.316227766016839,-2.80866677486138E-15,
0.948683298050514));
#4672=DIRECTION('ref_axis',(0.948683298050513,0.,-0.316227766016838));
#4673=DIRECTION('',(-0.707106781186547,0.,0.707106781186548));
#4674=DIRECTION('center_axis',(-1.,0.,0.));
#4675=DIRECTION('ref_axis',(0.,9.81307786677358E-17,1.));
#4676=DIRECTION('',(0.707106781186547,0.,-0.707106781186548));
#4677=DIRECTION('center_axis',(0.707106781186548,0.,0.707106781186547));
#4678=DIRECTION('ref_axis',(0.707106781186547,0.,-0.707106781186548));
#4679=DIRECTION('',(0.,1.,0.));
#4680=DIRECTION('center_axis',(0.,-1.,0.));
#4681=DIRECTION('ref_axis',(-0.707106781186549,0.,0.707106781186546));
#4682=DIRECTION('center_axis',(0.,1.,0.));
#4683=DIRECTION('ref_axis',(-0.707106781186549,0.,0.707106781186546));
#4684=DIRECTION('',(0.,-1.,0.));
#4685=DIRECTION('center_axis',(0.,-1.,5.60718699299E-17));
#4686=DIRECTION('ref_axis',(-0.707106781186549,0.,0.707106781186546));
#4687=DIRECTION('',(0.,1.,0.));
#4688=DIRECTION('center_axis',(-1.,0.,0.));
#4689=DIRECTION('ref_axis',(0.,0.,1.));
#4690=DIRECTION('',(0.,1.11022302462516E-16,-1.));
#4691=DIRECTION('',(0.,1.,0.));
#4692=DIRECTION('',(0.,0.,1.));
#4693=DIRECTION('center_axis',(-0.70710678118655,-7.37394057553569E-15,
0.707106781186545));
#4694=DIRECTION('ref_axis',(0.707106781186545,0.,0.70710678118655));
#4695=DIRECTION('',(6.1397257135506E-31,-1.,-1.04283267700559E-14));
#4696=DIRECTION('',(0.706891307583161,0.02468518840784,0.706891307583166));
#4697=DIRECTION('',(-6.1397257135506E-31,1.,1.04283267700559E-14));
#4698=DIRECTION('center_axis',(0.,1.,0.));
#4699=DIRECTION('ref_axis',(-1.,0.,0.));
#4700=DIRECTION('',(-1.,0.,0.));
#4701=DIRECTION('',(0.707106781186545,0.,-0.70710678118655));
#4702=DIRECTION('',(5.88754634269837E-17,0.,1.));
#4703=DIRECTION('',(-1.,0.,0.));
#4704=DIRECTION('center_axis',(0.,-1.04283267700559E-14,1.));
#4705=DIRECTION('ref_axis',(-1.87365869106646E-16,1.,1.04283267700559E-14));
#4706=DIRECTION('',(-0.999390827019095,-0.0348994967025126,-3.63943355724289E-16));
#4707=DIRECTION('center_axis',(-1.,0.,0.));
#4708=DIRECTION('ref_axis',(0.,0.707106781186546,-0.707106781186549));
#4709=DIRECTION('center_axis',(1.,0.,0.));
#4710=DIRECTION('ref_axis',(0.,0.707106781186546,-0.707106781186549));
#4711=DIRECTION('',(1.,0.,0.));
#4712=DIRECTION('center_axis',(-0.621986283340024,0.,0.783028137002026));
#4713=DIRECTION('ref_axis',(-0.783028137002026,-8.63179365956402E-17,-0.621986283340024));
#4714=DIRECTION('',(-1.,0.,0.));
#4715=DIRECTION('center_axis',(0.,0.,1.));
#4716=DIRECTION('ref_axis',(1.,0.,0.));
#4717=DIRECTION('',(0.,1.,0.));
#4718=DIRECTION('',(1.,-2.06553120860496E-15,0.));
#4719=DIRECTION('',(0.,-1.,0.));
#4720=DIRECTION('center_axis',(0.,1.,0.));
#4721=DIRECTION('ref_axis',(0.329372025981239,0.,-0.944200226912181));
#4722=DIRECTION('',(0.,-1.,0.));
#4723=DIRECTION('center_axis',(0.,-1.,0.));
#4724=DIRECTION('ref_axis',(0.491493081267969,0.,-0.87088147934476));
#4725=DIRECTION('',(0.,-1.,0.));
#4726=DIRECTION('center_axis',(0.,1.,0.));
#4727=DIRECTION('ref_axis',(0.329372025981239,0.,-0.944200226912181));
#4728=DIRECTION('center_axis',(0.621986283340024,0.,-0.783028137002026));
#4729=DIRECTION('ref_axis',(-0.783028137002026,0.,-0.621986283340024));
#4730=DIRECTION('',(-0.783028137002026,0.,-0.621986283340024));
#4731=DIRECTION('',(0.,1.,0.));
#4732=DIRECTION('',(0.783028137002026,0.,0.621986283340024));
#4733=DIRECTION('center_axis',(0.,-1.,0.));
#4734=DIRECTION('ref_axis',(0.,0.,-1.));
#4735=DIRECTION('center_axis',(0.783028137002026,0.,0.621986283340024));
#4736=DIRECTION('ref_axis',(-0.621986283340024,0.,0.783028137002026));
#4737=DIRECTION('center_axis',(0.,1.,0.));
#4738=DIRECTION('ref_axis',(0.491493081267969,0.,-0.87088147934476));
#4739=DIRECTION('center_axis',(0.783028137002026,0.,0.621986283340024));
#4740=DIRECTION('ref_axis',(-0.439810718754751,-0.707106781186539,0.55368450553401));
#4741=DIRECTION('center_axis',(3.71963680632548E-16,-1.06516483875556E-14,
-1.));
#4742=DIRECTION('ref_axis',(-1.,8.58863469126619E-15,-4.27251988133666E-16));
#4743=DIRECTION('center_axis',(0.999390827019096,0.0348994967025,-3.70074418910977E-16));
#4744=DIRECTION('ref_axis',(0.00153184959786445,-0.0438664330757686,0.999036230317008));
#4745=DIRECTION('',(-0.783028137002026,0.,-0.621986283340024));
#4746=DIRECTION('center_axis',(3.71963680632548E-16,-1.06516483875556E-14,
-1.));
#4747=DIRECTION('ref_axis',(-0.999390827019096,-0.0348994967025001,7.73692583014807E-23));
#4748=DIRECTION('',(-0.0348994967025,0.999390827019096,-1.06581410364015E-14));
#4749=DIRECTION('',(-0.0348994967025,0.999390827019096,-1.06581410364015E-14));
#4750=DIRECTION('',(0.999390827019095,0.0348994967025126,-7.73693923781853E-23));
#4751=DIRECTION('center_axis',(-0.707106781186547,0.,-0.707106781186548));
#4752=DIRECTION('ref_axis',(0.500000000000005,-0.707106781186541,-0.500000000000005));
#4753=DIRECTION('center_axis',(0.,0.,1.));
#4754=DIRECTION('ref_axis',(1.,0.,0.));
#4755=DIRECTION('',(-0.707106781186547,0.,-0.707106781186548));
#4756=DIRECTION('center_axis',(-1.,0.,0.));
#4757=DIRECTION('ref_axis',(0.,9.81307786677358E-17,-1.));
#4758=DIRECTION('',(0.707106781186547,0.,0.707106781186548));
#4759=DIRECTION('center_axis',(-0.707106781186548,0.,0.707106781186547));
#4760=DIRECTION('ref_axis',(0.707106781186547,0.,0.707106781186548));
#4761=DIRECTION('',(1.06295076876773E-14,-1.,1.06295076876774E-14));
#4762=DIRECTION('',(0.,1.,0.));
#4763=DIRECTION('center_axis',(0.,1.,0.));
#4764=DIRECTION('ref_axis',(-1.,0.,0.));
#4765=DIRECTION('',(0.,0.,-1.));
#4766=DIRECTION('center_axis',(0.,-1.,0.));
#4767=DIRECTION('ref_axis',(1.,0.,0.));
#4768=DIRECTION('',(0.,0.,1.));
#4769=DIRECTION('',(1.,0.,0.));
#4770=DIRECTION('',(0.,0.,1.));
#4771=DIRECTION('',(-1.,0.,0.));
#4772=DIRECTION('',(0.,0.,1.));
#4773=DIRECTION('center_axis',(0.,1.,0.));
#4774=DIRECTION('ref_axis',(0.329372025981239,0.,0.944200226912181));
#4775=DIRECTION('',(1.,-2.06553120860496E-15,0.));
#4776=DIRECTION('',(0.,0.,-1.));
#4777=DIRECTION('',(-1.,3.42198611919098E-14,0.));
#4778=DIRECTION('',(0.,0.,1.));
#4779=DIRECTION('',(1.,0.,0.));
#4780=DIRECTION('',(-1.,0.,0.));
#4781=DIRECTION('',(0.,0.,1.));
#4782=DIRECTION('',(-1.,3.42198611919098E-14,0.));
#4783=DIRECTION('',(0.,0.,1.));
#4784=DIRECTION('center_axis',(0.,1.,0.));
#4785=DIRECTION('ref_axis',(0.,0.,1.));
#4786=DIRECTION('',(3.70299995663164E-16,0.,1.));
#4787=DIRECTION('',(-1.,0.,-7.95758742699461E-16));
#4788=DIRECTION('',(0.,0.,-1.));
#4789=DIRECTION('center_axis',(0.999390827019096,0.0348994967025,-3.70074418910977E-16));
#4790=DIRECTION('ref_axis',(-6.37126308197955E-19,-1.05857595561384E-14,
-1.));
#4791=DIRECTION('',(3.69848979574052E-16,1.29154109624679E-17,1.));
#4792=DIRECTION('',(-0.0348994967025,0.999390827019096,-1.06581410364015E-14));
#4793=DIRECTION('center_axis',(-0.999390827019096,-0.0348994967025,7.73692577787934E-23));
#4794=DIRECTION('ref_axis',(-3.69211775943728E-16,1.05728441478761E-14,
1.));
#4795=DIRECTION('',(-0.0348994967025,0.999390827019096,-1.06581410364015E-14));
#4796=DIRECTION('',(-7.73221265174019E-23,-2.70014815672685E-24,-1.));
#4797=DIRECTION('center_axis',(0.150644330873247,-0.988588026215042,0.));
#4798=DIRECTION('ref_axis',(0.988588026215041,0.150644330873247,0.));
#4799=DIRECTION('center_axis',(0.150644330873247,-0.988588026215042,0.));
#4800=DIRECTION('ref_axis',(0.988588026215042,0.150644330873247,0.));
#4801=DIRECTION('center_axis',(0.150644330873247,-0.988588026215042,0.));
#4802=DIRECTION('ref_axis',(0.988588026215042,0.150644330873247,0.));
#4803=DIRECTION('center_axis',(0.150644330873247,-0.988588026215042,0.));
#4804=DIRECTION('ref_axis',(0.988588026215042,0.150644330873247,0.));
#4805=DIRECTION('center_axis',(0.150644330873247,-0.988588026215042,0.));
#4806=DIRECTION('ref_axis',(0.988588026215042,0.150644330873247,0.));
#4807=DIRECTION('',(0.150644330873247,-0.988588026215042,0.));
#4808=DIRECTION('center_axis',(0.150644330873247,-0.988588026215042,0.));
#4809=DIRECTION('ref_axis',(0.988588026215042,0.150644330873247,0.));
#4810=DIRECTION('',(0.150644330873247,-0.988588026215042,0.));
#4811=DIRECTION('center_axis',(0.150644330873247,-0.988588026215042,0.));
#4812=DIRECTION('ref_axis',(0.988588026215042,0.150644330873247,0.));
#4813=DIRECTION('center_axis',(0.150644330873247,-0.988588026215042,0.));
#4814=DIRECTION('ref_axis',(0.988588026215041,0.150644330873247,0.));
#4815=DIRECTION('center_axis',(0.150644330873247,-0.988588026215042,0.));
#4816=DIRECTION('ref_axis',(0.988588026215041,0.150644330873247,0.));
#4817=DIRECTION('center_axis',(0.150644330873247,-0.988588026215042,0.));
#4818=DIRECTION('ref_axis',(0.988588026215042,0.150644330873247,0.));
#4819=DIRECTION('center_axis',(0.150644330873247,-0.988588026215042,0.));
#4820=DIRECTION('ref_axis',(0.988588026215042,0.150644330873247,0.));
#4821=DIRECTION('center_axis',(0.150644330873247,-0.988588026215042,0.));
#4822=DIRECTION('ref_axis',(0.988588026215042,0.150644330873247,0.));
#4823=DIRECTION('center_axis',(0.150644330873247,-0.988588026215042,0.));
#4824=DIRECTION('ref_axis',(0.988588026215042,0.150644330873247,0.));
#4825=DIRECTION('',(0.150644330873247,-0.988588026215042,0.));
#4826=DIRECTION('center_axis',(0.150644330873247,-0.988588026215042,0.));
#4827=DIRECTION('ref_axis',(0.988588026215042,0.150644330873247,0.));
#4828=DIRECTION('',(0.150644330873247,-0.988588026215042,0.));
#4829=DIRECTION('center_axis',(0.150644330873247,-0.988588026215042,0.));
#4830=DIRECTION('ref_axis',(0.988588026215042,0.150644330873247,0.));
#4831=DIRECTION('center_axis',(0.150644330873247,-0.988588026215042,0.));
#4832=DIRECTION('ref_axis',(0.988588026215041,0.150644330873247,0.));
#4833=DIRECTION('center_axis',(0.0348994967024988,-0.999390827019096,1.0579288762047E-14));
#4834=DIRECTION('ref_axis',(-0.999390827019096,-0.0348994967024988,7.73692583014807E-23));
#4835=DIRECTION('center_axis',(0.0348994967024988,-0.999390827019096,1.0579288762047E-14));
#4836=DIRECTION('ref_axis',(-0.999390827019096,-0.0348994967024988,7.73692583014807E-23));
#4837=DIRECTION('center_axis',(0.0348994967024988,-0.999390827019096,1.0579288762047E-14));
#4838=DIRECTION('ref_axis',(-0.999390827019096,-0.0348994967024988,7.73692583014807E-23));
#4839=DIRECTION('',(-0.999390827019096,-0.0348994967024988,0.));
#4840=DIRECTION('center_axis',(0.0348994967024988,-0.999390827019096,1.0579288762047E-14));
#4841=DIRECTION('ref_axis',(-0.999390827019096,-0.0348994967024988,7.73692583014807E-23));
#4842=DIRECTION('center_axis',(0.0348994967024988,-0.999390827019096,1.0579288762047E-14));
#4843=DIRECTION('ref_axis',(-0.999390827019096,-0.0348994967024988,7.73692583014807E-23));
#4844=DIRECTION('center_axis',(0.0348994967024988,-0.999390827019096,1.0579288762047E-14));
#4845=DIRECTION('ref_axis',(-0.999390827019096,-0.0348994967024988,7.73692583014807E-23));
#4846=DIRECTION('center_axis',(0.0348994967024988,-0.999390827019096,1.0579288762047E-14));
#4847=DIRECTION('ref_axis',(-0.999390827019096,-0.0348994967024988,7.73692583014807E-23));
#4848=DIRECTION('center_axis',(-0.0348994967025126,0.999390827019095,0.));
#4849=DIRECTION('ref_axis',(-0.999390827019096,-0.0348994967024988,7.73692583014807E-23));
#4850=DIRECTION('',(-0.0348994967024988,0.999390827019096,-1.0579288762047E-14));
#4851=DIRECTION('center_axis',(0.0348994967024988,-0.999390827019096,1.0579288762047E-14));
#4852=DIRECTION('ref_axis',(-0.999390827019096,-0.0348994967024988,7.73692583014807E-23));
#4853=DIRECTION('',(-0.0348994967024988,0.999390827019096,-1.0579288762047E-14));
#4854=DIRECTION('',(0.0348994967024988,-0.999390827019096,1.0579288762047E-14));
#4855=DIRECTION('center_axis',(0.0348994967024988,-0.999390827019096,1.0579288762047E-14));
#4856=DIRECTION('ref_axis',(-0.999390827019096,-0.0348994967024988,7.73692583014807E-23));
#4857=DIRECTION('',(0.999390827019096,0.0348994967024988,0.));
#4858=DIRECTION('center_axis',(0.0348994967024988,-0.999390827019096,1.0579288762047E-14));
#4859=DIRECTION('ref_axis',(-0.999390827019096,-0.0348994967024988,7.73692583014807E-23));
#4860=DIRECTION('center_axis',(0.0348994967024988,-0.999390827019096,1.0579288762047E-14));
#4861=DIRECTION('ref_axis',(-0.999390827019096,-0.0348994967024988,7.73692583014807E-23));
#4862=DIRECTION('center_axis',(0.0348994967024988,-0.999390827019096,1.0579288762047E-14));
#4863=DIRECTION('ref_axis',(-0.999390827019096,-0.0348994967024988,7.73692583014807E-23));
#4864=DIRECTION('center_axis',(0.0348994967024988,-0.999390827019096,1.0579288762047E-14));
#4865=DIRECTION('ref_axis',(-0.999390827019096,-0.0348994967024988,7.73692583014807E-23));
#4866=DIRECTION('center_axis',(0.0348994967024988,-0.999390827019096,1.0579288762047E-14));
#4867=DIRECTION('ref_axis',(-0.999390827019096,-0.0348994967024988,7.73692583014807E-23));
#4868=DIRECTION('center_axis',(0.0348994967024988,-0.999390827019096,1.0579288762047E-14));
#4869=DIRECTION('ref_axis',(-0.999390827019096,-0.0348994967024988,7.73692583014807E-23));
#4870=DIRECTION('center_axis',(-0.0348994967025126,0.999390827019095,0.));
#4871=DIRECTION('ref_axis',(-0.999390827019096,-0.0348994967024988,7.73692583014807E-23));
#4872=DIRECTION('',(-0.0348994967024988,0.999390827019096,-1.0579288762047E-14));
#4873=DIRECTION('center_axis',(0.0348994967024988,-0.999390827019096,1.0579288762047E-14));
#4874=DIRECTION('ref_axis',(-0.999390827019096,-0.0348994967024988,7.73692583014807E-23));
#4875=DIRECTION('',(-0.0348994967024988,0.999390827019096,-1.0579288762047E-14));
#4876=DIRECTION('',(-0.0348994967024988,0.999390827019096,-1.0579288762047E-14));
#4877=DIRECTION('center_axis',(0.,-1.,5.60718699299E-17));
#4878=DIRECTION('ref_axis',(-1.,0.,-3.69211775943714E-16));
#4879=DIRECTION('',(0.0348994967024988,-0.999390827019096,1.0579288762047E-14));
#4880=DIRECTION('center_axis',(0.0348994967024988,-0.999390827019096,1.0579288762047E-14));
#4881=DIRECTION('ref_axis',(-0.999390827019096,-0.0348994967024988,7.73692583014807E-23));
#4882=DIRECTION('center_axis',(0.0348994967024988,-0.999390827019096,1.0579288762047E-14));
#4883=DIRECTION('ref_axis',(-0.999390827019096,-0.0348994967024988,7.73692583014807E-23));
#4884=DIRECTION('center_axis',(0.0348994967024988,-0.999390827019096,1.0579288762047E-14));
#4885=DIRECTION('ref_axis',(-0.999390827019096,-0.0348994967024988,7.73692583014807E-23));
#4886=DIRECTION('center_axis',(0.0348994967024988,-0.999390827019096,1.0579288762047E-14));
#4887=DIRECTION('ref_axis',(-0.999390827019096,-0.0348994967024988,7.73692583014807E-23));
#4888=DIRECTION('center_axis',(0.0348994967024988,-0.999390827019096,1.0579288762047E-14));
#4889=DIRECTION('ref_axis',(-0.999390827019096,-0.0348994967024988,7.73692583014807E-23));
#4890=DIRECTION('center_axis',(0.0348994967024988,-0.999390827019096,1.0579288762047E-14));
#4891=DIRECTION('ref_axis',(-0.999390827019096,-0.0348994967024988,7.73692583014807E-23));
#4892=DIRECTION('center_axis',(-0.0348994967025126,0.999390827019095,0.));
#4893=DIRECTION('ref_axis',(-0.999390827019096,-0.0348994967024988,7.73692583014807E-23));
#4894=DIRECTION('',(-0.0348994967024988,0.999390827019096,-1.0579288762047E-14));
#4895=DIRECTION('center_axis',(0.0348994967024988,-0.999390827019096,1.0579288762047E-14));
#4896=DIRECTION('ref_axis',(-0.999390827019096,-0.0348994967024988,7.73692583014807E-23));
#4897=DIRECTION('',(-0.0348994967024988,0.999390827019096,-1.0579288762047E-14));
#4898=DIRECTION('center_axis',(0.,-1.66509049697672E-15,-1.));
#4899=DIRECTION('ref_axis',(1.87365869106646E-16,-1.,1.66509049697672E-15));
#4900=DIRECTION('',(-1.,0.,0.));
#4901=DIRECTION('',(-1.87365869106646E-16,1.,-1.66509049697672E-15));
#4902=DIRECTION('',(0.999390827019095,0.0348994967025126,-5.81108203086242E-17));
#4903=DIRECTION('',(-9.8032974657371E-32,-1.,1.66509049697672E-15));
#4904=DIRECTION('center_axis',(-1.,0.,0.));
#4905=DIRECTION('ref_axis',(0.,0.,-1.));
#4906=DIRECTION('center_axis',(1.,0.,0.));
#4907=DIRECTION('ref_axis',(0.,0.,-1.));
#4908=DIRECTION('',(0.707106781186547,8.65956056235493E-17,-0.707106781186547));
#4909=DIRECTION('center_axis',(1.,0.,0.));
#4910=DIRECTION('ref_axis',(0.,0.,-1.));
#4911=DIRECTION('center_axis',(1.,0.,0.));
#4912=DIRECTION('ref_axis',(0.,0.,-1.));
#4913=DIRECTION('',(1.,0.,0.));
#4914=DIRECTION('center_axis',(1.,0.,0.));
#4915=DIRECTION('ref_axis',(0.,0.,-1.));
#4916=DIRECTION('center_axis',(1.,0.,0.));
#4917=DIRECTION('ref_axis',(0.,0.,-1.));
#4918=DIRECTION('center_axis',(-1.,0.,0.));
#4919=DIRECTION('ref_axis',(0.,-1.,0.));
#4920=DIRECTION('',(0.,-1.,0.));
#4921=DIRECTION('center_axis',(-1.,0.,-5.88754634269837E-17));
#4922=DIRECTION('ref_axis',(-5.88754634269837E-17,0.,1.));
#4923=DIRECTION('',(0.,1.,0.));
#4924=DIRECTION('',(5.88754634269837E-17,2.05597648705421E-18,-1.));
#4925=DIRECTION('center_axis',(-1.,0.,-5.88754634269837E-17));
#4926=DIRECTION('ref_axis',(-5.88754634269837E-17,0.,1.));
#4927=DIRECTION('',(5.88754634269837E-17,2.05597648705421E-18,-1.));
#4928=DIRECTION('',(0.,1.,0.));
#4929=DIRECTION('',(-5.88754634269837E-17,0.,1.));
#4930=DIRECTION('center_axis',(0.,0.,-1.));
#4931=DIRECTION('ref_axis',(-1.,0.,0.));
#4932=DIRECTION('',(-1.,0.,0.));
#4933=DIRECTION('',(0.,1.,0.));
#4934=DIRECTION('',(0.988588026215043,0.150644330873238,0.));
#4935=DIRECTION('center_axis',(0.,0.,1.));
#4936=DIRECTION('ref_axis',(0.,-1.,0.));
#4937=DIRECTION('',(1.,0.,0.));
#4938=DIRECTION('',(1.,0.,0.));
#4939=DIRECTION('',(0.,-1.,0.));
#4940=DIRECTION('',(1.,0.,0.));
#4941=DIRECTION('center_axis',(0.,0.,-1.));
#4942=DIRECTION('ref_axis',(-1.,0.,0.));
#4943=DIRECTION('',(1.,0.,0.));
#4944=DIRECTION('center_axis',(0.,0.,-1.));
#4945=DIRECTION('ref_axis',(0.707106781186549,-0.707106781186546,-6.28036983473511E-15));
#4946=DIRECTION('',(0.,1.,0.));
#4947=DIRECTION('',(-0.988588026215041,-0.150644330873247,0.));
#4948=DIRECTION('',(-2.70459947378538E-15,1.,0.));
#4949=DIRECTION('',(-1.,0.,0.));
#4950=DIRECTION('',(0.999390827019095,0.0348994967025126,0.));
#4951=DIRECTION('',(0.,1.,0.));
#4952=DIRECTION('center_axis',(0.,0.,-1.));
#4953=DIRECTION('ref_axis',(0.707106781186546,0.707106781186549,-6.28036983473508E-15));
#4954=DIRECTION('',(1.,0.,0.));
#4955=DIRECTION('',(0.,-1.,0.));
#4956=DIRECTION('center_axis',(0.0348994967025126,-0.999390827019095,0.));
#4957=DIRECTION('ref_axis',(-0.998439026231458,-0.0348662590865995,-0.0436331854817413));
#4958=DIRECTION('center_axis',(0.0348994967025126,-0.999390827019095,0.));
#4959=DIRECTION('ref_axis',(-0.998439026231458,-0.0348662590866055,-0.0436331854817413));
#4960=DIRECTION('center_axis',(-0.0348994967025126,0.999390827019095,0.));
#4961=DIRECTION('ref_axis',(-0.998439026231458,-0.0348662590865932,-0.0436331854817413));
#4962=DIRECTION('center_axis',(0.0348994967025126,-0.999390827019095,0.));
#4963=DIRECTION('ref_axis',(0.999390827019095,0.0348994967025126,0.));
#4964=DIRECTION('',(-0.999390827019095,-0.0348994967025126,0.));
#4965=DIRECTION('',(7.00828284293305E-15,2.44734629691117E-16,1.));
#4966=DIRECTION('',(0.,0.,-1.));
#4967=DIRECTION('',(0.999390827019095,0.0348994967025126,0.));
#4968=DIRECTION('',(-0.999390827019095,-0.0348994967025126,0.));
#4969=DIRECTION('',(-0.999390827019095,-0.0348994967025126,0.));
#4970=DIRECTION('',(0.999390827019095,0.0348994967025126,-7.73693924767929E-23));
#4971=DIRECTION('center_axis',(0.0348994967025126,-0.999390827019095,0.));
#4972=DIRECTION('ref_axis',(0.998439026231458,0.0348662590866055,0.0436331854817373));
#4973=DIRECTION('',(-0.999390827019095,-0.0348994967025126,-2.77555678786897E-16));
#4974=DIRECTION('center_axis',(3.71963680632548E-16,-1.06516483875556E-14,
-1.));
#4975=DIRECTION('ref_axis',(-0.999390827019096,-0.0348994967025001,7.73692583014807E-23));
#4976=DIRECTION('',(-0.0348994967024998,0.999390827019096,-1.06581410364015E-14));
#4977=DIRECTION('',(0.999390827019096,0.0348994967025001,6.56192329700593E-16));
#4978=DIRECTION('',(-0.0348994967025001,0.999390827019096,-1.06709523229478E-14));
#4979=DIRECTION('',(-0.988588026215041,-0.150644330873247,1.2368916031802E-15));
#4980=DIRECTION('',(-0.0348994967025001,0.999390827019096,-1.06709523229478E-14));
#4981=DIRECTION('',(0.999390827019096,0.0348994967025001,6.56192329700593E-16));
#4982=DIRECTION('',(-0.0348994967024998,0.999390827019096,-1.06581410364015E-14));
#4983=DIRECTION('center_axis',(0.0348994967025137,-0.999390827019095,0.));
#4984=DIRECTION('ref_axis',(0.998439026231458,0.0348662590865995,0.0436331854817373));
#4985=DIRECTION('center_axis',(-0.0348994967025126,0.999390827019095,0.));
#4986=DIRECTION('ref_axis',(0.998439026231458,0.0348662590865932,0.0436331854817373));
#4987=DIRECTION('center_axis',(-6.49350357321492E-16,1.06419618313589E-14,
1.));
#4988=DIRECTION('ref_axis',(0.999390827019096,0.0348994967025001,2.77555678787031E-16));
#4989=DIRECTION('',(-0.0348994967024998,0.999390827019096,-1.06581410364015E-14));
#4990=DIRECTION('',(-0.999390827019096,-0.0348994967025001,-3.28096126165665E-16));
#4991=DIRECTION('',(-0.0348994967025001,0.999390827019096,-1.06709523229478E-14));
#4992=DIRECTION('',(0.988588026215041,0.150644330873247,-9.61211231197207E-16));
#4993=DIRECTION('',(-0.0348994967025001,0.999390827019096,-1.06709523229478E-14));
#4994=DIRECTION('',(-0.999390827019096,-0.0348994967025001,-3.28096126165665E-16));
#4995=DIRECTION('',(-0.0348994967024998,0.999390827019096,-1.06581410364015E-14));
#4996=DIRECTION('center_axis',(0.0348994967024998,-0.999390827019096,1.06581410364015E-14));
#4997=DIRECTION('ref_axis',(0.999390827019096,0.0348994967024998,-3.30423519233667E-16));
#4998=DIRECTION('center_axis',(0.0348994967025001,-0.999390827019096,1.05792111182446E-14));
#4999=DIRECTION('ref_axis',(-0.998439026231458,-0.0348662590865934,-0.0436331854817373));
#5000=DIRECTION('center_axis',(-7.00828284293305E-15,-5.60718699299E-17,
-1.));
#5001=DIRECTION('ref_axis',(0.707106781186546,0.707106781186549,-6.28036983473508E-15));
#5002=DIRECTION('',(7.00828284293305E-15,5.60718699299E-17,1.));
#5003=DIRECTION('',(-7.00828284293305E-15,-5.60718699299E-17,-1.));
#5004=DIRECTION('center_axis',(6.2803698347351E-15,-0.707106781186548,0.707106781186548));
#5005=DIRECTION('ref_axis',(-3.63083881068749E-15,-0.707106781186547,-0.707106781186547));
#5006=DIRECTION('center_axis',(0.,1.,0.));
#5007=DIRECTION('ref_axis',(0.707106781186549,0.,0.707106781186546));
#5008=DIRECTION('',(0.,1.,0.));
#5009=DIRECTION('center_axis',(-6.2803698347351E-15,-0.707106781186548,
-0.707106781186548));
#5010=DIRECTION('ref_axis',(-6.2803698347351E-15,0.707106781186548,-0.707106781186548));
#5011=DIRECTION('center_axis',(7.00828284293305E-15,0.,1.));
#5012=DIRECTION('ref_axis',(0.707106781186549,-0.707106781186546,-6.28036983473511E-15));
#5013=DIRECTION('',(7.00828284293305E-15,0.,1.));
#5014=DIRECTION('',(-7.00828284293305E-15,0.,-1.));
#5015=DIRECTION('center_axis',(0.,1.,-5.60718699299E-17));
#5016=DIRECTION('ref_axis',(0.,5.60718699299E-17,1.));
#5017=DIRECTION('',(0.,-5.60718699299E-17,-1.));
#5018=DIRECTION('center_axis',(0.,-1.,0.));
#5019=DIRECTION('ref_axis',(0.,0.,-1.));
#5020=DIRECTION('',(0.,-1.11022302462516E-16,1.));
#5021=DIRECTION('center_axis',(1.,0.,-7.00828284293305E-15));
#5022=DIRECTION('ref_axis',(-7.00828284293305E-15,0.,-1.));
#5023=DIRECTION('',(0.,-1.,0.));
#5024=DIRECTION('',(-7.00828284293305E-15,-1.06794544486467E-15,-1.));
#5025=DIRECTION('center_axis',(0.,0.,1.));
#5026=DIRECTION('ref_axis',(1.,0.,0.));
#5027=DIRECTION('',(0.988588026215041,0.150644330873247,0.));
#5028=DIRECTION('center_axis',(0.0348994967025001,-0.999390827019096,1.06709523229478E-14));
#5029=DIRECTION('ref_axis',(-0.999390827019096,-0.0348994967025001,7.73692582192089E-23));
#5030=DIRECTION('center_axis',(0.150644330873247,-0.988588026215042,0.));
#5031=DIRECTION('ref_axis',(-0.988588026215041,-0.150644330873247,1.23837837012356E-15));
#5032=DIRECTION('center_axis',(-0.0348994967025001,0.999390827019096,-1.0579288762047E-14));
#5033=DIRECTION('ref_axis',(-0.999390827019096,-0.0348994967025001,7.73692582192089E-23));
#5034=DIRECTION('center_axis',(0.0348994967025001,-0.999390827019096,1.06709523229478E-14));
#5035=DIRECTION('ref_axis',(0.999390827019096,0.0348994967025001,1.22464602545477E-16));
#5036=DIRECTION('center_axis',(0.150644330873247,-0.988588026215042,0.));
#5037=DIRECTION('ref_axis',(-0.988588026215041,-0.150644330873247,1.23837837012356E-15));
#5038=DIRECTION('center_axis',(-0.0348994967025001,0.999390827019096,-1.0579288762047E-14));
#5039=DIRECTION('ref_axis',(-0.999390827019096,-0.0348994967025001,7.73692581369371E-23));
#5040=DIRECTION('center_axis',(0.0348994967025001,-0.999390827019096,1.0579288762047E-14));
#5041=DIRECTION('ref_axis',(-4.93038065763132E-32,-1.05857373071975E-14,
-1.));
#5042=DIRECTION('center_axis',(0.0348994967024998,-0.999390827019096,1.06581410364015E-14));
#5043=DIRECTION('ref_axis',(-0.999390827019096,-0.0348994967024998,4.03116693465073E-16));
#5044=DIRECTION('center_axis',(0.0348994967025001,-0.999390827019096,1.05792111182446E-14));
#5045=DIRECTION('ref_axis',(0.998439026231458,0.0348662590865934,0.0436331854817413));
#5046=DIRECTION('center_axis',(0.0348994967025001,-0.999390827019096,1.0579288762047E-14));
#5047=DIRECTION('ref_axis',(-4.93038065763132E-32,-1.05857373071975E-14,
-1.));
#5048=DIRECTION('center_axis',(0.,0.,1.));
#5049=DIRECTION('ref_axis',(1.,0.,0.));
#5050=DIRECTION('center_axis',(0.,1.,0.));
#5051=DIRECTION('ref_axis',(-1.,0.,0.));
#5052=DIRECTION('',(0.,0.,-1.));
#5053=DIRECTION('',(1.,0.,0.));
#5054=DIRECTION('',(0.,0.,1.));
#5055=DIRECTION('center_axis',(1.,2.70459947378538E-15,0.));
#5056=DIRECTION('ref_axis',(-2.70459947378538E-15,1.,0.));
#5057=DIRECTION('',(0.,0.,1.));
#5058=DIRECTION('',(2.70459947378538E-15,-1.,0.));
#5059=DIRECTION('center_axis',(1.,1.87365869106646E-16,0.));
#5060=DIRECTION('ref_axis',(-1.87365869106646E-16,1.,0.));
#5061=DIRECTION('',(2.72532173246031E-16,-1.,0.));
#5062=DIRECTION('center_axis',(1.,0.,0.));
#5063=DIRECTION('ref_axis',(0.,1.,0.));
#5064=DIRECTION('',(0.,1.,0.));
#5065=DIRECTION('',(0.,0.,1.));
#5066=DIRECTION('center_axis',(0.,0.,-1.));
#5067=DIRECTION('ref_axis',(-1.,0.,0.));
#5068=DIRECTION('',(0.988588026215043,0.150644330873238,0.));
#5069=DIRECTION('center_axis',(0.,1.,0.));
#5070=DIRECTION('ref_axis',(-0.707106781186549,0.,-0.707106781186546));
#5071=DIRECTION('center_axis',(0.,-1.,-5.60718699299E-17));
#5072=DIRECTION('ref_axis',(-0.707106781186549,0.,-0.707106781186546));
#5073=DIRECTION('',(0.,1.,0.));
#5074=DIRECTION('center_axis',(0.,1.,0.));
#5075=DIRECTION('ref_axis',(-0.707106781186549,0.,-0.707106781186546));
#5076=DIRECTION('',(0.,-1.,0.));
#5077=DIRECTION('center_axis',(1.,0.,0.));
#5078=DIRECTION('ref_axis',(0.,0.,-1.));
#5079=DIRECTION('',(0.,0.,-1.));
#5080=DIRECTION('center_axis',(-1.,0.,0.));
#5081=DIRECTION('ref_axis',(0.,-0.707106781186546,-0.707106781186549));
#5082=DIRECTION('',(0.,-1.,0.));
#5083=DIRECTION('',(0.,1.11022302462516E-16,1.));
#5084=DIRECTION('center_axis',(-0.70710678118655,-7.37394057553569E-15,
-0.707106781186545));
#5085=DIRECTION('ref_axis',(-0.707106781186545,0.,0.70710678118655));
#5086=DIRECTION('',(-0.706891307583161,-0.02468518840784,0.706891307583166));
#5087=DIRECTION('',(-6.1397257135506E-31,1.,-1.04283267700559E-14));
#5088=DIRECTION('',(6.1397257135506E-31,-1.,1.04283267700559E-14));
#5089=DIRECTION('center_axis',(-0.0348994967025126,0.999390827019095,0.));
#5090=DIRECTION('ref_axis',(0.999390827019095,0.0348994967025126,0.));
#5091=DIRECTION('',(0.999390827019095,0.0348994967025126,-3.63943355724289E-16));
#5092=DIRECTION('',(-0.999390827019095,-0.0348994967025126,0.));
#5093=DIRECTION('',(7.73221265174019E-23,2.70014815672685E-24,-1.));
#5094=DIRECTION('',(-0.999390827019095,-0.0348994967025126,-7.73693923781853E-23));
#5095=DIRECTION('',(-3.69848979574052E-16,-1.29154109624679E-17,1.));
#5096=DIRECTION('',(-0.999390827019095,-0.0348994967025126,0.));
#5097=DIRECTION('',(-0.999390827019095,-0.0348994967025126,0.));
#5098=DIRECTION('',(0.,0.,-1.));
#5099=DIRECTION('',(-0.999390827019095,-0.0348994967025126,-5.81108203086242E-17));
#5100=DIRECTION('',(-5.88754634269837E-17,-2.05597648705421E-18,-1.));
#5101=DIRECTION('',(-0.999390827019095,-0.0348994967025126,0.));
#5102=DIRECTION('',(-7.00828284293305E-15,-2.44734629691117E-16,1.));
#5103=DIRECTION('',(0.999390827019095,0.0348994967025126,0.));
#5104=DIRECTION('',(-5.88754634269837E-17,-2.05597648705421E-18,-1.));
#5105=DIRECTION('center_axis',(0.0348994967025126,-0.999390827019095,0.));
#5106=DIRECTION('ref_axis',(-0.998439026231458,-0.0348662590866055,0.0436331854817413));
#5107=DIRECTION('',(0.999390827019095,0.0348994967025126,-2.77555678786897E-16));
#5108=DIRECTION('center_axis',(0.0348994967025126,-0.999390827019095,0.));
#5109=DIRECTION('ref_axis',(0.998439026231458,0.0348662590866055,-0.0436331854817373));
#5110=DIRECTION('',(-0.999390827019095,-0.0348994967025126,-7.73693924767929E-23));
#5111=DIRECTION('center_axis',(-0.0348994967025126,0.999390827019095,0.));
#5112=DIRECTION('ref_axis',(-0.999390827019096,-0.0348994967024988,-7.73692583014807E-23));
#5113=DIRECTION('center_axis',(-0.0348994967025126,0.999390827019095,0.));
#5114=DIRECTION('ref_axis',(-0.999390827019096,-0.0348994967024988,-7.73692583014807E-23));
#5115=DIRECTION('center_axis',(-0.0348994967025126,0.999390827019095,0.));
#5116=DIRECTION('ref_axis',(-0.999390827019096,-0.0348994967024988,-7.73692583014807E-23));
#5117=DIRECTION('center_axis',(0.,1.04283267700559E-14,1.));
#5118=DIRECTION('ref_axis',(-1.87365869106646E-16,1.,-1.04283267700559E-14));
#5119=DIRECTION('center_axis',(-1.,0.,0.));
#5120=DIRECTION('ref_axis',(0.,0.707106781186546,0.707106781186549));
#5121=DIRECTION('center_axis',(1.,0.,0.));
#5122=DIRECTION('ref_axis',(0.,0.707106781186546,0.707106781186549));
#5123=DIRECTION('',(1.,0.,0.));
#5124=DIRECTION('center_axis',(-0.621986283340024,0.,-0.783028137002026));
#5125=DIRECTION('ref_axis',(-0.783028137002026,-8.63179365956402E-17,0.621986283340024));
#5126=DIRECTION('',(-1.,0.,0.));
#5127=DIRECTION('center_axis',(0.,0.,1.));
#5128=DIRECTION('ref_axis',(1.,0.,0.));
#5129=DIRECTION('',(0.,-1.,0.));
#5130=DIRECTION('',(0.,-1.,0.));
#5131=DIRECTION('center_axis',(-1.,0.,0.));
#5132=DIRECTION('ref_axis',(0.,1.,0.));
#5133=DIRECTION('',(0.,0.,1.));
#5134=DIRECTION('center_axis',(-1.,0.,0.));
#5135=DIRECTION('ref_axis',(0.,-0.707106781186546,-0.707106781186549));
#5136=DIRECTION('',(0.,5.60718699299E-17,-1.));
#5137=DIRECTION('',(0.,1.,2.7755575615579E-16));
#5138=DIRECTION('',(0.,1.11022302462516E-16,1.));
#5139=DIRECTION('',(0.,1.,0.));
#5140=DIRECTION('',(0.,0.,-1.));
#5141=DIRECTION('',(0.,1.,0.));
#5142=DIRECTION('center_axis',(1.,0.,0.));
#5143=DIRECTION('ref_axis',(0.,0.,1.));
#5144=DIRECTION('center_axis',(0.,1.,0.));
#5145=DIRECTION('ref_axis',(-1.,0.,0.));
#5146=DIRECTION('',(0.783028137002026,0.,-0.621986283340024));
#5147=DIRECTION('',(1.,0.,0.));
#5148=DIRECTION('center_axis',(0.,1.,0.));
#5149=DIRECTION('ref_axis',(-0.38268343236509,0.,-0.923879532511287));
#5150=DIRECTION('',(0.,-1.,0.));
#5151=DIRECTION('center_axis',(0.,1.,0.));
#5152=DIRECTION('ref_axis',(0.,0.,-1.));
#5153=DIRECTION('center_axis',(0.,0.,-1.));
#5154=DIRECTION('ref_axis',(1.,0.,0.));
#5155=DIRECTION('center_axis',(0.,0.,1.));
#5156=DIRECTION('ref_axis',(1.,0.,0.));
#5157=DIRECTION('',(-0.0348994967025,0.999390827019096,1.06581410364015E-14));
#5158=DIRECTION('',(-0.0348994967025,0.999390827019096,1.06581410364015E-14));
#5159=DIRECTION('',(-1.,0.,7.95758742699461E-16));
#5160=DIRECTION('center_axis',(0.707106781186548,0.,0.707106781186547));
#5161=DIRECTION('ref_axis',(0.707106781186547,0.,-0.707106781186548));
#5162=DIRECTION('',(0.,-1.,0.));
#5163=DIRECTION('center_axis',(0.,1.,0.));
#5164=DIRECTION('ref_axis',(0.,0.,1.));
#5165=DIRECTION('center_axis',(0.783028137002029,0.,-0.62198628334002));
#5166=DIRECTION('ref_axis',(0.,-1.,0.));
#5167=DIRECTION('center_axis',(0.,-1.,0.));
#5168=DIRECTION('ref_axis',(0.491493081268045,0.,0.870881479344717));
#5169=DIRECTION('center_axis',(0.,1.,0.));
#5170=DIRECTION('ref_axis',(0.491493081268045,0.,0.870881479344717));
#5171=DIRECTION('center_axis',(0.783028137002026,0.,-0.621986283340024));
#5172=DIRECTION('ref_axis',(-0.439810718754751,-0.707106781186539,-0.55368450553401));
#5173=DIRECTION('center_axis',(3.71963680632548E-16,-1.06516483875556E-14,
1.));
#5174=DIRECTION('ref_axis',(-1.,8.58863469126619E-15,4.27251988133666E-16));
#5175=DIRECTION('',(-0.783028137002026,0.,0.621986283340024));
#5176=DIRECTION('',(0.783028137002026,0.,-0.621986283340024));
#5177=DIRECTION('center_axis',(0.999390827019096,0.0348994967025,3.70074418910977E-16));
#5178=DIRECTION('ref_axis',(0.00153184959786445,-0.0438664330757686,-0.999036230317008));
#5179=DIRECTION('center_axis',(0.,-1.,0.));
#5180=DIRECTION('ref_axis',(0.,0.,-1.));
#5181=DIRECTION('',(0.,0.,-1.));
#5182=DIRECTION('',(-3.70299995663164E-16,0.,1.));
#5183=DIRECTION('center_axis',(0.,-1.,0.));
#5184=DIRECTION('ref_axis',(0.329372025981239,0.,0.944200226912181));
#5185=DIRECTION('',(0.,-1.,0.));
#5186=DIRECTION('',(0.,1.,0.));
#5187=DIRECTION('center_axis',(-0.621986283340024,0.,-0.783028137002026));
#5188=DIRECTION('ref_axis',(-0.783028137002026,0.,0.621986283340024));
#5189=DIRECTION('',(0.,1.,0.));
#5190=DIRECTION('center_axis',(0.621986283340024,0.,0.783028137002026));
#5191=DIRECTION('ref_axis',(0.783028137002026,8.63179365956402E-17,-0.621986283340024));
#5192=DIRECTION('center_axis',(-3.71963680632548E-16,1.06516483875556E-14,
-1.));
#5193=DIRECTION('ref_axis',(-0.999390827019096,-0.0348994967025001,-7.73692583014807E-23));
#5194=DIRECTION('',(-0.0348994967025,0.999390827019096,1.06581410364015E-14));
#5195=DIRECTION('',(-0.0348994967025,0.999390827019096,1.06581410364015E-14));
#5196=DIRECTION('',(1.,0.,0.));
#5197=DIRECTION('center_axis',(1.,0.,0.));
#5198=DIRECTION('ref_axis',(0.,-0.707106781186546,-0.707106781186549));
#5199=DIRECTION('',(-1.,0.,0.));
#5200=DIRECTION('',(-1.,0.,0.));
#5201=DIRECTION('center_axis',(-0.999390827019096,-0.0348994967025,-7.73692577787934E-23));
#5202=DIRECTION('ref_axis',(0.0348994967025,-0.999390827019096,-2.28844008268379E-15));
#5203=DIRECTION('center_axis',(0.0348994967024988,-0.999390827019096,-1.0579288762047E-14));
#5204=DIRECTION('ref_axis',(-0.999390827019096,-0.0348994967024988,-3.72932413574335E-16));
#5205=DIRECTION('center_axis',(-0.999390827019096,-0.0348994967025,-3.70074418910977E-16));
#5206=DIRECTION('ref_axis',(-6.37126308197955E-19,-1.05857595561384E-14,
1.));
#5207=DIRECTION('center_axis',(0.999390827019096,0.0348994967025,7.73692577787934E-23));
#5208=DIRECTION('ref_axis',(-3.69211775943728E-16,1.05728441478761E-14,
-1.));
#5209=DIRECTION('center_axis',(-1.,0.,0.));
#5210=DIRECTION('ref_axis',(0.,0.,1.));
#5211=DIRECTION('',(0.707106781186547,8.65956056235493E-17,0.707106781186547));
#5212=DIRECTION('center_axis',(-1.,0.,0.));
#5213=DIRECTION('ref_axis',(0.,0.,1.));
#5214=DIRECTION('center_axis',(-1.,0.,0.));
#5215=DIRECTION('ref_axis',(0.,0.,1.));
#5216=DIRECTION('',(1.,0.,0.));
#5217=DIRECTION('center_axis',(-1.,0.,0.));
#5218=DIRECTION('ref_axis',(0.,0.,1.));
#5219=DIRECTION('center_axis',(-1.,0.,0.));
#5220=DIRECTION('ref_axis',(0.,0.,1.));
#5221=DIRECTION('center_axis',(-0.150644330873247,0.988588026215042,0.));
#5222=DIRECTION('ref_axis',(0.988588026215041,0.150644330873247,0.));
#5223=DIRECTION('center_axis',(-0.150644330873247,0.988588026215042,0.));
#5224=DIRECTION('ref_axis',(0.988588026215042,0.150644330873247,0.));
#5225=DIRECTION('center_axis',(-0.150644330873247,0.988588026215042,0.));
#5226=DIRECTION('ref_axis',(0.988588026215042,0.150644330873247,0.));
#5227=DIRECTION('center_axis',(-0.150644330873247,0.988588026215042,0.));
#5228=DIRECTION('ref_axis',(0.988588026215042,0.150644330873247,0.));
#5229=DIRECTION('center_axis',(0.150644330873247,-0.988588026215042,0.));
#5230=DIRECTION('ref_axis',(0.988588026215042,0.150644330873247,0.));
#5231=DIRECTION('',(0.150644330873247,-0.988588026215042,0.));
#5232=DIRECTION('center_axis',(-0.150644330873247,0.988588026215042,0.));
#5233=DIRECTION('ref_axis',(0.988588026215042,0.150644330873247,0.));
#5234=DIRECTION('',(0.150644330873247,-0.988588026215042,0.));
#5235=DIRECTION('center_axis',(-0.150644330873247,0.988588026215042,0.));
#5236=DIRECTION('ref_axis',(0.988588026215042,0.150644330873247,0.));
#5237=DIRECTION('center_axis',(-0.150644330873247,0.988588026215042,0.));
#5238=DIRECTION('ref_axis',(0.988588026215041,0.150644330873247,0.));
#5239=DIRECTION('center_axis',(-0.150644330873247,0.988588026215042,0.));
#5240=DIRECTION('ref_axis',(0.988588026215041,0.150644330873247,0.));
#5241=DIRECTION('center_axis',(-0.150644330873247,0.988588026215042,0.));
#5242=DIRECTION('ref_axis',(0.988588026215042,0.150644330873247,0.));
#5243=DIRECTION('center_axis',(-0.150644330873247,0.988588026215042,0.));
#5244=DIRECTION('ref_axis',(0.988588026215042,0.150644330873247,0.));
#5245=DIRECTION('center_axis',(-0.150644330873247,0.988588026215042,0.));
#5246=DIRECTION('ref_axis',(0.988588026215042,0.150644330873247,0.));
#5247=DIRECTION('center_axis',(0.150644330873247,-0.988588026215042,0.));
#5248=DIRECTION('ref_axis',(0.988588026215042,0.150644330873247,0.));
#5249=DIRECTION('',(0.150644330873247,-0.988588026215042,0.));
#5250=DIRECTION('center_axis',(-0.150644330873247,0.988588026215042,0.));
#5251=DIRECTION('ref_axis',(0.988588026215042,0.150644330873247,0.));
#5252=DIRECTION('',(0.150644330873247,-0.988588026215042,0.));
#5253=DIRECTION('center_axis',(-0.150644330873247,0.988588026215042,0.));
#5254=DIRECTION('ref_axis',(0.988588026215042,0.150644330873247,0.));
#5255=DIRECTION('center_axis',(-0.150644330873247,0.988588026215042,0.));
#5256=DIRECTION('ref_axis',(0.988588026215041,0.150644330873247,0.));
#5257=DIRECTION('center_axis',(0.,0.,1.));
#5258=DIRECTION('ref_axis',(0.,-1.,0.));
#5259=DIRECTION('',(1.,0.,0.));
#5260=DIRECTION('',(0.,1.,0.));
#5261=DIRECTION('',(1.,0.,0.));
#5262=DIRECTION('',(-0.0348994967024988,0.999390827019096,1.0579288762047E-14));
#5263=DIRECTION('',(-0.999390827019096,-0.0348994967024988,0.));
#5264=DIRECTION('',(0.0348994967024988,-0.999390827019096,-1.0579288762047E-14));
#5265=DIRECTION('',(1.,0.,0.));
#5266=DIRECTION('center_axis',(0.,1.,0.));
#5267=DIRECTION('ref_axis',(0.,0.,1.));
#5268=DIRECTION('',(1.,0.,0.));
#5269=DIRECTION('',(7.00828284293305E-15,0.,-1.));
#5270=DIRECTION('',(1.,0.,0.));
#5271=DIRECTION('center_axis',(-0.0348994967024988,0.999390827019096,1.0579288762047E-14));
#5272=DIRECTION('ref_axis',(-0.999390827019096,-0.0348994967024988,-7.73692583014807E-23));
#5273=DIRECTION('',(0.999390827019096,0.0348994967024988,0.));
#5274=DIRECTION('center_axis',(-0.0348994967024988,0.999390827019096,1.0579288762047E-14));
#5275=DIRECTION('ref_axis',(-0.999390827019096,-0.0348994967024988,-7.73692583014807E-23));
#5276=DIRECTION('center_axis',(-0.0348994967024988,0.999390827019096,1.0579288762047E-14));
#5277=DIRECTION('ref_axis',(-0.999390827019096,-0.0348994967024988,-7.73692583014807E-23));
#5278=DIRECTION('center_axis',(-0.0348994967024988,0.999390827019096,1.0579288762047E-14));
#5279=DIRECTION('ref_axis',(-0.999390827019096,-0.0348994967024988,-7.73692583014807E-23));
#5280=DIRECTION('center_axis',(-0.0348994967024988,0.999390827019096,1.0579288762047E-14));
#5281=DIRECTION('ref_axis',(-0.999390827019096,-0.0348994967024988,-7.73692583014807E-23));
#5282=DIRECTION('center_axis',(-0.0348994967024988,0.999390827019096,1.0579288762047E-14));
#5283=DIRECTION('ref_axis',(-0.999390827019096,-0.0348994967024988,-7.73692583014807E-23));
#5284=DIRECTION('center_axis',(-0.0348994967024988,0.999390827019096,1.0579288762047E-14));
#5285=DIRECTION('ref_axis',(-0.999390827019096,-0.0348994967024988,-7.73692583014807E-23));
#5286=DIRECTION('',(-0.0348994967024988,0.999390827019096,1.0579288762047E-14));
#5287=DIRECTION('center_axis',(-0.0348994967024988,0.999390827019096,1.0579288762047E-14));
#5288=DIRECTION('ref_axis',(-0.999390827019096,-0.0348994967024988,-7.73692583014807E-23));
#5289=DIRECTION('',(-0.0348994967024988,0.999390827019096,1.0579288762047E-14));
#5290=DIRECTION('',(-0.0348994967024988,0.999390827019096,1.0579288762047E-14));
#5291=DIRECTION('center_axis',(-0.0348994967024988,0.999390827019096,1.0579288762047E-14));
#5292=DIRECTION('ref_axis',(-0.999390827019096,-0.0348994967024988,-7.73692583014807E-23));
#5293=DIRECTION('center_axis',(-0.0348994967024988,0.999390827019096,1.0579288762047E-14));
#5294=DIRECTION('ref_axis',(-0.999390827019096,-0.0348994967024988,-7.73692583014807E-23));
#5295=DIRECTION('',(-0.0348994967024988,0.999390827019096,1.0579288762047E-14));
#5296=DIRECTION('center_axis',(-0.0348994967024988,0.999390827019096,1.0579288762047E-14));
#5297=DIRECTION('ref_axis',(-0.999390827019096,-0.0348994967024988,-7.73692583014807E-23));
#5298=DIRECTION('center_axis',(0.,-1.,-5.60718699299E-17));
#5299=DIRECTION('ref_axis',(-1.,0.,3.69211775943714E-16));
#5300=DIRECTION('center_axis',(-0.0348994967024988,0.999390827019096,1.0579288762047E-14));
#5301=DIRECTION('ref_axis',(-0.999390827019096,-0.0348994967024988,-7.73692583014807E-23));
#5302=DIRECTION('center_axis',(-0.0348994967024988,0.999390827019096,1.0579288762047E-14));
#5303=DIRECTION('ref_axis',(-0.999390827019096,-0.0348994967024988,-7.73692583014807E-23));
#5304=DIRECTION('center_axis',(-0.0348994967024988,0.999390827019096,1.0579288762047E-14));
#5305=DIRECTION('ref_axis',(-0.999390827019096,-0.0348994967024988,-7.73692583014807E-23));
#5306=DIRECTION('center_axis',(-0.0348994967024988,0.999390827019096,1.0579288762047E-14));
#5307=DIRECTION('ref_axis',(-0.999390827019096,-0.0348994967024988,-7.73692583014807E-23));
#5308=DIRECTION('',(-0.0348994967024988,0.999390827019096,1.0579288762047E-14));
#5309=DIRECTION('center_axis',(-0.0348994967024988,0.999390827019096,1.0579288762047E-14));
#5310=DIRECTION('ref_axis',(-0.999390827019096,-0.0348994967024988,-7.73692583014807E-23));
#5311=DIRECTION('center_axis',(-0.0348994967024988,0.999390827019096,1.0579288762047E-14));
#5312=DIRECTION('ref_axis',(-0.999390827019096,-0.0348994967024988,-7.73692583014807E-23));
#5313=DIRECTION('center_axis',(-0.0348994967024988,0.999390827019096,1.0579288762047E-14));
#5314=DIRECTION('ref_axis',(-0.999390827019096,-0.0348994967024988,-7.73692583014807E-23));
#5315=DIRECTION('center_axis',(-0.0348994967024988,0.999390827019096,1.0579288762047E-14));
#5316=DIRECTION('ref_axis',(-0.999390827019096,-0.0348994967024988,-7.73692583014807E-23));
#5317=DIRECTION('center_axis',(-0.0348994967024988,0.999390827019096,1.0579288762047E-14));
#5318=DIRECTION('ref_axis',(-0.999390827019096,-0.0348994967024988,-7.73692583014807E-23));
#5319=DIRECTION('center_axis',(-0.0348994967024988,0.999390827019096,1.0579288762047E-14));
#5320=DIRECTION('ref_axis',(-0.999390827019096,-0.0348994967024988,-7.73692583014807E-23));
#5321=DIRECTION('center_axis',(-0.0348994967024988,0.999390827019096,1.0579288762047E-14));
#5322=DIRECTION('ref_axis',(-0.999390827019096,-0.0348994967024988,-7.73692583014807E-23));
#5323=DIRECTION('',(-0.0348994967024988,0.999390827019096,1.0579288762047E-14));
#5324=DIRECTION('center_axis',(-0.0348994967024988,0.999390827019096,1.0579288762047E-14));
#5325=DIRECTION('ref_axis',(-0.999390827019096,-0.0348994967024988,-7.73692583014807E-23));
#5326=DIRECTION('',(-0.0348994967024988,0.999390827019096,1.0579288762047E-14));
#5327=DIRECTION('center_axis',(0.,-1.,-5.60718699299E-17));
#5328=DIRECTION('ref_axis',(0.,5.60718699299E-17,-1.));
#5329=DIRECTION('',(-7.00828284293305E-15,-5.60718699299E-17,1.));
#5330=DIRECTION('',(1.,0.,0.));
#5331=DIRECTION('center_axis',(0.,1.66509049697672E-15,-1.));
#5332=DIRECTION('ref_axis',(1.87365869106646E-16,-1.,-1.66509049697672E-15));
#5333=DIRECTION('',(1.87365869106646E-16,-1.,-1.66509049697672E-15));
#5334=DIRECTION('',(1.,0.,0.));
#5335=DIRECTION('',(9.8032974657371E-32,1.,1.66509049697672E-15));
#5336=DIRECTION('center_axis',(1.,0.,-5.88754634269837E-17));
#5337=DIRECTION('ref_axis',(-5.88754634269837E-17,0.,-1.));
#5338=DIRECTION('',(0.,1.,0.));
#5339=DIRECTION('center_axis',(0.0348994967025126,-0.999390827019095,0.));
#5340=DIRECTION('ref_axis',(-0.998439026231458,-0.0348662590865995,0.0436331854817413));
#5341=DIRECTION('center_axis',(-0.0348994967025126,0.999390827019095,0.));
#5342=DIRECTION('ref_axis',(-0.998439026231458,-0.0348662590865932,0.0436331854817413));
#5343=DIRECTION('center_axis',(-0.0348994967024998,0.999390827019096,1.06581410364015E-14));
#5344=DIRECTION('ref_axis',(-0.999390827019096,-0.0348994967024998,-4.03116693465073E-16));
#5345=DIRECTION('',(-0.0348994967024998,0.999390827019096,1.06581410364015E-14));
#5346=DIRECTION('center_axis',(-0.0348994967025001,0.999390827019096,1.05792111182446E-14));
#5347=DIRECTION('ref_axis',(0.998439026231458,0.0348662590865934,-0.0436331854817413));
#5348=DIRECTION('',(-0.0348994967024998,0.999390827019096,1.06581410364015E-14));
#5349=DIRECTION('center_axis',(-3.71963680632548E-16,1.06516483875556E-14,
-1.));
#5350=DIRECTION('ref_axis',(-0.999390827019096,-0.0348994967025001,-7.73692583014807E-23));
#5351=DIRECTION('',(-0.0348994967024998,0.999390827019096,1.06581410364015E-14));
#5352=DIRECTION('',(-0.999390827019096,-0.0348994967025001,6.56192329700593E-16));
#5353=DIRECTION('',(-0.0348994967025001,0.999390827019096,1.06709523229478E-14));
#5354=DIRECTION('',(0.988588026215041,0.150644330873247,5.86619713129353E-16));
#5355=DIRECTION('',(-0.0348994967025001,0.999390827019096,1.06709523229478E-14));
#5356=DIRECTION('',(-0.999390827019096,-0.0348994967025001,6.56192329700593E-16));
#5357=DIRECTION('center_axis',(0.0348994967025137,-0.999390827019095,0.));
#5358=DIRECTION('ref_axis',(0.998439026231458,0.0348662590865995,-0.0436331854817373));
#5359=DIRECTION('center_axis',(-0.0348994967025126,0.999390827019095,0.));
#5360=DIRECTION('ref_axis',(0.998439026231458,0.0348662590865932,-0.0436331854817373));
#5361=DIRECTION('center_axis',(-0.0348994967024998,0.999390827019096,1.06581410364015E-14));
#5362=DIRECTION('ref_axis',(0.999390827019096,0.0348994967024998,3.30423519233667E-16));
#5363=DIRECTION('',(-0.0348994967024998,0.999390827019096,1.06581410364015E-14));
#5364=DIRECTION('center_axis',(-0.0348994967025001,0.999390827019096,1.05792111182446E-14));
#5365=DIRECTION('ref_axis',(-0.998439026231458,-0.0348662590865934,0.0436331854817373));
#5366=DIRECTION('center_axis',(-7.00828284293305E-15,-5.60718699299E-17,
1.));
#5367=DIRECTION('ref_axis',(0.707106781186546,0.707106781186549,6.28036983473508E-15));
#5368=DIRECTION('',(7.00828284293305E-15,5.60718699299E-17,-1.));
#5369=DIRECTION('center_axis',(0.,0.,-1.));
#5370=DIRECTION('ref_axis',(0.707106781186546,0.707106781186549,6.28036983473508E-15));
#5371=DIRECTION('center_axis',(6.2803698347351E-15,-0.707106781186548,-0.707106781186548));
#5372=DIRECTION('ref_axis',(3.63083881068749E-15,0.707106781186547,-0.707106781186547));
#5373=DIRECTION('center_axis',(0.,1.,0.));
#5374=DIRECTION('ref_axis',(0.707106781186549,0.,-0.707106781186546));
#5375=DIRECTION('',(0.,-1.,0.));
#5376=DIRECTION('center_axis',(-6.2803698347351E-15,-0.707106781186548,
0.707106781186548));
#5377=DIRECTION('ref_axis',(6.2803698347351E-15,-0.707106781186548,-0.707106781186548));
#5378=DIRECTION('center_axis',(7.00828284293305E-15,0.,-1.));
#5379=DIRECTION('ref_axis',(0.707106781186549,-0.707106781186546,6.28036983473511E-15));
#5380=DIRECTION('center_axis',(0.,0.,-1.));
#5381=DIRECTION('ref_axis',(0.707106781186549,-0.707106781186546,6.28036983473511E-15));
#5382=DIRECTION('',(-7.00828284293305E-15,0.,1.));
#5383=DIRECTION('center_axis',(-1.,0.,-7.00828284293305E-15));
#5384=DIRECTION('ref_axis',(-7.00828284293305E-15,0.,1.));
#5385=DIRECTION('',(0.,1.,0.));
#5386=DIRECTION('',(7.00828284293305E-15,1.06794544486467E-15,-1.));
#5387=DIRECTION('',(0.,-1.,0.));
#5388=DIRECTION('',(0.,1.,0.));
#5389=DIRECTION('center_axis',(0.,0.,-1.));
#5390=DIRECTION('ref_axis',(-1.,0.,0.));
#5391=DIRECTION('',(0.,1.,0.));
#5392=DIRECTION('',(1.,0.,0.));
#5393=DIRECTION('',(2.70459947378538E-15,-1.,0.));
#5394=DIRECTION('',(0.988588026215041,0.150644330873247,0.));
#5395=DIRECTION('center_axis',(1.,0.,-5.88754634269837E-17));
#5396=DIRECTION('ref_axis',(-5.88754634269837E-17,0.,-1.));
#5397=DIRECTION('',(5.88754634269837E-17,0.,1.));
#5398=DIRECTION('center_axis',(0.,0.,1.));
#5399=DIRECTION('ref_axis',(1.,0.,0.));
#5400=DIRECTION('',(-0.988588026215041,-0.150644330873247,0.));
#5401=DIRECTION('center_axis',(-0.150644330873247,0.988588026215042,0.));
#5402=DIRECTION('ref_axis',(-0.988588026215041,-0.150644330873247,0.));
#5403=DIRECTION('',(0.,0.,1.));
#5404=DIRECTION('',(0.988588026215043,0.150644330873238,0.));
#5405=DIRECTION('',(0.988588026215043,0.150644330873238,0.));
#5406=DIRECTION('center_axis',(0.150644330873247,-0.988588026215042,0.));
#5407=DIRECTION('ref_axis',(-0.988588026215041,-0.150644330873247,-1.23837837012356E-15));
#5408=DIRECTION('',(-0.988588026215041,-0.150644330873247,-9.12499041626459E-16));
#5409=DIRECTION('center_axis',(0.150644330873247,-0.988588026215042,0.));
#5410=DIRECTION('ref_axis',(-0.988588026215041,-0.150644330873247,-1.23837837012356E-15));
#5411=DIRECTION('center_axis',(1.,2.70459947378538E-15,0.));
#5412=DIRECTION('ref_axis',(-2.70459947378538E-15,1.,0.));
#5413=DIRECTION('',(0.,0.,-1.));
#5414=DIRECTION('',(2.70459947378538E-15,-1.,0.));
#5415=DIRECTION('center_axis',(-0.0348994967025001,0.999390827019096,1.06709523229478E-14));
#5416=DIRECTION('ref_axis',(-0.999390827019096,-0.0348994967025001,-7.73692582192089E-23));
#5417=DIRECTION('',(-0.0348994967025001,0.999390827019096,1.06709523229478E-14));
#5418=DIRECTION('center_axis',(-0.0348994967025001,0.999390827019096,1.0579288762047E-14));
#5419=DIRECTION('ref_axis',(-0.999390827019096,-0.0348994967025001,-7.73692582192089E-23));
#5420=DIRECTION('center_axis',(-0.0348994967025001,0.999390827019096,1.06709523229478E-14));
#5421=DIRECTION('ref_axis',(0.999390827019096,0.0348994967025001,1.22464757283994E-16));
#5422=DIRECTION('center_axis',(-0.0348994967025001,0.999390827019096,1.0579288762047E-14));
#5423=DIRECTION('ref_axis',(-0.999390827019096,-0.0348994967025001,-7.73692581369371E-23));
#5424=DIRECTION('',(-0.0348994967025001,0.999390827019096,1.06709523229478E-14));
#5425=DIRECTION('center_axis',(-0.0348994967025001,0.999390827019096,1.0579288762047E-14));
#5426=DIRECTION('ref_axis',(-4.93038065763132E-32,-1.05857373071975E-14,
1.));
#5427=DIRECTION('',(0.999390827019096,0.0348994967025001,-3.28096126165665E-16));
#5428=DIRECTION('center_axis',(-0.0348994967025001,0.999390827019096,1.0579288762047E-14));
#5429=DIRECTION('ref_axis',(-4.93038065763132E-32,-1.05857373071975E-14,
1.));
#5430=DIRECTION('',(0.999390827019096,0.0348994967025001,-3.28096126165665E-16));
#5431=DIRECTION('center_axis',(6.49350357321492E-16,-1.06419618313589E-14,
1.));
#5432=DIRECTION('ref_axis',(0.999390827019096,0.0348994967025001,-2.77555678787031E-16));
#5433=DIRECTION('center_axis',(1.,1.87365869106646E-16,0.));
#5434=DIRECTION('ref_axis',(-1.87365869106646E-16,1.,0.));
#5435=DIRECTION('',(2.72532173246031E-16,-1.,0.));
#5436=DIRECTION('',(0.,0.,1.));
#5437=DIRECTION('center_axis',(0.,0.,-1.));
#5438=DIRECTION('ref_axis',(-1.,0.,0.));
#5439=DIRECTION('',(1.,0.,0.));
#5440=DIRECTION('center_axis',(0.,0.,-1.));
#5441=DIRECTION('ref_axis',(-1.,0.,0.));
#5442=DIRECTION('center_axis',(0.,0.,1.));
#5443=DIRECTION('ref_axis',(1.,0.,0.));
#5444=DIRECTION('center_axis',(0.,0.,-1.));
#5445=DIRECTION('ref_axis',(-1.,0.,0.));
#5446=DIRECTION('',(0.,-1.,0.));
#5447=DIRECTION('center_axis',(-1.,0.,0.));
#5448=DIRECTION('ref_axis',(0.,1.,0.));
#5449=DIRECTION('',(0.,1.,0.));
#5450=DIRECTION('center_axis',(0.,0.,-1.));
#5451=DIRECTION('ref_axis',(-1.,0.,0.));
#5452=DIRECTION('',(0.,1.,0.));
#5453=DIRECTION('center_axis',(0.,0.,1.));
#5454=DIRECTION('ref_axis',(-1.,0.,0.));
#5455=DIRECTION('center_axis',(0.,1.,0.));
#5456=DIRECTION('ref_axis',(-1.,0.,0.));
#5457=DIRECTION('center_axis',(0.,0.,1.));
#5458=DIRECTION('ref_axis',(-1.,0.,0.));
#5459=DIRECTION('',(0.,0.,1.));
#5460=DIRECTION('center_axis',(-1.,0.,0.));
#5461=DIRECTION('ref_axis',(0.,-1.,0.));
#5462=CARTESIAN_POINT('',(0.,0.,0.));
#5463=CARTESIAN_POINT('Origin',(-6.99999999999083,70.9958405540985,0.));
#5464=CARTESIAN_POINT('',(-6.99999999999083,69.9958405540985,27.4266559657315));
#5465=CARTESIAN_POINT('',(-5.99999999999083,70.9958405540985,27.7609126902506));
#5466=CARTESIAN_POINT('Ctrl Pts',(-5.99999999999083,70.9958405540985,27.7609126902506));
#5467=CARTESIAN_POINT('Ctrl Pts',(-5.99999999999083,70.917874636698,27.6234729769453));
#5468=CARTESIAN_POINT('Ctrl Pts',(-6.00915122360214,70.8371897456369,27.4861832060355));
#5469=CARTESIAN_POINT('Ctrl Pts',(-6.04590435357678,70.688262308468,27.2523231418671));
#5470=CARTESIAN_POINT('Ctrl Pts',(-6.06953784701327,70.6214052652195,27.1543405737153));
#5471=CARTESIAN_POINT('Ctrl Pts',(-6.12093693671877,70.5175709577874,27.0259497975133));
#5472=CARTESIAN_POINT('Ctrl Pts',(-6.14060530007834,70.4826031897687,26.9865490950376));
#5473=CARTESIAN_POINT('Ctrl Pts',(-6.18947976324048,70.408448959918,26.9170311751237));
#5474=CARTESIAN_POINT('Ctrl Pts',(-6.21808787068598,70.3695078960373,26.8862349366442));
#5475=CARTESIAN_POINT('Ctrl Pts',(-6.28413532064357,70.2965827298536,26.8553186914483));
#5476=CARTESIAN_POINT('Ctrl Pts',(-6.31442277899607,70.2666252958664,26.8494294172834));
#5477=CARTESIAN_POINT('Ctrl Pts',(-6.37811426216703,70.2116026048222,26.8551915416485));
#5478=CARTESIAN_POINT('Ctrl Pts',(-6.41151166870939,70.1865072961726,26.8666270686619));
#5479=CARTESIAN_POINT('Ctrl Pts',(-6.53773392353422,70.1016050189334,26.9290549094673));
#5480=CARTESIAN_POINT('Ctrl Pts',(-6.64164734229302,70.05809288245,27.0278753811768));
#5481=CARTESIAN_POINT('Ctrl Pts',(-6.81722388871432,70.0081749780665,27.21064840715));
#5482=CARTESIAN_POINT('Ctrl Pts',(-6.90874871096162,69.9958405540985,27.3168023229821));
#5483=CARTESIAN_POINT('Ctrl Pts',(-6.99999999999084,69.9958405540985,27.4266559657315));
#5484=CARTESIAN_POINT('',(-6.99999999999083,69.9958405540985,32.5));
#5485=CARTESIAN_POINT('',(-6.99999999999083,69.9958405540985,0.));
#5486=CARTESIAN_POINT('',(-6.77804341189021,70.0207840038991,32.8148834984047));
#5487=CARTESIAN_POINT('Ctrl Pts',(-6.77804342095833,70.0207840034184,32.8148835048325));
#5488=CARTESIAN_POINT('Ctrl Pts',(-6.8533564295034,70.0036401590725,32.7073514761312));
#5489=CARTESIAN_POINT('Ctrl Pts',(-6.92847645019984,69.9958405540985,32.6011495741435));
#5490=CARTESIAN_POINT('Ctrl Pts',(-6.99999999999083,69.9958405540985,32.5));
#5491=CARTESIAN_POINT('',(-5.99999999999083,70.9958405540985,32.7350223739716));
#5492=CARTESIAN_POINT('Ctrl Pts',(-6.77804341213379,70.0207840054272,32.8148834986251));
#5493=CARTESIAN_POINT('Ctrl Pts',(-6.76397586815152,70.0239862648921,32.8083781114028));
#5494=CARTESIAN_POINT('Ctrl Pts',(-6.74983095889934,70.0275269358046,32.8021534892239));
#5495=CARTESIAN_POINT('Ctrl Pts',(-6.65095300886184,70.0546280183015,32.7607863599691));
#5496=CARTESIAN_POINT('Ctrl Pts',(-6.56535950686866,70.0910372577682,32.7365656143741));
#5497=CARTESIAN_POINT('Ctrl Pts',(-6.4191050665979,70.1776507735071,32.708627629821));
#5498=CARTESIAN_POINT('Ctrl Pts',(-6.34670160740717,70.2333337857082,32.7019394370052));
#5499=CARTESIAN_POINT('Ctrl Pts',(-6.22024946943677,70.3632233911143,32.7001001734263));
#5500=CARTESIAN_POINT('Ctrl Pts',(-6.16620737253654,70.4374298280937,32.704511580987));
#5501=CARTESIAN_POINT('Ctrl Pts',(-6.0840636709835,70.585514369607,32.7148955852043));
#5502=CARTESIAN_POINT('Ctrl Pts',(-6.04931500371058,70.6721925672067,32.721886634168));
#5503=CARTESIAN_POINT('Ctrl Pts',(-6.00899372921071,70.8399163094722,32.7314737602502));
#5504=CARTESIAN_POINT('Ctrl Pts',(-5.99999999999083,70.9201658701328,32.7343922748677));
#5505=CARTESIAN_POINT('Ctrl Pts',(-5.99999999999083,70.9958405540985,32.7350223739716));
#5506=CARTESIAN_POINT('',(-5.99999999999083,70.9958405540985,0.));
#5507=CARTESIAN_POINT('Origin',(-6.99999999999083,70.9958405540985,0.));
#5508=CARTESIAN_POINT('',(-6.99999999999083,69.9958405540985,-32.5));
#5509=CARTESIAN_POINT('',(-6.77804341189023,70.0207840038991,-32.8148834984047));
#5510=CARTESIAN_POINT('Ctrl Pts',(-6.99999999999083,69.9958405540985,-32.5));
#5511=CARTESIAN_POINT('Ctrl Pts',(-6.92847645019984,69.9958405540985,-32.6011495741435));
#5512=CARTESIAN_POINT('Ctrl Pts',(-6.85335642950342,70.0036401590725,-32.7073514761312));
#5513=CARTESIAN_POINT('Ctrl Pts',(-6.77804342095835,70.0207840034184,-32.8148835048325));
#5514=CARTESIAN_POINT('',(-6.99999999999083,69.9958405540985,-27.5952078799131));
#5515=CARTESIAN_POINT('',(-6.99999999999083,69.9958405540985,0.));
#5516=CARTESIAN_POINT('',(-5.99999999999083,70.9958405540985,-27.5952078799131));
#5517=CARTESIAN_POINT('Origin',(-6.99999999999083,70.9958405540985,-27.5952078799131));
#5518=CARTESIAN_POINT('',(-5.99999999999083,70.9958405540985,-32.7350223739716));
#5519=CARTESIAN_POINT('',(-5.99999999999083,70.9958405540985,0.));
#5520=CARTESIAN_POINT('Ctrl Pts',(-5.99999999999083,70.9958405540985,-32.7350223739716));
#5521=CARTESIAN_POINT('Ctrl Pts',(-5.99999999999083,70.9201658701328,-32.7343922748677));
#5522=CARTESIAN_POINT('Ctrl Pts',(-6.00899372921071,70.8399163094722,-32.7314737602502));
#5523=CARTESIAN_POINT('Ctrl Pts',(-6.04931500371058,70.6721925672067,-32.721886634168));
#5524=CARTESIAN_POINT('Ctrl Pts',(-6.0840636709835,70.585514369607,-32.7148955852043));
#5525=CARTESIAN_POINT('Ctrl Pts',(-6.16620737253654,70.4374298280937,-32.704511580987));
#5526=CARTESIAN_POINT('Ctrl Pts',(-6.22024946943677,70.3632233911143,-32.7001001734263));
#5527=CARTESIAN_POINT('Ctrl Pts',(-6.34670160740717,70.2333337857082,-32.7019394370052));
#5528=CARTESIAN_POINT('Ctrl Pts',(-6.4191050665979,70.1776507735071,-32.708627629821));
#5529=CARTESIAN_POINT('Ctrl Pts',(-6.56535950686866,70.0910372577682,-32.7365656143741));
#5530=CARTESIAN_POINT('Ctrl Pts',(-6.65095300886184,70.0546280183015,-32.7607863599691));
#5531=CARTESIAN_POINT('Ctrl Pts',(-6.74983095889935,70.0275269358046,-32.8021534892239));
#5532=CARTESIAN_POINT('Ctrl Pts',(-6.76397586815153,70.0239862648921,-32.8083781114028));
#5533=CARTESIAN_POINT('Ctrl Pts',(-6.7780434121338,70.0207840054272,-32.8148834986251));
#5534=CARTESIAN_POINT('Ctrl Pts',(-6.37433855030887,69.9958405540985,-26.764289016938));
#5535=CARTESIAN_POINT('Ctrl Pts',(-6.45641224169925,69.9958405540985,-26.920148398948));
#5536=CARTESIAN_POINT('Ctrl Pts',(-6.6655530793635,69.9958405540985,-27.2457725404092));
#5537=CARTESIAN_POINT('Ctrl Pts',(-6.88549848529479,69.9958405540985,-27.4853547576066));
#5538=CARTESIAN_POINT('Ctrl Pts',(-6.99999999999084,69.9958405540985,-27.5952078799131));
#5539=CARTESIAN_POINT('Ctrl Pts',(-6.24137814286788,70.0925017301454,-26.7192511839373));
#5540=CARTESIAN_POINT('Ctrl Pts',(-6.29648494663912,70.0928310953328,-26.8795569851771));
#5541=CARTESIAN_POINT('Ctrl Pts',(-6.44101519928764,70.0807200502295,-27.2244919218424));
#5542=CARTESIAN_POINT('Ctrl Pts',(-6.60821577397003,70.0311464942647,-27.4857361706021));
#5543=CARTESIAN_POINT('Ctrl Pts',(-6.70080069964895,69.9958405540985,-27.5952078799131));
#5544=CARTESIAN_POINT('Ctrl Pts',(-6.05779702900559,70.3166464281027,-26.6148143056846));
#5545=CARTESIAN_POINT('Ctrl Pts',(-6.07157450785985,70.3367525471267,-26.776606836723));
#5546=CARTESIAN_POINT('Ctrl Pts',(-6.10842624174643,70.3584414714234,-27.1409862080274));
#5547=CARTESIAN_POINT('Ctrl Pts',(-6.15507295810652,70.3015445588341,-27.4552725447341));
#5548=CARTESIAN_POINT('Ctrl Pts',(-6.18296099172289,70.2471038509485,-27.5952078799131));
#5549=CARTESIAN_POINT('Ctrl Pts',(-5.99999999999083,70.5870765523368,-26.4888114235379));
#5550=CARTESIAN_POINT('Ctrl Pts',(-5.99997049374332,70.6439320551832,-26.646376685086));
#5551=CARTESIAN_POINT('Ctrl Pts',(-6.00012658633137,70.7540825925102,-27.0160951211728));
#5552=CARTESIAN_POINT('Ctrl Pts',(-6.00029524907898,70.787656711513,-27.3927346874262));
#5553=CARTESIAN_POINT('Ctrl Pts',(-5.99999999999083,70.7714410788421,-27.5952078799131));
#5554=CARTESIAN_POINT('Ctrl Pts',(-5.99999999999083,70.702947335285,-26.4348231607679));
#5555=CARTESIAN_POINT('Ctrl Pts',(-5.99999999999083,70.7755235536374,-26.5905878179813));
#5556=CARTESIAN_POINT('Ctrl Pts',(-5.99999999999083,70.9235801210024,-26.9626371436777));
#5557=CARTESIAN_POINT('Ctrl Pts',(-5.99999999999083,70.9958405540985,-27.3660081555946));
#5558=CARTESIAN_POINT('Ctrl Pts',(-5.99999999999083,70.9958405540985,-27.5952078799131));
#5559=CARTESIAN_POINT('',(-6.37433855030887,69.9958405540985,-26.764289016938));
#5560=CARTESIAN_POINT('',(-5.99999999999083,70.702947335285,-26.4348231607679));
#5561=CARTESIAN_POINT('Origin',(-6.99999999999083,70.702947335285,-26.4348231607679));
#5562=CARTESIAN_POINT('Ctrl Pts',(-5.99999999999083,70.702947335285,-26.4348231607679));
#5563=CARTESIAN_POINT('Ctrl Pts',(-5.99999999999083,70.7755235536374,-26.5905878179813));
#5564=CARTESIAN_POINT('Ctrl Pts',(-5.99999999999083,70.9235801210024,-26.9626371436777));
#5565=CARTESIAN_POINT('Ctrl Pts',(-5.99999999999083,70.9958405540985,-27.3660081555946));
#5566=CARTESIAN_POINT('Ctrl Pts',(-5.99999999999083,70.9958405540985,-27.5952078799131));
#5567=CARTESIAN_POINT('Origin',(-9.24999999999016,69.9958405540985,-25.2500000000007));
#5568=CARTESIAN_POINT('Origin',(-6.99999999999083,70.9958405540985,0.));
#5569=CARTESIAN_POINT('',(-5.99999999999083,70.9958405540985,22.9390873097491));
#5570=CARTESIAN_POINT('',(-6.99999999999083,69.9958405540985,23.2733440342683));
#5571=CARTESIAN_POINT('Ctrl Pts',(-6.99999999999083,69.9958405540985,23.2733440342683));
#5572=CARTESIAN_POINT('Ctrl Pts',(-6.90874871096162,69.9958405540985,23.3831976770176));
#5573=CARTESIAN_POINT('Ctrl Pts',(-6.81722388871432,70.0081749780665,23.4893515928497));
#5574=CARTESIAN_POINT('Ctrl Pts',(-6.64164734229302,70.05809288245,23.6721246188229));
#5575=CARTESIAN_POINT('Ctrl Pts',(-6.53773392353422,70.1016050189334,23.7709450905325));
#5576=CARTESIAN_POINT('Ctrl Pts',(-6.41151166870939,70.1865072961726,23.8333729313378));
#5577=CARTESIAN_POINT('Ctrl Pts',(-6.37811426216703,70.2116026048222,23.8448084583512));
#5578=CARTESIAN_POINT('Ctrl Pts',(-6.31442277899608,70.2666252958664,23.8505705827163));
#5579=CARTESIAN_POINT('Ctrl Pts',(-6.28413532064357,70.2965827298536,23.8446813085515));
#5580=CARTESIAN_POINT('Ctrl Pts',(-6.21808787068598,70.3695078960373,23.8137650633555));
#5581=CARTESIAN_POINT('Ctrl Pts',(-6.18947976324048,70.408448959918,23.782968824876));
#5582=CARTESIAN_POINT('Ctrl Pts',(-6.14060530007834,70.4826031897687,23.7134509049621));
#5583=CARTESIAN_POINT('Ctrl Pts',(-6.12093693671877,70.5175709577874,23.6740502024865));
#5584=CARTESIAN_POINT('Ctrl Pts',(-6.06953784701327,70.6214052652195,23.5456594262845));
#5585=CARTESIAN_POINT('Ctrl Pts',(-6.04590435357678,70.688262308468,23.4476768581326));
#5586=CARTESIAN_POINT('Ctrl Pts',(-6.00915122360214,70.8371897456369,23.2138167939642));
#5587=CARTESIAN_POINT('Ctrl Pts',(-5.99999999999083,70.917874636698,23.0765270230545));
#5588=CARTESIAN_POINT('Ctrl Pts',(-5.99999999999083,70.9958405540985,22.9390873097491));
#5589=CARTESIAN_POINT('',(-5.99999999999083,70.9958405540985,-22.9047921200883));
#5590=CARTESIAN_POINT('',(-5.99999999999083,70.9958405540985,0.));
#5591=CARTESIAN_POINT('',(-6.99999999999083,69.9958405540985,-22.9047921200883));
#5592=CARTESIAN_POINT('Origin',(-6.99999999999083,70.9958405540985,-22.9047921200883));
#5593=CARTESIAN_POINT('',(-6.99999999999083,69.9958405540985,0.));
#5594=CARTESIAN_POINT('Ctrl Pts',(-6.99999999999083,69.9958405540985,-22.9047921200883));
#5595=CARTESIAN_POINT('Ctrl Pts',(-6.91412386396869,69.9958405540985,-22.9871819618183));
#5596=CARTESIAN_POINT('Ctrl Pts',(-6.69915880804496,69.9958405540985,-23.21464840141));
#5597=CARTESIAN_POINT('Ctrl Pts',(-6.48377013882938,69.9958405540985,-23.5278984737168));
#5598=CARTESIAN_POINT('Ctrl Pts',(-6.37433855030887,69.9958405540985,-23.7357109830634));
#5599=CARTESIAN_POINT('Ctrl Pts',(-6.70080069964895,69.9958405540985,-22.9047921200883));
#5600=CARTESIAN_POINT('Ctrl Pts',(-6.63136200538967,70.0223200092232,-22.9868959020717));
#5601=CARTESIAN_POINT('Ctrl Pts',(-6.46542794703115,70.0761138258424,-23.230819022354));
#5602=CARTESIAN_POINT('Ctrl Pts',(-6.31485388122954,70.0929408837286,-23.5670077477444));
#5603=CARTESIAN_POINT('Ctrl Pts',(-6.24137814286788,70.0925017301454,-23.7807488160641));
#5604=CARTESIAN_POINT('Ctrl Pts',(-6.18295726952677,70.2471007487538,-22.9047921200883));
#5605=CARTESIAN_POINT('Ctrl Pts',(-6.16204124431446,70.2879312796681,-23.0097436214727));
#5606=CARTESIAN_POINT('Ctrl Pts',(-6.11472398122388,70.3553796628896,-23.3075183876943));
#5607=CARTESIAN_POINT('Ctrl Pts',(-6.0761664973868,70.3434543950398,-23.6694622302504));
#5608=CARTESIAN_POINT('Ctrl Pts',(-6.05779652558112,70.3166462363412,-23.8851856049684));
#5609=CARTESIAN_POINT('Ctrl Pts',(-5.99999999999083,70.7714410788421,-22.9047921200883));
#5610=CARTESIAN_POINT('Ctrl Pts',(-6.00022143680694,70.7836028033453,-23.0566470144535));
#5611=CARTESIAN_POINT('Ctrl Pts',(-6.00032915222561,70.7655912293744,-23.4286592174132));
#5612=CARTESIAN_POINT('Ctrl Pts',(-5.99996065832749,70.6628838894654,-23.8011015610661));
#5613=CARTESIAN_POINT('Ctrl Pts',(-5.99999999999083,70.5870765523368,-24.0111885764635));
#5614=CARTESIAN_POINT('Ctrl Pts',(-5.99999999999083,70.9958405540985,-22.9047921200883));
#5615=CARTESIAN_POINT('Ctrl Pts',(-5.99999999999083,70.9958405540985,-23.0766919133272));
#5616=CARTESIAN_POINT('Ctrl Pts',(-5.99999999999083,70.9413883948488,-23.4804946512284));
#5617=CARTESIAN_POINT('Ctrl Pts',(-5.99999999999083,70.7997156264216,-23.8574906296156));
#5618=CARTESIAN_POINT('Ctrl Pts',(-5.99999999999083,70.702947335285,-24.0651768392335));
#5619=CARTESIAN_POINT('',(-5.99999999999083,70.702947335285,-24.0651768392335));
#5620=CARTESIAN_POINT('',(-6.37433855030887,69.9958405540985,-23.7357109830634));
#5621=CARTESIAN_POINT('Origin',(-6.99999999999083,70.702947335285,-24.0651768392335));
#5622=CARTESIAN_POINT('Origin',(-9.24999999999016,69.9958405540985,-25.2500000000007));
#5623=CARTESIAN_POINT('Ctrl Pts',(-5.99999999999083,70.9958405540985,-22.9047921200883));
#5624=CARTESIAN_POINT('Ctrl Pts',(-5.99999999999083,70.9958405540985,-23.0766919133272));
#5625=CARTESIAN_POINT('Ctrl Pts',(-5.99999999999083,70.9413883948488,-23.4804946512284));
#5626=CARTESIAN_POINT('Ctrl Pts',(-5.99999999999083,70.7997156264216,-23.8574906296156));
#5627=CARTESIAN_POINT('Ctrl Pts',(-5.99999999999083,70.702947335285,-24.0651768392335));
#5628=CARTESIAN_POINT('Ctrl Pts',(-5.99999999999083,70.702947335285,-26.4348231607679));
#5629=CARTESIAN_POINT('Ctrl Pts',(-5.99999999999083,70.5552254505792,-26.1177792411964));
#5630=CARTESIAN_POINT('Ctrl Pts',(-5.99999999999083,70.2902831987236,-25.3122039006219));
#5631=CARTESIAN_POINT('Ctrl Pts',(-5.99999999999083,70.5057676254007,-24.4883682180455));
#5632=CARTESIAN_POINT('Ctrl Pts',(-5.99999999999083,70.7029473354242,-24.0651768389348));
#5633=CARTESIAN_POINT('Ctrl Pts',(-5.99999999999083,70.4325821750725,-26.5607957738979));
#5634=CARTESIAN_POINT('Ctrl Pts',(-6.00035002893263,70.2889728162516,-26.2153835216412));
#5635=CARTESIAN_POINT('Ctrl Pts',(-6.00095899243473,70.0327519195162,-25.320728062667));
#5636=CARTESIAN_POINT('Ctrl Pts',(-6.00046721989789,70.2408918797218,-24.4002617587231));
#5637=CARTESIAN_POINT('Ctrl Pts',(-5.99999999999083,70.4325821752079,-23.9392042257782));
#5638=CARTESIAN_POINT('Ctrl Pts',(-6.14165783728714,70.1649976121806,-26.6854728091869));
#5639=CARTESIAN_POINT('Ctrl Pts',(-6.12643652475658,70.0247997548585,-26.3123304516025));
#5640=CARTESIAN_POINT('Ctrl Pts',(-6.09297503254991,69.7761410035426,-25.3293179980801));
#5641=CARTESIAN_POINT('Ctrl Pts',(-6.12134037386929,69.9778610014588,-24.3125989690398));
#5642=CARTESIAN_POINT('Ctrl Pts',(-6.14165783730177,70.1649976123128,-23.8145271904632));
#5643=CARTESIAN_POINT('Ctrl Pts',(-6.37433855030887,69.9958405540985,-26.764289016938));
#5644=CARTESIAN_POINT('Ctrl Pts',(-6.33799259293598,69.8481186693927,-26.3782234857059));
#5645=CARTESIAN_POINT('Ctrl Pts',(-6.25401258150356,69.583176417537,-25.3366086534025));
#5646=CARTESIAN_POINT('Ctrl Pts',(-6.32582383399759,69.7986608442142,-24.2510326605457));
#5647=CARTESIAN_POINT('Ctrl Pts',(-6.37433855034311,69.9958405542377,-23.7357109826997));
#5648=CARTESIAN_POINT('Ctrl Pts',(-5.99999999999083,70.7029473354242,-24.0651768389348));
#5649=CARTESIAN_POINT('Ctrl Pts',(-5.99999999999083,70.5057676254007,-24.4883682180455));
#5650=CARTESIAN_POINT('Ctrl Pts',(-5.99999999999083,70.2902831987236,-25.3122039006219));
#5651=CARTESIAN_POINT('Ctrl Pts',(-5.99999999999083,70.5552254505792,-26.1177792411964));
#5652=CARTESIAN_POINT('Ctrl Pts',(-5.99999999999083,70.702947335285,-26.4348231607679));
#5653=CARTESIAN_POINT('Ctrl Pts',(-6.37433855030887,69.9958405540985,-26.764289016938));
#5654=CARTESIAN_POINT('Ctrl Pts',(-6.33799259293598,69.8481186693927,-26.3782234857059));
#5655=CARTESIAN_POINT('Ctrl Pts',(-6.25401258150356,69.583176417537,-25.3366086534025));
#5656=CARTESIAN_POINT('Ctrl Pts',(-6.32582383399759,69.7986608442142,-24.2510326605457));
#5657=CARTESIAN_POINT('Ctrl Pts',(-6.37433855034311,69.9958405542377,-23.7357109826997));
#5658=CARTESIAN_POINT('Origin',(-10.8499999999909,71.9958405540985,32.5));
#5659=CARTESIAN_POINT('',(-12.4283959398567,69.9958405540986,32.5));
#5660=CARTESIAN_POINT('',(-10.8499999999909,69.9958405540985,32.5));
#5661=CARTESIAN_POINT('',(-12.4306136995011,70.0593488809951,33.000000000001));
#5662=CARTESIAN_POINT('Origin',(-12.4982374788402,71.9958405540985,32.5));
#5663=CARTESIAN_POINT('',(-19.4348805095928,70.0593488809951,33.000000000001));
#5664=CARTESIAN_POINT('',(-10.8499999999909,70.059348880995,33.000000000001));
#5665=CARTESIAN_POINT('',(-20.0643382307493,69.9958405540985,32.5));
#5666=CARTESIAN_POINT('Origin',(-20.0643382307493,71.9958405540985,32.5));
#5667=CARTESIAN_POINT('',(-29.3999999999909,69.9958405540993,32.5));
#5668=CARTESIAN_POINT('',(-10.8499999999909,69.9958405540985,32.5));
#5669=CARTESIAN_POINT('',(-29.3999999999909,70.4367683991851,33.7527146585611));
#5670=CARTESIAN_POINT('Origin',(-29.3999999999909,71.9958405540985,32.5));
#5671=CARTESIAN_POINT('',(-27.3999999999909,70.4367683991851,33.7527146585611));
#5672=CARTESIAN_POINT('',(-10.8499999999909,70.4367683991851,33.7527146585611));
#5673=CARTESIAN_POINT('',(-27.3999999999909,71.9958405540985,34.5));
#5674=CARTESIAN_POINT('Origin',(-27.3999999999909,71.9958405540985,32.5));
#5675=CARTESIAN_POINT('',(-7.44880468943082,71.9958405540985,34.5));
#5676=CARTESIAN_POINT('',(-10.8499999999909,71.9958405540985,34.5));
#5677=CARTESIAN_POINT('Ctrl Pts',(-7.44880468943082,71.9958405540985,34.5));
#5678=CARTESIAN_POINT('Ctrl Pts',(-7.43939359779228,71.7263421502685,34.5));
#5679=CARTESIAN_POINT('Ctrl Pts',(-7.46200189212307,71.4433207854663,34.4426146698207));
#5680=CARTESIAN_POINT('Ctrl Pts',(-7.51627910566158,70.9291939917988,34.2150212323438));
#5681=CARTESIAN_POINT('Ctrl Pts',(-7.54292838024417,70.6975463729349,34.0448688189118));
#5682=CARTESIAN_POINT('Ctrl Pts',(-7.51044445133076,70.4424991621058,33.7646283967616));
#5683=CARTESIAN_POINT('Ctrl Pts',(-7.49135455893199,70.3695168121515,33.6697396270432));
#5684=CARTESIAN_POINT('Ctrl Pts',(-7.42540225316693,70.2461812378533,33.4756597275757));
#5685=CARTESIAN_POINT('Ctrl Pts',(-7.37811208998872,70.1957000879762,33.3766955742878));
#5686=CARTESIAN_POINT('Ctrl Pts',(-7.2704812120688,70.1234440023713,33.2084007365328));
#5687=CARTESIAN_POINT('Ctrl Pts',(-7.20341454076315,70.0942910582822,33.1245864300596));
#5688=CARTESIAN_POINT('Ctrl Pts',(-7.04704393163583,70.0516834481662,32.9756593303356));
#5689=CARTESIAN_POINT('Ctrl Pts',(-6.9577190003273,70.0378136911481,32.9106876595783));
#5690=CARTESIAN_POINT('Ctrl Pts',(-6.84021822355448,70.0257404577924,32.8449326251));
#5691=CARTESIAN_POINT('Ctrl Pts',(-6.80971475502002,70.0230947110384,32.8293770500552));
#5692=CARTESIAN_POINT('Ctrl Pts',(-6.77804341154751,70.0207840023936,32.8148834984047));
#5693=CARTESIAN_POINT('',(-26.6700040621189,71.5230054592838,34.4433031089132));
#5694=CARTESIAN_POINT('',(-24.2380552110833,70.6192870641122,33.9508964448346));
#5695=CARTESIAN_POINT('Ctrl Pts',(-26.6700040621189,71.5230054592838,34.4433031089132));
#5696=CARTESIAN_POINT('Ctrl Pts',(-26.6779823617329,71.4080818054475,34.4153404424054));
#5697=CARTESIAN_POINT('Ctrl Pts',(-26.689371771918,71.2949227129877,34.3769218721561));
#5698=CARTESIAN_POINT('Ctrl Pts',(-26.7279823561972,70.9291939917988,34.2150212323438));
#5699=CARTESIAN_POINT('Ctrl Pts',(-26.7546316307798,70.6975463729349,34.0448688189118));
#5700=CARTESIAN_POINT('Ctrl Pts',(-26.7221477018664,70.4424991621058,33.7646283967616));
#5701=CARTESIAN_POINT('Ctrl Pts',(-26.7030578094677,70.3695168121515,33.6697396270432));
#5702=CARTESIAN_POINT('Ctrl Pts',(-26.6371055037026,70.2461812378533,33.4756597275757));
#5703=CARTESIAN_POINT('Ctrl Pts',(-26.5898153405244,70.1957000879762,33.3766955742878));
#5704=CARTESIAN_POINT('Ctrl Pts',(-26.4821844626045,70.1234440023713,33.2084007365328));
#5705=CARTESIAN_POINT('Ctrl Pts',(-26.4151177912988,70.0942910582822,33.1245864300596));
#5706=CARTESIAN_POINT('Ctrl Pts',(-26.2587471821715,70.0516834481662,32.9756593303356));
#5707=CARTESIAN_POINT('Ctrl Pts',(-26.169422250863,70.0378136911481,32.9106876595783));
#5708=CARTESIAN_POINT('Ctrl Pts',(-25.9049278545472,70.0106368276779,32.7626729942567));
#5709=CARTESIAN_POINT('Ctrl Pts',(-25.6699254899262,70.0059559800993,32.7008964463603));
#5710=CARTESIAN_POINT('Ctrl Pts',(-25.2653117055093,70.0059559800993,32.7008964463603));
#5711=CARTESIAN_POINT('Ctrl Pts',(-25.0307683227193,70.0105777369839,32.7623511657533));
#5712=CARTESIAN_POINT('Ctrl Pts',(-24.7678772549192,70.0377851045255,32.9105319668734));
#5713=CARTESIAN_POINT('Ctrl Pts',(-24.6796288830484,70.0516086677136,32.9753471699512));
#5714=CARTESIAN_POINT('Ctrl Pts',(-24.526179157562,70.0941678609813,33.1242063600623));
#5715=CARTESIAN_POINT('Ctrl Pts',(-24.4609824826249,70.1233291182639,33.2081331548884));
#5716=CARTESIAN_POINT('Ctrl Pts',(-24.3574441737685,70.1962570954624,33.3779929250054));
#5717=CARTESIAN_POINT('Ctrl Pts',(-24.3133731140059,70.247554869072,33.4782703427879));
#5718=CARTESIAN_POINT('Ctrl Pts',(-24.2561383813375,70.3726777511547,33.6742479714112));
#5719=CARTESIAN_POINT('Ctrl Pts',(-24.2425139674795,70.4466248640394,33.7697353822404));
#5720=CARTESIAN_POINT('Ctrl Pts',(-24.2369758264137,70.5527827653204,33.8855393268285));
#5721=CARTESIAN_POINT('Ctrl Pts',(-24.236871356245,70.5853858948603,33.9187323470611));
#5722=CARTESIAN_POINT('Ctrl Pts',(-24.2380552110833,70.6192870641122,33.9508964433089));
#5723=CARTESIAN_POINT('',(-24.381301261298,71.6029287222264,34.4610253166073));
#5724=CARTESIAN_POINT('Ctrl Pts',(-24.2380552110833,70.6192870641122,33.9508964433089));
#5725=CARTESIAN_POINT('Ctrl Pts',(-24.2437792662102,70.7832025674089,34.1064130269814));
#5726=CARTESIAN_POINT('Ctrl Pts',(-24.2799003405557,70.9781295955242,34.2371656838864));
#5727=CARTESIAN_POINT('Ctrl Pts',(-24.3402534594278,71.322379911757,34.3887682673457));
#5728=CARTESIAN_POINT('Ctrl Pts',(-24.3637106078938,71.4616848755689,34.4327256419112));
#5729=CARTESIAN_POINT('Ctrl Pts',(-24.381301261298,71.6029287222264,34.4610253166073));
#5730=CARTESIAN_POINT('Origin',(-13.1297785259519,71.9958405540985,32.5));
#5731=CARTESIAN_POINT('Origin',(-9.24999999999016,69.1708405540985,-25.2500000000007));
#5732=CARTESIAN_POINT('',(-12.4999999999902,69.9958405540985,-25.2500000000007));
#5733=CARTESIAN_POINT('Origin',(-9.24999999999016,69.9958405540985,-25.2500000000007));
#5734=CARTESIAN_POINT('',(-10.8499999999902,68.3458405540985,-25.2500000000007));
#5735=CARTESIAN_POINT('',(-11.6749999999902,69.1708405540985,-25.2500000000007));
#5736=CARTESIAN_POINT('Origin',(-9.24999999999016,68.3458405540985,-25.2500000000007));
#5737=CARTESIAN_POINT('',(-12.3965728752438,69.9958405540985,-24.4366248462628));
#5738=CARTESIAN_POINT('Origin',(-9.24999999999016,69.9958405540985,-25.2500000000007));
#5739=CARTESIAN_POINT('Origin',(-9.24999999999016,69.9958405540985,-25.2500000000007));
#5740=CARTESIAN_POINT('Origin',(-5.99999999999083,69.9958405540985,0.));
#5741=CARTESIAN_POINT('',(-12.7499999999891,69.9958405540985,25.3499999999999));
#5742=CARTESIAN_POINT('Origin',(-9.49999999998909,69.9958405540985,25.3499999999999));
#5743=CARTESIAN_POINT('Origin',(-9.49999999998909,69.9958405540985,25.3499999999999));
#5744=CARTESIAN_POINT('',(-18.7931457504974,69.9958405540985,-23.623249692525));
#5745=CARTESIAN_POINT('Origin',(-15.5431457504974,69.9958405540985,-23.623249692525));
#5746=CARTESIAN_POINT('Origin',(-15.5431457504974,69.9958405540985,-23.623249692525));
#5747=CARTESIAN_POINT('',(-12.4283959398567,69.9958405540985,-32.5));
#5748=CARTESIAN_POINT('',(-10.8499999999909,69.9958405540985,-32.5));
#5749=CARTESIAN_POINT('',(-12.4283959398567,69.9958405540985,-30.500000000001));
#5750=CARTESIAN_POINT('',(-12.4283959398567,69.9958405540985,-15.2500000000005));
#5751=CARTESIAN_POINT('',(-19.2255559687629,69.9958405540985,-30.5000000000009));
#5752=CARTESIAN_POINT('',(-12.6345846502303,69.9958405540985,-30.5000000000009));
#5753=CARTESIAN_POINT('',(-19.5791093593561,69.9958405540985,-30.3535533905933));
#5754=CARTESIAN_POINT('Origin',(-19.2255559687629,69.9958405540985,-30.));
#5755=CARTESIAN_POINT('',(-20.8134238246977,69.9958405540985,-29.1192389252517));
#5756=CARTESIAN_POINT('',(-26.5331656874806,69.9958405540985,-23.3994970624688));
#5757=CARTESIAN_POINT('',(-24.8452681012365,69.9958405540985,-25.0873946487129));
#5758=CARTESIAN_POINT('Origin',(-21.7260291759855,69.9958405540985,-26.0000000000007));
#5759=CARTESIAN_POINT('',(-25.099999999991,69.9958405540985,-24.8326627499584));
#5760=CARTESIAN_POINT('',(-26.5331656874806,69.9958405540985,-23.3994970624688));
#5761=CARTESIAN_POINT('',(-25.099999999991,69.9958405540993,-19.2));
#5762=CARTESIAN_POINT('',(-25.099999999991,69.9958405540993,-19.2));
#5763=CARTESIAN_POINT('',(-11.3708349621993,69.9958405540985,-19.2));
#5764=CARTESIAN_POINT('',(-11.3708349621993,69.9958405540985,-19.2));
#5765=CARTESIAN_POINT('',(-11.3708349621993,69.9958405540985,19.2));
#5766=CARTESIAN_POINT('',(-11.3708349621993,69.9958405540985,0.));
#5767=CARTESIAN_POINT('',(-25.0999999999911,69.9958405540985,19.2));
#5768=CARTESIAN_POINT('',(-5.99999999999083,69.9958405540985,19.2));
#5769=CARTESIAN_POINT('',(-25.0999999999911,69.9958405540985,24.8326627499583));
#5770=CARTESIAN_POINT('',(-25.0999999999911,69.9958405540985,19.2));
#5771=CARTESIAN_POINT('',(-19.4326627499485,69.9958405540985,30.5000000000009));
#5772=CARTESIAN_POINT('',(-26.5331656874806,69.9958405540985,23.3994970624688));
#5773=CARTESIAN_POINT('',(-12.4283959398567,69.9958405540986,30.5000000000009));
#5774=CARTESIAN_POINT('',(-12.6345846502303,69.9958405540985,30.5000000000009));
#5775=CARTESIAN_POINT('',(-12.4283959398567,69.9958405540985,15.2500000000005));
#5776=CARTESIAN_POINT('',(-19.7499999999891,69.9958405540985,25.3499999999998));
#5777=CARTESIAN_POINT('Origin',(-16.4999999999891,69.9958405540985,25.3499999999998));
#5778=CARTESIAN_POINT('Origin',(-6.99999999999083,84.22206959165,-33.5));
#5779=CARTESIAN_POINT('',(-6.99999999999083,72.2098971370391,-34.5));
#5780=CARTESIAN_POINT('',(-5.99999999999083,72.2448179065308,-33.5));
#5781=CARTESIAN_POINT('Origin',(-6.99999999999083,72.2098971370391,-33.5));
#5782=CARTESIAN_POINT('',(-5.99999999999083,90.1958903872419,-33.5));
#5783=CARTESIAN_POINT('',(-5.99999999999083,84.22206959165,-33.5));
#5784=CARTESIAN_POINT('',(-6.99999999999083,90.0435070618541,-34.5));
#5785=CARTESIAN_POINT('Origin',(-6.99999999999083,90.0435070618541,-33.5));
#5786=CARTESIAN_POINT('',(-6.99999999999083,84.22206959165,-34.5));
#5787=CARTESIAN_POINT('Origin',(-5.99999999999083,90.1958903872419,0.));
#5788=CARTESIAN_POINT('',(-5.99999999999083,72.2448179065308,32.7462550882911));
#5789=CARTESIAN_POINT('Origin',(-5.99999999999083,62.6837834952153,33.9508964463603));
#5790=CARTESIAN_POINT('',(-5.99999999999083,72.2448179065308,34.5));
#5791=CARTESIAN_POINT('',(-5.99999999999083,72.2448179065306,16.9754482231802));
#5792=CARTESIAN_POINT('',(-5.99999999999083,90.1958903872419,34.5));
#5793=CARTESIAN_POINT('',(-5.99999999999083,90.1958903872419,34.5));
#5794=CARTESIAN_POINT('',(-5.99999999999083,90.1958903872419,0.));
#5795=CARTESIAN_POINT('',(-5.99999999999083,72.2448179065308,-32.7462550882911));
#5796=CARTESIAN_POINT('',(-5.99999999999083,72.2448179065306,-16.9754482231802));
#5797=CARTESIAN_POINT('Origin',(-5.99999999999083,62.6837834952153,-33.9508964463603));
#5798=CARTESIAN_POINT('Ctrl Pts',(-5.99999999999083,70.9958405540985,22.9390873097491));
#5799=CARTESIAN_POINT('Ctrl Pts',(-5.99999999999083,69.6281934952721,25.3499999999999));
#5800=CARTESIAN_POINT('Ctrl Pts',(-5.99999999999083,70.9958405540985,27.7609126902506));
#5801=CARTESIAN_POINT('',(-5.99999999999083,87.4087683991556,27.9794999999968));
#5802=CARTESIAN_POINT('Origin',(-5.99999999999083,87.4087683991556,26.7499999999968));
#5803=CARTESIAN_POINT('',(-5.99999999999083,87.4087683991556,14.6044999999984));
#5804=CARTESIAN_POINT('Origin',(-5.99999999999083,87.4087683991556,13.3749999999984));
#5805=CARTESIAN_POINT('',(-5.99999999999083,79.908768399156,19.2294999999978));
#5806=CARTESIAN_POINT('Origin',(-5.99999999999083,79.908768399156,17.9999999999978));
#5807=CARTESIAN_POINT('',(-5.99999999999083,79.908768399156,7.22949999999928));
#5808=CARTESIAN_POINT('Origin',(-5.99999999999083,79.908768399156,5.99999999999928));
#5809=CARTESIAN_POINT('',(-5.99999999999083,79.908768399156,-4.77049999999928));
#5810=CARTESIAN_POINT('Origin',(-5.99999999999083,79.908768399156,-5.99999999999928));
#5811=CARTESIAN_POINT('',(-5.99999999999083,79.908768399156,-16.7704999999978));
#5812=CARTESIAN_POINT('Origin',(-5.99999999999083,79.908768399156,-17.9999999999978));
#5813=CARTESIAN_POINT('',(-5.99999999999083,87.4087683991557,-12.1454999999984));
#5814=CARTESIAN_POINT('Origin',(-5.99999999999083,87.4087683991557,-13.3749999999984));
#5815=CARTESIAN_POINT('',(-5.99999999999083,87.4087683991558,-25.5204999999968));
#5816=CARTESIAN_POINT('Origin',(-5.99999999999083,87.4087683991558,-26.7499999999968));
#5817=CARTESIAN_POINT('',(-5.99999999999083,87.4087683991557,1.2295));
#5818=CARTESIAN_POINT('Origin',(-5.99999999999083,87.4087683991557,0.));
#5819=CARTESIAN_POINT('Origin',(-1.99999999999113,81.2907683991554,-31.9999999999733));
#5820=CARTESIAN_POINT('',(-1.99999999999113,81.2907683991554,-30.9999999999733));
#5821=CARTESIAN_POINT('',(-1.99999999999113,82.2907683991554,-31.9999999999733));
#5822=CARTESIAN_POINT('Origin',(-1.99999999999113,81.2907683991554,-31.9999999999733));
#5823=CARTESIAN_POINT('',(-3.99999999999099,82.2907683991554,-31.9999999999733));
#5824=CARTESIAN_POINT('',(-1.99999999999113,82.2907683991554,-31.9999999999733));
#5825=CARTESIAN_POINT('',(-3.99999999999523,81.2907683991554,-30.9999999999733));
#5826=CARTESIAN_POINT('Origin',(-3.99999999999099,81.2907683991554,-31.9999999999733));
#5827=CARTESIAN_POINT('',(-1.99999999999113,81.2907683991554,-30.9999999999733));
#5828=CARTESIAN_POINT('Origin',(-1.99999999999113,65.9958405540985,0.));
#5829=CARTESIAN_POINT('',(-1.99999999999113,77.6587683991562,-30.9999999999733));
#5830=CARTESIAN_POINT('',(-1.99999999999113,74.4138044766385,-30.9999999999733));
#5831=CARTESIAN_POINT('',(-1.99999999999113,76.6587683991561,-29.9999999999733));
#5832=CARTESIAN_POINT('Origin',(-1.99999999999113,77.6587683991562,-29.9999999999733));
#5833=CARTESIAN_POINT('',(-1.99999999999113,76.6587683991561,29.9999999999709));
#5834=CARTESIAN_POINT('',(-1.99999999999113,76.6587683991561,-15.4999999999867));
#5835=CARTESIAN_POINT('',(-1.99999999999113,77.6587683991561,30.9999999999709));
#5836=CARTESIAN_POINT('Origin',(-1.99999999999113,77.6587683991561,29.9999999999709));
#5837=CARTESIAN_POINT('',(-1.99999999999113,81.2907683991554,30.9999999999709));
#5838=CARTESIAN_POINT('',(-1.99999999999113,71.3273044766273,30.9999999999709));
#5839=CARTESIAN_POINT('',(-1.99999999999113,82.2907683991554,31.9999999999709));
#5840=CARTESIAN_POINT('Origin',(-1.99999999999113,81.2907683991554,31.9999999999709));
#5841=CARTESIAN_POINT('',(-1.99999999999113,82.2907683991554,41.4000002055929));
#5842=CARTESIAN_POINT('',(-1.99999999999113,82.2907683991554,0.));
#5843=CARTESIAN_POINT('',(-1.99999999999113,66.8811484908544,41.4000002055928));
#5844=CARTESIAN_POINT('',(-1.99999999999113,65.2138048766415,41.4000002055928));
#5845=CARTESIAN_POINT('',(-1.99999999999113,66.8811484908544,30.5));
#5846=CARTESIAN_POINT('',(-1.99999999999113,66.8811484908544,17.25));
#5847=CARTESIAN_POINT('',(-1.99999999999113,65.9958405540985,30.5));
#5848=CARTESIAN_POINT('',(-1.99999999999113,66.2171675382875,30.5));
#5849=CARTESIAN_POINT('',(-1.99999999999113,65.9958405540985,-30.5));
#5850=CARTESIAN_POINT('',(-1.99999999999113,65.9958405540985,0.));
#5851=CARTESIAN_POINT('',(-1.99999999999113,66.8811484908544,-30.5));
#5852=CARTESIAN_POINT('',(-1.99999999999113,66.2171675382875,-30.5));
#5853=CARTESIAN_POINT('',(-1.99999999999113,66.8811484908544,-41.4000002055928));
#5854=CARTESIAN_POINT('',(-1.99999999999113,66.8811484908544,-17.25));
#5855=CARTESIAN_POINT('',(-1.99999999999113,82.2907683991554,-41.4000002055929));
#5856=CARTESIAN_POINT('',(-1.99999999999113,65.2138048766415,-41.4000002055928));
#5857=CARTESIAN_POINT('',(-1.99999999999113,82.2907683991554,0.));
#5858=CARTESIAN_POINT('Origin',(-1.99999999999113,82.8317683991785,-30.9999999999733));
#5859=CARTESIAN_POINT('',(-3.99999999999523,77.6587683991562,-30.9999999999733));
#5860=CARTESIAN_POINT('',(-3.99999999999523,81.2885183991729,-30.9999999999733));
#5861=CARTESIAN_POINT('',(-1.99999999999113,77.6587683991562,-30.9999999999733));
#5862=CARTESIAN_POINT('Origin',(-1.99999999999113,77.6587683991562,-29.9999999999733));
#5863=CARTESIAN_POINT('',(-3.99999999999523,76.6587683991561,-29.9999999999733));
#5864=CARTESIAN_POINT('Origin',(-3.99999999999099,77.6587683991562,-29.9999999999733));
#5865=CARTESIAN_POINT('',(-1.99999999999113,76.6587683991561,-29.9999999999733));
#5866=CARTESIAN_POINT('Origin',(-1.99999999999113,76.6587683991561,-30.9999999999733));
#5867=CARTESIAN_POINT('',(-3.99999999999526,76.6587683991561,29.9999999999709));
#5868=CARTESIAN_POINT('',(-3.99999999999524,76.6587683991561,-15.4999999999873));
#5869=CARTESIAN_POINT('',(-1.99999999999113,76.6587683991561,29.9999999999709));
#5870=CARTESIAN_POINT('Origin',(-1.99999999999113,77.6587683991561,29.9999999999709));
#5871=CARTESIAN_POINT('',(-3.99999999999527,77.6587683991561,30.9999999999709));
#5872=CARTESIAN_POINT('Origin',(-3.99999999999099,77.6587683991561,29.9999999999709));
#5873=CARTESIAN_POINT('',(-1.99999999999113,77.6587683991561,30.9999999999709));
#5874=CARTESIAN_POINT('Origin',(-1.99999999999113,76.6587683991561,30.9999999999709));
#5875=CARTESIAN_POINT('',(-3.99999999999527,81.2907683991554,30.9999999999709));
#5876=CARTESIAN_POINT('',(-3.99999999999527,78.2020183991617,30.9999999999709));
#5877=CARTESIAN_POINT('',(-1.99999999999113,81.2907683991554,30.9999999999709));
#5878=CARTESIAN_POINT('Origin',(-1.99999999999113,81.2907683991554,31.9999999999709));
#5879=CARTESIAN_POINT('',(-3.99999999999099,82.2907683991554,31.9999999999709));
#5880=CARTESIAN_POINT('Origin',(-3.99999999999099,81.2907683991554,31.9999999999709));
#5881=CARTESIAN_POINT('',(-1.99999999999113,82.2907683991554,31.9999999999709));
#5882=CARTESIAN_POINT('Origin',(-1.99999999999113,82.2907683991554,0.));
#5883=CARTESIAN_POINT('',(-3.99999999999099,82.2907683991554,32.4999999999733));
#5884=CARTESIAN_POINT('',(-3.99999999999099,82.2907683991554,0.));
#5885=CARTESIAN_POINT('',(-3.1299999999907,82.2907683991554,32.4999999999733));
#5886=CARTESIAN_POINT('',(-3.3149999999909,82.2907683991554,32.4999999999733));
#5887=CARTESIAN_POINT('',(-3.1299999999907,82.2907683991554,41.1000002055929));
#5888=CARTESIAN_POINT('',(-3.1299999999907,82.2907683991554,16.2499999999867));
#5889=CARTESIAN_POINT('',(-2.8299999999907,82.2907683991554,41.4000002055929));
#5890=CARTESIAN_POINT('',(-13.0475000513891,82.2907683991554,31.1825001541945));
#5891=CARTESIAN_POINT('',(-1.99999999999113,82.2907683991554,41.4000002055929));
#5892=CARTESIAN_POINT('Origin',(-4.24999999999099,87.4087683991556,13.3749999999984));
#5893=CARTESIAN_POINT('',(-3.99999999999101,87.4087683991556,15.1044999999984));
#5894=CARTESIAN_POINT('Origin',(-3.99999999999101,87.4087683991556,13.3749999999984));
#5895=CARTESIAN_POINT('',(-4.49999999999098,87.4087683991556,14.6044999999984));
#5896=CARTESIAN_POINT('',(-4.24999999999099,87.4087683991556,14.8544999999984));
#5897=CARTESIAN_POINT('Origin',(-4.49999999999098,87.4087683991556,13.3749999999984));
#5898=CARTESIAN_POINT('Origin',(-3.99999999999099,82.2907683991554,0.));
#5899=CARTESIAN_POINT('',(-3.99999999999099,82.2907683991554,-32.4999999999733));
#5900=CARTESIAN_POINT('',(-3.99999999999099,82.2907683991554,0.));
#5901=CARTESIAN_POINT('',(-3.99999999999102,90.5006570380176,-32.4999999999733));
#5902=CARTESIAN_POINT('',(-3.99999999999099,82.2907683991554,-32.4999999999733));
#5903=CARTESIAN_POINT('',(-3.99999999999102,90.5006570380176,32.4999999999733));
#5904=CARTESIAN_POINT('',(-3.99999999999102,90.5006570380176,0.));
#5905=CARTESIAN_POINT('',(-3.99999999999099,82.2907683991554,32.4999999999733));
#5906=CARTESIAN_POINT('',(-3.99999999999101,87.4087683991557,1.7295));
#5907=CARTESIAN_POINT('Origin',(-3.99999999999101,87.4087683991557,0.));
#5908=CARTESIAN_POINT('',(-3.99999999999101,87.4087683991558,-25.0204999999968));
#5909=CARTESIAN_POINT('Origin',(-3.99999999999101,87.4087683991558,-26.7499999999968));
#5910=CARTESIAN_POINT('',(-3.99999999999099,79.908768399156,-4.27049999999928));
#5911=CARTESIAN_POINT('Origin',(-3.99999999999099,79.908768399156,-5.99999999999928));
#5912=CARTESIAN_POINT('',(-3.99999999999099,79.908768399156,19.7294999999978));
#5913=CARTESIAN_POINT('Origin',(-3.99999999999099,79.908768399156,17.9999999999978));
#5914=CARTESIAN_POINT('',(-3.99999999999101,87.4087683991556,28.4794999999968));
#5915=CARTESIAN_POINT('Origin',(-3.99999999999101,87.4087683991556,26.7499999999968));
#5916=CARTESIAN_POINT('',(-3.99999999999099,79.908768399156,7.72949999999928));
#5917=CARTESIAN_POINT('Origin',(-3.99999999999099,79.908768399156,5.99999999999928));
#5918=CARTESIAN_POINT('',(-3.99999999999099,79.908768399156,-16.2704999999978));
#5919=CARTESIAN_POINT('Origin',(-3.99999999999099,79.908768399156,-17.9999999999978));
#5920=CARTESIAN_POINT('',(-3.99999999999101,87.4087683991557,-11.6454999999984));
#5921=CARTESIAN_POINT('Origin',(-3.99999999999101,87.4087683991557,-13.3749999999984));
#5922=CARTESIAN_POINT('Origin',(-6.39999999999113,87.4087683991556,13.3749999999984));
#5923=CARTESIAN_POINT('',(-6.39999999999113,87.4087683991556,14.6044999999984));
#5924=CARTESIAN_POINT('Origin',(-4.24999999999099,87.4087683991557,0.));
#5925=CARTESIAN_POINT('',(-4.49999999999098,87.4087683991557,1.2295));
#5926=CARTESIAN_POINT('',(-4.24999999999099,87.4087683991557,1.4795));
#5927=CARTESIAN_POINT('Origin',(-4.49999999999098,87.4087683991557,0.));
#5928=CARTESIAN_POINT('Origin',(-6.39999999999113,87.4087683991557,0.));
#5929=CARTESIAN_POINT('',(-6.39999999999113,87.4087683991557,1.2295));
#5930=CARTESIAN_POINT('Origin',(-4.24999999999099,87.4087683991557,-13.3749999999984));
#5931=CARTESIAN_POINT('',(-4.49999999999098,87.4087683991557,-12.1454999999984));
#5932=CARTESIAN_POINT('',(-4.24999999999099,87.4087683991557,-11.8954999999984));
#5933=CARTESIAN_POINT('Origin',(-4.49999999999098,87.4087683991557,-13.3749999999984));
#5934=CARTESIAN_POINT('Origin',(-6.39999999999113,87.4087683991557,-13.3749999999984));
#5935=CARTESIAN_POINT('',(-6.39999999999113,87.4087683991557,-12.1454999999984));
#5936=CARTESIAN_POINT('Origin',(-4.24999999999099,87.4087683991558,-26.7499999999968));
#5937=CARTESIAN_POINT('',(-4.49999999999098,87.4087683991558,-25.5204999999968));
#5938=CARTESIAN_POINT('',(-4.24999999999099,87.4087683991558,-25.2704999999968));
#5939=CARTESIAN_POINT('Origin',(-4.49999999999098,87.4087683991558,-26.7499999999968));
#5940=CARTESIAN_POINT('Origin',(-6.39999999999113,87.4087683991558,-26.7499999999968));
#5941=CARTESIAN_POINT('',(-6.39999999999113,87.4087683991558,-25.5204999999968));
#5942=CARTESIAN_POINT('Origin',(-4.24999999999312,79.908768399156,-17.9999999999978));
#5943=CARTESIAN_POINT('',(-4.49999999999525,79.908768399156,-16.7704999999978));
#5944=CARTESIAN_POINT('Origin',(-4.49999999999525,79.908768399156,-17.9999999999978));
#5945=CARTESIAN_POINT('',(-4.24999999999312,79.908768399156,-16.5204999999978));
#5946=CARTESIAN_POINT('Origin',(-6.39999999999113,79.908768399156,-17.9999999999978));
#5947=CARTESIAN_POINT('',(-6.39999999999113,79.908768399156,-16.7704999999978));
#5948=CARTESIAN_POINT('Origin',(-4.24999999999312,79.908768399156,-5.99999999999928));
#5949=CARTESIAN_POINT('',(-4.49999999999525,79.908768399156,-4.77049999999928));
#5950=CARTESIAN_POINT('Origin',(-4.49999999999525,79.908768399156,-5.99999999999928));
#5951=CARTESIAN_POINT('',(-4.24999999999312,79.908768399156,-4.52049999999928));
#5952=CARTESIAN_POINT('Origin',(-6.39999999999113,79.908768399156,-5.99999999999928));
#5953=CARTESIAN_POINT('',(-6.39999999999113,79.908768399156,-4.77049999999928));
#5954=CARTESIAN_POINT('Origin',(-4.24999999999312,79.908768399156,5.99999999999928));
#5955=CARTESIAN_POINT('',(-4.49999999999525,79.908768399156,7.22949999999928));
#5956=CARTESIAN_POINT('Origin',(-4.49999999999525,79.908768399156,5.99999999999928));
#5957=CARTESIAN_POINT('',(-4.24999999999312,79.908768399156,7.47949999999928));
#5958=CARTESIAN_POINT('Origin',(-6.39999999999113,79.908768399156,5.99999999999928));
#5959=CARTESIAN_POINT('',(-6.39999999999113,79.908768399156,7.22949999999928));
#5960=CARTESIAN_POINT('Origin',(-4.24999999999312,79.908768399156,17.9999999999978));
#5961=CARTESIAN_POINT('',(-4.49999999999525,79.908768399156,19.2294999999978));
#5962=CARTESIAN_POINT('Origin',(-4.49999999999525,79.908768399156,17.9999999999978));
#5963=CARTESIAN_POINT('',(-4.24999999999312,79.908768399156,19.4794999999978));
#5964=CARTESIAN_POINT('Origin',(-6.39999999999113,79.908768399156,17.9999999999978));
#5965=CARTESIAN_POINT('',(-6.39999999999113,79.908768399156,19.2294999999978));
#5966=CARTESIAN_POINT('Origin',(-4.24999999999099,87.4087683991556,26.7499999999968));
#5967=CARTESIAN_POINT('',(-4.49999999999098,87.4087683991556,27.9794999999968));
#5968=CARTESIAN_POINT('',(-4.24999999999099,87.4087683991556,28.2294999999968));
#5969=CARTESIAN_POINT('Origin',(-4.49999999999098,87.4087683991556,26.7499999999968));
#5970=CARTESIAN_POINT('Origin',(-6.39999999999113,87.4087683991556,26.7499999999968));
#5971=CARTESIAN_POINT('',(-6.39999999999113,87.4087683991556,27.9794999999968));
#5972=CARTESIAN_POINT('Origin',(-9.49999999998909,69.1708405540985,25.3499999999999));
#5973=CARTESIAN_POINT('',(-11.0999999999891,68.3458405540985,25.3499999999999));
#5974=CARTESIAN_POINT('',(-11.9249999999891,69.1708405540985,25.3499999999999));
#5975=CARTESIAN_POINT('Origin',(-9.49999999998909,68.3458405540985,25.3499999999999));
#5976=CARTESIAN_POINT('Origin',(-9.49999999998909,65.5958405540985,25.3499999999999));
#5977=CARTESIAN_POINT('',(-11.0999999999891,65.9958405540985,25.3499999999999));
#5978=CARTESIAN_POINT('',(-11.0999999999891,65.5958405540985,25.3499999999999));
#5979=CARTESIAN_POINT('Origin',(-9.49999999998909,65.9958405540985,25.3499999999999));
#5980=CARTESIAN_POINT('Origin',(-16.4999999999891,69.1708405540985,25.3499999999998));
#5981=CARTESIAN_POINT('',(-18.0999999999891,68.3458405540985,25.3499999999998));
#5982=CARTESIAN_POINT('',(-18.9249999999891,69.1708405540985,25.3499999999998));
#5983=CARTESIAN_POINT('Origin',(-16.4999999999891,68.3458405540985,25.3499999999998));
#5984=CARTESIAN_POINT('Origin',(-16.4999999999891,65.5958405540985,25.3499999999998));
#5985=CARTESIAN_POINT('',(-18.0999999999891,65.9958405540985,25.3499999999998));
#5986=CARTESIAN_POINT('',(-18.0999999999891,65.5958405540985,25.3499999999998));
#5987=CARTESIAN_POINT('Origin',(-16.4999999999891,65.9958405540985,25.3499999999998));
#5988=CARTESIAN_POINT('Origin',(-15.5431457504974,69.1708405540985,-23.623249692525));
#5989=CARTESIAN_POINT('',(-17.1431457504974,68.3458405540985,-23.623249692525));
#5990=CARTESIAN_POINT('',(-17.9681457504974,69.1708405540985,-23.623249692525));
#5991=CARTESIAN_POINT('Origin',(-15.5431457504974,68.3458405540985,-23.623249692525));
#5992=CARTESIAN_POINT('Origin',(-15.5431457504974,65.5958405540985,-23.623249692525));
#5993=CARTESIAN_POINT('',(-17.1431457504974,65.9958405540985,-23.623249692525));
#5994=CARTESIAN_POINT('',(-17.1431457504974,65.5958405540985,-23.623249692525));
#5995=CARTESIAN_POINT('Origin',(-15.5431457504974,65.9958405540985,-23.623249692525));
#5996=CARTESIAN_POINT('Origin',(-9.24999999999016,65.5958405540985,-25.2500000000007));
#5997=CARTESIAN_POINT('',(-10.8499999999902,65.9958405540985,-25.2500000000007));
#5998=CARTESIAN_POINT('',(-10.8499999999902,65.5958405540985,-25.2500000000007));
#5999=CARTESIAN_POINT('Origin',(-9.24999999999016,65.9958405540985,-25.2500000000007));
#6000=CARTESIAN_POINT('Origin',(-21.7260291759855,65.5958405540985,-26.0000000000007));
#6001=CARTESIAN_POINT('',(-23.0797298034294,68.3458405540985,-26.8529329465201));
#6002=CARTESIAN_POINT('',(-23.0797298034294,67.4958405540985,-26.85293294652));
#6003=CARTESIAN_POINT('',(-23.0797298034294,65.5958405540985,-26.8529329465201));
#6004=CARTESIAN_POINT('',(-23.3260291759855,68.3458405540985,-26.0000000000007));
#6005=CARTESIAN_POINT('Origin',(-21.7260291759855,68.3458405540985,-26.0000000000007));
#6006=CARTESIAN_POINT('',(-23.3260291759855,65.9958405540985,-26.0000000000007));
#6007=CARTESIAN_POINT('',(-23.3260291759855,65.5958405540985,-26.0000000000007));
#6008=CARTESIAN_POINT('Origin',(-21.7260291759855,65.9958405540985,-26.0000000000007));
#6009=CARTESIAN_POINT('',(-22.5789621225048,68.3458405540985,-27.3537006274446));
#6010=CARTESIAN_POINT('Origin',(-21.7260291759855,68.3458405540985,-26.0000000000007));
#6011=CARTESIAN_POINT('',(-22.5789621225048,67.4958405540985,-27.3537006274446));
#6012=CARTESIAN_POINT('',(-22.5789621225048,65.5958405540985,-27.3537006274446));
#6013=CARTESIAN_POINT('Ctrl Pts',(-23.0797298034294,67.4958405540985,-26.85293294652));
#6014=CARTESIAN_POINT('Ctrl Pts',(-23.0797298034294,67.4845604556155,-26.85293294652));
#6015=CARTESIAN_POINT('Ctrl Pts',(-23.0787981377112,67.4732397740413,-26.8544168493151));
#6016=CARTESIAN_POINT('Ctrl Pts',(-23.0751719583265,67.4512911953388,-26.860130599635));
#6017=CARTESIAN_POINT('Ctrl Pts',(-23.0724661680334,67.4406706591586,-26.864381539213));
#6018=CARTESIAN_POINT('Ctrl Pts',(-23.0622801135013,67.4107248934624,-26.8800980925606));
#6019=CARTESIAN_POINT('Ctrl Pts',(-23.0525144580592,67.3934475864688,-26.8948527379863));
#6020=CARTESIAN_POINT('Ctrl Pts',(-23.0285423472353,67.3616749189818,-26.9295388586358));
#6021=CARTESIAN_POINT('Ctrl Pts',(-23.0095127499637,67.3453402622164,-26.9557572268467));
#6022=CARTESIAN_POINT('Ctrl Pts',(-22.9547526242877,67.3118411594423,-27.0266404427907));
#6023=CARTESIAN_POINT('Ctrl Pts',(-22.9036422704669,67.3006473796163,-27.0851286053163));
#6024=CARTESIAN_POINT('Ctrl Pts',(-22.8111577813011,67.3006473796163,-27.1776130944821));
#6025=CARTESIAN_POINT('Ctrl Pts',(-22.7526696187755,67.3118411594423,-27.2287234483029));
#6026=CARTESIAN_POINT('Ctrl Pts',(-22.6817864028315,67.3453402622164,-27.283483573979));
#6027=CARTESIAN_POINT('Ctrl Pts',(-22.6555680346206,67.3616749189818,-27.3025131712505));
#6028=CARTESIAN_POINT('Ctrl Pts',(-22.6208819139711,67.3934475864688,-27.3264852820745));
#6029=CARTESIAN_POINT('Ctrl Pts',(-22.6061272685454,67.4107248934624,-27.3362509375165));
#6030=CARTESIAN_POINT('Ctrl Pts',(-22.5904107151978,67.4406706591586,-27.3464369920486));
#6031=CARTESIAN_POINT('Ctrl Pts',(-22.5861597756198,67.4512911953388,-27.3491427823417));
#6032=CARTESIAN_POINT('Ctrl Pts',(-22.5804460252999,67.4732397740413,-27.3527689617265));
#6033=CARTESIAN_POINT('Ctrl Pts',(-22.5789621225048,67.4845604556155,-27.3537006274446));
#6034=CARTESIAN_POINT('Ctrl Pts',(-22.5789621225048,67.4958405540985,-27.3537006274446));
#6035=CARTESIAN_POINT('Origin',(-21.7260291759855,69.1708405540985,-26.0000000000007));
#6036=CARTESIAN_POINT('Ctrl Pts',(-24.8452681012365,69.9958405540985,-25.0873946487129));
#6037=CARTESIAN_POINT('Ctrl Pts',(-23.6621754274482,68.5281342693513,-26.2704873225012));
#6038=CARTESIAN_POINT('Ctrl Pts',(-23.0797298034294,68.3458405540985,-26.85293294652));
#6039=CARTESIAN_POINT('Ctrl Pts',(-22.5789621225048,68.3458405540985,-27.3537006274446));
#6040=CARTESIAN_POINT('Ctrl Pts',(-21.996516498486,68.5281342693514,-27.9361462514634));
#6041=CARTESIAN_POINT('Ctrl Pts',(-20.8134238246977,69.9958405540985,-29.1192389252517));
#6042=CARTESIAN_POINT('Origin',(-23.7242190780736,67.4958405540985,-26.9155504530623));
#6043=CARTESIAN_POINT('',(-19.5791093593561,67.4958405540985,-30.3535533905933));
#6044=CARTESIAN_POINT('',(-23.3706656874803,67.4958405540985,-26.5619970624691));
#6045=CARTESIAN_POINT('',(-20.639769531136,66.9958405540985,-30.));
#6046=CARTESIAN_POINT('Origin',(-20.6397695311359,67.4958405540985,-30.));
#6047=CARTESIAN_POINT('',(-25.099999999991,66.9958405540985,-25.539769531145));
#6048=CARTESIAN_POINT('',(-23.7242190780736,66.9958405540985,-26.9155504530623));
#6049=CARTESIAN_POINT('',(-25.099999999991,67.4958405540985,-24.8326627499584));
#6050=CARTESIAN_POINT('Origin',(-25.099999999991,67.4958405540985,-25.539769531145));
#6051=CARTESIAN_POINT('',(-23.3706656874803,67.4958405540985,-26.5619970624691));
#6052=CARTESIAN_POINT('Origin',(-25.099999999991,69.9958405540985,-24.8326627499584));
#6053=CARTESIAN_POINT('',(-19.5791093593561,68.2171675382875,-30.3535533905933));
#6054=CARTESIAN_POINT('Origin',(-25.3999999999909,76.8905183991851,44.5249999999743));
#6055=CARTESIAN_POINT('',(-25.3999999999909,79.041768399185,46.5249999999743));
#6056=CARTESIAN_POINT('',(-27.3999999999909,79.041768399185,44.5249999999743));
#6057=CARTESIAN_POINT('Origin',(-25.3999999999909,79.041768399185,44.5249999999743));
#6058=CARTESIAN_POINT('',(-27.3999999999909,70.4367683991851,44.5249999999743));
#6059=CARTESIAN_POINT('',(-27.3999999999909,76.8905183991851,44.5249999999743));
#6060=CARTESIAN_POINT('',(-25.3999999999909,70.4367683991851,46.5249999999743));
#6061=CARTESIAN_POINT('Origin',(-25.3999999999909,70.4367683991851,44.5249999999743));
#6062=CARTESIAN_POINT('',(-25.3999999999909,76.8905183991851,46.5249999999743));
#6063=CARTESIAN_POINT('Origin',(-27.3999999999909,74.7392683991851,39.0000000000036));
#6064=CARTESIAN_POINT('',(-27.3999999999909,79.041768399185,34.5));
#6065=CARTESIAN_POINT('',(-27.3999999999909,79.041768399185,29.0000000000036));
#6066=CARTESIAN_POINT('',(-27.3999999999909,76.4937585976216,34.5));
#6067=CARTESIAN_POINT('',(-27.3999999999909,70.4367683991851,49.0000000000036));
#6068=CARTESIAN_POINT('Origin',(-2.9799999999907,73.3612687991701,41.2500002055928));
#6069=CARTESIAN_POINT('',(-3.1299999999907,66.8416880213287,41.1000002055928));
#6070=CARTESIAN_POINT('',(-3.1299999999907,73.3612687991701,41.1000002055928));
#6071=CARTESIAN_POINT('',(-2.8299999999907,66.8521642521763,41.4000002055928));
#6072=CARTESIAN_POINT('',(-10.7063233335212,66.5771169806035,33.5236768720622));
#6073=CARTESIAN_POINT('',(-2.8299999999907,73.3612687991701,41.4000002055928));
#6074=CARTESIAN_POINT('Origin',(-1.99999999999113,82.2907683991554,0.));
#6075=CARTESIAN_POINT('',(-2.8299999999907,82.2907683991554,-41.4000002055929));
#6076=CARTESIAN_POINT('',(-1.99999999999113,82.2907683991554,-41.4000002055929));
#6077=CARTESIAN_POINT('',(-3.1299999999907,82.2907683991554,-41.1000002055929));
#6078=CARTESIAN_POINT('',(-13.0475000513891,82.2907683991554,-31.1825001541945));
#6079=CARTESIAN_POINT('',(-3.1299999999907,82.2907683991554,-32.4999999999733));
#6080=CARTESIAN_POINT('',(-3.1299999999907,82.2907683991554,-16.2499999999867));
#6081=CARTESIAN_POINT('',(-3.3149999999909,82.2907683991554,-32.4999999999733));
#6082=CARTESIAN_POINT('Origin',(-1.99999999999113,64.4317691991849,41.4000002055927));
#6083=CARTESIAN_POINT('',(-14.718666170694,66.4370028812647,41.4000002055928));
#6084=CARTESIAN_POINT('Origin',(-16.6249999999909,67.9958405540985,30.5));
#6085=CARTESIAN_POINT('',(-29.3999999999909,67.9958405540985,28.5));
#6086=CARTESIAN_POINT('',(-29.3999999999909,69.9958405540993,30.5));
#6087=CARTESIAN_POINT('Origin',(-29.3999999999909,67.9958405540985,30.5));
#6088=CARTESIAN_POINT('',(-22.5821691153701,69.9958405540985,30.5));
#6089=CARTESIAN_POINT('',(-16.6249999999909,69.9958405540985,30.5));
#6090=CARTESIAN_POINT('',(-24.9634253855535,68.6455901432963,28.608485931499));
#6091=CARTESIAN_POINT('Origin',(-22.5821691153701,67.9958405540985,30.5));
#6092=CARTESIAN_POINT('',(-25.2744185272235,67.9958405540985,28.5));
#6093=CARTESIAN_POINT('Ctrl Pts',(-24.9634253855535,68.6455901432963,28.608485931499));
#6094=CARTESIAN_POINT('Ctrl Pts',(-25.0566795485575,68.4299472104188,28.5344109302162));
#6095=CARTESIAN_POINT('Ctrl Pts',(-25.1696643394791,68.2053489295873,28.5));
#6096=CARTESIAN_POINT('Ctrl Pts',(-25.2744185272235,67.9958405540985,28.5));
#6097=CARTESIAN_POINT('',(-16.6249999999909,67.9958405540985,28.5));
#6098=CARTESIAN_POINT('Origin',(-27.249999999991,67.9958405540993,28.5));
#6099=CARTESIAN_POINT('',(-25.2744185272235,65.9958405540993,28.5));
#6100=CARTESIAN_POINT('',(-25.2744185272235,68.9958405540989,28.5));
#6101=CARTESIAN_POINT('',(-29.3999999999909,65.9958405540993,28.5));
#6102=CARTESIAN_POINT('',(-25.099999999991,65.9958405540993,28.5));
#6103=CARTESIAN_POINT('',(-29.3999999999909,65.9958405540993,28.5));
#6104=CARTESIAN_POINT('Origin',(-25.2744185272235,68.9958405540989,29.));
#6105=CARTESIAN_POINT('',(-24.9634253855535,67.4958405540985,28.608485931499));
#6106=CARTESIAN_POINT('',(-24.9634253855535,68.9958405540989,28.608485931499));
#6107=CARTESIAN_POINT('',(-25.0999999999911,67.4958405540985,28.5314083042156));
#6108=CARTESIAN_POINT('Origin',(-25.2744185272235,67.4958405540985,29.));
#6109=CARTESIAN_POINT('',(-25.0999999999911,65.9958405540985,28.5314083042156));
#6110=CARTESIAN_POINT('',(-25.0999999999911,68.9958405540989,28.5314083042156));
#6111=CARTESIAN_POINT('Origin',(-25.2744185272235,65.9958405540985,29.));
#6112=CARTESIAN_POINT('Origin',(-19.4348805095928,69.9958405540985,33.000000000001));
#6113=CARTESIAN_POINT('',(-23.3522363396797,69.9958405540985,29.8883090170883));
#6114=CARTESIAN_POINT('',(-19.4348805095928,67.4958405540985,33.000000000001));
#6115=CARTESIAN_POINT('',(-19.4348805095928,69.9958405540985,33.000000000001));
#6116=CARTESIAN_POINT('',(-21.2973487830635,67.4958405540985,31.5205771484927));
#6117=CARTESIAN_POINT('Origin',(-25.2744185272235,67.4958405540985,29.));
#6118=CARTESIAN_POINT('',(-24.6524322438835,66.9958405540985,28.216971862998));
#6119=CARTESIAN_POINT('Origin',(-24.6524322438835,67.4958405540985,28.216971862998));
#6120=CARTESIAN_POINT('',(-25.0999999999911,66.9958405540985,28.0153283911079));
#6121=CARTESIAN_POINT('Origin',(-25.2744185272235,66.9958405540985,29.));
#6122=CARTESIAN_POINT('Ctrl Pts',(-25.0999999999911,66.9958405540985,28.0153283911079));
#6123=CARTESIAN_POINT('Ctrl Pts',(-25.0999999999911,66.9958405540985,28.0785809170315));
#6124=CARTESIAN_POINT('Ctrl Pts',(-25.0999999999911,67.0105399415863,28.1530470042049));
#6125=CARTESIAN_POINT('Ctrl Pts',(-25.0999999999911,67.0583870830536,28.2704758736029));
#6126=CARTESIAN_POINT('Ctrl Pts',(-25.0999999999911,67.1001339944078,28.3342942767009));
#6127=CARTESIAN_POINT('Ctrl Pts',(-25.0999999999911,67.1882636593223,28.4247118838323));
#6128=CARTESIAN_POINT('Ctrl Pts',(-25.0999999999911,67.2500759910278,28.4676364505119));
#6129=CARTESIAN_POINT('Ctrl Pts',(-25.0999999999911,67.3635890460308,28.5163830282647));
#6130=CARTESIAN_POINT('Ctrl Pts',(-25.0999999999911,67.4350156645534,28.5314083042156));
#6131=CARTESIAN_POINT('Ctrl Pts',(-25.0999999999911,67.4958405540985,28.5314083042156));
#6132=CARTESIAN_POINT('Origin',(-20.9863556413935,67.4958405540985,31.1290630799917));
#6133=CARTESIAN_POINT('',(-19.3370113498825,67.2567428349447,33.000000000001));
#6134=CARTESIAN_POINT('Origin',(-18.6310042612051,67.4958405540985,33.000000000001));
#6135=CARTESIAN_POINT('',(-19.3279004414732,66.9958405540985,32.4464313036085));
#6136=CARTESIAN_POINT('Origin',(-19.3453608262191,67.4958405540985,32.4325619171835));
#6137=CARTESIAN_POINT('',(-20.9863556413935,66.9958405540985,31.1290630799917));
#6138=CARTESIAN_POINT('Origin',(-12.273433511336,65.5582972016436,33.000000000001));
#6139=CARTESIAN_POINT('',(-19.3027952372349,66.2769215668115,33.000000000001));
#6140=CARTESIAN_POINT('',(-19.2691693004697,65.3140007247261,33.000000000001));
#6141=CARTESIAN_POINT('',(-12.3070594481013,66.5212180437291,33.000000000001));
#6142=CARTESIAN_POINT('',(-12.273433511336,65.5582972016436,33.000000000001));
#6143=CARTESIAN_POINT('',(-19.8294808791869,66.2585292989143,33.000000000001));
#6144=CARTESIAN_POINT('Origin',(-23.7242190780736,67.4958405540985,26.9155504530623));
#6145=CARTESIAN_POINT('',(-20.139769531136,66.9958405540985,30.5));
#6146=CARTESIAN_POINT('',(-19.4326627499484,67.4958405540985,30.500000000001));
#6147=CARTESIAN_POINT('Origin',(-20.139769531136,67.4958405540985,30.5));
#6148=CARTESIAN_POINT('',(-25.0999999999911,67.4958405540985,24.8326627499583));
#6149=CARTESIAN_POINT('',(-23.3706656874803,67.4958405540985,26.5619970624691));
#6150=CARTESIAN_POINT('',(-25.0999999999911,66.9958405540985,25.5397695311449));
#6151=CARTESIAN_POINT('Origin',(-25.0999999999911,67.4958405540985,25.5397695311449));
#6152=CARTESIAN_POINT('',(-23.7242190780736,66.9958405540985,26.9155504530623));
#6153=CARTESIAN_POINT('Origin',(-25.099999999991,69.9958405540985,24.8326627499584));
#6154=CARTESIAN_POINT('',(-19.4326627499484,67.6549206394124,30.500000000001));
#6155=CARTESIAN_POINT('',(-25.0999999999911,69.9958405540985,24.8326627499583));
#6156=CARTESIAN_POINT('Origin',(-5.99999999999083,69.9958405540985,0.));
#6157=CARTESIAN_POINT('',(-29.3999999999909,69.9958405540993,34.5));
#6158=CARTESIAN_POINT('Origin',(-6.11463274136392,65.9958405540985,0.));
#6159=CARTESIAN_POINT('',(-25.0999999999911,65.9958405540985,19.2));
#6160=CARTESIAN_POINT('',(-25.0999999999911,65.9958405540985,19.2));
#6161=CARTESIAN_POINT('',(-6.11463274136392,65.9958405540985,19.2));
#6162=CARTESIAN_POINT('',(-25.0999999999911,65.9958405540985,19.2));
#6163=CARTESIAN_POINT('',(-6.11463274136392,65.9958405540985,-19.2));
#6164=CARTESIAN_POINT('',(-6.11463274136392,65.9958405540985,0.));
#6165=CARTESIAN_POINT('',(-25.099999999991,65.9958405540993,-19.2));
#6166=CARTESIAN_POINT('',(-1.99999999999113,65.9958405540985,-19.2));
#6167=CARTESIAN_POINT('',(-25.099999999991,65.9958405540985,-28.5314083042157));
#6168=CARTESIAN_POINT('',(-25.099999999991,65.9958405540985,-9.6));
#6169=CARTESIAN_POINT('',(-25.2744185272235,65.9958405540993,-28.5));
#6170=CARTESIAN_POINT('Origin',(-25.2744185272235,65.9958405540985,-29.));
#6171=CARTESIAN_POINT('',(-29.3999999999909,65.9958405540993,-28.5));
#6172=CARTESIAN_POINT('',(-25.099999999991,65.9958405540993,-28.5));
#6173=CARTESIAN_POINT('',(-29.3999999999909,65.9958405540995,-50.));
#6174=CARTESIAN_POINT('',(-29.3999999999909,65.9958405540995,-34.5));
#6175=CARTESIAN_POINT('',(-27.3519023102725,65.9958405540995,-50.));
#6176=CARTESIAN_POINT('',(-1.99999999999113,65.9958405540985,-50.));
#6177=CARTESIAN_POINT('',(-27.3519023102725,65.9958405540995,-30.5));
#6178=CARTESIAN_POINT('',(-27.3519023102999,65.9958405540985,-17.25));
#6179=CARTESIAN_POINT('',(-10.3952919482479,65.9958405540985,-30.5));
#6180=CARTESIAN_POINT('',(-27.3519023102725,65.9958405540995,30.5));
#6181=CARTESIAN_POINT('',(-10.3952919482479,65.9958405540985,30.5));
#6182=CARTESIAN_POINT('',(-27.3519023102725,65.9958405540995,50.));
#6183=CARTESIAN_POINT('',(-27.3519023102999,65.9958405540985,17.25));
#6184=CARTESIAN_POINT('',(-29.3999999999909,65.9958405540995,50.));
#6185=CARTESIAN_POINT('',(-1.99999999999113,65.9958405540985,50.));
#6186=CARTESIAN_POINT('',(-29.3999999999909,65.9958405540995,34.5));
#6187=CARTESIAN_POINT('Origin',(-22.2663313749697,66.9958405540985,28.9163313749797));
#6188=CARTESIAN_POINT('',(-19.3279004414732,66.9958405540985,30.500000000001));
#6189=CARTESIAN_POINT('',(-19.3279004414732,66.9958405540985,30.9581656874904));
#6190=CARTESIAN_POINT('',(-19.4326627499485,66.9958405540985,30.5000000000009));
#6191=CARTESIAN_POINT('',(-25.0999999999911,66.9958405540985,24.0581656874899));
#6192=CARTESIAN_POINT('Origin',(-19.2691693004697,65.3140007247261,33.000000000001));
#6193=CARTESIAN_POINT('',(-19.3027952372349,66.2769215668115,30.500000000001));
#6194=CARTESIAN_POINT('',(-19.3027952372349,66.2769215668115,33.7500000000005));
#6195=CARTESIAN_POINT('',(-19.2691693004697,65.3140007247261,30.500000000001));
#6196=CARTESIAN_POINT('Origin',(-12.273433511336,65.5582972016436,30.500000000001));
#6197=CARTESIAN_POINT('',(-12.3070594481013,66.5212180437291,30.500000000001));
#6198=CARTESIAN_POINT('',(-12.273433511336,65.5582972016436,30.500000000001));
#6199=CARTESIAN_POINT('',(-12.3070594481013,66.5212180437291,32.5000000000005));
#6200=CARTESIAN_POINT('Origin',(-16.5043106088144,88.0894367506105,46.3697598751161));
#6201=CARTESIAN_POINT('',(-18.7286336677982,87.7504870061457,46.3697598751161));
#6202=CARTESIAN_POINT('Origin',(-16.5043106088144,88.0894367506105,46.3697598751161));
#6203=CARTESIAN_POINT('',(-18.4814866612444,87.788148088864,46.3697598751161));
#6204=CARTESIAN_POINT('Origin',(-16.5043106088144,88.0894367506105,46.3697598751161));
#6205=CARTESIAN_POINT('Origin',(-16.5419716915327,88.3365837571642,46.3697598751161));
#6206=CARTESIAN_POINT('',(-18.8039558332348,88.2447810192532,46.3697598751161));
#6207=CARTESIAN_POINT('Origin',(-16.579632774251,88.583730763718,46.3697598751161));
#6208=CARTESIAN_POINT('',(-18.7662947505165,87.9976340126994,46.3697598751161));
#6209=CARTESIAN_POINT('Origin',(-16.2783441125045,86.6065547112879,46.3697598751161));
#6210=CARTESIAN_POINT('',(-17.9542315031881,84.3280899971113,46.3697598751161));
#6211=CARTESIAN_POINT('',(-18.2555201649346,86.3052660495414,46.3697598751161));
#6212=CARTESIAN_POINT('Origin',(-15.977055450758,84.6293786588578,46.3697598751161));
#6213=CARTESIAN_POINT('Origin',(-15.977055450758,84.6293786588578,46.3697598751161));
#6214=CARTESIAN_POINT('Origin',(-26.3589137559092,86.5877595526787,46.3697598751161));
#6215=CARTESIAN_POINT('',(-28.583236814893,86.2488098082139,46.3697598751161));
#6216=CARTESIAN_POINT('Origin',(-26.3589137559092,86.5877595526787,46.3697598751161));
#6217=CARTESIAN_POINT('',(-28.3360898083392,86.2864708909322,46.3697598751161));
#6218=CARTESIAN_POINT('Origin',(-26.3589137559092,86.5877595526787,46.3697598751161));
#6219=CARTESIAN_POINT('Origin',(-26.3965748386275,86.8349065592325,46.3697598751161));
#6220=CARTESIAN_POINT('',(-28.6585589803296,86.7431038213215,46.3697598751161));
#6221=CARTESIAN_POINT('Origin',(-26.4342359213458,87.0820535657863,46.3697598751161));
#6222=CARTESIAN_POINT('',(-28.6208978976113,86.4959568147677,46.3697598751161));
#6223=CARTESIAN_POINT('Origin',(-26.1329472595993,85.1048775133562,46.3697598751161));
#6224=CARTESIAN_POINT('',(-27.8088346502829,82.8264127991796,46.3697598751161));
#6225=CARTESIAN_POINT('',(-28.1101233120294,84.8035888516097,46.3697598751161));
#6226=CARTESIAN_POINT('Origin',(-25.8316585978528,83.1277014609261,46.3697598751161));
#6227=CARTESIAN_POINT('Origin',(-25.8316585978528,83.1277014609261,46.3697598751161));
#6228=CARTESIAN_POINT('Origin',(-6.33347202293062,72.2331728068858,33.9508964463602));
#6229=CARTESIAN_POINT('',(-5.08423348915674,72.2767971777639,33.9508964463602));
#6230=CARTESIAN_POINT('Origin',(-6.33347202293062,72.2331728068858,33.9508964463602));
#6231=CARTESIAN_POINT('',(-7.45572397280133,72.1939829052327,34.5));
#6232=CARTESIAN_POINT('Origin',(-6.33347202293062,72.2331728068858,33.9508964463602));
#6233=CARTESIAN_POINT('',(-10.9061342910359,72.0734919218577,34.5));
#6234=CARTESIAN_POINT('Origin',(-6.15897453941812,67.2362186717903,33.9508964463603));
#6235=CARTESIAN_POINT('',(-4.65988829888948,67.2885679168441,33.9508964463603));
#6236=CARTESIAN_POINT('Origin',(-6.15897453941812,67.2362186717903,33.9508964463603));
#6237=CARTESIAN_POINT('',(-4.90973600564425,67.2798430426684,33.9508964463603));
#6238=CARTESIAN_POINT('Origin',(-6.15897453941812,67.2362186717903,33.9508964463603));
#6239=CARTESIAN_POINT('Origin',(-6.1502496652425,66.9863709650355,33.9508964463603));
#6240=CARTESIAN_POINT('',(-4.64243855053822,66.7888725033343,33.9508964463603));
#6241=CARTESIAN_POINT('Origin',(-6.14152479106686,66.7365232582806,33.9508964463603));
#6242=CARTESIAN_POINT('',(-4.65116342471385,67.0387202100893,33.9508964463603));
#6243=CARTESIAN_POINT('Origin',(-6.23749840699874,69.4848480325833,33.9508964463603));
#6244=CARTESIAN_POINT('',(-4.98825987322487,69.5284724034614,33.9508964463603));
#6245=CARTESIAN_POINT('',(-7.35975035686947,69.4456581309302,34.5));
#6246=CARTESIAN_POINT('Origin',(-15.9276239623131,71.898137638542,46.5000000000015));
#6247=CARTESIAN_POINT('',(-17.176612623391,71.8545219934106,46.5249999999743));
#6248=CARTESIAN_POINT('',(-14.6786353012352,71.9417532836733,46.5249999999743));
#6249=CARTESIAN_POINT('',(-22.5310288505267,71.66754165858,46.5249999999743));
#6250=CARTESIAN_POINT('',(-14.6783854285392,71.9417620094201,46.5000000000015));
#6251=CARTESIAN_POINT('Origin',(-15.9276239623131,71.898137638542,46.5000000000015));
#6252=CARTESIAN_POINT('Origin',(-15.9276239623131,71.898137638542,46.5000000000015));
#6253=CARTESIAN_POINT('Origin',(-15.7531264788006,66.9011835034465,46.5000000000015));
#6254=CARTESIAN_POINT('',(-14.2540402382719,66.9535327485002,46.5000000000015));
#6255=CARTESIAN_POINT('Origin',(-15.7531264788006,66.9011835034465,46.5000000000015));
#6256=CARTESIAN_POINT('',(-14.5038879450267,66.9448078743246,46.5000000000015));
#6257=CARTESIAN_POINT('Origin',(-15.7531264788006,66.9011835034465,46.5000000000015));
#6258=CARTESIAN_POINT('Origin',(-15.7444016046249,66.6513357966917,46.5000000000015));
#6259=CARTESIAN_POINT('',(-14.2365904899207,66.4538373349905,46.5000000000015));
#6260=CARTESIAN_POINT('Origin',(-15.7356767304493,66.4014880899367,46.5000000000015));
#6261=CARTESIAN_POINT('',(-14.2453153640963,66.7036850417454,46.5000000000015));
#6262=CARTESIAN_POINT('Origin',(-15.8316503463812,69.1498128642394,46.5000000000015));
#6263=CARTESIAN_POINT('',(-14.5824118126073,69.1934372351176,46.5000000000015));
#6264=CARTESIAN_POINT('',(-17.1271035769309,70.4367683991851,46.5249999999743));
#6265=CARTESIAN_POINT('',(-17.0806390074591,69.1061972191081,46.5249999999743));
#6266=CARTESIAN_POINT('',(-14.6260800709954,70.4367683991851,46.5249999999743));
#6267=CARTESIAN_POINT('Origin',(-15.8765918239632,70.4367683991851,46.5000000000015));
#6268=CARTESIAN_POINT('',(-14.5826616853033,69.1934285093707,46.5249999999743));
#6269=CARTESIAN_POINT('Origin',(-25.5217759016955,71.5631024701979,33.9508964463602));
#6270=CARTESIAN_POINT('Origin',(-25.5217759016955,71.5631024701979,33.9508964463602));
#6271=CARTESIAN_POINT('Origin',(-25.3472784181831,66.5661483351024,33.9508964463603));
#6272=CARTESIAN_POINT('',(-23.8481921776544,66.6184975801561,33.9508964463603));
#6273=CARTESIAN_POINT('Origin',(-25.3472784181831,66.5661483351024,33.9508964463603));
#6274=CARTESIAN_POINT('',(-24.0980398844092,66.6097727059805,33.9508964463603));
#6275=CARTESIAN_POINT('Origin',(-25.3472784181831,66.5661483351024,33.9508964463603));
#6276=CARTESIAN_POINT('Origin',(-25.3385535440074,66.3163006283476,33.9508964463603));
#6277=CARTESIAN_POINT('',(-23.8307424293031,66.1188021666464,33.9508964463603));
#6278=CARTESIAN_POINT('Origin',(-25.3298286698318,66.0664529215926,33.9508964463603));
#6279=CARTESIAN_POINT('',(-23.8394673034788,66.3686498734014,33.9508964463603));
#6280=CARTESIAN_POINT('Origin',(-25.4258022857637,68.8147776958954,33.9508964463603));
#6281=CARTESIAN_POINT('',(-24.1765637519898,68.8584020667735,33.9508964463603));
#6282=CARTESIAN_POINT('Origin',(-1.99999999999113,82.8317683991846,45.9000002055931));
#6283=CARTESIAN_POINT('',(-1.99999999999113,82.2907683991554,45.9000002055931));
#6284=CARTESIAN_POINT('',(-3.1299999999907,82.2907683991554,45.9000002055931));
#6285=CARTESIAN_POINT('',(-1.99999999999113,82.2907683991554,45.9000002055931));
#6286=CARTESIAN_POINT('',(-1.99999999999113,66.8811484908544,45.9000002055931));
#6287=CARTESIAN_POINT('',(-1.99999999999113,74.4138044766416,45.9000002055931));
#6288=CARTESIAN_POINT('',(-3.1299999999907,66.8416880213287,45.9000002055931));
#6289=CARTESIAN_POINT('',(-14.3977864054222,66.4482082495823,45.9000002055931));
#6290=CARTESIAN_POINT('',(-3.1299999999907,82.56126839917,45.9000002055931));
#6291=CARTESIAN_POINT('Origin',(-29.2647499999909,81.5417683991852,46.75));
#6292=CARTESIAN_POINT('',(-29.3999999999909,81.5417683991852,48.25));
#6293=CARTESIAN_POINT('Origin',(-29.3999999999909,81.5417683991852,46.75));
#6294=CARTESIAN_POINT('',(-29.1294999999909,81.5417683991852,47.9795));
#6295=CARTESIAN_POINT('',(-29.2647499999909,81.5417683991852,48.11475));
#6296=CARTESIAN_POINT('Origin',(-29.1294999999909,81.5417683991852,46.75));
#6297=CARTESIAN_POINT('Origin',(-24.3999999999909,81.5417683991852,46.75));
#6298=CARTESIAN_POINT('',(-19.3999999999909,81.5417683991852,47.9795));
#6299=CARTESIAN_POINT('',(-24.3999999999909,81.5417683991852,47.9795));
#6300=CARTESIAN_POINT('Origin',(-19.3999999999909,81.5417683991852,46.75));
#6301=CARTESIAN_POINT('Origin',(-19.3999999999909,81.5417683991852,46.75));
#6302=CARTESIAN_POINT('Origin',(-25.0999999999911,69.9958405540985,19.2));
#6303=CARTESIAN_POINT('',(-25.0999999999911,69.9958405540985,19.2));
#6304=CARTESIAN_POINT('Origin',(-3.1299999999907,82.2907683991554,32.4999999999733));
#6305=CARTESIAN_POINT('',(-3.1299999999907,66.8416880213287,32.4999999999733));
#6306=CARTESIAN_POINT('',(-3.1299999999907,82.2907683991554,32.4999999999733));
#6307=CARTESIAN_POINT('',(-3.1299999999907,66.8416880213287,33.4999999999867));
#6308=CARTESIAN_POINT('Origin',(-3.1299999999907,82.2907683991554,32.4999999999733));
#6309=CARTESIAN_POINT('',(-3.1299999999907,66.8416880213287,49.0000000000036));
#6310=CARTESIAN_POINT('',(-3.1299999999907,66.8416880213287,33.4999999999867));
#6311=CARTESIAN_POINT('',(-3.1299999999907,82.2907683991554,49.0000000000036));
#6312=CARTESIAN_POINT('',(-3.1299999999907,82.2907683991554,49.0000000000036));
#6313=CARTESIAN_POINT('',(-3.1299999999907,82.2907683991554,16.2499999999867));
#6314=CARTESIAN_POINT('Origin',(-15.699999999991,78.2482487960581,34.5));
#6315=CARTESIAN_POINT('',(-29.3999999999909,79.041768399185,34.5));
#6316=CARTESIAN_POINT('',(-22.549999999991,79.041768399185,34.5));
#6317=CARTESIAN_POINT('',(-29.3999999999909,86.6301205731667,34.5));
#6318=CARTESIAN_POINT('',(-29.3999999999909,53.0630500077657,34.5));
#6319=CARTESIAN_POINT('',(-29.3999999999909,86.6301205731667,34.5));
#6320=CARTESIAN_POINT('Origin',(-29.3999999999909,79.041768399185,46.5249999999743));
#6321=CARTESIAN_POINT('',(-29.3999999999909,70.4367683991851,46.5249999999743));
#6322=CARTESIAN_POINT('',(-6.62999999999057,70.4367683991851,46.5249999999743));
#6323=CARTESIAN_POINT('',(-29.3999999999909,70.4367683991851,46.5249999999743));
#6324=CARTESIAN_POINT('',(-6.62999999999058,79.041768399185,46.5249999999743));
#6325=CARTESIAN_POINT('',(-6.62999999999058,80.6662683991702,46.5249999999743));
#6326=CARTESIAN_POINT('',(-29.3999999999909,79.041768399185,46.5249999999743));
#6327=CARTESIAN_POINT('Origin',(-3.1299999999907,82.2907683991554,49.0000000000036));
#6328=CARTESIAN_POINT('',(-29.3999999999909,79.041768399185,49.0000000000036));
#6329=CARTESIAN_POINT('',(-6.62999999999055,79.041768399185,49.0000000000036));
#6330=CARTESIAN_POINT('',(-29.3999999999909,79.041768399185,49.0000000000036));
#6331=CARTESIAN_POINT('',(-4.62999999999055,81.041768399185,49.0000000000036));
#6332=CARTESIAN_POINT('Origin',(-6.62999999999055,81.041768399185,49.0000000000036));
#6333=CARTESIAN_POINT('',(-4.62999999999055,90.4046555430233,49.0000000000036));
#6334=CARTESIAN_POINT('',(-4.62999999999055,82.2907683991554,49.0000000000036));
#6335=CARTESIAN_POINT('',(-3.99999999999102,90.5006570380176,49.0000000000036));
#6336=CARTESIAN_POINT('',(-4.18620134448088,90.4722830579526,49.0000000000036));
#6337=CARTESIAN_POINT('',(-3.99999999999099,82.2907683991554,49.0000000000036));
#6338=CARTESIAN_POINT('',(-3.99999999999099,82.2907683991554,49.0000000000036));
#6339=CARTESIAN_POINT('',(-2.56499999999091,82.2907683991554,49.0000000000036));
#6340=CARTESIAN_POINT('',(-4.62999999999055,66.7893068670911,49.0000000000036));
#6341=CARTESIAN_POINT('',(-14.9715328126948,66.4281725835472,49.0000000000036));
#6342=CARTESIAN_POINT('',(-4.62999999999055,68.4367683991851,49.0000000000036));
#6343=CARTESIAN_POINT('',(-4.62999999999055,82.2907683991554,49.0000000000036));
#6344=CARTESIAN_POINT('',(-6.62999999999055,70.4367683991851,49.0000000000036));
#6345=CARTESIAN_POINT('Origin',(-6.62999999999055,68.4367683991851,49.0000000000036));
#6346=CARTESIAN_POINT('',(-29.3999999999909,70.4367683991851,49.0000000000036));
#6347=CARTESIAN_POINT('',(-29.3999999999909,70.4367683991851,49.0000000000036));
#6348=CARTESIAN_POINT('',(-29.3999999999909,74.1433044766275,49.0000000000036));
#6349=CARTESIAN_POINT('Origin',(-21.0519671548885,66.3659305691185,40.5000000000013));
#6350=CARTESIAN_POINT('',(-16.3150926051888,66.6814373050248,42.7466586300576));
#6351=CARTESIAN_POINT('',(-15.974882860896,66.3931348277944,42.7466586300576));
#6352=CARTESIAN_POINT('Ctrl Pts',(-16.3150926051888,66.6814373050248,42.7466586300576));
#6353=CARTESIAN_POINT('Ctrl Pts',(-16.1497433424075,66.5421629294674,42.7466586300576));
#6354=CARTESIAN_POINT('Ctrl Pts',(-15.974882860896,66.3931348277944,42.7466586300576));
#6355=CARTESIAN_POINT('',(-15.974882860896,66.3931348277944,38.2533413699451));
#6356=CARTESIAN_POINT('Origin',(-21.0467322303832,66.2160219450656,40.5000000000013));
#6357=CARTESIAN_POINT('',(-16.3150926051888,66.6814373050248,38.2533413699451));
#6358=CARTESIAN_POINT('Ctrl Pts',(-15.974882860896,66.3931348277944,38.2533413699451));
#6359=CARTESIAN_POINT('Ctrl Pts',(-16.1497433424078,66.5421629294676,38.2533413699451));
#6360=CARTESIAN_POINT('Ctrl Pts',(-16.3150926051888,66.6814373050248,38.2533413699451));
#6361=CARTESIAN_POINT('Origin',(-21.0572020793939,66.5158391931714,40.5000000000013));
#6362=CARTESIAN_POINT('Origin',(-27.3519023102725,65.9958405540995,34.5));
#6363=CARTESIAN_POINT('',(-4.62999999999067,66.7893068670911,32.4999999999733));
#6364=CARTESIAN_POINT('',(-15.7206193315422,66.4020139058931,32.4999999999733));
#6365=CARTESIAN_POINT('',(-4.6299999999906,66.7893068670911,41.7500000000017));
#6366=CARTESIAN_POINT('',(-1.99999999999113,66.8811484908544,50.));
#6367=CARTESIAN_POINT('',(-1.99999999999113,66.8811484908544,17.25));
#6368=CARTESIAN_POINT('',(-21.3193758187749,66.206501021162,50.));
#6369=CARTESIAN_POINT('',(-28.0531686734586,65.9713517930783,30.5));
#6370=CARTESIAN_POINT('',(-28.0531686734586,65.9713517930783,30.5));
#6371=CARTESIAN_POINT('',(-15.6349718244409,66.4050047827462,42.7466586300576));
#6372=CARTESIAN_POINT('',(-21.3285671197157,66.2061800538605,42.7466586300576));
#6373=CARTESIAN_POINT('',(-15.6349718244409,66.4050047827462,38.2533413699451));
#6374=CARTESIAN_POINT('Origin',(-10.5631224549538,66.582117665475,40.5000000000013));
#6375=CARTESIAN_POINT('',(-21.8282625332252,66.1887303055093,38.2533413699451));
#6376=CARTESIAN_POINT('Origin',(-15.2716059923937,65.4535987115362,42.7466586300576));
#6377=CARTESIAN_POINT('',(-16.358245561169,67.9171762823814,42.7466586300576));
#6378=CARTESIAN_POINT('',(-16.2709968194128,65.4186992148337,42.7466586300576));
#6379=CARTESIAN_POINT('',(-17.203688677244,67.8876527582066,42.7466586300576));
#6380=CARTESIAN_POINT('',(-15.1859808828672,67.9581126669957,42.7466586300575));
#6381=CARTESIAN_POINT('',(-17.9192829088181,88.3795904213564,42.7466586300573));
#6382=CARTESIAN_POINT('',(-17.1164399354878,65.3891756906588,42.7466586300576));
#6383=CARTESIAN_POINT('',(-15.2399826396839,88.7878711060796,42.7466586300573));
#6384=CARTESIAN_POINT('',(-11.3729745488374,89.3771386582645,42.7466586300573));
#6385=CARTESIAN_POINT('',(-14.5134116180749,67.9815993032587,42.7466586300576));
#6386=CARTESIAN_POINT('',(-14.4261628763187,65.483122235711,42.7466586300576));
#6387=CARTESIAN_POINT('',(-15.3588547341499,67.9520757790839,42.7466586300576));
#6388=CARTESIAN_POINT('',(-15.1859808828672,67.9581126669957,42.7466586300575));
#6389=CARTESIAN_POINT('',(-15.3157017781697,66.7163368017269,42.7466586300576));
#6390=CARTESIAN_POINT('',(-15.2716059923937,65.4535987115362,42.7466586300576));
#6391=CARTESIAN_POINT('Ctrl Pts',(-15.6349718244409,66.4050047827462,42.7466586300576));
#6392=CARTESIAN_POINT('Ctrl Pts',(-15.4709329691351,66.5658675100411,42.7466586300576));
#6393=CARTESIAN_POINT('Ctrl Pts',(-15.3157017781697,66.7163368017269,42.7466586300576));
#6394=CARTESIAN_POINT('Origin',(-10.5683573794592,66.7320262895276,40.5000000000013));
#6395=CARTESIAN_POINT('',(-15.3157017781697,66.7163368017269,38.2533413699451));
#6396=CARTESIAN_POINT('Ctrl Pts',(-15.3157017781697,66.7163368017269,38.2533413699451));
#6397=CARTESIAN_POINT('Ctrl Pts',(-15.4709329691355,66.5658675100409,38.2533413699451));
#6398=CARTESIAN_POINT('Ctrl Pts',(-15.6349718244409,66.4050047827462,38.2533413699451));
#6399=CARTESIAN_POINT('Origin',(-10.5735923039645,66.8819349135803,40.5000000000013));
#6400=CARTESIAN_POINT('Origin',(-16.2709968194128,65.4186992148336,38.2533413699451));
#6401=CARTESIAN_POINT('',(-15.3588547341499,67.9520757790839,38.2533413699451));
#6402=CARTESIAN_POINT('',(-15.2716059923937,65.4535987115361,38.2533413699451));
#6403=CARTESIAN_POINT('',(-14.5134116180749,67.9815993032587,38.2533413699451));
#6404=CARTESIAN_POINT('',(-16.5311194124517,67.9111393944696,38.2533413699451));
#6405=CARTESIAN_POINT('',(-15.2399826396839,88.7878711060796,38.2533413699448));
#6406=CARTESIAN_POINT('',(-14.4261628763187,65.483122235711,38.2533413699451));
#6407=CARTESIAN_POINT('',(-17.9192829088181,88.3795904213564,38.2533413699448));
#6408=CARTESIAN_POINT('',(-11.8639287242778,89.3023254283978,38.2533413699448));
#6409=CARTESIAN_POINT('',(-17.203688677244,67.8876527582065,38.2533413699451));
#6410=CARTESIAN_POINT('',(-17.1164399354878,65.3891756906588,38.2533413699451));
#6411=CARTESIAN_POINT('',(-16.358245561169,67.9171762823814,38.2533413699451));
#6412=CARTESIAN_POINT('',(-16.5311194124517,67.9111393944696,38.2533413699451));
#6413=CARTESIAN_POINT('',(-16.2709968194128,65.4186992148336,38.2533413699451));
#6414=CARTESIAN_POINT('Origin',(-10.5294965181885,65.6191968233895,40.5000000000013));
#6415=CARTESIAN_POINT('Origin',(-10.6167452599448,68.1176738909372,40.5000000000013));
#6416=CARTESIAN_POINT('Origin',(-6.62999999999056,68.4367683991851,47.7624999999889));
#6417=CARTESIAN_POINT('',(-6.62999999999056,70.4367683991851,47.7624999999889));
#6418=CARTESIAN_POINT('',(-4.62999999999058,68.4367683991851,44.5249999999743));
#6419=CARTESIAN_POINT('',(-4.62999999999056,68.4367683991851,47.7624999999888));
#6420=CARTESIAN_POINT('Origin',(-6.62999999999058,68.4367683991851,44.5249999999743));
#6421=CARTESIAN_POINT('Origin',(-6.62999999999058,80.6662683991702,44.5249999999743));
#6422=CARTESIAN_POINT('',(-4.62999999999058,81.041768399185,44.5249999999743));
#6423=CARTESIAN_POINT('',(-4.62999999999058,80.6662683991702,44.5249999999743));
#6424=CARTESIAN_POINT('Origin',(-6.62999999999058,81.041768399185,44.5249999999743));
#6425=CARTESIAN_POINT('Origin',(-6.62999999999055,81.041768399185,49.0000000000035));
#6426=CARTESIAN_POINT('',(-4.62999999999055,81.041768399185,49.0000000000035));
#6427=CARTESIAN_POINT('',(-6.62999999999055,79.041768399185,49.0000000000035));
#6428=CARTESIAN_POINT('Origin',(-29.3999999999909,70.4367683991851,46.5249999999743));
#6429=CARTESIAN_POINT('',(-29.3999999999909,70.4367683991851,40.5124999999872));
#6430=CARTESIAN_POINT('Origin',(-29.3999999999909,79.041768399185,49.0000000000036));
#6431=CARTESIAN_POINT('',(-29.3999999999909,79.041768399185,41.7500000000018));
#6432=CARTESIAN_POINT('Origin',(-4.62999999999055,82.2907683991554,49.0000000000036));
#6433=CARTESIAN_POINT('',(-4.62999999999067,90.4046555430233,32.4999999999733));
#6434=CARTESIAN_POINT('',(-4.62999999999067,82.2907683991554,32.4999999999733));
#6435=CARTESIAN_POINT('',(-4.62999999999072,90.4046555430233,24.5000000000018));
#6436=CARTESIAN_POINT('Origin',(-4.62999999999067,82.2907683991554,32.4999999999733));
#6437=CARTESIAN_POINT('',(-4.91918105866267,90.3605891716637,32.4999999999733));
#6438=CARTESIAN_POINT('Origin',(-21.0131062936179,65.2531011029803,40.5000000000013));
#6439=CARTESIAN_POINT('Origin',(-21.8000502024622,87.7882261960946,40.5000000000011));
#6440=CARTESIAN_POINT('Origin',(-21.1003550353742,67.751578170528,40.5000000000013));
#6441=CARTESIAN_POINT('Origin',(-10.5294965181885,65.6191968233895,40.5000000000013));
#6442=CARTESIAN_POINT('Origin',(-11.3592153460397,89.3792353313415,40.5000000000011));
#6443=CARTESIAN_POINT('Origin',(-10.6167452599448,68.1176738909372,40.5000000000013));
#6444=CARTESIAN_POINT('Origin',(-15.8585501476595,67.9346260307326,40.5000000000013));
#6445=CARTESIAN_POINT('Origin',(-21.0131062936179,65.2531011029803,40.5000000000013));
#6446=CARTESIAN_POINT('Origin',(-21.1003550353742,67.751578170528,40.5000000000013));
#6447=CARTESIAN_POINT('Origin',(-15.8585501476595,67.9346260307326,40.5000000000013));
#6448=CARTESIAN_POINT('Origin',(-14.6759511551318,66.4384945224765,30.5));
#6449=CARTESIAN_POINT('Origin',(-1.99999999999113,82.2907683991554,0.));
#6450=CARTESIAN_POINT('',(-3.99999999999099,82.2907683991554,50.));
#6451=CARTESIAN_POINT('',(-3.99999999999099,82.2907683991554,0.));
#6452=CARTESIAN_POINT('',(-1.99999999999113,82.2907683991554,50.));
#6453=CARTESIAN_POINT('',(-3.99999999999099,82.2907683991554,50.));
#6454=CARTESIAN_POINT('',(-1.99999999999113,82.2907683991554,0.));
#6455=CARTESIAN_POINT('Origin',(-3.99999999999099,82.2907683991554,0.));
#6456=CARTESIAN_POINT('',(-3.99999999999102,90.5006570380176,50.));
#6457=CARTESIAN_POINT('',(-3.99999999999102,90.5006570380176,0.));
#6458=CARTESIAN_POINT('',(-3.99999999999102,90.5006570380176,50.));
#6459=CARTESIAN_POINT('Origin',(-1.99999999999113,65.9958405540985,0.));
#6460=CARTESIAN_POINT('',(-1.99999999999113,82.2907683991554,50.));
#6461=CARTESIAN_POINT('Origin',(-29.3999999999909,65.9958405540995,34.5));
#6462=CARTESIAN_POINT('',(-29.3999999999909,86.6301205731667,50.));
#6463=CARTESIAN_POINT('',(-29.3999999999909,53.0630500077657,50.));
#6464=CARTESIAN_POINT('',(-29.3999999999909,86.6301205731667,34.5));
#6465=CARTESIAN_POINT('Origin',(-15.699999999991,78.2482487960581,50.));
#6466=CARTESIAN_POINT('',(-29.3999999999909,86.6301205731667,50.));
#6467=CARTESIAN_POINT('Origin',(-25.3999999999909,76.8905183991851,-44.5249999999743));
#6468=CARTESIAN_POINT('',(-25.3999999999909,70.4367683991851,-46.5249999999743));
#6469=CARTESIAN_POINT('',(-27.3999999999909,70.4367683991851,-44.5249999999743));
#6470=CARTESIAN_POINT('Origin',(-25.3999999999909,70.4367683991851,-44.5249999999743));
#6471=CARTESIAN_POINT('',(-27.3999999999909,79.041768399185,-44.5249999999743));
#6472=CARTESIAN_POINT('',(-27.3999999999909,76.8905183991851,-44.5249999999743));
#6473=CARTESIAN_POINT('',(-25.3999999999909,79.041768399185,-46.5249999999743));
#6474=CARTESIAN_POINT('Origin',(-25.3999999999909,79.041768399185,-44.5249999999743));
#6475=CARTESIAN_POINT('',(-25.3999999999909,76.8905183991851,-46.5249999999743));
#6476=CARTESIAN_POINT('Origin',(-27.3999999999909,74.7392683991851,-39.0000000000036));
#6477=CARTESIAN_POINT('',(-27.3999999999909,70.4367683991851,-33.7527146585611));
#6478=CARTESIAN_POINT('',(-27.3999999999909,70.4367683991851,-49.0000000000036));
#6479=CARTESIAN_POINT('',(-27.3999999999909,71.9958405540985,-34.5));
#6480=CARTESIAN_POINT('Origin',(-27.3999999999909,71.9958405540985,-32.5));
#6481=CARTESIAN_POINT('',(-27.3999999999909,79.041768399185,-34.5));
#6482=CARTESIAN_POINT('',(-27.3999999999909,76.4937585976216,-34.5));
#6483=CARTESIAN_POINT('',(-27.3999999999909,79.041768399185,-29.0000000000036));
#6484=CARTESIAN_POINT('Origin',(-2.9799999999907,73.3612687991701,-41.2500002055928));
#6485=CARTESIAN_POINT('',(-2.8299999999907,66.8521642521763,-41.4000002055928));
#6486=CARTESIAN_POINT('',(-3.1299999999907,66.8416880213287,-41.1000002055928));
#6487=CARTESIAN_POINT('',(-10.7063233335212,66.5771169806035,-33.5236768720622));
#6488=CARTESIAN_POINT('',(-3.1299999999907,73.3612687991701,-41.1000002055928));
#6489=CARTESIAN_POINT('',(-2.8299999999907,73.3612687991701,-41.4000002055928));
#6490=CARTESIAN_POINT('Origin',(-27.3519023102725,65.9958405540995,-34.5));
#6491=CARTESIAN_POINT('',(-14.718666170694,66.4370028812647,-41.4000002055928));
#6492=CARTESIAN_POINT('',(-12.3070594481013,66.5212180437291,-30.500000000001));
#6493=CARTESIAN_POINT('',(-28.0531686734586,65.9713517930783,-30.5));
#6494=CARTESIAN_POINT('',(-12.3070594481013,66.5212180437291,-33.000000000001));
#6495=CARTESIAN_POINT('',(-12.3070594481013,66.5212180437291,-32.5000000000005));
#6496=CARTESIAN_POINT('',(-19.3027952372349,66.2769215668115,-33.000000000001));
#6497=CARTESIAN_POINT('',(-19.8294808791869,66.2585292989143,-33.000000000001));
#6498=CARTESIAN_POINT('',(-19.3027952372349,66.2769215668115,-30.500000000001));
#6499=CARTESIAN_POINT('',(-19.3027952372349,66.2769215668115,-33.7500000000005));
#6500=CARTESIAN_POINT('',(-28.0531686734586,65.9713517930783,-30.5));
#6501=CARTESIAN_POINT('',(-1.99999999999113,66.8811484908544,-50.));
#6502=CARTESIAN_POINT('',(-21.3193758187749,66.206501021162,-50.));
#6503=CARTESIAN_POINT('',(-1.99999999999113,66.8811484908544,-45.9000002055931));
#6504=CARTESIAN_POINT('',(-1.99999999999113,66.8811484908544,-17.25));
#6505=CARTESIAN_POINT('',(-3.1299999999907,66.8416880213287,-45.9000002055931));
#6506=CARTESIAN_POINT('',(-14.3977864054222,66.4482082495823,-45.9000002055931));
#6507=CARTESIAN_POINT('',(-3.1299999999907,66.8416880213287,-49.0000000000036));
#6508=CARTESIAN_POINT('',(-3.1299999999907,66.8416880213287,-33.4999999999867));
#6509=CARTESIAN_POINT('',(-4.62999999999055,66.7893068670911,-49.0000000000036));
#6510=CARTESIAN_POINT('',(-14.9715328126948,66.4281725835472,-49.0000000000036));
#6511=CARTESIAN_POINT('',(-4.62999999999067,66.7893068670911,-32.4999999999733));
#6512=CARTESIAN_POINT('',(-4.6299999999906,66.7893068670911,-41.7500000000017));
#6513=CARTESIAN_POINT('',(-3.1299999999907,66.8416880213287,-32.4999999999733));
#6514=CARTESIAN_POINT('',(-15.7206193315422,66.4020139058931,-32.4999999999733));
#6515=CARTESIAN_POINT('',(-3.1299999999907,66.8416880213287,-33.4999999999867));
#6516=CARTESIAN_POINT('',(-15.974882860896,66.3931348277944,-38.2533413699451));
#6517=CARTESIAN_POINT('',(-15.974882860896,66.3931348277944,-42.7466586300576));
#6518=CARTESIAN_POINT('Origin',(-21.0467322303832,66.2160219450656,-40.5000000000013));
#6519=CARTESIAN_POINT('',(-15.6349718244409,66.4050047827462,-38.2533413699451));
#6520=CARTESIAN_POINT('',(-21.8282625332252,66.1887303055093,-38.2533413699451));
#6521=CARTESIAN_POINT('',(-15.6349718244409,66.4050047827462,-42.7466586300576));
#6522=CARTESIAN_POINT('Origin',(-10.5631224549538,66.582117665475,-40.5000000000013));
#6523=CARTESIAN_POINT('',(-21.3285671197157,66.2061800538605,-42.7466586300576));
#6524=CARTESIAN_POINT('',(-23.8307424293031,66.1188021666464,-33.9508964463603));
#6525=CARTESIAN_POINT('Origin',(-25.3298286698318,66.0664529215926,-33.9508964463603));
#6526=CARTESIAN_POINT('',(-14.2365904899207,66.4538373349905,-46.5000000000015));
#6527=CARTESIAN_POINT('Origin',(-15.7356767304493,66.4014880899367,-46.5000000000015));
#6528=CARTESIAN_POINT('',(-4.64243855053822,66.7888725033343,-33.9508964463603));
#6529=CARTESIAN_POINT('Origin',(-6.14152479106686,66.7365232582806,-33.9508964463603));
#6530=CARTESIAN_POINT('Origin',(-1.99999999999113,64.4317691991849,-41.4000002055927));
#6531=CARTESIAN_POINT('Origin',(-16.6249999999909,67.9958405540985,-30.5));
#6532=CARTESIAN_POINT('',(-29.3999999999909,69.9958405540993,-30.5));
#6533=CARTESIAN_POINT('',(-29.3999999999909,67.9958405540985,-28.5));
#6534=CARTESIAN_POINT('Origin',(-29.3999999999909,67.9958405540985,-30.5));
#6535=CARTESIAN_POINT('',(-25.2744185272235,67.9958405540985,-28.5));
#6536=CARTESIAN_POINT('',(-16.6249999999909,67.9958405540985,-28.5));
#6537=CARTESIAN_POINT('',(-24.9634253855535,68.6455901432963,-28.608485931499));
#6538=CARTESIAN_POINT('Ctrl Pts',(-25.2744185272235,67.9958405540985,-28.5));
#6539=CARTESIAN_POINT('Ctrl Pts',(-25.1696643394791,68.2053489295873,-28.5));
#6540=CARTESIAN_POINT('Ctrl Pts',(-25.0566795485575,68.4299472104188,-28.5344109302162));
#6541=CARTESIAN_POINT('Ctrl Pts',(-24.9634253855535,68.6455901432963,-28.608485931499));
#6542=CARTESIAN_POINT('',(-22.5821691153701,69.9958405540985,-30.5));
#6543=CARTESIAN_POINT('Origin',(-22.5821691153701,67.9958405540985,-30.5));
#6544=CARTESIAN_POINT('',(-16.6249999999909,69.9958405540985,-30.5));
#6545=CARTESIAN_POINT('Origin',(-27.249999999991,67.9958405540993,-28.5));
#6546=CARTESIAN_POINT('',(-29.3999999999909,65.9958405540993,-28.5));
#6547=CARTESIAN_POINT('',(-25.2744185272235,68.9958405540989,-28.5));
#6548=CARTESIAN_POINT('Origin',(-29.3999999999909,65.9958405540995,-34.5));
#6549=CARTESIAN_POINT('',(-29.3999999999909,69.9958405540993,-32.5));
#6550=CARTESIAN_POINT('',(-29.3999999999909,69.9958405540993,-34.5));
#6551=CARTESIAN_POINT('',(-29.3999999999909,70.4367683991851,-33.7527146585611));
#6552=CARTESIAN_POINT('Origin',(-29.3999999999909,71.9958405540985,-32.5));
#6553=CARTESIAN_POINT('',(-29.3999999999909,70.4367683991851,-49.0000000000036));
#6554=CARTESIAN_POINT('',(-29.3999999999909,70.4367683991851,-40.5124999999872));
#6555=CARTESIAN_POINT('',(-29.3999999999909,79.041768399185,-49.0000000000036));
#6556=CARTESIAN_POINT('',(-29.3999999999909,68.2163044766423,-49.0000000000036));
#6557=CARTESIAN_POINT('',(-29.3999999999909,79.041768399185,-34.5));
#6558=CARTESIAN_POINT('',(-29.3999999999909,79.041768399185,-41.7500000000018));
#6559=CARTESIAN_POINT('',(-29.3999999999909,86.6301205731667,-34.5));
#6560=CARTESIAN_POINT('',(-29.3999999999909,53.0630500077657,-34.5));
#6561=CARTESIAN_POINT('',(-29.3999999999909,86.6301205731667,-50.));
#6562=CARTESIAN_POINT('',(-29.3999999999909,86.6301205731667,-34.5));
#6563=CARTESIAN_POINT('',(-29.3999999999909,53.0630500077657,-50.));
#6564=CARTESIAN_POINT('',(-29.3999999999909,81.5417683991852,-48.25));
#6565=CARTESIAN_POINT('Origin',(-29.3999999999909,81.5417683991852,-46.75));
#6566=CARTESIAN_POINT('Origin',(-5.99999999999083,69.9958405540985,0.));
#6567=CARTESIAN_POINT('',(-20.0643382307493,69.9958405540985,-32.5));
#6568=CARTESIAN_POINT('',(-23.3522363396797,69.9958405540985,-29.8883090170883));
#6569=CARTESIAN_POINT('',(-10.8499999999909,69.9958405540985,-32.5));
#6570=CARTESIAN_POINT('Origin',(-19.2255559687629,68.2171675382875,-30.));
#6571=CARTESIAN_POINT('',(-19.2255559687629,67.4958405540985,-30.5));
#6572=CARTESIAN_POINT('',(-19.2255559687629,68.2171675382875,-30.5));
#6573=CARTESIAN_POINT('Origin',(-19.2255559687629,67.4958405540985,-30.));
#6574=CARTESIAN_POINT('Ctrl Pts',(-19.2255559687629,67.4958405540985,-30.5));
#6575=CARTESIAN_POINT('Ctrl Pts',(-19.2255559687629,67.2714410788421,-30.5));
#6576=CARTESIAN_POINT('Ctrl Pts',(-19.4841531429984,66.7470161937846,-30.5));
#6577=CARTESIAN_POINT('Ctrl Pts',(-20.2166378227399,66.4958405540985,-30.5));
#6578=CARTESIAN_POINT('Ctrl Pts',(-20.639769531136,66.4958405540985,-30.5));
#6579=CARTESIAN_POINT('Ctrl Pts',(-19.2910058157126,67.4958405540985,-30.5));
#6580=CARTESIAN_POINT('Ctrl Pts',(-19.2910058157126,67.2922135891152,-30.5));
#6581=CARTESIAN_POINT('Ctrl Pts',(-19.5413038800455,66.8159943150146,-30.499817682254));
#6582=CARTESIAN_POINT('Ctrl Pts',(-20.2443827933822,66.6089366317043,-30.4994251971231));
#6583=CARTESIAN_POINT('Ctrl Pts',(-20.639769531136,66.6267402479981,-30.5));
#6584=CARTESIAN_POINT('Ctrl Pts',(-19.4218723839732,67.4958405540985,-30.4739497521172));
#6585=CARTESIAN_POINT('Ctrl Pts',(-19.4218723839732,67.333737372399,-30.4739497521172));
#6586=CARTESIAN_POINT('Ctrl Pts',(-19.6556108212901,66.9541361780079,-30.4622896057557));
#6587=CARTESIAN_POINT('Ctrl Pts',(-20.2993861643864,66.835545756872,-30.42245354442));
#6588=CARTESIAN_POINT('Ctrl Pts',(-20.639769531136,66.8873549764961,-30.3915144223976));
#6589=CARTESIAN_POINT('Ctrl Pts',(-19.5328293287503,67.4958405540985,-30.3998334211991));
#6590=CARTESIAN_POINT('Ctrl Pts',(-19.5328293287503,67.3689667508627,-30.3998334211991));
#6591=CARTESIAN_POINT('Ctrl Pts',(-19.7425174386657,67.0718609810337,-30.3552842974621));
#6592=CARTESIAN_POINT('Ctrl Pts',(-20.322643257664,66.9675207805793,-30.2191015125298));
#6593=CARTESIAN_POINT('Ctrl Pts',(-20.639769531136,66.9958405540985,-30.1308996938996));
#6594=CARTESIAN_POINT('Ctrl Pts',(-19.5791093593561,67.4958405540985,-30.3535533905933));
#6595=CARTESIAN_POINT('Ctrl Pts',(-19.5791093593561,67.3836408164703,-30.3535533905933));
#6596=CARTESIAN_POINT('Ctrl Pts',(-19.7730572400328,67.1214283739416,-30.2889040970344));
#6597=CARTESIAN_POINT('Ctrl Pts',(-20.3224207498389,66.9958405540985,-30.105782927099));
#6598=CARTESIAN_POINT('Ctrl Pts',(-20.639769531136,66.9958405540985,-30.));
#6599=CARTESIAN_POINT('',(-19.4150246597444,66.9958405540985,-30.5000000000009));
#6600=CARTESIAN_POINT('Ctrl Pts',(-20.639769531136,66.9958405540985,-30.));
#6601=CARTESIAN_POINT('Ctrl Pts',(-20.6365591554917,66.9958405540985,-30.0018535112424));
#6602=CARTESIAN_POINT('Ctrl Pts',(-20.6333486481295,66.9958405540985,-30.0037070985322));
#6603=CARTESIAN_POINT('Ctrl Pts',(-20.322407384072,66.9958405540985,-30.1832217195595));
#6604=CARTESIAN_POINT('Ctrl Pts',(-20.036708072863,66.9958405540985,-30.3474691995619));
#6605=CARTESIAN_POINT('Ctrl Pts',(-19.6599292604589,66.9958405540985,-30.4729875139744));
#6606=CARTESIAN_POINT('Ctrl Pts',(-19.5375433281445,66.9958405540985,-30.5));
#6607=CARTESIAN_POINT('Ctrl Pts',(-19.4150246597444,66.9958405540985,-30.5));
#6608=CARTESIAN_POINT('Origin',(-20.639769531136,67.4958405540985,-30.5));
#6609=CARTESIAN_POINT('Origin',(-14.6759511551318,66.4384945224765,-30.5));
#6610=CARTESIAN_POINT('',(-12.273433511336,65.5582972016436,-30.500000000001));
#6611=CARTESIAN_POINT('',(-19.3279004414732,66.9958405540985,-30.5000000000009));
#6612=CARTESIAN_POINT('',(-19.2691693004697,65.3140007247261,-30.500000000001));
#6613=CARTESIAN_POINT('',(-19.4326627499485,66.9958405540985,-30.5000000000009));
#6614=CARTESIAN_POINT('Origin',(-25.099999999991,69.9958405540985,-24.8326627499584));
#6615=CARTESIAN_POINT('',(-25.099999999991,67.9958405540989,-24.8326627499584));
#6616=CARTESIAN_POINT('Origin',(-25.2744185272235,67.4958405540985,-29.));
#6617=CARTESIAN_POINT('',(-24.6524322438835,66.9958405540985,-28.216971862998));
#6618=CARTESIAN_POINT('',(-24.9634253855535,67.4958405540985,-28.608485931499));
#6619=CARTESIAN_POINT('Origin',(-24.6524322438835,67.4958405540985,-28.216971862998));
#6620=CARTESIAN_POINT('',(-25.099999999991,67.4958405540985,-28.5314083042157));
#6621=CARTESIAN_POINT('Origin',(-25.2744185272235,67.4958405540985,-29.));
#6622=CARTESIAN_POINT('',(-25.099999999991,66.9958405540985,-28.015328391108));
#6623=CARTESIAN_POINT('Ctrl Pts',(-25.099999999991,67.4958405540985,-28.5314083042157));
#6624=CARTESIAN_POINT('Ctrl Pts',(-25.099999999991,67.4350156645534,-28.5314083042157));
#6625=CARTESIAN_POINT('Ctrl Pts',(-25.099999999991,67.3635890460308,-28.5163830282647));
#6626=CARTESIAN_POINT('Ctrl Pts',(-25.099999999991,67.2500759910278,-28.4676364505119));
#6627=CARTESIAN_POINT('Ctrl Pts',(-25.099999999991,67.1882636593223,-28.4247118838323));
#6628=CARTESIAN_POINT('Ctrl Pts',(-25.099999999991,67.1001339944077,-28.334294276701));
#6629=CARTESIAN_POINT('Ctrl Pts',(-25.099999999991,67.0583870830535,-28.2704758736029));
#6630=CARTESIAN_POINT('Ctrl Pts',(-25.099999999991,67.0105399415863,-28.1530470042049));
#6631=CARTESIAN_POINT('Ctrl Pts',(-25.099999999991,66.9958405540985,-28.0785809170315));
#6632=CARTESIAN_POINT('Ctrl Pts',(-25.099999999991,66.9958405540985,-28.0153283911079));
#6633=CARTESIAN_POINT('Origin',(-25.2744185272235,66.9958405540985,-29.));
#6634=CARTESIAN_POINT('Origin',(-20.9863556413935,67.4958405540985,-31.1290630799917));
#6635=CARTESIAN_POINT('',(-19.4348805095928,67.4958405540985,-33.000000000001));
#6636=CARTESIAN_POINT('',(-19.3370113498825,67.2567428349447,-33.000000000001));
#6637=CARTESIAN_POINT('Origin',(-18.6310042612051,67.4958405540985,-33.000000000001));
#6638=CARTESIAN_POINT('',(-21.2973487830635,67.4958405540985,-31.5205771484927));
#6639=CARTESIAN_POINT('',(-19.3279004414732,66.9958405540985,-32.4464313036085));
#6640=CARTESIAN_POINT('',(-20.9863556413935,66.9958405540985,-31.1290630799917));
#6641=CARTESIAN_POINT('Origin',(-19.3453608262191,67.4958405540985,-32.4325619171835));
#6642=CARTESIAN_POINT('Origin',(-22.2663313749697,66.9958405540985,-28.9163313749797));
#6643=CARTESIAN_POINT('',(-25.099999999991,66.9958405540985,-24.0581656874899));
#6644=CARTESIAN_POINT('',(-19.3279004414732,66.9958405540985,-30.9581656874904));
#6645=CARTESIAN_POINT('Origin',(-25.2744185272235,68.9958405540989,-29.));
#6646=CARTESIAN_POINT('',(-25.099999999991,68.9958405540989,-28.5314083042157));
#6647=CARTESIAN_POINT('',(-24.9634253855535,68.9958405540989,-28.608485931499));
#6648=CARTESIAN_POINT('Origin',(-19.4348805095928,69.9958405540985,-33.000000000001));
#6649=CARTESIAN_POINT('',(-19.4348805095928,70.059348880995,-33.000000000001));
#6650=CARTESIAN_POINT('',(-19.4348805095928,69.9958405540985,-33.000000000001));
#6651=CARTESIAN_POINT('Origin',(-20.0643382307493,71.9958405540985,-32.5));
#6652=CARTESIAN_POINT('Origin',(-12.273433511336,65.5582972016436,-33.000000000001));
#6653=CARTESIAN_POINT('',(-19.2691693004697,65.3140007247261,-33.000000000001));
#6654=CARTESIAN_POINT('',(-12.4306136995011,70.059348880995,-33.000000000001));
#6655=CARTESIAN_POINT('',(-12.273433511336,65.5582972016436,-33.000000000001));
#6656=CARTESIAN_POINT('',(-10.8499999999909,70.059348880995,-33.000000000001));
#6657=CARTESIAN_POINT('Origin',(-10.8499999999909,71.9958405540985,-32.5));
#6658=CARTESIAN_POINT('',(-7.44880468943082,71.9958405540985,-34.5));
#6659=CARTESIAN_POINT('Ctrl Pts',(-6.77804341192007,70.0207840024208,-32.8148834985752));
#6660=CARTESIAN_POINT('Ctrl Pts',(-6.80971475525921,70.0230947110591,-32.8293770501771));
#6661=CARTESIAN_POINT('Ctrl Pts',(-6.84021822366825,70.0257404578041,-32.8449326251637));
#6662=CARTESIAN_POINT('Ctrl Pts',(-6.9577190003273,70.0378136911481,-32.9106876595783));
#6663=CARTESIAN_POINT('Ctrl Pts',(-7.04704393163583,70.0516834481662,-32.9756593303356));
#6664=CARTESIAN_POINT('Ctrl Pts',(-7.20341454076315,70.0942910582822,-33.1245864300596));
#6665=CARTESIAN_POINT('Ctrl Pts',(-7.27048121206879,70.1234440023713,-33.2084007365328));
#6666=CARTESIAN_POINT('Ctrl Pts',(-7.37870181711607,70.1960959908493,-33.3776176891412));
#6667=CARTESIAN_POINT('Ctrl Pts',(-7.42632327602846,70.2471982561569,-33.4776291471688));
#6668=CARTESIAN_POINT('Ctrl Pts',(-7.49240811437443,70.372213711339,-33.6736032537295));
#6669=CARTESIAN_POINT('Ctrl Pts',(-7.51131315574515,70.4462567367218,-33.7693338050146));
#6670=CARTESIAN_POINT('Ctrl Pts',(-7.54255355441027,70.7023036669074,-34.0486464530355));
#6671=CARTESIAN_POINT('Ctrl Pts',(-7.5158109629766,70.9334073220669,-34.2174424193283));
#6672=CARTESIAN_POINT('Ctrl Pts',(-7.46176411459265,71.445796768492,-34.4431474057701));
#6673=CARTESIAN_POINT('Ctrl Pts',(-7.43943823172876,71.7276202989785,-34.5));
#6674=CARTESIAN_POINT('Ctrl Pts',(-7.44880468943082,71.9958405540985,-34.5));
#6675=CARTESIAN_POINT('',(-10.8499999999909,71.9958405540985,-34.5));
#6676=CARTESIAN_POINT('',(-10.8499999999909,70.4367683991851,-33.7527146585611));
#6677=CARTESIAN_POINT('Origin',(-12.4982374788402,71.9958405540985,-32.5));
#6678=CARTESIAN_POINT('',(-24.381301261298,71.6029287222264,-34.4610253166073));
#6679=CARTESIAN_POINT('',(-24.2380552110648,70.6192870635805,-33.9508964445824));
#6680=CARTESIAN_POINT('Ctrl Pts',(-24.381301261298,71.6029287222264,-34.4610253166073));
#6681=CARTESIAN_POINT('Ctrl Pts',(-24.3635624750759,71.4604954456748,-34.4324873272527));
#6682=CARTESIAN_POINT('Ctrl Pts',(-24.3398576836732,71.3200537146621,-34.388030110356));
#6683=CARTESIAN_POINT('Ctrl Pts',(-24.2795323107915,70.9761409167399,-34.2358300033219));
#6684=CARTESIAN_POINT('Ctrl Pts',(-24.2437520381907,70.7824228606822,-34.1056732720141));
#6685=CARTESIAN_POINT('Ctrl Pts',(-24.2380552110648,70.6192870635805,-33.9508964428045));
#6686=CARTESIAN_POINT('',(-26.6700040621189,71.5230054592838,-34.4433031089132));
#6687=CARTESIAN_POINT('Ctrl Pts',(-24.2380552110648,70.6192870635805,-33.9508964428045));
#6688=CARTESIAN_POINT('Ctrl Pts',(-24.2368100704015,70.5836308974162,-33.9170672744752));
#6689=CARTESIAN_POINT('Ctrl Pts',(-24.2369899037844,70.5494051912377,-33.8820944558371));
#6690=CARTESIAN_POINT('Ctrl Pts',(-24.2431188742096,70.4428567190156,-33.7650212726491));
#6691=CARTESIAN_POINT('Ctrl Pts',(-24.2570044405118,70.3699673521567,-33.6703687189348));
#6692=CARTESIAN_POINT('Ctrl Pts',(-24.3142282728389,70.2465275227958,-33.4762839988836));
#6693=CARTESIAN_POINT('Ctrl Pts',(-24.3580126738,70.1958566682408,-33.3770602722923));
#6694=CARTESIAN_POINT('Ctrl Pts',(-24.4609824826249,70.1233291182639,-33.2081331548884));
#6695=CARTESIAN_POINT('Ctrl Pts',(-24.526179157562,70.0941678609813,-33.1242063600623));
#6696=CARTESIAN_POINT('Ctrl Pts',(-24.6796288830484,70.0516086677136,-32.9753471699512));
#6697=CARTESIAN_POINT('Ctrl Pts',(-24.7678772549192,70.0377851045255,-32.9105319668734));
#6698=CARTESIAN_POINT('Ctrl Pts',(-25.0307683227193,70.0105777369839,-32.7623511657533));
#6699=CARTESIAN_POINT('Ctrl Pts',(-25.2653117055093,70.0059559800993,-32.7008964463603));
#6700=CARTESIAN_POINT('Ctrl Pts',(-25.6699254899262,70.0059559800993,-32.7008964463603));
#6701=CARTESIAN_POINT('Ctrl Pts',(-25.9049278545472,70.0106368276779,-32.7626729942567));
#6702=CARTESIAN_POINT('Ctrl Pts',(-26.169422250863,70.0378136911481,-32.9106876595783));
#6703=CARTESIAN_POINT('Ctrl Pts',(-26.2587471821715,70.0516834481662,-32.9756593303356));
#6704=CARTESIAN_POINT('Ctrl Pts',(-26.4151177912988,70.0942910582822,-33.1245864300596));
#6705=CARTESIAN_POINT('Ctrl Pts',(-26.4821844626045,70.1234440023713,-33.2084007365328));
#6706=CARTESIAN_POINT('Ctrl Pts',(-26.5904050676517,70.1960959908493,-33.3776176891412));
#6707=CARTESIAN_POINT('Ctrl Pts',(-26.6380265265641,70.2471982561569,-33.4776291471688));
#6708=CARTESIAN_POINT('Ctrl Pts',(-26.7041113649101,70.372213711339,-33.6736032537295));
#6709=CARTESIAN_POINT('Ctrl Pts',(-26.7230164062808,70.4462567367218,-33.7693338050146));
#6710=CARTESIAN_POINT('Ctrl Pts',(-26.7542568049459,70.7023036669074,-34.0486464530355));
#6711=CARTESIAN_POINT('Ctrl Pts',(-26.7275142135123,70.9334073220669,-34.2174424193283));
#6712=CARTESIAN_POINT('Ctrl Pts',(-26.689136929947,71.2972419520092,-34.3777097526841));
#6713=CARTESIAN_POINT('Ctrl Pts',(-26.6779003038026,71.4092638113425,-34.4156280423515));
#6714=CARTESIAN_POINT('Ctrl Pts',(-26.6700040621189,71.5230054592838,-34.4433031089132));
#6715=CARTESIAN_POINT('Origin',(-13.1297785259519,71.9958405540985,-32.5));
#6716=CARTESIAN_POINT('Origin',(-19.2691693004697,65.3140007247261,-33.000000000001));
#6717=CARTESIAN_POINT('Origin',(-12.273433511336,65.5582972016436,-30.500000000001));
#6718=CARTESIAN_POINT('Origin',(-29.2647499999909,81.5417683991852,-46.75));
#6719=CARTESIAN_POINT('',(-29.1294999999909,81.5417683991852,-47.9795));
#6720=CARTESIAN_POINT('',(-29.2647499999909,81.5417683991852,-48.11475));
#6721=CARTESIAN_POINT('Origin',(-29.1294999999909,81.5417683991852,-46.75));
#6722=CARTESIAN_POINT('Origin',(-24.3999999999909,81.5417683991852,-46.75));
#6723=CARTESIAN_POINT('',(-19.3999999999909,81.5417683991852,-47.9795));
#6724=CARTESIAN_POINT('',(-24.3999999999909,81.5417683991852,-47.9795));
#6725=CARTESIAN_POINT('Origin',(-19.3999999999909,81.5417683991852,-46.75));
#6726=CARTESIAN_POINT('Origin',(-19.3999999999909,81.5417683991852,-46.75));
#6727=CARTESIAN_POINT('Origin',(-16.5043106088144,88.0894367506105,-46.3697598751161));
#6728=CARTESIAN_POINT('',(-18.7286336677982,87.7504870061457,-46.3697598751161));
#6729=CARTESIAN_POINT('Origin',(-16.5043106088144,88.0894367506105,-46.3697598751161));
#6730=CARTESIAN_POINT('',(-18.4814866612444,87.788148088864,-46.3697598751161));
#6731=CARTESIAN_POINT('Origin',(-16.5043106088144,88.0894367506105,-46.3697598751161));
#6732=CARTESIAN_POINT('Origin',(-16.5419716915327,88.3365837571642,-46.3697598751161));
#6733=CARTESIAN_POINT('',(-18.8039558332348,88.2447810192532,-46.3697598751161));
#6734=CARTESIAN_POINT('Origin',(-16.579632774251,88.583730763718,-46.3697598751161));
#6735=CARTESIAN_POINT('',(-18.7662947505165,87.9976340126994,-46.3697598751161));
#6736=CARTESIAN_POINT('Origin',(-16.2783441125045,86.6065547112879,-46.3697598751161));
#6737=CARTESIAN_POINT('',(-17.9542315031881,84.3280899971113,-46.3697598751161));
#6738=CARTESIAN_POINT('',(-18.2555201649346,86.3052660495414,-46.3697598751161));
#6739=CARTESIAN_POINT('Origin',(-15.977055450758,84.6293786588578,-46.3697598751161));
#6740=CARTESIAN_POINT('Origin',(-15.977055450758,84.6293786588578,-46.3697598751161));
#6741=CARTESIAN_POINT('Origin',(-26.3589137559092,86.5877595526787,-46.3697598751161));
#6742=CARTESIAN_POINT('',(-28.583236814893,86.2488098082139,-46.3697598751161));
#6743=CARTESIAN_POINT('Origin',(-26.3589137559092,86.5877595526787,-46.3697598751161));
#6744=CARTESIAN_POINT('',(-28.3360898083392,86.2864708909322,-46.3697598751161));
#6745=CARTESIAN_POINT('Origin',(-26.3589137559092,86.5877595526787,-46.3697598751161));
#6746=CARTESIAN_POINT('Origin',(-26.3965748386275,86.8349065592325,-46.3697598751161));
#6747=CARTESIAN_POINT('',(-28.6585589803296,86.7431038213215,-46.3697598751161));
#6748=CARTESIAN_POINT('Origin',(-26.4342359213458,87.0820535657863,-46.3697598751161));
#6749=CARTESIAN_POINT('',(-28.6208978976113,86.4959568147677,-46.3697598751161));
#6750=CARTESIAN_POINT('Origin',(-26.1329472595993,85.1048775133562,-46.3697598751161));
#6751=CARTESIAN_POINT('',(-27.8088346502829,82.8264127991796,-46.3697598751161));
#6752=CARTESIAN_POINT('',(-28.1101233120294,84.8035888516097,-46.3697598751161));
#6753=CARTESIAN_POINT('Origin',(-25.8316585978528,83.1277014609261,-46.3697598751161));
#6754=CARTESIAN_POINT('Origin',(-25.8316585978528,83.1277014609261,-46.3697598751161));
#6755=CARTESIAN_POINT('Origin',(-29.3999999999909,79.041768399185,-46.5249999999743));
#6756=CARTESIAN_POINT('',(-6.62999999999057,79.041768399185,-46.5249999999743));
#6757=CARTESIAN_POINT('',(-29.3999999999909,79.041768399185,-46.5249999999743));
#6758=CARTESIAN_POINT('',(-6.62999999999058,70.4367683991851,-46.5249999999743));
#6759=CARTESIAN_POINT('',(-6.62999999999058,80.6662683991702,-46.5249999999743));
#6760=CARTESIAN_POINT('',(-14.6260800709954,70.4367683991851,-46.5249999999743));
#6761=CARTESIAN_POINT('',(-29.3999999999909,70.4367683991851,-46.5249999999743));
#6762=CARTESIAN_POINT('',(-14.6786353012352,71.9417532836733,-46.5249999999743));
#6763=CARTESIAN_POINT('',(-14.5826616853033,69.1934285093707,-46.5249999999743));
#6764=CARTESIAN_POINT('',(-17.176612623391,71.8545219934106,-46.5249999999743));
#6765=CARTESIAN_POINT('',(-22.5310288505267,71.66754165858,-46.5249999999743));
#6766=CARTESIAN_POINT('',(-17.1271035769309,70.4367683991851,-46.5249999999743));
#6767=CARTESIAN_POINT('',(-17.0806390074591,69.1061972191081,-46.5249999999743));
#6768=CARTESIAN_POINT('',(-29.3999999999909,70.4367683991851,-46.5249999999743));
#6769=CARTESIAN_POINT('Origin',(-29.3999999999909,79.041768399185,-49.0000000000036));
#6770=CARTESIAN_POINT('',(-6.62999999999055,79.041768399185,-49.0000000000036));
#6771=CARTESIAN_POINT('',(-29.3999999999909,79.041768399185,-49.0000000000036));
#6772=CARTESIAN_POINT('',(-6.62999999999055,79.041768399185,-49.0000000000035));
#6773=CARTESIAN_POINT('',(-22.549999999991,79.041768399185,-34.5));
#6774=CARTESIAN_POINT('Origin',(-6.33347202293062,72.2331728068858,-33.9508964463602));
#6775=CARTESIAN_POINT('',(-7.45572397280133,72.1939829052327,-34.5));
#6776=CARTESIAN_POINT('',(-10.9061342910359,72.0734919218577,-34.5));
#6777=CARTESIAN_POINT('',(-5.08423348915674,72.2767971777639,-33.9508964463602));
#6778=CARTESIAN_POINT('Origin',(-6.33347202293062,72.2331728068858,-33.9508964463602));
#6779=CARTESIAN_POINT('Origin',(-6.33347202293062,72.2331728068858,-33.9508964463602));
#6780=CARTESIAN_POINT('Origin',(-6.15897453941812,67.2362186717903,-33.9508964463603));
#6781=CARTESIAN_POINT('',(-4.65988829888948,67.2885679168441,-33.9508964463603));
#6782=CARTESIAN_POINT('Origin',(-6.15897453941812,67.2362186717903,-33.9508964463603));
#6783=CARTESIAN_POINT('',(-4.90973600564425,67.2798430426684,-33.9508964463603));
#6784=CARTESIAN_POINT('Origin',(-6.15897453941812,67.2362186717903,-33.9508964463603));
#6785=CARTESIAN_POINT('Origin',(-6.1502496652425,66.9863709650355,-33.9508964463603));
#6786=CARTESIAN_POINT('',(-4.65116342471385,67.0387202100893,-33.9508964463603));
#6787=CARTESIAN_POINT('Origin',(-6.23749840699874,69.4848480325833,-33.9508964463603));
#6788=CARTESIAN_POINT('',(-4.98825987322487,69.5284724034614,-33.9508964463603));
#6789=CARTESIAN_POINT('',(-7.35975035686947,69.4456581309302,-34.5));
#6790=CARTESIAN_POINT('Origin',(-15.8316503463812,69.1498128642394,-46.5000000000015));
#6791=CARTESIAN_POINT('',(-14.5038879450267,66.9448078743246,-46.5000000000015));
#6792=CARTESIAN_POINT('Origin',(-15.7531264788006,66.9011835034465,-46.5000000000015));
#6793=CARTESIAN_POINT('',(-14.6783854285392,71.9417620094201,-46.5000000000015));
#6794=CARTESIAN_POINT('',(-14.5824118126073,69.1934372351176,-46.5000000000015));
#6795=CARTESIAN_POINT('Origin',(-15.9276239623131,71.898137638542,-46.5000000000015));
#6796=CARTESIAN_POINT('Origin',(-15.8765918239632,70.4367683991851,-46.5000000000015));
#6797=CARTESIAN_POINT('Origin',(-15.9276239623131,71.898137638542,-46.5000000000015));
#6798=CARTESIAN_POINT('Origin',(-15.7531264788006,66.9011835034465,-46.5000000000015));
#6799=CARTESIAN_POINT('',(-14.2540402382719,66.9535327485002,-46.5000000000015));
#6800=CARTESIAN_POINT('Origin',(-15.7531264788006,66.9011835034465,-46.5000000000015));
#6801=CARTESIAN_POINT('Origin',(-15.7444016046249,66.6513357966917,-46.5000000000015));
#6802=CARTESIAN_POINT('',(-14.2453153640963,66.7036850417454,-46.5000000000015));
#6803=CARTESIAN_POINT('Origin',(-15.9276239623131,71.898137638542,-46.5000000000015));
#6804=CARTESIAN_POINT('Origin',(-25.5217759016955,71.5631024701979,-33.9508964463602));
#6805=CARTESIAN_POINT('Origin',(-25.5217759016955,71.5631024701979,-33.9508964463602));
#6806=CARTESIAN_POINT('Origin',(-25.3472784181831,66.5661483351024,-33.9508964463603));
#6807=CARTESIAN_POINT('',(-23.8481921776544,66.6184975801561,-33.9508964463603));
#6808=CARTESIAN_POINT('Origin',(-25.3472784181831,66.5661483351024,-33.9508964463603));
#6809=CARTESIAN_POINT('',(-24.0980398844092,66.6097727059805,-33.9508964463603));
#6810=CARTESIAN_POINT('Origin',(-25.3472784181831,66.5661483351024,-33.9508964463603));
#6811=CARTESIAN_POINT('Origin',(-25.3385535440074,66.3163006283476,-33.9508964463603));
#6812=CARTESIAN_POINT('',(-23.8394673034788,66.3686498734014,-33.9508964463603));
#6813=CARTESIAN_POINT('Origin',(-25.4258022857637,68.8147776958954,-33.9508964463603));
#6814=CARTESIAN_POINT('',(-24.1765637519898,68.8584020667735,-33.9508964463603));
#6815=CARTESIAN_POINT('Origin',(-29.3999999999909,70.4367683991851,-46.5249999999743));
#6816=CARTESIAN_POINT('',(-6.62999999999055,70.4367683991851,-49.0000000000036));
#6817=CARTESIAN_POINT('',(-6.62999999999056,70.4367683991851,-47.7624999999889));
#6818=CARTESIAN_POINT('',(-29.3999999999909,70.4367683991851,-49.0000000000036));
#6819=CARTESIAN_POINT('Origin',(-1.99999999999113,82.8317683991846,-45.9000002055931));
#6820=CARTESIAN_POINT('',(-1.99999999999113,82.2907683991554,-45.9000002055931));
#6821=CARTESIAN_POINT('',(-1.99999999999113,74.4138044766416,-45.9000002055931));
#6822=CARTESIAN_POINT('',(-3.1299999999907,82.2907683991554,-45.9000002055931));
#6823=CARTESIAN_POINT('',(-1.99999999999113,82.2907683991554,-45.9000002055931));
#6824=CARTESIAN_POINT('',(-3.1299999999907,82.56126839917,-45.9000002055931));
#6825=CARTESIAN_POINT('Origin',(-3.1299999999907,82.2907683991554,-32.4999999999733));
#6826=CARTESIAN_POINT('',(-3.1299999999907,82.2907683991554,-32.4999999999733));
#6827=CARTESIAN_POINT('Origin',(-21.0519671548885,66.3659305691185,-40.5000000000013));
#6828=CARTESIAN_POINT('',(-16.3150926051888,66.6814373050248,-38.2533413699451));
#6829=CARTESIAN_POINT('Ctrl Pts',(-16.3150926051888,66.6814373050248,-38.2533413699451));
#6830=CARTESIAN_POINT('Ctrl Pts',(-16.1497433424075,66.5421629294674,-38.2533413699451));
#6831=CARTESIAN_POINT('Ctrl Pts',(-15.974882860896,66.3931348277944,-38.2533413699451));
#6832=CARTESIAN_POINT('',(-16.3150926051888,66.6814373050248,-42.7466586300576));
#6833=CARTESIAN_POINT('Ctrl Pts',(-15.974882860896,66.3931348277944,-42.7466586300576));
#6834=CARTESIAN_POINT('Ctrl Pts',(-16.1497433424078,66.5421629294676,-42.7466586300576));
#6835=CARTESIAN_POINT('Ctrl Pts',(-16.3150926051888,66.6814373050248,-42.7466586300576));
#6836=CARTESIAN_POINT('Origin',(-21.0572020793939,66.5158391931714,-40.5000000000013));
#6837=CARTESIAN_POINT('Origin',(-21.0131062936179,65.2531011029803,-40.5000000000013));
#6838=CARTESIAN_POINT('',(-16.358245561169,67.9171762823814,-42.7466586300576));
#6839=CARTESIAN_POINT('',(-16.2709968194128,65.4186992148337,-42.7466586300576));
#6840=CARTESIAN_POINT('',(-16.358245561169,67.9171762823814,-38.2533413699451));
#6841=CARTESIAN_POINT('Origin',(-21.1003550353742,67.751578170528,-40.5000000000013));
#6842=CARTESIAN_POINT('',(-16.2709968194128,65.4186992148336,-38.2533413699451));
#6843=CARTESIAN_POINT('Origin',(-15.2716059923937,65.4535987115362,-42.7466586300576));
#6844=CARTESIAN_POINT('',(-15.3157017781697,66.7163368017269,-42.7466586300576));
#6845=CARTESIAN_POINT('Ctrl Pts',(-15.3157017781697,66.7163368017269,-42.7466586300576));
#6846=CARTESIAN_POINT('Ctrl Pts',(-15.4709329691355,66.5658675100408,-42.7466586300576));
#6847=CARTESIAN_POINT('Ctrl Pts',(-15.6349718244409,66.4050047827462,-42.7466586300576));
#6848=CARTESIAN_POINT('',(-15.3588547341499,67.9520757790839,-42.7466586300576));
#6849=CARTESIAN_POINT('',(-15.2716059923937,65.4535987115362,-42.7466586300576));
#6850=CARTESIAN_POINT('',(-14.5134116180749,67.9815993032587,-42.7466586300576));
#6851=CARTESIAN_POINT('',(-15.1859808828672,67.9581126669957,-42.7466586300575));
#6852=CARTESIAN_POINT('',(-15.2399826396839,88.7878711060796,-42.7466586300573));
#6853=CARTESIAN_POINT('',(-14.4261628763187,65.483122235711,-42.7466586300576));
#6854=CARTESIAN_POINT('',(-17.9192829088181,88.3795904213564,-42.7466586300573));
#6855=CARTESIAN_POINT('',(-10.9576477150176,89.4404275423248,-42.7466586300573));
#6856=CARTESIAN_POINT('',(-17.203688677244,67.8876527582066,-42.7466586300576));
#6857=CARTESIAN_POINT('',(-17.1164399354878,65.3891756906588,-42.7466586300576));
#6858=CARTESIAN_POINT('',(-15.1859808828672,67.9581126669957,-42.7466586300575));
#6859=CARTESIAN_POINT('Origin',(-10.5683573794592,66.7320262895276,-40.5000000000013));
#6860=CARTESIAN_POINT('',(-15.3157017781697,66.7163368017269,-38.2533413699451));
#6861=CARTESIAN_POINT('Ctrl Pts',(-15.6349718244409,66.4050047827462,-38.2533413699451));
#6862=CARTESIAN_POINT('Ctrl Pts',(-15.4709329691351,66.5658675100411,-38.2533413699451));
#6863=CARTESIAN_POINT('Ctrl Pts',(-15.3157017781697,66.7163368017269,-38.2533413699451));
#6864=CARTESIAN_POINT('Origin',(-10.5735923039645,66.8819349135803,-40.5000000000013));
#6865=CARTESIAN_POINT('Origin',(-10.5294965181885,65.6191968233895,-40.5000000000013));
#6866=CARTESIAN_POINT('',(-15.3588547341499,67.9520757790839,-38.2533413699451));
#6867=CARTESIAN_POINT('',(-15.2716059923937,65.4535987115361,-38.2533413699451));
#6868=CARTESIAN_POINT('Origin',(-10.6167452599448,68.1176738909372,-40.5000000000013));
#6869=CARTESIAN_POINT('Origin',(-6.62999999999056,68.4367683991851,-47.7624999999889));
#6870=CARTESIAN_POINT('',(-4.62999999999058,68.4367683991851,-44.5249999999743));
#6871=CARTESIAN_POINT('',(-4.62999999999055,68.4367683991851,-49.0000000000036));
#6872=CARTESIAN_POINT('',(-4.62999999999056,68.4367683991851,-47.7624999999888));
#6873=CARTESIAN_POINT('Origin',(-6.62999999999055,68.4367683991851,-49.0000000000036));
#6874=CARTESIAN_POINT('Origin',(-6.62999999999058,68.4367683991851,-44.5249999999743));
#6875=CARTESIAN_POINT('Origin',(-6.62999999999058,80.6662683991702,-44.5249999999743));
#6876=CARTESIAN_POINT('',(-4.62999999999058,81.041768399185,-44.5249999999743));
#6877=CARTESIAN_POINT('',(-4.62999999999058,80.6662683991702,-44.5249999999743));
#6878=CARTESIAN_POINT('Origin',(-6.62999999999058,81.041768399185,-44.5249999999743));
#6879=CARTESIAN_POINT('Origin',(-6.62999999999055,81.041768399185,-49.0000000000035));
#6880=CARTESIAN_POINT('',(-4.62999999999055,81.041768399185,-49.0000000000036));
#6881=CARTESIAN_POINT('Origin',(-6.62999999999055,81.041768399185,-49.0000000000036));
#6882=CARTESIAN_POINT('',(-4.62999999999055,81.041768399185,-49.0000000000035));
#6883=CARTESIAN_POINT('Origin',(-4.62999999999055,82.2907683991554,-49.0000000000036));
#6884=CARTESIAN_POINT('',(-4.62999999999055,90.4046555430233,-49.0000000000036));
#6885=CARTESIAN_POINT('',(-4.62999999999055,82.2907683991554,-49.0000000000036));
#6886=CARTESIAN_POINT('',(-4.62999999999067,90.4046555430233,-32.4999999999733));
#6887=CARTESIAN_POINT('',(-4.62999999999072,90.4046555430233,-24.5000000000018));
#6888=CARTESIAN_POINT('',(-4.62999999999067,82.2907683991554,-32.4999999999733));
#6889=CARTESIAN_POINT('',(-4.62999999999055,82.2907683991554,-49.0000000000036));
#6890=CARTESIAN_POINT('Origin',(-3.1299999999907,82.2907683991554,-49.0000000000036));
#6891=CARTESIAN_POINT('',(-3.1299999999907,82.2907683991554,-49.0000000000036));
#6892=CARTESIAN_POINT('',(-3.1299999999907,82.2907683991554,-49.0000000000036));
#6893=CARTESIAN_POINT('',(-3.99999999999099,82.2907683991554,-49.0000000000036));
#6894=CARTESIAN_POINT('',(-2.56499999999091,82.2907683991554,-49.0000000000036));
#6895=CARTESIAN_POINT('',(-3.99999999999102,90.5006570380176,-49.0000000000036));
#6896=CARTESIAN_POINT('',(-3.99999999999099,82.2907683991554,-49.0000000000036));
#6897=CARTESIAN_POINT('',(-4.18620134448088,90.4722830579526,-49.0000000000036));
#6898=CARTESIAN_POINT('Origin',(-3.1299999999907,82.2907683991554,-32.4999999999733));
#6899=CARTESIAN_POINT('',(-3.1299999999907,82.2907683991554,-16.2499999999867));
#6900=CARTESIAN_POINT('Origin',(-4.62999999999067,82.2907683991554,-32.4999999999733));
#6901=CARTESIAN_POINT('',(-4.91918105866267,90.3605891716637,-32.4999999999733));
#6902=CARTESIAN_POINT('Origin',(-3.99999999999102,90.5006570380176,0.));
#6903=CARTESIAN_POINT('',(-3.99999999999102,90.5006570380176,-50.));
#6904=CARTESIAN_POINT('',(-3.99999999999102,90.5006570380176,0.));
#6905=CARTESIAN_POINT('',(-29.3999999999909,86.6301205731667,-50.));
#6906=CARTESIAN_POINT('',(-29.3999999999909,86.6301205731667,-34.5));
#6907=CARTESIAN_POINT('',(-15.2399826396839,88.7878711060796,-38.2533413699448));
#6908=CARTESIAN_POINT('Origin',(-11.3592153460397,89.3792353313415,-40.5000000000011));
#6909=CARTESIAN_POINT('',(-17.9192829088181,88.3795904213564,-38.2533413699448));
#6910=CARTESIAN_POINT('',(-12.2792555580976,89.2390365443376,-38.2533413699448));
#6911=CARTESIAN_POINT('Origin',(-21.8000502024622,87.7882261960946,-40.5000000000011));
#6912=CARTESIAN_POINT('Origin',(-3.99999999999099,82.2907683991554,0.));
#6913=CARTESIAN_POINT('',(-3.99999999999099,82.2907683991554,-50.));
#6914=CARTESIAN_POINT('',(-3.99999999999099,82.2907683991554,0.));
#6915=CARTESIAN_POINT('',(-3.99999999999102,90.5006570380176,-50.));
#6916=CARTESIAN_POINT('Origin',(-21.0131062936179,65.2531011029803,-40.5000000000013));
#6917=CARTESIAN_POINT('',(-17.203688677244,67.8876527582065,-38.2533413699451));
#6918=CARTESIAN_POINT('',(-17.1164399354878,65.3891756906588,-38.2533413699451));
#6919=CARTESIAN_POINT('Origin',(-21.1003550353742,67.751578170528,-40.5000000000013));
#6920=CARTESIAN_POINT('Origin',(-10.5294965181885,65.6191968233895,-40.5000000000013));
#6921=CARTESIAN_POINT('',(-14.5134116180749,67.9815993032587,-38.2533413699451));
#6922=CARTESIAN_POINT('Origin',(-10.6167452599448,68.1176738909372,-40.5000000000013));
#6923=CARTESIAN_POINT('',(-14.4261628763187,65.483122235711,-38.2533413699451));
#6924=CARTESIAN_POINT('Origin',(-15.8585501476595,67.9346260307326,-40.5000000000013));
#6925=CARTESIAN_POINT('',(-16.5311194124517,67.9111393944696,-38.2533413699451));
#6926=CARTESIAN_POINT('Origin',(-15.8585501476595,67.9346260307326,-40.5000000000013));
#6927=CARTESIAN_POINT('',(-16.5311194124517,67.9111393944696,-38.2533413699451));
#6928=CARTESIAN_POINT('Origin',(-16.2709968194128,65.4186992148336,-38.2533413699451));
#6929=CARTESIAN_POINT('Origin',(-1.99999999999113,65.9958405540985,0.));
#6930=CARTESIAN_POINT('',(-1.99999999999113,82.2907683991554,-50.));
#6931=CARTESIAN_POINT('',(-1.99999999999113,82.2907683991554,-50.));
#6932=CARTESIAN_POINT('',(-1.99999999999113,82.2907683991554,0.));
#6933=CARTESIAN_POINT('Origin',(-15.699999999991,78.2482487960581,-50.));
#6934=CARTESIAN_POINT('',(-3.99999999999099,82.2907683991554,-50.));
#6935=CARTESIAN_POINT('Origin',(-15.699999999991,78.2482487960581,-34.5));
#6936=CARTESIAN_POINT('Origin',(-13.5499999999911,78.2482487960581,19.2));
#6937=CARTESIAN_POINT('',(-11.3708349621993,69.4958405540985,19.2));
#6938=CARTESIAN_POINT('Origin',(-16.6999999999911,55.7958405540994,19.2));
#6939=CARTESIAN_POINT('',(-11.3708349621993,69.9958405540985,19.2));
#6940=CARTESIAN_POINT('Origin',(-25.099999999991,65.9958405540993,-19.2));
#6941=CARTESIAN_POINT('',(-25.099999999991,65.9958405540993,-19.2));
#6942=CARTESIAN_POINT('Origin',(-6.68541748109523,78.248248796058,-19.2));
#6943=CARTESIAN_POINT('',(-11.3708349621993,69.4958405540985,-19.2));
#6944=CARTESIAN_POINT('',(-11.3708349621993,69.9958405540985,-19.2));
#6945=CARTESIAN_POINT('Origin',(-16.6999999999911,55.7958405540994,-19.2));
#6946=CARTESIAN_POINT('Origin',(-1.99999999999113,82.2907683991554,0.));
#6947=CARTESIAN_POINT('Origin',(-16.6999999999911,55.7958405540994,0.));
#6948=CARTESIAN_POINT('',(-11.3708349621993,69.4958405540985,0.));
#6949=CARTESIAN_POINT('Origin',(-11.3708349621993,69.9958405540985,0.));
#6950=UNCERTAINTY_MEASURE_WITH_UNIT(LENGTH_MEASURE(0.01),#6954,
'DISTANCE_ACCURACY_VALUE',
'Maximum model space distance between geometric entities at asserted c
onnectivities');
#6951=UNCERTAINTY_MEASURE_WITH_UNIT(LENGTH_MEASURE(0.01),#6954,
'DISTANCE_ACCURACY_VALUE',
'Maximum model space distance between geometric entities at asserted c
onnectivities');
#6952=(
GEOMETRIC_REPRESENTATION_CONTEXT(3)
GLOBAL_UNCERTAINTY_ASSIGNED_CONTEXT((#6950))
GLOBAL_UNIT_ASSIGNED_CONTEXT((#6954,#6956,#6957))
REPRESENTATION_CONTEXT('','3D')
);
#6953=(
GEOMETRIC_REPRESENTATION_CONTEXT(3)
GLOBAL_UNCERTAINTY_ASSIGNED_CONTEXT((#6951))
GLOBAL_UNIT_ASSIGNED_CONTEXT((#6954,#6956,#6957))
REPRESENTATION_CONTEXT('','3D')
);
#6954=(
LENGTH_UNIT()
NAMED_UNIT(*)
SI_UNIT(.MILLI.,.METRE.)
);
#6955=(
LENGTH_UNIT()
NAMED_UNIT(*)
SI_UNIT(.CENTI.,.METRE.)
);
#6956=(
NAMED_UNIT(*)
PLANE_ANGLE_UNIT()
SI_UNIT($,.RADIAN.)
);
#6957=(
NAMED_UNIT(*)
SI_UNIT($,.STERADIAN.)
SOLID_ANGLE_UNIT()
);
#6958=SHAPE_DEFINITION_REPRESENTATION(#6959,#6960);
#6959=PRODUCT_DEFINITION_SHAPE('',$,#6962);
#6960=SHAPE_REPRESENTATION('',(#3961),#6952);
#6961=PRODUCT_DEFINITION_CONTEXT('part definition',#6966,'design');
#6962=PRODUCT_DEFINITION('FonrtMount','FonrtMount',#6963,#6961);
#6963=PRODUCT_DEFINITION_FORMATION('',$,#6968);
#6964=PRODUCT_RELATED_PRODUCT_CATEGORY('FonrtMount','FonrtMount',(#6968));
#6965=APPLICATION_PROTOCOL_DEFINITION('international standard',
'automotive_design',2009,#6966);
#6966=APPLICATION_CONTEXT(
'Core Data for Automotive Mechanical Design Process');
#6967=PRODUCT_CONTEXT('part definition',#6966,'mechanical');
#6968=PRODUCT('FonrtMount','FonrtMount',$,(#6967));
#6969=PRESENTATION_STYLE_ASSIGNMENT((#6970));
#6970=SURFACE_STYLE_USAGE(.BOTH.,#6973);
#6971=SURFACE_STYLE_RENDERING_WITH_PROPERTIES($,#6977,(#6972));
#6972=SURFACE_STYLE_TRANSPARENT(0.);
#6973=SURFACE_SIDE_STYLE('',(#6974,#6971));
#6974=SURFACE_STYLE_FILL_AREA(#6975);
#6975=FILL_AREA_STYLE('',(#6976));
#6976=FILL_AREA_STYLE_COLOUR('',#6977);
#6977=COLOUR_RGB('',0.92156862745098,0.92156862745098,0.92156862745098);
ENDSEC;
END-ISO-10303-21;
