ISO-10303-21;
HEADER;
/* Generated by software containing ST-Developer
 * from STEP Tools, Inc. (www.steptools.com) 
 */

FILE_DESCRIPTION(
/* description */ (''),
/* implementation_level */ '2;1');

FILE_NAME(
/* name */ 'LeftGearbox.stp',
/* time_stamp */ '2026-04-14T20:37:26+02:00',
/* author */ ('szymo'),
/* organization */ (''),
/* preprocessor_version */ 'ST-DEVELOPER v20.1',
/* originating_system */ 'Autodesk Inventor 2026',
/* authorisation */ '');

FILE_SCHEMA (('AUTOMOTIVE_DESIGN { 1 0 10303 214 3 1 1 }'));
ENDSEC;

DATA;
#10=MECHANICAL_DESIGN_GEOMETRIC_PRESENTATION_REPRESENTATION('',(#13),#2732);
#11=SHAPE_REPRESENTATION_RELATIONSHIP('SRR','None',#2739,#12);
#12=ADVANCED_BREP_SHAPE_REPRESENTATION('',(#14),#2731);
#13=STYLED_ITEM('',(#2748),#14);
#14=MANIFOLD_SOLID_BREP('Solid1',#1578);
#15=(
BOUNDED_CURVE()
B_SPLINE_CURVE(2,(#2330,#2331,#2332),.UNSPECIFIED.,.F.,.F.)
B_SPLINE_CURVE_WITH_KNOTS((3,3),(0.,0.489897948556736),.UNSPECIFIED.)
CURVE()
GEOMETRIC_REPRESENTATION_ITEM()
RATIONAL_B_SPLINE_CURVE((1.,1.5000000000003,1.))
REPRESENTATION_ITEM('')
);
#16=(
BOUNDED_CURVE()
B_SPLINE_CURVE(2,(#2337,#2338,#2339),.UNSPECIFIED.,.F.,.F.)
B_SPLINE_CURVE_WITH_KNOTS((3,3),(0.,0.489897948556735),.UNSPECIFIED.)
CURVE()
GEOMETRIC_REPRESENTATION_ITEM()
RATIONAL_B_SPLINE_CURVE((1.,1.5000000000003,1.))
REPRESENTATION_ITEM('')
);
#17=CONICAL_SURFACE('',#1629,2.225,0.785398163397448);
#18=CONICAL_SURFACE('',#1631,2.225,0.785398163397448);
#19=CONICAL_SURFACE('',#1682,1.36475,0.785398163397448);
#20=FACE_BOUND('',#215,.T.);
#21=FACE_BOUND('',#220,.T.);
#22=FACE_BOUND('',#225,.T.);
#23=FACE_BOUND('',#233,.T.);
#24=FACE_BOUND('',#238,.T.);
#25=FACE_BOUND('',#243,.T.);
#26=FACE_BOUND('',#248,.T.);
#27=FACE_BOUND('',#253,.T.);
#28=FACE_BOUND('',#258,.T.);
#29=FACE_BOUND('',#266,.T.);
#30=FACE_BOUND('',#271,.T.);
#31=FACE_BOUND('',#278,.T.);
#32=FACE_BOUND('',#279,.T.);
#33=FACE_BOUND('',#280,.T.);
#34=FACE_BOUND('',#281,.T.);
#35=FACE_BOUND('',#282,.T.);
#36=FACE_BOUND('',#286,.T.);
#37=FACE_BOUND('',#287,.T.);
#38=FACE_BOUND('',#288,.T.);
#39=FACE_BOUND('',#289,.T.);
#40=FACE_BOUND('',#290,.T.);
#41=FACE_BOUND('',#291,.T.);
#42=FACE_BOUND('',#292,.T.);
#43=FACE_BOUND('',#293,.T.);
#44=FACE_BOUND('',#294,.T.);
#45=FACE_BOUND('',#299,.T.);
#46=FACE_BOUND('',#302,.T.);
#47=FACE_BOUND('',#323,.T.);
#48=FACE_BOUND('',#327,.T.);
#49=FACE_BOUND('',#337,.T.);
#50=FACE_BOUND('',#338,.T.);
#51=FACE_BOUND('',#339,.T.);
#52=FACE_BOUND('',#341,.T.);
#53=FACE_BOUND('',#342,.T.);
#54=FACE_BOUND('',#345,.T.);
#55=PLANE('',#1604);
#56=PLANE('',#1605);
#57=PLANE('',#1612);
#58=PLANE('',#1613);
#59=PLANE('',#1620);
#60=PLANE('',#1621);
#61=PLANE('',#1628);
#62=PLANE('',#1633);
#63=PLANE('',#1634);
#64=PLANE('',#1641);
#65=PLANE('',#1642);
#66=PLANE('',#1649);
#67=PLANE('',#1650);
#68=PLANE('',#1657);
#69=PLANE('',#1658);
#70=PLANE('',#1665);
#71=PLANE('',#1666);
#72=PLANE('',#1673);
#73=PLANE('',#1674);
#74=PLANE('',#1681);
#75=PLANE('',#1687);
#76=PLANE('',#1688);
#77=PLANE('',#1695);
#78=PLANE('',#1696);
#79=PLANE('',#1703);
#80=PLANE('',#1704);
#81=PLANE('',#1705);
#82=PLANE('',#1706);
#83=PLANE('',#1715);
#84=PLANE('',#1716);
#85=PLANE('',#1717);
#86=PLANE('',#1731);
#87=PLANE('',#1734);
#88=PLANE('',#1735);
#89=PLANE('',#1736);
#90=PLANE('',#1737);
#91=PLANE('',#1740);
#92=PLANE('',#1741);
#93=PLANE('',#1744);
#94=PLANE('',#1745);
#95=PLANE('',#1746);
#96=PLANE('',#1747);
#97=PLANE('',#1750);
#98=PLANE('',#1759);
#99=PLANE('',#1764);
#100=PLANE('',#1766);
#101=PLANE('',#1772);
#102=PLANE('',#1773);
#103=PLANE('',#1774);
#104=PLANE('',#1775);
#105=PLANE('',#1776);
#106=PLANE('',#1777);
#107=PLANE('',#1778);
#108=PLANE('',#1779);
#109=PLANE('',#1781);
#110=PLANE('',#1782);
#111=PLANE('',#1783);
#112=PLANE('',#1784);
#113=FACE_OUTER_BOUND('',#212,.T.);
#114=FACE_OUTER_BOUND('',#213,.T.);
#115=FACE_OUTER_BOUND('',#214,.T.);
#116=FACE_OUTER_BOUND('',#216,.T.);
#117=FACE_OUTER_BOUND('',#217,.T.);
#118=FACE_OUTER_BOUND('',#218,.T.);
#119=FACE_OUTER_BOUND('',#219,.T.);
#120=FACE_OUTER_BOUND('',#221,.T.);
#121=FACE_OUTER_BOUND('',#222,.T.);
#122=FACE_OUTER_BOUND('',#223,.T.);
#123=FACE_OUTER_BOUND('',#224,.T.);
#124=FACE_OUTER_BOUND('',#226,.T.);
#125=FACE_OUTER_BOUND('',#227,.T.);
#126=FACE_OUTER_BOUND('',#228,.T.);
#127=FACE_OUTER_BOUND('',#229,.T.);
#128=FACE_OUTER_BOUND('',#230,.T.);
#129=FACE_OUTER_BOUND('',#231,.T.);
#130=FACE_OUTER_BOUND('',#232,.T.);
#131=FACE_OUTER_BOUND('',#234,.T.);
#132=FACE_OUTER_BOUND('',#235,.T.);
#133=FACE_OUTER_BOUND('',#236,.T.);
#134=FACE_OUTER_BOUND('',#237,.T.);
#135=FACE_OUTER_BOUND('',#239,.T.);
#136=FACE_OUTER_BOUND('',#240,.T.);
#137=FACE_OUTER_BOUND('',#241,.T.);
#138=FACE_OUTER_BOUND('',#242,.T.);
#139=FACE_OUTER_BOUND('',#244,.T.);
#140=FACE_OUTER_BOUND('',#245,.T.);
#141=FACE_OUTER_BOUND('',#246,.T.);
#142=FACE_OUTER_BOUND('',#247,.T.);
#143=FACE_OUTER_BOUND('',#249,.T.);
#144=FACE_OUTER_BOUND('',#250,.T.);
#145=FACE_OUTER_BOUND('',#251,.T.);
#146=FACE_OUTER_BOUND('',#252,.T.);
#147=FACE_OUTER_BOUND('',#254,.T.);
#148=FACE_OUTER_BOUND('',#255,.T.);
#149=FACE_OUTER_BOUND('',#256,.T.);
#150=FACE_OUTER_BOUND('',#257,.T.);
#151=FACE_OUTER_BOUND('',#259,.T.);
#152=FACE_OUTER_BOUND('',#260,.T.);
#153=FACE_OUTER_BOUND('',#261,.T.);
#154=FACE_OUTER_BOUND('',#262,.T.);
#155=FACE_OUTER_BOUND('',#263,.T.);
#156=FACE_OUTER_BOUND('',#264,.T.);
#157=FACE_OUTER_BOUND('',#265,.T.);
#158=FACE_OUTER_BOUND('',#267,.T.);
#159=FACE_OUTER_BOUND('',#268,.T.);
#160=FACE_OUTER_BOUND('',#269,.T.);
#161=FACE_OUTER_BOUND('',#270,.T.);
#162=FACE_OUTER_BOUND('',#272,.T.);
#163=FACE_OUTER_BOUND('',#273,.T.);
#164=FACE_OUTER_BOUND('',#274,.T.);
#165=FACE_OUTER_BOUND('',#275,.T.);
#166=FACE_OUTER_BOUND('',#276,.T.);
#167=FACE_OUTER_BOUND('',#277,.T.);
#168=FACE_OUTER_BOUND('',#283,.T.);
#169=FACE_OUTER_BOUND('',#284,.T.);
#170=FACE_OUTER_BOUND('',#285,.T.);
#171=FACE_OUTER_BOUND('',#295,.T.);
#172=FACE_OUTER_BOUND('',#296,.T.);
#173=FACE_OUTER_BOUND('',#297,.T.);
#174=FACE_OUTER_BOUND('',#298,.T.);
#175=FACE_OUTER_BOUND('',#300,.T.);
#176=FACE_OUTER_BOUND('',#301,.T.);
#177=FACE_OUTER_BOUND('',#303,.T.);
#178=FACE_OUTER_BOUND('',#304,.T.);
#179=FACE_OUTER_BOUND('',#305,.T.);
#180=FACE_OUTER_BOUND('',#306,.T.);
#181=FACE_OUTER_BOUND('',#307,.T.);
#182=FACE_OUTER_BOUND('',#308,.T.);
#183=FACE_OUTER_BOUND('',#309,.T.);
#184=FACE_OUTER_BOUND('',#310,.T.);
#185=FACE_OUTER_BOUND('',#311,.T.);
#186=FACE_OUTER_BOUND('',#312,.T.);
#187=FACE_OUTER_BOUND('',#313,.T.);
#188=FACE_OUTER_BOUND('',#314,.T.);
#189=FACE_OUTER_BOUND('',#315,.T.);
#190=FACE_OUTER_BOUND('',#316,.T.);
#191=FACE_OUTER_BOUND('',#317,.T.);
#192=FACE_OUTER_BOUND('',#318,.T.);
#193=FACE_OUTER_BOUND('',#319,.T.);
#194=FACE_OUTER_BOUND('',#320,.T.);
#195=FACE_OUTER_BOUND('',#321,.T.);
#196=FACE_OUTER_BOUND('',#322,.T.);
#197=FACE_OUTER_BOUND('',#324,.T.);
#198=FACE_OUTER_BOUND('',#325,.T.);
#199=FACE_OUTER_BOUND('',#326,.T.);
#200=FACE_OUTER_BOUND('',#328,.T.);
#201=FACE_OUTER_BOUND('',#329,.T.);
#202=FACE_OUTER_BOUND('',#330,.T.);
#203=FACE_OUTER_BOUND('',#331,.T.);
#204=FACE_OUTER_BOUND('',#332,.T.);
#205=FACE_OUTER_BOUND('',#333,.T.);
#206=FACE_OUTER_BOUND('',#334,.T.);
#207=FACE_OUTER_BOUND('',#335,.T.);
#208=FACE_OUTER_BOUND('',#336,.T.);
#209=FACE_OUTER_BOUND('',#340,.T.);
#210=FACE_OUTER_BOUND('',#343,.T.);
#211=FACE_OUTER_BOUND('',#344,.T.);
#212=EDGE_LOOP('',(#1023,#1024,#1025,#1026));
#213=EDGE_LOOP('',(#1027));
#214=EDGE_LOOP('',(#1028));
#215=EDGE_LOOP('',(#1029));
#216=EDGE_LOOP('',(#1030,#1031,#1032,#1033));
#217=EDGE_LOOP('',(#1034,#1035,#1036,#1037));
#218=EDGE_LOOP('',(#1038));
#219=EDGE_LOOP('',(#1039));
#220=EDGE_LOOP('',(#1040));
#221=EDGE_LOOP('',(#1041,#1042,#1043,#1044));
#222=EDGE_LOOP('',(#1045,#1046,#1047,#1048));
#223=EDGE_LOOP('',(#1049));
#224=EDGE_LOOP('',(#1050));
#225=EDGE_LOOP('',(#1051));
#226=EDGE_LOOP('',(#1052,#1053,#1054,#1055));
#227=EDGE_LOOP('',(#1056,#1057,#1058,#1059));
#228=EDGE_LOOP('',(#1060));
#229=EDGE_LOOP('',(#1061,#1062));
#230=EDGE_LOOP('',(#1063,#1064));
#231=EDGE_LOOP('',(#1065,#1066,#1067,#1068,#1069,#1070,#1071,#1072,#1073,
#1074));
#232=EDGE_LOOP('',(#1075));
#233=EDGE_LOOP('',(#1076));
#234=EDGE_LOOP('',(#1077,#1078,#1079,#1080));
#235=EDGE_LOOP('',(#1081,#1082,#1083,#1084));
#236=EDGE_LOOP('',(#1085));
#237=EDGE_LOOP('',(#1086));
#238=EDGE_LOOP('',(#1087));
#239=EDGE_LOOP('',(#1088,#1089,#1090,#1091));
#240=EDGE_LOOP('',(#1092,#1093,#1094,#1095));
#241=EDGE_LOOP('',(#1096));
#242=EDGE_LOOP('',(#1097));
#243=EDGE_LOOP('',(#1098));
#244=EDGE_LOOP('',(#1099,#1100,#1101,#1102));
#245=EDGE_LOOP('',(#1103,#1104,#1105,#1106));
#246=EDGE_LOOP('',(#1107));
#247=EDGE_LOOP('',(#1108));
#248=EDGE_LOOP('',(#1109));
#249=EDGE_LOOP('',(#1110,#1111,#1112,#1113));
#250=EDGE_LOOP('',(#1114,#1115,#1116,#1117));
#251=EDGE_LOOP('',(#1118));
#252=EDGE_LOOP('',(#1119));
#253=EDGE_LOOP('',(#1120));
#254=EDGE_LOOP('',(#1121,#1122,#1123,#1124));
#255=EDGE_LOOP('',(#1125,#1126,#1127,#1128));
#256=EDGE_LOOP('',(#1129));
#257=EDGE_LOOP('',(#1130));
#258=EDGE_LOOP('',(#1131));
#259=EDGE_LOOP('',(#1132,#1133,#1134,#1135));
#260=EDGE_LOOP('',(#1136,#1137,#1138,#1139));
#261=EDGE_LOOP('',(#1140));
#262=EDGE_LOOP('',(#1141,#1142,#1143,#1144));
#263=EDGE_LOOP('',(#1145,#1146,#1147,#1148));
#264=EDGE_LOOP('',(#1149));
#265=EDGE_LOOP('',(#1150));
#266=EDGE_LOOP('',(#1151));
#267=EDGE_LOOP('',(#1152,#1153,#1154,#1155));
#268=EDGE_LOOP('',(#1156,#1157,#1158,#1159));
#269=EDGE_LOOP('',(#1160));
#270=EDGE_LOOP('',(#1161));
#271=EDGE_LOOP('',(#1162));
#272=EDGE_LOOP('',(#1163,#1164,#1165,#1166));
#273=EDGE_LOOP('',(#1167,#1168,#1169,#1170));
#274=EDGE_LOOP('',(#1171));
#275=EDGE_LOOP('',(#1172,#1173,#1174,#1175));
#276=EDGE_LOOP('',(#1176,#1177,#1178,#1179));
#277=EDGE_LOOP('',(#1180,#1181,#1182,#1183,#1184,#1185,#1186,#1187,#1188,
#1189,#1190,#1191,#1192,#1193,#1194,#1195,#1196,#1197,#1198,#1199,#1200,
#1201,#1202,#1203,#1204,#1205,#1206,#1207,#1208,#1209));
#278=EDGE_LOOP('',(#1210));
#279=EDGE_LOOP('',(#1211));
#280=EDGE_LOOP('',(#1212));
#281=EDGE_LOOP('',(#1213));
#282=EDGE_LOOP('',(#1214));
#283=EDGE_LOOP('',(#1215,#1216,#1217,#1218));
#284=EDGE_LOOP('',(#1219,#1220,#1221,#1222));
#285=EDGE_LOOP('',(#1223,#1224,#1225,#1226,#1227,#1228,#1229,#1230,#1231,
#1232,#1233,#1234,#1235,#1236,#1237,#1238));
#286=EDGE_LOOP('',(#1239));
#287=EDGE_LOOP('',(#1240));
#288=EDGE_LOOP('',(#1241));
#289=EDGE_LOOP('',(#1242));
#290=EDGE_LOOP('',(#1243));
#291=EDGE_LOOP('',(#1244));
#292=EDGE_LOOP('',(#1245,#1246,#1247,#1248,#1249));
#293=EDGE_LOOP('',(#1250));
#294=EDGE_LOOP('',(#1251));
#295=EDGE_LOOP('',(#1252,#1253,#1254,#1255));
#296=EDGE_LOOP('',(#1256,#1257,#1258,#1259));
#297=EDGE_LOOP('',(#1260,#1261,#1262,#1263));
#298=EDGE_LOOP('',(#1264));
#299=EDGE_LOOP('',(#1265));
#300=EDGE_LOOP('',(#1266,#1267,#1268,#1269));
#301=EDGE_LOOP('',(#1270));
#302=EDGE_LOOP('',(#1271));
#303=EDGE_LOOP('',(#1272,#1273,#1274,#1275));
#304=EDGE_LOOP('',(#1276,#1277,#1278,#1279));
#305=EDGE_LOOP('',(#1280,#1281,#1282,#1283));
#306=EDGE_LOOP('',(#1284,#1285,#1286,#1287));
#307=EDGE_LOOP('',(#1288,#1289,#1290,#1291,#1292));
#308=EDGE_LOOP('',(#1293,#1294,#1295,#1296));
#309=EDGE_LOOP('',(#1297,#1298,#1299,#1300));
#310=EDGE_LOOP('',(#1301,#1302,#1303,#1304));
#311=EDGE_LOOP('',(#1305,#1306,#1307,#1308));
#312=EDGE_LOOP('',(#1309,#1310,#1311,#1312));
#313=EDGE_LOOP('',(#1313,#1314,#1315,#1316,#1317,#1318,#1319,#1320));
#314=EDGE_LOOP('',(#1321,#1322,#1323,#1324));
#315=EDGE_LOOP('',(#1325));
#316=EDGE_LOOP('',(#1326,#1327,#1328,#1329));
#317=EDGE_LOOP('',(#1330,#1331,#1332,#1333));
#318=EDGE_LOOP('',(#1334,#1335,#1336,#1337,#1338,#1339,#1340,#1341));
#319=EDGE_LOOP('',(#1342,#1343,#1344,#1345,#1346,#1347,#1348));
#320=EDGE_LOOP('',(#1349,#1350,#1351,#1352,#1353,#1354,#1355,#1356));
#321=EDGE_LOOP('',(#1357,#1358,#1359));
#322=EDGE_LOOP('',(#1360,#1361));
#323=EDGE_LOOP('',(#1362));
#324=EDGE_LOOP('',(#1363,#1364,#1365,#1366,#1367,#1368,#1369,#1370));
#325=EDGE_LOOP('',(#1371,#1372,#1373,#1374));
#326=EDGE_LOOP('',(#1375,#1376,#1377,#1378,#1379,#1380));
#327=EDGE_LOOP('',(#1381));
#328=EDGE_LOOP('',(#1382,#1383,#1384,#1385));
#329=EDGE_LOOP('',(#1386,#1387,#1388,#1389));
#330=EDGE_LOOP('',(#1390,#1391,#1392,#1393));
#331=EDGE_LOOP('',(#1394,#1395,#1396,#1397));
#332=EDGE_LOOP('',(#1398,#1399,#1400,#1401));
#333=EDGE_LOOP('',(#1402,#1403,#1404,#1405));
#334=EDGE_LOOP('',(#1406,#1407,#1408,#1409,#1410,#1411));
#335=EDGE_LOOP('',(#1412,#1413,#1414,#1415));
#336=EDGE_LOOP('',(#1416,#1417,#1418,#1419));
#337=EDGE_LOOP('',(#1420));
#338=EDGE_LOOP('',(#1421));
#339=EDGE_LOOP('',(#1422));
#340=EDGE_LOOP('',(#1423,#1424,#1425,#1426,#1427,#1428,#1429,#1430,#1431,
#1432));
#341=EDGE_LOOP('',(#1433));
#342=EDGE_LOOP('',(#1434));
#343=EDGE_LOOP('',(#1435,#1436,#1437,#1438));
#344=EDGE_LOOP('',(#1439));
#345=EDGE_LOOP('',(#1440));
#346=LINE('',#2282,#468);
#347=LINE('',#2293,#469);
#348=LINE('',#2296,#470);
#349=LINE('',#2307,#471);
#350=LINE('',#2310,#472);
#351=LINE('',#2321,#473);
#352=LINE('',#2324,#474);
#353=LINE('',#2343,#475);
#354=LINE('',#2345,#476);
#355=LINE('',#2347,#477);
#356=LINE('',#2349,#478);
#357=LINE('',#2351,#479);
#358=LINE('',#2353,#480);
#359=LINE('',#2354,#481);
#360=LINE('',#2355,#482);
#361=LINE('',#2364,#483);
#362=LINE('',#2367,#484);
#363=LINE('',#2378,#485);
#364=LINE('',#2381,#486);
#365=LINE('',#2392,#487);
#366=LINE('',#2395,#488);
#367=LINE('',#2406,#489);
#368=LINE('',#2409,#490);
#369=LINE('',#2420,#491);
#370=LINE('',#2423,#492);
#371=LINE('',#2434,#493);
#372=LINE('',#2437,#494);
#373=LINE('',#2444,#495);
#374=LINE('',#2448,#496);
#375=LINE('',#2459,#497);
#376=LINE('',#2462,#498);
#377=LINE('',#2473,#499);
#378=LINE('',#2476,#500);
#379=LINE('',#2482,#501);
#380=LINE('',#2484,#502);
#381=LINE('',#2486,#503);
#382=LINE('',#2487,#504);
#383=LINE('',#2490,#505);
#384=LINE('',#2492,#506);
#385=LINE('',#2493,#507);
#386=LINE('',#2496,#508);
#387=LINE('',#2498,#509);
#388=LINE('',#2502,#510);
#389=LINE('',#2504,#511);
#390=LINE('',#2506,#512);
#391=LINE('',#2508,#513);
#392=LINE('',#2510,#514);
#393=LINE('',#2512,#515);
#394=LINE('',#2514,#516);
#395=LINE('',#2518,#517);
#396=LINE('',#2520,#518);
#397=LINE('',#2522,#519);
#398=LINE('',#2524,#520);
#399=LINE('',#2526,#521);
#400=LINE('',#2528,#522);
#401=LINE('',#2530,#523);
#402=LINE('',#2532,#524);
#403=LINE('',#2534,#525);
#404=LINE('',#2535,#526);
#405=LINE('',#2537,#527);
#406=LINE('',#2552,#528);
#407=LINE('',#2553,#529);
#408=LINE('',#2554,#530);
#409=LINE('',#2557,#531);
#410=LINE('',#2558,#532);
#411=LINE('',#2561,#533);
#412=LINE('',#2563,#534);
#413=LINE('',#2564,#535);
#414=LINE('',#2566,#536);
#415=LINE('',#2568,#537);
#416=LINE('',#2570,#538);
#417=LINE('',#2572,#539);
#418=LINE('',#2574,#540);
#419=LINE('',#2576,#541);
#420=LINE('',#2577,#542);
#421=LINE('',#2578,#543);
#422=LINE('',#2596,#544);
#423=LINE('',#2600,#545);
#424=LINE('',#2603,#546);
#425=LINE('',#2608,#547);
#426=LINE('',#2613,#548);
#427=LINE('',#2615,#549);
#428=LINE('',#2616,#550);
#429=LINE('',#2619,#551);
#430=LINE('',#2620,#552);
#431=LINE('',#2623,#553);
#432=LINE('',#2624,#554);
#433=LINE('',#2627,#555);
#434=LINE('',#2630,#556);
#435=LINE('',#2633,#557);
#436=LINE('',#2635,#558);
#437=LINE('',#2636,#559);
#438=LINE('',#2639,#560);
#439=LINE('',#2642,#561);
#440=LINE('',#2645,#562);
#441=LINE('',#2646,#563);
#442=LINE('',#2648,#564);
#443=LINE('',#2651,#565);
#444=LINE('',#2652,#566);
#445=LINE('',#2655,#567);
#446=LINE('',#2657,#568);
#447=LINE('',#2658,#569);
#448=LINE('',#2661,#570);
#449=LINE('',#2668,#571);
#450=LINE('',#2669,#572);
#451=LINE('',#2674,#573);
#452=LINE('',#2675,#574);
#453=LINE('',#2680,#575);
#454=LINE('',#2684,#576);
#455=LINE('',#2692,#577);
#456=LINE('',#2695,#578);
#457=LINE('',#2703,#579);
#458=LINE('',#2706,#580);
#459=LINE('',#2708,#581);
#460=LINE('',#2709,#582);
#461=LINE('',#2711,#583);
#462=LINE('',#2713,#584);
#463=LINE('',#2716,#585);
#464=LINE('',#2718,#586);
#465=LINE('',#2721,#587);
#466=LINE('',#2724,#588);
#467=LINE('',#2726,#589);
#468=VECTOR('',#1791,1.25);
#469=VECTOR('',#1806,1.75);
#470=VECTOR('',#1809,1.5);
#471=VECTOR('',#1824,1.75);
#472=VECTOR('',#1827,1.5);
#473=VECTOR('',#1842,2.25);
#474=VECTOR('',#1845,2.);
#475=VECTOR('',#1860,10.);
#476=VECTOR('',#1861,10.);
#477=VECTOR('',#1862,10.);
#478=VECTOR('',#1863,10.);
#479=VECTOR('',#1864,10.);
#480=VECTOR('',#1865,10.);
#481=VECTOR('',#1866,10.);
#482=VECTOR('',#1867,10.);
#483=VECTOR('',#1878,2.25);
#484=VECTOR('',#1881,2.);
#485=VECTOR('',#1896,2.25);
#486=VECTOR('',#1899,2.);
#487=VECTOR('',#1914,2.25);
#488=VECTOR('',#1917,2.);
#489=VECTOR('',#1932,2.25);
#490=VECTOR('',#1935,2.);
#491=VECTOR('',#1950,2.25);
#492=VECTOR('',#1953,2.);
#493=VECTOR('',#1968,2.25);
#494=VECTOR('',#1971,2.);
#495=VECTOR('',#1980,1.36475);
#496=VECTOR('',#1985,1.2295);
#497=VECTOR('',#2000,2.1);
#498=VECTOR('',#2003,2.);
#499=VECTOR('',#2018,2.1);
#500=VECTOR('',#2021,2.);
#501=VECTOR('',#2028,10.);
#502=VECTOR('',#2029,10.);
#503=VECTOR('',#2030,10.);
#504=VECTOR('',#2031,10.);
#505=VECTOR('',#2034,10.);
#506=VECTOR('',#2035,10.);
#507=VECTOR('',#2036,10.);
#508=VECTOR('',#2039,10.);
#509=VECTOR('',#2040,10.);
#510=VECTOR('',#2043,10.);
#511=VECTOR('',#2044,10.);
#512=VECTOR('',#2045,10.);
#513=VECTOR('',#2046,10.);
#514=VECTOR('',#2047,10.);
#515=VECTOR('',#2048,10.);
#516=VECTOR('',#2049,10.);
#517=VECTOR('',#2052,10.);
#518=VECTOR('',#2053,10.);
#519=VECTOR('',#2054,10.);
#520=VECTOR('',#2055,10.);
#521=VECTOR('',#2056,10.);
#522=VECTOR('',#2057,10.);
#523=VECTOR('',#2058,10.);
#524=VECTOR('',#2059,10.);
#525=VECTOR('',#2060,10.);
#526=VECTOR('',#2061,10.);
#527=VECTOR('',#2062,10.);
#528=VECTOR('',#2077,10.);
#529=VECTOR('',#2078,10.);
#530=VECTOR('',#2079,10.);
#531=VECTOR('',#2082,10.);
#532=VECTOR('',#2083,10.);
#533=VECTOR('',#2086,10.);
#534=VECTOR('',#2087,10.);
#535=VECTOR('',#2088,10.);
#536=VECTOR('',#2089,10.);
#537=VECTOR('',#2090,10.);
#538=VECTOR('',#2091,10.);
#539=VECTOR('',#2092,10.);
#540=VECTOR('',#2093,10.);
#541=VECTOR('',#2094,10.);
#542=VECTOR('',#2095,10.);
#543=VECTOR('',#2096,10.);
#544=VECTOR('',#2115,1.05643030000003);
#545=VECTOR('',#2120,1.05643030000003);
#546=VECTOR('',#2123,2.25);
#547=VECTOR('',#2130,2.25);
#548=VECTOR('',#2137,10.);
#549=VECTOR('',#2138,10.);
#550=VECTOR('',#2139,10.);
#551=VECTOR('',#2142,10.);
#552=VECTOR('',#2143,10.);
#553=VECTOR('',#2146,10.);
#554=VECTOR('',#2147,10.);
#555=VECTOR('',#2150,10.);
#556=VECTOR('',#2155,10.);
#557=VECTOR('',#2158,10.);
#558=VECTOR('',#2159,10.);
#559=VECTOR('',#2160,10.);
#560=VECTOR('',#2163,10.);
#561=VECTOR('',#2166,10.);
#562=VECTOR('',#2169,10.);
#563=VECTOR('',#2170,10.);
#564=VECTOR('',#2173,10.);
#565=VECTOR('',#2176,10.);
#566=VECTOR('',#2177,10.);
#567=VECTOR('',#2180,10.);
#568=VECTOR('',#2181,10.);
#569=VECTOR('',#2182,10.);
#570=VECTOR('',#2185,5.00000000000001);
#571=VECTOR('',#2194,10.);
#572=VECTOR('',#2195,10.);
#573=VECTOR('',#2200,10.);
#574=VECTOR('',#2201,10.);
#575=VECTOR('',#2206,10.);
#576=VECTOR('',#2209,10.);
#577=VECTOR('',#2222,5.00000000000012);
#578=VECTOR('',#2225,10.);
#579=VECTOR('',#2236,4.60000000000001);
#580=VECTOR('',#2241,4.8);
#581=VECTOR('',#2244,10.);
#582=VECTOR('',#2245,10.);
#583=VECTOR('',#2248,10.);
#584=VECTOR('',#2251,10.);
#585=VECTOR('',#2256,10.);
#586=VECTOR('',#2259,10.);
#587=VECTOR('',#2264,10.);
#588=VECTOR('',#2269,10.);
#589=VECTOR('',#2272,10.);
#590=CIRCLE('',#1602,1.25);
#591=CIRCLE('',#1603,1.25);
#592=CIRCLE('',#1606,1.75);
#593=CIRCLE('',#1607,1.5);
#594=CIRCLE('',#1609,1.75);
#595=CIRCLE('',#1611,1.5);
#596=CIRCLE('',#1614,1.75);
#597=CIRCLE('',#1615,1.5);
#598=CIRCLE('',#1617,1.75);
#599=CIRCLE('',#1619,1.5);
#600=CIRCLE('',#1622,2.25);
#601=CIRCLE('',#1623,2.);
#602=CIRCLE('',#1625,2.25);
#603=CIRCLE('',#1627,2.);
#604=CIRCLE('',#1630,3.);
#605=CIRCLE('',#1632,3.);
#606=CIRCLE('',#1635,2.25);
#607=CIRCLE('',#1636,2.);
#608=CIRCLE('',#1638,2.25);
#609=CIRCLE('',#1640,2.);
#610=CIRCLE('',#1643,2.25);
#611=CIRCLE('',#1644,2.);
#612=CIRCLE('',#1646,2.25);
#613=CIRCLE('',#1648,2.);
#614=CIRCLE('',#1651,2.25);
#615=CIRCLE('',#1652,2.);
#616=CIRCLE('',#1654,2.25);
#617=CIRCLE('',#1656,2.);
#618=CIRCLE('',#1659,2.25);
#619=CIRCLE('',#1660,2.);
#620=CIRCLE('',#1662,2.25);
#621=CIRCLE('',#1664,2.);
#622=CIRCLE('',#1667,2.25);
#623=CIRCLE('',#1668,2.);
#624=CIRCLE('',#1670,2.25);
#625=CIRCLE('',#1672,2.);
#626=CIRCLE('',#1675,2.25);
#627=CIRCLE('',#1676,2.);
#628=CIRCLE('',#1678,2.25);
#629=CIRCLE('',#1680,2.);
#630=CIRCLE('',#1683,1.5);
#631=CIRCLE('',#1684,1.2295);
#632=CIRCLE('',#1686,1.2295);
#633=CIRCLE('',#1689,2.1);
#634=CIRCLE('',#1690,2.);
#635=CIRCLE('',#1692,2.1);
#636=CIRCLE('',#1694,2.);
#637=CIRCLE('',#1697,2.1);
#638=CIRCLE('',#1698,2.);
#639=CIRCLE('',#1700,2.1);
#640=CIRCLE('',#1702,2.);
#641=CIRCLE('',#1707,12.5);
#642=CIRCLE('',#1708,12.5000037);
#643=CIRCLE('',#1709,14.6999999999998);
#644=CIRCLE('',#1710,5.00000000000001);
#645=CIRCLE('',#1711,4.8);
#646=CIRCLE('',#1712,5.00000000000012);
#647=CIRCLE('',#1713,1.05643030000003);
#648=CIRCLE('',#1714,1.05643030000003);
#649=CIRCLE('',#1718,8.40000000000001);
#650=CIRCLE('',#1719,10.);
#651=CIRCLE('',#1720,8.40000000000001);
#652=CIRCLE('',#1721,5.00000000000012);
#653=CIRCLE('',#1722,5.00000000000012);
#654=CIRCLE('',#1723,2.25);
#655=CIRCLE('',#1724,2.25);
#656=CIRCLE('',#1726,1.05643030000003);
#657=CIRCLE('',#1728,1.05643030000003);
#658=CIRCLE('',#1730,2.25);
#659=CIRCLE('',#1733,2.25);
#660=CIRCLE('',#1739,12.5);
#661=CIRCLE('',#1743,12.5000037);
#662=CIRCLE('',#1749,5.00000000000001);
#663=CIRCLE('',#1752,8.40000000000001);
#664=CIRCLE('',#1754,8.40000000000001);
#665=CIRCLE('',#1756,10.);
#666=CIRCLE('',#1757,10.);
#667=CIRCLE('',#1758,10.);
#668=CIRCLE('',#1760,5.00000000000012);
#669=CIRCLE('',#1761,4.60000000000001);
#670=CIRCLE('',#1762,4.60000000000001);
#671=CIRCLE('',#1765,14.6999999999998);
#672=CIRCLE('',#1767,4.60000000000001);
#673=CIRCLE('',#1768,4.8);
#674=CIRCLE('',#1770,4.60000000000001);
#675=VERTEX_POINT('',#2279);
#676=VERTEX_POINT('',#2281);
#677=VERTEX_POINT('',#2286);
#678=VERTEX_POINT('',#2288);
#679=VERTEX_POINT('',#2291);
#680=VERTEX_POINT('',#2295);
#681=VERTEX_POINT('',#2300);
#682=VERTEX_POINT('',#2302);
#683=VERTEX_POINT('',#2305);
#684=VERTEX_POINT('',#2309);
#685=VERTEX_POINT('',#2314);
#686=VERTEX_POINT('',#2316);
#687=VERTEX_POINT('',#2319);
#688=VERTEX_POINT('',#2323);
#689=VERTEX_POINT('',#2328);
#690=VERTEX_POINT('',#2329);
#691=VERTEX_POINT('',#2335);
#692=VERTEX_POINT('',#2336);
#693=VERTEX_POINT('',#2342);
#694=VERTEX_POINT('',#2344);
#695=VERTEX_POINT('',#2346);
#696=VERTEX_POINT('',#2348);
#697=VERTEX_POINT('',#2350);
#698=VERTEX_POINT('',#2352);
#699=VERTEX_POINT('',#2357);
#700=VERTEX_POINT('',#2359);
#701=VERTEX_POINT('',#2362);
#702=VERTEX_POINT('',#2366);
#703=VERTEX_POINT('',#2371);
#704=VERTEX_POINT('',#2373);
#705=VERTEX_POINT('',#2376);
#706=VERTEX_POINT('',#2380);
#707=VERTEX_POINT('',#2385);
#708=VERTEX_POINT('',#2387);
#709=VERTEX_POINT('',#2390);
#710=VERTEX_POINT('',#2394);
#711=VERTEX_POINT('',#2399);
#712=VERTEX_POINT('',#2401);
#713=VERTEX_POINT('',#2404);
#714=VERTEX_POINT('',#2408);
#715=VERTEX_POINT('',#2413);
#716=VERTEX_POINT('',#2415);
#717=VERTEX_POINT('',#2418);
#718=VERTEX_POINT('',#2422);
#719=VERTEX_POINT('',#2427);
#720=VERTEX_POINT('',#2429);
#721=VERTEX_POINT('',#2432);
#722=VERTEX_POINT('',#2436);
#723=VERTEX_POINT('',#2441);
#724=VERTEX_POINT('',#2443);
#725=VERTEX_POINT('',#2447);
#726=VERTEX_POINT('',#2452);
#727=VERTEX_POINT('',#2454);
#728=VERTEX_POINT('',#2457);
#729=VERTEX_POINT('',#2461);
#730=VERTEX_POINT('',#2466);
#731=VERTEX_POINT('',#2468);
#732=VERTEX_POINT('',#2471);
#733=VERTEX_POINT('',#2475);
#734=VERTEX_POINT('',#2480);
#735=VERTEX_POINT('',#2481);
#736=VERTEX_POINT('',#2483);
#737=VERTEX_POINT('',#2485);
#738=VERTEX_POINT('',#2489);
#739=VERTEX_POINT('',#2491);
#740=VERTEX_POINT('',#2495);
#741=VERTEX_POINT('',#2497);
#742=VERTEX_POINT('',#2499);
#743=VERTEX_POINT('',#2501);
#744=VERTEX_POINT('',#2503);
#745=VERTEX_POINT('',#2505);
#746=VERTEX_POINT('',#2507);
#747=VERTEX_POINT('',#2509);
#748=VERTEX_POINT('',#2511);
#749=VERTEX_POINT('',#2513);
#750=VERTEX_POINT('',#2515);
#751=VERTEX_POINT('',#2517);
#752=VERTEX_POINT('',#2519);
#753=VERTEX_POINT('',#2521);
#754=VERTEX_POINT('',#2523);
#755=VERTEX_POINT('',#2525);
#756=VERTEX_POINT('',#2527);
#757=VERTEX_POINT('',#2529);
#758=VERTEX_POINT('',#2531);
#759=VERTEX_POINT('',#2533);
#760=VERTEX_POINT('',#2536);
#761=VERTEX_POINT('',#2539);
#762=VERTEX_POINT('',#2541);
#763=VERTEX_POINT('',#2543);
#764=VERTEX_POINT('',#2545);
#765=VERTEX_POINT('',#2547);
#766=VERTEX_POINT('',#2550);
#767=VERTEX_POINT('',#2551);
#768=VERTEX_POINT('',#2556);
#769=VERTEX_POINT('',#2560);
#770=VERTEX_POINT('',#2562);
#771=VERTEX_POINT('',#2565);
#772=VERTEX_POINT('',#2567);
#773=VERTEX_POINT('',#2569);
#774=VERTEX_POINT('',#2571);
#775=VERTEX_POINT('',#2573);
#776=VERTEX_POINT('',#2575);
#777=VERTEX_POINT('',#2579);
#778=VERTEX_POINT('',#2580);
#779=VERTEX_POINT('',#2582);
#780=VERTEX_POINT('',#2584);
#781=VERTEX_POINT('',#2586);
#782=VERTEX_POINT('',#2589);
#783=VERTEX_POINT('',#2591);
#784=VERTEX_POINT('',#2594);
#785=VERTEX_POINT('',#2598);
#786=VERTEX_POINT('',#2602);
#787=VERTEX_POINT('',#2607);
#788=VERTEX_POINT('',#2612);
#789=VERTEX_POINT('',#2614);
#790=VERTEX_POINT('',#2618);
#791=VERTEX_POINT('',#2622);
#792=VERTEX_POINT('',#2626);
#793=VERTEX_POINT('',#2632);
#794=VERTEX_POINT('',#2634);
#795=VERTEX_POINT('',#2638);
#796=VERTEX_POINT('',#2640);
#797=VERTEX_POINT('',#2644);
#798=VERTEX_POINT('',#2650);
#799=VERTEX_POINT('',#2654);
#800=VERTEX_POINT('',#2656);
#801=VERTEX_POINT('',#2660);
#802=VERTEX_POINT('',#2665);
#803=VERTEX_POINT('',#2666);
#804=VERTEX_POINT('',#2671);
#805=VERTEX_POINT('',#2672);
#806=VERTEX_POINT('',#2677);
#807=VERTEX_POINT('',#2679);
#808=VERTEX_POINT('',#2681);
#809=VERTEX_POINT('',#2683);
#810=VERTEX_POINT('',#2688);
#811=VERTEX_POINT('',#2694);
#812=VERTEX_POINT('',#2699);
#813=VERTEX_POINT('',#2702);
#814=EDGE_CURVE('',#675,#675,#590,.T.);
#815=EDGE_CURVE('',#675,#676,#346,.T.);
#816=EDGE_CURVE('',#676,#676,#591,.T.);
#817=EDGE_CURVE('',#677,#677,#592,.T.);
#818=EDGE_CURVE('',#678,#678,#593,.T.);
#819=EDGE_CURVE('',#679,#679,#594,.T.);
#820=EDGE_CURVE('',#679,#677,#347,.T.);
#821=EDGE_CURVE('',#678,#680,#348,.T.);
#822=EDGE_CURVE('',#680,#680,#595,.T.);
#823=EDGE_CURVE('',#681,#681,#596,.T.);
#824=EDGE_CURVE('',#682,#682,#597,.T.);
#825=EDGE_CURVE('',#683,#683,#598,.T.);
#826=EDGE_CURVE('',#683,#681,#349,.T.);
#827=EDGE_CURVE('',#682,#684,#350,.T.);
#828=EDGE_CURVE('',#684,#684,#599,.T.);
#829=EDGE_CURVE('',#685,#685,#600,.T.);
#830=EDGE_CURVE('',#686,#686,#601,.T.);
#831=EDGE_CURVE('',#687,#687,#602,.T.);
#832=EDGE_CURVE('',#687,#685,#351,.T.);
#833=EDGE_CURVE('',#686,#688,#352,.T.);
#834=EDGE_CURVE('',#688,#688,#603,.T.);
#835=EDGE_CURVE('',#689,#690,#15,.T.);
#836=EDGE_CURVE('',#690,#689,#604,.T.);
#837=EDGE_CURVE('',#691,#692,#16,.T.);
#838=EDGE_CURVE('',#692,#691,#605,.T.);
#839=EDGE_CURVE('',#693,#689,#353,.T.);
#840=EDGE_CURVE('',#693,#694,#354,.T.);
#841=EDGE_CURVE('',#695,#694,#355,.T.);
#842=EDGE_CURVE('',#695,#696,#356,.T.);
#843=EDGE_CURVE('',#696,#697,#357,.T.);
#844=EDGE_CURVE('',#698,#697,#358,.T.);
#845=EDGE_CURVE('',#692,#698,#359,.T.);
#846=EDGE_CURVE('',#690,#691,#360,.T.);
#847=EDGE_CURVE('',#699,#699,#606,.T.);
#848=EDGE_CURVE('',#700,#700,#607,.T.);
#849=EDGE_CURVE('',#701,#701,#608,.T.);
#850=EDGE_CURVE('',#701,#699,#361,.T.);
#851=EDGE_CURVE('',#700,#702,#362,.T.);
#852=EDGE_CURVE('',#702,#702,#609,.T.);
#853=EDGE_CURVE('',#703,#703,#610,.T.);
#854=EDGE_CURVE('',#704,#704,#611,.T.);
#855=EDGE_CURVE('',#705,#705,#612,.T.);
#856=EDGE_CURVE('',#705,#703,#363,.T.);
#857=EDGE_CURVE('',#704,#706,#364,.T.);
#858=EDGE_CURVE('',#706,#706,#613,.T.);
#859=EDGE_CURVE('',#707,#707,#614,.T.);
#860=EDGE_CURVE('',#708,#708,#615,.T.);
#861=EDGE_CURVE('',#709,#709,#616,.T.);
#862=EDGE_CURVE('',#709,#707,#365,.T.);
#863=EDGE_CURVE('',#708,#710,#366,.T.);
#864=EDGE_CURVE('',#710,#710,#617,.T.);
#865=EDGE_CURVE('',#711,#711,#618,.T.);
#866=EDGE_CURVE('',#712,#712,#619,.T.);
#867=EDGE_CURVE('',#713,#713,#620,.T.);
#868=EDGE_CURVE('',#713,#711,#367,.T.);
#869=EDGE_CURVE('',#712,#714,#368,.T.);
#870=EDGE_CURVE('',#714,#714,#621,.T.);
#871=EDGE_CURVE('',#715,#715,#622,.T.);
#872=EDGE_CURVE('',#716,#716,#623,.T.);
#873=EDGE_CURVE('',#717,#717,#624,.T.);
#874=EDGE_CURVE('',#717,#715,#369,.T.);
#875=EDGE_CURVE('',#716,#718,#370,.T.);
#876=EDGE_CURVE('',#718,#718,#625,.T.);
#877=EDGE_CURVE('',#719,#719,#626,.T.);
#878=EDGE_CURVE('',#720,#720,#627,.T.);
#879=EDGE_CURVE('',#721,#721,#628,.T.);
#880=EDGE_CURVE('',#721,#719,#371,.T.);
#881=EDGE_CURVE('',#720,#722,#372,.T.);
#882=EDGE_CURVE('',#722,#722,#629,.T.);
#883=EDGE_CURVE('',#723,#723,#630,.T.);
#884=EDGE_CURVE('',#723,#724,#373,.T.);
#885=EDGE_CURVE('',#724,#724,#631,.T.);
#886=EDGE_CURVE('',#724,#725,#374,.T.);
#887=EDGE_CURVE('',#725,#725,#632,.T.);
#888=EDGE_CURVE('',#726,#726,#633,.T.);
#889=EDGE_CURVE('',#727,#727,#634,.T.);
#890=EDGE_CURVE('',#728,#728,#635,.T.);
#891=EDGE_CURVE('',#728,#726,#375,.T.);
#892=EDGE_CURVE('',#727,#729,#376,.T.);
#893=EDGE_CURVE('',#729,#729,#636,.T.);
#894=EDGE_CURVE('',#730,#730,#637,.T.);
#895=EDGE_CURVE('',#731,#731,#638,.T.);
#896=EDGE_CURVE('',#732,#732,#639,.T.);
#897=EDGE_CURVE('',#732,#730,#377,.T.);
#898=EDGE_CURVE('',#731,#733,#378,.T.);
#899=EDGE_CURVE('',#733,#733,#640,.T.);
#900=EDGE_CURVE('',#734,#735,#379,.T.);
#901=EDGE_CURVE('',#735,#736,#380,.T.);
#902=EDGE_CURVE('',#736,#737,#381,.T.);
#903=EDGE_CURVE('',#737,#734,#382,.T.);
#904=EDGE_CURVE('',#738,#737,#383,.T.);
#905=EDGE_CURVE('',#738,#739,#384,.T.);
#906=EDGE_CURVE('',#739,#734,#385,.T.);
#907=EDGE_CURVE('',#698,#740,#386,.T.);
#908=EDGE_CURVE('',#740,#741,#387,.T.);
#909=EDGE_CURVE('',#741,#742,#641,.T.);
#910=EDGE_CURVE('',#742,#743,#388,.T.);
#911=EDGE_CURVE('',#743,#744,#389,.T.);
#912=EDGE_CURVE('',#744,#745,#390,.T.);
#913=EDGE_CURVE('',#745,#746,#391,.T.);
#914=EDGE_CURVE('',#746,#747,#392,.T.);
#915=EDGE_CURVE('',#747,#748,#393,.T.);
#916=EDGE_CURVE('',#748,#749,#394,.T.);
#917=EDGE_CURVE('',#749,#750,#642,.T.);
#918=EDGE_CURVE('',#750,#751,#395,.T.);
#919=EDGE_CURVE('',#751,#752,#396,.T.);
#920=EDGE_CURVE('',#752,#753,#397,.T.);
#921=EDGE_CURVE('',#753,#754,#398,.T.);
#922=EDGE_CURVE('',#754,#755,#399,.T.);
#923=EDGE_CURVE('',#756,#755,#400,.T.);
#924=EDGE_CURVE('',#756,#757,#401,.T.);
#925=EDGE_CURVE('',#757,#758,#402,.T.);
#926=EDGE_CURVE('',#758,#759,#403,.T.);
#927=EDGE_CURVE('',#759,#738,#404,.T.);
#928=EDGE_CURVE('',#736,#760,#405,.T.);
#929=EDGE_CURVE('',#760,#693,#643,.T.);
#930=EDGE_CURVE('',#761,#761,#644,.T.);
#931=EDGE_CURVE('',#762,#762,#645,.T.);
#932=EDGE_CURVE('',#763,#763,#646,.T.);
#933=EDGE_CURVE('',#764,#764,#647,.T.);
#934=EDGE_CURVE('',#765,#765,#648,.T.);
#935=EDGE_CURVE('',#766,#767,#406,.T.);
#936=EDGE_CURVE('',#767,#756,#407,.T.);
#937=EDGE_CURVE('',#755,#766,#408,.T.);
#938=EDGE_CURVE('',#767,#768,#409,.T.);
#939=EDGE_CURVE('',#757,#768,#410,.T.);
#940=EDGE_CURVE('',#769,#739,#411,.T.);
#941=EDGE_CURVE('',#770,#769,#412,.T.);
#942=EDGE_CURVE('',#768,#770,#413,.T.);
#943=EDGE_CURVE('',#771,#766,#414,.T.);
#944=EDGE_CURVE('',#772,#771,#415,.T.);
#945=EDGE_CURVE('',#773,#772,#416,.T.);
#946=EDGE_CURVE('',#774,#773,#417,.T.);
#947=EDGE_CURVE('',#775,#774,#418,.T.);
#948=EDGE_CURVE('',#776,#775,#419,.T.);
#949=EDGE_CURVE('',#697,#776,#420,.T.);
#950=EDGE_CURVE('',#735,#696,#421,.T.);
#951=EDGE_CURVE('',#777,#778,#649,.T.);
#952=EDGE_CURVE('',#779,#777,#650,.T.);
#953=EDGE_CURVE('',#780,#779,#651,.T.);
#954=EDGE_CURVE('',#781,#780,#652,.T.);
#955=EDGE_CURVE('',#778,#781,#653,.T.);
#956=EDGE_CURVE('',#782,#782,#654,.T.);
#957=EDGE_CURVE('',#783,#783,#655,.T.);
#958=EDGE_CURVE('',#784,#784,#656,.T.);
#959=EDGE_CURVE('',#784,#765,#422,.T.);
#960=EDGE_CURVE('',#785,#785,#657,.T.);
#961=EDGE_CURVE('',#785,#764,#423,.T.);
#962=EDGE_CURVE('',#783,#786,#424,.T.);
#963=EDGE_CURVE('',#786,#786,#658,.T.);
#964=EDGE_CURVE('',#782,#787,#425,.T.);
#965=EDGE_CURVE('',#787,#787,#659,.T.);
#966=EDGE_CURVE('',#744,#788,#426,.T.);
#967=EDGE_CURVE('',#788,#789,#427,.T.);
#968=EDGE_CURVE('',#745,#789,#428,.T.);
#969=EDGE_CURVE('',#743,#790,#429,.T.);
#970=EDGE_CURVE('',#790,#788,#430,.T.);
#971=EDGE_CURVE('',#742,#791,#431,.T.);
#972=EDGE_CURVE('',#791,#790,#432,.T.);
#973=EDGE_CURVE('',#792,#741,#433,.T.);
#974=EDGE_CURVE('',#792,#791,#660,.T.);
#975=EDGE_CURVE('',#789,#792,#434,.T.);
#976=EDGE_CURVE('',#793,#746,#435,.T.);
#977=EDGE_CURVE('',#793,#794,#436,.T.);
#978=EDGE_CURVE('',#747,#794,#437,.T.);
#979=EDGE_CURVE('',#749,#795,#438,.T.);
#980=EDGE_CURVE('',#795,#796,#661,.T.);
#981=EDGE_CURVE('',#750,#796,#439,.T.);
#982=EDGE_CURVE('',#748,#797,#440,.T.);
#983=EDGE_CURVE('',#797,#795,#441,.T.);
#984=EDGE_CURVE('',#794,#797,#442,.T.);
#985=EDGE_CURVE('',#796,#798,#443,.T.);
#986=EDGE_CURVE('',#751,#798,#444,.T.);
#987=EDGE_CURVE('',#799,#793,#445,.T.);
#988=EDGE_CURVE('',#800,#799,#446,.T.);
#989=EDGE_CURVE('',#798,#800,#447,.T.);
#990=EDGE_CURVE('',#761,#801,#448,.T.);
#991=EDGE_CURVE('',#801,#801,#662,.T.);
#992=EDGE_CURVE('',#802,#803,#663,.T.);
#993=EDGE_CURVE('',#802,#780,#449,.T.);
#994=EDGE_CURVE('',#803,#779,#450,.T.);
#995=EDGE_CURVE('',#804,#805,#664,.T.);
#996=EDGE_CURVE('',#804,#777,#451,.T.);
#997=EDGE_CURVE('',#805,#778,#452,.T.);
#998=EDGE_CURVE('',#806,#804,#665,.T.);
#999=EDGE_CURVE('',#807,#806,#453,.T.);
#1000=EDGE_CURVE('',#808,#807,#666,.T.);
#1001=EDGE_CURVE('',#808,#809,#454,.T.);
#1002=EDGE_CURVE('',#803,#809,#667,.T.);
#1003=EDGE_CURVE('',#805,#802,#668,.T.);
#1004=EDGE_CURVE('',#809,#810,#669,.T.);
#1005=EDGE_CURVE('',#810,#806,#670,.T.);
#1006=EDGE_CURVE('',#781,#763,#455,.T.);
#1007=EDGE_CURVE('',#811,#695,#456,.T.);
#1008=EDGE_CURVE('',#694,#811,#671,.T.);
#1009=EDGE_CURVE('',#807,#808,#672,.T.);
#1010=EDGE_CURVE('',#812,#812,#673,.T.);
#1011=EDGE_CURVE('',#810,#813,#457,.T.);
#1012=EDGE_CURVE('',#813,#813,#674,.T.);
#1013=EDGE_CURVE('',#812,#762,#458,.T.);
#1014=EDGE_CURVE('',#800,#774,#459,.T.);
#1015=EDGE_CURVE('',#752,#773,#460,.T.);
#1016=EDGE_CURVE('',#753,#772,#461,.T.);
#1017=EDGE_CURVE('',#754,#771,#462,.T.);
#1018=EDGE_CURVE('',#758,#770,#463,.T.);
#1019=EDGE_CURVE('',#759,#769,#464,.T.);
#1020=EDGE_CURVE('',#760,#811,#465,.T.);
#1021=EDGE_CURVE('',#740,#776,#466,.T.);
#1022=EDGE_CURVE('',#799,#775,#467,.T.);
#1023=ORIENTED_EDGE('',*,*,#814,.F.);
#1024=ORIENTED_EDGE('',*,*,#815,.T.);
#1025=ORIENTED_EDGE('',*,*,#816,.T.);
#1026=ORIENTED_EDGE('',*,*,#815,.F.);
#1027=ORIENTED_EDGE('',*,*,#816,.F.);
#1028=ORIENTED_EDGE('',*,*,#817,.T.);
#1029=ORIENTED_EDGE('',*,*,#818,.F.);
#1030=ORIENTED_EDGE('',*,*,#819,.F.);
#1031=ORIENTED_EDGE('',*,*,#820,.T.);
#1032=ORIENTED_EDGE('',*,*,#817,.F.);
#1033=ORIENTED_EDGE('',*,*,#820,.F.);
#1034=ORIENTED_EDGE('',*,*,#818,.T.);
#1035=ORIENTED_EDGE('',*,*,#821,.T.);
#1036=ORIENTED_EDGE('',*,*,#822,.F.);
#1037=ORIENTED_EDGE('',*,*,#821,.F.);
#1038=ORIENTED_EDGE('',*,*,#822,.T.);
#1039=ORIENTED_EDGE('',*,*,#823,.T.);
#1040=ORIENTED_EDGE('',*,*,#824,.F.);
#1041=ORIENTED_EDGE('',*,*,#825,.F.);
#1042=ORIENTED_EDGE('',*,*,#826,.T.);
#1043=ORIENTED_EDGE('',*,*,#823,.F.);
#1044=ORIENTED_EDGE('',*,*,#826,.F.);
#1045=ORIENTED_EDGE('',*,*,#824,.T.);
#1046=ORIENTED_EDGE('',*,*,#827,.T.);
#1047=ORIENTED_EDGE('',*,*,#828,.F.);
#1048=ORIENTED_EDGE('',*,*,#827,.F.);
#1049=ORIENTED_EDGE('',*,*,#828,.T.);
#1050=ORIENTED_EDGE('',*,*,#829,.T.);
#1051=ORIENTED_EDGE('',*,*,#830,.F.);
#1052=ORIENTED_EDGE('',*,*,#831,.F.);
#1053=ORIENTED_EDGE('',*,*,#832,.T.);
#1054=ORIENTED_EDGE('',*,*,#829,.F.);
#1055=ORIENTED_EDGE('',*,*,#832,.F.);
#1056=ORIENTED_EDGE('',*,*,#830,.T.);
#1057=ORIENTED_EDGE('',*,*,#833,.T.);
#1058=ORIENTED_EDGE('',*,*,#834,.F.);
#1059=ORIENTED_EDGE('',*,*,#833,.F.);
#1060=ORIENTED_EDGE('',*,*,#834,.T.);
#1061=ORIENTED_EDGE('',*,*,#835,.F.);
#1062=ORIENTED_EDGE('',*,*,#836,.F.);
#1063=ORIENTED_EDGE('',*,*,#837,.F.);
#1064=ORIENTED_EDGE('',*,*,#838,.F.);
#1065=ORIENTED_EDGE('',*,*,#836,.T.);
#1066=ORIENTED_EDGE('',*,*,#839,.F.);
#1067=ORIENTED_EDGE('',*,*,#840,.T.);
#1068=ORIENTED_EDGE('',*,*,#841,.F.);
#1069=ORIENTED_EDGE('',*,*,#842,.T.);
#1070=ORIENTED_EDGE('',*,*,#843,.T.);
#1071=ORIENTED_EDGE('',*,*,#844,.F.);
#1072=ORIENTED_EDGE('',*,*,#845,.F.);
#1073=ORIENTED_EDGE('',*,*,#838,.T.);
#1074=ORIENTED_EDGE('',*,*,#846,.F.);
#1075=ORIENTED_EDGE('',*,*,#847,.T.);
#1076=ORIENTED_EDGE('',*,*,#848,.F.);
#1077=ORIENTED_EDGE('',*,*,#849,.F.);
#1078=ORIENTED_EDGE('',*,*,#850,.T.);
#1079=ORIENTED_EDGE('',*,*,#847,.F.);
#1080=ORIENTED_EDGE('',*,*,#850,.F.);
#1081=ORIENTED_EDGE('',*,*,#848,.T.);
#1082=ORIENTED_EDGE('',*,*,#851,.T.);
#1083=ORIENTED_EDGE('',*,*,#852,.F.);
#1084=ORIENTED_EDGE('',*,*,#851,.F.);
#1085=ORIENTED_EDGE('',*,*,#852,.T.);
#1086=ORIENTED_EDGE('',*,*,#853,.T.);
#1087=ORIENTED_EDGE('',*,*,#854,.F.);
#1088=ORIENTED_EDGE('',*,*,#855,.F.);
#1089=ORIENTED_EDGE('',*,*,#856,.T.);
#1090=ORIENTED_EDGE('',*,*,#853,.F.);
#1091=ORIENTED_EDGE('',*,*,#856,.F.);
#1092=ORIENTED_EDGE('',*,*,#854,.T.);
#1093=ORIENTED_EDGE('',*,*,#857,.T.);
#1094=ORIENTED_EDGE('',*,*,#858,.F.);
#1095=ORIENTED_EDGE('',*,*,#857,.F.);
#1096=ORIENTED_EDGE('',*,*,#858,.T.);
#1097=ORIENTED_EDGE('',*,*,#859,.T.);
#1098=ORIENTED_EDGE('',*,*,#860,.F.);
#1099=ORIENTED_EDGE('',*,*,#861,.F.);
#1100=ORIENTED_EDGE('',*,*,#862,.T.);
#1101=ORIENTED_EDGE('',*,*,#859,.F.);
#1102=ORIENTED_EDGE('',*,*,#862,.F.);
#1103=ORIENTED_EDGE('',*,*,#860,.T.);
#1104=ORIENTED_EDGE('',*,*,#863,.T.);
#1105=ORIENTED_EDGE('',*,*,#864,.F.);
#1106=ORIENTED_EDGE('',*,*,#863,.F.);
#1107=ORIENTED_EDGE('',*,*,#864,.T.);
#1108=ORIENTED_EDGE('',*,*,#865,.T.);
#1109=ORIENTED_EDGE('',*,*,#866,.F.);
#1110=ORIENTED_EDGE('',*,*,#867,.F.);
#1111=ORIENTED_EDGE('',*,*,#868,.T.);
#1112=ORIENTED_EDGE('',*,*,#865,.F.);
#1113=ORIENTED_EDGE('',*,*,#868,.F.);
#1114=ORIENTED_EDGE('',*,*,#866,.T.);
#1115=ORIENTED_EDGE('',*,*,#869,.T.);
#1116=ORIENTED_EDGE('',*,*,#870,.F.);
#1117=ORIENTED_EDGE('',*,*,#869,.F.);
#1118=ORIENTED_EDGE('',*,*,#870,.T.);
#1119=ORIENTED_EDGE('',*,*,#871,.T.);
#1120=ORIENTED_EDGE('',*,*,#872,.F.);
#1121=ORIENTED_EDGE('',*,*,#873,.F.);
#1122=ORIENTED_EDGE('',*,*,#874,.T.);
#1123=ORIENTED_EDGE('',*,*,#871,.F.);
#1124=ORIENTED_EDGE('',*,*,#874,.F.);
#1125=ORIENTED_EDGE('',*,*,#872,.T.);
#1126=ORIENTED_EDGE('',*,*,#875,.T.);
#1127=ORIENTED_EDGE('',*,*,#876,.F.);
#1128=ORIENTED_EDGE('',*,*,#875,.F.);
#1129=ORIENTED_EDGE('',*,*,#876,.T.);
#1130=ORIENTED_EDGE('',*,*,#877,.T.);
#1131=ORIENTED_EDGE('',*,*,#878,.F.);
#1132=ORIENTED_EDGE('',*,*,#879,.F.);
#1133=ORIENTED_EDGE('',*,*,#880,.T.);
#1134=ORIENTED_EDGE('',*,*,#877,.F.);
#1135=ORIENTED_EDGE('',*,*,#880,.F.);
#1136=ORIENTED_EDGE('',*,*,#878,.T.);
#1137=ORIENTED_EDGE('',*,*,#881,.T.);
#1138=ORIENTED_EDGE('',*,*,#882,.F.);
#1139=ORIENTED_EDGE('',*,*,#881,.F.);
#1140=ORIENTED_EDGE('',*,*,#882,.T.);
#1141=ORIENTED_EDGE('',*,*,#883,.F.);
#1142=ORIENTED_EDGE('',*,*,#884,.T.);
#1143=ORIENTED_EDGE('',*,*,#885,.F.);
#1144=ORIENTED_EDGE('',*,*,#884,.F.);
#1145=ORIENTED_EDGE('',*,*,#885,.T.);
#1146=ORIENTED_EDGE('',*,*,#886,.T.);
#1147=ORIENTED_EDGE('',*,*,#887,.F.);
#1148=ORIENTED_EDGE('',*,*,#886,.F.);
#1149=ORIENTED_EDGE('',*,*,#887,.T.);
#1150=ORIENTED_EDGE('',*,*,#888,.T.);
#1151=ORIENTED_EDGE('',*,*,#889,.F.);
#1152=ORIENTED_EDGE('',*,*,#890,.F.);
#1153=ORIENTED_EDGE('',*,*,#891,.T.);
#1154=ORIENTED_EDGE('',*,*,#888,.F.);
#1155=ORIENTED_EDGE('',*,*,#891,.F.);
#1156=ORIENTED_EDGE('',*,*,#889,.T.);
#1157=ORIENTED_EDGE('',*,*,#892,.T.);
#1158=ORIENTED_EDGE('',*,*,#893,.F.);
#1159=ORIENTED_EDGE('',*,*,#892,.F.);
#1160=ORIENTED_EDGE('',*,*,#893,.T.);
#1161=ORIENTED_EDGE('',*,*,#894,.T.);
#1162=ORIENTED_EDGE('',*,*,#895,.F.);
#1163=ORIENTED_EDGE('',*,*,#896,.F.);
#1164=ORIENTED_EDGE('',*,*,#897,.T.);
#1165=ORIENTED_EDGE('',*,*,#894,.F.);
#1166=ORIENTED_EDGE('',*,*,#897,.F.);
#1167=ORIENTED_EDGE('',*,*,#895,.T.);
#1168=ORIENTED_EDGE('',*,*,#898,.T.);
#1169=ORIENTED_EDGE('',*,*,#899,.F.);
#1170=ORIENTED_EDGE('',*,*,#898,.F.);
#1171=ORIENTED_EDGE('',*,*,#899,.T.);
#1172=ORIENTED_EDGE('',*,*,#900,.T.);
#1173=ORIENTED_EDGE('',*,*,#901,.T.);
#1174=ORIENTED_EDGE('',*,*,#902,.T.);
#1175=ORIENTED_EDGE('',*,*,#903,.T.);
#1176=ORIENTED_EDGE('',*,*,#903,.F.);
#1177=ORIENTED_EDGE('',*,*,#904,.F.);
#1178=ORIENTED_EDGE('',*,*,#905,.T.);
#1179=ORIENTED_EDGE('',*,*,#906,.T.);
#1180=ORIENTED_EDGE('',*,*,#835,.T.);
#1181=ORIENTED_EDGE('',*,*,#846,.T.);
#1182=ORIENTED_EDGE('',*,*,#837,.T.);
#1183=ORIENTED_EDGE('',*,*,#845,.T.);
#1184=ORIENTED_EDGE('',*,*,#907,.T.);
#1185=ORIENTED_EDGE('',*,*,#908,.T.);
#1186=ORIENTED_EDGE('',*,*,#909,.T.);
#1187=ORIENTED_EDGE('',*,*,#910,.T.);
#1188=ORIENTED_EDGE('',*,*,#911,.T.);
#1189=ORIENTED_EDGE('',*,*,#912,.T.);
#1190=ORIENTED_EDGE('',*,*,#913,.T.);
#1191=ORIENTED_EDGE('',*,*,#914,.T.);
#1192=ORIENTED_EDGE('',*,*,#915,.T.);
#1193=ORIENTED_EDGE('',*,*,#916,.T.);
#1194=ORIENTED_EDGE('',*,*,#917,.T.);
#1195=ORIENTED_EDGE('',*,*,#918,.T.);
#1196=ORIENTED_EDGE('',*,*,#919,.T.);
#1197=ORIENTED_EDGE('',*,*,#920,.T.);
#1198=ORIENTED_EDGE('',*,*,#921,.T.);
#1199=ORIENTED_EDGE('',*,*,#922,.T.);
#1200=ORIENTED_EDGE('',*,*,#923,.F.);
#1201=ORIENTED_EDGE('',*,*,#924,.T.);
#1202=ORIENTED_EDGE('',*,*,#925,.T.);
#1203=ORIENTED_EDGE('',*,*,#926,.T.);
#1204=ORIENTED_EDGE('',*,*,#927,.T.);
#1205=ORIENTED_EDGE('',*,*,#904,.T.);
#1206=ORIENTED_EDGE('',*,*,#902,.F.);
#1207=ORIENTED_EDGE('',*,*,#928,.T.);
#1208=ORIENTED_EDGE('',*,*,#929,.T.);
#1209=ORIENTED_EDGE('',*,*,#839,.T.);
#1210=ORIENTED_EDGE('',*,*,#930,.T.);
#1211=ORIENTED_EDGE('',*,*,#931,.T.);
#1212=ORIENTED_EDGE('',*,*,#932,.T.);
#1213=ORIENTED_EDGE('',*,*,#933,.T.);
#1214=ORIENTED_EDGE('',*,*,#934,.T.);
#1215=ORIENTED_EDGE('',*,*,#935,.T.);
#1216=ORIENTED_EDGE('',*,*,#936,.T.);
#1217=ORIENTED_EDGE('',*,*,#923,.T.);
#1218=ORIENTED_EDGE('',*,*,#937,.T.);
#1219=ORIENTED_EDGE('',*,*,#936,.F.);
#1220=ORIENTED_EDGE('',*,*,#938,.T.);
#1221=ORIENTED_EDGE('',*,*,#939,.F.);
#1222=ORIENTED_EDGE('',*,*,#924,.F.);
#1223=ORIENTED_EDGE('',*,*,#900,.F.);
#1224=ORIENTED_EDGE('',*,*,#906,.F.);
#1225=ORIENTED_EDGE('',*,*,#940,.F.);
#1226=ORIENTED_EDGE('',*,*,#941,.F.);
#1227=ORIENTED_EDGE('',*,*,#942,.F.);
#1228=ORIENTED_EDGE('',*,*,#938,.F.);
#1229=ORIENTED_EDGE('',*,*,#935,.F.);
#1230=ORIENTED_EDGE('',*,*,#943,.F.);
#1231=ORIENTED_EDGE('',*,*,#944,.F.);
#1232=ORIENTED_EDGE('',*,*,#945,.F.);
#1233=ORIENTED_EDGE('',*,*,#946,.F.);
#1234=ORIENTED_EDGE('',*,*,#947,.F.);
#1235=ORIENTED_EDGE('',*,*,#948,.F.);
#1236=ORIENTED_EDGE('',*,*,#949,.F.);
#1237=ORIENTED_EDGE('',*,*,#843,.F.);
#1238=ORIENTED_EDGE('',*,*,#950,.F.);
#1239=ORIENTED_EDGE('',*,*,#849,.T.);
#1240=ORIENTED_EDGE('',*,*,#855,.T.);
#1241=ORIENTED_EDGE('',*,*,#861,.T.);
#1242=ORIENTED_EDGE('',*,*,#867,.T.);
#1243=ORIENTED_EDGE('',*,*,#873,.T.);
#1244=ORIENTED_EDGE('',*,*,#879,.T.);
#1245=ORIENTED_EDGE('',*,*,#951,.F.);
#1246=ORIENTED_EDGE('',*,*,#952,.F.);
#1247=ORIENTED_EDGE('',*,*,#953,.F.);
#1248=ORIENTED_EDGE('',*,*,#954,.F.);
#1249=ORIENTED_EDGE('',*,*,#955,.F.);
#1250=ORIENTED_EDGE('',*,*,#956,.T.);
#1251=ORIENTED_EDGE('',*,*,#957,.T.);
#1252=ORIENTED_EDGE('',*,*,#958,.F.);
#1253=ORIENTED_EDGE('',*,*,#959,.T.);
#1254=ORIENTED_EDGE('',*,*,#934,.F.);
#1255=ORIENTED_EDGE('',*,*,#959,.F.);
#1256=ORIENTED_EDGE('',*,*,#960,.F.);
#1257=ORIENTED_EDGE('',*,*,#961,.T.);
#1258=ORIENTED_EDGE('',*,*,#933,.F.);
#1259=ORIENTED_EDGE('',*,*,#961,.F.);
#1260=ORIENTED_EDGE('',*,*,#957,.F.);
#1261=ORIENTED_EDGE('',*,*,#962,.T.);
#1262=ORIENTED_EDGE('',*,*,#963,.T.);
#1263=ORIENTED_EDGE('',*,*,#962,.F.);
#1264=ORIENTED_EDGE('',*,*,#963,.F.);
#1265=ORIENTED_EDGE('',*,*,#958,.T.);
#1266=ORIENTED_EDGE('',*,*,#956,.F.);
#1267=ORIENTED_EDGE('',*,*,#964,.T.);
#1268=ORIENTED_EDGE('',*,*,#965,.T.);
#1269=ORIENTED_EDGE('',*,*,#964,.F.);
#1270=ORIENTED_EDGE('',*,*,#965,.F.);
#1271=ORIENTED_EDGE('',*,*,#960,.T.);
#1272=ORIENTED_EDGE('',*,*,#912,.F.);
#1273=ORIENTED_EDGE('',*,*,#966,.T.);
#1274=ORIENTED_EDGE('',*,*,#967,.T.);
#1275=ORIENTED_EDGE('',*,*,#968,.F.);
#1276=ORIENTED_EDGE('',*,*,#911,.F.);
#1277=ORIENTED_EDGE('',*,*,#969,.T.);
#1278=ORIENTED_EDGE('',*,*,#970,.T.);
#1279=ORIENTED_EDGE('',*,*,#966,.F.);
#1280=ORIENTED_EDGE('',*,*,#910,.F.);
#1281=ORIENTED_EDGE('',*,*,#971,.T.);
#1282=ORIENTED_EDGE('',*,*,#972,.T.);
#1283=ORIENTED_EDGE('',*,*,#969,.F.);
#1284=ORIENTED_EDGE('',*,*,#909,.F.);
#1285=ORIENTED_EDGE('',*,*,#973,.F.);
#1286=ORIENTED_EDGE('',*,*,#974,.T.);
#1287=ORIENTED_EDGE('',*,*,#971,.F.);
#1288=ORIENTED_EDGE('',*,*,#974,.F.);
#1289=ORIENTED_EDGE('',*,*,#975,.F.);
#1290=ORIENTED_EDGE('',*,*,#967,.F.);
#1291=ORIENTED_EDGE('',*,*,#970,.F.);
#1292=ORIENTED_EDGE('',*,*,#972,.F.);
#1293=ORIENTED_EDGE('',*,*,#976,.F.);
#1294=ORIENTED_EDGE('',*,*,#977,.T.);
#1295=ORIENTED_EDGE('',*,*,#978,.F.);
#1296=ORIENTED_EDGE('',*,*,#914,.F.);
#1297=ORIENTED_EDGE('',*,*,#917,.F.);
#1298=ORIENTED_EDGE('',*,*,#979,.T.);
#1299=ORIENTED_EDGE('',*,*,#980,.T.);
#1300=ORIENTED_EDGE('',*,*,#981,.F.);
#1301=ORIENTED_EDGE('',*,*,#916,.F.);
#1302=ORIENTED_EDGE('',*,*,#982,.T.);
#1303=ORIENTED_EDGE('',*,*,#983,.T.);
#1304=ORIENTED_EDGE('',*,*,#979,.F.);
#1305=ORIENTED_EDGE('',*,*,#915,.F.);
#1306=ORIENTED_EDGE('',*,*,#978,.T.);
#1307=ORIENTED_EDGE('',*,*,#984,.T.);
#1308=ORIENTED_EDGE('',*,*,#982,.F.);
#1309=ORIENTED_EDGE('',*,*,#918,.F.);
#1310=ORIENTED_EDGE('',*,*,#981,.T.);
#1311=ORIENTED_EDGE('',*,*,#985,.T.);
#1312=ORIENTED_EDGE('',*,*,#986,.F.);
#1313=ORIENTED_EDGE('',*,*,#987,.F.);
#1314=ORIENTED_EDGE('',*,*,#988,.F.);
#1315=ORIENTED_EDGE('',*,*,#989,.F.);
#1316=ORIENTED_EDGE('',*,*,#985,.F.);
#1317=ORIENTED_EDGE('',*,*,#980,.F.);
#1318=ORIENTED_EDGE('',*,*,#983,.F.);
#1319=ORIENTED_EDGE('',*,*,#984,.F.);
#1320=ORIENTED_EDGE('',*,*,#977,.F.);
#1321=ORIENTED_EDGE('',*,*,#930,.F.);
#1322=ORIENTED_EDGE('',*,*,#990,.T.);
#1323=ORIENTED_EDGE('',*,*,#991,.T.);
#1324=ORIENTED_EDGE('',*,*,#990,.F.);
#1325=ORIENTED_EDGE('',*,*,#991,.F.);
#1326=ORIENTED_EDGE('',*,*,#992,.F.);
#1327=ORIENTED_EDGE('',*,*,#993,.T.);
#1328=ORIENTED_EDGE('',*,*,#953,.T.);
#1329=ORIENTED_EDGE('',*,*,#994,.F.);
#1330=ORIENTED_EDGE('',*,*,#995,.F.);
#1331=ORIENTED_EDGE('',*,*,#996,.T.);
#1332=ORIENTED_EDGE('',*,*,#951,.T.);
#1333=ORIENTED_EDGE('',*,*,#997,.F.);
#1334=ORIENTED_EDGE('',*,*,#998,.F.);
#1335=ORIENTED_EDGE('',*,*,#999,.F.);
#1336=ORIENTED_EDGE('',*,*,#1000,.F.);
#1337=ORIENTED_EDGE('',*,*,#1001,.T.);
#1338=ORIENTED_EDGE('',*,*,#1002,.F.);
#1339=ORIENTED_EDGE('',*,*,#994,.T.);
#1340=ORIENTED_EDGE('',*,*,#952,.T.);
#1341=ORIENTED_EDGE('',*,*,#996,.F.);
#1342=ORIENTED_EDGE('',*,*,#995,.T.);
#1343=ORIENTED_EDGE('',*,*,#1003,.T.);
#1344=ORIENTED_EDGE('',*,*,#992,.T.);
#1345=ORIENTED_EDGE('',*,*,#1002,.T.);
#1346=ORIENTED_EDGE('',*,*,#1004,.T.);
#1347=ORIENTED_EDGE('',*,*,#1005,.T.);
#1348=ORIENTED_EDGE('',*,*,#998,.T.);
#1349=ORIENTED_EDGE('',*,*,#997,.T.);
#1350=ORIENTED_EDGE('',*,*,#955,.T.);
#1351=ORIENTED_EDGE('',*,*,#1006,.T.);
#1352=ORIENTED_EDGE('',*,*,#932,.F.);
#1353=ORIENTED_EDGE('',*,*,#1006,.F.);
#1354=ORIENTED_EDGE('',*,*,#954,.T.);
#1355=ORIENTED_EDGE('',*,*,#993,.F.);
#1356=ORIENTED_EDGE('',*,*,#1003,.F.);
#1357=ORIENTED_EDGE('',*,*,#1007,.T.);
#1358=ORIENTED_EDGE('',*,*,#841,.T.);
#1359=ORIENTED_EDGE('',*,*,#1008,.T.);
#1360=ORIENTED_EDGE('',*,*,#1000,.T.);
#1361=ORIENTED_EDGE('',*,*,#1009,.T.);
#1362=ORIENTED_EDGE('',*,*,#1010,.T.);
#1363=ORIENTED_EDGE('',*,*,#1009,.F.);
#1364=ORIENTED_EDGE('',*,*,#999,.T.);
#1365=ORIENTED_EDGE('',*,*,#1005,.F.);
#1366=ORIENTED_EDGE('',*,*,#1011,.T.);
#1367=ORIENTED_EDGE('',*,*,#1012,.F.);
#1368=ORIENTED_EDGE('',*,*,#1011,.F.);
#1369=ORIENTED_EDGE('',*,*,#1004,.F.);
#1370=ORIENTED_EDGE('',*,*,#1001,.F.);
#1371=ORIENTED_EDGE('',*,*,#1010,.F.);
#1372=ORIENTED_EDGE('',*,*,#1013,.T.);
#1373=ORIENTED_EDGE('',*,*,#931,.F.);
#1374=ORIENTED_EDGE('',*,*,#1013,.F.);
#1375=ORIENTED_EDGE('',*,*,#989,.T.);
#1376=ORIENTED_EDGE('',*,*,#1014,.T.);
#1377=ORIENTED_EDGE('',*,*,#946,.T.);
#1378=ORIENTED_EDGE('',*,*,#1015,.F.);
#1379=ORIENTED_EDGE('',*,*,#919,.F.);
#1380=ORIENTED_EDGE('',*,*,#986,.T.);
#1381=ORIENTED_EDGE('',*,*,#831,.T.);
#1382=ORIENTED_EDGE('',*,*,#920,.F.);
#1383=ORIENTED_EDGE('',*,*,#1015,.T.);
#1384=ORIENTED_EDGE('',*,*,#945,.T.);
#1385=ORIENTED_EDGE('',*,*,#1016,.F.);
#1386=ORIENTED_EDGE('',*,*,#921,.F.);
#1387=ORIENTED_EDGE('',*,*,#1016,.T.);
#1388=ORIENTED_EDGE('',*,*,#944,.T.);
#1389=ORIENTED_EDGE('',*,*,#1017,.F.);
#1390=ORIENTED_EDGE('',*,*,#937,.F.);
#1391=ORIENTED_EDGE('',*,*,#922,.F.);
#1392=ORIENTED_EDGE('',*,*,#1017,.T.);
#1393=ORIENTED_EDGE('',*,*,#943,.T.);
#1394=ORIENTED_EDGE('',*,*,#925,.F.);
#1395=ORIENTED_EDGE('',*,*,#939,.T.);
#1396=ORIENTED_EDGE('',*,*,#942,.T.);
#1397=ORIENTED_EDGE('',*,*,#1018,.F.);
#1398=ORIENTED_EDGE('',*,*,#926,.F.);
#1399=ORIENTED_EDGE('',*,*,#1018,.T.);
#1400=ORIENTED_EDGE('',*,*,#941,.T.);
#1401=ORIENTED_EDGE('',*,*,#1019,.F.);
#1402=ORIENTED_EDGE('',*,*,#927,.F.);
#1403=ORIENTED_EDGE('',*,*,#1019,.T.);
#1404=ORIENTED_EDGE('',*,*,#940,.T.);
#1405=ORIENTED_EDGE('',*,*,#905,.F.);
#1406=ORIENTED_EDGE('',*,*,#901,.F.);
#1407=ORIENTED_EDGE('',*,*,#950,.T.);
#1408=ORIENTED_EDGE('',*,*,#842,.F.);
#1409=ORIENTED_EDGE('',*,*,#1007,.F.);
#1410=ORIENTED_EDGE('',*,*,#1020,.F.);
#1411=ORIENTED_EDGE('',*,*,#928,.F.);
#1412=ORIENTED_EDGE('',*,*,#929,.F.);
#1413=ORIENTED_EDGE('',*,*,#1020,.T.);
#1414=ORIENTED_EDGE('',*,*,#1008,.F.);
#1415=ORIENTED_EDGE('',*,*,#840,.F.);
#1416=ORIENTED_EDGE('',*,*,#907,.F.);
#1417=ORIENTED_EDGE('',*,*,#844,.T.);
#1418=ORIENTED_EDGE('',*,*,#949,.T.);
#1419=ORIENTED_EDGE('',*,*,#1021,.F.);
#1420=ORIENTED_EDGE('',*,*,#883,.T.);
#1421=ORIENTED_EDGE('',*,*,#890,.T.);
#1422=ORIENTED_EDGE('',*,*,#896,.T.);
#1423=ORIENTED_EDGE('',*,*,#973,.T.);
#1424=ORIENTED_EDGE('',*,*,#908,.F.);
#1425=ORIENTED_EDGE('',*,*,#1021,.T.);
#1426=ORIENTED_EDGE('',*,*,#948,.T.);
#1427=ORIENTED_EDGE('',*,*,#1022,.F.);
#1428=ORIENTED_EDGE('',*,*,#987,.T.);
#1429=ORIENTED_EDGE('',*,*,#976,.T.);
#1430=ORIENTED_EDGE('',*,*,#913,.F.);
#1431=ORIENTED_EDGE('',*,*,#968,.T.);
#1432=ORIENTED_EDGE('',*,*,#975,.T.);
#1433=ORIENTED_EDGE('',*,*,#819,.T.);
#1434=ORIENTED_EDGE('',*,*,#825,.T.);
#1435=ORIENTED_EDGE('',*,*,#988,.T.);
#1436=ORIENTED_EDGE('',*,*,#1022,.T.);
#1437=ORIENTED_EDGE('',*,*,#947,.T.);
#1438=ORIENTED_EDGE('',*,*,#1014,.F.);
#1439=ORIENTED_EDGE('',*,*,#1012,.T.);
#1440=ORIENTED_EDGE('',*,*,#814,.T.);
#1441=CYLINDRICAL_SURFACE('',#1601,1.25);
#1442=CYLINDRICAL_SURFACE('',#1608,1.75);
#1443=CYLINDRICAL_SURFACE('',#1610,1.5);
#1444=CYLINDRICAL_SURFACE('',#1616,1.75);
#1445=CYLINDRICAL_SURFACE('',#1618,1.5);
#1446=CYLINDRICAL_SURFACE('',#1624,2.25);
#1447=CYLINDRICAL_SURFACE('',#1626,2.);
#1448=CYLINDRICAL_SURFACE('',#1637,2.25);
#1449=CYLINDRICAL_SURFACE('',#1639,2.);
#1450=CYLINDRICAL_SURFACE('',#1645,2.25);
#1451=CYLINDRICAL_SURFACE('',#1647,2.);
#1452=CYLINDRICAL_SURFACE('',#1653,2.25);
#1453=CYLINDRICAL_SURFACE('',#1655,2.);
#1454=CYLINDRICAL_SURFACE('',#1661,2.25);
#1455=CYLINDRICAL_SURFACE('',#1663,2.);
#1456=CYLINDRICAL_SURFACE('',#1669,2.25);
#1457=CYLINDRICAL_SURFACE('',#1671,2.);
#1458=CYLINDRICAL_SURFACE('',#1677,2.25);
#1459=CYLINDRICAL_SURFACE('',#1679,2.);
#1460=CYLINDRICAL_SURFACE('',#1685,1.2295);
#1461=CYLINDRICAL_SURFACE('',#1691,2.1);
#1462=CYLINDRICAL_SURFACE('',#1693,2.);
#1463=CYLINDRICAL_SURFACE('',#1699,2.1);
#1464=CYLINDRICAL_SURFACE('',#1701,2.);
#1465=CYLINDRICAL_SURFACE('',#1725,1.05643030000003);
#1466=CYLINDRICAL_SURFACE('',#1727,1.05643030000003);
#1467=CYLINDRICAL_SURFACE('',#1729,2.25);
#1468=CYLINDRICAL_SURFACE('',#1732,2.25);
#1469=CYLINDRICAL_SURFACE('',#1738,12.5);
#1470=CYLINDRICAL_SURFACE('',#1742,12.5000037);
#1471=CYLINDRICAL_SURFACE('',#1748,5.00000000000001);
#1472=CYLINDRICAL_SURFACE('',#1751,8.40000000000001);
#1473=CYLINDRICAL_SURFACE('',#1753,8.40000000000001);
#1474=CYLINDRICAL_SURFACE('',#1755,10.);
#1475=CYLINDRICAL_SURFACE('',#1763,5.00000000000012);
#1476=CYLINDRICAL_SURFACE('',#1769,4.60000000000001);
#1477=CYLINDRICAL_SURFACE('',#1771,4.8);
#1478=CYLINDRICAL_SURFACE('',#1780,14.6999999999998);
#1479=ADVANCED_FACE('',(#113),#1441,.F.);
#1480=ADVANCED_FACE('',(#114),#55,.T.);
#1481=ADVANCED_FACE('',(#115,#20),#56,.T.);
#1482=ADVANCED_FACE('',(#116),#1442,.F.);
#1483=ADVANCED_FACE('',(#117),#1443,.F.);
#1484=ADVANCED_FACE('',(#118),#57,.T.);
#1485=ADVANCED_FACE('',(#119,#21),#58,.T.);
#1486=ADVANCED_FACE('',(#120),#1444,.F.);
#1487=ADVANCED_FACE('',(#121),#1445,.F.);
#1488=ADVANCED_FACE('',(#122),#59,.T.);
#1489=ADVANCED_FACE('',(#123,#22),#60,.T.);
#1490=ADVANCED_FACE('',(#124),#1446,.F.);
#1491=ADVANCED_FACE('',(#125),#1447,.F.);
#1492=ADVANCED_FACE('',(#126),#61,.T.);
#1493=ADVANCED_FACE('',(#127),#17,.F.);
#1494=ADVANCED_FACE('',(#128),#18,.F.);
#1495=ADVANCED_FACE('',(#129),#62,.T.);
#1496=ADVANCED_FACE('',(#130,#23),#63,.T.);
#1497=ADVANCED_FACE('',(#131),#1448,.F.);
#1498=ADVANCED_FACE('',(#132),#1449,.F.);
#1499=ADVANCED_FACE('',(#133),#64,.T.);
#1500=ADVANCED_FACE('',(#134,#24),#65,.T.);
#1501=ADVANCED_FACE('',(#135),#1450,.F.);
#1502=ADVANCED_FACE('',(#136),#1451,.F.);
#1503=ADVANCED_FACE('',(#137),#66,.T.);
#1504=ADVANCED_FACE('',(#138,#25),#67,.T.);
#1505=ADVANCED_FACE('',(#139),#1452,.F.);
#1506=ADVANCED_FACE('',(#140),#1453,.F.);
#1507=ADVANCED_FACE('',(#141),#68,.T.);
#1508=ADVANCED_FACE('',(#142,#26),#69,.T.);
#1509=ADVANCED_FACE('',(#143),#1454,.F.);
#1510=ADVANCED_FACE('',(#144),#1455,.F.);
#1511=ADVANCED_FACE('',(#145),#70,.T.);
#1512=ADVANCED_FACE('',(#146,#27),#71,.T.);
#1513=ADVANCED_FACE('',(#147),#1456,.F.);
#1514=ADVANCED_FACE('',(#148),#1457,.F.);
#1515=ADVANCED_FACE('',(#149),#72,.T.);
#1516=ADVANCED_FACE('',(#150,#28),#73,.T.);
#1517=ADVANCED_FACE('',(#151),#1458,.F.);
#1518=ADVANCED_FACE('',(#152),#1459,.F.);
#1519=ADVANCED_FACE('',(#153),#74,.T.);
#1520=ADVANCED_FACE('',(#154),#19,.F.);
#1521=ADVANCED_FACE('',(#155),#1460,.F.);
#1522=ADVANCED_FACE('',(#156),#75,.T.);
#1523=ADVANCED_FACE('',(#157,#29),#76,.T.);
#1524=ADVANCED_FACE('',(#158),#1461,.F.);
#1525=ADVANCED_FACE('',(#159),#1462,.F.);
#1526=ADVANCED_FACE('',(#160),#77,.T.);
#1527=ADVANCED_FACE('',(#161,#30),#78,.T.);
#1528=ADVANCED_FACE('',(#162),#1463,.F.);
#1529=ADVANCED_FACE('',(#163),#1464,.F.);
#1530=ADVANCED_FACE('',(#164),#79,.T.);
#1531=ADVANCED_FACE('',(#165),#80,.T.);
#1532=ADVANCED_FACE('',(#166),#81,.T.);
#1533=ADVANCED_FACE('',(#167,#31,#32,#33,#34,#35),#82,.T.);
#1534=ADVANCED_FACE('',(#168),#83,.T.);
#1535=ADVANCED_FACE('',(#169),#84,.T.);
#1536=ADVANCED_FACE('',(#170,#36,#37,#38,#39,#40,#41,#42,#43,#44),#85,.T.);
#1537=ADVANCED_FACE('',(#171),#1465,.F.);
#1538=ADVANCED_FACE('',(#172),#1466,.F.);
#1539=ADVANCED_FACE('',(#173),#1467,.F.);
#1540=ADVANCED_FACE('',(#174,#45),#86,.T.);
#1541=ADVANCED_FACE('',(#175),#1468,.F.);
#1542=ADVANCED_FACE('',(#176,#46),#87,.T.);
#1543=ADVANCED_FACE('',(#177),#88,.F.);
#1544=ADVANCED_FACE('',(#178),#89,.F.);
#1545=ADVANCED_FACE('',(#179),#90,.F.);
#1546=ADVANCED_FACE('',(#180),#1469,.F.);
#1547=ADVANCED_FACE('',(#181),#91,.T.);
#1548=ADVANCED_FACE('',(#182),#92,.F.);
#1549=ADVANCED_FACE('',(#183),#1470,.F.);
#1550=ADVANCED_FACE('',(#184),#93,.F.);
#1551=ADVANCED_FACE('',(#185),#94,.F.);
#1552=ADVANCED_FACE('',(#186),#95,.F.);
#1553=ADVANCED_FACE('',(#187),#96,.T.);
#1554=ADVANCED_FACE('',(#188),#1471,.F.);
#1555=ADVANCED_FACE('',(#189),#97,.T.);
#1556=ADVANCED_FACE('',(#190),#1472,.F.);
#1557=ADVANCED_FACE('',(#191),#1473,.F.);
#1558=ADVANCED_FACE('',(#192),#1474,.F.);
#1559=ADVANCED_FACE('',(#193),#98,.F.);
#1560=ADVANCED_FACE('',(#194),#1475,.F.);
#1561=ADVANCED_FACE('',(#195),#99,.F.);
#1562=ADVANCED_FACE('',(#196,#47),#100,.F.);
#1563=ADVANCED_FACE('',(#197),#1476,.F.);
#1564=ADVANCED_FACE('',(#198),#1477,.F.);
#1565=ADVANCED_FACE('',(#199,#48),#101,.T.);
#1566=ADVANCED_FACE('',(#200),#102,.T.);
#1567=ADVANCED_FACE('',(#201),#103,.T.);
#1568=ADVANCED_FACE('',(#202),#104,.T.);
#1569=ADVANCED_FACE('',(#203),#105,.T.);
#1570=ADVANCED_FACE('',(#204),#106,.T.);
#1571=ADVANCED_FACE('',(#205),#107,.T.);
#1572=ADVANCED_FACE('',(#206),#108,.T.);
#1573=ADVANCED_FACE('',(#207),#1478,.F.);
#1574=ADVANCED_FACE('',(#208,#49,#50,#51),#109,.T.);
#1575=ADVANCED_FACE('',(#209,#52,#53),#110,.T.);
#1576=ADVANCED_FACE('',(#210),#111,.T.);
#1577=ADVANCED_FACE('',(#211,#54),#112,.F.);
#1578=CLOSED_SHELL('',(#1479,#1480,#1481,#1482,#1483,#1484,#1485,#1486,
#1487,#1488,#1489,#1490,#1491,#1492,#1493,#1494,#1495,#1496,#1497,#1498,
#1499,#1500,#1501,#1502,#1503,#1504,#1505,#1506,#1507,#1508,#1509,#1510,
#1511,#1512,#1513,#1514,#1515,#1516,#1517,#1518,#1519,#1520,#1521,#1522,
#1523,#1524,#1525,#1526,#1527,#1528,#1529,#1530,#1531,#1532,#1533,#1534,
#1535,#1536,#1537,#1538,#1539,#1540,#1541,#1542,#1543,#1544,#1545,#1546,
#1547,#1548,#1549,#1550,#1551,#1552,#1553,#1554,#1555,#1556,#1557,#1558,
#1559,#1560,#1561,#1562,#1563,#1564,#1565,#1566,#1567,#1568,#1569,#1570,
#1571,#1572,#1573,#1574,#1575,#1576,#1577));
#1579=DERIVED_UNIT_ELEMENT(#1582,1.);
#1580=DERIVED_UNIT_ELEMENT(#2734,-3.);
#1581=DIMENSIONAL_EXPONENTS(0.,1.,0.,0.,0.,0.,0.);
#1582=(
CONVERSION_BASED_UNIT('gram',#1584)
MASS_UNIT()
NAMED_UNIT(#1581)
);
#1583=(
MASS_UNIT()
NAMED_UNIT(*)
SI_UNIT(.KILO.,.GRAM.)
);
#1584=MASS_MEASURE_WITH_UNIT(MASS_MEASURE(0.001),#1583);
#1585=DERIVED_UNIT((#1579,#1580));
#1586=MEASURE_REPRESENTATION_ITEM('density measure',
POSITIVE_RATIO_MEASURE(1.),#1585);
#1587=PROPERTY_DEFINITION_REPRESENTATION(#1592,#1589);
#1588=PROPERTY_DEFINITION_REPRESENTATION(#1593,#1590);
#1589=REPRESENTATION('material name',(#1591),#2731);
#1590=REPRESENTATION('density',(#1586),#2731);
#1591=DESCRIPTIVE_REPRESENTATION_ITEM('Generic','Generic');
#1592=PROPERTY_DEFINITION('material property','material name',#2741);
#1593=PROPERTY_DEFINITION('material property','density of part',#2741);
#1594=DATE_TIME_ROLE('creation_date');
#1595=APPLIED_DATE_AND_TIME_ASSIGNMENT(#1596,#1594,(#2741));
#1596=DATE_AND_TIME(#1597,#1598);
#1597=CALENDAR_DATE(2026,13,4);
#1598=LOCAL_TIME(0,0,0.,#1599);
#1599=COORDINATED_UNIVERSAL_TIME_OFFSET(0,0,.BEHIND.);
#1600=AXIS2_PLACEMENT_3D('',#2277,#1785,#1786);
#1601=AXIS2_PLACEMENT_3D('',#2278,#1787,#1788);
#1602=AXIS2_PLACEMENT_3D('',#2280,#1789,#1790);
#1603=AXIS2_PLACEMENT_3D('',#2283,#1792,#1793);
#1604=AXIS2_PLACEMENT_3D('',#2284,#1794,#1795);
#1605=AXIS2_PLACEMENT_3D('',#2285,#1796,#1797);
#1606=AXIS2_PLACEMENT_3D('',#2287,#1798,#1799);
#1607=AXIS2_PLACEMENT_3D('',#2289,#1800,#1801);
#1608=AXIS2_PLACEMENT_3D('',#2290,#1802,#1803);
#1609=AXIS2_PLACEMENT_3D('',#2292,#1804,#1805);
#1610=AXIS2_PLACEMENT_3D('',#2294,#1807,#1808);
#1611=AXIS2_PLACEMENT_3D('',#2297,#1810,#1811);
#1612=AXIS2_PLACEMENT_3D('',#2298,#1812,#1813);
#1613=AXIS2_PLACEMENT_3D('',#2299,#1814,#1815);
#1614=AXIS2_PLACEMENT_3D('',#2301,#1816,#1817);
#1615=AXIS2_PLACEMENT_3D('',#2303,#1818,#1819);
#1616=AXIS2_PLACEMENT_3D('',#2304,#1820,#1821);
#1617=AXIS2_PLACEMENT_3D('',#2306,#1822,#1823);
#1618=AXIS2_PLACEMENT_3D('',#2308,#1825,#1826);
#1619=AXIS2_PLACEMENT_3D('',#2311,#1828,#1829);
#1620=AXIS2_PLACEMENT_3D('',#2312,#1830,#1831);
#1621=AXIS2_PLACEMENT_3D('',#2313,#1832,#1833);
#1622=AXIS2_PLACEMENT_3D('',#2315,#1834,#1835);
#1623=AXIS2_PLACEMENT_3D('',#2317,#1836,#1837);
#1624=AXIS2_PLACEMENT_3D('',#2318,#1838,#1839);
#1625=AXIS2_PLACEMENT_3D('',#2320,#1840,#1841);
#1626=AXIS2_PLACEMENT_3D('',#2322,#1843,#1844);
#1627=AXIS2_PLACEMENT_3D('',#2325,#1846,#1847);
#1628=AXIS2_PLACEMENT_3D('',#2326,#1848,#1849);
#1629=AXIS2_PLACEMENT_3D('',#2327,#1850,#1851);
#1630=AXIS2_PLACEMENT_3D('',#2333,#1852,#1853);
#1631=AXIS2_PLACEMENT_3D('',#2334,#1854,#1855);
#1632=AXIS2_PLACEMENT_3D('',#2340,#1856,#1857);
#1633=AXIS2_PLACEMENT_3D('',#2341,#1858,#1859);
#1634=AXIS2_PLACEMENT_3D('',#2356,#1868,#1869);
#1635=AXIS2_PLACEMENT_3D('',#2358,#1870,#1871);
#1636=AXIS2_PLACEMENT_3D('',#2360,#1872,#1873);
#1637=AXIS2_PLACEMENT_3D('',#2361,#1874,#1875);
#1638=AXIS2_PLACEMENT_3D('',#2363,#1876,#1877);
#1639=AXIS2_PLACEMENT_3D('',#2365,#1879,#1880);
#1640=AXIS2_PLACEMENT_3D('',#2368,#1882,#1883);
#1641=AXIS2_PLACEMENT_3D('',#2369,#1884,#1885);
#1642=AXIS2_PLACEMENT_3D('',#2370,#1886,#1887);
#1643=AXIS2_PLACEMENT_3D('',#2372,#1888,#1889);
#1644=AXIS2_PLACEMENT_3D('',#2374,#1890,#1891);
#1645=AXIS2_PLACEMENT_3D('',#2375,#1892,#1893);
#1646=AXIS2_PLACEMENT_3D('',#2377,#1894,#1895);
#1647=AXIS2_PLACEMENT_3D('',#2379,#1897,#1898);
#1648=AXIS2_PLACEMENT_3D('',#2382,#1900,#1901);
#1649=AXIS2_PLACEMENT_3D('',#2383,#1902,#1903);
#1650=AXIS2_PLACEMENT_3D('',#2384,#1904,#1905);
#1651=AXIS2_PLACEMENT_3D('',#2386,#1906,#1907);
#1652=AXIS2_PLACEMENT_3D('',#2388,#1908,#1909);
#1653=AXIS2_PLACEMENT_3D('',#2389,#1910,#1911);
#1654=AXIS2_PLACEMENT_3D('',#2391,#1912,#1913);
#1655=AXIS2_PLACEMENT_3D('',#2393,#1915,#1916);
#1656=AXIS2_PLACEMENT_3D('',#2396,#1918,#1919);
#1657=AXIS2_PLACEMENT_3D('',#2397,#1920,#1921);
#1658=AXIS2_PLACEMENT_3D('',#2398,#1922,#1923);
#1659=AXIS2_PLACEMENT_3D('',#2400,#1924,#1925);
#1660=AXIS2_PLACEMENT_3D('',#2402,#1926,#1927);
#1661=AXIS2_PLACEMENT_3D('',#2403,#1928,#1929);
#1662=AXIS2_PLACEMENT_3D('',#2405,#1930,#1931);
#1663=AXIS2_PLACEMENT_3D('',#2407,#1933,#1934);
#1664=AXIS2_PLACEMENT_3D('',#2410,#1936,#1937);
#1665=AXIS2_PLACEMENT_3D('',#2411,#1938,#1939);
#1666=AXIS2_PLACEMENT_3D('',#2412,#1940,#1941);
#1667=AXIS2_PLACEMENT_3D('',#2414,#1942,#1943);
#1668=AXIS2_PLACEMENT_3D('',#2416,#1944,#1945);
#1669=AXIS2_PLACEMENT_3D('',#2417,#1946,#1947);
#1670=AXIS2_PLACEMENT_3D('',#2419,#1948,#1949);
#1671=AXIS2_PLACEMENT_3D('',#2421,#1951,#1952);
#1672=AXIS2_PLACEMENT_3D('',#2424,#1954,#1955);
#1673=AXIS2_PLACEMENT_3D('',#2425,#1956,#1957);
#1674=AXIS2_PLACEMENT_3D('',#2426,#1958,#1959);
#1675=AXIS2_PLACEMENT_3D('',#2428,#1960,#1961);
#1676=AXIS2_PLACEMENT_3D('',#2430,#1962,#1963);
#1677=AXIS2_PLACEMENT_3D('',#2431,#1964,#1965);
#1678=AXIS2_PLACEMENT_3D('',#2433,#1966,#1967);
#1679=AXIS2_PLACEMENT_3D('',#2435,#1969,#1970);
#1680=AXIS2_PLACEMENT_3D('',#2438,#1972,#1973);
#1681=AXIS2_PLACEMENT_3D('',#2439,#1974,#1975);
#1682=AXIS2_PLACEMENT_3D('',#2440,#1976,#1977);
#1683=AXIS2_PLACEMENT_3D('',#2442,#1978,#1979);
#1684=AXIS2_PLACEMENT_3D('',#2445,#1981,#1982);
#1685=AXIS2_PLACEMENT_3D('',#2446,#1983,#1984);
#1686=AXIS2_PLACEMENT_3D('',#2449,#1986,#1987);
#1687=AXIS2_PLACEMENT_3D('',#2450,#1988,#1989);
#1688=AXIS2_PLACEMENT_3D('',#2451,#1990,#1991);
#1689=AXIS2_PLACEMENT_3D('',#2453,#1992,#1993);
#1690=AXIS2_PLACEMENT_3D('',#2455,#1994,#1995);
#1691=AXIS2_PLACEMENT_3D('',#2456,#1996,#1997);
#1692=AXIS2_PLACEMENT_3D('',#2458,#1998,#1999);
#1693=AXIS2_PLACEMENT_3D('',#2460,#2001,#2002);
#1694=AXIS2_PLACEMENT_3D('',#2463,#2004,#2005);
#1695=AXIS2_PLACEMENT_3D('',#2464,#2006,#2007);
#1696=AXIS2_PLACEMENT_3D('',#2465,#2008,#2009);
#1697=AXIS2_PLACEMENT_3D('',#2467,#2010,#2011);
#1698=AXIS2_PLACEMENT_3D('',#2469,#2012,#2013);
#1699=AXIS2_PLACEMENT_3D('',#2470,#2014,#2015);
#1700=AXIS2_PLACEMENT_3D('',#2472,#2016,#2017);
#1701=AXIS2_PLACEMENT_3D('',#2474,#2019,#2020);
#1702=AXIS2_PLACEMENT_3D('',#2477,#2022,#2023);
#1703=AXIS2_PLACEMENT_3D('',#2478,#2024,#2025);
#1704=AXIS2_PLACEMENT_3D('',#2479,#2026,#2027);
#1705=AXIS2_PLACEMENT_3D('',#2488,#2032,#2033);
#1706=AXIS2_PLACEMENT_3D('',#2494,#2037,#2038);
#1707=AXIS2_PLACEMENT_3D('',#2500,#2041,#2042);
#1708=AXIS2_PLACEMENT_3D('',#2516,#2050,#2051);
#1709=AXIS2_PLACEMENT_3D('',#2538,#2063,#2064);
#1710=AXIS2_PLACEMENT_3D('',#2540,#2065,#2066);
#1711=AXIS2_PLACEMENT_3D('',#2542,#2067,#2068);
#1712=AXIS2_PLACEMENT_3D('',#2544,#2069,#2070);
#1713=AXIS2_PLACEMENT_3D('',#2546,#2071,#2072);
#1714=AXIS2_PLACEMENT_3D('',#2548,#2073,#2074);
#1715=AXIS2_PLACEMENT_3D('',#2549,#2075,#2076);
#1716=AXIS2_PLACEMENT_3D('',#2555,#2080,#2081);
#1717=AXIS2_PLACEMENT_3D('',#2559,#2084,#2085);
#1718=AXIS2_PLACEMENT_3D('',#2581,#2097,#2098);
#1719=AXIS2_PLACEMENT_3D('',#2583,#2099,#2100);
#1720=AXIS2_PLACEMENT_3D('',#2585,#2101,#2102);
#1721=AXIS2_PLACEMENT_3D('',#2587,#2103,#2104);
#1722=AXIS2_PLACEMENT_3D('',#2588,#2105,#2106);
#1723=AXIS2_PLACEMENT_3D('',#2590,#2107,#2108);
#1724=AXIS2_PLACEMENT_3D('',#2592,#2109,#2110);
#1725=AXIS2_PLACEMENT_3D('',#2593,#2111,#2112);
#1726=AXIS2_PLACEMENT_3D('',#2595,#2113,#2114);
#1727=AXIS2_PLACEMENT_3D('',#2597,#2116,#2117);
#1728=AXIS2_PLACEMENT_3D('',#2599,#2118,#2119);
#1729=AXIS2_PLACEMENT_3D('',#2601,#2121,#2122);
#1730=AXIS2_PLACEMENT_3D('',#2604,#2124,#2125);
#1731=AXIS2_PLACEMENT_3D('',#2605,#2126,#2127);
#1732=AXIS2_PLACEMENT_3D('',#2606,#2128,#2129);
#1733=AXIS2_PLACEMENT_3D('',#2609,#2131,#2132);
#1734=AXIS2_PLACEMENT_3D('',#2610,#2133,#2134);
#1735=AXIS2_PLACEMENT_3D('',#2611,#2135,#2136);
#1736=AXIS2_PLACEMENT_3D('',#2617,#2140,#2141);
#1737=AXIS2_PLACEMENT_3D('',#2621,#2144,#2145);
#1738=AXIS2_PLACEMENT_3D('',#2625,#2148,#2149);
#1739=AXIS2_PLACEMENT_3D('',#2628,#2151,#2152);
#1740=AXIS2_PLACEMENT_3D('',#2629,#2153,#2154);
#1741=AXIS2_PLACEMENT_3D('',#2631,#2156,#2157);
#1742=AXIS2_PLACEMENT_3D('',#2637,#2161,#2162);
#1743=AXIS2_PLACEMENT_3D('',#2641,#2164,#2165);
#1744=AXIS2_PLACEMENT_3D('',#2643,#2167,#2168);
#1745=AXIS2_PLACEMENT_3D('',#2647,#2171,#2172);
#1746=AXIS2_PLACEMENT_3D('',#2649,#2174,#2175);
#1747=AXIS2_PLACEMENT_3D('',#2653,#2178,#2179);
#1748=AXIS2_PLACEMENT_3D('',#2659,#2183,#2184);
#1749=AXIS2_PLACEMENT_3D('',#2662,#2186,#2187);
#1750=AXIS2_PLACEMENT_3D('',#2663,#2188,#2189);
#1751=AXIS2_PLACEMENT_3D('',#2664,#2190,#2191);
#1752=AXIS2_PLACEMENT_3D('',#2667,#2192,#2193);
#1753=AXIS2_PLACEMENT_3D('',#2670,#2196,#2197);
#1754=AXIS2_PLACEMENT_3D('',#2673,#2198,#2199);
#1755=AXIS2_PLACEMENT_3D('',#2676,#2202,#2203);
#1756=AXIS2_PLACEMENT_3D('',#2678,#2204,#2205);
#1757=AXIS2_PLACEMENT_3D('',#2682,#2207,#2208);
#1758=AXIS2_PLACEMENT_3D('',#2685,#2210,#2211);
#1759=AXIS2_PLACEMENT_3D('',#2686,#2212,#2213);
#1760=AXIS2_PLACEMENT_3D('',#2687,#2214,#2215);
#1761=AXIS2_PLACEMENT_3D('',#2689,#2216,#2217);
#1762=AXIS2_PLACEMENT_3D('',#2690,#2218,#2219);
#1763=AXIS2_PLACEMENT_3D('',#2691,#2220,#2221);
#1764=AXIS2_PLACEMENT_3D('',#2693,#2223,#2224);
#1765=AXIS2_PLACEMENT_3D('',#2696,#2226,#2227);
#1766=AXIS2_PLACEMENT_3D('',#2697,#2228,#2229);
#1767=AXIS2_PLACEMENT_3D('',#2698,#2230,#2231);
#1768=AXIS2_PLACEMENT_3D('',#2700,#2232,#2233);
#1769=AXIS2_PLACEMENT_3D('',#2701,#2234,#2235);
#1770=AXIS2_PLACEMENT_3D('',#2704,#2237,#2238);
#1771=AXIS2_PLACEMENT_3D('',#2705,#2239,#2240);
#1772=AXIS2_PLACEMENT_3D('',#2707,#2242,#2243);
#1773=AXIS2_PLACEMENT_3D('',#2710,#2246,#2247);
#1774=AXIS2_PLACEMENT_3D('',#2712,#2249,#2250);
#1775=AXIS2_PLACEMENT_3D('',#2714,#2252,#2253);
#1776=AXIS2_PLACEMENT_3D('',#2715,#2254,#2255);
#1777=AXIS2_PLACEMENT_3D('',#2717,#2257,#2258);
#1778=AXIS2_PLACEMENT_3D('',#2719,#2260,#2261);
#1779=AXIS2_PLACEMENT_3D('',#2720,#2262,#2263);
#1780=AXIS2_PLACEMENT_3D('',#2722,#2265,#2266);
#1781=AXIS2_PLACEMENT_3D('',#2723,#2267,#2268);
#1782=AXIS2_PLACEMENT_3D('',#2725,#2270,#2271);
#1783=AXIS2_PLACEMENT_3D('',#2727,#2273,#2274);
#1784=AXIS2_PLACEMENT_3D('',#2728,#2275,#2276);
#1785=DIRECTION('axis',(0.,0.,1.));
#1786=DIRECTION('refdir',(1.,0.,0.));
#1787=DIRECTION('center_axis',(0.,0.,1.));
#1788=DIRECTION('ref_axis',(-1.,0.,0.));
#1789=DIRECTION('center_axis',(0.,0.,1.));
#1790=DIRECTION('ref_axis',(-1.,0.,0.));
#1791=DIRECTION('',(0.,0.,1.));
#1792=DIRECTION('center_axis',(0.,0.,1.));
#1793=DIRECTION('ref_axis',(-1.,0.,0.));
#1794=DIRECTION('center_axis',(0.,0.,-1.));
#1795=DIRECTION('ref_axis',(-1.,0.,0.));
#1796=DIRECTION('center_axis',(1.,2.6981103218255E-16,0.));
#1797=DIRECTION('ref_axis',(0.,0.,-1.));
#1798=DIRECTION('center_axis',(1.,2.6981103218255E-16,0.));
#1799=DIRECTION('ref_axis',(0.,0.,-1.));
#1800=DIRECTION('center_axis',(1.,2.6981103218255E-16,0.));
#1801=DIRECTION('ref_axis',(0.,0.,-1.));
#1802=DIRECTION('center_axis',(1.,2.6981103218255E-16,0.));
#1803=DIRECTION('ref_axis',(0.,0.,-1.));
#1804=DIRECTION('center_axis',(-1.,-2.6981103218255E-16,0.));
#1805=DIRECTION('ref_axis',(0.,0.,-1.));
#1806=DIRECTION('',(-1.,-2.6981103218255E-16,0.));
#1807=DIRECTION('center_axis',(1.,2.6981103218255E-16,0.));
#1808=DIRECTION('ref_axis',(0.,0.,-1.));
#1809=DIRECTION('',(-1.,-2.6981103218255E-16,0.));
#1810=DIRECTION('center_axis',(1.,2.6981103218255E-16,0.));
#1811=DIRECTION('ref_axis',(0.,0.,-1.));
#1812=DIRECTION('center_axis',(1.,2.6981103218255E-16,0.));
#1813=DIRECTION('ref_axis',(0.,0.,-1.));
#1814=DIRECTION('center_axis',(1.,2.6981103218255E-16,0.));
#1815=DIRECTION('ref_axis',(0.,0.,-1.));
#1816=DIRECTION('center_axis',(1.,2.6981103218255E-16,0.));
#1817=DIRECTION('ref_axis',(0.,0.,-1.));
#1818=DIRECTION('center_axis',(1.,2.6981103218255E-16,0.));
#1819=DIRECTION('ref_axis',(0.,0.,-1.));
#1820=DIRECTION('center_axis',(1.,2.6981103218255E-16,0.));
#1821=DIRECTION('ref_axis',(0.,0.,-1.));
#1822=DIRECTION('center_axis',(-1.,-2.6981103218255E-16,0.));
#1823=DIRECTION('ref_axis',(0.,0.,-1.));
#1824=DIRECTION('',(-1.,-2.6981103218255E-16,0.));
#1825=DIRECTION('center_axis',(1.,2.6981103218255E-16,0.));
#1826=DIRECTION('ref_axis',(0.,0.,-1.));
#1827=DIRECTION('',(-1.,-2.6981103218255E-16,0.));
#1828=DIRECTION('center_axis',(1.,2.6981103218255E-16,0.));
#1829=DIRECTION('ref_axis',(0.,0.,-1.));
#1830=DIRECTION('center_axis',(1.,2.6981103218255E-16,0.));
#1831=DIRECTION('ref_axis',(0.,0.,-1.));
#1832=DIRECTION('center_axis',(1.,0.,0.));
#1833=DIRECTION('ref_axis',(0.,0.,-1.));
#1834=DIRECTION('center_axis',(1.,0.,0.));
#1835=DIRECTION('ref_axis',(0.,0.,-1.));
#1836=DIRECTION('center_axis',(1.,0.,0.));
#1837=DIRECTION('ref_axis',(0.,0.,-1.));
#1838=DIRECTION('center_axis',(1.,0.,0.));
#1839=DIRECTION('ref_axis',(0.,0.,-1.));
#1840=DIRECTION('center_axis',(-1.,0.,0.));
#1841=DIRECTION('ref_axis',(0.,0.,-1.));
#1842=DIRECTION('',(-1.,0.,0.));
#1843=DIRECTION('center_axis',(1.,0.,0.));
#1844=DIRECTION('ref_axis',(0.,0.,-1.));
#1845=DIRECTION('',(-1.,0.,0.));
#1846=DIRECTION('center_axis',(1.,0.,0.));
#1847=DIRECTION('ref_axis',(0.,0.,-1.));
#1848=DIRECTION('center_axis',(1.,0.,0.));
#1849=DIRECTION('ref_axis',(0.,0.,-1.));
#1850=DIRECTION('center_axis',(-1.,-1.11299045958212E-16,0.));
#1851=DIRECTION('ref_axis',(1.36302020380878E-32,-1.22464679914735E-16,
-1.));
#1852=DIRECTION('center_axis',(1.,1.11299045958212E-16,0.));
#1853=DIRECTION('ref_axis',(0.,0.,1.));
#1854=DIRECTION('center_axis',(-1.,-1.11299045958212E-16,0.));
#1855=DIRECTION('ref_axis',(1.12483612791384E-31,-1.01064309961486E-15,
-1.));
#1856=DIRECTION('center_axis',(1.,1.11299045958212E-16,0.));
#1857=DIRECTION('ref_axis',(0.,0.,1.));
#1858=DIRECTION('center_axis',(-1.,-1.11299045958212E-16,0.));
#1859=DIRECTION('ref_axis',(-1.11299045958212E-16,1.,0.));
#1860=DIRECTION('',(1.11299045958212E-16,-1.,0.));
#1861=DIRECTION('',(0.,0.,-1.));
#1862=DIRECTION('',(-1.11299045958212E-16,1.,0.));
#1863=DIRECTION('',(0.,0.,-1.));
#1864=DIRECTION('',(1.11299045958212E-16,-1.,4.0515175538314E-29));
#1865=DIRECTION('',(0.,0.,-1.));
#1866=DIRECTION('',(1.11299045958212E-16,-1.,0.));
#1867=DIRECTION('',(1.11299045958212E-16,-1.,0.));
#1868=DIRECTION('center_axis',(-2.54920786734983E-15,-4.07988999418992E-29,
-1.));
#1869=DIRECTION('ref_axis',(-1.,-3.39347366103496E-16,2.54920786734983E-15));
#1870=DIRECTION('center_axis',(-2.54920786734983E-15,-4.07988999418992E-29,
-1.));
#1871=DIRECTION('ref_axis',(-1.,-3.39347366103497E-16,2.54920786734983E-15));
#1872=DIRECTION('center_axis',(-2.54920786734983E-15,-4.07988999418992E-29,
-1.));
#1873=DIRECTION('ref_axis',(-1.,-3.39347366103496E-16,2.54920786734983E-15));
#1874=DIRECTION('center_axis',(-2.54920786734983E-15,-4.07988999418992E-29,
-1.));
#1875=DIRECTION('ref_axis',(-1.,-3.39347366103497E-16,2.54920786734983E-15));
#1876=DIRECTION('center_axis',(2.54920786734983E-15,4.07988999418992E-29,
1.));
#1877=DIRECTION('ref_axis',(-1.,-3.39347366103497E-16,2.54920786734983E-15));
#1878=DIRECTION('',(2.54920786734983E-15,4.07988999418992E-29,1.));
#1879=DIRECTION('center_axis',(-2.54920786734983E-15,-4.07988999418992E-29,
-1.));
#1880=DIRECTION('ref_axis',(-1.,-3.39347366103496E-16,2.54920786734983E-15));
#1881=DIRECTION('',(2.54920786734983E-15,4.07988999418992E-29,1.));
#1882=DIRECTION('center_axis',(-2.54920786734983E-15,-4.07988999418992E-29,
-1.));
#1883=DIRECTION('ref_axis',(-1.,-3.39347366103496E-16,2.54920786734983E-15));
#1884=DIRECTION('center_axis',(-2.54920786734983E-15,-4.07988999418992E-29,
-1.));
#1885=DIRECTION('ref_axis',(-1.,-3.39347366103496E-16,2.54920786734983E-15));
#1886=DIRECTION('center_axis',(-2.54920786734983E-15,-4.07988999418992E-29,
-1.));
#1887=DIRECTION('ref_axis',(-1.,-3.39347366103496E-16,2.54920786734983E-15));
#1888=DIRECTION('center_axis',(-2.54920786734983E-15,-4.07988999418992E-29,
-1.));
#1889=DIRECTION('ref_axis',(-1.,-3.39347366103497E-16,2.54920786734983E-15));
#1890=DIRECTION('center_axis',(-2.54920786734983E-15,-4.07988999418992E-29,
-1.));
#1891=DIRECTION('ref_axis',(-1.,-3.39347366103496E-16,2.54920786734983E-15));
#1892=DIRECTION('center_axis',(-2.54920786734983E-15,-4.07988999418992E-29,
-1.));
#1893=DIRECTION('ref_axis',(-1.,-3.39347366103497E-16,2.54920786734983E-15));
#1894=DIRECTION('center_axis',(2.54920786734983E-15,4.07988999418992E-29,
1.));
#1895=DIRECTION('ref_axis',(-1.,-3.39347366103497E-16,2.54920786734983E-15));
#1896=DIRECTION('',(2.54920786734983E-15,4.07988999418992E-29,1.));
#1897=DIRECTION('center_axis',(-2.54920786734983E-15,-4.07988999418992E-29,
-1.));
#1898=DIRECTION('ref_axis',(-1.,-3.39347366103496E-16,2.54920786734983E-15));
#1899=DIRECTION('',(2.54920786734983E-15,4.07988999418992E-29,1.));
#1900=DIRECTION('center_axis',(-2.54920786734983E-15,-4.07988999418992E-29,
-1.));
#1901=DIRECTION('ref_axis',(-1.,-3.39347366103496E-16,2.54920786734983E-15));
#1902=DIRECTION('center_axis',(-2.54920786734983E-15,-4.07988999418992E-29,
-1.));
#1903=DIRECTION('ref_axis',(-1.,-3.39347366103496E-16,2.54920786734983E-15));
#1904=DIRECTION('center_axis',(-2.54920786734983E-15,-4.07988999418992E-29,
-1.));
#1905=DIRECTION('ref_axis',(-1.,-3.39347366103496E-16,2.54920786734983E-15));
#1906=DIRECTION('center_axis',(-2.54920786734983E-15,-4.07988999418992E-29,
-1.));
#1907=DIRECTION('ref_axis',(-1.,-3.39347366103497E-16,2.54920786734983E-15));
#1908=DIRECTION('center_axis',(-2.54920786734983E-15,-4.07988999418992E-29,
-1.));
#1909=DIRECTION('ref_axis',(-1.,-3.39347366103496E-16,2.54920786734983E-15));
#1910=DIRECTION('center_axis',(-2.54920786734983E-15,-4.07988999418992E-29,
-1.));
#1911=DIRECTION('ref_axis',(-1.,-3.39347366103497E-16,2.54920786734983E-15));
#1912=DIRECTION('center_axis',(2.54920786734983E-15,4.07988999418992E-29,
1.));
#1913=DIRECTION('ref_axis',(-1.,-3.39347366103497E-16,2.54920786734983E-15));
#1914=DIRECTION('',(2.54920786734983E-15,4.07988999418992E-29,1.));
#1915=DIRECTION('center_axis',(-2.54920786734983E-15,-4.07988999418992E-29,
-1.));
#1916=DIRECTION('ref_axis',(-1.,-3.39347366103496E-16,2.54920786734983E-15));
#1917=DIRECTION('',(2.54920786734983E-15,4.07988999418992E-29,1.));
#1918=DIRECTION('center_axis',(-2.54920786734983E-15,-4.07988999418992E-29,
-1.));
#1919=DIRECTION('ref_axis',(-1.,-3.39347366103496E-16,2.54920786734983E-15));
#1920=DIRECTION('center_axis',(-2.54920786734983E-15,-4.07988999418992E-29,
-1.));
#1921=DIRECTION('ref_axis',(-1.,-3.39347366103496E-16,2.54920786734983E-15));
#1922=DIRECTION('center_axis',(-2.54920786734983E-15,-4.07988999418992E-29,
-1.));
#1923=DIRECTION('ref_axis',(-1.,-3.39347366103496E-16,2.54920786734983E-15));
#1924=DIRECTION('center_axis',(-2.54920786734983E-15,-4.07988999418992E-29,
-1.));
#1925=DIRECTION('ref_axis',(-1.,-3.39347366103497E-16,2.54920786734983E-15));
#1926=DIRECTION('center_axis',(-2.54920786734983E-15,-4.07988999418992E-29,
-1.));
#1927=DIRECTION('ref_axis',(-1.,-3.39347366103496E-16,2.54920786734983E-15));
#1928=DIRECTION('center_axis',(-2.54920786734983E-15,-4.07988999418992E-29,
-1.));
#1929=DIRECTION('ref_axis',(-1.,-3.39347366103497E-16,2.54920786734983E-15));
#1930=DIRECTION('center_axis',(2.54920786734983E-15,4.07988999418992E-29,
1.));
#1931=DIRECTION('ref_axis',(-1.,-3.39347366103497E-16,2.54920786734983E-15));
#1932=DIRECTION('',(2.54920786734983E-15,4.07988999418992E-29,1.));
#1933=DIRECTION('center_axis',(-2.54920786734983E-15,-4.07988999418992E-29,
-1.));
#1934=DIRECTION('ref_axis',(-1.,-3.39347366103496E-16,2.54920786734983E-15));
#1935=DIRECTION('',(2.54920786734983E-15,4.07988999418992E-29,1.));
#1936=DIRECTION('center_axis',(-2.54920786734983E-15,-4.07988999418992E-29,
-1.));
#1937=DIRECTION('ref_axis',(-1.,-3.39347366103496E-16,2.54920786734983E-15));
#1938=DIRECTION('center_axis',(-2.54920786734983E-15,-4.07988999418992E-29,
-1.));
#1939=DIRECTION('ref_axis',(-1.,-3.39347366103496E-16,2.54920786734983E-15));
#1940=DIRECTION('center_axis',(-2.54920786734983E-15,-4.07988999418992E-29,
-1.));
#1941=DIRECTION('ref_axis',(-1.,-3.39347366103496E-16,2.54920786734983E-15));
#1942=DIRECTION('center_axis',(-2.54920786734983E-15,-4.07988999418992E-29,
-1.));
#1943=DIRECTION('ref_axis',(-1.,-3.39347366103497E-16,2.54920786734983E-15));
#1944=DIRECTION('center_axis',(-2.54920786734983E-15,-4.07988999418992E-29,
-1.));
#1945=DIRECTION('ref_axis',(-1.,-3.39347366103496E-16,2.54920786734983E-15));
#1946=DIRECTION('center_axis',(-2.54920786734983E-15,-4.07988999418992E-29,
-1.));
#1947=DIRECTION('ref_axis',(-1.,-3.39347366103497E-16,2.54920786734983E-15));
#1948=DIRECTION('center_axis',(2.54920786734983E-15,4.07988999418992E-29,
1.));
#1949=DIRECTION('ref_axis',(-1.,-3.39347366103497E-16,2.54920786734983E-15));
#1950=DIRECTION('',(2.54920786734983E-15,4.07988999418992E-29,1.));
#1951=DIRECTION('center_axis',(-2.54920786734983E-15,-4.07988999418992E-29,
-1.));
#1952=DIRECTION('ref_axis',(-1.,-3.39347366103496E-16,2.54920786734983E-15));
#1953=DIRECTION('',(2.54920786734983E-15,4.07988999418992E-29,1.));
#1954=DIRECTION('center_axis',(-2.54920786734983E-15,-4.07988999418992E-29,
-1.));
#1955=DIRECTION('ref_axis',(-1.,-3.39347366103496E-16,2.54920786734983E-15));
#1956=DIRECTION('center_axis',(-2.54920786734983E-15,-4.07988999418992E-29,
-1.));
#1957=DIRECTION('ref_axis',(-1.,-3.39347366103496E-16,2.54920786734983E-15));
#1958=DIRECTION('center_axis',(-2.54920786734983E-15,-4.07988999418992E-29,
-1.));
#1959=DIRECTION('ref_axis',(-1.,-3.39347366103496E-16,2.54920786734983E-15));
#1960=DIRECTION('center_axis',(-2.54920786734983E-15,-4.07988999418992E-29,
-1.));
#1961=DIRECTION('ref_axis',(-1.,-3.39347366103497E-16,2.54920786734983E-15));
#1962=DIRECTION('center_axis',(-2.54920786734983E-15,-4.07988999418992E-29,
-1.));
#1963=DIRECTION('ref_axis',(-1.,-3.39347366103496E-16,2.54920786734983E-15));
#1964=DIRECTION('center_axis',(-2.54920786734983E-15,-4.07988999418992E-29,
-1.));
#1965=DIRECTION('ref_axis',(-1.,-3.39347366103497E-16,2.54920786734983E-15));
#1966=DIRECTION('center_axis',(2.54920786734983E-15,4.07988999418992E-29,
1.));
#1967=DIRECTION('ref_axis',(-1.,-3.39347366103497E-16,2.54920786734983E-15));
#1968=DIRECTION('',(2.54920786734983E-15,4.07988999418992E-29,1.));
#1969=DIRECTION('center_axis',(-2.54920786734983E-15,-4.07988999418992E-29,
-1.));
#1970=DIRECTION('ref_axis',(-1.,-3.39347366103496E-16,2.54920786734983E-15));
#1971=DIRECTION('',(2.54920786734983E-15,4.07988999418992E-29,1.));
#1972=DIRECTION('center_axis',(-2.54920786734983E-15,-4.07988999418992E-29,
-1.));
#1973=DIRECTION('ref_axis',(-1.,-3.39347366103496E-16,2.54920786734983E-15));
#1974=DIRECTION('center_axis',(-2.54920786734983E-15,-4.07988999418992E-29,
-1.));
#1975=DIRECTION('ref_axis',(-1.,-3.39347366103496E-16,2.54920786734983E-15));
#1976=DIRECTION('center_axis',(0.,-1.,0.));
#1977=DIRECTION('ref_axis',(1.,0.,0.));
#1978=DIRECTION('center_axis',(0.,1.,0.));
#1979=DIRECTION('ref_axis',(1.,0.,0.));
#1980=DIRECTION('',(0.707106781186547,0.707106781186547,8.65956056235493E-17));
#1981=DIRECTION('center_axis',(0.,-1.,0.));
#1982=DIRECTION('ref_axis',(1.,0.,0.));
#1983=DIRECTION('center_axis',(0.,-1.,0.));
#1984=DIRECTION('ref_axis',(1.,0.,0.));
#1985=DIRECTION('',(0.,1.,0.));
#1986=DIRECTION('center_axis',(0.,-1.,0.));
#1987=DIRECTION('ref_axis',(1.,0.,0.));
#1988=DIRECTION('center_axis',(0.,-1.,0.));
#1989=DIRECTION('ref_axis',(1.,0.,0.));
#1990=DIRECTION('center_axis',(0.,-1.,0.));
#1991=DIRECTION('ref_axis',(1.,0.,0.));
#1992=DIRECTION('center_axis',(0.,-1.,0.));
#1993=DIRECTION('ref_axis',(1.,0.,0.));
#1994=DIRECTION('center_axis',(0.,-1.,0.));
#1995=DIRECTION('ref_axis',(1.,0.,0.));
#1996=DIRECTION('center_axis',(0.,-1.,0.));
#1997=DIRECTION('ref_axis',(1.,0.,0.));
#1998=DIRECTION('center_axis',(0.,1.,0.));
#1999=DIRECTION('ref_axis',(1.,0.,0.));
#2000=DIRECTION('',(0.,1.,0.));
#2001=DIRECTION('center_axis',(0.,-1.,0.));
#2002=DIRECTION('ref_axis',(1.,0.,0.));
#2003=DIRECTION('',(0.,1.,0.));
#2004=DIRECTION('center_axis',(0.,-1.,0.));
#2005=DIRECTION('ref_axis',(1.,0.,0.));
#2006=DIRECTION('center_axis',(0.,-1.,0.));
#2007=DIRECTION('ref_axis',(1.,0.,0.));
#2008=DIRECTION('center_axis',(0.,-1.,0.));
#2009=DIRECTION('ref_axis',(1.,0.,0.));
#2010=DIRECTION('center_axis',(0.,-1.,0.));
#2011=DIRECTION('ref_axis',(1.,0.,0.));
#2012=DIRECTION('center_axis',(0.,-1.,0.));
#2013=DIRECTION('ref_axis',(1.,0.,0.));
#2014=DIRECTION('center_axis',(0.,-1.,0.));
#2015=DIRECTION('ref_axis',(1.,0.,0.));
#2016=DIRECTION('center_axis',(0.,1.,0.));
#2017=DIRECTION('ref_axis',(1.,0.,0.));
#2018=DIRECTION('',(0.,1.,0.));
#2019=DIRECTION('center_axis',(0.,-1.,0.));
#2020=DIRECTION('ref_axis',(1.,0.,0.));
#2021=DIRECTION('',(0.,1.,0.));
#2022=DIRECTION('center_axis',(0.,-1.,0.));
#2023=DIRECTION('ref_axis',(1.,0.,0.));
#2024=DIRECTION('center_axis',(0.,-1.,0.));
#2025=DIRECTION('ref_axis',(1.,0.,0.));
#2026=DIRECTION('center_axis',(0.707106781186548,0.707106781186547,0.));
#2027=DIRECTION('ref_axis',(0.,0.,-1.));
#2028=DIRECTION('',(-0.707106781186547,0.707106781186548,1.80256216965713E-15));
#2029=DIRECTION('',(0.,0.,1.));
#2030=DIRECTION('',(0.707106781186547,-0.707106781186548,0.));
#2031=DIRECTION('',(0.,0.,-1.));
#2032=DIRECTION('center_axis',(1.,3.11198878114095E-16,0.));
#2033=DIRECTION('ref_axis',(3.11198878114095E-16,-1.,0.));
#2034=DIRECTION('',(-3.11198878114095E-16,1.,0.));
#2035=DIRECTION('',(0.,0.,-1.));
#2036=DIRECTION('',(-3.11198878114095E-16,1.,-4.00055893135003E-29));
#2037=DIRECTION('center_axis',(0.,0.,1.));
#2038=DIRECTION('ref_axis',(1.,0.,0.));
#2039=DIRECTION('',(1.,0.,0.));
#2040=DIRECTION('',(-2.6981103218255E-16,1.,0.));
#2041=DIRECTION('center_axis',(0.,0.,-1.));
#2042=DIRECTION('ref_axis',(0.551398966790244,-0.834241679264858,0.));
#2043=DIRECTION('',(-0.707106781186551,0.707106781186545,0.));
#2044=DIRECTION('',(0.707106781186546,0.707106781186549,0.));
#2045=DIRECTION('',(1.,9.29215412008634E-16,0.));
#2046=DIRECTION('',(-2.6981103218255E-16,1.,0.));
#2047=DIRECTION('',(-1.,2.58191401075618E-16,0.));
#2048=DIRECTION('',(-0.707106781186545,-0.70710678118655,0.));
#2049=DIRECTION('',(-0.707106781186549,0.707106781186546,0.));
#2050=DIRECTION('center_axis',(0.,0.,-1.));
#2051=DIRECTION('ref_axis',(-0.551399017195733,0.83424164594893,0.));
#2052=DIRECTION('',(1.,5.08194629966823E-16,0.));
#2053=DIRECTION('',(0.,1.,0.));
#2054=DIRECTION('',(-1.,-2.79017814981829E-16,0.));
#2055=DIRECTION('',(1.11299045958212E-16,-1.,0.));
#2056=DIRECTION('',(1.,0.,0.));
#2057=DIRECTION('',(-0.707106781186548,-0.707106781186548,0.));
#2058=DIRECTION('',(-3.11198878114095E-16,1.,0.));
#2059=DIRECTION('',(1.,0.,0.));
#2060=DIRECTION('',(4.20539024478507E-16,-1.,0.));
#2061=DIRECTION('',(-1.,0.,0.));
#2062=DIRECTION('',(-1.,0.,0.));
#2063=DIRECTION('center_axis',(0.,0.,-1.));
#2064=DIRECTION('ref_axis',(-1.,0.,0.));
#2065=DIRECTION('center_axis',(0.,0.,-1.));
#2066=DIRECTION('ref_axis',(1.,0.,0.));
#2067=DIRECTION('center_axis',(0.,0.,-1.));
#2068=DIRECTION('ref_axis',(-1.,0.,0.));
#2069=DIRECTION('center_axis',(0.,0.,-1.));
#2070=DIRECTION('ref_axis',(-1.,0.,0.));
#2071=DIRECTION('center_axis',(0.,0.,-1.));
#2072=DIRECTION('ref_axis',(-1.,-3.39347366103496E-16,2.5467481568462E-15));
#2073=DIRECTION('center_axis',(0.,0.,-1.));
#2074=DIRECTION('ref_axis',(-1.,-3.39347366103496E-16,2.5467481568462E-15));
#2075=DIRECTION('center_axis',(0.707106781186548,-0.707106781186548,0.));
#2076=DIRECTION('ref_axis',(0.,0.,-1.));
#2077=DIRECTION('',(0.707106781186548,0.707106781186548,-1.80256216965719E-15));
#2078=DIRECTION('',(0.,0.,1.));
#2079=DIRECTION('',(0.,0.,-1.));
#2080=DIRECTION('center_axis',(1.,3.11198878114095E-16,0.));
#2081=DIRECTION('ref_axis',(3.11198878114095E-16,-1.,0.));
#2082=DIRECTION('',(-3.11198878114095E-16,1.,-4.00055893135003E-29));
#2083=DIRECTION('',(0.,0.,-1.));
#2084=DIRECTION('center_axis',(-2.54920786734983E-15,-4.07988999418992E-29,
-1.));
#2085=DIRECTION('ref_axis',(-1.,0.,2.54920786734983E-15));
#2086=DIRECTION('',(-1.,0.,2.54920786734983E-15));
#2087=DIRECTION('',(4.20539024478507E-16,-1.,3.9726858552171E-29));
#2088=DIRECTION('',(1.,0.,-2.54920786734983E-15));
#2089=DIRECTION('',(1.,0.,-2.54920786734983E-15));
#2090=DIRECTION('',(1.11299045958212E-16,-1.,4.0515175538314E-29));
#2091=DIRECTION('',(-1.,-6.63443326780363E-16,2.54920786734983E-15));
#2092=DIRECTION('',(0.,1.,-4.07988999418992E-29));
#2093=DIRECTION('',(1.,5.16382802151245E-16,-2.54920786734983E-15));
#2094=DIRECTION('',(-2.6981103218255E-16,1.,-4.01110955359617E-29));
#2095=DIRECTION('',(1.,0.,-2.54920786734983E-15));
#2096=DIRECTION('',(-1.,0.,2.54920786734983E-15));
#2097=DIRECTION('center_axis',(-2.54920786734983E-15,-4.07988999418992E-29,
-1.));
#2098=DIRECTION('ref_axis',(-1.,0.,0.));
#2099=DIRECTION('center_axis',(-2.54920786734983E-15,-4.07988999418992E-29,
-1.));
#2100=DIRECTION('ref_axis',(-1.,0.,0.));
#2101=DIRECTION('center_axis',(-2.54920786734983E-15,-4.07988999418992E-29,
-1.));
#2102=DIRECTION('ref_axis',(-1.,0.,0.));
#2103=DIRECTION('center_axis',(-2.54920786734983E-15,-4.07988999418992E-29,
-1.));
#2104=DIRECTION('ref_axis',(-1.,0.,0.));
#2105=DIRECTION('center_axis',(-2.54920786734983E-15,-4.07988999418992E-29,
-1.));
#2106=DIRECTION('ref_axis',(-1.,0.,0.));
#2107=DIRECTION('center_axis',(2.54920786734983E-15,4.07988999418992E-29,
1.));
#2108=DIRECTION('ref_axis',(-1.,-3.39347366103497E-16,2.51371250858526E-15));
#2109=DIRECTION('center_axis',(2.54920786734983E-15,4.07988999418992E-29,
1.));
#2110=DIRECTION('ref_axis',(-1.,-3.39347366103496E-16,2.51371250858526E-15));
#2111=DIRECTION('center_axis',(2.5467481568462E-15,0.,1.));
#2112=DIRECTION('ref_axis',(-1.,-3.39347366103496E-16,2.5467481568462E-15));
#2113=DIRECTION('center_axis',(2.54920786734983E-15,4.07988999418992E-29,
1.));
#2114=DIRECTION('ref_axis',(-1.,-3.39347366103496E-16,2.5467481568462E-15));
#2115=DIRECTION('',(2.5467481568462E-15,0.,1.));
#2116=DIRECTION('center_axis',(2.5467481568462E-15,0.,1.));
#2117=DIRECTION('ref_axis',(-1.,-3.39347366103496E-16,2.5467481568462E-15));
#2118=DIRECTION('center_axis',(2.54920786734983E-15,4.07988999418992E-29,
1.));
#2119=DIRECTION('ref_axis',(-1.,-3.39347366103496E-16,2.5467481568462E-15));
#2120=DIRECTION('',(2.5467481568462E-15,0.,1.));
#2121=DIRECTION('center_axis',(2.51371250858526E-15,0.,1.));
#2122=DIRECTION('ref_axis',(-1.,-3.39347366103496E-16,2.51371250858526E-15));
#2123=DIRECTION('',(2.51371250858526E-15,0.,1.));
#2124=DIRECTION('center_axis',(2.54920786734983E-15,4.07988999418992E-29,
1.));
#2125=DIRECTION('ref_axis',(-1.,-3.39347366103496E-16,2.54920786734983E-15));
#2126=DIRECTION('center_axis',(-2.54920786734983E-15,-4.07988999418992E-29,
-1.));
#2127=DIRECTION('ref_axis',(-1.,0.,2.54920786734983E-15));
#2128=DIRECTION('center_axis',(2.51371250858526E-15,0.,1.));
#2129=DIRECTION('ref_axis',(-1.,-3.39347366103497E-16,2.51371250858526E-15));
#2130=DIRECTION('',(2.51371250858526E-15,0.,1.));
#2131=DIRECTION('center_axis',(2.54920786734983E-15,4.07988999418992E-29,
1.));
#2132=DIRECTION('ref_axis',(-1.,-3.39347366103497E-16,2.54920786734983E-15));
#2133=DIRECTION('center_axis',(-2.54920786734983E-15,-4.07988999418992E-29,
-1.));
#2134=DIRECTION('ref_axis',(-1.,0.,2.54920786734983E-15));
#2135=DIRECTION('center_axis',(-9.29215412008634E-16,1.,0.));
#2136=DIRECTION('ref_axis',(1.,9.29215412008634E-16,0.));
#2137=DIRECTION('',(0.,0.,-1.));
#2138=DIRECTION('',(1.,9.29215412008634E-16,0.));
#2139=DIRECTION('',(0.,0.,-1.));
#2140=DIRECTION('center_axis',(-0.707106781186549,0.707106781186546,0.));
#2141=DIRECTION('ref_axis',(0.707106781186546,0.707106781186549,0.));
#2142=DIRECTION('',(0.,0.,-1.));
#2143=DIRECTION('',(0.707106781186546,0.707106781186549,0.));
#2144=DIRECTION('center_axis',(-0.707106781186545,-0.707106781186551,0.));
#2145=DIRECTION('ref_axis',(-0.707106781186551,0.707106781186545,0.));
#2146=DIRECTION('',(0.,0.,-1.));
#2147=DIRECTION('',(-0.707106781186551,0.707106781186545,0.));
#2148=DIRECTION('center_axis',(0.,0.,-1.));
#2149=DIRECTION('ref_axis',(0.551398966790244,-0.834241679264858,0.));
#2150=DIRECTION('',(0.,0.,1.));
#2151=DIRECTION('center_axis',(0.,0.,-1.));
#2152=DIRECTION('ref_axis',(0.551398966790244,-0.834241679264858,0.));
#2153=DIRECTION('center_axis',(0.,0.,1.));
#2154=DIRECTION('ref_axis',(1.,0.,0.));
#2155=DIRECTION('',(2.6981103218255E-16,-1.,0.));
#2156=DIRECTION('center_axis',(-2.58191401075618E-16,-1.,0.));
#2157=DIRECTION('ref_axis',(-1.,2.58191401075618E-16,0.));
#2158=DIRECTION('',(0.,0.,1.));
#2159=DIRECTION('',(-1.,2.58191401075618E-16,0.));
#2160=DIRECTION('',(0.,0.,-1.));
#2161=DIRECTION('center_axis',(0.,0.,-1.));
#2162=DIRECTION('ref_axis',(-0.551399017195733,0.83424164594893,0.));
#2163=DIRECTION('',(0.,0.,-1.));
#2164=DIRECTION('center_axis',(0.,0.,-1.));
#2165=DIRECTION('ref_axis',(-0.551399017195733,0.83424164594893,0.));
#2166=DIRECTION('',(0.,0.,-1.));
#2167=DIRECTION('center_axis',(-0.707106781186546,-0.707106781186549,0.));
#2168=DIRECTION('ref_axis',(-0.707106781186549,0.707106781186546,0.));
#2169=DIRECTION('',(0.,0.,-1.));
#2170=DIRECTION('',(-0.707106781186549,0.707106781186546,0.));
#2171=DIRECTION('center_axis',(0.70710678118655,-0.707106781186545,0.));
#2172=DIRECTION('ref_axis',(-0.707106781186545,-0.70710678118655,0.));
#2173=DIRECTION('',(-0.707106781186545,-0.70710678118655,0.));
#2174=DIRECTION('center_axis',(-5.08194629966823E-16,1.,0.));
#2175=DIRECTION('ref_axis',(1.,5.08194629966823E-16,0.));
#2176=DIRECTION('',(1.,5.08194629966823E-16,0.));
#2177=DIRECTION('',(0.,0.,-1.));
#2178=DIRECTION('center_axis',(0.,0.,1.));
#2179=DIRECTION('ref_axis',(1.,0.,0.));
#2180=DIRECTION('',(2.6981103218255E-16,-1.,0.));
#2181=DIRECTION('',(-1.,-5.16382802151245E-16,0.));
#2182=DIRECTION('',(0.,-1.,0.));
#2183=DIRECTION('center_axis',(0.,0.,-1.));
#2184=DIRECTION('ref_axis',(1.,0.,0.));
#2185=DIRECTION('',(0.,0.,-1.));
#2186=DIRECTION('center_axis',(0.,0.,-1.));
#2187=DIRECTION('ref_axis',(1.,0.,0.));
#2188=DIRECTION('center_axis',(0.,0.,1.));
#2189=DIRECTION('ref_axis',(1.,0.,0.));
#2190=DIRECTION('center_axis',(0.,0.,-1.));
#2191=DIRECTION('ref_axis',(-1.,0.,0.));
#2192=DIRECTION('center_axis',(0.,0.,-1.));
#2193=DIRECTION('ref_axis',(-1.,0.,0.));
#2194=DIRECTION('',(0.,0.,-1.));
#2195=DIRECTION('',(0.,0.,-1.));
#2196=DIRECTION('center_axis',(0.,0.,-1.));
#2197=DIRECTION('ref_axis',(0.999642764303252,-0.0267272104072329,0.));
#2198=DIRECTION('center_axis',(0.,0.,-1.));
#2199=DIRECTION('ref_axis',(-1.,0.,0.));
#2200=DIRECTION('',(0.,0.,-1.));
#2201=DIRECTION('',(0.,0.,-1.));
#2202=DIRECTION('center_axis',(0.,0.,-1.));
#2203=DIRECTION('ref_axis',(0.265716542786969,0.964051201383692,0.));
#2204=DIRECTION('center_axis',(0.,0.,1.));
#2205=DIRECTION('ref_axis',(-1.,0.,0.));
#2206=DIRECTION('',(0.,0.,-1.));
#2207=DIRECTION('center_axis',(0.,0.,-1.));
#2208=DIRECTION('ref_axis',(-1.,0.,0.));
#2209=DIRECTION('',(0.,0.,-1.));
#2210=DIRECTION('center_axis',(0.,0.,1.));
#2211=DIRECTION('ref_axis',(-1.,0.,0.));
#2212=DIRECTION('center_axis',(0.,0.,1.));
#2213=DIRECTION('ref_axis',(1.,0.,0.));
#2214=DIRECTION('center_axis',(0.,0.,1.));
#2215=DIRECTION('ref_axis',(-1.,0.,0.));
#2216=DIRECTION('center_axis',(0.,0.,1.));
#2217=DIRECTION('ref_axis',(-1.,0.,0.));
#2218=DIRECTION('center_axis',(0.,0.,1.));
#2219=DIRECTION('ref_axis',(-1.,0.,0.));
#2220=DIRECTION('center_axis',(0.,0.,-1.));
#2221=DIRECTION('ref_axis',(-1.,0.,0.));
#2222=DIRECTION('',(0.,0.,1.));
#2223=DIRECTION('center_axis',(0.,0.,1.));
#2224=DIRECTION('ref_axis',(1.,0.,0.));
#2225=DIRECTION('',(-1.,0.,0.));
#2226=DIRECTION('center_axis',(0.,0.,1.));
#2227=DIRECTION('ref_axis',(-1.,0.,0.));
#2228=DIRECTION('center_axis',(0.,0.,1.));
#2229=DIRECTION('ref_axis',(1.,0.,0.));
#2230=DIRECTION('center_axis',(0.,0.,1.));
#2231=DIRECTION('ref_axis',(-1.,0.,0.));
#2232=DIRECTION('center_axis',(0.,0.,1.));
#2233=DIRECTION('ref_axis',(-1.,0.,0.));
#2234=DIRECTION('center_axis',(0.,0.,-1.));
#2235=DIRECTION('ref_axis',(-1.,0.,0.));
#2236=DIRECTION('',(0.,0.,1.));
#2237=DIRECTION('center_axis',(0.,0.,-1.));
#2238=DIRECTION('ref_axis',(-1.,0.,0.));
#2239=DIRECTION('center_axis',(0.,0.,-1.));
#2240=DIRECTION('ref_axis',(-1.,0.,0.));
#2241=DIRECTION('',(0.,0.,1.));
#2242=DIRECTION('center_axis',(1.,0.,0.));
#2243=DIRECTION('ref_axis',(0.,-1.,0.));
#2244=DIRECTION('',(0.,0.,-1.));
#2245=DIRECTION('',(0.,0.,-1.));
#2246=DIRECTION('center_axis',(-2.79017814981829E-16,1.,0.));
#2247=DIRECTION('ref_axis',(1.,2.79017814981829E-16,0.));
#2248=DIRECTION('',(0.,0.,-1.));
#2249=DIRECTION('center_axis',(-1.,-1.11299045958212E-16,0.));
#2250=DIRECTION('ref_axis',(-1.11299045958212E-16,1.,0.));
#2251=DIRECTION('',(0.,0.,-1.));
#2252=DIRECTION('center_axis',(0.,-1.,0.));
#2253=DIRECTION('ref_axis',(-1.,0.,0.));
#2254=DIRECTION('center_axis',(0.,-1.,0.));
#2255=DIRECTION('ref_axis',(-1.,0.,0.));
#2256=DIRECTION('',(0.,0.,-1.));
#2257=DIRECTION('center_axis',(-1.,-4.20539024478507E-16,0.));
#2258=DIRECTION('ref_axis',(-4.20539024478507E-16,1.,0.));
#2259=DIRECTION('',(0.,0.,-1.));
#2260=DIRECTION('center_axis',(0.,1.,0.));
#2261=DIRECTION('ref_axis',(1.,0.,0.));
#2262=DIRECTION('center_axis',(0.,1.,0.));
#2263=DIRECTION('ref_axis',(1.,0.,0.));
#2264=DIRECTION('',(0.,0.,-1.));
#2265=DIRECTION('center_axis',(0.,0.,-1.));
#2266=DIRECTION('ref_axis',(-1.,0.,0.));
#2267=DIRECTION('center_axis',(0.,-1.,0.));
#2268=DIRECTION('ref_axis',(-1.,0.,0.));
#2269=DIRECTION('',(0.,0.,-1.));
#2270=DIRECTION('center_axis',(1.,2.6981103218255E-16,0.));
#2271=DIRECTION('ref_axis',(2.6981103218255E-16,-1.,0.));
#2272=DIRECTION('',(0.,0.,-1.));
#2273=DIRECTION('center_axis',(5.16382802151245E-16,-1.,0.));
#2274=DIRECTION('ref_axis',(-1.,-5.16382802151245E-16,0.));
#2275=DIRECTION('center_axis',(0.,0.,1.));
#2276=DIRECTION('ref_axis',(1.,0.,0.));
#2277=CARTESIAN_POINT('',(0.,0.,0.));
#2278=CARTESIAN_POINT('Origin',(9.00197156088416,-47.419257852648,-1.6));
#2279=CARTESIAN_POINT('',(10.2519715608842,-47.419257852648,-1.6));
#2280=CARTESIAN_POINT('Origin',(9.00197156088416,-47.419257852648,-1.6));
#2281=CARTESIAN_POINT('',(10.2519715608842,-47.419257852648,-0.2));
#2282=CARTESIAN_POINT('',(10.2519715608842,-47.419257852648,-1.6));
#2283=CARTESIAN_POINT('Origin',(9.00197156088416,-47.419257852648,-0.2));
#2284=CARTESIAN_POINT('Origin',(9.00197156088416,-47.419257852648,-0.2));
#2285=CARTESIAN_POINT('Origin',(22.5999999999999,-63.0870721549442,-2.75));
#2286=CARTESIAN_POINT('',(22.5999999999999,-63.0870721549442,-1.));
#2287=CARTESIAN_POINT('Origin',(22.5999999999999,-63.0870721549442,-2.75));
#2288=CARTESIAN_POINT('',(22.5999999999999,-63.0870721549442,-1.25));
#2289=CARTESIAN_POINT('Origin',(22.5999999999999,-63.0870721549442,-2.75));
#2290=CARTESIAN_POINT('Origin',(22.8499999999999,-63.0870721549442,-2.75));
#2291=CARTESIAN_POINT('',(23.0999999999999,-63.0870721549442,-1.));
#2292=CARTESIAN_POINT('Origin',(23.0999999999999,-63.0870721549442,-2.75));
#2293=CARTESIAN_POINT('',(22.8499999999999,-63.0870721549442,-1.));
#2294=CARTESIAN_POINT('Origin',(20.5999999999999,-63.0870721549442,-2.75));
#2295=CARTESIAN_POINT('',(18.0999999999999,-63.0870721549442,-1.25));
#2296=CARTESIAN_POINT('',(20.5999999999999,-63.0870721549442,-1.25));
#2297=CARTESIAN_POINT('Origin',(18.0999999999999,-63.0870721549442,-2.75));
#2298=CARTESIAN_POINT('Origin',(18.0999999999999,-63.0870721549442,-2.75));
#2299=CARTESIAN_POINT('Origin',(22.5999999999999,-13.3500000000006,-5.));
#2300=CARTESIAN_POINT('',(22.5999999999999,-13.3500000000006,-3.25));
#2301=CARTESIAN_POINT('Origin',(22.5999999999999,-13.3500000000006,-5.));
#2302=CARTESIAN_POINT('',(22.5999999999999,-13.3500000000006,-3.5));
#2303=CARTESIAN_POINT('Origin',(22.5999999999999,-13.3500000000006,-5.));
#2304=CARTESIAN_POINT('Origin',(22.8499999999999,-13.3500000000006,-5.));
#2305=CARTESIAN_POINT('',(23.0999999999999,-13.3500000000006,-3.25));
#2306=CARTESIAN_POINT('Origin',(23.0999999999999,-13.3500000000006,-5.));
#2307=CARTESIAN_POINT('',(22.8499999999999,-13.3500000000006,-3.25));
#2308=CARTESIAN_POINT('Origin',(20.5999999999999,-13.3500000000006,-5.));
#2309=CARTESIAN_POINT('',(18.0999999999999,-13.3500000000006,-3.5));
#2310=CARTESIAN_POINT('',(20.5999999999999,-13.3500000000006,-3.5));
#2311=CARTESIAN_POINT('Origin',(18.0999999999999,-13.3500000000006,-5.));
#2312=CARTESIAN_POINT('Origin',(18.0999999999999,-13.3500000000006,-5.));
#2313=CARTESIAN_POINT('Origin',(26.8999999999998,-3.25000000000004,-6.15000000000039));
#2314=CARTESIAN_POINT('',(26.8999999999998,-3.25000000000004,-3.90000000000039));
#2315=CARTESIAN_POINT('Origin',(26.8999999999998,-3.25000000000004,-6.15000000000039));
#2316=CARTESIAN_POINT('',(26.8999999999998,-3.25000000000004,-4.15000000000039));
#2317=CARTESIAN_POINT('Origin',(26.8999999999998,-3.25000000000004,-6.15000000000039));
#2318=CARTESIAN_POINT('Origin',(27.1499999999998,-3.25000000000004,-6.15000000000039));
#2319=CARTESIAN_POINT('',(27.3999999999998,-3.25000000000004,-3.90000000000039));
#2320=CARTESIAN_POINT('Origin',(27.3999999999998,-3.25000000000004,-6.15000000000039));
#2321=CARTESIAN_POINT('',(27.1499999999998,-3.25000000000004,-3.90000000000039));
#2322=CARTESIAN_POINT('Origin',(24.1499999999998,-3.25000000000004,-6.15000000000039));
#2323=CARTESIAN_POINT('',(20.8999999999998,-3.25000000000004,-4.15000000000039));
#2324=CARTESIAN_POINT('',(24.1499999999998,-3.25000000000004,-4.15000000000039));
#2325=CARTESIAN_POINT('Origin',(20.8999999999998,-3.25000000000004,-6.15000000000039));
#2326=CARTESIAN_POINT('Origin',(20.8999999999998,-3.25000000000004,-6.15000000000039));
#2327=CARTESIAN_POINT('Origin',(0.775000000000152,-30.1685360774717,1.9999999999996));
#2328=CARTESIAN_POINT('',(1.50019016759185E-13,-27.9324680999716,0.));
#2329=CARTESIAN_POINT('',(1.50516761224372E-13,-32.4046040549719,0.));
#2330=CARTESIAN_POINT('Ctrl Pts',(1.50296441958631E-13,-27.9324680999716,
-6.93889390390723E-17));
#2331=CARTESIAN_POINT('Ctrl Pts',(1.66666666666736,-30.1685360774717,-1.04083408558608E-16));
#2332=CARTESIAN_POINT('Ctrl Pts',(1.50712775592865E-13,-32.4046040549719,
-1.38777878078145E-16));
#2333=CARTESIAN_POINT('Origin',(1.52100554373646E-13,-30.1685360774717,
1.9999999999996));
#2334=CARTESIAN_POINT('Origin',(0.775000000000154,-40.1685360774709,1.9999999999996));
#2335=CARTESIAN_POINT('',(1.55016404087476E-13,-37.9324680999707,0.));
#2336=CARTESIAN_POINT('',(1.55514148552663E-13,-42.404604054971,0.));
#2337=CARTESIAN_POINT('Ctrl Pts',(1.52794443764037E-13,-37.9324680999707,
0.));
#2338=CARTESIAN_POINT('Ctrl Pts',(1.66666666666736,-40.1685360774709,-3.46944695195361E-17));
#2339=CARTESIAN_POINT('Ctrl Pts',(1.52933221642115E-13,-42.404604054971,
-6.93889390390723E-17));
#2340=CARTESIAN_POINT('Origin',(1.53210777398272E-13,-40.1685360774709,
1.9999999999996));
#2341=CARTESIAN_POINT('Origin',(1.56097488619298E-13,-65.8370721549443,
0.));
#2342=CARTESIAN_POINT('',(1.48769885299771E-13,-14.6999999999999,0.));
#2343=CARTESIAN_POINT('',(1.48769885299771E-13,-5.32907051820075E-14,0.));
#2344=CARTESIAN_POINT('',(1.46549439250521E-13,-14.6999999999999,-3.1));
#2345=CARTESIAN_POINT('',(1.48769885299771E-13,-14.6999999999999,0.));
#2346=CARTESIAN_POINT('',(1.46757606067638E-13,-15.0000000000282,-3.1));
#2347=CARTESIAN_POINT('',(1.48769885299771E-13,-5.32907051820075E-14,-3.1));
#2348=CARTESIAN_POINT('',(1.46757606067638E-13,-15.0000000000282,-9.3000000000007));
#2349=CARTESIAN_POINT('',(1.46757606067638E-13,-15.0000000000282,0.));
#2350=CARTESIAN_POINT('',(1.56097488619298E-13,-65.8370721549443,-9.3000000000007));
#2351=CARTESIAN_POINT('',(1.53210777398272E-13,-49.3778041162082,-9.3000000000007));
#2352=CARTESIAN_POINT('',(1.56097488619298E-13,-65.8370721549443,0.));
#2353=CARTESIAN_POINT('',(1.56097488619298E-13,-65.8370721549443,0.));
#2354=CARTESIAN_POINT('',(1.48769885299771E-13,-5.32907051820075E-14,0.));
#2355=CARTESIAN_POINT('',(1.48769885299771E-13,-5.32907051820075E-14,0.));
#2356=CARTESIAN_POINT('Origin',(17.9751928920308,-23.,-8.80000000000075));
#2357=CARTESIAN_POINT('',(20.2251928920308,-23.,-8.80000000000075));
#2358=CARTESIAN_POINT('Origin',(17.9751928920308,-23.,-8.80000000000075));
#2359=CARTESIAN_POINT('',(19.9751928920308,-23.,-8.80000000000075));
#2360=CARTESIAN_POINT('Origin',(17.9751928920308,-23.,-8.80000000000075));
#2361=CARTESIAN_POINT('Origin',(17.9751928920308,-23.,-9.05000000000075));
#2362=CARTESIAN_POINT('',(20.2251928920308,-23.,-9.30000000000075));
#2363=CARTESIAN_POINT('Origin',(17.9751928920308,-23.,-9.30000000000075));
#2364=CARTESIAN_POINT('',(20.2251928920308,-23.,-9.05000000000075));
#2365=CARTESIAN_POINT('Origin',(17.9751928920308,-23.,-6.55000000000075));
#2366=CARTESIAN_POINT('',(19.9751928920309,-23.,-3.80000000000075));
#2367=CARTESIAN_POINT('',(19.9751928920308,-23.,-6.55000000000075));
#2368=CARTESIAN_POINT('Origin',(17.9751928920309,-23.,-3.80000000000075));
#2369=CARTESIAN_POINT('Origin',(17.9751928920309,-23.,-3.80000000000075));
#2370=CARTESIAN_POINT('Origin',(9.84999999999989,-9.75000000000005,-8.80000000000073));
#2371=CARTESIAN_POINT('',(12.0999999999999,-9.75000000000005,-8.80000000000073));
#2372=CARTESIAN_POINT('Origin',(9.84999999999989,-9.75000000000005,-8.80000000000073));
#2373=CARTESIAN_POINT('',(11.8499999999999,-9.75000000000005,-8.80000000000073));
#2374=CARTESIAN_POINT('Origin',(9.84999999999989,-9.75000000000005,-8.80000000000073));
#2375=CARTESIAN_POINT('Origin',(9.84999999999989,-9.75000000000005,-9.05000000000073));
#2376=CARTESIAN_POINT('',(12.0999999999999,-9.75000000000005,-9.30000000000073));
#2377=CARTESIAN_POINT('Origin',(9.84999999999989,-9.75000000000005,-9.30000000000073));
#2378=CARTESIAN_POINT('',(12.0999999999999,-9.75000000000005,-9.05000000000073));
#2379=CARTESIAN_POINT('Origin',(9.84999999999989,-9.75000000000005,-6.55000000000073));
#2380=CARTESIAN_POINT('',(11.8499999999999,-9.75000000000005,-3.80000000000073));
#2381=CARTESIAN_POINT('',(11.8499999999999,-9.75000000000005,-6.55000000000073));
#2382=CARTESIAN_POINT('Origin',(9.8499999999999,-9.75000000000005,-3.80000000000073));
#2383=CARTESIAN_POINT('Origin',(9.8499999999999,-9.75000000000005,-3.80000000000073));
#2384=CARTESIAN_POINT('Origin',(19.8499999999999,-9.75000000000005,-8.80000000000075));
#2385=CARTESIAN_POINT('',(22.0999999999999,-9.75000000000005,-8.80000000000076));
#2386=CARTESIAN_POINT('Origin',(19.8499999999999,-9.75000000000005,-8.80000000000075));
#2387=CARTESIAN_POINT('',(21.8499999999999,-9.75000000000005,-8.80000000000076));
#2388=CARTESIAN_POINT('Origin',(19.8499999999999,-9.75000000000005,-8.80000000000075));
#2389=CARTESIAN_POINT('Origin',(19.8499999999999,-9.75000000000005,-9.05000000000075));
#2390=CARTESIAN_POINT('',(22.0999999999999,-9.75000000000005,-9.30000000000076));
#2391=CARTESIAN_POINT('Origin',(19.8499999999999,-9.75000000000005,-9.30000000000075));
#2392=CARTESIAN_POINT('',(22.0999999999999,-9.75000000000005,-9.05000000000076));
#2393=CARTESIAN_POINT('Origin',(19.8499999999999,-9.75000000000005,-6.55000000000075));
#2394=CARTESIAN_POINT('',(21.8499999999999,-9.75000000000005,-3.80000000000076));
#2395=CARTESIAN_POINT('',(21.8499999999999,-9.75000000000005,-6.55000000000076));
#2396=CARTESIAN_POINT('Origin',(19.8499999999999,-9.75000000000005,-3.80000000000075));
#2397=CARTESIAN_POINT('Origin',(19.8499999999999,-9.75000000000005,-3.80000000000075));
#2398=CARTESIAN_POINT('Origin',(19.8729930459802,-45.2549265561554,-8.80000000000075));
#2399=CARTESIAN_POINT('',(22.1229930459802,-45.2549265561554,-8.80000000000076));
#2400=CARTESIAN_POINT('Origin',(19.8729930459802,-45.2549265561554,-8.80000000000075));
#2401=CARTESIAN_POINT('',(21.8729930459802,-45.2549265561554,-8.80000000000076));
#2402=CARTESIAN_POINT('Origin',(19.8729930459802,-45.2549265561554,-8.80000000000075));
#2403=CARTESIAN_POINT('Origin',(19.8729930459802,-45.2549265561554,-9.05000000000075));
#2404=CARTESIAN_POINT('',(22.1229930459802,-45.2549265561554,-9.30000000000076));
#2405=CARTESIAN_POINT('Origin',(19.8729930459802,-45.2549265561554,-9.30000000000075));
#2406=CARTESIAN_POINT('',(22.1229930459802,-45.2549265561554,-9.05000000000076));
#2407=CARTESIAN_POINT('Origin',(19.8729930459802,-45.2549265561554,-6.55000000000075));
#2408=CARTESIAN_POINT('',(21.8729930459802,-45.2549265561554,-3.80000000000076));
#2409=CARTESIAN_POINT('',(21.8729930459802,-45.2549265561554,-6.55000000000076));
#2410=CARTESIAN_POINT('Origin',(19.8729930459802,-45.2549265561554,-3.80000000000075));
#2411=CARTESIAN_POINT('Origin',(19.8729930459802,-45.2549265561554,-3.80000000000075));
#2412=CARTESIAN_POINT('Origin',(4.00000000000016,-24.0348865207843,-8.80000000000071));
#2413=CARTESIAN_POINT('',(6.25000000000016,-24.0348865207843,-8.80000000000072));
#2414=CARTESIAN_POINT('Origin',(4.00000000000016,-24.0348865207843,-8.80000000000071));
#2415=CARTESIAN_POINT('',(6.00000000000016,-24.0348865207843,-8.80000000000072));
#2416=CARTESIAN_POINT('Origin',(4.00000000000016,-24.0348865207843,-8.80000000000071));
#2417=CARTESIAN_POINT('Origin',(4.00000000000016,-24.0348865207843,-9.05000000000071));
#2418=CARTESIAN_POINT('',(6.25000000000016,-24.0348865207843,-9.30000000000072));
#2419=CARTESIAN_POINT('Origin',(4.00000000000016,-24.0348865207843,-9.30000000000071));
#2420=CARTESIAN_POINT('',(6.25000000000016,-24.0348865207843,-9.05000000000072));
#2421=CARTESIAN_POINT('Origin',(4.00000000000017,-24.0348865207843,-6.55000000000071));
#2422=CARTESIAN_POINT('',(6.00000000000017,-24.0348865207843,-3.80000000000072));
#2423=CARTESIAN_POINT('',(6.00000000000017,-24.0348865207843,-6.55000000000072));
#2424=CARTESIAN_POINT('Origin',(4.00000000000017,-24.0348865207843,-3.80000000000071));
#2425=CARTESIAN_POINT('Origin',(4.00000000000017,-24.0348865207843,-3.80000000000071));
#2426=CARTESIAN_POINT('Origin',(3.50000000000017,-57.970954822483,-8.80000000000071));
#2427=CARTESIAN_POINT('',(5.75000000000017,-57.970954822483,-8.80000000000072));
#2428=CARTESIAN_POINT('Origin',(3.50000000000017,-57.970954822483,-8.80000000000071));
#2429=CARTESIAN_POINT('',(5.50000000000017,-57.970954822483,-8.80000000000072));
#2430=CARTESIAN_POINT('Origin',(3.50000000000017,-57.970954822483,-8.80000000000071));
#2431=CARTESIAN_POINT('Origin',(3.50000000000017,-57.970954822483,-9.05000000000071));
#2432=CARTESIAN_POINT('',(5.75000000000017,-57.970954822483,-9.30000000000072));
#2433=CARTESIAN_POINT('Origin',(3.50000000000017,-57.970954822483,-9.30000000000071));
#2434=CARTESIAN_POINT('',(5.75000000000017,-57.970954822483,-9.05000000000072));
#2435=CARTESIAN_POINT('Origin',(3.50000000000017,-57.970954822483,-6.55000000000071));
#2436=CARTESIAN_POINT('',(5.50000000000018,-57.970954822483,-3.80000000000072));
#2437=CARTESIAN_POINT('',(5.50000000000017,-57.970954822483,-6.55000000000072));
#2438=CARTESIAN_POINT('Origin',(3.50000000000018,-57.970954822483,-3.80000000000071));
#2439=CARTESIAN_POINT('Origin',(3.50000000000018,-57.970954822483,-3.80000000000071));
#2440=CARTESIAN_POINT('Origin',(7.25000000000015,-65.7018221549442,-6.05000000000072));
#2441=CARTESIAN_POINT('',(5.75000000000015,-65.8370721549443,-6.05000000000072));
#2442=CARTESIAN_POINT('Origin',(7.25000000000015,-65.8370721549443,-6.05000000000072));
#2443=CARTESIAN_POINT('',(6.02050000000015,-65.5665721549442,-6.05000000000072));
#2444=CARTESIAN_POINT('',(5.88525000000015,-65.7018221549442,-6.05000000000072));
#2445=CARTESIAN_POINT('Origin',(7.25000000000015,-65.5665721549442,-6.05000000000072));
#2446=CARTESIAN_POINT('Origin',(7.25000000000015,-64.8370721549443,-6.05000000000072));
#2447=CARTESIAN_POINT('',(6.02050000000015,-63.8370721549442,-6.05000000000072));
#2448=CARTESIAN_POINT('',(6.02050000000015,-64.8370721549443,-6.05000000000072));
#2449=CARTESIAN_POINT('Origin',(7.25000000000015,-63.8370721549442,-6.05000000000072));
#2450=CARTESIAN_POINT('Origin',(7.25000000000015,-63.8370721549442,-6.05000000000072));
#2451=CARTESIAN_POINT('Origin',(13.5431457505074,-65.3370721549443,-4.423249692525));
#2452=CARTESIAN_POINT('',(11.4431457505074,-65.3370721549443,-4.423249692525));
#2453=CARTESIAN_POINT('Origin',(13.5431457505074,-65.3370721549443,-4.423249692525));
#2454=CARTESIAN_POINT('',(11.5431457505074,-65.3370721549443,-4.423249692525));
#2455=CARTESIAN_POINT('Origin',(13.5431457505074,-65.3370721549443,-4.423249692525));
#2456=CARTESIAN_POINT('Origin',(13.5431457505074,-65.5870721549442,-4.423249692525));
#2457=CARTESIAN_POINT('',(11.4431457505074,-65.8370721549443,-4.423249692525));
#2458=CARTESIAN_POINT('Origin',(13.5431457505074,-65.8370721549443,-4.423249692525));
#2459=CARTESIAN_POINT('',(11.4431457505074,-65.5870721549442,-4.423249692525));
#2460=CARTESIAN_POINT('Origin',(13.5431457505074,-63.3370721549442,-4.423249692525));
#2461=CARTESIAN_POINT('',(11.5431457505074,-60.8370721549442,-4.423249692525));
#2462=CARTESIAN_POINT('',(11.5431457505074,-63.3370721549442,-4.423249692525));
#2463=CARTESIAN_POINT('Origin',(13.5431457505074,-60.8370721549442,-4.423249692525));
#2464=CARTESIAN_POINT('Origin',(13.5431457505074,-60.8370721549442,-4.423249692525));
#2465=CARTESIAN_POINT('Origin',(19.7260291759955,-65.3370721549443,-6.80000000000075));
#2466=CARTESIAN_POINT('',(17.6260291759955,-65.3370721549443,-6.80000000000075));
#2467=CARTESIAN_POINT('Origin',(19.7260291759955,-65.3370721549443,-6.80000000000075));
#2468=CARTESIAN_POINT('',(17.7260291759955,-65.3370721549443,-6.80000000000075));
#2469=CARTESIAN_POINT('Origin',(19.7260291759955,-65.3370721549443,-6.80000000000075));
#2470=CARTESIAN_POINT('Origin',(19.7260291759955,-65.5870721549442,-6.80000000000075));
#2471=CARTESIAN_POINT('',(17.6260291759955,-65.8370721549443,-6.80000000000075));
#2472=CARTESIAN_POINT('Origin',(19.7260291759955,-65.8370721549443,-6.80000000000075));
#2473=CARTESIAN_POINT('',(17.6260291759955,-65.5870721549442,-6.80000000000075));
#2474=CARTESIAN_POINT('Origin',(19.7260291759955,-63.3370721549442,-6.80000000000075));
#2475=CARTESIAN_POINT('',(17.7260291759955,-60.8370721549442,-6.80000000000075));
#2476=CARTESIAN_POINT('',(17.7260291759955,-63.3370721549442,-6.80000000000075));
#2477=CARTESIAN_POINT('Origin',(19.7260291759955,-60.8370721549442,-6.80000000000075));
#2478=CARTESIAN_POINT('Origin',(19.7260291759955,-60.8370721549442,-6.80000000000075));
#2479=CARTESIAN_POINT('Origin',(0.7499999999994,-15.2500000000282,0.));
#2480=CARTESIAN_POINT('',(0.9999999999994,-15.5000000000282,-9.30000000000071));
#2481=CARTESIAN_POINT('',(0.4999999999994,-15.0000000000282,-9.3000000000007));
#2482=CARTESIAN_POINT('',(8.40463401936053,-22.9046340193893,-9.30000000000073));
#2483=CARTESIAN_POINT('',(0.4999999999994,-15.0000000000282,0.));
#2484=CARTESIAN_POINT('',(0.4999999999994,-15.0000000000282,0.));
#2485=CARTESIAN_POINT('',(0.9999999999994,-15.5000000000282,0.));
#2486=CARTESIAN_POINT('',(3.87499999999248,-18.3750000000212,0.));
#2487=CARTESIAN_POINT('',(0.9999999999994,-15.5000000000282,0.));
#2488=CARTESIAN_POINT('Origin',(0.9999999999994,-15.0000000000282,0.));
#2489=CARTESIAN_POINT('',(0.999999999999401,-17.5000000000282,0.));
#2490=CARTESIAN_POINT('',(0.999999999999401,-17.5000000000282,0.));
#2491=CARTESIAN_POINT('',(0.999999999999401,-17.5000000000282,-9.30000000000071));
#2492=CARTESIAN_POINT('',(0.999999999999401,-17.5000000000282,0.));
#2493=CARTESIAN_POINT('',(0.999999999999402,-23.9592680387501,-9.30000000000071));
#2494=CARTESIAN_POINT('Origin',(25.2499999999998,-3.25000000000004,0.));
#2495=CARTESIAN_POINT('',(23.0999999999999,-65.8370721549443,0.));
#2496=CARTESIAN_POINT('',(1.55431223447522E-13,-65.8370721549443,0.));
#2497=CARTESIAN_POINT('',(23.0999999999998,-23.9568893263343,0.));
#2498=CARTESIAN_POINT('',(23.0999999999999,-65.8370721549443,0.));
#2499=CARTESIAN_POINT('',(21.5924870848781,-25.1280209908106,0.));
#2500=CARTESIAN_POINT('Origin',(14.7,-14.6999999999999,0.));
#2501=CARTESIAN_POINT('',(17.1748737341529,-20.7104076400855,0.));
#2502=CARTESIAN_POINT('',(17.0373600659559,-20.5728939718885,0.));
#2503=CARTESIAN_POINT('',(20.7104076400857,-17.1748737341528,0.));
#2504=CARTESIAN_POINT('',(23.558757210636,-14.3265241636024,0.));
#2505=CARTESIAN_POINT('',(23.0999999999998,-17.1748737341528,0.));
#2506=CARTESIAN_POINT('',(22.9802038200428,-17.1748737341528,0.));
#2507=CARTESIAN_POINT('',(23.0999999999999,-8.68959235991421,0.));
#2508=CARTESIAN_POINT('',(23.0999999999999,-65.8370721549443,0.));
#2509=CARTESIAN_POINT('',(12.225126265847,-8.68959235991422,0.));
#2510=CARTESIAN_POINT('',(26.3249999999998,-8.68959235991421,0.));
#2511=CARTESIAN_POINT('',(8.68959235991431,-12.225126265847,0.));
#2512=CARTESIAN_POINT('',(16.8412427893638,-4.07347583639746,0.));
#2513=CARTESIAN_POINT('',(4.2719763389442,-7.80751024487689,0.));
#2514=CARTESIAN_POINT('',(10.585912703474,-14.1214466094066,0.));
#2515=CARTESIAN_POINT('',(7.80751024487693,-4.27197633894414,0.));
#2516=CARTESIAN_POINT('Origin',(14.7,-14.6999999999999,0.));
#2517=CARTESIAN_POINT('',(27.3999999999998,-4.27197633894414,0.));
#2518=CARTESIAN_POINT('',(16.5287551224384,-4.27197633894414,0.));
#2519=CARTESIAN_POINT('',(27.3999999999998,-4.17721413015215E-14,0.));
#2520=CARTESIAN_POINT('',(27.3999999999998,-6.50000000000004,0.));
#2521=CARTESIAN_POINT('',(1.48769885299771E-13,-5.10702591327572E-14,0.));
#2522=CARTESIAN_POINT('',(23.0999999999999,-4.4624947606677E-14,0.));
#2523=CARTESIAN_POINT('',(1.44675937896466E-13,-3.49999999999994,0.));
#2524=CARTESIAN_POINT('',(1.48769885299771E-13,-5.32907051820075E-14,0.));
#2525=CARTESIAN_POINT('',(0.499999999999396,-3.49999999999994,0.));
#2526=CARTESIAN_POINT('',(1.44745326835505E-13,-3.49999999999994,0.));
#2527=CARTESIAN_POINT('',(0.999999999999396,-2.99999999999994,0.));
#2528=CARTESIAN_POINT('',(6.87499999999948,2.87500000000014,0.));
#2529=CARTESIAN_POINT('',(0.999999999999396,-0.999999999999934,0.));
#2530=CARTESIAN_POINT('',(0.999999999999401,-17.5000000000282,0.));
#2531=CARTESIAN_POINT('',(2.4999999999993,-0.999999999999934,0.));
#2532=CARTESIAN_POINT('',(0.999999999999396,-0.999999999999934,0.));
#2533=CARTESIAN_POINT('',(2.49999999999931,-17.5000000000282,0.));
#2534=CARTESIAN_POINT('',(2.4999999999993,-0.999999999999934,0.));
#2535=CARTESIAN_POINT('',(2.49999999999931,-17.5000000000282,0.));
#2536=CARTESIAN_POINT('',(0.00306154330165676,-15.0000000000282,0.));
#2537=CARTESIAN_POINT('',(0.9999999999994,-15.0000000000282,0.));
#2538=CARTESIAN_POINT('Origin',(14.7,-14.6999999999999,0.));
#2539=CARTESIAN_POINT('',(9.69999999999997,-14.6999999999999,0.));
#2540=CARTESIAN_POINT('Origin',(14.7,-14.6999999999999,0.));
#2541=CARTESIAN_POINT('',(17.15,-35.2722127152135,0.));
#2542=CARTESIAN_POINT('Origin',(12.35,-35.2722127152135,0.));
#2543=CARTESIAN_POINT('',(19.7000000000001,-55.6370721549443,0.));
#2544=CARTESIAN_POINT('Origin',(14.7,-55.6370721549443,0.));
#2545=CARTESIAN_POINT('',(21.4132845494925,-49.9802179054518,-8.38688399462104E-13));
#2546=CARTESIAN_POINT('Origin',(20.3568542494925,-49.9802179054518,1.22124532708767E-14));
#2547=CARTESIAN_POINT('',(10.0995760505075,-61.2939264044368,-8.0982260082185E-13));
#2548=CARTESIAN_POINT('Origin',(9.04314575050744,-61.2939264044368,4.10782519111308E-14));
#2549=CARTESIAN_POINT('Origin',(0.749999999999396,-3.24999999999994,0.));
#2550=CARTESIAN_POINT('',(0.499999999999396,-3.49999999999994,-9.3000000000007));
#2551=CARTESIAN_POINT('',(0.999999999999395,-2.99999999999994,-9.30000000000071));
#2552=CARTESIAN_POINT('',(-3.42963401936851,-7.42963401936786,-9.30000000000069));
#2553=CARTESIAN_POINT('',(0.999999999999396,-2.99999999999994,0.));
#2554=CARTESIAN_POINT('',(0.499999999999396,-3.49999999999994,0.));
#2555=CARTESIAN_POINT('Origin',(0.999999999999396,-0.999999999999934,0.));
#2556=CARTESIAN_POINT('',(0.999999999999396,-0.999999999999934,-9.30000000000071));
#2557=CARTESIAN_POINT('',(0.999999999999399,-16.959268038736,-9.30000000000071));
#2558=CARTESIAN_POINT('',(0.999999999999396,-0.999999999999934,0.));
#2559=CARTESIAN_POINT('Origin',(13.7,-32.9185360774721,-9.30000000000074));
#2560=CARTESIAN_POINT('',(2.49999999999931,-17.5000000000282,-9.30000000000071));
#2561=CARTESIAN_POINT('',(7.34999999999968,-17.5000000000282,-9.30000000000072));
#2562=CARTESIAN_POINT('',(2.4999999999993,-0.999999999999934,-9.30000000000071));
#2563=CARTESIAN_POINT('',(2.49999999999931,-25.2092680387502,-9.30000000000071));
#2564=CARTESIAN_POINT('',(8.09999999999963,-0.999999999999934,-9.30000000000072));
#2565=CARTESIAN_POINT('',(1.44675937896466E-13,-3.49999999999994,-9.3000000000007));
#2566=CARTESIAN_POINT('',(7.34999999999967,-3.49999999999994,-9.30000000000072));
#2567=CARTESIAN_POINT('',(1.48769885299771E-13,-5.10702591327572E-14,-9.3000000000007));
#2568=CARTESIAN_POINT('',(1.49880108324396E-13,-18.209268038736,-9.3000000000007));
#2569=CARTESIAN_POINT('',(27.3999999999998,-4.17721413015215E-14,-9.30000000000077));
#2570=CARTESIAN_POINT('',(6.85000000000004,-5.32907051820075E-14,-9.30000000000072));
#2571=CARTESIAN_POINT('',(27.3999999999998,-6.50000000000004,-9.30000000000077));
#2572=CARTESIAN_POINT('',(27.3999999999998,-16.4592680387361,-9.30000000000077));
#2573=CARTESIAN_POINT('',(23.0999999999999,-6.50000000000004,-9.30000000000076));
#2574=CARTESIAN_POINT('',(20.5499999999999,-6.50000000000005,-9.30000000000075));
#2575=CARTESIAN_POINT('',(23.0999999999999,-65.8370721549443,-9.30000000000076));
#2576=CARTESIAN_POINT('',(23.0999999999999,-19.7092680387361,-9.30000000000076));
#2577=CARTESIAN_POINT('',(18.3999999999999,-65.8370721549443,-9.30000000000075));
#2578=CARTESIAN_POINT('',(6.85000000000005,-15.0000000000282,-9.30000000000072));
#2579=CARTESIAN_POINT('',(16.7766963143148,-44.2390605304064,-9.30000000000075));
#2580=CARTESIAN_POINT('',(16.5956537843996,-51.0103566104471,-9.30000000000075));
#2581=CARTESIAN_POINT('Origin',(9.00197156088416,-47.419257852648,-9.30000000000074));
#2582=CARTESIAN_POINT('',(3.95442643548612,-40.704923320688,-9.30000000000071));
#2583=CARTESIAN_POINT('Origin',(12.35,-35.2722127152135,-9.30000000000074));
#2584=CARTESIAN_POINT('',(9.7023395333457,-55.7900095932715,-9.30000000000073));
#2585=CARTESIAN_POINT('Origin',(9.00197156088416,-47.419257852648,-9.30000000000074));
#2586=CARTESIAN_POINT('',(19.7000000000001,-55.6370721549443,-9.30000000000075));
#2587=CARTESIAN_POINT('Origin',(14.7,-55.6370721549443,-9.30000000000074));
#2588=CARTESIAN_POINT('Origin',(14.7,-55.6370721549443,-9.30000000000074));
#2589=CARTESIAN_POINT('',(22.6068542494925,-49.9802179054518,-9.30000000000076));
#2590=CARTESIAN_POINT('Origin',(20.3568542494925,-49.9802179054518,-9.30000000000075));
#2591=CARTESIAN_POINT('',(11.2931457505074,-61.2939264044368,-9.30000000000073));
#2592=CARTESIAN_POINT('Origin',(9.04314575050741,-61.2939264044368,-9.30000000000073));
#2593=CARTESIAN_POINT('Origin',(9.04314575050741,-61.2939264044368,-9.30000000000073));
#2594=CARTESIAN_POINT('',(10.0995760505075,-61.2939264044368,-4.00000000000073));
#2595=CARTESIAN_POINT('Origin',(9.04314575050743,-61.2939264044368,-4.00000000000072));
#2596=CARTESIAN_POINT('',(10.0995760505074,-61.2939264044368,-9.30000000000073));
#2597=CARTESIAN_POINT('Origin',(20.3568542494925,-49.9802179054518,-9.30000000000075));
#2598=CARTESIAN_POINT('',(21.4132845494925,-49.9802179054518,-4.00000000000076));
#2599=CARTESIAN_POINT('Origin',(20.3568542494925,-49.9802179054518,-4.00000000000075));
#2600=CARTESIAN_POINT('',(21.4132845494925,-49.9802179054518,-9.30000000000076));
#2601=CARTESIAN_POINT('Origin',(9.04314575050741,-61.2939264044368,-9.30000000000073));
#2602=CARTESIAN_POINT('',(11.2931457505074,-61.2939264044368,-4.00000000000073));
#2603=CARTESIAN_POINT('',(11.2931457505074,-61.2939264044368,-9.30000000000073));
#2604=CARTESIAN_POINT('Origin',(9.04314575050743,-61.2939264044368,-4.00000000000072));
#2605=CARTESIAN_POINT('Origin',(9.04314575050743,-61.2939264044368,-4.00000000000072));
#2606=CARTESIAN_POINT('Origin',(20.3568542494925,-49.9802179054518,-9.30000000000075));
#2607=CARTESIAN_POINT('',(22.6068542494925,-49.9802179054518,-4.00000000000076));
#2608=CARTESIAN_POINT('',(22.6068542494925,-49.9802179054518,-9.30000000000076));
#2609=CARTESIAN_POINT('Origin',(20.3568542494925,-49.9802179054518,-4.00000000000075));
#2610=CARTESIAN_POINT('Origin',(20.3568542494925,-49.9802179054518,-4.00000000000075));
#2611=CARTESIAN_POINT('Origin',(20.7104076400857,-17.1748737341528,0.));
#2612=CARTESIAN_POINT('',(20.7104076400857,-17.1748737341528,-3.));
#2613=CARTESIAN_POINT('',(20.7104076400857,-17.1748737341528,0.));
#2614=CARTESIAN_POINT('',(23.0999999999998,-17.1748737341528,-3.));
#2615=CARTESIAN_POINT('',(23.0999999999998,-17.1748737341528,-3.));
#2616=CARTESIAN_POINT('',(23.0999999999999,-17.1748737341528,0.));
#2617=CARTESIAN_POINT('Origin',(17.1748737341529,-20.7104076400855,0.));
#2618=CARTESIAN_POINT('',(17.1748737341529,-20.7104076400855,-3.));
#2619=CARTESIAN_POINT('',(17.1748737341529,-20.7104076400855,0.));
#2620=CARTESIAN_POINT('',(20.7104076400857,-17.1748737341528,-3.));
#2621=CARTESIAN_POINT('Origin',(21.5924870848781,-25.1280209908106,0.));
#2622=CARTESIAN_POINT('',(21.5924870848781,-25.1280209908106,-3.));
#2623=CARTESIAN_POINT('',(21.5924870848781,-25.1280209908106,0.));
#2624=CARTESIAN_POINT('',(17.1748737341529,-20.7104076400855,-3.));
#2625=CARTESIAN_POINT('Origin',(14.7,-14.6999999999999,0.));
#2626=CARTESIAN_POINT('',(23.0999999999998,-23.9568893263343,-3.));
#2627=CARTESIAN_POINT('',(23.0999999999999,-23.9568893263342,0.));
#2628=CARTESIAN_POINT('Origin',(14.7,-14.6999999999999,-3.));
#2629=CARTESIAN_POINT('Origin',(20.1374368670764,-21.1514473624817,-3.));
#2630=CARTESIAN_POINT('',(23.0999999999999,-13.8257236812409,-3.));
#2631=CARTESIAN_POINT('Origin',(27.3999999999998,-8.68959235991421,0.));
#2632=CARTESIAN_POINT('',(23.0999999999999,-8.68959235991421,-3.));
#2633=CARTESIAN_POINT('',(23.0999999999999,-8.68959235991421,0.));
#2634=CARTESIAN_POINT('',(12.225126265847,-8.68959235991422,-3.));
#2635=CARTESIAN_POINT('',(23.0999999999998,-8.68959235991421,-3.));
#2636=CARTESIAN_POINT('',(12.225126265847,-8.68959235991422,0.));
#2637=CARTESIAN_POINT('Origin',(14.7,-14.6999999999999,0.));
#2638=CARTESIAN_POINT('',(4.2719763389442,-7.80751024487689,-3.));
#2639=CARTESIAN_POINT('',(4.2719763389442,-7.80751024487689,0.));
#2640=CARTESIAN_POINT('',(7.80751024487693,-4.27197633894414,-3.));
#2641=CARTESIAN_POINT('Origin',(14.7,-14.6999999999999,-3.));
#2642=CARTESIAN_POINT('',(7.80751024487693,-4.27197633894414,0.));
#2643=CARTESIAN_POINT('Origin',(8.68959235991431,-12.225126265847,0.));
#2644=CARTESIAN_POINT('',(8.68959235991431,-12.225126265847,-3.));
#2645=CARTESIAN_POINT('',(8.68959235991431,-12.225126265847,0.));
#2646=CARTESIAN_POINT('',(4.2719763389442,-7.80751024487689,-3.));
#2647=CARTESIAN_POINT('Origin',(12.225126265847,-8.68959235991422,0.));
#2648=CARTESIAN_POINT('',(8.68959235991431,-12.225126265847,-3.));
#2649=CARTESIAN_POINT('Origin',(7.80751024487693,-4.27197633894414,0.));
#2650=CARTESIAN_POINT('',(27.3999999999998,-4.27197633894414,-3.));
#2651=CARTESIAN_POINT('',(23.0999999999998,-4.27197633894413,-3.));
#2652=CARTESIAN_POINT('',(27.3999999999998,-4.27197633894413,0.));
#2653=CARTESIAN_POINT('Origin',(13.685988169472,-8.24855130239555,-3.));
#2654=CARTESIAN_POINT('',(23.0999999999999,-6.50000000000004,-3.));
#2655=CARTESIAN_POINT('',(23.0999999999999,-7.3742756511978,-3.));
#2656=CARTESIAN_POINT('',(27.3999999999998,-6.50000000000004,-3.));
#2657=CARTESIAN_POINT('',(20.5429940847359,-6.50000000000004,-3.));
#2658=CARTESIAN_POINT('',(27.3999999999998,-4.1242756511978,-3.));
#2659=CARTESIAN_POINT('Origin',(14.7,-14.6999999999999,0.));
#2660=CARTESIAN_POINT('',(9.69999999999997,-14.6999999999999,-3.));
#2661=CARTESIAN_POINT('',(9.69999999999997,-14.6999999999999,0.));
#2662=CARTESIAN_POINT('Origin',(14.7,-14.6999999999999,-3.));
#2663=CARTESIAN_POINT('Origin',(14.7,-14.6999999999999,-3.));
#2664=CARTESIAN_POINT('Origin',(9.00197156088416,-47.419257852648,0.));
#2665=CARTESIAN_POINT('',(9.7023395333457,-55.7900095932715,-6.2));
#2666=CARTESIAN_POINT('',(3.95442643548611,-40.704923320688,-6.2));
#2667=CARTESIAN_POINT('Origin',(9.00197156088416,-47.419257852648,-6.2));
#2668=CARTESIAN_POINT('',(9.7023395333457,-55.7900095932715,0.));
#2669=CARTESIAN_POINT('',(3.95442643548612,-40.704923320688,0.));
#2670=CARTESIAN_POINT('Origin',(9.00197156088416,-47.419257852648,0.));
#2671=CARTESIAN_POINT('',(16.7766963143148,-44.2390605304064,-6.2));
#2672=CARTESIAN_POINT('',(16.5956537843996,-51.0103566104471,-6.2));
#2673=CARTESIAN_POINT('Origin',(9.00197156088416,-47.419257852648,-6.2));
#2674=CARTESIAN_POINT('',(16.7766963143148,-44.2390605304064,0.));
#2675=CARTESIAN_POINT('',(16.5956537843996,-51.0103566104471,0.));
#2676=CARTESIAN_POINT('Origin',(12.35,-35.2722127152135,0.));
#2677=CARTESIAN_POINT('',(13.0568646991149,-45.2471985446342,-6.2));
#2678=CARTESIAN_POINT('Origin',(12.35,-35.2722127152135,-6.2));
#2679=CARTESIAN_POINT('',(13.0568646991149,-45.2471985446342,-3.1));
#2680=CARTESIAN_POINT('',(13.0568646991149,-45.2471985446342,0.));
#2681=CARTESIAN_POINT('',(6.63248049404507,-43.4764781118852,-3.1));
#2682=CARTESIAN_POINT('Origin',(12.35,-35.2722127152135,-3.1));
#2683=CARTESIAN_POINT('',(6.63248049404507,-43.4764781118852,-6.2));
#2684=CARTESIAN_POINT('',(6.63248049404507,-43.4764781118852,0.));
#2685=CARTESIAN_POINT('Origin',(12.35,-35.2722127152135,-6.2));
#2686=CARTESIAN_POINT('Origin',(13.7,-32.9185360774721,-6.2));
#2687=CARTESIAN_POINT('Origin',(14.7,-55.6370721549443,-6.2));
#2688=CARTESIAN_POINT('',(13.6019715608842,-47.419257852648,-6.2));
#2689=CARTESIAN_POINT('Origin',(9.00197156088416,-47.419257852648,-6.2));
#2690=CARTESIAN_POINT('Origin',(9.00197156088416,-47.419257852648,-6.2));
#2691=CARTESIAN_POINT('Origin',(14.7,-55.6370721549443,0.));
#2692=CARTESIAN_POINT('',(19.7000000000001,-55.6370721549443,0.));
#2693=CARTESIAN_POINT('Origin',(25.2499999999998,-3.25000000000004,-3.1));
#2694=CARTESIAN_POINT('',(0.00306154330165676,-15.0000000000282,-3.1));
#2695=CARTESIAN_POINT('',(12.625,-15.0000000000282,-3.1));
#2696=CARTESIAN_POINT('Origin',(14.7,-14.6999999999999,-3.1));
#2697=CARTESIAN_POINT('Origin',(25.2499999999998,-3.25000000000004,-3.1));
#2698=CARTESIAN_POINT('Origin',(9.00197156088416,-47.419257852648,-3.1));
#2699=CARTESIAN_POINT('',(17.15,-35.2722127152135,-3.1));
#2700=CARTESIAN_POINT('Origin',(12.35,-35.2722127152135,-3.1));
#2701=CARTESIAN_POINT('Origin',(9.00197156088416,-47.419257852648,0.));
#2702=CARTESIAN_POINT('',(13.6019715608842,-47.419257852648,-1.6));
#2703=CARTESIAN_POINT('',(13.6019715608842,-47.419257852648,0.));
#2704=CARTESIAN_POINT('Origin',(9.00197156088416,-47.419257852648,-1.6));
#2705=CARTESIAN_POINT('Origin',(12.35,-35.2722127152135,0.));
#2706=CARTESIAN_POINT('',(17.15,-35.2722127152135,0.));
#2707=CARTESIAN_POINT('Origin',(27.3999999999998,-4.21884749357559E-14,
0.));
#2708=CARTESIAN_POINT('',(27.3999999999998,-6.50000000000004,0.));
#2709=CARTESIAN_POINT('',(27.3999999999998,-4.17721413015215E-14,0.));
#2710=CARTESIAN_POINT('Origin',(1.50990331349021E-13,-5.10702591327572E-14,
0.));
#2711=CARTESIAN_POINT('',(1.48769885299771E-13,-5.10702591327572E-14,0.));
#2712=CARTESIAN_POINT('Origin',(1.49159431960625E-13,-3.49999999999994,
0.));
#2713=CARTESIAN_POINT('',(1.44675937896466E-13,-3.49999999999994,0.));
#2714=CARTESIAN_POINT('Origin',(0.999999999999396,-3.49999999999994,0.));
#2715=CARTESIAN_POINT('Origin',(2.4999999999993,-0.999999999999934,0.));
#2716=CARTESIAN_POINT('',(2.4999999999993,-0.999999999999934,0.));
#2717=CARTESIAN_POINT('Origin',(2.49999999999931,-17.5000000000282,0.));
#2718=CARTESIAN_POINT('',(2.49999999999931,-17.5000000000282,0.));
#2719=CARTESIAN_POINT('Origin',(0.999999999999401,-17.5000000000282,0.));
#2720=CARTESIAN_POINT('Origin',(0.00306154330165676,-15.0000000000282,0.));
#2721=CARTESIAN_POINT('',(0.00306154330165676,-15.0000000000282,0.));
#2722=CARTESIAN_POINT('Origin',(14.7,-14.6999999999999,0.));
#2723=CARTESIAN_POINT('Origin',(23.0999999999999,-65.8370721549443,0.));
#2724=CARTESIAN_POINT('',(23.0999999999999,-65.8370721549443,0.));
#2725=CARTESIAN_POINT('Origin',(23.0999999999999,-6.50000000000004,0.));
#2726=CARTESIAN_POINT('',(23.0999999999999,-6.50000000000004,0.));
#2727=CARTESIAN_POINT('Origin',(27.3999999999998,-6.50000000000004,0.));
#2728=CARTESIAN_POINT('Origin',(25.2499999999998,-3.25000000000004,-1.6));
#2729=UNCERTAINTY_MEASURE_WITH_UNIT(LENGTH_MEASURE(0.01),#2733,
'DISTANCE_ACCURACY_VALUE',
'Maximum model space distance between geometric entities at asserted c
onnectivities');
#2730=UNCERTAINTY_MEASURE_WITH_UNIT(LENGTH_MEASURE(0.01),#2733,
'DISTANCE_ACCURACY_VALUE',
'Maximum model space distance between geometric entities at asserted c
onnectivities');
#2731=(
GEOMETRIC_REPRESENTATION_CONTEXT(3)
GLOBAL_UNCERTAINTY_ASSIGNED_CONTEXT((#2729))
GLOBAL_UNIT_ASSIGNED_CONTEXT((#2733,#2735,#2736))
REPRESENTATION_CONTEXT('','3D')
);
#2732=(
GEOMETRIC_REPRESENTATION_CONTEXT(3)
GLOBAL_UNCERTAINTY_ASSIGNED_CONTEXT((#2730))
GLOBAL_UNIT_ASSIGNED_CONTEXT((#2733,#2735,#2736))
REPRESENTATION_CONTEXT('','3D')
);
#2733=(
LENGTH_UNIT()
NAMED_UNIT(*)
SI_UNIT(.MILLI.,.METRE.)
);
#2734=(
LENGTH_UNIT()
NAMED_UNIT(*)
SI_UNIT(.CENTI.,.METRE.)
);
#2735=(
NAMED_UNIT(*)
PLANE_ANGLE_UNIT()
SI_UNIT($,.RADIAN.)
);
#2736=(
NAMED_UNIT(*)
SI_UNIT($,.STERADIAN.)
SOLID_ANGLE_UNIT()
);
#2737=SHAPE_DEFINITION_REPRESENTATION(#2738,#2739);
#2738=PRODUCT_DEFINITION_SHAPE('',$,#2741);
#2739=SHAPE_REPRESENTATION('',(#1600),#2731);
#2740=PRODUCT_DEFINITION_CONTEXT('part definition',#2745,'design');
#2741=PRODUCT_DEFINITION('LeftGearbox','LeftGearbox',#2742,#2740);
#2742=PRODUCT_DEFINITION_FORMATION('',$,#2747);
#2743=PRODUCT_RELATED_PRODUCT_CATEGORY('LeftGearbox','LeftGearbox',(#2747));
#2744=APPLICATION_PROTOCOL_DEFINITION('international standard',
'automotive_design',2009,#2745);
#2745=APPLICATION_CONTEXT(
'Core Data for Automotive Mechanical Design Process');
#2746=PRODUCT_CONTEXT('part definition',#2745,'mechanical');
#2747=PRODUCT('LeftGearbox','LeftGearbox',$,(#2746));
#2748=PRESENTATION_STYLE_ASSIGNMENT((#2749));
#2749=SURFACE_STYLE_USAGE(.BOTH.,#2752);
#2750=SURFACE_STYLE_RENDERING_WITH_PROPERTIES($,#2756,(#2751));
#2751=SURFACE_STYLE_TRANSPARENT(0.);
#2752=SURFACE_SIDE_STYLE('',(#2753,#2750));
#2753=SURFACE_STYLE_FILL_AREA(#2754);
#2754=FILL_AREA_STYLE('',(#2755));
#2755=FILL_AREA_STYLE_COLOUR('',#2756);
#2756=COLOUR_RGB('',0.749019607843137,0.749019607843137,0.749019607843137);
ENDSEC;
END-ISO-10303-21;
