ISO-10303-21;
HEADER;
/* Generated by software containing ST-Developer
 * from STEP Tools, Inc. (www.steptools.com) 
 */

FILE_DESCRIPTION(
/* description */ (''),
/* implementation_level */ '2;1');

FILE_NAME(
/* name */ 'PCBs_Holder.stp',
/* time_stamp */ '2026-04-26T22:20:43+02:00',
/* author */ ('szymo'),
/* organization */ (''),
/* preprocessor_version */ 'ST-DEVELOPER v20.1',
/* originating_system */ 'Autodesk Inventor 2026',
/* authorisation */ '');

FILE_SCHEMA (('AUTOMOTIVE_DESIGN { 1 0 10303 214 3 1 1 }'));
ENDSEC;

DATA;
#10=MECHANICAL_DESIGN_GEOMETRIC_PRESENTATION_REPRESENTATION('',(#13),#2103);
#11=SHAPE_REPRESENTATION_RELATIONSHIP('SRR','None',#2110,#12);
#12=ADVANCED_BREP_SHAPE_REPRESENTATION('',(#14),#2102);
#13=STYLED_ITEM('',(#2119),#14);
#14=MANIFOLD_SOLID_BREP('Solid2',#1199);
#15=CONICAL_SURFACE('',#1311,1.975,0.785398163397448);
#16=CONICAL_SURFACE('',#1316,1.975,0.785398163397448);
#17=(
BOUNDED_CURVE()
B_SPLINE_CURVE(2,(#2035,#2036,#2037),.UNSPECIFIED.,.F.,.F.)
B_SPLINE_CURVE_WITH_KNOTS((3,3),(0.,0.31622776601697),.UNSPECIFIED.)
CURVE()
GEOMETRIC_REPRESENTATION_ITEM()
RATIONAL_B_SPLINE_CURVE((1.,1.25000000000025,1.))
REPRESENTATION_ITEM('')
);
#18=(
BOUNDED_CURVE()
B_SPLINE_CURVE(2,(#2057,#2058,#2059),.UNSPECIFIED.,.F.,.F.)
B_SPLINE_CURVE_WITH_KNOTS((3,3),(0.,0.158113883008483),.UNSPECIFIED.)
CURVE()
GEOMETRIC_REPRESENTATION_ITEM()
RATIONAL_B_SPLINE_CURVE((1.,1.12500000000013,1.12500000000013))
REPRESENTATION_ITEM('')
);
#19=(
BOUNDED_CURVE()
B_SPLINE_CURVE(2,(#2062,#2063,#2064),.UNSPECIFIED.,.F.,.F.)
B_SPLINE_CURVE_WITH_KNOTS((3,3),(0.158113883008483,0.316227766016966),
 .UNSPECIFIED.)
CURVE()
GEOMETRIC_REPRESENTATION_ITEM()
RATIONAL_B_SPLINE_CURVE((1.12500000000013,1.12500000000013,1.))
REPRESENTATION_ITEM('')
);
#20=B_SPLINE_CURVE_WITH_KNOTS('',3,(#1741,#1742,#1743,#1744,#1745,#1746,
#1747,#1748,#1749,#1750,#1751,#1752,#1753,#1754,#1755),.UNSPECIFIED.,.F.,
 .F.,(4,2,2,3,2,2,4),(-0.0814175612004216,-0.0764963509906059,-0.0382481754953029,
0.,0.038248175495303,0.0764963509906059,0.0814175611806857),
 .UNSPECIFIED.);
#21=B_SPLINE_CURVE_WITH_KNOTS('',3,(#1765,#1766,#1767,#1768,#1769,#1770,
#1771,#1772,#1773,#1774,#1775,#1776,#1777,#1778,#1779),.UNSPECIFIED.,.F.,
 .F.,(4,2,2,3,2,2,4),(-0.081417561200421,-0.0764963509906056,-0.0382481754953028,
0.,0.0382481754953028,0.0764963509906056,0.0814175611806852),
 .UNSPECIFIED.);
#22=B_SPLINE_CURVE_WITH_KNOTS('',3,(#1808,#1809,#1810,#1811,#1812,#1813,
#1814,#1815,#1816,#1817),.UNSPECIFIED.,.F.,.F.,(4,2,2,2,4),(0.,0.0673529559820723,
0.134705911964145,0.218750959774091,0.238822508007559),.UNSPECIFIED.);
#23=B_SPLINE_CURVE_WITH_KNOTS('',3,(#1821,#1822,#1823,#1824,#1825,#1826,
#1827,#1828,#1829,#1830),.UNSPECIFIED.,.F.,.F.,(4,2,2,2,4),(-0.23882250800756,
-0.218750959774091,-0.134705911964145,-0.0673529559820722,0.),
 .UNSPECIFIED.);
#24=B_SPLINE_CURVE_WITH_KNOTS('',3,(#1875,#1876,#1877,#1878,#1879,#1880,
#1881,#1882),.UNSPECIFIED.,.F.,.F.,(4,2,2,4),(1.13459123024065,1.17194495006439,
1.21836313590096,1.22678435534086),.UNSPECIFIED.);
#25=B_SPLINE_CURVE_WITH_KNOTS('',3,(#1896,#1897,#1898,#1899,#1900,#1901,
#1902,#1903),.UNSPECIFIED.,.F.,.F.,(4,2,2,4),(0.709413696432807,0.717834915872706,
0.764253101709275,0.801606821533022),.UNSPECIFIED.);
#26=B_SPLINE_CURVE_WITH_KNOTS('',3,(#1916,#1917,#1918,#1919,#1920,#1921,
#1922,#1923,#1924,#1925),.UNSPECIFIED.,.F.,.F.,(4,2,2,2,4),(0.,0.0673529559820652,
0.13470591196413,0.218750959774094,0.238822508007601),.UNSPECIFIED.);
#27=B_SPLINE_CURVE_WITH_KNOTS('',3,(#1928,#1929,#1930,#1931,#1932,#1933,
#1934,#1935,#1936,#1937),.UNSPECIFIED.,.F.,.F.,(4,2,2,2,4),(-0.238822508007601,
-0.218750959774094,-0.13470591196413,-0.0673529559820651,0.),
 .UNSPECIFIED.);
#28=B_SPLINE_CURVE_WITH_KNOTS('',3,(#1941,#1942,#1943,#1944,#1945,#1946,
#1947,#1948),.UNSPECIFIED.,.F.,.F.,(4,2,2,4),(0.709413696432828,0.717834915872706,
0.764253101709275,0.801606821533022),.UNSPECIFIED.);
#29=B_SPLINE_CURVE_WITH_KNOTS('',3,(#1964,#1965,#1966,#1967,#1968,#1969,
#1970,#1971),.UNSPECIFIED.,.F.,.F.,(4,2,2,4),(1.13459123024065,1.1719449500644,
1.21836313590096,1.22678435534084),.UNSPECIFIED.);
#30=FACE_BOUND('',#190,.T.);
#31=FACE_BOUND('',#192,.T.);
#32=FACE_BOUND('',#203,.T.);
#33=FACE_BOUND('',#204,.T.);
#34=FACE_BOUND('',#206,.T.);
#35=FACE_BOUND('',#207,.T.);
#36=FACE_BOUND('',#226,.T.);
#37=FACE_BOUND('',#230,.T.);
#38=FACE_BOUND('',#235,.T.);
#39=FACE_BOUND('',#236,.T.);
#40=FACE_BOUND('',#243,.T.);
#41=FACE_BOUND('',#245,.T.);
#42=FACE_BOUND('',#247,.T.);
#43=FACE_BOUND('',#250,.T.);
#44=FACE_BOUND('',#251,.T.);
#45=FACE_BOUND('',#254,.T.);
#46=FACE_BOUND('',#255,.T.);
#47=FACE_BOUND('',#259,.T.);
#48=FACE_BOUND('',#260,.T.);
#49=CIRCLE('',#1224,2.5);
#50=CIRCLE('',#1225,2.5);
#51=CIRCLE('',#1228,2.5);
#52=CIRCLE('',#1229,2.5);
#53=CIRCLE('',#1233,1.25);
#54=CIRCLE('',#1235,1.25);
#55=CIRCLE('',#1237,0.7835);
#56=CIRCLE('',#1238,0.7835);
#57=CIRCLE('',#1240,0.7835);
#58=CIRCLE('',#1241,0.7835);
#59=CIRCLE('',#1243,0.7835);
#60=CIRCLE('',#1244,0.7835);
#61=CIRCLE('',#1246,0.7835);
#62=CIRCLE('',#1247,0.7835);
#63=CIRCLE('',#1249,1.0065);
#64=CIRCLE('',#1250,1.0065);
#65=CIRCLE('',#1251,1.0065);
#66=CIRCLE('',#1253,1.0065);
#67=CIRCLE('',#1254,1.0065);
#68=CIRCLE('',#1255,1.0065);
#69=CIRCLE('',#1257,2.);
#70=CIRCLE('',#1259,2.);
#71=CIRCLE('',#1262,1.45);
#72=CIRCLE('',#1264,1.45);
#73=CIRCLE('',#1266,2.);
#74=CIRCLE('',#1268,2.);
#75=CIRCLE('',#1269,2.);
#76=CIRCLE('',#1271,2.);
#77=CIRCLE('',#1273,2.);
#78=CIRCLE('',#1274,2.);
#79=CIRCLE('',#1277,2.);
#80=CIRCLE('',#1279,2.);
#81=CIRCLE('',#1280,2.);
#82=CIRCLE('',#1282,2.);
#83=CIRCLE('',#1287,2.);
#84=CIRCLE('',#1290,2.);
#85=CIRCLE('',#1294,2.);
#86=CIRCLE('',#1298,2.);
#87=CIRCLE('',#1301,1.25);
#88=CIRCLE('',#1303,1.25);
#89=CIRCLE('',#1305,1.5);
#90=CIRCLE('',#1306,1.5);
#91=CIRCLE('',#1308,1.5);
#92=CIRCLE('',#1310,1.5);
#93=CIRCLE('',#1312,2.5);
#94=CIRCLE('',#1313,1.45);
#95=CIRCLE('',#1314,2.5);
#96=CIRCLE('',#1317,2.5);
#97=CIRCLE('',#1318,1.45);
#98=CYLINDRICAL_SURFACE('',#1223,2.5);
#99=CYLINDRICAL_SURFACE('',#1227,2.5);
#100=CYLINDRICAL_SURFACE('',#1236,0.7835);
#101=CYLINDRICAL_SURFACE('',#1239,0.7835);
#102=CYLINDRICAL_SURFACE('',#1242,0.7835);
#103=CYLINDRICAL_SURFACE('',#1245,0.7835);
#104=CYLINDRICAL_SURFACE('',#1248,1.0065);
#105=CYLINDRICAL_SURFACE('',#1252,1.0065);
#106=CYLINDRICAL_SURFACE('',#1260,2.);
#107=CYLINDRICAL_SURFACE('',#1265,2.);
#108=CYLINDRICAL_SURFACE('',#1270,2.);
#109=CYLINDRICAL_SURFACE('',#1275,2.);
#110=CYLINDRICAL_SURFACE('',#1276,2.);
#111=CYLINDRICAL_SURFACE('',#1281,2.);
#112=CYLINDRICAL_SURFACE('',#1283,2.);
#113=CYLINDRICAL_SURFACE('',#1285,2.);
#114=CYLINDRICAL_SURFACE('',#1286,2.);
#115=CYLINDRICAL_SURFACE('',#1289,2.);
#116=CYLINDRICAL_SURFACE('',#1293,2.);
#117=CYLINDRICAL_SURFACE('',#1297,2.);
#118=CYLINDRICAL_SURFACE('',#1300,1.25);
#119=CYLINDRICAL_SURFACE('',#1302,1.25);
#120=CYLINDRICAL_SURFACE('',#1304,1.5);
#121=CYLINDRICAL_SURFACE('',#1309,1.5);
#122=CYLINDRICAL_SURFACE('',#1315,1.45);
#123=CYLINDRICAL_SURFACE('',#1319,1.45);
#124=FACE_OUTER_BOUND('',#183,.T.);
#125=FACE_OUTER_BOUND('',#184,.T.);
#126=FACE_OUTER_BOUND('',#185,.T.);
#127=FACE_OUTER_BOUND('',#186,.T.);
#128=FACE_OUTER_BOUND('',#187,.T.);
#129=FACE_OUTER_BOUND('',#188,.T.);
#130=FACE_OUTER_BOUND('',#189,.T.);
#131=FACE_OUTER_BOUND('',#191,.T.);
#132=FACE_OUTER_BOUND('',#193,.T.);
#133=FACE_OUTER_BOUND('',#194,.T.);
#134=FACE_OUTER_BOUND('',#195,.T.);
#135=FACE_OUTER_BOUND('',#196,.T.);
#136=FACE_OUTER_BOUND('',#197,.T.);
#137=FACE_OUTER_BOUND('',#198,.T.);
#138=FACE_OUTER_BOUND('',#199,.T.);
#139=FACE_OUTER_BOUND('',#200,.T.);
#140=FACE_OUTER_BOUND('',#201,.T.);
#141=FACE_OUTER_BOUND('',#202,.T.);
#142=FACE_OUTER_BOUND('',#205,.T.);
#143=FACE_OUTER_BOUND('',#208,.T.);
#144=FACE_OUTER_BOUND('',#209,.T.);
#145=FACE_OUTER_BOUND('',#210,.T.);
#146=FACE_OUTER_BOUND('',#211,.T.);
#147=FACE_OUTER_BOUND('',#212,.T.);
#148=FACE_OUTER_BOUND('',#213,.T.);
#149=FACE_OUTER_BOUND('',#214,.T.);
#150=FACE_OUTER_BOUND('',#215,.T.);
#151=FACE_OUTER_BOUND('',#216,.T.);
#152=FACE_OUTER_BOUND('',#217,.T.);
#153=FACE_OUTER_BOUND('',#218,.T.);
#154=FACE_OUTER_BOUND('',#219,.T.);
#155=FACE_OUTER_BOUND('',#220,.T.);
#156=FACE_OUTER_BOUND('',#221,.T.);
#157=FACE_OUTER_BOUND('',#222,.T.);
#158=FACE_OUTER_BOUND('',#223,.T.);
#159=FACE_OUTER_BOUND('',#224,.T.);
#160=FACE_OUTER_BOUND('',#225,.T.);
#161=FACE_OUTER_BOUND('',#227,.T.);
#162=FACE_OUTER_BOUND('',#228,.T.);
#163=FACE_OUTER_BOUND('',#229,.T.);
#164=FACE_OUTER_BOUND('',#231,.T.);
#165=FACE_OUTER_BOUND('',#232,.T.);
#166=FACE_OUTER_BOUND('',#233,.T.);
#167=FACE_OUTER_BOUND('',#234,.T.);
#168=FACE_OUTER_BOUND('',#237,.T.);
#169=FACE_OUTER_BOUND('',#238,.T.);
#170=FACE_OUTER_BOUND('',#239,.T.);
#171=FACE_OUTER_BOUND('',#240,.T.);
#172=FACE_OUTER_BOUND('',#241,.T.);
#173=FACE_OUTER_BOUND('',#242,.T.);
#174=FACE_OUTER_BOUND('',#244,.T.);
#175=FACE_OUTER_BOUND('',#246,.T.);
#176=FACE_OUTER_BOUND('',#248,.T.);
#177=FACE_OUTER_BOUND('',#249,.T.);
#178=FACE_OUTER_BOUND('',#252,.T.);
#179=FACE_OUTER_BOUND('',#253,.T.);
#180=FACE_OUTER_BOUND('',#256,.T.);
#181=FACE_OUTER_BOUND('',#257,.T.);
#182=FACE_OUTER_BOUND('',#258,.T.);
#183=EDGE_LOOP('',(#765,#766,#767,#768));
#184=EDGE_LOOP('',(#769,#770,#771,#772));
#185=EDGE_LOOP('',(#773,#774,#775,#776));
#186=EDGE_LOOP('',(#777,#778,#779,#780));
#187=EDGE_LOOP('',(#781,#782,#783,#784));
#188=EDGE_LOOP('',(#785,#786,#787,#788));
#189=EDGE_LOOP('',(#789,#790,#791,#792));
#190=EDGE_LOOP('',(#793));
#191=EDGE_LOOP('',(#794,#795,#796,#797));
#192=EDGE_LOOP('',(#798));
#193=EDGE_LOOP('',(#799,#800,#801,#802));
#194=EDGE_LOOP('',(#803,#804,#805,#806));
#195=EDGE_LOOP('',(#807,#808,#809,#810));
#196=EDGE_LOOP('',(#811,#812,#813,#814));
#197=EDGE_LOOP('',(#815,#816,#817,#818,#819,#820));
#198=EDGE_LOOP('',(#821,#822,#823,#824,#825,#826));
#199=EDGE_LOOP('',(#827,#828,#829,#830,#831,#832,#833,#834));
#200=EDGE_LOOP('',(#835,#836,#837,#838,#839,#840,#841,#842));
#201=EDGE_LOOP('',(#843,#844,#845,#846));
#202=EDGE_LOOP('',(#847,#848,#849,#850,#851,#852,#853,#854));
#203=EDGE_LOOP('',(#855,#856,#857,#858));
#204=EDGE_LOOP('',(#859));
#205=EDGE_LOOP('',(#860,#861,#862,#863,#864,#865,#866,#867));
#206=EDGE_LOOP('',(#868));
#207=EDGE_LOOP('',(#869,#870,#871,#872));
#208=EDGE_LOOP('',(#873,#874,#875,#876,#877));
#209=EDGE_LOOP('',(#878,#879,#880,#881,#882,#883,#884,#885));
#210=EDGE_LOOP('',(#886,#887,#888,#889,#890));
#211=EDGE_LOOP('',(#891,#892,#893,#894,#895,#896));
#212=EDGE_LOOP('',(#897,#898,#899,#900));
#213=EDGE_LOOP('',(#901,#902,#903,#904,#905));
#214=EDGE_LOOP('',(#906,#907,#908,#909,#910,#911));
#215=EDGE_LOOP('',(#912,#913,#914,#915,#916));
#216=EDGE_LOOP('',(#917,#918,#919,#920,#921,#922));
#217=EDGE_LOOP('',(#923,#924,#925,#926));
#218=EDGE_LOOP('',(#927,#928,#929,#930,#931,#932));
#219=EDGE_LOOP('',(#933,#934,#935,#936,#937,#938));
#220=EDGE_LOOP('',(#939,#940,#941,#942));
#221=EDGE_LOOP('',(#943,#944,#945,#946,#947,#948));
#222=EDGE_LOOP('',(#949,#950,#951,#952,#953,#954,#955,#956));
#223=EDGE_LOOP('',(#957,#958,#959,#960,#961,#962));
#224=EDGE_LOOP('',(#963,#964,#965,#966));
#225=EDGE_LOOP('',(#967,#968,#969,#970,#971));
#226=EDGE_LOOP('',(#972));
#227=EDGE_LOOP('',(#973,#974,#975,#976,#977,#978));
#228=EDGE_LOOP('',(#979,#980,#981,#982));
#229=EDGE_LOOP('',(#983,#984,#985,#986,#987));
#230=EDGE_LOOP('',(#988));
#231=EDGE_LOOP('',(#989,#990,#991,#992));
#232=EDGE_LOOP('',(#993,#994,#995,#996));
#233=EDGE_LOOP('',(#997,#998,#999,#1000,#1001,#1002));
#234=EDGE_LOOP('',(#1003,#1004,#1005,#1006,#1007,#1008,#1009,#1010));
#235=EDGE_LOOP('',(#1011));
#236=EDGE_LOOP('',(#1012));
#237=EDGE_LOOP('',(#1013,#1014,#1015,#1016,#1017,#1018));
#238=EDGE_LOOP('',(#1019,#1020,#1021,#1022,#1023,#1024));
#239=EDGE_LOOP('',(#1025,#1026,#1027,#1028));
#240=EDGE_LOOP('',(#1029,#1030,#1031,#1032,#1033,#1034));
#241=EDGE_LOOP('',(#1035,#1036,#1037,#1038));
#242=EDGE_LOOP('',(#1039,#1040,#1041,#1042,#1043,#1044,#1045,#1046,#1047));
#243=EDGE_LOOP('',(#1048,#1049,#1050,#1051));
#244=EDGE_LOOP('',(#1052,#1053,#1054,#1055));
#245=EDGE_LOOP('',(#1056));
#246=EDGE_LOOP('',(#1057,#1058,#1059,#1060));
#247=EDGE_LOOP('',(#1061));
#248=EDGE_LOOP('',(#1062,#1063,#1064,#1065,#1066,#1067,#1068));
#249=EDGE_LOOP('',(#1069,#1070,#1071,#1072,#1073));
#250=EDGE_LOOP('',(#1074));
#251=EDGE_LOOP('',(#1075));
#252=EDGE_LOOP('',(#1076,#1077,#1078,#1079,#1080,#1081,#1082));
#253=EDGE_LOOP('',(#1083,#1084,#1085,#1086,#1087));
#254=EDGE_LOOP('',(#1088));
#255=EDGE_LOOP('',(#1089));
#256=EDGE_LOOP('',(#1090,#1091,#1092,#1093));
#257=EDGE_LOOP('',(#1094,#1095,#1096,#1097));
#258=EDGE_LOOP('',(#1098,#1099,#1100,#1101,#1102,#1103,#1104,#1105,#1106));
#259=EDGE_LOOP('',(#1107));
#260=EDGE_LOOP('',(#1108));
#261=LINE('',#1662,#371);
#262=LINE('',#1664,#372);
#263=LINE('',#1666,#373);
#264=LINE('',#1667,#374);
#265=LINE('',#1673,#375);
#266=LINE('',#1676,#376);
#267=LINE('',#1678,#377);
#268=LINE('',#1679,#378);
#269=LINE('',#1685,#379);
#270=LINE('',#1688,#380);
#271=LINE('',#1691,#381);
#272=LINE('',#1693,#382);
#273=LINE('',#1694,#383);
#274=LINE('',#1697,#384);
#275=LINE('',#1699,#385);
#276=LINE('',#1700,#386);
#277=LINE('',#1702,#387);
#278=LINE('',#1706,#388);
#279=LINE('',#1713,#389);
#280=LINE('',#1719,#390);
#281=LINE('',#1725,#391);
#282=LINE('',#1731,#392);
#283=LINE('',#1737,#393);
#284=LINE('',#1761,#394);
#285=LINE('',#1783,#395);
#286=LINE('',#1785,#396);
#287=LINE('',#1789,#397);
#288=LINE('',#1791,#398);
#289=LINE('',#1792,#399);
#290=LINE('',#1795,#400);
#291=LINE('',#1797,#401);
#292=LINE('',#1801,#402);
#293=LINE('',#1803,#403);
#294=LINE('',#1804,#404);
#295=LINE('',#1819,#405);
#296=LINE('',#1831,#406);
#297=LINE('',#1834,#407);
#298=LINE('',#1836,#408);
#299=LINE('',#1838,#409);
#300=LINE('',#1840,#410);
#301=LINE('',#1842,#411);
#302=LINE('',#1844,#412);
#303=LINE('',#1846,#413);
#304=LINE('',#1847,#414);
#305=LINE('',#1848,#415);
#306=LINE('',#1853,#416);
#307=LINE('',#1855,#417);
#308=LINE('',#1857,#418);
#309=LINE('',#1859,#419);
#310=LINE('',#1861,#420);
#311=LINE('',#1863,#421);
#312=LINE('',#1865,#422);
#313=LINE('',#1866,#423);
#314=LINE('',#1869,#424);
#315=LINE('',#1874,#425);
#316=LINE('',#1885,#426);
#317=LINE('',#1887,#427);
#318=LINE('',#1888,#428);
#319=LINE('',#1892,#429);
#320=LINE('',#1905,#430);
#321=LINE('',#1911,#431);
#322=LINE('',#1913,#432);
#323=LINE('',#1927,#433);
#324=LINE('',#1938,#434);
#325=LINE('',#1950,#435);
#326=LINE('',#1956,#436);
#327=LINE('',#1958,#437);
#328=LINE('',#1963,#438);
#329=LINE('',#1973,#439);
#330=LINE('',#1975,#440);
#331=LINE('',#1979,#441);
#332=LINE('',#1983,#442);
#333=LINE('',#1984,#443);
#334=LINE('',#1989,#444);
#335=LINE('',#1991,#445);
#336=LINE('',#1992,#446);
#337=LINE('',#1995,#447);
#338=LINE('',#1996,#448);
#339=LINE('',#2001,#449);
#340=LINE('',#2002,#450);
#341=LINE('',#2005,#451);
#342=LINE('',#2006,#452);
#343=LINE('',#2011,#453);
#344=LINE('',#2012,#454);
#345=LINE('',#2016,#455);
#346=LINE('',#2020,#456);
#347=LINE('',#2026,#457);
#348=LINE('',#2031,#458);
#349=LINE('',#2033,#459);
#350=LINE('',#2039,#460);
#351=LINE('',#2040,#461);
#352=LINE('',#2044,#462);
#353=LINE('',#2049,#463);
#354=LINE('',#2053,#464);
#355=LINE('',#2066,#465);
#356=LINE('',#2069,#466);
#357=LINE('',#2072,#467);
#358=LINE('',#2073,#468);
#359=LINE('',#2075,#469);
#360=LINE('',#2076,#470);
#361=LINE('',#2079,#471);
#362=LINE('',#2081,#472);
#363=LINE('',#2083,#473);
#364=LINE('',#2084,#474);
#365=LINE('',#2088,#475);
#366=LINE('',#2089,#476);
#367=LINE('',#2091,#477);
#368=LINE('',#2093,#478);
#369=LINE('',#2096,#479);
#370=LINE('',#2098,#480);
#371=VECTOR('',#1334,10.);
#372=VECTOR('',#1335,10.);
#373=VECTOR('',#1336,10.);
#374=VECTOR('',#1337,10.);
#375=VECTOR('',#1344,10.);
#376=VECTOR('',#1347,10.);
#377=VECTOR('',#1348,10.);
#378=VECTOR('',#1349,10.);
#379=VECTOR('',#1354,10.);
#380=VECTOR('',#1357,10.);
#381=VECTOR('',#1360,10.);
#382=VECTOR('',#1361,10.);
#383=VECTOR('',#1362,10.);
#384=VECTOR('',#1365,10.);
#385=VECTOR('',#1366,10.);
#386=VECTOR('',#1367,10.);
#387=VECTOR('',#1370,10.);
#388=VECTOR('',#1375,10.);
#389=VECTOR('',#1382,0.7835);
#390=VECTOR('',#1389,0.7835);
#391=VECTOR('',#1396,0.7835);
#392=VECTOR('',#1403,0.7835);
#393=VECTOR('',#1410,1.0065);
#394=VECTOR('',#1419,1.0065);
#395=VECTOR('',#1426,10.);
#396=VECTOR('',#1427,10.);
#397=VECTOR('',#1430,10.);
#398=VECTOR('',#1431,10.);
#399=VECTOR('',#1432,10.);
#400=VECTOR('',#1435,10.);
#401=VECTOR('',#1436,10.);
#402=VECTOR('',#1439,10.);
#403=VECTOR('',#1440,10.);
#404=VECTOR('',#1441,10.);
#405=VECTOR('',#1444,2.);
#406=VECTOR('',#1445,10.);
#407=VECTOR('',#1448,10.);
#408=VECTOR('',#1449,10.);
#409=VECTOR('',#1450,10.);
#410=VECTOR('',#1451,10.);
#411=VECTOR('',#1452,10.);
#412=VECTOR('',#1453,10.);
#413=VECTOR('',#1454,10.);
#414=VECTOR('',#1455,10.);
#415=VECTOR('',#1456,10.);
#416=VECTOR('',#1461,10.);
#417=VECTOR('',#1462,10.);
#418=VECTOR('',#1463,10.);
#419=VECTOR('',#1464,10.);
#420=VECTOR('',#1465,10.);
#421=VECTOR('',#1466,10.);
#422=VECTOR('',#1467,10.);
#423=VECTOR('',#1468,10.);
#424=VECTOR('',#1471,10.);
#425=VECTOR('',#1476,10.);
#426=VECTOR('',#1479,10.);
#427=VECTOR('',#1480,10.);
#428=VECTOR('',#1481,10.);
#429=VECTOR('',#1484,10.);
#430=VECTOR('',#1489,10.);
#431=VECTOR('',#1496,10.);
#432=VECTOR('',#1499,10.);
#433=VECTOR('',#1502,2.);
#434=VECTOR('',#1503,10.);
#435=VECTOR('',#1506,10.);
#436=VECTOR('',#1513,10.);
#437=VECTOR('',#1516,10.);
#438=VECTOR('',#1521,10.);
#439=VECTOR('',#1524,10.);
#440=VECTOR('',#1527,10.);
#441=VECTOR('',#1532,10.);
#442=VECTOR('',#1537,10.);
#443=VECTOR('',#1538,10.);
#444=VECTOR('',#1545,10.);
#445=VECTOR('',#1546,10.);
#446=VECTOR('',#1547,10.);
#447=VECTOR('',#1550,10.);
#448=VECTOR('',#1551,10.);
#449=VECTOR('',#1558,10.);
#450=VECTOR('',#1559,10.);
#451=VECTOR('',#1562,10.);
#452=VECTOR('',#1563,10.);
#453=VECTOR('',#1570,10.);
#454=VECTOR('',#1571,10.);
#455=VECTOR('',#1576,1.25);
#456=VECTOR('',#1581,1.25);
#457=VECTOR('',#1588,10.);
#458=VECTOR('',#1593,10.);
#459=VECTOR('',#1594,10.);
#460=VECTOR('',#1595,10.);
#461=VECTOR('',#1596,10.);
#462=VECTOR('',#1601,10.);
#463=VECTOR('',#1606,1.975);
#464=VECTOR('',#1613,1.45);
#465=VECTOR('',#1618,1.975);
#466=VECTOR('',#1623,1.45);
#467=VECTOR('',#1626,10.);
#468=VECTOR('',#1627,10.);
#469=VECTOR('',#1628,10.);
#470=VECTOR('',#1629,10.);
#471=VECTOR('',#1630,10.);
#472=VECTOR('',#1631,10.);
#473=VECTOR('',#1632,10.);
#474=VECTOR('',#1633,10.);
#475=VECTOR('',#1640,10.);
#476=VECTOR('',#1641,10.);
#477=VECTOR('',#1644,10.);
#478=VECTOR('',#1647,10.);
#479=VECTOR('',#1652,10.);
#480=VECTOR('',#1655,10.);
#481=VERTEX_POINT('',#1660);
#482=VERTEX_POINT('',#1661);
#483=VERTEX_POINT('',#1663);
#484=VERTEX_POINT('',#1665);
#485=VERTEX_POINT('',#1669);
#486=VERTEX_POINT('',#1671);
#487=VERTEX_POINT('',#1675);
#488=VERTEX_POINT('',#1677);
#489=VERTEX_POINT('',#1681);
#490=VERTEX_POINT('',#1682);
#491=VERTEX_POINT('',#1684);
#492=VERTEX_POINT('',#1686);
#493=VERTEX_POINT('',#1690);
#494=VERTEX_POINT('',#1692);
#495=VERTEX_POINT('',#1696);
#496=VERTEX_POINT('',#1698);
#497=VERTEX_POINT('',#1703);
#498=VERTEX_POINT('',#1707);
#499=VERTEX_POINT('',#1710);
#500=VERTEX_POINT('',#1712);
#501=VERTEX_POINT('',#1716);
#502=VERTEX_POINT('',#1718);
#503=VERTEX_POINT('',#1722);
#504=VERTEX_POINT('',#1724);
#505=VERTEX_POINT('',#1728);
#506=VERTEX_POINT('',#1730);
#507=VERTEX_POINT('',#1734);
#508=VERTEX_POINT('',#1736);
#509=VERTEX_POINT('',#1738);
#510=VERTEX_POINT('',#1740);
#511=VERTEX_POINT('',#1758);
#512=VERTEX_POINT('',#1760);
#513=VERTEX_POINT('',#1762);
#514=VERTEX_POINT('',#1764);
#515=VERTEX_POINT('',#1782);
#516=VERTEX_POINT('',#1784);
#517=VERTEX_POINT('',#1786);
#518=VERTEX_POINT('',#1788);
#519=VERTEX_POINT('',#1790);
#520=VERTEX_POINT('',#1794);
#521=VERTEX_POINT('',#1796);
#522=VERTEX_POINT('',#1798);
#523=VERTEX_POINT('',#1800);
#524=VERTEX_POINT('',#1802);
#525=VERTEX_POINT('',#1806);
#526=VERTEX_POINT('',#1807);
#527=VERTEX_POINT('',#1818);
#528=VERTEX_POINT('',#1820);
#529=VERTEX_POINT('',#1833);
#530=VERTEX_POINT('',#1835);
#531=VERTEX_POINT('',#1837);
#532=VERTEX_POINT('',#1839);
#533=VERTEX_POINT('',#1841);
#534=VERTEX_POINT('',#1843);
#535=VERTEX_POINT('',#1845);
#536=VERTEX_POINT('',#1849);
#537=VERTEX_POINT('',#1852);
#538=VERTEX_POINT('',#1854);
#539=VERTEX_POINT('',#1856);
#540=VERTEX_POINT('',#1858);
#541=VERTEX_POINT('',#1860);
#542=VERTEX_POINT('',#1862);
#543=VERTEX_POINT('',#1864);
#544=VERTEX_POINT('',#1867);
#545=VERTEX_POINT('',#1871);
#546=VERTEX_POINT('',#1873);
#547=VERTEX_POINT('',#1884);
#548=VERTEX_POINT('',#1886);
#549=VERTEX_POINT('',#1889);
#550=VERTEX_POINT('',#1891);
#551=VERTEX_POINT('',#1895);
#552=VERTEX_POINT('',#1904);
#553=VERTEX_POINT('',#1908);
#554=VERTEX_POINT('',#1910);
#555=VERTEX_POINT('',#1915);
#556=VERTEX_POINT('',#1926);
#557=VERTEX_POINT('',#1940);
#558=VERTEX_POINT('',#1949);
#559=VERTEX_POINT('',#1953);
#560=VERTEX_POINT('',#1955);
#561=VERTEX_POINT('',#1960);
#562=VERTEX_POINT('',#1962);
#563=VERTEX_POINT('',#1978);
#564=VERTEX_POINT('',#1982);
#565=VERTEX_POINT('',#1988);
#566=VERTEX_POINT('',#1990);
#567=VERTEX_POINT('',#1994);
#568=VERTEX_POINT('',#2000);
#569=VERTEX_POINT('',#2004);
#570=VERTEX_POINT('',#2010);
#571=VERTEX_POINT('',#2014);
#572=VERTEX_POINT('',#2018);
#573=VERTEX_POINT('',#2022);
#574=VERTEX_POINT('',#2024);
#575=VERTEX_POINT('',#2028);
#576=VERTEX_POINT('',#2030);
#577=VERTEX_POINT('',#2032);
#578=VERTEX_POINT('',#2034);
#579=VERTEX_POINT('',#2038);
#580=VERTEX_POINT('',#2042);
#581=VERTEX_POINT('',#2046);
#582=VERTEX_POINT('',#2048);
#583=VERTEX_POINT('',#2055);
#584=VERTEX_POINT('',#2056);
#585=VERTEX_POINT('',#2060);
#586=VERTEX_POINT('',#2065);
#587=VERTEX_POINT('',#2071);
#588=VERTEX_POINT('',#2074);
#589=VERTEX_POINT('',#2077);
#590=VERTEX_POINT('',#2078);
#591=VERTEX_POINT('',#2080);
#592=VERTEX_POINT('',#2082);
#593=EDGE_CURVE('',#481,#482,#261,.T.);
#594=EDGE_CURVE('',#483,#481,#262,.T.);
#595=EDGE_CURVE('',#484,#483,#263,.T.);
#596=EDGE_CURVE('',#484,#482,#264,.T.);
#597=EDGE_CURVE('',#482,#485,#49,.T.);
#598=EDGE_CURVE('',#486,#484,#50,.T.);
#599=EDGE_CURVE('',#486,#485,#265,.T.);
#600=EDGE_CURVE('',#485,#487,#266,.T.);
#601=EDGE_CURVE('',#488,#486,#267,.T.);
#602=EDGE_CURVE('',#488,#487,#268,.T.);
#603=EDGE_CURVE('',#489,#490,#51,.T.);
#604=EDGE_CURVE('',#491,#489,#269,.T.);
#605=EDGE_CURVE('',#492,#491,#52,.T.);
#606=EDGE_CURVE('',#492,#490,#270,.T.);
#607=EDGE_CURVE('',#493,#489,#271,.T.);
#608=EDGE_CURVE('',#494,#493,#272,.T.);
#609=EDGE_CURVE('',#491,#494,#273,.T.);
#610=EDGE_CURVE('',#490,#495,#274,.T.);
#611=EDGE_CURVE('',#496,#492,#275,.T.);
#612=EDGE_CURVE('',#496,#495,#276,.T.);
#613=EDGE_CURVE('',#488,#483,#277,.T.);
#614=EDGE_CURVE('',#497,#497,#53,.T.);
#615=EDGE_CURVE('',#496,#494,#278,.T.);
#616=EDGE_CURVE('',#498,#498,#54,.T.);
#617=EDGE_CURVE('',#499,#499,#55,.T.);
#618=EDGE_CURVE('',#499,#500,#279,.T.);
#619=EDGE_CURVE('',#500,#500,#56,.T.);
#620=EDGE_CURVE('',#501,#501,#57,.T.);
#621=EDGE_CURVE('',#501,#502,#280,.T.);
#622=EDGE_CURVE('',#502,#502,#58,.T.);
#623=EDGE_CURVE('',#503,#503,#59,.T.);
#624=EDGE_CURVE('',#503,#504,#281,.T.);
#625=EDGE_CURVE('',#504,#504,#60,.T.);
#626=EDGE_CURVE('',#505,#505,#61,.T.);
#627=EDGE_CURVE('',#505,#506,#282,.T.);
#628=EDGE_CURVE('',#506,#506,#62,.T.);
#629=EDGE_CURVE('',#507,#507,#63,.T.);
#630=EDGE_CURVE('',#507,#508,#283,.T.);
#631=EDGE_CURVE('',#509,#508,#64,.T.);
#632=EDGE_CURVE('',#510,#509,#20,.T.);
#633=EDGE_CURVE('',#508,#510,#65,.T.);
#634=EDGE_CURVE('',#511,#511,#66,.T.);
#635=EDGE_CURVE('',#511,#512,#284,.T.);
#636=EDGE_CURVE('',#513,#512,#67,.T.);
#637=EDGE_CURVE('',#514,#513,#21,.T.);
#638=EDGE_CURVE('',#512,#514,#68,.T.);
#639=EDGE_CURVE('',#515,#510,#285,.T.);
#640=EDGE_CURVE('',#515,#516,#286,.T.);
#641=EDGE_CURVE('',#516,#517,#69,.T.);
#642=EDGE_CURVE('',#517,#518,#287,.T.);
#643=EDGE_CURVE('',#518,#519,#288,.T.);
#644=EDGE_CURVE('',#509,#519,#289,.T.);
#645=EDGE_CURVE('',#520,#514,#290,.T.);
#646=EDGE_CURVE('',#520,#521,#291,.T.);
#647=EDGE_CURVE('',#521,#522,#70,.T.);
#648=EDGE_CURVE('',#522,#523,#292,.T.);
#649=EDGE_CURVE('',#523,#524,#293,.T.);
#650=EDGE_CURVE('',#513,#524,#294,.T.);
#651=EDGE_CURVE('',#525,#526,#22,.T.);
#652=EDGE_CURVE('',#526,#527,#295,.T.);
#653=EDGE_CURVE('',#528,#527,#23,.F.);
#654=EDGE_CURVE('',#525,#528,#296,.T.);
#655=EDGE_CURVE('',#529,#528,#297,.T.);
#656=EDGE_CURVE('',#529,#530,#298,.T.);
#657=EDGE_CURVE('',#530,#531,#299,.T.);
#658=EDGE_CURVE('',#531,#532,#300,.T.);
#659=EDGE_CURVE('',#533,#532,#301,.T.);
#660=EDGE_CURVE('',#534,#533,#302,.T.);
#661=EDGE_CURVE('',#534,#535,#303,.T.);
#662=EDGE_CURVE('',#528,#535,#304,.T.);
#663=EDGE_CURVE('',#481,#487,#305,.T.);
#664=EDGE_CURVE('',#536,#536,#71,.T.);
#665=EDGE_CURVE('',#525,#537,#306,.T.);
#666=EDGE_CURVE('',#538,#525,#307,.T.);
#667=EDGE_CURVE('',#538,#539,#308,.T.);
#668=EDGE_CURVE('',#540,#539,#309,.T.);
#669=EDGE_CURVE('',#541,#540,#310,.T.);
#670=EDGE_CURVE('',#541,#542,#311,.T.);
#671=EDGE_CURVE('',#542,#543,#312,.T.);
#672=EDGE_CURVE('',#543,#537,#313,.T.);
#673=EDGE_CURVE('',#544,#544,#72,.T.);
#674=EDGE_CURVE('',#493,#495,#314,.T.);
#675=EDGE_CURVE('',#545,#537,#73,.F.);
#676=EDGE_CURVE('',#545,#546,#315,.T.);
#677=EDGE_CURVE('',#526,#546,#24,.F.);
#678=EDGE_CURVE('',#545,#547,#316,.T.);
#679=EDGE_CURVE('',#547,#548,#317,.T.);
#680=EDGE_CURVE('',#548,#516,#318,.T.);
#681=EDGE_CURVE('',#549,#515,#74,.T.);
#682=EDGE_CURVE('',#550,#549,#319,.T.);
#683=EDGE_CURVE('',#546,#550,#75,.T.);
#684=EDGE_CURVE('',#527,#551,#25,.T.);
#685=EDGE_CURVE('',#551,#552,#320,.T.);
#686=EDGE_CURVE('',#552,#529,#76,.T.);
#687=EDGE_CURVE('',#553,#551,#77,.T.);
#688=EDGE_CURVE('',#554,#553,#321,.T.);
#689=EDGE_CURVE('',#519,#554,#78,.T.);
#690=EDGE_CURVE('',#552,#518,#322,.T.);
#691=EDGE_CURVE('',#533,#555,#26,.T.);
#692=EDGE_CURVE('',#555,#556,#323,.T.);
#693=EDGE_CURVE('',#540,#556,#27,.F.);
#694=EDGE_CURVE('',#533,#540,#324,.T.);
#695=EDGE_CURVE('',#556,#557,#28,.T.);
#696=EDGE_CURVE('',#557,#558,#325,.T.);
#697=EDGE_CURVE('',#558,#541,#79,.T.);
#698=EDGE_CURVE('',#559,#557,#80,.T.);
#699=EDGE_CURVE('',#560,#559,#326,.T.);
#700=EDGE_CURVE('',#524,#560,#81,.T.);
#701=EDGE_CURVE('',#558,#523,#327,.T.);
#702=EDGE_CURVE('',#561,#532,#82,.F.);
#703=EDGE_CURVE('',#561,#562,#328,.T.);
#704=EDGE_CURVE('',#555,#562,#29,.F.);
#705=EDGE_CURVE('',#554,#549,#329,.T.);
#706=EDGE_CURVE('',#550,#553,#330,.T.);
#707=EDGE_CURVE('',#560,#563,#331,.T.);
#708=EDGE_CURVE('',#563,#520,#83,.T.);
#709=EDGE_CURVE('',#564,#559,#332,.T.);
#710=EDGE_CURVE('',#564,#563,#333,.T.);
#711=EDGE_CURVE('',#562,#564,#84,.T.);
#712=EDGE_CURVE('',#561,#565,#334,.T.);
#713=EDGE_CURVE('',#565,#566,#335,.T.);
#714=EDGE_CURVE('',#566,#521,#336,.T.);
#715=EDGE_CURVE('',#567,#530,#337,.T.);
#716=EDGE_CURVE('',#567,#517,#338,.T.);
#717=EDGE_CURVE('',#548,#567,#85,.T.);
#718=EDGE_CURVE('',#568,#530,#339,.T.);
#719=EDGE_CURVE('',#547,#568,#340,.T.);
#720=EDGE_CURVE('',#569,#542,#341,.T.);
#721=EDGE_CURVE('',#569,#522,#342,.T.);
#722=EDGE_CURVE('',#566,#569,#86,.T.);
#723=EDGE_CURVE('',#570,#542,#343,.T.);
#724=EDGE_CURVE('',#565,#570,#344,.T.);
#725=EDGE_CURVE('',#571,#571,#87,.T.);
#726=EDGE_CURVE('',#571,#498,#345,.T.);
#727=EDGE_CURVE('',#572,#572,#88,.T.);
#728=EDGE_CURVE('',#572,#497,#346,.T.);
#729=EDGE_CURVE('',#573,#538,#89,.T.);
#730=EDGE_CURVE('',#535,#574,#90,.T.);
#731=EDGE_CURVE('',#574,#573,#347,.T.);
#732=EDGE_CURVE('',#575,#534,#91,.T.);
#733=EDGE_CURVE('',#576,#575,#348,.T.);
#734=EDGE_CURVE('',#577,#576,#349,.T.);
#735=EDGE_CURVE('',#577,#578,#17,.T.);
#736=EDGE_CURVE('',#579,#578,#350,.T.);
#737=EDGE_CURVE('',#579,#574,#351,.T.);
#738=EDGE_CURVE('',#539,#580,#92,.T.);
#739=EDGE_CURVE('',#580,#575,#352,.T.);
#740=EDGE_CURVE('',#581,#577,#93,.T.);
#741=EDGE_CURVE('',#581,#582,#353,.T.);
#742=EDGE_CURVE('',#582,#582,#94,.T.);
#743=EDGE_CURVE('',#578,#581,#95,.T.);
#744=EDGE_CURVE('',#582,#536,#354,.T.);
#745=EDGE_CURVE('',#583,#584,#18,.T.);
#746=EDGE_CURVE('',#585,#583,#96,.T.);
#747=EDGE_CURVE('',#584,#585,#19,.T.);
#748=EDGE_CURVE('',#584,#586,#355,.T.);
#749=EDGE_CURVE('',#586,#586,#97,.T.);
#750=EDGE_CURVE('',#586,#544,#356,.T.);
#751=EDGE_CURVE('',#576,#587,#357,.T.);
#752=EDGE_CURVE('',#587,#585,#358,.T.);
#753=EDGE_CURVE('',#583,#588,#359,.T.);
#754=EDGE_CURVE('',#588,#579,#360,.T.);
#755=EDGE_CURVE('',#589,#590,#361,.T.);
#756=EDGE_CURVE('',#590,#591,#362,.T.);
#757=EDGE_CURVE('',#591,#592,#363,.T.);
#758=EDGE_CURVE('',#592,#589,#364,.T.);
#759=EDGE_CURVE('',#590,#568,#365,.T.);
#760=EDGE_CURVE('',#591,#543,#366,.T.);
#761=EDGE_CURVE('',#592,#570,#367,.T.);
#762=EDGE_CURVE('',#589,#531,#368,.T.);
#763=EDGE_CURVE('',#588,#573,#369,.T.);
#764=EDGE_CURVE('',#587,#580,#370,.T.);
#765=ORIENTED_EDGE('',*,*,#593,.F.);
#766=ORIENTED_EDGE('',*,*,#594,.F.);
#767=ORIENTED_EDGE('',*,*,#595,.F.);
#768=ORIENTED_EDGE('',*,*,#596,.T.);
#769=ORIENTED_EDGE('',*,*,#597,.F.);
#770=ORIENTED_EDGE('',*,*,#596,.F.);
#771=ORIENTED_EDGE('',*,*,#598,.F.);
#772=ORIENTED_EDGE('',*,*,#599,.T.);
#773=ORIENTED_EDGE('',*,*,#600,.F.);
#774=ORIENTED_EDGE('',*,*,#599,.F.);
#775=ORIENTED_EDGE('',*,*,#601,.F.);
#776=ORIENTED_EDGE('',*,*,#602,.T.);
#777=ORIENTED_EDGE('',*,*,#603,.F.);
#778=ORIENTED_EDGE('',*,*,#604,.F.);
#779=ORIENTED_EDGE('',*,*,#605,.F.);
#780=ORIENTED_EDGE('',*,*,#606,.T.);
#781=ORIENTED_EDGE('',*,*,#607,.F.);
#782=ORIENTED_EDGE('',*,*,#608,.F.);
#783=ORIENTED_EDGE('',*,*,#609,.F.);
#784=ORIENTED_EDGE('',*,*,#604,.T.);
#785=ORIENTED_EDGE('',*,*,#610,.F.);
#786=ORIENTED_EDGE('',*,*,#606,.F.);
#787=ORIENTED_EDGE('',*,*,#611,.F.);
#788=ORIENTED_EDGE('',*,*,#612,.T.);
#789=ORIENTED_EDGE('',*,*,#601,.T.);
#790=ORIENTED_EDGE('',*,*,#598,.T.);
#791=ORIENTED_EDGE('',*,*,#595,.T.);
#792=ORIENTED_EDGE('',*,*,#613,.F.);
#793=ORIENTED_EDGE('',*,*,#614,.T.);
#794=ORIENTED_EDGE('',*,*,#611,.T.);
#795=ORIENTED_EDGE('',*,*,#605,.T.);
#796=ORIENTED_EDGE('',*,*,#609,.T.);
#797=ORIENTED_EDGE('',*,*,#615,.F.);
#798=ORIENTED_EDGE('',*,*,#616,.T.);
#799=ORIENTED_EDGE('',*,*,#617,.F.);
#800=ORIENTED_EDGE('',*,*,#618,.T.);
#801=ORIENTED_EDGE('',*,*,#619,.F.);
#802=ORIENTED_EDGE('',*,*,#618,.F.);
#803=ORIENTED_EDGE('',*,*,#620,.F.);
#804=ORIENTED_EDGE('',*,*,#621,.T.);
#805=ORIENTED_EDGE('',*,*,#622,.F.);
#806=ORIENTED_EDGE('',*,*,#621,.F.);
#807=ORIENTED_EDGE('',*,*,#623,.F.);
#808=ORIENTED_EDGE('',*,*,#624,.T.);
#809=ORIENTED_EDGE('',*,*,#625,.F.);
#810=ORIENTED_EDGE('',*,*,#624,.F.);
#811=ORIENTED_EDGE('',*,*,#626,.F.);
#812=ORIENTED_EDGE('',*,*,#627,.T.);
#813=ORIENTED_EDGE('',*,*,#628,.F.);
#814=ORIENTED_EDGE('',*,*,#627,.F.);
#815=ORIENTED_EDGE('',*,*,#629,.F.);
#816=ORIENTED_EDGE('',*,*,#630,.T.);
#817=ORIENTED_EDGE('',*,*,#631,.F.);
#818=ORIENTED_EDGE('',*,*,#632,.F.);
#819=ORIENTED_EDGE('',*,*,#633,.F.);
#820=ORIENTED_EDGE('',*,*,#630,.F.);
#821=ORIENTED_EDGE('',*,*,#634,.F.);
#822=ORIENTED_EDGE('',*,*,#635,.T.);
#823=ORIENTED_EDGE('',*,*,#636,.F.);
#824=ORIENTED_EDGE('',*,*,#637,.F.);
#825=ORIENTED_EDGE('',*,*,#638,.F.);
#826=ORIENTED_EDGE('',*,*,#635,.F.);
#827=ORIENTED_EDGE('',*,*,#631,.T.);
#828=ORIENTED_EDGE('',*,*,#633,.T.);
#829=ORIENTED_EDGE('',*,*,#639,.F.);
#830=ORIENTED_EDGE('',*,*,#640,.T.);
#831=ORIENTED_EDGE('',*,*,#641,.T.);
#832=ORIENTED_EDGE('',*,*,#642,.T.);
#833=ORIENTED_EDGE('',*,*,#643,.T.);
#834=ORIENTED_EDGE('',*,*,#644,.F.);
#835=ORIENTED_EDGE('',*,*,#636,.T.);
#836=ORIENTED_EDGE('',*,*,#638,.T.);
#837=ORIENTED_EDGE('',*,*,#645,.F.);
#838=ORIENTED_EDGE('',*,*,#646,.T.);
#839=ORIENTED_EDGE('',*,*,#647,.T.);
#840=ORIENTED_EDGE('',*,*,#648,.T.);
#841=ORIENTED_EDGE('',*,*,#649,.T.);
#842=ORIENTED_EDGE('',*,*,#650,.F.);
#843=ORIENTED_EDGE('',*,*,#651,.T.);
#844=ORIENTED_EDGE('',*,*,#652,.T.);
#845=ORIENTED_EDGE('',*,*,#653,.F.);
#846=ORIENTED_EDGE('',*,*,#654,.F.);
#847=ORIENTED_EDGE('',*,*,#655,.F.);
#848=ORIENTED_EDGE('',*,*,#656,.T.);
#849=ORIENTED_EDGE('',*,*,#657,.T.);
#850=ORIENTED_EDGE('',*,*,#658,.T.);
#851=ORIENTED_EDGE('',*,*,#659,.F.);
#852=ORIENTED_EDGE('',*,*,#660,.F.);
#853=ORIENTED_EDGE('',*,*,#661,.T.);
#854=ORIENTED_EDGE('',*,*,#662,.F.);
#855=ORIENTED_EDGE('',*,*,#663,.T.);
#856=ORIENTED_EDGE('',*,*,#602,.F.);
#857=ORIENTED_EDGE('',*,*,#613,.T.);
#858=ORIENTED_EDGE('',*,*,#594,.T.);
#859=ORIENTED_EDGE('',*,*,#664,.T.);
#860=ORIENTED_EDGE('',*,*,#665,.F.);
#861=ORIENTED_EDGE('',*,*,#666,.F.);
#862=ORIENTED_EDGE('',*,*,#667,.T.);
#863=ORIENTED_EDGE('',*,*,#668,.F.);
#864=ORIENTED_EDGE('',*,*,#669,.F.);
#865=ORIENTED_EDGE('',*,*,#670,.T.);
#866=ORIENTED_EDGE('',*,*,#671,.T.);
#867=ORIENTED_EDGE('',*,*,#672,.T.);
#868=ORIENTED_EDGE('',*,*,#673,.T.);
#869=ORIENTED_EDGE('',*,*,#615,.T.);
#870=ORIENTED_EDGE('',*,*,#608,.T.);
#871=ORIENTED_EDGE('',*,*,#674,.T.);
#872=ORIENTED_EDGE('',*,*,#612,.F.);
#873=ORIENTED_EDGE('',*,*,#675,.F.);
#874=ORIENTED_EDGE('',*,*,#676,.T.);
#875=ORIENTED_EDGE('',*,*,#677,.F.);
#876=ORIENTED_EDGE('',*,*,#651,.F.);
#877=ORIENTED_EDGE('',*,*,#665,.T.);
#878=ORIENTED_EDGE('',*,*,#676,.F.);
#879=ORIENTED_EDGE('',*,*,#678,.T.);
#880=ORIENTED_EDGE('',*,*,#679,.T.);
#881=ORIENTED_EDGE('',*,*,#680,.T.);
#882=ORIENTED_EDGE('',*,*,#640,.F.);
#883=ORIENTED_EDGE('',*,*,#681,.F.);
#884=ORIENTED_EDGE('',*,*,#682,.F.);
#885=ORIENTED_EDGE('',*,*,#683,.F.);
#886=ORIENTED_EDGE('',*,*,#684,.T.);
#887=ORIENTED_EDGE('',*,*,#685,.T.);
#888=ORIENTED_EDGE('',*,*,#686,.T.);
#889=ORIENTED_EDGE('',*,*,#655,.T.);
#890=ORIENTED_EDGE('',*,*,#653,.T.);
#891=ORIENTED_EDGE('',*,*,#685,.F.);
#892=ORIENTED_EDGE('',*,*,#687,.F.);
#893=ORIENTED_EDGE('',*,*,#688,.F.);
#894=ORIENTED_EDGE('',*,*,#689,.F.);
#895=ORIENTED_EDGE('',*,*,#643,.F.);
#896=ORIENTED_EDGE('',*,*,#690,.F.);
#897=ORIENTED_EDGE('',*,*,#691,.T.);
#898=ORIENTED_EDGE('',*,*,#692,.T.);
#899=ORIENTED_EDGE('',*,*,#693,.F.);
#900=ORIENTED_EDGE('',*,*,#694,.F.);
#901=ORIENTED_EDGE('',*,*,#695,.T.);
#902=ORIENTED_EDGE('',*,*,#696,.T.);
#903=ORIENTED_EDGE('',*,*,#697,.T.);
#904=ORIENTED_EDGE('',*,*,#669,.T.);
#905=ORIENTED_EDGE('',*,*,#693,.T.);
#906=ORIENTED_EDGE('',*,*,#696,.F.);
#907=ORIENTED_EDGE('',*,*,#698,.F.);
#908=ORIENTED_EDGE('',*,*,#699,.F.);
#909=ORIENTED_EDGE('',*,*,#700,.F.);
#910=ORIENTED_EDGE('',*,*,#649,.F.);
#911=ORIENTED_EDGE('',*,*,#701,.F.);
#912=ORIENTED_EDGE('',*,*,#702,.F.);
#913=ORIENTED_EDGE('',*,*,#703,.T.);
#914=ORIENTED_EDGE('',*,*,#704,.F.);
#915=ORIENTED_EDGE('',*,*,#691,.F.);
#916=ORIENTED_EDGE('',*,*,#659,.T.);
#917=ORIENTED_EDGE('',*,*,#632,.T.);
#918=ORIENTED_EDGE('',*,*,#644,.T.);
#919=ORIENTED_EDGE('',*,*,#689,.T.);
#920=ORIENTED_EDGE('',*,*,#705,.T.);
#921=ORIENTED_EDGE('',*,*,#681,.T.);
#922=ORIENTED_EDGE('',*,*,#639,.T.);
#923=ORIENTED_EDGE('',*,*,#705,.F.);
#924=ORIENTED_EDGE('',*,*,#688,.T.);
#925=ORIENTED_EDGE('',*,*,#706,.F.);
#926=ORIENTED_EDGE('',*,*,#682,.T.);
#927=ORIENTED_EDGE('',*,*,#652,.F.);
#928=ORIENTED_EDGE('',*,*,#677,.T.);
#929=ORIENTED_EDGE('',*,*,#683,.T.);
#930=ORIENTED_EDGE('',*,*,#706,.T.);
#931=ORIENTED_EDGE('',*,*,#687,.T.);
#932=ORIENTED_EDGE('',*,*,#684,.F.);
#933=ORIENTED_EDGE('',*,*,#637,.T.);
#934=ORIENTED_EDGE('',*,*,#650,.T.);
#935=ORIENTED_EDGE('',*,*,#700,.T.);
#936=ORIENTED_EDGE('',*,*,#707,.T.);
#937=ORIENTED_EDGE('',*,*,#708,.T.);
#938=ORIENTED_EDGE('',*,*,#645,.T.);
#939=ORIENTED_EDGE('',*,*,#707,.F.);
#940=ORIENTED_EDGE('',*,*,#699,.T.);
#941=ORIENTED_EDGE('',*,*,#709,.F.);
#942=ORIENTED_EDGE('',*,*,#710,.T.);
#943=ORIENTED_EDGE('',*,*,#692,.F.);
#944=ORIENTED_EDGE('',*,*,#704,.T.);
#945=ORIENTED_EDGE('',*,*,#711,.T.);
#946=ORIENTED_EDGE('',*,*,#709,.T.);
#947=ORIENTED_EDGE('',*,*,#698,.T.);
#948=ORIENTED_EDGE('',*,*,#695,.F.);
#949=ORIENTED_EDGE('',*,*,#712,.T.);
#950=ORIENTED_EDGE('',*,*,#713,.T.);
#951=ORIENTED_EDGE('',*,*,#714,.T.);
#952=ORIENTED_EDGE('',*,*,#646,.F.);
#953=ORIENTED_EDGE('',*,*,#708,.F.);
#954=ORIENTED_EDGE('',*,*,#710,.F.);
#955=ORIENTED_EDGE('',*,*,#711,.F.);
#956=ORIENTED_EDGE('',*,*,#703,.F.);
#957=ORIENTED_EDGE('',*,*,#715,.T.);
#958=ORIENTED_EDGE('',*,*,#656,.F.);
#959=ORIENTED_EDGE('',*,*,#686,.F.);
#960=ORIENTED_EDGE('',*,*,#690,.T.);
#961=ORIENTED_EDGE('',*,*,#642,.F.);
#962=ORIENTED_EDGE('',*,*,#716,.F.);
#963=ORIENTED_EDGE('',*,*,#717,.T.);
#964=ORIENTED_EDGE('',*,*,#716,.T.);
#965=ORIENTED_EDGE('',*,*,#641,.F.);
#966=ORIENTED_EDGE('',*,*,#680,.F.);
#967=ORIENTED_EDGE('',*,*,#718,.T.);
#968=ORIENTED_EDGE('',*,*,#715,.F.);
#969=ORIENTED_EDGE('',*,*,#717,.F.);
#970=ORIENTED_EDGE('',*,*,#679,.F.);
#971=ORIENTED_EDGE('',*,*,#719,.T.);
#972=ORIENTED_EDGE('',*,*,#629,.T.);
#973=ORIENTED_EDGE('',*,*,#720,.T.);
#974=ORIENTED_EDGE('',*,*,#670,.F.);
#975=ORIENTED_EDGE('',*,*,#697,.F.);
#976=ORIENTED_EDGE('',*,*,#701,.T.);
#977=ORIENTED_EDGE('',*,*,#648,.F.);
#978=ORIENTED_EDGE('',*,*,#721,.F.);
#979=ORIENTED_EDGE('',*,*,#722,.T.);
#980=ORIENTED_EDGE('',*,*,#721,.T.);
#981=ORIENTED_EDGE('',*,*,#647,.F.);
#982=ORIENTED_EDGE('',*,*,#714,.F.);
#983=ORIENTED_EDGE('',*,*,#723,.T.);
#984=ORIENTED_EDGE('',*,*,#720,.F.);
#985=ORIENTED_EDGE('',*,*,#722,.F.);
#986=ORIENTED_EDGE('',*,*,#713,.F.);
#987=ORIENTED_EDGE('',*,*,#724,.T.);
#988=ORIENTED_EDGE('',*,*,#634,.T.);
#989=ORIENTED_EDGE('',*,*,#725,.F.);
#990=ORIENTED_EDGE('',*,*,#726,.T.);
#991=ORIENTED_EDGE('',*,*,#616,.F.);
#992=ORIENTED_EDGE('',*,*,#726,.F.);
#993=ORIENTED_EDGE('',*,*,#727,.F.);
#994=ORIENTED_EDGE('',*,*,#728,.T.);
#995=ORIENTED_EDGE('',*,*,#614,.F.);
#996=ORIENTED_EDGE('',*,*,#728,.F.);
#997=ORIENTED_EDGE('',*,*,#729,.T.);
#998=ORIENTED_EDGE('',*,*,#666,.T.);
#999=ORIENTED_EDGE('',*,*,#654,.T.);
#1000=ORIENTED_EDGE('',*,*,#662,.T.);
#1001=ORIENTED_EDGE('',*,*,#730,.T.);
#1002=ORIENTED_EDGE('',*,*,#731,.T.);
#1003=ORIENTED_EDGE('',*,*,#730,.F.);
#1004=ORIENTED_EDGE('',*,*,#661,.F.);
#1005=ORIENTED_EDGE('',*,*,#732,.F.);
#1006=ORIENTED_EDGE('',*,*,#733,.F.);
#1007=ORIENTED_EDGE('',*,*,#734,.F.);
#1008=ORIENTED_EDGE('',*,*,#735,.T.);
#1009=ORIENTED_EDGE('',*,*,#736,.F.);
#1010=ORIENTED_EDGE('',*,*,#737,.T.);
#1011=ORIENTED_EDGE('',*,*,#623,.T.);
#1012=ORIENTED_EDGE('',*,*,#626,.T.);
#1013=ORIENTED_EDGE('',*,*,#732,.T.);
#1014=ORIENTED_EDGE('',*,*,#660,.T.);
#1015=ORIENTED_EDGE('',*,*,#694,.T.);
#1016=ORIENTED_EDGE('',*,*,#668,.T.);
#1017=ORIENTED_EDGE('',*,*,#738,.T.);
#1018=ORIENTED_EDGE('',*,*,#739,.T.);
#1019=ORIENTED_EDGE('',*,*,#735,.F.);
#1020=ORIENTED_EDGE('',*,*,#740,.F.);
#1021=ORIENTED_EDGE('',*,*,#741,.T.);
#1022=ORIENTED_EDGE('',*,*,#742,.F.);
#1023=ORIENTED_EDGE('',*,*,#741,.F.);
#1024=ORIENTED_EDGE('',*,*,#743,.F.);
#1025=ORIENTED_EDGE('',*,*,#742,.T.);
#1026=ORIENTED_EDGE('',*,*,#744,.T.);
#1027=ORIENTED_EDGE('',*,*,#664,.F.);
#1028=ORIENTED_EDGE('',*,*,#744,.F.);
#1029=ORIENTED_EDGE('',*,*,#745,.F.);
#1030=ORIENTED_EDGE('',*,*,#746,.F.);
#1031=ORIENTED_EDGE('',*,*,#747,.F.);
#1032=ORIENTED_EDGE('',*,*,#748,.T.);
#1033=ORIENTED_EDGE('',*,*,#749,.F.);
#1034=ORIENTED_EDGE('',*,*,#748,.F.);
#1035=ORIENTED_EDGE('',*,*,#749,.T.);
#1036=ORIENTED_EDGE('',*,*,#750,.T.);
#1037=ORIENTED_EDGE('',*,*,#673,.F.);
#1038=ORIENTED_EDGE('',*,*,#750,.F.);
#1039=ORIENTED_EDGE('',*,*,#743,.T.);
#1040=ORIENTED_EDGE('',*,*,#740,.T.);
#1041=ORIENTED_EDGE('',*,*,#734,.T.);
#1042=ORIENTED_EDGE('',*,*,#751,.T.);
#1043=ORIENTED_EDGE('',*,*,#752,.T.);
#1044=ORIENTED_EDGE('',*,*,#746,.T.);
#1045=ORIENTED_EDGE('',*,*,#753,.T.);
#1046=ORIENTED_EDGE('',*,*,#754,.T.);
#1047=ORIENTED_EDGE('',*,*,#736,.T.);
#1048=ORIENTED_EDGE('',*,*,#755,.T.);
#1049=ORIENTED_EDGE('',*,*,#756,.T.);
#1050=ORIENTED_EDGE('',*,*,#757,.T.);
#1051=ORIENTED_EDGE('',*,*,#758,.T.);
#1052=ORIENTED_EDGE('',*,*,#600,.T.);
#1053=ORIENTED_EDGE('',*,*,#663,.F.);
#1054=ORIENTED_EDGE('',*,*,#593,.T.);
#1055=ORIENTED_EDGE('',*,*,#597,.T.);
#1056=ORIENTED_EDGE('',*,*,#727,.T.);
#1057=ORIENTED_EDGE('',*,*,#610,.T.);
#1058=ORIENTED_EDGE('',*,*,#674,.F.);
#1059=ORIENTED_EDGE('',*,*,#607,.T.);
#1060=ORIENTED_EDGE('',*,*,#603,.T.);
#1061=ORIENTED_EDGE('',*,*,#725,.T.);
#1062=ORIENTED_EDGE('',*,*,#756,.F.);
#1063=ORIENTED_EDGE('',*,*,#759,.T.);
#1064=ORIENTED_EDGE('',*,*,#719,.F.);
#1065=ORIENTED_EDGE('',*,*,#678,.F.);
#1066=ORIENTED_EDGE('',*,*,#675,.T.);
#1067=ORIENTED_EDGE('',*,*,#672,.F.);
#1068=ORIENTED_EDGE('',*,*,#760,.F.);
#1069=ORIENTED_EDGE('',*,*,#757,.F.);
#1070=ORIENTED_EDGE('',*,*,#760,.T.);
#1071=ORIENTED_EDGE('',*,*,#671,.F.);
#1072=ORIENTED_EDGE('',*,*,#723,.F.);
#1073=ORIENTED_EDGE('',*,*,#761,.F.);
#1074=ORIENTED_EDGE('',*,*,#619,.T.);
#1075=ORIENTED_EDGE('',*,*,#622,.T.);
#1076=ORIENTED_EDGE('',*,*,#758,.F.);
#1077=ORIENTED_EDGE('',*,*,#761,.T.);
#1078=ORIENTED_EDGE('',*,*,#724,.F.);
#1079=ORIENTED_EDGE('',*,*,#712,.F.);
#1080=ORIENTED_EDGE('',*,*,#702,.T.);
#1081=ORIENTED_EDGE('',*,*,#658,.F.);
#1082=ORIENTED_EDGE('',*,*,#762,.F.);
#1083=ORIENTED_EDGE('',*,*,#755,.F.);
#1084=ORIENTED_EDGE('',*,*,#762,.T.);
#1085=ORIENTED_EDGE('',*,*,#657,.F.);
#1086=ORIENTED_EDGE('',*,*,#718,.F.);
#1087=ORIENTED_EDGE('',*,*,#759,.F.);
#1088=ORIENTED_EDGE('',*,*,#625,.T.);
#1089=ORIENTED_EDGE('',*,*,#628,.T.);
#1090=ORIENTED_EDGE('',*,*,#731,.F.);
#1091=ORIENTED_EDGE('',*,*,#737,.F.);
#1092=ORIENTED_EDGE('',*,*,#754,.F.);
#1093=ORIENTED_EDGE('',*,*,#763,.T.);
#1094=ORIENTED_EDGE('',*,*,#739,.F.);
#1095=ORIENTED_EDGE('',*,*,#764,.F.);
#1096=ORIENTED_EDGE('',*,*,#751,.F.);
#1097=ORIENTED_EDGE('',*,*,#733,.T.);
#1098=ORIENTED_EDGE('',*,*,#729,.F.);
#1099=ORIENTED_EDGE('',*,*,#763,.F.);
#1100=ORIENTED_EDGE('',*,*,#753,.F.);
#1101=ORIENTED_EDGE('',*,*,#745,.T.);
#1102=ORIENTED_EDGE('',*,*,#747,.T.);
#1103=ORIENTED_EDGE('',*,*,#752,.F.);
#1104=ORIENTED_EDGE('',*,*,#764,.T.);
#1105=ORIENTED_EDGE('',*,*,#738,.F.);
#1106=ORIENTED_EDGE('',*,*,#667,.F.);
#1107=ORIENTED_EDGE('',*,*,#617,.T.);
#1108=ORIENTED_EDGE('',*,*,#620,.T.);
#1109=PLANE('',#1222);
#1110=PLANE('',#1226);
#1111=PLANE('',#1230);
#1112=PLANE('',#1231);
#1113=PLANE('',#1232);
#1114=PLANE('',#1234);
#1115=PLANE('',#1256);
#1116=PLANE('',#1258);
#1117=PLANE('',#1261);
#1118=PLANE('',#1263);
#1119=PLANE('',#1267);
#1120=PLANE('',#1272);
#1121=PLANE('',#1278);
#1122=PLANE('',#1284);
#1123=PLANE('',#1288);
#1124=PLANE('',#1291);
#1125=PLANE('',#1292);
#1126=PLANE('',#1295);
#1127=PLANE('',#1296);
#1128=PLANE('',#1299);
#1129=PLANE('',#1307);
#1130=PLANE('',#1320);
#1131=PLANE('',#1321);
#1132=PLANE('',#1322);
#1133=PLANE('',#1323);
#1134=PLANE('',#1324);
#1135=PLANE('',#1325);
#1136=PLANE('',#1326);
#1137=PLANE('',#1327);
#1138=PLANE('',#1328);
#1139=PLANE('',#1329);
#1140=ADVANCED_FACE('',(#124),#1109,.F.);
#1141=ADVANCED_FACE('',(#125),#98,.T.);
#1142=ADVANCED_FACE('',(#126),#1110,.F.);
#1143=ADVANCED_FACE('',(#127),#99,.T.);
#1144=ADVANCED_FACE('',(#128),#1111,.F.);
#1145=ADVANCED_FACE('',(#129),#1112,.F.);
#1146=ADVANCED_FACE('',(#130,#30),#1113,.T.);
#1147=ADVANCED_FACE('',(#131,#31),#1114,.T.);
#1148=ADVANCED_FACE('',(#132),#100,.F.);
#1149=ADVANCED_FACE('',(#133),#101,.F.);
#1150=ADVANCED_FACE('',(#134),#102,.F.);
#1151=ADVANCED_FACE('',(#135),#103,.F.);
#1152=ADVANCED_FACE('',(#136),#104,.F.);
#1153=ADVANCED_FACE('',(#137),#105,.F.);
#1154=ADVANCED_FACE('',(#138),#1115,.T.);
#1155=ADVANCED_FACE('',(#139),#1116,.T.);
#1156=ADVANCED_FACE('',(#140),#106,.F.);
#1157=ADVANCED_FACE('',(#141,#32,#33),#1117,.T.);
#1158=ADVANCED_FACE('',(#142,#34,#35),#1118,.T.);
#1159=ADVANCED_FACE('',(#143),#107,.F.);
#1160=ADVANCED_FACE('',(#144),#1119,.T.);
#1161=ADVANCED_FACE('',(#145),#108,.F.);
#1162=ADVANCED_FACE('',(#146),#1120,.T.);
#1163=ADVANCED_FACE('',(#147),#109,.F.);
#1164=ADVANCED_FACE('',(#148),#110,.F.);
#1165=ADVANCED_FACE('',(#149),#1121,.T.);
#1166=ADVANCED_FACE('',(#150),#111,.F.);
#1167=ADVANCED_FACE('',(#151),#112,.T.);
#1168=ADVANCED_FACE('',(#152),#1122,.T.);
#1169=ADVANCED_FACE('',(#153),#113,.T.);
#1170=ADVANCED_FACE('',(#154),#114,.T.);
#1171=ADVANCED_FACE('',(#155),#1123,.T.);
#1172=ADVANCED_FACE('',(#156),#115,.T.);
#1173=ADVANCED_FACE('',(#157),#1124,.T.);
#1174=ADVANCED_FACE('',(#158),#1125,.T.);
#1175=ADVANCED_FACE('',(#159),#116,.T.);
#1176=ADVANCED_FACE('',(#160,#36),#1126,.F.);
#1177=ADVANCED_FACE('',(#161),#1127,.T.);
#1178=ADVANCED_FACE('',(#162),#117,.T.);
#1179=ADVANCED_FACE('',(#163,#37),#1128,.F.);
#1180=ADVANCED_FACE('',(#164),#118,.F.);
#1181=ADVANCED_FACE('',(#165),#119,.F.);
#1182=ADVANCED_FACE('',(#166),#120,.T.);
#1183=ADVANCED_FACE('',(#167,#38,#39),#1129,.T.);
#1184=ADVANCED_FACE('',(#168),#121,.T.);
#1185=ADVANCED_FACE('',(#169),#15,.F.);
#1186=ADVANCED_FACE('',(#170),#122,.F.);
#1187=ADVANCED_FACE('',(#171),#16,.F.);
#1188=ADVANCED_FACE('',(#172),#123,.F.);
#1189=ADVANCED_FACE('',(#173,#40),#1130,.T.);
#1190=ADVANCED_FACE('',(#174,#41),#1131,.T.);
#1191=ADVANCED_FACE('',(#175,#42),#1132,.T.);
#1192=ADVANCED_FACE('',(#176),#1133,.T.);
#1193=ADVANCED_FACE('',(#177,#43,#44),#1134,.T.);
#1194=ADVANCED_FACE('',(#178),#1135,.T.);
#1195=ADVANCED_FACE('',(#179,#45,#46),#1136,.T.);
#1196=ADVANCED_FACE('',(#180),#1137,.T.);
#1197=ADVANCED_FACE('',(#181),#1138,.T.);
#1198=ADVANCED_FACE('',(#182,#47,#48),#1139,.T.);
#1199=CLOSED_SHELL('',(#1140,#1141,#1142,#1143,#1144,#1145,#1146,#1147,
#1148,#1149,#1150,#1151,#1152,#1153,#1154,#1155,#1156,#1157,#1158,#1159,
#1160,#1161,#1162,#1163,#1164,#1165,#1166,#1167,#1168,#1169,#1170,#1171,
#1172,#1173,#1174,#1175,#1176,#1177,#1178,#1179,#1180,#1181,#1182,#1183,
#1184,#1185,#1186,#1187,#1188,#1189,#1190,#1191,#1192,#1193,#1194,#1195,
#1196,#1197,#1198));
#1200=DERIVED_UNIT_ELEMENT(#1203,1.);
#1201=DERIVED_UNIT_ELEMENT(#2105,-3.);
#1202=DIMENSIONAL_EXPONENTS(0.,1.,0.,0.,0.,0.,0.);
#1203=(
CONVERSION_BASED_UNIT('gram',#1205)
MASS_UNIT()
NAMED_UNIT(#1202)
);
#1204=(
MASS_UNIT()
NAMED_UNIT(*)
SI_UNIT(.KILO.,.GRAM.)
);
#1205=MASS_MEASURE_WITH_UNIT(MASS_MEASURE(0.001),#1204);
#1206=DERIVED_UNIT((#1200,#1201));
#1207=MEASURE_REPRESENTATION_ITEM('density measure',
POSITIVE_RATIO_MEASURE(1.13),#1206);
#1208=PROPERTY_DEFINITION_REPRESENTATION(#1213,#1210);
#1209=PROPERTY_DEFINITION_REPRESENTATION(#1214,#1211);
#1210=REPRESENTATION('material name',(#1212),#2102);
#1211=REPRESENTATION('density',(#1207),#2102);
#1212=DESCRIPTIVE_REPRESENTATION_ITEM('Nylon 6/6','Nylon 6/6');
#1213=PROPERTY_DEFINITION('material property','material name',#2112);
#1214=PROPERTY_DEFINITION('material property','density of part',#2112);
#1215=DATE_TIME_ROLE('creation_date');
#1216=APPLIED_DATE_AND_TIME_ASSIGNMENT(#1217,#1215,(#2112));
#1217=DATE_AND_TIME(#1218,#1219);
#1218=CALENDAR_DATE(2026,14,4);
#1219=LOCAL_TIME(0,0,0.,#1220);
#1220=COORDINATED_UNIVERSAL_TIME_OFFSET(0,0,.BEHIND.);
#1221=AXIS2_PLACEMENT_3D('',#1658,#1330,#1331);
#1222=AXIS2_PLACEMENT_3D('',#1659,#1332,#1333);
#1223=AXIS2_PLACEMENT_3D('',#1668,#1338,#1339);
#1224=AXIS2_PLACEMENT_3D('',#1670,#1340,#1341);
#1225=AXIS2_PLACEMENT_3D('',#1672,#1342,#1343);
#1226=AXIS2_PLACEMENT_3D('',#1674,#1345,#1346);
#1227=AXIS2_PLACEMENT_3D('',#1680,#1350,#1351);
#1228=AXIS2_PLACEMENT_3D('',#1683,#1352,#1353);
#1229=AXIS2_PLACEMENT_3D('',#1687,#1355,#1356);
#1230=AXIS2_PLACEMENT_3D('',#1689,#1358,#1359);
#1231=AXIS2_PLACEMENT_3D('',#1695,#1363,#1364);
#1232=AXIS2_PLACEMENT_3D('',#1701,#1368,#1369);
#1233=AXIS2_PLACEMENT_3D('',#1704,#1371,#1372);
#1234=AXIS2_PLACEMENT_3D('',#1705,#1373,#1374);
#1235=AXIS2_PLACEMENT_3D('',#1708,#1376,#1377);
#1236=AXIS2_PLACEMENT_3D('',#1709,#1378,#1379);
#1237=AXIS2_PLACEMENT_3D('',#1711,#1380,#1381);
#1238=AXIS2_PLACEMENT_3D('',#1714,#1383,#1384);
#1239=AXIS2_PLACEMENT_3D('',#1715,#1385,#1386);
#1240=AXIS2_PLACEMENT_3D('',#1717,#1387,#1388);
#1241=AXIS2_PLACEMENT_3D('',#1720,#1390,#1391);
#1242=AXIS2_PLACEMENT_3D('',#1721,#1392,#1393);
#1243=AXIS2_PLACEMENT_3D('',#1723,#1394,#1395);
#1244=AXIS2_PLACEMENT_3D('',#1726,#1397,#1398);
#1245=AXIS2_PLACEMENT_3D('',#1727,#1399,#1400);
#1246=AXIS2_PLACEMENT_3D('',#1729,#1401,#1402);
#1247=AXIS2_PLACEMENT_3D('',#1732,#1404,#1405);
#1248=AXIS2_PLACEMENT_3D('',#1733,#1406,#1407);
#1249=AXIS2_PLACEMENT_3D('',#1735,#1408,#1409);
#1250=AXIS2_PLACEMENT_3D('',#1739,#1411,#1412);
#1251=AXIS2_PLACEMENT_3D('',#1756,#1413,#1414);
#1252=AXIS2_PLACEMENT_3D('',#1757,#1415,#1416);
#1253=AXIS2_PLACEMENT_3D('',#1759,#1417,#1418);
#1254=AXIS2_PLACEMENT_3D('',#1763,#1420,#1421);
#1255=AXIS2_PLACEMENT_3D('',#1780,#1422,#1423);
#1256=AXIS2_PLACEMENT_3D('',#1781,#1424,#1425);
#1257=AXIS2_PLACEMENT_3D('',#1787,#1428,#1429);
#1258=AXIS2_PLACEMENT_3D('',#1793,#1433,#1434);
#1259=AXIS2_PLACEMENT_3D('',#1799,#1437,#1438);
#1260=AXIS2_PLACEMENT_3D('',#1805,#1442,#1443);
#1261=AXIS2_PLACEMENT_3D('',#1832,#1446,#1447);
#1262=AXIS2_PLACEMENT_3D('',#1850,#1457,#1458);
#1263=AXIS2_PLACEMENT_3D('',#1851,#1459,#1460);
#1264=AXIS2_PLACEMENT_3D('',#1868,#1469,#1470);
#1265=AXIS2_PLACEMENT_3D('',#1870,#1472,#1473);
#1266=AXIS2_PLACEMENT_3D('',#1872,#1474,#1475);
#1267=AXIS2_PLACEMENT_3D('',#1883,#1477,#1478);
#1268=AXIS2_PLACEMENT_3D('',#1890,#1482,#1483);
#1269=AXIS2_PLACEMENT_3D('',#1893,#1485,#1486);
#1270=AXIS2_PLACEMENT_3D('',#1894,#1487,#1488);
#1271=AXIS2_PLACEMENT_3D('',#1906,#1490,#1491);
#1272=AXIS2_PLACEMENT_3D('',#1907,#1492,#1493);
#1273=AXIS2_PLACEMENT_3D('',#1909,#1494,#1495);
#1274=AXIS2_PLACEMENT_3D('',#1912,#1497,#1498);
#1275=AXIS2_PLACEMENT_3D('',#1914,#1500,#1501);
#1276=AXIS2_PLACEMENT_3D('',#1939,#1504,#1505);
#1277=AXIS2_PLACEMENT_3D('',#1951,#1507,#1508);
#1278=AXIS2_PLACEMENT_3D('',#1952,#1509,#1510);
#1279=AXIS2_PLACEMENT_3D('',#1954,#1511,#1512);
#1280=AXIS2_PLACEMENT_3D('',#1957,#1514,#1515);
#1281=AXIS2_PLACEMENT_3D('',#1959,#1517,#1518);
#1282=AXIS2_PLACEMENT_3D('',#1961,#1519,#1520);
#1283=AXIS2_PLACEMENT_3D('',#1972,#1522,#1523);
#1284=AXIS2_PLACEMENT_3D('',#1974,#1525,#1526);
#1285=AXIS2_PLACEMENT_3D('',#1976,#1528,#1529);
#1286=AXIS2_PLACEMENT_3D('',#1977,#1530,#1531);
#1287=AXIS2_PLACEMENT_3D('',#1980,#1533,#1534);
#1288=AXIS2_PLACEMENT_3D('',#1981,#1535,#1536);
#1289=AXIS2_PLACEMENT_3D('',#1985,#1539,#1540);
#1290=AXIS2_PLACEMENT_3D('',#1986,#1541,#1542);
#1291=AXIS2_PLACEMENT_3D('',#1987,#1543,#1544);
#1292=AXIS2_PLACEMENT_3D('',#1993,#1548,#1549);
#1293=AXIS2_PLACEMENT_3D('',#1997,#1552,#1553);
#1294=AXIS2_PLACEMENT_3D('',#1998,#1554,#1555);
#1295=AXIS2_PLACEMENT_3D('',#1999,#1556,#1557);
#1296=AXIS2_PLACEMENT_3D('',#2003,#1560,#1561);
#1297=AXIS2_PLACEMENT_3D('',#2007,#1564,#1565);
#1298=AXIS2_PLACEMENT_3D('',#2008,#1566,#1567);
#1299=AXIS2_PLACEMENT_3D('',#2009,#1568,#1569);
#1300=AXIS2_PLACEMENT_3D('',#2013,#1572,#1573);
#1301=AXIS2_PLACEMENT_3D('',#2015,#1574,#1575);
#1302=AXIS2_PLACEMENT_3D('',#2017,#1577,#1578);
#1303=AXIS2_PLACEMENT_3D('',#2019,#1579,#1580);
#1304=AXIS2_PLACEMENT_3D('',#2021,#1582,#1583);
#1305=AXIS2_PLACEMENT_3D('',#2023,#1584,#1585);
#1306=AXIS2_PLACEMENT_3D('',#2025,#1586,#1587);
#1307=AXIS2_PLACEMENT_3D('',#2027,#1589,#1590);
#1308=AXIS2_PLACEMENT_3D('',#2029,#1591,#1592);
#1309=AXIS2_PLACEMENT_3D('',#2041,#1597,#1598);
#1310=AXIS2_PLACEMENT_3D('',#2043,#1599,#1600);
#1311=AXIS2_PLACEMENT_3D('',#2045,#1602,#1603);
#1312=AXIS2_PLACEMENT_3D('',#2047,#1604,#1605);
#1313=AXIS2_PLACEMENT_3D('',#2050,#1607,#1608);
#1314=AXIS2_PLACEMENT_3D('',#2051,#1609,#1610);
#1315=AXIS2_PLACEMENT_3D('',#2052,#1611,#1612);
#1316=AXIS2_PLACEMENT_3D('',#2054,#1614,#1615);
#1317=AXIS2_PLACEMENT_3D('',#2061,#1616,#1617);
#1318=AXIS2_PLACEMENT_3D('',#2067,#1619,#1620);
#1319=AXIS2_PLACEMENT_3D('',#2068,#1621,#1622);
#1320=AXIS2_PLACEMENT_3D('',#2070,#1624,#1625);
#1321=AXIS2_PLACEMENT_3D('',#2085,#1634,#1635);
#1322=AXIS2_PLACEMENT_3D('',#2086,#1636,#1637);
#1323=AXIS2_PLACEMENT_3D('',#2087,#1638,#1639);
#1324=AXIS2_PLACEMENT_3D('',#2090,#1642,#1643);
#1325=AXIS2_PLACEMENT_3D('',#2092,#1645,#1646);
#1326=AXIS2_PLACEMENT_3D('',#2094,#1648,#1649);
#1327=AXIS2_PLACEMENT_3D('',#2095,#1650,#1651);
#1328=AXIS2_PLACEMENT_3D('',#2097,#1653,#1654);
#1329=AXIS2_PLACEMENT_3D('',#2099,#1656,#1657);
#1330=DIRECTION('axis',(0.,0.,1.));
#1331=DIRECTION('refdir',(1.,0.,0.));
#1332=DIRECTION('center_axis',(1.,0.,0.));
#1333=DIRECTION('ref_axis',(0.,0.,1.));
#1334=DIRECTION('',(0.,0.,-1.));
#1335=DIRECTION('',(0.,-1.,0.));
#1336=DIRECTION('',(0.,0.,1.));
#1337=DIRECTION('',(0.,-1.,0.));
#1338=DIRECTION('center_axis',(0.,-1.,0.));
#1339=DIRECTION('ref_axis',(-1.,0.,0.));
#1340=DIRECTION('center_axis',(0.,-1.,0.));
#1341=DIRECTION('ref_axis',(-1.,0.,0.));
#1342=DIRECTION('center_axis',(0.,1.,0.));
#1343=DIRECTION('ref_axis',(-1.,0.,0.));
#1344=DIRECTION('',(0.,-1.,0.));
#1345=DIRECTION('center_axis',(-1.,0.,0.));
#1346=DIRECTION('ref_axis',(0.,0.,-1.));
#1347=DIRECTION('',(0.,0.,1.));
#1348=DIRECTION('',(0.,0.,-1.));
#1349=DIRECTION('',(0.,-1.,0.));
#1350=DIRECTION('center_axis',(0.,-1.,0.));
#1351=DIRECTION('ref_axis',(-1.,0.,0.));
#1352=DIRECTION('center_axis',(0.,-1.,0.));
#1353=DIRECTION('ref_axis',(-1.,0.,0.));
#1354=DIRECTION('',(0.,-1.,0.));
#1355=DIRECTION('center_axis',(0.,1.,0.));
#1356=DIRECTION('ref_axis',(-1.,0.,0.));
#1357=DIRECTION('',(0.,-1.,0.));
#1358=DIRECTION('center_axis',(1.,0.,0.));
#1359=DIRECTION('ref_axis',(0.,0.,1.));
#1360=DIRECTION('',(0.,0.,-1.));
#1361=DIRECTION('',(0.,-1.,0.));
#1362=DIRECTION('',(0.,0.,1.));
#1363=DIRECTION('center_axis',(-1.,0.,0.));
#1364=DIRECTION('ref_axis',(0.,0.,-1.));
#1365=DIRECTION('',(0.,0.,1.));
#1366=DIRECTION('',(0.,0.,-1.));
#1367=DIRECTION('',(0.,-1.,0.));
#1368=DIRECTION('center_axis',(0.,1.,0.));
#1369=DIRECTION('ref_axis',(1.,0.,0.));
#1370=DIRECTION('',(-1.,0.,0.));
#1371=DIRECTION('center_axis',(0.,-1.,0.));
#1372=DIRECTION('ref_axis',(1.,0.,0.));
#1373=DIRECTION('center_axis',(0.,1.,0.));
#1374=DIRECTION('ref_axis',(1.,0.,0.));
#1375=DIRECTION('',(-1.,0.,0.));
#1376=DIRECTION('center_axis',(0.,-1.,0.));
#1377=DIRECTION('ref_axis',(1.,0.,0.));
#1378=DIRECTION('center_axis',(-1.,-1.83986362140073E-16,0.));
#1379=DIRECTION('ref_axis',(0.,0.,1.));
#1380=DIRECTION('center_axis',(1.,1.83986362140073E-16,0.));
#1381=DIRECTION('ref_axis',(0.,0.,1.));
#1382=DIRECTION('',(1.,1.83986362140073E-16,0.));
#1383=DIRECTION('center_axis',(-1.,-2.53765262771464E-16,0.));
#1384=DIRECTION('ref_axis',(0.,0.,1.));
#1385=DIRECTION('center_axis',(-1.,-1.83986362140073E-16,0.));
#1386=DIRECTION('ref_axis',(0.,0.,1.));
#1387=DIRECTION('center_axis',(1.,1.83986362140073E-16,0.));
#1388=DIRECTION('ref_axis',(0.,0.,1.));
#1389=DIRECTION('',(1.,1.83986362140073E-16,0.));
#1390=DIRECTION('center_axis',(-1.,-2.53765262771464E-16,0.));
#1391=DIRECTION('ref_axis',(0.,0.,1.));
#1392=DIRECTION('center_axis',(1.,3.67972724280143E-16,0.));
#1393=DIRECTION('ref_axis',(0.,0.,-1.));
#1394=DIRECTION('center_axis',(-1.,-3.67972724280143E-16,0.));
#1395=DIRECTION('ref_axis',(0.,0.,-1.));
#1396=DIRECTION('',(-1.,-3.67972724280143E-16,0.));
#1397=DIRECTION('center_axis',(1.,2.53765262771464E-16,0.));
#1398=DIRECTION('ref_axis',(0.,0.,-1.));
#1399=DIRECTION('center_axis',(1.,3.67972724280143E-16,0.));
#1400=DIRECTION('ref_axis',(0.,0.,-1.));
#1401=DIRECTION('center_axis',(-1.,-3.67972724280143E-16,0.));
#1402=DIRECTION('ref_axis',(0.,0.,-1.));
#1403=DIRECTION('',(-1.,-3.67972724280143E-16,0.));
#1404=DIRECTION('center_axis',(1.,2.53765262771464E-16,0.));
#1405=DIRECTION('ref_axis',(0.,0.,-1.));
#1406=DIRECTION('center_axis',(0.,0.,1.));
#1407=DIRECTION('ref_axis',(1.,0.,0.));
#1408=DIRECTION('center_axis',(0.,0.,-1.));
#1409=DIRECTION('ref_axis',(1.,0.,0.));
#1410=DIRECTION('',(0.,0.,-1.));
#1411=DIRECTION('center_axis',(0.,0.,1.));
#1412=DIRECTION('ref_axis',(1.,0.,0.));
#1413=DIRECTION('center_axis',(0.,0.,1.));
#1414=DIRECTION('ref_axis',(1.,0.,0.));
#1415=DIRECTION('center_axis',(0.,0.,1.));
#1416=DIRECTION('ref_axis',(1.,0.,0.));
#1417=DIRECTION('center_axis',(0.,0.,-1.));
#1418=DIRECTION('ref_axis',(1.,0.,0.));
#1419=DIRECTION('',(0.,0.,-1.));
#1420=DIRECTION('center_axis',(0.,0.,1.));
#1421=DIRECTION('ref_axis',(1.,0.,0.));
#1422=DIRECTION('center_axis',(0.,0.,1.));
#1423=DIRECTION('ref_axis',(1.,0.,0.));
#1424=DIRECTION('center_axis',(0.,0.,-1.));
#1425=DIRECTION('ref_axis',(-1.,0.,0.));
#1426=DIRECTION('',(1.,0.,0.));
#1427=DIRECTION('',(5.55111512312578E-16,1.,0.));
#1428=DIRECTION('center_axis',(0.,0.,-1.));
#1429=DIRECTION('ref_axis',(-1.,0.,0.));
#1430=DIRECTION('',(1.,1.26882631385732E-15,0.));
#1431=DIRECTION('',(0.,-1.,0.));
#1432=DIRECTION('',(1.,0.,0.));
#1433=DIRECTION('center_axis',(0.,0.,-1.));
#1434=DIRECTION('ref_axis',(-1.,0.,0.));
#1435=DIRECTION('',(-1.,0.,0.));
#1436=DIRECTION('',(0.,-1.,0.));
#1437=DIRECTION('center_axis',(0.,0.,-1.));
#1438=DIRECTION('ref_axis',(-1.,0.,0.));
#1439=DIRECTION('',(-1.,0.,0.));
#1440=DIRECTION('',(0.,1.,0.));
#1441=DIRECTION('',(-1.,0.,0.));
#1442=DIRECTION('center_axis',(-1.,0.,0.));
#1443=DIRECTION('ref_axis',(0.,0.966059788636925,0.258318572268391));
#1444=DIRECTION('',(1.,0.,0.));
#1445=DIRECTION('',(1.,1.56125112837913E-14,0.));
#1446=DIRECTION('center_axis',(0.,0.,-1.));
#1447=DIRECTION('ref_axis',(-1.,0.,0.));
#1448=DIRECTION('',(0.,-1.,0.));
#1449=DIRECTION('',(-1.,-1.26882631385732E-15,0.));
#1450=DIRECTION('',(-2.53765262771464E-16,1.,0.));
#1451=DIRECTION('',(-1.,0.,0.));
#1452=DIRECTION('',(0.,-1.,0.));
#1453=DIRECTION('',(-1.,-4.62592926927148E-16,0.));
#1454=DIRECTION('',(3.67972724280143E-16,-1.,0.));
#1455=DIRECTION('',(1.,1.56125112837913E-14,0.));
#1456=DIRECTION('',(1.,0.,0.));
#1457=DIRECTION('center_axis',(0.,0.,1.));
#1458=DIRECTION('ref_axis',(1.,0.,0.));
#1459=DIRECTION('center_axis',(0.,0.,-1.));
#1460=DIRECTION('ref_axis',(-1.,0.,0.));
#1461=DIRECTION('',(5.55111512312578E-16,1.,0.));
#1462=DIRECTION('',(1.,1.56125112837913E-14,0.));
#1463=DIRECTION('',(-1.83986362140073E-16,1.,0.));
#1464=DIRECTION('',(-1.,-4.62592926927148E-16,0.));
#1465=DIRECTION('',(0.,1.,0.));
#1466=DIRECTION('',(1.,0.,0.));
#1467=DIRECTION('',(2.53765262771464E-16,-1.,0.));
#1468=DIRECTION('',(1.,0.,0.));
#1469=DIRECTION('center_axis',(0.,0.,1.));
#1470=DIRECTION('ref_axis',(1.,0.,0.));
#1471=DIRECTION('',(1.,0.,0.));
#1472=DIRECTION('center_axis',(-5.55111512312578E-16,-1.,0.));
#1473=DIRECTION('ref_axis',(0.707106781186548,0.,0.707106781186547));
#1474=DIRECTION('center_axis',(0.,1.,0.));
#1475=DIRECTION('ref_axis',(0.707106781186548,0.,0.707106781186547));
#1476=DIRECTION('',(-5.55111512312578E-16,-1.,0.));
#1477=DIRECTION('center_axis',(-1.,5.55111512312578E-16,0.));
#1478=DIRECTION('ref_axis',(5.55111512312578E-16,1.,0.));
#1479=DIRECTION('',(0.,0.,1.));
#1480=DIRECTION('',(5.55111512312578E-16,1.,0.));
#1481=DIRECTION('',(0.,0.,-1.));
#1482=DIRECTION('center_axis',(1.,-5.55111512312578E-16,0.));
#1483=DIRECTION('ref_axis',(0.,-0.382683432365089,-0.923879532511287));
#1484=DIRECTION('',(3.92523114670943E-16,0.707106781186547,-0.707106781186548));
#1485=DIRECTION('center_axis',(1.,-5.55111512312578E-16,0.));
#1486=DIRECTION('ref_axis',(0.,-0.923879532511287,-0.38268343236509));
#1487=DIRECTION('center_axis',(0.,1.,0.));
#1488=DIRECTION('ref_axis',(-0.707106781186547,0.,0.707106781186548));
#1489=DIRECTION('',(0.,1.,0.));
#1490=DIRECTION('center_axis',(-1.26882631385732E-15,1.,0.));
#1491=DIRECTION('ref_axis',(-0.707106781186547,0.,0.707106781186548));
#1492=DIRECTION('center_axis',(1.,0.,0.));
#1493=DIRECTION('ref_axis',(0.,-1.,0.));
#1494=DIRECTION('center_axis',(-1.,0.,0.));
#1495=DIRECTION('ref_axis',(0.,-0.923879532511287,-0.38268343236509));
#1496=DIRECTION('',(0.,-0.707106781186547,0.707106781186548));
#1497=DIRECTION('center_axis',(-1.,0.,0.));
#1498=DIRECTION('ref_axis',(0.,-0.382683432365089,-0.923879532511287));
#1499=DIRECTION('',(0.,0.,-1.));
#1500=DIRECTION('center_axis',(1.,0.,0.));
#1501=DIRECTION('ref_axis',(0.,-0.9660597886369,0.258318572268483));
#1502=DIRECTION('',(-1.,0.,0.));
#1503=DIRECTION('',(-1.,-4.62592926927148E-16,0.));
#1504=DIRECTION('center_axis',(0.,-1.,0.));
#1505=DIRECTION('ref_axis',(0.707106781186547,0.,0.707106781186548));
#1506=DIRECTION('',(0.,-1.,0.));
#1507=DIRECTION('center_axis',(0.,-1.,0.));
#1508=DIRECTION('ref_axis',(0.707106781186547,0.,0.707106781186548));
#1509=DIRECTION('center_axis',(-1.,0.,0.));
#1510=DIRECTION('ref_axis',(0.,1.,0.));
#1511=DIRECTION('center_axis',(1.,0.,0.));
#1512=DIRECTION('ref_axis',(0.,0.923879532511287,-0.382683432365089));
#1513=DIRECTION('',(0.,0.707106781186548,0.707106781186547));
#1514=DIRECTION('center_axis',(1.,0.,0.));
#1515=DIRECTION('ref_axis',(0.,0.382683432365089,-0.923879532511287));
#1516=DIRECTION('',(0.,0.,-1.));
#1517=DIRECTION('center_axis',(0.,1.,0.));
#1518=DIRECTION('ref_axis',(-0.707106781186548,0.,0.707106781186548));
#1519=DIRECTION('center_axis',(0.,-1.,0.));
#1520=DIRECTION('ref_axis',(-0.707106781186548,0.,0.707106781186548));
#1521=DIRECTION('',(0.,1.,0.));
#1522=DIRECTION('center_axis',(1.,0.,0.));
#1523=DIRECTION('ref_axis',(0.,-0.382683432365089,-0.923879532511287));
#1524=DIRECTION('',(-1.,0.,0.));
#1525=DIRECTION('center_axis',(0.,-0.707106781186548,-0.707106781186547));
#1526=DIRECTION('ref_axis',(-1.,0.,0.));
#1527=DIRECTION('',(1.,0.,0.));
#1528=DIRECTION('center_axis',(-1.,0.,0.));
#1529=DIRECTION('ref_axis',(0.,-0.923879532511287,-0.38268343236509));
#1530=DIRECTION('center_axis',(-1.,0.,0.));
#1531=DIRECTION('ref_axis',(0.,0.382683432365089,-0.923879532511287));
#1532=DIRECTION('',(1.,0.,0.));
#1533=DIRECTION('center_axis',(-1.,0.,0.));
#1534=DIRECTION('ref_axis',(0.,0.382683432365089,-0.923879532511287));
#1535=DIRECTION('center_axis',(0.,0.707106781186547,-0.707106781186548));
#1536=DIRECTION('ref_axis',(-1.,0.,0.));
#1537=DIRECTION('',(-1.,0.,0.));
#1538=DIRECTION('',(0.,-0.707106781186548,-0.707106781186547));
#1539=DIRECTION('center_axis',(1.,0.,0.));
#1540=DIRECTION('ref_axis',(0.,0.923879532511287,-0.382683432365089));
#1541=DIRECTION('center_axis',(-1.,0.,0.));
#1542=DIRECTION('ref_axis',(0.,0.923879532511287,-0.382683432365089));
#1543=DIRECTION('center_axis',(1.,0.,0.));
#1544=DIRECTION('ref_axis',(0.,-1.,0.));
#1545=DIRECTION('',(0.,0.,1.));
#1546=DIRECTION('',(0.,-1.,0.));
#1547=DIRECTION('',(0.,0.,-1.));
#1548=DIRECTION('center_axis',(-1.26882631385732E-15,1.,0.));
#1549=DIRECTION('ref_axis',(1.,1.26882631385732E-15,0.));
#1550=DIRECTION('',(1.,1.26882631385732E-15,0.));
#1551=DIRECTION('',(0.,0.,-1.));
#1552=DIRECTION('center_axis',(0.,0.,-1.));
#1553=DIRECTION('ref_axis',(-1.,0.,0.));
#1554=DIRECTION('center_axis',(0.,0.,-1.));
#1555=DIRECTION('ref_axis',(-1.,0.,0.));
#1556=DIRECTION('center_axis',(0.,0.,-1.));
#1557=DIRECTION('ref_axis',(-1.,0.,0.));
#1558=DIRECTION('',(-2.53765262771464E-16,1.,0.));
#1559=DIRECTION('',(1.,0.,0.));
#1560=DIRECTION('center_axis',(0.,-1.,0.));
#1561=DIRECTION('ref_axis',(-1.,0.,0.));
#1562=DIRECTION('',(-1.,0.,0.));
#1563=DIRECTION('',(0.,0.,-1.));
#1564=DIRECTION('center_axis',(0.,0.,-1.));
#1565=DIRECTION('ref_axis',(-1.,0.,0.));
#1566=DIRECTION('center_axis',(0.,0.,-1.));
#1567=DIRECTION('ref_axis',(-1.,0.,0.));
#1568=DIRECTION('center_axis',(0.,0.,-1.));
#1569=DIRECTION('ref_axis',(-1.,0.,0.));
#1570=DIRECTION('',(2.53765262771464E-16,-1.,0.));
#1571=DIRECTION('',(-1.,0.,0.));
#1572=DIRECTION('center_axis',(0.,-1.,0.));
#1573=DIRECTION('ref_axis',(1.,0.,0.));
#1574=DIRECTION('center_axis',(0.,1.,0.));
#1575=DIRECTION('ref_axis',(1.,0.,0.));
#1576=DIRECTION('',(0.,1.,0.));
#1577=DIRECTION('center_axis',(0.,-1.,0.));
#1578=DIRECTION('ref_axis',(1.,0.,0.));
#1579=DIRECTION('center_axis',(0.,1.,0.));
#1580=DIRECTION('ref_axis',(1.,0.,0.));
#1581=DIRECTION('',(0.,1.,0.));
#1582=DIRECTION('center_axis',(-1.,-1.56125112837913E-14,0.));
#1583=DIRECTION('ref_axis',(1.1514011363681E-14,-0.707106781186548,-0.707106781186547));
#1584=DIRECTION('center_axis',(1.,1.83986362140073E-16,0.));
#1585=DIRECTION('ref_axis',(1.1514011363681E-14,-0.707106781186548,-0.707106781186547));
#1586=DIRECTION('center_axis',(-1.,-3.67972724280143E-16,0.));
#1587=DIRECTION('ref_axis',(1.1514011363681E-14,-0.707106781186548,-0.707106781186547));
#1588=DIRECTION('',(-1.,-1.56125112837913E-14,0.));
#1589=DIRECTION('center_axis',(1.,3.67972724280143E-16,0.));
#1590=DIRECTION('ref_axis',(3.67972724280143E-16,-1.,0.));
#1591=DIRECTION('center_axis',(-1.,-3.67972724280143E-16,0.));
#1592=DIRECTION('ref_axis',(-1.04672830578918E-15,0.707106781186548,-0.707106781186547));
#1593=DIRECTION('',(0.,0.,-1.));
#1594=DIRECTION('',(-3.67972724280143E-16,1.,0.));
#1595=DIRECTION('',(-3.67972724280143E-16,1.,0.));
#1596=DIRECTION('',(0.,0.,-1.));
#1597=DIRECTION('center_axis',(1.,4.62592926927148E-16,0.));
#1598=DIRECTION('ref_axis',(-1.04672830578918E-15,0.707106781186548,-0.707106781186547));
#1599=DIRECTION('center_axis',(1.,1.83986362140073E-16,0.));
#1600=DIRECTION('ref_axis',(-1.04672830578918E-15,0.707106781186548,-0.707106781186547));
#1601=DIRECTION('',(1.,4.62592926927148E-16,0.));
#1602=DIRECTION('center_axis',(0.,0.,1.));
#1603=DIRECTION('ref_axis',(1.,0.,0.));
#1604=DIRECTION('center_axis',(0.,0.,-1.));
#1605=DIRECTION('ref_axis',(1.,0.,0.));
#1606=DIRECTION('',(0.707106781186548,8.65956056235493E-17,-0.707106781186548));
#1607=DIRECTION('center_axis',(0.,0.,1.));
#1608=DIRECTION('ref_axis',(1.,0.,0.));
#1609=DIRECTION('center_axis',(0.,0.,-1.));
#1610=DIRECTION('ref_axis',(1.,0.,0.));
#1611=DIRECTION('center_axis',(0.,0.,1.));
#1612=DIRECTION('ref_axis',(1.,0.,0.));
#1613=DIRECTION('',(0.,0.,-1.));
#1614=DIRECTION('center_axis',(0.,0.,1.));
#1615=DIRECTION('ref_axis',(1.,0.,0.));
#1616=DIRECTION('center_axis',(0.,0.,-1.));
#1617=DIRECTION('ref_axis',(1.,0.,0.));
#1618=DIRECTION('',(0.707106781186548,8.65956056235493E-17,-0.707106781186548));
#1619=DIRECTION('center_axis',(0.,0.,1.));
#1620=DIRECTION('ref_axis',(1.,0.,0.));
#1621=DIRECTION('center_axis',(0.,0.,1.));
#1622=DIRECTION('ref_axis',(1.,0.,0.));
#1623=DIRECTION('',(0.,0.,-1.));
#1624=DIRECTION('center_axis',(0.,0.,1.));
#1625=DIRECTION('ref_axis',(1.,0.,0.));
#1626=DIRECTION('',(-1.,-4.62592926927148E-16,0.));
#1627=DIRECTION('',(1.83986362140073E-16,-1.,0.));
#1628=DIRECTION('',(1.83986362140073E-16,-1.,0.));
#1629=DIRECTION('',(1.,1.56125112837913E-14,0.));
#1630=DIRECTION('',(2.53765262771464E-16,-1.,0.));
#1631=DIRECTION('',(-1.,0.,0.));
#1632=DIRECTION('',(-2.53765262771464E-16,1.,0.));
#1633=DIRECTION('',(1.,0.,0.));
#1634=DIRECTION('center_axis',(0.,-1.,0.));
#1635=DIRECTION('ref_axis',(-1.,0.,0.));
#1636=DIRECTION('center_axis',(0.,-1.,0.));
#1637=DIRECTION('ref_axis',(-1.,0.,0.));
#1638=DIRECTION('center_axis',(0.,1.,0.));
#1639=DIRECTION('ref_axis',(1.,0.,0.));
#1640=DIRECTION('',(0.,0.,-1.));
#1641=DIRECTION('',(0.,0.,-1.));
#1642=DIRECTION('center_axis',(1.,2.53765262771464E-16,0.));
#1643=DIRECTION('ref_axis',(2.53765262771464E-16,-1.,0.));
#1644=DIRECTION('',(0.,0.,-1.));
#1645=DIRECTION('center_axis',(0.,-1.,0.));
#1646=DIRECTION('ref_axis',(-1.,0.,0.));
#1647=DIRECTION('',(0.,0.,-1.));
#1648=DIRECTION('center_axis',(-1.,-2.53765262771464E-16,0.));
#1649=DIRECTION('ref_axis',(-2.53765262771464E-16,1.,0.));
#1650=DIRECTION('center_axis',(1.56125112837913E-14,-1.,0.));
#1651=DIRECTION('ref_axis',(-1.,-1.56125112837913E-14,0.));
#1652=DIRECTION('',(0.,0.,-1.));
#1653=DIRECTION('center_axis',(-4.62592926927148E-16,1.,0.));
#1654=DIRECTION('ref_axis',(1.,4.62592926927148E-16,0.));
#1655=DIRECTION('',(0.,0.,-1.));
#1656=DIRECTION('center_axis',(-1.,-1.83986362140073E-16,0.));
#1657=DIRECTION('ref_axis',(-1.83986362140073E-16,1.,0.));
#1658=CARTESIAN_POINT('',(0.,0.,0.));
#1659=CARTESIAN_POINT('Origin',(9.75000000000079,37.1685360774721,-5.75));
#1660=CARTESIAN_POINT('',(9.75000000000079,33.1685360774721,-3.));
#1661=CARTESIAN_POINT('',(9.75000000000079,33.1685360774721,-5.75));
#1662=CARTESIAN_POINT('',(9.75000000000079,33.1685360774721,-2.875));
#1663=CARTESIAN_POINT('',(9.75000000000079,37.1685360774721,-3.));
#1664=CARTESIAN_POINT('',(9.75000000000079,37.1685360774721,-3.));
#1665=CARTESIAN_POINT('',(9.75000000000079,37.1685360774721,-5.75));
#1666=CARTESIAN_POINT('',(9.75000000000079,37.1685360774721,-2.875));
#1667=CARTESIAN_POINT('',(9.75000000000079,37.1685360774721,-5.75));
#1668=CARTESIAN_POINT('Origin',(12.2500000000008,37.1685360774721,-5.75));
#1669=CARTESIAN_POINT('',(14.7500000000008,33.1685360774721,-5.75));
#1670=CARTESIAN_POINT('Origin',(12.2500000000008,33.1685360774721,-5.75));
#1671=CARTESIAN_POINT('',(14.7500000000008,37.1685360774721,-5.75));
#1672=CARTESIAN_POINT('Origin',(12.2500000000008,37.1685360774721,-5.75));
#1673=CARTESIAN_POINT('',(14.7500000000008,37.1685360774721,-5.75));
#1674=CARTESIAN_POINT('Origin',(14.7500000000008,37.1685360774721,-3.));
#1675=CARTESIAN_POINT('',(14.7500000000008,33.1685360774721,-3.));
#1676=CARTESIAN_POINT('',(14.7500000000008,33.1685360774721,-1.5));
#1677=CARTESIAN_POINT('',(14.7500000000008,37.1685360774721,-3.));
#1678=CARTESIAN_POINT('',(14.7500000000008,37.1685360774721,-1.5));
#1679=CARTESIAN_POINT('',(14.7500000000008,37.1685360774721,-3.));
#1680=CARTESIAN_POINT('Origin',(-12.2500000000008,37.1685360774721,-5.75));
#1681=CARTESIAN_POINT('',(-14.7500000000008,33.1685360774721,-5.75));
#1682=CARTESIAN_POINT('',(-9.75000000000084,33.1685360774721,-5.75));
#1683=CARTESIAN_POINT('Origin',(-12.2500000000008,33.1685360774721,-5.75));
#1684=CARTESIAN_POINT('',(-14.7500000000008,37.1685360774721,-5.75));
#1685=CARTESIAN_POINT('',(-14.7500000000008,37.1685360774721,-5.75));
#1686=CARTESIAN_POINT('',(-9.75000000000084,37.1685360774721,-5.75));
#1687=CARTESIAN_POINT('Origin',(-12.2500000000008,37.1685360774721,-5.75));
#1688=CARTESIAN_POINT('',(-9.75000000000084,37.1685360774721,-5.75));
#1689=CARTESIAN_POINT('Origin',(-14.7500000000008,37.1685360774721,-5.75));
#1690=CARTESIAN_POINT('',(-14.7500000000008,33.1685360774721,-3.));
#1691=CARTESIAN_POINT('',(-14.7500000000008,33.1685360774721,-2.875));
#1692=CARTESIAN_POINT('',(-14.7500000000008,37.1685360774721,-3.));
#1693=CARTESIAN_POINT('',(-14.7500000000008,37.1685360774721,-3.));
#1694=CARTESIAN_POINT('',(-14.7500000000008,37.1685360774721,-2.875));
#1695=CARTESIAN_POINT('Origin',(-9.75000000000084,37.1685360774721,-3.));
#1696=CARTESIAN_POINT('',(-9.75000000000084,33.1685360774721,-3.));
#1697=CARTESIAN_POINT('',(-9.75000000000084,33.1685360774721,-1.5));
#1698=CARTESIAN_POINT('',(-9.75000000000084,37.1685360774721,-3.));
#1699=CARTESIAN_POINT('',(-9.75000000000084,37.1685360774721,-1.5));
#1700=CARTESIAN_POINT('',(-9.75000000000084,37.1685360774721,-3.));
#1701=CARTESIAN_POINT('Origin',(9.50000000000079,37.1685360774721,0.));
#1702=CARTESIAN_POINT('',(4.75000000000038,37.1685360774721,-3.));
#1703=CARTESIAN_POINT('',(11.0000000000008,37.1685360774721,-5.75));
#1704=CARTESIAN_POINT('Origin',(12.2500000000008,37.1685360774721,-5.75));
#1705=CARTESIAN_POINT('Origin',(-15.0000000000009,37.1685360774721,0.));
#1706=CARTESIAN_POINT('',(-7.50000000000044,37.1685360774721,-3.));
#1707=CARTESIAN_POINT('',(-13.5000000000008,37.1685360774721,-5.75));
#1708=CARTESIAN_POINT('Origin',(-12.2500000000008,37.1685360774721,-5.75));
#1709=CARTESIAN_POINT('Origin',(-11.7,41.3314601153406,-1.50000000000001));
#1710=CARTESIAN_POINT('',(-19.2,41.3314601153406,-2.28350000000001));
#1711=CARTESIAN_POINT('Origin',(-19.2,41.3314601153406,-1.50000000000001));
#1712=CARTESIAN_POINT('',(-8.75000000000003,41.3314601153406,-2.28350000000001));
#1713=CARTESIAN_POINT('',(-11.7,41.3314601153406,-2.28350000000001));
#1714=CARTESIAN_POINT('Origin',(-8.75000000000003,41.3314601153406,-1.50000000000001));
#1715=CARTESIAN_POINT('Origin',(-11.7,30.0714415384762,-1.53556616520233));
#1716=CARTESIAN_POINT('',(-19.2,30.0714415384762,-2.31906616520233));
#1717=CARTESIAN_POINT('Origin',(-19.2,30.0714415384762,-1.53556616520233));
#1718=CARTESIAN_POINT('',(-8.75000000000003,30.0714415384762,-2.31906616520233));
#1719=CARTESIAN_POINT('',(-11.7,30.0714415384762,-2.31906616520233));
#1720=CARTESIAN_POINT('Origin',(-8.75000000000003,30.0714415384762,-1.53556616520233));
#1721=CARTESIAN_POINT('Origin',(11.7,28.9809849039374,-1.50000000000103));
#1722=CARTESIAN_POINT('',(19.2,28.9809849039374,-0.716500000001029));
#1723=CARTESIAN_POINT('Origin',(19.2,28.9809849039374,-1.50000000000103));
#1724=CARTESIAN_POINT('',(8.74999999999997,28.9809849039374,-0.716500000001029));
#1725=CARTESIAN_POINT('',(11.7,28.9809849039374,-0.716500000001029));
#1726=CARTESIAN_POINT('Origin',(8.74999999999997,28.9809849039374,-1.50000000000103));
#1727=CARTESIAN_POINT('Origin',(11.7,40.2761796340019,-1.44310699256283));
#1728=CARTESIAN_POINT('',(19.2,40.2761796340019,-0.659606992562834));
#1729=CARTESIAN_POINT('Origin',(19.2,40.2761796340019,-1.44310699256283));
#1730=CARTESIAN_POINT('',(8.74999999999996,40.2761796340019,-0.659606992562834));
#1731=CARTESIAN_POINT('',(11.7,40.2761796340019,-0.659606992562834));
#1732=CARTESIAN_POINT('Origin',(8.74999999999996,40.2761796340019,-1.44310699256283));
#1733=CARTESIAN_POINT('Origin',(6.74999999999998,28.418536077472,-6.8));
#1734=CARTESIAN_POINT('',(5.74349999999998,28.418536077472,-3.));
#1735=CARTESIAN_POINT('Origin',(6.74999999999998,28.418536077472,-3.));
#1736=CARTESIAN_POINT('',(5.74349999999998,28.418536077472,-6.));
#1737=CARTESIAN_POINT('',(5.74349999999998,28.418536077472,-6.8));
#1738=CARTESIAN_POINT('',(7.49968801726005,27.7469632022182,-6.));
#1739=CARTESIAN_POINT('Origin',(6.74999999999998,28.418536077472,-6.));
#1740=CARTESIAN_POINT('',(6.00031198273991,27.7469632022182,-6.));
#1741=CARTESIAN_POINT('Ctrl Pts',(6.00031198273991,27.7469632022182,-6.));
#1742=CARTESIAN_POINT('Ctrl Pts',(6.01142262997419,27.7345602011405,-6.));
#1743=CARTESIAN_POINT('Ctrl Pts',(6.02276649019915,27.7225168821947,-5.99988461198599));
#1744=CARTESIAN_POINT('Ctrl Pts',(6.12393460774371,27.6202025668493,-5.99803703018019));
#1745=CARTESIAN_POINT('Ctrl Pts',(6.2375232916642,27.5418082318762,-5.9901421082521));
#1746=CARTESIAN_POINT('Ctrl Pts',(6.48678722510259,27.4377185466095,-5.97664412556773));
#1747=CARTESIAN_POINT('Ctrl Pts',(6.6225060816823,27.412036077472,-5.9717565319048));
#1748=CARTESIAN_POINT('Ctrl Pts',(6.74999999999998,27.412036077472,-5.9717565319048));
#1749=CARTESIAN_POINT('Ctrl Pts',(6.87749391831766,27.412036077472,-5.9717565319048));
#1750=CARTESIAN_POINT('Ctrl Pts',(7.01321277489738,27.4377185466095,-5.97664412556772));
#1751=CARTESIAN_POINT('Ctrl Pts',(7.26247670833577,27.5418082318762,-5.9901421082521));
#1752=CARTESIAN_POINT('Ctrl Pts',(7.37606539225626,27.6202025668493,-5.99803703018019));
#1753=CARTESIAN_POINT('Ctrl Pts',(7.47723350975456,27.7225168821479,-5.99988461198514));
#1754=CARTESIAN_POINT('Ctrl Pts',(7.4885773699878,27.7345602010981,-6.));
#1755=CARTESIAN_POINT('Ctrl Pts',(7.49968801726005,27.7469632022182,-6.));
#1756=CARTESIAN_POINT('Origin',(6.74999999999998,28.418536077472,-6.));
#1757=CARTESIAN_POINT('Origin',(-6.75000000000002,41.918536077472,-6.8));
#1758=CARTESIAN_POINT('',(-7.75650000000002,41.918536077472,-3.));
#1759=CARTESIAN_POINT('Origin',(-6.75000000000002,41.918536077472,-3.));
#1760=CARTESIAN_POINT('',(-7.75650000000002,41.918536077472,-6.));
#1761=CARTESIAN_POINT('',(-7.75650000000002,41.918536077472,-6.8));
#1762=CARTESIAN_POINT('',(-7.49968801726008,42.5901089527258,-6.));
#1763=CARTESIAN_POINT('Origin',(-6.75000000000002,41.918536077472,-6.));
#1764=CARTESIAN_POINT('',(-6.00031198273995,42.5901089527258,-6.));
#1765=CARTESIAN_POINT('Ctrl Pts',(-6.00031198273995,42.5901089527258,-6.));
#1766=CARTESIAN_POINT('Ctrl Pts',(-6.01142262997423,42.6025119538036,-6.));
#1767=CARTESIAN_POINT('Ctrl Pts',(-6.02276649019919,42.6145552727494,-5.99988461198599));
#1768=CARTESIAN_POINT('Ctrl Pts',(-6.12393460774374,42.7168695880948,-5.99803703018019));
#1769=CARTESIAN_POINT('Ctrl Pts',(-6.23752329166423,42.7952639230678,-5.9901421082521));
#1770=CARTESIAN_POINT('Ctrl Pts',(-6.48678722510262,42.8993536083345,-5.97664412556773));
#1771=CARTESIAN_POINT('Ctrl Pts',(-6.62250608168234,42.925036077472,-5.9717565319048));
#1772=CARTESIAN_POINT('Ctrl Pts',(-6.75000000000002,42.925036077472,-5.9717565319048));
#1773=CARTESIAN_POINT('Ctrl Pts',(-6.87749391831769,42.925036077472,-5.9717565319048));
#1774=CARTESIAN_POINT('Ctrl Pts',(-7.01321277489741,42.8993536083345,-5.97664412556773));
#1775=CARTESIAN_POINT('Ctrl Pts',(-7.2624767083358,42.7952639230678,-5.9901421082521));
#1776=CARTESIAN_POINT('Ctrl Pts',(-7.37606539225629,42.7168695880948,-5.99803703018019));
#1777=CARTESIAN_POINT('Ctrl Pts',(-7.47723350975459,42.6145552727961,-5.99988461198514));
#1778=CARTESIAN_POINT('Ctrl Pts',(-7.48857736998783,42.6025119538459,-6.));
#1779=CARTESIAN_POINT('Ctrl Pts',(-7.49968801726008,42.5901089527258,-6.));
#1780=CARTESIAN_POINT('Origin',(-6.75000000000002,41.918536077472,-6.));
#1781=CARTESIAN_POINT('Origin',(7.49999999999998,27.918536077472,-6.));
#1782=CARTESIAN_POINT('',(4.74999999999998,27.7469632022182,-6.));
#1783=CARTESIAN_POINT('',(8.18749999999998,27.7469632022182,-6.));
#1784=CARTESIAN_POINT('',(4.74999999999998,28.418536077472,-6.));
#1785=CARTESIAN_POINT('',(4.74999999999998,25.418536077472,-6.));
#1786=CARTESIAN_POINT('',(6.74999999999998,30.418536077472,-6.));
#1787=CARTESIAN_POINT('Origin',(6.74999999999998,28.418536077472,-6.));
#1788=CARTESIAN_POINT('',(10.25,30.418536077472,-6.));
#1789=CARTESIAN_POINT('',(6.74999999999998,30.418536077472,-6.));
#1790=CARTESIAN_POINT('',(10.25,27.7469632022182,-6.));
#1791=CARTESIAN_POINT('',(10.25,30.418536077472,-6.));
#1792=CARTESIAN_POINT('',(8.18749999999998,27.7469632022182,-6.));
#1793=CARTESIAN_POINT('Origin',(-7.50000000000002,42.418536077472,-6.));
#1794=CARTESIAN_POINT('',(-4.75000000000002,42.5901089527258,-6.));
#1795=CARTESIAN_POINT('',(-8.18750000000002,42.5901089527258,-6.));
#1796=CARTESIAN_POINT('',(-4.75000000000002,41.918536077472,-6.));
#1797=CARTESIAN_POINT('',(-4.75000000000002,44.918536077472,-6.));
#1798=CARTESIAN_POINT('',(-6.75000000000002,39.918536077472,-6.));
#1799=CARTESIAN_POINT('Origin',(-6.75000000000002,41.918536077472,-6.));
#1800=CARTESIAN_POINT('',(-10.25,39.918536077472,-6.));
#1801=CARTESIAN_POINT('',(-6.75000000000002,39.918536077472,-6.));
#1802=CARTESIAN_POINT('',(-10.25,42.5901089527258,-6.));
#1803=CARTESIAN_POINT('',(-10.25,39.918536077472,-6.));
#1804=CARTESIAN_POINT('',(-8.18750000000002,42.5901089527258,-6.));
#1805=CARTESIAN_POINT('Origin',(9.60000000000006,23.5542969229243,-4.70484716432738));
#1806=CARTESIAN_POINT('',(2.74999999999998,24.6000000000003,-3.));
#1807=CARTESIAN_POINT('',(4.5778394427375,25.4864165002307,-4.18821001991236));
#1808=CARTESIAN_POINT('Ctrl Pts',(2.74999999999998,24.6000005837599,-3.));
#1809=CARTESIAN_POINT('Ctrl Pts',(2.97450985327355,24.6000005837599,-3.));
#1810=CARTESIAN_POINT('Ctrl Pts',(3.19718832379137,24.6666768678477,-3.03859993594195));
#1811=CARTESIAN_POINT('Ctrl Pts',(3.60736513406656,24.853893480837,-3.18011188731314));
#1812=CARTESIAN_POINT('Ctrl Pts',(3.7963039379034,24.9706041113225,-3.28388437930931));
#1813=CARTESIAN_POINT('Ctrl Pts',(4.15414964082866,25.2020315161888,-3.55419815537825));
#1814=CARTESIAN_POINT('Ctrl Pts',(4.35748808655437,25.3450368179608,-3.78051669447078));
#1815=CARTESIAN_POINT('Ctrl Pts',(4.52065480170469,25.4510744423473,-4.06788412568433));
#1816=CARTESIAN_POINT('Ctrl Pts',(4.55051424147127,25.4699648543455,-4.12668415511809));
#1817=CARTESIAN_POINT('Ctrl Pts',(4.57783944269179,25.4864165002358,-4.18821001993121));
#1818=CARTESIAN_POINT('',(10.4221605572625,25.4864165002307,-4.18821001991236));
#1819=CARTESIAN_POINT('',(9.60000000000006,25.4864165001982,-4.18821001979059));
#1820=CARTESIAN_POINT('',(12.25,24.6000000000005,-3.));
#1821=CARTESIAN_POINT('Ctrl Pts',(10.4221605573082,25.4864165002358,-4.18821001993121));
#1822=CARTESIAN_POINT('Ctrl Pts',(10.4494857585287,25.4699648543455,-4.12668415511809));
#1823=CARTESIAN_POINT('Ctrl Pts',(10.4793451982953,25.4510744423473,-4.06788412568433));
#1824=CARTESIAN_POINT('Ctrl Pts',(10.6425119134456,25.3450368179608,-3.78051669447078));
#1825=CARTESIAN_POINT('Ctrl Pts',(10.8458503591713,25.2020315161888,-3.55419815537825));
#1826=CARTESIAN_POINT('Ctrl Pts',(11.2036960620966,24.9706041113225,-3.28388437930931));
#1827=CARTESIAN_POINT('Ctrl Pts',(11.3926348659334,24.853893480837,-3.18011188731314));
#1828=CARTESIAN_POINT('Ctrl Pts',(11.8028116762086,24.6666768678477,-3.03859993594195));
#1829=CARTESIAN_POINT('Ctrl Pts',(12.0254901467264,24.6000005837599,-3.));
#1830=CARTESIAN_POINT('Ctrl Pts',(12.25,24.6000005837599,-3.));
#1831=CARTESIAN_POINT('',(9.60000000000004,24.6000000000004,-3.));
#1832=CARTESIAN_POINT('Origin',(-3.10862446895044E-14,35.1685360774721,
-3.));
#1833=CARTESIAN_POINT('',(12.25,30.418536077472,-3.));
#1834=CARTESIAN_POINT('',(12.25,32.7935360774721,-3.));
#1835=CARTESIAN_POINT('',(8.74999999999997,30.418536077472,-3.));
#1836=CARTESIAN_POINT('',(3.37499999999998,30.418536077472,-3.));
#1837=CARTESIAN_POINT('',(8.74999999999996,43.9185360774721,-3.));
#1838=CARTESIAN_POINT('',(8.74999999999997,43.9185360774721,-3.));
#1839=CARTESIAN_POINT('',(-2.75000000000002,43.9185360774721,-3.));
#1840=CARTESIAN_POINT('',(-8.75000000000003,43.9185360774721,-3.));
#1841=CARTESIAN_POINT('',(-2.75000000000002,45.7370721549442,-3.));
#1842=CARTESIAN_POINT('',(-2.75000000000002,40.0435360774721,-3.));
#1843=CARTESIAN_POINT('',(19.2,45.7370721549442,-3.));
#1844=CARTESIAN_POINT('',(-9.60000000000003,45.7370721549442,-3.));
#1845=CARTESIAN_POINT('',(19.2,24.6000000000006,-3.));
#1846=CARTESIAN_POINT('',(19.2,23.1000000000008,-3.));
#1847=CARTESIAN_POINT('',(9.60000000000004,24.6000000000004,-3.));
#1848=CARTESIAN_POINT('',(7.50000000000038,33.1685360774721,-3.));
#1849=CARTESIAN_POINT('',(15.7500000000004,35.1685360774721,-3.));
#1850=CARTESIAN_POINT('Origin',(17.2000000000004,35.1685360774721,-3.));
#1851=CARTESIAN_POINT('Origin',(-3.10862446895044E-14,35.1685360774721,
-3.));
#1852=CARTESIAN_POINT('',(2.74999999999998,26.4185360774721,-3.));
#1853=CARTESIAN_POINT('',(2.74999999999998,30.2935360774721,-3.));
#1854=CARTESIAN_POINT('',(-19.2,24.6,-3.));
#1855=CARTESIAN_POINT('',(9.60000000000004,24.6000000000004,-3.));
#1856=CARTESIAN_POINT('',(-19.2,45.7370721549442,-3.));
#1857=CARTESIAN_POINT('',(-19.2,47.2370721549441,-3.));
#1858=CARTESIAN_POINT('',(-12.25,45.7370721549442,-3.));
#1859=CARTESIAN_POINT('',(-9.60000000000003,45.7370721549442,-3.));
#1860=CARTESIAN_POINT('',(-12.25,39.918536077472,-3.));
#1861=CARTESIAN_POINT('',(-12.25,37.5435360774721,-3.));
#1862=CARTESIAN_POINT('',(-8.75000000000003,39.918536077472,-3.));
#1863=CARTESIAN_POINT('',(-3.37500000000003,39.918536077472,-3.));
#1864=CARTESIAN_POINT('',(-8.75000000000003,26.4185360774721,-3.));
#1865=CARTESIAN_POINT('',(-8.75000000000003,26.4185360774721,-3.));
#1866=CARTESIAN_POINT('',(8.74999999999997,26.4185360774721,-3.));
#1867=CARTESIAN_POINT('',(-18.6500000000004,35.1685360774721,-3.));
#1868=CARTESIAN_POINT('Origin',(-17.2000000000004,35.1685360774721,-3.));
#1869=CARTESIAN_POINT('',(-4.75000000000044,33.1685360774721,-3.));
#1870=CARTESIAN_POINT('Origin',(2.74999999999998,30.2935360774721,-5.));
#1871=CARTESIAN_POINT('',(4.74999999999998,26.4185360774721,-5.));
#1872=CARTESIAN_POINT('Origin',(2.74999999999998,26.4185360774721,-5.));
#1873=CARTESIAN_POINT('',(4.74999999999998,25.9234503360383,-5.));
#1874=CARTESIAN_POINT('',(4.74999999999998,30.2935360774721,-5.));
#1875=CARTESIAN_POINT('Ctrl Pts',(4.74999999999998,25.9234503360383,-5.));
#1876=CARTESIAN_POINT('Ctrl Pts',(4.74999999999998,25.8400969349644,-4.9061894483152));
#1877=CARTESIAN_POINT('Ctrl Pts',(4.74335519666011,25.76610536894,-4.80502611558381));
#1878=CARTESIAN_POINT('Ctrl Pts',(4.70720421234209,25.6238492474947,-4.56747379666958));
#1879=CARTESIAN_POINT('Ctrl Pts',(4.66989393494754,25.5562668550513,-4.41734967672245));
#1880=CARTESIAN_POINT('Ctrl Pts',(4.60095493137,25.5013529464819,-4.24184151049043));
#1881=CARTESIAN_POINT('Ctrl Pts',(4.58971085017379,25.4935639020298,-4.21493987293337));
#1882=CARTESIAN_POINT('Ctrl Pts',(4.57783944269183,25.4864165002358,-4.18821001993129));
#1883=CARTESIAN_POINT('Origin',(4.74999999999998,25.418536077472,-3.));
#1884=CARTESIAN_POINT('',(4.74999999999998,26.4185360774721,-3.));
#1885=CARTESIAN_POINT('',(4.74999999999998,26.4185360774721,-1.5));
#1886=CARTESIAN_POINT('',(4.74999999999998,28.418536077472,-3.));
#1887=CARTESIAN_POINT('',(4.74999999999998,25.418536077472,-3.));
#1888=CARTESIAN_POINT('',(4.74999999999998,28.418536077472,-3.));
#1889=CARTESIAN_POINT('',(4.74999999999998,26.3327496398451,-5.4142135623731));
#1890=CARTESIAN_POINT('Origin',(4.74999999999998,27.7469632022182,-4.));
#1891=CARTESIAN_POINT('',(4.74999999999998,26.0043225150989,-5.08578643762691));
#1892=CARTESIAN_POINT('',(4.74999999999998,25.418536077472,-4.5));
#1893=CARTESIAN_POINT('Origin',(4.74999999999998,27.418536077472,-3.67157287525381));
#1894=CARTESIAN_POINT('Origin',(12.25,32.7935360774721,-5.));
#1895=CARTESIAN_POINT('',(10.25,25.9234503360383,-5.));
#1896=CARTESIAN_POINT('Ctrl Pts',(10.4221605573081,25.4864165002358,-4.18821001993129));
#1897=CARTESIAN_POINT('Ctrl Pts',(10.4102891498262,25.4935639020298,-4.21493987293337));
#1898=CARTESIAN_POINT('Ctrl Pts',(10.39904506863,25.5013529464819,-4.24184151049043));
#1899=CARTESIAN_POINT('Ctrl Pts',(10.3301060650524,25.5562668550513,-4.41734967672245));
#1900=CARTESIAN_POINT('Ctrl Pts',(10.2927957876579,25.6238492474947,-4.56747379666958));
#1901=CARTESIAN_POINT('Ctrl Pts',(10.2566448033399,25.76610536894,-4.80502611558381));
#1902=CARTESIAN_POINT('Ctrl Pts',(10.25,25.8400969349644,-4.9061894483152));
#1903=CARTESIAN_POINT('Ctrl Pts',(10.25,25.9234503360383,-5.));
#1904=CARTESIAN_POINT('',(10.25,30.418536077472,-5.));
#1905=CARTESIAN_POINT('',(10.25,32.7935360774721,-5.));
#1906=CARTESIAN_POINT('Origin',(12.25,30.418536077472,-5.));
#1907=CARTESIAN_POINT('Origin',(10.25,30.418536077472,-3.));
#1908=CARTESIAN_POINT('',(10.25,26.0043225150989,-5.08578643762691));
#1909=CARTESIAN_POINT('Origin',(10.25,27.418536077472,-3.67157287525381));
#1910=CARTESIAN_POINT('',(10.25,26.3327496398451,-5.4142135623731));
#1911=CARTESIAN_POINT('',(10.25,26.668536077472,-5.75));
#1912=CARTESIAN_POINT('Origin',(10.25,27.7469632022182,-4.));
#1913=CARTESIAN_POINT('',(10.25,30.418536077472,-3.));
#1914=CARTESIAN_POINT('Origin',(-9.60000000000004,46.7827752320196,-4.70484716432775));
#1915=CARTESIAN_POINT('',(-4.57783944273762,44.8506556547133,-4.18821001991255));
#1916=CARTESIAN_POINT('Ctrl Pts',(-2.75000000000002,45.7370715711847,-3.));
#1917=CARTESIAN_POINT('Ctrl Pts',(-2.97450985327357,45.7370715711847,-3.));
#1918=CARTESIAN_POINT('Ctrl Pts',(-3.19718832379134,45.6703952870968,-3.03859993594193));
#1919=CARTESIAN_POINT('Ctrl Pts',(-3.60736513406646,45.4831786741075,-3.18011188731308));
#1920=CARTESIAN_POINT('Ctrl Pts',(-3.79630393790326,45.3664680436219,-3.28388437930921));
#1921=CARTESIAN_POINT('Ctrl Pts',(-4.15414964082854,45.1350406387555,-3.55419815537809));
#1922=CARTESIAN_POINT('Ctrl Pts',(-4.3574880865543,44.9920353369834,-3.78051669447062));
#1923=CARTESIAN_POINT('Ctrl Pts',(-4.52065480170471,44.8859977125968,-4.06788412568428));
#1924=CARTESIAN_POINT('Ctrl Pts',(-4.55051424147135,44.8671073005985,-4.12668415511816));
#1925=CARTESIAN_POINT('Ctrl Pts',(-4.57783944269192,44.8506556547082,-4.18821001993141));
#1926=CARTESIAN_POINT('',(-10.4221605572624,44.8506556547133,-4.18821001991255));
#1927=CARTESIAN_POINT('',(-9.60000000000004,44.8506556547458,-4.18821001979078));
#1928=CARTESIAN_POINT('Ctrl Pts',(-10.4221605573081,44.8506556547082,-4.18821001993141));
#1929=CARTESIAN_POINT('Ctrl Pts',(-10.4494857585287,44.8671073005985,-4.12668415511816));
#1930=CARTESIAN_POINT('Ctrl Pts',(-10.4793451982953,44.8859977125968,-4.06788412568428));
#1931=CARTESIAN_POINT('Ctrl Pts',(-10.6425119134457,44.9920353369834,-3.78051669447062));
#1932=CARTESIAN_POINT('Ctrl Pts',(-10.8458503591715,45.1350406387555,-3.55419815537809));
#1933=CARTESIAN_POINT('Ctrl Pts',(-11.2036960620968,45.3664680436219,-3.28388437930921));
#1934=CARTESIAN_POINT('Ctrl Pts',(-11.3926348659336,45.4831786741075,-3.18011188731308));
#1935=CARTESIAN_POINT('Ctrl Pts',(-11.8028116762087,45.6703952870968,-3.03859993594193));
#1936=CARTESIAN_POINT('Ctrl Pts',(-12.0254901467265,45.7370715711847,-3.));
#1937=CARTESIAN_POINT('Ctrl Pts',(-12.25,45.7370715711847,-3.));
#1938=CARTESIAN_POINT('',(-9.60000000000003,45.7370721549442,-3.));
#1939=CARTESIAN_POINT('Origin',(-12.25,37.5435360774721,-5.));
#1940=CARTESIAN_POINT('',(-10.25,44.4136218189058,-5.));
#1941=CARTESIAN_POINT('Ctrl Pts',(-10.4221605573081,44.8506556547082,-4.18821001993148));
#1942=CARTESIAN_POINT('Ctrl Pts',(-10.4102891498262,44.8435082529142,-4.2149398729335));
#1943=CARTESIAN_POINT('Ctrl Pts',(-10.39904506863,44.8357192084622,-4.24184151049049));
#1944=CARTESIAN_POINT('Ctrl Pts',(-10.3301060650525,44.7808052998928,-4.41734967672245));
#1945=CARTESIAN_POINT('Ctrl Pts',(-10.2927957876579,44.7132229074493,-4.56747379666958));
#1946=CARTESIAN_POINT('Ctrl Pts',(-10.2566448033399,44.570966786004,-4.80502611558381));
#1947=CARTESIAN_POINT('Ctrl Pts',(-10.25,44.4969752199796,-4.9061894483152));
#1948=CARTESIAN_POINT('Ctrl Pts',(-10.25,44.4136218189058,-5.));
#1949=CARTESIAN_POINT('',(-10.25,39.918536077472,-5.));
#1950=CARTESIAN_POINT('',(-10.25,37.5435360774721,-5.));
#1951=CARTESIAN_POINT('Origin',(-12.25,39.918536077472,-5.));
#1952=CARTESIAN_POINT('Origin',(-10.25,39.918536077472,-3.));
#1953=CARTESIAN_POINT('',(-10.25,44.3327496398451,-5.08578643762691));
#1954=CARTESIAN_POINT('Origin',(-10.25,42.918536077472,-3.67157287525382));
#1955=CARTESIAN_POINT('',(-10.25,44.0043225150989,-5.4142135623731));
#1956=CARTESIAN_POINT('',(-10.25,43.668536077472,-5.75));
#1957=CARTESIAN_POINT('Origin',(-10.25,42.5901089527258,-4.));
#1958=CARTESIAN_POINT('',(-10.25,39.918536077472,-3.));
#1959=CARTESIAN_POINT('Origin',(-2.75000000000002,40.0435360774721,-5.));
#1960=CARTESIAN_POINT('',(-4.75000000000002,43.9185360774721,-5.));
#1961=CARTESIAN_POINT('Origin',(-2.75000000000002,43.9185360774721,-5.));
#1962=CARTESIAN_POINT('',(-4.75000000000002,44.4136218189058,-5.));
#1963=CARTESIAN_POINT('',(-4.75000000000002,40.0435360774721,-5.));
#1964=CARTESIAN_POINT('Ctrl Pts',(-4.75000000000002,44.4136218189058,-5.));
#1965=CARTESIAN_POINT('Ctrl Pts',(-4.75000000000002,44.4969752199796,-4.90618944831521));
#1966=CARTESIAN_POINT('Ctrl Pts',(-4.74335519666015,44.570966786004,-4.80502611558381));
#1967=CARTESIAN_POINT('Ctrl Pts',(-4.70720421234214,44.7132229074493,-4.56747379666958));
#1968=CARTESIAN_POINT('Ctrl Pts',(-4.66989393494758,44.7808052998928,-4.41734967672245));
#1969=CARTESIAN_POINT('Ctrl Pts',(-4.60095493137007,44.8357192084622,-4.24184151049049));
#1970=CARTESIAN_POINT('Ctrl Pts',(-4.58971085017389,44.8435082529142,-4.2149398729335));
#1971=CARTESIAN_POINT('Ctrl Pts',(-4.57783944269195,44.8506556547082,-4.18821001993148));
#1972=CARTESIAN_POINT('Origin',(8.18749999999998,27.7469632022182,-4.));
#1973=CARTESIAN_POINT('',(8.18749999999998,26.3327496398451,-5.4142135623731));
#1974=CARTESIAN_POINT('Origin',(8.87499999999998,26.168536077472,-5.25));
#1975=CARTESIAN_POINT('',(9.56249999999999,26.0043225150989,-5.08578643762691));
#1976=CARTESIAN_POINT('Origin',(9.56249999999999,27.418536077472,-3.67157287525381));
#1977=CARTESIAN_POINT('Origin',(-8.18750000000002,42.5901089527258,-4.));
#1978=CARTESIAN_POINT('',(-4.75000000000002,44.0043225150989,-5.41421356237309));
#1979=CARTESIAN_POINT('',(-8.18750000000002,44.0043225150989,-5.41421356237309));
#1980=CARTESIAN_POINT('Origin',(-4.75000000000002,42.5901089527258,-4.));
#1981=CARTESIAN_POINT('Origin',(-8.87500000000002,44.168536077472,-5.25));
#1982=CARTESIAN_POINT('',(-4.75000000000002,44.3327496398451,-5.08578643762691));
#1983=CARTESIAN_POINT('',(-9.56250000000002,44.3327496398451,-5.08578643762691));
#1984=CARTESIAN_POINT('',(-4.75000000000002,44.918536077472,-4.5));
#1985=CARTESIAN_POINT('Origin',(-9.56250000000002,42.918536077472,-3.67157287525382));
#1986=CARTESIAN_POINT('Origin',(-4.75000000000002,42.918536077472,-3.67157287525382));
#1987=CARTESIAN_POINT('Origin',(-4.75000000000002,44.918536077472,-3.));
#1988=CARTESIAN_POINT('',(-4.75000000000002,43.9185360774721,-3.));
#1989=CARTESIAN_POINT('',(-4.75000000000002,43.9185360774721,-1.5));
#1990=CARTESIAN_POINT('',(-4.75000000000002,41.918536077472,-3.));
#1991=CARTESIAN_POINT('',(-4.75000000000002,44.918536077472,-3.));
#1992=CARTESIAN_POINT('',(-4.75000000000002,41.918536077472,-3.));
#1993=CARTESIAN_POINT('Origin',(6.74999999999998,30.418536077472,-3.));
#1994=CARTESIAN_POINT('',(6.74999999999998,30.418536077472,-3.));
#1995=CARTESIAN_POINT('',(6.74999999999998,30.418536077472,-3.));
#1996=CARTESIAN_POINT('',(6.74999999999998,30.418536077472,-3.));
#1997=CARTESIAN_POINT('Origin',(6.74999999999998,28.418536077472,-3.));
#1998=CARTESIAN_POINT('Origin',(6.74999999999998,28.418536077472,-3.));
#1999=CARTESIAN_POINT('Origin',(7.49999999999998,27.918536077472,-3.));
#2000=CARTESIAN_POINT('',(8.74999999999997,26.4185360774721,-3.));
#2001=CARTESIAN_POINT('',(8.74999999999997,43.9185360774721,-3.));
#2002=CARTESIAN_POINT('',(8.74999999999997,26.4185360774721,-3.));
#2003=CARTESIAN_POINT('Origin',(-6.75000000000002,39.918536077472,-3.));
#2004=CARTESIAN_POINT('',(-6.75000000000002,39.918536077472,-3.));
#2005=CARTESIAN_POINT('',(-6.75000000000002,39.918536077472,-3.));
#2006=CARTESIAN_POINT('',(-6.75000000000002,39.918536077472,-3.));
#2007=CARTESIAN_POINT('Origin',(-6.75000000000002,41.918536077472,-3.));
#2008=CARTESIAN_POINT('Origin',(-6.75000000000002,41.918536077472,-3.));
#2009=CARTESIAN_POINT('Origin',(-7.50000000000002,42.418536077472,-3.));
#2010=CARTESIAN_POINT('',(-8.75000000000004,43.9185360774721,-3.));
#2011=CARTESIAN_POINT('',(-8.75000000000003,26.4185360774721,-3.));
#2012=CARTESIAN_POINT('',(-8.75000000000003,43.9185360774721,-3.));
#2013=CARTESIAN_POINT('Origin',(-12.2500000000008,79.3140478008566,-5.75));
#2014=CARTESIAN_POINT('',(-13.5000000000008,33.1685360774721,-5.75));
#2015=CARTESIAN_POINT('Origin',(-12.2500000000008,33.1685360774721,-5.75));
#2016=CARTESIAN_POINT('',(-13.5000000000008,79.3140478008566,-5.75));
#2017=CARTESIAN_POINT('Origin',(12.2500000000008,79.3140478008566,-5.75));
#2018=CARTESIAN_POINT('',(11.0000000000008,33.1685360774721,-5.75));
#2019=CARTESIAN_POINT('Origin',(12.2500000000008,33.1685360774721,-5.75));
#2020=CARTESIAN_POINT('',(11.0000000000008,79.3140478008566,-5.75));
#2021=CARTESIAN_POINT('Origin',(9.60000000000004,24.6000000000004,-1.5));
#2022=CARTESIAN_POINT('',(-19.2,23.1,-1.5));
#2023=CARTESIAN_POINT('Origin',(-19.2000000000001,24.6,-1.5));
#2024=CARTESIAN_POINT('',(19.2,23.1000000000006,-1.5));
#2025=CARTESIAN_POINT('Origin',(19.2000000000003,24.6000000000006,-1.5));
#2026=CARTESIAN_POINT('',(9.60000000000006,23.1000000000004,-1.5));
#2027=CARTESIAN_POINT('Origin',(19.2,47.2370721549442,0.));
#2028=CARTESIAN_POINT('',(19.2,47.2370721549442,-1.5));
#2029=CARTESIAN_POINT('Origin',(19.2,45.7370721549442,-1.5));
#2030=CARTESIAN_POINT('',(19.2,47.2370721549442,0.));
#2031=CARTESIAN_POINT('',(19.2,47.2370721549442,0.));
#2032=CARTESIAN_POINT('',(19.2,36.6685360774726,0.));
#2033=CARTESIAN_POINT('',(19.2,23.1000000000008,0.));
#2034=CARTESIAN_POINT('',(19.2,33.6685360774715,0.));
#2035=CARTESIAN_POINT('Ctrl Pts',(19.2,36.6685360774727,4.16333634234434E-16));
#2036=CARTESIAN_POINT('Ctrl Pts',(19.2,35.1685360774721,-0.900000000000669));
#2037=CARTESIAN_POINT('Ctrl Pts',(19.2,33.6685360774715,8.32667268468867E-16));
#2038=CARTESIAN_POINT('',(19.2,23.1000000000006,0.));
#2039=CARTESIAN_POINT('',(19.2,23.1000000000008,0.));
#2040=CARTESIAN_POINT('',(19.2,23.1000000000006,0.));
#2041=CARTESIAN_POINT('Origin',(-9.60000000000003,45.7370721549442,-1.5));
#2042=CARTESIAN_POINT('',(-19.2,47.2370721549442,-1.5));
#2043=CARTESIAN_POINT('Origin',(-19.2,45.7370721549442,-1.5));
#2044=CARTESIAN_POINT('',(-9.60000000000004,47.2370721549442,-1.5));
#2045=CARTESIAN_POINT('Origin',(17.2000000000004,35.1685360774721,-0.525));
#2046=CARTESIAN_POINT('',(14.7000000000004,35.1685360774721,1.38777878078145E-15));
#2047=CARTESIAN_POINT('Origin',(17.2000000000004,35.1685360774721,0.));
#2048=CARTESIAN_POINT('',(15.7500000000004,35.1685360774721,-1.05));
#2049=CARTESIAN_POINT('',(15.2250000000004,35.1685360774721,-0.525));
#2050=CARTESIAN_POINT('Origin',(17.2000000000004,35.1685360774721,-1.05));
#2051=CARTESIAN_POINT('Origin',(17.2000000000004,35.1685360774721,0.));
#2052=CARTESIAN_POINT('Origin',(17.2000000000004,35.1685360774721,-46.1455117233841));
#2053=CARTESIAN_POINT('',(15.7500000000004,35.1685360774721,-46.1455117233841));
#2054=CARTESIAN_POINT('Origin',(-17.2000000000004,35.1685360774721,-0.525));
#2055=CARTESIAN_POINT('',(-19.2,33.6685360774715,0.));
#2056=CARTESIAN_POINT('',(-19.2,35.1685360774721,-0.500000000000407));
#2057=CARTESIAN_POINT('Ctrl Pts',(-19.2,33.6685360774715,-1.38777878078145E-16));
#2058=CARTESIAN_POINT('Ctrl Pts',(-19.2,34.5018694108053,-0.500000000000407));
#2059=CARTESIAN_POINT('Ctrl Pts',(-19.2,35.1685360774721,-0.500000000000407));
#2060=CARTESIAN_POINT('',(-19.2,36.6685360774726,0.));
#2061=CARTESIAN_POINT('Origin',(-17.2000000000004,35.1685360774721,0.));
#2062=CARTESIAN_POINT('Ctrl Pts',(-19.2,35.1685360774721,-0.500000000000407));
#2063=CARTESIAN_POINT('Ctrl Pts',(-19.2,35.8352027441389,-0.500000000000407));
#2064=CARTESIAN_POINT('Ctrl Pts',(-19.2,36.6685360774726,2.77555756156289E-16));
#2065=CARTESIAN_POINT('',(-18.6500000000004,35.1685360774721,-1.05));
#2066=CARTESIAN_POINT('',(-19.1750000000004,35.1685360774721,-0.525));
#2067=CARTESIAN_POINT('Origin',(-17.2000000000004,35.1685360774721,-1.05));
#2068=CARTESIAN_POINT('Origin',(-17.2000000000004,35.1685360774721,-46.1455117233841));
#2069=CARTESIAN_POINT('',(-18.6500000000004,35.1685360774721,-46.1455117233841));
#2070=CARTESIAN_POINT('Origin',(-3.10862446895044E-14,35.1685360774721,
0.));
#2071=CARTESIAN_POINT('',(-19.2,47.2370721549442,0.));
#2072=CARTESIAN_POINT('',(19.2,47.2370721549442,0.));
#2073=CARTESIAN_POINT('',(-19.2,47.2370721549441,0.));
#2074=CARTESIAN_POINT('',(-19.2,23.1,0.));
#2075=CARTESIAN_POINT('',(-19.2,47.2370721549441,0.));
#2076=CARTESIAN_POINT('',(-19.2,23.1,0.));
#2077=CARTESIAN_POINT('',(8.74999999999997,43.9185360774721,0.));
#2078=CARTESIAN_POINT('',(8.74999999999997,26.4185360774721,0.));
#2079=CARTESIAN_POINT('',(8.74999999999997,43.9185360774721,0.));
#2080=CARTESIAN_POINT('',(-8.75000000000003,26.4185360774721,0.));
#2081=CARTESIAN_POINT('',(8.74999999999997,26.4185360774721,0.));
#2082=CARTESIAN_POINT('',(-8.75000000000003,43.9185360774721,0.));
#2083=CARTESIAN_POINT('',(-8.75000000000003,26.4185360774721,0.));
#2084=CARTESIAN_POINT('',(-8.75000000000003,43.9185360774721,0.));
#2085=CARTESIAN_POINT('Origin',(15.0000000000008,33.1685360774721,0.));
#2086=CARTESIAN_POINT('Origin',(-9.50000000000085,33.1685360774721,0.));
#2087=CARTESIAN_POINT('Origin',(-8.75000000000003,26.4185360774721,0.));
#2088=CARTESIAN_POINT('',(8.74999999999997,26.4185360774721,0.));
#2089=CARTESIAN_POINT('',(-8.75000000000003,26.4185360774721,0.));
#2090=CARTESIAN_POINT('Origin',(-8.75000000000003,43.9185360774721,0.));
#2091=CARTESIAN_POINT('',(-8.75000000000003,43.9185360774721,0.));
#2092=CARTESIAN_POINT('Origin',(8.74999999999997,43.9185360774721,0.));
#2093=CARTESIAN_POINT('',(8.74999999999997,43.9185360774721,0.));
#2094=CARTESIAN_POINT('Origin',(8.74999999999997,26.4185360774721,0.));
#2095=CARTESIAN_POINT('Origin',(19.2,23.1000000000006,0.));
#2096=CARTESIAN_POINT('',(-19.2,23.1,0.));
#2097=CARTESIAN_POINT('Origin',(-19.2,47.2370721549442,0.));
#2098=CARTESIAN_POINT('',(-19.2,47.2370721549442,0.));
#2099=CARTESIAN_POINT('Origin',(-19.2,23.1,0.));
#2100=UNCERTAINTY_MEASURE_WITH_UNIT(LENGTH_MEASURE(0.01),#2104,
'DISTANCE_ACCURACY_VALUE',
'Maximum model space distance between geometric entities at asserted c
onnectivities');
#2101=UNCERTAINTY_MEASURE_WITH_UNIT(LENGTH_MEASURE(0.01),#2104,
'DISTANCE_ACCURACY_VALUE',
'Maximum model space distance between geometric entities at asserted c
onnectivities');
#2102=(
GEOMETRIC_REPRESENTATION_CONTEXT(3)
GLOBAL_UNCERTAINTY_ASSIGNED_CONTEXT((#2100))
GLOBAL_UNIT_ASSIGNED_CONTEXT((#2104,#2106,#2107))
REPRESENTATION_CONTEXT('','3D')
);
#2103=(
GEOMETRIC_REPRESENTATION_CONTEXT(3)
GLOBAL_UNCERTAINTY_ASSIGNED_CONTEXT((#2101))
GLOBAL_UNIT_ASSIGNED_CONTEXT((#2104,#2106,#2107))
REPRESENTATION_CONTEXT('','3D')
);
#2104=(
LENGTH_UNIT()
NAMED_UNIT(*)
SI_UNIT(.MILLI.,.METRE.)
);
#2105=(
LENGTH_UNIT()
NAMED_UNIT(*)
SI_UNIT(.CENTI.,.METRE.)
);
#2106=(
NAMED_UNIT(*)
PLANE_ANGLE_UNIT()
SI_UNIT($,.RADIAN.)
);
#2107=(
NAMED_UNIT(*)
SI_UNIT($,.STERADIAN.)
SOLID_ANGLE_UNIT()
);
#2108=SHAPE_DEFINITION_REPRESENTATION(#2109,#2110);
#2109=PRODUCT_DEFINITION_SHAPE('',$,#2112);
#2110=SHAPE_REPRESENTATION('',(#1221),#2102);
#2111=PRODUCT_DEFINITION_CONTEXT('part definition',#2116,'design');
#2112=PRODUCT_DEFINITION('PCBs_Holder','PCBs_Holder',#2113,#2111);
#2113=PRODUCT_DEFINITION_FORMATION('',$,#2118);
#2114=PRODUCT_RELATED_PRODUCT_CATEGORY('PCBs_Holder','PCBs_Holder',(#2118));
#2115=APPLICATION_PROTOCOL_DEFINITION('international standard',
'automotive_design',2009,#2116);
#2116=APPLICATION_CONTEXT(
'Core Data for Automotive Mechanical Design Process');
#2117=PRODUCT_CONTEXT('part definition',#2116,'mechanical');
#2118=PRODUCT('PCBs_Holder','PCBs_Holder',$,(#2117));
#2119=PRESENTATION_STYLE_ASSIGNMENT((#2120));
#2120=SURFACE_STYLE_USAGE(.BOTH.,#2123);
#2121=SURFACE_STYLE_RENDERING_WITH_PROPERTIES($,#2127,(#2122));
#2122=SURFACE_STYLE_TRANSPARENT(0.);
#2123=SURFACE_SIDE_STYLE('',(#2124,#2121));
#2124=SURFACE_STYLE_FILL_AREA(#2125);
#2125=FILL_AREA_STYLE('',(#2126));
#2126=FILL_AREA_STYLE_COLOUR('',#2127);
#2127=COLOUR_RGB('',0.498039215686275,0.498039215686275,0.498039215686275);
ENDSEC;
END-ISO-10303-21;
