ISO-10303-21;
HEADER;
/* Generated by software containing ST-Developer
 * from STEP Tools, Inc. (www.steptools.com) 
 */

FILE_DESCRIPTION(
/* description */ (''),
/* implementation_level */ '2;1');

FILE_NAME(
/* name */ 'Right_gearbox.stp',
/* time_stamp */ '2026-04-10T21:52:26+02:00',
/* author */ ('szymo'),
/* organization */ (''),
/* preprocessor_version */ 'ST-DEVELOPER v20.1',
/* originating_system */ 'Autodesk Inventor 2026',
/* authorisation */ '');

FILE_SCHEMA (('AUTOMOTIVE_DESIGN { 1 0 10303 214 3 1 1 }'));
ENDSEC;

DATA;
#10=MECHANICAL_DESIGN_GEOMETRIC_PRESENTATION_REPRESENTATION('',(#13),#2787);
#11=SHAPE_REPRESENTATION_RELATIONSHIP('SRR','None',#2794,#12);
#12=ADVANCED_BREP_SHAPE_REPRESENTATION('',(#14),#2786);
#13=STYLED_ITEM('',(#2803),#14);
#14=MANIFOLD_SOLID_BREP('Solid2',#1614);
#15=CYLINDRICAL_SURFACE('',#1659,2.25);
#16=CYLINDRICAL_SURFACE('',#1661,2.);
#17=CYLINDRICAL_SURFACE('',#1667,2.25);
#18=CYLINDRICAL_SURFACE('',#1669,2.);
#19=CYLINDRICAL_SURFACE('',#1675,2.25);
#20=CYLINDRICAL_SURFACE('',#1677,2.);
#21=CYLINDRICAL_SURFACE('',#1683,2.25);
#22=CYLINDRICAL_SURFACE('',#1685,2.);
#23=CYLINDRICAL_SURFACE('',#1691,2.25);
#24=CYLINDRICAL_SURFACE('',#1693,2.);
#25=CYLINDRICAL_SURFACE('',#1699,2.25);
#26=CYLINDRICAL_SURFACE('',#1701,2.);
#27=CYLINDRICAL_SURFACE('',#1707,2.25);
#28=CYLINDRICAL_SURFACE('',#1709,2.);
#29=CYLINDRICAL_SURFACE('',#1715,2.25);
#30=CYLINDRICAL_SURFACE('',#1717,2.);
#31=CYLINDRICAL_SURFACE('',#1720,1.25);
#32=CYLINDRICAL_SURFACE('',#1727,1.2295);
#33=CYLINDRICAL_SURFACE('',#1733,1.2295);
#34=CYLINDRICAL_SURFACE('',#1739,1.25);
#35=CYLINDRICAL_SURFACE('',#1743,1.25);
#36=CYLINDRICAL_SURFACE('',#1744,2.25000000000004);
#37=CYLINDRICAL_SURFACE('',#1746,2.25000000000006);
#38=CYLINDRICAL_SURFACE('',#1767,4.60000000000005);
#39=CYLINDRICAL_SURFACE('',#1772,4.59999999999976);
#40=CYLINDRICAL_SURFACE('',#1784,8.39999999999931);
#41=CYLINDRICAL_SURFACE('',#1786,8.39999999999931);
#42=CYLINDRICAL_SURFACE('',#1792,9.99999999999976);
#43=CYLINDRICAL_SURFACE('',#1794,4.99999999999986);
#44=CYLINDRICAL_SURFACE('',#1796,12.4999999999997);
#45=CYLINDRICAL_SURFACE('',#1799,6.4999999999998);
#46=CYLINDRICAL_SURFACE('',#1804,6.4999999999998);
#47=CYLINDRICAL_SURFACE('',#1807,12.4999999999997);
#48=CYLINDRICAL_SURFACE('',#1810,13.8499999999996);
#49=CYLINDRICAL_SURFACE('',#1816,4.99999999999987);
#50=CYLINDRICAL_SURFACE('',#1817,4.99999999999984);
#51=FACE_BOUND('',#279,.T.);
#52=FACE_BOUND('',#280,.T.);
#53=FACE_BOUND('',#281,.T.);
#54=FACE_BOUND('',#282,.T.);
#55=FACE_BOUND('',#283,.T.);
#56=FACE_BOUND('',#285,.T.);
#57=FACE_BOUND('',#290,.T.);
#58=FACE_BOUND('',#295,.T.);
#59=FACE_BOUND('',#300,.T.);
#60=FACE_BOUND('',#305,.T.);
#61=FACE_BOUND('',#310,.T.);
#62=FACE_BOUND('',#315,.T.);
#63=FACE_BOUND('',#320,.T.);
#64=FACE_BOUND('',#333,.T.);
#65=FACE_BOUND('',#336,.T.);
#66=FACE_BOUND('',#348,.T.);
#67=FACE_BOUND('',#349,.T.);
#68=FACE_BOUND('',#350,.T.);
#69=FACE_BOUND('',#351,.T.);
#70=FACE_BOUND('',#352,.T.);
#71=FACE_BOUND('',#353,.T.);
#72=FACE_BOUND('',#354,.T.);
#73=FACE_BOUND('',#362,.T.);
#74=FACE_BOUND('',#377,.T.);
#75=FACE_BOUND('',#378,.T.);
#76=FACE_BOUND('',#379,.T.);
#77=FACE_BOUND('',#387,.T.);
#78=FACE_BOUND('',#389,.T.);
#79=FACE_BOUND('',#395,.T.);
#80=FACE_BOUND('',#396,.T.);
#81=(
BOUNDED_CURVE()
B_SPLINE_CURVE(2,(#2377,#2378,#2379),.UNSPECIFIED.,.F.,.F.)
B_SPLINE_CURVE_WITH_KNOTS((3,3),(0.,0.626099033701118),.UNSPECIFIED.)
CURVE()
GEOMETRIC_REPRESENTATION_ITEM()
RATIONAL_B_SPLINE_CURVE((1.,1.66666666666864,1.))
REPRESENTATION_ITEM('')
);
#82=(
BOUNDED_CURVE()
B_SPLINE_CURVE(2,(#2384,#2385,#2386),.UNSPECIFIED.,.F.,.F.)
B_SPLINE_CURVE_WITH_KNOTS((3,3),(0.,0.626099033701353),.UNSPECIFIED.)
CURVE()
GEOMETRIC_REPRESENTATION_ITEM()
RATIONAL_B_SPLINE_CURVE((1.,1.66666666666897,1.))
REPRESENTATION_ITEM('')
);
#83=CONICAL_SURFACE('',#1644,2.6,0.785398163397448);
#84=CONICAL_SURFACE('',#1646,2.6,0.785398163397448);
#85=CONICAL_SURFACE('',#1724,1.36475,0.785398163397448);
#86=CONICAL_SURFACE('',#1730,1.36475,0.785398163397448);
#87=CIRCLE('',#1639,8.3999999999993);
#88=CIRCLE('',#1645,3.5);
#89=CIRCLE('',#1647,3.5);
#90=CIRCLE('',#1649,13.8499999999996);
#91=CIRCLE('',#1650,4.99999999999984);
#92=CIRCLE('',#1651,4.99999999999987);
#93=CIRCLE('',#1652,4.59999999999976);
#94=CIRCLE('',#1653,4.60000000000005);
#95=CIRCLE('',#1654,1.25);
#96=CIRCLE('',#1655,1.25);
#97=CIRCLE('',#1657,2.25);
#98=CIRCLE('',#1658,2.);
#99=CIRCLE('',#1660,2.25);
#100=CIRCLE('',#1662,2.);
#101=CIRCLE('',#1665,2.25);
#102=CIRCLE('',#1666,2.);
#103=CIRCLE('',#1668,2.25);
#104=CIRCLE('',#1670,2.);
#105=CIRCLE('',#1673,2.25);
#106=CIRCLE('',#1674,2.);
#107=CIRCLE('',#1676,2.25);
#108=CIRCLE('',#1678,2.);
#109=CIRCLE('',#1681,2.25);
#110=CIRCLE('',#1682,2.);
#111=CIRCLE('',#1684,2.25);
#112=CIRCLE('',#1686,2.);
#113=CIRCLE('',#1689,2.25);
#114=CIRCLE('',#1690,2.);
#115=CIRCLE('',#1692,2.25);
#116=CIRCLE('',#1694,2.);
#117=CIRCLE('',#1697,2.25);
#118=CIRCLE('',#1698,2.);
#119=CIRCLE('',#1700,2.25);
#120=CIRCLE('',#1702,2.);
#121=CIRCLE('',#1705,2.25);
#122=CIRCLE('',#1706,2.);
#123=CIRCLE('',#1708,2.25);
#124=CIRCLE('',#1710,2.);
#125=CIRCLE('',#1713,2.25);
#126=CIRCLE('',#1714,2.);
#127=CIRCLE('',#1716,2.25);
#128=CIRCLE('',#1718,2.);
#129=CIRCLE('',#1721,1.25);
#130=CIRCLE('',#1722,1.25);
#131=CIRCLE('',#1725,1.5);
#132=CIRCLE('',#1726,1.2295);
#133=CIRCLE('',#1728,1.2295);
#134=CIRCLE('',#1731,1.5);
#135=CIRCLE('',#1732,1.2295);
#136=CIRCLE('',#1734,1.2295);
#137=CIRCLE('',#1737,2.25);
#138=CIRCLE('',#1738,1.25);
#139=CIRCLE('',#1741,2.25);
#140=CIRCLE('',#1742,1.25);
#141=CIRCLE('',#1745,2.25000000000004);
#142=CIRCLE('',#1747,2.25000000000006);
#143=CIRCLE('',#1756,8.39999999999931);
#144=CIRCLE('',#1757,4.99999999999987);
#145=CIRCLE('',#1758,4.99999999999987);
#146=CIRCLE('',#1759,8.39999999999931);
#147=CIRCLE('',#1760,9.99999999999975);
#148=CIRCLE('',#1761,8.39999999999931);
#149=CIRCLE('',#1768,4.60000000000005);
#150=CIRCLE('',#1770,4.59999999999976);
#151=CIRCLE('',#1771,4.59999999999976);
#152=CIRCLE('',#1773,4.59999999999976);
#153=CIRCLE('',#1774,4.59999999999976);
#154=CIRCLE('',#1775,4.59999999999976);
#155=CIRCLE('',#1777,4.99999999999986);
#156=CIRCLE('',#1779,12.4999999999997);
#157=CIRCLE('',#1780,6.4999999999998);
#158=CIRCLE('',#1782,6.4999999999998);
#159=CIRCLE('',#1783,12.4999999999997);
#160=CIRCLE('',#1785,8.39999999999931);
#161=CIRCLE('',#1787,8.39999999999931);
#162=CIRCLE('',#1789,9.99999999999976);
#163=CIRCLE('',#1790,9.99999999999976);
#164=CIRCLE('',#1791,4.99999999999987);
#165=CIRCLE('',#1793,9.99999999999976);
#166=CIRCLE('',#1795,4.99999999999986);
#167=CIRCLE('',#1797,12.4999999999997);
#168=CIRCLE('',#1800,6.4999999999998);
#169=CIRCLE('',#1805,6.4999999999998);
#170=CIRCLE('',#1808,12.4999999999997);
#171=CIRCLE('',#1811,13.8499999999996);
#172=CIRCLE('',#1813,4.99999999999984);
#173=FACE_OUTER_BOUND('',#270,.T.);
#174=FACE_OUTER_BOUND('',#271,.T.);
#175=FACE_OUTER_BOUND('',#272,.T.);
#176=FACE_OUTER_BOUND('',#273,.T.);
#177=FACE_OUTER_BOUND('',#274,.T.);
#178=FACE_OUTER_BOUND('',#275,.T.);
#179=FACE_OUTER_BOUND('',#276,.T.);
#180=FACE_OUTER_BOUND('',#277,.T.);
#181=FACE_OUTER_BOUND('',#278,.T.);
#182=FACE_OUTER_BOUND('',#284,.T.);
#183=FACE_OUTER_BOUND('',#286,.T.);
#184=FACE_OUTER_BOUND('',#287,.T.);
#185=FACE_OUTER_BOUND('',#288,.T.);
#186=FACE_OUTER_BOUND('',#289,.T.);
#187=FACE_OUTER_BOUND('',#291,.T.);
#188=FACE_OUTER_BOUND('',#292,.T.);
#189=FACE_OUTER_BOUND('',#293,.T.);
#190=FACE_OUTER_BOUND('',#294,.T.);
#191=FACE_OUTER_BOUND('',#296,.T.);
#192=FACE_OUTER_BOUND('',#297,.T.);
#193=FACE_OUTER_BOUND('',#298,.T.);
#194=FACE_OUTER_BOUND('',#299,.T.);
#195=FACE_OUTER_BOUND('',#301,.T.);
#196=FACE_OUTER_BOUND('',#302,.T.);
#197=FACE_OUTER_BOUND('',#303,.T.);
#198=FACE_OUTER_BOUND('',#304,.T.);
#199=FACE_OUTER_BOUND('',#306,.T.);
#200=FACE_OUTER_BOUND('',#307,.T.);
#201=FACE_OUTER_BOUND('',#308,.T.);
#202=FACE_OUTER_BOUND('',#309,.T.);
#203=FACE_OUTER_BOUND('',#311,.T.);
#204=FACE_OUTER_BOUND('',#312,.T.);
#205=FACE_OUTER_BOUND('',#313,.T.);
#206=FACE_OUTER_BOUND('',#314,.T.);
#207=FACE_OUTER_BOUND('',#316,.T.);
#208=FACE_OUTER_BOUND('',#317,.T.);
#209=FACE_OUTER_BOUND('',#318,.T.);
#210=FACE_OUTER_BOUND('',#319,.T.);
#211=FACE_OUTER_BOUND('',#321,.T.);
#212=FACE_OUTER_BOUND('',#322,.T.);
#213=FACE_OUTER_BOUND('',#323,.T.);
#214=FACE_OUTER_BOUND('',#324,.T.);
#215=FACE_OUTER_BOUND('',#325,.T.);
#216=FACE_OUTER_BOUND('',#326,.T.);
#217=FACE_OUTER_BOUND('',#327,.T.);
#218=FACE_OUTER_BOUND('',#328,.T.);
#219=FACE_OUTER_BOUND('',#329,.T.);
#220=FACE_OUTER_BOUND('',#330,.T.);
#221=FACE_OUTER_BOUND('',#331,.T.);
#222=FACE_OUTER_BOUND('',#332,.T.);
#223=FACE_OUTER_BOUND('',#334,.T.);
#224=FACE_OUTER_BOUND('',#335,.T.);
#225=FACE_OUTER_BOUND('',#337,.T.);
#226=FACE_OUTER_BOUND('',#338,.T.);
#227=FACE_OUTER_BOUND('',#339,.T.);
#228=FACE_OUTER_BOUND('',#340,.T.);
#229=FACE_OUTER_BOUND('',#341,.T.);
#230=FACE_OUTER_BOUND('',#342,.T.);
#231=FACE_OUTER_BOUND('',#343,.T.);
#232=FACE_OUTER_BOUND('',#344,.T.);
#233=FACE_OUTER_BOUND('',#345,.T.);
#234=FACE_OUTER_BOUND('',#346,.T.);
#235=FACE_OUTER_BOUND('',#347,.T.);
#236=FACE_OUTER_BOUND('',#355,.T.);
#237=FACE_OUTER_BOUND('',#356,.T.);
#238=FACE_OUTER_BOUND('',#357,.T.);
#239=FACE_OUTER_BOUND('',#358,.T.);
#240=FACE_OUTER_BOUND('',#359,.T.);
#241=FACE_OUTER_BOUND('',#360,.T.);
#242=FACE_OUTER_BOUND('',#361,.T.);
#243=FACE_OUTER_BOUND('',#363,.T.);
#244=FACE_OUTER_BOUND('',#364,.T.);
#245=FACE_OUTER_BOUND('',#365,.T.);
#246=FACE_OUTER_BOUND('',#366,.T.);
#247=FACE_OUTER_BOUND('',#367,.T.);
#248=FACE_OUTER_BOUND('',#368,.T.);
#249=FACE_OUTER_BOUND('',#369,.T.);
#250=FACE_OUTER_BOUND('',#370,.T.);
#251=FACE_OUTER_BOUND('',#371,.T.);
#252=FACE_OUTER_BOUND('',#372,.T.);
#253=FACE_OUTER_BOUND('',#373,.T.);
#254=FACE_OUTER_BOUND('',#374,.T.);
#255=FACE_OUTER_BOUND('',#375,.T.);
#256=FACE_OUTER_BOUND('',#376,.T.);
#257=FACE_OUTER_BOUND('',#380,.T.);
#258=FACE_OUTER_BOUND('',#381,.T.);
#259=FACE_OUTER_BOUND('',#382,.T.);
#260=FACE_OUTER_BOUND('',#383,.T.);
#261=FACE_OUTER_BOUND('',#384,.T.);
#262=FACE_OUTER_BOUND('',#385,.T.);
#263=FACE_OUTER_BOUND('',#386,.T.);
#264=FACE_OUTER_BOUND('',#388,.T.);
#265=FACE_OUTER_BOUND('',#390,.T.);
#266=FACE_OUTER_BOUND('',#391,.T.);
#267=FACE_OUTER_BOUND('',#392,.T.);
#268=FACE_OUTER_BOUND('',#393,.T.);
#269=FACE_OUTER_BOUND('',#394,.T.);
#270=EDGE_LOOP('',(#1022,#1023,#1024,#1025));
#271=EDGE_LOOP('',(#1026,#1027,#1028,#1029,#1030,#1031,#1032,#1033));
#272=EDGE_LOOP('',(#1034,#1035,#1036,#1037));
#273=EDGE_LOOP('',(#1038,#1039,#1040,#1041,#1042));
#274=EDGE_LOOP('',(#1043,#1044,#1045,#1046));
#275=EDGE_LOOP('',(#1047,#1048,#1049,#1050,#1051,#1052,#1053));
#276=EDGE_LOOP('',(#1054,#1055));
#277=EDGE_LOOP('',(#1056,#1057));
#278=EDGE_LOOP('',(#1058,#1059,#1060,#1061,#1062,#1063,#1064,#1065,#1066));
#279=EDGE_LOOP('',(#1067));
#280=EDGE_LOOP('',(#1068));
#281=EDGE_LOOP('',(#1069,#1070));
#282=EDGE_LOOP('',(#1071));
#283=EDGE_LOOP('',(#1072));
#284=EDGE_LOOP('',(#1073));
#285=EDGE_LOOP('',(#1074));
#286=EDGE_LOOP('',(#1075,#1076,#1077,#1078));
#287=EDGE_LOOP('',(#1079,#1080,#1081,#1082));
#288=EDGE_LOOP('',(#1083));
#289=EDGE_LOOP('',(#1084));
#290=EDGE_LOOP('',(#1085));
#291=EDGE_LOOP('',(#1086,#1087,#1088,#1089));
#292=EDGE_LOOP('',(#1090,#1091,#1092,#1093));
#293=EDGE_LOOP('',(#1094));
#294=EDGE_LOOP('',(#1095));
#295=EDGE_LOOP('',(#1096));
#296=EDGE_LOOP('',(#1097,#1098,#1099,#1100));
#297=EDGE_LOOP('',(#1101,#1102,#1103,#1104));
#298=EDGE_LOOP('',(#1105));
#299=EDGE_LOOP('',(#1106));
#300=EDGE_LOOP('',(#1107));
#301=EDGE_LOOP('',(#1108,#1109,#1110,#1111));
#302=EDGE_LOOP('',(#1112,#1113,#1114,#1115));
#303=EDGE_LOOP('',(#1116));
#304=EDGE_LOOP('',(#1117));
#305=EDGE_LOOP('',(#1118));
#306=EDGE_LOOP('',(#1119,#1120,#1121,#1122));
#307=EDGE_LOOP('',(#1123,#1124,#1125,#1126));
#308=EDGE_LOOP('',(#1127));
#309=EDGE_LOOP('',(#1128));
#310=EDGE_LOOP('',(#1129));
#311=EDGE_LOOP('',(#1130,#1131,#1132,#1133));
#312=EDGE_LOOP('',(#1134,#1135,#1136,#1137));
#313=EDGE_LOOP('',(#1138));
#314=EDGE_LOOP('',(#1139));
#315=EDGE_LOOP('',(#1140));
#316=EDGE_LOOP('',(#1141,#1142,#1143,#1144));
#317=EDGE_LOOP('',(#1145,#1146,#1147,#1148));
#318=EDGE_LOOP('',(#1149));
#319=EDGE_LOOP('',(#1150));
#320=EDGE_LOOP('',(#1151));
#321=EDGE_LOOP('',(#1152,#1153,#1154,#1155));
#322=EDGE_LOOP('',(#1156,#1157,#1158,#1159));
#323=EDGE_LOOP('',(#1160));
#324=EDGE_LOOP('',(#1161,#1162,#1163,#1164));
#325=EDGE_LOOP('',(#1165));
#326=EDGE_LOOP('',(#1166,#1167,#1168,#1169));
#327=EDGE_LOOP('',(#1170,#1171,#1172,#1173));
#328=EDGE_LOOP('',(#1174));
#329=EDGE_LOOP('',(#1175,#1176,#1177,#1178));
#330=EDGE_LOOP('',(#1179,#1180,#1181,#1182));
#331=EDGE_LOOP('',(#1183));
#332=EDGE_LOOP('',(#1184));
#333=EDGE_LOOP('',(#1185));
#334=EDGE_LOOP('',(#1186,#1187,#1188,#1189));
#335=EDGE_LOOP('',(#1190));
#336=EDGE_LOOP('',(#1191));
#337=EDGE_LOOP('',(#1192,#1193,#1194,#1195));
#338=EDGE_LOOP('',(#1196,#1197,#1198,#1199));
#339=EDGE_LOOP('',(#1200,#1201,#1202,#1203));
#340=EDGE_LOOP('',(#1204,#1205,#1206,#1207));
#341=EDGE_LOOP('',(#1208,#1209,#1210,#1211));
#342=EDGE_LOOP('',(#1212,#1213,#1214,#1215));
#343=EDGE_LOOP('',(#1216,#1217,#1218,#1219));
#344=EDGE_LOOP('',(#1220,#1221,#1222,#1223));
#345=EDGE_LOOP('',(#1224,#1225,#1226,#1227));
#346=EDGE_LOOP('',(#1228,#1229,#1230,#1231,#1232,#1233));
#347=EDGE_LOOP('',(#1234,#1235,#1236,#1237,#1238,#1239,#1240,#1241,#1242,
#1243,#1244,#1245,#1246,#1247,#1248));
#348=EDGE_LOOP('',(#1249));
#349=EDGE_LOOP('',(#1250));
#350=EDGE_LOOP('',(#1251));
#351=EDGE_LOOP('',(#1252));
#352=EDGE_LOOP('',(#1253));
#353=EDGE_LOOP('',(#1254));
#354=EDGE_LOOP('',(#1255));
#355=EDGE_LOOP('',(#1256,#1257,#1258,#1259,#1260,#1261,#1262));
#356=EDGE_LOOP('',(#1263,#1264,#1265,#1266,#1267,#1268));
#357=EDGE_LOOP('',(#1269,#1270,#1271,#1272));
#358=EDGE_LOOP('',(#1273,#1274,#1275,#1276,#1277));
#359=EDGE_LOOP('',(#1278,#1279,#1280,#1281));
#360=EDGE_LOOP('',(#1282,#1283,#1284,#1285));
#361=EDGE_LOOP('',(#1286,#1287,#1288));
#362=EDGE_LOOP('',(#1289));
#363=EDGE_LOOP('',(#1290,#1291,#1292,#1293,#1294,#1295,#1296,#1297,#1298,
#1299,#1300,#1301));
#364=EDGE_LOOP('',(#1302));
#365=EDGE_LOOP('',(#1303,#1304,#1305,#1306,#1307,#1308,#1309));
#366=EDGE_LOOP('',(#1310,#1311,#1312,#1313,#1314));
#367=EDGE_LOOP('',(#1315,#1316,#1317,#1318));
#368=EDGE_LOOP('',(#1319,#1320,#1321,#1322,#1323,#1324,#1325,#1326));
#369=EDGE_LOOP('',(#1327,#1328,#1329,#1330,#1331,#1332,#1333));
#370=EDGE_LOOP('',(#1334,#1335,#1336,#1337,#1338,#1339,#1340,#1341));
#371=EDGE_LOOP('',(#1342,#1343,#1344,#1345));
#372=EDGE_LOOP('',(#1346,#1347,#1348,#1349));
#373=EDGE_LOOP('',(#1350,#1351,#1352,#1353));
#374=EDGE_LOOP('',(#1354,#1355,#1356,#1357));
#375=EDGE_LOOP('',(#1358,#1359,#1360,#1361));
#376=EDGE_LOOP('',(#1362,#1363,#1364,#1365,#1366,#1367,#1368,#1369,#1370,
#1371,#1372,#1373));
#377=EDGE_LOOP('',(#1374));
#378=EDGE_LOOP('',(#1375));
#379=EDGE_LOOP('',(#1376));
#380=EDGE_LOOP('',(#1377,#1378,#1379,#1380));
#381=EDGE_LOOP('',(#1381,#1382,#1383,#1384));
#382=EDGE_LOOP('',(#1385,#1386,#1387,#1388));
#383=EDGE_LOOP('',(#1389,#1390,#1391,#1392));
#384=EDGE_LOOP('',(#1393,#1394,#1395,#1396));
#385=EDGE_LOOP('',(#1397,#1398,#1399,#1400));
#386=EDGE_LOOP('',(#1401,#1402));
#387=EDGE_LOOP('',(#1403));
#388=EDGE_LOOP('',(#1404,#1405,#1406,#1407,#1408,#1409,#1410,#1411,#1412,
#1413,#1414,#1415,#1416));
#389=EDGE_LOOP('',(#1417));
#390=EDGE_LOOP('',(#1418,#1419,#1420,#1421,#1422,#1423));
#391=EDGE_LOOP('',(#1424,#1425,#1426,#1427,#1428,#1429,#1430,#1431));
#392=EDGE_LOOP('',(#1432,#1433,#1434,#1435));
#393=EDGE_LOOP('',(#1436,#1437,#1438,#1439,#1440,#1441,#1442,#1443,#1444,
#1445,#1446,#1447,#1448,#1449));
#394=EDGE_LOOP('',(#1450,#1451,#1452,#1453,#1454,#1455,#1456,#1457));
#395=EDGE_LOOP('',(#1458));
#396=EDGE_LOOP('',(#1459));
#397=LINE('',#2323,#528);
#398=LINE('',#2325,#529);
#399=LINE('',#2327,#530);
#400=LINE('',#2328,#531);
#401=LINE('',#2331,#532);
#402=LINE('',#2333,#533);
#403=LINE('',#2335,#534);
#404=LINE('',#2339,#535);
#405=LINE('',#2341,#536);
#406=LINE('',#2342,#537);
#407=LINE('',#2345,#538);
#408=LINE('',#2346,#539);
#409=LINE('',#2350,#540);
#410=LINE('',#2352,#541);
#411=LINE('',#2354,#542);
#412=LINE('',#2356,#543);
#413=LINE('',#2357,#544);
#414=LINE('',#2360,#545);
#415=LINE('',#2362,#546);
#416=LINE('',#2363,#547);
#417=LINE('',#2366,#548);
#418=LINE('',#2368,#549);
#419=LINE('',#2370,#550);
#420=LINE('',#2372,#551);
#421=LINE('',#2373,#552);
#422=LINE('',#2389,#553);
#423=LINE('',#2391,#554);
#424=LINE('',#2393,#555);
#425=LINE('',#2395,#556);
#426=LINE('',#2399,#557);
#427=LINE('',#2400,#558);
#428=LINE('',#2421,#559);
#429=LINE('',#2424,#560);
#430=LINE('',#2435,#561);
#431=LINE('',#2438,#562);
#432=LINE('',#2449,#563);
#433=LINE('',#2452,#564);
#434=LINE('',#2463,#565);
#435=LINE('',#2466,#566);
#436=LINE('',#2477,#567);
#437=LINE('',#2480,#568);
#438=LINE('',#2491,#569);
#439=LINE('',#2494,#570);
#440=LINE('',#2505,#571);
#441=LINE('',#2508,#572);
#442=LINE('',#2519,#573);
#443=LINE('',#2522,#574);
#444=LINE('',#2529,#575);
#445=LINE('',#2536,#576);
#446=LINE('',#2540,#577);
#447=LINE('',#2547,#578);
#448=LINE('',#2551,#579);
#449=LINE('',#2560,#580);
#450=LINE('',#2567,#581);
#451=LINE('',#2571,#582);
#452=LINE('',#2575,#583);
#453=LINE('',#2578,#584);
#454=LINE('',#2580,#585);
#455=LINE('',#2581,#586);
#456=LINE('',#2584,#587);
#457=LINE('',#2586,#588);
#458=LINE('',#2587,#589);
#459=LINE('',#2590,#590);
#460=LINE('',#2592,#591);
#461=LINE('',#2593,#592);
#462=LINE('',#2595,#593);
#463=LINE('',#2597,#594);
#464=LINE('',#2598,#595);
#465=LINE('',#2601,#596);
#466=LINE('',#2602,#597);
#467=LINE('',#2605,#598);
#468=LINE('',#2606,#599);
#469=LINE('',#2620,#600);
#470=LINE('',#2622,#601);
#471=LINE('',#2624,#602);
#472=LINE('',#2625,#603);
#473=LINE('',#2627,#604);
#474=LINE('',#2628,#605);
#475=LINE('',#2631,#606);
#476=LINE('',#2633,#607);
#477=LINE('',#2634,#608);
#478=LINE('',#2637,#609);
#479=LINE('',#2638,#610);
#480=LINE('',#2641,#611);
#481=LINE('',#2642,#612);
#482=LINE('',#2644,#613);
#483=LINE('',#2648,#614);
#484=LINE('',#2650,#615);
#485=LINE('',#2658,#616);
#486=LINE('',#2662,#617);
#487=LINE('',#2666,#618);
#488=LINE('',#2674,#619);
#489=LINE('',#2676,#620);
#490=LINE('',#2678,#621);
#491=LINE('',#2680,#622);
#492=LINE('',#2684,#623);
#493=LINE('',#2689,#624);
#494=LINE('',#2693,#625);
#495=LINE('',#2696,#626);
#496=LINE('',#2701,#627);
#497=LINE('',#2702,#628);
#498=LINE('',#2707,#629);
#499=LINE('',#2708,#630);
#500=LINE('',#2717,#631);
#501=LINE('',#2723,#632);
#502=LINE('',#2724,#633);
#503=LINE('',#2727,#634);
#504=LINE('',#2728,#635);
#505=LINE('',#2732,#636);
#506=LINE('',#2735,#637);
#507=LINE('',#2736,#638);
#508=LINE('',#2739,#639);
#509=LINE('',#2741,#640);
#510=LINE('',#2742,#641);
#511=LINE('',#2743,#642);
#512=LINE('',#2744,#643);
#513=LINE('',#2745,#644);
#514=LINE('',#2748,#645);
#515=LINE('',#2749,#646);
#516=LINE('',#2753,#647);
#517=LINE('',#2756,#648);
#518=LINE('',#2757,#649);
#519=LINE('',#2761,#650);
#520=LINE('',#2764,#651);
#521=LINE('',#2765,#652);
#522=LINE('',#2769,#653);
#523=LINE('',#2774,#654);
#524=LINE('',#2776,#655);
#525=LINE('',#2778,#656);
#526=LINE('',#2780,#657);
#527=LINE('',#2782,#658);
#528=VECTOR('',#1824,10.);
#529=VECTOR('',#1825,10.);
#530=VECTOR('',#1826,10.);
#531=VECTOR('',#1827,10.);
#532=VECTOR('',#1830,10.);
#533=VECTOR('',#1831,10.);
#534=VECTOR('',#1832,10.);
#535=VECTOR('',#1835,10.);
#536=VECTOR('',#1836,10.);
#537=VECTOR('',#1837,10.);
#538=VECTOR('',#1840,10.);
#539=VECTOR('',#1841,10.);
#540=VECTOR('',#1844,10.);
#541=VECTOR('',#1845,10.);
#542=VECTOR('',#1846,10.);
#543=VECTOR('',#1847,10.);
#544=VECTOR('',#1848,10.);
#545=VECTOR('',#1851,10.);
#546=VECTOR('',#1852,10.);
#547=VECTOR('',#1853,10.);
#548=VECTOR('',#1856,10.);
#549=VECTOR('',#1857,10.);
#550=VECTOR('',#1858,10.);
#551=VECTOR('',#1859,10.);
#552=VECTOR('',#1860,10.);
#553=VECTOR('',#1871,10.);
#554=VECTOR('',#1872,10.);
#555=VECTOR('',#1873,10.);
#556=VECTOR('',#1874,10.);
#557=VECTOR('',#1877,10.);
#558=VECTOR('',#1878,10.);
#559=VECTOR('',#1901,2.25);
#560=VECTOR('',#1904,2.);
#561=VECTOR('',#1919,2.25);
#562=VECTOR('',#1922,2.);
#563=VECTOR('',#1937,2.25);
#564=VECTOR('',#1940,2.);
#565=VECTOR('',#1955,2.25);
#566=VECTOR('',#1958,2.);
#567=VECTOR('',#1973,2.25);
#568=VECTOR('',#1976,2.);
#569=VECTOR('',#1991,2.25);
#570=VECTOR('',#1994,2.);
#571=VECTOR('',#2009,2.25);
#572=VECTOR('',#2012,2.);
#573=VECTOR('',#2027,2.25);
#574=VECTOR('',#2030,2.);
#575=VECTOR('',#2039,1.25);
#576=VECTOR('',#2048,1.36475);
#577=VECTOR('',#2053,1.2295);
#578=VECTOR('',#2062,1.36475);
#579=VECTOR('',#2067,1.2295);
#580=VECTOR('',#2080,1.25);
#581=VECTOR('',#2089,1.25);
#582=VECTOR('',#2094,2.25000000000004);
#583=VECTOR('',#2099,2.25000000000006);
#584=VECTOR('',#2102,10.);
#585=VECTOR('',#2103,10.);
#586=VECTOR('',#2104,10.);
#587=VECTOR('',#2107,10.);
#588=VECTOR('',#2108,10.);
#589=VECTOR('',#2109,10.);
#590=VECTOR('',#2112,10.);
#591=VECTOR('',#2113,10.);
#592=VECTOR('',#2114,10.);
#593=VECTOR('',#2117,10.);
#594=VECTOR('',#2118,10.);
#595=VECTOR('',#2119,10.);
#596=VECTOR('',#2122,10.);
#597=VECTOR('',#2123,10.);
#598=VECTOR('',#2128,10.);
#599=VECTOR('',#2129,10.);
#600=VECTOR('',#2144,10.);
#601=VECTOR('',#2145,10.);
#602=VECTOR('',#2146,10.);
#603=VECTOR('',#2147,10.);
#604=VECTOR('',#2148,10.);
#605=VECTOR('',#2149,10.);
#606=VECTOR('',#2152,10.);
#607=VECTOR('',#2153,10.);
#608=VECTOR('',#2154,10.);
#609=VECTOR('',#2157,10.);
#610=VECTOR('',#2158,10.);
#611=VECTOR('',#2161,10.);
#612=VECTOR('',#2162,10.);
#613=VECTOR('',#2165,10.);
#614=VECTOR('',#2170,10.);
#615=VECTOR('',#2171,10.);
#616=VECTOR('',#2182,4.59999999999976);
#617=VECTOR('',#2185,10.);
#618=VECTOR('',#2188,10.);
#619=VECTOR('',#2197,10.);
#620=VECTOR('',#2198,10.);
#621=VECTOR('',#2199,10.);
#622=VECTOR('',#2200,10.);
#623=VECTOR('',#2203,10.);
#624=VECTOR('',#2208,10.);
#625=VECTOR('',#2211,10.);
#626=VECTOR('',#2214,10.);
#627=VECTOR('',#2219,10.);
#628=VECTOR('',#2220,10.);
#629=VECTOR('',#2225,10.);
#630=VECTOR('',#2226,10.);
#631=VECTOR('',#2241,4.99999999999986);
#632=VECTOR('',#2248,10.);
#633=VECTOR('',#2249,10.);
#634=VECTOR('',#2252,10.);
#635=VECTOR('',#2253,10.);
#636=VECTOR('',#2258,10.);
#637=VECTOR('',#2261,10.);
#638=VECTOR('',#2262,10.);
#639=VECTOR('',#2265,10.);
#640=VECTOR('',#2266,10.);
#641=VECTOR('',#2267,10.);
#642=VECTOR('',#2268,10.);
#643=VECTOR('',#2269,10.);
#644=VECTOR('',#2270,10.);
#645=VECTOR('',#2273,10.);
#646=VECTOR('',#2274,10.);
#647=VECTOR('',#2279,10.);
#648=VECTOR('',#2282,10.);
#649=VECTOR('',#2283,10.);
#650=VECTOR('',#2288,10.);
#651=VECTOR('',#2291,10.);
#652=VECTOR('',#2292,10.);
#653=VECTOR('',#2297,10.);
#654=VECTOR('',#2304,10.);
#655=VECTOR('',#2307,10.);
#656=VECTOR('',#2310,4.99999999999987);
#657=VECTOR('',#2313,4.99999999999984);
#658=VECTOR('',#2316,10.);
#659=VERTEX_POINT('',#2321);
#660=VERTEX_POINT('',#2322);
#661=VERTEX_POINT('',#2324);
#662=VERTEX_POINT('',#2326);
#663=VERTEX_POINT('',#2330);
#664=VERTEX_POINT('',#2332);
#665=VERTEX_POINT('',#2334);
#666=VERTEX_POINT('',#2336);
#667=VERTEX_POINT('',#2338);
#668=VERTEX_POINT('',#2340);
#669=VERTEX_POINT('',#2344);
#670=VERTEX_POINT('',#2348);
#671=VERTEX_POINT('',#2349);
#672=VERTEX_POINT('',#2351);
#673=VERTEX_POINT('',#2353);
#674=VERTEX_POINT('',#2355);
#675=VERTEX_POINT('',#2359);
#676=VERTEX_POINT('',#2361);
#677=VERTEX_POINT('',#2365);
#678=VERTEX_POINT('',#2367);
#679=VERTEX_POINT('',#2369);
#680=VERTEX_POINT('',#2371);
#681=VERTEX_POINT('',#2375);
#682=VERTEX_POINT('',#2376);
#683=VERTEX_POINT('',#2382);
#684=VERTEX_POINT('',#2383);
#685=VERTEX_POINT('',#2390);
#686=VERTEX_POINT('',#2392);
#687=VERTEX_POINT('',#2394);
#688=VERTEX_POINT('',#2396);
#689=VERTEX_POINT('',#2398);
#690=VERTEX_POINT('',#2401);
#691=VERTEX_POINT('',#2403);
#692=VERTEX_POINT('',#2405);
#693=VERTEX_POINT('',#2406);
#694=VERTEX_POINT('',#2409);
#695=VERTEX_POINT('',#2411);
#696=VERTEX_POINT('',#2414);
#697=VERTEX_POINT('',#2416);
#698=VERTEX_POINT('',#2419);
#699=VERTEX_POINT('',#2423);
#700=VERTEX_POINT('',#2428);
#701=VERTEX_POINT('',#2430);
#702=VERTEX_POINT('',#2433);
#703=VERTEX_POINT('',#2437);
#704=VERTEX_POINT('',#2442);
#705=VERTEX_POINT('',#2444);
#706=VERTEX_POINT('',#2447);
#707=VERTEX_POINT('',#2451);
#708=VERTEX_POINT('',#2456);
#709=VERTEX_POINT('',#2458);
#710=VERTEX_POINT('',#2461);
#711=VERTEX_POINT('',#2465);
#712=VERTEX_POINT('',#2470);
#713=VERTEX_POINT('',#2472);
#714=VERTEX_POINT('',#2475);
#715=VERTEX_POINT('',#2479);
#716=VERTEX_POINT('',#2484);
#717=VERTEX_POINT('',#2486);
#718=VERTEX_POINT('',#2489);
#719=VERTEX_POINT('',#2493);
#720=VERTEX_POINT('',#2498);
#721=VERTEX_POINT('',#2500);
#722=VERTEX_POINT('',#2503);
#723=VERTEX_POINT('',#2507);
#724=VERTEX_POINT('',#2512);
#725=VERTEX_POINT('',#2514);
#726=VERTEX_POINT('',#2517);
#727=VERTEX_POINT('',#2521);
#728=VERTEX_POINT('',#2526);
#729=VERTEX_POINT('',#2528);
#730=VERTEX_POINT('',#2533);
#731=VERTEX_POINT('',#2535);
#732=VERTEX_POINT('',#2539);
#733=VERTEX_POINT('',#2544);
#734=VERTEX_POINT('',#2546);
#735=VERTEX_POINT('',#2550);
#736=VERTEX_POINT('',#2555);
#737=VERTEX_POINT('',#2557);
#738=VERTEX_POINT('',#2562);
#739=VERTEX_POINT('',#2564);
#740=VERTEX_POINT('',#2569);
#741=VERTEX_POINT('',#2573);
#742=VERTEX_POINT('',#2577);
#743=VERTEX_POINT('',#2579);
#744=VERTEX_POINT('',#2583);
#745=VERTEX_POINT('',#2585);
#746=VERTEX_POINT('',#2589);
#747=VERTEX_POINT('',#2591);
#748=VERTEX_POINT('',#2596);
#749=VERTEX_POINT('',#2600);
#750=VERTEX_POINT('',#2608);
#751=VERTEX_POINT('',#2610);
#752=VERTEX_POINT('',#2612);
#753=VERTEX_POINT('',#2614);
#754=VERTEX_POINT('',#2616);
#755=VERTEX_POINT('',#2619);
#756=VERTEX_POINT('',#2621);
#757=VERTEX_POINT('',#2623);
#758=VERTEX_POINT('',#2626);
#759=VERTEX_POINT('',#2630);
#760=VERTEX_POINT('',#2632);
#761=VERTEX_POINT('',#2636);
#762=VERTEX_POINT('',#2640);
#763=VERTEX_POINT('',#2647);
#764=VERTEX_POINT('',#2649);
#765=VERTEX_POINT('',#2653);
#766=VERTEX_POINT('',#2657);
#767=VERTEX_POINT('',#2659);
#768=VERTEX_POINT('',#2661);
#769=VERTEX_POINT('',#2663);
#770=VERTEX_POINT('',#2665);
#771=VERTEX_POINT('',#2669);
#772=VERTEX_POINT('',#2672);
#773=VERTEX_POINT('',#2673);
#774=VERTEX_POINT('',#2675);
#775=VERTEX_POINT('',#2677);
#776=VERTEX_POINT('',#2679);
#777=VERTEX_POINT('',#2681);
#778=VERTEX_POINT('',#2683);
#779=VERTEX_POINT('',#2687);
#780=VERTEX_POINT('',#2688);
#781=VERTEX_POINT('',#2690);
#782=VERTEX_POINT('',#2692);
#783=VERTEX_POINT('',#2694);
#784=VERTEX_POINT('',#2698);
#785=VERTEX_POINT('',#2699);
#786=VERTEX_POINT('',#2704);
#787=VERTEX_POINT('',#2705);
#788=VERTEX_POINT('',#2716);
#789=VERTEX_POINT('',#2720);
#790=VERTEX_POINT('',#2721);
#791=VERTEX_POINT('',#2726);
#792=VERTEX_POINT('',#2730);
#793=VERTEX_POINT('',#2734);
#794=VERTEX_POINT('',#2738);
#795=VERTEX_POINT('',#2740);
#796=VERTEX_POINT('',#2747);
#797=VERTEX_POINT('',#2751);
#798=VERTEX_POINT('',#2755);
#799=VERTEX_POINT('',#2759);
#800=VERTEX_POINT('',#2763);
#801=VERTEX_POINT('',#2767);
#802=VERTEX_POINT('',#2771);
#803=EDGE_CURVE('',#659,#660,#397,.T.);
#804=EDGE_CURVE('',#660,#661,#398,.T.);
#805=EDGE_CURVE('',#661,#662,#399,.F.);
#806=EDGE_CURVE('',#662,#659,#400,.T.);
#807=EDGE_CURVE('',#659,#663,#401,.T.);
#808=EDGE_CURVE('',#663,#664,#402,.T.);
#809=EDGE_CURVE('',#664,#665,#403,.T.);
#810=EDGE_CURVE('',#665,#666,#87,.T.);
#811=EDGE_CURVE('',#666,#667,#404,.T.);
#812=EDGE_CURVE('',#667,#668,#405,.T.);
#813=EDGE_CURVE('',#668,#660,#406,.T.);
#814=EDGE_CURVE('',#669,#662,#407,.T.);
#815=EDGE_CURVE('',#669,#663,#408,.T.);
#816=EDGE_CURVE('',#670,#671,#409,.T.);
#817=EDGE_CURVE('',#671,#672,#410,.T.);
#818=EDGE_CURVE('',#672,#673,#411,.F.);
#819=EDGE_CURVE('',#673,#674,#412,.T.);
#820=EDGE_CURVE('',#674,#670,#413,.T.);
#821=EDGE_CURVE('',#675,#671,#414,.T.);
#822=EDGE_CURVE('',#676,#675,#415,.T.);
#823=EDGE_CURVE('',#672,#676,#416,.T.);
#824=EDGE_CURVE('',#670,#677,#417,.T.);
#825=EDGE_CURVE('',#677,#678,#418,.T.);
#826=EDGE_CURVE('',#678,#679,#419,.T.);
#827=EDGE_CURVE('',#679,#680,#420,.T.);
#828=EDGE_CURVE('',#680,#675,#421,.T.);
#829=EDGE_CURVE('',#681,#682,#81,.T.);
#830=EDGE_CURVE('',#682,#681,#88,.T.);
#831=EDGE_CURVE('',#683,#684,#82,.T.);
#832=EDGE_CURVE('',#684,#683,#89,.T.);
#833=EDGE_CURVE('',#682,#683,#422,.T.);
#834=EDGE_CURVE('',#684,#685,#423,.T.);
#835=EDGE_CURVE('',#685,#686,#424,.T.);
#836=EDGE_CURVE('',#686,#687,#425,.T.);
#837=EDGE_CURVE('',#687,#688,#90,.T.);
#838=EDGE_CURVE('',#688,#689,#426,.T.);
#839=EDGE_CURVE('',#689,#681,#427,.T.);
#840=EDGE_CURVE('',#690,#690,#91,.T.);
#841=EDGE_CURVE('',#691,#691,#92,.T.);
#842=EDGE_CURVE('',#692,#693,#93,.T.);
#843=EDGE_CURVE('',#692,#693,#94,.T.);
#844=EDGE_CURVE('',#694,#694,#95,.T.);
#845=EDGE_CURVE('',#695,#695,#96,.T.);
#846=EDGE_CURVE('',#696,#696,#97,.T.);
#847=EDGE_CURVE('',#697,#697,#98,.T.);
#848=EDGE_CURVE('',#698,#698,#99,.T.);
#849=EDGE_CURVE('',#698,#696,#428,.T.);
#850=EDGE_CURVE('',#697,#699,#429,.T.);
#851=EDGE_CURVE('',#699,#699,#100,.T.);
#852=EDGE_CURVE('',#700,#700,#101,.T.);
#853=EDGE_CURVE('',#701,#701,#102,.T.);
#854=EDGE_CURVE('',#702,#702,#103,.T.);
#855=EDGE_CURVE('',#702,#700,#430,.T.);
#856=EDGE_CURVE('',#701,#703,#431,.T.);
#857=EDGE_CURVE('',#703,#703,#104,.T.);
#858=EDGE_CURVE('',#704,#704,#105,.T.);
#859=EDGE_CURVE('',#705,#705,#106,.T.);
#860=EDGE_CURVE('',#706,#706,#107,.T.);
#861=EDGE_CURVE('',#706,#704,#432,.T.);
#862=EDGE_CURVE('',#705,#707,#433,.T.);
#863=EDGE_CURVE('',#707,#707,#108,.T.);
#864=EDGE_CURVE('',#708,#708,#109,.T.);
#865=EDGE_CURVE('',#709,#709,#110,.T.);
#866=EDGE_CURVE('',#710,#710,#111,.T.);
#867=EDGE_CURVE('',#710,#708,#434,.T.);
#868=EDGE_CURVE('',#709,#711,#435,.T.);
#869=EDGE_CURVE('',#711,#711,#112,.T.);
#870=EDGE_CURVE('',#712,#712,#113,.T.);
#871=EDGE_CURVE('',#713,#713,#114,.T.);
#872=EDGE_CURVE('',#714,#714,#115,.T.);
#873=EDGE_CURVE('',#714,#712,#436,.T.);
#874=EDGE_CURVE('',#713,#715,#437,.T.);
#875=EDGE_CURVE('',#715,#715,#116,.T.);
#876=EDGE_CURVE('',#716,#716,#117,.T.);
#877=EDGE_CURVE('',#717,#717,#118,.T.);
#878=EDGE_CURVE('',#718,#718,#119,.T.);
#879=EDGE_CURVE('',#718,#716,#438,.T.);
#880=EDGE_CURVE('',#717,#719,#439,.T.);
#881=EDGE_CURVE('',#719,#719,#120,.T.);
#882=EDGE_CURVE('',#720,#720,#121,.T.);
#883=EDGE_CURVE('',#721,#721,#122,.T.);
#884=EDGE_CURVE('',#722,#722,#123,.T.);
#885=EDGE_CURVE('',#722,#720,#440,.T.);
#886=EDGE_CURVE('',#721,#723,#441,.T.);
#887=EDGE_CURVE('',#723,#723,#124,.T.);
#888=EDGE_CURVE('',#724,#724,#125,.T.);
#889=EDGE_CURVE('',#725,#725,#126,.T.);
#890=EDGE_CURVE('',#726,#726,#127,.T.);
#891=EDGE_CURVE('',#726,#724,#442,.T.);
#892=EDGE_CURVE('',#725,#727,#443,.T.);
#893=EDGE_CURVE('',#727,#727,#128,.T.);
#894=EDGE_CURVE('',#728,#728,#129,.T.);
#895=EDGE_CURVE('',#728,#729,#444,.T.);
#896=EDGE_CURVE('',#729,#729,#130,.T.);
#897=EDGE_CURVE('',#730,#730,#131,.T.);
#898=EDGE_CURVE('',#730,#731,#445,.T.);
#899=EDGE_CURVE('',#731,#731,#132,.T.);
#900=EDGE_CURVE('',#731,#732,#446,.T.);
#901=EDGE_CURVE('',#732,#732,#133,.T.);
#902=EDGE_CURVE('',#733,#733,#134,.T.);
#903=EDGE_CURVE('',#733,#734,#447,.T.);
#904=EDGE_CURVE('',#734,#734,#135,.T.);
#905=EDGE_CURVE('',#734,#735,#448,.T.);
#906=EDGE_CURVE('',#735,#735,#136,.T.);
#907=EDGE_CURVE('',#736,#736,#137,.T.);
#908=EDGE_CURVE('',#737,#737,#138,.T.);
#909=EDGE_CURVE('',#737,#695,#449,.T.);
#910=EDGE_CURVE('',#738,#738,#139,.T.);
#911=EDGE_CURVE('',#739,#739,#140,.T.);
#912=EDGE_CURVE('',#739,#694,#450,.T.);
#913=EDGE_CURVE('',#740,#740,#141,.T.);
#914=EDGE_CURVE('',#740,#736,#451,.T.);
#915=EDGE_CURVE('',#741,#741,#142,.T.);
#916=EDGE_CURVE('',#741,#738,#452,.T.);
#917=EDGE_CURVE('',#742,#666,#453,.T.);
#918=EDGE_CURVE('',#743,#742,#454,.T.);
#919=EDGE_CURVE('',#743,#667,#455,.T.);
#920=EDGE_CURVE('',#744,#664,#456,.T.);
#921=EDGE_CURVE('',#745,#744,#457,.T.);
#922=EDGE_CURVE('',#745,#665,#458,.T.);
#923=EDGE_CURVE('',#673,#746,#459,.T.);
#924=EDGE_CURVE('',#746,#747,#460,.T.);
#925=EDGE_CURVE('',#674,#747,#461,.T.);
#926=EDGE_CURVE('',#747,#677,#462,.T.);
#927=EDGE_CURVE('',#747,#748,#463,.T.);
#928=EDGE_CURVE('',#748,#678,#464,.T.);
#929=EDGE_CURVE('',#749,#748,#465,.T.);
#930=EDGE_CURVE('',#749,#679,#466,.T.);
#931=EDGE_CURVE('',#661,#673,#467,.T.);
#932=EDGE_CURVE('',#676,#669,#468,.T.);
#933=EDGE_CURVE('',#742,#750,#143,.T.);
#934=EDGE_CURVE('',#750,#751,#144,.T.);
#935=EDGE_CURVE('',#751,#752,#145,.T.);
#936=EDGE_CURVE('',#752,#753,#146,.T.);
#937=EDGE_CURVE('',#753,#754,#147,.T.);
#938=EDGE_CURVE('',#754,#745,#148,.T.);
#939=EDGE_CURVE('',#744,#755,#469,.T.);
#940=EDGE_CURVE('',#755,#756,#470,.T.);
#941=EDGE_CURVE('',#756,#757,#471,.T.);
#942=EDGE_CURVE('',#757,#749,#472,.T.);
#943=EDGE_CURVE('',#748,#758,#473,.T.);
#944=EDGE_CURVE('',#758,#743,#474,.T.);
#945=EDGE_CURVE('',#668,#759,#475,.T.);
#946=EDGE_CURVE('',#759,#760,#476,.T.);
#947=EDGE_CURVE('',#746,#760,#477,.T.);
#948=EDGE_CURVE('',#758,#761,#478,.T.);
#949=EDGE_CURVE('',#761,#759,#479,.T.);
#950=EDGE_CURVE('',#748,#762,#480,.T.);
#951=EDGE_CURVE('',#762,#761,#481,.T.);
#952=EDGE_CURVE('',#760,#762,#482,.T.);
#953=EDGE_CURVE('',#692,#763,#483,.T.);
#954=EDGE_CURVE('',#764,#693,#484,.T.);
#955=EDGE_CURVE('',#763,#764,#149,.T.);
#956=EDGE_CURVE('',#763,#765,#150,.T.);
#957=EDGE_CURVE('',#765,#764,#151,.T.);
#958=EDGE_CURVE('',#765,#766,#485,.T.);
#959=EDGE_CURVE('',#767,#766,#152,.T.);
#960=EDGE_CURVE('',#768,#767,#486,.T.);
#961=EDGE_CURVE('',#769,#768,#153,.T.);
#962=EDGE_CURVE('',#769,#770,#487,.T.);
#963=EDGE_CURVE('',#766,#770,#154,.T.);
#964=EDGE_CURVE('',#771,#771,#155,.T.);
#965=EDGE_CURVE('',#772,#773,#488,.T.);
#966=EDGE_CURVE('',#774,#773,#489,.T.);
#967=EDGE_CURVE('',#775,#774,#490,.T.);
#968=EDGE_CURVE('',#775,#776,#491,.T.);
#969=EDGE_CURVE('',#776,#777,#156,.T.);
#970=EDGE_CURVE('',#777,#778,#492,.T.);
#971=EDGE_CURVE('',#778,#772,#157,.T.);
#972=EDGE_CURVE('',#779,#780,#493,.T.);
#973=EDGE_CURVE('',#780,#781,#158,.T.);
#974=EDGE_CURVE('',#781,#782,#494,.T.);
#975=EDGE_CURVE('',#782,#783,#159,.T.);
#976=EDGE_CURVE('',#779,#783,#495,.T.);
#977=EDGE_CURVE('',#784,#785,#160,.T.);
#978=EDGE_CURVE('',#784,#753,#496,.T.);
#979=EDGE_CURVE('',#785,#752,#497,.T.);
#980=EDGE_CURVE('',#786,#787,#161,.T.);
#981=EDGE_CURVE('',#786,#750,#498,.T.);
#982=EDGE_CURVE('',#787,#754,#499,.T.);
#983=EDGE_CURVE('',#787,#767,#162,.T.);
#984=EDGE_CURVE('',#770,#784,#163,.T.);
#985=EDGE_CURVE('',#785,#786,#164,.T.);
#986=EDGE_CURVE('',#768,#769,#165,.T.);
#987=EDGE_CURVE('',#771,#788,#500,.T.);
#988=EDGE_CURVE('',#788,#788,#166,.T.);
#989=EDGE_CURVE('',#789,#790,#167,.T.);
#990=EDGE_CURVE('',#790,#783,#501,.T.);
#991=EDGE_CURVE('',#789,#782,#502,.T.);
#992=EDGE_CURVE('',#791,#789,#503,.T.);
#993=EDGE_CURVE('',#791,#781,#504,.T.);
#994=EDGE_CURVE('',#792,#791,#168,.T.);
#995=EDGE_CURVE('',#792,#780,#505,.T.);
#996=EDGE_CURVE('',#793,#792,#506,.T.);
#997=EDGE_CURVE('',#793,#779,#507,.T.);
#998=EDGE_CURVE('',#794,#793,#508,.T.);
#999=EDGE_CURVE('',#790,#795,#509,.T.);
#1000=EDGE_CURVE('',#795,#687,#510,.T.);
#1001=EDGE_CURVE('',#686,#757,#511,.T.);
#1002=EDGE_CURVE('',#774,#756,#512,.T.);
#1003=EDGE_CURVE('',#794,#773,#513,.T.);
#1004=EDGE_CURVE('',#796,#794,#514,.T.);
#1005=EDGE_CURVE('',#796,#772,#515,.T.);
#1006=EDGE_CURVE('',#797,#796,#169,.T.);
#1007=EDGE_CURVE('',#797,#778,#516,.T.);
#1008=EDGE_CURVE('',#798,#797,#517,.T.);
#1009=EDGE_CURVE('',#798,#777,#518,.T.);
#1010=EDGE_CURVE('',#799,#798,#170,.T.);
#1011=EDGE_CURVE('',#799,#776,#519,.T.);
#1012=EDGE_CURVE('',#800,#799,#520,.T.);
#1013=EDGE_CURVE('',#800,#775,#521,.T.);
#1014=EDGE_CURVE('',#801,#795,#171,.T.);
#1015=EDGE_CURVE('',#688,#801,#522,.T.);
#1016=EDGE_CURVE('',#802,#802,#172,.T.);
#1017=EDGE_CURVE('',#801,#800,#523,.T.);
#1018=EDGE_CURVE('',#685,#680,#524,.T.);
#1019=EDGE_CURVE('',#691,#751,#525,.T.);
#1020=EDGE_CURVE('',#690,#802,#526,.T.);
#1021=EDGE_CURVE('',#689,#755,#527,.T.);
#1022=ORIENTED_EDGE('',*,*,#803,.T.);
#1023=ORIENTED_EDGE('',*,*,#804,.T.);
#1024=ORIENTED_EDGE('',*,*,#805,.T.);
#1025=ORIENTED_EDGE('',*,*,#806,.T.);
#1026=ORIENTED_EDGE('',*,*,#803,.F.);
#1027=ORIENTED_EDGE('',*,*,#807,.T.);
#1028=ORIENTED_EDGE('',*,*,#808,.T.);
#1029=ORIENTED_EDGE('',*,*,#809,.T.);
#1030=ORIENTED_EDGE('',*,*,#810,.T.);
#1031=ORIENTED_EDGE('',*,*,#811,.T.);
#1032=ORIENTED_EDGE('',*,*,#812,.T.);
#1033=ORIENTED_EDGE('',*,*,#813,.T.);
#1034=ORIENTED_EDGE('',*,*,#806,.F.);
#1035=ORIENTED_EDGE('',*,*,#814,.F.);
#1036=ORIENTED_EDGE('',*,*,#815,.T.);
#1037=ORIENTED_EDGE('',*,*,#807,.F.);
#1038=ORIENTED_EDGE('',*,*,#816,.T.);
#1039=ORIENTED_EDGE('',*,*,#817,.T.);
#1040=ORIENTED_EDGE('',*,*,#818,.T.);
#1041=ORIENTED_EDGE('',*,*,#819,.T.);
#1042=ORIENTED_EDGE('',*,*,#820,.T.);
#1043=ORIENTED_EDGE('',*,*,#817,.F.);
#1044=ORIENTED_EDGE('',*,*,#821,.F.);
#1045=ORIENTED_EDGE('',*,*,#822,.F.);
#1046=ORIENTED_EDGE('',*,*,#823,.F.);
#1047=ORIENTED_EDGE('',*,*,#816,.F.);
#1048=ORIENTED_EDGE('',*,*,#824,.T.);
#1049=ORIENTED_EDGE('',*,*,#825,.T.);
#1050=ORIENTED_EDGE('',*,*,#826,.T.);
#1051=ORIENTED_EDGE('',*,*,#827,.T.);
#1052=ORIENTED_EDGE('',*,*,#828,.T.);
#1053=ORIENTED_EDGE('',*,*,#821,.T.);
#1054=ORIENTED_EDGE('',*,*,#829,.F.);
#1055=ORIENTED_EDGE('',*,*,#830,.F.);
#1056=ORIENTED_EDGE('',*,*,#831,.F.);
#1057=ORIENTED_EDGE('',*,*,#832,.F.);
#1058=ORIENTED_EDGE('',*,*,#829,.T.);
#1059=ORIENTED_EDGE('',*,*,#833,.T.);
#1060=ORIENTED_EDGE('',*,*,#831,.T.);
#1061=ORIENTED_EDGE('',*,*,#834,.T.);
#1062=ORIENTED_EDGE('',*,*,#835,.T.);
#1063=ORIENTED_EDGE('',*,*,#836,.T.);
#1064=ORIENTED_EDGE('',*,*,#837,.T.);
#1065=ORIENTED_EDGE('',*,*,#838,.T.);
#1066=ORIENTED_EDGE('',*,*,#839,.T.);
#1067=ORIENTED_EDGE('',*,*,#840,.T.);
#1068=ORIENTED_EDGE('',*,*,#841,.T.);
#1069=ORIENTED_EDGE('',*,*,#842,.T.);
#1070=ORIENTED_EDGE('',*,*,#843,.F.);
#1071=ORIENTED_EDGE('',*,*,#844,.T.);
#1072=ORIENTED_EDGE('',*,*,#845,.T.);
#1073=ORIENTED_EDGE('',*,*,#846,.T.);
#1074=ORIENTED_EDGE('',*,*,#847,.F.);
#1075=ORIENTED_EDGE('',*,*,#848,.F.);
#1076=ORIENTED_EDGE('',*,*,#849,.T.);
#1077=ORIENTED_EDGE('',*,*,#846,.F.);
#1078=ORIENTED_EDGE('',*,*,#849,.F.);
#1079=ORIENTED_EDGE('',*,*,#847,.T.);
#1080=ORIENTED_EDGE('',*,*,#850,.T.);
#1081=ORIENTED_EDGE('',*,*,#851,.F.);
#1082=ORIENTED_EDGE('',*,*,#850,.F.);
#1083=ORIENTED_EDGE('',*,*,#851,.T.);
#1084=ORIENTED_EDGE('',*,*,#852,.T.);
#1085=ORIENTED_EDGE('',*,*,#853,.F.);
#1086=ORIENTED_EDGE('',*,*,#854,.F.);
#1087=ORIENTED_EDGE('',*,*,#855,.T.);
#1088=ORIENTED_EDGE('',*,*,#852,.F.);
#1089=ORIENTED_EDGE('',*,*,#855,.F.);
#1090=ORIENTED_EDGE('',*,*,#853,.T.);
#1091=ORIENTED_EDGE('',*,*,#856,.T.);
#1092=ORIENTED_EDGE('',*,*,#857,.F.);
#1093=ORIENTED_EDGE('',*,*,#856,.F.);
#1094=ORIENTED_EDGE('',*,*,#857,.T.);
#1095=ORIENTED_EDGE('',*,*,#858,.T.);
#1096=ORIENTED_EDGE('',*,*,#859,.F.);
#1097=ORIENTED_EDGE('',*,*,#860,.F.);
#1098=ORIENTED_EDGE('',*,*,#861,.T.);
#1099=ORIENTED_EDGE('',*,*,#858,.F.);
#1100=ORIENTED_EDGE('',*,*,#861,.F.);
#1101=ORIENTED_EDGE('',*,*,#859,.T.);
#1102=ORIENTED_EDGE('',*,*,#862,.T.);
#1103=ORIENTED_EDGE('',*,*,#863,.F.);
#1104=ORIENTED_EDGE('',*,*,#862,.F.);
#1105=ORIENTED_EDGE('',*,*,#863,.T.);
#1106=ORIENTED_EDGE('',*,*,#864,.T.);
#1107=ORIENTED_EDGE('',*,*,#865,.F.);
#1108=ORIENTED_EDGE('',*,*,#866,.F.);
#1109=ORIENTED_EDGE('',*,*,#867,.T.);
#1110=ORIENTED_EDGE('',*,*,#864,.F.);
#1111=ORIENTED_EDGE('',*,*,#867,.F.);
#1112=ORIENTED_EDGE('',*,*,#865,.T.);
#1113=ORIENTED_EDGE('',*,*,#868,.T.);
#1114=ORIENTED_EDGE('',*,*,#869,.F.);
#1115=ORIENTED_EDGE('',*,*,#868,.F.);
#1116=ORIENTED_EDGE('',*,*,#869,.T.);
#1117=ORIENTED_EDGE('',*,*,#870,.T.);
#1118=ORIENTED_EDGE('',*,*,#871,.F.);
#1119=ORIENTED_EDGE('',*,*,#872,.F.);
#1120=ORIENTED_EDGE('',*,*,#873,.T.);
#1121=ORIENTED_EDGE('',*,*,#870,.F.);
#1122=ORIENTED_EDGE('',*,*,#873,.F.);
#1123=ORIENTED_EDGE('',*,*,#871,.T.);
#1124=ORIENTED_EDGE('',*,*,#874,.T.);
#1125=ORIENTED_EDGE('',*,*,#875,.F.);
#1126=ORIENTED_EDGE('',*,*,#874,.F.);
#1127=ORIENTED_EDGE('',*,*,#875,.T.);
#1128=ORIENTED_EDGE('',*,*,#876,.T.);
#1129=ORIENTED_EDGE('',*,*,#877,.F.);
#1130=ORIENTED_EDGE('',*,*,#878,.F.);
#1131=ORIENTED_EDGE('',*,*,#879,.T.);
#1132=ORIENTED_EDGE('',*,*,#876,.F.);
#1133=ORIENTED_EDGE('',*,*,#879,.F.);
#1134=ORIENTED_EDGE('',*,*,#877,.T.);
#1135=ORIENTED_EDGE('',*,*,#880,.T.);
#1136=ORIENTED_EDGE('',*,*,#881,.F.);
#1137=ORIENTED_EDGE('',*,*,#880,.F.);
#1138=ORIENTED_EDGE('',*,*,#881,.T.);
#1139=ORIENTED_EDGE('',*,*,#882,.T.);
#1140=ORIENTED_EDGE('',*,*,#883,.F.);
#1141=ORIENTED_EDGE('',*,*,#884,.F.);
#1142=ORIENTED_EDGE('',*,*,#885,.T.);
#1143=ORIENTED_EDGE('',*,*,#882,.F.);
#1144=ORIENTED_EDGE('',*,*,#885,.F.);
#1145=ORIENTED_EDGE('',*,*,#883,.T.);
#1146=ORIENTED_EDGE('',*,*,#886,.T.);
#1147=ORIENTED_EDGE('',*,*,#887,.F.);
#1148=ORIENTED_EDGE('',*,*,#886,.F.);
#1149=ORIENTED_EDGE('',*,*,#887,.T.);
#1150=ORIENTED_EDGE('',*,*,#888,.T.);
#1151=ORIENTED_EDGE('',*,*,#889,.F.);
#1152=ORIENTED_EDGE('',*,*,#890,.F.);
#1153=ORIENTED_EDGE('',*,*,#891,.T.);
#1154=ORIENTED_EDGE('',*,*,#888,.F.);
#1155=ORIENTED_EDGE('',*,*,#891,.F.);
#1156=ORIENTED_EDGE('',*,*,#889,.T.);
#1157=ORIENTED_EDGE('',*,*,#892,.T.);
#1158=ORIENTED_EDGE('',*,*,#893,.F.);
#1159=ORIENTED_EDGE('',*,*,#892,.F.);
#1160=ORIENTED_EDGE('',*,*,#893,.T.);
#1161=ORIENTED_EDGE('',*,*,#894,.F.);
#1162=ORIENTED_EDGE('',*,*,#895,.T.);
#1163=ORIENTED_EDGE('',*,*,#896,.F.);
#1164=ORIENTED_EDGE('',*,*,#895,.F.);
#1165=ORIENTED_EDGE('',*,*,#896,.T.);
#1166=ORIENTED_EDGE('',*,*,#897,.F.);
#1167=ORIENTED_EDGE('',*,*,#898,.T.);
#1168=ORIENTED_EDGE('',*,*,#899,.F.);
#1169=ORIENTED_EDGE('',*,*,#898,.F.);
#1170=ORIENTED_EDGE('',*,*,#899,.T.);
#1171=ORIENTED_EDGE('',*,*,#900,.T.);
#1172=ORIENTED_EDGE('',*,*,#901,.F.);
#1173=ORIENTED_EDGE('',*,*,#900,.F.);
#1174=ORIENTED_EDGE('',*,*,#901,.T.);
#1175=ORIENTED_EDGE('',*,*,#902,.F.);
#1176=ORIENTED_EDGE('',*,*,#903,.T.);
#1177=ORIENTED_EDGE('',*,*,#904,.F.);
#1178=ORIENTED_EDGE('',*,*,#903,.F.);
#1179=ORIENTED_EDGE('',*,*,#904,.T.);
#1180=ORIENTED_EDGE('',*,*,#905,.T.);
#1181=ORIENTED_EDGE('',*,*,#906,.F.);
#1182=ORIENTED_EDGE('',*,*,#905,.F.);
#1183=ORIENTED_EDGE('',*,*,#906,.T.);
#1184=ORIENTED_EDGE('',*,*,#907,.T.);
#1185=ORIENTED_EDGE('',*,*,#908,.F.);
#1186=ORIENTED_EDGE('',*,*,#908,.T.);
#1187=ORIENTED_EDGE('',*,*,#909,.T.);
#1188=ORIENTED_EDGE('',*,*,#845,.F.);
#1189=ORIENTED_EDGE('',*,*,#909,.F.);
#1190=ORIENTED_EDGE('',*,*,#910,.T.);
#1191=ORIENTED_EDGE('',*,*,#911,.F.);
#1192=ORIENTED_EDGE('',*,*,#911,.T.);
#1193=ORIENTED_EDGE('',*,*,#912,.T.);
#1194=ORIENTED_EDGE('',*,*,#844,.F.);
#1195=ORIENTED_EDGE('',*,*,#912,.F.);
#1196=ORIENTED_EDGE('',*,*,#913,.F.);
#1197=ORIENTED_EDGE('',*,*,#914,.T.);
#1198=ORIENTED_EDGE('',*,*,#907,.F.);
#1199=ORIENTED_EDGE('',*,*,#914,.F.);
#1200=ORIENTED_EDGE('',*,*,#915,.F.);
#1201=ORIENTED_EDGE('',*,*,#916,.T.);
#1202=ORIENTED_EDGE('',*,*,#910,.F.);
#1203=ORIENTED_EDGE('',*,*,#916,.F.);
#1204=ORIENTED_EDGE('',*,*,#811,.F.);
#1205=ORIENTED_EDGE('',*,*,#917,.F.);
#1206=ORIENTED_EDGE('',*,*,#918,.F.);
#1207=ORIENTED_EDGE('',*,*,#919,.T.);
#1208=ORIENTED_EDGE('',*,*,#809,.F.);
#1209=ORIENTED_EDGE('',*,*,#920,.F.);
#1210=ORIENTED_EDGE('',*,*,#921,.F.);
#1211=ORIENTED_EDGE('',*,*,#922,.T.);
#1212=ORIENTED_EDGE('',*,*,#819,.F.);
#1213=ORIENTED_EDGE('',*,*,#923,.T.);
#1214=ORIENTED_EDGE('',*,*,#924,.T.);
#1215=ORIENTED_EDGE('',*,*,#925,.F.);
#1216=ORIENTED_EDGE('',*,*,#825,.F.);
#1217=ORIENTED_EDGE('',*,*,#926,.F.);
#1218=ORIENTED_EDGE('',*,*,#927,.T.);
#1219=ORIENTED_EDGE('',*,*,#928,.T.);
#1220=ORIENTED_EDGE('',*,*,#826,.F.);
#1221=ORIENTED_EDGE('',*,*,#928,.F.);
#1222=ORIENTED_EDGE('',*,*,#929,.F.);
#1223=ORIENTED_EDGE('',*,*,#930,.T.);
#1224=ORIENTED_EDGE('',*,*,#820,.F.);
#1225=ORIENTED_EDGE('',*,*,#925,.T.);
#1226=ORIENTED_EDGE('',*,*,#926,.T.);
#1227=ORIENTED_EDGE('',*,*,#824,.F.);
#1228=ORIENTED_EDGE('',*,*,#814,.T.);
#1229=ORIENTED_EDGE('',*,*,#805,.F.);
#1230=ORIENTED_EDGE('',*,*,#931,.T.);
#1231=ORIENTED_EDGE('',*,*,#818,.F.);
#1232=ORIENTED_EDGE('',*,*,#823,.T.);
#1233=ORIENTED_EDGE('',*,*,#932,.T.);
#1234=ORIENTED_EDGE('',*,*,#918,.T.);
#1235=ORIENTED_EDGE('',*,*,#933,.T.);
#1236=ORIENTED_EDGE('',*,*,#934,.T.);
#1237=ORIENTED_EDGE('',*,*,#935,.T.);
#1238=ORIENTED_EDGE('',*,*,#936,.T.);
#1239=ORIENTED_EDGE('',*,*,#937,.T.);
#1240=ORIENTED_EDGE('',*,*,#938,.T.);
#1241=ORIENTED_EDGE('',*,*,#921,.T.);
#1242=ORIENTED_EDGE('',*,*,#939,.T.);
#1243=ORIENTED_EDGE('',*,*,#940,.T.);
#1244=ORIENTED_EDGE('',*,*,#941,.T.);
#1245=ORIENTED_EDGE('',*,*,#942,.T.);
#1246=ORIENTED_EDGE('',*,*,#929,.T.);
#1247=ORIENTED_EDGE('',*,*,#943,.T.);
#1248=ORIENTED_EDGE('',*,*,#944,.T.);
#1249=ORIENTED_EDGE('',*,*,#866,.T.);
#1250=ORIENTED_EDGE('',*,*,#872,.T.);
#1251=ORIENTED_EDGE('',*,*,#878,.T.);
#1252=ORIENTED_EDGE('',*,*,#884,.T.);
#1253=ORIENTED_EDGE('',*,*,#890,.T.);
#1254=ORIENTED_EDGE('',*,*,#913,.T.);
#1255=ORIENTED_EDGE('',*,*,#915,.T.);
#1256=ORIENTED_EDGE('',*,*,#804,.F.);
#1257=ORIENTED_EDGE('',*,*,#813,.F.);
#1258=ORIENTED_EDGE('',*,*,#945,.T.);
#1259=ORIENTED_EDGE('',*,*,#946,.T.);
#1260=ORIENTED_EDGE('',*,*,#947,.F.);
#1261=ORIENTED_EDGE('',*,*,#923,.F.);
#1262=ORIENTED_EDGE('',*,*,#931,.F.);
#1263=ORIENTED_EDGE('',*,*,#944,.F.);
#1264=ORIENTED_EDGE('',*,*,#948,.T.);
#1265=ORIENTED_EDGE('',*,*,#949,.T.);
#1266=ORIENTED_EDGE('',*,*,#945,.F.);
#1267=ORIENTED_EDGE('',*,*,#812,.F.);
#1268=ORIENTED_EDGE('',*,*,#919,.F.);
#1269=ORIENTED_EDGE('',*,*,#943,.F.);
#1270=ORIENTED_EDGE('',*,*,#950,.T.);
#1271=ORIENTED_EDGE('',*,*,#951,.T.);
#1272=ORIENTED_EDGE('',*,*,#948,.F.);
#1273=ORIENTED_EDGE('',*,*,#924,.F.);
#1274=ORIENTED_EDGE('',*,*,#947,.T.);
#1275=ORIENTED_EDGE('',*,*,#952,.T.);
#1276=ORIENTED_EDGE('',*,*,#950,.F.);
#1277=ORIENTED_EDGE('',*,*,#927,.F.);
#1278=ORIENTED_EDGE('',*,*,#952,.F.);
#1279=ORIENTED_EDGE('',*,*,#946,.F.);
#1280=ORIENTED_EDGE('',*,*,#949,.F.);
#1281=ORIENTED_EDGE('',*,*,#951,.F.);
#1282=ORIENTED_EDGE('',*,*,#953,.F.);
#1283=ORIENTED_EDGE('',*,*,#843,.T.);
#1284=ORIENTED_EDGE('',*,*,#954,.F.);
#1285=ORIENTED_EDGE('',*,*,#955,.F.);
#1286=ORIENTED_EDGE('',*,*,#956,.F.);
#1287=ORIENTED_EDGE('',*,*,#955,.T.);
#1288=ORIENTED_EDGE('',*,*,#957,.F.);
#1289=ORIENTED_EDGE('',*,*,#894,.T.);
#1290=ORIENTED_EDGE('',*,*,#953,.T.);
#1291=ORIENTED_EDGE('',*,*,#956,.T.);
#1292=ORIENTED_EDGE('',*,*,#958,.T.);
#1293=ORIENTED_EDGE('',*,*,#959,.F.);
#1294=ORIENTED_EDGE('',*,*,#960,.F.);
#1295=ORIENTED_EDGE('',*,*,#961,.F.);
#1296=ORIENTED_EDGE('',*,*,#962,.T.);
#1297=ORIENTED_EDGE('',*,*,#963,.F.);
#1298=ORIENTED_EDGE('',*,*,#958,.F.);
#1299=ORIENTED_EDGE('',*,*,#957,.T.);
#1300=ORIENTED_EDGE('',*,*,#954,.T.);
#1301=ORIENTED_EDGE('',*,*,#842,.F.);
#1302=ORIENTED_EDGE('',*,*,#964,.T.);
#1303=ORIENTED_EDGE('',*,*,#965,.T.);
#1304=ORIENTED_EDGE('',*,*,#966,.F.);
#1305=ORIENTED_EDGE('',*,*,#967,.F.);
#1306=ORIENTED_EDGE('',*,*,#968,.T.);
#1307=ORIENTED_EDGE('',*,*,#969,.T.);
#1308=ORIENTED_EDGE('',*,*,#970,.T.);
#1309=ORIENTED_EDGE('',*,*,#971,.T.);
#1310=ORIENTED_EDGE('',*,*,#972,.T.);
#1311=ORIENTED_EDGE('',*,*,#973,.T.);
#1312=ORIENTED_EDGE('',*,*,#974,.T.);
#1313=ORIENTED_EDGE('',*,*,#975,.T.);
#1314=ORIENTED_EDGE('',*,*,#976,.F.);
#1315=ORIENTED_EDGE('',*,*,#977,.F.);
#1316=ORIENTED_EDGE('',*,*,#978,.T.);
#1317=ORIENTED_EDGE('',*,*,#936,.F.);
#1318=ORIENTED_EDGE('',*,*,#979,.F.);
#1319=ORIENTED_EDGE('',*,*,#980,.F.);
#1320=ORIENTED_EDGE('',*,*,#981,.T.);
#1321=ORIENTED_EDGE('',*,*,#933,.F.);
#1322=ORIENTED_EDGE('',*,*,#917,.T.);
#1323=ORIENTED_EDGE('',*,*,#810,.F.);
#1324=ORIENTED_EDGE('',*,*,#922,.F.);
#1325=ORIENTED_EDGE('',*,*,#938,.F.);
#1326=ORIENTED_EDGE('',*,*,#982,.F.);
#1327=ORIENTED_EDGE('',*,*,#980,.T.);
#1328=ORIENTED_EDGE('',*,*,#983,.T.);
#1329=ORIENTED_EDGE('',*,*,#959,.T.);
#1330=ORIENTED_EDGE('',*,*,#963,.T.);
#1331=ORIENTED_EDGE('',*,*,#984,.T.);
#1332=ORIENTED_EDGE('',*,*,#977,.T.);
#1333=ORIENTED_EDGE('',*,*,#985,.T.);
#1334=ORIENTED_EDGE('',*,*,#986,.F.);
#1335=ORIENTED_EDGE('',*,*,#960,.T.);
#1336=ORIENTED_EDGE('',*,*,#983,.F.);
#1337=ORIENTED_EDGE('',*,*,#982,.T.);
#1338=ORIENTED_EDGE('',*,*,#937,.F.);
#1339=ORIENTED_EDGE('',*,*,#978,.F.);
#1340=ORIENTED_EDGE('',*,*,#984,.F.);
#1341=ORIENTED_EDGE('',*,*,#962,.F.);
#1342=ORIENTED_EDGE('',*,*,#964,.F.);
#1343=ORIENTED_EDGE('',*,*,#987,.T.);
#1344=ORIENTED_EDGE('',*,*,#988,.T.);
#1345=ORIENTED_EDGE('',*,*,#987,.F.);
#1346=ORIENTED_EDGE('',*,*,#989,.T.);
#1347=ORIENTED_EDGE('',*,*,#990,.T.);
#1348=ORIENTED_EDGE('',*,*,#975,.F.);
#1349=ORIENTED_EDGE('',*,*,#991,.F.);
#1350=ORIENTED_EDGE('',*,*,#992,.T.);
#1351=ORIENTED_EDGE('',*,*,#991,.T.);
#1352=ORIENTED_EDGE('',*,*,#974,.F.);
#1353=ORIENTED_EDGE('',*,*,#993,.F.);
#1354=ORIENTED_EDGE('',*,*,#994,.T.);
#1355=ORIENTED_EDGE('',*,*,#993,.T.);
#1356=ORIENTED_EDGE('',*,*,#973,.F.);
#1357=ORIENTED_EDGE('',*,*,#995,.F.);
#1358=ORIENTED_EDGE('',*,*,#996,.T.);
#1359=ORIENTED_EDGE('',*,*,#995,.T.);
#1360=ORIENTED_EDGE('',*,*,#972,.F.);
#1361=ORIENTED_EDGE('',*,*,#997,.F.);
#1362=ORIENTED_EDGE('',*,*,#998,.T.);
#1363=ORIENTED_EDGE('',*,*,#997,.T.);
#1364=ORIENTED_EDGE('',*,*,#976,.T.);
#1365=ORIENTED_EDGE('',*,*,#990,.F.);
#1366=ORIENTED_EDGE('',*,*,#999,.T.);
#1367=ORIENTED_EDGE('',*,*,#1000,.T.);
#1368=ORIENTED_EDGE('',*,*,#836,.F.);
#1369=ORIENTED_EDGE('',*,*,#1001,.T.);
#1370=ORIENTED_EDGE('',*,*,#941,.F.);
#1371=ORIENTED_EDGE('',*,*,#1002,.F.);
#1372=ORIENTED_EDGE('',*,*,#966,.T.);
#1373=ORIENTED_EDGE('',*,*,#1003,.F.);
#1374=ORIENTED_EDGE('',*,*,#848,.T.);
#1375=ORIENTED_EDGE('',*,*,#854,.T.);
#1376=ORIENTED_EDGE('',*,*,#860,.T.);
#1377=ORIENTED_EDGE('',*,*,#1004,.T.);
#1378=ORIENTED_EDGE('',*,*,#1003,.T.);
#1379=ORIENTED_EDGE('',*,*,#965,.F.);
#1380=ORIENTED_EDGE('',*,*,#1005,.F.);
#1381=ORIENTED_EDGE('',*,*,#1006,.T.);
#1382=ORIENTED_EDGE('',*,*,#1005,.T.);
#1383=ORIENTED_EDGE('',*,*,#971,.F.);
#1384=ORIENTED_EDGE('',*,*,#1007,.F.);
#1385=ORIENTED_EDGE('',*,*,#1008,.T.);
#1386=ORIENTED_EDGE('',*,*,#1007,.T.);
#1387=ORIENTED_EDGE('',*,*,#970,.F.);
#1388=ORIENTED_EDGE('',*,*,#1009,.F.);
#1389=ORIENTED_EDGE('',*,*,#1010,.T.);
#1390=ORIENTED_EDGE('',*,*,#1009,.T.);
#1391=ORIENTED_EDGE('',*,*,#969,.F.);
#1392=ORIENTED_EDGE('',*,*,#1011,.F.);
#1393=ORIENTED_EDGE('',*,*,#1012,.T.);
#1394=ORIENTED_EDGE('',*,*,#1011,.T.);
#1395=ORIENTED_EDGE('',*,*,#968,.F.);
#1396=ORIENTED_EDGE('',*,*,#1013,.F.);
#1397=ORIENTED_EDGE('',*,*,#1014,.F.);
#1398=ORIENTED_EDGE('',*,*,#1015,.F.);
#1399=ORIENTED_EDGE('',*,*,#837,.F.);
#1400=ORIENTED_EDGE('',*,*,#1000,.F.);
#1401=ORIENTED_EDGE('',*,*,#986,.T.);
#1402=ORIENTED_EDGE('',*,*,#961,.T.);
#1403=ORIENTED_EDGE('',*,*,#1016,.T.);
#1404=ORIENTED_EDGE('',*,*,#1014,.T.);
#1405=ORIENTED_EDGE('',*,*,#999,.F.);
#1406=ORIENTED_EDGE('',*,*,#989,.F.);
#1407=ORIENTED_EDGE('',*,*,#992,.F.);
#1408=ORIENTED_EDGE('',*,*,#994,.F.);
#1409=ORIENTED_EDGE('',*,*,#996,.F.);
#1410=ORIENTED_EDGE('',*,*,#998,.F.);
#1411=ORIENTED_EDGE('',*,*,#1004,.F.);
#1412=ORIENTED_EDGE('',*,*,#1006,.F.);
#1413=ORIENTED_EDGE('',*,*,#1008,.F.);
#1414=ORIENTED_EDGE('',*,*,#1010,.F.);
#1415=ORIENTED_EDGE('',*,*,#1012,.F.);
#1416=ORIENTED_EDGE('',*,*,#1017,.F.);
#1417=ORIENTED_EDGE('',*,*,#988,.F.);
#1418=ORIENTED_EDGE('',*,*,#1001,.F.);
#1419=ORIENTED_EDGE('',*,*,#835,.F.);
#1420=ORIENTED_EDGE('',*,*,#1018,.T.);
#1421=ORIENTED_EDGE('',*,*,#827,.F.);
#1422=ORIENTED_EDGE('',*,*,#930,.F.);
#1423=ORIENTED_EDGE('',*,*,#942,.F.);
#1424=ORIENTED_EDGE('',*,*,#841,.F.);
#1425=ORIENTED_EDGE('',*,*,#1019,.T.);
#1426=ORIENTED_EDGE('',*,*,#934,.F.);
#1427=ORIENTED_EDGE('',*,*,#981,.F.);
#1428=ORIENTED_EDGE('',*,*,#985,.F.);
#1429=ORIENTED_EDGE('',*,*,#979,.T.);
#1430=ORIENTED_EDGE('',*,*,#935,.F.);
#1431=ORIENTED_EDGE('',*,*,#1019,.F.);
#1432=ORIENTED_EDGE('',*,*,#840,.F.);
#1433=ORIENTED_EDGE('',*,*,#1020,.T.);
#1434=ORIENTED_EDGE('',*,*,#1016,.F.);
#1435=ORIENTED_EDGE('',*,*,#1020,.F.);
#1436=ORIENTED_EDGE('',*,*,#830,.T.);
#1437=ORIENTED_EDGE('',*,*,#839,.F.);
#1438=ORIENTED_EDGE('',*,*,#1021,.T.);
#1439=ORIENTED_EDGE('',*,*,#939,.F.);
#1440=ORIENTED_EDGE('',*,*,#920,.T.);
#1441=ORIENTED_EDGE('',*,*,#808,.F.);
#1442=ORIENTED_EDGE('',*,*,#815,.F.);
#1443=ORIENTED_EDGE('',*,*,#932,.F.);
#1444=ORIENTED_EDGE('',*,*,#822,.T.);
#1445=ORIENTED_EDGE('',*,*,#828,.F.);
#1446=ORIENTED_EDGE('',*,*,#1018,.F.);
#1447=ORIENTED_EDGE('',*,*,#834,.F.);
#1448=ORIENTED_EDGE('',*,*,#832,.T.);
#1449=ORIENTED_EDGE('',*,*,#833,.F.);
#1450=ORIENTED_EDGE('',*,*,#1021,.F.);
#1451=ORIENTED_EDGE('',*,*,#838,.F.);
#1452=ORIENTED_EDGE('',*,*,#1015,.T.);
#1453=ORIENTED_EDGE('',*,*,#1017,.T.);
#1454=ORIENTED_EDGE('',*,*,#1013,.T.);
#1455=ORIENTED_EDGE('',*,*,#967,.T.);
#1456=ORIENTED_EDGE('',*,*,#1002,.T.);
#1457=ORIENTED_EDGE('',*,*,#940,.F.);
#1458=ORIENTED_EDGE('',*,*,#897,.T.);
#1459=ORIENTED_EDGE('',*,*,#902,.T.);
#1460=PLANE('',#1637);
#1461=PLANE('',#1638);
#1462=PLANE('',#1640);
#1463=PLANE('',#1641);
#1464=PLANE('',#1642);
#1465=PLANE('',#1643);
#1466=PLANE('',#1648);
#1467=PLANE('',#1656);
#1468=PLANE('',#1663);
#1469=PLANE('',#1664);
#1470=PLANE('',#1671);
#1471=PLANE('',#1672);
#1472=PLANE('',#1679);
#1473=PLANE('',#1680);
#1474=PLANE('',#1687);
#1475=PLANE('',#1688);
#1476=PLANE('',#1695);
#1477=PLANE('',#1696);
#1478=PLANE('',#1703);
#1479=PLANE('',#1704);
#1480=PLANE('',#1711);
#1481=PLANE('',#1712);
#1482=PLANE('',#1719);
#1483=PLANE('',#1723);
#1484=PLANE('',#1729);
#1485=PLANE('',#1735);
#1486=PLANE('',#1736);
#1487=PLANE('',#1740);
#1488=PLANE('',#1748);
#1489=PLANE('',#1749);
#1490=PLANE('',#1750);
#1491=PLANE('',#1751);
#1492=PLANE('',#1752);
#1493=PLANE('',#1753);
#1494=PLANE('',#1754);
#1495=PLANE('',#1755);
#1496=PLANE('',#1762);
#1497=PLANE('',#1763);
#1498=PLANE('',#1764);
#1499=PLANE('',#1765);
#1500=PLANE('',#1766);
#1501=PLANE('',#1769);
#1502=PLANE('',#1776);
#1503=PLANE('',#1778);
#1504=PLANE('',#1781);
#1505=PLANE('',#1788);
#1506=PLANE('',#1798);
#1507=PLANE('',#1801);
#1508=PLANE('',#1802);
#1509=PLANE('',#1803);
#1510=PLANE('',#1806);
#1511=PLANE('',#1809);
#1512=PLANE('',#1812);
#1513=PLANE('',#1814);
#1514=PLANE('',#1815);
#1515=PLANE('',#1818);
#1516=PLANE('',#1819);
#1517=ADVANCED_FACE('',(#173),#1460,.T.);
#1518=ADVANCED_FACE('',(#174),#1461,.F.);
#1519=ADVANCED_FACE('',(#175),#1462,.T.);
#1520=ADVANCED_FACE('',(#176),#1463,.T.);
#1521=ADVANCED_FACE('',(#177),#1464,.T.);
#1522=ADVANCED_FACE('',(#178),#1465,.F.);
#1523=ADVANCED_FACE('',(#179),#83,.F.);
#1524=ADVANCED_FACE('',(#180),#84,.F.);
#1525=ADVANCED_FACE('',(#181,#51,#52,#53,#54,#55),#1466,.F.);
#1526=ADVANCED_FACE('',(#182,#56),#1467,.T.);
#1527=ADVANCED_FACE('',(#183),#15,.F.);
#1528=ADVANCED_FACE('',(#184),#16,.F.);
#1529=ADVANCED_FACE('',(#185),#1468,.T.);
#1530=ADVANCED_FACE('',(#186,#57),#1469,.T.);
#1531=ADVANCED_FACE('',(#187),#17,.F.);
#1532=ADVANCED_FACE('',(#188),#18,.F.);
#1533=ADVANCED_FACE('',(#189),#1470,.T.);
#1534=ADVANCED_FACE('',(#190,#58),#1471,.T.);
#1535=ADVANCED_FACE('',(#191),#19,.F.);
#1536=ADVANCED_FACE('',(#192),#20,.F.);
#1537=ADVANCED_FACE('',(#193),#1472,.T.);
#1538=ADVANCED_FACE('',(#194,#59),#1473,.T.);
#1539=ADVANCED_FACE('',(#195),#21,.F.);
#1540=ADVANCED_FACE('',(#196),#22,.F.);
#1541=ADVANCED_FACE('',(#197),#1474,.T.);
#1542=ADVANCED_FACE('',(#198,#60),#1475,.T.);
#1543=ADVANCED_FACE('',(#199),#23,.F.);
#1544=ADVANCED_FACE('',(#200),#24,.F.);
#1545=ADVANCED_FACE('',(#201),#1476,.T.);
#1546=ADVANCED_FACE('',(#202,#61),#1477,.T.);
#1547=ADVANCED_FACE('',(#203),#25,.F.);
#1548=ADVANCED_FACE('',(#204),#26,.F.);
#1549=ADVANCED_FACE('',(#205),#1478,.T.);
#1550=ADVANCED_FACE('',(#206,#62),#1479,.T.);
#1551=ADVANCED_FACE('',(#207),#27,.F.);
#1552=ADVANCED_FACE('',(#208),#28,.F.);
#1553=ADVANCED_FACE('',(#209),#1480,.T.);
#1554=ADVANCED_FACE('',(#210,#63),#1481,.T.);
#1555=ADVANCED_FACE('',(#211),#29,.F.);
#1556=ADVANCED_FACE('',(#212),#30,.F.);
#1557=ADVANCED_FACE('',(#213),#1482,.T.);
#1558=ADVANCED_FACE('',(#214),#31,.F.);
#1559=ADVANCED_FACE('',(#215),#1483,.T.);
#1560=ADVANCED_FACE('',(#216),#85,.F.);
#1561=ADVANCED_FACE('',(#217),#32,.F.);
#1562=ADVANCED_FACE('',(#218),#1484,.T.);
#1563=ADVANCED_FACE('',(#219),#86,.F.);
#1564=ADVANCED_FACE('',(#220),#33,.F.);
#1565=ADVANCED_FACE('',(#221),#1485,.T.);
#1566=ADVANCED_FACE('',(#222,#64),#1486,.T.);
#1567=ADVANCED_FACE('',(#223),#34,.F.);
#1568=ADVANCED_FACE('',(#224,#65),#1487,.T.);
#1569=ADVANCED_FACE('',(#225),#35,.F.);
#1570=ADVANCED_FACE('',(#226),#36,.F.);
#1571=ADVANCED_FACE('',(#227),#37,.F.);
#1572=ADVANCED_FACE('',(#228),#1488,.T.);
#1573=ADVANCED_FACE('',(#229),#1489,.T.);
#1574=ADVANCED_FACE('',(#230),#1490,.F.);
#1575=ADVANCED_FACE('',(#231),#1491,.T.);
#1576=ADVANCED_FACE('',(#232),#1492,.T.);
#1577=ADVANCED_FACE('',(#233),#1493,.T.);
#1578=ADVANCED_FACE('',(#234),#1494,.T.);
#1579=ADVANCED_FACE('',(#235,#66,#67,#68,#69,#70,#71,#72),#1495,.T.);
#1580=ADVANCED_FACE('',(#236),#1496,.F.);
#1581=ADVANCED_FACE('',(#237),#1497,.F.);
#1582=ADVANCED_FACE('',(#238),#1498,.F.);
#1583=ADVANCED_FACE('',(#239),#1499,.F.);
#1584=ADVANCED_FACE('',(#240),#1500,.F.);
#1585=ADVANCED_FACE('',(#241),#38,.T.);
#1586=ADVANCED_FACE('',(#242,#73),#1501,.T.);
#1587=ADVANCED_FACE('',(#243),#39,.F.);
#1588=ADVANCED_FACE('',(#244),#1502,.F.);
#1589=ADVANCED_FACE('',(#245),#1503,.F.);
#1590=ADVANCED_FACE('',(#246),#1504,.F.);
#1591=ADVANCED_FACE('',(#247),#40,.F.);
#1592=ADVANCED_FACE('',(#248),#41,.F.);
#1593=ADVANCED_FACE('',(#249),#1505,.T.);
#1594=ADVANCED_FACE('',(#250),#42,.F.);
#1595=ADVANCED_FACE('',(#251),#43,.F.);
#1596=ADVANCED_FACE('',(#252),#44,.F.);
#1597=ADVANCED_FACE('',(#253),#1506,.T.);
#1598=ADVANCED_FACE('',(#254),#45,.T.);
#1599=ADVANCED_FACE('',(#255),#1507,.T.);
#1600=ADVANCED_FACE('',(#256,#74,#75,#76),#1508,.T.);
#1601=ADVANCED_FACE('',(#257),#1509,.T.);
#1602=ADVANCED_FACE('',(#258),#46,.T.);
#1603=ADVANCED_FACE('',(#259),#1510,.T.);
#1604=ADVANCED_FACE('',(#260),#47,.F.);
#1605=ADVANCED_FACE('',(#261),#1511,.T.);
#1606=ADVANCED_FACE('',(#262),#48,.F.);
#1607=ADVANCED_FACE('',(#263,#77),#1512,.T.);
#1608=ADVANCED_FACE('',(#264,#78),#1513,.F.);
#1609=ADVANCED_FACE('',(#265),#1514,.T.);
#1610=ADVANCED_FACE('',(#266),#49,.F.);
#1611=ADVANCED_FACE('',(#267),#50,.F.);
#1612=ADVANCED_FACE('',(#268),#1515,.T.);
#1613=ADVANCED_FACE('',(#269,#79,#80),#1516,.T.);
#1614=CLOSED_SHELL('',(#1517,#1518,#1519,#1520,#1521,#1522,#1523,#1524,
#1525,#1526,#1527,#1528,#1529,#1530,#1531,#1532,#1533,#1534,#1535,#1536,
#1537,#1538,#1539,#1540,#1541,#1542,#1543,#1544,#1545,#1546,#1547,#1548,
#1549,#1550,#1551,#1552,#1553,#1554,#1555,#1556,#1557,#1558,#1559,#1560,
#1561,#1562,#1563,#1564,#1565,#1566,#1567,#1568,#1569,#1570,#1571,#1572,
#1573,#1574,#1575,#1576,#1577,#1578,#1579,#1580,#1581,#1582,#1583,#1584,
#1585,#1586,#1587,#1588,#1589,#1590,#1591,#1592,#1593,#1594,#1595,#1596,
#1597,#1598,#1599,#1600,#1601,#1602,#1603,#1604,#1605,#1606,#1607,#1608,
#1609,#1610,#1611,#1612,#1613));
#1615=DERIVED_UNIT_ELEMENT(#1618,1.);
#1616=DERIVED_UNIT_ELEMENT(#2789,-3.);
#1617=DIMENSIONAL_EXPONENTS(0.,1.,0.,0.,0.,0.,0.);
#1618=(
CONVERSION_BASED_UNIT('gram',#1620)
MASS_UNIT()
NAMED_UNIT(#1617)
);
#1619=(
MASS_UNIT()
NAMED_UNIT(*)
SI_UNIT(.KILO.,.GRAM.)
);
#1620=MASS_MEASURE_WITH_UNIT(MASS_MEASURE(0.001),#1619);
#1621=DERIVED_UNIT((#1615,#1616));
#1622=MEASURE_REPRESENTATION_ITEM('density measure',
POSITIVE_RATIO_MEASURE(1.),#1621);
#1623=PROPERTY_DEFINITION_REPRESENTATION(#1628,#1625);
#1624=PROPERTY_DEFINITION_REPRESENTATION(#1629,#1626);
#1625=REPRESENTATION('material name',(#1627),#2786);
#1626=REPRESENTATION('density',(#1622),#2786);
#1627=DESCRIPTIVE_REPRESENTATION_ITEM('Generic','Generic');
#1628=PROPERTY_DEFINITION('material property','material name',#2796);
#1629=PROPERTY_DEFINITION('material property','density of part',#2796);
#1630=DATE_TIME_ROLE('creation_date');
#1631=APPLIED_DATE_AND_TIME_ASSIGNMENT(#1632,#1630,(#2796));
#1632=DATE_AND_TIME(#1633,#1634);
#1633=CALENDAR_DATE(2026,4,4);
#1634=LOCAL_TIME(0,0,0.,#1635);
#1635=COORDINATED_UNIVERSAL_TIME_OFFSET(0,0,.BEHIND.);
#1636=AXIS2_PLACEMENT_3D('',#2319,#1820,#1821);
#1637=AXIS2_PLACEMENT_3D('',#2320,#1822,#1823);
#1638=AXIS2_PLACEMENT_3D('',#2329,#1828,#1829);
#1639=AXIS2_PLACEMENT_3D('',#2337,#1833,#1834);
#1640=AXIS2_PLACEMENT_3D('',#2343,#1838,#1839);
#1641=AXIS2_PLACEMENT_3D('',#2347,#1842,#1843);
#1642=AXIS2_PLACEMENT_3D('',#2358,#1849,#1850);
#1643=AXIS2_PLACEMENT_3D('',#2364,#1854,#1855);
#1644=AXIS2_PLACEMENT_3D('',#2374,#1861,#1862);
#1645=AXIS2_PLACEMENT_3D('',#2380,#1863,#1864);
#1646=AXIS2_PLACEMENT_3D('',#2381,#1865,#1866);
#1647=AXIS2_PLACEMENT_3D('',#2387,#1867,#1868);
#1648=AXIS2_PLACEMENT_3D('',#2388,#1869,#1870);
#1649=AXIS2_PLACEMENT_3D('',#2397,#1875,#1876);
#1650=AXIS2_PLACEMENT_3D('',#2402,#1879,#1880);
#1651=AXIS2_PLACEMENT_3D('',#2404,#1881,#1882);
#1652=AXIS2_PLACEMENT_3D('',#2407,#1883,#1884);
#1653=AXIS2_PLACEMENT_3D('',#2408,#1885,#1886);
#1654=AXIS2_PLACEMENT_3D('',#2410,#1887,#1888);
#1655=AXIS2_PLACEMENT_3D('',#2412,#1889,#1890);
#1656=AXIS2_PLACEMENT_3D('',#2413,#1891,#1892);
#1657=AXIS2_PLACEMENT_3D('',#2415,#1893,#1894);
#1658=AXIS2_PLACEMENT_3D('',#2417,#1895,#1896);
#1659=AXIS2_PLACEMENT_3D('',#2418,#1897,#1898);
#1660=AXIS2_PLACEMENT_3D('',#2420,#1899,#1900);
#1661=AXIS2_PLACEMENT_3D('',#2422,#1902,#1903);
#1662=AXIS2_PLACEMENT_3D('',#2425,#1905,#1906);
#1663=AXIS2_PLACEMENT_3D('',#2426,#1907,#1908);
#1664=AXIS2_PLACEMENT_3D('',#2427,#1909,#1910);
#1665=AXIS2_PLACEMENT_3D('',#2429,#1911,#1912);
#1666=AXIS2_PLACEMENT_3D('',#2431,#1913,#1914);
#1667=AXIS2_PLACEMENT_3D('',#2432,#1915,#1916);
#1668=AXIS2_PLACEMENT_3D('',#2434,#1917,#1918);
#1669=AXIS2_PLACEMENT_3D('',#2436,#1920,#1921);
#1670=AXIS2_PLACEMENT_3D('',#2439,#1923,#1924);
#1671=AXIS2_PLACEMENT_3D('',#2440,#1925,#1926);
#1672=AXIS2_PLACEMENT_3D('',#2441,#1927,#1928);
#1673=AXIS2_PLACEMENT_3D('',#2443,#1929,#1930);
#1674=AXIS2_PLACEMENT_3D('',#2445,#1931,#1932);
#1675=AXIS2_PLACEMENT_3D('',#2446,#1933,#1934);
#1676=AXIS2_PLACEMENT_3D('',#2448,#1935,#1936);
#1677=AXIS2_PLACEMENT_3D('',#2450,#1938,#1939);
#1678=AXIS2_PLACEMENT_3D('',#2453,#1941,#1942);
#1679=AXIS2_PLACEMENT_3D('',#2454,#1943,#1944);
#1680=AXIS2_PLACEMENT_3D('',#2455,#1945,#1946);
#1681=AXIS2_PLACEMENT_3D('',#2457,#1947,#1948);
#1682=AXIS2_PLACEMENT_3D('',#2459,#1949,#1950);
#1683=AXIS2_PLACEMENT_3D('',#2460,#1951,#1952);
#1684=AXIS2_PLACEMENT_3D('',#2462,#1953,#1954);
#1685=AXIS2_PLACEMENT_3D('',#2464,#1956,#1957);
#1686=AXIS2_PLACEMENT_3D('',#2467,#1959,#1960);
#1687=AXIS2_PLACEMENT_3D('',#2468,#1961,#1962);
#1688=AXIS2_PLACEMENT_3D('',#2469,#1963,#1964);
#1689=AXIS2_PLACEMENT_3D('',#2471,#1965,#1966);
#1690=AXIS2_PLACEMENT_3D('',#2473,#1967,#1968);
#1691=AXIS2_PLACEMENT_3D('',#2474,#1969,#1970);
#1692=AXIS2_PLACEMENT_3D('',#2476,#1971,#1972);
#1693=AXIS2_PLACEMENT_3D('',#2478,#1974,#1975);
#1694=AXIS2_PLACEMENT_3D('',#2481,#1977,#1978);
#1695=AXIS2_PLACEMENT_3D('',#2482,#1979,#1980);
#1696=AXIS2_PLACEMENT_3D('',#2483,#1981,#1982);
#1697=AXIS2_PLACEMENT_3D('',#2485,#1983,#1984);
#1698=AXIS2_PLACEMENT_3D('',#2487,#1985,#1986);
#1699=AXIS2_PLACEMENT_3D('',#2488,#1987,#1988);
#1700=AXIS2_PLACEMENT_3D('',#2490,#1989,#1990);
#1701=AXIS2_PLACEMENT_3D('',#2492,#1992,#1993);
#1702=AXIS2_PLACEMENT_3D('',#2495,#1995,#1996);
#1703=AXIS2_PLACEMENT_3D('',#2496,#1997,#1998);
#1704=AXIS2_PLACEMENT_3D('',#2497,#1999,#2000);
#1705=AXIS2_PLACEMENT_3D('',#2499,#2001,#2002);
#1706=AXIS2_PLACEMENT_3D('',#2501,#2003,#2004);
#1707=AXIS2_PLACEMENT_3D('',#2502,#2005,#2006);
#1708=AXIS2_PLACEMENT_3D('',#2504,#2007,#2008);
#1709=AXIS2_PLACEMENT_3D('',#2506,#2010,#2011);
#1710=AXIS2_PLACEMENT_3D('',#2509,#2013,#2014);
#1711=AXIS2_PLACEMENT_3D('',#2510,#2015,#2016);
#1712=AXIS2_PLACEMENT_3D('',#2511,#2017,#2018);
#1713=AXIS2_PLACEMENT_3D('',#2513,#2019,#2020);
#1714=AXIS2_PLACEMENT_3D('',#2515,#2021,#2022);
#1715=AXIS2_PLACEMENT_3D('',#2516,#2023,#2024);
#1716=AXIS2_PLACEMENT_3D('',#2518,#2025,#2026);
#1717=AXIS2_PLACEMENT_3D('',#2520,#2028,#2029);
#1718=AXIS2_PLACEMENT_3D('',#2523,#2031,#2032);
#1719=AXIS2_PLACEMENT_3D('',#2524,#2033,#2034);
#1720=AXIS2_PLACEMENT_3D('',#2525,#2035,#2036);
#1721=AXIS2_PLACEMENT_3D('',#2527,#2037,#2038);
#1722=AXIS2_PLACEMENT_3D('',#2530,#2040,#2041);
#1723=AXIS2_PLACEMENT_3D('',#2531,#2042,#2043);
#1724=AXIS2_PLACEMENT_3D('',#2532,#2044,#2045);
#1725=AXIS2_PLACEMENT_3D('',#2534,#2046,#2047);
#1726=AXIS2_PLACEMENT_3D('',#2537,#2049,#2050);
#1727=AXIS2_PLACEMENT_3D('',#2538,#2051,#2052);
#1728=AXIS2_PLACEMENT_3D('',#2541,#2054,#2055);
#1729=AXIS2_PLACEMENT_3D('',#2542,#2056,#2057);
#1730=AXIS2_PLACEMENT_3D('',#2543,#2058,#2059);
#1731=AXIS2_PLACEMENT_3D('',#2545,#2060,#2061);
#1732=AXIS2_PLACEMENT_3D('',#2548,#2063,#2064);
#1733=AXIS2_PLACEMENT_3D('',#2549,#2065,#2066);
#1734=AXIS2_PLACEMENT_3D('',#2552,#2068,#2069);
#1735=AXIS2_PLACEMENT_3D('',#2553,#2070,#2071);
#1736=AXIS2_PLACEMENT_3D('',#2554,#2072,#2073);
#1737=AXIS2_PLACEMENT_3D('',#2556,#2074,#2075);
#1738=AXIS2_PLACEMENT_3D('',#2558,#2076,#2077);
#1739=AXIS2_PLACEMENT_3D('',#2559,#2078,#2079);
#1740=AXIS2_PLACEMENT_3D('',#2561,#2081,#2082);
#1741=AXIS2_PLACEMENT_3D('',#2563,#2083,#2084);
#1742=AXIS2_PLACEMENT_3D('',#2565,#2085,#2086);
#1743=AXIS2_PLACEMENT_3D('',#2566,#2087,#2088);
#1744=AXIS2_PLACEMENT_3D('',#2568,#2090,#2091);
#1745=AXIS2_PLACEMENT_3D('',#2570,#2092,#2093);
#1746=AXIS2_PLACEMENT_3D('',#2572,#2095,#2096);
#1747=AXIS2_PLACEMENT_3D('',#2574,#2097,#2098);
#1748=AXIS2_PLACEMENT_3D('',#2576,#2100,#2101);
#1749=AXIS2_PLACEMENT_3D('',#2582,#2105,#2106);
#1750=AXIS2_PLACEMENT_3D('',#2588,#2110,#2111);
#1751=AXIS2_PLACEMENT_3D('',#2594,#2115,#2116);
#1752=AXIS2_PLACEMENT_3D('',#2599,#2120,#2121);
#1753=AXIS2_PLACEMENT_3D('',#2603,#2124,#2125);
#1754=AXIS2_PLACEMENT_3D('',#2604,#2126,#2127);
#1755=AXIS2_PLACEMENT_3D('',#2607,#2130,#2131);
#1756=AXIS2_PLACEMENT_3D('',#2609,#2132,#2133);
#1757=AXIS2_PLACEMENT_3D('',#2611,#2134,#2135);
#1758=AXIS2_PLACEMENT_3D('',#2613,#2136,#2137);
#1759=AXIS2_PLACEMENT_3D('',#2615,#2138,#2139);
#1760=AXIS2_PLACEMENT_3D('',#2617,#2140,#2141);
#1761=AXIS2_PLACEMENT_3D('',#2618,#2142,#2143);
#1762=AXIS2_PLACEMENT_3D('',#2629,#2150,#2151);
#1763=AXIS2_PLACEMENT_3D('',#2635,#2155,#2156);
#1764=AXIS2_PLACEMENT_3D('',#2639,#2159,#2160);
#1765=AXIS2_PLACEMENT_3D('',#2643,#2163,#2164);
#1766=AXIS2_PLACEMENT_3D('',#2645,#2166,#2167);
#1767=AXIS2_PLACEMENT_3D('',#2646,#2168,#2169);
#1768=AXIS2_PLACEMENT_3D('',#2651,#2172,#2173);
#1769=AXIS2_PLACEMENT_3D('',#2652,#2174,#2175);
#1770=AXIS2_PLACEMENT_3D('',#2654,#2176,#2177);
#1771=AXIS2_PLACEMENT_3D('',#2655,#2178,#2179);
#1772=AXIS2_PLACEMENT_3D('',#2656,#2180,#2181);
#1773=AXIS2_PLACEMENT_3D('',#2660,#2183,#2184);
#1774=AXIS2_PLACEMENT_3D('',#2664,#2186,#2187);
#1775=AXIS2_PLACEMENT_3D('',#2667,#2189,#2190);
#1776=AXIS2_PLACEMENT_3D('',#2668,#2191,#2192);
#1777=AXIS2_PLACEMENT_3D('',#2670,#2193,#2194);
#1778=AXIS2_PLACEMENT_3D('',#2671,#2195,#2196);
#1779=AXIS2_PLACEMENT_3D('',#2682,#2201,#2202);
#1780=AXIS2_PLACEMENT_3D('',#2685,#2204,#2205);
#1781=AXIS2_PLACEMENT_3D('',#2686,#2206,#2207);
#1782=AXIS2_PLACEMENT_3D('',#2691,#2209,#2210);
#1783=AXIS2_PLACEMENT_3D('',#2695,#2212,#2213);
#1784=AXIS2_PLACEMENT_3D('',#2697,#2215,#2216);
#1785=AXIS2_PLACEMENT_3D('',#2700,#2217,#2218);
#1786=AXIS2_PLACEMENT_3D('',#2703,#2221,#2222);
#1787=AXIS2_PLACEMENT_3D('',#2706,#2223,#2224);
#1788=AXIS2_PLACEMENT_3D('',#2709,#2227,#2228);
#1789=AXIS2_PLACEMENT_3D('',#2710,#2229,#2230);
#1790=AXIS2_PLACEMENT_3D('',#2711,#2231,#2232);
#1791=AXIS2_PLACEMENT_3D('',#2712,#2233,#2234);
#1792=AXIS2_PLACEMENT_3D('',#2713,#2235,#2236);
#1793=AXIS2_PLACEMENT_3D('',#2714,#2237,#2238);
#1794=AXIS2_PLACEMENT_3D('',#2715,#2239,#2240);
#1795=AXIS2_PLACEMENT_3D('',#2718,#2242,#2243);
#1796=AXIS2_PLACEMENT_3D('',#2719,#2244,#2245);
#1797=AXIS2_PLACEMENT_3D('',#2722,#2246,#2247);
#1798=AXIS2_PLACEMENT_3D('',#2725,#2250,#2251);
#1799=AXIS2_PLACEMENT_3D('',#2729,#2254,#2255);
#1800=AXIS2_PLACEMENT_3D('',#2731,#2256,#2257);
#1801=AXIS2_PLACEMENT_3D('',#2733,#2259,#2260);
#1802=AXIS2_PLACEMENT_3D('',#2737,#2263,#2264);
#1803=AXIS2_PLACEMENT_3D('',#2746,#2271,#2272);
#1804=AXIS2_PLACEMENT_3D('',#2750,#2275,#2276);
#1805=AXIS2_PLACEMENT_3D('',#2752,#2277,#2278);
#1806=AXIS2_PLACEMENT_3D('',#2754,#2280,#2281);
#1807=AXIS2_PLACEMENT_3D('',#2758,#2284,#2285);
#1808=AXIS2_PLACEMENT_3D('',#2760,#2286,#2287);
#1809=AXIS2_PLACEMENT_3D('',#2762,#2289,#2290);
#1810=AXIS2_PLACEMENT_3D('',#2766,#2293,#2294);
#1811=AXIS2_PLACEMENT_3D('',#2768,#2295,#2296);
#1812=AXIS2_PLACEMENT_3D('',#2770,#2298,#2299);
#1813=AXIS2_PLACEMENT_3D('',#2772,#2300,#2301);
#1814=AXIS2_PLACEMENT_3D('',#2773,#2302,#2303);
#1815=AXIS2_PLACEMENT_3D('',#2775,#2305,#2306);
#1816=AXIS2_PLACEMENT_3D('',#2777,#2308,#2309);
#1817=AXIS2_PLACEMENT_3D('',#2779,#2311,#2312);
#1818=AXIS2_PLACEMENT_3D('',#2781,#2314,#2315);
#1819=AXIS2_PLACEMENT_3D('',#2783,#2317,#2318);
#1820=DIRECTION('axis',(0.,0.,1.));
#1821=DIRECTION('refdir',(1.,0.,0.));
#1822=DIRECTION('center_axis',(-0.707106781186636,-0.0539111254268498,0.705048644105558));
#1823=DIRECTION('ref_axis',(0.706075462934546,0.,0.708136597445554));
#1824=DIRECTION('',(-0.707106781186459,0.0539111254268641,-0.705048644105734));
#1825=DIRECTION('',(-5.00382208281762E-15,-0.997089354626966,-0.0762418447414625));
#1826=DIRECTION('',(-0.707106781186459,0.0539111254268704,-0.705048644105734));
#1827=DIRECTION('',(5.00382208281762E-15,0.997089354626966,0.0762418447414625));
#1828=DIRECTION('center_axis',(-4.18596351056806E-15,-0.997089354626966,
-0.0762418447414545));
#1829=DIRECTION('ref_axis',(0.,0.0762418447414545,-0.997089354626966));
#1830=DIRECTION('',(1.,-1.354264289346E-14,1.2220666464212E-13));
#1831=DIRECTION('',(1.1494709085067E-13,0.0762418447414545,-0.997089354626966));
#1832=DIRECTION('',(-1.,1.30715244654416E-14,-1.16045387053169E-13));
#1833=DIRECTION('center_axis',(-4.18596351056806E-15,-0.997089354626966,
-0.0762418447414545));
#1834=DIRECTION('ref_axis',(0.0348116421826779,0.0761956338808329,-0.996485009895304));
#1835=DIRECTION('',(-1.14889874678825E-13,-0.0762418447414545,0.997089354626966));
#1836=DIRECTION('',(1.,-1.29331956428725E-14,1.14236325416617E-13));
#1837=DIRECTION('',(-1.14704837507888E-13,-0.0762418447414545,0.997089354626966));
#1838=DIRECTION('center_axis',(-1.22883480455997E-13,-0.0762418447414625,
0.997089354626966));
#1839=DIRECTION('ref_axis',(1.,-1.4398033406673E-14,1.22141257715048E-13));
#1840=DIRECTION('',(-1.,1.4398033406673E-14,-1.22141257715048E-13));
#1841=DIRECTION('',(5.0869148475448E-15,0.997089354626966,0.0762418447414625));
#1842=DIRECTION('center_axis',(-0.707106781186463,0.0539111254268701,-0.70504864410573));
#1843=DIRECTION('ref_axis',(-0.706075462934719,0.,0.708136597445381));
#1844=DIRECTION('',(0.707106781186632,0.053911125426845,-0.705048644105562));
#1845=DIRECTION('',(-5.0869148475448E-15,-0.997089354626966,-0.0762418447414625));
#1846=DIRECTION('',(0.707106781186632,0.05391112542685,-0.705048644105562));
#1847=DIRECTION('',(-0.707106781186632,-0.05391112542685,0.705048644105562));
#1848=DIRECTION('',(5.0869148475448E-15,0.997089354626966,0.0762418447414625));
#1849=DIRECTION('center_axis',(1.22883480456259E-13,0.0762418447414625,
-0.997089354626966));
#1850=DIRECTION('ref_axis',(-1.,1.43980334066929E-14,-1.22141257715309E-13));
#1851=DIRECTION('',(-1.,1.354264289348E-14,-1.2220666464238E-13));
#1852=DIRECTION('',(5.0869148475448E-15,0.997089354626966,0.0762418447414625));
#1853=DIRECTION('',(1.,-1.43980334066929E-14,1.22141257715309E-13));
#1854=DIRECTION('center_axis',(-4.18596351056806E-15,-0.997089354626966,
-0.0762418447414545));
#1855=DIRECTION('ref_axis',(0.,0.0762418447414545,-0.997089354626966));
#1856=DIRECTION('',(-1.14647013392189E-13,-0.0762418447414545,0.997089354626966));
#1857=DIRECTION('',(-1.,1.09024330367065E-9,-1.42581257020499E-8));
#1858=DIRECTION('',(-1.14889874678825E-13,-0.0762418447414545,0.997089354626966));
#1859=DIRECTION('',(1.,-1.29403689862176E-14,1.1433013826061E-13));
#1860=DIRECTION('',(1.1494709085067E-13,0.0762418447414545,-0.997089354626966));
#1861=DIRECTION('center_axis',(1.,-1.37743317327925E-14,1.13987760419471E-13));
#1862=DIRECTION('ref_axis',(1.14706162933413E-13,0.0762418447414634,-0.997089354626966));
#1863=DIRECTION('center_axis',(-1.,1.37743317327925E-14,-1.13987760419471E-13));
#1864=DIRECTION('ref_axis',(1.14706162933413E-13,0.0762418447414634,-0.997089354626966));
#1865=DIRECTION('center_axis',(1.,-1.37743317327925E-14,1.13987760419471E-13));
#1866=DIRECTION('ref_axis',(1.14706162933413E-13,0.0762418447414634,-0.997089354626966));
#1867=DIRECTION('center_axis',(-1.,1.37743317327925E-14,-1.13987760419471E-13));
#1868=DIRECTION('ref_axis',(1.14706162933413E-13,0.0762418447414634,-0.997089354626966));
#1869=DIRECTION('center_axis',(-6.93889390390723E-16,0.997089354626966,
0.0762418447414634));
#1870=DIRECTION('ref_axis',(0.,-0.0762418447414634,0.997089354626966));
#1871=DIRECTION('',(-1.14706162933413E-13,-0.0762418447414634,0.997089354626966));
#1872=DIRECTION('',(-1.14706162933413E-13,-0.0762418447414634,0.997089354626966));
#1873=DIRECTION('',(-1.,8.07471960652709E-15,-1.14702187247846E-13));
#1874=DIRECTION('',(1.14889874678826E-13,0.0762418447414634,-0.997089354626966));
#1875=DIRECTION('center_axis',(-6.93889390390723E-16,0.997089354626966,
0.0762418447414634));
#1876=DIRECTION('ref_axis',(1.,-1.37883382551635E-14,1.14170937445142E-13));
#1877=DIRECTION('',(1.,-8.06754626318202E-15,1.14608374403853E-13));
#1878=DIRECTION('',(-1.14706162933413E-13,-0.0762418447414634,0.997089354626966));
#1879=DIRECTION('center_axis',(-6.93889390390723E-16,0.997089354626966,
0.0762418447414634));
#1880=DIRECTION('ref_axis',(1.,-1.37883382551634E-14,1.14170937445142E-13));
#1881=DIRECTION('center_axis',(-6.93889390390723E-16,0.997089354626966,
0.0762418447414634));
#1882=DIRECTION('ref_axis',(1.,-1.37883382551634E-14,1.14170937445142E-13));
#1883=DIRECTION('center_axis',(-6.93889390390723E-16,0.997089354626966,
0.0762418447414634));
#1884=DIRECTION('ref_axis',(1.,-1.37883382551635E-14,1.14170937445142E-13));
#1885=DIRECTION('center_axis',(2.56045185054177E-15,0.997089354626966,0.0762418447414618));
#1886=DIRECTION('ref_axis',(-0.644090385740909,-0.0583211529132433,0.762722897334934));
#1887=DIRECTION('center_axis',(-6.93889390390723E-16,0.997089354626966,
0.0762418447414634));
#1888=DIRECTION('ref_axis',(1.,-5.05857474730175E-15,-6.01442106584699E-32));
#1889=DIRECTION('center_axis',(-6.93889390390723E-16,0.997089354626966,
0.0762418447414634));
#1890=DIRECTION('ref_axis',(1.,-5.05857474730175E-15,-6.01442106584699E-32));
#1891=DIRECTION('center_axis',(-1.,1.60509052690258E-14,-1.13997931603502E-13));
#1892=DIRECTION('ref_axis',(-1.14889874678826E-13,-0.0762418447414634,0.997089354626966));
#1893=DIRECTION('center_axis',(-1.,1.60509052690258E-14,-1.13997931603502E-13));
#1894=DIRECTION('ref_axis',(-1.14889874678826E-13,-0.0762418447414634,0.997089354626966));
#1895=DIRECTION('center_axis',(-1.,1.60509052690258E-14,-1.13997931603502E-13));
#1896=DIRECTION('ref_axis',(-1.14889874678826E-13,-0.0762418447414634,0.997089354626966));
#1897=DIRECTION('center_axis',(-1.,1.60509052690258E-14,-1.13997931603502E-13));
#1898=DIRECTION('ref_axis',(-1.14889874678826E-13,-0.0762418447414634,0.997089354626966));
#1899=DIRECTION('center_axis',(1.,-1.39687880305256E-14,1.14157139460345E-13));
#1900=DIRECTION('ref_axis',(-1.14889874678826E-13,-0.0762418447414634,0.997089354626966));
#1901=DIRECTION('',(1.,-1.60509052690258E-14,1.13997931603502E-13));
#1902=DIRECTION('center_axis',(-1.,1.60509052690258E-14,-1.13997931603502E-13));
#1903=DIRECTION('ref_axis',(-1.14889874678826E-13,-0.0762418447414634,0.997089354626966));
#1904=DIRECTION('',(1.,-1.60509052690258E-14,1.13997931603502E-13));
#1905=DIRECTION('center_axis',(-1.,1.60509052690258E-14,-1.13997931603502E-13));
#1906=DIRECTION('ref_axis',(-1.14889874678826E-13,-0.0762418447414634,0.997089354626966));
#1907=DIRECTION('center_axis',(-1.,1.60509052690258E-14,-1.13997931603502E-13));
#1908=DIRECTION('ref_axis',(-1.14889874678826E-13,-0.0762418447414634,0.997089354626966));
#1909=DIRECTION('center_axis',(-1.,1.60509052690258E-14,-1.13997931603502E-13));
#1910=DIRECTION('ref_axis',(-1.14889874678826E-13,-0.0762418447414634,0.997089354626966));
#1911=DIRECTION('center_axis',(-1.,1.60509052690258E-14,-1.13997931603502E-13));
#1912=DIRECTION('ref_axis',(-1.14889874678826E-13,-0.0762418447414634,0.997089354626966));
#1913=DIRECTION('center_axis',(-1.,1.60509052690258E-14,-1.13997931603502E-13));
#1914=DIRECTION('ref_axis',(-1.14889874678826E-13,-0.0762418447414634,0.997089354626966));
#1915=DIRECTION('center_axis',(-1.,1.60509052690258E-14,-1.13997931603502E-13));
#1916=DIRECTION('ref_axis',(-1.14889874678826E-13,-0.0762418447414634,0.997089354626966));
#1917=DIRECTION('center_axis',(1.,-1.39687880305256E-14,1.14157139460345E-13));
#1918=DIRECTION('ref_axis',(-1.14889874678826E-13,-0.0762418447414634,0.997089354626966));
#1919=DIRECTION('',(1.,-1.60509052690258E-14,1.13997931603502E-13));
#1920=DIRECTION('center_axis',(-1.,1.60509052690258E-14,-1.13997931603502E-13));
#1921=DIRECTION('ref_axis',(-1.14889874678826E-13,-0.0762418447414634,0.997089354626966));
#1922=DIRECTION('',(1.,-1.60509052690258E-14,1.13997931603502E-13));
#1923=DIRECTION('center_axis',(-1.,1.60509052690258E-14,-1.13997931603502E-13));
#1924=DIRECTION('ref_axis',(-1.14889874678826E-13,-0.0762418447414634,0.997089354626966));
#1925=DIRECTION('center_axis',(-1.,1.60509052690258E-14,-1.13997931603502E-13));
#1926=DIRECTION('ref_axis',(-1.14889874678826E-13,-0.0762418447414634,0.997089354626966));
#1927=DIRECTION('center_axis',(-1.,1.60509052690258E-14,-1.13997931603502E-13));
#1928=DIRECTION('ref_axis',(-1.14889874678826E-13,-0.0762418447414634,0.997089354626966));
#1929=DIRECTION('center_axis',(-1.,1.60509052690258E-14,-1.13997931603502E-13));
#1930=DIRECTION('ref_axis',(-1.14889874678826E-13,-0.0762418447414634,0.997089354626966));
#1931=DIRECTION('center_axis',(-1.,1.60509052690258E-14,-1.13997931603502E-13));
#1932=DIRECTION('ref_axis',(-1.14889874678826E-13,-0.0762418447414634,0.997089354626966));
#1933=DIRECTION('center_axis',(-1.,1.60509052690258E-14,-1.13997931603502E-13));
#1934=DIRECTION('ref_axis',(-1.14889874678826E-13,-0.0762418447414634,0.997089354626966));
#1935=DIRECTION('center_axis',(1.,-1.39687880305256E-14,1.14157139460345E-13));
#1936=DIRECTION('ref_axis',(-1.14889874678826E-13,-0.0762418447414634,0.997089354626966));
#1937=DIRECTION('',(1.,-1.60509052690258E-14,1.13997931603502E-13));
#1938=DIRECTION('center_axis',(-1.,1.60509052690258E-14,-1.13997931603502E-13));
#1939=DIRECTION('ref_axis',(-1.14889874678826E-13,-0.0762418447414634,0.997089354626966));
#1940=DIRECTION('',(1.,-1.60509052690258E-14,1.13997931603502E-13));
#1941=DIRECTION('center_axis',(-1.,1.60509052690258E-14,-1.13997931603502E-13));
#1942=DIRECTION('ref_axis',(-1.14889874678826E-13,-0.0762418447414634,0.997089354626966));
#1943=DIRECTION('center_axis',(-1.,1.60509052690258E-14,-1.13997931603502E-13));
#1944=DIRECTION('ref_axis',(-1.14889874678826E-13,-0.0762418447414634,0.997089354626966));
#1945=DIRECTION('center_axis',(5.04385103011936E-15,0.997089354626966,0.0762418447414625));
#1946=DIRECTION('ref_axis',(1.,-1.37885861560854E-14,1.14170918489546E-13));
#1947=DIRECTION('center_axis',(5.04385103011936E-15,0.997089354626966,0.0762418447414625));
#1948=DIRECTION('ref_axis',(1.,-1.37885861560854E-14,1.14170918489546E-13));
#1949=DIRECTION('center_axis',(5.04385103011936E-15,0.997089354626966,0.0762418447414625));
#1950=DIRECTION('ref_axis',(1.,-1.37885861560854E-14,1.14170918489546E-13));
#1951=DIRECTION('center_axis',(5.04385103011936E-15,0.997089354626966,0.0762418447414625));
#1952=DIRECTION('ref_axis',(1.,-1.37885861560854E-14,1.14170918489546E-13));
#1953=DIRECTION('center_axis',(-5.04385103011936E-15,-0.997089354626966,
-0.0762418447414625));
#1954=DIRECTION('ref_axis',(1.,-1.37885861560854E-14,1.14170918489546E-13));
#1955=DIRECTION('',(-5.04385103011936E-15,-0.997089354626966,-0.0762418447414625));
#1956=DIRECTION('center_axis',(5.04385103011936E-15,0.997089354626966,0.0762418447414625));
#1957=DIRECTION('ref_axis',(1.,-1.37885861560854E-14,1.14170918489546E-13));
#1958=DIRECTION('',(-5.04385103011936E-15,-0.997089354626966,-0.0762418447414625));
#1959=DIRECTION('center_axis',(5.04385103011936E-15,0.997089354626966,0.0762418447414625));
#1960=DIRECTION('ref_axis',(1.,-1.37885861560854E-14,1.14170918489546E-13));
#1961=DIRECTION('center_axis',(5.04385103011936E-15,0.997089354626966,0.0762418447414625));
#1962=DIRECTION('ref_axis',(1.,-1.37885861560854E-14,1.14170918489546E-13));
#1963=DIRECTION('center_axis',(5.04385103011936E-15,0.997089354626966,0.0762418447414625));
#1964=DIRECTION('ref_axis',(1.,-1.37885861560854E-14,1.14170918489546E-13));
#1965=DIRECTION('center_axis',(5.04385103011936E-15,0.997089354626966,0.0762418447414625));
#1966=DIRECTION('ref_axis',(1.,-1.37885861560854E-14,1.14170918489546E-13));
#1967=DIRECTION('center_axis',(5.04385103011936E-15,0.997089354626966,0.0762418447414625));
#1968=DIRECTION('ref_axis',(1.,-1.37885861560854E-14,1.14170918489546E-13));
#1969=DIRECTION('center_axis',(5.04385103011936E-15,0.997089354626966,0.0762418447414625));
#1970=DIRECTION('ref_axis',(1.,-1.37885861560854E-14,1.14170918489546E-13));
#1971=DIRECTION('center_axis',(-5.04385103011936E-15,-0.997089354626966,
-0.0762418447414625));
#1972=DIRECTION('ref_axis',(1.,-1.37885861560854E-14,1.14170918489546E-13));
#1973=DIRECTION('',(-5.04385103011936E-15,-0.997089354626966,-0.0762418447414625));
#1974=DIRECTION('center_axis',(5.04385103011936E-15,0.997089354626966,0.0762418447414625));
#1975=DIRECTION('ref_axis',(1.,-1.37885861560854E-14,1.14170918489546E-13));
#1976=DIRECTION('',(-5.04385103011936E-15,-0.997089354626966,-0.0762418447414625));
#1977=DIRECTION('center_axis',(5.04385103011936E-15,0.997089354626966,0.0762418447414625));
#1978=DIRECTION('ref_axis',(1.,-1.37885861560854E-14,1.14170918489546E-13));
#1979=DIRECTION('center_axis',(5.04385103011936E-15,0.997089354626966,0.0762418447414625));
#1980=DIRECTION('ref_axis',(1.,-1.37885861560854E-14,1.14170918489546E-13));
#1981=DIRECTION('center_axis',(5.04385103011936E-15,0.997089354626966,0.0762418447414625));
#1982=DIRECTION('ref_axis',(1.,-1.37885861560854E-14,1.14170918489546E-13));
#1983=DIRECTION('center_axis',(5.04385103011936E-15,0.997089354626966,0.0762418447414625));
#1984=DIRECTION('ref_axis',(1.,-1.37885861560854E-14,1.14170918489546E-13));
#1985=DIRECTION('center_axis',(5.04385103011936E-15,0.997089354626966,0.0762418447414625));
#1986=DIRECTION('ref_axis',(1.,-1.37885861560854E-14,1.14170918489546E-13));
#1987=DIRECTION('center_axis',(5.04385103011936E-15,0.997089354626966,0.0762418447414625));
#1988=DIRECTION('ref_axis',(1.,-1.37885861560854E-14,1.14170918489546E-13));
#1989=DIRECTION('center_axis',(-5.04385103011936E-15,-0.997089354626966,
-0.0762418447414625));
#1990=DIRECTION('ref_axis',(1.,-1.37885861560854E-14,1.14170918489546E-13));
#1991=DIRECTION('',(-5.04385103011936E-15,-0.997089354626966,-0.0762418447414625));
#1992=DIRECTION('center_axis',(5.04385103011936E-15,0.997089354626966,0.0762418447414625));
#1993=DIRECTION('ref_axis',(1.,-1.37885861560854E-14,1.14170918489546E-13));
#1994=DIRECTION('',(-5.04385103011936E-15,-0.997089354626966,-0.0762418447414625));
#1995=DIRECTION('center_axis',(5.04385103011936E-15,0.997089354626966,0.0762418447414625));
#1996=DIRECTION('ref_axis',(1.,-1.37885861560854E-14,1.14170918489546E-13));
#1997=DIRECTION('center_axis',(5.04385103011936E-15,0.997089354626966,0.0762418447414625));
#1998=DIRECTION('ref_axis',(1.,-1.37885861560854E-14,1.14170918489546E-13));
#1999=DIRECTION('center_axis',(5.04385103011936E-15,0.997089354626966,0.0762418447414625));
#2000=DIRECTION('ref_axis',(1.,-1.37885861560854E-14,1.14170918489546E-13));
#2001=DIRECTION('center_axis',(5.04385103011936E-15,0.997089354626966,0.0762418447414625));
#2002=DIRECTION('ref_axis',(1.,-1.37885861560854E-14,1.14170918489546E-13));
#2003=DIRECTION('center_axis',(5.04385103011936E-15,0.997089354626966,0.0762418447414625));
#2004=DIRECTION('ref_axis',(1.,-1.37885861560854E-14,1.14170918489546E-13));
#2005=DIRECTION('center_axis',(5.04385103011936E-15,0.997089354626966,0.0762418447414625));
#2006=DIRECTION('ref_axis',(1.,-1.37885861560854E-14,1.14170918489546E-13));
#2007=DIRECTION('center_axis',(-5.04385103011936E-15,-0.997089354626966,
-0.0762418447414625));
#2008=DIRECTION('ref_axis',(1.,-1.37885861560854E-14,1.14170918489546E-13));
#2009=DIRECTION('',(-5.04385103011936E-15,-0.997089354626966,-0.0762418447414625));
#2010=DIRECTION('center_axis',(5.04385103011936E-15,0.997089354626966,0.0762418447414625));
#2011=DIRECTION('ref_axis',(1.,-1.37885861560854E-14,1.14170918489546E-13));
#2012=DIRECTION('',(-5.04385103011936E-15,-0.997089354626966,-0.0762418447414625));
#2013=DIRECTION('center_axis',(5.04385103011936E-15,0.997089354626966,0.0762418447414625));
#2014=DIRECTION('ref_axis',(1.,-1.37885861560854E-14,1.14170918489546E-13));
#2015=DIRECTION('center_axis',(5.04385103011936E-15,0.997089354626966,0.0762418447414625));
#2016=DIRECTION('ref_axis',(1.,-1.37885861560854E-14,1.14170918489546E-13));
#2017=DIRECTION('center_axis',(5.04385103011936E-15,0.997089354626966,0.0762418447414625));
#2018=DIRECTION('ref_axis',(1.,-1.37885861560854E-14,1.14170918489546E-13));
#2019=DIRECTION('center_axis',(5.04385103011936E-15,0.997089354626966,0.0762418447414625));
#2020=DIRECTION('ref_axis',(1.,-1.37885861560854E-14,1.14170918489546E-13));
#2021=DIRECTION('center_axis',(5.04385103011936E-15,0.997089354626966,0.0762418447414625));
#2022=DIRECTION('ref_axis',(1.,-1.37885861560854E-14,1.14170918489546E-13));
#2023=DIRECTION('center_axis',(5.04385103011936E-15,0.997089354626966,0.0762418447414625));
#2024=DIRECTION('ref_axis',(1.,-1.37885861560854E-14,1.14170918489546E-13));
#2025=DIRECTION('center_axis',(-5.04385103011936E-15,-0.997089354626966,
-0.0762418447414625));
#2026=DIRECTION('ref_axis',(1.,-1.37885861560854E-14,1.14170918489546E-13));
#2027=DIRECTION('',(-5.04385103011936E-15,-0.997089354626966,-0.0762418447414625));
#2028=DIRECTION('center_axis',(5.04385103011936E-15,0.997089354626966,0.0762418447414625));
#2029=DIRECTION('ref_axis',(1.,-1.37885861560854E-14,1.14170918489546E-13));
#2030=DIRECTION('',(-5.04385103011936E-15,-0.997089354626966,-0.0762418447414625));
#2031=DIRECTION('center_axis',(5.04385103011936E-15,0.997089354626966,0.0762418447414625));
#2032=DIRECTION('ref_axis',(1.,-1.37885861560854E-14,1.14170918489546E-13));
#2033=DIRECTION('center_axis',(5.04385103011936E-15,0.997089354626966,0.0762418447414625));
#2034=DIRECTION('ref_axis',(1.,-1.37885861560854E-14,1.14170918489546E-13));
#2035=DIRECTION('center_axis',(2.28983498828938E-15,0.997089354626966,0.0762418447414632));
#2036=DIRECTION('ref_axis',(-0.190521505850966,-0.0748453245535168,0.978825690917826));
#2037=DIRECTION('center_axis',(-2.55351295663786E-15,-0.997089354626966,
-0.0762418447414618));
#2038=DIRECTION('ref_axis',(-0.190521505850966,-0.0748453245535168,0.978825690917826));
#2039=DIRECTION('',(-2.28983498828938E-15,-0.997089354626966,-0.0762418447414632));
#2040=DIRECTION('center_axis',(2.28983498828938E-15,0.997089354626966,0.0762418447414632));
#2041=DIRECTION('ref_axis',(-0.190521505850966,-0.0748453245535168,0.978825690917826));
#2042=DIRECTION('center_axis',(2.28983498828938E-15,0.997089354626966,0.0762418447414632));
#2043=DIRECTION('ref_axis',(-0.190521505850966,-0.0748453245535168,0.978825690917826));
#2044=DIRECTION('center_axis',(1.14889874678826E-13,0.0762418447414625,
-0.997089354626966));
#2045=DIRECTION('ref_axis',(-1.,8.5013452324215E-15,-1.14575204223559E-13));
#2046=DIRECTION('center_axis',(-1.14889874678826E-13,-0.0762418447414625,
0.997089354626966));
#2047=DIRECTION('ref_axis',(-1.,8.5013452324215E-15,-1.14575204223559E-13));
#2048=DIRECTION('',(-0.707106781186629,-0.0539111254268539,0.705048644105565));
#2049=DIRECTION('center_axis',(1.14889874678826E-13,0.0762418447414625,
-0.997089354626966));
#2050=DIRECTION('ref_axis',(-1.,8.5013452324215E-15,-1.14575204223559E-13));
#2051=DIRECTION('center_axis',(1.14889874678826E-13,0.0762418447414625,
-0.997089354626966));
#2052=DIRECTION('ref_axis',(-1.,8.5013452324215E-15,-1.14575204223559E-13));
#2053=DIRECTION('',(-1.14889874678826E-13,-0.0762418447414625,0.997089354626966));
#2054=DIRECTION('center_axis',(1.14889874678826E-13,0.0762418447414625,
-0.997089354626966));
#2055=DIRECTION('ref_axis',(-1.,8.5013452324215E-15,-1.14575204223559E-13));
#2056=DIRECTION('center_axis',(1.14889874678826E-13,0.0762418447414625,
-0.997089354626966));
#2057=DIRECTION('ref_axis',(-1.,8.5013452324215E-15,-1.14575204223559E-13));
#2058=DIRECTION('center_axis',(1.14889874678826E-13,0.0762418447414625,
-0.997089354626966));
#2059=DIRECTION('ref_axis',(-1.,8.5013452324215E-15,-1.14575204223559E-13));
#2060=DIRECTION('center_axis',(-1.14889874678826E-13,-0.0762418447414625,
0.997089354626966));
#2061=DIRECTION('ref_axis',(-1.,8.5013452324215E-15,-1.14575204223559E-13));
#2062=DIRECTION('',(-0.707106781186629,-0.0539111254268539,0.705048644105565));
#2063=DIRECTION('center_axis',(1.14889874678826E-13,0.0762418447414625,
-0.997089354626966));
#2064=DIRECTION('ref_axis',(-1.,8.5013452324215E-15,-1.14575204223559E-13));
#2065=DIRECTION('center_axis',(1.14889874678826E-13,0.0762418447414625,
-0.997089354626966));
#2066=DIRECTION('ref_axis',(-1.,8.5013452324215E-15,-1.14575204223559E-13));
#2067=DIRECTION('',(-1.14889874678826E-13,-0.0762418447414625,0.997089354626966));
#2068=DIRECTION('center_axis',(1.14889874678826E-13,0.0762418447414625,
-0.997089354626966));
#2069=DIRECTION('ref_axis',(-1.,8.5013452324215E-15,-1.14575204223559E-13));
#2070=DIRECTION('center_axis',(1.14889874678826E-13,0.0762418447414625,
-0.997089354626966));
#2071=DIRECTION('ref_axis',(-1.,8.5013452324215E-15,-1.14575204223559E-13));
#2072=DIRECTION('center_axis',(5.04385103011936E-15,0.997089354626966,0.0762418447414625));
#2073=DIRECTION('ref_axis',(1.,-5.05857474730175E-15,-6.01442106584699E-32));
#2074=DIRECTION('center_axis',(5.04385103011936E-15,0.997089354626966,0.0762418447414625));
#2075=DIRECTION('ref_axis',(1.,-5.05857474730175E-15,-6.014421065847E-32));
#2076=DIRECTION('center_axis',(5.04385103011936E-15,0.997089354626966,0.0762418447414625));
#2077=DIRECTION('ref_axis',(1.,-5.05857474730175E-15,-6.01442106584699E-32));
#2078=DIRECTION('center_axis',(5.04385103011936E-15,0.997089354626966,0.0762418447414625));
#2079=DIRECTION('ref_axis',(1.,-5.05857474730175E-15,-6.01442106584699E-32));
#2080=DIRECTION('',(-5.04385103011936E-15,-0.997089354626966,-0.0762418447414625));
#2081=DIRECTION('center_axis',(5.04385103011936E-15,0.997089354626966,0.0762418447414625));
#2082=DIRECTION('ref_axis',(1.,-5.05857474730175E-15,-6.01442106584699E-32));
#2083=DIRECTION('center_axis',(5.04385103011936E-15,0.997089354626966,0.0762418447414625));
#2084=DIRECTION('ref_axis',(1.,-5.05857474730175E-15,-6.014421065847E-32));
#2085=DIRECTION('center_axis',(5.04385103011936E-15,0.997089354626966,0.0762418447414625));
#2086=DIRECTION('ref_axis',(1.,-5.05857474730175E-15,-6.01442106584699E-32));
#2087=DIRECTION('center_axis',(5.04385103011936E-15,0.997089354626966,0.0762418447414625));
#2088=DIRECTION('ref_axis',(1.,-5.05857474730175E-15,-6.01442106584699E-32));
#2089=DIRECTION('',(-5.04385103011936E-15,-0.997089354626966,-0.0762418447414625));
#2090=DIRECTION('center_axis',(-5.12410626750073E-15,-0.997089354626966,
-0.0762418447414625));
#2091=DIRECTION('ref_axis',(1.,-1.38686077989314E-14,1.14164799682198E-13));
#2092=DIRECTION('center_axis',(-5.04385103011936E-15,-0.997089354626966,
-0.0762418447414625));
#2093=DIRECTION('ref_axis',(1.,-1.38686077989314E-14,1.14164799682198E-13));
#2094=DIRECTION('',(-5.12410626750073E-15,-0.997089354626966,-0.0762418447414625));
#2095=DIRECTION('center_axis',(-3.41607084500048E-15,-0.997089354626966,
-0.0762418447414626));
#2096=DIRECTION('ref_axis',(1.,-1.21655438618306E-14,1.14295023453693E-13));
#2097=DIRECTION('center_axis',(-5.04385103011936E-15,-0.997089354626966,
-0.0762418447414625));
#2098=DIRECTION('ref_axis',(1.,-1.21655438618306E-14,1.14295023453693E-13));
#2099=DIRECTION('',(-3.41607084500048E-15,-0.997089354626965,-0.0762418447414626));
#2100=DIRECTION('center_axis',(-1.,1.38315246300099E-14,-1.14167635224664E-13));
#2101=DIRECTION('ref_axis',(-1.14889874678826E-13,-0.0762418447414625,0.997089354626966));
#2102=DIRECTION('',(5.0869148475448E-15,0.997089354626966,0.0762418447414625));
#2103=DIRECTION('',(1.14889874678826E-13,0.0762418447414625,-0.997089354626966));
#2104=DIRECTION('',(5.0869148475448E-15,0.997089354626966,0.0762418447414625));
#2105=DIRECTION('center_axis',(1.16704217223109E-13,0.0762418447414625,
-0.997089354626966));
#2106=DIRECTION('ref_axis',(-1.,1.39269149786545E-14,-1.15979980126098E-13));
#2107=DIRECTION('',(5.0869148475448E-15,0.997089354626966,0.0762418447414625));
#2108=DIRECTION('',(1.,-1.39269149786545E-14,1.15979980126098E-13));
#2109=DIRECTION('',(5.0869148475448E-15,0.997089354626966,0.0762418447414625));
#2110=DIRECTION('center_axis',(5.04385103011936E-15,0.997089354626966,0.0762418447414625));
#2111=DIRECTION('ref_axis',(0.,-0.0762418447414625,0.997089354626966));
#2112=DIRECTION('',(-1.14713248288545E-13,-0.0762418447414625,0.997089354626966));
#2113=DIRECTION('',(-1.,5.49333191184166E-15,-5.6857456962188E-15));
#2114=DIRECTION('',(-1.14647013392189E-13,-0.0762418447414625,0.997089354626966));
#2115=DIRECTION('center_axis',(1.42997475151359E-8,0.0762418447414625,-0.997089354626965));
#2116=DIRECTION('ref_axis',(-1.,1.09024415906128E-9,-1.42581256366429E-8));
#2117=DIRECTION('',(5.0869148475448E-15,0.997089354626966,0.0762418447414625));
#2118=DIRECTION('',(-1.,5.49333191184166E-15,-5.6857456962188E-15));
#2119=DIRECTION('',(5.0869148475448E-15,0.997089354626966,0.0762418447414625));
#2120=DIRECTION('center_axis',(-1.,1.38315246300099E-14,-1.14167635224664E-13));
#2121=DIRECTION('ref_axis',(-1.14889874678825E-13,-0.0762418447414625,0.997089354626966));
#2122=DIRECTION('',(1.14889874678826E-13,0.0762418447414625,-0.997089354626966));
#2123=DIRECTION('',(5.0869148475448E-15,0.997089354626966,0.0762418447414625));
#2124=DIRECTION('center_axis',(-1.,1.38130084375004E-14,-1.13925480821107E-13));
#2125=DIRECTION('ref_axis',(-1.14647013392189E-13,-0.0762418447414625,0.997089354626966));
#2126=DIRECTION('center_axis',(5.04385103011936E-15,0.997089354626966,0.0762418447414625));
#2127=DIRECTION('ref_axis',(6.01442106584699E-32,-0.0762418447414625,0.997089354626966));
#2128=DIRECTION('',(-1.14713248288545E-13,-0.0762418447414625,0.997089354626966));
#2129=DIRECTION('',(1.14583821272151E-13,0.0762418447414625,-0.997089354626966));
#2130=DIRECTION('center_axis',(5.04385103011936E-15,0.997089354626966,0.0762418447414625));
#2131=DIRECTION('ref_axis',(6.01442106584699E-32,-0.0762418447414625,0.997089354626966));
#2132=DIRECTION('center_axis',(-5.04385103011936E-15,-0.997089354626966,
-0.0762418447414625));
#2133=DIRECTION('ref_axis',(-1.,1.37885861560854E-14,-1.14170918489546E-13));
#2134=DIRECTION('center_axis',(-5.04385103011936E-15,-0.997089354626966,
-0.0762418447414625));
#2135=DIRECTION('ref_axis',(-1.,1.37885861560854E-14,-1.14170918489546E-13));
#2136=DIRECTION('center_axis',(-5.04385103011936E-15,-0.997089354626966,
-0.0762418447414625));
#2137=DIRECTION('ref_axis',(-1.,1.37885861560854E-14,-1.14170918489546E-13));
#2138=DIRECTION('center_axis',(-5.04385103011936E-15,-0.997089354626966,
-0.0762418447414625));
#2139=DIRECTION('ref_axis',(-1.,1.37885861560854E-14,-1.14170918489546E-13));
#2140=DIRECTION('center_axis',(-5.04385103011936E-15,-0.997089354626966,
-0.0762418447414625));
#2141=DIRECTION('ref_axis',(-1.,1.37885861560854E-14,-1.14170918489546E-13));
#2142=DIRECTION('center_axis',(-5.04385103011936E-15,-0.997089354626966,
-0.0762418447414625));
#2143=DIRECTION('ref_axis',(-1.,1.37885861560854E-14,-1.14170918489546E-13));
#2144=DIRECTION('',(1.14583821272151E-13,0.0762418447414625,-0.997089354626966));
#2145=DIRECTION('',(-1.,1.37598927827051E-14,-1.13795667113574E-13));
#2146=DIRECTION('',(-1.14685839074376E-13,-0.0762418447414625,0.997089354626966));
#2147=DIRECTION('',(1.,-1.37885861560854E-14,1.14170918489546E-13));
#2148=DIRECTION('',(1.14889874678826E-13,0.0762418447414625,-0.997089354626966));
#2149=DIRECTION('',(1.,-1.37885861560854E-14,1.14170918489546E-13));
#2150=DIRECTION('center_axis',(1.,-1.37352073970288E-14,1.13997858076836E-13));
#2151=DIRECTION('ref_axis',(-1.14713248288545E-13,-0.0762418447414625,0.997089354626966));
#2152=DIRECTION('',(-5.00382208281761E-15,-0.997089354626966,-0.0762418447414626));
#2153=DIRECTION('',(-1.14713248288545E-13,-0.0762418447414625,0.997089354626966));
#2154=DIRECTION('',(-5.00382208281761E-15,-0.997089354626966,-0.0762418447414626));
#2155=DIRECTION('center_axis',(1.14889874678826E-13,0.0762418447414626,
-0.997089354626966));
#2156=DIRECTION('ref_axis',(1.,-1.37885861560854E-14,1.14170918489546E-13));
#2157=DIRECTION('',(-5.00382208281761E-15,-0.997089354626966,-0.0762418447414626));
#2158=DIRECTION('',(1.,-1.37885861560854E-14,1.14170918489546E-13));
#2159=DIRECTION('center_axis',(-1.,1.37486737188539E-14,-1.14173970370331E-13));
#2160=DIRECTION('ref_axis',(1.14889874678825E-13,0.0762418447414625,-0.997089354626966));
#2161=DIRECTION('',(-5.00382208281761E-15,-0.997089354626966,-0.0762418447414626));
#2162=DIRECTION('',(1.14889874678825E-13,0.0762418447414625,-0.997089354626966));
#2163=DIRECTION('center_axis',(-6.0880182655518E-15,-0.0762418447414626,
0.997089354626966));
#2164=DIRECTION('ref_axis',(-1.,5.49333191184166E-15,-5.6857456962188E-15));
#2165=DIRECTION('',(-1.,5.49333191184166E-15,-5.6857456962188E-15));
#2166=DIRECTION('center_axis',(-5.00382208281761E-15,-0.997089354626966,
-0.0762418447414626));
#2167=DIRECTION('ref_axis',(0.,0.0762418447414626,-0.997089354626966));
#2168=DIRECTION('center_axis',(2.96059473233375E-15,0.997089354626966,0.0762418447414618));
#2169=DIRECTION('ref_axis',(0.981683022063782,-0.0145257110690017,0.189966965311497));
#2170=DIRECTION('',(2.96059473233375E-15,0.997089354626966,0.0762418447414618));
#2171=DIRECTION('',(-2.96059473233375E-15,-0.997089354626966,-0.0762418447414618));
#2172=DIRECTION('center_axis',(2.56045185054177E-15,0.997089354626966,0.0762418447414618));
#2173=DIRECTION('ref_axis',(-0.644090385740909,-0.0583211529132433,0.762722897334934));
#2174=DIRECTION('center_axis',(2.55351295663786E-15,0.997089354626966,0.0762418447414618));
#2175=DIRECTION('ref_axis',(0.,-0.0762418447414618,0.997089354626966));
#2176=DIRECTION('center_axis',(-2.55351295663786E-15,-0.997089354626966,
-0.0762418447414618));
#2177=DIRECTION('ref_axis',(1.,-1.37883382551635E-14,1.14170937445142E-13));
#2178=DIRECTION('center_axis',(-2.55351295663786E-15,-0.997089354626966,
-0.0762418447414618));
#2179=DIRECTION('ref_axis',(1.,-1.37883382551635E-14,1.14170937445142E-13));
#2180=DIRECTION('center_axis',(-5.04360240553947E-15,-0.997089354626966,
-0.0762418447414625));
#2181=DIRECTION('ref_axis',(1.,-1.37883382551635E-14,1.14170937445142E-13));
#2182=DIRECTION('',(5.04360240553947E-15,0.997089354626966,0.0762418447414625));
#2183=DIRECTION('center_axis',(-5.04385103011936E-15,-0.997089354626966,
-0.0762418447414625));
#2184=DIRECTION('ref_axis',(1.,-1.37885861560854E-14,1.14170918489546E-13));
#2185=DIRECTION('',(5.2245789394125E-15,0.997089354626966,0.0762418447414628));
#2186=DIRECTION('center_axis',(-5.04385103011936E-15,-0.997089354626966,
-0.0762418447414625));
#2187=DIRECTION('ref_axis',(1.,-1.37885861560854E-14,1.14170918489546E-13));
#2188=DIRECTION('',(5.2245789394125E-15,0.997089354626966,0.0762418447414628));
#2189=DIRECTION('center_axis',(-5.04385103011936E-15,-0.997089354626966,
-0.0762418447414625));
#2190=DIRECTION('ref_axis',(1.,-1.37885861560854E-14,1.14170918489546E-13));
#2191=DIRECTION('center_axis',(5.04385103011936E-15,0.997089354626966,0.0762418447414625));
#2192=DIRECTION('ref_axis',(0.,-0.0762418447414625,0.997089354626966));
#2193=DIRECTION('center_axis',(-5.04385103011936E-15,-0.997089354626966,
-0.0762418447414625));
#2194=DIRECTION('ref_axis',(1.,-1.37885861560854E-14,1.14170918489546E-13));
#2195=DIRECTION('center_axis',(5.04385103011936E-15,0.997089354626966,0.0762418447414625));
#2196=DIRECTION('ref_axis',(0.,-0.0762418447414625,0.997089354626966));
#2197=DIRECTION('',(-1.,1.37885861560854E-14,-1.14170918489546E-13));
#2198=DIRECTION('',(-1.14685839074376E-13,-0.0762418447414625,0.997089354626966));
#2199=DIRECTION('',(-1.,1.37598927827051E-14,-1.13795667113574E-13));
#2200=DIRECTION('',(-1.14889874678826E-13,-0.0762418447414625,0.997089354626966));
#2201=DIRECTION('center_axis',(-5.04457586814055E-15,-0.997089354626966,
-0.0762418447414625));
#2202=DIRECTION('ref_axis',(-0.879124724311692,-0.036336236043115,0.475204584420343));
#2203=DIRECTION('',(-0.766044443118964,-0.0490073131394543,0.640916682904578));
#2204=DIRECTION('center_axis',(5.04804531509251E-15,0.997089354626966,0.0762418447414625));
#2205=DIRECTION('ref_axis',(0.954343951220026,0.0227741961682122,-0.297840492140745));
#2206=DIRECTION('center_axis',(5.04385103011936E-15,0.997089354626966,0.0762418447414625));
#2207=DIRECTION('ref_axis',(0.,-0.0762418447414625,0.997089354626966));
#2208=DIRECTION('',(0.766044443118965,0.0490073131394542,-0.640916682904577));
#2209=DIRECTION('center_axis',(5.04804531509251E-15,0.997089354626966,0.0762418447414625));
#2210=DIRECTION('ref_axis',(-0.954343951220024,-0.0227741961682125,0.297840492140749));
#2211=DIRECTION('',(-0.766044443118964,-0.0490073131394544,0.640916682904579));
#2212=DIRECTION('center_axis',(-5.04457586814056E-15,-0.997089354626966,
-0.0762418447414625));
#2213=DIRECTION('ref_axis',(0.879124724311691,0.0363362360431151,-0.475204584420345));
#2214=DIRECTION('',(-1.14685839074376E-13,-0.0762418447414625,0.997089354626966));
#2215=DIRECTION('center_axis',(4.80096443081149E-15,0.997089354626966,0.0762418447414624));
#2216=DIRECTION('ref_axis',(-1.,1.35464065135339E-14,-1.1418943661194E-13));
#2217=DIRECTION('center_axis',(5.04385103011936E-15,0.997089354626966,0.0762418447414625));
#2218=DIRECTION('ref_axis',(-1.,1.35464065135339E-14,-1.1418943661194E-13));
#2219=DIRECTION('',(4.80096443081149E-15,0.997089354626966,0.0762418447414624));
#2220=DIRECTION('',(4.80096443081149E-15,0.997089354626966,0.0762418447414624));
#2221=DIRECTION('center_axis',(4.80096443081149E-15,0.997089354626966,0.0762418447414624));
#2222=DIRECTION('ref_axis',(0.948804820630458,-0.0240819750996766,0.314943599432824));
#2223=DIRECTION('center_axis',(5.04385103011936E-15,0.997089354626966,0.0762418447414625));
#2224=DIRECTION('ref_axis',(-1.,1.35464065135339E-14,-1.1418943661194E-13));
#2225=DIRECTION('',(4.80096443081149E-15,0.997089354626966,0.0762418447414624));
#2226=DIRECTION('',(4.80096443081149E-15,0.997089354626966,0.0762418447414624));
#2227=DIRECTION('center_axis',(5.04385103011936E-15,0.997089354626966,0.0762418447414625));
#2228=DIRECTION('ref_axis',(0.,-0.0762418447414625,0.997089354626966));
#2229=DIRECTION('center_axis',(-5.04385103011936E-15,-0.997089354626966,
-0.0762418447414625));
#2230=DIRECTION('ref_axis',(1.,-1.37885861560854E-14,1.14170918489546E-13));
#2231=DIRECTION('center_axis',(-5.04385103011936E-15,-0.997089354626966,
-0.0762418447414625));
#2232=DIRECTION('ref_axis',(1.,-1.37885861560854E-14,1.14170918489546E-13));
#2233=DIRECTION('center_axis',(-5.04385103011936E-15,-0.997089354626966,
-0.0762418447414625));
#2234=DIRECTION('ref_axis',(1.,-1.37885861560854E-14,1.14170918489546E-13));
#2235=DIRECTION('center_axis',(5.2245789394125E-15,0.997089354626966,0.0762418447414628));
#2236=DIRECTION('ref_axis',(-0.300920803706498,0.0727079691769906,-0.950873399099372));
#2237=DIRECTION('center_axis',(5.04385103011936E-15,0.997089354626966,0.0762418447414625));
#2238=DIRECTION('ref_axis',(1.,-1.39687880305256E-14,1.14157139460345E-13));
#2239=DIRECTION('center_axis',(5.2245789394125E-15,0.997089354626966,0.0762418447414628));
#2240=DIRECTION('ref_axis',(1.,-1.39687880305256E-14,1.14157139460345E-13));
#2241=DIRECTION('',(-5.2245789394125E-15,-0.997089354626966,-0.0762418447414628));
#2242=DIRECTION('center_axis',(-5.04385103011936E-15,-0.997089354626966,
-0.0762418447414625));
#2243=DIRECTION('ref_axis',(1.,-1.37885861560854E-14,1.14170918489546E-13));
#2244=DIRECTION('center_axis',(5.2245789394125E-15,0.997089354626966,0.0762418447414628));
#2245=DIRECTION('ref_axis',(0.879124724311691,0.0363362360431151,-0.475204584420345));
#2246=DIRECTION('center_axis',(-5.04457586814056E-15,-0.997089354626966,
-0.0762418447414625));
#2247=DIRECTION('ref_axis',(0.879124724311691,0.0363362360431151,-0.475204584420345));
#2248=DIRECTION('',(5.2245789394125E-15,0.997089354626966,0.0762418447414628));
#2249=DIRECTION('',(5.2245789394125E-15,0.997089354626966,0.0762418447414628));
#2250=DIRECTION('center_axis',(-0.642787609686556,0.0584046414973397,-0.763814759405061));
#2251=DIRECTION('ref_axis',(-0.766044443118964,-0.0490073131394544,0.640916682904579));
#2252=DIRECTION('',(-0.766044443118964,-0.0490073131394544,0.640916682904579));
#2253=DIRECTION('',(5.2245789394125E-15,0.997089354626966,0.0762418447414628));
#2254=DIRECTION('center_axis',(5.2245789394125E-15,0.997089354626966,0.0762418447414628));
#2255=DIRECTION('ref_axis',(-0.954343951220024,-0.0227741961682124,0.297840492140749));
#2256=DIRECTION('center_axis',(5.04804531509251E-15,0.997089354626966,0.0762418447414625));
#2257=DIRECTION('ref_axis',(-0.954343951220024,-0.0227741961682125,0.297840492140749));
#2258=DIRECTION('',(5.2245789394125E-15,0.997089354626966,0.0762418447414628));
#2259=DIRECTION('center_axis',(0.642787609686555,-0.0584046414973399,0.763814759405062));
#2260=DIRECTION('ref_axis',(0.766044443118965,0.0490073131394542,-0.640916682904577));
#2261=DIRECTION('',(0.766044443118965,0.0490073131394542,-0.640916682904577));
#2262=DIRECTION('',(5.2245789394125E-15,0.997089354626966,0.0762418447414628));
#2263=DIRECTION('center_axis',(-1.,1.39687880305256E-14,-1.14157139460345E-13));
#2264=DIRECTION('ref_axis',(-1.14889874678826E-13,-0.0762418447414625,0.997089354626966));
#2265=DIRECTION('',(-1.14889874678826E-13,-0.0762418447414625,0.997089354626966));
#2266=DIRECTION('',(-1.14889874678826E-13,-0.0762418447414625,0.997089354626966));
#2267=DIRECTION('',(-5.04360240553946E-15,-0.997089354626966,-0.0762418447414624));
#2268=DIRECTION('',(8.88178419700125E-15,0.997089354626966,0.0762418447414604));
#2269=DIRECTION('',(4.80096443081149E-15,0.997089354626966,0.0762418447414624));
#2270=DIRECTION('',(5.2245789394125E-15,0.997089354626966,0.0762418447414628));
#2271=DIRECTION('center_axis',(1.14889874678826E-13,0.0762418447414628,
-0.997089354626966));
#2272=DIRECTION('ref_axis',(-1.,1.37885861560854E-14,-1.14170918489546E-13));
#2273=DIRECTION('',(-1.,1.37885861560854E-14,-1.14170918489546E-13));
#2274=DIRECTION('',(5.2245789394125E-15,0.997089354626966,0.0762418447414628));
#2275=DIRECTION('center_axis',(5.2245789394125E-15,0.997089354626966,0.0762418447414628));
#2276=DIRECTION('ref_axis',(0.954343951220026,0.0227741961682121,-0.297840492140745));
#2277=DIRECTION('center_axis',(5.04804531509251E-15,0.997089354626966,0.0762418447414625));
#2278=DIRECTION('ref_axis',(0.954343951220026,0.0227741961682122,-0.297840492140745));
#2279=DIRECTION('',(5.2245789394125E-15,0.997089354626966,0.0762418447414628));
#2280=DIRECTION('center_axis',(-0.642787609686555,0.0584046414973398,-0.763814759405061));
#2281=DIRECTION('ref_axis',(-0.766044443118964,-0.0490073131394543,0.640916682904578));
#2282=DIRECTION('',(-0.766044443118964,-0.0490073131394543,0.640916682904578));
#2283=DIRECTION('',(5.2245789394125E-15,0.997089354626966,0.0762418447414628));
#2284=DIRECTION('center_axis',(5.2245789394125E-15,0.997089354626966,0.0762418447414628));
#2285=DIRECTION('ref_axis',(-0.879124724311692,-0.036336236043115,0.475204584420343));
#2286=DIRECTION('center_axis',(-5.04457586814055E-15,-0.997089354626966,
-0.0762418447414625));
#2287=DIRECTION('ref_axis',(-0.879124724311692,-0.036336236043115,0.475204584420343));
#2288=DIRECTION('',(5.2245789394125E-15,0.997089354626966,0.0762418447414628));
#2289=DIRECTION('center_axis',(-1.,1.39687880305256E-14,-1.14157139460345E-13));
#2290=DIRECTION('ref_axis',(-1.14889874678826E-13,-0.0762418447414625,0.997089354626966));
#2291=DIRECTION('',(-1.14889874678826E-13,-0.0762418447414625,0.997089354626966));
#2292=DIRECTION('',(5.2245789394125E-15,0.997089354626966,0.0762418447414628));
#2293=DIRECTION('center_axis',(-5.04360240553947E-15,-0.997089354626966,
-0.0762418447414625));
#2294=DIRECTION('ref_axis',(1.,-1.37883382551635E-14,1.14170937445142E-13));
#2295=DIRECTION('center_axis',(-5.04385103011936E-15,-0.997089354626966,
-0.0762418447414625));
#2296=DIRECTION('ref_axis',(1.,-1.37885861560854E-14,1.14170918489546E-13));
#2297=DIRECTION('',(8.88178419700125E-15,0.997089354626966,0.0762418447414604));
#2298=DIRECTION('center_axis',(5.04385103011936E-15,0.997089354626966,0.0762418447414625));
#2299=DIRECTION('ref_axis',(0.,-0.0762418447414625,0.997089354626966));
#2300=DIRECTION('center_axis',(-5.04385103011936E-15,-0.997089354626966,
-0.0762418447414625));
#2301=DIRECTION('ref_axis',(1.,-1.37885861560854E-14,1.14170918489546E-13));
#2302=DIRECTION('center_axis',(5.04385103011936E-15,0.997089354626966,0.0762418447414625));
#2303=DIRECTION('ref_axis',(0.,-0.0762418447414625,0.997089354626966));
#2304=DIRECTION('',(-1.,1.37885861560854E-14,-1.14170918489546E-13));
#2305=DIRECTION('center_axis',(-1.14983961375828E-13,-0.0762418447414625,
0.997089354626966));
#2306=DIRECTION('ref_axis',(-1.,1.37957594994304E-14,-1.14264731333538E-13));
#2307=DIRECTION('',(8.88178419700125E-15,0.997089354626966,0.0762418447414604));
#2308=DIRECTION('center_axis',(-5.04360240553947E-15,-0.997089354626966,
-0.0762418447414625));
#2309=DIRECTION('ref_axis',(1.,-1.37883382551634E-14,1.14170937445142E-13));
#2310=DIRECTION('',(5.04360240553946E-15,0.997089354626965,0.0762418447414624));
#2311=DIRECTION('center_axis',(-5.04360240553947E-15,-0.997089354626966,
-0.0762418447414625));
#2312=DIRECTION('ref_axis',(1.,-1.37883382551634E-14,1.14170937445142E-13));
#2313=DIRECTION('',(5.04360240553947E-15,0.997089354626966,0.0762418447414625));
#2314=DIRECTION('center_axis',(1.,-1.37743317327925E-14,1.13987760419471E-13));
#2315=DIRECTION('ref_axis',(-1.14706162933413E-13,-0.0762418447414625,0.997089354626966));
#2316=DIRECTION('',(8.88178419700125E-15,0.997089354626966,0.0762418447414604));
#2317=DIRECTION('center_axis',(1.14889874678826E-13,0.0762418447414625,
-0.997089354626966));
#2318=DIRECTION('ref_axis',(1.,-1.37885861560854E-14,1.14170918489546E-13));
#2319=CARTESIAN_POINT('',(0.,0.,0.));
#2320=CARTESIAN_POINT('Origin',(-24.4591385451614,-9.03791498616195,-0.200675712482096));
#2321=CARTESIAN_POINT('',(-24.2091385451614,0.315664486177041,0.765269966746785));
#2322=CARTESIAN_POINT('',(-24.7091385451613,0.353785408547775,0.266725289433241));
#2323=CARTESIAN_POINT('',(-23.2915301094764,0.245704326290075,1.68020756968442));
#2324=CARTESIAN_POINT('',(-24.7091385451613,-9.01885452497658,-0.449948051138868));
#2325=CARTESIAN_POINT('',(-24.7091385451613,-9.01885452497658,-0.449948051138868));
#2326=CARTESIAN_POINT('',(-24.2091385451614,-9.05697544734732,0.0485966261746749));
#2327=CARTESIAN_POINT('',(-31.8359015467688,-8.47549696669866,-7.55596757299275));
#2328=CARTESIAN_POINT('',(-24.2091385451614,-9.05697544734732,0.0485966261746762));
#2329=CARTESIAN_POINT('Origin',(-24.9387040173104,-0.0579204931977606,5.65100702159295));
#2330=CARTESIAN_POINT('',(-23.6682694894593,0.315664486177033,0.765269966746853));
#2331=CARTESIAN_POINT('',(-24.8239212812356,0.31566448617705,0.76526996674671));
#2332=CARTESIAN_POINT('',(-23.6682694894589,0.628256109476429,-3.32279717006419));
#2333=CARTESIAN_POINT('',(-23.6682694894596,0.128871996489631,3.20813849416993));
#2334=CARTESIAN_POINT('',(-26.1159286222352,0.62825610947646,-3.32279717006447));
#2335=CARTESIAN_POINT('',(-24.3034867533841,0.628256109476437,-3.32279717006426));
#2336=CARTESIAN_POINT('',(-26.1682694894592,0.622902925619775,-3.25278833626769));
#2337=CARTESIAN_POINT('Origin',(-32.8766673627557,1.00833842698053,-8.29350628590838));
#2338=CARTESIAN_POINT('',(-26.1682694894593,0.552014264734924,-2.3257078154364));
#2339=CARTESIAN_POINT('',(-26.1682694894597,0.282491216211017,1.19910934266252));
#2340=CARTESIAN_POINT('',(-24.709138545161,0.552014264734904,-2.32570781543623));
#2341=CARTESIAN_POINT('',(-25.5534867533844,0.552014264734915,-2.32570781543633));
#2342=CARTESIAN_POINT('',(-24.7091385451615,0.247046885768573,1.66264960307833));
#2343=CARTESIAN_POINT('Origin',(-24.7091385451614,-9.05697544734731,0.0485966261746151));
#2344=CARTESIAN_POINT('',(-23.6682694894594,-9.05697544734732,0.0485966261747439));
#2345=CARTESIAN_POINT('',(-30.0887040173105,-9.05697544734723,0.0485966261739567));
#2346=CARTESIAN_POINT('',(-23.6682694894594,-9.05697544734732,0.0485966261747439));
#2347=CARTESIAN_POINT('Origin',(-24.9182694894611,-9.89944770975347,11.066432399459));
#2348=CARTESIAN_POINT('',(-25.168269489461,-0.545868237414386,12.0323780786878));
#2349=CARTESIAN_POINT('',(-24.668269489461,-0.507747315043666,11.5338334013744));
#2350=CARTESIAN_POINT('',(-23.3858783251457,-0.409975446996158,10.2551748229683));
#2351=CARTESIAN_POINT('',(-24.668269489461,-9.88038724856811,10.8171600608023));
#2352=CARTESIAN_POINT('',(-24.668269489461,-9.88038724856811,10.8171600608023));
#2353=CARTESIAN_POINT('',(-24.7091385451626,-9.88350318076764,10.857910161176));
#2354=CARTESIAN_POINT('',(-20.1062896239268,-9.53257348794648,6.26845850085668));
#2355=CARTESIAN_POINT('',(-25.1682694894611,-9.91850817093883,11.3157047381157));
#2356=CARTESIAN_POINT('',(-25.2483782232867,-9.9246158085856,11.3955803038258));
#2357=CARTESIAN_POINT('',(-25.1682694894611,-9.91850817093883,11.3157047381157));
#2358=CARTESIAN_POINT('Origin',(-23.6682694894606,-9.88038724856813,10.8171600608024));
#2359=CARTESIAN_POINT('',(-23.6682694894606,-0.50774731504368,11.5338334013745));
#2360=CARTESIAN_POINT('',(-24.3034867533859,-0.507747315043671,11.5338334013745));
#2361=CARTESIAN_POINT('',(-23.6682694894606,-9.88038724856813,10.8171600608024));
#2362=CARTESIAN_POINT('',(-23.6682694894606,-9.88038724856813,10.8171600608024));
#2363=CARTESIAN_POINT('',(-29.5682694894608,-9.88038724856804,10.8171600608017));
#2364=CARTESIAN_POINT('Origin',(-24.9387040173104,-0.0579204931977606,5.65100702159295));
#2365=CARTESIAN_POINT('',(-25.1682694894613,-0.705976173501275,14.1262665359372));
#2366=CARTESIAN_POINT('',(-25.1682694894606,-0.282833904120705,8.59242021148361));
#2367=CARTESIAN_POINT('',(-26.2091385451619,-0.705976172366475,14.1262665210964));
#2368=CARTESIAN_POINT('',(-25.0534868141598,-0.705976173626415,14.1262665375738));
#2369=CARTESIAN_POINT('',(-26.209138545162,-0.744097095871951,14.6248112132501));
#2370=CARTESIAN_POINT('',(-26.2091385451614,-0.381948332782106,9.88863677134456));
#2371=CARTESIAN_POINT('',(-23.6682694894609,-0.744097095871982,14.6248112132504));
#2372=CARTESIAN_POINT('',(-25.5739212812367,-0.744097095871957,14.6248112132501));
#2373=CARTESIAN_POINT('',(-23.6682694894604,-0.401008794534877,10.1379091174217));
#2374=CARTESIAN_POINT('Origin',(-24.5682694894567,-18.4735521565486,-25.0141705813498));
#2375=CARTESIAN_POINT('',(-23.6682694894563,-16.1661873465562,-27.6459129003484));
#2376=CARTESIAN_POINT('',(-23.668269489457,-16.5931416771084,-22.0622125144369));
#2377=CARTESIAN_POINT('Ctrl Pts',(-23.6682694894528,-16.1661873465559,-27.6459129003528));
#2378=CARTESIAN_POINT('Ctrl Pts',(-25.9082694894583,-16.3796645118323,-24.8540627073929));
#2379=CARTESIAN_POINT('Ctrl Pts',(-23.6682694894535,-16.5931416771088,-22.0622125144325));
#2380=CARTESIAN_POINT('Origin',(-23.6682694894567,-18.4735521565486,-25.0141705813497));
#2381=CARTESIAN_POINT('Origin',(-24.5682694894574,-18.9727776776902,-18.485308978167));
#2382=CARTESIAN_POINT('',(-23.6682694894571,-16.6654128676978,-21.1170512971656));
#2383=CARTESIAN_POINT('',(-23.6682694894577,-17.09236719825,-15.5333509112541));
#2384=CARTESIAN_POINT('Ctrl Pts',(-23.6682694894528,-16.6654128676974,-21.1170512971709));
#2385=CARTESIAN_POINT('Ctrl Pts',(-25.9082694894593,-16.8788900329739,-18.3252011042101));
#2386=CARTESIAN_POINT('Ctrl Pts',(-23.6682694894535,-17.0923671982504,-15.5333509112488));
#2387=CARTESIAN_POINT('Origin',(-23.6682694894574,-18.9727776776902,-18.4853089781669));
#2388=CARTESIAN_POINT('Origin',(-35.4682694894574,-16.8008214230716,-19.3461808578887));
#2389=CARTESIAN_POINT('',(-23.6682694894554,-15.5562525886248,-35.6226277373604));
#2390=CARTESIAN_POINT('',(-23.668269489461,-19.2899590919652,13.2067129010567));
#2391=CARTESIAN_POINT('',(-23.6682694894554,-15.5562525886248,-35.6226277373604));
#2392=CARTESIAN_POINT('',(-47.2682694894613,-19.289959091965,13.206712901054));
#2393=CARTESIAN_POINT('',(-29.5682694894611,-19.2899590919652,13.2067129010561));
#2394=CARTESIAN_POINT('',(-47.2682694894562,-15.8701360697164,-31.5176657096052));
#2395=CARTESIAN_POINT('',(-47.2682694894594,-18.0453902575183,-3.069733978418));
#2396=CARTESIAN_POINT('',(-28.5858637372451,-14.3116837541779,-51.8990746168341));
#2397=CARTESIAN_POINT('Origin',(-38.1682694894568,-15.0741022015924,-41.9281810705659));
#2398=CARTESIAN_POINT('',(-23.6682694894535,-14.3116837541779,-51.8990746168335));
#2399=CARTESIAN_POINT('',(-32.0270666133494,-14.3116837541778,-51.8990746168345));
#2400=CARTESIAN_POINT('',(-23.6682694894554,-15.5562525886248,-35.6226277373604));
#2401=CARTESIAN_POINT('',(-41.6682694894573,-16.6214031574826,-21.692609426754));
#2402=CARTESIAN_POINT('Origin',(-36.6682694894575,-16.6214031574827,-21.6926094267534));
#2403=CARTESIAN_POINT('',(-43.1682694894579,-18.1844523432139,-1.25108274103515));
#2404=CARTESIAN_POINT('Origin',(-38.168269489458,-18.184452343214,-1.25108274103458));
#2405=CARTESIAN_POINT('',(-33.7647846703731,-17.8816374646937,-5.2112898008043));
#2406=CARTESIAN_POINT('',(-32.0119927212514,-17.193062798433,-14.2164558211503));
#2407=CARTESIAN_POINT('Origin',(-32.8766673627558,-17.5375235691127,-9.71160459810199));
#2408=CARTESIAN_POINT('Origin',(-32.9001100289772,-17.5371766940127,-9.71614102387362));
#2409=CARTESIAN_POINT('',(-45.5874940901144,-17.7923938369635,-6.37841621911141));
#2410=CARTESIAN_POINT('Origin',(-44.3374940901144,-17.7923938369635,-6.37841621911141));
#2411=CARTESIAN_POINT('',(-33.3307830002105,-18.5765108471949,3.87625070736169));
#2412=CARTESIAN_POINT('Origin',(-32.0807830002105,-18.5765108471949,3.87625070736169));
#2413=CARTESIAN_POINT('Origin',(-46.7682694894585,-14.463724544444,-10.5622173551754));
#2414=CARTESIAN_POINT('',(-46.7682694894583,-14.2921803937757,-12.805668403086));
#2415=CARTESIAN_POINT('Origin',(-46.7682694894585,-14.463724544444,-10.5622173551754));
#2416=CARTESIAN_POINT('',(-46.7682694894583,-14.3112408549611,-12.5563960644293));
#2417=CARTESIAN_POINT('Origin',(-46.7682694894585,-14.463724544444,-10.5622173551754));
#2418=CARTESIAN_POINT('Origin',(-47.0182694894585,-14.463724544444,-10.5622173551754));
#2419=CARTESIAN_POINT('',(-47.2682694894583,-14.2921803937757,-12.8056684030861));
#2420=CARTESIAN_POINT('Origin',(-47.2682694894585,-14.463724544444,-10.5622173551754));
#2421=CARTESIAN_POINT('',(-47.0182694894583,-14.2921803937757,-12.8056684030861));
#2422=CARTESIAN_POINT('Origin',(-45.5182694894585,-14.463724544444,-10.5622173551752));
#2423=CARTESIAN_POINT('',(-43.7682694894583,-14.3112408549611,-12.5563960644289));
#2424=CARTESIAN_POINT('',(-45.5182694894583,-14.3112408549611,-12.5563960644291));
#2425=CARTESIAN_POINT('Origin',(-43.7682694894585,-14.4637245444441,-10.562217355175));
#2426=CARTESIAN_POINT('Origin',(-43.7682694894585,-14.4637245444441,-10.562217355175));
#2427=CARTESIAN_POINT('Origin',(-46.7682694894548,-10.0062176577858,-42.373169593392));
#2428=CARTESIAN_POINT('',(-46.7682694894546,-9.83467350711748,-44.6166206413027));
#2429=CARTESIAN_POINT('Origin',(-46.7682694894548,-10.0062176577858,-42.373169593392));
#2430=CARTESIAN_POINT('',(-46.7682694894546,-9.85373396830285,-44.367348302646));
#2431=CARTESIAN_POINT('Origin',(-46.7682694894548,-10.0062176577858,-42.373169593392));
#2432=CARTESIAN_POINT('Origin',(-47.0182694894548,-10.0062176577858,-42.3731695933921));
#2433=CARTESIAN_POINT('',(-47.2682694894546,-9.83467350711748,-44.6166206413028));
#2434=CARTESIAN_POINT('Origin',(-47.2682694894548,-10.0062176577858,-42.3731695933921));
#2435=CARTESIAN_POINT('',(-47.0182694894546,-9.83467350711748,-44.6166206413027));
#2436=CARTESIAN_POINT('Origin',(-45.5182694894548,-10.0062176577858,-42.3731695933919));
#2437=CARTESIAN_POINT('',(-43.7682694894546,-9.8537339683029,-44.3673483026457));
#2438=CARTESIAN_POINT('',(-45.5182694894546,-9.85373396830287,-44.3673483026458));
#2439=CARTESIAN_POINT('Origin',(-43.7682694894548,-10.0062176577858,-42.3731695933917));
#2440=CARTESIAN_POINT('Origin',(-43.7682694894548,-10.0062176577858,-42.3731695933917));
#2441=CARTESIAN_POINT('Origin',(-46.7682694894597,-13.6743455875302,0.100151165044799));
#2442=CARTESIAN_POINT('',(-46.7682694894595,-13.5028014368619,-2.14329988286587));
#2443=CARTESIAN_POINT('Origin',(-46.7682694894597,-13.6743455875302,0.100151165044799));
#2444=CARTESIAN_POINT('',(-46.7682694894595,-13.5218618980473,-1.89402754420913));
#2445=CARTESIAN_POINT('Origin',(-46.7682694894597,-13.6743455875302,0.100151165044799));
#2446=CARTESIAN_POINT('Origin',(-47.0182694894597,-13.6743455875302,0.10015116504477));
#2447=CARTESIAN_POINT('',(-47.2682694894595,-13.5028014368619,-2.14329988286593));
#2448=CARTESIAN_POINT('Origin',(-47.2682694894597,-13.6743455875302,0.100151165044742));
#2449=CARTESIAN_POINT('',(-47.0182694894595,-13.5028014368619,-2.1432998828659));
#2450=CARTESIAN_POINT('Origin',(-45.5182694894597,-13.6743455875303,0.100151165044941));
#2451=CARTESIAN_POINT('',(-43.7682694894595,-13.5218618980474,-1.89402754420879));
#2452=CARTESIAN_POINT('',(-45.5182694894595,-13.5218618980473,-1.89402754420899));
#2453=CARTESIAN_POINT('Origin',(-43.7682694894597,-13.6743455875303,0.100151165045141));
#2454=CARTESIAN_POINT('Origin',(-43.7682694894597,-13.6743455875303,0.100151165045141));
#2455=CARTESIAN_POINT('Origin',(-43.6809572039677,-8.75904366939455,-10.405827803147));
#2456=CARTESIAN_POINT('',(-45.9309572039677,-8.75904366939452,-10.4058278031472));
#2457=CARTESIAN_POINT('Origin',(-43.6809572039677,-8.75904366939455,-10.405827803147));
#2458=CARTESIAN_POINT('',(-45.6809572039677,-8.75904366939452,-10.4058278031472));
#2459=CARTESIAN_POINT('Origin',(-43.6809572039677,-8.75904366939455,-10.405827803147));
#2460=CARTESIAN_POINT('Origin',(-43.6809572039677,-8.50977133073781,-10.3867673419616));
#2461=CARTESIAN_POINT('',(-45.9309572039677,-8.26049899208104,-10.3677068807765));
#2462=CARTESIAN_POINT('Origin',(-43.6809572039677,-8.26049899208107,-10.3677068807762));
#2463=CARTESIAN_POINT('',(-45.9309572039677,-8.50977133073778,-10.3867673419618));
#2464=CARTESIAN_POINT('Origin',(-43.6809572039677,-9.75613302402151,-10.4820696478884));
#2465=CARTESIAN_POINT('',(-45.6809572039677,-11.2517670559619,-10.5964324150008));
#2466=CARTESIAN_POINT('',(-45.6809572039677,-9.75613302402149,-10.4820696478886));
#2467=CARTESIAN_POINT('Origin',(-43.6809572039677,-11.251767055962,-10.5964324150006));
#2468=CARTESIAN_POINT('Origin',(-43.6809572039677,-11.251767055962,-10.5964324150006));
#2469=CARTESIAN_POINT('Origin',(-43.2682694894603,-9.9862864875926,5.64402977463281));
#2470=CARTESIAN_POINT('',(-45.5182694894603,-9.98628648759257,5.64402977463256));
#2471=CARTESIAN_POINT('Origin',(-43.2682694894603,-9.9862864875926,5.64402977463281));
#2472=CARTESIAN_POINT('',(-45.2682694894603,-9.98628648759257,5.64402977463259));
#2473=CARTESIAN_POINT('Origin',(-43.2682694894603,-9.9862864875926,5.64402977463281));
#2474=CARTESIAN_POINT('Origin',(-43.2682694894603,-9.73701414893586,5.66309023581818));
#2475=CARTESIAN_POINT('',(-45.5182694894603,-9.48774181027909,5.68215069700329));
#2476=CARTESIAN_POINT('Origin',(-43.2682694894603,-9.48774181027912,5.68215069700354));
#2477=CARTESIAN_POINT('',(-45.5182694894603,-9.73701414893583,5.66309023581792));
#2478=CARTESIAN_POINT('Origin',(-43.2682694894603,-10.9833758422196,5.56778792989135));
#2479=CARTESIAN_POINT('',(-45.2682694894603,-12.47900987416,5.45342516277893));
#2480=CARTESIAN_POINT('',(-45.2682694894603,-10.9833758422195,5.56778792989112));
#2481=CARTESIAN_POINT('Origin',(-43.2682694894603,-12.47900987416,5.45342516277916));
#2482=CARTESIAN_POINT('Origin',(-43.2682694894603,-12.47900987416,5.45342516277916));
#2483=CARTESIAN_POINT('Origin',(-27.1018406669056,-7.23087679083755,-30.3911643577614));
#2484=CARTESIAN_POINT('',(-29.3518406669056,-7.23087679083752,-30.3911643577616));
#2485=CARTESIAN_POINT('Origin',(-27.1018406669056,-7.23087679083755,-30.3911643577614));
#2486=CARTESIAN_POINT('',(-29.1018406669056,-7.23087679083752,-30.3911643577616));
#2487=CARTESIAN_POINT('Origin',(-27.1018406669056,-7.23087679083755,-30.3911643577614));
#2488=CARTESIAN_POINT('Origin',(-27.1018406669056,-6.98160445218081,-30.372103896576));
#2489=CARTESIAN_POINT('',(-29.3518406669056,-6.73233211352404,-30.3530434353909));
#2490=CARTESIAN_POINT('Origin',(-27.1018406669056,-6.73233211352407,-30.3530434353907));
#2491=CARTESIAN_POINT('',(-29.3518406669056,-6.98160445218078,-30.3721038965763));
#2492=CARTESIAN_POINT('Origin',(-27.1018406669056,-8.22796614546451,-30.4674062025029));
#2493=CARTESIAN_POINT('',(-29.1018406669057,-9.72360017740493,-30.5817689696153));
#2494=CARTESIAN_POINT('',(-29.1018406669056,-8.22796614546449,-30.4674062025031));
#2495=CARTESIAN_POINT('Origin',(-27.1018406669057,-9.72360017740496,-30.581768969615));
#2496=CARTESIAN_POINT('Origin',(-27.1018406669057,-9.72360017740496,-30.581768969615));
#2497=CARTESIAN_POINT('Origin',(-27.168269489454,-5.95150208018425,-47.1228018056368));
#2498=CARTESIAN_POINT('',(-29.418269489454,-5.95150208018422,-47.1228018056371));
#2499=CARTESIAN_POINT('Origin',(-27.168269489454,-5.95150208018425,-47.1228018056368));
#2500=CARTESIAN_POINT('',(-29.168269489454,-5.95150208018422,-47.1228018056371));
#2501=CARTESIAN_POINT('Origin',(-27.168269489454,-5.95150208018425,-47.1228018056368));
#2502=CARTESIAN_POINT('Origin',(-27.168269489454,-5.70222974152751,-47.1037413444515));
#2503=CARTESIAN_POINT('',(-29.418269489454,-5.45295740287074,-47.0846808832664));
#2504=CARTESIAN_POINT('Origin',(-27.168269489454,-5.45295740287077,-47.0846808832661));
#2505=CARTESIAN_POINT('',(-29.418269489454,-5.70222974152747,-47.1037413444517));
#2506=CARTESIAN_POINT('Origin',(-27.168269489454,-6.94859143481121,-47.1990436503783));
#2507=CARTESIAN_POINT('',(-29.168269489454,-8.44422546675163,-47.3134064174907));
#2508=CARTESIAN_POINT('',(-29.168269489454,-6.94859143481118,-47.1990436503785));
#2509=CARTESIAN_POINT('Origin',(-27.168269489454,-8.44422546675166,-47.3134064174905));
#2510=CARTESIAN_POINT('Origin',(-27.168269489454,-8.44422546675166,-47.3134064174905));
#2511=CARTESIAN_POINT('Origin',(-43.7682694894558,-7.03952751284151,-32.8936264735759));
#2512=CARTESIAN_POINT('',(-46.0182694894558,-7.03952751284148,-32.8936264735761));
#2513=CARTESIAN_POINT('Origin',(-43.7682694894558,-7.03952751284151,-32.8936264735759));
#2514=CARTESIAN_POINT('',(-45.7682694894558,-7.03952751284148,-32.8936264735761));
#2515=CARTESIAN_POINT('Origin',(-43.7682694894558,-7.03952751284151,-32.8936264735759));
#2516=CARTESIAN_POINT('Origin',(-43.7682694894558,-6.79025517418477,-32.8745660123905));
#2517=CARTESIAN_POINT('',(-46.0182694894558,-6.540982835528,-32.8555055512054));
#2518=CARTESIAN_POINT('Origin',(-43.7682694894558,-6.54098283552803,-32.8555055512052));
#2519=CARTESIAN_POINT('',(-46.0182694894558,-6.79025517418474,-32.8745660123908));
#2520=CARTESIAN_POINT('Origin',(-43.7682694894558,-8.03661686746847,-32.9698683183174));
#2521=CARTESIAN_POINT('',(-45.7682694894558,-9.5322508994089,-33.0842310854298));
#2522=CARTESIAN_POINT('',(-45.7682694894558,-8.03661686746845,-32.9698683183176));
#2523=CARTESIAN_POINT('Origin',(-43.7682694894558,-9.53225089940892,-33.0842310854295));
#2524=CARTESIAN_POINT('Origin',(-43.7682694894558,-9.53225089940892,-33.0842310854295));
#2525=CARTESIAN_POINT('Origin',(-32.8766673627558,-16.6899976176795,-9.64679903007174));
#2526=CARTESIAN_POINT('',(-32.6385154804421,-15.9483328814801,-10.8207739446371));
#2527=CARTESIAN_POINT('Origin',(-32.8766673627558,-16.041889537172,-9.59724183098979));
#2528=CARTESIAN_POINT('',(-32.6385154804421,-17.2445490424951,-10.919888342801));
#2529=CARTESIAN_POINT('',(-32.6385154804421,-16.5964409619876,-10.870331143719));
#2530=CARTESIAN_POINT('Origin',(-32.8766673627558,-17.338105698187,-9.69635622915369));
#2531=CARTESIAN_POINT('Origin',(-32.8766673627558,-17.338105698187,-9.69635622915369));
#2532=CARTESIAN_POINT('Origin',(-33.1682694894536,-6.99948327155514,-51.204306740014));
#2533=CARTESIAN_POINT('',(-31.6682694894536,-6.98917156205387,-51.3391630752271));
#2534=CARTESIAN_POINT('Origin',(-33.1682694894536,-6.98917156205386,-51.3391630752273));
#2535=CARTESIAN_POINT('',(-31.9387694894536,-7.00979498105643,-51.0694504048006));
#2536=CARTESIAN_POINT('',(-31.8035194894536,-6.99948327155515,-51.2043067400139));
#2537=CARTESIAN_POINT('Origin',(-33.1682694894536,-7.00979498105642,-51.0694504048007));
#2538=CARTESIAN_POINT('Origin',(-33.1682694894539,-7.17977617390751,-48.8464396886599));
#2539=CARTESIAN_POINT('',(-31.9387694894542,-7.37038078576118,-46.3537163020924));
#2540=CARTESIAN_POINT('',(-31.9387694894539,-7.17977617390753,-48.8464396886598));
#2541=CARTESIAN_POINT('Origin',(-33.1682694894541,-7.37038078576117,-46.3537163020925));
#2542=CARTESIAN_POINT('Origin',(-33.1682694894541,-7.37038078576117,-46.3537163020925));
#2543=CARTESIAN_POINT('Origin',(-40.3682694894535,-6.99948327155506,-51.2043067400149));
#2544=CARTESIAN_POINT('',(-38.8682694894534,-6.98917156205379,-51.339163075228));
#2545=CARTESIAN_POINT('Origin',(-40.3682694894535,-6.98917156205378,-51.3391630752282));
#2546=CARTESIAN_POINT('',(-39.1387694894535,-7.00979498105636,-51.0694504048014));
#2547=CARTESIAN_POINT('',(-39.0035194894535,-6.99948327155507,-51.2043067400147));
#2548=CARTESIAN_POINT('Origin',(-40.3682694894535,-7.00979498105634,-51.0694504048016));
#2549=CARTESIAN_POINT('Origin',(-40.3682694894537,-7.17977617390744,-48.8464396886607));
#2550=CARTESIAN_POINT('',(-39.138769489454,-7.3703807857611,-46.3537163020932));
#2551=CARTESIAN_POINT('',(-39.1387694894537,-7.17977617390745,-48.8464396886606));
#2552=CARTESIAN_POINT('Origin',(-40.368269489454,-7.37038078576109,-46.3537163020933));
#2553=CARTESIAN_POINT('Origin',(-40.368269489454,-7.37038078576109,-46.3537163020933));
#2554=CARTESIAN_POINT('Origin',(-32.0807830002105,-14.5881534286863,4.18121808632759));
#2555=CARTESIAN_POINT('',(-34.3307830002105,-14.5881534286863,4.18121808632731));
#2556=CARTESIAN_POINT('Origin',(-32.0807830002105,-14.5881534286863,4.18121808632759));
#2557=CARTESIAN_POINT('',(-33.3307830002105,-14.5881534286863,4.18121808632759));
#2558=CARTESIAN_POINT('Origin',(-32.0807830002105,-14.5881534286863,4.18121808632759));
#2559=CARTESIAN_POINT('Origin',(-32.0807830002105,-17.2802946861791,3.97536510552565));
#2560=CARTESIAN_POINT('',(-33.3307830002105,-17.2802946861791,3.97536510552565));
#2561=CARTESIAN_POINT('Origin',(-44.3374940901144,-13.8040364184549,-6.0734488401455));
#2562=CARTESIAN_POINT('',(-46.5874940901144,-13.8040364184549,-6.07344884014576));
#2563=CARTESIAN_POINT('Origin',(-44.3374940901144,-13.8040364184549,-6.0734488401455));
#2564=CARTESIAN_POINT('',(-45.5874940901144,-13.8040364184549,-6.0734488401455));
#2565=CARTESIAN_POINT('Origin',(-44.3374940901144,-13.8040364184549,-6.0734488401455));
#2566=CARTESIAN_POINT('Origin',(-44.3374940901144,-16.4961776759477,-6.27930182094745));
#2567=CARTESIAN_POINT('',(-45.5874940901144,-16.4961776759477,-6.27930182094745));
#2568=CARTESIAN_POINT('Origin',(-32.0807830002104,-9.40328878462608,4.57767567898317));
#2569=CARTESIAN_POINT('',(-34.3307830002105,-9.40328878462605,4.57767567898291));
#2570=CARTESIAN_POINT('Origin',(-32.0807830002104,-9.40328878462608,4.57767567898317));
#2571=CARTESIAN_POINT('',(-34.3307830002105,-9.40328878462605,4.57767567898291));
#2572=CARTESIAN_POINT('Origin',(-44.3374940901144,-8.6191717743947,-5.6769912474899));
#2573=CARTESIAN_POINT('',(-46.5874940901144,-8.61917177439469,-5.67699124749016));
#2574=CARTESIAN_POINT('Origin',(-44.3374940901144,-8.61917177439472,-5.6769912474899));
#2575=CARTESIAN_POINT('',(-46.5874940901144,-8.61917177439467,-5.67699124749016));
#2576=CARTESIAN_POINT('Origin',(-26.1682694894593,-8.74973700790455,-3.9694616768398));
#2577=CARTESIAN_POINT('',(-26.1682694894593,-8.74973700790455,-3.9694616768398));
#2578=CARTESIAN_POINT('',(-26.1682694894593,-8.74973700790455,-3.9694616768398));
#2579=CARTESIAN_POINT('',(-26.1682694894594,-8.82062566878941,-3.04238115600851));
#2580=CARTESIAN_POINT('',(-26.1682694894584,-8.18866818420367,-11.3071087815535));
#2581=CARTESIAN_POINT('',(-26.1682694894594,-8.82062566878941,-3.04238115600851));
#2582=CARTESIAN_POINT('Origin',(-23.6682694894589,-8.7443838240479,-4.03947051063629));
#2583=CARTESIAN_POINT('',(-23.6682694894589,-8.7443838240479,-4.03947051063629));
#2584=CARTESIAN_POINT('',(-23.6682694894589,-8.7443838240479,-4.03947051063629));
#2585=CARTESIAN_POINT('',(-26.1159286222352,-8.74438382404786,-4.03947051063658));
#2586=CARTESIAN_POINT('',(-29.568269489459,-8.74438382404782,-4.03947051063698));
#2587=CARTESIAN_POINT('',(-26.1159286222352,-8.74438382404786,-4.03947051063658));
#2588=CARTESIAN_POINT('Origin',(-24.9387040173113,-9.99856213898227,12.3626489667402));
#2589=CARTESIAN_POINT('',(-24.7091385451629,-10.0786161058909,13.4095931805243));
#2590=CARTESIAN_POINT('',(-24.7091385451601,-8.22411251407873,-10.843568528558));
#2591=CARTESIAN_POINT('',(-25.1682694894613,-10.0786161070257,13.4095931953651));
#2592=CARTESIAN_POINT('',(-30.0887040173102,-10.0786161058909,13.4095931805242));
#2593=CARTESIAN_POINT('',(-25.1682694894595,-8.85874659116015,-2.54383647869491));
#2594=CARTESIAN_POINT('Origin',(-25.1682694894613,-10.0786161070257,13.4095931953651));
#2595=CARTESIAN_POINT('',(-25.1682694894613,-10.0786161070257,13.4095931953651));
#2596=CARTESIAN_POINT('',(-26.209138545162,-10.0786161058909,13.4095931805243));
#2597=CARTESIAN_POINT('',(-30.0887040173102,-10.0786161058909,13.4095931805242));
#2598=CARTESIAN_POINT('',(-26.209138545162,-10.0786161058909,13.4095931805243));
#2599=CARTESIAN_POINT('Origin',(-26.209138545162,-10.0786161058909,13.4095931805243));
#2600=CARTESIAN_POINT('',(-26.209138545162,-10.1167370293964,13.908137872678));
#2601=CARTESIAN_POINT('',(-26.2091385451601,-8.85310773319686,-2.61758135287146));
#2602=CARTESIAN_POINT('',(-26.209138545162,-10.1167370293964,13.908137872678));
#2603=CARTESIAN_POINT('Origin',(-25.168269489461,-9.8803872485681,10.8171600608023));
#2604=CARTESIAN_POINT('Origin',(-35.4682694894574,-7.62759936050266,-18.6447558862682));
#2605=CARTESIAN_POINT('',(-24.7091385451601,-8.22411251407873,-10.843568528558));
#2606=CARTESIAN_POINT('',(-23.668269489461,-10.1167370293965,13.9081378726782));
#2607=CARTESIAN_POINT('Origin',(-35.4682694894574,-7.62759936050266,-18.6447558862682));
#2608=CARTESIAN_POINT('',(-33.1690851570903,-9.00434483114281,-0.639705543360629));
#2609=CARTESIAN_POINT('Origin',(-32.8766673627558,-8.36430150654387,-9.01017962648049));
#2610=CARTESIAN_POINT('',(-43.1682694894579,-9.01123028064508,-0.549657769413642));
#2611=CARTESIAN_POINT('Origin',(-38.168269489458,-9.01123028064515,-0.549657769413081));
#2612=CARTESIAN_POINT('',(-40.2867056240486,-8.66592770552669,-5.0655180944537));
#2613=CARTESIAN_POINT('Origin',(-38.168269489458,-9.01123028064515,-0.549657769413081));
#2614=CARTESIAN_POINT('',(-40.7628755931744,-8.14375663717467,-11.8944611153569));
#2615=CARTESIAN_POINT('Origin',(-32.8766673627558,-8.36430150654387,-9.01017962648049));
#2616=CARTESIAN_POINT('',(-28.0789574129184,-7.83860871131243,-15.885179722646));
#2617=CARTESIAN_POINT('Origin',(-36.6682694894575,-7.44818109491385,-20.9911844551319));
#2618=CARTESIAN_POINT('Origin',(-32.8766673627558,-8.36430150654387,-9.01017962648049));
#2619=CARTESIAN_POINT('',(-23.6682694894535,-5.1384616916092,-51.197649645212));
#2620=CARTESIAN_POINT('',(-23.668269489461,-10.1167370293965,13.9081378726782));
#2621=CARTESIAN_POINT('',(-47.2682694894537,-5.13846169160887,-51.1976496452147));
#2622=CARTESIAN_POINT('',(-23.6682694894535,-5.13846169160919,-51.197649645212));
#2623=CARTESIAN_POINT('',(-47.2682694894612,-10.1167370293961,13.9081378726755));
#2624=CARTESIAN_POINT('',(-47.2682694894537,-5.13846169160887,-51.1976496452147));
#2625=CARTESIAN_POINT('',(-47.2682694894613,-10.1167370293961,13.9081378726755));
#2626=CARTESIAN_POINT('',(-26.2091385451619,-8.82062566765462,-3.04238117084922));
#2627=CARTESIAN_POINT('',(-26.209138545162,-8.85310773319686,-2.61758135287146));
#2628=CARTESIAN_POINT('',(-30.8387040173105,-8.82062566765456,-3.04238117084974));
#2629=CARTESIAN_POINT('Origin',(-24.709138545161,-8.82062566765464,-3.04238117084905));
#2630=CARTESIAN_POINT('',(-24.7091385451611,-15.8999600855061,-3.58369826851343));
#2631=CARTESIAN_POINT('',(-24.709138545161,-8.82062566765464,-3.04238117084904));
#2632=CARTESIAN_POINT('',(-24.709138545163,-17.1579505237424,12.8682760828599));
#2633=CARTESIAN_POINT('',(-24.709138545163,-17.1579505237424,12.8682760828599));
#2634=CARTESIAN_POINT('',(-24.7091385451629,-10.0786161058909,13.4095931805243));
#2635=CARTESIAN_POINT('Origin',(-26.2091385451619,-8.82062566765462,-3.04238117084922));
#2636=CARTESIAN_POINT('',(-26.209138545162,-15.8999600855061,-3.5836982685136));
#2637=CARTESIAN_POINT('',(-26.2091385451619,-8.82062566765462,-3.04238117084922));
#2638=CARTESIAN_POINT('',(-24.7091385451611,-15.8999600855061,-3.58369826851343));
#2639=CARTESIAN_POINT('Origin',(-26.2091385451638,-10.0786161058909,13.4095931805243));
#2640=CARTESIAN_POINT('',(-26.209138545162,-17.1579505237424,12.8682760828599));
#2641=CARTESIAN_POINT('',(-26.209138545162,-10.0786161058909,13.4095931805243));
#2642=CARTESIAN_POINT('',(-26.209138545162,-15.8999600855061,-3.5836982685136));
#2643=CARTESIAN_POINT('Origin',(-24.7091385451629,-10.0786161058909,13.4095931805243));
#2644=CARTESIAN_POINT('',(-26.209138545162,-17.1579505237424,12.8682760828599));
#2645=CARTESIAN_POINT('Origin',(-25.4591385451615,-16.5289553046242,4.64228890717317));
#2646=CARTESIAN_POINT('Origin',(-32.9001100289772,-17.5371766940127,-9.71614102387362));
#2647=CARTESIAN_POINT('',(-33.7647846703731,-16.3860034327532,-5.0969270336921));
#2648=CARTESIAN_POINT('',(-33.7647846703731,-17.8816374646937,-5.2112898008043));
#2649=CARTESIAN_POINT('',(-32.0119927212514,-15.6974287664926,-14.1020930540381));
#2650=CARTESIAN_POINT('',(-32.0119927212514,-17.193062798433,-14.2164558211503));
#2651=CARTESIAN_POINT('Origin',(-32.9001100289772,-16.0415426620722,-9.60177825676143));
#2652=CARTESIAN_POINT('Origin',(-32.9001100289772,-16.0415426620722,-9.60177825676143));
#2653=CARTESIAN_POINT('',(-37.4766673627556,-16.0418895371719,-9.5972418309903));
#2654=CARTESIAN_POINT('Origin',(-32.8766673627558,-16.041889537172,-9.59724183098977));
#2655=CARTESIAN_POINT('Origin',(-32.8766673627558,-16.041889537172,-9.59724183098977));
#2656=CARTESIAN_POINT('Origin',(-32.8766673627558,-15.4436359243953,-9.55149672414486));
#2657=CARTESIAN_POINT('',(-37.4766673627556,-12.0535321186636,-9.29227445202441));
#2658=CARTESIAN_POINT('',(-37.4766673627556,-15.4436359243953,-9.55149672414539));
#2659=CARTESIAN_POINT('',(-30.6534834989577,-11.7464993515349,-13.3076429765375));
#2660=CARTESIAN_POINT('Origin',(-32.8766673627558,-12.0535321186636,-9.29227445202389));
#2661=CARTESIAN_POINT('',(-30.6534834989577,-14.1395138026396,-13.490623403917));
#2662=CARTESIAN_POINT('',(-30.6534834989577,-15.1366031572666,-13.5668652486585));
#2663=CARTESIAN_POINT('',(-37.0085488957778,-14.2924030752602,-11.4911404863193));
#2664=CARTESIAN_POINT('Origin',(-32.8766673627558,-14.4465465697684,-9.47525487940339));
#2665=CARTESIAN_POINT('',(-37.0085488957778,-11.8993886241555,-11.3081600589398));
#2666=CARTESIAN_POINT('',(-37.0085488957778,-15.2894924298872,-11.5673823310608));
#2667=CARTESIAN_POINT('Origin',(-32.8766673627558,-12.0535321186636,-9.29227445202389));
#2668=CARTESIAN_POINT('Origin',(-35.4682694894574,-11.3168299726224,-18.9268507118116));
#2669=CARTESIAN_POINT('',(-43.1682694894566,-9.59011075114329,-41.5088509244884));
#2670=CARTESIAN_POINT('Origin',(-38.1682694894567,-9.59011075114336,-41.5088509244878));
#2671=CARTESIAN_POINT('Origin',(-35.4682694894574,-11.3168299726224,-18.9268507118116));
#2672=CARTESIAN_POINT('',(-35.1789718549594,-9.1500552685633,-47.2638879204277));
#2673=CARTESIAN_POINT('',(-47.2682694894543,-9.15005526856314,-47.2638879204291));
#2674=CARTESIAN_POINT('',(-35.1789718549594,-9.1500552685633,-47.2638879204277));
#2675=CARTESIAN_POINT('',(-47.2682694894537,-8.82769230372864,-51.4797444707581));
#2676=CARTESIAN_POINT('',(-47.2682694894537,-8.82769230372864,-51.4797444707581));
#2677=CARTESIAN_POINT('',(-30.3931484839935,-8.82769230372888,-51.4797444707562));
#2678=CARTESIAN_POINT('',(-23.6682694894535,-8.82769230372896,-51.4797444707554));
#2679=CARTESIAN_POINT('',(-30.3931484839935,-8.84388459311775,-51.2679820267671));
#2680=CARTESIAN_POINT('',(-30.3931484839935,-8.82769230372888,-51.4797444707562));
#2681=CARTESIAN_POINT('',(-27.1792104355609,-9.13590780060444,-47.448908229742));
#2682=CARTESIAN_POINT('Origin',(-38.1682694894567,-9.59011075114336,-41.5088509244878));
#2683=CARTESIAN_POINT('',(-31.9650338065268,-9.44207847604999,-43.4448141234026));
#2684=CARTESIAN_POINT('',(-27.1792104355609,-9.13590780060444,-47.448908229742));
#2685=CARTESIAN_POINT('Origin',(-38.1682694894567,-9.59011075114336,-41.5088509244878));
#2686=CARTESIAN_POINT('Origin',(-35.4682694894574,-11.3168299726224,-18.9268507118116));
#2687=CARTESIAN_POINT('',(-47.2682694894554,-9.92346208605497,-37.1492886851663));
#2688=CARTESIAN_POINT('',(-44.3715051723867,-9.73814302623674,-39.572887725573));
#2689=CARTESIAN_POINT('',(-49.1573285433526,-10.0443137016823,-35.5687936192337));
#2690=CARTESIAN_POINT('',(-41.1575671239541,-10.0301662337234,-35.7538139285479));
#2691=CARTESIAN_POINT('Origin',(-38.1682694894567,-9.59011075114336,-41.5088509244878));
#2692=CARTESIAN_POINT('',(-45.94339049492,-10.336336909169,-31.7497198222086));
#2693=CARTESIAN_POINT('',(-41.1575671239541,-10.0301662337234,-35.7538139285479));
#2694=CARTESIAN_POINT('',(-47.2682694894559,-10.2434815641208,-32.9640802089708));
#2695=CARTESIAN_POINT('Origin',(-38.1682694894567,-9.59011075114336,-41.5088509244878));
#2696=CARTESIAN_POINT('',(-47.2682694894537,-8.82769230372864,-51.4797444707581));
#2697=CARTESIAN_POINT('Origin',(-32.8766673627558,-12.0535321186636,-9.2922744520239));
#2698=CARTESIAN_POINT('',(-40.7628755931744,-11.8329872492944,-12.1765559409003));
#2699=CARTESIAN_POINT('',(-40.2867056240486,-12.3551583176465,-5.34761291999711));
#2700=CARTESIAN_POINT('Origin',(-32.8766673627558,-12.0535321186636,-9.2922744520239));
#2701=CARTESIAN_POINT('',(-40.7628755931744,-11.8329872492944,-12.1765559409003));
#2702=CARTESIAN_POINT('',(-40.2867056240486,-12.3551583176465,-5.34761291999711));
#2703=CARTESIAN_POINT('Origin',(-32.8766673627558,-12.0535321186636,-9.2922744520239));
#2704=CARTESIAN_POINT('',(-33.1690851570903,-12.6935754432626,-0.921800368904038));
#2705=CARTESIAN_POINT('',(-28.0789574129184,-11.5278393234322,-16.1672745481894));
#2706=CARTESIAN_POINT('Origin',(-32.8766673627558,-12.0535321186636,-9.2922744520239));
#2707=CARTESIAN_POINT('',(-33.1690851570903,-12.6935754432626,-0.921800368904038));
#2708=CARTESIAN_POINT('',(-28.0789574129184,-11.5278393234322,-16.1672745481894));
#2709=CARTESIAN_POINT('Origin',(-35.4682694894574,-11.3168299726225,-18.9268507118107));
#2710=CARTESIAN_POINT('Origin',(-36.6682694894575,-11.1374117070336,-21.2732792806753));
#2711=CARTESIAN_POINT('Origin',(-36.6682694894575,-11.1374117070336,-21.2732792806753));
#2712=CARTESIAN_POINT('Origin',(-38.168269489458,-12.7004608927649,-0.831752594956481));
#2713=CARTESIAN_POINT('Origin',(-36.6682694894575,-14.5275155127653,-21.5325015527963));
#2714=CARTESIAN_POINT('Origin',(-36.6682694894575,-13.5304261581383,-21.4562597080548));
#2715=CARTESIAN_POINT('Origin',(-38.1682694894567,-12.980214556875,-41.7680731966088));
#2716=CARTESIAN_POINT('',(-43.1682694894566,-12.980214556875,-41.7680731966094));
#2717=CARTESIAN_POINT('',(-43.1682694894566,-12.980214556875,-41.7680731966094));
#2718=CARTESIAN_POINT('Origin',(-38.1682694894567,-12.980214556875,-41.7680731966088));
#2719=CARTESIAN_POINT('Origin',(-38.1682694894567,-12.980214556875,-41.7680731966088));
#2720=CARTESIAN_POINT('',(-45.94339049492,-13.7264407149007,-32.0089420943295));
#2721=CARTESIAN_POINT('',(-47.2682694894559,-13.6335853698525,-33.2233024810918));
#2722=CARTESIAN_POINT('Origin',(-38.1682694894567,-12.980214556875,-41.7680731966088));
#2723=CARTESIAN_POINT('',(-47.2682694894559,-13.6335853698525,-33.2233024810918));
#2724=CARTESIAN_POINT('',(-45.94339049492,-13.7264407149007,-32.0089420943295));
#2725=CARTESIAN_POINT('Origin',(-41.1575671239541,-13.4202700394551,-36.0130362006689));
#2726=CARTESIAN_POINT('',(-41.1575671239541,-13.4202700394551,-36.0130362006689));
#2727=CARTESIAN_POINT('',(-41.1575671239541,-13.4202700394551,-36.0130362006689));
#2728=CARTESIAN_POINT('',(-41.1575671239541,-13.4202700394551,-36.0130362006689));
#2729=CARTESIAN_POINT('Origin',(-38.1682694894567,-12.980214556875,-41.7680731966088));
#2730=CARTESIAN_POINT('',(-44.3715051723867,-13.1282468319684,-39.832109997694));
#2731=CARTESIAN_POINT('Origin',(-38.1682694894567,-12.980214556875,-41.7680731966088));
#2732=CARTESIAN_POINT('',(-44.3715051723867,-13.1282468319684,-39.832109997694));
#2733=CARTESIAN_POINT('Origin',(-47.2682694894554,-13.3135658917866,-37.4085109572873));
#2734=CARTESIAN_POINT('',(-47.2682694894554,-13.3135658917866,-37.4085109572873));
#2735=CARTESIAN_POINT('',(-49.1573285433526,-13.434417507414,-35.8280158913546));
#2736=CARTESIAN_POINT('',(-47.2682694894554,-13.3135658917866,-37.4085109572873));
#2737=CARTESIAN_POINT('Origin',(-47.2682694894543,-12.5401590742948,-47.5231101925501));
#2738=CARTESIAN_POINT('',(-47.2682694894543,-12.5401590742948,-47.5231101925501));
#2739=CARTESIAN_POINT('',(-47.2682694894538,-12.2177961094603,-51.7389667428791));
#2740=CARTESIAN_POINT('',(-47.2682694894561,-13.776248424999,-31.357557835648));
#2741=CARTESIAN_POINT('',(-47.2682694894538,-12.2177961094603,-51.7389667428791));
#2742=CARTESIAN_POINT('',(-47.2682694894561,-13.776248424999,-31.357557835648));
#2743=CARTESIAN_POINT('',(-47.2682694894613,-17.1960714472476,13.3668207750112));
#2744=CARTESIAN_POINT('',(-47.2682694894537,-8.82769230372864,-51.4797444707581));
#2745=CARTESIAN_POINT('',(-47.2682694894543,-12.5401590742948,-47.5231101925501));
#2746=CARTESIAN_POINT('Origin',(-35.1789718549594,-12.540159074295,-47.5231101925487));
#2747=CARTESIAN_POINT('',(-35.1789718549594,-12.540159074295,-47.5231101925487));
#2748=CARTESIAN_POINT('',(-35.1789718549594,-12.540159074295,-47.5231101925487));
#2749=CARTESIAN_POINT('',(-35.1789718549594,-12.540159074295,-47.5231101925487));
#2750=CARTESIAN_POINT('Origin',(-38.1682694894567,-12.980214556875,-41.7680731966088));
#2751=CARTESIAN_POINT('',(-31.9650338065268,-12.8321822817817,-43.7040363955236));
#2752=CARTESIAN_POINT('Origin',(-38.1682694894567,-12.980214556875,-41.7680731966088));
#2753=CARTESIAN_POINT('',(-31.9650338065268,-12.8321822817817,-43.7040363955236));
#2754=CARTESIAN_POINT('Origin',(-27.1792104355609,-12.5260116063361,-47.708130501863));
#2755=CARTESIAN_POINT('',(-27.1792104355609,-12.5260116063361,-47.708130501863));
#2756=CARTESIAN_POINT('',(-27.1792104355609,-12.5260116063361,-47.708130501863));
#2757=CARTESIAN_POINT('',(-27.1792104355609,-12.5260116063361,-47.708130501863));
#2758=CARTESIAN_POINT('Origin',(-38.1682694894567,-12.980214556875,-41.7680731966088));
#2759=CARTESIAN_POINT('',(-30.3931484839935,-12.2339883988494,-51.5272042988881));
#2760=CARTESIAN_POINT('Origin',(-38.1682694894567,-12.980214556875,-41.7680731966088));
#2761=CARTESIAN_POINT('',(-30.3931484839935,-12.2339883988494,-51.5272042988881));
#2762=CARTESIAN_POINT('Origin',(-30.3931484839935,-12.2177961094606,-51.7389667428771));
#2763=CARTESIAN_POINT('',(-30.3931484839935,-12.2177961094606,-51.7389667428771));
#2764=CARTESIAN_POINT('',(-30.3931484839935,-12.2177961094606,-51.7389667428772));
#2765=CARTESIAN_POINT('',(-30.3931484839935,-12.2177961094606,-51.7389667428771));
#2766=CARTESIAN_POINT('Origin',(-38.1682694894567,-12.980214556875,-41.7680731966088));
#2767=CARTESIAN_POINT('',(-28.585863737245,-12.2177961094606,-51.738966742877));
#2768=CARTESIAN_POINT('Origin',(-38.1682694894567,-12.980214556875,-41.7680731966088));
#2769=CARTESIAN_POINT('',(-28.5858637372451,-12.2177961094606,-51.738966742877));
#2770=CARTESIAN_POINT('Origin',(-35.4682694894574,-13.7098444237272,-19.1098311391901));
#2771=CARTESIAN_POINT('',(-41.6682694894573,-13.5304261581383,-21.4562597080554));
#2772=CARTESIAN_POINT('Origin',(-36.6682694894575,-13.5304261581383,-21.4562597080548));
#2773=CARTESIAN_POINT('Origin',(-35.4682694894574,-14.7069337783542,-19.1860729839315));
#2774=CARTESIAN_POINT('',(-23.6682694894535,-12.2177961094607,-51.7389667428764));
#2775=CARTESIAN_POINT('Origin',(-23.668269489461,-17.1960714472479,13.3668207750139));
#2776=CARTESIAN_POINT('',(-23.668269489461,-17.1960714472479,13.3668207750139));
#2777=CARTESIAN_POINT('Origin',(-38.168269489458,-16.0905646984966,-1.09097486707745));
#2778=CARTESIAN_POINT('',(-43.1682694894579,-16.0905646984965,-1.09097486707803));
#2779=CARTESIAN_POINT('Origin',(-36.6682694894575,-14.5275155127653,-21.5325015527963));
#2780=CARTESIAN_POINT('',(-41.6682694894573,-14.5275155127652,-21.5325015527969));
#2781=CARTESIAN_POINT('Origin',(-23.6682694894535,-12.2177961094607,-51.7389667428764));
#2782=CARTESIAN_POINT('',(-23.6682694894535,-12.2177961094607,-51.7389667428764));
#2783=CARTESIAN_POINT('Origin',(-28.5858637372451,-12.2177961094606,-51.738966742877));
#2784=UNCERTAINTY_MEASURE_WITH_UNIT(LENGTH_MEASURE(0.01),#2788,
'DISTANCE_ACCURACY_VALUE',
'Maximum model space distance between geometric entities at asserted c
onnectivities');
#2785=UNCERTAINTY_MEASURE_WITH_UNIT(LENGTH_MEASURE(0.01),#2788,
'DISTANCE_ACCURACY_VALUE',
'Maximum model space distance between geometric entities at asserted c
onnectivities');
#2786=(
GEOMETRIC_REPRESENTATION_CONTEXT(3)
GLOBAL_UNCERTAINTY_ASSIGNED_CONTEXT((#2784))
GLOBAL_UNIT_ASSIGNED_CONTEXT((#2788,#2790,#2791))
REPRESENTATION_CONTEXT('','3D')
);
#2787=(
GEOMETRIC_REPRESENTATION_CONTEXT(3)
GLOBAL_UNCERTAINTY_ASSIGNED_CONTEXT((#2785))
GLOBAL_UNIT_ASSIGNED_CONTEXT((#2788,#2790,#2791))
REPRESENTATION_CONTEXT('','3D')
);
#2788=(
LENGTH_UNIT()
NAMED_UNIT(*)
SI_UNIT(.MILLI.,.METRE.)
);
#2789=(
LENGTH_UNIT()
NAMED_UNIT(*)
SI_UNIT(.CENTI.,.METRE.)
);
#2790=(
NAMED_UNIT(*)
PLANE_ANGLE_UNIT()
SI_UNIT($,.RADIAN.)
);
#2791=(
NAMED_UNIT(*)
SI_UNIT($,.STERADIAN.)
SOLID_ANGLE_UNIT()
);
#2792=SHAPE_DEFINITION_REPRESENTATION(#2793,#2794);
#2793=PRODUCT_DEFINITION_SHAPE('',$,#2796);
#2794=SHAPE_REPRESENTATION('',(#1636),#2786);
#2795=PRODUCT_DEFINITION_CONTEXT('part definition',#2800,'design');
#2796=PRODUCT_DEFINITION('Right_gearbox','Right_gearbox',#2797,#2795);
#2797=PRODUCT_DEFINITION_FORMATION('',$,#2802);
#2798=PRODUCT_RELATED_PRODUCT_CATEGORY('Right_gearbox','Right_gearbox',
(#2802));
#2799=APPLICATION_PROTOCOL_DEFINITION('international standard',
'automotive_design',2009,#2800);
#2800=APPLICATION_CONTEXT(
'Core Data for Automotive Mechanical Design Process');
#2801=PRODUCT_CONTEXT('part definition',#2800,'mechanical');
#2802=PRODUCT('Right_gearbox','Right_gearbox',$,(#2801));
#2803=PRESENTATION_STYLE_ASSIGNMENT((#2804));
#2804=SURFACE_STYLE_USAGE(.BOTH.,#2807);
#2805=SURFACE_STYLE_RENDERING_WITH_PROPERTIES($,#2811,(#2806));
#2806=SURFACE_STYLE_TRANSPARENT(0.);
#2807=SURFACE_SIDE_STYLE('',(#2808,#2805));
#2808=SURFACE_STYLE_FILL_AREA(#2809);
#2809=FILL_AREA_STYLE('',(#2810));
#2810=FILL_AREA_STYLE_COLOUR('',#2811);
#2811=COLOUR_RGB('',0.749019607843137,0.749019607843137,0.749019607843137);
ENDSEC;
END-ISO-10303-21;
