ISO-10303-21;
HEADER;
/* Generated by software containing ST-Developer
 * from STEP Tools, Inc. (www.steptools.com) 
 */

FILE_DESCRIPTION(
/* description */ (''),
/* implementation_level */ '2;1');

FILE_NAME(
/* name */ 'RightGearbox.stp',
/* time_stamp */ '2026-04-26T22:21:24+02:00',
/* author */ ('szymo'),
/* organization */ (''),
/* preprocessor_version */ 'ST-DEVELOPER v20.1',
/* originating_system */ 'Autodesk Inventor 2026',
/* authorisation */ '');

FILE_SCHEMA (('AUTOMOTIVE_DESIGN { 1 0 10303 214 3 1 1 }'));
ENDSEC;

DATA;
#10=MECHANICAL_DESIGN_GEOMETRIC_PRESENTATION_REPRESENTATION('',(#13),#3178);
#11=SHAPE_REPRESENTATION_RELATIONSHIP('SRR','None',#3185,#12);
#12=ADVANCED_BREP_SHAPE_REPRESENTATION('',(#14),#3177);
#13=STYLED_ITEM('',(#3194),#14);
#14=MANIFOLD_SOLID_BREP('Solid2',#1779);
#15=CONICAL_SURFACE('',#1926,2.475,0.785398163397448);
#16=(
BOUNDED_CURVE()
B_SPLINE_CURVE(2,(#2857,#2858,#2859),.UNSPECIFIED.,.F.,.F.)
B_SPLINE_CURVE_WITH_KNOTS((3,3),(0.,0.648074069840817),.UNSPECIFIED.)
CURVE()
GEOMETRIC_REPRESENTATION_ITEM()
RATIONAL_B_SPLINE_CURVE((1.,1.75000000000011,1.))
REPRESENTATION_ITEM('')
);
#17=B_SPLINE_CURVE_WITH_KNOTS('',3,(#2719,#2720,#2721,#2722,#2723,#2724,
#2725,#2726,#2727,#2728,#2729,#2730,#2731,#2732,#2733,#2734,#2735,#2736,
#2737,#2738,#2739,#2740,#2741,#2742,#2743,#2744,#2745,#2746,#2747,#2748,
#2749,#2750,#2751,#2752),.UNSPECIFIED.,.F.,.F.,(4,2,2,2,2,2,2,2,2,2,2,2,
2,2,2,2,4),(-0.865608035123552,-0.787491499328113,-0.707865748539595,-0.628239997751077,
-0.54861424696256,-0.512609122375981,-0.476603997789402,-0.444965771132173,
-0.413327544474944,-0.383630209372371,-0.353932874269798,-0.324235539167225,
-0.294538204064652,-0.262899977407423,-0.231261750750193,-0.195256626163615,
-0.192631348069706),.UNSPECIFIED.);
#18=B_SPLINE_CURVE_WITH_KNOTS('',3,(#2753,#2754,#2755,#2756,#2757,#2758,
#2759,#2760,#2761,#2762,#2763,#2764,#2765),.UNSPECIFIED.,.F.,.F.,(4,2,2,
3,2,4),(-0.192631348069706,-0.159251501577036,-0.0796257507885179,0.,0.0796257507885176,
0.157742286583958),.UNSPECIFIED.);
#19=B_SPLINE_CURVE_WITH_KNOTS('',3,(#2921,#2922,#2923,#2924,#2925,#2926,
#2927,#2928,#2929,#2930),.UNSPECIFIED.,.F.,.F.,(4,2,2,2,4),(0.,0.0383975080053692,
0.0767950160107384,0.123588948604761,0.170382881198783),.UNSPECIFIED.);
#20=B_SPLINE_CURVE_WITH_KNOTS('',3,(#2931,#2932,#2933,#2934,#2935,#2936,
#2937,#2938,#2939,#2940,#2941,#2942,#2943,#2944,#2945,#2946,#2947,#2948,
#2949,#2950,#2951,#2952,#2953,#2954,#2955,#2956),.UNSPECIFIED.,.F.,.F.,
(4,2,2,2,2,2,2,2,2,2,2,2,4),(0.170382881198783,0.211608698916571,0.252834516634359,
0.291235894216883,0.329637271799407,0.36722755127302,0.404817830746632,
0.446855185224167,0.488892539701702,0.535686472295724,0.582480404889746,
0.620877912895115,0.659275420900485),.UNSPECIFIED.);
#21=B_SPLINE_CURVE_WITH_KNOTS('',3,(#2963,#2964,#2965,#2966,#2967,#2968,
#2969,#2970,#2971,#2972),.UNSPECIFIED.,.F.,.F.,(4,2,2,2,4),(0.,0.0369016325970075,
0.073803265194015,0.126260923974516,0.178718582755018),.UNSPECIFIED.);
#22=B_SPLINE_CURVE_WITH_KNOTS('',3,(#2973,#2974,#2975,#2976,#2977,#2978,
#2979,#2980,#2981,#2982,#2983,#2984,#2985,#2986,#2987,#2988,#2989,#2990,
#2991,#2992,#2993,#2994,#2995,#2996,#2997,#2998,#2999,#3000),
 .UNSPECIFIED.,.F.,.F.,(4,2,2,2,2,2,2,2,2,2,2,2,2,4),(0.178718582755018,
0.302437993934334,0.371790509880987,0.388902870619275,0.406015231357563,
0.4202587486681,0.434502265978636,0.489381870757227,0.561475588876347,0.633569306995467,
0.686026965775968,0.73848462455647,0.775386257153477,0.812287889750485),
 .UNSPECIFIED.);
#23=FACE_BOUND('',#227,.T.);
#24=FACE_BOUND('',#231,.T.);
#25=FACE_BOUND('',#235,.T.);
#26=FACE_BOUND('',#239,.T.);
#27=FACE_BOUND('',#255,.T.);
#28=FACE_BOUND('',#256,.T.);
#29=FACE_BOUND('',#257,.T.);
#30=FACE_BOUND('',#258,.T.);
#31=FACE_BOUND('',#259,.T.);
#32=FACE_BOUND('',#260,.T.);
#33=FACE_BOUND('',#261,.T.);
#34=FACE_BOUND('',#262,.T.);
#35=FACE_BOUND('',#263,.T.);
#36=FACE_BOUND('',#264,.T.);
#37=FACE_BOUND('',#265,.T.);
#38=FACE_BOUND('',#266,.T.);
#39=FACE_BOUND('',#267,.T.);
#40=FACE_BOUND('',#268,.T.);
#41=FACE_BOUND('',#269,.T.);
#42=FACE_BOUND('',#270,.T.);
#43=FACE_BOUND('',#277,.T.);
#44=FACE_BOUND('',#292,.T.);
#45=FACE_BOUND('',#296,.T.);
#46=FACE_BOUND('',#298,.T.);
#47=FACE_BOUND('',#307,.T.);
#48=FACE_BOUND('',#309,.T.);
#49=FACE_BOUND('',#315,.T.);
#50=FACE_BOUND('',#316,.T.);
#51=FACE_BOUND('',#320,.T.);
#52=FACE_BOUND('',#321,.T.);
#53=FACE_BOUND('',#322,.T.);
#54=FACE_BOUND('',#323,.T.);
#55=FACE_BOUND('',#324,.T.);
#56=FACE_BOUND('',#325,.T.);
#57=FACE_BOUND('',#326,.T.);
#58=FACE_BOUND('',#327,.T.);
#59=FACE_BOUND('',#328,.T.);
#60=FACE_BOUND('',#329,.T.);
#61=FACE_BOUND('',#330,.T.);
#62=FACE_BOUND('',#335,.T.);
#63=FACE_BOUND('',#337,.T.);
#64=FACE_BOUND('',#340,.T.);
#65=FACE_BOUND('',#341,.T.);
#66=FACE_BOUND('',#342,.T.);
#67=FACE_BOUND('',#345,.T.);
#68=FACE_BOUND('',#349,.T.);
#69=FACE_BOUND('',#350,.T.);
#70=PLANE('',#1805);
#71=PLANE('',#1809);
#72=PLANE('',#1810);
#73=PLANE('',#1811);
#74=PLANE('',#1812);
#75=PLANE('',#1813);
#76=PLANE('',#1814);
#77=PLANE('',#1815);
#78=PLANE('',#1816);
#79=PLANE('',#1817);
#80=PLANE('',#1818);
#81=PLANE('',#1825);
#82=PLANE('',#1839);
#83=PLANE('',#1846);
#84=PLANE('',#1853);
#85=PLANE('',#1860);
#86=PLANE('',#1867);
#87=PLANE('',#1869);
#88=PLANE('',#1871);
#89=PLANE('',#1884);
#90=PLANE('',#1888);
#91=PLANE('',#1899);
#92=PLANE('',#1914);
#93=PLANE('',#1917);
#94=PLANE('',#1920);
#95=PLANE('',#1928);
#96=PLANE('',#1932);
#97=PLANE('',#1947);
#98=PLANE('',#1953);
#99=PLANE('',#1962);
#100=PLANE('',#1966);
#101=PLANE('',#1970);
#102=PLANE('',#1973);
#103=PLANE('',#1974);
#104=PLANE('',#1975);
#105=PLANE('',#1976);
#106=PLANE('',#1977);
#107=PLANE('',#1978);
#108=PLANE('',#1985);
#109=PLANE('',#1992);
#110=PLANE('',#1998);
#111=PLANE('',#1999);
#112=PLANE('',#2000);
#113=PLANE('',#2001);
#114=PLANE('',#2002);
#115=PLANE('',#2003);
#116=PLANE('',#2004);
#117=PLANE('',#2005);
#118=FACE_OUTER_BOUND('',#211,.T.);
#119=FACE_OUTER_BOUND('',#212,.T.);
#120=FACE_OUTER_BOUND('',#213,.T.);
#121=FACE_OUTER_BOUND('',#214,.T.);
#122=FACE_OUTER_BOUND('',#215,.T.);
#123=FACE_OUTER_BOUND('',#216,.T.);
#124=FACE_OUTER_BOUND('',#217,.T.);
#125=FACE_OUTER_BOUND('',#218,.T.);
#126=FACE_OUTER_BOUND('',#219,.T.);
#127=FACE_OUTER_BOUND('',#220,.T.);
#128=FACE_OUTER_BOUND('',#221,.T.);
#129=FACE_OUTER_BOUND('',#222,.T.);
#130=FACE_OUTER_BOUND('',#223,.T.);
#131=FACE_OUTER_BOUND('',#224,.T.);
#132=FACE_OUTER_BOUND('',#225,.T.);
#133=FACE_OUTER_BOUND('',#226,.T.);
#134=FACE_OUTER_BOUND('',#228,.T.);
#135=FACE_OUTER_BOUND('',#229,.T.);
#136=FACE_OUTER_BOUND('',#230,.T.);
#137=FACE_OUTER_BOUND('',#232,.T.);
#138=FACE_OUTER_BOUND('',#233,.T.);
#139=FACE_OUTER_BOUND('',#234,.T.);
#140=FACE_OUTER_BOUND('',#236,.T.);
#141=FACE_OUTER_BOUND('',#237,.T.);
#142=FACE_OUTER_BOUND('',#238,.T.);
#143=FACE_OUTER_BOUND('',#240,.T.);
#144=FACE_OUTER_BOUND('',#241,.T.);
#145=FACE_OUTER_BOUND('',#242,.T.);
#146=FACE_OUTER_BOUND('',#243,.T.);
#147=FACE_OUTER_BOUND('',#244,.T.);
#148=FACE_OUTER_BOUND('',#245,.T.);
#149=FACE_OUTER_BOUND('',#246,.T.);
#150=FACE_OUTER_BOUND('',#247,.T.);
#151=FACE_OUTER_BOUND('',#248,.T.);
#152=FACE_OUTER_BOUND('',#249,.T.);
#153=FACE_OUTER_BOUND('',#250,.T.);
#154=FACE_OUTER_BOUND('',#251,.T.);
#155=FACE_OUTER_BOUND('',#252,.T.);
#156=FACE_OUTER_BOUND('',#253,.T.);
#157=FACE_OUTER_BOUND('',#254,.T.);
#158=FACE_OUTER_BOUND('',#271,.T.);
#159=FACE_OUTER_BOUND('',#272,.T.);
#160=FACE_OUTER_BOUND('',#273,.T.);
#161=FACE_OUTER_BOUND('',#274,.T.);
#162=FACE_OUTER_BOUND('',#275,.T.);
#163=FACE_OUTER_BOUND('',#276,.T.);
#164=FACE_OUTER_BOUND('',#278,.T.);
#165=FACE_OUTER_BOUND('',#279,.T.);
#166=FACE_OUTER_BOUND('',#280,.T.);
#167=FACE_OUTER_BOUND('',#281,.T.);
#168=FACE_OUTER_BOUND('',#282,.T.);
#169=FACE_OUTER_BOUND('',#283,.T.);
#170=FACE_OUTER_BOUND('',#284,.T.);
#171=FACE_OUTER_BOUND('',#285,.T.);
#172=FACE_OUTER_BOUND('',#286,.T.);
#173=FACE_OUTER_BOUND('',#287,.T.);
#174=FACE_OUTER_BOUND('',#288,.T.);
#175=FACE_OUTER_BOUND('',#289,.T.);
#176=FACE_OUTER_BOUND('',#290,.T.);
#177=FACE_OUTER_BOUND('',#291,.T.);
#178=FACE_OUTER_BOUND('',#293,.T.);
#179=FACE_OUTER_BOUND('',#294,.T.);
#180=FACE_OUTER_BOUND('',#295,.T.);
#181=FACE_OUTER_BOUND('',#297,.T.);
#182=FACE_OUTER_BOUND('',#299,.T.);
#183=FACE_OUTER_BOUND('',#300,.T.);
#184=FACE_OUTER_BOUND('',#301,.T.);
#185=FACE_OUTER_BOUND('',#302,.T.);
#186=FACE_OUTER_BOUND('',#303,.T.);
#187=FACE_OUTER_BOUND('',#304,.T.);
#188=FACE_OUTER_BOUND('',#305,.T.);
#189=FACE_OUTER_BOUND('',#306,.T.);
#190=FACE_OUTER_BOUND('',#308,.T.);
#191=FACE_OUTER_BOUND('',#310,.T.);
#192=FACE_OUTER_BOUND('',#311,.T.);
#193=FACE_OUTER_BOUND('',#312,.T.);
#194=FACE_OUTER_BOUND('',#313,.T.);
#195=FACE_OUTER_BOUND('',#314,.T.);
#196=FACE_OUTER_BOUND('',#317,.T.);
#197=FACE_OUTER_BOUND('',#318,.T.);
#198=FACE_OUTER_BOUND('',#319,.T.);
#199=FACE_OUTER_BOUND('',#331,.T.);
#200=FACE_OUTER_BOUND('',#332,.T.);
#201=FACE_OUTER_BOUND('',#333,.T.);
#202=FACE_OUTER_BOUND('',#334,.T.);
#203=FACE_OUTER_BOUND('',#336,.T.);
#204=FACE_OUTER_BOUND('',#338,.T.);
#205=FACE_OUTER_BOUND('',#339,.T.);
#206=FACE_OUTER_BOUND('',#343,.T.);
#207=FACE_OUTER_BOUND('',#344,.T.);
#208=FACE_OUTER_BOUND('',#346,.T.);
#209=FACE_OUTER_BOUND('',#347,.T.);
#210=FACE_OUTER_BOUND('',#348,.T.);
#211=EDGE_LOOP('',(#1142,#1143,#1144,#1145));
#212=EDGE_LOOP('',(#1146));
#213=EDGE_LOOP('',(#1147,#1148,#1149,#1150));
#214=EDGE_LOOP('',(#1151));
#215=EDGE_LOOP('',(#1152,#1153,#1154,#1155));
#216=EDGE_LOOP('',(#1156,#1157,#1158,#1159));
#217=EDGE_LOOP('',(#1160,#1161,#1162,#1163));
#218=EDGE_LOOP('',(#1164,#1165,#1166,#1167));
#219=EDGE_LOOP('',(#1168,#1169,#1170,#1171));
#220=EDGE_LOOP('',(#1172,#1173,#1174,#1175));
#221=EDGE_LOOP('',(#1176,#1177,#1178,#1179));
#222=EDGE_LOOP('',(#1180,#1181,#1182,#1183));
#223=EDGE_LOOP('',(#1184,#1185,#1186,#1187,#1188,#1189,#1190,#1191));
#224=EDGE_LOOP('',(#1192,#1193,#1194,#1195,#1196,#1197));
#225=EDGE_LOOP('',(#1198,#1199,#1200,#1201,#1202,#1203,#1204,#1205,#1206,
#1207,#1208,#1209,#1210,#1211,#1212,#1213,#1214,#1215,#1216,#1217));
#226=EDGE_LOOP('',(#1218,#1219,#1220,#1221));
#227=EDGE_LOOP('',(#1222));
#228=EDGE_LOOP('',(#1223,#1224,#1225,#1226,#1227));
#229=EDGE_LOOP('',(#1228,#1229,#1230,#1231));
#230=EDGE_LOOP('',(#1232,#1233,#1234,#1235));
#231=EDGE_LOOP('',(#1236));
#232=EDGE_LOOP('',(#1237,#1238,#1239,#1240,#1241));
#233=EDGE_LOOP('',(#1242,#1243,#1244,#1245));
#234=EDGE_LOOP('',(#1246,#1247,#1248,#1249));
#235=EDGE_LOOP('',(#1250));
#236=EDGE_LOOP('',(#1251,#1252,#1253,#1254,#1255));
#237=EDGE_LOOP('',(#1256,#1257,#1258,#1259));
#238=EDGE_LOOP('',(#1260,#1261,#1262,#1263));
#239=EDGE_LOOP('',(#1264));
#240=EDGE_LOOP('',(#1265,#1266,#1267,#1268,#1269));
#241=EDGE_LOOP('',(#1270,#1271,#1272,#1273));
#242=EDGE_LOOP('',(#1274,#1275,#1276,#1277,#1278,#1279,#1280));
#243=EDGE_LOOP('',(#1281,#1282,#1283,#1284,#1285,#1286));
#244=EDGE_LOOP('',(#1287,#1288));
#245=EDGE_LOOP('',(#1289,#1290,#1291,#1292,#1293,#1294));
#246=EDGE_LOOP('',(#1295,#1296,#1297,#1298));
#247=EDGE_LOOP('',(#1299,#1300,#1301,#1302));
#248=EDGE_LOOP('',(#1303,#1304,#1305,#1306));
#249=EDGE_LOOP('',(#1307,#1308,#1309,#1310));
#250=EDGE_LOOP('',(#1311,#1312,#1313,#1314));
#251=EDGE_LOOP('',(#1315,#1316,#1317,#1318,#1319,#1320,#1321,#1322,#1323,
#1324,#1325,#1326));
#252=EDGE_LOOP('',(#1327,#1328,#1329,#1330));
#253=EDGE_LOOP('',(#1331,#1332,#1333,#1334));
#254=EDGE_LOOP('',(#1335,#1336,#1337,#1338,#1339,#1340,#1341,#1342,#1343,
#1344,#1345,#1346,#1347,#1348,#1349,#1350,#1351,#1352,#1353,#1354,#1355,
#1356,#1357,#1358,#1359,#1360,#1361,#1362,#1363));
#255=EDGE_LOOP('',(#1364));
#256=EDGE_LOOP('',(#1365));
#257=EDGE_LOOP('',(#1366));
#258=EDGE_LOOP('',(#1367));
#259=EDGE_LOOP('',(#1368));
#260=EDGE_LOOP('',(#1369));
#261=EDGE_LOOP('',(#1370));
#262=EDGE_LOOP('',(#1371));
#263=EDGE_LOOP('',(#1372));
#264=EDGE_LOOP('',(#1373));
#265=EDGE_LOOP('',(#1374));
#266=EDGE_LOOP('',(#1375));
#267=EDGE_LOOP('',(#1376));
#268=EDGE_LOOP('',(#1377));
#269=EDGE_LOOP('',(#1378));
#270=EDGE_LOOP('',(#1379));
#271=EDGE_LOOP('',(#1380,#1381,#1382,#1383));
#272=EDGE_LOOP('',(#1384,#1385,#1386,#1387));
#273=EDGE_LOOP('',(#1388,#1389,#1390,#1391));
#274=EDGE_LOOP('',(#1392,#1393,#1394,#1395));
#275=EDGE_LOOP('',(#1396,#1397,#1398,#1399));
#276=EDGE_LOOP('',(#1400));
#277=EDGE_LOOP('',(#1401));
#278=EDGE_LOOP('',(#1402,#1403,#1404,#1405,#1406));
#279=EDGE_LOOP('',(#1407,#1408,#1409,#1410,#1411));
#280=EDGE_LOOP('',(#1412,#1413));
#281=EDGE_LOOP('',(#1414,#1415,#1416,#1417,#1418,#1419));
#282=EDGE_LOOP('',(#1420,#1421,#1422,#1423));
#283=EDGE_LOOP('',(#1424));
#284=EDGE_LOOP('',(#1425,#1426,#1427,#1428));
#285=EDGE_LOOP('',(#1429,#1430,#1431,#1432));
#286=EDGE_LOOP('',(#1433,#1434,#1435,#1436,#1437,#1438,#1439,#1440));
#287=EDGE_LOOP('',(#1441,#1442,#1443,#1444));
#288=EDGE_LOOP('',(#1445,#1446,#1447,#1448));
#289=EDGE_LOOP('',(#1449,#1450,#1451,#1452));
#290=EDGE_LOOP('',(#1453,#1454,#1455,#1456));
#291=EDGE_LOOP('',(#1457));
#292=EDGE_LOOP('',(#1458));
#293=EDGE_LOOP('',(#1459,#1460,#1461,#1462));
#294=EDGE_LOOP('',(#1463,#1464,#1465,#1466));
#295=EDGE_LOOP('',(#1467));
#296=EDGE_LOOP('',(#1468));
#297=EDGE_LOOP('',(#1469,#1470,#1471,#1472));
#298=EDGE_LOOP('',(#1473,#1474,#1475));
#299=EDGE_LOOP('',(#1476,#1477,#1478,#1479));
#300=EDGE_LOOP('',(#1480,#1481,#1482,#1483));
#301=EDGE_LOOP('',(#1484));
#302=EDGE_LOOP('',(#1485,#1486,#1487,#1488));
#303=EDGE_LOOP('',(#1489));
#304=EDGE_LOOP('',(#1490,#1491,#1492,#1493));
#305=EDGE_LOOP('',(#1494));
#306=EDGE_LOOP('',(#1495,#1496,#1497,#1498));
#307=EDGE_LOOP('',(#1499,#1500));
#308=EDGE_LOOP('',(#1501));
#309=EDGE_LOOP('',(#1502));
#310=EDGE_LOOP('',(#1503,#1504,#1505,#1506));
#311=EDGE_LOOP('',(#1507,#1508,#1509,#1510));
#312=EDGE_LOOP('',(#1511,#1512,#1513,#1514));
#313=EDGE_LOOP('',(#1515,#1516,#1517,#1518));
#314=EDGE_LOOP('',(#1519,#1520,#1521,#1522,#1523,#1524,#1525,#1526,#1527,
#1528,#1529,#1530));
#315=EDGE_LOOP('',(#1531));
#316=EDGE_LOOP('',(#1532));
#317=EDGE_LOOP('',(#1533,#1534,#1535,#1536));
#318=EDGE_LOOP('',(#1537,#1538,#1539,#1540));
#319=EDGE_LOOP('',(#1541,#1542,#1543,#1544,#1545,#1546,#1547,#1548,#1549,
#1550));
#320=EDGE_LOOP('',(#1551));
#321=EDGE_LOOP('',(#1552));
#322=EDGE_LOOP('',(#1553));
#323=EDGE_LOOP('',(#1554));
#324=EDGE_LOOP('',(#1555));
#325=EDGE_LOOP('',(#1556));
#326=EDGE_LOOP('',(#1557));
#327=EDGE_LOOP('',(#1558));
#328=EDGE_LOOP('',(#1559));
#329=EDGE_LOOP('',(#1560));
#330=EDGE_LOOP('',(#1561,#1562,#1563,#1564,#1565));
#331=EDGE_LOOP('',(#1566,#1567,#1568,#1569,#1570,#1571,#1572,#1573,#1574,
#1575,#1576,#1577));
#332=EDGE_LOOP('',(#1578,#1579,#1580,#1581,#1582,#1583,#1584));
#333=EDGE_LOOP('',(#1585,#1586,#1587,#1588,#1589,#1590,#1591,#1592));
#334=EDGE_LOOP('',(#1593,#1594,#1595,#1596,#1597,#1598,#1599,#1600));
#335=EDGE_LOOP('',(#1601,#1602));
#336=EDGE_LOOP('',(#1603,#1604,#1605,#1606));
#337=EDGE_LOOP('',(#1607));
#338=EDGE_LOOP('',(#1608,#1609,#1610,#1611));
#339=EDGE_LOOP('',(#1612,#1613,#1614,#1615));
#340=EDGE_LOOP('',(#1616));
#341=EDGE_LOOP('',(#1617));
#342=EDGE_LOOP('',(#1618));
#343=EDGE_LOOP('',(#1619,#1620,#1621,#1622));
#344=EDGE_LOOP('',(#1623,#1624,#1625,#1626));
#345=EDGE_LOOP('',(#1627));
#346=EDGE_LOOP('',(#1628,#1629,#1630,#1631));
#347=EDGE_LOOP('',(#1632,#1633,#1634,#1635));
#348=EDGE_LOOP('',(#1636,#1637,#1638,#1639));
#349=EDGE_LOOP('',(#1640));
#350=EDGE_LOOP('',(#1641));
#351=LINE('',#2553,#483);
#352=LINE('',#2560,#484);
#353=LINE('',#2566,#485);
#354=LINE('',#2568,#486);
#355=LINE('',#2570,#487);
#356=LINE('',#2571,#488);
#357=LINE('',#2575,#489);
#358=LINE('',#2577,#490);
#359=LINE('',#2579,#491);
#360=LINE('',#2580,#492);
#361=LINE('',#2584,#493);
#362=LINE('',#2586,#494);
#363=LINE('',#2588,#495);
#364=LINE('',#2589,#496);
#365=LINE('',#2593,#497);
#366=LINE('',#2595,#498);
#367=LINE('',#2597,#499);
#368=LINE('',#2598,#500);
#369=LINE('',#2602,#501);
#370=LINE('',#2604,#502);
#371=LINE('',#2606,#503);
#372=LINE('',#2607,#504);
#373=LINE('',#2611,#505);
#374=LINE('',#2613,#506);
#375=LINE('',#2615,#507);
#376=LINE('',#2616,#508);
#377=LINE('',#2620,#509);
#378=LINE('',#2622,#510);
#379=LINE('',#2624,#511);
#380=LINE('',#2625,#512);
#381=LINE('',#2629,#513);
#382=LINE('',#2631,#514);
#383=LINE('',#2633,#515);
#384=LINE('',#2634,#516);
#385=LINE('',#2662,#517);
#386=LINE('',#2673,#518);
#387=LINE('',#2683,#519);
#388=LINE('',#2693,#520);
#389=LINE('',#2703,#521);
#390=LINE('',#2712,#522);
#391=LINE('',#2718,#523);
#392=LINE('',#2770,#524);
#393=LINE('',#2776,#525);
#394=LINE('',#2783,#526);
#395=LINE('',#2786,#527);
#396=LINE('',#2789,#528);
#397=LINE('',#2791,#529);
#398=LINE('',#2792,#530);
#399=LINE('',#2798,#531);
#400=LINE('',#2801,#532);
#401=LINE('',#2812,#533);
#402=LINE('',#2816,#534);
#403=LINE('',#2820,#535);
#404=LINE('',#2822,#536);
#405=LINE('',#2823,#537);
#406=LINE('',#2827,#538);
#407=LINE('',#2832,#539);
#408=LINE('',#2833,#540);
#409=LINE('',#2836,#541);
#410=LINE('',#2840,#542);
#411=LINE('',#2849,#543);
#412=LINE('',#2851,#544);
#413=LINE('',#2853,#545);
#414=LINE('',#2855,#546);
#415=LINE('',#2861,#547);
#416=LINE('',#2863,#548);
#417=LINE('',#2865,#549);
#418=LINE('',#2867,#550);
#419=LINE('',#2869,#551);
#420=LINE('',#2871,#552);
#421=LINE('',#2873,#553);
#422=LINE('',#2875,#554);
#423=LINE('',#2876,#555);
#424=LINE('',#2878,#556);
#425=LINE('',#2880,#557);
#426=LINE('',#2881,#558);
#427=LINE('',#2901,#559);
#428=LINE('',#2903,#560);
#429=LINE('',#2905,#561);
#430=LINE('',#2906,#562);
#431=LINE('',#2911,#563);
#432=LINE('',#2919,#564);
#433=LINE('',#2961,#565);
#434=LINE('',#3005,#566);
#435=LINE('',#3007,#567);
#436=LINE('',#3008,#568);
#437=LINE('',#3013,#569);
#438=LINE('',#3019,#570);
#439=LINE('',#3023,#571);
#440=LINE('',#3027,#572);
#441=LINE('',#3028,#573);
#442=LINE('',#3033,#574);
#443=LINE('',#3038,#575);
#444=LINE('',#3042,#576);
#445=LINE('',#3052,#577);
#446=LINE('',#3054,#578);
#447=LINE('',#3063,#579);
#448=LINE('',#3065,#580);
#449=LINE('',#3070,#581);
#450=LINE('',#3077,#582);
#451=LINE('',#3084,#583);
#452=LINE('',#3089,#584);
#453=LINE('',#3093,#585);
#454=LINE('',#3095,#586);
#455=LINE('',#3098,#587);
#456=LINE('',#3099,#588);
#457=LINE('',#3101,#589);
#458=LINE('',#3104,#590);
#459=LINE('',#3106,#591);
#460=LINE('',#3107,#592);
#461=LINE('',#3113,#593);
#462=LINE('',#3116,#594);
#463=LINE('',#3122,#595);
#464=LINE('',#3125,#596);
#465=LINE('',#3129,#597);
#466=LINE('',#3131,#598);
#467=LINE('',#3133,#599);
#468=LINE('',#3135,#600);
#469=LINE('',#3137,#601);
#470=LINE('',#3138,#602);
#471=LINE('',#3139,#603);
#472=LINE('',#3140,#604);
#473=LINE('',#3148,#605);
#474=LINE('',#3150,#606);
#475=LINE('',#3158,#607);
#476=LINE('',#3160,#608);
#477=LINE('',#3162,#609);
#478=LINE('',#3163,#610);
#479=LINE('',#3167,#611);
#480=LINE('',#3169,#612);
#481=LINE('',#3171,#613);
#482=LINE('',#3173,#614);
#483=VECTOR('',#2012,1.2295);
#484=VECTOR('',#2021,1.2295);
#485=VECTOR('',#2028,10.);
#486=VECTOR('',#2029,10.);
#487=VECTOR('',#2030,10.);
#488=VECTOR('',#2031,10.);
#489=VECTOR('',#2034,10.);
#490=VECTOR('',#2035,10.);
#491=VECTOR('',#2036,10.);
#492=VECTOR('',#2037,10.);
#493=VECTOR('',#2040,10.);
#494=VECTOR('',#2041,10.);
#495=VECTOR('',#2042,10.);
#496=VECTOR('',#2043,10.);
#497=VECTOR('',#2046,10.);
#498=VECTOR('',#2047,10.);
#499=VECTOR('',#2048,10.);
#500=VECTOR('',#2049,10.);
#501=VECTOR('',#2052,10.);
#502=VECTOR('',#2053,10.);
#503=VECTOR('',#2054,10.);
#504=VECTOR('',#2055,10.);
#505=VECTOR('',#2058,10.);
#506=VECTOR('',#2059,10.);
#507=VECTOR('',#2060,10.);
#508=VECTOR('',#2061,10.);
#509=VECTOR('',#2064,10.);
#510=VECTOR('',#2065,10.);
#511=VECTOR('',#2066,10.);
#512=VECTOR('',#2067,10.);
#513=VECTOR('',#2070,10.);
#514=VECTOR('',#2071,10.);
#515=VECTOR('',#2072,10.);
#516=VECTOR('',#2073,10.);
#517=VECTOR('',#2112,5.);
#518=VECTOR('',#2129,1.45);
#519=VECTOR('',#2144,1.45);
#520=VECTOR('',#2159,1.45);
#521=VECTOR('',#2174,1.45);
#522=VECTOR('',#2187,10.);
#523=VECTOR('',#2194,1.0065);
#524=VECTOR('',#2199,1.);
#525=VECTOR('',#2206,1.);
#526=VECTOR('',#2213,10.);
#527=VECTOR('',#2216,10.);
#528=VECTOR('',#2219,10.);
#529=VECTOR('',#2220,10.);
#530=VECTOR('',#2221,10.);
#531=VECTOR('',#2226,10.);
#532=VECTOR('',#2229,10.);
#533=VECTOR('',#2240,10.);
#534=VECTOR('',#2243,10.);
#535=VECTOR('',#2246,10.);
#536=VECTOR('',#2247,10.);
#537=VECTOR('',#2248,10.);
#538=VECTOR('',#2253,10.);
#539=VECTOR('',#2258,10.);
#540=VECTOR('',#2259,10.);
#541=VECTOR('',#2262,10.);
#542=VECTOR('',#2265,10.);
#543=VECTOR('',#2274,10.);
#544=VECTOR('',#2275,10.);
#545=VECTOR('',#2276,10.);
#546=VECTOR('',#2277,10.);
#547=VECTOR('',#2278,10.);
#548=VECTOR('',#2279,10.);
#549=VECTOR('',#2280,10.);
#550=VECTOR('',#2281,10.);
#551=VECTOR('',#2282,10.);
#552=VECTOR('',#2283,10.);
#553=VECTOR('',#2284,10.);
#554=VECTOR('',#2285,10.);
#555=VECTOR('',#2286,10.);
#556=VECTOR('',#2287,10.);
#557=VECTOR('',#2288,10.);
#558=VECTOR('',#2289,10.);
#559=VECTOR('',#2310,10.);
#560=VECTOR('',#2313,10.);
#561=VECTOR('',#2316,10.);
#562=VECTOR('',#2317,10.);
#563=VECTOR('',#2324,1.25);
#564=VECTOR('',#2333,1.0065);
#565=VECTOR('',#2338,1.0065);
#566=VECTOR('',#2345,10.);
#567=VECTOR('',#2346,10.);
#568=VECTOR('',#2347,10.);
#569=VECTOR('',#2352,1.2295);
#570=VECTOR('',#2361,1.2295);
#571=VECTOR('',#2366,1.2295);
#572=VECTOR('',#2371,1.2295);
#573=VECTOR('',#2372,10.);
#574=VECTOR('',#2377,1.2295);
#575=VECTOR('',#2384,1.2295);
#576=VECTOR('',#2389,1.2295);
#577=VECTOR('',#2402,2.25);
#578=VECTOR('',#2405,1.25);
#579=VECTOR('',#2416,2.25);
#580=VECTOR('',#2419,1.25);
#581=VECTOR('',#2424,1.2295);
#582=VECTOR('',#2433,1.2295);
#583=VECTOR('',#2442,1.2295);
#584=VECTOR('',#2449,5.00000000000012);
#585=VECTOR('',#2456,10.);
#586=VECTOR('',#2459,10.);
#587=VECTOR('',#2462,10.);
#588=VECTOR('',#2463,10.);
#589=VECTOR('',#2466,10.);
#590=VECTOR('',#2469,10.);
#591=VECTOR('',#2470,10.);
#592=VECTOR('',#2471,10.);
#593=VECTOR('',#2476,10.);
#594=VECTOR('',#2479,10.);
#595=VECTOR('',#2484,10.);
#596=VECTOR('',#2487,10.);
#597=VECTOR('',#2490,10.);
#598=VECTOR('',#2491,10.);
#599=VECTOR('',#2492,10.);
#600=VECTOR('',#2493,10.);
#601=VECTOR('',#2494,10.);
#602=VECTOR('',#2495,10.);
#603=VECTOR('',#2496,10.);
#604=VECTOR('',#2497,10.);
#605=VECTOR('',#2508,10.);
#606=VECTOR('',#2509,10.);
#607=VECTOR('',#2522,4.59999999999999);
#608=VECTOR('',#2525,5.00000000000001);
#609=VECTOR('',#2528,10.);
#610=VECTOR('',#2529,10.);
#611=VECTOR('',#2536,10.);
#612=VECTOR('',#2539,10.);
#613=VECTOR('',#2542,10.);
#614=VECTOR('',#2545,10.);
#615=CIRCLE('',#1803,1.2295);
#616=CIRCLE('',#1804,1.2295);
#617=CIRCLE('',#1807,1.2295);
#618=CIRCLE('',#1808,1.2295);
#619=CIRCLE('',#1819,2.5);
#620=CIRCLE('',#1820,9.99999999999998);
#621=CIRCLE('',#1821,4.59999999999999);
#622=CIRCLE('',#1822,9.99999999999998);
#623=CIRCLE('',#1823,2.5);
#624=CIRCLE('',#1824,5.);
#625=CIRCLE('',#1826,2.5);
#626=CIRCLE('',#1827,9.99999999999998);
#627=CIRCLE('',#1828,2.5);
#628=CIRCLE('',#1829,5.);
#629=CIRCLE('',#1831,5.);
#630=CIRCLE('',#1832,5.);
#631=CIRCLE('',#1833,5.);
#632=CIRCLE('',#1834,5.);
#633=CIRCLE('',#1835,5.);
#634=CIRCLE('',#1836,5.);
#635=CIRCLE('',#1837,5.);
#636=CIRCLE('',#1838,5.);
#637=CIRCLE('',#1840,2.5);
#638=CIRCLE('',#1841,1.45);
#639=CIRCLE('',#1843,2.5);
#640=CIRCLE('',#1845,1.45);
#641=CIRCLE('',#1847,2.5);
#642=CIRCLE('',#1848,1.45);
#643=CIRCLE('',#1850,2.5);
#644=CIRCLE('',#1852,1.45);
#645=CIRCLE('',#1854,2.5);
#646=CIRCLE('',#1855,1.45);
#647=CIRCLE('',#1857,2.5);
#648=CIRCLE('',#1859,1.45);
#649=CIRCLE('',#1861,2.5);
#650=CIRCLE('',#1862,1.45);
#651=CIRCLE('',#1864,2.5);
#652=CIRCLE('',#1866,1.45);
#653=CIRCLE('',#1868,9.99999999999998);
#654=CIRCLE('',#1870,9.99999999999998);
#655=CIRCLE('',#1872,1.0065);
#656=CIRCLE('',#1874,1.0065);
#657=CIRCLE('',#1876,1.);
#658=CIRCLE('',#1877,1.);
#659=CIRCLE('',#1879,1.);
#660=CIRCLE('',#1880,1.);
#661=CIRCLE('',#1882,1.);
#662=CIRCLE('',#1883,1.);
#663=CIRCLE('',#1886,1.);
#664=CIRCLE('',#1887,1.);
#665=CIRCLE('',#1889,13.5000000000006);
#666=CIRCLE('',#1890,1.2295);
#667=CIRCLE('',#1891,13.5000000000006);
#668=CIRCLE('',#1892,1.);
#669=CIRCLE('',#1893,1.);
#670=CIRCLE('',#1894,1.);
#671=CIRCLE('',#1896,13.5000000000006);
#672=CIRCLE('',#1898,1.);
#673=CIRCLE('',#1900,1.);
#674=CIRCLE('',#1901,1.);
#675=CIRCLE('',#1902,13.5000000000006);
#676=CIRCLE('',#1903,1.2295);
#677=CIRCLE('',#1904,1.2295);
#678=CIRCLE('',#1905,1.2295);
#679=CIRCLE('',#1906,1.2295);
#680=CIRCLE('',#1907,1.2295);
#681=CIRCLE('',#1908,1.2295);
#682=CIRCLE('',#1909,1.25);
#683=CIRCLE('',#1910,1.25);
#684=CIRCLE('',#1911,5.00000000000012);
#685=CIRCLE('',#1912,5.00000000000001);
#686=CIRCLE('',#1913,1.25);
#687=CIRCLE('',#1919,1.25);
#688=CIRCLE('',#1921,4.59999999999999);
#689=CIRCLE('',#1923,1.0065);
#690=CIRCLE('',#1925,1.0065);
#691=CIRCLE('',#1927,3.5);
#692=CIRCLE('',#1930,1.2295);
#693=CIRCLE('',#1931,1.2295);
#694=CIRCLE('',#1934,1.2295);
#695=CIRCLE('',#1936,1.2295);
#696=CIRCLE('',#1938,1.2295);
#697=CIRCLE('',#1940,1.2295);
#698=CIRCLE('',#1941,1.2295);
#699=CIRCLE('',#1943,1.2295);
#700=CIRCLE('',#1945,1.2295);
#701=CIRCLE('',#1948,2.25);
#702=CIRCLE('',#1949,1.25);
#703=CIRCLE('',#1951,2.25);
#704=CIRCLE('',#1954,2.25);
#705=CIRCLE('',#1955,1.25);
#706=CIRCLE('',#1957,2.25);
#707=CIRCLE('',#1960,1.2295);
#708=CIRCLE('',#1961,1.2295);
#709=CIRCLE('',#1964,1.2295);
#710=CIRCLE('',#1965,1.2295);
#711=CIRCLE('',#1968,1.2295);
#712=CIRCLE('',#1969,1.2295);
#713=CIRCLE('',#1972,5.00000000000012);
#714=CIRCLE('',#1980,8.4);
#715=CIRCLE('',#1981,8.4);
#716=CIRCLE('',#1983,8.4);
#717=CIRCLE('',#1984,8.4);
#718=CIRCLE('',#1986,9.99999999999998);
#719=CIRCLE('',#1987,5.00000000000001);
#720=CIRCLE('',#1988,5.00000000000001);
#721=CIRCLE('',#1990,9.99999999999998);
#722=CIRCLE('',#1991,9.99999999999998);
#723=CIRCLE('',#1993,5.00000000000001);
#724=CIRCLE('',#1994,4.59999999999999);
#725=CIRCLE('',#1995,4.59999999999999);
#726=VERTEX_POINT('',#2550);
#727=VERTEX_POINT('',#2552);
#728=VERTEX_POINT('',#2557);
#729=VERTEX_POINT('',#2559);
#730=VERTEX_POINT('',#2564);
#731=VERTEX_POINT('',#2565);
#732=VERTEX_POINT('',#2567);
#733=VERTEX_POINT('',#2569);
#734=VERTEX_POINT('',#2573);
#735=VERTEX_POINT('',#2574);
#736=VERTEX_POINT('',#2576);
#737=VERTEX_POINT('',#2578);
#738=VERTEX_POINT('',#2582);
#739=VERTEX_POINT('',#2583);
#740=VERTEX_POINT('',#2585);
#741=VERTEX_POINT('',#2587);
#742=VERTEX_POINT('',#2591);
#743=VERTEX_POINT('',#2592);
#744=VERTEX_POINT('',#2594);
#745=VERTEX_POINT('',#2596);
#746=VERTEX_POINT('',#2600);
#747=VERTEX_POINT('',#2601);
#748=VERTEX_POINT('',#2603);
#749=VERTEX_POINT('',#2605);
#750=VERTEX_POINT('',#2609);
#751=VERTEX_POINT('',#2610);
#752=VERTEX_POINT('',#2612);
#753=VERTEX_POINT('',#2614);
#754=VERTEX_POINT('',#2618);
#755=VERTEX_POINT('',#2619);
#756=VERTEX_POINT('',#2621);
#757=VERTEX_POINT('',#2623);
#758=VERTEX_POINT('',#2627);
#759=VERTEX_POINT('',#2628);
#760=VERTEX_POINT('',#2630);
#761=VERTEX_POINT('',#2632);
#762=VERTEX_POINT('',#2636);
#763=VERTEX_POINT('',#2638);
#764=VERTEX_POINT('',#2640);
#765=VERTEX_POINT('',#2642);
#766=VERTEX_POINT('',#2647);
#767=VERTEX_POINT('',#2649);
#768=VERTEX_POINT('',#2659);
#769=VERTEX_POINT('',#2661);
#770=VERTEX_POINT('',#2667);
#771=VERTEX_POINT('',#2672);
#772=VERTEX_POINT('',#2677);
#773=VERTEX_POINT('',#2682);
#774=VERTEX_POINT('',#2687);
#775=VERTEX_POINT('',#2692);
#776=VERTEX_POINT('',#2697);
#777=VERTEX_POINT('',#2702);
#778=VERTEX_POINT('',#2710);
#779=VERTEX_POINT('',#2711);
#780=VERTEX_POINT('',#2715);
#781=VERTEX_POINT('',#2717);
#782=VERTEX_POINT('',#2767);
#783=VERTEX_POINT('',#2769);
#784=VERTEX_POINT('',#2773);
#785=VERTEX_POINT('',#2775);
#786=VERTEX_POINT('',#2779);
#787=VERTEX_POINT('',#2780);
#788=VERTEX_POINT('',#2782);
#789=VERTEX_POINT('',#2784);
#790=VERTEX_POINT('',#2788);
#791=VERTEX_POINT('',#2790);
#792=VERTEX_POINT('',#2794);
#793=VERTEX_POINT('',#2795);
#794=VERTEX_POINT('',#2797);
#795=VERTEX_POINT('',#2799);
#796=VERTEX_POINT('',#2803);
#797=VERTEX_POINT('',#2805);
#798=VERTEX_POINT('',#2807);
#799=VERTEX_POINT('',#2809);
#800=VERTEX_POINT('',#2811);
#801=VERTEX_POINT('',#2813);
#802=VERTEX_POINT('',#2815);
#803=VERTEX_POINT('',#2817);
#804=VERTEX_POINT('',#2819);
#805=VERTEX_POINT('',#2821);
#806=VERTEX_POINT('',#2825);
#807=VERTEX_POINT('',#2829);
#808=VERTEX_POINT('',#2830);
#809=VERTEX_POINT('',#2835);
#810=VERTEX_POINT('',#2837);
#811=VERTEX_POINT('',#2839);
#812=VERTEX_POINT('',#2841);
#813=VERTEX_POINT('',#2843);
#814=VERTEX_POINT('',#2845);
#815=VERTEX_POINT('',#2848);
#816=VERTEX_POINT('',#2850);
#817=VERTEX_POINT('',#2852);
#818=VERTEX_POINT('',#2854);
#819=VERTEX_POINT('',#2856);
#820=VERTEX_POINT('',#2860);
#821=VERTEX_POINT('',#2862);
#822=VERTEX_POINT('',#2864);
#823=VERTEX_POINT('',#2866);
#824=VERTEX_POINT('',#2868);
#825=VERTEX_POINT('',#2870);
#826=VERTEX_POINT('',#2872);
#827=VERTEX_POINT('',#2874);
#828=VERTEX_POINT('',#2877);
#829=VERTEX_POINT('',#2879);
#830=VERTEX_POINT('',#2882);
#831=VERTEX_POINT('',#2884);
#832=VERTEX_POINT('',#2886);
#833=VERTEX_POINT('',#2888);
#834=VERTEX_POINT('',#2890);
#835=VERTEX_POINT('',#2892);
#836=VERTEX_POINT('',#2894);
#837=VERTEX_POINT('',#2896);
#838=VERTEX_POINT('',#2898);
#839=VERTEX_POINT('',#2909);
#840=VERTEX_POINT('',#2913);
#841=VERTEX_POINT('',#2916);
#842=VERTEX_POINT('',#2918);
#843=VERTEX_POINT('',#2920);
#844=VERTEX_POINT('',#2958);
#845=VERTEX_POINT('',#2960);
#846=VERTEX_POINT('',#2962);
#847=VERTEX_POINT('',#3004);
#848=VERTEX_POINT('',#3006);
#849=VERTEX_POINT('',#3010);
#850=VERTEX_POINT('',#3012);
#851=VERTEX_POINT('',#3017);
#852=VERTEX_POINT('',#3021);
#853=VERTEX_POINT('',#3025);
#854=VERTEX_POINT('',#3030);
#855=VERTEX_POINT('',#3032);
#856=VERTEX_POINT('',#3036);
#857=VERTEX_POINT('',#3040);
#858=VERTEX_POINT('',#3045);
#859=VERTEX_POINT('',#3047);
#860=VERTEX_POINT('',#3050);
#861=VERTEX_POINT('',#3056);
#862=VERTEX_POINT('',#3058);
#863=VERTEX_POINT('',#3061);
#864=VERTEX_POINT('',#3067);
#865=VERTEX_POINT('',#3069);
#866=VERTEX_POINT('',#3074);
#867=VERTEX_POINT('',#3076);
#868=VERTEX_POINT('',#3081);
#869=VERTEX_POINT('',#3083);
#870=VERTEX_POINT('',#3088);
#871=VERTEX_POINT('',#3097);
#872=VERTEX_POINT('',#3103);
#873=VERTEX_POINT('',#3105);
#874=VERTEX_POINT('',#3109);
#875=VERTEX_POINT('',#3110);
#876=VERTEX_POINT('',#3112);
#877=VERTEX_POINT('',#3114);
#878=VERTEX_POINT('',#3118);
#879=VERTEX_POINT('',#3119);
#880=VERTEX_POINT('',#3121);
#881=VERTEX_POINT('',#3123);
#882=VERTEX_POINT('',#3127);
#883=VERTEX_POINT('',#3128);
#884=VERTEX_POINT('',#3130);
#885=VERTEX_POINT('',#3132);
#886=VERTEX_POINT('',#3134);
#887=VERTEX_POINT('',#3136);
#888=VERTEX_POINT('',#3142);
#889=VERTEX_POINT('',#3146);
#890=VERTEX_POINT('',#3149);
#891=VERTEX_POINT('',#3154);
#892=EDGE_CURVE('',#726,#726,#615,.T.);
#893=EDGE_CURVE('',#726,#727,#351,.T.);
#894=EDGE_CURVE('',#727,#727,#616,.T.);
#895=EDGE_CURVE('',#728,#728,#617,.T.);
#896=EDGE_CURVE('',#728,#729,#352,.T.);
#897=EDGE_CURVE('',#729,#729,#618,.T.);
#898=EDGE_CURVE('',#730,#731,#353,.T.);
#899=EDGE_CURVE('',#732,#730,#354,.T.);
#900=EDGE_CURVE('',#733,#732,#355,.T.);
#901=EDGE_CURVE('',#731,#733,#356,.T.);
#902=EDGE_CURVE('',#734,#735,#357,.T.);
#903=EDGE_CURVE('',#736,#734,#358,.T.);
#904=EDGE_CURVE('',#737,#736,#359,.T.);
#905=EDGE_CURVE('',#737,#735,#360,.T.);
#906=EDGE_CURVE('',#738,#739,#361,.T.);
#907=EDGE_CURVE('',#740,#738,#362,.T.);
#908=EDGE_CURVE('',#741,#740,#363,.T.);
#909=EDGE_CURVE('',#739,#741,#364,.T.);
#910=EDGE_CURVE('',#742,#743,#365,.T.);
#911=EDGE_CURVE('',#744,#742,#366,.T.);
#912=EDGE_CURVE('',#745,#744,#367,.T.);
#913=EDGE_CURVE('',#745,#743,#368,.T.);
#914=EDGE_CURVE('',#746,#747,#369,.T.);
#915=EDGE_CURVE('',#748,#746,#370,.T.);
#916=EDGE_CURVE('',#749,#748,#371,.T.);
#917=EDGE_CURVE('',#749,#747,#372,.T.);
#918=EDGE_CURVE('',#750,#751,#373,.T.);
#919=EDGE_CURVE('',#752,#750,#374,.T.);
#920=EDGE_CURVE('',#753,#752,#375,.T.);
#921=EDGE_CURVE('',#751,#753,#376,.T.);
#922=EDGE_CURVE('',#754,#755,#377,.T.);
#923=EDGE_CURVE('',#756,#754,#378,.T.);
#924=EDGE_CURVE('',#757,#756,#379,.T.);
#925=EDGE_CURVE('',#755,#757,#380,.T.);
#926=EDGE_CURVE('',#758,#759,#381,.T.);
#927=EDGE_CURVE('',#760,#758,#382,.T.);
#928=EDGE_CURVE('',#761,#760,#383,.T.);
#929=EDGE_CURVE('',#761,#759,#384,.T.);
#930=EDGE_CURVE('',#732,#762,#619,.T.);
#931=EDGE_CURVE('',#762,#763,#620,.T.);
#932=EDGE_CURVE('',#763,#764,#621,.T.);
#933=EDGE_CURVE('',#764,#765,#622,.T.);
#934=EDGE_CURVE('',#765,#745,#623,.T.);
#935=EDGE_CURVE('',#744,#733,#624,.T.);
#936=EDGE_CURVE('',#752,#766,#625,.T.);
#937=EDGE_CURVE('',#766,#767,#626,.T.);
#938=EDGE_CURVE('',#767,#761,#627,.T.);
#939=EDGE_CURVE('',#760,#753,#628,.T.);
#940=EDGE_CURVE('',#734,#731,#629,.T.);
#941=EDGE_CURVE('',#742,#739,#630,.T.);
#942=EDGE_CURVE('',#748,#741,#631,.T.);
#943=EDGE_CURVE('',#746,#751,#632,.T.);
#944=EDGE_CURVE('',#758,#755,#633,.T.);
#945=EDGE_CURVE('',#768,#757,#634,.T.);
#946=EDGE_CURVE('',#768,#769,#385,.T.);
#947=EDGE_CURVE('',#769,#769,#635,.T.);
#948=EDGE_CURVE('',#736,#768,#636,.T.);
#949=EDGE_CURVE('',#743,#738,#637,.T.);
#950=EDGE_CURVE('',#770,#770,#638,.T.);
#951=EDGE_CURVE('',#740,#765,#639,.T.);
#952=EDGE_CURVE('',#770,#771,#386,.T.);
#953=EDGE_CURVE('',#771,#771,#640,.T.);
#954=EDGE_CURVE('',#747,#750,#641,.T.);
#955=EDGE_CURVE('',#772,#772,#642,.T.);
#956=EDGE_CURVE('',#766,#749,#643,.T.);
#957=EDGE_CURVE('',#772,#773,#387,.T.);
#958=EDGE_CURVE('',#773,#773,#644,.T.);
#959=EDGE_CURVE('',#759,#754,#645,.T.);
#960=EDGE_CURVE('',#774,#774,#646,.T.);
#961=EDGE_CURVE('',#756,#767,#647,.T.);
#962=EDGE_CURVE('',#774,#775,#388,.T.);
#963=EDGE_CURVE('',#775,#775,#648,.T.);
#964=EDGE_CURVE('',#735,#730,#649,.T.);
#965=EDGE_CURVE('',#776,#776,#650,.T.);
#966=EDGE_CURVE('',#762,#737,#651,.T.);
#967=EDGE_CURVE('',#776,#777,#389,.T.);
#968=EDGE_CURVE('',#777,#777,#652,.T.);
#969=EDGE_CURVE('',#767,#762,#653,.T.);
#970=EDGE_CURVE('',#765,#766,#654,.T.);
#971=EDGE_CURVE('',#778,#779,#390,.T.);
#972=EDGE_CURVE('',#778,#779,#655,.T.);
#973=EDGE_CURVE('',#780,#780,#656,.T.);
#974=EDGE_CURVE('',#780,#781,#391,.T.);
#975=EDGE_CURVE('',#779,#781,#17,.T.);
#976=EDGE_CURVE('',#781,#778,#18,.T.);
#977=EDGE_CURVE('',#782,#782,#657,.T.);
#978=EDGE_CURVE('',#782,#783,#392,.T.);
#979=EDGE_CURVE('',#783,#783,#658,.T.);
#980=EDGE_CURVE('',#784,#784,#659,.T.);
#981=EDGE_CURVE('',#784,#785,#393,.T.);
#982=EDGE_CURVE('',#785,#785,#660,.T.);
#983=EDGE_CURVE('',#786,#787,#661,.T.);
#984=EDGE_CURVE('',#786,#788,#394,.T.);
#985=EDGE_CURVE('',#788,#789,#662,.T.);
#986=EDGE_CURVE('',#789,#787,#395,.T.);
#987=EDGE_CURVE('',#790,#789,#396,.T.);
#988=EDGE_CURVE('',#791,#790,#397,.T.);
#989=EDGE_CURVE('',#791,#787,#398,.T.);
#990=EDGE_CURVE('',#792,#793,#663,.T.);
#991=EDGE_CURVE('',#792,#794,#399,.T.);
#992=EDGE_CURVE('',#794,#795,#664,.T.);
#993=EDGE_CURVE('',#795,#793,#400,.T.);
#994=EDGE_CURVE('',#796,#793,#665,.T.);
#995=EDGE_CURVE('',#796,#797,#666,.T.);
#996=EDGE_CURVE('',#798,#797,#667,.T.);
#997=EDGE_CURVE('',#798,#799,#668,.T.);
#998=EDGE_CURVE('',#800,#799,#401,.T.);
#999=EDGE_CURVE('',#800,#801,#669,.T.);
#1000=EDGE_CURVE('',#802,#801,#402,.T.);
#1001=EDGE_CURVE('',#803,#802,#670,.F.);
#1002=EDGE_CURVE('',#804,#803,#403,.T.);
#1003=EDGE_CURVE('',#805,#804,#404,.T.);
#1004=EDGE_CURVE('',#792,#805,#405,.T.);
#1005=EDGE_CURVE('',#806,#795,#671,.T.);
#1006=EDGE_CURVE('',#806,#796,#406,.T.);
#1007=EDGE_CURVE('',#807,#808,#672,.T.);
#1008=EDGE_CURVE('',#808,#803,#407,.T.);
#1009=EDGE_CURVE('',#802,#807,#408,.T.);
#1010=EDGE_CURVE('',#807,#809,#409,.T.);
#1011=EDGE_CURVE('',#810,#809,#673,.T.);
#1012=EDGE_CURVE('',#810,#811,#410,.T.);
#1013=EDGE_CURVE('',#812,#811,#674,.T.);
#1014=EDGE_CURVE('',#812,#813,#675,.T.);
#1015=EDGE_CURVE('',#813,#814,#676,.T.);
#1016=EDGE_CURVE('',#814,#806,#677,.T.);
#1017=EDGE_CURVE('',#794,#815,#411,.T.);
#1018=EDGE_CURVE('',#816,#815,#412,.T.);
#1019=EDGE_CURVE('',#817,#816,#413,.T.);
#1020=EDGE_CURVE('',#818,#817,#414,.T.);
#1021=EDGE_CURVE('',#818,#819,#16,.T.);
#1022=EDGE_CURVE('',#820,#819,#415,.T.);
#1023=EDGE_CURVE('',#821,#820,#416,.T.);
#1024=EDGE_CURVE('',#822,#821,#417,.T.);
#1025=EDGE_CURVE('',#823,#822,#418,.T.);
#1026=EDGE_CURVE('',#824,#823,#419,.T.);
#1027=EDGE_CURVE('',#825,#824,#420,.T.);
#1028=EDGE_CURVE('',#826,#825,#421,.T.);
#1029=EDGE_CURVE('',#827,#826,#422,.T.);
#1030=EDGE_CURVE('',#790,#827,#423,.T.);
#1031=EDGE_CURVE('',#788,#828,#424,.T.);
#1032=EDGE_CURVE('',#829,#828,#425,.T.);
#1033=EDGE_CURVE('',#829,#808,#426,.T.);
#1034=EDGE_CURVE('',#830,#830,#678,.T.);
#1035=EDGE_CURVE('',#831,#831,#679,.T.);
#1036=EDGE_CURVE('',#832,#832,#680,.T.);
#1037=EDGE_CURVE('',#833,#833,#681,.T.);
#1038=EDGE_CURVE('',#834,#834,#682,.T.);
#1039=EDGE_CURVE('',#835,#835,#683,.T.);
#1040=EDGE_CURVE('',#836,#836,#684,.T.);
#1041=EDGE_CURVE('',#837,#837,#685,.T.);
#1042=EDGE_CURVE('',#838,#838,#686,.T.);
#1043=EDGE_CURVE('',#809,#801,#427,.T.);
#1044=EDGE_CURVE('',#800,#810,#428,.T.);
#1045=EDGE_CURVE('',#798,#812,#429,.T.);
#1046=EDGE_CURVE('',#811,#799,#430,.T.);
#1047=EDGE_CURVE('',#839,#839,#687,.T.);
#1048=EDGE_CURVE('',#839,#838,#431,.T.);
#1049=EDGE_CURVE('',#840,#840,#688,.T.);
#1050=EDGE_CURVE('',#841,#841,#689,.T.);
#1051=EDGE_CURVE('',#841,#842,#432,.T.);
#1052=EDGE_CURVE('',#843,#842,#19,.T.);
#1053=EDGE_CURVE('',#842,#843,#20,.T.);
#1054=EDGE_CURVE('',#844,#844,#690,.T.);
#1055=EDGE_CURVE('',#844,#845,#433,.T.);
#1056=EDGE_CURVE('',#846,#845,#21,.T.);
#1057=EDGE_CURVE('',#845,#846,#22,.T.);
#1058=EDGE_CURVE('',#819,#818,#691,.T.);
#1059=EDGE_CURVE('',#817,#847,#434,.T.);
#1060=EDGE_CURVE('',#847,#848,#435,.T.);
#1061=EDGE_CURVE('',#820,#848,#436,.T.);
#1062=EDGE_CURVE('',#849,#849,#692,.T.);
#1063=EDGE_CURVE('',#849,#850,#437,.T.);
#1064=EDGE_CURVE('',#850,#850,#693,.T.);
#1065=EDGE_CURVE('',#851,#851,#694,.T.);
#1066=EDGE_CURVE('',#851,#830,#438,.T.);
#1067=EDGE_CURVE('',#852,#852,#695,.T.);
#1068=EDGE_CURVE('',#852,#831,#439,.T.);
#1069=EDGE_CURVE('',#853,#853,#696,.T.);
#1070=EDGE_CURVE('',#853,#814,#440,.T.);
#1071=EDGE_CURVE('',#797,#813,#441,.T.);
#1072=EDGE_CURVE('',#854,#854,#697,.T.);
#1073=EDGE_CURVE('',#854,#855,#442,.T.);
#1074=EDGE_CURVE('',#855,#855,#698,.T.);
#1075=EDGE_CURVE('',#856,#856,#699,.T.);
#1076=EDGE_CURVE('',#856,#832,#443,.T.);
#1077=EDGE_CURVE('',#857,#857,#700,.T.);
#1078=EDGE_CURVE('',#857,#833,#444,.T.);
#1079=EDGE_CURVE('',#858,#858,#701,.T.);
#1080=EDGE_CURVE('',#859,#859,#702,.T.);
#1081=EDGE_CURVE('',#860,#860,#703,.T.);
#1082=EDGE_CURVE('',#860,#858,#445,.T.);
#1083=EDGE_CURVE('',#859,#834,#446,.T.);
#1084=EDGE_CURVE('',#861,#861,#704,.T.);
#1085=EDGE_CURVE('',#862,#862,#705,.T.);
#1086=EDGE_CURVE('',#863,#863,#706,.T.);
#1087=EDGE_CURVE('',#863,#861,#447,.T.);
#1088=EDGE_CURVE('',#862,#835,#448,.T.);
#1089=EDGE_CURVE('',#864,#864,#707,.T.);
#1090=EDGE_CURVE('',#864,#865,#449,.T.);
#1091=EDGE_CURVE('',#865,#865,#708,.T.);
#1092=EDGE_CURVE('',#866,#866,#709,.T.);
#1093=EDGE_CURVE('',#866,#867,#450,.T.);
#1094=EDGE_CURVE('',#867,#867,#710,.T.);
#1095=EDGE_CURVE('',#868,#868,#711,.T.);
#1096=EDGE_CURVE('',#868,#869,#451,.T.);
#1097=EDGE_CURVE('',#869,#869,#712,.T.);
#1098=EDGE_CURVE('',#836,#870,#452,.T.);
#1099=EDGE_CURVE('',#870,#870,#713,.T.);
#1100=EDGE_CURVE('',#804,#829,#453,.T.);
#1101=EDGE_CURVE('',#815,#805,#454,.T.);
#1102=EDGE_CURVE('',#786,#871,#455,.T.);
#1103=EDGE_CURVE('',#828,#871,#456,.T.);
#1104=EDGE_CURVE('',#871,#791,#457,.T.);
#1105=EDGE_CURVE('',#827,#872,#458,.T.);
#1106=EDGE_CURVE('',#872,#873,#459,.T.);
#1107=EDGE_CURVE('',#816,#873,#460,.T.);
#1108=EDGE_CURVE('',#874,#875,#714,.T.);
#1109=EDGE_CURVE('',#874,#876,#461,.T.);
#1110=EDGE_CURVE('',#876,#877,#715,.T.);
#1111=EDGE_CURVE('',#875,#877,#462,.T.);
#1112=EDGE_CURVE('',#878,#879,#716,.T.);
#1113=EDGE_CURVE('',#878,#880,#463,.T.);
#1114=EDGE_CURVE('',#880,#881,#717,.T.);
#1115=EDGE_CURVE('',#879,#881,#464,.T.);
#1116=EDGE_CURVE('',#882,#883,#465,.T.);
#1117=EDGE_CURVE('',#884,#882,#466,.T.);
#1118=EDGE_CURVE('',#885,#884,#467,.T.);
#1119=EDGE_CURVE('',#886,#885,#468,.T.);
#1120=EDGE_CURVE('',#887,#886,#469,.T.);
#1121=EDGE_CURVE('',#848,#887,#470,.T.);
#1122=EDGE_CURVE('',#873,#847,#471,.T.);
#1123=EDGE_CURVE('',#883,#872,#472,.T.);
#1124=EDGE_CURVE('',#881,#876,#718,.T.);
#1125=EDGE_CURVE('',#888,#880,#719,.T.);
#1126=EDGE_CURVE('',#877,#888,#720,.T.);
#1127=EDGE_CURVE('',#889,#874,#721,.T.);
#1128=EDGE_CURVE('',#763,#889,#473,.T.);
#1129=EDGE_CURVE('',#764,#890,#474,.T.);
#1130=EDGE_CURVE('',#879,#890,#722,.T.);
#1131=EDGE_CURVE('',#875,#878,#723,.T.);
#1132=EDGE_CURVE('',#890,#891,#724,.T.);
#1133=EDGE_CURVE('',#891,#889,#725,.T.);
#1134=EDGE_CURVE('',#891,#840,#475,.T.);
#1135=EDGE_CURVE('',#888,#837,#476,.T.);
#1136=EDGE_CURVE('',#825,#882,#477,.T.);
#1137=EDGE_CURVE('',#826,#883,#478,.T.);
#1138=EDGE_CURVE('',#821,#887,#479,.T.);
#1139=EDGE_CURVE('',#822,#886,#480,.T.);
#1140=EDGE_CURVE('',#823,#885,#481,.T.);
#1141=EDGE_CURVE('',#824,#884,#482,.T.);
#1142=ORIENTED_EDGE('',*,*,#892,.F.);
#1143=ORIENTED_EDGE('',*,*,#893,.T.);
#1144=ORIENTED_EDGE('',*,*,#894,.F.);
#1145=ORIENTED_EDGE('',*,*,#893,.F.);
#1146=ORIENTED_EDGE('',*,*,#894,.T.);
#1147=ORIENTED_EDGE('',*,*,#895,.F.);
#1148=ORIENTED_EDGE('',*,*,#896,.T.);
#1149=ORIENTED_EDGE('',*,*,#897,.F.);
#1150=ORIENTED_EDGE('',*,*,#896,.F.);
#1151=ORIENTED_EDGE('',*,*,#897,.T.);
#1152=ORIENTED_EDGE('',*,*,#898,.F.);
#1153=ORIENTED_EDGE('',*,*,#899,.F.);
#1154=ORIENTED_EDGE('',*,*,#900,.F.);
#1155=ORIENTED_EDGE('',*,*,#901,.F.);
#1156=ORIENTED_EDGE('',*,*,#902,.F.);
#1157=ORIENTED_EDGE('',*,*,#903,.F.);
#1158=ORIENTED_EDGE('',*,*,#904,.F.);
#1159=ORIENTED_EDGE('',*,*,#905,.T.);
#1160=ORIENTED_EDGE('',*,*,#906,.F.);
#1161=ORIENTED_EDGE('',*,*,#907,.F.);
#1162=ORIENTED_EDGE('',*,*,#908,.F.);
#1163=ORIENTED_EDGE('',*,*,#909,.F.);
#1164=ORIENTED_EDGE('',*,*,#910,.F.);
#1165=ORIENTED_EDGE('',*,*,#911,.F.);
#1166=ORIENTED_EDGE('',*,*,#912,.F.);
#1167=ORIENTED_EDGE('',*,*,#913,.T.);
#1168=ORIENTED_EDGE('',*,*,#914,.F.);
#1169=ORIENTED_EDGE('',*,*,#915,.F.);
#1170=ORIENTED_EDGE('',*,*,#916,.F.);
#1171=ORIENTED_EDGE('',*,*,#917,.T.);
#1172=ORIENTED_EDGE('',*,*,#918,.F.);
#1173=ORIENTED_EDGE('',*,*,#919,.F.);
#1174=ORIENTED_EDGE('',*,*,#920,.F.);
#1175=ORIENTED_EDGE('',*,*,#921,.F.);
#1176=ORIENTED_EDGE('',*,*,#922,.F.);
#1177=ORIENTED_EDGE('',*,*,#923,.F.);
#1178=ORIENTED_EDGE('',*,*,#924,.F.);
#1179=ORIENTED_EDGE('',*,*,#925,.F.);
#1180=ORIENTED_EDGE('',*,*,#926,.F.);
#1181=ORIENTED_EDGE('',*,*,#927,.F.);
#1182=ORIENTED_EDGE('',*,*,#928,.F.);
#1183=ORIENTED_EDGE('',*,*,#929,.T.);
#1184=ORIENTED_EDGE('',*,*,#900,.T.);
#1185=ORIENTED_EDGE('',*,*,#930,.T.);
#1186=ORIENTED_EDGE('',*,*,#931,.T.);
#1187=ORIENTED_EDGE('',*,*,#932,.T.);
#1188=ORIENTED_EDGE('',*,*,#933,.T.);
#1189=ORIENTED_EDGE('',*,*,#934,.T.);
#1190=ORIENTED_EDGE('',*,*,#912,.T.);
#1191=ORIENTED_EDGE('',*,*,#935,.T.);
#1192=ORIENTED_EDGE('',*,*,#920,.T.);
#1193=ORIENTED_EDGE('',*,*,#936,.T.);
#1194=ORIENTED_EDGE('',*,*,#937,.T.);
#1195=ORIENTED_EDGE('',*,*,#938,.T.);
#1196=ORIENTED_EDGE('',*,*,#928,.T.);
#1197=ORIENTED_EDGE('',*,*,#939,.T.);
#1198=ORIENTED_EDGE('',*,*,#903,.T.);
#1199=ORIENTED_EDGE('',*,*,#940,.T.);
#1200=ORIENTED_EDGE('',*,*,#901,.T.);
#1201=ORIENTED_EDGE('',*,*,#935,.F.);
#1202=ORIENTED_EDGE('',*,*,#911,.T.);
#1203=ORIENTED_EDGE('',*,*,#941,.T.);
#1204=ORIENTED_EDGE('',*,*,#909,.T.);
#1205=ORIENTED_EDGE('',*,*,#942,.F.);
#1206=ORIENTED_EDGE('',*,*,#915,.T.);
#1207=ORIENTED_EDGE('',*,*,#943,.T.);
#1208=ORIENTED_EDGE('',*,*,#921,.T.);
#1209=ORIENTED_EDGE('',*,*,#939,.F.);
#1210=ORIENTED_EDGE('',*,*,#927,.T.);
#1211=ORIENTED_EDGE('',*,*,#944,.T.);
#1212=ORIENTED_EDGE('',*,*,#925,.T.);
#1213=ORIENTED_EDGE('',*,*,#945,.F.);
#1214=ORIENTED_EDGE('',*,*,#946,.T.);
#1215=ORIENTED_EDGE('',*,*,#947,.T.);
#1216=ORIENTED_EDGE('',*,*,#946,.F.);
#1217=ORIENTED_EDGE('',*,*,#948,.F.);
#1218=ORIENTED_EDGE('',*,*,#949,.T.);
#1219=ORIENTED_EDGE('',*,*,#906,.T.);
#1220=ORIENTED_EDGE('',*,*,#941,.F.);
#1221=ORIENTED_EDGE('',*,*,#910,.T.);
#1222=ORIENTED_EDGE('',*,*,#950,.F.);
#1223=ORIENTED_EDGE('',*,*,#907,.T.);
#1224=ORIENTED_EDGE('',*,*,#949,.F.);
#1225=ORIENTED_EDGE('',*,*,#913,.F.);
#1226=ORIENTED_EDGE('',*,*,#934,.F.);
#1227=ORIENTED_EDGE('',*,*,#951,.F.);
#1228=ORIENTED_EDGE('',*,*,#950,.T.);
#1229=ORIENTED_EDGE('',*,*,#952,.T.);
#1230=ORIENTED_EDGE('',*,*,#953,.F.);
#1231=ORIENTED_EDGE('',*,*,#952,.F.);
#1232=ORIENTED_EDGE('',*,*,#954,.T.);
#1233=ORIENTED_EDGE('',*,*,#918,.T.);
#1234=ORIENTED_EDGE('',*,*,#943,.F.);
#1235=ORIENTED_EDGE('',*,*,#914,.T.);
#1236=ORIENTED_EDGE('',*,*,#955,.F.);
#1237=ORIENTED_EDGE('',*,*,#919,.T.);
#1238=ORIENTED_EDGE('',*,*,#954,.F.);
#1239=ORIENTED_EDGE('',*,*,#917,.F.);
#1240=ORIENTED_EDGE('',*,*,#956,.F.);
#1241=ORIENTED_EDGE('',*,*,#936,.F.);
#1242=ORIENTED_EDGE('',*,*,#955,.T.);
#1243=ORIENTED_EDGE('',*,*,#957,.T.);
#1244=ORIENTED_EDGE('',*,*,#958,.F.);
#1245=ORIENTED_EDGE('',*,*,#957,.F.);
#1246=ORIENTED_EDGE('',*,*,#959,.T.);
#1247=ORIENTED_EDGE('',*,*,#922,.T.);
#1248=ORIENTED_EDGE('',*,*,#944,.F.);
#1249=ORIENTED_EDGE('',*,*,#926,.T.);
#1250=ORIENTED_EDGE('',*,*,#960,.F.);
#1251=ORIENTED_EDGE('',*,*,#923,.T.);
#1252=ORIENTED_EDGE('',*,*,#959,.F.);
#1253=ORIENTED_EDGE('',*,*,#929,.F.);
#1254=ORIENTED_EDGE('',*,*,#938,.F.);
#1255=ORIENTED_EDGE('',*,*,#961,.F.);
#1256=ORIENTED_EDGE('',*,*,#960,.T.);
#1257=ORIENTED_EDGE('',*,*,#962,.T.);
#1258=ORIENTED_EDGE('',*,*,#963,.F.);
#1259=ORIENTED_EDGE('',*,*,#962,.F.);
#1260=ORIENTED_EDGE('',*,*,#964,.T.);
#1261=ORIENTED_EDGE('',*,*,#898,.T.);
#1262=ORIENTED_EDGE('',*,*,#940,.F.);
#1263=ORIENTED_EDGE('',*,*,#902,.T.);
#1264=ORIENTED_EDGE('',*,*,#965,.F.);
#1265=ORIENTED_EDGE('',*,*,#905,.F.);
#1266=ORIENTED_EDGE('',*,*,#966,.F.);
#1267=ORIENTED_EDGE('',*,*,#930,.F.);
#1268=ORIENTED_EDGE('',*,*,#899,.T.);
#1269=ORIENTED_EDGE('',*,*,#964,.F.);
#1270=ORIENTED_EDGE('',*,*,#965,.T.);
#1271=ORIENTED_EDGE('',*,*,#967,.T.);
#1272=ORIENTED_EDGE('',*,*,#968,.F.);
#1273=ORIENTED_EDGE('',*,*,#967,.F.);
#1274=ORIENTED_EDGE('',*,*,#904,.T.);
#1275=ORIENTED_EDGE('',*,*,#948,.T.);
#1276=ORIENTED_EDGE('',*,*,#945,.T.);
#1277=ORIENTED_EDGE('',*,*,#924,.T.);
#1278=ORIENTED_EDGE('',*,*,#961,.T.);
#1279=ORIENTED_EDGE('',*,*,#969,.T.);
#1280=ORIENTED_EDGE('',*,*,#966,.T.);
#1281=ORIENTED_EDGE('',*,*,#908,.T.);
#1282=ORIENTED_EDGE('',*,*,#951,.T.);
#1283=ORIENTED_EDGE('',*,*,#970,.T.);
#1284=ORIENTED_EDGE('',*,*,#956,.T.);
#1285=ORIENTED_EDGE('',*,*,#916,.T.);
#1286=ORIENTED_EDGE('',*,*,#942,.T.);
#1287=ORIENTED_EDGE('',*,*,#971,.F.);
#1288=ORIENTED_EDGE('',*,*,#972,.T.);
#1289=ORIENTED_EDGE('',*,*,#973,.F.);
#1290=ORIENTED_EDGE('',*,*,#974,.T.);
#1291=ORIENTED_EDGE('',*,*,#975,.F.);
#1292=ORIENTED_EDGE('',*,*,#972,.F.);
#1293=ORIENTED_EDGE('',*,*,#976,.F.);
#1294=ORIENTED_EDGE('',*,*,#974,.F.);
#1295=ORIENTED_EDGE('',*,*,#977,.F.);
#1296=ORIENTED_EDGE('',*,*,#978,.T.);
#1297=ORIENTED_EDGE('',*,*,#979,.F.);
#1298=ORIENTED_EDGE('',*,*,#978,.F.);
#1299=ORIENTED_EDGE('',*,*,#980,.F.);
#1300=ORIENTED_EDGE('',*,*,#981,.T.);
#1301=ORIENTED_EDGE('',*,*,#982,.F.);
#1302=ORIENTED_EDGE('',*,*,#981,.F.);
#1303=ORIENTED_EDGE('',*,*,#983,.F.);
#1304=ORIENTED_EDGE('',*,*,#984,.T.);
#1305=ORIENTED_EDGE('',*,*,#985,.T.);
#1306=ORIENTED_EDGE('',*,*,#986,.T.);
#1307=ORIENTED_EDGE('',*,*,#986,.F.);
#1308=ORIENTED_EDGE('',*,*,#987,.F.);
#1309=ORIENTED_EDGE('',*,*,#988,.F.);
#1310=ORIENTED_EDGE('',*,*,#989,.T.);
#1311=ORIENTED_EDGE('',*,*,#990,.F.);
#1312=ORIENTED_EDGE('',*,*,#991,.T.);
#1313=ORIENTED_EDGE('',*,*,#992,.T.);
#1314=ORIENTED_EDGE('',*,*,#993,.T.);
#1315=ORIENTED_EDGE('',*,*,#990,.T.);
#1316=ORIENTED_EDGE('',*,*,#994,.F.);
#1317=ORIENTED_EDGE('',*,*,#995,.T.);
#1318=ORIENTED_EDGE('',*,*,#996,.F.);
#1319=ORIENTED_EDGE('',*,*,#997,.T.);
#1320=ORIENTED_EDGE('',*,*,#998,.F.);
#1321=ORIENTED_EDGE('',*,*,#999,.T.);
#1322=ORIENTED_EDGE('',*,*,#1000,.F.);
#1323=ORIENTED_EDGE('',*,*,#1001,.F.);
#1324=ORIENTED_EDGE('',*,*,#1002,.F.);
#1325=ORIENTED_EDGE('',*,*,#1003,.F.);
#1326=ORIENTED_EDGE('',*,*,#1004,.F.);
#1327=ORIENTED_EDGE('',*,*,#993,.F.);
#1328=ORIENTED_EDGE('',*,*,#1005,.F.);
#1329=ORIENTED_EDGE('',*,*,#1006,.T.);
#1330=ORIENTED_EDGE('',*,*,#994,.T.);
#1331=ORIENTED_EDGE('',*,*,#1007,.T.);
#1332=ORIENTED_EDGE('',*,*,#1008,.T.);
#1333=ORIENTED_EDGE('',*,*,#1001,.T.);
#1334=ORIENTED_EDGE('',*,*,#1009,.T.);
#1335=ORIENTED_EDGE('',*,*,#1007,.F.);
#1336=ORIENTED_EDGE('',*,*,#1010,.T.);
#1337=ORIENTED_EDGE('',*,*,#1011,.F.);
#1338=ORIENTED_EDGE('',*,*,#1012,.T.);
#1339=ORIENTED_EDGE('',*,*,#1013,.F.);
#1340=ORIENTED_EDGE('',*,*,#1014,.T.);
#1341=ORIENTED_EDGE('',*,*,#1015,.T.);
#1342=ORIENTED_EDGE('',*,*,#1016,.T.);
#1343=ORIENTED_EDGE('',*,*,#1005,.T.);
#1344=ORIENTED_EDGE('',*,*,#992,.F.);
#1345=ORIENTED_EDGE('',*,*,#1017,.T.);
#1346=ORIENTED_EDGE('',*,*,#1018,.F.);
#1347=ORIENTED_EDGE('',*,*,#1019,.F.);
#1348=ORIENTED_EDGE('',*,*,#1020,.F.);
#1349=ORIENTED_EDGE('',*,*,#1021,.T.);
#1350=ORIENTED_EDGE('',*,*,#1022,.F.);
#1351=ORIENTED_EDGE('',*,*,#1023,.F.);
#1352=ORIENTED_EDGE('',*,*,#1024,.F.);
#1353=ORIENTED_EDGE('',*,*,#1025,.F.);
#1354=ORIENTED_EDGE('',*,*,#1026,.F.);
#1355=ORIENTED_EDGE('',*,*,#1027,.F.);
#1356=ORIENTED_EDGE('',*,*,#1028,.F.);
#1357=ORIENTED_EDGE('',*,*,#1029,.F.);
#1358=ORIENTED_EDGE('',*,*,#1030,.F.);
#1359=ORIENTED_EDGE('',*,*,#987,.T.);
#1360=ORIENTED_EDGE('',*,*,#985,.F.);
#1361=ORIENTED_EDGE('',*,*,#1031,.T.);
#1362=ORIENTED_EDGE('',*,*,#1032,.F.);
#1363=ORIENTED_EDGE('',*,*,#1033,.T.);
#1364=ORIENTED_EDGE('',*,*,#953,.T.);
#1365=ORIENTED_EDGE('',*,*,#958,.T.);
#1366=ORIENTED_EDGE('',*,*,#963,.T.);
#1367=ORIENTED_EDGE('',*,*,#968,.T.);
#1368=ORIENTED_EDGE('',*,*,#979,.T.);
#1369=ORIENTED_EDGE('',*,*,#982,.T.);
#1370=ORIENTED_EDGE('',*,*,#1034,.T.);
#1371=ORIENTED_EDGE('',*,*,#1035,.T.);
#1372=ORIENTED_EDGE('',*,*,#1036,.T.);
#1373=ORIENTED_EDGE('',*,*,#1037,.T.);
#1374=ORIENTED_EDGE('',*,*,#1038,.T.);
#1375=ORIENTED_EDGE('',*,*,#1039,.T.);
#1376=ORIENTED_EDGE('',*,*,#1040,.T.);
#1377=ORIENTED_EDGE('',*,*,#947,.F.);
#1378=ORIENTED_EDGE('',*,*,#1041,.F.);
#1379=ORIENTED_EDGE('',*,*,#1042,.T.);
#1380=ORIENTED_EDGE('',*,*,#1009,.F.);
#1381=ORIENTED_EDGE('',*,*,#1000,.T.);
#1382=ORIENTED_EDGE('',*,*,#1043,.F.);
#1383=ORIENTED_EDGE('',*,*,#1010,.F.);
#1384=ORIENTED_EDGE('',*,*,#999,.F.);
#1385=ORIENTED_EDGE('',*,*,#1044,.T.);
#1386=ORIENTED_EDGE('',*,*,#1011,.T.);
#1387=ORIENTED_EDGE('',*,*,#1043,.T.);
#1388=ORIENTED_EDGE('',*,*,#997,.F.);
#1389=ORIENTED_EDGE('',*,*,#1045,.T.);
#1390=ORIENTED_EDGE('',*,*,#1013,.T.);
#1391=ORIENTED_EDGE('',*,*,#1046,.T.);
#1392=ORIENTED_EDGE('',*,*,#1044,.F.);
#1393=ORIENTED_EDGE('',*,*,#998,.T.);
#1394=ORIENTED_EDGE('',*,*,#1046,.F.);
#1395=ORIENTED_EDGE('',*,*,#1012,.F.);
#1396=ORIENTED_EDGE('',*,*,#1047,.F.);
#1397=ORIENTED_EDGE('',*,*,#1048,.T.);
#1398=ORIENTED_EDGE('',*,*,#1042,.F.);
#1399=ORIENTED_EDGE('',*,*,#1048,.F.);
#1400=ORIENTED_EDGE('',*,*,#1049,.F.);
#1401=ORIENTED_EDGE('',*,*,#1047,.T.);
#1402=ORIENTED_EDGE('',*,*,#1050,.F.);
#1403=ORIENTED_EDGE('',*,*,#1051,.T.);
#1404=ORIENTED_EDGE('',*,*,#1052,.F.);
#1405=ORIENTED_EDGE('',*,*,#1053,.F.);
#1406=ORIENTED_EDGE('',*,*,#1051,.F.);
#1407=ORIENTED_EDGE('',*,*,#1054,.F.);
#1408=ORIENTED_EDGE('',*,*,#1055,.T.);
#1409=ORIENTED_EDGE('',*,*,#1056,.F.);
#1410=ORIENTED_EDGE('',*,*,#1057,.F.);
#1411=ORIENTED_EDGE('',*,*,#1055,.F.);
#1412=ORIENTED_EDGE('',*,*,#1021,.F.);
#1413=ORIENTED_EDGE('',*,*,#1058,.F.);
#1414=ORIENTED_EDGE('',*,*,#1058,.T.);
#1415=ORIENTED_EDGE('',*,*,#1020,.T.);
#1416=ORIENTED_EDGE('',*,*,#1059,.T.);
#1417=ORIENTED_EDGE('',*,*,#1060,.T.);
#1418=ORIENTED_EDGE('',*,*,#1061,.F.);
#1419=ORIENTED_EDGE('',*,*,#1022,.T.);
#1420=ORIENTED_EDGE('',*,*,#1062,.F.);
#1421=ORIENTED_EDGE('',*,*,#1063,.T.);
#1422=ORIENTED_EDGE('',*,*,#1064,.F.);
#1423=ORIENTED_EDGE('',*,*,#1063,.F.);
#1424=ORIENTED_EDGE('',*,*,#1064,.T.);
#1425=ORIENTED_EDGE('',*,*,#1065,.F.);
#1426=ORIENTED_EDGE('',*,*,#1066,.T.);
#1427=ORIENTED_EDGE('',*,*,#1034,.F.);
#1428=ORIENTED_EDGE('',*,*,#1066,.F.);
#1429=ORIENTED_EDGE('',*,*,#1067,.F.);
#1430=ORIENTED_EDGE('',*,*,#1068,.T.);
#1431=ORIENTED_EDGE('',*,*,#1035,.F.);
#1432=ORIENTED_EDGE('',*,*,#1068,.F.);
#1433=ORIENTED_EDGE('',*,*,#1069,.F.);
#1434=ORIENTED_EDGE('',*,*,#1070,.T.);
#1435=ORIENTED_EDGE('',*,*,#1015,.F.);
#1436=ORIENTED_EDGE('',*,*,#1071,.F.);
#1437=ORIENTED_EDGE('',*,*,#995,.F.);
#1438=ORIENTED_EDGE('',*,*,#1006,.F.);
#1439=ORIENTED_EDGE('',*,*,#1016,.F.);
#1440=ORIENTED_EDGE('',*,*,#1070,.F.);
#1441=ORIENTED_EDGE('',*,*,#1072,.F.);
#1442=ORIENTED_EDGE('',*,*,#1073,.T.);
#1443=ORIENTED_EDGE('',*,*,#1074,.F.);
#1444=ORIENTED_EDGE('',*,*,#1073,.F.);
#1445=ORIENTED_EDGE('',*,*,#1075,.F.);
#1446=ORIENTED_EDGE('',*,*,#1076,.T.);
#1447=ORIENTED_EDGE('',*,*,#1036,.F.);
#1448=ORIENTED_EDGE('',*,*,#1076,.F.);
#1449=ORIENTED_EDGE('',*,*,#1077,.F.);
#1450=ORIENTED_EDGE('',*,*,#1078,.T.);
#1451=ORIENTED_EDGE('',*,*,#1037,.F.);
#1452=ORIENTED_EDGE('',*,*,#1078,.F.);
#1453=ORIENTED_EDGE('',*,*,#1045,.F.);
#1454=ORIENTED_EDGE('',*,*,#996,.T.);
#1455=ORIENTED_EDGE('',*,*,#1071,.T.);
#1456=ORIENTED_EDGE('',*,*,#1014,.F.);
#1457=ORIENTED_EDGE('',*,*,#1079,.T.);
#1458=ORIENTED_EDGE('',*,*,#1080,.F.);
#1459=ORIENTED_EDGE('',*,*,#1081,.F.);
#1460=ORIENTED_EDGE('',*,*,#1082,.T.);
#1461=ORIENTED_EDGE('',*,*,#1079,.F.);
#1462=ORIENTED_EDGE('',*,*,#1082,.F.);
#1463=ORIENTED_EDGE('',*,*,#1080,.T.);
#1464=ORIENTED_EDGE('',*,*,#1083,.T.);
#1465=ORIENTED_EDGE('',*,*,#1038,.F.);
#1466=ORIENTED_EDGE('',*,*,#1083,.F.);
#1467=ORIENTED_EDGE('',*,*,#1084,.T.);
#1468=ORIENTED_EDGE('',*,*,#1085,.F.);
#1469=ORIENTED_EDGE('',*,*,#1086,.F.);
#1470=ORIENTED_EDGE('',*,*,#1087,.T.);
#1471=ORIENTED_EDGE('',*,*,#1084,.F.);
#1472=ORIENTED_EDGE('',*,*,#1087,.F.);
#1473=ORIENTED_EDGE('',*,*,#975,.T.);
#1474=ORIENTED_EDGE('',*,*,#976,.T.);
#1475=ORIENTED_EDGE('',*,*,#971,.T.);
#1476=ORIENTED_EDGE('',*,*,#1085,.T.);
#1477=ORIENTED_EDGE('',*,*,#1088,.T.);
#1478=ORIENTED_EDGE('',*,*,#1039,.F.);
#1479=ORIENTED_EDGE('',*,*,#1088,.F.);
#1480=ORIENTED_EDGE('',*,*,#1089,.F.);
#1481=ORIENTED_EDGE('',*,*,#1090,.T.);
#1482=ORIENTED_EDGE('',*,*,#1091,.F.);
#1483=ORIENTED_EDGE('',*,*,#1090,.F.);
#1484=ORIENTED_EDGE('',*,*,#1091,.T.);
#1485=ORIENTED_EDGE('',*,*,#1092,.F.);
#1486=ORIENTED_EDGE('',*,*,#1093,.T.);
#1487=ORIENTED_EDGE('',*,*,#1094,.F.);
#1488=ORIENTED_EDGE('',*,*,#1093,.F.);
#1489=ORIENTED_EDGE('',*,*,#1094,.T.);
#1490=ORIENTED_EDGE('',*,*,#1095,.F.);
#1491=ORIENTED_EDGE('',*,*,#1096,.T.);
#1492=ORIENTED_EDGE('',*,*,#1097,.F.);
#1493=ORIENTED_EDGE('',*,*,#1096,.F.);
#1494=ORIENTED_EDGE('',*,*,#1097,.T.);
#1495=ORIENTED_EDGE('',*,*,#1040,.F.);
#1496=ORIENTED_EDGE('',*,*,#1098,.T.);
#1497=ORIENTED_EDGE('',*,*,#1099,.T.);
#1498=ORIENTED_EDGE('',*,*,#1098,.F.);
#1499=ORIENTED_EDGE('',*,*,#1056,.T.);
#1500=ORIENTED_EDGE('',*,*,#1057,.T.);
#1501=ORIENTED_EDGE('',*,*,#1099,.F.);
#1502=ORIENTED_EDGE('',*,*,#1074,.T.);
#1503=ORIENTED_EDGE('',*,*,#1008,.F.);
#1504=ORIENTED_EDGE('',*,*,#1033,.F.);
#1505=ORIENTED_EDGE('',*,*,#1100,.F.);
#1506=ORIENTED_EDGE('',*,*,#1002,.T.);
#1507=ORIENTED_EDGE('',*,*,#991,.F.);
#1508=ORIENTED_EDGE('',*,*,#1004,.T.);
#1509=ORIENTED_EDGE('',*,*,#1101,.F.);
#1510=ORIENTED_EDGE('',*,*,#1017,.F.);
#1511=ORIENTED_EDGE('',*,*,#984,.F.);
#1512=ORIENTED_EDGE('',*,*,#1102,.T.);
#1513=ORIENTED_EDGE('',*,*,#1103,.F.);
#1514=ORIENTED_EDGE('',*,*,#1031,.F.);
#1515=ORIENTED_EDGE('',*,*,#983,.T.);
#1516=ORIENTED_EDGE('',*,*,#989,.F.);
#1517=ORIENTED_EDGE('',*,*,#1104,.F.);
#1518=ORIENTED_EDGE('',*,*,#1102,.F.);
#1519=ORIENTED_EDGE('',*,*,#1101,.T.);
#1520=ORIENTED_EDGE('',*,*,#1003,.T.);
#1521=ORIENTED_EDGE('',*,*,#1100,.T.);
#1522=ORIENTED_EDGE('',*,*,#1032,.T.);
#1523=ORIENTED_EDGE('',*,*,#1103,.T.);
#1524=ORIENTED_EDGE('',*,*,#1104,.T.);
#1525=ORIENTED_EDGE('',*,*,#988,.T.);
#1526=ORIENTED_EDGE('',*,*,#1030,.T.);
#1527=ORIENTED_EDGE('',*,*,#1105,.T.);
#1528=ORIENTED_EDGE('',*,*,#1106,.T.);
#1529=ORIENTED_EDGE('',*,*,#1107,.F.);
#1530=ORIENTED_EDGE('',*,*,#1018,.T.);
#1531=ORIENTED_EDGE('',*,*,#1050,.T.);
#1532=ORIENTED_EDGE('',*,*,#1054,.T.);
#1533=ORIENTED_EDGE('',*,*,#1108,.F.);
#1534=ORIENTED_EDGE('',*,*,#1109,.T.);
#1535=ORIENTED_EDGE('',*,*,#1110,.T.);
#1536=ORIENTED_EDGE('',*,*,#1111,.F.);
#1537=ORIENTED_EDGE('',*,*,#1112,.F.);
#1538=ORIENTED_EDGE('',*,*,#1113,.T.);
#1539=ORIENTED_EDGE('',*,*,#1114,.T.);
#1540=ORIENTED_EDGE('',*,*,#1115,.F.);
#1541=ORIENTED_EDGE('',*,*,#1116,.F.);
#1542=ORIENTED_EDGE('',*,*,#1117,.F.);
#1543=ORIENTED_EDGE('',*,*,#1118,.F.);
#1544=ORIENTED_EDGE('',*,*,#1119,.F.);
#1545=ORIENTED_EDGE('',*,*,#1120,.F.);
#1546=ORIENTED_EDGE('',*,*,#1121,.F.);
#1547=ORIENTED_EDGE('',*,*,#1060,.F.);
#1548=ORIENTED_EDGE('',*,*,#1122,.F.);
#1549=ORIENTED_EDGE('',*,*,#1106,.F.);
#1550=ORIENTED_EDGE('',*,*,#1123,.F.);
#1551=ORIENTED_EDGE('',*,*,#977,.T.);
#1552=ORIENTED_EDGE('',*,*,#980,.T.);
#1553=ORIENTED_EDGE('',*,*,#1065,.T.);
#1554=ORIENTED_EDGE('',*,*,#1067,.T.);
#1555=ORIENTED_EDGE('',*,*,#1069,.T.);
#1556=ORIENTED_EDGE('',*,*,#1072,.T.);
#1557=ORIENTED_EDGE('',*,*,#1075,.T.);
#1558=ORIENTED_EDGE('',*,*,#1077,.T.);
#1559=ORIENTED_EDGE('',*,*,#1081,.T.);
#1560=ORIENTED_EDGE('',*,*,#1086,.T.);
#1561=ORIENTED_EDGE('',*,*,#1124,.F.);
#1562=ORIENTED_EDGE('',*,*,#1114,.F.);
#1563=ORIENTED_EDGE('',*,*,#1125,.F.);
#1564=ORIENTED_EDGE('',*,*,#1126,.F.);
#1565=ORIENTED_EDGE('',*,*,#1110,.F.);
#1566=ORIENTED_EDGE('',*,*,#1127,.F.);
#1567=ORIENTED_EDGE('',*,*,#1128,.F.);
#1568=ORIENTED_EDGE('',*,*,#931,.F.);
#1569=ORIENTED_EDGE('',*,*,#969,.F.);
#1570=ORIENTED_EDGE('',*,*,#937,.F.);
#1571=ORIENTED_EDGE('',*,*,#970,.F.);
#1572=ORIENTED_EDGE('',*,*,#933,.F.);
#1573=ORIENTED_EDGE('',*,*,#1129,.T.);
#1574=ORIENTED_EDGE('',*,*,#1130,.F.);
#1575=ORIENTED_EDGE('',*,*,#1115,.T.);
#1576=ORIENTED_EDGE('',*,*,#1124,.T.);
#1577=ORIENTED_EDGE('',*,*,#1109,.F.);
#1578=ORIENTED_EDGE('',*,*,#1108,.T.);
#1579=ORIENTED_EDGE('',*,*,#1131,.T.);
#1580=ORIENTED_EDGE('',*,*,#1112,.T.);
#1581=ORIENTED_EDGE('',*,*,#1130,.T.);
#1582=ORIENTED_EDGE('',*,*,#1132,.T.);
#1583=ORIENTED_EDGE('',*,*,#1133,.T.);
#1584=ORIENTED_EDGE('',*,*,#1127,.T.);
#1585=ORIENTED_EDGE('',*,*,#1128,.T.);
#1586=ORIENTED_EDGE('',*,*,#1133,.F.);
#1587=ORIENTED_EDGE('',*,*,#1134,.T.);
#1588=ORIENTED_EDGE('',*,*,#1049,.T.);
#1589=ORIENTED_EDGE('',*,*,#1134,.F.);
#1590=ORIENTED_EDGE('',*,*,#1132,.F.);
#1591=ORIENTED_EDGE('',*,*,#1129,.F.);
#1592=ORIENTED_EDGE('',*,*,#932,.F.);
#1593=ORIENTED_EDGE('',*,*,#1111,.T.);
#1594=ORIENTED_EDGE('',*,*,#1126,.T.);
#1595=ORIENTED_EDGE('',*,*,#1135,.T.);
#1596=ORIENTED_EDGE('',*,*,#1041,.T.);
#1597=ORIENTED_EDGE('',*,*,#1135,.F.);
#1598=ORIENTED_EDGE('',*,*,#1125,.T.);
#1599=ORIENTED_EDGE('',*,*,#1113,.F.);
#1600=ORIENTED_EDGE('',*,*,#1131,.F.);
#1601=ORIENTED_EDGE('',*,*,#1052,.T.);
#1602=ORIENTED_EDGE('',*,*,#1053,.T.);
#1603=ORIENTED_EDGE('',*,*,#1028,.T.);
#1604=ORIENTED_EDGE('',*,*,#1136,.T.);
#1605=ORIENTED_EDGE('',*,*,#1116,.T.);
#1606=ORIENTED_EDGE('',*,*,#1137,.F.);
#1607=ORIENTED_EDGE('',*,*,#1062,.T.);
#1608=ORIENTED_EDGE('',*,*,#1029,.T.);
#1609=ORIENTED_EDGE('',*,*,#1137,.T.);
#1610=ORIENTED_EDGE('',*,*,#1123,.T.);
#1611=ORIENTED_EDGE('',*,*,#1105,.F.);
#1612=ORIENTED_EDGE('',*,*,#1019,.T.);
#1613=ORIENTED_EDGE('',*,*,#1107,.T.);
#1614=ORIENTED_EDGE('',*,*,#1122,.T.);
#1615=ORIENTED_EDGE('',*,*,#1059,.F.);
#1616=ORIENTED_EDGE('',*,*,#1089,.T.);
#1617=ORIENTED_EDGE('',*,*,#1092,.T.);
#1618=ORIENTED_EDGE('',*,*,#1095,.T.);
#1619=ORIENTED_EDGE('',*,*,#1023,.T.);
#1620=ORIENTED_EDGE('',*,*,#1061,.T.);
#1621=ORIENTED_EDGE('',*,*,#1121,.T.);
#1622=ORIENTED_EDGE('',*,*,#1138,.F.);
#1623=ORIENTED_EDGE('',*,*,#1024,.T.);
#1624=ORIENTED_EDGE('',*,*,#1138,.T.);
#1625=ORIENTED_EDGE('',*,*,#1120,.T.);
#1626=ORIENTED_EDGE('',*,*,#1139,.F.);
#1627=ORIENTED_EDGE('',*,*,#973,.T.);
#1628=ORIENTED_EDGE('',*,*,#1025,.T.);
#1629=ORIENTED_EDGE('',*,*,#1139,.T.);
#1630=ORIENTED_EDGE('',*,*,#1119,.T.);
#1631=ORIENTED_EDGE('',*,*,#1140,.F.);
#1632=ORIENTED_EDGE('',*,*,#1026,.T.);
#1633=ORIENTED_EDGE('',*,*,#1140,.T.);
#1634=ORIENTED_EDGE('',*,*,#1118,.T.);
#1635=ORIENTED_EDGE('',*,*,#1141,.F.);
#1636=ORIENTED_EDGE('',*,*,#1027,.T.);
#1637=ORIENTED_EDGE('',*,*,#1141,.T.);
#1638=ORIENTED_EDGE('',*,*,#1117,.T.);
#1639=ORIENTED_EDGE('',*,*,#1136,.F.);
#1640=ORIENTED_EDGE('',*,*,#892,.T.);
#1641=ORIENTED_EDGE('',*,*,#895,.T.);
#1642=CYLINDRICAL_SURFACE('',#1802,1.2295);
#1643=CYLINDRICAL_SURFACE('',#1806,1.2295);
#1644=CYLINDRICAL_SURFACE('',#1830,5.);
#1645=CYLINDRICAL_SURFACE('',#1842,2.5);
#1646=CYLINDRICAL_SURFACE('',#1844,1.45);
#1647=CYLINDRICAL_SURFACE('',#1849,2.5);
#1648=CYLINDRICAL_SURFACE('',#1851,1.45);
#1649=CYLINDRICAL_SURFACE('',#1856,2.5);
#1650=CYLINDRICAL_SURFACE('',#1858,1.45);
#1651=CYLINDRICAL_SURFACE('',#1863,2.5);
#1652=CYLINDRICAL_SURFACE('',#1865,1.45);
#1653=CYLINDRICAL_SURFACE('',#1873,1.0065);
#1654=CYLINDRICAL_SURFACE('',#1875,1.);
#1655=CYLINDRICAL_SURFACE('',#1878,1.);
#1656=CYLINDRICAL_SURFACE('',#1881,1.);
#1657=CYLINDRICAL_SURFACE('',#1885,1.);
#1658=CYLINDRICAL_SURFACE('',#1895,13.5000000000006);
#1659=CYLINDRICAL_SURFACE('',#1897,1.);
#1660=CYLINDRICAL_SURFACE('',#1915,1.);
#1661=CYLINDRICAL_SURFACE('',#1916,1.);
#1662=CYLINDRICAL_SURFACE('',#1918,1.25);
#1663=CYLINDRICAL_SURFACE('',#1922,1.0065);
#1664=CYLINDRICAL_SURFACE('',#1924,1.0065);
#1665=CYLINDRICAL_SURFACE('',#1929,1.2295);
#1666=CYLINDRICAL_SURFACE('',#1933,1.2295);
#1667=CYLINDRICAL_SURFACE('',#1935,1.2295);
#1668=CYLINDRICAL_SURFACE('',#1937,1.2295);
#1669=CYLINDRICAL_SURFACE('',#1939,1.2295);
#1670=CYLINDRICAL_SURFACE('',#1942,1.2295);
#1671=CYLINDRICAL_SURFACE('',#1944,1.2295);
#1672=CYLINDRICAL_SURFACE('',#1946,13.5000000000006);
#1673=CYLINDRICAL_SURFACE('',#1950,2.25);
#1674=CYLINDRICAL_SURFACE('',#1952,1.25);
#1675=CYLINDRICAL_SURFACE('',#1956,2.25);
#1676=CYLINDRICAL_SURFACE('',#1958,1.25);
#1677=CYLINDRICAL_SURFACE('',#1959,1.2295);
#1678=CYLINDRICAL_SURFACE('',#1963,1.2295);
#1679=CYLINDRICAL_SURFACE('',#1967,1.2295);
#1680=CYLINDRICAL_SURFACE('',#1971,5.00000000000012);
#1681=CYLINDRICAL_SURFACE('',#1979,8.39999999999999);
#1682=CYLINDRICAL_SURFACE('',#1982,8.4);
#1683=CYLINDRICAL_SURFACE('',#1989,9.99999999999998);
#1684=CYLINDRICAL_SURFACE('',#1996,4.59999999999999);
#1685=CYLINDRICAL_SURFACE('',#1997,5.00000000000001);
#1686=ADVANCED_FACE('',(#118),#1642,.F.);
#1687=ADVANCED_FACE('',(#119),#70,.T.);
#1688=ADVANCED_FACE('',(#120),#1643,.F.);
#1689=ADVANCED_FACE('',(#121),#71,.T.);
#1690=ADVANCED_FACE('',(#122),#72,.F.);
#1691=ADVANCED_FACE('',(#123),#73,.F.);
#1692=ADVANCED_FACE('',(#124),#74,.F.);
#1693=ADVANCED_FACE('',(#125),#75,.F.);
#1694=ADVANCED_FACE('',(#126),#76,.F.);
#1695=ADVANCED_FACE('',(#127),#77,.F.);
#1696=ADVANCED_FACE('',(#128),#78,.F.);
#1697=ADVANCED_FACE('',(#129),#79,.F.);
#1698=ADVANCED_FACE('',(#130),#80,.T.);
#1699=ADVANCED_FACE('',(#131),#81,.T.);
#1700=ADVANCED_FACE('',(#132),#1644,.F.);
#1701=ADVANCED_FACE('',(#133,#23),#82,.T.);
#1702=ADVANCED_FACE('',(#134),#1645,.F.);
#1703=ADVANCED_FACE('',(#135),#1646,.F.);
#1704=ADVANCED_FACE('',(#136,#24),#83,.T.);
#1705=ADVANCED_FACE('',(#137),#1647,.F.);
#1706=ADVANCED_FACE('',(#138),#1648,.F.);
#1707=ADVANCED_FACE('',(#139,#25),#84,.T.);
#1708=ADVANCED_FACE('',(#140),#1649,.F.);
#1709=ADVANCED_FACE('',(#141),#1650,.F.);
#1710=ADVANCED_FACE('',(#142,#26),#85,.T.);
#1711=ADVANCED_FACE('',(#143),#1651,.F.);
#1712=ADVANCED_FACE('',(#144),#1652,.F.);
#1713=ADVANCED_FACE('',(#145),#86,.T.);
#1714=ADVANCED_FACE('',(#146),#87,.T.);
#1715=ADVANCED_FACE('',(#147),#88,.T.);
#1716=ADVANCED_FACE('',(#148),#1653,.F.);
#1717=ADVANCED_FACE('',(#149),#1654,.F.);
#1718=ADVANCED_FACE('',(#150),#1655,.F.);
#1719=ADVANCED_FACE('',(#151),#1656,.F.);
#1720=ADVANCED_FACE('',(#152),#89,.F.);
#1721=ADVANCED_FACE('',(#153),#1657,.F.);
#1722=ADVANCED_FACE('',(#154),#90,.F.);
#1723=ADVANCED_FACE('',(#155),#1658,.F.);
#1724=ADVANCED_FACE('',(#156),#1659,.T.);
#1725=ADVANCED_FACE('',(#157,#27,#28,#29,#30,#31,#32,#33,#34,#35,#36,#37,
#38,#39,#40,#41,#42),#91,.F.);
#1726=ADVANCED_FACE('',(#158),#92,.F.);
#1727=ADVANCED_FACE('',(#159),#1660,.F.);
#1728=ADVANCED_FACE('',(#160),#1661,.F.);
#1729=ADVANCED_FACE('',(#161),#93,.F.);
#1730=ADVANCED_FACE('',(#162),#1662,.F.);
#1731=ADVANCED_FACE('',(#163,#43),#94,.F.);
#1732=ADVANCED_FACE('',(#164),#1663,.F.);
#1733=ADVANCED_FACE('',(#165),#1664,.F.);
#1734=ADVANCED_FACE('',(#166),#15,.F.);
#1735=ADVANCED_FACE('',(#167),#95,.T.);
#1736=ADVANCED_FACE('',(#168),#1665,.F.);
#1737=ADVANCED_FACE('',(#169),#96,.T.);
#1738=ADVANCED_FACE('',(#170),#1666,.F.);
#1739=ADVANCED_FACE('',(#171),#1667,.F.);
#1740=ADVANCED_FACE('',(#172),#1668,.F.);
#1741=ADVANCED_FACE('',(#173),#1669,.F.);
#1742=ADVANCED_FACE('',(#174),#1670,.F.);
#1743=ADVANCED_FACE('',(#175),#1671,.F.);
#1744=ADVANCED_FACE('',(#176),#1672,.F.);
#1745=ADVANCED_FACE('',(#177,#44),#97,.T.);
#1746=ADVANCED_FACE('',(#178),#1673,.F.);
#1747=ADVANCED_FACE('',(#179),#1674,.F.);
#1748=ADVANCED_FACE('',(#180,#45),#98,.T.);
#1749=ADVANCED_FACE('',(#181,#46),#1675,.F.);
#1750=ADVANCED_FACE('',(#182),#1676,.F.);
#1751=ADVANCED_FACE('',(#183),#1677,.F.);
#1752=ADVANCED_FACE('',(#184),#99,.T.);
#1753=ADVANCED_FACE('',(#185),#1678,.F.);
#1754=ADVANCED_FACE('',(#186),#100,.T.);
#1755=ADVANCED_FACE('',(#187),#1679,.F.);
#1756=ADVANCED_FACE('',(#188),#101,.T.);
#1757=ADVANCED_FACE('',(#189,#47),#1680,.F.);
#1758=ADVANCED_FACE('',(#190,#48),#102,.F.);
#1759=ADVANCED_FACE('',(#191),#103,.F.);
#1760=ADVANCED_FACE('',(#192),#104,.F.);
#1761=ADVANCED_FACE('',(#193),#105,.F.);
#1762=ADVANCED_FACE('',(#194),#106,.F.);
#1763=ADVANCED_FACE('',(#195,#49,#50),#107,.T.);
#1764=ADVANCED_FACE('',(#196),#1681,.F.);
#1765=ADVANCED_FACE('',(#197),#1682,.F.);
#1766=ADVANCED_FACE('',(#198,#51,#52,#53,#54,#55,#56,#57,#58,#59,#60,#61),
#108,.T.);
#1767=ADVANCED_FACE('',(#199),#1683,.F.);
#1768=ADVANCED_FACE('',(#200),#109,.T.);
#1769=ADVANCED_FACE('',(#201),#1684,.F.);
#1770=ADVANCED_FACE('',(#202,#62),#1685,.F.);
#1771=ADVANCED_FACE('',(#203,#63),#110,.T.);
#1772=ADVANCED_FACE('',(#204),#111,.T.);
#1773=ADVANCED_FACE('',(#205,#64,#65,#66),#112,.T.);
#1774=ADVANCED_FACE('',(#206),#113,.T.);
#1775=ADVANCED_FACE('',(#207,#67),#114,.T.);
#1776=ADVANCED_FACE('',(#208),#115,.T.);
#1777=ADVANCED_FACE('',(#209),#116,.T.);
#1778=ADVANCED_FACE('',(#210,#68,#69),#117,.T.);
#1779=CLOSED_SHELL('',(#1686,#1687,#1688,#1689,#1690,#1691,#1692,#1693,
#1694,#1695,#1696,#1697,#1698,#1699,#1700,#1701,#1702,#1703,#1704,#1705,
#1706,#1707,#1708,#1709,#1710,#1711,#1712,#1713,#1714,#1715,#1716,#1717,
#1718,#1719,#1720,#1721,#1722,#1723,#1724,#1725,#1726,#1727,#1728,#1729,
#1730,#1731,#1732,#1733,#1734,#1735,#1736,#1737,#1738,#1739,#1740,#1741,
#1742,#1743,#1744,#1745,#1746,#1747,#1748,#1749,#1750,#1751,#1752,#1753,
#1754,#1755,#1756,#1757,#1758,#1759,#1760,#1761,#1762,#1763,#1764,#1765,
#1766,#1767,#1768,#1769,#1770,#1771,#1772,#1773,#1774,#1775,#1776,#1777,
#1778));
#1780=DERIVED_UNIT_ELEMENT(#1783,1.);
#1781=DERIVED_UNIT_ELEMENT(#3180,-3.);
#1782=DIMENSIONAL_EXPONENTS(0.,1.,0.,0.,0.,0.,0.);
#1783=(
CONVERSION_BASED_UNIT('gram',#1785)
MASS_UNIT()
NAMED_UNIT(#1782)
);
#1784=(
MASS_UNIT()
NAMED_UNIT(*)
SI_UNIT(.KILO.,.GRAM.)
);
#1785=MASS_MEASURE_WITH_UNIT(MASS_MEASURE(0.001),#1784);
#1786=DERIVED_UNIT((#1780,#1781));
#1787=MEASURE_REPRESENTATION_ITEM('density measure',
POSITIVE_RATIO_MEASURE(7.85),#1786);
#1788=PROPERTY_DEFINITION_REPRESENTATION(#1793,#1790);
#1789=PROPERTY_DEFINITION_REPRESENTATION(#1794,#1791);
#1790=REPRESENTATION('material name',(#1792),#3177);
#1791=REPRESENTATION('density',(#1787),#3177);
#1792=DESCRIPTIVE_REPRESENTATION_ITEM('Steel','Steel');
#1793=PROPERTY_DEFINITION('material property','material name',#3187);
#1794=PROPERTY_DEFINITION('material property','density of part',#3187);
#1795=DATE_TIME_ROLE('creation_date');
#1796=APPLIED_DATE_AND_TIME_ASSIGNMENT(#1797,#1795,(#3187));
#1797=DATE_AND_TIME(#1798,#1799);
#1798=CALENDAR_DATE(2026,14,4);
#1799=LOCAL_TIME(0,0,0.,#1800);
#1800=COORDINATED_UNIVERSAL_TIME_OFFSET(0,0,.BEHIND.);
#1801=AXIS2_PLACEMENT_3D('',#2548,#2006,#2007);
#1802=AXIS2_PLACEMENT_3D('',#2549,#2008,#2009);
#1803=AXIS2_PLACEMENT_3D('',#2551,#2010,#2011);
#1804=AXIS2_PLACEMENT_3D('',#2554,#2013,#2014);
#1805=AXIS2_PLACEMENT_3D('',#2555,#2015,#2016);
#1806=AXIS2_PLACEMENT_3D('',#2556,#2017,#2018);
#1807=AXIS2_PLACEMENT_3D('',#2558,#2019,#2020);
#1808=AXIS2_PLACEMENT_3D('',#2561,#2022,#2023);
#1809=AXIS2_PLACEMENT_3D('',#2562,#2024,#2025);
#1810=AXIS2_PLACEMENT_3D('',#2563,#2026,#2027);
#1811=AXIS2_PLACEMENT_3D('',#2572,#2032,#2033);
#1812=AXIS2_PLACEMENT_3D('',#2581,#2038,#2039);
#1813=AXIS2_PLACEMENT_3D('',#2590,#2044,#2045);
#1814=AXIS2_PLACEMENT_3D('',#2599,#2050,#2051);
#1815=AXIS2_PLACEMENT_3D('',#2608,#2056,#2057);
#1816=AXIS2_PLACEMENT_3D('',#2617,#2062,#2063);
#1817=AXIS2_PLACEMENT_3D('',#2626,#2068,#2069);
#1818=AXIS2_PLACEMENT_3D('',#2635,#2074,#2075);
#1819=AXIS2_PLACEMENT_3D('',#2637,#2076,#2077);
#1820=AXIS2_PLACEMENT_3D('',#2639,#2078,#2079);
#1821=AXIS2_PLACEMENT_3D('',#2641,#2080,#2081);
#1822=AXIS2_PLACEMENT_3D('',#2643,#2082,#2083);
#1823=AXIS2_PLACEMENT_3D('',#2644,#2084,#2085);
#1824=AXIS2_PLACEMENT_3D('',#2645,#2086,#2087);
#1825=AXIS2_PLACEMENT_3D('',#2646,#2088,#2089);
#1826=AXIS2_PLACEMENT_3D('',#2648,#2090,#2091);
#1827=AXIS2_PLACEMENT_3D('',#2650,#2092,#2093);
#1828=AXIS2_PLACEMENT_3D('',#2651,#2094,#2095);
#1829=AXIS2_PLACEMENT_3D('',#2652,#2096,#2097);
#1830=AXIS2_PLACEMENT_3D('',#2653,#2098,#2099);
#1831=AXIS2_PLACEMENT_3D('',#2654,#2100,#2101);
#1832=AXIS2_PLACEMENT_3D('',#2655,#2102,#2103);
#1833=AXIS2_PLACEMENT_3D('',#2656,#2104,#2105);
#1834=AXIS2_PLACEMENT_3D('',#2657,#2106,#2107);
#1835=AXIS2_PLACEMENT_3D('',#2658,#2108,#2109);
#1836=AXIS2_PLACEMENT_3D('',#2660,#2110,#2111);
#1837=AXIS2_PLACEMENT_3D('',#2663,#2113,#2114);
#1838=AXIS2_PLACEMENT_3D('',#2664,#2115,#2116);
#1839=AXIS2_PLACEMENT_3D('',#2665,#2117,#2118);
#1840=AXIS2_PLACEMENT_3D('',#2666,#2119,#2120);
#1841=AXIS2_PLACEMENT_3D('',#2668,#2121,#2122);
#1842=AXIS2_PLACEMENT_3D('',#2669,#2123,#2124);
#1843=AXIS2_PLACEMENT_3D('',#2670,#2125,#2126);
#1844=AXIS2_PLACEMENT_3D('',#2671,#2127,#2128);
#1845=AXIS2_PLACEMENT_3D('',#2674,#2130,#2131);
#1846=AXIS2_PLACEMENT_3D('',#2675,#2132,#2133);
#1847=AXIS2_PLACEMENT_3D('',#2676,#2134,#2135);
#1848=AXIS2_PLACEMENT_3D('',#2678,#2136,#2137);
#1849=AXIS2_PLACEMENT_3D('',#2679,#2138,#2139);
#1850=AXIS2_PLACEMENT_3D('',#2680,#2140,#2141);
#1851=AXIS2_PLACEMENT_3D('',#2681,#2142,#2143);
#1852=AXIS2_PLACEMENT_3D('',#2684,#2145,#2146);
#1853=AXIS2_PLACEMENT_3D('',#2685,#2147,#2148);
#1854=AXIS2_PLACEMENT_3D('',#2686,#2149,#2150);
#1855=AXIS2_PLACEMENT_3D('',#2688,#2151,#2152);
#1856=AXIS2_PLACEMENT_3D('',#2689,#2153,#2154);
#1857=AXIS2_PLACEMENT_3D('',#2690,#2155,#2156);
#1858=AXIS2_PLACEMENT_3D('',#2691,#2157,#2158);
#1859=AXIS2_PLACEMENT_3D('',#2694,#2160,#2161);
#1860=AXIS2_PLACEMENT_3D('',#2695,#2162,#2163);
#1861=AXIS2_PLACEMENT_3D('',#2696,#2164,#2165);
#1862=AXIS2_PLACEMENT_3D('',#2698,#2166,#2167);
#1863=AXIS2_PLACEMENT_3D('',#2699,#2168,#2169);
#1864=AXIS2_PLACEMENT_3D('',#2700,#2170,#2171);
#1865=AXIS2_PLACEMENT_3D('',#2701,#2172,#2173);
#1866=AXIS2_PLACEMENT_3D('',#2704,#2175,#2176);
#1867=AXIS2_PLACEMENT_3D('',#2705,#2177,#2178);
#1868=AXIS2_PLACEMENT_3D('',#2706,#2179,#2180);
#1869=AXIS2_PLACEMENT_3D('',#2707,#2181,#2182);
#1870=AXIS2_PLACEMENT_3D('',#2708,#2183,#2184);
#1871=AXIS2_PLACEMENT_3D('',#2709,#2185,#2186);
#1872=AXIS2_PLACEMENT_3D('',#2713,#2188,#2189);
#1873=AXIS2_PLACEMENT_3D('',#2714,#2190,#2191);
#1874=AXIS2_PLACEMENT_3D('',#2716,#2192,#2193);
#1875=AXIS2_PLACEMENT_3D('',#2766,#2195,#2196);
#1876=AXIS2_PLACEMENT_3D('',#2768,#2197,#2198);
#1877=AXIS2_PLACEMENT_3D('',#2771,#2200,#2201);
#1878=AXIS2_PLACEMENT_3D('',#2772,#2202,#2203);
#1879=AXIS2_PLACEMENT_3D('',#2774,#2204,#2205);
#1880=AXIS2_PLACEMENT_3D('',#2777,#2207,#2208);
#1881=AXIS2_PLACEMENT_3D('',#2778,#2209,#2210);
#1882=AXIS2_PLACEMENT_3D('',#2781,#2211,#2212);
#1883=AXIS2_PLACEMENT_3D('',#2785,#2214,#2215);
#1884=AXIS2_PLACEMENT_3D('',#2787,#2217,#2218);
#1885=AXIS2_PLACEMENT_3D('',#2793,#2222,#2223);
#1886=AXIS2_PLACEMENT_3D('',#2796,#2224,#2225);
#1887=AXIS2_PLACEMENT_3D('',#2800,#2227,#2228);
#1888=AXIS2_PLACEMENT_3D('',#2802,#2230,#2231);
#1889=AXIS2_PLACEMENT_3D('',#2804,#2232,#2233);
#1890=AXIS2_PLACEMENT_3D('',#2806,#2234,#2235);
#1891=AXIS2_PLACEMENT_3D('',#2808,#2236,#2237);
#1892=AXIS2_PLACEMENT_3D('',#2810,#2238,#2239);
#1893=AXIS2_PLACEMENT_3D('',#2814,#2241,#2242);
#1894=AXIS2_PLACEMENT_3D('',#2818,#2244,#2245);
#1895=AXIS2_PLACEMENT_3D('',#2824,#2249,#2250);
#1896=AXIS2_PLACEMENT_3D('',#2826,#2251,#2252);
#1897=AXIS2_PLACEMENT_3D('',#2828,#2254,#2255);
#1898=AXIS2_PLACEMENT_3D('',#2831,#2256,#2257);
#1899=AXIS2_PLACEMENT_3D('',#2834,#2260,#2261);
#1900=AXIS2_PLACEMENT_3D('',#2838,#2263,#2264);
#1901=AXIS2_PLACEMENT_3D('',#2842,#2266,#2267);
#1902=AXIS2_PLACEMENT_3D('',#2844,#2268,#2269);
#1903=AXIS2_PLACEMENT_3D('',#2846,#2270,#2271);
#1904=AXIS2_PLACEMENT_3D('',#2847,#2272,#2273);
#1905=AXIS2_PLACEMENT_3D('',#2883,#2290,#2291);
#1906=AXIS2_PLACEMENT_3D('',#2885,#2292,#2293);
#1907=AXIS2_PLACEMENT_3D('',#2887,#2294,#2295);
#1908=AXIS2_PLACEMENT_3D('',#2889,#2296,#2297);
#1909=AXIS2_PLACEMENT_3D('',#2891,#2298,#2299);
#1910=AXIS2_PLACEMENT_3D('',#2893,#2300,#2301);
#1911=AXIS2_PLACEMENT_3D('',#2895,#2302,#2303);
#1912=AXIS2_PLACEMENT_3D('',#2897,#2304,#2305);
#1913=AXIS2_PLACEMENT_3D('',#2899,#2306,#2307);
#1914=AXIS2_PLACEMENT_3D('',#2900,#2308,#2309);
#1915=AXIS2_PLACEMENT_3D('',#2902,#2311,#2312);
#1916=AXIS2_PLACEMENT_3D('',#2904,#2314,#2315);
#1917=AXIS2_PLACEMENT_3D('',#2907,#2318,#2319);
#1918=AXIS2_PLACEMENT_3D('',#2908,#2320,#2321);
#1919=AXIS2_PLACEMENT_3D('',#2910,#2322,#2323);
#1920=AXIS2_PLACEMENT_3D('',#2912,#2325,#2326);
#1921=AXIS2_PLACEMENT_3D('',#2914,#2327,#2328);
#1922=AXIS2_PLACEMENT_3D('',#2915,#2329,#2330);
#1923=AXIS2_PLACEMENT_3D('',#2917,#2331,#2332);
#1924=AXIS2_PLACEMENT_3D('',#2957,#2334,#2335);
#1925=AXIS2_PLACEMENT_3D('',#2959,#2336,#2337);
#1926=AXIS2_PLACEMENT_3D('',#3001,#2339,#2340);
#1927=AXIS2_PLACEMENT_3D('',#3002,#2341,#2342);
#1928=AXIS2_PLACEMENT_3D('',#3003,#2343,#2344);
#1929=AXIS2_PLACEMENT_3D('',#3009,#2348,#2349);
#1930=AXIS2_PLACEMENT_3D('',#3011,#2350,#2351);
#1931=AXIS2_PLACEMENT_3D('',#3014,#2353,#2354);
#1932=AXIS2_PLACEMENT_3D('',#3015,#2355,#2356);
#1933=AXIS2_PLACEMENT_3D('',#3016,#2357,#2358);
#1934=AXIS2_PLACEMENT_3D('',#3018,#2359,#2360);
#1935=AXIS2_PLACEMENT_3D('',#3020,#2362,#2363);
#1936=AXIS2_PLACEMENT_3D('',#3022,#2364,#2365);
#1937=AXIS2_PLACEMENT_3D('',#3024,#2367,#2368);
#1938=AXIS2_PLACEMENT_3D('',#3026,#2369,#2370);
#1939=AXIS2_PLACEMENT_3D('',#3029,#2373,#2374);
#1940=AXIS2_PLACEMENT_3D('',#3031,#2375,#2376);
#1941=AXIS2_PLACEMENT_3D('',#3034,#2378,#2379);
#1942=AXIS2_PLACEMENT_3D('',#3035,#2380,#2381);
#1943=AXIS2_PLACEMENT_3D('',#3037,#2382,#2383);
#1944=AXIS2_PLACEMENT_3D('',#3039,#2385,#2386);
#1945=AXIS2_PLACEMENT_3D('',#3041,#2387,#2388);
#1946=AXIS2_PLACEMENT_3D('',#3043,#2390,#2391);
#1947=AXIS2_PLACEMENT_3D('',#3044,#2392,#2393);
#1948=AXIS2_PLACEMENT_3D('',#3046,#2394,#2395);
#1949=AXIS2_PLACEMENT_3D('',#3048,#2396,#2397);
#1950=AXIS2_PLACEMENT_3D('',#3049,#2398,#2399);
#1951=AXIS2_PLACEMENT_3D('',#3051,#2400,#2401);
#1952=AXIS2_PLACEMENT_3D('',#3053,#2403,#2404);
#1953=AXIS2_PLACEMENT_3D('',#3055,#2406,#2407);
#1954=AXIS2_PLACEMENT_3D('',#3057,#2408,#2409);
#1955=AXIS2_PLACEMENT_3D('',#3059,#2410,#2411);
#1956=AXIS2_PLACEMENT_3D('',#3060,#2412,#2413);
#1957=AXIS2_PLACEMENT_3D('',#3062,#2414,#2415);
#1958=AXIS2_PLACEMENT_3D('',#3064,#2417,#2418);
#1959=AXIS2_PLACEMENT_3D('',#3066,#2420,#2421);
#1960=AXIS2_PLACEMENT_3D('',#3068,#2422,#2423);
#1961=AXIS2_PLACEMENT_3D('',#3071,#2425,#2426);
#1962=AXIS2_PLACEMENT_3D('',#3072,#2427,#2428);
#1963=AXIS2_PLACEMENT_3D('',#3073,#2429,#2430);
#1964=AXIS2_PLACEMENT_3D('',#3075,#2431,#2432);
#1965=AXIS2_PLACEMENT_3D('',#3078,#2434,#2435);
#1966=AXIS2_PLACEMENT_3D('',#3079,#2436,#2437);
#1967=AXIS2_PLACEMENT_3D('',#3080,#2438,#2439);
#1968=AXIS2_PLACEMENT_3D('',#3082,#2440,#2441);
#1969=AXIS2_PLACEMENT_3D('',#3085,#2443,#2444);
#1970=AXIS2_PLACEMENT_3D('',#3086,#2445,#2446);
#1971=AXIS2_PLACEMENT_3D('',#3087,#2447,#2448);
#1972=AXIS2_PLACEMENT_3D('',#3090,#2450,#2451);
#1973=AXIS2_PLACEMENT_3D('',#3091,#2452,#2453);
#1974=AXIS2_PLACEMENT_3D('',#3092,#2454,#2455);
#1975=AXIS2_PLACEMENT_3D('',#3094,#2457,#2458);
#1976=AXIS2_PLACEMENT_3D('',#3096,#2460,#2461);
#1977=AXIS2_PLACEMENT_3D('',#3100,#2464,#2465);
#1978=AXIS2_PLACEMENT_3D('',#3102,#2467,#2468);
#1979=AXIS2_PLACEMENT_3D('',#3108,#2472,#2473);
#1980=AXIS2_PLACEMENT_3D('',#3111,#2474,#2475);
#1981=AXIS2_PLACEMENT_3D('',#3115,#2477,#2478);
#1982=AXIS2_PLACEMENT_3D('',#3117,#2480,#2481);
#1983=AXIS2_PLACEMENT_3D('',#3120,#2482,#2483);
#1984=AXIS2_PLACEMENT_3D('',#3124,#2485,#2486);
#1985=AXIS2_PLACEMENT_3D('',#3126,#2488,#2489);
#1986=AXIS2_PLACEMENT_3D('',#3141,#2498,#2499);
#1987=AXIS2_PLACEMENT_3D('',#3143,#2500,#2501);
#1988=AXIS2_PLACEMENT_3D('',#3144,#2502,#2503);
#1989=AXIS2_PLACEMENT_3D('',#3145,#2504,#2505);
#1990=AXIS2_PLACEMENT_3D('',#3147,#2506,#2507);
#1991=AXIS2_PLACEMENT_3D('',#3151,#2510,#2511);
#1992=AXIS2_PLACEMENT_3D('',#3152,#2512,#2513);
#1993=AXIS2_PLACEMENT_3D('',#3153,#2514,#2515);
#1994=AXIS2_PLACEMENT_3D('',#3155,#2516,#2517);
#1995=AXIS2_PLACEMENT_3D('',#3156,#2518,#2519);
#1996=AXIS2_PLACEMENT_3D('',#3157,#2520,#2521);
#1997=AXIS2_PLACEMENT_3D('',#3159,#2523,#2524);
#1998=AXIS2_PLACEMENT_3D('',#3161,#2526,#2527);
#1999=AXIS2_PLACEMENT_3D('',#3164,#2530,#2531);
#2000=AXIS2_PLACEMENT_3D('',#3165,#2532,#2533);
#2001=AXIS2_PLACEMENT_3D('',#3166,#2534,#2535);
#2002=AXIS2_PLACEMENT_3D('',#3168,#2537,#2538);
#2003=AXIS2_PLACEMENT_3D('',#3170,#2540,#2541);
#2004=AXIS2_PLACEMENT_3D('',#3172,#2543,#2544);
#2005=AXIS2_PLACEMENT_3D('',#3174,#2546,#2547);
#2006=DIRECTION('axis',(0.,0.,1.));
#2007=DIRECTION('refdir',(1.,0.,0.));
#2008=DIRECTION('center_axis',(0.,1.,0.));
#2009=DIRECTION('ref_axis',(1.,0.,0.));
#2010=DIRECTION('center_axis',(0.,-1.,0.));
#2011=DIRECTION('ref_axis',(1.,0.,0.));
#2012=DIRECTION('',(0.,-1.,0.));
#2013=DIRECTION('center_axis',(0.,1.,0.));
#2014=DIRECTION('ref_axis',(1.,0.,0.));
#2015=DIRECTION('center_axis',(0.,1.,0.));
#2016=DIRECTION('ref_axis',(1.,0.,0.));
#2017=DIRECTION('center_axis',(0.,1.,0.));
#2018=DIRECTION('ref_axis',(1.,0.,0.));
#2019=DIRECTION('center_axis',(0.,-1.,0.));
#2020=DIRECTION('ref_axis',(1.,0.,0.));
#2021=DIRECTION('',(0.,-1.,0.));
#2022=DIRECTION('center_axis',(0.,1.,0.));
#2023=DIRECTION('ref_axis',(1.,0.,0.));
#2024=DIRECTION('center_axis',(0.,1.,0.));
#2025=DIRECTION('ref_axis',(1.,0.,0.));
#2026=DIRECTION('center_axis',(-0.830849476624148,0.556497212206296,0.));
#2027=DIRECTION('ref_axis',(0.556497212206296,0.830849476624148,0.));
#2028=DIRECTION('',(-0.556497212206296,-0.830849476624148,0.));
#2029=DIRECTION('',(0.,0.,-1.));
#2030=DIRECTION('',(0.556497212206296,0.830849476624148,0.));
#2031=DIRECTION('',(0.,0.,1.));
#2032=DIRECTION('center_axis',(0.29643585740768,-0.955052764219325,0.));
#2033=DIRECTION('ref_axis',(-0.955052764219325,-0.29643585740768,0.));
#2034=DIRECTION('',(0.955052764219325,0.29643585740768,0.));
#2035=DIRECTION('',(0.,0.,-1.));
#2036=DIRECTION('',(-0.955052764219325,-0.29643585740768,0.));
#2037=DIRECTION('',(0.,0.,-1.));
#2038=DIRECTION('center_axis',(-0.249163636596113,-0.968461399436343,0.));
#2039=DIRECTION('ref_axis',(-0.968461399436343,0.249163636596113,0.));
#2040=DIRECTION('',(0.968461399436343,-0.249163636596113,0.));
#2041=DIRECTION('',(0.,0.,-1.));
#2042=DIRECTION('',(-0.968461399436343,0.249163636596113,0.));
#2043=DIRECTION('',(0.,0.,1.));
#2044=DIRECTION('center_axis',(0.802510048782625,0.596638602172964,0.));
#2045=DIRECTION('ref_axis',(0.596638602172964,-0.802510048782625,0.));
#2046=DIRECTION('',(-0.596638602172964,0.802510048782625,0.));
#2047=DIRECTION('',(0.,0.,-1.));
#2048=DIRECTION('',(0.596638602172964,-0.802510048782625,0.));
#2049=DIRECTION('',(0.,0.,-1.));
#2050=DIRECTION('center_axis',(-0.48075008114453,0.876857662040726,0.));
#2051=DIRECTION('ref_axis',(0.876857662040726,0.48075008114453,0.));
#2052=DIRECTION('',(-0.876857662040726,-0.48075008114453,0.));
#2053=DIRECTION('',(0.,0.,-1.));
#2054=DIRECTION('',(0.876857662040726,0.48075008114453,0.));
#2055=DIRECTION('',(0.,0.,-1.));
#2056=DIRECTION('center_axis',(0.925056284414083,-0.379830054979869,0.));
#2057=DIRECTION('ref_axis',(-0.379830054979869,-0.925056284414083,0.));
#2058=DIRECTION('',(0.379830054979869,0.925056284414083,0.));
#2059=DIRECTION('',(0.,0.,-1.));
#2060=DIRECTION('',(-0.379830054979869,-0.925056284414083,0.));
#2061=DIRECTION('',(0.,0.,1.));
#2062=DIRECTION('center_axis',(0.268404632207081,0.963306261481665,0.));
#2063=DIRECTION('ref_axis',(0.963306261481665,-0.268404632207081,0.));
#2064=DIRECTION('',(-0.963306261481665,0.268404632207081,0.));
#2065=DIRECTION('',(0.,0.,-1.));
#2066=DIRECTION('',(0.963306261481665,-0.268404632207081,0.));
#2067=DIRECTION('',(0.,0.,1.));
#2068=DIRECTION('center_axis',(-0.814235060474973,-0.580535327343063,0.));
#2069=DIRECTION('ref_axis',(-0.580535327343063,0.814235060474973,0.));
#2070=DIRECTION('',(0.580535327343063,-0.814235060474973,0.));
#2071=DIRECTION('',(0.,0.,-1.));
#2072=DIRECTION('',(-0.580535327343063,0.814235060474973,0.));
#2073=DIRECTION('',(0.,0.,-1.));
#2074=DIRECTION('center_axis',(0.,0.,1.));
#2075=DIRECTION('ref_axis',(1.,0.,0.));
#2076=DIRECTION('center_axis',(0.,0.,-1.));
#2077=DIRECTION('ref_axis',(1.,0.,0.));
#2078=DIRECTION('center_axis',(0.,0.,1.));
#2079=DIRECTION('ref_axis',(-1.,0.,0.));
#2080=DIRECTION('center_axis',(0.,0.,-1.));
#2081=DIRECTION('ref_axis',(-1.,0.,0.));
#2082=DIRECTION('center_axis',(0.,0.,1.));
#2083=DIRECTION('ref_axis',(-1.,0.,0.));
#2084=DIRECTION('center_axis',(0.,0.,-1.));
#2085=DIRECTION('ref_axis',(1.,0.,0.));
#2086=DIRECTION('center_axis',(0.,0.,-1.));
#2087=DIRECTION('ref_axis',(-1.,0.,0.));
#2088=DIRECTION('center_axis',(0.,0.,1.));
#2089=DIRECTION('ref_axis',(1.,0.,0.));
#2090=DIRECTION('center_axis',(0.,0.,-1.));
#2091=DIRECTION('ref_axis',(1.,0.,0.));
#2092=DIRECTION('center_axis',(0.,0.,1.));
#2093=DIRECTION('ref_axis',(-1.,0.,0.));
#2094=DIRECTION('center_axis',(0.,0.,-1.));
#2095=DIRECTION('ref_axis',(1.,0.,0.));
#2096=DIRECTION('center_axis',(0.,0.,-1.));
#2097=DIRECTION('ref_axis',(-1.,0.,0.));
#2098=DIRECTION('center_axis',(0.,0.,1.));
#2099=DIRECTION('ref_axis',(-1.,0.,0.));
#2100=DIRECTION('center_axis',(0.,0.,1.));
#2101=DIRECTION('ref_axis',(-1.,0.,0.));
#2102=DIRECTION('center_axis',(0.,0.,1.));
#2103=DIRECTION('ref_axis',(-1.,0.,0.));
#2104=DIRECTION('center_axis',(0.,0.,-1.));
#2105=DIRECTION('ref_axis',(-1.,0.,0.));
#2106=DIRECTION('center_axis',(0.,0.,1.));
#2107=DIRECTION('ref_axis',(-1.,0.,0.));
#2108=DIRECTION('center_axis',(0.,0.,1.));
#2109=DIRECTION('ref_axis',(-1.,0.,0.));
#2110=DIRECTION('center_axis',(0.,0.,-1.));
#2111=DIRECTION('ref_axis',(-1.,0.,0.));
#2112=DIRECTION('',(0.,0.,-1.));
#2113=DIRECTION('center_axis',(0.,0.,-1.));
#2114=DIRECTION('ref_axis',(-1.,0.,0.));
#2115=DIRECTION('center_axis',(0.,0.,-1.));
#2116=DIRECTION('ref_axis',(-1.,0.,0.));
#2117=DIRECTION('center_axis',(0.,0.,1.));
#2118=DIRECTION('ref_axis',(1.,0.,0.));
#2119=DIRECTION('center_axis',(0.,0.,1.));
#2120=DIRECTION('ref_axis',(1.,0.,0.));
#2121=DIRECTION('center_axis',(0.,0.,1.));
#2122=DIRECTION('ref_axis',(1.,0.,0.));
#2123=DIRECTION('center_axis',(0.,0.,1.));
#2124=DIRECTION('ref_axis',(-0.830019618279764,0.557734195895065,0.));
#2125=DIRECTION('center_axis',(0.,0.,-1.));
#2126=DIRECTION('ref_axis',(1.,0.,0.));
#2127=DIRECTION('center_axis',(0.,0.,1.));
#2128=DIRECTION('ref_axis',(1.,0.,0.));
#2129=DIRECTION('',(0.,0.,-1.));
#2130=DIRECTION('center_axis',(0.,0.,1.));
#2131=DIRECTION('ref_axis',(1.,0.,0.));
#2132=DIRECTION('center_axis',(0.,0.,1.));
#2133=DIRECTION('ref_axis',(1.,0.,0.));
#2134=DIRECTION('center_axis',(0.,0.,1.));
#2135=DIRECTION('ref_axis',(1.,0.,0.));
#2136=DIRECTION('center_axis',(0.,0.,1.));
#2137=DIRECTION('ref_axis',(1.,0.,0.));
#2138=DIRECTION('center_axis',(0.,0.,1.));
#2139=DIRECTION('ref_axis',(-0.666459304904328,-0.745541410591283,0.));
#2140=DIRECTION('center_axis',(0.,0.,-1.));
#2141=DIRECTION('ref_axis',(1.,0.,0.));
#2142=DIRECTION('center_axis',(0.,0.,1.));
#2143=DIRECTION('ref_axis',(1.,0.,0.));
#2144=DIRECTION('',(0.,0.,-1.));
#2145=DIRECTION('center_axis',(0.,0.,1.));
#2146=DIRECTION('ref_axis',(1.,0.,0.));
#2147=DIRECTION('center_axis',(0.,0.,1.));
#2148=DIRECTION('ref_axis',(1.,0.,0.));
#2149=DIRECTION('center_axis',(0.,0.,1.));
#2150=DIRECTION('ref_axis',(1.,0.,0.));
#2151=DIRECTION('center_axis',(0.,0.,1.));
#2152=DIRECTION('ref_axis',(1.,0.,0.));
#2153=DIRECTION('center_axis',(0.,0.,1.));
#2154=DIRECTION('ref_axis',(1.,0.,0.));
#2155=DIRECTION('center_axis',(0.,0.,-1.));
#2156=DIRECTION('ref_axis',(1.,0.,0.));
#2157=DIRECTION('center_axis',(0.,0.,1.));
#2158=DIRECTION('ref_axis',(1.,0.,0.));
#2159=DIRECTION('',(0.,0.,-1.));
#2160=DIRECTION('center_axis',(0.,0.,1.));
#2161=DIRECTION('ref_axis',(1.,0.,0.));
#2162=DIRECTION('center_axis',(0.,0.,1.));
#2163=DIRECTION('ref_axis',(1.,0.,0.));
#2164=DIRECTION('center_axis',(0.,0.,1.));
#2165=DIRECTION('ref_axis',(1.,0.,0.));
#2166=DIRECTION('center_axis',(0.,0.,1.));
#2167=DIRECTION('ref_axis',(1.,0.,0.));
#2168=DIRECTION('center_axis',(0.,0.,1.));
#2169=DIRECTION('ref_axis',(1.,0.,0.));
#2170=DIRECTION('center_axis',(0.,0.,-1.));
#2171=DIRECTION('ref_axis',(1.,0.,0.));
#2172=DIRECTION('center_axis',(0.,0.,1.));
#2173=DIRECTION('ref_axis',(1.,0.,0.));
#2174=DIRECTION('',(0.,0.,-1.));
#2175=DIRECTION('center_axis',(0.,0.,1.));
#2176=DIRECTION('ref_axis',(1.,0.,0.));
#2177=DIRECTION('center_axis',(0.,0.,1.));
#2178=DIRECTION('ref_axis',(1.,0.,0.));
#2179=DIRECTION('center_axis',(0.,0.,1.));
#2180=DIRECTION('ref_axis',(-1.,0.,0.));
#2181=DIRECTION('center_axis',(0.,0.,1.));
#2182=DIRECTION('ref_axis',(1.,0.,0.));
#2183=DIRECTION('center_axis',(0.,0.,1.));
#2184=DIRECTION('ref_axis',(-1.,0.,0.));
#2185=DIRECTION('center_axis',(-1.,-4.16333634233696E-16,0.));
#2186=DIRECTION('ref_axis',(0.,0.,1.));
#2187=DIRECTION('',(3.87864342429058E-15,-6.81814076657359E-16,1.));
#2188=DIRECTION('center_axis',(-1.,-4.16333634233696E-16,0.));
#2189=DIRECTION('ref_axis',(0.,0.,1.));
#2190=DIRECTION('center_axis',(-1.,-4.16333634233696E-16,0.));
#2191=DIRECTION('ref_axis',(0.,0.,1.));
#2192=DIRECTION('center_axis',(1.,4.16333634233696E-16,0.));
#2193=DIRECTION('ref_axis',(0.,0.,1.));
#2194=DIRECTION('',(1.,4.16333634233696E-16,0.));
#2195=DIRECTION('center_axis',(3.87864342429058E-15,-6.81814076657359E-16,
1.));
#2196=DIRECTION('ref_axis',(1.,1.16492379408663E-16,-3.87864342429058E-15));
#2197=DIRECTION('center_axis',(-3.87864342429058E-15,6.81814076657359E-16,
-1.));
#2198=DIRECTION('ref_axis',(1.,1.16492379408663E-16,-3.87864342429058E-15));
#2199=DIRECTION('',(-3.87864342429058E-15,6.81814076657359E-16,-1.));
#2200=DIRECTION('center_axis',(0.,0.,1.));
#2201=DIRECTION('ref_axis',(1.,1.16492379408663E-16,-3.87864342429058E-15));
#2202=DIRECTION('center_axis',(3.87864342429058E-15,-6.81814076657359E-16,
1.));
#2203=DIRECTION('ref_axis',(1.,1.16492379408663E-16,-3.87864342429058E-15));
#2204=DIRECTION('center_axis',(-3.87864342429058E-15,6.81814076657359E-16,
-1.));
#2205=DIRECTION('ref_axis',(1.,1.16492379408663E-16,-3.87864342429058E-15));
#2206=DIRECTION('',(-3.87864342429058E-15,6.81814076657359E-16,-1.));
#2207=DIRECTION('center_axis',(0.,0.,1.));
#2208=DIRECTION('ref_axis',(1.,1.16492379408663E-16,-3.87864342429058E-15));
#2209=DIRECTION('center_axis',(0.,0.,1.));
#2210=DIRECTION('ref_axis',(-0.965925826289063,0.258819045102539,0.));
#2211=DIRECTION('center_axis',(0.,0.,-1.));
#2212=DIRECTION('ref_axis',(-0.965925826289063,0.258819045102539,0.));
#2213=DIRECTION('',(0.,0.,-1.));
#2214=DIRECTION('center_axis',(0.,0.,-1.));
#2215=DIRECTION('ref_axis',(-0.965925826289063,0.258819045102539,0.));
#2216=DIRECTION('',(0.,0.,1.));
#2217=DIRECTION('center_axis',(-0.499999999999982,0.866025403784449,0.));
#2218=DIRECTION('ref_axis',(-0.866025403784449,-0.499999999999982,0.));
#2219=DIRECTION('',(-0.866025403784449,-0.499999999999982,0.));
#2220=DIRECTION('',(0.,0.,-1.));
#2221=DIRECTION('',(-0.866025403784449,-0.499999999999982,0.));
#2222=DIRECTION('center_axis',(0.,0.,1.));
#2223=DIRECTION('ref_axis',(-0.433667472140977,-0.901072984617148,0.));
#2224=DIRECTION('center_axis',(0.,0.,-1.));
#2225=DIRECTION('ref_axis',(-0.433667472140977,-0.901072984617148,0.));
#2226=DIRECTION('',(0.,0.,-1.));
#2227=DIRECTION('center_axis',(0.,0.,-1.));
#2228=DIRECTION('ref_axis',(-0.433667472140977,-0.901072984617148,0.));
#2229=DIRECTION('',(0.,0.,1.));
#2230=DIRECTION('center_axis',(0.,0.,1.));
#2231=DIRECTION('ref_axis',(1.,0.,0.));
#2232=DIRECTION('center_axis',(0.,0.,1.));
#2233=DIRECTION('ref_axis',(-0.943638910598248,-0.330976746018435,0.));
#2234=DIRECTION('center_axis',(0.,0.,1.));
#2235=DIRECTION('ref_axis',(1.,1.16492379408663E-16,-3.87864342429058E-15));
#2236=DIRECTION('center_axis',(0.,0.,1.));
#2237=DIRECTION('ref_axis',(-0.943638910598248,-0.330976746018435,0.));
#2238=DIRECTION('center_axis',(0.,0.,-1.));
#2239=DIRECTION('ref_axis',(-0.948622003331183,0.316411590805288,0.));
#2240=DIRECTION('',(-0.866025403784448,-0.499999999999984,0.));
#2241=DIRECTION('center_axis',(0.,0.,-1.));
#2242=DIRECTION('ref_axis',(0.258819045102541,0.965925826289063,0.));
#2243=DIRECTION('',(-0.499999999999982,0.866025403784449,0.));
#2244=DIRECTION('center_axis',(0.,0.,1.));
#2245=DIRECTION('ref_axis',(-0.500000000000012,-0.866025403784432,0.));
#2246=DIRECTION('',(-1.,-1.21356659651129E-15,0.));
#2247=DIRECTION('',(-4.72169306319462E-16,1.,0.));
#2248=DIRECTION('',(1.,4.76512929515006E-16,0.));
#2249=DIRECTION('center_axis',(0.,0.,1.));
#2250=DIRECTION('ref_axis',(-0.943638910598248,-0.330976746018435,0.));
#2251=DIRECTION('center_axis',(0.,0.,1.));
#2252=DIRECTION('ref_axis',(-0.943638910598248,-0.330976746018435,0.));
#2253=DIRECTION('',(3.87864342429058E-15,-6.81814076657359E-16,1.));
#2254=DIRECTION('center_axis',(0.,0.,1.));
#2255=DIRECTION('ref_axis',(-0.500000000000012,-0.866025403784432,0.));
#2256=DIRECTION('center_axis',(0.,0.,1.));
#2257=DIRECTION('ref_axis',(-0.500000000000012,-0.866025403784432,0.));
#2258=DIRECTION('',(0.,0.,1.));
#2259=DIRECTION('',(0.,0.,-1.));
#2260=DIRECTION('center_axis',(0.,0.,1.));
#2261=DIRECTION('ref_axis',(1.,0.,0.));
#2262=DIRECTION('',(-0.499999999999982,0.866025403784449,0.));
#2263=DIRECTION('center_axis',(0.,0.,-1.));
#2264=DIRECTION('ref_axis',(0.258819045102541,0.965925826289063,0.));
#2265=DIRECTION('',(-0.866025403784448,-0.499999999999984,0.));
#2266=DIRECTION('center_axis',(0.,0.,-1.));
#2267=DIRECTION('ref_axis',(-0.948622003331183,0.316411590805288,0.));
#2268=DIRECTION('center_axis',(0.,0.,1.));
#2269=DIRECTION('ref_axis',(-0.943638910598248,-0.330976746018435,0.));
#2270=DIRECTION('center_axis',(0.,0.,1.));
#2271=DIRECTION('ref_axis',(1.,1.16492379408663E-16,-3.87864342429058E-15));
#2272=DIRECTION('center_axis',(0.,0.,1.));
#2273=DIRECTION('ref_axis',(1.,1.16492379408663E-16,-3.87864342429058E-15));
#2274=DIRECTION('',(1.,4.76512929515006E-16,0.));
#2275=DIRECTION('',(-4.72169306319462E-16,1.,0.));
#2276=DIRECTION('',(1.,0.,0.));
#2277=DIRECTION('',(2.6981103218255E-16,-1.,0.));
#2278=DIRECTION('',(2.6981103218255E-16,-1.,0.));
#2279=DIRECTION('',(-1.,0.,0.));
#2280=DIRECTION('',(4.16333634233696E-16,-1.,0.));
#2281=DIRECTION('',(1.,2.77555756156361E-16,0.));
#2282=DIRECTION('',(2.6981103218255E-16,-1.,0.));
#2283=DIRECTION('',(-1.,0.,0.));
#2284=DIRECTION('',(0.,1.,0.));
#2285=DIRECTION('',(1.,0.,0.));
#2286=DIRECTION('',(-4.72169306319462E-16,1.,0.));
#2287=DIRECTION('',(0.500000000000002,-0.866025403784437,0.));
#2288=DIRECTION('',(-4.72169306319462E-16,1.,0.));
#2289=DIRECTION('',(-1.,-1.21356659651129E-15,0.));
#2290=DIRECTION('center_axis',(0.,0.,1.));
#2291=DIRECTION('ref_axis',(1.,1.16492379408663E-16,-3.87864342429058E-15));
#2292=DIRECTION('center_axis',(0.,0.,1.));
#2293=DIRECTION('ref_axis',(1.,1.16492379408663E-16,-3.87864342429058E-15));
#2294=DIRECTION('center_axis',(0.,0.,1.));
#2295=DIRECTION('ref_axis',(1.,1.16492379408663E-16,-3.87864342429058E-15));
#2296=DIRECTION('center_axis',(0.,0.,1.));
#2297=DIRECTION('ref_axis',(1.,1.16492379408663E-16,-3.87864342429058E-15));
#2298=DIRECTION('center_axis',(0.,0.,1.));
#2299=DIRECTION('ref_axis',(1.,1.16492379408663E-16,-3.87864342429058E-15));
#2300=DIRECTION('center_axis',(0.,0.,1.));
#2301=DIRECTION('ref_axis',(1.,1.16492379408663E-16,-3.87864342429058E-15));
#2302=DIRECTION('center_axis',(0.,0.,1.));
#2303=DIRECTION('ref_axis',(1.,0.,0.));
#2304=DIRECTION('center_axis',(0.,0.,-1.));
#2305=DIRECTION('ref_axis',(-1.,0.,0.));
#2306=DIRECTION('center_axis',(0.,0.,1.));
#2307=DIRECTION('ref_axis',(1.,0.,0.));
#2308=DIRECTION('center_axis',(0.866025403784449,0.499999999999982,0.));
#2309=DIRECTION('ref_axis',(-0.499999999999982,0.866025403784449,0.));
#2310=DIRECTION('',(0.,0.,1.));
#2311=DIRECTION('center_axis',(0.,0.,1.));
#2312=DIRECTION('ref_axis',(0.258819045102541,0.965925826289063,0.));
#2313=DIRECTION('',(0.,0.,-1.));
#2314=DIRECTION('center_axis',(0.,0.,1.));
#2315=DIRECTION('ref_axis',(-0.948622003331183,0.316411590805288,0.));
#2316=DIRECTION('',(0.,0.,-1.));
#2317=DIRECTION('',(0.,0.,1.));
#2318=DIRECTION('center_axis',(-0.499999999999984,0.866025403784448,0.));
#2319=DIRECTION('ref_axis',(-0.866025403784448,-0.499999999999984,0.));
#2320=DIRECTION('center_axis',(0.,0.,1.));
#2321=DIRECTION('ref_axis',(1.,0.,0.));
#2322=DIRECTION('center_axis',(0.,0.,-1.));
#2323=DIRECTION('ref_axis',(1.,0.,0.));
#2324=DIRECTION('',(0.,0.,-1.));
#2325=DIRECTION('center_axis',(0.,0.,-1.));
#2326=DIRECTION('ref_axis',(-1.,0.,0.));
#2327=DIRECTION('center_axis',(0.,0.,-1.));
#2328=DIRECTION('ref_axis',(-1.,0.,0.));
#2329=DIRECTION('center_axis',(1.,4.72169306319462E-16,0.));
#2330=DIRECTION('ref_axis',(-3.18041922004828E-31,6.73576019762804E-16,
-1.));
#2331=DIRECTION('center_axis',(-1.,-4.72169306319462E-16,0.));
#2332=DIRECTION('ref_axis',(-3.18041922004828E-31,6.73576019762804E-16,
-1.));
#2333=DIRECTION('',(-1.,-4.72169306319462E-16,0.));
#2334=DIRECTION('center_axis',(1.,4.72169306319462E-16,0.));
#2335=DIRECTION('ref_axis',(-3.18041922004828E-31,6.73576019762804E-16,
-1.));
#2336=DIRECTION('center_axis',(-1.,-4.72169306319462E-16,0.));
#2337=DIRECTION('ref_axis',(-3.18041922004828E-31,6.73576019762804E-16,
-1.));
#2338=DIRECTION('',(-1.,-4.72169306319462E-16,0.));
#2339=DIRECTION('center_axis',(-1.,-2.6981103218255E-16,0.));
#2340=DIRECTION('ref_axis',(0.,0.,1.));
#2341=DIRECTION('center_axis',(1.,2.6981103218255E-16,0.));
#2342=DIRECTION('ref_axis',(0.,0.,1.));
#2343=DIRECTION('center_axis',(-1.,-2.6981103218255E-16,0.));
#2344=DIRECTION('ref_axis',(2.6981103218255E-16,-1.,0.));
#2345=DIRECTION('',(0.,0.,1.));
#2346=DIRECTION('',(-2.6981103218255E-16,1.,6.8181407665736E-16));
#2347=DIRECTION('',(0.,0.,1.));
#2348=DIRECTION('center_axis',(1.,0.,0.));
#2349=DIRECTION('ref_axis',(0.,0.,-1.));
#2350=DIRECTION('center_axis',(-1.,0.,0.));
#2351=DIRECTION('ref_axis',(0.,0.,-1.));
#2352=DIRECTION('',(-1.,0.,0.));
#2353=DIRECTION('center_axis',(1.,0.,0.));
#2354=DIRECTION('ref_axis',(0.,0.,-1.));
#2355=DIRECTION('center_axis',(1.,0.,0.));
#2356=DIRECTION('ref_axis',(0.,0.,-1.));
#2357=DIRECTION('center_axis',(3.87864342429058E-15,-6.81814076657359E-16,
1.));
#2358=DIRECTION('ref_axis',(1.,1.16492379408663E-16,-3.87864342429058E-15));
#2359=DIRECTION('center_axis',(-3.87864342429058E-15,6.81814076657359E-16,
-1.));
#2360=DIRECTION('ref_axis',(1.,1.16492379408663E-16,-3.87864342429058E-15));
#2361=DIRECTION('',(-3.87864342429058E-15,6.81814076657359E-16,-1.));
#2362=DIRECTION('center_axis',(3.87864342429058E-15,-6.81814076657359E-16,
1.));
#2363=DIRECTION('ref_axis',(1.,1.16492379408663E-16,-3.87864342429058E-15));
#2364=DIRECTION('center_axis',(-3.87864342429058E-15,6.81814076657359E-16,
-1.));
#2365=DIRECTION('ref_axis',(1.,1.16492379408663E-16,-3.87864342429058E-15));
#2366=DIRECTION('',(-3.87864342429058E-15,6.81814076657359E-16,-1.));
#2367=DIRECTION('center_axis',(3.87864342429058E-15,-6.81814076657359E-16,
1.));
#2368=DIRECTION('ref_axis',(1.,1.16492379408663E-16,-3.87864342429058E-15));
#2369=DIRECTION('center_axis',(-3.87864342429058E-15,6.81814076657359E-16,
-1.));
#2370=DIRECTION('ref_axis',(1.,1.16492379408663E-16,-3.87864342429058E-15));
#2371=DIRECTION('',(-3.87864342429058E-15,6.81814076657359E-16,-1.));
#2372=DIRECTION('',(-3.87864342429058E-15,6.81814076657359E-16,-1.));
#2373=DIRECTION('center_axis',(3.87864342429058E-15,-6.81814076657359E-16,
1.));
#2374=DIRECTION('ref_axis',(1.,1.16492379408663E-16,-3.87864342429058E-15));
#2375=DIRECTION('center_axis',(-3.87864342429058E-15,6.81814076657359E-16,
-1.));
#2376=DIRECTION('ref_axis',(1.,1.16492379408663E-16,-3.87864342429058E-15));
#2377=DIRECTION('',(-3.87864342429058E-15,6.81814076657359E-16,-1.));
#2378=DIRECTION('center_axis',(0.,0.,1.));
#2379=DIRECTION('ref_axis',(1.,1.16492379408663E-16,-3.87864342429058E-15));
#2380=DIRECTION('center_axis',(3.87864342429058E-15,-6.81814076657359E-16,
1.));
#2381=DIRECTION('ref_axis',(1.,1.16492379408663E-16,-3.87864342429058E-15));
#2382=DIRECTION('center_axis',(-3.87864342429058E-15,6.81814076657359E-16,
-1.));
#2383=DIRECTION('ref_axis',(1.,1.16492379408663E-16,-3.87864342429058E-15));
#2384=DIRECTION('',(-3.87864342429058E-15,6.81814076657359E-16,-1.));
#2385=DIRECTION('center_axis',(3.87864342429058E-15,-6.81814076657359E-16,
1.));
#2386=DIRECTION('ref_axis',(1.,1.16492379408663E-16,-3.87864342429058E-15));
#2387=DIRECTION('center_axis',(-3.87864342429058E-15,6.81814076657359E-16,
-1.));
#2388=DIRECTION('ref_axis',(1.,1.16492379408663E-16,-3.87864342429058E-15));
#2389=DIRECTION('',(-3.87864342429058E-15,6.81814076657359E-16,-1.));
#2390=DIRECTION('center_axis',(0.,0.,1.));
#2391=DIRECTION('ref_axis',(-0.943638910598248,-0.330976746018435,0.));
#2392=DIRECTION('center_axis',(3.87864342429058E-15,-6.81814076657359E-16,
1.));
#2393=DIRECTION('ref_axis',(1.,1.16492379408663E-16,-3.87864342429058E-15));
#2394=DIRECTION('center_axis',(3.87864342429058E-15,-6.81814076657359E-16,
1.));
#2395=DIRECTION('ref_axis',(1.,1.16492379408663E-16,-3.87864342429058E-15));
#2396=DIRECTION('center_axis',(3.87864342429058E-15,-6.81814076657359E-16,
1.));
#2397=DIRECTION('ref_axis',(1.,1.16492379408663E-16,-3.87864342429058E-15));
#2398=DIRECTION('center_axis',(3.87864342429058E-15,-6.81814076657359E-16,
1.));
#2399=DIRECTION('ref_axis',(1.,1.16492379408663E-16,-3.87864342429058E-15));
#2400=DIRECTION('center_axis',(-3.87864342429058E-15,6.81814076657359E-16,
-1.));
#2401=DIRECTION('ref_axis',(1.,1.16492379408663E-16,-3.87864342429058E-15));
#2402=DIRECTION('',(-3.87864342429058E-15,6.81814076657359E-16,-1.));
#2403=DIRECTION('center_axis',(3.87864342429058E-15,-6.81814076657359E-16,
1.));
#2404=DIRECTION('ref_axis',(1.,1.16492379408663E-16,-3.87864342429058E-15));
#2405=DIRECTION('',(-3.87864342429058E-15,6.81814076657359E-16,-1.));
#2406=DIRECTION('center_axis',(3.87864342429058E-15,-6.81814076657359E-16,
1.));
#2407=DIRECTION('ref_axis',(1.,1.16492379408663E-16,-3.87864342429058E-15));
#2408=DIRECTION('center_axis',(3.87864342429058E-15,-6.81814076657359E-16,
1.));
#2409=DIRECTION('ref_axis',(1.,1.16492379408663E-16,-3.87864342429058E-15));
#2410=DIRECTION('center_axis',(3.87864342429058E-15,-6.81814076657359E-16,
1.));
#2411=DIRECTION('ref_axis',(1.,1.16492379408663E-16,-3.87864342429058E-15));
#2412=DIRECTION('center_axis',(3.87864342429058E-15,-6.81814076657359E-16,
1.));
#2413=DIRECTION('ref_axis',(1.,1.16492379408663E-16,-3.87864342429058E-15));
#2414=DIRECTION('center_axis',(-3.87864342429058E-15,6.81814076657359E-16,
-1.));
#2415=DIRECTION('ref_axis',(1.,1.16492379408663E-16,-3.87864342429058E-15));
#2416=DIRECTION('',(-3.87864342429058E-15,6.81814076657359E-16,-1.));
#2417=DIRECTION('center_axis',(3.87864342429058E-15,-6.81814076657359E-16,
1.));
#2418=DIRECTION('ref_axis',(1.,1.16492379408663E-16,-3.87864342429058E-15));
#2419=DIRECTION('',(-3.87864342429058E-15,6.81814076657359E-16,-1.));
#2420=DIRECTION('center_axis',(0.,-1.,0.));
#2421=DIRECTION('ref_axis',(1.,0.,-3.89298982660775E-15));
#2422=DIRECTION('center_axis',(0.,1.,0.));
#2423=DIRECTION('ref_axis',(1.,0.,-3.89298982660775E-15));
#2424=DIRECTION('',(0.,1.,0.));
#2425=DIRECTION('center_axis',(0.,-1.,0.));
#2426=DIRECTION('ref_axis',(1.,0.,-3.89298982660775E-15));
#2427=DIRECTION('center_axis',(0.,-1.,0.));
#2428=DIRECTION('ref_axis',(1.,0.,-3.89298982660775E-15));
#2429=DIRECTION('center_axis',(0.,-1.,0.));
#2430=DIRECTION('ref_axis',(1.,0.,-3.89298982660775E-15));
#2431=DIRECTION('center_axis',(0.,1.,0.));
#2432=DIRECTION('ref_axis',(1.,0.,-3.89298982660775E-15));
#2433=DIRECTION('',(0.,1.,0.));
#2434=DIRECTION('center_axis',(0.,-1.,0.));
#2435=DIRECTION('ref_axis',(1.,0.,-3.89298982660775E-15));
#2436=DIRECTION('center_axis',(0.,-1.,0.));
#2437=DIRECTION('ref_axis',(1.,0.,-3.89298982660775E-15));
#2438=DIRECTION('center_axis',(0.,-1.,0.));
#2439=DIRECTION('ref_axis',(1.,0.,-3.89298982660775E-15));
#2440=DIRECTION('center_axis',(0.,1.,0.));
#2441=DIRECTION('ref_axis',(1.,0.,-3.89298982660775E-15));
#2442=DIRECTION('',(0.,1.,0.));
#2443=DIRECTION('center_axis',(0.,-1.,0.));
#2444=DIRECTION('ref_axis',(1.,0.,-3.89298982660775E-15));
#2445=DIRECTION('center_axis',(0.,-1.,0.));
#2446=DIRECTION('ref_axis',(1.,0.,-3.89298982660775E-15));
#2447=DIRECTION('center_axis',(0.,0.,1.));
#2448=DIRECTION('ref_axis',(1.,0.,0.));
#2449=DIRECTION('',(0.,0.,1.));
#2450=DIRECTION('center_axis',(0.,0.,1.));
#2451=DIRECTION('ref_axis',(1.,0.,0.));
#2452=DIRECTION('center_axis',(0.,0.,1.));
#2453=DIRECTION('ref_axis',(1.,0.,0.));
#2454=DIRECTION('center_axis',(-1.21356659651129E-15,1.,0.));
#2455=DIRECTION('ref_axis',(-1.,-1.21356659651129E-15,0.));
#2456=DIRECTION('',(0.,0.,-1.));
#2457=DIRECTION('center_axis',(4.76512929515006E-16,-1.,0.));
#2458=DIRECTION('ref_axis',(1.,4.76512929515006E-16,0.));
#2459=DIRECTION('',(0.,0.,1.));
#2460=DIRECTION('center_axis',(-0.866025403784437,-0.500000000000002,0.));
#2461=DIRECTION('ref_axis',(0.500000000000002,-0.866025403784437,0.));
#2462=DIRECTION('',(0.500000000000002,-0.866025403784437,0.));
#2463=DIRECTION('',(0.,0.,1.));
#2464=DIRECTION('center_axis',(0.,0.,1.));
#2465=DIRECTION('ref_axis',(1.,0.,0.));
#2466=DIRECTION('',(-4.72169306319462E-16,1.,0.));
#2467=DIRECTION('center_axis',(1.,4.72169306319462E-16,0.));
#2468=DIRECTION('ref_axis',(-4.72169306319462E-16,1.,0.));
#2469=DIRECTION('',(0.,0.,1.));
#2470=DIRECTION('',(4.72169306319462E-16,-1.,-6.81814076657361E-16));
#2471=DIRECTION('',(0.,0.,1.));
#2472=DIRECTION('center_axis',(0.,0.,1.));
#2473=DIRECTION('ref_axis',(0.999520345556557,0.0309689976993252,0.));
#2474=DIRECTION('center_axis',(0.,0.,1.));
#2475=DIRECTION('ref_axis',(-1.,0.,0.));
#2476=DIRECTION('',(0.,0.,1.));
#2477=DIRECTION('center_axis',(3.87864342429058E-15,-6.81814076657359E-16,
1.));
#2478=DIRECTION('ref_axis',(-1.,0.,0.));
#2479=DIRECTION('',(0.,0.,1.));
#2480=DIRECTION('center_axis',(0.,0.,1.));
#2481=DIRECTION('ref_axis',(-1.,0.,0.));
#2482=DIRECTION('center_axis',(0.,0.,1.));
#2483=DIRECTION('ref_axis',(-1.,0.,0.));
#2484=DIRECTION('',(0.,0.,1.));
#2485=DIRECTION('center_axis',(3.87864342429058E-15,-6.81814076657359E-16,
1.));
#2486=DIRECTION('ref_axis',(-1.,0.,0.));
#2487=DIRECTION('',(0.,0.,1.));
#2488=DIRECTION('center_axis',(3.87864342429058E-15,-6.81814076657359E-16,
1.));
#2489=DIRECTION('ref_axis',(1.,0.,-3.87864342429058E-15));
#2490=DIRECTION('',(0.,-1.,-6.81814076657359E-16));
#2491=DIRECTION('',(1.,0.,-3.87864342429058E-15));
#2492=DIRECTION('',(-2.6981103218255E-16,1.,6.8181407665736E-16));
#2493=DIRECTION('',(-1.,-2.77555756156361E-16,3.87864342429058E-15));
#2494=DIRECTION('',(-4.16333634233696E-16,1.,6.81814076657361E-16));
#2495=DIRECTION('',(1.,0.,-3.87864342429058E-15));
#2496=DIRECTION('',(-1.,0.,3.87864342429058E-15));
#2497=DIRECTION('',(-1.,0.,3.87864342429058E-15));
#2498=DIRECTION('center_axis',(3.87864342429058E-15,-6.81814076657359E-16,
1.));
#2499=DIRECTION('ref_axis',(-1.,0.,0.));
#2500=DIRECTION('center_axis',(3.87864342429058E-15,-6.81814076657359E-16,
1.));
#2501=DIRECTION('ref_axis',(-1.,0.,0.));
#2502=DIRECTION('center_axis',(3.87864342429058E-15,-6.81814076657359E-16,
1.));
#2503=DIRECTION('ref_axis',(-1.,0.,0.));
#2504=DIRECTION('center_axis',(0.,0.,1.));
#2505=DIRECTION('ref_axis',(0.248204944465943,-0.968707543865876,0.));
#2506=DIRECTION('center_axis',(0.,0.,-1.));
#2507=DIRECTION('ref_axis',(-1.,0.,0.));
#2508=DIRECTION('',(0.,0.,1.));
#2509=DIRECTION('',(0.,0.,1.));
#2510=DIRECTION('center_axis',(0.,0.,-1.));
#2511=DIRECTION('ref_axis',(-1.,0.,0.));
#2512=DIRECTION('center_axis',(0.,0.,1.));
#2513=DIRECTION('ref_axis',(1.,0.,0.));
#2514=DIRECTION('center_axis',(0.,0.,-1.));
#2515=DIRECTION('ref_axis',(-1.,0.,0.));
#2516=DIRECTION('center_axis',(0.,0.,-1.));
#2517=DIRECTION('ref_axis',(-1.,0.,0.));
#2518=DIRECTION('center_axis',(0.,0.,-1.));
#2519=DIRECTION('ref_axis',(-1.,0.,0.));
#2520=DIRECTION('center_axis',(0.,0.,1.));
#2521=DIRECTION('ref_axis',(-1.,0.,0.));
#2522=DIRECTION('',(0.,0.,-1.));
#2523=DIRECTION('center_axis',(0.,0.,1.));
#2524=DIRECTION('ref_axis',(-1.,0.,0.));
#2525=DIRECTION('',(0.,0.,-1.));
#2526=DIRECTION('center_axis',(1.,0.,0.));
#2527=DIRECTION('ref_axis',(0.,1.,0.));
#2528=DIRECTION('',(0.,0.,1.));
#2529=DIRECTION('',(0.,0.,1.));
#2530=DIRECTION('center_axis',(0.,-1.,0.));
#2531=DIRECTION('ref_axis',(1.,0.,0.));
#2532=DIRECTION('center_axis',(0.,-1.,0.));
#2533=DIRECTION('ref_axis',(1.,0.,0.));
#2534=DIRECTION('center_axis',(0.,1.,0.));
#2535=DIRECTION('ref_axis',(-1.,0.,0.));
#2536=DIRECTION('',(0.,0.,1.));
#2537=DIRECTION('center_axis',(-1.,-4.16333634233696E-16,0.));
#2538=DIRECTION('ref_axis',(4.16333634233696E-16,-1.,0.));
#2539=DIRECTION('',(0.,0.,1.));
#2540=DIRECTION('center_axis',(2.77555756156361E-16,-1.,0.));
#2541=DIRECTION('ref_axis',(1.,2.77555756156361E-16,0.));
#2542=DIRECTION('',(0.,0.,1.));
#2543=DIRECTION('center_axis',(-1.,-2.6981103218255E-16,0.));
#2544=DIRECTION('ref_axis',(2.6981103218255E-16,-1.,0.));
#2545=DIRECTION('',(0.,0.,1.));
#2546=DIRECTION('center_axis',(0.,1.,0.));
#2547=DIRECTION('ref_axis',(-1.,0.,0.));
#2548=CARTESIAN_POINT('',(0.,0.,0.));
#2549=CARTESIAN_POINT('Origin',(8.02500000000003,-3.25000000000003,3.25));
#2550=CARTESIAN_POINT('',(6.79550000000003,-3.10862446895044E-14,3.25));
#2551=CARTESIAN_POINT('Origin',(8.02500000000003,-3.10862446895044E-14,
3.25));
#2552=CARTESIAN_POINT('',(6.79550000000003,-6.50000000000003,3.25));
#2553=CARTESIAN_POINT('',(6.79550000000003,-3.25000000000003,3.25));
#2554=CARTESIAN_POINT('Origin',(8.02500000000003,-6.50000000000003,3.25));
#2555=CARTESIAN_POINT('Origin',(8.02500000000003,-6.50000000000003,3.25));
#2556=CARTESIAN_POINT('Origin',(18.0749999999999,-3.25000000000003,3.25));
#2557=CARTESIAN_POINT('',(16.8454999999999,-3.10862446895044E-14,3.25));
#2558=CARTESIAN_POINT('Origin',(18.0749999999999,-3.10862446895044E-14,
3.25));
#2559=CARTESIAN_POINT('',(16.8454999999999,-6.50000000000003,3.25));
#2560=CARTESIAN_POINT('',(16.8454999999999,-3.25000000000003,3.25));
#2561=CARTESIAN_POINT('Origin',(18.0749999999999,-6.50000000000003,3.25));
#2562=CARTESIAN_POINT('Origin',(18.0749999999999,-6.50000000000003,3.25));
#2563=CARTESIAN_POINT('Origin',(15.1324860610315,-31.1179653320927,3.1));
#2564=CARTESIAN_POINT('',(16.2850295246248,-29.3972197245512,2.));
#2565=CARTESIAN_POINT('',(15.1324860610315,-31.1179653320927,2.));
#2566=CARTESIAN_POINT('',(13.6614204678318,-33.3142639862119,2.));
#2567=CARTESIAN_POINT('',(16.2850295246248,-29.3972197245512,3.1));
#2568=CARTESIAN_POINT('',(16.2850295246248,-29.3972197245512,2.55));
#2569=CARTESIAN_POINT('',(15.1324860610315,-31.1179653320927,3.1));
#2570=CARTESIAN_POINT('',(23.1417199056551,-19.1601915966528,3.1));
#2571=CARTESIAN_POINT('',(15.1324860610315,-31.1179653320927,0.));
#2572=CARTESIAN_POINT('Origin',(19.1032428597044,-33.1760946656152,3.1));
#2573=CARTESIAN_POINT('',(17.1252638210966,-33.790033428175,2.));
#2574=CARTESIAN_POINT('',(19.1032428597044,-33.1760946656152,2.));
#2575=CARTESIAN_POINT('',(15.6711609216033,-34.2413679050954,2.));
#2576=CARTESIAN_POINT('',(17.1252638210966,-33.790033428175,3.1));
#2577=CARTESIAN_POINT('',(17.1252638210966,-33.790033428175,0.));
#2578=CARTESIAN_POINT('',(19.1032428597044,-33.1760946656152,3.1));
#2579=CARTESIAN_POINT('',(26.142767228942,-30.9911185885678,3.1));
#2580=CARTESIAN_POINT('',(19.1032428597043,-33.1760946656152,2.55));
#2581=CARTESIAN_POINT('Origin',(7.50769300281825,-34.0263945322329,3.1));
#2582=CARTESIAN_POINT('',(5.50194377141147,-33.5103597445913,2.));
#2583=CARTESIAN_POINT('',(7.50769300281825,-34.0263945322329,2.));
#2584=CARTESIAN_POINT('',(9.96048513529007,-34.657443542443,2.));
#2585=CARTESIAN_POINT('',(5.50194377141147,-33.5103597445913,3.1));
#2586=CARTESIAN_POINT('',(5.50194377141147,-33.5103597445913,2.55));
#2587=CARTESIAN_POINT('',(7.50769300281825,-34.0263945322329,3.1));
#2588=CARTESIAN_POINT('',(12.114848410936,-35.2117134272536,3.1));
#2589=CARTESIAN_POINT('',(7.50769300281825,-34.0263945322329,0.));
#2590=CARTESIAN_POINT('Origin',(8.13112798485832,-29.5976097405681,3.1));
#2591=CARTESIAN_POINT('',(9.36680698913515,-31.2596624713003,2.));
#2592=CARTESIAN_POINT('',(8.13112798485832,-29.5976097405681,2.));
#2593=CARTESIAN_POINT('',(10.3170586344983,-32.5378005124844,2.));
#2594=CARTESIAN_POINT('',(9.36680698913515,-31.2596624713003,3.1));
#2595=CARTESIAN_POINT('',(9.36680698913514,-31.2596624713003,0.));
#2596=CARTESIAN_POINT('',(8.13112798485832,-29.5976097405681,3.1));
#2597=CARTESIAN_POINT('',(4.87036625386668,-25.2117150862895,3.1));
#2598=CARTESIAN_POINT('',(8.13112798485832,-29.5976097405681,2.55));
#2599=CARTESIAN_POINT('Origin',(6.1496800103562,-38.6716291395462,3.1));
#2600=CARTESIAN_POINT('',(7.96571168979634,-37.6759631209361,2.));
#2601=CARTESIAN_POINT('',(6.1496800103562,-38.6716291395462,2.));
#2602=CARTESIAN_POINT('',(9.17263012879591,-37.0142523751652,2.));
#2603=CARTESIAN_POINT('',(7.96571168979634,-37.6759631209361,3.1));
#2604=CARTESIAN_POINT('',(7.96571168979634,-37.6759631209361,0.));
#2605=CARTESIAN_POINT('',(6.1496800103562,-38.6716291395462,3.1));
#2606=CARTESIAN_POINT('',(20.9585840269719,-30.5524301910185,3.1));
#2607=CARTESIAN_POINT('',(6.1496800103562,-38.6716291395462,2.55));
#2608=CARTESIAN_POINT('Origin',(10.4508497251006,-39.8974941372839,3.1));
#2609=CARTESIAN_POINT('',(9.66419592425273,-41.8133484320977,2.));
#2610=CARTESIAN_POINT('',(10.4508497251006,-39.8974941372839,2.));
#2611=CARTESIAN_POINT('',(11.3405954371162,-37.7305648707883,2.));
#2612=CARTESIAN_POINT('',(9.66419592425273,-41.8133484320977,3.1));
#2613=CARTESIAN_POINT('',(9.66419592425273,-41.8133484320977,2.55));
#2614=CARTESIAN_POINT('',(10.4508497251006,-39.8974941372839,3.1));
#2615=CARTESIAN_POINT('',(17.9567012244679,-21.6173843662533,3.1));
#2616=CARTESIAN_POINT('',(10.4508497251006,-39.8974941372839,0.));
#2617=CARTESIAN_POINT('Origin',(17.1665313074083,-36.6142358762488,3.1));
#2618=CARTESIAN_POINT('',(19.1616038985314,-37.1701200705685,2.));
#2619=CARTESIAN_POINT('',(17.1665313074083,-36.6142358762488,2.));
#2620=CARTESIAN_POINT('',(14.7928678640261,-35.9528654596126,2.));
#2621=CARTESIAN_POINT('',(19.1616038985314,-37.1701200705685,3.1));
#2622=CARTESIAN_POINT('',(19.1616038985314,-37.1701200705685,2.55));
#2623=CARTESIAN_POINT('',(17.1665313074083,-36.6142358762488,3.1));
#2624=CARTESIAN_POINT('',(16.6038354842712,-36.4574527518235,3.1));
#2625=CARTESIAN_POINT('',(17.1665313074083,-36.6142358762488,0.));
#2626=CARTESIAN_POINT('Origin',(16.4550046668263,-41.0297240426303,3.1));
#2627=CARTESIAN_POINT('',(15.2526766367153,-39.3433880175883,2.));
#2628=CARTESIAN_POINT('',(16.4550046668263,-41.0297240426303,2.));
#2629=CARTESIAN_POINT('',(14.4781511513895,-38.2570703110158,2.));
#2630=CARTESIAN_POINT('',(15.2526766367153,-39.3433880175883,3.1));
#2631=CARTESIAN_POINT('',(15.2526766367153,-39.3433880175883,0.));
#2632=CARTESIAN_POINT('',(16.4550046668263,-41.0297240426303,3.1));
#2633=CARTESIAN_POINT('',(9.00796413432841,-30.5848101627301,3.1));
#2634=CARTESIAN_POINT('',(16.4550046668263,-41.0297240426303,2.55));
#2635=CARTESIAN_POINT('Origin',(25.2499999999998,-3.25000000000003,3.1));
#2636=CARTESIAN_POINT('',(20.3662042882469,-29.2938794350181,3.1));
#2637=CARTESIAN_POINT('Origin',(18.3621532161851,-30.7884627550669,3.1));
#2638=CARTESIAN_POINT('',(13.2374888598672,-25.3116723923388,3.1));
#2639=CARTESIAN_POINT('Origin',(12.35,-35.2722127152134,3.1));
#2640=CARTESIAN_POINT('',(6.78207504448924,-26.9656964966173,3.1));
#2641=CARTESIAN_POINT('Origin',(9.22261769972911,-23.0664976625035,3.1));
#2642=CARTESIAN_POINT('',(4.04980381720235,-29.6948707562628,3.1));
#2643=CARTESIAN_POINT('Origin',(12.35,-35.2722127152134,3.1));
#2644=CARTESIAN_POINT('Origin',(6.12485286290176,-31.0892062460005,3.1));
#2645=CARTESIAN_POINT('Origin',(12.35,-35.2722127152134,3.1));
#2646=CARTESIAN_POINT('Origin',(25.2499999999998,-3.25000000000003,3.1));
#2647=CARTESIAN_POINT('',(5.6854069509567,-42.7276268211263,3.1));
#2648=CARTESIAN_POINT('Origin',(7.35155521321752,-40.8637732946481,3.1));
#2649=CARTESIAN_POINT('',(20.5374564240183,-41.0137767272924,3.1));
#2650=CARTESIAN_POINT('Origin',(12.35,-35.2722127152134,3.1));
#2651=CARTESIAN_POINT('Origin',(18.4905923180137,-39.5783857242727,3.1));
#2652=CARTESIAN_POINT('Origin',(12.35,-35.2722127152134,3.1));
#2653=CARTESIAN_POINT('Origin',(12.35,-35.2722127152134,0.));
#2654=CARTESIAN_POINT('Origin',(12.35,-35.2722127152134,2.));
#2655=CARTESIAN_POINT('Origin',(12.35,-35.2722127152134,2.));
#2656=CARTESIAN_POINT('Origin',(12.35,-35.2722127152134,3.1));
#2657=CARTESIAN_POINT('Origin',(12.35,-35.2722127152134,2.));
#2658=CARTESIAN_POINT('Origin',(12.35,-35.2722127152134,2.));
#2659=CARTESIAN_POINT('',(17.35,-35.2722127152134,3.1));
#2660=CARTESIAN_POINT('Origin',(12.35,-35.2722127152134,3.1));
#2661=CARTESIAN_POINT('',(17.35,-35.2722127152134,0.));
#2662=CARTESIAN_POINT('',(17.35,-35.2722127152134,0.));
#2663=CARTESIAN_POINT('Origin',(12.35,-35.2722127152134,0.));
#2664=CARTESIAN_POINT('Origin',(12.35,-35.2722127152134,3.1));
#2665=CARTESIAN_POINT('Origin',(6.12485286290176,-31.0892062460005,2.));
#2666=CARTESIAN_POINT('Origin',(6.12485286290176,-31.0892062460005,2.));
#2667=CARTESIAN_POINT('',(4.67485286290176,-31.0892062460005,2.));
#2668=CARTESIAN_POINT('Origin',(6.12485286290176,-31.0892062460005,2.));
#2669=CARTESIAN_POINT('Origin',(6.12485286290176,-31.0892062460005,2.55));
#2670=CARTESIAN_POINT('Origin',(6.12485286290176,-31.0892062460005,3.1));
#2671=CARTESIAN_POINT('Origin',(6.12485286290176,-31.0892062460005,-69.3650197798437));
#2672=CARTESIAN_POINT('',(4.67485286290176,-31.0892062460005,0.));
#2673=CARTESIAN_POINT('',(4.67485286290176,-31.0892062460005,-69.3650197798437));
#2674=CARTESIAN_POINT('Origin',(6.12485286290176,-31.0892062460005,0.));
#2675=CARTESIAN_POINT('Origin',(7.35155521321752,-40.8637732946481,2.));
#2676=CARTESIAN_POINT('Origin',(7.35155521321752,-40.8637732946481,2.));
#2677=CARTESIAN_POINT('',(5.90155521321752,-40.8637732946481,2.));
#2678=CARTESIAN_POINT('Origin',(7.35155521321752,-40.8637732946481,2.));
#2679=CARTESIAN_POINT('Origin',(7.35155521321752,-40.8637732946481,2.55));
#2680=CARTESIAN_POINT('Origin',(7.35155521321752,-40.8637732946481,3.1));
#2681=CARTESIAN_POINT('Origin',(7.35155521321752,-40.8637732946481,-69.3650197798437));
#2682=CARTESIAN_POINT('',(5.90155521321752,-40.8637732946481,0.));
#2683=CARTESIAN_POINT('',(5.90155521321752,-40.8637732946481,-69.3650197798437));
#2684=CARTESIAN_POINT('Origin',(7.35155521321752,-40.8637732946481,0.));
#2685=CARTESIAN_POINT('Origin',(18.4905923180137,-39.5783857242727,2.));
#2686=CARTESIAN_POINT('Origin',(18.4905923180137,-39.5783857242727,2.));
#2687=CARTESIAN_POINT('',(17.0405923180137,-39.5783857242727,2.));
#2688=CARTESIAN_POINT('Origin',(18.4905923180137,-39.5783857242727,2.));
#2689=CARTESIAN_POINT('Origin',(18.4905923180137,-39.5783857242727,2.55));
#2690=CARTESIAN_POINT('Origin',(18.4905923180137,-39.5783857242727,3.1));
#2691=CARTESIAN_POINT('Origin',(18.4905923180137,-39.5783857242727,-69.3650197798437));
#2692=CARTESIAN_POINT('',(17.0405923180137,-39.5783857242727,0.));
#2693=CARTESIAN_POINT('',(17.0405923180137,-39.5783857242727,-69.3650197798437));
#2694=CARTESIAN_POINT('Origin',(18.4905923180137,-39.5783857242727,0.));
#2695=CARTESIAN_POINT('Origin',(18.3621532161851,-30.7884627550669,2.));
#2696=CARTESIAN_POINT('Origin',(18.3621532161851,-30.7884627550669,2.));
#2697=CARTESIAN_POINT('',(16.9121532161851,-30.7884627550669,2.));
#2698=CARTESIAN_POINT('Origin',(18.3621532161851,-30.7884627550669,2.));
#2699=CARTESIAN_POINT('Origin',(18.3621532161851,-30.7884627550669,2.55));
#2700=CARTESIAN_POINT('Origin',(18.3621532161851,-30.7884627550669,3.1));
#2701=CARTESIAN_POINT('Origin',(18.3621532161851,-30.7884627550669,-69.3650197798437));
#2702=CARTESIAN_POINT('',(16.9121532161851,-30.7884627550669,0.));
#2703=CARTESIAN_POINT('',(16.9121532161851,-30.7884627550669,-69.3650197798437));
#2704=CARTESIAN_POINT('Origin',(18.3621532161851,-30.7884627550669,0.));
#2705=CARTESIAN_POINT('Origin',(25.2499999999998,-3.25000000000003,3.1));
#2706=CARTESIAN_POINT('Origin',(12.35,-35.2722127152134,3.1));
#2707=CARTESIAN_POINT('Origin',(25.2499999999998,-3.25000000000003,3.1));
#2708=CARTESIAN_POINT('Origin',(12.35,-35.2722127152134,3.1));
#2709=CARTESIAN_POINT('Origin',(10.4999999999998,-10.4999999999998,5.99999999999908));
#2710=CARTESIAN_POINT('',(10.4999999999998,-10.7578106436383,5.02707866606365));
#2711=CARTESIAN_POINT('',(10.4999999999998,-10.7578106436383,6.97292133393451));
#2712=CARTESIAN_POINT('',(10.4999999999998,-10.7578106436383,6.64999999999972));
#2713=CARTESIAN_POINT('Origin',(10.4999999999998,-10.4999999999998,5.99999999999908));
#2714=CARTESIAN_POINT('Origin',(6.49999999999976,-10.4999999999998,5.99999999999908));
#2715=CARTESIAN_POINT('',(2.49999999999976,-10.4999999999998,4.99349999999908));
#2716=CARTESIAN_POINT('Origin',(2.49999999999976,-10.4999999999998,5.99999999999908));
#2717=CARTESIAN_POINT('',(7.32848085736717,-10.4999999999944,4.99349999999908));
#2718=CARTESIAN_POINT('',(6.49999999999976,-10.4999999999998,4.99349999999908));
#2719=CARTESIAN_POINT('Ctrl Pts',(10.4999999999998,-10.7578106436383,6.97292133393451));
#2720=CARTESIAN_POINT('Ctrl Pts',(10.304047965256,-10.924300058367,6.92880395088096));
#2721=CARTESIAN_POINT('Ctrl Pts',(10.0740140388726,-11.0602525831291,6.84474886049753));
#2722=CARTESIAN_POINT('Ctrl Pts',(9.57722591780557,-11.245157552023,6.68759534761097));
#2723=CARTESIAN_POINT('Ctrl Pts',(9.3085649198024,-11.2931457505074,6.61964672875009));
#2724=CARTESIAN_POINT('Ctrl Pts',(8.77772658121228,-11.2931457505074,6.61964672875009));
#2725=CARTESIAN_POINT('Ctrl Pts',(8.50906558320911,-11.245157552023,6.68759534761098));
#2726=CARTESIAN_POINT('Ctrl Pts',(8.00752439245521,-11.0584834864753,6.84625244233979));
#2727=CARTESIAN_POINT('Ctrl Pts',(7.77338371243352,-10.9189823146104,6.93197429891629));
#2728=CARTESIAN_POINT('Ctrl Pts',(7.48525392940745,-10.6708714522655,6.99508794163917));
#2729=CARTESIAN_POINT('Ctrl Pts',(7.39289118740868,-10.5780532559634,7.0084188178312));
#2730=CARTESIAN_POINT('Ctrl Pts',(7.22763707890407,-10.378514399185,7.00411258103277));
#2731=CARTESIAN_POINT('Ctrl Pts',(7.15473369380124,-10.2718159754308,6.98592399418502));
#2732=CARTESIAN_POINT('Ctrl Pts',(7.04628322132285,-10.0849019209457,6.92156650472545));
#2733=CARTESIAN_POINT('Ctrl Pts',(7.0001620737711,-9.99048983324887,6.87460404867526));
#2734=CARTESIAN_POINT('Ctrl Pts',(6.92860372723069,-9.81771341165186,6.74767505632798));
#2735=CARTESIAN_POINT('Ctrl Pts',(6.90273374855906,-9.73961917967151,6.66758538511527));
#2736=CARTESIAN_POINT('Ctrl Pts',(6.86832701026476,-9.6229162105616,6.50327725524034));
#2737=CARTESIAN_POINT('Ctrl Pts',(6.85636036935079,-9.57377810587025,6.40794413609019));
#2738=CARTESIAN_POINT('Ctrl Pts',(6.84166414149326,-9.50906385697734,6.20579364226555));
#2739=CARTESIAN_POINT('Ctrl Pts',(6.83867732252655,-9.49349999999982,6.09899111700766));
#2740=CARTESIAN_POINT('Ctrl Pts',(6.83867732252655,-9.49349999999982,5.90100888299051));
#2741=CARTESIAN_POINT('Ctrl Pts',(6.84166414149326,-9.50906385697733,5.79420635773261));
#2742=CARTESIAN_POINT('Ctrl Pts',(6.85636036935079,-9.57377810587025,5.59205586390797));
#2743=CARTESIAN_POINT('Ctrl Pts',(6.86832701026476,-9.6229162105616,5.49672274475783));
#2744=CARTESIAN_POINT('Ctrl Pts',(6.90273374855906,-9.7396191796715,5.33241461488289));
#2745=CARTESIAN_POINT('Ctrl Pts',(6.92860372723069,-9.81771341165186,5.25232494367019));
#2746=CARTESIAN_POINT('Ctrl Pts',(7.00016207377109,-9.99048983324887,5.12539595132291));
#2747=CARTESIAN_POINT('Ctrl Pts',(7.04628322132284,-10.0849019209457,5.07843349527272));
#2748=CARTESIAN_POINT('Ctrl Pts',(7.15473369380123,-10.2718159754308,5.01407600581314));
#2749=CARTESIAN_POINT('Ctrl Pts',(7.22763707890406,-10.378514399185,4.9958874189654));
#2750=CARTESIAN_POINT('Ctrl Pts',(7.31628880319941,-10.4855584168945,4.99357730806492));
#2751=CARTESIAN_POINT('Ctrl Pts',(7.32236223686817,-10.4927986044013,4.99349999999916));
#2752=CARTESIAN_POINT('Ctrl Pts',(7.32848085736717,-10.499999999989,4.99349999999908));
#2753=CARTESIAN_POINT('Ctrl Pts',(7.32848085736717,-10.499999999989,4.99349999999908));
#2754=CARTESIAN_POINT('Ctrl Pts',(7.4062778014232,-10.5915641964856,4.9934999999981));
#2755=CARTESIAN_POINT('Ctrl Pts',(7.49179561479318,-10.6765045499106,5.0063449876102));
#2756=CARTESIAN_POINT('Ctrl Pts',(7.77338371243351,-10.9189823146104,5.06802570108188));
#2757=CARTESIAN_POINT('Ctrl Pts',(8.0075243924552,-11.0584834864753,5.15374755765838));
#2758=CARTESIAN_POINT('Ctrl Pts',(8.50906558320911,-11.245157552023,5.31240465238719));
#2759=CARTESIAN_POINT('Ctrl Pts',(8.77772658121227,-11.2931457505074,5.38035327124808));
#2760=CARTESIAN_POINT('Ctrl Pts',(9.04314575050734,-11.2931457505074,5.38035327124808));
#2761=CARTESIAN_POINT('Ctrl Pts',(9.30856491980239,-11.2931457505074,5.38035327124808));
#2762=CARTESIAN_POINT('Ctrl Pts',(9.57722591780556,-11.245157552023,5.31240465238719));
#2763=CARTESIAN_POINT('Ctrl Pts',(10.0740140388726,-11.0602525831291,5.15525113950063));
#2764=CARTESIAN_POINT('Ctrl Pts',(10.304047965256,-10.924300058367,5.07119604911721));
#2765=CARTESIAN_POINT('Ctrl Pts',(10.4999999999998,-10.7578106436383,5.02707866606365));
#2766=CARTESIAN_POINT('Origin',(1.49999999999969,-41.3314601153406,-62.6150197798439));
#2767=CARTESIAN_POINT('',(0.499999999999968,-41.3314601153406,9.29999999999974));
#2768=CARTESIAN_POINT('Origin',(1.49999999999997,-41.3314601153406,9.29999999999974));
#2769=CARTESIAN_POINT('',(0.499999999999932,-41.3314601153406,6.60511328032993E-14));
#2770=CARTESIAN_POINT('',(0.499999999999689,-41.3314601153406,-62.6150197798439));
#2771=CARTESIAN_POINT('Origin',(1.49999999999993,-41.3314601153406,6.21724893790088E-14));
#2772=CARTESIAN_POINT('Origin',(1.53556616520192,-30.0714415384762,-62.6150197798439));
#2773=CARTESIAN_POINT('',(0.535566165202204,-30.0714415384762,9.29999999999975));
#2774=CARTESIAN_POINT('Origin',(1.5355661652022,-30.0714415384762,9.29999999999975));
#2775=CARTESIAN_POINT('',(0.535566165202168,-30.0714415384762,7.49329170003006E-14));
#2776=CARTESIAN_POINT('',(0.535566165201925,-30.0714415384762,-62.6150197798439));
#2777=CARTESIAN_POINT('Origin',(1.53556616520217,-30.0714415384762,7.105427357601E-14));
#2778=CARTESIAN_POINT('Origin',(22.3035149697202,-49.5151299328201,0.));
#2779=CARTESIAN_POINT('',(21.4374895659358,-50.0151299328201,4.));
#2780=CARTESIAN_POINT('',(21.8035149697202,-48.6491045290356,4.));
#2781=CARTESIAN_POINT('Origin',(22.3035149697202,-49.5151299328201,4.));
#2782=CARTESIAN_POINT('',(21.4374895659358,-50.0151299328201,0.));
#2783=CARTESIAN_POINT('',(21.4374895659358,-50.0151299328201,0.));
#2784=CARTESIAN_POINT('',(21.8035149697202,-48.6491045290356,0.));
#2785=CARTESIAN_POINT('Origin',(22.3035149697202,-49.5151299328201,0.));
#2786=CARTESIAN_POINT('',(21.8035149697202,-48.6491045290356,0.));
#2787=CARTESIAN_POINT('Origin',(23.0999999999998,-47.9005785478034,0.));
#2788=CARTESIAN_POINT('',(23.0999999999998,-47.9005785478034,0.));
#2789=CARTESIAN_POINT('',(33.5733838290171,-41.8537675747943,0.));
#2790=CARTESIAN_POINT('',(23.0999999999998,-47.9005785478034,4.));
#2791=CARTESIAN_POINT('',(23.0999999999998,-47.9005785478034,0.));
#2792=CARTESIAN_POINT('',(24.9391252930766,-46.8387590647721,4.));
#2793=CARTESIAN_POINT('Origin',(4.93084891366345,-63.4353852451161,0.));
#2794=CARTESIAN_POINT('',(4.93084891366345,-64.4353852451161,4.));
#2795=CARTESIAN_POINT('',(4.14931682675657,-64.0592502923299,4.));
#2796=CARTESIAN_POINT('Origin',(4.93084891366345,-63.4353852451161,4.));
#2797=CARTESIAN_POINT('',(4.93084891366345,-64.4353852451161,0.));
#2798=CARTESIAN_POINT('',(4.93084891366345,-64.4353852451161,0.));
#2799=CARTESIAN_POINT('',(4.14931682675657,-64.0592502923299,0.));
#2800=CARTESIAN_POINT('Origin',(4.93084891366345,-63.4353852451161,0.));
#2801=CARTESIAN_POINT('',(4.14931682675657,-64.0592502923299,0.));
#2802=CARTESIAN_POINT('Origin',(5.21169257049343,-61.1151490035231,4.));
#2803=CARTESIAN_POINT('',(3.75487045226103,-63.539865280367,4.00000000000004));
#2804=CARTESIAN_POINT('Origin',(14.7,-55.6370721549443,4.));
#2805=CARTESIAN_POINT('',(2.56073282842825,-61.5436949241092,4.00000000000004));
#2806=CARTESIAN_POINT('Origin',(3.50000000000011,-62.3370721549442,4.00000000000001));
#2807=CARTESIAN_POINT('',(2.28313995948849,-60.9353347696479,4.));
#2808=CARTESIAN_POINT('Origin',(14.7,-55.6370721549443,4.));
#2809=CARTESIAN_POINT('',(2.70290736989672,-59.676845468478,4.));
#2810=CARTESIAN_POINT('Origin',(3.20290736989671,-60.5428708722625,4.));
#2811=CARTESIAN_POINT('',(5.09648503027921,-58.29491276193,4.));
#2812=CARTESIAN_POINT('',(5.96251043406365,-57.79491276193,4.));
#2813=CARTESIAN_POINT('',(6.46251043406364,-58.6609381657145,4.));
#2814=CARTESIAN_POINT('Origin',(5.59648503027919,-59.1609381657144,4.));
#2815=CARTESIAN_POINT('',(8.17383529946901,-61.6250397808527,4.));
#2816=CARTESIAN_POINT('',(8.46251043406382,-62.1250397808527,4.));
#2817=CARTESIAN_POINT('',(9.03986070325346,-62.1250397808527,4.));
#2818=CARTESIAN_POINT('Origin',(9.03986070325346,-61.1250397808527,4.));
#2819=CARTESIAN_POINT('',(23.0999999999998,-62.1250397808527,4.));
#2820=CARTESIAN_POINT('',(23.0999999999998,-62.1250397808527,4.));
#2821=CARTESIAN_POINT('',(23.0999999999998,-64.4353852451161,4.));
#2822=CARTESIAN_POINT('',(23.0999999999998,-63.4761105792337,4.));
#2823=CARTESIAN_POINT('',(4.46087470692304,-64.4353852451161,4.));
#2824=CARTESIAN_POINT('Origin',(14.7,-55.6370721549443,0.));
#2825=CARTESIAN_POINT('',(3.75487045226102,-63.539865280367,4.00450449177507E-14));
#2826=CARTESIAN_POINT('Origin',(14.7,-55.6370721549443,0.));
#2827=CARTESIAN_POINT('',(3.75487045226102,-63.539865280367,1.52499999999971));
#2828=CARTESIAN_POINT('Origin',(9.03986070325346,-61.1250397808527,0.));
#2829=CARTESIAN_POINT('',(8.17383529946901,-61.6250397808527,0.));
#2830=CARTESIAN_POINT('',(9.03986070325346,-62.1250397808527,0.));
#2831=CARTESIAN_POINT('Origin',(9.03986070325346,-61.1250397808527,0.));
#2832=CARTESIAN_POINT('',(9.03986070325346,-62.1250397808527,0.));
#2833=CARTESIAN_POINT('',(8.17383529946901,-61.6250397808527,0.));
#2834=CARTESIAN_POINT('Origin',(25.2499999999998,-3.25000000000003,0.));
#2835=CARTESIAN_POINT('',(6.46251043406364,-58.6609381657145,0.));
#2836=CARTESIAN_POINT('',(-2.18587339495349,-43.681497970499,0.));
#2837=CARTESIAN_POINT('',(5.0964850302792,-58.29491276193,0.));
#2838=CARTESIAN_POINT('Origin',(5.59648503027919,-59.1609381657144,0.));
#2839=CARTESIAN_POINT('',(2.70290736989672,-59.676845468478,0.));
#2840=CARTESIAN_POINT('',(25.004639046049,-46.8009346818573,0.));
#2841=CARTESIAN_POINT('',(2.28313995948849,-60.9353347696479,0.));
#2842=CARTESIAN_POINT('Origin',(3.20290736989671,-60.5428708722625,0.));
#2843=CARTESIAN_POINT('',(2.56073282842824,-61.5436949241092,4.00450449177507E-14));
#2844=CARTESIAN_POINT('Origin',(14.7,-55.6370721549443,0.));
#2845=CARTESIAN_POINT('',(2.2705000000001,-62.3370721549442,4.05231403988182E-14));
#2846=CARTESIAN_POINT('Origin',(3.5000000000001,-62.3370721549442,4.413136522885E-14));
#2847=CARTESIAN_POINT('Origin',(3.5000000000001,-62.3370721549442,4.413136522885E-14));
#2848=CARTESIAN_POINT('',(23.0999999999998,-64.4353852451161,0.));
#2849=CARTESIAN_POINT('',(14.8554373534614,-64.4353852451161,0.));
#2850=CARTESIAN_POINT('',(23.0999999999998,-65.8370721549442,0.));
#2851=CARTESIAN_POINT('',(23.0999999999998,-65.8370721549442,0.));
#2852=CARTESIAN_POINT('',(1.35447209004269E-13,-65.8370721549442,0.));
#2853=CARTESIAN_POINT('',(1.35447209004269E-13,-65.8370721549442,0.));
#2854=CARTESIAN_POINT('',(1.29425938528977E-13,-38.040817400741,0.));
#2855=CARTESIAN_POINT('',(1.17683640610267E-13,-3.44169137633799E-14,0.));
#2856=CARTESIAN_POINT('',(1.27875992151877E-13,-32.2962547542028,0.));
#2857=CARTESIAN_POINT('Ctrl Pts',(1.24761312392252E-13,-38.040817400741,
1.38777878078145E-16));
#2858=CARTESIAN_POINT('Ctrl Pts',(2.35714285714314,-35.1685360774719,1.04083408558608E-16));
#2859=CARTESIAN_POINT('Ctrl Pts',(1.23512311489549E-13,-32.2962547542028,
6.93889390390723E-17));
#2860=CARTESIAN_POINT('',(1.19348975147204E-13,-17.5000000000283,0.));
#2861=CARTESIAN_POINT('',(1.17683640610267E-13,-3.44169137633799E-14,0.));
#2862=CARTESIAN_POINT('',(2.49999999999977,-17.5000000000283,0.));
#2863=CARTESIAN_POINT('',(2.49999999999977,-17.5000000000283,0.));
#2864=CARTESIAN_POINT('',(2.49999999999976,-0.999999999999959,0.));
#2865=CARTESIAN_POINT('',(2.49999999999976,-0.999999999999959,0.));
#2866=CARTESIAN_POINT('',(1.14075415780235E-13,-0.99999999999996,0.));
#2867=CARTESIAN_POINT('',(1.14075415780235E-13,-0.99999999999996,0.));
#2868=CARTESIAN_POINT('',(1.17683640610267E-13,-3.44169137633799E-14,0.));
#2869=CARTESIAN_POINT('',(1.17683640610267E-13,-3.44169137633799E-14,0.));
#2870=CARTESIAN_POINT('',(27.3999999999998,-3.12250225675825E-14,0.));
#2871=CARTESIAN_POINT('',(27.3999999999998,-3.12250225675825E-14,0.));
#2872=CARTESIAN_POINT('',(27.3999999999998,-6.50000000000003,0.));
#2873=CARTESIAN_POINT('',(27.3999999999998,-6.50000000000003,0.));
#2874=CARTESIAN_POINT('',(23.0999999999998,-6.50000000000003,0.));
#2875=CARTESIAN_POINT('',(23.0999999999998,-6.50000000000003,0.));
#2876=CARTESIAN_POINT('',(23.0999999999998,-65.8370721549442,0.));
#2877=CARTESIAN_POINT('',(23.0999999999998,-52.8946824727323,0.));
#2878=CARTESIAN_POINT('',(11.5391057369182,-32.8706262281435,0.));
#2879=CARTESIAN_POINT('',(23.0999999999998,-62.1250397808527,0.));
#2880=CARTESIAN_POINT('',(23.0999999999998,-65.8370721549442,0.));
#2881=CARTESIAN_POINT('',(24.1749999999998,-62.1250397808527,0.));
#2882=CARTESIAN_POINT('',(18.8751276467488,-9.50000000000002,2.05894701910737E-14));
#2883=CARTESIAN_POINT('Origin',(20.1046276467487,-9.50000000000002,1.58206781009085E-14));
#2884=CARTESIAN_POINT('',(2.77050000000009,-46.5095389096425,5.77819415160165E-14));
#2885=CARTESIAN_POINT('Origin',(4.00000000000009,-46.5095389096425,5.30131494258512E-14));
#2886=CARTESIAN_POINT('',(18.6612270990235,-25.3028880230364,1.05974629694473E-14));
#2887=CARTESIAN_POINT('Origin',(19.8907270990236,-25.3028880230364,5.82867087928207E-15));
#2888=CARTESIAN_POINT('',(12.7705000000001,-49.1746405607374,1.6981245361042E-14));
#2889=CARTESIAN_POINT('Origin',(14.0000000000001,-49.1746405607374,1.22124532708767E-14));
#2890=CARTESIAN_POINT('',(19.1068542494923,-20.356854249492,1.20647539404267E-14));
#2891=CARTESIAN_POINT('Origin',(20.3568542494923,-20.356854249492,7.21644966006352E-15));
#2892=CARTESIAN_POINT('',(7.79314575050731,-9.04314575050736,6.36901245854965E-14));
#2893=CARTESIAN_POINT('Origin',(9.04314575050731,-9.04314575050736,5.88418203051333E-14));
#2894=CARTESIAN_POINT('',(9.69999999999983,-55.6370721549443,0.));
#2895=CARTESIAN_POINT('Origin',(14.7,-55.6370721549443,0.));
#2896=CARTESIAN_POINT('',(19.7,-14.6999999999999,0.));
#2897=CARTESIAN_POINT('Origin',(14.7,-14.6999999999999,0.));
#2898=CARTESIAN_POINT('',(7.9726176997293,-23.0664976625033,0.));
#2899=CARTESIAN_POINT('Origin',(9.22261769972931,-23.0664976625033,0.));
#2900=CARTESIAN_POINT('Origin',(8.46251043406382,-62.1250397808527,0.));
#2901=CARTESIAN_POINT('',(6.46251043406364,-58.6609381657145,0.));
#2902=CARTESIAN_POINT('Origin',(5.59648503027919,-59.1609381657144,0.));
#2903=CARTESIAN_POINT('',(5.09648503027921,-58.29491276193,0.));
#2904=CARTESIAN_POINT('Origin',(3.20290736989671,-60.5428708722625,0.));
#2905=CARTESIAN_POINT('',(2.28313995948849,-60.9353347696479,0.));
#2906=CARTESIAN_POINT('',(2.70290736989672,-59.676845468478,0.));
#2907=CARTESIAN_POINT('Origin',(5.96251043406365,-57.79491276193,0.));
#2908=CARTESIAN_POINT('Origin',(9.22261769972931,-23.0664976625033,0.));
#2909=CARTESIAN_POINT('',(7.9726176997293,-23.0664976625033,1.6));
#2910=CARTESIAN_POINT('Origin',(9.22261769972931,-23.0664976625033,1.6));
#2911=CARTESIAN_POINT('',(7.9726176997293,-23.0664976625033,0.));
#2912=CARTESIAN_POINT('Origin',(9.22261769972931,-23.0664976625033,1.6));
#2913=CARTESIAN_POINT('',(13.8226176997291,-23.0664976625035,1.6));
#2914=CARTESIAN_POINT('Origin',(9.22261769972911,-23.0664976625035,1.6));
#2915=CARTESIAN_POINT('Origin',(19.0999999999998,-12.2295,2.75));
#2916=CARTESIAN_POINT('',(23.0999999999998,-12.2295,3.7565));
#2917=CARTESIAN_POINT('Origin',(23.0999999999998,-12.2295,2.75));
#2918=CARTESIAN_POINT('',(19.0470253910002,-12.2295,3.7565));
#2919=CARTESIAN_POINT('',(19.0999999999998,-12.2295,3.7565));
#2920=CARTESIAN_POINT('',(18.2931143872692,-11.223,2.75));
#2921=CARTESIAN_POINT('Ctrl Pts',(18.2931143872692,-11.223,2.75));
#2922=CARTESIAN_POINT('Ctrl Pts',(18.2931143872692,-11.223,2.87799169335123));
#2923=CARTESIAN_POINT('Ctrl Pts',(18.3184864240156,-11.2487998054092,3.0096220757149));
#2924=CARTESIAN_POINT('Ctrl Pts',(18.4069971927263,-11.3440502931379,3.24513188771171));
#2925=CARTESIAN_POINT('Ctrl Pts',(18.4692722592082,-11.4133217114109,3.34940741526546));
#2926=CARTESIAN_POINT('Ctrl Pts',(18.6093805093139,-11.5805285921273,3.53120766914029));
#2927=CARTESIAN_POINT('Ctrl Pts',(18.7002668147858,-11.6962596321984,3.61506273194785));
#2928=CARTESIAN_POINT('Ctrl Pts',(18.8806318856823,-11.9528363994954,3.72782211581711));
#2929=CARTESIAN_POINT('Ctrl Pts',(18.9699557840179,-12.0938903912461,3.7565));
#2930=CARTESIAN_POINT('Ctrl Pts',(19.0470253910002,-12.2295,3.7565));
#2931=CARTESIAN_POINT('Ctrl Pts',(19.0470253910002,-12.2295,3.7565));
#2932=CARTESIAN_POINT('Ctrl Pts',(19.1149243127814,-12.3489731175894,3.7565));
#2933=CARTESIAN_POINT('Ctrl Pts',(19.1825832726001,-12.4807014571334,3.73386437297345));
#2934=CARTESIAN_POINT('Ctrl Pts',(19.2975843329785,-12.7299601398963,3.63353323962835));
#2935=CARTESIAN_POINT('Ctrl Pts',(19.345162634218,-12.8472914897483,3.55561446078023));
#2936=CARTESIAN_POINT('Ctrl Pts',(19.4133240741268,-13.028680449679,3.37422550084952));
#2937=CARTESIAN_POINT('Ctrl Pts',(19.4395405770783,-13.1063485844651,3.26211087788603));
#2938=CARTESIAN_POINT('Ctrl Pts',(19.4731487685057,-13.2100266954348,3.01398581043145));
#2939=CARTESIAN_POINT('Ctrl Pts',(19.4808685403387,-13.236,2.87800459194175));
#2940=CARTESIAN_POINT('Ctrl Pts',(19.4808685403387,-13.236,2.62469906842129));
#2941=CARTESIAN_POINT('Ctrl Pts',(19.4734618453096,-13.2111047000398,2.49138702596062));
#2942=CARTESIAN_POINT('Ctrl Pts',(19.4412005832261,-13.1113640050726,2.24726326131383));
#2943=CARTESIAN_POINT('Ctrl Pts',(19.4160441150651,-13.0365558649813,2.13647631003026));
#2944=CARTESIAN_POINT('Ctrl Pts',(19.3493230547971,-12.8577328807384,1.95202765030375));
#2945=CARTESIAN_POINT('Ctrl Pts',(19.3014706218035,-12.7389041812108,1.87119230036595));
#2946=CARTESIAN_POINT('Ctrl Pts',(19.1850685352785,-12.4855951126681,1.76703976805101));
#2947=CARTESIAN_POINT('Ctrl Pts',(19.1162609138247,-12.3513249648563,1.7435));
#2948=CARTESIAN_POINT('Ctrl Pts',(18.9699557840179,-12.0938903912461,1.7435));
#2949=CARTESIAN_POINT('Ctrl Pts',(18.8806318856823,-11.9528363994954,1.77217788418289));
#2950=CARTESIAN_POINT('Ctrl Pts',(18.7002668147858,-11.6962596321984,1.88493726805215));
#2951=CARTESIAN_POINT('Ctrl Pts',(18.6093805093139,-11.5805285921273,1.96879233085971));
#2952=CARTESIAN_POINT('Ctrl Pts',(18.4692722592082,-11.4133217114109,2.15059258473454));
#2953=CARTESIAN_POINT('Ctrl Pts',(18.4069971927263,-11.3440502931379,2.25486811228829));
#2954=CARTESIAN_POINT('Ctrl Pts',(18.3184864240156,-11.2487998054092,2.4903779242851));
#2955=CARTESIAN_POINT('Ctrl Pts',(18.2931143872692,-11.223,2.62200830664877));
#2956=CARTESIAN_POINT('Ctrl Pts',(18.2931143872692,-11.223,2.75));
#2957=CARTESIAN_POINT('Origin',(19.0999999999998,-59.3750397808527,2.75));
#2958=CARTESIAN_POINT('',(23.0999999999998,-59.3750397808527,3.7565));
#2959=CARTESIAN_POINT('Origin',(23.0999999999998,-59.3750397808527,2.75));
#2960=CARTESIAN_POINT('',(18.0207827432191,-59.3750397808527,3.7565));
#2961=CARTESIAN_POINT('',(19.0999999999998,-59.3750397808527,3.7565));
#2962=CARTESIAN_POINT('',(18.8879690314776,-58.3685397808527,2.75));
#2963=CARTESIAN_POINT('Ctrl Pts',(18.8879690314776,-58.3685397808527,2.75));
#2964=CARTESIAN_POINT('Ctrl Pts',(18.8879690314776,-58.3685397808527,2.87300544199002));
#2965=CARTESIAN_POINT('Ctrl Pts',(18.8725281801547,-58.3926364844011,3.00260797948284));
#2966=CARTESIAN_POINT('Ctrl Pts',(18.8098631226328,-58.48525606283,3.23704381888925));
#2967=CARTESIAN_POINT('Ctrl Pts',(18.7623321665777,-58.5535601808731,3.34188139991219));
#2968=CARTESIAN_POINT('Ctrl Pts',(18.6292510029188,-58.7319150293121,3.53987659143808));
#2969=CARTESIAN_POINT('Ctrl Pts',(18.5255732280993,-58.8614517874707,3.62725224136926));
#2970=CARTESIAN_POINT('Ctrl Pts',(18.2867961780748,-59.1251272361727,3.73533626079112));
#2971=CARTESIAN_POINT('Ctrl Pts',(18.1515060967207,-59.2589061221674,3.7565));
#2972=CARTESIAN_POINT('Ctrl Pts',(18.0207827432191,-59.3750397808527,3.7565));
#2973=CARTESIAN_POINT('Ctrl Pts',(18.0207827432191,-59.3750397808527,3.7565));
#2974=CARTESIAN_POINT('Ctrl Pts',(17.7124766407626,-59.6489366379497,3.7565));
#2975=CARTESIAN_POINT('Ctrl Pts',(17.314361968363,-59.9156113545929,3.63283437678829));
#2976=CARTESIAN_POINT('Ctrl Pts',(16.7932642582443,-60.1826726764103,3.36577305497094));
#2977=CARTESIAN_POINT('Ctrl Pts',(16.5701820417519,-60.2768760581933,3.23043499293538));
#2978=CARTESIAN_POINT('Ctrl Pts',(16.3837626512778,-60.3452020802529,3.02151401369592));
#2979=CARTESIAN_POINT('Ctrl Pts',(16.3469036121223,-60.3581419199396,2.9724883835761));
#2980=CARTESIAN_POINT('Ctrl Pts',(16.2936818007339,-60.3763726883035,2.86542661471901));
#2981=CARTESIAN_POINT('Ctrl Pts',(16.2779819221741,-60.3815397808527,2.80704120246096));
#2982=CARTESIAN_POINT('Ctrl Pts',(16.2779819221741,-60.3815397808527,2.70252160896488));
#2983=CARTESIAN_POINT('Ctrl Pts',(16.2889431287107,-60.3779253857456,2.65278838474861));
#2984=CARTESIAN_POINT('Ctrl Pts',(16.3281937795557,-60.3645889060076,2.56020491411124));
#2985=CARTESIAN_POINT('Ctrl Pts',(16.3560058346686,-60.3549697191902,2.51713822735374));
#2986=CARTESIAN_POINT('Ctrl Pts',(16.4940515313554,-60.3055761037793,2.33939512053912));
#2987=CARTESIAN_POINT('Ctrl Pts',(16.6649897624274,-60.2375783133337,2.219625516787));
#2988=CARTESIAN_POINT('Ctrl Pts',(17.0021556233959,-60.0805702423569,2.01762680849131));
#2989=CARTESIAN_POINT('Ctrl Pts',(17.2167284670045,-59.9647342169681,1.92015360766347));
#2990=CARTESIAN_POINT('Ctrl Pts',(17.6361270608457,-59.6919136922278,1.78254206881961));
#2991=CARTESIAN_POINT('Ctrl Pts',(17.8411267536453,-59.534644830869,1.7435));
#2992=CARTESIAN_POINT('Ctrl Pts',(18.1515060967207,-59.2589061221674,1.7435));
#2993=CARTESIAN_POINT('Ctrl Pts',(18.2867961780748,-59.1251272361727,1.76466373920888));
#2994=CARTESIAN_POINT('Ctrl Pts',(18.5255732280993,-58.8614517874707,1.87274775863074));
#2995=CARTESIAN_POINT('Ctrl Pts',(18.6292510029188,-58.7319150293121,1.96012340856192));
#2996=CARTESIAN_POINT('Ctrl Pts',(18.7623321665777,-58.5535601808731,2.15811860008781));
#2997=CARTESIAN_POINT('Ctrl Pts',(18.8098631226328,-58.48525606283,2.26295618111075));
#2998=CARTESIAN_POINT('Ctrl Pts',(18.8725281801547,-58.3926364844011,2.49739202051716));
#2999=CARTESIAN_POINT('Ctrl Pts',(18.8879690314776,-58.3685397808527,2.62699455800998));
#3000=CARTESIAN_POINT('Ctrl Pts',(18.8879690314776,-58.3685397808527,2.75));
#3001=CARTESIAN_POINT('Origin',(1.02500000000013,-35.1685360774719,-1.99999999999987));
#3002=CARTESIAN_POINT('Origin',(1.2712053631958E-13,-35.1685360774719,-1.99999999999987));
#3003=CARTESIAN_POINT('Origin',(1.22405333673469E-13,-17.5000000000283,
0.));
#3004=CARTESIAN_POINT('',(1.35447209004269E-13,-65.8370721549442,9.29999999999973));
#3005=CARTESIAN_POINT('',(1.35447209004269E-13,-65.8370721549442,0.));
#3006=CARTESIAN_POINT('',(1.19348975147204E-13,-17.5000000000283,9.29999999999976));
#3007=CARTESIAN_POINT('',(1.24344978758018E-13,-25.2092680387502,9.29999999999976));
#3008=CARTESIAN_POINT('',(1.19348975147204E-13,-17.5000000000283,0.));
#3009=CARTESIAN_POINT('Origin',(22.3999999999998,-3.25000000000003,6.64999999999966));
#3010=CARTESIAN_POINT('',(27.3999999999998,-3.25000000000003,7.87949999999966));
#3011=CARTESIAN_POINT('Origin',(27.3999999999998,-3.25000000000003,6.64999999999966));
#3012=CARTESIAN_POINT('',(17.3999999999998,-3.25000000000003,7.87949999999966));
#3013=CARTESIAN_POINT('',(22.3999999999998,-3.25000000000003,7.87949999999966));
#3014=CARTESIAN_POINT('Origin',(17.3999999999998,-3.25000000000003,6.64999999999966));
#3015=CARTESIAN_POINT('Origin',(17.3999999999998,-3.25000000000003,6.64999999999966));
#3016=CARTESIAN_POINT('Origin',(20.1046276467488,-9.50000000000002,1.52499999999969));
#3017=CARTESIAN_POINT('',(18.8751276467488,-9.50000000000003,9.29999999999969));
#3018=CARTESIAN_POINT('Origin',(20.1046276467488,-9.50000000000003,9.29999999999969));
#3019=CARTESIAN_POINT('',(18.8751276467488,-9.50000000000002,1.52499999999969));
#3020=CARTESIAN_POINT('Origin',(4.0000000000001,-46.5095389096425,1.52499999999972));
#3021=CARTESIAN_POINT('',(2.77050000000013,-46.5095389096425,9.29999999999973));
#3022=CARTESIAN_POINT('Origin',(4.00000000000013,-46.5095389096425,9.29999999999973));
#3023=CARTESIAN_POINT('',(2.7705000000001,-46.5095389096425,1.52499999999973));
#3024=CARTESIAN_POINT('Origin',(3.5000000000001,-62.3370721549442,1.52499999999971));
#3025=CARTESIAN_POINT('',(2.27050000000013,-62.3370721549442,9.29999999999972));
#3026=CARTESIAN_POINT('Origin',(3.50000000000013,-62.3370721549442,9.29999999999972));
#3027=CARTESIAN_POINT('',(2.2705000000001,-62.3370721549442,1.52499999999972));
#3028=CARTESIAN_POINT('',(2.56073282842824,-61.5436949241092,1.52499999999972));
#3029=CARTESIAN_POINT('Origin',(16.8249999999999,-57.8370721549442,1.52499999999967));
#3030=CARTESIAN_POINT('',(15.5954999999999,-57.8370721549442,9.29999999999967));
#3031=CARTESIAN_POINT('Origin',(16.8249999999999,-57.8370721549442,9.29999999999967));
#3032=CARTESIAN_POINT('',(15.5954999999999,-57.8370721549442,4.));
#3033=CARTESIAN_POINT('',(15.5954999999999,-57.8370721549442,1.52499999999967));
#3034=CARTESIAN_POINT('Origin',(16.8249999999999,-57.8370721549442,3.99999999999999));
#3035=CARTESIAN_POINT('Origin',(19.8907270990236,-25.3028880230364,1.52499999999968));
#3036=CARTESIAN_POINT('',(18.6612270990236,-25.3028880230364,9.29999999999968));
#3037=CARTESIAN_POINT('Origin',(19.8907270990236,-25.3028880230364,9.29999999999968));
#3038=CARTESIAN_POINT('',(18.6612270990236,-25.3028880230364,1.52499999999968));
#3039=CARTESIAN_POINT('Origin',(14.0000000000001,-49.1746405607374,1.52499999999968));
#3040=CARTESIAN_POINT('',(12.7705000000001,-49.1746405607374,9.29999999999969));
#3041=CARTESIAN_POINT('Origin',(14.0000000000001,-49.1746405607374,9.29999999999968));
#3042=CARTESIAN_POINT('',(12.7705000000001,-49.1746405607374,1.52499999999969));
#3043=CARTESIAN_POINT('Origin',(14.7,-55.6370721549443,0.));
#3044=CARTESIAN_POINT('Origin',(20.3568542494923,-20.356854249492,3.99999999999968));
#3045=CARTESIAN_POINT('',(18.1068542494923,-20.356854249492,3.99999999999969));
#3046=CARTESIAN_POINT('Origin',(20.3568542494923,-20.356854249492,3.99999999999968));
#3047=CARTESIAN_POINT('',(19.1068542494923,-20.356854249492,3.99999999999968));
#3048=CARTESIAN_POINT('Origin',(20.3568542494923,-20.356854249492,3.99999999999968));
#3049=CARTESIAN_POINT('Origin',(20.3568542494923,-20.356854249492,6.64999999999968));
#3050=CARTESIAN_POINT('',(18.1068542494923,-20.356854249492,9.29999999999969));
#3051=CARTESIAN_POINT('Origin',(20.3568542494923,-20.356854249492,9.29999999999968));
#3052=CARTESIAN_POINT('',(18.1068542494923,-20.356854249492,6.64999999999969));
#3053=CARTESIAN_POINT('Origin',(20.3568542494923,-20.356854249492,4.14999999999968));
#3054=CARTESIAN_POINT('',(19.1068542494923,-20.356854249492,4.14999999999968));
#3055=CARTESIAN_POINT('Origin',(9.04314575050733,-9.04314575050737,3.99999999999973));
#3056=CARTESIAN_POINT('',(6.79314575050733,-9.04314575050736,3.99999999999974));
#3057=CARTESIAN_POINT('Origin',(9.04314575050733,-9.04314575050737,3.99999999999973));
#3058=CARTESIAN_POINT('',(7.79314575050733,-9.04314575050737,3.99999999999973));
#3059=CARTESIAN_POINT('Origin',(9.04314575050733,-9.04314575050737,3.99999999999973));
#3060=CARTESIAN_POINT('Origin',(9.04314575050734,-9.04314575050737,6.64999999999973));
#3061=CARTESIAN_POINT('',(6.79314575050735,-9.04314575050737,9.29999999999974));
#3062=CARTESIAN_POINT('Origin',(9.04314575050735,-9.04314575050737,9.29999999999973));
#3063=CARTESIAN_POINT('',(6.79314575050734,-9.04314575050737,6.64999999999974));
#3064=CARTESIAN_POINT('Origin',(9.04314575050733,-9.04314575050737,4.14999999999973));
#3065=CARTESIAN_POINT('',(7.79314575050733,-9.04314575050737,4.14999999999974));
#3066=CARTESIAN_POINT('Origin',(20.0999999999998,-60.8370721549442,6.29999999999965));
#3067=CARTESIAN_POINT('',(18.8704999999998,-65.8370721549442,6.29999999999965));
#3068=CARTESIAN_POINT('Origin',(20.0999999999998,-65.8370721549442,6.29999999999965));
#3069=CARTESIAN_POINT('',(18.8704999999998,-55.8370721549442,6.29999999999965));
#3070=CARTESIAN_POINT('',(18.8704999999998,-60.8370721549442,6.29999999999965));
#3071=CARTESIAN_POINT('Origin',(20.0999999999998,-55.8370721549442,6.29999999999965));
#3072=CARTESIAN_POINT('Origin',(20.0999999999998,-55.8370721549442,6.29999999999965));
#3073=CARTESIAN_POINT('Origin',(7.00000000000014,-60.8370721549442,6.2999999999997));
#3074=CARTESIAN_POINT('',(5.77050000000014,-65.8370721549442,6.2999999999997));
#3075=CARTESIAN_POINT('Origin',(7.00000000000014,-65.8370721549442,6.2999999999997));
#3076=CARTESIAN_POINT('',(5.77050000000014,-55.8370721549442,6.2999999999997));
#3077=CARTESIAN_POINT('',(5.77050000000014,-60.8370721549442,6.2999999999997));
#3078=CARTESIAN_POINT('Origin',(7.00000000000014,-55.8370721549442,6.2999999999997));
#3079=CARTESIAN_POINT('Origin',(7.00000000000014,-55.8370721549442,6.2999999999997));
#3080=CARTESIAN_POINT('Origin',(13.55,-60.8370721549442,6.29999999999967));
#3081=CARTESIAN_POINT('',(12.3205,-65.8370721549442,6.29999999999968));
#3082=CARTESIAN_POINT('Origin',(13.55,-65.8370721549442,6.29999999999967));
#3083=CARTESIAN_POINT('',(12.3205,-55.8370721549442,6.29999999999968));
#3084=CARTESIAN_POINT('',(12.3205,-60.8370721549442,6.29999999999968));
#3085=CARTESIAN_POINT('Origin',(13.55,-55.8370721549442,6.29999999999967));
#3086=CARTESIAN_POINT('Origin',(13.55,-55.8370721549442,6.29999999999967));
#3087=CARTESIAN_POINT('Origin',(14.7,-55.6370721549443,0.));
#3088=CARTESIAN_POINT('',(9.69999999999983,-55.6370721549443,4.));
#3089=CARTESIAN_POINT('',(9.69999999999983,-55.6370721549443,0.));
#3090=CARTESIAN_POINT('Origin',(14.7,-55.6370721549443,4.));
#3091=CARTESIAN_POINT('Origin',(14.7,-55.6370721549443,4.));
#3092=CARTESIAN_POINT('Origin',(23.0999999999998,-62.1250397808527,0.));
#3093=CARTESIAN_POINT('',(23.0999999999998,-62.1250397808527,0.));
#3094=CARTESIAN_POINT('Origin',(4.46087470692304,-64.4353852451161,0.));
#3095=CARTESIAN_POINT('',(23.0999999999998,-64.4353852451161,0.));
#3096=CARTESIAN_POINT('Origin',(20.9374895659358,-49.1491045290356,0.));
#3097=CARTESIAN_POINT('',(23.0999999999998,-52.8946824727323,4.));
#3098=CARTESIAN_POINT('',(20.9374895659358,-49.1491045290356,4.));
#3099=CARTESIAN_POINT('',(23.0999999999998,-52.8946824727323,0.));
#3100=CARTESIAN_POINT('Origin',(22.0187447829678,-50.3976305102679,4.));
#3101=CARTESIAN_POINT('',(23.0999999999998,-58.117351332606,4.));
#3102=CARTESIAN_POINT('Origin',(23.0999999999998,-65.8370721549442,0.));
#3103=CARTESIAN_POINT('',(23.0999999999998,-6.50000000000003,9.29999999999968));
#3104=CARTESIAN_POINT('',(23.0999999999998,-6.50000000000003,0.));
#3105=CARTESIAN_POINT('',(23.0999999999998,-65.8370721549442,9.29999999999964));
#3106=CARTESIAN_POINT('',(23.0999999999998,-49.3778041162082,9.29999999999965));
#3107=CARTESIAN_POINT('',(23.0999999999998,-65.8370721549442,0.));
#3108=CARTESIAN_POINT('Origin',(9.22261769972911,-23.0664976625035,0.));
#3109=CARTESIAN_POINT('',(16.9384429946624,-26.3870458127443,6.2));
#3110=CARTESIAN_POINT('',(16.7180733790127,-19.2746453236201,6.2));
#3111=CARTESIAN_POINT('Origin',(9.22261769972911,-23.0664976625035,6.2));
#3112=CARTESIAN_POINT('',(16.9384429946624,-26.3870458127443,9.29999999999969));
#3113=CARTESIAN_POINT('',(16.9384429946624,-26.3870458127443,0.));
#3114=CARTESIAN_POINT('',(16.7180733790127,-19.2746453236201,9.29999999999969));
#3115=CARTESIAN_POINT('Origin',(9.22261769972911,-23.0664976625035,9.2999999999997));
#3116=CARTESIAN_POINT('',(16.7180733790127,-19.2746453236201,0.));
#3117=CARTESIAN_POINT('Origin',(9.22261769972911,-23.0664976625035,0.));
#3118=CARTESIAN_POINT('',(9.7000396967198,-14.6800760038466,6.2));
#3119=CARTESIAN_POINT('',(4.0542418824415,-29.6882717005749,6.2));
#3120=CARTESIAN_POINT('Origin',(9.22261769972911,-23.0664976625035,6.2));
#3121=CARTESIAN_POINT('',(9.7000396967198,-14.6800760038466,9.29999999999972));
#3122=CARTESIAN_POINT('',(9.7000396967198,-14.6800760038466,0.));
#3123=CARTESIAN_POINT('',(4.0542418824415,-29.6882717005749,9.29999999999974));
#3124=CARTESIAN_POINT('Origin',(9.22261769972911,-23.0664976625035,9.2999999999997));
#3125=CARTESIAN_POINT('',(4.0542418824415,-29.6882717005749,0.));
#3126=CARTESIAN_POINT('Origin',(13.6999999999999,-32.9185360774721,9.2999999999997));
#3127=CARTESIAN_POINT('',(27.3999999999998,-3.12250225675825E-14,9.29999999999966));
#3128=CARTESIAN_POINT('',(27.3999999999998,-6.50000000000003,9.29999999999966));
#3129=CARTESIAN_POINT('',(27.3999999999998,-19.7092680387361,9.29999999999965));
#3130=CARTESIAN_POINT('',(1.17683640610267E-13,-3.44169137633799E-14,9.29999999999977));
#3131=CARTESIAN_POINT('',(20.5499999999999,-3.10862446895044E-14,9.29999999999969));
#3132=CARTESIAN_POINT('',(1.14075415780235E-13,-0.99999999999996,9.29999999999977));
#3133=CARTESIAN_POINT('',(1.22124532708767E-13,-16.4592680387361,9.29999999999976));
#3134=CARTESIAN_POINT('',(2.49999999999976,-0.999999999999959,9.29999999999976));
#3135=CARTESIAN_POINT('',(6.85000000000004,-0.999999999999959,9.29999999999974));
#3136=CARTESIAN_POINT('',(2.49999999999977,-17.5000000000283,9.29999999999975));
#3137=CARTESIAN_POINT('',(2.49999999999977,-16.959268038736,9.29999999999975));
#3138=CARTESIAN_POINT('',(8.09999999999988,-17.5000000000283,9.29999999999973));
#3139=CARTESIAN_POINT('',(6.85000000000006,-65.8370721549442,9.2999999999997));
#3140=CARTESIAN_POINT('',(18.3999999999999,-6.50000000000003,9.2999999999997));
#3141=CARTESIAN_POINT('Origin',(12.35,-35.2722127152134,9.2999999999997));
#3142=CARTESIAN_POINT('',(19.7,-14.6999999999999,9.29999999999972));
#3143=CARTESIAN_POINT('Origin',(14.7,-14.6999999999999,9.2999999999997));
#3144=CARTESIAN_POINT('Origin',(14.7,-14.6999999999999,9.2999999999997));
#3145=CARTESIAN_POINT('Origin',(12.35,-35.2722127152134,0.));
#3146=CARTESIAN_POINT('',(13.2374888598672,-25.3116723923388,6.2));
#3147=CARTESIAN_POINT('Origin',(12.35,-35.2722127152134,6.2));
#3148=CARTESIAN_POINT('',(13.2374888598672,-25.3116723923388,0.));
#3149=CARTESIAN_POINT('',(6.78207504448924,-26.9656964966173,6.2));
#3150=CARTESIAN_POINT('',(6.78207504448924,-26.9656964966173,0.));
#3151=CARTESIAN_POINT('Origin',(12.35,-35.2722127152134,6.2));
#3152=CARTESIAN_POINT('Origin',(25.2499999999998,-3.25000000000003,6.2));
#3153=CARTESIAN_POINT('Origin',(14.7,-14.6999999999999,6.2));
#3154=CARTESIAN_POINT('',(13.8226176997291,-23.0664976625035,6.2));
#3155=CARTESIAN_POINT('Origin',(9.22261769972911,-23.0664976625035,6.2));
#3156=CARTESIAN_POINT('Origin',(9.22261769972911,-23.0664976625035,6.2));
#3157=CARTESIAN_POINT('Origin',(9.22261769972911,-23.0664976625035,0.));
#3158=CARTESIAN_POINT('',(13.8226176997291,-23.0664976625035,0.));
#3159=CARTESIAN_POINT('Origin',(14.7,-14.6999999999999,0.));
#3160=CARTESIAN_POINT('',(19.7,-14.6999999999999,0.));
#3161=CARTESIAN_POINT('Origin',(27.3999999999998,-6.50000000000003,0.));
#3162=CARTESIAN_POINT('',(27.3999999999998,-3.12250225675825E-14,0.));
#3163=CARTESIAN_POINT('',(27.3999999999998,-6.50000000000003,0.));
#3164=CARTESIAN_POINT('Origin',(23.0999999999998,-6.50000000000003,0.));
#3165=CARTESIAN_POINT('Origin',(1.35447209004269E-13,-65.8370721549442,
0.));
#3166=CARTESIAN_POINT('Origin',(2.49999999999977,-17.5000000000283,0.));
#3167=CARTESIAN_POINT('',(2.49999999999977,-17.5000000000283,0.));
#3168=CARTESIAN_POINT('Origin',(2.49999999999976,-0.999999999999959,0.));
#3169=CARTESIAN_POINT('',(2.49999999999976,-0.999999999999959,0.));
#3170=CARTESIAN_POINT('Origin',(1.14075415780235E-13,-0.99999999999996,
0.));
#3171=CARTESIAN_POINT('',(1.14075415780235E-13,-0.99999999999996,0.));
#3172=CARTESIAN_POINT('Origin',(1.17683640610267E-13,-3.44169137633799E-14,
0.));
#3173=CARTESIAN_POINT('',(1.17683640610267E-13,-3.44169137633799E-14,0.));
#3174=CARTESIAN_POINT('Origin',(27.3999999999998,-3.12250225675825E-14,
0.));
#3175=UNCERTAINTY_MEASURE_WITH_UNIT(LENGTH_MEASURE(0.01),#3179,
'DISTANCE_ACCURACY_VALUE',
'Maximum model space distance between geometric entities at asserted c
onnectivities');
#3176=UNCERTAINTY_MEASURE_WITH_UNIT(LENGTH_MEASURE(0.01),#3179,
'DISTANCE_ACCURACY_VALUE',
'Maximum model space distance between geometric entities at asserted c
onnectivities');
#3177=(
GEOMETRIC_REPRESENTATION_CONTEXT(3)
GLOBAL_UNCERTAINTY_ASSIGNED_CONTEXT((#3175))
GLOBAL_UNIT_ASSIGNED_CONTEXT((#3179,#3181,#3182))
REPRESENTATION_CONTEXT('','3D')
);
#3178=(
GEOMETRIC_REPRESENTATION_CONTEXT(3)
GLOBAL_UNCERTAINTY_ASSIGNED_CONTEXT((#3176))
GLOBAL_UNIT_ASSIGNED_CONTEXT((#3179,#3181,#3182))
REPRESENTATION_CONTEXT('','3D')
);
#3179=(
LENGTH_UNIT()
NAMED_UNIT(*)
SI_UNIT(.MILLI.,.METRE.)
);
#3180=(
LENGTH_UNIT()
NAMED_UNIT(*)
SI_UNIT(.CENTI.,.METRE.)
);
#3181=(
NAMED_UNIT(*)
PLANE_ANGLE_UNIT()
SI_UNIT($,.RADIAN.)
);
#3182=(
NAMED_UNIT(*)
SI_UNIT($,.STERADIAN.)
SOLID_ANGLE_UNIT()
);
#3183=SHAPE_DEFINITION_REPRESENTATION(#3184,#3185);
#3184=PRODUCT_DEFINITION_SHAPE('',$,#3187);
#3185=SHAPE_REPRESENTATION('',(#1801),#3177);
#3186=PRODUCT_DEFINITION_CONTEXT('part definition',#3191,'design');
#3187=PRODUCT_DEFINITION('RightGearbox','RightGearbox',#3188,#3186);
#3188=PRODUCT_DEFINITION_FORMATION('',$,#3193);
#3189=PRODUCT_RELATED_PRODUCT_CATEGORY('RightGearbox','RightGearbox',(#3193));
#3190=APPLICATION_PROTOCOL_DEFINITION('international standard',
'automotive_design',2009,#3191);
#3191=APPLICATION_CONTEXT(
'Core Data for Automotive Mechanical Design Process');
#3192=PRODUCT_CONTEXT('part definition',#3191,'mechanical');
#3193=PRODUCT('RightGearbox','RightGearbox',$,(#3192));
#3194=PRESENTATION_STYLE_ASSIGNMENT((#3195));
#3195=SURFACE_STYLE_USAGE(.BOTH.,#3198);
#3196=SURFACE_STYLE_RENDERING_WITH_PROPERTIES($,#3202,(#3197));
#3197=SURFACE_STYLE_TRANSPARENT(0.);
#3198=SURFACE_SIDE_STYLE('',(#3199,#3196));
#3199=SURFACE_STYLE_FILL_AREA(#3200);
#3200=FILL_AREA_STYLE('',(#3201));
#3201=FILL_AREA_STYLE_COLOUR('',#3202);
#3202=COLOUR_RGB('',0.498039215686275,0.498039215686275,0.498039215686275);
ENDSEC;
END-ISO-10303-21;
