ISO-10303-21;
HEADER;
/* Generated by software containing ST-Developer
 * from STEP Tools, Inc. (www.steptools.com) 
 */

FILE_DESCRIPTION(
/* description */ (''),
/* implementation_level */ '2;1');

FILE_NAME(
/* name */ 'felga2.stp',
/* time_stamp */ '2026-08-04T14:14:15+02:00',
/* author */ ('szymo'),
/* organization */ (''),
/* preprocessor_version */ 'ST-DEVELOPER v20.1',
/* originating_system */ 'Autodesk Inventor 2026',
/* authorisation */ '');

FILE_SCHEMA (('AUTOMOTIVE_DESIGN { 1 0 10303 214 3 1 1 }'));
ENDSEC;

DATA;
#10=MECHANICAL_DESIGN_GEOMETRIC_PRESENTATION_REPRESENTATION('',(#13),#9893);
#11=SHAPE_REPRESENTATION_RELATIONSHIP('SRR','None',#9900,#12);
#12=ADVANCED_BREP_SHAPE_REPRESENTATION('',(#14),#9892);
#13=STYLED_ITEM('',(#9909),#14);
#14=MANIFOLD_SOLID_BREP('Solid2',#5448);
#15=FACE_BOUND('',#684,.T.);
#16=FACE_BOUND('',#822,.T.);
#17=FACE_BOUND('',#838,.T.);
#18=FACE_BOUND('',#839,.T.);
#19=FACE_BOUND('',#840,.T.);
#20=FACE_BOUND('',#841,.T.);
#21=FACE_BOUND('',#842,.T.);
#22=FACE_BOUND('',#852,.T.);
#23=FACE_BOUND('',#857,.T.);
#24=FACE_BOUND('',#858,.T.);
#25=FACE_BOUND('',#859,.T.);
#26=FACE_BOUND('',#860,.T.);
#27=FACE_BOUND('',#861,.T.);
#28=FACE_BOUND('',#862,.T.);
#29=FACE_BOUND('',#863,.T.);
#30=FACE_BOUND('',#864,.T.);
#31=FACE_BOUND('',#865,.T.);
#32=FACE_BOUND('',#866,.T.);
#33=FACE_BOUND('',#867,.T.);
#34=FACE_BOUND('',#868,.T.);
#35=FACE_BOUND('',#869,.T.);
#36=FACE_BOUND('',#870,.T.);
#37=FACE_BOUND('',#871,.T.);
#38=FACE_BOUND('',#872,.T.);
#39=FACE_BOUND('',#873,.T.);
#40=CYLINDRICAL_SURFACE('',#5607,8.85);
#41=CYLINDRICAL_SURFACE('',#5609,8.85);
#42=CYLINDRICAL_SURFACE('',#5611,8.85);
#43=CYLINDRICAL_SURFACE('',#5613,8.85);
#44=CYLINDRICAL_SURFACE('',#5653,8.85);
#45=CYLINDRICAL_SURFACE('',#5655,10.8);
#46=CYLINDRICAL_SURFACE('',#5657,10.8);
#47=CYLINDRICAL_SURFACE('',#5661,10.8);
#48=CYLINDRICAL_SURFACE('',#5663,10.8);
#49=CYLINDRICAL_SURFACE('',#5665,10.8);
#50=CYLINDRICAL_SURFACE('',#5667,10.8);
#51=CYLINDRICAL_SURFACE('',#5669,10.8);
#52=CYLINDRICAL_SURFACE('',#5671,10.8);
#53=CYLINDRICAL_SURFACE('',#5673,10.8);
#54=CYLINDRICAL_SURFACE('',#5675,10.8);
#55=CYLINDRICAL_SURFACE('',#5678,10.8);
#56=CYLINDRICAL_SURFACE('',#5680,10.8);
#57=CYLINDRICAL_SURFACE('',#5683,10.8);
#58=CYLINDRICAL_SURFACE('',#5685,10.8);
#59=CYLINDRICAL_SURFACE('',#5689,10.8);
#60=CYLINDRICAL_SURFACE('',#5691,10.8);
#61=CYLINDRICAL_SURFACE('',#5694,11.6);
#62=CYLINDRICAL_SURFACE('',#5696,11.6);
#63=CYLINDRICAL_SURFACE('',#5698,11.6);
#64=CYLINDRICAL_SURFACE('',#5700,11.6);
#65=CYLINDRICAL_SURFACE('',#5702,11.6);
#66=CYLINDRICAL_SURFACE('',#5704,11.6);
#67=CYLINDRICAL_SURFACE('',#5706,11.6);
#68=CYLINDRICAL_SURFACE('',#5708,11.6);
#69=CYLINDRICAL_SURFACE('',#5710,11.6);
#70=CYLINDRICAL_SURFACE('',#5712,11.6);
#71=CYLINDRICAL_SURFACE('',#5714,11.6);
#72=CYLINDRICAL_SURFACE('',#5716,11.6);
#73=CYLINDRICAL_SURFACE('',#5718,11.6);
#74=CYLINDRICAL_SURFACE('',#5720,11.6);
#75=CYLINDRICAL_SURFACE('',#5722,11.6);
#76=CYLINDRICAL_SURFACE('',#5724,11.6);
#77=CYLINDRICAL_SURFACE('',#5728,0.5);
#78=CYLINDRICAL_SURFACE('',#5731,10.8);
#79=CYLINDRICAL_SURFACE('',#5734,0.5);
#80=CYLINDRICAL_SURFACE('',#5738,0.5);
#81=CYLINDRICAL_SURFACE('',#5741,0.5);
#82=CYLINDRICAL_SURFACE('',#5745,0.5);
#83=CYLINDRICAL_SURFACE('',#5748,10.8);
#84=CYLINDRICAL_SURFACE('',#5751,0.5);
#85=CYLINDRICAL_SURFACE('',#5755,0.5);
#86=CYLINDRICAL_SURFACE('',#5758,0.5);
#87=CYLINDRICAL_SURFACE('',#5762,0.5);
#88=CYLINDRICAL_SURFACE('',#5765,0.5);
#89=CYLINDRICAL_SURFACE('',#5769,0.5);
#90=CYLINDRICAL_SURFACE('',#5772,10.8);
#91=CYLINDRICAL_SURFACE('',#5775,0.5);
#92=CYLINDRICAL_SURFACE('',#5779,0.5);
#93=CYLINDRICAL_SURFACE('',#5782,0.5);
#94=CYLINDRICAL_SURFACE('',#5786,0.5);
#95=CYLINDRICAL_SURFACE('',#5789,10.8);
#96=CYLINDRICAL_SURFACE('',#5792,0.5);
#97=CYLINDRICAL_SURFACE('',#5796,0.5);
#98=CYLINDRICAL_SURFACE('',#5800,0.5);
#99=CYLINDRICAL_SURFACE('',#5803,10.8);
#100=CYLINDRICAL_SURFACE('',#5806,0.5);
#101=CYLINDRICAL_SURFACE('',#5810,0.5);
#102=CYLINDRICAL_SURFACE('',#5813,0.5);
#103=CYLINDRICAL_SURFACE('',#5816,10.8);
#104=CYLINDRICAL_SURFACE('',#5819,0.5);
#105=CYLINDRICAL_SURFACE('',#5823,0.5);
#106=CYLINDRICAL_SURFACE('',#5826,0.5);
#107=CYLINDRICAL_SURFACE('',#5830,0.5);
#108=CYLINDRICAL_SURFACE('',#5833,10.8);
#109=CYLINDRICAL_SURFACE('',#5836,0.5);
#110=CYLINDRICAL_SURFACE('',#5840,0.5);
#111=CYLINDRICAL_SURFACE('',#5843,0.5);
#112=CYLINDRICAL_SURFACE('',#5847,0.5);
#113=CYLINDRICAL_SURFACE('',#5850,10.8);
#114=CYLINDRICAL_SURFACE('',#5853,0.5);
#115=CYLINDRICAL_SURFACE('',#5857,0.5);
#116=CYLINDRICAL_SURFACE('',#5861,0.5);
#117=CYLINDRICAL_SURFACE('',#5864,0.5);
#118=CYLINDRICAL_SURFACE('',#5868,0.5);
#119=CYLINDRICAL_SURFACE('',#5871,10.8);
#120=CYLINDRICAL_SURFACE('',#5874,0.5);
#121=CYLINDRICAL_SURFACE('',#5878,0.5);
#122=CYLINDRICAL_SURFACE('',#5881,0.5);
#123=CYLINDRICAL_SURFACE('',#5885,0.5);
#124=CYLINDRICAL_SURFACE('',#5888,10.8);
#125=CYLINDRICAL_SURFACE('',#5891,0.5);
#126=CYLINDRICAL_SURFACE('',#5895,0.5);
#127=CYLINDRICAL_SURFACE('',#5898,0.5);
#128=CYLINDRICAL_SURFACE('',#5902,0.5);
#129=CYLINDRICAL_SURFACE('',#5905,10.8);
#130=CYLINDRICAL_SURFACE('',#5908,0.5);
#131=CYLINDRICAL_SURFACE('',#5912,0.5);
#132=CYLINDRICAL_SURFACE('',#5915,0.5);
#133=CYLINDRICAL_SURFACE('',#5918,10.8);
#134=CYLINDRICAL_SURFACE('',#5921,0.5);
#135=CYLINDRICAL_SURFACE('',#5925,0.5);
#136=CYLINDRICAL_SURFACE('',#5928,0.5);
#137=CYLINDRICAL_SURFACE('',#5933,10.8);
#138=CYLINDRICAL_SURFACE('',#5941,10.8);
#139=CYLINDRICAL_SURFACE('',#5945,10.8);
#140=CYLINDRICAL_SURFACE('',#5950,10.8);
#141=CYLINDRICAL_SURFACE('',#5956,10.8);
#142=CYLINDRICAL_SURFACE('',#5961,10.8);
#143=CYLINDRICAL_SURFACE('',#5966,10.8);
#144=CYLINDRICAL_SURFACE('',#5971,10.8);
#145=CYLINDRICAL_SURFACE('',#5976,10.8);
#146=CYLINDRICAL_SURFACE('',#5981,10.8);
#147=CYLINDRICAL_SURFACE('',#5986,10.8);
#148=CYLINDRICAL_SURFACE('',#5991,10.8);
#149=CYLINDRICAL_SURFACE('',#5996,10.8);
#150=CYLINDRICAL_SURFACE('',#6001,10.8);
#151=CYLINDRICAL_SURFACE('',#6006,10.8);
#152=CYLINDRICAL_SURFACE('',#6011,10.8);
#153=CYLINDRICAL_SURFACE('',#6049,3.);
#154=CYLINDRICAL_SURFACE('',#6060,1.6);
#155=CYLINDRICAL_SURFACE('',#6064,1.6);
#156=CYLINDRICAL_SURFACE('',#6068,1.6);
#157=CYLINDRICAL_SURFACE('',#6072,1.6);
#158=CYLINDRICAL_SURFACE('',#6075,11.6);
#159=CYLINDRICAL_SURFACE('',#6077,11.6);
#160=CYLINDRICAL_SURFACE('',#6080,10.);
#161=PLANE('',#5540);
#162=PLANE('',#5543);
#163=PLANE('',#5546);
#164=PLANE('',#5549);
#165=PLANE('',#5552);
#166=PLANE('',#5555);
#167=PLANE('',#5559);
#168=PLANE('',#5563);
#169=PLANE('',#5567);
#170=PLANE('',#5569);
#171=PLANE('',#5570);
#172=PLANE('',#5571);
#173=PLANE('',#5575);
#174=PLANE('',#5580);
#175=PLANE('',#5584);
#176=PLANE('',#5587);
#177=PLANE('',#5588);
#178=PLANE('',#5591);
#179=PLANE('',#5592);
#180=PLANE('',#5596);
#181=PLANE('',#5601);
#182=PLANE('',#5603);
#183=PLANE('',#5604);
#184=PLANE('',#5605);
#185=PLANE('',#5606);
#186=PLANE('',#5659);
#187=PLANE('',#5660);
#188=PLANE('',#5677);
#189=PLANE('',#5682);
#190=PLANE('',#5687);
#191=PLANE('',#5688);
#192=PLANE('',#5693);
#193=PLANE('',#5726);
#194=PLANE('',#5737);
#195=PLANE('',#5744);
#196=PLANE('',#5754);
#197=PLANE('',#5761);
#198=PLANE('',#5768);
#199=PLANE('',#5778);
#200=PLANE('',#5785);
#201=PLANE('',#5795);
#202=PLANE('',#5799);
#203=PLANE('',#5809);
#204=PLANE('',#5822);
#205=PLANE('',#5829);
#206=PLANE('',#5839);
#207=PLANE('',#5846);
#208=PLANE('',#5856);
#209=PLANE('',#5860);
#210=PLANE('',#5867);
#211=PLANE('',#5877);
#212=PLANE('',#5884);
#213=PLANE('',#5894);
#214=PLANE('',#5901);
#215=PLANE('',#5911);
#216=PLANE('',#5924);
#217=PLANE('',#5931);
#218=PLANE('',#5932);
#219=PLANE('',#5936);
#220=PLANE('',#5937);
#221=PLANE('',#5938);
#222=PLANE('',#5939);
#223=PLANE('',#5943);
#224=PLANE('',#5944);
#225=PLANE('',#5948);
#226=PLANE('',#5949);
#227=PLANE('',#5953);
#228=PLANE('',#5954);
#229=PLANE('',#5955);
#230=PLANE('',#5959);
#231=PLANE('',#5960);
#232=PLANE('',#5964);
#233=PLANE('',#5965);
#234=PLANE('',#5969);
#235=PLANE('',#5970);
#236=PLANE('',#5974);
#237=PLANE('',#5975);
#238=PLANE('',#5979);
#239=PLANE('',#5980);
#240=PLANE('',#5984);
#241=PLANE('',#5985);
#242=PLANE('',#5989);
#243=PLANE('',#5990);
#244=PLANE('',#5994);
#245=PLANE('',#5995);
#246=PLANE('',#5999);
#247=PLANE('',#6000);
#248=PLANE('',#6004);
#249=PLANE('',#6005);
#250=PLANE('',#6009);
#251=PLANE('',#6010);
#252=PLANE('',#6014);
#253=PLANE('',#6015);
#254=PLANE('',#6016);
#255=PLANE('',#6051);
#256=PLANE('',#6073);
#257=PLANE('',#6079);
#258=(
BOUNDED_CURVE()
B_SPLINE_CURVE(2,(#7717,#7718,#7719),.UNSPECIFIED.,.F.,.F.)
B_SPLINE_CURVE_WITH_KNOTS((3,3),(2.95592083349924,2.99295909607507),
 .UNSPECIFIED.)
CURVE()
GEOMETRIC_REPRESENTATION_ITEM()
RATIONAL_B_SPLINE_CURVE((1.30741230259946,1.29779942559818,1.28789738065686))
REPRESENTATION_ITEM('')
);
#259=(
BOUNDED_CURVE()
B_SPLINE_CURVE(2,(#7723,#7724,#7725),.UNSPECIFIED.,.F.,.F.)
B_SPLINE_CURVE_WITH_KNOTS((3,3),(0.456339438124873,0.493377700701133),
 .UNSPECIFIED.)
CURVE()
GEOMETRIC_REPRESENTATION_ITEM()
RATIONAL_B_SPLINE_CURVE((1.28789738065664,1.29779942559807,1.30741230259946))
REPRESENTATION_ITEM('')
);
#260=(
BOUNDED_CURVE()
B_SPLINE_CURVE(2,(#7729,#7730,#7731),.UNSPECIFIED.,.F.,.F.)
B_SPLINE_CURVE_WITH_KNOTS((3,3),(2.95592083349923,2.99295909607507),
 .UNSPECIFIED.)
CURVE()
GEOMETRIC_REPRESENTATION_ITEM()
RATIONAL_B_SPLINE_CURVE((1.30741230259946,1.29779942559818,1.28789738065686))
REPRESENTATION_ITEM('')
);
#261=(
BOUNDED_CURVE()
B_SPLINE_CURVE(2,(#7735,#7736,#7737),.UNSPECIFIED.,.F.,.F.)
B_SPLINE_CURVE_WITH_KNOTS((3,3),(0.456339438124872,0.493377700701132),
 .UNSPECIFIED.)
CURVE()
GEOMETRIC_REPRESENTATION_ITEM()
RATIONAL_B_SPLINE_CURVE((1.28789738065664,1.29779942559807,1.30741230259946))
REPRESENTATION_ITEM('')
);
#262=(
BOUNDED_CURVE()
B_SPLINE_CURVE(2,(#7741,#7742,#7743),.UNSPECIFIED.,.F.,.F.)
B_SPLINE_CURVE_WITH_KNOTS((3,3),(2.95592083349923,3.02291240982555),
 .UNSPECIFIED.)
CURVE()
GEOMETRIC_REPRESENTATION_ITEM()
RATIONAL_B_SPLINE_CURVE((1.30741230259946,1.29002536977484,1.27169244090094))
REPRESENTATION_ITEM('')
);
#263=(
BOUNDED_CURVE()
B_SPLINE_CURVE(2,(#7747,#7748,#7749),.UNSPECIFIED.,.F.,.F.)
B_SPLINE_CURVE_WITH_KNOTS((3,3),(0.426386124374816,0.493377700701134),
 .UNSPECIFIED.)
CURVE()
GEOMETRIC_REPRESENTATION_ITEM()
RATIONAL_B_SPLINE_CURVE((1.27169244090094,1.29002536977484,1.30741230259946))
REPRESENTATION_ITEM('')
);
#264=(
BOUNDED_CURVE()
B_SPLINE_CURVE(2,(#7753,#7754,#7755),.UNSPECIFIED.,.F.,.F.)
B_SPLINE_CURVE_WITH_KNOTS((3,3),(2.95592083349924,3.02291240982555),
 .UNSPECIFIED.)
CURVE()
GEOMETRIC_REPRESENTATION_ITEM()
RATIONAL_B_SPLINE_CURVE((1.30741230259946,1.29002536977484,1.27169244090094))
REPRESENTATION_ITEM('')
);
#265=(
BOUNDED_CURVE()
B_SPLINE_CURVE(2,(#7759,#7760,#7761),.UNSPECIFIED.,.F.,.F.)
B_SPLINE_CURVE_WITH_KNOTS((3,3),(0.426386124374816,0.493377700701134),
 .UNSPECIFIED.)
CURVE()
GEOMETRIC_REPRESENTATION_ITEM()
RATIONAL_B_SPLINE_CURVE((1.27169244090094,1.29002536977484,1.30741230259946))
REPRESENTATION_ITEM('')
);
#266=(
BOUNDED_CURVE()
B_SPLINE_CURVE(2,(#7765,#7766,#7767),.UNSPECIFIED.,.F.,.F.)
B_SPLINE_CURVE_WITH_KNOTS((3,3),(2.95592083349924,3.02291240982555),
 .UNSPECIFIED.)
CURVE()
GEOMETRIC_REPRESENTATION_ITEM()
RATIONAL_B_SPLINE_CURVE((1.30741230259946,1.29002536977484,1.27169244090094))
REPRESENTATION_ITEM('')
);
#267=(
BOUNDED_CURVE()
B_SPLINE_CURVE(2,(#7771,#7772,#7773),.UNSPECIFIED.,.F.,.F.)
B_SPLINE_CURVE_WITH_KNOTS((3,3),(0.426386124374818,0.493377700701137),
 .UNSPECIFIED.)
CURVE()
GEOMETRIC_REPRESENTATION_ITEM()
RATIONAL_B_SPLINE_CURVE((1.27169244090094,1.29002536977484,1.30741230259946))
REPRESENTATION_ITEM('')
);
#268=(
BOUNDED_CURVE()
B_SPLINE_CURVE(2,(#7777,#7778,#7779),.UNSPECIFIED.,.F.,.F.)
B_SPLINE_CURVE_WITH_KNOTS((3,3),(2.95592083349924,2.99295909607507),
 .UNSPECIFIED.)
CURVE()
GEOMETRIC_REPRESENTATION_ITEM()
RATIONAL_B_SPLINE_CURVE((1.30741230259946,1.29779942559818,1.28789738065687))
REPRESENTATION_ITEM('')
);
#269=(
BOUNDED_CURVE()
B_SPLINE_CURVE(2,(#7783,#7784,#7785),.UNSPECIFIED.,.F.,.F.)
B_SPLINE_CURVE_WITH_KNOTS((3,3),(0.456339438124875,0.493377700701135),
 .UNSPECIFIED.)
CURVE()
GEOMETRIC_REPRESENTATION_ITEM()
RATIONAL_B_SPLINE_CURVE((1.28789738065664,1.29779942559807,1.30741230259946))
REPRESENTATION_ITEM('')
);
#270=(
BOUNDED_CURVE()
B_SPLINE_CURVE(2,(#7789,#7790,#7791),.UNSPECIFIED.,.F.,.F.)
B_SPLINE_CURVE_WITH_KNOTS((3,3),(2.95592083349924,3.02291240982556),
 .UNSPECIFIED.)
CURVE()
GEOMETRIC_REPRESENTATION_ITEM()
RATIONAL_B_SPLINE_CURVE((1.30741230259946,1.29002536977484,1.27169244090094))
REPRESENTATION_ITEM('')
);
#271=(
BOUNDED_CURVE()
B_SPLINE_CURVE(2,(#7795,#7796,#7797),.UNSPECIFIED.,.F.,.F.)
B_SPLINE_CURVE_WITH_KNOTS((3,3),(0.426386124374818,0.493377700701136),
 .UNSPECIFIED.)
CURVE()
GEOMETRIC_REPRESENTATION_ITEM()
RATIONAL_B_SPLINE_CURVE((1.27169244090094,1.29002536977484,1.30741230259946))
REPRESENTATION_ITEM('')
);
#272=(
BOUNDED_CURVE()
B_SPLINE_CURVE(2,(#7801,#7802,#7803),.UNSPECIFIED.,.F.,.F.)
B_SPLINE_CURVE_WITH_KNOTS((3,3),(2.95592083349924,2.99295909607507),
 .UNSPECIFIED.)
CURVE()
GEOMETRIC_REPRESENTATION_ITEM()
RATIONAL_B_SPLINE_CURVE((1.30741230259946,1.29779942559818,1.28789738065686))
REPRESENTATION_ITEM('')
);
#273=(
BOUNDED_CURVE()
B_SPLINE_CURVE(2,(#7807,#7808,#7809),.UNSPECIFIED.,.F.,.F.)
B_SPLINE_CURVE_WITH_KNOTS((3,3),(0.456339438124877,0.493377700701138),
 .UNSPECIFIED.)
CURVE()
GEOMETRIC_REPRESENTATION_ITEM()
RATIONAL_B_SPLINE_CURVE((1.28789738065664,1.29779942559807,1.30741230259946))
REPRESENTATION_ITEM('')
);
#274=(
BOUNDED_CURVE()
B_SPLINE_CURVE(2,(#7812,#7813,#7814),.UNSPECIFIED.,.F.,.F.)
B_SPLINE_CURVE_WITH_KNOTS((3,3),(2.95592083349923,3.02291240982555),
 .UNSPECIFIED.)
CURVE()
GEOMETRIC_REPRESENTATION_ITEM()
RATIONAL_B_SPLINE_CURVE((1.30741230259946,1.29002536977484,1.27169244090094))
REPRESENTATION_ITEM('')
);
#275=(
BOUNDED_CURVE()
B_SPLINE_CURVE(2,(#7816,#7817,#7818),.UNSPECIFIED.,.F.,.F.)
B_SPLINE_CURVE_WITH_KNOTS((3,3),(0.426386124374819,0.493377700701137),
 .UNSPECIFIED.)
CURVE()
GEOMETRIC_REPRESENTATION_ITEM()
RATIONAL_B_SPLINE_CURVE((1.27169244090094,1.29002536977484,1.30741230259946))
REPRESENTATION_ITEM('')
);
#276=(
BOUNDED_CURVE()
B_SPLINE_CURVE(2,(#7822,#7823,#7824),.UNSPECIFIED.,.F.,.F.)
B_SPLINE_CURVE_WITH_KNOTS((3,3),(2.95592083349923,3.02291240982555),
 .UNSPECIFIED.)
CURVE()
GEOMETRIC_REPRESENTATION_ITEM()
RATIONAL_B_SPLINE_CURVE((1.30741230259946,1.29002536977484,1.27169244090094))
REPRESENTATION_ITEM('')
);
#277=(
BOUNDED_CURVE()
B_SPLINE_CURVE(2,(#7828,#7829,#7830),.UNSPECIFIED.,.F.,.F.)
B_SPLINE_CURVE_WITH_KNOTS((3,3),(0.426386124374818,0.493377700701136),
 .UNSPECIFIED.)
CURVE()
GEOMETRIC_REPRESENTATION_ITEM()
RATIONAL_B_SPLINE_CURVE((1.27169244090094,1.29002536977484,1.30741230259946))
REPRESENTATION_ITEM('')
);
#278=(
BOUNDED_CURVE()
B_SPLINE_CURVE(2,(#7834,#7835,#7836),.UNSPECIFIED.,.F.,.F.)
B_SPLINE_CURVE_WITH_KNOTS((3,3),(2.95592083349923,3.02291240982555),
 .UNSPECIFIED.)
CURVE()
GEOMETRIC_REPRESENTATION_ITEM()
RATIONAL_B_SPLINE_CURVE((1.30741230259946,1.29002536977484,1.27169244090094))
REPRESENTATION_ITEM('')
);
#279=(
BOUNDED_CURVE()
B_SPLINE_CURVE(2,(#7840,#7841,#7842),.UNSPECIFIED.,.F.,.F.)
B_SPLINE_CURVE_WITH_KNOTS((3,3),(0.426386124374818,0.493377700701136),
 .UNSPECIFIED.)
CURVE()
GEOMETRIC_REPRESENTATION_ITEM()
RATIONAL_B_SPLINE_CURVE((1.27169244090094,1.29002536977484,1.30741230259946))
REPRESENTATION_ITEM('')
);
#280=(
BOUNDED_CURVE()
B_SPLINE_CURVE(2,(#7846,#7847,#7848),.UNSPECIFIED.,.F.,.F.)
B_SPLINE_CURVE_WITH_KNOTS((3,3),(2.95592083349923,2.99295909607507),
 .UNSPECIFIED.)
CURVE()
GEOMETRIC_REPRESENTATION_ITEM()
RATIONAL_B_SPLINE_CURVE((1.30741230259946,1.29779942559818,1.28789738065686))
REPRESENTATION_ITEM('')
);
#281=(
BOUNDED_CURVE()
B_SPLINE_CURVE(2,(#7852,#7853,#7854),.UNSPECIFIED.,.F.,.F.)
B_SPLINE_CURVE_WITH_KNOTS((3,3),(0.456339438124874,0.493377700701134),
 .UNSPECIFIED.)
CURVE()
GEOMETRIC_REPRESENTATION_ITEM()
RATIONAL_B_SPLINE_CURVE((1.28789738065664,1.29779942559807,1.30741230259946))
REPRESENTATION_ITEM('')
);
#282=(
BOUNDED_CURVE()
B_SPLINE_CURVE(2,(#7858,#7859,#7860),.UNSPECIFIED.,.F.,.F.)
B_SPLINE_CURVE_WITH_KNOTS((3,3),(2.95592083349923,2.99295909607507),
 .UNSPECIFIED.)
CURVE()
GEOMETRIC_REPRESENTATION_ITEM()
RATIONAL_B_SPLINE_CURVE((1.30741230259946,1.29779942559818,1.28789738065686))
REPRESENTATION_ITEM('')
);
#283=(
BOUNDED_CURVE()
B_SPLINE_CURVE(2,(#7864,#7865,#7866),.UNSPECIFIED.,.F.,.F.)
B_SPLINE_CURVE_WITH_KNOTS((3,3),(0.456339438124874,0.493377700701134),
 .UNSPECIFIED.)
CURVE()
GEOMETRIC_REPRESENTATION_ITEM()
RATIONAL_B_SPLINE_CURVE((1.28789738065664,1.29779942559807,1.30741230259946))
REPRESENTATION_ITEM('')
);
#284=(
BOUNDED_CURVE()
B_SPLINE_CURVE(2,(#7870,#7871,#7872),.UNSPECIFIED.,.F.,.F.)
B_SPLINE_CURVE_WITH_KNOTS((3,3),(2.95592083349923,3.02825843669541),
 .UNSPECIFIED.)
CURVE()
GEOMETRIC_REPRESENTATION_ITEM()
RATIONAL_B_SPLINE_CURVE((1.30741230259946,1.28863786682056,1.26876042686072))
REPRESENTATION_ITEM('')
);
#285=(
BOUNDED_CURVE()
B_SPLINE_CURVE(2,(#7876,#7877,#7878),.UNSPECIFIED.,.F.,.F.)
B_SPLINE_CURVE_WITH_KNOTS((3,3),(0.42104009750496,0.493377700701134),
 .UNSPECIFIED.)
CURVE()
GEOMETRIC_REPRESENTATION_ITEM()
RATIONAL_B_SPLINE_CURVE((1.26876042686072,1.28863786682056,1.30741230259946))
REPRESENTATION_ITEM('')
);
#286=(
BOUNDED_CURVE()
B_SPLINE_CURVE(2,(#7882,#7883,#7884),.UNSPECIFIED.,.F.,.F.)
B_SPLINE_CURVE_WITH_KNOTS((3,3),(2.95592083349923,3.02291240982555),
 .UNSPECIFIED.)
CURVE()
GEOMETRIC_REPRESENTATION_ITEM()
RATIONAL_B_SPLINE_CURVE((1.30741230259946,1.29002536977484,1.27169244090094))
REPRESENTATION_ITEM('')
);
#287=(
BOUNDED_CURVE()
B_SPLINE_CURVE(2,(#7888,#7889,#7890),.UNSPECIFIED.,.F.,.F.)
B_SPLINE_CURVE_WITH_KNOTS((3,3),(0.426386124374816,0.493377700701134),
 .UNSPECIFIED.)
CURVE()
GEOMETRIC_REPRESENTATION_ITEM()
RATIONAL_B_SPLINE_CURVE((1.27169244090094,1.29002536977484,1.30741230259946))
REPRESENTATION_ITEM('')
);
#288=(
BOUNDED_CURVE()
B_SPLINE_CURVE(2,(#7894,#7895,#7896),.UNSPECIFIED.,.F.,.F.)
B_SPLINE_CURVE_WITH_KNOTS((3,3),(2.95592083349923,3.02291240982555),
 .UNSPECIFIED.)
CURVE()
GEOMETRIC_REPRESENTATION_ITEM()
RATIONAL_B_SPLINE_CURVE((1.30741230259946,1.29002536977484,1.27169244090094))
REPRESENTATION_ITEM('')
);
#289=(
BOUNDED_CURVE()
B_SPLINE_CURVE(2,(#7900,#7901,#7902),.UNSPECIFIED.,.F.,.F.)
B_SPLINE_CURVE_WITH_KNOTS((3,3),(0.426386124374816,0.493377700701134),
 .UNSPECIFIED.)
CURVE()
GEOMETRIC_REPRESENTATION_ITEM()
RATIONAL_B_SPLINE_CURVE((1.27169244090094,1.29002536977484,1.30741230259946))
REPRESENTATION_ITEM('')
);
#290=(
BOUNDED_CURVE()
B_SPLINE_CURVE(2,(#9572,#9573,#9574),.UNSPECIFIED.,.F.,.F.)
B_SPLINE_CURVE_WITH_KNOTS((3,3),(0.,0.265135855209274),.UNSPECIFIED.)
CURVE()
GEOMETRIC_REPRESENTATION_ITEM()
RATIONAL_B_SPLINE_CURVE((1.,1.00681771373174,1.00359370114798))
REPRESENTATION_ITEM('')
);
#291=(
BOUNDED_CURVE()
B_SPLINE_CURVE(2,(#9577,#9578,#9579),.UNSPECIFIED.,.F.,.F.)
B_SPLINE_CURVE_WITH_KNOTS((3,3),(0.0948859784982083,0.360021833705279),
 .UNSPECIFIED.)
CURVE()
GEOMETRIC_REPRESENTATION_ITEM()
RATIONAL_B_SPLINE_CURVE((1.00359370114233,1.00681771372087,1.))
REPRESENTATION_ITEM('')
);
#292=(
BOUNDED_CURVE()
B_SPLINE_CURVE(2,(#9592,#9593,#9594),.UNSPECIFIED.,.F.,.F.)
B_SPLINE_CURVE_WITH_KNOTS((3,3),(0.,0.265135855198834),.UNSPECIFIED.)
CURVE()
GEOMETRIC_REPRESENTATION_ITEM()
RATIONAL_B_SPLINE_CURVE((1.,1.00681771370818,1.00359370113595))
REPRESENTATION_ITEM('')
);
#293=(
BOUNDED_CURVE()
B_SPLINE_CURVE(2,(#9597,#9598,#9599),.UNSPECIFIED.,.F.,.F.)
B_SPLINE_CURVE_WITH_KNOTS((3,3),(0.0948859784907968,0.360021833705279),
 .UNSPECIFIED.)
CURVE()
GEOMETRIC_REPRESENTATION_ITEM()
RATIONAL_B_SPLINE_CURVE((1.0035937011552,1.00681771374582,1.))
REPRESENTATION_ITEM('')
);
#294=(
BOUNDED_CURVE()
B_SPLINE_CURVE(2,(#9610,#9611,#9612),.UNSPECIFIED.,.F.,.F.)
B_SPLINE_CURVE_WITH_KNOTS((3,3),(0.,0.265135855216586),.UNSPECIFIED.)
CURVE()
GEOMETRIC_REPRESENTATION_ITEM()
RATIONAL_B_SPLINE_CURVE((1.,1.00681771374958,1.00359370115711))
REPRESENTATION_ITEM('')
);
#295=(
BOUNDED_CURVE()
B_SPLINE_CURVE(2,(#9615,#9616,#9617),.UNSPECIFIED.,.F.,.F.)
B_SPLINE_CURVE_WITH_KNOTS((3,3),(0.0948859784820999,0.360021833705279),
 .UNSPECIFIED.)
CURVE()
GEOMETRIC_REPRESENTATION_ITEM()
RATIONAL_B_SPLINE_CURVE((1.00359370116697,1.00681771376877,1.))
REPRESENTATION_ITEM('')
);
#296=(
BOUNDED_CURVE()
B_SPLINE_CURVE(2,(#9630,#9631,#9632),.UNSPECIFIED.,.F.,.F.)
B_SPLINE_CURVE_WITH_KNOTS((3,3),(0.,0.265135855205568),.UNSPECIFIED.)
CURVE()
GEOMETRIC_REPRESENTATION_ITEM()
RATIONAL_B_SPLINE_CURVE((1.,1.0068177137263,1.00359370114525))
REPRESENTATION_ITEM('')
);
#297=(
BOUNDED_CURVE()
B_SPLINE_CURVE(2,(#9635,#9636,#9637),.UNSPECIFIED.,.F.,.F.)
B_SPLINE_CURVE_WITH_KNOTS((3,3),(0.0948859784958151,0.360021833705279),
 .UNSPECIFIED.)
CURVE()
GEOMETRIC_REPRESENTATION_ITEM()
RATIONAL_B_SPLINE_CURVE((1.00359370114726,1.0068177137304,1.))
REPRESENTATION_ITEM('')
);
#298=(
BOUNDED_CURVE()
B_SPLINE_CURVE(2,(#9648,#9649,#9650),.UNSPECIFIED.,.F.,.F.)
B_SPLINE_CURVE_WITH_KNOTS((3,3),(0.,0.265135855210616),.UNSPECIFIED.)
CURVE()
GEOMETRIC_REPRESENTATION_ITEM()
RATIONAL_B_SPLINE_CURVE((1.,1.00681771373445,1.00359370114936))
REPRESENTATION_ITEM('')
);
#299=(
BOUNDED_CURVE()
B_SPLINE_CURVE(2,(#9653,#9654,#9655),.UNSPECIFIED.,.F.,.F.)
B_SPLINE_CURVE_WITH_KNOTS((3,3),(0.0948859785053348,0.360021833705278),
 .UNSPECIFIED.)
CURVE()
GEOMETRIC_REPRESENTATION_ITEM()
RATIONAL_B_SPLINE_CURVE((1.00359370113279,1.00681771370226,1.))
REPRESENTATION_ITEM('')
);
#300=(
BOUNDED_CURVE()
B_SPLINE_CURVE(2,(#9668,#9669,#9670),.UNSPECIFIED.,.F.,.F.)
B_SPLINE_CURVE_WITH_KNOTS((3,3),(0.,0.265135855212707),.UNSPECIFIED.)
CURVE()
GEOMETRIC_REPRESENTATION_ITEM()
RATIONAL_B_SPLINE_CURVE((1.,1.00681771374852,1.00359370115669))
REPRESENTATION_ITEM('')
);
#301=(
BOUNDED_CURVE()
B_SPLINE_CURVE(2,(#9673,#9674,#9675),.UNSPECIFIED.,.F.,.F.)
B_SPLINE_CURVE_WITH_KNOTS((3,3),(0.0948859784934875,0.360021833705279),
 .UNSPECIFIED.)
CURVE()
GEOMETRIC_REPRESENTATION_ITEM()
RATIONAL_B_SPLINE_CURVE((1.00359370115354,1.00681771374248,1.))
REPRESENTATION_ITEM('')
);
#302=(
BOUNDED_CURVE()
B_SPLINE_CURVE(2,(#9686,#9687,#9688),.UNSPECIFIED.,.F.,.F.)
B_SPLINE_CURVE_WITH_KNOTS((3,3),(0.,0.26513585521106),.UNSPECIFIED.)
CURVE()
GEOMETRIC_REPRESENTATION_ITEM()
RATIONAL_B_SPLINE_CURVE((1.,1.00681771373276,1.00359370114845))
REPRESENTATION_ITEM('')
);
#303=(
BOUNDED_CURVE()
B_SPLINE_CURVE(2,(#9691,#9692,#9693),.UNSPECIFIED.,.F.,.F.)
B_SPLINE_CURVE_WITH_KNOTS((3,3),(0.0948859784962549,0.360021833705279),
 .UNSPECIFIED.)
CURVE()
GEOMETRIC_REPRESENTATION_ITEM()
RATIONAL_B_SPLINE_CURVE((1.00359370114409,1.00681771372436,1.))
REPRESENTATION_ITEM('')
);
#304=(
BOUNDED_CURVE()
B_SPLINE_CURVE(2,(#9706,#9707,#9708),.UNSPECIFIED.,.F.,.F.)
B_SPLINE_CURVE_WITH_KNOTS((3,3),(0.,0.265135855207848),.UNSPECIFIED.)
CURVE()
GEOMETRIC_REPRESENTATION_ITEM()
RATIONAL_B_SPLINE_CURVE((1.,1.00681771372612,1.00359370114507))
REPRESENTATION_ITEM('')
);
#305=(
BOUNDED_CURVE()
B_SPLINE_CURVE(2,(#9711,#9712,#9713),.UNSPECIFIED.,.F.,.F.)
B_SPLINE_CURVE_WITH_KNOTS((3,3),(0.0948859784867949,0.360021833705279),
 .UNSPECIFIED.)
CURVE()
GEOMETRIC_REPRESENTATION_ITEM()
RATIONAL_B_SPLINE_CURVE((1.00359370115706,1.00681771374963,1.))
REPRESENTATION_ITEM('')
);
#306=(
BOUNDED_CURVE()
B_SPLINE_CURVE(2,(#9724,#9725,#9726),.UNSPECIFIED.,.F.,.F.)
B_SPLINE_CURVE_WITH_KNOTS((3,3),(0.,0.265135855207882),.UNSPECIFIED.)
CURVE()
GEOMETRIC_REPRESENTATION_ITEM()
RATIONAL_B_SPLINE_CURVE((1.,1.00681771373656,1.00359370115057))
REPRESENTATION_ITEM('')
);
#307=(
BOUNDED_CURVE()
B_SPLINE_CURVE(2,(#9729,#9730,#9731),.UNSPECIFIED.,.F.,.F.)
B_SPLINE_CURVE_WITH_KNOTS((3,3),(0.0948859784903046,0.360021833705279),
 .UNSPECIFIED.)
CURVE()
GEOMETRIC_REPRESENTATION_ITEM()
RATIONAL_B_SPLINE_CURVE((1.00359370115452,1.00681771374456,1.))
REPRESENTATION_ITEM('')
);
#308=(
BOUNDED_CURVE()
B_SPLINE_CURVE(2,(#9744,#9745,#9746),.UNSPECIFIED.,.F.,.F.)
B_SPLINE_CURVE_WITH_KNOTS((3,3),(0.,0.26513585521276),.UNSPECIFIED.)
CURVE()
GEOMETRIC_REPRESENTATION_ITEM()
RATIONAL_B_SPLINE_CURVE((1.,1.00681771374855,1.00359370115671))
REPRESENTATION_ITEM('')
);
#309=(
BOUNDED_CURVE()
B_SPLINE_CURVE(2,(#9749,#9750,#9751),.UNSPECIFIED.,.F.,.F.)
B_SPLINE_CURVE_WITH_KNOTS((3,3),(0.0948859784975936,0.360021833705279),
 .UNSPECIFIED.)
CURVE()
GEOMETRIC_REPRESENTATION_ITEM()
RATIONAL_B_SPLINE_CURVE((1.00359370114701,1.00681771372979,1.))
REPRESENTATION_ITEM('')
);
#310=(
BOUNDED_CURVE()
B_SPLINE_CURVE(2,(#9762,#9763,#9764),.UNSPECIFIED.,.F.,.F.)
B_SPLINE_CURVE_WITH_KNOTS((3,3),(0.,0.265135855221288),.UNSPECIFIED.)
CURVE()
GEOMETRIC_REPRESENTATION_ITEM()
RATIONAL_B_SPLINE_CURVE((1.,1.00681771376791,1.00359370116659))
REPRESENTATION_ITEM('')
);
#311=(
BOUNDED_CURVE()
B_SPLINE_CURVE(2,(#9767,#9768,#9769),.UNSPECIFIED.,.F.,.F.)
B_SPLINE_CURVE_WITH_KNOTS((3,3),(0.0948859784936488,0.360021833705279),
 .UNSPECIFIED.)
CURVE()
GEOMETRIC_REPRESENTATION_ITEM()
RATIONAL_B_SPLINE_CURVE((1.00359370115182,1.0068177137392,1.))
REPRESENTATION_ITEM('')
);
#312=(
BOUNDED_CURVE()
B_SPLINE_CURVE(2,(#9782,#9783,#9784),.UNSPECIFIED.,.F.,.F.)
B_SPLINE_CURVE_WITH_KNOTS((3,3),(0.,0.265135855212226),.UNSPECIFIED.)
CURVE()
GEOMETRIC_REPRESENTATION_ITEM()
RATIONAL_B_SPLINE_CURVE((1.,1.00681771373772,1.00359370115102))
REPRESENTATION_ITEM('')
);
#313=(
BOUNDED_CURVE()
B_SPLINE_CURVE(2,(#9787,#9788,#9789),.UNSPECIFIED.,.F.,.F.)
B_SPLINE_CURVE_WITH_KNOTS((3,3),(0.09488597849585,0.360021833705279),
 .UNSPECIFIED.)
CURVE()
GEOMETRIC_REPRESENTATION_ITEM()
RATIONAL_B_SPLINE_CURVE((1.00359370114645,1.00681771372885,1.))
REPRESENTATION_ITEM('')
);
#314=CONICAL_SURFACE('',#5474,10.1,0.785398163397448);
#315=CONICAL_SURFACE('',#6030,8.93210678118654,0.785398163397442);
#316=CONICAL_SURFACE('',#6031,8.93210678118654,0.785398163397442);
#317=CONICAL_SURFACE('',#6032,8.93210678118654,0.785398163397442);
#318=CONICAL_SURFACE('',#6033,8.93210678118654,0.785398163397442);
#319=CONICAL_SURFACE('',#6034,8.93210678118654,0.785398163397442);
#320=CONICAL_SURFACE('',#6035,8.93210678118654,0.785398163397442);
#321=CONICAL_SURFACE('',#6036,8.93210678118654,0.785398163397442);
#322=CONICAL_SURFACE('',#6037,8.93210678118654,0.785398163397442);
#323=CONICAL_SURFACE('',#6038,8.93210678118654,0.785398163397442);
#324=CONICAL_SURFACE('',#6039,8.93210678118654,0.785398163397442);
#325=CONICAL_SURFACE('',#6040,8.93210678118654,0.785398163397442);
#326=CONICAL_SURFACE('',#6041,10.225,0.872664625997165);
#327=CONICAL_SURFACE('',#6057,2.425,0.785398163397448);
#328=CONICAL_SURFACE('',#6061,2.425,0.785398163397448);
#329=CONICAL_SURFACE('',#6065,2.425,0.785398163397448);
#330=CONICAL_SURFACE('',#6069,2.425,0.785398163397448);
#331=CONICAL_SURFACE('',#6076,8.93210678118654,0.785398163397442);
#332=FACE_OUTER_BOUND('',#591,.T.);
#333=FACE_OUTER_BOUND('',#592,.T.);
#334=FACE_OUTER_BOUND('',#593,.T.);
#335=FACE_OUTER_BOUND('',#594,.T.);
#336=FACE_OUTER_BOUND('',#595,.T.);
#337=FACE_OUTER_BOUND('',#596,.T.);
#338=FACE_OUTER_BOUND('',#597,.T.);
#339=FACE_OUTER_BOUND('',#598,.T.);
#340=FACE_OUTER_BOUND('',#599,.T.);
#341=FACE_OUTER_BOUND('',#600,.T.);
#342=FACE_OUTER_BOUND('',#601,.T.);
#343=FACE_OUTER_BOUND('',#602,.T.);
#344=FACE_OUTER_BOUND('',#603,.T.);
#345=FACE_OUTER_BOUND('',#604,.T.);
#346=FACE_OUTER_BOUND('',#605,.T.);
#347=FACE_OUTER_BOUND('',#606,.T.);
#348=FACE_OUTER_BOUND('',#607,.T.);
#349=FACE_OUTER_BOUND('',#608,.T.);
#350=FACE_OUTER_BOUND('',#609,.T.);
#351=FACE_OUTER_BOUND('',#610,.T.);
#352=FACE_OUTER_BOUND('',#611,.T.);
#353=FACE_OUTER_BOUND('',#612,.T.);
#354=FACE_OUTER_BOUND('',#613,.T.);
#355=FACE_OUTER_BOUND('',#614,.T.);
#356=FACE_OUTER_BOUND('',#615,.T.);
#357=FACE_OUTER_BOUND('',#616,.T.);
#358=FACE_OUTER_BOUND('',#617,.T.);
#359=FACE_OUTER_BOUND('',#618,.T.);
#360=FACE_OUTER_BOUND('',#619,.T.);
#361=FACE_OUTER_BOUND('',#620,.T.);
#362=FACE_OUTER_BOUND('',#621,.T.);
#363=FACE_OUTER_BOUND('',#622,.T.);
#364=FACE_OUTER_BOUND('',#623,.T.);
#365=FACE_OUTER_BOUND('',#624,.T.);
#366=FACE_OUTER_BOUND('',#625,.T.);
#367=FACE_OUTER_BOUND('',#626,.T.);
#368=FACE_OUTER_BOUND('',#627,.T.);
#369=FACE_OUTER_BOUND('',#628,.T.);
#370=FACE_OUTER_BOUND('',#629,.T.);
#371=FACE_OUTER_BOUND('',#630,.T.);
#372=FACE_OUTER_BOUND('',#631,.T.);
#373=FACE_OUTER_BOUND('',#632,.T.);
#374=FACE_OUTER_BOUND('',#633,.T.);
#375=FACE_OUTER_BOUND('',#634,.T.);
#376=FACE_OUTER_BOUND('',#635,.T.);
#377=FACE_OUTER_BOUND('',#636,.T.);
#378=FACE_OUTER_BOUND('',#637,.T.);
#379=FACE_OUTER_BOUND('',#638,.T.);
#380=FACE_OUTER_BOUND('',#639,.T.);
#381=FACE_OUTER_BOUND('',#640,.T.);
#382=FACE_OUTER_BOUND('',#641,.T.);
#383=FACE_OUTER_BOUND('',#642,.T.);
#384=FACE_OUTER_BOUND('',#643,.T.);
#385=FACE_OUTER_BOUND('',#644,.T.);
#386=FACE_OUTER_BOUND('',#645,.T.);
#387=FACE_OUTER_BOUND('',#646,.T.);
#388=FACE_OUTER_BOUND('',#647,.T.);
#389=FACE_OUTER_BOUND('',#648,.T.);
#390=FACE_OUTER_BOUND('',#649,.T.);
#391=FACE_OUTER_BOUND('',#650,.T.);
#392=FACE_OUTER_BOUND('',#651,.T.);
#393=FACE_OUTER_BOUND('',#652,.T.);
#394=FACE_OUTER_BOUND('',#653,.T.);
#395=FACE_OUTER_BOUND('',#654,.T.);
#396=FACE_OUTER_BOUND('',#655,.T.);
#397=FACE_OUTER_BOUND('',#656,.T.);
#398=FACE_OUTER_BOUND('',#657,.T.);
#399=FACE_OUTER_BOUND('',#658,.T.);
#400=FACE_OUTER_BOUND('',#659,.T.);
#401=FACE_OUTER_BOUND('',#660,.T.);
#402=FACE_OUTER_BOUND('',#661,.T.);
#403=FACE_OUTER_BOUND('',#662,.T.);
#404=FACE_OUTER_BOUND('',#663,.T.);
#405=FACE_OUTER_BOUND('',#664,.T.);
#406=FACE_OUTER_BOUND('',#665,.T.);
#407=FACE_OUTER_BOUND('',#666,.T.);
#408=FACE_OUTER_BOUND('',#667,.T.);
#409=FACE_OUTER_BOUND('',#668,.T.);
#410=FACE_OUTER_BOUND('',#669,.T.);
#411=FACE_OUTER_BOUND('',#670,.T.);
#412=FACE_OUTER_BOUND('',#671,.T.);
#413=FACE_OUTER_BOUND('',#672,.T.);
#414=FACE_OUTER_BOUND('',#673,.T.);
#415=FACE_OUTER_BOUND('',#674,.T.);
#416=FACE_OUTER_BOUND('',#675,.T.);
#417=FACE_OUTER_BOUND('',#676,.T.);
#418=FACE_OUTER_BOUND('',#677,.T.);
#419=FACE_OUTER_BOUND('',#678,.T.);
#420=FACE_OUTER_BOUND('',#679,.T.);
#421=FACE_OUTER_BOUND('',#680,.T.);
#422=FACE_OUTER_BOUND('',#681,.T.);
#423=FACE_OUTER_BOUND('',#682,.T.);
#424=FACE_OUTER_BOUND('',#683,.T.);
#425=FACE_OUTER_BOUND('',#685,.T.);
#426=FACE_OUTER_BOUND('',#686,.T.);
#427=FACE_OUTER_BOUND('',#687,.T.);
#428=FACE_OUTER_BOUND('',#688,.T.);
#429=FACE_OUTER_BOUND('',#689,.T.);
#430=FACE_OUTER_BOUND('',#690,.T.);
#431=FACE_OUTER_BOUND('',#691,.T.);
#432=FACE_OUTER_BOUND('',#692,.T.);
#433=FACE_OUTER_BOUND('',#693,.T.);
#434=FACE_OUTER_BOUND('',#694,.T.);
#435=FACE_OUTER_BOUND('',#695,.T.);
#436=FACE_OUTER_BOUND('',#696,.T.);
#437=FACE_OUTER_BOUND('',#697,.T.);
#438=FACE_OUTER_BOUND('',#698,.T.);
#439=FACE_OUTER_BOUND('',#699,.T.);
#440=FACE_OUTER_BOUND('',#700,.T.);
#441=FACE_OUTER_BOUND('',#701,.T.);
#442=FACE_OUTER_BOUND('',#702,.T.);
#443=FACE_OUTER_BOUND('',#703,.T.);
#444=FACE_OUTER_BOUND('',#704,.T.);
#445=FACE_OUTER_BOUND('',#705,.T.);
#446=FACE_OUTER_BOUND('',#706,.T.);
#447=FACE_OUTER_BOUND('',#707,.T.);
#448=FACE_OUTER_BOUND('',#708,.T.);
#449=FACE_OUTER_BOUND('',#709,.T.);
#450=FACE_OUTER_BOUND('',#710,.T.);
#451=FACE_OUTER_BOUND('',#711,.T.);
#452=FACE_OUTER_BOUND('',#712,.T.);
#453=FACE_OUTER_BOUND('',#713,.T.);
#454=FACE_OUTER_BOUND('',#714,.T.);
#455=FACE_OUTER_BOUND('',#715,.T.);
#456=FACE_OUTER_BOUND('',#716,.T.);
#457=FACE_OUTER_BOUND('',#717,.T.);
#458=FACE_OUTER_BOUND('',#718,.T.);
#459=FACE_OUTER_BOUND('',#719,.T.);
#460=FACE_OUTER_BOUND('',#720,.T.);
#461=FACE_OUTER_BOUND('',#721,.T.);
#462=FACE_OUTER_BOUND('',#722,.T.);
#463=FACE_OUTER_BOUND('',#723,.T.);
#464=FACE_OUTER_BOUND('',#724,.T.);
#465=FACE_OUTER_BOUND('',#725,.T.);
#466=FACE_OUTER_BOUND('',#726,.T.);
#467=FACE_OUTER_BOUND('',#727,.T.);
#468=FACE_OUTER_BOUND('',#728,.T.);
#469=FACE_OUTER_BOUND('',#729,.T.);
#470=FACE_OUTER_BOUND('',#730,.T.);
#471=FACE_OUTER_BOUND('',#731,.T.);
#472=FACE_OUTER_BOUND('',#732,.T.);
#473=FACE_OUTER_BOUND('',#733,.T.);
#474=FACE_OUTER_BOUND('',#734,.T.);
#475=FACE_OUTER_BOUND('',#735,.T.);
#476=FACE_OUTER_BOUND('',#736,.T.);
#477=FACE_OUTER_BOUND('',#737,.T.);
#478=FACE_OUTER_BOUND('',#738,.T.);
#479=FACE_OUTER_BOUND('',#739,.T.);
#480=FACE_OUTER_BOUND('',#740,.T.);
#481=FACE_OUTER_BOUND('',#741,.T.);
#482=FACE_OUTER_BOUND('',#742,.T.);
#483=FACE_OUTER_BOUND('',#743,.T.);
#484=FACE_OUTER_BOUND('',#744,.T.);
#485=FACE_OUTER_BOUND('',#745,.T.);
#486=FACE_OUTER_BOUND('',#746,.T.);
#487=FACE_OUTER_BOUND('',#747,.T.);
#488=FACE_OUTER_BOUND('',#748,.T.);
#489=FACE_OUTER_BOUND('',#749,.T.);
#490=FACE_OUTER_BOUND('',#750,.T.);
#491=FACE_OUTER_BOUND('',#751,.T.);
#492=FACE_OUTER_BOUND('',#752,.T.);
#493=FACE_OUTER_BOUND('',#753,.T.);
#494=FACE_OUTER_BOUND('',#754,.T.);
#495=FACE_OUTER_BOUND('',#755,.T.);
#496=FACE_OUTER_BOUND('',#756,.T.);
#497=FACE_OUTER_BOUND('',#757,.T.);
#498=FACE_OUTER_BOUND('',#758,.T.);
#499=FACE_OUTER_BOUND('',#759,.T.);
#500=FACE_OUTER_BOUND('',#760,.T.);
#501=FACE_OUTER_BOUND('',#761,.T.);
#502=FACE_OUTER_BOUND('',#762,.T.);
#503=FACE_OUTER_BOUND('',#763,.T.);
#504=FACE_OUTER_BOUND('',#764,.T.);
#505=FACE_OUTER_BOUND('',#765,.T.);
#506=FACE_OUTER_BOUND('',#766,.T.);
#507=FACE_OUTER_BOUND('',#767,.T.);
#508=FACE_OUTER_BOUND('',#768,.T.);
#509=FACE_OUTER_BOUND('',#769,.T.);
#510=FACE_OUTER_BOUND('',#770,.T.);
#511=FACE_OUTER_BOUND('',#771,.T.);
#512=FACE_OUTER_BOUND('',#772,.T.);
#513=FACE_OUTER_BOUND('',#773,.T.);
#514=FACE_OUTER_BOUND('',#774,.T.);
#515=FACE_OUTER_BOUND('',#775,.T.);
#516=FACE_OUTER_BOUND('',#776,.T.);
#517=FACE_OUTER_BOUND('',#777,.T.);
#518=FACE_OUTER_BOUND('',#778,.T.);
#519=FACE_OUTER_BOUND('',#779,.T.);
#520=FACE_OUTER_BOUND('',#780,.T.);
#521=FACE_OUTER_BOUND('',#781,.T.);
#522=FACE_OUTER_BOUND('',#782,.T.);
#523=FACE_OUTER_BOUND('',#783,.T.);
#524=FACE_OUTER_BOUND('',#784,.T.);
#525=FACE_OUTER_BOUND('',#785,.T.);
#526=FACE_OUTER_BOUND('',#786,.T.);
#527=FACE_OUTER_BOUND('',#787,.T.);
#528=FACE_OUTER_BOUND('',#788,.T.);
#529=FACE_OUTER_BOUND('',#789,.T.);
#530=FACE_OUTER_BOUND('',#790,.T.);
#531=FACE_OUTER_BOUND('',#791,.T.);
#532=FACE_OUTER_BOUND('',#792,.T.);
#533=FACE_OUTER_BOUND('',#793,.T.);
#534=FACE_OUTER_BOUND('',#794,.T.);
#535=FACE_OUTER_BOUND('',#795,.T.);
#536=FACE_OUTER_BOUND('',#796,.T.);
#537=FACE_OUTER_BOUND('',#797,.T.);
#538=FACE_OUTER_BOUND('',#798,.T.);
#539=FACE_OUTER_BOUND('',#799,.T.);
#540=FACE_OUTER_BOUND('',#800,.T.);
#541=FACE_OUTER_BOUND('',#801,.T.);
#542=FACE_OUTER_BOUND('',#802,.T.);
#543=FACE_OUTER_BOUND('',#803,.T.);
#544=FACE_OUTER_BOUND('',#804,.T.);
#545=FACE_OUTER_BOUND('',#805,.T.);
#546=FACE_OUTER_BOUND('',#806,.T.);
#547=FACE_OUTER_BOUND('',#807,.T.);
#548=FACE_OUTER_BOUND('',#808,.T.);
#549=FACE_OUTER_BOUND('',#809,.T.);
#550=FACE_OUTER_BOUND('',#810,.T.);
#551=FACE_OUTER_BOUND('',#811,.T.);
#552=FACE_OUTER_BOUND('',#812,.T.);
#553=FACE_OUTER_BOUND('',#813,.T.);
#554=FACE_OUTER_BOUND('',#814,.T.);
#555=FACE_OUTER_BOUND('',#815,.T.);
#556=FACE_OUTER_BOUND('',#816,.T.);
#557=FACE_OUTER_BOUND('',#817,.T.);
#558=FACE_OUTER_BOUND('',#818,.T.);
#559=FACE_OUTER_BOUND('',#819,.T.);
#560=FACE_OUTER_BOUND('',#820,.T.);
#561=FACE_OUTER_BOUND('',#821,.T.);
#562=FACE_OUTER_BOUND('',#823,.T.);
#563=FACE_OUTER_BOUND('',#824,.T.);
#564=FACE_OUTER_BOUND('',#825,.T.);
#565=FACE_OUTER_BOUND('',#826,.T.);
#566=FACE_OUTER_BOUND('',#827,.T.);
#567=FACE_OUTER_BOUND('',#828,.T.);
#568=FACE_OUTER_BOUND('',#829,.T.);
#569=FACE_OUTER_BOUND('',#830,.T.);
#570=FACE_OUTER_BOUND('',#831,.T.);
#571=FACE_OUTER_BOUND('',#832,.T.);
#572=FACE_OUTER_BOUND('',#833,.T.);
#573=FACE_OUTER_BOUND('',#834,.T.);
#574=FACE_OUTER_BOUND('',#835,.T.);
#575=FACE_OUTER_BOUND('',#836,.T.);
#576=FACE_OUTER_BOUND('',#837,.T.);
#577=FACE_OUTER_BOUND('',#843,.T.);
#578=FACE_OUTER_BOUND('',#844,.T.);
#579=FACE_OUTER_BOUND('',#845,.T.);
#580=FACE_OUTER_BOUND('',#846,.T.);
#581=FACE_OUTER_BOUND('',#847,.T.);
#582=FACE_OUTER_BOUND('',#848,.T.);
#583=FACE_OUTER_BOUND('',#849,.T.);
#584=FACE_OUTER_BOUND('',#850,.T.);
#585=FACE_OUTER_BOUND('',#851,.T.);
#586=FACE_OUTER_BOUND('',#853,.T.);
#587=FACE_OUTER_BOUND('',#854,.T.);
#588=FACE_OUTER_BOUND('',#855,.T.);
#589=FACE_OUTER_BOUND('',#856,.T.);
#590=FACE_OUTER_BOUND('',#874,.T.);
#591=EDGE_LOOP('',(#3462,#3463,#3464,#3465,#3466,#3467));
#592=EDGE_LOOP('',(#3468,#3469,#3470,#3471,#3472,#3473,#3474,#3475,#3476,
#3477,#3478,#3479,#3480,#3481,#3482,#3483,#3484,#3485,#3486,#3487,#3488,
#3489,#3490,#3491,#3492,#3493,#3494,#3495,#3496,#3497,#3498,#3499,#3500,
#3501,#3502,#3503,#3504,#3505,#3506,#3507,#3508,#3509,#3510,#3511,#3512,
#3513,#3514,#3515,#3516,#3517,#3518,#3519,#3520,#3521,#3522,#3523,#3524,
#3525,#3526,#3527,#3528,#3529,#3530,#3531,#3532,#3533,#3534,#3535,#3536,
#3537,#3538,#3539,#3540,#3541,#3542,#3543,#3544,#3545,#3546,#3547,#3548,
#3549,#3550,#3551,#3552,#3553,#3554,#3555,#3556,#3557,#3558,#3559,#3560,
#3561,#3562,#3563,#3564,#3565,#3566,#3567));
#593=EDGE_LOOP('',(#3568,#3569,#3570,#3571,#3572,#3573));
#594=EDGE_LOOP('',(#3574,#3575,#3576,#3577,#3578,#3579));
#595=EDGE_LOOP('',(#3580,#3581,#3582,#3583,#3584,#3585));
#596=EDGE_LOOP('',(#3586,#3587,#3588,#3589,#3590,#3591));
#597=EDGE_LOOP('',(#3592,#3593,#3594,#3595,#3596,#3597));
#598=EDGE_LOOP('',(#3598,#3599,#3600,#3601,#3602,#3603));
#599=EDGE_LOOP('',(#3604,#3605,#3606,#3607,#3608,#3609));
#600=EDGE_LOOP('',(#3610,#3611,#3612,#3613,#3614,#3615));
#601=EDGE_LOOP('',(#3616,#3617,#3618,#3619,#3620,#3621));
#602=EDGE_LOOP('',(#3622,#3623,#3624,#3625,#3626,#3627));
#603=EDGE_LOOP('',(#3628,#3629,#3630,#3631,#3632,#3633));
#604=EDGE_LOOP('',(#3634,#3635,#3636,#3637));
#605=EDGE_LOOP('',(#3638,#3639,#3640,#3641,#3642,#3643));
#606=EDGE_LOOP('',(#3644,#3645,#3646,#3647));
#607=EDGE_LOOP('',(#3648,#3649,#3650,#3651,#3652,#3653));
#608=EDGE_LOOP('',(#3654,#3655,#3656,#3657,#3658,#3659));
#609=EDGE_LOOP('',(#3660,#3661,#3662,#3663));
#610=EDGE_LOOP('',(#3664,#3665,#3666,#3667,#3668,#3669));
#611=EDGE_LOOP('',(#3670,#3671,#3672,#3673));
#612=EDGE_LOOP('',(#3674,#3675,#3676,#3677,#3678,#3679));
#613=EDGE_LOOP('',(#3680,#3681,#3682,#3683,#3684,#3685));
#614=EDGE_LOOP('',(#3686,#3687,#3688,#3689,#3690,#3691));
#615=EDGE_LOOP('',(#3692,#3693,#3694,#3695));
#616=EDGE_LOOP('',(#3696,#3697,#3698,#3699,#3700,#3701));
#617=EDGE_LOOP('',(#3702,#3703,#3704,#3705));
#618=EDGE_LOOP('',(#3706,#3707,#3708,#3709));
#619=EDGE_LOOP('',(#3710,#3711,#3712,#3713,#3714,#3715));
#620=EDGE_LOOP('',(#3716,#3717,#3718,#3719));
#621=EDGE_LOOP('',(#3720,#3721,#3722,#3723));
#622=EDGE_LOOP('',(#3724,#3725,#3726,#3727,#3728));
#623=EDGE_LOOP('',(#3729,#3730,#3731,#3732,#3733,#3734));
#624=EDGE_LOOP('',(#3735,#3736,#3737,#3738,#3739,#3740));
#625=EDGE_LOOP('',(#3741,#3742,#3743,#3744,#3745,#3746));
#626=EDGE_LOOP('',(#3747,#3748,#3749,#3750,#3751,#3752));
#627=EDGE_LOOP('',(#3753,#3754,#3755,#3756,#3757,#3758));
#628=EDGE_LOOP('',(#3759,#3760,#3761,#3762,#3763,#3764));
#629=EDGE_LOOP('',(#3765,#3766,#3767,#3768));
#630=EDGE_LOOP('',(#3769,#3770,#3771,#3772,#3773,#3774));
#631=EDGE_LOOP('',(#3775,#3776,#3777,#3778));
#632=EDGE_LOOP('',(#3779,#3780,#3781,#3782));
#633=EDGE_LOOP('',(#3783,#3784,#3785,#3786,#3787,#3788));
#634=EDGE_LOOP('',(#3789,#3790,#3791,#3792));
#635=EDGE_LOOP('',(#3793,#3794,#3795,#3796,#3797,#3798));
#636=EDGE_LOOP('',(#3799,#3800,#3801,#3802,#3803,#3804));
#637=EDGE_LOOP('',(#3805,#3806,#3807,#3808,#3809,#3810));
#638=EDGE_LOOP('',(#3811,#3812,#3813,#3814,#3815,#3816));
#639=EDGE_LOOP('',(#3817,#3818,#3819,#3820));
#640=EDGE_LOOP('',(#3821,#3822,#3823,#3824,#3825));
#641=EDGE_LOOP('',(#3826,#3827,#3828,#3829));
#642=EDGE_LOOP('',(#3830,#3831,#3832,#3833,#3834,#3835,#3836,#3837,#3838,
#3839,#3840,#3841,#3842,#3843,#3844,#3845,#3846,#3847,#3848,#3849,#3850,
#3851,#3852,#3853,#3854,#3855,#3856,#3857,#3858,#3859,#3860,#3861,#3862,
#3863,#3864,#3865,#3866,#3867,#3868,#3869,#3870,#3871,#3872,#3873,#3874,
#3875,#3876,#3877,#3878,#3879,#3880,#3881,#3882,#3883,#3884,#3885,#3886,
#3887,#3888,#3889,#3890,#3891,#3892,#3893,#3894,#3895,#3896,#3897,#3898,
#3899,#3900,#3901,#3902,#3903,#3904,#3905,#3906,#3907,#3908,#3909,#3910,
#3911,#3912,#3913,#3914,#3915,#3916,#3917,#3918,#3919,#3920,#3921,#3922,
#3923,#3924,#3925,#3926,#3927,#3928,#3929,#3930));
#643=EDGE_LOOP('',(#3931,#3932,#3933,#3934));
#644=EDGE_LOOP('',(#3935,#3936,#3937,#3938));
#645=EDGE_LOOP('',(#3939,#3940,#3941,#3942));
#646=EDGE_LOOP('',(#3943,#3944,#3945,#3946,#3947,#3948));
#647=EDGE_LOOP('',(#3949,#3950,#3951,#3952,#3953,#3954));
#648=EDGE_LOOP('',(#3955,#3956,#3957,#3958));
#649=EDGE_LOOP('',(#3959,#3960,#3961,#3962,#3963));
#650=EDGE_LOOP('',(#3964,#3965,#3966,#3967));
#651=EDGE_LOOP('',(#3968,#3969,#3970,#3971));
#652=EDGE_LOOP('',(#3972,#3973,#3974,#3975));
#653=EDGE_LOOP('',(#3976,#3977,#3978,#3979));
#654=EDGE_LOOP('',(#3980,#3981,#3982,#3983));
#655=EDGE_LOOP('',(#3984,#3985,#3986,#3987));
#656=EDGE_LOOP('',(#3988,#3989,#3990,#3991,#3992,#3993));
#657=EDGE_LOOP('',(#3994,#3995,#3996,#3997));
#658=EDGE_LOOP('',(#3998,#3999,#4000,#4001));
#659=EDGE_LOOP('',(#4002,#4003,#4004,#4005,#4006,#4007));
#660=EDGE_LOOP('',(#4008,#4009,#4010,#4011));
#661=EDGE_LOOP('',(#4012,#4013,#4014,#4015));
#662=EDGE_LOOP('',(#4016,#4017,#4018,#4019,#4020,#4021));
#663=EDGE_LOOP('',(#4022,#4023,#4024,#4025,#4026,#4027));
#664=EDGE_LOOP('',(#4028,#4029,#4030,#4031));
#665=EDGE_LOOP('',(#4032,#4033,#4034,#4035));
#666=EDGE_LOOP('',(#4036,#4037,#4038,#4039,#4040));
#667=EDGE_LOOP('',(#4041,#4042,#4043,#4044));
#668=EDGE_LOOP('',(#4045,#4046,#4047,#4048));
#669=EDGE_LOOP('',(#4049,#4050,#4051,#4052));
#670=EDGE_LOOP('',(#4053,#4054,#4055,#4056));
#671=EDGE_LOOP('',(#4057,#4058,#4059,#4060));
#672=EDGE_LOOP('',(#4061,#4062,#4063,#4064));
#673=EDGE_LOOP('',(#4065,#4066,#4067,#4068));
#674=EDGE_LOOP('',(#4069,#4070,#4071,#4072));
#675=EDGE_LOOP('',(#4073,#4074,#4075,#4076));
#676=EDGE_LOOP('',(#4077,#4078,#4079,#4080));
#677=EDGE_LOOP('',(#4081,#4082,#4083,#4084));
#678=EDGE_LOOP('',(#4085,#4086,#4087,#4088));
#679=EDGE_LOOP('',(#4089,#4090,#4091,#4092));
#680=EDGE_LOOP('',(#4093,#4094,#4095,#4096));
#681=EDGE_LOOP('',(#4097,#4098,#4099,#4100));
#682=EDGE_LOOP('',(#4101,#4102,#4103,#4104));
#683=EDGE_LOOP('',(#4105,#4106,#4107,#4108,#4109,#4110,#4111,#4112,#4113,
#4114,#4115,#4116,#4117,#4118,#4119,#4120,#4121,#4122,#4123,#4124,#4125,
#4126,#4127,#4128,#4129,#4130,#4131,#4132,#4133,#4134,#4135,#4136,#4137,
#4138,#4139,#4140,#4141,#4142,#4143,#4144,#4145,#4146,#4147,#4148,#4149,
#4150,#4151,#4152,#4153,#4154,#4155,#4156,#4157,#4158,#4159,#4160,#4161,
#4162,#4163,#4164,#4165,#4166,#4167,#4168));
#684=EDGE_LOOP('',(#4169));
#685=EDGE_LOOP('',(#4170,#4171,#4172,#4173));
#686=EDGE_LOOP('',(#4174,#4175,#4176,#4177));
#687=EDGE_LOOP('',(#4178,#4179,#4180,#4181,#4182));
#688=EDGE_LOOP('',(#4183,#4184,#4185,#4186));
#689=EDGE_LOOP('',(#4187,#4188,#4189,#4190,#4191));
#690=EDGE_LOOP('',(#4192,#4193,#4194,#4195));
#691=EDGE_LOOP('',(#4196,#4197,#4198,#4199));
#692=EDGE_LOOP('',(#4200,#4201,#4202,#4203));
#693=EDGE_LOOP('',(#4204,#4205,#4206,#4207));
#694=EDGE_LOOP('',(#4208,#4209,#4210,#4211,#4212));
#695=EDGE_LOOP('',(#4213,#4214,#4215,#4216));
#696=EDGE_LOOP('',(#4217,#4218,#4219,#4220,#4221));
#697=EDGE_LOOP('',(#4222,#4223,#4224,#4225));
#698=EDGE_LOOP('',(#4226,#4227,#4228,#4229));
#699=EDGE_LOOP('',(#4230,#4231,#4232,#4233,#4234));
#700=EDGE_LOOP('',(#4235,#4236,#4237,#4238,#4239));
#701=EDGE_LOOP('',(#4240,#4241,#4242,#4243));
#702=EDGE_LOOP('',(#4244,#4245,#4246,#4247));
#703=EDGE_LOOP('',(#4248,#4249,#4250,#4251));
#704=EDGE_LOOP('',(#4252,#4253,#4254,#4255));
#705=EDGE_LOOP('',(#4256,#4257,#4258,#4259));
#706=EDGE_LOOP('',(#4260,#4261,#4262,#4263,#4264));
#707=EDGE_LOOP('',(#4265,#4266,#4267,#4268,#4269));
#708=EDGE_LOOP('',(#4270,#4271,#4272,#4273));
#709=EDGE_LOOP('',(#4274,#4275,#4276,#4277));
#710=EDGE_LOOP('',(#4278,#4279,#4280,#4281));
#711=EDGE_LOOP('',(#4282,#4283,#4284,#4285));
#712=EDGE_LOOP('',(#4286,#4287,#4288,#4289));
#713=EDGE_LOOP('',(#4290,#4291,#4292,#4293));
#714=EDGE_LOOP('',(#4294,#4295,#4296,#4297));
#715=EDGE_LOOP('',(#4298,#4299,#4300,#4301));
#716=EDGE_LOOP('',(#4302,#4303,#4304,#4305));
#717=EDGE_LOOP('',(#4306,#4307,#4308,#4309,#4310));
#718=EDGE_LOOP('',(#4311,#4312,#4313,#4314));
#719=EDGE_LOOP('',(#4315,#4316,#4317,#4318,#4319));
#720=EDGE_LOOP('',(#4320,#4321,#4322,#4323));
#721=EDGE_LOOP('',(#4324,#4325,#4326,#4327));
#722=EDGE_LOOP('',(#4328,#4329,#4330,#4331));
#723=EDGE_LOOP('',(#4332,#4333,#4334,#4335));
#724=EDGE_LOOP('',(#4336,#4337,#4338,#4339,#4340));
#725=EDGE_LOOP('',(#4341,#4342,#4343,#4344,#4345));
#726=EDGE_LOOP('',(#4346,#4347,#4348,#4349));
#727=EDGE_LOOP('',(#4350,#4351,#4352,#4353));
#728=EDGE_LOOP('',(#4354,#4355,#4356,#4357));
#729=EDGE_LOOP('',(#4358,#4359,#4360,#4361));
#730=EDGE_LOOP('',(#4362,#4363,#4364,#4365));
#731=EDGE_LOOP('',(#4366,#4367,#4368,#4369,#4370));
#732=EDGE_LOOP('',(#4371,#4372,#4373,#4374,#4375));
#733=EDGE_LOOP('',(#4376,#4377,#4378,#4379));
#734=EDGE_LOOP('',(#4380,#4381,#4382,#4383));
#735=EDGE_LOOP('',(#4384,#4385,#4386,#4387));
#736=EDGE_LOOP('',(#4388,#4389,#4390,#4391,#4392));
#737=EDGE_LOOP('',(#4393,#4394,#4395,#4396));
#738=EDGE_LOOP('',(#4397,#4398,#4399,#4400));
#739=EDGE_LOOP('',(#4401,#4402,#4403,#4404));
#740=EDGE_LOOP('',(#4405,#4406,#4407,#4408,#4409));
#741=EDGE_LOOP('',(#4410,#4411,#4412,#4413,#4414));
#742=EDGE_LOOP('',(#4415,#4416,#4417,#4418));
#743=EDGE_LOOP('',(#4419,#4420,#4421,#4422));
#744=EDGE_LOOP('',(#4423,#4424,#4425,#4426));
#745=EDGE_LOOP('',(#4427,#4428,#4429,#4430));
#746=EDGE_LOOP('',(#4431,#4432,#4433,#4434));
#747=EDGE_LOOP('',(#4435,#4436,#4437,#4438,#4439));
#748=EDGE_LOOP('',(#4440,#4441,#4442,#4443,#4444));
#749=EDGE_LOOP('',(#4445,#4446,#4447,#4448));
#750=EDGE_LOOP('',(#4449,#4450,#4451,#4452));
#751=EDGE_LOOP('',(#4453,#4454,#4455,#4456));
#752=EDGE_LOOP('',(#4457,#4458,#4459,#4460));
#753=EDGE_LOOP('',(#4461,#4462,#4463,#4464));
#754=EDGE_LOOP('',(#4465,#4466,#4467,#4468,#4469));
#755=EDGE_LOOP('',(#4470,#4471,#4472,#4473,#4474));
#756=EDGE_LOOP('',(#4475,#4476,#4477,#4478));
#757=EDGE_LOOP('',(#4479,#4480,#4481,#4482));
#758=EDGE_LOOP('',(#4483,#4484,#4485,#4486));
#759=EDGE_LOOP('',(#4487,#4488,#4489,#4490));
#760=EDGE_LOOP('',(#4491,#4492,#4493,#4494));
#761=EDGE_LOOP('',(#4495,#4496,#4497,#4498,#4499));
#762=EDGE_LOOP('',(#4500,#4501,#4502,#4503));
#763=EDGE_LOOP('',(#4504,#4505,#4506,#4507));
#764=EDGE_LOOP('',(#4508,#4509,#4510,#4511));
#765=EDGE_LOOP('',(#4512,#4513,#4514,#4515));
#766=EDGE_LOOP('',(#4516,#4517,#4518,#4519,#4520));
#767=EDGE_LOOP('',(#4521,#4522,#4523,#4524,#4525));
#768=EDGE_LOOP('',(#4526,#4527,#4528,#4529));
#769=EDGE_LOOP('',(#4530,#4531,#4532,#4533));
#770=EDGE_LOOP('',(#4534,#4535,#4536,#4537));
#771=EDGE_LOOP('',(#4538,#4539,#4540,#4541));
#772=EDGE_LOOP('',(#4542,#4543,#4544,#4545));
#773=EDGE_LOOP('',(#4546,#4547,#4548,#4549));
#774=EDGE_LOOP('',(#4550,#4551,#4552,#4553));
#775=EDGE_LOOP('',(#4554,#4555,#4556,#4557));
#776=EDGE_LOOP('',(#4558,#4559,#4560,#4561));
#777=EDGE_LOOP('',(#4562,#4563,#4564,#4565));
#778=EDGE_LOOP('',(#4566,#4567,#4568,#4569));
#779=EDGE_LOOP('',(#4570,#4571,#4572,#4573));
#780=EDGE_LOOP('',(#4574,#4575,#4576,#4577));
#781=EDGE_LOOP('',(#4578,#4579,#4580,#4581));
#782=EDGE_LOOP('',(#4582,#4583,#4584,#4585));
#783=EDGE_LOOP('',(#4586,#4587,#4588,#4589));
#784=EDGE_LOOP('',(#4590,#4591,#4592,#4593));
#785=EDGE_LOOP('',(#4594,#4595,#4596,#4597));
#786=EDGE_LOOP('',(#4598,#4599,#4600,#4601));
#787=EDGE_LOOP('',(#4602,#4603,#4604,#4605));
#788=EDGE_LOOP('',(#4606,#4607,#4608,#4609));
#789=EDGE_LOOP('',(#4610,#4611,#4612,#4613));
#790=EDGE_LOOP('',(#4614,#4615,#4616,#4617));
#791=EDGE_LOOP('',(#4618,#4619,#4620,#4621));
#792=EDGE_LOOP('',(#4622,#4623,#4624,#4625));
#793=EDGE_LOOP('',(#4626,#4627,#4628,#4629));
#794=EDGE_LOOP('',(#4630,#4631,#4632,#4633));
#795=EDGE_LOOP('',(#4634,#4635,#4636,#4637));
#796=EDGE_LOOP('',(#4638,#4639,#4640,#4641));
#797=EDGE_LOOP('',(#4642,#4643,#4644,#4645));
#798=EDGE_LOOP('',(#4646,#4647,#4648,#4649));
#799=EDGE_LOOP('',(#4650,#4651,#4652,#4653));
#800=EDGE_LOOP('',(#4654,#4655,#4656,#4657));
#801=EDGE_LOOP('',(#4658,#4659,#4660,#4661));
#802=EDGE_LOOP('',(#4662,#4663,#4664,#4665));
#803=EDGE_LOOP('',(#4666,#4667,#4668,#4669));
#804=EDGE_LOOP('',(#4670,#4671,#4672,#4673));
#805=EDGE_LOOP('',(#4674,#4675,#4676,#4677));
#806=EDGE_LOOP('',(#4678,#4679,#4680,#4681));
#807=EDGE_LOOP('',(#4682,#4683,#4684,#4685));
#808=EDGE_LOOP('',(#4686,#4687,#4688,#4689));
#809=EDGE_LOOP('',(#4690,#4691,#4692,#4693));
#810=EDGE_LOOP('',(#4694,#4695,#4696,#4697));
#811=EDGE_LOOP('',(#4698,#4699,#4700,#4701));
#812=EDGE_LOOP('',(#4702,#4703,#4704,#4705));
#813=EDGE_LOOP('',(#4706,#4707,#4708,#4709));
#814=EDGE_LOOP('',(#4710,#4711,#4712,#4713));
#815=EDGE_LOOP('',(#4714,#4715,#4716,#4717));
#816=EDGE_LOOP('',(#4718,#4719,#4720,#4721));
#817=EDGE_LOOP('',(#4722,#4723,#4724,#4725));
#818=EDGE_LOOP('',(#4726,#4727,#4728,#4729));
#819=EDGE_LOOP('',(#4730,#4731,#4732,#4733));
#820=EDGE_LOOP('',(#4734,#4735,#4736,#4737));
#821=EDGE_LOOP('',(#4738));
#822=EDGE_LOOP('',(#4739,#4740,#4741,#4742,#4743,#4744,#4745,#4746,#4747,
#4748,#4749,#4750,#4751,#4752,#4753,#4754,#4755,#4756,#4757,#4758,#4759,
#4760,#4761,#4762,#4763,#4764,#4765,#4766,#4767,#4768,#4769,#4770,#4771,
#4772,#4773,#4774,#4775,#4776,#4777,#4778,#4779,#4780,#4781,#4782,#4783,
#4784,#4785,#4786,#4787,#4788,#4789,#4790,#4791,#4792,#4793,#4794,#4795,
#4796,#4797,#4798,#4799,#4800,#4801,#4802,#4803,#4804,#4805,#4806,#4807,
#4808,#4809,#4810,#4811,#4812,#4813,#4814,#4815,#4816,#4817,#4818,#4819,
#4820,#4821,#4822,#4823,#4824,#4825,#4826,#4827,#4828,#4829,#4830,#4831,
#4832,#4833,#4834));
#823=EDGE_LOOP('',(#4835,#4836,#4837,#4838));
#824=EDGE_LOOP('',(#4839,#4840,#4841,#4842));
#825=EDGE_LOOP('',(#4843,#4844,#4845,#4846,#4847));
#826=EDGE_LOOP('',(#4848,#4849,#4850,#4851));
#827=EDGE_LOOP('',(#4852,#4853,#4854,#4855));
#828=EDGE_LOOP('',(#4856,#4857,#4858,#4859));
#829=EDGE_LOOP('',(#4860,#4861,#4862,#4863));
#830=EDGE_LOOP('',(#4864,#4865,#4866,#4867));
#831=EDGE_LOOP('',(#4868,#4869,#4870,#4871));
#832=EDGE_LOOP('',(#4872,#4873,#4874,#4875));
#833=EDGE_LOOP('',(#4876,#4877,#4878,#4879));
#834=EDGE_LOOP('',(#4880,#4881,#4882,#4883,#4884,#4885,#4886,#4887,#4888,
#4889,#4890,#4891,#4892,#4893,#4894,#4895,#4896,#4897,#4898,#4899,#4900,
#4901,#4902,#4903,#4904,#4905,#4906,#4907,#4908,#4909,#4910,#4911,#4912,
#4913,#4914,#4915,#4916,#4917,#4918,#4919,#4920,#4921,#4922,#4923,#4924,
#4925,#4926,#4927,#4928,#4929,#4930,#4931,#4932,#4933));
#835=EDGE_LOOP('',(#4934,#4935,#4936,#4937,#4938));
#836=EDGE_LOOP('',(#4939,#4940,#4941,#4942,#4943));
#837=EDGE_LOOP('',(#4944));
#838=EDGE_LOOP('',(#4945));
#839=EDGE_LOOP('',(#4946));
#840=EDGE_LOOP('',(#4947));
#841=EDGE_LOOP('',(#4948));
#842=EDGE_LOOP('',(#4949));
#843=EDGE_LOOP('',(#4950,#4951,#4952,#4953));
#844=EDGE_LOOP('',(#4954,#4955,#4956,#4957));
#845=EDGE_LOOP('',(#4958,#4959,#4960,#4961));
#846=EDGE_LOOP('',(#4962,#4963,#4964,#4965));
#847=EDGE_LOOP('',(#4966,#4967,#4968,#4969));
#848=EDGE_LOOP('',(#4970,#4971,#4972,#4973));
#849=EDGE_LOOP('',(#4974,#4975,#4976,#4977));
#850=EDGE_LOOP('',(#4978,#4979,#4980,#4981));
#851=EDGE_LOOP('',(#4982));
#852=EDGE_LOOP('',(#4983,#4984,#4985,#4986,#4987,#4988,#4989,#4990,#4991,
#4992,#4993,#4994,#4995,#4996,#4997,#4998,#4999,#5000,#5001,#5002,#5003,
#5004,#5005,#5006,#5007,#5008,#5009,#5010,#5011,#5012,#5013,#5014,#5015,
#5016,#5017,#5018,#5019,#5020,#5021,#5022,#5023,#5024,#5025,#5026,#5027,
#5028,#5029,#5030,#5031,#5032,#5033,#5034,#5035,#5036,#5037,#5038,#5039,
#5040,#5041,#5042,#5043,#5044,#5045,#5046));
#853=EDGE_LOOP('',(#5047,#5048,#5049,#5050,#5051));
#854=EDGE_LOOP('',(#5052,#5053,#5054,#5055));
#855=EDGE_LOOP('',(#5056,#5057,#5058,#5059));
#856=EDGE_LOOP('',(#5060));
#857=EDGE_LOOP('',(#5061,#5062,#5063,#5064,#5065,#5066,#5067,#5068));
#858=EDGE_LOOP('',(#5069,#5070,#5071,#5072,#5073,#5074,#5075,#5076));
#859=EDGE_LOOP('',(#5077,#5078,#5079,#5080,#5081,#5082,#5083,#5084));
#860=EDGE_LOOP('',(#5085,#5086,#5087,#5088,#5089,#5090,#5091,#5092));
#861=EDGE_LOOP('',(#5093,#5094,#5095,#5096,#5097,#5098,#5099,#5100));
#862=EDGE_LOOP('',(#5101,#5102,#5103,#5104,#5105,#5106,#5107,#5108));
#863=EDGE_LOOP('',(#5109,#5110,#5111,#5112,#5113,#5114,#5115,#5116));
#864=EDGE_LOOP('',(#5117,#5118,#5119,#5120,#5121,#5122,#5123,#5124));
#865=EDGE_LOOP('',(#5125,#5126,#5127,#5128,#5129,#5130,#5131,#5132));
#866=EDGE_LOOP('',(#5133,#5134,#5135,#5136,#5137,#5138,#5139,#5140));
#867=EDGE_LOOP('',(#5141,#5142,#5143,#5144,#5145,#5146,#5147,#5148));
#868=EDGE_LOOP('',(#5149,#5150,#5151,#5152,#5153,#5154,#5155,#5156));
#869=EDGE_LOOP('',(#5157));
#870=EDGE_LOOP('',(#5158));
#871=EDGE_LOOP('',(#5159));
#872=EDGE_LOOP('',(#5160));
#873=EDGE_LOOP('',(#5161));
#874=EDGE_LOOP('',(#5162,#5163,#5164,#5165));
#875=LINE('',#7704,#1252);
#876=LINE('',#7707,#1253);
#877=LINE('',#7713,#1254);
#878=LINE('',#7969,#1255);
#879=LINE('',#7971,#1256);
#880=LINE('',#7972,#1257);
#881=LINE('',#7993,#1258);
#882=LINE('',#7996,#1259);
#883=LINE('',#7999,#1260);
#884=LINE('',#8001,#1261);
#885=LINE('',#8002,#1262);
#886=LINE('',#8023,#1263);
#887=LINE('',#8026,#1264);
#888=LINE('',#8029,#1265);
#889=LINE('',#8031,#1266);
#890=LINE('',#8032,#1267);
#891=LINE('',#8053,#1268);
#892=LINE('',#8056,#1269);
#893=LINE('',#8059,#1270);
#894=LINE('',#8061,#1271);
#895=LINE('',#8062,#1272);
#896=LINE('',#8083,#1273);
#897=LINE('',#8086,#1274);
#898=LINE('',#8089,#1275);
#899=LINE('',#8091,#1276);
#900=LINE('',#8092,#1277);
#901=LINE('',#8113,#1278);
#902=LINE('',#8116,#1279);
#903=LINE('',#8119,#1280);
#904=LINE('',#8121,#1281);
#905=LINE('',#8122,#1282);
#906=LINE('',#8152,#1283);
#907=LINE('',#8154,#1284);
#908=LINE('',#8155,#1285);
#909=LINE('',#8181,#1286);
#910=LINE('',#8184,#1287);
#911=LINE('',#8187,#1288);
#912=LINE('',#8189,#1289);
#913=LINE('',#8190,#1290);
#914=LINE('',#8220,#1291);
#915=LINE('',#8222,#1292);
#916=LINE('',#8223,#1293);
#917=LINE('',#8231,#1294);
#918=LINE('',#8233,#1295);
#919=LINE('',#8234,#1296);
#920=LINE('',#8237,#1297);
#921=LINE('',#8239,#1298);
#922=LINE('',#8240,#1299);
#923=LINE('',#8243,#1300);
#924=LINE('',#8245,#1301);
#925=LINE('',#8246,#1302);
#926=LINE('',#8276,#1303);
#927=LINE('',#8278,#1304);
#928=LINE('',#8279,#1305);
#929=LINE('',#8314,#1306);
#930=LINE('',#8316,#1307);
#931=LINE('',#8317,#1308);
#932=LINE('',#8341,#1309);
#933=LINE('',#8343,#1310);
#934=LINE('',#8344,#1311);
#935=LINE('',#8365,#1312);
#936=LINE('',#8368,#1313);
#937=LINE('',#8371,#1314);
#938=LINE('',#8373,#1315);
#939=LINE('',#8374,#1316);
#940=LINE('',#8377,#1317);
#941=LINE('',#8379,#1318);
#942=LINE('',#8380,#1319);
#943=LINE('',#8401,#1320);
#944=LINE('',#8404,#1321);
#945=LINE('',#8407,#1322);
#946=LINE('',#8409,#1323);
#947=LINE('',#8410,#1324);
#948=LINE('',#8413,#1325);
#949=LINE('',#8415,#1326);
#950=LINE('',#8416,#1327);
#951=LINE('',#8446,#1328);
#952=LINE('',#8448,#1329);
#953=LINE('',#8449,#1330);
#954=LINE('',#8484,#1331);
#955=LINE('',#8486,#1332);
#956=LINE('',#8487,#1333);
#957=LINE('',#8495,#1334);
#958=LINE('',#8497,#1335);
#959=LINE('',#8498,#1336);
#960=LINE('',#8501,#1337);
#961=LINE('',#8503,#1338);
#962=LINE('',#8504,#1339);
#963=LINE('',#8507,#1340);
#964=LINE('',#8509,#1341);
#965=LINE('',#8510,#1342);
#966=LINE('',#8513,#1343);
#967=LINE('',#8515,#1344);
#968=LINE('',#8516,#1345);
#969=LINE('',#8519,#1346);
#970=LINE('',#8522,#1347);
#971=LINE('',#8525,#1348);
#972=LINE('',#8528,#1349);
#973=LINE('',#8531,#1350);
#974=LINE('',#8534,#1351);
#975=LINE('',#8538,#1352);
#976=LINE('',#8542,#1353);
#977=LINE('',#8546,#1354);
#978=LINE('',#8550,#1355);
#979=LINE('',#8554,#1356);
#980=LINE('',#8558,#1357);
#981=LINE('',#8562,#1358);
#982=LINE('',#8566,#1359);
#983=LINE('',#8570,#1360);
#984=LINE('',#8574,#1361);
#985=LINE('',#8578,#1362);
#986=LINE('',#8582,#1363);
#987=LINE('',#8586,#1364);
#988=LINE('',#8590,#1365);
#989=LINE('',#8594,#1366);
#990=LINE('',#8598,#1367);
#991=LINE('',#8602,#1368);
#992=LINE('',#8605,#1369);
#993=LINE('',#8607,#1370);
#994=LINE('',#8610,#1371);
#995=LINE('',#8612,#1372);
#996=LINE('',#8615,#1373);
#997=LINE('',#8617,#1374);
#998=LINE('',#8620,#1375);
#999=LINE('',#8622,#1376);
#1000=LINE('',#8625,#1377);
#1001=LINE('',#8627,#1378);
#1002=LINE('',#8630,#1379);
#1003=LINE('',#8632,#1380);
#1004=LINE('',#8637,#1381);
#1005=LINE('',#8639,#1382);
#1006=LINE('',#8642,#1383);
#1007=LINE('',#8644,#1384);
#1008=LINE('',#8647,#1385);
#1009=LINE('',#8649,#1386);
#1010=LINE('',#8652,#1387);
#1011=LINE('',#8654,#1388);
#1012=LINE('',#8657,#1389);
#1013=LINE('',#8659,#1390);
#1014=LINE('',#8662,#1391);
#1015=LINE('',#8664,#1392);
#1016=LINE('',#8669,#1393);
#1017=LINE('',#8673,#1394);
#1018=LINE('',#8677,#1395);
#1019=LINE('',#8681,#1396);
#1020=LINE('',#8685,#1397);
#1021=LINE('',#8689,#1398);
#1022=LINE('',#8693,#1399);
#1023=LINE('',#8697,#1400);
#1024=LINE('',#8701,#1401);
#1025=LINE('',#8704,#1402);
#1026=LINE('',#8709,#1403);
#1027=LINE('',#8713,#1404);
#1028=LINE('',#8714,#1405);
#1029=LINE('',#8717,#1406);
#1030=LINE('',#8719,#1407);
#1031=LINE('',#8720,#1408);
#1032=LINE('',#8739,#1409);
#1033=LINE('',#8741,#1410);
#1034=LINE('',#8742,#1411);
#1035=LINE('',#8747,#1412);
#1036=LINE('',#8751,#1413);
#1037=LINE('',#8752,#1414);
#1038=LINE('',#8757,#1415);
#1039=LINE('',#8761,#1416);
#1040=LINE('',#8762,#1417);
#1041=LINE('',#8765,#1418);
#1042=LINE('',#8767,#1419);
#1043=LINE('',#8768,#1420);
#1044=LINE('',#8773,#1421);
#1045=LINE('',#8777,#1422);
#1046=LINE('',#8778,#1423);
#1047=LINE('',#8819,#1424);
#1048=LINE('',#8822,#1425);
#1049=LINE('',#8827,#1426);
#1050=LINE('',#8834,#1427);
#1051=LINE('',#8845,#1428);
#1052=LINE('',#8846,#1429);
#1053=LINE('',#8860,#1430);
#1054=LINE('',#8866,#1431);
#1055=LINE('',#8869,#1432);
#1056=LINE('',#8870,#1433);
#1057=LINE('',#8876,#1434);
#1058=LINE('',#8879,#1435);
#1059=LINE('',#8884,#1436);
#1060=LINE('',#8891,#1437);
#1061=LINE('',#8902,#1438);
#1062=LINE('',#8903,#1439);
#1063=LINE('',#8917,#1440);
#1064=LINE('',#8923,#1441);
#1065=LINE('',#8926,#1442);
#1066=LINE('',#8927,#1443);
#1067=LINE('',#8941,#1444);
#1068=LINE('',#8948,#1445);
#1069=LINE('',#8960,#1446);
#1070=LINE('',#8962,#1447);
#1071=LINE('',#8963,#1448);
#1072=LINE('',#8968,#1449);
#1073=LINE('',#8974,#1450);
#1074=LINE('',#8980,#1451);
#1075=LINE('',#8983,#1452);
#1076=LINE('',#8984,#1453);
#1077=LINE('',#8998,#1454);
#1078=LINE('',#9005,#1455);
#1079=LINE('',#9017,#1456);
#1080=LINE('',#9019,#1457);
#1081=LINE('',#9020,#1458);
#1082=LINE('',#9025,#1459);
#1083=LINE('',#9031,#1460);
#1084=LINE('',#9037,#1461);
#1085=LINE('',#9040,#1462);
#1086=LINE('',#9041,#1463);
#1087=LINE('',#9047,#1464);
#1088=LINE('',#9050,#1465);
#1089=LINE('',#9053,#1466);
#1090=LINE('',#9055,#1467);
#1091=LINE('',#9056,#1468);
#1092=LINE('',#9062,#1469);
#1093=LINE('',#9065,#1470);
#1094=LINE('',#9074,#1471);
#1095=LINE('',#9085,#1472);
#1096=LINE('',#9086,#1473);
#1097=LINE('',#9104,#1474);
#1098=LINE('',#9107,#1475);
#1099=LINE('',#9112,#1476);
#1100=LINE('',#9118,#1477);
#1101=LINE('',#9122,#1478);
#1102=LINE('',#9124,#1479);
#1103=LINE('',#9125,#1480);
#1104=LINE('',#9143,#1481);
#1105=LINE('',#9154,#1482);
#1106=LINE('',#9155,#1483);
#1107=LINE('',#9161,#1484);
#1108=LINE('',#9164,#1485);
#1109=LINE('',#9169,#1486);
#1110=LINE('',#9175,#1487);
#1111=LINE('',#9179,#1488);
#1112=LINE('',#9181,#1489);
#1113=LINE('',#9182,#1490);
#1114=LINE('',#9200,#1491);
#1115=LINE('',#9211,#1492);
#1116=LINE('',#9212,#1493);
#1117=LINE('',#9218,#1494);
#1118=LINE('',#9221,#1495);
#1119=LINE('',#9226,#1496);
#1120=LINE('',#9233,#1497);
#1121=LINE('',#9244,#1498);
#1122=LINE('',#9245,#1499);
#1123=LINE('',#9250,#1500);
#1124=LINE('',#9254,#1501);
#1125=LINE('',#9256,#1502);
#1126=LINE('',#9257,#1503);
#1127=LINE('',#9275,#1504);
#1128=LINE('',#9287,#1505);
#1129=LINE('',#9289,#1506);
#1130=LINE('',#9290,#1507);
#1131=LINE('',#9295,#1508);
#1132=LINE('',#9301,#1509);
#1133=LINE('',#9307,#1510);
#1134=LINE('',#9311,#1511);
#1135=LINE('',#9313,#1512);
#1136=LINE('',#9314,#1513);
#1137=LINE('',#9332,#1514);
#1138=LINE('',#9344,#1515);
#1139=LINE('',#9346,#1516);
#1140=LINE('',#9347,#1517);
#1141=LINE('',#9352,#1518);
#1142=LINE('',#9358,#1519);
#1143=LINE('',#9364,#1520);
#1144=LINE('',#9368,#1521);
#1145=LINE('',#9370,#1522);
#1146=LINE('',#9371,#1523);
#1147=LINE('',#9389,#1524);
#1148=LINE('',#9401,#1525);
#1149=LINE('',#9403,#1526);
#1150=LINE('',#9404,#1527);
#1151=LINE('',#9409,#1528);
#1152=LINE('',#9415,#1529);
#1153=LINE('',#9421,#1530);
#1154=LINE('',#9425,#1531);
#1155=LINE('',#9427,#1532);
#1156=LINE('',#9428,#1533);
#1157=LINE('',#9446,#1534);
#1158=LINE('',#9449,#1535);
#1159=LINE('',#9454,#1536);
#1160=LINE('',#9460,#1537);
#1161=LINE('',#9464,#1538);
#1162=LINE('',#9466,#1539);
#1163=LINE('',#9467,#1540);
#1164=LINE('',#9485,#1541);
#1165=LINE('',#9496,#1542);
#1166=LINE('',#9497,#1543);
#1167=LINE('',#9500,#1544);
#1168=LINE('',#9502,#1545);
#1169=LINE('',#9503,#1546);
#1170=LINE('',#9508,#1547);
#1171=LINE('',#9511,#1548);
#1172=LINE('',#9512,#1549);
#1173=LINE('',#9516,#1550);
#1174=LINE('',#9518,#1551);
#1175=LINE('',#9519,#1552);
#1176=LINE('',#9522,#1553);
#1177=LINE('',#9527,#1554);
#1178=LINE('',#9529,#1555);
#1179=LINE('',#9532,#1556);
#1180=LINE('',#9534,#1557);
#1181=LINE('',#9535,#1558);
#1182=LINE('',#9540,#1559);
#1183=LINE('',#9543,#1560);
#1184=LINE('',#9544,#1561);
#1185=LINE('',#9551,#1562);
#1186=LINE('',#9554,#1563);
#1187=LINE('',#9556,#1564);
#1188=LINE('',#9557,#1565);
#1189=LINE('',#9559,#1566);
#1190=LINE('',#9561,#1567);
#1191=LINE('',#9567,#1568);
#1192=LINE('',#9570,#1569);
#1193=LINE('',#9575,#1570);
#1194=LINE('',#9580,#1571);
#1195=LINE('',#9586,#1572);
#1196=LINE('',#9589,#1573);
#1197=LINE('',#9591,#1574);
#1198=LINE('',#9596,#1575);
#1199=LINE('',#9605,#1576);
#1200=LINE('',#9608,#1577);
#1201=LINE('',#9613,#1578);
#1202=LINE('',#9618,#1579);
#1203=LINE('',#9624,#1580);
#1204=LINE('',#9627,#1581);
#1205=LINE('',#9629,#1582);
#1206=LINE('',#9634,#1583);
#1207=LINE('',#9643,#1584);
#1208=LINE('',#9646,#1585);
#1209=LINE('',#9651,#1586);
#1210=LINE('',#9656,#1587);
#1211=LINE('',#9662,#1588);
#1212=LINE('',#9665,#1589);
#1213=LINE('',#9667,#1590);
#1214=LINE('',#9672,#1591);
#1215=LINE('',#9681,#1592);
#1216=LINE('',#9684,#1593);
#1217=LINE('',#9689,#1594);
#1218=LINE('',#9694,#1595);
#1219=LINE('',#9700,#1596);
#1220=LINE('',#9703,#1597);
#1221=LINE('',#9705,#1598);
#1222=LINE('',#9710,#1599);
#1223=LINE('',#9719,#1600);
#1224=LINE('',#9722,#1601);
#1225=LINE('',#9727,#1602);
#1226=LINE('',#9732,#1603);
#1227=LINE('',#9738,#1604);
#1228=LINE('',#9741,#1605);
#1229=LINE('',#9743,#1606);
#1230=LINE('',#9748,#1607);
#1231=LINE('',#9757,#1608);
#1232=LINE('',#9760,#1609);
#1233=LINE('',#9765,#1610);
#1234=LINE('',#9770,#1611);
#1235=LINE('',#9776,#1612);
#1236=LINE('',#9779,#1613);
#1237=LINE('',#9781,#1614);
#1238=LINE('',#9786,#1615);
#1239=LINE('',#9818,#1616);
#1240=LINE('',#9833,#1617);
#1241=LINE('',#9849,#1618);
#1242=LINE('',#9852,#1619);
#1243=LINE('',#9857,#1620);
#1244=LINE('',#9860,#1621);
#1245=LINE('',#9865,#1622);
#1246=LINE('',#9868,#1623);
#1247=LINE('',#9873,#1624);
#1248=LINE('',#9876,#1625);
#1249=LINE('',#9881,#1626);
#1250=LINE('',#9886,#1627);
#1251=LINE('',#9889,#1628);
#1252=VECTOR('',#6087,10.);
#1253=VECTOR('',#6090,10.);
#1254=VECTOR('',#6095,10.1);
#1255=VECTOR('',#6226,10.);
#1256=VECTOR('',#6227,10.);
#1257=VECTOR('',#6228,10.);
#1258=VECTOR('',#6231,10.);
#1259=VECTOR('',#6234,10.);
#1260=VECTOR('',#6237,10.);
#1261=VECTOR('',#6238,10.);
#1262=VECTOR('',#6239,10.);
#1263=VECTOR('',#6242,10.);
#1264=VECTOR('',#6245,10.);
#1265=VECTOR('',#6248,10.);
#1266=VECTOR('',#6249,10.);
#1267=VECTOR('',#6250,10.);
#1268=VECTOR('',#6253,10.);
#1269=VECTOR('',#6256,10.);
#1270=VECTOR('',#6259,10.);
#1271=VECTOR('',#6260,10.);
#1272=VECTOR('',#6261,10.);
#1273=VECTOR('',#6264,10.);
#1274=VECTOR('',#6267,10.);
#1275=VECTOR('',#6270,10.);
#1276=VECTOR('',#6271,10.);
#1277=VECTOR('',#6272,10.);
#1278=VECTOR('',#6275,10.);
#1279=VECTOR('',#6278,10.);
#1280=VECTOR('',#6281,10.);
#1281=VECTOR('',#6282,10.);
#1282=VECTOR('',#6283,10.);
#1283=VECTOR('',#6292,10.);
#1284=VECTOR('',#6293,10.);
#1285=VECTOR('',#6294,10.);
#1286=VECTOR('',#6299,10.);
#1287=VECTOR('',#6302,10.);
#1288=VECTOR('',#6305,10.);
#1289=VECTOR('',#6306,10.);
#1290=VECTOR('',#6307,10.);
#1291=VECTOR('',#6316,10.);
#1292=VECTOR('',#6317,10.);
#1293=VECTOR('',#6318,10.);
#1294=VECTOR('',#6323,10.);
#1295=VECTOR('',#6324,10.);
#1296=VECTOR('',#6325,10.);
#1297=VECTOR('',#6328,10.);
#1298=VECTOR('',#6329,10.);
#1299=VECTOR('',#6330,10.);
#1300=VECTOR('',#6333,10.);
#1301=VECTOR('',#6334,10.);
#1302=VECTOR('',#6335,10.);
#1303=VECTOR('',#6344,10.);
#1304=VECTOR('',#6345,10.);
#1305=VECTOR('',#6346,10.);
#1306=VECTOR('',#6357,10.);
#1307=VECTOR('',#6358,10.);
#1308=VECTOR('',#6359,10.);
#1309=VECTOR('',#6368,10.);
#1310=VECTOR('',#6369,10.);
#1311=VECTOR('',#6370,10.);
#1312=VECTOR('',#6373,10.);
#1313=VECTOR('',#6376,10.);
#1314=VECTOR('',#6379,10.);
#1315=VECTOR('',#6380,10.);
#1316=VECTOR('',#6381,10.);
#1317=VECTOR('',#6384,10.);
#1318=VECTOR('',#6385,10.);
#1319=VECTOR('',#6386,10.);
#1320=VECTOR('',#6389,10.);
#1321=VECTOR('',#6392,10.);
#1322=VECTOR('',#6395,10.);
#1323=VECTOR('',#6396,10.);
#1324=VECTOR('',#6397,10.);
#1325=VECTOR('',#6400,10.);
#1326=VECTOR('',#6401,10.);
#1327=VECTOR('',#6402,10.);
#1328=VECTOR('',#6411,10.);
#1329=VECTOR('',#6412,10.);
#1330=VECTOR('',#6413,10.);
#1331=VECTOR('',#6424,10.);
#1332=VECTOR('',#6425,10.);
#1333=VECTOR('',#6426,10.);
#1334=VECTOR('',#6431,10.);
#1335=VECTOR('',#6432,10.);
#1336=VECTOR('',#6433,10.);
#1337=VECTOR('',#6436,10.);
#1338=VECTOR('',#6437,10.);
#1339=VECTOR('',#6438,10.);
#1340=VECTOR('',#6441,10.);
#1341=VECTOR('',#6442,10.);
#1342=VECTOR('',#6443,10.);
#1343=VECTOR('',#6446,10.);
#1344=VECTOR('',#6447,10.);
#1345=VECTOR('',#6448,10.);
#1346=VECTOR('',#6451,10.);
#1347=VECTOR('',#6454,10.);
#1348=VECTOR('',#6457,10.);
#1349=VECTOR('',#6460,10.);
#1350=VECTOR('',#6463,10.);
#1351=VECTOR('',#6466,10.);
#1352=VECTOR('',#6469,10.);
#1353=VECTOR('',#6472,10.);
#1354=VECTOR('',#6475,10.);
#1355=VECTOR('',#6478,10.);
#1356=VECTOR('',#6481,10.);
#1357=VECTOR('',#6484,10.);
#1358=VECTOR('',#6487,10.);
#1359=VECTOR('',#6490,10.);
#1360=VECTOR('',#6493,10.);
#1361=VECTOR('',#6496,10.);
#1362=VECTOR('',#6499,10.);
#1363=VECTOR('',#6502,10.);
#1364=VECTOR('',#6505,10.);
#1365=VECTOR('',#6508,10.);
#1366=VECTOR('',#6511,10.);
#1367=VECTOR('',#6514,10.);
#1368=VECTOR('',#6517,8.85);
#1369=VECTOR('',#6520,10.);
#1370=VECTOR('',#6521,10.);
#1371=VECTOR('',#6524,10.);
#1372=VECTOR('',#6525,10.);
#1373=VECTOR('',#6528,10.);
#1374=VECTOR('',#6529,10.);
#1375=VECTOR('',#6532,10.);
#1376=VECTOR('',#6533,10.);
#1377=VECTOR('',#6536,10.);
#1378=VECTOR('',#6537,10.);
#1379=VECTOR('',#6540,10.);
#1380=VECTOR('',#6541,10.);
#1381=VECTOR('',#6546,10.);
#1382=VECTOR('',#6547,10.);
#1383=VECTOR('',#6550,10.);
#1384=VECTOR('',#6551,10.);
#1385=VECTOR('',#6554,10.);
#1386=VECTOR('',#6555,10.);
#1387=VECTOR('',#6558,10.);
#1388=VECTOR('',#6559,10.);
#1389=VECTOR('',#6562,10.);
#1390=VECTOR('',#6563,10.);
#1391=VECTOR('',#6566,10.);
#1392=VECTOR('',#6567,10.);
#1393=VECTOR('',#6572,10.);
#1394=VECTOR('',#6575,10.);
#1395=VECTOR('',#6578,10.);
#1396=VECTOR('',#6581,10.);
#1397=VECTOR('',#6584,10.);
#1398=VECTOR('',#6587,10.);
#1399=VECTOR('',#6590,10.);
#1400=VECTOR('',#6593,10.);
#1401=VECTOR('',#6598,10.);
#1402=VECTOR('',#6601,10.);
#1403=VECTOR('',#6608,10.);
#1404=VECTOR('',#6613,10.);
#1405=VECTOR('',#6614,10.);
#1406=VECTOR('',#6617,10.);
#1407=VECTOR('',#6618,10.);
#1408=VECTOR('',#6619,10.);
#1409=VECTOR('',#6654,10.);
#1410=VECTOR('',#6655,10.);
#1411=VECTOR('',#6656,10.);
#1412=VECTOR('',#6663,10.);
#1413=VECTOR('',#6668,10.);
#1414=VECTOR('',#6669,10.);
#1415=VECTOR('',#6676,10.);
#1416=VECTOR('',#6681,10.);
#1417=VECTOR('',#6682,10.);
#1418=VECTOR('',#6685,10.);
#1419=VECTOR('',#6686,10.);
#1420=VECTOR('',#6687,10.);
#1421=VECTOR('',#6694,10.);
#1422=VECTOR('',#6699,10.);
#1423=VECTOR('',#6700,10.);
#1424=VECTOR('',#6773,10.);
#1425=VECTOR('',#6776,10.);
#1426=VECTOR('',#6781,10.);
#1427=VECTOR('',#6788,10.);
#1428=VECTOR('',#6793,10.);
#1429=VECTOR('',#6794,10.);
#1430=VECTOR('',#6799,10.);
#1431=VECTOR('',#6806,10.);
#1432=VECTOR('',#6811,10.);
#1433=VECTOR('',#6812,10.);
#1434=VECTOR('',#6817,10.);
#1435=VECTOR('',#6820,10.);
#1436=VECTOR('',#6825,10.);
#1437=VECTOR('',#6832,10.);
#1438=VECTOR('',#6837,10.);
#1439=VECTOR('',#6838,10.);
#1440=VECTOR('',#6843,10.);
#1441=VECTOR('',#6850,10.);
#1442=VECTOR('',#6855,10.);
#1443=VECTOR('',#6856,10.);
#1444=VECTOR('',#6861,10.);
#1445=VECTOR('',#6868,10.);
#1446=VECTOR('',#6873,10.);
#1447=VECTOR('',#6874,10.);
#1448=VECTOR('',#6875,10.);
#1449=VECTOR('',#6880,10.);
#1450=VECTOR('',#6887,10.);
#1451=VECTOR('',#6894,10.);
#1452=VECTOR('',#6899,10.);
#1453=VECTOR('',#6900,10.);
#1454=VECTOR('',#6905,10.);
#1455=VECTOR('',#6912,10.);
#1456=VECTOR('',#6917,10.);
#1457=VECTOR('',#6918,10.);
#1458=VECTOR('',#6919,10.);
#1459=VECTOR('',#6924,10.);
#1460=VECTOR('',#6931,10.);
#1461=VECTOR('',#6938,10.);
#1462=VECTOR('',#6943,10.);
#1463=VECTOR('',#6944,10.);
#1464=VECTOR('',#6949,10.);
#1465=VECTOR('',#6952,10.);
#1466=VECTOR('',#6955,10.);
#1467=VECTOR('',#6956,10.);
#1468=VECTOR('',#6957,10.);
#1469=VECTOR('',#6962,10.);
#1470=VECTOR('',#6965,10.);
#1471=VECTOR('',#6976,10.);
#1472=VECTOR('',#6981,10.);
#1473=VECTOR('',#6982,10.);
#1474=VECTOR('',#6993,10.);
#1475=VECTOR('',#6996,10.);
#1476=VECTOR('',#7001,10.);
#1477=VECTOR('',#7008,10.);
#1478=VECTOR('',#7013,10.);
#1479=VECTOR('',#7014,10.);
#1480=VECTOR('',#7015,10.);
#1481=VECTOR('',#7026,10.);
#1482=VECTOR('',#7031,10.);
#1483=VECTOR('',#7032,10.);
#1484=VECTOR('',#7037,10.);
#1485=VECTOR('',#7040,10.);
#1486=VECTOR('',#7045,10.);
#1487=VECTOR('',#7052,10.);
#1488=VECTOR('',#7057,10.);
#1489=VECTOR('',#7058,10.);
#1490=VECTOR('',#7059,10.);
#1491=VECTOR('',#7070,10.);
#1492=VECTOR('',#7075,10.);
#1493=VECTOR('',#7076,10.);
#1494=VECTOR('',#7081,10.);
#1495=VECTOR('',#7084,10.);
#1496=VECTOR('',#7089,10.);
#1497=VECTOR('',#7096,10.);
#1498=VECTOR('',#7101,10.);
#1499=VECTOR('',#7102,10.);
#1500=VECTOR('',#7107,10.);
#1501=VECTOR('',#7112,10.);
#1502=VECTOR('',#7113,10.);
#1503=VECTOR('',#7114,10.);
#1504=VECTOR('',#7125,10.);
#1505=VECTOR('',#7130,10.);
#1506=VECTOR('',#7131,10.);
#1507=VECTOR('',#7132,10.);
#1508=VECTOR('',#7137,10.);
#1509=VECTOR('',#7144,10.);
#1510=VECTOR('',#7151,10.);
#1511=VECTOR('',#7156,10.);
#1512=VECTOR('',#7157,10.);
#1513=VECTOR('',#7158,10.);
#1514=VECTOR('',#7169,10.);
#1515=VECTOR('',#7174,10.);
#1516=VECTOR('',#7175,10.);
#1517=VECTOR('',#7176,10.);
#1518=VECTOR('',#7181,10.);
#1519=VECTOR('',#7188,10.);
#1520=VECTOR('',#7195,10.);
#1521=VECTOR('',#7200,10.);
#1522=VECTOR('',#7201,10.);
#1523=VECTOR('',#7202,10.);
#1524=VECTOR('',#7213,10.);
#1525=VECTOR('',#7218,10.);
#1526=VECTOR('',#7219,10.);
#1527=VECTOR('',#7220,10.);
#1528=VECTOR('',#7225,10.);
#1529=VECTOR('',#7232,10.);
#1530=VECTOR('',#7239,10.);
#1531=VECTOR('',#7244,10.);
#1532=VECTOR('',#7245,10.);
#1533=VECTOR('',#7246,10.);
#1534=VECTOR('',#7257,10.);
#1535=VECTOR('',#7260,10.);
#1536=VECTOR('',#7265,10.);
#1537=VECTOR('',#7272,10.);
#1538=VECTOR('',#7277,10.);
#1539=VECTOR('',#7278,10.);
#1540=VECTOR('',#7279,10.);
#1541=VECTOR('',#7290,10.);
#1542=VECTOR('',#7295,10.);
#1543=VECTOR('',#7296,10.);
#1544=VECTOR('',#7299,10.);
#1545=VECTOR('',#7300,10.);
#1546=VECTOR('',#7301,10.);
#1547=VECTOR('',#7306,10.);
#1548=VECTOR('',#7311,10.);
#1549=VECTOR('',#7312,10.);
#1550=VECTOR('',#7317,10.);
#1551=VECTOR('',#7318,10.);
#1552=VECTOR('',#7319,10.);
#1553=VECTOR('',#7322,10.);
#1554=VECTOR('',#7329,10.);
#1555=VECTOR('',#7332,10.);
#1556=VECTOR('',#7335,10.);
#1557=VECTOR('',#7336,10.);
#1558=VECTOR('',#7337,10.);
#1559=VECTOR('',#7342,10.);
#1560=VECTOR('',#7347,10.);
#1561=VECTOR('',#7348,10.);
#1562=VECTOR('',#7355,10.);
#1563=VECTOR('',#7358,10.);
#1564=VECTOR('',#7361,10.);
#1565=VECTOR('',#7362,10.);
#1566=VECTOR('',#7365,10.);
#1567=VECTOR('',#7368,10.);
#1568=VECTOR('',#7373,10.);
#1569=VECTOR('',#7376,10.);
#1570=VECTOR('',#7379,10.);
#1571=VECTOR('',#7382,10.);
#1572=VECTOR('',#7387,10.);
#1573=VECTOR('',#7390,10.);
#1574=VECTOR('',#7393,10.);
#1575=VECTOR('',#7396,10.);
#1576=VECTOR('',#7401,10.);
#1577=VECTOR('',#7404,10.);
#1578=VECTOR('',#7407,10.);
#1579=VECTOR('',#7410,10.);
#1580=VECTOR('',#7415,10.);
#1581=VECTOR('',#7418,10.);
#1582=VECTOR('',#7421,10.);
#1583=VECTOR('',#7424,10.);
#1584=VECTOR('',#7429,10.);
#1585=VECTOR('',#7432,10.);
#1586=VECTOR('',#7435,10.);
#1587=VECTOR('',#7438,10.);
#1588=VECTOR('',#7443,10.);
#1589=VECTOR('',#7446,10.);
#1590=VECTOR('',#7449,10.);
#1591=VECTOR('',#7452,10.);
#1592=VECTOR('',#7457,10.);
#1593=VECTOR('',#7460,10.);
#1594=VECTOR('',#7463,10.);
#1595=VECTOR('',#7466,10.);
#1596=VECTOR('',#7471,10.);
#1597=VECTOR('',#7474,10.);
#1598=VECTOR('',#7477,10.);
#1599=VECTOR('',#7480,10.);
#1600=VECTOR('',#7485,10.);
#1601=VECTOR('',#7488,10.);
#1602=VECTOR('',#7491,10.);
#1603=VECTOR('',#7494,10.);
#1604=VECTOR('',#7499,10.);
#1605=VECTOR('',#7502,10.);
#1606=VECTOR('',#7505,10.);
#1607=VECTOR('',#7508,10.);
#1608=VECTOR('',#7513,10.);
#1609=VECTOR('',#7516,10.);
#1610=VECTOR('',#7519,10.);
#1611=VECTOR('',#7522,10.);
#1612=VECTOR('',#7527,10.);
#1613=VECTOR('',#7530,10.);
#1614=VECTOR('',#7533,10.);
#1615=VECTOR('',#7536,10.);
#1616=VECTOR('',#7589,10.225);
#1617=VECTOR('',#7608,3.);
#1618=VECTOR('',#7625,2.425);
#1619=VECTOR('',#7630,1.6);
#1620=VECTOR('',#7635,2.425);
#1621=VECTOR('',#7640,1.6);
#1622=VECTOR('',#7645,2.425);
#1623=VECTOR('',#7650,1.6);
#1624=VECTOR('',#7655,2.425);
#1625=VECTOR('',#7660,1.6);
#1626=VECTOR('',#7667,11.6);
#1627=VECTOR('',#7674,11.6);
#1628=VECTOR('',#7679,10.);
#1629=CIRCLE('',#5472,11.3071067811865);
#1630=CIRCLE('',#5473,11.6);
#1631=CIRCLE('',#5475,8.85);
#1632=CIRCLE('',#5476,10.8);
#1633=CIRCLE('',#5477,11.0735629622262);
#1634=CIRCLE('',#5478,10.8);
#1635=CIRCLE('',#5479,11.0735629622262);
#1636=CIRCLE('',#5480,10.8);
#1637=CIRCLE('',#5481,11.3071067811865);
#1638=CIRCLE('',#5482,10.8);
#1639=CIRCLE('',#5483,11.3071067811865);
#1640=CIRCLE('',#5484,10.8);
#1641=CIRCLE('',#5485,11.3071067811865);
#1642=CIRCLE('',#5486,10.8);
#1643=CIRCLE('',#5487,11.0735629622262);
#1644=CIRCLE('',#5488,10.8);
#1645=CIRCLE('',#5489,11.3071067811865);
#1646=CIRCLE('',#5490,10.8);
#1647=CIRCLE('',#5491,11.0735629622262);
#1648=CIRCLE('',#5492,10.8);
#1649=CIRCLE('',#5493,10.8);
#1650=CIRCLE('',#5494,11.3071067811865);
#1651=CIRCLE('',#5495,10.8);
#1652=CIRCLE('',#5496,11.3071067811865);
#1653=CIRCLE('',#5497,10.8);
#1654=CIRCLE('',#5498,11.0735629622262);
#1655=CIRCLE('',#5499,10.8);
#1656=CIRCLE('',#5500,11.0735629622262);
#1657=CIRCLE('',#5501,10.8);
#1658=CIRCLE('',#5502,11.35);
#1659=CIRCLE('',#5503,10.8);
#1660=CIRCLE('',#5504,11.3071067811865);
#1661=CIRCLE('',#5505,10.8);
#1662=CIRCLE('',#5506,11.3071067811865);
#1663=CIRCLE('',#5507,10.8);
#1664=CIRCLE('',#5508,8.85);
#1665=CIRCLE('',#5509,8.85);
#1666=CIRCLE('',#5510,8.85);
#1667=CIRCLE('',#5511,8.85);
#1668=CIRCLE('',#5512,8.85);
#1669=CIRCLE('',#5513,8.85);
#1670=CIRCLE('',#5514,8.85);
#1671=CIRCLE('',#5515,8.85);
#1672=CIRCLE('',#5516,8.85);
#1673=CIRCLE('',#5517,8.85);
#1674=CIRCLE('',#5518,8.85);
#1675=CIRCLE('',#5519,8.85);
#1676=CIRCLE('',#5520,8.85);
#1677=CIRCLE('',#5521,8.85);
#1678=CIRCLE('',#5522,8.85);
#1679=CIRCLE('',#5523,8.85);
#1680=CIRCLE('',#5524,8.85);
#1681=CIRCLE('',#5525,8.85);
#1682=CIRCLE('',#5526,8.85);
#1683=CIRCLE('',#5527,8.85);
#1684=CIRCLE('',#5528,8.85);
#1685=CIRCLE('',#5529,8.85);
#1686=CIRCLE('',#5530,8.85);
#1687=CIRCLE('',#5531,8.85);
#1688=CIRCLE('',#5532,8.85);
#1689=CIRCLE('',#5533,8.85);
#1690=CIRCLE('',#5534,8.85);
#1691=CIRCLE('',#5535,8.85);
#1692=CIRCLE('',#5536,8.85);
#1693=CIRCLE('',#5537,8.85);
#1694=CIRCLE('',#5538,8.85);
#1695=CIRCLE('',#5539,8.85);
#1696=CIRCLE('',#5542,11.6);
#1697=CIRCLE('',#5545,11.6);
#1698=CIRCLE('',#5548,11.6);
#1699=CIRCLE('',#5551,11.6);
#1700=CIRCLE('',#5554,11.6);
#1701=CIRCLE('',#5557,11.1903348717063);
#1702=CIRCLE('',#5558,11.6);
#1703=CIRCLE('',#5562,11.6);
#1704=CIRCLE('',#5565,11.1903348717063);
#1705=CIRCLE('',#5566,11.6);
#1706=CIRCLE('',#5573,11.1903348717064);
#1707=CIRCLE('',#5574,11.6);
#1708=CIRCLE('',#5578,11.1903348717064);
#1709=CIRCLE('',#5579,11.6);
#1710=CIRCLE('',#5583,11.6);
#1711=CIRCLE('',#5586,11.6);
#1712=CIRCLE('',#5590,11.6);
#1713=CIRCLE('',#5594,11.1903348717064);
#1714=CIRCLE('',#5595,11.6);
#1715=CIRCLE('',#5599,11.1903348717063);
#1716=CIRCLE('',#5600,11.6);
#1717=CIRCLE('',#5608,8.85);
#1718=CIRCLE('',#5610,8.85);
#1719=CIRCLE('',#5612,8.85);
#1720=CIRCLE('',#5614,8.85);
#1721=CIRCLE('',#5615,8.85);
#1722=CIRCLE('',#5616,8.85);
#1723=CIRCLE('',#5617,8.85);
#1724=CIRCLE('',#5618,8.85);
#1725=CIRCLE('',#5619,8.85);
#1726=CIRCLE('',#5620,8.85);
#1727=CIRCLE('',#5621,8.85);
#1728=CIRCLE('',#5622,8.85);
#1729=CIRCLE('',#5623,8.85);
#1730=CIRCLE('',#5624,8.85);
#1731=CIRCLE('',#5625,8.85);
#1732=CIRCLE('',#5626,8.85);
#1733=CIRCLE('',#5627,8.85);
#1734=CIRCLE('',#5628,8.85);
#1735=CIRCLE('',#5629,8.85);
#1736=CIRCLE('',#5630,8.85);
#1737=CIRCLE('',#5631,8.85);
#1738=CIRCLE('',#5632,8.85);
#1739=CIRCLE('',#5633,8.85);
#1740=CIRCLE('',#5634,8.85);
#1741=CIRCLE('',#5635,8.85);
#1742=CIRCLE('',#5636,8.85);
#1743=CIRCLE('',#5637,8.85);
#1744=CIRCLE('',#5638,8.85);
#1745=CIRCLE('',#5639,8.85);
#1746=CIRCLE('',#5640,8.85);
#1747=CIRCLE('',#5641,8.85);
#1748=CIRCLE('',#5642,8.85);
#1749=CIRCLE('',#5643,8.85);
#1750=CIRCLE('',#5644,8.85);
#1751=CIRCLE('',#5645,8.85);
#1752=CIRCLE('',#5646,8.85);
#1753=CIRCLE('',#5647,8.85);
#1754=CIRCLE('',#5648,8.85);
#1755=CIRCLE('',#5649,8.85);
#1756=CIRCLE('',#5650,8.85);
#1757=CIRCLE('',#5651,8.85);
#1758=CIRCLE('',#5652,8.85);
#1759=CIRCLE('',#5654,8.85);
#1760=CIRCLE('',#5656,10.8);
#1761=CIRCLE('',#5658,10.8);
#1762=CIRCLE('',#5662,10.8);
#1763=CIRCLE('',#5664,10.8);
#1764=CIRCLE('',#5666,10.8);
#1765=CIRCLE('',#5668,10.8);
#1766=CIRCLE('',#5670,10.8);
#1767=CIRCLE('',#5672,10.8);
#1768=CIRCLE('',#5674,10.8);
#1769=CIRCLE('',#5676,10.8);
#1770=CIRCLE('',#5679,10.8);
#1771=CIRCLE('',#5681,10.8);
#1772=CIRCLE('',#5684,10.8);
#1773=CIRCLE('',#5686,10.8);
#1774=CIRCLE('',#5690,10.8);
#1775=CIRCLE('',#5692,10.8);
#1776=CIRCLE('',#5695,11.6);
#1777=CIRCLE('',#5697,11.6);
#1778=CIRCLE('',#5699,11.6);
#1779=CIRCLE('',#5701,11.6);
#1780=CIRCLE('',#5703,11.6);
#1781=CIRCLE('',#5705,11.6);
#1782=CIRCLE('',#5707,11.6);
#1783=CIRCLE('',#5709,11.6);
#1784=CIRCLE('',#5711,11.6);
#1785=CIRCLE('',#5713,11.6);
#1786=CIRCLE('',#5715,11.6);
#1787=CIRCLE('',#5717,11.6);
#1788=CIRCLE('',#5719,11.6);
#1789=CIRCLE('',#5721,11.6);
#1790=CIRCLE('',#5723,11.6);
#1791=CIRCLE('',#5725,11.6);
#1792=CIRCLE('',#5727,10.);
#1793=CIRCLE('',#5729,0.5);
#1794=CIRCLE('',#5730,0.5);
#1795=CIRCLE('',#5732,10.8);
#1796=CIRCLE('',#5733,10.8);
#1797=CIRCLE('',#5735,0.5);
#1798=CIRCLE('',#5736,0.5);
#1799=CIRCLE('',#5739,0.5);
#1800=CIRCLE('',#5740,0.5);
#1801=CIRCLE('',#5742,0.5);
#1802=CIRCLE('',#5743,0.5);
#1803=CIRCLE('',#5746,0.5);
#1804=CIRCLE('',#5747,0.5);
#1805=CIRCLE('',#5749,10.8);
#1806=CIRCLE('',#5750,10.8);
#1807=CIRCLE('',#5752,0.5);
#1808=CIRCLE('',#5753,0.5);
#1809=CIRCLE('',#5756,0.5);
#1810=CIRCLE('',#5757,0.5);
#1811=CIRCLE('',#5759,0.5);
#1812=CIRCLE('',#5760,0.5);
#1813=CIRCLE('',#5763,0.5);
#1814=CIRCLE('',#5764,0.5);
#1815=CIRCLE('',#5766,0.5);
#1816=CIRCLE('',#5767,0.5);
#1817=CIRCLE('',#5770,0.5);
#1818=CIRCLE('',#5771,0.5);
#1819=CIRCLE('',#5773,10.8);
#1820=CIRCLE('',#5774,10.8);
#1821=CIRCLE('',#5776,0.5);
#1822=CIRCLE('',#5777,0.5);
#1823=CIRCLE('',#5780,0.5);
#1824=CIRCLE('',#5781,0.5);
#1825=CIRCLE('',#5783,0.5);
#1826=CIRCLE('',#5784,0.5);
#1827=CIRCLE('',#5787,0.5);
#1828=CIRCLE('',#5788,0.5);
#1829=CIRCLE('',#5790,10.8);
#1830=CIRCLE('',#5791,10.8);
#1831=CIRCLE('',#5793,0.5);
#1832=CIRCLE('',#5794,0.5);
#1833=CIRCLE('',#5797,0.5);
#1834=CIRCLE('',#5798,0.5);
#1835=CIRCLE('',#5801,0.5);
#1836=CIRCLE('',#5802,0.5);
#1837=CIRCLE('',#5804,10.8);
#1838=CIRCLE('',#5805,10.8);
#1839=CIRCLE('',#5807,0.5);
#1840=CIRCLE('',#5808,0.5);
#1841=CIRCLE('',#5811,0.5);
#1842=CIRCLE('',#5812,0.5);
#1843=CIRCLE('',#5814,0.5);
#1844=CIRCLE('',#5815,0.5);
#1845=CIRCLE('',#5817,10.8);
#1846=CIRCLE('',#5818,10.8);
#1847=CIRCLE('',#5820,0.5);
#1848=CIRCLE('',#5821,0.5);
#1849=CIRCLE('',#5824,0.5);
#1850=CIRCLE('',#5825,0.5);
#1851=CIRCLE('',#5827,0.5);
#1852=CIRCLE('',#5828,0.5);
#1853=CIRCLE('',#5831,0.5);
#1854=CIRCLE('',#5832,0.5);
#1855=CIRCLE('',#5834,10.8);
#1856=CIRCLE('',#5835,10.8);
#1857=CIRCLE('',#5837,0.5);
#1858=CIRCLE('',#5838,0.5);
#1859=CIRCLE('',#5841,0.5);
#1860=CIRCLE('',#5842,0.5);
#1861=CIRCLE('',#5844,0.5);
#1862=CIRCLE('',#5845,0.5);
#1863=CIRCLE('',#5848,0.5);
#1864=CIRCLE('',#5849,0.5);
#1865=CIRCLE('',#5851,10.8);
#1866=CIRCLE('',#5852,10.8);
#1867=CIRCLE('',#5854,0.5);
#1868=CIRCLE('',#5855,0.5);
#1869=CIRCLE('',#5858,0.5);
#1870=CIRCLE('',#5859,0.5);
#1871=CIRCLE('',#5862,0.5);
#1872=CIRCLE('',#5863,0.5);
#1873=CIRCLE('',#5865,0.5);
#1874=CIRCLE('',#5866,0.5);
#1875=CIRCLE('',#5869,0.5);
#1876=CIRCLE('',#5870,0.5);
#1877=CIRCLE('',#5872,10.8);
#1878=CIRCLE('',#5873,10.8);
#1879=CIRCLE('',#5875,0.5);
#1880=CIRCLE('',#5876,0.5);
#1881=CIRCLE('',#5879,0.5);
#1882=CIRCLE('',#5880,0.5);
#1883=CIRCLE('',#5882,0.5);
#1884=CIRCLE('',#5883,0.5);
#1885=CIRCLE('',#5886,0.5);
#1886=CIRCLE('',#5887,0.5);
#1887=CIRCLE('',#5889,10.8);
#1888=CIRCLE('',#5890,10.8);
#1889=CIRCLE('',#5892,0.5);
#1890=CIRCLE('',#5893,0.5);
#1891=CIRCLE('',#5896,0.5);
#1892=CIRCLE('',#5897,0.5);
#1893=CIRCLE('',#5899,0.5);
#1894=CIRCLE('',#5900,0.5);
#1895=CIRCLE('',#5903,0.5);
#1896=CIRCLE('',#5904,0.5);
#1897=CIRCLE('',#5906,10.8);
#1898=CIRCLE('',#5907,10.8);
#1899=CIRCLE('',#5909,0.5);
#1900=CIRCLE('',#5910,0.5);
#1901=CIRCLE('',#5913,0.5);
#1902=CIRCLE('',#5914,0.5);
#1903=CIRCLE('',#5916,0.5);
#1904=CIRCLE('',#5917,0.5);
#1905=CIRCLE('',#5919,10.8);
#1906=CIRCLE('',#5920,10.8);
#1907=CIRCLE('',#5922,0.5);
#1908=CIRCLE('',#5923,0.5);
#1909=CIRCLE('',#5926,0.5);
#1910=CIRCLE('',#5927,0.5);
#1911=CIRCLE('',#5929,0.5);
#1912=CIRCLE('',#5930,0.5);
#1913=CIRCLE('',#5934,10.8);
#1914=CIRCLE('',#5935,10.8);
#1915=CIRCLE('',#5940,10.8);
#1916=CIRCLE('',#5942,10.8);
#1917=CIRCLE('',#5946,10.8);
#1918=CIRCLE('',#5947,10.8);
#1919=CIRCLE('',#5951,10.8);
#1920=CIRCLE('',#5952,10.8);
#1921=CIRCLE('',#5957,10.8);
#1922=CIRCLE('',#5958,10.8);
#1923=CIRCLE('',#5962,10.8);
#1924=CIRCLE('',#5963,10.8);
#1925=CIRCLE('',#5967,10.8);
#1926=CIRCLE('',#5968,10.8);
#1927=CIRCLE('',#5972,10.8);
#1928=CIRCLE('',#5973,10.8);
#1929=CIRCLE('',#5977,10.8);
#1930=CIRCLE('',#5978,10.8);
#1931=CIRCLE('',#5982,10.8);
#1932=CIRCLE('',#5983,10.8);
#1933=CIRCLE('',#5987,10.8);
#1934=CIRCLE('',#5988,10.8);
#1935=CIRCLE('',#5992,10.8);
#1936=CIRCLE('',#5993,10.8);
#1937=CIRCLE('',#5997,10.8);
#1938=CIRCLE('',#5998,10.8);
#1939=CIRCLE('',#6002,10.8);
#1940=CIRCLE('',#6003,10.8);
#1941=CIRCLE('',#6007,10.8);
#1942=CIRCLE('',#6008,10.8);
#1943=CIRCLE('',#6012,10.8);
#1944=CIRCLE('',#6013,10.8);
#1945=CIRCLE('',#6017,11.6);
#1946=CIRCLE('',#6018,9.01421356237309);
#1947=CIRCLE('',#6019,9.01421356237309);
#1948=CIRCLE('',#6020,9.01421356237309);
#1949=CIRCLE('',#6021,9.01421356237309);
#1950=CIRCLE('',#6022,9.01421356237309);
#1951=CIRCLE('',#6023,9.01421356237309);
#1952=CIRCLE('',#6024,9.01421356237309);
#1953=CIRCLE('',#6025,9.01421356237309);
#1954=CIRCLE('',#6026,9.01421356237309);
#1955=CIRCLE('',#6027,9.01421356237309);
#1956=CIRCLE('',#6028,9.01421356237309);
#1957=CIRCLE('',#6029,9.01421356237309);
#1958=CIRCLE('',#6042,11.6);
#1959=CIRCLE('',#6043,11.6);
#1960=CIRCLE('',#6045,4.);
#1961=CIRCLE('',#6046,1.);
#1962=CIRCLE('',#6047,3.);
#1963=CIRCLE('',#6048,3.);
#1964=CIRCLE('',#6050,3.);
#1965=CIRCLE('',#6052,10.);
#1966=CIRCLE('',#6053,1.6);
#1967=CIRCLE('',#6054,1.6);
#1968=CIRCLE('',#6055,1.6);
#1969=CIRCLE('',#6056,1.6);
#1970=CIRCLE('',#6058,3.25);
#1971=CIRCLE('',#6059,1.6);
#1972=CIRCLE('',#6062,3.25);
#1973=CIRCLE('',#6063,1.6);
#1974=CIRCLE('',#6066,3.25);
#1975=CIRCLE('',#6067,1.6);
#1976=CIRCLE('',#6070,3.25);
#1977=CIRCLE('',#6071,1.6);
#1978=CIRCLE('',#6074,11.6);
#1979=CIRCLE('',#6078,11.6);
#1980=B_SPLINE_CURVE_WITH_KNOTS('',3,(#7684,#7685,#7686,#7687,#7688,#7689,
#7690,#7691),.UNSPECIFIED.,.F.,.F.,(4,2,2,4),(0.000277193476370376,0.0338978029409972,
0.0725255882237111,0.0786849066364997),.UNSPECIFIED.);
#1981=B_SPLINE_CURVE_WITH_KNOTS('',3,(#7695,#7696,#7697,#7698,#7699,#7700,
#7701,#7702),.UNSPECIFIED.,.F.,.F.,(4,2,2,4),(-0.0786849066364992,-0.0725255882237109,
-0.0338978029409974,-0.000277193476370048),.UNSPECIFIED.);
#1982=B_SPLINE_CURVE_WITH_KNOTS('',3,(#7975,#7976,#7977,#7978,#7979,#7980,
#7981,#7982),.UNSPECIFIED.,.F.,.F.,(4,2,2,4),(0.000277193476370154,0.033897802940997,
0.0725255882237112,0.0786849066364999),.UNSPECIFIED.);
#1983=B_SPLINE_CURVE_WITH_KNOTS('',3,(#7984,#7985,#7986,#7987,#7988,#7989,
#7990,#7991),.UNSPECIFIED.,.F.,.F.,(4,2,2,4),(-0.0786849066364997,-0.0725255882237107,
-0.0338978029409973,-0.000277193476370145),.UNSPECIFIED.);
#1984=B_SPLINE_CURVE_WITH_KNOTS('',3,(#8005,#8006,#8007,#8008,#8009,#8010,
#8011,#8012),.UNSPECIFIED.,.F.,.F.,(4,2,2,4),(0.000277193476370487,0.0338978029409974,
0.0725255882237113,0.0786849066365),.UNSPECIFIED.);
#1985=B_SPLINE_CURVE_WITH_KNOTS('',3,(#8014,#8015,#8016,#8017,#8018,#8019,
#8020,#8021),.UNSPECIFIED.,.F.,.F.,(4,2,2,4),(-0.0786849066364994,-0.0725255882237111,
-0.0338978029409972,-0.000277193476370492),.UNSPECIFIED.);
#1986=B_SPLINE_CURVE_WITH_KNOTS('',3,(#8035,#8036,#8037,#8038,#8039,#8040,
#8041,#8042),.UNSPECIFIED.,.F.,.F.,(4,2,2,4),(0.000277193476370376,0.0338978029409973,
0.0725255882237111,0.0786849066364992),.UNSPECIFIED.);
#1987=B_SPLINE_CURVE_WITH_KNOTS('',3,(#8044,#8045,#8046,#8047,#8048,#8049,
#8050,#8051),.UNSPECIFIED.,.F.,.F.,(4,2,2,4),(-0.0786849066364986,-0.0725255882237112,
-0.0338978029409973,-0.000277193476370485),.UNSPECIFIED.);
#1988=B_SPLINE_CURVE_WITH_KNOTS('',3,(#8065,#8066,#8067,#8068,#8069,#8070,
#8071,#8072),.UNSPECIFIED.,.F.,.F.,(4,2,2,4),(0.000277193476370378,0.033897802940997,
0.0725255882237109,0.0786849066364996),.UNSPECIFIED.);
#1989=B_SPLINE_CURVE_WITH_KNOTS('',3,(#8074,#8075,#8076,#8077,#8078,#8079,
#8080,#8081),.UNSPECIFIED.,.F.,.F.,(4,2,2,4),(-0.0786849066365006,-0.072525588223711,
-0.0338978029409974,-0.000277193476370265),.UNSPECIFIED.);
#1990=B_SPLINE_CURVE_WITH_KNOTS('',3,(#8095,#8096,#8097,#8098,#8099,#8100,
#8101,#8102),.UNSPECIFIED.,.F.,.F.,(4,2,2,4),(0.000277193476370486,0.0338978029409971,
0.0725255882237108,0.078684906636499),.UNSPECIFIED.);
#1991=B_SPLINE_CURVE_WITH_KNOTS('',3,(#8104,#8105,#8106,#8107,#8108,#8109,
#8110,#8111),.UNSPECIFIED.,.F.,.F.,(4,2,2,4),(-0.0786849066364994,-0.072525588223711,
-0.0338978029409972,-0.00027719347637003),.UNSPECIFIED.);
#1992=B_SPLINE_CURVE_WITH_KNOTS('',3,(#8126,#8127,#8128,#8129,#8130,#8131,
#8132,#8133),.UNSPECIFIED.,.F.,.F.,(4,2,2,4),(0.,0.0364031874657013,0.0785357566511618,
0.095880613263364),.UNSPECIFIED.);
#1993=B_SPLINE_CURVE_WITH_KNOTS('',3,(#8137,#8138,#8139,#8140,#8141,#8142,
#8143,#8144),.UNSPECIFIED.,.F.,.F.,(4,2,2,4),(-0.0958806132633642,-0.0785357566511616,
-0.0364031874657013,0.),.UNSPECIFIED.);
#1994=B_SPLINE_CURVE_WITH_KNOTS('',3,(#8147,#8148,#8149,#8150),
 .UNSPECIFIED.,.F.,.F.,(4,4),(0.417169318796636,0.434270120539135),
 .UNSPECIFIED.);
#1995=B_SPLINE_CURVE_WITH_KNOTS('',3,(#8157,#8158,#8159,#8160),
 .UNSPECIFIED.,.F.,.F.,(4,4),(0.241363414212197,0.258464215954696),
 .UNSPECIFIED.);
#1996=B_SPLINE_CURVE_WITH_KNOTS('',3,(#8163,#8164,#8165,#8166,#8167,#8168,
#8169,#8170),.UNSPECIFIED.,.F.,.F.,(4,2,2,4),(0.000277193476370485,0.0338978029409974,
0.0725255882237112,0.0786849066364996),.UNSPECIFIED.);
#1997=B_SPLINE_CURVE_WITH_KNOTS('',3,(#8172,#8173,#8174,#8175,#8176,#8177,
#8178,#8179),.UNSPECIFIED.,.F.,.F.,(4,2,2,4),(-0.0786849066364998,-0.0725255882237111,
-0.033897802940997,-0.000277193476370486),.UNSPECIFIED.);
#1998=B_SPLINE_CURVE_WITH_KNOTS('',3,(#8194,#8195,#8196,#8197,#8198,#8199,
#8200,#8201),.UNSPECIFIED.,.F.,.F.,(4,2,2,4),(0.,0.0338978029409974,0.0725255882237111,
0.0956862985225754),.UNSPECIFIED.);
#1999=B_SPLINE_CURVE_WITH_KNOTS('',3,(#8205,#8206,#8207,#8208,#8209,#8210,
#8211,#8212),.UNSPECIFIED.,.F.,.F.,(4,2,2,4),(-0.0956862985225759,-0.0725255882237111,
-0.0338978029409974,0.),.UNSPECIFIED.);
#2000=B_SPLINE_CURVE_WITH_KNOTS('',3,(#8215,#8216,#8217,#8218),
 .UNSPECIFIED.,.F.,.F.,(4,4),(-0.258464215954696,-0.241363414212198),
 .UNSPECIFIED.);
#2001=B_SPLINE_CURVE_WITH_KNOTS('',3,(#8225,#8226,#8227,#8228),
 .UNSPECIFIED.,.F.,.F.,(4,4),(0.241363414212198,0.258464215954697),
 .UNSPECIFIED.);
#2002=B_SPLINE_CURVE_WITH_KNOTS('',3,(#8250,#8251,#8252,#8253,#8254,#8255,
#8256,#8257),.UNSPECIFIED.,.F.,.F.,(4,2,2,4),(0.,0.0338978029409974,0.0725255882237111,
0.0956862985225751),.UNSPECIFIED.);
#2003=B_SPLINE_CURVE_WITH_KNOTS('',3,(#8261,#8262,#8263,#8264,#8265,#8266,
#8267,#8268),.UNSPECIFIED.,.F.,.F.,(4,2,2,4),(-0.0958806132633634,-0.0785357566511614,
-0.0364031874657011,0.),.UNSPECIFIED.);
#2004=B_SPLINE_CURVE_WITH_KNOTS('',3,(#8271,#8272,#8273,#8274),
 .UNSPECIFIED.,.F.,.F.,(4,4),(-0.258464215954696,-0.241363414212198),
 .UNSPECIFIED.);
#2005=B_SPLINE_CURVE_WITH_KNOTS('',3,(#8281,#8282,#8283,#8284),
 .UNSPECIFIED.,.F.,.F.,(4,4),(0.241363414212198,0.258464215954696),
 .UNSPECIFIED.);
#2006=B_SPLINE_CURVE_WITH_KNOTS('',3,(#8288,#8289,#8290,#8291,#8292,#8293,
#8294,#8295),.UNSPECIFIED.,.F.,.F.,(4,2,2,4),(0.,0.0338978029409976,0.0725255882237111,
0.095686298522575),.UNSPECIFIED.);
#2007=B_SPLINE_CURVE_WITH_KNOTS('',3,(#8299,#8300,#8301,#8302,#8303,#8304,
#8305,#8306),.UNSPECIFIED.,.F.,.F.,(4,2,2,4),(-0.0956862985225752,-0.0725255882237111,
-0.0338978029409971,0.),.UNSPECIFIED.);
#2008=B_SPLINE_CURVE_WITH_KNOTS('',3,(#8309,#8310,#8311,#8312),
 .UNSPECIFIED.,.F.,.F.,(4,4),(0.417159004192657,0.434259805935156),
 .UNSPECIFIED.);
#2009=B_SPLINE_CURVE_WITH_KNOTS('',3,(#8319,#8320,#8321,#8322),
 .UNSPECIFIED.,.F.,.F.,(4,4),(0.241363414212198,0.258464215954696),
 .UNSPECIFIED.);
#2010=B_SPLINE_CURVE_WITH_KNOTS('',3,(#8325,#8326,#8327,#8328,#8329,#8330),
 .UNSPECIFIED.,.F.,.F.,(4,2,4),(0.,0.0338978029409974,0.0716068762689546),
 .UNSPECIFIED.);
#2011=B_SPLINE_CURVE_WITH_KNOTS('',3,(#8332,#8333,#8334,#8335,#8336,#8337),
 .UNSPECIFIED.,.F.,.F.,(4,2,4),(-0.0716068762689547,-0.0338978029409974,
0.),.UNSPECIFIED.);
#2012=B_SPLINE_CURVE_WITH_KNOTS('',3,(#8347,#8348,#8349,#8350,#8351,#8352,
#8353,#8354),.UNSPECIFIED.,.F.,.F.,(4,2,2,4),(0.000277193476370377,0.0338978029409973,
0.0725255882237114,0.0786849066364996),.UNSPECIFIED.);
#2013=B_SPLINE_CURVE_WITH_KNOTS('',3,(#8356,#8357,#8358,#8359,#8360,#8361,
#8362,#8363),.UNSPECIFIED.,.F.,.F.,(4,2,2,4),(-0.0786849066364998,-0.0725255882237112,
-0.0338978029409975,-0.000277193476370485),.UNSPECIFIED.);
#2014=B_SPLINE_CURVE_WITH_KNOTS('',3,(#8383,#8384,#8385,#8386,#8387,#8388,
#8389,#8390),.UNSPECIFIED.,.F.,.F.,(4,2,2,4),(0.000277193476370154,0.0338978029409974,
0.0725255882237112,0.0786849066364997),.UNSPECIFIED.);
#2015=B_SPLINE_CURVE_WITH_KNOTS('',3,(#8392,#8393,#8394,#8395,#8396,#8397,
#8398,#8399),.UNSPECIFIED.,.F.,.F.,(4,2,2,4),(-0.0786849066364991,-0.0725255882237108,
-0.0338978029409973,-0.000277193476370166),.UNSPECIFIED.);
#2016=B_SPLINE_CURVE_WITH_KNOTS('',3,(#8420,#8421,#8422,#8423,#8424,#8425,
#8426,#8427),.UNSPECIFIED.,.F.,.F.,(4,2,2,4),(0.,0.0338978029409976,0.0725255882237111,
0.095686298522575),.UNSPECIFIED.);
#2017=B_SPLINE_CURVE_WITH_KNOTS('',3,(#8431,#8432,#8433,#8434,#8435,#8436,
#8437,#8438),.UNSPECIFIED.,.F.,.F.,(4,2,2,4),(-0.0956862985225757,-0.0725255882237111,
-0.0338978029409971,0.),.UNSPECIFIED.);
#2018=B_SPLINE_CURVE_WITH_KNOTS('',3,(#8441,#8442,#8443,#8444),
 .UNSPECIFIED.,.F.,.F.,(4,4),(0.417159004192658,0.434259805935156),
 .UNSPECIFIED.);
#2019=B_SPLINE_CURVE_WITH_KNOTS('',3,(#8451,#8452,#8453,#8454),
 .UNSPECIFIED.,.F.,.F.,(4,4),(0.241363414212198,0.258464215954696),
 .UNSPECIFIED.);
#2020=B_SPLINE_CURVE_WITH_KNOTS('',3,(#8458,#8459,#8460,#8461,#8462,#8463,
#8464,#8465),.UNSPECIFIED.,.F.,.F.,(4,2,2,4),(0.,0.0364031874657013,0.0785357566511619,
0.0958806132633632),.UNSPECIFIED.);
#2021=B_SPLINE_CURVE_WITH_KNOTS('',3,(#8469,#8470,#8471,#8472,#8473,#8474,
#8475,#8476),.UNSPECIFIED.,.F.,.F.,(4,2,2,4),(-0.0956862985225756,-0.0725255882237112,
-0.0338978029409973,0.),.UNSPECIFIED.);
#2022=B_SPLINE_CURVE_WITH_KNOTS('',3,(#8479,#8480,#8481,#8482),
 .UNSPECIFIED.,.F.,.F.,(4,4),(0.417159004192657,0.434259805935156),
 .UNSPECIFIED.);
#2023=B_SPLINE_CURVE_WITH_KNOTS('',3,(#8489,#8490,#8491,#8492),
 .UNSPECIFIED.,.F.,.F.,(4,4),(0.241363414212197,0.258464215954696),
 .UNSPECIFIED.);
#2024=B_SPLINE_CURVE_WITH_KNOTS('',3,(#8836,#8837,#8838,#8839,#8840,#8841,
#8842,#8843),.UNSPECIFIED.,.F.,.F.,(4,2,2,4),(0.0886076422478129,0.106532165820515,
0.124456689393218,0.131915363220399),.UNSPECIFIED.);
#2025=B_SPLINE_CURVE_WITH_KNOTS('',3,(#8849,#8850,#8851,#8852,#8853,#8854,
#8855,#8856),.UNSPECIFIED.,.F.,.F.,(4,2,2,4),(0.0452999212752261,0.0527585951024077,
0.0706831186751101,0.0886076422478125),.UNSPECIFIED.);
#2026=B_SPLINE_CURVE_WITH_KNOTS('',3,(#8893,#8894,#8895,#8896,#8897,#8898,
#8899,#8900),.UNSPECIFIED.,.F.,.F.,(4,2,2,4),(0.0886076422478126,0.106532165820515,
0.124456689393217,0.131915363220399),.UNSPECIFIED.);
#2027=B_SPLINE_CURVE_WITH_KNOTS('',3,(#8906,#8907,#8908,#8909,#8910,#8911,
#8912,#8913),.UNSPECIFIED.,.F.,.F.,(4,2,2,4),(0.045299921275226,0.0527585951024078,
0.0706831186751102,0.0886076422478126),.UNSPECIFIED.);
#2028=B_SPLINE_CURVE_WITH_KNOTS('',3,(#8930,#8931,#8932,#8933,#8934,#8935,
#8936,#8937),.UNSPECIFIED.,.F.,.F.,(4,2,2,4),(0.0452999212752262,0.0527585951024079,
0.0706831186751104,0.0886076422478128),.UNSPECIFIED.);
#2029=B_SPLINE_CURVE_WITH_KNOTS('',3,(#8950,#8951,#8952,#8953,#8954,#8955,
#8956,#8957),.UNSPECIFIED.,.F.,.F.,(4,2,2,4),(0.0886076422478126,0.106532165820515,
0.124456689393217,0.131915363220399),.UNSPECIFIED.);
#2030=B_SPLINE_CURVE_WITH_KNOTS('',3,(#8987,#8988,#8989,#8990,#8991,#8992,
#8993,#8994),.UNSPECIFIED.,.F.,.F.,(4,2,2,4),(0.0452999212752261,0.0527585951024076,
0.07068311867511,0.0886076422478123),.UNSPECIFIED.);
#2031=B_SPLINE_CURVE_WITH_KNOTS('',3,(#9007,#9008,#9009,#9010,#9011,#9012,
#9013,#9014),.UNSPECIFIED.,.F.,.F.,(4,2,2,4),(0.0886076422478128,0.106532165820515,
0.124456689393217,0.131915363220399),.UNSPECIFIED.);
#2032=B_SPLINE_CURVE_WITH_KNOTS('',3,(#9076,#9077,#9078,#9079,#9080,#9081,
#9082,#9083),.UNSPECIFIED.,.F.,.F.,(4,2,2,4),(0.0886076422478127,0.106532165820515,
0.124456689393218,0.131915363220399),.UNSPECIFIED.);
#2033=B_SPLINE_CURVE_WITH_KNOTS('',3,(#9089,#9090,#9091,#9092,#9093,#9094,
#9095,#9096),.UNSPECIFIED.,.F.,.F.,(4,2,2,4),(0.0452999212752258,0.0527585951024076,
0.0706831186751101,0.0886076422478125),.UNSPECIFIED.);
#2034=B_SPLINE_CURVE_WITH_KNOTS('',3,(#9128,#9129,#9130,#9131,#9132,#9133,
#9134,#9135),.UNSPECIFIED.,.F.,.F.,(4,2,2,4),(0.0452999212752256,0.0527585951024079,
0.0706831186751103,0.0886076422478127),.UNSPECIFIED.);
#2035=B_SPLINE_CURVE_WITH_KNOTS('',3,(#9145,#9146,#9147,#9148,#9149,#9150,
#9151,#9152),.UNSPECIFIED.,.F.,.F.,(4,2,2,4),(0.0886076422478129,0.106532165820515,
0.124456689393218,0.1319153632204),.UNSPECIFIED.);
#2036=B_SPLINE_CURVE_WITH_KNOTS('',3,(#9185,#9186,#9187,#9188,#9189,#9190,
#9191,#9192),.UNSPECIFIED.,.F.,.F.,(4,2,2,4),(0.0452999212752254,0.0527585951024077,
0.07068311867511,0.0886076422478123),.UNSPECIFIED.);
#2037=B_SPLINE_CURVE_WITH_KNOTS('',3,(#9202,#9203,#9204,#9205,#9206,#9207,
#9208,#9209),.UNSPECIFIED.,.F.,.F.,(4,2,2,4),(0.0886076422478126,0.106532165820515,
0.124456689393217,0.1319153632204),.UNSPECIFIED.);
#2038=B_SPLINE_CURVE_WITH_KNOTS('',3,(#9235,#9236,#9237,#9238,#9239,#9240,
#9241,#9242),.UNSPECIFIED.,.F.,.F.,(4,2,2,4),(0.0886076422478127,0.106532165820515,
0.124456689393217,0.1319153632204),.UNSPECIFIED.);
#2039=B_SPLINE_CURVE_WITH_KNOTS('',3,(#9260,#9261,#9262,#9263,#9264,#9265,
#9266,#9267),.UNSPECIFIED.,.F.,.F.,(4,2,2,4),(0.0452999212752258,0.0527585951024078,
0.0706831186751102,0.0886076422478125),.UNSPECIFIED.);
#2040=B_SPLINE_CURVE_WITH_KNOTS('',3,(#9277,#9278,#9279,#9280,#9281,#9282,
#9283,#9284),.UNSPECIFIED.,.F.,.F.,(4,2,2,4),(0.0886076422478126,0.106532165820515,
0.124456689393217,0.1319153632204),.UNSPECIFIED.);
#2041=B_SPLINE_CURVE_WITH_KNOTS('',3,(#9317,#9318,#9319,#9320,#9321,#9322,
#9323,#9324),.UNSPECIFIED.,.F.,.F.,(4,2,2,4),(0.0452999212752256,0.052758595102408,
0.0706831186751103,0.0886076422478126),.UNSPECIFIED.);
#2042=B_SPLINE_CURVE_WITH_KNOTS('',3,(#9334,#9335,#9336,#9337,#9338,#9339,
#9340,#9341),.UNSPECIFIED.,.F.,.F.,(4,2,2,4),(0.0886076422478126,0.106532165820515,
0.124456689393217,0.1319153632204),.UNSPECIFIED.);
#2043=B_SPLINE_CURVE_WITH_KNOTS('',3,(#9374,#9375,#9376,#9377,#9378,#9379,
#9380,#9381),.UNSPECIFIED.,.F.,.F.,(4,2,2,4),(0.0452999212752253,0.0527585951024077,
0.0706831186751102,0.0886076422478127),.UNSPECIFIED.);
#2044=B_SPLINE_CURVE_WITH_KNOTS('',3,(#9391,#9392,#9393,#9394,#9395,#9396,
#9397,#9398),.UNSPECIFIED.,.F.,.F.,(4,2,2,4),(0.0886076422478126,0.106532165820515,
0.124456689393217,0.131915363220399),.UNSPECIFIED.);
#2045=B_SPLINE_CURVE_WITH_KNOTS('',3,(#9431,#9432,#9433,#9434,#9435,#9436,
#9437,#9438),.UNSPECIFIED.,.F.,.F.,(4,2,2,4),(0.0452999212752256,0.0527585951024078,
0.0706831186751102,0.0886076422478126),.UNSPECIFIED.);
#2046=B_SPLINE_CURVE_WITH_KNOTS('',3,(#9470,#9471,#9472,#9473,#9474,#9475,
#9476,#9477),.UNSPECIFIED.,.F.,.F.,(4,2,2,4),(0.0452999212752258,0.0527585951024078,
0.0706831186751102,0.0886076422478126),.UNSPECIFIED.);
#2047=B_SPLINE_CURVE_WITH_KNOTS('',3,(#9487,#9488,#9489,#9490,#9491,#9492,
#9493,#9494),.UNSPECIFIED.,.F.,.F.,(4,2,2,4),(0.0886076422478126,0.106532165820515,
0.124456689393218,0.131915363220399),.UNSPECIFIED.);
#2048=VERTEX_POINT('',#7682);
#2049=VERTEX_POINT('',#7683);
#2050=VERTEX_POINT('',#7692);
#2051=VERTEX_POINT('',#7694);
#2052=VERTEX_POINT('',#7703);
#2053=VERTEX_POINT('',#7705);
#2054=VERTEX_POINT('',#7709);
#2055=VERTEX_POINT('',#7710);
#2056=VERTEX_POINT('',#7712);
#2057=VERTEX_POINT('',#7714);
#2058=VERTEX_POINT('',#7716);
#2059=VERTEX_POINT('',#7720);
#2060=VERTEX_POINT('',#7722);
#2061=VERTEX_POINT('',#7726);
#2062=VERTEX_POINT('',#7728);
#2063=VERTEX_POINT('',#7732);
#2064=VERTEX_POINT('',#7734);
#2065=VERTEX_POINT('',#7738);
#2066=VERTEX_POINT('',#7740);
#2067=VERTEX_POINT('',#7744);
#2068=VERTEX_POINT('',#7746);
#2069=VERTEX_POINT('',#7750);
#2070=VERTEX_POINT('',#7752);
#2071=VERTEX_POINT('',#7756);
#2072=VERTEX_POINT('',#7758);
#2073=VERTEX_POINT('',#7762);
#2074=VERTEX_POINT('',#7764);
#2075=VERTEX_POINT('',#7768);
#2076=VERTEX_POINT('',#7770);
#2077=VERTEX_POINT('',#7774);
#2078=VERTEX_POINT('',#7776);
#2079=VERTEX_POINT('',#7780);
#2080=VERTEX_POINT('',#7782);
#2081=VERTEX_POINT('',#7786);
#2082=VERTEX_POINT('',#7788);
#2083=VERTEX_POINT('',#7792);
#2084=VERTEX_POINT('',#7794);
#2085=VERTEX_POINT('',#7798);
#2086=VERTEX_POINT('',#7800);
#2087=VERTEX_POINT('',#7804);
#2088=VERTEX_POINT('',#7806);
#2089=VERTEX_POINT('',#7810);
#2090=VERTEX_POINT('',#7815);
#2091=VERTEX_POINT('',#7819);
#2092=VERTEX_POINT('',#7821);
#2093=VERTEX_POINT('',#7825);
#2094=VERTEX_POINT('',#7827);
#2095=VERTEX_POINT('',#7831);
#2096=VERTEX_POINT('',#7833);
#2097=VERTEX_POINT('',#7837);
#2098=VERTEX_POINT('',#7839);
#2099=VERTEX_POINT('',#7843);
#2100=VERTEX_POINT('',#7845);
#2101=VERTEX_POINT('',#7849);
#2102=VERTEX_POINT('',#7851);
#2103=VERTEX_POINT('',#7855);
#2104=VERTEX_POINT('',#7857);
#2105=VERTEX_POINT('',#7861);
#2106=VERTEX_POINT('',#7863);
#2107=VERTEX_POINT('',#7867);
#2108=VERTEX_POINT('',#7869);
#2109=VERTEX_POINT('',#7873);
#2110=VERTEX_POINT('',#7875);
#2111=VERTEX_POINT('',#7879);
#2112=VERTEX_POINT('',#7881);
#2113=VERTEX_POINT('',#7885);
#2114=VERTEX_POINT('',#7887);
#2115=VERTEX_POINT('',#7891);
#2116=VERTEX_POINT('',#7893);
#2117=VERTEX_POINT('',#7897);
#2118=VERTEX_POINT('',#7899);
#2119=VERTEX_POINT('',#7904);
#2120=VERTEX_POINT('',#7906);
#2121=VERTEX_POINT('',#7908);
#2122=VERTEX_POINT('',#7910);
#2123=VERTEX_POINT('',#7912);
#2124=VERTEX_POINT('',#7914);
#2125=VERTEX_POINT('',#7916);
#2126=VERTEX_POINT('',#7918);
#2127=VERTEX_POINT('',#7920);
#2128=VERTEX_POINT('',#7922);
#2129=VERTEX_POINT('',#7924);
#2130=VERTEX_POINT('',#7926);
#2131=VERTEX_POINT('',#7928);
#2132=VERTEX_POINT('',#7930);
#2133=VERTEX_POINT('',#7932);
#2134=VERTEX_POINT('',#7934);
#2135=VERTEX_POINT('',#7936);
#2136=VERTEX_POINT('',#7938);
#2137=VERTEX_POINT('',#7940);
#2138=VERTEX_POINT('',#7942);
#2139=VERTEX_POINT('',#7944);
#2140=VERTEX_POINT('',#7946);
#2141=VERTEX_POINT('',#7948);
#2142=VERTEX_POINT('',#7950);
#2143=VERTEX_POINT('',#7952);
#2144=VERTEX_POINT('',#7954);
#2145=VERTEX_POINT('',#7956);
#2146=VERTEX_POINT('',#7958);
#2147=VERTEX_POINT('',#7960);
#2148=VERTEX_POINT('',#7962);
#2149=VERTEX_POINT('',#7964);
#2150=VERTEX_POINT('',#7968);
#2151=VERTEX_POINT('',#7970);
#2152=VERTEX_POINT('',#7974);
#2153=VERTEX_POINT('',#7983);
#2154=VERTEX_POINT('',#7992);
#2155=VERTEX_POINT('',#7994);
#2156=VERTEX_POINT('',#7998);
#2157=VERTEX_POINT('',#8000);
#2158=VERTEX_POINT('',#8004);
#2159=VERTEX_POINT('',#8013);
#2160=VERTEX_POINT('',#8022);
#2161=VERTEX_POINT('',#8024);
#2162=VERTEX_POINT('',#8028);
#2163=VERTEX_POINT('',#8030);
#2164=VERTEX_POINT('',#8034);
#2165=VERTEX_POINT('',#8043);
#2166=VERTEX_POINT('',#8052);
#2167=VERTEX_POINT('',#8054);
#2168=VERTEX_POINT('',#8058);
#2169=VERTEX_POINT('',#8060);
#2170=VERTEX_POINT('',#8064);
#2171=VERTEX_POINT('',#8073);
#2172=VERTEX_POINT('',#8082);
#2173=VERTEX_POINT('',#8084);
#2174=VERTEX_POINT('',#8088);
#2175=VERTEX_POINT('',#8090);
#2176=VERTEX_POINT('',#8094);
#2177=VERTEX_POINT('',#8103);
#2178=VERTEX_POINT('',#8112);
#2179=VERTEX_POINT('',#8114);
#2180=VERTEX_POINT('',#8118);
#2181=VERTEX_POINT('',#8120);
#2182=VERTEX_POINT('',#8124);
#2183=VERTEX_POINT('',#8125);
#2184=VERTEX_POINT('',#8134);
#2185=VERTEX_POINT('',#8136);
#2186=VERTEX_POINT('',#8151);
#2187=VERTEX_POINT('',#8153);
#2188=VERTEX_POINT('',#8162);
#2189=VERTEX_POINT('',#8171);
#2190=VERTEX_POINT('',#8180);
#2191=VERTEX_POINT('',#8182);
#2192=VERTEX_POINT('',#8186);
#2193=VERTEX_POINT('',#8188);
#2194=VERTEX_POINT('',#8192);
#2195=VERTEX_POINT('',#8193);
#2196=VERTEX_POINT('',#8202);
#2197=VERTEX_POINT('',#8204);
#2198=VERTEX_POINT('',#8219);
#2199=VERTEX_POINT('',#8221);
#2200=VERTEX_POINT('',#8230);
#2201=VERTEX_POINT('',#8232);
#2202=VERTEX_POINT('',#8236);
#2203=VERTEX_POINT('',#8238);
#2204=VERTEX_POINT('',#8242);
#2205=VERTEX_POINT('',#8244);
#2206=VERTEX_POINT('',#8248);
#2207=VERTEX_POINT('',#8249);
#2208=VERTEX_POINT('',#8258);
#2209=VERTEX_POINT('',#8260);
#2210=VERTEX_POINT('',#8275);
#2211=VERTEX_POINT('',#8277);
#2212=VERTEX_POINT('',#8286);
#2213=VERTEX_POINT('',#8287);
#2214=VERTEX_POINT('',#8296);
#2215=VERTEX_POINT('',#8298);
#2216=VERTEX_POINT('',#8313);
#2217=VERTEX_POINT('',#8315);
#2218=VERTEX_POINT('',#8324);
#2219=VERTEX_POINT('',#8331);
#2220=VERTEX_POINT('',#8340);
#2221=VERTEX_POINT('',#8342);
#2222=VERTEX_POINT('',#8346);
#2223=VERTEX_POINT('',#8355);
#2224=VERTEX_POINT('',#8364);
#2225=VERTEX_POINT('',#8366);
#2226=VERTEX_POINT('',#8370);
#2227=VERTEX_POINT('',#8372);
#2228=VERTEX_POINT('',#8376);
#2229=VERTEX_POINT('',#8378);
#2230=VERTEX_POINT('',#8382);
#2231=VERTEX_POINT('',#8391);
#2232=VERTEX_POINT('',#8400);
#2233=VERTEX_POINT('',#8402);
#2234=VERTEX_POINT('',#8406);
#2235=VERTEX_POINT('',#8408);
#2236=VERTEX_POINT('',#8412);
#2237=VERTEX_POINT('',#8414);
#2238=VERTEX_POINT('',#8418);
#2239=VERTEX_POINT('',#8419);
#2240=VERTEX_POINT('',#8428);
#2241=VERTEX_POINT('',#8430);
#2242=VERTEX_POINT('',#8445);
#2243=VERTEX_POINT('',#8447);
#2244=VERTEX_POINT('',#8456);
#2245=VERTEX_POINT('',#8457);
#2246=VERTEX_POINT('',#8466);
#2247=VERTEX_POINT('',#8468);
#2248=VERTEX_POINT('',#8483);
#2249=VERTEX_POINT('',#8485);
#2250=VERTEX_POINT('',#8494);
#2251=VERTEX_POINT('',#8496);
#2252=VERTEX_POINT('',#8500);
#2253=VERTEX_POINT('',#8502);
#2254=VERTEX_POINT('',#8506);
#2255=VERTEX_POINT('',#8508);
#2256=VERTEX_POINT('',#8512);
#2257=VERTEX_POINT('',#8514);
#2258=VERTEX_POINT('',#8518);
#2259=VERTEX_POINT('',#8520);
#2260=VERTEX_POINT('',#8524);
#2261=VERTEX_POINT('',#8526);
#2262=VERTEX_POINT('',#8530);
#2263=VERTEX_POINT('',#8532);
#2264=VERTEX_POINT('',#8536);
#2265=VERTEX_POINT('',#8537);
#2266=VERTEX_POINT('',#8539);
#2267=VERTEX_POINT('',#8541);
#2268=VERTEX_POINT('',#8543);
#2269=VERTEX_POINT('',#8545);
#2270=VERTEX_POINT('',#8547);
#2271=VERTEX_POINT('',#8549);
#2272=VERTEX_POINT('',#8551);
#2273=VERTEX_POINT('',#8553);
#2274=VERTEX_POINT('',#8555);
#2275=VERTEX_POINT('',#8557);
#2276=VERTEX_POINT('',#8559);
#2277=VERTEX_POINT('',#8561);
#2278=VERTEX_POINT('',#8563);
#2279=VERTEX_POINT('',#8565);
#2280=VERTEX_POINT('',#8567);
#2281=VERTEX_POINT('',#8569);
#2282=VERTEX_POINT('',#8571);
#2283=VERTEX_POINT('',#8573);
#2284=VERTEX_POINT('',#8575);
#2285=VERTEX_POINT('',#8577);
#2286=VERTEX_POINT('',#8579);
#2287=VERTEX_POINT('',#8581);
#2288=VERTEX_POINT('',#8583);
#2289=VERTEX_POINT('',#8585);
#2290=VERTEX_POINT('',#8587);
#2291=VERTEX_POINT('',#8589);
#2292=VERTEX_POINT('',#8591);
#2293=VERTEX_POINT('',#8593);
#2294=VERTEX_POINT('',#8595);
#2295=VERTEX_POINT('',#8597);
#2296=VERTEX_POINT('',#8599);
#2297=VERTEX_POINT('',#8601);
#2298=VERTEX_POINT('',#8603);
#2299=VERTEX_POINT('',#8606);
#2300=VERTEX_POINT('',#8608);
#2301=VERTEX_POINT('',#8611);
#2302=VERTEX_POINT('',#8613);
#2303=VERTEX_POINT('',#8616);
#2304=VERTEX_POINT('',#8618);
#2305=VERTEX_POINT('',#8621);
#2306=VERTEX_POINT('',#8623);
#2307=VERTEX_POINT('',#8626);
#2308=VERTEX_POINT('',#8628);
#2309=VERTEX_POINT('',#8631);
#2310=VERTEX_POINT('',#8633);
#2311=VERTEX_POINT('',#8635);
#2312=VERTEX_POINT('',#8638);
#2313=VERTEX_POINT('',#8640);
#2314=VERTEX_POINT('',#8643);
#2315=VERTEX_POINT('',#8645);
#2316=VERTEX_POINT('',#8648);
#2317=VERTEX_POINT('',#8650);
#2318=VERTEX_POINT('',#8653);
#2319=VERTEX_POINT('',#8655);
#2320=VERTEX_POINT('',#8658);
#2321=VERTEX_POINT('',#8660);
#2322=VERTEX_POINT('',#8663);
#2323=VERTEX_POINT('',#8666);
#2324=VERTEX_POINT('',#8668);
#2325=VERTEX_POINT('',#8670);
#2326=VERTEX_POINT('',#8672);
#2327=VERTEX_POINT('',#8674);
#2328=VERTEX_POINT('',#8676);
#2329=VERTEX_POINT('',#8678);
#2330=VERTEX_POINT('',#8680);
#2331=VERTEX_POINT('',#8682);
#2332=VERTEX_POINT('',#8684);
#2333=VERTEX_POINT('',#8686);
#2334=VERTEX_POINT('',#8688);
#2335=VERTEX_POINT('',#8690);
#2336=VERTEX_POINT('',#8692);
#2337=VERTEX_POINT('',#8694);
#2338=VERTEX_POINT('',#8696);
#2339=VERTEX_POINT('',#8700);
#2340=VERTEX_POINT('',#8702);
#2341=VERTEX_POINT('',#8708);
#2342=VERTEX_POINT('',#8712);
#2343=VERTEX_POINT('',#8716);
#2344=VERTEX_POINT('',#8718);
#2345=VERTEX_POINT('',#8738);
#2346=VERTEX_POINT('',#8740);
#2347=VERTEX_POINT('',#8746);
#2348=VERTEX_POINT('',#8750);
#2349=VERTEX_POINT('',#8756);
#2350=VERTEX_POINT('',#8760);
#2351=VERTEX_POINT('',#8764);
#2352=VERTEX_POINT('',#8766);
#2353=VERTEX_POINT('',#8772);
#2354=VERTEX_POINT('',#8776);
#2355=VERTEX_POINT('',#8812);
#2356=VERTEX_POINT('',#8815);
#2357=VERTEX_POINT('',#8816);
#2358=VERTEX_POINT('',#8818);
#2359=VERTEX_POINT('',#8820);
#2360=VERTEX_POINT('',#8824);
#2361=VERTEX_POINT('',#8826);
#2362=VERTEX_POINT('',#8830);
#2363=VERTEX_POINT('',#8831);
#2364=VERTEX_POINT('',#8833);
#2365=VERTEX_POINT('',#8848);
#2366=VERTEX_POINT('',#8857);
#2367=VERTEX_POINT('',#8859);
#2368=VERTEX_POINT('',#8863);
#2369=VERTEX_POINT('',#8865);
#2370=VERTEX_POINT('',#8872);
#2371=VERTEX_POINT('',#8873);
#2372=VERTEX_POINT('',#8875);
#2373=VERTEX_POINT('',#8877);
#2374=VERTEX_POINT('',#8881);
#2375=VERTEX_POINT('',#8883);
#2376=VERTEX_POINT('',#8887);
#2377=VERTEX_POINT('',#8888);
#2378=VERTEX_POINT('',#8890);
#2379=VERTEX_POINT('',#8905);
#2380=VERTEX_POINT('',#8914);
#2381=VERTEX_POINT('',#8916);
#2382=VERTEX_POINT('',#8920);
#2383=VERTEX_POINT('',#8922);
#2384=VERTEX_POINT('',#8929);
#2385=VERTEX_POINT('',#8938);
#2386=VERTEX_POINT('',#8940);
#2387=VERTEX_POINT('',#8944);
#2388=VERTEX_POINT('',#8945);
#2389=VERTEX_POINT('',#8947);
#2390=VERTEX_POINT('',#8959);
#2391=VERTEX_POINT('',#8961);
#2392=VERTEX_POINT('',#8965);
#2393=VERTEX_POINT('',#8967);
#2394=VERTEX_POINT('',#8971);
#2395=VERTEX_POINT('',#8973);
#2396=VERTEX_POINT('',#8977);
#2397=VERTEX_POINT('',#8979);
#2398=VERTEX_POINT('',#8986);
#2399=VERTEX_POINT('',#8995);
#2400=VERTEX_POINT('',#8997);
#2401=VERTEX_POINT('',#9001);
#2402=VERTEX_POINT('',#9002);
#2403=VERTEX_POINT('',#9004);
#2404=VERTEX_POINT('',#9016);
#2405=VERTEX_POINT('',#9018);
#2406=VERTEX_POINT('',#9022);
#2407=VERTEX_POINT('',#9024);
#2408=VERTEX_POINT('',#9028);
#2409=VERTEX_POINT('',#9030);
#2410=VERTEX_POINT('',#9034);
#2411=VERTEX_POINT('',#9036);
#2412=VERTEX_POINT('',#9043);
#2413=VERTEX_POINT('',#9044);
#2414=VERTEX_POINT('',#9046);
#2415=VERTEX_POINT('',#9048);
#2416=VERTEX_POINT('',#9052);
#2417=VERTEX_POINT('',#9054);
#2418=VERTEX_POINT('',#9058);
#2419=VERTEX_POINT('',#9059);
#2420=VERTEX_POINT('',#9061);
#2421=VERTEX_POINT('',#9063);
#2422=VERTEX_POINT('',#9070);
#2423=VERTEX_POINT('',#9071);
#2424=VERTEX_POINT('',#9073);
#2425=VERTEX_POINT('',#9088);
#2426=VERTEX_POINT('',#9100);
#2427=VERTEX_POINT('',#9101);
#2428=VERTEX_POINT('',#9103);
#2429=VERTEX_POINT('',#9105);
#2430=VERTEX_POINT('',#9109);
#2431=VERTEX_POINT('',#9111);
#2432=VERTEX_POINT('',#9115);
#2433=VERTEX_POINT('',#9117);
#2434=VERTEX_POINT('',#9121);
#2435=VERTEX_POINT('',#9123);
#2436=VERTEX_POINT('',#9127);
#2437=VERTEX_POINT('',#9139);
#2438=VERTEX_POINT('',#9140);
#2439=VERTEX_POINT('',#9142);
#2440=VERTEX_POINT('',#9157);
#2441=VERTEX_POINT('',#9158);
#2442=VERTEX_POINT('',#9160);
#2443=VERTEX_POINT('',#9162);
#2444=VERTEX_POINT('',#9166);
#2445=VERTEX_POINT('',#9168);
#2446=VERTEX_POINT('',#9172);
#2447=VERTEX_POINT('',#9174);
#2448=VERTEX_POINT('',#9178);
#2449=VERTEX_POINT('',#9180);
#2450=VERTEX_POINT('',#9184);
#2451=VERTEX_POINT('',#9196);
#2452=VERTEX_POINT('',#9197);
#2453=VERTEX_POINT('',#9199);
#2454=VERTEX_POINT('',#9214);
#2455=VERTEX_POINT('',#9215);
#2456=VERTEX_POINT('',#9217);
#2457=VERTEX_POINT('',#9219);
#2458=VERTEX_POINT('',#9223);
#2459=VERTEX_POINT('',#9225);
#2460=VERTEX_POINT('',#9229);
#2461=VERTEX_POINT('',#9230);
#2462=VERTEX_POINT('',#9232);
#2463=VERTEX_POINT('',#9247);
#2464=VERTEX_POINT('',#9249);
#2465=VERTEX_POINT('',#9253);
#2466=VERTEX_POINT('',#9255);
#2467=VERTEX_POINT('',#9259);
#2468=VERTEX_POINT('',#9271);
#2469=VERTEX_POINT('',#9272);
#2470=VERTEX_POINT('',#9274);
#2471=VERTEX_POINT('',#9286);
#2472=VERTEX_POINT('',#9288);
#2473=VERTEX_POINT('',#9292);
#2474=VERTEX_POINT('',#9294);
#2475=VERTEX_POINT('',#9298);
#2476=VERTEX_POINT('',#9300);
#2477=VERTEX_POINT('',#9304);
#2478=VERTEX_POINT('',#9306);
#2479=VERTEX_POINT('',#9310);
#2480=VERTEX_POINT('',#9312);
#2481=VERTEX_POINT('',#9316);
#2482=VERTEX_POINT('',#9328);
#2483=VERTEX_POINT('',#9329);
#2484=VERTEX_POINT('',#9331);
#2485=VERTEX_POINT('',#9343);
#2486=VERTEX_POINT('',#9345);
#2487=VERTEX_POINT('',#9349);
#2488=VERTEX_POINT('',#9351);
#2489=VERTEX_POINT('',#9355);
#2490=VERTEX_POINT('',#9357);
#2491=VERTEX_POINT('',#9361);
#2492=VERTEX_POINT('',#9363);
#2493=VERTEX_POINT('',#9367);
#2494=VERTEX_POINT('',#9369);
#2495=VERTEX_POINT('',#9373);
#2496=VERTEX_POINT('',#9385);
#2497=VERTEX_POINT('',#9386);
#2498=VERTEX_POINT('',#9388);
#2499=VERTEX_POINT('',#9400);
#2500=VERTEX_POINT('',#9402);
#2501=VERTEX_POINT('',#9406);
#2502=VERTEX_POINT('',#9408);
#2503=VERTEX_POINT('',#9412);
#2504=VERTEX_POINT('',#9414);
#2505=VERTEX_POINT('',#9418);
#2506=VERTEX_POINT('',#9420);
#2507=VERTEX_POINT('',#9424);
#2508=VERTEX_POINT('',#9426);
#2509=VERTEX_POINT('',#9430);
#2510=VERTEX_POINT('',#9442);
#2511=VERTEX_POINT('',#9443);
#2512=VERTEX_POINT('',#9445);
#2513=VERTEX_POINT('',#9447);
#2514=VERTEX_POINT('',#9451);
#2515=VERTEX_POINT('',#9453);
#2516=VERTEX_POINT('',#9457);
#2517=VERTEX_POINT('',#9459);
#2518=VERTEX_POINT('',#9463);
#2519=VERTEX_POINT('',#9465);
#2520=VERTEX_POINT('',#9469);
#2521=VERTEX_POINT('',#9481);
#2522=VERTEX_POINT('',#9482);
#2523=VERTEX_POINT('',#9484);
#2524=VERTEX_POINT('',#9499);
#2525=VERTEX_POINT('',#9501);
#2526=VERTEX_POINT('',#9505);
#2527=VERTEX_POINT('',#9507);
#2528=VERTEX_POINT('',#9515);
#2529=VERTEX_POINT('',#9517);
#2530=VERTEX_POINT('',#9521);
#2531=VERTEX_POINT('',#9525);
#2532=VERTEX_POINT('',#9531);
#2533=VERTEX_POINT('',#9533);
#2534=VERTEX_POINT('',#9537);
#2535=VERTEX_POINT('',#9539);
#2536=VERTEX_POINT('',#9547);
#2537=VERTEX_POINT('',#9548);
#2538=VERTEX_POINT('',#9550);
#2539=VERTEX_POINT('',#9552);
#2540=VERTEX_POINT('',#9563);
#2541=VERTEX_POINT('',#9564);
#2542=VERTEX_POINT('',#9566);
#2543=VERTEX_POINT('',#9568);
#2544=VERTEX_POINT('',#9582);
#2545=VERTEX_POINT('',#9583);
#2546=VERTEX_POINT('',#9585);
#2547=VERTEX_POINT('',#9587);
#2548=VERTEX_POINT('',#9601);
#2549=VERTEX_POINT('',#9602);
#2550=VERTEX_POINT('',#9604);
#2551=VERTEX_POINT('',#9606);
#2552=VERTEX_POINT('',#9620);
#2553=VERTEX_POINT('',#9621);
#2554=VERTEX_POINT('',#9623);
#2555=VERTEX_POINT('',#9625);
#2556=VERTEX_POINT('',#9639);
#2557=VERTEX_POINT('',#9640);
#2558=VERTEX_POINT('',#9642);
#2559=VERTEX_POINT('',#9644);
#2560=VERTEX_POINT('',#9658);
#2561=VERTEX_POINT('',#9659);
#2562=VERTEX_POINT('',#9661);
#2563=VERTEX_POINT('',#9663);
#2564=VERTEX_POINT('',#9677);
#2565=VERTEX_POINT('',#9678);
#2566=VERTEX_POINT('',#9680);
#2567=VERTEX_POINT('',#9682);
#2568=VERTEX_POINT('',#9696);
#2569=VERTEX_POINT('',#9697);
#2570=VERTEX_POINT('',#9699);
#2571=VERTEX_POINT('',#9701);
#2572=VERTEX_POINT('',#9715);
#2573=VERTEX_POINT('',#9716);
#2574=VERTEX_POINT('',#9718);
#2575=VERTEX_POINT('',#9720);
#2576=VERTEX_POINT('',#9734);
#2577=VERTEX_POINT('',#9735);
#2578=VERTEX_POINT('',#9737);
#2579=VERTEX_POINT('',#9739);
#2580=VERTEX_POINT('',#9753);
#2581=VERTEX_POINT('',#9754);
#2582=VERTEX_POINT('',#9756);
#2583=VERTEX_POINT('',#9758);
#2584=VERTEX_POINT('',#9772);
#2585=VERTEX_POINT('',#9773);
#2586=VERTEX_POINT('',#9775);
#2587=VERTEX_POINT('',#9777);
#2588=VERTEX_POINT('',#9791);
#2589=VERTEX_POINT('',#9817);
#2590=VERTEX_POINT('',#9819);
#2591=VERTEX_POINT('',#9823);
#2592=VERTEX_POINT('',#9825);
#2593=VERTEX_POINT('',#9827);
#2594=VERTEX_POINT('',#9831);
#2595=VERTEX_POINT('',#9835);
#2596=VERTEX_POINT('',#9837);
#2597=VERTEX_POINT('',#9839);
#2598=VERTEX_POINT('',#9841);
#2599=VERTEX_POINT('',#9843);
#2600=VERTEX_POINT('',#9846);
#2601=VERTEX_POINT('',#9848);
#2602=VERTEX_POINT('',#9854);
#2603=VERTEX_POINT('',#9856);
#2604=VERTEX_POINT('',#9862);
#2605=VERTEX_POINT('',#9864);
#2606=VERTEX_POINT('',#9870);
#2607=VERTEX_POINT('',#9872);
#2608=VERTEX_POINT('',#9878);
#2609=VERTEX_POINT('',#9884);
#2610=EDGE_CURVE('',#2048,#2049,#1980,.T.);
#2611=EDGE_CURVE('',#2049,#2050,#1629,.T.);
#2612=EDGE_CURVE('',#2050,#2051,#1981,.T.);
#2613=EDGE_CURVE('',#2051,#2052,#875,.T.);
#2614=EDGE_CURVE('',#2052,#2053,#1630,.T.);
#2615=EDGE_CURVE('',#2053,#2048,#876,.T.);
#2616=EDGE_CURVE('',#2054,#2055,#1631,.T.);
#2617=EDGE_CURVE('',#2055,#2056,#877,.T.);
#2618=EDGE_CURVE('',#2056,#2057,#1632,.T.);
#2619=EDGE_CURVE('',#2058,#2057,#258,.F.);
#2620=EDGE_CURVE('',#2059,#2058,#1633,.T.);
#2621=EDGE_CURVE('',#2060,#2059,#259,.F.);
#2622=EDGE_CURVE('',#2060,#2061,#1634,.T.);
#2623=EDGE_CURVE('',#2062,#2061,#260,.F.);
#2624=EDGE_CURVE('',#2063,#2062,#1635,.T.);
#2625=EDGE_CURVE('',#2064,#2063,#261,.F.);
#2626=EDGE_CURVE('',#2064,#2065,#1636,.T.);
#2627=EDGE_CURVE('',#2066,#2065,#262,.F.);
#2628=EDGE_CURVE('',#2067,#2066,#1637,.T.);
#2629=EDGE_CURVE('',#2068,#2067,#263,.F.);
#2630=EDGE_CURVE('',#2068,#2069,#1638,.T.);
#2631=EDGE_CURVE('',#2070,#2069,#264,.F.);
#2632=EDGE_CURVE('',#2071,#2070,#1639,.T.);
#2633=EDGE_CURVE('',#2072,#2071,#265,.F.);
#2634=EDGE_CURVE('',#2072,#2073,#1640,.T.);
#2635=EDGE_CURVE('',#2074,#2073,#266,.F.);
#2636=EDGE_CURVE('',#2075,#2074,#1641,.T.);
#2637=EDGE_CURVE('',#2076,#2075,#267,.F.);
#2638=EDGE_CURVE('',#2076,#2077,#1642,.T.);
#2639=EDGE_CURVE('',#2078,#2077,#268,.F.);
#2640=EDGE_CURVE('',#2079,#2078,#1643,.T.);
#2641=EDGE_CURVE('',#2080,#2079,#269,.F.);
#2642=EDGE_CURVE('',#2080,#2081,#1644,.T.);
#2643=EDGE_CURVE('',#2082,#2081,#270,.F.);
#2644=EDGE_CURVE('',#2083,#2082,#1645,.T.);
#2645=EDGE_CURVE('',#2084,#2083,#271,.F.);
#2646=EDGE_CURVE('',#2084,#2085,#1646,.T.);
#2647=EDGE_CURVE('',#2086,#2085,#272,.F.);
#2648=EDGE_CURVE('',#2087,#2086,#1647,.T.);
#2649=EDGE_CURVE('',#2088,#2087,#273,.F.);
#2650=EDGE_CURVE('',#2088,#2089,#1648,.T.);
#2651=EDGE_CURVE('',#2050,#2089,#274,.F.);
#2652=EDGE_CURVE('',#2090,#2049,#275,.F.);
#2653=EDGE_CURVE('',#2090,#2091,#1649,.T.);
#2654=EDGE_CURVE('',#2092,#2091,#276,.F.);
#2655=EDGE_CURVE('',#2093,#2092,#1650,.T.);
#2656=EDGE_CURVE('',#2094,#2093,#277,.F.);
#2657=EDGE_CURVE('',#2094,#2095,#1651,.T.);
#2658=EDGE_CURVE('',#2096,#2095,#278,.F.);
#2659=EDGE_CURVE('',#2097,#2096,#1652,.T.);
#2660=EDGE_CURVE('',#2098,#2097,#279,.F.);
#2661=EDGE_CURVE('',#2098,#2099,#1653,.T.);
#2662=EDGE_CURVE('',#2100,#2099,#280,.F.);
#2663=EDGE_CURVE('',#2101,#2100,#1654,.T.);
#2664=EDGE_CURVE('',#2102,#2101,#281,.F.);
#2665=EDGE_CURVE('',#2102,#2103,#1655,.T.);
#2666=EDGE_CURVE('',#2104,#2103,#282,.F.);
#2667=EDGE_CURVE('',#2105,#2104,#1656,.T.);
#2668=EDGE_CURVE('',#2106,#2105,#283,.F.);
#2669=EDGE_CURVE('',#2106,#2107,#1657,.T.);
#2670=EDGE_CURVE('',#2108,#2107,#284,.F.);
#2671=EDGE_CURVE('',#2108,#2109,#1658,.T.);
#2672=EDGE_CURVE('',#2110,#2109,#285,.F.);
#2673=EDGE_CURVE('',#2111,#2110,#1659,.F.);
#2674=EDGE_CURVE('',#2112,#2111,#286,.F.);
#2675=EDGE_CURVE('',#2113,#2112,#1660,.T.);
#2676=EDGE_CURVE('',#2114,#2113,#287,.F.);
#2677=EDGE_CURVE('',#2115,#2114,#1661,.F.);
#2678=EDGE_CURVE('',#2116,#2115,#288,.F.);
#2679=EDGE_CURVE('',#2117,#2116,#1662,.T.);
#2680=EDGE_CURVE('',#2118,#2117,#289,.F.);
#2681=EDGE_CURVE('',#2118,#2056,#1663,.T.);
#2682=EDGE_CURVE('',#2055,#2119,#1664,.T.);
#2683=EDGE_CURVE('',#2120,#2119,#1665,.T.);
#2684=EDGE_CURVE('',#2120,#2121,#1666,.T.);
#2685=EDGE_CURVE('',#2122,#2121,#1667,.T.);
#2686=EDGE_CURVE('',#2122,#2123,#1668,.T.);
#2687=EDGE_CURVE('',#2124,#2123,#1669,.T.);
#2688=EDGE_CURVE('',#2124,#2125,#1670,.T.);
#2689=EDGE_CURVE('',#2126,#2125,#1671,.T.);
#2690=EDGE_CURVE('',#2126,#2127,#1672,.T.);
#2691=EDGE_CURVE('',#2128,#2127,#1673,.T.);
#2692=EDGE_CURVE('',#2128,#2129,#1674,.T.);
#2693=EDGE_CURVE('',#2130,#2129,#1675,.T.);
#2694=EDGE_CURVE('',#2130,#2131,#1676,.T.);
#2695=EDGE_CURVE('',#2132,#2131,#1677,.T.);
#2696=EDGE_CURVE('',#2132,#2133,#1678,.T.);
#2697=EDGE_CURVE('',#2134,#2133,#1679,.T.);
#2698=EDGE_CURVE('',#2134,#2135,#1680,.T.);
#2699=EDGE_CURVE('',#2136,#2135,#1681,.T.);
#2700=EDGE_CURVE('',#2136,#2137,#1682,.T.);
#2701=EDGE_CURVE('',#2138,#2137,#1683,.T.);
#2702=EDGE_CURVE('',#2138,#2139,#1684,.T.);
#2703=EDGE_CURVE('',#2140,#2139,#1685,.T.);
#2704=EDGE_CURVE('',#2140,#2141,#1686,.T.);
#2705=EDGE_CURVE('',#2142,#2141,#1687,.T.);
#2706=EDGE_CURVE('',#2142,#2143,#1688,.T.);
#2707=EDGE_CURVE('',#2144,#2143,#1689,.T.);
#2708=EDGE_CURVE('',#2144,#2145,#1690,.T.);
#2709=EDGE_CURVE('',#2146,#2145,#1691,.T.);
#2710=EDGE_CURVE('',#2146,#2147,#1692,.T.);
#2711=EDGE_CURVE('',#2148,#2147,#1693,.T.);
#2712=EDGE_CURVE('',#2148,#2149,#1694,.T.);
#2713=EDGE_CURVE('',#2054,#2149,#1695,.T.);
#2714=EDGE_CURVE('',#2150,#2053,#878,.T.);
#2715=EDGE_CURVE('',#2151,#2150,#879,.T.);
#2716=EDGE_CURVE('',#2151,#2090,#880,.T.);
#2717=EDGE_CURVE('',#2152,#2093,#1982,.T.);
#2718=EDGE_CURVE('',#2092,#2153,#1983,.T.);
#2719=EDGE_CURVE('',#2153,#2154,#881,.T.);
#2720=EDGE_CURVE('',#2154,#2155,#1696,.T.);
#2721=EDGE_CURVE('',#2155,#2152,#882,.T.);
#2722=EDGE_CURVE('',#2156,#2155,#883,.T.);
#2723=EDGE_CURVE('',#2157,#2156,#884,.T.);
#2724=EDGE_CURVE('',#2157,#2094,#885,.F.);
#2725=EDGE_CURVE('',#2158,#2097,#1984,.T.);
#2726=EDGE_CURVE('',#2096,#2159,#1985,.T.);
#2727=EDGE_CURVE('',#2159,#2160,#886,.T.);
#2728=EDGE_CURVE('',#2160,#2161,#1697,.T.);
#2729=EDGE_CURVE('',#2161,#2158,#887,.T.);
#2730=EDGE_CURVE('',#2162,#2161,#888,.T.);
#2731=EDGE_CURVE('',#2163,#2162,#889,.T.);
#2732=EDGE_CURVE('',#2163,#2098,#890,.F.);
#2733=EDGE_CURVE('',#2164,#2067,#1986,.T.);
#2734=EDGE_CURVE('',#2066,#2165,#1987,.T.);
#2735=EDGE_CURVE('',#2165,#2166,#891,.T.);
#2736=EDGE_CURVE('',#2166,#2167,#1698,.T.);
#2737=EDGE_CURVE('',#2167,#2164,#892,.T.);
#2738=EDGE_CURVE('',#2168,#2167,#893,.T.);
#2739=EDGE_CURVE('',#2169,#2168,#894,.T.);
#2740=EDGE_CURVE('',#2169,#2068,#895,.F.);
#2741=EDGE_CURVE('',#2170,#2071,#1988,.T.);
#2742=EDGE_CURVE('',#2070,#2171,#1989,.T.);
#2743=EDGE_CURVE('',#2171,#2172,#896,.T.);
#2744=EDGE_CURVE('',#2172,#2173,#1699,.T.);
#2745=EDGE_CURVE('',#2173,#2170,#897,.T.);
#2746=EDGE_CURVE('',#2174,#2173,#898,.T.);
#2747=EDGE_CURVE('',#2175,#2174,#899,.T.);
#2748=EDGE_CURVE('',#2175,#2072,#900,.F.);
#2749=EDGE_CURVE('',#2176,#2075,#1990,.T.);
#2750=EDGE_CURVE('',#2074,#2177,#1991,.T.);
#2751=EDGE_CURVE('',#2177,#2178,#901,.T.);
#2752=EDGE_CURVE('',#2178,#2179,#1700,.T.);
#2753=EDGE_CURVE('',#2179,#2176,#902,.T.);
#2754=EDGE_CURVE('',#2180,#2179,#903,.T.);
#2755=EDGE_CURVE('',#2181,#2180,#904,.T.);
#2756=EDGE_CURVE('',#2181,#2076,#905,.F.);
#2757=EDGE_CURVE('',#2182,#2183,#1992,.T.);
#2758=EDGE_CURVE('',#2183,#2184,#1701,.T.);
#2759=EDGE_CURVE('',#2184,#2185,#1993,.T.);
#2760=EDGE_CURVE('',#2185,#2182,#1702,.T.);
#2761=EDGE_CURVE('',#2184,#2078,#1994,.F.);
#2762=EDGE_CURVE('',#2077,#2186,#906,.T.);
#2763=EDGE_CURVE('',#2187,#2186,#907,.T.);
#2764=EDGE_CURVE('',#2185,#2187,#908,.T.);
#2765=EDGE_CURVE('',#2183,#2079,#1995,.T.);
#2766=EDGE_CURVE('',#2188,#2083,#1996,.T.);
#2767=EDGE_CURVE('',#2082,#2189,#1997,.T.);
#2768=EDGE_CURVE('',#2189,#2190,#909,.T.);
#2769=EDGE_CURVE('',#2190,#2191,#1703,.T.);
#2770=EDGE_CURVE('',#2191,#2188,#910,.T.);
#2771=EDGE_CURVE('',#2192,#2191,#911,.T.);
#2772=EDGE_CURVE('',#2193,#2192,#912,.T.);
#2773=EDGE_CURVE('',#2193,#2084,#913,.T.);
#2774=EDGE_CURVE('',#2194,#2195,#1998,.T.);
#2775=EDGE_CURVE('',#2195,#2196,#1704,.T.);
#2776=EDGE_CURVE('',#2196,#2197,#1999,.T.);
#2777=EDGE_CURVE('',#2197,#2194,#1705,.T.);
#2778=EDGE_CURVE('',#2196,#2086,#2000,.F.);
#2779=EDGE_CURVE('',#2198,#2085,#914,.T.);
#2780=EDGE_CURVE('',#2199,#2198,#915,.T.);
#2781=EDGE_CURVE('',#2197,#2199,#916,.T.);
#2782=EDGE_CURVE('',#2195,#2087,#2001,.T.);
#2783=EDGE_CURVE('',#2089,#2200,#917,.T.);
#2784=EDGE_CURVE('',#2201,#2200,#918,.T.);
#2785=EDGE_CURVE('',#2052,#2201,#919,.T.);
#2786=EDGE_CURVE('',#2202,#2091,#920,.T.);
#2787=EDGE_CURVE('',#2203,#2202,#921,.T.);
#2788=EDGE_CURVE('',#2154,#2203,#922,.T.);
#2789=EDGE_CURVE('',#2095,#2204,#923,.T.);
#2790=EDGE_CURVE('',#2205,#2204,#924,.T.);
#2791=EDGE_CURVE('',#2160,#2205,#925,.T.);
#2792=EDGE_CURVE('',#2206,#2207,#2002,.T.);
#2793=EDGE_CURVE('',#2207,#2208,#1706,.T.);
#2794=EDGE_CURVE('',#2208,#2209,#2003,.T.);
#2795=EDGE_CURVE('',#2209,#2206,#1707,.T.);
#2796=EDGE_CURVE('',#2208,#2100,#2004,.F.);
#2797=EDGE_CURVE('',#2099,#2210,#926,.T.);
#2798=EDGE_CURVE('',#2211,#2210,#927,.T.);
#2799=EDGE_CURVE('',#2209,#2211,#928,.T.);
#2800=EDGE_CURVE('',#2207,#2101,#2005,.T.);
#2801=EDGE_CURVE('',#2212,#2213,#2006,.T.);
#2802=EDGE_CURVE('',#2213,#2214,#1708,.T.);
#2803=EDGE_CURVE('',#2214,#2215,#2007,.T.);
#2804=EDGE_CURVE('',#2215,#2212,#1709,.T.);
#2805=EDGE_CURVE('',#2214,#2104,#2008,.F.);
#2806=EDGE_CURVE('',#2103,#2216,#929,.T.);
#2807=EDGE_CURVE('',#2217,#2216,#930,.T.);
#2808=EDGE_CURVE('',#2215,#2217,#931,.T.);
#2809=EDGE_CURVE('',#2213,#2105,#2009,.T.);
#2810=EDGE_CURVE('',#2218,#2109,#2010,.T.);
#2811=EDGE_CURVE('',#2108,#2219,#2011,.T.);
#2812=EDGE_CURVE('',#2219,#2218,#1710,.T.);
#2813=EDGE_CURVE('',#2107,#2220,#932,.T.);
#2814=EDGE_CURVE('',#2221,#2220,#933,.T.);
#2815=EDGE_CURVE('',#2219,#2221,#934,.T.);
#2816=EDGE_CURVE('',#2222,#2113,#2012,.T.);
#2817=EDGE_CURVE('',#2112,#2223,#2013,.T.);
#2818=EDGE_CURVE('',#2223,#2224,#935,.T.);
#2819=EDGE_CURVE('',#2224,#2225,#1711,.T.);
#2820=EDGE_CURVE('',#2225,#2222,#936,.T.);
#2821=EDGE_CURVE('',#2226,#2225,#937,.T.);
#2822=EDGE_CURVE('',#2227,#2226,#938,.T.);
#2823=EDGE_CURVE('',#2227,#2114,#939,.T.);
#2824=EDGE_CURVE('',#2228,#2111,#940,.T.);
#2825=EDGE_CURVE('',#2229,#2228,#941,.T.);
#2826=EDGE_CURVE('',#2224,#2229,#942,.T.);
#2827=EDGE_CURVE('',#2230,#2117,#2014,.T.);
#2828=EDGE_CURVE('',#2116,#2231,#2015,.T.);
#2829=EDGE_CURVE('',#2231,#2232,#943,.T.);
#2830=EDGE_CURVE('',#2232,#2233,#1712,.T.);
#2831=EDGE_CURVE('',#2233,#2230,#944,.T.);
#2832=EDGE_CURVE('',#2234,#2233,#945,.T.);
#2833=EDGE_CURVE('',#2235,#2234,#946,.T.);
#2834=EDGE_CURVE('',#2235,#2118,#947,.T.);
#2835=EDGE_CURVE('',#2236,#2115,#948,.T.);
#2836=EDGE_CURVE('',#2237,#2236,#949,.T.);
#2837=EDGE_CURVE('',#2232,#2237,#950,.T.);
#2838=EDGE_CURVE('',#2238,#2239,#2016,.T.);
#2839=EDGE_CURVE('',#2239,#2240,#1713,.T.);
#2840=EDGE_CURVE('',#2240,#2241,#2017,.T.);
#2841=EDGE_CURVE('',#2241,#2238,#1714,.T.);
#2842=EDGE_CURVE('',#2240,#2058,#2018,.F.);
#2843=EDGE_CURVE('',#2242,#2057,#951,.T.);
#2844=EDGE_CURVE('',#2243,#2242,#952,.T.);
#2845=EDGE_CURVE('',#2241,#2243,#953,.T.);
#2846=EDGE_CURVE('',#2239,#2059,#2019,.T.);
#2847=EDGE_CURVE('',#2244,#2245,#2020,.T.);
#2848=EDGE_CURVE('',#2245,#2246,#1715,.T.);
#2849=EDGE_CURVE('',#2246,#2247,#2021,.T.);
#2850=EDGE_CURVE('',#2247,#2244,#1716,.T.);
#2851=EDGE_CURVE('',#2246,#2062,#2022,.F.);
#2852=EDGE_CURVE('',#2248,#2061,#954,.T.);
#2853=EDGE_CURVE('',#2249,#2248,#955,.T.);
#2854=EDGE_CURVE('',#2247,#2249,#956,.T.);
#2855=EDGE_CURVE('',#2245,#2063,#2023,.T.);
#2856=EDGE_CURVE('',#2065,#2250,#957,.T.);
#2857=EDGE_CURVE('',#2251,#2250,#958,.T.);
#2858=EDGE_CURVE('',#2166,#2251,#959,.T.);
#2859=EDGE_CURVE('',#2069,#2252,#960,.T.);
#2860=EDGE_CURVE('',#2253,#2252,#961,.T.);
#2861=EDGE_CURVE('',#2172,#2253,#962,.T.);
#2862=EDGE_CURVE('',#2073,#2254,#963,.T.);
#2863=EDGE_CURVE('',#2255,#2254,#964,.T.);
#2864=EDGE_CURVE('',#2178,#2255,#965,.T.);
#2865=EDGE_CURVE('',#2256,#2081,#966,.T.);
#2866=EDGE_CURVE('',#2257,#2256,#967,.T.);
#2867=EDGE_CURVE('',#2190,#2257,#968,.T.);
#2868=EDGE_CURVE('',#2126,#2258,#969,.T.);
#2869=EDGE_CURVE('',#2259,#2258,#1717,.T.);
#2870=EDGE_CURVE('',#2127,#2259,#970,.T.);
#2871=EDGE_CURVE('',#2054,#2260,#971,.T.);
#2872=EDGE_CURVE('',#2261,#2260,#1718,.T.);
#2873=EDGE_CURVE('',#2119,#2261,#972,.T.);
#2874=EDGE_CURVE('',#2142,#2262,#973,.T.);
#2875=EDGE_CURVE('',#2263,#2262,#1719,.T.);
#2876=EDGE_CURVE('',#2143,#2263,#974,.T.);
#2877=EDGE_CURVE('',#2264,#2265,#975,.T.);
#2878=EDGE_CURVE('',#2266,#2264,#1720,.T.);
#2879=EDGE_CURVE('',#2267,#2266,#976,.T.);
#2880=EDGE_CURVE('',#2268,#2267,#1721,.T.);
#2881=EDGE_CURVE('',#2269,#2268,#977,.T.);
#2882=EDGE_CURVE('',#2270,#2269,#1722,.T.);
#2883=EDGE_CURVE('',#2271,#2270,#978,.T.);
#2884=EDGE_CURVE('',#2272,#2271,#1723,.T.);
#2885=EDGE_CURVE('',#2273,#2272,#979,.T.);
#2886=EDGE_CURVE('',#2274,#2273,#1724,.T.);
#2887=EDGE_CURVE('',#2275,#2274,#980,.T.);
#2888=EDGE_CURVE('',#2276,#2275,#1725,.T.);
#2889=EDGE_CURVE('',#2277,#2276,#981,.T.);
#2890=EDGE_CURVE('',#2278,#2277,#1726,.T.);
#2891=EDGE_CURVE('',#2279,#2278,#982,.T.);
#2892=EDGE_CURVE('',#2280,#2279,#1727,.T.);
#2893=EDGE_CURVE('',#2281,#2280,#983,.T.);
#2894=EDGE_CURVE('',#2282,#2281,#1728,.T.);
#2895=EDGE_CURVE('',#2283,#2282,#984,.T.);
#2896=EDGE_CURVE('',#2284,#2283,#1729,.T.);
#2897=EDGE_CURVE('',#2285,#2284,#985,.T.);
#2898=EDGE_CURVE('',#2286,#2285,#1730,.T.);
#2899=EDGE_CURVE('',#2287,#2286,#986,.T.);
#2900=EDGE_CURVE('',#2288,#2287,#1731,.T.);
#2901=EDGE_CURVE('',#2289,#2288,#987,.T.);
#2902=EDGE_CURVE('',#2290,#2289,#1732,.T.);
#2903=EDGE_CURVE('',#2291,#2290,#988,.T.);
#2904=EDGE_CURVE('',#2292,#2291,#1733,.T.);
#2905=EDGE_CURVE('',#2293,#2292,#989,.T.);
#2906=EDGE_CURVE('',#2294,#2293,#1734,.T.);
#2907=EDGE_CURVE('',#2295,#2294,#990,.T.);
#2908=EDGE_CURVE('',#2296,#2295,#1735,.T.);
#2909=EDGE_CURVE('',#2296,#2297,#991,.T.);
#2910=EDGE_CURVE('',#2298,#2297,#1736,.T.);
#2911=EDGE_CURVE('',#2133,#2298,#992,.T.);
#2912=EDGE_CURVE('',#2132,#2299,#993,.T.);
#2913=EDGE_CURVE('',#2300,#2299,#1737,.T.);
#2914=EDGE_CURVE('',#2131,#2300,#994,.T.);
#2915=EDGE_CURVE('',#2130,#2301,#995,.T.);
#2916=EDGE_CURVE('',#2302,#2301,#1738,.T.);
#2917=EDGE_CURVE('',#2129,#2302,#996,.T.);
#2918=EDGE_CURVE('',#2128,#2303,#997,.T.);
#2919=EDGE_CURVE('',#2304,#2303,#1739,.T.);
#2920=EDGE_CURVE('',#2125,#2304,#998,.T.);
#2921=EDGE_CURVE('',#2124,#2305,#999,.T.);
#2922=EDGE_CURVE('',#2306,#2305,#1740,.T.);
#2923=EDGE_CURVE('',#2123,#2306,#1000,.T.);
#2924=EDGE_CURVE('',#2122,#2307,#1001,.T.);
#2925=EDGE_CURVE('',#2308,#2307,#1741,.T.);
#2926=EDGE_CURVE('',#2121,#2308,#1002,.T.);
#2927=EDGE_CURVE('',#2120,#2309,#1003,.T.);
#2928=EDGE_CURVE('',#2310,#2309,#1742,.T.);
#2929=EDGE_CURVE('',#2311,#2310,#1743,.T.);
#2930=EDGE_CURVE('',#2149,#2311,#1004,.T.);
#2931=EDGE_CURVE('',#2148,#2312,#1005,.T.);
#2932=EDGE_CURVE('',#2313,#2312,#1744,.T.);
#2933=EDGE_CURVE('',#2147,#2313,#1006,.T.);
#2934=EDGE_CURVE('',#2146,#2314,#1007,.T.);
#2935=EDGE_CURVE('',#2315,#2314,#1745,.T.);
#2936=EDGE_CURVE('',#2145,#2315,#1008,.T.);
#2937=EDGE_CURVE('',#2144,#2316,#1009,.T.);
#2938=EDGE_CURVE('',#2317,#2316,#1746,.T.);
#2939=EDGE_CURVE('',#2141,#2317,#1010,.T.);
#2940=EDGE_CURVE('',#2140,#2318,#1011,.T.);
#2941=EDGE_CURVE('',#2319,#2318,#1747,.T.);
#2942=EDGE_CURVE('',#2139,#2319,#1012,.T.);
#2943=EDGE_CURVE('',#2138,#2320,#1013,.T.);
#2944=EDGE_CURVE('',#2321,#2320,#1748,.T.);
#2945=EDGE_CURVE('',#2137,#2321,#1014,.T.);
#2946=EDGE_CURVE('',#2136,#2322,#1015,.T.);
#2947=EDGE_CURVE('',#2297,#2322,#1749,.T.);
#2948=EDGE_CURVE('',#2323,#2296,#1750,.T.);
#2949=EDGE_CURVE('',#2324,#2323,#1016,.T.);
#2950=EDGE_CURVE('',#2325,#2324,#1751,.T.);
#2951=EDGE_CURVE('',#2326,#2325,#1017,.T.);
#2952=EDGE_CURVE('',#2327,#2326,#1752,.T.);
#2953=EDGE_CURVE('',#2328,#2327,#1018,.T.);
#2954=EDGE_CURVE('',#2329,#2328,#1753,.T.);
#2955=EDGE_CURVE('',#2330,#2329,#1019,.T.);
#2956=EDGE_CURVE('',#2331,#2330,#1754,.T.);
#2957=EDGE_CURVE('',#2332,#2331,#1020,.T.);
#2958=EDGE_CURVE('',#2333,#2332,#1755,.T.);
#2959=EDGE_CURVE('',#2334,#2333,#1021,.T.);
#2960=EDGE_CURVE('',#2335,#2334,#1756,.T.);
#2961=EDGE_CURVE('',#2336,#2335,#1022,.T.);
#2962=EDGE_CURVE('',#2337,#2336,#1757,.T.);
#2963=EDGE_CURVE('',#2338,#2337,#1023,.T.);
#2964=EDGE_CURVE('',#2265,#2338,#1758,.T.);
#2965=EDGE_CURVE('',#2134,#2339,#1024,.T.);
#2966=EDGE_CURVE('',#2340,#2339,#1759,.T.);
#2967=EDGE_CURVE('',#2135,#2340,#1025,.T.);
#2968=EDGE_CURVE('',#2204,#2157,#1760,.T.);
#2969=EDGE_CURVE('',#2341,#2088,#1026,.T.);
#2970=EDGE_CURVE('',#2200,#2341,#1761,.T.);
#2971=EDGE_CURVE('',#2342,#2194,#1027,.T.);
#2972=EDGE_CURVE('',#2341,#2342,#1028,.T.);
#2973=EDGE_CURVE('',#2343,#2206,#1029,.T.);
#2974=EDGE_CURVE('',#2344,#2343,#1030,.T.);
#2975=EDGE_CURVE('',#2344,#2102,#1031,.F.);
#2976=EDGE_CURVE('',#2216,#2344,#1762,.T.);
#2977=EDGE_CURVE('',#2242,#2235,#1763,.T.);
#2978=EDGE_CURVE('',#2254,#2175,#1764,.T.);
#2979=EDGE_CURVE('',#2198,#2193,#1765,.T.);
#2980=EDGE_CURVE('',#2252,#2169,#1766,.T.);
#2981=EDGE_CURVE('',#2236,#2227,#1767,.T.);
#2982=EDGE_CURVE('',#2210,#2163,#1768,.T.);
#2983=EDGE_CURVE('',#2202,#2151,#1769,.T.);
#2984=EDGE_CURVE('',#2345,#2212,#1032,.T.);
#2985=EDGE_CURVE('',#2346,#2345,#1033,.T.);
#2986=EDGE_CURVE('',#2346,#2106,#1034,.F.);
#2987=EDGE_CURVE('',#2220,#2346,#1770,.T.);
#2988=EDGE_CURVE('',#2347,#2060,#1035,.T.);
#2989=EDGE_CURVE('',#2248,#2347,#1771,.T.);
#2990=EDGE_CURVE('',#2348,#2238,#1036,.T.);
#2991=EDGE_CURVE('',#2347,#2348,#1037,.T.);
#2992=EDGE_CURVE('',#2186,#2181,#1772,.T.);
#2993=EDGE_CURVE('',#2349,#2080,#1038,.T.);
#2994=EDGE_CURVE('',#2256,#2349,#1773,.T.);
#2995=EDGE_CURVE('',#2350,#2182,#1039,.T.);
#2996=EDGE_CURVE('',#2349,#2350,#1040,.T.);
#2997=EDGE_CURVE('',#2351,#2244,#1041,.T.);
#2998=EDGE_CURVE('',#2352,#2351,#1042,.T.);
#2999=EDGE_CURVE('',#2352,#2064,#1043,.F.);
#3000=EDGE_CURVE('',#2250,#2352,#1774,.T.);
#3001=EDGE_CURVE('',#2353,#2110,#1044,.T.);
#3002=EDGE_CURVE('',#2228,#2353,#1775,.T.);
#3003=EDGE_CURVE('',#2354,#2218,#1045,.T.);
#3004=EDGE_CURVE('',#2353,#2354,#1046,.T.);
#3005=EDGE_CURVE('',#2249,#2351,#1776,.T.);
#3006=EDGE_CURVE('',#2187,#2350,#1777,.T.);
#3007=EDGE_CURVE('',#2243,#2348,#1778,.T.);
#3008=EDGE_CURVE('',#2221,#2354,#1779,.T.);
#3009=EDGE_CURVE('',#2201,#2150,#1780,.T.);
#3010=EDGE_CURVE('',#2229,#2226,#1781,.T.);
#3011=EDGE_CURVE('',#2251,#2168,#1782,.T.);
#3012=EDGE_CURVE('',#2257,#2192,#1783,.T.);
#3013=EDGE_CURVE('',#2253,#2174,#1784,.T.);
#3014=EDGE_CURVE('',#2255,#2180,#1785,.T.);
#3015=EDGE_CURVE('',#2237,#2234,#1786,.T.);
#3016=EDGE_CURVE('',#2211,#2343,#1787,.T.);
#3017=EDGE_CURVE('',#2217,#2345,#1788,.T.);
#3018=EDGE_CURVE('',#2199,#2342,#1789,.T.);
#3019=EDGE_CURVE('',#2203,#2156,#1790,.T.);
#3020=EDGE_CURVE('',#2205,#2162,#1791,.T.);
#3021=EDGE_CURVE('',#2355,#2355,#1792,.T.);
#3022=EDGE_CURVE('',#2356,#2357,#1793,.T.);
#3023=EDGE_CURVE('',#2357,#2358,#1047,.T.);
#3024=EDGE_CURVE('',#2358,#2359,#1794,.T.);
#3025=EDGE_CURVE('',#2359,#2356,#1048,.T.);
#3026=EDGE_CURVE('',#2360,#2357,#1795,.T.);
#3027=EDGE_CURVE('',#2361,#2360,#1049,.T.);
#3028=EDGE_CURVE('',#2358,#2361,#1796,.T.);
#3029=EDGE_CURVE('',#2362,#2363,#1797,.T.);
#3030=EDGE_CURVE('',#2363,#2364,#1050,.T.);
#3031=EDGE_CURVE('',#2364,#2264,#1798,.T.);
#3032=EDGE_CURVE('',#2265,#2362,#2024,.T.);
#3033=EDGE_CURVE('',#2364,#2359,#1051,.T.);
#3034=EDGE_CURVE('',#2356,#2363,#1052,.T.);
#3035=EDGE_CURVE('',#2267,#2365,#2025,.F.);
#3036=EDGE_CURVE('',#2266,#2366,#1799,.T.);
#3037=EDGE_CURVE('',#2366,#2367,#1053,.T.);
#3038=EDGE_CURVE('',#2365,#2367,#1800,.F.);
#3039=EDGE_CURVE('',#2360,#2368,#1801,.T.);
#3040=EDGE_CURVE('',#2368,#2369,#1054,.T.);
#3041=EDGE_CURVE('',#2369,#2361,#1802,.T.);
#3042=EDGE_CURVE('',#2369,#2366,#1055,.T.);
#3043=EDGE_CURVE('',#2367,#2368,#1056,.T.);
#3044=EDGE_CURVE('',#2370,#2371,#1803,.T.);
#3045=EDGE_CURVE('',#2371,#2372,#1057,.T.);
#3046=EDGE_CURVE('',#2372,#2373,#1804,.T.);
#3047=EDGE_CURVE('',#2373,#2370,#1058,.T.);
#3048=EDGE_CURVE('',#2374,#2371,#1805,.T.);
#3049=EDGE_CURVE('',#2375,#2374,#1059,.T.);
#3050=EDGE_CURVE('',#2372,#2375,#1806,.T.);
#3051=EDGE_CURVE('',#2376,#2377,#1807,.T.);
#3052=EDGE_CURVE('',#2377,#2378,#1060,.T.);
#3053=EDGE_CURVE('',#2378,#2269,#1808,.T.);
#3054=EDGE_CURVE('',#2268,#2376,#2026,.T.);
#3055=EDGE_CURVE('',#2378,#2373,#1061,.T.);
#3056=EDGE_CURVE('',#2370,#2377,#1062,.T.);
#3057=EDGE_CURVE('',#2271,#2379,#2027,.F.);
#3058=EDGE_CURVE('',#2270,#2380,#1809,.T.);
#3059=EDGE_CURVE('',#2380,#2381,#1063,.T.);
#3060=EDGE_CURVE('',#2379,#2381,#1810,.F.);
#3061=EDGE_CURVE('',#2374,#2382,#1811,.T.);
#3062=EDGE_CURVE('',#2382,#2383,#1064,.T.);
#3063=EDGE_CURVE('',#2383,#2375,#1812,.T.);
#3064=EDGE_CURVE('',#2383,#2380,#1065,.T.);
#3065=EDGE_CURVE('',#2381,#2382,#1066,.T.);
#3066=EDGE_CURVE('',#2275,#2384,#2028,.F.);
#3067=EDGE_CURVE('',#2274,#2385,#1813,.T.);
#3068=EDGE_CURVE('',#2385,#2386,#1067,.T.);
#3069=EDGE_CURVE('',#2384,#2386,#1814,.F.);
#3070=EDGE_CURVE('',#2387,#2388,#1815,.T.);
#3071=EDGE_CURVE('',#2388,#2389,#1068,.T.);
#3072=EDGE_CURVE('',#2389,#2273,#1816,.T.);
#3073=EDGE_CURVE('',#2272,#2387,#2029,.T.);
#3074=EDGE_CURVE('',#2390,#2388,#1069,.T.);
#3075=EDGE_CURVE('',#2391,#2390,#1070,.T.);
#3076=EDGE_CURVE('',#2389,#2391,#1071,.T.);
#3077=EDGE_CURVE('',#2390,#2392,#1817,.T.);
#3078=EDGE_CURVE('',#2392,#2393,#1072,.T.);
#3079=EDGE_CURVE('',#2393,#2391,#1818,.T.);
#3080=EDGE_CURVE('',#2394,#2392,#1819,.T.);
#3081=EDGE_CURVE('',#2395,#2394,#1073,.T.);
#3082=EDGE_CURVE('',#2393,#2395,#1820,.T.);
#3083=EDGE_CURVE('',#2394,#2396,#1821,.T.);
#3084=EDGE_CURVE('',#2396,#2397,#1074,.T.);
#3085=EDGE_CURVE('',#2397,#2395,#1822,.T.);
#3086=EDGE_CURVE('',#2397,#2385,#1075,.T.);
#3087=EDGE_CURVE('',#2386,#2396,#1076,.T.);
#3088=EDGE_CURVE('',#2279,#2398,#2030,.F.);
#3089=EDGE_CURVE('',#2278,#2399,#1823,.T.);
#3090=EDGE_CURVE('',#2399,#2400,#1077,.T.);
#3091=EDGE_CURVE('',#2398,#2400,#1824,.F.);
#3092=EDGE_CURVE('',#2401,#2402,#1825,.T.);
#3093=EDGE_CURVE('',#2402,#2403,#1078,.T.);
#3094=EDGE_CURVE('',#2403,#2277,#1826,.T.);
#3095=EDGE_CURVE('',#2276,#2401,#2031,.T.);
#3096=EDGE_CURVE('',#2404,#2402,#1079,.T.);
#3097=EDGE_CURVE('',#2405,#2404,#1080,.T.);
#3098=EDGE_CURVE('',#2403,#2405,#1081,.T.);
#3099=EDGE_CURVE('',#2404,#2406,#1827,.T.);
#3100=EDGE_CURVE('',#2406,#2407,#1082,.T.);
#3101=EDGE_CURVE('',#2407,#2405,#1828,.T.);
#3102=EDGE_CURVE('',#2408,#2406,#1829,.T.);
#3103=EDGE_CURVE('',#2409,#2408,#1083,.T.);
#3104=EDGE_CURVE('',#2407,#2409,#1830,.T.);
#3105=EDGE_CURVE('',#2408,#2410,#1831,.T.);
#3106=EDGE_CURVE('',#2410,#2411,#1084,.T.);
#3107=EDGE_CURVE('',#2411,#2409,#1832,.T.);
#3108=EDGE_CURVE('',#2411,#2399,#1085,.T.);
#3109=EDGE_CURVE('',#2400,#2410,#1086,.T.);
#3110=EDGE_CURVE('',#2412,#2413,#1833,.T.);
#3111=EDGE_CURVE('',#2413,#2414,#1087,.T.);
#3112=EDGE_CURVE('',#2414,#2415,#1834,.T.);
#3113=EDGE_CURVE('',#2415,#2412,#1088,.T.);
#3114=EDGE_CURVE('',#2416,#2413,#1089,.T.);
#3115=EDGE_CURVE('',#2417,#2416,#1090,.T.);
#3116=EDGE_CURVE('',#2414,#2417,#1091,.T.);
#3117=EDGE_CURVE('',#2418,#2419,#1835,.T.);
#3118=EDGE_CURVE('',#2419,#2420,#1092,.T.);
#3119=EDGE_CURVE('',#2420,#2421,#1836,.T.);
#3120=EDGE_CURVE('',#2421,#2418,#1093,.T.);
#3121=EDGE_CURVE('',#2420,#2415,#1837,.T.);
#3122=EDGE_CURVE('',#2412,#2419,#1838,.T.);
#3123=EDGE_CURVE('',#2422,#2423,#1839,.T.);
#3124=EDGE_CURVE('',#2423,#2424,#1094,.T.);
#3125=EDGE_CURVE('',#2424,#2281,#1840,.T.);
#3126=EDGE_CURVE('',#2280,#2422,#2032,.T.);
#3127=EDGE_CURVE('',#2424,#2421,#1095,.T.);
#3128=EDGE_CURVE('',#2418,#2423,#1096,.T.);
#3129=EDGE_CURVE('',#2283,#2425,#2033,.F.);
#3130=EDGE_CURVE('',#2282,#2417,#1841,.T.);
#3131=EDGE_CURVE('',#2425,#2416,#1842,.F.);
#3132=EDGE_CURVE('',#2426,#2427,#1843,.T.);
#3133=EDGE_CURVE('',#2427,#2428,#1097,.T.);
#3134=EDGE_CURVE('',#2428,#2429,#1844,.T.);
#3135=EDGE_CURVE('',#2429,#2426,#1098,.T.);
#3136=EDGE_CURVE('',#2430,#2427,#1845,.T.);
#3137=EDGE_CURVE('',#2431,#2430,#1099,.T.);
#3138=EDGE_CURVE('',#2428,#2431,#1846,.T.);
#3139=EDGE_CURVE('',#2430,#2432,#1847,.T.);
#3140=EDGE_CURVE('',#2432,#2433,#1100,.T.);
#3141=EDGE_CURVE('',#2433,#2431,#1848,.T.);
#3142=EDGE_CURVE('',#2434,#2432,#1101,.T.);
#3143=EDGE_CURVE('',#2435,#2434,#1102,.T.);
#3144=EDGE_CURVE('',#2433,#2435,#1103,.T.);
#3145=EDGE_CURVE('',#2287,#2436,#2034,.F.);
#3146=EDGE_CURVE('',#2286,#2435,#1849,.T.);
#3147=EDGE_CURVE('',#2436,#2434,#1850,.F.);
#3148=EDGE_CURVE('',#2437,#2438,#1851,.T.);
#3149=EDGE_CURVE('',#2438,#2439,#1104,.T.);
#3150=EDGE_CURVE('',#2439,#2285,#1852,.T.);
#3151=EDGE_CURVE('',#2284,#2437,#2035,.T.);
#3152=EDGE_CURVE('',#2439,#2429,#1105,.T.);
#3153=EDGE_CURVE('',#2426,#2438,#1106,.T.);
#3154=EDGE_CURVE('',#2440,#2441,#1853,.T.);
#3155=EDGE_CURVE('',#2441,#2442,#1107,.T.);
#3156=EDGE_CURVE('',#2442,#2443,#1854,.T.);
#3157=EDGE_CURVE('',#2443,#2440,#1108,.T.);
#3158=EDGE_CURVE('',#2444,#2441,#1855,.T.);
#3159=EDGE_CURVE('',#2445,#2444,#1109,.T.);
#3160=EDGE_CURVE('',#2442,#2445,#1856,.T.);
#3161=EDGE_CURVE('',#2444,#2446,#1857,.T.);
#3162=EDGE_CURVE('',#2446,#2447,#1110,.T.);
#3163=EDGE_CURVE('',#2447,#2445,#1858,.T.);
#3164=EDGE_CURVE('',#2448,#2446,#1111,.T.);
#3165=EDGE_CURVE('',#2449,#2448,#1112,.T.);
#3166=EDGE_CURVE('',#2447,#2449,#1113,.T.);
#3167=EDGE_CURVE('',#2291,#2450,#2036,.F.);
#3168=EDGE_CURVE('',#2290,#2449,#1859,.T.);
#3169=EDGE_CURVE('',#2450,#2448,#1860,.F.);
#3170=EDGE_CURVE('',#2451,#2452,#1861,.T.);
#3171=EDGE_CURVE('',#2452,#2453,#1114,.T.);
#3172=EDGE_CURVE('',#2453,#2289,#1862,.T.);
#3173=EDGE_CURVE('',#2288,#2451,#2037,.T.);
#3174=EDGE_CURVE('',#2453,#2443,#1115,.T.);
#3175=EDGE_CURVE('',#2440,#2452,#1116,.T.);
#3176=EDGE_CURVE('',#2454,#2455,#1863,.T.);
#3177=EDGE_CURVE('',#2455,#2456,#1117,.T.);
#3178=EDGE_CURVE('',#2456,#2457,#1864,.T.);
#3179=EDGE_CURVE('',#2457,#2454,#1118,.T.);
#3180=EDGE_CURVE('',#2458,#2455,#1865,.T.);
#3181=EDGE_CURVE('',#2459,#2458,#1119,.T.);
#3182=EDGE_CURVE('',#2456,#2459,#1866,.T.);
#3183=EDGE_CURVE('',#2460,#2461,#1867,.T.);
#3184=EDGE_CURVE('',#2461,#2462,#1120,.T.);
#3185=EDGE_CURVE('',#2462,#2293,#1868,.T.);
#3186=EDGE_CURVE('',#2292,#2460,#2038,.T.);
#3187=EDGE_CURVE('',#2462,#2457,#1121,.T.);
#3188=EDGE_CURVE('',#2454,#2461,#1122,.T.);
#3189=EDGE_CURVE('',#2458,#2463,#1869,.T.);
#3190=EDGE_CURVE('',#2463,#2464,#1123,.T.);
#3191=EDGE_CURVE('',#2464,#2459,#1870,.T.);
#3192=EDGE_CURVE('',#2465,#2463,#1124,.T.);
#3193=EDGE_CURVE('',#2466,#2465,#1125,.T.);
#3194=EDGE_CURVE('',#2464,#2466,#1126,.T.);
#3195=EDGE_CURVE('',#2295,#2467,#2039,.F.);
#3196=EDGE_CURVE('',#2294,#2466,#1871,.T.);
#3197=EDGE_CURVE('',#2467,#2465,#1872,.F.);
#3198=EDGE_CURVE('',#2468,#2469,#1873,.T.);
#3199=EDGE_CURVE('',#2469,#2470,#1127,.T.);
#3200=EDGE_CURVE('',#2470,#2324,#1874,.T.);
#3201=EDGE_CURVE('',#2323,#2468,#2040,.T.);
#3202=EDGE_CURVE('',#2471,#2469,#1128,.T.);
#3203=EDGE_CURVE('',#2472,#2471,#1129,.T.);
#3204=EDGE_CURVE('',#2470,#2472,#1130,.T.);
#3205=EDGE_CURVE('',#2471,#2473,#1875,.T.);
#3206=EDGE_CURVE('',#2473,#2474,#1131,.T.);
#3207=EDGE_CURVE('',#2474,#2472,#1876,.T.);
#3208=EDGE_CURVE('',#2475,#2473,#1877,.T.);
#3209=EDGE_CURVE('',#2476,#2475,#1132,.T.);
#3210=EDGE_CURVE('',#2474,#2476,#1878,.T.);
#3211=EDGE_CURVE('',#2475,#2477,#1879,.T.);
#3212=EDGE_CURVE('',#2477,#2478,#1133,.T.);
#3213=EDGE_CURVE('',#2478,#2476,#1880,.T.);
#3214=EDGE_CURVE('',#2479,#2477,#1134,.T.);
#3215=EDGE_CURVE('',#2480,#2479,#1135,.T.);
#3216=EDGE_CURVE('',#2478,#2480,#1136,.T.);
#3217=EDGE_CURVE('',#2326,#2481,#2041,.F.);
#3218=EDGE_CURVE('',#2325,#2480,#1881,.T.);
#3219=EDGE_CURVE('',#2481,#2479,#1882,.F.);
#3220=EDGE_CURVE('',#2482,#2483,#1883,.T.);
#3221=EDGE_CURVE('',#2483,#2484,#1137,.T.);
#3222=EDGE_CURVE('',#2484,#2328,#1884,.T.);
#3223=EDGE_CURVE('',#2327,#2482,#2042,.T.);
#3224=EDGE_CURVE('',#2485,#2483,#1138,.T.);
#3225=EDGE_CURVE('',#2486,#2485,#1139,.T.);
#3226=EDGE_CURVE('',#2484,#2486,#1140,.T.);
#3227=EDGE_CURVE('',#2485,#2487,#1885,.T.);
#3228=EDGE_CURVE('',#2487,#2488,#1141,.T.);
#3229=EDGE_CURVE('',#2488,#2486,#1886,.T.);
#3230=EDGE_CURVE('',#2489,#2487,#1887,.T.);
#3231=EDGE_CURVE('',#2490,#2489,#1142,.T.);
#3232=EDGE_CURVE('',#2488,#2490,#1888,.T.);
#3233=EDGE_CURVE('',#2489,#2491,#1889,.T.);
#3234=EDGE_CURVE('',#2491,#2492,#1143,.T.);
#3235=EDGE_CURVE('',#2492,#2490,#1890,.T.);
#3236=EDGE_CURVE('',#2493,#2491,#1144,.T.);
#3237=EDGE_CURVE('',#2494,#2493,#1145,.T.);
#3238=EDGE_CURVE('',#2492,#2494,#1146,.T.);
#3239=EDGE_CURVE('',#2330,#2495,#2043,.F.);
#3240=EDGE_CURVE('',#2329,#2494,#1891,.T.);
#3241=EDGE_CURVE('',#2495,#2493,#1892,.F.);
#3242=EDGE_CURVE('',#2496,#2497,#1893,.T.);
#3243=EDGE_CURVE('',#2497,#2498,#1147,.T.);
#3244=EDGE_CURVE('',#2498,#2332,#1894,.T.);
#3245=EDGE_CURVE('',#2331,#2496,#2044,.T.);
#3246=EDGE_CURVE('',#2499,#2497,#1148,.T.);
#3247=EDGE_CURVE('',#2500,#2499,#1149,.T.);
#3248=EDGE_CURVE('',#2498,#2500,#1150,.T.);
#3249=EDGE_CURVE('',#2499,#2501,#1895,.T.);
#3250=EDGE_CURVE('',#2501,#2502,#1151,.T.);
#3251=EDGE_CURVE('',#2502,#2500,#1896,.T.);
#3252=EDGE_CURVE('',#2503,#2501,#1897,.T.);
#3253=EDGE_CURVE('',#2504,#2503,#1152,.T.);
#3254=EDGE_CURVE('',#2502,#2504,#1898,.T.);
#3255=EDGE_CURVE('',#2503,#2505,#1899,.T.);
#3256=EDGE_CURVE('',#2505,#2506,#1153,.T.);
#3257=EDGE_CURVE('',#2506,#2504,#1900,.T.);
#3258=EDGE_CURVE('',#2507,#2505,#1154,.T.);
#3259=EDGE_CURVE('',#2508,#2507,#1155,.T.);
#3260=EDGE_CURVE('',#2506,#2508,#1156,.T.);
#3261=EDGE_CURVE('',#2334,#2509,#2045,.F.);
#3262=EDGE_CURVE('',#2333,#2508,#1901,.T.);
#3263=EDGE_CURVE('',#2509,#2507,#1902,.F.);
#3264=EDGE_CURVE('',#2510,#2511,#1903,.T.);
#3265=EDGE_CURVE('',#2511,#2512,#1157,.T.);
#3266=EDGE_CURVE('',#2512,#2513,#1904,.T.);
#3267=EDGE_CURVE('',#2513,#2510,#1158,.T.);
#3268=EDGE_CURVE('',#2514,#2511,#1905,.T.);
#3269=EDGE_CURVE('',#2515,#2514,#1159,.T.);
#3270=EDGE_CURVE('',#2512,#2515,#1906,.T.);
#3271=EDGE_CURVE('',#2514,#2516,#1907,.T.);
#3272=EDGE_CURVE('',#2516,#2517,#1160,.T.);
#3273=EDGE_CURVE('',#2517,#2515,#1908,.T.);
#3274=EDGE_CURVE('',#2518,#2516,#1161,.T.);
#3275=EDGE_CURVE('',#2519,#2518,#1162,.T.);
#3276=EDGE_CURVE('',#2517,#2519,#1163,.T.);
#3277=EDGE_CURVE('',#2338,#2520,#2046,.F.);
#3278=EDGE_CURVE('',#2337,#2519,#1909,.T.);
#3279=EDGE_CURVE('',#2520,#2518,#1910,.F.);
#3280=EDGE_CURVE('',#2521,#2522,#1911,.T.);
#3281=EDGE_CURVE('',#2522,#2523,#1164,.T.);
#3282=EDGE_CURVE('',#2523,#2336,#1912,.T.);
#3283=EDGE_CURVE('',#2335,#2521,#2047,.T.);
#3284=EDGE_CURVE('',#2523,#2513,#1165,.T.);
#3285=EDGE_CURVE('',#2510,#2522,#1166,.T.);
#3286=EDGE_CURVE('',#2524,#2142,#1167,.T.);
#3287=EDGE_CURVE('',#2524,#2525,#1168,.T.);
#3288=EDGE_CURVE('',#2262,#2525,#1169,.T.);
#3289=EDGE_CURVE('',#2526,#2524,#1913,.T.);
#3290=EDGE_CURVE('',#2526,#2527,#1170,.T.);
#3291=EDGE_CURVE('',#2525,#2527,#1914,.T.);
#3292=EDGE_CURVE('',#2143,#2526,#1171,.T.);
#3293=EDGE_CURVE('',#2527,#2263,#1172,.T.);
#3294=EDGE_CURVE('',#2127,#2528,#1173,.T.);
#3295=EDGE_CURVE('',#2529,#2259,#1174,.T.);
#3296=EDGE_CURVE('',#2528,#2529,#1175,.T.);
#3297=EDGE_CURVE('',#2258,#2530,#1176,.T.);
#3298=EDGE_CURVE('',#2530,#2529,#1915,.T.);
#3299=EDGE_CURVE('',#2528,#2531,#1916,.T.);
#3300=EDGE_CURVE('',#2531,#2530,#1177,.T.);
#3301=EDGE_CURVE('',#2531,#2126,#1178,.T.);
#3302=EDGE_CURVE('',#2532,#2134,#1179,.T.);
#3303=EDGE_CURVE('',#2532,#2533,#1180,.T.);
#3304=EDGE_CURVE('',#2339,#2533,#1181,.T.);
#3305=EDGE_CURVE('',#2534,#2532,#1917,.T.);
#3306=EDGE_CURVE('',#2534,#2535,#1182,.T.);
#3307=EDGE_CURVE('',#2533,#2535,#1918,.T.);
#3308=EDGE_CURVE('',#2135,#2534,#1183,.T.);
#3309=EDGE_CURVE('',#2535,#2340,#1184,.T.);
#3310=EDGE_CURVE('',#2536,#2537,#1919,.T.);
#3311=EDGE_CURVE('',#2536,#2538,#1185,.T.);
#3312=EDGE_CURVE('',#2539,#2538,#1920,.T.);
#3313=EDGE_CURVE('',#2537,#2539,#1186,.T.);
#3314=EDGE_CURVE('',#2537,#2054,#1187,.T.);
#3315=EDGE_CURVE('',#2260,#2539,#1188,.T.);
#3316=EDGE_CURVE('',#2538,#2261,#1189,.T.);
#3317=EDGE_CURVE('',#2119,#2536,#1190,.T.);
#3318=EDGE_CURVE('',#2540,#2541,#1921,.T.);
#3319=EDGE_CURVE('',#2542,#2540,#1191,.T.);
#3320=EDGE_CURVE('',#2543,#2542,#1922,.T.);
#3321=EDGE_CURVE('',#2543,#2541,#1192,.T.);
#3322=EDGE_CURVE('',#2309,#2540,#290,.T.);
#3323=EDGE_CURVE('',#2542,#2120,#1193,.T.);
#3324=EDGE_CURVE('',#2541,#2308,#291,.T.);
#3325=EDGE_CURVE('',#2121,#2543,#1194,.T.);
#3326=EDGE_CURVE('',#2544,#2545,#1923,.T.);
#3327=EDGE_CURVE('',#2544,#2546,#1195,.T.);
#3328=EDGE_CURVE('',#2547,#2546,#1924,.T.);
#3329=EDGE_CURVE('',#2545,#2547,#1196,.T.);
#3330=EDGE_CURVE('',#2545,#2124,#1197,.T.);
#3331=EDGE_CURVE('',#2305,#2547,#292,.T.);
#3332=EDGE_CURVE('',#2125,#2544,#1198,.T.);
#3333=EDGE_CURVE('',#2546,#2304,#293,.T.);
#3334=EDGE_CURVE('',#2548,#2549,#1925,.T.);
#3335=EDGE_CURVE('',#2550,#2548,#1199,.T.);
#3336=EDGE_CURVE('',#2551,#2550,#1926,.T.);
#3337=EDGE_CURVE('',#2551,#2549,#1200,.T.);
#3338=EDGE_CURVE('',#2314,#2548,#294,.T.);
#3339=EDGE_CURVE('',#2550,#2146,#1201,.T.);
#3340=EDGE_CURVE('',#2549,#2313,#295,.T.);
#3341=EDGE_CURVE('',#2147,#2551,#1202,.T.);
#3342=EDGE_CURVE('',#2552,#2553,#1927,.T.);
#3343=EDGE_CURVE('',#2552,#2554,#1203,.T.);
#3344=EDGE_CURVE('',#2555,#2554,#1928,.T.);
#3345=EDGE_CURVE('',#2553,#2555,#1204,.T.);
#3346=EDGE_CURVE('',#2553,#2136,#1205,.T.);
#3347=EDGE_CURVE('',#2322,#2555,#296,.T.);
#3348=EDGE_CURVE('',#2137,#2552,#1206,.T.);
#3349=EDGE_CURVE('',#2554,#2321,#297,.T.);
#3350=EDGE_CURVE('',#2556,#2557,#1929,.T.);
#3351=EDGE_CURVE('',#2558,#2556,#1207,.T.);
#3352=EDGE_CURVE('',#2559,#2558,#1930,.T.);
#3353=EDGE_CURVE('',#2559,#2557,#1208,.T.);
#3354=EDGE_CURVE('',#2303,#2556,#298,.T.);
#3355=EDGE_CURVE('',#2558,#2128,#1209,.T.);
#3356=EDGE_CURVE('',#2557,#2302,#299,.T.);
#3357=EDGE_CURVE('',#2129,#2559,#1210,.T.);
#3358=EDGE_CURVE('',#2560,#2561,#1931,.T.);
#3359=EDGE_CURVE('',#2560,#2562,#1211,.T.);
#3360=EDGE_CURVE('',#2563,#2562,#1932,.T.);
#3361=EDGE_CURVE('',#2561,#2563,#1212,.T.);
#3362=EDGE_CURVE('',#2561,#2138,#1213,.T.);
#3363=EDGE_CURVE('',#2320,#2563,#300,.T.);
#3364=EDGE_CURVE('',#2139,#2560,#1214,.T.);
#3365=EDGE_CURVE('',#2562,#2319,#301,.T.);
#3366=EDGE_CURVE('',#2564,#2565,#1933,.T.);
#3367=EDGE_CURVE('',#2566,#2564,#1215,.T.);
#3368=EDGE_CURVE('',#2567,#2566,#1934,.T.);
#3369=EDGE_CURVE('',#2567,#2565,#1216,.T.);
#3370=EDGE_CURVE('',#2312,#2564,#302,.T.);
#3371=EDGE_CURVE('',#2566,#2148,#1217,.T.);
#3372=EDGE_CURVE('',#2565,#2311,#303,.T.);
#3373=EDGE_CURVE('',#2149,#2567,#1218,.T.);
#3374=EDGE_CURVE('',#2568,#2569,#1935,.T.);
#3375=EDGE_CURVE('',#2568,#2570,#1219,.T.);
#3376=EDGE_CURVE('',#2571,#2570,#1936,.T.);
#3377=EDGE_CURVE('',#2569,#2571,#1220,.T.);
#3378=EDGE_CURVE('',#2569,#2122,#1221,.T.);
#3379=EDGE_CURVE('',#2307,#2571,#304,.T.);
#3380=EDGE_CURVE('',#2123,#2568,#1222,.T.);
#3381=EDGE_CURVE('',#2570,#2306,#305,.T.);
#3382=EDGE_CURVE('',#2572,#2573,#1937,.T.);
#3383=EDGE_CURVE('',#2574,#2572,#1223,.T.);
#3384=EDGE_CURVE('',#2575,#2574,#1938,.T.);
#3385=EDGE_CURVE('',#2575,#2573,#1224,.T.);
#3386=EDGE_CURVE('',#2316,#2572,#306,.T.);
#3387=EDGE_CURVE('',#2574,#2144,#1225,.T.);
#3388=EDGE_CURVE('',#2573,#2315,#307,.T.);
#3389=EDGE_CURVE('',#2145,#2575,#1226,.T.);
#3390=EDGE_CURVE('',#2576,#2577,#1939,.T.);
#3391=EDGE_CURVE('',#2576,#2578,#1227,.T.);
#3392=EDGE_CURVE('',#2579,#2578,#1940,.T.);
#3393=EDGE_CURVE('',#2577,#2579,#1228,.T.);
#3394=EDGE_CURVE('',#2577,#2132,#1229,.T.);
#3395=EDGE_CURVE('',#2299,#2579,#308,.T.);
#3396=EDGE_CURVE('',#2133,#2576,#1230,.T.);
#3397=EDGE_CURVE('',#2578,#2298,#309,.T.);
#3398=EDGE_CURVE('',#2580,#2581,#1941,.T.);
#3399=EDGE_CURVE('',#2582,#2580,#1231,.T.);
#3400=EDGE_CURVE('',#2583,#2582,#1942,.T.);
#3401=EDGE_CURVE('',#2583,#2581,#1232,.T.);
#3402=EDGE_CURVE('',#2301,#2580,#310,.T.);
#3403=EDGE_CURVE('',#2582,#2130,#1233,.T.);
#3404=EDGE_CURVE('',#2581,#2300,#311,.T.);
#3405=EDGE_CURVE('',#2131,#2583,#1234,.T.);
#3406=EDGE_CURVE('',#2584,#2585,#1943,.T.);
#3407=EDGE_CURVE('',#2584,#2586,#1235,.T.);
#3408=EDGE_CURVE('',#2587,#2586,#1944,.T.);
#3409=EDGE_CURVE('',#2585,#2587,#1236,.T.);
#3410=EDGE_CURVE('',#2585,#2140,#1237,.T.);
#3411=EDGE_CURVE('',#2318,#2587,#312,.T.);
#3412=EDGE_CURVE('',#2141,#2584,#1238,.T.);
#3413=EDGE_CURVE('',#2586,#2317,#313,.T.);
#3414=EDGE_CURVE('',#2588,#2588,#1945,.T.);
#3415=EDGE_CURVE('',#2387,#2379,#1946,.T.);
#3416=EDGE_CURVE('',#2376,#2365,#1947,.T.);
#3417=EDGE_CURVE('',#2362,#2520,#1948,.T.);
#3418=EDGE_CURVE('',#2521,#2509,#1949,.T.);
#3419=EDGE_CURVE('',#2496,#2495,#1950,.T.);
#3420=EDGE_CURVE('',#2482,#2481,#1951,.T.);
#3421=EDGE_CURVE('',#2468,#2467,#1952,.T.);
#3422=EDGE_CURVE('',#2460,#2450,#1953,.T.);
#3423=EDGE_CURVE('',#2451,#2436,#1954,.T.);
#3424=EDGE_CURVE('',#2437,#2425,#1955,.T.);
#3425=EDGE_CURVE('',#2422,#2398,#1956,.T.);
#3426=EDGE_CURVE('',#2401,#2384,#1957,.T.);
#3427=EDGE_CURVE('',#2310,#2589,#1239,.T.);
#3428=EDGE_CURVE('',#2589,#2590,#1958,.T.);
#3429=EDGE_CURVE('',#2590,#2589,#1959,.T.);
#3430=EDGE_CURVE('',#2591,#2591,#1960,.T.);
#3431=EDGE_CURVE('',#2591,#2592,#1961,.T.);
#3432=EDGE_CURVE('',#2592,#2593,#1962,.T.);
#3433=EDGE_CURVE('',#2593,#2592,#1963,.T.);
#3434=EDGE_CURVE('',#2594,#2594,#1964,.T.);
#3435=EDGE_CURVE('',#2594,#2593,#1240,.T.);
#3436=EDGE_CURVE('',#2595,#2595,#1965,.T.);
#3437=EDGE_CURVE('',#2596,#2596,#1966,.T.);
#3438=EDGE_CURVE('',#2597,#2597,#1967,.T.);
#3439=EDGE_CURVE('',#2598,#2598,#1968,.T.);
#3440=EDGE_CURVE('',#2599,#2599,#1969,.T.);
#3441=EDGE_CURVE('',#2600,#2600,#1970,.T.);
#3442=EDGE_CURVE('',#2600,#2601,#1241,.T.);
#3443=EDGE_CURVE('',#2601,#2601,#1971,.T.);
#3444=EDGE_CURVE('',#2601,#2599,#1242,.T.);
#3445=EDGE_CURVE('',#2602,#2602,#1972,.T.);
#3446=EDGE_CURVE('',#2602,#2603,#1243,.T.);
#3447=EDGE_CURVE('',#2603,#2603,#1973,.T.);
#3448=EDGE_CURVE('',#2603,#2598,#1244,.T.);
#3449=EDGE_CURVE('',#2604,#2604,#1974,.T.);
#3450=EDGE_CURVE('',#2604,#2605,#1245,.T.);
#3451=EDGE_CURVE('',#2605,#2605,#1975,.T.);
#3452=EDGE_CURVE('',#2605,#2597,#1246,.T.);
#3453=EDGE_CURVE('',#2606,#2606,#1976,.T.);
#3454=EDGE_CURVE('',#2606,#2607,#1247,.T.);
#3455=EDGE_CURVE('',#2607,#2607,#1977,.T.);
#3456=EDGE_CURVE('',#2607,#2596,#1248,.T.);
#3457=EDGE_CURVE('',#2608,#2608,#1978,.T.);
#3458=EDGE_CURVE('',#2590,#2608,#1249,.T.);
#3459=EDGE_CURVE('',#2609,#2609,#1979,.T.);
#3460=EDGE_CURVE('',#2609,#2588,#1250,.T.);
#3461=EDGE_CURVE('',#2595,#2355,#1251,.T.);
#3462=ORIENTED_EDGE('',*,*,#2610,.T.);
#3463=ORIENTED_EDGE('',*,*,#2611,.T.);
#3464=ORIENTED_EDGE('',*,*,#2612,.T.);
#3465=ORIENTED_EDGE('',*,*,#2613,.T.);
#3466=ORIENTED_EDGE('',*,*,#2614,.T.);
#3467=ORIENTED_EDGE('',*,*,#2615,.T.);
#3468=ORIENTED_EDGE('',*,*,#2616,.T.);
#3469=ORIENTED_EDGE('',*,*,#2617,.T.);
#3470=ORIENTED_EDGE('',*,*,#2618,.T.);
#3471=ORIENTED_EDGE('',*,*,#2619,.F.);
#3472=ORIENTED_EDGE('',*,*,#2620,.F.);
#3473=ORIENTED_EDGE('',*,*,#2621,.F.);
#3474=ORIENTED_EDGE('',*,*,#2622,.T.);
#3475=ORIENTED_EDGE('',*,*,#2623,.F.);
#3476=ORIENTED_EDGE('',*,*,#2624,.F.);
#3477=ORIENTED_EDGE('',*,*,#2625,.F.);
#3478=ORIENTED_EDGE('',*,*,#2626,.T.);
#3479=ORIENTED_EDGE('',*,*,#2627,.F.);
#3480=ORIENTED_EDGE('',*,*,#2628,.F.);
#3481=ORIENTED_EDGE('',*,*,#2629,.F.);
#3482=ORIENTED_EDGE('',*,*,#2630,.T.);
#3483=ORIENTED_EDGE('',*,*,#2631,.F.);
#3484=ORIENTED_EDGE('',*,*,#2632,.F.);
#3485=ORIENTED_EDGE('',*,*,#2633,.F.);
#3486=ORIENTED_EDGE('',*,*,#2634,.T.);
#3487=ORIENTED_EDGE('',*,*,#2635,.F.);
#3488=ORIENTED_EDGE('',*,*,#2636,.F.);
#3489=ORIENTED_EDGE('',*,*,#2637,.F.);
#3490=ORIENTED_EDGE('',*,*,#2638,.T.);
#3491=ORIENTED_EDGE('',*,*,#2639,.F.);
#3492=ORIENTED_EDGE('',*,*,#2640,.F.);
#3493=ORIENTED_EDGE('',*,*,#2641,.F.);
#3494=ORIENTED_EDGE('',*,*,#2642,.T.);
#3495=ORIENTED_EDGE('',*,*,#2643,.F.);
#3496=ORIENTED_EDGE('',*,*,#2644,.F.);
#3497=ORIENTED_EDGE('',*,*,#2645,.F.);
#3498=ORIENTED_EDGE('',*,*,#2646,.T.);
#3499=ORIENTED_EDGE('',*,*,#2647,.F.);
#3500=ORIENTED_EDGE('',*,*,#2648,.F.);
#3501=ORIENTED_EDGE('',*,*,#2649,.F.);
#3502=ORIENTED_EDGE('',*,*,#2650,.T.);
#3503=ORIENTED_EDGE('',*,*,#2651,.F.);
#3504=ORIENTED_EDGE('',*,*,#2611,.F.);
#3505=ORIENTED_EDGE('',*,*,#2652,.F.);
#3506=ORIENTED_EDGE('',*,*,#2653,.T.);
#3507=ORIENTED_EDGE('',*,*,#2654,.F.);
#3508=ORIENTED_EDGE('',*,*,#2655,.F.);
#3509=ORIENTED_EDGE('',*,*,#2656,.F.);
#3510=ORIENTED_EDGE('',*,*,#2657,.T.);
#3511=ORIENTED_EDGE('',*,*,#2658,.F.);
#3512=ORIENTED_EDGE('',*,*,#2659,.F.);
#3513=ORIENTED_EDGE('',*,*,#2660,.F.);
#3514=ORIENTED_EDGE('',*,*,#2661,.T.);
#3515=ORIENTED_EDGE('',*,*,#2662,.F.);
#3516=ORIENTED_EDGE('',*,*,#2663,.F.);
#3517=ORIENTED_EDGE('',*,*,#2664,.F.);
#3518=ORIENTED_EDGE('',*,*,#2665,.T.);
#3519=ORIENTED_EDGE('',*,*,#2666,.F.);
#3520=ORIENTED_EDGE('',*,*,#2667,.F.);
#3521=ORIENTED_EDGE('',*,*,#2668,.F.);
#3522=ORIENTED_EDGE('',*,*,#2669,.T.);
#3523=ORIENTED_EDGE('',*,*,#2670,.F.);
#3524=ORIENTED_EDGE('',*,*,#2671,.T.);
#3525=ORIENTED_EDGE('',*,*,#2672,.F.);
#3526=ORIENTED_EDGE('',*,*,#2673,.F.);
#3527=ORIENTED_EDGE('',*,*,#2674,.F.);
#3528=ORIENTED_EDGE('',*,*,#2675,.F.);
#3529=ORIENTED_EDGE('',*,*,#2676,.F.);
#3530=ORIENTED_EDGE('',*,*,#2677,.F.);
#3531=ORIENTED_EDGE('',*,*,#2678,.F.);
#3532=ORIENTED_EDGE('',*,*,#2679,.F.);
#3533=ORIENTED_EDGE('',*,*,#2680,.F.);
#3534=ORIENTED_EDGE('',*,*,#2681,.T.);
#3535=ORIENTED_EDGE('',*,*,#2617,.F.);
#3536=ORIENTED_EDGE('',*,*,#2682,.T.);
#3537=ORIENTED_EDGE('',*,*,#2683,.F.);
#3538=ORIENTED_EDGE('',*,*,#2684,.T.);
#3539=ORIENTED_EDGE('',*,*,#2685,.F.);
#3540=ORIENTED_EDGE('',*,*,#2686,.T.);
#3541=ORIENTED_EDGE('',*,*,#2687,.F.);
#3542=ORIENTED_EDGE('',*,*,#2688,.T.);
#3543=ORIENTED_EDGE('',*,*,#2689,.F.);
#3544=ORIENTED_EDGE('',*,*,#2690,.T.);
#3545=ORIENTED_EDGE('',*,*,#2691,.F.);
#3546=ORIENTED_EDGE('',*,*,#2692,.T.);
#3547=ORIENTED_EDGE('',*,*,#2693,.F.);
#3548=ORIENTED_EDGE('',*,*,#2694,.T.);
#3549=ORIENTED_EDGE('',*,*,#2695,.F.);
#3550=ORIENTED_EDGE('',*,*,#2696,.T.);
#3551=ORIENTED_EDGE('',*,*,#2697,.F.);
#3552=ORIENTED_EDGE('',*,*,#2698,.T.);
#3553=ORIENTED_EDGE('',*,*,#2699,.F.);
#3554=ORIENTED_EDGE('',*,*,#2700,.T.);
#3555=ORIENTED_EDGE('',*,*,#2701,.F.);
#3556=ORIENTED_EDGE('',*,*,#2702,.T.);
#3557=ORIENTED_EDGE('',*,*,#2703,.F.);
#3558=ORIENTED_EDGE('',*,*,#2704,.T.);
#3559=ORIENTED_EDGE('',*,*,#2705,.F.);
#3560=ORIENTED_EDGE('',*,*,#2706,.T.);
#3561=ORIENTED_EDGE('',*,*,#2707,.F.);
#3562=ORIENTED_EDGE('',*,*,#2708,.T.);
#3563=ORIENTED_EDGE('',*,*,#2709,.F.);
#3564=ORIENTED_EDGE('',*,*,#2710,.T.);
#3565=ORIENTED_EDGE('',*,*,#2711,.F.);
#3566=ORIENTED_EDGE('',*,*,#2712,.T.);
#3567=ORIENTED_EDGE('',*,*,#2713,.F.);
#3568=ORIENTED_EDGE('',*,*,#2610,.F.);
#3569=ORIENTED_EDGE('',*,*,#2615,.F.);
#3570=ORIENTED_EDGE('',*,*,#2714,.F.);
#3571=ORIENTED_EDGE('',*,*,#2715,.F.);
#3572=ORIENTED_EDGE('',*,*,#2716,.T.);
#3573=ORIENTED_EDGE('',*,*,#2652,.T.);
#3574=ORIENTED_EDGE('',*,*,#2717,.T.);
#3575=ORIENTED_EDGE('',*,*,#2655,.T.);
#3576=ORIENTED_EDGE('',*,*,#2718,.T.);
#3577=ORIENTED_EDGE('',*,*,#2719,.T.);
#3578=ORIENTED_EDGE('',*,*,#2720,.T.);
#3579=ORIENTED_EDGE('',*,*,#2721,.T.);
#3580=ORIENTED_EDGE('',*,*,#2717,.F.);
#3581=ORIENTED_EDGE('',*,*,#2721,.F.);
#3582=ORIENTED_EDGE('',*,*,#2722,.F.);
#3583=ORIENTED_EDGE('',*,*,#2723,.F.);
#3584=ORIENTED_EDGE('',*,*,#2724,.T.);
#3585=ORIENTED_EDGE('',*,*,#2656,.T.);
#3586=ORIENTED_EDGE('',*,*,#2725,.T.);
#3587=ORIENTED_EDGE('',*,*,#2659,.T.);
#3588=ORIENTED_EDGE('',*,*,#2726,.T.);
#3589=ORIENTED_EDGE('',*,*,#2727,.T.);
#3590=ORIENTED_EDGE('',*,*,#2728,.T.);
#3591=ORIENTED_EDGE('',*,*,#2729,.T.);
#3592=ORIENTED_EDGE('',*,*,#2725,.F.);
#3593=ORIENTED_EDGE('',*,*,#2729,.F.);
#3594=ORIENTED_EDGE('',*,*,#2730,.F.);
#3595=ORIENTED_EDGE('',*,*,#2731,.F.);
#3596=ORIENTED_EDGE('',*,*,#2732,.T.);
#3597=ORIENTED_EDGE('',*,*,#2660,.T.);
#3598=ORIENTED_EDGE('',*,*,#2733,.T.);
#3599=ORIENTED_EDGE('',*,*,#2628,.T.);
#3600=ORIENTED_EDGE('',*,*,#2734,.T.);
#3601=ORIENTED_EDGE('',*,*,#2735,.T.);
#3602=ORIENTED_EDGE('',*,*,#2736,.T.);
#3603=ORIENTED_EDGE('',*,*,#2737,.T.);
#3604=ORIENTED_EDGE('',*,*,#2733,.F.);
#3605=ORIENTED_EDGE('',*,*,#2737,.F.);
#3606=ORIENTED_EDGE('',*,*,#2738,.F.);
#3607=ORIENTED_EDGE('',*,*,#2739,.F.);
#3608=ORIENTED_EDGE('',*,*,#2740,.T.);
#3609=ORIENTED_EDGE('',*,*,#2629,.T.);
#3610=ORIENTED_EDGE('',*,*,#2741,.T.);
#3611=ORIENTED_EDGE('',*,*,#2632,.T.);
#3612=ORIENTED_EDGE('',*,*,#2742,.T.);
#3613=ORIENTED_EDGE('',*,*,#2743,.T.);
#3614=ORIENTED_EDGE('',*,*,#2744,.T.);
#3615=ORIENTED_EDGE('',*,*,#2745,.T.);
#3616=ORIENTED_EDGE('',*,*,#2741,.F.);
#3617=ORIENTED_EDGE('',*,*,#2745,.F.);
#3618=ORIENTED_EDGE('',*,*,#2746,.F.);
#3619=ORIENTED_EDGE('',*,*,#2747,.F.);
#3620=ORIENTED_EDGE('',*,*,#2748,.T.);
#3621=ORIENTED_EDGE('',*,*,#2633,.T.);
#3622=ORIENTED_EDGE('',*,*,#2749,.T.);
#3623=ORIENTED_EDGE('',*,*,#2636,.T.);
#3624=ORIENTED_EDGE('',*,*,#2750,.T.);
#3625=ORIENTED_EDGE('',*,*,#2751,.T.);
#3626=ORIENTED_EDGE('',*,*,#2752,.T.);
#3627=ORIENTED_EDGE('',*,*,#2753,.T.);
#3628=ORIENTED_EDGE('',*,*,#2749,.F.);
#3629=ORIENTED_EDGE('',*,*,#2753,.F.);
#3630=ORIENTED_EDGE('',*,*,#2754,.F.);
#3631=ORIENTED_EDGE('',*,*,#2755,.F.);
#3632=ORIENTED_EDGE('',*,*,#2756,.T.);
#3633=ORIENTED_EDGE('',*,*,#2637,.T.);
#3634=ORIENTED_EDGE('',*,*,#2757,.T.);
#3635=ORIENTED_EDGE('',*,*,#2758,.T.);
#3636=ORIENTED_EDGE('',*,*,#2759,.T.);
#3637=ORIENTED_EDGE('',*,*,#2760,.T.);
#3638=ORIENTED_EDGE('',*,*,#2759,.F.);
#3639=ORIENTED_EDGE('',*,*,#2761,.T.);
#3640=ORIENTED_EDGE('',*,*,#2639,.T.);
#3641=ORIENTED_EDGE('',*,*,#2762,.T.);
#3642=ORIENTED_EDGE('',*,*,#2763,.F.);
#3643=ORIENTED_EDGE('',*,*,#2764,.F.);
#3644=ORIENTED_EDGE('',*,*,#2758,.F.);
#3645=ORIENTED_EDGE('',*,*,#2765,.T.);
#3646=ORIENTED_EDGE('',*,*,#2640,.T.);
#3647=ORIENTED_EDGE('',*,*,#2761,.F.);
#3648=ORIENTED_EDGE('',*,*,#2766,.T.);
#3649=ORIENTED_EDGE('',*,*,#2644,.T.);
#3650=ORIENTED_EDGE('',*,*,#2767,.T.);
#3651=ORIENTED_EDGE('',*,*,#2768,.T.);
#3652=ORIENTED_EDGE('',*,*,#2769,.T.);
#3653=ORIENTED_EDGE('',*,*,#2770,.T.);
#3654=ORIENTED_EDGE('',*,*,#2766,.F.);
#3655=ORIENTED_EDGE('',*,*,#2770,.F.);
#3656=ORIENTED_EDGE('',*,*,#2771,.F.);
#3657=ORIENTED_EDGE('',*,*,#2772,.F.);
#3658=ORIENTED_EDGE('',*,*,#2773,.T.);
#3659=ORIENTED_EDGE('',*,*,#2645,.T.);
#3660=ORIENTED_EDGE('',*,*,#2774,.T.);
#3661=ORIENTED_EDGE('',*,*,#2775,.T.);
#3662=ORIENTED_EDGE('',*,*,#2776,.T.);
#3663=ORIENTED_EDGE('',*,*,#2777,.T.);
#3664=ORIENTED_EDGE('',*,*,#2776,.F.);
#3665=ORIENTED_EDGE('',*,*,#2778,.T.);
#3666=ORIENTED_EDGE('',*,*,#2647,.T.);
#3667=ORIENTED_EDGE('',*,*,#2779,.F.);
#3668=ORIENTED_EDGE('',*,*,#2780,.F.);
#3669=ORIENTED_EDGE('',*,*,#2781,.F.);
#3670=ORIENTED_EDGE('',*,*,#2775,.F.);
#3671=ORIENTED_EDGE('',*,*,#2782,.T.);
#3672=ORIENTED_EDGE('',*,*,#2648,.T.);
#3673=ORIENTED_EDGE('',*,*,#2778,.F.);
#3674=ORIENTED_EDGE('',*,*,#2612,.F.);
#3675=ORIENTED_EDGE('',*,*,#2651,.T.);
#3676=ORIENTED_EDGE('',*,*,#2783,.T.);
#3677=ORIENTED_EDGE('',*,*,#2784,.F.);
#3678=ORIENTED_EDGE('',*,*,#2785,.F.);
#3679=ORIENTED_EDGE('',*,*,#2613,.F.);
#3680=ORIENTED_EDGE('',*,*,#2718,.F.);
#3681=ORIENTED_EDGE('',*,*,#2654,.T.);
#3682=ORIENTED_EDGE('',*,*,#2786,.F.);
#3683=ORIENTED_EDGE('',*,*,#2787,.F.);
#3684=ORIENTED_EDGE('',*,*,#2788,.F.);
#3685=ORIENTED_EDGE('',*,*,#2719,.F.);
#3686=ORIENTED_EDGE('',*,*,#2726,.F.);
#3687=ORIENTED_EDGE('',*,*,#2658,.T.);
#3688=ORIENTED_EDGE('',*,*,#2789,.T.);
#3689=ORIENTED_EDGE('',*,*,#2790,.F.);
#3690=ORIENTED_EDGE('',*,*,#2791,.F.);
#3691=ORIENTED_EDGE('',*,*,#2727,.F.);
#3692=ORIENTED_EDGE('',*,*,#2792,.T.);
#3693=ORIENTED_EDGE('',*,*,#2793,.T.);
#3694=ORIENTED_EDGE('',*,*,#2794,.T.);
#3695=ORIENTED_EDGE('',*,*,#2795,.T.);
#3696=ORIENTED_EDGE('',*,*,#2794,.F.);
#3697=ORIENTED_EDGE('',*,*,#2796,.T.);
#3698=ORIENTED_EDGE('',*,*,#2662,.T.);
#3699=ORIENTED_EDGE('',*,*,#2797,.T.);
#3700=ORIENTED_EDGE('',*,*,#2798,.F.);
#3701=ORIENTED_EDGE('',*,*,#2799,.F.);
#3702=ORIENTED_EDGE('',*,*,#2793,.F.);
#3703=ORIENTED_EDGE('',*,*,#2800,.T.);
#3704=ORIENTED_EDGE('',*,*,#2663,.T.);
#3705=ORIENTED_EDGE('',*,*,#2796,.F.);
#3706=ORIENTED_EDGE('',*,*,#2801,.T.);
#3707=ORIENTED_EDGE('',*,*,#2802,.T.);
#3708=ORIENTED_EDGE('',*,*,#2803,.T.);
#3709=ORIENTED_EDGE('',*,*,#2804,.T.);
#3710=ORIENTED_EDGE('',*,*,#2803,.F.);
#3711=ORIENTED_EDGE('',*,*,#2805,.T.);
#3712=ORIENTED_EDGE('',*,*,#2666,.T.);
#3713=ORIENTED_EDGE('',*,*,#2806,.T.);
#3714=ORIENTED_EDGE('',*,*,#2807,.F.);
#3715=ORIENTED_EDGE('',*,*,#2808,.F.);
#3716=ORIENTED_EDGE('',*,*,#2802,.F.);
#3717=ORIENTED_EDGE('',*,*,#2809,.T.);
#3718=ORIENTED_EDGE('',*,*,#2667,.T.);
#3719=ORIENTED_EDGE('',*,*,#2805,.F.);
#3720=ORIENTED_EDGE('',*,*,#2810,.T.);
#3721=ORIENTED_EDGE('',*,*,#2671,.F.);
#3722=ORIENTED_EDGE('',*,*,#2811,.T.);
#3723=ORIENTED_EDGE('',*,*,#2812,.T.);
#3724=ORIENTED_EDGE('',*,*,#2811,.F.);
#3725=ORIENTED_EDGE('',*,*,#2670,.T.);
#3726=ORIENTED_EDGE('',*,*,#2813,.T.);
#3727=ORIENTED_EDGE('',*,*,#2814,.F.);
#3728=ORIENTED_EDGE('',*,*,#2815,.F.);
#3729=ORIENTED_EDGE('',*,*,#2816,.T.);
#3730=ORIENTED_EDGE('',*,*,#2675,.T.);
#3731=ORIENTED_EDGE('',*,*,#2817,.T.);
#3732=ORIENTED_EDGE('',*,*,#2818,.T.);
#3733=ORIENTED_EDGE('',*,*,#2819,.T.);
#3734=ORIENTED_EDGE('',*,*,#2820,.T.);
#3735=ORIENTED_EDGE('',*,*,#2816,.F.);
#3736=ORIENTED_EDGE('',*,*,#2820,.F.);
#3737=ORIENTED_EDGE('',*,*,#2821,.F.);
#3738=ORIENTED_EDGE('',*,*,#2822,.F.);
#3739=ORIENTED_EDGE('',*,*,#2823,.T.);
#3740=ORIENTED_EDGE('',*,*,#2676,.T.);
#3741=ORIENTED_EDGE('',*,*,#2817,.F.);
#3742=ORIENTED_EDGE('',*,*,#2674,.T.);
#3743=ORIENTED_EDGE('',*,*,#2824,.F.);
#3744=ORIENTED_EDGE('',*,*,#2825,.F.);
#3745=ORIENTED_EDGE('',*,*,#2826,.F.);
#3746=ORIENTED_EDGE('',*,*,#2818,.F.);
#3747=ORIENTED_EDGE('',*,*,#2827,.T.);
#3748=ORIENTED_EDGE('',*,*,#2679,.T.);
#3749=ORIENTED_EDGE('',*,*,#2828,.T.);
#3750=ORIENTED_EDGE('',*,*,#2829,.T.);
#3751=ORIENTED_EDGE('',*,*,#2830,.T.);
#3752=ORIENTED_EDGE('',*,*,#2831,.T.);
#3753=ORIENTED_EDGE('',*,*,#2827,.F.);
#3754=ORIENTED_EDGE('',*,*,#2831,.F.);
#3755=ORIENTED_EDGE('',*,*,#2832,.F.);
#3756=ORIENTED_EDGE('',*,*,#2833,.F.);
#3757=ORIENTED_EDGE('',*,*,#2834,.T.);
#3758=ORIENTED_EDGE('',*,*,#2680,.T.);
#3759=ORIENTED_EDGE('',*,*,#2828,.F.);
#3760=ORIENTED_EDGE('',*,*,#2678,.T.);
#3761=ORIENTED_EDGE('',*,*,#2835,.F.);
#3762=ORIENTED_EDGE('',*,*,#2836,.F.);
#3763=ORIENTED_EDGE('',*,*,#2837,.F.);
#3764=ORIENTED_EDGE('',*,*,#2829,.F.);
#3765=ORIENTED_EDGE('',*,*,#2838,.T.);
#3766=ORIENTED_EDGE('',*,*,#2839,.T.);
#3767=ORIENTED_EDGE('',*,*,#2840,.T.);
#3768=ORIENTED_EDGE('',*,*,#2841,.T.);
#3769=ORIENTED_EDGE('',*,*,#2840,.F.);
#3770=ORIENTED_EDGE('',*,*,#2842,.T.);
#3771=ORIENTED_EDGE('',*,*,#2619,.T.);
#3772=ORIENTED_EDGE('',*,*,#2843,.F.);
#3773=ORIENTED_EDGE('',*,*,#2844,.F.);
#3774=ORIENTED_EDGE('',*,*,#2845,.F.);
#3775=ORIENTED_EDGE('',*,*,#2839,.F.);
#3776=ORIENTED_EDGE('',*,*,#2846,.T.);
#3777=ORIENTED_EDGE('',*,*,#2620,.T.);
#3778=ORIENTED_EDGE('',*,*,#2842,.F.);
#3779=ORIENTED_EDGE('',*,*,#2847,.T.);
#3780=ORIENTED_EDGE('',*,*,#2848,.T.);
#3781=ORIENTED_EDGE('',*,*,#2849,.T.);
#3782=ORIENTED_EDGE('',*,*,#2850,.T.);
#3783=ORIENTED_EDGE('',*,*,#2849,.F.);
#3784=ORIENTED_EDGE('',*,*,#2851,.T.);
#3785=ORIENTED_EDGE('',*,*,#2623,.T.);
#3786=ORIENTED_EDGE('',*,*,#2852,.F.);
#3787=ORIENTED_EDGE('',*,*,#2853,.F.);
#3788=ORIENTED_EDGE('',*,*,#2854,.F.);
#3789=ORIENTED_EDGE('',*,*,#2848,.F.);
#3790=ORIENTED_EDGE('',*,*,#2855,.T.);
#3791=ORIENTED_EDGE('',*,*,#2624,.T.);
#3792=ORIENTED_EDGE('',*,*,#2851,.F.);
#3793=ORIENTED_EDGE('',*,*,#2734,.F.);
#3794=ORIENTED_EDGE('',*,*,#2627,.T.);
#3795=ORIENTED_EDGE('',*,*,#2856,.T.);
#3796=ORIENTED_EDGE('',*,*,#2857,.F.);
#3797=ORIENTED_EDGE('',*,*,#2858,.F.);
#3798=ORIENTED_EDGE('',*,*,#2735,.F.);
#3799=ORIENTED_EDGE('',*,*,#2742,.F.);
#3800=ORIENTED_EDGE('',*,*,#2631,.T.);
#3801=ORIENTED_EDGE('',*,*,#2859,.T.);
#3802=ORIENTED_EDGE('',*,*,#2860,.F.);
#3803=ORIENTED_EDGE('',*,*,#2861,.F.);
#3804=ORIENTED_EDGE('',*,*,#2743,.F.);
#3805=ORIENTED_EDGE('',*,*,#2750,.F.);
#3806=ORIENTED_EDGE('',*,*,#2635,.T.);
#3807=ORIENTED_EDGE('',*,*,#2862,.T.);
#3808=ORIENTED_EDGE('',*,*,#2863,.F.);
#3809=ORIENTED_EDGE('',*,*,#2864,.F.);
#3810=ORIENTED_EDGE('',*,*,#2751,.F.);
#3811=ORIENTED_EDGE('',*,*,#2767,.F.);
#3812=ORIENTED_EDGE('',*,*,#2643,.T.);
#3813=ORIENTED_EDGE('',*,*,#2865,.F.);
#3814=ORIENTED_EDGE('',*,*,#2866,.F.);
#3815=ORIENTED_EDGE('',*,*,#2867,.F.);
#3816=ORIENTED_EDGE('',*,*,#2768,.F.);
#3817=ORIENTED_EDGE('',*,*,#2690,.F.);
#3818=ORIENTED_EDGE('',*,*,#2868,.T.);
#3819=ORIENTED_EDGE('',*,*,#2869,.F.);
#3820=ORIENTED_EDGE('',*,*,#2870,.F.);
#3821=ORIENTED_EDGE('',*,*,#2616,.F.);
#3822=ORIENTED_EDGE('',*,*,#2871,.T.);
#3823=ORIENTED_EDGE('',*,*,#2872,.F.);
#3824=ORIENTED_EDGE('',*,*,#2873,.F.);
#3825=ORIENTED_EDGE('',*,*,#2682,.F.);
#3826=ORIENTED_EDGE('',*,*,#2706,.F.);
#3827=ORIENTED_EDGE('',*,*,#2874,.T.);
#3828=ORIENTED_EDGE('',*,*,#2875,.F.);
#3829=ORIENTED_EDGE('',*,*,#2876,.F.);
#3830=ORIENTED_EDGE('',*,*,#2877,.F.);
#3831=ORIENTED_EDGE('',*,*,#2878,.F.);
#3832=ORIENTED_EDGE('',*,*,#2879,.F.);
#3833=ORIENTED_EDGE('',*,*,#2880,.F.);
#3834=ORIENTED_EDGE('',*,*,#2881,.F.);
#3835=ORIENTED_EDGE('',*,*,#2882,.F.);
#3836=ORIENTED_EDGE('',*,*,#2883,.F.);
#3837=ORIENTED_EDGE('',*,*,#2884,.F.);
#3838=ORIENTED_EDGE('',*,*,#2885,.F.);
#3839=ORIENTED_EDGE('',*,*,#2886,.F.);
#3840=ORIENTED_EDGE('',*,*,#2887,.F.);
#3841=ORIENTED_EDGE('',*,*,#2888,.F.);
#3842=ORIENTED_EDGE('',*,*,#2889,.F.);
#3843=ORIENTED_EDGE('',*,*,#2890,.F.);
#3844=ORIENTED_EDGE('',*,*,#2891,.F.);
#3845=ORIENTED_EDGE('',*,*,#2892,.F.);
#3846=ORIENTED_EDGE('',*,*,#2893,.F.);
#3847=ORIENTED_EDGE('',*,*,#2894,.F.);
#3848=ORIENTED_EDGE('',*,*,#2895,.F.);
#3849=ORIENTED_EDGE('',*,*,#2896,.F.);
#3850=ORIENTED_EDGE('',*,*,#2897,.F.);
#3851=ORIENTED_EDGE('',*,*,#2898,.F.);
#3852=ORIENTED_EDGE('',*,*,#2899,.F.);
#3853=ORIENTED_EDGE('',*,*,#2900,.F.);
#3854=ORIENTED_EDGE('',*,*,#2901,.F.);
#3855=ORIENTED_EDGE('',*,*,#2902,.F.);
#3856=ORIENTED_EDGE('',*,*,#2903,.F.);
#3857=ORIENTED_EDGE('',*,*,#2904,.F.);
#3858=ORIENTED_EDGE('',*,*,#2905,.F.);
#3859=ORIENTED_EDGE('',*,*,#2906,.F.);
#3860=ORIENTED_EDGE('',*,*,#2907,.F.);
#3861=ORIENTED_EDGE('',*,*,#2908,.F.);
#3862=ORIENTED_EDGE('',*,*,#2909,.T.);
#3863=ORIENTED_EDGE('',*,*,#2910,.F.);
#3864=ORIENTED_EDGE('',*,*,#2911,.F.);
#3865=ORIENTED_EDGE('',*,*,#2696,.F.);
#3866=ORIENTED_EDGE('',*,*,#2912,.T.);
#3867=ORIENTED_EDGE('',*,*,#2913,.F.);
#3868=ORIENTED_EDGE('',*,*,#2914,.F.);
#3869=ORIENTED_EDGE('',*,*,#2694,.F.);
#3870=ORIENTED_EDGE('',*,*,#2915,.T.);
#3871=ORIENTED_EDGE('',*,*,#2916,.F.);
#3872=ORIENTED_EDGE('',*,*,#2917,.F.);
#3873=ORIENTED_EDGE('',*,*,#2692,.F.);
#3874=ORIENTED_EDGE('',*,*,#2918,.T.);
#3875=ORIENTED_EDGE('',*,*,#2919,.F.);
#3876=ORIENTED_EDGE('',*,*,#2920,.F.);
#3877=ORIENTED_EDGE('',*,*,#2688,.F.);
#3878=ORIENTED_EDGE('',*,*,#2921,.T.);
#3879=ORIENTED_EDGE('',*,*,#2922,.F.);
#3880=ORIENTED_EDGE('',*,*,#2923,.F.);
#3881=ORIENTED_EDGE('',*,*,#2686,.F.);
#3882=ORIENTED_EDGE('',*,*,#2924,.T.);
#3883=ORIENTED_EDGE('',*,*,#2925,.F.);
#3884=ORIENTED_EDGE('',*,*,#2926,.F.);
#3885=ORIENTED_EDGE('',*,*,#2684,.F.);
#3886=ORIENTED_EDGE('',*,*,#2927,.T.);
#3887=ORIENTED_EDGE('',*,*,#2928,.F.);
#3888=ORIENTED_EDGE('',*,*,#2929,.F.);
#3889=ORIENTED_EDGE('',*,*,#2930,.F.);
#3890=ORIENTED_EDGE('',*,*,#2712,.F.);
#3891=ORIENTED_EDGE('',*,*,#2931,.T.);
#3892=ORIENTED_EDGE('',*,*,#2932,.F.);
#3893=ORIENTED_EDGE('',*,*,#2933,.F.);
#3894=ORIENTED_EDGE('',*,*,#2710,.F.);
#3895=ORIENTED_EDGE('',*,*,#2934,.T.);
#3896=ORIENTED_EDGE('',*,*,#2935,.F.);
#3897=ORIENTED_EDGE('',*,*,#2936,.F.);
#3898=ORIENTED_EDGE('',*,*,#2708,.F.);
#3899=ORIENTED_EDGE('',*,*,#2937,.T.);
#3900=ORIENTED_EDGE('',*,*,#2938,.F.);
#3901=ORIENTED_EDGE('',*,*,#2939,.F.);
#3902=ORIENTED_EDGE('',*,*,#2704,.F.);
#3903=ORIENTED_EDGE('',*,*,#2940,.T.);
#3904=ORIENTED_EDGE('',*,*,#2941,.F.);
#3905=ORIENTED_EDGE('',*,*,#2942,.F.);
#3906=ORIENTED_EDGE('',*,*,#2702,.F.);
#3907=ORIENTED_EDGE('',*,*,#2943,.T.);
#3908=ORIENTED_EDGE('',*,*,#2944,.F.);
#3909=ORIENTED_EDGE('',*,*,#2945,.F.);
#3910=ORIENTED_EDGE('',*,*,#2700,.F.);
#3911=ORIENTED_EDGE('',*,*,#2946,.T.);
#3912=ORIENTED_EDGE('',*,*,#2947,.F.);
#3913=ORIENTED_EDGE('',*,*,#2909,.F.);
#3914=ORIENTED_EDGE('',*,*,#2948,.F.);
#3915=ORIENTED_EDGE('',*,*,#2949,.F.);
#3916=ORIENTED_EDGE('',*,*,#2950,.F.);
#3917=ORIENTED_EDGE('',*,*,#2951,.F.);
#3918=ORIENTED_EDGE('',*,*,#2952,.F.);
#3919=ORIENTED_EDGE('',*,*,#2953,.F.);
#3920=ORIENTED_EDGE('',*,*,#2954,.F.);
#3921=ORIENTED_EDGE('',*,*,#2955,.F.);
#3922=ORIENTED_EDGE('',*,*,#2956,.F.);
#3923=ORIENTED_EDGE('',*,*,#2957,.F.);
#3924=ORIENTED_EDGE('',*,*,#2958,.F.);
#3925=ORIENTED_EDGE('',*,*,#2959,.F.);
#3926=ORIENTED_EDGE('',*,*,#2960,.F.);
#3927=ORIENTED_EDGE('',*,*,#2961,.F.);
#3928=ORIENTED_EDGE('',*,*,#2962,.F.);
#3929=ORIENTED_EDGE('',*,*,#2963,.F.);
#3930=ORIENTED_EDGE('',*,*,#2964,.F.);
#3931=ORIENTED_EDGE('',*,*,#2698,.F.);
#3932=ORIENTED_EDGE('',*,*,#2965,.T.);
#3933=ORIENTED_EDGE('',*,*,#2966,.F.);
#3934=ORIENTED_EDGE('',*,*,#2967,.F.);
#3935=ORIENTED_EDGE('',*,*,#2724,.F.);
#3936=ORIENTED_EDGE('',*,*,#2968,.F.);
#3937=ORIENTED_EDGE('',*,*,#2789,.F.);
#3938=ORIENTED_EDGE('',*,*,#2657,.F.);
#3939=ORIENTED_EDGE('',*,*,#2969,.F.);
#3940=ORIENTED_EDGE('',*,*,#2970,.F.);
#3941=ORIENTED_EDGE('',*,*,#2783,.F.);
#3942=ORIENTED_EDGE('',*,*,#2650,.F.);
#3943=ORIENTED_EDGE('',*,*,#2774,.F.);
#3944=ORIENTED_EDGE('',*,*,#2971,.F.);
#3945=ORIENTED_EDGE('',*,*,#2972,.F.);
#3946=ORIENTED_EDGE('',*,*,#2969,.T.);
#3947=ORIENTED_EDGE('',*,*,#2649,.T.);
#3948=ORIENTED_EDGE('',*,*,#2782,.F.);
#3949=ORIENTED_EDGE('',*,*,#2792,.F.);
#3950=ORIENTED_EDGE('',*,*,#2973,.F.);
#3951=ORIENTED_EDGE('',*,*,#2974,.F.);
#3952=ORIENTED_EDGE('',*,*,#2975,.T.);
#3953=ORIENTED_EDGE('',*,*,#2664,.T.);
#3954=ORIENTED_EDGE('',*,*,#2800,.F.);
#3955=ORIENTED_EDGE('',*,*,#2975,.F.);
#3956=ORIENTED_EDGE('',*,*,#2976,.F.);
#3957=ORIENTED_EDGE('',*,*,#2806,.F.);
#3958=ORIENTED_EDGE('',*,*,#2665,.F.);
#3959=ORIENTED_EDGE('',*,*,#2834,.F.);
#3960=ORIENTED_EDGE('',*,*,#2977,.F.);
#3961=ORIENTED_EDGE('',*,*,#2843,.T.);
#3962=ORIENTED_EDGE('',*,*,#2618,.F.);
#3963=ORIENTED_EDGE('',*,*,#2681,.F.);
#3964=ORIENTED_EDGE('',*,*,#2748,.F.);
#3965=ORIENTED_EDGE('',*,*,#2978,.F.);
#3966=ORIENTED_EDGE('',*,*,#2862,.F.);
#3967=ORIENTED_EDGE('',*,*,#2634,.F.);
#3968=ORIENTED_EDGE('',*,*,#2773,.F.);
#3969=ORIENTED_EDGE('',*,*,#2979,.F.);
#3970=ORIENTED_EDGE('',*,*,#2779,.T.);
#3971=ORIENTED_EDGE('',*,*,#2646,.F.);
#3972=ORIENTED_EDGE('',*,*,#2740,.F.);
#3973=ORIENTED_EDGE('',*,*,#2980,.F.);
#3974=ORIENTED_EDGE('',*,*,#2859,.F.);
#3975=ORIENTED_EDGE('',*,*,#2630,.F.);
#3976=ORIENTED_EDGE('',*,*,#2823,.F.);
#3977=ORIENTED_EDGE('',*,*,#2981,.F.);
#3978=ORIENTED_EDGE('',*,*,#2835,.T.);
#3979=ORIENTED_EDGE('',*,*,#2677,.T.);
#3980=ORIENTED_EDGE('',*,*,#2732,.F.);
#3981=ORIENTED_EDGE('',*,*,#2982,.F.);
#3982=ORIENTED_EDGE('',*,*,#2797,.F.);
#3983=ORIENTED_EDGE('',*,*,#2661,.F.);
#3984=ORIENTED_EDGE('',*,*,#2716,.F.);
#3985=ORIENTED_EDGE('',*,*,#2983,.F.);
#3986=ORIENTED_EDGE('',*,*,#2786,.T.);
#3987=ORIENTED_EDGE('',*,*,#2653,.F.);
#3988=ORIENTED_EDGE('',*,*,#2801,.F.);
#3989=ORIENTED_EDGE('',*,*,#2984,.F.);
#3990=ORIENTED_EDGE('',*,*,#2985,.F.);
#3991=ORIENTED_EDGE('',*,*,#2986,.T.);
#3992=ORIENTED_EDGE('',*,*,#2668,.T.);
#3993=ORIENTED_EDGE('',*,*,#2809,.F.);
#3994=ORIENTED_EDGE('',*,*,#2986,.F.);
#3995=ORIENTED_EDGE('',*,*,#2987,.F.);
#3996=ORIENTED_EDGE('',*,*,#2813,.F.);
#3997=ORIENTED_EDGE('',*,*,#2669,.F.);
#3998=ORIENTED_EDGE('',*,*,#2988,.F.);
#3999=ORIENTED_EDGE('',*,*,#2989,.F.);
#4000=ORIENTED_EDGE('',*,*,#2852,.T.);
#4001=ORIENTED_EDGE('',*,*,#2622,.F.);
#4002=ORIENTED_EDGE('',*,*,#2838,.F.);
#4003=ORIENTED_EDGE('',*,*,#2990,.F.);
#4004=ORIENTED_EDGE('',*,*,#2991,.F.);
#4005=ORIENTED_EDGE('',*,*,#2988,.T.);
#4006=ORIENTED_EDGE('',*,*,#2621,.T.);
#4007=ORIENTED_EDGE('',*,*,#2846,.F.);
#4008=ORIENTED_EDGE('',*,*,#2756,.F.);
#4009=ORIENTED_EDGE('',*,*,#2992,.F.);
#4010=ORIENTED_EDGE('',*,*,#2762,.F.);
#4011=ORIENTED_EDGE('',*,*,#2638,.F.);
#4012=ORIENTED_EDGE('',*,*,#2993,.F.);
#4013=ORIENTED_EDGE('',*,*,#2994,.F.);
#4014=ORIENTED_EDGE('',*,*,#2865,.T.);
#4015=ORIENTED_EDGE('',*,*,#2642,.F.);
#4016=ORIENTED_EDGE('',*,*,#2757,.F.);
#4017=ORIENTED_EDGE('',*,*,#2995,.F.);
#4018=ORIENTED_EDGE('',*,*,#2996,.F.);
#4019=ORIENTED_EDGE('',*,*,#2993,.T.);
#4020=ORIENTED_EDGE('',*,*,#2641,.T.);
#4021=ORIENTED_EDGE('',*,*,#2765,.F.);
#4022=ORIENTED_EDGE('',*,*,#2847,.F.);
#4023=ORIENTED_EDGE('',*,*,#2997,.F.);
#4024=ORIENTED_EDGE('',*,*,#2998,.F.);
#4025=ORIENTED_EDGE('',*,*,#2999,.T.);
#4026=ORIENTED_EDGE('',*,*,#2625,.T.);
#4027=ORIENTED_EDGE('',*,*,#2855,.F.);
#4028=ORIENTED_EDGE('',*,*,#2999,.F.);
#4029=ORIENTED_EDGE('',*,*,#3000,.F.);
#4030=ORIENTED_EDGE('',*,*,#2856,.F.);
#4031=ORIENTED_EDGE('',*,*,#2626,.F.);
#4032=ORIENTED_EDGE('',*,*,#3001,.F.);
#4033=ORIENTED_EDGE('',*,*,#3002,.F.);
#4034=ORIENTED_EDGE('',*,*,#2824,.T.);
#4035=ORIENTED_EDGE('',*,*,#2673,.T.);
#4036=ORIENTED_EDGE('',*,*,#2810,.F.);
#4037=ORIENTED_EDGE('',*,*,#3003,.F.);
#4038=ORIENTED_EDGE('',*,*,#3004,.F.);
#4039=ORIENTED_EDGE('',*,*,#3001,.T.);
#4040=ORIENTED_EDGE('',*,*,#2672,.T.);
#4041=ORIENTED_EDGE('',*,*,#2850,.F.);
#4042=ORIENTED_EDGE('',*,*,#2854,.T.);
#4043=ORIENTED_EDGE('',*,*,#3005,.T.);
#4044=ORIENTED_EDGE('',*,*,#2997,.T.);
#4045=ORIENTED_EDGE('',*,*,#2760,.F.);
#4046=ORIENTED_EDGE('',*,*,#2764,.T.);
#4047=ORIENTED_EDGE('',*,*,#3006,.T.);
#4048=ORIENTED_EDGE('',*,*,#2995,.T.);
#4049=ORIENTED_EDGE('',*,*,#2841,.F.);
#4050=ORIENTED_EDGE('',*,*,#2845,.T.);
#4051=ORIENTED_EDGE('',*,*,#3007,.T.);
#4052=ORIENTED_EDGE('',*,*,#2990,.T.);
#4053=ORIENTED_EDGE('',*,*,#2812,.F.);
#4054=ORIENTED_EDGE('',*,*,#2815,.T.);
#4055=ORIENTED_EDGE('',*,*,#3008,.T.);
#4056=ORIENTED_EDGE('',*,*,#3003,.T.);
#4057=ORIENTED_EDGE('',*,*,#2614,.F.);
#4058=ORIENTED_EDGE('',*,*,#2785,.T.);
#4059=ORIENTED_EDGE('',*,*,#3009,.T.);
#4060=ORIENTED_EDGE('',*,*,#2714,.T.);
#4061=ORIENTED_EDGE('',*,*,#2819,.F.);
#4062=ORIENTED_EDGE('',*,*,#2826,.T.);
#4063=ORIENTED_EDGE('',*,*,#3010,.T.);
#4064=ORIENTED_EDGE('',*,*,#2821,.T.);
#4065=ORIENTED_EDGE('',*,*,#2736,.F.);
#4066=ORIENTED_EDGE('',*,*,#2858,.T.);
#4067=ORIENTED_EDGE('',*,*,#3011,.T.);
#4068=ORIENTED_EDGE('',*,*,#2738,.T.);
#4069=ORIENTED_EDGE('',*,*,#2769,.F.);
#4070=ORIENTED_EDGE('',*,*,#2867,.T.);
#4071=ORIENTED_EDGE('',*,*,#3012,.T.);
#4072=ORIENTED_EDGE('',*,*,#2771,.T.);
#4073=ORIENTED_EDGE('',*,*,#2744,.F.);
#4074=ORIENTED_EDGE('',*,*,#2861,.T.);
#4075=ORIENTED_EDGE('',*,*,#3013,.T.);
#4076=ORIENTED_EDGE('',*,*,#2746,.T.);
#4077=ORIENTED_EDGE('',*,*,#2752,.F.);
#4078=ORIENTED_EDGE('',*,*,#2864,.T.);
#4079=ORIENTED_EDGE('',*,*,#3014,.T.);
#4080=ORIENTED_EDGE('',*,*,#2754,.T.);
#4081=ORIENTED_EDGE('',*,*,#2830,.F.);
#4082=ORIENTED_EDGE('',*,*,#2837,.T.);
#4083=ORIENTED_EDGE('',*,*,#3015,.T.);
#4084=ORIENTED_EDGE('',*,*,#2832,.T.);
#4085=ORIENTED_EDGE('',*,*,#2795,.F.);
#4086=ORIENTED_EDGE('',*,*,#2799,.T.);
#4087=ORIENTED_EDGE('',*,*,#3016,.T.);
#4088=ORIENTED_EDGE('',*,*,#2973,.T.);
#4089=ORIENTED_EDGE('',*,*,#2804,.F.);
#4090=ORIENTED_EDGE('',*,*,#2808,.T.);
#4091=ORIENTED_EDGE('',*,*,#3017,.T.);
#4092=ORIENTED_EDGE('',*,*,#2984,.T.);
#4093=ORIENTED_EDGE('',*,*,#2777,.F.);
#4094=ORIENTED_EDGE('',*,*,#2781,.T.);
#4095=ORIENTED_EDGE('',*,*,#3018,.T.);
#4096=ORIENTED_EDGE('',*,*,#2971,.T.);
#4097=ORIENTED_EDGE('',*,*,#2720,.F.);
#4098=ORIENTED_EDGE('',*,*,#2788,.T.);
#4099=ORIENTED_EDGE('',*,*,#3019,.T.);
#4100=ORIENTED_EDGE('',*,*,#2722,.T.);
#4101=ORIENTED_EDGE('',*,*,#2728,.F.);
#4102=ORIENTED_EDGE('',*,*,#2791,.T.);
#4103=ORIENTED_EDGE('',*,*,#3020,.T.);
#4104=ORIENTED_EDGE('',*,*,#2730,.T.);
#4105=ORIENTED_EDGE('',*,*,#2790,.T.);
#4106=ORIENTED_EDGE('',*,*,#2968,.T.);
#4107=ORIENTED_EDGE('',*,*,#2723,.T.);
#4108=ORIENTED_EDGE('',*,*,#3019,.F.);
#4109=ORIENTED_EDGE('',*,*,#2787,.T.);
#4110=ORIENTED_EDGE('',*,*,#2983,.T.);
#4111=ORIENTED_EDGE('',*,*,#2715,.T.);
#4112=ORIENTED_EDGE('',*,*,#3009,.F.);
#4113=ORIENTED_EDGE('',*,*,#2784,.T.);
#4114=ORIENTED_EDGE('',*,*,#2970,.T.);
#4115=ORIENTED_EDGE('',*,*,#2972,.T.);
#4116=ORIENTED_EDGE('',*,*,#3018,.F.);
#4117=ORIENTED_EDGE('',*,*,#2780,.T.);
#4118=ORIENTED_EDGE('',*,*,#2979,.T.);
#4119=ORIENTED_EDGE('',*,*,#2772,.T.);
#4120=ORIENTED_EDGE('',*,*,#3012,.F.);
#4121=ORIENTED_EDGE('',*,*,#2866,.T.);
#4122=ORIENTED_EDGE('',*,*,#2994,.T.);
#4123=ORIENTED_EDGE('',*,*,#2996,.T.);
#4124=ORIENTED_EDGE('',*,*,#3006,.F.);
#4125=ORIENTED_EDGE('',*,*,#2763,.T.);
#4126=ORIENTED_EDGE('',*,*,#2992,.T.);
#4127=ORIENTED_EDGE('',*,*,#2755,.T.);
#4128=ORIENTED_EDGE('',*,*,#3014,.F.);
#4129=ORIENTED_EDGE('',*,*,#2863,.T.);
#4130=ORIENTED_EDGE('',*,*,#2978,.T.);
#4131=ORIENTED_EDGE('',*,*,#2747,.T.);
#4132=ORIENTED_EDGE('',*,*,#3013,.F.);
#4133=ORIENTED_EDGE('',*,*,#2860,.T.);
#4134=ORIENTED_EDGE('',*,*,#2980,.T.);
#4135=ORIENTED_EDGE('',*,*,#2739,.T.);
#4136=ORIENTED_EDGE('',*,*,#3011,.F.);
#4137=ORIENTED_EDGE('',*,*,#2857,.T.);
#4138=ORIENTED_EDGE('',*,*,#3000,.T.);
#4139=ORIENTED_EDGE('',*,*,#2998,.T.);
#4140=ORIENTED_EDGE('',*,*,#3005,.F.);
#4141=ORIENTED_EDGE('',*,*,#2853,.T.);
#4142=ORIENTED_EDGE('',*,*,#2989,.T.);
#4143=ORIENTED_EDGE('',*,*,#2991,.T.);
#4144=ORIENTED_EDGE('',*,*,#3007,.F.);
#4145=ORIENTED_EDGE('',*,*,#2844,.T.);
#4146=ORIENTED_EDGE('',*,*,#2977,.T.);
#4147=ORIENTED_EDGE('',*,*,#2833,.T.);
#4148=ORIENTED_EDGE('',*,*,#3015,.F.);
#4149=ORIENTED_EDGE('',*,*,#2836,.T.);
#4150=ORIENTED_EDGE('',*,*,#2981,.T.);
#4151=ORIENTED_EDGE('',*,*,#2822,.T.);
#4152=ORIENTED_EDGE('',*,*,#3010,.F.);
#4153=ORIENTED_EDGE('',*,*,#2825,.T.);
#4154=ORIENTED_EDGE('',*,*,#3002,.T.);
#4155=ORIENTED_EDGE('',*,*,#3004,.T.);
#4156=ORIENTED_EDGE('',*,*,#3008,.F.);
#4157=ORIENTED_EDGE('',*,*,#2814,.T.);
#4158=ORIENTED_EDGE('',*,*,#2987,.T.);
#4159=ORIENTED_EDGE('',*,*,#2985,.T.);
#4160=ORIENTED_EDGE('',*,*,#3017,.F.);
#4161=ORIENTED_EDGE('',*,*,#2807,.T.);
#4162=ORIENTED_EDGE('',*,*,#2976,.T.);
#4163=ORIENTED_EDGE('',*,*,#2974,.T.);
#4164=ORIENTED_EDGE('',*,*,#3016,.F.);
#4165=ORIENTED_EDGE('',*,*,#2798,.T.);
#4166=ORIENTED_EDGE('',*,*,#2982,.T.);
#4167=ORIENTED_EDGE('',*,*,#2731,.T.);
#4168=ORIENTED_EDGE('',*,*,#3020,.F.);
#4169=ORIENTED_EDGE('',*,*,#3021,.T.);
#4170=ORIENTED_EDGE('',*,*,#3022,.T.);
#4171=ORIENTED_EDGE('',*,*,#3023,.T.);
#4172=ORIENTED_EDGE('',*,*,#3024,.T.);
#4173=ORIENTED_EDGE('',*,*,#3025,.T.);
#4174=ORIENTED_EDGE('',*,*,#3023,.F.);
#4175=ORIENTED_EDGE('',*,*,#3026,.F.);
#4176=ORIENTED_EDGE('',*,*,#3027,.F.);
#4177=ORIENTED_EDGE('',*,*,#3028,.F.);
#4178=ORIENTED_EDGE('',*,*,#3029,.T.);
#4179=ORIENTED_EDGE('',*,*,#3030,.T.);
#4180=ORIENTED_EDGE('',*,*,#3031,.T.);
#4181=ORIENTED_EDGE('',*,*,#2877,.T.);
#4182=ORIENTED_EDGE('',*,*,#3032,.T.);
#4183=ORIENTED_EDGE('',*,*,#3025,.F.);
#4184=ORIENTED_EDGE('',*,*,#3033,.F.);
#4185=ORIENTED_EDGE('',*,*,#3030,.F.);
#4186=ORIENTED_EDGE('',*,*,#3034,.F.);
#4187=ORIENTED_EDGE('',*,*,#3035,.F.);
#4188=ORIENTED_EDGE('',*,*,#2879,.T.);
#4189=ORIENTED_EDGE('',*,*,#3036,.T.);
#4190=ORIENTED_EDGE('',*,*,#3037,.T.);
#4191=ORIENTED_EDGE('',*,*,#3038,.F.);
#4192=ORIENTED_EDGE('',*,*,#3039,.T.);
#4193=ORIENTED_EDGE('',*,*,#3040,.T.);
#4194=ORIENTED_EDGE('',*,*,#3041,.T.);
#4195=ORIENTED_EDGE('',*,*,#3027,.T.);
#4196=ORIENTED_EDGE('',*,*,#3037,.F.);
#4197=ORIENTED_EDGE('',*,*,#3042,.F.);
#4198=ORIENTED_EDGE('',*,*,#3040,.F.);
#4199=ORIENTED_EDGE('',*,*,#3043,.F.);
#4200=ORIENTED_EDGE('',*,*,#3044,.T.);
#4201=ORIENTED_EDGE('',*,*,#3045,.T.);
#4202=ORIENTED_EDGE('',*,*,#3046,.T.);
#4203=ORIENTED_EDGE('',*,*,#3047,.T.);
#4204=ORIENTED_EDGE('',*,*,#3045,.F.);
#4205=ORIENTED_EDGE('',*,*,#3048,.F.);
#4206=ORIENTED_EDGE('',*,*,#3049,.F.);
#4207=ORIENTED_EDGE('',*,*,#3050,.F.);
#4208=ORIENTED_EDGE('',*,*,#3051,.T.);
#4209=ORIENTED_EDGE('',*,*,#3052,.T.);
#4210=ORIENTED_EDGE('',*,*,#3053,.T.);
#4211=ORIENTED_EDGE('',*,*,#2881,.T.);
#4212=ORIENTED_EDGE('',*,*,#3054,.T.);
#4213=ORIENTED_EDGE('',*,*,#3047,.F.);
#4214=ORIENTED_EDGE('',*,*,#3055,.F.);
#4215=ORIENTED_EDGE('',*,*,#3052,.F.);
#4216=ORIENTED_EDGE('',*,*,#3056,.F.);
#4217=ORIENTED_EDGE('',*,*,#3057,.F.);
#4218=ORIENTED_EDGE('',*,*,#2883,.T.);
#4219=ORIENTED_EDGE('',*,*,#3058,.T.);
#4220=ORIENTED_EDGE('',*,*,#3059,.T.);
#4221=ORIENTED_EDGE('',*,*,#3060,.F.);
#4222=ORIENTED_EDGE('',*,*,#3061,.T.);
#4223=ORIENTED_EDGE('',*,*,#3062,.T.);
#4224=ORIENTED_EDGE('',*,*,#3063,.T.);
#4225=ORIENTED_EDGE('',*,*,#3049,.T.);
#4226=ORIENTED_EDGE('',*,*,#3059,.F.);
#4227=ORIENTED_EDGE('',*,*,#3064,.F.);
#4228=ORIENTED_EDGE('',*,*,#3062,.F.);
#4229=ORIENTED_EDGE('',*,*,#3065,.F.);
#4230=ORIENTED_EDGE('',*,*,#3066,.F.);
#4231=ORIENTED_EDGE('',*,*,#2887,.T.);
#4232=ORIENTED_EDGE('',*,*,#3067,.T.);
#4233=ORIENTED_EDGE('',*,*,#3068,.T.);
#4234=ORIENTED_EDGE('',*,*,#3069,.F.);
#4235=ORIENTED_EDGE('',*,*,#3070,.T.);
#4236=ORIENTED_EDGE('',*,*,#3071,.T.);
#4237=ORIENTED_EDGE('',*,*,#3072,.T.);
#4238=ORIENTED_EDGE('',*,*,#2885,.T.);
#4239=ORIENTED_EDGE('',*,*,#3073,.T.);
#4240=ORIENTED_EDGE('',*,*,#3071,.F.);
#4241=ORIENTED_EDGE('',*,*,#3074,.F.);
#4242=ORIENTED_EDGE('',*,*,#3075,.F.);
#4243=ORIENTED_EDGE('',*,*,#3076,.F.);
#4244=ORIENTED_EDGE('',*,*,#3077,.T.);
#4245=ORIENTED_EDGE('',*,*,#3078,.T.);
#4246=ORIENTED_EDGE('',*,*,#3079,.T.);
#4247=ORIENTED_EDGE('',*,*,#3075,.T.);
#4248=ORIENTED_EDGE('',*,*,#3078,.F.);
#4249=ORIENTED_EDGE('',*,*,#3080,.F.);
#4250=ORIENTED_EDGE('',*,*,#3081,.F.);
#4251=ORIENTED_EDGE('',*,*,#3082,.F.);
#4252=ORIENTED_EDGE('',*,*,#3083,.T.);
#4253=ORIENTED_EDGE('',*,*,#3084,.T.);
#4254=ORIENTED_EDGE('',*,*,#3085,.T.);
#4255=ORIENTED_EDGE('',*,*,#3081,.T.);
#4256=ORIENTED_EDGE('',*,*,#3068,.F.);
#4257=ORIENTED_EDGE('',*,*,#3086,.F.);
#4258=ORIENTED_EDGE('',*,*,#3084,.F.);
#4259=ORIENTED_EDGE('',*,*,#3087,.F.);
#4260=ORIENTED_EDGE('',*,*,#3088,.F.);
#4261=ORIENTED_EDGE('',*,*,#2891,.T.);
#4262=ORIENTED_EDGE('',*,*,#3089,.T.);
#4263=ORIENTED_EDGE('',*,*,#3090,.T.);
#4264=ORIENTED_EDGE('',*,*,#3091,.F.);
#4265=ORIENTED_EDGE('',*,*,#3092,.T.);
#4266=ORIENTED_EDGE('',*,*,#3093,.T.);
#4267=ORIENTED_EDGE('',*,*,#3094,.T.);
#4268=ORIENTED_EDGE('',*,*,#2889,.T.);
#4269=ORIENTED_EDGE('',*,*,#3095,.T.);
#4270=ORIENTED_EDGE('',*,*,#3093,.F.);
#4271=ORIENTED_EDGE('',*,*,#3096,.F.);
#4272=ORIENTED_EDGE('',*,*,#3097,.F.);
#4273=ORIENTED_EDGE('',*,*,#3098,.F.);
#4274=ORIENTED_EDGE('',*,*,#3099,.T.);
#4275=ORIENTED_EDGE('',*,*,#3100,.T.);
#4276=ORIENTED_EDGE('',*,*,#3101,.T.);
#4277=ORIENTED_EDGE('',*,*,#3097,.T.);
#4278=ORIENTED_EDGE('',*,*,#3100,.F.);
#4279=ORIENTED_EDGE('',*,*,#3102,.F.);
#4280=ORIENTED_EDGE('',*,*,#3103,.F.);
#4281=ORIENTED_EDGE('',*,*,#3104,.F.);
#4282=ORIENTED_EDGE('',*,*,#3105,.T.);
#4283=ORIENTED_EDGE('',*,*,#3106,.T.);
#4284=ORIENTED_EDGE('',*,*,#3107,.T.);
#4285=ORIENTED_EDGE('',*,*,#3103,.T.);
#4286=ORIENTED_EDGE('',*,*,#3090,.F.);
#4287=ORIENTED_EDGE('',*,*,#3108,.F.);
#4288=ORIENTED_EDGE('',*,*,#3106,.F.);
#4289=ORIENTED_EDGE('',*,*,#3109,.F.);
#4290=ORIENTED_EDGE('',*,*,#3110,.T.);
#4291=ORIENTED_EDGE('',*,*,#3111,.T.);
#4292=ORIENTED_EDGE('',*,*,#3112,.T.);
#4293=ORIENTED_EDGE('',*,*,#3113,.T.);
#4294=ORIENTED_EDGE('',*,*,#3111,.F.);
#4295=ORIENTED_EDGE('',*,*,#3114,.F.);
#4296=ORIENTED_EDGE('',*,*,#3115,.F.);
#4297=ORIENTED_EDGE('',*,*,#3116,.F.);
#4298=ORIENTED_EDGE('',*,*,#3117,.T.);
#4299=ORIENTED_EDGE('',*,*,#3118,.T.);
#4300=ORIENTED_EDGE('',*,*,#3119,.T.);
#4301=ORIENTED_EDGE('',*,*,#3120,.T.);
#4302=ORIENTED_EDGE('',*,*,#3113,.F.);
#4303=ORIENTED_EDGE('',*,*,#3121,.F.);
#4304=ORIENTED_EDGE('',*,*,#3118,.F.);
#4305=ORIENTED_EDGE('',*,*,#3122,.F.);
#4306=ORIENTED_EDGE('',*,*,#3123,.T.);
#4307=ORIENTED_EDGE('',*,*,#3124,.T.);
#4308=ORIENTED_EDGE('',*,*,#3125,.T.);
#4309=ORIENTED_EDGE('',*,*,#2893,.T.);
#4310=ORIENTED_EDGE('',*,*,#3126,.T.);
#4311=ORIENTED_EDGE('',*,*,#3120,.F.);
#4312=ORIENTED_EDGE('',*,*,#3127,.F.);
#4313=ORIENTED_EDGE('',*,*,#3124,.F.);
#4314=ORIENTED_EDGE('',*,*,#3128,.F.);
#4315=ORIENTED_EDGE('',*,*,#3129,.F.);
#4316=ORIENTED_EDGE('',*,*,#2895,.T.);
#4317=ORIENTED_EDGE('',*,*,#3130,.T.);
#4318=ORIENTED_EDGE('',*,*,#3115,.T.);
#4319=ORIENTED_EDGE('',*,*,#3131,.F.);
#4320=ORIENTED_EDGE('',*,*,#3132,.T.);
#4321=ORIENTED_EDGE('',*,*,#3133,.T.);
#4322=ORIENTED_EDGE('',*,*,#3134,.T.);
#4323=ORIENTED_EDGE('',*,*,#3135,.T.);
#4324=ORIENTED_EDGE('',*,*,#3133,.F.);
#4325=ORIENTED_EDGE('',*,*,#3136,.F.);
#4326=ORIENTED_EDGE('',*,*,#3137,.F.);
#4327=ORIENTED_EDGE('',*,*,#3138,.F.);
#4328=ORIENTED_EDGE('',*,*,#3139,.T.);
#4329=ORIENTED_EDGE('',*,*,#3140,.T.);
#4330=ORIENTED_EDGE('',*,*,#3141,.T.);
#4331=ORIENTED_EDGE('',*,*,#3137,.T.);
#4332=ORIENTED_EDGE('',*,*,#3140,.F.);
#4333=ORIENTED_EDGE('',*,*,#3142,.F.);
#4334=ORIENTED_EDGE('',*,*,#3143,.F.);
#4335=ORIENTED_EDGE('',*,*,#3144,.F.);
#4336=ORIENTED_EDGE('',*,*,#3145,.F.);
#4337=ORIENTED_EDGE('',*,*,#2899,.T.);
#4338=ORIENTED_EDGE('',*,*,#3146,.T.);
#4339=ORIENTED_EDGE('',*,*,#3143,.T.);
#4340=ORIENTED_EDGE('',*,*,#3147,.F.);
#4341=ORIENTED_EDGE('',*,*,#3148,.T.);
#4342=ORIENTED_EDGE('',*,*,#3149,.T.);
#4343=ORIENTED_EDGE('',*,*,#3150,.T.);
#4344=ORIENTED_EDGE('',*,*,#2897,.T.);
#4345=ORIENTED_EDGE('',*,*,#3151,.T.);
#4346=ORIENTED_EDGE('',*,*,#3135,.F.);
#4347=ORIENTED_EDGE('',*,*,#3152,.F.);
#4348=ORIENTED_EDGE('',*,*,#3149,.F.);
#4349=ORIENTED_EDGE('',*,*,#3153,.F.);
#4350=ORIENTED_EDGE('',*,*,#3154,.T.);
#4351=ORIENTED_EDGE('',*,*,#3155,.T.);
#4352=ORIENTED_EDGE('',*,*,#3156,.T.);
#4353=ORIENTED_EDGE('',*,*,#3157,.T.);
#4354=ORIENTED_EDGE('',*,*,#3155,.F.);
#4355=ORIENTED_EDGE('',*,*,#3158,.F.);
#4356=ORIENTED_EDGE('',*,*,#3159,.F.);
#4357=ORIENTED_EDGE('',*,*,#3160,.F.);
#4358=ORIENTED_EDGE('',*,*,#3161,.T.);
#4359=ORIENTED_EDGE('',*,*,#3162,.T.);
#4360=ORIENTED_EDGE('',*,*,#3163,.T.);
#4361=ORIENTED_EDGE('',*,*,#3159,.T.);
#4362=ORIENTED_EDGE('',*,*,#3162,.F.);
#4363=ORIENTED_EDGE('',*,*,#3164,.F.);
#4364=ORIENTED_EDGE('',*,*,#3165,.F.);
#4365=ORIENTED_EDGE('',*,*,#3166,.F.);
#4366=ORIENTED_EDGE('',*,*,#3167,.F.);
#4367=ORIENTED_EDGE('',*,*,#2903,.T.);
#4368=ORIENTED_EDGE('',*,*,#3168,.T.);
#4369=ORIENTED_EDGE('',*,*,#3165,.T.);
#4370=ORIENTED_EDGE('',*,*,#3169,.F.);
#4371=ORIENTED_EDGE('',*,*,#3170,.T.);
#4372=ORIENTED_EDGE('',*,*,#3171,.T.);
#4373=ORIENTED_EDGE('',*,*,#3172,.T.);
#4374=ORIENTED_EDGE('',*,*,#2901,.T.);
#4375=ORIENTED_EDGE('',*,*,#3173,.T.);
#4376=ORIENTED_EDGE('',*,*,#3157,.F.);
#4377=ORIENTED_EDGE('',*,*,#3174,.F.);
#4378=ORIENTED_EDGE('',*,*,#3171,.F.);
#4379=ORIENTED_EDGE('',*,*,#3175,.F.);
#4380=ORIENTED_EDGE('',*,*,#3176,.T.);
#4381=ORIENTED_EDGE('',*,*,#3177,.T.);
#4382=ORIENTED_EDGE('',*,*,#3178,.T.);
#4383=ORIENTED_EDGE('',*,*,#3179,.T.);
#4384=ORIENTED_EDGE('',*,*,#3177,.F.);
#4385=ORIENTED_EDGE('',*,*,#3180,.F.);
#4386=ORIENTED_EDGE('',*,*,#3181,.F.);
#4387=ORIENTED_EDGE('',*,*,#3182,.F.);
#4388=ORIENTED_EDGE('',*,*,#3183,.T.);
#4389=ORIENTED_EDGE('',*,*,#3184,.T.);
#4390=ORIENTED_EDGE('',*,*,#3185,.T.);
#4391=ORIENTED_EDGE('',*,*,#2905,.T.);
#4392=ORIENTED_EDGE('',*,*,#3186,.T.);
#4393=ORIENTED_EDGE('',*,*,#3179,.F.);
#4394=ORIENTED_EDGE('',*,*,#3187,.F.);
#4395=ORIENTED_EDGE('',*,*,#3184,.F.);
#4396=ORIENTED_EDGE('',*,*,#3188,.F.);
#4397=ORIENTED_EDGE('',*,*,#3189,.T.);
#4398=ORIENTED_EDGE('',*,*,#3190,.T.);
#4399=ORIENTED_EDGE('',*,*,#3191,.T.);
#4400=ORIENTED_EDGE('',*,*,#3181,.T.);
#4401=ORIENTED_EDGE('',*,*,#3190,.F.);
#4402=ORIENTED_EDGE('',*,*,#3192,.F.);
#4403=ORIENTED_EDGE('',*,*,#3193,.F.);
#4404=ORIENTED_EDGE('',*,*,#3194,.F.);
#4405=ORIENTED_EDGE('',*,*,#3195,.F.);
#4406=ORIENTED_EDGE('',*,*,#2907,.T.);
#4407=ORIENTED_EDGE('',*,*,#3196,.T.);
#4408=ORIENTED_EDGE('',*,*,#3193,.T.);
#4409=ORIENTED_EDGE('',*,*,#3197,.F.);
#4410=ORIENTED_EDGE('',*,*,#3198,.T.);
#4411=ORIENTED_EDGE('',*,*,#3199,.T.);
#4412=ORIENTED_EDGE('',*,*,#3200,.T.);
#4413=ORIENTED_EDGE('',*,*,#2949,.T.);
#4414=ORIENTED_EDGE('',*,*,#3201,.T.);
#4415=ORIENTED_EDGE('',*,*,#3199,.F.);
#4416=ORIENTED_EDGE('',*,*,#3202,.F.);
#4417=ORIENTED_EDGE('',*,*,#3203,.F.);
#4418=ORIENTED_EDGE('',*,*,#3204,.F.);
#4419=ORIENTED_EDGE('',*,*,#3205,.T.);
#4420=ORIENTED_EDGE('',*,*,#3206,.T.);
#4421=ORIENTED_EDGE('',*,*,#3207,.T.);
#4422=ORIENTED_EDGE('',*,*,#3203,.T.);
#4423=ORIENTED_EDGE('',*,*,#3206,.F.);
#4424=ORIENTED_EDGE('',*,*,#3208,.F.);
#4425=ORIENTED_EDGE('',*,*,#3209,.F.);
#4426=ORIENTED_EDGE('',*,*,#3210,.F.);
#4427=ORIENTED_EDGE('',*,*,#3211,.T.);
#4428=ORIENTED_EDGE('',*,*,#3212,.T.);
#4429=ORIENTED_EDGE('',*,*,#3213,.T.);
#4430=ORIENTED_EDGE('',*,*,#3209,.T.);
#4431=ORIENTED_EDGE('',*,*,#3212,.F.);
#4432=ORIENTED_EDGE('',*,*,#3214,.F.);
#4433=ORIENTED_EDGE('',*,*,#3215,.F.);
#4434=ORIENTED_EDGE('',*,*,#3216,.F.);
#4435=ORIENTED_EDGE('',*,*,#3217,.F.);
#4436=ORIENTED_EDGE('',*,*,#2951,.T.);
#4437=ORIENTED_EDGE('',*,*,#3218,.T.);
#4438=ORIENTED_EDGE('',*,*,#3215,.T.);
#4439=ORIENTED_EDGE('',*,*,#3219,.F.);
#4440=ORIENTED_EDGE('',*,*,#3220,.T.);
#4441=ORIENTED_EDGE('',*,*,#3221,.T.);
#4442=ORIENTED_EDGE('',*,*,#3222,.T.);
#4443=ORIENTED_EDGE('',*,*,#2953,.T.);
#4444=ORIENTED_EDGE('',*,*,#3223,.T.);
#4445=ORIENTED_EDGE('',*,*,#3221,.F.);
#4446=ORIENTED_EDGE('',*,*,#3224,.F.);
#4447=ORIENTED_EDGE('',*,*,#3225,.F.);
#4448=ORIENTED_EDGE('',*,*,#3226,.F.);
#4449=ORIENTED_EDGE('',*,*,#3227,.T.);
#4450=ORIENTED_EDGE('',*,*,#3228,.T.);
#4451=ORIENTED_EDGE('',*,*,#3229,.T.);
#4452=ORIENTED_EDGE('',*,*,#3225,.T.);
#4453=ORIENTED_EDGE('',*,*,#3228,.F.);
#4454=ORIENTED_EDGE('',*,*,#3230,.F.);
#4455=ORIENTED_EDGE('',*,*,#3231,.F.);
#4456=ORIENTED_EDGE('',*,*,#3232,.F.);
#4457=ORIENTED_EDGE('',*,*,#3233,.T.);
#4458=ORIENTED_EDGE('',*,*,#3234,.T.);
#4459=ORIENTED_EDGE('',*,*,#3235,.T.);
#4460=ORIENTED_EDGE('',*,*,#3231,.T.);
#4461=ORIENTED_EDGE('',*,*,#3234,.F.);
#4462=ORIENTED_EDGE('',*,*,#3236,.F.);
#4463=ORIENTED_EDGE('',*,*,#3237,.F.);
#4464=ORIENTED_EDGE('',*,*,#3238,.F.);
#4465=ORIENTED_EDGE('',*,*,#3239,.F.);
#4466=ORIENTED_EDGE('',*,*,#2955,.T.);
#4467=ORIENTED_EDGE('',*,*,#3240,.T.);
#4468=ORIENTED_EDGE('',*,*,#3237,.T.);
#4469=ORIENTED_EDGE('',*,*,#3241,.F.);
#4470=ORIENTED_EDGE('',*,*,#3242,.T.);
#4471=ORIENTED_EDGE('',*,*,#3243,.T.);
#4472=ORIENTED_EDGE('',*,*,#3244,.T.);
#4473=ORIENTED_EDGE('',*,*,#2957,.T.);
#4474=ORIENTED_EDGE('',*,*,#3245,.T.);
#4475=ORIENTED_EDGE('',*,*,#3243,.F.);
#4476=ORIENTED_EDGE('',*,*,#3246,.F.);
#4477=ORIENTED_EDGE('',*,*,#3247,.F.);
#4478=ORIENTED_EDGE('',*,*,#3248,.F.);
#4479=ORIENTED_EDGE('',*,*,#3249,.T.);
#4480=ORIENTED_EDGE('',*,*,#3250,.T.);
#4481=ORIENTED_EDGE('',*,*,#3251,.T.);
#4482=ORIENTED_EDGE('',*,*,#3247,.T.);
#4483=ORIENTED_EDGE('',*,*,#3250,.F.);
#4484=ORIENTED_EDGE('',*,*,#3252,.F.);
#4485=ORIENTED_EDGE('',*,*,#3253,.F.);
#4486=ORIENTED_EDGE('',*,*,#3254,.F.);
#4487=ORIENTED_EDGE('',*,*,#3255,.T.);
#4488=ORIENTED_EDGE('',*,*,#3256,.T.);
#4489=ORIENTED_EDGE('',*,*,#3257,.T.);
#4490=ORIENTED_EDGE('',*,*,#3253,.T.);
#4491=ORIENTED_EDGE('',*,*,#3256,.F.);
#4492=ORIENTED_EDGE('',*,*,#3258,.F.);
#4493=ORIENTED_EDGE('',*,*,#3259,.F.);
#4494=ORIENTED_EDGE('',*,*,#3260,.F.);
#4495=ORIENTED_EDGE('',*,*,#3261,.F.);
#4496=ORIENTED_EDGE('',*,*,#2959,.T.);
#4497=ORIENTED_EDGE('',*,*,#3262,.T.);
#4498=ORIENTED_EDGE('',*,*,#3259,.T.);
#4499=ORIENTED_EDGE('',*,*,#3263,.F.);
#4500=ORIENTED_EDGE('',*,*,#3264,.T.);
#4501=ORIENTED_EDGE('',*,*,#3265,.T.);
#4502=ORIENTED_EDGE('',*,*,#3266,.T.);
#4503=ORIENTED_EDGE('',*,*,#3267,.T.);
#4504=ORIENTED_EDGE('',*,*,#3265,.F.);
#4505=ORIENTED_EDGE('',*,*,#3268,.F.);
#4506=ORIENTED_EDGE('',*,*,#3269,.F.);
#4507=ORIENTED_EDGE('',*,*,#3270,.F.);
#4508=ORIENTED_EDGE('',*,*,#3271,.T.);
#4509=ORIENTED_EDGE('',*,*,#3272,.T.);
#4510=ORIENTED_EDGE('',*,*,#3273,.T.);
#4511=ORIENTED_EDGE('',*,*,#3269,.T.);
#4512=ORIENTED_EDGE('',*,*,#3272,.F.);
#4513=ORIENTED_EDGE('',*,*,#3274,.F.);
#4514=ORIENTED_EDGE('',*,*,#3275,.F.);
#4515=ORIENTED_EDGE('',*,*,#3276,.F.);
#4516=ORIENTED_EDGE('',*,*,#3277,.F.);
#4517=ORIENTED_EDGE('',*,*,#2963,.T.);
#4518=ORIENTED_EDGE('',*,*,#3278,.T.);
#4519=ORIENTED_EDGE('',*,*,#3275,.T.);
#4520=ORIENTED_EDGE('',*,*,#3279,.F.);
#4521=ORIENTED_EDGE('',*,*,#3280,.T.);
#4522=ORIENTED_EDGE('',*,*,#3281,.T.);
#4523=ORIENTED_EDGE('',*,*,#3282,.T.);
#4524=ORIENTED_EDGE('',*,*,#2961,.T.);
#4525=ORIENTED_EDGE('',*,*,#3283,.T.);
#4526=ORIENTED_EDGE('',*,*,#3267,.F.);
#4527=ORIENTED_EDGE('',*,*,#3284,.F.);
#4528=ORIENTED_EDGE('',*,*,#3281,.F.);
#4529=ORIENTED_EDGE('',*,*,#3285,.F.);
#4530=ORIENTED_EDGE('',*,*,#3286,.F.);
#4531=ORIENTED_EDGE('',*,*,#3287,.T.);
#4532=ORIENTED_EDGE('',*,*,#3288,.F.);
#4533=ORIENTED_EDGE('',*,*,#2874,.F.);
#4534=ORIENTED_EDGE('',*,*,#3289,.F.);
#4535=ORIENTED_EDGE('',*,*,#3290,.T.);
#4536=ORIENTED_EDGE('',*,*,#3291,.F.);
#4537=ORIENTED_EDGE('',*,*,#3287,.F.);
#4538=ORIENTED_EDGE('',*,*,#3292,.F.);
#4539=ORIENTED_EDGE('',*,*,#2876,.T.);
#4540=ORIENTED_EDGE('',*,*,#3293,.F.);
#4541=ORIENTED_EDGE('',*,*,#3290,.F.);
#4542=ORIENTED_EDGE('',*,*,#3293,.T.);
#4543=ORIENTED_EDGE('',*,*,#2875,.T.);
#4544=ORIENTED_EDGE('',*,*,#3288,.T.);
#4545=ORIENTED_EDGE('',*,*,#3291,.T.);
#4546=ORIENTED_EDGE('',*,*,#3294,.F.);
#4547=ORIENTED_EDGE('',*,*,#2870,.T.);
#4548=ORIENTED_EDGE('',*,*,#3295,.F.);
#4549=ORIENTED_EDGE('',*,*,#3296,.F.);
#4550=ORIENTED_EDGE('',*,*,#3297,.T.);
#4551=ORIENTED_EDGE('',*,*,#3298,.T.);
#4552=ORIENTED_EDGE('',*,*,#3295,.T.);
#4553=ORIENTED_EDGE('',*,*,#2869,.T.);
#4554=ORIENTED_EDGE('',*,*,#3299,.F.);
#4555=ORIENTED_EDGE('',*,*,#3296,.T.);
#4556=ORIENTED_EDGE('',*,*,#3298,.F.);
#4557=ORIENTED_EDGE('',*,*,#3300,.F.);
#4558=ORIENTED_EDGE('',*,*,#3301,.F.);
#4559=ORIENTED_EDGE('',*,*,#3300,.T.);
#4560=ORIENTED_EDGE('',*,*,#3297,.F.);
#4561=ORIENTED_EDGE('',*,*,#2868,.F.);
#4562=ORIENTED_EDGE('',*,*,#3302,.F.);
#4563=ORIENTED_EDGE('',*,*,#3303,.T.);
#4564=ORIENTED_EDGE('',*,*,#3304,.F.);
#4565=ORIENTED_EDGE('',*,*,#2965,.F.);
#4566=ORIENTED_EDGE('',*,*,#3305,.F.);
#4567=ORIENTED_EDGE('',*,*,#3306,.T.);
#4568=ORIENTED_EDGE('',*,*,#3307,.F.);
#4569=ORIENTED_EDGE('',*,*,#3303,.F.);
#4570=ORIENTED_EDGE('',*,*,#3308,.F.);
#4571=ORIENTED_EDGE('',*,*,#2967,.T.);
#4572=ORIENTED_EDGE('',*,*,#3309,.F.);
#4573=ORIENTED_EDGE('',*,*,#3306,.F.);
#4574=ORIENTED_EDGE('',*,*,#3309,.T.);
#4575=ORIENTED_EDGE('',*,*,#2966,.T.);
#4576=ORIENTED_EDGE('',*,*,#3304,.T.);
#4577=ORIENTED_EDGE('',*,*,#3307,.T.);
#4578=ORIENTED_EDGE('',*,*,#3310,.F.);
#4579=ORIENTED_EDGE('',*,*,#3311,.T.);
#4580=ORIENTED_EDGE('',*,*,#3312,.F.);
#4581=ORIENTED_EDGE('',*,*,#3313,.F.);
#4582=ORIENTED_EDGE('',*,*,#3314,.F.);
#4583=ORIENTED_EDGE('',*,*,#3313,.T.);
#4584=ORIENTED_EDGE('',*,*,#3315,.F.);
#4585=ORIENTED_EDGE('',*,*,#2871,.F.);
#4586=ORIENTED_EDGE('',*,*,#3316,.T.);
#4587=ORIENTED_EDGE('',*,*,#2872,.T.);
#4588=ORIENTED_EDGE('',*,*,#3315,.T.);
#4589=ORIENTED_EDGE('',*,*,#3312,.T.);
#4590=ORIENTED_EDGE('',*,*,#3317,.F.);
#4591=ORIENTED_EDGE('',*,*,#2873,.T.);
#4592=ORIENTED_EDGE('',*,*,#3316,.F.);
#4593=ORIENTED_EDGE('',*,*,#3311,.F.);
#4594=ORIENTED_EDGE('',*,*,#3318,.F.);
#4595=ORIENTED_EDGE('',*,*,#3319,.F.);
#4596=ORIENTED_EDGE('',*,*,#3320,.F.);
#4597=ORIENTED_EDGE('',*,*,#3321,.T.);
#4598=ORIENTED_EDGE('',*,*,#3322,.F.);
#4599=ORIENTED_EDGE('',*,*,#2927,.F.);
#4600=ORIENTED_EDGE('',*,*,#3323,.F.);
#4601=ORIENTED_EDGE('',*,*,#3319,.T.);
#4602=ORIENTED_EDGE('',*,*,#3324,.F.);
#4603=ORIENTED_EDGE('',*,*,#3321,.F.);
#4604=ORIENTED_EDGE('',*,*,#3325,.F.);
#4605=ORIENTED_EDGE('',*,*,#2926,.T.);
#4606=ORIENTED_EDGE('',*,*,#3326,.F.);
#4607=ORIENTED_EDGE('',*,*,#3327,.T.);
#4608=ORIENTED_EDGE('',*,*,#3328,.F.);
#4609=ORIENTED_EDGE('',*,*,#3329,.F.);
#4610=ORIENTED_EDGE('',*,*,#3330,.F.);
#4611=ORIENTED_EDGE('',*,*,#3329,.T.);
#4612=ORIENTED_EDGE('',*,*,#3331,.F.);
#4613=ORIENTED_EDGE('',*,*,#2921,.F.);
#4614=ORIENTED_EDGE('',*,*,#3332,.F.);
#4615=ORIENTED_EDGE('',*,*,#2920,.T.);
#4616=ORIENTED_EDGE('',*,*,#3333,.F.);
#4617=ORIENTED_EDGE('',*,*,#3327,.F.);
#4618=ORIENTED_EDGE('',*,*,#3334,.F.);
#4619=ORIENTED_EDGE('',*,*,#3335,.F.);
#4620=ORIENTED_EDGE('',*,*,#3336,.F.);
#4621=ORIENTED_EDGE('',*,*,#3337,.T.);
#4622=ORIENTED_EDGE('',*,*,#3338,.F.);
#4623=ORIENTED_EDGE('',*,*,#2934,.F.);
#4624=ORIENTED_EDGE('',*,*,#3339,.F.);
#4625=ORIENTED_EDGE('',*,*,#3335,.T.);
#4626=ORIENTED_EDGE('',*,*,#3340,.F.);
#4627=ORIENTED_EDGE('',*,*,#3337,.F.);
#4628=ORIENTED_EDGE('',*,*,#3341,.F.);
#4629=ORIENTED_EDGE('',*,*,#2933,.T.);
#4630=ORIENTED_EDGE('',*,*,#3342,.F.);
#4631=ORIENTED_EDGE('',*,*,#3343,.T.);
#4632=ORIENTED_EDGE('',*,*,#3344,.F.);
#4633=ORIENTED_EDGE('',*,*,#3345,.F.);
#4634=ORIENTED_EDGE('',*,*,#3346,.F.);
#4635=ORIENTED_EDGE('',*,*,#3345,.T.);
#4636=ORIENTED_EDGE('',*,*,#3347,.F.);
#4637=ORIENTED_EDGE('',*,*,#2946,.F.);
#4638=ORIENTED_EDGE('',*,*,#3348,.F.);
#4639=ORIENTED_EDGE('',*,*,#2945,.T.);
#4640=ORIENTED_EDGE('',*,*,#3349,.F.);
#4641=ORIENTED_EDGE('',*,*,#3343,.F.);
#4642=ORIENTED_EDGE('',*,*,#3350,.F.);
#4643=ORIENTED_EDGE('',*,*,#3351,.F.);
#4644=ORIENTED_EDGE('',*,*,#3352,.F.);
#4645=ORIENTED_EDGE('',*,*,#3353,.T.);
#4646=ORIENTED_EDGE('',*,*,#3354,.F.);
#4647=ORIENTED_EDGE('',*,*,#2918,.F.);
#4648=ORIENTED_EDGE('',*,*,#3355,.F.);
#4649=ORIENTED_EDGE('',*,*,#3351,.T.);
#4650=ORIENTED_EDGE('',*,*,#3356,.F.);
#4651=ORIENTED_EDGE('',*,*,#3353,.F.);
#4652=ORIENTED_EDGE('',*,*,#3357,.F.);
#4653=ORIENTED_EDGE('',*,*,#2917,.T.);
#4654=ORIENTED_EDGE('',*,*,#3358,.F.);
#4655=ORIENTED_EDGE('',*,*,#3359,.T.);
#4656=ORIENTED_EDGE('',*,*,#3360,.F.);
#4657=ORIENTED_EDGE('',*,*,#3361,.F.);
#4658=ORIENTED_EDGE('',*,*,#3362,.F.);
#4659=ORIENTED_EDGE('',*,*,#3361,.T.);
#4660=ORIENTED_EDGE('',*,*,#3363,.F.);
#4661=ORIENTED_EDGE('',*,*,#2943,.F.);
#4662=ORIENTED_EDGE('',*,*,#3364,.F.);
#4663=ORIENTED_EDGE('',*,*,#2942,.T.);
#4664=ORIENTED_EDGE('',*,*,#3365,.F.);
#4665=ORIENTED_EDGE('',*,*,#3359,.F.);
#4666=ORIENTED_EDGE('',*,*,#3366,.F.);
#4667=ORIENTED_EDGE('',*,*,#3367,.F.);
#4668=ORIENTED_EDGE('',*,*,#3368,.F.);
#4669=ORIENTED_EDGE('',*,*,#3369,.T.);
#4670=ORIENTED_EDGE('',*,*,#3370,.F.);
#4671=ORIENTED_EDGE('',*,*,#2931,.F.);
#4672=ORIENTED_EDGE('',*,*,#3371,.F.);
#4673=ORIENTED_EDGE('',*,*,#3367,.T.);
#4674=ORIENTED_EDGE('',*,*,#3372,.F.);
#4675=ORIENTED_EDGE('',*,*,#3369,.F.);
#4676=ORIENTED_EDGE('',*,*,#3373,.F.);
#4677=ORIENTED_EDGE('',*,*,#2930,.T.);
#4678=ORIENTED_EDGE('',*,*,#3374,.F.);
#4679=ORIENTED_EDGE('',*,*,#3375,.T.);
#4680=ORIENTED_EDGE('',*,*,#3376,.F.);
#4681=ORIENTED_EDGE('',*,*,#3377,.F.);
#4682=ORIENTED_EDGE('',*,*,#3378,.F.);
#4683=ORIENTED_EDGE('',*,*,#3377,.T.);
#4684=ORIENTED_EDGE('',*,*,#3379,.F.);
#4685=ORIENTED_EDGE('',*,*,#2924,.F.);
#4686=ORIENTED_EDGE('',*,*,#3380,.F.);
#4687=ORIENTED_EDGE('',*,*,#2923,.T.);
#4688=ORIENTED_EDGE('',*,*,#3381,.F.);
#4689=ORIENTED_EDGE('',*,*,#3375,.F.);
#4690=ORIENTED_EDGE('',*,*,#3382,.F.);
#4691=ORIENTED_EDGE('',*,*,#3383,.F.);
#4692=ORIENTED_EDGE('',*,*,#3384,.F.);
#4693=ORIENTED_EDGE('',*,*,#3385,.T.);
#4694=ORIENTED_EDGE('',*,*,#3386,.F.);
#4695=ORIENTED_EDGE('',*,*,#2937,.F.);
#4696=ORIENTED_EDGE('',*,*,#3387,.F.);
#4697=ORIENTED_EDGE('',*,*,#3383,.T.);
#4698=ORIENTED_EDGE('',*,*,#3388,.F.);
#4699=ORIENTED_EDGE('',*,*,#3385,.F.);
#4700=ORIENTED_EDGE('',*,*,#3389,.F.);
#4701=ORIENTED_EDGE('',*,*,#2936,.T.);
#4702=ORIENTED_EDGE('',*,*,#3390,.F.);
#4703=ORIENTED_EDGE('',*,*,#3391,.T.);
#4704=ORIENTED_EDGE('',*,*,#3392,.F.);
#4705=ORIENTED_EDGE('',*,*,#3393,.F.);
#4706=ORIENTED_EDGE('',*,*,#3394,.F.);
#4707=ORIENTED_EDGE('',*,*,#3393,.T.);
#4708=ORIENTED_EDGE('',*,*,#3395,.F.);
#4709=ORIENTED_EDGE('',*,*,#2912,.F.);
#4710=ORIENTED_EDGE('',*,*,#3396,.F.);
#4711=ORIENTED_EDGE('',*,*,#2911,.T.);
#4712=ORIENTED_EDGE('',*,*,#3397,.F.);
#4713=ORIENTED_EDGE('',*,*,#3391,.F.);
#4714=ORIENTED_EDGE('',*,*,#3398,.F.);
#4715=ORIENTED_EDGE('',*,*,#3399,.F.);
#4716=ORIENTED_EDGE('',*,*,#3400,.F.);
#4717=ORIENTED_EDGE('',*,*,#3401,.T.);
#4718=ORIENTED_EDGE('',*,*,#3402,.F.);
#4719=ORIENTED_EDGE('',*,*,#2915,.F.);
#4720=ORIENTED_EDGE('',*,*,#3403,.F.);
#4721=ORIENTED_EDGE('',*,*,#3399,.T.);
#4722=ORIENTED_EDGE('',*,*,#3404,.F.);
#4723=ORIENTED_EDGE('',*,*,#3401,.F.);
#4724=ORIENTED_EDGE('',*,*,#3405,.F.);
#4725=ORIENTED_EDGE('',*,*,#2914,.T.);
#4726=ORIENTED_EDGE('',*,*,#3406,.F.);
#4727=ORIENTED_EDGE('',*,*,#3407,.T.);
#4728=ORIENTED_EDGE('',*,*,#3408,.F.);
#4729=ORIENTED_EDGE('',*,*,#3409,.F.);
#4730=ORIENTED_EDGE('',*,*,#3410,.F.);
#4731=ORIENTED_EDGE('',*,*,#3409,.T.);
#4732=ORIENTED_EDGE('',*,*,#3411,.F.);
#4733=ORIENTED_EDGE('',*,*,#2940,.F.);
#4734=ORIENTED_EDGE('',*,*,#3412,.F.);
#4735=ORIENTED_EDGE('',*,*,#2939,.T.);
#4736=ORIENTED_EDGE('',*,*,#3413,.F.);
#4737=ORIENTED_EDGE('',*,*,#3407,.F.);
#4738=ORIENTED_EDGE('',*,*,#3414,.F.);
#4739=ORIENTED_EDGE('',*,*,#3087,.T.);
#4740=ORIENTED_EDGE('',*,*,#3083,.F.);
#4741=ORIENTED_EDGE('',*,*,#3080,.T.);
#4742=ORIENTED_EDGE('',*,*,#3077,.F.);
#4743=ORIENTED_EDGE('',*,*,#3074,.T.);
#4744=ORIENTED_EDGE('',*,*,#3070,.F.);
#4745=ORIENTED_EDGE('',*,*,#3415,.T.);
#4746=ORIENTED_EDGE('',*,*,#3060,.T.);
#4747=ORIENTED_EDGE('',*,*,#3065,.T.);
#4748=ORIENTED_EDGE('',*,*,#3061,.F.);
#4749=ORIENTED_EDGE('',*,*,#3048,.T.);
#4750=ORIENTED_EDGE('',*,*,#3044,.F.);
#4751=ORIENTED_EDGE('',*,*,#3056,.T.);
#4752=ORIENTED_EDGE('',*,*,#3051,.F.);
#4753=ORIENTED_EDGE('',*,*,#3416,.T.);
#4754=ORIENTED_EDGE('',*,*,#3038,.T.);
#4755=ORIENTED_EDGE('',*,*,#3043,.T.);
#4756=ORIENTED_EDGE('',*,*,#3039,.F.);
#4757=ORIENTED_EDGE('',*,*,#3026,.T.);
#4758=ORIENTED_EDGE('',*,*,#3022,.F.);
#4759=ORIENTED_EDGE('',*,*,#3034,.T.);
#4760=ORIENTED_EDGE('',*,*,#3029,.F.);
#4761=ORIENTED_EDGE('',*,*,#3417,.T.);
#4762=ORIENTED_EDGE('',*,*,#3279,.T.);
#4763=ORIENTED_EDGE('',*,*,#3274,.T.);
#4764=ORIENTED_EDGE('',*,*,#3271,.F.);
#4765=ORIENTED_EDGE('',*,*,#3268,.T.);
#4766=ORIENTED_EDGE('',*,*,#3264,.F.);
#4767=ORIENTED_EDGE('',*,*,#3285,.T.);
#4768=ORIENTED_EDGE('',*,*,#3280,.F.);
#4769=ORIENTED_EDGE('',*,*,#3418,.T.);
#4770=ORIENTED_EDGE('',*,*,#3263,.T.);
#4771=ORIENTED_EDGE('',*,*,#3258,.T.);
#4772=ORIENTED_EDGE('',*,*,#3255,.F.);
#4773=ORIENTED_EDGE('',*,*,#3252,.T.);
#4774=ORIENTED_EDGE('',*,*,#3249,.F.);
#4775=ORIENTED_EDGE('',*,*,#3246,.T.);
#4776=ORIENTED_EDGE('',*,*,#3242,.F.);
#4777=ORIENTED_EDGE('',*,*,#3419,.T.);
#4778=ORIENTED_EDGE('',*,*,#3241,.T.);
#4779=ORIENTED_EDGE('',*,*,#3236,.T.);
#4780=ORIENTED_EDGE('',*,*,#3233,.F.);
#4781=ORIENTED_EDGE('',*,*,#3230,.T.);
#4782=ORIENTED_EDGE('',*,*,#3227,.F.);
#4783=ORIENTED_EDGE('',*,*,#3224,.T.);
#4784=ORIENTED_EDGE('',*,*,#3220,.F.);
#4785=ORIENTED_EDGE('',*,*,#3420,.T.);
#4786=ORIENTED_EDGE('',*,*,#3219,.T.);
#4787=ORIENTED_EDGE('',*,*,#3214,.T.);
#4788=ORIENTED_EDGE('',*,*,#3211,.F.);
#4789=ORIENTED_EDGE('',*,*,#3208,.T.);
#4790=ORIENTED_EDGE('',*,*,#3205,.F.);
#4791=ORIENTED_EDGE('',*,*,#3202,.T.);
#4792=ORIENTED_EDGE('',*,*,#3198,.F.);
#4793=ORIENTED_EDGE('',*,*,#3421,.T.);
#4794=ORIENTED_EDGE('',*,*,#3197,.T.);
#4795=ORIENTED_EDGE('',*,*,#3192,.T.);
#4796=ORIENTED_EDGE('',*,*,#3189,.F.);
#4797=ORIENTED_EDGE('',*,*,#3180,.T.);
#4798=ORIENTED_EDGE('',*,*,#3176,.F.);
#4799=ORIENTED_EDGE('',*,*,#3188,.T.);
#4800=ORIENTED_EDGE('',*,*,#3183,.F.);
#4801=ORIENTED_EDGE('',*,*,#3422,.T.);
#4802=ORIENTED_EDGE('',*,*,#3169,.T.);
#4803=ORIENTED_EDGE('',*,*,#3164,.T.);
#4804=ORIENTED_EDGE('',*,*,#3161,.F.);
#4805=ORIENTED_EDGE('',*,*,#3158,.T.);
#4806=ORIENTED_EDGE('',*,*,#3154,.F.);
#4807=ORIENTED_EDGE('',*,*,#3175,.T.);
#4808=ORIENTED_EDGE('',*,*,#3170,.F.);
#4809=ORIENTED_EDGE('',*,*,#3423,.T.);
#4810=ORIENTED_EDGE('',*,*,#3147,.T.);
#4811=ORIENTED_EDGE('',*,*,#3142,.T.);
#4812=ORIENTED_EDGE('',*,*,#3139,.F.);
#4813=ORIENTED_EDGE('',*,*,#3136,.T.);
#4814=ORIENTED_EDGE('',*,*,#3132,.F.);
#4815=ORIENTED_EDGE('',*,*,#3153,.T.);
#4816=ORIENTED_EDGE('',*,*,#3148,.F.);
#4817=ORIENTED_EDGE('',*,*,#3424,.T.);
#4818=ORIENTED_EDGE('',*,*,#3131,.T.);
#4819=ORIENTED_EDGE('',*,*,#3114,.T.);
#4820=ORIENTED_EDGE('',*,*,#3110,.F.);
#4821=ORIENTED_EDGE('',*,*,#3122,.T.);
#4822=ORIENTED_EDGE('',*,*,#3117,.F.);
#4823=ORIENTED_EDGE('',*,*,#3128,.T.);
#4824=ORIENTED_EDGE('',*,*,#3123,.F.);
#4825=ORIENTED_EDGE('',*,*,#3425,.T.);
#4826=ORIENTED_EDGE('',*,*,#3091,.T.);
#4827=ORIENTED_EDGE('',*,*,#3109,.T.);
#4828=ORIENTED_EDGE('',*,*,#3105,.F.);
#4829=ORIENTED_EDGE('',*,*,#3102,.T.);
#4830=ORIENTED_EDGE('',*,*,#3099,.F.);
#4831=ORIENTED_EDGE('',*,*,#3096,.T.);
#4832=ORIENTED_EDGE('',*,*,#3092,.F.);
#4833=ORIENTED_EDGE('',*,*,#3426,.T.);
#4834=ORIENTED_EDGE('',*,*,#3069,.T.);
#4835=ORIENTED_EDGE('',*,*,#2960,.T.);
#4836=ORIENTED_EDGE('',*,*,#3261,.T.);
#4837=ORIENTED_EDGE('',*,*,#3418,.F.);
#4838=ORIENTED_EDGE('',*,*,#3283,.F.);
#4839=ORIENTED_EDGE('',*,*,#2904,.T.);
#4840=ORIENTED_EDGE('',*,*,#3167,.T.);
#4841=ORIENTED_EDGE('',*,*,#3422,.F.);
#4842=ORIENTED_EDGE('',*,*,#3186,.F.);
#4843=ORIENTED_EDGE('',*,*,#2948,.T.);
#4844=ORIENTED_EDGE('',*,*,#2908,.T.);
#4845=ORIENTED_EDGE('',*,*,#3195,.T.);
#4846=ORIENTED_EDGE('',*,*,#3421,.F.);
#4847=ORIENTED_EDGE('',*,*,#3201,.F.);
#4848=ORIENTED_EDGE('',*,*,#2964,.T.);
#4849=ORIENTED_EDGE('',*,*,#3277,.T.);
#4850=ORIENTED_EDGE('',*,*,#3417,.F.);
#4851=ORIENTED_EDGE('',*,*,#3032,.F.);
#4852=ORIENTED_EDGE('',*,*,#2892,.T.);
#4853=ORIENTED_EDGE('',*,*,#3088,.T.);
#4854=ORIENTED_EDGE('',*,*,#3425,.F.);
#4855=ORIENTED_EDGE('',*,*,#3126,.F.);
#4856=ORIENTED_EDGE('',*,*,#2884,.T.);
#4857=ORIENTED_EDGE('',*,*,#3057,.T.);
#4858=ORIENTED_EDGE('',*,*,#3415,.F.);
#4859=ORIENTED_EDGE('',*,*,#3073,.F.);
#4860=ORIENTED_EDGE('',*,*,#3419,.F.);
#4861=ORIENTED_EDGE('',*,*,#3245,.F.);
#4862=ORIENTED_EDGE('',*,*,#2956,.T.);
#4863=ORIENTED_EDGE('',*,*,#3239,.T.);
#4864=ORIENTED_EDGE('',*,*,#3423,.F.);
#4865=ORIENTED_EDGE('',*,*,#3173,.F.);
#4866=ORIENTED_EDGE('',*,*,#2900,.T.);
#4867=ORIENTED_EDGE('',*,*,#3145,.T.);
#4868=ORIENTED_EDGE('',*,*,#3420,.F.);
#4869=ORIENTED_EDGE('',*,*,#3223,.F.);
#4870=ORIENTED_EDGE('',*,*,#2952,.T.);
#4871=ORIENTED_EDGE('',*,*,#3217,.T.);
#4872=ORIENTED_EDGE('',*,*,#3416,.F.);
#4873=ORIENTED_EDGE('',*,*,#3054,.F.);
#4874=ORIENTED_EDGE('',*,*,#2880,.T.);
#4875=ORIENTED_EDGE('',*,*,#3035,.T.);
#4876=ORIENTED_EDGE('',*,*,#3424,.F.);
#4877=ORIENTED_EDGE('',*,*,#3151,.F.);
#4878=ORIENTED_EDGE('',*,*,#2896,.T.);
#4879=ORIENTED_EDGE('',*,*,#3129,.T.);
#4880=ORIENTED_EDGE('',*,*,#3324,.T.);
#4881=ORIENTED_EDGE('',*,*,#2925,.T.);
#4882=ORIENTED_EDGE('',*,*,#3379,.T.);
#4883=ORIENTED_EDGE('',*,*,#3376,.T.);
#4884=ORIENTED_EDGE('',*,*,#3381,.T.);
#4885=ORIENTED_EDGE('',*,*,#2922,.T.);
#4886=ORIENTED_EDGE('',*,*,#3331,.T.);
#4887=ORIENTED_EDGE('',*,*,#3328,.T.);
#4888=ORIENTED_EDGE('',*,*,#3333,.T.);
#4889=ORIENTED_EDGE('',*,*,#2919,.T.);
#4890=ORIENTED_EDGE('',*,*,#3354,.T.);
#4891=ORIENTED_EDGE('',*,*,#3350,.T.);
#4892=ORIENTED_EDGE('',*,*,#3356,.T.);
#4893=ORIENTED_EDGE('',*,*,#2916,.T.);
#4894=ORIENTED_EDGE('',*,*,#3402,.T.);
#4895=ORIENTED_EDGE('',*,*,#3398,.T.);
#4896=ORIENTED_EDGE('',*,*,#3404,.T.);
#4897=ORIENTED_EDGE('',*,*,#2913,.T.);
#4898=ORIENTED_EDGE('',*,*,#3395,.T.);
#4899=ORIENTED_EDGE('',*,*,#3392,.T.);
#4900=ORIENTED_EDGE('',*,*,#3397,.T.);
#4901=ORIENTED_EDGE('',*,*,#2910,.T.);
#4902=ORIENTED_EDGE('',*,*,#2947,.T.);
#4903=ORIENTED_EDGE('',*,*,#3347,.T.);
#4904=ORIENTED_EDGE('',*,*,#3344,.T.);
#4905=ORIENTED_EDGE('',*,*,#3349,.T.);
#4906=ORIENTED_EDGE('',*,*,#2944,.T.);
#4907=ORIENTED_EDGE('',*,*,#3363,.T.);
#4908=ORIENTED_EDGE('',*,*,#3360,.T.);
#4909=ORIENTED_EDGE('',*,*,#3365,.T.);
#4910=ORIENTED_EDGE('',*,*,#2941,.T.);
#4911=ORIENTED_EDGE('',*,*,#3411,.T.);
#4912=ORIENTED_EDGE('',*,*,#3408,.T.);
#4913=ORIENTED_EDGE('',*,*,#3413,.T.);
#4914=ORIENTED_EDGE('',*,*,#2938,.T.);
#4915=ORIENTED_EDGE('',*,*,#3386,.T.);
#4916=ORIENTED_EDGE('',*,*,#3382,.T.);
#4917=ORIENTED_EDGE('',*,*,#3388,.T.);
#4918=ORIENTED_EDGE('',*,*,#2935,.T.);
#4919=ORIENTED_EDGE('',*,*,#3338,.T.);
#4920=ORIENTED_EDGE('',*,*,#3334,.T.);
#4921=ORIENTED_EDGE('',*,*,#3340,.T.);
#4922=ORIENTED_EDGE('',*,*,#2932,.T.);
#4923=ORIENTED_EDGE('',*,*,#3370,.T.);
#4924=ORIENTED_EDGE('',*,*,#3366,.T.);
#4925=ORIENTED_EDGE('',*,*,#3372,.T.);
#4926=ORIENTED_EDGE('',*,*,#2929,.T.);
#4927=ORIENTED_EDGE('',*,*,#3427,.T.);
#4928=ORIENTED_EDGE('',*,*,#3428,.T.);
#4929=ORIENTED_EDGE('',*,*,#3429,.T.);
#4930=ORIENTED_EDGE('',*,*,#3427,.F.);
#4931=ORIENTED_EDGE('',*,*,#2928,.T.);
#4932=ORIENTED_EDGE('',*,*,#3322,.T.);
#4933=ORIENTED_EDGE('',*,*,#3318,.T.);
#4934=ORIENTED_EDGE('',*,*,#3430,.T.);
#4935=ORIENTED_EDGE('',*,*,#3431,.T.);
#4936=ORIENTED_EDGE('',*,*,#3432,.T.);
#4937=ORIENTED_EDGE('',*,*,#3433,.T.);
#4938=ORIENTED_EDGE('',*,*,#3431,.F.);
#4939=ORIENTED_EDGE('',*,*,#3434,.T.);
#4940=ORIENTED_EDGE('',*,*,#3435,.T.);
#4941=ORIENTED_EDGE('',*,*,#3432,.F.);
#4942=ORIENTED_EDGE('',*,*,#3433,.F.);
#4943=ORIENTED_EDGE('',*,*,#3435,.F.);
#4944=ORIENTED_EDGE('',*,*,#3436,.F.);
#4945=ORIENTED_EDGE('',*,*,#3437,.T.);
#4946=ORIENTED_EDGE('',*,*,#3438,.T.);
#4947=ORIENTED_EDGE('',*,*,#3439,.T.);
#4948=ORIENTED_EDGE('',*,*,#3440,.T.);
#4949=ORIENTED_EDGE('',*,*,#3430,.F.);
#4950=ORIENTED_EDGE('',*,*,#3441,.F.);
#4951=ORIENTED_EDGE('',*,*,#3442,.T.);
#4952=ORIENTED_EDGE('',*,*,#3443,.F.);
#4953=ORIENTED_EDGE('',*,*,#3442,.F.);
#4954=ORIENTED_EDGE('',*,*,#3443,.T.);
#4955=ORIENTED_EDGE('',*,*,#3444,.T.);
#4956=ORIENTED_EDGE('',*,*,#3440,.F.);
#4957=ORIENTED_EDGE('',*,*,#3444,.F.);
#4958=ORIENTED_EDGE('',*,*,#3445,.F.);
#4959=ORIENTED_EDGE('',*,*,#3446,.T.);
#4960=ORIENTED_EDGE('',*,*,#3447,.F.);
#4961=ORIENTED_EDGE('',*,*,#3446,.F.);
#4962=ORIENTED_EDGE('',*,*,#3447,.T.);
#4963=ORIENTED_EDGE('',*,*,#3448,.T.);
#4964=ORIENTED_EDGE('',*,*,#3439,.F.);
#4965=ORIENTED_EDGE('',*,*,#3448,.F.);
#4966=ORIENTED_EDGE('',*,*,#3449,.F.);
#4967=ORIENTED_EDGE('',*,*,#3450,.T.);
#4968=ORIENTED_EDGE('',*,*,#3451,.F.);
#4969=ORIENTED_EDGE('',*,*,#3450,.F.);
#4970=ORIENTED_EDGE('',*,*,#3451,.T.);
#4971=ORIENTED_EDGE('',*,*,#3452,.T.);
#4972=ORIENTED_EDGE('',*,*,#3438,.F.);
#4973=ORIENTED_EDGE('',*,*,#3452,.F.);
#4974=ORIENTED_EDGE('',*,*,#3453,.F.);
#4975=ORIENTED_EDGE('',*,*,#3454,.T.);
#4976=ORIENTED_EDGE('',*,*,#3455,.F.);
#4977=ORIENTED_EDGE('',*,*,#3454,.F.);
#4978=ORIENTED_EDGE('',*,*,#3455,.T.);
#4979=ORIENTED_EDGE('',*,*,#3456,.T.);
#4980=ORIENTED_EDGE('',*,*,#3437,.F.);
#4981=ORIENTED_EDGE('',*,*,#3456,.F.);
#4982=ORIENTED_EDGE('',*,*,#3457,.F.);
#4983=ORIENTED_EDGE('',*,*,#3286,.T.);
#4984=ORIENTED_EDGE('',*,*,#2705,.T.);
#4985=ORIENTED_EDGE('',*,*,#3412,.T.);
#4986=ORIENTED_EDGE('',*,*,#3406,.T.);
#4987=ORIENTED_EDGE('',*,*,#3410,.T.);
#4988=ORIENTED_EDGE('',*,*,#2703,.T.);
#4989=ORIENTED_EDGE('',*,*,#3364,.T.);
#4990=ORIENTED_EDGE('',*,*,#3358,.T.);
#4991=ORIENTED_EDGE('',*,*,#3362,.T.);
#4992=ORIENTED_EDGE('',*,*,#2701,.T.);
#4993=ORIENTED_EDGE('',*,*,#3348,.T.);
#4994=ORIENTED_EDGE('',*,*,#3342,.T.);
#4995=ORIENTED_EDGE('',*,*,#3346,.T.);
#4996=ORIENTED_EDGE('',*,*,#2699,.T.);
#4997=ORIENTED_EDGE('',*,*,#3308,.T.);
#4998=ORIENTED_EDGE('',*,*,#3305,.T.);
#4999=ORIENTED_EDGE('',*,*,#3302,.T.);
#5000=ORIENTED_EDGE('',*,*,#2697,.T.);
#5001=ORIENTED_EDGE('',*,*,#3396,.T.);
#5002=ORIENTED_EDGE('',*,*,#3390,.T.);
#5003=ORIENTED_EDGE('',*,*,#3394,.T.);
#5004=ORIENTED_EDGE('',*,*,#2695,.T.);
#5005=ORIENTED_EDGE('',*,*,#3405,.T.);
#5006=ORIENTED_EDGE('',*,*,#3400,.T.);
#5007=ORIENTED_EDGE('',*,*,#3403,.T.);
#5008=ORIENTED_EDGE('',*,*,#2693,.T.);
#5009=ORIENTED_EDGE('',*,*,#3357,.T.);
#5010=ORIENTED_EDGE('',*,*,#3352,.T.);
#5011=ORIENTED_EDGE('',*,*,#3355,.T.);
#5012=ORIENTED_EDGE('',*,*,#2691,.T.);
#5013=ORIENTED_EDGE('',*,*,#3294,.T.);
#5014=ORIENTED_EDGE('',*,*,#3299,.T.);
#5015=ORIENTED_EDGE('',*,*,#3301,.T.);
#5016=ORIENTED_EDGE('',*,*,#2689,.T.);
#5017=ORIENTED_EDGE('',*,*,#3332,.T.);
#5018=ORIENTED_EDGE('',*,*,#3326,.T.);
#5019=ORIENTED_EDGE('',*,*,#3330,.T.);
#5020=ORIENTED_EDGE('',*,*,#2687,.T.);
#5021=ORIENTED_EDGE('',*,*,#3380,.T.);
#5022=ORIENTED_EDGE('',*,*,#3374,.T.);
#5023=ORIENTED_EDGE('',*,*,#3378,.T.);
#5024=ORIENTED_EDGE('',*,*,#2685,.T.);
#5025=ORIENTED_EDGE('',*,*,#3325,.T.);
#5026=ORIENTED_EDGE('',*,*,#3320,.T.);
#5027=ORIENTED_EDGE('',*,*,#3323,.T.);
#5028=ORIENTED_EDGE('',*,*,#2683,.T.);
#5029=ORIENTED_EDGE('',*,*,#3317,.T.);
#5030=ORIENTED_EDGE('',*,*,#3310,.T.);
#5031=ORIENTED_EDGE('',*,*,#3314,.T.);
#5032=ORIENTED_EDGE('',*,*,#2713,.T.);
#5033=ORIENTED_EDGE('',*,*,#3373,.T.);
#5034=ORIENTED_EDGE('',*,*,#3368,.T.);
#5035=ORIENTED_EDGE('',*,*,#3371,.T.);
#5036=ORIENTED_EDGE('',*,*,#2711,.T.);
#5037=ORIENTED_EDGE('',*,*,#3341,.T.);
#5038=ORIENTED_EDGE('',*,*,#3336,.T.);
#5039=ORIENTED_EDGE('',*,*,#3339,.T.);
#5040=ORIENTED_EDGE('',*,*,#2709,.T.);
#5041=ORIENTED_EDGE('',*,*,#3389,.T.);
#5042=ORIENTED_EDGE('',*,*,#3384,.T.);
#5043=ORIENTED_EDGE('',*,*,#3387,.T.);
#5044=ORIENTED_EDGE('',*,*,#2707,.T.);
#5045=ORIENTED_EDGE('',*,*,#3292,.T.);
#5046=ORIENTED_EDGE('',*,*,#3289,.T.);
#5047=ORIENTED_EDGE('',*,*,#3428,.F.);
#5048=ORIENTED_EDGE('',*,*,#3429,.F.);
#5049=ORIENTED_EDGE('',*,*,#3458,.T.);
#5050=ORIENTED_EDGE('',*,*,#3457,.T.);
#5051=ORIENTED_EDGE('',*,*,#3458,.F.);
#5052=ORIENTED_EDGE('',*,*,#3426,.F.);
#5053=ORIENTED_EDGE('',*,*,#3095,.F.);
#5054=ORIENTED_EDGE('',*,*,#2888,.T.);
#5055=ORIENTED_EDGE('',*,*,#3066,.T.);
#5056=ORIENTED_EDGE('',*,*,#3459,.F.);
#5057=ORIENTED_EDGE('',*,*,#3460,.T.);
#5058=ORIENTED_EDGE('',*,*,#3414,.T.);
#5059=ORIENTED_EDGE('',*,*,#3460,.F.);
#5060=ORIENTED_EDGE('',*,*,#3459,.T.);
#5061=ORIENTED_EDGE('',*,*,#3076,.T.);
#5062=ORIENTED_EDGE('',*,*,#3079,.F.);
#5063=ORIENTED_EDGE('',*,*,#3082,.T.);
#5064=ORIENTED_EDGE('',*,*,#3085,.F.);
#5065=ORIENTED_EDGE('',*,*,#3086,.T.);
#5066=ORIENTED_EDGE('',*,*,#3067,.F.);
#5067=ORIENTED_EDGE('',*,*,#2886,.T.);
#5068=ORIENTED_EDGE('',*,*,#3072,.F.);
#5069=ORIENTED_EDGE('',*,*,#2894,.T.);
#5070=ORIENTED_EDGE('',*,*,#3125,.F.);
#5071=ORIENTED_EDGE('',*,*,#3127,.T.);
#5072=ORIENTED_EDGE('',*,*,#3119,.F.);
#5073=ORIENTED_EDGE('',*,*,#3121,.T.);
#5074=ORIENTED_EDGE('',*,*,#3112,.F.);
#5075=ORIENTED_EDGE('',*,*,#3116,.T.);
#5076=ORIENTED_EDGE('',*,*,#3130,.F.);
#5077=ORIENTED_EDGE('',*,*,#3033,.T.);
#5078=ORIENTED_EDGE('',*,*,#3024,.F.);
#5079=ORIENTED_EDGE('',*,*,#3028,.T.);
#5080=ORIENTED_EDGE('',*,*,#3041,.F.);
#5081=ORIENTED_EDGE('',*,*,#3042,.T.);
#5082=ORIENTED_EDGE('',*,*,#3036,.F.);
#5083=ORIENTED_EDGE('',*,*,#2878,.T.);
#5084=ORIENTED_EDGE('',*,*,#3031,.F.);
#5085=ORIENTED_EDGE('',*,*,#2950,.T.);
#5086=ORIENTED_EDGE('',*,*,#3200,.F.);
#5087=ORIENTED_EDGE('',*,*,#3204,.T.);
#5088=ORIENTED_EDGE('',*,*,#3207,.F.);
#5089=ORIENTED_EDGE('',*,*,#3210,.T.);
#5090=ORIENTED_EDGE('',*,*,#3213,.F.);
#5091=ORIENTED_EDGE('',*,*,#3216,.T.);
#5092=ORIENTED_EDGE('',*,*,#3218,.F.);
#5093=ORIENTED_EDGE('',*,*,#3152,.T.);
#5094=ORIENTED_EDGE('',*,*,#3134,.F.);
#5095=ORIENTED_EDGE('',*,*,#3138,.T.);
#5096=ORIENTED_EDGE('',*,*,#3141,.F.);
#5097=ORIENTED_EDGE('',*,*,#3144,.T.);
#5098=ORIENTED_EDGE('',*,*,#3146,.F.);
#5099=ORIENTED_EDGE('',*,*,#2898,.T.);
#5100=ORIENTED_EDGE('',*,*,#3150,.F.);
#5101=ORIENTED_EDGE('',*,*,#2954,.T.);
#5102=ORIENTED_EDGE('',*,*,#3222,.F.);
#5103=ORIENTED_EDGE('',*,*,#3226,.T.);
#5104=ORIENTED_EDGE('',*,*,#3229,.F.);
#5105=ORIENTED_EDGE('',*,*,#3232,.T.);
#5106=ORIENTED_EDGE('',*,*,#3235,.F.);
#5107=ORIENTED_EDGE('',*,*,#3238,.T.);
#5108=ORIENTED_EDGE('',*,*,#3240,.F.);
#5109=ORIENTED_EDGE('',*,*,#3055,.T.);
#5110=ORIENTED_EDGE('',*,*,#3046,.F.);
#5111=ORIENTED_EDGE('',*,*,#3050,.T.);
#5112=ORIENTED_EDGE('',*,*,#3063,.F.);
#5113=ORIENTED_EDGE('',*,*,#3064,.T.);
#5114=ORIENTED_EDGE('',*,*,#3058,.F.);
#5115=ORIENTED_EDGE('',*,*,#2882,.T.);
#5116=ORIENTED_EDGE('',*,*,#3053,.F.);
#5117=ORIENTED_EDGE('',*,*,#2890,.T.);
#5118=ORIENTED_EDGE('',*,*,#3094,.F.);
#5119=ORIENTED_EDGE('',*,*,#3098,.T.);
#5120=ORIENTED_EDGE('',*,*,#3101,.F.);
#5121=ORIENTED_EDGE('',*,*,#3104,.T.);
#5122=ORIENTED_EDGE('',*,*,#3107,.F.);
#5123=ORIENTED_EDGE('',*,*,#3108,.T.);
#5124=ORIENTED_EDGE('',*,*,#3089,.F.);
#5125=ORIENTED_EDGE('',*,*,#3284,.T.);
#5126=ORIENTED_EDGE('',*,*,#3266,.F.);
#5127=ORIENTED_EDGE('',*,*,#3270,.T.);
#5128=ORIENTED_EDGE('',*,*,#3273,.F.);
#5129=ORIENTED_EDGE('',*,*,#3276,.T.);
#5130=ORIENTED_EDGE('',*,*,#3278,.F.);
#5131=ORIENTED_EDGE('',*,*,#2962,.T.);
#5132=ORIENTED_EDGE('',*,*,#3282,.F.);
#5133=ORIENTED_EDGE('',*,*,#2906,.T.);
#5134=ORIENTED_EDGE('',*,*,#3185,.F.);
#5135=ORIENTED_EDGE('',*,*,#3187,.T.);
#5136=ORIENTED_EDGE('',*,*,#3178,.F.);
#5137=ORIENTED_EDGE('',*,*,#3182,.T.);
#5138=ORIENTED_EDGE('',*,*,#3191,.F.);
#5139=ORIENTED_EDGE('',*,*,#3194,.T.);
#5140=ORIENTED_EDGE('',*,*,#3196,.F.);
#5141=ORIENTED_EDGE('',*,*,#3174,.T.);
#5142=ORIENTED_EDGE('',*,*,#3156,.F.);
#5143=ORIENTED_EDGE('',*,*,#3160,.T.);
#5144=ORIENTED_EDGE('',*,*,#3163,.F.);
#5145=ORIENTED_EDGE('',*,*,#3166,.T.);
#5146=ORIENTED_EDGE('',*,*,#3168,.F.);
#5147=ORIENTED_EDGE('',*,*,#2902,.T.);
#5148=ORIENTED_EDGE('',*,*,#3172,.F.);
#5149=ORIENTED_EDGE('',*,*,#2958,.T.);
#5150=ORIENTED_EDGE('',*,*,#3244,.F.);
#5151=ORIENTED_EDGE('',*,*,#3248,.T.);
#5152=ORIENTED_EDGE('',*,*,#3251,.F.);
#5153=ORIENTED_EDGE('',*,*,#3254,.T.);
#5154=ORIENTED_EDGE('',*,*,#3257,.F.);
#5155=ORIENTED_EDGE('',*,*,#3260,.T.);
#5156=ORIENTED_EDGE('',*,*,#3262,.F.);
#5157=ORIENTED_EDGE('',*,*,#3441,.T.);
#5158=ORIENTED_EDGE('',*,*,#3445,.T.);
#5159=ORIENTED_EDGE('',*,*,#3449,.T.);
#5160=ORIENTED_EDGE('',*,*,#3453,.T.);
#5161=ORIENTED_EDGE('',*,*,#3434,.F.);
#5162=ORIENTED_EDGE('',*,*,#3436,.T.);
#5163=ORIENTED_EDGE('',*,*,#3461,.T.);
#5164=ORIENTED_EDGE('',*,*,#3021,.F.);
#5165=ORIENTED_EDGE('',*,*,#3461,.F.);
#5166=TOROIDAL_SURFACE('',#5471,10.6,1.);
#5167=TOROIDAL_SURFACE('',#5541,10.6,1.);
#5168=TOROIDAL_SURFACE('',#5544,10.6,1.);
#5169=TOROIDAL_SURFACE('',#5547,10.6,1.);
#5170=TOROIDAL_SURFACE('',#5550,10.6,1.);
#5171=TOROIDAL_SURFACE('',#5553,10.6,1.);
#5172=TOROIDAL_SURFACE('',#5556,10.6,1.);
#5173=TOROIDAL_SURFACE('',#5560,11.7806697434127,1.);
#5174=TOROIDAL_SURFACE('',#5561,10.6,1.);
#5175=TOROIDAL_SURFACE('',#5564,10.6,1.);
#5176=TOROIDAL_SURFACE('',#5568,11.7806697434127,1.);
#5177=TOROIDAL_SURFACE('',#5572,10.6,1.);
#5178=TOROIDAL_SURFACE('',#5576,11.7806697434127,1.);
#5179=TOROIDAL_SURFACE('',#5577,10.6,1.);
#5180=TOROIDAL_SURFACE('',#5581,11.7806697434127,1.);
#5181=TOROIDAL_SURFACE('',#5582,10.6,1.);
#5182=TOROIDAL_SURFACE('',#5585,10.6,1.);
#5183=TOROIDAL_SURFACE('',#5589,10.6,1.);
#5184=TOROIDAL_SURFACE('',#5593,10.6,1.);
#5185=TOROIDAL_SURFACE('',#5597,11.7806697434127,1.);
#5186=TOROIDAL_SURFACE('',#5598,10.6,1.);
#5187=TOROIDAL_SURFACE('',#5602,11.7806697434127,1.);
#5188=TOROIDAL_SURFACE('',#6044,4.,1.);
#5189=ADVANCED_FACE('',(#332),#5166,.T.);
#5190=ADVANCED_FACE('',(#333),#314,.T.);
#5191=ADVANCED_FACE('',(#334),#161,.F.);
#5192=ADVANCED_FACE('',(#335),#5167,.T.);
#5193=ADVANCED_FACE('',(#336),#162,.F.);
#5194=ADVANCED_FACE('',(#337),#5168,.T.);
#5195=ADVANCED_FACE('',(#338),#163,.F.);
#5196=ADVANCED_FACE('',(#339),#5169,.T.);
#5197=ADVANCED_FACE('',(#340),#164,.F.);
#5198=ADVANCED_FACE('',(#341),#5170,.T.);
#5199=ADVANCED_FACE('',(#342),#165,.F.);
#5200=ADVANCED_FACE('',(#343),#5171,.T.);
#5201=ADVANCED_FACE('',(#344),#166,.F.);
#5202=ADVANCED_FACE('',(#345),#5172,.T.);
#5203=ADVANCED_FACE('',(#346),#167,.F.);
#5204=ADVANCED_FACE('',(#347),#5173,.F.);
#5205=ADVANCED_FACE('',(#348),#5174,.T.);
#5206=ADVANCED_FACE('',(#349),#168,.F.);
#5207=ADVANCED_FACE('',(#350),#5175,.T.);
#5208=ADVANCED_FACE('',(#351),#169,.F.);
#5209=ADVANCED_FACE('',(#352),#5176,.F.);
#5210=ADVANCED_FACE('',(#353),#170,.F.);
#5211=ADVANCED_FACE('',(#354),#171,.F.);
#5212=ADVANCED_FACE('',(#355),#172,.F.);
#5213=ADVANCED_FACE('',(#356),#5177,.T.);
#5214=ADVANCED_FACE('',(#357),#173,.F.);
#5215=ADVANCED_FACE('',(#358),#5178,.F.);
#5216=ADVANCED_FACE('',(#359),#5179,.T.);
#5217=ADVANCED_FACE('',(#360),#174,.F.);
#5218=ADVANCED_FACE('',(#361),#5180,.F.);
#5219=ADVANCED_FACE('',(#362),#5181,.T.);
#5220=ADVANCED_FACE('',(#363),#175,.F.);
#5221=ADVANCED_FACE('',(#364),#5182,.T.);
#5222=ADVANCED_FACE('',(#365),#176,.F.);
#5223=ADVANCED_FACE('',(#366),#177,.F.);
#5224=ADVANCED_FACE('',(#367),#5183,.T.);
#5225=ADVANCED_FACE('',(#368),#178,.F.);
#5226=ADVANCED_FACE('',(#369),#179,.F.);
#5227=ADVANCED_FACE('',(#370),#5184,.T.);
#5228=ADVANCED_FACE('',(#371),#180,.F.);
#5229=ADVANCED_FACE('',(#372),#5185,.F.);
#5230=ADVANCED_FACE('',(#373),#5186,.T.);
#5231=ADVANCED_FACE('',(#374),#181,.F.);
#5232=ADVANCED_FACE('',(#375),#5187,.F.);
#5233=ADVANCED_FACE('',(#376),#182,.F.);
#5234=ADVANCED_FACE('',(#377),#183,.F.);
#5235=ADVANCED_FACE('',(#378),#184,.F.);
#5236=ADVANCED_FACE('',(#379),#185,.F.);
#5237=ADVANCED_FACE('',(#380),#40,.T.);
#5238=ADVANCED_FACE('',(#381),#41,.T.);
#5239=ADVANCED_FACE('',(#382),#42,.T.);
#5240=ADVANCED_FACE('',(#383),#43,.T.);
#5241=ADVANCED_FACE('',(#384),#44,.T.);
#5242=ADVANCED_FACE('',(#385),#45,.T.);
#5243=ADVANCED_FACE('',(#386),#46,.T.);
#5244=ADVANCED_FACE('',(#387),#186,.F.);
#5245=ADVANCED_FACE('',(#388),#187,.F.);
#5246=ADVANCED_FACE('',(#389),#47,.T.);
#5247=ADVANCED_FACE('',(#390),#48,.T.);
#5248=ADVANCED_FACE('',(#391),#49,.T.);
#5249=ADVANCED_FACE('',(#392),#50,.T.);
#5250=ADVANCED_FACE('',(#393),#51,.T.);
#5251=ADVANCED_FACE('',(#394),#52,.T.);
#5252=ADVANCED_FACE('',(#395),#53,.T.);
#5253=ADVANCED_FACE('',(#396),#54,.T.);
#5254=ADVANCED_FACE('',(#397),#188,.F.);
#5255=ADVANCED_FACE('',(#398),#55,.T.);
#5256=ADVANCED_FACE('',(#399),#56,.T.);
#5257=ADVANCED_FACE('',(#400),#189,.F.);
#5258=ADVANCED_FACE('',(#401),#57,.T.);
#5259=ADVANCED_FACE('',(#402),#58,.T.);
#5260=ADVANCED_FACE('',(#403),#190,.F.);
#5261=ADVANCED_FACE('',(#404),#191,.F.);
#5262=ADVANCED_FACE('',(#405),#59,.T.);
#5263=ADVANCED_FACE('',(#406),#60,.T.);
#5264=ADVANCED_FACE('',(#407),#192,.F.);
#5265=ADVANCED_FACE('',(#408),#61,.T.);
#5266=ADVANCED_FACE('',(#409),#62,.T.);
#5267=ADVANCED_FACE('',(#410),#63,.T.);
#5268=ADVANCED_FACE('',(#411),#64,.T.);
#5269=ADVANCED_FACE('',(#412),#65,.T.);
#5270=ADVANCED_FACE('',(#413),#66,.T.);
#5271=ADVANCED_FACE('',(#414),#67,.T.);
#5272=ADVANCED_FACE('',(#415),#68,.T.);
#5273=ADVANCED_FACE('',(#416),#69,.T.);
#5274=ADVANCED_FACE('',(#417),#70,.T.);
#5275=ADVANCED_FACE('',(#418),#71,.T.);
#5276=ADVANCED_FACE('',(#419),#72,.T.);
#5277=ADVANCED_FACE('',(#420),#73,.T.);
#5278=ADVANCED_FACE('',(#421),#74,.T.);
#5279=ADVANCED_FACE('',(#422),#75,.T.);
#5280=ADVANCED_FACE('',(#423),#76,.T.);
#5281=ADVANCED_FACE('',(#424,#15),#193,.T.);
#5282=ADVANCED_FACE('',(#425),#77,.F.);
#5283=ADVANCED_FACE('',(#426),#78,.F.);
#5284=ADVANCED_FACE('',(#427),#79,.F.);
#5285=ADVANCED_FACE('',(#428),#194,.F.);
#5286=ADVANCED_FACE('',(#429),#80,.F.);
#5287=ADVANCED_FACE('',(#430),#81,.F.);
#5288=ADVANCED_FACE('',(#431),#195,.F.);
#5289=ADVANCED_FACE('',(#432),#82,.F.);
#5290=ADVANCED_FACE('',(#433),#83,.F.);
#5291=ADVANCED_FACE('',(#434),#84,.F.);
#5292=ADVANCED_FACE('',(#435),#196,.F.);
#5293=ADVANCED_FACE('',(#436),#85,.F.);
#5294=ADVANCED_FACE('',(#437),#86,.F.);
#5295=ADVANCED_FACE('',(#438),#197,.F.);
#5296=ADVANCED_FACE('',(#439),#87,.F.);
#5297=ADVANCED_FACE('',(#440),#88,.F.);
#5298=ADVANCED_FACE('',(#441),#198,.F.);
#5299=ADVANCED_FACE('',(#442),#89,.F.);
#5300=ADVANCED_FACE('',(#443),#90,.F.);
#5301=ADVANCED_FACE('',(#444),#91,.F.);
#5302=ADVANCED_FACE('',(#445),#199,.F.);
#5303=ADVANCED_FACE('',(#446),#92,.F.);
#5304=ADVANCED_FACE('',(#447),#93,.F.);
#5305=ADVANCED_FACE('',(#448),#200,.F.);
#5306=ADVANCED_FACE('',(#449),#94,.F.);
#5307=ADVANCED_FACE('',(#450),#95,.F.);
#5308=ADVANCED_FACE('',(#451),#96,.F.);
#5309=ADVANCED_FACE('',(#452),#201,.F.);
#5310=ADVANCED_FACE('',(#453),#97,.F.);
#5311=ADVANCED_FACE('',(#454),#202,.F.);
#5312=ADVANCED_FACE('',(#455),#98,.F.);
#5313=ADVANCED_FACE('',(#456),#99,.F.);
#5314=ADVANCED_FACE('',(#457),#100,.F.);
#5315=ADVANCED_FACE('',(#458),#203,.F.);
#5316=ADVANCED_FACE('',(#459),#101,.F.);
#5317=ADVANCED_FACE('',(#460),#102,.F.);
#5318=ADVANCED_FACE('',(#461),#103,.F.);
#5319=ADVANCED_FACE('',(#462),#104,.F.);
#5320=ADVANCED_FACE('',(#463),#204,.F.);
#5321=ADVANCED_FACE('',(#464),#105,.F.);
#5322=ADVANCED_FACE('',(#465),#106,.F.);
#5323=ADVANCED_FACE('',(#466),#205,.F.);
#5324=ADVANCED_FACE('',(#467),#107,.F.);
#5325=ADVANCED_FACE('',(#468),#108,.F.);
#5326=ADVANCED_FACE('',(#469),#109,.F.);
#5327=ADVANCED_FACE('',(#470),#206,.F.);
#5328=ADVANCED_FACE('',(#471),#110,.F.);
#5329=ADVANCED_FACE('',(#472),#111,.F.);
#5330=ADVANCED_FACE('',(#473),#207,.F.);
#5331=ADVANCED_FACE('',(#474),#112,.F.);
#5332=ADVANCED_FACE('',(#475),#113,.F.);
#5333=ADVANCED_FACE('',(#476),#114,.F.);
#5334=ADVANCED_FACE('',(#477),#208,.F.);
#5335=ADVANCED_FACE('',(#478),#115,.F.);
#5336=ADVANCED_FACE('',(#479),#209,.F.);
#5337=ADVANCED_FACE('',(#480),#116,.F.);
#5338=ADVANCED_FACE('',(#481),#117,.F.);
#5339=ADVANCED_FACE('',(#482),#210,.F.);
#5340=ADVANCED_FACE('',(#483),#118,.F.);
#5341=ADVANCED_FACE('',(#484),#119,.F.);
#5342=ADVANCED_FACE('',(#485),#120,.F.);
#5343=ADVANCED_FACE('',(#486),#211,.F.);
#5344=ADVANCED_FACE('',(#487),#121,.F.);
#5345=ADVANCED_FACE('',(#488),#122,.F.);
#5346=ADVANCED_FACE('',(#489),#212,.F.);
#5347=ADVANCED_FACE('',(#490),#123,.F.);
#5348=ADVANCED_FACE('',(#491),#124,.F.);
#5349=ADVANCED_FACE('',(#492),#125,.F.);
#5350=ADVANCED_FACE('',(#493),#213,.F.);
#5351=ADVANCED_FACE('',(#494),#126,.F.);
#5352=ADVANCED_FACE('',(#495),#127,.F.);
#5353=ADVANCED_FACE('',(#496),#214,.F.);
#5354=ADVANCED_FACE('',(#497),#128,.F.);
#5355=ADVANCED_FACE('',(#498),#129,.F.);
#5356=ADVANCED_FACE('',(#499),#130,.F.);
#5357=ADVANCED_FACE('',(#500),#215,.F.);
#5358=ADVANCED_FACE('',(#501),#131,.F.);
#5359=ADVANCED_FACE('',(#502),#132,.F.);
#5360=ADVANCED_FACE('',(#503),#133,.F.);
#5361=ADVANCED_FACE('',(#504),#134,.F.);
#5362=ADVANCED_FACE('',(#505),#216,.F.);
#5363=ADVANCED_FACE('',(#506),#135,.F.);
#5364=ADVANCED_FACE('',(#507),#136,.F.);
#5365=ADVANCED_FACE('',(#508),#217,.F.);
#5366=ADVANCED_FACE('',(#509),#218,.F.);
#5367=ADVANCED_FACE('',(#510),#137,.F.);
#5368=ADVANCED_FACE('',(#511),#219,.F.);
#5369=ADVANCED_FACE('',(#512),#220,.F.);
#5370=ADVANCED_FACE('',(#513),#221,.F.);
#5371=ADVANCED_FACE('',(#514),#222,.F.);
#5372=ADVANCED_FACE('',(#515),#138,.F.);
#5373=ADVANCED_FACE('',(#516),#223,.F.);
#5374=ADVANCED_FACE('',(#517),#224,.F.);
#5375=ADVANCED_FACE('',(#518),#139,.F.);
#5376=ADVANCED_FACE('',(#519),#225,.F.);
#5377=ADVANCED_FACE('',(#520),#226,.F.);
#5378=ADVANCED_FACE('',(#521),#140,.F.);
#5379=ADVANCED_FACE('',(#522),#227,.F.);
#5380=ADVANCED_FACE('',(#523),#228,.F.);
#5381=ADVANCED_FACE('',(#524),#229,.F.);
#5382=ADVANCED_FACE('',(#525),#141,.F.);
#5383=ADVANCED_FACE('',(#526),#230,.F.);
#5384=ADVANCED_FACE('',(#527),#231,.F.);
#5385=ADVANCED_FACE('',(#528),#142,.F.);
#5386=ADVANCED_FACE('',(#529),#232,.F.);
#5387=ADVANCED_FACE('',(#530),#233,.F.);
#5388=ADVANCED_FACE('',(#531),#143,.F.);
#5389=ADVANCED_FACE('',(#532),#234,.F.);
#5390=ADVANCED_FACE('',(#533),#235,.F.);
#5391=ADVANCED_FACE('',(#534),#144,.F.);
#5392=ADVANCED_FACE('',(#535),#236,.F.);
#5393=ADVANCED_FACE('',(#536),#237,.F.);
#5394=ADVANCED_FACE('',(#537),#145,.F.);
#5395=ADVANCED_FACE('',(#538),#238,.F.);
#5396=ADVANCED_FACE('',(#539),#239,.F.);
#5397=ADVANCED_FACE('',(#540),#146,.F.);
#5398=ADVANCED_FACE('',(#541),#240,.F.);
#5399=ADVANCED_FACE('',(#542),#241,.F.);
#5400=ADVANCED_FACE('',(#543),#147,.F.);
#5401=ADVANCED_FACE('',(#544),#242,.F.);
#5402=ADVANCED_FACE('',(#545),#243,.F.);
#5403=ADVANCED_FACE('',(#546),#148,.F.);
#5404=ADVANCED_FACE('',(#547),#244,.F.);
#5405=ADVANCED_FACE('',(#548),#245,.F.);
#5406=ADVANCED_FACE('',(#549),#149,.F.);
#5407=ADVANCED_FACE('',(#550),#246,.F.);
#5408=ADVANCED_FACE('',(#551),#247,.F.);
#5409=ADVANCED_FACE('',(#552),#150,.F.);
#5410=ADVANCED_FACE('',(#553),#248,.F.);
#5411=ADVANCED_FACE('',(#554),#249,.F.);
#5412=ADVANCED_FACE('',(#555),#151,.F.);
#5413=ADVANCED_FACE('',(#556),#250,.F.);
#5414=ADVANCED_FACE('',(#557),#251,.F.);
#5415=ADVANCED_FACE('',(#558),#152,.F.);
#5416=ADVANCED_FACE('',(#559),#252,.F.);
#5417=ADVANCED_FACE('',(#560),#253,.F.);
#5418=ADVANCED_FACE('',(#561,#16),#254,.T.);
#5419=ADVANCED_FACE('',(#562),#315,.T.);
#5420=ADVANCED_FACE('',(#563),#316,.T.);
#5421=ADVANCED_FACE('',(#564),#317,.T.);
#5422=ADVANCED_FACE('',(#565),#318,.T.);
#5423=ADVANCED_FACE('',(#566),#319,.T.);
#5424=ADVANCED_FACE('',(#567),#320,.T.);
#5425=ADVANCED_FACE('',(#568),#321,.T.);
#5426=ADVANCED_FACE('',(#569),#322,.T.);
#5427=ADVANCED_FACE('',(#570),#323,.T.);
#5428=ADVANCED_FACE('',(#571),#324,.T.);
#5429=ADVANCED_FACE('',(#572),#325,.T.);
#5430=ADVANCED_FACE('',(#573),#326,.T.);
#5431=ADVANCED_FACE('',(#574),#5188,.T.);
#5432=ADVANCED_FACE('',(#575),#153,.F.);
#5433=ADVANCED_FACE('',(#576,#17,#18,#19,#20,#21),#255,.T.);
#5434=ADVANCED_FACE('',(#577),#327,.F.);
#5435=ADVANCED_FACE('',(#578),#154,.F.);
#5436=ADVANCED_FACE('',(#579),#328,.F.);
#5437=ADVANCED_FACE('',(#580),#155,.F.);
#5438=ADVANCED_FACE('',(#581),#329,.F.);
#5439=ADVANCED_FACE('',(#582),#156,.F.);
#5440=ADVANCED_FACE('',(#583),#330,.F.);
#5441=ADVANCED_FACE('',(#584),#157,.F.);
#5442=ADVANCED_FACE('',(#585,#22),#256,.T.);
#5443=ADVANCED_FACE('',(#586),#158,.T.);
#5444=ADVANCED_FACE('',(#587),#331,.T.);
#5445=ADVANCED_FACE('',(#588),#159,.T.);
#5446=ADVANCED_FACE('',(#589,#23,#24,#25,#26,#27,#28,#29,#30,#31,#32,#33,
#34,#35,#36,#37,#38,#39),#257,.T.);
#5447=ADVANCED_FACE('',(#590),#160,.F.);
#5448=CLOSED_SHELL('',(#5189,#5190,#5191,#5192,#5193,#5194,#5195,#5196,
#5197,#5198,#5199,#5200,#5201,#5202,#5203,#5204,#5205,#5206,#5207,#5208,
#5209,#5210,#5211,#5212,#5213,#5214,#5215,#5216,#5217,#5218,#5219,#5220,
#5221,#5222,#5223,#5224,#5225,#5226,#5227,#5228,#5229,#5230,#5231,#5232,
#5233,#5234,#5235,#5236,#5237,#5238,#5239,#5240,#5241,#5242,#5243,#5244,
#5245,#5246,#5247,#5248,#5249,#5250,#5251,#5252,#5253,#5254,#5255,#5256,
#5257,#5258,#5259,#5260,#5261,#5262,#5263,#5264,#5265,#5266,#5267,#5268,
#5269,#5270,#5271,#5272,#5273,#5274,#5275,#5276,#5277,#5278,#5279,#5280,
#5281,#5282,#5283,#5284,#5285,#5286,#5287,#5288,#5289,#5290,#5291,#5292,
#5293,#5294,#5295,#5296,#5297,#5298,#5299,#5300,#5301,#5302,#5303,#5304,
#5305,#5306,#5307,#5308,#5309,#5310,#5311,#5312,#5313,#5314,#5315,#5316,
#5317,#5318,#5319,#5320,#5321,#5322,#5323,#5324,#5325,#5326,#5327,#5328,
#5329,#5330,#5331,#5332,#5333,#5334,#5335,#5336,#5337,#5338,#5339,#5340,
#5341,#5342,#5343,#5344,#5345,#5346,#5347,#5348,#5349,#5350,#5351,#5352,
#5353,#5354,#5355,#5356,#5357,#5358,#5359,#5360,#5361,#5362,#5363,#5364,
#5365,#5366,#5367,#5368,#5369,#5370,#5371,#5372,#5373,#5374,#5375,#5376,
#5377,#5378,#5379,#5380,#5381,#5382,#5383,#5384,#5385,#5386,#5387,#5388,
#5389,#5390,#5391,#5392,#5393,#5394,#5395,#5396,#5397,#5398,#5399,#5400,
#5401,#5402,#5403,#5404,#5405,#5406,#5407,#5408,#5409,#5410,#5411,#5412,
#5413,#5414,#5415,#5416,#5417,#5418,#5419,#5420,#5421,#5422,#5423,#5424,
#5425,#5426,#5427,#5428,#5429,#5430,#5431,#5432,#5433,#5434,#5435,#5436,
#5437,#5438,#5439,#5440,#5441,#5442,#5443,#5444,#5445,#5446,#5447));
#5449=DERIVED_UNIT_ELEMENT(#5452,1.);
#5450=DERIVED_UNIT_ELEMENT(#9895,-3.);
#5451=DIMENSIONAL_EXPONENTS(0.,1.,0.,0.,0.,0.,0.);
#5452=(
CONVERSION_BASED_UNIT('gram',#5454)
MASS_UNIT()
NAMED_UNIT(#5451)
);
#5453=(
MASS_UNIT()
NAMED_UNIT(*)
SI_UNIT(.KILO.,.GRAM.)
);
#5454=MASS_MEASURE_WITH_UNIT(MASS_MEASURE(0.001),#5453);
#5455=DERIVED_UNIT((#5449,#5450));
#5456=MEASURE_REPRESENTATION_ITEM('density measure',
POSITIVE_RATIO_MEASURE(1.),#5455);
#5457=PROPERTY_DEFINITION_REPRESENTATION(#5462,#5459);
#5458=PROPERTY_DEFINITION_REPRESENTATION(#5463,#5460);
#5459=REPRESENTATION('material name',(#5461),#9892);
#5460=REPRESENTATION('density',(#5456),#9892);
#5461=DESCRIPTIVE_REPRESENTATION_ITEM('Generic','Generic');
#5462=PROPERTY_DEFINITION('material property','material name',#9902);
#5463=PROPERTY_DEFINITION('material property','density of part',#9902);
#5464=DATE_TIME_ROLE('creation_date');
#5465=APPLIED_DATE_AND_TIME_ASSIGNMENT(#5466,#5464,(#9902));
#5466=DATE_AND_TIME(#5467,#5468);
#5467=CALENDAR_DATE(2026,7,5);
#5468=LOCAL_TIME(0,0,0.,#5469);
#5469=COORDINATED_UNIVERSAL_TIME_OFFSET(0,0,.BEHIND.);
#5470=AXIS2_PLACEMENT_3D('',#7680,#6081,#6082);
#5471=AXIS2_PLACEMENT_3D('',#7681,#6083,#6084);
#5472=AXIS2_PLACEMENT_3D('',#7693,#6085,#6086);
#5473=AXIS2_PLACEMENT_3D('',#7706,#6088,#6089);
#5474=AXIS2_PLACEMENT_3D('',#7708,#6091,#6092);
#5475=AXIS2_PLACEMENT_3D('',#7711,#6093,#6094);
#5476=AXIS2_PLACEMENT_3D('',#7715,#6096,#6097);
#5477=AXIS2_PLACEMENT_3D('',#7721,#6098,#6099);
#5478=AXIS2_PLACEMENT_3D('',#7727,#6100,#6101);
#5479=AXIS2_PLACEMENT_3D('',#7733,#6102,#6103);
#5480=AXIS2_PLACEMENT_3D('',#7739,#6104,#6105);
#5481=AXIS2_PLACEMENT_3D('',#7745,#6106,#6107);
#5482=AXIS2_PLACEMENT_3D('',#7751,#6108,#6109);
#5483=AXIS2_PLACEMENT_3D('',#7757,#6110,#6111);
#5484=AXIS2_PLACEMENT_3D('',#7763,#6112,#6113);
#5485=AXIS2_PLACEMENT_3D('',#7769,#6114,#6115);
#5486=AXIS2_PLACEMENT_3D('',#7775,#6116,#6117);
#5487=AXIS2_PLACEMENT_3D('',#7781,#6118,#6119);
#5488=AXIS2_PLACEMENT_3D('',#7787,#6120,#6121);
#5489=AXIS2_PLACEMENT_3D('',#7793,#6122,#6123);
#5490=AXIS2_PLACEMENT_3D('',#7799,#6124,#6125);
#5491=AXIS2_PLACEMENT_3D('',#7805,#6126,#6127);
#5492=AXIS2_PLACEMENT_3D('',#7811,#6128,#6129);
#5493=AXIS2_PLACEMENT_3D('',#7820,#6130,#6131);
#5494=AXIS2_PLACEMENT_3D('',#7826,#6132,#6133);
#5495=AXIS2_PLACEMENT_3D('',#7832,#6134,#6135);
#5496=AXIS2_PLACEMENT_3D('',#7838,#6136,#6137);
#5497=AXIS2_PLACEMENT_3D('',#7844,#6138,#6139);
#5498=AXIS2_PLACEMENT_3D('',#7850,#6140,#6141);
#5499=AXIS2_PLACEMENT_3D('',#7856,#6142,#6143);
#5500=AXIS2_PLACEMENT_3D('',#7862,#6144,#6145);
#5501=AXIS2_PLACEMENT_3D('',#7868,#6146,#6147);
#5502=AXIS2_PLACEMENT_3D('',#7874,#6148,#6149);
#5503=AXIS2_PLACEMENT_3D('',#7880,#6150,#6151);
#5504=AXIS2_PLACEMENT_3D('',#7886,#6152,#6153);
#5505=AXIS2_PLACEMENT_3D('',#7892,#6154,#6155);
#5506=AXIS2_PLACEMENT_3D('',#7898,#6156,#6157);
#5507=AXIS2_PLACEMENT_3D('',#7903,#6158,#6159);
#5508=AXIS2_PLACEMENT_3D('',#7905,#6160,#6161);
#5509=AXIS2_PLACEMENT_3D('',#7907,#6162,#6163);
#5510=AXIS2_PLACEMENT_3D('',#7909,#6164,#6165);
#5511=AXIS2_PLACEMENT_3D('',#7911,#6166,#6167);
#5512=AXIS2_PLACEMENT_3D('',#7913,#6168,#6169);
#5513=AXIS2_PLACEMENT_3D('',#7915,#6170,#6171);
#5514=AXIS2_PLACEMENT_3D('',#7917,#6172,#6173);
#5515=AXIS2_PLACEMENT_3D('',#7919,#6174,#6175);
#5516=AXIS2_PLACEMENT_3D('',#7921,#6176,#6177);
#5517=AXIS2_PLACEMENT_3D('',#7923,#6178,#6179);
#5518=AXIS2_PLACEMENT_3D('',#7925,#6180,#6181);
#5519=AXIS2_PLACEMENT_3D('',#7927,#6182,#6183);
#5520=AXIS2_PLACEMENT_3D('',#7929,#6184,#6185);
#5521=AXIS2_PLACEMENT_3D('',#7931,#6186,#6187);
#5522=AXIS2_PLACEMENT_3D('',#7933,#6188,#6189);
#5523=AXIS2_PLACEMENT_3D('',#7935,#6190,#6191);
#5524=AXIS2_PLACEMENT_3D('',#7937,#6192,#6193);
#5525=AXIS2_PLACEMENT_3D('',#7939,#6194,#6195);
#5526=AXIS2_PLACEMENT_3D('',#7941,#6196,#6197);
#5527=AXIS2_PLACEMENT_3D('',#7943,#6198,#6199);
#5528=AXIS2_PLACEMENT_3D('',#7945,#6200,#6201);
#5529=AXIS2_PLACEMENT_3D('',#7947,#6202,#6203);
#5530=AXIS2_PLACEMENT_3D('',#7949,#6204,#6205);
#5531=AXIS2_PLACEMENT_3D('',#7951,#6206,#6207);
#5532=AXIS2_PLACEMENT_3D('',#7953,#6208,#6209);
#5533=AXIS2_PLACEMENT_3D('',#7955,#6210,#6211);
#5534=AXIS2_PLACEMENT_3D('',#7957,#6212,#6213);
#5535=AXIS2_PLACEMENT_3D('',#7959,#6214,#6215);
#5536=AXIS2_PLACEMENT_3D('',#7961,#6216,#6217);
#5537=AXIS2_PLACEMENT_3D('',#7963,#6218,#6219);
#5538=AXIS2_PLACEMENT_3D('',#7965,#6220,#6221);
#5539=AXIS2_PLACEMENT_3D('',#7966,#6222,#6223);
#5540=AXIS2_PLACEMENT_3D('',#7967,#6224,#6225);
#5541=AXIS2_PLACEMENT_3D('',#7973,#6229,#6230);
#5542=AXIS2_PLACEMENT_3D('',#7995,#6232,#6233);
#5543=AXIS2_PLACEMENT_3D('',#7997,#6235,#6236);
#5544=AXIS2_PLACEMENT_3D('',#8003,#6240,#6241);
#5545=AXIS2_PLACEMENT_3D('',#8025,#6243,#6244);
#5546=AXIS2_PLACEMENT_3D('',#8027,#6246,#6247);
#5547=AXIS2_PLACEMENT_3D('',#8033,#6251,#6252);
#5548=AXIS2_PLACEMENT_3D('',#8055,#6254,#6255);
#5549=AXIS2_PLACEMENT_3D('',#8057,#6257,#6258);
#5550=AXIS2_PLACEMENT_3D('',#8063,#6262,#6263);
#5551=AXIS2_PLACEMENT_3D('',#8085,#6265,#6266);
#5552=AXIS2_PLACEMENT_3D('',#8087,#6268,#6269);
#5553=AXIS2_PLACEMENT_3D('',#8093,#6273,#6274);
#5554=AXIS2_PLACEMENT_3D('',#8115,#6276,#6277);
#5555=AXIS2_PLACEMENT_3D('',#8117,#6279,#6280);
#5556=AXIS2_PLACEMENT_3D('',#8123,#6284,#6285);
#5557=AXIS2_PLACEMENT_3D('',#8135,#6286,#6287);
#5558=AXIS2_PLACEMENT_3D('',#8145,#6288,#6289);
#5559=AXIS2_PLACEMENT_3D('',#8146,#6290,#6291);
#5560=AXIS2_PLACEMENT_3D('',#8156,#6295,#6296);
#5561=AXIS2_PLACEMENT_3D('',#8161,#6297,#6298);
#5562=AXIS2_PLACEMENT_3D('',#8183,#6300,#6301);
#5563=AXIS2_PLACEMENT_3D('',#8185,#6303,#6304);
#5564=AXIS2_PLACEMENT_3D('',#8191,#6308,#6309);
#5565=AXIS2_PLACEMENT_3D('',#8203,#6310,#6311);
#5566=AXIS2_PLACEMENT_3D('',#8213,#6312,#6313);
#5567=AXIS2_PLACEMENT_3D('',#8214,#6314,#6315);
#5568=AXIS2_PLACEMENT_3D('',#8224,#6319,#6320);
#5569=AXIS2_PLACEMENT_3D('',#8229,#6321,#6322);
#5570=AXIS2_PLACEMENT_3D('',#8235,#6326,#6327);
#5571=AXIS2_PLACEMENT_3D('',#8241,#6331,#6332);
#5572=AXIS2_PLACEMENT_3D('',#8247,#6336,#6337);
#5573=AXIS2_PLACEMENT_3D('',#8259,#6338,#6339);
#5574=AXIS2_PLACEMENT_3D('',#8269,#6340,#6341);
#5575=AXIS2_PLACEMENT_3D('',#8270,#6342,#6343);
#5576=AXIS2_PLACEMENT_3D('',#8280,#6347,#6348);
#5577=AXIS2_PLACEMENT_3D('',#8285,#6349,#6350);
#5578=AXIS2_PLACEMENT_3D('',#8297,#6351,#6352);
#5579=AXIS2_PLACEMENT_3D('',#8307,#6353,#6354);
#5580=AXIS2_PLACEMENT_3D('',#8308,#6355,#6356);
#5581=AXIS2_PLACEMENT_3D('',#8318,#6360,#6361);
#5582=AXIS2_PLACEMENT_3D('',#8323,#6362,#6363);
#5583=AXIS2_PLACEMENT_3D('',#8338,#6364,#6365);
#5584=AXIS2_PLACEMENT_3D('',#8339,#6366,#6367);
#5585=AXIS2_PLACEMENT_3D('',#8345,#6371,#6372);
#5586=AXIS2_PLACEMENT_3D('',#8367,#6374,#6375);
#5587=AXIS2_PLACEMENT_3D('',#8369,#6377,#6378);
#5588=AXIS2_PLACEMENT_3D('',#8375,#6382,#6383);
#5589=AXIS2_PLACEMENT_3D('',#8381,#6387,#6388);
#5590=AXIS2_PLACEMENT_3D('',#8403,#6390,#6391);
#5591=AXIS2_PLACEMENT_3D('',#8405,#6393,#6394);
#5592=AXIS2_PLACEMENT_3D('',#8411,#6398,#6399);
#5593=AXIS2_PLACEMENT_3D('',#8417,#6403,#6404);
#5594=AXIS2_PLACEMENT_3D('',#8429,#6405,#6406);
#5595=AXIS2_PLACEMENT_3D('',#8439,#6407,#6408);
#5596=AXIS2_PLACEMENT_3D('',#8440,#6409,#6410);
#5597=AXIS2_PLACEMENT_3D('',#8450,#6414,#6415);
#5598=AXIS2_PLACEMENT_3D('',#8455,#6416,#6417);
#5599=AXIS2_PLACEMENT_3D('',#8467,#6418,#6419);
#5600=AXIS2_PLACEMENT_3D('',#8477,#6420,#6421);
#5601=AXIS2_PLACEMENT_3D('',#8478,#6422,#6423);
#5602=AXIS2_PLACEMENT_3D('',#8488,#6427,#6428);
#5603=AXIS2_PLACEMENT_3D('',#8493,#6429,#6430);
#5604=AXIS2_PLACEMENT_3D('',#8499,#6434,#6435);
#5605=AXIS2_PLACEMENT_3D('',#8505,#6439,#6440);
#5606=AXIS2_PLACEMENT_3D('',#8511,#6444,#6445);
#5607=AXIS2_PLACEMENT_3D('',#8517,#6449,#6450);
#5608=AXIS2_PLACEMENT_3D('',#8521,#6452,#6453);
#5609=AXIS2_PLACEMENT_3D('',#8523,#6455,#6456);
#5610=AXIS2_PLACEMENT_3D('',#8527,#6458,#6459);
#5611=AXIS2_PLACEMENT_3D('',#8529,#6461,#6462);
#5612=AXIS2_PLACEMENT_3D('',#8533,#6464,#6465);
#5613=AXIS2_PLACEMENT_3D('',#8535,#6467,#6468);
#5614=AXIS2_PLACEMENT_3D('',#8540,#6470,#6471);
#5615=AXIS2_PLACEMENT_3D('',#8544,#6473,#6474);
#5616=AXIS2_PLACEMENT_3D('',#8548,#6476,#6477);
#5617=AXIS2_PLACEMENT_3D('',#8552,#6479,#6480);
#5618=AXIS2_PLACEMENT_3D('',#8556,#6482,#6483);
#5619=AXIS2_PLACEMENT_3D('',#8560,#6485,#6486);
#5620=AXIS2_PLACEMENT_3D('',#8564,#6488,#6489);
#5621=AXIS2_PLACEMENT_3D('',#8568,#6491,#6492);
#5622=AXIS2_PLACEMENT_3D('',#8572,#6494,#6495);
#5623=AXIS2_PLACEMENT_3D('',#8576,#6497,#6498);
#5624=AXIS2_PLACEMENT_3D('',#8580,#6500,#6501);
#5625=AXIS2_PLACEMENT_3D('',#8584,#6503,#6504);
#5626=AXIS2_PLACEMENT_3D('',#8588,#6506,#6507);
#5627=AXIS2_PLACEMENT_3D('',#8592,#6509,#6510);
#5628=AXIS2_PLACEMENT_3D('',#8596,#6512,#6513);
#5629=AXIS2_PLACEMENT_3D('',#8600,#6515,#6516);
#5630=AXIS2_PLACEMENT_3D('',#8604,#6518,#6519);
#5631=AXIS2_PLACEMENT_3D('',#8609,#6522,#6523);
#5632=AXIS2_PLACEMENT_3D('',#8614,#6526,#6527);
#5633=AXIS2_PLACEMENT_3D('',#8619,#6530,#6531);
#5634=AXIS2_PLACEMENT_3D('',#8624,#6534,#6535);
#5635=AXIS2_PLACEMENT_3D('',#8629,#6538,#6539);
#5636=AXIS2_PLACEMENT_3D('',#8634,#6542,#6543);
#5637=AXIS2_PLACEMENT_3D('',#8636,#6544,#6545);
#5638=AXIS2_PLACEMENT_3D('',#8641,#6548,#6549);
#5639=AXIS2_PLACEMENT_3D('',#8646,#6552,#6553);
#5640=AXIS2_PLACEMENT_3D('',#8651,#6556,#6557);
#5641=AXIS2_PLACEMENT_3D('',#8656,#6560,#6561);
#5642=AXIS2_PLACEMENT_3D('',#8661,#6564,#6565);
#5643=AXIS2_PLACEMENT_3D('',#8665,#6568,#6569);
#5644=AXIS2_PLACEMENT_3D('',#8667,#6570,#6571);
#5645=AXIS2_PLACEMENT_3D('',#8671,#6573,#6574);
#5646=AXIS2_PLACEMENT_3D('',#8675,#6576,#6577);
#5647=AXIS2_PLACEMENT_3D('',#8679,#6579,#6580);
#5648=AXIS2_PLACEMENT_3D('',#8683,#6582,#6583);
#5649=AXIS2_PLACEMENT_3D('',#8687,#6585,#6586);
#5650=AXIS2_PLACEMENT_3D('',#8691,#6588,#6589);
#5651=AXIS2_PLACEMENT_3D('',#8695,#6591,#6592);
#5652=AXIS2_PLACEMENT_3D('',#8698,#6594,#6595);
#5653=AXIS2_PLACEMENT_3D('',#8699,#6596,#6597);
#5654=AXIS2_PLACEMENT_3D('',#8703,#6599,#6600);
#5655=AXIS2_PLACEMENT_3D('',#8705,#6602,#6603);
#5656=AXIS2_PLACEMENT_3D('',#8706,#6604,#6605);
#5657=AXIS2_PLACEMENT_3D('',#8707,#6606,#6607);
#5658=AXIS2_PLACEMENT_3D('',#8710,#6609,#6610);
#5659=AXIS2_PLACEMENT_3D('',#8711,#6611,#6612);
#5660=AXIS2_PLACEMENT_3D('',#8715,#6615,#6616);
#5661=AXIS2_PLACEMENT_3D('',#8721,#6620,#6621);
#5662=AXIS2_PLACEMENT_3D('',#8722,#6622,#6623);
#5663=AXIS2_PLACEMENT_3D('',#8723,#6624,#6625);
#5664=AXIS2_PLACEMENT_3D('',#8724,#6626,#6627);
#5665=AXIS2_PLACEMENT_3D('',#8725,#6628,#6629);
#5666=AXIS2_PLACEMENT_3D('',#8726,#6630,#6631);
#5667=AXIS2_PLACEMENT_3D('',#8727,#6632,#6633);
#5668=AXIS2_PLACEMENT_3D('',#8728,#6634,#6635);
#5669=AXIS2_PLACEMENT_3D('',#8729,#6636,#6637);
#5670=AXIS2_PLACEMENT_3D('',#8730,#6638,#6639);
#5671=AXIS2_PLACEMENT_3D('',#8731,#6640,#6641);
#5672=AXIS2_PLACEMENT_3D('',#8732,#6642,#6643);
#5673=AXIS2_PLACEMENT_3D('',#8733,#6644,#6645);
#5674=AXIS2_PLACEMENT_3D('',#8734,#6646,#6647);
#5675=AXIS2_PLACEMENT_3D('',#8735,#6648,#6649);
#5676=AXIS2_PLACEMENT_3D('',#8736,#6650,#6651);
#5677=AXIS2_PLACEMENT_3D('',#8737,#6652,#6653);
#5678=AXIS2_PLACEMENT_3D('',#8743,#6657,#6658);
#5679=AXIS2_PLACEMENT_3D('',#8744,#6659,#6660);
#5680=AXIS2_PLACEMENT_3D('',#8745,#6661,#6662);
#5681=AXIS2_PLACEMENT_3D('',#8748,#6664,#6665);
#5682=AXIS2_PLACEMENT_3D('',#8749,#6666,#6667);
#5683=AXIS2_PLACEMENT_3D('',#8753,#6670,#6671);
#5684=AXIS2_PLACEMENT_3D('',#8754,#6672,#6673);
#5685=AXIS2_PLACEMENT_3D('',#8755,#6674,#6675);
#5686=AXIS2_PLACEMENT_3D('',#8758,#6677,#6678);
#5687=AXIS2_PLACEMENT_3D('',#8759,#6679,#6680);
#5688=AXIS2_PLACEMENT_3D('',#8763,#6683,#6684);
#5689=AXIS2_PLACEMENT_3D('',#8769,#6688,#6689);
#5690=AXIS2_PLACEMENT_3D('',#8770,#6690,#6691);
#5691=AXIS2_PLACEMENT_3D('',#8771,#6692,#6693);
#5692=AXIS2_PLACEMENT_3D('',#8774,#6695,#6696);
#5693=AXIS2_PLACEMENT_3D('',#8775,#6697,#6698);
#5694=AXIS2_PLACEMENT_3D('',#8779,#6701,#6702);
#5695=AXIS2_PLACEMENT_3D('',#8780,#6703,#6704);
#5696=AXIS2_PLACEMENT_3D('',#8781,#6705,#6706);
#5697=AXIS2_PLACEMENT_3D('',#8782,#6707,#6708);
#5698=AXIS2_PLACEMENT_3D('',#8783,#6709,#6710);
#5699=AXIS2_PLACEMENT_3D('',#8784,#6711,#6712);
#5700=AXIS2_PLACEMENT_3D('',#8785,#6713,#6714);
#5701=AXIS2_PLACEMENT_3D('',#8786,#6715,#6716);
#5702=AXIS2_PLACEMENT_3D('',#8787,#6717,#6718);
#5703=AXIS2_PLACEMENT_3D('',#8788,#6719,#6720);
#5704=AXIS2_PLACEMENT_3D('',#8789,#6721,#6722);
#5705=AXIS2_PLACEMENT_3D('',#8790,#6723,#6724);
#5706=AXIS2_PLACEMENT_3D('',#8791,#6725,#6726);
#5707=AXIS2_PLACEMENT_3D('',#8792,#6727,#6728);
#5708=AXIS2_PLACEMENT_3D('',#8793,#6729,#6730);
#5709=AXIS2_PLACEMENT_3D('',#8794,#6731,#6732);
#5710=AXIS2_PLACEMENT_3D('',#8795,#6733,#6734);
#5711=AXIS2_PLACEMENT_3D('',#8796,#6735,#6736);
#5712=AXIS2_PLACEMENT_3D('',#8797,#6737,#6738);
#5713=AXIS2_PLACEMENT_3D('',#8798,#6739,#6740);
#5714=AXIS2_PLACEMENT_3D('',#8799,#6741,#6742);
#5715=AXIS2_PLACEMENT_3D('',#8800,#6743,#6744);
#5716=AXIS2_PLACEMENT_3D('',#8801,#6745,#6746);
#5717=AXIS2_PLACEMENT_3D('',#8802,#6747,#6748);
#5718=AXIS2_PLACEMENT_3D('',#8803,#6749,#6750);
#5719=AXIS2_PLACEMENT_3D('',#8804,#6751,#6752);
#5720=AXIS2_PLACEMENT_3D('',#8805,#6753,#6754);
#5721=AXIS2_PLACEMENT_3D('',#8806,#6755,#6756);
#5722=AXIS2_PLACEMENT_3D('',#8807,#6757,#6758);
#5723=AXIS2_PLACEMENT_3D('',#8808,#6759,#6760);
#5724=AXIS2_PLACEMENT_3D('',#8809,#6761,#6762);
#5725=AXIS2_PLACEMENT_3D('',#8810,#6763,#6764);
#5726=AXIS2_PLACEMENT_3D('',#8811,#6765,#6766);
#5727=AXIS2_PLACEMENT_3D('',#8813,#6767,#6768);
#5728=AXIS2_PLACEMENT_3D('',#8814,#6769,#6770);
#5729=AXIS2_PLACEMENT_3D('',#8817,#6771,#6772);
#5730=AXIS2_PLACEMENT_3D('',#8821,#6774,#6775);
#5731=AXIS2_PLACEMENT_3D('',#8823,#6777,#6778);
#5732=AXIS2_PLACEMENT_3D('',#8825,#6779,#6780);
#5733=AXIS2_PLACEMENT_3D('',#8828,#6782,#6783);
#5734=AXIS2_PLACEMENT_3D('',#8829,#6784,#6785);
#5735=AXIS2_PLACEMENT_3D('',#8832,#6786,#6787);
#5736=AXIS2_PLACEMENT_3D('',#8835,#6789,#6790);
#5737=AXIS2_PLACEMENT_3D('',#8844,#6791,#6792);
#5738=AXIS2_PLACEMENT_3D('',#8847,#6795,#6796);
#5739=AXIS2_PLACEMENT_3D('',#8858,#6797,#6798);
#5740=AXIS2_PLACEMENT_3D('',#8861,#6800,#6801);
#5741=AXIS2_PLACEMENT_3D('',#8862,#6802,#6803);
#5742=AXIS2_PLACEMENT_3D('',#8864,#6804,#6805);
#5743=AXIS2_PLACEMENT_3D('',#8867,#6807,#6808);
#5744=AXIS2_PLACEMENT_3D('',#8868,#6809,#6810);
#5745=AXIS2_PLACEMENT_3D('',#8871,#6813,#6814);
#5746=AXIS2_PLACEMENT_3D('',#8874,#6815,#6816);
#5747=AXIS2_PLACEMENT_3D('',#8878,#6818,#6819);
#5748=AXIS2_PLACEMENT_3D('',#8880,#6821,#6822);
#5749=AXIS2_PLACEMENT_3D('',#8882,#6823,#6824);
#5750=AXIS2_PLACEMENT_3D('',#8885,#6826,#6827);
#5751=AXIS2_PLACEMENT_3D('',#8886,#6828,#6829);
#5752=AXIS2_PLACEMENT_3D('',#8889,#6830,#6831);
#5753=AXIS2_PLACEMENT_3D('',#8892,#6833,#6834);
#5754=AXIS2_PLACEMENT_3D('',#8901,#6835,#6836);
#5755=AXIS2_PLACEMENT_3D('',#8904,#6839,#6840);
#5756=AXIS2_PLACEMENT_3D('',#8915,#6841,#6842);
#5757=AXIS2_PLACEMENT_3D('',#8918,#6844,#6845);
#5758=AXIS2_PLACEMENT_3D('',#8919,#6846,#6847);
#5759=AXIS2_PLACEMENT_3D('',#8921,#6848,#6849);
#5760=AXIS2_PLACEMENT_3D('',#8924,#6851,#6852);
#5761=AXIS2_PLACEMENT_3D('',#8925,#6853,#6854);
#5762=AXIS2_PLACEMENT_3D('',#8928,#6857,#6858);
#5763=AXIS2_PLACEMENT_3D('',#8939,#6859,#6860);
#5764=AXIS2_PLACEMENT_3D('',#8942,#6862,#6863);
#5765=AXIS2_PLACEMENT_3D('',#8943,#6864,#6865);
#5766=AXIS2_PLACEMENT_3D('',#8946,#6866,#6867);
#5767=AXIS2_PLACEMENT_3D('',#8949,#6869,#6870);
#5768=AXIS2_PLACEMENT_3D('',#8958,#6871,#6872);
#5769=AXIS2_PLACEMENT_3D('',#8964,#6876,#6877);
#5770=AXIS2_PLACEMENT_3D('',#8966,#6878,#6879);
#5771=AXIS2_PLACEMENT_3D('',#8969,#6881,#6882);
#5772=AXIS2_PLACEMENT_3D('',#8970,#6883,#6884);
#5773=AXIS2_PLACEMENT_3D('',#8972,#6885,#6886);
#5774=AXIS2_PLACEMENT_3D('',#8975,#6888,#6889);
#5775=AXIS2_PLACEMENT_3D('',#8976,#6890,#6891);
#5776=AXIS2_PLACEMENT_3D('',#8978,#6892,#6893);
#5777=AXIS2_PLACEMENT_3D('',#8981,#6895,#6896);
#5778=AXIS2_PLACEMENT_3D('',#8982,#6897,#6898);
#5779=AXIS2_PLACEMENT_3D('',#8985,#6901,#6902);
#5780=AXIS2_PLACEMENT_3D('',#8996,#6903,#6904);
#5781=AXIS2_PLACEMENT_3D('',#8999,#6906,#6907);
#5782=AXIS2_PLACEMENT_3D('',#9000,#6908,#6909);
#5783=AXIS2_PLACEMENT_3D('',#9003,#6910,#6911);
#5784=AXIS2_PLACEMENT_3D('',#9006,#6913,#6914);
#5785=AXIS2_PLACEMENT_3D('',#9015,#6915,#6916);
#5786=AXIS2_PLACEMENT_3D('',#9021,#6920,#6921);
#5787=AXIS2_PLACEMENT_3D('',#9023,#6922,#6923);
#5788=AXIS2_PLACEMENT_3D('',#9026,#6925,#6926);
#5789=AXIS2_PLACEMENT_3D('',#9027,#6927,#6928);
#5790=AXIS2_PLACEMENT_3D('',#9029,#6929,#6930);
#5791=AXIS2_PLACEMENT_3D('',#9032,#6932,#6933);
#5792=AXIS2_PLACEMENT_3D('',#9033,#6934,#6935);
#5793=AXIS2_PLACEMENT_3D('',#9035,#6936,#6937);
#5794=AXIS2_PLACEMENT_3D('',#9038,#6939,#6940);
#5795=AXIS2_PLACEMENT_3D('',#9039,#6941,#6942);
#5796=AXIS2_PLACEMENT_3D('',#9042,#6945,#6946);
#5797=AXIS2_PLACEMENT_3D('',#9045,#6947,#6948);
#5798=AXIS2_PLACEMENT_3D('',#9049,#6950,#6951);
#5799=AXIS2_PLACEMENT_3D('',#9051,#6953,#6954);
#5800=AXIS2_PLACEMENT_3D('',#9057,#6958,#6959);
#5801=AXIS2_PLACEMENT_3D('',#9060,#6960,#6961);
#5802=AXIS2_PLACEMENT_3D('',#9064,#6963,#6964);
#5803=AXIS2_PLACEMENT_3D('',#9066,#6966,#6967);
#5804=AXIS2_PLACEMENT_3D('',#9067,#6968,#6969);
#5805=AXIS2_PLACEMENT_3D('',#9068,#6970,#6971);
#5806=AXIS2_PLACEMENT_3D('',#9069,#6972,#6973);
#5807=AXIS2_PLACEMENT_3D('',#9072,#6974,#6975);
#5808=AXIS2_PLACEMENT_3D('',#9075,#6977,#6978);
#5809=AXIS2_PLACEMENT_3D('',#9084,#6979,#6980);
#5810=AXIS2_PLACEMENT_3D('',#9087,#6983,#6984);
#5811=AXIS2_PLACEMENT_3D('',#9097,#6985,#6986);
#5812=AXIS2_PLACEMENT_3D('',#9098,#6987,#6988);
#5813=AXIS2_PLACEMENT_3D('',#9099,#6989,#6990);
#5814=AXIS2_PLACEMENT_3D('',#9102,#6991,#6992);
#5815=AXIS2_PLACEMENT_3D('',#9106,#6994,#6995);
#5816=AXIS2_PLACEMENT_3D('',#9108,#6997,#6998);
#5817=AXIS2_PLACEMENT_3D('',#9110,#6999,#7000);
#5818=AXIS2_PLACEMENT_3D('',#9113,#7002,#7003);
#5819=AXIS2_PLACEMENT_3D('',#9114,#7004,#7005);
#5820=AXIS2_PLACEMENT_3D('',#9116,#7006,#7007);
#5821=AXIS2_PLACEMENT_3D('',#9119,#7009,#7010);
#5822=AXIS2_PLACEMENT_3D('',#9120,#7011,#7012);
#5823=AXIS2_PLACEMENT_3D('',#9126,#7016,#7017);
#5824=AXIS2_PLACEMENT_3D('',#9136,#7018,#7019);
#5825=AXIS2_PLACEMENT_3D('',#9137,#7020,#7021);
#5826=AXIS2_PLACEMENT_3D('',#9138,#7022,#7023);
#5827=AXIS2_PLACEMENT_3D('',#9141,#7024,#7025);
#5828=AXIS2_PLACEMENT_3D('',#9144,#7027,#7028);
#5829=AXIS2_PLACEMENT_3D('',#9153,#7029,#7030);
#5830=AXIS2_PLACEMENT_3D('',#9156,#7033,#7034);
#5831=AXIS2_PLACEMENT_3D('',#9159,#7035,#7036);
#5832=AXIS2_PLACEMENT_3D('',#9163,#7038,#7039);
#5833=AXIS2_PLACEMENT_3D('',#9165,#7041,#7042);
#5834=AXIS2_PLACEMENT_3D('',#9167,#7043,#7044);
#5835=AXIS2_PLACEMENT_3D('',#9170,#7046,#7047);
#5836=AXIS2_PLACEMENT_3D('',#9171,#7048,#7049);
#5837=AXIS2_PLACEMENT_3D('',#9173,#7050,#7051);
#5838=AXIS2_PLACEMENT_3D('',#9176,#7053,#7054);
#5839=AXIS2_PLACEMENT_3D('',#9177,#7055,#7056);
#5840=AXIS2_PLACEMENT_3D('',#9183,#7060,#7061);
#5841=AXIS2_PLACEMENT_3D('',#9193,#7062,#7063);
#5842=AXIS2_PLACEMENT_3D('',#9194,#7064,#7065);
#5843=AXIS2_PLACEMENT_3D('',#9195,#7066,#7067);
#5844=AXIS2_PLACEMENT_3D('',#9198,#7068,#7069);
#5845=AXIS2_PLACEMENT_3D('',#9201,#7071,#7072);
#5846=AXIS2_PLACEMENT_3D('',#9210,#7073,#7074);
#5847=AXIS2_PLACEMENT_3D('',#9213,#7077,#7078);
#5848=AXIS2_PLACEMENT_3D('',#9216,#7079,#7080);
#5849=AXIS2_PLACEMENT_3D('',#9220,#7082,#7083);
#5850=AXIS2_PLACEMENT_3D('',#9222,#7085,#7086);
#5851=AXIS2_PLACEMENT_3D('',#9224,#7087,#7088);
#5852=AXIS2_PLACEMENT_3D('',#9227,#7090,#7091);
#5853=AXIS2_PLACEMENT_3D('',#9228,#7092,#7093);
#5854=AXIS2_PLACEMENT_3D('',#9231,#7094,#7095);
#5855=AXIS2_PLACEMENT_3D('',#9234,#7097,#7098);
#5856=AXIS2_PLACEMENT_3D('',#9243,#7099,#7100);
#5857=AXIS2_PLACEMENT_3D('',#9246,#7103,#7104);
#5858=AXIS2_PLACEMENT_3D('',#9248,#7105,#7106);
#5859=AXIS2_PLACEMENT_3D('',#9251,#7108,#7109);
#5860=AXIS2_PLACEMENT_3D('',#9252,#7110,#7111);
#5861=AXIS2_PLACEMENT_3D('',#9258,#7115,#7116);
#5862=AXIS2_PLACEMENT_3D('',#9268,#7117,#7118);
#5863=AXIS2_PLACEMENT_3D('',#9269,#7119,#7120);
#5864=AXIS2_PLACEMENT_3D('',#9270,#7121,#7122);
#5865=AXIS2_PLACEMENT_3D('',#9273,#7123,#7124);
#5866=AXIS2_PLACEMENT_3D('',#9276,#7126,#7127);
#5867=AXIS2_PLACEMENT_3D('',#9285,#7128,#7129);
#5868=AXIS2_PLACEMENT_3D('',#9291,#7133,#7134);
#5869=AXIS2_PLACEMENT_3D('',#9293,#7135,#7136);
#5870=AXIS2_PLACEMENT_3D('',#9296,#7138,#7139);
#5871=AXIS2_PLACEMENT_3D('',#9297,#7140,#7141);
#5872=AXIS2_PLACEMENT_3D('',#9299,#7142,#7143);
#5873=AXIS2_PLACEMENT_3D('',#9302,#7145,#7146);
#5874=AXIS2_PLACEMENT_3D('',#9303,#7147,#7148);
#5875=AXIS2_PLACEMENT_3D('',#9305,#7149,#7150);
#5876=AXIS2_PLACEMENT_3D('',#9308,#7152,#7153);
#5877=AXIS2_PLACEMENT_3D('',#9309,#7154,#7155);
#5878=AXIS2_PLACEMENT_3D('',#9315,#7159,#7160);
#5879=AXIS2_PLACEMENT_3D('',#9325,#7161,#7162);
#5880=AXIS2_PLACEMENT_3D('',#9326,#7163,#7164);
#5881=AXIS2_PLACEMENT_3D('',#9327,#7165,#7166);
#5882=AXIS2_PLACEMENT_3D('',#9330,#7167,#7168);
#5883=AXIS2_PLACEMENT_3D('',#9333,#7170,#7171);
#5884=AXIS2_PLACEMENT_3D('',#9342,#7172,#7173);
#5885=AXIS2_PLACEMENT_3D('',#9348,#7177,#7178);
#5886=AXIS2_PLACEMENT_3D('',#9350,#7179,#7180);
#5887=AXIS2_PLACEMENT_3D('',#9353,#7182,#7183);
#5888=AXIS2_PLACEMENT_3D('',#9354,#7184,#7185);
#5889=AXIS2_PLACEMENT_3D('',#9356,#7186,#7187);
#5890=AXIS2_PLACEMENT_3D('',#9359,#7189,#7190);
#5891=AXIS2_PLACEMENT_3D('',#9360,#7191,#7192);
#5892=AXIS2_PLACEMENT_3D('',#9362,#7193,#7194);
#5893=AXIS2_PLACEMENT_3D('',#9365,#7196,#7197);
#5894=AXIS2_PLACEMENT_3D('',#9366,#7198,#7199);
#5895=AXIS2_PLACEMENT_3D('',#9372,#7203,#7204);
#5896=AXIS2_PLACEMENT_3D('',#9382,#7205,#7206);
#5897=AXIS2_PLACEMENT_3D('',#9383,#7207,#7208);
#5898=AXIS2_PLACEMENT_3D('',#9384,#7209,#7210);
#5899=AXIS2_PLACEMENT_3D('',#9387,#7211,#7212);
#5900=AXIS2_PLACEMENT_3D('',#9390,#7214,#7215);
#5901=AXIS2_PLACEMENT_3D('',#9399,#7216,#7217);
#5902=AXIS2_PLACEMENT_3D('',#9405,#7221,#7222);
#5903=AXIS2_PLACEMENT_3D('',#9407,#7223,#7224);
#5904=AXIS2_PLACEMENT_3D('',#9410,#7226,#7227);
#5905=AXIS2_PLACEMENT_3D('',#9411,#7228,#7229);
#5906=AXIS2_PLACEMENT_3D('',#9413,#7230,#7231);
#5907=AXIS2_PLACEMENT_3D('',#9416,#7233,#7234);
#5908=AXIS2_PLACEMENT_3D('',#9417,#7235,#7236);
#5909=AXIS2_PLACEMENT_3D('',#9419,#7237,#7238);
#5910=AXIS2_PLACEMENT_3D('',#9422,#7240,#7241);
#5911=AXIS2_PLACEMENT_3D('',#9423,#7242,#7243);
#5912=AXIS2_PLACEMENT_3D('',#9429,#7247,#7248);
#5913=AXIS2_PLACEMENT_3D('',#9439,#7249,#7250);
#5914=AXIS2_PLACEMENT_3D('',#9440,#7251,#7252);
#5915=AXIS2_PLACEMENT_3D('',#9441,#7253,#7254);
#5916=AXIS2_PLACEMENT_3D('',#9444,#7255,#7256);
#5917=AXIS2_PLACEMENT_3D('',#9448,#7258,#7259);
#5918=AXIS2_PLACEMENT_3D('',#9450,#7261,#7262);
#5919=AXIS2_PLACEMENT_3D('',#9452,#7263,#7264);
#5920=AXIS2_PLACEMENT_3D('',#9455,#7266,#7267);
#5921=AXIS2_PLACEMENT_3D('',#9456,#7268,#7269);
#5922=AXIS2_PLACEMENT_3D('',#9458,#7270,#7271);
#5923=AXIS2_PLACEMENT_3D('',#9461,#7273,#7274);
#5924=AXIS2_PLACEMENT_3D('',#9462,#7275,#7276);
#5925=AXIS2_PLACEMENT_3D('',#9468,#7280,#7281);
#5926=AXIS2_PLACEMENT_3D('',#9478,#7282,#7283);
#5927=AXIS2_PLACEMENT_3D('',#9479,#7284,#7285);
#5928=AXIS2_PLACEMENT_3D('',#9480,#7286,#7287);
#5929=AXIS2_PLACEMENT_3D('',#9483,#7288,#7289);
#5930=AXIS2_PLACEMENT_3D('',#9486,#7291,#7292);
#5931=AXIS2_PLACEMENT_3D('',#9495,#7293,#7294);
#5932=AXIS2_PLACEMENT_3D('',#9498,#7297,#7298);
#5933=AXIS2_PLACEMENT_3D('',#9504,#7302,#7303);
#5934=AXIS2_PLACEMENT_3D('',#9506,#7304,#7305);
#5935=AXIS2_PLACEMENT_3D('',#9509,#7307,#7308);
#5936=AXIS2_PLACEMENT_3D('',#9510,#7309,#7310);
#5937=AXIS2_PLACEMENT_3D('',#9513,#7313,#7314);
#5938=AXIS2_PLACEMENT_3D('',#9514,#7315,#7316);
#5939=AXIS2_PLACEMENT_3D('',#9520,#7320,#7321);
#5940=AXIS2_PLACEMENT_3D('',#9523,#7323,#7324);
#5941=AXIS2_PLACEMENT_3D('',#9524,#7325,#7326);
#5942=AXIS2_PLACEMENT_3D('',#9526,#7327,#7328);
#5943=AXIS2_PLACEMENT_3D('',#9528,#7330,#7331);
#5944=AXIS2_PLACEMENT_3D('',#9530,#7333,#7334);
#5945=AXIS2_PLACEMENT_3D('',#9536,#7338,#7339);
#5946=AXIS2_PLACEMENT_3D('',#9538,#7340,#7341);
#5947=AXIS2_PLACEMENT_3D('',#9541,#7343,#7344);
#5948=AXIS2_PLACEMENT_3D('',#9542,#7345,#7346);
#5949=AXIS2_PLACEMENT_3D('',#9545,#7349,#7350);
#5950=AXIS2_PLACEMENT_3D('',#9546,#7351,#7352);
#5951=AXIS2_PLACEMENT_3D('',#9549,#7353,#7354);
#5952=AXIS2_PLACEMENT_3D('',#9553,#7356,#7357);
#5953=AXIS2_PLACEMENT_3D('',#9555,#7359,#7360);
#5954=AXIS2_PLACEMENT_3D('',#9558,#7363,#7364);
#5955=AXIS2_PLACEMENT_3D('',#9560,#7366,#7367);
#5956=AXIS2_PLACEMENT_3D('',#9562,#7369,#7370);
#5957=AXIS2_PLACEMENT_3D('',#9565,#7371,#7372);
#5958=AXIS2_PLACEMENT_3D('',#9569,#7374,#7375);
#5959=AXIS2_PLACEMENT_3D('',#9571,#7377,#7378);
#5960=AXIS2_PLACEMENT_3D('',#9576,#7380,#7381);
#5961=AXIS2_PLACEMENT_3D('',#9581,#7383,#7384);
#5962=AXIS2_PLACEMENT_3D('',#9584,#7385,#7386);
#5963=AXIS2_PLACEMENT_3D('',#9588,#7388,#7389);
#5964=AXIS2_PLACEMENT_3D('',#9590,#7391,#7392);
#5965=AXIS2_PLACEMENT_3D('',#9595,#7394,#7395);
#5966=AXIS2_PLACEMENT_3D('',#9600,#7397,#7398);
#5967=AXIS2_PLACEMENT_3D('',#9603,#7399,#7400);
#5968=AXIS2_PLACEMENT_3D('',#9607,#7402,#7403);
#5969=AXIS2_PLACEMENT_3D('',#9609,#7405,#7406);
#5970=AXIS2_PLACEMENT_3D('',#9614,#7408,#7409);
#5971=AXIS2_PLACEMENT_3D('',#9619,#7411,#7412);
#5972=AXIS2_PLACEMENT_3D('',#9622,#7413,#7414);
#5973=AXIS2_PLACEMENT_3D('',#9626,#7416,#7417);
#5974=AXIS2_PLACEMENT_3D('',#9628,#7419,#7420);
#5975=AXIS2_PLACEMENT_3D('',#9633,#7422,#7423);
#5976=AXIS2_PLACEMENT_3D('',#9638,#7425,#7426);
#5977=AXIS2_PLACEMENT_3D('',#9641,#7427,#7428);
#5978=AXIS2_PLACEMENT_3D('',#9645,#7430,#7431);
#5979=AXIS2_PLACEMENT_3D('',#9647,#7433,#7434);
#5980=AXIS2_PLACEMENT_3D('',#9652,#7436,#7437);
#5981=AXIS2_PLACEMENT_3D('',#9657,#7439,#7440);
#5982=AXIS2_PLACEMENT_3D('',#9660,#7441,#7442);
#5983=AXIS2_PLACEMENT_3D('',#9664,#7444,#7445);
#5984=AXIS2_PLACEMENT_3D('',#9666,#7447,#7448);
#5985=AXIS2_PLACEMENT_3D('',#9671,#7450,#7451);
#5986=AXIS2_PLACEMENT_3D('',#9676,#7453,#7454);
#5987=AXIS2_PLACEMENT_3D('',#9679,#7455,#7456);
#5988=AXIS2_PLACEMENT_3D('',#9683,#7458,#7459);
#5989=AXIS2_PLACEMENT_3D('',#9685,#7461,#7462);
#5990=AXIS2_PLACEMENT_3D('',#9690,#7464,#7465);
#5991=AXIS2_PLACEMENT_3D('',#9695,#7467,#7468);
#5992=AXIS2_PLACEMENT_3D('',#9698,#7469,#7470);
#5993=AXIS2_PLACEMENT_3D('',#9702,#7472,#7473);
#5994=AXIS2_PLACEMENT_3D('',#9704,#7475,#7476);
#5995=AXIS2_PLACEMENT_3D('',#9709,#7478,#7479);
#5996=AXIS2_PLACEMENT_3D('',#9714,#7481,#7482);
#5997=AXIS2_PLACEMENT_3D('',#9717,#7483,#7484);
#5998=AXIS2_PLACEMENT_3D('',#9721,#7486,#7487);
#5999=AXIS2_PLACEMENT_3D('',#9723,#7489,#7490);
#6000=AXIS2_PLACEMENT_3D('',#9728,#7492,#7493);
#6001=AXIS2_PLACEMENT_3D('',#9733,#7495,#7496);
#6002=AXIS2_PLACEMENT_3D('',#9736,#7497,#7498);
#6003=AXIS2_PLACEMENT_3D('',#9740,#7500,#7501);
#6004=AXIS2_PLACEMENT_3D('',#9742,#7503,#7504);
#6005=AXIS2_PLACEMENT_3D('',#9747,#7506,#7507);
#6006=AXIS2_PLACEMENT_3D('',#9752,#7509,#7510);
#6007=AXIS2_PLACEMENT_3D('',#9755,#7511,#7512);
#6008=AXIS2_PLACEMENT_3D('',#9759,#7514,#7515);
#6009=AXIS2_PLACEMENT_3D('',#9761,#7517,#7518);
#6010=AXIS2_PLACEMENT_3D('',#9766,#7520,#7521);
#6011=AXIS2_PLACEMENT_3D('',#9771,#7523,#7524);
#6012=AXIS2_PLACEMENT_3D('',#9774,#7525,#7526);
#6013=AXIS2_PLACEMENT_3D('',#9778,#7528,#7529);
#6014=AXIS2_PLACEMENT_3D('',#9780,#7531,#7532);
#6015=AXIS2_PLACEMENT_3D('',#9785,#7534,#7535);
#6016=AXIS2_PLACEMENT_3D('',#9790,#7537,#7538);
#6017=AXIS2_PLACEMENT_3D('',#9792,#7539,#7540);
#6018=AXIS2_PLACEMENT_3D('',#9793,#7541,#7542);
#6019=AXIS2_PLACEMENT_3D('',#9794,#7543,#7544);
#6020=AXIS2_PLACEMENT_3D('',#9795,#7545,#7546);
#6021=AXIS2_PLACEMENT_3D('',#9796,#7547,#7548);
#6022=AXIS2_PLACEMENT_3D('',#9797,#7549,#7550);
#6023=AXIS2_PLACEMENT_3D('',#9798,#7551,#7552);
#6024=AXIS2_PLACEMENT_3D('',#9799,#7553,#7554);
#6025=AXIS2_PLACEMENT_3D('',#9800,#7555,#7556);
#6026=AXIS2_PLACEMENT_3D('',#9801,#7557,#7558);
#6027=AXIS2_PLACEMENT_3D('',#9802,#7559,#7560);
#6028=AXIS2_PLACEMENT_3D('',#9803,#7561,#7562);
#6029=AXIS2_PLACEMENT_3D('',#9804,#7563,#7564);
#6030=AXIS2_PLACEMENT_3D('',#9805,#7565,#7566);
#6031=AXIS2_PLACEMENT_3D('',#9806,#7567,#7568);
#6032=AXIS2_PLACEMENT_3D('',#9807,#7569,#7570);
#6033=AXIS2_PLACEMENT_3D('',#9808,#7571,#7572);
#6034=AXIS2_PLACEMENT_3D('',#9809,#7573,#7574);
#6035=AXIS2_PLACEMENT_3D('',#9810,#7575,#7576);
#6036=AXIS2_PLACEMENT_3D('',#9811,#7577,#7578);
#6037=AXIS2_PLACEMENT_3D('',#9812,#7579,#7580);
#6038=AXIS2_PLACEMENT_3D('',#9813,#7581,#7582);
#6039=AXIS2_PLACEMENT_3D('',#9814,#7583,#7584);
#6040=AXIS2_PLACEMENT_3D('',#9815,#7585,#7586);
#6041=AXIS2_PLACEMENT_3D('',#9816,#7587,#7588);
#6042=AXIS2_PLACEMENT_3D('',#9820,#7590,#7591);
#6043=AXIS2_PLACEMENT_3D('',#9821,#7592,#7593);
#6044=AXIS2_PLACEMENT_3D('',#9822,#7594,#7595);
#6045=AXIS2_PLACEMENT_3D('',#9824,#7596,#7597);
#6046=AXIS2_PLACEMENT_3D('',#9826,#7598,#7599);
#6047=AXIS2_PLACEMENT_3D('',#9828,#7600,#7601);
#6048=AXIS2_PLACEMENT_3D('',#9829,#7602,#7603);
#6049=AXIS2_PLACEMENT_3D('',#9830,#7604,#7605);
#6050=AXIS2_PLACEMENT_3D('',#9832,#7606,#7607);
#6051=AXIS2_PLACEMENT_3D('',#9834,#7609,#7610);
#6052=AXIS2_PLACEMENT_3D('',#9836,#7611,#7612);
#6053=AXIS2_PLACEMENT_3D('',#9838,#7613,#7614);
#6054=AXIS2_PLACEMENT_3D('',#9840,#7615,#7616);
#6055=AXIS2_PLACEMENT_3D('',#9842,#7617,#7618);
#6056=AXIS2_PLACEMENT_3D('',#9844,#7619,#7620);
#6057=AXIS2_PLACEMENT_3D('',#9845,#7621,#7622);
#6058=AXIS2_PLACEMENT_3D('',#9847,#7623,#7624);
#6059=AXIS2_PLACEMENT_3D('',#9850,#7626,#7627);
#6060=AXIS2_PLACEMENT_3D('',#9851,#7628,#7629);
#6061=AXIS2_PLACEMENT_3D('',#9853,#7631,#7632);
#6062=AXIS2_PLACEMENT_3D('',#9855,#7633,#7634);
#6063=AXIS2_PLACEMENT_3D('',#9858,#7636,#7637);
#6064=AXIS2_PLACEMENT_3D('',#9859,#7638,#7639);
#6065=AXIS2_PLACEMENT_3D('',#9861,#7641,#7642);
#6066=AXIS2_PLACEMENT_3D('',#9863,#7643,#7644);
#6067=AXIS2_PLACEMENT_3D('',#9866,#7646,#7647);
#6068=AXIS2_PLACEMENT_3D('',#9867,#7648,#7649);
#6069=AXIS2_PLACEMENT_3D('',#9869,#7651,#7652);
#6070=AXIS2_PLACEMENT_3D('',#9871,#7653,#7654);
#6071=AXIS2_PLACEMENT_3D('',#9874,#7656,#7657);
#6072=AXIS2_PLACEMENT_3D('',#9875,#7658,#7659);
#6073=AXIS2_PLACEMENT_3D('',#9877,#7661,#7662);
#6074=AXIS2_PLACEMENT_3D('',#9879,#7663,#7664);
#6075=AXIS2_PLACEMENT_3D('',#9880,#7665,#7666);
#6076=AXIS2_PLACEMENT_3D('',#9882,#7668,#7669);
#6077=AXIS2_PLACEMENT_3D('',#9883,#7670,#7671);
#6078=AXIS2_PLACEMENT_3D('',#9885,#7672,#7673);
#6079=AXIS2_PLACEMENT_3D('',#9887,#7675,#7676);
#6080=AXIS2_PLACEMENT_3D('',#9888,#7677,#7678);
#6081=DIRECTION('axis',(0.,0.,1.));
#6082=DIRECTION('refdir',(1.,0.,0.));
#6083=DIRECTION('center_axis',(0.,-1.,-2.03444009748065E-16));
#6084=DIRECTION('ref_axis',(0.,1.53134210293125E-16,-1.));
#6085=DIRECTION('center_axis',(0.,-1.,-2.03444009748065E-16));
#6086=DIRECTION('ref_axis',(0.,2.08649654857234E-16,-1.));
#6087=DIRECTION('',(0.,-1.,-2.03444009748065E-16));
#6088=DIRECTION('center_axis',(0.,1.,2.03444009748065E-16));
#6089=DIRECTION('ref_axis',(0.,2.13390412699476E-16,-1.));
#6090=DIRECTION('',(0.,1.,2.03444009748065E-16));
#6091=DIRECTION('center_axis',(0.,-1.,-2.03444009748065E-16));
#6092=DIRECTION('ref_axis',(0.,-2.07801715991629E-16,1.));
#6093=DIRECTION('center_axis',(0.,-1.,-2.03444009748065E-16));
#6094=DIRECTION('ref_axis',(0.,-2.13390412699476E-16,1.));
#6095=DIRECTION('',(-8.65956056235493E-17,-0.707106781186547,-0.707106781186548));
#6096=DIRECTION('center_axis',(0.,1.,1.55820775385987E-16));
#6097=DIRECTION('ref_axis',(-1.,0.,0.));
#6098=DIRECTION('center_axis',(8.1824041103368E-18,-1.,-1.93802322571698E-16));
#6099=DIRECTION('ref_axis',(0.195090322016129,-1.87985400748892E-16,0.98078528040323));
#6100=DIRECTION('center_axis',(0.,1.,1.55820775385987E-16));
#6101=DIRECTION('ref_axis',(-1.,0.,0.));
#6102=DIRECTION('center_axis',(-5.39021510485887E-17,-1.,-1.9066929743371E-16));
#6103=DIRECTION('ref_axis',(0.555570233019603,-1.87985400748892E-16,0.831469612302545));
#6104=DIRECTION('center_axis',(0.,1.,2.3373116307898E-16));
#6105=DIRECTION('ref_axis',(-1.,0.,0.));
#6106=DIRECTION('center_axis',(0.,-1.,-2.03444009748065E-16));
#6107=DIRECTION('ref_axis',(0.,2.08649654857234E-16,-1.));
#6108=DIRECTION('center_axis',(0.,1.,2.3373116307898E-16));
#6109=DIRECTION('ref_axis',(-1.,0.,0.));
#6110=DIRECTION('center_axis',(0.,-1.,-2.03444009748065E-16));
#6111=DIRECTION('ref_axis',(0.,2.08649654857234E-16,-1.));
#6112=DIRECTION('center_axis',(0.,1.,1.94775969232483E-16));
#6113=DIRECTION('ref_axis',(-1.,0.,0.));
#6114=DIRECTION('center_axis',(0.,-1.,-2.03444009748065E-16));
#6115=DIRECTION('ref_axis',(0.,2.08649654857234E-16,-1.));
#6116=DIRECTION('center_axis',(0.,1.,1.94775969232483E-16));
#6117=DIRECTION('ref_axis',(-1.,0.,0.));
#6118=DIRECTION('center_axis',(3.93268656792E-18,-1.,-3.33373238970954E-16));
#6119=DIRECTION('ref_axis',(0.831469612302545,1.87985400748892E-16,-0.555570233019602));
#6120=DIRECTION('center_axis',(0.,1.,2.3373116307898E-16));
#6121=DIRECTION('ref_axis',(-1.,0.,0.));
#6122=DIRECTION('center_axis',(0.,-1.,-2.03444009748065E-16));
#6123=DIRECTION('ref_axis',(0.,2.08649654857234E-16,-1.));
#6124=DIRECTION('center_axis',(0.,1.,2.3373116307898E-16));
#6125=DIRECTION('ref_axis',(-1.,0.,0.));
#6126=DIRECTION('center_axis',(6.8020788557759E-18,-1.,-1.90821723590948E-16));
#6127=DIRECTION('ref_axis',(0.195090322016128,1.87985400748892E-16,-0.980785280403231));
#6128=DIRECTION('center_axis',(0.,1.,1.55820775385987E-16));
#6129=DIRECTION('ref_axis',(-1.,0.,0.));
#6130=DIRECTION('center_axis',(0.,1.,1.55820775385987E-16));
#6131=DIRECTION('ref_axis',(-1.,0.,0.));
#6132=DIRECTION('center_axis',(0.,-1.,-2.03444009748065E-16));
#6133=DIRECTION('ref_axis',(0.,2.08649654857234E-16,-1.));
#6134=DIRECTION('center_axis',(0.,1.,2.3373116307898E-16));
#6135=DIRECTION('ref_axis',(-1.,0.,0.));
#6136=DIRECTION('center_axis',(0.,-1.,-2.03444009748065E-16));
#6137=DIRECTION('ref_axis',(0.,2.08649654857234E-16,-1.));
#6138=DIRECTION('center_axis',(0.,1.,2.3373116307898E-16));
#6139=DIRECTION('ref_axis',(-1.,0.,0.));
#6140=DIRECTION('center_axis',(2.98059898074968E-17,-1.,-1.49844829661128E-16));
#6141=DIRECTION('ref_axis',(-0.98078528040323,0.,-0.195090322016129));
#6142=DIRECTION('center_axis',(0.,1.,1.94775969232483E-16));
#6143=DIRECTION('ref_axis',(-1.,0.,0.));
#6144=DIRECTION('center_axis',(-3.5767187768996E-17,-1.,-1.79813795593354E-16));
#6145=DIRECTION('ref_axis',(-0.98078528040323,0.,0.195090322016128));
#6146=DIRECTION('center_axis',(0.,1.,1.94775969232483E-16));
#6147=DIRECTION('ref_axis',(-1.,0.,0.));
#6148=DIRECTION('center_axis',(0.,1.,2.03444009748065E-16));
#6149=DIRECTION('ref_axis',(0.,-2.03444009748065E-16,1.));
#6150=DIRECTION('center_axis',(0.,1.,2.3373116307898E-16));
#6151=DIRECTION('ref_axis',(-1.,0.,0.));
#6152=DIRECTION('center_axis',(0.,-1.,-2.03444009748065E-16));
#6153=DIRECTION('ref_axis',(0.,2.08649654857234E-16,-1.));
#6154=DIRECTION('center_axis',(0.,1.,2.3373116307898E-16));
#6155=DIRECTION('ref_axis',(-1.,0.,0.));
#6156=DIRECTION('center_axis',(0.,-1.,-2.03444009748065E-16));
#6157=DIRECTION('ref_axis',(0.,2.08649654857234E-16,-1.));
#6158=DIRECTION('center_axis',(0.,1.,1.55820775385987E-16));
#6159=DIRECTION('ref_axis',(-1.,0.,0.));
#6160=DIRECTION('center_axis',(0.,-1.,-2.03444009748065E-16));
#6161=DIRECTION('ref_axis',(0.,-2.13390412699476E-16,1.));
#6162=DIRECTION('center_axis',(0.,1.,2.03444009748065E-16));
#6163=DIRECTION('ref_axis',(1.,0.,0.));
#6164=DIRECTION('center_axis',(0.,-1.,-2.03444009748065E-16));
#6165=DIRECTION('ref_axis',(0.,-2.13390412699476E-16,1.));
#6166=DIRECTION('center_axis',(0.,1.,2.03444009748065E-16));
#6167=DIRECTION('ref_axis',(1.,0.,0.));
#6168=DIRECTION('center_axis',(0.,-1.,-2.03444009748065E-16));
#6169=DIRECTION('ref_axis',(0.,-2.13390412699476E-16,1.));
#6170=DIRECTION('center_axis',(0.,1.,2.03444009748065E-16));
#6171=DIRECTION('ref_axis',(1.,0.,0.));
#6172=DIRECTION('center_axis',(0.,-1.,-2.03444009748065E-16));
#6173=DIRECTION('ref_axis',(0.,-2.13390412699476E-16,1.));
#6174=DIRECTION('center_axis',(0.,1.,2.03444009748065E-16));
#6175=DIRECTION('ref_axis',(1.,0.,0.));
#6176=DIRECTION('center_axis',(0.,-1.,-2.03444009748065E-16));
#6177=DIRECTION('ref_axis',(0.,-2.13390412699476E-16,1.));
#6178=DIRECTION('center_axis',(0.,1.,2.03444009748065E-16));
#6179=DIRECTION('ref_axis',(1.,0.,0.));
#6180=DIRECTION('center_axis',(0.,-1.,-2.03444009748065E-16));
#6181=DIRECTION('ref_axis',(0.,-2.13390412699476E-16,1.));
#6182=DIRECTION('center_axis',(0.,1.,2.03444009748065E-16));
#6183=DIRECTION('ref_axis',(1.,0.,0.));
#6184=DIRECTION('center_axis',(0.,-1.,-2.03444009748065E-16));
#6185=DIRECTION('ref_axis',(0.,-2.13390412699476E-16,1.));
#6186=DIRECTION('center_axis',(0.,1.,2.03444009748065E-16));
#6187=DIRECTION('ref_axis',(1.,0.,0.));
#6188=DIRECTION('center_axis',(0.,-1.,-2.03444009748065E-16));
#6189=DIRECTION('ref_axis',(0.,-2.13390412699476E-16,1.));
#6190=DIRECTION('center_axis',(0.,1.,2.03444009748065E-16));
#6191=DIRECTION('ref_axis',(1.,0.,0.));
#6192=DIRECTION('center_axis',(0.,-1.,-2.03444009748065E-16));
#6193=DIRECTION('ref_axis',(0.,-2.13390412699476E-16,1.));
#6194=DIRECTION('center_axis',(0.,1.,2.03444009748065E-16));
#6195=DIRECTION('ref_axis',(1.,0.,0.));
#6196=DIRECTION('center_axis',(0.,-1.,-2.03444009748065E-16));
#6197=DIRECTION('ref_axis',(0.,-2.13390412699476E-16,1.));
#6198=DIRECTION('center_axis',(0.,1.,2.03444009748065E-16));
#6199=DIRECTION('ref_axis',(1.,0.,0.));
#6200=DIRECTION('center_axis',(0.,-1.,-2.03444009748065E-16));
#6201=DIRECTION('ref_axis',(0.,-2.13390412699476E-16,1.));
#6202=DIRECTION('center_axis',(0.,1.,2.03444009748065E-16));
#6203=DIRECTION('ref_axis',(1.,0.,0.));
#6204=DIRECTION('center_axis',(0.,-1.,-2.03444009748065E-16));
#6205=DIRECTION('ref_axis',(0.,-2.13390412699476E-16,1.));
#6206=DIRECTION('center_axis',(0.,1.,2.03444009748065E-16));
#6207=DIRECTION('ref_axis',(1.,0.,0.));
#6208=DIRECTION('center_axis',(0.,-1.,-2.03444009748065E-16));
#6209=DIRECTION('ref_axis',(0.,-2.13390412699476E-16,1.));
#6210=DIRECTION('center_axis',(0.,1.,2.03444009748065E-16));
#6211=DIRECTION('ref_axis',(1.,0.,0.));
#6212=DIRECTION('center_axis',(0.,-1.,-2.03444009748065E-16));
#6213=DIRECTION('ref_axis',(0.,-2.13390412699476E-16,1.));
#6214=DIRECTION('center_axis',(0.,1.,2.03444009748065E-16));
#6215=DIRECTION('ref_axis',(1.,0.,0.));
#6216=DIRECTION('center_axis',(0.,-1.,-2.03444009748065E-16));
#6217=DIRECTION('ref_axis',(0.,-2.13390412699476E-16,1.));
#6218=DIRECTION('center_axis',(0.,1.,2.03444009748065E-16));
#6219=DIRECTION('ref_axis',(1.,0.,0.));
#6220=DIRECTION('center_axis',(0.,-1.,-2.03444009748065E-16));
#6221=DIRECTION('ref_axis',(0.,-2.13390412699476E-16,1.));
#6222=DIRECTION('center_axis',(0.,1.,2.03444009748065E-16));
#6223=DIRECTION('ref_axis',(1.,0.,0.));
#6224=DIRECTION('center_axis',(-0.537299608346824,-1.31417909040472E-16,
0.843391445812886));
#6225=DIRECTION('ref_axis',(0.843391445812886,-1.09310386758143E-16,0.537299608346824));
#6226=DIRECTION('',(0.,1.,2.03444009748065E-16));
#6227=DIRECTION('',(0.843391445812886,-1.09310386758143E-16,0.537299608346824));
#6228=DIRECTION('',(0.,1.,1.55820775385987E-16));
#6229=DIRECTION('center_axis',(0.,-1.,-2.03444009748065E-16));
#6230=DIRECTION('ref_axis',(0.,1.53134210293125E-16,-1.));
#6231=DIRECTION('',(0.,-1.,-2.03444009748065E-16));
#6232=DIRECTION('center_axis',(0.,1.,2.03444009748065E-16));
#6233=DIRECTION('ref_axis',(0.,2.13390412699476E-16,-1.));
#6234=DIRECTION('',(0.,1.,2.03444009748065E-16));
#6235=DIRECTION('center_axis',(-0.173648177666931,-2.3018026152074E-16,
0.984807753012208));
#6236=DIRECTION('ref_axis',(0.984807753012208,-3.53276815500048E-17,0.173648177666931));
#6237=DIRECTION('',(0.,1.,2.03444009748065E-16));
#6238=DIRECTION('',(0.984807753012208,-3.53276815500048E-17,0.173648177666931));
#6239=DIRECTION('',(0.,-1.,-2.3373116307898E-16));
#6240=DIRECTION('center_axis',(0.,-1.,-2.03444009748065E-16));
#6241=DIRECTION('ref_axis',(0.,1.53134210293125E-16,-1.));
#6242=DIRECTION('',(0.,-1.,-2.03444009748065E-16));
#6243=DIRECTION('center_axis',(0.,1.,2.03444009748065E-16));
#6244=DIRECTION('ref_axis',(0.,2.13390412699476E-16,-1.));
#6245=DIRECTION('',(0.,1.,2.03444009748065E-16));
#6246=DIRECTION('center_axis',(0.216439613938103,-2.28190801253506E-16,
0.976296007119933));
#6247=DIRECTION('ref_axis',(0.976296007119933,4.40333429278908E-17,-0.216439613938103));
#6248=DIRECTION('',(0.,1.,2.03444009748065E-16));
#6249=DIRECTION('',(0.976296007119933,4.40333429278908E-17,-0.216439613938103));
#6250=DIRECTION('',(0.,-1.,-2.3373116307898E-16));
#6251=DIRECTION('center_axis',(0.,-1.,-2.03444009748065E-16));
#6252=DIRECTION('ref_axis',(0.,1.53134210293125E-16,-1.));
#6253=DIRECTION('',(0.,-1.,-2.03444009748065E-16));
#6254=DIRECTION('center_axis',(0.,1.,2.03444009748065E-16));
#6255=DIRECTION('ref_axis',(0.,2.13390412699476E-16,-1.));
#6256=DIRECTION('',(0.,1.,2.03444009748065E-16));
#6257=DIRECTION('center_axis',(-0.216439613938099,2.28190801253506E-16,
-0.976296007119934));
#6258=DIRECTION('ref_axis',(-0.976296007119934,-4.40333429278902E-17,0.216439613938099));
#6259=DIRECTION('',(0.,1.,2.03444009748065E-16));
#6260=DIRECTION('',(-0.976296007119934,-4.40333429278902E-17,0.216439613938099));
#6261=DIRECTION('',(0.,-1.,-2.3373116307898E-16));
#6262=DIRECTION('center_axis',(0.,-1.,-2.03444009748065E-16));
#6263=DIRECTION('ref_axis',(0.,1.53134210293125E-16,-1.));
#6264=DIRECTION('',(0.,-1.,-2.03444009748065E-16));
#6265=DIRECTION('center_axis',(0.,1.,2.03444009748065E-16));
#6266=DIRECTION('ref_axis',(0.,2.13390412699476E-16,-1.));
#6267=DIRECTION('',(0.,1.,2.03444009748065E-16));
#6268=DIRECTION('center_axis',(-0.573576436351043,1.59551133375159E-16,
-0.819152044288994));
#6269=DIRECTION('ref_axis',(-0.819152044288994,-1.16690690108262E-16,0.573576436351043));
#6270=DIRECTION('',(0.,1.,2.03444009748065E-16));
#6271=DIRECTION('',(-0.819152044288994,-1.16690690108262E-16,0.573576436351043));
#6272=DIRECTION('',(0.,-1.,-1.94775969232483E-16));
#6273=DIRECTION('center_axis',(0.,-1.,-2.03444009748065E-16));
#6274=DIRECTION('ref_axis',(0.,1.53134210293125E-16,-1.));
#6275=DIRECTION('',(0.,-1.,-2.03444009748065E-16));
#6276=DIRECTION('center_axis',(0.,1.,2.03444009748065E-16));
#6277=DIRECTION('ref_axis',(0.,2.13390412699476E-16,-1.));
#6278=DIRECTION('',(0.,1.,2.03444009748065E-16));
#6279=DIRECTION('center_axis',(-0.843391445812887,1.04653051983986E-16,
-0.537299608346822));
#6280=DIRECTION('ref_axis',(-0.537299608346822,-1.71582937523392E-16,0.843391445812887));
#6281=DIRECTION('',(0.,1.,2.03444009748065E-16));
#6282=DIRECTION('',(-0.537299608346822,-1.71582937523392E-16,0.843391445812887));
#6283=DIRECTION('',(0.,-1.,-1.94775969232483E-16));
#6284=DIRECTION('center_axis',(0.,1.,2.03444009748065E-16));
#6285=DIRECTION('ref_axis',(0.,-1.53134210293125E-16,1.));
#6286=DIRECTION('center_axis',(0.,-1.,-2.03444009748065E-16));
#6287=DIRECTION('ref_axis',(-0.831469612302545,-1.9842534425529E-16,0.555570233019602));
#6288=DIRECTION('center_axis',(0.,1.,2.03444009748065E-16));
#6289=DIRECTION('ref_axis',(-0.831469612302546,-1.07672491612354E-16,0.555570233019602));
#6290=DIRECTION('center_axis',(-0.216439613938102,-1.90159001044588E-16,
0.976296007119934));
#6291=DIRECTION('ref_axis',(0.976296007119934,-4.40333429278907E-17,0.216439613938102));
#6292=DIRECTION('',(0.,-1.,-1.94775969232483E-16));
#6293=DIRECTION('',(0.976296007119934,-4.40333429278907E-17,0.216439613938102));
#6294=DIRECTION('',(0.,-1.,-2.03444009748065E-16));
#6295=DIRECTION('center_axis',(3.93268656792E-18,-1.,-3.33373238970954E-16));
#6296=DIRECTION('ref_axis',(-0.831469612302545,-1.38987774120038E-16,0.555570233019602));
#6297=DIRECTION('center_axis',(0.,-1.,-2.03444009748065E-16));
#6298=DIRECTION('ref_axis',(0.,1.53134210293125E-16,-1.));
#6299=DIRECTION('',(0.,-1.,-2.03444009748065E-16));
#6300=DIRECTION('center_axis',(0.,1.,2.03444009748065E-16));
#6301=DIRECTION('ref_axis',(0.,2.13390412699476E-16,-1.));
#6302=DIRECTION('',(0.,1.,2.03444009748065E-16));
#6303=DIRECTION('center_axis',(-0.976296007119933,-5.05886827021182E-17,
0.216439613938103));
#6304=DIRECTION('ref_axis',(0.216439613938103,-1.98621574389505E-16,0.976296007119933));
#6305=DIRECTION('',(0.,1.,2.03444009748065E-16));
#6306=DIRECTION('',(0.216439613938103,-1.98621574389505E-16,0.976296007119933));
#6307=DIRECTION('',(0.,1.,2.3373116307898E-16));
#6308=DIRECTION('center_axis',(0.,1.,2.03444009748065E-16));
#6309=DIRECTION('ref_axis',(0.,-1.53134210293125E-16,1.));
#6310=DIRECTION('center_axis',(0.,-1.,-2.03444009748065E-16));
#6311=DIRECTION('ref_axis',(-0.195090322016128,-1.9842534425529E-16,0.980785280403231));
#6312=DIRECTION('center_axis',(0.,1.,2.03444009748065E-16));
#6313=DIRECTION('ref_axis',(-0.195090322016128,-2.03381373045557E-16,0.980785280403231));
#6314=DIRECTION('center_axis',(0.537299608346824,-1.97126863560708E-16,
0.843391445812886));
#6315=DIRECTION('ref_axis',(0.843391445812886,1.09310386758143E-16,-0.537299608346824));
#6316=DIRECTION('',(0.,1.,2.3373116307898E-16));
#6317=DIRECTION('',(0.843391445812886,1.09310386758143E-16,-0.537299608346824));
#6318=DIRECTION('',(0.,-1.,-2.03444009748065E-16));
#6319=DIRECTION('center_axis',(6.8020788557759E-18,-1.,-1.90821723590948E-16));
#6320=DIRECTION('ref_axis',(-0.195090322016128,-1.38987774120038E-16,0.980785280403231));
#6321=DIRECTION('center_axis',(0.81915204428899,-8.93751250553514E-17,0.573576436351049));
#6322=DIRECTION('ref_axis',(0.573576436351049,1.66651576483477E-16,-0.81915204428899));
#6323=DIRECTION('',(0.,-1.,-1.55820775385987E-16));
#6324=DIRECTION('',(0.573576436351049,1.66651576483477E-16,-0.81915204428899));
#6325=DIRECTION('',(0.,-1.,-2.03444009748065E-16));
#6326=DIRECTION('center_axis',(0.976296007119933,-3.37257884680791E-17,
0.216439613938105));
#6327=DIRECTION('ref_axis',(0.216439613938105,1.98621574389505E-16,-0.976296007119933));
#6328=DIRECTION('',(0.,1.,1.55820775385987E-16));
#6329=DIRECTION('',(0.216439613938105,1.98621574389505E-16,-0.976296007119933));
#6330=DIRECTION('',(0.,-1.,-2.03444009748065E-16));
#6331=DIRECTION('center_axis',(0.984807753012209,4.05869905326364E-17,-0.173648177666928));
#6332=DIRECTION('ref_axis',(-0.173648177666928,2.00353238103786E-16,-0.984807753012208));
#6333=DIRECTION('',(0.,-1.,-2.3373116307898E-16));
#6334=DIRECTION('',(-0.173648177666928,2.00353238103786E-16,-0.984807753012208));
#6335=DIRECTION('',(0.,-1.,-2.03444009748065E-16));
#6336=DIRECTION('center_axis',(0.,1.,2.03444009748065E-16));
#6337=DIRECTION('ref_axis',(0.,-1.53134210293125E-16,1.));
#6338=DIRECTION('center_axis',(0.,-1.,-2.03444009748065E-16));
#6339=DIRECTION('ref_axis',(0.98078528040323,0.,0.195090322016128));
#6340=DIRECTION('center_axis',(0.,1.,2.03444009748065E-16));
#6341=DIRECTION('ref_axis',(0.980785280403231,-3.58908305374512E-17,0.195090322016128));
#6342=DIRECTION('center_axis',(0.843391445812886,1.25583662380783E-16,-0.537299608346823));
#6343=DIRECTION('ref_axis',(-0.537299608346823,1.71582937523392E-16,-0.843391445812886));
#6344=DIRECTION('',(0.,-1.,-2.3373116307898E-16));
#6345=DIRECTION('',(-0.537299608346823,1.71582937523392E-16,-0.843391445812886));
#6346=DIRECTION('',(0.,-1.,-2.03444009748065E-16));
#6347=DIRECTION('center_axis',(2.98059898074968E-17,-1.,-1.49844829661128E-16));
#6348=DIRECTION('ref_axis',(0.980785280403231,0.,0.195090322016128));
#6349=DIRECTION('center_axis',(0.,1.,2.03444009748065E-16));
#6350=DIRECTION('ref_axis',(0.,-1.53134210293125E-16,1.));
#6351=DIRECTION('center_axis',(0.,-1.,-2.03444009748065E-16));
#6352=DIRECTION('ref_axis',(0.980785280403231,0.,-0.195090322016127));
#6353=DIRECTION('center_axis',(0.,1.,2.03444009748065E-16));
#6354=DIRECTION('ref_axis',(0.980785280403231,3.58908305374512E-17,-0.195090322016127));
#6355=DIRECTION('center_axis',(0.573576436351047,1.59551133375158E-16,-0.819152044288991));
#6356=DIRECTION('ref_axis',(-0.819152044288991,1.16690690108263E-16,-0.573576436351047));
#6357=DIRECTION('',(0.,-1.,-1.94775969232483E-16));
#6358=DIRECTION('',(-0.819152044288991,1.16690690108263E-16,-0.573576436351047));
#6359=DIRECTION('',(0.,-1.,-2.03444009748065E-16));
#6360=DIRECTION('center_axis',(-3.5767187768996E-17,-1.,-1.79813795593354E-16));
#6361=DIRECTION('ref_axis',(0.980785280403231,0.,-0.195090322016128));
#6362=DIRECTION('center_axis',(-6.89239643607181E-18,-1.,-1.98838657685411E-16));
#6363=DIRECTION('ref_axis',(0.831469612302546,1.53134210293125E-16,-0.555570233019602));
#6364=DIRECTION('center_axis',(6.89239643607181E-18,1.,1.98838657685411E-16));
#6365=DIRECTION('ref_axis',(-0.831469612302546,-1.04738021191053E-16,0.555570233019602));
#6366=DIRECTION('center_axis',(0.216439613938103,1.90159001044588E-16,-0.976296007119933));
#6367=DIRECTION('ref_axis',(-0.976296007119933,4.40333429278909E-17,-0.216439613938103));
#6368=DIRECTION('',(0.,-1.,-1.94775969232483E-16));
#6369=DIRECTION('',(-0.976296007119933,4.40333429278909E-17,-0.216439613938103));
#6370=DIRECTION('',(0.,-1.,-2.03444009748065E-16));
#6371=DIRECTION('center_axis',(0.,-1.,-2.03444009748065E-16));
#6372=DIRECTION('ref_axis',(0.,1.53134210293125E-16,-1.));
#6373=DIRECTION('',(0.,-1.,-2.03444009748065E-16));
#6374=DIRECTION('center_axis',(0.,1.,2.03444009748065E-16));
#6375=DIRECTION('ref_axis',(0.,2.13390412699476E-16,-1.));
#6376=DIRECTION('',(0.,1.,2.03444009748065E-16));
#6377=DIRECTION('center_axis',(0.976296007119934,5.05886827021173E-17,-0.216439613938099));
#6378=DIRECTION('ref_axis',(-0.216439613938099,1.98621574389505E-16,-0.976296007119934));
#6379=DIRECTION('',(0.,1.,2.03444009748065E-16));
#6380=DIRECTION('',(-0.216439613938099,1.98621574389505E-16,-0.976296007119934));
#6381=DIRECTION('',(0.,1.,2.3373116307898E-16));
#6382=DIRECTION('center_axis',(-0.17364817766693,2.3018026152074E-16,-0.984807753012208));
#6383=DIRECTION('ref_axis',(-0.984807753012208,-3.53276815500047E-17,0.17364817766693));
#6384=DIRECTION('',(0.,1.,2.3373116307898E-16));
#6385=DIRECTION('',(-0.984807753012208,-3.53276815500047E-17,0.17364817766693));
#6386=DIRECTION('',(0.,-1.,-2.03444009748065E-16));
#6387=DIRECTION('center_axis',(0.,-1.,-2.03444009748065E-16));
#6388=DIRECTION('ref_axis',(0.,1.53134210293125E-16,-1.));
#6389=DIRECTION('',(0.,-1.,-2.03444009748065E-16));
#6390=DIRECTION('center_axis',(0.,1.,2.03444009748065E-16));
#6391=DIRECTION('ref_axis',(0.,2.13390412699476E-16,-1.));
#6392=DIRECTION('',(0.,1.,2.03444009748065E-16));
#6393=DIRECTION('center_axis',(0.819152044288994,8.93751250553504E-17,-0.573576436351043));
#6394=DIRECTION('ref_axis',(-0.573576436351042,1.66651576483478E-16,-0.819152044288994));
#6395=DIRECTION('',(0.,1.,2.03444009748065E-16));
#6396=DIRECTION('',(-0.573576436351042,1.66651576483478E-16,-0.819152044288994));
#6397=DIRECTION('',(0.,1.,1.55820775385987E-16));
#6398=DIRECTION('center_axis',(-0.537299608346823,1.97126863560708E-16,
-0.843391445812886));
#6399=DIRECTION('ref_axis',(-0.843391445812886,-1.09310386758143E-16,0.537299608346823));
#6400=DIRECTION('',(0.,1.,2.3373116307898E-16));
#6401=DIRECTION('',(-0.843391445812886,-1.09310386758143E-16,0.537299608346823));
#6402=DIRECTION('',(0.,-1.,-2.03444009748065E-16));
#6403=DIRECTION('center_axis',(0.,1.,2.03444009748065E-16));
#6404=DIRECTION('ref_axis',(0.,-1.53134210293125E-16,1.));
#6405=DIRECTION('center_axis',(0.,-1.,-2.03444009748065E-16));
#6406=DIRECTION('ref_axis',(-0.195090322016128,1.9842534425529E-16,-0.98078528040323));
#6407=DIRECTION('center_axis',(0.,1.,2.03444009748065E-16));
#6408=DIRECTION('ref_axis',(-0.195090322016128,2.03381373045557E-16,-0.980785280403231));
#6409=DIRECTION('center_axis',(-0.81915204428899,8.93751250553513E-17,-0.573576436351048));
#6410=DIRECTION('ref_axis',(-0.573576436351048,-1.66651576483477E-16,0.81915204428899));
#6411=DIRECTION('',(0.,1.,1.55820775385987E-16));
#6412=DIRECTION('',(-0.573576436351048,-1.66651576483477E-16,0.81915204428899));
#6413=DIRECTION('',(0.,-1.,-2.03444009748065E-16));
#6414=DIRECTION('center_axis',(8.1824041103368E-18,-1.,-1.93802322571698E-16));
#6415=DIRECTION('ref_axis',(-0.195090322016129,1.38987774120038E-16,-0.98078528040323));
#6416=DIRECTION('center_axis',(0.,1.,2.03444009748065E-16));
#6417=DIRECTION('ref_axis',(0.,-1.53134210293125E-16,1.));
#6418=DIRECTION('center_axis',(0.,-1.,-2.03444009748065E-16));
#6419=DIRECTION('ref_axis',(-0.555570233019602,1.9842534425529E-16,-0.831469612302545));
#6420=DIRECTION('center_axis',(0.,1.,2.03444009748065E-16));
#6421=DIRECTION('ref_axis',(-0.555570233019602,1.67490542508106E-16,-0.831469612302545));
#6422=DIRECTION('center_axis',(-0.976296007119933,3.3725788468079E-17,-0.216439613938104));
#6423=DIRECTION('ref_axis',(-0.216439613938104,-1.98621574389505E-16,0.976296007119933));
#6424=DIRECTION('',(0.,1.,1.55820775385987E-16));
#6425=DIRECTION('',(-0.216439613938104,-1.98621574389505E-16,0.976296007119933));
#6426=DIRECTION('',(0.,-1.,-2.03444009748065E-16));
#6427=DIRECTION('center_axis',(-5.39021510485887E-17,-1.,-1.9066929743371E-16));
#6428=DIRECTION('ref_axis',(-0.555570233019602,1.38987774120038E-16,-0.831469612302545));
#6429=DIRECTION('center_axis',(-0.984807753012208,-4.05869905326369E-17,
0.17364817766693));
#6430=DIRECTION('ref_axis',(0.17364817766693,-2.00353238103786E-16,0.984807753012208));
#6431=DIRECTION('',(0.,-1.,-2.3373116307898E-16));
#6432=DIRECTION('',(0.17364817766693,-2.00353238103786E-16,0.984807753012208));
#6433=DIRECTION('',(0.,-1.,-2.03444009748065E-16));
#6434=DIRECTION('center_axis',(-0.843391445812886,-1.25583662380783E-16,
0.537299608346823));
#6435=DIRECTION('ref_axis',(0.537299608346823,-1.71582937523392E-16,0.843391445812886));
#6436=DIRECTION('',(0.,-1.,-2.3373116307898E-16));
#6437=DIRECTION('',(0.537299608346823,-1.71582937523392E-16,0.843391445812886));
#6438=DIRECTION('',(0.,-1.,-2.03444009748065E-16));
#6439=DIRECTION('center_axis',(-0.573576436351046,-1.59551133375158E-16,
0.819152044288992));
#6440=DIRECTION('ref_axis',(0.819152044288992,-1.16690690108263E-16,0.573576436351046));
#6441=DIRECTION('',(0.,-1.,-1.94775969232483E-16));
#6442=DIRECTION('',(0.819152044288992,-1.16690690108263E-16,0.573576436351046));
#6443=DIRECTION('',(0.,-1.,-2.03444009748065E-16));
#6444=DIRECTION('center_axis',(0.173648177666931,-2.3018026152074E-16,0.984807753012208));
#6445=DIRECTION('ref_axis',(0.984807753012208,3.53276815500048E-17,-0.173648177666931));
#6446=DIRECTION('',(0.,1.,2.3373116307898E-16));
#6447=DIRECTION('',(0.984807753012208,3.53276815500048E-17,-0.173648177666931));
#6448=DIRECTION('',(0.,-1.,-2.03444009748065E-16));
#6449=DIRECTION('center_axis',(0.,1.,2.03444009748065E-16));
#6450=DIRECTION('ref_axis',(0.,2.13390412699476E-16,-1.));
#6451=DIRECTION('',(0.,1.,2.03540887847945E-16));
#6452=DIRECTION('center_axis',(0.,1.,2.03444009748065E-16));
#6453=DIRECTION('ref_axis',(-1.,0.,0.));
#6454=DIRECTION('',(0.,1.,2.03540887847945E-16));
#6455=DIRECTION('center_axis',(0.,1.,2.03444009748065E-16));
#6456=DIRECTION('ref_axis',(0.,2.13390412699476E-16,-1.));
#6457=DIRECTION('',(0.,1.,2.96059473233374E-16));
#6458=DIRECTION('center_axis',(0.,1.,2.03444009748065E-16));
#6459=DIRECTION('ref_axis',(-1.,0.,0.));
#6460=DIRECTION('',(0.,1.,2.96059473233374E-16));
#6461=DIRECTION('center_axis',(0.,1.,2.03444009748065E-16));
#6462=DIRECTION('ref_axis',(0.,2.13390412699476E-16,-1.));
#6463=DIRECTION('',(0.,1.,2.03540887847945E-16));
#6464=DIRECTION('center_axis',(0.,1.,2.03444009748065E-16));
#6465=DIRECTION('ref_axis',(-1.,0.,0.));
#6466=DIRECTION('',(0.,1.,2.03540887847945E-16));
#6467=DIRECTION('center_axis',(0.,1.,2.03444009748065E-16));
#6468=DIRECTION('ref_axis',(0.,2.13390412699476E-16,-1.));
#6469=DIRECTION('',(0.,-1.,-2.03444009748065E-16));
#6470=DIRECTION('center_axis',(0.,1.,2.03444009748065E-16));
#6471=DIRECTION('ref_axis',(-1.,0.,0.));
#6472=DIRECTION('',(0.,1.,2.03444009748065E-16));
#6473=DIRECTION('center_axis',(0.,1.,2.03444009748065E-16));
#6474=DIRECTION('ref_axis',(1.,0.,0.));
#6475=DIRECTION('',(0.,-1.,-2.03444009748065E-16));
#6476=DIRECTION('center_axis',(0.,1.,2.03444009748065E-16));
#6477=DIRECTION('ref_axis',(-1.,0.,0.));
#6478=DIRECTION('',(0.,1.,2.03444009748065E-16));
#6479=DIRECTION('center_axis',(0.,1.,2.03444009748065E-16));
#6480=DIRECTION('ref_axis',(1.,0.,0.));
#6481=DIRECTION('',(0.,-1.,-2.03444009748065E-16));
#6482=DIRECTION('center_axis',(0.,1.,2.03444009748065E-16));
#6483=DIRECTION('ref_axis',(-1.,0.,0.));
#6484=DIRECTION('',(0.,1.,2.03444009748065E-16));
#6485=DIRECTION('center_axis',(0.,1.,2.03444009748065E-16));
#6486=DIRECTION('ref_axis',(1.,0.,0.));
#6487=DIRECTION('',(0.,-1.,-2.03444009748065E-16));
#6488=DIRECTION('center_axis',(0.,1.,2.03444009748065E-16));
#6489=DIRECTION('ref_axis',(-1.,0.,0.));
#6490=DIRECTION('',(0.,1.,2.03444009748065E-16));
#6491=DIRECTION('center_axis',(0.,1.,2.03444009748065E-16));
#6492=DIRECTION('ref_axis',(1.,0.,0.));
#6493=DIRECTION('',(0.,-1.,-2.03444009748065E-16));
#6494=DIRECTION('center_axis',(0.,1.,2.03444009748065E-16));
#6495=DIRECTION('ref_axis',(-1.,0.,0.));
#6496=DIRECTION('',(0.,1.,2.03444009748065E-16));
#6497=DIRECTION('center_axis',(0.,1.,2.03444009748065E-16));
#6498=DIRECTION('ref_axis',(1.,0.,0.));
#6499=DIRECTION('',(0.,-1.,-2.03444009748065E-16));
#6500=DIRECTION('center_axis',(0.,1.,2.03444009748065E-16));
#6501=DIRECTION('ref_axis',(-1.,0.,0.));
#6502=DIRECTION('',(0.,1.,2.03444009748065E-16));
#6503=DIRECTION('center_axis',(0.,1.,2.03444009748065E-16));
#6504=DIRECTION('ref_axis',(1.,0.,0.));
#6505=DIRECTION('',(0.,-1.,-2.03444009748065E-16));
#6506=DIRECTION('center_axis',(0.,1.,2.03444009748065E-16));
#6507=DIRECTION('ref_axis',(-1.,0.,0.));
#6508=DIRECTION('',(0.,1.,2.03444009748065E-16));
#6509=DIRECTION('center_axis',(0.,1.,2.03444009748065E-16));
#6510=DIRECTION('ref_axis',(1.,0.,0.));
#6511=DIRECTION('',(0.,-1.,-2.03444009748065E-16));
#6512=DIRECTION('center_axis',(0.,1.,2.03444009748065E-16));
#6513=DIRECTION('ref_axis',(-1.,0.,0.));
#6514=DIRECTION('',(0.,1.,2.03444009748065E-16));
#6515=DIRECTION('center_axis',(0.,1.,2.03444009748065E-16));
#6516=DIRECTION('ref_axis',(1.,0.,0.));
#6517=DIRECTION('',(0.,-1.,-2.03444009748065E-16));
#6518=DIRECTION('center_axis',(0.,-1.,-2.03444009748065E-16));
#6519=DIRECTION('ref_axis',(0.,-2.13390412699476E-16,1.));
#6520=DIRECTION('',(0.,1.,1.55820775385987E-16));
#6521=DIRECTION('',(0.,1.,1.55820775385987E-16));
#6522=DIRECTION('center_axis',(0.,-1.,-2.03444009748065E-16));
#6523=DIRECTION('ref_axis',(0.,-2.13390412699476E-16,1.));
#6524=DIRECTION('',(0.,1.,2.3373116307898E-16));
#6525=DIRECTION('',(0.,1.,2.3373116307898E-16));
#6526=DIRECTION('center_axis',(0.,-1.,-2.03444009748065E-16));
#6527=DIRECTION('ref_axis',(0.,-2.13390412699476E-16,1.));
#6528=DIRECTION('',(0.,1.,2.3373116307898E-16));
#6529=DIRECTION('',(0.,1.,2.3373116307898E-16));
#6530=DIRECTION('center_axis',(0.,-1.,-2.03444009748065E-16));
#6531=DIRECTION('ref_axis',(0.,-2.13390412699476E-16,1.));
#6532=DIRECTION('',(0.,1.,1.94775969232483E-16));
#6533=DIRECTION('',(0.,1.,1.94775969232483E-16));
#6534=DIRECTION('center_axis',(0.,-1.,-2.03444009748065E-16));
#6535=DIRECTION('ref_axis',(0.,-2.13390412699476E-16,1.));
#6536=DIRECTION('',(0.,1.,2.3373116307898E-16));
#6537=DIRECTION('',(0.,1.,2.3373116307898E-16));
#6538=DIRECTION('center_axis',(0.,-1.,-2.03444009748065E-16));
#6539=DIRECTION('ref_axis',(0.,-2.13390412699476E-16,1.));
#6540=DIRECTION('',(0.,1.,2.3373116307898E-16));
#6541=DIRECTION('',(0.,1.,2.3373116307898E-16));
#6542=DIRECTION('center_axis',(0.,-1.,-2.03444009748065E-16));
#6543=DIRECTION('ref_axis',(0.,-2.13390412699476E-16,1.));
#6544=DIRECTION('center_axis',(0.,-1.,-2.03444009748065E-16));
#6545=DIRECTION('ref_axis',(0.,-2.13390412699476E-16,1.));
#6546=DIRECTION('',(0.,1.,1.55820775385987E-16));
#6547=DIRECTION('',(0.,1.,1.55820775385987E-16));
#6548=DIRECTION('center_axis',(0.,-1.,-2.03444009748065E-16));
#6549=DIRECTION('ref_axis',(0.,-2.13390412699476E-16,1.));
#6550=DIRECTION('',(0.,1.,2.3373116307898E-16));
#6551=DIRECTION('',(0.,1.,2.3373116307898E-16));
#6552=DIRECTION('center_axis',(0.,-1.,-2.03444009748065E-16));
#6553=DIRECTION('ref_axis',(0.,-2.13390412699476E-16,1.));
#6554=DIRECTION('',(0.,1.,2.3373116307898E-16));
#6555=DIRECTION('',(0.,1.,2.3373116307898E-16));
#6556=DIRECTION('center_axis',(0.,-1.,-2.03444009748065E-16));
#6557=DIRECTION('ref_axis',(0.,-2.13390412699476E-16,1.));
#6558=DIRECTION('',(0.,1.,1.94775969232483E-16));
#6559=DIRECTION('',(0.,1.,1.94775969232483E-16));
#6560=DIRECTION('center_axis',(0.,-1.,-2.03444009748065E-16));
#6561=DIRECTION('ref_axis',(0.,-2.13390412699476E-16,1.));
#6562=DIRECTION('',(0.,1.,2.3373116307898E-16));
#6563=DIRECTION('',(0.,1.,2.3373116307898E-16));
#6564=DIRECTION('center_axis',(0.,-1.,-2.03444009748065E-16));
#6565=DIRECTION('ref_axis',(0.,-2.13390412699476E-16,1.));
#6566=DIRECTION('',(0.,1.,2.3373116307898E-16));
#6567=DIRECTION('',(0.,1.,2.3373116307898E-16));
#6568=DIRECTION('center_axis',(0.,-1.,-2.03444009748065E-16));
#6569=DIRECTION('ref_axis',(0.,-2.13390412699476E-16,1.));
#6570=DIRECTION('center_axis',(0.,1.,2.03444009748065E-16));
#6571=DIRECTION('ref_axis',(1.,0.,0.));
#6572=DIRECTION('',(0.,-1.,-2.03444009748065E-16));
#6573=DIRECTION('center_axis',(0.,1.,2.03444009748065E-16));
#6574=DIRECTION('ref_axis',(-1.,0.,0.));
#6575=DIRECTION('',(0.,1.,2.03444009748065E-16));
#6576=DIRECTION('center_axis',(0.,1.,2.03444009748065E-16));
#6577=DIRECTION('ref_axis',(1.,0.,0.));
#6578=DIRECTION('',(0.,-1.,-2.03444009748065E-16));
#6579=DIRECTION('center_axis',(0.,1.,2.03444009748065E-16));
#6580=DIRECTION('ref_axis',(-1.,0.,0.));
#6581=DIRECTION('',(0.,1.,2.03444009748065E-16));
#6582=DIRECTION('center_axis',(0.,1.,2.03444009748065E-16));
#6583=DIRECTION('ref_axis',(1.,0.,0.));
#6584=DIRECTION('',(0.,-1.,-2.03444009748065E-16));
#6585=DIRECTION('center_axis',(0.,1.,2.03444009748065E-16));
#6586=DIRECTION('ref_axis',(-1.,0.,0.));
#6587=DIRECTION('',(0.,1.,2.03444009748065E-16));
#6588=DIRECTION('center_axis',(0.,1.,2.03444009748065E-16));
#6589=DIRECTION('ref_axis',(1.,0.,0.));
#6590=DIRECTION('',(0.,-1.,-2.03444009748065E-16));
#6591=DIRECTION('center_axis',(0.,1.,2.03444009748065E-16));
#6592=DIRECTION('ref_axis',(-1.,0.,0.));
#6593=DIRECTION('',(0.,1.,2.03444009748065E-16));
#6594=DIRECTION('center_axis',(0.,1.,2.03444009748065E-16));
#6595=DIRECTION('ref_axis',(1.,0.,0.));
#6596=DIRECTION('center_axis',(0.,1.,2.03444009748065E-16));
#6597=DIRECTION('ref_axis',(-1.22464679914735E-16,-1.93497606796655E-16,
1.));
#6598=DIRECTION('',(0.,1.,2.96059473233374E-16));
#6599=DIRECTION('center_axis',(0.,1.,2.03444009748065E-16));
#6600=DIRECTION('ref_axis',(-1.,0.,0.));
#6601=DIRECTION('',(0.,1.,2.96059473233374E-16));
#6602=DIRECTION('center_axis',(0.,1.,2.3373116307898E-16));
#6603=DIRECTION('ref_axis',(-1.,0.,0.));
#6604=DIRECTION('center_axis',(0.,-1.,-2.03444009748065E-16));
#6605=DIRECTION('ref_axis',(-1.,0.,0.));
#6606=DIRECTION('center_axis',(0.,1.,1.55820775385987E-16));
#6607=DIRECTION('ref_axis',(-1.,0.,0.));
#6608=DIRECTION('',(0.,1.,1.55820775385987E-16));
#6609=DIRECTION('center_axis',(0.,-1.,-2.03444009748065E-16));
#6610=DIRECTION('ref_axis',(-1.,0.,0.));
#6611=DIRECTION('center_axis',(-0.819152044288991,-8.93751250553511E-17,
0.573576436351047));
#6612=DIRECTION('ref_axis',(0.573576436351047,-1.66651576483477E-16,0.819152044288991));
#6613=DIRECTION('',(0.,1.,2.03444009748065E-16));
#6614=DIRECTION('',(0.573576436351047,-1.66651576483477E-16,0.819152044288991));
#6615=DIRECTION('center_axis',(0.573576436351044,-1.59551133375159E-16,
0.819152044288993));
#6616=DIRECTION('ref_axis',(0.819152044288993,1.16690690108262E-16,-0.573576436351044));
#6617=DIRECTION('',(0.,1.,2.03444009748065E-16));
#6618=DIRECTION('',(0.819152044288993,1.16690690108262E-16,-0.573576436351044));
#6619=DIRECTION('',(0.,-1.,-1.94775969232483E-16));
#6620=DIRECTION('center_axis',(0.,1.,1.94775969232483E-16));
#6621=DIRECTION('ref_axis',(1.,-2.38531767271384E-32,1.22464679914735E-16));
#6622=DIRECTION('center_axis',(0.,-1.,-2.03444009748065E-16));
#6623=DIRECTION('ref_axis',(-1.,0.,0.));
#6624=DIRECTION('center_axis',(0.,1.,1.55820775385987E-16));
#6625=DIRECTION('ref_axis',(-1.,0.,0.));
#6626=DIRECTION('center_axis',(0.,-1.,-2.03444009748065E-16));
#6627=DIRECTION('ref_axis',(-1.,0.,0.));
#6628=DIRECTION('center_axis',(0.,1.,1.94775969232483E-16));
#6629=DIRECTION('ref_axis',(-1.,0.,0.));
#6630=DIRECTION('center_axis',(0.,-1.,-2.03444009748065E-16));
#6631=DIRECTION('ref_axis',(-1.,0.,0.));
#6632=DIRECTION('center_axis',(0.,1.,2.3373116307898E-16));
#6633=DIRECTION('ref_axis',(-1.,0.,0.));
#6634=DIRECTION('center_axis',(0.,-1.,-2.03444009748065E-16));
#6635=DIRECTION('ref_axis',(-1.,0.,0.));
#6636=DIRECTION('center_axis',(0.,1.,2.3373116307898E-16));
#6637=DIRECTION('ref_axis',(-1.,0.,0.));
#6638=DIRECTION('center_axis',(0.,-1.,-2.03444009748065E-16));
#6639=DIRECTION('ref_axis',(-1.,0.,0.));
#6640=DIRECTION('center_axis',(0.,1.,2.3373116307898E-16));
#6641=DIRECTION('ref_axis',(-1.,0.,0.));
#6642=DIRECTION('center_axis',(0.,-1.,-2.03444009748065E-16));
#6643=DIRECTION('ref_axis',(-1.,0.,0.));
#6644=DIRECTION('center_axis',(0.,1.,2.3373116307898E-16));
#6645=DIRECTION('ref_axis',(-1.,0.,0.));
#6646=DIRECTION('center_axis',(0.,-1.,-2.03444009748065E-16));
#6647=DIRECTION('ref_axis',(-1.,0.,0.));
#6648=DIRECTION('center_axis',(0.,1.,1.55820775385987E-16));
#6649=DIRECTION('ref_axis',(-1.,0.,0.));
#6650=DIRECTION('center_axis',(0.,-1.,-2.03444009748065E-16));
#6651=DIRECTION('ref_axis',(-1.,0.,0.));
#6652=DIRECTION('center_axis',(0.843391445812885,-1.04653051983987E-16,
0.537299608346826));
#6653=DIRECTION('ref_axis',(0.537299608346826,1.71582937523391E-16,-0.843391445812884));
#6654=DIRECTION('',(0.,1.,2.03444009748065E-16));
#6655=DIRECTION('',(0.537299608346826,1.71582937523391E-16,-0.843391445812884));
#6656=DIRECTION('',(0.,-1.,-1.94775969232483E-16));
#6657=DIRECTION('center_axis',(0.,1.,1.94775969232483E-16));
#6658=DIRECTION('ref_axis',(-1.,0.,0.));
#6659=DIRECTION('center_axis',(0.,-1.,-2.03444009748065E-16));
#6660=DIRECTION('ref_axis',(-1.,0.,0.));
#6661=DIRECTION('center_axis',(0.,1.,1.55820775385987E-16));
#6662=DIRECTION('ref_axis',(-1.,0.,0.));
#6663=DIRECTION('',(0.,1.,1.55820775385987E-16));
#6664=DIRECTION('center_axis',(0.,-1.,-2.03444009748065E-16));
#6665=DIRECTION('ref_axis',(-1.,0.,0.));
#6666=DIRECTION('center_axis',(0.537299608346827,1.31417909040472E-16,-0.843391445812884));
#6667=DIRECTION('ref_axis',(-0.843391445812884,1.09310386758144E-16,-0.537299608346827));
#6668=DIRECTION('',(0.,1.,2.03444009748065E-16));
#6669=DIRECTION('',(-0.843391445812884,1.09310386758144E-16,-0.537299608346827));
#6670=DIRECTION('center_axis',(0.,1.,1.94775969232483E-16));
#6671=DIRECTION('ref_axis',(-1.,0.,0.));
#6672=DIRECTION('center_axis',(0.,-1.,-2.03444009748065E-16));
#6673=DIRECTION('ref_axis',(-1.,0.,0.));
#6674=DIRECTION('center_axis',(0.,1.,2.3373116307898E-16));
#6675=DIRECTION('ref_axis',(-1.,0.,0.));
#6676=DIRECTION('',(0.,1.,2.3373116307898E-16));
#6677=DIRECTION('center_axis',(0.,-1.,-2.03444009748065E-16));
#6678=DIRECTION('ref_axis',(-1.,0.,0.));
#6679=DIRECTION('center_axis',(-0.984807753012208,4.05869905326372E-17,
-0.173648177666931));
#6680=DIRECTION('ref_axis',(-0.173648177666931,-2.00353238103786E-16,0.984807753012208));
#6681=DIRECTION('',(0.,1.,2.03444009748065E-16));
#6682=DIRECTION('',(-0.173648177666931,-2.00353238103786E-16,0.984807753012208));
#6683=DIRECTION('center_axis',(0.173648177666934,2.3018026152074E-16,-0.984807753012207));
#6684=DIRECTION('ref_axis',(-0.984807753012207,3.53276815500055E-17,-0.173648177666934));
#6685=DIRECTION('',(0.,1.,2.03444009748065E-16));
#6686=DIRECTION('',(-0.984807753012207,3.53276815500055E-17,-0.173648177666934));
#6687=DIRECTION('',(0.,-1.,-2.3373116307898E-16));
#6688=DIRECTION('center_axis',(0.,1.,2.3373116307898E-16));
#6689=DIRECTION('ref_axis',(-1.,0.,0.));
#6690=DIRECTION('center_axis',(0.,-1.,-2.03444009748065E-16));
#6691=DIRECTION('ref_axis',(-1.,0.,0.));
#6692=DIRECTION('center_axis',(0.,1.,2.3373116307898E-16));
#6693=DIRECTION('ref_axis',(-1.,0.,0.));
#6694=DIRECTION('',(0.,1.,2.3373116307898E-16));
#6695=DIRECTION('center_axis',(0.,-1.,-2.03444009748065E-16));
#6696=DIRECTION('ref_axis',(-1.,0.,0.));
#6697=DIRECTION('center_axis',(0.984807753012208,-4.05869905326377E-17,
0.173648177666933));
#6698=DIRECTION('ref_axis',(0.173648177666933,2.00353238103786E-16,-0.984807753012208));
#6699=DIRECTION('',(0.,1.,2.03444009748065E-16));
#6700=DIRECTION('',(0.173648177666933,2.00353238103786E-16,-0.984807753012208));
#6701=DIRECTION('center_axis',(0.,1.,2.03444009748065E-16));
#6702=DIRECTION('ref_axis',(0.,2.13390412699476E-16,-1.));
#6703=DIRECTION('center_axis',(0.,1.,2.03444009748065E-16));
#6704=DIRECTION('ref_axis',(1.,0.,0.));
#6705=DIRECTION('center_axis',(0.,1.,2.03444009748065E-16));
#6706=DIRECTION('ref_axis',(0.,2.13390412699476E-16,-1.));
#6707=DIRECTION('center_axis',(0.,1.,2.03444009748065E-16));
#6708=DIRECTION('ref_axis',(1.,0.,0.));
#6709=DIRECTION('center_axis',(0.,1.,2.03444009748065E-16));
#6710=DIRECTION('ref_axis',(0.,2.13390412699476E-16,-1.));
#6711=DIRECTION('center_axis',(0.,1.,2.03444009748065E-16));
#6712=DIRECTION('ref_axis',(1.,0.,0.));
#6713=DIRECTION('center_axis',(0.,1.,2.03444009748065E-16));
#6714=DIRECTION('ref_axis',(0.,2.13390412699476E-16,-1.));
#6715=DIRECTION('center_axis',(0.,1.,2.03444009748065E-16));
#6716=DIRECTION('ref_axis',(1.,0.,0.));
#6717=DIRECTION('center_axis',(0.,1.,2.03444009748065E-16));
#6718=DIRECTION('ref_axis',(0.,2.13390412699476E-16,-1.));
#6719=DIRECTION('center_axis',(0.,1.,2.03444009748065E-16));
#6720=DIRECTION('ref_axis',(1.,0.,0.));
#6721=DIRECTION('center_axis',(0.,1.,2.03444009748065E-16));
#6722=DIRECTION('ref_axis',(0.,2.13390412699476E-16,-1.));
#6723=DIRECTION('center_axis',(0.,1.,2.03444009748065E-16));
#6724=DIRECTION('ref_axis',(1.,0.,0.));
#6725=DIRECTION('center_axis',(0.,1.,2.03444009748065E-16));
#6726=DIRECTION('ref_axis',(0.,2.13390412699476E-16,-1.));
#6727=DIRECTION('center_axis',(0.,1.,2.03444009748065E-16));
#6728=DIRECTION('ref_axis',(1.,0.,0.));
#6729=DIRECTION('center_axis',(0.,1.,2.03444009748065E-16));
#6730=DIRECTION('ref_axis',(0.,2.13390412699476E-16,-1.));
#6731=DIRECTION('center_axis',(0.,1.,2.03444009748065E-16));
#6732=DIRECTION('ref_axis',(1.,0.,0.));
#6733=DIRECTION('center_axis',(0.,1.,2.03444009748065E-16));
#6734=DIRECTION('ref_axis',(0.,2.13390412699476E-16,-1.));
#6735=DIRECTION('center_axis',(0.,1.,2.03444009748065E-16));
#6736=DIRECTION('ref_axis',(1.,0.,0.));
#6737=DIRECTION('center_axis',(0.,1.,2.03444009748065E-16));
#6738=DIRECTION('ref_axis',(0.,2.13390412699476E-16,-1.));
#6739=DIRECTION('center_axis',(0.,1.,2.03444009748065E-16));
#6740=DIRECTION('ref_axis',(1.,0.,0.));
#6741=DIRECTION('center_axis',(0.,1.,2.03444009748065E-16));
#6742=DIRECTION('ref_axis',(0.,2.13390412699476E-16,-1.));
#6743=DIRECTION('center_axis',(0.,1.,2.03444009748065E-16));
#6744=DIRECTION('ref_axis',(1.,0.,0.));
#6745=DIRECTION('center_axis',(0.,1.,2.03444009748065E-16));
#6746=DIRECTION('ref_axis',(0.,2.13390412699476E-16,-1.));
#6747=DIRECTION('center_axis',(0.,1.,2.03444009748065E-16));
#6748=DIRECTION('ref_axis',(1.,0.,0.));
#6749=DIRECTION('center_axis',(0.,1.,2.03444009748065E-16));
#6750=DIRECTION('ref_axis',(0.,2.13390412699476E-16,-1.));
#6751=DIRECTION('center_axis',(0.,1.,2.03444009748065E-16));
#6752=DIRECTION('ref_axis',(1.,0.,0.));
#6753=DIRECTION('center_axis',(0.,1.,2.03444009748065E-16));
#6754=DIRECTION('ref_axis',(0.,2.13390412699476E-16,-1.));
#6755=DIRECTION('center_axis',(0.,1.,2.03444009748065E-16));
#6756=DIRECTION('ref_axis',(1.,0.,0.));
#6757=DIRECTION('center_axis',(0.,1.,2.03444009748065E-16));
#6758=DIRECTION('ref_axis',(0.,2.13390412699476E-16,-1.));
#6759=DIRECTION('center_axis',(0.,1.,2.03444009748065E-16));
#6760=DIRECTION('ref_axis',(1.,0.,0.));
#6761=DIRECTION('center_axis',(0.,1.,2.03444009748065E-16));
#6762=DIRECTION('ref_axis',(0.,2.13390412699476E-16,-1.));
#6763=DIRECTION('center_axis',(0.,1.,2.03444009748065E-16));
#6764=DIRECTION('ref_axis',(1.,0.,0.));
#6765=DIRECTION('center_axis',(0.,-1.,-2.03444009748065E-16));
#6766=DIRECTION('ref_axis',(0.,2.03444009748065E-16,-1.));
#6767=DIRECTION('center_axis',(0.,1.,2.03444009748065E-16));
#6768=DIRECTION('ref_axis',(1.,0.,0.));
#6769=DIRECTION('center_axis',(0.,1.,2.3373116307898E-16));
#6770=DIRECTION('ref_axis',(-0.999705221593849,0.,0.0242790015855828));
#6771=DIRECTION('center_axis',(0.,-1.,-2.03444009748065E-16));
#6772=DIRECTION('ref_axis',(-0.999705221593849,0.,0.0242790015855828));
#6773=DIRECTION('',(0.,1.,2.3373116307898E-16));
#6774=DIRECTION('center_axis',(0.,1.,2.03444009748065E-16));
#6775=DIRECTION('ref_axis',(-0.999705221593849,0.,0.0242790015855828));
#6776=DIRECTION('',(0.,-1.,-2.3373116307898E-16));
#6777=DIRECTION('center_axis',(0.,1.,2.3373116307898E-16));
#6778=DIRECTION('ref_axis',(1.,0.,0.));
#6779=DIRECTION('center_axis',(0.,1.,2.03444009748065E-16));
#6780=DIRECTION('ref_axis',(1.,0.,0.));
#6781=DIRECTION('',(0.,-1.,-2.3373116307898E-16));
#6782=DIRECTION('center_axis',(0.,-1.,-2.03444009748065E-16));
#6783=DIRECTION('ref_axis',(1.,0.,0.));
#6784=DIRECTION('center_axis',(0.,1.,2.03444009748065E-16));
#6785=DIRECTION('ref_axis',(0.0267475376320753,0.,0.999642220612265));
#6786=DIRECTION('center_axis',(0.,-1.,-2.03444009748065E-16));
#6787=DIRECTION('ref_axis',(0.0267475376320753,0.,0.999642220612265));
#6788=DIRECTION('',(-1.51435766654573E-17,1.,2.18587586413523E-16));
#6789=DIRECTION('center_axis',(0.,1.,2.03444009748065E-16));
#6790=DIRECTION('ref_axis',(0.0267475376320753,0.,0.999642220612265));
#6791=DIRECTION('center_axis',(-0.707106781186548,-1.65272890387765E-16,
0.707106781186548));
#6792=DIRECTION('ref_axis',(0.707106781186548,-1.43856638884639E-16,0.707106781186548));
#6793=DIRECTION('',(-0.707106781186548,1.43856638884639E-16,-0.707106781186548));
#6794=DIRECTION('',(0.707106781186548,-1.43856638884639E-16,0.707106781186548));
#6795=DIRECTION('center_axis',(0.,1.,2.03444009748065E-16));
#6796=DIRECTION('ref_axis',(0.999642220612265,0.,0.0267475376320786));
#6797=DIRECTION('center_axis',(0.,1.,2.03444009748065E-16));
#6798=DIRECTION('ref_axis',(0.999642220612265,0.,0.0267475376320786));
#6799=DIRECTION('',(1.51435766654573E-17,-1.,-2.18587586413523E-16));
#6800=DIRECTION('center_axis',(0.,-1.,-2.03444009748065E-16));
#6801=DIRECTION('ref_axis',(0.999642220612265,0.,0.0267475376320786));
#6802=DIRECTION('center_axis',(0.,1.,2.3373116307898E-16));
#6803=DIRECTION('ref_axis',(0.0242790015855828,0.,-0.999705221593849));
#6804=DIRECTION('center_axis',(0.,-1.,-2.03444009748065E-16));
#6805=DIRECTION('ref_axis',(0.0242790015855828,0.,-0.999705221593849));
#6806=DIRECTION('',(-1.74315279842105E-32,1.,2.3373116307898E-16));
#6807=DIRECTION('center_axis',(0.,1.,2.03444009748065E-16));
#6808=DIRECTION('ref_axis',(0.0242790015855828,0.,-0.999705221593849));
#6809=DIRECTION('center_axis',(0.707106781186547,1.65272890387766E-16,-0.707106781186548));
#6810=DIRECTION('ref_axis',(-0.707106781186548,1.43856638884639E-16,-0.707106781186547));
#6811=DIRECTION('',(0.707106781186548,-1.43856638884639E-16,0.707106781186547));
#6812=DIRECTION('',(-0.707106781186548,1.43856638884639E-16,-0.707106781186547));
#6813=DIRECTION('center_axis',(0.,1.,1.55820775385987E-16));
#6814=DIRECTION('ref_axis',(-0.932898364436387,0.,-0.360139752918105));
#6815=DIRECTION('center_axis',(0.,-1.,-2.03444009748065E-16));
#6816=DIRECTION('ref_axis',(-0.932898364436387,0.,-0.360139752918105));
#6817=DIRECTION('',(0.,1.,1.55820775385987E-16));
#6818=DIRECTION('center_axis',(0.,1.,2.03444009748065E-16));
#6819=DIRECTION('ref_axis',(-0.932898364436387,0.,-0.360139752918105));
#6820=DIRECTION('',(0.,-1.,-1.55820775385987E-16));
#6821=DIRECTION('center_axis',(0.,1.,1.55820775385987E-16));
#6822=DIRECTION('ref_axis',(1.,0.,0.));
#6823=DIRECTION('center_axis',(0.,1.,2.03444009748065E-16));
#6824=DIRECTION('ref_axis',(1.,0.,0.));
#6825=DIRECTION('',(0.,-1.,-1.55820775385987E-16));
#6826=DIRECTION('center_axis',(0.,-1.,-2.03444009748065E-16));
#6827=DIRECTION('ref_axis',(1.,0.,0.));
#6828=DIRECTION('center_axis',(0.,1.,2.03444009748065E-16));
#6829=DIRECTION('ref_axis',(-0.357835013557611,0.,0.933784826966162));
#6830=DIRECTION('center_axis',(0.,-1.,-2.03444009748065E-16));
#6831=DIRECTION('ref_axis',(-0.357835013557611,0.,0.933784826966162));
#6832=DIRECTION('',(1.68373559797311E-17,1.,1.96469748546757E-16));
#6833=DIRECTION('center_axis',(0.,1.,2.03444009748065E-16));
#6834=DIRECTION('ref_axis',(-0.357835013557611,0.,0.933784826966162));
#6835=DIRECTION('center_axis',(-0.923879532511287,-5.9630029158499E-17,
0.38268343236509));
#6836=DIRECTION('ref_axis',(0.38268343236509,-1.87957756618264E-16,0.923879532511287));
#6837=DIRECTION('',(-0.38268343236509,1.87957756618264E-16,-0.923879532511287));
#6838=DIRECTION('',(0.38268343236509,-1.87957756618264E-16,0.923879532511287));
#6839=DIRECTION('center_axis',(0.,1.,2.03444009748065E-16));
#6840=DIRECTION('ref_axis',(0.913313147949445,0.,0.407258018684317));
#6841=DIRECTION('center_axis',(0.,1.,2.03444009748065E-16));
#6842=DIRECTION('ref_axis',(0.913313147949445,0.,0.407258018684317));
#6843=DIRECTION('',(-1.68373559797311E-17,-1.,-1.96469748546757E-16));
#6844=DIRECTION('center_axis',(0.,-1.,-2.03444009748065E-16));
#6845=DIRECTION('ref_axis',(0.913313147949445,0.,0.407258018684317));
#6846=DIRECTION('center_axis',(0.,1.,1.55820775385987E-16));
#6847=DIRECTION('ref_axis',(0.405001498187569,0.,-0.914316021114048));
#6848=DIRECTION('center_axis',(0.,-1.,-2.03444009748065E-16));
#6849=DIRECTION('ref_axis',(0.405001498187569,0.,-0.914316021114048));
#6850=DIRECTION('',(0.,1.,1.55820775385987E-16));
#6851=DIRECTION('center_axis',(0.,1.,2.03444009748065E-16));
#6852=DIRECTION('ref_axis',(0.405001498187569,0.,-0.914316021114048));
#6853=DIRECTION('center_axis',(0.923879532511287,5.9630029158499E-17,-0.382683432365089));
#6854=DIRECTION('ref_axis',(-0.382683432365089,1.87957756618264E-16,-0.923879532511287));
#6855=DIRECTION('',(0.382683432365089,-1.87957756618264E-16,0.923879532511287));
#6856=DIRECTION('',(-0.382683432365089,1.87957756618264E-16,-0.923879532511287));
#6857=DIRECTION('center_axis',(0.,1.,2.03444009748065E-16));
#6858=DIRECTION('ref_axis',(0.357835013557612,0.,0.933784826966161));
#6859=DIRECTION('center_axis',(0.,1.,2.03444009748065E-16));
#6860=DIRECTION('ref_axis',(0.357835013557612,0.,0.933784826966161));
#6861=DIRECTION('',(-1.07081257515632E-17,-1.,-2.07879460661959E-16));
#6862=DIRECTION('center_axis',(0.,-1.,-2.03444009748065E-16));
#6863=DIRECTION('ref_axis',(0.357835013557612,0.,0.933784826966161));
#6864=DIRECTION('center_axis',(0.,1.,2.03444009748065E-16));
#6865=DIRECTION('ref_axis',(-0.913313147949446,0.,0.407258018684314));
#6866=DIRECTION('center_axis',(0.,-1.,-2.03444009748065E-16));
#6867=DIRECTION('ref_axis',(-0.913313147949446,0.,0.407258018684314));
#6868=DIRECTION('',(1.07081257515632E-17,1.,2.07879460661959E-16));
#6869=DIRECTION('center_axis',(0.,1.,2.03444009748065E-16));
#6870=DIRECTION('ref_axis',(-0.913313147949446,0.,0.407258018684314));
#6871=DIRECTION('center_axis',(-0.923879532511287,8.94450437377485E-17,
-0.38268343236509));
#6872=DIRECTION('ref_axis',(-0.38268343236509,-1.87957756618264E-16,0.923879532511287));
#6873=DIRECTION('',(-0.38268343236509,-1.87957756618264E-16,0.923879532511287));
#6874=DIRECTION('',(-1.13876944426878E-32,-1.,-2.3373116307898E-16));
#6875=DIRECTION('',(0.38268343236509,1.87957756618264E-16,-0.923879532511287));
#6876=DIRECTION('center_axis',(0.,1.,2.3373116307898E-16));
#6877=DIRECTION('ref_axis',(-0.405001498187568,0.,-0.914316021114049));
#6878=DIRECTION('center_axis',(0.,-1.,-2.03444009748065E-16));
#6879=DIRECTION('ref_axis',(-0.405001498187568,0.,-0.914316021114049));
#6880=DIRECTION('',(0.,1.,2.3373116307898E-16));
#6881=DIRECTION('center_axis',(0.,1.,2.03444009748065E-16));
#6882=DIRECTION('ref_axis',(-0.405001498187568,0.,-0.914316021114049));
#6883=DIRECTION('center_axis',(0.,1.,2.3373116307898E-16));
#6884=DIRECTION('ref_axis',(1.,0.,0.));
#6885=DIRECTION('center_axis',(0.,1.,2.03444009748065E-16));
#6886=DIRECTION('ref_axis',(1.,0.,0.));
#6887=DIRECTION('',(0.,-1.,-2.3373116307898E-16));
#6888=DIRECTION('center_axis',(0.,-1.,-2.03444009748065E-16));
#6889=DIRECTION('ref_axis',(1.,0.,0.));
#6890=DIRECTION('center_axis',(1.23405003515387E-32,1.,2.3373116307898E-16));
#6891=DIRECTION('ref_axis',(0.932898364436386,0.,-0.360139752918107));
#6892=DIRECTION('center_axis',(0.,-1.,-2.03444009748065E-16));
#6893=DIRECTION('ref_axis',(0.932898364436386,0.,-0.360139752918107));
#6894=DIRECTION('',(1.23405003515387E-32,1.,2.3373116307898E-16));
#6895=DIRECTION('center_axis',(0.,1.,2.03444009748065E-16));
#6896=DIRECTION('ref_axis',(0.932898364436386,0.,-0.360139752918107));
#6897=DIRECTION('center_axis',(0.923879532511287,-8.94450437377485E-17,
0.38268343236509));
#6898=DIRECTION('ref_axis',(0.38268343236509,1.87957756618264E-16,-0.923879532511287));
#6899=DIRECTION('',(-0.38268343236509,-1.87957756618264E-16,0.923879532511287));
#6900=DIRECTION('',(0.38268343236509,1.87957756618264E-16,-0.923879532511287));
#6901=DIRECTION('center_axis',(0.,1.,2.03444009748065E-16));
#6902=DIRECTION('ref_axis',(-0.0267475376320753,0.,0.999642220612265));
#6903=DIRECTION('center_axis',(0.,1.,2.03444009748065E-16));
#6904=DIRECTION('ref_axis',(-0.0267475376320753,0.,0.999642220612265));
#6905=DIRECTION('',(-1.51435766654573E-17,-1.,-2.18587586413523E-16));
#6906=DIRECTION('center_axis',(0.,-1.,-2.03444009748065E-16));
#6907=DIRECTION('ref_axis',(-0.0267475376320753,0.,0.999642220612265));
#6908=DIRECTION('center_axis',(0.,1.,2.03444009748065E-16));
#6909=DIRECTION('ref_axis',(-0.999642220612265,0.,0.0267475376320753));
#6910=DIRECTION('center_axis',(0.,-1.,-2.03444009748065E-16));
#6911=DIRECTION('ref_axis',(-0.999642220612265,0.,0.0267475376320753));
#6912=DIRECTION('',(1.51435766654573E-17,1.,2.18587586413523E-16));
#6913=DIRECTION('center_axis',(0.,1.,2.03444009748065E-16));
#6914=DIRECTION('ref_axis',(-0.999642220612265,0.,0.0267475376320753));
#6915=DIRECTION('center_axis',(-0.707106781186548,1.65272890387765E-16,
-0.707106781186548));
#6916=DIRECTION('ref_axis',(-0.707106781186548,-1.43856638884639E-16,0.707106781186548));
#6917=DIRECTION('',(-0.707106781186548,-1.43856638884639E-16,0.707106781186548));
#6918=DIRECTION('',(1.74315279842105E-32,-1.,-2.3373116307898E-16));
#6919=DIRECTION('',(0.707106781186548,1.43856638884639E-16,-0.707106781186548));
#6920=DIRECTION('center_axis',(0.,1.,2.3373116307898E-16));
#6921=DIRECTION('ref_axis',(-0.0242790015855858,0.,-0.999705221593849));
#6922=DIRECTION('center_axis',(0.,-1.,-2.03444009748065E-16));
#6923=DIRECTION('ref_axis',(-0.0242790015855858,0.,-0.999705221593849));
#6924=DIRECTION('',(0.,1.,2.3373116307898E-16));
#6925=DIRECTION('center_axis',(0.,1.,2.03444009748065E-16));
#6926=DIRECTION('ref_axis',(-0.0242790015855858,0.,-0.999705221593849));
#6927=DIRECTION('center_axis',(0.,1.,2.3373116307898E-16));
#6928=DIRECTION('ref_axis',(1.,0.,0.));
#6929=DIRECTION('center_axis',(0.,1.,2.03444009748065E-16));
#6930=DIRECTION('ref_axis',(1.,0.,0.));
#6931=DIRECTION('',(0.,-1.,-2.3373116307898E-16));
#6932=DIRECTION('center_axis',(0.,-1.,-2.03444009748065E-16));
#6933=DIRECTION('ref_axis',(1.,0.,0.));
#6934=DIRECTION('center_axis',(2.46810007030775E-32,1.,2.3373116307898E-16));
#6935=DIRECTION('ref_axis',(0.999705221593849,0.,0.0242790015855858));
#6936=DIRECTION('center_axis',(0.,-1.,-2.03444009748065E-16));
#6937=DIRECTION('ref_axis',(0.999705221593849,0.,0.0242790015855858));
#6938=DIRECTION('',(7.24947271886697E-33,1.,2.3373116307898E-16));
#6939=DIRECTION('center_axis',(0.,1.,2.03444009748065E-16));
#6940=DIRECTION('ref_axis',(0.999705221593849,0.,0.0242790015855858));
#6941=DIRECTION('center_axis',(0.707106781186548,-1.65272890387765E-16,
0.707106781186548));
#6942=DIRECTION('ref_axis',(0.707106781186548,1.43856638884639E-16,-0.707106781186548));
#6943=DIRECTION('',(-0.707106781186548,-1.43856638884639E-16,0.707106781186548));
#6944=DIRECTION('',(0.707106781186548,1.43856638884639E-16,-0.707106781186548));
#6945=DIRECTION('center_axis',(0.,1.,1.94775969232483E-16));
#6946=DIRECTION('ref_axis',(0.914316021114048,0.,0.40500149818757));
#6947=DIRECTION('center_axis',(0.,-1.,-2.03444009748065E-16));
#6948=DIRECTION('ref_axis',(0.914316021114048,0.,0.40500149818757));
#6949=DIRECTION('',(0.,1.,1.94775969232483E-16));
#6950=DIRECTION('center_axis',(0.,1.,2.03444009748065E-16));
#6951=DIRECTION('ref_axis',(0.914316021114048,0.,0.40500149818757));
#6952=DIRECTION('',(0.,-1.,-1.94775969232483E-16));
#6953=DIRECTION('center_axis',(0.382683432365089,-1.79949531398939E-16,
0.923879532511287));
#6954=DIRECTION('ref_axis',(0.923879532511287,7.78546519445064E-17,-0.382683432365089));
#6955=DIRECTION('',(0.923879532511287,7.78546519445064E-17,-0.382683432365089));
#6956=DIRECTION('',(3.06461511408395E-18,-1.,-1.9604537437619E-16));
#6957=DIRECTION('',(-0.923879532511287,-7.78546519445064E-17,0.382683432365089));
#6958=DIRECTION('center_axis',(0.,1.,1.94775969232483E-16));
#6959=DIRECTION('ref_axis',(0.360139752918104,0.,-0.932898364436388));
#6960=DIRECTION('center_axis',(0.,-1.,-2.03444009748065E-16));
#6961=DIRECTION('ref_axis',(0.360139752918104,0.,-0.932898364436388));
#6962=DIRECTION('',(0.,1.,1.94775969232483E-16));
#6963=DIRECTION('center_axis',(0.,1.,2.03444009748065E-16));
#6964=DIRECTION('ref_axis',(0.360139752918104,0.,-0.932898364436388));
#6965=DIRECTION('',(0.,-1.,-1.94775969232483E-16));
#6966=DIRECTION('center_axis',(0.,1.,1.94775969232483E-16));
#6967=DIRECTION('ref_axis',(1.,0.,0.));
#6968=DIRECTION('center_axis',(0.,-1.,-2.03444009748065E-16));
#6969=DIRECTION('ref_axis',(1.,0.,0.));
#6970=DIRECTION('center_axis',(0.,1.,2.03444009748065E-16));
#6971=DIRECTION('ref_axis',(1.,0.,0.));
#6972=DIRECTION('center_axis',(0.,1.,2.03444009748065E-16));
#6973=DIRECTION('ref_axis',(-0.933784826966162,0.,-0.357835013557611));
#6974=DIRECTION('center_axis',(0.,-1.,-2.03444009748065E-16));
#6975=DIRECTION('ref_axis',(-0.933784826966162,0.,-0.357835013557611));
#6976=DIRECTION('',(-3.06461511408395E-18,1.,1.9604537437619E-16));
#6977=DIRECTION('center_axis',(0.,1.,2.03444009748065E-16));
#6978=DIRECTION('ref_axis',(-0.933784826966162,0.,-0.357835013557611));
#6979=DIRECTION('center_axis',(-0.382683432365089,1.79949531398939E-16,
-0.923879532511287));
#6980=DIRECTION('ref_axis',(-0.923879532511287,-7.78546519445063E-17,0.382683432365089));
#6981=DIRECTION('',(0.923879532511287,7.78546519445064E-17,-0.382683432365089));
#6982=DIRECTION('',(-0.923879532511287,-7.78546519445064E-17,0.382683432365089));
#6983=DIRECTION('center_axis',(0.,1.,2.03444009748065E-16));
#6984=DIRECTION('ref_axis',(-0.407258018684316,0.,0.913313147949445));
#6985=DIRECTION('center_axis',(0.,1.,2.03444009748065E-16));
#6986=DIRECTION('ref_axis',(-0.407258018684316,0.,0.913313147949445));
#6987=DIRECTION('center_axis',(0.,-1.,-2.03444009748065E-16));
#6988=DIRECTION('ref_axis',(-0.407258018684316,0.,0.913313147949445));
#6989=DIRECTION('center_axis',(0.,1.,2.3373116307898E-16));
#6990=DIRECTION('ref_axis',(0.914316021114048,0.,-0.405001498187569));
#6991=DIRECTION('center_axis',(0.,-1.,-2.03444009748065E-16));
#6992=DIRECTION('ref_axis',(0.914316021114048,0.,-0.405001498187569));
#6993=DIRECTION('',(0.,1.,2.3373116307898E-16));
#6994=DIRECTION('center_axis',(0.,1.,2.03444009748065E-16));
#6995=DIRECTION('ref_axis',(0.914316021114048,0.,-0.405001498187569));
#6996=DIRECTION('',(0.,-1.,-2.3373116307898E-16));
#6997=DIRECTION('center_axis',(0.,1.,2.3373116307898E-16));
#6998=DIRECTION('ref_axis',(1.,0.,0.));
#6999=DIRECTION('center_axis',(0.,1.,2.03444009748065E-16));
#7000=DIRECTION('ref_axis',(1.,0.,0.));
#7001=DIRECTION('',(0.,-1.,-2.3373116307898E-16));
#7002=DIRECTION('center_axis',(0.,-1.,-2.03444009748065E-16));
#7003=DIRECTION('ref_axis',(1.,0.,0.));
#7004=DIRECTION('center_axis',(-1.23405003515387E-32,1.,2.3373116307898E-16));
#7005=DIRECTION('ref_axis',(0.360139752918107,0.,0.932898364436387));
#7006=DIRECTION('center_axis',(0.,-1.,-2.03444009748065E-16));
#7007=DIRECTION('ref_axis',(0.360139752918107,0.,0.932898364436387));
#7008=DIRECTION('',(6.52724957774932E-33,1.,2.3373116307898E-16));
#7009=DIRECTION('center_axis',(0.,1.,2.03444009748065E-16));
#7010=DIRECTION('ref_axis',(0.360139752918107,0.,0.932898364436387));
#7011=DIRECTION('center_axis',(-0.38268343236509,-2.15939437678727E-16,
0.923879532511287));
#7012=DIRECTION('ref_axis',(0.923879532511287,-7.78546519445065E-17,0.38268343236509));
#7013=DIRECTION('',(0.923879532511287,-7.78546519445065E-17,0.38268343236509));
#7014=DIRECTION('',(1.07081257515632E-17,-1.,-2.29295712165086E-16));
#7015=DIRECTION('',(-0.923879532511287,7.78546519445065E-17,-0.38268343236509));
#7016=DIRECTION('center_axis',(0.,1.,2.03444009748065E-16));
#7017=DIRECTION('ref_axis',(-0.933784826966162,0.,0.35783501355761));
#7018=DIRECTION('center_axis',(0.,1.,2.03444009748065E-16));
#7019=DIRECTION('ref_axis',(-0.933784826966162,0.,0.35783501355761));
#7020=DIRECTION('center_axis',(0.,-1.,-2.03444009748065E-16));
#7021=DIRECTION('ref_axis',(-0.933784826966162,0.,0.35783501355761));
#7022=DIRECTION('center_axis',(0.,1.,2.03444009748065E-16));
#7023=DIRECTION('ref_axis',(-0.407258018684311,0.,-0.913313147949448));
#7024=DIRECTION('center_axis',(0.,-1.,-2.03444009748065E-16));
#7025=DIRECTION('ref_axis',(-0.407258018684311,0.,-0.913313147949448));
#7026=DIRECTION('',(-1.07081257515632E-17,1.,2.29295712165086E-16));
#7027=DIRECTION('center_axis',(0.,1.,2.03444009748065E-16));
#7028=DIRECTION('ref_axis',(-0.407258018684311,0.,-0.913313147949448));
#7029=DIRECTION('center_axis',(0.38268343236509,2.15939437678727E-16,-0.923879532511287));
#7030=DIRECTION('ref_axis',(-0.923879532511286,7.78546519445065E-17,-0.38268343236509));
#7031=DIRECTION('',(0.923879532511286,-7.78546519445065E-17,0.38268343236509));
#7032=DIRECTION('',(-0.923879532511286,7.78546519445065E-17,-0.38268343236509));
#7033=DIRECTION('center_axis',(0.,1.,2.3373116307898E-16));
#7034=DIRECTION('ref_axis',(0.999705221593849,0.,-0.0242790015855858));
#7035=DIRECTION('center_axis',(0.,-1.,-2.03444009748065E-16));
#7036=DIRECTION('ref_axis',(0.999705221593849,0.,-0.0242790015855858));
#7037=DIRECTION('',(0.,1.,2.3373116307898E-16));
#7038=DIRECTION('center_axis',(0.,1.,2.03444009748065E-16));
#7039=DIRECTION('ref_axis',(0.999705221593849,0.,-0.0242790015855858));
#7040=DIRECTION('',(-1.74315279842105E-32,-1.,-2.3373116307898E-16));
#7041=DIRECTION('center_axis',(0.,1.,2.3373116307898E-16));
#7042=DIRECTION('ref_axis',(1.,0.,0.));
#7043=DIRECTION('center_axis',(0.,1.,2.03444009748065E-16));
#7044=DIRECTION('ref_axis',(1.,0.,0.));
#7045=DIRECTION('',(0.,-1.,-2.3373116307898E-16));
#7046=DIRECTION('center_axis',(0.,-1.,-2.03444009748065E-16));
#7047=DIRECTION('ref_axis',(1.,0.,0.));
#7048=DIRECTION('center_axis',(0.,1.,2.3373116307898E-16));
#7049=DIRECTION('ref_axis',(-0.0242790015855858,0.,0.999705221593849));
#7050=DIRECTION('center_axis',(0.,-1.,-2.03444009748065E-16));
#7051=DIRECTION('ref_axis',(-0.0242790015855858,0.,0.999705221593849));
#7052=DIRECTION('',(-1.74315279842105E-32,1.,2.3373116307898E-16));
#7053=DIRECTION('center_axis',(0.,1.,2.03444009748065E-16));
#7054=DIRECTION('ref_axis',(-0.0242790015855858,0.,0.999705221593849));
#7055=DIRECTION('center_axis',(-0.707106781186547,-1.65272890387766E-16,
0.707106781186548));
#7056=DIRECTION('ref_axis',(0.707106781186548,-1.43856638884639E-16,0.707106781186547));
#7057=DIRECTION('',(0.707106781186548,-1.43856638884639E-16,0.707106781186547));
#7058=DIRECTION('',(1.51435766654573E-17,-1.,-2.18587586413523E-16));
#7059=DIRECTION('',(-0.707106781186548,1.43856638884639E-16,-0.707106781186547));
#7060=DIRECTION('center_axis',(0.,1.,2.03444009748065E-16));
#7061=DIRECTION('ref_axis',(-0.999642220612265,0.,-0.0267475376320786));
#7062=DIRECTION('center_axis',(0.,1.,2.03444009748065E-16));
#7063=DIRECTION('ref_axis',(-0.999642220612265,0.,-0.0267475376320786));
#7064=DIRECTION('center_axis',(0.,-1.,-2.03444009748065E-16));
#7065=DIRECTION('ref_axis',(-0.999642220612265,0.,-0.0267475376320786));
#7066=DIRECTION('center_axis',(0.,1.,2.03444009748065E-16));
#7067=DIRECTION('ref_axis',(-0.0267475376320753,0.,-0.999642220612265));
#7068=DIRECTION('center_axis',(0.,-1.,-2.03444009748065E-16));
#7069=DIRECTION('ref_axis',(-0.0267475376320753,0.,-0.999642220612265));
#7070=DIRECTION('',(-1.51435766654573E-17,1.,2.18587586413523E-16));
#7071=DIRECTION('center_axis',(0.,1.,2.03444009748065E-16));
#7072=DIRECTION('ref_axis',(-0.0267475376320753,0.,-0.999642220612265));
#7073=DIRECTION('center_axis',(0.707106781186548,1.65272890387765E-16,-0.707106781186548));
#7074=DIRECTION('ref_axis',(-0.707106781186548,1.43856638884639E-16,-0.707106781186548));
#7075=DIRECTION('',(0.707106781186548,-1.43856638884639E-16,0.707106781186548));
#7076=DIRECTION('',(-0.707106781186548,1.43856638884639E-16,-0.707106781186548));
#7077=DIRECTION('center_axis',(-1.23405003515387E-32,1.,1.55820775385987E-16));
#7078=DIRECTION('ref_axis',(0.932898364436386,0.,0.360139752918107));
#7079=DIRECTION('center_axis',(0.,-1.,-2.03444009748065E-16));
#7080=DIRECTION('ref_axis',(0.932898364436386,0.,0.360139752918107));
#7081=DIRECTION('',(0.,1.,1.55820775385987E-16));
#7082=DIRECTION('center_axis',(0.,1.,2.03444009748065E-16));
#7083=DIRECTION('ref_axis',(0.932898364436386,0.,0.360139752918107));
#7084=DIRECTION('',(9.52805908850937E-34,-1.,-1.55820775385987E-16));
#7085=DIRECTION('center_axis',(0.,1.,1.55820775385987E-16));
#7086=DIRECTION('ref_axis',(1.,0.,0.));
#7087=DIRECTION('center_axis',(0.,1.,2.03444009748065E-16));
#7088=DIRECTION('ref_axis',(1.,0.,0.));
#7089=DIRECTION('',(0.,-1.,-1.55820775385987E-16));
#7090=DIRECTION('center_axis',(0.,-1.,-2.03444009748065E-16));
#7091=DIRECTION('ref_axis',(1.,0.,0.));
#7092=DIRECTION('center_axis',(0.,1.,2.03444009748065E-16));
#7093=DIRECTION('ref_axis',(0.357835013557614,0.,-0.933784826966161));
#7094=DIRECTION('center_axis',(0.,-1.,-2.03444009748065E-16));
#7095=DIRECTION('ref_axis',(0.357835013557614,0.,-0.933784826966161));
#7096=DIRECTION('',(1.68373559797311E-17,1.,1.96469748546757E-16));
#7097=DIRECTION('center_axis',(0.,1.,2.03444009748065E-16));
#7098=DIRECTION('ref_axis',(0.357835013557614,0.,-0.933784826966161));
#7099=DIRECTION('center_axis',(0.923879532511287,5.9630029158499E-17,-0.38268343236509));
#7100=DIRECTION('ref_axis',(-0.38268343236509,1.87957756618264E-16,-0.923879532511287));
#7101=DIRECTION('',(0.38268343236509,-1.87957756618264E-16,0.923879532511287));
#7102=DIRECTION('',(-0.38268343236509,1.87957756618264E-16,-0.923879532511287));
#7103=DIRECTION('center_axis',(0.,1.,1.55820775385987E-16));
#7104=DIRECTION('ref_axis',(-0.405001498187568,0.,0.914316021114049));
#7105=DIRECTION('center_axis',(0.,-1.,-2.03444009748065E-16));
#7106=DIRECTION('ref_axis',(-0.405001498187568,0.,0.914316021114049));
#7107=DIRECTION('',(0.,1.,1.55820775385987E-16));
#7108=DIRECTION('center_axis',(0.,1.,2.03444009748065E-16));
#7109=DIRECTION('ref_axis',(-0.405001498187568,0.,0.914316021114049));
#7110=DIRECTION('center_axis',(-0.923879532511287,-5.96300291584991E-17,
0.38268343236509));
#7111=DIRECTION('ref_axis',(0.38268343236509,-1.87957756618264E-16,0.923879532511287));
#7112=DIRECTION('',(0.38268343236509,-1.87957756618264E-16,0.923879532511287));
#7113=DIRECTION('',(-1.68373559797311E-17,-1.,-1.96469748546757E-16));
#7114=DIRECTION('',(-0.38268343236509,1.87957756618264E-16,-0.923879532511287));
#7115=DIRECTION('center_axis',(0.,1.,2.03444009748065E-16));
#7116=DIRECTION('ref_axis',(-0.913313147949446,0.,-0.407258018684313));
#7117=DIRECTION('center_axis',(0.,1.,2.03444009748065E-16));
#7118=DIRECTION('ref_axis',(-0.913313147949446,0.,-0.407258018684313));
#7119=DIRECTION('center_axis',(0.,-1.,-2.03444009748065E-16));
#7120=DIRECTION('ref_axis',(-0.913313147949446,0.,-0.407258018684313));
#7121=DIRECTION('center_axis',(0.,1.,2.03444009748065E-16));
#7122=DIRECTION('ref_axis',(0.913313147949447,0.,-0.407258018684313));
#7123=DIRECTION('center_axis',(0.,-1.,-2.03444009748065E-16));
#7124=DIRECTION('ref_axis',(0.913313147949447,0.,-0.407258018684313));
#7125=DIRECTION('',(1.07081257515632E-17,1.,2.07879460661959E-16));
#7126=DIRECTION('center_axis',(0.,1.,2.03444009748065E-16));
#7127=DIRECTION('ref_axis',(0.913313147949447,0.,-0.407258018684313));
#7128=DIRECTION('center_axis',(0.923879532511287,-8.94450437377486E-17,
0.38268343236509));
#7129=DIRECTION('ref_axis',(0.38268343236509,1.87957756618264E-16,-0.923879532511287));
#7130=DIRECTION('',(0.38268343236509,1.87957756618264E-16,-0.923879532511287));
#7131=DIRECTION('',(9.52805908850939E-34,-1.,-2.3373116307898E-16));
#7132=DIRECTION('',(-0.38268343236509,-1.87957756618264E-16,0.923879532511287));
#7133=DIRECTION('center_axis',(-1.23405003515387E-32,1.,2.3373116307898E-16));
#7134=DIRECTION('ref_axis',(0.405001498187566,0.,0.914316021114049));
#7135=DIRECTION('center_axis',(0.,-1.,-2.03444009748065E-16));
#7136=DIRECTION('ref_axis',(0.405001498187566,0.,0.914316021114049));
#7137=DIRECTION('',(0.,1.,2.3373116307898E-16));
#7138=DIRECTION('center_axis',(0.,1.,2.03444009748065E-16));
#7139=DIRECTION('ref_axis',(0.405001498187566,0.,0.914316021114049));
#7140=DIRECTION('center_axis',(0.,1.,2.3373116307898E-16));
#7141=DIRECTION('ref_axis',(1.,0.,0.));
#7142=DIRECTION('center_axis',(0.,1.,2.03444009748065E-16));
#7143=DIRECTION('ref_axis',(1.,0.,0.));
#7144=DIRECTION('',(0.,-1.,-2.3373116307898E-16));
#7145=DIRECTION('center_axis',(0.,-1.,-2.03444009748065E-16));
#7146=DIRECTION('ref_axis',(1.,0.,0.));
#7147=DIRECTION('center_axis',(1.23405003515387E-32,1.,2.3373116307898E-16));
#7148=DIRECTION('ref_axis',(-0.932898364436387,0.,0.360139752918105));
#7149=DIRECTION('center_axis',(0.,-1.,-2.03444009748065E-16));
#7150=DIRECTION('ref_axis',(-0.932898364436387,0.,0.360139752918105));
#7151=DIRECTION('',(2.37281947942265E-32,1.,2.3373116307898E-16));
#7152=DIRECTION('center_axis',(0.,1.,2.03444009748065E-16));
#7153=DIRECTION('ref_axis',(-0.932898364436387,0.,0.360139752918105));
#7154=DIRECTION('center_axis',(-0.923879532511287,8.94450437377486E-17,
-0.38268343236509));
#7155=DIRECTION('ref_axis',(-0.38268343236509,-1.87957756618264E-16,0.923879532511287));
#7156=DIRECTION('',(-0.38268343236509,-1.87957756618264E-16,0.923879532511287));
#7157=DIRECTION('',(-1.07081257515632E-17,-1.,-2.07879460661959E-16));
#7158=DIRECTION('',(0.38268343236509,1.87957756618264E-16,-0.923879532511287));
#7159=DIRECTION('center_axis',(0.,1.,2.03444009748065E-16));
#7160=DIRECTION('ref_axis',(-0.357835013557612,0.,-0.933784826966161));
#7161=DIRECTION('center_axis',(0.,1.,2.03444009748065E-16));
#7162=DIRECTION('ref_axis',(-0.357835013557612,0.,-0.933784826966161));
#7163=DIRECTION('center_axis',(0.,-1.,-2.03444009748065E-16));
#7164=DIRECTION('ref_axis',(-0.357835013557612,0.,-0.933784826966161));
#7165=DIRECTION('center_axis',(0.,1.,2.03444009748065E-16));
#7166=DIRECTION('ref_axis',(0.999642220612265,0.,-0.0267475376320753));
#7167=DIRECTION('center_axis',(0.,-1.,-2.03444009748065E-16));
#7168=DIRECTION('ref_axis',(0.999642220612265,0.,-0.0267475376320753));
#7169=DIRECTION('',(1.51435766654573E-17,1.,2.18587586413523E-16));
#7170=DIRECTION('center_axis',(0.,1.,2.03444009748065E-16));
#7171=DIRECTION('ref_axis',(0.999642220612265,0.,-0.0267475376320753));
#7172=DIRECTION('center_axis',(0.707106781186548,-1.65272890387765E-16,
0.707106781186548));
#7173=DIRECTION('ref_axis',(0.707106781186548,1.43856638884639E-16,-0.707106781186548));
#7174=DIRECTION('',(0.707106781186548,1.43856638884639E-16,-0.707106781186548));
#7175=DIRECTION('',(-7.24947271886697E-33,-1.,-2.3373116307898E-16));
#7176=DIRECTION('',(-0.707106781186548,-1.43856638884639E-16,0.707106781186548));
#7177=DIRECTION('center_axis',(2.46810007030775E-32,1.,2.3373116307898E-16));
#7178=DIRECTION('ref_axis',(0.0242790015855889,0.,0.999705221593849));
#7179=DIRECTION('center_axis',(0.,-1.,-2.03444009748065E-16));
#7180=DIRECTION('ref_axis',(0.0242790015855889,0.,0.999705221593849));
#7181=DIRECTION('',(0.,1.,2.3373116307898E-16));
#7182=DIRECTION('center_axis',(0.,1.,2.03444009748065E-16));
#7183=DIRECTION('ref_axis',(0.0242790015855889,0.,0.999705221593849));
#7184=DIRECTION('center_axis',(0.,1.,2.3373116307898E-16));
#7185=DIRECTION('ref_axis',(1.,0.,0.));
#7186=DIRECTION('center_axis',(0.,1.,2.03444009748065E-16));
#7187=DIRECTION('ref_axis',(1.,0.,0.));
#7188=DIRECTION('',(0.,-1.,-2.3373116307898E-16));
#7189=DIRECTION('center_axis',(0.,-1.,-2.03444009748065E-16));
#7190=DIRECTION('ref_axis',(1.,0.,0.));
#7191=DIRECTION('center_axis',(0.,1.,2.3373116307898E-16));
#7192=DIRECTION('ref_axis',(-0.999705221593849,0.,-0.0242790015855889));
#7193=DIRECTION('center_axis',(0.,-1.,-2.03444009748065E-16));
#7194=DIRECTION('ref_axis',(-0.999705221593849,0.,-0.0242790015855889));
#7195=DIRECTION('',(0.,1.,2.3373116307898E-16));
#7196=DIRECTION('center_axis',(0.,1.,2.03444009748065E-16));
#7197=DIRECTION('ref_axis',(-0.999705221593849,0.,-0.0242790015855889));
#7198=DIRECTION('center_axis',(-0.707106781186548,1.65272890387765E-16,
-0.707106781186548));
#7199=DIRECTION('ref_axis',(-0.707106781186548,-1.43856638884639E-16,0.707106781186548));
#7200=DIRECTION('',(-0.707106781186548,-1.43856638884639E-16,0.707106781186548));
#7201=DIRECTION('',(-1.51435766654573E-17,-1.,-2.18587586413523E-16));
#7202=DIRECTION('',(0.707106781186548,1.43856638884639E-16,-0.707106781186548));
#7203=DIRECTION('center_axis',(0.,1.,2.03444009748065E-16));
#7204=DIRECTION('ref_axis',(0.0267475376320753,0.,-0.999642220612265));
#7205=DIRECTION('center_axis',(0.,1.,2.03444009748065E-16));
#7206=DIRECTION('ref_axis',(0.0267475376320753,0.,-0.999642220612265));
#7207=DIRECTION('center_axis',(0.,-1.,-2.03444009748065E-16));
#7208=DIRECTION('ref_axis',(0.0267475376320753,0.,-0.999642220612265));
#7209=DIRECTION('center_axis',(0.,1.,2.03444009748065E-16));
#7210=DIRECTION('ref_axis',(0.933784826966162,0.,0.357835013557611));
#7211=DIRECTION('center_axis',(0.,-1.,-2.03444009748065E-16));
#7212=DIRECTION('ref_axis',(0.933784826966162,0.,0.357835013557611));
#7213=DIRECTION('',(-3.06461511408395E-18,1.,1.9604537437619E-16));
#7214=DIRECTION('center_axis',(0.,1.,2.03444009748065E-16));
#7215=DIRECTION('ref_axis',(0.933784826966162,0.,0.357835013557611));
#7216=DIRECTION('center_axis',(0.382683432365089,-1.79949531398939E-16,
0.923879532511287));
#7217=DIRECTION('ref_axis',(0.923879532511287,7.78546519445063E-17,-0.382683432365089));
#7218=DIRECTION('',(0.923879532511287,7.78546519445064E-17,-0.382683432365089));
#7219=DIRECTION('',(0.,-1.,-1.94775969232483E-16));
#7220=DIRECTION('',(-0.923879532511287,-7.78546519445064E-17,0.382683432365089));
#7221=DIRECTION('center_axis',(0.,1.,1.94775969232483E-16));
#7222=DIRECTION('ref_axis',(-0.360139752918107,0.,0.932898364436387));
#7223=DIRECTION('center_axis',(0.,-1.,-2.03444009748065E-16));
#7224=DIRECTION('ref_axis',(-0.360139752918107,0.,0.932898364436387));
#7225=DIRECTION('',(0.,1.,1.94775969232483E-16));
#7226=DIRECTION('center_axis',(0.,1.,2.03444009748065E-16));
#7227=DIRECTION('ref_axis',(-0.360139752918107,0.,0.932898364436387));
#7228=DIRECTION('center_axis',(0.,1.,1.94775969232483E-16));
#7229=DIRECTION('ref_axis',(1.,0.,0.));
#7230=DIRECTION('center_axis',(0.,1.,2.03444009748065E-16));
#7231=DIRECTION('ref_axis',(1.,0.,0.));
#7232=DIRECTION('',(0.,-1.,-1.94775969232483E-16));
#7233=DIRECTION('center_axis',(0.,-1.,-2.03444009748065E-16));
#7234=DIRECTION('ref_axis',(1.,0.,0.));
#7235=DIRECTION('center_axis',(-1.23405003515387E-32,1.,1.94775969232483E-16));
#7236=DIRECTION('ref_axis',(-0.914316021114049,0.,-0.405001498187567));
#7237=DIRECTION('center_axis',(0.,-1.,-2.03444009748065E-16));
#7238=DIRECTION('ref_axis',(-0.914316021114049,0.,-0.405001498187567));
#7239=DIRECTION('',(-1.23405003515387E-32,1.,1.94775969232483E-16));
#7240=DIRECTION('center_axis',(0.,1.,2.03444009748065E-16));
#7241=DIRECTION('ref_axis',(-0.914316021114049,0.,-0.405001498187567));
#7242=DIRECTION('center_axis',(-0.38268343236509,1.79949531398939E-16,-0.923879532511287));
#7243=DIRECTION('ref_axis',(-0.923879532511287,-7.78546519445064E-17,0.38268343236509));
#7244=DIRECTION('',(-0.923879532511287,-7.78546519445064E-17,0.38268343236509));
#7245=DIRECTION('',(3.06461511408395E-18,-1.,-1.9604537437619E-16));
#7246=DIRECTION('',(0.923879532511287,7.78546519445064E-17,-0.38268343236509));
#7247=DIRECTION('center_axis',(0.,1.,2.03444009748065E-16));
#7248=DIRECTION('ref_axis',(0.407258018684316,0.,-0.913313147949445));
#7249=DIRECTION('center_axis',(0.,1.,2.03444009748065E-16));
#7250=DIRECTION('ref_axis',(0.407258018684316,0.,-0.913313147949445));
#7251=DIRECTION('center_axis',(0.,-1.,-2.03444009748065E-16));
#7252=DIRECTION('ref_axis',(0.407258018684316,0.,-0.913313147949445));
#7253=DIRECTION('center_axis',(-2.46810007030775E-32,1.,2.3373116307898E-16));
#7254=DIRECTION('ref_axis',(-0.914316021114048,0.,0.405001498187569));
#7255=DIRECTION('center_axis',(0.,-1.,-2.03444009748065E-16));
#7256=DIRECTION('ref_axis',(-0.914316021114048,0.,0.405001498187569));
#7257=DIRECTION('',(0.,1.,2.3373116307898E-16));
#7258=DIRECTION('center_axis',(0.,1.,2.03444009748065E-16));
#7259=DIRECTION('ref_axis',(-0.914316021114048,0.,0.405001498187569));
#7260=DIRECTION('',(2.46810007030775E-32,-1.,-2.3373116307898E-16));
#7261=DIRECTION('center_axis',(0.,1.,2.3373116307898E-16));
#7262=DIRECTION('ref_axis',(1.,0.,0.));
#7263=DIRECTION('center_axis',(0.,1.,2.03444009748065E-16));
#7264=DIRECTION('ref_axis',(1.,0.,0.));
#7265=DIRECTION('',(0.,-1.,-2.3373116307898E-16));
#7266=DIRECTION('center_axis',(0.,-1.,-2.03444009748065E-16));
#7267=DIRECTION('ref_axis',(1.,0.,0.));
#7268=DIRECTION('center_axis',(-1.23405003515387E-32,1.,2.3373116307898E-16));
#7269=DIRECTION('ref_axis',(-0.360139752918107,0.,-0.932898364436387));
#7270=DIRECTION('center_axis',(0.,-1.,-2.03444009748065E-16));
#7271=DIRECTION('ref_axis',(-0.360139752918107,0.,-0.932898364436387));
#7272=DIRECTION('',(-1.23405003515387E-32,1.,2.3373116307898E-16));
#7273=DIRECTION('center_axis',(0.,1.,2.03444009748065E-16));
#7274=DIRECTION('ref_axis',(-0.360139752918107,0.,-0.932898364436387));
#7275=DIRECTION('center_axis',(0.38268343236509,2.15939437678727E-16,-0.923879532511287));
#7276=DIRECTION('ref_axis',(-0.923879532511287,7.78546519445065E-17,-0.38268343236509));
#7277=DIRECTION('',(-0.923879532511287,7.78546519445064E-17,-0.38268343236509));
#7278=DIRECTION('',(1.07081257515632E-17,-1.,-2.29295712165086E-16));
#7279=DIRECTION('',(0.923879532511287,-7.78546519445064E-17,0.38268343236509));
#7280=DIRECTION('center_axis',(0.,1.,2.03444009748065E-16));
#7281=DIRECTION('ref_axis',(0.933784826966162,0.,-0.35783501355761));
#7282=DIRECTION('center_axis',(0.,1.,2.03444009748065E-16));
#7283=DIRECTION('ref_axis',(0.933784826966162,0.,-0.35783501355761));
#7284=DIRECTION('center_axis',(0.,-1.,-2.03444009748065E-16));
#7285=DIRECTION('ref_axis',(0.933784826966162,0.,-0.35783501355761));
#7286=DIRECTION('center_axis',(0.,1.,2.03444009748065E-16));
#7287=DIRECTION('ref_axis',(0.407258018684313,0.,0.913313147949447));
#7288=DIRECTION('center_axis',(0.,-1.,-2.03444009748065E-16));
#7289=DIRECTION('ref_axis',(0.407258018684313,0.,0.913313147949447));
#7290=DIRECTION('',(-1.07081257515632E-17,1.,2.29295712165086E-16));
#7291=DIRECTION('center_axis',(0.,1.,2.03444009748065E-16));
#7292=DIRECTION('ref_axis',(0.407258018684313,0.,0.913313147949447));
#7293=DIRECTION('center_axis',(-0.38268343236509,-2.15939437678727E-16,
0.923879532511287));
#7294=DIRECTION('ref_axis',(0.923879532511287,-7.78546519445064E-17,0.38268343236509));
#7295=DIRECTION('',(-0.923879532511287,7.78546519445064E-17,-0.38268343236509));
#7296=DIRECTION('',(0.923879532511287,-7.78546519445064E-17,0.38268343236509));
#7297=DIRECTION('center_axis',(-1.41589656249726E-16,-2.03540887847945E-16,
1.));
#7298=DIRECTION('ref_axis',(1.,-2.88055674062945E-32,1.41589656249726E-16));
#7299=DIRECTION('',(1.,-2.88055674062945E-32,1.41589656249726E-16));
#7300=DIRECTION('',(0.,1.,2.03540887847945E-16));
#7301=DIRECTION('',(-1.,2.88055674062945E-32,-1.41589656249726E-16));
#7302=DIRECTION('center_axis',(0.,1.,2.03540887847945E-16));
#7303=DIRECTION('ref_axis',(-1.,2.49265696798596E-32,-1.22464679914735E-16));
#7304=DIRECTION('center_axis',(0.,1.,2.03444009748065E-16));
#7305=DIRECTION('ref_axis',(1.,0.,0.));
#7306=DIRECTION('',(0.,1.,2.03540887847945E-16));
#7307=DIRECTION('center_axis',(0.,-1.,-2.03444009748065E-16));
#7308=DIRECTION('ref_axis',(1.,0.,0.));
#7309=DIRECTION('center_axis',(0.,2.03540887847945E-16,-1.));
#7310=DIRECTION('ref_axis',(-1.,0.,0.));
#7311=DIRECTION('',(-1.,0.,0.));
#7312=DIRECTION('',(1.,0.,0.));
#7313=DIRECTION('center_axis',(0.,1.,2.03444009748065E-16));
#7314=DIRECTION('ref_axis',(0.,-2.03444009748065E-16,1.));
#7315=DIRECTION('center_axis',(7.0794828124863E-17,-2.03540887847945E-16,
1.));
#7316=DIRECTION('ref_axis',(1.,1.44027837031472E-32,-7.0794828124863E-17));
#7317=DIRECTION('',(1.,1.44027837031472E-32,-7.0794828124863E-17));
#7318=DIRECTION('',(-1.,-1.44027837031472E-32,7.0794828124863E-17));
#7319=DIRECTION('',(0.,1.,2.03540887847945E-16));
#7320=DIRECTION('center_axis',(0.,1.,2.03444009748065E-16));
#7321=DIRECTION('ref_axis',(0.,-2.03444009748065E-16,1.));
#7322=DIRECTION('',(1.,-1.44027837031472E-32,7.0794828124863E-17));
#7323=DIRECTION('center_axis',(0.,-1.,-2.03444009748065E-16));
#7324=DIRECTION('ref_axis',(1.,0.,0.));
#7325=DIRECTION('center_axis',(0.,1.,2.03540887847945E-16));
#7326=DIRECTION('ref_axis',(1.,0.,0.));
#7327=DIRECTION('center_axis',(0.,1.,2.03444009748065E-16));
#7328=DIRECTION('ref_axis',(1.,0.,0.));
#7329=DIRECTION('',(0.,1.,2.03540887847945E-16));
#7330=DIRECTION('center_axis',(7.0794828124863E-17,2.03540887847945E-16,
-1.));
#7331=DIRECTION('ref_axis',(-1.,1.44027837031472E-32,-7.0794828124863E-17));
#7332=DIRECTION('',(-1.,1.44027837031472E-32,-7.0794828124863E-17));
#7333=DIRECTION('center_axis',(1.,-6.28784385668826E-32,2.12384484374589E-16));
#7334=DIRECTION('ref_axis',(2.12384484374589E-16,2.03444009748065E-16,-1.));
#7335=DIRECTION('',(2.12384484374589E-16,2.03444009748065E-16,-1.));
#7336=DIRECTION('',(0.,1.,2.96059473233374E-16));
#7337=DIRECTION('',(-2.12384484374589E-16,-2.03444009748065E-16,1.));
#7338=DIRECTION('center_axis',(0.,1.,2.96059473233374E-16));
#7339=DIRECTION('ref_axis',(1.,0.,0.));
#7340=DIRECTION('center_axis',(0.,1.,2.03444009748065E-16));
#7341=DIRECTION('ref_axis',(1.,0.,0.));
#7342=DIRECTION('',(0.,1.,2.96059473233374E-16));
#7343=DIRECTION('center_axis',(0.,-1.,-2.03444009748065E-16));
#7344=DIRECTION('ref_axis',(1.,0.,0.));
#7345=DIRECTION('center_axis',(-1.,2.09594795222942E-32,-7.0794828124863E-17));
#7346=DIRECTION('ref_axis',(-7.0794828124863E-17,-2.03444009748065E-16,
1.));
#7347=DIRECTION('',(-7.0794828124863E-17,-2.03444009748065E-16,1.));
#7348=DIRECTION('',(7.0794828124863E-17,2.03444009748065E-16,-1.));
#7349=DIRECTION('center_axis',(0.,1.,2.03444009748065E-16));
#7350=DIRECTION('ref_axis',(0.,-2.03444009748065E-16,1.));
#7351=DIRECTION('center_axis',(0.,1.,2.96059473233374E-16));
#7352=DIRECTION('ref_axis',(1.,0.,0.));
#7353=DIRECTION('center_axis',(0.,1.,2.03444009748065E-16));
#7354=DIRECTION('ref_axis',(1.,0.,0.));
#7355=DIRECTION('',(0.,1.,2.96059473233374E-16));
#7356=DIRECTION('center_axis',(0.,-1.,-2.03444009748065E-16));
#7357=DIRECTION('ref_axis',(1.,0.,0.));
#7358=DIRECTION('',(0.,1.,2.96059473233374E-16));
#7359=DIRECTION('center_axis',(-1.,4.19189590445884E-32,-1.41589656249726E-16));
#7360=DIRECTION('ref_axis',(-1.41589656249726E-16,-2.03444009748065E-16,
1.));
#7361=DIRECTION('',(-1.41589656249726E-16,-2.03444009748065E-16,1.));
#7362=DIRECTION('',(1.41589656249726E-16,2.03444009748065E-16,-1.));
#7363=DIRECTION('center_axis',(0.,1.,2.03444009748065E-16));
#7364=DIRECTION('ref_axis',(0.,-2.03444009748065E-16,1.));
#7365=DIRECTION('',(0.,-2.03444009748065E-16,1.));
#7366=DIRECTION('center_axis',(1.,0.,0.));
#7367=DIRECTION('ref_axis',(0.,2.03444009748065E-16,-1.));
#7368=DIRECTION('',(0.,2.03444009748065E-16,-1.));
#7369=DIRECTION('center_axis',(0.,1.,2.3373116307898E-16));
#7370=DIRECTION('ref_axis',(1.,0.,0.));
#7371=DIRECTION('center_axis',(0.,-1.,-2.3373116307898E-16));
#7372=DIRECTION('ref_axis',(1.,0.,0.));
#7373=DIRECTION('',(0.,1.,2.3373116307898E-16));
#7374=DIRECTION('center_axis',(0.,1.,2.03444009748065E-16));
#7375=DIRECTION('ref_axis',(1.,0.,0.));
#7376=DIRECTION('',(0.,1.,2.3373116307898E-16));
#7377=DIRECTION('center_axis',(-0.923879532511287,8.94450437377485E-17,
-0.38268343236509));
#7378=DIRECTION('ref_axis',(-0.38268343236509,-1.87957756618264E-16,0.923879532511287));
#7379=DIRECTION('',(-0.38268343236509,-1.87957756618264E-16,0.923879532511287));
#7380=DIRECTION('center_axis',(0.923879532511287,-8.94450437377485E-17,
0.38268343236509));
#7381=DIRECTION('ref_axis',(0.38268343236509,1.87957756618264E-16,-0.923879532511287));
#7382=DIRECTION('',(0.38268343236509,1.87957756618264E-16,-0.923879532511287));
#7383=DIRECTION('center_axis',(0.,1.,1.94775969232483E-16));
#7384=DIRECTION('ref_axis',(1.,0.,0.));
#7385=DIRECTION('center_axis',(0.,1.,2.03444009748065E-16));
#7386=DIRECTION('ref_axis',(1.,0.,0.));
#7387=DIRECTION('',(0.,1.,1.94775969232483E-16));
#7388=DIRECTION('center_axis',(0.,-1.,-1.94775969232483E-16));
#7389=DIRECTION('ref_axis',(1.,0.,0.));
#7390=DIRECTION('',(0.,1.,1.94775969232483E-16));
#7391=DIRECTION('center_axis',(-0.382683432365089,1.79949531398939E-16,
-0.923879532511287));
#7392=DIRECTION('ref_axis',(-0.923879532511287,-7.78546519445063E-17,0.382683432365089));
#7393=DIRECTION('',(-0.923879532511287,-7.78546519445064E-17,0.382683432365089));
#7394=DIRECTION('center_axis',(0.382683432365089,-1.79949531398939E-16,
0.923879532511287));
#7395=DIRECTION('ref_axis',(0.923879532511287,7.78546519445064E-17,-0.382683432365089));
#7396=DIRECTION('',(0.923879532511287,7.78546519445064E-17,-0.382683432365089));
#7397=DIRECTION('center_axis',(0.,1.,2.3373116307898E-16));
#7398=DIRECTION('ref_axis',(1.,0.,0.));
#7399=DIRECTION('center_axis',(0.,-1.,-2.3373116307898E-16));
#7400=DIRECTION('ref_axis',(1.,0.,0.));
#7401=DIRECTION('',(0.,1.,2.3373116307898E-16));
#7402=DIRECTION('center_axis',(0.,1.,2.03444009748065E-16));
#7403=DIRECTION('ref_axis',(1.,0.,0.));
#7404=DIRECTION('',(0.,1.,2.3373116307898E-16));
#7405=DIRECTION('center_axis',(-0.707106781186548,-1.65272890387765E-16,
0.707106781186548));
#7406=DIRECTION('ref_axis',(0.707106781186548,-1.43856638884639E-16,0.707106781186548));
#7407=DIRECTION('',(0.707106781186548,-1.43856638884639E-16,0.707106781186548));
#7408=DIRECTION('center_axis',(0.707106781186547,1.65272890387766E-16,-0.707106781186548));
#7409=DIRECTION('ref_axis',(-0.707106781186548,1.43856638884639E-16,-0.707106781186547));
#7410=DIRECTION('',(-0.707106781186548,1.43856638884639E-16,-0.707106781186547));
#7411=DIRECTION('center_axis',(0.,1.,2.3373116307898E-16));
#7412=DIRECTION('ref_axis',(1.,0.,0.));
#7413=DIRECTION('center_axis',(0.,1.,2.03444009748065E-16));
#7414=DIRECTION('ref_axis',(1.,0.,0.));
#7415=DIRECTION('',(0.,1.,2.3373116307898E-16));
#7416=DIRECTION('center_axis',(0.,-1.,-2.3373116307898E-16));
#7417=DIRECTION('ref_axis',(1.,0.,0.));
#7418=DIRECTION('',(0.,1.,2.3373116307898E-16));
#7419=DIRECTION('center_axis',(0.923879532511287,-8.94450437377486E-17,
0.38268343236509));
#7420=DIRECTION('ref_axis',(0.38268343236509,1.87957756618264E-16,-0.923879532511287));
#7421=DIRECTION('',(0.38268343236509,1.87957756618264E-16,-0.923879532511287));
#7422=DIRECTION('center_axis',(-0.923879532511287,8.94450437377486E-17,
-0.38268343236509));
#7423=DIRECTION('ref_axis',(-0.38268343236509,-1.87957756618264E-16,0.923879532511287));
#7424=DIRECTION('',(-0.38268343236509,-1.87957756618264E-16,0.923879532511287));
#7425=DIRECTION('center_axis',(0.,1.,2.3373116307898E-16));
#7426=DIRECTION('ref_axis',(1.,0.,0.));
#7427=DIRECTION('center_axis',(0.,-1.,-2.3373116307898E-16));
#7428=DIRECTION('ref_axis',(1.,0.,0.));
#7429=DIRECTION('',(0.,1.,2.3373116307898E-16));
#7430=DIRECTION('center_axis',(0.,1.,2.03444009748065E-16));
#7431=DIRECTION('ref_axis',(1.,0.,0.));
#7432=DIRECTION('',(0.,1.,2.3373116307898E-16));
#7433=DIRECTION('center_axis',(0.38268343236509,2.15939437678727E-16,-0.923879532511287));
#7434=DIRECTION('ref_axis',(-0.923879532511286,7.78546519445065E-17,-0.38268343236509));
#7435=DIRECTION('',(-0.923879532511286,7.78546519445065E-17,-0.38268343236509));
#7436=DIRECTION('center_axis',(-0.38268343236509,-2.15939437678727E-16,
0.923879532511287));
#7437=DIRECTION('ref_axis',(0.923879532511287,-7.78546519445065E-17,0.38268343236509));
#7438=DIRECTION('',(0.923879532511287,-7.78546519445065E-17,0.38268343236509));
#7439=DIRECTION('center_axis',(0.,1.,2.3373116307898E-16));
#7440=DIRECTION('ref_axis',(1.,0.,0.));
#7441=DIRECTION('center_axis',(0.,1.,2.03444009748065E-16));
#7442=DIRECTION('ref_axis',(1.,0.,0.));
#7443=DIRECTION('',(0.,1.,2.3373116307898E-16));
#7444=DIRECTION('center_axis',(0.,-1.,-2.3373116307898E-16));
#7445=DIRECTION('ref_axis',(1.,0.,0.));
#7446=DIRECTION('',(0.,1.,2.3373116307898E-16));
#7447=DIRECTION('center_axis',(0.707106781186548,-1.65272890387765E-16,
0.707106781186548));
#7448=DIRECTION('ref_axis',(0.707106781186548,1.43856638884639E-16,-0.707106781186548));
#7449=DIRECTION('',(0.707106781186548,1.43856638884639E-16,-0.707106781186548));
#7450=DIRECTION('center_axis',(-0.707106781186548,1.65272890387765E-16,
-0.707106781186548));
#7451=DIRECTION('ref_axis',(-0.707106781186548,-1.43856638884639E-16,0.707106781186548));
#7452=DIRECTION('',(-0.707106781186548,-1.43856638884639E-16,0.707106781186548));
#7453=DIRECTION('center_axis',(0.,1.,1.55820775385987E-16));
#7454=DIRECTION('ref_axis',(1.,0.,0.));
#7455=DIRECTION('center_axis',(0.,-1.,-1.55820775385987E-16));
#7456=DIRECTION('ref_axis',(1.,0.,0.));
#7457=DIRECTION('',(0.,1.,1.55820775385987E-16));
#7458=DIRECTION('center_axis',(0.,1.,2.03444009748065E-16));
#7459=DIRECTION('ref_axis',(1.,0.,0.));
#7460=DIRECTION('',(0.,1.,1.55820775385987E-16));
#7461=DIRECTION('center_axis',(-0.923879532511287,-5.9630029158499E-17,
0.38268343236509));
#7462=DIRECTION('ref_axis',(0.38268343236509,-1.87957756618264E-16,0.923879532511287));
#7463=DIRECTION('',(0.38268343236509,-1.87957756618264E-16,0.923879532511287));
#7464=DIRECTION('center_axis',(0.923879532511287,5.9630029158499E-17,-0.382683432365089));
#7465=DIRECTION('ref_axis',(-0.382683432365089,1.87957756618264E-16,-0.923879532511287));
#7466=DIRECTION('',(-0.382683432365089,1.87957756618264E-16,-0.923879532511287));
#7467=DIRECTION('center_axis',(0.,1.,2.3373116307898E-16));
#7468=DIRECTION('ref_axis',(1.,0.,0.));
#7469=DIRECTION('center_axis',(0.,1.,2.03444009748065E-16));
#7470=DIRECTION('ref_axis',(1.,0.,0.));
#7471=DIRECTION('',(0.,1.,2.3373116307898E-16));
#7472=DIRECTION('center_axis',(0.,-1.,-2.3373116307898E-16));
#7473=DIRECTION('ref_axis',(1.,0.,0.));
#7474=DIRECTION('',(0.,1.,2.3373116307898E-16));
#7475=DIRECTION('center_axis',(-0.707106781186548,1.65272890387765E-16,
-0.707106781186548));
#7476=DIRECTION('ref_axis',(-0.707106781186548,-1.43856638884639E-16,0.707106781186548));
#7477=DIRECTION('',(-0.707106781186548,-1.43856638884639E-16,0.707106781186548));
#7478=DIRECTION('center_axis',(0.707106781186548,-1.65272890387765E-16,
0.707106781186548));
#7479=DIRECTION('ref_axis',(0.707106781186548,1.43856638884639E-16,-0.707106781186548));
#7480=DIRECTION('',(0.707106781186548,1.43856638884639E-16,-0.707106781186548));
#7481=DIRECTION('center_axis',(0.,1.,2.3373116307898E-16));
#7482=DIRECTION('ref_axis',(1.,0.,0.));
#7483=DIRECTION('center_axis',(0.,-1.,-2.3373116307898E-16));
#7484=DIRECTION('ref_axis',(1.,0.,0.));
#7485=DIRECTION('',(0.,1.,2.3373116307898E-16));
#7486=DIRECTION('center_axis',(0.,1.,2.03444009748065E-16));
#7487=DIRECTION('ref_axis',(1.,0.,0.));
#7488=DIRECTION('',(0.,1.,2.3373116307898E-16));
#7489=DIRECTION('center_axis',(-0.38268343236509,-2.15939437678727E-16,
0.923879532511287));
#7490=DIRECTION('ref_axis',(0.923879532511287,-7.78546519445064E-17,0.38268343236509));
#7491=DIRECTION('',(0.923879532511287,-7.78546519445064E-17,0.38268343236509));
#7492=DIRECTION('center_axis',(0.38268343236509,2.15939437678727E-16,-0.923879532511287));
#7493=DIRECTION('ref_axis',(-0.923879532511287,7.78546519445065E-17,-0.38268343236509));
#7494=DIRECTION('',(-0.923879532511287,7.78546519445064E-17,-0.38268343236509));
#7495=DIRECTION('center_axis',(0.,1.,1.55820775385987E-16));
#7496=DIRECTION('ref_axis',(1.,0.,0.));
#7497=DIRECTION('center_axis',(0.,1.,2.03444009748065E-16));
#7498=DIRECTION('ref_axis',(1.,0.,0.));
#7499=DIRECTION('',(0.,1.,1.55820775385987E-16));
#7500=DIRECTION('center_axis',(0.,-1.,-1.55820775385987E-16));
#7501=DIRECTION('ref_axis',(1.,0.,0.));
#7502=DIRECTION('',(0.,1.,1.55820775385987E-16));
#7503=DIRECTION('center_axis',(0.923879532511287,5.9630029158499E-17,-0.38268343236509));
#7504=DIRECTION('ref_axis',(-0.38268343236509,1.87957756618264E-16,-0.923879532511287));
#7505=DIRECTION('',(-0.38268343236509,1.87957756618264E-16,-0.923879532511287));
#7506=DIRECTION('center_axis',(-0.923879532511287,-5.96300291584991E-17,
0.38268343236509));
#7507=DIRECTION('ref_axis',(0.38268343236509,-1.87957756618264E-16,0.923879532511287));
#7508=DIRECTION('',(0.38268343236509,-1.87957756618264E-16,0.923879532511287));
#7509=DIRECTION('center_axis',(0.,1.,2.3373116307898E-16));
#7510=DIRECTION('ref_axis',(1.,0.,0.));
#7511=DIRECTION('center_axis',(0.,-1.,-2.3373116307898E-16));
#7512=DIRECTION('ref_axis',(1.,0.,0.));
#7513=DIRECTION('',(0.,1.,2.3373116307898E-16));
#7514=DIRECTION('center_axis',(0.,1.,2.03444009748065E-16));
#7515=DIRECTION('ref_axis',(1.,0.,0.));
#7516=DIRECTION('',(0.,1.,2.3373116307898E-16));
#7517=DIRECTION('center_axis',(0.707106781186548,1.65272890387765E-16,-0.707106781186548));
#7518=DIRECTION('ref_axis',(-0.707106781186548,1.43856638884639E-16,-0.707106781186548));
#7519=DIRECTION('',(-0.707106781186548,1.43856638884639E-16,-0.707106781186548));
#7520=DIRECTION('center_axis',(-0.707106781186547,-1.65272890387766E-16,
0.707106781186548));
#7521=DIRECTION('ref_axis',(0.707106781186548,-1.43856638884639E-16,0.707106781186547));
#7522=DIRECTION('',(0.707106781186548,-1.43856638884639E-16,0.707106781186547));
#7523=DIRECTION('center_axis',(0.,1.,1.94775969232483E-16));
#7524=DIRECTION('ref_axis',(1.,0.,0.));
#7525=DIRECTION('center_axis',(0.,1.,2.03444009748065E-16));
#7526=DIRECTION('ref_axis',(1.,0.,0.));
#7527=DIRECTION('',(0.,1.,1.94775969232483E-16));
#7528=DIRECTION('center_axis',(0.,-1.,-1.94775969232483E-16));
#7529=DIRECTION('ref_axis',(1.,0.,0.));
#7530=DIRECTION('',(0.,1.,1.94775969232483E-16));
#7531=DIRECTION('center_axis',(0.382683432365089,-1.79949531398939E-16,
0.923879532511287));
#7532=DIRECTION('ref_axis',(0.923879532511287,7.78546519445063E-17,-0.382683432365089));
#7533=DIRECTION('',(0.923879532511287,7.78546519445064E-17,-0.382683432365089));
#7534=DIRECTION('center_axis',(-0.38268343236509,1.79949531398939E-16,-0.923879532511287));
#7535=DIRECTION('ref_axis',(-0.923879532511287,-7.78546519445064E-17,0.38268343236509));
#7536=DIRECTION('',(-0.923879532511287,-7.78546519445064E-17,0.38268343236509));
#7537=DIRECTION('center_axis',(0.,-1.,-2.03444009748065E-16));
#7538=DIRECTION('ref_axis',(0.,2.03444009748065E-16,-1.));
#7539=DIRECTION('center_axis',(0.,1.,2.03444009748065E-16));
#7540=DIRECTION('ref_axis',(1.,0.,0.));
#7541=DIRECTION('center_axis',(0.,1.,2.03444009748065E-16));
#7542=DIRECTION('ref_axis',(1.,0.,0.));
#7543=DIRECTION('center_axis',(0.,1.,2.03444009748065E-16));
#7544=DIRECTION('ref_axis',(1.,0.,0.));
#7545=DIRECTION('center_axis',(0.,1.,2.03444009748065E-16));
#7546=DIRECTION('ref_axis',(1.,0.,0.));
#7547=DIRECTION('center_axis',(0.,1.,2.03444009748065E-16));
#7548=DIRECTION('ref_axis',(1.,0.,0.));
#7549=DIRECTION('center_axis',(0.,1.,2.03444009748065E-16));
#7550=DIRECTION('ref_axis',(1.,0.,0.));
#7551=DIRECTION('center_axis',(0.,1.,2.03444009748065E-16));
#7552=DIRECTION('ref_axis',(1.,0.,0.));
#7553=DIRECTION('center_axis',(0.,1.,2.03444009748065E-16));
#7554=DIRECTION('ref_axis',(1.,0.,0.));
#7555=DIRECTION('center_axis',(0.,1.,2.03444009748065E-16));
#7556=DIRECTION('ref_axis',(1.,0.,0.));
#7557=DIRECTION('center_axis',(0.,1.,2.03444009748065E-16));
#7558=DIRECTION('ref_axis',(1.,0.,0.));
#7559=DIRECTION('center_axis',(0.,1.,2.03444009748065E-16));
#7560=DIRECTION('ref_axis',(1.,0.,0.));
#7561=DIRECTION('center_axis',(0.,1.,2.03444009748065E-16));
#7562=DIRECTION('ref_axis',(1.,0.,0.));
#7563=DIRECTION('center_axis',(0.,1.,2.03444009748065E-16));
#7564=DIRECTION('ref_axis',(1.,0.,0.));
#7565=DIRECTION('center_axis',(0.,1.,2.03444009748065E-16));
#7566=DIRECTION('ref_axis',(0.,2.13390412699476E-16,-1.));
#7567=DIRECTION('center_axis',(0.,1.,2.03444009748065E-16));
#7568=DIRECTION('ref_axis',(0.,2.13390412699476E-16,-1.));
#7569=DIRECTION('center_axis',(0.,1.,2.03444009748065E-16));
#7570=DIRECTION('ref_axis',(-1.22464679914735E-16,-1.93497606796655E-16,
1.));
#7571=DIRECTION('center_axis',(0.,1.,2.03444009748065E-16));
#7572=DIRECTION('ref_axis',(0.,2.13390412699476E-16,-1.));
#7573=DIRECTION('center_axis',(0.,1.,2.03444009748065E-16));
#7574=DIRECTION('ref_axis',(0.,2.13390412699476E-16,-1.));
#7575=DIRECTION('center_axis',(0.,1.,2.03444009748065E-16));
#7576=DIRECTION('ref_axis',(0.,2.13390412699476E-16,-1.));
#7577=DIRECTION('center_axis',(0.,1.,2.03444009748065E-16));
#7578=DIRECTION('ref_axis',(0.,2.13390412699476E-16,-1.));
#7579=DIRECTION('center_axis',(0.,1.,2.03444009748065E-16));
#7580=DIRECTION('ref_axis',(0.,2.13390412699476E-16,-1.));
#7581=DIRECTION('center_axis',(0.,1.,2.03444009748065E-16));
#7582=DIRECTION('ref_axis',(0.,2.13390412699476E-16,-1.));
#7583=DIRECTION('center_axis',(0.,1.,2.03444009748065E-16));
#7584=DIRECTION('ref_axis',(0.,2.13390412699476E-16,-1.));
#7585=DIRECTION('center_axis',(0.,1.,2.03444009748065E-16));
#7586=DIRECTION('ref_axis',(0.,2.13390412699476E-16,-1.));
#7587=DIRECTION('center_axis',(0.,-1.,-2.03444009748065E-16));
#7588=DIRECTION('ref_axis',(0.,-2.07748443299165E-16,1.));
#7589=DIRECTION('',(-9.38133875270273E-17,-0.642787609686539,-0.766044443118978));
#7590=DIRECTION('center_axis',(0.,1.,2.03444009748065E-16));
#7591=DIRECTION('ref_axis',(1.,0.,0.));
#7592=DIRECTION('center_axis',(0.,1.,2.03444009748065E-16));
#7593=DIRECTION('ref_axis',(1.,0.,0.));
#7594=DIRECTION('center_axis',(0.,1.,2.03444009748065E-16));
#7595=DIRECTION('ref_axis',(0.,0.,1.));
#7596=DIRECTION('center_axis',(0.,-1.,-2.03444009748065E-16));
#7597=DIRECTION('ref_axis',(-1.83697019872103E-16,-2.03444009748065E-16,
1.));
#7598=DIRECTION('center_axis',(-1.,-2.49147055343671E-32,1.22464679914735E-16));
#7599=DIRECTION('ref_axis',(-1.22464679914735E-16,2.22044604925031E-16,
-1.));
#7600=DIRECTION('center_axis',(0.,1.,2.03444009748065E-16));
#7601=DIRECTION('ref_axis',(-1.83697019872103E-16,-1.85037170770859E-16,
1.));
#7602=DIRECTION('center_axis',(0.,1.,2.03444009748065E-16));
#7603=DIRECTION('ref_axis',(-1.83697019872103E-16,-1.85037170770859E-16,
1.));
#7604=DIRECTION('center_axis',(0.,1.,2.03444009748065E-16));
#7605=DIRECTION('ref_axis',(0.,2.13390412699476E-16,-1.));
#7606=DIRECTION('center_axis',(0.,1.,2.03444009748065E-16));
#7607=DIRECTION('ref_axis',(1.,0.,0.));
#7608=DIRECTION('',(0.,-1.,-2.03444009748065E-16));
#7609=DIRECTION('center_axis',(0.,-1.,-2.03444009748065E-16));
#7610=DIRECTION('ref_axis',(0.,2.03444009748065E-16,-1.));
#7611=DIRECTION('center_axis',(0.,1.,2.03444009748065E-16));
#7612=DIRECTION('ref_axis',(1.,0.,0.));
#7613=DIRECTION('center_axis',(0.,1.,2.03444009748065E-16));
#7614=DIRECTION('ref_axis',(1.,0.,0.));
#7615=DIRECTION('center_axis',(0.,1.,2.03444009748065E-16));
#7616=DIRECTION('ref_axis',(1.,0.,0.));
#7617=DIRECTION('center_axis',(0.,1.,2.03444009748065E-16));
#7618=DIRECTION('ref_axis',(1.,0.,0.));
#7619=DIRECTION('center_axis',(0.,1.,2.03444009748065E-16));
#7620=DIRECTION('ref_axis',(1.,0.,0.));
#7621=DIRECTION('center_axis',(0.,1.,2.03444009748065E-16));
#7622=DIRECTION('ref_axis',(1.,0.,0.));
#7623=DIRECTION('center_axis',(0.,-1.,-2.03444009748065E-16));
#7624=DIRECTION('ref_axis',(1.,0.,0.));
#7625=DIRECTION('',(0.707106781186548,-0.707106781186548,-2.30452244508188E-16));
#7626=DIRECTION('center_axis',(0.,1.,2.03444009748065E-16));
#7627=DIRECTION('ref_axis',(1.,0.,0.));
#7628=DIRECTION('center_axis',(0.,1.,2.03444009748065E-16));
#7629=DIRECTION('ref_axis',(1.,0.,0.));
#7630=DIRECTION('',(0.,-1.,-2.03444009748065E-16));
#7631=DIRECTION('center_axis',(0.,1.,2.03444009748065E-16));
#7632=DIRECTION('ref_axis',(1.,0.,0.));
#7633=DIRECTION('center_axis',(0.,-1.,-2.03444009748065E-16));
#7634=DIRECTION('ref_axis',(1.,0.,0.));
#7635=DIRECTION('',(0.707106781186548,-0.707106781186548,-2.30452244508188E-16));
#7636=DIRECTION('center_axis',(0.,1.,2.03444009748065E-16));
#7637=DIRECTION('ref_axis',(1.,0.,0.));
#7638=DIRECTION('center_axis',(0.,1.,2.03444009748065E-16));
#7639=DIRECTION('ref_axis',(1.,0.,0.));
#7640=DIRECTION('',(0.,-1.,-2.03444009748065E-16));
#7641=DIRECTION('center_axis',(0.,1.,2.03444009748065E-16));
#7642=DIRECTION('ref_axis',(1.,0.,0.));
#7643=DIRECTION('center_axis',(0.,-1.,-2.03444009748065E-16));
#7644=DIRECTION('ref_axis',(1.,0.,0.));
#7645=DIRECTION('',(0.707106781186548,-0.707106781186548,-2.30452244508188E-16));
#7646=DIRECTION('center_axis',(0.,1.,2.03444009748065E-16));
#7647=DIRECTION('ref_axis',(1.,0.,0.));
#7648=DIRECTION('center_axis',(0.,1.,2.03444009748065E-16));
#7649=DIRECTION('ref_axis',(1.,0.,0.));
#7650=DIRECTION('',(0.,-1.,-2.03444009748065E-16));
#7651=DIRECTION('center_axis',(0.,1.,2.03444009748065E-16));
#7652=DIRECTION('ref_axis',(1.,0.,0.));
#7653=DIRECTION('center_axis',(0.,-1.,-2.03444009748065E-16));
#7654=DIRECTION('ref_axis',(1.,0.,0.));
#7655=DIRECTION('',(0.707106781186548,-0.707106781186548,-2.30452244508188E-16));
#7656=DIRECTION('center_axis',(0.,1.,2.03444009748065E-16));
#7657=DIRECTION('ref_axis',(1.,0.,0.));
#7658=DIRECTION('center_axis',(0.,1.,2.03444009748065E-16));
#7659=DIRECTION('ref_axis',(1.,0.,0.));
#7660=DIRECTION('',(0.,-1.,-2.03444009748065E-16));
#7661=DIRECTION('center_axis',(0.,-1.,-2.03444009748065E-16));
#7662=DIRECTION('ref_axis',(0.,2.03444009748065E-16,-1.));
#7663=DIRECTION('center_axis',(0.,1.,2.03444009748065E-16));
#7664=DIRECTION('ref_axis',(1.,0.,0.));
#7665=DIRECTION('center_axis',(0.,1.,2.03444009748065E-16));
#7666=DIRECTION('ref_axis',(0.,2.13390412699476E-16,-1.));
#7667=DIRECTION('',(0.,-1.,-2.03444009748065E-16));
#7668=DIRECTION('center_axis',(0.,1.,2.03444009748065E-16));
#7669=DIRECTION('ref_axis',(0.,2.13390412699476E-16,-1.));
#7670=DIRECTION('center_axis',(0.,1.,2.03444009748065E-16));
#7671=DIRECTION('ref_axis',(0.,2.13390412699476E-16,-1.));
#7672=DIRECTION('center_axis',(0.,1.,2.03444009748065E-16));
#7673=DIRECTION('ref_axis',(1.,0.,0.));
#7674=DIRECTION('',(0.,-1.,-2.03444009748065E-16));
#7675=DIRECTION('center_axis',(0.,1.,2.03444009748065E-16));
#7676=DIRECTION('ref_axis',(0.,-2.03444009748065E-16,1.));
#7677=DIRECTION('center_axis',(0.,1.,2.03444009748065E-16));
#7678=DIRECTION('ref_axis',(0.,2.13390412699476E-16,-1.));
#7679=DIRECTION('',(0.,-1.,-2.03444009748065E-16));
#7680=CARTESIAN_POINT('',(0.,0.,0.));
#7681=CARTESIAN_POINT('Origin',(0.,9.33578643762691,1.8179322231232E-15));
#7682=CARTESIAN_POINT('',(3.73693002536525,9.33856217223386,10.9815915961906));
#7683=CARTESIAN_POINT('',(3.41769863132304,10.0428932188135,10.7782187687302));
#7684=CARTESIAN_POINT('Ctrl Pts',(3.73692586185991,9.33856215467422,10.9815889437452));
#7685=CARTESIAN_POINT('Ctrl Pts',(3.73658874666713,9.45093555272253,10.9813741776814));
#7686=CARTESIAN_POINT('Ctrl Pts',(3.71027388172561,9.58156414664014,10.96460975981));
#7687=CARTESIAN_POINT('Ctrl Pts',(3.62301530245485,9.7990355850691,10.9090199139562));
#7688=CARTESIAN_POINT('Ctrl Pts',(3.54133753915911,9.91943014157292,10.8569854399913));
#7689=CARTESIAN_POINT('Ctrl Pts',(3.44576776037085,10.0166262443199,10.7961007760933));
#7690=CARTESIAN_POINT('Ctrl Pts',(3.43200329860169,10.0298826588006,10.7873318468441));
#7691=CARTESIAN_POINT('Ctrl Pts',(3.41769863132304,10.0428932188135,10.7782187687302));
#7692=CARTESIAN_POINT('',(0.967103939428302,10.0428932188135,11.265672360383));
#7693=CARTESIAN_POINT('Origin',(0.,10.0428932188135,1.96178886200784E-15));
#7694=CARTESIAN_POINT('',(0.750000000000001,9.33856217223386,11.5757289187334));
#7695=CARTESIAN_POINT('Ctrl Pts',(0.967103939428302,10.0428932188135,11.265672360383));
#7696=CARTESIAN_POINT('Ctrl Pts',(0.95737557412224,10.0298826588006,11.2795659059037));
#7697=CARTESIAN_POINT('Ctrl Pts',(0.948014593560908,10.0166262443199,11.2929347716335));
#7698=CARTESIAN_POINT('Ctrl Pts',(0.883019183170668,9.91943014157292,11.3857578374297));
#7699=CARTESIAN_POINT('Ctrl Pts',(0.827471500498665,9.7990355850691,11.4650881497169));
#7700=CARTESIAN_POINT('Ctrl Pts',(0.768128398090341,9.58156414664015,11.5498388831352));
#7701=CARTESIAN_POINT('Ctrl Pts',(0.750232097942707,9.45093555272253,11.5753974485191));
#7702=CARTESIAN_POINT('Ctrl Pts',(0.750002831530445,9.33856215467422,11.5757248748888));
#7703=CARTESIAN_POINT('',(0.750000000000001,9.33578643762691,11.5757289187334));
#7704=CARTESIAN_POINT('',(0.750000000000001,5.25,11.5757289187334));
#7705=CARTESIAN_POINT('',(3.73693002536525,9.33578643762691,10.9815915961906));
#7706=CARTESIAN_POINT('Origin',(0.,9.33578643762691,1.8179322231232E-15));
#7707=CARTESIAN_POINT('',(3.73693002536525,5.25,10.9815915961906));
#7708=CARTESIAN_POINT('Origin',(0.,11.25,2.20736750576651E-15));
#7709=CARTESIAN_POINT('',(-1.,12.5,-8.79332132928167));
#7710=CARTESIAN_POINT('',(-1.08381241724541E-15,12.5,-8.84999999999999));
#7711=CARTESIAN_POINT('Origin',(0.,12.5,2.46167251795159E-15));
#7712=CARTESIAN_POINT('',(-1.32261854307914E-15,10.55,-10.8));
#7713=CARTESIAN_POINT('',(-1.23689326713883E-15,11.25,-10.1));
#7714=CARTESIAN_POINT('',(-1.35272444027687,10.55,-10.7149492107372));
#7715=CARTESIAN_POINT('Origin',(0.,10.55,1.6677207975032E-15));
#7716=CARTESIAN_POINT('',(-1.14303873779947,10.2764370377738,-11.0144114287726));
#7717=CARTESIAN_POINT('Ctrl Pts',(-1.35272444028313,10.5500000000081,-10.7149492107283));
#7718=CARTESIAN_POINT('Ctrl Pts',(-1.24919281213879,10.4162734787564,-10.8628076990974));
#7719=CARTESIAN_POINT('Ctrl Pts',(-1.14303873780189,10.276437037777,-11.0144114287692));
#7720=CARTESIAN_POINT('',(-3.15900267632351,10.2764370377738,-10.6134112692088));
#7721=CARTESIAN_POINT('Origin',(5.78583343282784E-18,10.2764370377738,2.0161196553735E-15));
#7722=CARTESIAN_POINT('',(-2.85067911808293,10.55,-10.4169874995474));
#7723=CARTESIAN_POINT('Ctrl Pts',(-3.1590026763235,10.2764370377738,-10.6134112692088));
#7724=CARTESIAN_POINT('Ctrl Pts',(-3.00291286411895,10.4162734787549,-10.5139710918382));
#7725=CARTESIAN_POINT('Ctrl Pts',(-2.85067911807368,10.5500000000081,-10.4169874995415));
#7726=CARTESIAN_POINT('',(-5.35018796508211,10.55,-9.38165703584876));
#7727=CARTESIAN_POINT('Origin',(0.,10.55,1.6677207975032E-15));
#7728=CARTESIAN_POINT('',(-5.27106286576445,10.2764370377739,-9.73856729419405));
#7729=CARTESIAN_POINT('Ctrl Pts',(-5.35018796508448,10.5500000000081,-9.38165703583807));
#7730=CARTESIAN_POINT('Ctrl Pts',(-5.31112020670776,10.4162734787565,-9.55788030576696));
#7731=CARTESIAN_POINT('Ctrl Pts',(-5.27106286576536,10.2764370377771,-9.73856729418991));
#7732=CARTESIAN_POINT('',(-6.9801145694068,10.2764370377738,-8.59661545472064));
#7733=CARTESIAN_POINT('Origin',(-3.81145765269987E-17,10.2764370377738,
2.0183350386942E-15));
#7734=CARTESIAN_POINT('',(-6.62009262218516,10.55,-8.53313387177827));
#7735=CARTESIAN_POINT('Ctrl Pts',(-6.9801145694068,10.2764370377738,-8.59661545472064));
#7736=CARTESIAN_POINT('Ctrl Pts',(-6.79785227828633,10.4162734787549,-8.56447769523036));
#7737=CARTESIAN_POINT('Ctrl Pts',(-6.62009262217436,10.5500000000081,-8.53313387177636));
#7738=CARTESIAN_POINT('',(-8.53313387177827,10.55,-6.62009262218516));
#7739=CARTESIAN_POINT('Origin',(0.,10.55,2.45072019381778E-15));
#7740=CARTESIAN_POINT('',(-8.64987907433463,10.0428932188135,-7.28218756697069));
#7741=CARTESIAN_POINT('Ctrl Pts',(-8.53313387177635,10.5500000000082,-6.62009262217431));
#7742=CARTESIAN_POINT('Ctrl Pts',(-8.5901674854513,10.3066695472814,-6.94354631851613));
#7743=CARTESIAN_POINT('Ctrl Pts',(-8.64987907433464,10.0428932188135,-7.28218756697069));
#7744=CARTESIAN_POINT('',(-10.0380294587417,10.0428932188135,-5.20467370222072));
#7745=CARTESIAN_POINT('Origin',(0.,10.0428932188135,1.96178886200784E-15));
#7746=CARTESIAN_POINT('',(-9.38165703584876,10.55,-5.3501879650821));
#7747=CARTESIAN_POINT('Ctrl Pts',(-10.0380294587417,10.0428932188135,-5.20467370222072));
#7748=CARTESIAN_POINT('Ctrl Pts',(-9.70231510464467,10.3066695472814,-5.27909978269666));
#7749=CARTESIAN_POINT('Ctrl Pts',(-9.38165703583805,10.5500000000081,-5.35018796508448));
#7750=CARTESIAN_POINT('',(-10.4169874995474,10.55,-2.85067911808293));
#7751=CARTESIAN_POINT('Origin',(0.,10.55,2.45072019381778E-15));
#7752=CARTESIAN_POINT('',(-10.7782187687302,10.0428932188135,-3.41769863132303));
#7753=CARTESIAN_POINT('Ctrl Pts',(-10.4169874995415,10.5500000000081,-2.85067911807368));
#7754=CARTESIAN_POINT('Ctrl Pts',(-10.5934600586082,10.3066695472814,-3.12768554879767));
#7755=CARTESIAN_POINT('Ctrl Pts',(-10.7782187687302,10.0428932188135,-3.41769863132303));
#7756=CARTESIAN_POINT('',(-11.265672360383,10.0428932188135,-0.9671039394283));
#7757=CARTESIAN_POINT('Origin',(0.,10.0428932188135,1.96178886200784E-15));
#7758=CARTESIAN_POINT('',(-10.7149492107372,10.55,-1.35272444027687));
#7759=CARTESIAN_POINT('Ctrl Pts',(-11.265672360383,10.0428932188135,-0.9671039394283));
#7760=CARTESIAN_POINT('Ctrl Pts',(-10.9839943677965,10.3066695472814,-1.16433699318515));
#7761=CARTESIAN_POINT('Ctrl Pts',(-10.7149492107282,10.5500000000081,-1.35272444028316));
#7762=CARTESIAN_POINT('',(-10.7149492107372,10.55,1.35272444027687));
#7763=CARTESIAN_POINT('Origin',(0.,10.55,2.05922049566049E-15));
#7764=CARTESIAN_POINT('',(-11.265672360383,10.0428932188135,0.967103939428302));
#7765=CARTESIAN_POINT('Ctrl Pts',(-10.7149492107282,10.5500000000081,1.35272444028315));
#7766=CARTESIAN_POINT('Ctrl Pts',(-10.9839943677965,10.3066695472814,1.16433699318515));
#7767=CARTESIAN_POINT('Ctrl Pts',(-11.265672360383,10.0428932188135,0.967103939428302));
#7768=CARTESIAN_POINT('',(-10.7782187687302,10.0428932188134,3.41769863132304));
#7769=CARTESIAN_POINT('Origin',(0.,10.0428932188135,1.96178886200784E-15));
#7770=CARTESIAN_POINT('',(-10.4169874995474,10.55,2.85067911808294));
#7771=CARTESIAN_POINT('Ctrl Pts',(-10.7782187687302,10.0428932188134,3.41769863132304));
#7772=CARTESIAN_POINT('Ctrl Pts',(-10.5934600586082,10.3066695472814,3.12768554879768));
#7773=CARTESIAN_POINT('Ctrl Pts',(-10.4169874995415,10.5500000000081,2.85067911807367));
#7774=CARTESIAN_POINT('',(-9.38165703584876,10.55,5.35018796508211));
#7775=CARTESIAN_POINT('Origin',(0.,10.55,2.05922049566049E-15));
#7776=CARTESIAN_POINT('',(-9.73856729419404,10.2764370377738,5.27106286576445));
#7777=CARTESIAN_POINT('Ctrl Pts',(-9.38165703583803,10.5500000000081,5.35018796508449));
#7778=CARTESIAN_POINT('Ctrl Pts',(-9.55788030576691,10.4162734787565,5.31112020670777));
#7779=CARTESIAN_POINT('Ctrl Pts',(-9.73856729418986,10.2764370377771,5.27106286576538));
#7780=CARTESIAN_POINT('',(-8.59661545472065,10.2764370377738,6.9801145694068));
#7781=CARTESIAN_POINT('Origin',(2.78082934045747E-18,10.2764370377738,1.91742811393117E-15));
#7782=CARTESIAN_POINT('',(-8.53313387177827,10.55,6.62009262218516));
#7783=CARTESIAN_POINT('Ctrl Pts',(-8.59661545472064,10.2764370377738,6.9801145694068));
#7784=CARTESIAN_POINT('Ctrl Pts',(-8.56447769523036,10.4162734787549,6.79785227828633));
#7785=CARTESIAN_POINT('Ctrl Pts',(-8.53313387177636,10.5500000000081,6.62009262217436));
#7786=CARTESIAN_POINT('',(-6.62009262218516,10.55,8.53313387177827));
#7787=CARTESIAN_POINT('Origin',(0.,10.55,2.45072019381778E-15));
#7788=CARTESIAN_POINT('',(-7.28218756697069,10.0428932188135,8.64987907433464));
#7789=CARTESIAN_POINT('Ctrl Pts',(-6.62009262217435,10.5500000000081,8.53313387177636));
#7790=CARTESIAN_POINT('Ctrl Pts',(-6.94354631851615,10.3066695472814,8.59016748545131));
#7791=CARTESIAN_POINT('Ctrl Pts',(-7.28218756697069,10.0428932188135,8.64987907433464));
#7792=CARTESIAN_POINT('',(-5.20467370222072,10.0428932188135,10.0380294587417));
#7793=CARTESIAN_POINT('Origin',(0.,10.0428932188135,1.96178886200784E-15));
#7794=CARTESIAN_POINT('',(-5.35018796508211,10.55,9.38165703584876));
#7795=CARTESIAN_POINT('Ctrl Pts',(-5.20467370222072,10.0428932188135,10.0380294587417));
#7796=CARTESIAN_POINT('Ctrl Pts',(-5.27909978269666,10.3066695472814,9.70231510464467));
#7797=CARTESIAN_POINT('Ctrl Pts',(-5.35018796508449,10.5500000000081,9.38165703583805));
#7798=CARTESIAN_POINT('',(-2.85067911808293,10.55,10.4169874995474));
#7799=CARTESIAN_POINT('Origin',(0.,10.55,2.45072019381778E-15));
#7800=CARTESIAN_POINT('',(-3.1590026763235,10.2764370377738,10.6134112692088));
#7801=CARTESIAN_POINT('Ctrl Pts',(-2.85067911807368,10.5500000000081,10.4169874995415));
#7802=CARTESIAN_POINT('Ctrl Pts',(-3.0029128641172,10.4162734787565,10.5139710918371));
#7803=CARTESIAN_POINT('Ctrl Pts',(-3.15900267631991,10.2764370377771,10.6134112692065));
#7804=CARTESIAN_POINT('',(-1.14303873779947,10.2764370377738,11.0144114287726));
#7805=CARTESIAN_POINT('Origin',(4.80979608508476E-18,10.2764370377738,2.01822725712479E-15));
#7806=CARTESIAN_POINT('',(-1.35272444027687,10.55,10.7149492107372));
#7807=CARTESIAN_POINT('Ctrl Pts',(-1.14303873779948,10.2764370377738,11.0144114287726));
#7808=CARTESIAN_POINT('Ctrl Pts',(-1.24919281213764,10.4162734787549,10.862807699099));
#7809=CARTESIAN_POINT('Ctrl Pts',(-1.35272444028317,10.5500000000081,10.7149492107282));
#7810=CARTESIAN_POINT('',(1.35272444027688,10.55,10.7149492107372));
#7811=CARTESIAN_POINT('Origin',(0.,10.55,1.6677207975032E-15));
#7812=CARTESIAN_POINT('Ctrl Pts',(1.35272444028318,10.5500000000081,10.7149492107282));
#7813=CARTESIAN_POINT('Ctrl Pts',(1.16433699318516,10.3066695472814,10.9839943677965));
#7814=CARTESIAN_POINT('Ctrl Pts',(0.967103939428303,10.0428932188135,11.265672360383));
#7815=CARTESIAN_POINT('',(2.85067911808293,10.55,10.4169874995474));
#7816=CARTESIAN_POINT('Ctrl Pts',(3.41769863132304,10.0428932188135,10.7782187687302));
#7817=CARTESIAN_POINT('Ctrl Pts',(3.12768554879767,10.3066695472814,10.5934600586082));
#7818=CARTESIAN_POINT('Ctrl Pts',(2.85067911807368,10.5500000000081,10.4169874995415));
#7819=CARTESIAN_POINT('',(5.35018796508211,10.55,9.38165703584876));
#7820=CARTESIAN_POINT('Origin',(0.,10.55,1.6677207975032E-15));
#7821=CARTESIAN_POINT('',(5.20467370222072,10.0428932188135,10.0380294587417));
#7822=CARTESIAN_POINT('Ctrl Pts',(5.35018796508448,10.5500000000081,9.38165703583806));
#7823=CARTESIAN_POINT('Ctrl Pts',(5.27909978269666,10.3066695472814,9.70231510464468));
#7824=CARTESIAN_POINT('Ctrl Pts',(5.20467370222073,10.0428932188135,10.0380294587417));
#7825=CARTESIAN_POINT('',(7.28218756697068,10.0428932188135,8.64987907433464));
#7826=CARTESIAN_POINT('Origin',(0.,10.0428932188135,1.96178886200784E-15));
#7827=CARTESIAN_POINT('',(6.62009262218517,10.55,8.53313387177827));
#7828=CARTESIAN_POINT('Ctrl Pts',(7.28218756697068,10.0428932188135,8.64987907433464));
#7829=CARTESIAN_POINT('Ctrl Pts',(6.94354631851616,10.3066695472814,8.59016748545131));
#7830=CARTESIAN_POINT('Ctrl Pts',(6.62009262217436,10.5500000000081,8.53313387177636));
#7831=CARTESIAN_POINT('',(8.53313387177827,10.55,6.62009262218516));
#7832=CARTESIAN_POINT('Origin',(0.,10.55,2.45072019381778E-15));
#7833=CARTESIAN_POINT('',(8.64987907433464,10.0428932188135,7.28218756697069));
#7834=CARTESIAN_POINT('Ctrl Pts',(8.53313387177637,10.5500000000081,6.62009262217439));
#7835=CARTESIAN_POINT('Ctrl Pts',(8.59016748545131,10.3066695472814,6.94354631851617));
#7836=CARTESIAN_POINT('Ctrl Pts',(8.64987907433464,10.0428932188135,7.28218756697069));
#7837=CARTESIAN_POINT('',(10.0380294587417,10.0428932188135,5.20467370222072));
#7838=CARTESIAN_POINT('Origin',(0.,10.0428932188135,1.96178886200784E-15));
#7839=CARTESIAN_POINT('',(9.38165703584876,10.55,5.35018796508211));
#7840=CARTESIAN_POINT('Ctrl Pts',(10.0380294587417,10.0428932188135,5.20467370222072));
#7841=CARTESIAN_POINT('Ctrl Pts',(9.70231510464467,10.3066695472814,5.27909978269666));
#7842=CARTESIAN_POINT('Ctrl Pts',(9.38165703583805,10.5500000000081,5.35018796508448));
#7843=CARTESIAN_POINT('',(10.4169874995474,10.55,2.85067911808293));
#7844=CARTESIAN_POINT('Origin',(0.,10.55,2.45072019381778E-15));
#7845=CARTESIAN_POINT('',(10.6134112692088,10.2764370377738,3.15900267632351));
#7846=CARTESIAN_POINT('Ctrl Pts',(10.4169874995414,10.5500000000082,2.85067911807362));
#7847=CARTESIAN_POINT('Ctrl Pts',(10.5139710918371,10.4162734787565,3.00291286411718));
#7848=CARTESIAN_POINT('Ctrl Pts',(10.6134112692065,10.2764370377771,3.15900267631992));
#7849=CARTESIAN_POINT('',(11.0144114287726,10.2764370377738,1.14303873779948));
#7850=CARTESIAN_POINT('Origin',(2.10760175128581E-17,10.2764370377738,2.04720229669453E-15));
#7851=CARTESIAN_POINT('',(10.7149492107372,10.55,1.35272444027687));
#7852=CARTESIAN_POINT('Ctrl Pts',(11.0144114287726,10.2764370377738,1.14303873779948));
#7853=CARTESIAN_POINT('Ctrl Pts',(10.862807699099,10.4162734787549,1.24919281213764));
#7854=CARTESIAN_POINT('Ctrl Pts',(10.7149492107282,10.5500000000081,1.35272444028317));
#7855=CARTESIAN_POINT('',(10.7149492107372,10.55,-1.35272444027687));
#7856=CARTESIAN_POINT('Origin',(0.,10.55,2.05922049566049E-15));
#7857=CARTESIAN_POINT('',(11.0144114287726,10.2764370377738,-1.14303873779947));
#7858=CARTESIAN_POINT('Ctrl Pts',(10.7149492107282,10.5500000000082,-1.35272444028318));
#7859=CARTESIAN_POINT('Ctrl Pts',(10.8628076990973,10.4162734787565,-1.24919281213883));
#7860=CARTESIAN_POINT('Ctrl Pts',(11.0144114287691,10.2764370377771,-1.14303873780191));
#7861=CARTESIAN_POINT('',(10.6134112692088,10.2764370377738,-3.15900267632351));
#7862=CARTESIAN_POINT('Origin',(-2.52912210154296E-17,10.2764370377738,
2.0260110376587E-15));
#7863=CARTESIAN_POINT('',(10.4169874995474,10.55,-2.85067911808293));
#7864=CARTESIAN_POINT('Ctrl Pts',(10.6134112692088,10.2764370377738,-3.15900267632351));
#7865=CARTESIAN_POINT('Ctrl Pts',(10.5139710918382,10.4162734787549,-3.00291286411895));
#7866=CARTESIAN_POINT('Ctrl Pts',(10.4169874995415,10.5500000000081,-2.85067911807368));
#7867=CARTESIAN_POINT('',(9.38165703584876,10.55,-5.3501879650821));
#7868=CARTESIAN_POINT('Origin',(0.,10.55,2.05922049566049E-15));
#7869=CARTESIAN_POINT('',(10.0925487101502,10.,-5.19258707517217));
#7870=CARTESIAN_POINT('Ctrl Pts',(9.38165703583803,10.5500000000081,-5.35018796508448));
#7871=CARTESIAN_POINT('Ctrl Pts',(9.72827690412492,10.2869685104585,-5.27334419031928));
#7872=CARTESIAN_POINT('Ctrl Pts',(10.0925487101489,10.0000000000011,-5.19258707517247));
#7873=CARTESIAN_POINT('',(8.65957610124636,10.,-7.33718213939948));
#7874=CARTESIAN_POINT('Origin',(0.,10.,1.95306249358143E-15));
#7875=CARTESIAN_POINT('',(8.53313387177827,10.55,-6.62009262218516));
#7876=CARTESIAN_POINT('Ctrl Pts',(8.65957610124612,10.0000000000011,-7.33718213939812));
#7877=CARTESIAN_POINT('Ctrl Pts',(8.59478516199184,10.2869685104585,-6.96973446352939));
#7878=CARTESIAN_POINT('Ctrl Pts',(8.53313387177636,10.5500000000081,-6.62009262217435));
#7879=CARTESIAN_POINT('',(6.62009262218516,10.55,-8.53313387177826));
#7880=CARTESIAN_POINT('Origin',(0.,10.55,2.45072019381778E-15));
#7881=CARTESIAN_POINT('',(7.28218756697069,10.0428932188135,-8.64987907433463));
#7882=CARTESIAN_POINT('Ctrl Pts',(6.62009262217434,10.5500000000082,-8.53313387177636));
#7883=CARTESIAN_POINT('Ctrl Pts',(6.94354631851614,10.3066695472814,-8.5901674854513));
#7884=CARTESIAN_POINT('Ctrl Pts',(7.28218756697069,10.0428932188135,-8.64987907433463));
#7885=CARTESIAN_POINT('',(5.20467370222072,10.0428932188135,-10.0380294587417));
#7886=CARTESIAN_POINT('Origin',(0.,10.0428932188135,1.96178886200784E-15));
#7887=CARTESIAN_POINT('',(5.3501879650821,10.55,-9.38165703584876));
#7888=CARTESIAN_POINT('Ctrl Pts',(5.20467370222072,10.0428932188135,-10.0380294587417));
#7889=CARTESIAN_POINT('Ctrl Pts',(5.27909978269666,10.3066695472814,-9.70231510464467));
#7890=CARTESIAN_POINT('Ctrl Pts',(5.35018796508448,10.5500000000081,-9.38165703583805));
#7891=CARTESIAN_POINT('',(2.85067911808293,10.55,-10.4169874995474));
#7892=CARTESIAN_POINT('Origin',(0.,10.55,2.45072019381778E-15));
#7893=CARTESIAN_POINT('',(3.41769863132304,10.0428932188135,-10.7782187687302));
#7894=CARTESIAN_POINT('Ctrl Pts',(2.85067911807367,10.5500000000081,-10.4169874995415));
#7895=CARTESIAN_POINT('Ctrl Pts',(3.12768554879767,10.3066695472814,-10.5934600586082));
#7896=CARTESIAN_POINT('Ctrl Pts',(3.41769863132304,10.0428932188135,-10.7782187687302));
#7897=CARTESIAN_POINT('',(0.967103939428307,10.0428932188135,-11.265672360383));
#7898=CARTESIAN_POINT('Origin',(0.,10.0428932188135,1.96178886200784E-15));
#7899=CARTESIAN_POINT('',(1.35272444027687,10.55,-10.7149492107372));
#7900=CARTESIAN_POINT('Ctrl Pts',(0.967103939428307,10.0428932188135,-11.265672360383));
#7901=CARTESIAN_POINT('Ctrl Pts',(1.16433699318516,10.3066695472814,-10.9839943677965));
#7902=CARTESIAN_POINT('Ctrl Pts',(1.35272444028317,10.5500000000081,-10.7149492107282));
#7903=CARTESIAN_POINT('Origin',(0.,10.55,1.6677207975032E-15));
#7904=CARTESIAN_POINT('',(1.,12.5,-8.79332132928167));
#7905=CARTESIAN_POINT('Origin',(0.,12.5,2.46167251795159E-15));
#7906=CARTESIAN_POINT('',(2.44117885566738,12.5,-8.50665303128337));
#7907=CARTESIAN_POINT('Origin',(0.,12.5,2.46167251795159E-15));
#7908=CARTESIAN_POINT('',(4.28893792068995,12.5,-7.74128616655319));
#7909=CARTESIAN_POINT('Origin',(0.,12.5,2.46167251795159E-15));
#7910=CARTESIAN_POINT('',(5.51071035990083,12.5,-6.92492392227392));
#7911=CARTESIAN_POINT('Origin',(0.,12.5,2.46167251795159E-15));
#7912=CARTESIAN_POINT('',(6.92492392227392,12.5,-5.51071035990083));
#7913=CARTESIAN_POINT('Origin',(0.,12.5,2.46167251795159E-15));
#7914=CARTESIAN_POINT('',(7.74128616655319,12.5,-4.28893792068995));
#7915=CARTESIAN_POINT('Origin',(0.,12.5,2.46167251795159E-15));
#7916=CARTESIAN_POINT('',(8.50665303128337,12.5,-2.44117885566738));
#7917=CARTESIAN_POINT('Origin',(0.,12.5,2.46167251795159E-15));
#7918=CARTESIAN_POINT('',(8.79332132928167,12.5,-0.999999999999998));
#7919=CARTESIAN_POINT('Origin',(0.,12.5,2.46167251795159E-15));
#7920=CARTESIAN_POINT('',(8.79332132928167,12.5,1.));
#7921=CARTESIAN_POINT('Origin',(0.,12.5,2.46167251795159E-15));
#7922=CARTESIAN_POINT('',(8.50665303128336,12.5,2.44117885566738));
#7923=CARTESIAN_POINT('Origin',(0.,12.5,2.46167251795159E-15));
#7924=CARTESIAN_POINT('',(7.74128616655319,12.5,4.28893792068996));
#7925=CARTESIAN_POINT('Origin',(0.,12.5,2.46167251795159E-15));
#7926=CARTESIAN_POINT('',(6.92492392227392,12.5,5.51071035990083));
#7927=CARTESIAN_POINT('Origin',(0.,12.5,2.46167251795159E-15));
#7928=CARTESIAN_POINT('',(5.51071035990083,12.5,6.92492392227393));
#7929=CARTESIAN_POINT('Origin',(0.,12.5,2.46167251795159E-15));
#7930=CARTESIAN_POINT('',(4.28893792068995,12.5,7.74128616655319));
#7931=CARTESIAN_POINT('Origin',(0.,12.5,2.46167251795159E-15));
#7932=CARTESIAN_POINT('',(2.44117885566738,12.5,8.50665303128337));
#7933=CARTESIAN_POINT('Origin',(0.,12.5,2.46167251795159E-15));
#7934=CARTESIAN_POINT('',(0.999999999999998,12.5,8.79332132928167));
#7935=CARTESIAN_POINT('Origin',(0.,12.5,2.46167251795159E-15));
#7936=CARTESIAN_POINT('',(-1.,12.5,8.79332132928167));
#7937=CARTESIAN_POINT('Origin',(0.,12.5,2.46167251795159E-15));
#7938=CARTESIAN_POINT('',(-2.44117885566738,12.5,8.50665303128337));
#7939=CARTESIAN_POINT('Origin',(0.,12.5,2.46167251795159E-15));
#7940=CARTESIAN_POINT('',(-4.28893792068996,12.5,7.74128616655319));
#7941=CARTESIAN_POINT('Origin',(0.,12.5,2.46167251795159E-15));
#7942=CARTESIAN_POINT('',(-5.51071035990083,12.5,6.92492392227393));
#7943=CARTESIAN_POINT('Origin',(0.,12.5,2.46167251795159E-15));
#7944=CARTESIAN_POINT('',(-6.92492392227393,12.5,5.51071035990083));
#7945=CARTESIAN_POINT('Origin',(0.,12.5,2.46167251795159E-15));
#7946=CARTESIAN_POINT('',(-7.74128616655319,12.5,4.28893792068995));
#7947=CARTESIAN_POINT('Origin',(0.,12.5,2.46167251795159E-15));
#7948=CARTESIAN_POINT('',(-8.50665303128337,12.5,2.44117885566738));
#7949=CARTESIAN_POINT('Origin',(0.,12.5,2.46167251795159E-15));
#7950=CARTESIAN_POINT('',(-8.79332132928167,12.5,1.));
#7951=CARTESIAN_POINT('Origin',(0.,12.5,2.46167251795159E-15));
#7952=CARTESIAN_POINT('',(-8.79332132928167,12.5,-0.999999999999999));
#7953=CARTESIAN_POINT('Origin',(0.,12.5,2.46167251795159E-15));
#7954=CARTESIAN_POINT('',(-8.50665303128337,12.5,-2.44117885566737));
#7955=CARTESIAN_POINT('Origin',(0.,12.5,2.46167251795159E-15));
#7956=CARTESIAN_POINT('',(-7.74128616655319,12.5,-4.28893792068995));
#7957=CARTESIAN_POINT('Origin',(0.,12.5,2.46167251795159E-15));
#7958=CARTESIAN_POINT('',(-6.92492392227392,12.5,-5.51071035990083));
#7959=CARTESIAN_POINT('Origin',(0.,12.5,2.46167251795159E-15));
#7960=CARTESIAN_POINT('',(-5.51071035990083,12.5,-6.92492392227392));
#7961=CARTESIAN_POINT('Origin',(0.,12.5,2.46167251795159E-15));
#7962=CARTESIAN_POINT('',(-4.28893792068995,12.5,-7.74128616655319));
#7963=CARTESIAN_POINT('Origin',(0.,12.5,2.46167251795159E-15));
#7964=CARTESIAN_POINT('',(-2.44117885566738,12.5,-8.50665303128337));
#7965=CARTESIAN_POINT('Origin',(0.,12.5,2.46167251795159E-15));
#7966=CARTESIAN_POINT('Origin',(0.,12.5,2.46167251795159E-15));
#7967=CARTESIAN_POINT('Origin',(2.85067911808293,0.5,10.4169874995474));
#7968=CARTESIAN_POINT('',(3.73693002536525,0.5,10.9815915961906));
#7969=CARTESIAN_POINT('',(3.73693002536525,5.25,10.9815915961906));
#7970=CARTESIAN_POINT('',(2.85067911808293,0.5,10.4169874995474));
#7971=CARTESIAN_POINT('',(-3.15171972933607,0.500000000000001,6.59303770035154));
#7972=CARTESIAN_POINT('',(2.85067911808293,0.5,10.4169874995474));
#7973=CARTESIAN_POINT('Origin',(0.,9.33578643762691,1.8179322231232E-15));
#7974=CARTESIAN_POINT('',(7.65494632972367,9.33856217223386,8.7156065015035));
#7975=CARTESIAN_POINT('Ctrl Pts',(7.65494146809938,9.33856215467422,8.71560564426797));
#7976=CARTESIAN_POINT('Ctrl Pts',(7.65454782685823,9.45093555272253,8.71553623469643));
#7977=CARTESIAN_POINT('Ctrl Pts',(7.62382059676534,9.58156414664014,8.71011819498862));
#7978=CARTESIAN_POINT('Ctrl Pts',(7.52193086832512,9.7990355850691,8.69215228680755));
#7979=CARTESIAN_POINT('Ctrl Pts',(7.42655772345665,9.91943014157292,8.67533542813222));
#7980=CARTESIAN_POINT('Ctrl Pts',(7.31496320874868,10.0166262443199,8.65565830429014));
#7981=CARTESIAN_POINT('Ctrl Pts',(7.29889078030088,10.0298826588006,8.65282430150928));
#7982=CARTESIAN_POINT('Ctrl Pts',(7.28218756697068,10.0428932188135,8.64987907433464));
#7983=CARTESIAN_POINT('',(5.12274932413218,9.33856217223386,10.4075664476429));
#7984=CARTESIAN_POINT('Ctrl Pts',(5.20467370222072,10.0428932188135,10.0380294587417));
#7985=CARTESIAN_POINT('Ctrl Pts',(5.20100269431725,10.0298826588006,10.054588305309));
#7986=CARTESIAN_POINT('Ctrl Pts',(5.19747031939671,10.0166262443199,10.0705218189011));
#7987=CARTESIAN_POINT('Ctrl Pts',(5.17294423945154,9.91943014157292,10.1811518162713));
#7988=CARTESIAN_POINT('Ctrl Pts',(5.15198326854909,9.7990355850691,10.275700645966));
#7989=CARTESIAN_POINT('Ctrl Pts',(5.12959009239831,9.58156414664014,10.3767097360533));
#7990=CARTESIAN_POINT('Ctrl Pts',(5.12283690651167,9.45093555272253,10.407171389059));
#7991=CARTESIAN_POINT('Ctrl Pts',(5.12275039261289,9.33856215467422,10.4075616280379));
#7992=CARTESIAN_POINT('',(5.12274932413218,9.33578643762691,10.4075664476429));
#7993=CARTESIAN_POINT('',(5.12274932413218,5.25,10.4075664476429));
#7994=CARTESIAN_POINT('',(7.65494632972367,9.33578643762691,8.7156065015035));
#7995=CARTESIAN_POINT('Origin',(0.,9.33578643762691,1.8179322231232E-15));
#7996=CARTESIAN_POINT('',(7.65494632972367,5.25,8.7156065015035));
#7997=CARTESIAN_POINT('Origin',(6.62009262218516,0.5,8.53313387177827));
#7998=CARTESIAN_POINT('',(7.65494632972368,0.5,8.7156065015035));
#7999=CARTESIAN_POINT('',(7.65494632972367,5.25,8.7156065015035));
#8000=CARTESIAN_POINT('',(6.62009262218516,0.5,8.53313387177827));
#8001=CARTESIAN_POINT('',(1.68837208703709,0.500000000000001,7.66353848011767));
#8002=CARTESIAN_POINT('',(6.62009262218516,0.5,8.53313387177827));
#8003=CARTESIAN_POINT('Origin',(0.,9.33578643762691,1.8179322231232E-15));
#8004=CARTESIAN_POINT('',(10.4075664476429,9.33856217223386,5.12274932413218));
#8005=CARTESIAN_POINT('Ctrl Pts',(10.4075616280379,9.33856215467422,5.12275039261289));
#8006=CARTESIAN_POINT('Ctrl Pts',(10.407171389059,9.45093555272254,5.12283690651167));
#8007=CARTESIAN_POINT('Ctrl Pts',(10.3767097360533,9.58156414664015,5.12959009239831));
#8008=CARTESIAN_POINT('Ctrl Pts',(10.275700645966,9.7990355850691,5.15198326854909));
#8009=CARTESIAN_POINT('Ctrl Pts',(10.1811518162713,9.91943014157292,5.17294423945154));
#8010=CARTESIAN_POINT('Ctrl Pts',(10.0705218189011,10.0166262443199,5.19747031939671));
#8011=CARTESIAN_POINT('Ctrl Pts',(10.0545883053089,10.0298826588006,5.20100269431725));
#8012=CARTESIAN_POINT('Ctrl Pts',(10.0380294587417,10.0428932188135,5.20467370222072));
#8013=CARTESIAN_POINT('',(8.7156065015035,9.33856217223386,7.65494632972367));
#8014=CARTESIAN_POINT('Ctrl Pts',(8.64987907433464,10.0428932188135,7.28218756697069));
#8015=CARTESIAN_POINT('Ctrl Pts',(8.65282430150928,10.0298826588006,7.29889078030088));
#8016=CARTESIAN_POINT('Ctrl Pts',(8.65565830429014,10.0166262443199,7.31496320874868));
#8017=CARTESIAN_POINT('Ctrl Pts',(8.67533542813222,9.91943014157292,7.42655772345665));
#8018=CARTESIAN_POINT('Ctrl Pts',(8.69215228680755,9.7990355850691,7.52193086832512));
#8019=CARTESIAN_POINT('Ctrl Pts',(8.71011819498862,9.58156414664014,7.62382059676534));
#8020=CARTESIAN_POINT('Ctrl Pts',(8.71553623469643,9.45093555272253,7.65454782685823));
#8021=CARTESIAN_POINT('Ctrl Pts',(8.71560564426796,9.33856215467422,7.65494146809939));
#8022=CARTESIAN_POINT('',(8.7156065015035,9.33578643762691,7.65494632972367));
#8023=CARTESIAN_POINT('',(8.7156065015035,5.25,7.65494632972367));
#8024=CARTESIAN_POINT('',(10.4075664476429,9.33578643762691,5.12274932413218));
#8025=CARTESIAN_POINT('Origin',(0.,9.33578643762691,1.8179322231232E-15));
#8026=CARTESIAN_POINT('',(10.4075664476429,5.25,5.12274932413218));
#8027=CARTESIAN_POINT('Origin',(9.38165703584876,0.500000000000001,5.35018796508211));
#8028=CARTESIAN_POINT('',(10.4075664476429,0.500000000000001,5.12274932413218));
#8029=CARTESIAN_POINT('',(10.4075664476429,5.25,5.12274932413218));
#8030=CARTESIAN_POINT('',(9.38165703584876,0.500000000000001,5.35018796508211));
#8031=CARTESIAN_POINT('',(6.70144031365762,0.500000000000001,5.94437770711824));
#8032=CARTESIAN_POINT('',(9.38165703584876,0.500000000000001,5.35018796508211));
#8033=CARTESIAN_POINT('Origin',(0.,9.33578643762691,1.8179322231232E-15));
#8034=CARTESIAN_POINT('',(-10.4075664476429,9.33856217223386,-5.12274932413218));
#8035=CARTESIAN_POINT('Ctrl Pts',(-10.4075616280379,9.33856215467422,-5.12275039261289));
#8036=CARTESIAN_POINT('Ctrl Pts',(-10.407171389059,9.45093555272254,-5.12283690651167));
#8037=CARTESIAN_POINT('Ctrl Pts',(-10.3767097360533,9.58156414664015,-5.12959009239831));
#8038=CARTESIAN_POINT('Ctrl Pts',(-10.275700645966,9.79903558506911,-5.15198326854909));
#8039=CARTESIAN_POINT('Ctrl Pts',(-10.1811518162713,9.91943014157292,-5.17294423945154));
#8040=CARTESIAN_POINT('Ctrl Pts',(-10.0705218189011,10.0166262443199,-5.19747031939671));
#8041=CARTESIAN_POINT('Ctrl Pts',(-10.054588305309,10.0298826588006,-5.20100269431724));
#8042=CARTESIAN_POINT('Ctrl Pts',(-10.0380294587417,10.0428932188135,-5.20467370222072));
#8043=CARTESIAN_POINT('',(-8.71560650150349,9.33856217223386,-7.65494632972367));
#8044=CARTESIAN_POINT('Ctrl Pts',(-8.64987907433464,10.0428932188135,-7.28218756697069));
#8045=CARTESIAN_POINT('Ctrl Pts',(-8.65282430150928,10.0298826588006,-7.29889078030088));
#8046=CARTESIAN_POINT('Ctrl Pts',(-8.65565830429013,10.0166262443199,-7.31496320874868));
#8047=CARTESIAN_POINT('Ctrl Pts',(-8.67533542813221,9.91943014157292,-7.42655772345664));
#8048=CARTESIAN_POINT('Ctrl Pts',(-8.69215228680754,9.79903558506911,-7.52193086832512));
#8049=CARTESIAN_POINT('Ctrl Pts',(-8.71011819498861,9.58156414664015,-7.62382059676533));
#8050=CARTESIAN_POINT('Ctrl Pts',(-8.71553623469643,9.45093555272254,-7.65454782685823));
#8051=CARTESIAN_POINT('Ctrl Pts',(-8.71560564426796,9.33856215467422,-7.65494146809938));
#8052=CARTESIAN_POINT('',(-8.71560650150349,9.33578643762691,-7.65494632972367));
#8053=CARTESIAN_POINT('',(-8.71560650150349,5.25,-7.65494632972367));
#8054=CARTESIAN_POINT('',(-10.4075664476429,9.33578643762691,-5.12274932413218));
#8055=CARTESIAN_POINT('Origin',(0.,9.33578643762691,1.8179322231232E-15));
#8056=CARTESIAN_POINT('',(-10.4075664476429,5.25,-5.12274932413218));
#8057=CARTESIAN_POINT('Origin',(-9.38165703584876,0.500000000000003,-5.35018796508211));
#8058=CARTESIAN_POINT('',(-10.4075664476429,0.500000000000003,-5.12274932413218));
#8059=CARTESIAN_POINT('',(-10.4075664476429,5.25,-5.12274932413218));
#8060=CARTESIAN_POINT('',(-9.38165703584876,0.500000000000003,-5.35018796508211));
#8061=CARTESIAN_POINT('',(-4.25025439556157,0.500000000000003,-6.48779254230565));
#8062=CARTESIAN_POINT('',(-9.38165703584876,0.500000000000003,-5.35018796508211));
#8063=CARTESIAN_POINT('Origin',(0.,9.33578643762691,1.8179322231232E-15));
#8064=CARTESIAN_POINT('',(-11.5757289187334,9.33856217223386,-0.750000000000003));
#8065=CARTESIAN_POINT('Ctrl Pts',(-11.5757248748888,9.33856215467422,-0.750002831530446));
#8066=CARTESIAN_POINT('Ctrl Pts',(-11.5753974485191,9.45093555272254,-0.750232097942708));
#8067=CARTESIAN_POINT('Ctrl Pts',(-11.5498388831352,9.58156414664015,-0.768128398090341));
#8068=CARTESIAN_POINT('Ctrl Pts',(-11.4650881497169,9.7990355850691,-0.827471500498663));
#8069=CARTESIAN_POINT('Ctrl Pts',(-11.3857578374297,9.91943014157292,-0.883019183170667));
#8070=CARTESIAN_POINT('Ctrl Pts',(-11.2929347716335,10.0166262443199,-0.948014593560908));
#8071=CARTESIAN_POINT('Ctrl Pts',(-11.2795659059037,10.0298826588006,-0.957375574122239));
#8072=CARTESIAN_POINT('Ctrl Pts',(-11.265672360383,10.0428932188135,-0.967103939428302));
#8073=CARTESIAN_POINT('',(-10.9815915961906,9.33856217223386,-3.73693002536525));
#8074=CARTESIAN_POINT('Ctrl Pts',(-10.7782187687302,10.0428932188135,-3.41769863132303));
#8075=CARTESIAN_POINT('Ctrl Pts',(-10.7873318468441,10.0298826588006,-3.43200329860168));
#8076=CARTESIAN_POINT('Ctrl Pts',(-10.7961007760933,10.0166262443199,-3.44576776037085));
#8077=CARTESIAN_POINT('Ctrl Pts',(-10.8569854399913,9.91943014157292,-3.54133753915911));
#8078=CARTESIAN_POINT('Ctrl Pts',(-10.9090199139562,9.79903558506911,-3.62301530245485));
#8079=CARTESIAN_POINT('Ctrl Pts',(-10.96460975981,9.58156414664015,-3.71027388172561));
#8080=CARTESIAN_POINT('Ctrl Pts',(-10.9813741776814,9.45093555272254,-3.73658874666713));
#8081=CARTESIAN_POINT('Ctrl Pts',(-10.9815889437452,9.33856215467422,-3.73692586185991));
#8082=CARTESIAN_POINT('',(-10.9815915961906,9.33578643762691,-3.73693002536525));
#8083=CARTESIAN_POINT('',(-10.9815915961906,5.25,-3.73693002536525));
#8084=CARTESIAN_POINT('',(-11.5757289187334,9.33578643762691,-0.750000000000003));
#8085=CARTESIAN_POINT('Origin',(0.,9.33578643762691,1.8179322231232E-15));
#8086=CARTESIAN_POINT('',(-11.5757289187334,5.25,-0.750000000000004));
#8087=CARTESIAN_POINT('Origin',(-10.7149492107372,0.500000000000002,-1.35272444027687));
#8088=CARTESIAN_POINT('',(-11.5757289187334,0.500000000000002,-0.750000000000004));
#8089=CARTESIAN_POINT('',(-11.5757289187334,5.25,-0.750000000000004));
#8090=CARTESIAN_POINT('',(-10.7149492107372,0.500000000000002,-1.35272444027687));
#8091=CARTESIAN_POINT('',(-4.71270748519908,0.500000000000003,-5.55553934265548));
#8092=CARTESIAN_POINT('',(-10.7149492107372,0.500000000000002,-1.35272444027687));
#8093=CARTESIAN_POINT('Origin',(0.,9.33578643762691,1.8179322231232E-15));
#8094=CARTESIAN_POINT('',(-10.9815915961906,9.33856217223386,3.73693002536525));
#8095=CARTESIAN_POINT('Ctrl Pts',(-10.9815889437451,9.33856215467422,3.73692586185991));
#8096=CARTESIAN_POINT('Ctrl Pts',(-10.9813741776814,9.45093555272253,3.73658874666714));
#8097=CARTESIAN_POINT('Ctrl Pts',(-10.96460975981,9.58156414664015,3.71027388172562));
#8098=CARTESIAN_POINT('Ctrl Pts',(-10.9090199139562,9.7990355850691,3.62301530245486));
#8099=CARTESIAN_POINT('Ctrl Pts',(-10.8569854399912,9.91943014157291,3.54133753915912));
#8100=CARTESIAN_POINT('Ctrl Pts',(-10.7961007760933,10.0166262443199,3.44576776037086));
#8101=CARTESIAN_POINT('Ctrl Pts',(-10.7873318468441,10.0298826588006,3.4320032986017));
#8102=CARTESIAN_POINT('Ctrl Pts',(-10.7782187687302,10.0428932188135,3.41769863132305));
#8103=CARTESIAN_POINT('',(-11.5757289187334,9.33856217223386,0.750000000000004));
#8104=CARTESIAN_POINT('Ctrl Pts',(-11.265672360383,10.0428932188135,0.967103939428301));
#8105=CARTESIAN_POINT('Ctrl Pts',(-11.2795659059037,10.0298826588006,0.957375574122239));
#8106=CARTESIAN_POINT('Ctrl Pts',(-11.2929347716335,10.0166262443199,0.94801459356091));
#8107=CARTESIAN_POINT('Ctrl Pts',(-11.3857578374297,9.91943014157292,0.883019183170669));
#8108=CARTESIAN_POINT('Ctrl Pts',(-11.4650881497169,9.7990355850691,0.827471500498665));
#8109=CARTESIAN_POINT('Ctrl Pts',(-11.5498388831352,9.58156414664015,0.768128398090341));
#8110=CARTESIAN_POINT('Ctrl Pts',(-11.5753974485191,9.45093555272253,0.750232097942707));
#8111=CARTESIAN_POINT('Ctrl Pts',(-11.5757248748888,9.33856215467422,0.750002831530445));
#8112=CARTESIAN_POINT('',(-11.5757289187334,9.33578643762691,0.750000000000004));
#8113=CARTESIAN_POINT('',(-11.5757289187334,5.25,0.750000000000003));
#8114=CARTESIAN_POINT('',(-10.9815915961906,9.33578643762691,3.73693002536525));
#8115=CARTESIAN_POINT('Origin',(0.,9.33578643762691,1.8179322231232E-15));
#8116=CARTESIAN_POINT('',(-10.9815915961906,5.25,3.73693002536525));
#8117=CARTESIAN_POINT('Origin',(-10.4169874995474,0.500000000000002,2.85067911808293));
#8118=CARTESIAN_POINT('',(-10.9815915961906,0.500000000000001,3.73693002536525));
#8119=CARTESIAN_POINT('',(-10.9815915961906,5.25,3.73693002536525));
#8120=CARTESIAN_POINT('',(-10.4169874995474,0.500000000000002,2.85067911808293));
#8121=CARTESIAN_POINT('',(-5.63915215889725,0.500000000000003,-4.64902010597782));
#8122=CARTESIAN_POINT('',(-10.4169874995474,0.500000000000001,2.85067911808293));
#8123=CARTESIAN_POINT('Origin',(0.,9.36922694889127,1.82473549482284E-15));
#8124=CARTESIAN_POINT('',(-8.7156065015035,9.36922694889127,7.65494632972367));
#8125=CARTESIAN_POINT('',(-8.62334799566571,10.1763853691909,7.13172238046499));
#8126=CARTESIAN_POINT('Ctrl Pts',(-8.71560650150349,9.36922694889127,7.65494632972367));
#8127=CARTESIAN_POINT('Ctrl Pts',(-8.71560650150349,9.49057090711027,7.65494632972367));
#8128=CARTESIAN_POINT('Ctrl Pts',(-8.70936491039502,9.63167763851606,7.61954850754468));
#8129=CARTESIAN_POINT('Ctrl Pts',(-8.68861343840745,9.86459581223844,7.50186106173129));
#8130=CARTESIAN_POINT('Ctrl Pts',(-8.66922915905142,9.99085460621612,7.39192735063305));
#8131=CARTESIAN_POINT('Ctrl Pts',(-8.64191315980972,10.1115232087966,7.23701062074888));
#8132=CARTESIAN_POINT('Ctrl Pts',(-8.63289535183044,10.1457664605132,7.1858680903032));
#8133=CARTESIAN_POINT('Ctrl Pts',(-8.62334800241171,10.1763853724514,7.13172238111923));
#8134=CARTESIAN_POINT('',(-9.88886474832425,10.1763853691909,5.23774271568651));
#8135=CARTESIAN_POINT('Origin',(3.17430113564374E-18,10.1763853839258,1.88407357002346E-15));
#8136=CARTESIAN_POINT('',(-10.4075664476429,9.36922694889127,5.12274932413218));
#8137=CARTESIAN_POINT('Ctrl Pts',(-9.88886475151027,10.1763853724514,5.23774272166863));
#8138=CARTESIAN_POINT('Ctrl Pts',(-9.9425424764442,10.1457664605132,5.22584265654797));
#8139=CARTESIAN_POINT('Ctrl Pts',(-9.99324297927372,10.1115232087966,5.21460262567735));
#8140=CARTESIAN_POINT('Ctrl Pts',(-10.1468207556056,9.99085460621612,5.180555252364));
#8141=CARTESIAN_POINT('Ctrl Pts',(-10.2558043037801,9.86459581223844,5.15639418141781));
#8142=CARTESIAN_POINT('Ctrl Pts',(-10.3724745707275,9.63167763851606,5.13052900594646));
#8143=CARTESIAN_POINT('Ctrl Pts',(-10.4075664476429,9.49057090711027,5.12274932413218));
#8144=CARTESIAN_POINT('Ctrl Pts',(-10.4075664476429,9.36922694889127,5.12274932413218));
#8145=CARTESIAN_POINT('Origin',(0.,9.36922694889127,1.82473549482284E-15));
#8146=CARTESIAN_POINT('Origin',(-10.407566447643,0.500000000000001,5.12274932413218));
#8147=CARTESIAN_POINT('Ctrl Pts',(-9.73856729433927,10.2764370376615,5.27106286573225));
#8148=CARTESIAN_POINT('Ctrl Pts',(-9.78478106643933,10.2406714882486,5.26081751911707));
#8149=CARTESIAN_POINT('Ctrl Pts',(-9.83577551882208,10.2066685934696,5.24951232119942));
#8150=CARTESIAN_POINT('Ctrl Pts',(-9.88886475151027,10.1763853724514,5.23774272166863));
#8151=CARTESIAN_POINT('',(-9.38165703584877,0.500000000000001,5.35018796508211));
#8152=CARTESIAN_POINT('',(-9.38165703584876,0.500000000000001,5.35018796508211));
#8153=CARTESIAN_POINT('',(-10.407566447643,0.500000000000001,5.12274932413218));
#8154=CARTESIAN_POINT('',(-7.21439501955471,0.500000000000001,5.83065838664327));
#8155=CARTESIAN_POINT('',(-10.4075664476429,5.25,5.12274932413218));
#8156=CARTESIAN_POINT('Origin',(0.,10.9835438189604,2.15315859187365E-15));
#8157=CARTESIAN_POINT('Ctrl Pts',(-8.62334800241171,10.1763853724514,7.13172238111924));
#8158=CARTESIAN_POINT('Ctrl Pts',(-8.61390532473731,10.2066685934696,7.07817029489588));
#8159=CARTESIAN_POINT('Ctrl Pts',(-8.60483523363501,10.2406714882486,7.02673125212515));
#8160=CARTESIAN_POINT('Ctrl Pts',(-8.59661545474647,10.2764370376615,6.98011456955329));
#8161=CARTESIAN_POINT('Origin',(0.,9.33578643762691,1.8179322231232E-15));
#8162=CARTESIAN_POINT('',(-5.12274932413218,9.33856217223386,10.4075664476429));
#8163=CARTESIAN_POINT('Ctrl Pts',(-5.12275039261289,9.33856215467422,10.4075616280379));
#8164=CARTESIAN_POINT('Ctrl Pts',(-5.12283690651167,9.45093555272254,10.407171389059));
#8165=CARTESIAN_POINT('Ctrl Pts',(-5.12959009239831,9.58156414664015,10.3767097360533));
#8166=CARTESIAN_POINT('Ctrl Pts',(-5.15198326854909,9.7990355850691,10.275700645966));
#8167=CARTESIAN_POINT('Ctrl Pts',(-5.17294423945154,9.91943014157292,10.1811518162713));
#8168=CARTESIAN_POINT('Ctrl Pts',(-5.19747031939671,10.0166262443199,10.0705218189011));
#8169=CARTESIAN_POINT('Ctrl Pts',(-5.20100269431725,10.0298826588006,10.054588305309));
#8170=CARTESIAN_POINT('Ctrl Pts',(-5.20467370222072,10.0428932188135,10.0380294587417));
#8171=CARTESIAN_POINT('',(-7.65494632972367,9.33856217223386,8.7156065015035));
#8172=CARTESIAN_POINT('Ctrl Pts',(-7.28218756697069,10.0428932188135,8.64987907433464));
#8173=CARTESIAN_POINT('Ctrl Pts',(-7.29889078030088,10.0298826588006,8.65282430150928));
#8174=CARTESIAN_POINT('Ctrl Pts',(-7.31496320874868,10.0166262443199,8.65565830429014));
#8175=CARTESIAN_POINT('Ctrl Pts',(-7.42655772345665,9.91943014157292,8.67533542813222));
#8176=CARTESIAN_POINT('Ctrl Pts',(-7.52193086832512,9.7990355850691,8.69215228680755));
#8177=CARTESIAN_POINT('Ctrl Pts',(-7.62382059676534,9.58156414664014,8.71011819498862));
#8178=CARTESIAN_POINT('Ctrl Pts',(-7.65454782685823,9.45093555272254,8.71553623469643));
#8179=CARTESIAN_POINT('Ctrl Pts',(-7.65494146809938,9.33856215467422,8.71560564426797));
#8180=CARTESIAN_POINT('',(-7.65494632972367,9.33578643762691,8.7156065015035));
#8181=CARTESIAN_POINT('',(-7.65494632972367,5.25,8.7156065015035));
#8182=CARTESIAN_POINT('',(-5.12274932413218,9.33578643762691,10.4075664476429));
#8183=CARTESIAN_POINT('Origin',(0.,9.33578643762691,1.8179322231232E-15));
#8184=CARTESIAN_POINT('',(-5.12274932413218,5.25,10.4075664476429));
#8185=CARTESIAN_POINT('Origin',(-5.35018796508211,0.5,9.38165703584876));
#8186=CARTESIAN_POINT('',(-5.12274932413218,0.5,10.407566447643));
#8187=CARTESIAN_POINT('',(-5.12274932413218,5.25,10.4075664476429));
#8188=CARTESIAN_POINT('',(-5.35018796508211,0.5,9.38165703584876));
#8189=CARTESIAN_POINT('',(-7.44167808375998,0.500000000000002,-0.0524452277966839));
#8190=CARTESIAN_POINT('',(-5.35018796508211,0.5,9.38165703584876));
#8191=CARTESIAN_POINT('Origin',(0.,9.36922694889127,1.82473549482285E-15));
#8192=CARTESIAN_POINT('',(-0.750000000000003,9.36922694889127,11.5757289187334));
#8193=CARTESIAN_POINT('',(-1.05473858749998,10.1763853691909,11.1405171010333));
#8194=CARTESIAN_POINT('Ctrl Pts',(-0.750000000000004,9.36922694889127,11.5757289187334));
#8195=CARTESIAN_POINT('Ctrl Pts',(-0.750000000000004,9.48221962536126,11.5757289187334));
#8196=CARTESIAN_POINT('Ctrl Pts',(-0.767900718002603,9.61417029107545,11.5501640439987));
#8197=CARTESIAN_POINT('Ctrl Pts',(-0.827471500498667,9.83247609633346,11.4650881497169));
#8198=CARTESIAN_POINT('Ctrl Pts',(-0.88301918317067,9.95287065283728,11.3857578374297));
#8199=CARTESIAN_POINT('Ctrl Pts',(-0.972687152214258,10.0869628461159,11.2576987061715));
#8200=CARTESIAN_POINT('Ctrl Pts',(-1.01251583649479,10.135390226639,11.2008174501051));
#8201=CARTESIAN_POINT('Ctrl Pts',(-1.05473859180751,10.1763853724514,11.1405171062661));
#8202=CARTESIAN_POINT('',(-3.28883992940431,10.1763853691909,10.6961267141491));
#8203=CARTESIAN_POINT('Origin',(5.49035532420975E-18,10.1763853839258,1.99913522808939E-15));
#8204=CARTESIAN_POINT('',(-3.73693002536525,9.36922694889127,10.9815915961906));
#8205=CARTESIAN_POINT('Ctrl Pts',(-3.28883992742716,10.1763853724514,10.6961267206319));
#8206=CARTESIAN_POINT('Ctrl Pts',(-3.35092460941992,10.135390226639,10.7356790251812));
#8207=CARTESIAN_POINT('Ctrl Pts',(-3.4094890299423,10.0869628461159,10.7729886758374));
#8208=CARTESIAN_POINT('Ctrl Pts',(-3.54133753915911,9.95287065283728,10.8569854399913));
#8209=CARTESIAN_POINT('Ctrl Pts',(-3.62301530245485,9.83247609633346,10.9090199139562));
#8210=CARTESIAN_POINT('Ctrl Pts',(-3.71060866437394,9.61417029107545,10.964823039879));
#8211=CARTESIAN_POINT('Ctrl Pts',(-3.73693002536524,9.48221962536126,10.9815915961906));
#8212=CARTESIAN_POINT('Ctrl Pts',(-3.73693002536524,9.36922694889127,10.9815915961906));
#8213=CARTESIAN_POINT('Origin',(0.,9.36922694889127,1.82473549482285E-15));
#8214=CARTESIAN_POINT('Origin',(-3.73693002536525,0.5,10.9815915961906));
#8215=CARTESIAN_POINT('Ctrl Pts',(-3.15900267644896,10.2764370376614,10.6134112692887));
#8216=CARTESIAN_POINT('Ctrl Pts',(-3.19892530215232,10.2406714882486,10.6388447868577));
#8217=CARTESIAN_POINT('Ctrl Pts',(-3.24297780734528,10.2066685934696,10.6669093278302));
#8218=CARTESIAN_POINT('Ctrl Pts',(-3.28883992742716,10.1763853724514,10.6961267206319));
#8219=CARTESIAN_POINT('',(-2.85067911808293,0.5,10.4169874995474));
#8220=CARTESIAN_POINT('',(-2.85067911808293,0.5,10.4169874995474));
#8221=CARTESIAN_POINT('',(-3.73693002536525,0.5,10.9815915961906));
#8222=CARTESIAN_POINT('',(2.70859427569491,0.500000000000001,6.87533974867315));
#8223=CARTESIAN_POINT('',(-3.73693002536525,5.25,10.9815915961906));
#8224=CARTESIAN_POINT('Origin',(0.,10.9835438189604,2.15315859187365E-15));
#8225=CARTESIAN_POINT('Ctrl Pts',(-1.05473859180751,10.1763853724514,11.1405171062661));
#8226=CARTESIAN_POINT('Ctrl Pts',(-1.0859286537066,10.2066685934696,11.0959730815347));
#8227=CARTESIAN_POINT('Ctrl Pts',(-1.11588802674312,10.2406714882486,11.0531866626494));
#8228=CARTESIAN_POINT('Ctrl Pts',(-1.14303873771416,10.2764370376615,11.0144114288945));
#8229=CARTESIAN_POINT('Origin',(0.75,0.5,11.5757289187334));
#8230=CARTESIAN_POINT('',(1.35272444027688,0.5,10.7149492107372));
#8231=CARTESIAN_POINT('',(1.35272444027688,0.5,10.7149492107372));
#8232=CARTESIAN_POINT('',(0.75,0.5,11.5757289187334));
#8233=CARTESIAN_POINT('',(6.07114413844065,0.500000000000001,3.97634752383191));
#8234=CARTESIAN_POINT('',(0.750000000000001,5.25,11.5757289187334));
#8235=CARTESIAN_POINT('Origin',(5.12274932413218,0.5,10.407566447643));
#8236=CARTESIAN_POINT('',(5.35018796508211,0.5,9.38165703584876));
#8237=CARTESIAN_POINT('',(5.35018796508211,0.5,9.38165703584876));
#8238=CARTESIAN_POINT('',(5.12274932413218,0.5,10.407566447643));
#8239=CARTESIAN_POINT('',(7.32795876328504,0.500000000000002,0.460509478100423));
#8240=CARTESIAN_POINT('',(5.12274932413218,5.25,10.4075664476429));
#8241=CARTESIAN_POINT('Origin',(8.7156065015035,0.500000000000001,7.65494632972368));
#8242=CARTESIAN_POINT('',(8.53313387177827,0.500000000000001,6.62009262218516));
#8243=CARTESIAN_POINT('',(8.53313387177827,0.500000000000001,6.62009262218516));
#8244=CARTESIAN_POINT('',(8.7156065015035,0.500000000000001,7.65494632972368));
#8245=CARTESIAN_POINT('',(6.93780777905674,0.500000000000003,-2.42745124382834));
#8246=CARTESIAN_POINT('',(8.7156065015035,5.25,7.65494632972367));
#8247=CARTESIAN_POINT('Origin',(0.,9.36922694889127,1.82473549482285E-15));
#8248=CARTESIAN_POINT('',(11.5757289187334,9.36922694889127,0.750000000000007));
#8249=CARTESIAN_POINT('',(11.1405171010333,10.1763853691909,1.05473858749998));
#8250=CARTESIAN_POINT('Ctrl Pts',(11.5757289187334,9.36922694889127,0.750000000000008));
#8251=CARTESIAN_POINT('Ctrl Pts',(11.5757289187334,9.48221962536126,0.750000000000008));
#8252=CARTESIAN_POINT('Ctrl Pts',(11.5501640439987,9.61417029107545,0.767900718002609));
#8253=CARTESIAN_POINT('Ctrl Pts',(11.4650881497169,9.83247609633346,0.827471500498672));
#8254=CARTESIAN_POINT('Ctrl Pts',(11.3857578374297,9.95287065283728,0.883019183170675));
#8255=CARTESIAN_POINT('Ctrl Pts',(11.2576987061715,10.0869628461159,0.972687152214261));
#8256=CARTESIAN_POINT('Ctrl Pts',(11.2008174501051,10.135390226639,1.0125158364948));
#8257=CARTESIAN_POINT('Ctrl Pts',(11.1405171062661,10.1763853724514,1.05473859180751));
#8258=CARTESIAN_POINT('',(10.6961267141491,10.1763853691909,3.28883992940431));
#8259=CARTESIAN_POINT('Origin',(2.40581560876751E-17,10.1763853839258,2.03221007366636E-15));
#8260=CARTESIAN_POINT('',(10.9815915961906,9.36922694889127,3.73693002536525));
#8261=CARTESIAN_POINT('Ctrl Pts',(10.6961267206319,10.1763853724514,3.28883992742717));
#8262=CARTESIAN_POINT('Ctrl Pts',(10.725667987188,10.1457664605132,3.33521042746999));
#8263=CARTESIAN_POINT('Ctrl Pts',(10.7535707544989,10.1115232087966,3.37900899887967));
#8264=CARTESIAN_POINT('Ctrl Pts',(10.8380915130313,9.99085460621611,3.51168001451494));
#8265=CARTESIAN_POINT('Ctrl Pts',(10.8980700618765,9.86459581223843,3.60582747757372));
#8266=CARTESIAN_POINT('Ctrl Pts',(10.9622789578254,9.63167763851606,3.70661525546741));
#8267=CARTESIAN_POINT('Ctrl Pts',(10.9815915961906,9.49057090711027,3.73693002536524));
#8268=CARTESIAN_POINT('Ctrl Pts',(10.9815915961906,9.36922694889127,3.73693002536524));
#8269=CARTESIAN_POINT('Origin',(0.,9.36922694889127,1.82473549482285E-15));
#8270=CARTESIAN_POINT('Origin',(10.9815915961906,0.500000000000001,3.73693002536525));
#8271=CARTESIAN_POINT('Ctrl Pts',(10.6134112692887,10.2764370376614,3.15900267644897));
#8272=CARTESIAN_POINT('Ctrl Pts',(10.6388447868577,10.2406714882486,3.19892530215233));
#8273=CARTESIAN_POINT('Ctrl Pts',(10.6669093278302,10.2066685934696,3.24297780734529));
#8274=CARTESIAN_POINT('Ctrl Pts',(10.6961267206319,10.1763853724514,3.28883992742717));
#8275=CARTESIAN_POINT('',(10.4169874995474,0.500000000000002,2.85067911808293));
#8276=CARTESIAN_POINT('',(10.4169874995474,0.500000000000001,2.85067911808293));
#8277=CARTESIAN_POINT('',(10.9815915961906,0.500000000000001,3.73693002536525));
#8278=CARTESIAN_POINT('',(5.92145420721885,0.500000000000003,-4.20589465233666));
#8279=CARTESIAN_POINT('',(10.9815915961906,5.25,3.73693002536524));
#8280=CARTESIAN_POINT('Origin',(0.,10.9835438189604,2.15315859187365E-15));
#8281=CARTESIAN_POINT('Ctrl Pts',(11.1405171062661,10.1763853724514,1.05473859180751));
#8282=CARTESIAN_POINT('Ctrl Pts',(11.0959730815347,10.2066685934696,1.0859286537066));
#8283=CARTESIAN_POINT('Ctrl Pts',(11.0531866626494,10.2406714882486,1.11588802674312));
#8284=CARTESIAN_POINT('Ctrl Pts',(11.0144114288945,10.2764370376615,1.14303873771416));
#8285=CARTESIAN_POINT('Origin',(0.,9.36922694889127,1.82473549482285E-15));
#8286=CARTESIAN_POINT('',(10.9815915961906,9.36922694889127,-3.73693002536524));
#8287=CARTESIAN_POINT('',(10.6961267141491,10.1763853691909,-3.28883992940431));
#8288=CARTESIAN_POINT('Ctrl Pts',(10.9815915961906,9.36922694889127,-3.73693002536524));
#8289=CARTESIAN_POINT('Ctrl Pts',(10.9815915961906,9.48221962536126,-3.73693002536524));
#8290=CARTESIAN_POINT('Ctrl Pts',(10.964823039879,9.61417029107546,-3.71060866437394));
#8291=CARTESIAN_POINT('Ctrl Pts',(10.9090199139562,9.83247609633347,-3.62301530245484));
#8292=CARTESIAN_POINT('Ctrl Pts',(10.8569854399913,9.95287065283728,-3.5413375391591));
#8293=CARTESIAN_POINT('Ctrl Pts',(10.7729886758374,10.0869628461159,-3.40948902994229));
#8294=CARTESIAN_POINT('Ctrl Pts',(10.7356790251812,10.135390226639,-3.35092460941992));
#8295=CARTESIAN_POINT('Ctrl Pts',(10.6961267206319,10.1763853724514,-3.28883992742717));
#8296=CARTESIAN_POINT('',(11.1405171010333,10.1763853691909,-1.05473858749998));
#8297=CARTESIAN_POINT('Origin',(-2.886978730521E-17,10.1763853839258,2.0080203700249E-15));
#8298=CARTESIAN_POINT('',(11.5757289187334,9.36922694889127,-0.75));
#8299=CARTESIAN_POINT('Ctrl Pts',(11.1405171062661,10.1763853724514,-1.0547385918075));
#8300=CARTESIAN_POINT('Ctrl Pts',(11.2008174501051,10.135390226639,-1.01251583649479));
#8301=CARTESIAN_POINT('Ctrl Pts',(11.2576987061715,10.0869628461159,-0.972687152214253));
#8302=CARTESIAN_POINT('Ctrl Pts',(11.3857578374297,9.95287065283728,-0.883019183170666));
#8303=CARTESIAN_POINT('Ctrl Pts',(11.4650881497169,9.83247609633346,-0.827471500498663));
#8304=CARTESIAN_POINT('Ctrl Pts',(11.5501640439987,9.61417029107545,-0.767900718002599));
#8305=CARTESIAN_POINT('Ctrl Pts',(11.5757289187334,9.48221962536126,-0.749999999999999));
#8306=CARTESIAN_POINT('Ctrl Pts',(11.5757289187334,9.36922694889127,-0.749999999999999));
#8307=CARTESIAN_POINT('Origin',(0.,9.36922694889127,1.82473549482285E-15));
#8308=CARTESIAN_POINT('Origin',(11.5757289187334,0.500000000000002,-0.749999999999997));
#8309=CARTESIAN_POINT('Ctrl Pts',(11.0144114288945,10.2764370376615,-1.14303873771415));
#8310=CARTESIAN_POINT('Ctrl Pts',(11.0531866626494,10.2406714882486,-1.11588802674312));
#8311=CARTESIAN_POINT('Ctrl Pts',(11.0959730815347,10.2066685934696,-1.0859286537066));
#8312=CARTESIAN_POINT('Ctrl Pts',(11.1405171062661,10.1763853724514,-1.0547385918075));
#8313=CARTESIAN_POINT('',(10.7149492107372,0.500000000000002,-1.35272444027687));
#8314=CARTESIAN_POINT('',(10.7149492107372,0.500000000000002,-1.35272444027687));
#8315=CARTESIAN_POINT('',(11.5757289187334,0.500000000000002,-0.749999999999998));
#8316=CARTESIAN_POINT('',(5.14309733919718,0.500000000000003,-5.25417712251707));
#8317=CARTESIAN_POINT('',(11.5757289187334,5.25,-0.750000000000001));
#8318=CARTESIAN_POINT('Origin',(0.,10.9835438189604,2.15315859187365E-15));
#8319=CARTESIAN_POINT('Ctrl Pts',(10.6961267206319,10.1763853724514,-3.28883992742716));
#8320=CARTESIAN_POINT('Ctrl Pts',(10.6669093278302,10.2066685934696,-3.24297780734529));
#8321=CARTESIAN_POINT('Ctrl Pts',(10.6388447868577,10.2406714882486,-3.19892530215232));
#8322=CARTESIAN_POINT('Ctrl Pts',(10.6134112692887,10.2764370376615,-3.15900267644896));
#8323=CARTESIAN_POINT('Origin',(0.,9.33856217223386,1.81849692970163E-15));
#8324=CARTESIAN_POINT('',(8.7156065015035,9.33856217223386,-7.65494632972367));
#8325=CARTESIAN_POINT('Ctrl Pts',(8.7156065015035,9.33856217223386,-7.65494632972367));
#8326=CARTESIAN_POINT('Ctrl Pts',(8.7156065015035,9.45155484870385,-7.65494632972367));
#8327=CARTESIAN_POINT('Ctrl Pts',(8.71018712430618,9.58350551441805,-7.62421151435085));
#8328=CARTESIAN_POINT('Ctrl Pts',(8.69238074163594,9.7990459487498,-7.52322650004001));
#8329=CARTESIAN_POINT('Ctrl Pts',(8.67616362924148,9.91669446243437,-7.43125468535061));
#8330=CARTESIAN_POINT('Ctrl Pts',(8.65957610124636,10.,-7.33718213939948));
#8331=CARTESIAN_POINT('',(10.4075664476429,9.33856217223386,-5.12274932413218));
#8332=CARTESIAN_POINT('Ctrl Pts',(10.0925487101502,10.,-5.19258707517217));
#8333=CARTESIAN_POINT('Ctrl Pts',(10.1858081820733,9.91669446243436,-5.17191194800592));
#8334=CARTESIAN_POINT('Ctrl Pts',(10.2769850794669,9.7990459487498,-5.15169851649741));
#8335=CARTESIAN_POINT('Ctrl Pts',(10.3770972749173,9.58350551441805,-5.12950417710059));
#8336=CARTESIAN_POINT('Ctrl Pts',(10.4075664476429,9.45155484870386,-5.12274932413218));
#8337=CARTESIAN_POINT('Ctrl Pts',(10.4075664476429,9.33856217223386,-5.12274932413218));
#8338=CARTESIAN_POINT('Origin',(7.21895963978425E-34,9.33856217223386,1.81849692970163E-15));
#8339=CARTESIAN_POINT('Origin',(10.407566447643,0.500000000000003,-5.12274932413218));
#8340=CARTESIAN_POINT('',(9.38165703584876,0.500000000000003,-5.35018796508211));
#8341=CARTESIAN_POINT('',(9.38165703584876,0.500000000000003,-5.3501879650821));
#8342=CARTESIAN_POINT('',(10.407566447643,0.500000000000003,-5.12274932413218));
#8343=CARTESIAN_POINT('',(4.76320910145866,0.500000000000003,-6.3740732218307));
#8344=CARTESIAN_POINT('',(10.4075664476429,5.25,-5.12274932413218));
#8345=CARTESIAN_POINT('Origin',(0.,9.33578643762691,1.8179322231232E-15));
#8346=CARTESIAN_POINT('',(5.12274932413218,9.33856217223386,-10.4075664476429));
#8347=CARTESIAN_POINT('Ctrl Pts',(5.12275039261289,9.33856215467422,-10.4075616280379));
#8348=CARTESIAN_POINT('Ctrl Pts',(5.12283690651167,9.45093555272254,-10.407171389059));
#8349=CARTESIAN_POINT('Ctrl Pts',(5.12959009239831,9.58156414664015,-10.3767097360533));
#8350=CARTESIAN_POINT('Ctrl Pts',(5.1519832685491,9.79903558506911,-10.275700645966));
#8351=CARTESIAN_POINT('Ctrl Pts',(5.17294423945154,9.91943014157292,-10.1811518162713));
#8352=CARTESIAN_POINT('Ctrl Pts',(5.19747031939671,10.0166262443199,-10.0705218189011));
#8353=CARTESIAN_POINT('Ctrl Pts',(5.20100269431725,10.0298826588006,-10.0545883053089));
#8354=CARTESIAN_POINT('Ctrl Pts',(5.20467370222072,10.0428932188135,-10.0380294587417));
#8355=CARTESIAN_POINT('',(7.65494632972367,9.33856217223386,-8.71560650150349));
#8356=CARTESIAN_POINT('Ctrl Pts',(7.28218756697069,10.0428932188135,-8.64987907433463));
#8357=CARTESIAN_POINT('Ctrl Pts',(7.29889078030088,10.0298826588006,-8.65282430150928));
#8358=CARTESIAN_POINT('Ctrl Pts',(7.31496320874868,10.0166262443199,-8.65565830429013));
#8359=CARTESIAN_POINT('Ctrl Pts',(7.42655772345665,9.91943014157292,-8.67533542813221));
#8360=CARTESIAN_POINT('Ctrl Pts',(7.52193086832512,9.79903558506911,-8.69215228680754));
#8361=CARTESIAN_POINT('Ctrl Pts',(7.62382059676534,9.58156414664015,-8.71011819498861));
#8362=CARTESIAN_POINT('Ctrl Pts',(7.65454782685823,9.45093555272254,-8.71553623469642));
#8363=CARTESIAN_POINT('Ctrl Pts',(7.65494146809939,9.33856215467422,-8.71560564426796));
#8364=CARTESIAN_POINT('',(7.65494632972367,9.33578643762691,-8.71560650150349));
#8365=CARTESIAN_POINT('',(7.65494632972367,5.25,-8.71560650150349));
#8366=CARTESIAN_POINT('',(5.12274932413218,9.33578643762691,-10.4075664476429));
#8367=CARTESIAN_POINT('Origin',(0.,9.33578643762691,1.8179322231232E-15));
#8368=CARTESIAN_POINT('',(5.12274932413218,5.25,-10.4075664476429));
#8369=CARTESIAN_POINT('Origin',(5.35018796508211,0.500000000000004,-9.38165703584876));
#8370=CARTESIAN_POINT('',(5.12274932413218,0.500000000000004,-10.4075664476429));
#8371=CARTESIAN_POINT('',(5.12274932413218,5.25,-10.4075664476429));
#8372=CARTESIAN_POINT('',(5.35018796508211,0.500000000000004,-9.38165703584876));
#8373=CARTESIAN_POINT('',(4.99049216566393,0.500000000000004,-11.0041399370159));
#8374=CARTESIAN_POINT('',(5.35018796508211,0.500000000000004,-9.38165703584876));
#8375=CARTESIAN_POINT('Origin',(7.65494632972368,0.500000000000004,-8.71560650150349));
#8376=CARTESIAN_POINT('',(6.62009262218517,0.500000000000004,-8.53313387177827));
#8377=CARTESIAN_POINT('',(6.62009262218517,0.500000000000004,-8.53313387177827));
#8378=CARTESIAN_POINT('',(7.65494632972368,0.500000000000004,-8.71560650150349));
#8379=CARTESIAN_POINT('',(4.18951577209523,0.500000000000004,-8.10455759442202));
#8380=CARTESIAN_POINT('',(7.65494632972367,5.25,-8.71560650150349));
#8381=CARTESIAN_POINT('Origin',(0.,9.33578643762691,1.8179322231232E-15));
#8382=CARTESIAN_POINT('',(0.750000000000007,9.33856217223386,-11.5757289187334));
#8383=CARTESIAN_POINT('Ctrl Pts',(0.750002831530451,9.33856215467422,-11.5757248748888));
#8384=CARTESIAN_POINT('Ctrl Pts',(0.750232097942712,9.45093555272254,-11.5753974485191));
#8385=CARTESIAN_POINT('Ctrl Pts',(0.768128398090347,9.58156414664015,-11.5498388831352));
#8386=CARTESIAN_POINT('Ctrl Pts',(0.82747150049867,9.79903558506911,-11.4650881497169));
#8387=CARTESIAN_POINT('Ctrl Pts',(0.883019183170672,9.91943014157292,-11.3857578374297));
#8388=CARTESIAN_POINT('Ctrl Pts',(0.948014593560912,10.0166262443199,-11.2929347716335));
#8389=CARTESIAN_POINT('Ctrl Pts',(0.957375574122242,10.0298826588006,-11.2795659059037));
#8390=CARTESIAN_POINT('Ctrl Pts',(0.967103939428305,10.0428932188135,-11.265672360383));
#8391=CARTESIAN_POINT('',(3.73693002536525,9.33856217223386,-10.9815915961906));
#8392=CARTESIAN_POINT('Ctrl Pts',(3.41769863132304,10.0428932188135,-10.7782187687302));
#8393=CARTESIAN_POINT('Ctrl Pts',(3.43200329860169,10.0298826588006,-10.7873318468441));
#8394=CARTESIAN_POINT('Ctrl Pts',(3.44576776037085,10.0166262443199,-10.7961007760933));
#8395=CARTESIAN_POINT('Ctrl Pts',(3.54133753915911,9.91943014157292,-10.8569854399912));
#8396=CARTESIAN_POINT('Ctrl Pts',(3.62301530245485,9.79903558506911,-10.9090199139562));
#8397=CARTESIAN_POINT('Ctrl Pts',(3.71027388172561,9.58156414664015,-10.96460975981));
#8398=CARTESIAN_POINT('Ctrl Pts',(3.73658874666713,9.45093555272254,-10.9813741776814));
#8399=CARTESIAN_POINT('Ctrl Pts',(3.73692586185991,9.33856215467422,-10.9815889437451));
#8400=CARTESIAN_POINT('',(3.73693002536525,9.33578643762691,-10.9815915961906));
#8401=CARTESIAN_POINT('',(3.73693002536525,5.25,-10.9815915961906));
#8402=CARTESIAN_POINT('',(0.750000000000007,9.33578643762691,-11.5757289187334));
#8403=CARTESIAN_POINT('Origin',(0.,9.33578643762691,1.8179322231232E-15));
#8404=CARTESIAN_POINT('',(0.750000000000007,5.25,-11.5757289187334));
#8405=CARTESIAN_POINT('Origin',(1.35272444027687,0.500000000000004,-10.7149492107372));
#8406=CARTESIAN_POINT('',(0.750000000000003,0.500000000000004,-11.5757289187334));
#8407=CARTESIAN_POINT('',(0.750000000000007,5.25,-11.5757289187334));
#8408=CARTESIAN_POINT('',(1.35272444027687,0.500000000000004,-10.7149492107372));
#8409=CARTESIAN_POINT('',(0.922289158020814,0.500000000000004,-11.3296745011227));
#8410=CARTESIAN_POINT('',(1.35272444027687,0.500000000000004,-10.7149492107372));
#8411=CARTESIAN_POINT('Origin',(3.73693002536525,0.500000000000004,-10.9815915961906));
#8412=CARTESIAN_POINT('',(2.85067911808293,0.500000000000004,-10.4169874995474));
#8413=CARTESIAN_POINT('',(2.85067911808293,0.500000000000004,-10.4169874995474));
#8414=CARTESIAN_POINT('',(3.73693002536525,0.500000000000004,-10.9815915961906));
#8415=CARTESIAN_POINT('',(2.54799088911766,0.500000000000004,-10.2241538305771));
#8416=CARTESIAN_POINT('',(3.73693002536525,5.25,-10.9815915961906));
#8417=CARTESIAN_POINT('Origin',(0.,9.36922694889127,1.82473549482285E-15));
#8418=CARTESIAN_POINT('',(-3.73693002536524,9.36922694889127,-10.9815915961906));
#8419=CARTESIAN_POINT('',(-3.28883992940431,10.1763853691909,-10.696126714149));
#8420=CARTESIAN_POINT('Ctrl Pts',(-3.73693002536524,9.36922694889127,-10.9815915961906));
#8421=CARTESIAN_POINT('Ctrl Pts',(-3.73693002536524,9.48221962536127,-10.9815915961906));
#8422=CARTESIAN_POINT('Ctrl Pts',(-3.71060866437394,9.61417029107546,-10.964823039879));
#8423=CARTESIAN_POINT('Ctrl Pts',(-3.62301530245484,9.83247609633347,-10.9090199139562));
#8424=CARTESIAN_POINT('Ctrl Pts',(-3.5413375391591,9.95287065283728,-10.8569854399912));
#8425=CARTESIAN_POINT('Ctrl Pts',(-3.40948902994229,10.0869628461159,-10.7729886758374));
#8426=CARTESIAN_POINT('Ctrl Pts',(-3.35092460941992,10.135390226639,-10.7356790251812));
#8427=CARTESIAN_POINT('Ctrl Pts',(-3.28883992742716,10.1763853724514,-10.6961267206319));
#8428=CARTESIAN_POINT('',(-1.05473858749998,10.1763853691909,-11.1405171010333));
#8429=CARTESIAN_POINT('Origin',(6.60449649651981E-18,10.1763853839258,1.99672941248062E-15));
#8430=CARTESIAN_POINT('',(-0.75,9.36922694889127,-11.5757289187334));
#8431=CARTESIAN_POINT('Ctrl Pts',(-1.05473859180751,10.1763853724514,-11.1405171062661));
#8432=CARTESIAN_POINT('Ctrl Pts',(-1.01251583649479,10.135390226639,-11.2008174501051));
#8433=CARTESIAN_POINT('Ctrl Pts',(-0.972687152214254,10.0869628461159,-11.2576987061715));
#8434=CARTESIAN_POINT('Ctrl Pts',(-0.883019183170666,9.95287065283728,-11.3857578374297));
#8435=CARTESIAN_POINT('Ctrl Pts',(-0.827471500498661,9.83247609633347,-11.4650881497169));
#8436=CARTESIAN_POINT('Ctrl Pts',(-0.767900718002598,9.61417029107545,-11.5501640439987));
#8437=CARTESIAN_POINT('Ctrl Pts',(-0.75,9.48221962536126,-11.5757289187334));
#8438=CARTESIAN_POINT('Ctrl Pts',(-0.75,9.36922694889127,-11.5757289187334));
#8439=CARTESIAN_POINT('Origin',(0.,9.36922694889127,1.82473549482285E-15));
#8440=CARTESIAN_POINT('Origin',(-0.749999999999997,0.500000000000004,-11.5757289187334));
#8441=CARTESIAN_POINT('Ctrl Pts',(-1.14303873771415,10.2764370376615,-11.0144114288945));
#8442=CARTESIAN_POINT('Ctrl Pts',(-1.11588802674311,10.2406714882486,-11.0531866626494));
#8443=CARTESIAN_POINT('Ctrl Pts',(-1.0859286537066,10.2066685934696,-11.0959730815347));
#8444=CARTESIAN_POINT('Ctrl Pts',(-1.05473859180751,10.1763853724514,-11.1405171062661));
#8445=CARTESIAN_POINT('',(-1.35272444027687,0.500000000000004,-10.7149492107372));
#8446=CARTESIAN_POINT('',(-1.35272444027687,0.500000000000004,-10.7149492107372));
#8447=CARTESIAN_POINT('',(-0.749999999999997,0.500000000000004,-11.5757289187334));
#8448=CARTESIAN_POINT('',(-0.620926937882373,0.500000000000004,-11.7600643551208));
#8449=CARTESIAN_POINT('',(-0.75,5.25,-11.5757289187334));
#8450=CARTESIAN_POINT('Origin',(0.,10.9835438189604,2.15315859187365E-15));
#8451=CARTESIAN_POINT('Ctrl Pts',(-3.28883992742716,10.1763853724514,-10.6961267206319));
#8452=CARTESIAN_POINT('Ctrl Pts',(-3.24297780734528,10.2066685934696,-10.6669093278302));
#8453=CARTESIAN_POINT('Ctrl Pts',(-3.19892530215232,10.2406714882486,-10.6388447868577));
#8454=CARTESIAN_POINT('Ctrl Pts',(-3.15900267644896,10.2764370376615,-10.6134112692887));
#8455=CARTESIAN_POINT('Origin',(0.,9.36922694889127,1.82473549482285E-15));
#8456=CARTESIAN_POINT('',(-7.65494632972367,9.36922694889127,-8.7156065015035));
#8457=CARTESIAN_POINT('',(-7.13172238046499,10.1763853691909,-8.62334799566571));
#8458=CARTESIAN_POINT('Ctrl Pts',(-7.65494632972366,9.36922694889127,-8.71560650150349));
#8459=CARTESIAN_POINT('Ctrl Pts',(-7.65494632972366,9.49057090711028,-8.71560650150349));
#8460=CARTESIAN_POINT('Ctrl Pts',(-7.61954850754467,9.63167763851607,-8.70936491039502));
#8461=CARTESIAN_POINT('Ctrl Pts',(-7.50186106173128,9.86459581223844,-8.68861343840745));
#8462=CARTESIAN_POINT('Ctrl Pts',(-7.39192735063305,9.99085460621612,-8.66922915905142));
#8463=CARTESIAN_POINT('Ctrl Pts',(-7.23701062074888,10.1115232087966,-8.64191315980972));
#8464=CARTESIAN_POINT('Ctrl Pts',(-7.1858680903032,10.1457664605132,-8.63289535183044));
#8465=CARTESIAN_POINT('Ctrl Pts',(-7.13172238111923,10.1763853724514,-8.62334800241171));
#8466=CARTESIAN_POINT('',(-5.2377427156865,10.176385369191,-9.88886474832425));
#8467=CARTESIAN_POINT('Origin',(-4.35075758853753E-17,10.1763853839258,
1.99925826014792E-15));
#8468=CARTESIAN_POINT('',(-5.12274932413218,9.36922694889127,-10.4075664476429));
#8469=CARTESIAN_POINT('Ctrl Pts',(-5.23774272166863,10.1763853724514,-9.88886475151027));
#8470=CARTESIAN_POINT('Ctrl Pts',(-5.22180992478209,10.135390226639,-9.96073295391351));
#8471=CARTESIAN_POINT('Ctrl Pts',(-5.20678053287718,10.0869628461159,-10.0285261597839));
#8472=CARTESIAN_POINT('Ctrl Pts',(-5.17294423945154,9.95287065283728,-10.1811518162713));
#8473=CARTESIAN_POINT('Ctrl Pts',(-5.15198326854909,9.83247609633347,-10.275700645966));
#8474=CARTESIAN_POINT('Ctrl Pts',(-5.12950417710059,9.61417029107546,-10.3770972749173));
#8475=CARTESIAN_POINT('Ctrl Pts',(-5.12274932413218,9.48221962536126,-10.4075664476429));
#8476=CARTESIAN_POINT('Ctrl Pts',(-5.12274932413218,9.36922694889127,-10.4075664476429));
#8477=CARTESIAN_POINT('Origin',(0.,9.36922694889127,1.82473549482285E-15));
#8478=CARTESIAN_POINT('Origin',(-5.12274932413218,0.500000000000004,-10.407566447643));
#8479=CARTESIAN_POINT('Ctrl Pts',(-5.27106286573225,10.2764370376615,-9.73856729433927));
#8480=CARTESIAN_POINT('Ctrl Pts',(-5.26081751911707,10.2406714882486,-9.78478106643933));
#8481=CARTESIAN_POINT('Ctrl Pts',(-5.24951232119941,10.2066685934696,-9.83577551882208));
#8482=CARTESIAN_POINT('Ctrl Pts',(-5.23774272166863,10.1763853724514,-9.88886475151027));
#8483=CARTESIAN_POINT('',(-5.35018796508211,0.500000000000004,-9.38165703584876));
#8484=CARTESIAN_POINT('',(-5.35018796508211,0.500000000000004,-9.38165703584876));
#8485=CARTESIAN_POINT('',(-5.12274932413218,0.500000000000004,-10.407566447643));
#8486=CARTESIAN_POINT('',(-4.87677284518896,0.500000000000004,-11.517094642913));
#8487=CARTESIAN_POINT('',(-5.12274932413218,5.25,-10.4075664476429));
#8488=CARTESIAN_POINT('Origin',(0.,10.9835438189604,2.15315859187365E-15));
#8489=CARTESIAN_POINT('Ctrl Pts',(-7.13172238111924,10.1763853724514,-8.62334800241171));
#8490=CARTESIAN_POINT('Ctrl Pts',(-7.07817029489588,10.2066685934696,-8.61390532473731));
#8491=CARTESIAN_POINT('Ctrl Pts',(-7.02673125212515,10.2406714882486,-8.60483523363501));
#8492=CARTESIAN_POINT('Ctrl Pts',(-6.9801145695533,10.2764370376615,-8.59661545474647));
#8493=CARTESIAN_POINT('Origin',(-8.71560650150349,0.500000000000004,-7.65494632972367));
#8494=CARTESIAN_POINT('',(-8.53313387177827,0.500000000000003,-6.62009262218516));
#8495=CARTESIAN_POINT('',(-8.53313387177827,0.500000000000004,-6.62009262218516));
#8496=CARTESIAN_POINT('',(-8.7156065015035,0.500000000000004,-7.65494632972367));
#8497=CARTESIAN_POINT('',(-8.92152461034559,0.500000000000004,-8.82276595672992));
#8498=CARTESIAN_POINT('',(-8.71560650150349,5.25,-7.65494632972367));
#8499=CARTESIAN_POINT('Origin',(-10.9815915961906,0.500000000000003,-3.73693002536525));
#8500=CARTESIAN_POINT('',(-10.4169874995474,0.500000000000003,-2.85067911808293));
#8501=CARTESIAN_POINT('',(-10.4169874995474,0.500000000000003,-2.85067911808293));
#8502=CARTESIAN_POINT('',(-10.9815915961906,0.500000000000003,-3.73693002536525));
#8503=CARTESIAN_POINT('',(-11.1780393720314,0.500000000000003,-4.04529126575941));
#8504=CARTESIAN_POINT('',(-10.9815915961906,5.25,-3.73693002536525));
#8505=CARTESIAN_POINT('Origin',(-11.5757289187334,0.500000000000002,0.749999999999998));
#8506=CARTESIAN_POINT('',(-10.7149492107372,0.500000000000002,1.35272444027687));
#8507=CARTESIAN_POINT('',(-10.7149492107372,0.500000000000002,1.35272444027687));
#8508=CARTESIAN_POINT('',(-11.5757289187334,0.500000000000002,0.749999999999998));
#8509=CARTESIAN_POINT('',(-10.5933145397555,0.500000000000002,1.43789395380595));
#8510=CARTESIAN_POINT('',(-11.5757289187334,5.25,0.750000000000003));
#8511=CARTESIAN_POINT('Origin',(-7.65494632972368,0.5,8.7156065015035));
#8512=CARTESIAN_POINT('',(-6.62009262218516,0.5,8.53313387177827));
#8513=CARTESIAN_POINT('',(-6.62009262218516,0.5,8.53313387177827));
#8514=CARTESIAN_POINT('',(-7.65494632972368,0.5,8.7156065015035));
#8515=CARTESIAN_POINT('',(-2.20579894080635,0.500000000000001,7.75477479498029));
#8516=CARTESIAN_POINT('',(-7.65494632972367,5.25,8.7156065015035));
#8517=CARTESIAN_POINT('Origin',(0.,11.25,2.20736750576651E-15));
#8518=CARTESIAN_POINT('',(8.79332132928167,15.,-0.999999999999997));
#8519=CARTESIAN_POINT('',(8.79332132928167,10.,-0.999999999999998));
#8520=CARTESIAN_POINT('',(8.79332132928167,15.,1.));
#8521=CARTESIAN_POINT('Origin',(0.,15.,3.05214453672038E-15));
#8522=CARTESIAN_POINT('',(8.79332132928167,10.,1.));
#8523=CARTESIAN_POINT('Origin',(0.,11.25,2.20736750576651E-15));
#8524=CARTESIAN_POINT('',(-1.,15.,-8.79332132928167));
#8525=CARTESIAN_POINT('',(-1.,10.,-8.79332132928167));
#8526=CARTESIAN_POINT('',(1.,15.,-8.79332132928167));
#8527=CARTESIAN_POINT('Origin',(0.,15.,3.51473746364752E-15));
#8528=CARTESIAN_POINT('',(1.,10.,-8.79332132928167));
#8529=CARTESIAN_POINT('Origin',(0.,11.25,2.20736750576651E-15));
#8530=CARTESIAN_POINT('',(-8.79332132928167,15.,1.));
#8531=CARTESIAN_POINT('',(-8.79332132928167,10.,1.));
#8532=CARTESIAN_POINT('',(-8.79332132928167,15.,-0.999999999999998));
#8533=CARTESIAN_POINT('Origin',(0.,15.,3.05214453672038E-15));
#8534=CARTESIAN_POINT('',(-8.79332132928167,10.,-0.999999999999999));
#8535=CARTESIAN_POINT('Origin',(0.,11.25,2.20736750576651E-15));
#8536=CARTESIAN_POINT('',(-6.58358762437836,19.5,-5.91429404004671));
#8537=CARTESIAN_POINT('',(-6.58358762437836,17.3357864376269,-5.91429404004671));
#8538=CARTESIAN_POINT('',(-6.58358762437836,11.25,-5.91429404004671));
#8539=CARTESIAN_POINT('',(-5.91429404004671,19.5,-6.58358762437836));
#8540=CARTESIAN_POINT('Origin',(0.,19.5,4.25488614673096E-15));
#8541=CARTESIAN_POINT('',(-5.91429404004671,17.3357864376269,-6.58358762437836));
#8542=CARTESIAN_POINT('',(-5.91429404004671,11.25,-6.58358762437836));
#8543=CARTESIAN_POINT('',(-3.81913951339631,17.3357864376269,-7.98352512222608));
#8544=CARTESIAN_POINT('Origin',(0.,17.3357864376269,3.44548430110772E-15));
#8545=CARTESIAN_POINT('',(-3.81913951339631,19.5,-7.98352512222608));
#8546=CARTESIAN_POINT('',(-3.81913951339631,11.25,-7.98352512222608));
#8547=CARTESIAN_POINT('',(-2.94466530347921,19.5,-8.34574419991924));
#8548=CARTESIAN_POINT('Origin',(0.,19.5,3.51473746364753E-15));
#8549=CARTESIAN_POINT('',(-2.9446653034792,17.3357864376269,-8.34574419991924));
#8550=CARTESIAN_POINT('',(-2.9446653034792,11.25,-8.34574419991924));
#8551=CARTESIAN_POINT('',(2.94466530347921,17.3357864376269,-8.34574419991924));
#8552=CARTESIAN_POINT('Origin',(0.,17.3357864376269,3.44548430110772E-15));
#8553=CARTESIAN_POINT('',(2.94466530347921,19.5,-8.34574419991924));
#8554=CARTESIAN_POINT('',(2.94466530347921,11.25,-8.34574419991924));
#8555=CARTESIAN_POINT('',(3.81913951339631,19.5,-7.98352512222608));
#8556=CARTESIAN_POINT('Origin',(0.,19.5,4.25488614673096E-15));
#8557=CARTESIAN_POINT('',(3.81913951339631,17.3357864376269,-7.98352512222608));
#8558=CARTESIAN_POINT('',(3.81913951339631,11.25,-7.98352512222608));
#8559=CARTESIAN_POINT('',(5.91429404004671,17.3357864376269,-6.58358762437836));
#8560=CARTESIAN_POINT('Origin',(0.,17.3357864376269,3.44548430110772E-15));
#8561=CARTESIAN_POINT('',(5.91429404004671,19.5,-6.58358762437836));
#8562=CARTESIAN_POINT('',(5.91429404004671,11.25,-6.58358762437836));
#8563=CARTESIAN_POINT('',(6.58358762437836,19.5,-5.91429404004671));
#8564=CARTESIAN_POINT('Origin',(0.,19.5,4.25488614673096E-15));
#8565=CARTESIAN_POINT('',(6.58358762437836,17.3357864376269,-5.91429404004671));
#8566=CARTESIAN_POINT('',(6.58358762437836,11.25,-5.91429404004671));
#8567=CARTESIAN_POINT('',(7.98352512222608,17.3357864376269,-3.8191395133963));
#8568=CARTESIAN_POINT('Origin',(0.,17.3357864376269,3.44548430110772E-15));
#8569=CARTESIAN_POINT('',(7.98352512222609,19.5,-3.8191395133963));
#8570=CARTESIAN_POINT('',(7.98352512222608,11.25,-3.8191395133963));
#8571=CARTESIAN_POINT('',(8.34574419991925,19.5,-2.9446653034792));
#8572=CARTESIAN_POINT('Origin',(0.,19.5,3.88481180518925E-15));
#8573=CARTESIAN_POINT('',(8.34574419991924,17.3357864376269,-2.9446653034792));
#8574=CARTESIAN_POINT('',(8.34574419991924,11.25,-2.9446653034792));
#8575=CARTESIAN_POINT('',(8.34574419991924,17.3357864376269,2.94466530347921));
#8576=CARTESIAN_POINT('Origin',(0.,17.3357864376269,3.44548430110772E-15));
#8577=CARTESIAN_POINT('',(8.34574419991924,19.5,2.94466530347922));
#8578=CARTESIAN_POINT('',(8.34574419991924,11.25,2.94466530347921));
#8579=CARTESIAN_POINT('',(7.98352512222608,19.5,3.81913951339632));
#8580=CARTESIAN_POINT('Origin',(0.,19.5,4.25488614673096E-15));
#8581=CARTESIAN_POINT('',(7.98352512222608,17.3357864376269,3.81913951339631));
#8582=CARTESIAN_POINT('',(7.98352512222608,11.25,3.81913951339631));
#8583=CARTESIAN_POINT('',(6.58358762437836,17.3357864376269,5.91429404004672));
#8584=CARTESIAN_POINT('Origin',(0.,17.3357864376269,3.44548430110772E-15));
#8585=CARTESIAN_POINT('',(6.58358762437836,19.5,5.91429404004672));
#8586=CARTESIAN_POINT('',(6.58358762437836,11.25,5.91429404004672));
#8587=CARTESIAN_POINT('',(5.91429404004671,19.5,6.58358762437837));
#8588=CARTESIAN_POINT('Origin',(0.,19.5,4.25488614673096E-15));
#8589=CARTESIAN_POINT('',(5.91429404004671,17.3357864376269,6.58358762437837));
#8590=CARTESIAN_POINT('',(5.91429404004671,11.25,6.58358762437837));
#8591=CARTESIAN_POINT('',(3.81913951339631,17.3357864376269,7.98352512222609));
#8592=CARTESIAN_POINT('Origin',(0.,17.3357864376269,3.44548430110772E-15));
#8593=CARTESIAN_POINT('',(3.81913951339631,19.5,7.98352512222609));
#8594=CARTESIAN_POINT('',(3.81913951339631,11.25,7.98352512222609));
#8595=CARTESIAN_POINT('',(2.94466530347921,19.5,8.34574419991925));
#8596=CARTESIAN_POINT('Origin',(0.,19.5,3.51473746364753E-15));
#8597=CARTESIAN_POINT('',(2.94466530347921,17.3357864376269,8.34574419991925));
#8598=CARTESIAN_POINT('',(2.94466530347921,11.25,8.34574419991925));
#8599=CARTESIAN_POINT('',(1.08381241724541E-15,17.3357864376269,8.85));
#8600=CARTESIAN_POINT('Origin',(0.,17.3357864376269,3.44548430110772E-15));
#8601=CARTESIAN_POINT('',(1.08381241724541E-15,17.3075239857375,8.85));
#8602=CARTESIAN_POINT('',(1.08381241724541E-15,11.25,8.85));
#8603=CARTESIAN_POINT('',(2.44117885566738,17.3075239857375,8.50665303128337));
#8604=CARTESIAN_POINT('Origin',(0.,17.3075239857375,3.43973447457003E-15));
#8605=CARTESIAN_POINT('',(2.44117885566738,10.,8.50665303128337));
#8606=CARTESIAN_POINT('',(4.28893792068995,17.3075239857375,7.74128616655319));
#8607=CARTESIAN_POINT('',(4.28893792068995,10.,7.74128616655319));
#8608=CARTESIAN_POINT('',(5.51071035990083,17.3075239857375,6.92492392227393));
#8609=CARTESIAN_POINT('Origin',(0.,17.3075239857375,3.43973447457003E-15));
#8610=CARTESIAN_POINT('',(5.51071035990083,10.,6.92492392227393));
#8611=CARTESIAN_POINT('',(6.92492392227392,17.3075239857375,5.51071035990083));
#8612=CARTESIAN_POINT('',(6.92492392227392,10.,5.51071035990083));
#8613=CARTESIAN_POINT('',(7.74128616655319,17.3075239857375,4.28893792068996));
#8614=CARTESIAN_POINT('Origin',(0.,17.3075239857375,3.43973447457003E-15));
#8615=CARTESIAN_POINT('',(7.74128616655319,10.,4.28893792068996));
#8616=CARTESIAN_POINT('',(8.50665303128337,17.3075239857375,2.44117885566739));
#8617=CARTESIAN_POINT('',(8.50665303128337,10.,2.44117885566738));
#8618=CARTESIAN_POINT('',(8.50665303128337,17.3075239857375,-2.44117885566737));
#8619=CARTESIAN_POINT('Origin',(0.,17.3075239857375,3.43973447457003E-15));
#8620=CARTESIAN_POINT('',(8.50665303128337,10.,-2.44117885566738));
#8621=CARTESIAN_POINT('',(7.74128616655319,17.3075239857375,-4.28893792068995));
#8622=CARTESIAN_POINT('',(7.74128616655319,10.,-4.28893792068995));
#8623=CARTESIAN_POINT('',(6.92492392227392,17.3075239857375,-5.51071035990083));
#8624=CARTESIAN_POINT('Origin',(0.,17.3075239857375,3.43973447457003E-15));
#8625=CARTESIAN_POINT('',(6.92492392227392,10.,-5.51071035990083));
#8626=CARTESIAN_POINT('',(5.51071035990083,17.3075239857375,-6.92492392227392));
#8627=CARTESIAN_POINT('',(5.51071035990083,10.,-6.92492392227392));
#8628=CARTESIAN_POINT('',(4.28893792068995,17.3075239857375,-7.74128616655318));
#8629=CARTESIAN_POINT('Origin',(0.,17.3075239857375,3.43973447457003E-15));
#8630=CARTESIAN_POINT('',(4.28893792068995,10.,-7.74128616655319));
#8631=CARTESIAN_POINT('',(2.44117885566738,17.3075239857375,-8.50665303128336));
#8632=CARTESIAN_POINT('',(2.44117885566738,10.,-8.50665303128337));
#8633=CARTESIAN_POINT('',(-1.08381241724541E-15,17.3075239857375,-8.84999999999998));
#8634=CARTESIAN_POINT('Origin',(0.,17.3075239857375,3.43973447457003E-15));
#8635=CARTESIAN_POINT('',(-2.44117885566738,17.3075239857375,-8.50665303128336));
#8636=CARTESIAN_POINT('Origin',(0.,17.3075239857375,3.43973447457003E-15));
#8637=CARTESIAN_POINT('',(-2.44117885566738,10.,-8.50665303128337));
#8638=CARTESIAN_POINT('',(-4.28893792068995,17.3075239857375,-7.74128616655319));
#8639=CARTESIAN_POINT('',(-4.28893792068995,10.,-7.74128616655319));
#8640=CARTESIAN_POINT('',(-5.51071035990083,17.3075239857375,-6.92492392227392));
#8641=CARTESIAN_POINT('Origin',(0.,17.3075239857375,3.43973447457003E-15));
#8642=CARTESIAN_POINT('',(-5.51071035990083,10.,-6.92492392227392));
#8643=CARTESIAN_POINT('',(-6.92492392227392,17.3075239857375,-5.51071035990083));
#8644=CARTESIAN_POINT('',(-6.92492392227392,10.,-5.51071035990083));
#8645=CARTESIAN_POINT('',(-7.74128616655319,17.3075239857375,-4.28893792068995));
#8646=CARTESIAN_POINT('Origin',(0.,17.3075239857375,3.43973447457003E-15));
#8647=CARTESIAN_POINT('',(-7.74128616655319,10.,-4.28893792068995));
#8648=CARTESIAN_POINT('',(-8.50665303128337,17.3075239857375,-2.44117885566738));
#8649=CARTESIAN_POINT('',(-8.50665303128337,10.,-2.44117885566738));
#8650=CARTESIAN_POINT('',(-8.50665303128337,17.3075239857375,2.44117885566738));
#8651=CARTESIAN_POINT('Origin',(0.,17.3075239857375,3.43973447457003E-15));
#8652=CARTESIAN_POINT('',(-8.50665303128337,10.,2.44117885566738));
#8653=CARTESIAN_POINT('',(-7.74128616655319,17.3075239857375,4.28893792068995));
#8654=CARTESIAN_POINT('',(-7.74128616655319,10.,4.28893792068995));
#8655=CARTESIAN_POINT('',(-6.92492392227393,17.3075239857375,5.51071035990083));
#8656=CARTESIAN_POINT('Origin',(0.,17.3075239857375,3.43973447457003E-15));
#8657=CARTESIAN_POINT('',(-6.92492392227393,10.,5.51071035990083));
#8658=CARTESIAN_POINT('',(-5.51071035990083,17.3075239857375,6.92492392227393));
#8659=CARTESIAN_POINT('',(-5.51071035990083,10.,6.92492392227393));
#8660=CARTESIAN_POINT('',(-4.28893792068996,17.3075239857375,7.74128616655319));
#8661=CARTESIAN_POINT('Origin',(0.,17.3075239857375,3.43973447457003E-15));
#8662=CARTESIAN_POINT('',(-4.28893792068996,10.,7.74128616655319));
#8663=CARTESIAN_POINT('',(-2.44117885566738,17.3075239857375,8.50665303128337));
#8664=CARTESIAN_POINT('',(-2.44117885566738,10.,8.50665303128337));
#8665=CARTESIAN_POINT('Origin',(0.,17.3075239857375,3.43973447457003E-15));
#8666=CARTESIAN_POINT('',(-2.94466530347921,17.3357864376269,8.34574419991925));
#8667=CARTESIAN_POINT('Origin',(0.,17.3357864376269,3.44548430110772E-15));
#8668=CARTESIAN_POINT('',(-2.94466530347921,19.5,8.34574419991925));
#8669=CARTESIAN_POINT('',(-2.94466530347921,11.25,8.34574419991924));
#8670=CARTESIAN_POINT('',(-3.81913951339631,19.5,7.98352512222609));
#8671=CARTESIAN_POINT('Origin',(0.,19.5,4.25488614673096E-15));
#8672=CARTESIAN_POINT('',(-3.81913951339631,17.3357864376269,7.98352512222609));
#8673=CARTESIAN_POINT('',(-3.81913951339631,11.25,7.98352512222608));
#8674=CARTESIAN_POINT('',(-5.91429404004671,17.3357864376269,6.58358762437836));
#8675=CARTESIAN_POINT('Origin',(0.,17.3357864376269,3.44548430110772E-15));
#8676=CARTESIAN_POINT('',(-5.91429404004671,19.5,6.58358762437837));
#8677=CARTESIAN_POINT('',(-5.91429404004671,11.25,6.58358762437836));
#8678=CARTESIAN_POINT('',(-6.58358762437836,19.5,5.91429404004671));
#8679=CARTESIAN_POINT('Origin',(0.,19.5,4.25488614673096E-15));
#8680=CARTESIAN_POINT('',(-6.58358762437836,17.3357864376269,5.91429404004671));
#8681=CARTESIAN_POINT('',(-6.58358762437836,11.25,5.91429404004671));
#8682=CARTESIAN_POINT('',(-7.98352512222608,17.3357864376269,3.81913951339631));
#8683=CARTESIAN_POINT('Origin',(0.,17.3357864376269,3.44548430110772E-15));
#8684=CARTESIAN_POINT('',(-7.98352512222609,19.5,3.81913951339631));
#8685=CARTESIAN_POINT('',(-7.98352512222608,11.25,3.81913951339631));
#8686=CARTESIAN_POINT('',(-8.34574419991925,19.5,2.94466530347921));
#8687=CARTESIAN_POINT('Origin',(0.,19.5,3.88481180518925E-15));
#8688=CARTESIAN_POINT('',(-8.34574419991924,17.3357864376269,2.94466530347921));
#8689=CARTESIAN_POINT('',(-8.34574419991924,11.25,2.94466530347921));
#8690=CARTESIAN_POINT('',(-8.34574419991924,17.3357864376269,-2.9446653034792));
#8691=CARTESIAN_POINT('Origin',(0.,17.3357864376269,3.44548430110772E-15));
#8692=CARTESIAN_POINT('',(-8.34574419991925,19.5,-2.9446653034792));
#8693=CARTESIAN_POINT('',(-8.34574419991924,11.25,-2.9446653034792));
#8694=CARTESIAN_POINT('',(-7.98352512222609,19.5,-3.8191395133963));
#8695=CARTESIAN_POINT('Origin',(0.,19.5,4.25488614673096E-15));
#8696=CARTESIAN_POINT('',(-7.98352512222608,17.3357864376269,-3.8191395133963));
#8697=CARTESIAN_POINT('',(-7.98352512222608,11.25,-3.8191395133963));
#8698=CARTESIAN_POINT('Origin',(0.,17.3357864376269,3.44548430110772E-15));
#8699=CARTESIAN_POINT('Origin',(0.,11.25,2.20736750576651E-15));
#8700=CARTESIAN_POINT('',(0.999999999999998,15.,8.79332132928168));
#8701=CARTESIAN_POINT('',(0.999999999999998,10.,8.79332132928167));
#8702=CARTESIAN_POINT('',(-1.,15.,8.79332132928168));
#8703=CARTESIAN_POINT('Origin',(0.,15.,3.51473746364752E-15));
#8704=CARTESIAN_POINT('',(-1.,10.,8.79332132928167));
#8705=CARTESIAN_POINT('Origin',(0.,0.500000000000002,1.01722004874033E-16));
#8706=CARTESIAN_POINT('Origin',(0.,0.500000000000002,1.01722004874033E-16));
#8707=CARTESIAN_POINT('Origin',(0.,0.500000000000002,1.01722004874033E-16));
#8708=CARTESIAN_POINT('',(-1.35272444027687,0.5,10.7149492107372));
#8709=CARTESIAN_POINT('',(-1.35272444027687,0.5,10.7149492107372));
#8710=CARTESIAN_POINT('Origin',(0.,0.500000000000003,1.01722004874033E-16));
#8711=CARTESIAN_POINT('Origin',(-1.35272444027687,0.5,10.7149492107372));
#8712=CARTESIAN_POINT('',(-0.75,0.5,11.5757289187334));
#8713=CARTESIAN_POINT('',(-0.750000000000003,5.25,11.5757289187334));
#8714=CARTESIAN_POINT('',(-6.37250635857908,0.500000000000001,3.5459576698338));
#8715=CARTESIAN_POINT('Origin',(10.7149492107372,0.500000000000002,1.35272444027687));
#8716=CARTESIAN_POINT('',(11.5757289187334,0.500000000000002,0.750000000000002));
#8717=CARTESIAN_POINT('',(11.5757289187334,5.25,0.750000000000006));
#8718=CARTESIAN_POINT('',(10.7149492107372,0.500000000000002,1.35272444027687));
#8719=CARTESIAN_POINT('',(10.1629246857573,0.500000000000002,1.73925617394439));
#8720=CARTESIAN_POINT('',(10.7149492107372,0.500000000000002,1.35272444027687));
#8721=CARTESIAN_POINT('Origin',(0.,0.500000000000002,1.01722004874033E-16));
#8722=CARTESIAN_POINT('Origin',(0.,0.500000000000002,1.01722004874033E-16));
#8723=CARTESIAN_POINT('Origin',(0.,0.500000000000002,1.01722004874033E-16));
#8724=CARTESIAN_POINT('Origin',(0.,0.500000000000003,1.01722004874033E-16));
#8725=CARTESIAN_POINT('Origin',(0.,0.500000000000002,1.01722004874033E-16));
#8726=CARTESIAN_POINT('Origin',(0.,0.500000000000002,1.01722004874033E-16));
#8727=CARTESIAN_POINT('Origin',(0.,0.500000000000002,1.01722004874033E-16));
#8728=CARTESIAN_POINT('Origin',(0.,0.500000000000002,1.01722004874033E-16));
#8729=CARTESIAN_POINT('Origin',(0.,0.500000000000002,1.01722004874033E-16));
#8730=CARTESIAN_POINT('Origin',(0.,0.500000000000002,1.01722004874033E-16));
#8731=CARTESIAN_POINT('Origin',(0.,0.500000000000002,1.01722004874033E-16));
#8732=CARTESIAN_POINT('Origin',(0.,0.500000000000002,1.01722004874033E-16));
#8733=CARTESIAN_POINT('Origin',(0.,0.500000000000002,1.01722004874033E-16));
#8734=CARTESIAN_POINT('Origin',(0.,0.500000000000002,1.01722004874033E-16));
#8735=CARTESIAN_POINT('Origin',(0.,0.500000000000002,1.01722004874033E-16));
#8736=CARTESIAN_POINT('Origin',(0.,0.500000000000003,1.01722004874033E-16));
#8737=CARTESIAN_POINT('Origin',(10.4169874995474,0.500000000000003,-2.85067911808293));
#8738=CARTESIAN_POINT('',(10.9815915961906,0.500000000000003,-3.73693002536525));
#8739=CARTESIAN_POINT('',(10.9815915961906,5.25,-3.73693002536524));
#8740=CARTESIAN_POINT('',(10.4169874995474,0.500000000000003,-2.85067911808293));
#8741=CARTESIAN_POINT('',(10.8957373237098,0.500000000000003,-3.60216581211823));
#8742=CARTESIAN_POINT('',(10.4169874995474,0.500000000000003,-2.85067911808293));
#8743=CARTESIAN_POINT('Origin',(0.,0.500000000000002,1.01722004874033E-16));
#8744=CARTESIAN_POINT('Origin',(0.,0.500000000000002,1.01722004874033E-16));
#8745=CARTESIAN_POINT('Origin',(0.,0.500000000000002,1.01722004874033E-16));
#8746=CARTESIAN_POINT('',(-2.85067911808293,0.500000000000004,-10.4169874995474));
#8747=CARTESIAN_POINT('',(-2.85067911808293,0.500000000000004,-10.4169874995474));
#8748=CARTESIAN_POINT('Origin',(0.,0.500000000000003,1.01722004874033E-16));
#8749=CARTESIAN_POINT('Origin',(-2.85067911808293,0.500000000000004,-10.4169874995474));
#8750=CARTESIAN_POINT('',(-3.73693002536525,0.500000000000004,-10.9815915961906));
#8751=CARTESIAN_POINT('',(-3.73693002536524,5.25,-10.9815915961906));
#8752=CARTESIAN_POINT('',(-2.1048654354765,0.500000000000004,-9.94185178225548));
#8753=CARTESIAN_POINT('Origin',(0.,0.500000000000002,1.01722004874033E-16));
#8754=CARTESIAN_POINT('Origin',(0.,0.500000000000002,1.01722004874033E-16));
#8755=CARTESIAN_POINT('Origin',(0.,0.500000000000002,1.01722004874033E-16));
#8756=CARTESIAN_POINT('',(-8.53313387177827,0.500000000000001,6.62009262218517));
#8757=CARTESIAN_POINT('',(-8.53313387177827,0.500000000000001,6.62009262218517));
#8758=CARTESIAN_POINT('Origin',(0.,0.500000000000002,1.01722004874033E-16));
#8759=CARTESIAN_POINT('Origin',(-8.53313387177827,0.500000000000001,6.62009262218517));
#8760=CARTESIAN_POINT('',(-8.7156065015035,0.500000000000001,7.65494632972368));
#8761=CARTESIAN_POINT('',(-8.7156065015035,5.25,7.65494632972367));
#8762=CARTESIAN_POINT('',(-6.84657146419409,0.500000000000003,-2.9448780975976));
#8763=CARTESIAN_POINT('Origin',(-6.62009262218516,0.500000000000004,-8.53313387177827));
#8764=CARTESIAN_POINT('',(-7.65494632972367,0.500000000000004,-8.7156065015035));
#8765=CARTESIAN_POINT('',(-7.65494632972367,5.25,-8.7156065015035));
#8766=CARTESIAN_POINT('',(-6.62009262218516,0.500000000000004,-8.53313387177827));
#8767=CARTESIAN_POINT('',(-3.67208891832598,0.500000000000004,-8.0133212795594));
#8768=CARTESIAN_POINT('',(-6.62009262218516,0.500000000000004,-8.53313387177827));
#8769=CARTESIAN_POINT('Origin',(0.,0.500000000000002,1.01722004874033E-16));
#8770=CARTESIAN_POINT('Origin',(0.,0.500000000000002,1.01722004874033E-16));
#8771=CARTESIAN_POINT('Origin',(0.,0.500000000000002,1.01722004874033E-16));
#8772=CARTESIAN_POINT('',(8.53313387177827,0.500000000000003,-6.62009262218516));
#8773=CARTESIAN_POINT('',(8.53313387177827,0.500000000000003,-6.62009262218516));
#8774=CARTESIAN_POINT('Origin',(0.,0.500000000000002,1.01722004874033E-16));
#8775=CARTESIAN_POINT('Origin',(8.53313387177827,0.500000000000003,-6.62009262218516));
#8776=CARTESIAN_POINT('',(8.7156065015035,0.500000000000004,-7.65494632972367));
#8777=CARTESIAN_POINT('',(8.7156065015035,5.25,-7.65494632972367));
#8778=CARTESIAN_POINT('',(8.83028829548298,0.500000000000004,-8.30533910296065));
#8779=CARTESIAN_POINT('Origin',(0.,5.25,9.86703447278117E-16));
#8780=CARTESIAN_POINT('Origin',(0.,0.500000000000002,2.0344400974807E-17));
#8781=CARTESIAN_POINT('Origin',(0.,5.25,9.86703447278117E-16));
#8782=CARTESIAN_POINT('Origin',(0.,0.500000000000002,2.0344400974807E-17));
#8783=CARTESIAN_POINT('Origin',(0.,5.25,9.86703447278117E-16));
#8784=CARTESIAN_POINT('Origin',(0.,0.500000000000002,2.0344400974807E-17));
#8785=CARTESIAN_POINT('Origin',(0.,5.25,9.86703447278117E-16));
#8786=CARTESIAN_POINT('Origin',(0.,0.500000000000002,2.0344400974807E-17));
#8787=CARTESIAN_POINT('Origin',(0.,5.25,9.86703447278117E-16));
#8788=CARTESIAN_POINT('Origin',(0.,0.500000000000002,2.0344400974807E-17));
#8789=CARTESIAN_POINT('Origin',(0.,5.25,9.86703447278117E-16));
#8790=CARTESIAN_POINT('Origin',(0.,0.500000000000002,2.0344400974807E-17));
#8791=CARTESIAN_POINT('Origin',(0.,5.25,9.86703447278117E-16));
#8792=CARTESIAN_POINT('Origin',(0.,0.500000000000002,2.0344400974807E-17));
#8793=CARTESIAN_POINT('Origin',(0.,5.25,9.86703447278117E-16));
#8794=CARTESIAN_POINT('Origin',(0.,0.500000000000002,2.0344400974807E-17));
#8795=CARTESIAN_POINT('Origin',(0.,5.25,9.86703447278117E-16));
#8796=CARTESIAN_POINT('Origin',(0.,0.500000000000002,2.0344400974807E-17));
#8797=CARTESIAN_POINT('Origin',(0.,5.25,9.86703447278117E-16));
#8798=CARTESIAN_POINT('Origin',(0.,0.500000000000002,2.0344400974807E-17));
#8799=CARTESIAN_POINT('Origin',(0.,5.25,9.86703447278117E-16));
#8800=CARTESIAN_POINT('Origin',(0.,0.500000000000002,2.0344400974807E-17));
#8801=CARTESIAN_POINT('Origin',(0.,5.25,9.86703447278117E-16));
#8802=CARTESIAN_POINT('Origin',(0.,0.500000000000002,2.0344400974807E-17));
#8803=CARTESIAN_POINT('Origin',(0.,5.25,9.86703447278117E-16));
#8804=CARTESIAN_POINT('Origin',(0.,0.500000000000002,2.0344400974807E-17));
#8805=CARTESIAN_POINT('Origin',(0.,5.25,9.86703447278117E-16));
#8806=CARTESIAN_POINT('Origin',(0.,0.500000000000002,2.0344400974807E-17));
#8807=CARTESIAN_POINT('Origin',(0.,5.25,9.86703447278117E-16));
#8808=CARTESIAN_POINT('Origin',(0.,0.500000000000002,2.0344400974807E-17));
#8809=CARTESIAN_POINT('Origin',(0.,5.25,9.86703447278117E-16));
#8810=CARTESIAN_POINT('Origin',(0.,0.500000000000002,2.0344400974807E-17));
#8811=CARTESIAN_POINT('Origin',(0.,0.500000000000004,-11.6));
#8812=CARTESIAN_POINT('',(1.22464679914735E-15,0.499999999999999,10.));
#8813=CARTESIAN_POINT('Origin',(0.,0.500000000000002,2.0344400974807E-17));
#8814=CARTESIAN_POINT('Origin',(-7.62816678238256,10.,-6.92106000119601));
#8815=CARTESIAN_POINT('',(-7.98172017297583,17.5,-6.56750661060273));
#8816=CARTESIAN_POINT('',(-7.99846614075064,17.5,-7.25703378766183));
#8817=CARTESIAN_POINT('Origin',(-7.62816678238256,17.5,-6.92106000119601));
#8818=CARTESIAN_POINT('',(-7.99846614075064,19.5,-7.25703378766183));
#8819=CARTESIAN_POINT('',(-7.99846614075064,10.,-7.25703378766183));
#8820=CARTESIAN_POINT('',(-7.98172017297583,19.5,-6.56750661060273));
#8821=CARTESIAN_POINT('Origin',(-7.62816678238256,19.5,-6.92106000119601));
#8822=CARTESIAN_POINT('',(-7.98172017297583,10.,-6.56750661060273));
#8823=CARTESIAN_POINT('Origin',(0.,10.,2.03444009748065E-15));
#8824=CARTESIAN_POINT('',(-7.25703378766183,17.5,-7.99846614075064));
#8825=CARTESIAN_POINT('Origin',(0.,17.5,3.787423820573E-15));
#8826=CARTESIAN_POINT('',(-7.25703378766183,19.5,-7.99846614075064));
#8827=CARTESIAN_POINT('',(-7.25703378766183,10.,-7.99846614075064));
#8828=CARTESIAN_POINT('Origin',(0.,19.5,4.25488614673096E-15));
#8829=CARTESIAN_POINT('Origin',(-6.95554172745059,11.25,-6.24843494626404));
#8830=CARTESIAN_POINT('',(-6.9433296739782,17.5,-5.74858410276171));
#8831=CARTESIAN_POINT('',(-7.30909511804386,17.5,-5.89488155567076));
#8832=CARTESIAN_POINT('Origin',(-6.95554172745059,17.5,-6.24843494626404));
#8833=CARTESIAN_POINT('',(-7.30909511804386,19.5,-5.89488155567076));
#8834=CARTESIAN_POINT('',(-7.30909511804386,11.25,-5.89488155567076));
#8835=CARTESIAN_POINT('Origin',(-6.95554172745059,19.5,-6.24843494626404));
#8836=CARTESIAN_POINT('Ctrl Pts',(-6.58358762437836,17.3357864376269,-5.91429404004671));
#8837=CARTESIAN_POINT('Ctrl Pts',(-6.62351640137901,17.3357864376269,-5.8698467061235));
#8838=CARTESIAN_POINT('Ctrl Pts',(-6.67316795905011,17.3478399766674,-5.83162173044745));
#8839=CARTESIAN_POINT('Ctrl Pts',(-6.77773863009473,17.3915903608972,-5.77742089722404));
#8840=CARTESIAN_POINT('Ctrl Pts',(-6.83263175723053,17.423080627324,-5.76122857166817));
#8841=CARTESIAN_POINT('Ctrl Pts',(-6.90234031425908,17.4698973425517,-5.75084224895931));
#8842=CARTESIAN_POINT('Ctrl Pts',(-6.92288871397401,17.4845735322814,-5.74908350393277));
#8843=CARTESIAN_POINT('Ctrl Pts',(-6.9433296739782,17.5,-5.74858410276171));
#8844=CARTESIAN_POINT('Origin',(-8.3110531250267,10.,-6.8968395626536));
#8845=CARTESIAN_POINT('',(-5.25907995310662,19.5,-3.84486639073352));
#8846=CARTESIAN_POINT('',(-7.40907995310662,17.5,-5.99486639073352));
#8847=CARTESIAN_POINT('Origin',(-6.24843494626404,11.25,-6.95554172745059));
#8848=CARTESIAN_POINT('',(-5.74858410276171,17.5,-6.9433296739782));
#8849=CARTESIAN_POINT('Ctrl Pts',(-5.74858410276171,17.5,-6.94332967397819));
#8850=CARTESIAN_POINT('Ctrl Pts',(-5.74908350393277,17.4845735322814,-6.92288871397401));
#8851=CARTESIAN_POINT('Ctrl Pts',(-5.75084224895931,17.4698973425517,-6.90234031425908));
#8852=CARTESIAN_POINT('Ctrl Pts',(-5.76122857166817,17.423080627324,-6.83263175723052));
#8853=CARTESIAN_POINT('Ctrl Pts',(-5.77742089722404,17.3915903608972,-6.77773863009472));
#8854=CARTESIAN_POINT('Ctrl Pts',(-5.83162173044746,17.3478399766675,-6.6731679590501));
#8855=CARTESIAN_POINT('Ctrl Pts',(-5.8698467061235,17.3357864376269,-6.623516401379));
#8856=CARTESIAN_POINT('Ctrl Pts',(-5.91429404004671,17.3357864376269,-6.58358762437836));
#8857=CARTESIAN_POINT('',(-5.89488155567077,19.5,-7.30909511804386));
#8858=CARTESIAN_POINT('Origin',(-6.24843494626404,19.5,-6.95554172745058));
#8859=CARTESIAN_POINT('',(-5.89488155567077,17.5,-7.30909511804386));
#8860=CARTESIAN_POINT('',(-5.89488155567077,11.25,-7.30909511804386));
#8861=CARTESIAN_POINT('Origin',(-6.24843494626404,17.5,-6.95554172745058));
#8862=CARTESIAN_POINT('Origin',(-6.92106000119601,10.,-7.62816678238256));
#8863=CARTESIAN_POINT('',(-6.56750661060274,17.5,-7.98172017297583));
#8864=CARTESIAN_POINT('Origin',(-6.92106000119601,17.5,-7.62816678238255));
#8865=CARTESIAN_POINT('',(-6.56750661060274,19.5,-7.98172017297583));
#8866=CARTESIAN_POINT('',(-6.56750661060274,10.,-7.98172017297583));
#8867=CARTESIAN_POINT('Origin',(-6.92106000119601,19.5,-7.62816678238255));
#8868=CARTESIAN_POINT('Origin',(-5.51071035990083,10.,-6.92492392227392));
#8869=CARTESIAN_POINT('',(-3.15180178935714,19.5,-4.56601535173023));
#8870=CARTESIAN_POINT('',(-5.30180178935714,17.5,-6.71601535173023));
#8871=CARTESIAN_POINT('Origin',(-4.3989321639633,10.,-9.31339872532305));
#8872=CARTESIAN_POINT('',(-4.86087193021895,17.5,-9.12205700914051));
#8873=CARTESIAN_POINT('',(-4.6124725602722,17.5,-9.76550545956204));
#8874=CARTESIAN_POINT('Origin',(-4.3989321639633,17.5,-9.31339872532305));
#8875=CARTESIAN_POINT('',(-4.6124725602722,19.5,-9.76550545956204));
#8876=CARTESIAN_POINT('',(-4.6124725602722,10.,-9.76550545956204));
#8877=CARTESIAN_POINT('',(-4.86087193021895,19.5,-9.12205700914051));
#8878=CARTESIAN_POINT('Origin',(-4.3989321639633,19.5,-9.31339872532305));
#8879=CARTESIAN_POINT('',(-4.86087193021894,10.,-9.12205700914051));
#8880=CARTESIAN_POINT('Origin',(0.,10.,2.03444009748065E-15));
#8881=CARTESIAN_POINT('',(-3.64374450676522,17.5,-10.1667657575759));
#8882=CARTESIAN_POINT('Origin',(0.,17.5,3.20309591287555E-15));
#8883=CARTESIAN_POINT('',(-3.64374450676522,19.5,-10.1667657575759));
#8884=CARTESIAN_POINT('',(-3.64374450676522,10.,-10.1667657575759));
#8885=CARTESIAN_POINT('Origin',(0.,19.5,3.51473746364753E-15));
#8886=CARTESIAN_POINT('Origin',(-4.0349101073735,11.25,-8.434571739301));
#8887=CARTESIAN_POINT('',(-4.21491227758248,17.5,-7.96809642514166));
#8888=CARTESIAN_POINT('',(-4.49684987362914,17.5,-8.24323002311846));
#8889=CARTESIAN_POINT('Origin',(-4.0349101073735,17.5,-8.434571739301));
#8890=CARTESIAN_POINT('',(-4.49684987362914,19.5,-8.24323002311846));
#8891=CARTESIAN_POINT('',(-4.49684987362914,11.25,-8.24323002311846));
#8892=CARTESIAN_POINT('Origin',(-4.0349101073735,19.5,-8.434571739301));
#8893=CARTESIAN_POINT('Ctrl Pts',(-3.81913951339631,17.3357864376269,-7.98352512222608));
#8894=CARTESIAN_POINT('Ctrl Pts',(-3.87303815153062,17.3357864376269,-7.95774122157248));
#8895=CARTESIAN_POINT('Ctrl Pts',(-3.93353827431403,17.3478399766674,-7.94142677742649));
#8896=CARTESIAN_POINT('Ctrl Pts',(-4.05089073788811,17.3915903608972,-7.93136920028639));
#8897=CARTESIAN_POINT('Ctrl Pts',(-4.10780190924611,17.423080627324,-7.93741613242715));
#8898=CARTESIAN_POINT('Ctrl Pts',(-4.17617889194957,17.4698973425517,-7.95449673132728));
#8899=CARTESIAN_POINT('Ctrl Pts',(-4.19583618045546,17.4845735322814,-7.96073539492687));
#8900=CARTESIAN_POINT('Ctrl Pts',(-4.21491227758248,17.5,-7.96809642514166));
#8901=CARTESIAN_POINT('Origin',(-5.03910563951851,10.,-9.55235124740358));
#8902=CARTESIAN_POINT('',(-3.51182267190481,19.5,-5.86516399340915));
#8903=CARTESIAN_POINT('',(-5.03210225145588,17.5,-9.53544357296023));
#8904=CARTESIAN_POINT('Origin',(-3.11103057486221,11.25,-8.81725517166609));
#8905=CARTESIAN_POINT('',(-2.65390196178095,17.5,-8.61468806895097));
#8906=CARTESIAN_POINT('Ctrl Pts',(-2.65390196178095,17.5,-8.61468806895096));
#8907=CARTESIAN_POINT('Ctrl Pts',(-2.66218576503664,17.4845735322814,-8.59599419693248));
#8908=CARTESIAN_POINT('Ctrl Pts',(-2.67167416570209,17.4698973425517,-8.57768299359341));
#8909=CARTESIAN_POINT('Ctrl Pts',(-2.70794618653977,17.423080627324,-8.51725535813771));
#8910=CARTESIAN_POINT('Ctrl Pts',(-2.74391263501017,17.3915903608972,-8.47273725622309));
#8911=CARTESIAN_POINT('Ctrl Pts',(-2.83400513879042,17.3478399766674,-8.39686831443898));
#8912=CARTESIAN_POINT('Ctrl Pts',(-2.88832123996011,17.3357864376269,-8.36562432144313));
#8913=CARTESIAN_POINT('Ctrl Pts',(-2.94466530347921,17.3357864376269,-8.34574419991924));
#8914=CARTESIAN_POINT('',(-2.64909080860657,19.5,-9.00859688784864));
#8915=CARTESIAN_POINT('Origin',(-3.11103057486221,19.5,-8.81725517166609));
#8916=CARTESIAN_POINT('',(-2.64909080860657,17.5,-9.00859688784864));
#8917=CARTESIAN_POINT('',(-2.64909080860657,11.25,-9.00859688784864));
#8918=CARTESIAN_POINT('Origin',(-3.11103057486221,17.5,-8.81725517166609));
#8919=CARTESIAN_POINT('Origin',(-3.47505263145201,10.,-9.69608215768814));
#8920=CARTESIAN_POINT('',(-3.01311286519637,17.5,-9.88742387387069));
#8921=CARTESIAN_POINT('Origin',(-3.47505263145201,17.5,-9.69608215768814));
#8922=CARTESIAN_POINT('',(-3.01311286519637,19.5,-9.88742387387068));
#8923=CARTESIAN_POINT('',(-3.01311286519637,10.,-9.88742387387069));
#8924=CARTESIAN_POINT('Origin',(-3.47505263145201,19.5,-9.69608215768814));
#8925=CARTESIAN_POINT('Origin',(-2.44117885566738,10.,-8.50665303128337));
#8926=CARTESIAN_POINT('',(-1.28897974746796,19.5,-5.72499831771414));
#8927=CARTESIAN_POINT('',(-2.80925932701903,17.5,-9.39527789726521));
#8928=CARTESIAN_POINT('Origin',(4.0349101073735,11.25,-8.434571739301));
#8929=CARTESIAN_POINT('',(4.21491227758248,17.5,-7.96809642514166));
#8930=CARTESIAN_POINT('Ctrl Pts',(4.21491227758248,17.5,-7.96809642514166));
#8931=CARTESIAN_POINT('Ctrl Pts',(4.19583618045546,17.4845735322814,-7.96073539492687));
#8932=CARTESIAN_POINT('Ctrl Pts',(4.17617889194957,17.4698973425517,-7.95449673132728));
#8933=CARTESIAN_POINT('Ctrl Pts',(4.10780190924611,17.423080627324,-7.93741613242715));
#8934=CARTESIAN_POINT('Ctrl Pts',(4.05089073788811,17.3915903608972,-7.93136920028639));
#8935=CARTESIAN_POINT('Ctrl Pts',(3.93353827431403,17.3478399766674,-7.94142677742649));
#8936=CARTESIAN_POINT('Ctrl Pts',(3.87303815153062,17.3357864376269,-7.95774122157248));
#8937=CARTESIAN_POINT('Ctrl Pts',(3.81913951339631,17.3357864376269,-7.98352512222608));
#8938=CARTESIAN_POINT('',(4.49684987362914,19.5,-8.24323002311846));
#8939=CARTESIAN_POINT('Origin',(4.0349101073735,19.5,-8.434571739301));
#8940=CARTESIAN_POINT('',(4.49684987362914,17.5,-8.24323002311846));
#8941=CARTESIAN_POINT('',(4.49684987362914,11.25,-8.24323002311846));
#8942=CARTESIAN_POINT('Origin',(4.0349101073735,17.5,-8.434571739301));
#8943=CARTESIAN_POINT('Origin',(3.11103057486221,11.25,-8.81725517166609));
#8944=CARTESIAN_POINT('',(2.65390196178095,17.5,-8.61468806895096));
#8945=CARTESIAN_POINT('',(2.64909080860657,17.5,-9.00859688784864));
#8946=CARTESIAN_POINT('Origin',(3.11103057486221,17.5,-8.81725517166609));
#8947=CARTESIAN_POINT('',(2.64909080860657,19.5,-9.00859688784863));
#8948=CARTESIAN_POINT('',(2.64909080860657,11.25,-9.00859688784864));
#8949=CARTESIAN_POINT('Origin',(3.11103057486221,19.5,-8.81725517166609));
#8950=CARTESIAN_POINT('Ctrl Pts',(2.94466530347921,17.3357864376269,-8.34574419991924));
#8951=CARTESIAN_POINT('Ctrl Pts',(2.88832123996011,17.3357864376269,-8.36562432144313));
#8952=CARTESIAN_POINT('Ctrl Pts',(2.83400513879042,17.3478399766674,-8.39686831443898));
#8953=CARTESIAN_POINT('Ctrl Pts',(2.74391263501017,17.3915903608972,-8.47273725622309));
#8954=CARTESIAN_POINT('Ctrl Pts',(2.70794618653977,17.423080627324,-8.51725535813771));
#8955=CARTESIAN_POINT('Ctrl Pts',(2.67167416570209,17.4698973425517,-8.5776829935934));
#8956=CARTESIAN_POINT('Ctrl Pts',(2.66218576503664,17.4845735322814,-8.59599419693248));
#8957=CARTESIAN_POINT('Ctrl Pts',(2.65390196178095,17.5,-8.61468806895097));
#8958=CARTESIAN_POINT('Origin',(3.19134657449594,10.,-10.3177181121338));
#8959=CARTESIAN_POINT('',(3.01311286519637,17.5,-9.88742387387069));
#8960=CARTESIAN_POINT('',(3.18434318643331,17.5,-10.3008104376904));
#8961=CARTESIAN_POINT('',(3.01311286519637,19.5,-9.88742387387068));
#8962=CARTESIAN_POINT('',(3.01311286519637,10.,-9.88742387387069));
#8963=CARTESIAN_POINT('',(1.66406360688224,19.5,-6.63053085813933));
#8964=CARTESIAN_POINT('Origin',(3.47505263145202,10.,-9.69608215768814));
#8965=CARTESIAN_POINT('',(3.64374450676522,17.5,-10.1667657575759));
#8966=CARTESIAN_POINT('Origin',(3.47505263145202,17.5,-9.69608215768814));
#8967=CARTESIAN_POINT('',(3.64374450676522,19.5,-10.1667657575759));
#8968=CARTESIAN_POINT('',(3.64374450676522,10.,-10.1667657575759));
#8969=CARTESIAN_POINT('Origin',(3.47505263145202,19.5,-9.69608215768814));
#8970=CARTESIAN_POINT('Origin',(0.,10.,2.03444009748065E-15));
#8971=CARTESIAN_POINT('',(4.6124725602722,17.5,-9.76550545956203));
#8972=CARTESIAN_POINT('Origin',(0.,17.5,3.787423820573E-15));
#8973=CARTESIAN_POINT('',(4.6124725602722,19.5,-9.76550545956203));
#8974=CARTESIAN_POINT('',(4.6124725602722,10.,-9.76550545956204));
#8975=CARTESIAN_POINT('Origin',(0.,19.5,4.25488614673096E-15));
#8976=CARTESIAN_POINT('Origin',(4.3989321639633,10.,-9.31339872532305));
#8977=CARTESIAN_POINT('',(4.86087193021895,17.5,-9.12205700914051));
#8978=CARTESIAN_POINT('Origin',(4.3989321639633,17.5,-9.31339872532305));
#8979=CARTESIAN_POINT('',(4.86087193021895,19.5,-9.12205700914051));
#8980=CARTESIAN_POINT('',(4.86087193021895,10.,-9.12205700914051));
#8981=CARTESIAN_POINT('Origin',(4.3989321639633,19.5,-9.31339872532305));
#8982=CARTESIAN_POINT('Origin',(4.28893792068995,10.,-7.74128616655319));
#8983=CARTESIAN_POINT('',(3.13673881249053,19.5,-4.95963145298396));
#8984=CARTESIAN_POINT('',(4.65701839204161,17.5,-8.62991103253503));
#8985=CARTESIAN_POINT('Origin',(6.95554172745059,11.25,-6.24843494626404));
#8986=CARTESIAN_POINT('',(6.9433296739782,17.5,-5.74858410276171));
#8987=CARTESIAN_POINT('Ctrl Pts',(6.9433296739782,17.5,-5.74858410276171));
#8988=CARTESIAN_POINT('Ctrl Pts',(6.92288871397401,17.4845735322814,-5.74908350393277));
#8989=CARTESIAN_POINT('Ctrl Pts',(6.90234031425908,17.4698973425517,-5.75084224895931));
#8990=CARTESIAN_POINT('Ctrl Pts',(6.83263175723053,17.423080627324,-5.76122857166817));
#8991=CARTESIAN_POINT('Ctrl Pts',(6.77773863009473,17.3915903608972,-5.77742089722404));
#8992=CARTESIAN_POINT('Ctrl Pts',(6.67316795905011,17.3478399766674,-5.83162173044745));
#8993=CARTESIAN_POINT('Ctrl Pts',(6.62351640137901,17.3357864376269,-5.8698467061235));
#8994=CARTESIAN_POINT('Ctrl Pts',(6.58358762437836,17.3357864376269,-5.91429404004671));
#8995=CARTESIAN_POINT('',(7.30909511804386,19.5,-5.89488155567076));
#8996=CARTESIAN_POINT('Origin',(6.95554172745059,19.5,-6.24843494626404));
#8997=CARTESIAN_POINT('',(7.30909511804386,17.5,-5.89488155567076));
#8998=CARTESIAN_POINT('',(7.30909511804386,11.25,-5.89488155567076));
#8999=CARTESIAN_POINT('Origin',(6.95554172745059,17.5,-6.24843494626404));
#9000=CARTESIAN_POINT('Origin',(6.24843494626404,11.25,-6.95554172745058));
#9001=CARTESIAN_POINT('',(5.74858410276171,17.5,-6.9433296739782));
#9002=CARTESIAN_POINT('',(5.89488155567077,17.5,-7.30909511804386));
#9003=CARTESIAN_POINT('Origin',(6.24843494626404,17.5,-6.95554172745058));
#9004=CARTESIAN_POINT('',(5.89488155567077,19.5,-7.30909511804386));
#9005=CARTESIAN_POINT('',(5.89488155567077,11.25,-7.30909511804386));
#9006=CARTESIAN_POINT('Origin',(6.24843494626404,19.5,-6.95554172745058));
#9007=CARTESIAN_POINT('Ctrl Pts',(5.91429404004671,17.3357864376269,-6.58358762437836));
#9008=CARTESIAN_POINT('Ctrl Pts',(5.8698467061235,17.3357864376269,-6.623516401379));
#9009=CARTESIAN_POINT('Ctrl Pts',(5.83162173044746,17.3478399766674,-6.6731679590501));
#9010=CARTESIAN_POINT('Ctrl Pts',(5.77742089722404,17.3915903608972,-6.77773863009472));
#9011=CARTESIAN_POINT('Ctrl Pts',(5.76122857166818,17.423080627324,-6.83263175723052));
#9012=CARTESIAN_POINT('Ctrl Pts',(5.75084224895931,17.4698973425517,-6.90234031425907));
#9013=CARTESIAN_POINT('Ctrl Pts',(5.74908350393277,17.4845735322814,-6.92288871397401));
#9014=CARTESIAN_POINT('Ctrl Pts',(5.74858410276171,17.5,-6.94332967397819));
#9015=CARTESIAN_POINT('Origin',(6.8968395626536,10.,-8.3110531250267));
#9016=CARTESIAN_POINT('',(6.56750661060274,17.5,-7.98172017297583));
#9017=CARTESIAN_POINT('',(5.99486639073353,17.5,-7.40907995310662));
#9018=CARTESIAN_POINT('',(6.56750661060274,19.5,-7.98172017297583));
#9019=CARTESIAN_POINT('',(6.56750661060274,10.,-7.98172017297583));
#9020=CARTESIAN_POINT('',(3.84486639073353,19.5,-5.25907995310662));
#9021=CARTESIAN_POINT('Origin',(6.92106000119601,10.,-7.62816678238255));
#9022=CARTESIAN_POINT('',(7.25703378766184,17.5,-7.99846614075064));
#9023=CARTESIAN_POINT('Origin',(6.92106000119601,17.5,-7.62816678238255));
#9024=CARTESIAN_POINT('',(7.25703378766184,19.5,-7.99846614075064));
#9025=CARTESIAN_POINT('',(7.25703378766184,10.,-7.99846614075064));
#9026=CARTESIAN_POINT('Origin',(6.92106000119601,19.5,-7.62816678238255));
#9027=CARTESIAN_POINT('Origin',(0.,10.,2.03444009748065E-15));
#9028=CARTESIAN_POINT('',(7.99846614075064,17.5,-7.25703378766183));
#9029=CARTESIAN_POINT('Origin',(0.,17.5,3.787423820573E-15));
#9030=CARTESIAN_POINT('',(7.99846614075064,19.5,-7.25703378766183));
#9031=CARTESIAN_POINT('',(7.99846614075064,10.,-7.25703378766183));
#9032=CARTESIAN_POINT('Origin',(0.,19.5,4.25488614673096E-15));
#9033=CARTESIAN_POINT('Origin',(7.62816678238256,10.,-6.92106000119601));
#9034=CARTESIAN_POINT('',(7.98172017297583,17.5,-6.56750661060273));
#9035=CARTESIAN_POINT('Origin',(7.62816678238256,17.5,-6.92106000119601));
#9036=CARTESIAN_POINT('',(7.98172017297583,19.5,-6.56750661060273));
#9037=CARTESIAN_POINT('',(7.98172017297583,10.,-6.56750661060273));
#9038=CARTESIAN_POINT('Origin',(7.62816678238256,19.5,-6.92106000119601));
#9039=CARTESIAN_POINT('Origin',(6.92492392227392,10.,-5.51071035990083));
#9040=CARTESIAN_POINT('',(4.56601535173024,19.5,-3.15180178935714));
#9041=CARTESIAN_POINT('',(6.71601535173024,17.5,-5.30180178935714));
#9042=CARTESIAN_POINT('Origin',(9.69608215768814,10.,-3.47505263145201));
#9043=CARTESIAN_POINT('',(10.1667657575759,17.5,-3.64374450676522));
#9044=CARTESIAN_POINT('',(9.88742387387069,17.5,-3.01311286519637));
#9045=CARTESIAN_POINT('Origin',(9.69608215768814,17.5,-3.47505263145201));
#9046=CARTESIAN_POINT('',(9.88742387387069,19.5,-3.01311286519637));
#9047=CARTESIAN_POINT('',(9.88742387387069,10.,-3.01311286519637));
#9048=CARTESIAN_POINT('',(10.1667657575759,19.5,-3.64374450676522));
#9049=CARTESIAN_POINT('Origin',(9.69608215768814,19.5,-3.47505263145201));
#9050=CARTESIAN_POINT('',(10.1667657575759,10.,-3.64374450676522));
#9051=CARTESIAN_POINT('Origin',(8.50665303128337,10.,-2.44117885566738));
#9052=CARTESIAN_POINT('',(9.00859688784864,17.5,-2.64909080860656));
#9053=CARTESIAN_POINT('',(6.49527789726521,17.5,-1.60803999613705));
#9054=CARTESIAN_POINT('',(9.00859688784864,19.5,-2.64909080860656));
#9055=CARTESIAN_POINT('',(9.00859688784864,11.25,-2.64909080860657));
#9056=CARTESIAN_POINT('',(4.97499831771414,19.5,-0.978319575688132));
#9057=CARTESIAN_POINT('Origin',(9.31339872532306,10.,-4.3989321639633));
#9058=CARTESIAN_POINT('',(9.12205700914051,17.5,-4.86087193021894));
#9059=CARTESIAN_POINT('',(9.76550545956204,17.5,-4.6124725602722));
#9060=CARTESIAN_POINT('Origin',(9.31339872532306,17.5,-4.3989321639633));
#9061=CARTESIAN_POINT('',(9.76550545956204,19.5,-4.6124725602722));
#9062=CARTESIAN_POINT('',(9.76550545956204,10.,-4.6124725602722));
#9063=CARTESIAN_POINT('',(9.12205700914051,19.5,-4.86087193021894));
#9064=CARTESIAN_POINT('Origin',(9.31339872532306,19.5,-4.3989321639633));
#9065=CARTESIAN_POINT('',(9.12205700914051,10.,-4.86087193021894));
#9066=CARTESIAN_POINT('Origin',(0.,10.,2.03444009748065E-15));
#9067=CARTESIAN_POINT('Origin',(0.,19.5,3.88481180518925E-15));
#9068=CARTESIAN_POINT('Origin',(0.,17.5,3.49525986672428E-15));
#9069=CARTESIAN_POINT('Origin',(8.434571739301,11.25,-4.0349101073735));
#9070=CARTESIAN_POINT('',(7.96809642514166,17.5,-4.21491227758248));
#9071=CARTESIAN_POINT('',(8.24323002311846,17.5,-4.49684987362914));
#9072=CARTESIAN_POINT('Origin',(8.434571739301,17.5,-4.03491010737349));
#9073=CARTESIAN_POINT('',(8.24323002311846,19.5,-4.49684987362914));
#9074=CARTESIAN_POINT('',(8.24323002311846,11.25,-4.49684987362914));
#9075=CARTESIAN_POINT('Origin',(8.434571739301,19.5,-4.03491010737349));
#9076=CARTESIAN_POINT('Ctrl Pts',(7.98352512222608,17.3357864376269,-3.8191395133963));
#9077=CARTESIAN_POINT('Ctrl Pts',(7.95774122157248,17.3357864376269,-3.87303815153062));
#9078=CARTESIAN_POINT('Ctrl Pts',(7.94142677742649,17.3478399766674,-3.93353827431403));
#9079=CARTESIAN_POINT('Ctrl Pts',(7.9313692002864,17.3915903608972,-4.05089073788811));
#9080=CARTESIAN_POINT('Ctrl Pts',(7.93741613242716,17.423080627324,-4.10780190924611));
#9081=CARTESIAN_POINT('Ctrl Pts',(7.95449673132728,17.4698973425517,-4.17617889194956));
#9082=CARTESIAN_POINT('Ctrl Pts',(7.96073539492687,17.4845735322814,-4.19583618045546));
#9083=CARTESIAN_POINT('Ctrl Pts',(7.96809642514166,17.5,-4.21491227758248));
#9084=CARTESIAN_POINT('Origin',(9.55235124740358,10.,-5.03910563951851));
#9085=CARTESIAN_POINT('',(5.11516399340915,19.5,-3.20116250012498));
#9086=CARTESIAN_POINT('',(6.63544357296023,17.5,-3.83088292057391));
#9087=CARTESIAN_POINT('Origin',(8.8172551716661,11.25,-3.11103057486221));
#9088=CARTESIAN_POINT('',(8.61468806895097,17.5,-2.65390196178095));
#9089=CARTESIAN_POINT('Ctrl Pts',(8.61468806895097,17.5,-2.65390196178095));
#9090=CARTESIAN_POINT('Ctrl Pts',(8.59599419693248,17.4845735322814,-2.66218576503664));
#9091=CARTESIAN_POINT('Ctrl Pts',(8.57768299359341,17.4698973425517,-2.67167416570208));
#9092=CARTESIAN_POINT('Ctrl Pts',(8.51725535813771,17.423080627324,-2.70794618653976));
#9093=CARTESIAN_POINT('Ctrl Pts',(8.4727372562231,17.3915903608972,-2.74391263501017));
#9094=CARTESIAN_POINT('Ctrl Pts',(8.39686831443899,17.3478399766674,-2.83400513879042));
#9095=CARTESIAN_POINT('Ctrl Pts',(8.36562432144314,17.3357864376269,-2.88832123996011));
#9096=CARTESIAN_POINT('Ctrl Pts',(8.34574419991925,17.3357864376269,-2.9446653034792));
#9097=CARTESIAN_POINT('Origin',(8.8172551716661,19.5,-3.11103057486221));
#9098=CARTESIAN_POINT('Origin',(8.8172551716661,17.5,-3.11103057486221));
#9099=CARTESIAN_POINT('Origin',(9.69608215768814,10.,3.47505263145202));
#9100=CARTESIAN_POINT('',(9.88742387387069,17.5,3.01311286519638));
#9101=CARTESIAN_POINT('',(10.1667657575759,17.5,3.64374450676523));
#9102=CARTESIAN_POINT('Origin',(9.69608215768814,17.5,3.47505263145203));
#9103=CARTESIAN_POINT('',(10.1667657575759,19.5,3.64374450676523));
#9104=CARTESIAN_POINT('',(10.1667657575759,10.,3.64374450676523));
#9105=CARTESIAN_POINT('',(9.88742387387069,19.5,3.01311286519638));
#9106=CARTESIAN_POINT('Origin',(9.69608215768814,19.5,3.47505263145203));
#9107=CARTESIAN_POINT('',(9.88742387387069,10.,3.01311286519638));
#9108=CARTESIAN_POINT('Origin',(0.,10.,2.03444009748065E-15));
#9109=CARTESIAN_POINT('',(9.76550545956204,17.5,4.61247256027221));
#9110=CARTESIAN_POINT('Origin',(0.,17.5,3.787423820573E-15));
#9111=CARTESIAN_POINT('',(9.76550545956204,19.5,4.61247256027221));
#9112=CARTESIAN_POINT('',(9.76550545956204,10.,4.61247256027221));
#9113=CARTESIAN_POINT('Origin',(0.,19.5,4.25488614673096E-15));
#9114=CARTESIAN_POINT('Origin',(9.31339872532305,10.,4.39893216396331));
#9115=CARTESIAN_POINT('',(9.12205700914051,17.5,4.86087193021896));
#9116=CARTESIAN_POINT('Origin',(9.31339872532305,17.5,4.39893216396331));
#9117=CARTESIAN_POINT('',(9.12205700914051,19.5,4.86087193021896));
#9118=CARTESIAN_POINT('',(9.12205700914051,10.,4.86087193021895));
#9119=CARTESIAN_POINT('Origin',(9.31339872532305,19.5,4.39893216396331));
#9120=CARTESIAN_POINT('Origin',(7.74128616655319,10.,4.28893792068996));
#9121=CARTESIAN_POINT('',(8.24323002311846,17.5,4.49684987362915));
#9122=CARTESIAN_POINT('',(1.62869170165306,17.5,1.75701839204161));
#9123=CARTESIAN_POINT('',(8.24323002311846,19.5,4.49684987362915));
#9124=CARTESIAN_POINT('',(8.24323002311846,11.25,4.49684987362915));
#9125=CARTESIAN_POINT('',(3.14897128120414,19.5,2.38673881249054));
#9126=CARTESIAN_POINT('Origin',(8.434571739301,11.25,4.03491010737351));
#9127=CARTESIAN_POINT('',(7.96809642514166,17.5,4.2149122775825));
#9128=CARTESIAN_POINT('Ctrl Pts',(7.96809642514166,17.5,4.21491227758249));
#9129=CARTESIAN_POINT('Ctrl Pts',(7.96073539492687,17.4845735322814,4.19583618045548));
#9130=CARTESIAN_POINT('Ctrl Pts',(7.95449673132728,17.4698973425517,4.17617889194958));
#9131=CARTESIAN_POINT('Ctrl Pts',(7.93741613242715,17.423080627324,4.10780190924612));
#9132=CARTESIAN_POINT('Ctrl Pts',(7.93136920028639,17.3915903608972,4.05089073788812));
#9133=CARTESIAN_POINT('Ctrl Pts',(7.94142677742649,17.3478399766674,3.93353827431404));
#9134=CARTESIAN_POINT('Ctrl Pts',(7.95774122157248,17.3357864376269,3.87303815153063));
#9135=CARTESIAN_POINT('Ctrl Pts',(7.98352512222608,17.3357864376269,3.81913951339631));
#9136=CARTESIAN_POINT('Origin',(8.434571739301,19.5,4.03491010737351));
#9137=CARTESIAN_POINT('Origin',(8.434571739301,17.5,4.03491010737351));
#9138=CARTESIAN_POINT('Origin',(8.81725517166609,11.25,3.11103057486222));
#9139=CARTESIAN_POINT('',(8.61468806895097,17.5,2.65390196178096));
#9140=CARTESIAN_POINT('',(9.00859688784864,17.5,2.64909080860658));
#9141=CARTESIAN_POINT('Origin',(8.81725517166609,17.5,3.11103057486222));
#9142=CARTESIAN_POINT('',(9.00859688784864,19.5,2.64909080860658));
#9143=CARTESIAN_POINT('',(9.00859688784864,11.25,2.64909080860658));
#9144=CARTESIAN_POINT('Origin',(8.81725517166609,19.5,3.11103057486222));
#9145=CARTESIAN_POINT('Ctrl Pts',(8.34574419991924,17.3357864376269,2.94466530347922));
#9146=CARTESIAN_POINT('Ctrl Pts',(8.36562432144313,17.3357864376269,2.88832123996012));
#9147=CARTESIAN_POINT('Ctrl Pts',(8.39686831443898,17.3478399766674,2.83400513879044));
#9148=CARTESIAN_POINT('Ctrl Pts',(8.47273725622309,17.3915903608972,2.74391263501018));
#9149=CARTESIAN_POINT('Ctrl Pts',(8.51725535813771,17.423080627324,2.70794618653978));
#9150=CARTESIAN_POINT('Ctrl Pts',(8.57768299359341,17.4698973425517,2.6716741657021));
#9151=CARTESIAN_POINT('Ctrl Pts',(8.59599419693248,17.4845735322814,2.66218576503665));
#9152=CARTESIAN_POINT('Ctrl Pts',(8.61468806895097,17.5,2.65390196178096));
#9153=CARTESIAN_POINT('Origin',(10.3177181121338,10.,3.19134657449594));
#9154=CARTESIAN_POINT('',(4.81987068635951,19.5,0.914063606882242));
#9155=CARTESIAN_POINT('',(3.29959110680843,17.5,0.284343186433319));
#9156=CARTESIAN_POINT('Origin',(7.62816678238255,10.,6.92106000119602));
#9157=CARTESIAN_POINT('',(7.98172017297583,17.5,6.56750661060274));
#9158=CARTESIAN_POINT('',(7.99846614075064,17.5,7.25703378766184));
#9159=CARTESIAN_POINT('Origin',(7.62816678238255,17.5,6.92106000119602));
#9160=CARTESIAN_POINT('',(7.99846614075064,19.5,7.25703378766184));
#9161=CARTESIAN_POINT('',(7.99846614075064,10.,7.25703378766184));
#9162=CARTESIAN_POINT('',(7.98172017297583,19.5,6.56750661060274));
#9163=CARTESIAN_POINT('Origin',(7.62816678238255,19.5,6.92106000119602));
#9164=CARTESIAN_POINT('',(7.98172017297583,10.,6.56750661060274));
#9165=CARTESIAN_POINT('Origin',(0.,10.,2.03444009748065E-15));
#9166=CARTESIAN_POINT('',(7.25703378766183,17.5,7.99846614075065));
#9167=CARTESIAN_POINT('Origin',(0.,17.5,3.787423820573E-15));
#9168=CARTESIAN_POINT('',(7.25703378766183,19.5,7.99846614075065));
#9169=CARTESIAN_POINT('',(7.25703378766183,10.,7.99846614075065));
#9170=CARTESIAN_POINT('Origin',(0.,19.5,4.25488614673096E-15));
#9171=CARTESIAN_POINT('Origin',(6.92106000119601,10.,7.62816678238256));
#9172=CARTESIAN_POINT('',(6.56750661060273,17.5,7.98172017297584));
#9173=CARTESIAN_POINT('Origin',(6.92106000119601,17.5,7.62816678238256));
#9174=CARTESIAN_POINT('',(6.56750661060273,19.5,7.98172017297584));
#9175=CARTESIAN_POINT('',(6.56750661060273,10.,7.98172017297583));
#9176=CARTESIAN_POINT('Origin',(6.92106000119601,19.5,7.62816678238256));
#9177=CARTESIAN_POINT('Origin',(5.51071035990083,10.,6.92492392227393));
#9178=CARTESIAN_POINT('',(5.89488155567076,17.5,7.30909511804387));
#9179=CARTESIAN_POINT('',(-0.498198210642861,17.5,0.916015351730246));
#9180=CARTESIAN_POINT('',(5.89488155567076,19.5,7.30909511804387));
#9181=CARTESIAN_POINT('',(5.89488155567076,11.25,7.30909511804387));
#9182=CARTESIAN_POINT('',(1.65180178935714,19.5,3.06601535173024));
#9183=CARTESIAN_POINT('Origin',(6.24843494626404,11.25,6.95554172745059));
#9184=CARTESIAN_POINT('',(5.74858410276171,17.5,6.94332967397821));
#9185=CARTESIAN_POINT('Ctrl Pts',(5.74858410276171,17.5,6.94332967397821));
#9186=CARTESIAN_POINT('Ctrl Pts',(5.74908350393277,17.4845735322814,6.92288871397402));
#9187=CARTESIAN_POINT('Ctrl Pts',(5.75084224895931,17.4698973425517,6.90234031425909));
#9188=CARTESIAN_POINT('Ctrl Pts',(5.76122857166817,17.423080627324,6.83263175723053));
#9189=CARTESIAN_POINT('Ctrl Pts',(5.77742089722404,17.3915903608972,6.77773863009473));
#9190=CARTESIAN_POINT('Ctrl Pts',(5.83162173044746,17.3478399766674,6.67316795905011));
#9191=CARTESIAN_POINT('Ctrl Pts',(5.8698467061235,17.3357864376269,6.62351640137901));
#9192=CARTESIAN_POINT('Ctrl Pts',(5.91429404004671,17.3357864376269,6.58358762437837));
#9193=CARTESIAN_POINT('Origin',(6.24843494626404,19.5,6.95554172745059));
#9194=CARTESIAN_POINT('Origin',(6.24843494626404,17.5,6.95554172745059));
#9195=CARTESIAN_POINT('Origin',(6.95554172745058,11.25,6.24843494626405));
#9196=CARTESIAN_POINT('',(6.9433296739782,17.5,5.74858410276172));
#9197=CARTESIAN_POINT('',(7.30909511804386,17.5,5.89488155567077));
#9198=CARTESIAN_POINT('Origin',(6.95554172745058,17.5,6.24843494626405));
#9199=CARTESIAN_POINT('',(7.30909511804386,19.5,5.89488155567077));
#9200=CARTESIAN_POINT('',(7.30909511804386,11.25,5.89488155567077));
#9201=CARTESIAN_POINT('Origin',(6.95554172745058,19.5,6.24843494626405));
#9202=CARTESIAN_POINT('Ctrl Pts',(6.58358762437836,17.3357864376269,5.91429404004672));
#9203=CARTESIAN_POINT('Ctrl Pts',(6.623516401379,17.3357864376269,5.86984670612351));
#9204=CARTESIAN_POINT('Ctrl Pts',(6.6731679590501,17.3478399766674,5.83162173044747));
#9205=CARTESIAN_POINT('Ctrl Pts',(6.77773863009472,17.3915903608972,5.77742089722405));
#9206=CARTESIAN_POINT('Ctrl Pts',(6.83263175723052,17.423080627324,5.76122857166818));
#9207=CARTESIAN_POINT('Ctrl Pts',(6.90234031425908,17.4698973425517,5.75084224895932));
#9208=CARTESIAN_POINT('Ctrl Pts',(6.92288871397401,17.4845735322814,5.74908350393278));
#9209=CARTESIAN_POINT('Ctrl Pts',(6.9433296739782,17.5,5.74858410276172));
#9210=CARTESIAN_POINT('Origin',(8.3110531250267,10.,6.89683956265361));
#9211=CARTESIAN_POINT('',(3.75907995310662,19.5,2.34486639073353));
#9212=CARTESIAN_POINT('',(1.60907995310662,17.5,0.194866390733534));
#9213=CARTESIAN_POINT('Origin',(4.3989321639633,10.,9.31339872532306));
#9214=CARTESIAN_POINT('',(4.86087193021895,17.5,9.12205700914051));
#9215=CARTESIAN_POINT('',(4.6124725602722,17.5,9.76550545956204));
#9216=CARTESIAN_POINT('Origin',(4.3989321639633,17.5,9.31339872532306));
#9217=CARTESIAN_POINT('',(4.6124725602722,19.5,9.76550545956204));
#9218=CARTESIAN_POINT('',(4.6124725602722,10.,9.76550545956204));
#9219=CARTESIAN_POINT('',(4.86087193021895,19.5,9.12205700914051));
#9220=CARTESIAN_POINT('Origin',(4.3989321639633,19.5,9.31339872532306));
#9221=CARTESIAN_POINT('',(4.86087193021895,10.,9.12205700914051));
#9222=CARTESIAN_POINT('Origin',(0.,10.,2.03444009748065E-15));
#9223=CARTESIAN_POINT('',(3.64374450676522,17.5,10.1667657575759));
#9224=CARTESIAN_POINT('Origin',(0.,17.5,3.20309591287555E-15));
#9225=CARTESIAN_POINT('',(3.64374450676522,19.5,10.1667657575759));
#9226=CARTESIAN_POINT('',(3.64374450676522,10.,10.1667657575759));
#9227=CARTESIAN_POINT('Origin',(0.,19.5,3.51473746364753E-15));
#9228=CARTESIAN_POINT('Origin',(4.0349101073735,11.25,8.43457173930101));
#9229=CARTESIAN_POINT('',(4.21491227758248,17.5,7.96809642514167));
#9230=CARTESIAN_POINT('',(4.49684987362914,17.5,8.24323002311846));
#9231=CARTESIAN_POINT('Origin',(4.0349101073735,17.5,8.43457173930101));
#9232=CARTESIAN_POINT('',(4.49684987362914,19.5,8.24323002311846));
#9233=CARTESIAN_POINT('',(4.49684987362914,11.25,8.24323002311846));
#9234=CARTESIAN_POINT('Origin',(4.0349101073735,19.5,8.43457173930101));
#9235=CARTESIAN_POINT('Ctrl Pts',(3.81913951339631,17.3357864376269,7.98352512222609));
#9236=CARTESIAN_POINT('Ctrl Pts',(3.87303815153062,17.3357864376269,7.95774122157249));
#9237=CARTESIAN_POINT('Ctrl Pts',(3.93353827431403,17.3478399766674,7.9414267774265));
#9238=CARTESIAN_POINT('Ctrl Pts',(4.05089073788811,17.3915903608972,7.9313692002864));
#9239=CARTESIAN_POINT('Ctrl Pts',(4.10780190924611,17.423080627324,7.93741613242716));
#9240=CARTESIAN_POINT('Ctrl Pts',(4.17617889194957,17.4698973425517,7.95449673132729));
#9241=CARTESIAN_POINT('Ctrl Pts',(4.19583618045546,17.4845735322814,7.96073539492688));
#9242=CARTESIAN_POINT('Ctrl Pts',(4.21491227758248,17.5,7.96809642514167));
#9243=CARTESIAN_POINT('Origin',(5.03910563951851,10.,9.55235124740358));
#9244=CARTESIAN_POINT('',(2.45116250012499,19.5,3.30450382162934));
#9245=CARTESIAN_POINT('',(0.930882920573912,17.5,-0.365775757921737));
#9246=CARTESIAN_POINT('Origin',(3.47505263145202,10.,9.69608215768815));
#9247=CARTESIAN_POINT('',(3.01311286519637,17.5,9.88742387387069));
#9248=CARTESIAN_POINT('Origin',(3.47505263145202,17.5,9.69608215768815));
#9249=CARTESIAN_POINT('',(3.01311286519637,19.5,9.88742387387069));
#9250=CARTESIAN_POINT('',(3.01311286519637,10.,9.88742387387069));
#9251=CARTESIAN_POINT('Origin',(3.47505263145202,19.5,9.69608215768815));
#9252=CARTESIAN_POINT('Origin',(2.44117885566738,10.,8.50665303128337));
#9253=CARTESIAN_POINT('',(2.64909080860657,17.5,9.00859688784864));
#9254=CARTESIAN_POINT('',(-1.29196000386294,17.5,-0.505941433616751));
#9255=CARTESIAN_POINT('',(2.64909080860657,19.5,9.00859688784864));
#9256=CARTESIAN_POINT('',(2.64909080860657,11.25,9.00859688784864));
#9257=CARTESIAN_POINT('',(0.228319575688134,19.5,3.16433814593432));
#9258=CARTESIAN_POINT('Origin',(3.11103057486221,11.25,8.8172551716661));
#9259=CARTESIAN_POINT('',(2.65390196178095,17.5,8.61468806895097));
#9260=CARTESIAN_POINT('Ctrl Pts',(2.65390196178095,17.5,8.61468806895097));
#9261=CARTESIAN_POINT('Ctrl Pts',(2.66218576503664,17.4845735322814,8.59599419693249));
#9262=CARTESIAN_POINT('Ctrl Pts',(2.67167416570209,17.4698973425517,8.57768299359341));
#9263=CARTESIAN_POINT('Ctrl Pts',(2.70794618653977,17.423080627324,8.51725535813772));
#9264=CARTESIAN_POINT('Ctrl Pts',(2.74391263501017,17.3915903608972,8.4727372562231));
#9265=CARTESIAN_POINT('Ctrl Pts',(2.83400513879043,17.3478399766674,8.39686831443899));
#9266=CARTESIAN_POINT('Ctrl Pts',(2.88832123996011,17.3357864376269,8.36562432144314));
#9267=CARTESIAN_POINT('Ctrl Pts',(2.94466530347921,17.3357864376269,8.34574419991925));
#9268=CARTESIAN_POINT('Origin',(3.11103057486221,19.5,8.8172551716661));
#9269=CARTESIAN_POINT('Origin',(3.11103057486221,17.5,8.8172551716661));
#9270=CARTESIAN_POINT('Origin',(-3.11103057486222,11.25,8.81725517166609));
#9271=CARTESIAN_POINT('',(-2.65390196178095,17.5,8.61468806895097));
#9272=CARTESIAN_POINT('',(-2.64909080860657,17.5,9.00859688784864));
#9273=CARTESIAN_POINT('Origin',(-3.11103057486222,17.5,8.8172551716661));
#9274=CARTESIAN_POINT('',(-2.64909080860657,19.5,9.00859688784864));
#9275=CARTESIAN_POINT('',(-2.64909080860657,11.25,9.00859688784864));
#9276=CARTESIAN_POINT('Origin',(-3.11103057486222,19.5,8.8172551716661));
#9277=CARTESIAN_POINT('Ctrl Pts',(-2.94466530347921,17.3357864376269,8.34574419991925));
#9278=CARTESIAN_POINT('Ctrl Pts',(-2.88832123996012,17.3357864376269,8.36562432144314));
#9279=CARTESIAN_POINT('Ctrl Pts',(-2.83400513879043,17.3478399766674,8.39686831443899));
#9280=CARTESIAN_POINT('Ctrl Pts',(-2.74391263501018,17.3915903608972,8.4727372562231));
#9281=CARTESIAN_POINT('Ctrl Pts',(-2.70794618653977,17.423080627324,8.51725535813771));
#9282=CARTESIAN_POINT('Ctrl Pts',(-2.67167416570209,17.4698973425517,8.57768299359341));
#9283=CARTESIAN_POINT('Ctrl Pts',(-2.66218576503664,17.4845735322814,8.59599419693249));
#9284=CARTESIAN_POINT('Ctrl Pts',(-2.65390196178095,17.5,8.61468806895097));
#9285=CARTESIAN_POINT('Origin',(-3.19134657449594,10.,10.3177181121338));
#9286=CARTESIAN_POINT('',(-3.01311286519638,17.5,9.88742387387069));
#9287=CARTESIAN_POINT('',(0.91687614444866,17.5,0.399591106808444));
#9288=CARTESIAN_POINT('',(-3.01311286519638,19.5,9.88742387387069));
#9289=CARTESIAN_POINT('',(-3.01311286519638,10.,9.88742387387069));
#9290=CARTESIAN_POINT('',(-0.603403435102417,19.5,4.06987068635952));
#9291=CARTESIAN_POINT('Origin',(-3.47505263145202,10.,9.69608215768814));
#9292=CARTESIAN_POINT('',(-3.64374450676523,17.5,10.1667657575759));
#9293=CARTESIAN_POINT('Origin',(-3.47505263145202,17.5,9.69608215768815));
#9294=CARTESIAN_POINT('',(-3.64374450676523,19.5,10.1667657575759));
#9295=CARTESIAN_POINT('',(-3.64374450676523,10.,10.1667657575759));
#9296=CARTESIAN_POINT('Origin',(-3.47505263145202,19.5,9.69608215768815));
#9297=CARTESIAN_POINT('Origin',(0.,10.,2.03444009748065E-15));
#9298=CARTESIAN_POINT('',(-4.61247256027221,17.5,9.76550545956204));
#9299=CARTESIAN_POINT('Origin',(0.,17.5,3.787423820573E-15));
#9300=CARTESIAN_POINT('',(-4.61247256027221,19.5,9.76550545956204));
#9301=CARTESIAN_POINT('',(-4.61247256027221,10.,9.76550545956204));
#9302=CARTESIAN_POINT('Origin',(0.,19.5,4.25488614673096E-15));
#9303=CARTESIAN_POINT('Origin',(-4.39893216396331,10.,9.31339872532305));
#9304=CARTESIAN_POINT('',(-4.86087193021895,17.5,9.12205700914051));
#9305=CARTESIAN_POINT('Origin',(-4.39893216396331,17.5,9.31339872532306));
#9306=CARTESIAN_POINT('',(-4.86087193021895,19.5,9.12205700914051));
#9307=CARTESIAN_POINT('',(-4.86087193021895,10.,9.12205700914051));
#9308=CARTESIAN_POINT('Origin',(-4.39893216396331,19.5,9.31339872532306));
#9309=CARTESIAN_POINT('Origin',(-4.28893792068996,10.,7.74128616655319));
#9310=CARTESIAN_POINT('',(-4.49684987362915,17.5,8.24323002311846));
#9311=CARTESIAN_POINT('',(-0.555799061159634,17.5,-1.27130829834693));
#9312=CARTESIAN_POINT('',(-4.49684987362915,19.5,8.24323002311846));
#9313=CARTESIAN_POINT('',(-4.49684987362915,11.25,8.24323002311846));
#9314=CARTESIAN_POINT('',(-2.07607864071071,19.5,2.39897128120414));
#9315=CARTESIAN_POINT('Origin',(-4.0349101073735,11.25,8.434571739301));
#9316=CARTESIAN_POINT('',(-4.21491227758249,17.5,7.96809642514166));
#9317=CARTESIAN_POINT('Ctrl Pts',(-4.21491227758249,17.5,7.96809642514167));
#9318=CARTESIAN_POINT('Ctrl Pts',(-4.19583618045547,17.4845735322814,7.96073539492688));
#9319=CARTESIAN_POINT('Ctrl Pts',(-4.17617889194957,17.4698973425517,7.95449673132728));
#9320=CARTESIAN_POINT('Ctrl Pts',(-4.10780190924611,17.423080627324,7.93741613242716));
#9321=CARTESIAN_POINT('Ctrl Pts',(-4.05089073788811,17.3915903608972,7.9313692002864));
#9322=CARTESIAN_POINT('Ctrl Pts',(-3.93353827431403,17.3478399766674,7.9414267774265));
#9323=CARTESIAN_POINT('Ctrl Pts',(-3.87303815153062,17.3357864376269,7.95774122157248));
#9324=CARTESIAN_POINT('Ctrl Pts',(-3.81913951339631,17.3357864376269,7.98352512222609));
#9325=CARTESIAN_POINT('Origin',(-4.0349101073735,19.5,8.43457173930101));
#9326=CARTESIAN_POINT('Origin',(-4.0349101073735,17.5,8.43457173930101));
#9327=CARTESIAN_POINT('Origin',(-6.24843494626404,11.25,6.95554172745059));
#9328=CARTESIAN_POINT('',(-5.74858410276171,17.5,6.94332967397821));
#9329=CARTESIAN_POINT('',(-5.89488155567077,17.5,7.30909511804386));
#9330=CARTESIAN_POINT('Origin',(-6.24843494626404,17.5,6.95554172745059));
#9331=CARTESIAN_POINT('',(-5.89488155567077,19.5,7.30909511804386));
#9332=CARTESIAN_POINT('',(-5.89488155567077,11.25,7.30909511804386));
#9333=CARTESIAN_POINT('Origin',(-6.24843494626404,19.5,6.95554172745059));
#9334=CARTESIAN_POINT('Ctrl Pts',(-5.91429404004671,17.3357864376269,6.58358762437837));
#9335=CARTESIAN_POINT('Ctrl Pts',(-5.8698467061235,17.3357864376269,6.62351640137901));
#9336=CARTESIAN_POINT('Ctrl Pts',(-5.83162173044746,17.3478399766674,6.67316795905011));
#9337=CARTESIAN_POINT('Ctrl Pts',(-5.77742089722404,17.3915903608972,6.77773863009473));
#9338=CARTESIAN_POINT('Ctrl Pts',(-5.76122857166818,17.423080627324,6.83263175723053));
#9339=CARTESIAN_POINT('Ctrl Pts',(-5.75084224895931,17.4698973425517,6.90234031425908));
#9340=CARTESIAN_POINT('Ctrl Pts',(-5.74908350393277,17.4845735322814,6.92288871397402));
#9341=CARTESIAN_POINT('Ctrl Pts',(-5.74858410276171,17.5,6.94332967397821));
#9342=CARTESIAN_POINT('Origin',(-6.8968395626536,10.,8.3110531250267));
#9343=CARTESIAN_POINT('',(-6.56750661060274,17.5,7.98172017297583));
#9344=CARTESIAN_POINT('',(-0.19486639073353,17.5,1.60907995310663));
#9345=CARTESIAN_POINT('',(-6.56750661060274,19.5,7.98172017297583));
#9346=CARTESIAN_POINT('',(-6.56750661060274,10.,7.98172017297583));
#9347=CARTESIAN_POINT('',(-2.34486639073353,19.5,3.75907995310663));
#9348=CARTESIAN_POINT('Origin',(-6.92106000119601,10.,7.62816678238256));
#9349=CARTESIAN_POINT('',(-7.25703378766184,17.5,7.99846614075065));
#9350=CARTESIAN_POINT('Origin',(-6.92106000119601,17.5,7.62816678238256));
#9351=CARTESIAN_POINT('',(-7.25703378766184,19.5,7.99846614075065));
#9352=CARTESIAN_POINT('',(-7.25703378766184,10.,7.99846614075064));
#9353=CARTESIAN_POINT('Origin',(-6.92106000119601,19.5,7.62816678238256));
#9354=CARTESIAN_POINT('Origin',(0.,10.,2.03444009748065E-15));
#9355=CARTESIAN_POINT('',(-7.99846614075064,17.5,7.25703378766184));
#9356=CARTESIAN_POINT('Origin',(0.,17.5,3.787423820573E-15));
#9357=CARTESIAN_POINT('',(-7.99846614075064,19.5,7.25703378766184));
#9358=CARTESIAN_POINT('',(-7.99846614075064,10.,7.25703378766184));
#9359=CARTESIAN_POINT('Origin',(0.,19.5,4.25488614673096E-15));
#9360=CARTESIAN_POINT('Origin',(-7.62816678238256,10.,6.92106000119601));
#9361=CARTESIAN_POINT('',(-7.98172017297583,17.5,6.56750661060274));
#9362=CARTESIAN_POINT('Origin',(-7.62816678238256,17.5,6.92106000119601));
#9363=CARTESIAN_POINT('',(-7.98172017297583,19.5,6.56750661060274));
#9364=CARTESIAN_POINT('',(-7.98172017297583,10.,6.56750661060274));
#9365=CARTESIAN_POINT('Origin',(-7.62816678238256,19.5,6.92106000119601));
#9366=CARTESIAN_POINT('Origin',(-6.92492392227393,10.,5.51071035990083));
#9367=CARTESIAN_POINT('',(-7.30909511804386,17.5,5.89488155567077));
#9368=CARTESIAN_POINT('',(-0.916015351730238,17.5,-0.498198210642854));
#9369=CARTESIAN_POINT('',(-7.30909511804386,19.5,5.89488155567077));
#9370=CARTESIAN_POINT('',(-7.30909511804386,11.25,5.89488155567077));
#9371=CARTESIAN_POINT('',(-3.06601535173024,19.5,1.65180178935714));
#9372=CARTESIAN_POINT('Origin',(-6.95554172745059,11.25,6.24843494626404));
#9373=CARTESIAN_POINT('',(-6.94332967397821,17.5,5.74858410276172));
#9374=CARTESIAN_POINT('Ctrl Pts',(-6.94332967397821,17.5,5.74858410276172));
#9375=CARTESIAN_POINT('Ctrl Pts',(-6.92288871397401,17.4845735322814,5.74908350393277));
#9376=CARTESIAN_POINT('Ctrl Pts',(-6.90234031425908,17.4698973425517,5.75084224895931));
#9377=CARTESIAN_POINT('Ctrl Pts',(-6.83263175723053,17.423080627324,5.76122857166818));
#9378=CARTESIAN_POINT('Ctrl Pts',(-6.77773863009473,17.3915903608972,5.77742089722404));
#9379=CARTESIAN_POINT('Ctrl Pts',(-6.6731679590501,17.3478399766674,5.83162173044746));
#9380=CARTESIAN_POINT('Ctrl Pts',(-6.62351640137901,17.3357864376269,5.86984670612351));
#9381=CARTESIAN_POINT('Ctrl Pts',(-6.58358762437836,17.3357864376269,5.91429404004671));
#9382=CARTESIAN_POINT('Origin',(-6.95554172745059,19.5,6.24843494626404));
#9383=CARTESIAN_POINT('Origin',(-6.95554172745059,17.5,6.24843494626404));
#9384=CARTESIAN_POINT('Origin',(-8.43457173930101,11.25,4.0349101073735));
#9385=CARTESIAN_POINT('',(-7.96809642514167,17.5,4.21491227758249));
#9386=CARTESIAN_POINT('',(-8.24323002311846,17.5,4.49684987362915));
#9387=CARTESIAN_POINT('Origin',(-8.43457173930101,17.5,4.0349101073735));
#9388=CARTESIAN_POINT('',(-8.24323002311846,19.5,4.49684987362915));
#9389=CARTESIAN_POINT('',(-8.24323002311846,11.25,4.49684987362914));
#9390=CARTESIAN_POINT('Origin',(-8.43457173930101,19.5,4.0349101073735));
#9391=CARTESIAN_POINT('Ctrl Pts',(-7.98352512222609,17.3357864376269,3.81913951339631));
#9392=CARTESIAN_POINT('Ctrl Pts',(-7.95774122157248,17.3357864376269,3.87303815153062));
#9393=CARTESIAN_POINT('Ctrl Pts',(-7.9414267774265,17.3478399766674,3.93353827431403));
#9394=CARTESIAN_POINT('Ctrl Pts',(-7.9313692002864,17.3915903608972,4.05089073788811));
#9395=CARTESIAN_POINT('Ctrl Pts',(-7.93741613242716,17.423080627324,4.10780190924611));
#9396=CARTESIAN_POINT('Ctrl Pts',(-7.95449673132728,17.4698973425517,4.17617889194957));
#9397=CARTESIAN_POINT('Ctrl Pts',(-7.96073539492688,17.4845735322814,4.19583618045547));
#9398=CARTESIAN_POINT('Ctrl Pts',(-7.96809642514167,17.5,4.21491227758249));
#9399=CARTESIAN_POINT('Origin',(-9.55235124740358,10.,5.03910563951851));
#9400=CARTESIAN_POINT('',(-9.12205700914051,17.5,4.86087193021895));
#9401=CARTESIAN_POINT('',(-2.53422424207826,17.5,2.13210225145589));
#9402=CARTESIAN_POINT('',(-9.12205700914051,19.5,4.86087193021895));
#9403=CARTESIAN_POINT('',(-9.12205700914051,10.,4.86087193021895));
#9404=CARTESIAN_POINT('',(-4.05450382162933,19.5,2.76182267190481));
#9405=CARTESIAN_POINT('Origin',(-9.31339872532306,10.,4.3989321639633));
#9406=CARTESIAN_POINT('',(-9.76550545956204,17.5,4.6124725602722));
#9407=CARTESIAN_POINT('Origin',(-9.31339872532306,17.5,4.3989321639633));
#9408=CARTESIAN_POINT('',(-9.76550545956204,19.5,4.6124725602722));
#9409=CARTESIAN_POINT('',(-9.76550545956204,10.,4.6124725602722));
#9410=CARTESIAN_POINT('Origin',(-9.31339872532306,19.5,4.3989321639633));
#9411=CARTESIAN_POINT('Origin',(0.,10.,2.03444009748065E-15));
#9412=CARTESIAN_POINT('',(-10.1667657575759,17.5,3.64374450676522));
#9413=CARTESIAN_POINT('Origin',(0.,17.5,3.49525986672428E-15));
#9414=CARTESIAN_POINT('',(-10.1667657575759,19.5,3.64374450676522));
#9415=CARTESIAN_POINT('',(-10.1667657575759,10.,3.64374450676522));
#9416=CARTESIAN_POINT('Origin',(0.,19.5,3.88481180518925E-15));
#9417=CARTESIAN_POINT('Origin',(-9.69608215768815,10.,3.47505263145201));
#9418=CARTESIAN_POINT('',(-9.88742387387069,17.5,3.01311286519637));
#9419=CARTESIAN_POINT('Origin',(-9.69608215768815,17.5,3.47505263145202));
#9420=CARTESIAN_POINT('',(-9.88742387387069,19.5,3.01311286519637));
#9421=CARTESIAN_POINT('',(-9.88742387387069,10.,3.01311286519637));
#9422=CARTESIAN_POINT('Origin',(-9.69608215768815,19.5,3.47505263145202));
#9423=CARTESIAN_POINT('Origin',(-8.50665303128337,10.,2.44117885566738));
#9424=CARTESIAN_POINT('',(-9.00859688784864,17.5,2.64909080860657));
#9425=CARTESIAN_POINT('',(-2.39405856638324,17.5,-0.0907406729809622));
#9426=CARTESIAN_POINT('',(-9.00859688784864,19.5,2.64909080860657));
#9427=CARTESIAN_POINT('',(-9.00859688784864,11.25,2.64909080860657));
#9428=CARTESIAN_POINT('',(-3.91433814593432,19.5,0.53897974746796));
#9429=CARTESIAN_POINT('Origin',(-8.8172551716661,11.25,3.11103057486221));
#9430=CARTESIAN_POINT('',(-8.61468806895097,17.5,2.65390196178095));
#9431=CARTESIAN_POINT('Ctrl Pts',(-8.61468806895097,17.5,2.65390196178095));
#9432=CARTESIAN_POINT('Ctrl Pts',(-8.59599419693248,17.4845735322814,2.66218576503664));
#9433=CARTESIAN_POINT('Ctrl Pts',(-8.57768299359341,17.4698973425517,2.67167416570209));
#9434=CARTESIAN_POINT('Ctrl Pts',(-8.51725535813771,17.423080627324,2.70794618653977));
#9435=CARTESIAN_POINT('Ctrl Pts',(-8.4727372562231,17.3915903608972,2.74391263501018));
#9436=CARTESIAN_POINT('Ctrl Pts',(-8.39686831443899,17.3478399766674,2.83400513879043));
#9437=CARTESIAN_POINT('Ctrl Pts',(-8.36562432144314,17.3357864376269,2.88832123996011));
#9438=CARTESIAN_POINT('Ctrl Pts',(-8.34574419991925,17.3357864376269,2.94466530347921));
#9439=CARTESIAN_POINT('Origin',(-8.8172551716661,19.5,3.11103057486221));
#9440=CARTESIAN_POINT('Origin',(-8.8172551716661,17.5,3.11103057486221));
#9441=CARTESIAN_POINT('Origin',(-9.69608215768814,10.,-3.47505263145201));
#9442=CARTESIAN_POINT('',(-9.88742387387069,17.5,-3.01311286519637));
#9443=CARTESIAN_POINT('',(-10.1667657575759,17.5,-3.64374450676522));
#9444=CARTESIAN_POINT('Origin',(-9.69608215768814,17.5,-3.47505263145201));
#9445=CARTESIAN_POINT('',(-10.1667657575759,19.5,-3.64374450676522));
#9446=CARTESIAN_POINT('',(-10.1667657575759,10.,-3.64374450676522));
#9447=CARTESIAN_POINT('',(-9.88742387387069,19.5,-3.01311286519637));
#9448=CARTESIAN_POINT('Origin',(-9.69608215768814,19.5,-3.47505263145201));
#9449=CARTESIAN_POINT('',(-9.88742387387069,10.,-3.01311286519637));
#9450=CARTESIAN_POINT('Origin',(0.,10.,2.03444009748065E-15));
#9451=CARTESIAN_POINT('',(-9.76550545956204,17.5,-4.6124725602722));
#9452=CARTESIAN_POINT('Origin',(0.,17.5,3.787423820573E-15));
#9453=CARTESIAN_POINT('',(-9.76550545956204,19.5,-4.6124725602722));
#9454=CARTESIAN_POINT('',(-9.76550545956204,10.,-4.6124725602722));
#9455=CARTESIAN_POINT('Origin',(0.,19.5,4.25488614673096E-15));
#9456=CARTESIAN_POINT('Origin',(-9.31339872532305,10.,-4.3989321639633));
#9457=CARTESIAN_POINT('',(-9.12205700914051,17.5,-4.86087193021894));
#9458=CARTESIAN_POINT('Origin',(-9.31339872532305,17.5,-4.3989321639633));
#9459=CARTESIAN_POINT('',(-9.12205700914051,19.5,-4.86087193021894));
#9460=CARTESIAN_POINT('',(-9.12205700914051,10.,-4.86087193021894));
#9461=CARTESIAN_POINT('Origin',(-9.31339872532305,19.5,-4.3989321639633));
#9462=CARTESIAN_POINT('Origin',(-7.74128616655319,10.,-4.28893792068995));
#9463=CARTESIAN_POINT('',(-8.24323002311846,17.5,-4.49684987362914));
#9464=CARTESIAN_POINT('',(-5.72991103253504,17.5,-3.45579906115963));
#9465=CARTESIAN_POINT('',(-8.24323002311846,19.5,-4.49684987362914));
#9466=CARTESIAN_POINT('',(-8.24323002311846,11.25,-4.49684987362914));
#9467=CARTESIAN_POINT('',(-4.20963145298396,19.5,-2.82607864071071));
#9468=CARTESIAN_POINT('Origin',(-8.434571739301,11.25,-4.0349101073735));
#9469=CARTESIAN_POINT('',(-7.96809642514166,17.5,-4.21491227758248));
#9470=CARTESIAN_POINT('Ctrl Pts',(-7.96809642514166,17.5,-4.21491227758248));
#9471=CARTESIAN_POINT('Ctrl Pts',(-7.96073539492687,17.4845735322814,-4.19583618045546));
#9472=CARTESIAN_POINT('Ctrl Pts',(-7.95449673132728,17.4698973425517,-4.17617889194956));
#9473=CARTESIAN_POINT('Ctrl Pts',(-7.93741613242715,17.423080627324,-4.10780190924611));
#9474=CARTESIAN_POINT('Ctrl Pts',(-7.93136920028639,17.3915903608972,-4.05089073788811));
#9475=CARTESIAN_POINT('Ctrl Pts',(-7.94142677742649,17.3478399766674,-3.93353827431403));
#9476=CARTESIAN_POINT('Ctrl Pts',(-7.95774122157248,17.3357864376269,-3.87303815153062));
#9477=CARTESIAN_POINT('Ctrl Pts',(-7.98352512222608,17.3357864376269,-3.8191395133963));
#9478=CARTESIAN_POINT('Origin',(-8.434571739301,19.5,-4.0349101073735));
#9479=CARTESIAN_POINT('Origin',(-8.434571739301,17.5,-4.0349101073735));
#9480=CARTESIAN_POINT('Origin',(-8.81725517166609,11.25,-3.11103057486221));
#9481=CARTESIAN_POINT('',(-8.61468806895097,17.5,-2.65390196178095));
#9482=CARTESIAN_POINT('',(-9.00859688784864,17.5,-2.64909080860657));
#9483=CARTESIAN_POINT('Origin',(-8.81725517166609,17.5,-3.11103057486221));
#9484=CARTESIAN_POINT('',(-9.00859688784864,19.5,-2.64909080860656));
#9485=CARTESIAN_POINT('',(-9.00859688784864,11.25,-2.64909080860657));
#9486=CARTESIAN_POINT('Origin',(-8.81725517166609,19.5,-3.11103057486221));
#9487=CARTESIAN_POINT('Ctrl Pts',(-8.34574419991924,17.3357864376269,-2.9446653034792));
#9488=CARTESIAN_POINT('Ctrl Pts',(-8.36562432144314,17.3357864376269,-2.88832123996011));
#9489=CARTESIAN_POINT('Ctrl Pts',(-8.39686831443899,17.3478399766674,-2.83400513879042));
#9490=CARTESIAN_POINT('Ctrl Pts',(-8.4727372562231,17.3915903608972,-2.74391263501017));
#9491=CARTESIAN_POINT('Ctrl Pts',(-8.51725535813771,17.423080627324,-2.70794618653977));
#9492=CARTESIAN_POINT('Ctrl Pts',(-8.57768299359341,17.4698973425517,-2.67167416570208));
#9493=CARTESIAN_POINT('Ctrl Pts',(-8.59599419693248,17.4845735322814,-2.66218576503664));
#9494=CARTESIAN_POINT('Ctrl Pts',(-8.61468806895097,17.5,-2.65390196178095));
#9495=CARTESIAN_POINT('Origin',(-10.3177181121338,10.,-3.19134657449593));
#9496=CARTESIAN_POINT('',(-5.88053085813934,19.5,-1.35340343510241));
#9497=CARTESIAN_POINT('',(-7.40081043769041,17.5,-1.98312385555133));
#9498=CARTESIAN_POINT('Origin',(-10.7536040470161,10.,1.));
#9499=CARTESIAN_POINT('',(-10.7536040470161,12.5,1.));
#9500=CARTESIAN_POINT('',(-5.37680202350803,12.5,1.));
#9501=CARTESIAN_POINT('',(-10.7536040470161,15.,1.));
#9502=CARTESIAN_POINT('',(-10.7536040470161,10.,1.));
#9503=CARTESIAN_POINT('',(-5.37680202350803,15.,1.));
#9504=CARTESIAN_POINT('Origin',(0.,10.,2.03444009748065E-15));
#9505=CARTESIAN_POINT('',(-10.7536040470161,12.5,-0.999999999999999));
#9506=CARTESIAN_POINT('Origin',(0.,12.5,2.54329231710052E-15));
#9507=CARTESIAN_POINT('',(-10.7536040470161,15.,-0.999999999999998));
#9508=CARTESIAN_POINT('',(-10.7536040470161,10.,-0.999999999999999));
#9509=CARTESIAN_POINT('Origin',(0.,15.,3.05214453672038E-15));
#9510=CARTESIAN_POINT('Origin',(-8.79332132928167,10.,-0.999999999999999));
#9511=CARTESIAN_POINT('',(-4.39666066464084,12.5,-0.999999999999998));
#9512=CARTESIAN_POINT('',(-4.39666066464084,15.,-0.999999999999998));
#9513=CARTESIAN_POINT('Origin',(0.,15.,3.23766609799064E-15));
#9514=CARTESIAN_POINT('Origin',(8.79332132928167,10.,1.));
#9515=CARTESIAN_POINT('',(10.7536040470161,12.5,1.));
#9516=CARTESIAN_POINT('',(4.39666066464084,12.5,1.));
#9517=CARTESIAN_POINT('',(10.7536040470161,15.,1.));
#9518=CARTESIAN_POINT('',(4.39666066464084,15.,1.));
#9519=CARTESIAN_POINT('',(10.7536040470161,10.,1.));
#9520=CARTESIAN_POINT('Origin',(0.,15.,3.23766609799064E-15));
#9521=CARTESIAN_POINT('',(10.7536040470161,15.,-0.999999999999997));
#9522=CARTESIAN_POINT('',(5.37680202350803,15.,-0.999999999999997));
#9523=CARTESIAN_POINT('Origin',(0.,15.,3.05214453672038E-15));
#9524=CARTESIAN_POINT('Origin',(0.,10.,2.03444009748065E-15));
#9525=CARTESIAN_POINT('',(10.7536040470161,12.5,-0.999999999999997));
#9526=CARTESIAN_POINT('Origin',(0.,12.5,2.54329231710052E-15));
#9527=CARTESIAN_POINT('',(10.7536040470161,10.,-0.999999999999998));
#9528=CARTESIAN_POINT('Origin',(10.7536040470161,10.,-0.999999999999998));
#9529=CARTESIAN_POINT('',(5.37680202350803,12.5,-0.999999999999998));
#9530=CARTESIAN_POINT('Origin',(0.999999999999998,10.,10.7536040470161));
#9531=CARTESIAN_POINT('',(0.999999999999998,12.5,10.7536040470161));
#9532=CARTESIAN_POINT('',(1.,12.5,-0.423197976491971));
#9533=CARTESIAN_POINT('',(0.999999999999998,15.,10.7536040470161));
#9534=CARTESIAN_POINT('',(0.999999999999998,10.,10.7536040470161));
#9535=CARTESIAN_POINT('',(0.999999999999999,15.,5.37680202350803));
#9536=CARTESIAN_POINT('Origin',(0.,10.,2.03444009748065E-15));
#9537=CARTESIAN_POINT('',(-1.,12.5,10.7536040470161));
#9538=CARTESIAN_POINT('Origin',(0.,12.5,2.77458878056409E-15));
#9539=CARTESIAN_POINT('',(-1.,15.,10.7536040470161));
#9540=CARTESIAN_POINT('',(-1.,10.,10.7536040470161));
#9541=CARTESIAN_POINT('Origin',(0.,15.,3.51473746364752E-15));
#9542=CARTESIAN_POINT('Origin',(-1.,10.,8.79332132928167));
#9543=CARTESIAN_POINT('',(-1.,12.5,-1.40333933535916));
#9544=CARTESIAN_POINT('',(-1.,15.,4.39666066464084));
#9545=CARTESIAN_POINT('Origin',(0.,15.,3.23766609799064E-15));
#9546=CARTESIAN_POINT('Origin',(0.,10.,2.03444009748065E-15));
#9547=CARTESIAN_POINT('',(1.,12.5,-10.753604047016));
#9548=CARTESIAN_POINT('',(-0.999999999999999,12.5,-10.753604047016));
#9549=CARTESIAN_POINT('Origin',(0.,12.5,2.77458878056409E-15));
#9550=CARTESIAN_POINT('',(1.,15.,-10.753604047016));
#9551=CARTESIAN_POINT('',(1.,10.,-10.753604047016));
#9552=CARTESIAN_POINT('',(-0.999999999999999,15.,-10.753604047016));
#9553=CARTESIAN_POINT('Origin',(0.,15.,3.51473746364752E-15));
#9554=CARTESIAN_POINT('',(-0.999999999999999,10.,-10.753604047016));
#9555=CARTESIAN_POINT('Origin',(-0.999999999999999,10.,-10.753604047016));
#9556=CARTESIAN_POINT('',(-0.999999999999999,12.5,-11.176802023508));
#9557=CARTESIAN_POINT('',(-1.,15.,-5.37680202350802));
#9558=CARTESIAN_POINT('Origin',(0.,15.,3.23766609799064E-15));
#9559=CARTESIAN_POINT('',(1.,15.,-4.39666066464083));
#9560=CARTESIAN_POINT('Origin',(1.,10.,-8.79332132928167));
#9561=CARTESIAN_POINT('',(1.,12.5,-10.1966606646408));
#9562=CARTESIAN_POINT('Origin',(0.,10.,2.03444009748065E-15));
#9563=CARTESIAN_POINT('',(3.19134657449594,15.6712797049418,-10.3177181121338));
#9564=CARTESIAN_POINT('',(5.03910563951851,15.6712797049418,-9.55235124740358));
#9565=CARTESIAN_POINT('Origin',(0.,15.6712797049418,3.35999489906292E-15));
#9566=CARTESIAN_POINT('',(3.19134657449594,12.5,-10.3177181121338));
#9567=CARTESIAN_POINT('',(3.19134657449594,10.,-10.3177181121338));
#9568=CARTESIAN_POINT('',(5.03910563951851,12.5,-9.55235124740358));
#9569=CARTESIAN_POINT('Origin',(0.,12.5,2.6187680051781E-15));
#9570=CARTESIAN_POINT('',(5.03910563951851,10.,-9.55235124740358));
#9571=CARTESIAN_POINT('Origin',(3.19134657449594,10.,-10.3177181121338));
#9572=CARTESIAN_POINT('Ctrl Pts',(2.44117885566738,17.3075239857375,-8.50665303128336));
#9573=CARTESIAN_POINT('Ctrl Pts',(2.77904065270391,16.5714480322284,-9.32232356389671));
#9574=CARTESIAN_POINT('Ctrl Pts',(3.19134657449594,15.6712797049418,-10.3177181121338));
#9575=CARTESIAN_POINT('',(3.18434318643331,12.5,-10.3008104376904));
#9576=CARTESIAN_POINT('Origin',(4.28893792068995,10.,-7.74128616655319));
#9577=CARTESIAN_POINT('Ctrl Pts',(5.03910563951851,15.6712797049418,-9.55235124740358));
#9578=CARTESIAN_POINT('Ctrl Pts',(4.62679971773755,16.5714480322043,-8.55695669919325));
#9579=CARTESIAN_POINT('Ctrl Pts',(4.28893792068995,17.3075239857375,-7.74128616655318));
#9580=CARTESIAN_POINT('',(4.65701839204161,12.5,-8.62991103253503));
#9581=CARTESIAN_POINT('Origin',(0.,10.,2.03444009748065E-15));
#9582=CARTESIAN_POINT('',(10.3177181121338,12.5,-3.19134657449593));
#9583=CARTESIAN_POINT('',(9.55235124740358,12.5,-5.03910563951851));
#9584=CARTESIAN_POINT('Origin',(0.,12.5,2.52138002056186E-15));
#9585=CARTESIAN_POINT('',(10.3177181121338,15.6712797049418,-3.19134657449593));
#9586=CARTESIAN_POINT('',(10.3177181121338,10.,-3.19134657449593));
#9587=CARTESIAN_POINT('',(9.55235124740358,15.6712797049418,-5.0391056395185));
#9588=CARTESIAN_POINT('Origin',(0.,15.6712797049418,3.13906909879921E-15));
#9589=CARTESIAN_POINT('',(9.55235124740358,10.,-5.03910563951851));
#9590=CARTESIAN_POINT('Origin',(9.55235124740358,10.,-5.03910563951851));
#9591=CARTESIAN_POINT('',(6.63544357296023,12.5,-3.83088292057391));
#9592=CARTESIAN_POINT('Ctrl Pts',(7.74128616655318,17.3075239857375,-4.28893792068995));
#9593=CARTESIAN_POINT('Ctrl Pts',(8.55695669926033,16.5714480321436,-4.62679971776533));
#9594=CARTESIAN_POINT('Ctrl Pts',(9.55235124740358,15.6712797049418,-5.0391056395185));
#9595=CARTESIAN_POINT('Origin',(8.50665303128337,10.,-2.44117885566738));
#9596=CARTESIAN_POINT('',(6.49527789726521,12.5,-1.60803999613705));
#9597=CARTESIAN_POINT('Ctrl Pts',(10.3177181121338,15.6712797049418,-3.19134657449593));
#9598=CARTESIAN_POINT('Ctrl Pts',(9.32232356386497,16.5714480322571,-2.77904065269076));
#9599=CARTESIAN_POINT('Ctrl Pts',(8.50665303128336,17.3075239857375,-2.44117885566737));
#9600=CARTESIAN_POINT('Origin',(0.,10.,2.03444009748065E-15));
#9601=CARTESIAN_POINT('',(-8.3110531250267,15.6712797049418,-6.8968395626536));
#9602=CARTESIAN_POINT('',(-6.8968395626536,15.6712797049418,-8.31105312502669));
#9603=CARTESIAN_POINT('Origin',(0.,15.6712797049418,3.35999489906292E-15));
#9604=CARTESIAN_POINT('',(-8.3110531250267,12.5,-6.8968395626536));
#9605=CARTESIAN_POINT('',(-8.3110531250267,10.,-6.8968395626536));
#9606=CARTESIAN_POINT('',(-6.8968395626536,12.5,-8.31105312502669));
#9607=CARTESIAN_POINT('Origin',(0.,12.5,2.6187680051781E-15));
#9608=CARTESIAN_POINT('',(-6.8968395626536,10.,-8.3110531250267));
#9609=CARTESIAN_POINT('Origin',(-8.3110531250267,10.,-6.8968395626536));
#9610=CARTESIAN_POINT('Ctrl Pts',(-6.92492392227392,17.3075239857375,-5.51071035990082));
#9611=CARTESIAN_POINT('Ctrl Pts',(-7.54921112042372,16.5714480322867,-6.13499755805062));
#9612=CARTESIAN_POINT('Ctrl Pts',(-8.3110531250267,15.6712797049418,-6.8968395626536));
#9613=CARTESIAN_POINT('',(-7.40907995310662,12.5,-5.99486639073352));
#9614=CARTESIAN_POINT('Origin',(-5.51071035990083,10.,-6.92492392227392));
#9615=CARTESIAN_POINT('Ctrl Pts',(-6.8968395626536,15.6712797049418,-8.31105312502669));
#9616=CARTESIAN_POINT('Ctrl Pts',(-6.1349975580183,16.5714480323249,-7.5492111203914));
#9617=CARTESIAN_POINT('Ctrl Pts',(-5.51071035990083,17.3075239857375,-6.92492392227392));
#9618=CARTESIAN_POINT('',(-5.30180178935714,12.5,-6.71601535173023));
#9619=CARTESIAN_POINT('Origin',(0.,10.,2.03444009748065E-15));
#9620=CARTESIAN_POINT('',(-5.03910563951852,12.5,9.55235124740358));
#9621=CARTESIAN_POINT('',(-3.19134657449594,12.5,10.3177181121338));
#9622=CARTESIAN_POINT('Origin',(0.,12.5,2.6187680051781E-15));
#9623=CARTESIAN_POINT('',(-5.03910563951852,15.6712797049418,9.55235124740358));
#9624=CARTESIAN_POINT('',(-5.03910563951852,10.,9.55235124740358));
#9625=CARTESIAN_POINT('',(-3.19134657449594,15.6712797049418,10.3177181121338));
#9626=CARTESIAN_POINT('Origin',(0.,15.6712797049418,3.35999489906292E-15));
#9627=CARTESIAN_POINT('',(-3.19134657449594,10.,10.3177181121338));
#9628=CARTESIAN_POINT('Origin',(-3.19134657449594,10.,10.3177181121338));
#9629=CARTESIAN_POINT('',(0.916876144448661,12.5,0.399591106808441));
#9630=CARTESIAN_POINT('Ctrl Pts',(-2.44117885566738,17.3075239857375,8.50665303128336));
#9631=CARTESIAN_POINT('Ctrl Pts',(-2.77904065271891,16.5714480321957,9.32232356393292));
#9632=CARTESIAN_POINT('Ctrl Pts',(-3.19134657449594,15.6712797049418,10.3177181121338));
#9633=CARTESIAN_POINT('Origin',(-4.28893792068996,10.,7.74128616655319));
#9634=CARTESIAN_POINT('',(-0.555799061159634,12.5,-1.27130829834694));
#9635=CARTESIAN_POINT('Ctrl Pts',(-5.03910563951852,15.6712797049418,9.55235124740358));
#9636=CARTESIAN_POINT('Ctrl Pts',(-4.62679971773034,16.57144803222,8.55695669917583));
#9637=CARTESIAN_POINT('Ctrl Pts',(-4.28893792068995,17.3075239857375,7.74128616655318));
#9638=CARTESIAN_POINT('Origin',(0.,10.,2.03444009748065E-15));
#9639=CARTESIAN_POINT('',(10.3177181121338,15.6712797049418,3.19134657449595));
#9640=CARTESIAN_POINT('',(9.55235124740358,15.6712797049418,5.03910563951852));
#9641=CARTESIAN_POINT('Origin',(0.,15.6712797049418,3.35999489906292E-15));
#9642=CARTESIAN_POINT('',(10.3177181121338,12.5,3.19134657449595));
#9643=CARTESIAN_POINT('',(10.3177181121338,10.,3.19134657449594));
#9644=CARTESIAN_POINT('',(9.55235124740358,12.5,5.03910563951852));
#9645=CARTESIAN_POINT('Origin',(0.,12.5,2.6187680051781E-15));
#9646=CARTESIAN_POINT('',(9.55235124740358,10.,5.03910563951852));
#9647=CARTESIAN_POINT('Origin',(10.3177181121338,10.,3.19134657449594));
#9648=CARTESIAN_POINT('Ctrl Pts',(8.50665303128336,17.3075239857375,2.44117885566738));
#9649=CARTESIAN_POINT('Ctrl Pts',(9.32232356388434,16.5714480322396,2.7790406526988));
#9650=CARTESIAN_POINT('Ctrl Pts',(10.3177181121338,15.6712797049418,3.19134657449595));
#9651=CARTESIAN_POINT('',(3.29959110680843,12.5,0.284343186433318));
#9652=CARTESIAN_POINT('Origin',(7.74128616655319,10.,4.28893792068996));
#9653=CARTESIAN_POINT('Ctrl Pts',(9.55235124740358,15.6712797049418,5.03910563951852));
#9654=CARTESIAN_POINT('Ctrl Pts',(8.55695669925478,16.5714480321486,4.62679971776305));
#9655=CARTESIAN_POINT('Ctrl Pts',(7.74128616655318,17.3075239857375,4.28893792068996));
#9656=CARTESIAN_POINT('',(1.62869170165306,12.5,1.75701839204161));
#9657=CARTESIAN_POINT('Origin',(0.,10.,2.03444009748065E-15));
#9658=CARTESIAN_POINT('',(-8.3110531250267,12.5,6.8968395626536));
#9659=CARTESIAN_POINT('',(-6.8968395626536,12.5,8.3110531250267));
#9660=CARTESIAN_POINT('Origin',(0.,12.5,2.6187680051781E-15));
#9661=CARTESIAN_POINT('',(-8.3110531250267,15.6712797049418,6.8968395626536));
#9662=CARTESIAN_POINT('',(-8.3110531250267,10.,6.8968395626536));
#9663=CARTESIAN_POINT('',(-6.8968395626536,15.6712797049418,8.3110531250267));
#9664=CARTESIAN_POINT('Origin',(0.,15.6712797049418,3.35999489906292E-15));
#9665=CARTESIAN_POINT('',(-6.8968395626536,10.,8.3110531250267));
#9666=CARTESIAN_POINT('Origin',(-6.8968395626536,10.,8.3110531250267));
#9667=CARTESIAN_POINT('',(-0.194866390733529,12.5,1.60907995310662));
#9668=CARTESIAN_POINT('Ctrl Pts',(-5.51071035990082,17.3075239857375,6.92492392227392));
#9669=CARTESIAN_POINT('Ctrl Pts',(-6.13499755808314,16.5714480322482,7.54921112045623));
#9670=CARTESIAN_POINT('Ctrl Pts',(-6.8968395626536,15.6712797049418,8.3110531250267));
#9671=CARTESIAN_POINT('Origin',(-6.92492392227393,10.,5.51071035990083));
#9672=CARTESIAN_POINT('',(-0.916015351730238,12.5,-0.498198210642857));
#9673=CARTESIAN_POINT('Ctrl Pts',(-8.3110531250267,15.6712797049418,6.8968395626536));
#9674=CARTESIAN_POINT('Ctrl Pts',(-7.54921112046928,16.5714480322328,6.13499755809618));
#9675=CARTESIAN_POINT('Ctrl Pts',(-6.92492392227392,17.3075239857375,5.51071035990082));
#9676=CARTESIAN_POINT('Origin',(0.,10.,2.03444009748065E-15));
#9677=CARTESIAN_POINT('',(-5.03910563951851,15.6712797049418,-9.55235124740358));
#9678=CARTESIAN_POINT('',(-3.19134657449593,15.6712797049418,-10.3177181121338));
#9679=CARTESIAN_POINT('Origin',(0.,15.6712797049418,2.9181432985355E-15));
#9680=CARTESIAN_POINT('',(-5.03910563951851,12.5,-9.55235124740358));
#9681=CARTESIAN_POINT('',(-5.03910563951851,10.,-9.55235124740358));
#9682=CARTESIAN_POINT('',(-3.19134657449593,12.5,-10.3177181121338));
#9683=CARTESIAN_POINT('Origin',(0.,12.5,2.42399203594562E-15));
#9684=CARTESIAN_POINT('',(-3.19134657449593,10.,-10.3177181121338));
#9685=CARTESIAN_POINT('Origin',(-5.03910563951851,10.,-9.55235124740358));
#9686=CARTESIAN_POINT('Ctrl Pts',(-4.28893792068995,17.3075239857375,-7.74128616655318));
#9687=CARTESIAN_POINT('Ctrl Pts',(-4.6267997177186,16.5714480322456,-8.5569566991475));
#9688=CARTESIAN_POINT('Ctrl Pts',(-5.03910563951851,15.6712797049418,-9.55235124740358));
#9689=CARTESIAN_POINT('',(-5.03210225145588,12.5,-9.53544357296023));
#9690=CARTESIAN_POINT('Origin',(-2.44117885566738,10.,-8.50665303128337));
#9691=CARTESIAN_POINT('Ctrl Pts',(-3.19134657449593,15.6712797049418,-10.3177181121338));
#9692=CARTESIAN_POINT('Ctrl Pts',(-2.77904065270733,16.571448032221,-9.32232356390496));
#9693=CARTESIAN_POINT('Ctrl Pts',(-2.44117885566738,17.3075239857375,-8.50665303128336));
#9694=CARTESIAN_POINT('',(-2.80925932701903,12.5,-9.39527789726521));
#9695=CARTESIAN_POINT('Origin',(0.,10.,2.03444009748065E-15));
#9696=CARTESIAN_POINT('',(8.3110531250267,12.5,-6.8968395626536));
#9697=CARTESIAN_POINT('',(6.8968395626536,12.5,-8.31105312502669));
#9698=CARTESIAN_POINT('Origin',(0.,12.5,2.6187680051781E-15));
#9699=CARTESIAN_POINT('',(8.3110531250267,15.6712797049418,-6.8968395626536));
#9700=CARTESIAN_POINT('',(8.3110531250267,10.,-6.8968395626536));
#9701=CARTESIAN_POINT('',(6.8968395626536,15.6712797049418,-8.31105312502669));
#9702=CARTESIAN_POINT('Origin',(0.,15.6712797049418,3.35999489906292E-15));
#9703=CARTESIAN_POINT('',(6.8968395626536,10.,-8.3110531250267));
#9704=CARTESIAN_POINT('Origin',(6.8968395626536,10.,-8.3110531250267));
#9705=CARTESIAN_POINT('',(5.99486639073353,12.5,-7.40907995310662));
#9706=CARTESIAN_POINT('Ctrl Pts',(5.51071035990083,17.3075239857375,-6.92492392227392));
#9707=CARTESIAN_POINT('Ctrl Pts',(6.1349975581079,16.571448032219,-7.54921112048098));
#9708=CARTESIAN_POINT('Ctrl Pts',(6.8968395626536,15.6712797049418,-8.31105312502669));
#9709=CARTESIAN_POINT('Origin',(6.92492392227392,10.,-5.51071035990083));
#9710=CARTESIAN_POINT('',(6.71601535173024,12.5,-5.30180178935714));
#9711=CARTESIAN_POINT('Ctrl Pts',(8.3110531250267,15.6712797049418,-6.8968395626536));
#9712=CARTESIAN_POINT('Ctrl Pts',(7.54921112041722,16.5714480322943,-6.13499755804412));
#9713=CARTESIAN_POINT('Ctrl Pts',(6.92492392227392,17.3075239857375,-5.51071035990082));
#9714=CARTESIAN_POINT('Origin',(0.,10.,2.03444009748065E-15));
#9715=CARTESIAN_POINT('',(-10.3177181121338,15.6712797049418,-3.19134657449593));
#9716=CARTESIAN_POINT('',(-9.55235124740358,15.6712797049418,-5.03910563951851));
#9717=CARTESIAN_POINT('Origin',(0.,15.6712797049418,3.35999489906292E-15));
#9718=CARTESIAN_POINT('',(-10.3177181121338,12.5,-3.19134657449593));
#9719=CARTESIAN_POINT('',(-10.3177181121338,10.,-3.19134657449593));
#9720=CARTESIAN_POINT('',(-9.55235124740358,12.5,-5.03910563951851));
#9721=CARTESIAN_POINT('Origin',(0.,12.5,2.6187680051781E-15));
#9722=CARTESIAN_POINT('',(-9.55235124740358,10.,-5.03910563951851));
#9723=CARTESIAN_POINT('Origin',(-10.3177181121338,10.,-3.19134657449593));
#9724=CARTESIAN_POINT('Ctrl Pts',(-8.50665303128336,17.3075239857375,-2.44117885566737));
#9725=CARTESIAN_POINT('Ctrl Pts',(-9.3223235639171,16.57144803221,-2.77904065271236));
#9726=CARTESIAN_POINT('Ctrl Pts',(-10.3177181121338,15.6712797049418,-3.19134657449593));
#9727=CARTESIAN_POINT('',(-7.40081043769041,12.5,-1.98312385555133));
#9728=CARTESIAN_POINT('Origin',(-7.74128616655319,10.,-4.28893792068995));
#9729=CARTESIAN_POINT('Ctrl Pts',(-9.55235124740358,15.6712797049418,-5.03910563951851));
#9730=CARTESIAN_POINT('Ctrl Pts',(-8.55695669912802,16.5714480322633,-4.62679971771053));
#9731=CARTESIAN_POINT('Ctrl Pts',(-7.74128616655318,17.3075239857375,-4.28893792068995));
#9732=CARTESIAN_POINT('',(-5.72991103253504,12.5,-3.45579906115963));
#9733=CARTESIAN_POINT('Origin',(0.,10.,2.03444009748065E-15));
#9734=CARTESIAN_POINT('',(3.19134657449594,12.5,10.3177181121338));
#9735=CARTESIAN_POINT('',(5.03910563951851,12.5,9.55235124740358));
#9736=CARTESIAN_POINT('Origin',(0.,12.5,2.42399203594562E-15));
#9737=CARTESIAN_POINT('',(3.19134657449594,15.6712797049418,10.3177181121338));
#9738=CARTESIAN_POINT('',(3.19134657449594,10.,10.3177181121338));
#9739=CARTESIAN_POINT('',(5.03910563951851,15.6712797049418,9.55235124740358));
#9740=CARTESIAN_POINT('Origin',(0.,15.6712797049418,2.9181432985355E-15));
#9741=CARTESIAN_POINT('',(5.03910563951851,10.,9.55235124740358));
#9742=CARTESIAN_POINT('Origin',(5.03910563951851,10.,9.55235124740358));
#9743=CARTESIAN_POINT('',(0.930882920573911,12.5,-0.365775757921739));
#9744=CARTESIAN_POINT('Ctrl Pts',(4.28893792068995,17.3075239857375,7.74128616655318));
#9745=CARTESIAN_POINT('Ctrl Pts',(4.62679971771718,16.5714480322487,8.55695669914407));
#9746=CARTESIAN_POINT('Ctrl Pts',(5.03910563951851,15.6712797049418,9.55235124740358));
#9747=CARTESIAN_POINT('Origin',(2.44117885566738,10.,8.50665303128337));
#9748=CARTESIAN_POINT('',(-1.29196000386294,12.5,-0.505941433616754));
#9749=CARTESIAN_POINT('Ctrl Pts',(3.19134657449594,15.6712797049418,10.3177181121338));
#9750=CARTESIAN_POINT('Ctrl Pts',(2.77904065271578,16.5714480322025,9.32232356392536));
#9751=CARTESIAN_POINT('Ctrl Pts',(2.44117885566738,17.3075239857375,8.50665303128336));
#9752=CARTESIAN_POINT('Origin',(0.,10.,2.03444009748065E-15));
#9753=CARTESIAN_POINT('',(8.3110531250267,15.6712797049418,6.89683956265361));
#9754=CARTESIAN_POINT('',(6.8968395626536,15.6712797049418,8.3110531250267));
#9755=CARTESIAN_POINT('Origin',(0.,15.6712797049418,3.35999489906292E-15));
#9756=CARTESIAN_POINT('',(8.3110531250267,12.5,6.89683956265361));
#9757=CARTESIAN_POINT('',(8.3110531250267,10.,6.89683956265361));
#9758=CARTESIAN_POINT('',(6.8968395626536,12.5,8.3110531250267));
#9759=CARTESIAN_POINT('Origin',(0.,12.5,2.6187680051781E-15));
#9760=CARTESIAN_POINT('',(6.8968395626536,10.,8.3110531250267));
#9761=CARTESIAN_POINT('Origin',(8.3110531250267,10.,6.89683956265361));
#9762=CARTESIAN_POINT('Ctrl Pts',(6.92492392227391,17.3075239857375,5.51071035990083));
#9763=CARTESIAN_POINT('Ctrl Pts',(7.54921112039724,16.571448032318,6.13499755802415));
#9764=CARTESIAN_POINT('Ctrl Pts',(8.3110531250267,15.6712797049418,6.89683956265361));
#9765=CARTESIAN_POINT('',(1.60907995310662,12.5,0.194866390733533));
#9766=CARTESIAN_POINT('Origin',(5.51071035990083,10.,6.92492392227393));
#9767=CARTESIAN_POINT('Ctrl Pts',(6.8968395626536,15.6712797049418,8.3110531250267));
#9768=CARTESIAN_POINT('Ctrl Pts',(6.13499755809508,16.5714480322341,7.54921112046818));
#9769=CARTESIAN_POINT('Ctrl Pts',(5.51071035990082,17.3075239857375,6.92492392227392));
#9770=CARTESIAN_POINT('',(-0.498198210642862,12.5,0.916015351730245));
#9771=CARTESIAN_POINT('Origin',(0.,10.,2.03444009748065E-15));
#9772=CARTESIAN_POINT('',(-10.3177181121338,12.5,3.19134657449594));
#9773=CARTESIAN_POINT('',(-9.55235124740358,12.5,5.03910563951851));
#9774=CARTESIAN_POINT('Origin',(0.,12.5,2.52138002056186E-15));
#9775=CARTESIAN_POINT('',(-10.3177181121338,15.6712797049418,3.19134657449594));
#9776=CARTESIAN_POINT('',(-10.3177181121338,10.,3.19134657449594));
#9777=CARTESIAN_POINT('',(-9.55235124740358,15.6712797049418,5.03910563951851));
#9778=CARTESIAN_POINT('Origin',(0.,15.6712797049418,3.13906909879921E-15));
#9779=CARTESIAN_POINT('',(-9.55235124740358,10.,5.03910563951851));
#9780=CARTESIAN_POINT('Origin',(-9.55235124740358,10.,5.03910563951851));
#9781=CARTESIAN_POINT('',(-2.53422424207826,12.5,2.13210225145589));
#9782=CARTESIAN_POINT('Ctrl Pts',(-7.74128616655318,17.3075239857375,4.28893792068995));
#9783=CARTESIAN_POINT('Ctrl Pts',(-8.55695669913934,16.571448032253,4.62679971771522));
#9784=CARTESIAN_POINT('Ctrl Pts',(-9.55235124740358,15.6712797049418,5.03910563951851));
#9785=CARTESIAN_POINT('Origin',(-8.50665303128337,10.,2.44117885566738));
#9786=CARTESIAN_POINT('',(-2.39405856638324,12.5,-0.0907406729809626));
#9787=CARTESIAN_POINT('Ctrl Pts',(-10.3177181121338,15.6712797049418,3.19134657449594));
#9788=CARTESIAN_POINT('Ctrl Pts',(-9.32232356390487,16.571448032221,2.77904065270729));
#9789=CARTESIAN_POINT('Ctrl Pts',(-8.50665303128336,17.3075239857375,2.44117885566738));
#9790=CARTESIAN_POINT('Origin',(0.,17.5,-11.6));
#9791=CARTESIAN_POINT('',(1.42059028701093E-15,17.5,11.6));
#9792=CARTESIAN_POINT('Origin',(0.,17.5,3.47889256669192E-15));
#9793=CARTESIAN_POINT('Origin',(0.,17.5,3.47889256669192E-15));
#9794=CARTESIAN_POINT('Origin',(0.,17.5,3.47889256669192E-15));
#9795=CARTESIAN_POINT('Origin',(0.,17.5,3.47889256669192E-15));
#9796=CARTESIAN_POINT('Origin',(0.,17.5,3.47889256669192E-15));
#9797=CARTESIAN_POINT('Origin',(0.,17.5,3.47889256669192E-15));
#9798=CARTESIAN_POINT('Origin',(0.,17.5,3.47889256669192E-15));
#9799=CARTESIAN_POINT('Origin',(0.,17.5,3.47889256669192E-15));
#9800=CARTESIAN_POINT('Origin',(0.,17.5,3.47889256669192E-15));
#9801=CARTESIAN_POINT('Origin',(0.,17.5,3.47889256669192E-15));
#9802=CARTESIAN_POINT('Origin',(0.,17.5,3.47889256669192E-15));
#9803=CARTESIAN_POINT('Origin',(0.,17.5,3.47889256669192E-15));
#9804=CARTESIAN_POINT('Origin',(0.,17.5,3.47889256669192E-15));
#9805=CARTESIAN_POINT('Origin',(0.,17.4178932188135,3.46218843389982E-15));
#9806=CARTESIAN_POINT('Origin',(0.,17.4178932188135,3.46218843389982E-15));
#9807=CARTESIAN_POINT('Origin',(0.,17.4178932188135,3.46218843389982E-15));
#9808=CARTESIAN_POINT('Origin',(0.,17.4178932188135,3.46218843389982E-15));
#9809=CARTESIAN_POINT('Origin',(0.,17.4178932188135,3.46218843389982E-15));
#9810=CARTESIAN_POINT('Origin',(0.,17.4178932188135,3.46218843389982E-15));
#9811=CARTESIAN_POINT('Origin',(0.,17.4178932188135,3.46218843389982E-15));
#9812=CARTESIAN_POINT('Origin',(0.,17.4178932188135,3.46218843389982E-15));
#9813=CARTESIAN_POINT('Origin',(0.,17.4178932188135,3.46218843389982E-15));
#9814=CARTESIAN_POINT('Origin',(0.,17.4178932188135,3.46218843389982E-15));
#9815=CARTESIAN_POINT('Origin',(0.,17.4178932188135,3.46218843389982E-15));
#9816=CARTESIAN_POINT('Origin',(0.,16.1537619928688,3.20500850844589E-15));
#9817=CARTESIAN_POINT('',(0.,15.,-11.6));
#9818=CARTESIAN_POINT('',(-1.25220135212817E-15,16.1537619928688,-10.225));
#9819=CARTESIAN_POINT('',(1.42059028701093E-15,15.,11.6));
#9820=CARTESIAN_POINT('Origin',(0.,15.,2.97028254232175E-15));
#9821=CARTESIAN_POINT('Origin',(0.,15.,2.97028254232175E-15));
#9822=CARTESIAN_POINT('Origin',(0.,10.,1.95306249358143E-15));
#9823=CARTESIAN_POINT('',(1.22464679914735E-15,9.,-4.));
#9824=CARTESIAN_POINT('Origin',(0.,9.,1.74961848383336E-15));
#9825=CARTESIAN_POINT('',(1.83697019872103E-16,10.,-3.));
#9826=CARTESIAN_POINT('Origin',(-4.89858719658942E-16,10.,-4.));
#9827=CARTESIAN_POINT('',(3.67394039744206E-16,10.,3.));
#9828=CARTESIAN_POINT('Origin',(0.,10.,1.95306249358143E-15));
#9829=CARTESIAN_POINT('Origin',(0.,10.,1.95306249358143E-15));
#9830=CARTESIAN_POINT('Origin',(0.,14.25,2.81769953501071E-15));
#9831=CARTESIAN_POINT('',(3.67394039744206E-16,19.5,3.00000000000001));
#9832=CARTESIAN_POINT('Origin',(0.,19.5,3.88578058618805E-15));
#9833=CARTESIAN_POINT('',(3.67394039744206E-16,14.25,3.));
#9834=CARTESIAN_POINT('Origin',(0.,9.,-10.));
#9835=CARTESIAN_POINT('',(1.22464679914735E-15,9.,10.));
#9836=CARTESIAN_POINT('Origin',(0.,9.,1.74961848383336E-15));
#9837=CARTESIAN_POINT('',(-1.6,9.,-6.35));
#9838=CARTESIAN_POINT('Origin',(1.24785368008708E-15,9.,-6.35));
#9839=CARTESIAN_POINT('',(-1.6,9.,6.35));
#9840=CARTESIAN_POINT('Origin',(-4.70202962628511E-16,9.,6.35));
#9841=CARTESIAN_POINT('',(-7.95,9.,1.94556197169694E-15));
#9842=CARTESIAN_POINT('Origin',(-6.35,9.,1.74961848383336E-15));
#9843=CARTESIAN_POINT('',(4.75,9.,2.88596789695396E-15));
#9844=CARTESIAN_POINT('Origin',(6.35,9.,2.69002440909038E-15));
#9845=CARTESIAN_POINT('Origin',(6.35,18.675,4.65834520340292E-15));
#9846=CARTESIAN_POINT('',(3.1,19.5,5.22419672116796E-15));
#9847=CARTESIAN_POINT('Origin',(6.35,19.5,4.82618651144507E-15));
#9848=CARTESIAN_POINT('',(4.75,17.85,4.68644738322434E-15));
#9849=CARTESIAN_POINT('',(3.925,18.675,4.95532205219615E-15));
#9850=CARTESIAN_POINT('Origin',(6.35,17.85,4.49050389536076E-15));
#9851=CARTESIAN_POINT('Origin',(6.35,-18.414113467151,-2.88721275835525E-15));
#9852=CARTESIAN_POINT('',(4.75,-18.414113467151,-2.69126927049167E-15));
#9853=CARTESIAN_POINT('Origin',(-6.35,18.675,3.7179392781459E-15));
#9854=CARTESIAN_POINT('',(-9.6,19.5,4.28379079591094E-15));
#9855=CARTESIAN_POINT('Origin',(-6.35,19.5,3.88578058618805E-15));
#9856=CARTESIAN_POINT('',(-7.95,17.85,3.74604145796732E-15));
#9857=CARTESIAN_POINT('',(-8.775,18.675,4.01491612693913E-15));
#9858=CARTESIAN_POINT('Origin',(-6.35,17.85,3.55009797010374E-15));
#9859=CARTESIAN_POINT('Origin',(-6.35,-18.414113467151,-3.82761868361227E-15));
#9860=CARTESIAN_POINT('',(-7.95,-18.414113467151,-3.6316751957487E-15));
#9861=CARTESIAN_POINT('Origin',(-4.70202962628511E-16,18.675,6.35));
#9862=CARTESIAN_POINT('',(-3.25,19.5,6.35));
#9863=CARTESIAN_POINT('Origin',(-4.70202962628511E-16,19.5,6.35));
#9864=CARTESIAN_POINT('',(-1.6,17.85,6.35));
#9865=CARTESIAN_POINT('',(-2.425,18.675,6.35));
#9866=CARTESIAN_POINT('Origin',(-4.70202962628511E-16,17.85,6.35));
#9867=CARTESIAN_POINT('Origin',(-4.70202962628511E-16,-18.414113467151,
6.35));
#9868=CARTESIAN_POINT('',(-1.6,-18.414113467151,6.35));
#9869=CARTESIAN_POINT('Origin',(1.24785368008708E-15,18.675,-6.35));
#9870=CARTESIAN_POINT('',(-3.25,19.5,-6.35));
#9871=CARTESIAN_POINT('Origin',(1.24785368008708E-15,19.5,-6.35));
#9872=CARTESIAN_POINT('',(-1.6,17.85,-6.35));
#9873=CARTESIAN_POINT('',(-2.425,18.675,-6.35));
#9874=CARTESIAN_POINT('Origin',(1.24785368008708E-15,17.85,-6.35));
#9875=CARTESIAN_POINT('Origin',(1.24785368008708E-15,-18.414113467151,-6.35));
#9876=CARTESIAN_POINT('',(-1.6,-18.414113467151,-6.35));
#9877=CARTESIAN_POINT('Origin',(0.,12.5,-11.6));
#9878=CARTESIAN_POINT('',(1.42059028701093E-15,12.5,11.6));
#9879=CARTESIAN_POINT('Origin',(0.,12.5,2.46167251795159E-15));
#9880=CARTESIAN_POINT('Origin',(0.,13.75,2.71597753013667E-15));
#9881=CARTESIAN_POINT('',(1.42059028701093E-15,13.75,11.6));
#9882=CARTESIAN_POINT('Origin',(0.,17.4178932188135,3.46218843389982E-15));
#9883=CARTESIAN_POINT('Origin',(0.,18.5,3.68233657643998E-15));
#9884=CARTESIAN_POINT('',(1.42059028701093E-15,19.5,11.6));
#9885=CARTESIAN_POINT('Origin',(0.,19.5,3.88578058618805E-15));
#9886=CARTESIAN_POINT('',(1.42059028701093E-15,18.5,11.6));
#9887=CARTESIAN_POINT('Origin',(0.,19.5,-3.));
#9888=CARTESIAN_POINT('Origin',(0.,4.75,8.84981442404084E-16));
#9889=CARTESIAN_POINT('',(1.22464679914735E-15,4.75,10.));
#9890=UNCERTAINTY_MEASURE_WITH_UNIT(LENGTH_MEASURE(0.01),#9894,
'DISTANCE_ACCURACY_VALUE',
'Maximum model space distance between geometric entities at asserted c
onnectivities');
#9891=UNCERTAINTY_MEASURE_WITH_UNIT(LENGTH_MEASURE(0.01),#9894,
'DISTANCE_ACCURACY_VALUE',
'Maximum model space distance between geometric entities at asserted c
onnectivities');
#9892=(
GEOMETRIC_REPRESENTATION_CONTEXT(3)
GLOBAL_UNCERTAINTY_ASSIGNED_CONTEXT((#9890))
GLOBAL_UNIT_ASSIGNED_CONTEXT((#9894,#9896,#9897))
REPRESENTATION_CONTEXT('','3D')
);
#9893=(
GEOMETRIC_REPRESENTATION_CONTEXT(3)
GLOBAL_UNCERTAINTY_ASSIGNED_CONTEXT((#9891))
GLOBAL_UNIT_ASSIGNED_CONTEXT((#9894,#9896,#9897))
REPRESENTATION_CONTEXT('','3D')
);
#9894=(
LENGTH_UNIT()
NAMED_UNIT(*)
SI_UNIT(.MILLI.,.METRE.)
);
#9895=(
LENGTH_UNIT()
NAMED_UNIT(*)
SI_UNIT(.CENTI.,.METRE.)
);
#9896=(
NAMED_UNIT(*)
PLANE_ANGLE_UNIT()
SI_UNIT($,.RADIAN.)
);
#9897=(
NAMED_UNIT(*)
SI_UNIT($,.STERADIAN.)
SOLID_ANGLE_UNIT()
);
#9898=SHAPE_DEFINITION_REPRESENTATION(#9899,#9900);
#9899=PRODUCT_DEFINITION_SHAPE('',$,#9902);
#9900=SHAPE_REPRESENTATION('',(#5470),#9892);
#9901=PRODUCT_DEFINITION_CONTEXT('part definition',#9906,'design');
#9902=PRODUCT_DEFINITION('Felga','Felga',#9903,#9901);
#9903=PRODUCT_DEFINITION_FORMATION('',$,#9908);
#9904=PRODUCT_RELATED_PRODUCT_CATEGORY('Felga','Felga',(#9908));
#9905=APPLICATION_PROTOCOL_DEFINITION('international standard',
'automotive_design',2009,#9906);
#9906=APPLICATION_CONTEXT(
'Core Data for Automotive Mechanical Design Process');
#9907=PRODUCT_CONTEXT('part definition',#9906,'mechanical');
#9908=PRODUCT('Felga','Felga',$,(#9907));
#9909=PRESENTATION_STYLE_ASSIGNMENT((#9910));
#9910=SURFACE_STYLE_USAGE(.BOTH.,#9913);
#9911=SURFACE_STYLE_RENDERING_WITH_PROPERTIES($,#9917,(#9912));
#9912=SURFACE_STYLE_TRANSPARENT(0.);
#9913=SURFACE_SIDE_STYLE('',(#9914,#9911));
#9914=SURFACE_STYLE_FILL_AREA(#9915);
#9915=FILL_AREA_STYLE('',(#9916));
#9916=FILL_AREA_STYLE_COLOUR('',#9917);
#9917=COLOUR_RGB('',0.749019607843137,0.749019607843137,0.749019607843137);
ENDSEC;
END-ISO-10303-21;
