ISO-10303-21;
HEADER;
/* Generated by software containing ST-Developer
 * from STEP Tools, Inc. (www.steptools.com) 
 */

FILE_DESCRIPTION(
/* description */ (''),
/* implementation_level */ '2;1');

FILE_NAME(
/* name */ 'Felga2XForma.stp',
/* time_stamp */ '2026-08-04T14:16:27+02:00',
/* author */ ('szymo'),
/* organization */ (''),
/* preprocessor_version */ 'ST-DEVELOPER v20.1',
/* originating_system */ 'Autodesk Inventor 2026',
/* authorisation */ '');

FILE_SCHEMA (('AUTOMOTIVE_DESIGN { 1 0 10303 214 3 1 1 }'));
ENDSEC;

DATA;
#10=MECHANICAL_DESIGN_GEOMETRIC_PRESENTATION_REPRESENTATION('',(#23,#24),
#10093);
#11=ITEM_DEFINED_TRANSFORMATION($,$,#5591,#6215);
#12=ITEM_DEFINED_TRANSFORMATION($,$,#6202,#6216);
#13=(
REPRESENTATION_RELATIONSHIP($,$,#10107,#10106)
REPRESENTATION_RELATIONSHIP_WITH_TRANSFORMATION(#11)
SHAPE_REPRESENTATION_RELATIONSHIP()
);
#14=(
REPRESENTATION_RELATIONSHIP($,$,#10108,#10106)
REPRESENTATION_RELATIONSHIP_WITH_TRANSFORMATION(#12)
SHAPE_REPRESENTATION_RELATIONSHIP()
);
#15=CONTEXT_DEPENDENT_SHAPE_REPRESENTATION(#13,#10104);
#16=CONTEXT_DEPENDENT_SHAPE_REPRESENTATION(#14,#10105);
#17=NEXT_ASSEMBLY_USAGE_OCCURRENCE('Felga2:1','Felga2:1','Felga2:1',#10110,
#10111,'Felga2:1');
#18=NEXT_ASSEMBLY_USAGE_OCCURRENCE('FelgaForma:1','FelgaForma:1',
'FelgaForma:1',#10110,#10112,'FelgaForma:1');
#19=SHAPE_REPRESENTATION_RELATIONSHIP('SRR','None',#10107,#21);
#20=SHAPE_REPRESENTATION_RELATIONSHIP('SRR','None',#10108,#22);
#21=ADVANCED_BREP_SHAPE_REPRESENTATION('',(#25),#10091);
#22=ADVANCED_BREP_SHAPE_REPRESENTATION('',(#26),#10092);
#23=STYLED_ITEM('',(#5563),#25);
#24=STYLED_ITEM('',(#5563),#26);
#25=MANIFOLD_SOLID_BREP('Solid2',#5535);
#26=MANIFOLD_SOLID_BREP('Solid1',#5536);
#27=FACE_BOUND('',#711,.T.);
#28=FACE_BOUND('',#849,.T.);
#29=FACE_BOUND('',#865,.T.);
#30=FACE_BOUND('',#866,.T.);
#31=FACE_BOUND('',#867,.T.);
#32=FACE_BOUND('',#868,.T.);
#33=FACE_BOUND('',#869,.T.);
#34=FACE_BOUND('',#879,.T.);
#35=FACE_BOUND('',#884,.T.);
#36=FACE_BOUND('',#885,.T.);
#37=FACE_BOUND('',#886,.T.);
#38=FACE_BOUND('',#887,.T.);
#39=FACE_BOUND('',#888,.T.);
#40=FACE_BOUND('',#889,.T.);
#41=FACE_BOUND('',#890,.T.);
#42=FACE_BOUND('',#891,.T.);
#43=FACE_BOUND('',#892,.T.);
#44=FACE_BOUND('',#893,.T.);
#45=FACE_BOUND('',#894,.T.);
#46=FACE_BOUND('',#895,.T.);
#47=FACE_BOUND('',#896,.T.);
#48=FACE_BOUND('',#897,.T.);
#49=FACE_BOUND('',#898,.T.);
#50=FACE_BOUND('',#899,.T.);
#51=FACE_BOUND('',#900,.T.);
#52=FACE_BOUND('',#905,.T.);
#53=FACE_BOUND('',#908,.T.);
#54=FACE_BOUND('',#910,.T.);
#55=CYLINDRICAL_SURFACE('',#5728,8.85);
#56=CYLINDRICAL_SURFACE('',#5730,8.85);
#57=CYLINDRICAL_SURFACE('',#5732,8.85);
#58=CYLINDRICAL_SURFACE('',#5734,8.85);
#59=CYLINDRICAL_SURFACE('',#5774,8.85);
#60=CYLINDRICAL_SURFACE('',#5776,10.8);
#61=CYLINDRICAL_SURFACE('',#5778,10.8);
#62=CYLINDRICAL_SURFACE('',#5782,10.8);
#63=CYLINDRICAL_SURFACE('',#5784,10.8);
#64=CYLINDRICAL_SURFACE('',#5786,10.8);
#65=CYLINDRICAL_SURFACE('',#5788,10.8);
#66=CYLINDRICAL_SURFACE('',#5790,10.8);
#67=CYLINDRICAL_SURFACE('',#5792,10.8);
#68=CYLINDRICAL_SURFACE('',#5794,10.8);
#69=CYLINDRICAL_SURFACE('',#5796,10.8);
#70=CYLINDRICAL_SURFACE('',#5799,10.8);
#71=CYLINDRICAL_SURFACE('',#5801,10.8);
#72=CYLINDRICAL_SURFACE('',#5804,10.8);
#73=CYLINDRICAL_SURFACE('',#5806,10.8);
#74=CYLINDRICAL_SURFACE('',#5810,10.8);
#75=CYLINDRICAL_SURFACE('',#5812,10.8);
#76=CYLINDRICAL_SURFACE('',#5815,11.6);
#77=CYLINDRICAL_SURFACE('',#5817,11.6);
#78=CYLINDRICAL_SURFACE('',#5819,11.6);
#79=CYLINDRICAL_SURFACE('',#5821,11.6);
#80=CYLINDRICAL_SURFACE('',#5823,11.6);
#81=CYLINDRICAL_SURFACE('',#5825,11.6);
#82=CYLINDRICAL_SURFACE('',#5827,11.6);
#83=CYLINDRICAL_SURFACE('',#5829,11.6);
#84=CYLINDRICAL_SURFACE('',#5831,11.6);
#85=CYLINDRICAL_SURFACE('',#5833,11.6);
#86=CYLINDRICAL_SURFACE('',#5835,11.6);
#87=CYLINDRICAL_SURFACE('',#5837,11.6);
#88=CYLINDRICAL_SURFACE('',#5839,11.6);
#89=CYLINDRICAL_SURFACE('',#5841,11.6);
#90=CYLINDRICAL_SURFACE('',#5843,11.6);
#91=CYLINDRICAL_SURFACE('',#5845,11.6);
#92=CYLINDRICAL_SURFACE('',#5849,0.5);
#93=CYLINDRICAL_SURFACE('',#5852,10.8);
#94=CYLINDRICAL_SURFACE('',#5855,0.5);
#95=CYLINDRICAL_SURFACE('',#5859,0.5);
#96=CYLINDRICAL_SURFACE('',#5862,0.5);
#97=CYLINDRICAL_SURFACE('',#5866,0.5);
#98=CYLINDRICAL_SURFACE('',#5869,10.8);
#99=CYLINDRICAL_SURFACE('',#5872,0.5);
#100=CYLINDRICAL_SURFACE('',#5876,0.5);
#101=CYLINDRICAL_SURFACE('',#5879,0.5);
#102=CYLINDRICAL_SURFACE('',#5883,0.5);
#103=CYLINDRICAL_SURFACE('',#5886,0.5);
#104=CYLINDRICAL_SURFACE('',#5890,0.5);
#105=CYLINDRICAL_SURFACE('',#5893,10.8);
#106=CYLINDRICAL_SURFACE('',#5896,0.5);
#107=CYLINDRICAL_SURFACE('',#5900,0.5);
#108=CYLINDRICAL_SURFACE('',#5903,0.5);
#109=CYLINDRICAL_SURFACE('',#5907,0.5);
#110=CYLINDRICAL_SURFACE('',#5910,10.8);
#111=CYLINDRICAL_SURFACE('',#5913,0.5);
#112=CYLINDRICAL_SURFACE('',#5917,0.5);
#113=CYLINDRICAL_SURFACE('',#5921,0.5);
#114=CYLINDRICAL_SURFACE('',#5924,10.8);
#115=CYLINDRICAL_SURFACE('',#5927,0.5);
#116=CYLINDRICAL_SURFACE('',#5931,0.5);
#117=CYLINDRICAL_SURFACE('',#5934,0.5);
#118=CYLINDRICAL_SURFACE('',#5937,10.8);
#119=CYLINDRICAL_SURFACE('',#5940,0.5);
#120=CYLINDRICAL_SURFACE('',#5944,0.5);
#121=CYLINDRICAL_SURFACE('',#5947,0.5);
#122=CYLINDRICAL_SURFACE('',#5951,0.5);
#123=CYLINDRICAL_SURFACE('',#5954,10.8);
#124=CYLINDRICAL_SURFACE('',#5957,0.5);
#125=CYLINDRICAL_SURFACE('',#5961,0.5);
#126=CYLINDRICAL_SURFACE('',#5964,0.5);
#127=CYLINDRICAL_SURFACE('',#5968,0.5);
#128=CYLINDRICAL_SURFACE('',#5971,10.8);
#129=CYLINDRICAL_SURFACE('',#5974,0.5);
#130=CYLINDRICAL_SURFACE('',#5978,0.5);
#131=CYLINDRICAL_SURFACE('',#5982,0.5);
#132=CYLINDRICAL_SURFACE('',#5985,0.5);
#133=CYLINDRICAL_SURFACE('',#5989,0.5);
#134=CYLINDRICAL_SURFACE('',#5992,10.8);
#135=CYLINDRICAL_SURFACE('',#5995,0.5);
#136=CYLINDRICAL_SURFACE('',#5999,0.5);
#137=CYLINDRICAL_SURFACE('',#6002,0.5);
#138=CYLINDRICAL_SURFACE('',#6006,0.5);
#139=CYLINDRICAL_SURFACE('',#6009,10.8);
#140=CYLINDRICAL_SURFACE('',#6012,0.5);
#141=CYLINDRICAL_SURFACE('',#6016,0.5);
#142=CYLINDRICAL_SURFACE('',#6019,0.5);
#143=CYLINDRICAL_SURFACE('',#6023,0.5);
#144=CYLINDRICAL_SURFACE('',#6026,10.8);
#145=CYLINDRICAL_SURFACE('',#6029,0.5);
#146=CYLINDRICAL_SURFACE('',#6033,0.5);
#147=CYLINDRICAL_SURFACE('',#6036,0.5);
#148=CYLINDRICAL_SURFACE('',#6039,10.8);
#149=CYLINDRICAL_SURFACE('',#6042,0.5);
#150=CYLINDRICAL_SURFACE('',#6046,0.5);
#151=CYLINDRICAL_SURFACE('',#6049,0.5);
#152=CYLINDRICAL_SURFACE('',#6054,10.8);
#153=CYLINDRICAL_SURFACE('',#6062,10.8);
#154=CYLINDRICAL_SURFACE('',#6066,10.8);
#155=CYLINDRICAL_SURFACE('',#6071,10.8);
#156=CYLINDRICAL_SURFACE('',#6077,10.8);
#157=CYLINDRICAL_SURFACE('',#6082,10.8);
#158=CYLINDRICAL_SURFACE('',#6087,10.8);
#159=CYLINDRICAL_SURFACE('',#6092,10.8);
#160=CYLINDRICAL_SURFACE('',#6097,10.8);
#161=CYLINDRICAL_SURFACE('',#6102,10.8);
#162=CYLINDRICAL_SURFACE('',#6107,10.8);
#163=CYLINDRICAL_SURFACE('',#6112,10.8);
#164=CYLINDRICAL_SURFACE('',#6117,10.8);
#165=CYLINDRICAL_SURFACE('',#6122,10.8);
#166=CYLINDRICAL_SURFACE('',#6127,10.8);
#167=CYLINDRICAL_SURFACE('',#6132,10.8);
#168=CYLINDRICAL_SURFACE('',#6170,3.);
#169=CYLINDRICAL_SURFACE('',#6181,1.6);
#170=CYLINDRICAL_SURFACE('',#6185,1.6);
#171=CYLINDRICAL_SURFACE('',#6189,1.6);
#172=CYLINDRICAL_SURFACE('',#6193,1.6);
#173=CYLINDRICAL_SURFACE('',#6196,11.6);
#174=CYLINDRICAL_SURFACE('',#6198,11.6);
#175=CYLINDRICAL_SURFACE('',#6201,10.);
#176=CYLINDRICAL_SURFACE('',#6203,15.);
#177=CYLINDRICAL_SURFACE('',#6206,15.4);
#178=CYLINDRICAL_SURFACE('',#6210,11.6);
#179=PLANE('',#5661);
#180=PLANE('',#5664);
#181=PLANE('',#5667);
#182=PLANE('',#5670);
#183=PLANE('',#5673);
#184=PLANE('',#5676);
#185=PLANE('',#5680);
#186=PLANE('',#5684);
#187=PLANE('',#5688);
#188=PLANE('',#5690);
#189=PLANE('',#5691);
#190=PLANE('',#5692);
#191=PLANE('',#5696);
#192=PLANE('',#5701);
#193=PLANE('',#5705);
#194=PLANE('',#5708);
#195=PLANE('',#5709);
#196=PLANE('',#5712);
#197=PLANE('',#5713);
#198=PLANE('',#5717);
#199=PLANE('',#5722);
#200=PLANE('',#5724);
#201=PLANE('',#5725);
#202=PLANE('',#5726);
#203=PLANE('',#5727);
#204=PLANE('',#5780);
#205=PLANE('',#5781);
#206=PLANE('',#5798);
#207=PLANE('',#5803);
#208=PLANE('',#5808);
#209=PLANE('',#5809);
#210=PLANE('',#5814);
#211=PLANE('',#5847);
#212=PLANE('',#5858);
#213=PLANE('',#5865);
#214=PLANE('',#5875);
#215=PLANE('',#5882);
#216=PLANE('',#5889);
#217=PLANE('',#5899);
#218=PLANE('',#5906);
#219=PLANE('',#5916);
#220=PLANE('',#5920);
#221=PLANE('',#5930);
#222=PLANE('',#5943);
#223=PLANE('',#5950);
#224=PLANE('',#5960);
#225=PLANE('',#5967);
#226=PLANE('',#5977);
#227=PLANE('',#5981);
#228=PLANE('',#5988);
#229=PLANE('',#5998);
#230=PLANE('',#6005);
#231=PLANE('',#6015);
#232=PLANE('',#6022);
#233=PLANE('',#6032);
#234=PLANE('',#6045);
#235=PLANE('',#6052);
#236=PLANE('',#6053);
#237=PLANE('',#6057);
#238=PLANE('',#6058);
#239=PLANE('',#6059);
#240=PLANE('',#6060);
#241=PLANE('',#6064);
#242=PLANE('',#6065);
#243=PLANE('',#6069);
#244=PLANE('',#6070);
#245=PLANE('',#6074);
#246=PLANE('',#6075);
#247=PLANE('',#6076);
#248=PLANE('',#6080);
#249=PLANE('',#6081);
#250=PLANE('',#6085);
#251=PLANE('',#6086);
#252=PLANE('',#6090);
#253=PLANE('',#6091);
#254=PLANE('',#6095);
#255=PLANE('',#6096);
#256=PLANE('',#6100);
#257=PLANE('',#6101);
#258=PLANE('',#6105);
#259=PLANE('',#6106);
#260=PLANE('',#6110);
#261=PLANE('',#6111);
#262=PLANE('',#6115);
#263=PLANE('',#6116);
#264=PLANE('',#6120);
#265=PLANE('',#6121);
#266=PLANE('',#6125);
#267=PLANE('',#6126);
#268=PLANE('',#6130);
#269=PLANE('',#6131);
#270=PLANE('',#6135);
#271=PLANE('',#6136);
#272=PLANE('',#6137);
#273=PLANE('',#6172);
#274=PLANE('',#6194);
#275=PLANE('',#6200);
#276=PLANE('',#6209);
#277=PLANE('',#6213);
#278=PLANE('',#6214);
#279=(
BOUNDED_CURVE()
B_SPLINE_CURVE(2,(#7889,#7890,#7891),.UNSPECIFIED.,.F.,.F.)
B_SPLINE_CURVE_WITH_KNOTS((3,3),(2.95592083349924,2.99295909607507),
 .UNSPECIFIED.)
CURVE()
GEOMETRIC_REPRESENTATION_ITEM()
RATIONAL_B_SPLINE_CURVE((1.30741230259946,1.29779942559818,1.28789738065686))
REPRESENTATION_ITEM('')
);
#280=(
BOUNDED_CURVE()
B_SPLINE_CURVE(2,(#7895,#7896,#7897),.UNSPECIFIED.,.F.,.F.)
B_SPLINE_CURVE_WITH_KNOTS((3,3),(0.456339438124873,0.493377700701133),
 .UNSPECIFIED.)
CURVE()
GEOMETRIC_REPRESENTATION_ITEM()
RATIONAL_B_SPLINE_CURVE((1.28789738065664,1.29779942559807,1.30741230259946))
REPRESENTATION_ITEM('')
);
#281=(
BOUNDED_CURVE()
B_SPLINE_CURVE(2,(#7901,#7902,#7903),.UNSPECIFIED.,.F.,.F.)
B_SPLINE_CURVE_WITH_KNOTS((3,3),(2.95592083349923,2.99295909607507),
 .UNSPECIFIED.)
CURVE()
GEOMETRIC_REPRESENTATION_ITEM()
RATIONAL_B_SPLINE_CURVE((1.30741230259946,1.29779942559818,1.28789738065686))
REPRESENTATION_ITEM('')
);
#282=(
BOUNDED_CURVE()
B_SPLINE_CURVE(2,(#7907,#7908,#7909),.UNSPECIFIED.,.F.,.F.)
B_SPLINE_CURVE_WITH_KNOTS((3,3),(0.456339438124872,0.493377700701132),
 .UNSPECIFIED.)
CURVE()
GEOMETRIC_REPRESENTATION_ITEM()
RATIONAL_B_SPLINE_CURVE((1.28789738065664,1.29779942559807,1.30741230259946))
REPRESENTATION_ITEM('')
);
#283=(
BOUNDED_CURVE()
B_SPLINE_CURVE(2,(#7913,#7914,#7915),.UNSPECIFIED.,.F.,.F.)
B_SPLINE_CURVE_WITH_KNOTS((3,3),(2.95592083349923,3.02291240982555),
 .UNSPECIFIED.)
CURVE()
GEOMETRIC_REPRESENTATION_ITEM()
RATIONAL_B_SPLINE_CURVE((1.30741230259946,1.29002536977484,1.27169244090094))
REPRESENTATION_ITEM('')
);
#284=(
BOUNDED_CURVE()
B_SPLINE_CURVE(2,(#7919,#7920,#7921),.UNSPECIFIED.,.F.,.F.)
B_SPLINE_CURVE_WITH_KNOTS((3,3),(0.426386124374816,0.493377700701134),
 .UNSPECIFIED.)
CURVE()
GEOMETRIC_REPRESENTATION_ITEM()
RATIONAL_B_SPLINE_CURVE((1.27169244090094,1.29002536977484,1.30741230259946))
REPRESENTATION_ITEM('')
);
#285=(
BOUNDED_CURVE()
B_SPLINE_CURVE(2,(#7925,#7926,#7927),.UNSPECIFIED.,.F.,.F.)
B_SPLINE_CURVE_WITH_KNOTS((3,3),(2.95592083349924,3.02291240982555),
 .UNSPECIFIED.)
CURVE()
GEOMETRIC_REPRESENTATION_ITEM()
RATIONAL_B_SPLINE_CURVE((1.30741230259946,1.29002536977484,1.27169244090094))
REPRESENTATION_ITEM('')
);
#286=(
BOUNDED_CURVE()
B_SPLINE_CURVE(2,(#7931,#7932,#7933),.UNSPECIFIED.,.F.,.F.)
B_SPLINE_CURVE_WITH_KNOTS((3,3),(0.426386124374816,0.493377700701134),
 .UNSPECIFIED.)
CURVE()
GEOMETRIC_REPRESENTATION_ITEM()
RATIONAL_B_SPLINE_CURVE((1.27169244090094,1.29002536977484,1.30741230259946))
REPRESENTATION_ITEM('')
);
#287=(
BOUNDED_CURVE()
B_SPLINE_CURVE(2,(#7937,#7938,#7939),.UNSPECIFIED.,.F.,.F.)
B_SPLINE_CURVE_WITH_KNOTS((3,3),(2.95592083349924,3.02291240982555),
 .UNSPECIFIED.)
CURVE()
GEOMETRIC_REPRESENTATION_ITEM()
RATIONAL_B_SPLINE_CURVE((1.30741230259946,1.29002536977484,1.27169244090094))
REPRESENTATION_ITEM('')
);
#288=(
BOUNDED_CURVE()
B_SPLINE_CURVE(2,(#7943,#7944,#7945),.UNSPECIFIED.,.F.,.F.)
B_SPLINE_CURVE_WITH_KNOTS((3,3),(0.426386124374818,0.493377700701137),
 .UNSPECIFIED.)
CURVE()
GEOMETRIC_REPRESENTATION_ITEM()
RATIONAL_B_SPLINE_CURVE((1.27169244090094,1.29002536977484,1.30741230259946))
REPRESENTATION_ITEM('')
);
#289=(
BOUNDED_CURVE()
B_SPLINE_CURVE(2,(#7949,#7950,#7951),.UNSPECIFIED.,.F.,.F.)
B_SPLINE_CURVE_WITH_KNOTS((3,3),(2.95592083349924,2.99295909607507),
 .UNSPECIFIED.)
CURVE()
GEOMETRIC_REPRESENTATION_ITEM()
RATIONAL_B_SPLINE_CURVE((1.30741230259946,1.29779942559818,1.28789738065687))
REPRESENTATION_ITEM('')
);
#290=(
BOUNDED_CURVE()
B_SPLINE_CURVE(2,(#7955,#7956,#7957),.UNSPECIFIED.,.F.,.F.)
B_SPLINE_CURVE_WITH_KNOTS((3,3),(0.456339438124875,0.493377700701135),
 .UNSPECIFIED.)
CURVE()
GEOMETRIC_REPRESENTATION_ITEM()
RATIONAL_B_SPLINE_CURVE((1.28789738065664,1.29779942559807,1.30741230259946))
REPRESENTATION_ITEM('')
);
#291=(
BOUNDED_CURVE()
B_SPLINE_CURVE(2,(#7961,#7962,#7963),.UNSPECIFIED.,.F.,.F.)
B_SPLINE_CURVE_WITH_KNOTS((3,3),(2.95592083349924,3.02291240982556),
 .UNSPECIFIED.)
CURVE()
GEOMETRIC_REPRESENTATION_ITEM()
RATIONAL_B_SPLINE_CURVE((1.30741230259946,1.29002536977484,1.27169244090094))
REPRESENTATION_ITEM('')
);
#292=(
BOUNDED_CURVE()
B_SPLINE_CURVE(2,(#7967,#7968,#7969),.UNSPECIFIED.,.F.,.F.)
B_SPLINE_CURVE_WITH_KNOTS((3,3),(0.426386124374818,0.493377700701136),
 .UNSPECIFIED.)
CURVE()
GEOMETRIC_REPRESENTATION_ITEM()
RATIONAL_B_SPLINE_CURVE((1.27169244090094,1.29002536977484,1.30741230259946))
REPRESENTATION_ITEM('')
);
#293=(
BOUNDED_CURVE()
B_SPLINE_CURVE(2,(#7973,#7974,#7975),.UNSPECIFIED.,.F.,.F.)
B_SPLINE_CURVE_WITH_KNOTS((3,3),(2.95592083349924,2.99295909607507),
 .UNSPECIFIED.)
CURVE()
GEOMETRIC_REPRESENTATION_ITEM()
RATIONAL_B_SPLINE_CURVE((1.30741230259946,1.29779942559818,1.28789738065686))
REPRESENTATION_ITEM('')
);
#294=(
BOUNDED_CURVE()
B_SPLINE_CURVE(2,(#7979,#7980,#7981),.UNSPECIFIED.,.F.,.F.)
B_SPLINE_CURVE_WITH_KNOTS((3,3),(0.456339438124877,0.493377700701138),
 .UNSPECIFIED.)
CURVE()
GEOMETRIC_REPRESENTATION_ITEM()
RATIONAL_B_SPLINE_CURVE((1.28789738065664,1.29779942559807,1.30741230259946))
REPRESENTATION_ITEM('')
);
#295=(
BOUNDED_CURVE()
B_SPLINE_CURVE(2,(#7984,#7985,#7986),.UNSPECIFIED.,.F.,.F.)
B_SPLINE_CURVE_WITH_KNOTS((3,3),(2.95592083349923,3.02291240982555),
 .UNSPECIFIED.)
CURVE()
GEOMETRIC_REPRESENTATION_ITEM()
RATIONAL_B_SPLINE_CURVE((1.30741230259946,1.29002536977484,1.27169244090094))
REPRESENTATION_ITEM('')
);
#296=(
BOUNDED_CURVE()
B_SPLINE_CURVE(2,(#7988,#7989,#7990),.UNSPECIFIED.,.F.,.F.)
B_SPLINE_CURVE_WITH_KNOTS((3,3),(0.426386124374819,0.493377700701137),
 .UNSPECIFIED.)
CURVE()
GEOMETRIC_REPRESENTATION_ITEM()
RATIONAL_B_SPLINE_CURVE((1.27169244090094,1.29002536977484,1.30741230259946))
REPRESENTATION_ITEM('')
);
#297=(
BOUNDED_CURVE()
B_SPLINE_CURVE(2,(#7994,#7995,#7996),.UNSPECIFIED.,.F.,.F.)
B_SPLINE_CURVE_WITH_KNOTS((3,3),(2.95592083349923,3.02291240982555),
 .UNSPECIFIED.)
CURVE()
GEOMETRIC_REPRESENTATION_ITEM()
RATIONAL_B_SPLINE_CURVE((1.30741230259946,1.29002536977484,1.27169244090094))
REPRESENTATION_ITEM('')
);
#298=(
BOUNDED_CURVE()
B_SPLINE_CURVE(2,(#8000,#8001,#8002),.UNSPECIFIED.,.F.,.F.)
B_SPLINE_CURVE_WITH_KNOTS((3,3),(0.426386124374818,0.493377700701136),
 .UNSPECIFIED.)
CURVE()
GEOMETRIC_REPRESENTATION_ITEM()
RATIONAL_B_SPLINE_CURVE((1.27169244090094,1.29002536977484,1.30741230259946))
REPRESENTATION_ITEM('')
);
#299=(
BOUNDED_CURVE()
B_SPLINE_CURVE(2,(#8006,#8007,#8008),.UNSPECIFIED.,.F.,.F.)
B_SPLINE_CURVE_WITH_KNOTS((3,3),(2.95592083349923,3.02291240982555),
 .UNSPECIFIED.)
CURVE()
GEOMETRIC_REPRESENTATION_ITEM()
RATIONAL_B_SPLINE_CURVE((1.30741230259946,1.29002536977484,1.27169244090094))
REPRESENTATION_ITEM('')
);
#300=(
BOUNDED_CURVE()
B_SPLINE_CURVE(2,(#8012,#8013,#8014),.UNSPECIFIED.,.F.,.F.)
B_SPLINE_CURVE_WITH_KNOTS((3,3),(0.426386124374818,0.493377700701136),
 .UNSPECIFIED.)
CURVE()
GEOMETRIC_REPRESENTATION_ITEM()
RATIONAL_B_SPLINE_CURVE((1.27169244090094,1.29002536977484,1.30741230259946))
REPRESENTATION_ITEM('')
);
#301=(
BOUNDED_CURVE()
B_SPLINE_CURVE(2,(#8018,#8019,#8020),.UNSPECIFIED.,.F.,.F.)
B_SPLINE_CURVE_WITH_KNOTS((3,3),(2.95592083349923,2.99295909607507),
 .UNSPECIFIED.)
CURVE()
GEOMETRIC_REPRESENTATION_ITEM()
RATIONAL_B_SPLINE_CURVE((1.30741230259946,1.29779942559818,1.28789738065686))
REPRESENTATION_ITEM('')
);
#302=(
BOUNDED_CURVE()
B_SPLINE_CURVE(2,(#8024,#8025,#8026),.UNSPECIFIED.,.F.,.F.)
B_SPLINE_CURVE_WITH_KNOTS((3,3),(0.456339438124874,0.493377700701134),
 .UNSPECIFIED.)
CURVE()
GEOMETRIC_REPRESENTATION_ITEM()
RATIONAL_B_SPLINE_CURVE((1.28789738065664,1.29779942559807,1.30741230259946))
REPRESENTATION_ITEM('')
);
#303=(
BOUNDED_CURVE()
B_SPLINE_CURVE(2,(#8030,#8031,#8032),.UNSPECIFIED.,.F.,.F.)
B_SPLINE_CURVE_WITH_KNOTS((3,3),(2.95592083349923,2.99295909607507),
 .UNSPECIFIED.)
CURVE()
GEOMETRIC_REPRESENTATION_ITEM()
RATIONAL_B_SPLINE_CURVE((1.30741230259946,1.29779942559818,1.28789738065686))
REPRESENTATION_ITEM('')
);
#304=(
BOUNDED_CURVE()
B_SPLINE_CURVE(2,(#8036,#8037,#8038),.UNSPECIFIED.,.F.,.F.)
B_SPLINE_CURVE_WITH_KNOTS((3,3),(0.456339438124874,0.493377700701134),
 .UNSPECIFIED.)
CURVE()
GEOMETRIC_REPRESENTATION_ITEM()
RATIONAL_B_SPLINE_CURVE((1.28789738065664,1.29779942559807,1.30741230259946))
REPRESENTATION_ITEM('')
);
#305=(
BOUNDED_CURVE()
B_SPLINE_CURVE(2,(#8042,#8043,#8044),.UNSPECIFIED.,.F.,.F.)
B_SPLINE_CURVE_WITH_KNOTS((3,3),(2.95592083349923,3.02825843669541),
 .UNSPECIFIED.)
CURVE()
GEOMETRIC_REPRESENTATION_ITEM()
RATIONAL_B_SPLINE_CURVE((1.30741230259946,1.28863786682056,1.26876042686072))
REPRESENTATION_ITEM('')
);
#306=(
BOUNDED_CURVE()
B_SPLINE_CURVE(2,(#8048,#8049,#8050),.UNSPECIFIED.,.F.,.F.)
B_SPLINE_CURVE_WITH_KNOTS((3,3),(0.42104009750496,0.493377700701134),
 .UNSPECIFIED.)
CURVE()
GEOMETRIC_REPRESENTATION_ITEM()
RATIONAL_B_SPLINE_CURVE((1.26876042686072,1.28863786682056,1.30741230259946))
REPRESENTATION_ITEM('')
);
#307=(
BOUNDED_CURVE()
B_SPLINE_CURVE(2,(#8054,#8055,#8056),.UNSPECIFIED.,.F.,.F.)
B_SPLINE_CURVE_WITH_KNOTS((3,3),(2.95592083349923,3.02291240982555),
 .UNSPECIFIED.)
CURVE()
GEOMETRIC_REPRESENTATION_ITEM()
RATIONAL_B_SPLINE_CURVE((1.30741230259946,1.29002536977484,1.27169244090094))
REPRESENTATION_ITEM('')
);
#308=(
BOUNDED_CURVE()
B_SPLINE_CURVE(2,(#8060,#8061,#8062),.UNSPECIFIED.,.F.,.F.)
B_SPLINE_CURVE_WITH_KNOTS((3,3),(0.426386124374816,0.493377700701134),
 .UNSPECIFIED.)
CURVE()
GEOMETRIC_REPRESENTATION_ITEM()
RATIONAL_B_SPLINE_CURVE((1.27169244090094,1.29002536977484,1.30741230259946))
REPRESENTATION_ITEM('')
);
#309=(
BOUNDED_CURVE()
B_SPLINE_CURVE(2,(#8066,#8067,#8068),.UNSPECIFIED.,.F.,.F.)
B_SPLINE_CURVE_WITH_KNOTS((3,3),(2.95592083349923,3.02291240982555),
 .UNSPECIFIED.)
CURVE()
GEOMETRIC_REPRESENTATION_ITEM()
RATIONAL_B_SPLINE_CURVE((1.30741230259946,1.29002536977484,1.27169244090094))
REPRESENTATION_ITEM('')
);
#310=(
BOUNDED_CURVE()
B_SPLINE_CURVE(2,(#8072,#8073,#8074),.UNSPECIFIED.,.F.,.F.)
B_SPLINE_CURVE_WITH_KNOTS((3,3),(0.426386124374816,0.493377700701134),
 .UNSPECIFIED.)
CURVE()
GEOMETRIC_REPRESENTATION_ITEM()
RATIONAL_B_SPLINE_CURVE((1.27169244090094,1.29002536977484,1.30741230259946))
REPRESENTATION_ITEM('')
);
#311=(
BOUNDED_CURVE()
B_SPLINE_CURVE(2,(#9744,#9745,#9746),.UNSPECIFIED.,.F.,.F.)
B_SPLINE_CURVE_WITH_KNOTS((3,3),(0.,0.265135855209274),.UNSPECIFIED.)
CURVE()
GEOMETRIC_REPRESENTATION_ITEM()
RATIONAL_B_SPLINE_CURVE((1.,1.00681771373174,1.00359370114798))
REPRESENTATION_ITEM('')
);
#312=(
BOUNDED_CURVE()
B_SPLINE_CURVE(2,(#9749,#9750,#9751),.UNSPECIFIED.,.F.,.F.)
B_SPLINE_CURVE_WITH_KNOTS((3,3),(0.0948859784982083,0.360021833705279),
 .UNSPECIFIED.)
CURVE()
GEOMETRIC_REPRESENTATION_ITEM()
RATIONAL_B_SPLINE_CURVE((1.00359370114233,1.00681771372087,1.))
REPRESENTATION_ITEM('')
);
#313=(
BOUNDED_CURVE()
B_SPLINE_CURVE(2,(#9764,#9765,#9766),.UNSPECIFIED.,.F.,.F.)
B_SPLINE_CURVE_WITH_KNOTS((3,3),(0.,0.265135855198834),.UNSPECIFIED.)
CURVE()
GEOMETRIC_REPRESENTATION_ITEM()
RATIONAL_B_SPLINE_CURVE((1.,1.00681771370818,1.00359370113595))
REPRESENTATION_ITEM('')
);
#314=(
BOUNDED_CURVE()
B_SPLINE_CURVE(2,(#9769,#9770,#9771),.UNSPECIFIED.,.F.,.F.)
B_SPLINE_CURVE_WITH_KNOTS((3,3),(0.0948859784907968,0.360021833705279),
 .UNSPECIFIED.)
CURVE()
GEOMETRIC_REPRESENTATION_ITEM()
RATIONAL_B_SPLINE_CURVE((1.0035937011552,1.00681771374582,1.))
REPRESENTATION_ITEM('')
);
#315=(
BOUNDED_CURVE()
B_SPLINE_CURVE(2,(#9782,#9783,#9784),.UNSPECIFIED.,.F.,.F.)
B_SPLINE_CURVE_WITH_KNOTS((3,3),(0.,0.265135855216586),.UNSPECIFIED.)
CURVE()
GEOMETRIC_REPRESENTATION_ITEM()
RATIONAL_B_SPLINE_CURVE((1.,1.00681771374958,1.00359370115711))
REPRESENTATION_ITEM('')
);
#316=(
BOUNDED_CURVE()
B_SPLINE_CURVE(2,(#9787,#9788,#9789),.UNSPECIFIED.,.F.,.F.)
B_SPLINE_CURVE_WITH_KNOTS((3,3),(0.0948859784820999,0.360021833705279),
 .UNSPECIFIED.)
CURVE()
GEOMETRIC_REPRESENTATION_ITEM()
RATIONAL_B_SPLINE_CURVE((1.00359370116697,1.00681771376877,1.))
REPRESENTATION_ITEM('')
);
#317=(
BOUNDED_CURVE()
B_SPLINE_CURVE(2,(#9802,#9803,#9804),.UNSPECIFIED.,.F.,.F.)
B_SPLINE_CURVE_WITH_KNOTS((3,3),(0.,0.265135855205568),.UNSPECIFIED.)
CURVE()
GEOMETRIC_REPRESENTATION_ITEM()
RATIONAL_B_SPLINE_CURVE((1.,1.0068177137263,1.00359370114525))
REPRESENTATION_ITEM('')
);
#318=(
BOUNDED_CURVE()
B_SPLINE_CURVE(2,(#9807,#9808,#9809),.UNSPECIFIED.,.F.,.F.)
B_SPLINE_CURVE_WITH_KNOTS((3,3),(0.0948859784958151,0.360021833705279),
 .UNSPECIFIED.)
CURVE()
GEOMETRIC_REPRESENTATION_ITEM()
RATIONAL_B_SPLINE_CURVE((1.00359370114726,1.0068177137304,1.))
REPRESENTATION_ITEM('')
);
#319=(
BOUNDED_CURVE()
B_SPLINE_CURVE(2,(#9820,#9821,#9822),.UNSPECIFIED.,.F.,.F.)
B_SPLINE_CURVE_WITH_KNOTS((3,3),(0.,0.265135855210616),.UNSPECIFIED.)
CURVE()
GEOMETRIC_REPRESENTATION_ITEM()
RATIONAL_B_SPLINE_CURVE((1.,1.00681771373445,1.00359370114936))
REPRESENTATION_ITEM('')
);
#320=(
BOUNDED_CURVE()
B_SPLINE_CURVE(2,(#9825,#9826,#9827),.UNSPECIFIED.,.F.,.F.)
B_SPLINE_CURVE_WITH_KNOTS((3,3),(0.0948859785053348,0.360021833705278),
 .UNSPECIFIED.)
CURVE()
GEOMETRIC_REPRESENTATION_ITEM()
RATIONAL_B_SPLINE_CURVE((1.00359370113279,1.00681771370226,1.))
REPRESENTATION_ITEM('')
);
#321=(
BOUNDED_CURVE()
B_SPLINE_CURVE(2,(#9840,#9841,#9842),.UNSPECIFIED.,.F.,.F.)
B_SPLINE_CURVE_WITH_KNOTS((3,3),(0.,0.265135855212707),.UNSPECIFIED.)
CURVE()
GEOMETRIC_REPRESENTATION_ITEM()
RATIONAL_B_SPLINE_CURVE((1.,1.00681771374852,1.00359370115669))
REPRESENTATION_ITEM('')
);
#322=(
BOUNDED_CURVE()
B_SPLINE_CURVE(2,(#9845,#9846,#9847),.UNSPECIFIED.,.F.,.F.)
B_SPLINE_CURVE_WITH_KNOTS((3,3),(0.0948859784934875,0.360021833705279),
 .UNSPECIFIED.)
CURVE()
GEOMETRIC_REPRESENTATION_ITEM()
RATIONAL_B_SPLINE_CURVE((1.00359370115354,1.00681771374248,1.))
REPRESENTATION_ITEM('')
);
#323=(
BOUNDED_CURVE()
B_SPLINE_CURVE(2,(#9858,#9859,#9860),.UNSPECIFIED.,.F.,.F.)
B_SPLINE_CURVE_WITH_KNOTS((3,3),(0.,0.26513585521106),.UNSPECIFIED.)
CURVE()
GEOMETRIC_REPRESENTATION_ITEM()
RATIONAL_B_SPLINE_CURVE((1.,1.00681771373276,1.00359370114845))
REPRESENTATION_ITEM('')
);
#324=(
BOUNDED_CURVE()
B_SPLINE_CURVE(2,(#9863,#9864,#9865),.UNSPECIFIED.,.F.,.F.)
B_SPLINE_CURVE_WITH_KNOTS((3,3),(0.0948859784962549,0.360021833705279),
 .UNSPECIFIED.)
CURVE()
GEOMETRIC_REPRESENTATION_ITEM()
RATIONAL_B_SPLINE_CURVE((1.00359370114409,1.00681771372436,1.))
REPRESENTATION_ITEM('')
);
#325=(
BOUNDED_CURVE()
B_SPLINE_CURVE(2,(#9878,#9879,#9880),.UNSPECIFIED.,.F.,.F.)
B_SPLINE_CURVE_WITH_KNOTS((3,3),(0.,0.265135855207848),.UNSPECIFIED.)
CURVE()
GEOMETRIC_REPRESENTATION_ITEM()
RATIONAL_B_SPLINE_CURVE((1.,1.00681771372612,1.00359370114507))
REPRESENTATION_ITEM('')
);
#326=(
BOUNDED_CURVE()
B_SPLINE_CURVE(2,(#9883,#9884,#9885),.UNSPECIFIED.,.F.,.F.)
B_SPLINE_CURVE_WITH_KNOTS((3,3),(0.0948859784867949,0.360021833705279),
 .UNSPECIFIED.)
CURVE()
GEOMETRIC_REPRESENTATION_ITEM()
RATIONAL_B_SPLINE_CURVE((1.00359370115706,1.00681771374963,1.))
REPRESENTATION_ITEM('')
);
#327=(
BOUNDED_CURVE()
B_SPLINE_CURVE(2,(#9896,#9897,#9898),.UNSPECIFIED.,.F.,.F.)
B_SPLINE_CURVE_WITH_KNOTS((3,3),(0.,0.265135855207882),.UNSPECIFIED.)
CURVE()
GEOMETRIC_REPRESENTATION_ITEM()
RATIONAL_B_SPLINE_CURVE((1.,1.00681771373656,1.00359370115057))
REPRESENTATION_ITEM('')
);
#328=(
BOUNDED_CURVE()
B_SPLINE_CURVE(2,(#9901,#9902,#9903),.UNSPECIFIED.,.F.,.F.)
B_SPLINE_CURVE_WITH_KNOTS((3,3),(0.0948859784903046,0.360021833705279),
 .UNSPECIFIED.)
CURVE()
GEOMETRIC_REPRESENTATION_ITEM()
RATIONAL_B_SPLINE_CURVE((1.00359370115452,1.00681771374456,1.))
REPRESENTATION_ITEM('')
);
#329=(
BOUNDED_CURVE()
B_SPLINE_CURVE(2,(#9916,#9917,#9918),.UNSPECIFIED.,.F.,.F.)
B_SPLINE_CURVE_WITH_KNOTS((3,3),(0.,0.26513585521276),.UNSPECIFIED.)
CURVE()
GEOMETRIC_REPRESENTATION_ITEM()
RATIONAL_B_SPLINE_CURVE((1.,1.00681771374855,1.00359370115671))
REPRESENTATION_ITEM('')
);
#330=(
BOUNDED_CURVE()
B_SPLINE_CURVE(2,(#9921,#9922,#9923),.UNSPECIFIED.,.F.,.F.)
B_SPLINE_CURVE_WITH_KNOTS((3,3),(0.0948859784975936,0.360021833705279),
 .UNSPECIFIED.)
CURVE()
GEOMETRIC_REPRESENTATION_ITEM()
RATIONAL_B_SPLINE_CURVE((1.00359370114701,1.00681771372979,1.))
REPRESENTATION_ITEM('')
);
#331=(
BOUNDED_CURVE()
B_SPLINE_CURVE(2,(#9934,#9935,#9936),.UNSPECIFIED.,.F.,.F.)
B_SPLINE_CURVE_WITH_KNOTS((3,3),(0.,0.265135855221288),.UNSPECIFIED.)
CURVE()
GEOMETRIC_REPRESENTATION_ITEM()
RATIONAL_B_SPLINE_CURVE((1.,1.00681771376791,1.00359370116659))
REPRESENTATION_ITEM('')
);
#332=(
BOUNDED_CURVE()
B_SPLINE_CURVE(2,(#9939,#9940,#9941),.UNSPECIFIED.,.F.,.F.)
B_SPLINE_CURVE_WITH_KNOTS((3,3),(0.0948859784936488,0.360021833705279),
 .UNSPECIFIED.)
CURVE()
GEOMETRIC_REPRESENTATION_ITEM()
RATIONAL_B_SPLINE_CURVE((1.00359370115182,1.0068177137392,1.))
REPRESENTATION_ITEM('')
);
#333=(
BOUNDED_CURVE()
B_SPLINE_CURVE(2,(#9954,#9955,#9956),.UNSPECIFIED.,.F.,.F.)
B_SPLINE_CURVE_WITH_KNOTS((3,3),(0.,0.265135855212226),.UNSPECIFIED.)
CURVE()
GEOMETRIC_REPRESENTATION_ITEM()
RATIONAL_B_SPLINE_CURVE((1.,1.00681771373772,1.00359370115102))
REPRESENTATION_ITEM('')
);
#334=(
BOUNDED_CURVE()
B_SPLINE_CURVE(2,(#9959,#9960,#9961),.UNSPECIFIED.,.F.,.F.)
B_SPLINE_CURVE_WITH_KNOTS((3,3),(0.09488597849585,0.360021833705279),
 .UNSPECIFIED.)
CURVE()
GEOMETRIC_REPRESENTATION_ITEM()
RATIONAL_B_SPLINE_CURVE((1.00359370114645,1.00681771372885,1.))
REPRESENTATION_ITEM('')
);
#335=CONICAL_SURFACE('',#5595,10.1,0.785398163397448);
#336=CONICAL_SURFACE('',#6151,8.93210678118654,0.785398163397442);
#337=CONICAL_SURFACE('',#6152,8.93210678118654,0.785398163397442);
#338=CONICAL_SURFACE('',#6153,8.93210678118654,0.785398163397442);
#339=CONICAL_SURFACE('',#6154,8.93210678118654,0.785398163397442);
#340=CONICAL_SURFACE('',#6155,8.93210678118654,0.785398163397442);
#341=CONICAL_SURFACE('',#6156,8.93210678118654,0.785398163397442);
#342=CONICAL_SURFACE('',#6157,8.93210678118654,0.785398163397442);
#343=CONICAL_SURFACE('',#6158,8.93210678118654,0.785398163397442);
#344=CONICAL_SURFACE('',#6159,8.93210678118654,0.785398163397442);
#345=CONICAL_SURFACE('',#6160,8.93210678118654,0.785398163397442);
#346=CONICAL_SURFACE('',#6161,8.93210678118654,0.785398163397442);
#347=CONICAL_SURFACE('',#6162,10.225,0.872664625997165);
#348=CONICAL_SURFACE('',#6178,2.425,0.785398163397448);
#349=CONICAL_SURFACE('',#6182,2.425,0.785398163397448);
#350=CONICAL_SURFACE('',#6186,2.425,0.785398163397448);
#351=CONICAL_SURFACE('',#6190,2.425,0.785398163397448);
#352=CONICAL_SURFACE('',#6197,8.93210678118654,0.785398163397442);
#353=FACE_OUTER_BOUND('',#618,.T.);
#354=FACE_OUTER_BOUND('',#619,.T.);
#355=FACE_OUTER_BOUND('',#620,.T.);
#356=FACE_OUTER_BOUND('',#621,.T.);
#357=FACE_OUTER_BOUND('',#622,.T.);
#358=FACE_OUTER_BOUND('',#623,.T.);
#359=FACE_OUTER_BOUND('',#624,.T.);
#360=FACE_OUTER_BOUND('',#625,.T.);
#361=FACE_OUTER_BOUND('',#626,.T.);
#362=FACE_OUTER_BOUND('',#627,.T.);
#363=FACE_OUTER_BOUND('',#628,.T.);
#364=FACE_OUTER_BOUND('',#629,.T.);
#365=FACE_OUTER_BOUND('',#630,.T.);
#366=FACE_OUTER_BOUND('',#631,.T.);
#367=FACE_OUTER_BOUND('',#632,.T.);
#368=FACE_OUTER_BOUND('',#633,.T.);
#369=FACE_OUTER_BOUND('',#634,.T.);
#370=FACE_OUTER_BOUND('',#635,.T.);
#371=FACE_OUTER_BOUND('',#636,.T.);
#372=FACE_OUTER_BOUND('',#637,.T.);
#373=FACE_OUTER_BOUND('',#638,.T.);
#374=FACE_OUTER_BOUND('',#639,.T.);
#375=FACE_OUTER_BOUND('',#640,.T.);
#376=FACE_OUTER_BOUND('',#641,.T.);
#377=FACE_OUTER_BOUND('',#642,.T.);
#378=FACE_OUTER_BOUND('',#643,.T.);
#379=FACE_OUTER_BOUND('',#644,.T.);
#380=FACE_OUTER_BOUND('',#645,.T.);
#381=FACE_OUTER_BOUND('',#646,.T.);
#382=FACE_OUTER_BOUND('',#647,.T.);
#383=FACE_OUTER_BOUND('',#648,.T.);
#384=FACE_OUTER_BOUND('',#649,.T.);
#385=FACE_OUTER_BOUND('',#650,.T.);
#386=FACE_OUTER_BOUND('',#651,.T.);
#387=FACE_OUTER_BOUND('',#652,.T.);
#388=FACE_OUTER_BOUND('',#653,.T.);
#389=FACE_OUTER_BOUND('',#654,.T.);
#390=FACE_OUTER_BOUND('',#655,.T.);
#391=FACE_OUTER_BOUND('',#656,.T.);
#392=FACE_OUTER_BOUND('',#657,.T.);
#393=FACE_OUTER_BOUND('',#658,.T.);
#394=FACE_OUTER_BOUND('',#659,.T.);
#395=FACE_OUTER_BOUND('',#660,.T.);
#396=FACE_OUTER_BOUND('',#661,.T.);
#397=FACE_OUTER_BOUND('',#662,.T.);
#398=FACE_OUTER_BOUND('',#663,.T.);
#399=FACE_OUTER_BOUND('',#664,.T.);
#400=FACE_OUTER_BOUND('',#665,.T.);
#401=FACE_OUTER_BOUND('',#666,.T.);
#402=FACE_OUTER_BOUND('',#667,.T.);
#403=FACE_OUTER_BOUND('',#668,.T.);
#404=FACE_OUTER_BOUND('',#669,.T.);
#405=FACE_OUTER_BOUND('',#670,.T.);
#406=FACE_OUTER_BOUND('',#671,.T.);
#407=FACE_OUTER_BOUND('',#672,.T.);
#408=FACE_OUTER_BOUND('',#673,.T.);
#409=FACE_OUTER_BOUND('',#674,.T.);
#410=FACE_OUTER_BOUND('',#675,.T.);
#411=FACE_OUTER_BOUND('',#676,.T.);
#412=FACE_OUTER_BOUND('',#677,.T.);
#413=FACE_OUTER_BOUND('',#678,.T.);
#414=FACE_OUTER_BOUND('',#679,.T.);
#415=FACE_OUTER_BOUND('',#680,.T.);
#416=FACE_OUTER_BOUND('',#681,.T.);
#417=FACE_OUTER_BOUND('',#682,.T.);
#418=FACE_OUTER_BOUND('',#683,.T.);
#419=FACE_OUTER_BOUND('',#684,.T.);
#420=FACE_OUTER_BOUND('',#685,.T.);
#421=FACE_OUTER_BOUND('',#686,.T.);
#422=FACE_OUTER_BOUND('',#687,.T.);
#423=FACE_OUTER_BOUND('',#688,.T.);
#424=FACE_OUTER_BOUND('',#689,.T.);
#425=FACE_OUTER_BOUND('',#690,.T.);
#426=FACE_OUTER_BOUND('',#691,.T.);
#427=FACE_OUTER_BOUND('',#692,.T.);
#428=FACE_OUTER_BOUND('',#693,.T.);
#429=FACE_OUTER_BOUND('',#694,.T.);
#430=FACE_OUTER_BOUND('',#695,.T.);
#431=FACE_OUTER_BOUND('',#696,.T.);
#432=FACE_OUTER_BOUND('',#697,.T.);
#433=FACE_OUTER_BOUND('',#698,.T.);
#434=FACE_OUTER_BOUND('',#699,.T.);
#435=FACE_OUTER_BOUND('',#700,.T.);
#436=FACE_OUTER_BOUND('',#701,.T.);
#437=FACE_OUTER_BOUND('',#702,.T.);
#438=FACE_OUTER_BOUND('',#703,.T.);
#439=FACE_OUTER_BOUND('',#704,.T.);
#440=FACE_OUTER_BOUND('',#705,.T.);
#441=FACE_OUTER_BOUND('',#706,.T.);
#442=FACE_OUTER_BOUND('',#707,.T.);
#443=FACE_OUTER_BOUND('',#708,.T.);
#444=FACE_OUTER_BOUND('',#709,.T.);
#445=FACE_OUTER_BOUND('',#710,.T.);
#446=FACE_OUTER_BOUND('',#712,.T.);
#447=FACE_OUTER_BOUND('',#713,.T.);
#448=FACE_OUTER_BOUND('',#714,.T.);
#449=FACE_OUTER_BOUND('',#715,.T.);
#450=FACE_OUTER_BOUND('',#716,.T.);
#451=FACE_OUTER_BOUND('',#717,.T.);
#452=FACE_OUTER_BOUND('',#718,.T.);
#453=FACE_OUTER_BOUND('',#719,.T.);
#454=FACE_OUTER_BOUND('',#720,.T.);
#455=FACE_OUTER_BOUND('',#721,.T.);
#456=FACE_OUTER_BOUND('',#722,.T.);
#457=FACE_OUTER_BOUND('',#723,.T.);
#458=FACE_OUTER_BOUND('',#724,.T.);
#459=FACE_OUTER_BOUND('',#725,.T.);
#460=FACE_OUTER_BOUND('',#726,.T.);
#461=FACE_OUTER_BOUND('',#727,.T.);
#462=FACE_OUTER_BOUND('',#728,.T.);
#463=FACE_OUTER_BOUND('',#729,.T.);
#464=FACE_OUTER_BOUND('',#730,.T.);
#465=FACE_OUTER_BOUND('',#731,.T.);
#466=FACE_OUTER_BOUND('',#732,.T.);
#467=FACE_OUTER_BOUND('',#733,.T.);
#468=FACE_OUTER_BOUND('',#734,.T.);
#469=FACE_OUTER_BOUND('',#735,.T.);
#470=FACE_OUTER_BOUND('',#736,.T.);
#471=FACE_OUTER_BOUND('',#737,.T.);
#472=FACE_OUTER_BOUND('',#738,.T.);
#473=FACE_OUTER_BOUND('',#739,.T.);
#474=FACE_OUTER_BOUND('',#740,.T.);
#475=FACE_OUTER_BOUND('',#741,.T.);
#476=FACE_OUTER_BOUND('',#742,.T.);
#477=FACE_OUTER_BOUND('',#743,.T.);
#478=FACE_OUTER_BOUND('',#744,.T.);
#479=FACE_OUTER_BOUND('',#745,.T.);
#480=FACE_OUTER_BOUND('',#746,.T.);
#481=FACE_OUTER_BOUND('',#747,.T.);
#482=FACE_OUTER_BOUND('',#748,.T.);
#483=FACE_OUTER_BOUND('',#749,.T.);
#484=FACE_OUTER_BOUND('',#750,.T.);
#485=FACE_OUTER_BOUND('',#751,.T.);
#486=FACE_OUTER_BOUND('',#752,.T.);
#487=FACE_OUTER_BOUND('',#753,.T.);
#488=FACE_OUTER_BOUND('',#754,.T.);
#489=FACE_OUTER_BOUND('',#755,.T.);
#490=FACE_OUTER_BOUND('',#756,.T.);
#491=FACE_OUTER_BOUND('',#757,.T.);
#492=FACE_OUTER_BOUND('',#758,.T.);
#493=FACE_OUTER_BOUND('',#759,.T.);
#494=FACE_OUTER_BOUND('',#760,.T.);
#495=FACE_OUTER_BOUND('',#761,.T.);
#496=FACE_OUTER_BOUND('',#762,.T.);
#497=FACE_OUTER_BOUND('',#763,.T.);
#498=FACE_OUTER_BOUND('',#764,.T.);
#499=FACE_OUTER_BOUND('',#765,.T.);
#500=FACE_OUTER_BOUND('',#766,.T.);
#501=FACE_OUTER_BOUND('',#767,.T.);
#502=FACE_OUTER_BOUND('',#768,.T.);
#503=FACE_OUTER_BOUND('',#769,.T.);
#504=FACE_OUTER_BOUND('',#770,.T.);
#505=FACE_OUTER_BOUND('',#771,.T.);
#506=FACE_OUTER_BOUND('',#772,.T.);
#507=FACE_OUTER_BOUND('',#773,.T.);
#508=FACE_OUTER_BOUND('',#774,.T.);
#509=FACE_OUTER_BOUND('',#775,.T.);
#510=FACE_OUTER_BOUND('',#776,.T.);
#511=FACE_OUTER_BOUND('',#777,.T.);
#512=FACE_OUTER_BOUND('',#778,.T.);
#513=FACE_OUTER_BOUND('',#779,.T.);
#514=FACE_OUTER_BOUND('',#780,.T.);
#515=FACE_OUTER_BOUND('',#781,.T.);
#516=FACE_OUTER_BOUND('',#782,.T.);
#517=FACE_OUTER_BOUND('',#783,.T.);
#518=FACE_OUTER_BOUND('',#784,.T.);
#519=FACE_OUTER_BOUND('',#785,.T.);
#520=FACE_OUTER_BOUND('',#786,.T.);
#521=FACE_OUTER_BOUND('',#787,.T.);
#522=FACE_OUTER_BOUND('',#788,.T.);
#523=FACE_OUTER_BOUND('',#789,.T.);
#524=FACE_OUTER_BOUND('',#790,.T.);
#525=FACE_OUTER_BOUND('',#791,.T.);
#526=FACE_OUTER_BOUND('',#792,.T.);
#527=FACE_OUTER_BOUND('',#793,.T.);
#528=FACE_OUTER_BOUND('',#794,.T.);
#529=FACE_OUTER_BOUND('',#795,.T.);
#530=FACE_OUTER_BOUND('',#796,.T.);
#531=FACE_OUTER_BOUND('',#797,.T.);
#532=FACE_OUTER_BOUND('',#798,.T.);
#533=FACE_OUTER_BOUND('',#799,.T.);
#534=FACE_OUTER_BOUND('',#800,.T.);
#535=FACE_OUTER_BOUND('',#801,.T.);
#536=FACE_OUTER_BOUND('',#802,.T.);
#537=FACE_OUTER_BOUND('',#803,.T.);
#538=FACE_OUTER_BOUND('',#804,.T.);
#539=FACE_OUTER_BOUND('',#805,.T.);
#540=FACE_OUTER_BOUND('',#806,.T.);
#541=FACE_OUTER_BOUND('',#807,.T.);
#542=FACE_OUTER_BOUND('',#808,.T.);
#543=FACE_OUTER_BOUND('',#809,.T.);
#544=FACE_OUTER_BOUND('',#810,.T.);
#545=FACE_OUTER_BOUND('',#811,.T.);
#546=FACE_OUTER_BOUND('',#812,.T.);
#547=FACE_OUTER_BOUND('',#813,.T.);
#548=FACE_OUTER_BOUND('',#814,.T.);
#549=FACE_OUTER_BOUND('',#815,.T.);
#550=FACE_OUTER_BOUND('',#816,.T.);
#551=FACE_OUTER_BOUND('',#817,.T.);
#552=FACE_OUTER_BOUND('',#818,.T.);
#553=FACE_OUTER_BOUND('',#819,.T.);
#554=FACE_OUTER_BOUND('',#820,.T.);
#555=FACE_OUTER_BOUND('',#821,.T.);
#556=FACE_OUTER_BOUND('',#822,.T.);
#557=FACE_OUTER_BOUND('',#823,.T.);
#558=FACE_OUTER_BOUND('',#824,.T.);
#559=FACE_OUTER_BOUND('',#825,.T.);
#560=FACE_OUTER_BOUND('',#826,.T.);
#561=FACE_OUTER_BOUND('',#827,.T.);
#562=FACE_OUTER_BOUND('',#828,.T.);
#563=FACE_OUTER_BOUND('',#829,.T.);
#564=FACE_OUTER_BOUND('',#830,.T.);
#565=FACE_OUTER_BOUND('',#831,.T.);
#566=FACE_OUTER_BOUND('',#832,.T.);
#567=FACE_OUTER_BOUND('',#833,.T.);
#568=FACE_OUTER_BOUND('',#834,.T.);
#569=FACE_OUTER_BOUND('',#835,.T.);
#570=FACE_OUTER_BOUND('',#836,.T.);
#571=FACE_OUTER_BOUND('',#837,.T.);
#572=FACE_OUTER_BOUND('',#838,.T.);
#573=FACE_OUTER_BOUND('',#839,.T.);
#574=FACE_OUTER_BOUND('',#840,.T.);
#575=FACE_OUTER_BOUND('',#841,.T.);
#576=FACE_OUTER_BOUND('',#842,.T.);
#577=FACE_OUTER_BOUND('',#843,.T.);
#578=FACE_OUTER_BOUND('',#844,.T.);
#579=FACE_OUTER_BOUND('',#845,.T.);
#580=FACE_OUTER_BOUND('',#846,.T.);
#581=FACE_OUTER_BOUND('',#847,.T.);
#582=FACE_OUTER_BOUND('',#848,.T.);
#583=FACE_OUTER_BOUND('',#850,.T.);
#584=FACE_OUTER_BOUND('',#851,.T.);
#585=FACE_OUTER_BOUND('',#852,.T.);
#586=FACE_OUTER_BOUND('',#853,.T.);
#587=FACE_OUTER_BOUND('',#854,.T.);
#588=FACE_OUTER_BOUND('',#855,.T.);
#589=FACE_OUTER_BOUND('',#856,.T.);
#590=FACE_OUTER_BOUND('',#857,.T.);
#591=FACE_OUTER_BOUND('',#858,.T.);
#592=FACE_OUTER_BOUND('',#859,.T.);
#593=FACE_OUTER_BOUND('',#860,.T.);
#594=FACE_OUTER_BOUND('',#861,.T.);
#595=FACE_OUTER_BOUND('',#862,.T.);
#596=FACE_OUTER_BOUND('',#863,.T.);
#597=FACE_OUTER_BOUND('',#864,.T.);
#598=FACE_OUTER_BOUND('',#870,.T.);
#599=FACE_OUTER_BOUND('',#871,.T.);
#600=FACE_OUTER_BOUND('',#872,.T.);
#601=FACE_OUTER_BOUND('',#873,.T.);
#602=FACE_OUTER_BOUND('',#874,.T.);
#603=FACE_OUTER_BOUND('',#875,.T.);
#604=FACE_OUTER_BOUND('',#876,.T.);
#605=FACE_OUTER_BOUND('',#877,.T.);
#606=FACE_OUTER_BOUND('',#878,.T.);
#607=FACE_OUTER_BOUND('',#880,.T.);
#608=FACE_OUTER_BOUND('',#881,.T.);
#609=FACE_OUTER_BOUND('',#882,.T.);
#610=FACE_OUTER_BOUND('',#883,.T.);
#611=FACE_OUTER_BOUND('',#901,.T.);
#612=FACE_OUTER_BOUND('',#902,.T.);
#613=FACE_OUTER_BOUND('',#903,.T.);
#614=FACE_OUTER_BOUND('',#904,.T.);
#615=FACE_OUTER_BOUND('',#906,.T.);
#616=FACE_OUTER_BOUND('',#907,.T.);
#617=FACE_OUTER_BOUND('',#909,.T.);
#618=EDGE_LOOP('',(#3525,#3526,#3527,#3528,#3529,#3530));
#619=EDGE_LOOP('',(#3531,#3532,#3533,#3534,#3535,#3536,#3537,#3538,#3539,
#3540,#3541,#3542,#3543,#3544,#3545,#3546,#3547,#3548,#3549,#3550,#3551,
#3552,#3553,#3554,#3555,#3556,#3557,#3558,#3559,#3560,#3561,#3562,#3563,
#3564,#3565,#3566,#3567,#3568,#3569,#3570,#3571,#3572,#3573,#3574,#3575,
#3576,#3577,#3578,#3579,#3580,#3581,#3582,#3583,#3584,#3585,#3586,#3587,
#3588,#3589,#3590,#3591,#3592,#3593,#3594,#3595,#3596,#3597,#3598,#3599,
#3600,#3601,#3602,#3603,#3604,#3605,#3606,#3607,#3608,#3609,#3610,#3611,
#3612,#3613,#3614,#3615,#3616,#3617,#3618,#3619,#3620,#3621,#3622,#3623,
#3624,#3625,#3626,#3627,#3628,#3629,#3630));
#620=EDGE_LOOP('',(#3631,#3632,#3633,#3634,#3635,#3636));
#621=EDGE_LOOP('',(#3637,#3638,#3639,#3640,#3641,#3642));
#622=EDGE_LOOP('',(#3643,#3644,#3645,#3646,#3647,#3648));
#623=EDGE_LOOP('',(#3649,#3650,#3651,#3652,#3653,#3654));
#624=EDGE_LOOP('',(#3655,#3656,#3657,#3658,#3659,#3660));
#625=EDGE_LOOP('',(#3661,#3662,#3663,#3664,#3665,#3666));
#626=EDGE_LOOP('',(#3667,#3668,#3669,#3670,#3671,#3672));
#627=EDGE_LOOP('',(#3673,#3674,#3675,#3676,#3677,#3678));
#628=EDGE_LOOP('',(#3679,#3680,#3681,#3682,#3683,#3684));
#629=EDGE_LOOP('',(#3685,#3686,#3687,#3688,#3689,#3690));
#630=EDGE_LOOP('',(#3691,#3692,#3693,#3694,#3695,#3696));
#631=EDGE_LOOP('',(#3697,#3698,#3699,#3700));
#632=EDGE_LOOP('',(#3701,#3702,#3703,#3704,#3705,#3706));
#633=EDGE_LOOP('',(#3707,#3708,#3709,#3710));
#634=EDGE_LOOP('',(#3711,#3712,#3713,#3714,#3715,#3716));
#635=EDGE_LOOP('',(#3717,#3718,#3719,#3720,#3721,#3722));
#636=EDGE_LOOP('',(#3723,#3724,#3725,#3726));
#637=EDGE_LOOP('',(#3727,#3728,#3729,#3730,#3731,#3732));
#638=EDGE_LOOP('',(#3733,#3734,#3735,#3736));
#639=EDGE_LOOP('',(#3737,#3738,#3739,#3740,#3741,#3742));
#640=EDGE_LOOP('',(#3743,#3744,#3745,#3746,#3747,#3748));
#641=EDGE_LOOP('',(#3749,#3750,#3751,#3752,#3753,#3754));
#642=EDGE_LOOP('',(#3755,#3756,#3757,#3758));
#643=EDGE_LOOP('',(#3759,#3760,#3761,#3762,#3763,#3764));
#644=EDGE_LOOP('',(#3765,#3766,#3767,#3768));
#645=EDGE_LOOP('',(#3769,#3770,#3771,#3772));
#646=EDGE_LOOP('',(#3773,#3774,#3775,#3776,#3777,#3778));
#647=EDGE_LOOP('',(#3779,#3780,#3781,#3782));
#648=EDGE_LOOP('',(#3783,#3784,#3785,#3786));
#649=EDGE_LOOP('',(#3787,#3788,#3789,#3790,#3791));
#650=EDGE_LOOP('',(#3792,#3793,#3794,#3795,#3796,#3797));
#651=EDGE_LOOP('',(#3798,#3799,#3800,#3801,#3802,#3803));
#652=EDGE_LOOP('',(#3804,#3805,#3806,#3807,#3808,#3809));
#653=EDGE_LOOP('',(#3810,#3811,#3812,#3813,#3814,#3815));
#654=EDGE_LOOP('',(#3816,#3817,#3818,#3819,#3820,#3821));
#655=EDGE_LOOP('',(#3822,#3823,#3824,#3825,#3826,#3827));
#656=EDGE_LOOP('',(#3828,#3829,#3830,#3831));
#657=EDGE_LOOP('',(#3832,#3833,#3834,#3835,#3836,#3837));
#658=EDGE_LOOP('',(#3838,#3839,#3840,#3841));
#659=EDGE_LOOP('',(#3842,#3843,#3844,#3845));
#660=EDGE_LOOP('',(#3846,#3847,#3848,#3849,#3850,#3851));
#661=EDGE_LOOP('',(#3852,#3853,#3854,#3855));
#662=EDGE_LOOP('',(#3856,#3857,#3858,#3859,#3860,#3861));
#663=EDGE_LOOP('',(#3862,#3863,#3864,#3865,#3866,#3867));
#664=EDGE_LOOP('',(#3868,#3869,#3870,#3871,#3872,#3873));
#665=EDGE_LOOP('',(#3874,#3875,#3876,#3877,#3878,#3879));
#666=EDGE_LOOP('',(#3880,#3881,#3882,#3883));
#667=EDGE_LOOP('',(#3884,#3885,#3886,#3887,#3888));
#668=EDGE_LOOP('',(#3889,#3890,#3891,#3892));
#669=EDGE_LOOP('',(#3893,#3894,#3895,#3896,#3897,#3898,#3899,#3900,#3901,
#3902,#3903,#3904,#3905,#3906,#3907,#3908,#3909,#3910,#3911,#3912,#3913,
#3914,#3915,#3916,#3917,#3918,#3919,#3920,#3921,#3922,#3923,#3924,#3925,
#3926,#3927,#3928,#3929,#3930,#3931,#3932,#3933,#3934,#3935,#3936,#3937,
#3938,#3939,#3940,#3941,#3942,#3943,#3944,#3945,#3946,#3947,#3948,#3949,
#3950,#3951,#3952,#3953,#3954,#3955,#3956,#3957,#3958,#3959,#3960,#3961,
#3962,#3963,#3964,#3965,#3966,#3967,#3968,#3969,#3970,#3971,#3972,#3973,
#3974,#3975,#3976,#3977,#3978,#3979,#3980,#3981,#3982,#3983,#3984,#3985,
#3986,#3987,#3988,#3989,#3990,#3991,#3992,#3993));
#670=EDGE_LOOP('',(#3994,#3995,#3996,#3997));
#671=EDGE_LOOP('',(#3998,#3999,#4000,#4001));
#672=EDGE_LOOP('',(#4002,#4003,#4004,#4005));
#673=EDGE_LOOP('',(#4006,#4007,#4008,#4009,#4010,#4011));
#674=EDGE_LOOP('',(#4012,#4013,#4014,#4015,#4016,#4017));
#675=EDGE_LOOP('',(#4018,#4019,#4020,#4021));
#676=EDGE_LOOP('',(#4022,#4023,#4024,#4025,#4026));
#677=EDGE_LOOP('',(#4027,#4028,#4029,#4030));
#678=EDGE_LOOP('',(#4031,#4032,#4033,#4034));
#679=EDGE_LOOP('',(#4035,#4036,#4037,#4038));
#680=EDGE_LOOP('',(#4039,#4040,#4041,#4042));
#681=EDGE_LOOP('',(#4043,#4044,#4045,#4046));
#682=EDGE_LOOP('',(#4047,#4048,#4049,#4050));
#683=EDGE_LOOP('',(#4051,#4052,#4053,#4054,#4055,#4056));
#684=EDGE_LOOP('',(#4057,#4058,#4059,#4060));
#685=EDGE_LOOP('',(#4061,#4062,#4063,#4064));
#686=EDGE_LOOP('',(#4065,#4066,#4067,#4068,#4069,#4070));
#687=EDGE_LOOP('',(#4071,#4072,#4073,#4074));
#688=EDGE_LOOP('',(#4075,#4076,#4077,#4078));
#689=EDGE_LOOP('',(#4079,#4080,#4081,#4082,#4083,#4084));
#690=EDGE_LOOP('',(#4085,#4086,#4087,#4088,#4089,#4090));
#691=EDGE_LOOP('',(#4091,#4092,#4093,#4094));
#692=EDGE_LOOP('',(#4095,#4096,#4097,#4098));
#693=EDGE_LOOP('',(#4099,#4100,#4101,#4102,#4103));
#694=EDGE_LOOP('',(#4104,#4105,#4106,#4107));
#695=EDGE_LOOP('',(#4108,#4109,#4110,#4111));
#696=EDGE_LOOP('',(#4112,#4113,#4114,#4115));
#697=EDGE_LOOP('',(#4116,#4117,#4118,#4119));
#698=EDGE_LOOP('',(#4120,#4121,#4122,#4123));
#699=EDGE_LOOP('',(#4124,#4125,#4126,#4127));
#700=EDGE_LOOP('',(#4128,#4129,#4130,#4131));
#701=EDGE_LOOP('',(#4132,#4133,#4134,#4135));
#702=EDGE_LOOP('',(#4136,#4137,#4138,#4139));
#703=EDGE_LOOP('',(#4140,#4141,#4142,#4143));
#704=EDGE_LOOP('',(#4144,#4145,#4146,#4147));
#705=EDGE_LOOP('',(#4148,#4149,#4150,#4151));
#706=EDGE_LOOP('',(#4152,#4153,#4154,#4155));
#707=EDGE_LOOP('',(#4156,#4157,#4158,#4159));
#708=EDGE_LOOP('',(#4160,#4161,#4162,#4163));
#709=EDGE_LOOP('',(#4164,#4165,#4166,#4167));
#710=EDGE_LOOP('',(#4168,#4169,#4170,#4171,#4172,#4173,#4174,#4175,#4176,
#4177,#4178,#4179,#4180,#4181,#4182,#4183,#4184,#4185,#4186,#4187,#4188,
#4189,#4190,#4191,#4192,#4193,#4194,#4195,#4196,#4197,#4198,#4199,#4200,
#4201,#4202,#4203,#4204,#4205,#4206,#4207,#4208,#4209,#4210,#4211,#4212,
#4213,#4214,#4215,#4216,#4217,#4218,#4219,#4220,#4221,#4222,#4223,#4224,
#4225,#4226,#4227,#4228,#4229,#4230,#4231));
#711=EDGE_LOOP('',(#4232));
#712=EDGE_LOOP('',(#4233,#4234,#4235,#4236));
#713=EDGE_LOOP('',(#4237,#4238,#4239,#4240));
#714=EDGE_LOOP('',(#4241,#4242,#4243,#4244,#4245));
#715=EDGE_LOOP('',(#4246,#4247,#4248,#4249));
#716=EDGE_LOOP('',(#4250,#4251,#4252,#4253,#4254));
#717=EDGE_LOOP('',(#4255,#4256,#4257,#4258));
#718=EDGE_LOOP('',(#4259,#4260,#4261,#4262));
#719=EDGE_LOOP('',(#4263,#4264,#4265,#4266));
#720=EDGE_LOOP('',(#4267,#4268,#4269,#4270));
#721=EDGE_LOOP('',(#4271,#4272,#4273,#4274,#4275));
#722=EDGE_LOOP('',(#4276,#4277,#4278,#4279));
#723=EDGE_LOOP('',(#4280,#4281,#4282,#4283,#4284));
#724=EDGE_LOOP('',(#4285,#4286,#4287,#4288));
#725=EDGE_LOOP('',(#4289,#4290,#4291,#4292));
#726=EDGE_LOOP('',(#4293,#4294,#4295,#4296,#4297));
#727=EDGE_LOOP('',(#4298,#4299,#4300,#4301,#4302));
#728=EDGE_LOOP('',(#4303,#4304,#4305,#4306));
#729=EDGE_LOOP('',(#4307,#4308,#4309,#4310));
#730=EDGE_LOOP('',(#4311,#4312,#4313,#4314));
#731=EDGE_LOOP('',(#4315,#4316,#4317,#4318));
#732=EDGE_LOOP('',(#4319,#4320,#4321,#4322));
#733=EDGE_LOOP('',(#4323,#4324,#4325,#4326,#4327));
#734=EDGE_LOOP('',(#4328,#4329,#4330,#4331,#4332));
#735=EDGE_LOOP('',(#4333,#4334,#4335,#4336));
#736=EDGE_LOOP('',(#4337,#4338,#4339,#4340));
#737=EDGE_LOOP('',(#4341,#4342,#4343,#4344));
#738=EDGE_LOOP('',(#4345,#4346,#4347,#4348));
#739=EDGE_LOOP('',(#4349,#4350,#4351,#4352));
#740=EDGE_LOOP('',(#4353,#4354,#4355,#4356));
#741=EDGE_LOOP('',(#4357,#4358,#4359,#4360));
#742=EDGE_LOOP('',(#4361,#4362,#4363,#4364));
#743=EDGE_LOOP('',(#4365,#4366,#4367,#4368));
#744=EDGE_LOOP('',(#4369,#4370,#4371,#4372,#4373));
#745=EDGE_LOOP('',(#4374,#4375,#4376,#4377));
#746=EDGE_LOOP('',(#4378,#4379,#4380,#4381,#4382));
#747=EDGE_LOOP('',(#4383,#4384,#4385,#4386));
#748=EDGE_LOOP('',(#4387,#4388,#4389,#4390));
#749=EDGE_LOOP('',(#4391,#4392,#4393,#4394));
#750=EDGE_LOOP('',(#4395,#4396,#4397,#4398));
#751=EDGE_LOOP('',(#4399,#4400,#4401,#4402,#4403));
#752=EDGE_LOOP('',(#4404,#4405,#4406,#4407,#4408));
#753=EDGE_LOOP('',(#4409,#4410,#4411,#4412));
#754=EDGE_LOOP('',(#4413,#4414,#4415,#4416));
#755=EDGE_LOOP('',(#4417,#4418,#4419,#4420));
#756=EDGE_LOOP('',(#4421,#4422,#4423,#4424));
#757=EDGE_LOOP('',(#4425,#4426,#4427,#4428));
#758=EDGE_LOOP('',(#4429,#4430,#4431,#4432,#4433));
#759=EDGE_LOOP('',(#4434,#4435,#4436,#4437,#4438));
#760=EDGE_LOOP('',(#4439,#4440,#4441,#4442));
#761=EDGE_LOOP('',(#4443,#4444,#4445,#4446));
#762=EDGE_LOOP('',(#4447,#4448,#4449,#4450));
#763=EDGE_LOOP('',(#4451,#4452,#4453,#4454,#4455));
#764=EDGE_LOOP('',(#4456,#4457,#4458,#4459));
#765=EDGE_LOOP('',(#4460,#4461,#4462,#4463));
#766=EDGE_LOOP('',(#4464,#4465,#4466,#4467));
#767=EDGE_LOOP('',(#4468,#4469,#4470,#4471,#4472));
#768=EDGE_LOOP('',(#4473,#4474,#4475,#4476,#4477));
#769=EDGE_LOOP('',(#4478,#4479,#4480,#4481));
#770=EDGE_LOOP('',(#4482,#4483,#4484,#4485));
#771=EDGE_LOOP('',(#4486,#4487,#4488,#4489));
#772=EDGE_LOOP('',(#4490,#4491,#4492,#4493));
#773=EDGE_LOOP('',(#4494,#4495,#4496,#4497));
#774=EDGE_LOOP('',(#4498,#4499,#4500,#4501,#4502));
#775=EDGE_LOOP('',(#4503,#4504,#4505,#4506,#4507));
#776=EDGE_LOOP('',(#4508,#4509,#4510,#4511));
#777=EDGE_LOOP('',(#4512,#4513,#4514,#4515));
#778=EDGE_LOOP('',(#4516,#4517,#4518,#4519));
#779=EDGE_LOOP('',(#4520,#4521,#4522,#4523));
#780=EDGE_LOOP('',(#4524,#4525,#4526,#4527));
#781=EDGE_LOOP('',(#4528,#4529,#4530,#4531,#4532));
#782=EDGE_LOOP('',(#4533,#4534,#4535,#4536,#4537));
#783=EDGE_LOOP('',(#4538,#4539,#4540,#4541));
#784=EDGE_LOOP('',(#4542,#4543,#4544,#4545));
#785=EDGE_LOOP('',(#4546,#4547,#4548,#4549));
#786=EDGE_LOOP('',(#4550,#4551,#4552,#4553));
#787=EDGE_LOOP('',(#4554,#4555,#4556,#4557));
#788=EDGE_LOOP('',(#4558,#4559,#4560,#4561,#4562));
#789=EDGE_LOOP('',(#4563,#4564,#4565,#4566));
#790=EDGE_LOOP('',(#4567,#4568,#4569,#4570));
#791=EDGE_LOOP('',(#4571,#4572,#4573,#4574));
#792=EDGE_LOOP('',(#4575,#4576,#4577,#4578));
#793=EDGE_LOOP('',(#4579,#4580,#4581,#4582,#4583));
#794=EDGE_LOOP('',(#4584,#4585,#4586,#4587,#4588));
#795=EDGE_LOOP('',(#4589,#4590,#4591,#4592));
#796=EDGE_LOOP('',(#4593,#4594,#4595,#4596));
#797=EDGE_LOOP('',(#4597,#4598,#4599,#4600));
#798=EDGE_LOOP('',(#4601,#4602,#4603,#4604));
#799=EDGE_LOOP('',(#4605,#4606,#4607,#4608));
#800=EDGE_LOOP('',(#4609,#4610,#4611,#4612));
#801=EDGE_LOOP('',(#4613,#4614,#4615,#4616));
#802=EDGE_LOOP('',(#4617,#4618,#4619,#4620));
#803=EDGE_LOOP('',(#4621,#4622,#4623,#4624));
#804=EDGE_LOOP('',(#4625,#4626,#4627,#4628));
#805=EDGE_LOOP('',(#4629,#4630,#4631,#4632));
#806=EDGE_LOOP('',(#4633,#4634,#4635,#4636));
#807=EDGE_LOOP('',(#4637,#4638,#4639,#4640));
#808=EDGE_LOOP('',(#4641,#4642,#4643,#4644));
#809=EDGE_LOOP('',(#4645,#4646,#4647,#4648));
#810=EDGE_LOOP('',(#4649,#4650,#4651,#4652));
#811=EDGE_LOOP('',(#4653,#4654,#4655,#4656));
#812=EDGE_LOOP('',(#4657,#4658,#4659,#4660));
#813=EDGE_LOOP('',(#4661,#4662,#4663,#4664));
#814=EDGE_LOOP('',(#4665,#4666,#4667,#4668));
#815=EDGE_LOOP('',(#4669,#4670,#4671,#4672));
#816=EDGE_LOOP('',(#4673,#4674,#4675,#4676));
#817=EDGE_LOOP('',(#4677,#4678,#4679,#4680));
#818=EDGE_LOOP('',(#4681,#4682,#4683,#4684));
#819=EDGE_LOOP('',(#4685,#4686,#4687,#4688));
#820=EDGE_LOOP('',(#4689,#4690,#4691,#4692));
#821=EDGE_LOOP('',(#4693,#4694,#4695,#4696));
#822=EDGE_LOOP('',(#4697,#4698,#4699,#4700));
#823=EDGE_LOOP('',(#4701,#4702,#4703,#4704));
#824=EDGE_LOOP('',(#4705,#4706,#4707,#4708));
#825=EDGE_LOOP('',(#4709,#4710,#4711,#4712));
#826=EDGE_LOOP('',(#4713,#4714,#4715,#4716));
#827=EDGE_LOOP('',(#4717,#4718,#4719,#4720));
#828=EDGE_LOOP('',(#4721,#4722,#4723,#4724));
#829=EDGE_LOOP('',(#4725,#4726,#4727,#4728));
#830=EDGE_LOOP('',(#4729,#4730,#4731,#4732));
#831=EDGE_LOOP('',(#4733,#4734,#4735,#4736));
#832=EDGE_LOOP('',(#4737,#4738,#4739,#4740));
#833=EDGE_LOOP('',(#4741,#4742,#4743,#4744));
#834=EDGE_LOOP('',(#4745,#4746,#4747,#4748));
#835=EDGE_LOOP('',(#4749,#4750,#4751,#4752));
#836=EDGE_LOOP('',(#4753,#4754,#4755,#4756));
#837=EDGE_LOOP('',(#4757,#4758,#4759,#4760));
#838=EDGE_LOOP('',(#4761,#4762,#4763,#4764));
#839=EDGE_LOOP('',(#4765,#4766,#4767,#4768));
#840=EDGE_LOOP('',(#4769,#4770,#4771,#4772));
#841=EDGE_LOOP('',(#4773,#4774,#4775,#4776));
#842=EDGE_LOOP('',(#4777,#4778,#4779,#4780));
#843=EDGE_LOOP('',(#4781,#4782,#4783,#4784));
#844=EDGE_LOOP('',(#4785,#4786,#4787,#4788));
#845=EDGE_LOOP('',(#4789,#4790,#4791,#4792));
#846=EDGE_LOOP('',(#4793,#4794,#4795,#4796));
#847=EDGE_LOOP('',(#4797,#4798,#4799,#4800));
#848=EDGE_LOOP('',(#4801));
#849=EDGE_LOOP('',(#4802,#4803,#4804,#4805,#4806,#4807,#4808,#4809,#4810,
#4811,#4812,#4813,#4814,#4815,#4816,#4817,#4818,#4819,#4820,#4821,#4822,
#4823,#4824,#4825,#4826,#4827,#4828,#4829,#4830,#4831,#4832,#4833,#4834,
#4835,#4836,#4837,#4838,#4839,#4840,#4841,#4842,#4843,#4844,#4845,#4846,
#4847,#4848,#4849,#4850,#4851,#4852,#4853,#4854,#4855,#4856,#4857,#4858,
#4859,#4860,#4861,#4862,#4863,#4864,#4865,#4866,#4867,#4868,#4869,#4870,
#4871,#4872,#4873,#4874,#4875,#4876,#4877,#4878,#4879,#4880,#4881,#4882,
#4883,#4884,#4885,#4886,#4887,#4888,#4889,#4890,#4891,#4892,#4893,#4894,
#4895,#4896,#4897));
#850=EDGE_LOOP('',(#4898,#4899,#4900,#4901));
#851=EDGE_LOOP('',(#4902,#4903,#4904,#4905));
#852=EDGE_LOOP('',(#4906,#4907,#4908,#4909,#4910));
#853=EDGE_LOOP('',(#4911,#4912,#4913,#4914));
#854=EDGE_LOOP('',(#4915,#4916,#4917,#4918));
#855=EDGE_LOOP('',(#4919,#4920,#4921,#4922));
#856=EDGE_LOOP('',(#4923,#4924,#4925,#4926));
#857=EDGE_LOOP('',(#4927,#4928,#4929,#4930));
#858=EDGE_LOOP('',(#4931,#4932,#4933,#4934));
#859=EDGE_LOOP('',(#4935,#4936,#4937,#4938));
#860=EDGE_LOOP('',(#4939,#4940,#4941,#4942));
#861=EDGE_LOOP('',(#4943,#4944,#4945,#4946,#4947,#4948,#4949,#4950,#4951,
#4952,#4953,#4954,#4955,#4956,#4957,#4958,#4959,#4960,#4961,#4962,#4963,
#4964,#4965,#4966,#4967,#4968,#4969,#4970,#4971,#4972,#4973,#4974,#4975,
#4976,#4977,#4978,#4979,#4980,#4981,#4982,#4983,#4984,#4985,#4986,#4987,
#4988,#4989,#4990,#4991,#4992,#4993,#4994,#4995,#4996));
#862=EDGE_LOOP('',(#4997,#4998,#4999,#5000,#5001));
#863=EDGE_LOOP('',(#5002,#5003,#5004,#5005,#5006));
#864=EDGE_LOOP('',(#5007));
#865=EDGE_LOOP('',(#5008));
#866=EDGE_LOOP('',(#5009));
#867=EDGE_LOOP('',(#5010));
#868=EDGE_LOOP('',(#5011));
#869=EDGE_LOOP('',(#5012));
#870=EDGE_LOOP('',(#5013,#5014,#5015,#5016));
#871=EDGE_LOOP('',(#5017,#5018,#5019,#5020));
#872=EDGE_LOOP('',(#5021,#5022,#5023,#5024));
#873=EDGE_LOOP('',(#5025,#5026,#5027,#5028));
#874=EDGE_LOOP('',(#5029,#5030,#5031,#5032));
#875=EDGE_LOOP('',(#5033,#5034,#5035,#5036));
#876=EDGE_LOOP('',(#5037,#5038,#5039,#5040));
#877=EDGE_LOOP('',(#5041,#5042,#5043,#5044));
#878=EDGE_LOOP('',(#5045));
#879=EDGE_LOOP('',(#5046,#5047,#5048,#5049,#5050,#5051,#5052,#5053,#5054,
#5055,#5056,#5057,#5058,#5059,#5060,#5061,#5062,#5063,#5064,#5065,#5066,
#5067,#5068,#5069,#5070,#5071,#5072,#5073,#5074,#5075,#5076,#5077,#5078,
#5079,#5080,#5081,#5082,#5083,#5084,#5085,#5086,#5087,#5088,#5089,#5090,
#5091,#5092,#5093,#5094,#5095,#5096,#5097,#5098,#5099,#5100,#5101,#5102,
#5103,#5104,#5105,#5106,#5107,#5108,#5109));
#880=EDGE_LOOP('',(#5110,#5111,#5112,#5113,#5114));
#881=EDGE_LOOP('',(#5115,#5116,#5117,#5118));
#882=EDGE_LOOP('',(#5119,#5120,#5121,#5122));
#883=EDGE_LOOP('',(#5123));
#884=EDGE_LOOP('',(#5124,#5125,#5126,#5127,#5128,#5129,#5130,#5131));
#885=EDGE_LOOP('',(#5132,#5133,#5134,#5135,#5136,#5137,#5138,#5139));
#886=EDGE_LOOP('',(#5140,#5141,#5142,#5143,#5144,#5145,#5146,#5147));
#887=EDGE_LOOP('',(#5148,#5149,#5150,#5151,#5152,#5153,#5154,#5155));
#888=EDGE_LOOP('',(#5156,#5157,#5158,#5159,#5160,#5161,#5162,#5163));
#889=EDGE_LOOP('',(#5164,#5165,#5166,#5167,#5168,#5169,#5170,#5171));
#890=EDGE_LOOP('',(#5172,#5173,#5174,#5175,#5176,#5177,#5178,#5179));
#891=EDGE_LOOP('',(#5180,#5181,#5182,#5183,#5184,#5185,#5186,#5187));
#892=EDGE_LOOP('',(#5188,#5189,#5190,#5191,#5192,#5193,#5194,#5195));
#893=EDGE_LOOP('',(#5196,#5197,#5198,#5199,#5200,#5201,#5202,#5203));
#894=EDGE_LOOP('',(#5204,#5205,#5206,#5207,#5208,#5209,#5210,#5211));
#895=EDGE_LOOP('',(#5212,#5213,#5214,#5215,#5216,#5217,#5218,#5219));
#896=EDGE_LOOP('',(#5220));
#897=EDGE_LOOP('',(#5221));
#898=EDGE_LOOP('',(#5222));
#899=EDGE_LOOP('',(#5223));
#900=EDGE_LOOP('',(#5224));
#901=EDGE_LOOP('',(#5225,#5226,#5227,#5228));
#902=EDGE_LOOP('',(#5229,#5230,#5231,#5232));
#903=EDGE_LOOP('',(#5233,#5234,#5235,#5236));
#904=EDGE_LOOP('',(#5237));
#905=EDGE_LOOP('',(#5238));
#906=EDGE_LOOP('',(#5239,#5240,#5241,#5242));
#907=EDGE_LOOP('',(#5243));
#908=EDGE_LOOP('',(#5244));
#909=EDGE_LOOP('',(#5245));
#910=EDGE_LOOP('',(#5246));
#911=LINE('',#7876,#1291);
#912=LINE('',#7879,#1292);
#913=LINE('',#7885,#1293);
#914=LINE('',#8141,#1294);
#915=LINE('',#8143,#1295);
#916=LINE('',#8144,#1296);
#917=LINE('',#8165,#1297);
#918=LINE('',#8168,#1298);
#919=LINE('',#8171,#1299);
#920=LINE('',#8173,#1300);
#921=LINE('',#8174,#1301);
#922=LINE('',#8195,#1302);
#923=LINE('',#8198,#1303);
#924=LINE('',#8201,#1304);
#925=LINE('',#8203,#1305);
#926=LINE('',#8204,#1306);
#927=LINE('',#8225,#1307);
#928=LINE('',#8228,#1308);
#929=LINE('',#8231,#1309);
#930=LINE('',#8233,#1310);
#931=LINE('',#8234,#1311);
#932=LINE('',#8255,#1312);
#933=LINE('',#8258,#1313);
#934=LINE('',#8261,#1314);
#935=LINE('',#8263,#1315);
#936=LINE('',#8264,#1316);
#937=LINE('',#8285,#1317);
#938=LINE('',#8288,#1318);
#939=LINE('',#8291,#1319);
#940=LINE('',#8293,#1320);
#941=LINE('',#8294,#1321);
#942=LINE('',#8324,#1322);
#943=LINE('',#8326,#1323);
#944=LINE('',#8327,#1324);
#945=LINE('',#8353,#1325);
#946=LINE('',#8356,#1326);
#947=LINE('',#8359,#1327);
#948=LINE('',#8361,#1328);
#949=LINE('',#8362,#1329);
#950=LINE('',#8392,#1330);
#951=LINE('',#8394,#1331);
#952=LINE('',#8395,#1332);
#953=LINE('',#8403,#1333);
#954=LINE('',#8405,#1334);
#955=LINE('',#8406,#1335);
#956=LINE('',#8409,#1336);
#957=LINE('',#8411,#1337);
#958=LINE('',#8412,#1338);
#959=LINE('',#8415,#1339);
#960=LINE('',#8417,#1340);
#961=LINE('',#8418,#1341);
#962=LINE('',#8448,#1342);
#963=LINE('',#8450,#1343);
#964=LINE('',#8451,#1344);
#965=LINE('',#8486,#1345);
#966=LINE('',#8488,#1346);
#967=LINE('',#8489,#1347);
#968=LINE('',#8513,#1348);
#969=LINE('',#8515,#1349);
#970=LINE('',#8516,#1350);
#971=LINE('',#8537,#1351);
#972=LINE('',#8540,#1352);
#973=LINE('',#8543,#1353);
#974=LINE('',#8545,#1354);
#975=LINE('',#8546,#1355);
#976=LINE('',#8549,#1356);
#977=LINE('',#8551,#1357);
#978=LINE('',#8552,#1358);
#979=LINE('',#8573,#1359);
#980=LINE('',#8576,#1360);
#981=LINE('',#8579,#1361);
#982=LINE('',#8581,#1362);
#983=LINE('',#8582,#1363);
#984=LINE('',#8585,#1364);
#985=LINE('',#8587,#1365);
#986=LINE('',#8588,#1366);
#987=LINE('',#8618,#1367);
#988=LINE('',#8620,#1368);
#989=LINE('',#8621,#1369);
#990=LINE('',#8656,#1370);
#991=LINE('',#8658,#1371);
#992=LINE('',#8659,#1372);
#993=LINE('',#8667,#1373);
#994=LINE('',#8669,#1374);
#995=LINE('',#8670,#1375);
#996=LINE('',#8673,#1376);
#997=LINE('',#8675,#1377);
#998=LINE('',#8676,#1378);
#999=LINE('',#8679,#1379);
#1000=LINE('',#8681,#1380);
#1001=LINE('',#8682,#1381);
#1002=LINE('',#8685,#1382);
#1003=LINE('',#8687,#1383);
#1004=LINE('',#8688,#1384);
#1005=LINE('',#8691,#1385);
#1006=LINE('',#8694,#1386);
#1007=LINE('',#8697,#1387);
#1008=LINE('',#8700,#1388);
#1009=LINE('',#8703,#1389);
#1010=LINE('',#8706,#1390);
#1011=LINE('',#8710,#1391);
#1012=LINE('',#8714,#1392);
#1013=LINE('',#8718,#1393);
#1014=LINE('',#8722,#1394);
#1015=LINE('',#8726,#1395);
#1016=LINE('',#8730,#1396);
#1017=LINE('',#8734,#1397);
#1018=LINE('',#8738,#1398);
#1019=LINE('',#8742,#1399);
#1020=LINE('',#8746,#1400);
#1021=LINE('',#8750,#1401);
#1022=LINE('',#8754,#1402);
#1023=LINE('',#8758,#1403);
#1024=LINE('',#8762,#1404);
#1025=LINE('',#8766,#1405);
#1026=LINE('',#8770,#1406);
#1027=LINE('',#8774,#1407);
#1028=LINE('',#8777,#1408);
#1029=LINE('',#8779,#1409);
#1030=LINE('',#8782,#1410);
#1031=LINE('',#8784,#1411);
#1032=LINE('',#8787,#1412);
#1033=LINE('',#8789,#1413);
#1034=LINE('',#8792,#1414);
#1035=LINE('',#8794,#1415);
#1036=LINE('',#8797,#1416);
#1037=LINE('',#8799,#1417);
#1038=LINE('',#8802,#1418);
#1039=LINE('',#8804,#1419);
#1040=LINE('',#8809,#1420);
#1041=LINE('',#8811,#1421);
#1042=LINE('',#8814,#1422);
#1043=LINE('',#8816,#1423);
#1044=LINE('',#8819,#1424);
#1045=LINE('',#8821,#1425);
#1046=LINE('',#8824,#1426);
#1047=LINE('',#8826,#1427);
#1048=LINE('',#8829,#1428);
#1049=LINE('',#8831,#1429);
#1050=LINE('',#8834,#1430);
#1051=LINE('',#8836,#1431);
#1052=LINE('',#8841,#1432);
#1053=LINE('',#8845,#1433);
#1054=LINE('',#8849,#1434);
#1055=LINE('',#8853,#1435);
#1056=LINE('',#8857,#1436);
#1057=LINE('',#8861,#1437);
#1058=LINE('',#8865,#1438);
#1059=LINE('',#8869,#1439);
#1060=LINE('',#8873,#1440);
#1061=LINE('',#8876,#1441);
#1062=LINE('',#8881,#1442);
#1063=LINE('',#8885,#1443);
#1064=LINE('',#8886,#1444);
#1065=LINE('',#8889,#1445);
#1066=LINE('',#8891,#1446);
#1067=LINE('',#8892,#1447);
#1068=LINE('',#8911,#1448);
#1069=LINE('',#8913,#1449);
#1070=LINE('',#8914,#1450);
#1071=LINE('',#8919,#1451);
#1072=LINE('',#8923,#1452);
#1073=LINE('',#8924,#1453);
#1074=LINE('',#8929,#1454);
#1075=LINE('',#8933,#1455);
#1076=LINE('',#8934,#1456);
#1077=LINE('',#8937,#1457);
#1078=LINE('',#8939,#1458);
#1079=LINE('',#8940,#1459);
#1080=LINE('',#8945,#1460);
#1081=LINE('',#8949,#1461);
#1082=LINE('',#8950,#1462);
#1083=LINE('',#8991,#1463);
#1084=LINE('',#8994,#1464);
#1085=LINE('',#8999,#1465);
#1086=LINE('',#9006,#1466);
#1087=LINE('',#9017,#1467);
#1088=LINE('',#9018,#1468);
#1089=LINE('',#9032,#1469);
#1090=LINE('',#9038,#1470);
#1091=LINE('',#9041,#1471);
#1092=LINE('',#9042,#1472);
#1093=LINE('',#9048,#1473);
#1094=LINE('',#9051,#1474);
#1095=LINE('',#9056,#1475);
#1096=LINE('',#9063,#1476);
#1097=LINE('',#9074,#1477);
#1098=LINE('',#9075,#1478);
#1099=LINE('',#9089,#1479);
#1100=LINE('',#9095,#1480);
#1101=LINE('',#9098,#1481);
#1102=LINE('',#9099,#1482);
#1103=LINE('',#9113,#1483);
#1104=LINE('',#9120,#1484);
#1105=LINE('',#9132,#1485);
#1106=LINE('',#9134,#1486);
#1107=LINE('',#9135,#1487);
#1108=LINE('',#9140,#1488);
#1109=LINE('',#9146,#1489);
#1110=LINE('',#9152,#1490);
#1111=LINE('',#9155,#1491);
#1112=LINE('',#9156,#1492);
#1113=LINE('',#9170,#1493);
#1114=LINE('',#9177,#1494);
#1115=LINE('',#9189,#1495);
#1116=LINE('',#9191,#1496);
#1117=LINE('',#9192,#1497);
#1118=LINE('',#9197,#1498);
#1119=LINE('',#9203,#1499);
#1120=LINE('',#9209,#1500);
#1121=LINE('',#9212,#1501);
#1122=LINE('',#9213,#1502);
#1123=LINE('',#9219,#1503);
#1124=LINE('',#9222,#1504);
#1125=LINE('',#9225,#1505);
#1126=LINE('',#9227,#1506);
#1127=LINE('',#9228,#1507);
#1128=LINE('',#9234,#1508);
#1129=LINE('',#9237,#1509);
#1130=LINE('',#9246,#1510);
#1131=LINE('',#9257,#1511);
#1132=LINE('',#9258,#1512);
#1133=LINE('',#9276,#1513);
#1134=LINE('',#9279,#1514);
#1135=LINE('',#9284,#1515);
#1136=LINE('',#9290,#1516);
#1137=LINE('',#9294,#1517);
#1138=LINE('',#9296,#1518);
#1139=LINE('',#9297,#1519);
#1140=LINE('',#9315,#1520);
#1141=LINE('',#9326,#1521);
#1142=LINE('',#9327,#1522);
#1143=LINE('',#9333,#1523);
#1144=LINE('',#9336,#1524);
#1145=LINE('',#9341,#1525);
#1146=LINE('',#9347,#1526);
#1147=LINE('',#9351,#1527);
#1148=LINE('',#9353,#1528);
#1149=LINE('',#9354,#1529);
#1150=LINE('',#9372,#1530);
#1151=LINE('',#9383,#1531);
#1152=LINE('',#9384,#1532);
#1153=LINE('',#9390,#1533);
#1154=LINE('',#9393,#1534);
#1155=LINE('',#9398,#1535);
#1156=LINE('',#9405,#1536);
#1157=LINE('',#9416,#1537);
#1158=LINE('',#9417,#1538);
#1159=LINE('',#9422,#1539);
#1160=LINE('',#9426,#1540);
#1161=LINE('',#9428,#1541);
#1162=LINE('',#9429,#1542);
#1163=LINE('',#9447,#1543);
#1164=LINE('',#9459,#1544);
#1165=LINE('',#9461,#1545);
#1166=LINE('',#9462,#1546);
#1167=LINE('',#9467,#1547);
#1168=LINE('',#9473,#1548);
#1169=LINE('',#9479,#1549);
#1170=LINE('',#9483,#1550);
#1171=LINE('',#9485,#1551);
#1172=LINE('',#9486,#1552);
#1173=LINE('',#9504,#1553);
#1174=LINE('',#9516,#1554);
#1175=LINE('',#9518,#1555);
#1176=LINE('',#9519,#1556);
#1177=LINE('',#9524,#1557);
#1178=LINE('',#9530,#1558);
#1179=LINE('',#9536,#1559);
#1180=LINE('',#9540,#1560);
#1181=LINE('',#9542,#1561);
#1182=LINE('',#9543,#1562);
#1183=LINE('',#9561,#1563);
#1184=LINE('',#9573,#1564);
#1185=LINE('',#9575,#1565);
#1186=LINE('',#9576,#1566);
#1187=LINE('',#9581,#1567);
#1188=LINE('',#9587,#1568);
#1189=LINE('',#9593,#1569);
#1190=LINE('',#9597,#1570);
#1191=LINE('',#9599,#1571);
#1192=LINE('',#9600,#1572);
#1193=LINE('',#9618,#1573);
#1194=LINE('',#9621,#1574);
#1195=LINE('',#9626,#1575);
#1196=LINE('',#9632,#1576);
#1197=LINE('',#9636,#1577);
#1198=LINE('',#9638,#1578);
#1199=LINE('',#9639,#1579);
#1200=LINE('',#9657,#1580);
#1201=LINE('',#9668,#1581);
#1202=LINE('',#9669,#1582);
#1203=LINE('',#9672,#1583);
#1204=LINE('',#9674,#1584);
#1205=LINE('',#9675,#1585);
#1206=LINE('',#9680,#1586);
#1207=LINE('',#9683,#1587);
#1208=LINE('',#9684,#1588);
#1209=LINE('',#9688,#1589);
#1210=LINE('',#9690,#1590);
#1211=LINE('',#9691,#1591);
#1212=LINE('',#9694,#1592);
#1213=LINE('',#9699,#1593);
#1214=LINE('',#9701,#1594);
#1215=LINE('',#9704,#1595);
#1216=LINE('',#9706,#1596);
#1217=LINE('',#9707,#1597);
#1218=LINE('',#9712,#1598);
#1219=LINE('',#9715,#1599);
#1220=LINE('',#9716,#1600);
#1221=LINE('',#9723,#1601);
#1222=LINE('',#9726,#1602);
#1223=LINE('',#9728,#1603);
#1224=LINE('',#9729,#1604);
#1225=LINE('',#9731,#1605);
#1226=LINE('',#9733,#1606);
#1227=LINE('',#9739,#1607);
#1228=LINE('',#9742,#1608);
#1229=LINE('',#9747,#1609);
#1230=LINE('',#9752,#1610);
#1231=LINE('',#9758,#1611);
#1232=LINE('',#9761,#1612);
#1233=LINE('',#9763,#1613);
#1234=LINE('',#9768,#1614);
#1235=LINE('',#9777,#1615);
#1236=LINE('',#9780,#1616);
#1237=LINE('',#9785,#1617);
#1238=LINE('',#9790,#1618);
#1239=LINE('',#9796,#1619);
#1240=LINE('',#9799,#1620);
#1241=LINE('',#9801,#1621);
#1242=LINE('',#9806,#1622);
#1243=LINE('',#9815,#1623);
#1244=LINE('',#9818,#1624);
#1245=LINE('',#9823,#1625);
#1246=LINE('',#9828,#1626);
#1247=LINE('',#9834,#1627);
#1248=LINE('',#9837,#1628);
#1249=LINE('',#9839,#1629);
#1250=LINE('',#9844,#1630);
#1251=LINE('',#9853,#1631);
#1252=LINE('',#9856,#1632);
#1253=LINE('',#9861,#1633);
#1254=LINE('',#9866,#1634);
#1255=LINE('',#9872,#1635);
#1256=LINE('',#9875,#1636);
#1257=LINE('',#9877,#1637);
#1258=LINE('',#9882,#1638);
#1259=LINE('',#9891,#1639);
#1260=LINE('',#9894,#1640);
#1261=LINE('',#9899,#1641);
#1262=LINE('',#9904,#1642);
#1263=LINE('',#9910,#1643);
#1264=LINE('',#9913,#1644);
#1265=LINE('',#9915,#1645);
#1266=LINE('',#9920,#1646);
#1267=LINE('',#9929,#1647);
#1268=LINE('',#9932,#1648);
#1269=LINE('',#9937,#1649);
#1270=LINE('',#9942,#1650);
#1271=LINE('',#9948,#1651);
#1272=LINE('',#9951,#1652);
#1273=LINE('',#9953,#1653);
#1274=LINE('',#9958,#1654);
#1275=LINE('',#9990,#1655);
#1276=LINE('',#10005,#1656);
#1277=LINE('',#10021,#1657);
#1278=LINE('',#10024,#1658);
#1279=LINE('',#10029,#1659);
#1280=LINE('',#10032,#1660);
#1281=LINE('',#10037,#1661);
#1282=LINE('',#10040,#1662);
#1283=LINE('',#10045,#1663);
#1284=LINE('',#10048,#1664);
#1285=LINE('',#10053,#1665);
#1286=LINE('',#10058,#1666);
#1287=LINE('',#10061,#1667);
#1288=LINE('',#10067,#1668);
#1289=LINE('',#10073,#1669);
#1290=LINE('',#10080,#1670);
#1291=VECTOR('',#6225,10.);
#1292=VECTOR('',#6228,10.);
#1293=VECTOR('',#6233,10.1);
#1294=VECTOR('',#6364,10.);
#1295=VECTOR('',#6365,10.);
#1296=VECTOR('',#6366,10.);
#1297=VECTOR('',#6369,10.);
#1298=VECTOR('',#6372,10.);
#1299=VECTOR('',#6375,10.);
#1300=VECTOR('',#6376,10.);
#1301=VECTOR('',#6377,10.);
#1302=VECTOR('',#6380,10.);
#1303=VECTOR('',#6383,10.);
#1304=VECTOR('',#6386,10.);
#1305=VECTOR('',#6387,10.);
#1306=VECTOR('',#6388,10.);
#1307=VECTOR('',#6391,10.);
#1308=VECTOR('',#6394,10.);
#1309=VECTOR('',#6397,10.);
#1310=VECTOR('',#6398,10.);
#1311=VECTOR('',#6399,10.);
#1312=VECTOR('',#6402,10.);
#1313=VECTOR('',#6405,10.);
#1314=VECTOR('',#6408,10.);
#1315=VECTOR('',#6409,10.);
#1316=VECTOR('',#6410,10.);
#1317=VECTOR('',#6413,10.);
#1318=VECTOR('',#6416,10.);
#1319=VECTOR('',#6419,10.);
#1320=VECTOR('',#6420,10.);
#1321=VECTOR('',#6421,10.);
#1322=VECTOR('',#6430,10.);
#1323=VECTOR('',#6431,10.);
#1324=VECTOR('',#6432,10.);
#1325=VECTOR('',#6437,10.);
#1326=VECTOR('',#6440,10.);
#1327=VECTOR('',#6443,10.);
#1328=VECTOR('',#6444,10.);
#1329=VECTOR('',#6445,10.);
#1330=VECTOR('',#6454,10.);
#1331=VECTOR('',#6455,10.);
#1332=VECTOR('',#6456,10.);
#1333=VECTOR('',#6461,10.);
#1334=VECTOR('',#6462,10.);
#1335=VECTOR('',#6463,10.);
#1336=VECTOR('',#6466,10.);
#1337=VECTOR('',#6467,10.);
#1338=VECTOR('',#6468,10.);
#1339=VECTOR('',#6471,10.);
#1340=VECTOR('',#6472,10.);
#1341=VECTOR('',#6473,10.);
#1342=VECTOR('',#6482,10.);
#1343=VECTOR('',#6483,10.);
#1344=VECTOR('',#6484,10.);
#1345=VECTOR('',#6495,10.);
#1346=VECTOR('',#6496,10.);
#1347=VECTOR('',#6497,10.);
#1348=VECTOR('',#6506,10.);
#1349=VECTOR('',#6507,10.);
#1350=VECTOR('',#6508,10.);
#1351=VECTOR('',#6511,10.);
#1352=VECTOR('',#6514,10.);
#1353=VECTOR('',#6517,10.);
#1354=VECTOR('',#6518,10.);
#1355=VECTOR('',#6519,10.);
#1356=VECTOR('',#6522,10.);
#1357=VECTOR('',#6523,10.);
#1358=VECTOR('',#6524,10.);
#1359=VECTOR('',#6527,10.);
#1360=VECTOR('',#6530,10.);
#1361=VECTOR('',#6533,10.);
#1362=VECTOR('',#6534,10.);
#1363=VECTOR('',#6535,10.);
#1364=VECTOR('',#6538,10.);
#1365=VECTOR('',#6539,10.);
#1366=VECTOR('',#6540,10.);
#1367=VECTOR('',#6549,10.);
#1368=VECTOR('',#6550,10.);
#1369=VECTOR('',#6551,10.);
#1370=VECTOR('',#6562,10.);
#1371=VECTOR('',#6563,10.);
#1372=VECTOR('',#6564,10.);
#1373=VECTOR('',#6569,10.);
#1374=VECTOR('',#6570,10.);
#1375=VECTOR('',#6571,10.);
#1376=VECTOR('',#6574,10.);
#1377=VECTOR('',#6575,10.);
#1378=VECTOR('',#6576,10.);
#1379=VECTOR('',#6579,10.);
#1380=VECTOR('',#6580,10.);
#1381=VECTOR('',#6581,10.);
#1382=VECTOR('',#6584,10.);
#1383=VECTOR('',#6585,10.);
#1384=VECTOR('',#6586,10.);
#1385=VECTOR('',#6589,10.);
#1386=VECTOR('',#6592,10.);
#1387=VECTOR('',#6595,10.);
#1388=VECTOR('',#6598,10.);
#1389=VECTOR('',#6601,10.);
#1390=VECTOR('',#6604,10.);
#1391=VECTOR('',#6607,10.);
#1392=VECTOR('',#6610,10.);
#1393=VECTOR('',#6613,10.);
#1394=VECTOR('',#6616,10.);
#1395=VECTOR('',#6619,10.);
#1396=VECTOR('',#6622,10.);
#1397=VECTOR('',#6625,10.);
#1398=VECTOR('',#6628,10.);
#1399=VECTOR('',#6631,10.);
#1400=VECTOR('',#6634,10.);
#1401=VECTOR('',#6637,10.);
#1402=VECTOR('',#6640,10.);
#1403=VECTOR('',#6643,10.);
#1404=VECTOR('',#6646,10.);
#1405=VECTOR('',#6649,10.);
#1406=VECTOR('',#6652,10.);
#1407=VECTOR('',#6655,8.85);
#1408=VECTOR('',#6658,10.);
#1409=VECTOR('',#6659,10.);
#1410=VECTOR('',#6662,10.);
#1411=VECTOR('',#6663,10.);
#1412=VECTOR('',#6666,10.);
#1413=VECTOR('',#6667,10.);
#1414=VECTOR('',#6670,10.);
#1415=VECTOR('',#6671,10.);
#1416=VECTOR('',#6674,10.);
#1417=VECTOR('',#6675,10.);
#1418=VECTOR('',#6678,10.);
#1419=VECTOR('',#6679,10.);
#1420=VECTOR('',#6684,10.);
#1421=VECTOR('',#6685,10.);
#1422=VECTOR('',#6688,10.);
#1423=VECTOR('',#6689,10.);
#1424=VECTOR('',#6692,10.);
#1425=VECTOR('',#6693,10.);
#1426=VECTOR('',#6696,10.);
#1427=VECTOR('',#6697,10.);
#1428=VECTOR('',#6700,10.);
#1429=VECTOR('',#6701,10.);
#1430=VECTOR('',#6704,10.);
#1431=VECTOR('',#6705,10.);
#1432=VECTOR('',#6710,10.);
#1433=VECTOR('',#6713,10.);
#1434=VECTOR('',#6716,10.);
#1435=VECTOR('',#6719,10.);
#1436=VECTOR('',#6722,10.);
#1437=VECTOR('',#6725,10.);
#1438=VECTOR('',#6728,10.);
#1439=VECTOR('',#6731,10.);
#1440=VECTOR('',#6736,10.);
#1441=VECTOR('',#6739,10.);
#1442=VECTOR('',#6746,10.);
#1443=VECTOR('',#6751,10.);
#1444=VECTOR('',#6752,10.);
#1445=VECTOR('',#6755,10.);
#1446=VECTOR('',#6756,10.);
#1447=VECTOR('',#6757,10.);
#1448=VECTOR('',#6792,10.);
#1449=VECTOR('',#6793,10.);
#1450=VECTOR('',#6794,10.);
#1451=VECTOR('',#6801,10.);
#1452=VECTOR('',#6806,10.);
#1453=VECTOR('',#6807,10.);
#1454=VECTOR('',#6814,10.);
#1455=VECTOR('',#6819,10.);
#1456=VECTOR('',#6820,10.);
#1457=VECTOR('',#6823,10.);
#1458=VECTOR('',#6824,10.);
#1459=VECTOR('',#6825,10.);
#1460=VECTOR('',#6832,10.);
#1461=VECTOR('',#6837,10.);
#1462=VECTOR('',#6838,10.);
#1463=VECTOR('',#6911,10.);
#1464=VECTOR('',#6914,10.);
#1465=VECTOR('',#6919,10.);
#1466=VECTOR('',#6926,10.);
#1467=VECTOR('',#6931,10.);
#1468=VECTOR('',#6932,10.);
#1469=VECTOR('',#6937,10.);
#1470=VECTOR('',#6944,10.);
#1471=VECTOR('',#6949,10.);
#1472=VECTOR('',#6950,10.);
#1473=VECTOR('',#6955,10.);
#1474=VECTOR('',#6958,10.);
#1475=VECTOR('',#6963,10.);
#1476=VECTOR('',#6970,10.);
#1477=VECTOR('',#6975,10.);
#1478=VECTOR('',#6976,10.);
#1479=VECTOR('',#6981,10.);
#1480=VECTOR('',#6988,10.);
#1481=VECTOR('',#6993,10.);
#1482=VECTOR('',#6994,10.);
#1483=VECTOR('',#6999,10.);
#1484=VECTOR('',#7006,10.);
#1485=VECTOR('',#7011,10.);
#1486=VECTOR('',#7012,10.);
#1487=VECTOR('',#7013,10.);
#1488=VECTOR('',#7018,10.);
#1489=VECTOR('',#7025,10.);
#1490=VECTOR('',#7032,10.);
#1491=VECTOR('',#7037,10.);
#1492=VECTOR('',#7038,10.);
#1493=VECTOR('',#7043,10.);
#1494=VECTOR('',#7050,10.);
#1495=VECTOR('',#7055,10.);
#1496=VECTOR('',#7056,10.);
#1497=VECTOR('',#7057,10.);
#1498=VECTOR('',#7062,10.);
#1499=VECTOR('',#7069,10.);
#1500=VECTOR('',#7076,10.);
#1501=VECTOR('',#7081,10.);
#1502=VECTOR('',#7082,10.);
#1503=VECTOR('',#7087,10.);
#1504=VECTOR('',#7090,10.);
#1505=VECTOR('',#7093,10.);
#1506=VECTOR('',#7094,10.);
#1507=VECTOR('',#7095,10.);
#1508=VECTOR('',#7100,10.);
#1509=VECTOR('',#7103,10.);
#1510=VECTOR('',#7114,10.);
#1511=VECTOR('',#7119,10.);
#1512=VECTOR('',#7120,10.);
#1513=VECTOR('',#7131,10.);
#1514=VECTOR('',#7134,10.);
#1515=VECTOR('',#7139,10.);
#1516=VECTOR('',#7146,10.);
#1517=VECTOR('',#7151,10.);
#1518=VECTOR('',#7152,10.);
#1519=VECTOR('',#7153,10.);
#1520=VECTOR('',#7164,10.);
#1521=VECTOR('',#7169,10.);
#1522=VECTOR('',#7170,10.);
#1523=VECTOR('',#7175,10.);
#1524=VECTOR('',#7178,10.);
#1525=VECTOR('',#7183,10.);
#1526=VECTOR('',#7190,10.);
#1527=VECTOR('',#7195,10.);
#1528=VECTOR('',#7196,10.);
#1529=VECTOR('',#7197,10.);
#1530=VECTOR('',#7208,10.);
#1531=VECTOR('',#7213,10.);
#1532=VECTOR('',#7214,10.);
#1533=VECTOR('',#7219,10.);
#1534=VECTOR('',#7222,10.);
#1535=VECTOR('',#7227,10.);
#1536=VECTOR('',#7234,10.);
#1537=VECTOR('',#7239,10.);
#1538=VECTOR('',#7240,10.);
#1539=VECTOR('',#7245,10.);
#1540=VECTOR('',#7250,10.);
#1541=VECTOR('',#7251,10.);
#1542=VECTOR('',#7252,10.);
#1543=VECTOR('',#7263,10.);
#1544=VECTOR('',#7268,10.);
#1545=VECTOR('',#7269,10.);
#1546=VECTOR('',#7270,10.);
#1547=VECTOR('',#7275,10.);
#1548=VECTOR('',#7282,10.);
#1549=VECTOR('',#7289,10.);
#1550=VECTOR('',#7294,10.);
#1551=VECTOR('',#7295,10.);
#1552=VECTOR('',#7296,10.);
#1553=VECTOR('',#7307,10.);
#1554=VECTOR('',#7312,10.);
#1555=VECTOR('',#7313,10.);
#1556=VECTOR('',#7314,10.);
#1557=VECTOR('',#7319,10.);
#1558=VECTOR('',#7326,10.);
#1559=VECTOR('',#7333,10.);
#1560=VECTOR('',#7338,10.);
#1561=VECTOR('',#7339,10.);
#1562=VECTOR('',#7340,10.);
#1563=VECTOR('',#7351,10.);
#1564=VECTOR('',#7356,10.);
#1565=VECTOR('',#7357,10.);
#1566=VECTOR('',#7358,10.);
#1567=VECTOR('',#7363,10.);
#1568=VECTOR('',#7370,10.);
#1569=VECTOR('',#7377,10.);
#1570=VECTOR('',#7382,10.);
#1571=VECTOR('',#7383,10.);
#1572=VECTOR('',#7384,10.);
#1573=VECTOR('',#7395,10.);
#1574=VECTOR('',#7398,10.);
#1575=VECTOR('',#7403,10.);
#1576=VECTOR('',#7410,10.);
#1577=VECTOR('',#7415,10.);
#1578=VECTOR('',#7416,10.);
#1579=VECTOR('',#7417,10.);
#1580=VECTOR('',#7428,10.);
#1581=VECTOR('',#7433,10.);
#1582=VECTOR('',#7434,10.);
#1583=VECTOR('',#7437,10.);
#1584=VECTOR('',#7438,10.);
#1585=VECTOR('',#7439,10.);
#1586=VECTOR('',#7444,10.);
#1587=VECTOR('',#7449,10.);
#1588=VECTOR('',#7450,10.);
#1589=VECTOR('',#7455,10.);
#1590=VECTOR('',#7456,10.);
#1591=VECTOR('',#7457,10.);
#1592=VECTOR('',#7460,10.);
#1593=VECTOR('',#7467,10.);
#1594=VECTOR('',#7470,10.);
#1595=VECTOR('',#7473,10.);
#1596=VECTOR('',#7474,10.);
#1597=VECTOR('',#7475,10.);
#1598=VECTOR('',#7480,10.);
#1599=VECTOR('',#7485,10.);
#1600=VECTOR('',#7486,10.);
#1601=VECTOR('',#7493,10.);
#1602=VECTOR('',#7496,10.);
#1603=VECTOR('',#7499,10.);
#1604=VECTOR('',#7500,10.);
#1605=VECTOR('',#7503,10.);
#1606=VECTOR('',#7506,10.);
#1607=VECTOR('',#7511,10.);
#1608=VECTOR('',#7514,10.);
#1609=VECTOR('',#7517,10.);
#1610=VECTOR('',#7520,10.);
#1611=VECTOR('',#7525,10.);
#1612=VECTOR('',#7528,10.);
#1613=VECTOR('',#7531,10.);
#1614=VECTOR('',#7534,10.);
#1615=VECTOR('',#7539,10.);
#1616=VECTOR('',#7542,10.);
#1617=VECTOR('',#7545,10.);
#1618=VECTOR('',#7548,10.);
#1619=VECTOR('',#7553,10.);
#1620=VECTOR('',#7556,10.);
#1621=VECTOR('',#7559,10.);
#1622=VECTOR('',#7562,10.);
#1623=VECTOR('',#7567,10.);
#1624=VECTOR('',#7570,10.);
#1625=VECTOR('',#7573,10.);
#1626=VECTOR('',#7576,10.);
#1627=VECTOR('',#7581,10.);
#1628=VECTOR('',#7584,10.);
#1629=VECTOR('',#7587,10.);
#1630=VECTOR('',#7590,10.);
#1631=VECTOR('',#7595,10.);
#1632=VECTOR('',#7598,10.);
#1633=VECTOR('',#7601,10.);
#1634=VECTOR('',#7604,10.);
#1635=VECTOR('',#7609,10.);
#1636=VECTOR('',#7612,10.);
#1637=VECTOR('',#7615,10.);
#1638=VECTOR('',#7618,10.);
#1639=VECTOR('',#7623,10.);
#1640=VECTOR('',#7626,10.);
#1641=VECTOR('',#7629,10.);
#1642=VECTOR('',#7632,10.);
#1643=VECTOR('',#7637,10.);
#1644=VECTOR('',#7640,10.);
#1645=VECTOR('',#7643,10.);
#1646=VECTOR('',#7646,10.);
#1647=VECTOR('',#7651,10.);
#1648=VECTOR('',#7654,10.);
#1649=VECTOR('',#7657,10.);
#1650=VECTOR('',#7660,10.);
#1651=VECTOR('',#7665,10.);
#1652=VECTOR('',#7668,10.);
#1653=VECTOR('',#7671,10.);
#1654=VECTOR('',#7674,10.);
#1655=VECTOR('',#7727,10.225);
#1656=VECTOR('',#7746,3.);
#1657=VECTOR('',#7763,2.425);
#1658=VECTOR('',#7768,1.6);
#1659=VECTOR('',#7773,2.425);
#1660=VECTOR('',#7778,1.6);
#1661=VECTOR('',#7783,2.425);
#1662=VECTOR('',#7788,1.6);
#1663=VECTOR('',#7793,2.425);
#1664=VECTOR('',#7798,1.6);
#1665=VECTOR('',#7805,11.6);
#1666=VECTOR('',#7812,11.6);
#1667=VECTOR('',#7817,10.);
#1668=VECTOR('',#7824,15.);
#1669=VECTOR('',#7831,15.4);
#1670=VECTOR('',#7840,11.6);
#1671=CIRCLE('',#5593,11.3071067811865);
#1672=CIRCLE('',#5594,11.6);
#1673=CIRCLE('',#5596,8.85);
#1674=CIRCLE('',#5597,10.8);
#1675=CIRCLE('',#5598,11.0735629622262);
#1676=CIRCLE('',#5599,10.8);
#1677=CIRCLE('',#5600,11.0735629622262);
#1678=CIRCLE('',#5601,10.8);
#1679=CIRCLE('',#5602,11.3071067811865);
#1680=CIRCLE('',#5603,10.8);
#1681=CIRCLE('',#5604,11.3071067811865);
#1682=CIRCLE('',#5605,10.8);
#1683=CIRCLE('',#5606,11.3071067811865);
#1684=CIRCLE('',#5607,10.8);
#1685=CIRCLE('',#5608,11.0735629622262);
#1686=CIRCLE('',#5609,10.8);
#1687=CIRCLE('',#5610,11.3071067811865);
#1688=CIRCLE('',#5611,10.8);
#1689=CIRCLE('',#5612,11.0735629622262);
#1690=CIRCLE('',#5613,10.8);
#1691=CIRCLE('',#5614,10.8);
#1692=CIRCLE('',#5615,11.3071067811865);
#1693=CIRCLE('',#5616,10.8);
#1694=CIRCLE('',#5617,11.3071067811865);
#1695=CIRCLE('',#5618,10.8);
#1696=CIRCLE('',#5619,11.0735629622262);
#1697=CIRCLE('',#5620,10.8);
#1698=CIRCLE('',#5621,11.0735629622262);
#1699=CIRCLE('',#5622,10.8);
#1700=CIRCLE('',#5623,11.35);
#1701=CIRCLE('',#5624,10.8);
#1702=CIRCLE('',#5625,11.3071067811865);
#1703=CIRCLE('',#5626,10.8);
#1704=CIRCLE('',#5627,11.3071067811865);
#1705=CIRCLE('',#5628,10.8);
#1706=CIRCLE('',#5629,8.85);
#1707=CIRCLE('',#5630,8.85);
#1708=CIRCLE('',#5631,8.85);
#1709=CIRCLE('',#5632,8.85);
#1710=CIRCLE('',#5633,8.85);
#1711=CIRCLE('',#5634,8.85);
#1712=CIRCLE('',#5635,8.85);
#1713=CIRCLE('',#5636,8.85);
#1714=CIRCLE('',#5637,8.85);
#1715=CIRCLE('',#5638,8.85);
#1716=CIRCLE('',#5639,8.85);
#1717=CIRCLE('',#5640,8.85);
#1718=CIRCLE('',#5641,8.85);
#1719=CIRCLE('',#5642,8.85);
#1720=CIRCLE('',#5643,8.85);
#1721=CIRCLE('',#5644,8.85);
#1722=CIRCLE('',#5645,8.85);
#1723=CIRCLE('',#5646,8.85);
#1724=CIRCLE('',#5647,8.85);
#1725=CIRCLE('',#5648,8.85);
#1726=CIRCLE('',#5649,8.85);
#1727=CIRCLE('',#5650,8.85);
#1728=CIRCLE('',#5651,8.85);
#1729=CIRCLE('',#5652,8.85);
#1730=CIRCLE('',#5653,8.85);
#1731=CIRCLE('',#5654,8.85);
#1732=CIRCLE('',#5655,8.85);
#1733=CIRCLE('',#5656,8.85);
#1734=CIRCLE('',#5657,8.85);
#1735=CIRCLE('',#5658,8.85);
#1736=CIRCLE('',#5659,8.85);
#1737=CIRCLE('',#5660,8.85);
#1738=CIRCLE('',#5663,11.6);
#1739=CIRCLE('',#5666,11.6);
#1740=CIRCLE('',#5669,11.6);
#1741=CIRCLE('',#5672,11.6);
#1742=CIRCLE('',#5675,11.6);
#1743=CIRCLE('',#5678,11.1903348717063);
#1744=CIRCLE('',#5679,11.6);
#1745=CIRCLE('',#5683,11.6);
#1746=CIRCLE('',#5686,11.1903348717063);
#1747=CIRCLE('',#5687,11.6);
#1748=CIRCLE('',#5694,11.1903348717064);
#1749=CIRCLE('',#5695,11.6);
#1750=CIRCLE('',#5699,11.1903348717064);
#1751=CIRCLE('',#5700,11.6);
#1752=CIRCLE('',#5704,11.6);
#1753=CIRCLE('',#5707,11.6);
#1754=CIRCLE('',#5711,11.6);
#1755=CIRCLE('',#5715,11.1903348717064);
#1756=CIRCLE('',#5716,11.6);
#1757=CIRCLE('',#5720,11.1903348717063);
#1758=CIRCLE('',#5721,11.6);
#1759=CIRCLE('',#5729,8.85);
#1760=CIRCLE('',#5731,8.85);
#1761=CIRCLE('',#5733,8.85);
#1762=CIRCLE('',#5735,8.85);
#1763=CIRCLE('',#5736,8.85);
#1764=CIRCLE('',#5737,8.85);
#1765=CIRCLE('',#5738,8.85);
#1766=CIRCLE('',#5739,8.85);
#1767=CIRCLE('',#5740,8.85);
#1768=CIRCLE('',#5741,8.85);
#1769=CIRCLE('',#5742,8.85);
#1770=CIRCLE('',#5743,8.85);
#1771=CIRCLE('',#5744,8.85);
#1772=CIRCLE('',#5745,8.85);
#1773=CIRCLE('',#5746,8.85);
#1774=CIRCLE('',#5747,8.85);
#1775=CIRCLE('',#5748,8.85);
#1776=CIRCLE('',#5749,8.85);
#1777=CIRCLE('',#5750,8.85);
#1778=CIRCLE('',#5751,8.85);
#1779=CIRCLE('',#5752,8.85);
#1780=CIRCLE('',#5753,8.85);
#1781=CIRCLE('',#5754,8.85);
#1782=CIRCLE('',#5755,8.85);
#1783=CIRCLE('',#5756,8.85);
#1784=CIRCLE('',#5757,8.85);
#1785=CIRCLE('',#5758,8.85);
#1786=CIRCLE('',#5759,8.85);
#1787=CIRCLE('',#5760,8.85);
#1788=CIRCLE('',#5761,8.85);
#1789=CIRCLE('',#5762,8.85);
#1790=CIRCLE('',#5763,8.85);
#1791=CIRCLE('',#5764,8.85);
#1792=CIRCLE('',#5765,8.85);
#1793=CIRCLE('',#5766,8.85);
#1794=CIRCLE('',#5767,8.85);
#1795=CIRCLE('',#5768,8.85);
#1796=CIRCLE('',#5769,8.85);
#1797=CIRCLE('',#5770,8.85);
#1798=CIRCLE('',#5771,8.85);
#1799=CIRCLE('',#5772,8.85);
#1800=CIRCLE('',#5773,8.85);
#1801=CIRCLE('',#5775,8.85);
#1802=CIRCLE('',#5777,10.8);
#1803=CIRCLE('',#5779,10.8);
#1804=CIRCLE('',#5783,10.8);
#1805=CIRCLE('',#5785,10.8);
#1806=CIRCLE('',#5787,10.8);
#1807=CIRCLE('',#5789,10.8);
#1808=CIRCLE('',#5791,10.8);
#1809=CIRCLE('',#5793,10.8);
#1810=CIRCLE('',#5795,10.8);
#1811=CIRCLE('',#5797,10.8);
#1812=CIRCLE('',#5800,10.8);
#1813=CIRCLE('',#5802,10.8);
#1814=CIRCLE('',#5805,10.8);
#1815=CIRCLE('',#5807,10.8);
#1816=CIRCLE('',#5811,10.8);
#1817=CIRCLE('',#5813,10.8);
#1818=CIRCLE('',#5816,11.6);
#1819=CIRCLE('',#5818,11.6);
#1820=CIRCLE('',#5820,11.6);
#1821=CIRCLE('',#5822,11.6);
#1822=CIRCLE('',#5824,11.6);
#1823=CIRCLE('',#5826,11.6);
#1824=CIRCLE('',#5828,11.6);
#1825=CIRCLE('',#5830,11.6);
#1826=CIRCLE('',#5832,11.6);
#1827=CIRCLE('',#5834,11.6);
#1828=CIRCLE('',#5836,11.6);
#1829=CIRCLE('',#5838,11.6);
#1830=CIRCLE('',#5840,11.6);
#1831=CIRCLE('',#5842,11.6);
#1832=CIRCLE('',#5844,11.6);
#1833=CIRCLE('',#5846,11.6);
#1834=CIRCLE('',#5848,10.);
#1835=CIRCLE('',#5850,0.5);
#1836=CIRCLE('',#5851,0.5);
#1837=CIRCLE('',#5853,10.8);
#1838=CIRCLE('',#5854,10.8);
#1839=CIRCLE('',#5856,0.5);
#1840=CIRCLE('',#5857,0.5);
#1841=CIRCLE('',#5860,0.5);
#1842=CIRCLE('',#5861,0.5);
#1843=CIRCLE('',#5863,0.5);
#1844=CIRCLE('',#5864,0.5);
#1845=CIRCLE('',#5867,0.5);
#1846=CIRCLE('',#5868,0.5);
#1847=CIRCLE('',#5870,10.8);
#1848=CIRCLE('',#5871,10.8);
#1849=CIRCLE('',#5873,0.5);
#1850=CIRCLE('',#5874,0.5);
#1851=CIRCLE('',#5877,0.5);
#1852=CIRCLE('',#5878,0.5);
#1853=CIRCLE('',#5880,0.5);
#1854=CIRCLE('',#5881,0.5);
#1855=CIRCLE('',#5884,0.5);
#1856=CIRCLE('',#5885,0.5);
#1857=CIRCLE('',#5887,0.5);
#1858=CIRCLE('',#5888,0.5);
#1859=CIRCLE('',#5891,0.5);
#1860=CIRCLE('',#5892,0.5);
#1861=CIRCLE('',#5894,10.8);
#1862=CIRCLE('',#5895,10.8);
#1863=CIRCLE('',#5897,0.5);
#1864=CIRCLE('',#5898,0.5);
#1865=CIRCLE('',#5901,0.5);
#1866=CIRCLE('',#5902,0.5);
#1867=CIRCLE('',#5904,0.5);
#1868=CIRCLE('',#5905,0.5);
#1869=CIRCLE('',#5908,0.5);
#1870=CIRCLE('',#5909,0.5);
#1871=CIRCLE('',#5911,10.8);
#1872=CIRCLE('',#5912,10.8);
#1873=CIRCLE('',#5914,0.5);
#1874=CIRCLE('',#5915,0.5);
#1875=CIRCLE('',#5918,0.5);
#1876=CIRCLE('',#5919,0.5);
#1877=CIRCLE('',#5922,0.5);
#1878=CIRCLE('',#5923,0.5);
#1879=CIRCLE('',#5925,10.8);
#1880=CIRCLE('',#5926,10.8);
#1881=CIRCLE('',#5928,0.5);
#1882=CIRCLE('',#5929,0.5);
#1883=CIRCLE('',#5932,0.5);
#1884=CIRCLE('',#5933,0.5);
#1885=CIRCLE('',#5935,0.5);
#1886=CIRCLE('',#5936,0.5);
#1887=CIRCLE('',#5938,10.8);
#1888=CIRCLE('',#5939,10.8);
#1889=CIRCLE('',#5941,0.5);
#1890=CIRCLE('',#5942,0.5);
#1891=CIRCLE('',#5945,0.5);
#1892=CIRCLE('',#5946,0.5);
#1893=CIRCLE('',#5948,0.5);
#1894=CIRCLE('',#5949,0.5);
#1895=CIRCLE('',#5952,0.5);
#1896=CIRCLE('',#5953,0.5);
#1897=CIRCLE('',#5955,10.8);
#1898=CIRCLE('',#5956,10.8);
#1899=CIRCLE('',#5958,0.5);
#1900=CIRCLE('',#5959,0.5);
#1901=CIRCLE('',#5962,0.5);
#1902=CIRCLE('',#5963,0.5);
#1903=CIRCLE('',#5965,0.5);
#1904=CIRCLE('',#5966,0.5);
#1905=CIRCLE('',#5969,0.5);
#1906=CIRCLE('',#5970,0.5);
#1907=CIRCLE('',#5972,10.8);
#1908=CIRCLE('',#5973,10.8);
#1909=CIRCLE('',#5975,0.5);
#1910=CIRCLE('',#5976,0.5);
#1911=CIRCLE('',#5979,0.5);
#1912=CIRCLE('',#5980,0.5);
#1913=CIRCLE('',#5983,0.5);
#1914=CIRCLE('',#5984,0.5);
#1915=CIRCLE('',#5986,0.5);
#1916=CIRCLE('',#5987,0.5);
#1917=CIRCLE('',#5990,0.5);
#1918=CIRCLE('',#5991,0.5);
#1919=CIRCLE('',#5993,10.8);
#1920=CIRCLE('',#5994,10.8);
#1921=CIRCLE('',#5996,0.5);
#1922=CIRCLE('',#5997,0.5);
#1923=CIRCLE('',#6000,0.5);
#1924=CIRCLE('',#6001,0.5);
#1925=CIRCLE('',#6003,0.5);
#1926=CIRCLE('',#6004,0.5);
#1927=CIRCLE('',#6007,0.5);
#1928=CIRCLE('',#6008,0.5);
#1929=CIRCLE('',#6010,10.8);
#1930=CIRCLE('',#6011,10.8);
#1931=CIRCLE('',#6013,0.5);
#1932=CIRCLE('',#6014,0.5);
#1933=CIRCLE('',#6017,0.5);
#1934=CIRCLE('',#6018,0.5);
#1935=CIRCLE('',#6020,0.5);
#1936=CIRCLE('',#6021,0.5);
#1937=CIRCLE('',#6024,0.5);
#1938=CIRCLE('',#6025,0.5);
#1939=CIRCLE('',#6027,10.8);
#1940=CIRCLE('',#6028,10.8);
#1941=CIRCLE('',#6030,0.5);
#1942=CIRCLE('',#6031,0.5);
#1943=CIRCLE('',#6034,0.5);
#1944=CIRCLE('',#6035,0.5);
#1945=CIRCLE('',#6037,0.5);
#1946=CIRCLE('',#6038,0.5);
#1947=CIRCLE('',#6040,10.8);
#1948=CIRCLE('',#6041,10.8);
#1949=CIRCLE('',#6043,0.5);
#1950=CIRCLE('',#6044,0.5);
#1951=CIRCLE('',#6047,0.5);
#1952=CIRCLE('',#6048,0.5);
#1953=CIRCLE('',#6050,0.5);
#1954=CIRCLE('',#6051,0.5);
#1955=CIRCLE('',#6055,10.8);
#1956=CIRCLE('',#6056,10.8);
#1957=CIRCLE('',#6061,10.8);
#1958=CIRCLE('',#6063,10.8);
#1959=CIRCLE('',#6067,10.8);
#1960=CIRCLE('',#6068,10.8);
#1961=CIRCLE('',#6072,10.8);
#1962=CIRCLE('',#6073,10.8);
#1963=CIRCLE('',#6078,10.8);
#1964=CIRCLE('',#6079,10.8);
#1965=CIRCLE('',#6083,10.8);
#1966=CIRCLE('',#6084,10.8);
#1967=CIRCLE('',#6088,10.8);
#1968=CIRCLE('',#6089,10.8);
#1969=CIRCLE('',#6093,10.8);
#1970=CIRCLE('',#6094,10.8);
#1971=CIRCLE('',#6098,10.8);
#1972=CIRCLE('',#6099,10.8);
#1973=CIRCLE('',#6103,10.8);
#1974=CIRCLE('',#6104,10.8);
#1975=CIRCLE('',#6108,10.8);
#1976=CIRCLE('',#6109,10.8);
#1977=CIRCLE('',#6113,10.8);
#1978=CIRCLE('',#6114,10.8);
#1979=CIRCLE('',#6118,10.8);
#1980=CIRCLE('',#6119,10.8);
#1981=CIRCLE('',#6123,10.8);
#1982=CIRCLE('',#6124,10.8);
#1983=CIRCLE('',#6128,10.8);
#1984=CIRCLE('',#6129,10.8);
#1985=CIRCLE('',#6133,10.8);
#1986=CIRCLE('',#6134,10.8);
#1987=CIRCLE('',#6138,11.6);
#1988=CIRCLE('',#6139,9.01421356237309);
#1989=CIRCLE('',#6140,9.01421356237309);
#1990=CIRCLE('',#6141,9.01421356237309);
#1991=CIRCLE('',#6142,9.01421356237309);
#1992=CIRCLE('',#6143,9.01421356237309);
#1993=CIRCLE('',#6144,9.01421356237309);
#1994=CIRCLE('',#6145,9.01421356237309);
#1995=CIRCLE('',#6146,9.01421356237309);
#1996=CIRCLE('',#6147,9.01421356237309);
#1997=CIRCLE('',#6148,9.01421356237309);
#1998=CIRCLE('',#6149,9.01421356237309);
#1999=CIRCLE('',#6150,9.01421356237309);
#2000=CIRCLE('',#6163,11.6);
#2001=CIRCLE('',#6164,11.6);
#2002=CIRCLE('',#6166,4.);
#2003=CIRCLE('',#6167,1.);
#2004=CIRCLE('',#6168,3.);
#2005=CIRCLE('',#6169,3.);
#2006=CIRCLE('',#6171,3.);
#2007=CIRCLE('',#6173,10.);
#2008=CIRCLE('',#6174,1.6);
#2009=CIRCLE('',#6175,1.6);
#2010=CIRCLE('',#6176,1.6);
#2011=CIRCLE('',#6177,1.6);
#2012=CIRCLE('',#6179,3.25);
#2013=CIRCLE('',#6180,1.6);
#2014=CIRCLE('',#6183,3.25);
#2015=CIRCLE('',#6184,1.6);
#2016=CIRCLE('',#6187,3.25);
#2017=CIRCLE('',#6188,1.6);
#2018=CIRCLE('',#6191,3.25);
#2019=CIRCLE('',#6192,1.6);
#2020=CIRCLE('',#6195,11.6);
#2021=CIRCLE('',#6199,11.6);
#2022=CIRCLE('',#6204,15.);
#2023=CIRCLE('',#6205,15.);
#2024=CIRCLE('',#6207,15.4);
#2025=CIRCLE('',#6208,15.4);
#2026=CIRCLE('',#6211,11.6);
#2027=CIRCLE('',#6212,11.6);
#2028=B_SPLINE_CURVE_WITH_KNOTS('',3,(#7856,#7857,#7858,#7859,#7860,#7861,
#7862,#7863),.UNSPECIFIED.,.F.,.F.,(4,2,2,4),(0.000277193476370376,0.0338978029409972,
0.0725255882237111,0.0786849066364997),.UNSPECIFIED.);
#2029=B_SPLINE_CURVE_WITH_KNOTS('',3,(#7867,#7868,#7869,#7870,#7871,#7872,
#7873,#7874),.UNSPECIFIED.,.F.,.F.,(4,2,2,4),(-0.0786849066364992,-0.0725255882237109,
-0.0338978029409974,-0.000277193476370048),.UNSPECIFIED.);
#2030=B_SPLINE_CURVE_WITH_KNOTS('',3,(#8147,#8148,#8149,#8150,#8151,#8152,
#8153,#8154),.UNSPECIFIED.,.F.,.F.,(4,2,2,4),(0.000277193476370154,0.033897802940997,
0.0725255882237112,0.0786849066364999),.UNSPECIFIED.);
#2031=B_SPLINE_CURVE_WITH_KNOTS('',3,(#8156,#8157,#8158,#8159,#8160,#8161,
#8162,#8163),.UNSPECIFIED.,.F.,.F.,(4,2,2,4),(-0.0786849066364997,-0.0725255882237107,
-0.0338978029409973,-0.000277193476370145),.UNSPECIFIED.);
#2032=B_SPLINE_CURVE_WITH_KNOTS('',3,(#8177,#8178,#8179,#8180,#8181,#8182,
#8183,#8184),.UNSPECIFIED.,.F.,.F.,(4,2,2,4),(0.000277193476370487,0.0338978029409974,
0.0725255882237113,0.0786849066365),.UNSPECIFIED.);
#2033=B_SPLINE_CURVE_WITH_KNOTS('',3,(#8186,#8187,#8188,#8189,#8190,#8191,
#8192,#8193),.UNSPECIFIED.,.F.,.F.,(4,2,2,4),(-0.0786849066364994,-0.0725255882237111,
-0.0338978029409972,-0.000277193476370492),.UNSPECIFIED.);
#2034=B_SPLINE_CURVE_WITH_KNOTS('',3,(#8207,#8208,#8209,#8210,#8211,#8212,
#8213,#8214),.UNSPECIFIED.,.F.,.F.,(4,2,2,4),(0.000277193476370376,0.0338978029409973,
0.0725255882237111,0.0786849066364992),.UNSPECIFIED.);
#2035=B_SPLINE_CURVE_WITH_KNOTS('',3,(#8216,#8217,#8218,#8219,#8220,#8221,
#8222,#8223),.UNSPECIFIED.,.F.,.F.,(4,2,2,4),(-0.0786849066364986,-0.0725255882237112,
-0.0338978029409973,-0.000277193476370485),.UNSPECIFIED.);
#2036=B_SPLINE_CURVE_WITH_KNOTS('',3,(#8237,#8238,#8239,#8240,#8241,#8242,
#8243,#8244),.UNSPECIFIED.,.F.,.F.,(4,2,2,4),(0.000277193476370378,0.033897802940997,
0.0725255882237109,0.0786849066364996),.UNSPECIFIED.);
#2037=B_SPLINE_CURVE_WITH_KNOTS('',3,(#8246,#8247,#8248,#8249,#8250,#8251,
#8252,#8253),.UNSPECIFIED.,.F.,.F.,(4,2,2,4),(-0.0786849066365006,-0.072525588223711,
-0.0338978029409974,-0.000277193476370265),.UNSPECIFIED.);
#2038=B_SPLINE_CURVE_WITH_KNOTS('',3,(#8267,#8268,#8269,#8270,#8271,#8272,
#8273,#8274),.UNSPECIFIED.,.F.,.F.,(4,2,2,4),(0.000277193476370486,0.0338978029409971,
0.0725255882237108,0.078684906636499),.UNSPECIFIED.);
#2039=B_SPLINE_CURVE_WITH_KNOTS('',3,(#8276,#8277,#8278,#8279,#8280,#8281,
#8282,#8283),.UNSPECIFIED.,.F.,.F.,(4,2,2,4),(-0.0786849066364994,-0.072525588223711,
-0.0338978029409972,-0.00027719347637003),.UNSPECIFIED.);
#2040=B_SPLINE_CURVE_WITH_KNOTS('',3,(#8298,#8299,#8300,#8301,#8302,#8303,
#8304,#8305),.UNSPECIFIED.,.F.,.F.,(4,2,2,4),(0.,0.0364031874657013,0.0785357566511618,
0.095880613263364),.UNSPECIFIED.);
#2041=B_SPLINE_CURVE_WITH_KNOTS('',3,(#8309,#8310,#8311,#8312,#8313,#8314,
#8315,#8316),.UNSPECIFIED.,.F.,.F.,(4,2,2,4),(-0.0958806132633642,-0.0785357566511616,
-0.0364031874657013,0.),.UNSPECIFIED.);
#2042=B_SPLINE_CURVE_WITH_KNOTS('',3,(#8319,#8320,#8321,#8322),
 .UNSPECIFIED.,.F.,.F.,(4,4),(0.417169318796636,0.434270120539135),
 .UNSPECIFIED.);
#2043=B_SPLINE_CURVE_WITH_KNOTS('',3,(#8329,#8330,#8331,#8332),
 .UNSPECIFIED.,.F.,.F.,(4,4),(0.241363414212197,0.258464215954696),
 .UNSPECIFIED.);
#2044=B_SPLINE_CURVE_WITH_KNOTS('',3,(#8335,#8336,#8337,#8338,#8339,#8340,
#8341,#8342),.UNSPECIFIED.,.F.,.F.,(4,2,2,4),(0.000277193476370485,0.0338978029409974,
0.0725255882237112,0.0786849066364996),.UNSPECIFIED.);
#2045=B_SPLINE_CURVE_WITH_KNOTS('',3,(#8344,#8345,#8346,#8347,#8348,#8349,
#8350,#8351),.UNSPECIFIED.,.F.,.F.,(4,2,2,4),(-0.0786849066364998,-0.0725255882237111,
-0.033897802940997,-0.000277193476370486),.UNSPECIFIED.);
#2046=B_SPLINE_CURVE_WITH_KNOTS('',3,(#8366,#8367,#8368,#8369,#8370,#8371,
#8372,#8373),.UNSPECIFIED.,.F.,.F.,(4,2,2,4),(0.,0.0338978029409974,0.0725255882237111,
0.0956862985225754),.UNSPECIFIED.);
#2047=B_SPLINE_CURVE_WITH_KNOTS('',3,(#8377,#8378,#8379,#8380,#8381,#8382,
#8383,#8384),.UNSPECIFIED.,.F.,.F.,(4,2,2,4),(-0.0956862985225759,-0.0725255882237111,
-0.0338978029409974,0.),.UNSPECIFIED.);
#2048=B_SPLINE_CURVE_WITH_KNOTS('',3,(#8387,#8388,#8389,#8390),
 .UNSPECIFIED.,.F.,.F.,(4,4),(-0.258464215954696,-0.241363414212198),
 .UNSPECIFIED.);
#2049=B_SPLINE_CURVE_WITH_KNOTS('',3,(#8397,#8398,#8399,#8400),
 .UNSPECIFIED.,.F.,.F.,(4,4),(0.241363414212198,0.258464215954697),
 .UNSPECIFIED.);
#2050=B_SPLINE_CURVE_WITH_KNOTS('',3,(#8422,#8423,#8424,#8425,#8426,#8427,
#8428,#8429),.UNSPECIFIED.,.F.,.F.,(4,2,2,4),(0.,0.0338978029409974,0.0725255882237111,
0.0956862985225751),.UNSPECIFIED.);
#2051=B_SPLINE_CURVE_WITH_KNOTS('',3,(#8433,#8434,#8435,#8436,#8437,#8438,
#8439,#8440),.UNSPECIFIED.,.F.,.F.,(4,2,2,4),(-0.0958806132633634,-0.0785357566511614,
-0.0364031874657011,0.),.UNSPECIFIED.);
#2052=B_SPLINE_CURVE_WITH_KNOTS('',3,(#8443,#8444,#8445,#8446),
 .UNSPECIFIED.,.F.,.F.,(4,4),(-0.258464215954696,-0.241363414212198),
 .UNSPECIFIED.);
#2053=B_SPLINE_CURVE_WITH_KNOTS('',3,(#8453,#8454,#8455,#8456),
 .UNSPECIFIED.,.F.,.F.,(4,4),(0.241363414212198,0.258464215954696),
 .UNSPECIFIED.);
#2054=B_SPLINE_CURVE_WITH_KNOTS('',3,(#8460,#8461,#8462,#8463,#8464,#8465,
#8466,#8467),.UNSPECIFIED.,.F.,.F.,(4,2,2,4),(0.,0.0338978029409976,0.0725255882237111,
0.095686298522575),.UNSPECIFIED.);
#2055=B_SPLINE_CURVE_WITH_KNOTS('',3,(#8471,#8472,#8473,#8474,#8475,#8476,
#8477,#8478),.UNSPECIFIED.,.F.,.F.,(4,2,2,4),(-0.0956862985225752,-0.0725255882237111,
-0.0338978029409971,0.),.UNSPECIFIED.);
#2056=B_SPLINE_CURVE_WITH_KNOTS('',3,(#8481,#8482,#8483,#8484),
 .UNSPECIFIED.,.F.,.F.,(4,4),(0.417159004192657,0.434259805935156),
 .UNSPECIFIED.);
#2057=B_SPLINE_CURVE_WITH_KNOTS('',3,(#8491,#8492,#8493,#8494),
 .UNSPECIFIED.,.F.,.F.,(4,4),(0.241363414212198,0.258464215954696),
 .UNSPECIFIED.);
#2058=B_SPLINE_CURVE_WITH_KNOTS('',3,(#8497,#8498,#8499,#8500,#8501,#8502),
 .UNSPECIFIED.,.F.,.F.,(4,2,4),(0.,0.0338978029409974,0.0716068762689546),
 .UNSPECIFIED.);
#2059=B_SPLINE_CURVE_WITH_KNOTS('',3,(#8504,#8505,#8506,#8507,#8508,#8509),
 .UNSPECIFIED.,.F.,.F.,(4,2,4),(-0.0716068762689547,-0.0338978029409974,
0.),.UNSPECIFIED.);
#2060=B_SPLINE_CURVE_WITH_KNOTS('',3,(#8519,#8520,#8521,#8522,#8523,#8524,
#8525,#8526),.UNSPECIFIED.,.F.,.F.,(4,2,2,4),(0.000277193476370377,0.0338978029409973,
0.0725255882237114,0.0786849066364996),.UNSPECIFIED.);
#2061=B_SPLINE_CURVE_WITH_KNOTS('',3,(#8528,#8529,#8530,#8531,#8532,#8533,
#8534,#8535),.UNSPECIFIED.,.F.,.F.,(4,2,2,4),(-0.0786849066364998,-0.0725255882237112,
-0.0338978029409975,-0.000277193476370485),.UNSPECIFIED.);
#2062=B_SPLINE_CURVE_WITH_KNOTS('',3,(#8555,#8556,#8557,#8558,#8559,#8560,
#8561,#8562),.UNSPECIFIED.,.F.,.F.,(4,2,2,4),(0.000277193476370154,0.0338978029409974,
0.0725255882237112,0.0786849066364997),.UNSPECIFIED.);
#2063=B_SPLINE_CURVE_WITH_KNOTS('',3,(#8564,#8565,#8566,#8567,#8568,#8569,
#8570,#8571),.UNSPECIFIED.,.F.,.F.,(4,2,2,4),(-0.0786849066364991,-0.0725255882237108,
-0.0338978029409973,-0.000277193476370166),.UNSPECIFIED.);
#2064=B_SPLINE_CURVE_WITH_KNOTS('',3,(#8592,#8593,#8594,#8595,#8596,#8597,
#8598,#8599),.UNSPECIFIED.,.F.,.F.,(4,2,2,4),(0.,0.0338978029409976,0.0725255882237111,
0.095686298522575),.UNSPECIFIED.);
#2065=B_SPLINE_CURVE_WITH_KNOTS('',3,(#8603,#8604,#8605,#8606,#8607,#8608,
#8609,#8610),.UNSPECIFIED.,.F.,.F.,(4,2,2,4),(-0.0956862985225757,-0.0725255882237111,
-0.0338978029409971,0.),.UNSPECIFIED.);
#2066=B_SPLINE_CURVE_WITH_KNOTS('',3,(#8613,#8614,#8615,#8616),
 .UNSPECIFIED.,.F.,.F.,(4,4),(0.417159004192658,0.434259805935156),
 .UNSPECIFIED.);
#2067=B_SPLINE_CURVE_WITH_KNOTS('',3,(#8623,#8624,#8625,#8626),
 .UNSPECIFIED.,.F.,.F.,(4,4),(0.241363414212198,0.258464215954696),
 .UNSPECIFIED.);
#2068=B_SPLINE_CURVE_WITH_KNOTS('',3,(#8630,#8631,#8632,#8633,#8634,#8635,
#8636,#8637),.UNSPECIFIED.,.F.,.F.,(4,2,2,4),(0.,0.0364031874657013,0.0785357566511619,
0.0958806132633632),.UNSPECIFIED.);
#2069=B_SPLINE_CURVE_WITH_KNOTS('',3,(#8641,#8642,#8643,#8644,#8645,#8646,
#8647,#8648),.UNSPECIFIED.,.F.,.F.,(4,2,2,4),(-0.0956862985225756,-0.0725255882237112,
-0.0338978029409973,0.),.UNSPECIFIED.);
#2070=B_SPLINE_CURVE_WITH_KNOTS('',3,(#8651,#8652,#8653,#8654),
 .UNSPECIFIED.,.F.,.F.,(4,4),(0.417159004192657,0.434259805935156),
 .UNSPECIFIED.);
#2071=B_SPLINE_CURVE_WITH_KNOTS('',3,(#8661,#8662,#8663,#8664),
 .UNSPECIFIED.,.F.,.F.,(4,4),(0.241363414212197,0.258464215954696),
 .UNSPECIFIED.);
#2072=B_SPLINE_CURVE_WITH_KNOTS('',3,(#9008,#9009,#9010,#9011,#9012,#9013,
#9014,#9015),.UNSPECIFIED.,.F.,.F.,(4,2,2,4),(0.0886076422478129,0.106532165820515,
0.124456689393218,0.131915363220399),.UNSPECIFIED.);
#2073=B_SPLINE_CURVE_WITH_KNOTS('',3,(#9021,#9022,#9023,#9024,#9025,#9026,
#9027,#9028),.UNSPECIFIED.,.F.,.F.,(4,2,2,4),(0.0452999212752261,0.0527585951024077,
0.0706831186751101,0.0886076422478125),.UNSPECIFIED.);
#2074=B_SPLINE_CURVE_WITH_KNOTS('',3,(#9065,#9066,#9067,#9068,#9069,#9070,
#9071,#9072),.UNSPECIFIED.,.F.,.F.,(4,2,2,4),(0.0886076422478126,0.106532165820515,
0.124456689393217,0.131915363220399),.UNSPECIFIED.);
#2075=B_SPLINE_CURVE_WITH_KNOTS('',3,(#9078,#9079,#9080,#9081,#9082,#9083,
#9084,#9085),.UNSPECIFIED.,.F.,.F.,(4,2,2,4),(0.045299921275226,0.0527585951024078,
0.0706831186751102,0.0886076422478126),.UNSPECIFIED.);
#2076=B_SPLINE_CURVE_WITH_KNOTS('',3,(#9102,#9103,#9104,#9105,#9106,#9107,
#9108,#9109),.UNSPECIFIED.,.F.,.F.,(4,2,2,4),(0.0452999212752262,0.0527585951024079,
0.0706831186751104,0.0886076422478128),.UNSPECIFIED.);
#2077=B_SPLINE_CURVE_WITH_KNOTS('',3,(#9122,#9123,#9124,#9125,#9126,#9127,
#9128,#9129),.UNSPECIFIED.,.F.,.F.,(4,2,2,4),(0.0886076422478126,0.106532165820515,
0.124456689393217,0.131915363220399),.UNSPECIFIED.);
#2078=B_SPLINE_CURVE_WITH_KNOTS('',3,(#9159,#9160,#9161,#9162,#9163,#9164,
#9165,#9166),.UNSPECIFIED.,.F.,.F.,(4,2,2,4),(0.0452999212752261,0.0527585951024076,
0.07068311867511,0.0886076422478123),.UNSPECIFIED.);
#2079=B_SPLINE_CURVE_WITH_KNOTS('',3,(#9179,#9180,#9181,#9182,#9183,#9184,
#9185,#9186),.UNSPECIFIED.,.F.,.F.,(4,2,2,4),(0.0886076422478128,0.106532165820515,
0.124456689393217,0.131915363220399),.UNSPECIFIED.);
#2080=B_SPLINE_CURVE_WITH_KNOTS('',3,(#9248,#9249,#9250,#9251,#9252,#9253,
#9254,#9255),.UNSPECIFIED.,.F.,.F.,(4,2,2,4),(0.0886076422478127,0.106532165820515,
0.124456689393218,0.131915363220399),.UNSPECIFIED.);
#2081=B_SPLINE_CURVE_WITH_KNOTS('',3,(#9261,#9262,#9263,#9264,#9265,#9266,
#9267,#9268),.UNSPECIFIED.,.F.,.F.,(4,2,2,4),(0.0452999212752258,0.0527585951024076,
0.0706831186751101,0.0886076422478125),.UNSPECIFIED.);
#2082=B_SPLINE_CURVE_WITH_KNOTS('',3,(#9300,#9301,#9302,#9303,#9304,#9305,
#9306,#9307),.UNSPECIFIED.,.F.,.F.,(4,2,2,4),(0.0452999212752256,0.0527585951024079,
0.0706831186751103,0.0886076422478127),.UNSPECIFIED.);
#2083=B_SPLINE_CURVE_WITH_KNOTS('',3,(#9317,#9318,#9319,#9320,#9321,#9322,
#9323,#9324),.UNSPECIFIED.,.F.,.F.,(4,2,2,4),(0.0886076422478129,0.106532165820515,
0.124456689393218,0.1319153632204),.UNSPECIFIED.);
#2084=B_SPLINE_CURVE_WITH_KNOTS('',3,(#9357,#9358,#9359,#9360,#9361,#9362,
#9363,#9364),.UNSPECIFIED.,.F.,.F.,(4,2,2,4),(0.0452999212752254,0.0527585951024077,
0.07068311867511,0.0886076422478123),.UNSPECIFIED.);
#2085=B_SPLINE_CURVE_WITH_KNOTS('',3,(#9374,#9375,#9376,#9377,#9378,#9379,
#9380,#9381),.UNSPECIFIED.,.F.,.F.,(4,2,2,4),(0.0886076422478126,0.106532165820515,
0.124456689393217,0.1319153632204),.UNSPECIFIED.);
#2086=B_SPLINE_CURVE_WITH_KNOTS('',3,(#9407,#9408,#9409,#9410,#9411,#9412,
#9413,#9414),.UNSPECIFIED.,.F.,.F.,(4,2,2,4),(0.0886076422478127,0.106532165820515,
0.124456689393217,0.1319153632204),.UNSPECIFIED.);
#2087=B_SPLINE_CURVE_WITH_KNOTS('',3,(#9432,#9433,#9434,#9435,#9436,#9437,
#9438,#9439),.UNSPECIFIED.,.F.,.F.,(4,2,2,4),(0.0452999212752258,0.0527585951024078,
0.0706831186751102,0.0886076422478125),.UNSPECIFIED.);
#2088=B_SPLINE_CURVE_WITH_KNOTS('',3,(#9449,#9450,#9451,#9452,#9453,#9454,
#9455,#9456),.UNSPECIFIED.,.F.,.F.,(4,2,2,4),(0.0886076422478126,0.106532165820515,
0.124456689393217,0.1319153632204),.UNSPECIFIED.);
#2089=B_SPLINE_CURVE_WITH_KNOTS('',3,(#9489,#9490,#9491,#9492,#9493,#9494,
#9495,#9496),.UNSPECIFIED.,.F.,.F.,(4,2,2,4),(0.0452999212752256,0.052758595102408,
0.0706831186751103,0.0886076422478126),.UNSPECIFIED.);
#2090=B_SPLINE_CURVE_WITH_KNOTS('',3,(#9506,#9507,#9508,#9509,#9510,#9511,
#9512,#9513),.UNSPECIFIED.,.F.,.F.,(4,2,2,4),(0.0886076422478126,0.106532165820515,
0.124456689393217,0.1319153632204),.UNSPECIFIED.);
#2091=B_SPLINE_CURVE_WITH_KNOTS('',3,(#9546,#9547,#9548,#9549,#9550,#9551,
#9552,#9553),.UNSPECIFIED.,.F.,.F.,(4,2,2,4),(0.0452999212752253,0.0527585951024077,
0.0706831186751102,0.0886076422478127),.UNSPECIFIED.);
#2092=B_SPLINE_CURVE_WITH_KNOTS('',3,(#9563,#9564,#9565,#9566,#9567,#9568,
#9569,#9570),.UNSPECIFIED.,.F.,.F.,(4,2,2,4),(0.0886076422478126,0.106532165820515,
0.124456689393217,0.131915363220399),.UNSPECIFIED.);
#2093=B_SPLINE_CURVE_WITH_KNOTS('',3,(#9603,#9604,#9605,#9606,#9607,#9608,
#9609,#9610),.UNSPECIFIED.,.F.,.F.,(4,2,2,4),(0.0452999212752256,0.0527585951024078,
0.0706831186751102,0.0886076422478126),.UNSPECIFIED.);
#2094=B_SPLINE_CURVE_WITH_KNOTS('',3,(#9642,#9643,#9644,#9645,#9646,#9647,
#9648,#9649),.UNSPECIFIED.,.F.,.F.,(4,2,2,4),(0.0452999212752258,0.0527585951024078,
0.0706831186751102,0.0886076422478126),.UNSPECIFIED.);
#2095=B_SPLINE_CURVE_WITH_KNOTS('',3,(#9659,#9660,#9661,#9662,#9663,#9664,
#9665,#9666),.UNSPECIFIED.,.F.,.F.,(4,2,2,4),(0.0886076422478126,0.106532165820515,
0.124456689393218,0.131915363220399),.UNSPECIFIED.);
#2096=VERTEX_POINT('',#7854);
#2097=VERTEX_POINT('',#7855);
#2098=VERTEX_POINT('',#7864);
#2099=VERTEX_POINT('',#7866);
#2100=VERTEX_POINT('',#7875);
#2101=VERTEX_POINT('',#7877);
#2102=VERTEX_POINT('',#7881);
#2103=VERTEX_POINT('',#7882);
#2104=VERTEX_POINT('',#7884);
#2105=VERTEX_POINT('',#7886);
#2106=VERTEX_POINT('',#7888);
#2107=VERTEX_POINT('',#7892);
#2108=VERTEX_POINT('',#7894);
#2109=VERTEX_POINT('',#7898);
#2110=VERTEX_POINT('',#7900);
#2111=VERTEX_POINT('',#7904);
#2112=VERTEX_POINT('',#7906);
#2113=VERTEX_POINT('',#7910);
#2114=VERTEX_POINT('',#7912);
#2115=VERTEX_POINT('',#7916);
#2116=VERTEX_POINT('',#7918);
#2117=VERTEX_POINT('',#7922);
#2118=VERTEX_POINT('',#7924);
#2119=VERTEX_POINT('',#7928);
#2120=VERTEX_POINT('',#7930);
#2121=VERTEX_POINT('',#7934);
#2122=VERTEX_POINT('',#7936);
#2123=VERTEX_POINT('',#7940);
#2124=VERTEX_POINT('',#7942);
#2125=VERTEX_POINT('',#7946);
#2126=VERTEX_POINT('',#7948);
#2127=VERTEX_POINT('',#7952);
#2128=VERTEX_POINT('',#7954);
#2129=VERTEX_POINT('',#7958);
#2130=VERTEX_POINT('',#7960);
#2131=VERTEX_POINT('',#7964);
#2132=VERTEX_POINT('',#7966);
#2133=VERTEX_POINT('',#7970);
#2134=VERTEX_POINT('',#7972);
#2135=VERTEX_POINT('',#7976);
#2136=VERTEX_POINT('',#7978);
#2137=VERTEX_POINT('',#7982);
#2138=VERTEX_POINT('',#7987);
#2139=VERTEX_POINT('',#7991);
#2140=VERTEX_POINT('',#7993);
#2141=VERTEX_POINT('',#7997);
#2142=VERTEX_POINT('',#7999);
#2143=VERTEX_POINT('',#8003);
#2144=VERTEX_POINT('',#8005);
#2145=VERTEX_POINT('',#8009);
#2146=VERTEX_POINT('',#8011);
#2147=VERTEX_POINT('',#8015);
#2148=VERTEX_POINT('',#8017);
#2149=VERTEX_POINT('',#8021);
#2150=VERTEX_POINT('',#8023);
#2151=VERTEX_POINT('',#8027);
#2152=VERTEX_POINT('',#8029);
#2153=VERTEX_POINT('',#8033);
#2154=VERTEX_POINT('',#8035);
#2155=VERTEX_POINT('',#8039);
#2156=VERTEX_POINT('',#8041);
#2157=VERTEX_POINT('',#8045);
#2158=VERTEX_POINT('',#8047);
#2159=VERTEX_POINT('',#8051);
#2160=VERTEX_POINT('',#8053);
#2161=VERTEX_POINT('',#8057);
#2162=VERTEX_POINT('',#8059);
#2163=VERTEX_POINT('',#8063);
#2164=VERTEX_POINT('',#8065);
#2165=VERTEX_POINT('',#8069);
#2166=VERTEX_POINT('',#8071);
#2167=VERTEX_POINT('',#8076);
#2168=VERTEX_POINT('',#8078);
#2169=VERTEX_POINT('',#8080);
#2170=VERTEX_POINT('',#8082);
#2171=VERTEX_POINT('',#8084);
#2172=VERTEX_POINT('',#8086);
#2173=VERTEX_POINT('',#8088);
#2174=VERTEX_POINT('',#8090);
#2175=VERTEX_POINT('',#8092);
#2176=VERTEX_POINT('',#8094);
#2177=VERTEX_POINT('',#8096);
#2178=VERTEX_POINT('',#8098);
#2179=VERTEX_POINT('',#8100);
#2180=VERTEX_POINT('',#8102);
#2181=VERTEX_POINT('',#8104);
#2182=VERTEX_POINT('',#8106);
#2183=VERTEX_POINT('',#8108);
#2184=VERTEX_POINT('',#8110);
#2185=VERTEX_POINT('',#8112);
#2186=VERTEX_POINT('',#8114);
#2187=VERTEX_POINT('',#8116);
#2188=VERTEX_POINT('',#8118);
#2189=VERTEX_POINT('',#8120);
#2190=VERTEX_POINT('',#8122);
#2191=VERTEX_POINT('',#8124);
#2192=VERTEX_POINT('',#8126);
#2193=VERTEX_POINT('',#8128);
#2194=VERTEX_POINT('',#8130);
#2195=VERTEX_POINT('',#8132);
#2196=VERTEX_POINT('',#8134);
#2197=VERTEX_POINT('',#8136);
#2198=VERTEX_POINT('',#8140);
#2199=VERTEX_POINT('',#8142);
#2200=VERTEX_POINT('',#8146);
#2201=VERTEX_POINT('',#8155);
#2202=VERTEX_POINT('',#8164);
#2203=VERTEX_POINT('',#8166);
#2204=VERTEX_POINT('',#8170);
#2205=VERTEX_POINT('',#8172);
#2206=VERTEX_POINT('',#8176);
#2207=VERTEX_POINT('',#8185);
#2208=VERTEX_POINT('',#8194);
#2209=VERTEX_POINT('',#8196);
#2210=VERTEX_POINT('',#8200);
#2211=VERTEX_POINT('',#8202);
#2212=VERTEX_POINT('',#8206);
#2213=VERTEX_POINT('',#8215);
#2214=VERTEX_POINT('',#8224);
#2215=VERTEX_POINT('',#8226);
#2216=VERTEX_POINT('',#8230);
#2217=VERTEX_POINT('',#8232);
#2218=VERTEX_POINT('',#8236);
#2219=VERTEX_POINT('',#8245);
#2220=VERTEX_POINT('',#8254);
#2221=VERTEX_POINT('',#8256);
#2222=VERTEX_POINT('',#8260);
#2223=VERTEX_POINT('',#8262);
#2224=VERTEX_POINT('',#8266);
#2225=VERTEX_POINT('',#8275);
#2226=VERTEX_POINT('',#8284);
#2227=VERTEX_POINT('',#8286);
#2228=VERTEX_POINT('',#8290);
#2229=VERTEX_POINT('',#8292);
#2230=VERTEX_POINT('',#8296);
#2231=VERTEX_POINT('',#8297);
#2232=VERTEX_POINT('',#8306);
#2233=VERTEX_POINT('',#8308);
#2234=VERTEX_POINT('',#8323);
#2235=VERTEX_POINT('',#8325);
#2236=VERTEX_POINT('',#8334);
#2237=VERTEX_POINT('',#8343);
#2238=VERTEX_POINT('',#8352);
#2239=VERTEX_POINT('',#8354);
#2240=VERTEX_POINT('',#8358);
#2241=VERTEX_POINT('',#8360);
#2242=VERTEX_POINT('',#8364);
#2243=VERTEX_POINT('',#8365);
#2244=VERTEX_POINT('',#8374);
#2245=VERTEX_POINT('',#8376);
#2246=VERTEX_POINT('',#8391);
#2247=VERTEX_POINT('',#8393);
#2248=VERTEX_POINT('',#8402);
#2249=VERTEX_POINT('',#8404);
#2250=VERTEX_POINT('',#8408);
#2251=VERTEX_POINT('',#8410);
#2252=VERTEX_POINT('',#8414);
#2253=VERTEX_POINT('',#8416);
#2254=VERTEX_POINT('',#8420);
#2255=VERTEX_POINT('',#8421);
#2256=VERTEX_POINT('',#8430);
#2257=VERTEX_POINT('',#8432);
#2258=VERTEX_POINT('',#8447);
#2259=VERTEX_POINT('',#8449);
#2260=VERTEX_POINT('',#8458);
#2261=VERTEX_POINT('',#8459);
#2262=VERTEX_POINT('',#8468);
#2263=VERTEX_POINT('',#8470);
#2264=VERTEX_POINT('',#8485);
#2265=VERTEX_POINT('',#8487);
#2266=VERTEX_POINT('',#8496);
#2267=VERTEX_POINT('',#8503);
#2268=VERTEX_POINT('',#8512);
#2269=VERTEX_POINT('',#8514);
#2270=VERTEX_POINT('',#8518);
#2271=VERTEX_POINT('',#8527);
#2272=VERTEX_POINT('',#8536);
#2273=VERTEX_POINT('',#8538);
#2274=VERTEX_POINT('',#8542);
#2275=VERTEX_POINT('',#8544);
#2276=VERTEX_POINT('',#8548);
#2277=VERTEX_POINT('',#8550);
#2278=VERTEX_POINT('',#8554);
#2279=VERTEX_POINT('',#8563);
#2280=VERTEX_POINT('',#8572);
#2281=VERTEX_POINT('',#8574);
#2282=VERTEX_POINT('',#8578);
#2283=VERTEX_POINT('',#8580);
#2284=VERTEX_POINT('',#8584);
#2285=VERTEX_POINT('',#8586);
#2286=VERTEX_POINT('',#8590);
#2287=VERTEX_POINT('',#8591);
#2288=VERTEX_POINT('',#8600);
#2289=VERTEX_POINT('',#8602);
#2290=VERTEX_POINT('',#8617);
#2291=VERTEX_POINT('',#8619);
#2292=VERTEX_POINT('',#8628);
#2293=VERTEX_POINT('',#8629);
#2294=VERTEX_POINT('',#8638);
#2295=VERTEX_POINT('',#8640);
#2296=VERTEX_POINT('',#8655);
#2297=VERTEX_POINT('',#8657);
#2298=VERTEX_POINT('',#8666);
#2299=VERTEX_POINT('',#8668);
#2300=VERTEX_POINT('',#8672);
#2301=VERTEX_POINT('',#8674);
#2302=VERTEX_POINT('',#8678);
#2303=VERTEX_POINT('',#8680);
#2304=VERTEX_POINT('',#8684);
#2305=VERTEX_POINT('',#8686);
#2306=VERTEX_POINT('',#8690);
#2307=VERTEX_POINT('',#8692);
#2308=VERTEX_POINT('',#8696);
#2309=VERTEX_POINT('',#8698);
#2310=VERTEX_POINT('',#8702);
#2311=VERTEX_POINT('',#8704);
#2312=VERTEX_POINT('',#8708);
#2313=VERTEX_POINT('',#8709);
#2314=VERTEX_POINT('',#8711);
#2315=VERTEX_POINT('',#8713);
#2316=VERTEX_POINT('',#8715);
#2317=VERTEX_POINT('',#8717);
#2318=VERTEX_POINT('',#8719);
#2319=VERTEX_POINT('',#8721);
#2320=VERTEX_POINT('',#8723);
#2321=VERTEX_POINT('',#8725);
#2322=VERTEX_POINT('',#8727);
#2323=VERTEX_POINT('',#8729);
#2324=VERTEX_POINT('',#8731);
#2325=VERTEX_POINT('',#8733);
#2326=VERTEX_POINT('',#8735);
#2327=VERTEX_POINT('',#8737);
#2328=VERTEX_POINT('',#8739);
#2329=VERTEX_POINT('',#8741);
#2330=VERTEX_POINT('',#8743);
#2331=VERTEX_POINT('',#8745);
#2332=VERTEX_POINT('',#8747);
#2333=VERTEX_POINT('',#8749);
#2334=VERTEX_POINT('',#8751);
#2335=VERTEX_POINT('',#8753);
#2336=VERTEX_POINT('',#8755);
#2337=VERTEX_POINT('',#8757);
#2338=VERTEX_POINT('',#8759);
#2339=VERTEX_POINT('',#8761);
#2340=VERTEX_POINT('',#8763);
#2341=VERTEX_POINT('',#8765);
#2342=VERTEX_POINT('',#8767);
#2343=VERTEX_POINT('',#8769);
#2344=VERTEX_POINT('',#8771);
#2345=VERTEX_POINT('',#8773);
#2346=VERTEX_POINT('',#8775);
#2347=VERTEX_POINT('',#8778);
#2348=VERTEX_POINT('',#8780);
#2349=VERTEX_POINT('',#8783);
#2350=VERTEX_POINT('',#8785);
#2351=VERTEX_POINT('',#8788);
#2352=VERTEX_POINT('',#8790);
#2353=VERTEX_POINT('',#8793);
#2354=VERTEX_POINT('',#8795);
#2355=VERTEX_POINT('',#8798);
#2356=VERTEX_POINT('',#8800);
#2357=VERTEX_POINT('',#8803);
#2358=VERTEX_POINT('',#8805);
#2359=VERTEX_POINT('',#8807);
#2360=VERTEX_POINT('',#8810);
#2361=VERTEX_POINT('',#8812);
#2362=VERTEX_POINT('',#8815);
#2363=VERTEX_POINT('',#8817);
#2364=VERTEX_POINT('',#8820);
#2365=VERTEX_POINT('',#8822);
#2366=VERTEX_POINT('',#8825);
#2367=VERTEX_POINT('',#8827);
#2368=VERTEX_POINT('',#8830);
#2369=VERTEX_POINT('',#8832);
#2370=VERTEX_POINT('',#8835);
#2371=VERTEX_POINT('',#8838);
#2372=VERTEX_POINT('',#8840);
#2373=VERTEX_POINT('',#8842);
#2374=VERTEX_POINT('',#8844);
#2375=VERTEX_POINT('',#8846);
#2376=VERTEX_POINT('',#8848);
#2377=VERTEX_POINT('',#8850);
#2378=VERTEX_POINT('',#8852);
#2379=VERTEX_POINT('',#8854);
#2380=VERTEX_POINT('',#8856);
#2381=VERTEX_POINT('',#8858);
#2382=VERTEX_POINT('',#8860);
#2383=VERTEX_POINT('',#8862);
#2384=VERTEX_POINT('',#8864);
#2385=VERTEX_POINT('',#8866);
#2386=VERTEX_POINT('',#8868);
#2387=VERTEX_POINT('',#8872);
#2388=VERTEX_POINT('',#8874);
#2389=VERTEX_POINT('',#8880);
#2390=VERTEX_POINT('',#8884);
#2391=VERTEX_POINT('',#8888);
#2392=VERTEX_POINT('',#8890);
#2393=VERTEX_POINT('',#8910);
#2394=VERTEX_POINT('',#8912);
#2395=VERTEX_POINT('',#8918);
#2396=VERTEX_POINT('',#8922);
#2397=VERTEX_POINT('',#8928);
#2398=VERTEX_POINT('',#8932);
#2399=VERTEX_POINT('',#8936);
#2400=VERTEX_POINT('',#8938);
#2401=VERTEX_POINT('',#8944);
#2402=VERTEX_POINT('',#8948);
#2403=VERTEX_POINT('',#8984);
#2404=VERTEX_POINT('',#8987);
#2405=VERTEX_POINT('',#8988);
#2406=VERTEX_POINT('',#8990);
#2407=VERTEX_POINT('',#8992);
#2408=VERTEX_POINT('',#8996);
#2409=VERTEX_POINT('',#8998);
#2410=VERTEX_POINT('',#9002);
#2411=VERTEX_POINT('',#9003);
#2412=VERTEX_POINT('',#9005);
#2413=VERTEX_POINT('',#9020);
#2414=VERTEX_POINT('',#9029);
#2415=VERTEX_POINT('',#9031);
#2416=VERTEX_POINT('',#9035);
#2417=VERTEX_POINT('',#9037);
#2418=VERTEX_POINT('',#9044);
#2419=VERTEX_POINT('',#9045);
#2420=VERTEX_POINT('',#9047);
#2421=VERTEX_POINT('',#9049);
#2422=VERTEX_POINT('',#9053);
#2423=VERTEX_POINT('',#9055);
#2424=VERTEX_POINT('',#9059);
#2425=VERTEX_POINT('',#9060);
#2426=VERTEX_POINT('',#9062);
#2427=VERTEX_POINT('',#9077);
#2428=VERTEX_POINT('',#9086);
#2429=VERTEX_POINT('',#9088);
#2430=VERTEX_POINT('',#9092);
#2431=VERTEX_POINT('',#9094);
#2432=VERTEX_POINT('',#9101);
#2433=VERTEX_POINT('',#9110);
#2434=VERTEX_POINT('',#9112);
#2435=VERTEX_POINT('',#9116);
#2436=VERTEX_POINT('',#9117);
#2437=VERTEX_POINT('',#9119);
#2438=VERTEX_POINT('',#9131);
#2439=VERTEX_POINT('',#9133);
#2440=VERTEX_POINT('',#9137);
#2441=VERTEX_POINT('',#9139);
#2442=VERTEX_POINT('',#9143);
#2443=VERTEX_POINT('',#9145);
#2444=VERTEX_POINT('',#9149);
#2445=VERTEX_POINT('',#9151);
#2446=VERTEX_POINT('',#9158);
#2447=VERTEX_POINT('',#9167);
#2448=VERTEX_POINT('',#9169);
#2449=VERTEX_POINT('',#9173);
#2450=VERTEX_POINT('',#9174);
#2451=VERTEX_POINT('',#9176);
#2452=VERTEX_POINT('',#9188);
#2453=VERTEX_POINT('',#9190);
#2454=VERTEX_POINT('',#9194);
#2455=VERTEX_POINT('',#9196);
#2456=VERTEX_POINT('',#9200);
#2457=VERTEX_POINT('',#9202);
#2458=VERTEX_POINT('',#9206);
#2459=VERTEX_POINT('',#9208);
#2460=VERTEX_POINT('',#9215);
#2461=VERTEX_POINT('',#9216);
#2462=VERTEX_POINT('',#9218);
#2463=VERTEX_POINT('',#9220);
#2464=VERTEX_POINT('',#9224);
#2465=VERTEX_POINT('',#9226);
#2466=VERTEX_POINT('',#9230);
#2467=VERTEX_POINT('',#9231);
#2468=VERTEX_POINT('',#9233);
#2469=VERTEX_POINT('',#9235);
#2470=VERTEX_POINT('',#9242);
#2471=VERTEX_POINT('',#9243);
#2472=VERTEX_POINT('',#9245);
#2473=VERTEX_POINT('',#9260);
#2474=VERTEX_POINT('',#9272);
#2475=VERTEX_POINT('',#9273);
#2476=VERTEX_POINT('',#9275);
#2477=VERTEX_POINT('',#9277);
#2478=VERTEX_POINT('',#9281);
#2479=VERTEX_POINT('',#9283);
#2480=VERTEX_POINT('',#9287);
#2481=VERTEX_POINT('',#9289);
#2482=VERTEX_POINT('',#9293);
#2483=VERTEX_POINT('',#9295);
#2484=VERTEX_POINT('',#9299);
#2485=VERTEX_POINT('',#9311);
#2486=VERTEX_POINT('',#9312);
#2487=VERTEX_POINT('',#9314);
#2488=VERTEX_POINT('',#9329);
#2489=VERTEX_POINT('',#9330);
#2490=VERTEX_POINT('',#9332);
#2491=VERTEX_POINT('',#9334);
#2492=VERTEX_POINT('',#9338);
#2493=VERTEX_POINT('',#9340);
#2494=VERTEX_POINT('',#9344);
#2495=VERTEX_POINT('',#9346);
#2496=VERTEX_POINT('',#9350);
#2497=VERTEX_POINT('',#9352);
#2498=VERTEX_POINT('',#9356);
#2499=VERTEX_POINT('',#9368);
#2500=VERTEX_POINT('',#9369);
#2501=VERTEX_POINT('',#9371);
#2502=VERTEX_POINT('',#9386);
#2503=VERTEX_POINT('',#9387);
#2504=VERTEX_POINT('',#9389);
#2505=VERTEX_POINT('',#9391);
#2506=VERTEX_POINT('',#9395);
#2507=VERTEX_POINT('',#9397);
#2508=VERTEX_POINT('',#9401);
#2509=VERTEX_POINT('',#9402);
#2510=VERTEX_POINT('',#9404);
#2511=VERTEX_POINT('',#9419);
#2512=VERTEX_POINT('',#9421);
#2513=VERTEX_POINT('',#9425);
#2514=VERTEX_POINT('',#9427);
#2515=VERTEX_POINT('',#9431);
#2516=VERTEX_POINT('',#9443);
#2517=VERTEX_POINT('',#9444);
#2518=VERTEX_POINT('',#9446);
#2519=VERTEX_POINT('',#9458);
#2520=VERTEX_POINT('',#9460);
#2521=VERTEX_POINT('',#9464);
#2522=VERTEX_POINT('',#9466);
#2523=VERTEX_POINT('',#9470);
#2524=VERTEX_POINT('',#9472);
#2525=VERTEX_POINT('',#9476);
#2526=VERTEX_POINT('',#9478);
#2527=VERTEX_POINT('',#9482);
#2528=VERTEX_POINT('',#9484);
#2529=VERTEX_POINT('',#9488);
#2530=VERTEX_POINT('',#9500);
#2531=VERTEX_POINT('',#9501);
#2532=VERTEX_POINT('',#9503);
#2533=VERTEX_POINT('',#9515);
#2534=VERTEX_POINT('',#9517);
#2535=VERTEX_POINT('',#9521);
#2536=VERTEX_POINT('',#9523);
#2537=VERTEX_POINT('',#9527);
#2538=VERTEX_POINT('',#9529);
#2539=VERTEX_POINT('',#9533);
#2540=VERTEX_POINT('',#9535);
#2541=VERTEX_POINT('',#9539);
#2542=VERTEX_POINT('',#9541);
#2543=VERTEX_POINT('',#9545);
#2544=VERTEX_POINT('',#9557);
#2545=VERTEX_POINT('',#9558);
#2546=VERTEX_POINT('',#9560);
#2547=VERTEX_POINT('',#9572);
#2548=VERTEX_POINT('',#9574);
#2549=VERTEX_POINT('',#9578);
#2550=VERTEX_POINT('',#9580);
#2551=VERTEX_POINT('',#9584);
#2552=VERTEX_POINT('',#9586);
#2553=VERTEX_POINT('',#9590);
#2554=VERTEX_POINT('',#9592);
#2555=VERTEX_POINT('',#9596);
#2556=VERTEX_POINT('',#9598);
#2557=VERTEX_POINT('',#9602);
#2558=VERTEX_POINT('',#9614);
#2559=VERTEX_POINT('',#9615);
#2560=VERTEX_POINT('',#9617);
#2561=VERTEX_POINT('',#9619);
#2562=VERTEX_POINT('',#9623);
#2563=VERTEX_POINT('',#9625);
#2564=VERTEX_POINT('',#9629);
#2565=VERTEX_POINT('',#9631);
#2566=VERTEX_POINT('',#9635);
#2567=VERTEX_POINT('',#9637);
#2568=VERTEX_POINT('',#9641);
#2569=VERTEX_POINT('',#9653);
#2570=VERTEX_POINT('',#9654);
#2571=VERTEX_POINT('',#9656);
#2572=VERTEX_POINT('',#9671);
#2573=VERTEX_POINT('',#9673);
#2574=VERTEX_POINT('',#9677);
#2575=VERTEX_POINT('',#9679);
#2576=VERTEX_POINT('',#9687);
#2577=VERTEX_POINT('',#9689);
#2578=VERTEX_POINT('',#9693);
#2579=VERTEX_POINT('',#9697);
#2580=VERTEX_POINT('',#9703);
#2581=VERTEX_POINT('',#9705);
#2582=VERTEX_POINT('',#9709);
#2583=VERTEX_POINT('',#9711);
#2584=VERTEX_POINT('',#9719);
#2585=VERTEX_POINT('',#9720);
#2586=VERTEX_POINT('',#9722);
#2587=VERTEX_POINT('',#9724);
#2588=VERTEX_POINT('',#9735);
#2589=VERTEX_POINT('',#9736);
#2590=VERTEX_POINT('',#9738);
#2591=VERTEX_POINT('',#9740);
#2592=VERTEX_POINT('',#9754);
#2593=VERTEX_POINT('',#9755);
#2594=VERTEX_POINT('',#9757);
#2595=VERTEX_POINT('',#9759);
#2596=VERTEX_POINT('',#9773);
#2597=VERTEX_POINT('',#9774);
#2598=VERTEX_POINT('',#9776);
#2599=VERTEX_POINT('',#9778);
#2600=VERTEX_POINT('',#9792);
#2601=VERTEX_POINT('',#9793);
#2602=VERTEX_POINT('',#9795);
#2603=VERTEX_POINT('',#9797);
#2604=VERTEX_POINT('',#9811);
#2605=VERTEX_POINT('',#9812);
#2606=VERTEX_POINT('',#9814);
#2607=VERTEX_POINT('',#9816);
#2608=VERTEX_POINT('',#9830);
#2609=VERTEX_POINT('',#9831);
#2610=VERTEX_POINT('',#9833);
#2611=VERTEX_POINT('',#9835);
#2612=VERTEX_POINT('',#9849);
#2613=VERTEX_POINT('',#9850);
#2614=VERTEX_POINT('',#9852);
#2615=VERTEX_POINT('',#9854);
#2616=VERTEX_POINT('',#9868);
#2617=VERTEX_POINT('',#9869);
#2618=VERTEX_POINT('',#9871);
#2619=VERTEX_POINT('',#9873);
#2620=VERTEX_POINT('',#9887);
#2621=VERTEX_POINT('',#9888);
#2622=VERTEX_POINT('',#9890);
#2623=VERTEX_POINT('',#9892);
#2624=VERTEX_POINT('',#9906);
#2625=VERTEX_POINT('',#9907);
#2626=VERTEX_POINT('',#9909);
#2627=VERTEX_POINT('',#9911);
#2628=VERTEX_POINT('',#9925);
#2629=VERTEX_POINT('',#9926);
#2630=VERTEX_POINT('',#9928);
#2631=VERTEX_POINT('',#9930);
#2632=VERTEX_POINT('',#9944);
#2633=VERTEX_POINT('',#9945);
#2634=VERTEX_POINT('',#9947);
#2635=VERTEX_POINT('',#9949);
#2636=VERTEX_POINT('',#9963);
#2637=VERTEX_POINT('',#9989);
#2638=VERTEX_POINT('',#9991);
#2639=VERTEX_POINT('',#9995);
#2640=VERTEX_POINT('',#9997);
#2641=VERTEX_POINT('',#9999);
#2642=VERTEX_POINT('',#10003);
#2643=VERTEX_POINT('',#10007);
#2644=VERTEX_POINT('',#10009);
#2645=VERTEX_POINT('',#10011);
#2646=VERTEX_POINT('',#10013);
#2647=VERTEX_POINT('',#10015);
#2648=VERTEX_POINT('',#10018);
#2649=VERTEX_POINT('',#10020);
#2650=VERTEX_POINT('',#10026);
#2651=VERTEX_POINT('',#10028);
#2652=VERTEX_POINT('',#10034);
#2653=VERTEX_POINT('',#10036);
#2654=VERTEX_POINT('',#10042);
#2655=VERTEX_POINT('',#10044);
#2656=VERTEX_POINT('',#10050);
#2657=VERTEX_POINT('',#10056);
#2658=VERTEX_POINT('',#10064);
#2659=VERTEX_POINT('',#10066);
#2660=VERTEX_POINT('',#10070);
#2661=VERTEX_POINT('',#10072);
#2662=VERTEX_POINT('',#10077);
#2663=VERTEX_POINT('',#10079);
#2664=EDGE_CURVE('',#2096,#2097,#2028,.T.);
#2665=EDGE_CURVE('',#2097,#2098,#1671,.T.);
#2666=EDGE_CURVE('',#2098,#2099,#2029,.T.);
#2667=EDGE_CURVE('',#2099,#2100,#911,.T.);
#2668=EDGE_CURVE('',#2100,#2101,#1672,.T.);
#2669=EDGE_CURVE('',#2101,#2096,#912,.T.);
#2670=EDGE_CURVE('',#2102,#2103,#1673,.T.);
#2671=EDGE_CURVE('',#2103,#2104,#913,.T.);
#2672=EDGE_CURVE('',#2104,#2105,#1674,.T.);
#2673=EDGE_CURVE('',#2106,#2105,#279,.F.);
#2674=EDGE_CURVE('',#2107,#2106,#1675,.T.);
#2675=EDGE_CURVE('',#2108,#2107,#280,.F.);
#2676=EDGE_CURVE('',#2108,#2109,#1676,.T.);
#2677=EDGE_CURVE('',#2110,#2109,#281,.F.);
#2678=EDGE_CURVE('',#2111,#2110,#1677,.T.);
#2679=EDGE_CURVE('',#2112,#2111,#282,.F.);
#2680=EDGE_CURVE('',#2112,#2113,#1678,.T.);
#2681=EDGE_CURVE('',#2114,#2113,#283,.F.);
#2682=EDGE_CURVE('',#2115,#2114,#1679,.T.);
#2683=EDGE_CURVE('',#2116,#2115,#284,.F.);
#2684=EDGE_CURVE('',#2116,#2117,#1680,.T.);
#2685=EDGE_CURVE('',#2118,#2117,#285,.F.);
#2686=EDGE_CURVE('',#2119,#2118,#1681,.T.);
#2687=EDGE_CURVE('',#2120,#2119,#286,.F.);
#2688=EDGE_CURVE('',#2120,#2121,#1682,.T.);
#2689=EDGE_CURVE('',#2122,#2121,#287,.F.);
#2690=EDGE_CURVE('',#2123,#2122,#1683,.T.);
#2691=EDGE_CURVE('',#2124,#2123,#288,.F.);
#2692=EDGE_CURVE('',#2124,#2125,#1684,.T.);
#2693=EDGE_CURVE('',#2126,#2125,#289,.F.);
#2694=EDGE_CURVE('',#2127,#2126,#1685,.T.);
#2695=EDGE_CURVE('',#2128,#2127,#290,.F.);
#2696=EDGE_CURVE('',#2128,#2129,#1686,.T.);
#2697=EDGE_CURVE('',#2130,#2129,#291,.F.);
#2698=EDGE_CURVE('',#2131,#2130,#1687,.T.);
#2699=EDGE_CURVE('',#2132,#2131,#292,.F.);
#2700=EDGE_CURVE('',#2132,#2133,#1688,.T.);
#2701=EDGE_CURVE('',#2134,#2133,#293,.F.);
#2702=EDGE_CURVE('',#2135,#2134,#1689,.T.);
#2703=EDGE_CURVE('',#2136,#2135,#294,.F.);
#2704=EDGE_CURVE('',#2136,#2137,#1690,.T.);
#2705=EDGE_CURVE('',#2098,#2137,#295,.F.);
#2706=EDGE_CURVE('',#2138,#2097,#296,.F.);
#2707=EDGE_CURVE('',#2138,#2139,#1691,.T.);
#2708=EDGE_CURVE('',#2140,#2139,#297,.F.);
#2709=EDGE_CURVE('',#2141,#2140,#1692,.T.);
#2710=EDGE_CURVE('',#2142,#2141,#298,.F.);
#2711=EDGE_CURVE('',#2142,#2143,#1693,.T.);
#2712=EDGE_CURVE('',#2144,#2143,#299,.F.);
#2713=EDGE_CURVE('',#2145,#2144,#1694,.T.);
#2714=EDGE_CURVE('',#2146,#2145,#300,.F.);
#2715=EDGE_CURVE('',#2146,#2147,#1695,.T.);
#2716=EDGE_CURVE('',#2148,#2147,#301,.F.);
#2717=EDGE_CURVE('',#2149,#2148,#1696,.T.);
#2718=EDGE_CURVE('',#2150,#2149,#302,.F.);
#2719=EDGE_CURVE('',#2150,#2151,#1697,.T.);
#2720=EDGE_CURVE('',#2152,#2151,#303,.F.);
#2721=EDGE_CURVE('',#2153,#2152,#1698,.T.);
#2722=EDGE_CURVE('',#2154,#2153,#304,.F.);
#2723=EDGE_CURVE('',#2154,#2155,#1699,.T.);
#2724=EDGE_CURVE('',#2156,#2155,#305,.F.);
#2725=EDGE_CURVE('',#2156,#2157,#1700,.T.);
#2726=EDGE_CURVE('',#2158,#2157,#306,.F.);
#2727=EDGE_CURVE('',#2159,#2158,#1701,.F.);
#2728=EDGE_CURVE('',#2160,#2159,#307,.F.);
#2729=EDGE_CURVE('',#2161,#2160,#1702,.T.);
#2730=EDGE_CURVE('',#2162,#2161,#308,.F.);
#2731=EDGE_CURVE('',#2163,#2162,#1703,.F.);
#2732=EDGE_CURVE('',#2164,#2163,#309,.F.);
#2733=EDGE_CURVE('',#2165,#2164,#1704,.T.);
#2734=EDGE_CURVE('',#2166,#2165,#310,.F.);
#2735=EDGE_CURVE('',#2166,#2104,#1705,.T.);
#2736=EDGE_CURVE('',#2103,#2167,#1706,.T.);
#2737=EDGE_CURVE('',#2168,#2167,#1707,.T.);
#2738=EDGE_CURVE('',#2168,#2169,#1708,.T.);
#2739=EDGE_CURVE('',#2170,#2169,#1709,.T.);
#2740=EDGE_CURVE('',#2170,#2171,#1710,.T.);
#2741=EDGE_CURVE('',#2172,#2171,#1711,.T.);
#2742=EDGE_CURVE('',#2172,#2173,#1712,.T.);
#2743=EDGE_CURVE('',#2174,#2173,#1713,.T.);
#2744=EDGE_CURVE('',#2174,#2175,#1714,.T.);
#2745=EDGE_CURVE('',#2176,#2175,#1715,.T.);
#2746=EDGE_CURVE('',#2176,#2177,#1716,.T.);
#2747=EDGE_CURVE('',#2178,#2177,#1717,.T.);
#2748=EDGE_CURVE('',#2178,#2179,#1718,.T.);
#2749=EDGE_CURVE('',#2180,#2179,#1719,.T.);
#2750=EDGE_CURVE('',#2180,#2181,#1720,.T.);
#2751=EDGE_CURVE('',#2182,#2181,#1721,.T.);
#2752=EDGE_CURVE('',#2182,#2183,#1722,.T.);
#2753=EDGE_CURVE('',#2184,#2183,#1723,.T.);
#2754=EDGE_CURVE('',#2184,#2185,#1724,.T.);
#2755=EDGE_CURVE('',#2186,#2185,#1725,.T.);
#2756=EDGE_CURVE('',#2186,#2187,#1726,.T.);
#2757=EDGE_CURVE('',#2188,#2187,#1727,.T.);
#2758=EDGE_CURVE('',#2188,#2189,#1728,.T.);
#2759=EDGE_CURVE('',#2190,#2189,#1729,.T.);
#2760=EDGE_CURVE('',#2190,#2191,#1730,.T.);
#2761=EDGE_CURVE('',#2192,#2191,#1731,.T.);
#2762=EDGE_CURVE('',#2192,#2193,#1732,.T.);
#2763=EDGE_CURVE('',#2194,#2193,#1733,.T.);
#2764=EDGE_CURVE('',#2194,#2195,#1734,.T.);
#2765=EDGE_CURVE('',#2196,#2195,#1735,.T.);
#2766=EDGE_CURVE('',#2196,#2197,#1736,.T.);
#2767=EDGE_CURVE('',#2102,#2197,#1737,.T.);
#2768=EDGE_CURVE('',#2198,#2101,#914,.T.);
#2769=EDGE_CURVE('',#2199,#2198,#915,.T.);
#2770=EDGE_CURVE('',#2199,#2138,#916,.T.);
#2771=EDGE_CURVE('',#2200,#2141,#2030,.T.);
#2772=EDGE_CURVE('',#2140,#2201,#2031,.T.);
#2773=EDGE_CURVE('',#2201,#2202,#917,.T.);
#2774=EDGE_CURVE('',#2202,#2203,#1738,.T.);
#2775=EDGE_CURVE('',#2203,#2200,#918,.T.);
#2776=EDGE_CURVE('',#2204,#2203,#919,.T.);
#2777=EDGE_CURVE('',#2205,#2204,#920,.T.);
#2778=EDGE_CURVE('',#2205,#2142,#921,.F.);
#2779=EDGE_CURVE('',#2206,#2145,#2032,.T.);
#2780=EDGE_CURVE('',#2144,#2207,#2033,.T.);
#2781=EDGE_CURVE('',#2207,#2208,#922,.T.);
#2782=EDGE_CURVE('',#2208,#2209,#1739,.T.);
#2783=EDGE_CURVE('',#2209,#2206,#923,.T.);
#2784=EDGE_CURVE('',#2210,#2209,#924,.T.);
#2785=EDGE_CURVE('',#2211,#2210,#925,.T.);
#2786=EDGE_CURVE('',#2211,#2146,#926,.F.);
#2787=EDGE_CURVE('',#2212,#2115,#2034,.T.);
#2788=EDGE_CURVE('',#2114,#2213,#2035,.T.);
#2789=EDGE_CURVE('',#2213,#2214,#927,.T.);
#2790=EDGE_CURVE('',#2214,#2215,#1740,.T.);
#2791=EDGE_CURVE('',#2215,#2212,#928,.T.);
#2792=EDGE_CURVE('',#2216,#2215,#929,.T.);
#2793=EDGE_CURVE('',#2217,#2216,#930,.T.);
#2794=EDGE_CURVE('',#2217,#2116,#931,.F.);
#2795=EDGE_CURVE('',#2218,#2119,#2036,.T.);
#2796=EDGE_CURVE('',#2118,#2219,#2037,.T.);
#2797=EDGE_CURVE('',#2219,#2220,#932,.T.);
#2798=EDGE_CURVE('',#2220,#2221,#1741,.T.);
#2799=EDGE_CURVE('',#2221,#2218,#933,.T.);
#2800=EDGE_CURVE('',#2222,#2221,#934,.T.);
#2801=EDGE_CURVE('',#2223,#2222,#935,.T.);
#2802=EDGE_CURVE('',#2223,#2120,#936,.F.);
#2803=EDGE_CURVE('',#2224,#2123,#2038,.T.);
#2804=EDGE_CURVE('',#2122,#2225,#2039,.T.);
#2805=EDGE_CURVE('',#2225,#2226,#937,.T.);
#2806=EDGE_CURVE('',#2226,#2227,#1742,.T.);
#2807=EDGE_CURVE('',#2227,#2224,#938,.T.);
#2808=EDGE_CURVE('',#2228,#2227,#939,.T.);
#2809=EDGE_CURVE('',#2229,#2228,#940,.T.);
#2810=EDGE_CURVE('',#2229,#2124,#941,.F.);
#2811=EDGE_CURVE('',#2230,#2231,#2040,.T.);
#2812=EDGE_CURVE('',#2231,#2232,#1743,.T.);
#2813=EDGE_CURVE('',#2232,#2233,#2041,.T.);
#2814=EDGE_CURVE('',#2233,#2230,#1744,.T.);
#2815=EDGE_CURVE('',#2232,#2126,#2042,.F.);
#2816=EDGE_CURVE('',#2125,#2234,#942,.T.);
#2817=EDGE_CURVE('',#2235,#2234,#943,.T.);
#2818=EDGE_CURVE('',#2233,#2235,#944,.T.);
#2819=EDGE_CURVE('',#2231,#2127,#2043,.T.);
#2820=EDGE_CURVE('',#2236,#2131,#2044,.T.);
#2821=EDGE_CURVE('',#2130,#2237,#2045,.T.);
#2822=EDGE_CURVE('',#2237,#2238,#945,.T.);
#2823=EDGE_CURVE('',#2238,#2239,#1745,.T.);
#2824=EDGE_CURVE('',#2239,#2236,#946,.T.);
#2825=EDGE_CURVE('',#2240,#2239,#947,.T.);
#2826=EDGE_CURVE('',#2241,#2240,#948,.T.);
#2827=EDGE_CURVE('',#2241,#2132,#949,.T.);
#2828=EDGE_CURVE('',#2242,#2243,#2046,.T.);
#2829=EDGE_CURVE('',#2243,#2244,#1746,.T.);
#2830=EDGE_CURVE('',#2244,#2245,#2047,.T.);
#2831=EDGE_CURVE('',#2245,#2242,#1747,.T.);
#2832=EDGE_CURVE('',#2244,#2134,#2048,.F.);
#2833=EDGE_CURVE('',#2246,#2133,#950,.T.);
#2834=EDGE_CURVE('',#2247,#2246,#951,.T.);
#2835=EDGE_CURVE('',#2245,#2247,#952,.T.);
#2836=EDGE_CURVE('',#2243,#2135,#2049,.T.);
#2837=EDGE_CURVE('',#2137,#2248,#953,.T.);
#2838=EDGE_CURVE('',#2249,#2248,#954,.T.);
#2839=EDGE_CURVE('',#2100,#2249,#955,.T.);
#2840=EDGE_CURVE('',#2250,#2139,#956,.T.);
#2841=EDGE_CURVE('',#2251,#2250,#957,.T.);
#2842=EDGE_CURVE('',#2202,#2251,#958,.T.);
#2843=EDGE_CURVE('',#2143,#2252,#959,.T.);
#2844=EDGE_CURVE('',#2253,#2252,#960,.T.);
#2845=EDGE_CURVE('',#2208,#2253,#961,.T.);
#2846=EDGE_CURVE('',#2254,#2255,#2050,.T.);
#2847=EDGE_CURVE('',#2255,#2256,#1748,.T.);
#2848=EDGE_CURVE('',#2256,#2257,#2051,.T.);
#2849=EDGE_CURVE('',#2257,#2254,#1749,.T.);
#2850=EDGE_CURVE('',#2256,#2148,#2052,.F.);
#2851=EDGE_CURVE('',#2147,#2258,#962,.T.);
#2852=EDGE_CURVE('',#2259,#2258,#963,.T.);
#2853=EDGE_CURVE('',#2257,#2259,#964,.T.);
#2854=EDGE_CURVE('',#2255,#2149,#2053,.T.);
#2855=EDGE_CURVE('',#2260,#2261,#2054,.T.);
#2856=EDGE_CURVE('',#2261,#2262,#1750,.T.);
#2857=EDGE_CURVE('',#2262,#2263,#2055,.T.);
#2858=EDGE_CURVE('',#2263,#2260,#1751,.T.);
#2859=EDGE_CURVE('',#2262,#2152,#2056,.F.);
#2860=EDGE_CURVE('',#2151,#2264,#965,.T.);
#2861=EDGE_CURVE('',#2265,#2264,#966,.T.);
#2862=EDGE_CURVE('',#2263,#2265,#967,.T.);
#2863=EDGE_CURVE('',#2261,#2153,#2057,.T.);
#2864=EDGE_CURVE('',#2266,#2157,#2058,.T.);
#2865=EDGE_CURVE('',#2156,#2267,#2059,.T.);
#2866=EDGE_CURVE('',#2267,#2266,#1752,.T.);
#2867=EDGE_CURVE('',#2155,#2268,#968,.T.);
#2868=EDGE_CURVE('',#2269,#2268,#969,.T.);
#2869=EDGE_CURVE('',#2267,#2269,#970,.T.);
#2870=EDGE_CURVE('',#2270,#2161,#2060,.T.);
#2871=EDGE_CURVE('',#2160,#2271,#2061,.T.);
#2872=EDGE_CURVE('',#2271,#2272,#971,.T.);
#2873=EDGE_CURVE('',#2272,#2273,#1753,.T.);
#2874=EDGE_CURVE('',#2273,#2270,#972,.T.);
#2875=EDGE_CURVE('',#2274,#2273,#973,.T.);
#2876=EDGE_CURVE('',#2275,#2274,#974,.T.);
#2877=EDGE_CURVE('',#2275,#2162,#975,.T.);
#2878=EDGE_CURVE('',#2276,#2159,#976,.T.);
#2879=EDGE_CURVE('',#2277,#2276,#977,.T.);
#2880=EDGE_CURVE('',#2272,#2277,#978,.T.);
#2881=EDGE_CURVE('',#2278,#2165,#2062,.T.);
#2882=EDGE_CURVE('',#2164,#2279,#2063,.T.);
#2883=EDGE_CURVE('',#2279,#2280,#979,.T.);
#2884=EDGE_CURVE('',#2280,#2281,#1754,.T.);
#2885=EDGE_CURVE('',#2281,#2278,#980,.T.);
#2886=EDGE_CURVE('',#2282,#2281,#981,.T.);
#2887=EDGE_CURVE('',#2283,#2282,#982,.T.);
#2888=EDGE_CURVE('',#2283,#2166,#983,.T.);
#2889=EDGE_CURVE('',#2284,#2163,#984,.T.);
#2890=EDGE_CURVE('',#2285,#2284,#985,.T.);
#2891=EDGE_CURVE('',#2280,#2285,#986,.T.);
#2892=EDGE_CURVE('',#2286,#2287,#2064,.T.);
#2893=EDGE_CURVE('',#2287,#2288,#1755,.T.);
#2894=EDGE_CURVE('',#2288,#2289,#2065,.T.);
#2895=EDGE_CURVE('',#2289,#2286,#1756,.T.);
#2896=EDGE_CURVE('',#2288,#2106,#2066,.F.);
#2897=EDGE_CURVE('',#2290,#2105,#987,.T.);
#2898=EDGE_CURVE('',#2291,#2290,#988,.T.);
#2899=EDGE_CURVE('',#2289,#2291,#989,.T.);
#2900=EDGE_CURVE('',#2287,#2107,#2067,.T.);
#2901=EDGE_CURVE('',#2292,#2293,#2068,.T.);
#2902=EDGE_CURVE('',#2293,#2294,#1757,.T.);
#2903=EDGE_CURVE('',#2294,#2295,#2069,.T.);
#2904=EDGE_CURVE('',#2295,#2292,#1758,.T.);
#2905=EDGE_CURVE('',#2294,#2110,#2070,.F.);
#2906=EDGE_CURVE('',#2296,#2109,#990,.T.);
#2907=EDGE_CURVE('',#2297,#2296,#991,.T.);
#2908=EDGE_CURVE('',#2295,#2297,#992,.T.);
#2909=EDGE_CURVE('',#2293,#2111,#2071,.T.);
#2910=EDGE_CURVE('',#2113,#2298,#993,.T.);
#2911=EDGE_CURVE('',#2299,#2298,#994,.T.);
#2912=EDGE_CURVE('',#2214,#2299,#995,.T.);
#2913=EDGE_CURVE('',#2117,#2300,#996,.T.);
#2914=EDGE_CURVE('',#2301,#2300,#997,.T.);
#2915=EDGE_CURVE('',#2220,#2301,#998,.T.);
#2916=EDGE_CURVE('',#2121,#2302,#999,.T.);
#2917=EDGE_CURVE('',#2303,#2302,#1000,.T.);
#2918=EDGE_CURVE('',#2226,#2303,#1001,.T.);
#2919=EDGE_CURVE('',#2304,#2129,#1002,.T.);
#2920=EDGE_CURVE('',#2305,#2304,#1003,.T.);
#2921=EDGE_CURVE('',#2238,#2305,#1004,.T.);
#2922=EDGE_CURVE('',#2174,#2306,#1005,.T.);
#2923=EDGE_CURVE('',#2307,#2306,#1759,.T.);
#2924=EDGE_CURVE('',#2175,#2307,#1006,.T.);
#2925=EDGE_CURVE('',#2102,#2308,#1007,.T.);
#2926=EDGE_CURVE('',#2309,#2308,#1760,.T.);
#2927=EDGE_CURVE('',#2167,#2309,#1008,.T.);
#2928=EDGE_CURVE('',#2190,#2310,#1009,.T.);
#2929=EDGE_CURVE('',#2311,#2310,#1761,.T.);
#2930=EDGE_CURVE('',#2191,#2311,#1010,.T.);
#2931=EDGE_CURVE('',#2312,#2313,#1011,.T.);
#2932=EDGE_CURVE('',#2314,#2312,#1762,.T.);
#2933=EDGE_CURVE('',#2315,#2314,#1012,.T.);
#2934=EDGE_CURVE('',#2316,#2315,#1763,.T.);
#2935=EDGE_CURVE('',#2317,#2316,#1013,.T.);
#2936=EDGE_CURVE('',#2318,#2317,#1764,.T.);
#2937=EDGE_CURVE('',#2319,#2318,#1014,.T.);
#2938=EDGE_CURVE('',#2320,#2319,#1765,.T.);
#2939=EDGE_CURVE('',#2321,#2320,#1015,.T.);
#2940=EDGE_CURVE('',#2322,#2321,#1766,.T.);
#2941=EDGE_CURVE('',#2323,#2322,#1016,.T.);
#2942=EDGE_CURVE('',#2324,#2323,#1767,.T.);
#2943=EDGE_CURVE('',#2325,#2324,#1017,.T.);
#2944=EDGE_CURVE('',#2326,#2325,#1768,.T.);
#2945=EDGE_CURVE('',#2327,#2326,#1018,.T.);
#2946=EDGE_CURVE('',#2328,#2327,#1769,.T.);
#2947=EDGE_CURVE('',#2329,#2328,#1019,.T.);
#2948=EDGE_CURVE('',#2330,#2329,#1770,.T.);
#2949=EDGE_CURVE('',#2331,#2330,#1020,.T.);
#2950=EDGE_CURVE('',#2332,#2331,#1771,.T.);
#2951=EDGE_CURVE('',#2333,#2332,#1021,.T.);
#2952=EDGE_CURVE('',#2334,#2333,#1772,.T.);
#2953=EDGE_CURVE('',#2335,#2334,#1022,.T.);
#2954=EDGE_CURVE('',#2336,#2335,#1773,.T.);
#2955=EDGE_CURVE('',#2337,#2336,#1023,.T.);
#2956=EDGE_CURVE('',#2338,#2337,#1774,.T.);
#2957=EDGE_CURVE('',#2339,#2338,#1024,.T.);
#2958=EDGE_CURVE('',#2340,#2339,#1775,.T.);
#2959=EDGE_CURVE('',#2341,#2340,#1025,.T.);
#2960=EDGE_CURVE('',#2342,#2341,#1776,.T.);
#2961=EDGE_CURVE('',#2343,#2342,#1026,.T.);
#2962=EDGE_CURVE('',#2344,#2343,#1777,.T.);
#2963=EDGE_CURVE('',#2344,#2345,#1027,.T.);
#2964=EDGE_CURVE('',#2346,#2345,#1778,.T.);
#2965=EDGE_CURVE('',#2181,#2346,#1028,.T.);
#2966=EDGE_CURVE('',#2180,#2347,#1029,.T.);
#2967=EDGE_CURVE('',#2348,#2347,#1779,.T.);
#2968=EDGE_CURVE('',#2179,#2348,#1030,.T.);
#2969=EDGE_CURVE('',#2178,#2349,#1031,.T.);
#2970=EDGE_CURVE('',#2350,#2349,#1780,.T.);
#2971=EDGE_CURVE('',#2177,#2350,#1032,.T.);
#2972=EDGE_CURVE('',#2176,#2351,#1033,.T.);
#2973=EDGE_CURVE('',#2352,#2351,#1781,.T.);
#2974=EDGE_CURVE('',#2173,#2352,#1034,.T.);
#2975=EDGE_CURVE('',#2172,#2353,#1035,.T.);
#2976=EDGE_CURVE('',#2354,#2353,#1782,.T.);
#2977=EDGE_CURVE('',#2171,#2354,#1036,.T.);
#2978=EDGE_CURVE('',#2170,#2355,#1037,.T.);
#2979=EDGE_CURVE('',#2356,#2355,#1783,.T.);
#2980=EDGE_CURVE('',#2169,#2356,#1038,.T.);
#2981=EDGE_CURVE('',#2168,#2357,#1039,.T.);
#2982=EDGE_CURVE('',#2358,#2357,#1784,.T.);
#2983=EDGE_CURVE('',#2359,#2358,#1785,.T.);
#2984=EDGE_CURVE('',#2197,#2359,#1040,.T.);
#2985=EDGE_CURVE('',#2196,#2360,#1041,.T.);
#2986=EDGE_CURVE('',#2361,#2360,#1786,.T.);
#2987=EDGE_CURVE('',#2195,#2361,#1042,.T.);
#2988=EDGE_CURVE('',#2194,#2362,#1043,.T.);
#2989=EDGE_CURVE('',#2363,#2362,#1787,.T.);
#2990=EDGE_CURVE('',#2193,#2363,#1044,.T.);
#2991=EDGE_CURVE('',#2192,#2364,#1045,.T.);
#2992=EDGE_CURVE('',#2365,#2364,#1788,.T.);
#2993=EDGE_CURVE('',#2189,#2365,#1046,.T.);
#2994=EDGE_CURVE('',#2188,#2366,#1047,.T.);
#2995=EDGE_CURVE('',#2367,#2366,#1789,.T.);
#2996=EDGE_CURVE('',#2187,#2367,#1048,.T.);
#2997=EDGE_CURVE('',#2186,#2368,#1049,.T.);
#2998=EDGE_CURVE('',#2369,#2368,#1790,.T.);
#2999=EDGE_CURVE('',#2185,#2369,#1050,.T.);
#3000=EDGE_CURVE('',#2184,#2370,#1051,.T.);
#3001=EDGE_CURVE('',#2345,#2370,#1791,.T.);
#3002=EDGE_CURVE('',#2371,#2344,#1792,.T.);
#3003=EDGE_CURVE('',#2372,#2371,#1052,.T.);
#3004=EDGE_CURVE('',#2373,#2372,#1793,.T.);
#3005=EDGE_CURVE('',#2374,#2373,#1053,.T.);
#3006=EDGE_CURVE('',#2375,#2374,#1794,.T.);
#3007=EDGE_CURVE('',#2376,#2375,#1054,.T.);
#3008=EDGE_CURVE('',#2377,#2376,#1795,.T.);
#3009=EDGE_CURVE('',#2378,#2377,#1055,.T.);
#3010=EDGE_CURVE('',#2379,#2378,#1796,.T.);
#3011=EDGE_CURVE('',#2380,#2379,#1056,.T.);
#3012=EDGE_CURVE('',#2381,#2380,#1797,.T.);
#3013=EDGE_CURVE('',#2382,#2381,#1057,.T.);
#3014=EDGE_CURVE('',#2383,#2382,#1798,.T.);
#3015=EDGE_CURVE('',#2384,#2383,#1058,.T.);
#3016=EDGE_CURVE('',#2385,#2384,#1799,.T.);
#3017=EDGE_CURVE('',#2386,#2385,#1059,.T.);
#3018=EDGE_CURVE('',#2313,#2386,#1800,.T.);
#3019=EDGE_CURVE('',#2182,#2387,#1060,.T.);
#3020=EDGE_CURVE('',#2388,#2387,#1801,.T.);
#3021=EDGE_CURVE('',#2183,#2388,#1061,.T.);
#3022=EDGE_CURVE('',#2252,#2205,#1802,.T.);
#3023=EDGE_CURVE('',#2389,#2136,#1062,.T.);
#3024=EDGE_CURVE('',#2248,#2389,#1803,.T.);
#3025=EDGE_CURVE('',#2390,#2242,#1063,.T.);
#3026=EDGE_CURVE('',#2389,#2390,#1064,.T.);
#3027=EDGE_CURVE('',#2391,#2254,#1065,.T.);
#3028=EDGE_CURVE('',#2392,#2391,#1066,.T.);
#3029=EDGE_CURVE('',#2392,#2150,#1067,.F.);
#3030=EDGE_CURVE('',#2264,#2392,#1804,.T.);
#3031=EDGE_CURVE('',#2290,#2283,#1805,.T.);
#3032=EDGE_CURVE('',#2302,#2223,#1806,.T.);
#3033=EDGE_CURVE('',#2246,#2241,#1807,.T.);
#3034=EDGE_CURVE('',#2300,#2217,#1808,.T.);
#3035=EDGE_CURVE('',#2284,#2275,#1809,.T.);
#3036=EDGE_CURVE('',#2258,#2211,#1810,.T.);
#3037=EDGE_CURVE('',#2250,#2199,#1811,.T.);
#3038=EDGE_CURVE('',#2393,#2260,#1068,.T.);
#3039=EDGE_CURVE('',#2394,#2393,#1069,.T.);
#3040=EDGE_CURVE('',#2394,#2154,#1070,.F.);
#3041=EDGE_CURVE('',#2268,#2394,#1812,.T.);
#3042=EDGE_CURVE('',#2395,#2108,#1071,.T.);
#3043=EDGE_CURVE('',#2296,#2395,#1813,.T.);
#3044=EDGE_CURVE('',#2396,#2286,#1072,.T.);
#3045=EDGE_CURVE('',#2395,#2396,#1073,.T.);
#3046=EDGE_CURVE('',#2234,#2229,#1814,.T.);
#3047=EDGE_CURVE('',#2397,#2128,#1074,.T.);
#3048=EDGE_CURVE('',#2304,#2397,#1815,.T.);
#3049=EDGE_CURVE('',#2398,#2230,#1075,.T.);
#3050=EDGE_CURVE('',#2397,#2398,#1076,.T.);
#3051=EDGE_CURVE('',#2399,#2292,#1077,.T.);
#3052=EDGE_CURVE('',#2400,#2399,#1078,.T.);
#3053=EDGE_CURVE('',#2400,#2112,#1079,.F.);
#3054=EDGE_CURVE('',#2298,#2400,#1816,.T.);
#3055=EDGE_CURVE('',#2401,#2158,#1080,.T.);
#3056=EDGE_CURVE('',#2276,#2401,#1817,.T.);
#3057=EDGE_CURVE('',#2402,#2266,#1081,.T.);
#3058=EDGE_CURVE('',#2401,#2402,#1082,.T.);
#3059=EDGE_CURVE('',#2297,#2399,#1818,.T.);
#3060=EDGE_CURVE('',#2235,#2398,#1819,.T.);
#3061=EDGE_CURVE('',#2291,#2396,#1820,.T.);
#3062=EDGE_CURVE('',#2269,#2402,#1821,.T.);
#3063=EDGE_CURVE('',#2249,#2198,#1822,.T.);
#3064=EDGE_CURVE('',#2277,#2274,#1823,.T.);
#3065=EDGE_CURVE('',#2299,#2216,#1824,.T.);
#3066=EDGE_CURVE('',#2305,#2240,#1825,.T.);
#3067=EDGE_CURVE('',#2301,#2222,#1826,.T.);
#3068=EDGE_CURVE('',#2303,#2228,#1827,.T.);
#3069=EDGE_CURVE('',#2285,#2282,#1828,.T.);
#3070=EDGE_CURVE('',#2259,#2391,#1829,.T.);
#3071=EDGE_CURVE('',#2265,#2393,#1830,.T.);
#3072=EDGE_CURVE('',#2247,#2390,#1831,.T.);
#3073=EDGE_CURVE('',#2251,#2204,#1832,.T.);
#3074=EDGE_CURVE('',#2253,#2210,#1833,.T.);
#3075=EDGE_CURVE('',#2403,#2403,#1834,.T.);
#3076=EDGE_CURVE('',#2404,#2405,#1835,.T.);
#3077=EDGE_CURVE('',#2405,#2406,#1083,.T.);
#3078=EDGE_CURVE('',#2406,#2407,#1836,.T.);
#3079=EDGE_CURVE('',#2407,#2404,#1084,.T.);
#3080=EDGE_CURVE('',#2408,#2405,#1837,.T.);
#3081=EDGE_CURVE('',#2409,#2408,#1085,.T.);
#3082=EDGE_CURVE('',#2406,#2409,#1838,.T.);
#3083=EDGE_CURVE('',#2410,#2411,#1839,.T.);
#3084=EDGE_CURVE('',#2411,#2412,#1086,.T.);
#3085=EDGE_CURVE('',#2412,#2312,#1840,.T.);
#3086=EDGE_CURVE('',#2313,#2410,#2072,.T.);
#3087=EDGE_CURVE('',#2412,#2407,#1087,.T.);
#3088=EDGE_CURVE('',#2404,#2411,#1088,.T.);
#3089=EDGE_CURVE('',#2315,#2413,#2073,.F.);
#3090=EDGE_CURVE('',#2314,#2414,#1841,.T.);
#3091=EDGE_CURVE('',#2414,#2415,#1089,.T.);
#3092=EDGE_CURVE('',#2413,#2415,#1842,.F.);
#3093=EDGE_CURVE('',#2408,#2416,#1843,.T.);
#3094=EDGE_CURVE('',#2416,#2417,#1090,.T.);
#3095=EDGE_CURVE('',#2417,#2409,#1844,.T.);
#3096=EDGE_CURVE('',#2417,#2414,#1091,.T.);
#3097=EDGE_CURVE('',#2415,#2416,#1092,.T.);
#3098=EDGE_CURVE('',#2418,#2419,#1845,.T.);
#3099=EDGE_CURVE('',#2419,#2420,#1093,.T.);
#3100=EDGE_CURVE('',#2420,#2421,#1846,.T.);
#3101=EDGE_CURVE('',#2421,#2418,#1094,.T.);
#3102=EDGE_CURVE('',#2422,#2419,#1847,.T.);
#3103=EDGE_CURVE('',#2423,#2422,#1095,.T.);
#3104=EDGE_CURVE('',#2420,#2423,#1848,.T.);
#3105=EDGE_CURVE('',#2424,#2425,#1849,.T.);
#3106=EDGE_CURVE('',#2425,#2426,#1096,.T.);
#3107=EDGE_CURVE('',#2426,#2317,#1850,.T.);
#3108=EDGE_CURVE('',#2316,#2424,#2074,.T.);
#3109=EDGE_CURVE('',#2426,#2421,#1097,.T.);
#3110=EDGE_CURVE('',#2418,#2425,#1098,.T.);
#3111=EDGE_CURVE('',#2319,#2427,#2075,.F.);
#3112=EDGE_CURVE('',#2318,#2428,#1851,.T.);
#3113=EDGE_CURVE('',#2428,#2429,#1099,.T.);
#3114=EDGE_CURVE('',#2427,#2429,#1852,.F.);
#3115=EDGE_CURVE('',#2422,#2430,#1853,.T.);
#3116=EDGE_CURVE('',#2430,#2431,#1100,.T.);
#3117=EDGE_CURVE('',#2431,#2423,#1854,.T.);
#3118=EDGE_CURVE('',#2431,#2428,#1101,.T.);
#3119=EDGE_CURVE('',#2429,#2430,#1102,.T.);
#3120=EDGE_CURVE('',#2323,#2432,#2076,.F.);
#3121=EDGE_CURVE('',#2322,#2433,#1855,.T.);
#3122=EDGE_CURVE('',#2433,#2434,#1103,.T.);
#3123=EDGE_CURVE('',#2432,#2434,#1856,.F.);
#3124=EDGE_CURVE('',#2435,#2436,#1857,.T.);
#3125=EDGE_CURVE('',#2436,#2437,#1104,.T.);
#3126=EDGE_CURVE('',#2437,#2321,#1858,.T.);
#3127=EDGE_CURVE('',#2320,#2435,#2077,.T.);
#3128=EDGE_CURVE('',#2438,#2436,#1105,.T.);
#3129=EDGE_CURVE('',#2439,#2438,#1106,.T.);
#3130=EDGE_CURVE('',#2437,#2439,#1107,.T.);
#3131=EDGE_CURVE('',#2438,#2440,#1859,.T.);
#3132=EDGE_CURVE('',#2440,#2441,#1108,.T.);
#3133=EDGE_CURVE('',#2441,#2439,#1860,.T.);
#3134=EDGE_CURVE('',#2442,#2440,#1861,.T.);
#3135=EDGE_CURVE('',#2443,#2442,#1109,.T.);
#3136=EDGE_CURVE('',#2441,#2443,#1862,.T.);
#3137=EDGE_CURVE('',#2442,#2444,#1863,.T.);
#3138=EDGE_CURVE('',#2444,#2445,#1110,.T.);
#3139=EDGE_CURVE('',#2445,#2443,#1864,.T.);
#3140=EDGE_CURVE('',#2445,#2433,#1111,.T.);
#3141=EDGE_CURVE('',#2434,#2444,#1112,.T.);
#3142=EDGE_CURVE('',#2327,#2446,#2078,.F.);
#3143=EDGE_CURVE('',#2326,#2447,#1865,.T.);
#3144=EDGE_CURVE('',#2447,#2448,#1113,.T.);
#3145=EDGE_CURVE('',#2446,#2448,#1866,.F.);
#3146=EDGE_CURVE('',#2449,#2450,#1867,.T.);
#3147=EDGE_CURVE('',#2450,#2451,#1114,.T.);
#3148=EDGE_CURVE('',#2451,#2325,#1868,.T.);
#3149=EDGE_CURVE('',#2324,#2449,#2079,.T.);
#3150=EDGE_CURVE('',#2452,#2450,#1115,.T.);
#3151=EDGE_CURVE('',#2453,#2452,#1116,.T.);
#3152=EDGE_CURVE('',#2451,#2453,#1117,.T.);
#3153=EDGE_CURVE('',#2452,#2454,#1869,.T.);
#3154=EDGE_CURVE('',#2454,#2455,#1118,.T.);
#3155=EDGE_CURVE('',#2455,#2453,#1870,.T.);
#3156=EDGE_CURVE('',#2456,#2454,#1871,.T.);
#3157=EDGE_CURVE('',#2457,#2456,#1119,.T.);
#3158=EDGE_CURVE('',#2455,#2457,#1872,.T.);
#3159=EDGE_CURVE('',#2456,#2458,#1873,.T.);
#3160=EDGE_CURVE('',#2458,#2459,#1120,.T.);
#3161=EDGE_CURVE('',#2459,#2457,#1874,.T.);
#3162=EDGE_CURVE('',#2459,#2447,#1121,.T.);
#3163=EDGE_CURVE('',#2448,#2458,#1122,.T.);
#3164=EDGE_CURVE('',#2460,#2461,#1875,.T.);
#3165=EDGE_CURVE('',#2461,#2462,#1123,.T.);
#3166=EDGE_CURVE('',#2462,#2463,#1876,.T.);
#3167=EDGE_CURVE('',#2463,#2460,#1124,.T.);
#3168=EDGE_CURVE('',#2464,#2461,#1125,.T.);
#3169=EDGE_CURVE('',#2465,#2464,#1126,.T.);
#3170=EDGE_CURVE('',#2462,#2465,#1127,.T.);
#3171=EDGE_CURVE('',#2466,#2467,#1877,.T.);
#3172=EDGE_CURVE('',#2467,#2468,#1128,.T.);
#3173=EDGE_CURVE('',#2468,#2469,#1878,.T.);
#3174=EDGE_CURVE('',#2469,#2466,#1129,.T.);
#3175=EDGE_CURVE('',#2468,#2463,#1879,.T.);
#3176=EDGE_CURVE('',#2460,#2467,#1880,.T.);
#3177=EDGE_CURVE('',#2470,#2471,#1881,.T.);
#3178=EDGE_CURVE('',#2471,#2472,#1130,.T.);
#3179=EDGE_CURVE('',#2472,#2329,#1882,.T.);
#3180=EDGE_CURVE('',#2328,#2470,#2080,.T.);
#3181=EDGE_CURVE('',#2472,#2469,#1131,.T.);
#3182=EDGE_CURVE('',#2466,#2471,#1132,.T.);
#3183=EDGE_CURVE('',#2331,#2473,#2081,.F.);
#3184=EDGE_CURVE('',#2330,#2465,#1883,.T.);
#3185=EDGE_CURVE('',#2473,#2464,#1884,.F.);
#3186=EDGE_CURVE('',#2474,#2475,#1885,.T.);
#3187=EDGE_CURVE('',#2475,#2476,#1133,.T.);
#3188=EDGE_CURVE('',#2476,#2477,#1886,.T.);
#3189=EDGE_CURVE('',#2477,#2474,#1134,.T.);
#3190=EDGE_CURVE('',#2478,#2475,#1887,.T.);
#3191=EDGE_CURVE('',#2479,#2478,#1135,.T.);
#3192=EDGE_CURVE('',#2476,#2479,#1888,.T.);
#3193=EDGE_CURVE('',#2478,#2480,#1889,.T.);
#3194=EDGE_CURVE('',#2480,#2481,#1136,.T.);
#3195=EDGE_CURVE('',#2481,#2479,#1890,.T.);
#3196=EDGE_CURVE('',#2482,#2480,#1137,.T.);
#3197=EDGE_CURVE('',#2483,#2482,#1138,.T.);
#3198=EDGE_CURVE('',#2481,#2483,#1139,.T.);
#3199=EDGE_CURVE('',#2335,#2484,#2082,.F.);
#3200=EDGE_CURVE('',#2334,#2483,#1891,.T.);
#3201=EDGE_CURVE('',#2484,#2482,#1892,.F.);
#3202=EDGE_CURVE('',#2485,#2486,#1893,.T.);
#3203=EDGE_CURVE('',#2486,#2487,#1140,.T.);
#3204=EDGE_CURVE('',#2487,#2333,#1894,.T.);
#3205=EDGE_CURVE('',#2332,#2485,#2083,.T.);
#3206=EDGE_CURVE('',#2487,#2477,#1141,.T.);
#3207=EDGE_CURVE('',#2474,#2486,#1142,.T.);
#3208=EDGE_CURVE('',#2488,#2489,#1895,.T.);
#3209=EDGE_CURVE('',#2489,#2490,#1143,.T.);
#3210=EDGE_CURVE('',#2490,#2491,#1896,.T.);
#3211=EDGE_CURVE('',#2491,#2488,#1144,.T.);
#3212=EDGE_CURVE('',#2492,#2489,#1897,.T.);
#3213=EDGE_CURVE('',#2493,#2492,#1145,.T.);
#3214=EDGE_CURVE('',#2490,#2493,#1898,.T.);
#3215=EDGE_CURVE('',#2492,#2494,#1899,.T.);
#3216=EDGE_CURVE('',#2494,#2495,#1146,.T.);
#3217=EDGE_CURVE('',#2495,#2493,#1900,.T.);
#3218=EDGE_CURVE('',#2496,#2494,#1147,.T.);
#3219=EDGE_CURVE('',#2497,#2496,#1148,.T.);
#3220=EDGE_CURVE('',#2495,#2497,#1149,.T.);
#3221=EDGE_CURVE('',#2339,#2498,#2084,.F.);
#3222=EDGE_CURVE('',#2338,#2497,#1901,.T.);
#3223=EDGE_CURVE('',#2498,#2496,#1902,.F.);
#3224=EDGE_CURVE('',#2499,#2500,#1903,.T.);
#3225=EDGE_CURVE('',#2500,#2501,#1150,.T.);
#3226=EDGE_CURVE('',#2501,#2337,#1904,.T.);
#3227=EDGE_CURVE('',#2336,#2499,#2085,.T.);
#3228=EDGE_CURVE('',#2501,#2491,#1151,.T.);
#3229=EDGE_CURVE('',#2488,#2500,#1152,.T.);
#3230=EDGE_CURVE('',#2502,#2503,#1905,.T.);
#3231=EDGE_CURVE('',#2503,#2504,#1153,.T.);
#3232=EDGE_CURVE('',#2504,#2505,#1906,.T.);
#3233=EDGE_CURVE('',#2505,#2502,#1154,.T.);
#3234=EDGE_CURVE('',#2506,#2503,#1907,.T.);
#3235=EDGE_CURVE('',#2507,#2506,#1155,.T.);
#3236=EDGE_CURVE('',#2504,#2507,#1908,.T.);
#3237=EDGE_CURVE('',#2508,#2509,#1909,.T.);
#3238=EDGE_CURVE('',#2509,#2510,#1156,.T.);
#3239=EDGE_CURVE('',#2510,#2341,#1910,.T.);
#3240=EDGE_CURVE('',#2340,#2508,#2086,.T.);
#3241=EDGE_CURVE('',#2510,#2505,#1157,.T.);
#3242=EDGE_CURVE('',#2502,#2509,#1158,.T.);
#3243=EDGE_CURVE('',#2506,#2511,#1911,.T.);
#3244=EDGE_CURVE('',#2511,#2512,#1159,.T.);
#3245=EDGE_CURVE('',#2512,#2507,#1912,.T.);
#3246=EDGE_CURVE('',#2513,#2511,#1160,.T.);
#3247=EDGE_CURVE('',#2514,#2513,#1161,.T.);
#3248=EDGE_CURVE('',#2512,#2514,#1162,.T.);
#3249=EDGE_CURVE('',#2343,#2515,#2087,.F.);
#3250=EDGE_CURVE('',#2342,#2514,#1913,.T.);
#3251=EDGE_CURVE('',#2515,#2513,#1914,.F.);
#3252=EDGE_CURVE('',#2516,#2517,#1915,.T.);
#3253=EDGE_CURVE('',#2517,#2518,#1163,.T.);
#3254=EDGE_CURVE('',#2518,#2372,#1916,.T.);
#3255=EDGE_CURVE('',#2371,#2516,#2088,.T.);
#3256=EDGE_CURVE('',#2519,#2517,#1164,.T.);
#3257=EDGE_CURVE('',#2520,#2519,#1165,.T.);
#3258=EDGE_CURVE('',#2518,#2520,#1166,.T.);
#3259=EDGE_CURVE('',#2519,#2521,#1917,.T.);
#3260=EDGE_CURVE('',#2521,#2522,#1167,.T.);
#3261=EDGE_CURVE('',#2522,#2520,#1918,.T.);
#3262=EDGE_CURVE('',#2523,#2521,#1919,.T.);
#3263=EDGE_CURVE('',#2524,#2523,#1168,.T.);
#3264=EDGE_CURVE('',#2522,#2524,#1920,.T.);
#3265=EDGE_CURVE('',#2523,#2525,#1921,.T.);
#3266=EDGE_CURVE('',#2525,#2526,#1169,.T.);
#3267=EDGE_CURVE('',#2526,#2524,#1922,.T.);
#3268=EDGE_CURVE('',#2527,#2525,#1170,.T.);
#3269=EDGE_CURVE('',#2528,#2527,#1171,.T.);
#3270=EDGE_CURVE('',#2526,#2528,#1172,.T.);
#3271=EDGE_CURVE('',#2374,#2529,#2089,.F.);
#3272=EDGE_CURVE('',#2373,#2528,#1923,.T.);
#3273=EDGE_CURVE('',#2529,#2527,#1924,.F.);
#3274=EDGE_CURVE('',#2530,#2531,#1925,.T.);
#3275=EDGE_CURVE('',#2531,#2532,#1173,.T.);
#3276=EDGE_CURVE('',#2532,#2376,#1926,.T.);
#3277=EDGE_CURVE('',#2375,#2530,#2090,.T.);
#3278=EDGE_CURVE('',#2533,#2531,#1174,.T.);
#3279=EDGE_CURVE('',#2534,#2533,#1175,.T.);
#3280=EDGE_CURVE('',#2532,#2534,#1176,.T.);
#3281=EDGE_CURVE('',#2533,#2535,#1927,.T.);
#3282=EDGE_CURVE('',#2535,#2536,#1177,.T.);
#3283=EDGE_CURVE('',#2536,#2534,#1928,.T.);
#3284=EDGE_CURVE('',#2537,#2535,#1929,.T.);
#3285=EDGE_CURVE('',#2538,#2537,#1178,.T.);
#3286=EDGE_CURVE('',#2536,#2538,#1930,.T.);
#3287=EDGE_CURVE('',#2537,#2539,#1931,.T.);
#3288=EDGE_CURVE('',#2539,#2540,#1179,.T.);
#3289=EDGE_CURVE('',#2540,#2538,#1932,.T.);
#3290=EDGE_CURVE('',#2541,#2539,#1180,.T.);
#3291=EDGE_CURVE('',#2542,#2541,#1181,.T.);
#3292=EDGE_CURVE('',#2540,#2542,#1182,.T.);
#3293=EDGE_CURVE('',#2378,#2543,#2091,.F.);
#3294=EDGE_CURVE('',#2377,#2542,#1933,.T.);
#3295=EDGE_CURVE('',#2543,#2541,#1934,.F.);
#3296=EDGE_CURVE('',#2544,#2545,#1935,.T.);
#3297=EDGE_CURVE('',#2545,#2546,#1183,.T.);
#3298=EDGE_CURVE('',#2546,#2380,#1936,.T.);
#3299=EDGE_CURVE('',#2379,#2544,#2092,.T.);
#3300=EDGE_CURVE('',#2547,#2545,#1184,.T.);
#3301=EDGE_CURVE('',#2548,#2547,#1185,.T.);
#3302=EDGE_CURVE('',#2546,#2548,#1186,.T.);
#3303=EDGE_CURVE('',#2547,#2549,#1937,.T.);
#3304=EDGE_CURVE('',#2549,#2550,#1187,.T.);
#3305=EDGE_CURVE('',#2550,#2548,#1938,.T.);
#3306=EDGE_CURVE('',#2551,#2549,#1939,.T.);
#3307=EDGE_CURVE('',#2552,#2551,#1188,.T.);
#3308=EDGE_CURVE('',#2550,#2552,#1940,.T.);
#3309=EDGE_CURVE('',#2551,#2553,#1941,.T.);
#3310=EDGE_CURVE('',#2553,#2554,#1189,.T.);
#3311=EDGE_CURVE('',#2554,#2552,#1942,.T.);
#3312=EDGE_CURVE('',#2555,#2553,#1190,.T.);
#3313=EDGE_CURVE('',#2556,#2555,#1191,.T.);
#3314=EDGE_CURVE('',#2554,#2556,#1192,.T.);
#3315=EDGE_CURVE('',#2382,#2557,#2093,.F.);
#3316=EDGE_CURVE('',#2381,#2556,#1943,.T.);
#3317=EDGE_CURVE('',#2557,#2555,#1944,.F.);
#3318=EDGE_CURVE('',#2558,#2559,#1945,.T.);
#3319=EDGE_CURVE('',#2559,#2560,#1193,.T.);
#3320=EDGE_CURVE('',#2560,#2561,#1946,.T.);
#3321=EDGE_CURVE('',#2561,#2558,#1194,.T.);
#3322=EDGE_CURVE('',#2562,#2559,#1947,.T.);
#3323=EDGE_CURVE('',#2563,#2562,#1195,.T.);
#3324=EDGE_CURVE('',#2560,#2563,#1948,.T.);
#3325=EDGE_CURVE('',#2562,#2564,#1949,.T.);
#3326=EDGE_CURVE('',#2564,#2565,#1196,.T.);
#3327=EDGE_CURVE('',#2565,#2563,#1950,.T.);
#3328=EDGE_CURVE('',#2566,#2564,#1197,.T.);
#3329=EDGE_CURVE('',#2567,#2566,#1198,.T.);
#3330=EDGE_CURVE('',#2565,#2567,#1199,.T.);
#3331=EDGE_CURVE('',#2386,#2568,#2094,.F.);
#3332=EDGE_CURVE('',#2385,#2567,#1951,.T.);
#3333=EDGE_CURVE('',#2568,#2566,#1952,.F.);
#3334=EDGE_CURVE('',#2569,#2570,#1953,.T.);
#3335=EDGE_CURVE('',#2570,#2571,#1200,.T.);
#3336=EDGE_CURVE('',#2571,#2384,#1954,.T.);
#3337=EDGE_CURVE('',#2383,#2569,#2095,.T.);
#3338=EDGE_CURVE('',#2571,#2561,#1201,.T.);
#3339=EDGE_CURVE('',#2558,#2570,#1202,.T.);
#3340=EDGE_CURVE('',#2572,#2190,#1203,.T.);
#3341=EDGE_CURVE('',#2572,#2573,#1204,.T.);
#3342=EDGE_CURVE('',#2310,#2573,#1205,.T.);
#3343=EDGE_CURVE('',#2574,#2572,#1955,.T.);
#3344=EDGE_CURVE('',#2574,#2575,#1206,.T.);
#3345=EDGE_CURVE('',#2573,#2575,#1956,.T.);
#3346=EDGE_CURVE('',#2191,#2574,#1207,.T.);
#3347=EDGE_CURVE('',#2575,#2311,#1208,.T.);
#3348=EDGE_CURVE('',#2175,#2576,#1209,.T.);
#3349=EDGE_CURVE('',#2577,#2307,#1210,.T.);
#3350=EDGE_CURVE('',#2576,#2577,#1211,.T.);
#3351=EDGE_CURVE('',#2306,#2578,#1212,.T.);
#3352=EDGE_CURVE('',#2578,#2577,#1957,.T.);
#3353=EDGE_CURVE('',#2576,#2579,#1958,.T.);
#3354=EDGE_CURVE('',#2579,#2578,#1213,.T.);
#3355=EDGE_CURVE('',#2579,#2174,#1214,.T.);
#3356=EDGE_CURVE('',#2580,#2182,#1215,.T.);
#3357=EDGE_CURVE('',#2580,#2581,#1216,.T.);
#3358=EDGE_CURVE('',#2387,#2581,#1217,.T.);
#3359=EDGE_CURVE('',#2582,#2580,#1959,.T.);
#3360=EDGE_CURVE('',#2582,#2583,#1218,.T.);
#3361=EDGE_CURVE('',#2581,#2583,#1960,.T.);
#3362=EDGE_CURVE('',#2183,#2582,#1219,.T.);
#3363=EDGE_CURVE('',#2583,#2388,#1220,.T.);
#3364=EDGE_CURVE('',#2584,#2585,#1961,.T.);
#3365=EDGE_CURVE('',#2584,#2586,#1221,.T.);
#3366=EDGE_CURVE('',#2587,#2586,#1962,.T.);
#3367=EDGE_CURVE('',#2585,#2587,#1222,.T.);
#3368=EDGE_CURVE('',#2585,#2102,#1223,.T.);
#3369=EDGE_CURVE('',#2308,#2587,#1224,.T.);
#3370=EDGE_CURVE('',#2586,#2309,#1225,.T.);
#3371=EDGE_CURVE('',#2167,#2584,#1226,.T.);
#3372=EDGE_CURVE('',#2588,#2589,#1963,.T.);
#3373=EDGE_CURVE('',#2590,#2588,#1227,.T.);
#3374=EDGE_CURVE('',#2591,#2590,#1964,.T.);
#3375=EDGE_CURVE('',#2591,#2589,#1228,.T.);
#3376=EDGE_CURVE('',#2357,#2588,#311,.T.);
#3377=EDGE_CURVE('',#2590,#2168,#1229,.T.);
#3378=EDGE_CURVE('',#2589,#2356,#312,.T.);
#3379=EDGE_CURVE('',#2169,#2591,#1230,.T.);
#3380=EDGE_CURVE('',#2592,#2593,#1965,.T.);
#3381=EDGE_CURVE('',#2592,#2594,#1231,.T.);
#3382=EDGE_CURVE('',#2595,#2594,#1966,.T.);
#3383=EDGE_CURVE('',#2593,#2595,#1232,.T.);
#3384=EDGE_CURVE('',#2593,#2172,#1233,.T.);
#3385=EDGE_CURVE('',#2353,#2595,#313,.T.);
#3386=EDGE_CURVE('',#2173,#2592,#1234,.T.);
#3387=EDGE_CURVE('',#2594,#2352,#314,.T.);
#3388=EDGE_CURVE('',#2596,#2597,#1967,.T.);
#3389=EDGE_CURVE('',#2598,#2596,#1235,.T.);
#3390=EDGE_CURVE('',#2599,#2598,#1968,.T.);
#3391=EDGE_CURVE('',#2599,#2597,#1236,.T.);
#3392=EDGE_CURVE('',#2362,#2596,#315,.T.);
#3393=EDGE_CURVE('',#2598,#2194,#1237,.T.);
#3394=EDGE_CURVE('',#2597,#2361,#316,.T.);
#3395=EDGE_CURVE('',#2195,#2599,#1238,.T.);
#3396=EDGE_CURVE('',#2600,#2601,#1969,.T.);
#3397=EDGE_CURVE('',#2600,#2602,#1239,.T.);
#3398=EDGE_CURVE('',#2603,#2602,#1970,.T.);
#3399=EDGE_CURVE('',#2601,#2603,#1240,.T.);
#3400=EDGE_CURVE('',#2601,#2184,#1241,.T.);
#3401=EDGE_CURVE('',#2370,#2603,#317,.T.);
#3402=EDGE_CURVE('',#2185,#2600,#1242,.T.);
#3403=EDGE_CURVE('',#2602,#2369,#318,.T.);
#3404=EDGE_CURVE('',#2604,#2605,#1971,.T.);
#3405=EDGE_CURVE('',#2606,#2604,#1243,.T.);
#3406=EDGE_CURVE('',#2607,#2606,#1972,.T.);
#3407=EDGE_CURVE('',#2607,#2605,#1244,.T.);
#3408=EDGE_CURVE('',#2351,#2604,#319,.T.);
#3409=EDGE_CURVE('',#2606,#2176,#1245,.T.);
#3410=EDGE_CURVE('',#2605,#2350,#320,.T.);
#3411=EDGE_CURVE('',#2177,#2607,#1246,.T.);
#3412=EDGE_CURVE('',#2608,#2609,#1973,.T.);
#3413=EDGE_CURVE('',#2608,#2610,#1247,.T.);
#3414=EDGE_CURVE('',#2611,#2610,#1974,.T.);
#3415=EDGE_CURVE('',#2609,#2611,#1248,.T.);
#3416=EDGE_CURVE('',#2609,#2186,#1249,.T.);
#3417=EDGE_CURVE('',#2368,#2611,#321,.T.);
#3418=EDGE_CURVE('',#2187,#2608,#1250,.T.);
#3419=EDGE_CURVE('',#2610,#2367,#322,.T.);
#3420=EDGE_CURVE('',#2612,#2613,#1975,.T.);
#3421=EDGE_CURVE('',#2614,#2612,#1251,.T.);
#3422=EDGE_CURVE('',#2615,#2614,#1976,.T.);
#3423=EDGE_CURVE('',#2615,#2613,#1252,.T.);
#3424=EDGE_CURVE('',#2360,#2612,#323,.T.);
#3425=EDGE_CURVE('',#2614,#2196,#1253,.T.);
#3426=EDGE_CURVE('',#2613,#2359,#324,.T.);
#3427=EDGE_CURVE('',#2197,#2615,#1254,.T.);
#3428=EDGE_CURVE('',#2616,#2617,#1977,.T.);
#3429=EDGE_CURVE('',#2616,#2618,#1255,.T.);
#3430=EDGE_CURVE('',#2619,#2618,#1978,.T.);
#3431=EDGE_CURVE('',#2617,#2619,#1256,.T.);
#3432=EDGE_CURVE('',#2617,#2170,#1257,.T.);
#3433=EDGE_CURVE('',#2355,#2619,#325,.T.);
#3434=EDGE_CURVE('',#2171,#2616,#1258,.T.);
#3435=EDGE_CURVE('',#2618,#2354,#326,.T.);
#3436=EDGE_CURVE('',#2620,#2621,#1979,.T.);
#3437=EDGE_CURVE('',#2622,#2620,#1259,.T.);
#3438=EDGE_CURVE('',#2623,#2622,#1980,.T.);
#3439=EDGE_CURVE('',#2623,#2621,#1260,.T.);
#3440=EDGE_CURVE('',#2364,#2620,#327,.T.);
#3441=EDGE_CURVE('',#2622,#2192,#1261,.T.);
#3442=EDGE_CURVE('',#2621,#2363,#328,.T.);
#3443=EDGE_CURVE('',#2193,#2623,#1262,.T.);
#3444=EDGE_CURVE('',#2624,#2625,#1981,.T.);
#3445=EDGE_CURVE('',#2624,#2626,#1263,.T.);
#3446=EDGE_CURVE('',#2627,#2626,#1982,.T.);
#3447=EDGE_CURVE('',#2625,#2627,#1264,.T.);
#3448=EDGE_CURVE('',#2625,#2180,#1265,.T.);
#3449=EDGE_CURVE('',#2347,#2627,#329,.T.);
#3450=EDGE_CURVE('',#2181,#2624,#1266,.T.);
#3451=EDGE_CURVE('',#2626,#2346,#330,.T.);
#3452=EDGE_CURVE('',#2628,#2629,#1983,.T.);
#3453=EDGE_CURVE('',#2630,#2628,#1267,.T.);
#3454=EDGE_CURVE('',#2631,#2630,#1984,.T.);
#3455=EDGE_CURVE('',#2631,#2629,#1268,.T.);
#3456=EDGE_CURVE('',#2349,#2628,#331,.T.);
#3457=EDGE_CURVE('',#2630,#2178,#1269,.T.);
#3458=EDGE_CURVE('',#2629,#2348,#332,.T.);
#3459=EDGE_CURVE('',#2179,#2631,#1270,.T.);
#3460=EDGE_CURVE('',#2632,#2633,#1985,.T.);
#3461=EDGE_CURVE('',#2632,#2634,#1271,.T.);
#3462=EDGE_CURVE('',#2635,#2634,#1986,.T.);
#3463=EDGE_CURVE('',#2633,#2635,#1272,.T.);
#3464=EDGE_CURVE('',#2633,#2188,#1273,.T.);
#3465=EDGE_CURVE('',#2366,#2635,#333,.T.);
#3466=EDGE_CURVE('',#2189,#2632,#1274,.T.);
#3467=EDGE_CURVE('',#2634,#2365,#334,.T.);
#3468=EDGE_CURVE('',#2636,#2636,#1987,.T.);
#3469=EDGE_CURVE('',#2435,#2427,#1988,.T.);
#3470=EDGE_CURVE('',#2424,#2413,#1989,.T.);
#3471=EDGE_CURVE('',#2410,#2568,#1990,.T.);
#3472=EDGE_CURVE('',#2569,#2557,#1991,.T.);
#3473=EDGE_CURVE('',#2544,#2543,#1992,.T.);
#3474=EDGE_CURVE('',#2530,#2529,#1993,.T.);
#3475=EDGE_CURVE('',#2516,#2515,#1994,.T.);
#3476=EDGE_CURVE('',#2508,#2498,#1995,.T.);
#3477=EDGE_CURVE('',#2499,#2484,#1996,.T.);
#3478=EDGE_CURVE('',#2485,#2473,#1997,.T.);
#3479=EDGE_CURVE('',#2470,#2446,#1998,.T.);
#3480=EDGE_CURVE('',#2449,#2432,#1999,.T.);
#3481=EDGE_CURVE('',#2358,#2637,#1275,.T.);
#3482=EDGE_CURVE('',#2637,#2638,#2000,.T.);
#3483=EDGE_CURVE('',#2638,#2637,#2001,.T.);
#3484=EDGE_CURVE('',#2639,#2639,#2002,.T.);
#3485=EDGE_CURVE('',#2639,#2640,#2003,.T.);
#3486=EDGE_CURVE('',#2640,#2641,#2004,.T.);
#3487=EDGE_CURVE('',#2641,#2640,#2005,.T.);
#3488=EDGE_CURVE('',#2642,#2642,#2006,.T.);
#3489=EDGE_CURVE('',#2642,#2641,#1276,.T.);
#3490=EDGE_CURVE('',#2643,#2643,#2007,.T.);
#3491=EDGE_CURVE('',#2644,#2644,#2008,.T.);
#3492=EDGE_CURVE('',#2645,#2645,#2009,.T.);
#3493=EDGE_CURVE('',#2646,#2646,#2010,.T.);
#3494=EDGE_CURVE('',#2647,#2647,#2011,.T.);
#3495=EDGE_CURVE('',#2648,#2648,#2012,.T.);
#3496=EDGE_CURVE('',#2648,#2649,#1277,.T.);
#3497=EDGE_CURVE('',#2649,#2649,#2013,.T.);
#3498=EDGE_CURVE('',#2649,#2647,#1278,.T.);
#3499=EDGE_CURVE('',#2650,#2650,#2014,.T.);
#3500=EDGE_CURVE('',#2650,#2651,#1279,.T.);
#3501=EDGE_CURVE('',#2651,#2651,#2015,.T.);
#3502=EDGE_CURVE('',#2651,#2646,#1280,.T.);
#3503=EDGE_CURVE('',#2652,#2652,#2016,.T.);
#3504=EDGE_CURVE('',#2652,#2653,#1281,.T.);
#3505=EDGE_CURVE('',#2653,#2653,#2017,.T.);
#3506=EDGE_CURVE('',#2653,#2645,#1282,.T.);
#3507=EDGE_CURVE('',#2654,#2654,#2018,.T.);
#3508=EDGE_CURVE('',#2654,#2655,#1283,.T.);
#3509=EDGE_CURVE('',#2655,#2655,#2019,.T.);
#3510=EDGE_CURVE('',#2655,#2644,#1284,.T.);
#3511=EDGE_CURVE('',#2656,#2656,#2020,.T.);
#3512=EDGE_CURVE('',#2638,#2656,#1285,.T.);
#3513=EDGE_CURVE('',#2657,#2657,#2021,.T.);
#3514=EDGE_CURVE('',#2657,#2636,#1286,.T.);
#3515=EDGE_CURVE('',#2643,#2403,#1287,.T.);
#3516=EDGE_CURVE('',#2658,#2658,#2022,.T.);
#3517=EDGE_CURVE('',#2658,#2659,#1288,.T.);
#3518=EDGE_CURVE('',#2659,#2659,#2023,.T.);
#3519=EDGE_CURVE('',#2660,#2660,#2024,.T.);
#3520=EDGE_CURVE('',#2660,#2661,#1289,.T.);
#3521=EDGE_CURVE('',#2661,#2661,#2025,.T.);
#3522=EDGE_CURVE('',#2662,#2662,#2026,.T.);
#3523=EDGE_CURVE('',#2662,#2663,#1290,.T.);
#3524=EDGE_CURVE('',#2663,#2663,#2027,.T.);
#3525=ORIENTED_EDGE('',*,*,#2664,.T.);
#3526=ORIENTED_EDGE('',*,*,#2665,.T.);
#3527=ORIENTED_EDGE('',*,*,#2666,.T.);
#3528=ORIENTED_EDGE('',*,*,#2667,.T.);
#3529=ORIENTED_EDGE('',*,*,#2668,.T.);
#3530=ORIENTED_EDGE('',*,*,#2669,.T.);
#3531=ORIENTED_EDGE('',*,*,#2670,.T.);
#3532=ORIENTED_EDGE('',*,*,#2671,.T.);
#3533=ORIENTED_EDGE('',*,*,#2672,.T.);
#3534=ORIENTED_EDGE('',*,*,#2673,.F.);
#3535=ORIENTED_EDGE('',*,*,#2674,.F.);
#3536=ORIENTED_EDGE('',*,*,#2675,.F.);
#3537=ORIENTED_EDGE('',*,*,#2676,.T.);
#3538=ORIENTED_EDGE('',*,*,#2677,.F.);
#3539=ORIENTED_EDGE('',*,*,#2678,.F.);
#3540=ORIENTED_EDGE('',*,*,#2679,.F.);
#3541=ORIENTED_EDGE('',*,*,#2680,.T.);
#3542=ORIENTED_EDGE('',*,*,#2681,.F.);
#3543=ORIENTED_EDGE('',*,*,#2682,.F.);
#3544=ORIENTED_EDGE('',*,*,#2683,.F.);
#3545=ORIENTED_EDGE('',*,*,#2684,.T.);
#3546=ORIENTED_EDGE('',*,*,#2685,.F.);
#3547=ORIENTED_EDGE('',*,*,#2686,.F.);
#3548=ORIENTED_EDGE('',*,*,#2687,.F.);
#3549=ORIENTED_EDGE('',*,*,#2688,.T.);
#3550=ORIENTED_EDGE('',*,*,#2689,.F.);
#3551=ORIENTED_EDGE('',*,*,#2690,.F.);
#3552=ORIENTED_EDGE('',*,*,#2691,.F.);
#3553=ORIENTED_EDGE('',*,*,#2692,.T.);
#3554=ORIENTED_EDGE('',*,*,#2693,.F.);
#3555=ORIENTED_EDGE('',*,*,#2694,.F.);
#3556=ORIENTED_EDGE('',*,*,#2695,.F.);
#3557=ORIENTED_EDGE('',*,*,#2696,.T.);
#3558=ORIENTED_EDGE('',*,*,#2697,.F.);
#3559=ORIENTED_EDGE('',*,*,#2698,.F.);
#3560=ORIENTED_EDGE('',*,*,#2699,.F.);
#3561=ORIENTED_EDGE('',*,*,#2700,.T.);
#3562=ORIENTED_EDGE('',*,*,#2701,.F.);
#3563=ORIENTED_EDGE('',*,*,#2702,.F.);
#3564=ORIENTED_EDGE('',*,*,#2703,.F.);
#3565=ORIENTED_EDGE('',*,*,#2704,.T.);
#3566=ORIENTED_EDGE('',*,*,#2705,.F.);
#3567=ORIENTED_EDGE('',*,*,#2665,.F.);
#3568=ORIENTED_EDGE('',*,*,#2706,.F.);
#3569=ORIENTED_EDGE('',*,*,#2707,.T.);
#3570=ORIENTED_EDGE('',*,*,#2708,.F.);
#3571=ORIENTED_EDGE('',*,*,#2709,.F.);
#3572=ORIENTED_EDGE('',*,*,#2710,.F.);
#3573=ORIENTED_EDGE('',*,*,#2711,.T.);
#3574=ORIENTED_EDGE('',*,*,#2712,.F.);
#3575=ORIENTED_EDGE('',*,*,#2713,.F.);
#3576=ORIENTED_EDGE('',*,*,#2714,.F.);
#3577=ORIENTED_EDGE('',*,*,#2715,.T.);
#3578=ORIENTED_EDGE('',*,*,#2716,.F.);
#3579=ORIENTED_EDGE('',*,*,#2717,.F.);
#3580=ORIENTED_EDGE('',*,*,#2718,.F.);
#3581=ORIENTED_EDGE('',*,*,#2719,.T.);
#3582=ORIENTED_EDGE('',*,*,#2720,.F.);
#3583=ORIENTED_EDGE('',*,*,#2721,.F.);
#3584=ORIENTED_EDGE('',*,*,#2722,.F.);
#3585=ORIENTED_EDGE('',*,*,#2723,.T.);
#3586=ORIENTED_EDGE('',*,*,#2724,.F.);
#3587=ORIENTED_EDGE('',*,*,#2725,.T.);
#3588=ORIENTED_EDGE('',*,*,#2726,.F.);
#3589=ORIENTED_EDGE('',*,*,#2727,.F.);
#3590=ORIENTED_EDGE('',*,*,#2728,.F.);
#3591=ORIENTED_EDGE('',*,*,#2729,.F.);
#3592=ORIENTED_EDGE('',*,*,#2730,.F.);
#3593=ORIENTED_EDGE('',*,*,#2731,.F.);
#3594=ORIENTED_EDGE('',*,*,#2732,.F.);
#3595=ORIENTED_EDGE('',*,*,#2733,.F.);
#3596=ORIENTED_EDGE('',*,*,#2734,.F.);
#3597=ORIENTED_EDGE('',*,*,#2735,.T.);
#3598=ORIENTED_EDGE('',*,*,#2671,.F.);
#3599=ORIENTED_EDGE('',*,*,#2736,.T.);
#3600=ORIENTED_EDGE('',*,*,#2737,.F.);
#3601=ORIENTED_EDGE('',*,*,#2738,.T.);
#3602=ORIENTED_EDGE('',*,*,#2739,.F.);
#3603=ORIENTED_EDGE('',*,*,#2740,.T.);
#3604=ORIENTED_EDGE('',*,*,#2741,.F.);
#3605=ORIENTED_EDGE('',*,*,#2742,.T.);
#3606=ORIENTED_EDGE('',*,*,#2743,.F.);
#3607=ORIENTED_EDGE('',*,*,#2744,.T.);
#3608=ORIENTED_EDGE('',*,*,#2745,.F.);
#3609=ORIENTED_EDGE('',*,*,#2746,.T.);
#3610=ORIENTED_EDGE('',*,*,#2747,.F.);
#3611=ORIENTED_EDGE('',*,*,#2748,.T.);
#3612=ORIENTED_EDGE('',*,*,#2749,.F.);
#3613=ORIENTED_EDGE('',*,*,#2750,.T.);
#3614=ORIENTED_EDGE('',*,*,#2751,.F.);
#3615=ORIENTED_EDGE('',*,*,#2752,.T.);
#3616=ORIENTED_EDGE('',*,*,#2753,.F.);
#3617=ORIENTED_EDGE('',*,*,#2754,.T.);
#3618=ORIENTED_EDGE('',*,*,#2755,.F.);
#3619=ORIENTED_EDGE('',*,*,#2756,.T.);
#3620=ORIENTED_EDGE('',*,*,#2757,.F.);
#3621=ORIENTED_EDGE('',*,*,#2758,.T.);
#3622=ORIENTED_EDGE('',*,*,#2759,.F.);
#3623=ORIENTED_EDGE('',*,*,#2760,.T.);
#3624=ORIENTED_EDGE('',*,*,#2761,.F.);
#3625=ORIENTED_EDGE('',*,*,#2762,.T.);
#3626=ORIENTED_EDGE('',*,*,#2763,.F.);
#3627=ORIENTED_EDGE('',*,*,#2764,.T.);
#3628=ORIENTED_EDGE('',*,*,#2765,.F.);
#3629=ORIENTED_EDGE('',*,*,#2766,.T.);
#3630=ORIENTED_EDGE('',*,*,#2767,.F.);
#3631=ORIENTED_EDGE('',*,*,#2664,.F.);
#3632=ORIENTED_EDGE('',*,*,#2669,.F.);
#3633=ORIENTED_EDGE('',*,*,#2768,.F.);
#3634=ORIENTED_EDGE('',*,*,#2769,.F.);
#3635=ORIENTED_EDGE('',*,*,#2770,.T.);
#3636=ORIENTED_EDGE('',*,*,#2706,.T.);
#3637=ORIENTED_EDGE('',*,*,#2771,.T.);
#3638=ORIENTED_EDGE('',*,*,#2709,.T.);
#3639=ORIENTED_EDGE('',*,*,#2772,.T.);
#3640=ORIENTED_EDGE('',*,*,#2773,.T.);
#3641=ORIENTED_EDGE('',*,*,#2774,.T.);
#3642=ORIENTED_EDGE('',*,*,#2775,.T.);
#3643=ORIENTED_EDGE('',*,*,#2771,.F.);
#3644=ORIENTED_EDGE('',*,*,#2775,.F.);
#3645=ORIENTED_EDGE('',*,*,#2776,.F.);
#3646=ORIENTED_EDGE('',*,*,#2777,.F.);
#3647=ORIENTED_EDGE('',*,*,#2778,.T.);
#3648=ORIENTED_EDGE('',*,*,#2710,.T.);
#3649=ORIENTED_EDGE('',*,*,#2779,.T.);
#3650=ORIENTED_EDGE('',*,*,#2713,.T.);
#3651=ORIENTED_EDGE('',*,*,#2780,.T.);
#3652=ORIENTED_EDGE('',*,*,#2781,.T.);
#3653=ORIENTED_EDGE('',*,*,#2782,.T.);
#3654=ORIENTED_EDGE('',*,*,#2783,.T.);
#3655=ORIENTED_EDGE('',*,*,#2779,.F.);
#3656=ORIENTED_EDGE('',*,*,#2783,.F.);
#3657=ORIENTED_EDGE('',*,*,#2784,.F.);
#3658=ORIENTED_EDGE('',*,*,#2785,.F.);
#3659=ORIENTED_EDGE('',*,*,#2786,.T.);
#3660=ORIENTED_EDGE('',*,*,#2714,.T.);
#3661=ORIENTED_EDGE('',*,*,#2787,.T.);
#3662=ORIENTED_EDGE('',*,*,#2682,.T.);
#3663=ORIENTED_EDGE('',*,*,#2788,.T.);
#3664=ORIENTED_EDGE('',*,*,#2789,.T.);
#3665=ORIENTED_EDGE('',*,*,#2790,.T.);
#3666=ORIENTED_EDGE('',*,*,#2791,.T.);
#3667=ORIENTED_EDGE('',*,*,#2787,.F.);
#3668=ORIENTED_EDGE('',*,*,#2791,.F.);
#3669=ORIENTED_EDGE('',*,*,#2792,.F.);
#3670=ORIENTED_EDGE('',*,*,#2793,.F.);
#3671=ORIENTED_EDGE('',*,*,#2794,.T.);
#3672=ORIENTED_EDGE('',*,*,#2683,.T.);
#3673=ORIENTED_EDGE('',*,*,#2795,.T.);
#3674=ORIENTED_EDGE('',*,*,#2686,.T.);
#3675=ORIENTED_EDGE('',*,*,#2796,.T.);
#3676=ORIENTED_EDGE('',*,*,#2797,.T.);
#3677=ORIENTED_EDGE('',*,*,#2798,.T.);
#3678=ORIENTED_EDGE('',*,*,#2799,.T.);
#3679=ORIENTED_EDGE('',*,*,#2795,.F.);
#3680=ORIENTED_EDGE('',*,*,#2799,.F.);
#3681=ORIENTED_EDGE('',*,*,#2800,.F.);
#3682=ORIENTED_EDGE('',*,*,#2801,.F.);
#3683=ORIENTED_EDGE('',*,*,#2802,.T.);
#3684=ORIENTED_EDGE('',*,*,#2687,.T.);
#3685=ORIENTED_EDGE('',*,*,#2803,.T.);
#3686=ORIENTED_EDGE('',*,*,#2690,.T.);
#3687=ORIENTED_EDGE('',*,*,#2804,.T.);
#3688=ORIENTED_EDGE('',*,*,#2805,.T.);
#3689=ORIENTED_EDGE('',*,*,#2806,.T.);
#3690=ORIENTED_EDGE('',*,*,#2807,.T.);
#3691=ORIENTED_EDGE('',*,*,#2803,.F.);
#3692=ORIENTED_EDGE('',*,*,#2807,.F.);
#3693=ORIENTED_EDGE('',*,*,#2808,.F.);
#3694=ORIENTED_EDGE('',*,*,#2809,.F.);
#3695=ORIENTED_EDGE('',*,*,#2810,.T.);
#3696=ORIENTED_EDGE('',*,*,#2691,.T.);
#3697=ORIENTED_EDGE('',*,*,#2811,.T.);
#3698=ORIENTED_EDGE('',*,*,#2812,.T.);
#3699=ORIENTED_EDGE('',*,*,#2813,.T.);
#3700=ORIENTED_EDGE('',*,*,#2814,.T.);
#3701=ORIENTED_EDGE('',*,*,#2813,.F.);
#3702=ORIENTED_EDGE('',*,*,#2815,.T.);
#3703=ORIENTED_EDGE('',*,*,#2693,.T.);
#3704=ORIENTED_EDGE('',*,*,#2816,.T.);
#3705=ORIENTED_EDGE('',*,*,#2817,.F.);
#3706=ORIENTED_EDGE('',*,*,#2818,.F.);
#3707=ORIENTED_EDGE('',*,*,#2812,.F.);
#3708=ORIENTED_EDGE('',*,*,#2819,.T.);
#3709=ORIENTED_EDGE('',*,*,#2694,.T.);
#3710=ORIENTED_EDGE('',*,*,#2815,.F.);
#3711=ORIENTED_EDGE('',*,*,#2820,.T.);
#3712=ORIENTED_EDGE('',*,*,#2698,.T.);
#3713=ORIENTED_EDGE('',*,*,#2821,.T.);
#3714=ORIENTED_EDGE('',*,*,#2822,.T.);
#3715=ORIENTED_EDGE('',*,*,#2823,.T.);
#3716=ORIENTED_EDGE('',*,*,#2824,.T.);
#3717=ORIENTED_EDGE('',*,*,#2820,.F.);
#3718=ORIENTED_EDGE('',*,*,#2824,.F.);
#3719=ORIENTED_EDGE('',*,*,#2825,.F.);
#3720=ORIENTED_EDGE('',*,*,#2826,.F.);
#3721=ORIENTED_EDGE('',*,*,#2827,.T.);
#3722=ORIENTED_EDGE('',*,*,#2699,.T.);
#3723=ORIENTED_EDGE('',*,*,#2828,.T.);
#3724=ORIENTED_EDGE('',*,*,#2829,.T.);
#3725=ORIENTED_EDGE('',*,*,#2830,.T.);
#3726=ORIENTED_EDGE('',*,*,#2831,.T.);
#3727=ORIENTED_EDGE('',*,*,#2830,.F.);
#3728=ORIENTED_EDGE('',*,*,#2832,.T.);
#3729=ORIENTED_EDGE('',*,*,#2701,.T.);
#3730=ORIENTED_EDGE('',*,*,#2833,.F.);
#3731=ORIENTED_EDGE('',*,*,#2834,.F.);
#3732=ORIENTED_EDGE('',*,*,#2835,.F.);
#3733=ORIENTED_EDGE('',*,*,#2829,.F.);
#3734=ORIENTED_EDGE('',*,*,#2836,.T.);
#3735=ORIENTED_EDGE('',*,*,#2702,.T.);
#3736=ORIENTED_EDGE('',*,*,#2832,.F.);
#3737=ORIENTED_EDGE('',*,*,#2666,.F.);
#3738=ORIENTED_EDGE('',*,*,#2705,.T.);
#3739=ORIENTED_EDGE('',*,*,#2837,.T.);
#3740=ORIENTED_EDGE('',*,*,#2838,.F.);
#3741=ORIENTED_EDGE('',*,*,#2839,.F.);
#3742=ORIENTED_EDGE('',*,*,#2667,.F.);
#3743=ORIENTED_EDGE('',*,*,#2772,.F.);
#3744=ORIENTED_EDGE('',*,*,#2708,.T.);
#3745=ORIENTED_EDGE('',*,*,#2840,.F.);
#3746=ORIENTED_EDGE('',*,*,#2841,.F.);
#3747=ORIENTED_EDGE('',*,*,#2842,.F.);
#3748=ORIENTED_EDGE('',*,*,#2773,.F.);
#3749=ORIENTED_EDGE('',*,*,#2780,.F.);
#3750=ORIENTED_EDGE('',*,*,#2712,.T.);
#3751=ORIENTED_EDGE('',*,*,#2843,.T.);
#3752=ORIENTED_EDGE('',*,*,#2844,.F.);
#3753=ORIENTED_EDGE('',*,*,#2845,.F.);
#3754=ORIENTED_EDGE('',*,*,#2781,.F.);
#3755=ORIENTED_EDGE('',*,*,#2846,.T.);
#3756=ORIENTED_EDGE('',*,*,#2847,.T.);
#3757=ORIENTED_EDGE('',*,*,#2848,.T.);
#3758=ORIENTED_EDGE('',*,*,#2849,.T.);
#3759=ORIENTED_EDGE('',*,*,#2848,.F.);
#3760=ORIENTED_EDGE('',*,*,#2850,.T.);
#3761=ORIENTED_EDGE('',*,*,#2716,.T.);
#3762=ORIENTED_EDGE('',*,*,#2851,.T.);
#3763=ORIENTED_EDGE('',*,*,#2852,.F.);
#3764=ORIENTED_EDGE('',*,*,#2853,.F.);
#3765=ORIENTED_EDGE('',*,*,#2847,.F.);
#3766=ORIENTED_EDGE('',*,*,#2854,.T.);
#3767=ORIENTED_EDGE('',*,*,#2717,.T.);
#3768=ORIENTED_EDGE('',*,*,#2850,.F.);
#3769=ORIENTED_EDGE('',*,*,#2855,.T.);
#3770=ORIENTED_EDGE('',*,*,#2856,.T.);
#3771=ORIENTED_EDGE('',*,*,#2857,.T.);
#3772=ORIENTED_EDGE('',*,*,#2858,.T.);
#3773=ORIENTED_EDGE('',*,*,#2857,.F.);
#3774=ORIENTED_EDGE('',*,*,#2859,.T.);
#3775=ORIENTED_EDGE('',*,*,#2720,.T.);
#3776=ORIENTED_EDGE('',*,*,#2860,.T.);
#3777=ORIENTED_EDGE('',*,*,#2861,.F.);
#3778=ORIENTED_EDGE('',*,*,#2862,.F.);
#3779=ORIENTED_EDGE('',*,*,#2856,.F.);
#3780=ORIENTED_EDGE('',*,*,#2863,.T.);
#3781=ORIENTED_EDGE('',*,*,#2721,.T.);
#3782=ORIENTED_EDGE('',*,*,#2859,.F.);
#3783=ORIENTED_EDGE('',*,*,#2864,.T.);
#3784=ORIENTED_EDGE('',*,*,#2725,.F.);
#3785=ORIENTED_EDGE('',*,*,#2865,.T.);
#3786=ORIENTED_EDGE('',*,*,#2866,.T.);
#3787=ORIENTED_EDGE('',*,*,#2865,.F.);
#3788=ORIENTED_EDGE('',*,*,#2724,.T.);
#3789=ORIENTED_EDGE('',*,*,#2867,.T.);
#3790=ORIENTED_EDGE('',*,*,#2868,.F.);
#3791=ORIENTED_EDGE('',*,*,#2869,.F.);
#3792=ORIENTED_EDGE('',*,*,#2870,.T.);
#3793=ORIENTED_EDGE('',*,*,#2729,.T.);
#3794=ORIENTED_EDGE('',*,*,#2871,.T.);
#3795=ORIENTED_EDGE('',*,*,#2872,.T.);
#3796=ORIENTED_EDGE('',*,*,#2873,.T.);
#3797=ORIENTED_EDGE('',*,*,#2874,.T.);
#3798=ORIENTED_EDGE('',*,*,#2870,.F.);
#3799=ORIENTED_EDGE('',*,*,#2874,.F.);
#3800=ORIENTED_EDGE('',*,*,#2875,.F.);
#3801=ORIENTED_EDGE('',*,*,#2876,.F.);
#3802=ORIENTED_EDGE('',*,*,#2877,.T.);
#3803=ORIENTED_EDGE('',*,*,#2730,.T.);
#3804=ORIENTED_EDGE('',*,*,#2871,.F.);
#3805=ORIENTED_EDGE('',*,*,#2728,.T.);
#3806=ORIENTED_EDGE('',*,*,#2878,.F.);
#3807=ORIENTED_EDGE('',*,*,#2879,.F.);
#3808=ORIENTED_EDGE('',*,*,#2880,.F.);
#3809=ORIENTED_EDGE('',*,*,#2872,.F.);
#3810=ORIENTED_EDGE('',*,*,#2881,.T.);
#3811=ORIENTED_EDGE('',*,*,#2733,.T.);
#3812=ORIENTED_EDGE('',*,*,#2882,.T.);
#3813=ORIENTED_EDGE('',*,*,#2883,.T.);
#3814=ORIENTED_EDGE('',*,*,#2884,.T.);
#3815=ORIENTED_EDGE('',*,*,#2885,.T.);
#3816=ORIENTED_EDGE('',*,*,#2881,.F.);
#3817=ORIENTED_EDGE('',*,*,#2885,.F.);
#3818=ORIENTED_EDGE('',*,*,#2886,.F.);
#3819=ORIENTED_EDGE('',*,*,#2887,.F.);
#3820=ORIENTED_EDGE('',*,*,#2888,.T.);
#3821=ORIENTED_EDGE('',*,*,#2734,.T.);
#3822=ORIENTED_EDGE('',*,*,#2882,.F.);
#3823=ORIENTED_EDGE('',*,*,#2732,.T.);
#3824=ORIENTED_EDGE('',*,*,#2889,.F.);
#3825=ORIENTED_EDGE('',*,*,#2890,.F.);
#3826=ORIENTED_EDGE('',*,*,#2891,.F.);
#3827=ORIENTED_EDGE('',*,*,#2883,.F.);
#3828=ORIENTED_EDGE('',*,*,#2892,.T.);
#3829=ORIENTED_EDGE('',*,*,#2893,.T.);
#3830=ORIENTED_EDGE('',*,*,#2894,.T.);
#3831=ORIENTED_EDGE('',*,*,#2895,.T.);
#3832=ORIENTED_EDGE('',*,*,#2894,.F.);
#3833=ORIENTED_EDGE('',*,*,#2896,.T.);
#3834=ORIENTED_EDGE('',*,*,#2673,.T.);
#3835=ORIENTED_EDGE('',*,*,#2897,.F.);
#3836=ORIENTED_EDGE('',*,*,#2898,.F.);
#3837=ORIENTED_EDGE('',*,*,#2899,.F.);
#3838=ORIENTED_EDGE('',*,*,#2893,.F.);
#3839=ORIENTED_EDGE('',*,*,#2900,.T.);
#3840=ORIENTED_EDGE('',*,*,#2674,.T.);
#3841=ORIENTED_EDGE('',*,*,#2896,.F.);
#3842=ORIENTED_EDGE('',*,*,#2901,.T.);
#3843=ORIENTED_EDGE('',*,*,#2902,.T.);
#3844=ORIENTED_EDGE('',*,*,#2903,.T.);
#3845=ORIENTED_EDGE('',*,*,#2904,.T.);
#3846=ORIENTED_EDGE('',*,*,#2903,.F.);
#3847=ORIENTED_EDGE('',*,*,#2905,.T.);
#3848=ORIENTED_EDGE('',*,*,#2677,.T.);
#3849=ORIENTED_EDGE('',*,*,#2906,.F.);
#3850=ORIENTED_EDGE('',*,*,#2907,.F.);
#3851=ORIENTED_EDGE('',*,*,#2908,.F.);
#3852=ORIENTED_EDGE('',*,*,#2902,.F.);
#3853=ORIENTED_EDGE('',*,*,#2909,.T.);
#3854=ORIENTED_EDGE('',*,*,#2678,.T.);
#3855=ORIENTED_EDGE('',*,*,#2905,.F.);
#3856=ORIENTED_EDGE('',*,*,#2788,.F.);
#3857=ORIENTED_EDGE('',*,*,#2681,.T.);
#3858=ORIENTED_EDGE('',*,*,#2910,.T.);
#3859=ORIENTED_EDGE('',*,*,#2911,.F.);
#3860=ORIENTED_EDGE('',*,*,#2912,.F.);
#3861=ORIENTED_EDGE('',*,*,#2789,.F.);
#3862=ORIENTED_EDGE('',*,*,#2796,.F.);
#3863=ORIENTED_EDGE('',*,*,#2685,.T.);
#3864=ORIENTED_EDGE('',*,*,#2913,.T.);
#3865=ORIENTED_EDGE('',*,*,#2914,.F.);
#3866=ORIENTED_EDGE('',*,*,#2915,.F.);
#3867=ORIENTED_EDGE('',*,*,#2797,.F.);
#3868=ORIENTED_EDGE('',*,*,#2804,.F.);
#3869=ORIENTED_EDGE('',*,*,#2689,.T.);
#3870=ORIENTED_EDGE('',*,*,#2916,.T.);
#3871=ORIENTED_EDGE('',*,*,#2917,.F.);
#3872=ORIENTED_EDGE('',*,*,#2918,.F.);
#3873=ORIENTED_EDGE('',*,*,#2805,.F.);
#3874=ORIENTED_EDGE('',*,*,#2821,.F.);
#3875=ORIENTED_EDGE('',*,*,#2697,.T.);
#3876=ORIENTED_EDGE('',*,*,#2919,.F.);
#3877=ORIENTED_EDGE('',*,*,#2920,.F.);
#3878=ORIENTED_EDGE('',*,*,#2921,.F.);
#3879=ORIENTED_EDGE('',*,*,#2822,.F.);
#3880=ORIENTED_EDGE('',*,*,#2744,.F.);
#3881=ORIENTED_EDGE('',*,*,#2922,.T.);
#3882=ORIENTED_EDGE('',*,*,#2923,.F.);
#3883=ORIENTED_EDGE('',*,*,#2924,.F.);
#3884=ORIENTED_EDGE('',*,*,#2670,.F.);
#3885=ORIENTED_EDGE('',*,*,#2925,.T.);
#3886=ORIENTED_EDGE('',*,*,#2926,.F.);
#3887=ORIENTED_EDGE('',*,*,#2927,.F.);
#3888=ORIENTED_EDGE('',*,*,#2736,.F.);
#3889=ORIENTED_EDGE('',*,*,#2760,.F.);
#3890=ORIENTED_EDGE('',*,*,#2928,.T.);
#3891=ORIENTED_EDGE('',*,*,#2929,.F.);
#3892=ORIENTED_EDGE('',*,*,#2930,.F.);
#3893=ORIENTED_EDGE('',*,*,#2931,.F.);
#3894=ORIENTED_EDGE('',*,*,#2932,.F.);
#3895=ORIENTED_EDGE('',*,*,#2933,.F.);
#3896=ORIENTED_EDGE('',*,*,#2934,.F.);
#3897=ORIENTED_EDGE('',*,*,#2935,.F.);
#3898=ORIENTED_EDGE('',*,*,#2936,.F.);
#3899=ORIENTED_EDGE('',*,*,#2937,.F.);
#3900=ORIENTED_EDGE('',*,*,#2938,.F.);
#3901=ORIENTED_EDGE('',*,*,#2939,.F.);
#3902=ORIENTED_EDGE('',*,*,#2940,.F.);
#3903=ORIENTED_EDGE('',*,*,#2941,.F.);
#3904=ORIENTED_EDGE('',*,*,#2942,.F.);
#3905=ORIENTED_EDGE('',*,*,#2943,.F.);
#3906=ORIENTED_EDGE('',*,*,#2944,.F.);
#3907=ORIENTED_EDGE('',*,*,#2945,.F.);
#3908=ORIENTED_EDGE('',*,*,#2946,.F.);
#3909=ORIENTED_EDGE('',*,*,#2947,.F.);
#3910=ORIENTED_EDGE('',*,*,#2948,.F.);
#3911=ORIENTED_EDGE('',*,*,#2949,.F.);
#3912=ORIENTED_EDGE('',*,*,#2950,.F.);
#3913=ORIENTED_EDGE('',*,*,#2951,.F.);
#3914=ORIENTED_EDGE('',*,*,#2952,.F.);
#3915=ORIENTED_EDGE('',*,*,#2953,.F.);
#3916=ORIENTED_EDGE('',*,*,#2954,.F.);
#3917=ORIENTED_EDGE('',*,*,#2955,.F.);
#3918=ORIENTED_EDGE('',*,*,#2956,.F.);
#3919=ORIENTED_EDGE('',*,*,#2957,.F.);
#3920=ORIENTED_EDGE('',*,*,#2958,.F.);
#3921=ORIENTED_EDGE('',*,*,#2959,.F.);
#3922=ORIENTED_EDGE('',*,*,#2960,.F.);
#3923=ORIENTED_EDGE('',*,*,#2961,.F.);
#3924=ORIENTED_EDGE('',*,*,#2962,.F.);
#3925=ORIENTED_EDGE('',*,*,#2963,.T.);
#3926=ORIENTED_EDGE('',*,*,#2964,.F.);
#3927=ORIENTED_EDGE('',*,*,#2965,.F.);
#3928=ORIENTED_EDGE('',*,*,#2750,.F.);
#3929=ORIENTED_EDGE('',*,*,#2966,.T.);
#3930=ORIENTED_EDGE('',*,*,#2967,.F.);
#3931=ORIENTED_EDGE('',*,*,#2968,.F.);
#3932=ORIENTED_EDGE('',*,*,#2748,.F.);
#3933=ORIENTED_EDGE('',*,*,#2969,.T.);
#3934=ORIENTED_EDGE('',*,*,#2970,.F.);
#3935=ORIENTED_EDGE('',*,*,#2971,.F.);
#3936=ORIENTED_EDGE('',*,*,#2746,.F.);
#3937=ORIENTED_EDGE('',*,*,#2972,.T.);
#3938=ORIENTED_EDGE('',*,*,#2973,.F.);
#3939=ORIENTED_EDGE('',*,*,#2974,.F.);
#3940=ORIENTED_EDGE('',*,*,#2742,.F.);
#3941=ORIENTED_EDGE('',*,*,#2975,.T.);
#3942=ORIENTED_EDGE('',*,*,#2976,.F.);
#3943=ORIENTED_EDGE('',*,*,#2977,.F.);
#3944=ORIENTED_EDGE('',*,*,#2740,.F.);
#3945=ORIENTED_EDGE('',*,*,#2978,.T.);
#3946=ORIENTED_EDGE('',*,*,#2979,.F.);
#3947=ORIENTED_EDGE('',*,*,#2980,.F.);
#3948=ORIENTED_EDGE('',*,*,#2738,.F.);
#3949=ORIENTED_EDGE('',*,*,#2981,.T.);
#3950=ORIENTED_EDGE('',*,*,#2982,.F.);
#3951=ORIENTED_EDGE('',*,*,#2983,.F.);
#3952=ORIENTED_EDGE('',*,*,#2984,.F.);
#3953=ORIENTED_EDGE('',*,*,#2766,.F.);
#3954=ORIENTED_EDGE('',*,*,#2985,.T.);
#3955=ORIENTED_EDGE('',*,*,#2986,.F.);
#3956=ORIENTED_EDGE('',*,*,#2987,.F.);
#3957=ORIENTED_EDGE('',*,*,#2764,.F.);
#3958=ORIENTED_EDGE('',*,*,#2988,.T.);
#3959=ORIENTED_EDGE('',*,*,#2989,.F.);
#3960=ORIENTED_EDGE('',*,*,#2990,.F.);
#3961=ORIENTED_EDGE('',*,*,#2762,.F.);
#3962=ORIENTED_EDGE('',*,*,#2991,.T.);
#3963=ORIENTED_EDGE('',*,*,#2992,.F.);
#3964=ORIENTED_EDGE('',*,*,#2993,.F.);
#3965=ORIENTED_EDGE('',*,*,#2758,.F.);
#3966=ORIENTED_EDGE('',*,*,#2994,.T.);
#3967=ORIENTED_EDGE('',*,*,#2995,.F.);
#3968=ORIENTED_EDGE('',*,*,#2996,.F.);
#3969=ORIENTED_EDGE('',*,*,#2756,.F.);
#3970=ORIENTED_EDGE('',*,*,#2997,.T.);
#3971=ORIENTED_EDGE('',*,*,#2998,.F.);
#3972=ORIENTED_EDGE('',*,*,#2999,.F.);
#3973=ORIENTED_EDGE('',*,*,#2754,.F.);
#3974=ORIENTED_EDGE('',*,*,#3000,.T.);
#3975=ORIENTED_EDGE('',*,*,#3001,.F.);
#3976=ORIENTED_EDGE('',*,*,#2963,.F.);
#3977=ORIENTED_EDGE('',*,*,#3002,.F.);
#3978=ORIENTED_EDGE('',*,*,#3003,.F.);
#3979=ORIENTED_EDGE('',*,*,#3004,.F.);
#3980=ORIENTED_EDGE('',*,*,#3005,.F.);
#3981=ORIENTED_EDGE('',*,*,#3006,.F.);
#3982=ORIENTED_EDGE('',*,*,#3007,.F.);
#3983=ORIENTED_EDGE('',*,*,#3008,.F.);
#3984=ORIENTED_EDGE('',*,*,#3009,.F.);
#3985=ORIENTED_EDGE('',*,*,#3010,.F.);
#3986=ORIENTED_EDGE('',*,*,#3011,.F.);
#3987=ORIENTED_EDGE('',*,*,#3012,.F.);
#3988=ORIENTED_EDGE('',*,*,#3013,.F.);
#3989=ORIENTED_EDGE('',*,*,#3014,.F.);
#3990=ORIENTED_EDGE('',*,*,#3015,.F.);
#3991=ORIENTED_EDGE('',*,*,#3016,.F.);
#3992=ORIENTED_EDGE('',*,*,#3017,.F.);
#3993=ORIENTED_EDGE('',*,*,#3018,.F.);
#3994=ORIENTED_EDGE('',*,*,#2752,.F.);
#3995=ORIENTED_EDGE('',*,*,#3019,.T.);
#3996=ORIENTED_EDGE('',*,*,#3020,.F.);
#3997=ORIENTED_EDGE('',*,*,#3021,.F.);
#3998=ORIENTED_EDGE('',*,*,#2778,.F.);
#3999=ORIENTED_EDGE('',*,*,#3022,.F.);
#4000=ORIENTED_EDGE('',*,*,#2843,.F.);
#4001=ORIENTED_EDGE('',*,*,#2711,.F.);
#4002=ORIENTED_EDGE('',*,*,#3023,.F.);
#4003=ORIENTED_EDGE('',*,*,#3024,.F.);
#4004=ORIENTED_EDGE('',*,*,#2837,.F.);
#4005=ORIENTED_EDGE('',*,*,#2704,.F.);
#4006=ORIENTED_EDGE('',*,*,#2828,.F.);
#4007=ORIENTED_EDGE('',*,*,#3025,.F.);
#4008=ORIENTED_EDGE('',*,*,#3026,.F.);
#4009=ORIENTED_EDGE('',*,*,#3023,.T.);
#4010=ORIENTED_EDGE('',*,*,#2703,.T.);
#4011=ORIENTED_EDGE('',*,*,#2836,.F.);
#4012=ORIENTED_EDGE('',*,*,#2846,.F.);
#4013=ORIENTED_EDGE('',*,*,#3027,.F.);
#4014=ORIENTED_EDGE('',*,*,#3028,.F.);
#4015=ORIENTED_EDGE('',*,*,#3029,.T.);
#4016=ORIENTED_EDGE('',*,*,#2718,.T.);
#4017=ORIENTED_EDGE('',*,*,#2854,.F.);
#4018=ORIENTED_EDGE('',*,*,#3029,.F.);
#4019=ORIENTED_EDGE('',*,*,#3030,.F.);
#4020=ORIENTED_EDGE('',*,*,#2860,.F.);
#4021=ORIENTED_EDGE('',*,*,#2719,.F.);
#4022=ORIENTED_EDGE('',*,*,#2888,.F.);
#4023=ORIENTED_EDGE('',*,*,#3031,.F.);
#4024=ORIENTED_EDGE('',*,*,#2897,.T.);
#4025=ORIENTED_EDGE('',*,*,#2672,.F.);
#4026=ORIENTED_EDGE('',*,*,#2735,.F.);
#4027=ORIENTED_EDGE('',*,*,#2802,.F.);
#4028=ORIENTED_EDGE('',*,*,#3032,.F.);
#4029=ORIENTED_EDGE('',*,*,#2916,.F.);
#4030=ORIENTED_EDGE('',*,*,#2688,.F.);
#4031=ORIENTED_EDGE('',*,*,#2827,.F.);
#4032=ORIENTED_EDGE('',*,*,#3033,.F.);
#4033=ORIENTED_EDGE('',*,*,#2833,.T.);
#4034=ORIENTED_EDGE('',*,*,#2700,.F.);
#4035=ORIENTED_EDGE('',*,*,#2794,.F.);
#4036=ORIENTED_EDGE('',*,*,#3034,.F.);
#4037=ORIENTED_EDGE('',*,*,#2913,.F.);
#4038=ORIENTED_EDGE('',*,*,#2684,.F.);
#4039=ORIENTED_EDGE('',*,*,#2877,.F.);
#4040=ORIENTED_EDGE('',*,*,#3035,.F.);
#4041=ORIENTED_EDGE('',*,*,#2889,.T.);
#4042=ORIENTED_EDGE('',*,*,#2731,.T.);
#4043=ORIENTED_EDGE('',*,*,#2786,.F.);
#4044=ORIENTED_EDGE('',*,*,#3036,.F.);
#4045=ORIENTED_EDGE('',*,*,#2851,.F.);
#4046=ORIENTED_EDGE('',*,*,#2715,.F.);
#4047=ORIENTED_EDGE('',*,*,#2770,.F.);
#4048=ORIENTED_EDGE('',*,*,#3037,.F.);
#4049=ORIENTED_EDGE('',*,*,#2840,.T.);
#4050=ORIENTED_EDGE('',*,*,#2707,.F.);
#4051=ORIENTED_EDGE('',*,*,#2855,.F.);
#4052=ORIENTED_EDGE('',*,*,#3038,.F.);
#4053=ORIENTED_EDGE('',*,*,#3039,.F.);
#4054=ORIENTED_EDGE('',*,*,#3040,.T.);
#4055=ORIENTED_EDGE('',*,*,#2722,.T.);
#4056=ORIENTED_EDGE('',*,*,#2863,.F.);
#4057=ORIENTED_EDGE('',*,*,#3040,.F.);
#4058=ORIENTED_EDGE('',*,*,#3041,.F.);
#4059=ORIENTED_EDGE('',*,*,#2867,.F.);
#4060=ORIENTED_EDGE('',*,*,#2723,.F.);
#4061=ORIENTED_EDGE('',*,*,#3042,.F.);
#4062=ORIENTED_EDGE('',*,*,#3043,.F.);
#4063=ORIENTED_EDGE('',*,*,#2906,.T.);
#4064=ORIENTED_EDGE('',*,*,#2676,.F.);
#4065=ORIENTED_EDGE('',*,*,#2892,.F.);
#4066=ORIENTED_EDGE('',*,*,#3044,.F.);
#4067=ORIENTED_EDGE('',*,*,#3045,.F.);
#4068=ORIENTED_EDGE('',*,*,#3042,.T.);
#4069=ORIENTED_EDGE('',*,*,#2675,.T.);
#4070=ORIENTED_EDGE('',*,*,#2900,.F.);
#4071=ORIENTED_EDGE('',*,*,#2810,.F.);
#4072=ORIENTED_EDGE('',*,*,#3046,.F.);
#4073=ORIENTED_EDGE('',*,*,#2816,.F.);
#4074=ORIENTED_EDGE('',*,*,#2692,.F.);
#4075=ORIENTED_EDGE('',*,*,#3047,.F.);
#4076=ORIENTED_EDGE('',*,*,#3048,.F.);
#4077=ORIENTED_EDGE('',*,*,#2919,.T.);
#4078=ORIENTED_EDGE('',*,*,#2696,.F.);
#4079=ORIENTED_EDGE('',*,*,#2811,.F.);
#4080=ORIENTED_EDGE('',*,*,#3049,.F.);
#4081=ORIENTED_EDGE('',*,*,#3050,.F.);
#4082=ORIENTED_EDGE('',*,*,#3047,.T.);
#4083=ORIENTED_EDGE('',*,*,#2695,.T.);
#4084=ORIENTED_EDGE('',*,*,#2819,.F.);
#4085=ORIENTED_EDGE('',*,*,#2901,.F.);
#4086=ORIENTED_EDGE('',*,*,#3051,.F.);
#4087=ORIENTED_EDGE('',*,*,#3052,.F.);
#4088=ORIENTED_EDGE('',*,*,#3053,.T.);
#4089=ORIENTED_EDGE('',*,*,#2679,.T.);
#4090=ORIENTED_EDGE('',*,*,#2909,.F.);
#4091=ORIENTED_EDGE('',*,*,#3053,.F.);
#4092=ORIENTED_EDGE('',*,*,#3054,.F.);
#4093=ORIENTED_EDGE('',*,*,#2910,.F.);
#4094=ORIENTED_EDGE('',*,*,#2680,.F.);
#4095=ORIENTED_EDGE('',*,*,#3055,.F.);
#4096=ORIENTED_EDGE('',*,*,#3056,.F.);
#4097=ORIENTED_EDGE('',*,*,#2878,.T.);
#4098=ORIENTED_EDGE('',*,*,#2727,.T.);
#4099=ORIENTED_EDGE('',*,*,#2864,.F.);
#4100=ORIENTED_EDGE('',*,*,#3057,.F.);
#4101=ORIENTED_EDGE('',*,*,#3058,.F.);
#4102=ORIENTED_EDGE('',*,*,#3055,.T.);
#4103=ORIENTED_EDGE('',*,*,#2726,.T.);
#4104=ORIENTED_EDGE('',*,*,#2904,.F.);
#4105=ORIENTED_EDGE('',*,*,#2908,.T.);
#4106=ORIENTED_EDGE('',*,*,#3059,.T.);
#4107=ORIENTED_EDGE('',*,*,#3051,.T.);
#4108=ORIENTED_EDGE('',*,*,#2814,.F.);
#4109=ORIENTED_EDGE('',*,*,#2818,.T.);
#4110=ORIENTED_EDGE('',*,*,#3060,.T.);
#4111=ORIENTED_EDGE('',*,*,#3049,.T.);
#4112=ORIENTED_EDGE('',*,*,#2895,.F.);
#4113=ORIENTED_EDGE('',*,*,#2899,.T.);
#4114=ORIENTED_EDGE('',*,*,#3061,.T.);
#4115=ORIENTED_EDGE('',*,*,#3044,.T.);
#4116=ORIENTED_EDGE('',*,*,#2866,.F.);
#4117=ORIENTED_EDGE('',*,*,#2869,.T.);
#4118=ORIENTED_EDGE('',*,*,#3062,.T.);
#4119=ORIENTED_EDGE('',*,*,#3057,.T.);
#4120=ORIENTED_EDGE('',*,*,#2668,.F.);
#4121=ORIENTED_EDGE('',*,*,#2839,.T.);
#4122=ORIENTED_EDGE('',*,*,#3063,.T.);
#4123=ORIENTED_EDGE('',*,*,#2768,.T.);
#4124=ORIENTED_EDGE('',*,*,#2873,.F.);
#4125=ORIENTED_EDGE('',*,*,#2880,.T.);
#4126=ORIENTED_EDGE('',*,*,#3064,.T.);
#4127=ORIENTED_EDGE('',*,*,#2875,.T.);
#4128=ORIENTED_EDGE('',*,*,#2790,.F.);
#4129=ORIENTED_EDGE('',*,*,#2912,.T.);
#4130=ORIENTED_EDGE('',*,*,#3065,.T.);
#4131=ORIENTED_EDGE('',*,*,#2792,.T.);
#4132=ORIENTED_EDGE('',*,*,#2823,.F.);
#4133=ORIENTED_EDGE('',*,*,#2921,.T.);
#4134=ORIENTED_EDGE('',*,*,#3066,.T.);
#4135=ORIENTED_EDGE('',*,*,#2825,.T.);
#4136=ORIENTED_EDGE('',*,*,#2798,.F.);
#4137=ORIENTED_EDGE('',*,*,#2915,.T.);
#4138=ORIENTED_EDGE('',*,*,#3067,.T.);
#4139=ORIENTED_EDGE('',*,*,#2800,.T.);
#4140=ORIENTED_EDGE('',*,*,#2806,.F.);
#4141=ORIENTED_EDGE('',*,*,#2918,.T.);
#4142=ORIENTED_EDGE('',*,*,#3068,.T.);
#4143=ORIENTED_EDGE('',*,*,#2808,.T.);
#4144=ORIENTED_EDGE('',*,*,#2884,.F.);
#4145=ORIENTED_EDGE('',*,*,#2891,.T.);
#4146=ORIENTED_EDGE('',*,*,#3069,.T.);
#4147=ORIENTED_EDGE('',*,*,#2886,.T.);
#4148=ORIENTED_EDGE('',*,*,#2849,.F.);
#4149=ORIENTED_EDGE('',*,*,#2853,.T.);
#4150=ORIENTED_EDGE('',*,*,#3070,.T.);
#4151=ORIENTED_EDGE('',*,*,#3027,.T.);
#4152=ORIENTED_EDGE('',*,*,#2858,.F.);
#4153=ORIENTED_EDGE('',*,*,#2862,.T.);
#4154=ORIENTED_EDGE('',*,*,#3071,.T.);
#4155=ORIENTED_EDGE('',*,*,#3038,.T.);
#4156=ORIENTED_EDGE('',*,*,#2831,.F.);
#4157=ORIENTED_EDGE('',*,*,#2835,.T.);
#4158=ORIENTED_EDGE('',*,*,#3072,.T.);
#4159=ORIENTED_EDGE('',*,*,#3025,.T.);
#4160=ORIENTED_EDGE('',*,*,#2774,.F.);
#4161=ORIENTED_EDGE('',*,*,#2842,.T.);
#4162=ORIENTED_EDGE('',*,*,#3073,.T.);
#4163=ORIENTED_EDGE('',*,*,#2776,.T.);
#4164=ORIENTED_EDGE('',*,*,#2782,.F.);
#4165=ORIENTED_EDGE('',*,*,#2845,.T.);
#4166=ORIENTED_EDGE('',*,*,#3074,.T.);
#4167=ORIENTED_EDGE('',*,*,#2784,.T.);
#4168=ORIENTED_EDGE('',*,*,#2844,.T.);
#4169=ORIENTED_EDGE('',*,*,#3022,.T.);
#4170=ORIENTED_EDGE('',*,*,#2777,.T.);
#4171=ORIENTED_EDGE('',*,*,#3073,.F.);
#4172=ORIENTED_EDGE('',*,*,#2841,.T.);
#4173=ORIENTED_EDGE('',*,*,#3037,.T.);
#4174=ORIENTED_EDGE('',*,*,#2769,.T.);
#4175=ORIENTED_EDGE('',*,*,#3063,.F.);
#4176=ORIENTED_EDGE('',*,*,#2838,.T.);
#4177=ORIENTED_EDGE('',*,*,#3024,.T.);
#4178=ORIENTED_EDGE('',*,*,#3026,.T.);
#4179=ORIENTED_EDGE('',*,*,#3072,.F.);
#4180=ORIENTED_EDGE('',*,*,#2834,.T.);
#4181=ORIENTED_EDGE('',*,*,#3033,.T.);
#4182=ORIENTED_EDGE('',*,*,#2826,.T.);
#4183=ORIENTED_EDGE('',*,*,#3066,.F.);
#4184=ORIENTED_EDGE('',*,*,#2920,.T.);
#4185=ORIENTED_EDGE('',*,*,#3048,.T.);
#4186=ORIENTED_EDGE('',*,*,#3050,.T.);
#4187=ORIENTED_EDGE('',*,*,#3060,.F.);
#4188=ORIENTED_EDGE('',*,*,#2817,.T.);
#4189=ORIENTED_EDGE('',*,*,#3046,.T.);
#4190=ORIENTED_EDGE('',*,*,#2809,.T.);
#4191=ORIENTED_EDGE('',*,*,#3068,.F.);
#4192=ORIENTED_EDGE('',*,*,#2917,.T.);
#4193=ORIENTED_EDGE('',*,*,#3032,.T.);
#4194=ORIENTED_EDGE('',*,*,#2801,.T.);
#4195=ORIENTED_EDGE('',*,*,#3067,.F.);
#4196=ORIENTED_EDGE('',*,*,#2914,.T.);
#4197=ORIENTED_EDGE('',*,*,#3034,.T.);
#4198=ORIENTED_EDGE('',*,*,#2793,.T.);
#4199=ORIENTED_EDGE('',*,*,#3065,.F.);
#4200=ORIENTED_EDGE('',*,*,#2911,.T.);
#4201=ORIENTED_EDGE('',*,*,#3054,.T.);
#4202=ORIENTED_EDGE('',*,*,#3052,.T.);
#4203=ORIENTED_EDGE('',*,*,#3059,.F.);
#4204=ORIENTED_EDGE('',*,*,#2907,.T.);
#4205=ORIENTED_EDGE('',*,*,#3043,.T.);
#4206=ORIENTED_EDGE('',*,*,#3045,.T.);
#4207=ORIENTED_EDGE('',*,*,#3061,.F.);
#4208=ORIENTED_EDGE('',*,*,#2898,.T.);
#4209=ORIENTED_EDGE('',*,*,#3031,.T.);
#4210=ORIENTED_EDGE('',*,*,#2887,.T.);
#4211=ORIENTED_EDGE('',*,*,#3069,.F.);
#4212=ORIENTED_EDGE('',*,*,#2890,.T.);
#4213=ORIENTED_EDGE('',*,*,#3035,.T.);
#4214=ORIENTED_EDGE('',*,*,#2876,.T.);
#4215=ORIENTED_EDGE('',*,*,#3064,.F.);
#4216=ORIENTED_EDGE('',*,*,#2879,.T.);
#4217=ORIENTED_EDGE('',*,*,#3056,.T.);
#4218=ORIENTED_EDGE('',*,*,#3058,.T.);
#4219=ORIENTED_EDGE('',*,*,#3062,.F.);
#4220=ORIENTED_EDGE('',*,*,#2868,.T.);
#4221=ORIENTED_EDGE('',*,*,#3041,.T.);
#4222=ORIENTED_EDGE('',*,*,#3039,.T.);
#4223=ORIENTED_EDGE('',*,*,#3071,.F.);
#4224=ORIENTED_EDGE('',*,*,#2861,.T.);
#4225=ORIENTED_EDGE('',*,*,#3030,.T.);
#4226=ORIENTED_EDGE('',*,*,#3028,.T.);
#4227=ORIENTED_EDGE('',*,*,#3070,.F.);
#4228=ORIENTED_EDGE('',*,*,#2852,.T.);
#4229=ORIENTED_EDGE('',*,*,#3036,.T.);
#4230=ORIENTED_EDGE('',*,*,#2785,.T.);
#4231=ORIENTED_EDGE('',*,*,#3074,.F.);
#4232=ORIENTED_EDGE('',*,*,#3075,.T.);
#4233=ORIENTED_EDGE('',*,*,#3076,.T.);
#4234=ORIENTED_EDGE('',*,*,#3077,.T.);
#4235=ORIENTED_EDGE('',*,*,#3078,.T.);
#4236=ORIENTED_EDGE('',*,*,#3079,.T.);
#4237=ORIENTED_EDGE('',*,*,#3077,.F.);
#4238=ORIENTED_EDGE('',*,*,#3080,.F.);
#4239=ORIENTED_EDGE('',*,*,#3081,.F.);
#4240=ORIENTED_EDGE('',*,*,#3082,.F.);
#4241=ORIENTED_EDGE('',*,*,#3083,.T.);
#4242=ORIENTED_EDGE('',*,*,#3084,.T.);
#4243=ORIENTED_EDGE('',*,*,#3085,.T.);
#4244=ORIENTED_EDGE('',*,*,#2931,.T.);
#4245=ORIENTED_EDGE('',*,*,#3086,.T.);
#4246=ORIENTED_EDGE('',*,*,#3079,.F.);
#4247=ORIENTED_EDGE('',*,*,#3087,.F.);
#4248=ORIENTED_EDGE('',*,*,#3084,.F.);
#4249=ORIENTED_EDGE('',*,*,#3088,.F.);
#4250=ORIENTED_EDGE('',*,*,#3089,.F.);
#4251=ORIENTED_EDGE('',*,*,#2933,.T.);
#4252=ORIENTED_EDGE('',*,*,#3090,.T.);
#4253=ORIENTED_EDGE('',*,*,#3091,.T.);
#4254=ORIENTED_EDGE('',*,*,#3092,.F.);
#4255=ORIENTED_EDGE('',*,*,#3093,.T.);
#4256=ORIENTED_EDGE('',*,*,#3094,.T.);
#4257=ORIENTED_EDGE('',*,*,#3095,.T.);
#4258=ORIENTED_EDGE('',*,*,#3081,.T.);
#4259=ORIENTED_EDGE('',*,*,#3091,.F.);
#4260=ORIENTED_EDGE('',*,*,#3096,.F.);
#4261=ORIENTED_EDGE('',*,*,#3094,.F.);
#4262=ORIENTED_EDGE('',*,*,#3097,.F.);
#4263=ORIENTED_EDGE('',*,*,#3098,.T.);
#4264=ORIENTED_EDGE('',*,*,#3099,.T.);
#4265=ORIENTED_EDGE('',*,*,#3100,.T.);
#4266=ORIENTED_EDGE('',*,*,#3101,.T.);
#4267=ORIENTED_EDGE('',*,*,#3099,.F.);
#4268=ORIENTED_EDGE('',*,*,#3102,.F.);
#4269=ORIENTED_EDGE('',*,*,#3103,.F.);
#4270=ORIENTED_EDGE('',*,*,#3104,.F.);
#4271=ORIENTED_EDGE('',*,*,#3105,.T.);
#4272=ORIENTED_EDGE('',*,*,#3106,.T.);
#4273=ORIENTED_EDGE('',*,*,#3107,.T.);
#4274=ORIENTED_EDGE('',*,*,#2935,.T.);
#4275=ORIENTED_EDGE('',*,*,#3108,.T.);
#4276=ORIENTED_EDGE('',*,*,#3101,.F.);
#4277=ORIENTED_EDGE('',*,*,#3109,.F.);
#4278=ORIENTED_EDGE('',*,*,#3106,.F.);
#4279=ORIENTED_EDGE('',*,*,#3110,.F.);
#4280=ORIENTED_EDGE('',*,*,#3111,.F.);
#4281=ORIENTED_EDGE('',*,*,#2937,.T.);
#4282=ORIENTED_EDGE('',*,*,#3112,.T.);
#4283=ORIENTED_EDGE('',*,*,#3113,.T.);
#4284=ORIENTED_EDGE('',*,*,#3114,.F.);
#4285=ORIENTED_EDGE('',*,*,#3115,.T.);
#4286=ORIENTED_EDGE('',*,*,#3116,.T.);
#4287=ORIENTED_EDGE('',*,*,#3117,.T.);
#4288=ORIENTED_EDGE('',*,*,#3103,.T.);
#4289=ORIENTED_EDGE('',*,*,#3113,.F.);
#4290=ORIENTED_EDGE('',*,*,#3118,.F.);
#4291=ORIENTED_EDGE('',*,*,#3116,.F.);
#4292=ORIENTED_EDGE('',*,*,#3119,.F.);
#4293=ORIENTED_EDGE('',*,*,#3120,.F.);
#4294=ORIENTED_EDGE('',*,*,#2941,.T.);
#4295=ORIENTED_EDGE('',*,*,#3121,.T.);
#4296=ORIENTED_EDGE('',*,*,#3122,.T.);
#4297=ORIENTED_EDGE('',*,*,#3123,.F.);
#4298=ORIENTED_EDGE('',*,*,#3124,.T.);
#4299=ORIENTED_EDGE('',*,*,#3125,.T.);
#4300=ORIENTED_EDGE('',*,*,#3126,.T.);
#4301=ORIENTED_EDGE('',*,*,#2939,.T.);
#4302=ORIENTED_EDGE('',*,*,#3127,.T.);
#4303=ORIENTED_EDGE('',*,*,#3125,.F.);
#4304=ORIENTED_EDGE('',*,*,#3128,.F.);
#4305=ORIENTED_EDGE('',*,*,#3129,.F.);
#4306=ORIENTED_EDGE('',*,*,#3130,.F.);
#4307=ORIENTED_EDGE('',*,*,#3131,.T.);
#4308=ORIENTED_EDGE('',*,*,#3132,.T.);
#4309=ORIENTED_EDGE('',*,*,#3133,.T.);
#4310=ORIENTED_EDGE('',*,*,#3129,.T.);
#4311=ORIENTED_EDGE('',*,*,#3132,.F.);
#4312=ORIENTED_EDGE('',*,*,#3134,.F.);
#4313=ORIENTED_EDGE('',*,*,#3135,.F.);
#4314=ORIENTED_EDGE('',*,*,#3136,.F.);
#4315=ORIENTED_EDGE('',*,*,#3137,.T.);
#4316=ORIENTED_EDGE('',*,*,#3138,.T.);
#4317=ORIENTED_EDGE('',*,*,#3139,.T.);
#4318=ORIENTED_EDGE('',*,*,#3135,.T.);
#4319=ORIENTED_EDGE('',*,*,#3122,.F.);
#4320=ORIENTED_EDGE('',*,*,#3140,.F.);
#4321=ORIENTED_EDGE('',*,*,#3138,.F.);
#4322=ORIENTED_EDGE('',*,*,#3141,.F.);
#4323=ORIENTED_EDGE('',*,*,#3142,.F.);
#4324=ORIENTED_EDGE('',*,*,#2945,.T.);
#4325=ORIENTED_EDGE('',*,*,#3143,.T.);
#4326=ORIENTED_EDGE('',*,*,#3144,.T.);
#4327=ORIENTED_EDGE('',*,*,#3145,.F.);
#4328=ORIENTED_EDGE('',*,*,#3146,.T.);
#4329=ORIENTED_EDGE('',*,*,#3147,.T.);
#4330=ORIENTED_EDGE('',*,*,#3148,.T.);
#4331=ORIENTED_EDGE('',*,*,#2943,.T.);
#4332=ORIENTED_EDGE('',*,*,#3149,.T.);
#4333=ORIENTED_EDGE('',*,*,#3147,.F.);
#4334=ORIENTED_EDGE('',*,*,#3150,.F.);
#4335=ORIENTED_EDGE('',*,*,#3151,.F.);
#4336=ORIENTED_EDGE('',*,*,#3152,.F.);
#4337=ORIENTED_EDGE('',*,*,#3153,.T.);
#4338=ORIENTED_EDGE('',*,*,#3154,.T.);
#4339=ORIENTED_EDGE('',*,*,#3155,.T.);
#4340=ORIENTED_EDGE('',*,*,#3151,.T.);
#4341=ORIENTED_EDGE('',*,*,#3154,.F.);
#4342=ORIENTED_EDGE('',*,*,#3156,.F.);
#4343=ORIENTED_EDGE('',*,*,#3157,.F.);
#4344=ORIENTED_EDGE('',*,*,#3158,.F.);
#4345=ORIENTED_EDGE('',*,*,#3159,.T.);
#4346=ORIENTED_EDGE('',*,*,#3160,.T.);
#4347=ORIENTED_EDGE('',*,*,#3161,.T.);
#4348=ORIENTED_EDGE('',*,*,#3157,.T.);
#4349=ORIENTED_EDGE('',*,*,#3144,.F.);
#4350=ORIENTED_EDGE('',*,*,#3162,.F.);
#4351=ORIENTED_EDGE('',*,*,#3160,.F.);
#4352=ORIENTED_EDGE('',*,*,#3163,.F.);
#4353=ORIENTED_EDGE('',*,*,#3164,.T.);
#4354=ORIENTED_EDGE('',*,*,#3165,.T.);
#4355=ORIENTED_EDGE('',*,*,#3166,.T.);
#4356=ORIENTED_EDGE('',*,*,#3167,.T.);
#4357=ORIENTED_EDGE('',*,*,#3165,.F.);
#4358=ORIENTED_EDGE('',*,*,#3168,.F.);
#4359=ORIENTED_EDGE('',*,*,#3169,.F.);
#4360=ORIENTED_EDGE('',*,*,#3170,.F.);
#4361=ORIENTED_EDGE('',*,*,#3171,.T.);
#4362=ORIENTED_EDGE('',*,*,#3172,.T.);
#4363=ORIENTED_EDGE('',*,*,#3173,.T.);
#4364=ORIENTED_EDGE('',*,*,#3174,.T.);
#4365=ORIENTED_EDGE('',*,*,#3167,.F.);
#4366=ORIENTED_EDGE('',*,*,#3175,.F.);
#4367=ORIENTED_EDGE('',*,*,#3172,.F.);
#4368=ORIENTED_EDGE('',*,*,#3176,.F.);
#4369=ORIENTED_EDGE('',*,*,#3177,.T.);
#4370=ORIENTED_EDGE('',*,*,#3178,.T.);
#4371=ORIENTED_EDGE('',*,*,#3179,.T.);
#4372=ORIENTED_EDGE('',*,*,#2947,.T.);
#4373=ORIENTED_EDGE('',*,*,#3180,.T.);
#4374=ORIENTED_EDGE('',*,*,#3174,.F.);
#4375=ORIENTED_EDGE('',*,*,#3181,.F.);
#4376=ORIENTED_EDGE('',*,*,#3178,.F.);
#4377=ORIENTED_EDGE('',*,*,#3182,.F.);
#4378=ORIENTED_EDGE('',*,*,#3183,.F.);
#4379=ORIENTED_EDGE('',*,*,#2949,.T.);
#4380=ORIENTED_EDGE('',*,*,#3184,.T.);
#4381=ORIENTED_EDGE('',*,*,#3169,.T.);
#4382=ORIENTED_EDGE('',*,*,#3185,.F.);
#4383=ORIENTED_EDGE('',*,*,#3186,.T.);
#4384=ORIENTED_EDGE('',*,*,#3187,.T.);
#4385=ORIENTED_EDGE('',*,*,#3188,.T.);
#4386=ORIENTED_EDGE('',*,*,#3189,.T.);
#4387=ORIENTED_EDGE('',*,*,#3187,.F.);
#4388=ORIENTED_EDGE('',*,*,#3190,.F.);
#4389=ORIENTED_EDGE('',*,*,#3191,.F.);
#4390=ORIENTED_EDGE('',*,*,#3192,.F.);
#4391=ORIENTED_EDGE('',*,*,#3193,.T.);
#4392=ORIENTED_EDGE('',*,*,#3194,.T.);
#4393=ORIENTED_EDGE('',*,*,#3195,.T.);
#4394=ORIENTED_EDGE('',*,*,#3191,.T.);
#4395=ORIENTED_EDGE('',*,*,#3194,.F.);
#4396=ORIENTED_EDGE('',*,*,#3196,.F.);
#4397=ORIENTED_EDGE('',*,*,#3197,.F.);
#4398=ORIENTED_EDGE('',*,*,#3198,.F.);
#4399=ORIENTED_EDGE('',*,*,#3199,.F.);
#4400=ORIENTED_EDGE('',*,*,#2953,.T.);
#4401=ORIENTED_EDGE('',*,*,#3200,.T.);
#4402=ORIENTED_EDGE('',*,*,#3197,.T.);
#4403=ORIENTED_EDGE('',*,*,#3201,.F.);
#4404=ORIENTED_EDGE('',*,*,#3202,.T.);
#4405=ORIENTED_EDGE('',*,*,#3203,.T.);
#4406=ORIENTED_EDGE('',*,*,#3204,.T.);
#4407=ORIENTED_EDGE('',*,*,#2951,.T.);
#4408=ORIENTED_EDGE('',*,*,#3205,.T.);
#4409=ORIENTED_EDGE('',*,*,#3189,.F.);
#4410=ORIENTED_EDGE('',*,*,#3206,.F.);
#4411=ORIENTED_EDGE('',*,*,#3203,.F.);
#4412=ORIENTED_EDGE('',*,*,#3207,.F.);
#4413=ORIENTED_EDGE('',*,*,#3208,.T.);
#4414=ORIENTED_EDGE('',*,*,#3209,.T.);
#4415=ORIENTED_EDGE('',*,*,#3210,.T.);
#4416=ORIENTED_EDGE('',*,*,#3211,.T.);
#4417=ORIENTED_EDGE('',*,*,#3209,.F.);
#4418=ORIENTED_EDGE('',*,*,#3212,.F.);
#4419=ORIENTED_EDGE('',*,*,#3213,.F.);
#4420=ORIENTED_EDGE('',*,*,#3214,.F.);
#4421=ORIENTED_EDGE('',*,*,#3215,.T.);
#4422=ORIENTED_EDGE('',*,*,#3216,.T.);
#4423=ORIENTED_EDGE('',*,*,#3217,.T.);
#4424=ORIENTED_EDGE('',*,*,#3213,.T.);
#4425=ORIENTED_EDGE('',*,*,#3216,.F.);
#4426=ORIENTED_EDGE('',*,*,#3218,.F.);
#4427=ORIENTED_EDGE('',*,*,#3219,.F.);
#4428=ORIENTED_EDGE('',*,*,#3220,.F.);
#4429=ORIENTED_EDGE('',*,*,#3221,.F.);
#4430=ORIENTED_EDGE('',*,*,#2957,.T.);
#4431=ORIENTED_EDGE('',*,*,#3222,.T.);
#4432=ORIENTED_EDGE('',*,*,#3219,.T.);
#4433=ORIENTED_EDGE('',*,*,#3223,.F.);
#4434=ORIENTED_EDGE('',*,*,#3224,.T.);
#4435=ORIENTED_EDGE('',*,*,#3225,.T.);
#4436=ORIENTED_EDGE('',*,*,#3226,.T.);
#4437=ORIENTED_EDGE('',*,*,#2955,.T.);
#4438=ORIENTED_EDGE('',*,*,#3227,.T.);
#4439=ORIENTED_EDGE('',*,*,#3211,.F.);
#4440=ORIENTED_EDGE('',*,*,#3228,.F.);
#4441=ORIENTED_EDGE('',*,*,#3225,.F.);
#4442=ORIENTED_EDGE('',*,*,#3229,.F.);
#4443=ORIENTED_EDGE('',*,*,#3230,.T.);
#4444=ORIENTED_EDGE('',*,*,#3231,.T.);
#4445=ORIENTED_EDGE('',*,*,#3232,.T.);
#4446=ORIENTED_EDGE('',*,*,#3233,.T.);
#4447=ORIENTED_EDGE('',*,*,#3231,.F.);
#4448=ORIENTED_EDGE('',*,*,#3234,.F.);
#4449=ORIENTED_EDGE('',*,*,#3235,.F.);
#4450=ORIENTED_EDGE('',*,*,#3236,.F.);
#4451=ORIENTED_EDGE('',*,*,#3237,.T.);
#4452=ORIENTED_EDGE('',*,*,#3238,.T.);
#4453=ORIENTED_EDGE('',*,*,#3239,.T.);
#4454=ORIENTED_EDGE('',*,*,#2959,.T.);
#4455=ORIENTED_EDGE('',*,*,#3240,.T.);
#4456=ORIENTED_EDGE('',*,*,#3233,.F.);
#4457=ORIENTED_EDGE('',*,*,#3241,.F.);
#4458=ORIENTED_EDGE('',*,*,#3238,.F.);
#4459=ORIENTED_EDGE('',*,*,#3242,.F.);
#4460=ORIENTED_EDGE('',*,*,#3243,.T.);
#4461=ORIENTED_EDGE('',*,*,#3244,.T.);
#4462=ORIENTED_EDGE('',*,*,#3245,.T.);
#4463=ORIENTED_EDGE('',*,*,#3235,.T.);
#4464=ORIENTED_EDGE('',*,*,#3244,.F.);
#4465=ORIENTED_EDGE('',*,*,#3246,.F.);
#4466=ORIENTED_EDGE('',*,*,#3247,.F.);
#4467=ORIENTED_EDGE('',*,*,#3248,.F.);
#4468=ORIENTED_EDGE('',*,*,#3249,.F.);
#4469=ORIENTED_EDGE('',*,*,#2961,.T.);
#4470=ORIENTED_EDGE('',*,*,#3250,.T.);
#4471=ORIENTED_EDGE('',*,*,#3247,.T.);
#4472=ORIENTED_EDGE('',*,*,#3251,.F.);
#4473=ORIENTED_EDGE('',*,*,#3252,.T.);
#4474=ORIENTED_EDGE('',*,*,#3253,.T.);
#4475=ORIENTED_EDGE('',*,*,#3254,.T.);
#4476=ORIENTED_EDGE('',*,*,#3003,.T.);
#4477=ORIENTED_EDGE('',*,*,#3255,.T.);
#4478=ORIENTED_EDGE('',*,*,#3253,.F.);
#4479=ORIENTED_EDGE('',*,*,#3256,.F.);
#4480=ORIENTED_EDGE('',*,*,#3257,.F.);
#4481=ORIENTED_EDGE('',*,*,#3258,.F.);
#4482=ORIENTED_EDGE('',*,*,#3259,.T.);
#4483=ORIENTED_EDGE('',*,*,#3260,.T.);
#4484=ORIENTED_EDGE('',*,*,#3261,.T.);
#4485=ORIENTED_EDGE('',*,*,#3257,.T.);
#4486=ORIENTED_EDGE('',*,*,#3260,.F.);
#4487=ORIENTED_EDGE('',*,*,#3262,.F.);
#4488=ORIENTED_EDGE('',*,*,#3263,.F.);
#4489=ORIENTED_EDGE('',*,*,#3264,.F.);
#4490=ORIENTED_EDGE('',*,*,#3265,.T.);
#4491=ORIENTED_EDGE('',*,*,#3266,.T.);
#4492=ORIENTED_EDGE('',*,*,#3267,.T.);
#4493=ORIENTED_EDGE('',*,*,#3263,.T.);
#4494=ORIENTED_EDGE('',*,*,#3266,.F.);
#4495=ORIENTED_EDGE('',*,*,#3268,.F.);
#4496=ORIENTED_EDGE('',*,*,#3269,.F.);
#4497=ORIENTED_EDGE('',*,*,#3270,.F.);
#4498=ORIENTED_EDGE('',*,*,#3271,.F.);
#4499=ORIENTED_EDGE('',*,*,#3005,.T.);
#4500=ORIENTED_EDGE('',*,*,#3272,.T.);
#4501=ORIENTED_EDGE('',*,*,#3269,.T.);
#4502=ORIENTED_EDGE('',*,*,#3273,.F.);
#4503=ORIENTED_EDGE('',*,*,#3274,.T.);
#4504=ORIENTED_EDGE('',*,*,#3275,.T.);
#4505=ORIENTED_EDGE('',*,*,#3276,.T.);
#4506=ORIENTED_EDGE('',*,*,#3007,.T.);
#4507=ORIENTED_EDGE('',*,*,#3277,.T.);
#4508=ORIENTED_EDGE('',*,*,#3275,.F.);
#4509=ORIENTED_EDGE('',*,*,#3278,.F.);
#4510=ORIENTED_EDGE('',*,*,#3279,.F.);
#4511=ORIENTED_EDGE('',*,*,#3280,.F.);
#4512=ORIENTED_EDGE('',*,*,#3281,.T.);
#4513=ORIENTED_EDGE('',*,*,#3282,.T.);
#4514=ORIENTED_EDGE('',*,*,#3283,.T.);
#4515=ORIENTED_EDGE('',*,*,#3279,.T.);
#4516=ORIENTED_EDGE('',*,*,#3282,.F.);
#4517=ORIENTED_EDGE('',*,*,#3284,.F.);
#4518=ORIENTED_EDGE('',*,*,#3285,.F.);
#4519=ORIENTED_EDGE('',*,*,#3286,.F.);
#4520=ORIENTED_EDGE('',*,*,#3287,.T.);
#4521=ORIENTED_EDGE('',*,*,#3288,.T.);
#4522=ORIENTED_EDGE('',*,*,#3289,.T.);
#4523=ORIENTED_EDGE('',*,*,#3285,.T.);
#4524=ORIENTED_EDGE('',*,*,#3288,.F.);
#4525=ORIENTED_EDGE('',*,*,#3290,.F.);
#4526=ORIENTED_EDGE('',*,*,#3291,.F.);
#4527=ORIENTED_EDGE('',*,*,#3292,.F.);
#4528=ORIENTED_EDGE('',*,*,#3293,.F.);
#4529=ORIENTED_EDGE('',*,*,#3009,.T.);
#4530=ORIENTED_EDGE('',*,*,#3294,.T.);
#4531=ORIENTED_EDGE('',*,*,#3291,.T.);
#4532=ORIENTED_EDGE('',*,*,#3295,.F.);
#4533=ORIENTED_EDGE('',*,*,#3296,.T.);
#4534=ORIENTED_EDGE('',*,*,#3297,.T.);
#4535=ORIENTED_EDGE('',*,*,#3298,.T.);
#4536=ORIENTED_EDGE('',*,*,#3011,.T.);
#4537=ORIENTED_EDGE('',*,*,#3299,.T.);
#4538=ORIENTED_EDGE('',*,*,#3297,.F.);
#4539=ORIENTED_EDGE('',*,*,#3300,.F.);
#4540=ORIENTED_EDGE('',*,*,#3301,.F.);
#4541=ORIENTED_EDGE('',*,*,#3302,.F.);
#4542=ORIENTED_EDGE('',*,*,#3303,.T.);
#4543=ORIENTED_EDGE('',*,*,#3304,.T.);
#4544=ORIENTED_EDGE('',*,*,#3305,.T.);
#4545=ORIENTED_EDGE('',*,*,#3301,.T.);
#4546=ORIENTED_EDGE('',*,*,#3304,.F.);
#4547=ORIENTED_EDGE('',*,*,#3306,.F.);
#4548=ORIENTED_EDGE('',*,*,#3307,.F.);
#4549=ORIENTED_EDGE('',*,*,#3308,.F.);
#4550=ORIENTED_EDGE('',*,*,#3309,.T.);
#4551=ORIENTED_EDGE('',*,*,#3310,.T.);
#4552=ORIENTED_EDGE('',*,*,#3311,.T.);
#4553=ORIENTED_EDGE('',*,*,#3307,.T.);
#4554=ORIENTED_EDGE('',*,*,#3310,.F.);
#4555=ORIENTED_EDGE('',*,*,#3312,.F.);
#4556=ORIENTED_EDGE('',*,*,#3313,.F.);
#4557=ORIENTED_EDGE('',*,*,#3314,.F.);
#4558=ORIENTED_EDGE('',*,*,#3315,.F.);
#4559=ORIENTED_EDGE('',*,*,#3013,.T.);
#4560=ORIENTED_EDGE('',*,*,#3316,.T.);
#4561=ORIENTED_EDGE('',*,*,#3313,.T.);
#4562=ORIENTED_EDGE('',*,*,#3317,.F.);
#4563=ORIENTED_EDGE('',*,*,#3318,.T.);
#4564=ORIENTED_EDGE('',*,*,#3319,.T.);
#4565=ORIENTED_EDGE('',*,*,#3320,.T.);
#4566=ORIENTED_EDGE('',*,*,#3321,.T.);
#4567=ORIENTED_EDGE('',*,*,#3319,.F.);
#4568=ORIENTED_EDGE('',*,*,#3322,.F.);
#4569=ORIENTED_EDGE('',*,*,#3323,.F.);
#4570=ORIENTED_EDGE('',*,*,#3324,.F.);
#4571=ORIENTED_EDGE('',*,*,#3325,.T.);
#4572=ORIENTED_EDGE('',*,*,#3326,.T.);
#4573=ORIENTED_EDGE('',*,*,#3327,.T.);
#4574=ORIENTED_EDGE('',*,*,#3323,.T.);
#4575=ORIENTED_EDGE('',*,*,#3326,.F.);
#4576=ORIENTED_EDGE('',*,*,#3328,.F.);
#4577=ORIENTED_EDGE('',*,*,#3329,.F.);
#4578=ORIENTED_EDGE('',*,*,#3330,.F.);
#4579=ORIENTED_EDGE('',*,*,#3331,.F.);
#4580=ORIENTED_EDGE('',*,*,#3017,.T.);
#4581=ORIENTED_EDGE('',*,*,#3332,.T.);
#4582=ORIENTED_EDGE('',*,*,#3329,.T.);
#4583=ORIENTED_EDGE('',*,*,#3333,.F.);
#4584=ORIENTED_EDGE('',*,*,#3334,.T.);
#4585=ORIENTED_EDGE('',*,*,#3335,.T.);
#4586=ORIENTED_EDGE('',*,*,#3336,.T.);
#4587=ORIENTED_EDGE('',*,*,#3015,.T.);
#4588=ORIENTED_EDGE('',*,*,#3337,.T.);
#4589=ORIENTED_EDGE('',*,*,#3321,.F.);
#4590=ORIENTED_EDGE('',*,*,#3338,.F.);
#4591=ORIENTED_EDGE('',*,*,#3335,.F.);
#4592=ORIENTED_EDGE('',*,*,#3339,.F.);
#4593=ORIENTED_EDGE('',*,*,#3340,.F.);
#4594=ORIENTED_EDGE('',*,*,#3341,.T.);
#4595=ORIENTED_EDGE('',*,*,#3342,.F.);
#4596=ORIENTED_EDGE('',*,*,#2928,.F.);
#4597=ORIENTED_EDGE('',*,*,#3343,.F.);
#4598=ORIENTED_EDGE('',*,*,#3344,.T.);
#4599=ORIENTED_EDGE('',*,*,#3345,.F.);
#4600=ORIENTED_EDGE('',*,*,#3341,.F.);
#4601=ORIENTED_EDGE('',*,*,#3346,.F.);
#4602=ORIENTED_EDGE('',*,*,#2930,.T.);
#4603=ORIENTED_EDGE('',*,*,#3347,.F.);
#4604=ORIENTED_EDGE('',*,*,#3344,.F.);
#4605=ORIENTED_EDGE('',*,*,#3347,.T.);
#4606=ORIENTED_EDGE('',*,*,#2929,.T.);
#4607=ORIENTED_EDGE('',*,*,#3342,.T.);
#4608=ORIENTED_EDGE('',*,*,#3345,.T.);
#4609=ORIENTED_EDGE('',*,*,#3348,.F.);
#4610=ORIENTED_EDGE('',*,*,#2924,.T.);
#4611=ORIENTED_EDGE('',*,*,#3349,.F.);
#4612=ORIENTED_EDGE('',*,*,#3350,.F.);
#4613=ORIENTED_EDGE('',*,*,#3351,.T.);
#4614=ORIENTED_EDGE('',*,*,#3352,.T.);
#4615=ORIENTED_EDGE('',*,*,#3349,.T.);
#4616=ORIENTED_EDGE('',*,*,#2923,.T.);
#4617=ORIENTED_EDGE('',*,*,#3353,.F.);
#4618=ORIENTED_EDGE('',*,*,#3350,.T.);
#4619=ORIENTED_EDGE('',*,*,#3352,.F.);
#4620=ORIENTED_EDGE('',*,*,#3354,.F.);
#4621=ORIENTED_EDGE('',*,*,#3355,.F.);
#4622=ORIENTED_EDGE('',*,*,#3354,.T.);
#4623=ORIENTED_EDGE('',*,*,#3351,.F.);
#4624=ORIENTED_EDGE('',*,*,#2922,.F.);
#4625=ORIENTED_EDGE('',*,*,#3356,.F.);
#4626=ORIENTED_EDGE('',*,*,#3357,.T.);
#4627=ORIENTED_EDGE('',*,*,#3358,.F.);
#4628=ORIENTED_EDGE('',*,*,#3019,.F.);
#4629=ORIENTED_EDGE('',*,*,#3359,.F.);
#4630=ORIENTED_EDGE('',*,*,#3360,.T.);
#4631=ORIENTED_EDGE('',*,*,#3361,.F.);
#4632=ORIENTED_EDGE('',*,*,#3357,.F.);
#4633=ORIENTED_EDGE('',*,*,#3362,.F.);
#4634=ORIENTED_EDGE('',*,*,#3021,.T.);
#4635=ORIENTED_EDGE('',*,*,#3363,.F.);
#4636=ORIENTED_EDGE('',*,*,#3360,.F.);
#4637=ORIENTED_EDGE('',*,*,#3363,.T.);
#4638=ORIENTED_EDGE('',*,*,#3020,.T.);
#4639=ORIENTED_EDGE('',*,*,#3358,.T.);
#4640=ORIENTED_EDGE('',*,*,#3361,.T.);
#4641=ORIENTED_EDGE('',*,*,#3364,.F.);
#4642=ORIENTED_EDGE('',*,*,#3365,.T.);
#4643=ORIENTED_EDGE('',*,*,#3366,.F.);
#4644=ORIENTED_EDGE('',*,*,#3367,.F.);
#4645=ORIENTED_EDGE('',*,*,#3368,.F.);
#4646=ORIENTED_EDGE('',*,*,#3367,.T.);
#4647=ORIENTED_EDGE('',*,*,#3369,.F.);
#4648=ORIENTED_EDGE('',*,*,#2925,.F.);
#4649=ORIENTED_EDGE('',*,*,#3370,.T.);
#4650=ORIENTED_EDGE('',*,*,#2926,.T.);
#4651=ORIENTED_EDGE('',*,*,#3369,.T.);
#4652=ORIENTED_EDGE('',*,*,#3366,.T.);
#4653=ORIENTED_EDGE('',*,*,#3371,.F.);
#4654=ORIENTED_EDGE('',*,*,#2927,.T.);
#4655=ORIENTED_EDGE('',*,*,#3370,.F.);
#4656=ORIENTED_EDGE('',*,*,#3365,.F.);
#4657=ORIENTED_EDGE('',*,*,#3372,.F.);
#4658=ORIENTED_EDGE('',*,*,#3373,.F.);
#4659=ORIENTED_EDGE('',*,*,#3374,.F.);
#4660=ORIENTED_EDGE('',*,*,#3375,.T.);
#4661=ORIENTED_EDGE('',*,*,#3376,.F.);
#4662=ORIENTED_EDGE('',*,*,#2981,.F.);
#4663=ORIENTED_EDGE('',*,*,#3377,.F.);
#4664=ORIENTED_EDGE('',*,*,#3373,.T.);
#4665=ORIENTED_EDGE('',*,*,#3378,.F.);
#4666=ORIENTED_EDGE('',*,*,#3375,.F.);
#4667=ORIENTED_EDGE('',*,*,#3379,.F.);
#4668=ORIENTED_EDGE('',*,*,#2980,.T.);
#4669=ORIENTED_EDGE('',*,*,#3380,.F.);
#4670=ORIENTED_EDGE('',*,*,#3381,.T.);
#4671=ORIENTED_EDGE('',*,*,#3382,.F.);
#4672=ORIENTED_EDGE('',*,*,#3383,.F.);
#4673=ORIENTED_EDGE('',*,*,#3384,.F.);
#4674=ORIENTED_EDGE('',*,*,#3383,.T.);
#4675=ORIENTED_EDGE('',*,*,#3385,.F.);
#4676=ORIENTED_EDGE('',*,*,#2975,.F.);
#4677=ORIENTED_EDGE('',*,*,#3386,.F.);
#4678=ORIENTED_EDGE('',*,*,#2974,.T.);
#4679=ORIENTED_EDGE('',*,*,#3387,.F.);
#4680=ORIENTED_EDGE('',*,*,#3381,.F.);
#4681=ORIENTED_EDGE('',*,*,#3388,.F.);
#4682=ORIENTED_EDGE('',*,*,#3389,.F.);
#4683=ORIENTED_EDGE('',*,*,#3390,.F.);
#4684=ORIENTED_EDGE('',*,*,#3391,.T.);
#4685=ORIENTED_EDGE('',*,*,#3392,.F.);
#4686=ORIENTED_EDGE('',*,*,#2988,.F.);
#4687=ORIENTED_EDGE('',*,*,#3393,.F.);
#4688=ORIENTED_EDGE('',*,*,#3389,.T.);
#4689=ORIENTED_EDGE('',*,*,#3394,.F.);
#4690=ORIENTED_EDGE('',*,*,#3391,.F.);
#4691=ORIENTED_EDGE('',*,*,#3395,.F.);
#4692=ORIENTED_EDGE('',*,*,#2987,.T.);
#4693=ORIENTED_EDGE('',*,*,#3396,.F.);
#4694=ORIENTED_EDGE('',*,*,#3397,.T.);
#4695=ORIENTED_EDGE('',*,*,#3398,.F.);
#4696=ORIENTED_EDGE('',*,*,#3399,.F.);
#4697=ORIENTED_EDGE('',*,*,#3400,.F.);
#4698=ORIENTED_EDGE('',*,*,#3399,.T.);
#4699=ORIENTED_EDGE('',*,*,#3401,.F.);
#4700=ORIENTED_EDGE('',*,*,#3000,.F.);
#4701=ORIENTED_EDGE('',*,*,#3402,.F.);
#4702=ORIENTED_EDGE('',*,*,#2999,.T.);
#4703=ORIENTED_EDGE('',*,*,#3403,.F.);
#4704=ORIENTED_EDGE('',*,*,#3397,.F.);
#4705=ORIENTED_EDGE('',*,*,#3404,.F.);
#4706=ORIENTED_EDGE('',*,*,#3405,.F.);
#4707=ORIENTED_EDGE('',*,*,#3406,.F.);
#4708=ORIENTED_EDGE('',*,*,#3407,.T.);
#4709=ORIENTED_EDGE('',*,*,#3408,.F.);
#4710=ORIENTED_EDGE('',*,*,#2972,.F.);
#4711=ORIENTED_EDGE('',*,*,#3409,.F.);
#4712=ORIENTED_EDGE('',*,*,#3405,.T.);
#4713=ORIENTED_EDGE('',*,*,#3410,.F.);
#4714=ORIENTED_EDGE('',*,*,#3407,.F.);
#4715=ORIENTED_EDGE('',*,*,#3411,.F.);
#4716=ORIENTED_EDGE('',*,*,#2971,.T.);
#4717=ORIENTED_EDGE('',*,*,#3412,.F.);
#4718=ORIENTED_EDGE('',*,*,#3413,.T.);
#4719=ORIENTED_EDGE('',*,*,#3414,.F.);
#4720=ORIENTED_EDGE('',*,*,#3415,.F.);
#4721=ORIENTED_EDGE('',*,*,#3416,.F.);
#4722=ORIENTED_EDGE('',*,*,#3415,.T.);
#4723=ORIENTED_EDGE('',*,*,#3417,.F.);
#4724=ORIENTED_EDGE('',*,*,#2997,.F.);
#4725=ORIENTED_EDGE('',*,*,#3418,.F.);
#4726=ORIENTED_EDGE('',*,*,#2996,.T.);
#4727=ORIENTED_EDGE('',*,*,#3419,.F.);
#4728=ORIENTED_EDGE('',*,*,#3413,.F.);
#4729=ORIENTED_EDGE('',*,*,#3420,.F.);
#4730=ORIENTED_EDGE('',*,*,#3421,.F.);
#4731=ORIENTED_EDGE('',*,*,#3422,.F.);
#4732=ORIENTED_EDGE('',*,*,#3423,.T.);
#4733=ORIENTED_EDGE('',*,*,#3424,.F.);
#4734=ORIENTED_EDGE('',*,*,#2985,.F.);
#4735=ORIENTED_EDGE('',*,*,#3425,.F.);
#4736=ORIENTED_EDGE('',*,*,#3421,.T.);
#4737=ORIENTED_EDGE('',*,*,#3426,.F.);
#4738=ORIENTED_EDGE('',*,*,#3423,.F.);
#4739=ORIENTED_EDGE('',*,*,#3427,.F.);
#4740=ORIENTED_EDGE('',*,*,#2984,.T.);
#4741=ORIENTED_EDGE('',*,*,#3428,.F.);
#4742=ORIENTED_EDGE('',*,*,#3429,.T.);
#4743=ORIENTED_EDGE('',*,*,#3430,.F.);
#4744=ORIENTED_EDGE('',*,*,#3431,.F.);
#4745=ORIENTED_EDGE('',*,*,#3432,.F.);
#4746=ORIENTED_EDGE('',*,*,#3431,.T.);
#4747=ORIENTED_EDGE('',*,*,#3433,.F.);
#4748=ORIENTED_EDGE('',*,*,#2978,.F.);
#4749=ORIENTED_EDGE('',*,*,#3434,.F.);
#4750=ORIENTED_EDGE('',*,*,#2977,.T.);
#4751=ORIENTED_EDGE('',*,*,#3435,.F.);
#4752=ORIENTED_EDGE('',*,*,#3429,.F.);
#4753=ORIENTED_EDGE('',*,*,#3436,.F.);
#4754=ORIENTED_EDGE('',*,*,#3437,.F.);
#4755=ORIENTED_EDGE('',*,*,#3438,.F.);
#4756=ORIENTED_EDGE('',*,*,#3439,.T.);
#4757=ORIENTED_EDGE('',*,*,#3440,.F.);
#4758=ORIENTED_EDGE('',*,*,#2991,.F.);
#4759=ORIENTED_EDGE('',*,*,#3441,.F.);
#4760=ORIENTED_EDGE('',*,*,#3437,.T.);
#4761=ORIENTED_EDGE('',*,*,#3442,.F.);
#4762=ORIENTED_EDGE('',*,*,#3439,.F.);
#4763=ORIENTED_EDGE('',*,*,#3443,.F.);
#4764=ORIENTED_EDGE('',*,*,#2990,.T.);
#4765=ORIENTED_EDGE('',*,*,#3444,.F.);
#4766=ORIENTED_EDGE('',*,*,#3445,.T.);
#4767=ORIENTED_EDGE('',*,*,#3446,.F.);
#4768=ORIENTED_EDGE('',*,*,#3447,.F.);
#4769=ORIENTED_EDGE('',*,*,#3448,.F.);
#4770=ORIENTED_EDGE('',*,*,#3447,.T.);
#4771=ORIENTED_EDGE('',*,*,#3449,.F.);
#4772=ORIENTED_EDGE('',*,*,#2966,.F.);
#4773=ORIENTED_EDGE('',*,*,#3450,.F.);
#4774=ORIENTED_EDGE('',*,*,#2965,.T.);
#4775=ORIENTED_EDGE('',*,*,#3451,.F.);
#4776=ORIENTED_EDGE('',*,*,#3445,.F.);
#4777=ORIENTED_EDGE('',*,*,#3452,.F.);
#4778=ORIENTED_EDGE('',*,*,#3453,.F.);
#4779=ORIENTED_EDGE('',*,*,#3454,.F.);
#4780=ORIENTED_EDGE('',*,*,#3455,.T.);
#4781=ORIENTED_EDGE('',*,*,#3456,.F.);
#4782=ORIENTED_EDGE('',*,*,#2969,.F.);
#4783=ORIENTED_EDGE('',*,*,#3457,.F.);
#4784=ORIENTED_EDGE('',*,*,#3453,.T.);
#4785=ORIENTED_EDGE('',*,*,#3458,.F.);
#4786=ORIENTED_EDGE('',*,*,#3455,.F.);
#4787=ORIENTED_EDGE('',*,*,#3459,.F.);
#4788=ORIENTED_EDGE('',*,*,#2968,.T.);
#4789=ORIENTED_EDGE('',*,*,#3460,.F.);
#4790=ORIENTED_EDGE('',*,*,#3461,.T.);
#4791=ORIENTED_EDGE('',*,*,#3462,.F.);
#4792=ORIENTED_EDGE('',*,*,#3463,.F.);
#4793=ORIENTED_EDGE('',*,*,#3464,.F.);
#4794=ORIENTED_EDGE('',*,*,#3463,.T.);
#4795=ORIENTED_EDGE('',*,*,#3465,.F.);
#4796=ORIENTED_EDGE('',*,*,#2994,.F.);
#4797=ORIENTED_EDGE('',*,*,#3466,.F.);
#4798=ORIENTED_EDGE('',*,*,#2993,.T.);
#4799=ORIENTED_EDGE('',*,*,#3467,.F.);
#4800=ORIENTED_EDGE('',*,*,#3461,.F.);
#4801=ORIENTED_EDGE('',*,*,#3468,.F.);
#4802=ORIENTED_EDGE('',*,*,#3141,.T.);
#4803=ORIENTED_EDGE('',*,*,#3137,.F.);
#4804=ORIENTED_EDGE('',*,*,#3134,.T.);
#4805=ORIENTED_EDGE('',*,*,#3131,.F.);
#4806=ORIENTED_EDGE('',*,*,#3128,.T.);
#4807=ORIENTED_EDGE('',*,*,#3124,.F.);
#4808=ORIENTED_EDGE('',*,*,#3469,.T.);
#4809=ORIENTED_EDGE('',*,*,#3114,.T.);
#4810=ORIENTED_EDGE('',*,*,#3119,.T.);
#4811=ORIENTED_EDGE('',*,*,#3115,.F.);
#4812=ORIENTED_EDGE('',*,*,#3102,.T.);
#4813=ORIENTED_EDGE('',*,*,#3098,.F.);
#4814=ORIENTED_EDGE('',*,*,#3110,.T.);
#4815=ORIENTED_EDGE('',*,*,#3105,.F.);
#4816=ORIENTED_EDGE('',*,*,#3470,.T.);
#4817=ORIENTED_EDGE('',*,*,#3092,.T.);
#4818=ORIENTED_EDGE('',*,*,#3097,.T.);
#4819=ORIENTED_EDGE('',*,*,#3093,.F.);
#4820=ORIENTED_EDGE('',*,*,#3080,.T.);
#4821=ORIENTED_EDGE('',*,*,#3076,.F.);
#4822=ORIENTED_EDGE('',*,*,#3088,.T.);
#4823=ORIENTED_EDGE('',*,*,#3083,.F.);
#4824=ORIENTED_EDGE('',*,*,#3471,.T.);
#4825=ORIENTED_EDGE('',*,*,#3333,.T.);
#4826=ORIENTED_EDGE('',*,*,#3328,.T.);
#4827=ORIENTED_EDGE('',*,*,#3325,.F.);
#4828=ORIENTED_EDGE('',*,*,#3322,.T.);
#4829=ORIENTED_EDGE('',*,*,#3318,.F.);
#4830=ORIENTED_EDGE('',*,*,#3339,.T.);
#4831=ORIENTED_EDGE('',*,*,#3334,.F.);
#4832=ORIENTED_EDGE('',*,*,#3472,.T.);
#4833=ORIENTED_EDGE('',*,*,#3317,.T.);
#4834=ORIENTED_EDGE('',*,*,#3312,.T.);
#4835=ORIENTED_EDGE('',*,*,#3309,.F.);
#4836=ORIENTED_EDGE('',*,*,#3306,.T.);
#4837=ORIENTED_EDGE('',*,*,#3303,.F.);
#4838=ORIENTED_EDGE('',*,*,#3300,.T.);
#4839=ORIENTED_EDGE('',*,*,#3296,.F.);
#4840=ORIENTED_EDGE('',*,*,#3473,.T.);
#4841=ORIENTED_EDGE('',*,*,#3295,.T.);
#4842=ORIENTED_EDGE('',*,*,#3290,.T.);
#4843=ORIENTED_EDGE('',*,*,#3287,.F.);
#4844=ORIENTED_EDGE('',*,*,#3284,.T.);
#4845=ORIENTED_EDGE('',*,*,#3281,.F.);
#4846=ORIENTED_EDGE('',*,*,#3278,.T.);
#4847=ORIENTED_EDGE('',*,*,#3274,.F.);
#4848=ORIENTED_EDGE('',*,*,#3474,.T.);
#4849=ORIENTED_EDGE('',*,*,#3273,.T.);
#4850=ORIENTED_EDGE('',*,*,#3268,.T.);
#4851=ORIENTED_EDGE('',*,*,#3265,.F.);
#4852=ORIENTED_EDGE('',*,*,#3262,.T.);
#4853=ORIENTED_EDGE('',*,*,#3259,.F.);
#4854=ORIENTED_EDGE('',*,*,#3256,.T.);
#4855=ORIENTED_EDGE('',*,*,#3252,.F.);
#4856=ORIENTED_EDGE('',*,*,#3475,.T.);
#4857=ORIENTED_EDGE('',*,*,#3251,.T.);
#4858=ORIENTED_EDGE('',*,*,#3246,.T.);
#4859=ORIENTED_EDGE('',*,*,#3243,.F.);
#4860=ORIENTED_EDGE('',*,*,#3234,.T.);
#4861=ORIENTED_EDGE('',*,*,#3230,.F.);
#4862=ORIENTED_EDGE('',*,*,#3242,.T.);
#4863=ORIENTED_EDGE('',*,*,#3237,.F.);
#4864=ORIENTED_EDGE('',*,*,#3476,.T.);
#4865=ORIENTED_EDGE('',*,*,#3223,.T.);
#4866=ORIENTED_EDGE('',*,*,#3218,.T.);
#4867=ORIENTED_EDGE('',*,*,#3215,.F.);
#4868=ORIENTED_EDGE('',*,*,#3212,.T.);
#4869=ORIENTED_EDGE('',*,*,#3208,.F.);
#4870=ORIENTED_EDGE('',*,*,#3229,.T.);
#4871=ORIENTED_EDGE('',*,*,#3224,.F.);
#4872=ORIENTED_EDGE('',*,*,#3477,.T.);
#4873=ORIENTED_EDGE('',*,*,#3201,.T.);
#4874=ORIENTED_EDGE('',*,*,#3196,.T.);
#4875=ORIENTED_EDGE('',*,*,#3193,.F.);
#4876=ORIENTED_EDGE('',*,*,#3190,.T.);
#4877=ORIENTED_EDGE('',*,*,#3186,.F.);
#4878=ORIENTED_EDGE('',*,*,#3207,.T.);
#4879=ORIENTED_EDGE('',*,*,#3202,.F.);
#4880=ORIENTED_EDGE('',*,*,#3478,.T.);
#4881=ORIENTED_EDGE('',*,*,#3185,.T.);
#4882=ORIENTED_EDGE('',*,*,#3168,.T.);
#4883=ORIENTED_EDGE('',*,*,#3164,.F.);
#4884=ORIENTED_EDGE('',*,*,#3176,.T.);
#4885=ORIENTED_EDGE('',*,*,#3171,.F.);
#4886=ORIENTED_EDGE('',*,*,#3182,.T.);
#4887=ORIENTED_EDGE('',*,*,#3177,.F.);
#4888=ORIENTED_EDGE('',*,*,#3479,.T.);
#4889=ORIENTED_EDGE('',*,*,#3145,.T.);
#4890=ORIENTED_EDGE('',*,*,#3163,.T.);
#4891=ORIENTED_EDGE('',*,*,#3159,.F.);
#4892=ORIENTED_EDGE('',*,*,#3156,.T.);
#4893=ORIENTED_EDGE('',*,*,#3153,.F.);
#4894=ORIENTED_EDGE('',*,*,#3150,.T.);
#4895=ORIENTED_EDGE('',*,*,#3146,.F.);
#4896=ORIENTED_EDGE('',*,*,#3480,.T.);
#4897=ORIENTED_EDGE('',*,*,#3123,.T.);
#4898=ORIENTED_EDGE('',*,*,#3014,.T.);
#4899=ORIENTED_EDGE('',*,*,#3315,.T.);
#4900=ORIENTED_EDGE('',*,*,#3472,.F.);
#4901=ORIENTED_EDGE('',*,*,#3337,.F.);
#4902=ORIENTED_EDGE('',*,*,#2958,.T.);
#4903=ORIENTED_EDGE('',*,*,#3221,.T.);
#4904=ORIENTED_EDGE('',*,*,#3476,.F.);
#4905=ORIENTED_EDGE('',*,*,#3240,.F.);
#4906=ORIENTED_EDGE('',*,*,#3002,.T.);
#4907=ORIENTED_EDGE('',*,*,#2962,.T.);
#4908=ORIENTED_EDGE('',*,*,#3249,.T.);
#4909=ORIENTED_EDGE('',*,*,#3475,.F.);
#4910=ORIENTED_EDGE('',*,*,#3255,.F.);
#4911=ORIENTED_EDGE('',*,*,#3018,.T.);
#4912=ORIENTED_EDGE('',*,*,#3331,.T.);
#4913=ORIENTED_EDGE('',*,*,#3471,.F.);
#4914=ORIENTED_EDGE('',*,*,#3086,.F.);
#4915=ORIENTED_EDGE('',*,*,#2946,.T.);
#4916=ORIENTED_EDGE('',*,*,#3142,.T.);
#4917=ORIENTED_EDGE('',*,*,#3479,.F.);
#4918=ORIENTED_EDGE('',*,*,#3180,.F.);
#4919=ORIENTED_EDGE('',*,*,#2938,.T.);
#4920=ORIENTED_EDGE('',*,*,#3111,.T.);
#4921=ORIENTED_EDGE('',*,*,#3469,.F.);
#4922=ORIENTED_EDGE('',*,*,#3127,.F.);
#4923=ORIENTED_EDGE('',*,*,#3473,.F.);
#4924=ORIENTED_EDGE('',*,*,#3299,.F.);
#4925=ORIENTED_EDGE('',*,*,#3010,.T.);
#4926=ORIENTED_EDGE('',*,*,#3293,.T.);
#4927=ORIENTED_EDGE('',*,*,#3477,.F.);
#4928=ORIENTED_EDGE('',*,*,#3227,.F.);
#4929=ORIENTED_EDGE('',*,*,#2954,.T.);
#4930=ORIENTED_EDGE('',*,*,#3199,.T.);
#4931=ORIENTED_EDGE('',*,*,#3474,.F.);
#4932=ORIENTED_EDGE('',*,*,#3277,.F.);
#4933=ORIENTED_EDGE('',*,*,#3006,.T.);
#4934=ORIENTED_EDGE('',*,*,#3271,.T.);
#4935=ORIENTED_EDGE('',*,*,#3470,.F.);
#4936=ORIENTED_EDGE('',*,*,#3108,.F.);
#4937=ORIENTED_EDGE('',*,*,#2934,.T.);
#4938=ORIENTED_EDGE('',*,*,#3089,.T.);
#4939=ORIENTED_EDGE('',*,*,#3478,.F.);
#4940=ORIENTED_EDGE('',*,*,#3205,.F.);
#4941=ORIENTED_EDGE('',*,*,#2950,.T.);
#4942=ORIENTED_EDGE('',*,*,#3183,.T.);
#4943=ORIENTED_EDGE('',*,*,#3378,.T.);
#4944=ORIENTED_EDGE('',*,*,#2979,.T.);
#4945=ORIENTED_EDGE('',*,*,#3433,.T.);
#4946=ORIENTED_EDGE('',*,*,#3430,.T.);
#4947=ORIENTED_EDGE('',*,*,#3435,.T.);
#4948=ORIENTED_EDGE('',*,*,#2976,.T.);
#4949=ORIENTED_EDGE('',*,*,#3385,.T.);
#4950=ORIENTED_EDGE('',*,*,#3382,.T.);
#4951=ORIENTED_EDGE('',*,*,#3387,.T.);
#4952=ORIENTED_EDGE('',*,*,#2973,.T.);
#4953=ORIENTED_EDGE('',*,*,#3408,.T.);
#4954=ORIENTED_EDGE('',*,*,#3404,.T.);
#4955=ORIENTED_EDGE('',*,*,#3410,.T.);
#4956=ORIENTED_EDGE('',*,*,#2970,.T.);
#4957=ORIENTED_EDGE('',*,*,#3456,.T.);
#4958=ORIENTED_EDGE('',*,*,#3452,.T.);
#4959=ORIENTED_EDGE('',*,*,#3458,.T.);
#4960=ORIENTED_EDGE('',*,*,#2967,.T.);
#4961=ORIENTED_EDGE('',*,*,#3449,.T.);
#4962=ORIENTED_EDGE('',*,*,#3446,.T.);
#4963=ORIENTED_EDGE('',*,*,#3451,.T.);
#4964=ORIENTED_EDGE('',*,*,#2964,.T.);
#4965=ORIENTED_EDGE('',*,*,#3001,.T.);
#4966=ORIENTED_EDGE('',*,*,#3401,.T.);
#4967=ORIENTED_EDGE('',*,*,#3398,.T.);
#4968=ORIENTED_EDGE('',*,*,#3403,.T.);
#4969=ORIENTED_EDGE('',*,*,#2998,.T.);
#4970=ORIENTED_EDGE('',*,*,#3417,.T.);
#4971=ORIENTED_EDGE('',*,*,#3414,.T.);
#4972=ORIENTED_EDGE('',*,*,#3419,.T.);
#4973=ORIENTED_EDGE('',*,*,#2995,.T.);
#4974=ORIENTED_EDGE('',*,*,#3465,.T.);
#4975=ORIENTED_EDGE('',*,*,#3462,.T.);
#4976=ORIENTED_EDGE('',*,*,#3467,.T.);
#4977=ORIENTED_EDGE('',*,*,#2992,.T.);
#4978=ORIENTED_EDGE('',*,*,#3440,.T.);
#4979=ORIENTED_EDGE('',*,*,#3436,.T.);
#4980=ORIENTED_EDGE('',*,*,#3442,.T.);
#4981=ORIENTED_EDGE('',*,*,#2989,.T.);
#4982=ORIENTED_EDGE('',*,*,#3392,.T.);
#4983=ORIENTED_EDGE('',*,*,#3388,.T.);
#4984=ORIENTED_EDGE('',*,*,#3394,.T.);
#4985=ORIENTED_EDGE('',*,*,#2986,.T.);
#4986=ORIENTED_EDGE('',*,*,#3424,.T.);
#4987=ORIENTED_EDGE('',*,*,#3420,.T.);
#4988=ORIENTED_EDGE('',*,*,#3426,.T.);
#4989=ORIENTED_EDGE('',*,*,#2983,.T.);
#4990=ORIENTED_EDGE('',*,*,#3481,.T.);
#4991=ORIENTED_EDGE('',*,*,#3482,.T.);
#4992=ORIENTED_EDGE('',*,*,#3483,.T.);
#4993=ORIENTED_EDGE('',*,*,#3481,.F.);
#4994=ORIENTED_EDGE('',*,*,#2982,.T.);
#4995=ORIENTED_EDGE('',*,*,#3376,.T.);
#4996=ORIENTED_EDGE('',*,*,#3372,.T.);
#4997=ORIENTED_EDGE('',*,*,#3484,.T.);
#4998=ORIENTED_EDGE('',*,*,#3485,.T.);
#4999=ORIENTED_EDGE('',*,*,#3486,.T.);
#5000=ORIENTED_EDGE('',*,*,#3487,.T.);
#5001=ORIENTED_EDGE('',*,*,#3485,.F.);
#5002=ORIENTED_EDGE('',*,*,#3488,.T.);
#5003=ORIENTED_EDGE('',*,*,#3489,.T.);
#5004=ORIENTED_EDGE('',*,*,#3486,.F.);
#5005=ORIENTED_EDGE('',*,*,#3487,.F.);
#5006=ORIENTED_EDGE('',*,*,#3489,.F.);
#5007=ORIENTED_EDGE('',*,*,#3490,.F.);
#5008=ORIENTED_EDGE('',*,*,#3491,.T.);
#5009=ORIENTED_EDGE('',*,*,#3492,.T.);
#5010=ORIENTED_EDGE('',*,*,#3493,.T.);
#5011=ORIENTED_EDGE('',*,*,#3494,.T.);
#5012=ORIENTED_EDGE('',*,*,#3484,.F.);
#5013=ORIENTED_EDGE('',*,*,#3495,.F.);
#5014=ORIENTED_EDGE('',*,*,#3496,.T.);
#5015=ORIENTED_EDGE('',*,*,#3497,.F.);
#5016=ORIENTED_EDGE('',*,*,#3496,.F.);
#5017=ORIENTED_EDGE('',*,*,#3497,.T.);
#5018=ORIENTED_EDGE('',*,*,#3498,.T.);
#5019=ORIENTED_EDGE('',*,*,#3494,.F.);
#5020=ORIENTED_EDGE('',*,*,#3498,.F.);
#5021=ORIENTED_EDGE('',*,*,#3499,.F.);
#5022=ORIENTED_EDGE('',*,*,#3500,.T.);
#5023=ORIENTED_EDGE('',*,*,#3501,.F.);
#5024=ORIENTED_EDGE('',*,*,#3500,.F.);
#5025=ORIENTED_EDGE('',*,*,#3501,.T.);
#5026=ORIENTED_EDGE('',*,*,#3502,.T.);
#5027=ORIENTED_EDGE('',*,*,#3493,.F.);
#5028=ORIENTED_EDGE('',*,*,#3502,.F.);
#5029=ORIENTED_EDGE('',*,*,#3503,.F.);
#5030=ORIENTED_EDGE('',*,*,#3504,.T.);
#5031=ORIENTED_EDGE('',*,*,#3505,.F.);
#5032=ORIENTED_EDGE('',*,*,#3504,.F.);
#5033=ORIENTED_EDGE('',*,*,#3505,.T.);
#5034=ORIENTED_EDGE('',*,*,#3506,.T.);
#5035=ORIENTED_EDGE('',*,*,#3492,.F.);
#5036=ORIENTED_EDGE('',*,*,#3506,.F.);
#5037=ORIENTED_EDGE('',*,*,#3507,.F.);
#5038=ORIENTED_EDGE('',*,*,#3508,.T.);
#5039=ORIENTED_EDGE('',*,*,#3509,.F.);
#5040=ORIENTED_EDGE('',*,*,#3508,.F.);
#5041=ORIENTED_EDGE('',*,*,#3509,.T.);
#5042=ORIENTED_EDGE('',*,*,#3510,.T.);
#5043=ORIENTED_EDGE('',*,*,#3491,.F.);
#5044=ORIENTED_EDGE('',*,*,#3510,.F.);
#5045=ORIENTED_EDGE('',*,*,#3511,.F.);
#5046=ORIENTED_EDGE('',*,*,#3340,.T.);
#5047=ORIENTED_EDGE('',*,*,#2759,.T.);
#5048=ORIENTED_EDGE('',*,*,#3466,.T.);
#5049=ORIENTED_EDGE('',*,*,#3460,.T.);
#5050=ORIENTED_EDGE('',*,*,#3464,.T.);
#5051=ORIENTED_EDGE('',*,*,#2757,.T.);
#5052=ORIENTED_EDGE('',*,*,#3418,.T.);
#5053=ORIENTED_EDGE('',*,*,#3412,.T.);
#5054=ORIENTED_EDGE('',*,*,#3416,.T.);
#5055=ORIENTED_EDGE('',*,*,#2755,.T.);
#5056=ORIENTED_EDGE('',*,*,#3402,.T.);
#5057=ORIENTED_EDGE('',*,*,#3396,.T.);
#5058=ORIENTED_EDGE('',*,*,#3400,.T.);
#5059=ORIENTED_EDGE('',*,*,#2753,.T.);
#5060=ORIENTED_EDGE('',*,*,#3362,.T.);
#5061=ORIENTED_EDGE('',*,*,#3359,.T.);
#5062=ORIENTED_EDGE('',*,*,#3356,.T.);
#5063=ORIENTED_EDGE('',*,*,#2751,.T.);
#5064=ORIENTED_EDGE('',*,*,#3450,.T.);
#5065=ORIENTED_EDGE('',*,*,#3444,.T.);
#5066=ORIENTED_EDGE('',*,*,#3448,.T.);
#5067=ORIENTED_EDGE('',*,*,#2749,.T.);
#5068=ORIENTED_EDGE('',*,*,#3459,.T.);
#5069=ORIENTED_EDGE('',*,*,#3454,.T.);
#5070=ORIENTED_EDGE('',*,*,#3457,.T.);
#5071=ORIENTED_EDGE('',*,*,#2747,.T.);
#5072=ORIENTED_EDGE('',*,*,#3411,.T.);
#5073=ORIENTED_EDGE('',*,*,#3406,.T.);
#5074=ORIENTED_EDGE('',*,*,#3409,.T.);
#5075=ORIENTED_EDGE('',*,*,#2745,.T.);
#5076=ORIENTED_EDGE('',*,*,#3348,.T.);
#5077=ORIENTED_EDGE('',*,*,#3353,.T.);
#5078=ORIENTED_EDGE('',*,*,#3355,.T.);
#5079=ORIENTED_EDGE('',*,*,#2743,.T.);
#5080=ORIENTED_EDGE('',*,*,#3386,.T.);
#5081=ORIENTED_EDGE('',*,*,#3380,.T.);
#5082=ORIENTED_EDGE('',*,*,#3384,.T.);
#5083=ORIENTED_EDGE('',*,*,#2741,.T.);
#5084=ORIENTED_EDGE('',*,*,#3434,.T.);
#5085=ORIENTED_EDGE('',*,*,#3428,.T.);
#5086=ORIENTED_EDGE('',*,*,#3432,.T.);
#5087=ORIENTED_EDGE('',*,*,#2739,.T.);
#5088=ORIENTED_EDGE('',*,*,#3379,.T.);
#5089=ORIENTED_EDGE('',*,*,#3374,.T.);
#5090=ORIENTED_EDGE('',*,*,#3377,.T.);
#5091=ORIENTED_EDGE('',*,*,#2737,.T.);
#5092=ORIENTED_EDGE('',*,*,#3371,.T.);
#5093=ORIENTED_EDGE('',*,*,#3364,.T.);
#5094=ORIENTED_EDGE('',*,*,#3368,.T.);
#5095=ORIENTED_EDGE('',*,*,#2767,.T.);
#5096=ORIENTED_EDGE('',*,*,#3427,.T.);
#5097=ORIENTED_EDGE('',*,*,#3422,.T.);
#5098=ORIENTED_EDGE('',*,*,#3425,.T.);
#5099=ORIENTED_EDGE('',*,*,#2765,.T.);
#5100=ORIENTED_EDGE('',*,*,#3395,.T.);
#5101=ORIENTED_EDGE('',*,*,#3390,.T.);
#5102=ORIENTED_EDGE('',*,*,#3393,.T.);
#5103=ORIENTED_EDGE('',*,*,#2763,.T.);
#5104=ORIENTED_EDGE('',*,*,#3443,.T.);
#5105=ORIENTED_EDGE('',*,*,#3438,.T.);
#5106=ORIENTED_EDGE('',*,*,#3441,.T.);
#5107=ORIENTED_EDGE('',*,*,#2761,.T.);
#5108=ORIENTED_EDGE('',*,*,#3346,.T.);
#5109=ORIENTED_EDGE('',*,*,#3343,.T.);
#5110=ORIENTED_EDGE('',*,*,#3482,.F.);
#5111=ORIENTED_EDGE('',*,*,#3483,.F.);
#5112=ORIENTED_EDGE('',*,*,#3512,.T.);
#5113=ORIENTED_EDGE('',*,*,#3511,.T.);
#5114=ORIENTED_EDGE('',*,*,#3512,.F.);
#5115=ORIENTED_EDGE('',*,*,#3480,.F.);
#5116=ORIENTED_EDGE('',*,*,#3149,.F.);
#5117=ORIENTED_EDGE('',*,*,#2942,.T.);
#5118=ORIENTED_EDGE('',*,*,#3120,.T.);
#5119=ORIENTED_EDGE('',*,*,#3513,.F.);
#5120=ORIENTED_EDGE('',*,*,#3514,.T.);
#5121=ORIENTED_EDGE('',*,*,#3468,.T.);
#5122=ORIENTED_EDGE('',*,*,#3514,.F.);
#5123=ORIENTED_EDGE('',*,*,#3513,.T.);
#5124=ORIENTED_EDGE('',*,*,#3130,.T.);
#5125=ORIENTED_EDGE('',*,*,#3133,.F.);
#5126=ORIENTED_EDGE('',*,*,#3136,.T.);
#5127=ORIENTED_EDGE('',*,*,#3139,.F.);
#5128=ORIENTED_EDGE('',*,*,#3140,.T.);
#5129=ORIENTED_EDGE('',*,*,#3121,.F.);
#5130=ORIENTED_EDGE('',*,*,#2940,.T.);
#5131=ORIENTED_EDGE('',*,*,#3126,.F.);
#5132=ORIENTED_EDGE('',*,*,#2948,.T.);
#5133=ORIENTED_EDGE('',*,*,#3179,.F.);
#5134=ORIENTED_EDGE('',*,*,#3181,.T.);
#5135=ORIENTED_EDGE('',*,*,#3173,.F.);
#5136=ORIENTED_EDGE('',*,*,#3175,.T.);
#5137=ORIENTED_EDGE('',*,*,#3166,.F.);
#5138=ORIENTED_EDGE('',*,*,#3170,.T.);
#5139=ORIENTED_EDGE('',*,*,#3184,.F.);
#5140=ORIENTED_EDGE('',*,*,#3087,.T.);
#5141=ORIENTED_EDGE('',*,*,#3078,.F.);
#5142=ORIENTED_EDGE('',*,*,#3082,.T.);
#5143=ORIENTED_EDGE('',*,*,#3095,.F.);
#5144=ORIENTED_EDGE('',*,*,#3096,.T.);
#5145=ORIENTED_EDGE('',*,*,#3090,.F.);
#5146=ORIENTED_EDGE('',*,*,#2932,.T.);
#5147=ORIENTED_EDGE('',*,*,#3085,.F.);
#5148=ORIENTED_EDGE('',*,*,#3004,.T.);
#5149=ORIENTED_EDGE('',*,*,#3254,.F.);
#5150=ORIENTED_EDGE('',*,*,#3258,.T.);
#5151=ORIENTED_EDGE('',*,*,#3261,.F.);
#5152=ORIENTED_EDGE('',*,*,#3264,.T.);
#5153=ORIENTED_EDGE('',*,*,#3267,.F.);
#5154=ORIENTED_EDGE('',*,*,#3270,.T.);
#5155=ORIENTED_EDGE('',*,*,#3272,.F.);
#5156=ORIENTED_EDGE('',*,*,#3206,.T.);
#5157=ORIENTED_EDGE('',*,*,#3188,.F.);
#5158=ORIENTED_EDGE('',*,*,#3192,.T.);
#5159=ORIENTED_EDGE('',*,*,#3195,.F.);
#5160=ORIENTED_EDGE('',*,*,#3198,.T.);
#5161=ORIENTED_EDGE('',*,*,#3200,.F.);
#5162=ORIENTED_EDGE('',*,*,#2952,.T.);
#5163=ORIENTED_EDGE('',*,*,#3204,.F.);
#5164=ORIENTED_EDGE('',*,*,#3008,.T.);
#5165=ORIENTED_EDGE('',*,*,#3276,.F.);
#5166=ORIENTED_EDGE('',*,*,#3280,.T.);
#5167=ORIENTED_EDGE('',*,*,#3283,.F.);
#5168=ORIENTED_EDGE('',*,*,#3286,.T.);
#5169=ORIENTED_EDGE('',*,*,#3289,.F.);
#5170=ORIENTED_EDGE('',*,*,#3292,.T.);
#5171=ORIENTED_EDGE('',*,*,#3294,.F.);
#5172=ORIENTED_EDGE('',*,*,#3109,.T.);
#5173=ORIENTED_EDGE('',*,*,#3100,.F.);
#5174=ORIENTED_EDGE('',*,*,#3104,.T.);
#5175=ORIENTED_EDGE('',*,*,#3117,.F.);
#5176=ORIENTED_EDGE('',*,*,#3118,.T.);
#5177=ORIENTED_EDGE('',*,*,#3112,.F.);
#5178=ORIENTED_EDGE('',*,*,#2936,.T.);
#5179=ORIENTED_EDGE('',*,*,#3107,.F.);
#5180=ORIENTED_EDGE('',*,*,#2944,.T.);
#5181=ORIENTED_EDGE('',*,*,#3148,.F.);
#5182=ORIENTED_EDGE('',*,*,#3152,.T.);
#5183=ORIENTED_EDGE('',*,*,#3155,.F.);
#5184=ORIENTED_EDGE('',*,*,#3158,.T.);
#5185=ORIENTED_EDGE('',*,*,#3161,.F.);
#5186=ORIENTED_EDGE('',*,*,#3162,.T.);
#5187=ORIENTED_EDGE('',*,*,#3143,.F.);
#5188=ORIENTED_EDGE('',*,*,#3338,.T.);
#5189=ORIENTED_EDGE('',*,*,#3320,.F.);
#5190=ORIENTED_EDGE('',*,*,#3324,.T.);
#5191=ORIENTED_EDGE('',*,*,#3327,.F.);
#5192=ORIENTED_EDGE('',*,*,#3330,.T.);
#5193=ORIENTED_EDGE('',*,*,#3332,.F.);
#5194=ORIENTED_EDGE('',*,*,#3016,.T.);
#5195=ORIENTED_EDGE('',*,*,#3336,.F.);
#5196=ORIENTED_EDGE('',*,*,#2960,.T.);
#5197=ORIENTED_EDGE('',*,*,#3239,.F.);
#5198=ORIENTED_EDGE('',*,*,#3241,.T.);
#5199=ORIENTED_EDGE('',*,*,#3232,.F.);
#5200=ORIENTED_EDGE('',*,*,#3236,.T.);
#5201=ORIENTED_EDGE('',*,*,#3245,.F.);
#5202=ORIENTED_EDGE('',*,*,#3248,.T.);
#5203=ORIENTED_EDGE('',*,*,#3250,.F.);
#5204=ORIENTED_EDGE('',*,*,#3228,.T.);
#5205=ORIENTED_EDGE('',*,*,#3210,.F.);
#5206=ORIENTED_EDGE('',*,*,#3214,.T.);
#5207=ORIENTED_EDGE('',*,*,#3217,.F.);
#5208=ORIENTED_EDGE('',*,*,#3220,.T.);
#5209=ORIENTED_EDGE('',*,*,#3222,.F.);
#5210=ORIENTED_EDGE('',*,*,#2956,.T.);
#5211=ORIENTED_EDGE('',*,*,#3226,.F.);
#5212=ORIENTED_EDGE('',*,*,#3012,.T.);
#5213=ORIENTED_EDGE('',*,*,#3298,.F.);
#5214=ORIENTED_EDGE('',*,*,#3302,.T.);
#5215=ORIENTED_EDGE('',*,*,#3305,.F.);
#5216=ORIENTED_EDGE('',*,*,#3308,.T.);
#5217=ORIENTED_EDGE('',*,*,#3311,.F.);
#5218=ORIENTED_EDGE('',*,*,#3314,.T.);
#5219=ORIENTED_EDGE('',*,*,#3316,.F.);
#5220=ORIENTED_EDGE('',*,*,#3495,.T.);
#5221=ORIENTED_EDGE('',*,*,#3499,.T.);
#5222=ORIENTED_EDGE('',*,*,#3503,.T.);
#5223=ORIENTED_EDGE('',*,*,#3507,.T.);
#5224=ORIENTED_EDGE('',*,*,#3488,.F.);
#5225=ORIENTED_EDGE('',*,*,#3490,.T.);
#5226=ORIENTED_EDGE('',*,*,#3515,.T.);
#5227=ORIENTED_EDGE('',*,*,#3075,.F.);
#5228=ORIENTED_EDGE('',*,*,#3515,.F.);
#5229=ORIENTED_EDGE('',*,*,#3516,.T.);
#5230=ORIENTED_EDGE('',*,*,#3517,.T.);
#5231=ORIENTED_EDGE('',*,*,#3518,.F.);
#5232=ORIENTED_EDGE('',*,*,#3517,.F.);
#5233=ORIENTED_EDGE('',*,*,#3519,.T.);
#5234=ORIENTED_EDGE('',*,*,#3520,.T.);
#5235=ORIENTED_EDGE('',*,*,#3521,.F.);
#5236=ORIENTED_EDGE('',*,*,#3520,.F.);
#5237=ORIENTED_EDGE('',*,*,#3519,.F.);
#5238=ORIENTED_EDGE('',*,*,#3516,.F.);
#5239=ORIENTED_EDGE('',*,*,#3522,.F.);
#5240=ORIENTED_EDGE('',*,*,#3523,.T.);
#5241=ORIENTED_EDGE('',*,*,#3524,.F.);
#5242=ORIENTED_EDGE('',*,*,#3523,.F.);
#5243=ORIENTED_EDGE('',*,*,#3521,.T.);
#5244=ORIENTED_EDGE('',*,*,#3524,.T.);
#5245=ORIENTED_EDGE('',*,*,#3518,.T.);
#5246=ORIENTED_EDGE('',*,*,#3522,.T.);
#5247=TOROIDAL_SURFACE('',#5592,10.6,1.);
#5248=TOROIDAL_SURFACE('',#5662,10.6,1.);
#5249=TOROIDAL_SURFACE('',#5665,10.6,1.);
#5250=TOROIDAL_SURFACE('',#5668,10.6,1.);
#5251=TOROIDAL_SURFACE('',#5671,10.6,1.);
#5252=TOROIDAL_SURFACE('',#5674,10.6,1.);
#5253=TOROIDAL_SURFACE('',#5677,10.6,1.);
#5254=TOROIDAL_SURFACE('',#5681,11.7806697434127,1.);
#5255=TOROIDAL_SURFACE('',#5682,10.6,1.);
#5256=TOROIDAL_SURFACE('',#5685,10.6,1.);
#5257=TOROIDAL_SURFACE('',#5689,11.7806697434127,1.);
#5258=TOROIDAL_SURFACE('',#5693,10.6,1.);
#5259=TOROIDAL_SURFACE('',#5697,11.7806697434127,1.);
#5260=TOROIDAL_SURFACE('',#5698,10.6,1.);
#5261=TOROIDAL_SURFACE('',#5702,11.7806697434127,1.);
#5262=TOROIDAL_SURFACE('',#5703,10.6,1.);
#5263=TOROIDAL_SURFACE('',#5706,10.6,1.);
#5264=TOROIDAL_SURFACE('',#5710,10.6,1.);
#5265=TOROIDAL_SURFACE('',#5714,10.6,1.);
#5266=TOROIDAL_SURFACE('',#5718,11.7806697434127,1.);
#5267=TOROIDAL_SURFACE('',#5719,10.6,1.);
#5268=TOROIDAL_SURFACE('',#5723,11.7806697434127,1.);
#5269=TOROIDAL_SURFACE('',#6165,4.,1.);
#5270=ADVANCED_FACE('',(#353),#5247,.T.);
#5271=ADVANCED_FACE('',(#354),#335,.T.);
#5272=ADVANCED_FACE('',(#355),#179,.F.);
#5273=ADVANCED_FACE('',(#356),#5248,.T.);
#5274=ADVANCED_FACE('',(#357),#180,.F.);
#5275=ADVANCED_FACE('',(#358),#5249,.T.);
#5276=ADVANCED_FACE('',(#359),#181,.F.);
#5277=ADVANCED_FACE('',(#360),#5250,.T.);
#5278=ADVANCED_FACE('',(#361),#182,.F.);
#5279=ADVANCED_FACE('',(#362),#5251,.T.);
#5280=ADVANCED_FACE('',(#363),#183,.F.);
#5281=ADVANCED_FACE('',(#364),#5252,.T.);
#5282=ADVANCED_FACE('',(#365),#184,.F.);
#5283=ADVANCED_FACE('',(#366),#5253,.T.);
#5284=ADVANCED_FACE('',(#367),#185,.F.);
#5285=ADVANCED_FACE('',(#368),#5254,.F.);
#5286=ADVANCED_FACE('',(#369),#5255,.T.);
#5287=ADVANCED_FACE('',(#370),#186,.F.);
#5288=ADVANCED_FACE('',(#371),#5256,.T.);
#5289=ADVANCED_FACE('',(#372),#187,.F.);
#5290=ADVANCED_FACE('',(#373),#5257,.F.);
#5291=ADVANCED_FACE('',(#374),#188,.F.);
#5292=ADVANCED_FACE('',(#375),#189,.F.);
#5293=ADVANCED_FACE('',(#376),#190,.F.);
#5294=ADVANCED_FACE('',(#377),#5258,.T.);
#5295=ADVANCED_FACE('',(#378),#191,.F.);
#5296=ADVANCED_FACE('',(#379),#5259,.F.);
#5297=ADVANCED_FACE('',(#380),#5260,.T.);
#5298=ADVANCED_FACE('',(#381),#192,.F.);
#5299=ADVANCED_FACE('',(#382),#5261,.F.);
#5300=ADVANCED_FACE('',(#383),#5262,.T.);
#5301=ADVANCED_FACE('',(#384),#193,.F.);
#5302=ADVANCED_FACE('',(#385),#5263,.T.);
#5303=ADVANCED_FACE('',(#386),#194,.F.);
#5304=ADVANCED_FACE('',(#387),#195,.F.);
#5305=ADVANCED_FACE('',(#388),#5264,.T.);
#5306=ADVANCED_FACE('',(#389),#196,.F.);
#5307=ADVANCED_FACE('',(#390),#197,.F.);
#5308=ADVANCED_FACE('',(#391),#5265,.T.);
#5309=ADVANCED_FACE('',(#392),#198,.F.);
#5310=ADVANCED_FACE('',(#393),#5266,.F.);
#5311=ADVANCED_FACE('',(#394),#5267,.T.);
#5312=ADVANCED_FACE('',(#395),#199,.F.);
#5313=ADVANCED_FACE('',(#396),#5268,.F.);
#5314=ADVANCED_FACE('',(#397),#200,.F.);
#5315=ADVANCED_FACE('',(#398),#201,.F.);
#5316=ADVANCED_FACE('',(#399),#202,.F.);
#5317=ADVANCED_FACE('',(#400),#203,.F.);
#5318=ADVANCED_FACE('',(#401),#55,.T.);
#5319=ADVANCED_FACE('',(#402),#56,.T.);
#5320=ADVANCED_FACE('',(#403),#57,.T.);
#5321=ADVANCED_FACE('',(#404),#58,.T.);
#5322=ADVANCED_FACE('',(#405),#59,.T.);
#5323=ADVANCED_FACE('',(#406),#60,.T.);
#5324=ADVANCED_FACE('',(#407),#61,.T.);
#5325=ADVANCED_FACE('',(#408),#204,.F.);
#5326=ADVANCED_FACE('',(#409),#205,.F.);
#5327=ADVANCED_FACE('',(#410),#62,.T.);
#5328=ADVANCED_FACE('',(#411),#63,.T.);
#5329=ADVANCED_FACE('',(#412),#64,.T.);
#5330=ADVANCED_FACE('',(#413),#65,.T.);
#5331=ADVANCED_FACE('',(#414),#66,.T.);
#5332=ADVANCED_FACE('',(#415),#67,.T.);
#5333=ADVANCED_FACE('',(#416),#68,.T.);
#5334=ADVANCED_FACE('',(#417),#69,.T.);
#5335=ADVANCED_FACE('',(#418),#206,.F.);
#5336=ADVANCED_FACE('',(#419),#70,.T.);
#5337=ADVANCED_FACE('',(#420),#71,.T.);
#5338=ADVANCED_FACE('',(#421),#207,.F.);
#5339=ADVANCED_FACE('',(#422),#72,.T.);
#5340=ADVANCED_FACE('',(#423),#73,.T.);
#5341=ADVANCED_FACE('',(#424),#208,.F.);
#5342=ADVANCED_FACE('',(#425),#209,.F.);
#5343=ADVANCED_FACE('',(#426),#74,.T.);
#5344=ADVANCED_FACE('',(#427),#75,.T.);
#5345=ADVANCED_FACE('',(#428),#210,.F.);
#5346=ADVANCED_FACE('',(#429),#76,.T.);
#5347=ADVANCED_FACE('',(#430),#77,.T.);
#5348=ADVANCED_FACE('',(#431),#78,.T.);
#5349=ADVANCED_FACE('',(#432),#79,.T.);
#5350=ADVANCED_FACE('',(#433),#80,.T.);
#5351=ADVANCED_FACE('',(#434),#81,.T.);
#5352=ADVANCED_FACE('',(#435),#82,.T.);
#5353=ADVANCED_FACE('',(#436),#83,.T.);
#5354=ADVANCED_FACE('',(#437),#84,.T.);
#5355=ADVANCED_FACE('',(#438),#85,.T.);
#5356=ADVANCED_FACE('',(#439),#86,.T.);
#5357=ADVANCED_FACE('',(#440),#87,.T.);
#5358=ADVANCED_FACE('',(#441),#88,.T.);
#5359=ADVANCED_FACE('',(#442),#89,.T.);
#5360=ADVANCED_FACE('',(#443),#90,.T.);
#5361=ADVANCED_FACE('',(#444),#91,.T.);
#5362=ADVANCED_FACE('',(#445,#27),#211,.T.);
#5363=ADVANCED_FACE('',(#446),#92,.F.);
#5364=ADVANCED_FACE('',(#447),#93,.F.);
#5365=ADVANCED_FACE('',(#448),#94,.F.);
#5366=ADVANCED_FACE('',(#449),#212,.F.);
#5367=ADVANCED_FACE('',(#450),#95,.F.);
#5368=ADVANCED_FACE('',(#451),#96,.F.);
#5369=ADVANCED_FACE('',(#452),#213,.F.);
#5370=ADVANCED_FACE('',(#453),#97,.F.);
#5371=ADVANCED_FACE('',(#454),#98,.F.);
#5372=ADVANCED_FACE('',(#455),#99,.F.);
#5373=ADVANCED_FACE('',(#456),#214,.F.);
#5374=ADVANCED_FACE('',(#457),#100,.F.);
#5375=ADVANCED_FACE('',(#458),#101,.F.);
#5376=ADVANCED_FACE('',(#459),#215,.F.);
#5377=ADVANCED_FACE('',(#460),#102,.F.);
#5378=ADVANCED_FACE('',(#461),#103,.F.);
#5379=ADVANCED_FACE('',(#462),#216,.F.);
#5380=ADVANCED_FACE('',(#463),#104,.F.);
#5381=ADVANCED_FACE('',(#464),#105,.F.);
#5382=ADVANCED_FACE('',(#465),#106,.F.);
#5383=ADVANCED_FACE('',(#466),#217,.F.);
#5384=ADVANCED_FACE('',(#467),#107,.F.);
#5385=ADVANCED_FACE('',(#468),#108,.F.);
#5386=ADVANCED_FACE('',(#469),#218,.F.);
#5387=ADVANCED_FACE('',(#470),#109,.F.);
#5388=ADVANCED_FACE('',(#471),#110,.F.);
#5389=ADVANCED_FACE('',(#472),#111,.F.);
#5390=ADVANCED_FACE('',(#473),#219,.F.);
#5391=ADVANCED_FACE('',(#474),#112,.F.);
#5392=ADVANCED_FACE('',(#475),#220,.F.);
#5393=ADVANCED_FACE('',(#476),#113,.F.);
#5394=ADVANCED_FACE('',(#477),#114,.F.);
#5395=ADVANCED_FACE('',(#478),#115,.F.);
#5396=ADVANCED_FACE('',(#479),#221,.F.);
#5397=ADVANCED_FACE('',(#480),#116,.F.);
#5398=ADVANCED_FACE('',(#481),#117,.F.);
#5399=ADVANCED_FACE('',(#482),#118,.F.);
#5400=ADVANCED_FACE('',(#483),#119,.F.);
#5401=ADVANCED_FACE('',(#484),#222,.F.);
#5402=ADVANCED_FACE('',(#485),#120,.F.);
#5403=ADVANCED_FACE('',(#486),#121,.F.);
#5404=ADVANCED_FACE('',(#487),#223,.F.);
#5405=ADVANCED_FACE('',(#488),#122,.F.);
#5406=ADVANCED_FACE('',(#489),#123,.F.);
#5407=ADVANCED_FACE('',(#490),#124,.F.);
#5408=ADVANCED_FACE('',(#491),#224,.F.);
#5409=ADVANCED_FACE('',(#492),#125,.F.);
#5410=ADVANCED_FACE('',(#493),#126,.F.);
#5411=ADVANCED_FACE('',(#494),#225,.F.);
#5412=ADVANCED_FACE('',(#495),#127,.F.);
#5413=ADVANCED_FACE('',(#496),#128,.F.);
#5414=ADVANCED_FACE('',(#497),#129,.F.);
#5415=ADVANCED_FACE('',(#498),#226,.F.);
#5416=ADVANCED_FACE('',(#499),#130,.F.);
#5417=ADVANCED_FACE('',(#500),#227,.F.);
#5418=ADVANCED_FACE('',(#501),#131,.F.);
#5419=ADVANCED_FACE('',(#502),#132,.F.);
#5420=ADVANCED_FACE('',(#503),#228,.F.);
#5421=ADVANCED_FACE('',(#504),#133,.F.);
#5422=ADVANCED_FACE('',(#505),#134,.F.);
#5423=ADVANCED_FACE('',(#506),#135,.F.);
#5424=ADVANCED_FACE('',(#507),#229,.F.);
#5425=ADVANCED_FACE('',(#508),#136,.F.);
#5426=ADVANCED_FACE('',(#509),#137,.F.);
#5427=ADVANCED_FACE('',(#510),#230,.F.);
#5428=ADVANCED_FACE('',(#511),#138,.F.);
#5429=ADVANCED_FACE('',(#512),#139,.F.);
#5430=ADVANCED_FACE('',(#513),#140,.F.);
#5431=ADVANCED_FACE('',(#514),#231,.F.);
#5432=ADVANCED_FACE('',(#515),#141,.F.);
#5433=ADVANCED_FACE('',(#516),#142,.F.);
#5434=ADVANCED_FACE('',(#517),#232,.F.);
#5435=ADVANCED_FACE('',(#518),#143,.F.);
#5436=ADVANCED_FACE('',(#519),#144,.F.);
#5437=ADVANCED_FACE('',(#520),#145,.F.);
#5438=ADVANCED_FACE('',(#521),#233,.F.);
#5439=ADVANCED_FACE('',(#522),#146,.F.);
#5440=ADVANCED_FACE('',(#523),#147,.F.);
#5441=ADVANCED_FACE('',(#524),#148,.F.);
#5442=ADVANCED_FACE('',(#525),#149,.F.);
#5443=ADVANCED_FACE('',(#526),#234,.F.);
#5444=ADVANCED_FACE('',(#527),#150,.F.);
#5445=ADVANCED_FACE('',(#528),#151,.F.);
#5446=ADVANCED_FACE('',(#529),#235,.F.);
#5447=ADVANCED_FACE('',(#530),#236,.F.);
#5448=ADVANCED_FACE('',(#531),#152,.F.);
#5449=ADVANCED_FACE('',(#532),#237,.F.);
#5450=ADVANCED_FACE('',(#533),#238,.F.);
#5451=ADVANCED_FACE('',(#534),#239,.F.);
#5452=ADVANCED_FACE('',(#535),#240,.F.);
#5453=ADVANCED_FACE('',(#536),#153,.F.);
#5454=ADVANCED_FACE('',(#537),#241,.F.);
#5455=ADVANCED_FACE('',(#538),#242,.F.);
#5456=ADVANCED_FACE('',(#539),#154,.F.);
#5457=ADVANCED_FACE('',(#540),#243,.F.);
#5458=ADVANCED_FACE('',(#541),#244,.F.);
#5459=ADVANCED_FACE('',(#542),#155,.F.);
#5460=ADVANCED_FACE('',(#543),#245,.F.);
#5461=ADVANCED_FACE('',(#544),#246,.F.);
#5462=ADVANCED_FACE('',(#545),#247,.F.);
#5463=ADVANCED_FACE('',(#546),#156,.F.);
#5464=ADVANCED_FACE('',(#547),#248,.F.);
#5465=ADVANCED_FACE('',(#548),#249,.F.);
#5466=ADVANCED_FACE('',(#549),#157,.F.);
#5467=ADVANCED_FACE('',(#550),#250,.F.);
#5468=ADVANCED_FACE('',(#551),#251,.F.);
#5469=ADVANCED_FACE('',(#552),#158,.F.);
#5470=ADVANCED_FACE('',(#553),#252,.F.);
#5471=ADVANCED_FACE('',(#554),#253,.F.);
#5472=ADVANCED_FACE('',(#555),#159,.F.);
#5473=ADVANCED_FACE('',(#556),#254,.F.);
#5474=ADVANCED_FACE('',(#557),#255,.F.);
#5475=ADVANCED_FACE('',(#558),#160,.F.);
#5476=ADVANCED_FACE('',(#559),#256,.F.);
#5477=ADVANCED_FACE('',(#560),#257,.F.);
#5478=ADVANCED_FACE('',(#561),#161,.F.);
#5479=ADVANCED_FACE('',(#562),#258,.F.);
#5480=ADVANCED_FACE('',(#563),#259,.F.);
#5481=ADVANCED_FACE('',(#564),#162,.F.);
#5482=ADVANCED_FACE('',(#565),#260,.F.);
#5483=ADVANCED_FACE('',(#566),#261,.F.);
#5484=ADVANCED_FACE('',(#567),#163,.F.);
#5485=ADVANCED_FACE('',(#568),#262,.F.);
#5486=ADVANCED_FACE('',(#569),#263,.F.);
#5487=ADVANCED_FACE('',(#570),#164,.F.);
#5488=ADVANCED_FACE('',(#571),#264,.F.);
#5489=ADVANCED_FACE('',(#572),#265,.F.);
#5490=ADVANCED_FACE('',(#573),#165,.F.);
#5491=ADVANCED_FACE('',(#574),#266,.F.);
#5492=ADVANCED_FACE('',(#575),#267,.F.);
#5493=ADVANCED_FACE('',(#576),#166,.F.);
#5494=ADVANCED_FACE('',(#577),#268,.F.);
#5495=ADVANCED_FACE('',(#578),#269,.F.);
#5496=ADVANCED_FACE('',(#579),#167,.F.);
#5497=ADVANCED_FACE('',(#580),#270,.F.);
#5498=ADVANCED_FACE('',(#581),#271,.F.);
#5499=ADVANCED_FACE('',(#582,#28),#272,.T.);
#5500=ADVANCED_FACE('',(#583),#336,.T.);
#5501=ADVANCED_FACE('',(#584),#337,.T.);
#5502=ADVANCED_FACE('',(#585),#338,.T.);
#5503=ADVANCED_FACE('',(#586),#339,.T.);
#5504=ADVANCED_FACE('',(#587),#340,.T.);
#5505=ADVANCED_FACE('',(#588),#341,.T.);
#5506=ADVANCED_FACE('',(#589),#342,.T.);
#5507=ADVANCED_FACE('',(#590),#343,.T.);
#5508=ADVANCED_FACE('',(#591),#344,.T.);
#5509=ADVANCED_FACE('',(#592),#345,.T.);
#5510=ADVANCED_FACE('',(#593),#346,.T.);
#5511=ADVANCED_FACE('',(#594),#347,.T.);
#5512=ADVANCED_FACE('',(#595),#5269,.T.);
#5513=ADVANCED_FACE('',(#596),#168,.F.);
#5514=ADVANCED_FACE('',(#597,#29,#30,#31,#32,#33),#273,.T.);
#5515=ADVANCED_FACE('',(#598),#348,.F.);
#5516=ADVANCED_FACE('',(#599),#169,.F.);
#5517=ADVANCED_FACE('',(#600),#349,.F.);
#5518=ADVANCED_FACE('',(#601),#170,.F.);
#5519=ADVANCED_FACE('',(#602),#350,.F.);
#5520=ADVANCED_FACE('',(#603),#171,.F.);
#5521=ADVANCED_FACE('',(#604),#351,.F.);
#5522=ADVANCED_FACE('',(#605),#172,.F.);
#5523=ADVANCED_FACE('',(#606,#34),#274,.T.);
#5524=ADVANCED_FACE('',(#607),#173,.T.);
#5525=ADVANCED_FACE('',(#608),#352,.T.);
#5526=ADVANCED_FACE('',(#609),#174,.T.);
#5527=ADVANCED_FACE('',(#610,#35,#36,#37,#38,#39,#40,#41,#42,#43,#44,#45,
#46,#47,#48,#49,#50,#51),#275,.T.);
#5528=ADVANCED_FACE('',(#611),#175,.F.);
#5529=ADVANCED_FACE('',(#612),#176,.F.);
#5530=ADVANCED_FACE('',(#613),#177,.T.);
#5531=ADVANCED_FACE('',(#614,#52),#276,.T.);
#5532=ADVANCED_FACE('',(#615),#178,.F.);
#5533=ADVANCED_FACE('',(#616,#53),#277,.T.);
#5534=ADVANCED_FACE('',(#617,#54),#278,.F.);
#5535=CLOSED_SHELL('',(#5270,#5271,#5272,#5273,#5274,#5275,#5276,#5277,
#5278,#5279,#5280,#5281,#5282,#5283,#5284,#5285,#5286,#5287,#5288,#5289,
#5290,#5291,#5292,#5293,#5294,#5295,#5296,#5297,#5298,#5299,#5300,#5301,
#5302,#5303,#5304,#5305,#5306,#5307,#5308,#5309,#5310,#5311,#5312,#5313,
#5314,#5315,#5316,#5317,#5318,#5319,#5320,#5321,#5322,#5323,#5324,#5325,
#5326,#5327,#5328,#5329,#5330,#5331,#5332,#5333,#5334,#5335,#5336,#5337,
#5338,#5339,#5340,#5341,#5342,#5343,#5344,#5345,#5346,#5347,#5348,#5349,
#5350,#5351,#5352,#5353,#5354,#5355,#5356,#5357,#5358,#5359,#5360,#5361,
#5362,#5363,#5364,#5365,#5366,#5367,#5368,#5369,#5370,#5371,#5372,#5373,
#5374,#5375,#5376,#5377,#5378,#5379,#5380,#5381,#5382,#5383,#5384,#5385,
#5386,#5387,#5388,#5389,#5390,#5391,#5392,#5393,#5394,#5395,#5396,#5397,
#5398,#5399,#5400,#5401,#5402,#5403,#5404,#5405,#5406,#5407,#5408,#5409,
#5410,#5411,#5412,#5413,#5414,#5415,#5416,#5417,#5418,#5419,#5420,#5421,
#5422,#5423,#5424,#5425,#5426,#5427,#5428,#5429,#5430,#5431,#5432,#5433,
#5434,#5435,#5436,#5437,#5438,#5439,#5440,#5441,#5442,#5443,#5444,#5445,
#5446,#5447,#5448,#5449,#5450,#5451,#5452,#5453,#5454,#5455,#5456,#5457,
#5458,#5459,#5460,#5461,#5462,#5463,#5464,#5465,#5466,#5467,#5468,#5469,
#5470,#5471,#5472,#5473,#5474,#5475,#5476,#5477,#5478,#5479,#5480,#5481,
#5482,#5483,#5484,#5485,#5486,#5487,#5488,#5489,#5490,#5491,#5492,#5493,
#5494,#5495,#5496,#5497,#5498,#5499,#5500,#5501,#5502,#5503,#5504,#5505,
#5506,#5507,#5508,#5509,#5510,#5511,#5512,#5513,#5514,#5515,#5516,#5517,
#5518,#5519,#5520,#5521,#5522,#5523,#5524,#5525,#5526,#5527,#5528));
#5536=CLOSED_SHELL('',(#5529,#5530,#5531,#5532,#5533,#5534));
#5537=DERIVED_UNIT_ELEMENT(#5542,1.);
#5538=DERIVED_UNIT_ELEMENT(#10095,-3.);
#5539=DERIVED_UNIT_ELEMENT(#5542,1.);
#5540=DERIVED_UNIT_ELEMENT(#10095,-3.);
#5541=DIMENSIONAL_EXPONENTS(0.,1.,0.,0.,0.,0.,0.);
#5542=(
CONVERSION_BASED_UNIT('gram',#5544)
MASS_UNIT()
NAMED_UNIT(#5541)
);
#5543=(
MASS_UNIT()
NAMED_UNIT(*)
SI_UNIT(.KILO.,.GRAM.)
);
#5544=MASS_MEASURE_WITH_UNIT(MASS_MEASURE(0.001),#5543);
#5545=DERIVED_UNIT((#5537,#5538));
#5546=DERIVED_UNIT((#5539,#5540));
#5547=MEASURE_REPRESENTATION_ITEM('density measure',
POSITIVE_RATIO_MEASURE(1.),#5545);
#5548=MEASURE_REPRESENTATION_ITEM('density measure',
POSITIVE_RATIO_MEASURE(1.),#5546);
#5549=PROPERTY_DEFINITION_REPRESENTATION(#5559,#5553);
#5550=PROPERTY_DEFINITION_REPRESENTATION(#5560,#5554);
#5551=PROPERTY_DEFINITION_REPRESENTATION(#5561,#5555);
#5552=PROPERTY_DEFINITION_REPRESENTATION(#5562,#5556);
#5553=REPRESENTATION('material name',(#5557),#10091);
#5554=REPRESENTATION('density',(#5547),#10091);
#5555=REPRESENTATION('material name',(#5558),#10092);
#5556=REPRESENTATION('density',(#5548),#10092);
#5557=DESCRIPTIVE_REPRESENTATION_ITEM('Generic','Generic');
#5558=DESCRIPTIVE_REPRESENTATION_ITEM('Generic','Generic');
#5559=PROPERTY_DEFINITION('material property','material name',#10111);
#5560=PROPERTY_DEFINITION('material property','density of part',#10111);
#5561=PROPERTY_DEFINITION('material property','material name',#10112);
#5562=PROPERTY_DEFINITION('material property','density of part',#10112);
#5563=PRESENTATION_STYLE_ASSIGNMENT((#5564));
#5564=SURFACE_STYLE_USAGE(.BOTH.,#5567);
#5565=SURFACE_STYLE_RENDERING_WITH_PROPERTIES($,#5571,(#5566));
#5566=SURFACE_STYLE_TRANSPARENT(0.);
#5567=SURFACE_SIDE_STYLE('',(#5568,#5565));
#5568=SURFACE_STYLE_FILL_AREA(#5569);
#5569=FILL_AREA_STYLE('',(#5570));
#5570=FILL_AREA_STYLE_COLOUR('',#5571);
#5571=COLOUR_RGB('',0.749019607843137,0.749019607843137,0.749019607843137);
#5572=DATE_TIME_ROLE('creation_date');
#5573=DATE_TIME_ROLE('creation_date');
#5574=DATE_TIME_ROLE('creation_date');
#5575=APPLIED_DATE_AND_TIME_ASSIGNMENT(#5578,#5572,(#10110));
#5576=APPLIED_DATE_AND_TIME_ASSIGNMENT(#5579,#5573,(#10111));
#5577=APPLIED_DATE_AND_TIME_ASSIGNMENT(#5580,#5574,(#10112));
#5578=DATE_AND_TIME(#5581,#5584);
#5579=DATE_AND_TIME(#5582,#5585);
#5580=DATE_AND_TIME(#5583,#5586);
#5581=CALENDAR_DATE(2026,4,8);
#5582=CALENDAR_DATE(2026,7,5);
#5583=CALENDAR_DATE(2026,4,8);
#5584=LOCAL_TIME(0,0,0.,#5587);
#5585=LOCAL_TIME(0,0,0.,#5588);
#5586=LOCAL_TIME(0,0,0.,#5589);
#5587=COORDINATED_UNIVERSAL_TIME_OFFSET(0,0,.BEHIND.);
#5588=COORDINATED_UNIVERSAL_TIME_OFFSET(0,0,.BEHIND.);
#5589=COORDINATED_UNIVERSAL_TIME_OFFSET(0,0,.BEHIND.);
#5590=AXIS2_PLACEMENT_3D('',#7851,#6217,#6218);
#5591=AXIS2_PLACEMENT_3D('',#7852,#6219,#6220);
#5592=AXIS2_PLACEMENT_3D('',#7853,#6221,#6222);
#5593=AXIS2_PLACEMENT_3D('',#7865,#6223,#6224);
#5594=AXIS2_PLACEMENT_3D('',#7878,#6226,#6227);
#5595=AXIS2_PLACEMENT_3D('',#7880,#6229,#6230);
#5596=AXIS2_PLACEMENT_3D('',#7883,#6231,#6232);
#5597=AXIS2_PLACEMENT_3D('',#7887,#6234,#6235);
#5598=AXIS2_PLACEMENT_3D('',#7893,#6236,#6237);
#5599=AXIS2_PLACEMENT_3D('',#7899,#6238,#6239);
#5600=AXIS2_PLACEMENT_3D('',#7905,#6240,#6241);
#5601=AXIS2_PLACEMENT_3D('',#7911,#6242,#6243);
#5602=AXIS2_PLACEMENT_3D('',#7917,#6244,#6245);
#5603=AXIS2_PLACEMENT_3D('',#7923,#6246,#6247);
#5604=AXIS2_PLACEMENT_3D('',#7929,#6248,#6249);
#5605=AXIS2_PLACEMENT_3D('',#7935,#6250,#6251);
#5606=AXIS2_PLACEMENT_3D('',#7941,#6252,#6253);
#5607=AXIS2_PLACEMENT_3D('',#7947,#6254,#6255);
#5608=AXIS2_PLACEMENT_3D('',#7953,#6256,#6257);
#5609=AXIS2_PLACEMENT_3D('',#7959,#6258,#6259);
#5610=AXIS2_PLACEMENT_3D('',#7965,#6260,#6261);
#5611=AXIS2_PLACEMENT_3D('',#7971,#6262,#6263);
#5612=AXIS2_PLACEMENT_3D('',#7977,#6264,#6265);
#5613=AXIS2_PLACEMENT_3D('',#7983,#6266,#6267);
#5614=AXIS2_PLACEMENT_3D('',#7992,#6268,#6269);
#5615=AXIS2_PLACEMENT_3D('',#7998,#6270,#6271);
#5616=AXIS2_PLACEMENT_3D('',#8004,#6272,#6273);
#5617=AXIS2_PLACEMENT_3D('',#8010,#6274,#6275);
#5618=AXIS2_PLACEMENT_3D('',#8016,#6276,#6277);
#5619=AXIS2_PLACEMENT_3D('',#8022,#6278,#6279);
#5620=AXIS2_PLACEMENT_3D('',#8028,#6280,#6281);
#5621=AXIS2_PLACEMENT_3D('',#8034,#6282,#6283);
#5622=AXIS2_PLACEMENT_3D('',#8040,#6284,#6285);
#5623=AXIS2_PLACEMENT_3D('',#8046,#6286,#6287);
#5624=AXIS2_PLACEMENT_3D('',#8052,#6288,#6289);
#5625=AXIS2_PLACEMENT_3D('',#8058,#6290,#6291);
#5626=AXIS2_PLACEMENT_3D('',#8064,#6292,#6293);
#5627=AXIS2_PLACEMENT_3D('',#8070,#6294,#6295);
#5628=AXIS2_PLACEMENT_3D('',#8075,#6296,#6297);
#5629=AXIS2_PLACEMENT_3D('',#8077,#6298,#6299);
#5630=AXIS2_PLACEMENT_3D('',#8079,#6300,#6301);
#5631=AXIS2_PLACEMENT_3D('',#8081,#6302,#6303);
#5632=AXIS2_PLACEMENT_3D('',#8083,#6304,#6305);
#5633=AXIS2_PLACEMENT_3D('',#8085,#6306,#6307);
#5634=AXIS2_PLACEMENT_3D('',#8087,#6308,#6309);
#5635=AXIS2_PLACEMENT_3D('',#8089,#6310,#6311);
#5636=AXIS2_PLACEMENT_3D('',#8091,#6312,#6313);
#5637=AXIS2_PLACEMENT_3D('',#8093,#6314,#6315);
#5638=AXIS2_PLACEMENT_3D('',#8095,#6316,#6317);
#5639=AXIS2_PLACEMENT_3D('',#8097,#6318,#6319);
#5640=AXIS2_PLACEMENT_3D('',#8099,#6320,#6321);
#5641=AXIS2_PLACEMENT_3D('',#8101,#6322,#6323);
#5642=AXIS2_PLACEMENT_3D('',#8103,#6324,#6325);
#5643=AXIS2_PLACEMENT_3D('',#8105,#6326,#6327);
#5644=AXIS2_PLACEMENT_3D('',#8107,#6328,#6329);
#5645=AXIS2_PLACEMENT_3D('',#8109,#6330,#6331);
#5646=AXIS2_PLACEMENT_3D('',#8111,#6332,#6333);
#5647=AXIS2_PLACEMENT_3D('',#8113,#6334,#6335);
#5648=AXIS2_PLACEMENT_3D('',#8115,#6336,#6337);
#5649=AXIS2_PLACEMENT_3D('',#8117,#6338,#6339);
#5650=AXIS2_PLACEMENT_3D('',#8119,#6340,#6341);
#5651=AXIS2_PLACEMENT_3D('',#8121,#6342,#6343);
#5652=AXIS2_PLACEMENT_3D('',#8123,#6344,#6345);
#5653=AXIS2_PLACEMENT_3D('',#8125,#6346,#6347);
#5654=AXIS2_PLACEMENT_3D('',#8127,#6348,#6349);
#5655=AXIS2_PLACEMENT_3D('',#8129,#6350,#6351);
#5656=AXIS2_PLACEMENT_3D('',#8131,#6352,#6353);
#5657=AXIS2_PLACEMENT_3D('',#8133,#6354,#6355);
#5658=AXIS2_PLACEMENT_3D('',#8135,#6356,#6357);
#5659=AXIS2_PLACEMENT_3D('',#8137,#6358,#6359);
#5660=AXIS2_PLACEMENT_3D('',#8138,#6360,#6361);
#5661=AXIS2_PLACEMENT_3D('',#8139,#6362,#6363);
#5662=AXIS2_PLACEMENT_3D('',#8145,#6367,#6368);
#5663=AXIS2_PLACEMENT_3D('',#8167,#6370,#6371);
#5664=AXIS2_PLACEMENT_3D('',#8169,#6373,#6374);
#5665=AXIS2_PLACEMENT_3D('',#8175,#6378,#6379);
#5666=AXIS2_PLACEMENT_3D('',#8197,#6381,#6382);
#5667=AXIS2_PLACEMENT_3D('',#8199,#6384,#6385);
#5668=AXIS2_PLACEMENT_3D('',#8205,#6389,#6390);
#5669=AXIS2_PLACEMENT_3D('',#8227,#6392,#6393);
#5670=AXIS2_PLACEMENT_3D('',#8229,#6395,#6396);
#5671=AXIS2_PLACEMENT_3D('',#8235,#6400,#6401);
#5672=AXIS2_PLACEMENT_3D('',#8257,#6403,#6404);
#5673=AXIS2_PLACEMENT_3D('',#8259,#6406,#6407);
#5674=AXIS2_PLACEMENT_3D('',#8265,#6411,#6412);
#5675=AXIS2_PLACEMENT_3D('',#8287,#6414,#6415);
#5676=AXIS2_PLACEMENT_3D('',#8289,#6417,#6418);
#5677=AXIS2_PLACEMENT_3D('',#8295,#6422,#6423);
#5678=AXIS2_PLACEMENT_3D('',#8307,#6424,#6425);
#5679=AXIS2_PLACEMENT_3D('',#8317,#6426,#6427);
#5680=AXIS2_PLACEMENT_3D('',#8318,#6428,#6429);
#5681=AXIS2_PLACEMENT_3D('',#8328,#6433,#6434);
#5682=AXIS2_PLACEMENT_3D('',#8333,#6435,#6436);
#5683=AXIS2_PLACEMENT_3D('',#8355,#6438,#6439);
#5684=AXIS2_PLACEMENT_3D('',#8357,#6441,#6442);
#5685=AXIS2_PLACEMENT_3D('',#8363,#6446,#6447);
#5686=AXIS2_PLACEMENT_3D('',#8375,#6448,#6449);
#5687=AXIS2_PLACEMENT_3D('',#8385,#6450,#6451);
#5688=AXIS2_PLACEMENT_3D('',#8386,#6452,#6453);
#5689=AXIS2_PLACEMENT_3D('',#8396,#6457,#6458);
#5690=AXIS2_PLACEMENT_3D('',#8401,#6459,#6460);
#5691=AXIS2_PLACEMENT_3D('',#8407,#6464,#6465);
#5692=AXIS2_PLACEMENT_3D('',#8413,#6469,#6470);
#5693=AXIS2_PLACEMENT_3D('',#8419,#6474,#6475);
#5694=AXIS2_PLACEMENT_3D('',#8431,#6476,#6477);
#5695=AXIS2_PLACEMENT_3D('',#8441,#6478,#6479);
#5696=AXIS2_PLACEMENT_3D('',#8442,#6480,#6481);
#5697=AXIS2_PLACEMENT_3D('',#8452,#6485,#6486);
#5698=AXIS2_PLACEMENT_3D('',#8457,#6487,#6488);
#5699=AXIS2_PLACEMENT_3D('',#8469,#6489,#6490);
#5700=AXIS2_PLACEMENT_3D('',#8479,#6491,#6492);
#5701=AXIS2_PLACEMENT_3D('',#8480,#6493,#6494);
#5702=AXIS2_PLACEMENT_3D('',#8490,#6498,#6499);
#5703=AXIS2_PLACEMENT_3D('',#8495,#6500,#6501);
#5704=AXIS2_PLACEMENT_3D('',#8510,#6502,#6503);
#5705=AXIS2_PLACEMENT_3D('',#8511,#6504,#6505);
#5706=AXIS2_PLACEMENT_3D('',#8517,#6509,#6510);
#5707=AXIS2_PLACEMENT_3D('',#8539,#6512,#6513);
#5708=AXIS2_PLACEMENT_3D('',#8541,#6515,#6516);
#5709=AXIS2_PLACEMENT_3D('',#8547,#6520,#6521);
#5710=AXIS2_PLACEMENT_3D('',#8553,#6525,#6526);
#5711=AXIS2_PLACEMENT_3D('',#8575,#6528,#6529);
#5712=AXIS2_PLACEMENT_3D('',#8577,#6531,#6532);
#5713=AXIS2_PLACEMENT_3D('',#8583,#6536,#6537);
#5714=AXIS2_PLACEMENT_3D('',#8589,#6541,#6542);
#5715=AXIS2_PLACEMENT_3D('',#8601,#6543,#6544);
#5716=AXIS2_PLACEMENT_3D('',#8611,#6545,#6546);
#5717=AXIS2_PLACEMENT_3D('',#8612,#6547,#6548);
#5718=AXIS2_PLACEMENT_3D('',#8622,#6552,#6553);
#5719=AXIS2_PLACEMENT_3D('',#8627,#6554,#6555);
#5720=AXIS2_PLACEMENT_3D('',#8639,#6556,#6557);
#5721=AXIS2_PLACEMENT_3D('',#8649,#6558,#6559);
#5722=AXIS2_PLACEMENT_3D('',#8650,#6560,#6561);
#5723=AXIS2_PLACEMENT_3D('',#8660,#6565,#6566);
#5724=AXIS2_PLACEMENT_3D('',#8665,#6567,#6568);
#5725=AXIS2_PLACEMENT_3D('',#8671,#6572,#6573);
#5726=AXIS2_PLACEMENT_3D('',#8677,#6577,#6578);
#5727=AXIS2_PLACEMENT_3D('',#8683,#6582,#6583);
#5728=AXIS2_PLACEMENT_3D('',#8689,#6587,#6588);
#5729=AXIS2_PLACEMENT_3D('',#8693,#6590,#6591);
#5730=AXIS2_PLACEMENT_3D('',#8695,#6593,#6594);
#5731=AXIS2_PLACEMENT_3D('',#8699,#6596,#6597);
#5732=AXIS2_PLACEMENT_3D('',#8701,#6599,#6600);
#5733=AXIS2_PLACEMENT_3D('',#8705,#6602,#6603);
#5734=AXIS2_PLACEMENT_3D('',#8707,#6605,#6606);
#5735=AXIS2_PLACEMENT_3D('',#8712,#6608,#6609);
#5736=AXIS2_PLACEMENT_3D('',#8716,#6611,#6612);
#5737=AXIS2_PLACEMENT_3D('',#8720,#6614,#6615);
#5738=AXIS2_PLACEMENT_3D('',#8724,#6617,#6618);
#5739=AXIS2_PLACEMENT_3D('',#8728,#6620,#6621);
#5740=AXIS2_PLACEMENT_3D('',#8732,#6623,#6624);
#5741=AXIS2_PLACEMENT_3D('',#8736,#6626,#6627);
#5742=AXIS2_PLACEMENT_3D('',#8740,#6629,#6630);
#5743=AXIS2_PLACEMENT_3D('',#8744,#6632,#6633);
#5744=AXIS2_PLACEMENT_3D('',#8748,#6635,#6636);
#5745=AXIS2_PLACEMENT_3D('',#8752,#6638,#6639);
#5746=AXIS2_PLACEMENT_3D('',#8756,#6641,#6642);
#5747=AXIS2_PLACEMENT_3D('',#8760,#6644,#6645);
#5748=AXIS2_PLACEMENT_3D('',#8764,#6647,#6648);
#5749=AXIS2_PLACEMENT_3D('',#8768,#6650,#6651);
#5750=AXIS2_PLACEMENT_3D('',#8772,#6653,#6654);
#5751=AXIS2_PLACEMENT_3D('',#8776,#6656,#6657);
#5752=AXIS2_PLACEMENT_3D('',#8781,#6660,#6661);
#5753=AXIS2_PLACEMENT_3D('',#8786,#6664,#6665);
#5754=AXIS2_PLACEMENT_3D('',#8791,#6668,#6669);
#5755=AXIS2_PLACEMENT_3D('',#8796,#6672,#6673);
#5756=AXIS2_PLACEMENT_3D('',#8801,#6676,#6677);
#5757=AXIS2_PLACEMENT_3D('',#8806,#6680,#6681);
#5758=AXIS2_PLACEMENT_3D('',#8808,#6682,#6683);
#5759=AXIS2_PLACEMENT_3D('',#8813,#6686,#6687);
#5760=AXIS2_PLACEMENT_3D('',#8818,#6690,#6691);
#5761=AXIS2_PLACEMENT_3D('',#8823,#6694,#6695);
#5762=AXIS2_PLACEMENT_3D('',#8828,#6698,#6699);
#5763=AXIS2_PLACEMENT_3D('',#8833,#6702,#6703);
#5764=AXIS2_PLACEMENT_3D('',#8837,#6706,#6707);
#5765=AXIS2_PLACEMENT_3D('',#8839,#6708,#6709);
#5766=AXIS2_PLACEMENT_3D('',#8843,#6711,#6712);
#5767=AXIS2_PLACEMENT_3D('',#8847,#6714,#6715);
#5768=AXIS2_PLACEMENT_3D('',#8851,#6717,#6718);
#5769=AXIS2_PLACEMENT_3D('',#8855,#6720,#6721);
#5770=AXIS2_PLACEMENT_3D('',#8859,#6723,#6724);
#5771=AXIS2_PLACEMENT_3D('',#8863,#6726,#6727);
#5772=AXIS2_PLACEMENT_3D('',#8867,#6729,#6730);
#5773=AXIS2_PLACEMENT_3D('',#8870,#6732,#6733);
#5774=AXIS2_PLACEMENT_3D('',#8871,#6734,#6735);
#5775=AXIS2_PLACEMENT_3D('',#8875,#6737,#6738);
#5776=AXIS2_PLACEMENT_3D('',#8877,#6740,#6741);
#5777=AXIS2_PLACEMENT_3D('',#8878,#6742,#6743);
#5778=AXIS2_PLACEMENT_3D('',#8879,#6744,#6745);
#5779=AXIS2_PLACEMENT_3D('',#8882,#6747,#6748);
#5780=AXIS2_PLACEMENT_3D('',#8883,#6749,#6750);
#5781=AXIS2_PLACEMENT_3D('',#8887,#6753,#6754);
#5782=AXIS2_PLACEMENT_3D('',#8893,#6758,#6759);
#5783=AXIS2_PLACEMENT_3D('',#8894,#6760,#6761);
#5784=AXIS2_PLACEMENT_3D('',#8895,#6762,#6763);
#5785=AXIS2_PLACEMENT_3D('',#8896,#6764,#6765);
#5786=AXIS2_PLACEMENT_3D('',#8897,#6766,#6767);
#5787=AXIS2_PLACEMENT_3D('',#8898,#6768,#6769);
#5788=AXIS2_PLACEMENT_3D('',#8899,#6770,#6771);
#5789=AXIS2_PLACEMENT_3D('',#8900,#6772,#6773);
#5790=AXIS2_PLACEMENT_3D('',#8901,#6774,#6775);
#5791=AXIS2_PLACEMENT_3D('',#8902,#6776,#6777);
#5792=AXIS2_PLACEMENT_3D('',#8903,#6778,#6779);
#5793=AXIS2_PLACEMENT_3D('',#8904,#6780,#6781);
#5794=AXIS2_PLACEMENT_3D('',#8905,#6782,#6783);
#5795=AXIS2_PLACEMENT_3D('',#8906,#6784,#6785);
#5796=AXIS2_PLACEMENT_3D('',#8907,#6786,#6787);
#5797=AXIS2_PLACEMENT_3D('',#8908,#6788,#6789);
#5798=AXIS2_PLACEMENT_3D('',#8909,#6790,#6791);
#5799=AXIS2_PLACEMENT_3D('',#8915,#6795,#6796);
#5800=AXIS2_PLACEMENT_3D('',#8916,#6797,#6798);
#5801=AXIS2_PLACEMENT_3D('',#8917,#6799,#6800);
#5802=AXIS2_PLACEMENT_3D('',#8920,#6802,#6803);
#5803=AXIS2_PLACEMENT_3D('',#8921,#6804,#6805);
#5804=AXIS2_PLACEMENT_3D('',#8925,#6808,#6809);
#5805=AXIS2_PLACEMENT_3D('',#8926,#6810,#6811);
#5806=AXIS2_PLACEMENT_3D('',#8927,#6812,#6813);
#5807=AXIS2_PLACEMENT_3D('',#8930,#6815,#6816);
#5808=AXIS2_PLACEMENT_3D('',#8931,#6817,#6818);
#5809=AXIS2_PLACEMENT_3D('',#8935,#6821,#6822);
#5810=AXIS2_PLACEMENT_3D('',#8941,#6826,#6827);
#5811=AXIS2_PLACEMENT_3D('',#8942,#6828,#6829);
#5812=AXIS2_PLACEMENT_3D('',#8943,#6830,#6831);
#5813=AXIS2_PLACEMENT_3D('',#8946,#6833,#6834);
#5814=AXIS2_PLACEMENT_3D('',#8947,#6835,#6836);
#5815=AXIS2_PLACEMENT_3D('',#8951,#6839,#6840);
#5816=AXIS2_PLACEMENT_3D('',#8952,#6841,#6842);
#5817=AXIS2_PLACEMENT_3D('',#8953,#6843,#6844);
#5818=AXIS2_PLACEMENT_3D('',#8954,#6845,#6846);
#5819=AXIS2_PLACEMENT_3D('',#8955,#6847,#6848);
#5820=AXIS2_PLACEMENT_3D('',#8956,#6849,#6850);
#5821=AXIS2_PLACEMENT_3D('',#8957,#6851,#6852);
#5822=AXIS2_PLACEMENT_3D('',#8958,#6853,#6854);
#5823=AXIS2_PLACEMENT_3D('',#8959,#6855,#6856);
#5824=AXIS2_PLACEMENT_3D('',#8960,#6857,#6858);
#5825=AXIS2_PLACEMENT_3D('',#8961,#6859,#6860);
#5826=AXIS2_PLACEMENT_3D('',#8962,#6861,#6862);
#5827=AXIS2_PLACEMENT_3D('',#8963,#6863,#6864);
#5828=AXIS2_PLACEMENT_3D('',#8964,#6865,#6866);
#5829=AXIS2_PLACEMENT_3D('',#8965,#6867,#6868);
#5830=AXIS2_PLACEMENT_3D('',#8966,#6869,#6870);
#5831=AXIS2_PLACEMENT_3D('',#8967,#6871,#6872);
#5832=AXIS2_PLACEMENT_3D('',#8968,#6873,#6874);
#5833=AXIS2_PLACEMENT_3D('',#8969,#6875,#6876);
#5834=AXIS2_PLACEMENT_3D('',#8970,#6877,#6878);
#5835=AXIS2_PLACEMENT_3D('',#8971,#6879,#6880);
#5836=AXIS2_PLACEMENT_3D('',#8972,#6881,#6882);
#5837=AXIS2_PLACEMENT_3D('',#8973,#6883,#6884);
#5838=AXIS2_PLACEMENT_3D('',#8974,#6885,#6886);
#5839=AXIS2_PLACEMENT_3D('',#8975,#6887,#6888);
#5840=AXIS2_PLACEMENT_3D('',#8976,#6889,#6890);
#5841=AXIS2_PLACEMENT_3D('',#8977,#6891,#6892);
#5842=AXIS2_PLACEMENT_3D('',#8978,#6893,#6894);
#5843=AXIS2_PLACEMENT_3D('',#8979,#6895,#6896);
#5844=AXIS2_PLACEMENT_3D('',#8980,#6897,#6898);
#5845=AXIS2_PLACEMENT_3D('',#8981,#6899,#6900);
#5846=AXIS2_PLACEMENT_3D('',#8982,#6901,#6902);
#5847=AXIS2_PLACEMENT_3D('',#8983,#6903,#6904);
#5848=AXIS2_PLACEMENT_3D('',#8985,#6905,#6906);
#5849=AXIS2_PLACEMENT_3D('',#8986,#6907,#6908);
#5850=AXIS2_PLACEMENT_3D('',#8989,#6909,#6910);
#5851=AXIS2_PLACEMENT_3D('',#8993,#6912,#6913);
#5852=AXIS2_PLACEMENT_3D('',#8995,#6915,#6916);
#5853=AXIS2_PLACEMENT_3D('',#8997,#6917,#6918);
#5854=AXIS2_PLACEMENT_3D('',#9000,#6920,#6921);
#5855=AXIS2_PLACEMENT_3D('',#9001,#6922,#6923);
#5856=AXIS2_PLACEMENT_3D('',#9004,#6924,#6925);
#5857=AXIS2_PLACEMENT_3D('',#9007,#6927,#6928);
#5858=AXIS2_PLACEMENT_3D('',#9016,#6929,#6930);
#5859=AXIS2_PLACEMENT_3D('',#9019,#6933,#6934);
#5860=AXIS2_PLACEMENT_3D('',#9030,#6935,#6936);
#5861=AXIS2_PLACEMENT_3D('',#9033,#6938,#6939);
#5862=AXIS2_PLACEMENT_3D('',#9034,#6940,#6941);
#5863=AXIS2_PLACEMENT_3D('',#9036,#6942,#6943);
#5864=AXIS2_PLACEMENT_3D('',#9039,#6945,#6946);
#5865=AXIS2_PLACEMENT_3D('',#9040,#6947,#6948);
#5866=AXIS2_PLACEMENT_3D('',#9043,#6951,#6952);
#5867=AXIS2_PLACEMENT_3D('',#9046,#6953,#6954);
#5868=AXIS2_PLACEMENT_3D('',#9050,#6956,#6957);
#5869=AXIS2_PLACEMENT_3D('',#9052,#6959,#6960);
#5870=AXIS2_PLACEMENT_3D('',#9054,#6961,#6962);
#5871=AXIS2_PLACEMENT_3D('',#9057,#6964,#6965);
#5872=AXIS2_PLACEMENT_3D('',#9058,#6966,#6967);
#5873=AXIS2_PLACEMENT_3D('',#9061,#6968,#6969);
#5874=AXIS2_PLACEMENT_3D('',#9064,#6971,#6972);
#5875=AXIS2_PLACEMENT_3D('',#9073,#6973,#6974);
#5876=AXIS2_PLACEMENT_3D('',#9076,#6977,#6978);
#5877=AXIS2_PLACEMENT_3D('',#9087,#6979,#6980);
#5878=AXIS2_PLACEMENT_3D('',#9090,#6982,#6983);
#5879=AXIS2_PLACEMENT_3D('',#9091,#6984,#6985);
#5880=AXIS2_PLACEMENT_3D('',#9093,#6986,#6987);
#5881=AXIS2_PLACEMENT_3D('',#9096,#6989,#6990);
#5882=AXIS2_PLACEMENT_3D('',#9097,#6991,#6992);
#5883=AXIS2_PLACEMENT_3D('',#9100,#6995,#6996);
#5884=AXIS2_PLACEMENT_3D('',#9111,#6997,#6998);
#5885=AXIS2_PLACEMENT_3D('',#9114,#7000,#7001);
#5886=AXIS2_PLACEMENT_3D('',#9115,#7002,#7003);
#5887=AXIS2_PLACEMENT_3D('',#9118,#7004,#7005);
#5888=AXIS2_PLACEMENT_3D('',#9121,#7007,#7008);
#5889=AXIS2_PLACEMENT_3D('',#9130,#7009,#7010);
#5890=AXIS2_PLACEMENT_3D('',#9136,#7014,#7015);
#5891=AXIS2_PLACEMENT_3D('',#9138,#7016,#7017);
#5892=AXIS2_PLACEMENT_3D('',#9141,#7019,#7020);
#5893=AXIS2_PLACEMENT_3D('',#9142,#7021,#7022);
#5894=AXIS2_PLACEMENT_3D('',#9144,#7023,#7024);
#5895=AXIS2_PLACEMENT_3D('',#9147,#7026,#7027);
#5896=AXIS2_PLACEMENT_3D('',#9148,#7028,#7029);
#5897=AXIS2_PLACEMENT_3D('',#9150,#7030,#7031);
#5898=AXIS2_PLACEMENT_3D('',#9153,#7033,#7034);
#5899=AXIS2_PLACEMENT_3D('',#9154,#7035,#7036);
#5900=AXIS2_PLACEMENT_3D('',#9157,#7039,#7040);
#5901=AXIS2_PLACEMENT_3D('',#9168,#7041,#7042);
#5902=AXIS2_PLACEMENT_3D('',#9171,#7044,#7045);
#5903=AXIS2_PLACEMENT_3D('',#9172,#7046,#7047);
#5904=AXIS2_PLACEMENT_3D('',#9175,#7048,#7049);
#5905=AXIS2_PLACEMENT_3D('',#9178,#7051,#7052);
#5906=AXIS2_PLACEMENT_3D('',#9187,#7053,#7054);
#5907=AXIS2_PLACEMENT_3D('',#9193,#7058,#7059);
#5908=AXIS2_PLACEMENT_3D('',#9195,#7060,#7061);
#5909=AXIS2_PLACEMENT_3D('',#9198,#7063,#7064);
#5910=AXIS2_PLACEMENT_3D('',#9199,#7065,#7066);
#5911=AXIS2_PLACEMENT_3D('',#9201,#7067,#7068);
#5912=AXIS2_PLACEMENT_3D('',#9204,#7070,#7071);
#5913=AXIS2_PLACEMENT_3D('',#9205,#7072,#7073);
#5914=AXIS2_PLACEMENT_3D('',#9207,#7074,#7075);
#5915=AXIS2_PLACEMENT_3D('',#9210,#7077,#7078);
#5916=AXIS2_PLACEMENT_3D('',#9211,#7079,#7080);
#5917=AXIS2_PLACEMENT_3D('',#9214,#7083,#7084);
#5918=AXIS2_PLACEMENT_3D('',#9217,#7085,#7086);
#5919=AXIS2_PLACEMENT_3D('',#9221,#7088,#7089);
#5920=AXIS2_PLACEMENT_3D('',#9223,#7091,#7092);
#5921=AXIS2_PLACEMENT_3D('',#9229,#7096,#7097);
#5922=AXIS2_PLACEMENT_3D('',#9232,#7098,#7099);
#5923=AXIS2_PLACEMENT_3D('',#9236,#7101,#7102);
#5924=AXIS2_PLACEMENT_3D('',#9238,#7104,#7105);
#5925=AXIS2_PLACEMENT_3D('',#9239,#7106,#7107);
#5926=AXIS2_PLACEMENT_3D('',#9240,#7108,#7109);
#5927=AXIS2_PLACEMENT_3D('',#9241,#7110,#7111);
#5928=AXIS2_PLACEMENT_3D('',#9244,#7112,#7113);
#5929=AXIS2_PLACEMENT_3D('',#9247,#7115,#7116);
#5930=AXIS2_PLACEMENT_3D('',#9256,#7117,#7118);
#5931=AXIS2_PLACEMENT_3D('',#9259,#7121,#7122);
#5932=AXIS2_PLACEMENT_3D('',#9269,#7123,#7124);
#5933=AXIS2_PLACEMENT_3D('',#9270,#7125,#7126);
#5934=AXIS2_PLACEMENT_3D('',#9271,#7127,#7128);
#5935=AXIS2_PLACEMENT_3D('',#9274,#7129,#7130);
#5936=AXIS2_PLACEMENT_3D('',#9278,#7132,#7133);
#5937=AXIS2_PLACEMENT_3D('',#9280,#7135,#7136);
#5938=AXIS2_PLACEMENT_3D('',#9282,#7137,#7138);
#5939=AXIS2_PLACEMENT_3D('',#9285,#7140,#7141);
#5940=AXIS2_PLACEMENT_3D('',#9286,#7142,#7143);
#5941=AXIS2_PLACEMENT_3D('',#9288,#7144,#7145);
#5942=AXIS2_PLACEMENT_3D('',#9291,#7147,#7148);
#5943=AXIS2_PLACEMENT_3D('',#9292,#7149,#7150);
#5944=AXIS2_PLACEMENT_3D('',#9298,#7154,#7155);
#5945=AXIS2_PLACEMENT_3D('',#9308,#7156,#7157);
#5946=AXIS2_PLACEMENT_3D('',#9309,#7158,#7159);
#5947=AXIS2_PLACEMENT_3D('',#9310,#7160,#7161);
#5948=AXIS2_PLACEMENT_3D('',#9313,#7162,#7163);
#5949=AXIS2_PLACEMENT_3D('',#9316,#7165,#7166);
#5950=AXIS2_PLACEMENT_3D('',#9325,#7167,#7168);
#5951=AXIS2_PLACEMENT_3D('',#9328,#7171,#7172);
#5952=AXIS2_PLACEMENT_3D('',#9331,#7173,#7174);
#5953=AXIS2_PLACEMENT_3D('',#9335,#7176,#7177);
#5954=AXIS2_PLACEMENT_3D('',#9337,#7179,#7180);
#5955=AXIS2_PLACEMENT_3D('',#9339,#7181,#7182);
#5956=AXIS2_PLACEMENT_3D('',#9342,#7184,#7185);
#5957=AXIS2_PLACEMENT_3D('',#9343,#7186,#7187);
#5958=AXIS2_PLACEMENT_3D('',#9345,#7188,#7189);
#5959=AXIS2_PLACEMENT_3D('',#9348,#7191,#7192);
#5960=AXIS2_PLACEMENT_3D('',#9349,#7193,#7194);
#5961=AXIS2_PLACEMENT_3D('',#9355,#7198,#7199);
#5962=AXIS2_PLACEMENT_3D('',#9365,#7200,#7201);
#5963=AXIS2_PLACEMENT_3D('',#9366,#7202,#7203);
#5964=AXIS2_PLACEMENT_3D('',#9367,#7204,#7205);
#5965=AXIS2_PLACEMENT_3D('',#9370,#7206,#7207);
#5966=AXIS2_PLACEMENT_3D('',#9373,#7209,#7210);
#5967=AXIS2_PLACEMENT_3D('',#9382,#7211,#7212);
#5968=AXIS2_PLACEMENT_3D('',#9385,#7215,#7216);
#5969=AXIS2_PLACEMENT_3D('',#9388,#7217,#7218);
#5970=AXIS2_PLACEMENT_3D('',#9392,#7220,#7221);
#5971=AXIS2_PLACEMENT_3D('',#9394,#7223,#7224);
#5972=AXIS2_PLACEMENT_3D('',#9396,#7225,#7226);
#5973=AXIS2_PLACEMENT_3D('',#9399,#7228,#7229);
#5974=AXIS2_PLACEMENT_3D('',#9400,#7230,#7231);
#5975=AXIS2_PLACEMENT_3D('',#9403,#7232,#7233);
#5976=AXIS2_PLACEMENT_3D('',#9406,#7235,#7236);
#5977=AXIS2_PLACEMENT_3D('',#9415,#7237,#7238);
#5978=AXIS2_PLACEMENT_3D('',#9418,#7241,#7242);
#5979=AXIS2_PLACEMENT_3D('',#9420,#7243,#7244);
#5980=AXIS2_PLACEMENT_3D('',#9423,#7246,#7247);
#5981=AXIS2_PLACEMENT_3D('',#9424,#7248,#7249);
#5982=AXIS2_PLACEMENT_3D('',#9430,#7253,#7254);
#5983=AXIS2_PLACEMENT_3D('',#9440,#7255,#7256);
#5984=AXIS2_PLACEMENT_3D('',#9441,#7257,#7258);
#5985=AXIS2_PLACEMENT_3D('',#9442,#7259,#7260);
#5986=AXIS2_PLACEMENT_3D('',#9445,#7261,#7262);
#5987=AXIS2_PLACEMENT_3D('',#9448,#7264,#7265);
#5988=AXIS2_PLACEMENT_3D('',#9457,#7266,#7267);
#5989=AXIS2_PLACEMENT_3D('',#9463,#7271,#7272);
#5990=AXIS2_PLACEMENT_3D('',#9465,#7273,#7274);
#5991=AXIS2_PLACEMENT_3D('',#9468,#7276,#7277);
#5992=AXIS2_PLACEMENT_3D('',#9469,#7278,#7279);
#5993=AXIS2_PLACEMENT_3D('',#9471,#7280,#7281);
#5994=AXIS2_PLACEMENT_3D('',#9474,#7283,#7284);
#5995=AXIS2_PLACEMENT_3D('',#9475,#7285,#7286);
#5996=AXIS2_PLACEMENT_3D('',#9477,#7287,#7288);
#5997=AXIS2_PLACEMENT_3D('',#9480,#7290,#7291);
#5998=AXIS2_PLACEMENT_3D('',#9481,#7292,#7293);
#5999=AXIS2_PLACEMENT_3D('',#9487,#7297,#7298);
#6000=AXIS2_PLACEMENT_3D('',#9497,#7299,#7300);
#6001=AXIS2_PLACEMENT_3D('',#9498,#7301,#7302);
#6002=AXIS2_PLACEMENT_3D('',#9499,#7303,#7304);
#6003=AXIS2_PLACEMENT_3D('',#9502,#7305,#7306);
#6004=AXIS2_PLACEMENT_3D('',#9505,#7308,#7309);
#6005=AXIS2_PLACEMENT_3D('',#9514,#7310,#7311);
#6006=AXIS2_PLACEMENT_3D('',#9520,#7315,#7316);
#6007=AXIS2_PLACEMENT_3D('',#9522,#7317,#7318);
#6008=AXIS2_PLACEMENT_3D('',#9525,#7320,#7321);
#6009=AXIS2_PLACEMENT_3D('',#9526,#7322,#7323);
#6010=AXIS2_PLACEMENT_3D('',#9528,#7324,#7325);
#6011=AXIS2_PLACEMENT_3D('',#9531,#7327,#7328);
#6012=AXIS2_PLACEMENT_3D('',#9532,#7329,#7330);
#6013=AXIS2_PLACEMENT_3D('',#9534,#7331,#7332);
#6014=AXIS2_PLACEMENT_3D('',#9537,#7334,#7335);
#6015=AXIS2_PLACEMENT_3D('',#9538,#7336,#7337);
#6016=AXIS2_PLACEMENT_3D('',#9544,#7341,#7342);
#6017=AXIS2_PLACEMENT_3D('',#9554,#7343,#7344);
#6018=AXIS2_PLACEMENT_3D('',#9555,#7345,#7346);
#6019=AXIS2_PLACEMENT_3D('',#9556,#7347,#7348);
#6020=AXIS2_PLACEMENT_3D('',#9559,#7349,#7350);
#6021=AXIS2_PLACEMENT_3D('',#9562,#7352,#7353);
#6022=AXIS2_PLACEMENT_3D('',#9571,#7354,#7355);
#6023=AXIS2_PLACEMENT_3D('',#9577,#7359,#7360);
#6024=AXIS2_PLACEMENT_3D('',#9579,#7361,#7362);
#6025=AXIS2_PLACEMENT_3D('',#9582,#7364,#7365);
#6026=AXIS2_PLACEMENT_3D('',#9583,#7366,#7367);
#6027=AXIS2_PLACEMENT_3D('',#9585,#7368,#7369);
#6028=AXIS2_PLACEMENT_3D('',#9588,#7371,#7372);
#6029=AXIS2_PLACEMENT_3D('',#9589,#7373,#7374);
#6030=AXIS2_PLACEMENT_3D('',#9591,#7375,#7376);
#6031=AXIS2_PLACEMENT_3D('',#9594,#7378,#7379);
#6032=AXIS2_PLACEMENT_3D('',#9595,#7380,#7381);
#6033=AXIS2_PLACEMENT_3D('',#9601,#7385,#7386);
#6034=AXIS2_PLACEMENT_3D('',#9611,#7387,#7388);
#6035=AXIS2_PLACEMENT_3D('',#9612,#7389,#7390);
#6036=AXIS2_PLACEMENT_3D('',#9613,#7391,#7392);
#6037=AXIS2_PLACEMENT_3D('',#9616,#7393,#7394);
#6038=AXIS2_PLACEMENT_3D('',#9620,#7396,#7397);
#6039=AXIS2_PLACEMENT_3D('',#9622,#7399,#7400);
#6040=AXIS2_PLACEMENT_3D('',#9624,#7401,#7402);
#6041=AXIS2_PLACEMENT_3D('',#9627,#7404,#7405);
#6042=AXIS2_PLACEMENT_3D('',#9628,#7406,#7407);
#6043=AXIS2_PLACEMENT_3D('',#9630,#7408,#7409);
#6044=AXIS2_PLACEMENT_3D('',#9633,#7411,#7412);
#6045=AXIS2_PLACEMENT_3D('',#9634,#7413,#7414);
#6046=AXIS2_PLACEMENT_3D('',#9640,#7418,#7419);
#6047=AXIS2_PLACEMENT_3D('',#9650,#7420,#7421);
#6048=AXIS2_PLACEMENT_3D('',#9651,#7422,#7423);
#6049=AXIS2_PLACEMENT_3D('',#9652,#7424,#7425);
#6050=AXIS2_PLACEMENT_3D('',#9655,#7426,#7427);
#6051=AXIS2_PLACEMENT_3D('',#9658,#7429,#7430);
#6052=AXIS2_PLACEMENT_3D('',#9667,#7431,#7432);
#6053=AXIS2_PLACEMENT_3D('',#9670,#7435,#7436);
#6054=AXIS2_PLACEMENT_3D('',#9676,#7440,#7441);
#6055=AXIS2_PLACEMENT_3D('',#9678,#7442,#7443);
#6056=AXIS2_PLACEMENT_3D('',#9681,#7445,#7446);
#6057=AXIS2_PLACEMENT_3D('',#9682,#7447,#7448);
#6058=AXIS2_PLACEMENT_3D('',#9685,#7451,#7452);
#6059=AXIS2_PLACEMENT_3D('',#9686,#7453,#7454);
#6060=AXIS2_PLACEMENT_3D('',#9692,#7458,#7459);
#6061=AXIS2_PLACEMENT_3D('',#9695,#7461,#7462);
#6062=AXIS2_PLACEMENT_3D('',#9696,#7463,#7464);
#6063=AXIS2_PLACEMENT_3D('',#9698,#7465,#7466);
#6064=AXIS2_PLACEMENT_3D('',#9700,#7468,#7469);
#6065=AXIS2_PLACEMENT_3D('',#9702,#7471,#7472);
#6066=AXIS2_PLACEMENT_3D('',#9708,#7476,#7477);
#6067=AXIS2_PLACEMENT_3D('',#9710,#7478,#7479);
#6068=AXIS2_PLACEMENT_3D('',#9713,#7481,#7482);
#6069=AXIS2_PLACEMENT_3D('',#9714,#7483,#7484);
#6070=AXIS2_PLACEMENT_3D('',#9717,#7487,#7488);
#6071=AXIS2_PLACEMENT_3D('',#9718,#7489,#7490);
#6072=AXIS2_PLACEMENT_3D('',#9721,#7491,#7492);
#6073=AXIS2_PLACEMENT_3D('',#9725,#7494,#7495);
#6074=AXIS2_PLACEMENT_3D('',#9727,#7497,#7498);
#6075=AXIS2_PLACEMENT_3D('',#9730,#7501,#7502);
#6076=AXIS2_PLACEMENT_3D('',#9732,#7504,#7505);
#6077=AXIS2_PLACEMENT_3D('',#9734,#7507,#7508);
#6078=AXIS2_PLACEMENT_3D('',#9737,#7509,#7510);
#6079=AXIS2_PLACEMENT_3D('',#9741,#7512,#7513);
#6080=AXIS2_PLACEMENT_3D('',#9743,#7515,#7516);
#6081=AXIS2_PLACEMENT_3D('',#9748,#7518,#7519);
#6082=AXIS2_PLACEMENT_3D('',#9753,#7521,#7522);
#6083=AXIS2_PLACEMENT_3D('',#9756,#7523,#7524);
#6084=AXIS2_PLACEMENT_3D('',#9760,#7526,#7527);
#6085=AXIS2_PLACEMENT_3D('',#9762,#7529,#7530);
#6086=AXIS2_PLACEMENT_3D('',#9767,#7532,#7533);
#6087=AXIS2_PLACEMENT_3D('',#9772,#7535,#7536);
#6088=AXIS2_PLACEMENT_3D('',#9775,#7537,#7538);
#6089=AXIS2_PLACEMENT_3D('',#9779,#7540,#7541);
#6090=AXIS2_PLACEMENT_3D('',#9781,#7543,#7544);
#6091=AXIS2_PLACEMENT_3D('',#9786,#7546,#7547);
#6092=AXIS2_PLACEMENT_3D('',#9791,#7549,#7550);
#6093=AXIS2_PLACEMENT_3D('',#9794,#7551,#7552);
#6094=AXIS2_PLACEMENT_3D('',#9798,#7554,#7555);
#6095=AXIS2_PLACEMENT_3D('',#9800,#7557,#7558);
#6096=AXIS2_PLACEMENT_3D('',#9805,#7560,#7561);
#6097=AXIS2_PLACEMENT_3D('',#9810,#7563,#7564);
#6098=AXIS2_PLACEMENT_3D('',#9813,#7565,#7566);
#6099=AXIS2_PLACEMENT_3D('',#9817,#7568,#7569);
#6100=AXIS2_PLACEMENT_3D('',#9819,#7571,#7572);
#6101=AXIS2_PLACEMENT_3D('',#9824,#7574,#7575);
#6102=AXIS2_PLACEMENT_3D('',#9829,#7577,#7578);
#6103=AXIS2_PLACEMENT_3D('',#9832,#7579,#7580);
#6104=AXIS2_PLACEMENT_3D('',#9836,#7582,#7583);
#6105=AXIS2_PLACEMENT_3D('',#9838,#7585,#7586);
#6106=AXIS2_PLACEMENT_3D('',#9843,#7588,#7589);
#6107=AXIS2_PLACEMENT_3D('',#9848,#7591,#7592);
#6108=AXIS2_PLACEMENT_3D('',#9851,#7593,#7594);
#6109=AXIS2_PLACEMENT_3D('',#9855,#7596,#7597);
#6110=AXIS2_PLACEMENT_3D('',#9857,#7599,#7600);
#6111=AXIS2_PLACEMENT_3D('',#9862,#7602,#7603);
#6112=AXIS2_PLACEMENT_3D('',#9867,#7605,#7606);
#6113=AXIS2_PLACEMENT_3D('',#9870,#7607,#7608);
#6114=AXIS2_PLACEMENT_3D('',#9874,#7610,#7611);
#6115=AXIS2_PLACEMENT_3D('',#9876,#7613,#7614);
#6116=AXIS2_PLACEMENT_3D('',#9881,#7616,#7617);
#6117=AXIS2_PLACEMENT_3D('',#9886,#7619,#7620);
#6118=AXIS2_PLACEMENT_3D('',#9889,#7621,#7622);
#6119=AXIS2_PLACEMENT_3D('',#9893,#7624,#7625);
#6120=AXIS2_PLACEMENT_3D('',#9895,#7627,#7628);
#6121=AXIS2_PLACEMENT_3D('',#9900,#7630,#7631);
#6122=AXIS2_PLACEMENT_3D('',#9905,#7633,#7634);
#6123=AXIS2_PLACEMENT_3D('',#9908,#7635,#7636);
#6124=AXIS2_PLACEMENT_3D('',#9912,#7638,#7639);
#6125=AXIS2_PLACEMENT_3D('',#9914,#7641,#7642);
#6126=AXIS2_PLACEMENT_3D('',#9919,#7644,#7645);
#6127=AXIS2_PLACEMENT_3D('',#9924,#7647,#7648);
#6128=AXIS2_PLACEMENT_3D('',#9927,#7649,#7650);
#6129=AXIS2_PLACEMENT_3D('',#9931,#7652,#7653);
#6130=AXIS2_PLACEMENT_3D('',#9933,#7655,#7656);
#6131=AXIS2_PLACEMENT_3D('',#9938,#7658,#7659);
#6132=AXIS2_PLACEMENT_3D('',#9943,#7661,#7662);
#6133=AXIS2_PLACEMENT_3D('',#9946,#7663,#7664);
#6134=AXIS2_PLACEMENT_3D('',#9950,#7666,#7667);
#6135=AXIS2_PLACEMENT_3D('',#9952,#7669,#7670);
#6136=AXIS2_PLACEMENT_3D('',#9957,#7672,#7673);
#6137=AXIS2_PLACEMENT_3D('',#9962,#7675,#7676);
#6138=AXIS2_PLACEMENT_3D('',#9964,#7677,#7678);
#6139=AXIS2_PLACEMENT_3D('',#9965,#7679,#7680);
#6140=AXIS2_PLACEMENT_3D('',#9966,#7681,#7682);
#6141=AXIS2_PLACEMENT_3D('',#9967,#7683,#7684);
#6142=AXIS2_PLACEMENT_3D('',#9968,#7685,#7686);
#6143=AXIS2_PLACEMENT_3D('',#9969,#7687,#7688);
#6144=AXIS2_PLACEMENT_3D('',#9970,#7689,#7690);
#6145=AXIS2_PLACEMENT_3D('',#9971,#7691,#7692);
#6146=AXIS2_PLACEMENT_3D('',#9972,#7693,#7694);
#6147=AXIS2_PLACEMENT_3D('',#9973,#7695,#7696);
#6148=AXIS2_PLACEMENT_3D('',#9974,#7697,#7698);
#6149=AXIS2_PLACEMENT_3D('',#9975,#7699,#7700);
#6150=AXIS2_PLACEMENT_3D('',#9976,#7701,#7702);
#6151=AXIS2_PLACEMENT_3D('',#9977,#7703,#7704);
#6152=AXIS2_PLACEMENT_3D('',#9978,#7705,#7706);
#6153=AXIS2_PLACEMENT_3D('',#9979,#7707,#7708);
#6154=AXIS2_PLACEMENT_3D('',#9980,#7709,#7710);
#6155=AXIS2_PLACEMENT_3D('',#9981,#7711,#7712);
#6156=AXIS2_PLACEMENT_3D('',#9982,#7713,#7714);
#6157=AXIS2_PLACEMENT_3D('',#9983,#7715,#7716);
#6158=AXIS2_PLACEMENT_3D('',#9984,#7717,#7718);
#6159=AXIS2_PLACEMENT_3D('',#9985,#7719,#7720);
#6160=AXIS2_PLACEMENT_3D('',#9986,#7721,#7722);
#6161=AXIS2_PLACEMENT_3D('',#9987,#7723,#7724);
#6162=AXIS2_PLACEMENT_3D('',#9988,#7725,#7726);
#6163=AXIS2_PLACEMENT_3D('',#9992,#7728,#7729);
#6164=AXIS2_PLACEMENT_3D('',#9993,#7730,#7731);
#6165=AXIS2_PLACEMENT_3D('',#9994,#7732,#7733);
#6166=AXIS2_PLACEMENT_3D('',#9996,#7734,#7735);
#6167=AXIS2_PLACEMENT_3D('',#9998,#7736,#7737);
#6168=AXIS2_PLACEMENT_3D('',#10000,#7738,#7739);
#6169=AXIS2_PLACEMENT_3D('',#10001,#7740,#7741);
#6170=AXIS2_PLACEMENT_3D('',#10002,#7742,#7743);
#6171=AXIS2_PLACEMENT_3D('',#10004,#7744,#7745);
#6172=AXIS2_PLACEMENT_3D('',#10006,#7747,#7748);
#6173=AXIS2_PLACEMENT_3D('',#10008,#7749,#7750);
#6174=AXIS2_PLACEMENT_3D('',#10010,#7751,#7752);
#6175=AXIS2_PLACEMENT_3D('',#10012,#7753,#7754);
#6176=AXIS2_PLACEMENT_3D('',#10014,#7755,#7756);
#6177=AXIS2_PLACEMENT_3D('',#10016,#7757,#7758);
#6178=AXIS2_PLACEMENT_3D('',#10017,#7759,#7760);
#6179=AXIS2_PLACEMENT_3D('',#10019,#7761,#7762);
#6180=AXIS2_PLACEMENT_3D('',#10022,#7764,#7765);
#6181=AXIS2_PLACEMENT_3D('',#10023,#7766,#7767);
#6182=AXIS2_PLACEMENT_3D('',#10025,#7769,#7770);
#6183=AXIS2_PLACEMENT_3D('',#10027,#7771,#7772);
#6184=AXIS2_PLACEMENT_3D('',#10030,#7774,#7775);
#6185=AXIS2_PLACEMENT_3D('',#10031,#7776,#7777);
#6186=AXIS2_PLACEMENT_3D('',#10033,#7779,#7780);
#6187=AXIS2_PLACEMENT_3D('',#10035,#7781,#7782);
#6188=AXIS2_PLACEMENT_3D('',#10038,#7784,#7785);
#6189=AXIS2_PLACEMENT_3D('',#10039,#7786,#7787);
#6190=AXIS2_PLACEMENT_3D('',#10041,#7789,#7790);
#6191=AXIS2_PLACEMENT_3D('',#10043,#7791,#7792);
#6192=AXIS2_PLACEMENT_3D('',#10046,#7794,#7795);
#6193=AXIS2_PLACEMENT_3D('',#10047,#7796,#7797);
#6194=AXIS2_PLACEMENT_3D('',#10049,#7799,#7800);
#6195=AXIS2_PLACEMENT_3D('',#10051,#7801,#7802);
#6196=AXIS2_PLACEMENT_3D('',#10052,#7803,#7804);
#6197=AXIS2_PLACEMENT_3D('',#10054,#7806,#7807);
#6198=AXIS2_PLACEMENT_3D('',#10055,#7808,#7809);
#6199=AXIS2_PLACEMENT_3D('',#10057,#7810,#7811);
#6200=AXIS2_PLACEMENT_3D('',#10059,#7813,#7814);
#6201=AXIS2_PLACEMENT_3D('',#10060,#7815,#7816);
#6202=AXIS2_PLACEMENT_3D('',#10062,#7818,#7819);
#6203=AXIS2_PLACEMENT_3D('',#10063,#7820,#7821);
#6204=AXIS2_PLACEMENT_3D('',#10065,#7822,#7823);
#6205=AXIS2_PLACEMENT_3D('',#10068,#7825,#7826);
#6206=AXIS2_PLACEMENT_3D('',#10069,#7827,#7828);
#6207=AXIS2_PLACEMENT_3D('',#10071,#7829,#7830);
#6208=AXIS2_PLACEMENT_3D('',#10074,#7832,#7833);
#6209=AXIS2_PLACEMENT_3D('',#10075,#7834,#7835);
#6210=AXIS2_PLACEMENT_3D('',#10076,#7836,#7837);
#6211=AXIS2_PLACEMENT_3D('',#10078,#7838,#7839);
#6212=AXIS2_PLACEMENT_3D('',#10081,#7841,#7842);
#6213=AXIS2_PLACEMENT_3D('',#10082,#7843,#7844);
#6214=AXIS2_PLACEMENT_3D('',#10083,#7845,#7846);
#6215=AXIS2_PLACEMENT_3D('',#10084,#7847,#7848);
#6216=AXIS2_PLACEMENT_3D('',#10085,#7849,#7850);
#6217=DIRECTION('axis',(0.,0.,1.));
#6218=DIRECTION('refdir',(1.,0.,0.));
#6219=DIRECTION('axis',(0.,0.,1.));
#6220=DIRECTION('refdir',(1.,0.,0.));
#6221=DIRECTION('center_axis',(0.,-1.,-2.03444009748065E-16));
#6222=DIRECTION('ref_axis',(0.,1.53134210293125E-16,-1.));
#6223=DIRECTION('center_axis',(0.,-1.,-2.03444009748065E-16));
#6224=DIRECTION('ref_axis',(0.,2.08649654857234E-16,-1.));
#6225=DIRECTION('',(0.,-1.,-2.03444009748065E-16));
#6226=DIRECTION('center_axis',(0.,1.,2.03444009748065E-16));
#6227=DIRECTION('ref_axis',(0.,2.13390412699476E-16,-1.));
#6228=DIRECTION('',(0.,1.,2.03444009748065E-16));
#6229=DIRECTION('center_axis',(0.,-1.,-2.03444009748065E-16));
#6230=DIRECTION('ref_axis',(0.,-2.07801715991629E-16,1.));
#6231=DIRECTION('center_axis',(0.,-1.,-2.03444009748065E-16));
#6232=DIRECTION('ref_axis',(0.,-2.13390412699476E-16,1.));
#6233=DIRECTION('',(-8.65956056235493E-17,-0.707106781186547,-0.707106781186548));
#6234=DIRECTION('center_axis',(0.,1.,1.55820775385987E-16));
#6235=DIRECTION('ref_axis',(-1.,0.,0.));
#6236=DIRECTION('center_axis',(8.1824041103368E-18,-1.,-1.93802322571698E-16));
#6237=DIRECTION('ref_axis',(0.195090322016129,-1.87985400748892E-16,0.98078528040323));
#6238=DIRECTION('center_axis',(0.,1.,1.55820775385987E-16));
#6239=DIRECTION('ref_axis',(-1.,0.,0.));
#6240=DIRECTION('center_axis',(-5.39021510485887E-17,-1.,-1.9066929743371E-16));
#6241=DIRECTION('ref_axis',(0.555570233019603,-1.87985400748892E-16,0.831469612302545));
#6242=DIRECTION('center_axis',(0.,1.,2.3373116307898E-16));
#6243=DIRECTION('ref_axis',(-1.,0.,0.));
#6244=DIRECTION('center_axis',(0.,-1.,-2.03444009748065E-16));
#6245=DIRECTION('ref_axis',(0.,2.08649654857234E-16,-1.));
#6246=DIRECTION('center_axis',(0.,1.,2.3373116307898E-16));
#6247=DIRECTION('ref_axis',(-1.,0.,0.));
#6248=DIRECTION('center_axis',(0.,-1.,-2.03444009748065E-16));
#6249=DIRECTION('ref_axis',(0.,2.08649654857234E-16,-1.));
#6250=DIRECTION('center_axis',(0.,1.,1.94775969232483E-16));
#6251=DIRECTION('ref_axis',(-1.,0.,0.));
#6252=DIRECTION('center_axis',(0.,-1.,-2.03444009748065E-16));
#6253=DIRECTION('ref_axis',(0.,2.08649654857234E-16,-1.));
#6254=DIRECTION('center_axis',(0.,1.,1.94775969232483E-16));
#6255=DIRECTION('ref_axis',(-1.,0.,0.));
#6256=DIRECTION('center_axis',(3.93268656792E-18,-1.,-3.33373238970954E-16));
#6257=DIRECTION('ref_axis',(0.831469612302545,1.87985400748892E-16,-0.555570233019602));
#6258=DIRECTION('center_axis',(0.,1.,2.3373116307898E-16));
#6259=DIRECTION('ref_axis',(-1.,0.,0.));
#6260=DIRECTION('center_axis',(0.,-1.,-2.03444009748065E-16));
#6261=DIRECTION('ref_axis',(0.,2.08649654857234E-16,-1.));
#6262=DIRECTION('center_axis',(0.,1.,2.3373116307898E-16));
#6263=DIRECTION('ref_axis',(-1.,0.,0.));
#6264=DIRECTION('center_axis',(6.8020788557759E-18,-1.,-1.90821723590948E-16));
#6265=DIRECTION('ref_axis',(0.195090322016128,1.87985400748892E-16,-0.980785280403231));
#6266=DIRECTION('center_axis',(0.,1.,1.55820775385987E-16));
#6267=DIRECTION('ref_axis',(-1.,0.,0.));
#6268=DIRECTION('center_axis',(0.,1.,1.55820775385987E-16));
#6269=DIRECTION('ref_axis',(-1.,0.,0.));
#6270=DIRECTION('center_axis',(0.,-1.,-2.03444009748065E-16));
#6271=DIRECTION('ref_axis',(0.,2.08649654857234E-16,-1.));
#6272=DIRECTION('center_axis',(0.,1.,2.3373116307898E-16));
#6273=DIRECTION('ref_axis',(-1.,0.,0.));
#6274=DIRECTION('center_axis',(0.,-1.,-2.03444009748065E-16));
#6275=DIRECTION('ref_axis',(0.,2.08649654857234E-16,-1.));
#6276=DIRECTION('center_axis',(0.,1.,2.3373116307898E-16));
#6277=DIRECTION('ref_axis',(-1.,0.,0.));
#6278=DIRECTION('center_axis',(2.98059898074968E-17,-1.,-1.49844829661128E-16));
#6279=DIRECTION('ref_axis',(-0.98078528040323,0.,-0.195090322016129));
#6280=DIRECTION('center_axis',(0.,1.,1.94775969232483E-16));
#6281=DIRECTION('ref_axis',(-1.,0.,0.));
#6282=DIRECTION('center_axis',(-3.5767187768996E-17,-1.,-1.79813795593354E-16));
#6283=DIRECTION('ref_axis',(-0.98078528040323,0.,0.195090322016128));
#6284=DIRECTION('center_axis',(0.,1.,1.94775969232483E-16));
#6285=DIRECTION('ref_axis',(-1.,0.,0.));
#6286=DIRECTION('center_axis',(0.,1.,2.03444009748065E-16));
#6287=DIRECTION('ref_axis',(0.,-2.03444009748065E-16,1.));
#6288=DIRECTION('center_axis',(0.,1.,2.3373116307898E-16));
#6289=DIRECTION('ref_axis',(-1.,0.,0.));
#6290=DIRECTION('center_axis',(0.,-1.,-2.03444009748065E-16));
#6291=DIRECTION('ref_axis',(0.,2.08649654857234E-16,-1.));
#6292=DIRECTION('center_axis',(0.,1.,2.3373116307898E-16));
#6293=DIRECTION('ref_axis',(-1.,0.,0.));
#6294=DIRECTION('center_axis',(0.,-1.,-2.03444009748065E-16));
#6295=DIRECTION('ref_axis',(0.,2.08649654857234E-16,-1.));
#6296=DIRECTION('center_axis',(0.,1.,1.55820775385987E-16));
#6297=DIRECTION('ref_axis',(-1.,0.,0.));
#6298=DIRECTION('center_axis',(0.,-1.,-2.03444009748065E-16));
#6299=DIRECTION('ref_axis',(0.,-2.13390412699476E-16,1.));
#6300=DIRECTION('center_axis',(0.,1.,2.03444009748065E-16));
#6301=DIRECTION('ref_axis',(1.,0.,0.));
#6302=DIRECTION('center_axis',(0.,-1.,-2.03444009748065E-16));
#6303=DIRECTION('ref_axis',(0.,-2.13390412699476E-16,1.));
#6304=DIRECTION('center_axis',(0.,1.,2.03444009748065E-16));
#6305=DIRECTION('ref_axis',(1.,0.,0.));
#6306=DIRECTION('center_axis',(0.,-1.,-2.03444009748065E-16));
#6307=DIRECTION('ref_axis',(0.,-2.13390412699476E-16,1.));
#6308=DIRECTION('center_axis',(0.,1.,2.03444009748065E-16));
#6309=DIRECTION('ref_axis',(1.,0.,0.));
#6310=DIRECTION('center_axis',(0.,-1.,-2.03444009748065E-16));
#6311=DIRECTION('ref_axis',(0.,-2.13390412699476E-16,1.));
#6312=DIRECTION('center_axis',(0.,1.,2.03444009748065E-16));
#6313=DIRECTION('ref_axis',(1.,0.,0.));
#6314=DIRECTION('center_axis',(0.,-1.,-2.03444009748065E-16));
#6315=DIRECTION('ref_axis',(0.,-2.13390412699476E-16,1.));
#6316=DIRECTION('center_axis',(0.,1.,2.03444009748065E-16));
#6317=DIRECTION('ref_axis',(1.,0.,0.));
#6318=DIRECTION('center_axis',(0.,-1.,-2.03444009748065E-16));
#6319=DIRECTION('ref_axis',(0.,-2.13390412699476E-16,1.));
#6320=DIRECTION('center_axis',(0.,1.,2.03444009748065E-16));
#6321=DIRECTION('ref_axis',(1.,0.,0.));
#6322=DIRECTION('center_axis',(0.,-1.,-2.03444009748065E-16));
#6323=DIRECTION('ref_axis',(0.,-2.13390412699476E-16,1.));
#6324=DIRECTION('center_axis',(0.,1.,2.03444009748065E-16));
#6325=DIRECTION('ref_axis',(1.,0.,0.));
#6326=DIRECTION('center_axis',(0.,-1.,-2.03444009748065E-16));
#6327=DIRECTION('ref_axis',(0.,-2.13390412699476E-16,1.));
#6328=DIRECTION('center_axis',(0.,1.,2.03444009748065E-16));
#6329=DIRECTION('ref_axis',(1.,0.,0.));
#6330=DIRECTION('center_axis',(0.,-1.,-2.03444009748065E-16));
#6331=DIRECTION('ref_axis',(0.,-2.13390412699476E-16,1.));
#6332=DIRECTION('center_axis',(0.,1.,2.03444009748065E-16));
#6333=DIRECTION('ref_axis',(1.,0.,0.));
#6334=DIRECTION('center_axis',(0.,-1.,-2.03444009748065E-16));
#6335=DIRECTION('ref_axis',(0.,-2.13390412699476E-16,1.));
#6336=DIRECTION('center_axis',(0.,1.,2.03444009748065E-16));
#6337=DIRECTION('ref_axis',(1.,0.,0.));
#6338=DIRECTION('center_axis',(0.,-1.,-2.03444009748065E-16));
#6339=DIRECTION('ref_axis',(0.,-2.13390412699476E-16,1.));
#6340=DIRECTION('center_axis',(0.,1.,2.03444009748065E-16));
#6341=DIRECTION('ref_axis',(1.,0.,0.));
#6342=DIRECTION('center_axis',(0.,-1.,-2.03444009748065E-16));
#6343=DIRECTION('ref_axis',(0.,-2.13390412699476E-16,1.));
#6344=DIRECTION('center_axis',(0.,1.,2.03444009748065E-16));
#6345=DIRECTION('ref_axis',(1.,0.,0.));
#6346=DIRECTION('center_axis',(0.,-1.,-2.03444009748065E-16));
#6347=DIRECTION('ref_axis',(0.,-2.13390412699476E-16,1.));
#6348=DIRECTION('center_axis',(0.,1.,2.03444009748065E-16));
#6349=DIRECTION('ref_axis',(1.,0.,0.));
#6350=DIRECTION('center_axis',(0.,-1.,-2.03444009748065E-16));
#6351=DIRECTION('ref_axis',(0.,-2.13390412699476E-16,1.));
#6352=DIRECTION('center_axis',(0.,1.,2.03444009748065E-16));
#6353=DIRECTION('ref_axis',(1.,0.,0.));
#6354=DIRECTION('center_axis',(0.,-1.,-2.03444009748065E-16));
#6355=DIRECTION('ref_axis',(0.,-2.13390412699476E-16,1.));
#6356=DIRECTION('center_axis',(0.,1.,2.03444009748065E-16));
#6357=DIRECTION('ref_axis',(1.,0.,0.));
#6358=DIRECTION('center_axis',(0.,-1.,-2.03444009748065E-16));
#6359=DIRECTION('ref_axis',(0.,-2.13390412699476E-16,1.));
#6360=DIRECTION('center_axis',(0.,1.,2.03444009748065E-16));
#6361=DIRECTION('ref_axis',(1.,0.,0.));
#6362=DIRECTION('center_axis',(-0.537299608346824,-1.31417909040472E-16,
0.843391445812886));
#6363=DIRECTION('ref_axis',(0.843391445812886,-1.09310386758143E-16,0.537299608346824));
#6364=DIRECTION('',(0.,1.,2.03444009748065E-16));
#6365=DIRECTION('',(0.843391445812886,-1.09310386758143E-16,0.537299608346824));
#6366=DIRECTION('',(0.,1.,1.55820775385987E-16));
#6367=DIRECTION('center_axis',(0.,-1.,-2.03444009748065E-16));
#6368=DIRECTION('ref_axis',(0.,1.53134210293125E-16,-1.));
#6369=DIRECTION('',(0.,-1.,-2.03444009748065E-16));
#6370=DIRECTION('center_axis',(0.,1.,2.03444009748065E-16));
#6371=DIRECTION('ref_axis',(0.,2.13390412699476E-16,-1.));
#6372=DIRECTION('',(0.,1.,2.03444009748065E-16));
#6373=DIRECTION('center_axis',(-0.173648177666931,-2.3018026152074E-16,
0.984807753012208));
#6374=DIRECTION('ref_axis',(0.984807753012208,-3.53276815500048E-17,0.173648177666931));
#6375=DIRECTION('',(0.,1.,2.03444009748065E-16));
#6376=DIRECTION('',(0.984807753012208,-3.53276815500048E-17,0.173648177666931));
#6377=DIRECTION('',(0.,-1.,-2.3373116307898E-16));
#6378=DIRECTION('center_axis',(0.,-1.,-2.03444009748065E-16));
#6379=DIRECTION('ref_axis',(0.,1.53134210293125E-16,-1.));
#6380=DIRECTION('',(0.,-1.,-2.03444009748065E-16));
#6381=DIRECTION('center_axis',(0.,1.,2.03444009748065E-16));
#6382=DIRECTION('ref_axis',(0.,2.13390412699476E-16,-1.));
#6383=DIRECTION('',(0.,1.,2.03444009748065E-16));
#6384=DIRECTION('center_axis',(0.216439613938103,-2.28190801253506E-16,
0.976296007119933));
#6385=DIRECTION('ref_axis',(0.976296007119933,4.40333429278908E-17,-0.216439613938103));
#6386=DIRECTION('',(0.,1.,2.03444009748065E-16));
#6387=DIRECTION('',(0.976296007119933,4.40333429278908E-17,-0.216439613938103));
#6388=DIRECTION('',(0.,-1.,-2.3373116307898E-16));
#6389=DIRECTION('center_axis',(0.,-1.,-2.03444009748065E-16));
#6390=DIRECTION('ref_axis',(0.,1.53134210293125E-16,-1.));
#6391=DIRECTION('',(0.,-1.,-2.03444009748065E-16));
#6392=DIRECTION('center_axis',(0.,1.,2.03444009748065E-16));
#6393=DIRECTION('ref_axis',(0.,2.13390412699476E-16,-1.));
#6394=DIRECTION('',(0.,1.,2.03444009748065E-16));
#6395=DIRECTION('center_axis',(-0.216439613938099,2.28190801253506E-16,
-0.976296007119934));
#6396=DIRECTION('ref_axis',(-0.976296007119934,-4.40333429278902E-17,0.216439613938099));
#6397=DIRECTION('',(0.,1.,2.03444009748065E-16));
#6398=DIRECTION('',(-0.976296007119934,-4.40333429278902E-17,0.216439613938099));
#6399=DIRECTION('',(0.,-1.,-2.3373116307898E-16));
#6400=DIRECTION('center_axis',(0.,-1.,-2.03444009748065E-16));
#6401=DIRECTION('ref_axis',(0.,1.53134210293125E-16,-1.));
#6402=DIRECTION('',(0.,-1.,-2.03444009748065E-16));
#6403=DIRECTION('center_axis',(0.,1.,2.03444009748065E-16));
#6404=DIRECTION('ref_axis',(0.,2.13390412699476E-16,-1.));
#6405=DIRECTION('',(0.,1.,2.03444009748065E-16));
#6406=DIRECTION('center_axis',(-0.573576436351043,1.59551133375159E-16,
-0.819152044288994));
#6407=DIRECTION('ref_axis',(-0.819152044288994,-1.16690690108262E-16,0.573576436351043));
#6408=DIRECTION('',(0.,1.,2.03444009748065E-16));
#6409=DIRECTION('',(-0.819152044288994,-1.16690690108262E-16,0.573576436351043));
#6410=DIRECTION('',(0.,-1.,-1.94775969232483E-16));
#6411=DIRECTION('center_axis',(0.,-1.,-2.03444009748065E-16));
#6412=DIRECTION('ref_axis',(0.,1.53134210293125E-16,-1.));
#6413=DIRECTION('',(0.,-1.,-2.03444009748065E-16));
#6414=DIRECTION('center_axis',(0.,1.,2.03444009748065E-16));
#6415=DIRECTION('ref_axis',(0.,2.13390412699476E-16,-1.));
#6416=DIRECTION('',(0.,1.,2.03444009748065E-16));
#6417=DIRECTION('center_axis',(-0.843391445812887,1.04653051983986E-16,
-0.537299608346822));
#6418=DIRECTION('ref_axis',(-0.537299608346822,-1.71582937523392E-16,0.843391445812887));
#6419=DIRECTION('',(0.,1.,2.03444009748065E-16));
#6420=DIRECTION('',(-0.537299608346822,-1.71582937523392E-16,0.843391445812887));
#6421=DIRECTION('',(0.,-1.,-1.94775969232483E-16));
#6422=DIRECTION('center_axis',(0.,1.,2.03444009748065E-16));
#6423=DIRECTION('ref_axis',(0.,-1.53134210293125E-16,1.));
#6424=DIRECTION('center_axis',(0.,-1.,-2.03444009748065E-16));
#6425=DIRECTION('ref_axis',(-0.831469612302545,-1.9842534425529E-16,0.555570233019602));
#6426=DIRECTION('center_axis',(0.,1.,2.03444009748065E-16));
#6427=DIRECTION('ref_axis',(-0.831469612302546,-1.07672491612354E-16,0.555570233019602));
#6428=DIRECTION('center_axis',(-0.216439613938102,-1.90159001044588E-16,
0.976296007119934));
#6429=DIRECTION('ref_axis',(0.976296007119934,-4.40333429278907E-17,0.216439613938102));
#6430=DIRECTION('',(0.,-1.,-1.94775969232483E-16));
#6431=DIRECTION('',(0.976296007119934,-4.40333429278907E-17,0.216439613938102));
#6432=DIRECTION('',(0.,-1.,-2.03444009748065E-16));
#6433=DIRECTION('center_axis',(3.93268656792E-18,-1.,-3.33373238970954E-16));
#6434=DIRECTION('ref_axis',(-0.831469612302545,-1.38987774120038E-16,0.555570233019602));
#6435=DIRECTION('center_axis',(0.,-1.,-2.03444009748065E-16));
#6436=DIRECTION('ref_axis',(0.,1.53134210293125E-16,-1.));
#6437=DIRECTION('',(0.,-1.,-2.03444009748065E-16));
#6438=DIRECTION('center_axis',(0.,1.,2.03444009748065E-16));
#6439=DIRECTION('ref_axis',(0.,2.13390412699476E-16,-1.));
#6440=DIRECTION('',(0.,1.,2.03444009748065E-16));
#6441=DIRECTION('center_axis',(-0.976296007119933,-5.05886827021182E-17,
0.216439613938103));
#6442=DIRECTION('ref_axis',(0.216439613938103,-1.98621574389505E-16,0.976296007119933));
#6443=DIRECTION('',(0.,1.,2.03444009748065E-16));
#6444=DIRECTION('',(0.216439613938103,-1.98621574389505E-16,0.976296007119933));
#6445=DIRECTION('',(0.,1.,2.3373116307898E-16));
#6446=DIRECTION('center_axis',(0.,1.,2.03444009748065E-16));
#6447=DIRECTION('ref_axis',(0.,-1.53134210293125E-16,1.));
#6448=DIRECTION('center_axis',(0.,-1.,-2.03444009748065E-16));
#6449=DIRECTION('ref_axis',(-0.195090322016128,-1.9842534425529E-16,0.980785280403231));
#6450=DIRECTION('center_axis',(0.,1.,2.03444009748065E-16));
#6451=DIRECTION('ref_axis',(-0.195090322016128,-2.03381373045557E-16,0.980785280403231));
#6452=DIRECTION('center_axis',(0.537299608346824,-1.97126863560708E-16,
0.843391445812886));
#6453=DIRECTION('ref_axis',(0.843391445812886,1.09310386758143E-16,-0.537299608346824));
#6454=DIRECTION('',(0.,1.,2.3373116307898E-16));
#6455=DIRECTION('',(0.843391445812886,1.09310386758143E-16,-0.537299608346824));
#6456=DIRECTION('',(0.,-1.,-2.03444009748065E-16));
#6457=DIRECTION('center_axis',(6.8020788557759E-18,-1.,-1.90821723590948E-16));
#6458=DIRECTION('ref_axis',(-0.195090322016128,-1.38987774120038E-16,0.980785280403231));
#6459=DIRECTION('center_axis',(0.81915204428899,-8.93751250553514E-17,0.573576436351049));
#6460=DIRECTION('ref_axis',(0.573576436351049,1.66651576483477E-16,-0.81915204428899));
#6461=DIRECTION('',(0.,-1.,-1.55820775385987E-16));
#6462=DIRECTION('',(0.573576436351049,1.66651576483477E-16,-0.81915204428899));
#6463=DIRECTION('',(0.,-1.,-2.03444009748065E-16));
#6464=DIRECTION('center_axis',(0.976296007119933,-3.37257884680791E-17,
0.216439613938105));
#6465=DIRECTION('ref_axis',(0.216439613938105,1.98621574389505E-16,-0.976296007119933));
#6466=DIRECTION('',(0.,1.,1.55820775385987E-16));
#6467=DIRECTION('',(0.216439613938105,1.98621574389505E-16,-0.976296007119933));
#6468=DIRECTION('',(0.,-1.,-2.03444009748065E-16));
#6469=DIRECTION('center_axis',(0.984807753012209,4.05869905326364E-17,-0.173648177666928));
#6470=DIRECTION('ref_axis',(-0.173648177666928,2.00353238103786E-16,-0.984807753012208));
#6471=DIRECTION('',(0.,-1.,-2.3373116307898E-16));
#6472=DIRECTION('',(-0.173648177666928,2.00353238103786E-16,-0.984807753012208));
#6473=DIRECTION('',(0.,-1.,-2.03444009748065E-16));
#6474=DIRECTION('center_axis',(0.,1.,2.03444009748065E-16));
#6475=DIRECTION('ref_axis',(0.,-1.53134210293125E-16,1.));
#6476=DIRECTION('center_axis',(0.,-1.,-2.03444009748065E-16));
#6477=DIRECTION('ref_axis',(0.98078528040323,0.,0.195090322016128));
#6478=DIRECTION('center_axis',(0.,1.,2.03444009748065E-16));
#6479=DIRECTION('ref_axis',(0.980785280403231,-3.58908305374512E-17,0.195090322016128));
#6480=DIRECTION('center_axis',(0.843391445812886,1.25583662380783E-16,-0.537299608346823));
#6481=DIRECTION('ref_axis',(-0.537299608346823,1.71582937523392E-16,-0.843391445812886));
#6482=DIRECTION('',(0.,-1.,-2.3373116307898E-16));
#6483=DIRECTION('',(-0.537299608346823,1.71582937523392E-16,-0.843391445812886));
#6484=DIRECTION('',(0.,-1.,-2.03444009748065E-16));
#6485=DIRECTION('center_axis',(2.98059898074968E-17,-1.,-1.49844829661128E-16));
#6486=DIRECTION('ref_axis',(0.980785280403231,0.,0.195090322016128));
#6487=DIRECTION('center_axis',(0.,1.,2.03444009748065E-16));
#6488=DIRECTION('ref_axis',(0.,-1.53134210293125E-16,1.));
#6489=DIRECTION('center_axis',(0.,-1.,-2.03444009748065E-16));
#6490=DIRECTION('ref_axis',(0.980785280403231,0.,-0.195090322016127));
#6491=DIRECTION('center_axis',(0.,1.,2.03444009748065E-16));
#6492=DIRECTION('ref_axis',(0.980785280403231,3.58908305374512E-17,-0.195090322016127));
#6493=DIRECTION('center_axis',(0.573576436351047,1.59551133375158E-16,-0.819152044288991));
#6494=DIRECTION('ref_axis',(-0.819152044288991,1.16690690108263E-16,-0.573576436351047));
#6495=DIRECTION('',(0.,-1.,-1.94775969232483E-16));
#6496=DIRECTION('',(-0.819152044288991,1.16690690108263E-16,-0.573576436351047));
#6497=DIRECTION('',(0.,-1.,-2.03444009748065E-16));
#6498=DIRECTION('center_axis',(-3.5767187768996E-17,-1.,-1.79813795593354E-16));
#6499=DIRECTION('ref_axis',(0.980785280403231,0.,-0.195090322016128));
#6500=DIRECTION('center_axis',(-6.89239643607181E-18,-1.,-1.98838657685411E-16));
#6501=DIRECTION('ref_axis',(0.831469612302546,1.53134210293125E-16,-0.555570233019602));
#6502=DIRECTION('center_axis',(6.89239643607181E-18,1.,1.98838657685411E-16));
#6503=DIRECTION('ref_axis',(-0.831469612302546,-1.04738021191053E-16,0.555570233019602));
#6504=DIRECTION('center_axis',(0.216439613938103,1.90159001044588E-16,-0.976296007119933));
#6505=DIRECTION('ref_axis',(-0.976296007119933,4.40333429278909E-17,-0.216439613938103));
#6506=DIRECTION('',(0.,-1.,-1.94775969232483E-16));
#6507=DIRECTION('',(-0.976296007119933,4.40333429278909E-17,-0.216439613938103));
#6508=DIRECTION('',(0.,-1.,-2.03444009748065E-16));
#6509=DIRECTION('center_axis',(0.,-1.,-2.03444009748065E-16));
#6510=DIRECTION('ref_axis',(0.,1.53134210293125E-16,-1.));
#6511=DIRECTION('',(0.,-1.,-2.03444009748065E-16));
#6512=DIRECTION('center_axis',(0.,1.,2.03444009748065E-16));
#6513=DIRECTION('ref_axis',(0.,2.13390412699476E-16,-1.));
#6514=DIRECTION('',(0.,1.,2.03444009748065E-16));
#6515=DIRECTION('center_axis',(0.976296007119934,5.05886827021173E-17,-0.216439613938099));
#6516=DIRECTION('ref_axis',(-0.216439613938099,1.98621574389505E-16,-0.976296007119934));
#6517=DIRECTION('',(0.,1.,2.03444009748065E-16));
#6518=DIRECTION('',(-0.216439613938099,1.98621574389505E-16,-0.976296007119934));
#6519=DIRECTION('',(0.,1.,2.3373116307898E-16));
#6520=DIRECTION('center_axis',(-0.17364817766693,2.3018026152074E-16,-0.984807753012208));
#6521=DIRECTION('ref_axis',(-0.984807753012208,-3.53276815500047E-17,0.17364817766693));
#6522=DIRECTION('',(0.,1.,2.3373116307898E-16));
#6523=DIRECTION('',(-0.984807753012208,-3.53276815500047E-17,0.17364817766693));
#6524=DIRECTION('',(0.,-1.,-2.03444009748065E-16));
#6525=DIRECTION('center_axis',(0.,-1.,-2.03444009748065E-16));
#6526=DIRECTION('ref_axis',(0.,1.53134210293125E-16,-1.));
#6527=DIRECTION('',(0.,-1.,-2.03444009748065E-16));
#6528=DIRECTION('center_axis',(0.,1.,2.03444009748065E-16));
#6529=DIRECTION('ref_axis',(0.,2.13390412699476E-16,-1.));
#6530=DIRECTION('',(0.,1.,2.03444009748065E-16));
#6531=DIRECTION('center_axis',(0.819152044288994,8.93751250553504E-17,-0.573576436351043));
#6532=DIRECTION('ref_axis',(-0.573576436351042,1.66651576483478E-16,-0.819152044288994));
#6533=DIRECTION('',(0.,1.,2.03444009748065E-16));
#6534=DIRECTION('',(-0.573576436351042,1.66651576483478E-16,-0.819152044288994));
#6535=DIRECTION('',(0.,1.,1.55820775385987E-16));
#6536=DIRECTION('center_axis',(-0.537299608346823,1.97126863560708E-16,
-0.843391445812886));
#6537=DIRECTION('ref_axis',(-0.843391445812886,-1.09310386758143E-16,0.537299608346823));
#6538=DIRECTION('',(0.,1.,2.3373116307898E-16));
#6539=DIRECTION('',(-0.843391445812886,-1.09310386758143E-16,0.537299608346823));
#6540=DIRECTION('',(0.,-1.,-2.03444009748065E-16));
#6541=DIRECTION('center_axis',(0.,1.,2.03444009748065E-16));
#6542=DIRECTION('ref_axis',(0.,-1.53134210293125E-16,1.));
#6543=DIRECTION('center_axis',(0.,-1.,-2.03444009748065E-16));
#6544=DIRECTION('ref_axis',(-0.195090322016128,1.9842534425529E-16,-0.98078528040323));
#6545=DIRECTION('center_axis',(0.,1.,2.03444009748065E-16));
#6546=DIRECTION('ref_axis',(-0.195090322016128,2.03381373045557E-16,-0.980785280403231));
#6547=DIRECTION('center_axis',(-0.81915204428899,8.93751250553513E-17,-0.573576436351048));
#6548=DIRECTION('ref_axis',(-0.573576436351048,-1.66651576483477E-16,0.81915204428899));
#6549=DIRECTION('',(0.,1.,1.55820775385987E-16));
#6550=DIRECTION('',(-0.573576436351048,-1.66651576483477E-16,0.81915204428899));
#6551=DIRECTION('',(0.,-1.,-2.03444009748065E-16));
#6552=DIRECTION('center_axis',(8.1824041103368E-18,-1.,-1.93802322571698E-16));
#6553=DIRECTION('ref_axis',(-0.195090322016129,1.38987774120038E-16,-0.98078528040323));
#6554=DIRECTION('center_axis',(0.,1.,2.03444009748065E-16));
#6555=DIRECTION('ref_axis',(0.,-1.53134210293125E-16,1.));
#6556=DIRECTION('center_axis',(0.,-1.,-2.03444009748065E-16));
#6557=DIRECTION('ref_axis',(-0.555570233019602,1.9842534425529E-16,-0.831469612302545));
#6558=DIRECTION('center_axis',(0.,1.,2.03444009748065E-16));
#6559=DIRECTION('ref_axis',(-0.555570233019602,1.67490542508106E-16,-0.831469612302545));
#6560=DIRECTION('center_axis',(-0.976296007119933,3.3725788468079E-17,-0.216439613938104));
#6561=DIRECTION('ref_axis',(-0.216439613938104,-1.98621574389505E-16,0.976296007119933));
#6562=DIRECTION('',(0.,1.,1.55820775385987E-16));
#6563=DIRECTION('',(-0.216439613938104,-1.98621574389505E-16,0.976296007119933));
#6564=DIRECTION('',(0.,-1.,-2.03444009748065E-16));
#6565=DIRECTION('center_axis',(-5.39021510485887E-17,-1.,-1.9066929743371E-16));
#6566=DIRECTION('ref_axis',(-0.555570233019602,1.38987774120038E-16,-0.831469612302545));
#6567=DIRECTION('center_axis',(-0.984807753012208,-4.05869905326369E-17,
0.17364817766693));
#6568=DIRECTION('ref_axis',(0.17364817766693,-2.00353238103786E-16,0.984807753012208));
#6569=DIRECTION('',(0.,-1.,-2.3373116307898E-16));
#6570=DIRECTION('',(0.17364817766693,-2.00353238103786E-16,0.984807753012208));
#6571=DIRECTION('',(0.,-1.,-2.03444009748065E-16));
#6572=DIRECTION('center_axis',(-0.843391445812886,-1.25583662380783E-16,
0.537299608346823));
#6573=DIRECTION('ref_axis',(0.537299608346823,-1.71582937523392E-16,0.843391445812886));
#6574=DIRECTION('',(0.,-1.,-2.3373116307898E-16));
#6575=DIRECTION('',(0.537299608346823,-1.71582937523392E-16,0.843391445812886));
#6576=DIRECTION('',(0.,-1.,-2.03444009748065E-16));
#6577=DIRECTION('center_axis',(-0.573576436351046,-1.59551133375158E-16,
0.819152044288992));
#6578=DIRECTION('ref_axis',(0.819152044288992,-1.16690690108263E-16,0.573576436351046));
#6579=DIRECTION('',(0.,-1.,-1.94775969232483E-16));
#6580=DIRECTION('',(0.819152044288992,-1.16690690108263E-16,0.573576436351046));
#6581=DIRECTION('',(0.,-1.,-2.03444009748065E-16));
#6582=DIRECTION('center_axis',(0.173648177666931,-2.3018026152074E-16,0.984807753012208));
#6583=DIRECTION('ref_axis',(0.984807753012208,3.53276815500048E-17,-0.173648177666931));
#6584=DIRECTION('',(0.,1.,2.3373116307898E-16));
#6585=DIRECTION('',(0.984807753012208,3.53276815500048E-17,-0.173648177666931));
#6586=DIRECTION('',(0.,-1.,-2.03444009748065E-16));
#6587=DIRECTION('center_axis',(0.,1.,2.03444009748065E-16));
#6588=DIRECTION('ref_axis',(0.,2.13390412699476E-16,-1.));
#6589=DIRECTION('',(0.,1.,2.03540887847945E-16));
#6590=DIRECTION('center_axis',(0.,1.,2.03444009748065E-16));
#6591=DIRECTION('ref_axis',(-1.,0.,0.));
#6592=DIRECTION('',(0.,1.,2.03540887847945E-16));
#6593=DIRECTION('center_axis',(0.,1.,2.03444009748065E-16));
#6594=DIRECTION('ref_axis',(0.,2.13390412699476E-16,-1.));
#6595=DIRECTION('',(0.,1.,2.96059473233374E-16));
#6596=DIRECTION('center_axis',(0.,1.,2.03444009748065E-16));
#6597=DIRECTION('ref_axis',(-1.,0.,0.));
#6598=DIRECTION('',(0.,1.,2.96059473233374E-16));
#6599=DIRECTION('center_axis',(0.,1.,2.03444009748065E-16));
#6600=DIRECTION('ref_axis',(0.,2.13390412699476E-16,-1.));
#6601=DIRECTION('',(0.,1.,2.03540887847945E-16));
#6602=DIRECTION('center_axis',(0.,1.,2.03444009748065E-16));
#6603=DIRECTION('ref_axis',(-1.,0.,0.));
#6604=DIRECTION('',(0.,1.,2.03540887847945E-16));
#6605=DIRECTION('center_axis',(0.,1.,2.03444009748065E-16));
#6606=DIRECTION('ref_axis',(0.,2.13390412699476E-16,-1.));
#6607=DIRECTION('',(0.,-1.,-2.03444009748065E-16));
#6608=DIRECTION('center_axis',(0.,1.,2.03444009748065E-16));
#6609=DIRECTION('ref_axis',(-1.,0.,0.));
#6610=DIRECTION('',(0.,1.,2.03444009748065E-16));
#6611=DIRECTION('center_axis',(0.,1.,2.03444009748065E-16));
#6612=DIRECTION('ref_axis',(1.,0.,0.));
#6613=DIRECTION('',(0.,-1.,-2.03444009748065E-16));
#6614=DIRECTION('center_axis',(0.,1.,2.03444009748065E-16));
#6615=DIRECTION('ref_axis',(-1.,0.,0.));
#6616=DIRECTION('',(0.,1.,2.03444009748065E-16));
#6617=DIRECTION('center_axis',(0.,1.,2.03444009748065E-16));
#6618=DIRECTION('ref_axis',(1.,0.,0.));
#6619=DIRECTION('',(0.,-1.,-2.03444009748065E-16));
#6620=DIRECTION('center_axis',(0.,1.,2.03444009748065E-16));
#6621=DIRECTION('ref_axis',(-1.,0.,0.));
#6622=DIRECTION('',(0.,1.,2.03444009748065E-16));
#6623=DIRECTION('center_axis',(0.,1.,2.03444009748065E-16));
#6624=DIRECTION('ref_axis',(1.,0.,0.));
#6625=DIRECTION('',(0.,-1.,-2.03444009748065E-16));
#6626=DIRECTION('center_axis',(0.,1.,2.03444009748065E-16));
#6627=DIRECTION('ref_axis',(-1.,0.,0.));
#6628=DIRECTION('',(0.,1.,2.03444009748065E-16));
#6629=DIRECTION('center_axis',(0.,1.,2.03444009748065E-16));
#6630=DIRECTION('ref_axis',(1.,0.,0.));
#6631=DIRECTION('',(0.,-1.,-2.03444009748065E-16));
#6632=DIRECTION('center_axis',(0.,1.,2.03444009748065E-16));
#6633=DIRECTION('ref_axis',(-1.,0.,0.));
#6634=DIRECTION('',(0.,1.,2.03444009748065E-16));
#6635=DIRECTION('center_axis',(0.,1.,2.03444009748065E-16));
#6636=DIRECTION('ref_axis',(1.,0.,0.));
#6637=DIRECTION('',(0.,-1.,-2.03444009748065E-16));
#6638=DIRECTION('center_axis',(0.,1.,2.03444009748065E-16));
#6639=DIRECTION('ref_axis',(-1.,0.,0.));
#6640=DIRECTION('',(0.,1.,2.03444009748065E-16));
#6641=DIRECTION('center_axis',(0.,1.,2.03444009748065E-16));
#6642=DIRECTION('ref_axis',(1.,0.,0.));
#6643=DIRECTION('',(0.,-1.,-2.03444009748065E-16));
#6644=DIRECTION('center_axis',(0.,1.,2.03444009748065E-16));
#6645=DIRECTION('ref_axis',(-1.,0.,0.));
#6646=DIRECTION('',(0.,1.,2.03444009748065E-16));
#6647=DIRECTION('center_axis',(0.,1.,2.03444009748065E-16));
#6648=DIRECTION('ref_axis',(1.,0.,0.));
#6649=DIRECTION('',(0.,-1.,-2.03444009748065E-16));
#6650=DIRECTION('center_axis',(0.,1.,2.03444009748065E-16));
#6651=DIRECTION('ref_axis',(-1.,0.,0.));
#6652=DIRECTION('',(0.,1.,2.03444009748065E-16));
#6653=DIRECTION('center_axis',(0.,1.,2.03444009748065E-16));
#6654=DIRECTION('ref_axis',(1.,0.,0.));
#6655=DIRECTION('',(0.,-1.,-2.03444009748065E-16));
#6656=DIRECTION('center_axis',(0.,-1.,-2.03444009748065E-16));
#6657=DIRECTION('ref_axis',(0.,-2.13390412699476E-16,1.));
#6658=DIRECTION('',(0.,1.,1.55820775385987E-16));
#6659=DIRECTION('',(0.,1.,1.55820775385987E-16));
#6660=DIRECTION('center_axis',(0.,-1.,-2.03444009748065E-16));
#6661=DIRECTION('ref_axis',(0.,-2.13390412699476E-16,1.));
#6662=DIRECTION('',(0.,1.,2.3373116307898E-16));
#6663=DIRECTION('',(0.,1.,2.3373116307898E-16));
#6664=DIRECTION('center_axis',(0.,-1.,-2.03444009748065E-16));
#6665=DIRECTION('ref_axis',(0.,-2.13390412699476E-16,1.));
#6666=DIRECTION('',(0.,1.,2.3373116307898E-16));
#6667=DIRECTION('',(0.,1.,2.3373116307898E-16));
#6668=DIRECTION('center_axis',(0.,-1.,-2.03444009748065E-16));
#6669=DIRECTION('ref_axis',(0.,-2.13390412699476E-16,1.));
#6670=DIRECTION('',(0.,1.,1.94775969232483E-16));
#6671=DIRECTION('',(0.,1.,1.94775969232483E-16));
#6672=DIRECTION('center_axis',(0.,-1.,-2.03444009748065E-16));
#6673=DIRECTION('ref_axis',(0.,-2.13390412699476E-16,1.));
#6674=DIRECTION('',(0.,1.,2.3373116307898E-16));
#6675=DIRECTION('',(0.,1.,2.3373116307898E-16));
#6676=DIRECTION('center_axis',(0.,-1.,-2.03444009748065E-16));
#6677=DIRECTION('ref_axis',(0.,-2.13390412699476E-16,1.));
#6678=DIRECTION('',(0.,1.,2.3373116307898E-16));
#6679=DIRECTION('',(0.,1.,2.3373116307898E-16));
#6680=DIRECTION('center_axis',(0.,-1.,-2.03444009748065E-16));
#6681=DIRECTION('ref_axis',(0.,-2.13390412699476E-16,1.));
#6682=DIRECTION('center_axis',(0.,-1.,-2.03444009748065E-16));
#6683=DIRECTION('ref_axis',(0.,-2.13390412699476E-16,1.));
#6684=DIRECTION('',(0.,1.,1.55820775385987E-16));
#6685=DIRECTION('',(0.,1.,1.55820775385987E-16));
#6686=DIRECTION('center_axis',(0.,-1.,-2.03444009748065E-16));
#6687=DIRECTION('ref_axis',(0.,-2.13390412699476E-16,1.));
#6688=DIRECTION('',(0.,1.,2.3373116307898E-16));
#6689=DIRECTION('',(0.,1.,2.3373116307898E-16));
#6690=DIRECTION('center_axis',(0.,-1.,-2.03444009748065E-16));
#6691=DIRECTION('ref_axis',(0.,-2.13390412699476E-16,1.));
#6692=DIRECTION('',(0.,1.,2.3373116307898E-16));
#6693=DIRECTION('',(0.,1.,2.3373116307898E-16));
#6694=DIRECTION('center_axis',(0.,-1.,-2.03444009748065E-16));
#6695=DIRECTION('ref_axis',(0.,-2.13390412699476E-16,1.));
#6696=DIRECTION('',(0.,1.,1.94775969232483E-16));
#6697=DIRECTION('',(0.,1.,1.94775969232483E-16));
#6698=DIRECTION('center_axis',(0.,-1.,-2.03444009748065E-16));
#6699=DIRECTION('ref_axis',(0.,-2.13390412699476E-16,1.));
#6700=DIRECTION('',(0.,1.,2.3373116307898E-16));
#6701=DIRECTION('',(0.,1.,2.3373116307898E-16));
#6702=DIRECTION('center_axis',(0.,-1.,-2.03444009748065E-16));
#6703=DIRECTION('ref_axis',(0.,-2.13390412699476E-16,1.));
#6704=DIRECTION('',(0.,1.,2.3373116307898E-16));
#6705=DIRECTION('',(0.,1.,2.3373116307898E-16));
#6706=DIRECTION('center_axis',(0.,-1.,-2.03444009748065E-16));
#6707=DIRECTION('ref_axis',(0.,-2.13390412699476E-16,1.));
#6708=DIRECTION('center_axis',(0.,1.,2.03444009748065E-16));
#6709=DIRECTION('ref_axis',(1.,0.,0.));
#6710=DIRECTION('',(0.,-1.,-2.03444009748065E-16));
#6711=DIRECTION('center_axis',(0.,1.,2.03444009748065E-16));
#6712=DIRECTION('ref_axis',(-1.,0.,0.));
#6713=DIRECTION('',(0.,1.,2.03444009748065E-16));
#6714=DIRECTION('center_axis',(0.,1.,2.03444009748065E-16));
#6715=DIRECTION('ref_axis',(1.,0.,0.));
#6716=DIRECTION('',(0.,-1.,-2.03444009748065E-16));
#6717=DIRECTION('center_axis',(0.,1.,2.03444009748065E-16));
#6718=DIRECTION('ref_axis',(-1.,0.,0.));
#6719=DIRECTION('',(0.,1.,2.03444009748065E-16));
#6720=DIRECTION('center_axis',(0.,1.,2.03444009748065E-16));
#6721=DIRECTION('ref_axis',(1.,0.,0.));
#6722=DIRECTION('',(0.,-1.,-2.03444009748065E-16));
#6723=DIRECTION('center_axis',(0.,1.,2.03444009748065E-16));
#6724=DIRECTION('ref_axis',(-1.,0.,0.));
#6725=DIRECTION('',(0.,1.,2.03444009748065E-16));
#6726=DIRECTION('center_axis',(0.,1.,2.03444009748065E-16));
#6727=DIRECTION('ref_axis',(1.,0.,0.));
#6728=DIRECTION('',(0.,-1.,-2.03444009748065E-16));
#6729=DIRECTION('center_axis',(0.,1.,2.03444009748065E-16));
#6730=DIRECTION('ref_axis',(-1.,0.,0.));
#6731=DIRECTION('',(0.,1.,2.03444009748065E-16));
#6732=DIRECTION('center_axis',(0.,1.,2.03444009748065E-16));
#6733=DIRECTION('ref_axis',(1.,0.,0.));
#6734=DIRECTION('center_axis',(0.,1.,2.03444009748065E-16));
#6735=DIRECTION('ref_axis',(-1.22464679914735E-16,-1.93497606796655E-16,
1.));
#6736=DIRECTION('',(0.,1.,2.96059473233374E-16));
#6737=DIRECTION('center_axis',(0.,1.,2.03444009748065E-16));
#6738=DIRECTION('ref_axis',(-1.,0.,0.));
#6739=DIRECTION('',(0.,1.,2.96059473233374E-16));
#6740=DIRECTION('center_axis',(0.,1.,2.3373116307898E-16));
#6741=DIRECTION('ref_axis',(-1.,0.,0.));
#6742=DIRECTION('center_axis',(0.,-1.,-2.03444009748065E-16));
#6743=DIRECTION('ref_axis',(-1.,0.,0.));
#6744=DIRECTION('center_axis',(0.,1.,1.55820775385987E-16));
#6745=DIRECTION('ref_axis',(-1.,0.,0.));
#6746=DIRECTION('',(0.,1.,1.55820775385987E-16));
#6747=DIRECTION('center_axis',(0.,-1.,-2.03444009748065E-16));
#6748=DIRECTION('ref_axis',(-1.,0.,0.));
#6749=DIRECTION('center_axis',(-0.819152044288991,-8.93751250553511E-17,
0.573576436351047));
#6750=DIRECTION('ref_axis',(0.573576436351047,-1.66651576483477E-16,0.819152044288991));
#6751=DIRECTION('',(0.,1.,2.03444009748065E-16));
#6752=DIRECTION('',(0.573576436351047,-1.66651576483477E-16,0.819152044288991));
#6753=DIRECTION('center_axis',(0.573576436351044,-1.59551133375159E-16,
0.819152044288993));
#6754=DIRECTION('ref_axis',(0.819152044288993,1.16690690108262E-16,-0.573576436351044));
#6755=DIRECTION('',(0.,1.,2.03444009748065E-16));
#6756=DIRECTION('',(0.819152044288993,1.16690690108262E-16,-0.573576436351044));
#6757=DIRECTION('',(0.,-1.,-1.94775969232483E-16));
#6758=DIRECTION('center_axis',(0.,1.,1.94775969232483E-16));
#6759=DIRECTION('ref_axis',(1.,-2.38531767271384E-32,1.22464679914735E-16));
#6760=DIRECTION('center_axis',(0.,-1.,-2.03444009748065E-16));
#6761=DIRECTION('ref_axis',(-1.,0.,0.));
#6762=DIRECTION('center_axis',(0.,1.,1.55820775385987E-16));
#6763=DIRECTION('ref_axis',(-1.,0.,0.));
#6764=DIRECTION('center_axis',(0.,-1.,-2.03444009748065E-16));
#6765=DIRECTION('ref_axis',(-1.,0.,0.));
#6766=DIRECTION('center_axis',(0.,1.,1.94775969232483E-16));
#6767=DIRECTION('ref_axis',(-1.,0.,0.));
#6768=DIRECTION('center_axis',(0.,-1.,-2.03444009748065E-16));
#6769=DIRECTION('ref_axis',(-1.,0.,0.));
#6770=DIRECTION('center_axis',(0.,1.,2.3373116307898E-16));
#6771=DIRECTION('ref_axis',(-1.,0.,0.));
#6772=DIRECTION('center_axis',(0.,-1.,-2.03444009748065E-16));
#6773=DIRECTION('ref_axis',(-1.,0.,0.));
#6774=DIRECTION('center_axis',(0.,1.,2.3373116307898E-16));
#6775=DIRECTION('ref_axis',(-1.,0.,0.));
#6776=DIRECTION('center_axis',(0.,-1.,-2.03444009748065E-16));
#6777=DIRECTION('ref_axis',(-1.,0.,0.));
#6778=DIRECTION('center_axis',(0.,1.,2.3373116307898E-16));
#6779=DIRECTION('ref_axis',(-1.,0.,0.));
#6780=DIRECTION('center_axis',(0.,-1.,-2.03444009748065E-16));
#6781=DIRECTION('ref_axis',(-1.,0.,0.));
#6782=DIRECTION('center_axis',(0.,1.,2.3373116307898E-16));
#6783=DIRECTION('ref_axis',(-1.,0.,0.));
#6784=DIRECTION('center_axis',(0.,-1.,-2.03444009748065E-16));
#6785=DIRECTION('ref_axis',(-1.,0.,0.));
#6786=DIRECTION('center_axis',(0.,1.,1.55820775385987E-16));
#6787=DIRECTION('ref_axis',(-1.,0.,0.));
#6788=DIRECTION('center_axis',(0.,-1.,-2.03444009748065E-16));
#6789=DIRECTION('ref_axis',(-1.,0.,0.));
#6790=DIRECTION('center_axis',(0.843391445812885,-1.04653051983987E-16,
0.537299608346826));
#6791=DIRECTION('ref_axis',(0.537299608346826,1.71582937523391E-16,-0.843391445812884));
#6792=DIRECTION('',(0.,1.,2.03444009748065E-16));
#6793=DIRECTION('',(0.537299608346826,1.71582937523391E-16,-0.843391445812884));
#6794=DIRECTION('',(0.,-1.,-1.94775969232483E-16));
#6795=DIRECTION('center_axis',(0.,1.,1.94775969232483E-16));
#6796=DIRECTION('ref_axis',(-1.,0.,0.));
#6797=DIRECTION('center_axis',(0.,-1.,-2.03444009748065E-16));
#6798=DIRECTION('ref_axis',(-1.,0.,0.));
#6799=DIRECTION('center_axis',(0.,1.,1.55820775385987E-16));
#6800=DIRECTION('ref_axis',(-1.,0.,0.));
#6801=DIRECTION('',(0.,1.,1.55820775385987E-16));
#6802=DIRECTION('center_axis',(0.,-1.,-2.03444009748065E-16));
#6803=DIRECTION('ref_axis',(-1.,0.,0.));
#6804=DIRECTION('center_axis',(0.537299608346827,1.31417909040472E-16,-0.843391445812884));
#6805=DIRECTION('ref_axis',(-0.843391445812884,1.09310386758144E-16,-0.537299608346827));
#6806=DIRECTION('',(0.,1.,2.03444009748065E-16));
#6807=DIRECTION('',(-0.843391445812884,1.09310386758144E-16,-0.537299608346827));
#6808=DIRECTION('center_axis',(0.,1.,1.94775969232483E-16));
#6809=DIRECTION('ref_axis',(-1.,0.,0.));
#6810=DIRECTION('center_axis',(0.,-1.,-2.03444009748065E-16));
#6811=DIRECTION('ref_axis',(-1.,0.,0.));
#6812=DIRECTION('center_axis',(0.,1.,2.3373116307898E-16));
#6813=DIRECTION('ref_axis',(-1.,0.,0.));
#6814=DIRECTION('',(0.,1.,2.3373116307898E-16));
#6815=DIRECTION('center_axis',(0.,-1.,-2.03444009748065E-16));
#6816=DIRECTION('ref_axis',(-1.,0.,0.));
#6817=DIRECTION('center_axis',(-0.984807753012208,4.05869905326372E-17,
-0.173648177666931));
#6818=DIRECTION('ref_axis',(-0.173648177666931,-2.00353238103786E-16,0.984807753012208));
#6819=DIRECTION('',(0.,1.,2.03444009748065E-16));
#6820=DIRECTION('',(-0.173648177666931,-2.00353238103786E-16,0.984807753012208));
#6821=DIRECTION('center_axis',(0.173648177666934,2.3018026152074E-16,-0.984807753012207));
#6822=DIRECTION('ref_axis',(-0.984807753012207,3.53276815500055E-17,-0.173648177666934));
#6823=DIRECTION('',(0.,1.,2.03444009748065E-16));
#6824=DIRECTION('',(-0.984807753012207,3.53276815500055E-17,-0.173648177666934));
#6825=DIRECTION('',(0.,-1.,-2.3373116307898E-16));
#6826=DIRECTION('center_axis',(0.,1.,2.3373116307898E-16));
#6827=DIRECTION('ref_axis',(-1.,0.,0.));
#6828=DIRECTION('center_axis',(0.,-1.,-2.03444009748065E-16));
#6829=DIRECTION('ref_axis',(-1.,0.,0.));
#6830=DIRECTION('center_axis',(0.,1.,2.3373116307898E-16));
#6831=DIRECTION('ref_axis',(-1.,0.,0.));
#6832=DIRECTION('',(0.,1.,2.3373116307898E-16));
#6833=DIRECTION('center_axis',(0.,-1.,-2.03444009748065E-16));
#6834=DIRECTION('ref_axis',(-1.,0.,0.));
#6835=DIRECTION('center_axis',(0.984807753012208,-4.05869905326377E-17,
0.173648177666933));
#6836=DIRECTION('ref_axis',(0.173648177666933,2.00353238103786E-16,-0.984807753012208));
#6837=DIRECTION('',(0.,1.,2.03444009748065E-16));
#6838=DIRECTION('',(0.173648177666933,2.00353238103786E-16,-0.984807753012208));
#6839=DIRECTION('center_axis',(0.,1.,2.03444009748065E-16));
#6840=DIRECTION('ref_axis',(0.,2.13390412699476E-16,-1.));
#6841=DIRECTION('center_axis',(0.,1.,2.03444009748065E-16));
#6842=DIRECTION('ref_axis',(1.,0.,0.));
#6843=DIRECTION('center_axis',(0.,1.,2.03444009748065E-16));
#6844=DIRECTION('ref_axis',(0.,2.13390412699476E-16,-1.));
#6845=DIRECTION('center_axis',(0.,1.,2.03444009748065E-16));
#6846=DIRECTION('ref_axis',(1.,0.,0.));
#6847=DIRECTION('center_axis',(0.,1.,2.03444009748065E-16));
#6848=DIRECTION('ref_axis',(0.,2.13390412699476E-16,-1.));
#6849=DIRECTION('center_axis',(0.,1.,2.03444009748065E-16));
#6850=DIRECTION('ref_axis',(1.,0.,0.));
#6851=DIRECTION('center_axis',(0.,1.,2.03444009748065E-16));
#6852=DIRECTION('ref_axis',(0.,2.13390412699476E-16,-1.));
#6853=DIRECTION('center_axis',(0.,1.,2.03444009748065E-16));
#6854=DIRECTION('ref_axis',(1.,0.,0.));
#6855=DIRECTION('center_axis',(0.,1.,2.03444009748065E-16));
#6856=DIRECTION('ref_axis',(0.,2.13390412699476E-16,-1.));
#6857=DIRECTION('center_axis',(0.,1.,2.03444009748065E-16));
#6858=DIRECTION('ref_axis',(1.,0.,0.));
#6859=DIRECTION('center_axis',(0.,1.,2.03444009748065E-16));
#6860=DIRECTION('ref_axis',(0.,2.13390412699476E-16,-1.));
#6861=DIRECTION('center_axis',(0.,1.,2.03444009748065E-16));
#6862=DIRECTION('ref_axis',(1.,0.,0.));
#6863=DIRECTION('center_axis',(0.,1.,2.03444009748065E-16));
#6864=DIRECTION('ref_axis',(0.,2.13390412699476E-16,-1.));
#6865=DIRECTION('center_axis',(0.,1.,2.03444009748065E-16));
#6866=DIRECTION('ref_axis',(1.,0.,0.));
#6867=DIRECTION('center_axis',(0.,1.,2.03444009748065E-16));
#6868=DIRECTION('ref_axis',(0.,2.13390412699476E-16,-1.));
#6869=DIRECTION('center_axis',(0.,1.,2.03444009748065E-16));
#6870=DIRECTION('ref_axis',(1.,0.,0.));
#6871=DIRECTION('center_axis',(0.,1.,2.03444009748065E-16));
#6872=DIRECTION('ref_axis',(0.,2.13390412699476E-16,-1.));
#6873=DIRECTION('center_axis',(0.,1.,2.03444009748065E-16));
#6874=DIRECTION('ref_axis',(1.,0.,0.));
#6875=DIRECTION('center_axis',(0.,1.,2.03444009748065E-16));
#6876=DIRECTION('ref_axis',(0.,2.13390412699476E-16,-1.));
#6877=DIRECTION('center_axis',(0.,1.,2.03444009748065E-16));
#6878=DIRECTION('ref_axis',(1.,0.,0.));
#6879=DIRECTION('center_axis',(0.,1.,2.03444009748065E-16));
#6880=DIRECTION('ref_axis',(0.,2.13390412699476E-16,-1.));
#6881=DIRECTION('center_axis',(0.,1.,2.03444009748065E-16));
#6882=DIRECTION('ref_axis',(1.,0.,0.));
#6883=DIRECTION('center_axis',(0.,1.,2.03444009748065E-16));
#6884=DIRECTION('ref_axis',(0.,2.13390412699476E-16,-1.));
#6885=DIRECTION('center_axis',(0.,1.,2.03444009748065E-16));
#6886=DIRECTION('ref_axis',(1.,0.,0.));
#6887=DIRECTION('center_axis',(0.,1.,2.03444009748065E-16));
#6888=DIRECTION('ref_axis',(0.,2.13390412699476E-16,-1.));
#6889=DIRECTION('center_axis',(0.,1.,2.03444009748065E-16));
#6890=DIRECTION('ref_axis',(1.,0.,0.));
#6891=DIRECTION('center_axis',(0.,1.,2.03444009748065E-16));
#6892=DIRECTION('ref_axis',(0.,2.13390412699476E-16,-1.));
#6893=DIRECTION('center_axis',(0.,1.,2.03444009748065E-16));
#6894=DIRECTION('ref_axis',(1.,0.,0.));
#6895=DIRECTION('center_axis',(0.,1.,2.03444009748065E-16));
#6896=DIRECTION('ref_axis',(0.,2.13390412699476E-16,-1.));
#6897=DIRECTION('center_axis',(0.,1.,2.03444009748065E-16));
#6898=DIRECTION('ref_axis',(1.,0.,0.));
#6899=DIRECTION('center_axis',(0.,1.,2.03444009748065E-16));
#6900=DIRECTION('ref_axis',(0.,2.13390412699476E-16,-1.));
#6901=DIRECTION('center_axis',(0.,1.,2.03444009748065E-16));
#6902=DIRECTION('ref_axis',(1.,0.,0.));
#6903=DIRECTION('center_axis',(0.,-1.,-2.03444009748065E-16));
#6904=DIRECTION('ref_axis',(0.,2.03444009748065E-16,-1.));
#6905=DIRECTION('center_axis',(0.,1.,2.03444009748065E-16));
#6906=DIRECTION('ref_axis',(1.,0.,0.));
#6907=DIRECTION('center_axis',(0.,1.,2.3373116307898E-16));
#6908=DIRECTION('ref_axis',(-0.999705221593849,0.,0.0242790015855828));
#6909=DIRECTION('center_axis',(0.,-1.,-2.03444009748065E-16));
#6910=DIRECTION('ref_axis',(-0.999705221593849,0.,0.0242790015855828));
#6911=DIRECTION('',(0.,1.,2.3373116307898E-16));
#6912=DIRECTION('center_axis',(0.,1.,2.03444009748065E-16));
#6913=DIRECTION('ref_axis',(-0.999705221593849,0.,0.0242790015855828));
#6914=DIRECTION('',(0.,-1.,-2.3373116307898E-16));
#6915=DIRECTION('center_axis',(0.,1.,2.3373116307898E-16));
#6916=DIRECTION('ref_axis',(1.,0.,0.));
#6917=DIRECTION('center_axis',(0.,1.,2.03444009748065E-16));
#6918=DIRECTION('ref_axis',(1.,0.,0.));
#6919=DIRECTION('',(0.,-1.,-2.3373116307898E-16));
#6920=DIRECTION('center_axis',(0.,-1.,-2.03444009748065E-16));
#6921=DIRECTION('ref_axis',(1.,0.,0.));
#6922=DIRECTION('center_axis',(0.,1.,2.03444009748065E-16));
#6923=DIRECTION('ref_axis',(0.0267475376320753,0.,0.999642220612265));
#6924=DIRECTION('center_axis',(0.,-1.,-2.03444009748065E-16));
#6925=DIRECTION('ref_axis',(0.0267475376320753,0.,0.999642220612265));
#6926=DIRECTION('',(-1.51435766654573E-17,1.,2.18587586413523E-16));
#6927=DIRECTION('center_axis',(0.,1.,2.03444009748065E-16));
#6928=DIRECTION('ref_axis',(0.0267475376320753,0.,0.999642220612265));
#6929=DIRECTION('center_axis',(-0.707106781186548,-1.65272890387765E-16,
0.707106781186548));
#6930=DIRECTION('ref_axis',(0.707106781186548,-1.43856638884639E-16,0.707106781186548));
#6931=DIRECTION('',(-0.707106781186548,1.43856638884639E-16,-0.707106781186548));
#6932=DIRECTION('',(0.707106781186548,-1.43856638884639E-16,0.707106781186548));
#6933=DIRECTION('center_axis',(0.,1.,2.03444009748065E-16));
#6934=DIRECTION('ref_axis',(0.999642220612265,0.,0.0267475376320786));
#6935=DIRECTION('center_axis',(0.,1.,2.03444009748065E-16));
#6936=DIRECTION('ref_axis',(0.999642220612265,0.,0.0267475376320786));
#6937=DIRECTION('',(1.51435766654573E-17,-1.,-2.18587586413523E-16));
#6938=DIRECTION('center_axis',(0.,-1.,-2.03444009748065E-16));
#6939=DIRECTION('ref_axis',(0.999642220612265,0.,0.0267475376320786));
#6940=DIRECTION('center_axis',(0.,1.,2.3373116307898E-16));
#6941=DIRECTION('ref_axis',(0.0242790015855828,0.,-0.999705221593849));
#6942=DIRECTION('center_axis',(0.,-1.,-2.03444009748065E-16));
#6943=DIRECTION('ref_axis',(0.0242790015855828,0.,-0.999705221593849));
#6944=DIRECTION('',(-1.74315279842105E-32,1.,2.3373116307898E-16));
#6945=DIRECTION('center_axis',(0.,1.,2.03444009748065E-16));
#6946=DIRECTION('ref_axis',(0.0242790015855828,0.,-0.999705221593849));
#6947=DIRECTION('center_axis',(0.707106781186547,1.65272890387766E-16,-0.707106781186548));
#6948=DIRECTION('ref_axis',(-0.707106781186548,1.43856638884639E-16,-0.707106781186547));
#6949=DIRECTION('',(0.707106781186548,-1.43856638884639E-16,0.707106781186547));
#6950=DIRECTION('',(-0.707106781186548,1.43856638884639E-16,-0.707106781186547));
#6951=DIRECTION('center_axis',(0.,1.,1.55820775385987E-16));
#6952=DIRECTION('ref_axis',(-0.932898364436387,0.,-0.360139752918105));
#6953=DIRECTION('center_axis',(0.,-1.,-2.03444009748065E-16));
#6954=DIRECTION('ref_axis',(-0.932898364436387,0.,-0.360139752918105));
#6955=DIRECTION('',(0.,1.,1.55820775385987E-16));
#6956=DIRECTION('center_axis',(0.,1.,2.03444009748065E-16));
#6957=DIRECTION('ref_axis',(-0.932898364436387,0.,-0.360139752918105));
#6958=DIRECTION('',(0.,-1.,-1.55820775385987E-16));
#6959=DIRECTION('center_axis',(0.,1.,1.55820775385987E-16));
#6960=DIRECTION('ref_axis',(1.,0.,0.));
#6961=DIRECTION('center_axis',(0.,1.,2.03444009748065E-16));
#6962=DIRECTION('ref_axis',(1.,0.,0.));
#6963=DIRECTION('',(0.,-1.,-1.55820775385987E-16));
#6964=DIRECTION('center_axis',(0.,-1.,-2.03444009748065E-16));
#6965=DIRECTION('ref_axis',(1.,0.,0.));
#6966=DIRECTION('center_axis',(0.,1.,2.03444009748065E-16));
#6967=DIRECTION('ref_axis',(-0.357835013557611,0.,0.933784826966162));
#6968=DIRECTION('center_axis',(0.,-1.,-2.03444009748065E-16));
#6969=DIRECTION('ref_axis',(-0.357835013557611,0.,0.933784826966162));
#6970=DIRECTION('',(1.68373559797311E-17,1.,1.96469748546757E-16));
#6971=DIRECTION('center_axis',(0.,1.,2.03444009748065E-16));
#6972=DIRECTION('ref_axis',(-0.357835013557611,0.,0.933784826966162));
#6973=DIRECTION('center_axis',(-0.923879532511287,-5.9630029158499E-17,
0.38268343236509));
#6974=DIRECTION('ref_axis',(0.38268343236509,-1.87957756618264E-16,0.923879532511287));
#6975=DIRECTION('',(-0.38268343236509,1.87957756618264E-16,-0.923879532511287));
#6976=DIRECTION('',(0.38268343236509,-1.87957756618264E-16,0.923879532511287));
#6977=DIRECTION('center_axis',(0.,1.,2.03444009748065E-16));
#6978=DIRECTION('ref_axis',(0.913313147949445,0.,0.407258018684317));
#6979=DIRECTION('center_axis',(0.,1.,2.03444009748065E-16));
#6980=DIRECTION('ref_axis',(0.913313147949445,0.,0.407258018684317));
#6981=DIRECTION('',(-1.68373559797311E-17,-1.,-1.96469748546757E-16));
#6982=DIRECTION('center_axis',(0.,-1.,-2.03444009748065E-16));
#6983=DIRECTION('ref_axis',(0.913313147949445,0.,0.407258018684317));
#6984=DIRECTION('center_axis',(0.,1.,1.55820775385987E-16));
#6985=DIRECTION('ref_axis',(0.405001498187569,0.,-0.914316021114048));
#6986=DIRECTION('center_axis',(0.,-1.,-2.03444009748065E-16));
#6987=DIRECTION('ref_axis',(0.405001498187569,0.,-0.914316021114048));
#6988=DIRECTION('',(0.,1.,1.55820775385987E-16));
#6989=DIRECTION('center_axis',(0.,1.,2.03444009748065E-16));
#6990=DIRECTION('ref_axis',(0.405001498187569,0.,-0.914316021114048));
#6991=DIRECTION('center_axis',(0.923879532511287,5.9630029158499E-17,-0.382683432365089));
#6992=DIRECTION('ref_axis',(-0.382683432365089,1.87957756618264E-16,-0.923879532511287));
#6993=DIRECTION('',(0.382683432365089,-1.87957756618264E-16,0.923879532511287));
#6994=DIRECTION('',(-0.382683432365089,1.87957756618264E-16,-0.923879532511287));
#6995=DIRECTION('center_axis',(0.,1.,2.03444009748065E-16));
#6996=DIRECTION('ref_axis',(0.357835013557612,0.,0.933784826966161));
#6997=DIRECTION('center_axis',(0.,1.,2.03444009748065E-16));
#6998=DIRECTION('ref_axis',(0.357835013557612,0.,0.933784826966161));
#6999=DIRECTION('',(-1.07081257515632E-17,-1.,-2.07879460661959E-16));
#7000=DIRECTION('center_axis',(0.,-1.,-2.03444009748065E-16));
#7001=DIRECTION('ref_axis',(0.357835013557612,0.,0.933784826966161));
#7002=DIRECTION('center_axis',(0.,1.,2.03444009748065E-16));
#7003=DIRECTION('ref_axis',(-0.913313147949446,0.,0.407258018684314));
#7004=DIRECTION('center_axis',(0.,-1.,-2.03444009748065E-16));
#7005=DIRECTION('ref_axis',(-0.913313147949446,0.,0.407258018684314));
#7006=DIRECTION('',(1.07081257515632E-17,1.,2.07879460661959E-16));
#7007=DIRECTION('center_axis',(0.,1.,2.03444009748065E-16));
#7008=DIRECTION('ref_axis',(-0.913313147949446,0.,0.407258018684314));
#7009=DIRECTION('center_axis',(-0.923879532511287,8.94450437377485E-17,
-0.38268343236509));
#7010=DIRECTION('ref_axis',(-0.38268343236509,-1.87957756618264E-16,0.923879532511287));
#7011=DIRECTION('',(-0.38268343236509,-1.87957756618264E-16,0.923879532511287));
#7012=DIRECTION('',(-1.13876944426878E-32,-1.,-2.3373116307898E-16));
#7013=DIRECTION('',(0.38268343236509,1.87957756618264E-16,-0.923879532511287));
#7014=DIRECTION('center_axis',(0.,1.,2.3373116307898E-16));
#7015=DIRECTION('ref_axis',(-0.405001498187568,0.,-0.914316021114049));
#7016=DIRECTION('center_axis',(0.,-1.,-2.03444009748065E-16));
#7017=DIRECTION('ref_axis',(-0.405001498187568,0.,-0.914316021114049));
#7018=DIRECTION('',(0.,1.,2.3373116307898E-16));
#7019=DIRECTION('center_axis',(0.,1.,2.03444009748065E-16));
#7020=DIRECTION('ref_axis',(-0.405001498187568,0.,-0.914316021114049));
#7021=DIRECTION('center_axis',(0.,1.,2.3373116307898E-16));
#7022=DIRECTION('ref_axis',(1.,0.,0.));
#7023=DIRECTION('center_axis',(0.,1.,2.03444009748065E-16));
#7024=DIRECTION('ref_axis',(1.,0.,0.));
#7025=DIRECTION('',(0.,-1.,-2.3373116307898E-16));
#7026=DIRECTION('center_axis',(0.,-1.,-2.03444009748065E-16));
#7027=DIRECTION('ref_axis',(1.,0.,0.));
#7028=DIRECTION('center_axis',(1.23405003515387E-32,1.,2.3373116307898E-16));
#7029=DIRECTION('ref_axis',(0.932898364436386,0.,-0.360139752918107));
#7030=DIRECTION('center_axis',(0.,-1.,-2.03444009748065E-16));
#7031=DIRECTION('ref_axis',(0.932898364436386,0.,-0.360139752918107));
#7032=DIRECTION('',(1.23405003515387E-32,1.,2.3373116307898E-16));
#7033=DIRECTION('center_axis',(0.,1.,2.03444009748065E-16));
#7034=DIRECTION('ref_axis',(0.932898364436386,0.,-0.360139752918107));
#7035=DIRECTION('center_axis',(0.923879532511287,-8.94450437377485E-17,
0.38268343236509));
#7036=DIRECTION('ref_axis',(0.38268343236509,1.87957756618264E-16,-0.923879532511287));
#7037=DIRECTION('',(-0.38268343236509,-1.87957756618264E-16,0.923879532511287));
#7038=DIRECTION('',(0.38268343236509,1.87957756618264E-16,-0.923879532511287));
#7039=DIRECTION('center_axis',(0.,1.,2.03444009748065E-16));
#7040=DIRECTION('ref_axis',(-0.0267475376320753,0.,0.999642220612265));
#7041=DIRECTION('center_axis',(0.,1.,2.03444009748065E-16));
#7042=DIRECTION('ref_axis',(-0.0267475376320753,0.,0.999642220612265));
#7043=DIRECTION('',(-1.51435766654573E-17,-1.,-2.18587586413523E-16));
#7044=DIRECTION('center_axis',(0.,-1.,-2.03444009748065E-16));
#7045=DIRECTION('ref_axis',(-0.0267475376320753,0.,0.999642220612265));
#7046=DIRECTION('center_axis',(0.,1.,2.03444009748065E-16));
#7047=DIRECTION('ref_axis',(-0.999642220612265,0.,0.0267475376320753));
#7048=DIRECTION('center_axis',(0.,-1.,-2.03444009748065E-16));
#7049=DIRECTION('ref_axis',(-0.999642220612265,0.,0.0267475376320753));
#7050=DIRECTION('',(1.51435766654573E-17,1.,2.18587586413523E-16));
#7051=DIRECTION('center_axis',(0.,1.,2.03444009748065E-16));
#7052=DIRECTION('ref_axis',(-0.999642220612265,0.,0.0267475376320753));
#7053=DIRECTION('center_axis',(-0.707106781186548,1.65272890387765E-16,
-0.707106781186548));
#7054=DIRECTION('ref_axis',(-0.707106781186548,-1.43856638884639E-16,0.707106781186548));
#7055=DIRECTION('',(-0.707106781186548,-1.43856638884639E-16,0.707106781186548));
#7056=DIRECTION('',(1.74315279842105E-32,-1.,-2.3373116307898E-16));
#7057=DIRECTION('',(0.707106781186548,1.43856638884639E-16,-0.707106781186548));
#7058=DIRECTION('center_axis',(0.,1.,2.3373116307898E-16));
#7059=DIRECTION('ref_axis',(-0.0242790015855858,0.,-0.999705221593849));
#7060=DIRECTION('center_axis',(0.,-1.,-2.03444009748065E-16));
#7061=DIRECTION('ref_axis',(-0.0242790015855858,0.,-0.999705221593849));
#7062=DIRECTION('',(0.,1.,2.3373116307898E-16));
#7063=DIRECTION('center_axis',(0.,1.,2.03444009748065E-16));
#7064=DIRECTION('ref_axis',(-0.0242790015855858,0.,-0.999705221593849));
#7065=DIRECTION('center_axis',(0.,1.,2.3373116307898E-16));
#7066=DIRECTION('ref_axis',(1.,0.,0.));
#7067=DIRECTION('center_axis',(0.,1.,2.03444009748065E-16));
#7068=DIRECTION('ref_axis',(1.,0.,0.));
#7069=DIRECTION('',(0.,-1.,-2.3373116307898E-16));
#7070=DIRECTION('center_axis',(0.,-1.,-2.03444009748065E-16));
#7071=DIRECTION('ref_axis',(1.,0.,0.));
#7072=DIRECTION('center_axis',(2.46810007030775E-32,1.,2.3373116307898E-16));
#7073=DIRECTION('ref_axis',(0.999705221593849,0.,0.0242790015855858));
#7074=DIRECTION('center_axis',(0.,-1.,-2.03444009748065E-16));
#7075=DIRECTION('ref_axis',(0.999705221593849,0.,0.0242790015855858));
#7076=DIRECTION('',(7.24947271886697E-33,1.,2.3373116307898E-16));
#7077=DIRECTION('center_axis',(0.,1.,2.03444009748065E-16));
#7078=DIRECTION('ref_axis',(0.999705221593849,0.,0.0242790015855858));
#7079=DIRECTION('center_axis',(0.707106781186548,-1.65272890387765E-16,
0.707106781186548));
#7080=DIRECTION('ref_axis',(0.707106781186548,1.43856638884639E-16,-0.707106781186548));
#7081=DIRECTION('',(-0.707106781186548,-1.43856638884639E-16,0.707106781186548));
#7082=DIRECTION('',(0.707106781186548,1.43856638884639E-16,-0.707106781186548));
#7083=DIRECTION('center_axis',(0.,1.,1.94775969232483E-16));
#7084=DIRECTION('ref_axis',(0.914316021114048,0.,0.40500149818757));
#7085=DIRECTION('center_axis',(0.,-1.,-2.03444009748065E-16));
#7086=DIRECTION('ref_axis',(0.914316021114048,0.,0.40500149818757));
#7087=DIRECTION('',(0.,1.,1.94775969232483E-16));
#7088=DIRECTION('center_axis',(0.,1.,2.03444009748065E-16));
#7089=DIRECTION('ref_axis',(0.914316021114048,0.,0.40500149818757));
#7090=DIRECTION('',(0.,-1.,-1.94775969232483E-16));
#7091=DIRECTION('center_axis',(0.382683432365089,-1.79949531398939E-16,
0.923879532511287));
#7092=DIRECTION('ref_axis',(0.923879532511287,7.78546519445064E-17,-0.382683432365089));
#7093=DIRECTION('',(0.923879532511287,7.78546519445064E-17,-0.382683432365089));
#7094=DIRECTION('',(3.06461511408395E-18,-1.,-1.9604537437619E-16));
#7095=DIRECTION('',(-0.923879532511287,-7.78546519445064E-17,0.382683432365089));
#7096=DIRECTION('center_axis',(0.,1.,1.94775969232483E-16));
#7097=DIRECTION('ref_axis',(0.360139752918104,0.,-0.932898364436388));
#7098=DIRECTION('center_axis',(0.,-1.,-2.03444009748065E-16));
#7099=DIRECTION('ref_axis',(0.360139752918104,0.,-0.932898364436388));
#7100=DIRECTION('',(0.,1.,1.94775969232483E-16));
#7101=DIRECTION('center_axis',(0.,1.,2.03444009748065E-16));
#7102=DIRECTION('ref_axis',(0.360139752918104,0.,-0.932898364436388));
#7103=DIRECTION('',(0.,-1.,-1.94775969232483E-16));
#7104=DIRECTION('center_axis',(0.,1.,1.94775969232483E-16));
#7105=DIRECTION('ref_axis',(1.,0.,0.));
#7106=DIRECTION('center_axis',(0.,-1.,-2.03444009748065E-16));
#7107=DIRECTION('ref_axis',(1.,0.,0.));
#7108=DIRECTION('center_axis',(0.,1.,2.03444009748065E-16));
#7109=DIRECTION('ref_axis',(1.,0.,0.));
#7110=DIRECTION('center_axis',(0.,1.,2.03444009748065E-16));
#7111=DIRECTION('ref_axis',(-0.933784826966162,0.,-0.357835013557611));
#7112=DIRECTION('center_axis',(0.,-1.,-2.03444009748065E-16));
#7113=DIRECTION('ref_axis',(-0.933784826966162,0.,-0.357835013557611));
#7114=DIRECTION('',(-3.06461511408395E-18,1.,1.9604537437619E-16));
#7115=DIRECTION('center_axis',(0.,1.,2.03444009748065E-16));
#7116=DIRECTION('ref_axis',(-0.933784826966162,0.,-0.357835013557611));
#7117=DIRECTION('center_axis',(-0.382683432365089,1.79949531398939E-16,
-0.923879532511287));
#7118=DIRECTION('ref_axis',(-0.923879532511287,-7.78546519445063E-17,0.382683432365089));
#7119=DIRECTION('',(0.923879532511287,7.78546519445064E-17,-0.382683432365089));
#7120=DIRECTION('',(-0.923879532511287,-7.78546519445064E-17,0.382683432365089));
#7121=DIRECTION('center_axis',(0.,1.,2.03444009748065E-16));
#7122=DIRECTION('ref_axis',(-0.407258018684316,0.,0.913313147949445));
#7123=DIRECTION('center_axis',(0.,1.,2.03444009748065E-16));
#7124=DIRECTION('ref_axis',(-0.407258018684316,0.,0.913313147949445));
#7125=DIRECTION('center_axis',(0.,-1.,-2.03444009748065E-16));
#7126=DIRECTION('ref_axis',(-0.407258018684316,0.,0.913313147949445));
#7127=DIRECTION('center_axis',(0.,1.,2.3373116307898E-16));
#7128=DIRECTION('ref_axis',(0.914316021114048,0.,-0.405001498187569));
#7129=DIRECTION('center_axis',(0.,-1.,-2.03444009748065E-16));
#7130=DIRECTION('ref_axis',(0.914316021114048,0.,-0.405001498187569));
#7131=DIRECTION('',(0.,1.,2.3373116307898E-16));
#7132=DIRECTION('center_axis',(0.,1.,2.03444009748065E-16));
#7133=DIRECTION('ref_axis',(0.914316021114048,0.,-0.405001498187569));
#7134=DIRECTION('',(0.,-1.,-2.3373116307898E-16));
#7135=DIRECTION('center_axis',(0.,1.,2.3373116307898E-16));
#7136=DIRECTION('ref_axis',(1.,0.,0.));
#7137=DIRECTION('center_axis',(0.,1.,2.03444009748065E-16));
#7138=DIRECTION('ref_axis',(1.,0.,0.));
#7139=DIRECTION('',(0.,-1.,-2.3373116307898E-16));
#7140=DIRECTION('center_axis',(0.,-1.,-2.03444009748065E-16));
#7141=DIRECTION('ref_axis',(1.,0.,0.));
#7142=DIRECTION('center_axis',(-1.23405003515387E-32,1.,2.3373116307898E-16));
#7143=DIRECTION('ref_axis',(0.360139752918107,0.,0.932898364436387));
#7144=DIRECTION('center_axis',(0.,-1.,-2.03444009748065E-16));
#7145=DIRECTION('ref_axis',(0.360139752918107,0.,0.932898364436387));
#7146=DIRECTION('',(6.52724957774932E-33,1.,2.3373116307898E-16));
#7147=DIRECTION('center_axis',(0.,1.,2.03444009748065E-16));
#7148=DIRECTION('ref_axis',(0.360139752918107,0.,0.932898364436387));
#7149=DIRECTION('center_axis',(-0.38268343236509,-2.15939437678727E-16,
0.923879532511287));
#7150=DIRECTION('ref_axis',(0.923879532511287,-7.78546519445065E-17,0.38268343236509));
#7151=DIRECTION('',(0.923879532511287,-7.78546519445065E-17,0.38268343236509));
#7152=DIRECTION('',(1.07081257515632E-17,-1.,-2.29295712165086E-16));
#7153=DIRECTION('',(-0.923879532511287,7.78546519445065E-17,-0.38268343236509));
#7154=DIRECTION('center_axis',(0.,1.,2.03444009748065E-16));
#7155=DIRECTION('ref_axis',(-0.933784826966162,0.,0.35783501355761));
#7156=DIRECTION('center_axis',(0.,1.,2.03444009748065E-16));
#7157=DIRECTION('ref_axis',(-0.933784826966162,0.,0.35783501355761));
#7158=DIRECTION('center_axis',(0.,-1.,-2.03444009748065E-16));
#7159=DIRECTION('ref_axis',(-0.933784826966162,0.,0.35783501355761));
#7160=DIRECTION('center_axis',(0.,1.,2.03444009748065E-16));
#7161=DIRECTION('ref_axis',(-0.407258018684311,0.,-0.913313147949448));
#7162=DIRECTION('center_axis',(0.,-1.,-2.03444009748065E-16));
#7163=DIRECTION('ref_axis',(-0.407258018684311,0.,-0.913313147949448));
#7164=DIRECTION('',(-1.07081257515632E-17,1.,2.29295712165086E-16));
#7165=DIRECTION('center_axis',(0.,1.,2.03444009748065E-16));
#7166=DIRECTION('ref_axis',(-0.407258018684311,0.,-0.913313147949448));
#7167=DIRECTION('center_axis',(0.38268343236509,2.15939437678727E-16,-0.923879532511287));
#7168=DIRECTION('ref_axis',(-0.923879532511286,7.78546519445065E-17,-0.38268343236509));
#7169=DIRECTION('',(0.923879532511286,-7.78546519445065E-17,0.38268343236509));
#7170=DIRECTION('',(-0.923879532511286,7.78546519445065E-17,-0.38268343236509));
#7171=DIRECTION('center_axis',(0.,1.,2.3373116307898E-16));
#7172=DIRECTION('ref_axis',(0.999705221593849,0.,-0.0242790015855858));
#7173=DIRECTION('center_axis',(0.,-1.,-2.03444009748065E-16));
#7174=DIRECTION('ref_axis',(0.999705221593849,0.,-0.0242790015855858));
#7175=DIRECTION('',(0.,1.,2.3373116307898E-16));
#7176=DIRECTION('center_axis',(0.,1.,2.03444009748065E-16));
#7177=DIRECTION('ref_axis',(0.999705221593849,0.,-0.0242790015855858));
#7178=DIRECTION('',(-1.74315279842105E-32,-1.,-2.3373116307898E-16));
#7179=DIRECTION('center_axis',(0.,1.,2.3373116307898E-16));
#7180=DIRECTION('ref_axis',(1.,0.,0.));
#7181=DIRECTION('center_axis',(0.,1.,2.03444009748065E-16));
#7182=DIRECTION('ref_axis',(1.,0.,0.));
#7183=DIRECTION('',(0.,-1.,-2.3373116307898E-16));
#7184=DIRECTION('center_axis',(0.,-1.,-2.03444009748065E-16));
#7185=DIRECTION('ref_axis',(1.,0.,0.));
#7186=DIRECTION('center_axis',(0.,1.,2.3373116307898E-16));
#7187=DIRECTION('ref_axis',(-0.0242790015855858,0.,0.999705221593849));
#7188=DIRECTION('center_axis',(0.,-1.,-2.03444009748065E-16));
#7189=DIRECTION('ref_axis',(-0.0242790015855858,0.,0.999705221593849));
#7190=DIRECTION('',(-1.74315279842105E-32,1.,2.3373116307898E-16));
#7191=DIRECTION('center_axis',(0.,1.,2.03444009748065E-16));
#7192=DIRECTION('ref_axis',(-0.0242790015855858,0.,0.999705221593849));
#7193=DIRECTION('center_axis',(-0.707106781186547,-1.65272890387766E-16,
0.707106781186548));
#7194=DIRECTION('ref_axis',(0.707106781186548,-1.43856638884639E-16,0.707106781186547));
#7195=DIRECTION('',(0.707106781186548,-1.43856638884639E-16,0.707106781186547));
#7196=DIRECTION('',(1.51435766654573E-17,-1.,-2.18587586413523E-16));
#7197=DIRECTION('',(-0.707106781186548,1.43856638884639E-16,-0.707106781186547));
#7198=DIRECTION('center_axis',(0.,1.,2.03444009748065E-16));
#7199=DIRECTION('ref_axis',(-0.999642220612265,0.,-0.0267475376320786));
#7200=DIRECTION('center_axis',(0.,1.,2.03444009748065E-16));
#7201=DIRECTION('ref_axis',(-0.999642220612265,0.,-0.0267475376320786));
#7202=DIRECTION('center_axis',(0.,-1.,-2.03444009748065E-16));
#7203=DIRECTION('ref_axis',(-0.999642220612265,0.,-0.0267475376320786));
#7204=DIRECTION('center_axis',(0.,1.,2.03444009748065E-16));
#7205=DIRECTION('ref_axis',(-0.0267475376320753,0.,-0.999642220612265));
#7206=DIRECTION('center_axis',(0.,-1.,-2.03444009748065E-16));
#7207=DIRECTION('ref_axis',(-0.0267475376320753,0.,-0.999642220612265));
#7208=DIRECTION('',(-1.51435766654573E-17,1.,2.18587586413523E-16));
#7209=DIRECTION('center_axis',(0.,1.,2.03444009748065E-16));
#7210=DIRECTION('ref_axis',(-0.0267475376320753,0.,-0.999642220612265));
#7211=DIRECTION('center_axis',(0.707106781186548,1.65272890387765E-16,-0.707106781186548));
#7212=DIRECTION('ref_axis',(-0.707106781186548,1.43856638884639E-16,-0.707106781186548));
#7213=DIRECTION('',(0.707106781186548,-1.43856638884639E-16,0.707106781186548));
#7214=DIRECTION('',(-0.707106781186548,1.43856638884639E-16,-0.707106781186548));
#7215=DIRECTION('center_axis',(-1.23405003515387E-32,1.,1.55820775385987E-16));
#7216=DIRECTION('ref_axis',(0.932898364436386,0.,0.360139752918107));
#7217=DIRECTION('center_axis',(0.,-1.,-2.03444009748065E-16));
#7218=DIRECTION('ref_axis',(0.932898364436386,0.,0.360139752918107));
#7219=DIRECTION('',(0.,1.,1.55820775385987E-16));
#7220=DIRECTION('center_axis',(0.,1.,2.03444009748065E-16));
#7221=DIRECTION('ref_axis',(0.932898364436386,0.,0.360139752918107));
#7222=DIRECTION('',(9.52805908850937E-34,-1.,-1.55820775385987E-16));
#7223=DIRECTION('center_axis',(0.,1.,1.55820775385987E-16));
#7224=DIRECTION('ref_axis',(1.,0.,0.));
#7225=DIRECTION('center_axis',(0.,1.,2.03444009748065E-16));
#7226=DIRECTION('ref_axis',(1.,0.,0.));
#7227=DIRECTION('',(0.,-1.,-1.55820775385987E-16));
#7228=DIRECTION('center_axis',(0.,-1.,-2.03444009748065E-16));
#7229=DIRECTION('ref_axis',(1.,0.,0.));
#7230=DIRECTION('center_axis',(0.,1.,2.03444009748065E-16));
#7231=DIRECTION('ref_axis',(0.357835013557614,0.,-0.933784826966161));
#7232=DIRECTION('center_axis',(0.,-1.,-2.03444009748065E-16));
#7233=DIRECTION('ref_axis',(0.357835013557614,0.,-0.933784826966161));
#7234=DIRECTION('',(1.68373559797311E-17,1.,1.96469748546757E-16));
#7235=DIRECTION('center_axis',(0.,1.,2.03444009748065E-16));
#7236=DIRECTION('ref_axis',(0.357835013557614,0.,-0.933784826966161));
#7237=DIRECTION('center_axis',(0.923879532511287,5.9630029158499E-17,-0.38268343236509));
#7238=DIRECTION('ref_axis',(-0.38268343236509,1.87957756618264E-16,-0.923879532511287));
#7239=DIRECTION('',(0.38268343236509,-1.87957756618264E-16,0.923879532511287));
#7240=DIRECTION('',(-0.38268343236509,1.87957756618264E-16,-0.923879532511287));
#7241=DIRECTION('center_axis',(0.,1.,1.55820775385987E-16));
#7242=DIRECTION('ref_axis',(-0.405001498187568,0.,0.914316021114049));
#7243=DIRECTION('center_axis',(0.,-1.,-2.03444009748065E-16));
#7244=DIRECTION('ref_axis',(-0.405001498187568,0.,0.914316021114049));
#7245=DIRECTION('',(0.,1.,1.55820775385987E-16));
#7246=DIRECTION('center_axis',(0.,1.,2.03444009748065E-16));
#7247=DIRECTION('ref_axis',(-0.405001498187568,0.,0.914316021114049));
#7248=DIRECTION('center_axis',(-0.923879532511287,-5.96300291584991E-17,
0.38268343236509));
#7249=DIRECTION('ref_axis',(0.38268343236509,-1.87957756618264E-16,0.923879532511287));
#7250=DIRECTION('',(0.38268343236509,-1.87957756618264E-16,0.923879532511287));
#7251=DIRECTION('',(-1.68373559797311E-17,-1.,-1.96469748546757E-16));
#7252=DIRECTION('',(-0.38268343236509,1.87957756618264E-16,-0.923879532511287));
#7253=DIRECTION('center_axis',(0.,1.,2.03444009748065E-16));
#7254=DIRECTION('ref_axis',(-0.913313147949446,0.,-0.407258018684313));
#7255=DIRECTION('center_axis',(0.,1.,2.03444009748065E-16));
#7256=DIRECTION('ref_axis',(-0.913313147949446,0.,-0.407258018684313));
#7257=DIRECTION('center_axis',(0.,-1.,-2.03444009748065E-16));
#7258=DIRECTION('ref_axis',(-0.913313147949446,0.,-0.407258018684313));
#7259=DIRECTION('center_axis',(0.,1.,2.03444009748065E-16));
#7260=DIRECTION('ref_axis',(0.913313147949447,0.,-0.407258018684313));
#7261=DIRECTION('center_axis',(0.,-1.,-2.03444009748065E-16));
#7262=DIRECTION('ref_axis',(0.913313147949447,0.,-0.407258018684313));
#7263=DIRECTION('',(1.07081257515632E-17,1.,2.07879460661959E-16));
#7264=DIRECTION('center_axis',(0.,1.,2.03444009748065E-16));
#7265=DIRECTION('ref_axis',(0.913313147949447,0.,-0.407258018684313));
#7266=DIRECTION('center_axis',(0.923879532511287,-8.94450437377486E-17,
0.38268343236509));
#7267=DIRECTION('ref_axis',(0.38268343236509,1.87957756618264E-16,-0.923879532511287));
#7268=DIRECTION('',(0.38268343236509,1.87957756618264E-16,-0.923879532511287));
#7269=DIRECTION('',(9.52805908850939E-34,-1.,-2.3373116307898E-16));
#7270=DIRECTION('',(-0.38268343236509,-1.87957756618264E-16,0.923879532511287));
#7271=DIRECTION('center_axis',(-1.23405003515387E-32,1.,2.3373116307898E-16));
#7272=DIRECTION('ref_axis',(0.405001498187566,0.,0.914316021114049));
#7273=DIRECTION('center_axis',(0.,-1.,-2.03444009748065E-16));
#7274=DIRECTION('ref_axis',(0.405001498187566,0.,0.914316021114049));
#7275=DIRECTION('',(0.,1.,2.3373116307898E-16));
#7276=DIRECTION('center_axis',(0.,1.,2.03444009748065E-16));
#7277=DIRECTION('ref_axis',(0.405001498187566,0.,0.914316021114049));
#7278=DIRECTION('center_axis',(0.,1.,2.3373116307898E-16));
#7279=DIRECTION('ref_axis',(1.,0.,0.));
#7280=DIRECTION('center_axis',(0.,1.,2.03444009748065E-16));
#7281=DIRECTION('ref_axis',(1.,0.,0.));
#7282=DIRECTION('',(0.,-1.,-2.3373116307898E-16));
#7283=DIRECTION('center_axis',(0.,-1.,-2.03444009748065E-16));
#7284=DIRECTION('ref_axis',(1.,0.,0.));
#7285=DIRECTION('center_axis',(1.23405003515387E-32,1.,2.3373116307898E-16));
#7286=DIRECTION('ref_axis',(-0.932898364436387,0.,0.360139752918105));
#7287=DIRECTION('center_axis',(0.,-1.,-2.03444009748065E-16));
#7288=DIRECTION('ref_axis',(-0.932898364436387,0.,0.360139752918105));
#7289=DIRECTION('',(2.37281947942265E-32,1.,2.3373116307898E-16));
#7290=DIRECTION('center_axis',(0.,1.,2.03444009748065E-16));
#7291=DIRECTION('ref_axis',(-0.932898364436387,0.,0.360139752918105));
#7292=DIRECTION('center_axis',(-0.923879532511287,8.94450437377486E-17,
-0.38268343236509));
#7293=DIRECTION('ref_axis',(-0.38268343236509,-1.87957756618264E-16,0.923879532511287));
#7294=DIRECTION('',(-0.38268343236509,-1.87957756618264E-16,0.923879532511287));
#7295=DIRECTION('',(-1.07081257515632E-17,-1.,-2.07879460661959E-16));
#7296=DIRECTION('',(0.38268343236509,1.87957756618264E-16,-0.923879532511287));
#7297=DIRECTION('center_axis',(0.,1.,2.03444009748065E-16));
#7298=DIRECTION('ref_axis',(-0.357835013557612,0.,-0.933784826966161));
#7299=DIRECTION('center_axis',(0.,1.,2.03444009748065E-16));
#7300=DIRECTION('ref_axis',(-0.357835013557612,0.,-0.933784826966161));
#7301=DIRECTION('center_axis',(0.,-1.,-2.03444009748065E-16));
#7302=DIRECTION('ref_axis',(-0.357835013557612,0.,-0.933784826966161));
#7303=DIRECTION('center_axis',(0.,1.,2.03444009748065E-16));
#7304=DIRECTION('ref_axis',(0.999642220612265,0.,-0.0267475376320753));
#7305=DIRECTION('center_axis',(0.,-1.,-2.03444009748065E-16));
#7306=DIRECTION('ref_axis',(0.999642220612265,0.,-0.0267475376320753));
#7307=DIRECTION('',(1.51435766654573E-17,1.,2.18587586413523E-16));
#7308=DIRECTION('center_axis',(0.,1.,2.03444009748065E-16));
#7309=DIRECTION('ref_axis',(0.999642220612265,0.,-0.0267475376320753));
#7310=DIRECTION('center_axis',(0.707106781186548,-1.65272890387765E-16,
0.707106781186548));
#7311=DIRECTION('ref_axis',(0.707106781186548,1.43856638884639E-16,-0.707106781186548));
#7312=DIRECTION('',(0.707106781186548,1.43856638884639E-16,-0.707106781186548));
#7313=DIRECTION('',(-7.24947271886697E-33,-1.,-2.3373116307898E-16));
#7314=DIRECTION('',(-0.707106781186548,-1.43856638884639E-16,0.707106781186548));
#7315=DIRECTION('center_axis',(2.46810007030775E-32,1.,2.3373116307898E-16));
#7316=DIRECTION('ref_axis',(0.0242790015855889,0.,0.999705221593849));
#7317=DIRECTION('center_axis',(0.,-1.,-2.03444009748065E-16));
#7318=DIRECTION('ref_axis',(0.0242790015855889,0.,0.999705221593849));
#7319=DIRECTION('',(0.,1.,2.3373116307898E-16));
#7320=DIRECTION('center_axis',(0.,1.,2.03444009748065E-16));
#7321=DIRECTION('ref_axis',(0.0242790015855889,0.,0.999705221593849));
#7322=DIRECTION('center_axis',(0.,1.,2.3373116307898E-16));
#7323=DIRECTION('ref_axis',(1.,0.,0.));
#7324=DIRECTION('center_axis',(0.,1.,2.03444009748065E-16));
#7325=DIRECTION('ref_axis',(1.,0.,0.));
#7326=DIRECTION('',(0.,-1.,-2.3373116307898E-16));
#7327=DIRECTION('center_axis',(0.,-1.,-2.03444009748065E-16));
#7328=DIRECTION('ref_axis',(1.,0.,0.));
#7329=DIRECTION('center_axis',(0.,1.,2.3373116307898E-16));
#7330=DIRECTION('ref_axis',(-0.999705221593849,0.,-0.0242790015855889));
#7331=DIRECTION('center_axis',(0.,-1.,-2.03444009748065E-16));
#7332=DIRECTION('ref_axis',(-0.999705221593849,0.,-0.0242790015855889));
#7333=DIRECTION('',(0.,1.,2.3373116307898E-16));
#7334=DIRECTION('center_axis',(0.,1.,2.03444009748065E-16));
#7335=DIRECTION('ref_axis',(-0.999705221593849,0.,-0.0242790015855889));
#7336=DIRECTION('center_axis',(-0.707106781186548,1.65272890387765E-16,
-0.707106781186548));
#7337=DIRECTION('ref_axis',(-0.707106781186548,-1.43856638884639E-16,0.707106781186548));
#7338=DIRECTION('',(-0.707106781186548,-1.43856638884639E-16,0.707106781186548));
#7339=DIRECTION('',(-1.51435766654573E-17,-1.,-2.18587586413523E-16));
#7340=DIRECTION('',(0.707106781186548,1.43856638884639E-16,-0.707106781186548));
#7341=DIRECTION('center_axis',(0.,1.,2.03444009748065E-16));
#7342=DIRECTION('ref_axis',(0.0267475376320753,0.,-0.999642220612265));
#7343=DIRECTION('center_axis',(0.,1.,2.03444009748065E-16));
#7344=DIRECTION('ref_axis',(0.0267475376320753,0.,-0.999642220612265));
#7345=DIRECTION('center_axis',(0.,-1.,-2.03444009748065E-16));
#7346=DIRECTION('ref_axis',(0.0267475376320753,0.,-0.999642220612265));
#7347=DIRECTION('center_axis',(0.,1.,2.03444009748065E-16));
#7348=DIRECTION('ref_axis',(0.933784826966162,0.,0.357835013557611));
#7349=DIRECTION('center_axis',(0.,-1.,-2.03444009748065E-16));
#7350=DIRECTION('ref_axis',(0.933784826966162,0.,0.357835013557611));
#7351=DIRECTION('',(-3.06461511408395E-18,1.,1.9604537437619E-16));
#7352=DIRECTION('center_axis',(0.,1.,2.03444009748065E-16));
#7353=DIRECTION('ref_axis',(0.933784826966162,0.,0.357835013557611));
#7354=DIRECTION('center_axis',(0.382683432365089,-1.79949531398939E-16,
0.923879532511287));
#7355=DIRECTION('ref_axis',(0.923879532511287,7.78546519445063E-17,-0.382683432365089));
#7356=DIRECTION('',(0.923879532511287,7.78546519445064E-17,-0.382683432365089));
#7357=DIRECTION('',(0.,-1.,-1.94775969232483E-16));
#7358=DIRECTION('',(-0.923879532511287,-7.78546519445064E-17,0.382683432365089));
#7359=DIRECTION('center_axis',(0.,1.,1.94775969232483E-16));
#7360=DIRECTION('ref_axis',(-0.360139752918107,0.,0.932898364436387));
#7361=DIRECTION('center_axis',(0.,-1.,-2.03444009748065E-16));
#7362=DIRECTION('ref_axis',(-0.360139752918107,0.,0.932898364436387));
#7363=DIRECTION('',(0.,1.,1.94775969232483E-16));
#7364=DIRECTION('center_axis',(0.,1.,2.03444009748065E-16));
#7365=DIRECTION('ref_axis',(-0.360139752918107,0.,0.932898364436387));
#7366=DIRECTION('center_axis',(0.,1.,1.94775969232483E-16));
#7367=DIRECTION('ref_axis',(1.,0.,0.));
#7368=DIRECTION('center_axis',(0.,1.,2.03444009748065E-16));
#7369=DIRECTION('ref_axis',(1.,0.,0.));
#7370=DIRECTION('',(0.,-1.,-1.94775969232483E-16));
#7371=DIRECTION('center_axis',(0.,-1.,-2.03444009748065E-16));
#7372=DIRECTION('ref_axis',(1.,0.,0.));
#7373=DIRECTION('center_axis',(-1.23405003515387E-32,1.,1.94775969232483E-16));
#7374=DIRECTION('ref_axis',(-0.914316021114049,0.,-0.405001498187567));
#7375=DIRECTION('center_axis',(0.,-1.,-2.03444009748065E-16));
#7376=DIRECTION('ref_axis',(-0.914316021114049,0.,-0.405001498187567));
#7377=DIRECTION('',(-1.23405003515387E-32,1.,1.94775969232483E-16));
#7378=DIRECTION('center_axis',(0.,1.,2.03444009748065E-16));
#7379=DIRECTION('ref_axis',(-0.914316021114049,0.,-0.405001498187567));
#7380=DIRECTION('center_axis',(-0.38268343236509,1.79949531398939E-16,-0.923879532511287));
#7381=DIRECTION('ref_axis',(-0.923879532511287,-7.78546519445064E-17,0.38268343236509));
#7382=DIRECTION('',(-0.923879532511287,-7.78546519445064E-17,0.38268343236509));
#7383=DIRECTION('',(3.06461511408395E-18,-1.,-1.9604537437619E-16));
#7384=DIRECTION('',(0.923879532511287,7.78546519445064E-17,-0.38268343236509));
#7385=DIRECTION('center_axis',(0.,1.,2.03444009748065E-16));
#7386=DIRECTION('ref_axis',(0.407258018684316,0.,-0.913313147949445));
#7387=DIRECTION('center_axis',(0.,1.,2.03444009748065E-16));
#7388=DIRECTION('ref_axis',(0.407258018684316,0.,-0.913313147949445));
#7389=DIRECTION('center_axis',(0.,-1.,-2.03444009748065E-16));
#7390=DIRECTION('ref_axis',(0.407258018684316,0.,-0.913313147949445));
#7391=DIRECTION('center_axis',(-2.46810007030775E-32,1.,2.3373116307898E-16));
#7392=DIRECTION('ref_axis',(-0.914316021114048,0.,0.405001498187569));
#7393=DIRECTION('center_axis',(0.,-1.,-2.03444009748065E-16));
#7394=DIRECTION('ref_axis',(-0.914316021114048,0.,0.405001498187569));
#7395=DIRECTION('',(0.,1.,2.3373116307898E-16));
#7396=DIRECTION('center_axis',(0.,1.,2.03444009748065E-16));
#7397=DIRECTION('ref_axis',(-0.914316021114048,0.,0.405001498187569));
#7398=DIRECTION('',(2.46810007030775E-32,-1.,-2.3373116307898E-16));
#7399=DIRECTION('center_axis',(0.,1.,2.3373116307898E-16));
#7400=DIRECTION('ref_axis',(1.,0.,0.));
#7401=DIRECTION('center_axis',(0.,1.,2.03444009748065E-16));
#7402=DIRECTION('ref_axis',(1.,0.,0.));
#7403=DIRECTION('',(0.,-1.,-2.3373116307898E-16));
#7404=DIRECTION('center_axis',(0.,-1.,-2.03444009748065E-16));
#7405=DIRECTION('ref_axis',(1.,0.,0.));
#7406=DIRECTION('center_axis',(-1.23405003515387E-32,1.,2.3373116307898E-16));
#7407=DIRECTION('ref_axis',(-0.360139752918107,0.,-0.932898364436387));
#7408=DIRECTION('center_axis',(0.,-1.,-2.03444009748065E-16));
#7409=DIRECTION('ref_axis',(-0.360139752918107,0.,-0.932898364436387));
#7410=DIRECTION('',(-1.23405003515387E-32,1.,2.3373116307898E-16));
#7411=DIRECTION('center_axis',(0.,1.,2.03444009748065E-16));
#7412=DIRECTION('ref_axis',(-0.360139752918107,0.,-0.932898364436387));
#7413=DIRECTION('center_axis',(0.38268343236509,2.15939437678727E-16,-0.923879532511287));
#7414=DIRECTION('ref_axis',(-0.923879532511287,7.78546519445065E-17,-0.38268343236509));
#7415=DIRECTION('',(-0.923879532511287,7.78546519445064E-17,-0.38268343236509));
#7416=DIRECTION('',(1.07081257515632E-17,-1.,-2.29295712165086E-16));
#7417=DIRECTION('',(0.923879532511287,-7.78546519445064E-17,0.38268343236509));
#7418=DIRECTION('center_axis',(0.,1.,2.03444009748065E-16));
#7419=DIRECTION('ref_axis',(0.933784826966162,0.,-0.35783501355761));
#7420=DIRECTION('center_axis',(0.,1.,2.03444009748065E-16));
#7421=DIRECTION('ref_axis',(0.933784826966162,0.,-0.35783501355761));
#7422=DIRECTION('center_axis',(0.,-1.,-2.03444009748065E-16));
#7423=DIRECTION('ref_axis',(0.933784826966162,0.,-0.35783501355761));
#7424=DIRECTION('center_axis',(0.,1.,2.03444009748065E-16));
#7425=DIRECTION('ref_axis',(0.407258018684313,0.,0.913313147949447));
#7426=DIRECTION('center_axis',(0.,-1.,-2.03444009748065E-16));
#7427=DIRECTION('ref_axis',(0.407258018684313,0.,0.913313147949447));
#7428=DIRECTION('',(-1.07081257515632E-17,1.,2.29295712165086E-16));
#7429=DIRECTION('center_axis',(0.,1.,2.03444009748065E-16));
#7430=DIRECTION('ref_axis',(0.407258018684313,0.,0.913313147949447));
#7431=DIRECTION('center_axis',(-0.38268343236509,-2.15939437678727E-16,
0.923879532511287));
#7432=DIRECTION('ref_axis',(0.923879532511287,-7.78546519445064E-17,0.38268343236509));
#7433=DIRECTION('',(-0.923879532511287,7.78546519445064E-17,-0.38268343236509));
#7434=DIRECTION('',(0.923879532511287,-7.78546519445064E-17,0.38268343236509));
#7435=DIRECTION('center_axis',(-1.41589656249726E-16,-2.03540887847945E-16,
1.));
#7436=DIRECTION('ref_axis',(1.,-2.88055674062945E-32,1.41589656249726E-16));
#7437=DIRECTION('',(1.,-2.88055674062945E-32,1.41589656249726E-16));
#7438=DIRECTION('',(0.,1.,2.03540887847945E-16));
#7439=DIRECTION('',(-1.,2.88055674062945E-32,-1.41589656249726E-16));
#7440=DIRECTION('center_axis',(0.,1.,2.03540887847945E-16));
#7441=DIRECTION('ref_axis',(-1.,2.49265696798596E-32,-1.22464679914735E-16));
#7442=DIRECTION('center_axis',(0.,1.,2.03444009748065E-16));
#7443=DIRECTION('ref_axis',(1.,0.,0.));
#7444=DIRECTION('',(0.,1.,2.03540887847945E-16));
#7445=DIRECTION('center_axis',(0.,-1.,-2.03444009748065E-16));
#7446=DIRECTION('ref_axis',(1.,0.,0.));
#7447=DIRECTION('center_axis',(0.,2.03540887847945E-16,-1.));
#7448=DIRECTION('ref_axis',(-1.,0.,0.));
#7449=DIRECTION('',(-1.,0.,0.));
#7450=DIRECTION('',(1.,0.,0.));
#7451=DIRECTION('center_axis',(0.,1.,2.03444009748065E-16));
#7452=DIRECTION('ref_axis',(0.,-2.03444009748065E-16,1.));
#7453=DIRECTION('center_axis',(7.0794828124863E-17,-2.03540887847945E-16,
1.));
#7454=DIRECTION('ref_axis',(1.,1.44027837031472E-32,-7.0794828124863E-17));
#7455=DIRECTION('',(1.,1.44027837031472E-32,-7.0794828124863E-17));
#7456=DIRECTION('',(-1.,-1.44027837031472E-32,7.0794828124863E-17));
#7457=DIRECTION('',(0.,1.,2.03540887847945E-16));
#7458=DIRECTION('center_axis',(0.,1.,2.03444009748065E-16));
#7459=DIRECTION('ref_axis',(0.,-2.03444009748065E-16,1.));
#7460=DIRECTION('',(1.,-1.44027837031472E-32,7.0794828124863E-17));
#7461=DIRECTION('center_axis',(0.,-1.,-2.03444009748065E-16));
#7462=DIRECTION('ref_axis',(1.,0.,0.));
#7463=DIRECTION('center_axis',(0.,1.,2.03540887847945E-16));
#7464=DIRECTION('ref_axis',(1.,0.,0.));
#7465=DIRECTION('center_axis',(0.,1.,2.03444009748065E-16));
#7466=DIRECTION('ref_axis',(1.,0.,0.));
#7467=DIRECTION('',(0.,1.,2.03540887847945E-16));
#7468=DIRECTION('center_axis',(7.0794828124863E-17,2.03540887847945E-16,
-1.));
#7469=DIRECTION('ref_axis',(-1.,1.44027837031472E-32,-7.0794828124863E-17));
#7470=DIRECTION('',(-1.,1.44027837031472E-32,-7.0794828124863E-17));
#7471=DIRECTION('center_axis',(1.,-6.28784385668826E-32,2.12384484374589E-16));
#7472=DIRECTION('ref_axis',(2.12384484374589E-16,2.03444009748065E-16,-1.));
#7473=DIRECTION('',(2.12384484374589E-16,2.03444009748065E-16,-1.));
#7474=DIRECTION('',(0.,1.,2.96059473233374E-16));
#7475=DIRECTION('',(-2.12384484374589E-16,-2.03444009748065E-16,1.));
#7476=DIRECTION('center_axis',(0.,1.,2.96059473233374E-16));
#7477=DIRECTION('ref_axis',(1.,0.,0.));
#7478=DIRECTION('center_axis',(0.,1.,2.03444009748065E-16));
#7479=DIRECTION('ref_axis',(1.,0.,0.));
#7480=DIRECTION('',(0.,1.,2.96059473233374E-16));
#7481=DIRECTION('center_axis',(0.,-1.,-2.03444009748065E-16));
#7482=DIRECTION('ref_axis',(1.,0.,0.));
#7483=DIRECTION('center_axis',(-1.,2.09594795222942E-32,-7.0794828124863E-17));
#7484=DIRECTION('ref_axis',(-7.0794828124863E-17,-2.03444009748065E-16,
1.));
#7485=DIRECTION('',(-7.0794828124863E-17,-2.03444009748065E-16,1.));
#7486=DIRECTION('',(7.0794828124863E-17,2.03444009748065E-16,-1.));
#7487=DIRECTION('center_axis',(0.,1.,2.03444009748065E-16));
#7488=DIRECTION('ref_axis',(0.,-2.03444009748065E-16,1.));
#7489=DIRECTION('center_axis',(0.,1.,2.96059473233374E-16));
#7490=DIRECTION('ref_axis',(1.,0.,0.));
#7491=DIRECTION('center_axis',(0.,1.,2.03444009748065E-16));
#7492=DIRECTION('ref_axis',(1.,0.,0.));
#7493=DIRECTION('',(0.,1.,2.96059473233374E-16));
#7494=DIRECTION('center_axis',(0.,-1.,-2.03444009748065E-16));
#7495=DIRECTION('ref_axis',(1.,0.,0.));
#7496=DIRECTION('',(0.,1.,2.96059473233374E-16));
#7497=DIRECTION('center_axis',(-1.,4.19189590445884E-32,-1.41589656249726E-16));
#7498=DIRECTION('ref_axis',(-1.41589656249726E-16,-2.03444009748065E-16,
1.));
#7499=DIRECTION('',(-1.41589656249726E-16,-2.03444009748065E-16,1.));
#7500=DIRECTION('',(1.41589656249726E-16,2.03444009748065E-16,-1.));
#7501=DIRECTION('center_axis',(0.,1.,2.03444009748065E-16));
#7502=DIRECTION('ref_axis',(0.,-2.03444009748065E-16,1.));
#7503=DIRECTION('',(0.,-2.03444009748065E-16,1.));
#7504=DIRECTION('center_axis',(1.,0.,0.));
#7505=DIRECTION('ref_axis',(0.,2.03444009748065E-16,-1.));
#7506=DIRECTION('',(0.,2.03444009748065E-16,-1.));
#7507=DIRECTION('center_axis',(0.,1.,2.3373116307898E-16));
#7508=DIRECTION('ref_axis',(1.,0.,0.));
#7509=DIRECTION('center_axis',(0.,-1.,-2.3373116307898E-16));
#7510=DIRECTION('ref_axis',(1.,0.,0.));
#7511=DIRECTION('',(0.,1.,2.3373116307898E-16));
#7512=DIRECTION('center_axis',(0.,1.,2.03444009748065E-16));
#7513=DIRECTION('ref_axis',(1.,0.,0.));
#7514=DIRECTION('',(0.,1.,2.3373116307898E-16));
#7515=DIRECTION('center_axis',(-0.923879532511287,8.94450437377485E-17,
-0.38268343236509));
#7516=DIRECTION('ref_axis',(-0.38268343236509,-1.87957756618264E-16,0.923879532511287));
#7517=DIRECTION('',(-0.38268343236509,-1.87957756618264E-16,0.923879532511287));
#7518=DIRECTION('center_axis',(0.923879532511287,-8.94450437377485E-17,
0.38268343236509));
#7519=DIRECTION('ref_axis',(0.38268343236509,1.87957756618264E-16,-0.923879532511287));
#7520=DIRECTION('',(0.38268343236509,1.87957756618264E-16,-0.923879532511287));
#7521=DIRECTION('center_axis',(0.,1.,1.94775969232483E-16));
#7522=DIRECTION('ref_axis',(1.,0.,0.));
#7523=DIRECTION('center_axis',(0.,1.,2.03444009748065E-16));
#7524=DIRECTION('ref_axis',(1.,0.,0.));
#7525=DIRECTION('',(0.,1.,1.94775969232483E-16));
#7526=DIRECTION('center_axis',(0.,-1.,-1.94775969232483E-16));
#7527=DIRECTION('ref_axis',(1.,0.,0.));
#7528=DIRECTION('',(0.,1.,1.94775969232483E-16));
#7529=DIRECTION('center_axis',(-0.382683432365089,1.79949531398939E-16,
-0.923879532511287));
#7530=DIRECTION('ref_axis',(-0.923879532511287,-7.78546519445063E-17,0.382683432365089));
#7531=DIRECTION('',(-0.923879532511287,-7.78546519445064E-17,0.382683432365089));
#7532=DIRECTION('center_axis',(0.382683432365089,-1.79949531398939E-16,
0.923879532511287));
#7533=DIRECTION('ref_axis',(0.923879532511287,7.78546519445064E-17,-0.382683432365089));
#7534=DIRECTION('',(0.923879532511287,7.78546519445064E-17,-0.382683432365089));
#7535=DIRECTION('center_axis',(0.,1.,2.3373116307898E-16));
#7536=DIRECTION('ref_axis',(1.,0.,0.));
#7537=DIRECTION('center_axis',(0.,-1.,-2.3373116307898E-16));
#7538=DIRECTION('ref_axis',(1.,0.,0.));
#7539=DIRECTION('',(0.,1.,2.3373116307898E-16));
#7540=DIRECTION('center_axis',(0.,1.,2.03444009748065E-16));
#7541=DIRECTION('ref_axis',(1.,0.,0.));
#7542=DIRECTION('',(0.,1.,2.3373116307898E-16));
#7543=DIRECTION('center_axis',(-0.707106781186548,-1.65272890387765E-16,
0.707106781186548));
#7544=DIRECTION('ref_axis',(0.707106781186548,-1.43856638884639E-16,0.707106781186548));
#7545=DIRECTION('',(0.707106781186548,-1.43856638884639E-16,0.707106781186548));
#7546=DIRECTION('center_axis',(0.707106781186547,1.65272890387766E-16,-0.707106781186548));
#7547=DIRECTION('ref_axis',(-0.707106781186548,1.43856638884639E-16,-0.707106781186547));
#7548=DIRECTION('',(-0.707106781186548,1.43856638884639E-16,-0.707106781186547));
#7549=DIRECTION('center_axis',(0.,1.,2.3373116307898E-16));
#7550=DIRECTION('ref_axis',(1.,0.,0.));
#7551=DIRECTION('center_axis',(0.,1.,2.03444009748065E-16));
#7552=DIRECTION('ref_axis',(1.,0.,0.));
#7553=DIRECTION('',(0.,1.,2.3373116307898E-16));
#7554=DIRECTION('center_axis',(0.,-1.,-2.3373116307898E-16));
#7555=DIRECTION('ref_axis',(1.,0.,0.));
#7556=DIRECTION('',(0.,1.,2.3373116307898E-16));
#7557=DIRECTION('center_axis',(0.923879532511287,-8.94450437377486E-17,
0.38268343236509));
#7558=DIRECTION('ref_axis',(0.38268343236509,1.87957756618264E-16,-0.923879532511287));
#7559=DIRECTION('',(0.38268343236509,1.87957756618264E-16,-0.923879532511287));
#7560=DIRECTION('center_axis',(-0.923879532511287,8.94450437377486E-17,
-0.38268343236509));
#7561=DIRECTION('ref_axis',(-0.38268343236509,-1.87957756618264E-16,0.923879532511287));
#7562=DIRECTION('',(-0.38268343236509,-1.87957756618264E-16,0.923879532511287));
#7563=DIRECTION('center_axis',(0.,1.,2.3373116307898E-16));
#7564=DIRECTION('ref_axis',(1.,0.,0.));
#7565=DIRECTION('center_axis',(0.,-1.,-2.3373116307898E-16));
#7566=DIRECTION('ref_axis',(1.,0.,0.));
#7567=DIRECTION('',(0.,1.,2.3373116307898E-16));
#7568=DIRECTION('center_axis',(0.,1.,2.03444009748065E-16));
#7569=DIRECTION('ref_axis',(1.,0.,0.));
#7570=DIRECTION('',(0.,1.,2.3373116307898E-16));
#7571=DIRECTION('center_axis',(0.38268343236509,2.15939437678727E-16,-0.923879532511287));
#7572=DIRECTION('ref_axis',(-0.923879532511286,7.78546519445065E-17,-0.38268343236509));
#7573=DIRECTION('',(-0.923879532511286,7.78546519445065E-17,-0.38268343236509));
#7574=DIRECTION('center_axis',(-0.38268343236509,-2.15939437678727E-16,
0.923879532511287));
#7575=DIRECTION('ref_axis',(0.923879532511287,-7.78546519445065E-17,0.38268343236509));
#7576=DIRECTION('',(0.923879532511287,-7.78546519445065E-17,0.38268343236509));
#7577=DIRECTION('center_axis',(0.,1.,2.3373116307898E-16));
#7578=DIRECTION('ref_axis',(1.,0.,0.));
#7579=DIRECTION('center_axis',(0.,1.,2.03444009748065E-16));
#7580=DIRECTION('ref_axis',(1.,0.,0.));
#7581=DIRECTION('',(0.,1.,2.3373116307898E-16));
#7582=DIRECTION('center_axis',(0.,-1.,-2.3373116307898E-16));
#7583=DIRECTION('ref_axis',(1.,0.,0.));
#7584=DIRECTION('',(0.,1.,2.3373116307898E-16));
#7585=DIRECTION('center_axis',(0.707106781186548,-1.65272890387765E-16,
0.707106781186548));
#7586=DIRECTION('ref_axis',(0.707106781186548,1.43856638884639E-16,-0.707106781186548));
#7587=DIRECTION('',(0.707106781186548,1.43856638884639E-16,-0.707106781186548));
#7588=DIRECTION('center_axis',(-0.707106781186548,1.65272890387765E-16,
-0.707106781186548));
#7589=DIRECTION('ref_axis',(-0.707106781186548,-1.43856638884639E-16,0.707106781186548));
#7590=DIRECTION('',(-0.707106781186548,-1.43856638884639E-16,0.707106781186548));
#7591=DIRECTION('center_axis',(0.,1.,1.55820775385987E-16));
#7592=DIRECTION('ref_axis',(1.,0.,0.));
#7593=DIRECTION('center_axis',(0.,-1.,-1.55820775385987E-16));
#7594=DIRECTION('ref_axis',(1.,0.,0.));
#7595=DIRECTION('',(0.,1.,1.55820775385987E-16));
#7596=DIRECTION('center_axis',(0.,1.,2.03444009748065E-16));
#7597=DIRECTION('ref_axis',(1.,0.,0.));
#7598=DIRECTION('',(0.,1.,1.55820775385987E-16));
#7599=DIRECTION('center_axis',(-0.923879532511287,-5.9630029158499E-17,
0.38268343236509));
#7600=DIRECTION('ref_axis',(0.38268343236509,-1.87957756618264E-16,0.923879532511287));
#7601=DIRECTION('',(0.38268343236509,-1.87957756618264E-16,0.923879532511287));
#7602=DIRECTION('center_axis',(0.923879532511287,5.9630029158499E-17,-0.382683432365089));
#7603=DIRECTION('ref_axis',(-0.382683432365089,1.87957756618264E-16,-0.923879532511287));
#7604=DIRECTION('',(-0.382683432365089,1.87957756618264E-16,-0.923879532511287));
#7605=DIRECTION('center_axis',(0.,1.,2.3373116307898E-16));
#7606=DIRECTION('ref_axis',(1.,0.,0.));
#7607=DIRECTION('center_axis',(0.,1.,2.03444009748065E-16));
#7608=DIRECTION('ref_axis',(1.,0.,0.));
#7609=DIRECTION('',(0.,1.,2.3373116307898E-16));
#7610=DIRECTION('center_axis',(0.,-1.,-2.3373116307898E-16));
#7611=DIRECTION('ref_axis',(1.,0.,0.));
#7612=DIRECTION('',(0.,1.,2.3373116307898E-16));
#7613=DIRECTION('center_axis',(-0.707106781186548,1.65272890387765E-16,
-0.707106781186548));
#7614=DIRECTION('ref_axis',(-0.707106781186548,-1.43856638884639E-16,0.707106781186548));
#7615=DIRECTION('',(-0.707106781186548,-1.43856638884639E-16,0.707106781186548));
#7616=DIRECTION('center_axis',(0.707106781186548,-1.65272890387765E-16,
0.707106781186548));
#7617=DIRECTION('ref_axis',(0.707106781186548,1.43856638884639E-16,-0.707106781186548));
#7618=DIRECTION('',(0.707106781186548,1.43856638884639E-16,-0.707106781186548));
#7619=DIRECTION('center_axis',(0.,1.,2.3373116307898E-16));
#7620=DIRECTION('ref_axis',(1.,0.,0.));
#7621=DIRECTION('center_axis',(0.,-1.,-2.3373116307898E-16));
#7622=DIRECTION('ref_axis',(1.,0.,0.));
#7623=DIRECTION('',(0.,1.,2.3373116307898E-16));
#7624=DIRECTION('center_axis',(0.,1.,2.03444009748065E-16));
#7625=DIRECTION('ref_axis',(1.,0.,0.));
#7626=DIRECTION('',(0.,1.,2.3373116307898E-16));
#7627=DIRECTION('center_axis',(-0.38268343236509,-2.15939437678727E-16,
0.923879532511287));
#7628=DIRECTION('ref_axis',(0.923879532511287,-7.78546519445064E-17,0.38268343236509));
#7629=DIRECTION('',(0.923879532511287,-7.78546519445064E-17,0.38268343236509));
#7630=DIRECTION('center_axis',(0.38268343236509,2.15939437678727E-16,-0.923879532511287));
#7631=DIRECTION('ref_axis',(-0.923879532511287,7.78546519445065E-17,-0.38268343236509));
#7632=DIRECTION('',(-0.923879532511287,7.78546519445064E-17,-0.38268343236509));
#7633=DIRECTION('center_axis',(0.,1.,1.55820775385987E-16));
#7634=DIRECTION('ref_axis',(1.,0.,0.));
#7635=DIRECTION('center_axis',(0.,1.,2.03444009748065E-16));
#7636=DIRECTION('ref_axis',(1.,0.,0.));
#7637=DIRECTION('',(0.,1.,1.55820775385987E-16));
#7638=DIRECTION('center_axis',(0.,-1.,-1.55820775385987E-16));
#7639=DIRECTION('ref_axis',(1.,0.,0.));
#7640=DIRECTION('',(0.,1.,1.55820775385987E-16));
#7641=DIRECTION('center_axis',(0.923879532511287,5.9630029158499E-17,-0.38268343236509));
#7642=DIRECTION('ref_axis',(-0.38268343236509,1.87957756618264E-16,-0.923879532511287));
#7643=DIRECTION('',(-0.38268343236509,1.87957756618264E-16,-0.923879532511287));
#7644=DIRECTION('center_axis',(-0.923879532511287,-5.96300291584991E-17,
0.38268343236509));
#7645=DIRECTION('ref_axis',(0.38268343236509,-1.87957756618264E-16,0.923879532511287));
#7646=DIRECTION('',(0.38268343236509,-1.87957756618264E-16,0.923879532511287));
#7647=DIRECTION('center_axis',(0.,1.,2.3373116307898E-16));
#7648=DIRECTION('ref_axis',(1.,0.,0.));
#7649=DIRECTION('center_axis',(0.,-1.,-2.3373116307898E-16));
#7650=DIRECTION('ref_axis',(1.,0.,0.));
#7651=DIRECTION('',(0.,1.,2.3373116307898E-16));
#7652=DIRECTION('center_axis',(0.,1.,2.03444009748065E-16));
#7653=DIRECTION('ref_axis',(1.,0.,0.));
#7654=DIRECTION('',(0.,1.,2.3373116307898E-16));
#7655=DIRECTION('center_axis',(0.707106781186548,1.65272890387765E-16,-0.707106781186548));
#7656=DIRECTION('ref_axis',(-0.707106781186548,1.43856638884639E-16,-0.707106781186548));
#7657=DIRECTION('',(-0.707106781186548,1.43856638884639E-16,-0.707106781186548));
#7658=DIRECTION('center_axis',(-0.707106781186547,-1.65272890387766E-16,
0.707106781186548));
#7659=DIRECTION('ref_axis',(0.707106781186548,-1.43856638884639E-16,0.707106781186547));
#7660=DIRECTION('',(0.707106781186548,-1.43856638884639E-16,0.707106781186547));
#7661=DIRECTION('center_axis',(0.,1.,1.94775969232483E-16));
#7662=DIRECTION('ref_axis',(1.,0.,0.));
#7663=DIRECTION('center_axis',(0.,1.,2.03444009748065E-16));
#7664=DIRECTION('ref_axis',(1.,0.,0.));
#7665=DIRECTION('',(0.,1.,1.94775969232483E-16));
#7666=DIRECTION('center_axis',(0.,-1.,-1.94775969232483E-16));
#7667=DIRECTION('ref_axis',(1.,0.,0.));
#7668=DIRECTION('',(0.,1.,1.94775969232483E-16));
#7669=DIRECTION('center_axis',(0.382683432365089,-1.79949531398939E-16,
0.923879532511287));
#7670=DIRECTION('ref_axis',(0.923879532511287,7.78546519445063E-17,-0.382683432365089));
#7671=DIRECTION('',(0.923879532511287,7.78546519445064E-17,-0.382683432365089));
#7672=DIRECTION('center_axis',(-0.38268343236509,1.79949531398939E-16,-0.923879532511287));
#7673=DIRECTION('ref_axis',(-0.923879532511287,-7.78546519445064E-17,0.38268343236509));
#7674=DIRECTION('',(-0.923879532511287,-7.78546519445064E-17,0.38268343236509));
#7675=DIRECTION('center_axis',(0.,-1.,-2.03444009748065E-16));
#7676=DIRECTION('ref_axis',(0.,2.03444009748065E-16,-1.));
#7677=DIRECTION('center_axis',(0.,1.,2.03444009748065E-16));
#7678=DIRECTION('ref_axis',(1.,0.,0.));
#7679=DIRECTION('center_axis',(0.,1.,2.03444009748065E-16));
#7680=DIRECTION('ref_axis',(1.,0.,0.));
#7681=DIRECTION('center_axis',(0.,1.,2.03444009748065E-16));
#7682=DIRECTION('ref_axis',(1.,0.,0.));
#7683=DIRECTION('center_axis',(0.,1.,2.03444009748065E-16));
#7684=DIRECTION('ref_axis',(1.,0.,0.));
#7685=DIRECTION('center_axis',(0.,1.,2.03444009748065E-16));
#7686=DIRECTION('ref_axis',(1.,0.,0.));
#7687=DIRECTION('center_axis',(0.,1.,2.03444009748065E-16));
#7688=DIRECTION('ref_axis',(1.,0.,0.));
#7689=DIRECTION('center_axis',(0.,1.,2.03444009748065E-16));
#7690=DIRECTION('ref_axis',(1.,0.,0.));
#7691=DIRECTION('center_axis',(0.,1.,2.03444009748065E-16));
#7692=DIRECTION('ref_axis',(1.,0.,0.));
#7693=DIRECTION('center_axis',(0.,1.,2.03444009748065E-16));
#7694=DIRECTION('ref_axis',(1.,0.,0.));
#7695=DIRECTION('center_axis',(0.,1.,2.03444009748065E-16));
#7696=DIRECTION('ref_axis',(1.,0.,0.));
#7697=DIRECTION('center_axis',(0.,1.,2.03444009748065E-16));
#7698=DIRECTION('ref_axis',(1.,0.,0.));
#7699=DIRECTION('center_axis',(0.,1.,2.03444009748065E-16));
#7700=DIRECTION('ref_axis',(1.,0.,0.));
#7701=DIRECTION('center_axis',(0.,1.,2.03444009748065E-16));
#7702=DIRECTION('ref_axis',(1.,0.,0.));
#7703=DIRECTION('center_axis',(0.,1.,2.03444009748065E-16));
#7704=DIRECTION('ref_axis',(0.,2.13390412699476E-16,-1.));
#7705=DIRECTION('center_axis',(0.,1.,2.03444009748065E-16));
#7706=DIRECTION('ref_axis',(0.,2.13390412699476E-16,-1.));
#7707=DIRECTION('center_axis',(0.,1.,2.03444009748065E-16));
#7708=DIRECTION('ref_axis',(-1.22464679914735E-16,-1.93497606796655E-16,
1.));
#7709=DIRECTION('center_axis',(0.,1.,2.03444009748065E-16));
#7710=DIRECTION('ref_axis',(0.,2.13390412699476E-16,-1.));
#7711=DIRECTION('center_axis',(0.,1.,2.03444009748065E-16));
#7712=DIRECTION('ref_axis',(0.,2.13390412699476E-16,-1.));
#7713=DIRECTION('center_axis',(0.,1.,2.03444009748065E-16));
#7714=DIRECTION('ref_axis',(0.,2.13390412699476E-16,-1.));
#7715=DIRECTION('center_axis',(0.,1.,2.03444009748065E-16));
#7716=DIRECTION('ref_axis',(0.,2.13390412699476E-16,-1.));
#7717=DIRECTION('center_axis',(0.,1.,2.03444009748065E-16));
#7718=DIRECTION('ref_axis',(0.,2.13390412699476E-16,-1.));
#7719=DIRECTION('center_axis',(0.,1.,2.03444009748065E-16));
#7720=DIRECTION('ref_axis',(0.,2.13390412699476E-16,-1.));
#7721=DIRECTION('center_axis',(0.,1.,2.03444009748065E-16));
#7722=DIRECTION('ref_axis',(0.,2.13390412699476E-16,-1.));
#7723=DIRECTION('center_axis',(0.,1.,2.03444009748065E-16));
#7724=DIRECTION('ref_axis',(0.,2.13390412699476E-16,-1.));
#7725=DIRECTION('center_axis',(0.,-1.,-2.03444009748065E-16));
#7726=DIRECTION('ref_axis',(0.,-2.07748443299165E-16,1.));
#7727=DIRECTION('',(-9.38133875270273E-17,-0.642787609686539,-0.766044443118978));
#7728=DIRECTION('center_axis',(0.,1.,2.03444009748065E-16));
#7729=DIRECTION('ref_axis',(1.,0.,0.));
#7730=DIRECTION('center_axis',(0.,1.,2.03444009748065E-16));
#7731=DIRECTION('ref_axis',(1.,0.,0.));
#7732=DIRECTION('center_axis',(0.,1.,2.03444009748065E-16));
#7733=DIRECTION('ref_axis',(0.,0.,1.));
#7734=DIRECTION('center_axis',(0.,-1.,-2.03444009748065E-16));
#7735=DIRECTION('ref_axis',(-1.83697019872103E-16,-2.03444009748065E-16,
1.));
#7736=DIRECTION('center_axis',(-1.,-2.49147055343671E-32,1.22464679914735E-16));
#7737=DIRECTION('ref_axis',(-1.22464679914735E-16,2.22044604925031E-16,
-1.));
#7738=DIRECTION('center_axis',(0.,1.,2.03444009748065E-16));
#7739=DIRECTION('ref_axis',(-1.83697019872103E-16,-1.85037170770859E-16,
1.));
#7740=DIRECTION('center_axis',(0.,1.,2.03444009748065E-16));
#7741=DIRECTION('ref_axis',(-1.83697019872103E-16,-1.85037170770859E-16,
1.));
#7742=DIRECTION('center_axis',(0.,1.,2.03444009748065E-16));
#7743=DIRECTION('ref_axis',(0.,2.13390412699476E-16,-1.));
#7744=DIRECTION('center_axis',(0.,1.,2.03444009748065E-16));
#7745=DIRECTION('ref_axis',(1.,0.,0.));
#7746=DIRECTION('',(0.,-1.,-2.03444009748065E-16));
#7747=DIRECTION('center_axis',(0.,-1.,-2.03444009748065E-16));
#7748=DIRECTION('ref_axis',(0.,2.03444009748065E-16,-1.));
#7749=DIRECTION('center_axis',(0.,1.,2.03444009748065E-16));
#7750=DIRECTION('ref_axis',(1.,0.,0.));
#7751=DIRECTION('center_axis',(0.,1.,2.03444009748065E-16));
#7752=DIRECTION('ref_axis',(1.,0.,0.));
#7753=DIRECTION('center_axis',(0.,1.,2.03444009748065E-16));
#7754=DIRECTION('ref_axis',(1.,0.,0.));
#7755=DIRECTION('center_axis',(0.,1.,2.03444009748065E-16));
#7756=DIRECTION('ref_axis',(1.,0.,0.));
#7757=DIRECTION('center_axis',(0.,1.,2.03444009748065E-16));
#7758=DIRECTION('ref_axis',(1.,0.,0.));
#7759=DIRECTION('center_axis',(0.,1.,2.03444009748065E-16));
#7760=DIRECTION('ref_axis',(1.,0.,0.));
#7761=DIRECTION('center_axis',(0.,-1.,-2.03444009748065E-16));
#7762=DIRECTION('ref_axis',(1.,0.,0.));
#7763=DIRECTION('',(0.707106781186548,-0.707106781186548,-2.30452244508188E-16));
#7764=DIRECTION('center_axis',(0.,1.,2.03444009748065E-16));
#7765=DIRECTION('ref_axis',(1.,0.,0.));
#7766=DIRECTION('center_axis',(0.,1.,2.03444009748065E-16));
#7767=DIRECTION('ref_axis',(1.,0.,0.));
#7768=DIRECTION('',(0.,-1.,-2.03444009748065E-16));
#7769=DIRECTION('center_axis',(0.,1.,2.03444009748065E-16));
#7770=DIRECTION('ref_axis',(1.,0.,0.));
#7771=DIRECTION('center_axis',(0.,-1.,-2.03444009748065E-16));
#7772=DIRECTION('ref_axis',(1.,0.,0.));
#7773=DIRECTION('',(0.707106781186548,-0.707106781186548,-2.30452244508188E-16));
#7774=DIRECTION('center_axis',(0.,1.,2.03444009748065E-16));
#7775=DIRECTION('ref_axis',(1.,0.,0.));
#7776=DIRECTION('center_axis',(0.,1.,2.03444009748065E-16));
#7777=DIRECTION('ref_axis',(1.,0.,0.));
#7778=DIRECTION('',(0.,-1.,-2.03444009748065E-16));
#7779=DIRECTION('center_axis',(0.,1.,2.03444009748065E-16));
#7780=DIRECTION('ref_axis',(1.,0.,0.));
#7781=DIRECTION('center_axis',(0.,-1.,-2.03444009748065E-16));
#7782=DIRECTION('ref_axis',(1.,0.,0.));
#7783=DIRECTION('',(0.707106781186548,-0.707106781186548,-2.30452244508188E-16));
#7784=DIRECTION('center_axis',(0.,1.,2.03444009748065E-16));
#7785=DIRECTION('ref_axis',(1.,0.,0.));
#7786=DIRECTION('center_axis',(0.,1.,2.03444009748065E-16));
#7787=DIRECTION('ref_axis',(1.,0.,0.));
#7788=DIRECTION('',(0.,-1.,-2.03444009748065E-16));
#7789=DIRECTION('center_axis',(0.,1.,2.03444009748065E-16));
#7790=DIRECTION('ref_axis',(1.,0.,0.));
#7791=DIRECTION('center_axis',(0.,-1.,-2.03444009748065E-16));
#7792=DIRECTION('ref_axis',(1.,0.,0.));
#7793=DIRECTION('',(0.707106781186548,-0.707106781186548,-2.30452244508188E-16));
#7794=DIRECTION('center_axis',(0.,1.,2.03444009748065E-16));
#7795=DIRECTION('ref_axis',(1.,0.,0.));
#7796=DIRECTION('center_axis',(0.,1.,2.03444009748065E-16));
#7797=DIRECTION('ref_axis',(1.,0.,0.));
#7798=DIRECTION('',(0.,-1.,-2.03444009748065E-16));
#7799=DIRECTION('center_axis',(0.,-1.,-2.03444009748065E-16));
#7800=DIRECTION('ref_axis',(0.,2.03444009748065E-16,-1.));
#7801=DIRECTION('center_axis',(0.,1.,2.03444009748065E-16));
#7802=DIRECTION('ref_axis',(1.,0.,0.));
#7803=DIRECTION('center_axis',(0.,1.,2.03444009748065E-16));
#7804=DIRECTION('ref_axis',(0.,2.13390412699476E-16,-1.));
#7805=DIRECTION('',(0.,-1.,-2.03444009748065E-16));
#7806=DIRECTION('center_axis',(0.,1.,2.03444009748065E-16));
#7807=DIRECTION('ref_axis',(0.,2.13390412699476E-16,-1.));
#7808=DIRECTION('center_axis',(0.,1.,2.03444009748065E-16));
#7809=DIRECTION('ref_axis',(0.,2.13390412699476E-16,-1.));
#7810=DIRECTION('center_axis',(0.,1.,2.03444009748065E-16));
#7811=DIRECTION('ref_axis',(1.,0.,0.));
#7812=DIRECTION('',(0.,-1.,-2.03444009748065E-16));
#7813=DIRECTION('center_axis',(0.,1.,2.03444009748065E-16));
#7814=DIRECTION('ref_axis',(0.,-2.03444009748065E-16,1.));
#7815=DIRECTION('center_axis',(0.,1.,2.03444009748065E-16));
#7816=DIRECTION('ref_axis',(0.,2.13390412699476E-16,-1.));
#7817=DIRECTION('',(0.,-1.,-2.03444009748065E-16));
#7818=DIRECTION('axis',(0.,0.,1.));
#7819=DIRECTION('refdir',(1.,0.,0.));
#7820=DIRECTION('center_axis',(0.,0.,-1.));
#7821=DIRECTION('ref_axis',(-1.,0.,0.));
#7822=DIRECTION('center_axis',(0.,2.03444009748065E-16,-1.));
#7823=DIRECTION('ref_axis',(-1.,0.,0.));
#7824=DIRECTION('',(0.,0.,1.));
#7825=DIRECTION('center_axis',(0.,0.,-1.));
#7826=DIRECTION('ref_axis',(1.,0.,0.));
#7827=DIRECTION('center_axis',(0.,0.,-1.));
#7828=DIRECTION('ref_axis',(1.,0.,0.));
#7829=DIRECTION('center_axis',(0.,-2.03444009748065E-16,1.));
#7830=DIRECTION('ref_axis',(1.,0.,0.));
#7831=DIRECTION('',(0.,0.,1.));
#7832=DIRECTION('center_axis',(0.,0.,1.));
#7833=DIRECTION('ref_axis',(1.,0.,0.));
#7834=DIRECTION('center_axis',(0.,2.03444009748065E-16,-1.));
#7835=DIRECTION('ref_axis',(-1.,0.,0.));
#7836=DIRECTION('center_axis',(0.,0.,-1.));
#7837=DIRECTION('ref_axis',(-1.,0.,0.));
#7838=DIRECTION('center_axis',(0.,0.,1.));
#7839=DIRECTION('ref_axis',(-1.,0.,0.));
#7840=DIRECTION('',(0.,0.,1.));
#7841=DIRECTION('center_axis',(0.,0.,-1.));
#7842=DIRECTION('ref_axis',(-1.,0.,0.));
#7843=DIRECTION('center_axis',(0.,0.,1.));
#7844=DIRECTION('ref_axis',(1.,0.,0.));
#7845=DIRECTION('center_axis',(0.,0.,1.));
#7846=DIRECTION('ref_axis',(1.,0.,0.));
#7847=DIRECTION('',(0.,0.,1.));
#7848=DIRECTION('',(1.,0.,0.));
#7849=DIRECTION('',(0.,1.,2.03444009748065E-16));
#7850=DIRECTION('',(-1.,0.,0.));
#7851=CARTESIAN_POINT('',(0.,0.,0.));
#7852=CARTESIAN_POINT('',(0.,0.,0.));
#7853=CARTESIAN_POINT('Origin',(0.,9.33578643762691,1.8179322231232E-15));
#7854=CARTESIAN_POINT('',(3.73693002536525,9.33856217223386,10.9815915961906));
#7855=CARTESIAN_POINT('',(3.41769863132304,10.0428932188135,10.7782187687302));
#7856=CARTESIAN_POINT('Ctrl Pts',(3.73692586185991,9.33856215467422,10.9815889437452));
#7857=CARTESIAN_POINT('Ctrl Pts',(3.73658874666713,9.45093555272253,10.9813741776814));
#7858=CARTESIAN_POINT('Ctrl Pts',(3.71027388172561,9.58156414664014,10.96460975981));
#7859=CARTESIAN_POINT('Ctrl Pts',(3.62301530245485,9.7990355850691,10.9090199139562));
#7860=CARTESIAN_POINT('Ctrl Pts',(3.54133753915911,9.91943014157292,10.8569854399913));
#7861=CARTESIAN_POINT('Ctrl Pts',(3.44576776037085,10.0166262443199,10.7961007760933));
#7862=CARTESIAN_POINT('Ctrl Pts',(3.43200329860169,10.0298826588006,10.7873318468441));
#7863=CARTESIAN_POINT('Ctrl Pts',(3.41769863132304,10.0428932188135,10.7782187687302));
#7864=CARTESIAN_POINT('',(0.967103939428302,10.0428932188135,11.265672360383));
#7865=CARTESIAN_POINT('Origin',(0.,10.0428932188135,1.96178886200784E-15));
#7866=CARTESIAN_POINT('',(0.750000000000001,9.33856217223386,11.5757289187334));
#7867=CARTESIAN_POINT('Ctrl Pts',(0.967103939428302,10.0428932188135,11.265672360383));
#7868=CARTESIAN_POINT('Ctrl Pts',(0.95737557412224,10.0298826588006,11.2795659059037));
#7869=CARTESIAN_POINT('Ctrl Pts',(0.948014593560908,10.0166262443199,11.2929347716335));
#7870=CARTESIAN_POINT('Ctrl Pts',(0.883019183170668,9.91943014157292,11.3857578374297));
#7871=CARTESIAN_POINT('Ctrl Pts',(0.827471500498665,9.7990355850691,11.4650881497169));
#7872=CARTESIAN_POINT('Ctrl Pts',(0.768128398090341,9.58156414664015,11.5498388831352));
#7873=CARTESIAN_POINT('Ctrl Pts',(0.750232097942707,9.45093555272253,11.5753974485191));
#7874=CARTESIAN_POINT('Ctrl Pts',(0.750002831530445,9.33856215467422,11.5757248748888));
#7875=CARTESIAN_POINT('',(0.750000000000001,9.33578643762691,11.5757289187334));
#7876=CARTESIAN_POINT('',(0.750000000000001,5.25,11.5757289187334));
#7877=CARTESIAN_POINT('',(3.73693002536525,9.33578643762691,10.9815915961906));
#7878=CARTESIAN_POINT('Origin',(0.,9.33578643762691,1.8179322231232E-15));
#7879=CARTESIAN_POINT('',(3.73693002536525,5.25,10.9815915961906));
#7880=CARTESIAN_POINT('Origin',(0.,11.25,2.20736750576651E-15));
#7881=CARTESIAN_POINT('',(-1.,12.5,-8.79332132928167));
#7882=CARTESIAN_POINT('',(-1.08381241724541E-15,12.5,-8.84999999999999));
#7883=CARTESIAN_POINT('Origin',(0.,12.5,2.46167251795159E-15));
#7884=CARTESIAN_POINT('',(-1.32261854307914E-15,10.55,-10.8));
#7885=CARTESIAN_POINT('',(-1.23689326713883E-15,11.25,-10.1));
#7886=CARTESIAN_POINT('',(-1.35272444027687,10.55,-10.7149492107372));
#7887=CARTESIAN_POINT('Origin',(0.,10.55,1.6677207975032E-15));
#7888=CARTESIAN_POINT('',(-1.14303873779947,10.2764370377738,-11.0144114287726));
#7889=CARTESIAN_POINT('Ctrl Pts',(-1.35272444028313,10.5500000000081,-10.7149492107283));
#7890=CARTESIAN_POINT('Ctrl Pts',(-1.24919281213879,10.4162734787564,-10.8628076990974));
#7891=CARTESIAN_POINT('Ctrl Pts',(-1.14303873780189,10.276437037777,-11.0144114287692));
#7892=CARTESIAN_POINT('',(-3.15900267632351,10.2764370377738,-10.6134112692088));
#7893=CARTESIAN_POINT('Origin',(5.78583343282784E-18,10.2764370377738,2.0161196553735E-15));
#7894=CARTESIAN_POINT('',(-2.85067911808293,10.55,-10.4169874995474));
#7895=CARTESIAN_POINT('Ctrl Pts',(-3.1590026763235,10.2764370377738,-10.6134112692088));
#7896=CARTESIAN_POINT('Ctrl Pts',(-3.00291286411895,10.4162734787549,-10.5139710918382));
#7897=CARTESIAN_POINT('Ctrl Pts',(-2.85067911807368,10.5500000000081,-10.4169874995415));
#7898=CARTESIAN_POINT('',(-5.35018796508211,10.55,-9.38165703584876));
#7899=CARTESIAN_POINT('Origin',(0.,10.55,1.6677207975032E-15));
#7900=CARTESIAN_POINT('',(-5.27106286576445,10.2764370377739,-9.73856729419405));
#7901=CARTESIAN_POINT('Ctrl Pts',(-5.35018796508448,10.5500000000081,-9.38165703583807));
#7902=CARTESIAN_POINT('Ctrl Pts',(-5.31112020670776,10.4162734787565,-9.55788030576696));
#7903=CARTESIAN_POINT('Ctrl Pts',(-5.27106286576536,10.2764370377771,-9.73856729418991));
#7904=CARTESIAN_POINT('',(-6.9801145694068,10.2764370377738,-8.59661545472064));
#7905=CARTESIAN_POINT('Origin',(-3.81145765269987E-17,10.2764370377738,
2.0183350386942E-15));
#7906=CARTESIAN_POINT('',(-6.62009262218516,10.55,-8.53313387177827));
#7907=CARTESIAN_POINT('Ctrl Pts',(-6.9801145694068,10.2764370377738,-8.59661545472064));
#7908=CARTESIAN_POINT('Ctrl Pts',(-6.79785227828633,10.4162734787549,-8.56447769523036));
#7909=CARTESIAN_POINT('Ctrl Pts',(-6.62009262217436,10.5500000000081,-8.53313387177636));
#7910=CARTESIAN_POINT('',(-8.53313387177827,10.55,-6.62009262218516));
#7911=CARTESIAN_POINT('Origin',(0.,10.55,2.45072019381778E-15));
#7912=CARTESIAN_POINT('',(-8.64987907433463,10.0428932188135,-7.28218756697069));
#7913=CARTESIAN_POINT('Ctrl Pts',(-8.53313387177635,10.5500000000082,-6.62009262217431));
#7914=CARTESIAN_POINT('Ctrl Pts',(-8.5901674854513,10.3066695472814,-6.94354631851613));
#7915=CARTESIAN_POINT('Ctrl Pts',(-8.64987907433464,10.0428932188135,-7.28218756697069));
#7916=CARTESIAN_POINT('',(-10.0380294587417,10.0428932188135,-5.20467370222072));
#7917=CARTESIAN_POINT('Origin',(0.,10.0428932188135,1.96178886200784E-15));
#7918=CARTESIAN_POINT('',(-9.38165703584876,10.55,-5.3501879650821));
#7919=CARTESIAN_POINT('Ctrl Pts',(-10.0380294587417,10.0428932188135,-5.20467370222072));
#7920=CARTESIAN_POINT('Ctrl Pts',(-9.70231510464467,10.3066695472814,-5.27909978269666));
#7921=CARTESIAN_POINT('Ctrl Pts',(-9.38165703583805,10.5500000000081,-5.35018796508448));
#7922=CARTESIAN_POINT('',(-10.4169874995474,10.55,-2.85067911808293));
#7923=CARTESIAN_POINT('Origin',(0.,10.55,2.45072019381778E-15));
#7924=CARTESIAN_POINT('',(-10.7782187687302,10.0428932188135,-3.41769863132303));
#7925=CARTESIAN_POINT('Ctrl Pts',(-10.4169874995415,10.5500000000081,-2.85067911807368));
#7926=CARTESIAN_POINT('Ctrl Pts',(-10.5934600586082,10.3066695472814,-3.12768554879767));
#7927=CARTESIAN_POINT('Ctrl Pts',(-10.7782187687302,10.0428932188135,-3.41769863132303));
#7928=CARTESIAN_POINT('',(-11.265672360383,10.0428932188135,-0.9671039394283));
#7929=CARTESIAN_POINT('Origin',(0.,10.0428932188135,1.96178886200784E-15));
#7930=CARTESIAN_POINT('',(-10.7149492107372,10.55,-1.35272444027687));
#7931=CARTESIAN_POINT('Ctrl Pts',(-11.265672360383,10.0428932188135,-0.9671039394283));
#7932=CARTESIAN_POINT('Ctrl Pts',(-10.9839943677965,10.3066695472814,-1.16433699318515));
#7933=CARTESIAN_POINT('Ctrl Pts',(-10.7149492107282,10.5500000000081,-1.35272444028316));
#7934=CARTESIAN_POINT('',(-10.7149492107372,10.55,1.35272444027687));
#7935=CARTESIAN_POINT('Origin',(0.,10.55,2.05922049566049E-15));
#7936=CARTESIAN_POINT('',(-11.265672360383,10.0428932188135,0.967103939428302));
#7937=CARTESIAN_POINT('Ctrl Pts',(-10.7149492107282,10.5500000000081,1.35272444028315));
#7938=CARTESIAN_POINT('Ctrl Pts',(-10.9839943677965,10.3066695472814,1.16433699318515));
#7939=CARTESIAN_POINT('Ctrl Pts',(-11.265672360383,10.0428932188135,0.967103939428302));
#7940=CARTESIAN_POINT('',(-10.7782187687302,10.0428932188134,3.41769863132304));
#7941=CARTESIAN_POINT('Origin',(0.,10.0428932188135,1.96178886200784E-15));
#7942=CARTESIAN_POINT('',(-10.4169874995474,10.55,2.85067911808294));
#7943=CARTESIAN_POINT('Ctrl Pts',(-10.7782187687302,10.0428932188134,3.41769863132304));
#7944=CARTESIAN_POINT('Ctrl Pts',(-10.5934600586082,10.3066695472814,3.12768554879768));
#7945=CARTESIAN_POINT('Ctrl Pts',(-10.4169874995415,10.5500000000081,2.85067911807367));
#7946=CARTESIAN_POINT('',(-9.38165703584876,10.55,5.35018796508211));
#7947=CARTESIAN_POINT('Origin',(0.,10.55,2.05922049566049E-15));
#7948=CARTESIAN_POINT('',(-9.73856729419404,10.2764370377738,5.27106286576445));
#7949=CARTESIAN_POINT('Ctrl Pts',(-9.38165703583803,10.5500000000081,5.35018796508449));
#7950=CARTESIAN_POINT('Ctrl Pts',(-9.55788030576691,10.4162734787565,5.31112020670777));
#7951=CARTESIAN_POINT('Ctrl Pts',(-9.73856729418986,10.2764370377771,5.27106286576538));
#7952=CARTESIAN_POINT('',(-8.59661545472065,10.2764370377738,6.9801145694068));
#7953=CARTESIAN_POINT('Origin',(2.78082934045747E-18,10.2764370377738,1.91742811393117E-15));
#7954=CARTESIAN_POINT('',(-8.53313387177827,10.55,6.62009262218516));
#7955=CARTESIAN_POINT('Ctrl Pts',(-8.59661545472064,10.2764370377738,6.9801145694068));
#7956=CARTESIAN_POINT('Ctrl Pts',(-8.56447769523036,10.4162734787549,6.79785227828633));
#7957=CARTESIAN_POINT('Ctrl Pts',(-8.53313387177636,10.5500000000081,6.62009262217436));
#7958=CARTESIAN_POINT('',(-6.62009262218516,10.55,8.53313387177827));
#7959=CARTESIAN_POINT('Origin',(0.,10.55,2.45072019381778E-15));
#7960=CARTESIAN_POINT('',(-7.28218756697069,10.0428932188135,8.64987907433464));
#7961=CARTESIAN_POINT('Ctrl Pts',(-6.62009262217435,10.5500000000081,8.53313387177636));
#7962=CARTESIAN_POINT('Ctrl Pts',(-6.94354631851615,10.3066695472814,8.59016748545131));
#7963=CARTESIAN_POINT('Ctrl Pts',(-7.28218756697069,10.0428932188135,8.64987907433464));
#7964=CARTESIAN_POINT('',(-5.20467370222072,10.0428932188135,10.0380294587417));
#7965=CARTESIAN_POINT('Origin',(0.,10.0428932188135,1.96178886200784E-15));
#7966=CARTESIAN_POINT('',(-5.35018796508211,10.55,9.38165703584876));
#7967=CARTESIAN_POINT('Ctrl Pts',(-5.20467370222072,10.0428932188135,10.0380294587417));
#7968=CARTESIAN_POINT('Ctrl Pts',(-5.27909978269666,10.3066695472814,9.70231510464467));
#7969=CARTESIAN_POINT('Ctrl Pts',(-5.35018796508449,10.5500000000081,9.38165703583805));
#7970=CARTESIAN_POINT('',(-2.85067911808293,10.55,10.4169874995474));
#7971=CARTESIAN_POINT('Origin',(0.,10.55,2.45072019381778E-15));
#7972=CARTESIAN_POINT('',(-3.1590026763235,10.2764370377738,10.6134112692088));
#7973=CARTESIAN_POINT('Ctrl Pts',(-2.85067911807368,10.5500000000081,10.4169874995415));
#7974=CARTESIAN_POINT('Ctrl Pts',(-3.0029128641172,10.4162734787565,10.5139710918371));
#7975=CARTESIAN_POINT('Ctrl Pts',(-3.15900267631991,10.2764370377771,10.6134112692065));
#7976=CARTESIAN_POINT('',(-1.14303873779947,10.2764370377738,11.0144114287726));
#7977=CARTESIAN_POINT('Origin',(4.80979608508476E-18,10.2764370377738,2.01822725712479E-15));
#7978=CARTESIAN_POINT('',(-1.35272444027687,10.55,10.7149492107372));
#7979=CARTESIAN_POINT('Ctrl Pts',(-1.14303873779948,10.2764370377738,11.0144114287726));
#7980=CARTESIAN_POINT('Ctrl Pts',(-1.24919281213764,10.4162734787549,10.862807699099));
#7981=CARTESIAN_POINT('Ctrl Pts',(-1.35272444028317,10.5500000000081,10.7149492107282));
#7982=CARTESIAN_POINT('',(1.35272444027688,10.55,10.7149492107372));
#7983=CARTESIAN_POINT('Origin',(0.,10.55,1.6677207975032E-15));
#7984=CARTESIAN_POINT('Ctrl Pts',(1.35272444028318,10.5500000000081,10.7149492107282));
#7985=CARTESIAN_POINT('Ctrl Pts',(1.16433699318516,10.3066695472814,10.9839943677965));
#7986=CARTESIAN_POINT('Ctrl Pts',(0.967103939428303,10.0428932188135,11.265672360383));
#7987=CARTESIAN_POINT('',(2.85067911808293,10.55,10.4169874995474));
#7988=CARTESIAN_POINT('Ctrl Pts',(3.41769863132304,10.0428932188135,10.7782187687302));
#7989=CARTESIAN_POINT('Ctrl Pts',(3.12768554879767,10.3066695472814,10.5934600586082));
#7990=CARTESIAN_POINT('Ctrl Pts',(2.85067911807368,10.5500000000081,10.4169874995415));
#7991=CARTESIAN_POINT('',(5.35018796508211,10.55,9.38165703584876));
#7992=CARTESIAN_POINT('Origin',(0.,10.55,1.6677207975032E-15));
#7993=CARTESIAN_POINT('',(5.20467370222072,10.0428932188135,10.0380294587417));
#7994=CARTESIAN_POINT('Ctrl Pts',(5.35018796508448,10.5500000000081,9.38165703583806));
#7995=CARTESIAN_POINT('Ctrl Pts',(5.27909978269666,10.3066695472814,9.70231510464468));
#7996=CARTESIAN_POINT('Ctrl Pts',(5.20467370222073,10.0428932188135,10.0380294587417));
#7997=CARTESIAN_POINT('',(7.28218756697068,10.0428932188135,8.64987907433464));
#7998=CARTESIAN_POINT('Origin',(0.,10.0428932188135,1.96178886200784E-15));
#7999=CARTESIAN_POINT('',(6.62009262218517,10.55,8.53313387177827));
#8000=CARTESIAN_POINT('Ctrl Pts',(7.28218756697068,10.0428932188135,8.64987907433464));
#8001=CARTESIAN_POINT('Ctrl Pts',(6.94354631851616,10.3066695472814,8.59016748545131));
#8002=CARTESIAN_POINT('Ctrl Pts',(6.62009262217436,10.5500000000081,8.53313387177636));
#8003=CARTESIAN_POINT('',(8.53313387177827,10.55,6.62009262218516));
#8004=CARTESIAN_POINT('Origin',(0.,10.55,2.45072019381778E-15));
#8005=CARTESIAN_POINT('',(8.64987907433464,10.0428932188135,7.28218756697069));
#8006=CARTESIAN_POINT('Ctrl Pts',(8.53313387177637,10.5500000000081,6.62009262217439));
#8007=CARTESIAN_POINT('Ctrl Pts',(8.59016748545131,10.3066695472814,6.94354631851617));
#8008=CARTESIAN_POINT('Ctrl Pts',(8.64987907433464,10.0428932188135,7.28218756697069));
#8009=CARTESIAN_POINT('',(10.0380294587417,10.0428932188135,5.20467370222072));
#8010=CARTESIAN_POINT('Origin',(0.,10.0428932188135,1.96178886200784E-15));
#8011=CARTESIAN_POINT('',(9.38165703584876,10.55,5.35018796508211));
#8012=CARTESIAN_POINT('Ctrl Pts',(10.0380294587417,10.0428932188135,5.20467370222072));
#8013=CARTESIAN_POINT('Ctrl Pts',(9.70231510464467,10.3066695472814,5.27909978269666));
#8014=CARTESIAN_POINT('Ctrl Pts',(9.38165703583805,10.5500000000081,5.35018796508448));
#8015=CARTESIAN_POINT('',(10.4169874995474,10.55,2.85067911808293));
#8016=CARTESIAN_POINT('Origin',(0.,10.55,2.45072019381778E-15));
#8017=CARTESIAN_POINT('',(10.6134112692088,10.2764370377738,3.15900267632351));
#8018=CARTESIAN_POINT('Ctrl Pts',(10.4169874995414,10.5500000000082,2.85067911807362));
#8019=CARTESIAN_POINT('Ctrl Pts',(10.5139710918371,10.4162734787565,3.00291286411718));
#8020=CARTESIAN_POINT('Ctrl Pts',(10.6134112692065,10.2764370377771,3.15900267631992));
#8021=CARTESIAN_POINT('',(11.0144114287726,10.2764370377738,1.14303873779948));
#8022=CARTESIAN_POINT('Origin',(2.10760175128581E-17,10.2764370377738,2.04720229669453E-15));
#8023=CARTESIAN_POINT('',(10.7149492107372,10.55,1.35272444027687));
#8024=CARTESIAN_POINT('Ctrl Pts',(11.0144114287726,10.2764370377738,1.14303873779948));
#8025=CARTESIAN_POINT('Ctrl Pts',(10.862807699099,10.4162734787549,1.24919281213764));
#8026=CARTESIAN_POINT('Ctrl Pts',(10.7149492107282,10.5500000000081,1.35272444028317));
#8027=CARTESIAN_POINT('',(10.7149492107372,10.55,-1.35272444027687));
#8028=CARTESIAN_POINT('Origin',(0.,10.55,2.05922049566049E-15));
#8029=CARTESIAN_POINT('',(11.0144114287726,10.2764370377738,-1.14303873779947));
#8030=CARTESIAN_POINT('Ctrl Pts',(10.7149492107282,10.5500000000082,-1.35272444028318));
#8031=CARTESIAN_POINT('Ctrl Pts',(10.8628076990973,10.4162734787565,-1.24919281213883));
#8032=CARTESIAN_POINT('Ctrl Pts',(11.0144114287691,10.2764370377771,-1.14303873780191));
#8033=CARTESIAN_POINT('',(10.6134112692088,10.2764370377738,-3.15900267632351));
#8034=CARTESIAN_POINT('Origin',(-2.52912210154296E-17,10.2764370377738,
2.0260110376587E-15));
#8035=CARTESIAN_POINT('',(10.4169874995474,10.55,-2.85067911808293));
#8036=CARTESIAN_POINT('Ctrl Pts',(10.6134112692088,10.2764370377738,-3.15900267632351));
#8037=CARTESIAN_POINT('Ctrl Pts',(10.5139710918382,10.4162734787549,-3.00291286411895));
#8038=CARTESIAN_POINT('Ctrl Pts',(10.4169874995415,10.5500000000081,-2.85067911807368));
#8039=CARTESIAN_POINT('',(9.38165703584876,10.55,-5.3501879650821));
#8040=CARTESIAN_POINT('Origin',(0.,10.55,2.05922049566049E-15));
#8041=CARTESIAN_POINT('',(10.0925487101502,10.,-5.19258707517217));
#8042=CARTESIAN_POINT('Ctrl Pts',(9.38165703583803,10.5500000000081,-5.35018796508448));
#8043=CARTESIAN_POINT('Ctrl Pts',(9.72827690412492,10.2869685104585,-5.27334419031928));
#8044=CARTESIAN_POINT('Ctrl Pts',(10.0925487101489,10.0000000000011,-5.19258707517247));
#8045=CARTESIAN_POINT('',(8.65957610124636,10.,-7.33718213939948));
#8046=CARTESIAN_POINT('Origin',(0.,10.,1.95306249358143E-15));
#8047=CARTESIAN_POINT('',(8.53313387177827,10.55,-6.62009262218516));
#8048=CARTESIAN_POINT('Ctrl Pts',(8.65957610124612,10.0000000000011,-7.33718213939812));
#8049=CARTESIAN_POINT('Ctrl Pts',(8.59478516199184,10.2869685104585,-6.96973446352939));
#8050=CARTESIAN_POINT('Ctrl Pts',(8.53313387177636,10.5500000000081,-6.62009262217435));
#8051=CARTESIAN_POINT('',(6.62009262218516,10.55,-8.53313387177826));
#8052=CARTESIAN_POINT('Origin',(0.,10.55,2.45072019381778E-15));
#8053=CARTESIAN_POINT('',(7.28218756697069,10.0428932188135,-8.64987907433463));
#8054=CARTESIAN_POINT('Ctrl Pts',(6.62009262217434,10.5500000000082,-8.53313387177636));
#8055=CARTESIAN_POINT('Ctrl Pts',(6.94354631851614,10.3066695472814,-8.5901674854513));
#8056=CARTESIAN_POINT('Ctrl Pts',(7.28218756697069,10.0428932188135,-8.64987907433463));
#8057=CARTESIAN_POINT('',(5.20467370222072,10.0428932188135,-10.0380294587417));
#8058=CARTESIAN_POINT('Origin',(0.,10.0428932188135,1.96178886200784E-15));
#8059=CARTESIAN_POINT('',(5.3501879650821,10.55,-9.38165703584876));
#8060=CARTESIAN_POINT('Ctrl Pts',(5.20467370222072,10.0428932188135,-10.0380294587417));
#8061=CARTESIAN_POINT('Ctrl Pts',(5.27909978269666,10.3066695472814,-9.70231510464467));
#8062=CARTESIAN_POINT('Ctrl Pts',(5.35018796508448,10.5500000000081,-9.38165703583805));
#8063=CARTESIAN_POINT('',(2.85067911808293,10.55,-10.4169874995474));
#8064=CARTESIAN_POINT('Origin',(0.,10.55,2.45072019381778E-15));
#8065=CARTESIAN_POINT('',(3.41769863132304,10.0428932188135,-10.7782187687302));
#8066=CARTESIAN_POINT('Ctrl Pts',(2.85067911807367,10.5500000000081,-10.4169874995415));
#8067=CARTESIAN_POINT('Ctrl Pts',(3.12768554879767,10.3066695472814,-10.5934600586082));
#8068=CARTESIAN_POINT('Ctrl Pts',(3.41769863132304,10.0428932188135,-10.7782187687302));
#8069=CARTESIAN_POINT('',(0.967103939428307,10.0428932188135,-11.265672360383));
#8070=CARTESIAN_POINT('Origin',(0.,10.0428932188135,1.96178886200784E-15));
#8071=CARTESIAN_POINT('',(1.35272444027687,10.55,-10.7149492107372));
#8072=CARTESIAN_POINT('Ctrl Pts',(0.967103939428307,10.0428932188135,-11.265672360383));
#8073=CARTESIAN_POINT('Ctrl Pts',(1.16433699318516,10.3066695472814,-10.9839943677965));
#8074=CARTESIAN_POINT('Ctrl Pts',(1.35272444028317,10.5500000000081,-10.7149492107282));
#8075=CARTESIAN_POINT('Origin',(0.,10.55,1.6677207975032E-15));
#8076=CARTESIAN_POINT('',(1.,12.5,-8.79332132928167));
#8077=CARTESIAN_POINT('Origin',(0.,12.5,2.46167251795159E-15));
#8078=CARTESIAN_POINT('',(2.44117885566738,12.5,-8.50665303128337));
#8079=CARTESIAN_POINT('Origin',(0.,12.5,2.46167251795159E-15));
#8080=CARTESIAN_POINT('',(4.28893792068995,12.5,-7.74128616655319));
#8081=CARTESIAN_POINT('Origin',(0.,12.5,2.46167251795159E-15));
#8082=CARTESIAN_POINT('',(5.51071035990083,12.5,-6.92492392227392));
#8083=CARTESIAN_POINT('Origin',(0.,12.5,2.46167251795159E-15));
#8084=CARTESIAN_POINT('',(6.92492392227392,12.5,-5.51071035990083));
#8085=CARTESIAN_POINT('Origin',(0.,12.5,2.46167251795159E-15));
#8086=CARTESIAN_POINT('',(7.74128616655319,12.5,-4.28893792068995));
#8087=CARTESIAN_POINT('Origin',(0.,12.5,2.46167251795159E-15));
#8088=CARTESIAN_POINT('',(8.50665303128337,12.5,-2.44117885566738));
#8089=CARTESIAN_POINT('Origin',(0.,12.5,2.46167251795159E-15));
#8090=CARTESIAN_POINT('',(8.79332132928167,12.5,-0.999999999999998));
#8091=CARTESIAN_POINT('Origin',(0.,12.5,2.46167251795159E-15));
#8092=CARTESIAN_POINT('',(8.79332132928167,12.5,1.));
#8093=CARTESIAN_POINT('Origin',(0.,12.5,2.46167251795159E-15));
#8094=CARTESIAN_POINT('',(8.50665303128336,12.5,2.44117885566738));
#8095=CARTESIAN_POINT('Origin',(0.,12.5,2.46167251795159E-15));
#8096=CARTESIAN_POINT('',(7.74128616655319,12.5,4.28893792068996));
#8097=CARTESIAN_POINT('Origin',(0.,12.5,2.46167251795159E-15));
#8098=CARTESIAN_POINT('',(6.92492392227392,12.5,5.51071035990083));
#8099=CARTESIAN_POINT('Origin',(0.,12.5,2.46167251795159E-15));
#8100=CARTESIAN_POINT('',(5.51071035990083,12.5,6.92492392227393));
#8101=CARTESIAN_POINT('Origin',(0.,12.5,2.46167251795159E-15));
#8102=CARTESIAN_POINT('',(4.28893792068995,12.5,7.74128616655319));
#8103=CARTESIAN_POINT('Origin',(0.,12.5,2.46167251795159E-15));
#8104=CARTESIAN_POINT('',(2.44117885566738,12.5,8.50665303128337));
#8105=CARTESIAN_POINT('Origin',(0.,12.5,2.46167251795159E-15));
#8106=CARTESIAN_POINT('',(0.999999999999998,12.5,8.79332132928167));
#8107=CARTESIAN_POINT('Origin',(0.,12.5,2.46167251795159E-15));
#8108=CARTESIAN_POINT('',(-1.,12.5,8.79332132928167));
#8109=CARTESIAN_POINT('Origin',(0.,12.5,2.46167251795159E-15));
#8110=CARTESIAN_POINT('',(-2.44117885566738,12.5,8.50665303128337));
#8111=CARTESIAN_POINT('Origin',(0.,12.5,2.46167251795159E-15));
#8112=CARTESIAN_POINT('',(-4.28893792068996,12.5,7.74128616655319));
#8113=CARTESIAN_POINT('Origin',(0.,12.5,2.46167251795159E-15));
#8114=CARTESIAN_POINT('',(-5.51071035990083,12.5,6.92492392227393));
#8115=CARTESIAN_POINT('Origin',(0.,12.5,2.46167251795159E-15));
#8116=CARTESIAN_POINT('',(-6.92492392227393,12.5,5.51071035990083));
#8117=CARTESIAN_POINT('Origin',(0.,12.5,2.46167251795159E-15));
#8118=CARTESIAN_POINT('',(-7.74128616655319,12.5,4.28893792068995));
#8119=CARTESIAN_POINT('Origin',(0.,12.5,2.46167251795159E-15));
#8120=CARTESIAN_POINT('',(-8.50665303128337,12.5,2.44117885566738));
#8121=CARTESIAN_POINT('Origin',(0.,12.5,2.46167251795159E-15));
#8122=CARTESIAN_POINT('',(-8.79332132928167,12.5,1.));
#8123=CARTESIAN_POINT('Origin',(0.,12.5,2.46167251795159E-15));
#8124=CARTESIAN_POINT('',(-8.79332132928167,12.5,-0.999999999999999));
#8125=CARTESIAN_POINT('Origin',(0.,12.5,2.46167251795159E-15));
#8126=CARTESIAN_POINT('',(-8.50665303128337,12.5,-2.44117885566737));
#8127=CARTESIAN_POINT('Origin',(0.,12.5,2.46167251795159E-15));
#8128=CARTESIAN_POINT('',(-7.74128616655319,12.5,-4.28893792068995));
#8129=CARTESIAN_POINT('Origin',(0.,12.5,2.46167251795159E-15));
#8130=CARTESIAN_POINT('',(-6.92492392227392,12.5,-5.51071035990083));
#8131=CARTESIAN_POINT('Origin',(0.,12.5,2.46167251795159E-15));
#8132=CARTESIAN_POINT('',(-5.51071035990083,12.5,-6.92492392227392));
#8133=CARTESIAN_POINT('Origin',(0.,12.5,2.46167251795159E-15));
#8134=CARTESIAN_POINT('',(-4.28893792068995,12.5,-7.74128616655319));
#8135=CARTESIAN_POINT('Origin',(0.,12.5,2.46167251795159E-15));
#8136=CARTESIAN_POINT('',(-2.44117885566738,12.5,-8.50665303128337));
#8137=CARTESIAN_POINT('Origin',(0.,12.5,2.46167251795159E-15));
#8138=CARTESIAN_POINT('Origin',(0.,12.5,2.46167251795159E-15));
#8139=CARTESIAN_POINT('Origin',(2.85067911808293,0.5,10.4169874995474));
#8140=CARTESIAN_POINT('',(3.73693002536525,0.5,10.9815915961906));
#8141=CARTESIAN_POINT('',(3.73693002536525,5.25,10.9815915961906));
#8142=CARTESIAN_POINT('',(2.85067911808293,0.5,10.4169874995474));
#8143=CARTESIAN_POINT('',(-3.15171972933607,0.500000000000001,6.59303770035154));
#8144=CARTESIAN_POINT('',(2.85067911808293,0.5,10.4169874995474));
#8145=CARTESIAN_POINT('Origin',(0.,9.33578643762691,1.8179322231232E-15));
#8146=CARTESIAN_POINT('',(7.65494632972367,9.33856217223386,8.7156065015035));
#8147=CARTESIAN_POINT('Ctrl Pts',(7.65494146809938,9.33856215467422,8.71560564426797));
#8148=CARTESIAN_POINT('Ctrl Pts',(7.65454782685823,9.45093555272253,8.71553623469643));
#8149=CARTESIAN_POINT('Ctrl Pts',(7.62382059676534,9.58156414664014,8.71011819498862));
#8150=CARTESIAN_POINT('Ctrl Pts',(7.52193086832512,9.7990355850691,8.69215228680755));
#8151=CARTESIAN_POINT('Ctrl Pts',(7.42655772345665,9.91943014157292,8.67533542813222));
#8152=CARTESIAN_POINT('Ctrl Pts',(7.31496320874868,10.0166262443199,8.65565830429014));
#8153=CARTESIAN_POINT('Ctrl Pts',(7.29889078030088,10.0298826588006,8.65282430150928));
#8154=CARTESIAN_POINT('Ctrl Pts',(7.28218756697068,10.0428932188135,8.64987907433464));
#8155=CARTESIAN_POINT('',(5.12274932413218,9.33856217223386,10.4075664476429));
#8156=CARTESIAN_POINT('Ctrl Pts',(5.20467370222072,10.0428932188135,10.0380294587417));
#8157=CARTESIAN_POINT('Ctrl Pts',(5.20100269431725,10.0298826588006,10.054588305309));
#8158=CARTESIAN_POINT('Ctrl Pts',(5.19747031939671,10.0166262443199,10.0705218189011));
#8159=CARTESIAN_POINT('Ctrl Pts',(5.17294423945154,9.91943014157292,10.1811518162713));
#8160=CARTESIAN_POINT('Ctrl Pts',(5.15198326854909,9.7990355850691,10.275700645966));
#8161=CARTESIAN_POINT('Ctrl Pts',(5.12959009239831,9.58156414664014,10.3767097360533));
#8162=CARTESIAN_POINT('Ctrl Pts',(5.12283690651167,9.45093555272253,10.407171389059));
#8163=CARTESIAN_POINT('Ctrl Pts',(5.12275039261289,9.33856215467422,10.4075616280379));
#8164=CARTESIAN_POINT('',(5.12274932413218,9.33578643762691,10.4075664476429));
#8165=CARTESIAN_POINT('',(5.12274932413218,5.25,10.4075664476429));
#8166=CARTESIAN_POINT('',(7.65494632972367,9.33578643762691,8.7156065015035));
#8167=CARTESIAN_POINT('Origin',(0.,9.33578643762691,1.8179322231232E-15));
#8168=CARTESIAN_POINT('',(7.65494632972367,5.25,8.7156065015035));
#8169=CARTESIAN_POINT('Origin',(6.62009262218516,0.5,8.53313387177827));
#8170=CARTESIAN_POINT('',(7.65494632972368,0.5,8.7156065015035));
#8171=CARTESIAN_POINT('',(7.65494632972367,5.25,8.7156065015035));
#8172=CARTESIAN_POINT('',(6.62009262218516,0.5,8.53313387177827));
#8173=CARTESIAN_POINT('',(1.68837208703709,0.500000000000001,7.66353848011767));
#8174=CARTESIAN_POINT('',(6.62009262218516,0.5,8.53313387177827));
#8175=CARTESIAN_POINT('Origin',(0.,9.33578643762691,1.8179322231232E-15));
#8176=CARTESIAN_POINT('',(10.4075664476429,9.33856217223386,5.12274932413218));
#8177=CARTESIAN_POINT('Ctrl Pts',(10.4075616280379,9.33856215467422,5.12275039261289));
#8178=CARTESIAN_POINT('Ctrl Pts',(10.407171389059,9.45093555272254,5.12283690651167));
#8179=CARTESIAN_POINT('Ctrl Pts',(10.3767097360533,9.58156414664015,5.12959009239831));
#8180=CARTESIAN_POINT('Ctrl Pts',(10.275700645966,9.7990355850691,5.15198326854909));
#8181=CARTESIAN_POINT('Ctrl Pts',(10.1811518162713,9.91943014157292,5.17294423945154));
#8182=CARTESIAN_POINT('Ctrl Pts',(10.0705218189011,10.0166262443199,5.19747031939671));
#8183=CARTESIAN_POINT('Ctrl Pts',(10.0545883053089,10.0298826588006,5.20100269431725));
#8184=CARTESIAN_POINT('Ctrl Pts',(10.0380294587417,10.0428932188135,5.20467370222072));
#8185=CARTESIAN_POINT('',(8.7156065015035,9.33856217223386,7.65494632972367));
#8186=CARTESIAN_POINT('Ctrl Pts',(8.64987907433464,10.0428932188135,7.28218756697069));
#8187=CARTESIAN_POINT('Ctrl Pts',(8.65282430150928,10.0298826588006,7.29889078030088));
#8188=CARTESIAN_POINT('Ctrl Pts',(8.65565830429014,10.0166262443199,7.31496320874868));
#8189=CARTESIAN_POINT('Ctrl Pts',(8.67533542813222,9.91943014157292,7.42655772345665));
#8190=CARTESIAN_POINT('Ctrl Pts',(8.69215228680755,9.7990355850691,7.52193086832512));
#8191=CARTESIAN_POINT('Ctrl Pts',(8.71011819498862,9.58156414664014,7.62382059676534));
#8192=CARTESIAN_POINT('Ctrl Pts',(8.71553623469643,9.45093555272253,7.65454782685823));
#8193=CARTESIAN_POINT('Ctrl Pts',(8.71560564426796,9.33856215467422,7.65494146809939));
#8194=CARTESIAN_POINT('',(8.7156065015035,9.33578643762691,7.65494632972367));
#8195=CARTESIAN_POINT('',(8.7156065015035,5.25,7.65494632972367));
#8196=CARTESIAN_POINT('',(10.4075664476429,9.33578643762691,5.12274932413218));
#8197=CARTESIAN_POINT('Origin',(0.,9.33578643762691,1.8179322231232E-15));
#8198=CARTESIAN_POINT('',(10.4075664476429,5.25,5.12274932413218));
#8199=CARTESIAN_POINT('Origin',(9.38165703584876,0.500000000000001,5.35018796508211));
#8200=CARTESIAN_POINT('',(10.4075664476429,0.500000000000001,5.12274932413218));
#8201=CARTESIAN_POINT('',(10.4075664476429,5.25,5.12274932413218));
#8202=CARTESIAN_POINT('',(9.38165703584876,0.500000000000001,5.35018796508211));
#8203=CARTESIAN_POINT('',(6.70144031365762,0.500000000000001,5.94437770711824));
#8204=CARTESIAN_POINT('',(9.38165703584876,0.500000000000001,5.35018796508211));
#8205=CARTESIAN_POINT('Origin',(0.,9.33578643762691,1.8179322231232E-15));
#8206=CARTESIAN_POINT('',(-10.4075664476429,9.33856217223386,-5.12274932413218));
#8207=CARTESIAN_POINT('Ctrl Pts',(-10.4075616280379,9.33856215467422,-5.12275039261289));
#8208=CARTESIAN_POINT('Ctrl Pts',(-10.407171389059,9.45093555272254,-5.12283690651167));
#8209=CARTESIAN_POINT('Ctrl Pts',(-10.3767097360533,9.58156414664015,-5.12959009239831));
#8210=CARTESIAN_POINT('Ctrl Pts',(-10.275700645966,9.79903558506911,-5.15198326854909));
#8211=CARTESIAN_POINT('Ctrl Pts',(-10.1811518162713,9.91943014157292,-5.17294423945154));
#8212=CARTESIAN_POINT('Ctrl Pts',(-10.0705218189011,10.0166262443199,-5.19747031939671));
#8213=CARTESIAN_POINT('Ctrl Pts',(-10.054588305309,10.0298826588006,-5.20100269431724));
#8214=CARTESIAN_POINT('Ctrl Pts',(-10.0380294587417,10.0428932188135,-5.20467370222072));
#8215=CARTESIAN_POINT('',(-8.71560650150349,9.33856217223386,-7.65494632972367));
#8216=CARTESIAN_POINT('Ctrl Pts',(-8.64987907433464,10.0428932188135,-7.28218756697069));
#8217=CARTESIAN_POINT('Ctrl Pts',(-8.65282430150928,10.0298826588006,-7.29889078030088));
#8218=CARTESIAN_POINT('Ctrl Pts',(-8.65565830429013,10.0166262443199,-7.31496320874868));
#8219=CARTESIAN_POINT('Ctrl Pts',(-8.67533542813221,9.91943014157292,-7.42655772345664));
#8220=CARTESIAN_POINT('Ctrl Pts',(-8.69215228680754,9.79903558506911,-7.52193086832512));
#8221=CARTESIAN_POINT('Ctrl Pts',(-8.71011819498861,9.58156414664015,-7.62382059676533));
#8222=CARTESIAN_POINT('Ctrl Pts',(-8.71553623469643,9.45093555272254,-7.65454782685823));
#8223=CARTESIAN_POINT('Ctrl Pts',(-8.71560564426796,9.33856215467422,-7.65494146809938));
#8224=CARTESIAN_POINT('',(-8.71560650150349,9.33578643762691,-7.65494632972367));
#8225=CARTESIAN_POINT('',(-8.71560650150349,5.25,-7.65494632972367));
#8226=CARTESIAN_POINT('',(-10.4075664476429,9.33578643762691,-5.12274932413218));
#8227=CARTESIAN_POINT('Origin',(0.,9.33578643762691,1.8179322231232E-15));
#8228=CARTESIAN_POINT('',(-10.4075664476429,5.25,-5.12274932413218));
#8229=CARTESIAN_POINT('Origin',(-9.38165703584876,0.500000000000003,-5.35018796508211));
#8230=CARTESIAN_POINT('',(-10.4075664476429,0.500000000000003,-5.12274932413218));
#8231=CARTESIAN_POINT('',(-10.4075664476429,5.25,-5.12274932413218));
#8232=CARTESIAN_POINT('',(-9.38165703584876,0.500000000000003,-5.35018796508211));
#8233=CARTESIAN_POINT('',(-4.25025439556157,0.500000000000003,-6.48779254230565));
#8234=CARTESIAN_POINT('',(-9.38165703584876,0.500000000000003,-5.35018796508211));
#8235=CARTESIAN_POINT('Origin',(0.,9.33578643762691,1.8179322231232E-15));
#8236=CARTESIAN_POINT('',(-11.5757289187334,9.33856217223386,-0.750000000000003));
#8237=CARTESIAN_POINT('Ctrl Pts',(-11.5757248748888,9.33856215467422,-0.750002831530446));
#8238=CARTESIAN_POINT('Ctrl Pts',(-11.5753974485191,9.45093555272254,-0.750232097942708));
#8239=CARTESIAN_POINT('Ctrl Pts',(-11.5498388831352,9.58156414664015,-0.768128398090341));
#8240=CARTESIAN_POINT('Ctrl Pts',(-11.4650881497169,9.7990355850691,-0.827471500498663));
#8241=CARTESIAN_POINT('Ctrl Pts',(-11.3857578374297,9.91943014157292,-0.883019183170667));
#8242=CARTESIAN_POINT('Ctrl Pts',(-11.2929347716335,10.0166262443199,-0.948014593560908));
#8243=CARTESIAN_POINT('Ctrl Pts',(-11.2795659059037,10.0298826588006,-0.957375574122239));
#8244=CARTESIAN_POINT('Ctrl Pts',(-11.265672360383,10.0428932188135,-0.967103939428302));
#8245=CARTESIAN_POINT('',(-10.9815915961906,9.33856217223386,-3.73693002536525));
#8246=CARTESIAN_POINT('Ctrl Pts',(-10.7782187687302,10.0428932188135,-3.41769863132303));
#8247=CARTESIAN_POINT('Ctrl Pts',(-10.7873318468441,10.0298826588006,-3.43200329860168));
#8248=CARTESIAN_POINT('Ctrl Pts',(-10.7961007760933,10.0166262443199,-3.44576776037085));
#8249=CARTESIAN_POINT('Ctrl Pts',(-10.8569854399913,9.91943014157292,-3.54133753915911));
#8250=CARTESIAN_POINT('Ctrl Pts',(-10.9090199139562,9.79903558506911,-3.62301530245485));
#8251=CARTESIAN_POINT('Ctrl Pts',(-10.96460975981,9.58156414664015,-3.71027388172561));
#8252=CARTESIAN_POINT('Ctrl Pts',(-10.9813741776814,9.45093555272254,-3.73658874666713));
#8253=CARTESIAN_POINT('Ctrl Pts',(-10.9815889437452,9.33856215467422,-3.73692586185991));
#8254=CARTESIAN_POINT('',(-10.9815915961906,9.33578643762691,-3.73693002536525));
#8255=CARTESIAN_POINT('',(-10.9815915961906,5.25,-3.73693002536525));
#8256=CARTESIAN_POINT('',(-11.5757289187334,9.33578643762691,-0.750000000000003));
#8257=CARTESIAN_POINT('Origin',(0.,9.33578643762691,1.8179322231232E-15));
#8258=CARTESIAN_POINT('',(-11.5757289187334,5.25,-0.750000000000004));
#8259=CARTESIAN_POINT('Origin',(-10.7149492107372,0.500000000000002,-1.35272444027687));
#8260=CARTESIAN_POINT('',(-11.5757289187334,0.500000000000002,-0.750000000000004));
#8261=CARTESIAN_POINT('',(-11.5757289187334,5.25,-0.750000000000004));
#8262=CARTESIAN_POINT('',(-10.7149492107372,0.500000000000002,-1.35272444027687));
#8263=CARTESIAN_POINT('',(-4.71270748519908,0.500000000000003,-5.55553934265548));
#8264=CARTESIAN_POINT('',(-10.7149492107372,0.500000000000002,-1.35272444027687));
#8265=CARTESIAN_POINT('Origin',(0.,9.33578643762691,1.8179322231232E-15));
#8266=CARTESIAN_POINT('',(-10.9815915961906,9.33856217223386,3.73693002536525));
#8267=CARTESIAN_POINT('Ctrl Pts',(-10.9815889437451,9.33856215467422,3.73692586185991));
#8268=CARTESIAN_POINT('Ctrl Pts',(-10.9813741776814,9.45093555272253,3.73658874666714));
#8269=CARTESIAN_POINT('Ctrl Pts',(-10.96460975981,9.58156414664015,3.71027388172562));
#8270=CARTESIAN_POINT('Ctrl Pts',(-10.9090199139562,9.7990355850691,3.62301530245486));
#8271=CARTESIAN_POINT('Ctrl Pts',(-10.8569854399912,9.91943014157291,3.54133753915912));
#8272=CARTESIAN_POINT('Ctrl Pts',(-10.7961007760933,10.0166262443199,3.44576776037086));
#8273=CARTESIAN_POINT('Ctrl Pts',(-10.7873318468441,10.0298826588006,3.4320032986017));
#8274=CARTESIAN_POINT('Ctrl Pts',(-10.7782187687302,10.0428932188135,3.41769863132305));
#8275=CARTESIAN_POINT('',(-11.5757289187334,9.33856217223386,0.750000000000004));
#8276=CARTESIAN_POINT('Ctrl Pts',(-11.265672360383,10.0428932188135,0.967103939428301));
#8277=CARTESIAN_POINT('Ctrl Pts',(-11.2795659059037,10.0298826588006,0.957375574122239));
#8278=CARTESIAN_POINT('Ctrl Pts',(-11.2929347716335,10.0166262443199,0.94801459356091));
#8279=CARTESIAN_POINT('Ctrl Pts',(-11.3857578374297,9.91943014157292,0.883019183170669));
#8280=CARTESIAN_POINT('Ctrl Pts',(-11.4650881497169,9.7990355850691,0.827471500498665));
#8281=CARTESIAN_POINT('Ctrl Pts',(-11.5498388831352,9.58156414664015,0.768128398090341));
#8282=CARTESIAN_POINT('Ctrl Pts',(-11.5753974485191,9.45093555272253,0.750232097942707));
#8283=CARTESIAN_POINT('Ctrl Pts',(-11.5757248748888,9.33856215467422,0.750002831530445));
#8284=CARTESIAN_POINT('',(-11.5757289187334,9.33578643762691,0.750000000000004));
#8285=CARTESIAN_POINT('',(-11.5757289187334,5.25,0.750000000000003));
#8286=CARTESIAN_POINT('',(-10.9815915961906,9.33578643762691,3.73693002536525));
#8287=CARTESIAN_POINT('Origin',(0.,9.33578643762691,1.8179322231232E-15));
#8288=CARTESIAN_POINT('',(-10.9815915961906,5.25,3.73693002536525));
#8289=CARTESIAN_POINT('Origin',(-10.4169874995474,0.500000000000002,2.85067911808293));
#8290=CARTESIAN_POINT('',(-10.9815915961906,0.500000000000001,3.73693002536525));
#8291=CARTESIAN_POINT('',(-10.9815915961906,5.25,3.73693002536525));
#8292=CARTESIAN_POINT('',(-10.4169874995474,0.500000000000002,2.85067911808293));
#8293=CARTESIAN_POINT('',(-5.63915215889725,0.500000000000003,-4.64902010597782));
#8294=CARTESIAN_POINT('',(-10.4169874995474,0.500000000000001,2.85067911808293));
#8295=CARTESIAN_POINT('Origin',(0.,9.36922694889127,1.82473549482284E-15));
#8296=CARTESIAN_POINT('',(-8.7156065015035,9.36922694889127,7.65494632972367));
#8297=CARTESIAN_POINT('',(-8.62334799566571,10.1763853691909,7.13172238046499));
#8298=CARTESIAN_POINT('Ctrl Pts',(-8.71560650150349,9.36922694889127,7.65494632972367));
#8299=CARTESIAN_POINT('Ctrl Pts',(-8.71560650150349,9.49057090711027,7.65494632972367));
#8300=CARTESIAN_POINT('Ctrl Pts',(-8.70936491039502,9.63167763851606,7.61954850754468));
#8301=CARTESIAN_POINT('Ctrl Pts',(-8.68861343840745,9.86459581223844,7.50186106173129));
#8302=CARTESIAN_POINT('Ctrl Pts',(-8.66922915905142,9.99085460621612,7.39192735063305));
#8303=CARTESIAN_POINT('Ctrl Pts',(-8.64191315980972,10.1115232087966,7.23701062074888));
#8304=CARTESIAN_POINT('Ctrl Pts',(-8.63289535183044,10.1457664605132,7.1858680903032));
#8305=CARTESIAN_POINT('Ctrl Pts',(-8.62334800241171,10.1763853724514,7.13172238111923));
#8306=CARTESIAN_POINT('',(-9.88886474832425,10.1763853691909,5.23774271568651));
#8307=CARTESIAN_POINT('Origin',(3.17430113564374E-18,10.1763853839258,1.88407357002346E-15));
#8308=CARTESIAN_POINT('',(-10.4075664476429,9.36922694889127,5.12274932413218));
#8309=CARTESIAN_POINT('Ctrl Pts',(-9.88886475151027,10.1763853724514,5.23774272166863));
#8310=CARTESIAN_POINT('Ctrl Pts',(-9.9425424764442,10.1457664605132,5.22584265654797));
#8311=CARTESIAN_POINT('Ctrl Pts',(-9.99324297927372,10.1115232087966,5.21460262567735));
#8312=CARTESIAN_POINT('Ctrl Pts',(-10.1468207556056,9.99085460621612,5.180555252364));
#8313=CARTESIAN_POINT('Ctrl Pts',(-10.2558043037801,9.86459581223844,5.15639418141781));
#8314=CARTESIAN_POINT('Ctrl Pts',(-10.3724745707275,9.63167763851606,5.13052900594646));
#8315=CARTESIAN_POINT('Ctrl Pts',(-10.4075664476429,9.49057090711027,5.12274932413218));
#8316=CARTESIAN_POINT('Ctrl Pts',(-10.4075664476429,9.36922694889127,5.12274932413218));
#8317=CARTESIAN_POINT('Origin',(0.,9.36922694889127,1.82473549482284E-15));
#8318=CARTESIAN_POINT('Origin',(-10.407566447643,0.500000000000001,5.12274932413218));
#8319=CARTESIAN_POINT('Ctrl Pts',(-9.73856729433927,10.2764370376615,5.27106286573225));
#8320=CARTESIAN_POINT('Ctrl Pts',(-9.78478106643933,10.2406714882486,5.26081751911707));
#8321=CARTESIAN_POINT('Ctrl Pts',(-9.83577551882208,10.2066685934696,5.24951232119942));
#8322=CARTESIAN_POINT('Ctrl Pts',(-9.88886475151027,10.1763853724514,5.23774272166863));
#8323=CARTESIAN_POINT('',(-9.38165703584877,0.500000000000001,5.35018796508211));
#8324=CARTESIAN_POINT('',(-9.38165703584876,0.500000000000001,5.35018796508211));
#8325=CARTESIAN_POINT('',(-10.407566447643,0.500000000000001,5.12274932413218));
#8326=CARTESIAN_POINT('',(-7.21439501955471,0.500000000000001,5.83065838664327));
#8327=CARTESIAN_POINT('',(-10.4075664476429,5.25,5.12274932413218));
#8328=CARTESIAN_POINT('Origin',(0.,10.9835438189604,2.15315859187365E-15));
#8329=CARTESIAN_POINT('Ctrl Pts',(-8.62334800241171,10.1763853724514,7.13172238111924));
#8330=CARTESIAN_POINT('Ctrl Pts',(-8.61390532473731,10.2066685934696,7.07817029489588));
#8331=CARTESIAN_POINT('Ctrl Pts',(-8.60483523363501,10.2406714882486,7.02673125212515));
#8332=CARTESIAN_POINT('Ctrl Pts',(-8.59661545474647,10.2764370376615,6.98011456955329));
#8333=CARTESIAN_POINT('Origin',(0.,9.33578643762691,1.8179322231232E-15));
#8334=CARTESIAN_POINT('',(-5.12274932413218,9.33856217223386,10.4075664476429));
#8335=CARTESIAN_POINT('Ctrl Pts',(-5.12275039261289,9.33856215467422,10.4075616280379));
#8336=CARTESIAN_POINT('Ctrl Pts',(-5.12283690651167,9.45093555272254,10.407171389059));
#8337=CARTESIAN_POINT('Ctrl Pts',(-5.12959009239831,9.58156414664015,10.3767097360533));
#8338=CARTESIAN_POINT('Ctrl Pts',(-5.15198326854909,9.7990355850691,10.275700645966));
#8339=CARTESIAN_POINT('Ctrl Pts',(-5.17294423945154,9.91943014157292,10.1811518162713));
#8340=CARTESIAN_POINT('Ctrl Pts',(-5.19747031939671,10.0166262443199,10.0705218189011));
#8341=CARTESIAN_POINT('Ctrl Pts',(-5.20100269431725,10.0298826588006,10.054588305309));
#8342=CARTESIAN_POINT('Ctrl Pts',(-5.20467370222072,10.0428932188135,10.0380294587417));
#8343=CARTESIAN_POINT('',(-7.65494632972367,9.33856217223386,8.7156065015035));
#8344=CARTESIAN_POINT('Ctrl Pts',(-7.28218756697069,10.0428932188135,8.64987907433464));
#8345=CARTESIAN_POINT('Ctrl Pts',(-7.29889078030088,10.0298826588006,8.65282430150928));
#8346=CARTESIAN_POINT('Ctrl Pts',(-7.31496320874868,10.0166262443199,8.65565830429014));
#8347=CARTESIAN_POINT('Ctrl Pts',(-7.42655772345665,9.91943014157292,8.67533542813222));
#8348=CARTESIAN_POINT('Ctrl Pts',(-7.52193086832512,9.7990355850691,8.69215228680755));
#8349=CARTESIAN_POINT('Ctrl Pts',(-7.62382059676534,9.58156414664014,8.71011819498862));
#8350=CARTESIAN_POINT('Ctrl Pts',(-7.65454782685823,9.45093555272254,8.71553623469643));
#8351=CARTESIAN_POINT('Ctrl Pts',(-7.65494146809938,9.33856215467422,8.71560564426797));
#8352=CARTESIAN_POINT('',(-7.65494632972367,9.33578643762691,8.7156065015035));
#8353=CARTESIAN_POINT('',(-7.65494632972367,5.25,8.7156065015035));
#8354=CARTESIAN_POINT('',(-5.12274932413218,9.33578643762691,10.4075664476429));
#8355=CARTESIAN_POINT('Origin',(0.,9.33578643762691,1.8179322231232E-15));
#8356=CARTESIAN_POINT('',(-5.12274932413218,5.25,10.4075664476429));
#8357=CARTESIAN_POINT('Origin',(-5.35018796508211,0.5,9.38165703584876));
#8358=CARTESIAN_POINT('',(-5.12274932413218,0.5,10.407566447643));
#8359=CARTESIAN_POINT('',(-5.12274932413218,5.25,10.4075664476429));
#8360=CARTESIAN_POINT('',(-5.35018796508211,0.5,9.38165703584876));
#8361=CARTESIAN_POINT('',(-7.44167808375998,0.500000000000002,-0.0524452277966839));
#8362=CARTESIAN_POINT('',(-5.35018796508211,0.5,9.38165703584876));
#8363=CARTESIAN_POINT('Origin',(0.,9.36922694889127,1.82473549482285E-15));
#8364=CARTESIAN_POINT('',(-0.750000000000003,9.36922694889127,11.5757289187334));
#8365=CARTESIAN_POINT('',(-1.05473858749998,10.1763853691909,11.1405171010333));
#8366=CARTESIAN_POINT('Ctrl Pts',(-0.750000000000004,9.36922694889127,11.5757289187334));
#8367=CARTESIAN_POINT('Ctrl Pts',(-0.750000000000004,9.48221962536126,11.5757289187334));
#8368=CARTESIAN_POINT('Ctrl Pts',(-0.767900718002603,9.61417029107545,11.5501640439987));
#8369=CARTESIAN_POINT('Ctrl Pts',(-0.827471500498667,9.83247609633346,11.4650881497169));
#8370=CARTESIAN_POINT('Ctrl Pts',(-0.88301918317067,9.95287065283728,11.3857578374297));
#8371=CARTESIAN_POINT('Ctrl Pts',(-0.972687152214258,10.0869628461159,11.2576987061715));
#8372=CARTESIAN_POINT('Ctrl Pts',(-1.01251583649479,10.135390226639,11.2008174501051));
#8373=CARTESIAN_POINT('Ctrl Pts',(-1.05473859180751,10.1763853724514,11.1405171062661));
#8374=CARTESIAN_POINT('',(-3.28883992940431,10.1763853691909,10.6961267141491));
#8375=CARTESIAN_POINT('Origin',(5.49035532420975E-18,10.1763853839258,1.99913522808939E-15));
#8376=CARTESIAN_POINT('',(-3.73693002536525,9.36922694889127,10.9815915961906));
#8377=CARTESIAN_POINT('Ctrl Pts',(-3.28883992742716,10.1763853724514,10.6961267206319));
#8378=CARTESIAN_POINT('Ctrl Pts',(-3.35092460941992,10.135390226639,10.7356790251812));
#8379=CARTESIAN_POINT('Ctrl Pts',(-3.4094890299423,10.0869628461159,10.7729886758374));
#8380=CARTESIAN_POINT('Ctrl Pts',(-3.54133753915911,9.95287065283728,10.8569854399913));
#8381=CARTESIAN_POINT('Ctrl Pts',(-3.62301530245485,9.83247609633346,10.9090199139562));
#8382=CARTESIAN_POINT('Ctrl Pts',(-3.71060866437394,9.61417029107545,10.964823039879));
#8383=CARTESIAN_POINT('Ctrl Pts',(-3.73693002536524,9.48221962536126,10.9815915961906));
#8384=CARTESIAN_POINT('Ctrl Pts',(-3.73693002536524,9.36922694889127,10.9815915961906));
#8385=CARTESIAN_POINT('Origin',(0.,9.36922694889127,1.82473549482285E-15));
#8386=CARTESIAN_POINT('Origin',(-3.73693002536525,0.5,10.9815915961906));
#8387=CARTESIAN_POINT('Ctrl Pts',(-3.15900267644896,10.2764370376614,10.6134112692887));
#8388=CARTESIAN_POINT('Ctrl Pts',(-3.19892530215232,10.2406714882486,10.6388447868577));
#8389=CARTESIAN_POINT('Ctrl Pts',(-3.24297780734528,10.2066685934696,10.6669093278302));
#8390=CARTESIAN_POINT('Ctrl Pts',(-3.28883992742716,10.1763853724514,10.6961267206319));
#8391=CARTESIAN_POINT('',(-2.85067911808293,0.5,10.4169874995474));
#8392=CARTESIAN_POINT('',(-2.85067911808293,0.5,10.4169874995474));
#8393=CARTESIAN_POINT('',(-3.73693002536525,0.5,10.9815915961906));
#8394=CARTESIAN_POINT('',(2.70859427569491,0.500000000000001,6.87533974867315));
#8395=CARTESIAN_POINT('',(-3.73693002536525,5.25,10.9815915961906));
#8396=CARTESIAN_POINT('Origin',(0.,10.9835438189604,2.15315859187365E-15));
#8397=CARTESIAN_POINT('Ctrl Pts',(-1.05473859180751,10.1763853724514,11.1405171062661));
#8398=CARTESIAN_POINT('Ctrl Pts',(-1.0859286537066,10.2066685934696,11.0959730815347));
#8399=CARTESIAN_POINT('Ctrl Pts',(-1.11588802674312,10.2406714882486,11.0531866626494));
#8400=CARTESIAN_POINT('Ctrl Pts',(-1.14303873771416,10.2764370376615,11.0144114288945));
#8401=CARTESIAN_POINT('Origin',(0.75,0.5,11.5757289187334));
#8402=CARTESIAN_POINT('',(1.35272444027688,0.5,10.7149492107372));
#8403=CARTESIAN_POINT('',(1.35272444027688,0.5,10.7149492107372));
#8404=CARTESIAN_POINT('',(0.75,0.5,11.5757289187334));
#8405=CARTESIAN_POINT('',(6.07114413844065,0.500000000000001,3.97634752383191));
#8406=CARTESIAN_POINT('',(0.750000000000001,5.25,11.5757289187334));
#8407=CARTESIAN_POINT('Origin',(5.12274932413218,0.5,10.407566447643));
#8408=CARTESIAN_POINT('',(5.35018796508211,0.5,9.38165703584876));
#8409=CARTESIAN_POINT('',(5.35018796508211,0.5,9.38165703584876));
#8410=CARTESIAN_POINT('',(5.12274932413218,0.5,10.407566447643));
#8411=CARTESIAN_POINT('',(7.32795876328504,0.500000000000002,0.460509478100423));
#8412=CARTESIAN_POINT('',(5.12274932413218,5.25,10.4075664476429));
#8413=CARTESIAN_POINT('Origin',(8.7156065015035,0.500000000000001,7.65494632972368));
#8414=CARTESIAN_POINT('',(8.53313387177827,0.500000000000001,6.62009262218516));
#8415=CARTESIAN_POINT('',(8.53313387177827,0.500000000000001,6.62009262218516));
#8416=CARTESIAN_POINT('',(8.7156065015035,0.500000000000001,7.65494632972368));
#8417=CARTESIAN_POINT('',(6.93780777905674,0.500000000000003,-2.42745124382834));
#8418=CARTESIAN_POINT('',(8.7156065015035,5.25,7.65494632972367));
#8419=CARTESIAN_POINT('Origin',(0.,9.36922694889127,1.82473549482285E-15));
#8420=CARTESIAN_POINT('',(11.5757289187334,9.36922694889127,0.750000000000007));
#8421=CARTESIAN_POINT('',(11.1405171010333,10.1763853691909,1.05473858749998));
#8422=CARTESIAN_POINT('Ctrl Pts',(11.5757289187334,9.36922694889127,0.750000000000008));
#8423=CARTESIAN_POINT('Ctrl Pts',(11.5757289187334,9.48221962536126,0.750000000000008));
#8424=CARTESIAN_POINT('Ctrl Pts',(11.5501640439987,9.61417029107545,0.767900718002609));
#8425=CARTESIAN_POINT('Ctrl Pts',(11.4650881497169,9.83247609633346,0.827471500498672));
#8426=CARTESIAN_POINT('Ctrl Pts',(11.3857578374297,9.95287065283728,0.883019183170675));
#8427=CARTESIAN_POINT('Ctrl Pts',(11.2576987061715,10.0869628461159,0.972687152214261));
#8428=CARTESIAN_POINT('Ctrl Pts',(11.2008174501051,10.135390226639,1.0125158364948));
#8429=CARTESIAN_POINT('Ctrl Pts',(11.1405171062661,10.1763853724514,1.05473859180751));
#8430=CARTESIAN_POINT('',(10.6961267141491,10.1763853691909,3.28883992940431));
#8431=CARTESIAN_POINT('Origin',(2.40581560876751E-17,10.1763853839258,2.03221007366636E-15));
#8432=CARTESIAN_POINT('',(10.9815915961906,9.36922694889127,3.73693002536525));
#8433=CARTESIAN_POINT('Ctrl Pts',(10.6961267206319,10.1763853724514,3.28883992742717));
#8434=CARTESIAN_POINT('Ctrl Pts',(10.725667987188,10.1457664605132,3.33521042746999));
#8435=CARTESIAN_POINT('Ctrl Pts',(10.7535707544989,10.1115232087966,3.37900899887967));
#8436=CARTESIAN_POINT('Ctrl Pts',(10.8380915130313,9.99085460621611,3.51168001451494));
#8437=CARTESIAN_POINT('Ctrl Pts',(10.8980700618765,9.86459581223843,3.60582747757372));
#8438=CARTESIAN_POINT('Ctrl Pts',(10.9622789578254,9.63167763851606,3.70661525546741));
#8439=CARTESIAN_POINT('Ctrl Pts',(10.9815915961906,9.49057090711027,3.73693002536524));
#8440=CARTESIAN_POINT('Ctrl Pts',(10.9815915961906,9.36922694889127,3.73693002536524));
#8441=CARTESIAN_POINT('Origin',(0.,9.36922694889127,1.82473549482285E-15));
#8442=CARTESIAN_POINT('Origin',(10.9815915961906,0.500000000000001,3.73693002536525));
#8443=CARTESIAN_POINT('Ctrl Pts',(10.6134112692887,10.2764370376614,3.15900267644897));
#8444=CARTESIAN_POINT('Ctrl Pts',(10.6388447868577,10.2406714882486,3.19892530215233));
#8445=CARTESIAN_POINT('Ctrl Pts',(10.6669093278302,10.2066685934696,3.24297780734529));
#8446=CARTESIAN_POINT('Ctrl Pts',(10.6961267206319,10.1763853724514,3.28883992742717));
#8447=CARTESIAN_POINT('',(10.4169874995474,0.500000000000002,2.85067911808293));
#8448=CARTESIAN_POINT('',(10.4169874995474,0.500000000000001,2.85067911808293));
#8449=CARTESIAN_POINT('',(10.9815915961906,0.500000000000001,3.73693002536525));
#8450=CARTESIAN_POINT('',(5.92145420721885,0.500000000000003,-4.20589465233666));
#8451=CARTESIAN_POINT('',(10.9815915961906,5.25,3.73693002536524));
#8452=CARTESIAN_POINT('Origin',(0.,10.9835438189604,2.15315859187365E-15));
#8453=CARTESIAN_POINT('Ctrl Pts',(11.1405171062661,10.1763853724514,1.05473859180751));
#8454=CARTESIAN_POINT('Ctrl Pts',(11.0959730815347,10.2066685934696,1.0859286537066));
#8455=CARTESIAN_POINT('Ctrl Pts',(11.0531866626494,10.2406714882486,1.11588802674312));
#8456=CARTESIAN_POINT('Ctrl Pts',(11.0144114288945,10.2764370376615,1.14303873771416));
#8457=CARTESIAN_POINT('Origin',(0.,9.36922694889127,1.82473549482285E-15));
#8458=CARTESIAN_POINT('',(10.9815915961906,9.36922694889127,-3.73693002536524));
#8459=CARTESIAN_POINT('',(10.6961267141491,10.1763853691909,-3.28883992940431));
#8460=CARTESIAN_POINT('Ctrl Pts',(10.9815915961906,9.36922694889127,-3.73693002536524));
#8461=CARTESIAN_POINT('Ctrl Pts',(10.9815915961906,9.48221962536126,-3.73693002536524));
#8462=CARTESIAN_POINT('Ctrl Pts',(10.964823039879,9.61417029107546,-3.71060866437394));
#8463=CARTESIAN_POINT('Ctrl Pts',(10.9090199139562,9.83247609633347,-3.62301530245484));
#8464=CARTESIAN_POINT('Ctrl Pts',(10.8569854399913,9.95287065283728,-3.5413375391591));
#8465=CARTESIAN_POINT('Ctrl Pts',(10.7729886758374,10.0869628461159,-3.40948902994229));
#8466=CARTESIAN_POINT('Ctrl Pts',(10.7356790251812,10.135390226639,-3.35092460941992));
#8467=CARTESIAN_POINT('Ctrl Pts',(10.6961267206319,10.1763853724514,-3.28883992742717));
#8468=CARTESIAN_POINT('',(11.1405171010333,10.1763853691909,-1.05473858749998));
#8469=CARTESIAN_POINT('Origin',(-2.886978730521E-17,10.1763853839258,2.0080203700249E-15));
#8470=CARTESIAN_POINT('',(11.5757289187334,9.36922694889127,-0.75));
#8471=CARTESIAN_POINT('Ctrl Pts',(11.1405171062661,10.1763853724514,-1.0547385918075));
#8472=CARTESIAN_POINT('Ctrl Pts',(11.2008174501051,10.135390226639,-1.01251583649479));
#8473=CARTESIAN_POINT('Ctrl Pts',(11.2576987061715,10.0869628461159,-0.972687152214253));
#8474=CARTESIAN_POINT('Ctrl Pts',(11.3857578374297,9.95287065283728,-0.883019183170666));
#8475=CARTESIAN_POINT('Ctrl Pts',(11.4650881497169,9.83247609633346,-0.827471500498663));
#8476=CARTESIAN_POINT('Ctrl Pts',(11.5501640439987,9.61417029107545,-0.767900718002599));
#8477=CARTESIAN_POINT('Ctrl Pts',(11.5757289187334,9.48221962536126,-0.749999999999999));
#8478=CARTESIAN_POINT('Ctrl Pts',(11.5757289187334,9.36922694889127,-0.749999999999999));
#8479=CARTESIAN_POINT('Origin',(0.,9.36922694889127,1.82473549482285E-15));
#8480=CARTESIAN_POINT('Origin',(11.5757289187334,0.500000000000002,-0.749999999999997));
#8481=CARTESIAN_POINT('Ctrl Pts',(11.0144114288945,10.2764370376615,-1.14303873771415));
#8482=CARTESIAN_POINT('Ctrl Pts',(11.0531866626494,10.2406714882486,-1.11588802674312));
#8483=CARTESIAN_POINT('Ctrl Pts',(11.0959730815347,10.2066685934696,-1.0859286537066));
#8484=CARTESIAN_POINT('Ctrl Pts',(11.1405171062661,10.1763853724514,-1.0547385918075));
#8485=CARTESIAN_POINT('',(10.7149492107372,0.500000000000002,-1.35272444027687));
#8486=CARTESIAN_POINT('',(10.7149492107372,0.500000000000002,-1.35272444027687));
#8487=CARTESIAN_POINT('',(11.5757289187334,0.500000000000002,-0.749999999999998));
#8488=CARTESIAN_POINT('',(5.14309733919718,0.500000000000003,-5.25417712251707));
#8489=CARTESIAN_POINT('',(11.5757289187334,5.25,-0.750000000000001));
#8490=CARTESIAN_POINT('Origin',(0.,10.9835438189604,2.15315859187365E-15));
#8491=CARTESIAN_POINT('Ctrl Pts',(10.6961267206319,10.1763853724514,-3.28883992742716));
#8492=CARTESIAN_POINT('Ctrl Pts',(10.6669093278302,10.2066685934696,-3.24297780734529));
#8493=CARTESIAN_POINT('Ctrl Pts',(10.6388447868577,10.2406714882486,-3.19892530215232));
#8494=CARTESIAN_POINT('Ctrl Pts',(10.6134112692887,10.2764370376615,-3.15900267644896));
#8495=CARTESIAN_POINT('Origin',(0.,9.33856217223386,1.81849692970163E-15));
#8496=CARTESIAN_POINT('',(8.7156065015035,9.33856217223386,-7.65494632972367));
#8497=CARTESIAN_POINT('Ctrl Pts',(8.7156065015035,9.33856217223386,-7.65494632972367));
#8498=CARTESIAN_POINT('Ctrl Pts',(8.7156065015035,9.45155484870385,-7.65494632972367));
#8499=CARTESIAN_POINT('Ctrl Pts',(8.71018712430618,9.58350551441805,-7.62421151435085));
#8500=CARTESIAN_POINT('Ctrl Pts',(8.69238074163594,9.7990459487498,-7.52322650004001));
#8501=CARTESIAN_POINT('Ctrl Pts',(8.67616362924148,9.91669446243437,-7.43125468535061));
#8502=CARTESIAN_POINT('Ctrl Pts',(8.65957610124636,10.,-7.33718213939948));
#8503=CARTESIAN_POINT('',(10.4075664476429,9.33856217223386,-5.12274932413218));
#8504=CARTESIAN_POINT('Ctrl Pts',(10.0925487101502,10.,-5.19258707517217));
#8505=CARTESIAN_POINT('Ctrl Pts',(10.1858081820733,9.91669446243436,-5.17191194800592));
#8506=CARTESIAN_POINT('Ctrl Pts',(10.2769850794669,9.7990459487498,-5.15169851649741));
#8507=CARTESIAN_POINT('Ctrl Pts',(10.3770972749173,9.58350551441805,-5.12950417710059));
#8508=CARTESIAN_POINT('Ctrl Pts',(10.4075664476429,9.45155484870386,-5.12274932413218));
#8509=CARTESIAN_POINT('Ctrl Pts',(10.4075664476429,9.33856217223386,-5.12274932413218));
#8510=CARTESIAN_POINT('Origin',(7.21895963978425E-34,9.33856217223386,1.81849692970163E-15));
#8511=CARTESIAN_POINT('Origin',(10.407566447643,0.500000000000003,-5.12274932413218));
#8512=CARTESIAN_POINT('',(9.38165703584876,0.500000000000003,-5.35018796508211));
#8513=CARTESIAN_POINT('',(9.38165703584876,0.500000000000003,-5.3501879650821));
#8514=CARTESIAN_POINT('',(10.407566447643,0.500000000000003,-5.12274932413218));
#8515=CARTESIAN_POINT('',(4.76320910145866,0.500000000000003,-6.3740732218307));
#8516=CARTESIAN_POINT('',(10.4075664476429,5.25,-5.12274932413218));
#8517=CARTESIAN_POINT('Origin',(0.,9.33578643762691,1.8179322231232E-15));
#8518=CARTESIAN_POINT('',(5.12274932413218,9.33856217223386,-10.4075664476429));
#8519=CARTESIAN_POINT('Ctrl Pts',(5.12275039261289,9.33856215467422,-10.4075616280379));
#8520=CARTESIAN_POINT('Ctrl Pts',(5.12283690651167,9.45093555272254,-10.407171389059));
#8521=CARTESIAN_POINT('Ctrl Pts',(5.12959009239831,9.58156414664015,-10.3767097360533));
#8522=CARTESIAN_POINT('Ctrl Pts',(5.1519832685491,9.79903558506911,-10.275700645966));
#8523=CARTESIAN_POINT('Ctrl Pts',(5.17294423945154,9.91943014157292,-10.1811518162713));
#8524=CARTESIAN_POINT('Ctrl Pts',(5.19747031939671,10.0166262443199,-10.0705218189011));
#8525=CARTESIAN_POINT('Ctrl Pts',(5.20100269431725,10.0298826588006,-10.0545883053089));
#8526=CARTESIAN_POINT('Ctrl Pts',(5.20467370222072,10.0428932188135,-10.0380294587417));
#8527=CARTESIAN_POINT('',(7.65494632972367,9.33856217223386,-8.71560650150349));
#8528=CARTESIAN_POINT('Ctrl Pts',(7.28218756697069,10.0428932188135,-8.64987907433463));
#8529=CARTESIAN_POINT('Ctrl Pts',(7.29889078030088,10.0298826588006,-8.65282430150928));
#8530=CARTESIAN_POINT('Ctrl Pts',(7.31496320874868,10.0166262443199,-8.65565830429013));
#8531=CARTESIAN_POINT('Ctrl Pts',(7.42655772345665,9.91943014157292,-8.67533542813221));
#8532=CARTESIAN_POINT('Ctrl Pts',(7.52193086832512,9.79903558506911,-8.69215228680754));
#8533=CARTESIAN_POINT('Ctrl Pts',(7.62382059676534,9.58156414664015,-8.71011819498861));
#8534=CARTESIAN_POINT('Ctrl Pts',(7.65454782685823,9.45093555272254,-8.71553623469642));
#8535=CARTESIAN_POINT('Ctrl Pts',(7.65494146809939,9.33856215467422,-8.71560564426796));
#8536=CARTESIAN_POINT('',(7.65494632972367,9.33578643762691,-8.71560650150349));
#8537=CARTESIAN_POINT('',(7.65494632972367,5.25,-8.71560650150349));
#8538=CARTESIAN_POINT('',(5.12274932413218,9.33578643762691,-10.4075664476429));
#8539=CARTESIAN_POINT('Origin',(0.,9.33578643762691,1.8179322231232E-15));
#8540=CARTESIAN_POINT('',(5.12274932413218,5.25,-10.4075664476429));
#8541=CARTESIAN_POINT('Origin',(5.35018796508211,0.500000000000004,-9.38165703584876));
#8542=CARTESIAN_POINT('',(5.12274932413218,0.500000000000004,-10.4075664476429));
#8543=CARTESIAN_POINT('',(5.12274932413218,5.25,-10.4075664476429));
#8544=CARTESIAN_POINT('',(5.35018796508211,0.500000000000004,-9.38165703584876));
#8545=CARTESIAN_POINT('',(4.99049216566393,0.500000000000004,-11.0041399370159));
#8546=CARTESIAN_POINT('',(5.35018796508211,0.500000000000004,-9.38165703584876));
#8547=CARTESIAN_POINT('Origin',(7.65494632972368,0.500000000000004,-8.71560650150349));
#8548=CARTESIAN_POINT('',(6.62009262218517,0.500000000000004,-8.53313387177827));
#8549=CARTESIAN_POINT('',(6.62009262218517,0.500000000000004,-8.53313387177827));
#8550=CARTESIAN_POINT('',(7.65494632972368,0.500000000000004,-8.71560650150349));
#8551=CARTESIAN_POINT('',(4.18951577209523,0.500000000000004,-8.10455759442202));
#8552=CARTESIAN_POINT('',(7.65494632972367,5.25,-8.71560650150349));
#8553=CARTESIAN_POINT('Origin',(0.,9.33578643762691,1.8179322231232E-15));
#8554=CARTESIAN_POINT('',(0.750000000000007,9.33856217223386,-11.5757289187334));
#8555=CARTESIAN_POINT('Ctrl Pts',(0.750002831530451,9.33856215467422,-11.5757248748888));
#8556=CARTESIAN_POINT('Ctrl Pts',(0.750232097942712,9.45093555272254,-11.5753974485191));
#8557=CARTESIAN_POINT('Ctrl Pts',(0.768128398090347,9.58156414664015,-11.5498388831352));
#8558=CARTESIAN_POINT('Ctrl Pts',(0.82747150049867,9.79903558506911,-11.4650881497169));
#8559=CARTESIAN_POINT('Ctrl Pts',(0.883019183170672,9.91943014157292,-11.3857578374297));
#8560=CARTESIAN_POINT('Ctrl Pts',(0.948014593560912,10.0166262443199,-11.2929347716335));
#8561=CARTESIAN_POINT('Ctrl Pts',(0.957375574122242,10.0298826588006,-11.2795659059037));
#8562=CARTESIAN_POINT('Ctrl Pts',(0.967103939428305,10.0428932188135,-11.265672360383));
#8563=CARTESIAN_POINT('',(3.73693002536525,9.33856217223386,-10.9815915961906));
#8564=CARTESIAN_POINT('Ctrl Pts',(3.41769863132304,10.0428932188135,-10.7782187687302));
#8565=CARTESIAN_POINT('Ctrl Pts',(3.43200329860169,10.0298826588006,-10.7873318468441));
#8566=CARTESIAN_POINT('Ctrl Pts',(3.44576776037085,10.0166262443199,-10.7961007760933));
#8567=CARTESIAN_POINT('Ctrl Pts',(3.54133753915911,9.91943014157292,-10.8569854399912));
#8568=CARTESIAN_POINT('Ctrl Pts',(3.62301530245485,9.79903558506911,-10.9090199139562));
#8569=CARTESIAN_POINT('Ctrl Pts',(3.71027388172561,9.58156414664015,-10.96460975981));
#8570=CARTESIAN_POINT('Ctrl Pts',(3.73658874666713,9.45093555272254,-10.9813741776814));
#8571=CARTESIAN_POINT('Ctrl Pts',(3.73692586185991,9.33856215467422,-10.9815889437451));
#8572=CARTESIAN_POINT('',(3.73693002536525,9.33578643762691,-10.9815915961906));
#8573=CARTESIAN_POINT('',(3.73693002536525,5.25,-10.9815915961906));
#8574=CARTESIAN_POINT('',(0.750000000000007,9.33578643762691,-11.5757289187334));
#8575=CARTESIAN_POINT('Origin',(0.,9.33578643762691,1.8179322231232E-15));
#8576=CARTESIAN_POINT('',(0.750000000000007,5.25,-11.5757289187334));
#8577=CARTESIAN_POINT('Origin',(1.35272444027687,0.500000000000004,-10.7149492107372));
#8578=CARTESIAN_POINT('',(0.750000000000003,0.500000000000004,-11.5757289187334));
#8579=CARTESIAN_POINT('',(0.750000000000007,5.25,-11.5757289187334));
#8580=CARTESIAN_POINT('',(1.35272444027687,0.500000000000004,-10.7149492107372));
#8581=CARTESIAN_POINT('',(0.922289158020814,0.500000000000004,-11.3296745011227));
#8582=CARTESIAN_POINT('',(1.35272444027687,0.500000000000004,-10.7149492107372));
#8583=CARTESIAN_POINT('Origin',(3.73693002536525,0.500000000000004,-10.9815915961906));
#8584=CARTESIAN_POINT('',(2.85067911808293,0.500000000000004,-10.4169874995474));
#8585=CARTESIAN_POINT('',(2.85067911808293,0.500000000000004,-10.4169874995474));
#8586=CARTESIAN_POINT('',(3.73693002536525,0.500000000000004,-10.9815915961906));
#8587=CARTESIAN_POINT('',(2.54799088911766,0.500000000000004,-10.2241538305771));
#8588=CARTESIAN_POINT('',(3.73693002536525,5.25,-10.9815915961906));
#8589=CARTESIAN_POINT('Origin',(0.,9.36922694889127,1.82473549482285E-15));
#8590=CARTESIAN_POINT('',(-3.73693002536524,9.36922694889127,-10.9815915961906));
#8591=CARTESIAN_POINT('',(-3.28883992940431,10.1763853691909,-10.696126714149));
#8592=CARTESIAN_POINT('Ctrl Pts',(-3.73693002536524,9.36922694889127,-10.9815915961906));
#8593=CARTESIAN_POINT('Ctrl Pts',(-3.73693002536524,9.48221962536127,-10.9815915961906));
#8594=CARTESIAN_POINT('Ctrl Pts',(-3.71060866437394,9.61417029107546,-10.964823039879));
#8595=CARTESIAN_POINT('Ctrl Pts',(-3.62301530245484,9.83247609633347,-10.9090199139562));
#8596=CARTESIAN_POINT('Ctrl Pts',(-3.5413375391591,9.95287065283728,-10.8569854399912));
#8597=CARTESIAN_POINT('Ctrl Pts',(-3.40948902994229,10.0869628461159,-10.7729886758374));
#8598=CARTESIAN_POINT('Ctrl Pts',(-3.35092460941992,10.135390226639,-10.7356790251812));
#8599=CARTESIAN_POINT('Ctrl Pts',(-3.28883992742716,10.1763853724514,-10.6961267206319));
#8600=CARTESIAN_POINT('',(-1.05473858749998,10.1763853691909,-11.1405171010333));
#8601=CARTESIAN_POINT('Origin',(6.60449649651981E-18,10.1763853839258,1.99672941248062E-15));
#8602=CARTESIAN_POINT('',(-0.75,9.36922694889127,-11.5757289187334));
#8603=CARTESIAN_POINT('Ctrl Pts',(-1.05473859180751,10.1763853724514,-11.1405171062661));
#8604=CARTESIAN_POINT('Ctrl Pts',(-1.01251583649479,10.135390226639,-11.2008174501051));
#8605=CARTESIAN_POINT('Ctrl Pts',(-0.972687152214254,10.0869628461159,-11.2576987061715));
#8606=CARTESIAN_POINT('Ctrl Pts',(-0.883019183170666,9.95287065283728,-11.3857578374297));
#8607=CARTESIAN_POINT('Ctrl Pts',(-0.827471500498661,9.83247609633347,-11.4650881497169));
#8608=CARTESIAN_POINT('Ctrl Pts',(-0.767900718002598,9.61417029107545,-11.5501640439987));
#8609=CARTESIAN_POINT('Ctrl Pts',(-0.75,9.48221962536126,-11.5757289187334));
#8610=CARTESIAN_POINT('Ctrl Pts',(-0.75,9.36922694889127,-11.5757289187334));
#8611=CARTESIAN_POINT('Origin',(0.,9.36922694889127,1.82473549482285E-15));
#8612=CARTESIAN_POINT('Origin',(-0.749999999999997,0.500000000000004,-11.5757289187334));
#8613=CARTESIAN_POINT('Ctrl Pts',(-1.14303873771415,10.2764370376615,-11.0144114288945));
#8614=CARTESIAN_POINT('Ctrl Pts',(-1.11588802674311,10.2406714882486,-11.0531866626494));
#8615=CARTESIAN_POINT('Ctrl Pts',(-1.0859286537066,10.2066685934696,-11.0959730815347));
#8616=CARTESIAN_POINT('Ctrl Pts',(-1.05473859180751,10.1763853724514,-11.1405171062661));
#8617=CARTESIAN_POINT('',(-1.35272444027687,0.500000000000004,-10.7149492107372));
#8618=CARTESIAN_POINT('',(-1.35272444027687,0.500000000000004,-10.7149492107372));
#8619=CARTESIAN_POINT('',(-0.749999999999997,0.500000000000004,-11.5757289187334));
#8620=CARTESIAN_POINT('',(-0.620926937882373,0.500000000000004,-11.7600643551208));
#8621=CARTESIAN_POINT('',(-0.75,5.25,-11.5757289187334));
#8622=CARTESIAN_POINT('Origin',(0.,10.9835438189604,2.15315859187365E-15));
#8623=CARTESIAN_POINT('Ctrl Pts',(-3.28883992742716,10.1763853724514,-10.6961267206319));
#8624=CARTESIAN_POINT('Ctrl Pts',(-3.24297780734528,10.2066685934696,-10.6669093278302));
#8625=CARTESIAN_POINT('Ctrl Pts',(-3.19892530215232,10.2406714882486,-10.6388447868577));
#8626=CARTESIAN_POINT('Ctrl Pts',(-3.15900267644896,10.2764370376615,-10.6134112692887));
#8627=CARTESIAN_POINT('Origin',(0.,9.36922694889127,1.82473549482285E-15));
#8628=CARTESIAN_POINT('',(-7.65494632972367,9.36922694889127,-8.7156065015035));
#8629=CARTESIAN_POINT('',(-7.13172238046499,10.1763853691909,-8.62334799566571));
#8630=CARTESIAN_POINT('Ctrl Pts',(-7.65494632972366,9.36922694889127,-8.71560650150349));
#8631=CARTESIAN_POINT('Ctrl Pts',(-7.65494632972366,9.49057090711028,-8.71560650150349));
#8632=CARTESIAN_POINT('Ctrl Pts',(-7.61954850754467,9.63167763851607,-8.70936491039502));
#8633=CARTESIAN_POINT('Ctrl Pts',(-7.50186106173128,9.86459581223844,-8.68861343840745));
#8634=CARTESIAN_POINT('Ctrl Pts',(-7.39192735063305,9.99085460621612,-8.66922915905142));
#8635=CARTESIAN_POINT('Ctrl Pts',(-7.23701062074888,10.1115232087966,-8.64191315980972));
#8636=CARTESIAN_POINT('Ctrl Pts',(-7.1858680903032,10.1457664605132,-8.63289535183044));
#8637=CARTESIAN_POINT('Ctrl Pts',(-7.13172238111923,10.1763853724514,-8.62334800241171));
#8638=CARTESIAN_POINT('',(-5.2377427156865,10.176385369191,-9.88886474832425));
#8639=CARTESIAN_POINT('Origin',(-4.35075758853753E-17,10.1763853839258,
1.99925826014792E-15));
#8640=CARTESIAN_POINT('',(-5.12274932413218,9.36922694889127,-10.4075664476429));
#8641=CARTESIAN_POINT('Ctrl Pts',(-5.23774272166863,10.1763853724514,-9.88886475151027));
#8642=CARTESIAN_POINT('Ctrl Pts',(-5.22180992478209,10.135390226639,-9.96073295391351));
#8643=CARTESIAN_POINT('Ctrl Pts',(-5.20678053287718,10.0869628461159,-10.0285261597839));
#8644=CARTESIAN_POINT('Ctrl Pts',(-5.17294423945154,9.95287065283728,-10.1811518162713));
#8645=CARTESIAN_POINT('Ctrl Pts',(-5.15198326854909,9.83247609633347,-10.275700645966));
#8646=CARTESIAN_POINT('Ctrl Pts',(-5.12950417710059,9.61417029107546,-10.3770972749173));
#8647=CARTESIAN_POINT('Ctrl Pts',(-5.12274932413218,9.48221962536126,-10.4075664476429));
#8648=CARTESIAN_POINT('Ctrl Pts',(-5.12274932413218,9.36922694889127,-10.4075664476429));
#8649=CARTESIAN_POINT('Origin',(0.,9.36922694889127,1.82473549482285E-15));
#8650=CARTESIAN_POINT('Origin',(-5.12274932413218,0.500000000000004,-10.407566447643));
#8651=CARTESIAN_POINT('Ctrl Pts',(-5.27106286573225,10.2764370376615,-9.73856729433927));
#8652=CARTESIAN_POINT('Ctrl Pts',(-5.26081751911707,10.2406714882486,-9.78478106643933));
#8653=CARTESIAN_POINT('Ctrl Pts',(-5.24951232119941,10.2066685934696,-9.83577551882208));
#8654=CARTESIAN_POINT('Ctrl Pts',(-5.23774272166863,10.1763853724514,-9.88886475151027));
#8655=CARTESIAN_POINT('',(-5.35018796508211,0.500000000000004,-9.38165703584876));
#8656=CARTESIAN_POINT('',(-5.35018796508211,0.500000000000004,-9.38165703584876));
#8657=CARTESIAN_POINT('',(-5.12274932413218,0.500000000000004,-10.407566447643));
#8658=CARTESIAN_POINT('',(-4.87677284518896,0.500000000000004,-11.517094642913));
#8659=CARTESIAN_POINT('',(-5.12274932413218,5.25,-10.4075664476429));
#8660=CARTESIAN_POINT('Origin',(0.,10.9835438189604,2.15315859187365E-15));
#8661=CARTESIAN_POINT('Ctrl Pts',(-7.13172238111924,10.1763853724514,-8.62334800241171));
#8662=CARTESIAN_POINT('Ctrl Pts',(-7.07817029489588,10.2066685934696,-8.61390532473731));
#8663=CARTESIAN_POINT('Ctrl Pts',(-7.02673125212515,10.2406714882486,-8.60483523363501));
#8664=CARTESIAN_POINT('Ctrl Pts',(-6.9801145695533,10.2764370376615,-8.59661545474647));
#8665=CARTESIAN_POINT('Origin',(-8.71560650150349,0.500000000000004,-7.65494632972367));
#8666=CARTESIAN_POINT('',(-8.53313387177827,0.500000000000003,-6.62009262218516));
#8667=CARTESIAN_POINT('',(-8.53313387177827,0.500000000000004,-6.62009262218516));
#8668=CARTESIAN_POINT('',(-8.7156065015035,0.500000000000004,-7.65494632972367));
#8669=CARTESIAN_POINT('',(-8.92152461034559,0.500000000000004,-8.82276595672992));
#8670=CARTESIAN_POINT('',(-8.71560650150349,5.25,-7.65494632972367));
#8671=CARTESIAN_POINT('Origin',(-10.9815915961906,0.500000000000003,-3.73693002536525));
#8672=CARTESIAN_POINT('',(-10.4169874995474,0.500000000000003,-2.85067911808293));
#8673=CARTESIAN_POINT('',(-10.4169874995474,0.500000000000003,-2.85067911808293));
#8674=CARTESIAN_POINT('',(-10.9815915961906,0.500000000000003,-3.73693002536525));
#8675=CARTESIAN_POINT('',(-11.1780393720314,0.500000000000003,-4.04529126575941));
#8676=CARTESIAN_POINT('',(-10.9815915961906,5.25,-3.73693002536525));
#8677=CARTESIAN_POINT('Origin',(-11.5757289187334,0.500000000000002,0.749999999999998));
#8678=CARTESIAN_POINT('',(-10.7149492107372,0.500000000000002,1.35272444027687));
#8679=CARTESIAN_POINT('',(-10.7149492107372,0.500000000000002,1.35272444027687));
#8680=CARTESIAN_POINT('',(-11.5757289187334,0.500000000000002,0.749999999999998));
#8681=CARTESIAN_POINT('',(-10.5933145397555,0.500000000000002,1.43789395380595));
#8682=CARTESIAN_POINT('',(-11.5757289187334,5.25,0.750000000000003));
#8683=CARTESIAN_POINT('Origin',(-7.65494632972368,0.5,8.7156065015035));
#8684=CARTESIAN_POINT('',(-6.62009262218516,0.5,8.53313387177827));
#8685=CARTESIAN_POINT('',(-6.62009262218516,0.5,8.53313387177827));
#8686=CARTESIAN_POINT('',(-7.65494632972368,0.5,8.7156065015035));
#8687=CARTESIAN_POINT('',(-2.20579894080635,0.500000000000001,7.75477479498029));
#8688=CARTESIAN_POINT('',(-7.65494632972367,5.25,8.7156065015035));
#8689=CARTESIAN_POINT('Origin',(0.,11.25,2.20736750576651E-15));
#8690=CARTESIAN_POINT('',(8.79332132928167,15.,-0.999999999999997));
#8691=CARTESIAN_POINT('',(8.79332132928167,10.,-0.999999999999998));
#8692=CARTESIAN_POINT('',(8.79332132928167,15.,1.));
#8693=CARTESIAN_POINT('Origin',(0.,15.,3.05214453672038E-15));
#8694=CARTESIAN_POINT('',(8.79332132928167,10.,1.));
#8695=CARTESIAN_POINT('Origin',(0.,11.25,2.20736750576651E-15));
#8696=CARTESIAN_POINT('',(-1.,15.,-8.79332132928167));
#8697=CARTESIAN_POINT('',(-1.,10.,-8.79332132928167));
#8698=CARTESIAN_POINT('',(1.,15.,-8.79332132928167));
#8699=CARTESIAN_POINT('Origin',(0.,15.,3.51473746364752E-15));
#8700=CARTESIAN_POINT('',(1.,10.,-8.79332132928167));
#8701=CARTESIAN_POINT('Origin',(0.,11.25,2.20736750576651E-15));
#8702=CARTESIAN_POINT('',(-8.79332132928167,15.,1.));
#8703=CARTESIAN_POINT('',(-8.79332132928167,10.,1.));
#8704=CARTESIAN_POINT('',(-8.79332132928167,15.,-0.999999999999998));
#8705=CARTESIAN_POINT('Origin',(0.,15.,3.05214453672038E-15));
#8706=CARTESIAN_POINT('',(-8.79332132928167,10.,-0.999999999999999));
#8707=CARTESIAN_POINT('Origin',(0.,11.25,2.20736750576651E-15));
#8708=CARTESIAN_POINT('',(-6.58358762437836,19.5,-5.91429404004671));
#8709=CARTESIAN_POINT('',(-6.58358762437836,17.3357864376269,-5.91429404004671));
#8710=CARTESIAN_POINT('',(-6.58358762437836,11.25,-5.91429404004671));
#8711=CARTESIAN_POINT('',(-5.91429404004671,19.5,-6.58358762437836));
#8712=CARTESIAN_POINT('Origin',(0.,19.5,4.25488614673096E-15));
#8713=CARTESIAN_POINT('',(-5.91429404004671,17.3357864376269,-6.58358762437836));
#8714=CARTESIAN_POINT('',(-5.91429404004671,11.25,-6.58358762437836));
#8715=CARTESIAN_POINT('',(-3.81913951339631,17.3357864376269,-7.98352512222608));
#8716=CARTESIAN_POINT('Origin',(0.,17.3357864376269,3.44548430110772E-15));
#8717=CARTESIAN_POINT('',(-3.81913951339631,19.5,-7.98352512222608));
#8718=CARTESIAN_POINT('',(-3.81913951339631,11.25,-7.98352512222608));
#8719=CARTESIAN_POINT('',(-2.94466530347921,19.5,-8.34574419991924));
#8720=CARTESIAN_POINT('Origin',(0.,19.5,3.51473746364753E-15));
#8721=CARTESIAN_POINT('',(-2.9446653034792,17.3357864376269,-8.34574419991924));
#8722=CARTESIAN_POINT('',(-2.9446653034792,11.25,-8.34574419991924));
#8723=CARTESIAN_POINT('',(2.94466530347921,17.3357864376269,-8.34574419991924));
#8724=CARTESIAN_POINT('Origin',(0.,17.3357864376269,3.44548430110772E-15));
#8725=CARTESIAN_POINT('',(2.94466530347921,19.5,-8.34574419991924));
#8726=CARTESIAN_POINT('',(2.94466530347921,11.25,-8.34574419991924));
#8727=CARTESIAN_POINT('',(3.81913951339631,19.5,-7.98352512222608));
#8728=CARTESIAN_POINT('Origin',(0.,19.5,4.25488614673096E-15));
#8729=CARTESIAN_POINT('',(3.81913951339631,17.3357864376269,-7.98352512222608));
#8730=CARTESIAN_POINT('',(3.81913951339631,11.25,-7.98352512222608));
#8731=CARTESIAN_POINT('',(5.91429404004671,17.3357864376269,-6.58358762437836));
#8732=CARTESIAN_POINT('Origin',(0.,17.3357864376269,3.44548430110772E-15));
#8733=CARTESIAN_POINT('',(5.91429404004671,19.5,-6.58358762437836));
#8734=CARTESIAN_POINT('',(5.91429404004671,11.25,-6.58358762437836));
#8735=CARTESIAN_POINT('',(6.58358762437836,19.5,-5.91429404004671));
#8736=CARTESIAN_POINT('Origin',(0.,19.5,4.25488614673096E-15));
#8737=CARTESIAN_POINT('',(6.58358762437836,17.3357864376269,-5.91429404004671));
#8738=CARTESIAN_POINT('',(6.58358762437836,11.25,-5.91429404004671));
#8739=CARTESIAN_POINT('',(7.98352512222608,17.3357864376269,-3.8191395133963));
#8740=CARTESIAN_POINT('Origin',(0.,17.3357864376269,3.44548430110772E-15));
#8741=CARTESIAN_POINT('',(7.98352512222609,19.5,-3.8191395133963));
#8742=CARTESIAN_POINT('',(7.98352512222608,11.25,-3.8191395133963));
#8743=CARTESIAN_POINT('',(8.34574419991925,19.5,-2.9446653034792));
#8744=CARTESIAN_POINT('Origin',(0.,19.5,3.88481180518925E-15));
#8745=CARTESIAN_POINT('',(8.34574419991924,17.3357864376269,-2.9446653034792));
#8746=CARTESIAN_POINT('',(8.34574419991924,11.25,-2.9446653034792));
#8747=CARTESIAN_POINT('',(8.34574419991924,17.3357864376269,2.94466530347921));
#8748=CARTESIAN_POINT('Origin',(0.,17.3357864376269,3.44548430110772E-15));
#8749=CARTESIAN_POINT('',(8.34574419991924,19.5,2.94466530347922));
#8750=CARTESIAN_POINT('',(8.34574419991924,11.25,2.94466530347921));
#8751=CARTESIAN_POINT('',(7.98352512222608,19.5,3.81913951339632));
#8752=CARTESIAN_POINT('Origin',(0.,19.5,4.25488614673096E-15));
#8753=CARTESIAN_POINT('',(7.98352512222608,17.3357864376269,3.81913951339631));
#8754=CARTESIAN_POINT('',(7.98352512222608,11.25,3.81913951339631));
#8755=CARTESIAN_POINT('',(6.58358762437836,17.3357864376269,5.91429404004672));
#8756=CARTESIAN_POINT('Origin',(0.,17.3357864376269,3.44548430110772E-15));
#8757=CARTESIAN_POINT('',(6.58358762437836,19.5,5.91429404004672));
#8758=CARTESIAN_POINT('',(6.58358762437836,11.25,5.91429404004672));
#8759=CARTESIAN_POINT('',(5.91429404004671,19.5,6.58358762437837));
#8760=CARTESIAN_POINT('Origin',(0.,19.5,4.25488614673096E-15));
#8761=CARTESIAN_POINT('',(5.91429404004671,17.3357864376269,6.58358762437837));
#8762=CARTESIAN_POINT('',(5.91429404004671,11.25,6.58358762437837));
#8763=CARTESIAN_POINT('',(3.81913951339631,17.3357864376269,7.98352512222609));
#8764=CARTESIAN_POINT('Origin',(0.,17.3357864376269,3.44548430110772E-15));
#8765=CARTESIAN_POINT('',(3.81913951339631,19.5,7.98352512222609));
#8766=CARTESIAN_POINT('',(3.81913951339631,11.25,7.98352512222609));
#8767=CARTESIAN_POINT('',(2.94466530347921,19.5,8.34574419991925));
#8768=CARTESIAN_POINT('Origin',(0.,19.5,3.51473746364753E-15));
#8769=CARTESIAN_POINT('',(2.94466530347921,17.3357864376269,8.34574419991925));
#8770=CARTESIAN_POINT('',(2.94466530347921,11.25,8.34574419991925));
#8771=CARTESIAN_POINT('',(1.08381241724541E-15,17.3357864376269,8.85));
#8772=CARTESIAN_POINT('Origin',(0.,17.3357864376269,3.44548430110772E-15));
#8773=CARTESIAN_POINT('',(1.08381241724541E-15,17.3075239857375,8.85));
#8774=CARTESIAN_POINT('',(1.08381241724541E-15,11.25,8.85));
#8775=CARTESIAN_POINT('',(2.44117885566738,17.3075239857375,8.50665303128337));
#8776=CARTESIAN_POINT('Origin',(0.,17.3075239857375,3.43973447457003E-15));
#8777=CARTESIAN_POINT('',(2.44117885566738,10.,8.50665303128337));
#8778=CARTESIAN_POINT('',(4.28893792068995,17.3075239857375,7.74128616655319));
#8779=CARTESIAN_POINT('',(4.28893792068995,10.,7.74128616655319));
#8780=CARTESIAN_POINT('',(5.51071035990083,17.3075239857375,6.92492392227393));
#8781=CARTESIAN_POINT('Origin',(0.,17.3075239857375,3.43973447457003E-15));
#8782=CARTESIAN_POINT('',(5.51071035990083,10.,6.92492392227393));
#8783=CARTESIAN_POINT('',(6.92492392227392,17.3075239857375,5.51071035990083));
#8784=CARTESIAN_POINT('',(6.92492392227392,10.,5.51071035990083));
#8785=CARTESIAN_POINT('',(7.74128616655319,17.3075239857375,4.28893792068996));
#8786=CARTESIAN_POINT('Origin',(0.,17.3075239857375,3.43973447457003E-15));
#8787=CARTESIAN_POINT('',(7.74128616655319,10.,4.28893792068996));
#8788=CARTESIAN_POINT('',(8.50665303128337,17.3075239857375,2.44117885566739));
#8789=CARTESIAN_POINT('',(8.50665303128337,10.,2.44117885566738));
#8790=CARTESIAN_POINT('',(8.50665303128337,17.3075239857375,-2.44117885566737));
#8791=CARTESIAN_POINT('Origin',(0.,17.3075239857375,3.43973447457003E-15));
#8792=CARTESIAN_POINT('',(8.50665303128337,10.,-2.44117885566738));
#8793=CARTESIAN_POINT('',(7.74128616655319,17.3075239857375,-4.28893792068995));
#8794=CARTESIAN_POINT('',(7.74128616655319,10.,-4.28893792068995));
#8795=CARTESIAN_POINT('',(6.92492392227392,17.3075239857375,-5.51071035990083));
#8796=CARTESIAN_POINT('Origin',(0.,17.3075239857375,3.43973447457003E-15));
#8797=CARTESIAN_POINT('',(6.92492392227392,10.,-5.51071035990083));
#8798=CARTESIAN_POINT('',(5.51071035990083,17.3075239857375,-6.92492392227392));
#8799=CARTESIAN_POINT('',(5.51071035990083,10.,-6.92492392227392));
#8800=CARTESIAN_POINT('',(4.28893792068995,17.3075239857375,-7.74128616655318));
#8801=CARTESIAN_POINT('Origin',(0.,17.3075239857375,3.43973447457003E-15));
#8802=CARTESIAN_POINT('',(4.28893792068995,10.,-7.74128616655319));
#8803=CARTESIAN_POINT('',(2.44117885566738,17.3075239857375,-8.50665303128336));
#8804=CARTESIAN_POINT('',(2.44117885566738,10.,-8.50665303128337));
#8805=CARTESIAN_POINT('',(-1.08381241724541E-15,17.3075239857375,-8.84999999999998));
#8806=CARTESIAN_POINT('Origin',(0.,17.3075239857375,3.43973447457003E-15));
#8807=CARTESIAN_POINT('',(-2.44117885566738,17.3075239857375,-8.50665303128336));
#8808=CARTESIAN_POINT('Origin',(0.,17.3075239857375,3.43973447457003E-15));
#8809=CARTESIAN_POINT('',(-2.44117885566738,10.,-8.50665303128337));
#8810=CARTESIAN_POINT('',(-4.28893792068995,17.3075239857375,-7.74128616655319));
#8811=CARTESIAN_POINT('',(-4.28893792068995,10.,-7.74128616655319));
#8812=CARTESIAN_POINT('',(-5.51071035990083,17.3075239857375,-6.92492392227392));
#8813=CARTESIAN_POINT('Origin',(0.,17.3075239857375,3.43973447457003E-15));
#8814=CARTESIAN_POINT('',(-5.51071035990083,10.,-6.92492392227392));
#8815=CARTESIAN_POINT('',(-6.92492392227392,17.3075239857375,-5.51071035990083));
#8816=CARTESIAN_POINT('',(-6.92492392227392,10.,-5.51071035990083));
#8817=CARTESIAN_POINT('',(-7.74128616655319,17.3075239857375,-4.28893792068995));
#8818=CARTESIAN_POINT('Origin',(0.,17.3075239857375,3.43973447457003E-15));
#8819=CARTESIAN_POINT('',(-7.74128616655319,10.,-4.28893792068995));
#8820=CARTESIAN_POINT('',(-8.50665303128337,17.3075239857375,-2.44117885566738));
#8821=CARTESIAN_POINT('',(-8.50665303128337,10.,-2.44117885566738));
#8822=CARTESIAN_POINT('',(-8.50665303128337,17.3075239857375,2.44117885566738));
#8823=CARTESIAN_POINT('Origin',(0.,17.3075239857375,3.43973447457003E-15));
#8824=CARTESIAN_POINT('',(-8.50665303128337,10.,2.44117885566738));
#8825=CARTESIAN_POINT('',(-7.74128616655319,17.3075239857375,4.28893792068995));
#8826=CARTESIAN_POINT('',(-7.74128616655319,10.,4.28893792068995));
#8827=CARTESIAN_POINT('',(-6.92492392227393,17.3075239857375,5.51071035990083));
#8828=CARTESIAN_POINT('Origin',(0.,17.3075239857375,3.43973447457003E-15));
#8829=CARTESIAN_POINT('',(-6.92492392227393,10.,5.51071035990083));
#8830=CARTESIAN_POINT('',(-5.51071035990083,17.3075239857375,6.92492392227393));
#8831=CARTESIAN_POINT('',(-5.51071035990083,10.,6.92492392227393));
#8832=CARTESIAN_POINT('',(-4.28893792068996,17.3075239857375,7.74128616655319));
#8833=CARTESIAN_POINT('Origin',(0.,17.3075239857375,3.43973447457003E-15));
#8834=CARTESIAN_POINT('',(-4.28893792068996,10.,7.74128616655319));
#8835=CARTESIAN_POINT('',(-2.44117885566738,17.3075239857375,8.50665303128337));
#8836=CARTESIAN_POINT('',(-2.44117885566738,10.,8.50665303128337));
#8837=CARTESIAN_POINT('Origin',(0.,17.3075239857375,3.43973447457003E-15));
#8838=CARTESIAN_POINT('',(-2.94466530347921,17.3357864376269,8.34574419991925));
#8839=CARTESIAN_POINT('Origin',(0.,17.3357864376269,3.44548430110772E-15));
#8840=CARTESIAN_POINT('',(-2.94466530347921,19.5,8.34574419991925));
#8841=CARTESIAN_POINT('',(-2.94466530347921,11.25,8.34574419991924));
#8842=CARTESIAN_POINT('',(-3.81913951339631,19.5,7.98352512222609));
#8843=CARTESIAN_POINT('Origin',(0.,19.5,4.25488614673096E-15));
#8844=CARTESIAN_POINT('',(-3.81913951339631,17.3357864376269,7.98352512222609));
#8845=CARTESIAN_POINT('',(-3.81913951339631,11.25,7.98352512222608));
#8846=CARTESIAN_POINT('',(-5.91429404004671,17.3357864376269,6.58358762437836));
#8847=CARTESIAN_POINT('Origin',(0.,17.3357864376269,3.44548430110772E-15));
#8848=CARTESIAN_POINT('',(-5.91429404004671,19.5,6.58358762437837));
#8849=CARTESIAN_POINT('',(-5.91429404004671,11.25,6.58358762437836));
#8850=CARTESIAN_POINT('',(-6.58358762437836,19.5,5.91429404004671));
#8851=CARTESIAN_POINT('Origin',(0.,19.5,4.25488614673096E-15));
#8852=CARTESIAN_POINT('',(-6.58358762437836,17.3357864376269,5.91429404004671));
#8853=CARTESIAN_POINT('',(-6.58358762437836,11.25,5.91429404004671));
#8854=CARTESIAN_POINT('',(-7.98352512222608,17.3357864376269,3.81913951339631));
#8855=CARTESIAN_POINT('Origin',(0.,17.3357864376269,3.44548430110772E-15));
#8856=CARTESIAN_POINT('',(-7.98352512222609,19.5,3.81913951339631));
#8857=CARTESIAN_POINT('',(-7.98352512222608,11.25,3.81913951339631));
#8858=CARTESIAN_POINT('',(-8.34574419991925,19.5,2.94466530347921));
#8859=CARTESIAN_POINT('Origin',(0.,19.5,3.88481180518925E-15));
#8860=CARTESIAN_POINT('',(-8.34574419991924,17.3357864376269,2.94466530347921));
#8861=CARTESIAN_POINT('',(-8.34574419991924,11.25,2.94466530347921));
#8862=CARTESIAN_POINT('',(-8.34574419991924,17.3357864376269,-2.9446653034792));
#8863=CARTESIAN_POINT('Origin',(0.,17.3357864376269,3.44548430110772E-15));
#8864=CARTESIAN_POINT('',(-8.34574419991925,19.5,-2.9446653034792));
#8865=CARTESIAN_POINT('',(-8.34574419991924,11.25,-2.9446653034792));
#8866=CARTESIAN_POINT('',(-7.98352512222609,19.5,-3.8191395133963));
#8867=CARTESIAN_POINT('Origin',(0.,19.5,4.25488614673096E-15));
#8868=CARTESIAN_POINT('',(-7.98352512222608,17.3357864376269,-3.8191395133963));
#8869=CARTESIAN_POINT('',(-7.98352512222608,11.25,-3.8191395133963));
#8870=CARTESIAN_POINT('Origin',(0.,17.3357864376269,3.44548430110772E-15));
#8871=CARTESIAN_POINT('Origin',(0.,11.25,2.20736750576651E-15));
#8872=CARTESIAN_POINT('',(0.999999999999998,15.,8.79332132928168));
#8873=CARTESIAN_POINT('',(0.999999999999998,10.,8.79332132928167));
#8874=CARTESIAN_POINT('',(-1.,15.,8.79332132928168));
#8875=CARTESIAN_POINT('Origin',(0.,15.,3.51473746364752E-15));
#8876=CARTESIAN_POINT('',(-1.,10.,8.79332132928167));
#8877=CARTESIAN_POINT('Origin',(0.,0.500000000000002,1.01722004874033E-16));
#8878=CARTESIAN_POINT('Origin',(0.,0.500000000000002,1.01722004874033E-16));
#8879=CARTESIAN_POINT('Origin',(0.,0.500000000000002,1.01722004874033E-16));
#8880=CARTESIAN_POINT('',(-1.35272444027687,0.5,10.7149492107372));
#8881=CARTESIAN_POINT('',(-1.35272444027687,0.5,10.7149492107372));
#8882=CARTESIAN_POINT('Origin',(0.,0.500000000000003,1.01722004874033E-16));
#8883=CARTESIAN_POINT('Origin',(-1.35272444027687,0.5,10.7149492107372));
#8884=CARTESIAN_POINT('',(-0.75,0.5,11.5757289187334));
#8885=CARTESIAN_POINT('',(-0.750000000000003,5.25,11.5757289187334));
#8886=CARTESIAN_POINT('',(-6.37250635857908,0.500000000000001,3.5459576698338));
#8887=CARTESIAN_POINT('Origin',(10.7149492107372,0.500000000000002,1.35272444027687));
#8888=CARTESIAN_POINT('',(11.5757289187334,0.500000000000002,0.750000000000002));
#8889=CARTESIAN_POINT('',(11.5757289187334,5.25,0.750000000000006));
#8890=CARTESIAN_POINT('',(10.7149492107372,0.500000000000002,1.35272444027687));
#8891=CARTESIAN_POINT('',(10.1629246857573,0.500000000000002,1.73925617394439));
#8892=CARTESIAN_POINT('',(10.7149492107372,0.500000000000002,1.35272444027687));
#8893=CARTESIAN_POINT('Origin',(0.,0.500000000000002,1.01722004874033E-16));
#8894=CARTESIAN_POINT('Origin',(0.,0.500000000000002,1.01722004874033E-16));
#8895=CARTESIAN_POINT('Origin',(0.,0.500000000000002,1.01722004874033E-16));
#8896=CARTESIAN_POINT('Origin',(0.,0.500000000000003,1.01722004874033E-16));
#8897=CARTESIAN_POINT('Origin',(0.,0.500000000000002,1.01722004874033E-16));
#8898=CARTESIAN_POINT('Origin',(0.,0.500000000000002,1.01722004874033E-16));
#8899=CARTESIAN_POINT('Origin',(0.,0.500000000000002,1.01722004874033E-16));
#8900=CARTESIAN_POINT('Origin',(0.,0.500000000000002,1.01722004874033E-16));
#8901=CARTESIAN_POINT('Origin',(0.,0.500000000000002,1.01722004874033E-16));
#8902=CARTESIAN_POINT('Origin',(0.,0.500000000000002,1.01722004874033E-16));
#8903=CARTESIAN_POINT('Origin',(0.,0.500000000000002,1.01722004874033E-16));
#8904=CARTESIAN_POINT('Origin',(0.,0.500000000000002,1.01722004874033E-16));
#8905=CARTESIAN_POINT('Origin',(0.,0.500000000000002,1.01722004874033E-16));
#8906=CARTESIAN_POINT('Origin',(0.,0.500000000000002,1.01722004874033E-16));
#8907=CARTESIAN_POINT('Origin',(0.,0.500000000000002,1.01722004874033E-16));
#8908=CARTESIAN_POINT('Origin',(0.,0.500000000000003,1.01722004874033E-16));
#8909=CARTESIAN_POINT('Origin',(10.4169874995474,0.500000000000003,-2.85067911808293));
#8910=CARTESIAN_POINT('',(10.9815915961906,0.500000000000003,-3.73693002536525));
#8911=CARTESIAN_POINT('',(10.9815915961906,5.25,-3.73693002536524));
#8912=CARTESIAN_POINT('',(10.4169874995474,0.500000000000003,-2.85067911808293));
#8913=CARTESIAN_POINT('',(10.8957373237098,0.500000000000003,-3.60216581211823));
#8914=CARTESIAN_POINT('',(10.4169874995474,0.500000000000003,-2.85067911808293));
#8915=CARTESIAN_POINT('Origin',(0.,0.500000000000002,1.01722004874033E-16));
#8916=CARTESIAN_POINT('Origin',(0.,0.500000000000002,1.01722004874033E-16));
#8917=CARTESIAN_POINT('Origin',(0.,0.500000000000002,1.01722004874033E-16));
#8918=CARTESIAN_POINT('',(-2.85067911808293,0.500000000000004,-10.4169874995474));
#8919=CARTESIAN_POINT('',(-2.85067911808293,0.500000000000004,-10.4169874995474));
#8920=CARTESIAN_POINT('Origin',(0.,0.500000000000003,1.01722004874033E-16));
#8921=CARTESIAN_POINT('Origin',(-2.85067911808293,0.500000000000004,-10.4169874995474));
#8922=CARTESIAN_POINT('',(-3.73693002536525,0.500000000000004,-10.9815915961906));
#8923=CARTESIAN_POINT('',(-3.73693002536524,5.25,-10.9815915961906));
#8924=CARTESIAN_POINT('',(-2.1048654354765,0.500000000000004,-9.94185178225548));
#8925=CARTESIAN_POINT('Origin',(0.,0.500000000000002,1.01722004874033E-16));
#8926=CARTESIAN_POINT('Origin',(0.,0.500000000000002,1.01722004874033E-16));
#8927=CARTESIAN_POINT('Origin',(0.,0.500000000000002,1.01722004874033E-16));
#8928=CARTESIAN_POINT('',(-8.53313387177827,0.500000000000001,6.62009262218517));
#8929=CARTESIAN_POINT('',(-8.53313387177827,0.500000000000001,6.62009262218517));
#8930=CARTESIAN_POINT('Origin',(0.,0.500000000000002,1.01722004874033E-16));
#8931=CARTESIAN_POINT('Origin',(-8.53313387177827,0.500000000000001,6.62009262218517));
#8932=CARTESIAN_POINT('',(-8.7156065015035,0.500000000000001,7.65494632972368));
#8933=CARTESIAN_POINT('',(-8.7156065015035,5.25,7.65494632972367));
#8934=CARTESIAN_POINT('',(-6.84657146419409,0.500000000000003,-2.9448780975976));
#8935=CARTESIAN_POINT('Origin',(-6.62009262218516,0.500000000000004,-8.53313387177827));
#8936=CARTESIAN_POINT('',(-7.65494632972367,0.500000000000004,-8.7156065015035));
#8937=CARTESIAN_POINT('',(-7.65494632972367,5.25,-8.7156065015035));
#8938=CARTESIAN_POINT('',(-6.62009262218516,0.500000000000004,-8.53313387177827));
#8939=CARTESIAN_POINT('',(-3.67208891832598,0.500000000000004,-8.0133212795594));
#8940=CARTESIAN_POINT('',(-6.62009262218516,0.500000000000004,-8.53313387177827));
#8941=CARTESIAN_POINT('Origin',(0.,0.500000000000002,1.01722004874033E-16));
#8942=CARTESIAN_POINT('Origin',(0.,0.500000000000002,1.01722004874033E-16));
#8943=CARTESIAN_POINT('Origin',(0.,0.500000000000002,1.01722004874033E-16));
#8944=CARTESIAN_POINT('',(8.53313387177827,0.500000000000003,-6.62009262218516));
#8945=CARTESIAN_POINT('',(8.53313387177827,0.500000000000003,-6.62009262218516));
#8946=CARTESIAN_POINT('Origin',(0.,0.500000000000002,1.01722004874033E-16));
#8947=CARTESIAN_POINT('Origin',(8.53313387177827,0.500000000000003,-6.62009262218516));
#8948=CARTESIAN_POINT('',(8.7156065015035,0.500000000000004,-7.65494632972367));
#8949=CARTESIAN_POINT('',(8.7156065015035,5.25,-7.65494632972367));
#8950=CARTESIAN_POINT('',(8.83028829548298,0.500000000000004,-8.30533910296065));
#8951=CARTESIAN_POINT('Origin',(0.,5.25,9.86703447278117E-16));
#8952=CARTESIAN_POINT('Origin',(0.,0.500000000000002,2.0344400974807E-17));
#8953=CARTESIAN_POINT('Origin',(0.,5.25,9.86703447278117E-16));
#8954=CARTESIAN_POINT('Origin',(0.,0.500000000000002,2.0344400974807E-17));
#8955=CARTESIAN_POINT('Origin',(0.,5.25,9.86703447278117E-16));
#8956=CARTESIAN_POINT('Origin',(0.,0.500000000000002,2.0344400974807E-17));
#8957=CARTESIAN_POINT('Origin',(0.,5.25,9.86703447278117E-16));
#8958=CARTESIAN_POINT('Origin',(0.,0.500000000000002,2.0344400974807E-17));
#8959=CARTESIAN_POINT('Origin',(0.,5.25,9.86703447278117E-16));
#8960=CARTESIAN_POINT('Origin',(0.,0.500000000000002,2.0344400974807E-17));
#8961=CARTESIAN_POINT('Origin',(0.,5.25,9.86703447278117E-16));
#8962=CARTESIAN_POINT('Origin',(0.,0.500000000000002,2.0344400974807E-17));
#8963=CARTESIAN_POINT('Origin',(0.,5.25,9.86703447278117E-16));
#8964=CARTESIAN_POINT('Origin',(0.,0.500000000000002,2.0344400974807E-17));
#8965=CARTESIAN_POINT('Origin',(0.,5.25,9.86703447278117E-16));
#8966=CARTESIAN_POINT('Origin',(0.,0.500000000000002,2.0344400974807E-17));
#8967=CARTESIAN_POINT('Origin',(0.,5.25,9.86703447278117E-16));
#8968=CARTESIAN_POINT('Origin',(0.,0.500000000000002,2.0344400974807E-17));
#8969=CARTESIAN_POINT('Origin',(0.,5.25,9.86703447278117E-16));
#8970=CARTESIAN_POINT('Origin',(0.,0.500000000000002,2.0344400974807E-17));
#8971=CARTESIAN_POINT('Origin',(0.,5.25,9.86703447278117E-16));
#8972=CARTESIAN_POINT('Origin',(0.,0.500000000000002,2.0344400974807E-17));
#8973=CARTESIAN_POINT('Origin',(0.,5.25,9.86703447278117E-16));
#8974=CARTESIAN_POINT('Origin',(0.,0.500000000000002,2.0344400974807E-17));
#8975=CARTESIAN_POINT('Origin',(0.,5.25,9.86703447278117E-16));
#8976=CARTESIAN_POINT('Origin',(0.,0.500000000000002,2.0344400974807E-17));
#8977=CARTESIAN_POINT('Origin',(0.,5.25,9.86703447278117E-16));
#8978=CARTESIAN_POINT('Origin',(0.,0.500000000000002,2.0344400974807E-17));
#8979=CARTESIAN_POINT('Origin',(0.,5.25,9.86703447278117E-16));
#8980=CARTESIAN_POINT('Origin',(0.,0.500000000000002,2.0344400974807E-17));
#8981=CARTESIAN_POINT('Origin',(0.,5.25,9.86703447278117E-16));
#8982=CARTESIAN_POINT('Origin',(0.,0.500000000000002,2.0344400974807E-17));
#8983=CARTESIAN_POINT('Origin',(0.,0.500000000000004,-11.6));
#8984=CARTESIAN_POINT('',(1.22464679914735E-15,0.499999999999999,10.));
#8985=CARTESIAN_POINT('Origin',(0.,0.500000000000002,2.0344400974807E-17));
#8986=CARTESIAN_POINT('Origin',(-7.62816678238256,10.,-6.92106000119601));
#8987=CARTESIAN_POINT('',(-7.98172017297583,17.5,-6.56750661060273));
#8988=CARTESIAN_POINT('',(-7.99846614075064,17.5,-7.25703378766183));
#8989=CARTESIAN_POINT('Origin',(-7.62816678238256,17.5,-6.92106000119601));
#8990=CARTESIAN_POINT('',(-7.99846614075064,19.5,-7.25703378766183));
#8991=CARTESIAN_POINT('',(-7.99846614075064,10.,-7.25703378766183));
#8992=CARTESIAN_POINT('',(-7.98172017297583,19.5,-6.56750661060273));
#8993=CARTESIAN_POINT('Origin',(-7.62816678238256,19.5,-6.92106000119601));
#8994=CARTESIAN_POINT('',(-7.98172017297583,10.,-6.56750661060273));
#8995=CARTESIAN_POINT('Origin',(0.,10.,2.03444009748065E-15));
#8996=CARTESIAN_POINT('',(-7.25703378766183,17.5,-7.99846614075064));
#8997=CARTESIAN_POINT('Origin',(0.,17.5,3.787423820573E-15));
#8998=CARTESIAN_POINT('',(-7.25703378766183,19.5,-7.99846614075064));
#8999=CARTESIAN_POINT('',(-7.25703378766183,10.,-7.99846614075064));
#9000=CARTESIAN_POINT('Origin',(0.,19.5,4.25488614673096E-15));
#9001=CARTESIAN_POINT('Origin',(-6.95554172745059,11.25,-6.24843494626404));
#9002=CARTESIAN_POINT('',(-6.9433296739782,17.5,-5.74858410276171));
#9003=CARTESIAN_POINT('',(-7.30909511804386,17.5,-5.89488155567076));
#9004=CARTESIAN_POINT('Origin',(-6.95554172745059,17.5,-6.24843494626404));
#9005=CARTESIAN_POINT('',(-7.30909511804386,19.5,-5.89488155567076));
#9006=CARTESIAN_POINT('',(-7.30909511804386,11.25,-5.89488155567076));
#9007=CARTESIAN_POINT('Origin',(-6.95554172745059,19.5,-6.24843494626404));
#9008=CARTESIAN_POINT('Ctrl Pts',(-6.58358762437836,17.3357864376269,-5.91429404004671));
#9009=CARTESIAN_POINT('Ctrl Pts',(-6.62351640137901,17.3357864376269,-5.8698467061235));
#9010=CARTESIAN_POINT('Ctrl Pts',(-6.67316795905011,17.3478399766674,-5.83162173044745));
#9011=CARTESIAN_POINT('Ctrl Pts',(-6.77773863009473,17.3915903608972,-5.77742089722404));
#9012=CARTESIAN_POINT('Ctrl Pts',(-6.83263175723053,17.423080627324,-5.76122857166817));
#9013=CARTESIAN_POINT('Ctrl Pts',(-6.90234031425908,17.4698973425517,-5.75084224895931));
#9014=CARTESIAN_POINT('Ctrl Pts',(-6.92288871397401,17.4845735322814,-5.74908350393277));
#9015=CARTESIAN_POINT('Ctrl Pts',(-6.9433296739782,17.5,-5.74858410276171));
#9016=CARTESIAN_POINT('Origin',(-8.3110531250267,10.,-6.8968395626536));
#9017=CARTESIAN_POINT('',(-5.25907995310662,19.5,-3.84486639073352));
#9018=CARTESIAN_POINT('',(-7.40907995310662,17.5,-5.99486639073352));
#9019=CARTESIAN_POINT('Origin',(-6.24843494626404,11.25,-6.95554172745059));
#9020=CARTESIAN_POINT('',(-5.74858410276171,17.5,-6.9433296739782));
#9021=CARTESIAN_POINT('Ctrl Pts',(-5.74858410276171,17.5,-6.94332967397819));
#9022=CARTESIAN_POINT('Ctrl Pts',(-5.74908350393277,17.4845735322814,-6.92288871397401));
#9023=CARTESIAN_POINT('Ctrl Pts',(-5.75084224895931,17.4698973425517,-6.90234031425908));
#9024=CARTESIAN_POINT('Ctrl Pts',(-5.76122857166817,17.423080627324,-6.83263175723052));
#9025=CARTESIAN_POINT('Ctrl Pts',(-5.77742089722404,17.3915903608972,-6.77773863009472));
#9026=CARTESIAN_POINT('Ctrl Pts',(-5.83162173044746,17.3478399766675,-6.6731679590501));
#9027=CARTESIAN_POINT('Ctrl Pts',(-5.8698467061235,17.3357864376269,-6.623516401379));
#9028=CARTESIAN_POINT('Ctrl Pts',(-5.91429404004671,17.3357864376269,-6.58358762437836));
#9029=CARTESIAN_POINT('',(-5.89488155567077,19.5,-7.30909511804386));
#9030=CARTESIAN_POINT('Origin',(-6.24843494626404,19.5,-6.95554172745058));
#9031=CARTESIAN_POINT('',(-5.89488155567077,17.5,-7.30909511804386));
#9032=CARTESIAN_POINT('',(-5.89488155567077,11.25,-7.30909511804386));
#9033=CARTESIAN_POINT('Origin',(-6.24843494626404,17.5,-6.95554172745058));
#9034=CARTESIAN_POINT('Origin',(-6.92106000119601,10.,-7.62816678238256));
#9035=CARTESIAN_POINT('',(-6.56750661060274,17.5,-7.98172017297583));
#9036=CARTESIAN_POINT('Origin',(-6.92106000119601,17.5,-7.62816678238255));
#9037=CARTESIAN_POINT('',(-6.56750661060274,19.5,-7.98172017297583));
#9038=CARTESIAN_POINT('',(-6.56750661060274,10.,-7.98172017297583));
#9039=CARTESIAN_POINT('Origin',(-6.92106000119601,19.5,-7.62816678238255));
#9040=CARTESIAN_POINT('Origin',(-5.51071035990083,10.,-6.92492392227392));
#9041=CARTESIAN_POINT('',(-3.15180178935714,19.5,-4.56601535173023));
#9042=CARTESIAN_POINT('',(-5.30180178935714,17.5,-6.71601535173023));
#9043=CARTESIAN_POINT('Origin',(-4.3989321639633,10.,-9.31339872532305));
#9044=CARTESIAN_POINT('',(-4.86087193021895,17.5,-9.12205700914051));
#9045=CARTESIAN_POINT('',(-4.6124725602722,17.5,-9.76550545956204));
#9046=CARTESIAN_POINT('Origin',(-4.3989321639633,17.5,-9.31339872532305));
#9047=CARTESIAN_POINT('',(-4.6124725602722,19.5,-9.76550545956204));
#9048=CARTESIAN_POINT('',(-4.6124725602722,10.,-9.76550545956204));
#9049=CARTESIAN_POINT('',(-4.86087193021895,19.5,-9.12205700914051));
#9050=CARTESIAN_POINT('Origin',(-4.3989321639633,19.5,-9.31339872532305));
#9051=CARTESIAN_POINT('',(-4.86087193021894,10.,-9.12205700914051));
#9052=CARTESIAN_POINT('Origin',(0.,10.,2.03444009748065E-15));
#9053=CARTESIAN_POINT('',(-3.64374450676522,17.5,-10.1667657575759));
#9054=CARTESIAN_POINT('Origin',(0.,17.5,3.20309591287555E-15));
#9055=CARTESIAN_POINT('',(-3.64374450676522,19.5,-10.1667657575759));
#9056=CARTESIAN_POINT('',(-3.64374450676522,10.,-10.1667657575759));
#9057=CARTESIAN_POINT('Origin',(0.,19.5,3.51473746364753E-15));
#9058=CARTESIAN_POINT('Origin',(-4.0349101073735,11.25,-8.434571739301));
#9059=CARTESIAN_POINT('',(-4.21491227758248,17.5,-7.96809642514166));
#9060=CARTESIAN_POINT('',(-4.49684987362914,17.5,-8.24323002311846));
#9061=CARTESIAN_POINT('Origin',(-4.0349101073735,17.5,-8.434571739301));
#9062=CARTESIAN_POINT('',(-4.49684987362914,19.5,-8.24323002311846));
#9063=CARTESIAN_POINT('',(-4.49684987362914,11.25,-8.24323002311846));
#9064=CARTESIAN_POINT('Origin',(-4.0349101073735,19.5,-8.434571739301));
#9065=CARTESIAN_POINT('Ctrl Pts',(-3.81913951339631,17.3357864376269,-7.98352512222608));
#9066=CARTESIAN_POINT('Ctrl Pts',(-3.87303815153062,17.3357864376269,-7.95774122157248));
#9067=CARTESIAN_POINT('Ctrl Pts',(-3.93353827431403,17.3478399766674,-7.94142677742649));
#9068=CARTESIAN_POINT('Ctrl Pts',(-4.05089073788811,17.3915903608972,-7.93136920028639));
#9069=CARTESIAN_POINT('Ctrl Pts',(-4.10780190924611,17.423080627324,-7.93741613242715));
#9070=CARTESIAN_POINT('Ctrl Pts',(-4.17617889194957,17.4698973425517,-7.95449673132728));
#9071=CARTESIAN_POINT('Ctrl Pts',(-4.19583618045546,17.4845735322814,-7.96073539492687));
#9072=CARTESIAN_POINT('Ctrl Pts',(-4.21491227758248,17.5,-7.96809642514166));
#9073=CARTESIAN_POINT('Origin',(-5.03910563951851,10.,-9.55235124740358));
#9074=CARTESIAN_POINT('',(-3.51182267190481,19.5,-5.86516399340915));
#9075=CARTESIAN_POINT('',(-5.03210225145588,17.5,-9.53544357296023));
#9076=CARTESIAN_POINT('Origin',(-3.11103057486221,11.25,-8.81725517166609));
#9077=CARTESIAN_POINT('',(-2.65390196178095,17.5,-8.61468806895097));
#9078=CARTESIAN_POINT('Ctrl Pts',(-2.65390196178095,17.5,-8.61468806895096));
#9079=CARTESIAN_POINT('Ctrl Pts',(-2.66218576503664,17.4845735322814,-8.59599419693248));
#9080=CARTESIAN_POINT('Ctrl Pts',(-2.67167416570209,17.4698973425517,-8.57768299359341));
#9081=CARTESIAN_POINT('Ctrl Pts',(-2.70794618653977,17.423080627324,-8.51725535813771));
#9082=CARTESIAN_POINT('Ctrl Pts',(-2.74391263501017,17.3915903608972,-8.47273725622309));
#9083=CARTESIAN_POINT('Ctrl Pts',(-2.83400513879042,17.3478399766674,-8.39686831443898));
#9084=CARTESIAN_POINT('Ctrl Pts',(-2.88832123996011,17.3357864376269,-8.36562432144313));
#9085=CARTESIAN_POINT('Ctrl Pts',(-2.94466530347921,17.3357864376269,-8.34574419991924));
#9086=CARTESIAN_POINT('',(-2.64909080860657,19.5,-9.00859688784864));
#9087=CARTESIAN_POINT('Origin',(-3.11103057486221,19.5,-8.81725517166609));
#9088=CARTESIAN_POINT('',(-2.64909080860657,17.5,-9.00859688784864));
#9089=CARTESIAN_POINT('',(-2.64909080860657,11.25,-9.00859688784864));
#9090=CARTESIAN_POINT('Origin',(-3.11103057486221,17.5,-8.81725517166609));
#9091=CARTESIAN_POINT('Origin',(-3.47505263145201,10.,-9.69608215768814));
#9092=CARTESIAN_POINT('',(-3.01311286519637,17.5,-9.88742387387069));
#9093=CARTESIAN_POINT('Origin',(-3.47505263145201,17.5,-9.69608215768814));
#9094=CARTESIAN_POINT('',(-3.01311286519637,19.5,-9.88742387387068));
#9095=CARTESIAN_POINT('',(-3.01311286519637,10.,-9.88742387387069));
#9096=CARTESIAN_POINT('Origin',(-3.47505263145201,19.5,-9.69608215768814));
#9097=CARTESIAN_POINT('Origin',(-2.44117885566738,10.,-8.50665303128337));
#9098=CARTESIAN_POINT('',(-1.28897974746796,19.5,-5.72499831771414));
#9099=CARTESIAN_POINT('',(-2.80925932701903,17.5,-9.39527789726521));
#9100=CARTESIAN_POINT('Origin',(4.0349101073735,11.25,-8.434571739301));
#9101=CARTESIAN_POINT('',(4.21491227758248,17.5,-7.96809642514166));
#9102=CARTESIAN_POINT('Ctrl Pts',(4.21491227758248,17.5,-7.96809642514166));
#9103=CARTESIAN_POINT('Ctrl Pts',(4.19583618045546,17.4845735322814,-7.96073539492687));
#9104=CARTESIAN_POINT('Ctrl Pts',(4.17617889194957,17.4698973425517,-7.95449673132728));
#9105=CARTESIAN_POINT('Ctrl Pts',(4.10780190924611,17.423080627324,-7.93741613242715));
#9106=CARTESIAN_POINT('Ctrl Pts',(4.05089073788811,17.3915903608972,-7.93136920028639));
#9107=CARTESIAN_POINT('Ctrl Pts',(3.93353827431403,17.3478399766674,-7.94142677742649));
#9108=CARTESIAN_POINT('Ctrl Pts',(3.87303815153062,17.3357864376269,-7.95774122157248));
#9109=CARTESIAN_POINT('Ctrl Pts',(3.81913951339631,17.3357864376269,-7.98352512222608));
#9110=CARTESIAN_POINT('',(4.49684987362914,19.5,-8.24323002311846));
#9111=CARTESIAN_POINT('Origin',(4.0349101073735,19.5,-8.434571739301));
#9112=CARTESIAN_POINT('',(4.49684987362914,17.5,-8.24323002311846));
#9113=CARTESIAN_POINT('',(4.49684987362914,11.25,-8.24323002311846));
#9114=CARTESIAN_POINT('Origin',(4.0349101073735,17.5,-8.434571739301));
#9115=CARTESIAN_POINT('Origin',(3.11103057486221,11.25,-8.81725517166609));
#9116=CARTESIAN_POINT('',(2.65390196178095,17.5,-8.61468806895096));
#9117=CARTESIAN_POINT('',(2.64909080860657,17.5,-9.00859688784864));
#9118=CARTESIAN_POINT('Origin',(3.11103057486221,17.5,-8.81725517166609));
#9119=CARTESIAN_POINT('',(2.64909080860657,19.5,-9.00859688784863));
#9120=CARTESIAN_POINT('',(2.64909080860657,11.25,-9.00859688784864));
#9121=CARTESIAN_POINT('Origin',(3.11103057486221,19.5,-8.81725517166609));
#9122=CARTESIAN_POINT('Ctrl Pts',(2.94466530347921,17.3357864376269,-8.34574419991924));
#9123=CARTESIAN_POINT('Ctrl Pts',(2.88832123996011,17.3357864376269,-8.36562432144313));
#9124=CARTESIAN_POINT('Ctrl Pts',(2.83400513879042,17.3478399766674,-8.39686831443898));
#9125=CARTESIAN_POINT('Ctrl Pts',(2.74391263501017,17.3915903608972,-8.47273725622309));
#9126=CARTESIAN_POINT('Ctrl Pts',(2.70794618653977,17.423080627324,-8.51725535813771));
#9127=CARTESIAN_POINT('Ctrl Pts',(2.67167416570209,17.4698973425517,-8.5776829935934));
#9128=CARTESIAN_POINT('Ctrl Pts',(2.66218576503664,17.4845735322814,-8.59599419693248));
#9129=CARTESIAN_POINT('Ctrl Pts',(2.65390196178095,17.5,-8.61468806895097));
#9130=CARTESIAN_POINT('Origin',(3.19134657449594,10.,-10.3177181121338));
#9131=CARTESIAN_POINT('',(3.01311286519637,17.5,-9.88742387387069));
#9132=CARTESIAN_POINT('',(3.18434318643331,17.5,-10.3008104376904));
#9133=CARTESIAN_POINT('',(3.01311286519637,19.5,-9.88742387387068));
#9134=CARTESIAN_POINT('',(3.01311286519637,10.,-9.88742387387069));
#9135=CARTESIAN_POINT('',(1.66406360688224,19.5,-6.63053085813933));
#9136=CARTESIAN_POINT('Origin',(3.47505263145202,10.,-9.69608215768814));
#9137=CARTESIAN_POINT('',(3.64374450676522,17.5,-10.1667657575759));
#9138=CARTESIAN_POINT('Origin',(3.47505263145202,17.5,-9.69608215768814));
#9139=CARTESIAN_POINT('',(3.64374450676522,19.5,-10.1667657575759));
#9140=CARTESIAN_POINT('',(3.64374450676522,10.,-10.1667657575759));
#9141=CARTESIAN_POINT('Origin',(3.47505263145202,19.5,-9.69608215768814));
#9142=CARTESIAN_POINT('Origin',(0.,10.,2.03444009748065E-15));
#9143=CARTESIAN_POINT('',(4.6124725602722,17.5,-9.76550545956203));
#9144=CARTESIAN_POINT('Origin',(0.,17.5,3.787423820573E-15));
#9145=CARTESIAN_POINT('',(4.6124725602722,19.5,-9.76550545956203));
#9146=CARTESIAN_POINT('',(4.6124725602722,10.,-9.76550545956204));
#9147=CARTESIAN_POINT('Origin',(0.,19.5,4.25488614673096E-15));
#9148=CARTESIAN_POINT('Origin',(4.3989321639633,10.,-9.31339872532305));
#9149=CARTESIAN_POINT('',(4.86087193021895,17.5,-9.12205700914051));
#9150=CARTESIAN_POINT('Origin',(4.3989321639633,17.5,-9.31339872532305));
#9151=CARTESIAN_POINT('',(4.86087193021895,19.5,-9.12205700914051));
#9152=CARTESIAN_POINT('',(4.86087193021895,10.,-9.12205700914051));
#9153=CARTESIAN_POINT('Origin',(4.3989321639633,19.5,-9.31339872532305));
#9154=CARTESIAN_POINT('Origin',(4.28893792068995,10.,-7.74128616655319));
#9155=CARTESIAN_POINT('',(3.13673881249053,19.5,-4.95963145298396));
#9156=CARTESIAN_POINT('',(4.65701839204161,17.5,-8.62991103253503));
#9157=CARTESIAN_POINT('Origin',(6.95554172745059,11.25,-6.24843494626404));
#9158=CARTESIAN_POINT('',(6.9433296739782,17.5,-5.74858410276171));
#9159=CARTESIAN_POINT('Ctrl Pts',(6.9433296739782,17.5,-5.74858410276171));
#9160=CARTESIAN_POINT('Ctrl Pts',(6.92288871397401,17.4845735322814,-5.74908350393277));
#9161=CARTESIAN_POINT('Ctrl Pts',(6.90234031425908,17.4698973425517,-5.75084224895931));
#9162=CARTESIAN_POINT('Ctrl Pts',(6.83263175723053,17.423080627324,-5.76122857166817));
#9163=CARTESIAN_POINT('Ctrl Pts',(6.77773863009473,17.3915903608972,-5.77742089722404));
#9164=CARTESIAN_POINT('Ctrl Pts',(6.67316795905011,17.3478399766674,-5.83162173044745));
#9165=CARTESIAN_POINT('Ctrl Pts',(6.62351640137901,17.3357864376269,-5.8698467061235));
#9166=CARTESIAN_POINT('Ctrl Pts',(6.58358762437836,17.3357864376269,-5.91429404004671));
#9167=CARTESIAN_POINT('',(7.30909511804386,19.5,-5.89488155567076));
#9168=CARTESIAN_POINT('Origin',(6.95554172745059,19.5,-6.24843494626404));
#9169=CARTESIAN_POINT('',(7.30909511804386,17.5,-5.89488155567076));
#9170=CARTESIAN_POINT('',(7.30909511804386,11.25,-5.89488155567076));
#9171=CARTESIAN_POINT('Origin',(6.95554172745059,17.5,-6.24843494626404));
#9172=CARTESIAN_POINT('Origin',(6.24843494626404,11.25,-6.95554172745058));
#9173=CARTESIAN_POINT('',(5.74858410276171,17.5,-6.9433296739782));
#9174=CARTESIAN_POINT('',(5.89488155567077,17.5,-7.30909511804386));
#9175=CARTESIAN_POINT('Origin',(6.24843494626404,17.5,-6.95554172745058));
#9176=CARTESIAN_POINT('',(5.89488155567077,19.5,-7.30909511804386));
#9177=CARTESIAN_POINT('',(5.89488155567077,11.25,-7.30909511804386));
#9178=CARTESIAN_POINT('Origin',(6.24843494626404,19.5,-6.95554172745058));
#9179=CARTESIAN_POINT('Ctrl Pts',(5.91429404004671,17.3357864376269,-6.58358762437836));
#9180=CARTESIAN_POINT('Ctrl Pts',(5.8698467061235,17.3357864376269,-6.623516401379));
#9181=CARTESIAN_POINT('Ctrl Pts',(5.83162173044746,17.3478399766674,-6.6731679590501));
#9182=CARTESIAN_POINT('Ctrl Pts',(5.77742089722404,17.3915903608972,-6.77773863009472));
#9183=CARTESIAN_POINT('Ctrl Pts',(5.76122857166818,17.423080627324,-6.83263175723052));
#9184=CARTESIAN_POINT('Ctrl Pts',(5.75084224895931,17.4698973425517,-6.90234031425907));
#9185=CARTESIAN_POINT('Ctrl Pts',(5.74908350393277,17.4845735322814,-6.92288871397401));
#9186=CARTESIAN_POINT('Ctrl Pts',(5.74858410276171,17.5,-6.94332967397819));
#9187=CARTESIAN_POINT('Origin',(6.8968395626536,10.,-8.3110531250267));
#9188=CARTESIAN_POINT('',(6.56750661060274,17.5,-7.98172017297583));
#9189=CARTESIAN_POINT('',(5.99486639073353,17.5,-7.40907995310662));
#9190=CARTESIAN_POINT('',(6.56750661060274,19.5,-7.98172017297583));
#9191=CARTESIAN_POINT('',(6.56750661060274,10.,-7.98172017297583));
#9192=CARTESIAN_POINT('',(3.84486639073353,19.5,-5.25907995310662));
#9193=CARTESIAN_POINT('Origin',(6.92106000119601,10.,-7.62816678238255));
#9194=CARTESIAN_POINT('',(7.25703378766184,17.5,-7.99846614075064));
#9195=CARTESIAN_POINT('Origin',(6.92106000119601,17.5,-7.62816678238255));
#9196=CARTESIAN_POINT('',(7.25703378766184,19.5,-7.99846614075064));
#9197=CARTESIAN_POINT('',(7.25703378766184,10.,-7.99846614075064));
#9198=CARTESIAN_POINT('Origin',(6.92106000119601,19.5,-7.62816678238255));
#9199=CARTESIAN_POINT('Origin',(0.,10.,2.03444009748065E-15));
#9200=CARTESIAN_POINT('',(7.99846614075064,17.5,-7.25703378766183));
#9201=CARTESIAN_POINT('Origin',(0.,17.5,3.787423820573E-15));
#9202=CARTESIAN_POINT('',(7.99846614075064,19.5,-7.25703378766183));
#9203=CARTESIAN_POINT('',(7.99846614075064,10.,-7.25703378766183));
#9204=CARTESIAN_POINT('Origin',(0.,19.5,4.25488614673096E-15));
#9205=CARTESIAN_POINT('Origin',(7.62816678238256,10.,-6.92106000119601));
#9206=CARTESIAN_POINT('',(7.98172017297583,17.5,-6.56750661060273));
#9207=CARTESIAN_POINT('Origin',(7.62816678238256,17.5,-6.92106000119601));
#9208=CARTESIAN_POINT('',(7.98172017297583,19.5,-6.56750661060273));
#9209=CARTESIAN_POINT('',(7.98172017297583,10.,-6.56750661060273));
#9210=CARTESIAN_POINT('Origin',(7.62816678238256,19.5,-6.92106000119601));
#9211=CARTESIAN_POINT('Origin',(6.92492392227392,10.,-5.51071035990083));
#9212=CARTESIAN_POINT('',(4.56601535173024,19.5,-3.15180178935714));
#9213=CARTESIAN_POINT('',(6.71601535173024,17.5,-5.30180178935714));
#9214=CARTESIAN_POINT('Origin',(9.69608215768814,10.,-3.47505263145201));
#9215=CARTESIAN_POINT('',(10.1667657575759,17.5,-3.64374450676522));
#9216=CARTESIAN_POINT('',(9.88742387387069,17.5,-3.01311286519637));
#9217=CARTESIAN_POINT('Origin',(9.69608215768814,17.5,-3.47505263145201));
#9218=CARTESIAN_POINT('',(9.88742387387069,19.5,-3.01311286519637));
#9219=CARTESIAN_POINT('',(9.88742387387069,10.,-3.01311286519637));
#9220=CARTESIAN_POINT('',(10.1667657575759,19.5,-3.64374450676522));
#9221=CARTESIAN_POINT('Origin',(9.69608215768814,19.5,-3.47505263145201));
#9222=CARTESIAN_POINT('',(10.1667657575759,10.,-3.64374450676522));
#9223=CARTESIAN_POINT('Origin',(8.50665303128337,10.,-2.44117885566738));
#9224=CARTESIAN_POINT('',(9.00859688784864,17.5,-2.64909080860656));
#9225=CARTESIAN_POINT('',(6.49527789726521,17.5,-1.60803999613705));
#9226=CARTESIAN_POINT('',(9.00859688784864,19.5,-2.64909080860656));
#9227=CARTESIAN_POINT('',(9.00859688784864,11.25,-2.64909080860657));
#9228=CARTESIAN_POINT('',(4.97499831771414,19.5,-0.978319575688132));
#9229=CARTESIAN_POINT('Origin',(9.31339872532306,10.,-4.3989321639633));
#9230=CARTESIAN_POINT('',(9.12205700914051,17.5,-4.86087193021894));
#9231=CARTESIAN_POINT('',(9.76550545956204,17.5,-4.6124725602722));
#9232=CARTESIAN_POINT('Origin',(9.31339872532306,17.5,-4.3989321639633));
#9233=CARTESIAN_POINT('',(9.76550545956204,19.5,-4.6124725602722));
#9234=CARTESIAN_POINT('',(9.76550545956204,10.,-4.6124725602722));
#9235=CARTESIAN_POINT('',(9.12205700914051,19.5,-4.86087193021894));
#9236=CARTESIAN_POINT('Origin',(9.31339872532306,19.5,-4.3989321639633));
#9237=CARTESIAN_POINT('',(9.12205700914051,10.,-4.86087193021894));
#9238=CARTESIAN_POINT('Origin',(0.,10.,2.03444009748065E-15));
#9239=CARTESIAN_POINT('Origin',(0.,19.5,3.88481180518925E-15));
#9240=CARTESIAN_POINT('Origin',(0.,17.5,3.49525986672428E-15));
#9241=CARTESIAN_POINT('Origin',(8.434571739301,11.25,-4.0349101073735));
#9242=CARTESIAN_POINT('',(7.96809642514166,17.5,-4.21491227758248));
#9243=CARTESIAN_POINT('',(8.24323002311846,17.5,-4.49684987362914));
#9244=CARTESIAN_POINT('Origin',(8.434571739301,17.5,-4.03491010737349));
#9245=CARTESIAN_POINT('',(8.24323002311846,19.5,-4.49684987362914));
#9246=CARTESIAN_POINT('',(8.24323002311846,11.25,-4.49684987362914));
#9247=CARTESIAN_POINT('Origin',(8.434571739301,19.5,-4.03491010737349));
#9248=CARTESIAN_POINT('Ctrl Pts',(7.98352512222608,17.3357864376269,-3.8191395133963));
#9249=CARTESIAN_POINT('Ctrl Pts',(7.95774122157248,17.3357864376269,-3.87303815153062));
#9250=CARTESIAN_POINT('Ctrl Pts',(7.94142677742649,17.3478399766674,-3.93353827431403));
#9251=CARTESIAN_POINT('Ctrl Pts',(7.9313692002864,17.3915903608972,-4.05089073788811));
#9252=CARTESIAN_POINT('Ctrl Pts',(7.93741613242716,17.423080627324,-4.10780190924611));
#9253=CARTESIAN_POINT('Ctrl Pts',(7.95449673132728,17.4698973425517,-4.17617889194956));
#9254=CARTESIAN_POINT('Ctrl Pts',(7.96073539492687,17.4845735322814,-4.19583618045546));
#9255=CARTESIAN_POINT('Ctrl Pts',(7.96809642514166,17.5,-4.21491227758248));
#9256=CARTESIAN_POINT('Origin',(9.55235124740358,10.,-5.03910563951851));
#9257=CARTESIAN_POINT('',(5.11516399340915,19.5,-3.20116250012498));
#9258=CARTESIAN_POINT('',(6.63544357296023,17.5,-3.83088292057391));
#9259=CARTESIAN_POINT('Origin',(8.8172551716661,11.25,-3.11103057486221));
#9260=CARTESIAN_POINT('',(8.61468806895097,17.5,-2.65390196178095));
#9261=CARTESIAN_POINT('Ctrl Pts',(8.61468806895097,17.5,-2.65390196178095));
#9262=CARTESIAN_POINT('Ctrl Pts',(8.59599419693248,17.4845735322814,-2.66218576503664));
#9263=CARTESIAN_POINT('Ctrl Pts',(8.57768299359341,17.4698973425517,-2.67167416570208));
#9264=CARTESIAN_POINT('Ctrl Pts',(8.51725535813771,17.423080627324,-2.70794618653976));
#9265=CARTESIAN_POINT('Ctrl Pts',(8.4727372562231,17.3915903608972,-2.74391263501017));
#9266=CARTESIAN_POINT('Ctrl Pts',(8.39686831443899,17.3478399766674,-2.83400513879042));
#9267=CARTESIAN_POINT('Ctrl Pts',(8.36562432144314,17.3357864376269,-2.88832123996011));
#9268=CARTESIAN_POINT('Ctrl Pts',(8.34574419991925,17.3357864376269,-2.9446653034792));
#9269=CARTESIAN_POINT('Origin',(8.8172551716661,19.5,-3.11103057486221));
#9270=CARTESIAN_POINT('Origin',(8.8172551716661,17.5,-3.11103057486221));
#9271=CARTESIAN_POINT('Origin',(9.69608215768814,10.,3.47505263145202));
#9272=CARTESIAN_POINT('',(9.88742387387069,17.5,3.01311286519638));
#9273=CARTESIAN_POINT('',(10.1667657575759,17.5,3.64374450676523));
#9274=CARTESIAN_POINT('Origin',(9.69608215768814,17.5,3.47505263145203));
#9275=CARTESIAN_POINT('',(10.1667657575759,19.5,3.64374450676523));
#9276=CARTESIAN_POINT('',(10.1667657575759,10.,3.64374450676523));
#9277=CARTESIAN_POINT('',(9.88742387387069,19.5,3.01311286519638));
#9278=CARTESIAN_POINT('Origin',(9.69608215768814,19.5,3.47505263145203));
#9279=CARTESIAN_POINT('',(9.88742387387069,10.,3.01311286519638));
#9280=CARTESIAN_POINT('Origin',(0.,10.,2.03444009748065E-15));
#9281=CARTESIAN_POINT('',(9.76550545956204,17.5,4.61247256027221));
#9282=CARTESIAN_POINT('Origin',(0.,17.5,3.787423820573E-15));
#9283=CARTESIAN_POINT('',(9.76550545956204,19.5,4.61247256027221));
#9284=CARTESIAN_POINT('',(9.76550545956204,10.,4.61247256027221));
#9285=CARTESIAN_POINT('Origin',(0.,19.5,4.25488614673096E-15));
#9286=CARTESIAN_POINT('Origin',(9.31339872532305,10.,4.39893216396331));
#9287=CARTESIAN_POINT('',(9.12205700914051,17.5,4.86087193021896));
#9288=CARTESIAN_POINT('Origin',(9.31339872532305,17.5,4.39893216396331));
#9289=CARTESIAN_POINT('',(9.12205700914051,19.5,4.86087193021896));
#9290=CARTESIAN_POINT('',(9.12205700914051,10.,4.86087193021895));
#9291=CARTESIAN_POINT('Origin',(9.31339872532305,19.5,4.39893216396331));
#9292=CARTESIAN_POINT('Origin',(7.74128616655319,10.,4.28893792068996));
#9293=CARTESIAN_POINT('',(8.24323002311846,17.5,4.49684987362915));
#9294=CARTESIAN_POINT('',(1.62869170165306,17.5,1.75701839204161));
#9295=CARTESIAN_POINT('',(8.24323002311846,19.5,4.49684987362915));
#9296=CARTESIAN_POINT('',(8.24323002311846,11.25,4.49684987362915));
#9297=CARTESIAN_POINT('',(3.14897128120414,19.5,2.38673881249054));
#9298=CARTESIAN_POINT('Origin',(8.434571739301,11.25,4.03491010737351));
#9299=CARTESIAN_POINT('',(7.96809642514166,17.5,4.2149122775825));
#9300=CARTESIAN_POINT('Ctrl Pts',(7.96809642514166,17.5,4.21491227758249));
#9301=CARTESIAN_POINT('Ctrl Pts',(7.96073539492687,17.4845735322814,4.19583618045548));
#9302=CARTESIAN_POINT('Ctrl Pts',(7.95449673132728,17.4698973425517,4.17617889194958));
#9303=CARTESIAN_POINT('Ctrl Pts',(7.93741613242715,17.423080627324,4.10780190924612));
#9304=CARTESIAN_POINT('Ctrl Pts',(7.93136920028639,17.3915903608972,4.05089073788812));
#9305=CARTESIAN_POINT('Ctrl Pts',(7.94142677742649,17.3478399766674,3.93353827431404));
#9306=CARTESIAN_POINT('Ctrl Pts',(7.95774122157248,17.3357864376269,3.87303815153063));
#9307=CARTESIAN_POINT('Ctrl Pts',(7.98352512222608,17.3357864376269,3.81913951339631));
#9308=CARTESIAN_POINT('Origin',(8.434571739301,19.5,4.03491010737351));
#9309=CARTESIAN_POINT('Origin',(8.434571739301,17.5,4.03491010737351));
#9310=CARTESIAN_POINT('Origin',(8.81725517166609,11.25,3.11103057486222));
#9311=CARTESIAN_POINT('',(8.61468806895097,17.5,2.65390196178096));
#9312=CARTESIAN_POINT('',(9.00859688784864,17.5,2.64909080860658));
#9313=CARTESIAN_POINT('Origin',(8.81725517166609,17.5,3.11103057486222));
#9314=CARTESIAN_POINT('',(9.00859688784864,19.5,2.64909080860658));
#9315=CARTESIAN_POINT('',(9.00859688784864,11.25,2.64909080860658));
#9316=CARTESIAN_POINT('Origin',(8.81725517166609,19.5,3.11103057486222));
#9317=CARTESIAN_POINT('Ctrl Pts',(8.34574419991924,17.3357864376269,2.94466530347922));
#9318=CARTESIAN_POINT('Ctrl Pts',(8.36562432144313,17.3357864376269,2.88832123996012));
#9319=CARTESIAN_POINT('Ctrl Pts',(8.39686831443898,17.3478399766674,2.83400513879044));
#9320=CARTESIAN_POINT('Ctrl Pts',(8.47273725622309,17.3915903608972,2.74391263501018));
#9321=CARTESIAN_POINT('Ctrl Pts',(8.51725535813771,17.423080627324,2.70794618653978));
#9322=CARTESIAN_POINT('Ctrl Pts',(8.57768299359341,17.4698973425517,2.6716741657021));
#9323=CARTESIAN_POINT('Ctrl Pts',(8.59599419693248,17.4845735322814,2.66218576503665));
#9324=CARTESIAN_POINT('Ctrl Pts',(8.61468806895097,17.5,2.65390196178096));
#9325=CARTESIAN_POINT('Origin',(10.3177181121338,10.,3.19134657449594));
#9326=CARTESIAN_POINT('',(4.81987068635951,19.5,0.914063606882242));
#9327=CARTESIAN_POINT('',(3.29959110680843,17.5,0.284343186433319));
#9328=CARTESIAN_POINT('Origin',(7.62816678238255,10.,6.92106000119602));
#9329=CARTESIAN_POINT('',(7.98172017297583,17.5,6.56750661060274));
#9330=CARTESIAN_POINT('',(7.99846614075064,17.5,7.25703378766184));
#9331=CARTESIAN_POINT('Origin',(7.62816678238255,17.5,6.92106000119602));
#9332=CARTESIAN_POINT('',(7.99846614075064,19.5,7.25703378766184));
#9333=CARTESIAN_POINT('',(7.99846614075064,10.,7.25703378766184));
#9334=CARTESIAN_POINT('',(7.98172017297583,19.5,6.56750661060274));
#9335=CARTESIAN_POINT('Origin',(7.62816678238255,19.5,6.92106000119602));
#9336=CARTESIAN_POINT('',(7.98172017297583,10.,6.56750661060274));
#9337=CARTESIAN_POINT('Origin',(0.,10.,2.03444009748065E-15));
#9338=CARTESIAN_POINT('',(7.25703378766183,17.5,7.99846614075065));
#9339=CARTESIAN_POINT('Origin',(0.,17.5,3.787423820573E-15));
#9340=CARTESIAN_POINT('',(7.25703378766183,19.5,7.99846614075065));
#9341=CARTESIAN_POINT('',(7.25703378766183,10.,7.99846614075065));
#9342=CARTESIAN_POINT('Origin',(0.,19.5,4.25488614673096E-15));
#9343=CARTESIAN_POINT('Origin',(6.92106000119601,10.,7.62816678238256));
#9344=CARTESIAN_POINT('',(6.56750661060273,17.5,7.98172017297584));
#9345=CARTESIAN_POINT('Origin',(6.92106000119601,17.5,7.62816678238256));
#9346=CARTESIAN_POINT('',(6.56750661060273,19.5,7.98172017297584));
#9347=CARTESIAN_POINT('',(6.56750661060273,10.,7.98172017297583));
#9348=CARTESIAN_POINT('Origin',(6.92106000119601,19.5,7.62816678238256));
#9349=CARTESIAN_POINT('Origin',(5.51071035990083,10.,6.92492392227393));
#9350=CARTESIAN_POINT('',(5.89488155567076,17.5,7.30909511804387));
#9351=CARTESIAN_POINT('',(-0.498198210642861,17.5,0.916015351730246));
#9352=CARTESIAN_POINT('',(5.89488155567076,19.5,7.30909511804387));
#9353=CARTESIAN_POINT('',(5.89488155567076,11.25,7.30909511804387));
#9354=CARTESIAN_POINT('',(1.65180178935714,19.5,3.06601535173024));
#9355=CARTESIAN_POINT('Origin',(6.24843494626404,11.25,6.95554172745059));
#9356=CARTESIAN_POINT('',(5.74858410276171,17.5,6.94332967397821));
#9357=CARTESIAN_POINT('Ctrl Pts',(5.74858410276171,17.5,6.94332967397821));
#9358=CARTESIAN_POINT('Ctrl Pts',(5.74908350393277,17.4845735322814,6.92288871397402));
#9359=CARTESIAN_POINT('Ctrl Pts',(5.75084224895931,17.4698973425517,6.90234031425909));
#9360=CARTESIAN_POINT('Ctrl Pts',(5.76122857166817,17.423080627324,6.83263175723053));
#9361=CARTESIAN_POINT('Ctrl Pts',(5.77742089722404,17.3915903608972,6.77773863009473));
#9362=CARTESIAN_POINT('Ctrl Pts',(5.83162173044746,17.3478399766674,6.67316795905011));
#9363=CARTESIAN_POINT('Ctrl Pts',(5.8698467061235,17.3357864376269,6.62351640137901));
#9364=CARTESIAN_POINT('Ctrl Pts',(5.91429404004671,17.3357864376269,6.58358762437837));
#9365=CARTESIAN_POINT('Origin',(6.24843494626404,19.5,6.95554172745059));
#9366=CARTESIAN_POINT('Origin',(6.24843494626404,17.5,6.95554172745059));
#9367=CARTESIAN_POINT('Origin',(6.95554172745058,11.25,6.24843494626405));
#9368=CARTESIAN_POINT('',(6.9433296739782,17.5,5.74858410276172));
#9369=CARTESIAN_POINT('',(7.30909511804386,17.5,5.89488155567077));
#9370=CARTESIAN_POINT('Origin',(6.95554172745058,17.5,6.24843494626405));
#9371=CARTESIAN_POINT('',(7.30909511804386,19.5,5.89488155567077));
#9372=CARTESIAN_POINT('',(7.30909511804386,11.25,5.89488155567077));
#9373=CARTESIAN_POINT('Origin',(6.95554172745058,19.5,6.24843494626405));
#9374=CARTESIAN_POINT('Ctrl Pts',(6.58358762437836,17.3357864376269,5.91429404004672));
#9375=CARTESIAN_POINT('Ctrl Pts',(6.623516401379,17.3357864376269,5.86984670612351));
#9376=CARTESIAN_POINT('Ctrl Pts',(6.6731679590501,17.3478399766674,5.83162173044747));
#9377=CARTESIAN_POINT('Ctrl Pts',(6.77773863009472,17.3915903608972,5.77742089722405));
#9378=CARTESIAN_POINT('Ctrl Pts',(6.83263175723052,17.423080627324,5.76122857166818));
#9379=CARTESIAN_POINT('Ctrl Pts',(6.90234031425908,17.4698973425517,5.75084224895932));
#9380=CARTESIAN_POINT('Ctrl Pts',(6.92288871397401,17.4845735322814,5.74908350393278));
#9381=CARTESIAN_POINT('Ctrl Pts',(6.9433296739782,17.5,5.74858410276172));
#9382=CARTESIAN_POINT('Origin',(8.3110531250267,10.,6.89683956265361));
#9383=CARTESIAN_POINT('',(3.75907995310662,19.5,2.34486639073353));
#9384=CARTESIAN_POINT('',(1.60907995310662,17.5,0.194866390733534));
#9385=CARTESIAN_POINT('Origin',(4.3989321639633,10.,9.31339872532306));
#9386=CARTESIAN_POINT('',(4.86087193021895,17.5,9.12205700914051));
#9387=CARTESIAN_POINT('',(4.6124725602722,17.5,9.76550545956204));
#9388=CARTESIAN_POINT('Origin',(4.3989321639633,17.5,9.31339872532306));
#9389=CARTESIAN_POINT('',(4.6124725602722,19.5,9.76550545956204));
#9390=CARTESIAN_POINT('',(4.6124725602722,10.,9.76550545956204));
#9391=CARTESIAN_POINT('',(4.86087193021895,19.5,9.12205700914051));
#9392=CARTESIAN_POINT('Origin',(4.3989321639633,19.5,9.31339872532306));
#9393=CARTESIAN_POINT('',(4.86087193021895,10.,9.12205700914051));
#9394=CARTESIAN_POINT('Origin',(0.,10.,2.03444009748065E-15));
#9395=CARTESIAN_POINT('',(3.64374450676522,17.5,10.1667657575759));
#9396=CARTESIAN_POINT('Origin',(0.,17.5,3.20309591287555E-15));
#9397=CARTESIAN_POINT('',(3.64374450676522,19.5,10.1667657575759));
#9398=CARTESIAN_POINT('',(3.64374450676522,10.,10.1667657575759));
#9399=CARTESIAN_POINT('Origin',(0.,19.5,3.51473746364753E-15));
#9400=CARTESIAN_POINT('Origin',(4.0349101073735,11.25,8.43457173930101));
#9401=CARTESIAN_POINT('',(4.21491227758248,17.5,7.96809642514167));
#9402=CARTESIAN_POINT('',(4.49684987362914,17.5,8.24323002311846));
#9403=CARTESIAN_POINT('Origin',(4.0349101073735,17.5,8.43457173930101));
#9404=CARTESIAN_POINT('',(4.49684987362914,19.5,8.24323002311846));
#9405=CARTESIAN_POINT('',(4.49684987362914,11.25,8.24323002311846));
#9406=CARTESIAN_POINT('Origin',(4.0349101073735,19.5,8.43457173930101));
#9407=CARTESIAN_POINT('Ctrl Pts',(3.81913951339631,17.3357864376269,7.98352512222609));
#9408=CARTESIAN_POINT('Ctrl Pts',(3.87303815153062,17.3357864376269,7.95774122157249));
#9409=CARTESIAN_POINT('Ctrl Pts',(3.93353827431403,17.3478399766674,7.9414267774265));
#9410=CARTESIAN_POINT('Ctrl Pts',(4.05089073788811,17.3915903608972,7.9313692002864));
#9411=CARTESIAN_POINT('Ctrl Pts',(4.10780190924611,17.423080627324,7.93741613242716));
#9412=CARTESIAN_POINT('Ctrl Pts',(4.17617889194957,17.4698973425517,7.95449673132729));
#9413=CARTESIAN_POINT('Ctrl Pts',(4.19583618045546,17.4845735322814,7.96073539492688));
#9414=CARTESIAN_POINT('Ctrl Pts',(4.21491227758248,17.5,7.96809642514167));
#9415=CARTESIAN_POINT('Origin',(5.03910563951851,10.,9.55235124740358));
#9416=CARTESIAN_POINT('',(2.45116250012499,19.5,3.30450382162934));
#9417=CARTESIAN_POINT('',(0.930882920573912,17.5,-0.365775757921737));
#9418=CARTESIAN_POINT('Origin',(3.47505263145202,10.,9.69608215768815));
#9419=CARTESIAN_POINT('',(3.01311286519637,17.5,9.88742387387069));
#9420=CARTESIAN_POINT('Origin',(3.47505263145202,17.5,9.69608215768815));
#9421=CARTESIAN_POINT('',(3.01311286519637,19.5,9.88742387387069));
#9422=CARTESIAN_POINT('',(3.01311286519637,10.,9.88742387387069));
#9423=CARTESIAN_POINT('Origin',(3.47505263145202,19.5,9.69608215768815));
#9424=CARTESIAN_POINT('Origin',(2.44117885566738,10.,8.50665303128337));
#9425=CARTESIAN_POINT('',(2.64909080860657,17.5,9.00859688784864));
#9426=CARTESIAN_POINT('',(-1.29196000386294,17.5,-0.505941433616751));
#9427=CARTESIAN_POINT('',(2.64909080860657,19.5,9.00859688784864));
#9428=CARTESIAN_POINT('',(2.64909080860657,11.25,9.00859688784864));
#9429=CARTESIAN_POINT('',(0.228319575688134,19.5,3.16433814593432));
#9430=CARTESIAN_POINT('Origin',(3.11103057486221,11.25,8.8172551716661));
#9431=CARTESIAN_POINT('',(2.65390196178095,17.5,8.61468806895097));
#9432=CARTESIAN_POINT('Ctrl Pts',(2.65390196178095,17.5,8.61468806895097));
#9433=CARTESIAN_POINT('Ctrl Pts',(2.66218576503664,17.4845735322814,8.59599419693249));
#9434=CARTESIAN_POINT('Ctrl Pts',(2.67167416570209,17.4698973425517,8.57768299359341));
#9435=CARTESIAN_POINT('Ctrl Pts',(2.70794618653977,17.423080627324,8.51725535813772));
#9436=CARTESIAN_POINT('Ctrl Pts',(2.74391263501017,17.3915903608972,8.4727372562231));
#9437=CARTESIAN_POINT('Ctrl Pts',(2.83400513879043,17.3478399766674,8.39686831443899));
#9438=CARTESIAN_POINT('Ctrl Pts',(2.88832123996011,17.3357864376269,8.36562432144314));
#9439=CARTESIAN_POINT('Ctrl Pts',(2.94466530347921,17.3357864376269,8.34574419991925));
#9440=CARTESIAN_POINT('Origin',(3.11103057486221,19.5,8.8172551716661));
#9441=CARTESIAN_POINT('Origin',(3.11103057486221,17.5,8.8172551716661));
#9442=CARTESIAN_POINT('Origin',(-3.11103057486222,11.25,8.81725517166609));
#9443=CARTESIAN_POINT('',(-2.65390196178095,17.5,8.61468806895097));
#9444=CARTESIAN_POINT('',(-2.64909080860657,17.5,9.00859688784864));
#9445=CARTESIAN_POINT('Origin',(-3.11103057486222,17.5,8.8172551716661));
#9446=CARTESIAN_POINT('',(-2.64909080860657,19.5,9.00859688784864));
#9447=CARTESIAN_POINT('',(-2.64909080860657,11.25,9.00859688784864));
#9448=CARTESIAN_POINT('Origin',(-3.11103057486222,19.5,8.8172551716661));
#9449=CARTESIAN_POINT('Ctrl Pts',(-2.94466530347921,17.3357864376269,8.34574419991925));
#9450=CARTESIAN_POINT('Ctrl Pts',(-2.88832123996012,17.3357864376269,8.36562432144314));
#9451=CARTESIAN_POINT('Ctrl Pts',(-2.83400513879043,17.3478399766674,8.39686831443899));
#9452=CARTESIAN_POINT('Ctrl Pts',(-2.74391263501018,17.3915903608972,8.4727372562231));
#9453=CARTESIAN_POINT('Ctrl Pts',(-2.70794618653977,17.423080627324,8.51725535813771));
#9454=CARTESIAN_POINT('Ctrl Pts',(-2.67167416570209,17.4698973425517,8.57768299359341));
#9455=CARTESIAN_POINT('Ctrl Pts',(-2.66218576503664,17.4845735322814,8.59599419693249));
#9456=CARTESIAN_POINT('Ctrl Pts',(-2.65390196178095,17.5,8.61468806895097));
#9457=CARTESIAN_POINT('Origin',(-3.19134657449594,10.,10.3177181121338));
#9458=CARTESIAN_POINT('',(-3.01311286519638,17.5,9.88742387387069));
#9459=CARTESIAN_POINT('',(0.91687614444866,17.5,0.399591106808444));
#9460=CARTESIAN_POINT('',(-3.01311286519638,19.5,9.88742387387069));
#9461=CARTESIAN_POINT('',(-3.01311286519638,10.,9.88742387387069));
#9462=CARTESIAN_POINT('',(-0.603403435102417,19.5,4.06987068635952));
#9463=CARTESIAN_POINT('Origin',(-3.47505263145202,10.,9.69608215768814));
#9464=CARTESIAN_POINT('',(-3.64374450676523,17.5,10.1667657575759));
#9465=CARTESIAN_POINT('Origin',(-3.47505263145202,17.5,9.69608215768815));
#9466=CARTESIAN_POINT('',(-3.64374450676523,19.5,10.1667657575759));
#9467=CARTESIAN_POINT('',(-3.64374450676523,10.,10.1667657575759));
#9468=CARTESIAN_POINT('Origin',(-3.47505263145202,19.5,9.69608215768815));
#9469=CARTESIAN_POINT('Origin',(0.,10.,2.03444009748065E-15));
#9470=CARTESIAN_POINT('',(-4.61247256027221,17.5,9.76550545956204));
#9471=CARTESIAN_POINT('Origin',(0.,17.5,3.787423820573E-15));
#9472=CARTESIAN_POINT('',(-4.61247256027221,19.5,9.76550545956204));
#9473=CARTESIAN_POINT('',(-4.61247256027221,10.,9.76550545956204));
#9474=CARTESIAN_POINT('Origin',(0.,19.5,4.25488614673096E-15));
#9475=CARTESIAN_POINT('Origin',(-4.39893216396331,10.,9.31339872532305));
#9476=CARTESIAN_POINT('',(-4.86087193021895,17.5,9.12205700914051));
#9477=CARTESIAN_POINT('Origin',(-4.39893216396331,17.5,9.31339872532306));
#9478=CARTESIAN_POINT('',(-4.86087193021895,19.5,9.12205700914051));
#9479=CARTESIAN_POINT('',(-4.86087193021895,10.,9.12205700914051));
#9480=CARTESIAN_POINT('Origin',(-4.39893216396331,19.5,9.31339872532306));
#9481=CARTESIAN_POINT('Origin',(-4.28893792068996,10.,7.74128616655319));
#9482=CARTESIAN_POINT('',(-4.49684987362915,17.5,8.24323002311846));
#9483=CARTESIAN_POINT('',(-0.555799061159634,17.5,-1.27130829834693));
#9484=CARTESIAN_POINT('',(-4.49684987362915,19.5,8.24323002311846));
#9485=CARTESIAN_POINT('',(-4.49684987362915,11.25,8.24323002311846));
#9486=CARTESIAN_POINT('',(-2.07607864071071,19.5,2.39897128120414));
#9487=CARTESIAN_POINT('Origin',(-4.0349101073735,11.25,8.434571739301));
#9488=CARTESIAN_POINT('',(-4.21491227758249,17.5,7.96809642514166));
#9489=CARTESIAN_POINT('Ctrl Pts',(-4.21491227758249,17.5,7.96809642514167));
#9490=CARTESIAN_POINT('Ctrl Pts',(-4.19583618045547,17.4845735322814,7.96073539492688));
#9491=CARTESIAN_POINT('Ctrl Pts',(-4.17617889194957,17.4698973425517,7.95449673132728));
#9492=CARTESIAN_POINT('Ctrl Pts',(-4.10780190924611,17.423080627324,7.93741613242716));
#9493=CARTESIAN_POINT('Ctrl Pts',(-4.05089073788811,17.3915903608972,7.9313692002864));
#9494=CARTESIAN_POINT('Ctrl Pts',(-3.93353827431403,17.3478399766674,7.9414267774265));
#9495=CARTESIAN_POINT('Ctrl Pts',(-3.87303815153062,17.3357864376269,7.95774122157248));
#9496=CARTESIAN_POINT('Ctrl Pts',(-3.81913951339631,17.3357864376269,7.98352512222609));
#9497=CARTESIAN_POINT('Origin',(-4.0349101073735,19.5,8.43457173930101));
#9498=CARTESIAN_POINT('Origin',(-4.0349101073735,17.5,8.43457173930101));
#9499=CARTESIAN_POINT('Origin',(-6.24843494626404,11.25,6.95554172745059));
#9500=CARTESIAN_POINT('',(-5.74858410276171,17.5,6.94332967397821));
#9501=CARTESIAN_POINT('',(-5.89488155567077,17.5,7.30909511804386));
#9502=CARTESIAN_POINT('Origin',(-6.24843494626404,17.5,6.95554172745059));
#9503=CARTESIAN_POINT('',(-5.89488155567077,19.5,7.30909511804386));
#9504=CARTESIAN_POINT('',(-5.89488155567077,11.25,7.30909511804386));
#9505=CARTESIAN_POINT('Origin',(-6.24843494626404,19.5,6.95554172745059));
#9506=CARTESIAN_POINT('Ctrl Pts',(-5.91429404004671,17.3357864376269,6.58358762437837));
#9507=CARTESIAN_POINT('Ctrl Pts',(-5.8698467061235,17.3357864376269,6.62351640137901));
#9508=CARTESIAN_POINT('Ctrl Pts',(-5.83162173044746,17.3478399766674,6.67316795905011));
#9509=CARTESIAN_POINT('Ctrl Pts',(-5.77742089722404,17.3915903608972,6.77773863009473));
#9510=CARTESIAN_POINT('Ctrl Pts',(-5.76122857166818,17.423080627324,6.83263175723053));
#9511=CARTESIAN_POINT('Ctrl Pts',(-5.75084224895931,17.4698973425517,6.90234031425908));
#9512=CARTESIAN_POINT('Ctrl Pts',(-5.74908350393277,17.4845735322814,6.92288871397402));
#9513=CARTESIAN_POINT('Ctrl Pts',(-5.74858410276171,17.5,6.94332967397821));
#9514=CARTESIAN_POINT('Origin',(-6.8968395626536,10.,8.3110531250267));
#9515=CARTESIAN_POINT('',(-6.56750661060274,17.5,7.98172017297583));
#9516=CARTESIAN_POINT('',(-0.19486639073353,17.5,1.60907995310663));
#9517=CARTESIAN_POINT('',(-6.56750661060274,19.5,7.98172017297583));
#9518=CARTESIAN_POINT('',(-6.56750661060274,10.,7.98172017297583));
#9519=CARTESIAN_POINT('',(-2.34486639073353,19.5,3.75907995310663));
#9520=CARTESIAN_POINT('Origin',(-6.92106000119601,10.,7.62816678238256));
#9521=CARTESIAN_POINT('',(-7.25703378766184,17.5,7.99846614075065));
#9522=CARTESIAN_POINT('Origin',(-6.92106000119601,17.5,7.62816678238256));
#9523=CARTESIAN_POINT('',(-7.25703378766184,19.5,7.99846614075065));
#9524=CARTESIAN_POINT('',(-7.25703378766184,10.,7.99846614075064));
#9525=CARTESIAN_POINT('Origin',(-6.92106000119601,19.5,7.62816678238256));
#9526=CARTESIAN_POINT('Origin',(0.,10.,2.03444009748065E-15));
#9527=CARTESIAN_POINT('',(-7.99846614075064,17.5,7.25703378766184));
#9528=CARTESIAN_POINT('Origin',(0.,17.5,3.787423820573E-15));
#9529=CARTESIAN_POINT('',(-7.99846614075064,19.5,7.25703378766184));
#9530=CARTESIAN_POINT('',(-7.99846614075064,10.,7.25703378766184));
#9531=CARTESIAN_POINT('Origin',(0.,19.5,4.25488614673096E-15));
#9532=CARTESIAN_POINT('Origin',(-7.62816678238256,10.,6.92106000119601));
#9533=CARTESIAN_POINT('',(-7.98172017297583,17.5,6.56750661060274));
#9534=CARTESIAN_POINT('Origin',(-7.62816678238256,17.5,6.92106000119601));
#9535=CARTESIAN_POINT('',(-7.98172017297583,19.5,6.56750661060274));
#9536=CARTESIAN_POINT('',(-7.98172017297583,10.,6.56750661060274));
#9537=CARTESIAN_POINT('Origin',(-7.62816678238256,19.5,6.92106000119601));
#9538=CARTESIAN_POINT('Origin',(-6.92492392227393,10.,5.51071035990083));
#9539=CARTESIAN_POINT('',(-7.30909511804386,17.5,5.89488155567077));
#9540=CARTESIAN_POINT('',(-0.916015351730238,17.5,-0.498198210642854));
#9541=CARTESIAN_POINT('',(-7.30909511804386,19.5,5.89488155567077));
#9542=CARTESIAN_POINT('',(-7.30909511804386,11.25,5.89488155567077));
#9543=CARTESIAN_POINT('',(-3.06601535173024,19.5,1.65180178935714));
#9544=CARTESIAN_POINT('Origin',(-6.95554172745059,11.25,6.24843494626404));
#9545=CARTESIAN_POINT('',(-6.94332967397821,17.5,5.74858410276172));
#9546=CARTESIAN_POINT('Ctrl Pts',(-6.94332967397821,17.5,5.74858410276172));
#9547=CARTESIAN_POINT('Ctrl Pts',(-6.92288871397401,17.4845735322814,5.74908350393277));
#9548=CARTESIAN_POINT('Ctrl Pts',(-6.90234031425908,17.4698973425517,5.75084224895931));
#9549=CARTESIAN_POINT('Ctrl Pts',(-6.83263175723053,17.423080627324,5.76122857166818));
#9550=CARTESIAN_POINT('Ctrl Pts',(-6.77773863009473,17.3915903608972,5.77742089722404));
#9551=CARTESIAN_POINT('Ctrl Pts',(-6.6731679590501,17.3478399766674,5.83162173044746));
#9552=CARTESIAN_POINT('Ctrl Pts',(-6.62351640137901,17.3357864376269,5.86984670612351));
#9553=CARTESIAN_POINT('Ctrl Pts',(-6.58358762437836,17.3357864376269,5.91429404004671));
#9554=CARTESIAN_POINT('Origin',(-6.95554172745059,19.5,6.24843494626404));
#9555=CARTESIAN_POINT('Origin',(-6.95554172745059,17.5,6.24843494626404));
#9556=CARTESIAN_POINT('Origin',(-8.43457173930101,11.25,4.0349101073735));
#9557=CARTESIAN_POINT('',(-7.96809642514167,17.5,4.21491227758249));
#9558=CARTESIAN_POINT('',(-8.24323002311846,17.5,4.49684987362915));
#9559=CARTESIAN_POINT('Origin',(-8.43457173930101,17.5,4.0349101073735));
#9560=CARTESIAN_POINT('',(-8.24323002311846,19.5,4.49684987362915));
#9561=CARTESIAN_POINT('',(-8.24323002311846,11.25,4.49684987362914));
#9562=CARTESIAN_POINT('Origin',(-8.43457173930101,19.5,4.0349101073735));
#9563=CARTESIAN_POINT('Ctrl Pts',(-7.98352512222609,17.3357864376269,3.81913951339631));
#9564=CARTESIAN_POINT('Ctrl Pts',(-7.95774122157248,17.3357864376269,3.87303815153062));
#9565=CARTESIAN_POINT('Ctrl Pts',(-7.9414267774265,17.3478399766674,3.93353827431403));
#9566=CARTESIAN_POINT('Ctrl Pts',(-7.9313692002864,17.3915903608972,4.05089073788811));
#9567=CARTESIAN_POINT('Ctrl Pts',(-7.93741613242716,17.423080627324,4.10780190924611));
#9568=CARTESIAN_POINT('Ctrl Pts',(-7.95449673132728,17.4698973425517,4.17617889194957));
#9569=CARTESIAN_POINT('Ctrl Pts',(-7.96073539492688,17.4845735322814,4.19583618045547));
#9570=CARTESIAN_POINT('Ctrl Pts',(-7.96809642514167,17.5,4.21491227758249));
#9571=CARTESIAN_POINT('Origin',(-9.55235124740358,10.,5.03910563951851));
#9572=CARTESIAN_POINT('',(-9.12205700914051,17.5,4.86087193021895));
#9573=CARTESIAN_POINT('',(-2.53422424207826,17.5,2.13210225145589));
#9574=CARTESIAN_POINT('',(-9.12205700914051,19.5,4.86087193021895));
#9575=CARTESIAN_POINT('',(-9.12205700914051,10.,4.86087193021895));
#9576=CARTESIAN_POINT('',(-4.05450382162933,19.5,2.76182267190481));
#9577=CARTESIAN_POINT('Origin',(-9.31339872532306,10.,4.3989321639633));
#9578=CARTESIAN_POINT('',(-9.76550545956204,17.5,4.6124725602722));
#9579=CARTESIAN_POINT('Origin',(-9.31339872532306,17.5,4.3989321639633));
#9580=CARTESIAN_POINT('',(-9.76550545956204,19.5,4.6124725602722));
#9581=CARTESIAN_POINT('',(-9.76550545956204,10.,4.6124725602722));
#9582=CARTESIAN_POINT('Origin',(-9.31339872532306,19.5,4.3989321639633));
#9583=CARTESIAN_POINT('Origin',(0.,10.,2.03444009748065E-15));
#9584=CARTESIAN_POINT('',(-10.1667657575759,17.5,3.64374450676522));
#9585=CARTESIAN_POINT('Origin',(0.,17.5,3.49525986672428E-15));
#9586=CARTESIAN_POINT('',(-10.1667657575759,19.5,3.64374450676522));
#9587=CARTESIAN_POINT('',(-10.1667657575759,10.,3.64374450676522));
#9588=CARTESIAN_POINT('Origin',(0.,19.5,3.88481180518925E-15));
#9589=CARTESIAN_POINT('Origin',(-9.69608215768815,10.,3.47505263145201));
#9590=CARTESIAN_POINT('',(-9.88742387387069,17.5,3.01311286519637));
#9591=CARTESIAN_POINT('Origin',(-9.69608215768815,17.5,3.47505263145202));
#9592=CARTESIAN_POINT('',(-9.88742387387069,19.5,3.01311286519637));
#9593=CARTESIAN_POINT('',(-9.88742387387069,10.,3.01311286519637));
#9594=CARTESIAN_POINT('Origin',(-9.69608215768815,19.5,3.47505263145202));
#9595=CARTESIAN_POINT('Origin',(-8.50665303128337,10.,2.44117885566738));
#9596=CARTESIAN_POINT('',(-9.00859688784864,17.5,2.64909080860657));
#9597=CARTESIAN_POINT('',(-2.39405856638324,17.5,-0.0907406729809622));
#9598=CARTESIAN_POINT('',(-9.00859688784864,19.5,2.64909080860657));
#9599=CARTESIAN_POINT('',(-9.00859688784864,11.25,2.64909080860657));
#9600=CARTESIAN_POINT('',(-3.91433814593432,19.5,0.53897974746796));
#9601=CARTESIAN_POINT('Origin',(-8.8172551716661,11.25,3.11103057486221));
#9602=CARTESIAN_POINT('',(-8.61468806895097,17.5,2.65390196178095));
#9603=CARTESIAN_POINT('Ctrl Pts',(-8.61468806895097,17.5,2.65390196178095));
#9604=CARTESIAN_POINT('Ctrl Pts',(-8.59599419693248,17.4845735322814,2.66218576503664));
#9605=CARTESIAN_POINT('Ctrl Pts',(-8.57768299359341,17.4698973425517,2.67167416570209));
#9606=CARTESIAN_POINT('Ctrl Pts',(-8.51725535813771,17.423080627324,2.70794618653977));
#9607=CARTESIAN_POINT('Ctrl Pts',(-8.4727372562231,17.3915903608972,2.74391263501018));
#9608=CARTESIAN_POINT('Ctrl Pts',(-8.39686831443899,17.3478399766674,2.83400513879043));
#9609=CARTESIAN_POINT('Ctrl Pts',(-8.36562432144314,17.3357864376269,2.88832123996011));
#9610=CARTESIAN_POINT('Ctrl Pts',(-8.34574419991925,17.3357864376269,2.94466530347921));
#9611=CARTESIAN_POINT('Origin',(-8.8172551716661,19.5,3.11103057486221));
#9612=CARTESIAN_POINT('Origin',(-8.8172551716661,17.5,3.11103057486221));
#9613=CARTESIAN_POINT('Origin',(-9.69608215768814,10.,-3.47505263145201));
#9614=CARTESIAN_POINT('',(-9.88742387387069,17.5,-3.01311286519637));
#9615=CARTESIAN_POINT('',(-10.1667657575759,17.5,-3.64374450676522));
#9616=CARTESIAN_POINT('Origin',(-9.69608215768814,17.5,-3.47505263145201));
#9617=CARTESIAN_POINT('',(-10.1667657575759,19.5,-3.64374450676522));
#9618=CARTESIAN_POINT('',(-10.1667657575759,10.,-3.64374450676522));
#9619=CARTESIAN_POINT('',(-9.88742387387069,19.5,-3.01311286519637));
#9620=CARTESIAN_POINT('Origin',(-9.69608215768814,19.5,-3.47505263145201));
#9621=CARTESIAN_POINT('',(-9.88742387387069,10.,-3.01311286519637));
#9622=CARTESIAN_POINT('Origin',(0.,10.,2.03444009748065E-15));
#9623=CARTESIAN_POINT('',(-9.76550545956204,17.5,-4.6124725602722));
#9624=CARTESIAN_POINT('Origin',(0.,17.5,3.787423820573E-15));
#9625=CARTESIAN_POINT('',(-9.76550545956204,19.5,-4.6124725602722));
#9626=CARTESIAN_POINT('',(-9.76550545956204,10.,-4.6124725602722));
#9627=CARTESIAN_POINT('Origin',(0.,19.5,4.25488614673096E-15));
#9628=CARTESIAN_POINT('Origin',(-9.31339872532305,10.,-4.3989321639633));
#9629=CARTESIAN_POINT('',(-9.12205700914051,17.5,-4.86087193021894));
#9630=CARTESIAN_POINT('Origin',(-9.31339872532305,17.5,-4.3989321639633));
#9631=CARTESIAN_POINT('',(-9.12205700914051,19.5,-4.86087193021894));
#9632=CARTESIAN_POINT('',(-9.12205700914051,10.,-4.86087193021894));
#9633=CARTESIAN_POINT('Origin',(-9.31339872532305,19.5,-4.3989321639633));
#9634=CARTESIAN_POINT('Origin',(-7.74128616655319,10.,-4.28893792068995));
#9635=CARTESIAN_POINT('',(-8.24323002311846,17.5,-4.49684987362914));
#9636=CARTESIAN_POINT('',(-5.72991103253504,17.5,-3.45579906115963));
#9637=CARTESIAN_POINT('',(-8.24323002311846,19.5,-4.49684987362914));
#9638=CARTESIAN_POINT('',(-8.24323002311846,11.25,-4.49684987362914));
#9639=CARTESIAN_POINT('',(-4.20963145298396,19.5,-2.82607864071071));
#9640=CARTESIAN_POINT('Origin',(-8.434571739301,11.25,-4.0349101073735));
#9641=CARTESIAN_POINT('',(-7.96809642514166,17.5,-4.21491227758248));
#9642=CARTESIAN_POINT('Ctrl Pts',(-7.96809642514166,17.5,-4.21491227758248));
#9643=CARTESIAN_POINT('Ctrl Pts',(-7.96073539492687,17.4845735322814,-4.19583618045546));
#9644=CARTESIAN_POINT('Ctrl Pts',(-7.95449673132728,17.4698973425517,-4.17617889194956));
#9645=CARTESIAN_POINT('Ctrl Pts',(-7.93741613242715,17.423080627324,-4.10780190924611));
#9646=CARTESIAN_POINT('Ctrl Pts',(-7.93136920028639,17.3915903608972,-4.05089073788811));
#9647=CARTESIAN_POINT('Ctrl Pts',(-7.94142677742649,17.3478399766674,-3.93353827431403));
#9648=CARTESIAN_POINT('Ctrl Pts',(-7.95774122157248,17.3357864376269,-3.87303815153062));
#9649=CARTESIAN_POINT('Ctrl Pts',(-7.98352512222608,17.3357864376269,-3.8191395133963));
#9650=CARTESIAN_POINT('Origin',(-8.434571739301,19.5,-4.0349101073735));
#9651=CARTESIAN_POINT('Origin',(-8.434571739301,17.5,-4.0349101073735));
#9652=CARTESIAN_POINT('Origin',(-8.81725517166609,11.25,-3.11103057486221));
#9653=CARTESIAN_POINT('',(-8.61468806895097,17.5,-2.65390196178095));
#9654=CARTESIAN_POINT('',(-9.00859688784864,17.5,-2.64909080860657));
#9655=CARTESIAN_POINT('Origin',(-8.81725517166609,17.5,-3.11103057486221));
#9656=CARTESIAN_POINT('',(-9.00859688784864,19.5,-2.64909080860656));
#9657=CARTESIAN_POINT('',(-9.00859688784864,11.25,-2.64909080860657));
#9658=CARTESIAN_POINT('Origin',(-8.81725517166609,19.5,-3.11103057486221));
#9659=CARTESIAN_POINT('Ctrl Pts',(-8.34574419991924,17.3357864376269,-2.9446653034792));
#9660=CARTESIAN_POINT('Ctrl Pts',(-8.36562432144314,17.3357864376269,-2.88832123996011));
#9661=CARTESIAN_POINT('Ctrl Pts',(-8.39686831443899,17.3478399766674,-2.83400513879042));
#9662=CARTESIAN_POINT('Ctrl Pts',(-8.4727372562231,17.3915903608972,-2.74391263501017));
#9663=CARTESIAN_POINT('Ctrl Pts',(-8.51725535813771,17.423080627324,-2.70794618653977));
#9664=CARTESIAN_POINT('Ctrl Pts',(-8.57768299359341,17.4698973425517,-2.67167416570208));
#9665=CARTESIAN_POINT('Ctrl Pts',(-8.59599419693248,17.4845735322814,-2.66218576503664));
#9666=CARTESIAN_POINT('Ctrl Pts',(-8.61468806895097,17.5,-2.65390196178095));
#9667=CARTESIAN_POINT('Origin',(-10.3177181121338,10.,-3.19134657449593));
#9668=CARTESIAN_POINT('',(-5.88053085813934,19.5,-1.35340343510241));
#9669=CARTESIAN_POINT('',(-7.40081043769041,17.5,-1.98312385555133));
#9670=CARTESIAN_POINT('Origin',(-10.7536040470161,10.,1.));
#9671=CARTESIAN_POINT('',(-10.7536040470161,12.5,1.));
#9672=CARTESIAN_POINT('',(-5.37680202350803,12.5,1.));
#9673=CARTESIAN_POINT('',(-10.7536040470161,15.,1.));
#9674=CARTESIAN_POINT('',(-10.7536040470161,10.,1.));
#9675=CARTESIAN_POINT('',(-5.37680202350803,15.,1.));
#9676=CARTESIAN_POINT('Origin',(0.,10.,2.03444009748065E-15));
#9677=CARTESIAN_POINT('',(-10.7536040470161,12.5,-0.999999999999999));
#9678=CARTESIAN_POINT('Origin',(0.,12.5,2.54329231710052E-15));
#9679=CARTESIAN_POINT('',(-10.7536040470161,15.,-0.999999999999998));
#9680=CARTESIAN_POINT('',(-10.7536040470161,10.,-0.999999999999999));
#9681=CARTESIAN_POINT('Origin',(0.,15.,3.05214453672038E-15));
#9682=CARTESIAN_POINT('Origin',(-8.79332132928167,10.,-0.999999999999999));
#9683=CARTESIAN_POINT('',(-4.39666066464084,12.5,-0.999999999999998));
#9684=CARTESIAN_POINT('',(-4.39666066464084,15.,-0.999999999999998));
#9685=CARTESIAN_POINT('Origin',(0.,15.,3.23766609799064E-15));
#9686=CARTESIAN_POINT('Origin',(8.79332132928167,10.,1.));
#9687=CARTESIAN_POINT('',(10.7536040470161,12.5,1.));
#9688=CARTESIAN_POINT('',(4.39666066464084,12.5,1.));
#9689=CARTESIAN_POINT('',(10.7536040470161,15.,1.));
#9690=CARTESIAN_POINT('',(4.39666066464084,15.,1.));
#9691=CARTESIAN_POINT('',(10.7536040470161,10.,1.));
#9692=CARTESIAN_POINT('Origin',(0.,15.,3.23766609799064E-15));
#9693=CARTESIAN_POINT('',(10.7536040470161,15.,-0.999999999999997));
#9694=CARTESIAN_POINT('',(5.37680202350803,15.,-0.999999999999997));
#9695=CARTESIAN_POINT('Origin',(0.,15.,3.05214453672038E-15));
#9696=CARTESIAN_POINT('Origin',(0.,10.,2.03444009748065E-15));
#9697=CARTESIAN_POINT('',(10.7536040470161,12.5,-0.999999999999997));
#9698=CARTESIAN_POINT('Origin',(0.,12.5,2.54329231710052E-15));
#9699=CARTESIAN_POINT('',(10.7536040470161,10.,-0.999999999999998));
#9700=CARTESIAN_POINT('Origin',(10.7536040470161,10.,-0.999999999999998));
#9701=CARTESIAN_POINT('',(5.37680202350803,12.5,-0.999999999999998));
#9702=CARTESIAN_POINT('Origin',(0.999999999999998,10.,10.7536040470161));
#9703=CARTESIAN_POINT('',(0.999999999999998,12.5,10.7536040470161));
#9704=CARTESIAN_POINT('',(1.,12.5,-0.423197976491971));
#9705=CARTESIAN_POINT('',(0.999999999999998,15.,10.7536040470161));
#9706=CARTESIAN_POINT('',(0.999999999999998,10.,10.7536040470161));
#9707=CARTESIAN_POINT('',(0.999999999999999,15.,5.37680202350803));
#9708=CARTESIAN_POINT('Origin',(0.,10.,2.03444009748065E-15));
#9709=CARTESIAN_POINT('',(-1.,12.5,10.7536040470161));
#9710=CARTESIAN_POINT('Origin',(0.,12.5,2.77458878056409E-15));
#9711=CARTESIAN_POINT('',(-1.,15.,10.7536040470161));
#9712=CARTESIAN_POINT('',(-1.,10.,10.7536040470161));
#9713=CARTESIAN_POINT('Origin',(0.,15.,3.51473746364752E-15));
#9714=CARTESIAN_POINT('Origin',(-1.,10.,8.79332132928167));
#9715=CARTESIAN_POINT('',(-1.,12.5,-1.40333933535916));
#9716=CARTESIAN_POINT('',(-1.,15.,4.39666066464084));
#9717=CARTESIAN_POINT('Origin',(0.,15.,3.23766609799064E-15));
#9718=CARTESIAN_POINT('Origin',(0.,10.,2.03444009748065E-15));
#9719=CARTESIAN_POINT('',(1.,12.5,-10.753604047016));
#9720=CARTESIAN_POINT('',(-0.999999999999999,12.5,-10.753604047016));
#9721=CARTESIAN_POINT('Origin',(0.,12.5,2.77458878056409E-15));
#9722=CARTESIAN_POINT('',(1.,15.,-10.753604047016));
#9723=CARTESIAN_POINT('',(1.,10.,-10.753604047016));
#9724=CARTESIAN_POINT('',(-0.999999999999999,15.,-10.753604047016));
#9725=CARTESIAN_POINT('Origin',(0.,15.,3.51473746364752E-15));
#9726=CARTESIAN_POINT('',(-0.999999999999999,10.,-10.753604047016));
#9727=CARTESIAN_POINT('Origin',(-0.999999999999999,10.,-10.753604047016));
#9728=CARTESIAN_POINT('',(-0.999999999999999,12.5,-11.176802023508));
#9729=CARTESIAN_POINT('',(-1.,15.,-5.37680202350802));
#9730=CARTESIAN_POINT('Origin',(0.,15.,3.23766609799064E-15));
#9731=CARTESIAN_POINT('',(1.,15.,-4.39666066464083));
#9732=CARTESIAN_POINT('Origin',(1.,10.,-8.79332132928167));
#9733=CARTESIAN_POINT('',(1.,12.5,-10.1966606646408));
#9734=CARTESIAN_POINT('Origin',(0.,10.,2.03444009748065E-15));
#9735=CARTESIAN_POINT('',(3.19134657449594,15.6712797049418,-10.3177181121338));
#9736=CARTESIAN_POINT('',(5.03910563951851,15.6712797049418,-9.55235124740358));
#9737=CARTESIAN_POINT('Origin',(0.,15.6712797049418,3.35999489906292E-15));
#9738=CARTESIAN_POINT('',(3.19134657449594,12.5,-10.3177181121338));
#9739=CARTESIAN_POINT('',(3.19134657449594,10.,-10.3177181121338));
#9740=CARTESIAN_POINT('',(5.03910563951851,12.5,-9.55235124740358));
#9741=CARTESIAN_POINT('Origin',(0.,12.5,2.6187680051781E-15));
#9742=CARTESIAN_POINT('',(5.03910563951851,10.,-9.55235124740358));
#9743=CARTESIAN_POINT('Origin',(3.19134657449594,10.,-10.3177181121338));
#9744=CARTESIAN_POINT('Ctrl Pts',(2.44117885566738,17.3075239857375,-8.50665303128336));
#9745=CARTESIAN_POINT('Ctrl Pts',(2.77904065270391,16.5714480322284,-9.32232356389671));
#9746=CARTESIAN_POINT('Ctrl Pts',(3.19134657449594,15.6712797049418,-10.3177181121338));
#9747=CARTESIAN_POINT('',(3.18434318643331,12.5,-10.3008104376904));
#9748=CARTESIAN_POINT('Origin',(4.28893792068995,10.,-7.74128616655319));
#9749=CARTESIAN_POINT('Ctrl Pts',(5.03910563951851,15.6712797049418,-9.55235124740358));
#9750=CARTESIAN_POINT('Ctrl Pts',(4.62679971773755,16.5714480322043,-8.55695669919325));
#9751=CARTESIAN_POINT('Ctrl Pts',(4.28893792068995,17.3075239857375,-7.74128616655318));
#9752=CARTESIAN_POINT('',(4.65701839204161,12.5,-8.62991103253503));
#9753=CARTESIAN_POINT('Origin',(0.,10.,2.03444009748065E-15));
#9754=CARTESIAN_POINT('',(10.3177181121338,12.5,-3.19134657449593));
#9755=CARTESIAN_POINT('',(9.55235124740358,12.5,-5.03910563951851));
#9756=CARTESIAN_POINT('Origin',(0.,12.5,2.52138002056186E-15));
#9757=CARTESIAN_POINT('',(10.3177181121338,15.6712797049418,-3.19134657449593));
#9758=CARTESIAN_POINT('',(10.3177181121338,10.,-3.19134657449593));
#9759=CARTESIAN_POINT('',(9.55235124740358,15.6712797049418,-5.0391056395185));
#9760=CARTESIAN_POINT('Origin',(0.,15.6712797049418,3.13906909879921E-15));
#9761=CARTESIAN_POINT('',(9.55235124740358,10.,-5.03910563951851));
#9762=CARTESIAN_POINT('Origin',(9.55235124740358,10.,-5.03910563951851));
#9763=CARTESIAN_POINT('',(6.63544357296023,12.5,-3.83088292057391));
#9764=CARTESIAN_POINT('Ctrl Pts',(7.74128616655318,17.3075239857375,-4.28893792068995));
#9765=CARTESIAN_POINT('Ctrl Pts',(8.55695669926033,16.5714480321436,-4.62679971776533));
#9766=CARTESIAN_POINT('Ctrl Pts',(9.55235124740358,15.6712797049418,-5.0391056395185));
#9767=CARTESIAN_POINT('Origin',(8.50665303128337,10.,-2.44117885566738));
#9768=CARTESIAN_POINT('',(6.49527789726521,12.5,-1.60803999613705));
#9769=CARTESIAN_POINT('Ctrl Pts',(10.3177181121338,15.6712797049418,-3.19134657449593));
#9770=CARTESIAN_POINT('Ctrl Pts',(9.32232356386497,16.5714480322571,-2.77904065269076));
#9771=CARTESIAN_POINT('Ctrl Pts',(8.50665303128336,17.3075239857375,-2.44117885566737));
#9772=CARTESIAN_POINT('Origin',(0.,10.,2.03444009748065E-15));
#9773=CARTESIAN_POINT('',(-8.3110531250267,15.6712797049418,-6.8968395626536));
#9774=CARTESIAN_POINT('',(-6.8968395626536,15.6712797049418,-8.31105312502669));
#9775=CARTESIAN_POINT('Origin',(0.,15.6712797049418,3.35999489906292E-15));
#9776=CARTESIAN_POINT('',(-8.3110531250267,12.5,-6.8968395626536));
#9777=CARTESIAN_POINT('',(-8.3110531250267,10.,-6.8968395626536));
#9778=CARTESIAN_POINT('',(-6.8968395626536,12.5,-8.31105312502669));
#9779=CARTESIAN_POINT('Origin',(0.,12.5,2.6187680051781E-15));
#9780=CARTESIAN_POINT('',(-6.8968395626536,10.,-8.3110531250267));
#9781=CARTESIAN_POINT('Origin',(-8.3110531250267,10.,-6.8968395626536));
#9782=CARTESIAN_POINT('Ctrl Pts',(-6.92492392227392,17.3075239857375,-5.51071035990082));
#9783=CARTESIAN_POINT('Ctrl Pts',(-7.54921112042372,16.5714480322867,-6.13499755805062));
#9784=CARTESIAN_POINT('Ctrl Pts',(-8.3110531250267,15.6712797049418,-6.8968395626536));
#9785=CARTESIAN_POINT('',(-7.40907995310662,12.5,-5.99486639073352));
#9786=CARTESIAN_POINT('Origin',(-5.51071035990083,10.,-6.92492392227392));
#9787=CARTESIAN_POINT('Ctrl Pts',(-6.8968395626536,15.6712797049418,-8.31105312502669));
#9788=CARTESIAN_POINT('Ctrl Pts',(-6.1349975580183,16.5714480323249,-7.5492111203914));
#9789=CARTESIAN_POINT('Ctrl Pts',(-5.51071035990083,17.3075239857375,-6.92492392227392));
#9790=CARTESIAN_POINT('',(-5.30180178935714,12.5,-6.71601535173023));
#9791=CARTESIAN_POINT('Origin',(0.,10.,2.03444009748065E-15));
#9792=CARTESIAN_POINT('',(-5.03910563951852,12.5,9.55235124740358));
#9793=CARTESIAN_POINT('',(-3.19134657449594,12.5,10.3177181121338));
#9794=CARTESIAN_POINT('Origin',(0.,12.5,2.6187680051781E-15));
#9795=CARTESIAN_POINT('',(-5.03910563951852,15.6712797049418,9.55235124740358));
#9796=CARTESIAN_POINT('',(-5.03910563951852,10.,9.55235124740358));
#9797=CARTESIAN_POINT('',(-3.19134657449594,15.6712797049418,10.3177181121338));
#9798=CARTESIAN_POINT('Origin',(0.,15.6712797049418,3.35999489906292E-15));
#9799=CARTESIAN_POINT('',(-3.19134657449594,10.,10.3177181121338));
#9800=CARTESIAN_POINT('Origin',(-3.19134657449594,10.,10.3177181121338));
#9801=CARTESIAN_POINT('',(0.916876144448661,12.5,0.399591106808441));
#9802=CARTESIAN_POINT('Ctrl Pts',(-2.44117885566738,17.3075239857375,8.50665303128336));
#9803=CARTESIAN_POINT('Ctrl Pts',(-2.77904065271891,16.5714480321957,9.32232356393292));
#9804=CARTESIAN_POINT('Ctrl Pts',(-3.19134657449594,15.6712797049418,10.3177181121338));
#9805=CARTESIAN_POINT('Origin',(-4.28893792068996,10.,7.74128616655319));
#9806=CARTESIAN_POINT('',(-0.555799061159634,12.5,-1.27130829834694));
#9807=CARTESIAN_POINT('Ctrl Pts',(-5.03910563951852,15.6712797049418,9.55235124740358));
#9808=CARTESIAN_POINT('Ctrl Pts',(-4.62679971773034,16.57144803222,8.55695669917583));
#9809=CARTESIAN_POINT('Ctrl Pts',(-4.28893792068995,17.3075239857375,7.74128616655318));
#9810=CARTESIAN_POINT('Origin',(0.,10.,2.03444009748065E-15));
#9811=CARTESIAN_POINT('',(10.3177181121338,15.6712797049418,3.19134657449595));
#9812=CARTESIAN_POINT('',(9.55235124740358,15.6712797049418,5.03910563951852));
#9813=CARTESIAN_POINT('Origin',(0.,15.6712797049418,3.35999489906292E-15));
#9814=CARTESIAN_POINT('',(10.3177181121338,12.5,3.19134657449595));
#9815=CARTESIAN_POINT('',(10.3177181121338,10.,3.19134657449594));
#9816=CARTESIAN_POINT('',(9.55235124740358,12.5,5.03910563951852));
#9817=CARTESIAN_POINT('Origin',(0.,12.5,2.6187680051781E-15));
#9818=CARTESIAN_POINT('',(9.55235124740358,10.,5.03910563951852));
#9819=CARTESIAN_POINT('Origin',(10.3177181121338,10.,3.19134657449594));
#9820=CARTESIAN_POINT('Ctrl Pts',(8.50665303128336,17.3075239857375,2.44117885566738));
#9821=CARTESIAN_POINT('Ctrl Pts',(9.32232356388434,16.5714480322396,2.7790406526988));
#9822=CARTESIAN_POINT('Ctrl Pts',(10.3177181121338,15.6712797049418,3.19134657449595));
#9823=CARTESIAN_POINT('',(3.29959110680843,12.5,0.284343186433318));
#9824=CARTESIAN_POINT('Origin',(7.74128616655319,10.,4.28893792068996));
#9825=CARTESIAN_POINT('Ctrl Pts',(9.55235124740358,15.6712797049418,5.03910563951852));
#9826=CARTESIAN_POINT('Ctrl Pts',(8.55695669925478,16.5714480321486,4.62679971776305));
#9827=CARTESIAN_POINT('Ctrl Pts',(7.74128616655318,17.3075239857375,4.28893792068996));
#9828=CARTESIAN_POINT('',(1.62869170165306,12.5,1.75701839204161));
#9829=CARTESIAN_POINT('Origin',(0.,10.,2.03444009748065E-15));
#9830=CARTESIAN_POINT('',(-8.3110531250267,12.5,6.8968395626536));
#9831=CARTESIAN_POINT('',(-6.8968395626536,12.5,8.3110531250267));
#9832=CARTESIAN_POINT('Origin',(0.,12.5,2.6187680051781E-15));
#9833=CARTESIAN_POINT('',(-8.3110531250267,15.6712797049418,6.8968395626536));
#9834=CARTESIAN_POINT('',(-8.3110531250267,10.,6.8968395626536));
#9835=CARTESIAN_POINT('',(-6.8968395626536,15.6712797049418,8.3110531250267));
#9836=CARTESIAN_POINT('Origin',(0.,15.6712797049418,3.35999489906292E-15));
#9837=CARTESIAN_POINT('',(-6.8968395626536,10.,8.3110531250267));
#9838=CARTESIAN_POINT('Origin',(-6.8968395626536,10.,8.3110531250267));
#9839=CARTESIAN_POINT('',(-0.194866390733529,12.5,1.60907995310662));
#9840=CARTESIAN_POINT('Ctrl Pts',(-5.51071035990082,17.3075239857375,6.92492392227392));
#9841=CARTESIAN_POINT('Ctrl Pts',(-6.13499755808314,16.5714480322482,7.54921112045623));
#9842=CARTESIAN_POINT('Ctrl Pts',(-6.8968395626536,15.6712797049418,8.3110531250267));
#9843=CARTESIAN_POINT('Origin',(-6.92492392227393,10.,5.51071035990083));
#9844=CARTESIAN_POINT('',(-0.916015351730238,12.5,-0.498198210642857));
#9845=CARTESIAN_POINT('Ctrl Pts',(-8.3110531250267,15.6712797049418,6.8968395626536));
#9846=CARTESIAN_POINT('Ctrl Pts',(-7.54921112046928,16.5714480322328,6.13499755809618));
#9847=CARTESIAN_POINT('Ctrl Pts',(-6.92492392227392,17.3075239857375,5.51071035990082));
#9848=CARTESIAN_POINT('Origin',(0.,10.,2.03444009748065E-15));
#9849=CARTESIAN_POINT('',(-5.03910563951851,15.6712797049418,-9.55235124740358));
#9850=CARTESIAN_POINT('',(-3.19134657449593,15.6712797049418,-10.3177181121338));
#9851=CARTESIAN_POINT('Origin',(0.,15.6712797049418,2.9181432985355E-15));
#9852=CARTESIAN_POINT('',(-5.03910563951851,12.5,-9.55235124740358));
#9853=CARTESIAN_POINT('',(-5.03910563951851,10.,-9.55235124740358));
#9854=CARTESIAN_POINT('',(-3.19134657449593,12.5,-10.3177181121338));
#9855=CARTESIAN_POINT('Origin',(0.,12.5,2.42399203594562E-15));
#9856=CARTESIAN_POINT('',(-3.19134657449593,10.,-10.3177181121338));
#9857=CARTESIAN_POINT('Origin',(-5.03910563951851,10.,-9.55235124740358));
#9858=CARTESIAN_POINT('Ctrl Pts',(-4.28893792068995,17.3075239857375,-7.74128616655318));
#9859=CARTESIAN_POINT('Ctrl Pts',(-4.6267997177186,16.5714480322456,-8.5569566991475));
#9860=CARTESIAN_POINT('Ctrl Pts',(-5.03910563951851,15.6712797049418,-9.55235124740358));
#9861=CARTESIAN_POINT('',(-5.03210225145588,12.5,-9.53544357296023));
#9862=CARTESIAN_POINT('Origin',(-2.44117885566738,10.,-8.50665303128337));
#9863=CARTESIAN_POINT('Ctrl Pts',(-3.19134657449593,15.6712797049418,-10.3177181121338));
#9864=CARTESIAN_POINT('Ctrl Pts',(-2.77904065270733,16.571448032221,-9.32232356390496));
#9865=CARTESIAN_POINT('Ctrl Pts',(-2.44117885566738,17.3075239857375,-8.50665303128336));
#9866=CARTESIAN_POINT('',(-2.80925932701903,12.5,-9.39527789726521));
#9867=CARTESIAN_POINT('Origin',(0.,10.,2.03444009748065E-15));
#9868=CARTESIAN_POINT('',(8.3110531250267,12.5,-6.8968395626536));
#9869=CARTESIAN_POINT('',(6.8968395626536,12.5,-8.31105312502669));
#9870=CARTESIAN_POINT('Origin',(0.,12.5,2.6187680051781E-15));
#9871=CARTESIAN_POINT('',(8.3110531250267,15.6712797049418,-6.8968395626536));
#9872=CARTESIAN_POINT('',(8.3110531250267,10.,-6.8968395626536));
#9873=CARTESIAN_POINT('',(6.8968395626536,15.6712797049418,-8.31105312502669));
#9874=CARTESIAN_POINT('Origin',(0.,15.6712797049418,3.35999489906292E-15));
#9875=CARTESIAN_POINT('',(6.8968395626536,10.,-8.3110531250267));
#9876=CARTESIAN_POINT('Origin',(6.8968395626536,10.,-8.3110531250267));
#9877=CARTESIAN_POINT('',(5.99486639073353,12.5,-7.40907995310662));
#9878=CARTESIAN_POINT('Ctrl Pts',(5.51071035990083,17.3075239857375,-6.92492392227392));
#9879=CARTESIAN_POINT('Ctrl Pts',(6.1349975581079,16.571448032219,-7.54921112048098));
#9880=CARTESIAN_POINT('Ctrl Pts',(6.8968395626536,15.6712797049418,-8.31105312502669));
#9881=CARTESIAN_POINT('Origin',(6.92492392227392,10.,-5.51071035990083));
#9882=CARTESIAN_POINT('',(6.71601535173024,12.5,-5.30180178935714));
#9883=CARTESIAN_POINT('Ctrl Pts',(8.3110531250267,15.6712797049418,-6.8968395626536));
#9884=CARTESIAN_POINT('Ctrl Pts',(7.54921112041722,16.5714480322943,-6.13499755804412));
#9885=CARTESIAN_POINT('Ctrl Pts',(6.92492392227392,17.3075239857375,-5.51071035990082));
#9886=CARTESIAN_POINT('Origin',(0.,10.,2.03444009748065E-15));
#9887=CARTESIAN_POINT('',(-10.3177181121338,15.6712797049418,-3.19134657449593));
#9888=CARTESIAN_POINT('',(-9.55235124740358,15.6712797049418,-5.03910563951851));
#9889=CARTESIAN_POINT('Origin',(0.,15.6712797049418,3.35999489906292E-15));
#9890=CARTESIAN_POINT('',(-10.3177181121338,12.5,-3.19134657449593));
#9891=CARTESIAN_POINT('',(-10.3177181121338,10.,-3.19134657449593));
#9892=CARTESIAN_POINT('',(-9.55235124740358,12.5,-5.03910563951851));
#9893=CARTESIAN_POINT('Origin',(0.,12.5,2.6187680051781E-15));
#9894=CARTESIAN_POINT('',(-9.55235124740358,10.,-5.03910563951851));
#9895=CARTESIAN_POINT('Origin',(-10.3177181121338,10.,-3.19134657449593));
#9896=CARTESIAN_POINT('Ctrl Pts',(-8.50665303128336,17.3075239857375,-2.44117885566737));
#9897=CARTESIAN_POINT('Ctrl Pts',(-9.3223235639171,16.57144803221,-2.77904065271236));
#9898=CARTESIAN_POINT('Ctrl Pts',(-10.3177181121338,15.6712797049418,-3.19134657449593));
#9899=CARTESIAN_POINT('',(-7.40081043769041,12.5,-1.98312385555133));
#9900=CARTESIAN_POINT('Origin',(-7.74128616655319,10.,-4.28893792068995));
#9901=CARTESIAN_POINT('Ctrl Pts',(-9.55235124740358,15.6712797049418,-5.03910563951851));
#9902=CARTESIAN_POINT('Ctrl Pts',(-8.55695669912802,16.5714480322633,-4.62679971771053));
#9903=CARTESIAN_POINT('Ctrl Pts',(-7.74128616655318,17.3075239857375,-4.28893792068995));
#9904=CARTESIAN_POINT('',(-5.72991103253504,12.5,-3.45579906115963));
#9905=CARTESIAN_POINT('Origin',(0.,10.,2.03444009748065E-15));
#9906=CARTESIAN_POINT('',(3.19134657449594,12.5,10.3177181121338));
#9907=CARTESIAN_POINT('',(5.03910563951851,12.5,9.55235124740358));
#9908=CARTESIAN_POINT('Origin',(0.,12.5,2.42399203594562E-15));
#9909=CARTESIAN_POINT('',(3.19134657449594,15.6712797049418,10.3177181121338));
#9910=CARTESIAN_POINT('',(3.19134657449594,10.,10.3177181121338));
#9911=CARTESIAN_POINT('',(5.03910563951851,15.6712797049418,9.55235124740358));
#9912=CARTESIAN_POINT('Origin',(0.,15.6712797049418,2.9181432985355E-15));
#9913=CARTESIAN_POINT('',(5.03910563951851,10.,9.55235124740358));
#9914=CARTESIAN_POINT('Origin',(5.03910563951851,10.,9.55235124740358));
#9915=CARTESIAN_POINT('',(0.930882920573911,12.5,-0.365775757921739));
#9916=CARTESIAN_POINT('Ctrl Pts',(4.28893792068995,17.3075239857375,7.74128616655318));
#9917=CARTESIAN_POINT('Ctrl Pts',(4.62679971771718,16.5714480322487,8.55695669914407));
#9918=CARTESIAN_POINT('Ctrl Pts',(5.03910563951851,15.6712797049418,9.55235124740358));
#9919=CARTESIAN_POINT('Origin',(2.44117885566738,10.,8.50665303128337));
#9920=CARTESIAN_POINT('',(-1.29196000386294,12.5,-0.505941433616754));
#9921=CARTESIAN_POINT('Ctrl Pts',(3.19134657449594,15.6712797049418,10.3177181121338));
#9922=CARTESIAN_POINT('Ctrl Pts',(2.77904065271578,16.5714480322025,9.32232356392536));
#9923=CARTESIAN_POINT('Ctrl Pts',(2.44117885566738,17.3075239857375,8.50665303128336));
#9924=CARTESIAN_POINT('Origin',(0.,10.,2.03444009748065E-15));
#9925=CARTESIAN_POINT('',(8.3110531250267,15.6712797049418,6.89683956265361));
#9926=CARTESIAN_POINT('',(6.8968395626536,15.6712797049418,8.3110531250267));
#9927=CARTESIAN_POINT('Origin',(0.,15.6712797049418,3.35999489906292E-15));
#9928=CARTESIAN_POINT('',(8.3110531250267,12.5,6.89683956265361));
#9929=CARTESIAN_POINT('',(8.3110531250267,10.,6.89683956265361));
#9930=CARTESIAN_POINT('',(6.8968395626536,12.5,8.3110531250267));
#9931=CARTESIAN_POINT('Origin',(0.,12.5,2.6187680051781E-15));
#9932=CARTESIAN_POINT('',(6.8968395626536,10.,8.3110531250267));
#9933=CARTESIAN_POINT('Origin',(8.3110531250267,10.,6.89683956265361));
#9934=CARTESIAN_POINT('Ctrl Pts',(6.92492392227391,17.3075239857375,5.51071035990083));
#9935=CARTESIAN_POINT('Ctrl Pts',(7.54921112039724,16.571448032318,6.13499755802415));
#9936=CARTESIAN_POINT('Ctrl Pts',(8.3110531250267,15.6712797049418,6.89683956265361));
#9937=CARTESIAN_POINT('',(1.60907995310662,12.5,0.194866390733533));
#9938=CARTESIAN_POINT('Origin',(5.51071035990083,10.,6.92492392227393));
#9939=CARTESIAN_POINT('Ctrl Pts',(6.8968395626536,15.6712797049418,8.3110531250267));
#9940=CARTESIAN_POINT('Ctrl Pts',(6.13499755809508,16.5714480322341,7.54921112046818));
#9941=CARTESIAN_POINT('Ctrl Pts',(5.51071035990082,17.3075239857375,6.92492392227392));
#9942=CARTESIAN_POINT('',(-0.498198210642862,12.5,0.916015351730245));
#9943=CARTESIAN_POINT('Origin',(0.,10.,2.03444009748065E-15));
#9944=CARTESIAN_POINT('',(-10.3177181121338,12.5,3.19134657449594));
#9945=CARTESIAN_POINT('',(-9.55235124740358,12.5,5.03910563951851));
#9946=CARTESIAN_POINT('Origin',(0.,12.5,2.52138002056186E-15));
#9947=CARTESIAN_POINT('',(-10.3177181121338,15.6712797049418,3.19134657449594));
#9948=CARTESIAN_POINT('',(-10.3177181121338,10.,3.19134657449594));
#9949=CARTESIAN_POINT('',(-9.55235124740358,15.6712797049418,5.03910563951851));
#9950=CARTESIAN_POINT('Origin',(0.,15.6712797049418,3.13906909879921E-15));
#9951=CARTESIAN_POINT('',(-9.55235124740358,10.,5.03910563951851));
#9952=CARTESIAN_POINT('Origin',(-9.55235124740358,10.,5.03910563951851));
#9953=CARTESIAN_POINT('',(-2.53422424207826,12.5,2.13210225145589));
#9954=CARTESIAN_POINT('Ctrl Pts',(-7.74128616655318,17.3075239857375,4.28893792068995));
#9955=CARTESIAN_POINT('Ctrl Pts',(-8.55695669913934,16.571448032253,4.62679971771522));
#9956=CARTESIAN_POINT('Ctrl Pts',(-9.55235124740358,15.6712797049418,5.03910563951851));
#9957=CARTESIAN_POINT('Origin',(-8.50665303128337,10.,2.44117885566738));
#9958=CARTESIAN_POINT('',(-2.39405856638324,12.5,-0.0907406729809626));
#9959=CARTESIAN_POINT('Ctrl Pts',(-10.3177181121338,15.6712797049418,3.19134657449594));
#9960=CARTESIAN_POINT('Ctrl Pts',(-9.32232356390487,16.571448032221,2.77904065270729));
#9961=CARTESIAN_POINT('Ctrl Pts',(-8.50665303128336,17.3075239857375,2.44117885566738));
#9962=CARTESIAN_POINT('Origin',(0.,17.5,-11.6));
#9963=CARTESIAN_POINT('',(1.42059028701093E-15,17.5,11.6));
#9964=CARTESIAN_POINT('Origin',(0.,17.5,3.47889256669192E-15));
#9965=CARTESIAN_POINT('Origin',(0.,17.5,3.47889256669192E-15));
#9966=CARTESIAN_POINT('Origin',(0.,17.5,3.47889256669192E-15));
#9967=CARTESIAN_POINT('Origin',(0.,17.5,3.47889256669192E-15));
#9968=CARTESIAN_POINT('Origin',(0.,17.5,3.47889256669192E-15));
#9969=CARTESIAN_POINT('Origin',(0.,17.5,3.47889256669192E-15));
#9970=CARTESIAN_POINT('Origin',(0.,17.5,3.47889256669192E-15));
#9971=CARTESIAN_POINT('Origin',(0.,17.5,3.47889256669192E-15));
#9972=CARTESIAN_POINT('Origin',(0.,17.5,3.47889256669192E-15));
#9973=CARTESIAN_POINT('Origin',(0.,17.5,3.47889256669192E-15));
#9974=CARTESIAN_POINT('Origin',(0.,17.5,3.47889256669192E-15));
#9975=CARTESIAN_POINT('Origin',(0.,17.5,3.47889256669192E-15));
#9976=CARTESIAN_POINT('Origin',(0.,17.5,3.47889256669192E-15));
#9977=CARTESIAN_POINT('Origin',(0.,17.4178932188135,3.46218843389982E-15));
#9978=CARTESIAN_POINT('Origin',(0.,17.4178932188135,3.46218843389982E-15));
#9979=CARTESIAN_POINT('Origin',(0.,17.4178932188135,3.46218843389982E-15));
#9980=CARTESIAN_POINT('Origin',(0.,17.4178932188135,3.46218843389982E-15));
#9981=CARTESIAN_POINT('Origin',(0.,17.4178932188135,3.46218843389982E-15));
#9982=CARTESIAN_POINT('Origin',(0.,17.4178932188135,3.46218843389982E-15));
#9983=CARTESIAN_POINT('Origin',(0.,17.4178932188135,3.46218843389982E-15));
#9984=CARTESIAN_POINT('Origin',(0.,17.4178932188135,3.46218843389982E-15));
#9985=CARTESIAN_POINT('Origin',(0.,17.4178932188135,3.46218843389982E-15));
#9986=CARTESIAN_POINT('Origin',(0.,17.4178932188135,3.46218843389982E-15));
#9987=CARTESIAN_POINT('Origin',(0.,17.4178932188135,3.46218843389982E-15));
#9988=CARTESIAN_POINT('Origin',(0.,16.1537619928688,3.20500850844589E-15));
#9989=CARTESIAN_POINT('',(0.,15.,-11.6));
#9990=CARTESIAN_POINT('',(-1.25220135212817E-15,16.1537619928688,-10.225));
#9991=CARTESIAN_POINT('',(1.42059028701093E-15,15.,11.6));
#9992=CARTESIAN_POINT('Origin',(0.,15.,2.97028254232175E-15));
#9993=CARTESIAN_POINT('Origin',(0.,15.,2.97028254232175E-15));
#9994=CARTESIAN_POINT('Origin',(0.,10.,1.95306249358143E-15));
#9995=CARTESIAN_POINT('',(1.22464679914735E-15,9.,-4.));
#9996=CARTESIAN_POINT('Origin',(0.,9.,1.74961848383336E-15));
#9997=CARTESIAN_POINT('',(1.83697019872103E-16,10.,-3.));
#9998=CARTESIAN_POINT('Origin',(-4.89858719658942E-16,10.,-4.));
#9999=CARTESIAN_POINT('',(3.67394039744206E-16,10.,3.));
#10000=CARTESIAN_POINT('Origin',(0.,10.,1.95306249358143E-15));
#10001=CARTESIAN_POINT('Origin',(0.,10.,1.95306249358143E-15));
#10002=CARTESIAN_POINT('Origin',(0.,14.25,2.81769953501071E-15));
#10003=CARTESIAN_POINT('',(3.67394039744206E-16,19.5,3.00000000000001));
#10004=CARTESIAN_POINT('Origin',(0.,19.5,3.88578058618805E-15));
#10005=CARTESIAN_POINT('',(3.67394039744206E-16,14.25,3.));
#10006=CARTESIAN_POINT('Origin',(0.,9.,-10.));
#10007=CARTESIAN_POINT('',(1.22464679914735E-15,9.,10.));
#10008=CARTESIAN_POINT('Origin',(0.,9.,1.74961848383336E-15));
#10009=CARTESIAN_POINT('',(-1.6,9.,-6.35));
#10010=CARTESIAN_POINT('Origin',(1.24785368008708E-15,9.,-6.35));
#10011=CARTESIAN_POINT('',(-1.6,9.,6.35));
#10012=CARTESIAN_POINT('Origin',(-4.70202962628511E-16,9.,6.35));
#10013=CARTESIAN_POINT('',(-7.95,9.,1.94556197169694E-15));
#10014=CARTESIAN_POINT('Origin',(-6.35,9.,1.74961848383336E-15));
#10015=CARTESIAN_POINT('',(4.75,9.,2.88596789695396E-15));
#10016=CARTESIAN_POINT('Origin',(6.35,9.,2.69002440909038E-15));
#10017=CARTESIAN_POINT('Origin',(6.35,18.675,4.65834520340292E-15));
#10018=CARTESIAN_POINT('',(3.1,19.5,5.22419672116796E-15));
#10019=CARTESIAN_POINT('Origin',(6.35,19.5,4.82618651144507E-15));
#10020=CARTESIAN_POINT('',(4.75,17.85,4.68644738322434E-15));
#10021=CARTESIAN_POINT('',(3.925,18.675,4.95532205219615E-15));
#10022=CARTESIAN_POINT('Origin',(6.35,17.85,4.49050389536076E-15));
#10023=CARTESIAN_POINT('Origin',(6.35,-18.414113467151,-2.88721275835525E-15));
#10024=CARTESIAN_POINT('',(4.75,-18.414113467151,-2.69126927049167E-15));
#10025=CARTESIAN_POINT('Origin',(-6.35,18.675,3.7179392781459E-15));
#10026=CARTESIAN_POINT('',(-9.6,19.5,4.28379079591094E-15));
#10027=CARTESIAN_POINT('Origin',(-6.35,19.5,3.88578058618805E-15));
#10028=CARTESIAN_POINT('',(-7.95,17.85,3.74604145796732E-15));
#10029=CARTESIAN_POINT('',(-8.775,18.675,4.01491612693913E-15));
#10030=CARTESIAN_POINT('Origin',(-6.35,17.85,3.55009797010374E-15));
#10031=CARTESIAN_POINT('Origin',(-6.35,-18.414113467151,-3.82761868361227E-15));
#10032=CARTESIAN_POINT('',(-7.95,-18.414113467151,-3.6316751957487E-15));
#10033=CARTESIAN_POINT('Origin',(-4.70202962628511E-16,18.675,6.35));
#10034=CARTESIAN_POINT('',(-3.25,19.5,6.35));
#10035=CARTESIAN_POINT('Origin',(-4.70202962628511E-16,19.5,6.35));
#10036=CARTESIAN_POINT('',(-1.6,17.85,6.35));
#10037=CARTESIAN_POINT('',(-2.425,18.675,6.35));
#10038=CARTESIAN_POINT('Origin',(-4.70202962628511E-16,17.85,6.35));
#10039=CARTESIAN_POINT('Origin',(-4.70202962628511E-16,-18.414113467151,
6.35));
#10040=CARTESIAN_POINT('',(-1.6,-18.414113467151,6.35));
#10041=CARTESIAN_POINT('Origin',(1.24785368008708E-15,18.675,-6.35));
#10042=CARTESIAN_POINT('',(-3.25,19.5,-6.35));
#10043=CARTESIAN_POINT('Origin',(1.24785368008708E-15,19.5,-6.35));
#10044=CARTESIAN_POINT('',(-1.6,17.85,-6.35));
#10045=CARTESIAN_POINT('',(-2.425,18.675,-6.35));
#10046=CARTESIAN_POINT('Origin',(1.24785368008708E-15,17.85,-6.35));
#10047=CARTESIAN_POINT('Origin',(1.24785368008708E-15,-18.414113467151,
-6.35));
#10048=CARTESIAN_POINT('',(-1.6,-18.414113467151,-6.35));
#10049=CARTESIAN_POINT('Origin',(0.,12.5,-11.6));
#10050=CARTESIAN_POINT('',(1.42059028701093E-15,12.5,11.6));
#10051=CARTESIAN_POINT('Origin',(0.,12.5,2.46167251795159E-15));
#10052=CARTESIAN_POINT('Origin',(0.,13.75,2.71597753013667E-15));
#10053=CARTESIAN_POINT('',(1.42059028701093E-15,13.75,11.6));
#10054=CARTESIAN_POINT('Origin',(0.,17.4178932188135,3.46218843389982E-15));
#10055=CARTESIAN_POINT('Origin',(0.,18.5,3.68233657643998E-15));
#10056=CARTESIAN_POINT('',(1.42059028701093E-15,19.5,11.6));
#10057=CARTESIAN_POINT('Origin',(0.,19.5,3.88578058618805E-15));
#10058=CARTESIAN_POINT('',(1.42059028701093E-15,18.5,11.6));
#10059=CARTESIAN_POINT('Origin',(0.,19.5,-3.));
#10060=CARTESIAN_POINT('Origin',(0.,4.75,8.84981442404084E-16));
#10061=CARTESIAN_POINT('',(1.22464679914735E-15,4.75,10.));
#10062=CARTESIAN_POINT('',(0.,0.,0.));
#10063=CARTESIAN_POINT('Origin',(0.,3.,0.));
#10064=CARTESIAN_POINT('',(15.,3.,-19.));
#10065=CARTESIAN_POINT('Origin',(0.,3.,-19.));
#10066=CARTESIAN_POINT('',(15.,3.,-0.2));
#10067=CARTESIAN_POINT('',(15.,3.,0.));
#10068=CARTESIAN_POINT('Origin',(0.,3.,-0.2));
#10069=CARTESIAN_POINT('Origin',(0.,3.,0.));
#10070=CARTESIAN_POINT('',(-15.4,3.,-19.));
#10071=CARTESIAN_POINT('Origin',(0.,3.,-19.));
#10072=CARTESIAN_POINT('',(-15.4,3.,0.));
#10073=CARTESIAN_POINT('',(-15.4,3.,0.));
#10074=CARTESIAN_POINT('Origin',(0.,3.,0.));
#10075=CARTESIAN_POINT('Origin',(0.,3.,-19.));
#10076=CARTESIAN_POINT('Origin',(0.,3.,0.));
#10077=CARTESIAN_POINT('',(11.6,3.,-0.2));
#10078=CARTESIAN_POINT('Origin',(0.,3.,-0.2));
#10079=CARTESIAN_POINT('',(11.6,3.,0.));
#10080=CARTESIAN_POINT('',(11.6,3.,0.));
#10081=CARTESIAN_POINT('Origin',(0.,3.,0.));
#10082=CARTESIAN_POINT('Origin',(0.,3.,0.));
#10083=CARTESIAN_POINT('Origin',(0.,3.,-0.2));
#10084=CARTESIAN_POINT('',(0.,0.,0.));
#10085=CARTESIAN_POINT('',(0.,19.5,-3.));
#10086=UNCERTAINTY_MEASURE_WITH_UNIT(LENGTH_MEASURE(0.01),#10094,
'DISTANCE_ACCURACY_VALUE',
'Maximum model space distance between geometric entities at asserted c
onnectivities');
#10087=UNCERTAINTY_MEASURE_WITH_UNIT(LENGTH_MEASURE(0.01),#10094,
'DISTANCE_ACCURACY_VALUE',
'Maximum model space distance between geometric entities at asserted c
onnectivities');
#10088=UNCERTAINTY_MEASURE_WITH_UNIT(LENGTH_MEASURE(0.01),#10094,
'DISTANCE_ACCURACY_VALUE',
'Maximum model space distance between geometric entities at asserted c
onnectivities');
#10089=UNCERTAINTY_MEASURE_WITH_UNIT(LENGTH_MEASURE(0.01),#10094,
'DISTANCE_ACCURACY_VALUE',
'Maximum model space distance between geometric entities at asserted c
onnectivities');
#10090=(
GEOMETRIC_REPRESENTATION_CONTEXT(3)
GLOBAL_UNCERTAINTY_ASSIGNED_CONTEXT((#10086))
GLOBAL_UNIT_ASSIGNED_CONTEXT((#10094,#10096,#10097))
REPRESENTATION_CONTEXT('','3D')
);
#10091=(
GEOMETRIC_REPRESENTATION_CONTEXT(3)
GLOBAL_UNCERTAINTY_ASSIGNED_CONTEXT((#10087))
GLOBAL_UNIT_ASSIGNED_CONTEXT((#10094,#10096,#10097))
REPRESENTATION_CONTEXT('','3D')
);
#10092=(
GEOMETRIC_REPRESENTATION_CONTEXT(3)
GLOBAL_UNCERTAINTY_ASSIGNED_CONTEXT((#10088))
GLOBAL_UNIT_ASSIGNED_CONTEXT((#10094,#10096,#10097))
REPRESENTATION_CONTEXT('','3D')
);
#10093=(
GEOMETRIC_REPRESENTATION_CONTEXT(3)
GLOBAL_UNCERTAINTY_ASSIGNED_CONTEXT((#10089))
GLOBAL_UNIT_ASSIGNED_CONTEXT((#10094,#10096,#10097))
REPRESENTATION_CONTEXT('','3D')
);
#10094=(
LENGTH_UNIT()
NAMED_UNIT(*)
SI_UNIT(.MILLI.,.METRE.)
);
#10095=(
LENGTH_UNIT()
NAMED_UNIT(*)
SI_UNIT(.CENTI.,.METRE.)
);
#10096=(
NAMED_UNIT(*)
PLANE_ANGLE_UNIT()
SI_UNIT($,.RADIAN.)
);
#10097=(
NAMED_UNIT(*)
SI_UNIT($,.STERADIAN.)
SOLID_ANGLE_UNIT()
);
#10098=SHAPE_DEFINITION_REPRESENTATION(#10101,#10106);
#10099=SHAPE_DEFINITION_REPRESENTATION(#10102,#10107);
#10100=SHAPE_DEFINITION_REPRESENTATION(#10103,#10108);
#10101=PRODUCT_DEFINITION_SHAPE('',$,#10110);
#10102=PRODUCT_DEFINITION_SHAPE('',$,#10111);
#10103=PRODUCT_DEFINITION_SHAPE('',$,#10112);
#10104=PRODUCT_DEFINITION_SHAPE($,$,#17);
#10105=PRODUCT_DEFINITION_SHAPE($,$,#18);
#10106=SHAPE_REPRESENTATION('',(#5590,#6215,#6216),#10090);
#10107=SHAPE_REPRESENTATION('',(#5591),#10091);
#10108=SHAPE_REPRESENTATION('',(#6202),#10092);
#10109=PRODUCT_DEFINITION_CONTEXT('part definition',#10120,'design');
#10110=PRODUCT_DEFINITION('Felga2XForma','Felga2XForma',#10113,#10109);
#10111=PRODUCT_DEFINITION('Felga','Felga2',#10114,#10109);
#10112=PRODUCT_DEFINITION('FelgaForma','FelgaForma',#10115,#10109);
#10113=PRODUCT_DEFINITION_FORMATION('',$,#10122);
#10114=PRODUCT_DEFINITION_FORMATION('',$,#10123);
#10115=PRODUCT_DEFINITION_FORMATION('',$,#10124);
#10116=PRODUCT_RELATED_PRODUCT_CATEGORY('Felga2XForma','Felga2XForma',(#10122));
#10117=PRODUCT_RELATED_PRODUCT_CATEGORY('Felga2','Felga2',(#10123));
#10118=PRODUCT_RELATED_PRODUCT_CATEGORY('FelgaForma','FelgaForma',(#10124));
#10119=APPLICATION_PROTOCOL_DEFINITION('international standard',
'automotive_design',2009,#10120);
#10120=APPLICATION_CONTEXT(
'Core Data for Automotive Mechanical Design Process');
#10121=PRODUCT_CONTEXT('part definition',#10120,'mechanical');
#10122=PRODUCT('Felga2XForma','Felga2XForma',$,(#10121));
#10123=PRODUCT('Felga','Felga2',$,(#10121));
#10124=PRODUCT('FelgaForma','FelgaForma',$,(#10121));
ENDSEC;
END-ISO-10303-21;
