ISO-10303-21;
HEADER;
/* Generated by software containing ST-Developer
 * from STEP Tools, Inc. (www.steptools.com) 
 */

FILE_DESCRIPTION(
/* description */ (''),
/* implementation_level */ '2;1');

FILE_NAME(
/* name */ 'PCBs_Holder.stp',
/* time_stamp */ '2026-05-13T16:45:21+02:00',
/* author */ ('szymo'),
/* organization */ (''),
/* preprocessor_version */ 'ST-DEVELOPER v20.1',
/* originating_system */ 'Autodesk Inventor 2026',
/* authorisation */ '');

FILE_SCHEMA (('AUTOMOTIVE_DESIGN { 1 0 10303 214 3 1 1 }'));
ENDSEC;

DATA;
#10=MECHANICAL_DESIGN_GEOMETRIC_PRESENTATION_REPRESENTATION('',(#13),#3381);
#11=SHAPE_REPRESENTATION_RELATIONSHIP('SRR','None',#3388,#12);
#12=ADVANCED_BREP_SHAPE_REPRESENTATION('',(#14),#3380);
#13=STYLED_ITEM('',(#3397),#14);
#14=MANIFOLD_SOLID_BREP('Solid2',#1961);
#15=CONICAL_SURFACE('',#2157,1.25,0.785398163397448);
#16=CONICAL_SURFACE('',#2161,1.25,0.785398163397448);
#17=B_SPLINE_CURVE_WITH_KNOTS('',3,(#3106,#3107,#3108,#3109,#3110,#3111,
#3112),.UNSPECIFIED.,.F.,.F.,(4,3,4),(0.821564713761054,0.865559001709851,
0.909553289658648),.UNSPECIFIED.);
#18=B_SPLINE_CURVE_WITH_KNOTS('',3,(#3116,#3117,#3118,#3119,#3120,#3121,
#3122,#3123,#3124,#3125),.UNSPECIFIED.,.F.,.F.,(4,2,2,2,4),(0.,0.0665288148103784,
0.133057629620757,0.178398302759078,0.223738975897399),.UNSPECIFIED.);
#19=B_SPLINE_CURVE_WITH_KNOTS('',3,(#3129,#3130,#3131,#3132,#3133,#3134,
#3135,#3136,#3137,#3138),.UNSPECIFIED.,.F.,.F.,(4,2,2,2,4),(0.372189832747606,
0.395397060780365,0.424584966031458,0.453772871282551,0.47698009931531),
 .UNSPECIFIED.);
#20=B_SPLINE_CURVE_WITH_KNOTS('',3,(#3142,#3143,#3144,#3145,#3146,#3147,
#3148,#3149,#3150,#3151),.UNSPECIFIED.,.F.,.F.,(4,2,2,2,4),(0.372189832747625,
0.395397060780421,0.424584966031517,0.453772871282612,0.476980099315408),
 .UNSPECIFIED.);
#21=B_SPLINE_CURVE_WITH_KNOTS('',3,(#3155,#3156,#3157,#3158,#3159,#3160,
#3161,#3162,#3163,#3164),.UNSPECIFIED.,.F.,.F.,(4,2,2,2,4),(0.534522335816848,
0.579863008955169,0.62520368209349,0.691732496903868,0.758261311714246),
 .UNSPECIFIED.);
#22=B_SPLINE_CURVE_WITH_KNOTS('',3,(#3174,#3175,#3176,#3177,#3178,#3179,
#3180,#3181,#3182,#3183),.UNSPECIFIED.,.F.,.F.,(4,2,2,2,4),(0.,0.0665288148103791,
0.133057629620758,0.178398302759079,0.2237389758974),.UNSPECIFIED.);
#23=B_SPLINE_CURVE_WITH_KNOTS('',3,(#3202,#3203,#3204,#3205),
 .UNSPECIFIED.,.F.,.F.,(4,4),(0.821564713761077,0.865559001709901),
 .UNSPECIFIED.);
#24=B_SPLINE_CURVE_WITH_KNOTS('',3,(#3207,#3208,#3209,#3210),
 .UNSPECIFIED.,.F.,.F.,(4,4),(0.865559001709901,0.909553289658724),
 .UNSPECIFIED.);
#25=B_SPLINE_CURVE_WITH_KNOTS('',3,(#3215,#3216,#3217,#3218,#3219,#3220),
 .UNSPECIFIED.,.F.,.F.,(4,2,4),(0.37218983274754,0.395397060780168,0.424584966031253),
 .UNSPECIFIED.);
#26=B_SPLINE_CURVE_WITH_KNOTS('',3,(#3222,#3223,#3224,#3225,#3226,#3227),
 .UNSPECIFIED.,.F.,.F.,(4,2,4),(0.424584966031253,0.453772871282338,0.476980099314967),
 .UNSPECIFIED.);
#27=B_SPLINE_CURVE_WITH_KNOTS('',3,(#3231,#3232,#3233,#3234,#3235,#3236),
 .UNSPECIFIED.,.F.,.F.,(4,2,4),(0.372189832747532,0.395397060780141,0.424584966031226),
 .UNSPECIFIED.);
#28=B_SPLINE_CURVE_WITH_KNOTS('',3,(#3238,#3239,#3240,#3241,#3242,#3243),
 .UNSPECIFIED.,.F.,.F.,(4,2,4),(0.424584966031226,0.45377287128231,0.47698009931492),
 .UNSPECIFIED.);
#29=B_SPLINE_CURVE_WITH_KNOTS('',3,(#3247,#3248,#3249,#3250,#3251,#3252,
#3253,#3254),.UNSPECIFIED.,.F.,.F.,(4,2,2,4),(0.534445444412076,0.584607482095621,
0.634769519779167,0.758261311714247),.UNSPECIFIED.);
#30=FACE_BOUND('',#204,.T.);
#31=FACE_BOUND('',#205,.T.);
#32=FACE_BOUND('',#224,.T.);
#33=FACE_BOUND('',#225,.T.);
#34=FACE_BOUND('',#246,.T.);
#35=FACE_BOUND('',#247,.T.);
#36=FACE_BOUND('',#248,.T.);
#37=FACE_BOUND('',#263,.T.);
#38=FACE_BOUND('',#266,.T.);
#39=FACE_BOUND('',#277,.T.);
#40=FACE_BOUND('',#279,.T.);
#41=FACE_BOUND('',#281,.T.);
#42=FACE_BOUND('',#282,.T.);
#43=FACE_BOUND('',#283,.T.);
#44=FACE_BOUND('',#284,.T.);
#45=FACE_BOUND('',#285,.T.);
#46=FACE_BOUND('',#286,.T.);
#47=FACE_BOUND('',#287,.T.);
#48=FACE_BOUND('',#288,.T.);
#49=FACE_BOUND('',#289,.T.);
#50=FACE_BOUND('',#290,.T.);
#51=PLANE('',#1987);
#52=PLANE('',#1991);
#53=PLANE('',#1995);
#54=PLANE('',#1999);
#55=PLANE('',#2003);
#56=PLANE('',#2007);
#57=PLANE('',#2011);
#58=PLANE('',#2015);
#59=PLANE('',#2019);
#60=PLANE('',#2023);
#61=PLANE('',#2030);
#62=PLANE('',#2042);
#63=PLANE('',#2046);
#64=PLANE('',#2053);
#65=PLANE('',#2063);
#66=PLANE('',#2067);
#67=PLANE('',#2074);
#68=PLANE('',#2086);
#69=PLANE('',#2090);
#70=PLANE('',#2097);
#71=PLANE('',#2111);
#72=PLANE('',#2117);
#73=PLANE('',#2124);
#74=PLANE('',#2127);
#75=PLANE('',#2128);
#76=PLANE('',#2129);
#77=PLANE('',#2130);
#78=PLANE('',#2131);
#79=PLANE('',#2132);
#80=PLANE('',#2133);
#81=PLANE('',#2134);
#82=PLANE('',#2135);
#83=PLANE('',#2142);
#84=PLANE('',#2143);
#85=PLANE('',#2144);
#86=PLANE('',#2146);
#87=PLANE('',#2147);
#88=PLANE('',#2149);
#89=PLANE('',#2163);
#90=PLANE('',#2164);
#91=PLANE('',#2165);
#92=FACE_OUTER_BOUND('',#181,.T.);
#93=FACE_OUTER_BOUND('',#182,.T.);
#94=FACE_OUTER_BOUND('',#183,.T.);
#95=FACE_OUTER_BOUND('',#184,.T.);
#96=FACE_OUTER_BOUND('',#185,.T.);
#97=FACE_OUTER_BOUND('',#186,.T.);
#98=FACE_OUTER_BOUND('',#187,.T.);
#99=FACE_OUTER_BOUND('',#188,.T.);
#100=FACE_OUTER_BOUND('',#189,.T.);
#101=FACE_OUTER_BOUND('',#190,.T.);
#102=FACE_OUTER_BOUND('',#191,.T.);
#103=FACE_OUTER_BOUND('',#192,.T.);
#104=FACE_OUTER_BOUND('',#193,.T.);
#105=FACE_OUTER_BOUND('',#194,.T.);
#106=FACE_OUTER_BOUND('',#195,.T.);
#107=FACE_OUTER_BOUND('',#196,.T.);
#108=FACE_OUTER_BOUND('',#197,.T.);
#109=FACE_OUTER_BOUND('',#198,.T.);
#110=FACE_OUTER_BOUND('',#199,.T.);
#111=FACE_OUTER_BOUND('',#200,.T.);
#112=FACE_OUTER_BOUND('',#201,.T.);
#113=FACE_OUTER_BOUND('',#202,.T.);
#114=FACE_OUTER_BOUND('',#203,.T.);
#115=FACE_OUTER_BOUND('',#206,.T.);
#116=FACE_OUTER_BOUND('',#207,.T.);
#117=FACE_OUTER_BOUND('',#208,.T.);
#118=FACE_OUTER_BOUND('',#209,.T.);
#119=FACE_OUTER_BOUND('',#210,.T.);
#120=FACE_OUTER_BOUND('',#211,.T.);
#121=FACE_OUTER_BOUND('',#212,.T.);
#122=FACE_OUTER_BOUND('',#213,.T.);
#123=FACE_OUTER_BOUND('',#214,.T.);
#124=FACE_OUTER_BOUND('',#215,.T.);
#125=FACE_OUTER_BOUND('',#216,.T.);
#126=FACE_OUTER_BOUND('',#217,.T.);
#127=FACE_OUTER_BOUND('',#218,.T.);
#128=FACE_OUTER_BOUND('',#219,.T.);
#129=FACE_OUTER_BOUND('',#220,.T.);
#130=FACE_OUTER_BOUND('',#221,.T.);
#131=FACE_OUTER_BOUND('',#222,.T.);
#132=FACE_OUTER_BOUND('',#223,.T.);
#133=FACE_OUTER_BOUND('',#226,.T.);
#134=FACE_OUTER_BOUND('',#227,.T.);
#135=FACE_OUTER_BOUND('',#228,.T.);
#136=FACE_OUTER_BOUND('',#229,.T.);
#137=FACE_OUTER_BOUND('',#230,.T.);
#138=FACE_OUTER_BOUND('',#231,.T.);
#139=FACE_OUTER_BOUND('',#232,.T.);
#140=FACE_OUTER_BOUND('',#233,.T.);
#141=FACE_OUTER_BOUND('',#234,.T.);
#142=FACE_OUTER_BOUND('',#235,.T.);
#143=FACE_OUTER_BOUND('',#236,.T.);
#144=FACE_OUTER_BOUND('',#237,.T.);
#145=FACE_OUTER_BOUND('',#238,.T.);
#146=FACE_OUTER_BOUND('',#239,.T.);
#147=FACE_OUTER_BOUND('',#240,.T.);
#148=FACE_OUTER_BOUND('',#241,.T.);
#149=FACE_OUTER_BOUND('',#242,.T.);
#150=FACE_OUTER_BOUND('',#243,.T.);
#151=FACE_OUTER_BOUND('',#244,.T.);
#152=FACE_OUTER_BOUND('',#245,.T.);
#153=FACE_OUTER_BOUND('',#249,.T.);
#154=FACE_OUTER_BOUND('',#250,.T.);
#155=FACE_OUTER_BOUND('',#251,.T.);
#156=FACE_OUTER_BOUND('',#252,.T.);
#157=FACE_OUTER_BOUND('',#253,.T.);
#158=FACE_OUTER_BOUND('',#254,.T.);
#159=FACE_OUTER_BOUND('',#255,.T.);
#160=FACE_OUTER_BOUND('',#256,.T.);
#161=FACE_OUTER_BOUND('',#257,.T.);
#162=FACE_OUTER_BOUND('',#258,.T.);
#163=FACE_OUTER_BOUND('',#259,.T.);
#164=FACE_OUTER_BOUND('',#260,.T.);
#165=FACE_OUTER_BOUND('',#261,.T.);
#166=FACE_OUTER_BOUND('',#262,.T.);
#167=FACE_OUTER_BOUND('',#264,.T.);
#168=FACE_OUTER_BOUND('',#265,.T.);
#169=FACE_OUTER_BOUND('',#267,.T.);
#170=FACE_OUTER_BOUND('',#268,.T.);
#171=FACE_OUTER_BOUND('',#269,.T.);
#172=FACE_OUTER_BOUND('',#270,.T.);
#173=FACE_OUTER_BOUND('',#271,.T.);
#174=FACE_OUTER_BOUND('',#272,.T.);
#175=FACE_OUTER_BOUND('',#273,.T.);
#176=FACE_OUTER_BOUND('',#274,.T.);
#177=FACE_OUTER_BOUND('',#275,.T.);
#178=FACE_OUTER_BOUND('',#276,.T.);
#179=FACE_OUTER_BOUND('',#278,.T.);
#180=FACE_OUTER_BOUND('',#280,.T.);
#181=EDGE_LOOP('',(#1242,#1243,#1244,#1245));
#182=EDGE_LOOP('',(#1246,#1247,#1248,#1249));
#183=EDGE_LOOP('',(#1250,#1251,#1252,#1253));
#184=EDGE_LOOP('',(#1254,#1255,#1256,#1257));
#185=EDGE_LOOP('',(#1258,#1259,#1260,#1261));
#186=EDGE_LOOP('',(#1262,#1263,#1264,#1265));
#187=EDGE_LOOP('',(#1266,#1267,#1268,#1269));
#188=EDGE_LOOP('',(#1270,#1271,#1272,#1273));
#189=EDGE_LOOP('',(#1274,#1275,#1276,#1277));
#190=EDGE_LOOP('',(#1278,#1279,#1280,#1281));
#191=EDGE_LOOP('',(#1282,#1283,#1284,#1285));
#192=EDGE_LOOP('',(#1286,#1287,#1288,#1289));
#193=EDGE_LOOP('',(#1290,#1291,#1292,#1293));
#194=EDGE_LOOP('',(#1294,#1295,#1296,#1297));
#195=EDGE_LOOP('',(#1298,#1299,#1300,#1301));
#196=EDGE_LOOP('',(#1302,#1303,#1304,#1305));
#197=EDGE_LOOP('',(#1306,#1307,#1308,#1309));
#198=EDGE_LOOP('',(#1310,#1311,#1312,#1313));
#199=EDGE_LOOP('',(#1314,#1315,#1316,#1317));
#200=EDGE_LOOP('',(#1318,#1319,#1320,#1321));
#201=EDGE_LOOP('',(#1322,#1323,#1324,#1325));
#202=EDGE_LOOP('',(#1326,#1327,#1328,#1329));
#203=EDGE_LOOP('',(#1330,#1331,#1332,#1333,#1334,#1335,#1336,#1337,#1338,
#1339,#1340,#1341));
#204=EDGE_LOOP('',(#1342));
#205=EDGE_LOOP('',(#1343));
#206=EDGE_LOOP('',(#1344,#1345,#1346,#1347));
#207=EDGE_LOOP('',(#1348,#1349,#1350,#1351));
#208=EDGE_LOOP('',(#1352,#1353,#1354,#1355));
#209=EDGE_LOOP('',(#1356,#1357,#1358,#1359));
#210=EDGE_LOOP('',(#1360,#1361,#1362,#1363));
#211=EDGE_LOOP('',(#1364,#1365,#1366,#1367));
#212=EDGE_LOOP('',(#1368,#1369,#1370,#1371));
#213=EDGE_LOOP('',(#1372,#1373,#1374,#1375));
#214=EDGE_LOOP('',(#1376,#1377,#1378,#1379,#1380,#1381,#1382,#1383,#1384,
#1385,#1386,#1387));
#215=EDGE_LOOP('',(#1388,#1389,#1390,#1391));
#216=EDGE_LOOP('',(#1392,#1393,#1394,#1395));
#217=EDGE_LOOP('',(#1396,#1397,#1398,#1399));
#218=EDGE_LOOP('',(#1400,#1401,#1402,#1403));
#219=EDGE_LOOP('',(#1404,#1405,#1406,#1407));
#220=EDGE_LOOP('',(#1408,#1409,#1410,#1411));
#221=EDGE_LOOP('',(#1412,#1413,#1414,#1415));
#222=EDGE_LOOP('',(#1416,#1417,#1418,#1419));
#223=EDGE_LOOP('',(#1420,#1421,#1422,#1423,#1424,#1425,#1426,#1427,#1428,
#1429,#1430,#1431));
#224=EDGE_LOOP('',(#1432));
#225=EDGE_LOOP('',(#1433));
#226=EDGE_LOOP('',(#1434,#1435,#1436,#1437));
#227=EDGE_LOOP('',(#1438,#1439,#1440,#1441));
#228=EDGE_LOOP('',(#1442,#1443,#1444,#1445));
#229=EDGE_LOOP('',(#1446,#1447,#1448,#1449));
#230=EDGE_LOOP('',(#1450,#1451,#1452,#1453));
#231=EDGE_LOOP('',(#1454,#1455,#1456,#1457));
#232=EDGE_LOOP('',(#1458,#1459,#1460,#1461));
#233=EDGE_LOOP('',(#1462,#1463,#1464,#1465));
#234=EDGE_LOOP('',(#1466,#1467,#1468,#1469,#1470,#1471,#1472,#1473,#1474,
#1475,#1476,#1477));
#235=EDGE_LOOP('',(#1478,#1479,#1480,#1481));
#236=EDGE_LOOP('',(#1482,#1483,#1484,#1485));
#237=EDGE_LOOP('',(#1486,#1487,#1488,#1489,#1490,#1491,#1492,#1493,#1494,
#1495));
#238=EDGE_LOOP('',(#1496,#1497,#1498,#1499,#1500,#1501));
#239=EDGE_LOOP('',(#1502,#1503,#1504,#1505,#1506,#1507));
#240=EDGE_LOOP('',(#1508,#1509,#1510,#1511,#1512,#1513,#1514,#1515,#1516,
#1517));
#241=EDGE_LOOP('',(#1518,#1519,#1520,#1521,#1522,#1523));
#242=EDGE_LOOP('',(#1524,#1525,#1526,#1527,#1528,#1529,#1530,#1531,#1532,
#1533,#1534,#1535,#1536));
#243=EDGE_LOOP('',(#1537,#1538,#1539,#1540,#1541,#1542,#1543,#1544));
#244=EDGE_LOOP('',(#1545,#1546,#1547,#1548,#1549,#1550));
#245=EDGE_LOOP('',(#1551,#1552,#1553,#1554,#1555,#1556,#1557,#1558,#1559));
#246=EDGE_LOOP('',(#1560,#1561,#1562,#1563));
#247=EDGE_LOOP('',(#1564,#1565,#1566,#1567));
#248=EDGE_LOOP('',(#1568,#1569,#1570,#1571));
#249=EDGE_LOOP('',(#1572,#1573,#1574,#1575));
#250=EDGE_LOOP('',(#1576,#1577,#1578,#1579));
#251=EDGE_LOOP('',(#1580,#1581,#1582,#1583));
#252=EDGE_LOOP('',(#1584,#1585,#1586,#1587));
#253=EDGE_LOOP('',(#1588,#1589,#1590,#1591));
#254=EDGE_LOOP('',(#1592,#1593,#1594,#1595));
#255=EDGE_LOOP('',(#1596,#1597,#1598,#1599));
#256=EDGE_LOOP('',(#1600,#1601,#1602,#1603));
#257=EDGE_LOOP('',(#1604,#1605,#1606,#1607,#1608,#1609,#1610,#1611,#1612,
#1613,#1614,#1615,#1616,#1617,#1618,#1619,#1620,#1621,#1622,#1623,#1624,
#1625,#1626,#1627,#1628,#1629,#1630,#1631,#1632,#1633,#1634,#1635,#1636,
#1637,#1638,#1639,#1640,#1641,#1642,#1643,#1644,#1645,#1646,#1647,#1648,
#1649,#1650,#1651,#1652,#1653,#1654,#1655,#1656,#1657,#1658,#1659,#1660,
#1661,#1662,#1663,#1664,#1665,#1666,#1667,#1668,#1669,#1670,#1671));
#258=EDGE_LOOP('',(#1672,#1673,#1674,#1675));
#259=EDGE_LOOP('',(#1676,#1677,#1678,#1679));
#260=EDGE_LOOP('',(#1680,#1681,#1682,#1683));
#261=EDGE_LOOP('',(#1684,#1685,#1686,#1687));
#262=EDGE_LOOP('',(#1688,#1689,#1690,#1691));
#263=EDGE_LOOP('',(#1692));
#264=EDGE_LOOP('',(#1693,#1694,#1695,#1696));
#265=EDGE_LOOP('',(#1697,#1698,#1699,#1700));
#266=EDGE_LOOP('',(#1701));
#267=EDGE_LOOP('',(#1702,#1703,#1704,#1705));
#268=EDGE_LOOP('',(#1706,#1707,#1708,#1709,#1710,#1711));
#269=EDGE_LOOP('',(#1712,#1713,#1714,#1715,#1716,#1717));
#270=EDGE_LOOP('',(#1718,#1719,#1720,#1721));
#271=EDGE_LOOP('',(#1722,#1723,#1724,#1725));
#272=EDGE_LOOP('',(#1726,#1727,#1728,#1729,#1730,#1731));
#273=EDGE_LOOP('',(#1732,#1733,#1734,#1735));
#274=EDGE_LOOP('',(#1736,#1737,#1738,#1739,#1740,#1741));
#275=EDGE_LOOP('',(#1742,#1743,#1744,#1745));
#276=EDGE_LOOP('',(#1746,#1747,#1748,#1749));
#277=EDGE_LOOP('',(#1750));
#278=EDGE_LOOP('',(#1751,#1752,#1753,#1754));
#279=EDGE_LOOP('',(#1755));
#280=EDGE_LOOP('',(#1756,#1757,#1758,#1759));
#281=EDGE_LOOP('',(#1760,#1761,#1762,#1763,#1764,#1765,#1766,#1767));
#282=EDGE_LOOP('',(#1768,#1769,#1770,#1771,#1772,#1773,#1774,#1775));
#283=EDGE_LOOP('',(#1776,#1777,#1778,#1779,#1780,#1781,#1782,#1783));
#284=EDGE_LOOP('',(#1784,#1785,#1786,#1787,#1788,#1789,#1790,#1791));
#285=EDGE_LOOP('',(#1792,#1793,#1794,#1795,#1796,#1797,#1798,#1799));
#286=EDGE_LOOP('',(#1800,#1801,#1802,#1803,#1804,#1805,#1806,#1807));
#287=EDGE_LOOP('',(#1808,#1809,#1810,#1811,#1812,#1813,#1814,#1815));
#288=EDGE_LOOP('',(#1816));
#289=EDGE_LOOP('',(#1817));
#290=EDGE_LOOP('',(#1818,#1819,#1820,#1821,#1822,#1823,#1824,#1825));
#291=LINE('',#2724,#477);
#292=LINE('',#2727,#478);
#293=LINE('',#2730,#479);
#294=LINE('',#2732,#480);
#295=LINE('',#2733,#481);
#296=LINE('',#2739,#482);
#297=LINE('',#2742,#483);
#298=LINE('',#2745,#484);
#299=LINE('',#2747,#485);
#300=LINE('',#2748,#486);
#301=LINE('',#2754,#487);
#302=LINE('',#2757,#488);
#303=LINE('',#2760,#489);
#304=LINE('',#2762,#490);
#305=LINE('',#2763,#491);
#306=LINE('',#2769,#492);
#307=LINE('',#2772,#493);
#308=LINE('',#2775,#494);
#309=LINE('',#2777,#495);
#310=LINE('',#2778,#496);
#311=LINE('',#2784,#497);
#312=LINE('',#2787,#498);
#313=LINE('',#2790,#499);
#314=LINE('',#2792,#500);
#315=LINE('',#2793,#501);
#316=LINE('',#2799,#502);
#317=LINE('',#2802,#503);
#318=LINE('',#2805,#504);
#319=LINE('',#2807,#505);
#320=LINE('',#2808,#506);
#321=LINE('',#2814,#507);
#322=LINE('',#2817,#508);
#323=LINE('',#2820,#509);
#324=LINE('',#2822,#510);
#325=LINE('',#2823,#511);
#326=LINE('',#2829,#512);
#327=LINE('',#2832,#513);
#328=LINE('',#2835,#514);
#329=LINE('',#2837,#515);
#330=LINE('',#2838,#516);
#331=LINE('',#2844,#517);
#332=LINE('',#2847,#518);
#333=LINE('',#2849,#519);
#334=LINE('',#2850,#520);
#335=LINE('',#2855,#521);
#336=LINE('',#2859,#522);
#337=LINE('',#2861,#523);
#338=LINE('',#2862,#524);
#339=LINE('',#2868,#525);
#340=LINE('',#2874,#526);
#341=LINE('',#2877,#527);
#342=LINE('',#2879,#528);
#343=LINE('',#2881,#529);
#344=LINE('',#2883,#530);
#345=LINE('',#2885,#531);
#346=LINE('',#2887,#532);
#347=LINE('',#2889,#533);
#348=LINE('',#2891,#534);
#349=LINE('',#2893,#535);
#350=LINE('',#2895,#536);
#351=LINE('',#2896,#537);
#352=LINE('',#2909,#538);
#353=LINE('',#2915,#539);
#354=LINE('',#2918,#540);
#355=LINE('',#2920,#541);
#356=LINE('',#2921,#542);
#357=LINE('',#2926,#543);
#358=LINE('',#2930,#544);
#359=LINE('',#2932,#545);
#360=LINE('',#2933,#546);
#361=LINE('',#2939,#547);
#362=LINE('',#2945,#548);
#363=LINE('',#2948,#549);
#364=LINE('',#2950,#550);
#365=LINE('',#2952,#551);
#366=LINE('',#2954,#552);
#367=LINE('',#2956,#553);
#368=LINE('',#2958,#554);
#369=LINE('',#2960,#555);
#370=LINE('',#2962,#556);
#371=LINE('',#2963,#557);
#372=LINE('',#2964,#558);
#373=LINE('',#2973,#559);
#374=LINE('',#2979,#560);
#375=LINE('',#2982,#561);
#376=LINE('',#2984,#562);
#377=LINE('',#2985,#563);
#378=LINE('',#2990,#564);
#379=LINE('',#2994,#565);
#380=LINE('',#2996,#566);
#381=LINE('',#2997,#567);
#382=LINE('',#3003,#568);
#383=LINE('',#3009,#569);
#384=LINE('',#3012,#570);
#385=LINE('',#3014,#571);
#386=LINE('',#3016,#572);
#387=LINE('',#3018,#573);
#388=LINE('',#3020,#574);
#389=LINE('',#3022,#575);
#390=LINE('',#3024,#576);
#391=LINE('',#3026,#577);
#392=LINE('',#3027,#578);
#393=LINE('',#3028,#579);
#394=LINE('',#3041,#580);
#395=LINE('',#3047,#581);
#396=LINE('',#3050,#582);
#397=LINE('',#3052,#583);
#398=LINE('',#3053,#584);
#399=LINE('',#3058,#585);
#400=LINE('',#3062,#586);
#401=LINE('',#3064,#587);
#402=LINE('',#3065,#588);
#403=LINE('',#3071,#589);
#404=LINE('',#3077,#590);
#405=LINE('',#3080,#591);
#406=LINE('',#3082,#592);
#407=LINE('',#3084,#593);
#408=LINE('',#3086,#594);
#409=LINE('',#3088,#595);
#410=LINE('',#3090,#596);
#411=LINE('',#3091,#597);
#412=LINE('',#3092,#598);
#413=LINE('',#3093,#599);
#414=LINE('',#3102,#600);
#415=LINE('',#3114,#601);
#416=LINE('',#3127,#602);
#417=LINE('',#3140,#603);
#418=LINE('',#3153,#604);
#419=LINE('',#3165,#605);
#420=LINE('',#3170,#606);
#421=LINE('',#3184,#607);
#422=LINE('',#3188,#608);
#423=LINE('',#3196,#609);
#424=LINE('',#3198,#610);
#425=LINE('',#3211,#611);
#426=LINE('',#3213,#612);
#427=LINE('',#3229,#613);
#428=LINE('',#3245,#614);
#429=LINE('',#3255,#615);
#430=LINE('',#3258,#616);
#431=LINE('',#3265,#617);
#432=LINE('',#3268,#618);
#433=LINE('',#3274,#619);
#434=LINE('',#3276,#620);
#435=LINE('',#3278,#621);
#436=LINE('',#3279,#622);
#437=LINE('',#3282,#623);
#438=LINE('',#3284,#624);
#439=LINE('',#3286,#625);
#440=LINE('',#3287,#626);
#441=LINE('',#3289,#627);
#442=LINE('',#3290,#628);
#443=LINE('',#3292,#629);
#444=LINE('',#3293,#630);
#445=LINE('',#3295,#631);
#446=LINE('',#3296,#632);
#447=LINE('',#3298,#633);
#448=LINE('',#3299,#634);
#449=LINE('',#3301,#635);
#450=LINE('',#3302,#636);
#451=LINE('',#3304,#637);
#452=LINE('',#3305,#638);
#453=LINE('',#3307,#639);
#454=LINE('',#3308,#640);
#455=LINE('',#3310,#641);
#456=LINE('',#3311,#642);
#457=LINE('',#3318,#643);
#458=LINE('',#3321,#644);
#459=LINE('',#3327,#645);
#460=LINE('',#3330,#646);
#461=LINE('',#3332,#647);
#462=LINE('',#3333,#648);
#463=LINE('',#3335,#649);
#464=LINE('',#3336,#650);
#465=LINE('',#3341,#651);
#466=LINE('',#3342,#652);
#467=LINE('',#3344,#653);
#468=LINE('',#3348,#654);
#469=LINE('',#3350,#655);
#470=LINE('',#3352,#656);
#471=LINE('',#3356,#657);
#472=LINE('',#3359,#658);
#473=LINE('',#3362,#659);
#474=LINE('',#3367,#660);
#475=LINE('',#3370,#661);
#476=LINE('',#3374,#662);
#477=VECTOR('',#2172,10.);
#478=VECTOR('',#2175,10.);
#479=VECTOR('',#2178,10.);
#480=VECTOR('',#2179,10.);
#481=VECTOR('',#2180,10.);
#482=VECTOR('',#2185,10.);
#483=VECTOR('',#2188,10.);
#484=VECTOR('',#2191,10.);
#485=VECTOR('',#2192,10.);
#486=VECTOR('',#2193,10.);
#487=VECTOR('',#2198,10.);
#488=VECTOR('',#2201,10.);
#489=VECTOR('',#2204,10.);
#490=VECTOR('',#2205,10.);
#491=VECTOR('',#2206,10.);
#492=VECTOR('',#2211,10.);
#493=VECTOR('',#2214,10.);
#494=VECTOR('',#2217,10.);
#495=VECTOR('',#2218,10.);
#496=VECTOR('',#2219,10.);
#497=VECTOR('',#2224,10.);
#498=VECTOR('',#2227,10.);
#499=VECTOR('',#2230,10.);
#500=VECTOR('',#2231,10.);
#501=VECTOR('',#2232,10.);
#502=VECTOR('',#2237,10.);
#503=VECTOR('',#2240,10.);
#504=VECTOR('',#2243,10.);
#505=VECTOR('',#2244,10.);
#506=VECTOR('',#2245,10.);
#507=VECTOR('',#2250,10.);
#508=VECTOR('',#2253,10.);
#509=VECTOR('',#2256,10.);
#510=VECTOR('',#2257,10.);
#511=VECTOR('',#2258,10.);
#512=VECTOR('',#2263,10.);
#513=VECTOR('',#2266,10.);
#514=VECTOR('',#2269,10.);
#515=VECTOR('',#2270,10.);
#516=VECTOR('',#2271,10.);
#517=VECTOR('',#2276,10.);
#518=VECTOR('',#2279,10.);
#519=VECTOR('',#2282,10.);
#520=VECTOR('',#2283,10.);
#521=VECTOR('',#2288,10.);
#522=VECTOR('',#2293,10.);
#523=VECTOR('',#2294,10.);
#524=VECTOR('',#2295,10.);
#525=VECTOR('',#2302,10.);
#526=VECTOR('',#2307,10.);
#527=VECTOR('',#2310,10.);
#528=VECTOR('',#2313,10.);
#529=VECTOR('',#2314,10.);
#530=VECTOR('',#2315,10.);
#531=VECTOR('',#2316,10.);
#532=VECTOR('',#2317,10.);
#533=VECTOR('',#2318,10.);
#534=VECTOR('',#2319,10.);
#535=VECTOR('',#2320,10.);
#536=VECTOR('',#2321,10.);
#537=VECTOR('',#2322,10.);
#538=VECTOR('',#2339,10.);
#539=VECTOR('',#2344,10.);
#540=VECTOR('',#2347,10.);
#541=VECTOR('',#2350,10.);
#542=VECTOR('',#2351,10.);
#543=VECTOR('',#2356,10.);
#544=VECTOR('',#2361,10.);
#545=VECTOR('',#2362,10.);
#546=VECTOR('',#2363,10.);
#547=VECTOR('',#2370,10.);
#548=VECTOR('',#2375,10.);
#549=VECTOR('',#2378,10.);
#550=VECTOR('',#2381,10.);
#551=VECTOR('',#2382,10.);
#552=VECTOR('',#2383,10.);
#553=VECTOR('',#2384,10.);
#554=VECTOR('',#2385,10.);
#555=VECTOR('',#2386,10.);
#556=VECTOR('',#2387,10.);
#557=VECTOR('',#2388,10.);
#558=VECTOR('',#2389,10.);
#559=VECTOR('',#2402,10.);
#560=VECTOR('',#2407,10.);
#561=VECTOR('',#2410,10.);
#562=VECTOR('',#2413,10.);
#563=VECTOR('',#2414,10.);
#564=VECTOR('',#2419,10.);
#565=VECTOR('',#2424,10.);
#566=VECTOR('',#2425,10.);
#567=VECTOR('',#2426,10.);
#568=VECTOR('',#2433,10.);
#569=VECTOR('',#2438,10.);
#570=VECTOR('',#2441,10.);
#571=VECTOR('',#2444,10.);
#572=VECTOR('',#2445,10.);
#573=VECTOR('',#2446,10.);
#574=VECTOR('',#2447,10.);
#575=VECTOR('',#2448,10.);
#576=VECTOR('',#2449,10.);
#577=VECTOR('',#2450,10.);
#578=VECTOR('',#2451,10.);
#579=VECTOR('',#2452,10.);
#580=VECTOR('',#2469,10.);
#581=VECTOR('',#2474,10.);
#582=VECTOR('',#2477,10.);
#583=VECTOR('',#2480,10.);
#584=VECTOR('',#2481,10.);
#585=VECTOR('',#2486,10.);
#586=VECTOR('',#2491,10.);
#587=VECTOR('',#2492,10.);
#588=VECTOR('',#2493,10.);
#589=VECTOR('',#2500,10.);
#590=VECTOR('',#2505,10.);
#591=VECTOR('',#2508,10.);
#592=VECTOR('',#2511,10.);
#593=VECTOR('',#2512,10.);
#594=VECTOR('',#2513,10.);
#595=VECTOR('',#2514,10.);
#596=VECTOR('',#2515,10.);
#597=VECTOR('',#2516,10.);
#598=VECTOR('',#2517,10.);
#599=VECTOR('',#2518,10.);
#600=VECTOR('',#2531,10.);
#601=VECTOR('',#2534,10.);
#602=VECTOR('',#2535,10.);
#603=VECTOR('',#2536,10.);
#604=VECTOR('',#2537,10.);
#605=VECTOR('',#2538,10.);
#606=VECTOR('',#2543,10.);
#607=VECTOR('',#2546,10.);
#608=VECTOR('',#2551,0.7835);
#609=VECTOR('',#2562,10.);
#610=VECTOR('',#2565,0.7835);
#611=VECTOR('',#2568,10.);
#612=VECTOR('',#2569,10.);
#613=VECTOR('',#2570,10.);
#614=VECTOR('',#2571,10.);
#615=VECTOR('',#2572,10.);
#616=VECTOR('',#2575,10.);
#617=VECTOR('',#2586,1.);
#618=VECTOR('',#2591,10.);
#619=VECTOR('',#2596,10.);
#620=VECTOR('',#2597,10.);
#621=VECTOR('',#2598,10.);
#622=VECTOR('',#2599,10.);
#623=VECTOR('',#2600,10.);
#624=VECTOR('',#2601,10.);
#625=VECTOR('',#2602,10.);
#626=VECTOR('',#2603,10.);
#627=VECTOR('',#2606,10.);
#628=VECTOR('',#2607,10.);
#629=VECTOR('',#2610,10.);
#630=VECTOR('',#2611,10.);
#631=VECTOR('',#2614,10.);
#632=VECTOR('',#2615,10.);
#633=VECTOR('',#2618,10.);
#634=VECTOR('',#2619,10.);
#635=VECTOR('',#2622,10.);
#636=VECTOR('',#2623,10.);
#637=VECTOR('',#2626,10.);
#638=VECTOR('',#2627,10.);
#639=VECTOR('',#2630,10.);
#640=VECTOR('',#2631,10.);
#641=VECTOR('',#2634,10.);
#642=VECTOR('',#2635,10.);
#643=VECTOR('',#2642,10.);
#644=VECTOR('',#2645,10.);
#645=VECTOR('',#2650,10.);
#646=VECTOR('',#2653,10.);
#647=VECTOR('',#2656,10.);
#648=VECTOR('',#2657,10.);
#649=VECTOR('',#2660,10.);
#650=VECTOR('',#2661,10.);
#651=VECTOR('',#2668,10.);
#652=VECTOR('',#2669,10.);
#653=VECTOR('',#2672,10.);
#654=VECTOR('',#2677,10.);
#655=VECTOR('',#2680,0.7835);
#656=VECTOR('',#2683,0.7835);
#657=VECTOR('',#2688,1.25);
#658=VECTOR('',#2691,1.25);
#659=VECTOR('',#2696,10.);
#660=VECTOR('',#2701,1.25);
#661=VECTOR('',#2706,1.);
#662=VECTOR('',#2711,1.25);
#663=CIRCLE('',#1985,0.7);
#664=CIRCLE('',#1986,0.7);
#665=CIRCLE('',#1989,0.7);
#666=CIRCLE('',#1990,0.7);
#667=CIRCLE('',#1993,0.7);
#668=CIRCLE('',#1994,0.7);
#669=CIRCLE('',#1997,0.7);
#670=CIRCLE('',#1998,0.7);
#671=CIRCLE('',#2001,0.7);
#672=CIRCLE('',#2002,0.7);
#673=CIRCLE('',#2005,0.7);
#674=CIRCLE('',#2006,0.7);
#675=CIRCLE('',#2009,0.7);
#676=CIRCLE('',#2010,0.7);
#677=CIRCLE('',#2013,0.7);
#678=CIRCLE('',#2014,0.7);
#679=CIRCLE('',#2017,1.5);
#680=CIRCLE('',#2018,1.5);
#681=CIRCLE('',#2021,1.5);
#682=CIRCLE('',#2022,1.5);
#683=CIRCLE('',#2025,1.5);
#684=CIRCLE('',#2026,1.5);
#685=CIRCLE('',#2028,1.5);
#686=CIRCLE('',#2029,1.5);
#687=CIRCLE('',#2031,0.7835);
#688=CIRCLE('',#2032,0.7835);
#689=CIRCLE('',#2034,1.5);
#690=CIRCLE('',#2035,1.5);
#691=CIRCLE('',#2037,1.5);
#692=CIRCLE('',#2038,1.5);
#693=CIRCLE('',#2040,1.5);
#694=CIRCLE('',#2041,1.5);
#695=CIRCLE('',#2044,1.5);
#696=CIRCLE('',#2045,1.5);
#697=CIRCLE('',#2048,1.5);
#698=CIRCLE('',#2049,1.5);
#699=CIRCLE('',#2051,1.5);
#700=CIRCLE('',#2052,1.5);
#701=CIRCLE('',#2055,1.5);
#702=CIRCLE('',#2056,1.5);
#703=CIRCLE('',#2058,1.5);
#704=CIRCLE('',#2059,1.5);
#705=CIRCLE('',#2061,1.5);
#706=CIRCLE('',#2062,1.5);
#707=CIRCLE('',#2065,1.5);
#708=CIRCLE('',#2066,1.5);
#709=CIRCLE('',#2069,1.5);
#710=CIRCLE('',#2070,1.5);
#711=CIRCLE('',#2072,1.5);
#712=CIRCLE('',#2073,1.5);
#713=CIRCLE('',#2075,0.7835);
#714=CIRCLE('',#2076,0.7835);
#715=CIRCLE('',#2078,1.5);
#716=CIRCLE('',#2079,1.5);
#717=CIRCLE('',#2081,1.5);
#718=CIRCLE('',#2082,1.5);
#719=CIRCLE('',#2084,1.5);
#720=CIRCLE('',#2085,1.5);
#721=CIRCLE('',#2088,1.5);
#722=CIRCLE('',#2089,1.5);
#723=CIRCLE('',#2092,1.5);
#724=CIRCLE('',#2093,1.5);
#725=CIRCLE('',#2095,1.5);
#726=CIRCLE('',#2096,1.5);
#727=CIRCLE('',#2099,1.5);
#728=CIRCLE('',#2100,1.5);
#729=CIRCLE('',#2102,1.5);
#730=CIRCLE('',#2103,1.5);
#731=CIRCLE('',#2106,2.);
#732=CIRCLE('',#2107,2.);
#733=CIRCLE('',#2109,0.7835);
#734=CIRCLE('',#2110,0.7835);
#735=CIRCLE('',#2112,0.7835);
#736=CIRCLE('',#2113,0.7835);
#737=CIRCLE('',#2114,2.);
#738=CIRCLE('',#2118,2.);
#739=CIRCLE('',#2119,0.7835);
#740=CIRCLE('',#2120,0.7835);
#741=CIRCLE('',#2122,1.);
#742=CIRCLE('',#2123,1.);
#743=CIRCLE('',#2125,1.);
#744=CIRCLE('',#2126,1.);
#745=CIRCLE('',#2137,2.5);
#746=CIRCLE('',#2138,2.5);
#747=CIRCLE('',#2140,2.5);
#748=CIRCLE('',#2141,2.5);
#749=CIRCLE('',#2145,1.25);
#750=CIRCLE('',#2148,1.25);
#751=CIRCLE('',#2153,1.25);
#752=CIRCLE('',#2155,1.25);
#753=CIRCLE('',#2158,1.5);
#754=CIRCLE('',#2159,1.);
#755=CIRCLE('',#2162,1.5);
#756=VERTEX_POINT('',#2720);
#757=VERTEX_POINT('',#2721);
#758=VERTEX_POINT('',#2723);
#759=VERTEX_POINT('',#2725);
#760=VERTEX_POINT('',#2729);
#761=VERTEX_POINT('',#2731);
#762=VERTEX_POINT('',#2735);
#763=VERTEX_POINT('',#2736);
#764=VERTEX_POINT('',#2738);
#765=VERTEX_POINT('',#2740);
#766=VERTEX_POINT('',#2744);
#767=VERTEX_POINT('',#2746);
#768=VERTEX_POINT('',#2750);
#769=VERTEX_POINT('',#2751);
#770=VERTEX_POINT('',#2753);
#771=VERTEX_POINT('',#2755);
#772=VERTEX_POINT('',#2759);
#773=VERTEX_POINT('',#2761);
#774=VERTEX_POINT('',#2765);
#775=VERTEX_POINT('',#2766);
#776=VERTEX_POINT('',#2768);
#777=VERTEX_POINT('',#2770);
#778=VERTEX_POINT('',#2774);
#779=VERTEX_POINT('',#2776);
#780=VERTEX_POINT('',#2780);
#781=VERTEX_POINT('',#2781);
#782=VERTEX_POINT('',#2783);
#783=VERTEX_POINT('',#2785);
#784=VERTEX_POINT('',#2789);
#785=VERTEX_POINT('',#2791);
#786=VERTEX_POINT('',#2795);
#787=VERTEX_POINT('',#2796);
#788=VERTEX_POINT('',#2798);
#789=VERTEX_POINT('',#2800);
#790=VERTEX_POINT('',#2804);
#791=VERTEX_POINT('',#2806);
#792=VERTEX_POINT('',#2810);
#793=VERTEX_POINT('',#2811);
#794=VERTEX_POINT('',#2813);
#795=VERTEX_POINT('',#2815);
#796=VERTEX_POINT('',#2819);
#797=VERTEX_POINT('',#2821);
#798=VERTEX_POINT('',#2825);
#799=VERTEX_POINT('',#2826);
#800=VERTEX_POINT('',#2828);
#801=VERTEX_POINT('',#2830);
#802=VERTEX_POINT('',#2834);
#803=VERTEX_POINT('',#2836);
#804=VERTEX_POINT('',#2840);
#805=VERTEX_POINT('',#2841);
#806=VERTEX_POINT('',#2843);
#807=VERTEX_POINT('',#2845);
#808=VERTEX_POINT('',#2852);
#809=VERTEX_POINT('',#2854);
#810=VERTEX_POINT('',#2858);
#811=VERTEX_POINT('',#2860);
#812=VERTEX_POINT('',#2864);
#813=VERTEX_POINT('',#2866);
#814=VERTEX_POINT('',#2870);
#815=VERTEX_POINT('',#2871);
#816=VERTEX_POINT('',#2873);
#817=VERTEX_POINT('',#2875);
#818=VERTEX_POINT('',#2880);
#819=VERTEX_POINT('',#2882);
#820=VERTEX_POINT('',#2884);
#821=VERTEX_POINT('',#2886);
#822=VERTEX_POINT('',#2888);
#823=VERTEX_POINT('',#2890);
#824=VERTEX_POINT('',#2892);
#825=VERTEX_POINT('',#2894);
#826=VERTEX_POINT('',#2897);
#827=VERTEX_POINT('',#2899);
#828=VERTEX_POINT('',#2905);
#829=VERTEX_POINT('',#2907);
#830=VERTEX_POINT('',#2911);
#831=VERTEX_POINT('',#2912);
#832=VERTEX_POINT('',#2914);
#833=VERTEX_POINT('',#2916);
#834=VERTEX_POINT('',#2923);
#835=VERTEX_POINT('',#2925);
#836=VERTEX_POINT('',#2929);
#837=VERTEX_POINT('',#2931);
#838=VERTEX_POINT('',#2935);
#839=VERTEX_POINT('',#2937);
#840=VERTEX_POINT('',#2941);
#841=VERTEX_POINT('',#2942);
#842=VERTEX_POINT('',#2944);
#843=VERTEX_POINT('',#2946);
#844=VERTEX_POINT('',#2951);
#845=VERTEX_POINT('',#2953);
#846=VERTEX_POINT('',#2955);
#847=VERTEX_POINT('',#2957);
#848=VERTEX_POINT('',#2959);
#849=VERTEX_POINT('',#2961);
#850=VERTEX_POINT('',#2969);
#851=VERTEX_POINT('',#2971);
#852=VERTEX_POINT('',#2975);
#853=VERTEX_POINT('',#2976);
#854=VERTEX_POINT('',#2978);
#855=VERTEX_POINT('',#2980);
#856=VERTEX_POINT('',#2987);
#857=VERTEX_POINT('',#2989);
#858=VERTEX_POINT('',#2993);
#859=VERTEX_POINT('',#2995);
#860=VERTEX_POINT('',#2999);
#861=VERTEX_POINT('',#3001);
#862=VERTEX_POINT('',#3005);
#863=VERTEX_POINT('',#3006);
#864=VERTEX_POINT('',#3008);
#865=VERTEX_POINT('',#3010);
#866=VERTEX_POINT('',#3015);
#867=VERTEX_POINT('',#3017);
#868=VERTEX_POINT('',#3019);
#869=VERTEX_POINT('',#3021);
#870=VERTEX_POINT('',#3023);
#871=VERTEX_POINT('',#3025);
#872=VERTEX_POINT('',#3029);
#873=VERTEX_POINT('',#3031);
#874=VERTEX_POINT('',#3037);
#875=VERTEX_POINT('',#3039);
#876=VERTEX_POINT('',#3043);
#877=VERTEX_POINT('',#3044);
#878=VERTEX_POINT('',#3046);
#879=VERTEX_POINT('',#3048);
#880=VERTEX_POINT('',#3055);
#881=VERTEX_POINT('',#3057);
#882=VERTEX_POINT('',#3061);
#883=VERTEX_POINT('',#3063);
#884=VERTEX_POINT('',#3067);
#885=VERTEX_POINT('',#3069);
#886=VERTEX_POINT('',#3073);
#887=VERTEX_POINT('',#3074);
#888=VERTEX_POINT('',#3076);
#889=VERTEX_POINT('',#3078);
#890=VERTEX_POINT('',#3083);
#891=VERTEX_POINT('',#3085);
#892=VERTEX_POINT('',#3087);
#893=VERTEX_POINT('',#3089);
#894=VERTEX_POINT('',#3098);
#895=VERTEX_POINT('',#3100);
#896=VERTEX_POINT('',#3104);
#897=VERTEX_POINT('',#3105);
#898=VERTEX_POINT('',#3113);
#899=VERTEX_POINT('',#3115);
#900=VERTEX_POINT('',#3126);
#901=VERTEX_POINT('',#3128);
#902=VERTEX_POINT('',#3139);
#903=VERTEX_POINT('',#3141);
#904=VERTEX_POINT('',#3152);
#905=VERTEX_POINT('',#3154);
#906=VERTEX_POINT('',#3167);
#907=VERTEX_POINT('',#3169);
#908=VERTEX_POINT('',#3171);
#909=VERTEX_POINT('',#3173);
#910=VERTEX_POINT('',#3186);
#911=VERTEX_POINT('',#3191);
#912=VERTEX_POINT('',#3194);
#913=VERTEX_POINT('',#3200);
#914=VERTEX_POINT('',#3201);
#915=VERTEX_POINT('',#3206);
#916=VERTEX_POINT('',#3212);
#917=VERTEX_POINT('',#3214);
#918=VERTEX_POINT('',#3221);
#919=VERTEX_POINT('',#3228);
#920=VERTEX_POINT('',#3230);
#921=VERTEX_POINT('',#3237);
#922=VERTEX_POINT('',#3244);
#923=VERTEX_POINT('',#3246);
#924=VERTEX_POINT('',#3257);
#925=VERTEX_POINT('',#3263);
#926=VERTEX_POINT('',#3269);
#927=VERTEX_POINT('',#3272);
#928=VERTEX_POINT('',#3273);
#929=VERTEX_POINT('',#3275);
#930=VERTEX_POINT('',#3277);
#931=VERTEX_POINT('',#3280);
#932=VERTEX_POINT('',#3281);
#933=VERTEX_POINT('',#3283);
#934=VERTEX_POINT('',#3285);
#935=VERTEX_POINT('',#3314);
#936=VERTEX_POINT('',#3315);
#937=VERTEX_POINT('',#3317);
#938=VERTEX_POINT('',#3319);
#939=VERTEX_POINT('',#3323);
#940=VERTEX_POINT('',#3324);
#941=VERTEX_POINT('',#3326);
#942=VERTEX_POINT('',#3328);
#943=VERTEX_POINT('',#3338);
#944=VERTEX_POINT('',#3345);
#945=VERTEX_POINT('',#3354);
#946=VERTEX_POINT('',#3358);
#947=VERTEX_POINT('',#3364);
#948=VERTEX_POINT('',#3366);
#949=VERTEX_POINT('',#3372);
#950=EDGE_CURVE('',#756,#757,#663,.T.);
#951=EDGE_CURVE('',#757,#758,#291,.T.);
#952=EDGE_CURVE('',#758,#759,#664,.T.);
#953=EDGE_CURVE('',#759,#756,#292,.T.);
#954=EDGE_CURVE('',#760,#757,#293,.T.);
#955=EDGE_CURVE('',#761,#760,#294,.T.);
#956=EDGE_CURVE('',#758,#761,#295,.T.);
#957=EDGE_CURVE('',#762,#763,#665,.T.);
#958=EDGE_CURVE('',#763,#764,#296,.T.);
#959=EDGE_CURVE('',#764,#765,#666,.T.);
#960=EDGE_CURVE('',#765,#762,#297,.T.);
#961=EDGE_CURVE('',#766,#763,#298,.T.);
#962=EDGE_CURVE('',#767,#766,#299,.T.);
#963=EDGE_CURVE('',#764,#767,#300,.T.);
#964=EDGE_CURVE('',#768,#769,#667,.T.);
#965=EDGE_CURVE('',#769,#770,#301,.T.);
#966=EDGE_CURVE('',#770,#771,#668,.T.);
#967=EDGE_CURVE('',#771,#768,#302,.T.);
#968=EDGE_CURVE('',#772,#769,#303,.T.);
#969=EDGE_CURVE('',#773,#772,#304,.T.);
#970=EDGE_CURVE('',#770,#773,#305,.T.);
#971=EDGE_CURVE('',#774,#775,#669,.T.);
#972=EDGE_CURVE('',#775,#776,#306,.T.);
#973=EDGE_CURVE('',#776,#777,#670,.T.);
#974=EDGE_CURVE('',#777,#774,#307,.T.);
#975=EDGE_CURVE('',#778,#775,#308,.T.);
#976=EDGE_CURVE('',#779,#778,#309,.T.);
#977=EDGE_CURVE('',#776,#779,#310,.T.);
#978=EDGE_CURVE('',#780,#781,#671,.T.);
#979=EDGE_CURVE('',#781,#782,#311,.T.);
#980=EDGE_CURVE('',#782,#783,#672,.T.);
#981=EDGE_CURVE('',#783,#780,#312,.T.);
#982=EDGE_CURVE('',#784,#781,#313,.T.);
#983=EDGE_CURVE('',#785,#784,#314,.T.);
#984=EDGE_CURVE('',#782,#785,#315,.T.);
#985=EDGE_CURVE('',#786,#787,#673,.T.);
#986=EDGE_CURVE('',#787,#788,#316,.T.);
#987=EDGE_CURVE('',#788,#789,#674,.T.);
#988=EDGE_CURVE('',#789,#786,#317,.T.);
#989=EDGE_CURVE('',#790,#787,#318,.T.);
#990=EDGE_CURVE('',#791,#790,#319,.T.);
#991=EDGE_CURVE('',#788,#791,#320,.T.);
#992=EDGE_CURVE('',#792,#793,#675,.T.);
#993=EDGE_CURVE('',#793,#794,#321,.T.);
#994=EDGE_CURVE('',#794,#795,#676,.T.);
#995=EDGE_CURVE('',#795,#792,#322,.T.);
#996=EDGE_CURVE('',#796,#793,#323,.T.);
#997=EDGE_CURVE('',#797,#796,#324,.T.);
#998=EDGE_CURVE('',#794,#797,#325,.T.);
#999=EDGE_CURVE('',#798,#799,#677,.T.);
#1000=EDGE_CURVE('',#799,#800,#326,.T.);
#1001=EDGE_CURVE('',#800,#801,#678,.T.);
#1002=EDGE_CURVE('',#801,#798,#327,.T.);
#1003=EDGE_CURVE('',#802,#799,#328,.T.);
#1004=EDGE_CURVE('',#803,#802,#329,.T.);
#1005=EDGE_CURVE('',#800,#803,#330,.T.);
#1006=EDGE_CURVE('',#804,#805,#679,.T.);
#1007=EDGE_CURVE('',#805,#806,#331,.T.);
#1008=EDGE_CURVE('',#806,#807,#680,.T.);
#1009=EDGE_CURVE('',#807,#804,#332,.T.);
#1010=EDGE_CURVE('',#806,#759,#333,.T.);
#1011=EDGE_CURVE('',#756,#805,#334,.T.);
#1012=EDGE_CURVE('',#802,#808,#681,.T.);
#1013=EDGE_CURVE('',#808,#809,#335,.T.);
#1014=EDGE_CURVE('',#809,#803,#682,.T.);
#1015=EDGE_CURVE('',#810,#808,#336,.T.);
#1016=EDGE_CURVE('',#811,#810,#337,.T.);
#1017=EDGE_CURVE('',#809,#811,#338,.T.);
#1018=EDGE_CURVE('',#812,#811,#683,.T.);
#1019=EDGE_CURVE('',#810,#813,#684,.T.);
#1020=EDGE_CURVE('',#813,#812,#339,.T.);
#1021=EDGE_CURVE('',#814,#815,#685,.T.);
#1022=EDGE_CURVE('',#815,#816,#340,.T.);
#1023=EDGE_CURVE('',#816,#817,#686,.T.);
#1024=EDGE_CURVE('',#817,#814,#341,.T.);
#1025=EDGE_CURVE('',#816,#813,#342,.T.);
#1026=EDGE_CURVE('',#815,#818,#343,.T.);
#1027=EDGE_CURVE('',#819,#818,#344,.T.);
#1028=EDGE_CURVE('',#820,#819,#345,.T.);
#1029=EDGE_CURVE('',#821,#820,#346,.T.);
#1030=EDGE_CURVE('',#821,#822,#347,.T.);
#1031=EDGE_CURVE('',#822,#823,#348,.T.);
#1032=EDGE_CURVE('',#824,#823,#349,.T.);
#1033=EDGE_CURVE('',#825,#824,#350,.T.);
#1034=EDGE_CURVE('',#825,#812,#351,.T.);
#1035=EDGE_CURVE('',#826,#826,#687,.T.);
#1036=EDGE_CURVE('',#827,#827,#688,.T.);
#1037=EDGE_CURVE('',#818,#797,#689,.T.);
#1038=EDGE_CURVE('',#796,#819,#690,.T.);
#1039=EDGE_CURVE('',#828,#821,#691,.T.);
#1040=EDGE_CURVE('',#820,#829,#692,.T.);
#1041=EDGE_CURVE('',#829,#828,#352,.T.);
#1042=EDGE_CURVE('',#830,#831,#693,.T.);
#1043=EDGE_CURVE('',#831,#832,#353,.T.);
#1044=EDGE_CURVE('',#832,#833,#694,.T.);
#1045=EDGE_CURVE('',#833,#830,#354,.T.);
#1046=EDGE_CURVE('',#832,#795,#355,.T.);
#1047=EDGE_CURVE('',#792,#831,#356,.T.);
#1048=EDGE_CURVE('',#790,#834,#695,.T.);
#1049=EDGE_CURVE('',#834,#835,#357,.T.);
#1050=EDGE_CURVE('',#835,#791,#696,.T.);
#1051=EDGE_CURVE('',#836,#834,#358,.T.);
#1052=EDGE_CURVE('',#837,#836,#359,.T.);
#1053=EDGE_CURVE('',#835,#837,#360,.T.);
#1054=EDGE_CURVE('',#838,#837,#697,.T.);
#1055=EDGE_CURVE('',#836,#839,#698,.T.);
#1056=EDGE_CURVE('',#839,#838,#361,.T.);
#1057=EDGE_CURVE('',#840,#841,#699,.T.);
#1058=EDGE_CURVE('',#841,#842,#362,.T.);
#1059=EDGE_CURVE('',#842,#843,#700,.T.);
#1060=EDGE_CURVE('',#843,#840,#363,.T.);
#1061=EDGE_CURVE('',#842,#839,#364,.T.);
#1062=EDGE_CURVE('',#841,#844,#365,.T.);
#1063=EDGE_CURVE('',#845,#844,#366,.T.);
#1064=EDGE_CURVE('',#846,#845,#367,.T.);
#1065=EDGE_CURVE('',#847,#846,#368,.T.);
#1066=EDGE_CURVE('',#847,#848,#369,.T.);
#1067=EDGE_CURVE('',#848,#849,#370,.T.);
#1068=EDGE_CURVE('',#823,#849,#371,.T.);
#1069=EDGE_CURVE('',#822,#838,#372,.T.);
#1070=EDGE_CURVE('',#844,#785,#701,.T.);
#1071=EDGE_CURVE('',#784,#845,#702,.T.);
#1072=EDGE_CURVE('',#850,#847,#703,.T.);
#1073=EDGE_CURVE('',#846,#851,#704,.T.);
#1074=EDGE_CURVE('',#851,#850,#373,.T.);
#1075=EDGE_CURVE('',#852,#853,#705,.T.);
#1076=EDGE_CURVE('',#853,#854,#374,.T.);
#1077=EDGE_CURVE('',#854,#855,#706,.T.);
#1078=EDGE_CURVE('',#855,#852,#375,.T.);
#1079=EDGE_CURVE('',#854,#783,#376,.T.);
#1080=EDGE_CURVE('',#780,#853,#377,.T.);
#1081=EDGE_CURVE('',#778,#856,#707,.T.);
#1082=EDGE_CURVE('',#856,#857,#378,.T.);
#1083=EDGE_CURVE('',#857,#779,#708,.T.);
#1084=EDGE_CURVE('',#858,#856,#379,.T.);
#1085=EDGE_CURVE('',#859,#858,#380,.T.);
#1086=EDGE_CURVE('',#857,#859,#381,.T.);
#1087=EDGE_CURVE('',#860,#859,#709,.T.);
#1088=EDGE_CURVE('',#858,#861,#710,.T.);
#1089=EDGE_CURVE('',#861,#860,#382,.T.);
#1090=EDGE_CURVE('',#862,#863,#711,.T.);
#1091=EDGE_CURVE('',#863,#864,#383,.T.);
#1092=EDGE_CURVE('',#864,#865,#712,.T.);
#1093=EDGE_CURVE('',#865,#862,#384,.T.);
#1094=EDGE_CURVE('',#864,#861,#385,.T.);
#1095=EDGE_CURVE('',#863,#866,#386,.T.);
#1096=EDGE_CURVE('',#867,#866,#387,.T.);
#1097=EDGE_CURVE('',#868,#867,#388,.T.);
#1098=EDGE_CURVE('',#869,#868,#389,.T.);
#1099=EDGE_CURVE('',#869,#870,#390,.T.);
#1100=EDGE_CURVE('',#870,#871,#391,.T.);
#1101=EDGE_CURVE('',#849,#871,#392,.T.);
#1102=EDGE_CURVE('',#848,#860,#393,.T.);
#1103=EDGE_CURVE('',#872,#872,#713,.T.);
#1104=EDGE_CURVE('',#873,#873,#714,.T.);
#1105=EDGE_CURVE('',#866,#773,#715,.T.);
#1106=EDGE_CURVE('',#772,#867,#716,.T.);
#1107=EDGE_CURVE('',#874,#869,#717,.T.);
#1108=EDGE_CURVE('',#868,#875,#718,.T.);
#1109=EDGE_CURVE('',#875,#874,#394,.T.);
#1110=EDGE_CURVE('',#876,#877,#719,.T.);
#1111=EDGE_CURVE('',#877,#878,#395,.T.);
#1112=EDGE_CURVE('',#878,#879,#720,.T.);
#1113=EDGE_CURVE('',#879,#876,#396,.T.);
#1114=EDGE_CURVE('',#878,#771,#397,.T.);
#1115=EDGE_CURVE('',#768,#877,#398,.T.);
#1116=EDGE_CURVE('',#766,#880,#721,.T.);
#1117=EDGE_CURVE('',#880,#881,#399,.T.);
#1118=EDGE_CURVE('',#881,#767,#722,.T.);
#1119=EDGE_CURVE('',#882,#880,#400,.T.);
#1120=EDGE_CURVE('',#883,#882,#401,.T.);
#1121=EDGE_CURVE('',#881,#883,#402,.T.);
#1122=EDGE_CURVE('',#884,#883,#723,.T.);
#1123=EDGE_CURVE('',#882,#885,#724,.T.);
#1124=EDGE_CURVE('',#885,#884,#403,.T.);
#1125=EDGE_CURVE('',#886,#887,#725,.T.);
#1126=EDGE_CURVE('',#887,#888,#404,.T.);
#1127=EDGE_CURVE('',#888,#889,#726,.T.);
#1128=EDGE_CURVE('',#889,#886,#405,.T.);
#1129=EDGE_CURVE('',#888,#885,#406,.T.);
#1130=EDGE_CURVE('',#887,#890,#407,.T.);
#1131=EDGE_CURVE('',#891,#890,#408,.T.);
#1132=EDGE_CURVE('',#892,#891,#409,.T.);
#1133=EDGE_CURVE('',#893,#892,#410,.T.);
#1134=EDGE_CURVE('',#893,#825,#411,.T.);
#1135=EDGE_CURVE('',#871,#824,#412,.T.);
#1136=EDGE_CURVE('',#870,#884,#413,.T.);
#1137=EDGE_CURVE('',#890,#761,#727,.T.);
#1138=EDGE_CURVE('',#760,#891,#728,.T.);
#1139=EDGE_CURVE('',#894,#893,#729,.T.);
#1140=EDGE_CURVE('',#892,#895,#730,.T.);
#1141=EDGE_CURVE('',#895,#894,#414,.T.);
#1142=EDGE_CURVE('',#896,#897,#17,.T.);
#1143=EDGE_CURVE('',#897,#898,#415,.T.);
#1144=EDGE_CURVE('',#898,#899,#18,.T.);
#1145=EDGE_CURVE('',#899,#900,#416,.T.);
#1146=EDGE_CURVE('',#900,#901,#19,.T.);
#1147=EDGE_CURVE('',#901,#902,#417,.T.);
#1148=EDGE_CURVE('',#902,#903,#20,.T.);
#1149=EDGE_CURVE('',#903,#904,#418,.T.);
#1150=EDGE_CURVE('',#904,#905,#21,.T.);
#1151=EDGE_CURVE('',#905,#896,#419,.T.);
#1152=EDGE_CURVE('',#904,#906,#731,.T.);
#1153=EDGE_CURVE('',#906,#907,#420,.T.);
#1154=EDGE_CURVE('',#907,#908,#732,.T.);
#1155=EDGE_CURVE('',#909,#908,#22,.T.);
#1156=EDGE_CURVE('',#909,#905,#421,.T.);
#1157=EDGE_CURVE('',#910,#902,#733,.T.);
#1158=EDGE_CURVE('',#910,#872,#422,.T.);
#1159=EDGE_CURVE('',#903,#910,#734,.T.);
#1160=EDGE_CURVE('',#901,#911,#735,.T.);
#1161=EDGE_CURVE('',#911,#900,#736,.T.);
#1162=EDGE_CURVE('',#912,#899,#737,.T.);
#1163=EDGE_CURVE('',#906,#912,#423,.T.);
#1164=EDGE_CURVE('',#911,#873,#424,.T.);
#1165=EDGE_CURVE('',#913,#914,#23,.T.);
#1166=EDGE_CURVE('',#914,#915,#24,.T.);
#1167=EDGE_CURVE('',#915,#909,#425,.T.);
#1168=EDGE_CURVE('',#908,#916,#426,.T.);
#1169=EDGE_CURVE('',#916,#917,#25,.T.);
#1170=EDGE_CURVE('',#917,#918,#26,.T.);
#1171=EDGE_CURVE('',#918,#919,#427,.T.);
#1172=EDGE_CURVE('',#919,#920,#27,.T.);
#1173=EDGE_CURVE('',#920,#921,#28,.T.);
#1174=EDGE_CURVE('',#921,#922,#428,.T.);
#1175=EDGE_CURVE('',#922,#923,#29,.T.);
#1176=EDGE_CURVE('',#923,#913,#429,.T.);
#1177=EDGE_CURVE('',#924,#907,#430,.T.);
#1178=EDGE_CURVE('',#922,#924,#738,.T.);
#1179=EDGE_CURVE('',#921,#919,#739,.T.);
#1180=EDGE_CURVE('',#918,#916,#740,.T.);
#1181=EDGE_CURVE('',#925,#925,#741,.T.);
#1182=EDGE_CURVE('',#925,#914,#431,.T.);
#1183=EDGE_CURVE('',#915,#913,#742,.T.);
#1184=EDGE_CURVE('',#898,#923,#432,.T.);
#1185=EDGE_CURVE('',#897,#926,#743,.T.);
#1186=EDGE_CURVE('',#926,#896,#744,.T.);
#1187=EDGE_CURVE('',#927,#928,#433,.T.);
#1188=EDGE_CURVE('',#928,#929,#434,.T.);
#1189=EDGE_CURVE('',#929,#930,#435,.T.);
#1190=EDGE_CURVE('',#930,#927,#436,.T.);
#1191=EDGE_CURVE('',#931,#932,#437,.T.);
#1192=EDGE_CURVE('',#932,#933,#438,.T.);
#1193=EDGE_CURVE('',#933,#934,#439,.T.);
#1194=EDGE_CURVE('',#934,#931,#440,.T.);
#1195=EDGE_CURVE('',#852,#851,#441,.T.);
#1196=EDGE_CURVE('',#850,#855,#442,.T.);
#1197=EDGE_CURVE('',#862,#777,#443,.T.);
#1198=EDGE_CURVE('',#774,#865,#444,.T.);
#1199=EDGE_CURVE('',#876,#875,#445,.T.);
#1200=EDGE_CURVE('',#874,#879,#446,.T.);
#1201=EDGE_CURVE('',#886,#765,#447,.T.);
#1202=EDGE_CURVE('',#762,#889,#448,.T.);
#1203=EDGE_CURVE('',#894,#807,#449,.T.);
#1204=EDGE_CURVE('',#804,#895,#450,.T.);
#1205=EDGE_CURVE('',#814,#801,#451,.T.);
#1206=EDGE_CURVE('',#798,#817,#452,.T.);
#1207=EDGE_CURVE('',#830,#829,#453,.T.);
#1208=EDGE_CURVE('',#828,#833,#454,.T.);
#1209=EDGE_CURVE('',#840,#789,#455,.T.);
#1210=EDGE_CURVE('',#786,#843,#456,.T.);
#1211=EDGE_CURVE('',#935,#936,#745,.T.);
#1212=EDGE_CURVE('',#935,#937,#457,.T.);
#1213=EDGE_CURVE('',#938,#937,#746,.T.);
#1214=EDGE_CURVE('',#936,#938,#458,.T.);
#1215=EDGE_CURVE('',#939,#940,#747,.T.);
#1216=EDGE_CURVE('',#939,#941,#459,.T.);
#1217=EDGE_CURVE('',#942,#941,#748,.T.);
#1218=EDGE_CURVE('',#940,#942,#460,.T.);
#1219=EDGE_CURVE('',#927,#938,#461,.T.);
#1220=EDGE_CURVE('',#930,#936,#462,.T.);
#1221=EDGE_CURVE('',#929,#935,#463,.T.);
#1222=EDGE_CURVE('',#928,#937,#464,.T.);
#1223=EDGE_CURVE('',#943,#943,#749,.T.);
#1224=EDGE_CURVE('',#932,#939,#465,.T.);
#1225=EDGE_CURVE('',#931,#941,#466,.T.);
#1226=EDGE_CURVE('',#933,#940,#467,.T.);
#1227=EDGE_CURVE('',#944,#944,#750,.T.);
#1228=EDGE_CURVE('',#934,#942,#468,.T.);
#1229=EDGE_CURVE('',#920,#826,#469,.T.);
#1230=EDGE_CURVE('',#917,#827,#470,.T.);
#1231=EDGE_CURVE('',#945,#945,#751,.T.);
#1232=EDGE_CURVE('',#945,#943,#471,.T.);
#1233=EDGE_CURVE('',#944,#946,#472,.T.);
#1234=EDGE_CURVE('',#946,#946,#752,.T.);
#1235=EDGE_CURVE('',#924,#912,#473,.T.);
#1236=EDGE_CURVE('',#947,#947,#753,.T.);
#1237=EDGE_CURVE('',#947,#948,#474,.T.);
#1238=EDGE_CURVE('',#948,#948,#754,.T.);
#1239=EDGE_CURVE('',#948,#926,#475,.T.);
#1240=EDGE_CURVE('',#949,#949,#755,.T.);
#1241=EDGE_CURVE('',#949,#925,#476,.T.);
#1242=ORIENTED_EDGE('',*,*,#950,.T.);
#1243=ORIENTED_EDGE('',*,*,#951,.T.);
#1244=ORIENTED_EDGE('',*,*,#952,.T.);
#1245=ORIENTED_EDGE('',*,*,#953,.T.);
#1246=ORIENTED_EDGE('',*,*,#951,.F.);
#1247=ORIENTED_EDGE('',*,*,#954,.F.);
#1248=ORIENTED_EDGE('',*,*,#955,.F.);
#1249=ORIENTED_EDGE('',*,*,#956,.F.);
#1250=ORIENTED_EDGE('',*,*,#957,.T.);
#1251=ORIENTED_EDGE('',*,*,#958,.T.);
#1252=ORIENTED_EDGE('',*,*,#959,.T.);
#1253=ORIENTED_EDGE('',*,*,#960,.T.);
#1254=ORIENTED_EDGE('',*,*,#958,.F.);
#1255=ORIENTED_EDGE('',*,*,#961,.F.);
#1256=ORIENTED_EDGE('',*,*,#962,.F.);
#1257=ORIENTED_EDGE('',*,*,#963,.F.);
#1258=ORIENTED_EDGE('',*,*,#964,.T.);
#1259=ORIENTED_EDGE('',*,*,#965,.T.);
#1260=ORIENTED_EDGE('',*,*,#966,.T.);
#1261=ORIENTED_EDGE('',*,*,#967,.T.);
#1262=ORIENTED_EDGE('',*,*,#965,.F.);
#1263=ORIENTED_EDGE('',*,*,#968,.F.);
#1264=ORIENTED_EDGE('',*,*,#969,.F.);
#1265=ORIENTED_EDGE('',*,*,#970,.F.);
#1266=ORIENTED_EDGE('',*,*,#971,.T.);
#1267=ORIENTED_EDGE('',*,*,#972,.T.);
#1268=ORIENTED_EDGE('',*,*,#973,.T.);
#1269=ORIENTED_EDGE('',*,*,#974,.T.);
#1270=ORIENTED_EDGE('',*,*,#972,.F.);
#1271=ORIENTED_EDGE('',*,*,#975,.F.);
#1272=ORIENTED_EDGE('',*,*,#976,.F.);
#1273=ORIENTED_EDGE('',*,*,#977,.F.);
#1274=ORIENTED_EDGE('',*,*,#978,.T.);
#1275=ORIENTED_EDGE('',*,*,#979,.T.);
#1276=ORIENTED_EDGE('',*,*,#980,.T.);
#1277=ORIENTED_EDGE('',*,*,#981,.T.);
#1278=ORIENTED_EDGE('',*,*,#979,.F.);
#1279=ORIENTED_EDGE('',*,*,#982,.F.);
#1280=ORIENTED_EDGE('',*,*,#983,.F.);
#1281=ORIENTED_EDGE('',*,*,#984,.F.);
#1282=ORIENTED_EDGE('',*,*,#985,.T.);
#1283=ORIENTED_EDGE('',*,*,#986,.T.);
#1284=ORIENTED_EDGE('',*,*,#987,.T.);
#1285=ORIENTED_EDGE('',*,*,#988,.T.);
#1286=ORIENTED_EDGE('',*,*,#986,.F.);
#1287=ORIENTED_EDGE('',*,*,#989,.F.);
#1288=ORIENTED_EDGE('',*,*,#990,.F.);
#1289=ORIENTED_EDGE('',*,*,#991,.F.);
#1290=ORIENTED_EDGE('',*,*,#992,.T.);
#1291=ORIENTED_EDGE('',*,*,#993,.T.);
#1292=ORIENTED_EDGE('',*,*,#994,.T.);
#1293=ORIENTED_EDGE('',*,*,#995,.T.);
#1294=ORIENTED_EDGE('',*,*,#993,.F.);
#1295=ORIENTED_EDGE('',*,*,#996,.F.);
#1296=ORIENTED_EDGE('',*,*,#997,.F.);
#1297=ORIENTED_EDGE('',*,*,#998,.F.);
#1298=ORIENTED_EDGE('',*,*,#999,.T.);
#1299=ORIENTED_EDGE('',*,*,#1000,.T.);
#1300=ORIENTED_EDGE('',*,*,#1001,.T.);
#1301=ORIENTED_EDGE('',*,*,#1002,.T.);
#1302=ORIENTED_EDGE('',*,*,#1000,.F.);
#1303=ORIENTED_EDGE('',*,*,#1003,.F.);
#1304=ORIENTED_EDGE('',*,*,#1004,.F.);
#1305=ORIENTED_EDGE('',*,*,#1005,.F.);
#1306=ORIENTED_EDGE('',*,*,#1006,.T.);
#1307=ORIENTED_EDGE('',*,*,#1007,.T.);
#1308=ORIENTED_EDGE('',*,*,#1008,.T.);
#1309=ORIENTED_EDGE('',*,*,#1009,.T.);
#1310=ORIENTED_EDGE('',*,*,#953,.F.);
#1311=ORIENTED_EDGE('',*,*,#1010,.F.);
#1312=ORIENTED_EDGE('',*,*,#1007,.F.);
#1313=ORIENTED_EDGE('',*,*,#1011,.F.);
#1314=ORIENTED_EDGE('',*,*,#1012,.T.);
#1315=ORIENTED_EDGE('',*,*,#1013,.T.);
#1316=ORIENTED_EDGE('',*,*,#1014,.T.);
#1317=ORIENTED_EDGE('',*,*,#1004,.T.);
#1318=ORIENTED_EDGE('',*,*,#1013,.F.);
#1319=ORIENTED_EDGE('',*,*,#1015,.F.);
#1320=ORIENTED_EDGE('',*,*,#1016,.F.);
#1321=ORIENTED_EDGE('',*,*,#1017,.F.);
#1322=ORIENTED_EDGE('',*,*,#1018,.T.);
#1323=ORIENTED_EDGE('',*,*,#1016,.T.);
#1324=ORIENTED_EDGE('',*,*,#1019,.T.);
#1325=ORIENTED_EDGE('',*,*,#1020,.T.);
#1326=ORIENTED_EDGE('',*,*,#1021,.T.);
#1327=ORIENTED_EDGE('',*,*,#1022,.T.);
#1328=ORIENTED_EDGE('',*,*,#1023,.T.);
#1329=ORIENTED_EDGE('',*,*,#1024,.T.);
#1330=ORIENTED_EDGE('',*,*,#1020,.F.);
#1331=ORIENTED_EDGE('',*,*,#1025,.F.);
#1332=ORIENTED_EDGE('',*,*,#1022,.F.);
#1333=ORIENTED_EDGE('',*,*,#1026,.T.);
#1334=ORIENTED_EDGE('',*,*,#1027,.F.);
#1335=ORIENTED_EDGE('',*,*,#1028,.F.);
#1336=ORIENTED_EDGE('',*,*,#1029,.F.);
#1337=ORIENTED_EDGE('',*,*,#1030,.T.);
#1338=ORIENTED_EDGE('',*,*,#1031,.T.);
#1339=ORIENTED_EDGE('',*,*,#1032,.F.);
#1340=ORIENTED_EDGE('',*,*,#1033,.F.);
#1341=ORIENTED_EDGE('',*,*,#1034,.T.);
#1342=ORIENTED_EDGE('',*,*,#1035,.T.);
#1343=ORIENTED_EDGE('',*,*,#1036,.T.);
#1344=ORIENTED_EDGE('',*,*,#1037,.T.);
#1345=ORIENTED_EDGE('',*,*,#997,.T.);
#1346=ORIENTED_EDGE('',*,*,#1038,.T.);
#1347=ORIENTED_EDGE('',*,*,#1027,.T.);
#1348=ORIENTED_EDGE('',*,*,#1039,.T.);
#1349=ORIENTED_EDGE('',*,*,#1029,.T.);
#1350=ORIENTED_EDGE('',*,*,#1040,.T.);
#1351=ORIENTED_EDGE('',*,*,#1041,.T.);
#1352=ORIENTED_EDGE('',*,*,#1042,.T.);
#1353=ORIENTED_EDGE('',*,*,#1043,.T.);
#1354=ORIENTED_EDGE('',*,*,#1044,.T.);
#1355=ORIENTED_EDGE('',*,*,#1045,.T.);
#1356=ORIENTED_EDGE('',*,*,#995,.F.);
#1357=ORIENTED_EDGE('',*,*,#1046,.F.);
#1358=ORIENTED_EDGE('',*,*,#1043,.F.);
#1359=ORIENTED_EDGE('',*,*,#1047,.F.);
#1360=ORIENTED_EDGE('',*,*,#1048,.T.);
#1361=ORIENTED_EDGE('',*,*,#1049,.T.);
#1362=ORIENTED_EDGE('',*,*,#1050,.T.);
#1363=ORIENTED_EDGE('',*,*,#990,.T.);
#1364=ORIENTED_EDGE('',*,*,#1049,.F.);
#1365=ORIENTED_EDGE('',*,*,#1051,.F.);
#1366=ORIENTED_EDGE('',*,*,#1052,.F.);
#1367=ORIENTED_EDGE('',*,*,#1053,.F.);
#1368=ORIENTED_EDGE('',*,*,#1054,.T.);
#1369=ORIENTED_EDGE('',*,*,#1052,.T.);
#1370=ORIENTED_EDGE('',*,*,#1055,.T.);
#1371=ORIENTED_EDGE('',*,*,#1056,.T.);
#1372=ORIENTED_EDGE('',*,*,#1057,.T.);
#1373=ORIENTED_EDGE('',*,*,#1058,.T.);
#1374=ORIENTED_EDGE('',*,*,#1059,.T.);
#1375=ORIENTED_EDGE('',*,*,#1060,.T.);
#1376=ORIENTED_EDGE('',*,*,#1056,.F.);
#1377=ORIENTED_EDGE('',*,*,#1061,.F.);
#1378=ORIENTED_EDGE('',*,*,#1058,.F.);
#1379=ORIENTED_EDGE('',*,*,#1062,.T.);
#1380=ORIENTED_EDGE('',*,*,#1063,.F.);
#1381=ORIENTED_EDGE('',*,*,#1064,.F.);
#1382=ORIENTED_EDGE('',*,*,#1065,.F.);
#1383=ORIENTED_EDGE('',*,*,#1066,.T.);
#1384=ORIENTED_EDGE('',*,*,#1067,.T.);
#1385=ORIENTED_EDGE('',*,*,#1068,.F.);
#1386=ORIENTED_EDGE('',*,*,#1031,.F.);
#1387=ORIENTED_EDGE('',*,*,#1069,.T.);
#1388=ORIENTED_EDGE('',*,*,#1070,.T.);
#1389=ORIENTED_EDGE('',*,*,#983,.T.);
#1390=ORIENTED_EDGE('',*,*,#1071,.T.);
#1391=ORIENTED_EDGE('',*,*,#1063,.T.);
#1392=ORIENTED_EDGE('',*,*,#1072,.T.);
#1393=ORIENTED_EDGE('',*,*,#1065,.T.);
#1394=ORIENTED_EDGE('',*,*,#1073,.T.);
#1395=ORIENTED_EDGE('',*,*,#1074,.T.);
#1396=ORIENTED_EDGE('',*,*,#1075,.T.);
#1397=ORIENTED_EDGE('',*,*,#1076,.T.);
#1398=ORIENTED_EDGE('',*,*,#1077,.T.);
#1399=ORIENTED_EDGE('',*,*,#1078,.T.);
#1400=ORIENTED_EDGE('',*,*,#981,.F.);
#1401=ORIENTED_EDGE('',*,*,#1079,.F.);
#1402=ORIENTED_EDGE('',*,*,#1076,.F.);
#1403=ORIENTED_EDGE('',*,*,#1080,.F.);
#1404=ORIENTED_EDGE('',*,*,#1081,.T.);
#1405=ORIENTED_EDGE('',*,*,#1082,.T.);
#1406=ORIENTED_EDGE('',*,*,#1083,.T.);
#1407=ORIENTED_EDGE('',*,*,#976,.T.);
#1408=ORIENTED_EDGE('',*,*,#1082,.F.);
#1409=ORIENTED_EDGE('',*,*,#1084,.F.);
#1410=ORIENTED_EDGE('',*,*,#1085,.F.);
#1411=ORIENTED_EDGE('',*,*,#1086,.F.);
#1412=ORIENTED_EDGE('',*,*,#1087,.T.);
#1413=ORIENTED_EDGE('',*,*,#1085,.T.);
#1414=ORIENTED_EDGE('',*,*,#1088,.T.);
#1415=ORIENTED_EDGE('',*,*,#1089,.T.);
#1416=ORIENTED_EDGE('',*,*,#1090,.T.);
#1417=ORIENTED_EDGE('',*,*,#1091,.T.);
#1418=ORIENTED_EDGE('',*,*,#1092,.T.);
#1419=ORIENTED_EDGE('',*,*,#1093,.T.);
#1420=ORIENTED_EDGE('',*,*,#1089,.F.);
#1421=ORIENTED_EDGE('',*,*,#1094,.F.);
#1422=ORIENTED_EDGE('',*,*,#1091,.F.);
#1423=ORIENTED_EDGE('',*,*,#1095,.T.);
#1424=ORIENTED_EDGE('',*,*,#1096,.F.);
#1425=ORIENTED_EDGE('',*,*,#1097,.F.);
#1426=ORIENTED_EDGE('',*,*,#1098,.F.);
#1427=ORIENTED_EDGE('',*,*,#1099,.T.);
#1428=ORIENTED_EDGE('',*,*,#1100,.T.);
#1429=ORIENTED_EDGE('',*,*,#1101,.F.);
#1430=ORIENTED_EDGE('',*,*,#1067,.F.);
#1431=ORIENTED_EDGE('',*,*,#1102,.T.);
#1432=ORIENTED_EDGE('',*,*,#1103,.T.);
#1433=ORIENTED_EDGE('',*,*,#1104,.T.);
#1434=ORIENTED_EDGE('',*,*,#1105,.T.);
#1435=ORIENTED_EDGE('',*,*,#969,.T.);
#1436=ORIENTED_EDGE('',*,*,#1106,.T.);
#1437=ORIENTED_EDGE('',*,*,#1096,.T.);
#1438=ORIENTED_EDGE('',*,*,#1107,.T.);
#1439=ORIENTED_EDGE('',*,*,#1098,.T.);
#1440=ORIENTED_EDGE('',*,*,#1108,.T.);
#1441=ORIENTED_EDGE('',*,*,#1109,.T.);
#1442=ORIENTED_EDGE('',*,*,#1110,.T.);
#1443=ORIENTED_EDGE('',*,*,#1111,.T.);
#1444=ORIENTED_EDGE('',*,*,#1112,.T.);
#1445=ORIENTED_EDGE('',*,*,#1113,.T.);
#1446=ORIENTED_EDGE('',*,*,#967,.F.);
#1447=ORIENTED_EDGE('',*,*,#1114,.F.);
#1448=ORIENTED_EDGE('',*,*,#1111,.F.);
#1449=ORIENTED_EDGE('',*,*,#1115,.F.);
#1450=ORIENTED_EDGE('',*,*,#1116,.T.);
#1451=ORIENTED_EDGE('',*,*,#1117,.T.);
#1452=ORIENTED_EDGE('',*,*,#1118,.T.);
#1453=ORIENTED_EDGE('',*,*,#962,.T.);
#1454=ORIENTED_EDGE('',*,*,#1117,.F.);
#1455=ORIENTED_EDGE('',*,*,#1119,.F.);
#1456=ORIENTED_EDGE('',*,*,#1120,.F.);
#1457=ORIENTED_EDGE('',*,*,#1121,.F.);
#1458=ORIENTED_EDGE('',*,*,#1122,.T.);
#1459=ORIENTED_EDGE('',*,*,#1120,.T.);
#1460=ORIENTED_EDGE('',*,*,#1123,.T.);
#1461=ORIENTED_EDGE('',*,*,#1124,.T.);
#1462=ORIENTED_EDGE('',*,*,#1125,.T.);
#1463=ORIENTED_EDGE('',*,*,#1126,.T.);
#1464=ORIENTED_EDGE('',*,*,#1127,.T.);
#1465=ORIENTED_EDGE('',*,*,#1128,.T.);
#1466=ORIENTED_EDGE('',*,*,#1124,.F.);
#1467=ORIENTED_EDGE('',*,*,#1129,.F.);
#1468=ORIENTED_EDGE('',*,*,#1126,.F.);
#1469=ORIENTED_EDGE('',*,*,#1130,.T.);
#1470=ORIENTED_EDGE('',*,*,#1131,.F.);
#1471=ORIENTED_EDGE('',*,*,#1132,.F.);
#1472=ORIENTED_EDGE('',*,*,#1133,.F.);
#1473=ORIENTED_EDGE('',*,*,#1134,.T.);
#1474=ORIENTED_EDGE('',*,*,#1033,.T.);
#1475=ORIENTED_EDGE('',*,*,#1135,.F.);
#1476=ORIENTED_EDGE('',*,*,#1100,.F.);
#1477=ORIENTED_EDGE('',*,*,#1136,.T.);
#1478=ORIENTED_EDGE('',*,*,#1137,.T.);
#1479=ORIENTED_EDGE('',*,*,#955,.T.);
#1480=ORIENTED_EDGE('',*,*,#1138,.T.);
#1481=ORIENTED_EDGE('',*,*,#1131,.T.);
#1482=ORIENTED_EDGE('',*,*,#1139,.T.);
#1483=ORIENTED_EDGE('',*,*,#1133,.T.);
#1484=ORIENTED_EDGE('',*,*,#1140,.T.);
#1485=ORIENTED_EDGE('',*,*,#1141,.T.);
#1486=ORIENTED_EDGE('',*,*,#1142,.T.);
#1487=ORIENTED_EDGE('',*,*,#1143,.T.);
#1488=ORIENTED_EDGE('',*,*,#1144,.T.);
#1489=ORIENTED_EDGE('',*,*,#1145,.T.);
#1490=ORIENTED_EDGE('',*,*,#1146,.T.);
#1491=ORIENTED_EDGE('',*,*,#1147,.T.);
#1492=ORIENTED_EDGE('',*,*,#1148,.T.);
#1493=ORIENTED_EDGE('',*,*,#1149,.T.);
#1494=ORIENTED_EDGE('',*,*,#1150,.T.);
#1495=ORIENTED_EDGE('',*,*,#1151,.T.);
#1496=ORIENTED_EDGE('',*,*,#1150,.F.);
#1497=ORIENTED_EDGE('',*,*,#1152,.T.);
#1498=ORIENTED_EDGE('',*,*,#1153,.T.);
#1499=ORIENTED_EDGE('',*,*,#1154,.T.);
#1500=ORIENTED_EDGE('',*,*,#1155,.F.);
#1501=ORIENTED_EDGE('',*,*,#1156,.T.);
#1502=ORIENTED_EDGE('',*,*,#1148,.F.);
#1503=ORIENTED_EDGE('',*,*,#1157,.F.);
#1504=ORIENTED_EDGE('',*,*,#1158,.T.);
#1505=ORIENTED_EDGE('',*,*,#1103,.F.);
#1506=ORIENTED_EDGE('',*,*,#1158,.F.);
#1507=ORIENTED_EDGE('',*,*,#1159,.F.);
#1508=ORIENTED_EDGE('',*,*,#1149,.F.);
#1509=ORIENTED_EDGE('',*,*,#1159,.T.);
#1510=ORIENTED_EDGE('',*,*,#1157,.T.);
#1511=ORIENTED_EDGE('',*,*,#1147,.F.);
#1512=ORIENTED_EDGE('',*,*,#1160,.T.);
#1513=ORIENTED_EDGE('',*,*,#1161,.T.);
#1514=ORIENTED_EDGE('',*,*,#1145,.F.);
#1515=ORIENTED_EDGE('',*,*,#1162,.F.);
#1516=ORIENTED_EDGE('',*,*,#1163,.F.);
#1517=ORIENTED_EDGE('',*,*,#1152,.F.);
#1518=ORIENTED_EDGE('',*,*,#1146,.F.);
#1519=ORIENTED_EDGE('',*,*,#1161,.F.);
#1520=ORIENTED_EDGE('',*,*,#1164,.T.);
#1521=ORIENTED_EDGE('',*,*,#1104,.F.);
#1522=ORIENTED_EDGE('',*,*,#1164,.F.);
#1523=ORIENTED_EDGE('',*,*,#1160,.F.);
#1524=ORIENTED_EDGE('',*,*,#1165,.T.);
#1525=ORIENTED_EDGE('',*,*,#1166,.T.);
#1526=ORIENTED_EDGE('',*,*,#1167,.T.);
#1527=ORIENTED_EDGE('',*,*,#1155,.T.);
#1528=ORIENTED_EDGE('',*,*,#1168,.T.);
#1529=ORIENTED_EDGE('',*,*,#1169,.T.);
#1530=ORIENTED_EDGE('',*,*,#1170,.T.);
#1531=ORIENTED_EDGE('',*,*,#1171,.T.);
#1532=ORIENTED_EDGE('',*,*,#1172,.T.);
#1533=ORIENTED_EDGE('',*,*,#1173,.T.);
#1534=ORIENTED_EDGE('',*,*,#1174,.T.);
#1535=ORIENTED_EDGE('',*,*,#1175,.T.);
#1536=ORIENTED_EDGE('',*,*,#1176,.T.);
#1537=ORIENTED_EDGE('',*,*,#1168,.F.);
#1538=ORIENTED_EDGE('',*,*,#1154,.F.);
#1539=ORIENTED_EDGE('',*,*,#1177,.F.);
#1540=ORIENTED_EDGE('',*,*,#1178,.F.);
#1541=ORIENTED_EDGE('',*,*,#1174,.F.);
#1542=ORIENTED_EDGE('',*,*,#1179,.T.);
#1543=ORIENTED_EDGE('',*,*,#1171,.F.);
#1544=ORIENTED_EDGE('',*,*,#1180,.T.);
#1545=ORIENTED_EDGE('',*,*,#1181,.T.);
#1546=ORIENTED_EDGE('',*,*,#1182,.T.);
#1547=ORIENTED_EDGE('',*,*,#1165,.F.);
#1548=ORIENTED_EDGE('',*,*,#1183,.F.);
#1549=ORIENTED_EDGE('',*,*,#1166,.F.);
#1550=ORIENTED_EDGE('',*,*,#1182,.F.);
#1551=ORIENTED_EDGE('',*,*,#1151,.F.);
#1552=ORIENTED_EDGE('',*,*,#1156,.F.);
#1553=ORIENTED_EDGE('',*,*,#1167,.F.);
#1554=ORIENTED_EDGE('',*,*,#1183,.T.);
#1555=ORIENTED_EDGE('',*,*,#1176,.F.);
#1556=ORIENTED_EDGE('',*,*,#1184,.F.);
#1557=ORIENTED_EDGE('',*,*,#1143,.F.);
#1558=ORIENTED_EDGE('',*,*,#1185,.T.);
#1559=ORIENTED_EDGE('',*,*,#1186,.T.);
#1560=ORIENTED_EDGE('',*,*,#1101,.T.);
#1561=ORIENTED_EDGE('',*,*,#1135,.T.);
#1562=ORIENTED_EDGE('',*,*,#1032,.T.);
#1563=ORIENTED_EDGE('',*,*,#1068,.T.);
#1564=ORIENTED_EDGE('',*,*,#1187,.T.);
#1565=ORIENTED_EDGE('',*,*,#1188,.T.);
#1566=ORIENTED_EDGE('',*,*,#1189,.T.);
#1567=ORIENTED_EDGE('',*,*,#1190,.T.);
#1568=ORIENTED_EDGE('',*,*,#1191,.T.);
#1569=ORIENTED_EDGE('',*,*,#1192,.T.);
#1570=ORIENTED_EDGE('',*,*,#1193,.T.);
#1571=ORIENTED_EDGE('',*,*,#1194,.T.);
#1572=ORIENTED_EDGE('',*,*,#1074,.F.);
#1573=ORIENTED_EDGE('',*,*,#1195,.F.);
#1574=ORIENTED_EDGE('',*,*,#1078,.F.);
#1575=ORIENTED_EDGE('',*,*,#1196,.F.);
#1576=ORIENTED_EDGE('',*,*,#974,.F.);
#1577=ORIENTED_EDGE('',*,*,#1197,.F.);
#1578=ORIENTED_EDGE('',*,*,#1093,.F.);
#1579=ORIENTED_EDGE('',*,*,#1198,.F.);
#1580=ORIENTED_EDGE('',*,*,#1109,.F.);
#1581=ORIENTED_EDGE('',*,*,#1199,.F.);
#1582=ORIENTED_EDGE('',*,*,#1113,.F.);
#1583=ORIENTED_EDGE('',*,*,#1200,.F.);
#1584=ORIENTED_EDGE('',*,*,#960,.F.);
#1585=ORIENTED_EDGE('',*,*,#1201,.F.);
#1586=ORIENTED_EDGE('',*,*,#1128,.F.);
#1587=ORIENTED_EDGE('',*,*,#1202,.F.);
#1588=ORIENTED_EDGE('',*,*,#1009,.F.);
#1589=ORIENTED_EDGE('',*,*,#1203,.F.);
#1590=ORIENTED_EDGE('',*,*,#1141,.F.);
#1591=ORIENTED_EDGE('',*,*,#1204,.F.);
#1592=ORIENTED_EDGE('',*,*,#1002,.F.);
#1593=ORIENTED_EDGE('',*,*,#1205,.F.);
#1594=ORIENTED_EDGE('',*,*,#1024,.F.);
#1595=ORIENTED_EDGE('',*,*,#1206,.F.);
#1596=ORIENTED_EDGE('',*,*,#1041,.F.);
#1597=ORIENTED_EDGE('',*,*,#1207,.F.);
#1598=ORIENTED_EDGE('',*,*,#1045,.F.);
#1599=ORIENTED_EDGE('',*,*,#1208,.F.);
#1600=ORIENTED_EDGE('',*,*,#988,.F.);
#1601=ORIENTED_EDGE('',*,*,#1209,.F.);
#1602=ORIENTED_EDGE('',*,*,#1060,.F.);
#1603=ORIENTED_EDGE('',*,*,#1210,.F.);
#1604=ORIENTED_EDGE('',*,*,#1209,.T.);
#1605=ORIENTED_EDGE('',*,*,#987,.F.);
#1606=ORIENTED_EDGE('',*,*,#991,.T.);
#1607=ORIENTED_EDGE('',*,*,#1050,.F.);
#1608=ORIENTED_EDGE('',*,*,#1053,.T.);
#1609=ORIENTED_EDGE('',*,*,#1054,.F.);
#1610=ORIENTED_EDGE('',*,*,#1069,.F.);
#1611=ORIENTED_EDGE('',*,*,#1030,.F.);
#1612=ORIENTED_EDGE('',*,*,#1039,.F.);
#1613=ORIENTED_EDGE('',*,*,#1208,.T.);
#1614=ORIENTED_EDGE('',*,*,#1044,.F.);
#1615=ORIENTED_EDGE('',*,*,#1046,.T.);
#1616=ORIENTED_EDGE('',*,*,#994,.F.);
#1617=ORIENTED_EDGE('',*,*,#998,.T.);
#1618=ORIENTED_EDGE('',*,*,#1037,.F.);
#1619=ORIENTED_EDGE('',*,*,#1026,.F.);
#1620=ORIENTED_EDGE('',*,*,#1021,.F.);
#1621=ORIENTED_EDGE('',*,*,#1205,.T.);
#1622=ORIENTED_EDGE('',*,*,#1001,.F.);
#1623=ORIENTED_EDGE('',*,*,#1005,.T.);
#1624=ORIENTED_EDGE('',*,*,#1014,.F.);
#1625=ORIENTED_EDGE('',*,*,#1017,.T.);
#1626=ORIENTED_EDGE('',*,*,#1018,.F.);
#1627=ORIENTED_EDGE('',*,*,#1034,.F.);
#1628=ORIENTED_EDGE('',*,*,#1134,.F.);
#1629=ORIENTED_EDGE('',*,*,#1139,.F.);
#1630=ORIENTED_EDGE('',*,*,#1203,.T.);
#1631=ORIENTED_EDGE('',*,*,#1008,.F.);
#1632=ORIENTED_EDGE('',*,*,#1010,.T.);
#1633=ORIENTED_EDGE('',*,*,#952,.F.);
#1634=ORIENTED_EDGE('',*,*,#956,.T.);
#1635=ORIENTED_EDGE('',*,*,#1137,.F.);
#1636=ORIENTED_EDGE('',*,*,#1130,.F.);
#1637=ORIENTED_EDGE('',*,*,#1125,.F.);
#1638=ORIENTED_EDGE('',*,*,#1201,.T.);
#1639=ORIENTED_EDGE('',*,*,#959,.F.);
#1640=ORIENTED_EDGE('',*,*,#963,.T.);
#1641=ORIENTED_EDGE('',*,*,#1118,.F.);
#1642=ORIENTED_EDGE('',*,*,#1121,.T.);
#1643=ORIENTED_EDGE('',*,*,#1122,.F.);
#1644=ORIENTED_EDGE('',*,*,#1136,.F.);
#1645=ORIENTED_EDGE('',*,*,#1099,.F.);
#1646=ORIENTED_EDGE('',*,*,#1107,.F.);
#1647=ORIENTED_EDGE('',*,*,#1200,.T.);
#1648=ORIENTED_EDGE('',*,*,#1112,.F.);
#1649=ORIENTED_EDGE('',*,*,#1114,.T.);
#1650=ORIENTED_EDGE('',*,*,#966,.F.);
#1651=ORIENTED_EDGE('',*,*,#970,.T.);
#1652=ORIENTED_EDGE('',*,*,#1105,.F.);
#1653=ORIENTED_EDGE('',*,*,#1095,.F.);
#1654=ORIENTED_EDGE('',*,*,#1090,.F.);
#1655=ORIENTED_EDGE('',*,*,#1197,.T.);
#1656=ORIENTED_EDGE('',*,*,#973,.F.);
#1657=ORIENTED_EDGE('',*,*,#977,.T.);
#1658=ORIENTED_EDGE('',*,*,#1083,.F.);
#1659=ORIENTED_EDGE('',*,*,#1086,.T.);
#1660=ORIENTED_EDGE('',*,*,#1087,.F.);
#1661=ORIENTED_EDGE('',*,*,#1102,.F.);
#1662=ORIENTED_EDGE('',*,*,#1066,.F.);
#1663=ORIENTED_EDGE('',*,*,#1072,.F.);
#1664=ORIENTED_EDGE('',*,*,#1196,.T.);
#1665=ORIENTED_EDGE('',*,*,#1077,.F.);
#1666=ORIENTED_EDGE('',*,*,#1079,.T.);
#1667=ORIENTED_EDGE('',*,*,#980,.F.);
#1668=ORIENTED_EDGE('',*,*,#984,.T.);
#1669=ORIENTED_EDGE('',*,*,#1070,.F.);
#1670=ORIENTED_EDGE('',*,*,#1062,.F.);
#1671=ORIENTED_EDGE('',*,*,#1057,.F.);
#1672=ORIENTED_EDGE('',*,*,#1211,.F.);
#1673=ORIENTED_EDGE('',*,*,#1212,.T.);
#1674=ORIENTED_EDGE('',*,*,#1213,.F.);
#1675=ORIENTED_EDGE('',*,*,#1214,.F.);
#1676=ORIENTED_EDGE('',*,*,#1215,.F.);
#1677=ORIENTED_EDGE('',*,*,#1216,.T.);
#1678=ORIENTED_EDGE('',*,*,#1217,.F.);
#1679=ORIENTED_EDGE('',*,*,#1218,.F.);
#1680=ORIENTED_EDGE('',*,*,#1214,.T.);
#1681=ORIENTED_EDGE('',*,*,#1219,.F.);
#1682=ORIENTED_EDGE('',*,*,#1190,.F.);
#1683=ORIENTED_EDGE('',*,*,#1220,.T.);
#1684=ORIENTED_EDGE('',*,*,#1212,.F.);
#1685=ORIENTED_EDGE('',*,*,#1221,.F.);
#1686=ORIENTED_EDGE('',*,*,#1188,.F.);
#1687=ORIENTED_EDGE('',*,*,#1222,.T.);
#1688=ORIENTED_EDGE('',*,*,#1213,.T.);
#1689=ORIENTED_EDGE('',*,*,#1222,.F.);
#1690=ORIENTED_EDGE('',*,*,#1187,.F.);
#1691=ORIENTED_EDGE('',*,*,#1219,.T.);
#1692=ORIENTED_EDGE('',*,*,#1223,.T.);
#1693=ORIENTED_EDGE('',*,*,#1216,.F.);
#1694=ORIENTED_EDGE('',*,*,#1224,.F.);
#1695=ORIENTED_EDGE('',*,*,#1191,.F.);
#1696=ORIENTED_EDGE('',*,*,#1225,.T.);
#1697=ORIENTED_EDGE('',*,*,#1215,.T.);
#1698=ORIENTED_EDGE('',*,*,#1226,.F.);
#1699=ORIENTED_EDGE('',*,*,#1192,.F.);
#1700=ORIENTED_EDGE('',*,*,#1224,.T.);
#1701=ORIENTED_EDGE('',*,*,#1227,.T.);
#1702=ORIENTED_EDGE('',*,*,#1218,.T.);
#1703=ORIENTED_EDGE('',*,*,#1228,.F.);
#1704=ORIENTED_EDGE('',*,*,#1193,.F.);
#1705=ORIENTED_EDGE('',*,*,#1226,.T.);
#1706=ORIENTED_EDGE('',*,*,#1172,.F.);
#1707=ORIENTED_EDGE('',*,*,#1179,.F.);
#1708=ORIENTED_EDGE('',*,*,#1173,.F.);
#1709=ORIENTED_EDGE('',*,*,#1229,.T.);
#1710=ORIENTED_EDGE('',*,*,#1035,.F.);
#1711=ORIENTED_EDGE('',*,*,#1229,.F.);
#1712=ORIENTED_EDGE('',*,*,#1169,.F.);
#1713=ORIENTED_EDGE('',*,*,#1180,.F.);
#1714=ORIENTED_EDGE('',*,*,#1170,.F.);
#1715=ORIENTED_EDGE('',*,*,#1230,.T.);
#1716=ORIENTED_EDGE('',*,*,#1036,.F.);
#1717=ORIENTED_EDGE('',*,*,#1230,.F.);
#1718=ORIENTED_EDGE('',*,*,#1231,.F.);
#1719=ORIENTED_EDGE('',*,*,#1232,.T.);
#1720=ORIENTED_EDGE('',*,*,#1223,.F.);
#1721=ORIENTED_EDGE('',*,*,#1232,.F.);
#1722=ORIENTED_EDGE('',*,*,#1227,.F.);
#1723=ORIENTED_EDGE('',*,*,#1233,.T.);
#1724=ORIENTED_EDGE('',*,*,#1234,.F.);
#1725=ORIENTED_EDGE('',*,*,#1233,.F.);
#1726=ORIENTED_EDGE('',*,*,#1144,.F.);
#1727=ORIENTED_EDGE('',*,*,#1184,.T.);
#1728=ORIENTED_EDGE('',*,*,#1175,.F.);
#1729=ORIENTED_EDGE('',*,*,#1178,.T.);
#1730=ORIENTED_EDGE('',*,*,#1235,.T.);
#1731=ORIENTED_EDGE('',*,*,#1162,.T.);
#1732=ORIENTED_EDGE('',*,*,#1236,.F.);
#1733=ORIENTED_EDGE('',*,*,#1237,.T.);
#1734=ORIENTED_EDGE('',*,*,#1238,.F.);
#1735=ORIENTED_EDGE('',*,*,#1237,.F.);
#1736=ORIENTED_EDGE('',*,*,#1238,.T.);
#1737=ORIENTED_EDGE('',*,*,#1239,.T.);
#1738=ORIENTED_EDGE('',*,*,#1185,.F.);
#1739=ORIENTED_EDGE('',*,*,#1142,.F.);
#1740=ORIENTED_EDGE('',*,*,#1186,.F.);
#1741=ORIENTED_EDGE('',*,*,#1239,.F.);
#1742=ORIENTED_EDGE('',*,*,#1240,.F.);
#1743=ORIENTED_EDGE('',*,*,#1241,.T.);
#1744=ORIENTED_EDGE('',*,*,#1181,.F.);
#1745=ORIENTED_EDGE('',*,*,#1241,.F.);
#1746=ORIENTED_EDGE('',*,*,#1217,.T.);
#1747=ORIENTED_EDGE('',*,*,#1225,.F.);
#1748=ORIENTED_EDGE('',*,*,#1194,.F.);
#1749=ORIENTED_EDGE('',*,*,#1228,.T.);
#1750=ORIENTED_EDGE('',*,*,#1234,.T.);
#1751=ORIENTED_EDGE('',*,*,#1211,.T.);
#1752=ORIENTED_EDGE('',*,*,#1220,.F.);
#1753=ORIENTED_EDGE('',*,*,#1189,.F.);
#1754=ORIENTED_EDGE('',*,*,#1221,.T.);
#1755=ORIENTED_EDGE('',*,*,#1231,.T.);
#1756=ORIENTED_EDGE('',*,*,#1235,.F.);
#1757=ORIENTED_EDGE('',*,*,#1177,.T.);
#1758=ORIENTED_EDGE('',*,*,#1153,.F.);
#1759=ORIENTED_EDGE('',*,*,#1163,.T.);
#1760=ORIENTED_EDGE('',*,*,#1061,.T.);
#1761=ORIENTED_EDGE('',*,*,#1055,.F.);
#1762=ORIENTED_EDGE('',*,*,#1051,.T.);
#1763=ORIENTED_EDGE('',*,*,#1048,.F.);
#1764=ORIENTED_EDGE('',*,*,#989,.T.);
#1765=ORIENTED_EDGE('',*,*,#985,.F.);
#1766=ORIENTED_EDGE('',*,*,#1210,.T.);
#1767=ORIENTED_EDGE('',*,*,#1059,.F.);
#1768=ORIENTED_EDGE('',*,*,#982,.T.);
#1769=ORIENTED_EDGE('',*,*,#978,.F.);
#1770=ORIENTED_EDGE('',*,*,#1080,.T.);
#1771=ORIENTED_EDGE('',*,*,#1075,.F.);
#1772=ORIENTED_EDGE('',*,*,#1195,.T.);
#1773=ORIENTED_EDGE('',*,*,#1073,.F.);
#1774=ORIENTED_EDGE('',*,*,#1064,.T.);
#1775=ORIENTED_EDGE('',*,*,#1071,.F.);
#1776=ORIENTED_EDGE('',*,*,#1084,.T.);
#1777=ORIENTED_EDGE('',*,*,#1081,.F.);
#1778=ORIENTED_EDGE('',*,*,#975,.T.);
#1779=ORIENTED_EDGE('',*,*,#971,.F.);
#1780=ORIENTED_EDGE('',*,*,#1198,.T.);
#1781=ORIENTED_EDGE('',*,*,#1092,.F.);
#1782=ORIENTED_EDGE('',*,*,#1094,.T.);
#1783=ORIENTED_EDGE('',*,*,#1088,.F.);
#1784=ORIENTED_EDGE('',*,*,#968,.T.);
#1785=ORIENTED_EDGE('',*,*,#964,.F.);
#1786=ORIENTED_EDGE('',*,*,#1115,.T.);
#1787=ORIENTED_EDGE('',*,*,#1110,.F.);
#1788=ORIENTED_EDGE('',*,*,#1199,.T.);
#1789=ORIENTED_EDGE('',*,*,#1108,.F.);
#1790=ORIENTED_EDGE('',*,*,#1097,.T.);
#1791=ORIENTED_EDGE('',*,*,#1106,.F.);
#1792=ORIENTED_EDGE('',*,*,#1119,.T.);
#1793=ORIENTED_EDGE('',*,*,#1116,.F.);
#1794=ORIENTED_EDGE('',*,*,#961,.T.);
#1795=ORIENTED_EDGE('',*,*,#957,.F.);
#1796=ORIENTED_EDGE('',*,*,#1202,.T.);
#1797=ORIENTED_EDGE('',*,*,#1127,.F.);
#1798=ORIENTED_EDGE('',*,*,#1129,.T.);
#1799=ORIENTED_EDGE('',*,*,#1123,.F.);
#1800=ORIENTED_EDGE('',*,*,#954,.T.);
#1801=ORIENTED_EDGE('',*,*,#950,.F.);
#1802=ORIENTED_EDGE('',*,*,#1011,.T.);
#1803=ORIENTED_EDGE('',*,*,#1006,.F.);
#1804=ORIENTED_EDGE('',*,*,#1204,.T.);
#1805=ORIENTED_EDGE('',*,*,#1140,.F.);
#1806=ORIENTED_EDGE('',*,*,#1132,.T.);
#1807=ORIENTED_EDGE('',*,*,#1138,.F.);
#1808=ORIENTED_EDGE('',*,*,#1015,.T.);
#1809=ORIENTED_EDGE('',*,*,#1012,.F.);
#1810=ORIENTED_EDGE('',*,*,#1003,.T.);
#1811=ORIENTED_EDGE('',*,*,#999,.F.);
#1812=ORIENTED_EDGE('',*,*,#1206,.T.);
#1813=ORIENTED_EDGE('',*,*,#1023,.F.);
#1814=ORIENTED_EDGE('',*,*,#1025,.T.);
#1815=ORIENTED_EDGE('',*,*,#1019,.F.);
#1816=ORIENTED_EDGE('',*,*,#1236,.T.);
#1817=ORIENTED_EDGE('',*,*,#1240,.T.);
#1818=ORIENTED_EDGE('',*,*,#996,.T.);
#1819=ORIENTED_EDGE('',*,*,#992,.F.);
#1820=ORIENTED_EDGE('',*,*,#1047,.T.);
#1821=ORIENTED_EDGE('',*,*,#1042,.F.);
#1822=ORIENTED_EDGE('',*,*,#1207,.T.);
#1823=ORIENTED_EDGE('',*,*,#1040,.F.);
#1824=ORIENTED_EDGE('',*,*,#1028,.T.);
#1825=ORIENTED_EDGE('',*,*,#1038,.F.);
#1826=CYLINDRICAL_SURFACE('',#1984,0.7);
#1827=CYLINDRICAL_SURFACE('',#1988,0.7);
#1828=CYLINDRICAL_SURFACE('',#1992,0.7);
#1829=CYLINDRICAL_SURFACE('',#1996,0.7);
#1830=CYLINDRICAL_SURFACE('',#2000,0.7);
#1831=CYLINDRICAL_SURFACE('',#2004,0.7);
#1832=CYLINDRICAL_SURFACE('',#2008,0.7);
#1833=CYLINDRICAL_SURFACE('',#2012,0.7);
#1834=CYLINDRICAL_SURFACE('',#2016,1.5);
#1835=CYLINDRICAL_SURFACE('',#2020,1.5);
#1836=CYLINDRICAL_SURFACE('',#2024,1.5);
#1837=CYLINDRICAL_SURFACE('',#2027,1.5);
#1838=CYLINDRICAL_SURFACE('',#2033,1.5);
#1839=CYLINDRICAL_SURFACE('',#2036,1.5);
#1840=CYLINDRICAL_SURFACE('',#2039,1.5);
#1841=CYLINDRICAL_SURFACE('',#2043,1.5);
#1842=CYLINDRICAL_SURFACE('',#2047,1.5);
#1843=CYLINDRICAL_SURFACE('',#2050,1.5);
#1844=CYLINDRICAL_SURFACE('',#2054,1.5);
#1845=CYLINDRICAL_SURFACE('',#2057,1.5);
#1846=CYLINDRICAL_SURFACE('',#2060,1.5);
#1847=CYLINDRICAL_SURFACE('',#2064,1.5);
#1848=CYLINDRICAL_SURFACE('',#2068,1.5);
#1849=CYLINDRICAL_SURFACE('',#2071,1.5);
#1850=CYLINDRICAL_SURFACE('',#2077,1.5);
#1851=CYLINDRICAL_SURFACE('',#2080,1.5);
#1852=CYLINDRICAL_SURFACE('',#2083,1.5);
#1853=CYLINDRICAL_SURFACE('',#2087,1.5);
#1854=CYLINDRICAL_SURFACE('',#2091,1.5);
#1855=CYLINDRICAL_SURFACE('',#2094,1.5);
#1856=CYLINDRICAL_SURFACE('',#2098,1.5);
#1857=CYLINDRICAL_SURFACE('',#2101,1.5);
#1858=CYLINDRICAL_SURFACE('',#2104,1.);
#1859=CYLINDRICAL_SURFACE('',#2105,2.);
#1860=CYLINDRICAL_SURFACE('',#2108,0.7835);
#1861=CYLINDRICAL_SURFACE('',#2115,0.7835);
#1862=CYLINDRICAL_SURFACE('',#2116,1.);
#1863=CYLINDRICAL_SURFACE('',#2121,1.);
#1864=CYLINDRICAL_SURFACE('',#2136,2.5);
#1865=CYLINDRICAL_SURFACE('',#2139,2.5);
#1866=CYLINDRICAL_SURFACE('',#2150,0.7835);
#1867=CYLINDRICAL_SURFACE('',#2151,0.7835);
#1868=CYLINDRICAL_SURFACE('',#2152,1.25);
#1869=CYLINDRICAL_SURFACE('',#2154,1.25);
#1870=CYLINDRICAL_SURFACE('',#2156,2.);
#1871=CYLINDRICAL_SURFACE('',#2160,1.);
#1872=ADVANCED_FACE('',(#92),#1826,.F.);
#1873=ADVANCED_FACE('',(#93),#51,.T.);
#1874=ADVANCED_FACE('',(#94),#1827,.F.);
#1875=ADVANCED_FACE('',(#95),#52,.T.);
#1876=ADVANCED_FACE('',(#96),#1828,.F.);
#1877=ADVANCED_FACE('',(#97),#53,.T.);
#1878=ADVANCED_FACE('',(#98),#1829,.F.);
#1879=ADVANCED_FACE('',(#99),#54,.T.);
#1880=ADVANCED_FACE('',(#100),#1830,.F.);
#1881=ADVANCED_FACE('',(#101),#55,.T.);
#1882=ADVANCED_FACE('',(#102),#1831,.F.);
#1883=ADVANCED_FACE('',(#103),#56,.T.);
#1884=ADVANCED_FACE('',(#104),#1832,.F.);
#1885=ADVANCED_FACE('',(#105),#57,.T.);
#1886=ADVANCED_FACE('',(#106),#1833,.F.);
#1887=ADVANCED_FACE('',(#107),#58,.T.);
#1888=ADVANCED_FACE('',(#108),#1834,.F.);
#1889=ADVANCED_FACE('',(#109),#59,.T.);
#1890=ADVANCED_FACE('',(#110),#1835,.F.);
#1891=ADVANCED_FACE('',(#111),#60,.T.);
#1892=ADVANCED_FACE('',(#112),#1836,.F.);
#1893=ADVANCED_FACE('',(#113),#1837,.F.);
#1894=ADVANCED_FACE('',(#114,#30,#31),#61,.T.);
#1895=ADVANCED_FACE('',(#115),#1838,.F.);
#1896=ADVANCED_FACE('',(#116),#1839,.F.);
#1897=ADVANCED_FACE('',(#117),#1840,.F.);
#1898=ADVANCED_FACE('',(#118),#62,.T.);
#1899=ADVANCED_FACE('',(#119),#1841,.F.);
#1900=ADVANCED_FACE('',(#120),#63,.T.);
#1901=ADVANCED_FACE('',(#121),#1842,.F.);
#1902=ADVANCED_FACE('',(#122),#1843,.F.);
#1903=ADVANCED_FACE('',(#123),#64,.T.);
#1904=ADVANCED_FACE('',(#124),#1844,.F.);
#1905=ADVANCED_FACE('',(#125),#1845,.F.);
#1906=ADVANCED_FACE('',(#126),#1846,.F.);
#1907=ADVANCED_FACE('',(#127),#65,.T.);
#1908=ADVANCED_FACE('',(#128),#1847,.F.);
#1909=ADVANCED_FACE('',(#129),#66,.T.);
#1910=ADVANCED_FACE('',(#130),#1848,.F.);
#1911=ADVANCED_FACE('',(#131),#1849,.F.);
#1912=ADVANCED_FACE('',(#132,#32,#33),#67,.T.);
#1913=ADVANCED_FACE('',(#133),#1850,.F.);
#1914=ADVANCED_FACE('',(#134),#1851,.F.);
#1915=ADVANCED_FACE('',(#135),#1852,.F.);
#1916=ADVANCED_FACE('',(#136),#68,.T.);
#1917=ADVANCED_FACE('',(#137),#1853,.F.);
#1918=ADVANCED_FACE('',(#138),#69,.T.);
#1919=ADVANCED_FACE('',(#139),#1854,.F.);
#1920=ADVANCED_FACE('',(#140),#1855,.F.);
#1921=ADVANCED_FACE('',(#141),#70,.T.);
#1922=ADVANCED_FACE('',(#142),#1856,.F.);
#1923=ADVANCED_FACE('',(#143),#1857,.F.);
#1924=ADVANCED_FACE('',(#144),#1858,.T.);
#1925=ADVANCED_FACE('',(#145),#1859,.T.);
#1926=ADVANCED_FACE('',(#146),#1860,.F.);
#1927=ADVANCED_FACE('',(#147),#71,.T.);
#1928=ADVANCED_FACE('',(#148),#1861,.F.);
#1929=ADVANCED_FACE('',(#149),#1862,.T.);
#1930=ADVANCED_FACE('',(#150),#72,.T.);
#1931=ADVANCED_FACE('',(#151),#1863,.F.);
#1932=ADVANCED_FACE('',(#152,#34,#35,#36),#73,.T.);
#1933=ADVANCED_FACE('',(#153),#74,.T.);
#1934=ADVANCED_FACE('',(#154),#75,.T.);
#1935=ADVANCED_FACE('',(#155),#76,.T.);
#1936=ADVANCED_FACE('',(#156),#77,.T.);
#1937=ADVANCED_FACE('',(#157),#78,.T.);
#1938=ADVANCED_FACE('',(#158),#79,.T.);
#1939=ADVANCED_FACE('',(#159),#80,.T.);
#1940=ADVANCED_FACE('',(#160),#81,.T.);
#1941=ADVANCED_FACE('',(#161),#82,.T.);
#1942=ADVANCED_FACE('',(#162),#1864,.T.);
#1943=ADVANCED_FACE('',(#163),#1865,.T.);
#1944=ADVANCED_FACE('',(#164),#83,.T.);
#1945=ADVANCED_FACE('',(#165),#84,.T.);
#1946=ADVANCED_FACE('',(#166,#37),#85,.T.);
#1947=ADVANCED_FACE('',(#167),#86,.T.);
#1948=ADVANCED_FACE('',(#168,#38),#87,.T.);
#1949=ADVANCED_FACE('',(#169),#88,.T.);
#1950=ADVANCED_FACE('',(#170),#1866,.F.);
#1951=ADVANCED_FACE('',(#171),#1867,.F.);
#1952=ADVANCED_FACE('',(#172),#1868,.F.);
#1953=ADVANCED_FACE('',(#173),#1869,.F.);
#1954=ADVANCED_FACE('',(#174),#1870,.T.);
#1955=ADVANCED_FACE('',(#175),#15,.F.);
#1956=ADVANCED_FACE('',(#176),#1871,.F.);
#1957=ADVANCED_FACE('',(#177),#16,.F.);
#1958=ADVANCED_FACE('',(#178,#39),#89,.T.);
#1959=ADVANCED_FACE('',(#179,#40),#90,.T.);
#1960=ADVANCED_FACE('',(#180,#41,#42,#43,#44,#45,#46,#47,#48,#49,#50),#91,
 .T.);
#1961=CLOSED_SHELL('',(#1872,#1873,#1874,#1875,#1876,#1877,#1878,#1879,
#1880,#1881,#1882,#1883,#1884,#1885,#1886,#1887,#1888,#1889,#1890,#1891,
#1892,#1893,#1894,#1895,#1896,#1897,#1898,#1899,#1900,#1901,#1902,#1903,
#1904,#1905,#1906,#1907,#1908,#1909,#1910,#1911,#1912,#1913,#1914,#1915,
#1916,#1917,#1918,#1919,#1920,#1921,#1922,#1923,#1924,#1925,#1926,#1927,
#1928,#1929,#1930,#1931,#1932,#1933,#1934,#1935,#1936,#1937,#1938,#1939,
#1940,#1941,#1942,#1943,#1944,#1945,#1946,#1947,#1948,#1949,#1950,#1951,
#1952,#1953,#1954,#1955,#1956,#1957,#1958,#1959,#1960));
#1962=DERIVED_UNIT_ELEMENT(#1965,1.);
#1963=DERIVED_UNIT_ELEMENT(#3383,-3.);
#1964=DIMENSIONAL_EXPONENTS(0.,1.,0.,0.,0.,0.,0.);
#1965=(
CONVERSION_BASED_UNIT('gram',#1967)
MASS_UNIT()
NAMED_UNIT(#1964)
);
#1966=(
MASS_UNIT()
NAMED_UNIT(*)
SI_UNIT(.KILO.,.GRAM.)
);
#1967=MASS_MEASURE_WITH_UNIT(MASS_MEASURE(0.001),#1966);
#1968=DERIVED_UNIT((#1962,#1963));
#1969=MEASURE_REPRESENTATION_ITEM('density measure',
POSITIVE_RATIO_MEASURE(1.13),#1968);
#1970=PROPERTY_DEFINITION_REPRESENTATION(#1975,#1972);
#1971=PROPERTY_DEFINITION_REPRESENTATION(#1976,#1973);
#1972=REPRESENTATION('material name',(#1974),#3380);
#1973=REPRESENTATION('density',(#1969),#3380);
#1974=DESCRIPTIVE_REPRESENTATION_ITEM('Nylon 6/6','Nylon 6/6');
#1975=PROPERTY_DEFINITION('material property','material name',#3390);
#1976=PROPERTY_DEFINITION('material property','density of part',#3390);
#1977=DATE_TIME_ROLE('creation_date');
#1978=APPLIED_DATE_AND_TIME_ASSIGNMENT(#1979,#1977,(#3390));
#1979=DATE_AND_TIME(#1980,#1981);
#1980=CALENDAR_DATE(2026,14,4);
#1981=LOCAL_TIME(0,0,0.,#1982);
#1982=COORDINATED_UNIVERSAL_TIME_OFFSET(0,0,.BEHIND.);
#1983=AXIS2_PLACEMENT_3D('',#2718,#2166,#2167);
#1984=AXIS2_PLACEMENT_3D('',#2719,#2168,#2169);
#1985=AXIS2_PLACEMENT_3D('',#2722,#2170,#2171);
#1986=AXIS2_PLACEMENT_3D('',#2726,#2173,#2174);
#1987=AXIS2_PLACEMENT_3D('',#2728,#2176,#2177);
#1988=AXIS2_PLACEMENT_3D('',#2734,#2181,#2182);
#1989=AXIS2_PLACEMENT_3D('',#2737,#2183,#2184);
#1990=AXIS2_PLACEMENT_3D('',#2741,#2186,#2187);
#1991=AXIS2_PLACEMENT_3D('',#2743,#2189,#2190);
#1992=AXIS2_PLACEMENT_3D('',#2749,#2194,#2195);
#1993=AXIS2_PLACEMENT_3D('',#2752,#2196,#2197);
#1994=AXIS2_PLACEMENT_3D('',#2756,#2199,#2200);
#1995=AXIS2_PLACEMENT_3D('',#2758,#2202,#2203);
#1996=AXIS2_PLACEMENT_3D('',#2764,#2207,#2208);
#1997=AXIS2_PLACEMENT_3D('',#2767,#2209,#2210);
#1998=AXIS2_PLACEMENT_3D('',#2771,#2212,#2213);
#1999=AXIS2_PLACEMENT_3D('',#2773,#2215,#2216);
#2000=AXIS2_PLACEMENT_3D('',#2779,#2220,#2221);
#2001=AXIS2_PLACEMENT_3D('',#2782,#2222,#2223);
#2002=AXIS2_PLACEMENT_3D('',#2786,#2225,#2226);
#2003=AXIS2_PLACEMENT_3D('',#2788,#2228,#2229);
#2004=AXIS2_PLACEMENT_3D('',#2794,#2233,#2234);
#2005=AXIS2_PLACEMENT_3D('',#2797,#2235,#2236);
#2006=AXIS2_PLACEMENT_3D('',#2801,#2238,#2239);
#2007=AXIS2_PLACEMENT_3D('',#2803,#2241,#2242);
#2008=AXIS2_PLACEMENT_3D('',#2809,#2246,#2247);
#2009=AXIS2_PLACEMENT_3D('',#2812,#2248,#2249);
#2010=AXIS2_PLACEMENT_3D('',#2816,#2251,#2252);
#2011=AXIS2_PLACEMENT_3D('',#2818,#2254,#2255);
#2012=AXIS2_PLACEMENT_3D('',#2824,#2259,#2260);
#2013=AXIS2_PLACEMENT_3D('',#2827,#2261,#2262);
#2014=AXIS2_PLACEMENT_3D('',#2831,#2264,#2265);
#2015=AXIS2_PLACEMENT_3D('',#2833,#2267,#2268);
#2016=AXIS2_PLACEMENT_3D('',#2839,#2272,#2273);
#2017=AXIS2_PLACEMENT_3D('',#2842,#2274,#2275);
#2018=AXIS2_PLACEMENT_3D('',#2846,#2277,#2278);
#2019=AXIS2_PLACEMENT_3D('',#2848,#2280,#2281);
#2020=AXIS2_PLACEMENT_3D('',#2851,#2284,#2285);
#2021=AXIS2_PLACEMENT_3D('',#2853,#2286,#2287);
#2022=AXIS2_PLACEMENT_3D('',#2856,#2289,#2290);
#2023=AXIS2_PLACEMENT_3D('',#2857,#2291,#2292);
#2024=AXIS2_PLACEMENT_3D('',#2863,#2296,#2297);
#2025=AXIS2_PLACEMENT_3D('',#2865,#2298,#2299);
#2026=AXIS2_PLACEMENT_3D('',#2867,#2300,#2301);
#2027=AXIS2_PLACEMENT_3D('',#2869,#2303,#2304);
#2028=AXIS2_PLACEMENT_3D('',#2872,#2305,#2306);
#2029=AXIS2_PLACEMENT_3D('',#2876,#2308,#2309);
#2030=AXIS2_PLACEMENT_3D('',#2878,#2311,#2312);
#2031=AXIS2_PLACEMENT_3D('',#2898,#2323,#2324);
#2032=AXIS2_PLACEMENT_3D('',#2900,#2325,#2326);
#2033=AXIS2_PLACEMENT_3D('',#2901,#2327,#2328);
#2034=AXIS2_PLACEMENT_3D('',#2902,#2329,#2330);
#2035=AXIS2_PLACEMENT_3D('',#2903,#2331,#2332);
#2036=AXIS2_PLACEMENT_3D('',#2904,#2333,#2334);
#2037=AXIS2_PLACEMENT_3D('',#2906,#2335,#2336);
#2038=AXIS2_PLACEMENT_3D('',#2908,#2337,#2338);
#2039=AXIS2_PLACEMENT_3D('',#2910,#2340,#2341);
#2040=AXIS2_PLACEMENT_3D('',#2913,#2342,#2343);
#2041=AXIS2_PLACEMENT_3D('',#2917,#2345,#2346);
#2042=AXIS2_PLACEMENT_3D('',#2919,#2348,#2349);
#2043=AXIS2_PLACEMENT_3D('',#2922,#2352,#2353);
#2044=AXIS2_PLACEMENT_3D('',#2924,#2354,#2355);
#2045=AXIS2_PLACEMENT_3D('',#2927,#2357,#2358);
#2046=AXIS2_PLACEMENT_3D('',#2928,#2359,#2360);
#2047=AXIS2_PLACEMENT_3D('',#2934,#2364,#2365);
#2048=AXIS2_PLACEMENT_3D('',#2936,#2366,#2367);
#2049=AXIS2_PLACEMENT_3D('',#2938,#2368,#2369);
#2050=AXIS2_PLACEMENT_3D('',#2940,#2371,#2372);
#2051=AXIS2_PLACEMENT_3D('',#2943,#2373,#2374);
#2052=AXIS2_PLACEMENT_3D('',#2947,#2376,#2377);
#2053=AXIS2_PLACEMENT_3D('',#2949,#2379,#2380);
#2054=AXIS2_PLACEMENT_3D('',#2965,#2390,#2391);
#2055=AXIS2_PLACEMENT_3D('',#2966,#2392,#2393);
#2056=AXIS2_PLACEMENT_3D('',#2967,#2394,#2395);
#2057=AXIS2_PLACEMENT_3D('',#2968,#2396,#2397);
#2058=AXIS2_PLACEMENT_3D('',#2970,#2398,#2399);
#2059=AXIS2_PLACEMENT_3D('',#2972,#2400,#2401);
#2060=AXIS2_PLACEMENT_3D('',#2974,#2403,#2404);
#2061=AXIS2_PLACEMENT_3D('',#2977,#2405,#2406);
#2062=AXIS2_PLACEMENT_3D('',#2981,#2408,#2409);
#2063=AXIS2_PLACEMENT_3D('',#2983,#2411,#2412);
#2064=AXIS2_PLACEMENT_3D('',#2986,#2415,#2416);
#2065=AXIS2_PLACEMENT_3D('',#2988,#2417,#2418);
#2066=AXIS2_PLACEMENT_3D('',#2991,#2420,#2421);
#2067=AXIS2_PLACEMENT_3D('',#2992,#2422,#2423);
#2068=AXIS2_PLACEMENT_3D('',#2998,#2427,#2428);
#2069=AXIS2_PLACEMENT_3D('',#3000,#2429,#2430);
#2070=AXIS2_PLACEMENT_3D('',#3002,#2431,#2432);
#2071=AXIS2_PLACEMENT_3D('',#3004,#2434,#2435);
#2072=AXIS2_PLACEMENT_3D('',#3007,#2436,#2437);
#2073=AXIS2_PLACEMENT_3D('',#3011,#2439,#2440);
#2074=AXIS2_PLACEMENT_3D('',#3013,#2442,#2443);
#2075=AXIS2_PLACEMENT_3D('',#3030,#2453,#2454);
#2076=AXIS2_PLACEMENT_3D('',#3032,#2455,#2456);
#2077=AXIS2_PLACEMENT_3D('',#3033,#2457,#2458);
#2078=AXIS2_PLACEMENT_3D('',#3034,#2459,#2460);
#2079=AXIS2_PLACEMENT_3D('',#3035,#2461,#2462);
#2080=AXIS2_PLACEMENT_3D('',#3036,#2463,#2464);
#2081=AXIS2_PLACEMENT_3D('',#3038,#2465,#2466);
#2082=AXIS2_PLACEMENT_3D('',#3040,#2467,#2468);
#2083=AXIS2_PLACEMENT_3D('',#3042,#2470,#2471);
#2084=AXIS2_PLACEMENT_3D('',#3045,#2472,#2473);
#2085=AXIS2_PLACEMENT_3D('',#3049,#2475,#2476);
#2086=AXIS2_PLACEMENT_3D('',#3051,#2478,#2479);
#2087=AXIS2_PLACEMENT_3D('',#3054,#2482,#2483);
#2088=AXIS2_PLACEMENT_3D('',#3056,#2484,#2485);
#2089=AXIS2_PLACEMENT_3D('',#3059,#2487,#2488);
#2090=AXIS2_PLACEMENT_3D('',#3060,#2489,#2490);
#2091=AXIS2_PLACEMENT_3D('',#3066,#2494,#2495);
#2092=AXIS2_PLACEMENT_3D('',#3068,#2496,#2497);
#2093=AXIS2_PLACEMENT_3D('',#3070,#2498,#2499);
#2094=AXIS2_PLACEMENT_3D('',#3072,#2501,#2502);
#2095=AXIS2_PLACEMENT_3D('',#3075,#2503,#2504);
#2096=AXIS2_PLACEMENT_3D('',#3079,#2506,#2507);
#2097=AXIS2_PLACEMENT_3D('',#3081,#2509,#2510);
#2098=AXIS2_PLACEMENT_3D('',#3094,#2519,#2520);
#2099=AXIS2_PLACEMENT_3D('',#3095,#2521,#2522);
#2100=AXIS2_PLACEMENT_3D('',#3096,#2523,#2524);
#2101=AXIS2_PLACEMENT_3D('',#3097,#2525,#2526);
#2102=AXIS2_PLACEMENT_3D('',#3099,#2527,#2528);
#2103=AXIS2_PLACEMENT_3D('',#3101,#2529,#2530);
#2104=AXIS2_PLACEMENT_3D('',#3103,#2532,#2533);
#2105=AXIS2_PLACEMENT_3D('',#3166,#2539,#2540);
#2106=AXIS2_PLACEMENT_3D('',#3168,#2541,#2542);
#2107=AXIS2_PLACEMENT_3D('',#3172,#2544,#2545);
#2108=AXIS2_PLACEMENT_3D('',#3185,#2547,#2548);
#2109=AXIS2_PLACEMENT_3D('',#3187,#2549,#2550);
#2110=AXIS2_PLACEMENT_3D('',#3189,#2552,#2553);
#2111=AXIS2_PLACEMENT_3D('',#3190,#2554,#2555);
#2112=AXIS2_PLACEMENT_3D('',#3192,#2556,#2557);
#2113=AXIS2_PLACEMENT_3D('',#3193,#2558,#2559);
#2114=AXIS2_PLACEMENT_3D('',#3195,#2560,#2561);
#2115=AXIS2_PLACEMENT_3D('',#3197,#2563,#2564);
#2116=AXIS2_PLACEMENT_3D('',#3199,#2566,#2567);
#2117=AXIS2_PLACEMENT_3D('',#3256,#2573,#2574);
#2118=AXIS2_PLACEMENT_3D('',#3259,#2576,#2577);
#2119=AXIS2_PLACEMENT_3D('',#3260,#2578,#2579);
#2120=AXIS2_PLACEMENT_3D('',#3261,#2580,#2581);
#2121=AXIS2_PLACEMENT_3D('',#3262,#2582,#2583);
#2122=AXIS2_PLACEMENT_3D('',#3264,#2584,#2585);
#2123=AXIS2_PLACEMENT_3D('',#3266,#2587,#2588);
#2124=AXIS2_PLACEMENT_3D('',#3267,#2589,#2590);
#2125=AXIS2_PLACEMENT_3D('',#3270,#2592,#2593);
#2126=AXIS2_PLACEMENT_3D('',#3271,#2594,#2595);
#2127=AXIS2_PLACEMENT_3D('',#3288,#2604,#2605);
#2128=AXIS2_PLACEMENT_3D('',#3291,#2608,#2609);
#2129=AXIS2_PLACEMENT_3D('',#3294,#2612,#2613);
#2130=AXIS2_PLACEMENT_3D('',#3297,#2616,#2617);
#2131=AXIS2_PLACEMENT_3D('',#3300,#2620,#2621);
#2132=AXIS2_PLACEMENT_3D('',#3303,#2624,#2625);
#2133=AXIS2_PLACEMENT_3D('',#3306,#2628,#2629);
#2134=AXIS2_PLACEMENT_3D('',#3309,#2632,#2633);
#2135=AXIS2_PLACEMENT_3D('',#3312,#2636,#2637);
#2136=AXIS2_PLACEMENT_3D('',#3313,#2638,#2639);
#2137=AXIS2_PLACEMENT_3D('',#3316,#2640,#2641);
#2138=AXIS2_PLACEMENT_3D('',#3320,#2643,#2644);
#2139=AXIS2_PLACEMENT_3D('',#3322,#2646,#2647);
#2140=AXIS2_PLACEMENT_3D('',#3325,#2648,#2649);
#2141=AXIS2_PLACEMENT_3D('',#3329,#2651,#2652);
#2142=AXIS2_PLACEMENT_3D('',#3331,#2654,#2655);
#2143=AXIS2_PLACEMENT_3D('',#3334,#2658,#2659);
#2144=AXIS2_PLACEMENT_3D('',#3337,#2662,#2663);
#2145=AXIS2_PLACEMENT_3D('',#3339,#2664,#2665);
#2146=AXIS2_PLACEMENT_3D('',#3340,#2666,#2667);
#2147=AXIS2_PLACEMENT_3D('',#3343,#2670,#2671);
#2148=AXIS2_PLACEMENT_3D('',#3346,#2673,#2674);
#2149=AXIS2_PLACEMENT_3D('',#3347,#2675,#2676);
#2150=AXIS2_PLACEMENT_3D('',#3349,#2678,#2679);
#2151=AXIS2_PLACEMENT_3D('',#3351,#2681,#2682);
#2152=AXIS2_PLACEMENT_3D('',#3353,#2684,#2685);
#2153=AXIS2_PLACEMENT_3D('',#3355,#2686,#2687);
#2154=AXIS2_PLACEMENT_3D('',#3357,#2689,#2690);
#2155=AXIS2_PLACEMENT_3D('',#3360,#2692,#2693);
#2156=AXIS2_PLACEMENT_3D('',#3361,#2694,#2695);
#2157=AXIS2_PLACEMENT_3D('',#3363,#2697,#2698);
#2158=AXIS2_PLACEMENT_3D('',#3365,#2699,#2700);
#2159=AXIS2_PLACEMENT_3D('',#3368,#2702,#2703);
#2160=AXIS2_PLACEMENT_3D('',#3369,#2704,#2705);
#2161=AXIS2_PLACEMENT_3D('',#3371,#2707,#2708);
#2162=AXIS2_PLACEMENT_3D('',#3373,#2709,#2710);
#2163=AXIS2_PLACEMENT_3D('',#3375,#2712,#2713);
#2164=AXIS2_PLACEMENT_3D('',#3376,#2714,#2715);
#2165=AXIS2_PLACEMENT_3D('',#3377,#2716,#2717);
#2166=DIRECTION('axis',(0.,0.,1.));
#2167=DIRECTION('refdir',(1.,0.,0.));
#2168=DIRECTION('center_axis',(0.,0.,-1.));
#2169=DIRECTION('ref_axis',(0.38268343236508,-0.923879532511291,0.));
#2170=DIRECTION('center_axis',(0.,0.,1.));
#2171=DIRECTION('ref_axis',(0.38268343236508,-0.923879532511291,0.));
#2172=DIRECTION('',(0.,0.,-1.));
#2173=DIRECTION('center_axis',(0.,0.,-1.));
#2174=DIRECTION('ref_axis',(0.38268343236508,-0.923879532511291,0.));
#2175=DIRECTION('',(0.,0.,1.));
#2176=DIRECTION('center_axis',(-1.,-1.26882631385732E-16,0.));
#2177=DIRECTION('ref_axis',(-1.26882631385732E-16,1.,0.));
#2178=DIRECTION('',(1.26882631385732E-16,-1.,0.));
#2179=DIRECTION('',(0.,0.,1.));
#2180=DIRECTION('',(-1.26882631385732E-16,1.,0.));
#2181=DIRECTION('center_axis',(0.,0.,-1.));
#2182=DIRECTION('ref_axis',(-0.382683432365091,-0.923879532511286,0.));
#2183=DIRECTION('center_axis',(0.,0.,1.));
#2184=DIRECTION('ref_axis',(-0.382683432365091,-0.923879532511286,0.));
#2185=DIRECTION('',(0.,0.,-1.));
#2186=DIRECTION('center_axis',(0.,0.,-1.));
#2187=DIRECTION('ref_axis',(-0.382683432365091,-0.923879532511286,0.));
#2188=DIRECTION('',(0.,0.,1.));
#2189=DIRECTION('center_axis',(-0.707106781186548,0.707106781186547,0.));
#2190=DIRECTION('ref_axis',(0.707106781186547,0.707106781186548,0.));
#2191=DIRECTION('',(-0.707106781186547,-0.707106781186548,0.));
#2192=DIRECTION('',(0.,0.,1.));
#2193=DIRECTION('',(0.707106781186547,0.707106781186548,0.));
#2194=DIRECTION('center_axis',(0.,0.,-1.));
#2195=DIRECTION('ref_axis',(-0.923879532511289,-0.382683432365085,0.));
#2196=DIRECTION('center_axis',(0.,0.,1.));
#2197=DIRECTION('ref_axis',(-0.923879532511289,-0.382683432365085,0.));
#2198=DIRECTION('',(0.,0.,-1.));
#2199=DIRECTION('center_axis',(0.,0.,-1.));
#2200=DIRECTION('ref_axis',(-0.923879532511289,-0.382683432365085,0.));
#2201=DIRECTION('',(0.,0.,1.));
#2202=DIRECTION('center_axis',(-5.07530525542929E-16,1.,0.));
#2203=DIRECTION('ref_axis',(1.,5.07530525542929E-16,0.));
#2204=DIRECTION('',(-1.,-5.07530525542929E-16,0.));
#2205=DIRECTION('',(0.,0.,1.));
#2206=DIRECTION('',(1.,5.07530525542929E-16,0.));
#2207=DIRECTION('center_axis',(0.,0.,-1.));
#2208=DIRECTION('ref_axis',(-0.923879532511294,0.382683432365073,0.));
#2209=DIRECTION('center_axis',(0.,0.,1.));
#2210=DIRECTION('ref_axis',(-0.923879532511294,0.382683432365073,0.));
#2211=DIRECTION('',(0.,0.,-1.));
#2212=DIRECTION('center_axis',(0.,0.,-1.));
#2213=DIRECTION('ref_axis',(-0.923879532511294,0.382683432365073,0.));
#2214=DIRECTION('',(0.,0.,1.));
#2215=DIRECTION('center_axis',(0.707106781186547,0.707106781186548,0.));
#2216=DIRECTION('ref_axis',(0.707106781186548,-0.707106781186547,0.));
#2217=DIRECTION('',(-0.707106781186548,0.707106781186547,0.));
#2218=DIRECTION('',(0.,0.,1.));
#2219=DIRECTION('',(0.707106781186548,-0.707106781186547,0.));
#2220=DIRECTION('center_axis',(0.,0.,-1.));
#2221=DIRECTION('ref_axis',(-0.382683432365093,0.923879532511285,0.));
#2222=DIRECTION('center_axis',(0.,0.,1.));
#2223=DIRECTION('ref_axis',(-0.382683432365093,0.923879532511285,0.));
#2224=DIRECTION('',(0.,0.,-1.));
#2225=DIRECTION('center_axis',(0.,0.,-1.));
#2226=DIRECTION('ref_axis',(-0.382683432365093,0.923879532511285,0.));
#2227=DIRECTION('',(0.,0.,1.));
#2228=DIRECTION('center_axis',(1.,1.26882631385732E-16,0.));
#2229=DIRECTION('ref_axis',(1.26882631385732E-16,-1.,0.));
#2230=DIRECTION('',(-1.26882631385732E-16,1.,0.));
#2231=DIRECTION('',(0.,0.,1.));
#2232=DIRECTION('',(1.26882631385732E-16,-1.,0.));
#2233=DIRECTION('center_axis',(0.,0.,-1.));
#2234=DIRECTION('ref_axis',(0.382683432365091,0.923879532511286,0.));
#2235=DIRECTION('center_axis',(0.,0.,1.));
#2236=DIRECTION('ref_axis',(0.382683432365091,0.923879532511286,0.));
#2237=DIRECTION('',(0.,0.,-1.));
#2238=DIRECTION('center_axis',(0.,0.,-1.));
#2239=DIRECTION('ref_axis',(0.382683432365091,0.923879532511286,0.));
#2240=DIRECTION('',(0.,0.,1.));
#2241=DIRECTION('center_axis',(0.707106781186548,-0.707106781186547,0.));
#2242=DIRECTION('ref_axis',(-0.707106781186547,-0.707106781186548,0.));
#2243=DIRECTION('',(0.707106781186547,0.707106781186548,0.));
#2244=DIRECTION('',(0.,0.,1.));
#2245=DIRECTION('',(-0.707106781186547,-0.707106781186548,0.));
#2246=DIRECTION('center_axis',(0.,0.,-1.));
#2247=DIRECTION('ref_axis',(0.923879532511288,0.382683432365088,0.));
#2248=DIRECTION('center_axis',(0.,0.,1.));
#2249=DIRECTION('ref_axis',(0.923879532511288,0.382683432365088,0.));
#2250=DIRECTION('',(0.,0.,-1.));
#2251=DIRECTION('center_axis',(0.,0.,-1.));
#2252=DIRECTION('ref_axis',(0.923879532511288,0.382683432365088,0.));
#2253=DIRECTION('',(0.,0.,1.));
#2254=DIRECTION('center_axis',(5.07530525542929E-16,-1.,0.));
#2255=DIRECTION('ref_axis',(-1.,-5.07530525542929E-16,0.));
#2256=DIRECTION('',(1.,5.07530525542929E-16,0.));
#2257=DIRECTION('',(0.,0.,1.));
#2258=DIRECTION('',(-1.,-5.07530525542929E-16,0.));
#2259=DIRECTION('center_axis',(0.,0.,-1.));
#2260=DIRECTION('ref_axis',(0.923879532511294,-0.382683432365073,0.));
#2261=DIRECTION('center_axis',(0.,0.,1.));
#2262=DIRECTION('ref_axis',(0.923879532511294,-0.382683432365073,0.));
#2263=DIRECTION('',(0.,0.,-1.));
#2264=DIRECTION('center_axis',(0.,0.,-1.));
#2265=DIRECTION('ref_axis',(0.923879532511294,-0.382683432365073,0.));
#2266=DIRECTION('',(0.,0.,1.));
#2267=DIRECTION('center_axis',(-0.707106781186547,-0.707106781186548,0.));
#2268=DIRECTION('ref_axis',(-0.707106781186548,0.707106781186547,0.));
#2269=DIRECTION('',(0.707106781186548,-0.707106781186547,0.));
#2270=DIRECTION('',(0.,0.,1.));
#2271=DIRECTION('',(-0.707106781186548,0.707106781186547,0.));
#2272=DIRECTION('center_axis',(0.,0.,-1.));
#2273=DIRECTION('ref_axis',(-1.,0.,0.));
#2274=DIRECTION('center_axis',(0.,0.,1.));
#2275=DIRECTION('ref_axis',(-1.,0.,0.));
#2276=DIRECTION('',(0.,0.,-1.));
#2277=DIRECTION('center_axis',(0.,0.,-1.));
#2278=DIRECTION('ref_axis',(-1.,0.,0.));
#2279=DIRECTION('',(0.,0.,1.));
#2280=DIRECTION('center_axis',(0.707106781186547,0.707106781186548,0.));
#2281=DIRECTION('ref_axis',(0.707106781186548,-0.707106781186547,0.));
#2282=DIRECTION('',(0.707106781186548,-0.707106781186547,0.));
#2283=DIRECTION('',(-0.707106781186548,0.707106781186547,0.));
#2284=DIRECTION('center_axis',(0.,0.,-1.));
#2285=DIRECTION('ref_axis',(0.,1.,0.));
#2286=DIRECTION('center_axis',(0.,0.,1.));
#2287=DIRECTION('ref_axis',(0.,1.,0.));
#2288=DIRECTION('',(0.,0.,-1.));
#2289=DIRECTION('center_axis',(0.,0.,-1.));
#2290=DIRECTION('ref_axis',(0.,1.,0.));
#2291=DIRECTION('center_axis',(0.707106781186548,-0.707106781186548,0.));
#2292=DIRECTION('ref_axis',(-0.707106781186548,-0.707106781186548,0.));
#2293=DIRECTION('',(0.707106781186548,0.707106781186548,0.));
#2294=DIRECTION('',(0.,0.,1.));
#2295=DIRECTION('',(-0.707106781186548,-0.707106781186548,0.));
#2296=DIRECTION('center_axis',(0.,0.,1.));
#2297=DIRECTION('ref_axis',(-0.923879532511287,0.382683432365089,0.));
#2298=DIRECTION('center_axis',(0.,0.,-1.));
#2299=DIRECTION('ref_axis',(-0.923879532511287,0.382683432365089,0.));
#2300=DIRECTION('center_axis',(0.,0.,1.));
#2301=DIRECTION('ref_axis',(-0.923879532511287,0.382683432365089,0.));
#2302=DIRECTION('',(0.,0.,-1.));
#2303=DIRECTION('center_axis',(0.,0.,-1.));
#2304=DIRECTION('ref_axis',(-0.707106781186546,-0.707106781186549,0.));
#2305=DIRECTION('center_axis',(0.,0.,-1.));
#2306=DIRECTION('ref_axis',(-0.707106781186546,-0.707106781186549,0.));
#2307=DIRECTION('',(0.,0.,1.));
#2308=DIRECTION('center_axis',(0.,0.,1.));
#2309=DIRECTION('ref_axis',(-0.707106781186546,-0.707106781186549,0.));
#2310=DIRECTION('',(0.,0.,-1.));
#2311=DIRECTION('center_axis',(1.,2.53765262771464E-16,0.));
#2312=DIRECTION('ref_axis',(2.53765262771464E-16,-1.,0.));
#2313=DIRECTION('',(-2.53765262771464E-16,1.,0.));
#2314=DIRECTION('',(2.53765262771464E-16,-1.,0.));
#2315=DIRECTION('',(0.,0.,-1.));
#2316=DIRECTION('',(-2.53765262771464E-16,1.,0.));
#2317=DIRECTION('',(0.,0.,1.));
#2318=DIRECTION('',(2.53765262771464E-16,-1.,0.));
#2319=DIRECTION('',(0.,0.,-1.));
#2320=DIRECTION('',(2.53765262771464E-16,-1.,0.));
#2321=DIRECTION('',(0.,0.,-1.));
#2322=DIRECTION('',(2.53765262771464E-16,-1.,0.));
#2323=DIRECTION('center_axis',(-1.,-2.53765262771464E-16,0.));
#2324=DIRECTION('ref_axis',(0.,0.,1.));
#2325=DIRECTION('center_axis',(-1.,-2.53765262771464E-16,0.));
#2326=DIRECTION('ref_axis',(0.,0.,1.));
#2327=DIRECTION('center_axis',(0.,0.,1.));
#2328=DIRECTION('ref_axis',(-0.707106781186546,0.707106781186549,0.));
#2329=DIRECTION('center_axis',(0.,0.,-1.));
#2330=DIRECTION('ref_axis',(-0.707106781186546,0.707106781186549,0.));
#2331=DIRECTION('center_axis',(0.,0.,1.));
#2332=DIRECTION('ref_axis',(-0.707106781186546,0.707106781186549,0.));
#2333=DIRECTION('center_axis',(0.,0.,-1.));
#2334=DIRECTION('ref_axis',(-0.923879532511286,-0.382683432365092,0.));
#2335=DIRECTION('center_axis',(0.,0.,-1.));
#2336=DIRECTION('ref_axis',(-0.923879532511286,-0.382683432365092,0.));
#2337=DIRECTION('center_axis',(0.,0.,1.));
#2338=DIRECTION('ref_axis',(-0.923879532511286,-0.382683432365092,0.));
#2339=DIRECTION('',(0.,0.,-1.));
#2340=DIRECTION('center_axis',(0.,0.,-1.));
#2341=DIRECTION('ref_axis',(-2.09345661157836E-15,-1.,0.));
#2342=DIRECTION('center_axis',(0.,0.,1.));
#2343=DIRECTION('ref_axis',(-2.09345661157836E-15,-1.,0.));
#2344=DIRECTION('',(0.,0.,-1.));
#2345=DIRECTION('center_axis',(0.,0.,-1.));
#2346=DIRECTION('ref_axis',(-2.09345661157836E-15,-1.,0.));
#2347=DIRECTION('',(0.,0.,1.));
#2348=DIRECTION('center_axis',(-0.707106781186548,0.707106781186547,0.));
#2349=DIRECTION('ref_axis',(0.707106781186547,0.707106781186548,0.));
#2350=DIRECTION('',(0.707106781186547,0.707106781186548,0.));
#2351=DIRECTION('',(-0.707106781186547,-0.707106781186548,0.));
#2352=DIRECTION('center_axis',(0.,0.,-1.));
#2353=DIRECTION('ref_axis',(-1.,0.,0.));
#2354=DIRECTION('center_axis',(0.,0.,1.));
#2355=DIRECTION('ref_axis',(-1.,0.,0.));
#2356=DIRECTION('',(0.,0.,-1.));
#2357=DIRECTION('center_axis',(0.,0.,-1.));
#2358=DIRECTION('ref_axis',(-1.,0.,0.));
#2359=DIRECTION('center_axis',(0.707106781186548,0.707106781186548,0.));
#2360=DIRECTION('ref_axis',(0.707106781186548,-0.707106781186548,0.));
#2361=DIRECTION('',(-0.707106781186548,0.707106781186548,0.));
#2362=DIRECTION('',(0.,0.,1.));
#2363=DIRECTION('',(0.707106781186548,-0.707106781186548,0.));
#2364=DIRECTION('center_axis',(0.,0.,1.));
#2365=DIRECTION('ref_axis',(-0.38268343236509,-0.923879532511287,0.));
#2366=DIRECTION('center_axis',(0.,0.,-1.));
#2367=DIRECTION('ref_axis',(-0.38268343236509,-0.923879532511287,0.));
#2368=DIRECTION('center_axis',(0.,0.,1.));
#2369=DIRECTION('ref_axis',(-0.38268343236509,-0.923879532511287,0.));
#2370=DIRECTION('',(0.,0.,-1.));
#2371=DIRECTION('center_axis',(0.,0.,-1.));
#2372=DIRECTION('ref_axis',(0.707106781186547,-0.707106781186548,0.));
#2373=DIRECTION('center_axis',(0.,0.,-1.));
#2374=DIRECTION('ref_axis',(0.707106781186547,-0.707106781186548,0.));
#2375=DIRECTION('',(0.,0.,1.));
#2376=DIRECTION('center_axis',(0.,0.,1.));
#2377=DIRECTION('ref_axis',(0.707106781186547,-0.707106781186548,0.));
#2378=DIRECTION('',(0.,0.,-1.));
#2379=DIRECTION('center_axis',(0.,1.,0.));
#2380=DIRECTION('ref_axis',(1.,0.,0.));
#2381=DIRECTION('',(-1.,0.,0.));
#2382=DIRECTION('',(1.,0.,0.));
#2383=DIRECTION('',(0.,0.,-1.));
#2384=DIRECTION('',(-1.,0.,0.));
#2385=DIRECTION('',(0.,0.,1.));
#2386=DIRECTION('',(1.,0.,0.));
#2387=DIRECTION('',(0.,0.,-1.));
#2388=DIRECTION('',(1.,0.,0.));
#2389=DIRECTION('',(1.,0.,0.));
#2390=DIRECTION('center_axis',(0.,0.,1.));
#2391=DIRECTION('ref_axis',(-0.707106781186549,-0.707106781186546,0.));
#2392=DIRECTION('center_axis',(0.,0.,-1.));
#2393=DIRECTION('ref_axis',(-0.707106781186549,-0.707106781186546,0.));
#2394=DIRECTION('center_axis',(0.,0.,1.));
#2395=DIRECTION('ref_axis',(-0.707106781186549,-0.707106781186546,0.));
#2396=DIRECTION('center_axis',(0.,0.,-1.));
#2397=DIRECTION('ref_axis',(0.38268343236509,-0.923879532511287,0.));
#2398=DIRECTION('center_axis',(0.,0.,-1.));
#2399=DIRECTION('ref_axis',(0.38268343236509,-0.923879532511287,0.));
#2400=DIRECTION('center_axis',(0.,0.,1.));
#2401=DIRECTION('ref_axis',(0.38268343236509,-0.923879532511287,0.));
#2402=DIRECTION('',(0.,0.,-1.));
#2403=DIRECTION('center_axis',(0.,0.,-1.));
#2404=DIRECTION('ref_axis',(1.,0.,0.));
#2405=DIRECTION('center_axis',(0.,0.,1.));
#2406=DIRECTION('ref_axis',(1.,0.,0.));
#2407=DIRECTION('',(0.,0.,-1.));
#2408=DIRECTION('center_axis',(0.,0.,-1.));
#2409=DIRECTION('ref_axis',(1.,0.,0.));
#2410=DIRECTION('',(0.,0.,1.));
#2411=DIRECTION('center_axis',(-0.707106781186547,-0.707106781186548,0.));
#2412=DIRECTION('ref_axis',(-0.707106781186548,0.707106781186547,0.));
#2413=DIRECTION('',(-0.707106781186548,0.707106781186547,0.));
#2414=DIRECTION('',(0.707106781186548,-0.707106781186547,0.));
#2415=DIRECTION('center_axis',(0.,0.,-1.));
#2416=DIRECTION('ref_axis',(1.04672830578918E-15,-1.,0.));
#2417=DIRECTION('center_axis',(0.,0.,1.));
#2418=DIRECTION('ref_axis',(1.04672830578918E-15,-1.,0.));
#2419=DIRECTION('',(0.,0.,-1.));
#2420=DIRECTION('center_axis',(0.,0.,-1.));
#2421=DIRECTION('ref_axis',(1.04672830578918E-15,-1.,0.));
#2422=DIRECTION('center_axis',(-0.707106781186547,0.707106781186548,0.));
#2423=DIRECTION('ref_axis',(0.707106781186548,0.707106781186547,0.));
#2424=DIRECTION('',(-0.707106781186548,-0.707106781186547,0.));
#2425=DIRECTION('',(0.,0.,1.));
#2426=DIRECTION('',(0.707106781186548,0.707106781186547,0.));
#2427=DIRECTION('center_axis',(0.,0.,1.));
#2428=DIRECTION('ref_axis',(0.923879532511287,-0.382683432365089,0.));
#2429=DIRECTION('center_axis',(0.,0.,-1.));
#2430=DIRECTION('ref_axis',(0.923879532511287,-0.382683432365089,0.));
#2431=DIRECTION('center_axis',(0.,0.,1.));
#2432=DIRECTION('ref_axis',(0.923879532511287,-0.382683432365089,0.));
#2433=DIRECTION('',(0.,0.,-1.));
#2434=DIRECTION('center_axis',(0.,0.,-1.));
#2435=DIRECTION('ref_axis',(0.707106781186546,0.707106781186549,0.));
#2436=DIRECTION('center_axis',(0.,0.,-1.));
#2437=DIRECTION('ref_axis',(0.707106781186546,0.707106781186549,0.));
#2438=DIRECTION('',(0.,0.,1.));
#2439=DIRECTION('center_axis',(0.,0.,1.));
#2440=DIRECTION('ref_axis',(0.707106781186546,0.707106781186549,0.));
#2441=DIRECTION('',(0.,0.,-1.));
#2442=DIRECTION('center_axis',(-1.,-2.53765262771464E-16,0.));
#2443=DIRECTION('ref_axis',(-2.53765262771464E-16,1.,0.));
#2444=DIRECTION('',(2.53765262771464E-16,-1.,0.));
#2445=DIRECTION('',(-2.53765262771464E-16,1.,0.));
#2446=DIRECTION('',(0.,0.,-1.));
#2447=DIRECTION('',(2.53765262771464E-16,-1.,0.));
#2448=DIRECTION('',(0.,0.,1.));
#2449=DIRECTION('',(-2.53765262771464E-16,1.,0.));
#2450=DIRECTION('',(0.,0.,-1.));
#2451=DIRECTION('',(-2.53765262771464E-16,1.,0.));
#2452=DIRECTION('',(-2.53765262771464E-16,1.,0.));
#2453=DIRECTION('center_axis',(1.,2.53765262771464E-16,0.));
#2454=DIRECTION('ref_axis',(0.,0.,-1.));
#2455=DIRECTION('center_axis',(1.,2.53765262771464E-16,0.));
#2456=DIRECTION('ref_axis',(0.,0.,-1.));
#2457=DIRECTION('center_axis',(0.,0.,1.));
#2458=DIRECTION('ref_axis',(0.707106781186546,-0.707106781186549,0.));
#2459=DIRECTION('center_axis',(0.,0.,-1.));
#2460=DIRECTION('ref_axis',(0.707106781186546,-0.707106781186549,0.));
#2461=DIRECTION('center_axis',(0.,0.,1.));
#2462=DIRECTION('ref_axis',(0.707106781186546,-0.707106781186549,0.));
#2463=DIRECTION('center_axis',(0.,0.,-1.));
#2464=DIRECTION('ref_axis',(0.923879532511287,0.38268343236509,0.));
#2465=DIRECTION('center_axis',(0.,0.,-1.));
#2466=DIRECTION('ref_axis',(0.923879532511287,0.38268343236509,0.));
#2467=DIRECTION('center_axis',(0.,0.,1.));
#2468=DIRECTION('ref_axis',(0.923879532511287,0.38268343236509,0.));
#2469=DIRECTION('',(0.,0.,-1.));
#2470=DIRECTION('center_axis',(0.,0.,-1.));
#2471=DIRECTION('ref_axis',(1.04672830578919E-15,1.,0.));
#2472=DIRECTION('center_axis',(0.,0.,1.));
#2473=DIRECTION('ref_axis',(1.04672830578919E-15,1.,0.));
#2474=DIRECTION('',(0.,0.,-1.));
#2475=DIRECTION('center_axis',(0.,0.,-1.));
#2476=DIRECTION('ref_axis',(1.04672830578919E-15,1.,0.));
#2477=DIRECTION('',(0.,0.,1.));
#2478=DIRECTION('center_axis',(0.707106781186548,-0.707106781186547,0.));
#2479=DIRECTION('ref_axis',(-0.707106781186547,-0.707106781186548,0.));
#2480=DIRECTION('',(-0.707106781186547,-0.707106781186548,0.));
#2481=DIRECTION('',(0.707106781186547,0.707106781186548,0.));
#2482=DIRECTION('center_axis',(0.,0.,-1.));
#2483=DIRECTION('ref_axis',(1.,0.,0.));
#2484=DIRECTION('center_axis',(0.,0.,1.));
#2485=DIRECTION('ref_axis',(1.,0.,0.));
#2486=DIRECTION('',(0.,0.,-1.));
#2487=DIRECTION('center_axis',(0.,0.,-1.));
#2488=DIRECTION('ref_axis',(1.,0.,0.));
#2489=DIRECTION('center_axis',(-0.707106781186548,-0.707106781186547,0.));
#2490=DIRECTION('ref_axis',(-0.707106781186547,0.707106781186548,0.));
#2491=DIRECTION('',(0.707106781186547,-0.707106781186548,0.));
#2492=DIRECTION('',(0.,0.,1.));
#2493=DIRECTION('',(-0.707106781186547,0.707106781186548,0.));
#2494=DIRECTION('center_axis',(0.,0.,1.));
#2495=DIRECTION('ref_axis',(0.382683432365089,0.923879532511287,0.));
#2496=DIRECTION('center_axis',(0.,0.,-1.));
#2497=DIRECTION('ref_axis',(0.382683432365089,0.923879532511287,0.));
#2498=DIRECTION('center_axis',(0.,0.,1.));
#2499=DIRECTION('ref_axis',(0.382683432365089,0.923879532511287,0.));
#2500=DIRECTION('',(0.,0.,-1.));
#2501=DIRECTION('center_axis',(0.,0.,-1.));
#2502=DIRECTION('ref_axis',(-0.707106781186547,0.707106781186548,0.));
#2503=DIRECTION('center_axis',(0.,0.,-1.));
#2504=DIRECTION('ref_axis',(-0.707106781186547,0.707106781186548,0.));
#2505=DIRECTION('',(0.,0.,1.));
#2506=DIRECTION('center_axis',(0.,0.,1.));
#2507=DIRECTION('ref_axis',(-0.707106781186547,0.707106781186548,0.));
#2508=DIRECTION('',(0.,0.,-1.));
#2509=DIRECTION('center_axis',(0.,-1.,0.));
#2510=DIRECTION('ref_axis',(-1.,0.,0.));
#2511=DIRECTION('',(1.,0.,0.));
#2512=DIRECTION('',(-1.,0.,0.));
#2513=DIRECTION('',(0.,0.,-1.));
#2514=DIRECTION('',(1.,0.,0.));
#2515=DIRECTION('',(0.,0.,1.));
#2516=DIRECTION('',(-1.,0.,0.));
#2517=DIRECTION('',(-1.,0.,0.));
#2518=DIRECTION('',(-1.,0.,0.));
#2519=DIRECTION('center_axis',(0.,0.,1.));
#2520=DIRECTION('ref_axis',(0.707106781186547,0.707106781186548,0.));
#2521=DIRECTION('center_axis',(0.,0.,-1.));
#2522=DIRECTION('ref_axis',(0.707106781186547,0.707106781186548,0.));
#2523=DIRECTION('center_axis',(0.,0.,1.));
#2524=DIRECTION('ref_axis',(0.707106781186547,0.707106781186548,0.));
#2525=DIRECTION('center_axis',(0.,0.,-1.));
#2526=DIRECTION('ref_axis',(-0.38268343236509,0.923879532511287,0.));
#2527=DIRECTION('center_axis',(0.,0.,-1.));
#2528=DIRECTION('ref_axis',(-0.38268343236509,0.923879532511287,0.));
#2529=DIRECTION('center_axis',(0.,0.,1.));
#2530=DIRECTION('ref_axis',(-0.38268343236509,0.923879532511287,0.));
#2531=DIRECTION('',(0.,0.,-1.));
#2532=DIRECTION('center_axis',(3.67972724280143E-16,-1.,0.));
#2533=DIRECTION('ref_axis',(0.707106781186548,0.,-0.707106781186547));
#2534=DIRECTION('',(-3.67972724280143E-16,1.,0.));
#2535=DIRECTION('',(3.67972724280143E-16,-1.,0.));
#2536=DIRECTION('',(3.67972724280143E-16,-1.,0.));
#2537=DIRECTION('',(3.67972724280143E-16,-1.,0.));
#2538=DIRECTION('',(-3.67972724280143E-16,1.,0.));
#2539=DIRECTION('center_axis',(-1.,-1.56125112837913E-14,0.));
#2540=DIRECTION('ref_axis',(1.09906472107864E-14,-0.707106781186548,-0.707106781186547));
#2541=DIRECTION('center_axis',(-1.,-3.67972724280143E-16,0.));
#2542=DIRECTION('ref_axis',(1.09906472107864E-14,-0.707106781186548,-0.707106781186547));
#2543=DIRECTION('',(-1.,-1.56125112837913E-14,0.));
#2544=DIRECTION('center_axis',(1.,1.83986362140073E-16,0.));
#2545=DIRECTION('ref_axis',(1.09906472107864E-14,-0.707106781186548,-0.707106781186547));
#2546=DIRECTION('',(1.,1.56125112837913E-14,0.));
#2547=DIRECTION('center_axis',(1.,3.67972724280143E-16,0.));
#2548=DIRECTION('ref_axis',(0.,0.,-1.));
#2549=DIRECTION('center_axis',(-1.,-3.67972724280143E-16,0.));
#2550=DIRECTION('ref_axis',(0.,0.,-1.));
#2551=DIRECTION('',(-1.,-3.67972724280143E-16,0.));
#2552=DIRECTION('center_axis',(-1.,-3.67972724280143E-16,0.));
#2553=DIRECTION('ref_axis',(0.,0.,-1.));
#2554=DIRECTION('center_axis',(1.,3.67972724280143E-16,0.));
#2555=DIRECTION('ref_axis',(3.67972724280143E-16,-1.,0.));
#2556=DIRECTION('center_axis',(-1.,-3.67972724280143E-16,0.));
#2557=DIRECTION('ref_axis',(0.,0.,-1.));
#2558=DIRECTION('center_axis',(-1.,-3.67972724280143E-16,0.));
#2559=DIRECTION('ref_axis',(0.,0.,-1.));
#2560=DIRECTION('center_axis',(-1.,-3.67972724280143E-16,0.));
#2561=DIRECTION('ref_axis',(-7.85046229341889E-16,0.707106781186546,-0.707106781186549));
#2562=DIRECTION('',(-3.67972724280143E-16,1.,0.));
#2563=DIRECTION('center_axis',(1.,3.67972724280143E-16,0.));
#2564=DIRECTION('ref_axis',(0.,0.,-1.));
#2565=DIRECTION('',(-1.,-3.67972724280143E-16,0.));
#2566=DIRECTION('center_axis',(-1.83986362140073E-16,1.,0.));
#2567=DIRECTION('ref_axis',(-0.707106781186548,0.,-0.707106781186547));
#2568=DIRECTION('',(1.83986362140073E-16,-1.,0.));
#2569=DIRECTION('',(-1.83986362140073E-16,1.,0.));
#2570=DIRECTION('',(-1.83986362140073E-16,1.,0.));
#2571=DIRECTION('',(-1.83986362140073E-16,1.,0.));
#2572=DIRECTION('',(1.83986362140073E-16,-1.,0.));
#2573=DIRECTION('center_axis',(-1.,-1.83986362140073E-16,0.));
#2574=DIRECTION('ref_axis',(-1.83986362140073E-16,1.,0.));
#2575=DIRECTION('',(1.83986362140073E-16,-1.,0.));
#2576=DIRECTION('center_axis',(1.,1.83986362140073E-16,0.));
#2577=DIRECTION('ref_axis',(-7.85046229341889E-16,0.707106781186546,0.707106781186549));
#2578=DIRECTION('center_axis',(1.,1.83986362140073E-16,0.));
#2579=DIRECTION('ref_axis',(0.,0.,1.));
#2580=DIRECTION('center_axis',(1.,1.83986362140073E-16,0.));
#2581=DIRECTION('ref_axis',(0.,0.,1.));
#2582=DIRECTION('center_axis',(0.,0.,1.));
#2583=DIRECTION('ref_axis',(1.,0.,0.));
#2584=DIRECTION('center_axis',(0.,0.,1.));
#2585=DIRECTION('ref_axis',(1.,0.,0.));
#2586=DIRECTION('',(0.,0.,-1.));
#2587=DIRECTION('center_axis',(0.,0.,1.));
#2588=DIRECTION('ref_axis',(1.,0.,0.));
#2589=DIRECTION('center_axis',(0.,0.,-1.));
#2590=DIRECTION('ref_axis',(-1.,0.,0.));
#2591=DIRECTION('',(-1.,-4.62592926927148E-16,0.));
#2592=DIRECTION('center_axis',(0.,0.,1.));
#2593=DIRECTION('ref_axis',(1.,0.,0.));
#2594=DIRECTION('center_axis',(0.,0.,1.));
#2595=DIRECTION('ref_axis',(1.,0.,0.));
#2596=DIRECTION('',(-1.,0.,0.));
#2597=DIRECTION('',(0.,-1.,0.));
#2598=DIRECTION('',(1.,0.,0.));
#2599=DIRECTION('',(0.,1.,0.));
#2600=DIRECTION('',(0.,-1.,0.));
#2601=DIRECTION('',(1.,0.,0.));
#2602=DIRECTION('',(-7.40148683083437E-16,1.,0.));
#2603=DIRECTION('',(-1.,0.,0.));
#2604=DIRECTION('center_axis',(-0.707106781186547,0.707106781186548,0.));
#2605=DIRECTION('ref_axis',(0.707106781186548,0.707106781186547,0.));
#2606=DIRECTION('',(-0.707106781186548,-0.707106781186547,0.));
#2607=DIRECTION('',(0.707106781186548,0.707106781186547,0.));
#2608=DIRECTION('center_axis',(5.07530525542929E-16,-1.,0.));
#2609=DIRECTION('ref_axis',(-1.,-5.07530525542929E-16,0.));
#2610=DIRECTION('',(-1.,-5.07530525542929E-16,0.));
#2611=DIRECTION('',(1.,5.07530525542929E-16,0.));
#2612=DIRECTION('center_axis',(-0.707106781186548,-0.707106781186547,0.));
#2613=DIRECTION('ref_axis',(-0.707106781186547,0.707106781186548,0.));
#2614=DIRECTION('',(0.707106781186547,-0.707106781186548,0.));
#2615=DIRECTION('',(-0.707106781186547,0.707106781186548,0.));
#2616=DIRECTION('center_axis',(1.,1.26882631385732E-16,0.));
#2617=DIRECTION('ref_axis',(1.26882631385732E-16,-1.,0.));
#2618=DIRECTION('',(1.26882631385732E-16,-1.,0.));
#2619=DIRECTION('',(-1.26882631385732E-16,1.,0.));
#2620=DIRECTION('center_axis',(0.707106781186548,-0.707106781186548,0.));
#2621=DIRECTION('ref_axis',(-0.707106781186548,-0.707106781186548,0.));
#2622=DIRECTION('',(-0.707106781186548,-0.707106781186548,0.));
#2623=DIRECTION('',(0.707106781186548,0.707106781186548,0.));
#2624=DIRECTION('center_axis',(-5.07530525542929E-16,1.,0.));
#2625=DIRECTION('ref_axis',(1.,5.07530525542929E-16,0.));
#2626=DIRECTION('',(1.,5.07530525542929E-16,0.));
#2627=DIRECTION('',(-1.,-5.07530525542929E-16,0.));
#2628=DIRECTION('center_axis',(0.707106781186548,0.707106781186548,0.));
#2629=DIRECTION('ref_axis',(0.707106781186548,-0.707106781186548,0.));
#2630=DIRECTION('',(-0.707106781186548,0.707106781186548,0.));
#2631=DIRECTION('',(0.707106781186548,-0.707106781186548,0.));
#2632=DIRECTION('center_axis',(-1.,-1.26882631385732E-16,0.));
#2633=DIRECTION('ref_axis',(-1.26882631385732E-16,1.,0.));
#2634=DIRECTION('',(-1.26882631385732E-16,1.,0.));
#2635=DIRECTION('',(1.26882631385732E-16,-1.,0.));
#2636=DIRECTION('center_axis',(0.,0.,-1.));
#2637=DIRECTION('ref_axis',(-1.,0.,0.));
#2638=DIRECTION('center_axis',(0.,-1.,0.));
#2639=DIRECTION('ref_axis',(-1.,0.,0.));
#2640=DIRECTION('center_axis',(0.,-1.,0.));
#2641=DIRECTION('ref_axis',(-1.,0.,0.));
#2642=DIRECTION('',(0.,1.,0.));
#2643=DIRECTION('center_axis',(0.,1.,0.));
#2644=DIRECTION('ref_axis',(-1.,0.,0.));
#2645=DIRECTION('',(0.,1.,0.));
#2646=DIRECTION('center_axis',(0.,-1.,0.));
#2647=DIRECTION('ref_axis',(-1.,0.,0.));
#2648=DIRECTION('center_axis',(0.,-1.,0.));
#2649=DIRECTION('ref_axis',(-1.,0.,0.));
#2650=DIRECTION('',(0.,1.,0.));
#2651=DIRECTION('center_axis',(0.,1.,0.));
#2652=DIRECTION('ref_axis',(-1.,0.,0.));
#2653=DIRECTION('',(0.,1.,0.));
#2654=DIRECTION('center_axis',(1.,0.,0.));
#2655=DIRECTION('ref_axis',(0.,-1.,0.));
#2656=DIRECTION('',(0.,0.,-1.));
#2657=DIRECTION('',(0.,0.,-1.));
#2658=DIRECTION('center_axis',(-1.,0.,0.));
#2659=DIRECTION('ref_axis',(0.,1.,0.));
#2660=DIRECTION('',(0.,0.,-1.));
#2661=DIRECTION('',(0.,0.,-1.));
#2662=DIRECTION('center_axis',(0.,1.,0.));
#2663=DIRECTION('ref_axis',(1.,0.,0.));
#2664=DIRECTION('center_axis',(0.,-1.,0.));
#2665=DIRECTION('ref_axis',(1.,0.,0.));
#2666=DIRECTION('center_axis',(-1.,0.,0.));
#2667=DIRECTION('ref_axis',(0.,1.,0.));
#2668=DIRECTION('',(0.,0.,-1.));
#2669=DIRECTION('',(0.,0.,-1.));
#2670=DIRECTION('center_axis',(0.,-1.,0.));
#2671=DIRECTION('ref_axis',(-1.,0.,0.));
#2672=DIRECTION('',(0.,0.,-1.));
#2673=DIRECTION('center_axis',(0.,1.,0.));
#2674=DIRECTION('ref_axis',(1.,0.,0.));
#2675=DIRECTION('center_axis',(1.,7.40148683083437E-16,0.));
#2676=DIRECTION('ref_axis',(7.40148683083437E-16,-1.,0.));
#2677=DIRECTION('',(0.,0.,-1.));
#2678=DIRECTION('center_axis',(-1.,-1.83986362140073E-16,0.));
#2679=DIRECTION('ref_axis',(0.,0.,1.));
#2680=DIRECTION('',(1.,1.83986362140073E-16,0.));
#2681=DIRECTION('center_axis',(-1.,-1.83986362140073E-16,0.));
#2682=DIRECTION('ref_axis',(0.,0.,1.));
#2683=DIRECTION('',(1.,1.83986362140073E-16,0.));
#2684=DIRECTION('center_axis',(0.,-1.,0.));
#2685=DIRECTION('ref_axis',(1.,0.,0.));
#2686=DIRECTION('center_axis',(0.,1.,0.));
#2687=DIRECTION('ref_axis',(1.,0.,0.));
#2688=DIRECTION('',(0.,1.,0.));
#2689=DIRECTION('center_axis',(0.,-1.,0.));
#2690=DIRECTION('ref_axis',(1.,0.,0.));
#2691=DIRECTION('',(0.,1.,0.));
#2692=DIRECTION('center_axis',(0.,-1.,0.));
#2693=DIRECTION('ref_axis',(1.,0.,0.));
#2694=DIRECTION('center_axis',(1.,4.62592926927148E-16,0.));
#2695=DIRECTION('ref_axis',(-7.85046229341889E-16,0.707106781186546,-0.707106781186549));
#2696=DIRECTION('',(1.,4.62592926927148E-16,0.));
#2697=DIRECTION('center_axis',(0.,0.,1.));
#2698=DIRECTION('ref_axis',(1.,0.,0.));
#2699=DIRECTION('center_axis',(0.,0.,-1.));
#2700=DIRECTION('ref_axis',(1.,0.,0.));
#2701=DIRECTION('',(0.707106781186547,8.65956056235493E-17,-0.707106781186548));
#2702=DIRECTION('center_axis',(0.,0.,1.));
#2703=DIRECTION('ref_axis',(1.,0.,0.));
#2704=DIRECTION('center_axis',(0.,0.,1.));
#2705=DIRECTION('ref_axis',(1.,0.,0.));
#2706=DIRECTION('',(0.,0.,-1.));
#2707=DIRECTION('center_axis',(0.,0.,1.));
#2708=DIRECTION('ref_axis',(1.,0.,0.));
#2709=DIRECTION('center_axis',(0.,0.,-1.));
#2710=DIRECTION('ref_axis',(1.,0.,0.));
#2711=DIRECTION('',(0.707106781186547,8.65956056235493E-17,-0.707106781186548));
#2712=DIRECTION('center_axis',(0.,1.,0.));
#2713=DIRECTION('ref_axis',(1.,0.,0.));
#2714=DIRECTION('center_axis',(0.,-1.,0.));
#2715=DIRECTION('ref_axis',(-1.,0.,0.));
#2716=DIRECTION('center_axis',(0.,0.,1.));
#2717=DIRECTION('ref_axis',(1.,0.,0.));
#2718=CARTESIAN_POINT('',(0.,0.,0.));
#2719=CARTESIAN_POINT('Origin',(-1.32500000000003,38.3673690476164,0.));
#2720=CARTESIAN_POINT('',(-1.81997474683062,37.8723943007859,0.));
#2721=CARTESIAN_POINT('',(-0.625000000000033,38.3673690476164,0.));
#2722=CARTESIAN_POINT('Origin',(-1.32500000000003,38.3673690476164,0.));
#2723=CARTESIAN_POINT('',(-0.625000000000033,38.3673690476164,-1.));
#2724=CARTESIAN_POINT('',(-0.625000000000033,38.3673690476164,0.));
#2725=CARTESIAN_POINT('',(-1.81997474683062,37.8723943007859,-1.));
#2726=CARTESIAN_POINT('Origin',(-1.32500000000003,38.3673690476164,-1.));
#2727=CARTESIAN_POINT('',(-1.81997474683062,37.8723943007859,0.));
#2728=CARTESIAN_POINT('Origin',(-0.625000000000032,36.6774195539553,0.));
#2729=CARTESIAN_POINT('',(-0.625000000000033,42.4185360774721,0.));
#2730=CARTESIAN_POINT('',(-0.625000000000033,43.9185360774721,0.));
#2731=CARTESIAN_POINT('',(-0.625000000000033,42.4185360774721,-1.));
#2732=CARTESIAN_POINT('',(-0.625000000000033,42.4185360774721,0.));
#2733=CARTESIAN_POINT('',(-0.625000000000033,43.9185360774721,-1.));
#2734=CARTESIAN_POINT('Origin',(1.32499999999997,38.3673690476164,0.));
#2735=CARTESIAN_POINT('',(0.624999999999967,38.3673690476164,0.));
#2736=CARTESIAN_POINT('',(1.81997474683055,37.8723943007859,0.));
#2737=CARTESIAN_POINT('Origin',(1.32499999999997,38.3673690476164,0.));
#2738=CARTESIAN_POINT('',(1.81997474683055,37.8723943007859,-1.));
#2739=CARTESIAN_POINT('',(1.81997474683055,37.8723943007859,0.));
#2740=CARTESIAN_POINT('',(0.624999999999967,38.3673690476164,-1.));
#2741=CARTESIAN_POINT('Origin',(1.32499999999997,38.3673690476164,-1.));
#2742=CARTESIAN_POINT('',(0.624999999999967,38.3673690476164,0.));
#2743=CARTESIAN_POINT('Origin',(0.624999999999967,36.6774195539553,0.));
#2744=CARTESIAN_POINT('',(4.41897096523237,40.4713905191877,0.));
#2745=CARTESIAN_POINT('',(5.47963113701219,41.5320506909675,0.));
#2746=CARTESIAN_POINT('',(4.41897096523237,40.4713905191877,-1.));
#2747=CARTESIAN_POINT('',(4.41897096523237,40.4713905191877,0.));
#2748=CARTESIAN_POINT('',(5.47963113701219,41.5320506909675,-1.));
#2749=CARTESIAN_POINT('Origin',(3.19883297014433,36.4935360774721,0.));
#2750=CARTESIAN_POINT('',(2.70385822331374,36.9885108243027,0.));
#2751=CARTESIAN_POINT('',(3.19883297014433,35.7935360774721,0.));
#2752=CARTESIAN_POINT('Origin',(3.19883297014433,36.4935360774721,0.));
#2753=CARTESIAN_POINT('',(3.19883297014433,35.7935360774721,-1.));
#2754=CARTESIAN_POINT('',(3.19883297014433,35.7935360774721,0.));
#2755=CARTESIAN_POINT('',(2.70385822331374,36.9885108243027,-1.));
#2756=CARTESIAN_POINT('Origin',(3.19883297014433,36.4935360774721,-1.));
#2757=CARTESIAN_POINT('',(2.70385822331374,36.9885108243027,0.));
#2758=CARTESIAN_POINT('Origin',(1.50888347648315,35.7935360774721,0.));
#2759=CARTESIAN_POINT('',(7.24999999999997,35.7935360774721,0.));
#2760=CARTESIAN_POINT('',(8.74999999999997,35.7935360774721,0.));
#2761=CARTESIAN_POINT('',(7.24999999999997,35.7935360774721,-1.));
#2762=CARTESIAN_POINT('',(7.24999999999997,35.7935360774721,0.));
#2763=CARTESIAN_POINT('',(8.74999999999997,35.7935360774721,-1.));
#2764=CARTESIAN_POINT('Origin',(3.19883297014431,33.8435360774721,0.));
#2765=CARTESIAN_POINT('',(3.19883297014431,34.5435360774721,0.));
#2766=CARTESIAN_POINT('',(2.70385822331373,33.3485613306415,0.));
#2767=CARTESIAN_POINT('Origin',(3.19883297014431,33.8435360774721,0.));
#2768=CARTESIAN_POINT('',(2.70385822331373,33.3485613306415,-1.));
#2769=CARTESIAN_POINT('',(2.70385822331373,33.3485613306415,0.));
#2770=CARTESIAN_POINT('',(3.19883297014431,34.5435360774721,-1.));
#2771=CARTESIAN_POINT('Origin',(3.19883297014431,33.8435360774721,-1.));
#2772=CARTESIAN_POINT('',(3.19883297014431,34.5435360774721,0.));
#2773=CARTESIAN_POINT('Origin',(1.50888347648315,34.5435360774721,0.));
#2774=CARTESIAN_POINT('',(5.30285444171556,30.7495651122397,0.));
#2775=CARTESIAN_POINT('',(6.36351461349538,29.6889049404599,0.));
#2776=CARTESIAN_POINT('',(5.30285444171556,30.7495651122397,-1.));
#2777=CARTESIAN_POINT('',(5.30285444171556,30.7495651122397,0.));
#2778=CARTESIAN_POINT('',(6.36351461349538,29.6889049404599,-1.));
#2779=CARTESIAN_POINT('Origin',(1.32499999999997,31.9697031073277,0.));
#2780=CARTESIAN_POINT('',(1.81997474683055,32.4646778541583,0.));
#2781=CARTESIAN_POINT('',(0.624999999999968,31.9697031073277,0.));
#2782=CARTESIAN_POINT('Origin',(1.32499999999997,31.9697031073277,0.));
#2783=CARTESIAN_POINT('',(0.624999999999968,31.9697031073277,-1.));
#2784=CARTESIAN_POINT('',(0.624999999999968,31.9697031073277,0.));
#2785=CARTESIAN_POINT('',(1.81997474683055,32.4646778541583,-1.));
#2786=CARTESIAN_POINT('Origin',(1.32499999999997,31.9697031073277,-1.));
#2787=CARTESIAN_POINT('',(1.81997474683055,32.4646778541583,0.));
#2788=CARTESIAN_POINT('Origin',(0.624999999999968,33.6596526009889,0.));
#2789=CARTESIAN_POINT('',(0.624999999999969,27.9185360774721,0.));
#2790=CARTESIAN_POINT('',(0.624999999999969,26.4185360774721,0.));
#2791=CARTESIAN_POINT('',(0.624999999999969,27.9185360774721,-1.));
#2792=CARTESIAN_POINT('',(0.624999999999969,27.9185360774721,0.));
#2793=CARTESIAN_POINT('',(0.624999999999969,26.4185360774721,-1.));
#2794=CARTESIAN_POINT('Origin',(-1.32500000000003,31.9697031073277,0.));
#2795=CARTESIAN_POINT('',(-0.625000000000032,31.9697031073277,0.));
#2796=CARTESIAN_POINT('',(-1.81997474683062,32.4646778541583,0.));
#2797=CARTESIAN_POINT('Origin',(-1.32500000000003,31.9697031073277,0.));
#2798=CARTESIAN_POINT('',(-1.81997474683062,32.4646778541583,-1.));
#2799=CARTESIAN_POINT('',(-1.81997474683062,32.4646778541583,0.));
#2800=CARTESIAN_POINT('',(-0.625000000000032,31.9697031073277,-1.));
#2801=CARTESIAN_POINT('Origin',(-1.32500000000003,31.9697031073277,-1.));
#2802=CARTESIAN_POINT('',(-0.625000000000032,31.9697031073277,0.));
#2803=CARTESIAN_POINT('Origin',(-0.625000000000033,33.6596526009889,0.));
#2804=CARTESIAN_POINT('',(-4.41897096523242,29.8656816357565,0.));
#2805=CARTESIAN_POINT('',(-5.47963113701225,28.8050214639767,0.));
#2806=CARTESIAN_POINT('',(-4.41897096523242,29.8656816357565,-1.));
#2807=CARTESIAN_POINT('',(-4.41897096523242,29.8656816357565,0.));
#2808=CARTESIAN_POINT('',(-5.47963113701225,28.8050214639767,-1.));
#2809=CARTESIAN_POINT('Origin',(-3.19883297014437,33.8435360774721,0.));
#2810=CARTESIAN_POINT('',(-2.70385822331379,33.3485613306415,0.));
#2811=CARTESIAN_POINT('',(-3.19883297014437,34.5435360774721,0.));
#2812=CARTESIAN_POINT('Origin',(-3.19883297014437,33.8435360774721,0.));
#2813=CARTESIAN_POINT('',(-3.19883297014437,34.5435360774721,-1.));
#2814=CARTESIAN_POINT('',(-3.19883297014438,34.5435360774721,0.));
#2815=CARTESIAN_POINT('',(-2.70385822331379,33.3485613306415,-1.));
#2816=CARTESIAN_POINT('Origin',(-3.19883297014437,33.8435360774721,-1.));
#2817=CARTESIAN_POINT('',(-2.70385822331379,33.3485613306415,0.));
#2818=CARTESIAN_POINT('Origin',(-1.50888347648321,34.5435360774721,0.));
#2819=CARTESIAN_POINT('',(-7.25000000000003,34.5435360774721,0.));
#2820=CARTESIAN_POINT('',(-8.75000000000003,34.5435360774721,0.));
#2821=CARTESIAN_POINT('',(-7.25000000000003,34.5435360774721,-1.));
#2822=CARTESIAN_POINT('',(-7.25000000000003,34.5435360774721,0.));
#2823=CARTESIAN_POINT('',(-8.75000000000003,34.5435360774721,-1.));
#2824=CARTESIAN_POINT('Origin',(-3.19883297014438,36.4935360774721,0.));
#2825=CARTESIAN_POINT('',(-3.19883297014437,35.7935360774721,0.));
#2826=CARTESIAN_POINT('',(-2.70385822331379,36.9885108243027,0.));
#2827=CARTESIAN_POINT('Origin',(-3.19883297014438,36.4935360774721,0.));
#2828=CARTESIAN_POINT('',(-2.70385822331379,36.9885108243027,-1.));
#2829=CARTESIAN_POINT('',(-2.70385822331379,36.9885108243027,0.));
#2830=CARTESIAN_POINT('',(-3.19883297014437,35.7935360774721,-1.));
#2831=CARTESIAN_POINT('Origin',(-3.19883297014438,36.4935360774721,-1.));
#2832=CARTESIAN_POINT('',(-3.19883297014438,35.7935360774721,0.));
#2833=CARTESIAN_POINT('Origin',(-1.50888347648322,35.7935360774721,0.));
#2834=CARTESIAN_POINT('',(-5.30285444171561,39.5875070427045,0.));
#2835=CARTESIAN_POINT('',(-6.36351461349543,40.6481672144843,0.));
#2836=CARTESIAN_POINT('',(-5.30285444171561,39.5875070427045,-1.));
#2837=CARTESIAN_POINT('',(-5.30285444171561,39.5875070427045,0.));
#2838=CARTESIAN_POINT('',(-6.36351461349543,40.6481672144843,-1.));
#2839=CARTESIAN_POINT('Origin',(-3.3583107934526,41.5320506909675,0.));
#2840=CARTESIAN_POINT('',(-4.41897096523243,42.5927108627473,0.));
#2841=CARTESIAN_POINT('',(-4.41897096523242,40.4713905191877,0.));
#2842=CARTESIAN_POINT('Origin',(-3.3583107934526,41.5320506909675,0.));
#2843=CARTESIAN_POINT('',(-4.41897096523242,40.4713905191877,-1.));
#2844=CARTESIAN_POINT('',(-4.41897096523242,40.4713905191877,0.));
#2845=CARTESIAN_POINT('',(-4.41897096523243,42.5927108627473,-1.));
#2846=CARTESIAN_POINT('Origin',(-3.3583107934526,41.5320506909675,-1.));
#2847=CARTESIAN_POINT('',(-4.41897096523242,42.5927108627473,0.));
#2848=CARTESIAN_POINT('Origin',(-5.47963113701224,41.5320506909675,0.));
#2849=CARTESIAN_POINT('',(-0.625000000000033,36.6774195539553,-1.));
#2850=CARTESIAN_POINT('',(-0.625000000000033,36.6774195539553,0.));
#2851=CARTESIAN_POINT('Origin',(-6.36351461349543,38.5268468709247,0.));
#2852=CARTESIAN_POINT('',(-7.42417478527525,39.5875070427045,0.));
#2853=CARTESIAN_POINT('Origin',(-6.36351461349543,38.5268468709247,0.));
#2854=CARTESIAN_POINT('',(-7.42417478527525,39.5875070427045,-1.));
#2855=CARTESIAN_POINT('',(-7.42417478527525,39.5875070427045,0.));
#2856=CARTESIAN_POINT('Origin',(-6.36351461349543,38.5268468709247,-1.));
#2857=CARTESIAN_POINT('Origin',(-6.36351461349543,40.6481672144843,0.));
#2858=CARTESIAN_POINT('',(-8.31066017177985,38.7010216561999,0.));
#2859=CARTESIAN_POINT('',(-8.75000000000003,38.2616818279797,0.));
#2860=CARTESIAN_POINT('',(-8.31066017177985,38.7010216561999,-1.));
#2861=CARTESIAN_POINT('',(-8.31066017177985,38.7010216561999,0.));
#2862=CARTESIAN_POINT('',(-8.75000000000003,38.2616818279797,-1.));
#2863=CARTESIAN_POINT('Origin',(-7.25000000000003,37.6403614844201,0.));
#2864=CARTESIAN_POINT('',(-8.75000000000003,37.6403614844201,-1.));
#2865=CARTESIAN_POINT('Origin',(-7.25000000000003,37.6403614844201,-1.));
#2866=CARTESIAN_POINT('',(-8.75000000000003,37.6403614844201,0.));
#2867=CARTESIAN_POINT('Origin',(-7.25000000000003,37.6403614844201,0.));
#2868=CARTESIAN_POINT('',(-8.75000000000003,37.6403614844201,0.));
#2869=CARTESIAN_POINT('Origin',(-7.25000000000003,37.2935360774721,0.));
#2870=CARTESIAN_POINT('',(-7.25000000000003,35.7935360774721,-1.));
#2871=CARTESIAN_POINT('',(-8.75000000000003,37.2935360774721,-1.));
#2872=CARTESIAN_POINT('Origin',(-7.25000000000003,37.2935360774721,-1.));
#2873=CARTESIAN_POINT('',(-8.75000000000003,37.2935360774721,0.));
#2874=CARTESIAN_POINT('',(-8.75000000000003,37.2935360774721,0.));
#2875=CARTESIAN_POINT('',(-7.25000000000003,35.7935360774721,0.));
#2876=CARTESIAN_POINT('Origin',(-7.25000000000003,37.2935360774721,0.));
#2877=CARTESIAN_POINT('',(-7.25000000000003,35.7935360774721,0.));
#2878=CARTESIAN_POINT('Origin',(-8.75000000000003,43.9185360774721,0.));
#2879=CARTESIAN_POINT('',(-8.75000000000003,26.4185360774721,0.));
#2880=CARTESIAN_POINT('',(-8.75000000000003,33.0435360774721,-1.));
#2881=CARTESIAN_POINT('',(-8.75000000000003,39.5435360774721,-1.));
#2882=CARTESIAN_POINT('',(-8.75000000000003,33.0435360774721,0.));
#2883=CARTESIAN_POINT('',(-8.75000000000003,33.0435360774721,0.));
#2884=CARTESIAN_POINT('',(-8.75000000000003,32.6967106705241,0.));
#2885=CARTESIAN_POINT('',(-8.75000000000003,26.4185360774721,0.));
#2886=CARTESIAN_POINT('',(-8.75000000000003,32.6967106705241,-1.));
#2887=CARTESIAN_POINT('',(-8.75000000000003,32.6967106705241,0.));
#2888=CARTESIAN_POINT('',(-8.75000000000003,26.4185360774721,-1.));
#2889=CARTESIAN_POINT('',(-8.75000000000003,39.5435360774721,-1.));
#2890=CARTESIAN_POINT('',(-8.75000000000003,26.4185360774721,-4.));
#2891=CARTESIAN_POINT('',(-8.75000000000003,26.4185360774721,0.));
#2892=CARTESIAN_POINT('',(-8.75000000000004,43.9185360774721,-4.));
#2893=CARTESIAN_POINT('',(-8.75000000000003,26.4185360774721,-4.));
#2894=CARTESIAN_POINT('',(-8.75000000000003,43.9185360774721,-1.));
#2895=CARTESIAN_POINT('',(-8.75000000000003,43.9185360774721,0.));
#2896=CARTESIAN_POINT('',(-8.75000000000003,39.5435360774721,-1.));
#2897=CARTESIAN_POINT('',(-8.75000000000003,41.1711748861239,-3.1835000000003));
#2898=CARTESIAN_POINT('Origin',(-8.75000000000003,41.1711748861239,-2.4000000000003));
#2899=CARTESIAN_POINT('',(-8.75000000000003,30.0912554647046,-3.18350000000042));
#2900=CARTESIAN_POINT('Origin',(-8.75000000000003,30.0912554647046,-2.40000000000042));
#2901=CARTESIAN_POINT('Origin',(-7.25000000000003,33.0435360774721,0.));
#2902=CARTESIAN_POINT('Origin',(-7.25000000000003,33.0435360774721,-1.));
#2903=CARTESIAN_POINT('Origin',(-7.25000000000003,33.0435360774721,0.));
#2904=CARTESIAN_POINT('Origin',(-7.25000000000003,32.6967106705241,0.));
#2905=CARTESIAN_POINT('',(-8.31066017177985,31.6360504987443,-1.));
#2906=CARTESIAN_POINT('Origin',(-7.25000000000003,32.6967106705241,-1.));
#2907=CARTESIAN_POINT('',(-8.31066017177985,31.6360504987443,0.));
#2908=CARTESIAN_POINT('Origin',(-7.25000000000003,32.6967106705241,0.));
#2909=CARTESIAN_POINT('',(-8.31066017177985,31.6360504987443,0.));
#2910=CARTESIAN_POINT('Origin',(-6.36351461349542,31.8102252840195,0.));
#2911=CARTESIAN_POINT('',(-7.42417478527525,30.7495651122397,0.));
#2912=CARTESIAN_POINT('',(-5.3028544417156,30.7495651122397,0.));
#2913=CARTESIAN_POINT('Origin',(-6.36351461349542,31.8102252840195,0.));
#2914=CARTESIAN_POINT('',(-5.3028544417156,30.7495651122397,-1.));
#2915=CARTESIAN_POINT('',(-5.3028544417156,30.7495651122397,0.));
#2916=CARTESIAN_POINT('',(-7.42417478527525,30.7495651122397,-1.));
#2917=CARTESIAN_POINT('Origin',(-6.36351461349542,31.8102252840195,-1.));
#2918=CARTESIAN_POINT('',(-7.42417478527525,30.7495651122397,0.));
#2919=CARTESIAN_POINT('Origin',(-6.36351461349543,29.6889049404599,0.));
#2920=CARTESIAN_POINT('',(-1.50888347648321,34.5435360774721,-1.));
#2921=CARTESIAN_POINT('',(-1.50888347648321,34.5435360774721,0.));
#2922=CARTESIAN_POINT('Origin',(-3.3583107934526,28.8050214639767,0.));
#2923=CARTESIAN_POINT('',(-4.41897096523242,27.7443612921969,0.));
#2924=CARTESIAN_POINT('Origin',(-3.3583107934526,28.8050214639767,0.));
#2925=CARTESIAN_POINT('',(-4.41897096523242,27.7443612921969,-1.));
#2926=CARTESIAN_POINT('',(-4.41897096523243,27.7443612921969,0.));
#2927=CARTESIAN_POINT('Origin',(-3.3583107934526,28.8050214639767,-1.));
#2928=CARTESIAN_POINT('Origin',(-5.47963113701224,28.8050214639767,0.));
#2929=CARTESIAN_POINT('',(-3.53248557872782,26.8578759056923,0.));
#2930=CARTESIAN_POINT('',(-3.09314575050764,26.4185360774721,0.));
#2931=CARTESIAN_POINT('',(-3.53248557872782,26.8578759056923,-1.));
#2932=CARTESIAN_POINT('',(-3.53248557872782,26.8578759056923,0.));
#2933=CARTESIAN_POINT('',(-3.09314575050764,26.4185360774721,-1.));
#2934=CARTESIAN_POINT('Origin',(-2.471825406948,27.9185360774721,0.));
#2935=CARTESIAN_POINT('',(-2.471825406948,26.4185360774721,-1.));
#2936=CARTESIAN_POINT('Origin',(-2.471825406948,27.9185360774721,-1.));
#2937=CARTESIAN_POINT('',(-2.471825406948,26.4185360774721,0.));
#2938=CARTESIAN_POINT('Origin',(-2.471825406948,27.9185360774721,0.));
#2939=CARTESIAN_POINT('',(-2.471825406948,26.4185360774721,0.));
#2940=CARTESIAN_POINT('Origin',(-2.12500000000003,27.9185360774721,0.));
#2941=CARTESIAN_POINT('',(-0.625000000000031,27.9185360774721,-1.));
#2942=CARTESIAN_POINT('',(-2.12500000000003,26.4185360774721,-1.));
#2943=CARTESIAN_POINT('Origin',(-2.12500000000003,27.9185360774721,-1.));
#2944=CARTESIAN_POINT('',(-2.12500000000003,26.4185360774721,0.));
#2945=CARTESIAN_POINT('',(-2.12500000000003,26.4185360774721,0.));
#2946=CARTESIAN_POINT('',(-0.625000000000031,27.9185360774721,0.));
#2947=CARTESIAN_POINT('Origin',(-2.12500000000003,27.9185360774721,0.));
#2948=CARTESIAN_POINT('',(-0.625000000000031,27.9185360774721,0.));
#2949=CARTESIAN_POINT('Origin',(-8.75000000000003,26.4185360774721,0.));
#2950=CARTESIAN_POINT('',(8.74999999999997,26.4185360774721,0.));
#2951=CARTESIAN_POINT('',(2.12499999999997,26.4185360774721,-1.));
#2952=CARTESIAN_POINT('',(-4.37500000000003,26.4185360774721,-1.));
#2953=CARTESIAN_POINT('',(2.12499999999997,26.4185360774721,0.));
#2954=CARTESIAN_POINT('',(2.12499999999997,26.4185360774721,0.));
#2955=CARTESIAN_POINT('',(2.47182540694795,26.4185360774721,0.));
#2956=CARTESIAN_POINT('',(8.74999999999997,26.4185360774721,0.));
#2957=CARTESIAN_POINT('',(2.47182540694795,26.4185360774721,-1.));
#2958=CARTESIAN_POINT('',(2.47182540694795,26.4185360774721,0.));
#2959=CARTESIAN_POINT('',(8.74999999999997,26.4185360774721,-1.));
#2960=CARTESIAN_POINT('',(-4.37500000000003,26.4185360774721,-1.));
#2961=CARTESIAN_POINT('',(8.74999999999997,26.4185360774721,-4.));
#2962=CARTESIAN_POINT('',(8.74999999999997,26.4185360774721,0.));
#2963=CARTESIAN_POINT('',(8.74999999999997,26.4185360774721,-4.));
#2964=CARTESIAN_POINT('',(-4.37500000000003,26.4185360774721,-1.));
#2965=CARTESIAN_POINT('Origin',(2.12499999999997,27.9185360774721,0.));
#2966=CARTESIAN_POINT('Origin',(2.12499999999997,27.9185360774721,-1.));
#2967=CARTESIAN_POINT('Origin',(2.12499999999997,27.9185360774721,0.));
#2968=CARTESIAN_POINT('Origin',(2.47182540694795,27.9185360774721,0.));
#2969=CARTESIAN_POINT('',(3.53248557872777,26.8578759056923,-1.));
#2970=CARTESIAN_POINT('Origin',(2.47182540694795,27.9185360774721,-1.));
#2971=CARTESIAN_POINT('',(3.53248557872777,26.8578759056923,0.));
#2972=CARTESIAN_POINT('Origin',(2.47182540694795,27.9185360774721,0.));
#2973=CARTESIAN_POINT('',(3.53248557872777,26.8578759056923,0.));
#2974=CARTESIAN_POINT('Origin',(3.35831079345255,28.8050214639767,0.));
#2975=CARTESIAN_POINT('',(4.41897096523237,27.7443612921969,0.));
#2976=CARTESIAN_POINT('',(4.41897096523237,29.8656816357565,0.));
#2977=CARTESIAN_POINT('Origin',(3.35831079345255,28.8050214639767,0.));
#2978=CARTESIAN_POINT('',(4.41897096523237,29.8656816357565,-1.));
#2979=CARTESIAN_POINT('',(4.41897096523237,29.8656816357565,0.));
#2980=CARTESIAN_POINT('',(4.41897096523237,27.7443612921969,-1.));
#2981=CARTESIAN_POINT('Origin',(3.35831079345255,28.8050214639767,-1.));
#2982=CARTESIAN_POINT('',(4.41897096523237,27.7443612921969,0.));
#2983=CARTESIAN_POINT('Origin',(5.47963113701219,28.8050214639767,0.));
#2984=CARTESIAN_POINT('',(0.624999999999968,33.6596526009889,-1.));
#2985=CARTESIAN_POINT('',(0.624999999999968,33.6596526009889,0.));
#2986=CARTESIAN_POINT('Origin',(6.36351461349538,31.8102252840195,0.));
#2987=CARTESIAN_POINT('',(7.4241747852752,30.7495651122397,0.));
#2988=CARTESIAN_POINT('Origin',(6.36351461349538,31.8102252840195,0.));
#2989=CARTESIAN_POINT('',(7.4241747852752,30.7495651122397,-1.));
#2990=CARTESIAN_POINT('',(7.4241747852752,30.7495651122397,0.));
#2991=CARTESIAN_POINT('Origin',(6.36351461349538,31.8102252840195,-1.));
#2992=CARTESIAN_POINT('Origin',(6.36351461349538,29.6889049404599,0.));
#2993=CARTESIAN_POINT('',(8.31066017177979,31.6360504987443,0.));
#2994=CARTESIAN_POINT('',(8.74999999999998,32.0753903269645,0.));
#2995=CARTESIAN_POINT('',(8.31066017177979,31.6360504987443,-1.));
#2996=CARTESIAN_POINT('',(8.31066017177979,31.6360504987443,0.));
#2997=CARTESIAN_POINT('',(8.74999999999998,32.0753903269645,-1.));
#2998=CARTESIAN_POINT('Origin',(7.24999999999997,32.6967106705241,0.));
#2999=CARTESIAN_POINT('',(8.74999999999997,32.6967106705241,-1.));
#3000=CARTESIAN_POINT('Origin',(7.24999999999997,32.6967106705241,-1.));
#3001=CARTESIAN_POINT('',(8.74999999999997,32.6967106705241,0.));
#3002=CARTESIAN_POINT('Origin',(7.24999999999997,32.6967106705241,0.));
#3003=CARTESIAN_POINT('',(8.74999999999997,32.6967106705241,0.));
#3004=CARTESIAN_POINT('Origin',(7.24999999999997,33.0435360774721,0.));
#3005=CARTESIAN_POINT('',(7.24999999999997,34.5435360774721,-1.));
#3006=CARTESIAN_POINT('',(8.74999999999997,33.0435360774721,-1.));
#3007=CARTESIAN_POINT('Origin',(7.24999999999997,33.0435360774721,-1.));
#3008=CARTESIAN_POINT('',(8.74999999999997,33.0435360774721,0.));
#3009=CARTESIAN_POINT('',(8.74999999999997,33.0435360774721,0.));
#3010=CARTESIAN_POINT('',(7.24999999999997,34.5435360774721,0.));
#3011=CARTESIAN_POINT('Origin',(7.24999999999997,33.0435360774721,0.));
#3012=CARTESIAN_POINT('',(7.24999999999997,34.5435360774721,0.));
#3013=CARTESIAN_POINT('Origin',(8.74999999999997,26.4185360774721,0.));
#3014=CARTESIAN_POINT('',(8.74999999999997,43.9185360774721,0.));
#3015=CARTESIAN_POINT('',(8.74999999999997,37.2935360774721,-1.));
#3016=CARTESIAN_POINT('',(8.74999999999997,30.7935360774721,-1.));
#3017=CARTESIAN_POINT('',(8.74999999999997,37.2935360774721,0.));
#3018=CARTESIAN_POINT('',(8.74999999999997,37.2935360774721,0.));
#3019=CARTESIAN_POINT('',(8.74999999999997,37.6403614844201,0.));
#3020=CARTESIAN_POINT('',(8.74999999999997,43.9185360774721,0.));
#3021=CARTESIAN_POINT('',(8.74999999999997,37.6403614844201,-1.));
#3022=CARTESIAN_POINT('',(8.74999999999997,37.6403614844201,0.));
#3023=CARTESIAN_POINT('',(8.74999999999997,43.9185360774721,-1.));
#3024=CARTESIAN_POINT('',(8.74999999999997,30.7935360774721,-1.));
#3025=CARTESIAN_POINT('',(8.74999999999996,43.9185360774721,-4.));
#3026=CARTESIAN_POINT('',(8.74999999999997,43.9185360774721,0.));
#3027=CARTESIAN_POINT('',(8.74999999999997,43.9185360774721,-4.));
#3028=CARTESIAN_POINT('',(8.74999999999997,30.7935360774721,-1.));
#3029=CARTESIAN_POINT('',(8.74999999999997,29.0251918479717,-1.61650000000159));
#3030=CARTESIAN_POINT('Origin',(8.74999999999997,29.0251918479717,-2.40000000000159));
#3031=CARTESIAN_POINT('',(8.74999999999996,40.2690719361149,-1.61650000000133));
#3032=CARTESIAN_POINT('Origin',(8.74999999999996,40.2690719361149,-2.40000000000133));
#3033=CARTESIAN_POINT('Origin',(7.24999999999997,37.2935360774721,0.));
#3034=CARTESIAN_POINT('Origin',(7.24999999999997,37.2935360774721,-1.));
#3035=CARTESIAN_POINT('Origin',(7.24999999999997,37.2935360774721,0.));
#3036=CARTESIAN_POINT('Origin',(7.24999999999997,37.6403614844201,0.));
#3037=CARTESIAN_POINT('',(8.31066017177979,38.7010216561999,-1.));
#3038=CARTESIAN_POINT('Origin',(7.24999999999997,37.6403614844201,-1.));
#3039=CARTESIAN_POINT('',(8.31066017177979,38.7010216561999,0.));
#3040=CARTESIAN_POINT('Origin',(7.24999999999997,37.6403614844201,0.));
#3041=CARTESIAN_POINT('',(8.31066017177979,38.7010216561999,0.));
#3042=CARTESIAN_POINT('Origin',(6.36351461349537,38.5268468709247,0.));
#3043=CARTESIAN_POINT('',(7.42417478527519,39.5875070427045,0.));
#3044=CARTESIAN_POINT('',(5.30285444171554,39.5875070427045,0.));
#3045=CARTESIAN_POINT('Origin',(6.36351461349537,38.5268468709247,0.));
#3046=CARTESIAN_POINT('',(5.30285444171554,39.5875070427045,-1.));
#3047=CARTESIAN_POINT('',(5.30285444171554,39.5875070427045,0.));
#3048=CARTESIAN_POINT('',(7.42417478527519,39.5875070427045,-1.));
#3049=CARTESIAN_POINT('Origin',(6.36351461349537,38.5268468709247,-1.));
#3050=CARTESIAN_POINT('',(7.42417478527519,39.5875070427045,0.));
#3051=CARTESIAN_POINT('Origin',(6.36351461349537,40.6481672144843,0.));
#3052=CARTESIAN_POINT('',(1.50888347648315,35.7935360774721,-1.));
#3053=CARTESIAN_POINT('',(1.50888347648315,35.7935360774721,0.));
#3054=CARTESIAN_POINT('Origin',(3.35831079345255,41.5320506909675,0.));
#3055=CARTESIAN_POINT('',(4.41897096523237,42.5927108627473,0.));
#3056=CARTESIAN_POINT('Origin',(3.35831079345255,41.5320506909675,0.));
#3057=CARTESIAN_POINT('',(4.41897096523237,42.5927108627473,-1.));
#3058=CARTESIAN_POINT('',(4.41897096523237,42.5927108627473,0.));
#3059=CARTESIAN_POINT('Origin',(3.35831079345255,41.5320506909675,-1.));
#3060=CARTESIAN_POINT('Origin',(5.47963113701219,41.5320506909675,0.));
#3061=CARTESIAN_POINT('',(3.53248557872778,43.4791962492519,0.));
#3062=CARTESIAN_POINT('',(3.09314575050759,43.9185360774721,0.));
#3063=CARTESIAN_POINT('',(3.53248557872778,43.4791962492519,-1.));
#3064=CARTESIAN_POINT('',(3.53248557872778,43.4791962492519,0.));
#3065=CARTESIAN_POINT('',(3.09314575050759,43.9185360774721,-1.));
#3066=CARTESIAN_POINT('Origin',(2.47182540694796,42.4185360774721,0.));
#3067=CARTESIAN_POINT('',(2.47182540694796,43.9185360774721,-1.));
#3068=CARTESIAN_POINT('Origin',(2.47182540694796,42.4185360774721,-1.));
#3069=CARTESIAN_POINT('',(2.47182540694796,43.9185360774721,0.));
#3070=CARTESIAN_POINT('Origin',(2.47182540694796,42.4185360774721,0.));
#3071=CARTESIAN_POINT('',(2.47182540694796,43.9185360774721,0.));
#3072=CARTESIAN_POINT('Origin',(2.12499999999997,42.4185360774721,0.));
#3073=CARTESIAN_POINT('',(0.624999999999967,42.4185360774721,-1.));
#3074=CARTESIAN_POINT('',(2.12499999999997,43.9185360774721,-1.));
#3075=CARTESIAN_POINT('Origin',(2.12499999999997,42.4185360774721,-1.));
#3076=CARTESIAN_POINT('',(2.12499999999997,43.9185360774721,0.));
#3077=CARTESIAN_POINT('',(2.12499999999997,43.9185360774721,0.));
#3078=CARTESIAN_POINT('',(0.624999999999967,42.4185360774721,0.));
#3079=CARTESIAN_POINT('Origin',(2.12499999999997,42.4185360774721,0.));
#3080=CARTESIAN_POINT('',(0.624999999999967,42.4185360774721,0.));
#3081=CARTESIAN_POINT('Origin',(8.74999999999997,43.9185360774721,0.));
#3082=CARTESIAN_POINT('',(-8.75000000000003,43.9185360774721,0.));
#3083=CARTESIAN_POINT('',(-2.12500000000003,43.9185360774721,-1.));
#3084=CARTESIAN_POINT('',(4.37499999999997,43.9185360774721,-1.));
#3085=CARTESIAN_POINT('',(-2.12500000000003,43.9185360774721,0.));
#3086=CARTESIAN_POINT('',(-2.12500000000003,43.9185360774721,0.));
#3087=CARTESIAN_POINT('',(-2.471825406948,43.9185360774721,0.));
#3088=CARTESIAN_POINT('',(-8.75000000000003,43.9185360774721,0.));
#3089=CARTESIAN_POINT('',(-2.471825406948,43.9185360774721,-1.));
#3090=CARTESIAN_POINT('',(-2.471825406948,43.9185360774721,0.));
#3091=CARTESIAN_POINT('',(4.37499999999997,43.9185360774721,-1.));
#3092=CARTESIAN_POINT('',(-8.75000000000003,43.9185360774721,-4.));
#3093=CARTESIAN_POINT('',(4.37499999999997,43.9185360774721,-1.));
#3094=CARTESIAN_POINT('Origin',(-2.12500000000003,42.4185360774721,0.));
#3095=CARTESIAN_POINT('Origin',(-2.12500000000003,42.4185360774721,-1.));
#3096=CARTESIAN_POINT('Origin',(-2.12500000000003,42.4185360774721,0.));
#3097=CARTESIAN_POINT('Origin',(-2.471825406948,42.4185360774721,0.));
#3098=CARTESIAN_POINT('',(-3.53248557872782,43.4791962492519,-1.));
#3099=CARTESIAN_POINT('Origin',(-2.471825406948,42.4185360774721,-1.));
#3100=CARTESIAN_POINT('',(-3.53248557872782,43.4791962492519,0.));
#3101=CARTESIAN_POINT('Origin',(-2.471825406948,42.4185360774721,0.));
#3102=CARTESIAN_POINT('',(-3.53248557872782,43.4791962492519,0.));
#3103=CARTESIAN_POINT('Origin',(18.2,41.2028041162081,-3.));
#3104=CARTESIAN_POINT('',(18.2,34.7326461831184,-4.));
#3105=CARTESIAN_POINT('',(18.2,35.6044259718264,-4.));
#3106=CARTESIAN_POINT('Ctrl Pts',(18.2,34.7326461831184,-4.));
#3107=CARTESIAN_POINT('Ctrl Pts',(18.2660891506229,34.8691032020378,-4.));
#3108=CARTESIAN_POINT('Ctrl Pts',(18.2999999999999,35.0218884509764,-3.99498743710662));
#3109=CARTESIAN_POINT('Ctrl Pts',(18.2999999999999,35.1685360774724,-3.99498743710662));
#3110=CARTESIAN_POINT('Ctrl Pts',(18.2999999999999,35.3151837039684,-3.99498743710662));
#3111=CARTESIAN_POINT('Ctrl Pts',(18.2660891506229,35.467968952907,-4.));
#3112=CARTESIAN_POINT('Ctrl Pts',(18.2,35.6044259718264,-4.));
#3113=CARTESIAN_POINT('',(18.2,45.2370721549442,-4.));
#3114=CARTESIAN_POINT('',(18.2,41.2028041162081,-4.));
#3115=CARTESIAN_POINT('',(19.2,46.9691229625131,-3.));
#3116=CARTESIAN_POINT('Ctrl Pts',(18.2,45.2370721549442,-4.));
#3117=CARTESIAN_POINT('Ctrl Pts',(18.3280347637988,45.4181406543637,-4.));
#3118=CARTESIAN_POINT('Ctrl Pts',(18.4676069254582,45.6152540160825,-3.97414870211911));
#3119=CARTESIAN_POINT('Ctrl Pts',(18.7306695993004,45.9999947630269,-3.85963279795691));
#3120=CARTESIAN_POINT('Ctrl Pts',(18.853951828061,46.1877296040937,-3.77085089982948));
#3121=CARTESIAN_POINT('Ctrl Pts',(19.0179858024877,46.465636471172,-3.58399864400197));
#3122=CARTESIAN_POINT('Ctrl Pts',(19.0819312110371,46.5836674813009,-3.48692543718062));
#3123=CARTESIAN_POINT('Ctrl Pts',(19.173161805844,46.7976590010741,-3.26049004213385));
#3124=CARTESIAN_POINT('Ctrl Pts',(19.2,46.8935551739492,-3.13088724920824));
#3125=CARTESIAN_POINT('Ctrl Pts',(19.2,46.9691229625131,-3.));
#3126=CARTESIAN_POINT('',(19.2,40.7729293068078,-3.));
#3127=CARTESIAN_POINT('',(19.2,41.2028041162081,-3.));
#3128=CARTESIAN_POINT('',(19.2,39.7652145654219,-3.));
#3129=CARTESIAN_POINT('Ctrl Pts',(19.2,40.7729293068078,-3.));
#3130=CARTESIAN_POINT('Ctrl Pts',(19.2,40.7123217946066,-3.05089590290335));
#3131=CARTESIAN_POINT('Ctrl Pts',(19.1960401449066,40.6413932225566,-3.09424338698379));
#3132=CARTESIAN_POINT('Ctrl Pts',(19.1871964993999,40.4700115472242,-3.16428585085603));
#3133=CARTESIAN_POINT('Ctrl Pts',(19.1830197098733,40.3663649536185,-3.18350000000133));
#3134=CARTESIAN_POINT('Ctrl Pts',(19.1830197098733,40.1717789186112,-3.18350000000133));
#3135=CARTESIAN_POINT('Ctrl Pts',(19.1871964993999,40.0681323250056,-3.16428585085603));
#3136=CARTESIAN_POINT('Ctrl Pts',(19.1960401449066,39.8967506496732,-3.09424338698379));
#3137=CARTESIAN_POINT('Ctrl Pts',(19.2,39.8258220776232,-3.05089590290335));
#3138=CARTESIAN_POINT('Ctrl Pts',(19.2,39.7652145654219,-3.));
#3139=CARTESIAN_POINT('',(19.2,29.529049218665,-3.));
#3140=CARTESIAN_POINT('',(19.2,41.2028041162081,-3.));
#3141=CARTESIAN_POINT('',(19.2,28.5213344772785,-3.));
#3142=CARTESIAN_POINT('Ctrl Pts',(19.2,29.529049218665,-3.));
#3143=CARTESIAN_POINT('Ctrl Pts',(19.2,29.4684417064637,-3.05089590290345));
#3144=CARTESIAN_POINT('Ctrl Pts',(19.1960401449066,29.3975131344136,-3.09424338698399));
#3145=CARTESIAN_POINT('Ctrl Pts',(19.1871964993999,29.2261314590811,-3.16428585085628));
#3146=CARTESIAN_POINT('Ctrl Pts',(19.1830197098733,29.1224848654754,-3.18350000000159));
#3147=CARTESIAN_POINT('Ctrl Pts',(19.1830197098733,28.9278988304681,-3.18350000000159));
#3148=CARTESIAN_POINT('Ctrl Pts',(19.1871964993999,28.8242522368624,-3.16428585085628));
#3149=CARTESIAN_POINT('Ctrl Pts',(19.1960401449066,28.6528705615299,-3.09424338698399));
#3150=CARTESIAN_POINT('Ctrl Pts',(19.2,28.5819419894798,-3.05089590290346));
#3151=CARTESIAN_POINT('Ctrl Pts',(19.2,28.5213344772785,-3.));
#3152=CARTESIAN_POINT('',(19.2000000000003,23.3679491924317,-3.));
#3153=CARTESIAN_POINT('',(19.2,41.2028041162081,-3.));
#3154=CARTESIAN_POINT('',(18.2,25.1000000000006,-4.));
#3155=CARTESIAN_POINT('Ctrl Pts',(19.2,23.3679491924317,-3.));
#3156=CARTESIAN_POINT('Ctrl Pts',(19.2,23.4435169809956,-3.13088724920824));
#3157=CARTESIAN_POINT('Ctrl Pts',(19.173161805844,23.5394131538707,-3.26049004213385));
#3158=CARTESIAN_POINT('Ctrl Pts',(19.0819312110371,23.7534046736439,-3.48692543718062));
#3159=CARTESIAN_POINT('Ctrl Pts',(19.0179858024877,23.8714356837727,-3.58399864400197));
#3160=CARTESIAN_POINT('Ctrl Pts',(18.853951828061,24.1493425508511,-3.77085089982948));
#3161=CARTESIAN_POINT('Ctrl Pts',(18.7306695993004,24.3370773919179,-3.85963279795691));
#3162=CARTESIAN_POINT('Ctrl Pts',(18.4676069254582,24.7218181388623,-3.97414870211911));
#3163=CARTESIAN_POINT('Ctrl Pts',(18.3280347637988,24.9189315005811,-4.));
#3164=CARTESIAN_POINT('Ctrl Pts',(18.2,25.1000000000006,-4.));
#3165=CARTESIAN_POINT('',(18.2,41.2028041162081,-4.));
#3166=CARTESIAN_POINT('Origin',(9.60000000000003,25.1000000000004,-2.));
#3167=CARTESIAN_POINT('',(19.2,25.1000000000006,0.));
#3168=CARTESIAN_POINT('Origin',(19.2000000000003,25.1000000000006,-2.));
#3169=CARTESIAN_POINT('',(-19.2,25.1,0.));
#3170=CARTESIAN_POINT('',(9.60000000000003,25.1000000000004,0.));
#3171=CARTESIAN_POINT('',(-19.2000000000001,23.3679491924311,-3.));
#3172=CARTESIAN_POINT('Origin',(-19.2000000000001,25.1,-2.));
#3173=CARTESIAN_POINT('',(-18.2,25.1,-4.));
#3174=CARTESIAN_POINT('Ctrl Pts',(-18.2,25.1,-4.));
#3175=CARTESIAN_POINT('Ctrl Pts',(-18.3280347637988,24.9189315005805,-4.));
#3176=CARTESIAN_POINT('Ctrl Pts',(-18.4676069254583,24.7218181388617,-3.97414870211911));
#3177=CARTESIAN_POINT('Ctrl Pts',(-18.7306695993005,24.3370773919173,-3.85963279795691));
#3178=CARTESIAN_POINT('Ctrl Pts',(-18.853951828061,24.1493425508505,-3.77085089982948));
#3179=CARTESIAN_POINT('Ctrl Pts',(-19.0179858024878,23.8714356837721,-3.58399864400197));
#3180=CARTESIAN_POINT('Ctrl Pts',(-19.0819312110372,23.7534046736433,-3.48692543718061));
#3181=CARTESIAN_POINT('Ctrl Pts',(-19.173161805844,23.5394131538701,-3.26049004213385));
#3182=CARTESIAN_POINT('Ctrl Pts',(-19.2,23.443516980995,-3.13088724920824));
#3183=CARTESIAN_POINT('Ctrl Pts',(-19.2,23.3679491924311,-3.));
#3184=CARTESIAN_POINT('',(9.60000000000003,25.1000000000004,-4.));
#3185=CARTESIAN_POINT('Origin',(11.7,29.0251918479717,-2.40000000000159));
#3186=CARTESIAN_POINT('',(19.2,29.0251918479717,-1.61650000000159));
#3187=CARTESIAN_POINT('Origin',(19.2,29.0251918479717,-2.40000000000159));
#3188=CARTESIAN_POINT('',(11.7,29.0251918479717,-1.61650000000159));
#3189=CARTESIAN_POINT('Origin',(19.2,29.0251918479717,-2.40000000000159));
#3190=CARTESIAN_POINT('Origin',(19.2,47.2370721549442,0.));
#3191=CARTESIAN_POINT('',(19.2,40.2690719361149,-1.61650000000133));
#3192=CARTESIAN_POINT('Origin',(19.2,40.2690719361149,-2.40000000000133));
#3193=CARTESIAN_POINT('Origin',(19.2,40.2690719361149,-2.40000000000133));
#3194=CARTESIAN_POINT('',(19.2,45.2370721549442,0.));
#3195=CARTESIAN_POINT('Origin',(19.2,45.2370721549442,-2.));
#3196=CARTESIAN_POINT('',(19.2,23.1000000000008,0.));
#3197=CARTESIAN_POINT('Origin',(11.7,40.2690719361149,-2.40000000000133));
#3198=CARTESIAN_POINT('',(11.7,40.2690719361149,-1.61650000000133));
#3199=CARTESIAN_POINT('Origin',(-18.2,29.134268038736,-3.));
#3200=CARTESIAN_POINT('',(-18.2,35.6044259718266,-4.));
#3201=CARTESIAN_POINT('',(-18.3000000000001,35.1685360774724,-3.99498743710661));
#3202=CARTESIAN_POINT('Ctrl Pts',(-18.2,35.6044259718266,-4.));
#3203=CARTESIAN_POINT('Ctrl Pts',(-18.266089150623,35.4679689529071,-4.));
#3204=CARTESIAN_POINT('Ctrl Pts',(-18.3000000000001,35.3151837039685,-3.99498743710661));
#3205=CARTESIAN_POINT('Ctrl Pts',(-18.3000000000001,35.1685360774724,-3.99498743710661));
#3206=CARTESIAN_POINT('',(-18.2,34.7326461831181,-4.));
#3207=CARTESIAN_POINT('Ctrl Pts',(-18.3000000000001,35.1685360774724,-3.99498743710661));
#3208=CARTESIAN_POINT('Ctrl Pts',(-18.3000000000001,35.0218884509763,-3.99498743710661));
#3209=CARTESIAN_POINT('Ctrl Pts',(-18.266089150623,34.8691032020376,-4.));
#3210=CARTESIAN_POINT('Ctrl Pts',(-18.2,34.7326461831181,-4.));
#3211=CARTESIAN_POINT('',(-18.2,29.134268038736,-4.));
#3212=CARTESIAN_POINT('',(-19.2,29.5873980940127,-3.));
#3213=CARTESIAN_POINT('',(-19.2,29.134268038736,-3.));
#3214=CARTESIAN_POINT('',(-19.1830197098736,30.0912554647046,-3.18350000000042));
#3215=CARTESIAN_POINT('Ctrl Pts',(-19.2,29.5873980940127,-3.));
#3216=CARTESIAN_POINT('Ctrl Pts',(-19.2,29.6480056062137,-3.05089590290297));
#3217=CARTESIAN_POINT('Ctrl Pts',(-19.1960401449068,29.7189341782633,-3.09424338698309));
#3218=CARTESIAN_POINT('Ctrl Pts',(-19.1871964994001,29.8903158535953,-3.16428585085513));
#3219=CARTESIAN_POINT('Ctrl Pts',(-19.1830197098736,29.9939624472009,-3.18350000000042));
#3220=CARTESIAN_POINT('Ctrl Pts',(-19.1830197098736,30.0912554647046,-3.18350000000042));
#3221=CARTESIAN_POINT('',(-19.2,30.5951128353964,-3.));
#3222=CARTESIAN_POINT('Ctrl Pts',(-19.1830197098736,30.0912554647046,-3.18350000000042));
#3223=CARTESIAN_POINT('Ctrl Pts',(-19.1830197098736,30.1885484822082,-3.18350000000042));
#3224=CARTESIAN_POINT('Ctrl Pts',(-19.1871964994001,30.2921950758138,-3.16428585085513));
#3225=CARTESIAN_POINT('Ctrl Pts',(-19.1960401449068,30.4635767511458,-3.09424338698309));
#3226=CARTESIAN_POINT('Ctrl Pts',(-19.2,30.5345053231954,-3.05089590290297));
#3227=CARTESIAN_POINT('Ctrl Pts',(-19.2,30.5951128353964,-3.));
#3228=CARTESIAN_POINT('',(-19.2,40.6673175154322,-3.));
#3229=CARTESIAN_POINT('',(-19.2,29.134268038736,-3.));
#3230=CARTESIAN_POINT('',(-19.1830197098736,41.1711748861239,-3.1835000000003));
#3231=CARTESIAN_POINT('Ctrl Pts',(-19.2,40.6673175154322,-3.));
#3232=CARTESIAN_POINT('Ctrl Pts',(-19.2,40.7279250276331,-3.05089590290292));
#3233=CARTESIAN_POINT('Ctrl Pts',(-19.1960401449068,40.7988535996827,-3.09424338698299));
#3234=CARTESIAN_POINT('Ctrl Pts',(-19.1871964994001,40.9702352750146,-3.16428585085501));
#3235=CARTESIAN_POINT('Ctrl Pts',(-19.1830197098736,41.0738818686203,-3.1835000000003));
#3236=CARTESIAN_POINT('Ctrl Pts',(-19.1830197098736,41.1711748861239,-3.1835000000003));
#3237=CARTESIAN_POINT('',(-19.2,41.6750322568156,-3.));
#3238=CARTESIAN_POINT('Ctrl Pts',(-19.1830197098736,41.1711748861239,-3.1835000000003));
#3239=CARTESIAN_POINT('Ctrl Pts',(-19.1830197098736,41.2684679036275,-3.1835000000003));
#3240=CARTESIAN_POINT('Ctrl Pts',(-19.1871964994001,41.3721144972332,-3.16428585085501));
#3241=CARTESIAN_POINT('Ctrl Pts',(-19.1960401449068,41.5434961725651,-3.094243386983));
#3242=CARTESIAN_POINT('Ctrl Pts',(-19.2,41.6144247446147,-3.05089590290292));
#3243=CARTESIAN_POINT('Ctrl Pts',(-19.2,41.6750322568156,-3.));
#3244=CARTESIAN_POINT('',(-19.2,46.9691229625131,-3.));
#3245=CARTESIAN_POINT('',(-19.2,29.134268038736,-3.));
#3246=CARTESIAN_POINT('',(-18.2,45.2370721549442,-4.));
#3247=CARTESIAN_POINT('Ctrl Pts',(-19.2,46.9691229625131,-3.));
#3248=CARTESIAN_POINT('Ctrl Pts',(-19.2,46.8855195663738,-3.14480532979848));
#3249=CARTESIAN_POINT('Ctrl Pts',(-19.1674062939887,46.7783639072236,-3.28588665844617));
#3250=CARTESIAN_POINT('Ctrl Pts',(-19.0593760252,46.5383970561092,-3.52827939236921));
#3251=CARTESIAN_POINT('Ctrl Pts',(-18.9843654217465,46.405654309668,-3.6298481406266));
#3252=CARTESIAN_POINT('Ctrl Pts',(-18.7169070124809,45.9674821920707,-3.89730654989224));
#3253=CARTESIAN_POINT('Ctrl Pts',(-18.4376600643881,45.5731742412363,-4.));
#3254=CARTESIAN_POINT('Ctrl Pts',(-18.2,45.2370721549442,-4.));
#3255=CARTESIAN_POINT('',(-18.2,29.134268038736,-4.));
#3256=CARTESIAN_POINT('Origin',(-19.2,23.1,0.));
#3257=CARTESIAN_POINT('',(-19.2,45.2370721549442,0.));
#3258=CARTESIAN_POINT('',(-19.2,47.2370721549441,0.));
#3259=CARTESIAN_POINT('Origin',(-19.2,45.2370721549442,-2.));
#3260=CARTESIAN_POINT('Origin',(-19.2,41.1711748861239,-2.4000000000003));
#3261=CARTESIAN_POINT('Origin',(-19.2,30.0912554647046,-2.40000000000042));
#3262=CARTESIAN_POINT('Origin',(-17.3000000000001,35.1685360774724,-46.279566249188));
#3263=CARTESIAN_POINT('',(-18.3000000000001,35.1685360774724,-0.499999999999998));
#3264=CARTESIAN_POINT('Origin',(-17.3000000000001,35.1685360774724,-0.499999999999998));
#3265=CARTESIAN_POINT('',(-18.3000000000001,35.1685360774724,-46.279566249188));
#3266=CARTESIAN_POINT('Origin',(-17.3000000000001,35.1685360774724,-4.));
#3267=CARTESIAN_POINT('Origin',(-3.10862446895044E-14,35.1685360774721,
-4.));
#3268=CARTESIAN_POINT('',(-9.60000000000003,45.2370721549442,-4.));
#3269=CARTESIAN_POINT('',(16.2999999999999,35.1685360774724,-4.));
#3270=CARTESIAN_POINT('Origin',(17.2999999999999,35.1685360774724,-4.));
#3271=CARTESIAN_POINT('Origin',(17.2999999999999,35.1685360774724,-4.));
#3272=CARTESIAN_POINT('',(-10.2000000000001,36.6685360774724,-4.));
#3273=CARTESIAN_POINT('',(-15.2000000000001,36.6685360774724,-4.));
#3274=CARTESIAN_POINT('',(-7.60000000000007,36.6685360774724,-4.));
#3275=CARTESIAN_POINT('',(-15.2000000000001,33.6685360774724,-4.));
#3276=CARTESIAN_POINT('',(-15.2000000000001,34.4185360774722,-4.));
#3277=CARTESIAN_POINT('',(-10.2000000000001,33.6685360774724,-4.));
#3278=CARTESIAN_POINT('',(-5.10000000000007,33.6685360774724,-4.));
#3279=CARTESIAN_POINT('',(-10.2000000000001,35.9185360774722,-4.));
#3280=CARTESIAN_POINT('',(10.1999999999999,36.6685360774724,-4.));
#3281=CARTESIAN_POINT('',(10.1999999999999,33.6685360774724,-4.));
#3282=CARTESIAN_POINT('',(10.1999999999999,34.4185360774722,-4.));
#3283=CARTESIAN_POINT('',(15.1999999999999,33.6685360774724,-4.));
#3284=CARTESIAN_POINT('',(7.59999999999995,33.6685360774724,-4.));
#3285=CARTESIAN_POINT('',(15.1999999999999,36.6685360774724,-4.));
#3286=CARTESIAN_POINT('',(15.1999999999999,35.9185360774722,-4.));
#3287=CARTESIAN_POINT('',(5.09999999999995,36.6685360774724,-4.));
#3288=CARTESIAN_POINT('Origin',(3.0931457505076,26.4185360774721,0.));
#3289=CARTESIAN_POINT('',(8.74999999999998,32.0753903269645,0.));
#3290=CARTESIAN_POINT('',(8.74999999999998,32.0753903269645,-1.));
#3291=CARTESIAN_POINT('Origin',(8.74999999999997,34.5435360774721,0.));
#3292=CARTESIAN_POINT('',(-8.75000000000003,34.5435360774721,-1.));
#3293=CARTESIAN_POINT('',(-8.75000000000003,34.5435360774721,0.));
#3294=CARTESIAN_POINT('Origin',(8.74999999999997,38.2616818279797,0.));
#3295=CARTESIAN_POINT('',(3.09314575050759,43.9185360774721,0.));
#3296=CARTESIAN_POINT('',(3.09314575050759,43.9185360774721,-1.));
#3297=CARTESIAN_POINT('Origin',(0.624999999999967,43.9185360774721,0.));
#3298=CARTESIAN_POINT('',(0.624999999999969,26.4185360774721,-1.));
#3299=CARTESIAN_POINT('',(0.624999999999969,26.4185360774721,0.));
#3300=CARTESIAN_POINT('Origin',(-3.09314575050764,43.9185360774721,0.));
#3301=CARTESIAN_POINT('',(-8.75000000000003,38.2616818279797,-1.));
#3302=CARTESIAN_POINT('',(-8.75000000000003,38.2616818279797,0.));
#3303=CARTESIAN_POINT('Origin',(-8.75000000000003,35.7935360774721,0.));
#3304=CARTESIAN_POINT('',(8.74999999999997,35.7935360774721,-1.));
#3305=CARTESIAN_POINT('',(8.74999999999997,35.7935360774721,0.));
#3306=CARTESIAN_POINT('Origin',(-8.75000000000003,32.0753903269645,0.));
#3307=CARTESIAN_POINT('',(-3.09314575050764,26.4185360774721,0.));
#3308=CARTESIAN_POINT('',(-3.09314575050764,26.4185360774721,-1.));
#3309=CARTESIAN_POINT('Origin',(-0.625000000000031,26.4185360774721,0.));
#3310=CARTESIAN_POINT('',(-0.625000000000033,43.9185360774721,-1.));
#3311=CARTESIAN_POINT('',(-0.625000000000033,43.9185360774721,0.));
#3312=CARTESIAN_POINT('Origin',(-3.21964677141295E-14,35.1685360774721,
-1.));
#3313=CARTESIAN_POINT('Origin',(-12.7000000000001,36.6685360774724,-6.7));
#3314=CARTESIAN_POINT('',(-15.2000000000001,33.6685360774724,-6.7));
#3315=CARTESIAN_POINT('',(-10.2000000000001,33.6685360774724,-6.7));
#3316=CARTESIAN_POINT('Origin',(-12.7000000000001,33.6685360774724,-6.7));
#3317=CARTESIAN_POINT('',(-15.2000000000001,36.6685360774724,-6.7));
#3318=CARTESIAN_POINT('',(-15.2000000000001,36.6685360774724,-6.7));
#3319=CARTESIAN_POINT('',(-10.2000000000001,36.6685360774724,-6.7));
#3320=CARTESIAN_POINT('Origin',(-12.7000000000001,36.6685360774724,-6.7));
#3321=CARTESIAN_POINT('',(-10.2000000000001,36.6685360774724,-6.7));
#3322=CARTESIAN_POINT('Origin',(12.6999999999999,36.6685360774724,-6.7));
#3323=CARTESIAN_POINT('',(10.1999999999999,33.6685360774724,-6.7));
#3324=CARTESIAN_POINT('',(15.1999999999999,33.6685360774724,-6.7));
#3325=CARTESIAN_POINT('Origin',(12.6999999999999,33.6685360774724,-6.7));
#3326=CARTESIAN_POINT('',(10.1999999999999,36.6685360774724,-6.7));
#3327=CARTESIAN_POINT('',(10.1999999999999,36.6685360774724,-6.7));
#3328=CARTESIAN_POINT('',(15.1999999999999,36.6685360774724,-6.7));
#3329=CARTESIAN_POINT('Origin',(12.6999999999999,36.6685360774724,-6.7));
#3330=CARTESIAN_POINT('',(15.1999999999999,36.6685360774724,-6.7));
#3331=CARTESIAN_POINT('Origin',(-10.2000000000001,36.6685360774724,0.));
#3332=CARTESIAN_POINT('',(-10.2000000000001,36.6685360774724,0.));
#3333=CARTESIAN_POINT('',(-10.2000000000001,33.6685360774724,0.));
#3334=CARTESIAN_POINT('Origin',(-15.2000000000001,33.6685360774724,0.));
#3335=CARTESIAN_POINT('',(-15.2000000000001,33.6685360774724,0.));
#3336=CARTESIAN_POINT('',(-15.2000000000001,36.6685360774724,0.));
#3337=CARTESIAN_POINT('Origin',(-15.2000000000001,36.6685360774724,0.));
#3338=CARTESIAN_POINT('',(-13.9500000000001,36.6685360774724,-6.7));
#3339=CARTESIAN_POINT('Origin',(-12.7000000000001,36.6685360774724,-6.7));
#3340=CARTESIAN_POINT('Origin',(10.1999999999999,33.6685360774724,0.));
#3341=CARTESIAN_POINT('',(10.1999999999999,33.6685360774724,0.));
#3342=CARTESIAN_POINT('',(10.1999999999999,36.6685360774724,0.));
#3343=CARTESIAN_POINT('Origin',(15.1999999999999,33.6685360774724,0.));
#3344=CARTESIAN_POINT('',(15.1999999999999,33.6685360774724,0.));
#3345=CARTESIAN_POINT('',(11.4499999999999,33.6685360774724,-6.7));
#3346=CARTESIAN_POINT('Origin',(12.6999999999999,33.6685360774724,-6.7));
#3347=CARTESIAN_POINT('Origin',(15.1999999999999,36.6685360774724,0.));
#3348=CARTESIAN_POINT('',(15.1999999999999,36.6685360774724,0.));
#3349=CARTESIAN_POINT('Origin',(-11.7,41.1711748861239,-2.4000000000003));
#3350=CARTESIAN_POINT('',(-11.7,41.1711748861239,-3.1835000000003));
#3351=CARTESIAN_POINT('Origin',(-11.7,30.0912554647046,-2.40000000000042));
#3352=CARTESIAN_POINT('',(-11.7,30.0912554647046,-3.18350000000042));
#3353=CARTESIAN_POINT('Origin',(-12.7000000000001,79.9481023266607,-6.7));
#3354=CARTESIAN_POINT('',(-13.9500000000001,33.6685360774724,-6.7));
#3355=CARTESIAN_POINT('Origin',(-12.7000000000001,33.6685360774724,-6.7));
#3356=CARTESIAN_POINT('',(-13.9500000000001,79.9481023266607,-6.7));
#3357=CARTESIAN_POINT('Origin',(12.6999999999999,79.9481023266607,-6.7));
#3358=CARTESIAN_POINT('',(11.4499999999999,36.6685360774724,-6.7));
#3359=CARTESIAN_POINT('',(11.4499999999999,79.9481023266607,-6.7));
#3360=CARTESIAN_POINT('Origin',(12.6999999999999,36.6685360774724,-6.7));
#3361=CARTESIAN_POINT('Origin',(-9.60000000000003,45.2370721549442,-2.));
#3362=CARTESIAN_POINT('',(-9.60000000000003,45.2370721549442,0.));
#3363=CARTESIAN_POINT('Origin',(17.2999999999999,35.1685360774724,-0.25));
#3364=CARTESIAN_POINT('',(15.7999999999999,35.1685360774724,-3.46944695195361E-16));
#3365=CARTESIAN_POINT('Origin',(17.2999999999999,35.1685360774724,0.));
#3366=CARTESIAN_POINT('',(16.2999999999999,35.1685360774724,-0.499999999999999));
#3367=CARTESIAN_POINT('',(16.0499999999999,35.1685360774724,-0.25));
#3368=CARTESIAN_POINT('Origin',(17.2999999999999,35.1685360774724,-0.499999999999998));
#3369=CARTESIAN_POINT('Origin',(17.2999999999999,35.1685360774724,-46.279566249188));
#3370=CARTESIAN_POINT('',(16.2999999999999,35.1685360774724,-46.279566249188));
#3371=CARTESIAN_POINT('Origin',(-17.3000000000001,35.1685360774724,-0.25));
#3372=CARTESIAN_POINT('',(-18.8000000000001,35.1685360774724,7.28583859910259E-16));
#3373=CARTESIAN_POINT('Origin',(-17.3000000000001,35.1685360774724,0.));
#3374=CARTESIAN_POINT('',(-18.5500000000001,35.1685360774724,-0.25));
#3375=CARTESIAN_POINT('Origin',(10.1999999999999,36.6685360774724,0.));
#3376=CARTESIAN_POINT('Origin',(-10.2000000000001,33.6685360774724,0.));
#3377=CARTESIAN_POINT('Origin',(-3.10862446895044E-14,35.1685360774721,
0.));
#3378=UNCERTAINTY_MEASURE_WITH_UNIT(LENGTH_MEASURE(0.01),#3382,
'DISTANCE_ACCURACY_VALUE',
'Maximum model space distance between geometric entities at asserted c
onnectivities');
#3379=UNCERTAINTY_MEASURE_WITH_UNIT(LENGTH_MEASURE(0.01),#3382,
'DISTANCE_ACCURACY_VALUE',
'Maximum model space distance between geometric entities at asserted c
onnectivities');
#3380=(
GEOMETRIC_REPRESENTATION_CONTEXT(3)
GLOBAL_UNCERTAINTY_ASSIGNED_CONTEXT((#3378))
GLOBAL_UNIT_ASSIGNED_CONTEXT((#3382,#3384,#3385))
REPRESENTATION_CONTEXT('','3D')
);
#3381=(
GEOMETRIC_REPRESENTATION_CONTEXT(3)
GLOBAL_UNCERTAINTY_ASSIGNED_CONTEXT((#3379))
GLOBAL_UNIT_ASSIGNED_CONTEXT((#3382,#3384,#3385))
REPRESENTATION_CONTEXT('','3D')
);
#3382=(
LENGTH_UNIT()
NAMED_UNIT(*)
SI_UNIT(.MILLI.,.METRE.)
);
#3383=(
LENGTH_UNIT()
NAMED_UNIT(*)
SI_UNIT(.CENTI.,.METRE.)
);
#3384=(
NAMED_UNIT(*)
PLANE_ANGLE_UNIT()
SI_UNIT($,.RADIAN.)
);
#3385=(
NAMED_UNIT(*)
SI_UNIT($,.STERADIAN.)
SOLID_ANGLE_UNIT()
);
#3386=SHAPE_DEFINITION_REPRESENTATION(#3387,#3388);
#3387=PRODUCT_DEFINITION_SHAPE('',$,#3390);
#3388=SHAPE_REPRESENTATION('',(#1983),#3380);
#3389=PRODUCT_DEFINITION_CONTEXT('part definition',#3394,'design');
#3390=PRODUCT_DEFINITION('PCBs_Holder','PCBs_Holder',#3391,#3389);
#3391=PRODUCT_DEFINITION_FORMATION('',$,#3396);
#3392=PRODUCT_RELATED_PRODUCT_CATEGORY('PCBs_Holder','PCBs_Holder',(#3396));
#3393=APPLICATION_PROTOCOL_DEFINITION('international standard',
'automotive_design',2009,#3394);
#3394=APPLICATION_CONTEXT(
'Core Data for Automotive Mechanical Design Process');
#3395=PRODUCT_CONTEXT('part definition',#3394,'mechanical');
#3396=PRODUCT('PCBs_Holder','PCBs_Holder',$,(#3395));
#3397=PRESENTATION_STYLE_ASSIGNMENT((#3398));
#3398=SURFACE_STYLE_USAGE(.BOTH.,#3401);
#3399=SURFACE_STYLE_RENDERING_WITH_PROPERTIES($,#3405,(#3400));
#3400=SURFACE_STYLE_TRANSPARENT(0.);
#3401=SURFACE_SIDE_STYLE('',(#3402,#3399));
#3402=SURFACE_STYLE_FILL_AREA(#3403);
#3403=FILL_AREA_STYLE('',(#3404));
#3404=FILL_AREA_STYLE_COLOUR('',#3405);
#3405=COLOUR_RGB('',0.498039215686275,0.498039215686275,0.498039215686275);
ENDSEC;
END-ISO-10303-21;
