ISO-10303-21;
HEADER;
/* Generated by software containing ST-Developer
 * from STEP Tools, Inc. (www.steptools.com) 
 */

FILE_DESCRIPTION(
/* description */ (''),
/* implementation_level */ '2;1');

FILE_NAME(
/* name */ 'LeftGearboxCoverr.stp',
/* time_stamp */ '2026-05-13T16:53:10+02:00',
/* author */ ('szymo'),
/* organization */ (''),
/* preprocessor_version */ 'ST-DEVELOPER v20.1',
/* originating_system */ 'Autodesk Inventor 2026',
/* authorisation */ '');

FILE_SCHEMA (('AUTOMOTIVE_DESIGN { 1 0 10303 214 3 1 1 }'));
ENDSEC;

DATA;
#10=MECHANICAL_DESIGN_GEOMETRIC_PRESENTATION_REPRESENTATION('',(#13),#2148);
#11=SHAPE_REPRESENTATION_RELATIONSHIP('SRR','None',#2155,#12);
#12=ADVANCED_BREP_SHAPE_REPRESENTATION('',(#14),#2147);
#13=STYLED_ITEM('',(#2164),#14);
#14=MANIFOLD_SOLID_BREP('Solid3',#1198);
#15=B_SPLINE_CURVE_WITH_KNOTS('',3,(#1833,#1834,#1835,#1836,#1837,#1838,
#1839,#1840,#1841,#1842,#1843,#1844,#1845,#1846,#1847,#1848,#1849,#1850,
#1851,#1852,#1853,#1854,#1855,#1856,#1857,#1858,#1859,#1860,#1861,#1862,
#1863,#1864,#1865,#1866,#1867,#1868,#1869,#1870),.UNSPECIFIED.,.F.,.F.,
(4,2,2,2,2,2,2,2,2,2,2,2,2,2,2,2,2,2,4),(0.355772478265937,0.363025533285278,
0.387434433137898,0.415002893482654,0.446206713614465,0.477410533746276,
0.508614353878088,0.539818174009899,0.567386634354654,0.591795534207274,
0.616204434059894,0.666160117339654,0.716115800619414,0.766071483899174,
0.816027167178934,0.840436067031554,0.864844966884174,0.89241342722893,
0.919939999495463),.UNSPECIFIED.);
#16=B_SPLINE_CURVE_WITH_KNOTS('',3,(#1872,#1873,#1874,#1875,#1876,#1877,
#1878,#1879,#1880,#1881,#1882,#1883,#1884,#1885),.UNSPECIFIED.,.F.,.F.,
(4,2,2,2,2,2,4),(0.12163805548034,0.138793900313619,0.188749583593379,0.238705266873139,
0.288660950152898,0.338616633432659,0.355772478265937),.UNSPECIFIED.);
#17=B_SPLINE_CURVE_WITH_KNOTS('',3,(#1887,#1888,#1889,#1890,#1891,#1892,
#1893,#1894,#1895,#1896),.UNSPECIFIED.,.F.,.F.,(4,2,2,2,4),(0.0348810679970885,
0.0624076402636225,0.0899761006083787,0.114385000460999,0.12163805548034),
 .UNSPECIFIED.);
#18=B_SPLINE_CURVE_WITH_KNOTS('',3,(#1901,#1902,#1903,#1904,#1905,#1906),
 .UNSPECIFIED.,.F.,.F.,(4,2,4),(0.,0.0312038201318112,0.0348810679970885),
 .UNSPECIFIED.);
#19=B_SPLINE_CURVE_WITH_KNOTS('',3,(#1907,#1908,#1909,#1910,#1911,#1912),
 .UNSPECIFIED.,.F.,.F.,(4,2,4),(0.919939999495463,0.923617247360741,0.954821067492553),
 .UNSPECIFIED.);
#20=B_SPLINE_CURVE_WITH_KNOTS('',3,(#1920,#1921,#1922,#1923,#1924,#1925,
#1926,#1927,#1928,#1929,#1930,#1931,#1932,#1933,#1934,#1935,#1936,#1937,
#1938,#1939,#1940,#1941,#1942,#1943),.UNSPECIFIED.,.F.,.F.,(4,2,2,2,2,2,
2,2,2,2,2,4),(0.119838567124168,0.152469108080847,0.185099649037526,0.216813657590972,
0.232670661867695,0.248527666144418,0.26438467042114,0.280241674697863,
0.311955683251309,0.344586224207988,0.377216765164667,0.396895509111028),
 .UNSPECIFIED.);
#21=B_SPLINE_CURVE_WITH_KNOTS('',3,(#1945,#1946,#1947,#1948),
 .UNSPECIFIED.,.F.,.F.,(4,4),(0.100159823177807,0.119838567124168),
 .UNSPECIFIED.);
#22=B_SPLINE_CURVE_WITH_KNOTS('',3,(#1953,#1954,#1955,#1956,#1957,#1958,
#1959,#1960,#1961,#1962),.UNSPECIFIED.,.F.,.F.,(4,2,2,2,4),(0.,0.0303321893540168,
0.0606643787080336,0.0902514729161007,0.100159823177807),.UNSPECIFIED.);
#23=B_SPLINE_CURVE_WITH_KNOTS('',3,(#1963,#1964,#1965,#1966,#1967,#1968,
#1969,#1970,#1971,#1972),.UNSPECIFIED.,.F.,.F.,(4,2,2,2,4),(0.396895509111028,
0.406803859372734,0.436390953580801,0.466723142934818,0.497055332288835),
 .UNSPECIFIED.);
#24=B_SPLINE_CURVE_WITH_KNOTS('',3,(#1975,#1976,#1977,#1978,#1979,#1980,
#1981,#1982,#1983,#1984,#1985,#1986,#1987,#1988,#1989,#1990,#1991,#1992,
#1993,#1994,#1995,#1996,#1997,#1998,#1999,#2000,#2001,#2002,#2003,#2004),
 .UNSPECIFIED.,.F.,.F.,(4,2,2,2,2,2,2,2,2,2,2,2,2,2,4),(0.,0.0303321893540168,
0.0606643787080336,0.0902514729161007,0.119838567124168,0.152469108080847,
0.185099649037526,0.216813657590972,0.232670661867695,0.248527666144418,
0.26438467042114,0.280241674697863,0.311955683251309,0.344586224207988,
0.377216765164667),.UNSPECIFIED.);
#25=B_SPLINE_CURVE_WITH_KNOTS('',3,(#2005,#2006,#2007,#2008,#2009,#2010,
#2011,#2012,#2013,#2014),.UNSPECIFIED.,.F.,.F.,(4,2,2,2,4),(0.377216765164667,
0.406803859372734,0.436390953580801,0.466723142934818,0.497055332288835),
 .UNSPECIFIED.);
#26=FACE_BOUND('',#163,.T.);
#27=FACE_BOUND('',#164,.T.);
#28=FACE_BOUND('',#165,.T.);
#29=FACE_BOUND('',#169,.T.);
#30=FACE_BOUND('',#170,.T.);
#31=FACE_BOUND('',#171,.T.);
#32=FACE_BOUND('',#176,.T.);
#33=FACE_BOUND('',#181,.T.);
#34=FACE_BOUND('',#188,.T.);
#35=FACE_BOUND('',#209,.T.);
#36=FACE_BOUND('',#210,.T.);
#37=FACE_BOUND('',#211,.T.);
#38=FACE_BOUND('',#212,.T.);
#39=FACE_BOUND('',#213,.T.);
#40=FACE_BOUND('',#214,.T.);
#41=FACE_BOUND('',#215,.T.);
#42=FACE_BOUND('',#217,.T.);
#43=FACE_BOUND('',#218,.T.);
#44=FACE_BOUND('',#221,.T.);
#45=FACE_BOUND('',#229,.T.);
#46=FACE_BOUND('',#233,.T.);
#47=FACE_BOUND('',#234,.T.);
#48=FACE_BOUND('',#235,.T.);
#49=FACE_BOUND('',#236,.T.);
#50=FACE_BOUND('',#237,.T.);
#51=FACE_BOUND('',#238,.T.);
#52=FACE_BOUND('',#239,.T.);
#53=FACE_BOUND('',#240,.T.);
#54=FACE_BOUND('',#241,.T.);
#55=FACE_BOUND('',#242,.T.);
#56=FACE_BOUND('',#243,.T.);
#57=FACE_BOUND('',#244,.T.);
#58=FACE_BOUND('',#245,.T.);
#59=FACE_BOUND('',#246,.T.);
#60=FACE_BOUND('',#247,.T.);
#61=FACE_BOUND('',#248,.T.);
#62=FACE_BOUND('',#249,.T.);
#63=PLANE('',#1224);
#64=PLANE('',#1228);
#65=PLANE('',#1232);
#66=PLANE('',#1236);
#67=PLANE('',#1237);
#68=PLANE('',#1244);
#69=PLANE('',#1245);
#70=PLANE('',#1255);
#71=PLANE('',#1256);
#72=PLANE('',#1260);
#73=PLANE('',#1261);
#74=PLANE('',#1262);
#75=PLANE('',#1266);
#76=PLANE('',#1267);
#77=PLANE('',#1271);
#78=PLANE('',#1275);
#79=PLANE('',#1298);
#80=PLANE('',#1302);
#81=PLANE('',#1315);
#82=PLANE('',#1316);
#83=PLANE('',#1318);
#84=PLANE('',#1321);
#85=PLANE('',#1322);
#86=PLANE('',#1323);
#87=PLANE('',#1324);
#88=PLANE('',#1325);
#89=PLANE('',#1326);
#90=PLANE('',#1327);
#91=PLANE('',#1328);
#92=PLANE('',#1329);
#93=PLANE('',#1330);
#94=PLANE('',#1331);
#95=FACE_OUTER_BOUND('',#154,.T.);
#96=FACE_OUTER_BOUND('',#155,.T.);
#97=FACE_OUTER_BOUND('',#156,.T.);
#98=FACE_OUTER_BOUND('',#157,.T.);
#99=FACE_OUTER_BOUND('',#158,.T.);
#100=FACE_OUTER_BOUND('',#159,.T.);
#101=FACE_OUTER_BOUND('',#160,.T.);
#102=FACE_OUTER_BOUND('',#161,.T.);
#103=FACE_OUTER_BOUND('',#162,.T.);
#104=FACE_OUTER_BOUND('',#166,.T.);
#105=FACE_OUTER_BOUND('',#167,.T.);
#106=FACE_OUTER_BOUND('',#168,.T.);
#107=FACE_OUTER_BOUND('',#172,.T.);
#108=FACE_OUTER_BOUND('',#173,.T.);
#109=FACE_OUTER_BOUND('',#174,.T.);
#110=FACE_OUTER_BOUND('',#175,.T.);
#111=FACE_OUTER_BOUND('',#177,.T.);
#112=FACE_OUTER_BOUND('',#178,.T.);
#113=FACE_OUTER_BOUND('',#179,.T.);
#114=FACE_OUTER_BOUND('',#180,.T.);
#115=FACE_OUTER_BOUND('',#182,.T.);
#116=FACE_OUTER_BOUND('',#183,.T.);
#117=FACE_OUTER_BOUND('',#184,.T.);
#118=FACE_OUTER_BOUND('',#185,.T.);
#119=FACE_OUTER_BOUND('',#186,.T.);
#120=FACE_OUTER_BOUND('',#187,.T.);
#121=FACE_OUTER_BOUND('',#189,.T.);
#122=FACE_OUTER_BOUND('',#190,.T.);
#123=FACE_OUTER_BOUND('',#191,.T.);
#124=FACE_OUTER_BOUND('',#192,.T.);
#125=FACE_OUTER_BOUND('',#193,.T.);
#126=FACE_OUTER_BOUND('',#194,.T.);
#127=FACE_OUTER_BOUND('',#195,.T.);
#128=FACE_OUTER_BOUND('',#196,.T.);
#129=FACE_OUTER_BOUND('',#197,.T.);
#130=FACE_OUTER_BOUND('',#198,.T.);
#131=FACE_OUTER_BOUND('',#199,.T.);
#132=FACE_OUTER_BOUND('',#200,.T.);
#133=FACE_OUTER_BOUND('',#201,.T.);
#134=FACE_OUTER_BOUND('',#202,.T.);
#135=FACE_OUTER_BOUND('',#203,.T.);
#136=FACE_OUTER_BOUND('',#204,.T.);
#137=FACE_OUTER_BOUND('',#205,.T.);
#138=FACE_OUTER_BOUND('',#206,.T.);
#139=FACE_OUTER_BOUND('',#207,.T.);
#140=FACE_OUTER_BOUND('',#208,.T.);
#141=FACE_OUTER_BOUND('',#216,.T.);
#142=FACE_OUTER_BOUND('',#219,.T.);
#143=FACE_OUTER_BOUND('',#220,.T.);
#144=FACE_OUTER_BOUND('',#222,.T.);
#145=FACE_OUTER_BOUND('',#223,.T.);
#146=FACE_OUTER_BOUND('',#224,.T.);
#147=FACE_OUTER_BOUND('',#225,.T.);
#148=FACE_OUTER_BOUND('',#226,.T.);
#149=FACE_OUTER_BOUND('',#227,.T.);
#150=FACE_OUTER_BOUND('',#228,.T.);
#151=FACE_OUTER_BOUND('',#230,.T.);
#152=FACE_OUTER_BOUND('',#231,.T.);
#153=FACE_OUTER_BOUND('',#232,.T.);
#154=EDGE_LOOP('',(#782,#783,#784,#785));
#155=EDGE_LOOP('',(#786));
#156=EDGE_LOOP('',(#787,#788,#789,#790));
#157=EDGE_LOOP('',(#791));
#158=EDGE_LOOP('',(#792,#793,#794,#795));
#159=EDGE_LOOP('',(#796,#797,#798,#799));
#160=EDGE_LOOP('',(#800,#801,#802,#803));
#161=EDGE_LOOP('',(#804,#805,#806,#807,#808,#809));
#162=EDGE_LOOP('',(#810,#811,#812,#813,#814,#815,#816));
#163=EDGE_LOOP('',(#817));
#164=EDGE_LOOP('',(#818));
#165=EDGE_LOOP('',(#819));
#166=EDGE_LOOP('',(#820,#821,#822,#823));
#167=EDGE_LOOP('',(#824,#825,#826,#827,#828,#829,#830,#831));
#168=EDGE_LOOP('',(#832,#833,#834,#835,#836,#837,#838));
#169=EDGE_LOOP('',(#839));
#170=EDGE_LOOP('',(#840));
#171=EDGE_LOOP('',(#841));
#172=EDGE_LOOP('',(#842,#843,#844,#845));
#173=EDGE_LOOP('',(#846,#847,#848,#849));
#174=EDGE_LOOP('',(#850,#851,#852,#853));
#175=EDGE_LOOP('',(#854,#855,#856,#857));
#176=EDGE_LOOP('',(#858));
#177=EDGE_LOOP('',(#859,#860,#861,#862));
#178=EDGE_LOOP('',(#863,#864,#865,#866));
#179=EDGE_LOOP('',(#867,#868,#869,#870));
#180=EDGE_LOOP('',(#871,#872,#873,#874));
#181=EDGE_LOOP('',(#875));
#182=EDGE_LOOP('',(#876,#877,#878,#879));
#183=EDGE_LOOP('',(#880,#881,#882,#883));
#184=EDGE_LOOP('',(#884,#885,#886,#887,#888,#889,#890,#891,#892,#893,#894,
#895,#896,#897));
#185=EDGE_LOOP('',(#898,#899,#900,#901,#902,#903,#904,#905,#906,#907,#908));
#186=EDGE_LOOP('',(#909));
#187=EDGE_LOOP('',(#910,#911,#912,#913,#914,#915,#916,#917,#918,#919));
#188=EDGE_LOOP('',(#920,#921));
#189=EDGE_LOOP('',(#922));
#190=EDGE_LOOP('',(#923,#924,#925,#926,#927));
#191=EDGE_LOOP('',(#928,#929,#930,#931));
#192=EDGE_LOOP('',(#932,#933,#934,#935));
#193=EDGE_LOOP('',(#936,#937,#938,#939));
#194=EDGE_LOOP('',(#940,#941,#942,#943));
#195=EDGE_LOOP('',(#944,#945,#946,#947));
#196=EDGE_LOOP('',(#948,#949,#950,#951));
#197=EDGE_LOOP('',(#952,#953,#954,#955));
#198=EDGE_LOOP('',(#956));
#199=EDGE_LOOP('',(#957,#958,#959,#960));
#200=EDGE_LOOP('',(#961));
#201=EDGE_LOOP('',(#962,#963,#964,#965,#966,#967,#968));
#202=EDGE_LOOP('',(#969,#970,#971,#972));
#203=EDGE_LOOP('',(#973,#974,#975,#976));
#204=EDGE_LOOP('',(#977,#978,#979,#980));
#205=EDGE_LOOP('',(#981,#982,#983,#984));
#206=EDGE_LOOP('',(#985,#986,#987,#988,#989,#990,#991,#992,#993,#994,#995));
#207=EDGE_LOOP('',(#996,#997,#998,#999));
#208=EDGE_LOOP('',(#1000,#1001,#1002,#1003,#1004,#1005,#1006,#1007,#1008,
#1009,#1010,#1011,#1012,#1013,#1014));
#209=EDGE_LOOP('',(#1015));
#210=EDGE_LOOP('',(#1016));
#211=EDGE_LOOP('',(#1017));
#212=EDGE_LOOP('',(#1018));
#213=EDGE_LOOP('',(#1019));
#214=EDGE_LOOP('',(#1020));
#215=EDGE_LOOP('',(#1021));
#216=EDGE_LOOP('',(#1022,#1023,#1024,#1025,#1026,#1027));
#217=EDGE_LOOP('',(#1028));
#218=EDGE_LOOP('',(#1029));
#219=EDGE_LOOP('',(#1030,#1031,#1032,#1033));
#220=EDGE_LOOP('',(#1034,#1035,#1036,#1037));
#221=EDGE_LOOP('',(#1038));
#222=EDGE_LOOP('',(#1039,#1040,#1041,#1042));
#223=EDGE_LOOP('',(#1043,#1044,#1045,#1046));
#224=EDGE_LOOP('',(#1047,#1048,#1049,#1050));
#225=EDGE_LOOP('',(#1051,#1052,#1053,#1054));
#226=EDGE_LOOP('',(#1055,#1056,#1057,#1058));
#227=EDGE_LOOP('',(#1059,#1060,#1061,#1062));
#228=EDGE_LOOP('',(#1063,#1064,#1065,#1066,#1067,#1068));
#229=EDGE_LOOP('',(#1069));
#230=EDGE_LOOP('',(#1070,#1071,#1072,#1073,#1074,#1075));
#231=EDGE_LOOP('',(#1076,#1077,#1078,#1079));
#232=EDGE_LOOP('',(#1080,#1081,#1082,#1083,#1084,#1085,#1086,#1087,#1088,
#1089,#1090,#1091,#1092,#1093,#1094));
#233=EDGE_LOOP('',(#1095));
#234=EDGE_LOOP('',(#1096));
#235=EDGE_LOOP('',(#1097));
#236=EDGE_LOOP('',(#1098));
#237=EDGE_LOOP('',(#1099));
#238=EDGE_LOOP('',(#1100));
#239=EDGE_LOOP('',(#1101));
#240=EDGE_LOOP('',(#1102));
#241=EDGE_LOOP('',(#1103));
#242=EDGE_LOOP('',(#1104));
#243=EDGE_LOOP('',(#1105));
#244=EDGE_LOOP('',(#1106));
#245=EDGE_LOOP('',(#1107));
#246=EDGE_LOOP('',(#1108));
#247=EDGE_LOOP('',(#1109));
#248=EDGE_LOOP('',(#1110));
#249=EDGE_LOOP('',(#1111));
#250=LINE('',#1663,#352);
#251=LINE('',#1670,#353);
#252=LINE('',#1678,#354);
#253=LINE('',#1681,#355);
#254=LINE('',#1684,#356);
#255=LINE('',#1686,#357);
#256=LINE('',#1687,#358);
#257=LINE('',#1693,#359);
#258=LINE('',#1696,#360);
#259=LINE('',#1699,#361);
#260=LINE('',#1701,#362);
#261=LINE('',#1703,#363);
#262=LINE('',#1705,#364);
#263=LINE('',#1706,#365);
#264=LINE('',#1709,#366);
#265=LINE('',#1711,#367);
#266=LINE('',#1713,#368);
#267=LINE('',#1715,#369);
#268=LINE('',#1716,#370);
#269=LINE('',#1728,#371);
#270=LINE('',#1731,#372);
#271=LINE('',#1733,#373);
#272=LINE('',#1735,#374);
#273=LINE('',#1737,#375);
#274=LINE('',#1739,#376);
#275=LINE('',#1740,#377);
#276=LINE('',#1743,#378);
#277=LINE('',#1745,#379);
#278=LINE('',#1747,#380);
#279=LINE('',#1749,#381);
#280=LINE('',#1750,#382);
#281=LINE('',#1761,#383);
#282=LINE('',#1767,#384);
#283=LINE('',#1772,#385);
#284=LINE('',#1774,#386);
#285=LINE('',#1776,#387);
#286=LINE('',#1777,#388);
#287=LINE('',#1780,#389);
#288=LINE('',#1783,#390);
#289=LINE('',#1787,#391);
#290=LINE('',#1790,#392);
#291=LINE('',#1791,#393);
#292=LINE('',#1795,#394);
#293=LINE('',#1797,#395);
#294=LINE('',#1799,#396);
#295=LINE('',#1800,#397);
#296=LINE('',#1803,#398);
#297=LINE('',#1806,#399);
#298=LINE('',#1810,#400);
#299=LINE('',#1813,#401);
#300=LINE('',#1814,#402);
#301=LINE('',#1816,#403);
#302=LINE('',#1818,#404);
#303=LINE('',#1820,#405);
#304=LINE('',#1822,#406);
#305=LINE('',#1823,#407);
#306=LINE('',#1825,#408);
#307=LINE('',#1826,#409);
#308=LINE('',#1831,#410);
#309=LINE('',#1898,#411);
#310=LINE('',#1918,#412);
#311=LINE('',#1950,#413);
#312=LINE('',#2017,#414);
#313=LINE('',#2022,#415);
#314=LINE('',#2028,#416);
#315=LINE('',#2034,#417);
#316=LINE('',#2040,#418);
#317=LINE('',#2046,#419);
#318=LINE('',#2052,#420);
#319=LINE('',#2058,#421);
#320=LINE('',#2065,#422);
#321=LINE('',#2071,#423);
#322=LINE('',#2075,#424);
#323=LINE('',#2079,#425);
#324=LINE('',#2083,#426);
#325=LINE('',#2087,#427);
#326=LINE('',#2091,#428);
#327=LINE('',#2092,#429);
#328=LINE('',#2095,#430);
#329=LINE('',#2096,#431);
#330=LINE('',#2099,#432);
#331=LINE('',#2100,#433);
#332=LINE('',#2101,#434);
#333=LINE('',#2106,#435);
#334=LINE('',#2107,#436);
#335=LINE('',#2110,#437);
#336=LINE('',#2114,#438);
#337=LINE('',#2115,#439);
#338=LINE('',#2118,#440);
#339=LINE('',#2119,#441);
#340=LINE('',#2122,#442);
#341=LINE('',#2123,#443);
#342=LINE('',#2125,#444);
#343=LINE('',#2127,#445);
#344=LINE('',#2129,#446);
#345=LINE('',#2132,#447);
#346=LINE('',#2133,#448);
#347=LINE('',#2136,#449);
#348=LINE('',#2137,#450);
#349=LINE('',#2140,#451);
#350=LINE('',#2141,#452);
#351=LINE('',#2143,#453);
#352=VECTOR('',#1338,2.49999999999999);
#353=VECTOR('',#1347,2.25);
#354=VECTOR('',#1356,10.);
#355=VECTOR('',#1359,10.);
#356=VECTOR('',#1362,10.);
#357=VECTOR('',#1363,10.);
#358=VECTOR('',#1364,10.);
#359=VECTOR('',#1369,4.);
#360=VECTOR('',#1372,4.);
#361=VECTOR('',#1375,10.);
#362=VECTOR('',#1376,10.);
#363=VECTOR('',#1377,10.);
#364=VECTOR('',#1378,10.);
#365=VECTOR('',#1379,10.);
#366=VECTOR('',#1382,10.);
#367=VECTOR('',#1383,10.);
#368=VECTOR('',#1384,10.);
#369=VECTOR('',#1385,10.);
#370=VECTOR('',#1386,10.);
#371=VECTOR('',#1397,4.);
#372=VECTOR('',#1400,4.);
#373=VECTOR('',#1403,10.);
#374=VECTOR('',#1404,10.);
#375=VECTOR('',#1405,10.);
#376=VECTOR('',#1406,10.);
#377=VECTOR('',#1407,10.);
#378=VECTOR('',#1410,10.);
#379=VECTOR('',#1411,10.);
#380=VECTOR('',#1412,10.);
#381=VECTOR('',#1413,10.);
#382=VECTOR('',#1414,10.);
#383=VECTOR('',#1425,1.);
#384=VECTOR('',#1432,1.);
#385=VECTOR('',#1437,10.);
#386=VECTOR('',#1438,10.);
#387=VECTOR('',#1439,10.);
#388=VECTOR('',#1440,10.);
#389=VECTOR('',#1443,10.);
#390=VECTOR('',#1446,10.);
#391=VECTOR('',#1451,10.);
#392=VECTOR('',#1454,10.);
#393=VECTOR('',#1455,10.);
#394=VECTOR('',#1458,10.);
#395=VECTOR('',#1459,10.);
#396=VECTOR('',#1460,10.);
#397=VECTOR('',#1461,10.);
#398=VECTOR('',#1464,10.);
#399=VECTOR('',#1467,10.);
#400=VECTOR('',#1472,10.);
#401=VECTOR('',#1475,10.);
#402=VECTOR('',#1476,10.);
#403=VECTOR('',#1479,10.);
#404=VECTOR('',#1480,10.);
#405=VECTOR('',#1481,10.);
#406=VECTOR('',#1482,10.);
#407=VECTOR('',#1483,10.);
#408=VECTOR('',#1484,10.);
#409=VECTOR('',#1485,10.);
#410=VECTOR('',#1490,1.2295);
#411=VECTOR('',#1491,1.2295);
#412=VECTOR('',#1500,1.2295);
#413=VECTOR('',#1501,1.2295);
#414=VECTOR('',#1508,0.7835);
#415=VECTOR('',#1513,1.6);
#416=VECTOR('',#1520,1.6);
#417=VECTOR('',#1527,1.6);
#418=VECTOR('',#1534,1.6);
#419=VECTOR('',#1541,1.6);
#420=VECTOR('',#1548,1.6);
#421=VECTOR('',#1555,1.5);
#422=VECTOR('',#1564,1.25);
#423=VECTOR('',#1573,0.7835);
#424=VECTOR('',#1578,0.7835);
#425=VECTOR('',#1583,0.7835);
#426=VECTOR('',#1588,0.7835);
#427=VECTOR('',#1593,0.7835);
#428=VECTOR('',#1598,0.7835);
#429=VECTOR('',#1599,0.7835);
#430=VECTOR('',#1602,10.);
#431=VECTOR('',#1603,10.);
#432=VECTOR('',#1606,10.);
#433=VECTOR('',#1607,10.);
#434=VECTOR('',#1608,10.);
#435=VECTOR('',#1613,10.);
#436=VECTOR('',#1614,10.);
#437=VECTOR('',#1617,4.99999999999999);
#438=VECTOR('',#1622,10.);
#439=VECTOR('',#1623,10.);
#440=VECTOR('',#1626,10.);
#441=VECTOR('',#1627,10.);
#442=VECTOR('',#1630,10.);
#443=VECTOR('',#1631,10.);
#444=VECTOR('',#1634,10.);
#445=VECTOR('',#1637,10.);
#446=VECTOR('',#1640,10.);
#447=VECTOR('',#1643,10.);
#448=VECTOR('',#1644,10.);
#449=VECTOR('',#1647,10.);
#450=VECTOR('',#1648,10.);
#451=VECTOR('',#1651,10.);
#452=VECTOR('',#1652,10.);
#453=VECTOR('',#1655,10.);
#454=CIRCLE('',#1222,2.49999999999999);
#455=CIRCLE('',#1223,2.49999999999999);
#456=CIRCLE('',#1226,2.25);
#457=CIRCLE('',#1227,2.25);
#458=CIRCLE('',#1230,2.);
#459=CIRCLE('',#1231,2.);
#460=CIRCLE('',#1234,4.);
#461=CIRCLE('',#1235,4.);
#462=CIRCLE('',#1238,0.7835);
#463=CIRCLE('',#1239,0.7835);
#464=CIRCLE('',#1240,0.7835);
#465=CIRCLE('',#1242,4.);
#466=CIRCLE('',#1243,4.);
#467=CIRCLE('',#1246,0.7835);
#468=CIRCLE('',#1247,0.7835);
#469=CIRCLE('',#1248,0.7835);
#470=CIRCLE('',#1250,1.);
#471=CIRCLE('',#1251,1.);
#472=CIRCLE('',#1253,1.);
#473=CIRCLE('',#1254,1.);
#474=CIRCLE('',#1257,2.);
#475=CIRCLE('',#1259,2.);
#476=CIRCLE('',#1263,2.);
#477=CIRCLE('',#1265,2.);
#478=CIRCLE('',#1269,1.2295);
#479=CIRCLE('',#1270,1.2295);
#480=CIRCLE('',#1273,1.2295);
#481=CIRCLE('',#1274,1.2295);
#482=CIRCLE('',#1278,1.6);
#483=CIRCLE('',#1279,1.6);
#484=CIRCLE('',#1281,1.6);
#485=CIRCLE('',#1282,1.6);
#486=CIRCLE('',#1284,1.6);
#487=CIRCLE('',#1285,1.6);
#488=CIRCLE('',#1287,1.6);
#489=CIRCLE('',#1288,1.6);
#490=CIRCLE('',#1290,1.6);
#491=CIRCLE('',#1291,1.6);
#492=CIRCLE('',#1293,1.6);
#493=CIRCLE('',#1294,1.6);
#494=CIRCLE('',#1296,1.5);
#495=CIRCLE('',#1297,1.5);
#496=CIRCLE('',#1300,1.25);
#497=CIRCLE('',#1301,1.25);
#498=CIRCLE('',#1304,0.7835);
#499=CIRCLE('',#1306,0.7835);
#500=CIRCLE('',#1308,0.7835);
#501=CIRCLE('',#1310,0.7835);
#502=CIRCLE('',#1312,0.7835);
#503=CIRCLE('',#1314,0.7835);
#504=CIRCLE('',#1317,4.99999999999999);
#505=CIRCLE('',#1320,4.99999999999999);
#506=VERTEX_POINT('',#1660);
#507=VERTEX_POINT('',#1662);
#508=VERTEX_POINT('',#1667);
#509=VERTEX_POINT('',#1669);
#510=VERTEX_POINT('',#1674);
#511=VERTEX_POINT('',#1675);
#512=VERTEX_POINT('',#1677);
#513=VERTEX_POINT('',#1679);
#514=VERTEX_POINT('',#1683);
#515=VERTEX_POINT('',#1685);
#516=VERTEX_POINT('',#1689);
#517=VERTEX_POINT('',#1690);
#518=VERTEX_POINT('',#1692);
#519=VERTEX_POINT('',#1694);
#520=VERTEX_POINT('',#1698);
#521=VERTEX_POINT('',#1700);
#522=VERTEX_POINT('',#1702);
#523=VERTEX_POINT('',#1704);
#524=VERTEX_POINT('',#1708);
#525=VERTEX_POINT('',#1710);
#526=VERTEX_POINT('',#1712);
#527=VERTEX_POINT('',#1714);
#528=VERTEX_POINT('',#1717);
#529=VERTEX_POINT('',#1719);
#530=VERTEX_POINT('',#1721);
#531=VERTEX_POINT('',#1724);
#532=VERTEX_POINT('',#1725);
#533=VERTEX_POINT('',#1727);
#534=VERTEX_POINT('',#1729);
#535=VERTEX_POINT('',#1734);
#536=VERTEX_POINT('',#1736);
#537=VERTEX_POINT('',#1738);
#538=VERTEX_POINT('',#1742);
#539=VERTEX_POINT('',#1744);
#540=VERTEX_POINT('',#1746);
#541=VERTEX_POINT('',#1748);
#542=VERTEX_POINT('',#1751);
#543=VERTEX_POINT('',#1753);
#544=VERTEX_POINT('',#1755);
#545=VERTEX_POINT('',#1758);
#546=VERTEX_POINT('',#1760);
#547=VERTEX_POINT('',#1764);
#548=VERTEX_POINT('',#1766);
#549=VERTEX_POINT('',#1770);
#550=VERTEX_POINT('',#1771);
#551=VERTEX_POINT('',#1773);
#552=VERTEX_POINT('',#1775);
#553=VERTEX_POINT('',#1779);
#554=VERTEX_POINT('',#1781);
#555=VERTEX_POINT('',#1785);
#556=VERTEX_POINT('',#1789);
#557=VERTEX_POINT('',#1793);
#558=VERTEX_POINT('',#1794);
#559=VERTEX_POINT('',#1796);
#560=VERTEX_POINT('',#1798);
#561=VERTEX_POINT('',#1802);
#562=VERTEX_POINT('',#1804);
#563=VERTEX_POINT('',#1808);
#564=VERTEX_POINT('',#1812);
#565=VERTEX_POINT('',#1817);
#566=VERTEX_POINT('',#1819);
#567=VERTEX_POINT('',#1821);
#568=VERTEX_POINT('',#1824);
#569=VERTEX_POINT('',#1828);
#570=VERTEX_POINT('',#1830);
#571=VERTEX_POINT('',#1832);
#572=VERTEX_POINT('',#1871);
#573=VERTEX_POINT('',#1886);
#574=VERTEX_POINT('',#1897);
#575=VERTEX_POINT('',#1900);
#576=VERTEX_POINT('',#1915);
#577=VERTEX_POINT('',#1917);
#578=VERTEX_POINT('',#1919);
#579=VERTEX_POINT('',#1944);
#580=VERTEX_POINT('',#1949);
#581=VERTEX_POINT('',#1952);
#582=VERTEX_POINT('',#1973);
#583=VERTEX_POINT('',#1974);
#584=VERTEX_POINT('',#2019);
#585=VERTEX_POINT('',#2021);
#586=VERTEX_POINT('',#2025);
#587=VERTEX_POINT('',#2027);
#588=VERTEX_POINT('',#2031);
#589=VERTEX_POINT('',#2033);
#590=VERTEX_POINT('',#2037);
#591=VERTEX_POINT('',#2039);
#592=VERTEX_POINT('',#2043);
#593=VERTEX_POINT('',#2045);
#594=VERTEX_POINT('',#2049);
#595=VERTEX_POINT('',#2051);
#596=VERTEX_POINT('',#2055);
#597=VERTEX_POINT('',#2057);
#598=VERTEX_POINT('',#2062);
#599=VERTEX_POINT('',#2064);
#600=VERTEX_POINT('',#2069);
#601=VERTEX_POINT('',#2073);
#602=VERTEX_POINT('',#2077);
#603=VERTEX_POINT('',#2081);
#604=VERTEX_POINT('',#2085);
#605=VERTEX_POINT('',#2089);
#606=VERTEX_POINT('',#2094);
#607=VERTEX_POINT('',#2098);
#608=VERTEX_POINT('',#2102);
#609=VERTEX_POINT('',#2105);
#610=VERTEX_POINT('',#2109);
#611=VERTEX_POINT('',#2113);
#612=VERTEX_POINT('',#2117);
#613=VERTEX_POINT('',#2121);
#614=VERTEX_POINT('',#2131);
#615=VERTEX_POINT('',#2135);
#616=VERTEX_POINT('',#2139);
#617=EDGE_CURVE('',#506,#506,#454,.T.);
#618=EDGE_CURVE('',#506,#507,#250,.T.);
#619=EDGE_CURVE('',#507,#507,#455,.T.);
#620=EDGE_CURVE('',#508,#508,#456,.T.);
#621=EDGE_CURVE('',#508,#509,#251,.T.);
#622=EDGE_CURVE('',#509,#509,#457,.T.);
#623=EDGE_CURVE('',#510,#511,#458,.T.);
#624=EDGE_CURVE('',#511,#512,#252,.T.);
#625=EDGE_CURVE('',#512,#513,#459,.T.);
#626=EDGE_CURVE('',#513,#510,#253,.T.);
#627=EDGE_CURVE('',#514,#511,#254,.T.);
#628=EDGE_CURVE('',#514,#515,#255,.T.);
#629=EDGE_CURVE('',#512,#515,#256,.T.);
#630=EDGE_CURVE('',#516,#517,#460,.T.);
#631=EDGE_CURVE('',#516,#518,#257,.T.);
#632=EDGE_CURVE('',#518,#519,#461,.T.);
#633=EDGE_CURVE('',#519,#517,#258,.T.);
#634=EDGE_CURVE('',#520,#519,#259,.T.);
#635=EDGE_CURVE('',#521,#520,#260,.T.);
#636=EDGE_CURVE('',#522,#521,#261,.T.);
#637=EDGE_CURVE('',#522,#523,#262,.T.);
#638=EDGE_CURVE('',#517,#523,#263,.T.);
#639=EDGE_CURVE('',#518,#524,#264,.T.);
#640=EDGE_CURVE('',#524,#525,#265,.T.);
#641=EDGE_CURVE('',#525,#526,#266,.T.);
#642=EDGE_CURVE('',#526,#527,#267,.T.);
#643=EDGE_CURVE('',#527,#520,#268,.T.);
#644=EDGE_CURVE('',#528,#528,#462,.T.);
#645=EDGE_CURVE('',#529,#529,#463,.T.);
#646=EDGE_CURVE('',#530,#530,#464,.T.);
#647=EDGE_CURVE('',#531,#532,#465,.F.);
#648=EDGE_CURVE('',#532,#533,#269,.T.);
#649=EDGE_CURVE('',#533,#534,#466,.T.);
#650=EDGE_CURVE('',#534,#531,#270,.T.);
#651=EDGE_CURVE('',#531,#516,#271,.T.);
#652=EDGE_CURVE('',#535,#534,#272,.T.);
#653=EDGE_CURVE('',#536,#535,#273,.T.);
#654=EDGE_CURVE('',#537,#536,#274,.T.);
#655=EDGE_CURVE('',#537,#524,#275,.T.);
#656=EDGE_CURVE('',#533,#538,#276,.T.);
#657=EDGE_CURVE('',#538,#539,#277,.T.);
#658=EDGE_CURVE('',#539,#540,#278,.T.);
#659=EDGE_CURVE('',#540,#541,#279,.T.);
#660=EDGE_CURVE('',#541,#535,#280,.T.);
#661=EDGE_CURVE('',#542,#542,#467,.T.);
#662=EDGE_CURVE('',#543,#543,#468,.T.);
#663=EDGE_CURVE('',#544,#544,#469,.T.);
#664=EDGE_CURVE('',#545,#545,#470,.T.);
#665=EDGE_CURVE('',#545,#546,#281,.T.);
#666=EDGE_CURVE('',#546,#546,#471,.T.);
#667=EDGE_CURVE('',#547,#547,#472,.T.);
#668=EDGE_CURVE('',#547,#548,#282,.T.);
#669=EDGE_CURVE('',#548,#548,#473,.T.);
#670=EDGE_CURVE('',#549,#550,#283,.T.);
#671=EDGE_CURVE('',#551,#549,#284,.T.);
#672=EDGE_CURVE('',#551,#552,#285,.T.);
#673=EDGE_CURVE('',#552,#550,#286,.T.);
#674=EDGE_CURVE('',#550,#553,#287,.T.);
#675=EDGE_CURVE('',#554,#552,#474,.T.);
#676=EDGE_CURVE('',#553,#554,#288,.T.);
#677=EDGE_CURVE('',#555,#551,#475,.T.);
#678=EDGE_CURVE('',#555,#554,#289,.T.);
#679=EDGE_CURVE('',#553,#556,#290,.T.);
#680=EDGE_CURVE('',#556,#555,#291,.T.);
#681=EDGE_CURVE('',#557,#558,#292,.T.);
#682=EDGE_CURVE('',#559,#557,#293,.T.);
#683=EDGE_CURVE('',#559,#560,#294,.T.);
#684=EDGE_CURVE('',#560,#558,#295,.T.);
#685=EDGE_CURVE('',#558,#561,#296,.T.);
#686=EDGE_CURVE('',#562,#560,#476,.T.);
#687=EDGE_CURVE('',#561,#562,#297,.T.);
#688=EDGE_CURVE('',#563,#559,#477,.T.);
#689=EDGE_CURVE('',#563,#562,#298,.T.);
#690=EDGE_CURVE('',#561,#564,#299,.T.);
#691=EDGE_CURVE('',#564,#563,#300,.T.);
#692=EDGE_CURVE('',#557,#556,#301,.T.);
#693=EDGE_CURVE('',#565,#564,#302,.T.);
#694=EDGE_CURVE('',#566,#565,#303,.T.);
#695=EDGE_CURVE('',#567,#566,#304,.T.);
#696=EDGE_CURVE('',#567,#541,#305,.T.);
#697=EDGE_CURVE('',#568,#540,#306,.T.);
#698=EDGE_CURVE('',#549,#568,#307,.T.);
#699=EDGE_CURVE('',#569,#569,#478,.T.);
#700=EDGE_CURVE('',#569,#570,#308,.T.);
#701=EDGE_CURVE('',#571,#570,#15,.T.);
#702=EDGE_CURVE('',#572,#571,#16,.T.);
#703=EDGE_CURVE('',#573,#572,#17,.T.);
#704=EDGE_CURVE('',#573,#574,#309,.T.);
#705=EDGE_CURVE('',#574,#574,#479,.T.);
#706=EDGE_CURVE('',#575,#573,#18,.T.);
#707=EDGE_CURVE('',#570,#575,#19,.T.);
#708=EDGE_CURVE('',#576,#576,#480,.T.);
#709=EDGE_CURVE('',#576,#577,#310,.T.);
#710=EDGE_CURVE('',#578,#577,#20,.T.);
#711=EDGE_CURVE('',#579,#578,#21,.T.);
#712=EDGE_CURVE('',#579,#580,#311,.T.);
#713=EDGE_CURVE('',#580,#580,#481,.T.);
#714=EDGE_CURVE('',#581,#579,#22,.T.);
#715=EDGE_CURVE('',#577,#581,#23,.T.);
#716=EDGE_CURVE('',#582,#583,#24,.T.);
#717=EDGE_CURVE('',#583,#582,#25,.T.);
#718=EDGE_CURVE('',#583,#530,#312,.T.);
#719=EDGE_CURVE('',#584,#584,#482,.T.);
#720=EDGE_CURVE('',#584,#585,#313,.T.);
#721=EDGE_CURVE('',#585,#585,#483,.T.);
#722=EDGE_CURVE('',#586,#586,#484,.T.);
#723=EDGE_CURVE('',#586,#587,#314,.T.);
#724=EDGE_CURVE('',#587,#587,#485,.T.);
#725=EDGE_CURVE('',#588,#588,#486,.T.);
#726=EDGE_CURVE('',#588,#589,#315,.T.);
#727=EDGE_CURVE('',#589,#589,#487,.T.);
#728=EDGE_CURVE('',#590,#590,#488,.T.);
#729=EDGE_CURVE('',#590,#591,#316,.T.);
#730=EDGE_CURVE('',#591,#591,#489,.T.);
#731=EDGE_CURVE('',#592,#592,#490,.T.);
#732=EDGE_CURVE('',#592,#593,#317,.T.);
#733=EDGE_CURVE('',#593,#593,#491,.T.);
#734=EDGE_CURVE('',#594,#594,#492,.T.);
#735=EDGE_CURVE('',#594,#595,#318,.T.);
#736=EDGE_CURVE('',#595,#595,#493,.T.);
#737=EDGE_CURVE('',#596,#596,#494,.T.);
#738=EDGE_CURVE('',#596,#597,#319,.T.);
#739=EDGE_CURVE('',#597,#597,#495,.T.);
#740=EDGE_CURVE('',#598,#598,#496,.T.);
#741=EDGE_CURVE('',#598,#599,#320,.T.);
#742=EDGE_CURVE('',#599,#599,#497,.T.);
#743=EDGE_CURVE('',#600,#600,#498,.T.);
#744=EDGE_CURVE('',#600,#578,#321,.T.);
#745=EDGE_CURVE('',#601,#601,#499,.T.);
#746=EDGE_CURVE('',#601,#529,#322,.T.);
#747=EDGE_CURVE('',#602,#602,#500,.T.);
#748=EDGE_CURVE('',#602,#544,#323,.T.);
#749=EDGE_CURVE('',#603,#603,#501,.T.);
#750=EDGE_CURVE('',#603,#528,#324,.T.);
#751=EDGE_CURVE('',#604,#604,#502,.T.);
#752=EDGE_CURVE('',#604,#543,#325,.T.);
#753=EDGE_CURVE('',#605,#605,#503,.T.);
#754=EDGE_CURVE('',#605,#572,#326,.T.);
#755=EDGE_CURVE('',#571,#542,#327,.T.);
#756=EDGE_CURVE('',#568,#606,#328,.T.);
#757=EDGE_CURVE('',#606,#539,#329,.T.);
#758=EDGE_CURVE('',#606,#607,#330,.T.);
#759=EDGE_CURVE('',#607,#513,#331,.T.);
#760=EDGE_CURVE('',#515,#565,#332,.T.);
#761=EDGE_CURVE('',#608,#608,#504,.T.);
#762=EDGE_CURVE('',#609,#532,#333,.T.);
#763=EDGE_CURVE('',#523,#609,#334,.T.);
#764=EDGE_CURVE('',#608,#610,#335,.T.);
#765=EDGE_CURVE('',#610,#610,#505,.T.);
#766=EDGE_CURVE('',#521,#611,#336,.T.);
#767=EDGE_CURVE('',#611,#527,#337,.T.);
#768=EDGE_CURVE('',#611,#612,#338,.T.);
#769=EDGE_CURVE('',#612,#526,#339,.T.);
#770=EDGE_CURVE('',#612,#613,#340,.T.);
#771=EDGE_CURVE('',#613,#525,#341,.T.);
#772=EDGE_CURVE('',#613,#537,#342,.T.);
#773=EDGE_CURVE('',#536,#567,#343,.T.);
#774=EDGE_CURVE('',#566,#514,#344,.T.);
#775=EDGE_CURVE('',#614,#607,#345,.T.);
#776=EDGE_CURVE('',#510,#614,#346,.T.);
#777=EDGE_CURVE('',#614,#615,#347,.T.);
#778=EDGE_CURVE('',#615,#538,#348,.T.);
#779=EDGE_CURVE('',#616,#609,#349,.T.);
#780=EDGE_CURVE('',#615,#616,#350,.T.);
#781=EDGE_CURVE('',#616,#522,#351,.T.);
#782=ORIENTED_EDGE('',*,*,#617,.F.);
#783=ORIENTED_EDGE('',*,*,#618,.T.);
#784=ORIENTED_EDGE('',*,*,#619,.F.);
#785=ORIENTED_EDGE('',*,*,#618,.F.);
#786=ORIENTED_EDGE('',*,*,#617,.T.);
#787=ORIENTED_EDGE('',*,*,#620,.F.);
#788=ORIENTED_EDGE('',*,*,#621,.T.);
#789=ORIENTED_EDGE('',*,*,#622,.F.);
#790=ORIENTED_EDGE('',*,*,#621,.F.);
#791=ORIENTED_EDGE('',*,*,#620,.T.);
#792=ORIENTED_EDGE('',*,*,#623,.T.);
#793=ORIENTED_EDGE('',*,*,#624,.T.);
#794=ORIENTED_EDGE('',*,*,#625,.T.);
#795=ORIENTED_EDGE('',*,*,#626,.T.);
#796=ORIENTED_EDGE('',*,*,#624,.F.);
#797=ORIENTED_EDGE('',*,*,#627,.F.);
#798=ORIENTED_EDGE('',*,*,#628,.T.);
#799=ORIENTED_EDGE('',*,*,#629,.F.);
#800=ORIENTED_EDGE('',*,*,#630,.F.);
#801=ORIENTED_EDGE('',*,*,#631,.T.);
#802=ORIENTED_EDGE('',*,*,#632,.T.);
#803=ORIENTED_EDGE('',*,*,#633,.T.);
#804=ORIENTED_EDGE('',*,*,#633,.F.);
#805=ORIENTED_EDGE('',*,*,#634,.F.);
#806=ORIENTED_EDGE('',*,*,#635,.F.);
#807=ORIENTED_EDGE('',*,*,#636,.F.);
#808=ORIENTED_EDGE('',*,*,#637,.T.);
#809=ORIENTED_EDGE('',*,*,#638,.F.);
#810=ORIENTED_EDGE('',*,*,#632,.F.);
#811=ORIENTED_EDGE('',*,*,#639,.T.);
#812=ORIENTED_EDGE('',*,*,#640,.T.);
#813=ORIENTED_EDGE('',*,*,#641,.T.);
#814=ORIENTED_EDGE('',*,*,#642,.T.);
#815=ORIENTED_EDGE('',*,*,#643,.T.);
#816=ORIENTED_EDGE('',*,*,#634,.T.);
#817=ORIENTED_EDGE('',*,*,#644,.T.);
#818=ORIENTED_EDGE('',*,*,#645,.T.);
#819=ORIENTED_EDGE('',*,*,#646,.T.);
#820=ORIENTED_EDGE('',*,*,#647,.T.);
#821=ORIENTED_EDGE('',*,*,#648,.T.);
#822=ORIENTED_EDGE('',*,*,#649,.T.);
#823=ORIENTED_EDGE('',*,*,#650,.T.);
#824=ORIENTED_EDGE('',*,*,#651,.F.);
#825=ORIENTED_EDGE('',*,*,#650,.F.);
#826=ORIENTED_EDGE('',*,*,#652,.F.);
#827=ORIENTED_EDGE('',*,*,#653,.F.);
#828=ORIENTED_EDGE('',*,*,#654,.F.);
#829=ORIENTED_EDGE('',*,*,#655,.T.);
#830=ORIENTED_EDGE('',*,*,#639,.F.);
#831=ORIENTED_EDGE('',*,*,#631,.F.);
#832=ORIENTED_EDGE('',*,*,#649,.F.);
#833=ORIENTED_EDGE('',*,*,#656,.T.);
#834=ORIENTED_EDGE('',*,*,#657,.T.);
#835=ORIENTED_EDGE('',*,*,#658,.T.);
#836=ORIENTED_EDGE('',*,*,#659,.T.);
#837=ORIENTED_EDGE('',*,*,#660,.T.);
#838=ORIENTED_EDGE('',*,*,#652,.T.);
#839=ORIENTED_EDGE('',*,*,#661,.T.);
#840=ORIENTED_EDGE('',*,*,#662,.T.);
#841=ORIENTED_EDGE('',*,*,#663,.T.);
#842=ORIENTED_EDGE('',*,*,#664,.F.);
#843=ORIENTED_EDGE('',*,*,#665,.T.);
#844=ORIENTED_EDGE('',*,*,#666,.F.);
#845=ORIENTED_EDGE('',*,*,#665,.F.);
#846=ORIENTED_EDGE('',*,*,#667,.F.);
#847=ORIENTED_EDGE('',*,*,#668,.T.);
#848=ORIENTED_EDGE('',*,*,#669,.F.);
#849=ORIENTED_EDGE('',*,*,#668,.F.);
#850=ORIENTED_EDGE('',*,*,#670,.F.);
#851=ORIENTED_EDGE('',*,*,#671,.F.);
#852=ORIENTED_EDGE('',*,*,#672,.T.);
#853=ORIENTED_EDGE('',*,*,#673,.T.);
#854=ORIENTED_EDGE('',*,*,#674,.F.);
#855=ORIENTED_EDGE('',*,*,#673,.F.);
#856=ORIENTED_EDGE('',*,*,#675,.F.);
#857=ORIENTED_EDGE('',*,*,#676,.F.);
#858=ORIENTED_EDGE('',*,*,#664,.T.);
#859=ORIENTED_EDGE('',*,*,#677,.F.);
#860=ORIENTED_EDGE('',*,*,#678,.T.);
#861=ORIENTED_EDGE('',*,*,#675,.T.);
#862=ORIENTED_EDGE('',*,*,#672,.F.);
#863=ORIENTED_EDGE('',*,*,#679,.F.);
#864=ORIENTED_EDGE('',*,*,#676,.T.);
#865=ORIENTED_EDGE('',*,*,#678,.F.);
#866=ORIENTED_EDGE('',*,*,#680,.F.);
#867=ORIENTED_EDGE('',*,*,#681,.F.);
#868=ORIENTED_EDGE('',*,*,#682,.F.);
#869=ORIENTED_EDGE('',*,*,#683,.T.);
#870=ORIENTED_EDGE('',*,*,#684,.T.);
#871=ORIENTED_EDGE('',*,*,#685,.F.);
#872=ORIENTED_EDGE('',*,*,#684,.F.);
#873=ORIENTED_EDGE('',*,*,#686,.F.);
#874=ORIENTED_EDGE('',*,*,#687,.F.);
#875=ORIENTED_EDGE('',*,*,#667,.T.);
#876=ORIENTED_EDGE('',*,*,#688,.F.);
#877=ORIENTED_EDGE('',*,*,#689,.T.);
#878=ORIENTED_EDGE('',*,*,#686,.T.);
#879=ORIENTED_EDGE('',*,*,#683,.F.);
#880=ORIENTED_EDGE('',*,*,#690,.F.);
#881=ORIENTED_EDGE('',*,*,#687,.T.);
#882=ORIENTED_EDGE('',*,*,#689,.F.);
#883=ORIENTED_EDGE('',*,*,#691,.F.);
#884=ORIENTED_EDGE('',*,*,#670,.T.);
#885=ORIENTED_EDGE('',*,*,#674,.T.);
#886=ORIENTED_EDGE('',*,*,#679,.T.);
#887=ORIENTED_EDGE('',*,*,#692,.F.);
#888=ORIENTED_EDGE('',*,*,#681,.T.);
#889=ORIENTED_EDGE('',*,*,#685,.T.);
#890=ORIENTED_EDGE('',*,*,#690,.T.);
#891=ORIENTED_EDGE('',*,*,#693,.F.);
#892=ORIENTED_EDGE('',*,*,#694,.F.);
#893=ORIENTED_EDGE('',*,*,#695,.F.);
#894=ORIENTED_EDGE('',*,*,#696,.T.);
#895=ORIENTED_EDGE('',*,*,#659,.F.);
#896=ORIENTED_EDGE('',*,*,#697,.F.);
#897=ORIENTED_EDGE('',*,*,#698,.F.);
#898=ORIENTED_EDGE('',*,*,#699,.F.);
#899=ORIENTED_EDGE('',*,*,#700,.T.);
#900=ORIENTED_EDGE('',*,*,#701,.F.);
#901=ORIENTED_EDGE('',*,*,#702,.F.);
#902=ORIENTED_EDGE('',*,*,#703,.F.);
#903=ORIENTED_EDGE('',*,*,#704,.T.);
#904=ORIENTED_EDGE('',*,*,#705,.F.);
#905=ORIENTED_EDGE('',*,*,#704,.F.);
#906=ORIENTED_EDGE('',*,*,#706,.F.);
#907=ORIENTED_EDGE('',*,*,#707,.F.);
#908=ORIENTED_EDGE('',*,*,#700,.F.);
#909=ORIENTED_EDGE('',*,*,#705,.T.);
#910=ORIENTED_EDGE('',*,*,#708,.F.);
#911=ORIENTED_EDGE('',*,*,#709,.T.);
#912=ORIENTED_EDGE('',*,*,#710,.F.);
#913=ORIENTED_EDGE('',*,*,#711,.F.);
#914=ORIENTED_EDGE('',*,*,#712,.T.);
#915=ORIENTED_EDGE('',*,*,#713,.F.);
#916=ORIENTED_EDGE('',*,*,#712,.F.);
#917=ORIENTED_EDGE('',*,*,#714,.F.);
#918=ORIENTED_EDGE('',*,*,#715,.F.);
#919=ORIENTED_EDGE('',*,*,#709,.F.);
#920=ORIENTED_EDGE('',*,*,#716,.F.);
#921=ORIENTED_EDGE('',*,*,#717,.F.);
#922=ORIENTED_EDGE('',*,*,#713,.T.);
#923=ORIENTED_EDGE('',*,*,#716,.T.);
#924=ORIENTED_EDGE('',*,*,#718,.T.);
#925=ORIENTED_EDGE('',*,*,#646,.F.);
#926=ORIENTED_EDGE('',*,*,#718,.F.);
#927=ORIENTED_EDGE('',*,*,#717,.T.);
#928=ORIENTED_EDGE('',*,*,#719,.F.);
#929=ORIENTED_EDGE('',*,*,#720,.T.);
#930=ORIENTED_EDGE('',*,*,#721,.F.);
#931=ORIENTED_EDGE('',*,*,#720,.F.);
#932=ORIENTED_EDGE('',*,*,#722,.F.);
#933=ORIENTED_EDGE('',*,*,#723,.T.);
#934=ORIENTED_EDGE('',*,*,#724,.F.);
#935=ORIENTED_EDGE('',*,*,#723,.F.);
#936=ORIENTED_EDGE('',*,*,#725,.F.);
#937=ORIENTED_EDGE('',*,*,#726,.T.);
#938=ORIENTED_EDGE('',*,*,#727,.F.);
#939=ORIENTED_EDGE('',*,*,#726,.F.);
#940=ORIENTED_EDGE('',*,*,#728,.F.);
#941=ORIENTED_EDGE('',*,*,#729,.T.);
#942=ORIENTED_EDGE('',*,*,#730,.F.);
#943=ORIENTED_EDGE('',*,*,#729,.F.);
#944=ORIENTED_EDGE('',*,*,#731,.F.);
#945=ORIENTED_EDGE('',*,*,#732,.T.);
#946=ORIENTED_EDGE('',*,*,#733,.F.);
#947=ORIENTED_EDGE('',*,*,#732,.F.);
#948=ORIENTED_EDGE('',*,*,#734,.F.);
#949=ORIENTED_EDGE('',*,*,#735,.T.);
#950=ORIENTED_EDGE('',*,*,#736,.F.);
#951=ORIENTED_EDGE('',*,*,#735,.F.);
#952=ORIENTED_EDGE('',*,*,#737,.F.);
#953=ORIENTED_EDGE('',*,*,#738,.T.);
#954=ORIENTED_EDGE('',*,*,#739,.T.);
#955=ORIENTED_EDGE('',*,*,#738,.F.);
#956=ORIENTED_EDGE('',*,*,#739,.F.);
#957=ORIENTED_EDGE('',*,*,#740,.F.);
#958=ORIENTED_EDGE('',*,*,#741,.T.);
#959=ORIENTED_EDGE('',*,*,#742,.T.);
#960=ORIENTED_EDGE('',*,*,#741,.F.);
#961=ORIENTED_EDGE('',*,*,#742,.F.);
#962=ORIENTED_EDGE('',*,*,#743,.F.);
#963=ORIENTED_EDGE('',*,*,#744,.T.);
#964=ORIENTED_EDGE('',*,*,#710,.T.);
#965=ORIENTED_EDGE('',*,*,#715,.T.);
#966=ORIENTED_EDGE('',*,*,#714,.T.);
#967=ORIENTED_EDGE('',*,*,#711,.T.);
#968=ORIENTED_EDGE('',*,*,#744,.F.);
#969=ORIENTED_EDGE('',*,*,#745,.F.);
#970=ORIENTED_EDGE('',*,*,#746,.T.);
#971=ORIENTED_EDGE('',*,*,#645,.F.);
#972=ORIENTED_EDGE('',*,*,#746,.F.);
#973=ORIENTED_EDGE('',*,*,#747,.F.);
#974=ORIENTED_EDGE('',*,*,#748,.T.);
#975=ORIENTED_EDGE('',*,*,#663,.F.);
#976=ORIENTED_EDGE('',*,*,#748,.F.);
#977=ORIENTED_EDGE('',*,*,#749,.F.);
#978=ORIENTED_EDGE('',*,*,#750,.T.);
#979=ORIENTED_EDGE('',*,*,#644,.F.);
#980=ORIENTED_EDGE('',*,*,#750,.F.);
#981=ORIENTED_EDGE('',*,*,#751,.F.);
#982=ORIENTED_EDGE('',*,*,#752,.T.);
#983=ORIENTED_EDGE('',*,*,#662,.F.);
#984=ORIENTED_EDGE('',*,*,#752,.F.);
#985=ORIENTED_EDGE('',*,*,#753,.F.);
#986=ORIENTED_EDGE('',*,*,#754,.T.);
#987=ORIENTED_EDGE('',*,*,#702,.T.);
#988=ORIENTED_EDGE('',*,*,#755,.T.);
#989=ORIENTED_EDGE('',*,*,#661,.F.);
#990=ORIENTED_EDGE('',*,*,#755,.F.);
#991=ORIENTED_EDGE('',*,*,#701,.T.);
#992=ORIENTED_EDGE('',*,*,#707,.T.);
#993=ORIENTED_EDGE('',*,*,#706,.T.);
#994=ORIENTED_EDGE('',*,*,#703,.T.);
#995=ORIENTED_EDGE('',*,*,#754,.F.);
#996=ORIENTED_EDGE('',*,*,#756,.F.);
#997=ORIENTED_EDGE('',*,*,#697,.T.);
#998=ORIENTED_EDGE('',*,*,#658,.F.);
#999=ORIENTED_EDGE('',*,*,#757,.F.);
#1000=ORIENTED_EDGE('',*,*,#671,.T.);
#1001=ORIENTED_EDGE('',*,*,#698,.T.);
#1002=ORIENTED_EDGE('',*,*,#756,.T.);
#1003=ORIENTED_EDGE('',*,*,#758,.T.);
#1004=ORIENTED_EDGE('',*,*,#759,.T.);
#1005=ORIENTED_EDGE('',*,*,#625,.F.);
#1006=ORIENTED_EDGE('',*,*,#629,.T.);
#1007=ORIENTED_EDGE('',*,*,#760,.T.);
#1008=ORIENTED_EDGE('',*,*,#693,.T.);
#1009=ORIENTED_EDGE('',*,*,#691,.T.);
#1010=ORIENTED_EDGE('',*,*,#688,.T.);
#1011=ORIENTED_EDGE('',*,*,#682,.T.);
#1012=ORIENTED_EDGE('',*,*,#692,.T.);
#1013=ORIENTED_EDGE('',*,*,#680,.T.);
#1014=ORIENTED_EDGE('',*,*,#677,.T.);
#1015=ORIENTED_EDGE('',*,*,#619,.T.);
#1016=ORIENTED_EDGE('',*,*,#622,.T.);
#1017=ORIENTED_EDGE('',*,*,#725,.T.);
#1018=ORIENTED_EDGE('',*,*,#728,.T.);
#1019=ORIENTED_EDGE('',*,*,#731,.T.);
#1020=ORIENTED_EDGE('',*,*,#734,.T.);
#1021=ORIENTED_EDGE('',*,*,#761,.T.);
#1022=ORIENTED_EDGE('',*,*,#762,.T.);
#1023=ORIENTED_EDGE('',*,*,#647,.F.);
#1024=ORIENTED_EDGE('',*,*,#651,.T.);
#1025=ORIENTED_EDGE('',*,*,#630,.T.);
#1026=ORIENTED_EDGE('',*,*,#638,.T.);
#1027=ORIENTED_EDGE('',*,*,#763,.T.);
#1028=ORIENTED_EDGE('',*,*,#719,.T.);
#1029=ORIENTED_EDGE('',*,*,#722,.T.);
#1030=ORIENTED_EDGE('',*,*,#761,.F.);
#1031=ORIENTED_EDGE('',*,*,#764,.T.);
#1032=ORIENTED_EDGE('',*,*,#765,.F.);
#1033=ORIENTED_EDGE('',*,*,#764,.F.);
#1034=ORIENTED_EDGE('',*,*,#766,.F.);
#1035=ORIENTED_EDGE('',*,*,#635,.T.);
#1036=ORIENTED_EDGE('',*,*,#643,.F.);
#1037=ORIENTED_EDGE('',*,*,#767,.F.);
#1038=ORIENTED_EDGE('',*,*,#708,.T.);
#1039=ORIENTED_EDGE('',*,*,#768,.F.);
#1040=ORIENTED_EDGE('',*,*,#767,.T.);
#1041=ORIENTED_EDGE('',*,*,#642,.F.);
#1042=ORIENTED_EDGE('',*,*,#769,.F.);
#1043=ORIENTED_EDGE('',*,*,#770,.F.);
#1044=ORIENTED_EDGE('',*,*,#769,.T.);
#1045=ORIENTED_EDGE('',*,*,#641,.F.);
#1046=ORIENTED_EDGE('',*,*,#771,.F.);
#1047=ORIENTED_EDGE('',*,*,#772,.F.);
#1048=ORIENTED_EDGE('',*,*,#771,.T.);
#1049=ORIENTED_EDGE('',*,*,#640,.F.);
#1050=ORIENTED_EDGE('',*,*,#655,.F.);
#1051=ORIENTED_EDGE('',*,*,#773,.F.);
#1052=ORIENTED_EDGE('',*,*,#653,.T.);
#1053=ORIENTED_EDGE('',*,*,#660,.F.);
#1054=ORIENTED_EDGE('',*,*,#696,.F.);
#1055=ORIENTED_EDGE('',*,*,#774,.F.);
#1056=ORIENTED_EDGE('',*,*,#694,.T.);
#1057=ORIENTED_EDGE('',*,*,#760,.F.);
#1058=ORIENTED_EDGE('',*,*,#628,.F.);
#1059=ORIENTED_EDGE('',*,*,#626,.F.);
#1060=ORIENTED_EDGE('',*,*,#759,.F.);
#1061=ORIENTED_EDGE('',*,*,#775,.F.);
#1062=ORIENTED_EDGE('',*,*,#776,.F.);
#1063=ORIENTED_EDGE('',*,*,#777,.F.);
#1064=ORIENTED_EDGE('',*,*,#775,.T.);
#1065=ORIENTED_EDGE('',*,*,#758,.F.);
#1066=ORIENTED_EDGE('',*,*,#757,.T.);
#1067=ORIENTED_EDGE('',*,*,#657,.F.);
#1068=ORIENTED_EDGE('',*,*,#778,.F.);
#1069=ORIENTED_EDGE('',*,*,#699,.T.);
#1070=ORIENTED_EDGE('',*,*,#648,.F.);
#1071=ORIENTED_EDGE('',*,*,#762,.F.);
#1072=ORIENTED_EDGE('',*,*,#779,.F.);
#1073=ORIENTED_EDGE('',*,*,#780,.F.);
#1074=ORIENTED_EDGE('',*,*,#778,.T.);
#1075=ORIENTED_EDGE('',*,*,#656,.F.);
#1076=ORIENTED_EDGE('',*,*,#781,.F.);
#1077=ORIENTED_EDGE('',*,*,#779,.T.);
#1078=ORIENTED_EDGE('',*,*,#763,.F.);
#1079=ORIENTED_EDGE('',*,*,#637,.F.);
#1080=ORIENTED_EDGE('',*,*,#781,.T.);
#1081=ORIENTED_EDGE('',*,*,#636,.T.);
#1082=ORIENTED_EDGE('',*,*,#766,.T.);
#1083=ORIENTED_EDGE('',*,*,#768,.T.);
#1084=ORIENTED_EDGE('',*,*,#770,.T.);
#1085=ORIENTED_EDGE('',*,*,#772,.T.);
#1086=ORIENTED_EDGE('',*,*,#654,.T.);
#1087=ORIENTED_EDGE('',*,*,#773,.T.);
#1088=ORIENTED_EDGE('',*,*,#695,.T.);
#1089=ORIENTED_EDGE('',*,*,#774,.T.);
#1090=ORIENTED_EDGE('',*,*,#627,.T.);
#1091=ORIENTED_EDGE('',*,*,#623,.F.);
#1092=ORIENTED_EDGE('',*,*,#776,.T.);
#1093=ORIENTED_EDGE('',*,*,#777,.T.);
#1094=ORIENTED_EDGE('',*,*,#780,.T.);
#1095=ORIENTED_EDGE('',*,*,#666,.T.);
#1096=ORIENTED_EDGE('',*,*,#669,.T.);
#1097=ORIENTED_EDGE('',*,*,#721,.T.);
#1098=ORIENTED_EDGE('',*,*,#724,.T.);
#1099=ORIENTED_EDGE('',*,*,#727,.T.);
#1100=ORIENTED_EDGE('',*,*,#730,.T.);
#1101=ORIENTED_EDGE('',*,*,#733,.T.);
#1102=ORIENTED_EDGE('',*,*,#736,.T.);
#1103=ORIENTED_EDGE('',*,*,#737,.T.);
#1104=ORIENTED_EDGE('',*,*,#740,.T.);
#1105=ORIENTED_EDGE('',*,*,#743,.T.);
#1106=ORIENTED_EDGE('',*,*,#745,.T.);
#1107=ORIENTED_EDGE('',*,*,#747,.T.);
#1108=ORIENTED_EDGE('',*,*,#749,.T.);
#1109=ORIENTED_EDGE('',*,*,#751,.T.);
#1110=ORIENTED_EDGE('',*,*,#753,.T.);
#1111=ORIENTED_EDGE('',*,*,#765,.T.);
#1112=CYLINDRICAL_SURFACE('',#1221,2.49999999999999);
#1113=CYLINDRICAL_SURFACE('',#1225,2.25);
#1114=CYLINDRICAL_SURFACE('',#1229,2.);
#1115=CYLINDRICAL_SURFACE('',#1233,4.);
#1116=CYLINDRICAL_SURFACE('',#1241,4.);
#1117=CYLINDRICAL_SURFACE('',#1249,1.);
#1118=CYLINDRICAL_SURFACE('',#1252,1.);
#1119=CYLINDRICAL_SURFACE('',#1258,2.);
#1120=CYLINDRICAL_SURFACE('',#1264,2.);
#1121=CYLINDRICAL_SURFACE('',#1268,1.2295);
#1122=CYLINDRICAL_SURFACE('',#1272,1.2295);
#1123=CYLINDRICAL_SURFACE('',#1276,0.7835);
#1124=CYLINDRICAL_SURFACE('',#1277,1.6);
#1125=CYLINDRICAL_SURFACE('',#1280,1.6);
#1126=CYLINDRICAL_SURFACE('',#1283,1.6);
#1127=CYLINDRICAL_SURFACE('',#1286,1.6);
#1128=CYLINDRICAL_SURFACE('',#1289,1.6);
#1129=CYLINDRICAL_SURFACE('',#1292,1.6);
#1130=CYLINDRICAL_SURFACE('',#1295,1.5);
#1131=CYLINDRICAL_SURFACE('',#1299,1.25);
#1132=CYLINDRICAL_SURFACE('',#1303,0.7835);
#1133=CYLINDRICAL_SURFACE('',#1305,0.7835);
#1134=CYLINDRICAL_SURFACE('',#1307,0.7835);
#1135=CYLINDRICAL_SURFACE('',#1309,0.7835);
#1136=CYLINDRICAL_SURFACE('',#1311,0.7835);
#1137=CYLINDRICAL_SURFACE('',#1313,0.7835);
#1138=CYLINDRICAL_SURFACE('',#1319,4.99999999999999);
#1139=ADVANCED_FACE('',(#95),#1112,.T.);
#1140=ADVANCED_FACE('',(#96),#63,.T.);
#1141=ADVANCED_FACE('',(#97),#1113,.T.);
#1142=ADVANCED_FACE('',(#98),#64,.T.);
#1143=ADVANCED_FACE('',(#99),#1114,.F.);
#1144=ADVANCED_FACE('',(#100),#65,.T.);
#1145=ADVANCED_FACE('',(#101),#1115,.T.);
#1146=ADVANCED_FACE('',(#102),#66,.T.);
#1147=ADVANCED_FACE('',(#103,#26,#27,#28),#67,.F.);
#1148=ADVANCED_FACE('',(#104),#1116,.T.);
#1149=ADVANCED_FACE('',(#105),#68,.T.);
#1150=ADVANCED_FACE('',(#106,#29,#30,#31),#69,.F.);
#1151=ADVANCED_FACE('',(#107),#1117,.F.);
#1152=ADVANCED_FACE('',(#108),#1118,.F.);
#1153=ADVANCED_FACE('',(#109),#70,.F.);
#1154=ADVANCED_FACE('',(#110,#32),#71,.T.);
#1155=ADVANCED_FACE('',(#111),#1119,.F.);
#1156=ADVANCED_FACE('',(#112),#72,.F.);
#1157=ADVANCED_FACE('',(#113),#73,.F.);
#1158=ADVANCED_FACE('',(#114,#33),#74,.T.);
#1159=ADVANCED_FACE('',(#115),#1120,.F.);
#1160=ADVANCED_FACE('',(#116),#75,.F.);
#1161=ADVANCED_FACE('',(#117),#76,.T.);
#1162=ADVANCED_FACE('',(#118),#1121,.F.);
#1163=ADVANCED_FACE('',(#119),#77,.T.);
#1164=ADVANCED_FACE('',(#120,#34),#1122,.F.);
#1165=ADVANCED_FACE('',(#121),#78,.T.);
#1166=ADVANCED_FACE('',(#122),#1123,.F.);
#1167=ADVANCED_FACE('',(#123),#1124,.F.);
#1168=ADVANCED_FACE('',(#124),#1125,.F.);
#1169=ADVANCED_FACE('',(#125),#1126,.F.);
#1170=ADVANCED_FACE('',(#126),#1127,.F.);
#1171=ADVANCED_FACE('',(#127),#1128,.F.);
#1172=ADVANCED_FACE('',(#128),#1129,.F.);
#1173=ADVANCED_FACE('',(#129),#1130,.F.);
#1174=ADVANCED_FACE('',(#130),#79,.T.);
#1175=ADVANCED_FACE('',(#131),#1131,.F.);
#1176=ADVANCED_FACE('',(#132),#80,.T.);
#1177=ADVANCED_FACE('',(#133),#1132,.F.);
#1178=ADVANCED_FACE('',(#134),#1133,.F.);
#1179=ADVANCED_FACE('',(#135),#1134,.F.);
#1180=ADVANCED_FACE('',(#136),#1135,.F.);
#1181=ADVANCED_FACE('',(#137),#1136,.F.);
#1182=ADVANCED_FACE('',(#138),#1137,.F.);
#1183=ADVANCED_FACE('',(#139),#81,.T.);
#1184=ADVANCED_FACE('',(#140,#35,#36,#37,#38,#39,#40,#41),#82,.F.);
#1185=ADVANCED_FACE('',(#141,#42,#43),#83,.F.);
#1186=ADVANCED_FACE('',(#142),#1138,.F.);
#1187=ADVANCED_FACE('',(#143,#44),#84,.T.);
#1188=ADVANCED_FACE('',(#144),#85,.T.);
#1189=ADVANCED_FACE('',(#145),#86,.T.);
#1190=ADVANCED_FACE('',(#146),#87,.T.);
#1191=ADVANCED_FACE('',(#147),#88,.T.);
#1192=ADVANCED_FACE('',(#148),#89,.T.);
#1193=ADVANCED_FACE('',(#149),#90,.T.);
#1194=ADVANCED_FACE('',(#150,#45),#91,.T.);
#1195=ADVANCED_FACE('',(#151),#92,.T.);
#1196=ADVANCED_FACE('',(#152),#93,.T.);
#1197=ADVANCED_FACE('',(#153,#46,#47,#48,#49,#50,#51,#52,#53,#54,#55,#56,
#57,#58,#59,#60,#61,#62),#94,.T.);
#1198=CLOSED_SHELL('',(#1139,#1140,#1141,#1142,#1143,#1144,#1145,#1146,
#1147,#1148,#1149,#1150,#1151,#1152,#1153,#1154,#1155,#1156,#1157,#1158,
#1159,#1160,#1161,#1162,#1163,#1164,#1165,#1166,#1167,#1168,#1169,#1170,
#1171,#1172,#1173,#1174,#1175,#1176,#1177,#1178,#1179,#1180,#1181,#1182,
#1183,#1184,#1185,#1186,#1187,#1188,#1189,#1190,#1191,#1192,#1193,#1194,
#1195,#1196,#1197));
#1199=DERIVED_UNIT_ELEMENT(#1202,1.);
#1200=DERIVED_UNIT_ELEMENT(#2150,-3.);
#1201=DIMENSIONAL_EXPONENTS(0.,1.,0.,0.,0.,0.,0.);
#1202=(
CONVERSION_BASED_UNIT('gram',#1204)
MASS_UNIT()
NAMED_UNIT(#1201)
);
#1203=(
MASS_UNIT()
NAMED_UNIT(*)
SI_UNIT(.KILO.,.GRAM.)
);
#1204=MASS_MEASURE_WITH_UNIT(MASS_MEASURE(0.001),#1203);
#1205=DERIVED_UNIT((#1199,#1200));
#1206=MEASURE_REPRESENTATION_ITEM('density measure',
POSITIVE_RATIO_MEASURE(1.13),#1205);
#1207=PROPERTY_DEFINITION_REPRESENTATION(#1212,#1209);
#1208=PROPERTY_DEFINITION_REPRESENTATION(#1213,#1210);
#1209=REPRESENTATION('material name',(#1211),#2147);
#1210=REPRESENTATION('density',(#1206),#2147);
#1211=DESCRIPTIVE_REPRESENTATION_ITEM('Nylon 6/6','Nylon 6/6');
#1212=PROPERTY_DEFINITION('material property','material name',#2157);
#1213=PROPERTY_DEFINITION('material property','density of part',#2157);
#1214=DATE_TIME_ROLE('creation_date');
#1215=APPLIED_DATE_AND_TIME_ASSIGNMENT(#1216,#1214,(#2157));
#1216=DATE_AND_TIME(#1217,#1218);
#1217=CALENDAR_DATE(2026,13,4);
#1218=LOCAL_TIME(0,0,0.,#1219);
#1219=COORDINATED_UNIVERSAL_TIME_OFFSET(0,0,.BEHIND.);
#1220=AXIS2_PLACEMENT_3D('',#1658,#1332,#1333);
#1221=AXIS2_PLACEMENT_3D('',#1659,#1334,#1335);
#1222=AXIS2_PLACEMENT_3D('',#1661,#1336,#1337);
#1223=AXIS2_PLACEMENT_3D('',#1664,#1339,#1340);
#1224=AXIS2_PLACEMENT_3D('',#1665,#1341,#1342);
#1225=AXIS2_PLACEMENT_3D('',#1666,#1343,#1344);
#1226=AXIS2_PLACEMENT_3D('',#1668,#1345,#1346);
#1227=AXIS2_PLACEMENT_3D('',#1671,#1348,#1349);
#1228=AXIS2_PLACEMENT_3D('',#1672,#1350,#1351);
#1229=AXIS2_PLACEMENT_3D('',#1673,#1352,#1353);
#1230=AXIS2_PLACEMENT_3D('',#1676,#1354,#1355);
#1231=AXIS2_PLACEMENT_3D('',#1680,#1357,#1358);
#1232=AXIS2_PLACEMENT_3D('',#1682,#1360,#1361);
#1233=AXIS2_PLACEMENT_3D('',#1688,#1365,#1366);
#1234=AXIS2_PLACEMENT_3D('',#1691,#1367,#1368);
#1235=AXIS2_PLACEMENT_3D('',#1695,#1370,#1371);
#1236=AXIS2_PLACEMENT_3D('',#1697,#1373,#1374);
#1237=AXIS2_PLACEMENT_3D('',#1707,#1380,#1381);
#1238=AXIS2_PLACEMENT_3D('',#1718,#1387,#1388);
#1239=AXIS2_PLACEMENT_3D('',#1720,#1389,#1390);
#1240=AXIS2_PLACEMENT_3D('',#1722,#1391,#1392);
#1241=AXIS2_PLACEMENT_3D('',#1723,#1393,#1394);
#1242=AXIS2_PLACEMENT_3D('',#1726,#1395,#1396);
#1243=AXIS2_PLACEMENT_3D('',#1730,#1398,#1399);
#1244=AXIS2_PLACEMENT_3D('',#1732,#1401,#1402);
#1245=AXIS2_PLACEMENT_3D('',#1741,#1408,#1409);
#1246=AXIS2_PLACEMENT_3D('',#1752,#1415,#1416);
#1247=AXIS2_PLACEMENT_3D('',#1754,#1417,#1418);
#1248=AXIS2_PLACEMENT_3D('',#1756,#1419,#1420);
#1249=AXIS2_PLACEMENT_3D('',#1757,#1421,#1422);
#1250=AXIS2_PLACEMENT_3D('',#1759,#1423,#1424);
#1251=AXIS2_PLACEMENT_3D('',#1762,#1426,#1427);
#1252=AXIS2_PLACEMENT_3D('',#1763,#1428,#1429);
#1253=AXIS2_PLACEMENT_3D('',#1765,#1430,#1431);
#1254=AXIS2_PLACEMENT_3D('',#1768,#1433,#1434);
#1255=AXIS2_PLACEMENT_3D('',#1769,#1435,#1436);
#1256=AXIS2_PLACEMENT_3D('',#1778,#1441,#1442);
#1257=AXIS2_PLACEMENT_3D('',#1782,#1444,#1445);
#1258=AXIS2_PLACEMENT_3D('',#1784,#1447,#1448);
#1259=AXIS2_PLACEMENT_3D('',#1786,#1449,#1450);
#1260=AXIS2_PLACEMENT_3D('',#1788,#1452,#1453);
#1261=AXIS2_PLACEMENT_3D('',#1792,#1456,#1457);
#1262=AXIS2_PLACEMENT_3D('',#1801,#1462,#1463);
#1263=AXIS2_PLACEMENT_3D('',#1805,#1465,#1466);
#1264=AXIS2_PLACEMENT_3D('',#1807,#1468,#1469);
#1265=AXIS2_PLACEMENT_3D('',#1809,#1470,#1471);
#1266=AXIS2_PLACEMENT_3D('',#1811,#1473,#1474);
#1267=AXIS2_PLACEMENT_3D('',#1815,#1477,#1478);
#1268=AXIS2_PLACEMENT_3D('',#1827,#1486,#1487);
#1269=AXIS2_PLACEMENT_3D('',#1829,#1488,#1489);
#1270=AXIS2_PLACEMENT_3D('',#1899,#1492,#1493);
#1271=AXIS2_PLACEMENT_3D('',#1913,#1494,#1495);
#1272=AXIS2_PLACEMENT_3D('',#1914,#1496,#1497);
#1273=AXIS2_PLACEMENT_3D('',#1916,#1498,#1499);
#1274=AXIS2_PLACEMENT_3D('',#1951,#1502,#1503);
#1275=AXIS2_PLACEMENT_3D('',#2015,#1504,#1505);
#1276=AXIS2_PLACEMENT_3D('',#2016,#1506,#1507);
#1277=AXIS2_PLACEMENT_3D('',#2018,#1509,#1510);
#1278=AXIS2_PLACEMENT_3D('',#2020,#1511,#1512);
#1279=AXIS2_PLACEMENT_3D('',#2023,#1514,#1515);
#1280=AXIS2_PLACEMENT_3D('',#2024,#1516,#1517);
#1281=AXIS2_PLACEMENT_3D('',#2026,#1518,#1519);
#1282=AXIS2_PLACEMENT_3D('',#2029,#1521,#1522);
#1283=AXIS2_PLACEMENT_3D('',#2030,#1523,#1524);
#1284=AXIS2_PLACEMENT_3D('',#2032,#1525,#1526);
#1285=AXIS2_PLACEMENT_3D('',#2035,#1528,#1529);
#1286=AXIS2_PLACEMENT_3D('',#2036,#1530,#1531);
#1287=AXIS2_PLACEMENT_3D('',#2038,#1532,#1533);
#1288=AXIS2_PLACEMENT_3D('',#2041,#1535,#1536);
#1289=AXIS2_PLACEMENT_3D('',#2042,#1537,#1538);
#1290=AXIS2_PLACEMENT_3D('',#2044,#1539,#1540);
#1291=AXIS2_PLACEMENT_3D('',#2047,#1542,#1543);
#1292=AXIS2_PLACEMENT_3D('',#2048,#1544,#1545);
#1293=AXIS2_PLACEMENT_3D('',#2050,#1546,#1547);
#1294=AXIS2_PLACEMENT_3D('',#2053,#1549,#1550);
#1295=AXIS2_PLACEMENT_3D('',#2054,#1551,#1552);
#1296=AXIS2_PLACEMENT_3D('',#2056,#1553,#1554);
#1297=AXIS2_PLACEMENT_3D('',#2059,#1556,#1557);
#1298=AXIS2_PLACEMENT_3D('',#2060,#1558,#1559);
#1299=AXIS2_PLACEMENT_3D('',#2061,#1560,#1561);
#1300=AXIS2_PLACEMENT_3D('',#2063,#1562,#1563);
#1301=AXIS2_PLACEMENT_3D('',#2066,#1565,#1566);
#1302=AXIS2_PLACEMENT_3D('',#2067,#1567,#1568);
#1303=AXIS2_PLACEMENT_3D('',#2068,#1569,#1570);
#1304=AXIS2_PLACEMENT_3D('',#2070,#1571,#1572);
#1305=AXIS2_PLACEMENT_3D('',#2072,#1574,#1575);
#1306=AXIS2_PLACEMENT_3D('',#2074,#1576,#1577);
#1307=AXIS2_PLACEMENT_3D('',#2076,#1579,#1580);
#1308=AXIS2_PLACEMENT_3D('',#2078,#1581,#1582);
#1309=AXIS2_PLACEMENT_3D('',#2080,#1584,#1585);
#1310=AXIS2_PLACEMENT_3D('',#2082,#1586,#1587);
#1311=AXIS2_PLACEMENT_3D('',#2084,#1589,#1590);
#1312=AXIS2_PLACEMENT_3D('',#2086,#1591,#1592);
#1313=AXIS2_PLACEMENT_3D('',#2088,#1594,#1595);
#1314=AXIS2_PLACEMENT_3D('',#2090,#1596,#1597);
#1315=AXIS2_PLACEMENT_3D('',#2093,#1600,#1601);
#1316=AXIS2_PLACEMENT_3D('',#2097,#1604,#1605);
#1317=AXIS2_PLACEMENT_3D('',#2103,#1609,#1610);
#1318=AXIS2_PLACEMENT_3D('',#2104,#1611,#1612);
#1319=AXIS2_PLACEMENT_3D('',#2108,#1615,#1616);
#1320=AXIS2_PLACEMENT_3D('',#2111,#1618,#1619);
#1321=AXIS2_PLACEMENT_3D('',#2112,#1620,#1621);
#1322=AXIS2_PLACEMENT_3D('',#2116,#1624,#1625);
#1323=AXIS2_PLACEMENT_3D('',#2120,#1628,#1629);
#1324=AXIS2_PLACEMENT_3D('',#2124,#1632,#1633);
#1325=AXIS2_PLACEMENT_3D('',#2126,#1635,#1636);
#1326=AXIS2_PLACEMENT_3D('',#2128,#1638,#1639);
#1327=AXIS2_PLACEMENT_3D('',#2130,#1641,#1642);
#1328=AXIS2_PLACEMENT_3D('',#2134,#1645,#1646);
#1329=AXIS2_PLACEMENT_3D('',#2138,#1649,#1650);
#1330=AXIS2_PLACEMENT_3D('',#2142,#1653,#1654);
#1331=AXIS2_PLACEMENT_3D('',#2144,#1656,#1657);
#1332=DIRECTION('axis',(0.,0.,1.));
#1333=DIRECTION('refdir',(1.,0.,0.));
#1334=DIRECTION('center_axis',(0.,0.,-1.));
#1335=DIRECTION('ref_axis',(-1.,0.,0.));
#1336=DIRECTION('center_axis',(0.,0.,-1.));
#1337=DIRECTION('ref_axis',(-1.,0.,0.));
#1338=DIRECTION('',(0.,0.,1.));
#1339=DIRECTION('center_axis',(0.,0.,1.));
#1340=DIRECTION('ref_axis',(-1.,0.,0.));
#1341=DIRECTION('center_axis',(0.,0.,-1.));
#1342=DIRECTION('ref_axis',(-1.,0.,0.));
#1343=DIRECTION('center_axis',(0.,0.,-1.));
#1344=DIRECTION('ref_axis',(-1.,0.,0.));
#1345=DIRECTION('center_axis',(0.,0.,-1.));
#1346=DIRECTION('ref_axis',(-1.,0.,0.));
#1347=DIRECTION('',(0.,0.,1.));
#1348=DIRECTION('center_axis',(0.,0.,1.));
#1349=DIRECTION('ref_axis',(-1.,0.,0.));
#1350=DIRECTION('center_axis',(0.,0.,-1.));
#1351=DIRECTION('ref_axis',(-1.,0.,0.));
#1352=DIRECTION('center_axis',(0.,0.,-1.));
#1353=DIRECTION('ref_axis',(-0.707106781186549,0.707106781186546,0.));
#1354=DIRECTION('center_axis',(0.,0.,1.));
#1355=DIRECTION('ref_axis',(-0.707106781186549,0.707106781186546,0.));
#1356=DIRECTION('',(0.,0.,-1.));
#1357=DIRECTION('center_axis',(0.,0.,-1.));
#1358=DIRECTION('ref_axis',(-0.707106781186549,0.707106781186546,0.));
#1359=DIRECTION('',(0.,0.,1.));
#1360=DIRECTION('center_axis',(1.,1.91677716867866E-16,0.));
#1361=DIRECTION('ref_axis',(1.91677716867866E-16,-1.,0.));
#1362=DIRECTION('',(-1.91677716867866E-16,1.,0.));
#1363=DIRECTION('',(0.,0.,-1.));
#1364=DIRECTION('',(1.91677716867866E-16,-1.,0.));
#1365=DIRECTION('center_axis',(0.,0.,-1.));
#1366=DIRECTION('ref_axis',(5.55111512312578E-16,-1.,0.));
#1367=DIRECTION('center_axis',(0.,0.,1.));
#1368=DIRECTION('ref_axis',(5.55111512312578E-16,-1.,0.));
#1369=DIRECTION('',(0.,0.,-1.));
#1370=DIRECTION('center_axis',(-5.67205992714195E-16,9.94155499758295E-15,
1.));
#1371=DIRECTION('ref_axis',(5.55111512312578E-16,-1.,0.));
#1372=DIRECTION('',(0.,0.,1.));
#1373=DIRECTION('center_axis',(5.09991772782056E-16,-1.,0.));
#1374=DIRECTION('ref_axis',(-1.,-5.09991772782056E-16,0.));
#1375=DIRECTION('',(-1.,-6.27538571669878E-16,-5.67205992714189E-16));
#1376=DIRECTION('',(0.,0.,-1.));
#1377=DIRECTION('',(1.,5.09991772782056E-16,0.));
#1378=DIRECTION('',(0.,0.,-1.));
#1379=DIRECTION('',(1.,6.27538571669878E-16,0.));
#1380=DIRECTION('center_axis',(-5.67205992714195E-16,9.94155499758295E-15,
1.));
#1381=DIRECTION('ref_axis',(1.,0.,5.67205992714195E-16));
#1382=DIRECTION('',(8.92678254832479E-15,1.,-9.94155499758295E-15));
#1383=DIRECTION('',(-1.,-5.55111512312991E-16,-5.67205992714189E-16));
#1384=DIRECTION('',(-1.68631895114094E-16,1.,-9.94155499758295E-15));
#1385=DIRECTION('',(1.,2.44929359829471E-16,5.67205992714193E-16));
#1386=DIRECTION('',(9.10952225333462E-16,-1.,9.94155499758295E-15));
#1387=DIRECTION('center_axis',(-5.67205992714195E-16,9.94155499758295E-15,
1.));
#1388=DIRECTION('ref_axis',(1.,0.,0.));
#1389=DIRECTION('center_axis',(-5.67205992714195E-16,9.94155499758295E-15,
1.));
#1390=DIRECTION('ref_axis',(1.,0.,0.));
#1391=DIRECTION('center_axis',(-5.67205992714195E-16,9.94155499758295E-15,
1.));
#1392=DIRECTION('ref_axis',(1.,0.,0.));
#1393=DIRECTION('center_axis',(0.,0.,-1.));
#1394=DIRECTION('ref_axis',(-1.,8.88178419700125E-15,0.));
#1395=DIRECTION('center_axis',(0.,0.,1.));
#1396=DIRECTION('ref_axis',(-1.,8.88178419700125E-15,0.));
#1397=DIRECTION('',(0.,0.,-1.));
#1398=DIRECTION('center_axis',(-5.67205992714195E-16,9.94155499758295E-15,
1.));
#1399=DIRECTION('ref_axis',(-1.,8.88178419700125E-15,0.));
#1400=DIRECTION('',(0.,0.,1.));
#1401=DIRECTION('center_axis',(-1.,8.92678254832479E-15,0.));
#1402=DIRECTION('ref_axis',(8.92678254832479E-15,1.,0.));
#1403=DIRECTION('',(8.92678254832479E-15,1.,0.));
#1404=DIRECTION('',(-1.37506978606578E-16,1.,-9.94155499758295E-15));
#1405=DIRECTION('',(0.,0.,-1.));
#1406=DIRECTION('',(-8.92678254832479E-15,-1.,0.));
#1407=DIRECTION('',(0.,0.,-1.));
#1408=DIRECTION('center_axis',(-5.67205992714195E-16,9.94155499758295E-15,
1.));
#1409=DIRECTION('ref_axis',(1.,0.,5.67205992714195E-16));
#1410=DIRECTION('',(1.,7.13396321044263E-16,5.67205992714188E-16));
#1411=DIRECTION('',(9.10952225333462E-16,-1.,9.94155499758295E-15));
#1412=DIRECTION('',(-1.,-6.48305415839515E-16,-5.67205992714189E-16));
#1413=DIRECTION('',(-1.68631895114094E-16,1.,-9.94155499758295E-15));
#1414=DIRECTION('',(1.,0.,5.67205992714195E-16));
#1415=DIRECTION('center_axis',(-5.67205992714195E-16,9.94155499758295E-15,
1.));
#1416=DIRECTION('ref_axis',(1.,0.,0.));
#1417=DIRECTION('center_axis',(-5.67205992714195E-16,9.94155499758295E-15,
1.));
#1418=DIRECTION('ref_axis',(1.,0.,0.));
#1419=DIRECTION('center_axis',(-5.67205992714195E-16,9.94155499758295E-15,
1.));
#1420=DIRECTION('ref_axis',(1.,0.,0.));
#1421=DIRECTION('center_axis',(0.,0.,-1.));
#1422=DIRECTION('ref_axis',(-1.,0.,0.));
#1423=DIRECTION('center_axis',(0.,0.,1.));
#1424=DIRECTION('ref_axis',(-1.,0.,0.));
#1425=DIRECTION('',(0.,0.,1.));
#1426=DIRECTION('center_axis',(0.,0.,-1.));
#1427=DIRECTION('ref_axis',(-1.,0.,0.));
#1428=DIRECTION('center_axis',(0.,0.,-1.));
#1429=DIRECTION('ref_axis',(-1.,0.,0.));
#1430=DIRECTION('center_axis',(0.,0.,1.));
#1431=DIRECTION('ref_axis',(-1.,0.,0.));
#1432=DIRECTION('',(0.,0.,1.));
#1433=DIRECTION('center_axis',(0.,0.,-1.));
#1434=DIRECTION('ref_axis',(-1.,0.,0.));
#1435=DIRECTION('center_axis',(0.,1.,0.));
#1436=DIRECTION('ref_axis',(-1.,0.,0.));
#1437=DIRECTION('',(0.,0.,1.));
#1438=DIRECTION('',(-1.,0.,0.));
#1439=DIRECTION('',(0.,0.,1.));
#1440=DIRECTION('',(-1.,0.,0.));
#1441=DIRECTION('center_axis',(0.,0.,-1.));
#1442=DIRECTION('ref_axis',(-1.,0.,0.));
#1443=DIRECTION('',(1.68631895114094E-16,-1.,0.));
#1444=DIRECTION('center_axis',(0.,0.,1.));
#1445=DIRECTION('ref_axis',(-1.,0.,0.));
#1446=DIRECTION('',(1.,0.,0.));
#1447=DIRECTION('center_axis',(0.,0.,1.));
#1448=DIRECTION('ref_axis',(1.,-1.22464679914735E-16,0.));
#1449=DIRECTION('center_axis',(0.,0.,1.));
#1450=DIRECTION('ref_axis',(-1.,0.,0.));
#1451=DIRECTION('',(0.,0.,1.));
#1452=DIRECTION('center_axis',(0.,-1.,0.));
#1453=DIRECTION('ref_axis',(1.,0.,0.));
#1454=DIRECTION('',(0.,0.,-1.));
#1455=DIRECTION('',(1.,0.,0.));
#1456=DIRECTION('center_axis',(0.,1.,0.));
#1457=DIRECTION('ref_axis',(-1.,0.,0.));
#1458=DIRECTION('',(0.,0.,1.));
#1459=DIRECTION('',(-1.,0.,0.));
#1460=DIRECTION('',(0.,0.,1.));
#1461=DIRECTION('',(-1.,0.,0.));
#1462=DIRECTION('center_axis',(0.,0.,-1.));
#1463=DIRECTION('ref_axis',(-1.,0.,0.));
#1464=DIRECTION('',(1.68631895114094E-16,-1.,0.));
#1465=DIRECTION('center_axis',(0.,0.,1.));
#1466=DIRECTION('ref_axis',(-1.,0.,0.));
#1467=DIRECTION('',(1.,0.,0.));
#1468=DIRECTION('center_axis',(0.,0.,1.));
#1469=DIRECTION('ref_axis',(1.,-1.22464679914735E-16,0.));
#1470=DIRECTION('center_axis',(0.,0.,1.));
#1471=DIRECTION('ref_axis',(-1.,0.,0.));
#1472=DIRECTION('',(0.,0.,1.));
#1473=DIRECTION('center_axis',(0.,-1.,0.));
#1474=DIRECTION('ref_axis',(1.,0.,0.));
#1475=DIRECTION('',(0.,0.,-1.));
#1476=DIRECTION('',(1.,0.,0.));
#1477=DIRECTION('center_axis',(-1.,-1.68631895114094E-16,0.));
#1478=DIRECTION('ref_axis',(-1.68631895114094E-16,1.,0.));
#1479=DIRECTION('',(-1.68631895114094E-16,1.,0.));
#1480=DIRECTION('',(-1.68631895114094E-16,1.,0.));
#1481=DIRECTION('',(0.,0.,-1.));
#1482=DIRECTION('',(1.68631895114094E-16,-1.,0.));
#1483=DIRECTION('',(0.,0.,-1.));
#1484=DIRECTION('',(0.,0.,-1.));
#1485=DIRECTION('',(-1.68631895114094E-16,1.,0.));
#1486=DIRECTION('center_axis',(1.,9.10952225333462E-16,0.));
#1487=DIRECTION('ref_axis',(0.,0.,-1.));
#1488=DIRECTION('center_axis',(-1.,-9.10952225333462E-16,0.));
#1489=DIRECTION('ref_axis',(0.,0.,-1.));
#1490=DIRECTION('',(-1.,-9.10952225333462E-16,0.));
#1491=DIRECTION('',(-1.,-9.10952225333462E-16,0.));
#1492=DIRECTION('center_axis',(1.,9.10952225333462E-16,0.));
#1493=DIRECTION('ref_axis',(0.,0.,-1.));
#1494=DIRECTION('center_axis',(1.,9.10952225333462E-16,0.));
#1495=DIRECTION('ref_axis',(0.,0.,-1.));
#1496=DIRECTION('center_axis',(1.,9.10952225333462E-16,0.));
#1497=DIRECTION('ref_axis',(0.,0.,-1.));
#1498=DIRECTION('center_axis',(-1.,-9.10952225333462E-16,0.));
#1499=DIRECTION('ref_axis',(0.,0.,-1.));
#1500=DIRECTION('',(-1.,-9.10952225333462E-16,0.));
#1501=DIRECTION('',(-1.,-9.10952225333462E-16,0.));
#1502=DIRECTION('center_axis',(1.,9.10952225333462E-16,0.));
#1503=DIRECTION('ref_axis',(0.,0.,-1.));
#1504=DIRECTION('center_axis',(1.,9.10952225333462E-16,0.));
#1505=DIRECTION('ref_axis',(0.,0.,-1.));
#1506=DIRECTION('center_axis',(0.,0.,1.));
#1507=DIRECTION('ref_axis',(1.,0.,0.));
#1508=DIRECTION('',(0.,0.,-1.));
#1509=DIRECTION('center_axis',(0.,0.,-1.));
#1510=DIRECTION('ref_axis',(-1.,0.,0.));
#1511=DIRECTION('center_axis',(0.,0.,1.));
#1512=DIRECTION('ref_axis',(-1.,0.,0.));
#1513=DIRECTION('',(0.,0.,1.));
#1514=DIRECTION('center_axis',(0.,0.,-1.));
#1515=DIRECTION('ref_axis',(-1.,0.,0.));
#1516=DIRECTION('center_axis',(0.,0.,-1.));
#1517=DIRECTION('ref_axis',(-1.,0.,0.));
#1518=DIRECTION('center_axis',(0.,0.,1.));
#1519=DIRECTION('ref_axis',(-1.,0.,0.));
#1520=DIRECTION('',(0.,0.,1.));
#1521=DIRECTION('center_axis',(0.,0.,-1.));
#1522=DIRECTION('ref_axis',(-1.,0.,0.));
#1523=DIRECTION('center_axis',(0.,0.,-1.));
#1524=DIRECTION('ref_axis',(-1.,0.,0.));
#1525=DIRECTION('center_axis',(0.,0.,1.));
#1526=DIRECTION('ref_axis',(-1.,0.,0.));
#1527=DIRECTION('',(0.,0.,1.));
#1528=DIRECTION('center_axis',(0.,0.,-1.));
#1529=DIRECTION('ref_axis',(-1.,0.,0.));
#1530=DIRECTION('center_axis',(0.,0.,-1.));
#1531=DIRECTION('ref_axis',(-1.,0.,0.));
#1532=DIRECTION('center_axis',(0.,0.,1.));
#1533=DIRECTION('ref_axis',(-1.,0.,0.));
#1534=DIRECTION('',(0.,0.,1.));
#1535=DIRECTION('center_axis',(0.,0.,-1.));
#1536=DIRECTION('ref_axis',(-1.,0.,0.));
#1537=DIRECTION('center_axis',(0.,0.,-1.));
#1538=DIRECTION('ref_axis',(-1.,0.,0.));
#1539=DIRECTION('center_axis',(0.,0.,1.));
#1540=DIRECTION('ref_axis',(-1.,0.,0.));
#1541=DIRECTION('',(0.,0.,1.));
#1542=DIRECTION('center_axis',(0.,0.,-1.));
#1543=DIRECTION('ref_axis',(-1.,0.,0.));
#1544=DIRECTION('center_axis',(0.,0.,-1.));
#1545=DIRECTION('ref_axis',(-1.,0.,0.));
#1546=DIRECTION('center_axis',(0.,0.,1.));
#1547=DIRECTION('ref_axis',(-1.,0.,0.));
#1548=DIRECTION('',(0.,0.,1.));
#1549=DIRECTION('center_axis',(0.,0.,-1.));
#1550=DIRECTION('ref_axis',(-1.,0.,0.));
#1551=DIRECTION('center_axis',(0.,0.,-1.));
#1552=DIRECTION('ref_axis',(1.,0.,0.));
#1553=DIRECTION('center_axis',(0.,0.,-1.));
#1554=DIRECTION('ref_axis',(1.,0.,0.));
#1555=DIRECTION('',(0.,0.,-1.));
#1556=DIRECTION('center_axis',(0.,0.,-1.));
#1557=DIRECTION('ref_axis',(1.,0.,0.));
#1558=DIRECTION('center_axis',(0.,0.,1.));
#1559=DIRECTION('ref_axis',(1.,0.,0.));
#1560=DIRECTION('center_axis',(0.,0.,-1.));
#1561=DIRECTION('ref_axis',(1.,0.,0.));
#1562=DIRECTION('center_axis',(0.,0.,-1.));
#1563=DIRECTION('ref_axis',(1.,0.,0.));
#1564=DIRECTION('',(0.,0.,-1.));
#1565=DIRECTION('center_axis',(0.,0.,-1.));
#1566=DIRECTION('ref_axis',(1.,0.,0.));
#1567=DIRECTION('center_axis',(0.,0.,1.));
#1568=DIRECTION('ref_axis',(1.,0.,0.));
#1569=DIRECTION('center_axis',(0.,0.,1.));
#1570=DIRECTION('ref_axis',(1.,0.,0.));
#1571=DIRECTION('center_axis',(0.,0.,-1.));
#1572=DIRECTION('ref_axis',(1.,0.,0.));
#1573=DIRECTION('',(0.,0.,-1.));
#1574=DIRECTION('center_axis',(0.,0.,1.));
#1575=DIRECTION('ref_axis',(1.,0.,0.));
#1576=DIRECTION('center_axis',(0.,0.,-1.));
#1577=DIRECTION('ref_axis',(1.,0.,0.));
#1578=DIRECTION('',(0.,0.,-1.));
#1579=DIRECTION('center_axis',(0.,0.,1.));
#1580=DIRECTION('ref_axis',(1.,0.,0.));
#1581=DIRECTION('center_axis',(0.,0.,-1.));
#1582=DIRECTION('ref_axis',(1.,0.,0.));
#1583=DIRECTION('',(0.,0.,-1.));
#1584=DIRECTION('center_axis',(0.,0.,1.));
#1585=DIRECTION('ref_axis',(1.,0.,0.));
#1586=DIRECTION('center_axis',(0.,0.,-1.));
#1587=DIRECTION('ref_axis',(1.,0.,0.));
#1588=DIRECTION('',(0.,0.,-1.));
#1589=DIRECTION('center_axis',(0.,0.,1.));
#1590=DIRECTION('ref_axis',(1.,0.,0.));
#1591=DIRECTION('center_axis',(0.,0.,-1.));
#1592=DIRECTION('ref_axis',(1.,0.,0.));
#1593=DIRECTION('',(0.,0.,-1.));
#1594=DIRECTION('center_axis',(0.,0.,1.));
#1595=DIRECTION('ref_axis',(1.,0.,0.));
#1596=DIRECTION('center_axis',(0.,0.,-1.));
#1597=DIRECTION('ref_axis',(1.,0.,0.));
#1598=DIRECTION('',(0.,0.,-1.));
#1599=DIRECTION('',(0.,0.,-1.));
#1600=DIRECTION('center_axis',(6.48305415839515E-16,-1.,0.));
#1601=DIRECTION('ref_axis',(-1.,-6.48305415839515E-16,0.));
#1602=DIRECTION('',(1.,6.48305415839515E-16,0.));
#1603=DIRECTION('',(0.,0.,-1.));
#1604=DIRECTION('center_axis',(0.,0.,1.));
#1605=DIRECTION('ref_axis',(1.,0.,0.));
#1606=DIRECTION('',(9.10952225333462E-16,-1.,0.));
#1607=DIRECTION('',(-1.,-2.06553120860495E-15,0.));
#1608=DIRECTION('',(-1.,0.,0.));
#1609=DIRECTION('center_axis',(0.,0.,1.));
#1610=DIRECTION('ref_axis',(-1.,0.,0.));
#1611=DIRECTION('center_axis',(0.,0.,1.));
#1612=DIRECTION('ref_axis',(1.,0.,0.));
#1613=DIRECTION('',(-1.,-7.13396321044263E-16,0.));
#1614=DIRECTION('',(1.36642833800019E-15,-1.,0.));
#1615=DIRECTION('center_axis',(0.,0.,-1.));
#1616=DIRECTION('ref_axis',(-1.,0.,0.));
#1617=DIRECTION('',(0.,0.,1.));
#1618=DIRECTION('center_axis',(0.,0.,-1.));
#1619=DIRECTION('ref_axis',(-1.,0.,0.));
#1620=DIRECTION('center_axis',(1.,9.10952225333462E-16,0.));
#1621=DIRECTION('ref_axis',(9.10952225333462E-16,-1.,0.));
#1622=DIRECTION('',(-9.10952225333462E-16,1.,0.));
#1623=DIRECTION('',(0.,0.,-1.));
#1624=DIRECTION('center_axis',(-2.44929359829471E-16,1.,0.));
#1625=DIRECTION('ref_axis',(1.,2.44929359829471E-16,0.));
#1626=DIRECTION('',(-1.,-2.44929359829471E-16,0.));
#1627=DIRECTION('',(0.,0.,-1.));
#1628=DIRECTION('center_axis',(-1.,-1.68631895114094E-16,0.));
#1629=DIRECTION('ref_axis',(-1.68631895114094E-16,1.,0.));
#1630=DIRECTION('',(1.68631895114094E-16,-1.,0.));
#1631=DIRECTION('',(0.,0.,-1.));
#1632=DIRECTION('center_axis',(5.55111512312991E-16,-1.,0.));
#1633=DIRECTION('ref_axis',(-1.,-5.55111512312991E-16,0.));
#1634=DIRECTION('',(1.,5.55111512312991E-16,0.));
#1635=DIRECTION('center_axis',(0.,1.,0.));
#1636=DIRECTION('ref_axis',(1.,0.,0.));
#1637=DIRECTION('',(-1.,0.,0.));
#1638=DIRECTION('center_axis',(0.,-1.,0.));
#1639=DIRECTION('ref_axis',(-1.,0.,0.));
#1640=DIRECTION('',(1.,0.,0.));
#1641=DIRECTION('center_axis',(2.06553120860495E-15,-1.,0.));
#1642=DIRECTION('ref_axis',(-1.,-2.06553120860495E-15,0.));
#1643=DIRECTION('',(0.,0.,-1.));
#1644=DIRECTION('',(1.,2.06553120860495E-15,0.));
#1645=DIRECTION('center_axis',(1.,9.10952225333462E-16,0.));
#1646=DIRECTION('ref_axis',(9.10952225333462E-16,-1.,0.));
#1647=DIRECTION('',(-9.10952225333462E-16,1.,0.));
#1648=DIRECTION('',(0.,0.,-1.));
#1649=DIRECTION('center_axis',(-7.13396321044263E-16,1.,0.));
#1650=DIRECTION('ref_axis',(1.,7.13396321044263E-16,0.));
#1651=DIRECTION('',(0.,0.,-1.));
#1652=DIRECTION('',(-1.,-7.13396321044263E-16,0.));
#1653=DIRECTION('center_axis',(1.,1.36642833800019E-15,0.));
#1654=DIRECTION('ref_axis',(1.36642833800019E-15,-1.,0.));
#1655=DIRECTION('',(-1.36642833800019E-15,1.,0.));
#1656=DIRECTION('center_axis',(0.,0.,1.));
#1657=DIRECTION('ref_axis',(1.,0.,0.));
#1658=CARTESIAN_POINT('',(0.,0.,0.));
#1659=CARTESIAN_POINT('Origin',(14.6999999999999,-55.6370721549442,-2.));
#1660=CARTESIAN_POINT('',(17.1999999999999,-55.6370721549442,-4.));
#1661=CARTESIAN_POINT('Origin',(14.6999999999999,-55.6370721549442,-4.));
#1662=CARTESIAN_POINT('',(17.1999999999999,-55.6370721549442,-2.));
#1663=CARTESIAN_POINT('',(17.1999999999999,-55.6370721549442,-2.));
#1664=CARTESIAN_POINT('Origin',(14.6999999999999,-55.6370721549442,-2.));
#1665=CARTESIAN_POINT('Origin',(14.6999999999999,-55.6370721549442,-4.));
#1666=CARTESIAN_POINT('Origin',(9.00197156088405,-47.4192578526479,-2.));
#1667=CARTESIAN_POINT('',(11.251971560884,-47.4192578526479,-4.));
#1668=CARTESIAN_POINT('Origin',(9.00197156088405,-47.4192578526479,-4.));
#1669=CARTESIAN_POINT('',(11.251971560884,-47.4192578526479,-2.));
#1670=CARTESIAN_POINT('',(11.251971560884,-47.4192578526479,-2.));
#1671=CARTESIAN_POINT('Origin',(9.00197156088405,-47.4192578526479,-2.));
#1672=CARTESIAN_POINT('Origin',(9.00197156088405,-47.4192578526479,-4.));
#1673=CARTESIAN_POINT('Origin',(25.0999999999997,-49.8370721549441,0.));
#1674=CARTESIAN_POINT('',(25.0999999999997,-47.8370721549441,0.));
#1675=CARTESIAN_POINT('',(23.0999999999997,-49.8370721549441,0.));
#1676=CARTESIAN_POINT('Origin',(25.0999999999997,-49.8370721549441,0.));
#1677=CARTESIAN_POINT('',(23.0999999999997,-49.8370721549441,-2.));
#1678=CARTESIAN_POINT('',(23.0999999999997,-49.8370721549441,0.));
#1679=CARTESIAN_POINT('',(25.0999999999997,-47.8370721549441,-2.));
#1680=CARTESIAN_POINT('Origin',(25.0999999999997,-49.8370721549441,-2.));
#1681=CARTESIAN_POINT('',(25.0999999999997,-47.8370721549441,0.));
#1682=CARTESIAN_POINT('Origin',(23.0999999999997,-47.8370721549441,0.));
#1683=CARTESIAN_POINT('',(23.0999999999997,-65.8370721549441,0.));
#1684=CARTESIAN_POINT('',(23.0999999999997,-65.8370721549441,0.));
#1685=CARTESIAN_POINT('',(23.0999999999997,-65.8370721549441,-2.));
#1686=CARTESIAN_POINT('',(23.0999999999997,-65.8370721549441,0.));
#1687=CARTESIAN_POINT('',(23.0999999999997,-65.8370721549441,-2.));
#1688=CARTESIAN_POINT('Origin',(6.49999999999917,-2.49999999999996,0.));
#1689=CARTESIAN_POINT('',(2.49999999999917,-2.49999999999993,-2.));
#1690=CARTESIAN_POINT('',(6.49999999999918,-6.49999999999996,-2.));
#1691=CARTESIAN_POINT('Origin',(6.49999999999917,-2.49999999999996,-2.));
#1692=CARTESIAN_POINT('',(2.49999999999917,-2.49999999999993,-7.70000000002876));
#1693=CARTESIAN_POINT('',(2.49999999999917,-2.49999999999993,0.));
#1694=CARTESIAN_POINT('',(6.49999999999918,-6.49999999999996,-7.70000000002872));
#1695=CARTESIAN_POINT('Origin',(6.49999999999917,-2.49999999999996,-7.70000000002869));
#1696=CARTESIAN_POINT('',(6.49999999999918,-6.49999999999996,0.));
#1697=CARTESIAN_POINT('Origin',(27.3999999999997,-6.49999999999995,0.));
#1698=CARTESIAN_POINT('',(27.3999999999997,-6.49999999999995,-7.70000000002871));
#1699=CARTESIAN_POINT('',(20.5499999999998,-6.49999999999996,-7.70000000002871));
#1700=CARTESIAN_POINT('',(27.3999999999997,-6.49999999999995,0.));
#1701=CARTESIAN_POINT('',(27.3999999999997,-6.49999999999995,0.));
#1702=CARTESIAN_POINT('',(23.0999999999997,-6.49999999999996,0.));
#1703=CARTESIAN_POINT('',(7.8075129151218,-6.49999999999996,0.));
#1704=CARTESIAN_POINT('',(23.0999999999997,-6.49999999999996,-2.));
#1705=CARTESIAN_POINT('',(23.0999999999997,-6.49999999999996,0.));
#1706=CARTESIAN_POINT('',(20.5499999999998,-6.49999999999995,-2.));
#1707=CARTESIAN_POINT('Origin',(13.6999999999999,-9.74999999999996,-7.70000000002869));
#1708=CARTESIAN_POINT('',(2.49999999999919,-0.999999999999837,-7.70000000002878));
#1709=CARTESIAN_POINT('',(2.49999999999912,-8.12499999999995,-7.70000000002871));
#1710=CARTESIAN_POINT('',(2.07472927726826E-14,-0.999999999999837,-7.70000000002878));
#1711=CARTESIAN_POINT('',(8.09999999999952,-0.999999999999832,-7.70000000002878));
#1712=CARTESIAN_POINT('',(2.22044604925031E-14,3.76569089448349E-14,-7.70000000002879));
#1713=CARTESIAN_POINT('',(2.33146835171283E-14,-5.37499999999994,-7.70000000002874));
#1714=CARTESIAN_POINT('',(27.3999999999997,4.43679734041623E-14,-7.70000000002877));
#1715=CARTESIAN_POINT('',(6.84999999999994,3.94129173741931E-14,-7.70000000002879));
#1716=CARTESIAN_POINT('',(27.3999999999997,-4.87499999999999,-7.70000000002873));
#1717=CARTESIAN_POINT('',(13.5414999999984,-2.99999999999994,-7.70000000002868));
#1718=CARTESIAN_POINT('Origin',(14.3249999999984,-2.99999999999994,-7.70000000002868));
#1719=CARTESIAN_POINT('',(3.94149999999942,-3.05089644635913,-7.70000000002868));
#1720=CARTESIAN_POINT('Origin',(4.72499999999942,-3.05089644635913,-7.70000000002868));
#1721=CARTESIAN_POINT('',(23.1414999999975,-3.05089644635911,-7.70000000002868));
#1722=CARTESIAN_POINT('Origin',(23.9249999999975,-3.05089644635911,-7.70000000002868));
#1723=CARTESIAN_POINT('Origin',(6.49999999999904,-17.,0.));
#1724=CARTESIAN_POINT('',(2.49999999999904,-16.9999999999999,-2.));
#1725=CARTESIAN_POINT('',(6.49999999999904,-13.,-2.));
#1726=CARTESIAN_POINT('Origin',(6.49999999999904,-17.,-2.));
#1727=CARTESIAN_POINT('',(6.49999999999904,-13.,-7.70000000002866));
#1728=CARTESIAN_POINT('',(6.49999999999904,-13.,0.));
#1729=CARTESIAN_POINT('',(2.49999999999919,-16.9999999999999,-7.70000000002862));
#1730=CARTESIAN_POINT('Origin',(6.49999999999904,-17.,-7.70000000002869));
#1731=CARTESIAN_POINT('',(2.49999999999904,-16.9999999999999,0.));
#1732=CARTESIAN_POINT('Origin',(2.49999999999904,-17.5000000000281,0.));
#1733=CARTESIAN_POINT('',(2.49999999999919,-0.999999999999837,-2.));
#1734=CARTESIAN_POINT('',(2.49999999999919,-17.5000000000281,-7.70000000002861));
#1735=CARTESIAN_POINT('',(2.49999999999919,-13.625000000014,-7.70000000002865));
#1736=CARTESIAN_POINT('',(2.49999999999919,-17.5000000000281,0.));
#1737=CARTESIAN_POINT('',(2.49999999999919,-17.5000000000281,0.));
#1738=CARTESIAN_POINT('',(2.49999999999919,-0.999999999999837,0.));
#1739=CARTESIAN_POINT('',(2.49999999999919,-0.999999999999837,0.));
#1740=CARTESIAN_POINT('',(2.49999999999919,-0.999999999999837,0.));
#1741=CARTESIAN_POINT('Origin',(13.6999999999999,-9.74999999999996,-7.70000000002869));
#1742=CARTESIAN_POINT('',(27.3999999999997,-13.,-7.70000000002865));
#1743=CARTESIAN_POINT('',(8.09999999999953,-13.,-7.70000000002866));
#1744=CARTESIAN_POINT('',(27.3999999999997,-19.5,-7.70000000002858));
#1745=CARTESIAN_POINT('',(27.3999999999997,-11.375,-7.70000000002866));
#1746=CARTESIAN_POINT('',(2.66453525910038E-14,-19.5,-7.7000000000286));
#1747=CARTESIAN_POINT('',(20.5499999999998,-19.5,-7.70000000002859));
#1748=CARTESIAN_POINT('',(2.38697950294409E-14,-17.5000000000281,-7.70000000002862));
#1749=CARTESIAN_POINT('',(2.33146835171283E-14,-14.625,-7.70000000002865));
#1750=CARTESIAN_POINT('',(6.84999999999994,-17.5000000000281,-7.70000000002861));
#1751=CARTESIAN_POINT('',(23.1414999999975,-15.5491035536408,-7.70000000002868));
#1752=CARTESIAN_POINT('Origin',(23.9249999999975,-15.5491035536408,-7.70000000002868));
#1753=CARTESIAN_POINT('',(3.94149999999943,-15.5491035536408,-7.70000000002868));
#1754=CARTESIAN_POINT('Origin',(4.72499999999943,-15.5491035536408,-7.70000000002868));
#1755=CARTESIAN_POINT('',(13.5414999999984,-15.6,-7.70000000002868));
#1756=CARTESIAN_POINT('Origin',(14.3249999999984,-15.6,-7.70000000002868));
#1757=CARTESIAN_POINT('Origin',(1.39999999999921,-29.0251918479682,69.7256583792422));
#1758=CARTESIAN_POINT('',(2.39999999999921,-29.0251918479682,-0.800000000000001));
#1759=CARTESIAN_POINT('Origin',(1.39999999999921,-29.0251918479682,-0.800000000000001));
#1760=CARTESIAN_POINT('',(2.39999999999921,-29.0251918479682,0.));
#1761=CARTESIAN_POINT('',(2.39999999999921,-29.0251918479682,69.7256583792422));
#1762=CARTESIAN_POINT('Origin',(1.39999999999921,-29.0251918479682,0.));
#1763=CARTESIAN_POINT('Origin',(1.3999999999991,-40.2690719361124,69.7256583792422));
#1764=CARTESIAN_POINT('',(2.3999999999991,-40.2690719361124,-0.800000000000001));
#1765=CARTESIAN_POINT('Origin',(1.3999999999991,-40.2690719361124,-0.800000000000001));
#1766=CARTESIAN_POINT('',(2.3999999999991,-40.2690719361124,0.));
#1767=CARTESIAN_POINT('',(2.3999999999991,-40.2690719361124,69.7256583792422));
#1768=CARTESIAN_POINT('Origin',(1.3999999999991,-40.2690719361124,0.));
#1769=CARTESIAN_POINT('Origin',(1.39999999999921,-27.0251918479682,-2.));
#1770=CARTESIAN_POINT('',(2.67841304690819E-14,-27.0251918479682,-2.));
#1771=CARTESIAN_POINT('',(2.67841304690819E-14,-27.0251918479682,-0.8));
#1772=CARTESIAN_POINT('',(2.67841304690819E-14,-27.0251918479682,-1.));
#1773=CARTESIAN_POINT('',(1.39999999999921,-27.0251918479682,-2.));
#1774=CARTESIAN_POINT('',(7.54999999999953,-27.0251918479682,-2.));
#1775=CARTESIAN_POINT('',(1.39999999999921,-27.0251918479682,-0.8));
#1776=CARTESIAN_POINT('',(1.39999999999921,-27.0251918479682,-2.));
#1777=CARTESIAN_POINT('',(-0.600000000000792,-27.0251918479682,-0.8));
#1778=CARTESIAN_POINT('Origin',(1.39999999999921,-29.0251918479682,-0.8));
#1779=CARTESIAN_POINT('',(2.74780198594726E-14,-31.0251918479682,-0.8));
#1780=CARTESIAN_POINT('',(3.02535774210355E-14,-47.4311320014562,-0.8));
#1781=CARTESIAN_POINT('',(1.39999999999921,-31.0251918479682,-0.8));
#1782=CARTESIAN_POINT('Origin',(1.39999999999921,-29.0251918479682,-0.8));
#1783=CARTESIAN_POINT('',(1.39999999999911,-31.0251918479682,-0.8));
#1784=CARTESIAN_POINT('Origin',(1.39999999999921,-29.0251918479682,-2.));
#1785=CARTESIAN_POINT('',(1.39999999999921,-31.0251918479682,-2.));
#1786=CARTESIAN_POINT('Origin',(1.39999999999921,-29.0251918479682,-2.));
#1787=CARTESIAN_POINT('',(1.39999999999921,-31.0251918479682,-2.));
#1788=CARTESIAN_POINT('Origin',(-0.600000000000792,-31.0251918479682,-2.));
#1789=CARTESIAN_POINT('',(2.74780198594726E-14,-31.0251918479682,-2.));
#1790=CARTESIAN_POINT('',(2.74433253899531E-14,-31.0251918479682,-1.));
#1791=CARTESIAN_POINT('',(6.54999999999953,-31.0251918479682,-2.));
#1792=CARTESIAN_POINT('Origin',(1.3999999999991,-38.2690719361124,-2.));
#1793=CARTESIAN_POINT('',(2.86576318231369E-14,-38.2690719361124,-2.));
#1794=CARTESIAN_POINT('',(2.86576318231369E-14,-38.2690719361124,-0.8));
#1795=CARTESIAN_POINT('',(2.87270207621759E-14,-38.2690719361124,-1.));
#1796=CARTESIAN_POINT('',(1.3999999999991,-38.2690719361124,-2.));
#1797=CARTESIAN_POINT('',(7.54999999999948,-38.2690719361124,-2.));
#1798=CARTESIAN_POINT('',(1.3999999999991,-38.2690719361124,-0.8));
#1799=CARTESIAN_POINT('',(1.3999999999991,-38.2690719361124,-2.));
#1800=CARTESIAN_POINT('',(-0.600000000000895,-38.2690719361124,-0.8));
#1801=CARTESIAN_POINT('Origin',(1.3999999999991,-40.2690719361124,-0.8));
#1802=CARTESIAN_POINT('',(2.94209101525666E-14,-42.2690719361124,-0.8));
#1803=CARTESIAN_POINT('',(3.10862446895044E-14,-53.0530720455283,-0.8));
#1804=CARTESIAN_POINT('',(1.3999999999991,-42.2690719361124,-0.8));
#1805=CARTESIAN_POINT('Origin',(1.3999999999991,-40.2690719361124,-0.8));
#1806=CARTESIAN_POINT('',(1.3999999999991,-42.2690719361124,-0.8));
#1807=CARTESIAN_POINT('Origin',(1.3999999999991,-40.2690719361124,-2.));
#1808=CARTESIAN_POINT('',(1.3999999999991,-42.2690719361124,-2.));
#1809=CARTESIAN_POINT('Origin',(1.3999999999991,-40.2690719361124,-2.));
#1810=CARTESIAN_POINT('',(1.3999999999991,-42.2690719361124,-2.));
#1811=CARTESIAN_POINT('Origin',(-0.600000000000896,-42.2690719361124,-2.));
#1812=CARTESIAN_POINT('',(2.94209101525666E-14,-42.2690719361124,-2.));
#1813=CARTESIAN_POINT('',(2.9316826744008E-14,-42.2690719361124,-1.));
#1814=CARTESIAN_POINT('',(6.54999999999948,-42.2690719361124,-2.));
#1815=CARTESIAN_POINT('Origin',(3.33066907387547E-14,-65.8370721549441,
0.));
#1816=CARTESIAN_POINT('',(2.22044604925031E-14,3.5527136788005E-14,-2.));
#1817=CARTESIAN_POINT('',(3.5527136788005E-14,-65.8370721549441,-2.));
#1818=CARTESIAN_POINT('',(2.22044604925031E-14,3.5527136788005E-14,-2.));
#1819=CARTESIAN_POINT('',(3.33066907387547E-14,-65.8370721549441,0.));
#1820=CARTESIAN_POINT('',(3.33066907387547E-14,-65.8370721549441,0.));
#1821=CARTESIAN_POINT('',(2.38697950294409E-14,-17.5000000000281,0.));
#1822=CARTESIAN_POINT('',(2.22044604925031E-14,3.5527136788005E-14,0.));
#1823=CARTESIAN_POINT('',(2.38697950294409E-14,-17.5000000000281,0.));
#1824=CARTESIAN_POINT('',(2.5492782447228E-14,-19.5,-2.));
#1825=CARTESIAN_POINT('',(2.66453525910038E-14,-19.5,0.));
#1826=CARTESIAN_POINT('',(2.22044604925031E-14,3.5527136788005E-14,-2.));
#1827=CARTESIAN_POINT('Origin',(22.3999999999997,-16.25,-3.85000000001429));
#1828=CARTESIAN_POINT('',(27.3999999999997,-16.25,-2.62050000001429));
#1829=CARTESIAN_POINT('Origin',(27.3999999999997,-16.25,-3.85000000001429));
#1830=CARTESIAN_POINT('',(24.2751662839522,-16.2499999982388,-2.62050000001429));
#1831=CARTESIAN_POINT('',(22.3999999999997,-16.25,-2.62050000001429));
#1832=CARTESIAN_POINT('',(23.1414999999975,-15.5491035541378,-4.86015564291018));
#1833=CARTESIAN_POINT('Ctrl Pts',(23.1414999999975,-15.5491035546347,-4.86015564291018));
#1834=CARTESIAN_POINT('Ctrl Pts',(23.1415000000244,-15.5703742732568,-4.87491433002679));
#1835=CARTESIAN_POINT('Ctrl Pts',(23.1423706456116,-15.592214894485,-4.88906685131173));
#1836=CARTESIAN_POINT('Ctrl Pts',(23.1504635394468,-15.6890039372382,-4.94752086339959));
#1837=CARTESIAN_POINT('Ctrl Pts',(23.1686421013317,-15.7676630325504,-4.98349943241038));
#1838=CARTESIAN_POINT('Ctrl Pts',(23.2296302654296,-15.9205237047792,-5.03765058489655));
#1839=CARTESIAN_POINT('Ctrl Pts',(23.2867150896455,-16.0125913976021,-5.05827054791767));
#1840=CARTESIAN_POINT('Ctrl Pts',(23.4187249000662,-16.1559505591342,-5.07830424746788));
#1841=CARTESIAN_POINT('Ctrl Pts',(23.509410649982,-16.2223207427382,-5.07998158194848));
#1842=CARTESIAN_POINT('Ctrl Pts',(23.7105414524181,-16.3106437122284,-5.07879745343663));
#1843=CARTESIAN_POINT('Ctrl Pts',(23.8209872662247,-16.3326035536408,-5.07672201535677));
#1844=CARTESIAN_POINT('Ctrl Pts',(24.0290127337702,-16.3326035536408,-5.07672201535677));
#1845=CARTESIAN_POINT('Ctrl Pts',(24.1394585475768,-16.3106437122284,-5.07879745343663));
#1846=CARTESIAN_POINT('Ctrl Pts',(24.340589350013,-16.2223207427382,-5.07998158194848));
#1847=CARTESIAN_POINT('Ctrl Pts',(24.4312750999287,-16.1559505591342,-5.07830424746788));
#1848=CARTESIAN_POINT('Ctrl Pts',(24.5632849103494,-16.0125913976021,-5.05827054791767));
#1849=CARTESIAN_POINT('Ctrl Pts',(24.6203697345653,-15.9205237047792,-5.03765058489655));
#1850=CARTESIAN_POINT('Ctrl Pts',(24.6813578986632,-15.7676630325504,-4.98349943241038));
#1851=CARTESIAN_POINT('Ctrl Pts',(24.6995364605481,-15.6890039372382,-4.9475208633996));
#1852=CARTESIAN_POINT('Ctrl Pts',(24.7120144415154,-15.539770318471,-4.85739388717173));
#1853=CARTESIAN_POINT('Ctrl Pts',(24.7067164843152,-15.4692512355487,-4.8032098851887));
#1854=CARTESIAN_POINT('Ctrl Pts',(24.6744066342024,-15.2897246515872,-4.63536550105179));
#1855=CARTESIAN_POINT('Ctrl Pts',(24.6259154095577,-15.1899162599045,-4.49520139487162));
#1856=CARTESIAN_POINT('Ctrl Pts',(24.5386556345247,-15.0554180725365,-4.18620765725352));
#1857=CARTESIAN_POINT('Ctrl Pts',(24.5033169832154,-15.0205,-4.01651894428016));
#1858=CARTESIAN_POINT('Ctrl Pts',(24.5033169832154,-15.0205,-3.68348105574843));
#1859=CARTESIAN_POINT('Ctrl Pts',(24.5386556345247,-15.0554180725365,-3.51379234277507));
#1860=CARTESIAN_POINT('Ctrl Pts',(24.6259154095577,-15.1899162599045,-3.20479860515697));
#1861=CARTESIAN_POINT('Ctrl Pts',(24.6744066342024,-15.2897246515872,-3.06463449897681));
#1862=CARTESIAN_POINT('Ctrl Pts',(24.7067164843152,-15.4692512355486,-2.89679011483989));
#1863=CARTESIAN_POINT('Ctrl Pts',(24.7120144415154,-15.5397703184709,-2.84260611285686));
#1864=CARTESIAN_POINT('Ctrl Pts',(24.6995364605481,-15.6890039372382,-2.75247913662899));
#1865=CARTESIAN_POINT('Ctrl Pts',(24.6813578986632,-15.7676630325504,-2.71650056761821));
#1866=CARTESIAN_POINT('Ctrl Pts',(24.6203697345653,-15.9205237047792,-2.66234941513204));
#1867=CARTESIAN_POINT('Ctrl Pts',(24.5632849103494,-16.0125913976021,-2.64172945211091));
#1868=CARTESIAN_POINT('Ctrl Pts',(24.4395346534057,-16.1469809025812,-2.62294921555902));
#1869=CARTESIAN_POINT('Ctrl Pts',(24.3617721033935,-16.2067319241789,-2.62050000013825));
#1870=CARTESIAN_POINT('Ctrl Pts',(24.2751662839522,-16.2499999964776,-2.62050000001429));
#1871=CARTESIAN_POINT('',(23.1414999999975,-15.5491035541378,-2.83984435711841));
#1872=CARTESIAN_POINT('Ctrl Pts',(23.1414999999975,-15.5491035546347,-2.83984435711841));
#1873=CARTESIAN_POINT('Ctrl Pts',(23.1414999999336,-15.4987913555407,-2.87475347409606));
#1874=CARTESIAN_POINT('Ctrl Pts',(23.1464348158103,-15.4517413385512,-2.91316060333796));
#1875=CARTESIAN_POINT('Ctrl Pts',(23.1755933657925,-15.2897246515872,-3.06463449897681));
#1876=CARTESIAN_POINT('Ctrl Pts',(23.2240845904372,-15.1899162599045,-3.20479860515697));
#1877=CARTESIAN_POINT('Ctrl Pts',(23.3113443654702,-15.0554180725365,-3.51379234277508));
#1878=CARTESIAN_POINT('Ctrl Pts',(23.3466830167795,-15.0205,-3.68348105574843));
#1879=CARTESIAN_POINT('Ctrl Pts',(23.3466830167795,-15.0205,-4.01651894428016));
#1880=CARTESIAN_POINT('Ctrl Pts',(23.3113443654702,-15.0554180725365,-4.18620765725352));
#1881=CARTESIAN_POINT('Ctrl Pts',(23.2240845904372,-15.1899162599045,-4.49520139487162));
#1882=CARTESIAN_POINT('Ctrl Pts',(23.1755933657925,-15.2897246515872,-4.63536550105179));
#1883=CARTESIAN_POINT('Ctrl Pts',(23.1464348158102,-15.4517413385512,-4.78683939669063));
#1884=CARTESIAN_POINT('Ctrl Pts',(23.1414999999336,-15.4987913555407,-4.82524652593253));
#1885=CARTESIAN_POINT('Ctrl Pts',(23.1414999999975,-15.5491035546347,-4.86015564291018));
#1886=CARTESIAN_POINT('',(23.5748337160427,-16.2499999982388,-2.62050000001429));
#1887=CARTESIAN_POINT('Ctrl Pts',(23.5748337160427,-16.2499999964776,-2.62050000001429));
#1888=CARTESIAN_POINT('Ctrl Pts',(23.4882278966015,-16.2067319241789,-2.62050000013825));
#1889=CARTESIAN_POINT('Ctrl Pts',(23.4104653465892,-16.1469809025812,-2.62294921555902));
#1890=CARTESIAN_POINT('Ctrl Pts',(23.2867150896455,-16.0125913976021,-2.64172945211091));
#1891=CARTESIAN_POINT('Ctrl Pts',(23.2296302654296,-15.9205237047792,-2.66234941513204));
#1892=CARTESIAN_POINT('Ctrl Pts',(23.1686421013317,-15.7676630325504,-2.71650056761821));
#1893=CARTESIAN_POINT('Ctrl Pts',(23.1504635394468,-15.6890039372382,-2.75247913662899));
#1894=CARTESIAN_POINT('Ctrl Pts',(23.1423706456116,-15.592214894485,-2.81093314871686));
#1895=CARTESIAN_POINT('Ctrl Pts',(23.1415000000244,-15.5703742732568,-2.8250856700018));
#1896=CARTESIAN_POINT('Ctrl Pts',(23.1414999999975,-15.5491035546347,-2.83984435711841));
#1897=CARTESIAN_POINT('',(17.3999999999997,-16.25,-2.62050000001429));
#1898=CARTESIAN_POINT('',(22.3999999999997,-16.25,-2.62050000001429));
#1899=CARTESIAN_POINT('Origin',(17.3999999999997,-16.25,-3.85000000001429));
#1900=CARTESIAN_POINT('',(23.9249999999975,-16.3326035536408,-2.62327798467181));
#1901=CARTESIAN_POINT('Ctrl Pts',(23.9249999999975,-16.3326035536408,-2.62327798467181));
#1902=CARTESIAN_POINT('Ctrl Pts',(23.8209872662247,-16.3326035536408,-2.62327798467181));
#1903=CARTESIAN_POINT('Ctrl Pts',(23.7105414524181,-16.3106437122284,-2.62120254659195));
#1904=CARTESIAN_POINT('Ctrl Pts',(23.5981248129418,-16.261277969645,-2.62054070988471));
#1905=CARTESIAN_POINT('Ctrl Pts',(23.5864033027525,-16.2557801359354,-2.62049999999773));
#1906=CARTESIAN_POINT('Ctrl Pts',(23.5748337160427,-16.2499999964776,-2.62050000001429));
#1907=CARTESIAN_POINT('Ctrl Pts',(24.2751662839522,-16.2499999964776,-2.62050000001429));
#1908=CARTESIAN_POINT('Ctrl Pts',(24.2635966972424,-16.2557801359354,-2.62049999999773));
#1909=CARTESIAN_POINT('Ctrl Pts',(24.2518751870531,-16.261277969645,-2.62054070988471));
#1910=CARTESIAN_POINT('Ctrl Pts',(24.1394585475768,-16.3106437122284,-2.62120254659195));
#1911=CARTESIAN_POINT('Ctrl Pts',(24.0290127337702,-16.3326035536408,-2.62327798467181));
#1912=CARTESIAN_POINT('Ctrl Pts',(23.9249999999975,-16.3326035536408,-2.62327798467181));
#1913=CARTESIAN_POINT('Origin',(17.3999999999997,-16.25,-3.85000000001429));
#1914=CARTESIAN_POINT('Origin',(22.3999999999997,-3.24999999999996,-3.85000000001436));
#1915=CARTESIAN_POINT('',(27.3999999999997,-3.24999999999996,-2.62050000001436));
#1916=CARTESIAN_POINT('Origin',(27.3999999999997,-3.24999999999996,-3.85000000001436));
#1917=CARTESIAN_POINT('',(24.6827796678628,-3.24999999987117,-2.62050000001436));
#1918=CARTESIAN_POINT('',(22.3999999999997,-3.24999999999996,-2.62050000001436));
#1919=CARTESIAN_POINT('',(23.1414999999974,-3.05089644635911,-2.63672837958982));
#1920=CARTESIAN_POINT('Ctrl Pts',(23.1414999999974,-3.05089644635911,-2.63672837958982));
#1921=CARTESIAN_POINT('Ctrl Pts',(23.1414999999974,-2.94356363003312,-2.65434219729809));
#1922=CARTESIAN_POINT('Ctrl Pts',(23.1646333732066,-2.83421627128491,-2.68801255266061));
#1923=CARTESIAN_POINT('Ctrl Pts',(23.2495407082811,-2.63996772112754,-2.77717592990686));
#1924=CARTESIAN_POINT('Ctrl Pts',(23.3110919213518,-2.55483419541339,-2.8323743780694));
#1925=CARTESIAN_POINT('Ctrl Pts',(23.4460408379955,-2.42395497301923,-2.9356307346376));
#1926=CARTESIAN_POINT('Ctrl Pts',(23.5290267070263,-2.36731606651582,-2.9920843237735));
#1927=CARTESIAN_POINT('Ctrl Pts',(23.6687803022844,-2.30875436930563,-3.05842123568678));
#1928=CARTESIAN_POINT('Ctrl Pts',(23.7179676674693,-2.2934608347787,-3.07735908550922));
#1929=CARTESIAN_POINT('Ctrl Pts',(23.8196417161055,-2.27278618624216,-3.10366734352377));
#1930=CARTESIAN_POINT('Ctrl Pts',(23.872143319075,-2.26739644635911,-3.11097327088179));
#1931=CARTESIAN_POINT('Ctrl Pts',(23.9778566809199,-2.26739644635911,-3.11097327088179));
#1932=CARTESIAN_POINT('Ctrl Pts',(24.0303582838894,-2.27278618624216,-3.10366734352377));
#1933=CARTESIAN_POINT('Ctrl Pts',(24.1320323325256,-2.2934608347787,-3.07735908550922));
#1934=CARTESIAN_POINT('Ctrl Pts',(24.1812196977105,-2.30875436930563,-3.05842123568678));
#1935=CARTESIAN_POINT('Ctrl Pts',(24.3209732929686,-2.36731606651582,-2.9920843237735));
#1936=CARTESIAN_POINT('Ctrl Pts',(24.4039591619994,-2.42395497301923,-2.9356307346376));
#1937=CARTESIAN_POINT('Ctrl Pts',(24.5389080786431,-2.55483419541339,-2.83237437806939));
#1938=CARTESIAN_POINT('Ctrl Pts',(24.6004592917138,-2.63996772112754,-2.77717592990686));
#1939=CARTESIAN_POINT('Ctrl Pts',(24.6853666267883,-2.83421627128491,-2.68801255266061));
#1940=CARTESIAN_POINT('Ctrl Pts',(24.7084999999974,-2.94356363003312,-2.65434219729809));
#1941=CARTESIAN_POINT('Ctrl Pts',(24.7084999999974,-3.1156264492213,-2.62610588304404));
#1942=CARTESIAN_POINT('Ctrl Pts',(24.7002250294031,-3.18360369465824,-2.62050000002827));
#1943=CARTESIAN_POINT('Ctrl Pts',(24.6827796678628,-3.24999999974238,-2.62050000001436));
#1944=CARTESIAN_POINT('',(23.1672203321321,-3.24999999987117,-2.62050000001436));
#1945=CARTESIAN_POINT('Ctrl Pts',(23.1672203321321,-3.24999999974239,-2.62050000001436));
#1946=CARTESIAN_POINT('Ctrl Pts',(23.1497749705918,-3.18360369465824,-2.62050000002826));
#1947=CARTESIAN_POINT('Ctrl Pts',(23.1414999999975,-3.1156264492213,-2.62610588304404));
#1948=CARTESIAN_POINT('Ctrl Pts',(23.1414999999975,-3.05089644635911,-2.63672837958982));
#1949=CARTESIAN_POINT('',(17.3999999999997,-3.24999999999996,-2.62050000001436));
#1950=CARTESIAN_POINT('',(22.3999999999997,-3.24999999999996,-2.62050000001436));
#1951=CARTESIAN_POINT('Origin',(17.3999999999997,-3.24999999999996,-3.85000000001436));
#1952=CARTESIAN_POINT('',(23.9249999999975,-3.83439644635911,-2.76826479975378));
#1953=CARTESIAN_POINT('Ctrl Pts',(23.9249999999975,-3.83439644635911,-2.76826479975378));
#1954=CARTESIAN_POINT('Ctrl Pts',(23.8238927021507,-3.83439644635911,-2.76826479975378));
#1955=CARTESIAN_POINT('Ctrl Pts',(23.717559127059,-3.8137211328876,-2.75641578881902));
#1956=CARTESIAN_POINT('Ctrl Pts',(23.5237340376716,-3.73201254417893,-2.71802314112963));
#1957=CARTESIAN_POINT('Ctrl Pts',(23.4360240066107,-3.6710237028078,-2.69249516038466));
#1958=CARTESIAN_POINT('Ctrl Pts',(23.2989549218841,-3.53177914144117,-2.65107694440082));
#1959=CARTESIAN_POINT('Ctrl Pts',(23.2396332612159,-3.44445341706374,-2.63217025634156));
#1960=CARTESIAN_POINT('Ctrl Pts',(23.1870664402435,-3.31647331511421,-2.62187579466965));
#1961=CARTESIAN_POINT('Ctrl Pts',(23.1760041626984,-3.28343088581164,-2.62050000000735));
#1962=CARTESIAN_POINT('Ctrl Pts',(23.1672203321321,-3.24999999974239,-2.62050000001436));
#1963=CARTESIAN_POINT('Ctrl Pts',(24.6827796678628,-3.24999999974238,-2.62050000001436));
#1964=CARTESIAN_POINT('Ctrl Pts',(24.6739958372965,-3.28343088581164,-2.62050000000735));
#1965=CARTESIAN_POINT('Ctrl Pts',(24.6629335597514,-3.31647331511421,-2.62187579466965));
#1966=CARTESIAN_POINT('Ctrl Pts',(24.610366738779,-3.44445341706374,-2.63217025634156));
#1967=CARTESIAN_POINT('Ctrl Pts',(24.5510450781108,-3.53177914144117,-2.65107694440082));
#1968=CARTESIAN_POINT('Ctrl Pts',(24.4139759933842,-3.6710237028078,-2.69249516038466));
#1969=CARTESIAN_POINT('Ctrl Pts',(24.3262659623233,-3.73201254417892,-2.71802314112963));
#1970=CARTESIAN_POINT('Ctrl Pts',(24.1324408729359,-3.8137211328876,-2.75641578881903));
#1971=CARTESIAN_POINT('Ctrl Pts',(24.0261072978442,-3.83439644635911,-2.76826479975378));
#1972=CARTESIAN_POINT('Ctrl Pts',(23.9249999999975,-3.83439644635911,-2.76826479975378));
#1973=CARTESIAN_POINT('',(23.9249999999975,-3.83439644635911,-4.93173520027494));
#1974=CARTESIAN_POINT('',(23.1414999999975,-3.05089644635911,-5.06327162043889));
#1975=CARTESIAN_POINT('Ctrl Pts',(23.9249999999975,-3.83439644635911,-4.93173520027494));
#1976=CARTESIAN_POINT('Ctrl Pts',(24.0261072978442,-3.83439644635911,-4.93173520027494));
#1977=CARTESIAN_POINT('Ctrl Pts',(24.1324408729359,-3.8137211328876,-4.94358421120968));
#1978=CARTESIAN_POINT('Ctrl Pts',(24.3262659623233,-3.73201254417892,-4.98197685889908));
#1979=CARTESIAN_POINT('Ctrl Pts',(24.4139759933842,-3.6710237028078,-5.00750483964405));
#1980=CARTESIAN_POINT('Ctrl Pts',(24.5510450781108,-3.53177914144117,-5.04892305562789));
#1981=CARTESIAN_POINT('Ctrl Pts',(24.610366738779,-3.44445341706374,-5.06782974368715));
#1982=CARTESIAN_POINT('Ctrl Pts',(24.6891251629572,-3.25270677975033,-5.0832534570494));
#1983=CARTESIAN_POINT('Ctrl Pts',(24.7084999999974,-3.14821834342695,-5.07924259942421));
#1984=CARTESIAN_POINT('Ctrl Pts',(24.7084999999974,-2.94356363003312,-5.04565780273062));
#1985=CARTESIAN_POINT('Ctrl Pts',(24.6853666267883,-2.83421627128491,-5.0119874473681));
#1986=CARTESIAN_POINT('Ctrl Pts',(24.6004592917138,-2.63996772112754,-4.92282407012185));
#1987=CARTESIAN_POINT('Ctrl Pts',(24.5389080786431,-2.55483419541339,-4.86762562195932));
#1988=CARTESIAN_POINT('Ctrl Pts',(24.4039591619994,-2.42395497301923,-4.76436926539111));
#1989=CARTESIAN_POINT('Ctrl Pts',(24.3209732929686,-2.36731606651582,-4.70791567625521));
#1990=CARTESIAN_POINT('Ctrl Pts',(24.1812196977105,-2.30875436930563,-4.64157876434193));
#1991=CARTESIAN_POINT('Ctrl Pts',(24.1320323325256,-2.2934608347787,-4.62264091451949));
#1992=CARTESIAN_POINT('Ctrl Pts',(24.0303582838894,-2.27278618624216,-4.59633265650494));
#1993=CARTESIAN_POINT('Ctrl Pts',(23.9778566809199,-2.26739644635911,-4.58902672914692));
#1994=CARTESIAN_POINT('Ctrl Pts',(23.872143319075,-2.26739644635911,-4.58902672914692));
#1995=CARTESIAN_POINT('Ctrl Pts',(23.8196417161055,-2.27278618624216,-4.59633265650494));
#1996=CARTESIAN_POINT('Ctrl Pts',(23.7179676674693,-2.2934608347787,-4.62264091451949));
#1997=CARTESIAN_POINT('Ctrl Pts',(23.6687803022844,-2.30875436930563,-4.64157876434193));
#1998=CARTESIAN_POINT('Ctrl Pts',(23.5290267070263,-2.36731606651582,-4.70791567625521));
#1999=CARTESIAN_POINT('Ctrl Pts',(23.4460408379955,-2.42395497301923,-4.76436926539111));
#2000=CARTESIAN_POINT('Ctrl Pts',(23.3110919213518,-2.55483419541339,-4.86762562195931));
#2001=CARTESIAN_POINT('Ctrl Pts',(23.2495407082811,-2.63996772112754,-4.92282407012185));
#2002=CARTESIAN_POINT('Ctrl Pts',(23.1646333732066,-2.83421627128491,-5.0119874473681));
#2003=CARTESIAN_POINT('Ctrl Pts',(23.1414999999974,-2.94356363003312,-5.04565780273062));
#2004=CARTESIAN_POINT('Ctrl Pts',(23.1414999999974,-3.05089644635911,-5.06327162043889));
#2005=CARTESIAN_POINT('Ctrl Pts',(23.1414999999975,-3.05089644635911,-5.06327162043889));
#2006=CARTESIAN_POINT('Ctrl Pts',(23.1414999999975,-3.14821834342695,-5.07924259942421));
#2007=CARTESIAN_POINT('Ctrl Pts',(23.1608748370377,-3.25270677975033,-5.0832534570494));
#2008=CARTESIAN_POINT('Ctrl Pts',(23.2396332612159,-3.44445341706374,-5.06782974368715));
#2009=CARTESIAN_POINT('Ctrl Pts',(23.2989549218841,-3.53177914144117,-5.04892305562789));
#2010=CARTESIAN_POINT('Ctrl Pts',(23.4360240066107,-3.6710237028078,-5.00750483964405));
#2011=CARTESIAN_POINT('Ctrl Pts',(23.5237340376716,-3.73201254417893,-4.98197685889908));
#2012=CARTESIAN_POINT('Ctrl Pts',(23.717559127059,-3.8137211328876,-4.94358421120969));
#2013=CARTESIAN_POINT('Ctrl Pts',(23.8238927021507,-3.83439644635911,-4.93173520027494));
#2014=CARTESIAN_POINT('Ctrl Pts',(23.9249999999974,-3.83439644635911,-4.93173520027494));
#2015=CARTESIAN_POINT('Origin',(17.3999999999997,-3.24999999999996,-3.85000000001436));
#2016=CARTESIAN_POINT('Origin',(23.9249999999975,-3.05089644635911,-71.7256583792422));
#2017=CARTESIAN_POINT('',(23.1414999999975,-3.05089644635911,-71.7256583792422));
#2018=CARTESIAN_POINT('Origin',(9.84999999999981,-9.75000000000149,0.5));
#2019=CARTESIAN_POINT('',(11.4499999999998,-9.75000000000149,-2.));
#2020=CARTESIAN_POINT('Origin',(9.84999999999981,-9.75000000000149,-2.));
#2021=CARTESIAN_POINT('',(11.4499999999998,-9.75000000000149,0.));
#2022=CARTESIAN_POINT('',(11.4499999999998,-9.75000000000149,0.5));
#2023=CARTESIAN_POINT('Origin',(9.84999999999981,-9.75000000000149,0.));
#2024=CARTESIAN_POINT('Origin',(19.8499999999998,-9.75000000000149,0.5));
#2025=CARTESIAN_POINT('',(21.4499999999998,-9.75000000000149,-2.));
#2026=CARTESIAN_POINT('Origin',(19.8499999999998,-9.75000000000149,-2.));
#2027=CARTESIAN_POINT('',(21.4499999999998,-9.75000000000149,0.));
#2028=CARTESIAN_POINT('',(21.4499999999998,-9.75000000000149,0.5));
#2029=CARTESIAN_POINT('Origin',(19.8499999999998,-9.75000000000149,0.));
#2030=CARTESIAN_POINT('Origin',(17.9751928920308,-23.0000000000001,0.5));
#2031=CARTESIAN_POINT('',(19.5751928920308,-23.0000000000001,-2.));
#2032=CARTESIAN_POINT('Origin',(17.9751928920308,-23.0000000000001,-2.));
#2033=CARTESIAN_POINT('',(19.5751928920308,-23.0000000000001,0.));
#2034=CARTESIAN_POINT('',(19.5751928920308,-23.0000000000001,0.5));
#2035=CARTESIAN_POINT('Origin',(17.9751928920308,-23.0000000000001,0.));
#2036=CARTESIAN_POINT('Origin',(4.00000000000009,-24.0348865207844,0.5));
#2037=CARTESIAN_POINT('',(5.60000000000009,-24.0348865207844,-2.));
#2038=CARTESIAN_POINT('Origin',(4.00000000000009,-24.0348865207844,-2.));
#2039=CARTESIAN_POINT('',(5.60000000000009,-24.0348865207844,0.));
#2040=CARTESIAN_POINT('',(5.60000000000009,-24.0348865207844,0.5));
#2041=CARTESIAN_POINT('Origin',(4.00000000000009,-24.0348865207844,0.));
#2042=CARTESIAN_POINT('Origin',(3.50000000000015,-57.970954822483,0.5));
#2043=CARTESIAN_POINT('',(5.10000000000015,-57.970954822483,-2.));
#2044=CARTESIAN_POINT('Origin',(3.50000000000015,-57.970954822483,-2.));
#2045=CARTESIAN_POINT('',(5.10000000000015,-57.970954822483,0.));
#2046=CARTESIAN_POINT('',(5.10000000000015,-57.970954822483,0.5));
#2047=CARTESIAN_POINT('Origin',(3.50000000000015,-57.970954822483,0.));
#2048=CARTESIAN_POINT('Origin',(19.8729930459803,-45.254926556158,0.5));
#2049=CARTESIAN_POINT('',(21.4729930459803,-45.254926556158,-2.));
#2050=CARTESIAN_POINT('Origin',(19.8729930459803,-45.254926556158,-2.));
#2051=CARTESIAN_POINT('',(21.4729930459803,-45.254926556158,0.));
#2052=CARTESIAN_POINT('',(21.4729930459803,-45.254926556158,0.5));
#2053=CARTESIAN_POINT('Origin',(19.8729930459803,-45.254926556158,0.));
#2054=CARTESIAN_POINT('Origin',(14.6999999999999,-55.6370721549442,0.));
#2055=CARTESIAN_POINT('',(13.1999999999999,-55.6370721549442,0.));
#2056=CARTESIAN_POINT('Origin',(14.6999999999999,-55.6370721549442,0.));
#2057=CARTESIAN_POINT('',(13.1999999999999,-55.6370721549442,-1.5));
#2058=CARTESIAN_POINT('',(13.1999999999999,-55.6370721549442,0.));
#2059=CARTESIAN_POINT('Origin',(14.6999999999999,-55.6370721549442,-1.5));
#2060=CARTESIAN_POINT('Origin',(14.6999999999999,-55.6370721549442,-1.5));
#2061=CARTESIAN_POINT('Origin',(9.00197156088405,-47.4192578526479,0.));
#2062=CARTESIAN_POINT('',(7.75197156088405,-47.4192578526479,0.));
#2063=CARTESIAN_POINT('Origin',(9.00197156088405,-47.4192578526479,0.));
#2064=CARTESIAN_POINT('',(7.75197156088405,-47.4192578526479,-1.5));
#2065=CARTESIAN_POINT('',(7.75197156088405,-47.4192578526479,0.));
#2066=CARTESIAN_POINT('Origin',(9.00197156088405,-47.4192578526479,-1.5));
#2067=CARTESIAN_POINT('Origin',(9.00197156088405,-47.4192578526479,-1.5));
#2068=CARTESIAN_POINT('Origin',(23.9249999999975,-3.05089644635911,-71.7256583792422));
#2069=CARTESIAN_POINT('',(23.1414999999975,-3.05089644635911,0.));
#2070=CARTESIAN_POINT('Origin',(23.9249999999975,-3.05089644635911,0.));
#2071=CARTESIAN_POINT('',(23.1414999999975,-3.05089644635911,-71.7256583792422));
#2072=CARTESIAN_POINT('Origin',(4.72499999999942,-3.05089644635913,-71.7256583792422));
#2073=CARTESIAN_POINT('',(3.94149999999942,-3.05089644635913,0.));
#2074=CARTESIAN_POINT('Origin',(4.72499999999942,-3.05089644635913,0.));
#2075=CARTESIAN_POINT('',(3.94149999999942,-3.05089644635913,-71.7256583792422));
#2076=CARTESIAN_POINT('Origin',(14.3249999999984,-15.6,-71.7256583792422));
#2077=CARTESIAN_POINT('',(13.5414999999984,-15.6,0.));
#2078=CARTESIAN_POINT('Origin',(14.3249999999984,-15.6,0.));
#2079=CARTESIAN_POINT('',(13.5414999999984,-15.6,-71.7256583792422));
#2080=CARTESIAN_POINT('Origin',(14.3249999999984,-2.99999999999994,-71.7256583792422));
#2081=CARTESIAN_POINT('',(13.5414999999984,-2.99999999999994,0.));
#2082=CARTESIAN_POINT('Origin',(14.3249999999984,-2.99999999999994,0.));
#2083=CARTESIAN_POINT('',(13.5414999999984,-2.99999999999994,-71.7256583792422));
#2084=CARTESIAN_POINT('Origin',(4.72499999999943,-15.5491035536408,-71.7256583792422));
#2085=CARTESIAN_POINT('',(3.94149999999943,-15.5491035536408,0.));
#2086=CARTESIAN_POINT('Origin',(4.72499999999943,-15.5491035536408,0.));
#2087=CARTESIAN_POINT('',(3.94149999999943,-15.5491035536408,-71.7256583792422));
#2088=CARTESIAN_POINT('Origin',(23.9249999999975,-15.5491035536408,-71.7256583792422));
#2089=CARTESIAN_POINT('',(23.1414999999975,-15.5491035536408,0.));
#2090=CARTESIAN_POINT('Origin',(23.9249999999975,-15.5491035536408,0.));
#2091=CARTESIAN_POINT('',(23.1414999999975,-15.5491035536408,-71.7256583792422));
#2092=CARTESIAN_POINT('',(23.1414999999975,-15.5491035536408,-71.7256583792422));
#2093=CARTESIAN_POINT('Origin',(27.3999999999997,-19.5,0.));
#2094=CARTESIAN_POINT('',(27.3999999999997,-19.5,-2.));
#2095=CARTESIAN_POINT('',(20.5499999999998,-19.5,-2.));
#2096=CARTESIAN_POINT('',(27.3999999999997,-19.5,0.));
#2097=CARTESIAN_POINT('Origin',(13.6999999999999,-32.918536077472,-2.));
#2098=CARTESIAN_POINT('',(27.3999999999997,-47.8370721549441,-2.));
#2099=CARTESIAN_POINT('',(27.3999999999997,-19.5,-2.));
#2100=CARTESIAN_POINT('',(23.0999999999997,-47.8370721549441,-2.));
#2101=CARTESIAN_POINT('',(3.5527136788005E-14,-65.8370721549441,-2.));
#2102=CARTESIAN_POINT('',(17.3499999999999,-35.2722127152134,-2.));
#2103=CARTESIAN_POINT('Origin',(12.3499999999999,-35.2722127152134,-2.));
#2104=CARTESIAN_POINT('Origin',(13.6999999999999,-32.918536077472,-2.));
#2105=CARTESIAN_POINT('',(23.0999999999997,-13.,-2.));
#2106=CARTESIAN_POINT('',(8.09999999999952,-13.,-2.));
#2107=CARTESIAN_POINT('',(23.0999999999997,-13.,-2.));
#2108=CARTESIAN_POINT('Origin',(12.3499999999999,-35.2722127152134,0.));
#2109=CARTESIAN_POINT('',(17.3499999999999,-35.2722127152134,0.));
#2110=CARTESIAN_POINT('',(17.3499999999999,-35.2722127152134,0.));
#2111=CARTESIAN_POINT('Origin',(12.3499999999999,-35.2722127152134,0.));
#2112=CARTESIAN_POINT('Origin',(27.3999999999997,4.44089209850063E-14,0.));
#2113=CARTESIAN_POINT('',(27.3999999999997,4.43679734041623E-14,0.));
#2114=CARTESIAN_POINT('',(27.3999999999997,-19.5,0.));
#2115=CARTESIAN_POINT('',(27.3999999999997,4.43679734041623E-14,0.));
#2116=CARTESIAN_POINT('Origin',(2.22044604925031E-14,3.76569089448349E-14,
0.));
#2117=CARTESIAN_POINT('',(2.22044604925031E-14,3.76569089448349E-14,0.));
#2118=CARTESIAN_POINT('',(27.3999999999997,4.43679734041623E-14,0.));
#2119=CARTESIAN_POINT('',(2.22044604925031E-14,3.76569089448349E-14,0.));
#2120=CARTESIAN_POINT('Origin',(2.23730923876172E-14,-0.999999999999837,
0.));
#2121=CARTESIAN_POINT('',(2.07472927726826E-14,-0.999999999999837,0.));
#2122=CARTESIAN_POINT('',(2.22044604925031E-14,3.5527136788005E-14,0.));
#2123=CARTESIAN_POINT('',(2.07472927726826E-14,-0.999999999999837,0.));
#2124=CARTESIAN_POINT('Origin',(2.49999999999919,-0.999999999999836,0.));
#2125=CARTESIAN_POINT('',(2.08166817117217E-14,-0.999999999999837,0.));
#2126=CARTESIAN_POINT('Origin',(2.38697950294409E-14,-17.5000000000281,
0.));
#2127=CARTESIAN_POINT('',(2.49999999999919,-17.5000000000281,0.));
#2128=CARTESIAN_POINT('Origin',(23.0999999999997,-65.8370721549441,0.));
#2129=CARTESIAN_POINT('',(3.5527136788005E-14,-65.8370721549441,0.));
#2130=CARTESIAN_POINT('Origin',(27.3999999999997,-47.8370721549441,0.));
#2131=CARTESIAN_POINT('',(27.3999999999997,-47.8370721549441,0.));
#2132=CARTESIAN_POINT('',(27.3999999999997,-47.8370721549441,0.));
#2133=CARTESIAN_POINT('',(23.0999999999997,-47.8370721549441,0.));
#2134=CARTESIAN_POINT('Origin',(27.3999999999997,-13.,0.));
#2135=CARTESIAN_POINT('',(27.3999999999997,-13.,0.));
#2136=CARTESIAN_POINT('',(27.3999999999997,-19.5,0.));
#2137=CARTESIAN_POINT('',(27.3999999999997,-13.,0.));
#2138=CARTESIAN_POINT('Origin',(23.0999999999997,-13.,0.));
#2139=CARTESIAN_POINT('',(23.0999999999997,-13.,0.));
#2140=CARTESIAN_POINT('',(23.0999999999997,-13.,0.));
#2141=CARTESIAN_POINT('',(27.3999999999997,-13.,0.));
#2142=CARTESIAN_POINT('Origin',(23.0999999999997,-6.49999999999996,0.));
#2143=CARTESIAN_POINT('',(23.0999999999997,-13.,0.));
#2144=CARTESIAN_POINT('Origin',(13.6999999999999,-32.918536077472,0.));
#2145=UNCERTAINTY_MEASURE_WITH_UNIT(LENGTH_MEASURE(0.01),#2149,
'DISTANCE_ACCURACY_VALUE',
'Maximum model space distance between geometric entities at asserted c
onnectivities');
#2146=UNCERTAINTY_MEASURE_WITH_UNIT(LENGTH_MEASURE(0.01),#2149,
'DISTANCE_ACCURACY_VALUE',
'Maximum model space distance between geometric entities at asserted c
onnectivities');
#2147=(
GEOMETRIC_REPRESENTATION_CONTEXT(3)
GLOBAL_UNCERTAINTY_ASSIGNED_CONTEXT((#2145))
GLOBAL_UNIT_ASSIGNED_CONTEXT((#2149,#2151,#2152))
REPRESENTATION_CONTEXT('','3D')
);
#2148=(
GEOMETRIC_REPRESENTATION_CONTEXT(3)
GLOBAL_UNCERTAINTY_ASSIGNED_CONTEXT((#2146))
GLOBAL_UNIT_ASSIGNED_CONTEXT((#2149,#2151,#2152))
REPRESENTATION_CONTEXT('','3D')
);
#2149=(
LENGTH_UNIT()
NAMED_UNIT(*)
SI_UNIT(.MILLI.,.METRE.)
);
#2150=(
LENGTH_UNIT()
NAMED_UNIT(*)
SI_UNIT(.CENTI.,.METRE.)
);
#2151=(
NAMED_UNIT(*)
PLANE_ANGLE_UNIT()
SI_UNIT($,.RADIAN.)
);
#2152=(
NAMED_UNIT(*)
SI_UNIT($,.STERADIAN.)
SOLID_ANGLE_UNIT()
);
#2153=SHAPE_DEFINITION_REPRESENTATION(#2154,#2155);
#2154=PRODUCT_DEFINITION_SHAPE('',$,#2157);
#2155=SHAPE_REPRESENTATION('',(#1220),#2147);
#2156=PRODUCT_DEFINITION_CONTEXT('part definition',#2161,'design');
#2157=PRODUCT_DEFINITION('LeftGearboxCoverr','LeftGearboxCoverr',#2158,
#2156);
#2158=PRODUCT_DEFINITION_FORMATION('',$,#2163);
#2159=PRODUCT_RELATED_PRODUCT_CATEGORY('LeftGearboxCoverr',
'LeftGearboxCoverr',(#2163));
#2160=APPLICATION_PROTOCOL_DEFINITION('international standard',
'automotive_design',2009,#2161);
#2161=APPLICATION_CONTEXT(
'Core Data for Automotive Mechanical Design Process');
#2162=PRODUCT_CONTEXT('part definition',#2161,'mechanical');
#2163=PRODUCT('LeftGearboxCoverr','LeftGearboxCoverr',$,(#2162));
#2164=PRESENTATION_STYLE_ASSIGNMENT((#2165));
#2165=SURFACE_STYLE_USAGE(.BOTH.,#2168);
#2166=SURFACE_STYLE_RENDERING_WITH_PROPERTIES($,#2172,(#2167));
#2167=SURFACE_STYLE_TRANSPARENT(0.);
#2168=SURFACE_SIDE_STYLE('',(#2169,#2166));
#2169=SURFACE_STYLE_FILL_AREA(#2170);
#2170=FILL_AREA_STYLE('',(#2171));
#2171=FILL_AREA_STYLE_COLOUR('',#2172);
#2172=COLOUR_RGB('',0.498039215686275,0.498039215686275,0.498039215686275);
ENDSEC;
END-ISO-10303-21;
