2026-07-13 00:26:10,311 [INFO] LogOutputStream:77 - [STDOUT_REDIRECT] Nominal 
2026-07-13 00:26:10,331 [INFO] MicroXplorer:468 - Change Database Path : 
2026-07-13 00:26:10,332 [INFO] MicroXplorer:498 - Change Database Version : DB.6.0.150
2026-07-13 00:26:10,389 [ERROR] ProjectManagerView:395 - 
java.lang.NullPointerException: Cannot invoke "javax.swing.JTextField.getText()" because the return value of "java.util.List.get(int)" is null
	at com.st.microxplorer.plugins.projectmanager.gui.ProjectChoiceTab$9.caretUpdate(ProjectChoiceTab.java:2706) ~[filemanager.jar:?]
	at javax.swing.text.JTextComponent.fireCaretUpdate(JTextComponent.java:408) ~[?:?]
	at javax.swing.text.JTextComponent$MutableCaretEvent.fire(JTextComponent.java:4484) ~[?:?]
	at javax.swing.text.JTextComponent$MutableCaretEvent.stateChanged(JTextComponent.java:4506) ~[?:?]
	at javax.swing.text.DefaultCaret.fireStateChanged(DefaultCaret.java:857) ~[?:?]
	at javax.swing.text.DefaultCaret.changeCaretPosition(DefaultCaret.java:1343) ~[?:?]
	at javax.swing.text.DefaultCaret.handleSetDot(DefaultCaret.java:1242) ~[?:?]
	at javax.swing.text.DefaultCaret.setDot(DefaultCaret.java:1223) ~[?:?]
	at javax.swing.text.DefaultCaret$Handler.insertUpdate(DefaultCaret.java:1819) ~[?:?]
	at javax.swing.text.AbstractDocument.fireInsertUpdate(AbstractDocument.java:227) ~[?:?]
	at javax.swing.text.AbstractDocument.handleInsertString(AbstractDocument.java:781) ~[?:?]
	at javax.swing.text.AbstractDocument.insertString(AbstractDocument.java:740) ~[?:?]
	at javax.swing.text.PlainDocument.insertString(PlainDocument.java:131) ~[?:?]
	at javax.swing.text.AbstractDocument.replace(AbstractDocument.java:699) ~[?:?]
	at javax.swing.text.JTextComponent.setText(JTextComponent.java:1725) ~[?:?]
	at com.st.microxplorer.plugins.projectmanager.gui.ProjectChoiceTab.createHeapStackFields(ProjectChoiceTab.java:993) ~[filemanager.jar:?]
	at com.st.microxplorer.plugins.projectmanager.gui.ProjectChoiceTab.buildLinkSettingsPanel(ProjectChoiceTab.java:3813) ~[filemanager.jar:?]
	at com.st.microxplorer.plugins.projectmanager.gui.ProjectChoiceTab.defineWindowsFields(ProjectChoiceTab.java:1987) ~[filemanager.jar:?]
	at com.st.microxplorer.plugins.projectmanager.gui.ProjectChoiceTab.updateSettings(ProjectChoiceTab.java:558) ~[filemanager.jar:?]
	at com.st.microxplorer.plugins.projectmanager.gui.ProjectSettingsPanel.UpdateDialog(ProjectSettingsPanel.java:247) ~[filemanager.jar:?]
	at com.st.microxplorer.plugins.projectmanager.ProjectManagerView.propertyChange(ProjectManagerView.java:392) ~[filemanager.jar:?]
	at java.beans.PropertyChangeSupport.fire(PropertyChangeSupport.java:343) ~[?:?]
	at java.beans.PropertyChangeSupport.firePropertyChange(PropertyChangeSupport.java:335) ~[?:?]
	at java.beans.PropertyChangeSupport.firePropertyChange(PropertyChangeSupport.java:268) ~[?:?]
	at com.st.microxplorer.util.MXPropertyChangeSupport.firePropertyChange(MXPropertyChangeSupport.java:54) ~[STM32CubeMX.jar:?]
	at com.st.microxplorer.mxsystem.MxSystem.closeConfig(MxSystem.java:899) ~[STM32CubeMX.jar:?]
	at com.st.microxplorer.maingui.MainPanel.closeConfig(MainPanel.java:792) ~[STM32CubeMX.jar:?]
	at com.st.microxplorer.plugins.filemanager.engine.OpenFileManager.loadConfigurationFile(OpenFileManager.java:288) ~[filemanager.jar:?]
	at com.st.microxplorer.plugins.filemanager.engine.MainFileManager.userLoadConfig(MainFileManager.java:364) ~[filemanager.jar:?]
	at com.st.microxplorer.plugins.filemanager.engine.MainFileManager.userLoadConfig(MainFileManager.java:342) ~[filemanager.jar:?]
	at com.st.microxplorer.plugins.filemanager.FileManagerView.getSpecificTask(FileManagerView.java:264) ~[filemanager.jar:?]
	at com.st.stm32cube.common.mx.editor.CubeMxEditor.getMxTabbedPaneInstance(CubeMxEditor.java:1198) ~[com.st.stm32cube.common.mx_6.15.0.202507011659/:?]
	at com.st.stm32cube.common.mx.editor.CubeMxEditor$12$1.createSwingComponent(CubeMxEditor.java:1068) ~[com.st.stm32cube.common.mx_6.15.0.202507011659/:?]
	at com.st.stm32cube.common.mx.oss.core.awtswtbridge.EmbeddedSwingComposite.doComponentCreation(EmbeddedSwingComposite.java:492) ~[com.st.stm32cube.common.mx.oss_6.15.0.202507011659/:?]
	at com.st.stm32cube.common.mx.oss.core.awtswtbridge.EmbeddedSwingComposite$4.run(EmbeddedSwingComposite.java:291) ~[com.st.stm32cube.common.mx.oss_6.15.0.202507011659/:?]
	at com.st.stm32cube.common.mx.oss.core.awtswtbridge.AwtEnvironment$2.run(AwtEnvironment.java:166) ~[com.st.stm32cube.common.mx.oss_6.15.0.202507011659/:?]
	at java.awt.event.InvocationEvent.dispatch(InvocationEvent.java:318) ~[?:?]
	at java.awt.EventQueue.dispatchEventImpl(EventQueue.java:773) ~[?:?]
	at java.awt.EventQueue$4.run(EventQueue.java:720) ~[?:?]
	at java.awt.EventQueue$4.run(EventQueue.java:714) ~[?:?]
	at java.security.AccessController.doPrivileged(AccessController.java:400) ~[?:?]
	at java.security.ProtectionDomain$JavaSecurityAccessImpl.doIntersectionPrivilege(ProtectionDomain.java:87) ~[?:?]
	at java.awt.EventQueue.dispatchEvent(EventQueue.java:742) ~[?:?]
	at java.awt.EventDispatchThread.pumpOneEventForFilters(EventDispatchThread.java:203) ~[?:?]
	at java.awt.EventDispatchThread.pumpEventsForFilter(EventDispatchThread.java:124) ~[?:?]
	at java.awt.EventDispatchThread.pumpEventsForHierarchy(EventDispatchThread.java:113) ~[?:?]
	at java.awt.EventDispatchThread.pumpEvents(EventDispatchThread.java:109) ~[?:?]
	at java.awt.EventDispatchThread.pumpEvents(EventDispatchThread.java:101) ~[?:?]
	at java.awt.EventDispatchThread.run(EventDispatchThread.java:90) ~[?:?]
2026-07-13 00:26:10,393 [WARN] ThirdParty:871 - waiting for thirdparty lock release [close project]
2026-07-13 00:26:10,393 [INFO] ThirdParty:873 - entering critical section [close project]
2026-07-13 00:26:10,393 [INFO] ThirdParty:883 - exiting critical section [close project]
2026-07-13 00:26:10,398 [INFO] PinOutPanel:1589 - setPackage(No Configuration,No Configuration)
2026-07-13 00:26:10,413 [INFO] UtilMem:75 - Begin LoadConfig() Used Memory: 905656160 Bytes (1073741824)
2026-07-13 00:26:10,414 [INFO] MicroXplorer:468 - Change Database Path : 
2026-07-13 00:26:10,414 [INFO] MicroXplorer:498 - Change Database Version : DB.6.0.150
2026-07-13 00:26:10,414 [INFO] OpenFileManager:355 - Change cursor
2026-07-13 00:26:10,439 [INFO] Mcu:2029 - Initializing MCU STM32G431K(6-8-B)Ux STM32G431KBUx STM32G431KBU3
2026-07-13 00:26:12,492 [INFO] Context:786 - Trying to add GPIOservice into a context  which must be forbidden
2026-07-13 00:26:13,128 [INFO] ImportTextPane:234 - (OptionalMessage_ERROR) Pin17 (VP_RIF_VS_RIF1) cannot be retrieved for this MCU
2026-07-13 00:26:13,172 [INFO] RtosManager:558 - Registered RTOS mode: class=CMSIS, group=RTOS, mode=CMSIS_V1, owner=FREERTOS
2026-07-13 00:26:13,172 [INFO] RtosManager:558 - Registered RTOS mode: class=CMSIS, group=RTOS2, mode=CMSIS_V2, owner=FREERTOS
2026-07-13 00:26:13,173 [INFO] RtosManager:558 - Registered RTOS mode: class=RTOS, group=Core, mode=CMSIS_V1, owner=FREERTOS
2026-07-13 00:26:13,173 [INFO] RtosManager:558 - Registered RTOS mode: class=RTOS, group=Core, mode=CMSIS_V2, owner=FREERTOS
2026-07-13 00:26:13,173 [WARN] ModelIntegratedComponent:184 - Missing modes for component STMicroelectronics:FreeRTOS:0.0.1:STMicroelectronics:RTOS:FreeRTOS:Core:::10.2.0:
2026-07-13 00:26:13,187 [WARN] ModelIntegratedComponent:63 - No mode defined for component null
2026-07-13 00:26:13,188 [WARN] ModelIntegratedComponent:63 - No mode defined for component null
2026-07-13 00:26:13,188 [WARN] ModelIntegratedComponent:63 - No mode defined for component null
2026-07-13 00:26:13,188 [WARN] ModelIntegratedComponent:63 - No mode defined for component null
2026-07-13 00:26:13,188 [WARN] ModelIntegratedComponent:63 - No mode defined for component null
2026-07-13 00:26:13,188 [WARN] ModelIntegratedComponent:63 - No mode defined for component null
2026-07-13 00:26:13,188 [WARN] ModelIntegratedComponent:63 - No mode defined for component null
2026-07-13 00:26:13,188 [WARN] ModelIntegratedComponent:63 - No mode defined for component null
2026-07-13 00:26:13,189 [WARN] ModelIntegratedComponent:63 - No mode defined for component null
2026-07-13 00:26:13,189 [WARN] ModelIntegratedComponent:63 - No mode defined for component null
2026-07-13 00:26:13,189 [WARN] ModelIntegratedComponent:63 - No mode defined for component null
2026-07-13 00:26:13,189 [WARN] ModelIntegratedComponent:63 - No mode defined for component null
2026-07-13 00:26:13,189 [WARN] ModelIntegratedComponent:63 - No mode defined for component null
2026-07-13 00:26:13,189 [WARN] ModelIntegratedComponent:63 - No mode defined for component null
2026-07-13 00:26:13,189 [WARN] ModelIntegratedComponent:63 - No mode defined for component null
2026-07-13 00:26:13,189 [WARN] ModelIntegratedComponent:63 - No mode defined for component null
2026-07-13 00:26:13,189 [WARN] ModelIntegratedComponent:63 - No mode defined for component null
2026-07-13 00:26:13,189 [WARN] ModelIntegratedComponent:63 - No mode defined for component null
2026-07-13 00:26:13,189 [WARN] ModelIntegratedComponent:63 - No mode defined for component null
2026-07-13 00:26:13,189 [WARN] ModelIntegratedComponent:63 - No mode defined for component null
2026-07-13 00:26:13,189 [WARN] ModelIntegratedComponent:63 - No mode defined for component null
2026-07-13 00:26:13,189 [WARN] ModelIntegratedComponent:63 - No mode defined for component null
2026-07-13 00:26:13,189 [WARN] ModelIntegratedComponent:63 - No mode defined for component null
2026-07-13 00:26:13,189 [WARN] ModelIntegratedComponent:63 - No mode defined for component null
2026-07-13 00:26:13,189 [WARN] ModelIntegratedComponent:63 - No mode defined for component null
2026-07-13 00:26:13,189 [WARN] ModelIntegratedComponent:63 - No mode defined for component null
2026-07-13 00:26:13,189 [WARN] ModelIntegratedComponent:63 - No mode defined for component null
2026-07-13 00:26:13,189 [WARN] ModelIntegratedComponent:63 - No mode defined for component null
2026-07-13 00:26:13,189 [WARN] ModelIntegratedComponent:63 - No mode defined for component null
2026-07-13 00:26:13,189 [WARN] ModelIntegratedComponent:63 - No mode defined for component null
2026-07-13 00:26:13,189 [WARN] ModelIntegratedComponent:63 - No mode defined for component null
2026-07-13 00:26:13,189 [WARN] ModelIntegratedComponent:63 - No mode defined for component null
2026-07-13 00:26:13,189 [WARN] ModelIntegratedComponent:63 - No mode defined for component null
2026-07-13 00:26:13,189 [WARN] ModelIntegratedComponent:63 - No mode defined for component null
2026-07-13 00:26:13,189 [WARN] ModelIntegratedComponent:63 - No mode defined for component null
2026-07-13 00:26:13,190 [WARN] ModelPack:524 - Component already loaded: STMicroelectronics:HAL Drivers:0.0.0:STMicroelectronics:Device:STMicro_Driver:XSPI:HAL::0.0.1:HAL_XSPI
2026-07-13 00:26:13,374 [INFO] ThirdPartyModel:298 - Start build external matchings
2026-07-13 00:26:13,991 [INFO] ThirdPartyModel:316 - End build external matchings
2026-07-13 00:26:14,031 [INFO] ImportTextPane:234 - (OptionalMessage_ERROR) IP (ADC1) : Parameter (CommonPathInternal) has invalid value (null|null|null|null)
2026-07-13 00:26:14,032 [INFO] ImportTextPane:234 - (OptionalMessage_ERROR) IP (ADC2) : Parameter (CommonPathInternal) has invalid value (null|null|null|null)
2026-07-13 00:26:14,032 [INFO] ImportTextPane:234 - (OptionalMessage_ERROR) IP (DMA) : Parameter (Instance) has Id (ADC1) currently not set
2026-07-13 00:26:14,032 [INFO] ImportTextPane:234 - (OptionalMessage_ERROR) IP (DMA) : Parameter (Request) has Id (ADC1) currently not set
2026-07-13 00:26:14,033 [INFO] ImportTextPane:234 - (OptionalMessage_ERROR) IP (DMA) : Parameter (Direction) has Id (ADC1) currently not set
2026-07-13 00:26:14,033 [INFO] ImportTextPane:234 - (OptionalMessage_ERROR) IP (DMA) : Parameter (PeriphInc) has Id (ADC1) currently not set
2026-07-13 00:26:14,033 [INFO] ImportTextPane:234 - (OptionalMessage_ERROR) IP (DMA) : Parameter (MemInc) has Id (ADC1) currently not set
2026-07-13 00:26:14,033 [INFO] ImportTextPane:234 - (OptionalMessage_ERROR) IP (DMA) : Parameter (PeriphDataAlignment) has Id (ADC1) currently not set
2026-07-13 00:26:14,034 [INFO] ImportTextPane:234 - (OptionalMessage_ERROR) IP (DMA) : Parameter (MemDataAlignment) has Id (ADC1) currently not set
2026-07-13 00:26:14,034 [INFO] ImportTextPane:234 - (OptionalMessage_ERROR) IP (DMA) : Parameter (Mode) has Id (ADC1) currently not set
2026-07-13 00:26:14,034 [INFO] ImportTextPane:234 - (OptionalMessage_ERROR) IP (DMA) : Parameter (Priority) has Id (ADC1) currently not set
2026-07-13 00:26:14,034 [INFO] ImportTextPane:234 - (OptionalMessage_ERROR) IP (DMA) : Parameter (SignalID) has Id (ADC1) currently not set
2026-07-13 00:26:14,034 [INFO] ImportTextPane:234 - (OptionalMessage_ERROR) IP (DMA) : Parameter (Polarity) has Id (ADC1) currently not set
2026-07-13 00:26:14,034 [INFO] ImportTextPane:234 - (OptionalMessage_ERROR) IP (DMA) : Parameter (RequestNumber) has Id (ADC1) currently not set
2026-07-13 00:26:14,034 [INFO] ImportTextPane:234 - (OptionalMessage_ERROR) IP (DMA) : Parameter (SyncSignalID) has Id (ADC1) currently not set
2026-07-13 00:26:14,034 [INFO] ImportTextPane:234 - (OptionalMessage_ERROR) IP (DMA) : Parameter (SyncPolarity) has Id (ADC1) currently not set
2026-07-13 00:26:14,034 [INFO] ImportTextPane:234 - (OptionalMessage_ERROR) IP (DMA) : Parameter (SyncEnable) has Id (ADC1) currently not set
2026-07-13 00:26:14,034 [INFO] ImportTextPane:234 - (OptionalMessage_ERROR) IP (DMA) : Parameter (EventEnable) has Id (ADC1) currently not set
2026-07-13 00:26:14,034 [INFO] ImportTextPane:234 - (OptionalMessage_ERROR) IP (DMA) : Parameter (SyncRequestNumber) has Id (ADC1) currently not set
2026-07-13 00:26:14,034 [INFO] ImportTextPane:234 - (OptionalMessage_ERROR) IP (DMA) : Parameter (Instance) has Id (ADC2) currently not set
2026-07-13 00:26:14,034 [INFO] ImportTextPane:234 - (OptionalMessage_ERROR) IP (DMA) : Parameter (Request) has Id (ADC2) currently not set
2026-07-13 00:26:14,034 [INFO] ImportTextPane:234 - (OptionalMessage_ERROR) IP (DMA) : Parameter (Direction) has Id (ADC2) currently not set
2026-07-13 00:26:14,034 [INFO] ImportTextPane:234 - (OptionalMessage_ERROR) IP (DMA) : Parameter (PeriphInc) has Id (ADC2) currently not set
2026-07-13 00:26:14,034 [INFO] ImportTextPane:234 - (OptionalMessage_ERROR) IP (DMA) : Parameter (MemInc) has Id (ADC2) currently not set
2026-07-13 00:26:14,034 [INFO] ImportTextPane:234 - (OptionalMessage_ERROR) IP (DMA) : Parameter (PeriphDataAlignment) has Id (ADC2) currently not set
2026-07-13 00:26:14,035 [INFO] ImportTextPane:234 - (OptionalMessage_ERROR) IP (DMA) : Parameter (MemDataAlignment) has Id (ADC2) currently not set
2026-07-13 00:26:14,035 [INFO] ImportTextPane:234 - (OptionalMessage_ERROR) IP (DMA) : Parameter (Mode) has Id (ADC2) currently not set
2026-07-13 00:26:14,035 [INFO] ImportTextPane:234 - (OptionalMessage_ERROR) IP (DMA) : Parameter (Priority) has Id (ADC2) currently not set
2026-07-13 00:26:14,035 [INFO] ImportTextPane:234 - (OptionalMessage_ERROR) IP (DMA) : Parameter (SignalID) has Id (ADC2) currently not set
2026-07-13 00:26:14,035 [INFO] ImportTextPane:234 - (OptionalMessage_ERROR) IP (DMA) : Parameter (Polarity) has Id (ADC2) currently not set
2026-07-13 00:26:14,035 [INFO] ImportTextPane:234 - (OptionalMessage_ERROR) IP (DMA) : Parameter (RequestNumber) has Id (ADC2) currently not set
2026-07-13 00:26:14,035 [INFO] ImportTextPane:234 - (OptionalMessage_ERROR) IP (DMA) : Parameter (SyncSignalID) has Id (ADC2) currently not set
2026-07-13 00:26:14,035 [INFO] ImportTextPane:234 - (OptionalMessage_ERROR) IP (DMA) : Parameter (SyncPolarity) has Id (ADC2) currently not set
2026-07-13 00:26:14,035 [INFO] ImportTextPane:234 - (OptionalMessage_ERROR) IP (DMA) : Parameter (SyncEnable) has Id (ADC2) currently not set
2026-07-13 00:26:14,035 [INFO] ImportTextPane:234 - (OptionalMessage_ERROR) IP (DMA) : Parameter (EventEnable) has Id (ADC2) currently not set
2026-07-13 00:26:14,035 [INFO] ImportTextPane:234 - (OptionalMessage_ERROR) IP (DMA) : Parameter (SyncRequestNumber) has Id (ADC2) currently not set
2026-07-13 00:26:14,036 [WARN] IP:2250 - MessageRAMOffset not found: check if there is a RefParameter without a condition.
2026-07-13 00:26:14,036 [WARN] IP:2250 - RxFifo0ElmtsNbr not found: check if there is a RefParameter without a condition.
2026-07-13 00:26:14,036 [WARN] IP:2250 - RxFifo0ElmtSize not found: check if there is a RefParameter without a condition.
2026-07-13 00:26:14,036 [WARN] IP:2250 - RxFifo1ElmtsNbr not found: check if there is a RefParameter without a condition.
2026-07-13 00:26:14,036 [WARN] IP:2250 - RxFifo1ElmtSize not found: check if there is a RefParameter without a condition.
2026-07-13 00:26:14,036 [WARN] IP:2250 - RxBuffersNbr not found: check if there is a RefParameter without a condition.
2026-07-13 00:26:14,036 [WARN] IP:2250 - RxBufferSize not found: check if there is a RefParameter without a condition.
2026-07-13 00:26:14,036 [WARN] IP:2250 - TxEventsNbr not found: check if there is a RefParameter without a condition.
2026-07-13 00:26:14,036 [WARN] IP:2250 - TxBuffersNbr not found: check if there is a RefParameter without a condition.
2026-07-13 00:26:14,036 [WARN] IP:2250 - TxFifoQueueElmtsNbr not found: check if there is a RefParameter without a condition.
2026-07-13 00:26:14,036 [WARN] IP:2250 - TxElmtSize not found: check if there is a RefParameter without a condition.
2026-07-13 00:26:14,036 [WARN] IP:2250 - ClockCalibrationCCU not found: check if there is a RefParameter without a condition.
2026-07-13 00:26:14,036 [WARN] IP:2250 - ClockDividerCCU not found: check if there is a RefParameter without a condition.
2026-07-13 00:26:14,037 [WARN] IP:2250 - MinOscClkPeriodsCCU not found: check if there is a RefParameter without a condition.
2026-07-13 00:26:14,037 [WARN] IP:2250 - TimeQuantaPerBitTimeCCU not found: check if there is a RefParameter without a condition.
2026-07-13 00:26:14,037 [WARN] IP:2250 - WatchdogStartValueCCU not found: check if there is a RefParameter without a condition.
2026-07-13 00:26:14,351 [INFO] UtilMem:75 - End LoadConfig() Used Memory: 894747224 Bytes (1073741824)
2026-07-13 00:26:14,405 [WARN] ThirdParty:833 - waiting for thirdparty lock release [change project]
2026-07-13 00:26:14,406 [INFO] ThirdParty:835 - entering critical section [change project]
2026-07-13 00:26:14,406 [INFO] ThirdParty:1030 - CMSIS Pack Vendor :STMicroelectronics X-CUBE-AZRTOS-H7 3.5.0
2026-07-13 00:26:14,407 [INFO] ThirdParty:1030 - CMSIS Pack Vendor :STMicroelectronics X-CUBE-PM33A1 1.0.0
2026-07-13 00:26:14,407 [INFO] ThirdParty:1030 - CMSIS Pack Vendor :STMicroelectronics USBPD 4.1
2026-07-13 00:26:14,407 [INFO] ThirdParty:1030 - CMSIS Pack Vendor :STMicroelectronics USB_HOST 2.0.0
2026-07-13 00:26:14,407 [INFO] ThirdParty:1030 - CMSIS Pack Vendor :STMicroelectronics FP-SNS-MOTENVWB1 1.4.0
2026-07-13 00:26:14,407 [INFO] ThirdParty:1030 - CMSIS Pack Vendor :STMicroelectronics X-CUBE-AZRTOS-F4 1.1.0
2026-07-13 00:26:14,407 [INFO] ThirdParty:1030 - CMSIS Pack Vendor :STMicroelectronics LIBJPEG 8.0.0
2026-07-13 00:26:14,407 [INFO] ThirdParty:1030 - CMSIS Pack Vendor :STMicroelectronics FP-ATR-ASTRA1 2.0.2
2026-07-13 00:26:14,407 [INFO] ThirdParty:1030 - CMSIS Pack Vendor :STMicroelectronics FP-ATR-ASTRA1 2.0.1
2026-07-13 00:26:14,407 [INFO] ThirdParty:1030 - CMSIS Pack Vendor :Avnet-IotConnect X-CUBE-IoTC-DA16k-PMOD 1.0.0
2026-07-13 00:26:14,407 [INFO] ThirdParty:1030 - CMSIS Pack Vendor :STMicroelectronics X-CUBE-SMBUS 2.1.0
2026-07-13 00:26:14,407 [INFO] ThirdParty:1030 - CMSIS Pack Vendor :STMicroelectronics X-CUBE-WB05N 1.1.0
2026-07-13 00:26:14,407 [INFO] ThirdParty:1030 - CMSIS Pack Vendor :STMicroelectronics X-CUBE-IPS 3.2.0
2026-07-13 00:26:14,407 [INFO] ThirdParty:1030 - CMSIS Pack Vendor :STMicroelectronics eDS-WB_DPC_TT-BIDIR 2.1.1
2026-07-13 00:26:14,407 [INFO] ThirdParty:1030 - CMSIS Pack Vendor :STMicroelectronics X-CUBE-ST60 1.0.0
2026-07-13 00:26:14,407 [INFO] ThirdParty:1030 - CMSIS Pack Vendor :STMicroelectronics X-CUBE-NFC12 1.0.0
2026-07-13 00:26:14,407 [INFO] ThirdParty:1030 - CMSIS Pack Vendor :STMicroelectronics X-CUBE-AZRTOS-F7 1.1.0
2026-07-13 00:26:14,407 [INFO] ThirdParty:1030 - CMSIS Pack Vendor :STMicroelectronics X-CUBE-AZRTOS-L5 2.0.0
2026-07-13 00:26:14,407 [INFO] ThirdParty:1030 - CMSIS Pack Vendor :STMicroelectronics USB_DEVICE 2.0.0
2026-07-13 00:26:14,407 [INFO] ThirdParty:1030 - CMSIS Pack Vendor :STMicroelectronics X-CUBE-FREERTOS 1.6.0
2026-07-13 00:26:14,407 [INFO] ThirdParty:1030 - CMSIS Pack Vendor :STMicroelectronics X-CUBE-NFC6 3.1.0
2026-07-13 00:26:14,407 [INFO] ThirdParty:1030 - CMSIS Pack Vendor :STMicroelectronics X-CUBE-ALGOBUILD 1.5.0
2026-07-13 00:26:14,407 [INFO] ThirdParty:1030 - CMSIS Pack Vendor :STMicroelectronics FP-SNS-MOTENV1 5.1.0
2026-07-13 00:26:14,407 [INFO] ThirdParty:1030 - CMSIS Pack Vendor :STMicroelectronics FreeRTOS 0.0.1
2026-07-13 00:26:14,407 [INFO] ThirdParty:1030 - CMSIS Pack Vendor :STMicroelectronics X-CUBE-AZRTOS-H7RS 1.3.0
2026-07-13 00:26:14,407 [INFO] ThirdParty:1030 - CMSIS Pack Vendor :STMicroelectronics X-CUBE-DPower 1.2.0
2026-07-13 00:26:14,408 [INFO] ThirdParty:1030 - CMSIS Pack Vendor :STMicroelectronics eDS-WB_DPC_VIENNA 1.2.0
2026-07-13 00:26:14,408 [INFO] ThirdParty:1030 - CMSIS Pack Vendor :STMicroelectronics FP-SNS-FLIGHT1 5.0.2
2026-07-13 00:26:14,408 [INFO] ThirdParty:1030 - CMSIS Pack Vendor :STMicroelectronics eDS-WB_DPC_3PH2L-BIDIR 1.1.1
2026-07-13 00:26:14,408 [INFO] ThirdParty:1030 - CMSIS Pack Vendor :Infineon AIROC-Wi-Fi-Bluetooth-STM32 1.7.0
2026-07-13 00:26:14,408 [INFO] ThirdParty:1030 - CMSIS Pack Vendor :STMicroelectronics PDM2PCM 3.3.0
2026-07-13 00:26:14,408 [INFO] ThirdParty:1030 - CMSIS Pack Vendor :STMicroelectronics X-CUBE-AZRTOS-H7 3.4.0
2026-07-13 00:26:14,408 [INFO] ThirdParty:1030 - CMSIS Pack Vendor :STMicroelectronics X-CUBE-DISPLAY 3.0.0
2026-07-13 00:26:14,408 [INFO] ThirdParty:1030 - CMSIS Pack Vendor :STMicroelectronics X-CUBE-GNSS1 7.1.1
2026-07-13 00:26:14,408 [INFO] ThirdParty:1030 - CMSIS Pack Vendor :STMicroelectronics FP-SNS-MOTENVWB1 1.5.0
2026-07-13 00:26:14,408 [INFO] ThirdParty:1030 - CMSIS Pack Vendor :STMicroelectronics X-CUBE-BLE1 7.0.0
2026-07-13 00:26:14,408 [INFO] ThirdParty:1030 - CMSIS Pack Vendor :STMicroelectronics X-CUBE-NFC10 1.0.0
2026-07-13 00:26:14,408 [INFO] ThirdParty:1030 - CMSIS Pack Vendor :STMicroelectronics X-CUBE-BLEMGR 4.0.0
2026-07-13 00:26:14,408 [INFO] ThirdParty:1030 - CMSIS Pack Vendor :STMicroelectronics X-CUBE-FREERTOS 1.3.1
2026-07-13 00:26:14,408 [INFO] ThirdParty:1030 - CMSIS Pack Vendor :STMicroelectronics HAL Drivers 0.0.0
2026-07-13 00:26:14,408 [INFO] ThirdParty:1030 - CMSIS Pack Vendor :STMicroelectronics X-CUBE-ST60 1.1.0
2026-07-13 00:26:14,408 [INFO] ThirdParty:1030 - CMSIS Pack Vendor :emotas I-CUBE-CANOPEN 1.3.0
2026-07-13 00:26:14,408 [INFO] ThirdParty:1030 - CMSIS Pack Vendor :STMicroelectronics X-CUBE-FREERTOS 1.3.0
2026-07-13 00:26:14,408 [INFO] ThirdParty:1030 - CMSIS Pack Vendor :STMicroelectronics X-CUBE-NFC7 1.0.1
2026-07-13 00:26:14,408 [INFO] ThirdParty:1030 - CMSIS Pack Vendor :STMicroelectronics MBEDTLS 2.14.1
2026-07-13 00:26:14,408 [INFO] ThirdParty:1030 - CMSIS Pack Vendor :STMicroelectronics X-CUBE-GNSS1 7.1.0
2026-07-13 00:26:14,408 [INFO] ThirdParty:1030 - CMSIS Pack Vendor :STMicroelectronics X-CUBE-TOUCHGFX 4.26.0
2026-07-13 00:26:14,408 [INFO] ThirdParty:1030 - CMSIS Pack Vendor :STMicroelectronics X-CUBE-TOUCHGFX 4.26.1
2026-07-13 00:26:14,408 [INFO] ThirdParty:1030 - CMSIS Pack Vendor :STMicroelectronics X-CUBE-AI 10.0.0
2026-07-13 00:26:14,408 [INFO] ThirdParty:1030 - CMSIS Pack Vendor :STMicroelectronics FP-SNS-STBOX1 2.1.0
2026-07-13 00:26:14,408 [INFO] ThirdParty:1030 - CMSIS Pack Vendor :STMicroelectronics FP-SNS-STAIOTCFT 1.0.0
2026-07-13 00:26:14,408 [INFO] ThirdParty:1030 - CMSIS Pack Vendor :STMicroelectronics FP-SNS-SMARTAG2 1.2.0
2026-07-13 00:26:14,408 [INFO] ThirdParty:1030 - CMSIS Pack Vendor :STMicroelectronics FP-SNS-FLIGHT1 5.1.0
2026-07-13 00:26:14,408 [INFO] ThirdParty:1030 - CMSIS Pack Vendor :STMicroelectronics X-CUBE-MEMS1 11.1.0
2026-07-13 00:26:14,408 [INFO] ThirdParty:1030 - CMSIS Pack Vendor :STMicroelectronics X-CUBE-AZRTOS-WL 2.0.0
2026-07-13 00:26:14,408 [INFO] ThirdParty:1030 - CMSIS Pack Vendor :STMicroelectronics X-CUBE-DPower 1.3.0
2026-07-13 00:26:14,408 [INFO] ThirdParty:1030 - CMSIS Pack Vendor :STMicroelectronics FP-SNS-MOTENV1 5.0.0
2026-07-13 00:26:14,408 [INFO] ThirdParty:1030 - CMSIS Pack Vendor :STMicroelectronics USB_DEVICE 1.0.0
2026-07-13 00:26:14,408 [INFO] ThirdParty:1030 - CMSIS Pack Vendor :STMicroelectronics X-CUBE-AZRTOS-H7RS 1.2.0
2026-07-13 00:26:14,408 [INFO] ThirdParty:1030 - CMSIS Pack Vendor :STMicroelectronics X-CUBE-AZRTOS-L4 2.0.0
2026-07-13 00:26:14,408 [INFO] ThirdParty:1030 - CMSIS Pack Vendor :STMicroelectronics ThreadX 0.0.2
2026-07-13 00:26:14,408 [INFO] ThirdParty:1030 - CMSIS Pack Vendor :WES I-CUBE-Cesium 1.3.0
2026-07-13 00:26:14,408 [INFO] ThirdParty:1030 - CMSIS Pack Vendor :STMicroelectronics lwIP 2.1.2
2026-07-13 00:26:14,408 [INFO] ThirdParty:1030 - CMSIS Pack Vendor :STMicroelectronics X-CUBE-SFXS2LP1 4.0.0
2026-07-13 00:26:14,408 [INFO] ThirdParty:1030 - CMSIS Pack Vendor :STMicroelectronics X-CUBE-BLE2 3.3.0
2026-07-13 00:26:14,408 [INFO] ThirdParty:1030 - CMSIS Pack Vendor :Avnet-IOTCONNECT X-CUBE-iotc-st67-sdk 1.0.0
2026-07-13 00:26:14,408 [INFO] ThirdParty:1030 - CMSIS Pack Vendor :STMicroelectronics PDM2PCM 3.2.0
2026-07-13 00:26:14,408 [INFO] ThirdParty:1030 - CMSIS Pack Vendor :STMicroelectronics X-CUBE-WB05N 2.1.0
2026-07-13 00:26:14,408 [INFO] ThirdParty:1030 - CMSIS Pack Vendor :STMicroelectronics X-CUBE-ST67W61 1.2.0
2026-07-13 00:26:14,408 [INFO] ThirdParty:1030 - CMSIS Pack Vendor :STMicroelectronics X-CUBE-AZRTOS-H7 3.3.0
2026-07-13 00:26:14,408 [INFO] ThirdParty:1030 - CMSIS Pack Vendor :STMicroelectronics X-CUBE-NFC9 1.0.0
2026-07-13 00:26:14,408 [INFO] ThirdParty:1030 - CMSIS Pack Vendor :STMicroelectronics X-CUBE-BLE1 7.1.0
2026-07-13 00:26:14,408 [INFO] ThirdParty:1030 - CMSIS Pack Vendor :wolfSSL I-CUBE-wolfMQTT 1.19.2
2026-07-13 00:26:14,408 [INFO] ThirdParty:1030 - CMSIS Pack Vendor :STMicroelectronics USB_DEVICE 3.0.0
2026-07-13 00:26:14,408 [INFO] ThirdParty:1030 - CMSIS Pack Vendor :STMicroelectronics X-CUBE-FREERTOS 1.4.0
2026-07-13 00:26:14,408 [INFO] ThirdParty:1030 - CMSIS Pack Vendor :STMicroelectronics X-CUBE-EEPRMA1 5.2.0
2026-07-13 00:26:14,408 [INFO] ThirdParty:1030 - CMSIS Pack Vendor :STMicroelectronics X-CUBE-BLEMGR 4.1.0
2026-07-13 00:26:14,408 [INFO] ThirdParty:1030 - CMSIS Pack Vendor :STMicroelectronics X-CUBE-AZRTOS-WB 2.0.0
2026-07-13 00:26:14,408 [INFO] ThirdParty:1030 - CMSIS Pack Vendor :STMicroelectronics X-CUBE-GNSS1 7.0.1
2026-07-13 00:26:14,408 [INFO] ThirdParty:1030 - CMSIS Pack Vendor :STMicroelectronics X-CUBE-TOUCHGFX 4.25.0
2026-07-13 00:26:14,408 [INFO] ThirdParty:1030 - CMSIS Pack Vendor :STMicroelectronics X-CUBE-ST67W61 1.1.0
2026-07-13 00:26:14,408 [INFO] ThirdParty:1030 - CMSIS Pack Vendor :STMicroelectronics X-CUBE-AI 10.1.0
2026-07-13 00:26:14,408 [INFO] ThirdParty:1030 - CMSIS Pack Vendor :STMicroelectronics FP-SNS-STBOX1 2.0.0
2026-07-13 00:26:14,408 [INFO] ThirdParty:1030 - CMSIS Pack Vendor :STMicroelectronics FP-SNS-STAIOTCFT 1.1.0
2026-07-13 00:26:14,408 [INFO] ThirdParty:1030 - CMSIS Pack Vendor :STMicroelectronics X-CUBE-MEMS1 12.0.0
2026-07-13 00:26:14,408 [INFO] ThirdParty:1030 - CMSIS Pack Vendor :STMicroelectronics X-CUBE-STSE01 2.0.0
2026-07-13 00:26:14,408 [INFO] ThirdParty:1030 - CMSIS Pack Vendor :STMicroelectronics X-CUBE-AZRTOS-G0 1.1.0
2026-07-13 00:26:14,408 [INFO] ThirdParty:1030 - CMSIS Pack Vendor :STMicroelectronics X-CUBE-SAFEA1 1.2.2
2026-07-13 00:26:14,408 [INFO] ThirdParty:1030 - CMSIS Pack Vendor :STMicroelectronics X-CUBE-NFC4 3.0.0
2026-07-13 00:26:14,408 [INFO] ThirdParty:1030 - CMSIS Pack Vendor :STMicroelectronics X-CUBE-SUBG2 5.0.0
2026-07-13 00:26:14,409 [INFO] ThirdParty:1030 - CMSIS Pack Vendor :STMicroelectronics X-CUBE-AZRTOS-H7RS 1.1.0
2026-07-13 00:26:14,409 [INFO] ThirdParty:1030 - CMSIS Pack Vendor :STMicroelectronics STM32_WPAN 1.0.0
2026-07-13 00:26:14,409 [INFO] ThirdParty:1030 - CMSIS Pack Vendor :EmbeddedOffice I-CUBE-FS-RTOS 1.0.1
2026-07-13 00:26:14,409 [INFO] ThirdParty:1030 - CMSIS Pack Vendor :STMicroelectronics lwIP 2.0.3
2026-07-13 00:26:14,409 [INFO] ThirdParty:1030 - CMSIS Pack Vendor :Cesanta I-CUBE-Mongoose 7.13.0
2026-07-13 00:26:14,409 [INFO] ThirdParty:1030 - CMSIS Pack Vendor :STMicroelectronics USB_HOST 1.0.0
2026-07-13 00:26:14,409 [INFO] ThirdParty:1030 - CMSIS Pack Vendor :STMicroelectronics X-CUBE-AZRTOS-G4 2.0.0
2026-07-13 00:26:14,409 [INFO] ThirdParty:1030 - CMSIS Pack Vendor :STMicroelectronics X-CUBE-WB05N 2.0.0
2026-07-13 00:26:14,409 [INFO] ThirdParty:1030 - CMSIS Pack Vendor :STMicroelectronics PDM2PCM 3.1.0
2026-07-13 00:26:14,409 [INFO] ThirdParty:1030 - CMSIS Pack Vendor :wolfSSL I-CUBE-wolfTPM 3.8.0
2026-07-13 00:26:14,409 [INFO] ThirdParty:1030 - CMSIS Pack Vendor :wolfSSL I-CUBE-wolfSSH 1.4.20
2026-07-13 00:26:14,409 [INFO] ThirdParty:1030 - CMSIS Pack Vendor :STMicroelectronics X-CUBE-NFC7 2.0.0
2026-07-13 00:26:14,409 [INFO] ThirdParty:1030 - CMSIS Pack Vendor :STMicroelectronics X-CUBE-TCPP 4.2.0
2026-07-13 00:26:14,409 [INFO] ThirdParty:1030 - CMSIS Pack Vendor :RealThread X-CUBE-RT-Thread_Nano 4.1.1
2026-07-13 00:26:14,409 [INFO] ThirdParty:1030 - CMSIS Pack Vendor :STMicroelectronics FP-ATR-SIGFOX1 3.2.0
2026-07-13 00:26:14,409 [INFO] ThirdParty:1030 - CMSIS Pack Vendor :quantropi X-CUBE-qispace-sdk-base 1.9.3
2026-07-13 00:26:14,409 [INFO] ThirdParty:1030 - CMSIS Pack Vendor :STMicroelectronics X-CUBE-EEPRMA1 5.1.0
2026-07-13 00:26:14,409 [INFO] ThirdParty:1030 - CMSIS Pack Vendor :STMicroelectronics X-CUBE-FREERTOS 1.5.0
2026-07-13 00:26:14,409 [INFO] ThirdParty:1030 - CMSIS Pack Vendor :STMicroelectronics MBEDTLS 2.16.2
2026-07-13 00:26:14,409 [INFO] ThirdParty:1030 - CMSIS Pack Vendor :STMicroelectronics X-CUBE-IPS 3.1.0
2026-07-13 00:26:14,409 [INFO] ThirdParty:1030 - CMSIS Pack Vendor :STMicroelectronics X-CUBE-ALS 1.0.2
2026-07-13 00:26:14,409 [INFO] ThirdParty:1030 - CMSIS Pack Vendor :wolfSSL I-CUBE-wolfSSL 5.7.6
2026-07-13 00:26:14,409 [INFO] ThirdParty:1030 - CMSIS Pack Vendor :ITTIA_DB I-CUBE-ITTIADB 8.9.0
2026-07-13 00:26:14,409 [INFO] ThirdParty:1030 - CMSIS Pack Vendor :STMicroelectronics X-CUBE-TOUCHGFX 4.24.2
2026-07-13 00:26:14,409 [INFO] ThirdParty:1030 - CMSIS Pack Vendor :STMicroelectronics X-CUBE-STSE01 1.0.0
2026-07-13 00:26:14,409 [INFO] ThirdParty:1030 - CMSIS Pack Vendor :portGmbH I-Cube-SoM-uGOAL 1.1.0
2026-07-13 00:26:14,409 [INFO] ThirdParty:1030 - CMSIS Pack Vendor :STMicroelectronics X-CUBE-NFC6 3.2.0
2026-07-13 00:26:14,409 [INFO] ThirdParty:1030 - CMSIS Pack Vendor :STMicroelectronics X-CUBE-ST67W61 1.0.0
2026-07-13 00:26:14,409 [INFO] ThirdParty:1030 - CMSIS Pack Vendor :STMicroelectronics X-CUBE-AI 10.2.1
2026-07-13 00:26:14,409 [INFO] ThirdParty:1030 - CMSIS Pack Vendor :STMicroelectronics X-CUBE-AI 10.2.0
2026-07-13 00:26:14,409 [INFO] ThirdParty:1030 - CMSIS Pack Vendor :STMicroelectronics ThreadX 1.0.0
2026-07-13 00:26:14,409 [INFO] ThirdParty:1030 - CMSIS Pack Vendor :STMicroelectronics X-CUBE-MEMS1 12.1.0
2026-07-13 00:26:14,409 [INFO] ThirdParty:1030 - CMSIS Pack Vendor :SEGGER I-CUBE-embOS 1.3.1
2026-07-13 00:26:14,409 [INFO] ThirdParty:1030 - CMSIS Pack Vendor :STMicroelectronics X-CUBE-ALGOBUILD 1.4.0
2026-07-13 00:26:14,409 [INFO] ThirdParty:1030 - CMSIS Pack Vendor :STMicroelectronics X-CUBE-MEMS1 11.3.0
2026-07-13 00:26:14,409 [INFO] ThirdParty:1030 - CMSIS Pack Vendor :STMicroelectronics X-CUBE-AZRTOS-H7RS 1.0.0
2026-07-13 00:26:14,409 [INFO] ThirdParty:1030 - CMSIS Pack Vendor :STMicroelectronics X-CUBE-TOF1 3.4.2
2026-07-13 00:26:14,409 [INFO] ThirdParty:1030 - CMSIS Pack Vendor :STMicroelectronics X-CUBE-TOF1 3.4.3
2026-07-13 00:26:14,409 [INFO] ThirdParty:1030 - CMSIS Pack Vendor :STMicroelectronics X-CUBE-AI 9.1.0
2026-07-13 00:26:14,409 [INFO] ThirdParty:1030 - CMSIS Pack Vendor :STMicroelectronics X-CUBE-NFC13 1.0.0
2026-07-13 00:26:14,410 [INFO] ThirdParty:841 - exiting critical section [change project]
2026-07-13 00:26:14,676 [INFO] PinOutPanel:1589 - setPackage(No Configuration,No Configuration)
2026-07-13 00:26:14,676 [INFO] PinOutPanel:1589 - setPackage(STM32G431KBUx,UFQFPN32)
2026-07-13 00:26:14,847 [INFO] UtilMem:75 - Before build in PCC Used Memory: 872444816 Bytes (1073741824)
2026-07-13 00:26:15,127 [INFO] UtilMem:75 - After build in PCC Used Memory: 965241744 Bytes (1073741824)
2026-07-13 00:26:15,148 [INFO] IPUIPlugin:80 - create IPUIPlugin
2026-07-13 00:26:15,148 [INFO] IPUIPlugin:80 - create IPUIPlugin
2026-07-13 00:26:15,148 [INFO] IPUIPlugin:80 - create IPUIPlugin
2026-07-13 00:26:15,148 [INFO] IPUIPlugin:80 - create IPUIPlugin
2026-07-13 00:26:15,148 [INFO] IPUIPlugin:80 - create IPUIPlugin
2026-07-13 00:26:15,148 [INFO] IPUIPlugin:80 - create IPUIPlugin
2026-07-13 00:26:15,148 [INFO] IPUIPlugin:80 - create IPUIPlugin
2026-07-13 00:26:15,148 [INFO] IPUIPlugin:80 - create IPUIPlugin
2026-07-13 00:26:15,148 [INFO] IPUIPlugin:80 - create IPUIPlugin
2026-07-13 00:26:15,148 [INFO] IPUIPlugin:80 - create IPUIPlugin
2026-07-13 00:26:15,148 [INFO] IPUIPlugin:80 - create IPUIPlugin
2026-07-13 00:26:15,148 [INFO] IPUIPlugin:80 - create IPUIPlugin
2026-07-13 00:26:15,148 [INFO] IPUIPlugin:80 - create IPUIPlugin
2026-07-13 00:26:15,148 [INFO] IPUIPlugin:80 - create IPUIPlugin
2026-07-13 00:26:15,148 [INFO] IPUIPlugin:80 - create IPUIPlugin
2026-07-13 00:26:15,148 [INFO] IPUIPlugin:80 - create IPUIPlugin
2026-07-13 00:26:15,148 [INFO] IPUIPlugin:80 - create IPUIPlugin
2026-07-13 00:26:15,148 [INFO] IPUIPlugin:80 - create IPUIPlugin
2026-07-13 00:26:15,148 [INFO] IPUIPlugin:80 - create IPUIPlugin
2026-07-13 00:26:15,148 [INFO] IPUIPlugin:80 - create IPUIPlugin
2026-07-13 00:26:15,149 [INFO] IPUIPlugin:80 - create IPUIPlugin
2026-07-13 00:26:15,149 [INFO] IPUIPlugin:80 - create IPUIPlugin
2026-07-13 00:26:15,149 [INFO] IPUIPlugin:80 - create IPUIPlugin
2026-07-13 00:26:15,149 [INFO] IPUIPlugin:80 - create IPUIPlugin
2026-07-13 00:26:15,149 [INFO] IPUIPlugin:80 - create IPUIPlugin
2026-07-13 00:26:15,149 [INFO] IPUIPlugin:80 - create IPUIPlugin
2026-07-13 00:26:15,149 [INFO] IPUIPlugin:80 - create IPUIPlugin
2026-07-13 00:26:15,149 [INFO] IPUIPlugin:80 - create IPUIPlugin
2026-07-13 00:26:15,149 [INFO] IPUIPlugin:80 - create IPUIPlugin
2026-07-13 00:26:15,149 [INFO] IPUIPlugin:80 - create IPUIPlugin
2026-07-13 00:26:15,149 [INFO] IPUIPlugin:80 - create IPUIPlugin
2026-07-13 00:26:15,149 [INFO] IPUIPlugin:80 - create IPUIPlugin
2026-07-13 00:26:15,149 [INFO] IPUIPlugin:80 - create IPUIPlugin
2026-07-13 00:26:15,149 [INFO] IPUIPlugin:80 - create IPUIPlugin
2026-07-13 00:26:15,149 [INFO] IPUIPlugin:80 - create IPUIPlugin
2026-07-13 00:26:15,150 [INFO] IPUIPlugin:80 - create IPUIPlugin
2026-07-13 00:26:15,150 [INFO] IPUIPlugin:80 - create IPUIPlugin
2026-07-13 00:26:15,150 [INFO] IPUIPlugin:80 - create IPUIPlugin
2026-07-13 00:26:15,150 [INFO] IPUIPlugin:80 - create IPUIPlugin
2026-07-13 00:26:15,150 [INFO] IPUIPlugin:80 - create IPUIPlugin
2026-07-13 00:26:15,150 [INFO] IPUIPlugin:80 - create IPUIPlugin
2026-07-13 00:26:15,150 [INFO] IPUIPlugin:80 - create IPUIPlugin
2026-07-13 00:26:15,150 [INFO] IPUIPlugin:80 - create IPUIPlugin
2026-07-13 00:26:15,150 [INFO] IPUIPlugin:80 - create IPUIPlugin
2026-07-13 00:26:15,150 [INFO] IPUIPlugin:80 - create IPUIPlugin
2026-07-13 00:26:15,150 [INFO] IPUIPlugin:80 - create IPUIPlugin
2026-07-13 00:26:15,150 [INFO] IPUIPlugin:80 - create IPUIPlugin
2026-07-13 00:26:15,150 [INFO] IPUIPlugin:80 - create IPUIPlugin
2026-07-13 00:26:15,151 [INFO] IPUIPlugin:80 - create IPUIPlugin
2026-07-13 00:26:15,151 [INFO] IPUIPlugin:80 - create IPUIPlugin
2026-07-13 00:26:15,151 [INFO] IPUIPlugin:80 - create IPUIPlugin
2026-07-13 00:26:15,151 [INFO] IPUIPlugin:80 - create IPUIPlugin
2026-07-13 00:26:15,151 [INFO] IPUIPlugin:80 - create IPUIPlugin
2026-07-13 00:26:15,151 [INFO] IPUIPlugin:80 - create IPUIPlugin
2026-07-13 00:26:15,151 [INFO] IPUIPlugin:80 - create IPUIPlugin
2026-07-13 00:26:15,151 [INFO] IPUIPlugin:80 - create IPUIPlugin
2026-07-13 00:26:15,156 [WARN] IP:2250 - MessageRAMOffset not found: check if there is a RefParameter without a condition.
2026-07-13 00:26:15,156 [WARN] IP:2250 - RxFifo0ElmtsNbr not found: check if there is a RefParameter without a condition.
2026-07-13 00:26:15,156 [WARN] IP:2250 - RxFifo0ElmtSize not found: check if there is a RefParameter without a condition.
2026-07-13 00:26:15,156 [WARN] IP:2250 - RxFifo1ElmtsNbr not found: check if there is a RefParameter without a condition.
2026-07-13 00:26:15,156 [WARN] IP:2250 - RxFifo1ElmtSize not found: check if there is a RefParameter without a condition.
2026-07-13 00:26:15,156 [WARN] IP:2250 - RxBuffersNbr not found: check if there is a RefParameter without a condition.
2026-07-13 00:26:15,156 [WARN] IP:2250 - RxBufferSize not found: check if there is a RefParameter without a condition.
2026-07-13 00:26:15,156 [WARN] IP:2250 - TxEventsNbr not found: check if there is a RefParameter without a condition.
2026-07-13 00:26:15,156 [WARN] IP:2250 - TxBuffersNbr not found: check if there is a RefParameter without a condition.
2026-07-13 00:26:15,156 [WARN] IP:2250 - TxFifoQueueElmtsNbr not found: check if there is a RefParameter without a condition.
2026-07-13 00:26:15,156 [WARN] IP:2250 - TxElmtSize not found: check if there is a RefParameter without a condition.
2026-07-13 00:26:15,156 [WARN] IP:2250 - ClockCalibrationCCU not found: check if there is a RefParameter without a condition.
2026-07-13 00:26:15,157 [WARN] IP:2250 - ClockDividerCCU not found: check if there is a RefParameter without a condition.
2026-07-13 00:26:15,157 [WARN] IP:2250 - MinOscClkPeriodsCCU not found: check if there is a RefParameter without a condition.
2026-07-13 00:26:15,157 [WARN] IP:2250 - TimeQuantaPerBitTimeCCU not found: check if there is a RefParameter without a condition.
2026-07-13 00:26:15,157 [WARN] IP:2250 - WatchdogStartValueCCU not found: check if there is a RefParameter without a condition.
2026-07-13 00:26:15,158 [INFO] LogOutputStream:77 - [STDOUT_REDIRECT] Nominal 
2026-07-13 00:26:15,158 [INFO] Can:71 - Can Add PropertyChangeListener com.st.microxplorer.plugins.ip.can.Can@1675df34
2026-07-13 00:26:15,243 [INFO] CADModel:165 - CPN selected for project levelSTM32G431KBU3
2026-07-13 00:26:15,243 [INFO] CADModel:114 - Register for checkConnection events
2026-07-13 00:26:15,305 [INFO] OpenFileManager:386 - Restore cursor
2026-07-13 00:26:15,547 [WARN] IP:2250 - MessageRAMOffset not found: check if there is a RefParameter without a condition.
2026-07-13 00:26:15,547 [WARN] IP:2250 - RxFifo0ElmtsNbr not found: check if there is a RefParameter without a condition.
2026-07-13 00:26:15,547 [WARN] IP:2250 - RxFifo0ElmtSize not found: check if there is a RefParameter without a condition.
2026-07-13 00:26:15,547 [WARN] IP:2250 - RxFifo1ElmtsNbr not found: check if there is a RefParameter without a condition.
2026-07-13 00:26:15,547 [WARN] IP:2250 - RxFifo1ElmtSize not found: check if there is a RefParameter without a condition.
2026-07-13 00:26:15,547 [WARN] IP:2250 - RxBuffersNbr not found: check if there is a RefParameter without a condition.
2026-07-13 00:26:15,547 [WARN] IP:2250 - RxBufferSize not found: check if there is a RefParameter without a condition.
2026-07-13 00:26:15,547 [WARN] IP:2250 - TxEventsNbr not found: check if there is a RefParameter without a condition.
2026-07-13 00:26:15,547 [WARN] IP:2250 - TxBuffersNbr not found: check if there is a RefParameter without a condition.
2026-07-13 00:26:15,547 [WARN] IP:2250 - TxFifoQueueElmtsNbr not found: check if there is a RefParameter without a condition.
2026-07-13 00:26:15,547 [WARN] IP:2250 - TxElmtSize not found: check if there is a RefParameter without a condition.
2026-07-13 00:26:15,547 [WARN] IP:2250 - ClockCalibrationCCU not found: check if there is a RefParameter without a condition.
2026-07-13 00:26:15,547 [WARN] IP:2250 - ClockDividerCCU not found: check if there is a RefParameter without a condition.
2026-07-13 00:26:15,547 [WARN] IP:2250 - MinOscClkPeriodsCCU not found: check if there is a RefParameter without a condition.
2026-07-13 00:26:15,547 [WARN] IP:2250 - TimeQuantaPerBitTimeCCU not found: check if there is a RefParameter without a condition.
2026-07-13 00:26:15,547 [WARN] IP:2250 - WatchdogStartValueCCU not found: check if there is a RefParameter without a condition.
2026-07-13 00:26:19,719 [INFO] ADCParametersView:116 -                Rank 1 : false
2026-07-13 00:26:19,788 [INFO] ADCParametersView:116 -                Rank 1 : false
2026-07-13 00:26:19,788 [INFO] ADCParametersView:116 -                Rank 1 : false
2026-07-13 00:26:19,788 [INFO] ADCParametersView:116 -                Rank 1 : false
2026-07-13 00:26:19,788 [INFO] ADCParametersView:116 -                Rank 1 : false
2026-07-13 00:26:19,788 [INFO] ADCParametersView:116 -                Rank 1 : false
2026-07-13 00:26:19,788 [INFO] ADCParametersView:116 -                Rank 1 : false
2026-07-13 00:26:19,788 [INFO] ADCParametersView:116 -                Rank 1 : false
2026-07-13 00:26:19,788 [INFO] ADCParametersView:116 -                Rank 1 : false
2026-07-13 00:26:19,788 [INFO] ADCParametersView:116 -                Rank 1 : false
2026-07-13 00:26:19,789 [INFO] ADCParametersView:116 -                Rank 1 : false
2026-07-13 00:26:19,789 [INFO] ADCParametersView:116 -                Rank 1 : false
2026-07-13 00:26:19,789 [INFO] ADCParametersView:116 -                Rank 1 : false
2026-07-13 00:26:19,789 [INFO] ADCParametersView:116 -                Rank 1 : false
2026-07-13 00:26:19,789 [INFO] ADCParametersView:116 -                Rank 1 : false
2026-07-13 00:26:19,789 [INFO] ADCParametersView:116 -                Rank 1 : false
2026-07-13 00:26:19,789 [INFO] ADCParametersView:116 -                Rank 1 : false
2026-07-13 00:26:19,789 [INFO] ADCParametersView:116 -                Rank 1 : false
2026-07-13 00:26:19,789 [INFO] ADCParametersView:116 -                Rank 1 : false
2026-07-13 00:26:19,789 [INFO] ADCParametersView:116 -                Rank 1 : false
2026-07-13 00:26:19,789 [INFO] ADCParametersView:116 -                Rank 1 : false
2026-07-13 00:26:19,789 [INFO] ADCParametersView:116 -                Rank 1 : false
2026-07-13 00:26:19,802 [INFO] ADCParametersView:116 -                Rank 1 : false
2026-07-13 00:26:22,710 [INFO] ADCParametersView:116 -                Rank 1 : false
2026-07-13 00:26:22,711 [INFO] ADCParametersView:116 -                Rank 1 : false
2026-07-13 00:26:22,711 [INFO] ADCParametersView:116 -                Rank 2 : false
2026-07-13 00:26:22,763 [INFO] ADCParametersView:116 -                Rank 1 : false
2026-07-13 00:26:22,763 [INFO] ADCParametersView:116 -                Rank 2 : false
2026-07-13 00:26:22,763 [INFO] ADCParametersView:116 -                Rank 1 : false
2026-07-13 00:26:22,763 [INFO] ADCParametersView:116 -                Rank 2 : false
2026-07-13 00:26:22,764 [INFO] ADCParametersView:116 -                Rank 1 : false
2026-07-13 00:26:22,764 [INFO] ADCParametersView:116 -                Rank 2 : false
2026-07-13 00:26:22,764 [INFO] ADCParametersView:116 -                Rank 1 : false
2026-07-13 00:26:22,764 [INFO] ADCParametersView:116 -                Rank 2 : false
2026-07-13 00:26:22,764 [INFO] ADCParametersView:116 -                Rank 1 : false
2026-07-13 00:26:22,764 [INFO] ADCParametersView:116 -                Rank 2 : false
2026-07-13 00:26:22,764 [INFO] ADCParametersView:116 -                Rank 1 : false
2026-07-13 00:26:22,764 [INFO] ADCParametersView:116 -                Rank 2 : false
2026-07-13 00:26:22,764 [INFO] ADCParametersView:116 -                Rank 1 : false
2026-07-13 00:26:22,764 [INFO] ADCParametersView:116 -                Rank 2 : false
2026-07-13 00:26:22,764 [INFO] ADCParametersView:116 -                Rank 1 : false
2026-07-13 00:26:22,764 [INFO] ADCParametersView:116 -                Rank 2 : false
2026-07-13 00:26:22,764 [INFO] ADCParametersView:116 -                Rank 1 : false
2026-07-13 00:26:22,764 [INFO] ADCParametersView:116 -                Rank 2 : false
2026-07-13 00:26:22,765 [INFO] ADCParametersView:116 -                Rank 1 : false
2026-07-13 00:26:22,765 [INFO] ADCParametersView:116 -                Rank 2 : false
2026-07-13 00:26:22,765 [INFO] ADCParametersView:116 -                Rank 1 : false
2026-07-13 00:26:22,765 [INFO] ADCParametersView:116 -                Rank 2 : false
2026-07-13 00:26:22,765 [INFO] ADCParametersView:116 -                Rank 1 : false
2026-07-13 00:26:22,765 [INFO] ADCParametersView:116 -                Rank 2 : false
2026-07-13 00:26:22,765 [INFO] ADCParametersView:116 -                Rank 1 : false
2026-07-13 00:26:22,765 [INFO] ADCParametersView:116 -                Rank 2 : false
2026-07-13 00:26:22,765 [INFO] ADCParametersView:116 -                Rank 1 : false
2026-07-13 00:26:22,765 [INFO] ADCParametersView:116 -                Rank 2 : false
2026-07-13 00:26:22,765 [INFO] ADCParametersView:116 -                Rank 1 : false
2026-07-13 00:26:22,765 [INFO] ADCParametersView:116 -                Rank 2 : false
2026-07-13 00:26:22,765 [INFO] ADCParametersView:116 -                Rank 1 : false
2026-07-13 00:26:22,765 [INFO] ADCParametersView:116 -                Rank 2 : false
2026-07-13 00:26:22,765 [INFO] ADCParametersView:116 -                Rank 1 : false
2026-07-13 00:26:22,765 [INFO] ADCParametersView:116 -                Rank 2 : false
2026-07-13 00:26:22,765 [INFO] ADCParametersView:116 -                Rank 1 : false
2026-07-13 00:26:22,765 [INFO] ADCParametersView:116 -                Rank 2 : false
2026-07-13 00:26:22,765 [INFO] ADCParametersView:116 -                Rank 1 : false
2026-07-13 00:26:22,765 [INFO] ADCParametersView:116 -                Rank 2 : false
2026-07-13 00:26:22,765 [INFO] ADCParametersView:116 -                Rank 1 : false
2026-07-13 00:26:22,765 [INFO] ADCParametersView:116 -                Rank 2 : false
2026-07-13 00:26:22,765 [INFO] ADCParametersView:116 -                Rank 1 : false
2026-07-13 00:26:22,765 [INFO] ADCParametersView:116 -                Rank 2 : false
2026-07-13 00:26:22,765 [INFO] ADCParametersView:116 -                Rank 2 : false
2026-07-13 00:26:22,783 [INFO] ADCParametersView:116 -                Rank 1 : false
2026-07-13 00:26:22,783 [INFO] ADCParametersView:116 -                Rank 1 : false
2026-07-13 00:26:22,783 [INFO] ADCParametersView:116 -                Rank 2 : false
2026-07-13 00:26:24,222 [INFO] ADCParametersView:116 -                Rank 1 : false
2026-07-13 00:26:24,222 [INFO] ADCParametersView:116 -                Rank 2 : true
2026-07-13 00:26:24,581 [INFO] ADCParametersView:116 -                Rank 1 : true
2026-07-13 00:26:24,581 [INFO] ADCParametersView:116 -                Rank 2 : true
2026-07-13 00:26:28,169 [INFO] NvicIntPanel:101 - NVIC parent = com.st.microxplorer.plugins.ip.nvic.MultiNvicIntPanel[,0,0,0x0,invalid,layout=javax.swing.BoxLayout,alignmentX=0.0,alignmentY=0.0,border=,flags=9,maximumSize=,minimumSize=,preferredSize=]
2026-07-13 00:26:28,204 [INFO] ADCParametersView:116 -                Rank 1 : true
2026-07-13 00:26:28,204 [INFO] ADCParametersView:116 -                Rank 2 : true
2026-07-13 00:26:28,207 [INFO] ADCParametersView:116 -                Rank 1 : true
2026-07-13 00:26:28,207 [INFO] ADCParametersView:116 -                Rank 2 : true
2026-07-13 00:26:28,207 [INFO] ADCParametersView:116 -                Rank 1 : true
2026-07-13 00:26:28,207 [INFO] ADCParametersView:116 -                Rank 2 : true
2026-07-13 00:26:28,207 [INFO] ADCParametersView:116 -                Rank 1 : true
2026-07-13 00:26:28,207 [INFO] ADCParametersView:116 -                Rank 2 : true
2026-07-13 00:26:28,207 [INFO] ADCParametersView:116 -                Rank 1 : true
2026-07-13 00:26:28,207 [INFO] ADCParametersView:116 -                Rank 2 : true
2026-07-13 00:26:28,207 [INFO] ADCParametersView:116 -                Rank 1 : true
2026-07-13 00:26:28,207 [INFO] ADCParametersView:116 -                Rank 2 : true
2026-07-13 00:26:28,208 [INFO] ADCParametersView:116 -                Rank 1 : true
2026-07-13 00:26:28,208 [INFO] ADCParametersView:116 -                Rank 2 : true
2026-07-13 00:26:28,208 [INFO] ADCParametersView:116 -                Rank 1 : true
2026-07-13 00:26:28,208 [INFO] ADCParametersView:116 -                Rank 2 : true
2026-07-13 00:26:28,208 [INFO] ADCParametersView:116 -                Rank 1 : true
2026-07-13 00:26:28,208 [INFO] ADCParametersView:116 -                Rank 2 : true
2026-07-13 00:26:28,208 [INFO] ADCParametersView:116 -                Rank 1 : true
2026-07-13 00:26:28,208 [INFO] ADCParametersView:116 -                Rank 2 : true
2026-07-13 00:26:28,208 [INFO] ADCParametersView:116 -                Rank 1 : true
2026-07-13 00:26:28,208 [INFO] ADCParametersView:116 -                Rank 2 : true
2026-07-13 00:26:28,208 [INFO] ADCParametersView:116 -                Rank 1 : true
2026-07-13 00:26:28,208 [INFO] ADCParametersView:116 -                Rank 2 : true
2026-07-13 00:26:28,208 [INFO] ADCParametersView:116 -                Rank 1 : true
2026-07-13 00:26:28,208 [INFO] ADCParametersView:116 -                Rank 2 : true
2026-07-13 00:26:28,208 [INFO] ADCParametersView:116 -                Rank 1 : true
2026-07-13 00:26:28,208 [INFO] ADCParametersView:116 -                Rank 2 : true
2026-07-13 00:26:28,208 [INFO] ADCParametersView:116 -                Rank 1 : true
2026-07-13 00:26:28,208 [INFO] ADCParametersView:116 -                Rank 2 : true
2026-07-13 00:26:28,208 [INFO] ADCParametersView:116 -                Rank 1 : true
2026-07-13 00:26:28,208 [INFO] ADCParametersView:116 -                Rank 2 : true
2026-07-13 00:26:28,208 [INFO] ADCParametersView:116 -                Rank 1 : true
2026-07-13 00:26:28,208 [INFO] ADCParametersView:116 -                Rank 2 : true
2026-07-13 00:26:28,208 [INFO] ADCParametersView:116 -                Rank 1 : true
2026-07-13 00:26:28,208 [INFO] ADCParametersView:116 -                Rank 2 : true
2026-07-13 00:26:28,208 [INFO] ADCParametersView:116 -                Rank 1 : true
2026-07-13 00:26:28,208 [INFO] ADCParametersView:116 -                Rank 2 : true
2026-07-13 00:26:28,208 [INFO] ADCParametersView:116 -                Rank 1 : true
2026-07-13 00:26:28,208 [INFO] ADCParametersView:116 -                Rank 2 : true
2026-07-13 00:26:28,208 [INFO] ADCParametersView:116 -                Rank 1 : true
2026-07-13 00:26:28,208 [INFO] ADCParametersView:116 -                Rank 2 : true
2026-07-13 00:26:28,208 [INFO] ADCParametersView:116 -                Rank 2 : true
2026-07-13 00:26:28,225 [INFO] ADCParametersView:116 -                Rank 1 : true
2026-07-13 00:26:28,225 [INFO] ADCParametersView:116 -                Rank 1 : true
2026-07-13 00:26:28,225 [INFO] ADCParametersView:116 -                Rank 2 : true
2026-07-13 00:26:31,193 [INFO] NvicIntPanel:101 - NVIC parent = com.st.microxplorer.plugins.ip.nvic.MultiNvicIntPanel[,0,0,0x0,invalid,layout=javax.swing.BoxLayout,alignmentX=0.0,alignmentY=0.0,border=,flags=9,maximumSize=,minimumSize=,preferredSize=]
2026-07-13 00:26:31,218 [INFO] ADCParametersView:116 -                Rank 1 : true
2026-07-13 00:26:31,218 [INFO] ADCParametersView:116 -                Rank 2 : true
2026-07-13 00:26:31,219 [INFO] ADCParametersView:116 -                Rank 1 : true
2026-07-13 00:26:31,219 [INFO] ADCParametersView:116 -                Rank 2 : true
2026-07-13 00:26:31,219 [INFO] ADCParametersView:116 -                Rank 1 : true
2026-07-13 00:26:31,219 [INFO] ADCParametersView:116 -                Rank 2 : true
2026-07-13 00:26:31,219 [INFO] ADCParametersView:116 -                Rank 1 : true
2026-07-13 00:26:31,219 [INFO] ADCParametersView:116 -                Rank 2 : true
2026-07-13 00:26:31,219 [INFO] ADCParametersView:116 -                Rank 1 : true
2026-07-13 00:26:31,219 [INFO] ADCParametersView:116 -                Rank 2 : true
2026-07-13 00:26:31,219 [INFO] ADCParametersView:116 -                Rank 1 : true
2026-07-13 00:26:31,219 [INFO] ADCParametersView:116 -                Rank 2 : true
2026-07-13 00:26:31,219 [INFO] ADCParametersView:116 -                Rank 1 : true
2026-07-13 00:26:31,219 [INFO] ADCParametersView:116 -                Rank 2 : true
2026-07-13 00:26:31,219 [INFO] ADCParametersView:116 -                Rank 1 : true
2026-07-13 00:26:31,220 [INFO] ADCParametersView:116 -                Rank 2 : true
2026-07-13 00:26:31,220 [INFO] ADCParametersView:116 -                Rank 1 : true
2026-07-13 00:26:31,220 [INFO] ADCParametersView:116 -                Rank 2 : true
2026-07-13 00:26:31,220 [INFO] ADCParametersView:116 -                Rank 1 : true
2026-07-13 00:26:31,220 [INFO] ADCParametersView:116 -                Rank 2 : true
2026-07-13 00:26:31,220 [INFO] ADCParametersView:116 -                Rank 1 : true
2026-07-13 00:26:31,220 [INFO] ADCParametersView:116 -                Rank 2 : true
2026-07-13 00:26:31,220 [INFO] ADCParametersView:116 -                Rank 1 : true
2026-07-13 00:26:31,220 [INFO] ADCParametersView:116 -                Rank 2 : true
2026-07-13 00:26:31,220 [INFO] ADCParametersView:116 -                Rank 1 : true
2026-07-13 00:26:31,220 [INFO] ADCParametersView:116 -                Rank 2 : true
2026-07-13 00:26:31,220 [INFO] ADCParametersView:116 -                Rank 1 : true
2026-07-13 00:26:31,220 [INFO] ADCParametersView:116 -                Rank 2 : true
2026-07-13 00:26:31,220 [INFO] ADCParametersView:116 -                Rank 1 : true
2026-07-13 00:26:31,220 [INFO] ADCParametersView:116 -                Rank 2 : true
2026-07-13 00:26:31,220 [INFO] ADCParametersView:116 -                Rank 1 : true
2026-07-13 00:26:31,220 [INFO] ADCParametersView:116 -                Rank 2 : true
2026-07-13 00:26:31,220 [INFO] ADCParametersView:116 -                Rank 1 : true
2026-07-13 00:26:31,220 [INFO] ADCParametersView:116 -                Rank 2 : true
2026-07-13 00:26:31,220 [INFO] ADCParametersView:116 -                Rank 1 : true
2026-07-13 00:26:31,220 [INFO] ADCParametersView:116 -                Rank 2 : true
2026-07-13 00:26:31,220 [INFO] ADCParametersView:116 -                Rank 1 : true
2026-07-13 00:26:31,220 [INFO] ADCParametersView:116 -                Rank 2 : true
2026-07-13 00:26:31,220 [INFO] ADCParametersView:116 -                Rank 1 : true
2026-07-13 00:26:31,220 [INFO] ADCParametersView:116 -                Rank 2 : true
2026-07-13 00:26:31,220 [INFO] ADCParametersView:116 -                Rank 1 : true
2026-07-13 00:26:31,220 [INFO] ADCParametersView:116 -                Rank 2 : true
2026-07-13 00:26:31,220 [INFO] ADCParametersView:116 -                Rank 2 : true
2026-07-13 00:26:31,240 [INFO] ADCParametersView:116 -                Rank 1 : true
2026-07-13 00:26:31,240 [INFO] ADCParametersView:116 -                Rank 1 : true
2026-07-13 00:26:31,241 [INFO] ADCParametersView:116 -                Rank 2 : true
2026-07-13 00:26:31,937 [INFO] ADCParametersView:116 -                Rank 1 : false
2026-07-13 00:26:31,937 [INFO] ADCParametersView:116 -                Rank 1 : false
2026-07-13 00:26:31,938 [INFO] ADCParametersView:116 -                Rank 1 : false
2026-07-13 00:26:31,938 [INFO] ADCParametersView:116 -                Rank 1 : false
2026-07-13 00:26:31,938 [INFO] ADCParametersView:116 -                Rank 1 : false
2026-07-13 00:26:31,938 [INFO] ADCParametersView:116 -                Rank 1 : false
2026-07-13 00:26:31,938 [INFO] ADCParametersView:116 -                Rank 1 : false
2026-07-13 00:26:31,938 [INFO] ADCParametersView:116 -                Rank 1 : false
2026-07-13 00:26:31,938 [INFO] ADCParametersView:116 -                Rank 1 : false
2026-07-13 00:26:31,938 [INFO] ADCParametersView:116 -                Rank 1 : false
2026-07-13 00:26:31,938 [INFO] ADCParametersView:116 -                Rank 1 : false
2026-07-13 00:26:31,938 [INFO] ADCParametersView:116 -                Rank 1 : false
2026-07-13 00:26:31,938 [INFO] ADCParametersView:116 -                Rank 1 : false
2026-07-13 00:26:31,938 [INFO] ADCParametersView:116 -                Rank 1 : false
2026-07-13 00:26:31,938 [INFO] ADCParametersView:116 -                Rank 1 : false
2026-07-13 00:26:31,938 [INFO] ADCParametersView:116 -                Rank 1 : false
2026-07-13 00:26:31,938 [INFO] ADCParametersView:116 -                Rank 1 : false
2026-07-13 00:26:31,938 [INFO] ADCParametersView:116 -                Rank 1 : false
2026-07-13 00:26:31,938 [INFO] ADCParametersView:116 -                Rank 1 : false
2026-07-13 00:26:31,938 [INFO] ADCParametersView:116 -                Rank 1 : false
2026-07-13 00:26:31,938 [INFO] ADCParametersView:116 -                Rank 1 : false
2026-07-13 00:26:31,948 [INFO] ADCParametersView:116 -                Rank 1 : false
2026-07-13 00:26:31,966 [INFO] ADCParametersView:116 -                Rank 1 : false
2026-07-13 00:26:31,966 [INFO] ADCParametersView:116 -                Rank 1 : false
2026-07-13 00:26:31,966 [INFO] ADCParametersView:116 -                Rank 1 : false
2026-07-13 00:26:31,966 [INFO] ADCParametersView:116 -                Rank 1 : false
2026-07-13 00:26:31,966 [INFO] ADCParametersView:116 -                Rank 1 : false
2026-07-13 00:26:31,966 [INFO] ADCParametersView:116 -                Rank 1 : false
2026-07-13 00:26:31,966 [INFO] ADCParametersView:116 -                Rank 1 : false
2026-07-13 00:26:31,966 [INFO] ADCParametersView:116 -                Rank 1 : false
2026-07-13 00:26:31,966 [INFO] ADCParametersView:116 -                Rank 1 : false
2026-07-13 00:26:31,966 [INFO] ADCParametersView:116 -                Rank 1 : false
2026-07-13 00:26:31,966 [INFO] ADCParametersView:116 -                Rank 1 : false
2026-07-13 00:26:31,966 [INFO] ADCParametersView:116 -                Rank 1 : false
2026-07-13 00:26:31,966 [INFO] ADCParametersView:116 -                Rank 1 : false
2026-07-13 00:26:31,966 [INFO] ADCParametersView:116 -                Rank 1 : false
2026-07-13 00:26:31,966 [INFO] ADCParametersView:116 -                Rank 1 : false
2026-07-13 00:26:31,966 [INFO] ADCParametersView:116 -                Rank 1 : false
2026-07-13 00:26:31,966 [INFO] ADCParametersView:116 -                Rank 1 : false
2026-07-13 00:26:31,966 [INFO] ADCParametersView:116 -                Rank 1 : false
2026-07-13 00:26:31,966 [INFO] ADCParametersView:116 -                Rank 1 : false
2026-07-13 00:26:31,966 [INFO] ADCParametersView:116 -                Rank 1 : false
2026-07-13 00:26:31,966 [INFO] ADCParametersView:116 -                Rank 1 : false
2026-07-13 00:26:31,975 [INFO] ADCParametersView:116 -                Rank 1 : false
2026-07-13 00:26:33,733 [INFO] ADCParametersView:116 -                Rank 1 : true
2026-07-13 00:26:35,634 [INFO] NvicIntPanel:101 - NVIC parent = com.st.microxplorer.plugins.ip.nvic.MultiNvicIntPanel[,0,0,0x0,invalid,layout=javax.swing.BoxLayout,alignmentX=0.0,alignmentY=0.0,border=,flags=9,maximumSize=,minimumSize=,preferredSize=]
2026-07-13 00:26:35,663 [INFO] ADCParametersView:116 -                Rank 1 : true
2026-07-13 00:26:35,665 [INFO] ADCParametersView:116 -                Rank 1 : true
2026-07-13 00:26:35,665 [INFO] ADCParametersView:116 -                Rank 1 : true
2026-07-13 00:26:35,665 [INFO] ADCParametersView:116 -                Rank 1 : true
2026-07-13 00:26:35,665 [INFO] ADCParametersView:116 -                Rank 1 : true
2026-07-13 00:26:35,665 [INFO] ADCParametersView:116 -                Rank 1 : true
2026-07-13 00:26:35,665 [INFO] ADCParametersView:116 -                Rank 1 : true
2026-07-13 00:26:35,665 [INFO] ADCParametersView:116 -                Rank 1 : true
2026-07-13 00:26:35,665 [INFO] ADCParametersView:116 -                Rank 1 : true
2026-07-13 00:26:35,665 [INFO] ADCParametersView:116 -                Rank 1 : true
2026-07-13 00:26:35,665 [INFO] ADCParametersView:116 -                Rank 1 : true
2026-07-13 00:26:35,665 [INFO] ADCParametersView:116 -                Rank 1 : true
2026-07-13 00:26:35,665 [INFO] ADCParametersView:116 -                Rank 1 : true
2026-07-13 00:26:35,665 [INFO] ADCParametersView:116 -                Rank 1 : true
2026-07-13 00:26:35,665 [INFO] ADCParametersView:116 -                Rank 1 : true
2026-07-13 00:26:35,665 [INFO] ADCParametersView:116 -                Rank 1 : true
2026-07-13 00:26:35,665 [INFO] ADCParametersView:116 -                Rank 1 : true
2026-07-13 00:26:35,665 [INFO] ADCParametersView:116 -                Rank 1 : true
2026-07-13 00:26:35,665 [INFO] ADCParametersView:116 -                Rank 1 : true
2026-07-13 00:26:35,665 [INFO] ADCParametersView:116 -                Rank 1 : true
2026-07-13 00:26:35,665 [INFO] ADCParametersView:116 -                Rank 1 : true
2026-07-13 00:26:35,675 [INFO] ADCParametersView:116 -                Rank 1 : true
2026-07-13 00:27:19,069 [INFO] NvicIntPanel:101 - NVIC parent = com.st.microxplorer.plugins.ip.nvic.MultiNvicIntPanel[,0,0,0x0,invalid,layout=javax.swing.BoxLayout,alignmentX=0.0,alignmentY=0.0,border=,flags=9,maximumSize=,minimumSize=,preferredSize=]
2026-07-13 00:27:27,169 [INFO] NvicIntPanel:101 - NVIC parent = com.st.microxplorer.plugins.ip.nvic.MultiNvicIntPanel[,0,0,0x0,invalid,layout=javax.swing.BoxLayout,alignmentX=0.0,alignmentY=0.0,border=,flags=9,maximumSize=,minimumSize=,preferredSize=]
2026-07-13 00:27:39,442 [INFO] NvicIntPanel:101 - NVIC parent = com.st.microxplorer.plugins.ip.nvic.MultiNvicIntPanel[,0,0,0x0,invalid,layout=javax.swing.BoxLayout,alignmentX=0.0,alignmentY=0.0,border=,flags=9,maximumSize=,minimumSize=,preferredSize=]
2026-07-13 00:27:52,959 [INFO] UtilMem:75 - End SaveConfig() Used Memory: 934854480 Bytes (1073741824)
2026-07-13 00:27:53,746 [INFO] UtilMem:75 - End SaveConfig() Used Memory: 955303760 Bytes (1073741824)
2026-07-13 00:27:54,319 [INFO] UtilMem:75 - End SaveConfig() Used Memory: 993669904 Bytes (1073741824)
2026-07-13 00:27:54,476 [INFO] BlockDiagram:2775 - set Specific Code input for plugin: DAC
2026-07-13 00:27:54,476 [INFO] BlockDiagram:2775 - set Specific Code input for plugin: TIM1_8G4
2026-07-13 00:27:54,476 [INFO] BlockDiagram:2775 - set Specific Code input for plugin: ADC
2026-07-13 00:27:54,476 [INFO] BlockDiagram:2775 - set Specific Code input for plugin: SYS
2026-07-13 00:27:54,476 [INFO] BlockDiagram:2775 - set Specific Code input for plugin: ADC
2026-07-13 00:27:54,476 [INFO] BlockDiagram:2775 - set Specific Code input for plugin: RCC
2026-07-13 00:27:54,476 [INFO] BlockDiagram:2775 - set Specific Code input for plugin: NVIC
2026-07-13 00:27:54,476 [INFO] BlockDiagram:2775 - set Specific Code input for plugin: DMA
2026-07-13 00:27:54,476 [INFO] BlockDiagram:2775 - set Specific Code input for plugin: TIM1_8G4
2026-07-13 00:27:54,477 [INFO] BlockDiagram:2775 - set Specific Code input for plugin: TIM1_8G4
2026-07-13 00:27:54,477 [INFO] BlockDiagram:2775 - set Specific Code input for plugin: TIM1_8G4
2026-07-13 00:27:54,477 [INFO] BlockDiagram:2775 - set Specific Code input for plugin: GPIO
2026-07-13 00:27:54,477 [INFO] BlockDiagram:2775 - set Specific Code input for plugin: FDCAN
2026-07-13 00:27:54,477 [INFO] CodeGenerator:892 - code generatio: config db path: C:\ST\STM32CubeIDE_1.19.0\STM32CubeIDE\plugins\com.st.stm32cube.common.mx_6.15.0.202507011659\\db\
2026-07-13 00:27:54,490 [WARN] IP:2250 - MessageRAMOffset not found: check if there is a RefParameter without a condition.
2026-07-13 00:27:54,490 [WARN] IP:2250 - RxFifo0ElmtsNbr not found: check if there is a RefParameter without a condition.
2026-07-13 00:27:54,490 [WARN] IP:2250 - RxFifo0ElmtSize not found: check if there is a RefParameter without a condition.
2026-07-13 00:27:54,490 [WARN] IP:2250 - RxFifo1ElmtsNbr not found: check if there is a RefParameter without a condition.
2026-07-13 00:27:54,490 [WARN] IP:2250 - RxFifo1ElmtSize not found: check if there is a RefParameter without a condition.
2026-07-13 00:27:54,490 [WARN] IP:2250 - RxBuffersNbr not found: check if there is a RefParameter without a condition.
2026-07-13 00:27:54,490 [WARN] IP:2250 - RxBufferSize not found: check if there is a RefParameter without a condition.
2026-07-13 00:27:54,490 [WARN] IP:2250 - TxEventsNbr not found: check if there is a RefParameter without a condition.
2026-07-13 00:27:54,490 [WARN] IP:2250 - TxBuffersNbr not found: check if there is a RefParameter without a condition.
2026-07-13 00:27:54,490 [WARN] IP:2250 - TxFifoQueueElmtsNbr not found: check if there is a RefParameter without a condition.
2026-07-13 00:27:54,490 [WARN] IP:2250 - TxElmtSize not found: check if there is a RefParameter without a condition.
2026-07-13 00:27:54,490 [WARN] IP:2250 - ClockCalibrationCCU not found: check if there is a RefParameter without a condition.
2026-07-13 00:27:54,490 [WARN] IP:2250 - ClockDividerCCU not found: check if there is a RefParameter without a condition.
2026-07-13 00:27:54,490 [WARN] IP:2250 - MinOscClkPeriodsCCU not found: check if there is a RefParameter without a condition.
2026-07-13 00:27:54,490 [WARN] IP:2250 - TimeQuantaPerBitTimeCCU not found: check if there is a RefParameter without a condition.
2026-07-13 00:27:54,490 [WARN] IP:2250 - WatchdogStartValueCCU not found: check if there is a RefParameter without a condition.
2026-07-13 00:27:54,582 [INFO] CodeEngine:265 - oldGeneratedFile, D:\tech\robotyka\robots\evangelion-turbo\kod\motor_driver\MXTmpFiles\license.tmp_save
2026-07-13 00:27:54,812 [INFO] CodeEngine:289 - Generated code: D:\tech\robotyka\robots\evangelion-turbo\kod\motor_driver\MXTmpFiles\license.tmp
2026-07-13 00:27:54,860 [INFO] CodeEngine:265 - oldGeneratedFile, D:\tech\robotyka\robots\evangelion-turbo\kod\motor_driver\MXTmpFiles\gpio.tmp_save
2026-07-13 00:27:54,978 [INFO] CodeEngine:289 - Generated code: D:\tech\robotyka\robots\evangelion-turbo\kod\motor_driver\MXTmpFiles\gpio.tmp
2026-07-13 00:27:55,593 [INFO] CodeEngine:265 - oldGeneratedFile, D:\tech\robotyka\robots\evangelion-turbo\kod\motor_driver\MXTmpFiles\dma.tmp_save
2026-07-13 00:27:55,701 [INFO] CodeEngine:289 - Generated code: D:\tech\robotyka\robots\evangelion-turbo\kod\motor_driver\MXTmpFiles\dma.tmp
2026-07-13 00:27:55,711 [INFO] CodeEngine:265 - oldGeneratedFile, D:\tech\robotyka\robots\evangelion-turbo\kod\motor_driver\MXTmpFiles\dma_GV.tmp_save
2026-07-13 00:27:55,762 [INFO] CodeEngine:289 - Generated code: D:\tech\robotyka\robots\evangelion-turbo\kod\motor_driver\MXTmpFiles\dma_GV.tmp
2026-07-13 00:27:55,777 [INFO] CodeEngine:265 - oldGeneratedFile, D:\tech\robotyka\robots\evangelion-turbo\kod\motor_driver\Core\Src\stm32g4xx_it.c_save
2026-07-13 00:27:56,023 [INFO] CodeEngine:289 - Generated code: D:\tech\robotyka\robots\evangelion-turbo\kod\motor_driver\Core\Src\stm32g4xx_it.c
2026-07-13 00:27:56,036 [INFO] CodeEngine:265 - oldGeneratedFile, D:\tech\robotyka\robots\evangelion-turbo\kod\motor_driver\Core\Inc\stm32g4xx_it.h_save
2026-07-13 00:27:56,084 [INFO] CodeEngine:289 - Generated code: D:\tech\robotyka\robots\evangelion-turbo\kod\motor_driver\Core\Inc\stm32g4xx_it.h
2026-07-13 00:27:56,098 [INFO] CodeEngine:265 - oldGeneratedFile, D:\tech\robotyka\robots\evangelion-turbo\kod\motor_driver\Core\Src\stm32g4xx_hal_msp.c_save
2026-07-13 00:27:56,241 [INFO] CodeEngine:289 - Generated code: D:\tech\robotyka\robots\evangelion-turbo\kod\motor_driver\Core\Src\stm32g4xx_hal_msp.c
2026-07-13 00:27:56,245 [INFO] CodeEngine:265 - oldGeneratedFile, D:\tech\robotyka\robots\evangelion-turbo\kod\motor_driver\MXTmpFiles\system.tmp_save
2026-07-13 00:27:56,282 [INFO] CodeEngine:289 - Generated code: D:\tech\robotyka\robots\evangelion-turbo\kod\motor_driver\MXTmpFiles\system.tmp
2026-07-13 00:27:56,290 [INFO] CodeEngine:321 - oldGeneratedFile, D:\tech\robotyka\robots\evangelion-turbo\kod\motor_driver\Core\Inc\stm32g4xx_hal_conf.h_save
2026-07-13 00:27:56,386 [INFO] CodeEngine:345 - Generated code: D:\tech\robotyka\robots\evangelion-turbo\kod\motor_driver\Core\Inc\stm32g4xx_hal_conf.h
2026-07-13 00:27:56,405 [WARN] IPConfigManager:3238 - Warning: the RefConfig RCC_CommonPeriphClockConfig is not available in your config.xml file
2026-07-13 00:27:56,409 [INFO] ApiDbMcu:532 - Load IP Config File for ADC1
2026-07-13 00:27:56,411 [INFO] ApiDbMcu:532 - Load IP Config File for ADC2
2026-07-13 00:27:56,412 [INFO] ApiDbMcu:532 - Load IP Config File for DAC1
2026-07-13 00:27:56,415 [INFO] ApiDbMcu:532 - Load IP Config File for FDCAN1
2026-07-13 00:27:56,424 [INFO] ApiDbMcu:532 - Load IP Config File for TIM2
2026-07-13 00:27:56,434 [INFO] ApiDbMcu:532 - Load IP Config File for TIM15
2026-07-13 00:27:56,443 [INFO] ApiDbMcu:532 - Load IP Config File for TIM16
2026-07-13 00:27:56,453 [INFO] ApiDbMcu:532 - Load IP Config File for TIM17
2026-07-13 00:27:56,455 [INFO] ApiDbMcu:532 - Load IP Config File for RCC
2026-07-13 00:27:56,456 [WARN] IPConfigManager:3811 - IP not found : TIM
2026-07-13 00:27:56,457 [WARN] CodeGenerator:4259 - IP not found : null
2026-07-13 00:27:56,463 [INFO] CodeEngine:265 - oldGeneratedFile, D:\tech\robotyka\robots\evangelion-turbo\kod\motor_driver\Core\Inc\main.h_save
2026-07-13 00:27:56,583 [INFO] CodeEngine:289 - Generated code: D:\tech\robotyka\robots\evangelion-turbo\kod\motor_driver\Core\Inc\main.h
2026-07-13 00:27:56,588 [INFO] CodeEngine:265 - oldGeneratedFile, D:\tech\robotyka\robots\evangelion-turbo\kod\motor_driver\Core\Src\main.c_save
2026-07-13 00:27:56,721 [INFO] CodeEngine:289 - Generated code: D:\tech\robotyka\robots\evangelion-turbo\kod\motor_driver\Core\Src\main.c
2026-07-13 00:27:56,961 [INFO] ProjectBuilder:3606 - Time for Copy HAL[1] : 100mS.
2026-07-13 00:27:56,963 [INFO] ProjectBuilder:5216 - Project Generator version: 4.7.0-B52
2026-07-13 00:27:57,068 [INFO] ConfigFileManager:1595 - The Die is : DIE468
2026-07-13 00:27:57,072 [INFO] ApiDbMcu:532 - Load IP Config File for FATFS
2026-07-13 00:27:57,075 [INFO] ApiDbMcu:532 - Load IP Config File for FREERTOS
2026-07-13 00:27:57,078 [INFO] ApiDbMcu:532 - Load IP Config File for USBPD
2026-07-13 00:27:57,084 [INFO] ApiDbMcu:532 - Load IP Config File for USB_DEVICE
2026-07-13 00:27:57,875 [INFO] ProjectBuilder:5496 - Time for Generating toolchain IDE Files: 912mS.
2026-07-13 00:27:57,876 [INFO] ProjectBuilder:3463 - Time for Copy CMSIS : 0mS.
2026-07-13 00:27:57,878 [INFO] ProjectBuilder:3463 - Time for Copy CMSIS : 1mS.
2026-07-13 00:34:06,334 [WARN] IP:2250 - MessageRAMOffset not found: check if there is a RefParameter without a condition.
2026-07-13 00:34:06,334 [WARN] IP:2250 - RxFifo0ElmtsNbr not found: check if there is a RefParameter without a condition.
2026-07-13 00:34:06,334 [WARN] IP:2250 - RxFifo0ElmtSize not found: check if there is a RefParameter without a condition.
2026-07-13 00:34:06,334 [WARN] IP:2250 - RxFifo1ElmtsNbr not found: check if there is a RefParameter without a condition.
2026-07-13 00:34:06,334 [WARN] IP:2250 - RxFifo1ElmtSize not found: check if there is a RefParameter without a condition.
2026-07-13 00:34:06,334 [WARN] IP:2250 - RxBuffersNbr not found: check if there is a RefParameter without a condition.
2026-07-13 00:34:06,334 [WARN] IP:2250 - RxBufferSize not found: check if there is a RefParameter without a condition.
2026-07-13 00:34:06,334 [WARN] IP:2250 - TxEventsNbr not found: check if there is a RefParameter without a condition.
2026-07-13 00:34:06,334 [WARN] IP:2250 - TxBuffersNbr not found: check if there is a RefParameter without a condition.
2026-07-13 00:34:06,335 [WARN] IP:2250 - TxFifoQueueElmtsNbr not found: check if there is a RefParameter without a condition.
2026-07-13 00:34:06,335 [WARN] IP:2250 - TxElmtSize not found: check if there is a RefParameter without a condition.
2026-07-13 00:34:06,335 [WARN] IP:2250 - ClockCalibrationCCU not found: check if there is a RefParameter without a condition.
2026-07-13 00:34:06,335 [WARN] IP:2250 - ClockDividerCCU not found: check if there is a RefParameter without a condition.
2026-07-13 00:34:06,335 [WARN] IP:2250 - MinOscClkPeriodsCCU not found: check if there is a RefParameter without a condition.
2026-07-13 00:34:06,335 [WARN] IP:2250 - TimeQuantaPerBitTimeCCU not found: check if there is a RefParameter without a condition.
2026-07-13 00:34:06,335 [WARN] IP:2250 - WatchdogStartValueCCU not found: check if there is a RefParameter without a condition.
2026-07-13 00:34:06,425 [WARN] IP:2250 - MessageRAMOffset not found: check if there is a RefParameter without a condition.
2026-07-13 00:34:06,425 [WARN] IP:2250 - RxFifo0ElmtsNbr not found: check if there is a RefParameter without a condition.
2026-07-13 00:34:06,425 [WARN] IP:2250 - RxFifo0ElmtSize not found: check if there is a RefParameter without a condition.
2026-07-13 00:34:06,425 [WARN] IP:2250 - RxFifo1ElmtsNbr not found: check if there is a RefParameter without a condition.
2026-07-13 00:34:06,425 [WARN] IP:2250 - RxFifo1ElmtSize not found: check if there is a RefParameter without a condition.
2026-07-13 00:34:06,425 [WARN] IP:2250 - RxBuffersNbr not found: check if there is a RefParameter without a condition.
2026-07-13 00:34:06,426 [WARN] IP:2250 - RxBufferSize not found: check if there is a RefParameter without a condition.
2026-07-13 00:34:06,426 [WARN] IP:2250 - TxEventsNbr not found: check if there is a RefParameter without a condition.
2026-07-13 00:34:06,426 [WARN] IP:2250 - TxBuffersNbr not found: check if there is a RefParameter without a condition.
2026-07-13 00:34:06,426 [WARN] IP:2250 - TxFifoQueueElmtsNbr not found: check if there is a RefParameter without a condition.
2026-07-13 00:34:06,426 [WARN] IP:2250 - TxElmtSize not found: check if there is a RefParameter without a condition.
2026-07-13 00:34:06,426 [WARN] IP:2250 - ClockCalibrationCCU not found: check if there is a RefParameter without a condition.
2026-07-13 00:34:06,426 [WARN] IP:2250 - ClockDividerCCU not found: check if there is a RefParameter without a condition.
2026-07-13 00:34:06,426 [WARN] IP:2250 - MinOscClkPeriodsCCU not found: check if there is a RefParameter without a condition.
2026-07-13 00:34:06,426 [WARN] IP:2250 - TimeQuantaPerBitTimeCCU not found: check if there is a RefParameter without a condition.
2026-07-13 00:34:06,426 [WARN] IP:2250 - WatchdogStartValueCCU not found: check if there is a RefParameter without a condition.
2026-07-13 00:34:06,508 [WARN] IP:2250 - MessageRAMOffset not found: check if there is a RefParameter without a condition.
2026-07-13 00:34:06,508 [WARN] IP:2250 - RxFifo0ElmtsNbr not found: check if there is a RefParameter without a condition.
2026-07-13 00:34:06,508 [WARN] IP:2250 - RxFifo0ElmtSize not found: check if there is a RefParameter without a condition.
2026-07-13 00:34:06,509 [WARN] IP:2250 - RxFifo1ElmtsNbr not found: check if there is a RefParameter without a condition.
2026-07-13 00:34:06,509 [WARN] IP:2250 - RxFifo1ElmtSize not found: check if there is a RefParameter without a condition.
2026-07-13 00:34:06,509 [WARN] IP:2250 - RxBuffersNbr not found: check if there is a RefParameter without a condition.
2026-07-13 00:34:06,509 [WARN] IP:2250 - RxBufferSize not found: check if there is a RefParameter without a condition.
2026-07-13 00:34:06,509 [WARN] IP:2250 - TxEventsNbr not found: check if there is a RefParameter without a condition.
2026-07-13 00:34:06,509 [WARN] IP:2250 - TxBuffersNbr not found: check if there is a RefParameter without a condition.
2026-07-13 00:34:06,509 [WARN] IP:2250 - TxFifoQueueElmtsNbr not found: check if there is a RefParameter without a condition.
2026-07-13 00:34:06,509 [WARN] IP:2250 - TxElmtSize not found: check if there is a RefParameter without a condition.
2026-07-13 00:34:06,509 [WARN] IP:2250 - ClockCalibrationCCU not found: check if there is a RefParameter without a condition.
2026-07-13 00:34:06,509 [WARN] IP:2250 - ClockDividerCCU not found: check if there is a RefParameter without a condition.
2026-07-13 00:34:06,509 [WARN] IP:2250 - MinOscClkPeriodsCCU not found: check if there is a RefParameter without a condition.
2026-07-13 00:34:06,509 [WARN] IP:2250 - TimeQuantaPerBitTimeCCU not found: check if there is a RefParameter without a condition.
2026-07-13 00:34:06,509 [WARN] IP:2250 - WatchdogStartValueCCU not found: check if there is a RefParameter without a condition.
2026-07-13 00:34:17,702 [INFO] UtilMem:75 - End SaveConfig() Used Memory: 967624184 Bytes (1073741824)
2026-07-13 00:34:18,539 [INFO] UtilMem:75 - End SaveConfig() Used Memory: 989117888 Bytes (1073741824)
2026-07-13 00:34:19,464 [INFO] UtilMem:75 - End SaveConfig() Used Memory: 867265896 Bytes (1073741824)
2026-07-13 00:34:19,830 [INFO] BlockDiagram:2775 - set Specific Code input for plugin: DAC
2026-07-13 00:34:19,831 [INFO] BlockDiagram:2775 - set Specific Code input for plugin: TIM1_8G4
2026-07-13 00:34:19,831 [INFO] BlockDiagram:2775 - set Specific Code input for plugin: ADC
2026-07-13 00:34:19,831 [INFO] BlockDiagram:2775 - set Specific Code input for plugin: SYS
2026-07-13 00:34:19,831 [INFO] BlockDiagram:2775 - set Specific Code input for plugin: ADC
2026-07-13 00:34:19,831 [INFO] BlockDiagram:2775 - set Specific Code input for plugin: RCC
2026-07-13 00:34:19,831 [INFO] BlockDiagram:2775 - set Specific Code input for plugin: NVIC
2026-07-13 00:34:19,831 [INFO] BlockDiagram:2775 - set Specific Code input for plugin: DMA
2026-07-13 00:34:19,831 [INFO] BlockDiagram:2775 - set Specific Code input for plugin: TIM1_8G4
2026-07-13 00:34:19,831 [INFO] BlockDiagram:2775 - set Specific Code input for plugin: TIM1_8G4
2026-07-13 00:34:19,831 [INFO] BlockDiagram:2775 - set Specific Code input for plugin: TIM1_8G4
2026-07-13 00:34:19,832 [INFO] BlockDiagram:2775 - set Specific Code input for plugin: GPIO
2026-07-13 00:34:19,832 [INFO] BlockDiagram:2775 - set Specific Code input for plugin: FDCAN
2026-07-13 00:34:19,833 [INFO] CodeGenerator:892 - code generatio: config db path: C:\ST\STM32CubeIDE_1.19.0\STM32CubeIDE\plugins\com.st.stm32cube.common.mx_6.15.0.202507011659\\db\
2026-07-13 00:34:19,837 [INFO] Argument:325 - Argument : hdmavalue: null
2026-07-13 00:34:19,838 [INFO] Argument:327 - 	 sub Args: 
2026-07-13 00:34:19,838 [INFO] Argument:325 - Argument : Instancevalue: DMA1_Channel1
2026-07-13 00:34:19,838 [INFO] Argument:335 - Argument : Instancevalue: DMA1_Channel1
2026-07-13 00:34:19,838 [INFO] Argument:325 - Argument : Initvalue: null
2026-07-13 00:34:19,838 [INFO] Argument:327 - 	 sub Args: 
2026-07-13 00:34:19,838 [INFO] Argument:325 - Argument : Requestvalue: DMA_REQUEST_ADC1
2026-07-13 00:34:19,838 [INFO] Argument:335 - Argument : Requestvalue: DMA_REQUEST_ADC1
2026-07-13 00:34:19,838 [INFO] Argument:325 - Argument : Directionvalue: DMA_PERIPH_TO_MEMORY
2026-07-13 00:34:19,838 [INFO] Argument:335 - Argument : Directionvalue: DMA_PERIPH_TO_MEMORY
2026-07-13 00:34:19,838 [INFO] Argument:325 - Argument : PeriphIncvalue: DMA_PINC_DISABLE
2026-07-13 00:34:19,838 [INFO] Argument:335 - Argument : PeriphIncvalue: DMA_PINC_DISABLE
2026-07-13 00:34:19,838 [INFO] Argument:325 - Argument : MemIncvalue: DMA_MINC_ENABLE
2026-07-13 00:34:19,838 [INFO] Argument:335 - Argument : MemIncvalue: DMA_MINC_ENABLE
2026-07-13 00:34:19,838 [INFO] Argument:325 - Argument : PeriphDataAlignmentvalue: DMA_PDATAALIGN_HALFWORD
2026-07-13 00:34:19,838 [INFO] Argument:335 - Argument : PeriphDataAlignmentvalue: DMA_PDATAALIGN_HALFWORD
2026-07-13 00:34:19,838 [INFO] Argument:325 - Argument : MemDataAlignmentvalue: DMA_MDATAALIGN_HALFWORD
2026-07-13 00:34:19,838 [INFO] Argument:335 - Argument : MemDataAlignmentvalue: DMA_MDATAALIGN_HALFWORD
2026-07-13 00:34:19,838 [INFO] Argument:325 - Argument : Modevalue: DMA_CIRCULAR
2026-07-13 00:34:19,838 [INFO] Argument:335 - Argument : Modevalue: DMA_CIRCULAR
2026-07-13 00:34:19,838 [INFO] Argument:325 - Argument : Priorityvalue: DMA_PRIORITY_LOW
2026-07-13 00:34:19,838 [INFO] Argument:335 - Argument : Priorityvalue: DMA_PRIORITY_LOW
2026-07-13 00:34:19,838 [INFO] Argument:325 - Argument : Lockvalue: null
2026-07-13 00:34:19,838 [INFO] Argument:335 - Argument : Lockvalue: null
2026-07-13 00:34:19,839 [INFO] Argument:325 - Argument : Statevalue: null
2026-07-13 00:34:19,839 [INFO] Argument:335 - Argument : Statevalue: null
2026-07-13 00:34:19,839 [INFO] Argument:325 - Argument : Parentvalue: null
2026-07-13 00:34:19,839 [INFO] Argument:335 - Argument : Parentvalue: null
2026-07-13 00:34:19,839 [INFO] Argument:325 - Argument : XferCpltCallbackvalue: null
2026-07-13 00:34:19,839 [INFO] Argument:335 - Argument : XferCpltCallbackvalue: null
2026-07-13 00:34:19,839 [INFO] Argument:325 - Argument : XferHalfCpltCallbackvalue: null
2026-07-13 00:34:19,839 [INFO] Argument:335 - Argument : XferHalfCpltCallbackvalue: null
2026-07-13 00:34:19,839 [INFO] Argument:325 - Argument : XferErrorCallbackvalue: null
2026-07-13 00:34:19,839 [INFO] Argument:335 - Argument : XferErrorCallbackvalue: null
2026-07-13 00:34:19,839 [INFO] Argument:325 - Argument : XferAbortCallbackvalue: null
2026-07-13 00:34:19,839 [INFO] Argument:335 - Argument : XferAbortCallbackvalue: null
2026-07-13 00:34:19,839 [INFO] Argument:325 - Argument : ErrorCodevalue: null
2026-07-13 00:34:19,839 [INFO] Argument:335 - Argument : ErrorCodevalue: null
2026-07-13 00:34:19,839 [INFO] Argument:325 - Argument : ChannelIndexvalue: null
2026-07-13 00:34:19,839 [INFO] Argument:335 - Argument : ChannelIndexvalue: null
2026-07-13 00:34:19,839 [INFO] Argument:325 - Argument : DMAmuxChannelvalue: null
2026-07-13 00:34:19,839 [INFO] Argument:335 - Argument : DMAmuxChannelvalue: null
2026-07-13 00:34:19,839 [INFO] Argument:325 - Argument : DMAmuxChannelStatusvalue: null
2026-07-13 00:34:19,839 [INFO] Argument:335 - Argument : DMAmuxChannelStatusvalue: null
2026-07-13 00:34:19,839 [INFO] Argument:325 - Argument : DMAmuxChannelStatusMaskvalue: null
2026-07-13 00:34:19,839 [INFO] Argument:335 - Argument : DMAmuxChannelStatusMaskvalue: null
2026-07-13 00:34:19,839 [INFO] Argument:325 - Argument : DMAmuxRequestGenvalue: null
2026-07-13 00:34:19,839 [INFO] Argument:335 - Argument : DMAmuxRequestGenvalue: null
2026-07-13 00:34:19,839 [INFO] Argument:325 - Argument : DMAmuxRequestGenStatusvalue: null
2026-07-13 00:34:19,839 [INFO] Argument:335 - Argument : DMAmuxRequestGenStatusvalue: null
2026-07-13 00:34:19,839 [INFO] Argument:325 - Argument : DMAmuxRequestGenStatusMaskvalue: null
2026-07-13 00:34:19,839 [INFO] Argument:335 - Argument : DMAmuxRequestGenStatusMaskvalue: null
2026-07-13 00:34:19,842 [INFO] Argument:325 - Argument : hdmavalue: null
2026-07-13 00:34:19,843 [INFO] Argument:327 - 	 sub Args: 
2026-07-13 00:34:19,843 [INFO] Argument:325 - Argument : Instancevalue: DMA1_Channel2
2026-07-13 00:34:19,843 [INFO] Argument:335 - Argument : Instancevalue: DMA1_Channel2
2026-07-13 00:34:19,843 [INFO] Argument:325 - Argument : Initvalue: null
2026-07-13 00:34:19,843 [INFO] Argument:327 - 	 sub Args: 
2026-07-13 00:34:19,843 [INFO] Argument:325 - Argument : Requestvalue: DMA_REQUEST_ADC2
2026-07-13 00:34:19,843 [INFO] Argument:335 - Argument : Requestvalue: DMA_REQUEST_ADC2
2026-07-13 00:34:19,843 [INFO] Argument:325 - Argument : Directionvalue: DMA_PERIPH_TO_MEMORY
2026-07-13 00:34:19,843 [INFO] Argument:335 - Argument : Directionvalue: DMA_PERIPH_TO_MEMORY
2026-07-13 00:34:19,844 [INFO] Argument:325 - Argument : PeriphIncvalue: DMA_PINC_DISABLE
2026-07-13 00:34:19,844 [INFO] Argument:335 - Argument : PeriphIncvalue: DMA_PINC_DISABLE
2026-07-13 00:34:19,844 [INFO] Argument:325 - Argument : MemIncvalue: DMA_MINC_ENABLE
2026-07-13 00:34:19,844 [INFO] Argument:335 - Argument : MemIncvalue: DMA_MINC_ENABLE
2026-07-13 00:34:19,844 [INFO] Argument:325 - Argument : PeriphDataAlignmentvalue: DMA_PDATAALIGN_HALFWORD
2026-07-13 00:34:19,844 [INFO] Argument:335 - Argument : PeriphDataAlignmentvalue: DMA_PDATAALIGN_HALFWORD
2026-07-13 00:34:19,844 [INFO] Argument:325 - Argument : MemDataAlignmentvalue: DMA_MDATAALIGN_HALFWORD
2026-07-13 00:34:19,844 [INFO] Argument:335 - Argument : MemDataAlignmentvalue: DMA_MDATAALIGN_HALFWORD
2026-07-13 00:34:19,844 [INFO] Argument:325 - Argument : Modevalue: DMA_CIRCULAR
2026-07-13 00:34:19,844 [INFO] Argument:335 - Argument : Modevalue: DMA_CIRCULAR
2026-07-13 00:34:19,844 [INFO] Argument:325 - Argument : Priorityvalue: DMA_PRIORITY_LOW
2026-07-13 00:34:19,844 [INFO] Argument:335 - Argument : Priorityvalue: DMA_PRIORITY_LOW
2026-07-13 00:34:19,844 [INFO] Argument:325 - Argument : Lockvalue: null
2026-07-13 00:34:19,844 [INFO] Argument:335 - Argument : Lockvalue: null
2026-07-13 00:34:19,844 [INFO] Argument:325 - Argument : Statevalue: null
2026-07-13 00:34:19,844 [INFO] Argument:335 - Argument : Statevalue: null
2026-07-13 00:34:19,844 [INFO] Argument:325 - Argument : Parentvalue: null
2026-07-13 00:34:19,844 [INFO] Argument:335 - Argument : Parentvalue: null
2026-07-13 00:34:19,844 [INFO] Argument:325 - Argument : XferCpltCallbackvalue: null
2026-07-13 00:34:19,844 [INFO] Argument:335 - Argument : XferCpltCallbackvalue: null
2026-07-13 00:34:19,844 [INFO] Argument:325 - Argument : XferHalfCpltCallbackvalue: null
2026-07-13 00:34:19,844 [INFO] Argument:335 - Argument : XferHalfCpltCallbackvalue: null
2026-07-13 00:34:19,844 [INFO] Argument:325 - Argument : XferErrorCallbackvalue: null
2026-07-13 00:34:19,844 [INFO] Argument:335 - Argument : XferErrorCallbackvalue: null
2026-07-13 00:34:19,844 [INFO] Argument:325 - Argument : XferAbortCallbackvalue: null
2026-07-13 00:34:19,844 [INFO] Argument:335 - Argument : XferAbortCallbackvalue: null
2026-07-13 00:34:19,844 [INFO] Argument:325 - Argument : ErrorCodevalue: null
2026-07-13 00:34:19,844 [INFO] Argument:335 - Argument : ErrorCodevalue: null
2026-07-13 00:34:19,844 [INFO] Argument:325 - Argument : ChannelIndexvalue: null
2026-07-13 00:34:19,844 [INFO] Argument:335 - Argument : ChannelIndexvalue: null
2026-07-13 00:34:19,844 [INFO] Argument:325 - Argument : DMAmuxChannelvalue: null
2026-07-13 00:34:19,844 [INFO] Argument:335 - Argument : DMAmuxChannelvalue: null
2026-07-13 00:34:19,844 [INFO] Argument:325 - Argument : DMAmuxChannelStatusvalue: null
2026-07-13 00:34:19,844 [INFO] Argument:335 - Argument : DMAmuxChannelStatusvalue: null
2026-07-13 00:34:19,844 [INFO] Argument:325 - Argument : DMAmuxChannelStatusMaskvalue: null
2026-07-13 00:34:19,844 [INFO] Argument:335 - Argument : DMAmuxChannelStatusMaskvalue: null
2026-07-13 00:34:19,844 [INFO] Argument:325 - Argument : DMAmuxRequestGenvalue: null
2026-07-13 00:34:19,844 [INFO] Argument:335 - Argument : DMAmuxRequestGenvalue: null
2026-07-13 00:34:19,844 [INFO] Argument:325 - Argument : DMAmuxRequestGenStatusvalue: null
2026-07-13 00:34:19,844 [INFO] Argument:335 - Argument : DMAmuxRequestGenStatusvalue: null
2026-07-13 00:34:19,844 [INFO] Argument:325 - Argument : DMAmuxRequestGenStatusMaskvalue: null
2026-07-13 00:34:19,844 [INFO] Argument:335 - Argument : DMAmuxRequestGenStatusMaskvalue: null
2026-07-13 00:34:19,846 [WARN] IP:2250 - MessageRAMOffset not found: check if there is a RefParameter without a condition.
2026-07-13 00:34:19,846 [WARN] IP:2250 - RxFifo0ElmtsNbr not found: check if there is a RefParameter without a condition.
2026-07-13 00:34:19,846 [WARN] IP:2250 - RxFifo0ElmtSize not found: check if there is a RefParameter without a condition.
2026-07-13 00:34:19,846 [WARN] IP:2250 - RxFifo1ElmtsNbr not found: check if there is a RefParameter without a condition.
2026-07-13 00:34:19,846 [WARN] IP:2250 - RxFifo1ElmtSize not found: check if there is a RefParameter without a condition.
2026-07-13 00:34:19,846 [WARN] IP:2250 - RxBuffersNbr not found: check if there is a RefParameter without a condition.
2026-07-13 00:34:19,846 [WARN] IP:2250 - RxBufferSize not found: check if there is a RefParameter without a condition.
2026-07-13 00:34:19,846 [WARN] IP:2250 - TxEventsNbr not found: check if there is a RefParameter without a condition.
2026-07-13 00:34:19,846 [WARN] IP:2250 - TxBuffersNbr not found: check if there is a RefParameter without a condition.
2026-07-13 00:34:19,846 [WARN] IP:2250 - TxFifoQueueElmtsNbr not found: check if there is a RefParameter without a condition.
2026-07-13 00:34:19,846 [WARN] IP:2250 - TxElmtSize not found: check if there is a RefParameter without a condition.
2026-07-13 00:34:19,846 [WARN] IP:2250 - ClockCalibrationCCU not found: check if there is a RefParameter without a condition.
2026-07-13 00:34:19,846 [WARN] IP:2250 - ClockDividerCCU not found: check if there is a RefParameter without a condition.
2026-07-13 00:34:19,846 [WARN] IP:2250 - MinOscClkPeriodsCCU not found: check if there is a RefParameter without a condition.
2026-07-13 00:34:19,846 [WARN] IP:2250 - TimeQuantaPerBitTimeCCU not found: check if there is a RefParameter without a condition.
2026-07-13 00:34:19,846 [WARN] IP:2250 - WatchdogStartValueCCU not found: check if there is a RefParameter without a condition.
2026-07-13 00:34:20,022 [INFO] CodeEngine:265 - oldGeneratedFile, D:\tech\robotyka\robots\evangelion-turbo\kod\motor_driver\MXTmpFiles\license.tmp_save
2026-07-13 00:34:20,188 [INFO] CodeEngine:289 - Generated code: D:\tech\robotyka\robots\evangelion-turbo\kod\motor_driver\MXTmpFiles\license.tmp
2026-07-13 00:34:20,231 [INFO] CodeEngine:265 - oldGeneratedFile, D:\tech\robotyka\robots\evangelion-turbo\kod\motor_driver\MXTmpFiles\gpio.tmp_save
2026-07-13 00:34:20,364 [INFO] CodeEngine:289 - Generated code: D:\tech\robotyka\robots\evangelion-turbo\kod\motor_driver\MXTmpFiles\gpio.tmp
2026-07-13 00:34:20,871 [INFO] CodeEngine:265 - oldGeneratedFile, D:\tech\robotyka\robots\evangelion-turbo\kod\motor_driver\MXTmpFiles\dma.tmp_save
2026-07-13 00:34:20,991 [INFO] CodeEngine:289 - Generated code: D:\tech\robotyka\robots\evangelion-turbo\kod\motor_driver\MXTmpFiles\dma.tmp
2026-07-13 00:34:20,996 [INFO] CodeEngine:265 - oldGeneratedFile, D:\tech\robotyka\robots\evangelion-turbo\kod\motor_driver\MXTmpFiles\dma_GV.tmp_save
2026-07-13 00:34:21,052 [INFO] CodeEngine:289 - Generated code: D:\tech\robotyka\robots\evangelion-turbo\kod\motor_driver\MXTmpFiles\dma_GV.tmp
2026-07-13 00:34:21,071 [INFO] CodeEngine:265 - oldGeneratedFile, D:\tech\robotyka\robots\evangelion-turbo\kod\motor_driver\Core\Src\stm32g4xx_it.c_save
2026-07-13 00:34:21,380 [INFO] CodeEngine:289 - Generated code: D:\tech\robotyka\robots\evangelion-turbo\kod\motor_driver\Core\Src\stm32g4xx_it.c
2026-07-13 00:34:21,392 [INFO] CodeEngine:265 - oldGeneratedFile, D:\tech\robotyka\robots\evangelion-turbo\kod\motor_driver\Core\Inc\stm32g4xx_it.h_save
2026-07-13 00:34:21,434 [INFO] CodeEngine:289 - Generated code: D:\tech\robotyka\robots\evangelion-turbo\kod\motor_driver\Core\Inc\stm32g4xx_it.h
2026-07-13 00:34:21,444 [INFO] CodeEngine:265 - oldGeneratedFile, D:\tech\robotyka\robots\evangelion-turbo\kod\motor_driver\Core\Src\stm32g4xx_hal_msp.c_save
2026-07-13 00:34:21,602 [INFO] CodeEngine:289 - Generated code: D:\tech\robotyka\robots\evangelion-turbo\kod\motor_driver\Core\Src\stm32g4xx_hal_msp.c
2026-07-13 00:34:21,613 [INFO] CodeEngine:265 - oldGeneratedFile, D:\tech\robotyka\robots\evangelion-turbo\kod\motor_driver\MXTmpFiles\system.tmp_save
2026-07-13 00:34:21,653 [INFO] CodeEngine:289 - Generated code: D:\tech\robotyka\robots\evangelion-turbo\kod\motor_driver\MXTmpFiles\system.tmp
2026-07-13 00:34:21,663 [INFO] CodeEngine:321 - oldGeneratedFile, D:\tech\robotyka\robots\evangelion-turbo\kod\motor_driver\Core\Inc\stm32g4xx_hal_conf.h_save
2026-07-13 00:34:21,772 [INFO] CodeEngine:345 - Generated code: D:\tech\robotyka\robots\evangelion-turbo\kod\motor_driver\Core\Inc\stm32g4xx_hal_conf.h
2026-07-13 00:34:21,791 [WARN] IPConfigManager:3238 - Warning: the RefConfig RCC_CommonPeriphClockConfig is not available in your config.xml file
2026-07-13 00:34:21,793 [WARN] IPConfigManager:3811 - IP not found : TIM
2026-07-13 00:34:21,793 [WARN] CodeGenerator:4259 - IP not found : null
2026-07-13 00:34:21,797 [INFO] CodeEngine:265 - oldGeneratedFile, D:\tech\robotyka\robots\evangelion-turbo\kod\motor_driver\Core\Inc\main.h_save
2026-07-13 00:34:21,904 [INFO] CodeEngine:289 - Generated code: D:\tech\robotyka\robots\evangelion-turbo\kod\motor_driver\Core\Inc\main.h
2026-07-13 00:34:21,908 [INFO] CodeEngine:265 - oldGeneratedFile, D:\tech\robotyka\robots\evangelion-turbo\kod\motor_driver\Core\Src\main.c_save
2026-07-13 00:34:22,030 [INFO] CodeEngine:289 - Generated code: D:\tech\robotyka\robots\evangelion-turbo\kod\motor_driver\Core\Src\main.c
2026-07-13 00:34:22,241 [INFO] ProjectBuilder:3606 - Time for Copy HAL[1] : 94mS.
2026-07-13 00:34:22,244 [INFO] ProjectBuilder:5216 - Project Generator version: 4.7.0-B52
2026-07-13 00:34:22,314 [INFO] ConfigFileManager:1595 - The Die is : DIE468
2026-07-13 00:34:23,158 [INFO] ProjectBuilder:5496 - Time for Generating toolchain IDE Files: 914mS.
2026-07-13 00:34:23,159 [INFO] ProjectBuilder:3463 - Time for Copy CMSIS : 0mS.
2026-07-13 00:34:23,160 [INFO] ProjectBuilder:3463 - Time for Copy CMSIS : 0mS.
2026-07-13 00:36:25,584 [WARN] IP:2250 - MessageRAMOffset not found: check if there is a RefParameter without a condition.
2026-07-13 00:36:25,584 [WARN] IP:2250 - RxFifo0ElmtsNbr not found: check if there is a RefParameter without a condition.
2026-07-13 00:36:25,584 [WARN] IP:2250 - RxFifo0ElmtSize not found: check if there is a RefParameter without a condition.
2026-07-13 00:36:25,584 [WARN] IP:2250 - RxFifo1ElmtsNbr not found: check if there is a RefParameter without a condition.
2026-07-13 00:36:25,584 [WARN] IP:2250 - RxFifo1ElmtSize not found: check if there is a RefParameter without a condition.
2026-07-13 00:36:25,585 [WARN] IP:2250 - RxBuffersNbr not found: check if there is a RefParameter without a condition.
2026-07-13 00:36:25,585 [WARN] IP:2250 - RxBufferSize not found: check if there is a RefParameter without a condition.
2026-07-13 00:36:25,585 [WARN] IP:2250 - TxEventsNbr not found: check if there is a RefParameter without a condition.
2026-07-13 00:36:25,585 [WARN] IP:2250 - TxBuffersNbr not found: check if there is a RefParameter without a condition.
2026-07-13 00:36:25,585 [WARN] IP:2250 - TxFifoQueueElmtsNbr not found: check if there is a RefParameter without a condition.
2026-07-13 00:36:25,585 [WARN] IP:2250 - TxElmtSize not found: check if there is a RefParameter without a condition.
2026-07-13 00:36:25,585 [WARN] IP:2250 - ClockCalibrationCCU not found: check if there is a RefParameter without a condition.
2026-07-13 00:36:25,585 [WARN] IP:2250 - ClockDividerCCU not found: check if there is a RefParameter without a condition.
2026-07-13 00:36:25,585 [WARN] IP:2250 - MinOscClkPeriodsCCU not found: check if there is a RefParameter without a condition.
2026-07-13 00:36:25,585 [WARN] IP:2250 - TimeQuantaPerBitTimeCCU not found: check if there is a RefParameter without a condition.
2026-07-13 00:36:25,585 [WARN] IP:2250 - WatchdogStartValueCCU not found: check if there is a RefParameter without a condition.
2026-07-13 00:36:25,691 [WARN] IP:2250 - MessageRAMOffset not found: check if there is a RefParameter without a condition.
2026-07-13 00:36:25,691 [WARN] IP:2250 - RxFifo0ElmtsNbr not found: check if there is a RefParameter without a condition.
2026-07-13 00:36:25,691 [WARN] IP:2250 - RxFifo0ElmtSize not found: check if there is a RefParameter without a condition.
2026-07-13 00:36:25,691 [WARN] IP:2250 - RxFifo1ElmtsNbr not found: check if there is a RefParameter without a condition.
2026-07-13 00:36:25,691 [WARN] IP:2250 - RxFifo1ElmtSize not found: check if there is a RefParameter without a condition.
2026-07-13 00:36:25,691 [WARN] IP:2250 - RxBuffersNbr not found: check if there is a RefParameter without a condition.
2026-07-13 00:36:25,691 [WARN] IP:2250 - RxBufferSize not found: check if there is a RefParameter without a condition.
2026-07-13 00:36:25,691 [WARN] IP:2250 - TxEventsNbr not found: check if there is a RefParameter without a condition.
2026-07-13 00:36:25,691 [WARN] IP:2250 - TxBuffersNbr not found: check if there is a RefParameter without a condition.
2026-07-13 00:36:25,691 [WARN] IP:2250 - TxFifoQueueElmtsNbr not found: check if there is a RefParameter without a condition.
2026-07-13 00:36:25,692 [WARN] IP:2250 - TxElmtSize not found: check if there is a RefParameter without a condition.
2026-07-13 00:36:25,692 [WARN] IP:2250 - ClockCalibrationCCU not found: check if there is a RefParameter without a condition.
2026-07-13 00:36:25,692 [WARN] IP:2250 - ClockDividerCCU not found: check if there is a RefParameter without a condition.
2026-07-13 00:36:25,692 [WARN] IP:2250 - MinOscClkPeriodsCCU not found: check if there is a RefParameter without a condition.
2026-07-13 00:36:25,692 [WARN] IP:2250 - TimeQuantaPerBitTimeCCU not found: check if there is a RefParameter without a condition.
2026-07-13 00:36:25,692 [WARN] IP:2250 - WatchdogStartValueCCU not found: check if there is a RefParameter without a condition.
2026-07-13 00:36:25,818 [WARN] IP:2250 - MessageRAMOffset not found: check if there is a RefParameter without a condition.
2026-07-13 00:36:25,818 [WARN] IP:2250 - RxFifo0ElmtsNbr not found: check if there is a RefParameter without a condition.
2026-07-13 00:36:25,818 [WARN] IP:2250 - RxFifo0ElmtSize not found: check if there is a RefParameter without a condition.
2026-07-13 00:36:25,818 [WARN] IP:2250 - RxFifo1ElmtsNbr not found: check if there is a RefParameter without a condition.
2026-07-13 00:36:25,818 [WARN] IP:2250 - RxFifo1ElmtSize not found: check if there is a RefParameter without a condition.
2026-07-13 00:36:25,819 [WARN] IP:2250 - RxBuffersNbr not found: check if there is a RefParameter without a condition.
2026-07-13 00:36:25,819 [WARN] IP:2250 - RxBufferSize not found: check if there is a RefParameter without a condition.
2026-07-13 00:36:25,819 [WARN] IP:2250 - TxEventsNbr not found: check if there is a RefParameter without a condition.
2026-07-13 00:36:25,819 [WARN] IP:2250 - TxBuffersNbr not found: check if there is a RefParameter without a condition.
2026-07-13 00:36:25,819 [WARN] IP:2250 - TxFifoQueueElmtsNbr not found: check if there is a RefParameter without a condition.
2026-07-13 00:36:25,819 [WARN] IP:2250 - TxElmtSize not found: check if there is a RefParameter without a condition.
2026-07-13 00:36:25,819 [WARN] IP:2250 - ClockCalibrationCCU not found: check if there is a RefParameter without a condition.
2026-07-13 00:36:25,819 [WARN] IP:2250 - ClockDividerCCU not found: check if there is a RefParameter without a condition.
2026-07-13 00:36:25,819 [WARN] IP:2250 - MinOscClkPeriodsCCU not found: check if there is a RefParameter without a condition.
2026-07-13 00:36:25,819 [WARN] IP:2250 - TimeQuantaPerBitTimeCCU not found: check if there is a RefParameter without a condition.
2026-07-13 00:36:25,819 [WARN] IP:2250 - WatchdogStartValueCCU not found: check if there is a RefParameter without a condition.
2026-07-13 00:36:31,343 [INFO] UtilMem:75 - End SaveConfig() Used Memory: 867481648 Bytes (1073741824)
2026-07-13 00:36:32,250 [INFO] UtilMem:75 - End SaveConfig() Used Memory: 890550320 Bytes (1073741824)
2026-07-13 00:36:33,058 [INFO] UtilMem:75 - End SaveConfig() Used Memory: 976007216 Bytes (1073741824)
2026-07-13 00:36:33,461 [INFO] BlockDiagram:2775 - set Specific Code input for plugin: DAC
2026-07-13 00:36:33,461 [INFO] BlockDiagram:2775 - set Specific Code input for plugin: TIM1_8G4
2026-07-13 00:36:33,461 [INFO] BlockDiagram:2775 - set Specific Code input for plugin: ADC
2026-07-13 00:36:33,461 [INFO] BlockDiagram:2775 - set Specific Code input for plugin: SYS
2026-07-13 00:36:33,461 [INFO] BlockDiagram:2775 - set Specific Code input for plugin: ADC
2026-07-13 00:36:33,461 [INFO] BlockDiagram:2775 - set Specific Code input for plugin: RCC
2026-07-13 00:36:33,461 [INFO] BlockDiagram:2775 - set Specific Code input for plugin: NVIC
2026-07-13 00:36:33,461 [INFO] BlockDiagram:2775 - set Specific Code input for plugin: DMA
2026-07-13 00:36:33,461 [INFO] BlockDiagram:2775 - set Specific Code input for plugin: TIM1_8G4
2026-07-13 00:36:33,461 [INFO] BlockDiagram:2775 - set Specific Code input for plugin: TIM1_8G4
2026-07-13 00:36:33,461 [INFO] BlockDiagram:2775 - set Specific Code input for plugin: TIM1_8G4
2026-07-13 00:36:33,461 [INFO] BlockDiagram:2775 - set Specific Code input for plugin: GPIO
2026-07-13 00:36:33,461 [INFO] BlockDiagram:2775 - set Specific Code input for plugin: FDCAN
2026-07-13 00:36:33,462 [INFO] CodeGenerator:892 - code generatio: config db path: C:\ST\STM32CubeIDE_1.19.0\STM32CubeIDE\plugins\com.st.stm32cube.common.mx_6.15.0.202507011659\\db\
2026-07-13 00:36:33,467 [INFO] Argument:325 - Argument : hdmavalue: null
2026-07-13 00:36:33,467 [INFO] Argument:327 - 	 sub Args: 
2026-07-13 00:36:33,467 [INFO] Argument:325 - Argument : Instancevalue: DMA1_Channel1
2026-07-13 00:36:33,468 [INFO] Argument:335 - Argument : Instancevalue: DMA1_Channel1
2026-07-13 00:36:33,468 [INFO] Argument:325 - Argument : Initvalue: null
2026-07-13 00:36:33,468 [INFO] Argument:327 - 	 sub Args: 
2026-07-13 00:36:33,468 [INFO] Argument:325 - Argument : Requestvalue: DMA_REQUEST_ADC1
2026-07-13 00:36:33,468 [INFO] Argument:335 - Argument : Requestvalue: DMA_REQUEST_ADC1
2026-07-13 00:36:33,468 [INFO] Argument:325 - Argument : Directionvalue: DMA_PERIPH_TO_MEMORY
2026-07-13 00:36:33,468 [INFO] Argument:335 - Argument : Directionvalue: DMA_PERIPH_TO_MEMORY
2026-07-13 00:36:33,468 [INFO] Argument:325 - Argument : PeriphIncvalue: DMA_PINC_DISABLE
2026-07-13 00:36:33,468 [INFO] Argument:335 - Argument : PeriphIncvalue: DMA_PINC_DISABLE
2026-07-13 00:36:33,468 [INFO] Argument:325 - Argument : MemIncvalue: DMA_MINC_ENABLE
2026-07-13 00:36:33,468 [INFO] Argument:335 - Argument : MemIncvalue: DMA_MINC_ENABLE
2026-07-13 00:36:33,468 [INFO] Argument:325 - Argument : PeriphDataAlignmentvalue: DMA_PDATAALIGN_HALFWORD
2026-07-13 00:36:33,468 [INFO] Argument:335 - Argument : PeriphDataAlignmentvalue: DMA_PDATAALIGN_HALFWORD
2026-07-13 00:36:33,468 [INFO] Argument:325 - Argument : MemDataAlignmentvalue: DMA_MDATAALIGN_HALFWORD
2026-07-13 00:36:33,468 [INFO] Argument:335 - Argument : MemDataAlignmentvalue: DMA_MDATAALIGN_HALFWORD
2026-07-13 00:36:33,468 [INFO] Argument:325 - Argument : Modevalue: DMA_CIRCULAR
2026-07-13 00:36:33,468 [INFO] Argument:335 - Argument : Modevalue: DMA_CIRCULAR
2026-07-13 00:36:33,468 [INFO] Argument:325 - Argument : Priorityvalue: DMA_PRIORITY_LOW
2026-07-13 00:36:33,468 [INFO] Argument:335 - Argument : Priorityvalue: DMA_PRIORITY_LOW
2026-07-13 00:36:33,468 [INFO] Argument:325 - Argument : Lockvalue: null
2026-07-13 00:36:33,468 [INFO] Argument:335 - Argument : Lockvalue: null
2026-07-13 00:36:33,468 [INFO] Argument:325 - Argument : Statevalue: null
2026-07-13 00:36:33,468 [INFO] Argument:335 - Argument : Statevalue: null
2026-07-13 00:36:33,468 [INFO] Argument:325 - Argument : Parentvalue: null
2026-07-13 00:36:33,468 [INFO] Argument:335 - Argument : Parentvalue: null
2026-07-13 00:36:33,468 [INFO] Argument:325 - Argument : XferCpltCallbackvalue: null
2026-07-13 00:36:33,468 [INFO] Argument:335 - Argument : XferCpltCallbackvalue: null
2026-07-13 00:36:33,468 [INFO] Argument:325 - Argument : XferHalfCpltCallbackvalue: null
2026-07-13 00:36:33,468 [INFO] Argument:335 - Argument : XferHalfCpltCallbackvalue: null
2026-07-13 00:36:33,468 [INFO] Argument:325 - Argument : XferErrorCallbackvalue: null
2026-07-13 00:36:33,468 [INFO] Argument:335 - Argument : XferErrorCallbackvalue: null
2026-07-13 00:36:33,468 [INFO] Argument:325 - Argument : XferAbortCallbackvalue: null
2026-07-13 00:36:33,468 [INFO] Argument:335 - Argument : XferAbortCallbackvalue: null
2026-07-13 00:36:33,468 [INFO] Argument:325 - Argument : ErrorCodevalue: null
2026-07-13 00:36:33,468 [INFO] Argument:335 - Argument : ErrorCodevalue: null
2026-07-13 00:36:33,468 [INFO] Argument:325 - Argument : ChannelIndexvalue: null
2026-07-13 00:36:33,469 [INFO] Argument:335 - Argument : ChannelIndexvalue: null
2026-07-13 00:36:33,469 [INFO] Argument:325 - Argument : DMAmuxChannelvalue: null
2026-07-13 00:36:33,469 [INFO] Argument:335 - Argument : DMAmuxChannelvalue: null
2026-07-13 00:36:33,469 [INFO] Argument:325 - Argument : DMAmuxChannelStatusvalue: null
2026-07-13 00:36:33,469 [INFO] Argument:335 - Argument : DMAmuxChannelStatusvalue: null
2026-07-13 00:36:33,469 [INFO] Argument:325 - Argument : DMAmuxChannelStatusMaskvalue: null
2026-07-13 00:36:33,469 [INFO] Argument:335 - Argument : DMAmuxChannelStatusMaskvalue: null
2026-07-13 00:36:33,469 [INFO] Argument:325 - Argument : DMAmuxRequestGenvalue: null
2026-07-13 00:36:33,469 [INFO] Argument:335 - Argument : DMAmuxRequestGenvalue: null
2026-07-13 00:36:33,469 [INFO] Argument:325 - Argument : DMAmuxRequestGenStatusvalue: null
2026-07-13 00:36:33,469 [INFO] Argument:335 - Argument : DMAmuxRequestGenStatusvalue: null
2026-07-13 00:36:33,469 [INFO] Argument:325 - Argument : DMAmuxRequestGenStatusMaskvalue: null
2026-07-13 00:36:33,469 [INFO] Argument:335 - Argument : DMAmuxRequestGenStatusMaskvalue: null
2026-07-13 00:36:33,473 [INFO] Argument:325 - Argument : hdmavalue: null
2026-07-13 00:36:33,473 [INFO] Argument:327 - 	 sub Args: 
2026-07-13 00:36:33,473 [INFO] Argument:325 - Argument : Instancevalue: DMA1_Channel2
2026-07-13 00:36:33,473 [INFO] Argument:335 - Argument : Instancevalue: DMA1_Channel2
2026-07-13 00:36:33,473 [INFO] Argument:325 - Argument : Initvalue: null
2026-07-13 00:36:33,473 [INFO] Argument:327 - 	 sub Args: 
2026-07-13 00:36:33,474 [INFO] Argument:325 - Argument : Requestvalue: DMA_REQUEST_ADC2
2026-07-13 00:36:33,474 [INFO] Argument:335 - Argument : Requestvalue: DMA_REQUEST_ADC2
2026-07-13 00:36:33,474 [INFO] Argument:325 - Argument : Directionvalue: DMA_PERIPH_TO_MEMORY
2026-07-13 00:36:33,474 [INFO] Argument:335 - Argument : Directionvalue: DMA_PERIPH_TO_MEMORY
2026-07-13 00:36:33,474 [INFO] Argument:325 - Argument : PeriphIncvalue: DMA_PINC_DISABLE
2026-07-13 00:36:33,474 [INFO] Argument:335 - Argument : PeriphIncvalue: DMA_PINC_DISABLE
2026-07-13 00:36:33,474 [INFO] Argument:325 - Argument : MemIncvalue: DMA_MINC_ENABLE
2026-07-13 00:36:33,474 [INFO] Argument:335 - Argument : MemIncvalue: DMA_MINC_ENABLE
2026-07-13 00:36:33,474 [INFO] Argument:325 - Argument : PeriphDataAlignmentvalue: DMA_PDATAALIGN_HALFWORD
2026-07-13 00:36:33,474 [INFO] Argument:335 - Argument : PeriphDataAlignmentvalue: DMA_PDATAALIGN_HALFWORD
2026-07-13 00:36:33,474 [INFO] Argument:325 - Argument : MemDataAlignmentvalue: DMA_MDATAALIGN_HALFWORD
2026-07-13 00:36:33,474 [INFO] Argument:335 - Argument : MemDataAlignmentvalue: DMA_MDATAALIGN_HALFWORD
2026-07-13 00:36:33,474 [INFO] Argument:325 - Argument : Modevalue: DMA_CIRCULAR
2026-07-13 00:36:33,474 [INFO] Argument:335 - Argument : Modevalue: DMA_CIRCULAR
2026-07-13 00:36:33,474 [INFO] Argument:325 - Argument : Priorityvalue: DMA_PRIORITY_LOW
2026-07-13 00:36:33,474 [INFO] Argument:335 - Argument : Priorityvalue: DMA_PRIORITY_LOW
2026-07-13 00:36:33,474 [INFO] Argument:325 - Argument : Lockvalue: null
2026-07-13 00:36:33,474 [INFO] Argument:335 - Argument : Lockvalue: null
2026-07-13 00:36:33,474 [INFO] Argument:325 - Argument : Statevalue: null
2026-07-13 00:36:33,474 [INFO] Argument:335 - Argument : Statevalue: null
2026-07-13 00:36:33,474 [INFO] Argument:325 - Argument : Parentvalue: null
2026-07-13 00:36:33,474 [INFO] Argument:335 - Argument : Parentvalue: null
2026-07-13 00:36:33,474 [INFO] Argument:325 - Argument : XferCpltCallbackvalue: null
2026-07-13 00:36:33,474 [INFO] Argument:335 - Argument : XferCpltCallbackvalue: null
2026-07-13 00:36:33,474 [INFO] Argument:325 - Argument : XferHalfCpltCallbackvalue: null
2026-07-13 00:36:33,474 [INFO] Argument:335 - Argument : XferHalfCpltCallbackvalue: null
2026-07-13 00:36:33,474 [INFO] Argument:325 - Argument : XferErrorCallbackvalue: null
2026-07-13 00:36:33,474 [INFO] Argument:335 - Argument : XferErrorCallbackvalue: null
2026-07-13 00:36:33,474 [INFO] Argument:325 - Argument : XferAbortCallbackvalue: null
2026-07-13 00:36:33,474 [INFO] Argument:335 - Argument : XferAbortCallbackvalue: null
2026-07-13 00:36:33,474 [INFO] Argument:325 - Argument : ErrorCodevalue: null
2026-07-13 00:36:33,474 [INFO] Argument:335 - Argument : ErrorCodevalue: null
2026-07-13 00:36:33,474 [INFO] Argument:325 - Argument : ChannelIndexvalue: null
2026-07-13 00:36:33,474 [INFO] Argument:335 - Argument : ChannelIndexvalue: null
2026-07-13 00:36:33,474 [INFO] Argument:325 - Argument : DMAmuxChannelvalue: null
2026-07-13 00:36:33,474 [INFO] Argument:335 - Argument : DMAmuxChannelvalue: null
2026-07-13 00:36:33,474 [INFO] Argument:325 - Argument : DMAmuxChannelStatusvalue: null
2026-07-13 00:36:33,474 [INFO] Argument:335 - Argument : DMAmuxChannelStatusvalue: null
2026-07-13 00:36:33,474 [INFO] Argument:325 - Argument : DMAmuxChannelStatusMaskvalue: null
2026-07-13 00:36:33,474 [INFO] Argument:335 - Argument : DMAmuxChannelStatusMaskvalue: null
2026-07-13 00:36:33,474 [INFO] Argument:325 - Argument : DMAmuxRequestGenvalue: null
2026-07-13 00:36:33,474 [INFO] Argument:335 - Argument : DMAmuxRequestGenvalue: null
2026-07-13 00:36:33,474 [INFO] Argument:325 - Argument : DMAmuxRequestGenStatusvalue: null
2026-07-13 00:36:33,474 [INFO] Argument:335 - Argument : DMAmuxRequestGenStatusvalue: null
2026-07-13 00:36:33,474 [INFO] Argument:325 - Argument : DMAmuxRequestGenStatusMaskvalue: null
2026-07-13 00:36:33,474 [INFO] Argument:335 - Argument : DMAmuxRequestGenStatusMaskvalue: null
2026-07-13 00:36:33,476 [WARN] IP:2250 - MessageRAMOffset not found: check if there is a RefParameter without a condition.
2026-07-13 00:36:33,476 [WARN] IP:2250 - RxFifo0ElmtsNbr not found: check if there is a RefParameter without a condition.
2026-07-13 00:36:33,476 [WARN] IP:2250 - RxFifo0ElmtSize not found: check if there is a RefParameter without a condition.
2026-07-13 00:36:33,476 [WARN] IP:2250 - RxFifo1ElmtsNbr not found: check if there is a RefParameter without a condition.
2026-07-13 00:36:33,476 [WARN] IP:2250 - RxFifo1ElmtSize not found: check if there is a RefParameter without a condition.
2026-07-13 00:36:33,476 [WARN] IP:2250 - RxBuffersNbr not found: check if there is a RefParameter without a condition.
2026-07-13 00:36:33,476 [WARN] IP:2250 - RxBufferSize not found: check if there is a RefParameter without a condition.
2026-07-13 00:36:33,476 [WARN] IP:2250 - TxEventsNbr not found: check if there is a RefParameter without a condition.
2026-07-13 00:36:33,476 [WARN] IP:2250 - TxBuffersNbr not found: check if there is a RefParameter without a condition.
2026-07-13 00:36:33,476 [WARN] IP:2250 - TxFifoQueueElmtsNbr not found: check if there is a RefParameter without a condition.
2026-07-13 00:36:33,476 [WARN] IP:2250 - TxElmtSize not found: check if there is a RefParameter without a condition.
2026-07-13 00:36:33,476 [WARN] IP:2250 - ClockCalibrationCCU not found: check if there is a RefParameter without a condition.
2026-07-13 00:36:33,476 [WARN] IP:2250 - ClockDividerCCU not found: check if there is a RefParameter without a condition.
2026-07-13 00:36:33,476 [WARN] IP:2250 - MinOscClkPeriodsCCU not found: check if there is a RefParameter without a condition.
2026-07-13 00:36:33,476 [WARN] IP:2250 - TimeQuantaPerBitTimeCCU not found: check if there is a RefParameter without a condition.
2026-07-13 00:36:33,476 [WARN] IP:2250 - WatchdogStartValueCCU not found: check if there is a RefParameter without a condition.
2026-07-13 00:36:33,677 [INFO] CodeEngine:265 - oldGeneratedFile, D:\tech\robotyka\robots\evangelion-turbo\kod\motor_driver\MXTmpFiles\license.tmp_save
2026-07-13 00:36:33,803 [INFO] CodeEngine:289 - Generated code: D:\tech\robotyka\robots\evangelion-turbo\kod\motor_driver\MXTmpFiles\license.tmp
2026-07-13 00:36:33,840 [INFO] CodeEngine:265 - oldGeneratedFile, D:\tech\robotyka\robots\evangelion-turbo\kod\motor_driver\MXTmpFiles\gpio.tmp_save
2026-07-13 00:36:33,948 [INFO] CodeEngine:289 - Generated code: D:\tech\robotyka\robots\evangelion-turbo\kod\motor_driver\MXTmpFiles\gpio.tmp
2026-07-13 00:36:34,615 [INFO] CodeEngine:265 - oldGeneratedFile, D:\tech\robotyka\robots\evangelion-turbo\kod\motor_driver\MXTmpFiles\dma.tmp_save
2026-07-13 00:36:34,753 [INFO] CodeEngine:289 - Generated code: D:\tech\robotyka\robots\evangelion-turbo\kod\motor_driver\MXTmpFiles\dma.tmp
2026-07-13 00:36:34,758 [INFO] CodeEngine:265 - oldGeneratedFile, D:\tech\robotyka\robots\evangelion-turbo\kod\motor_driver\MXTmpFiles\dma_GV.tmp_save
2026-07-13 00:36:34,816 [INFO] CodeEngine:289 - Generated code: D:\tech\robotyka\robots\evangelion-turbo\kod\motor_driver\MXTmpFiles\dma_GV.tmp
2026-07-13 00:36:34,834 [INFO] CodeEngine:265 - oldGeneratedFile, D:\tech\robotyka\robots\evangelion-turbo\kod\motor_driver\Core\Src\stm32g4xx_it.c_save
2026-07-13 00:36:35,036 [INFO] CodeEngine:289 - Generated code: D:\tech\robotyka\robots\evangelion-turbo\kod\motor_driver\Core\Src\stm32g4xx_it.c
2026-07-13 00:36:35,051 [INFO] CodeEngine:265 - oldGeneratedFile, D:\tech\robotyka\robots\evangelion-turbo\kod\motor_driver\Core\Inc\stm32g4xx_it.h_save
2026-07-13 00:36:35,104 [INFO] CodeEngine:289 - Generated code: D:\tech\robotyka\robots\evangelion-turbo\kod\motor_driver\Core\Inc\stm32g4xx_it.h
2026-07-13 00:36:35,119 [INFO] CodeEngine:265 - oldGeneratedFile, D:\tech\robotyka\robots\evangelion-turbo\kod\motor_driver\Core\Src\stm32g4xx_hal_msp.c_save
2026-07-13 00:36:35,280 [INFO] CodeEngine:289 - Generated code: D:\tech\robotyka\robots\evangelion-turbo\kod\motor_driver\Core\Src\stm32g4xx_hal_msp.c
2026-07-13 00:36:35,284 [INFO] CodeEngine:265 - oldGeneratedFile, D:\tech\robotyka\robots\evangelion-turbo\kod\motor_driver\MXTmpFiles\system.tmp_save
2026-07-13 00:36:35,323 [INFO] CodeEngine:289 - Generated code: D:\tech\robotyka\robots\evangelion-turbo\kod\motor_driver\MXTmpFiles\system.tmp
2026-07-13 00:36:35,330 [INFO] CodeEngine:321 - oldGeneratedFile, D:\tech\robotyka\robots\evangelion-turbo\kod\motor_driver\Core\Inc\stm32g4xx_hal_conf.h_save
2026-07-13 00:36:35,432 [INFO] CodeEngine:345 - Generated code: D:\tech\robotyka\robots\evangelion-turbo\kod\motor_driver\Core\Inc\stm32g4xx_hal_conf.h
2026-07-13 00:36:35,451 [WARN] IPConfigManager:3238 - Warning: the RefConfig RCC_CommonPeriphClockConfig is not available in your config.xml file
2026-07-13 00:36:35,453 [WARN] IPConfigManager:3811 - IP not found : TIM
2026-07-13 00:36:35,453 [WARN] CodeGenerator:4259 - IP not found : null
2026-07-13 00:36:35,459 [INFO] CodeEngine:265 - oldGeneratedFile, D:\tech\robotyka\robots\evangelion-turbo\kod\motor_driver\Core\Inc\main.h_save
2026-07-13 00:36:35,556 [INFO] CodeEngine:289 - Generated code: D:\tech\robotyka\robots\evangelion-turbo\kod\motor_driver\Core\Inc\main.h
2026-07-13 00:36:35,560 [INFO] CodeEngine:265 - oldGeneratedFile, D:\tech\robotyka\robots\evangelion-turbo\kod\motor_driver\Core\Src\main.c_save
2026-07-13 00:36:35,696 [INFO] CodeEngine:289 - Generated code: D:\tech\robotyka\robots\evangelion-turbo\kod\motor_driver\Core\Src\main.c
2026-07-13 00:36:35,952 [INFO] ProjectBuilder:3606 - Time for Copy HAL[1] : 124mS.
2026-07-13 00:36:35,957 [INFO] ProjectBuilder:5216 - Project Generator version: 4.7.0-B52
2026-07-13 00:36:36,068 [INFO] ConfigFileManager:1595 - The Die is : DIE468
2026-07-13 00:36:36,883 [INFO] ProjectBuilder:5496 - Time for Generating toolchain IDE Files: 926mS.
2026-07-13 00:36:36,884 [INFO] ProjectBuilder:3463 - Time for Copy CMSIS : 0mS.
2026-07-13 00:36:36,886 [INFO] ProjectBuilder:3463 - Time for Copy CMSIS : 0mS.
2026-07-13 00:40:55,527 [WARN] IP:2250 - MessageRAMOffset not found: check if there is a RefParameter without a condition.
2026-07-13 00:40:55,527 [WARN] IP:2250 - RxFifo0ElmtsNbr not found: check if there is a RefParameter without a condition.
2026-07-13 00:40:55,527 [WARN] IP:2250 - RxFifo0ElmtSize not found: check if there is a RefParameter without a condition.
2026-07-13 00:40:55,527 [WARN] IP:2250 - RxFifo1ElmtsNbr not found: check if there is a RefParameter without a condition.
2026-07-13 00:40:55,527 [WARN] IP:2250 - RxFifo1ElmtSize not found: check if there is a RefParameter without a condition.
2026-07-13 00:40:55,527 [WARN] IP:2250 - RxBuffersNbr not found: check if there is a RefParameter without a condition.
2026-07-13 00:40:55,527 [WARN] IP:2250 - RxBufferSize not found: check if there is a RefParameter without a condition.
2026-07-13 00:40:55,527 [WARN] IP:2250 - TxEventsNbr not found: check if there is a RefParameter without a condition.
2026-07-13 00:40:55,527 [WARN] IP:2250 - TxBuffersNbr not found: check if there is a RefParameter without a condition.
2026-07-13 00:40:55,527 [WARN] IP:2250 - TxFifoQueueElmtsNbr not found: check if there is a RefParameter without a condition.
2026-07-13 00:40:55,527 [WARN] IP:2250 - TxElmtSize not found: check if there is a RefParameter without a condition.
2026-07-13 00:40:55,527 [WARN] IP:2250 - ClockCalibrationCCU not found: check if there is a RefParameter without a condition.
2026-07-13 00:40:55,528 [WARN] IP:2250 - ClockDividerCCU not found: check if there is a RefParameter without a condition.
2026-07-13 00:40:55,528 [WARN] IP:2250 - MinOscClkPeriodsCCU not found: check if there is a RefParameter without a condition.
2026-07-13 00:40:55,528 [WARN] IP:2250 - TimeQuantaPerBitTimeCCU not found: check if there is a RefParameter without a condition.
2026-07-13 00:40:55,528 [WARN] IP:2250 - WatchdogStartValueCCU not found: check if there is a RefParameter without a condition.
2026-07-13 00:40:55,633 [WARN] IP:2250 - MessageRAMOffset not found: check if there is a RefParameter without a condition.
2026-07-13 00:40:55,633 [WARN] IP:2250 - RxFifo0ElmtsNbr not found: check if there is a RefParameter without a condition.
2026-07-13 00:40:55,633 [WARN] IP:2250 - RxFifo0ElmtSize not found: check if there is a RefParameter without a condition.
2026-07-13 00:40:55,633 [WARN] IP:2250 - RxFifo1ElmtsNbr not found: check if there is a RefParameter without a condition.
2026-07-13 00:40:55,633 [WARN] IP:2250 - RxFifo1ElmtSize not found: check if there is a RefParameter without a condition.
2026-07-13 00:40:55,633 [WARN] IP:2250 - RxBuffersNbr not found: check if there is a RefParameter without a condition.
2026-07-13 00:40:55,633 [WARN] IP:2250 - RxBufferSize not found: check if there is a RefParameter without a condition.
2026-07-13 00:40:55,633 [WARN] IP:2250 - TxEventsNbr not found: check if there is a RefParameter without a condition.
2026-07-13 00:40:55,633 [WARN] IP:2250 - TxBuffersNbr not found: check if there is a RefParameter without a condition.
2026-07-13 00:40:55,633 [WARN] IP:2250 - TxFifoQueueElmtsNbr not found: check if there is a RefParameter without a condition.
2026-07-13 00:40:55,633 [WARN] IP:2250 - TxElmtSize not found: check if there is a RefParameter without a condition.
2026-07-13 00:40:55,633 [WARN] IP:2250 - ClockCalibrationCCU not found: check if there is a RefParameter without a condition.
2026-07-13 00:40:55,633 [WARN] IP:2250 - ClockDividerCCU not found: check if there is a RefParameter without a condition.
2026-07-13 00:40:55,633 [WARN] IP:2250 - MinOscClkPeriodsCCU not found: check if there is a RefParameter without a condition.
2026-07-13 00:40:55,633 [WARN] IP:2250 - TimeQuantaPerBitTimeCCU not found: check if there is a RefParameter without a condition.
2026-07-13 00:40:55,633 [WARN] IP:2250 - WatchdogStartValueCCU not found: check if there is a RefParameter without a condition.
2026-07-13 00:40:55,730 [WARN] IP:2250 - MessageRAMOffset not found: check if there is a RefParameter without a condition.
2026-07-13 00:40:55,731 [WARN] IP:2250 - RxFifo0ElmtsNbr not found: check if there is a RefParameter without a condition.
2026-07-13 00:40:55,731 [WARN] IP:2250 - RxFifo0ElmtSize not found: check if there is a RefParameter without a condition.
2026-07-13 00:40:55,731 [WARN] IP:2250 - RxFifo1ElmtsNbr not found: check if there is a RefParameter without a condition.
2026-07-13 00:40:55,731 [WARN] IP:2250 - RxFifo1ElmtSize not found: check if there is a RefParameter without a condition.
2026-07-13 00:40:55,731 [WARN] IP:2250 - RxBuffersNbr not found: check if there is a RefParameter without a condition.
2026-07-13 00:40:55,731 [WARN] IP:2250 - RxBufferSize not found: check if there is a RefParameter without a condition.
2026-07-13 00:40:55,731 [WARN] IP:2250 - TxEventsNbr not found: check if there is a RefParameter without a condition.
2026-07-13 00:40:55,731 [WARN] IP:2250 - TxBuffersNbr not found: check if there is a RefParameter without a condition.
2026-07-13 00:40:55,731 [WARN] IP:2250 - TxFifoQueueElmtsNbr not found: check if there is a RefParameter without a condition.
2026-07-13 00:40:55,731 [WARN] IP:2250 - TxElmtSize not found: check if there is a RefParameter without a condition.
2026-07-13 00:40:55,731 [WARN] IP:2250 - ClockCalibrationCCU not found: check if there is a RefParameter without a condition.
2026-07-13 00:40:55,731 [WARN] IP:2250 - ClockDividerCCU not found: check if there is a RefParameter without a condition.
2026-07-13 00:40:55,731 [WARN] IP:2250 - MinOscClkPeriodsCCU not found: check if there is a RefParameter without a condition.
2026-07-13 00:40:55,731 [WARN] IP:2250 - TimeQuantaPerBitTimeCCU not found: check if there is a RefParameter without a condition.
2026-07-13 00:40:55,731 [WARN] IP:2250 - WatchdogStartValueCCU not found: check if there is a RefParameter without a condition.
2026-07-13 00:41:32,480 [INFO] Gpio:278 - dependency for GPIO [ADC1, ADC2, DAC1, FDCAN1, SYS, TIM2]
2026-07-13 00:42:25,737 [INFO] NvicIntPanel:101 - NVIC parent = com.st.microxplorer.plugins.ip.nvic.MultiNvicIntPanel[,2,27,694x412,layout=javax.swing.BoxLayout,alignmentX=0.0,alignmentY=0.0,border=,flags=9,maximumSize=,minimumSize=,preferredSize=]
2026-07-13 00:42:35,782 [INFO] UtilMem:75 - End SaveConfig() Used Memory: 908511312 Bytes (1073741824)
2026-07-13 00:42:36,611 [INFO] UtilMem:75 - End SaveConfig() Used Memory: 934199376 Bytes (1073741824)
2026-07-13 00:42:37,401 [INFO] UtilMem:75 - End SaveConfig() Used Memory: 1010745424 Bytes (1073741824)
2026-07-13 00:42:37,879 [INFO] BlockDiagram:2775 - set Specific Code input for plugin: DAC
2026-07-13 00:42:37,880 [INFO] BlockDiagram:2775 - set Specific Code input for plugin: TIM1_8G4
2026-07-13 00:42:37,880 [INFO] BlockDiagram:2775 - set Specific Code input for plugin: ADC
2026-07-13 00:42:37,880 [INFO] BlockDiagram:2775 - set Specific Code input for plugin: SYS
2026-07-13 00:42:37,880 [INFO] BlockDiagram:2775 - set Specific Code input for plugin: ADC
2026-07-13 00:42:37,880 [INFO] BlockDiagram:2775 - set Specific Code input for plugin: RCC
2026-07-13 00:42:37,880 [INFO] BlockDiagram:2775 - set Specific Code input for plugin: NVIC
2026-07-13 00:42:37,880 [INFO] BlockDiagram:2775 - set Specific Code input for plugin: DMA
2026-07-13 00:42:37,880 [INFO] BlockDiagram:2775 - set Specific Code input for plugin: TIM1_8G4
2026-07-13 00:42:37,880 [INFO] BlockDiagram:2775 - set Specific Code input for plugin: TIM1_8G4
2026-07-13 00:42:37,880 [INFO] BlockDiagram:2775 - set Specific Code input for plugin: TIM1_8G4
2026-07-13 00:42:37,880 [INFO] BlockDiagram:2775 - set Specific Code input for plugin: GPIO
2026-07-13 00:42:37,881 [INFO] BlockDiagram:2775 - set Specific Code input for plugin: FDCAN
2026-07-13 00:42:37,881 [INFO] CodeGenerator:892 - code generatio: config db path: C:\ST\STM32CubeIDE_1.19.0\STM32CubeIDE\plugins\com.st.stm32cube.common.mx_6.15.0.202507011659\\db\
2026-07-13 00:42:37,890 [INFO] Argument:325 - Argument : hdmavalue: null
2026-07-13 00:42:37,890 [INFO] Argument:327 - 	 sub Args: 
2026-07-13 00:42:37,890 [INFO] Argument:325 - Argument : Instancevalue: DMA1_Channel1
2026-07-13 00:42:37,890 [INFO] Argument:335 - Argument : Instancevalue: DMA1_Channel1
2026-07-13 00:42:37,890 [INFO] Argument:325 - Argument : Initvalue: null
2026-07-13 00:42:37,891 [INFO] Argument:327 - 	 sub Args: 
2026-07-13 00:42:37,891 [INFO] Argument:325 - Argument : Requestvalue: DMA_REQUEST_ADC1
2026-07-13 00:42:37,891 [INFO] Argument:335 - Argument : Requestvalue: DMA_REQUEST_ADC1
2026-07-13 00:42:37,891 [INFO] Argument:325 - Argument : Directionvalue: DMA_PERIPH_TO_MEMORY
2026-07-13 00:42:37,891 [INFO] Argument:335 - Argument : Directionvalue: DMA_PERIPH_TO_MEMORY
2026-07-13 00:42:37,891 [INFO] Argument:325 - Argument : PeriphIncvalue: DMA_PINC_DISABLE
2026-07-13 00:42:37,891 [INFO] Argument:335 - Argument : PeriphIncvalue: DMA_PINC_DISABLE
2026-07-13 00:42:37,891 [INFO] Argument:325 - Argument : MemIncvalue: DMA_MINC_ENABLE
2026-07-13 00:42:37,891 [INFO] Argument:335 - Argument : MemIncvalue: DMA_MINC_ENABLE
2026-07-13 00:42:37,891 [INFO] Argument:325 - Argument : PeriphDataAlignmentvalue: DMA_PDATAALIGN_HALFWORD
2026-07-13 00:42:37,891 [INFO] Argument:335 - Argument : PeriphDataAlignmentvalue: DMA_PDATAALIGN_HALFWORD
2026-07-13 00:42:37,891 [INFO] Argument:325 - Argument : MemDataAlignmentvalue: DMA_MDATAALIGN_HALFWORD
2026-07-13 00:42:37,891 [INFO] Argument:335 - Argument : MemDataAlignmentvalue: DMA_MDATAALIGN_HALFWORD
2026-07-13 00:42:37,891 [INFO] Argument:325 - Argument : Modevalue: DMA_CIRCULAR
2026-07-13 00:42:37,891 [INFO] Argument:335 - Argument : Modevalue: DMA_CIRCULAR
2026-07-13 00:42:37,891 [INFO] Argument:325 - Argument : Priorityvalue: DMA_PRIORITY_LOW
2026-07-13 00:42:37,891 [INFO] Argument:335 - Argument : Priorityvalue: DMA_PRIORITY_LOW
2026-07-13 00:42:37,891 [INFO] Argument:325 - Argument : Lockvalue: null
2026-07-13 00:42:37,892 [INFO] Argument:335 - Argument : Lockvalue: null
2026-07-13 00:42:37,892 [INFO] Argument:325 - Argument : Statevalue: null
2026-07-13 00:42:37,892 [INFO] Argument:335 - Argument : Statevalue: null
2026-07-13 00:42:37,892 [INFO] Argument:325 - Argument : Parentvalue: null
2026-07-13 00:42:37,892 [INFO] Argument:335 - Argument : Parentvalue: null
2026-07-13 00:42:37,892 [INFO] Argument:325 - Argument : XferCpltCallbackvalue: null
2026-07-13 00:42:37,892 [INFO] Argument:335 - Argument : XferCpltCallbackvalue: null
2026-07-13 00:42:37,892 [INFO] Argument:325 - Argument : XferHalfCpltCallbackvalue: null
2026-07-13 00:42:37,892 [INFO] Argument:335 - Argument : XferHalfCpltCallbackvalue: null
2026-07-13 00:42:37,892 [INFO] Argument:325 - Argument : XferErrorCallbackvalue: null
2026-07-13 00:42:37,892 [INFO] Argument:335 - Argument : XferErrorCallbackvalue: null
2026-07-13 00:42:37,892 [INFO] Argument:325 - Argument : XferAbortCallbackvalue: null
2026-07-13 00:42:37,893 [INFO] Argument:335 - Argument : XferAbortCallbackvalue: null
2026-07-13 00:42:37,893 [INFO] Argument:325 - Argument : ErrorCodevalue: null
2026-07-13 00:42:37,893 [INFO] Argument:335 - Argument : ErrorCodevalue: null
2026-07-13 00:42:37,893 [INFO] Argument:325 - Argument : ChannelIndexvalue: null
2026-07-13 00:42:37,893 [INFO] Argument:335 - Argument : ChannelIndexvalue: null
2026-07-13 00:42:37,893 [INFO] Argument:325 - Argument : DMAmuxChannelvalue: null
2026-07-13 00:42:37,893 [INFO] Argument:335 - Argument : DMAmuxChannelvalue: null
2026-07-13 00:42:37,893 [INFO] Argument:325 - Argument : DMAmuxChannelStatusvalue: null
2026-07-13 00:42:37,893 [INFO] Argument:335 - Argument : DMAmuxChannelStatusvalue: null
2026-07-13 00:42:37,893 [INFO] Argument:325 - Argument : DMAmuxChannelStatusMaskvalue: null
2026-07-13 00:42:37,893 [INFO] Argument:335 - Argument : DMAmuxChannelStatusMaskvalue: null
2026-07-13 00:42:37,893 [INFO] Argument:325 - Argument : DMAmuxRequestGenvalue: null
2026-07-13 00:42:37,893 [INFO] Argument:335 - Argument : DMAmuxRequestGenvalue: null
2026-07-13 00:42:37,893 [INFO] Argument:325 - Argument : DMAmuxRequestGenStatusvalue: null
2026-07-13 00:42:37,893 [INFO] Argument:335 - Argument : DMAmuxRequestGenStatusvalue: null
2026-07-13 00:42:37,893 [INFO] Argument:325 - Argument : DMAmuxRequestGenStatusMaskvalue: null
2026-07-13 00:42:37,893 [INFO] Argument:335 - Argument : DMAmuxRequestGenStatusMaskvalue: null
2026-07-13 00:42:37,898 [INFO] Argument:325 - Argument : hdmavalue: null
2026-07-13 00:42:37,898 [INFO] Argument:327 - 	 sub Args: 
2026-07-13 00:42:37,898 [INFO] Argument:325 - Argument : Instancevalue: DMA1_Channel2
2026-07-13 00:42:37,898 [INFO] Argument:335 - Argument : Instancevalue: DMA1_Channel2
2026-07-13 00:42:37,898 [INFO] Argument:325 - Argument : Initvalue: null
2026-07-13 00:42:37,898 [INFO] Argument:327 - 	 sub Args: 
2026-07-13 00:42:37,898 [INFO] Argument:325 - Argument : Requestvalue: DMA_REQUEST_ADC2
2026-07-13 00:42:37,898 [INFO] Argument:335 - Argument : Requestvalue: DMA_REQUEST_ADC2
2026-07-13 00:42:37,898 [INFO] Argument:325 - Argument : Directionvalue: DMA_PERIPH_TO_MEMORY
2026-07-13 00:42:37,898 [INFO] Argument:335 - Argument : Directionvalue: DMA_PERIPH_TO_MEMORY
2026-07-13 00:42:37,899 [INFO] Argument:325 - Argument : PeriphIncvalue: DMA_PINC_DISABLE
2026-07-13 00:42:37,899 [INFO] Argument:335 - Argument : PeriphIncvalue: DMA_PINC_DISABLE
2026-07-13 00:42:37,899 [INFO] Argument:325 - Argument : MemIncvalue: DMA_MINC_ENABLE
2026-07-13 00:42:37,899 [INFO] Argument:335 - Argument : MemIncvalue: DMA_MINC_ENABLE
2026-07-13 00:42:37,899 [INFO] Argument:325 - Argument : PeriphDataAlignmentvalue: DMA_PDATAALIGN_HALFWORD
2026-07-13 00:42:37,899 [INFO] Argument:335 - Argument : PeriphDataAlignmentvalue: DMA_PDATAALIGN_HALFWORD
2026-07-13 00:42:37,899 [INFO] Argument:325 - Argument : MemDataAlignmentvalue: DMA_MDATAALIGN_HALFWORD
2026-07-13 00:42:37,899 [INFO] Argument:335 - Argument : MemDataAlignmentvalue: DMA_MDATAALIGN_HALFWORD
2026-07-13 00:42:37,899 [INFO] Argument:325 - Argument : Modevalue: DMA_CIRCULAR
2026-07-13 00:42:37,899 [INFO] Argument:335 - Argument : Modevalue: DMA_CIRCULAR
2026-07-13 00:42:37,899 [INFO] Argument:325 - Argument : Priorityvalue: DMA_PRIORITY_LOW
2026-07-13 00:42:37,899 [INFO] Argument:335 - Argument : Priorityvalue: DMA_PRIORITY_LOW
2026-07-13 00:42:37,899 [INFO] Argument:325 - Argument : Lockvalue: null
2026-07-13 00:42:37,899 [INFO] Argument:335 - Argument : Lockvalue: null
2026-07-13 00:42:37,899 [INFO] Argument:325 - Argument : Statevalue: null
2026-07-13 00:42:37,899 [INFO] Argument:335 - Argument : Statevalue: null
2026-07-13 00:42:37,899 [INFO] Argument:325 - Argument : Parentvalue: null
2026-07-13 00:42:37,899 [INFO] Argument:335 - Argument : Parentvalue: null
2026-07-13 00:42:37,899 [INFO] Argument:325 - Argument : XferCpltCallbackvalue: null
2026-07-13 00:42:37,899 [INFO] Argument:335 - Argument : XferCpltCallbackvalue: null
2026-07-13 00:42:37,899 [INFO] Argument:325 - Argument : XferHalfCpltCallbackvalue: null
2026-07-13 00:42:37,899 [INFO] Argument:335 - Argument : XferHalfCpltCallbackvalue: null
2026-07-13 00:42:37,899 [INFO] Argument:325 - Argument : XferErrorCallbackvalue: null
2026-07-13 00:42:37,899 [INFO] Argument:335 - Argument : XferErrorCallbackvalue: null
2026-07-13 00:42:37,899 [INFO] Argument:325 - Argument : XferAbortCallbackvalue: null
2026-07-13 00:42:37,899 [INFO] Argument:335 - Argument : XferAbortCallbackvalue: null
2026-07-13 00:42:37,899 [INFO] Argument:325 - Argument : ErrorCodevalue: null
2026-07-13 00:42:37,899 [INFO] Argument:335 - Argument : ErrorCodevalue: null
2026-07-13 00:42:37,899 [INFO] Argument:325 - Argument : ChannelIndexvalue: null
2026-07-13 00:42:37,899 [INFO] Argument:335 - Argument : ChannelIndexvalue: null
2026-07-13 00:42:37,899 [INFO] Argument:325 - Argument : DMAmuxChannelvalue: null
2026-07-13 00:42:37,899 [INFO] Argument:335 - Argument : DMAmuxChannelvalue: null
2026-07-13 00:42:37,899 [INFO] Argument:325 - Argument : DMAmuxChannelStatusvalue: null
2026-07-13 00:42:37,899 [INFO] Argument:335 - Argument : DMAmuxChannelStatusvalue: null
2026-07-13 00:42:37,899 [INFO] Argument:325 - Argument : DMAmuxChannelStatusMaskvalue: null
2026-07-13 00:42:37,899 [INFO] Argument:335 - Argument : DMAmuxChannelStatusMaskvalue: null
2026-07-13 00:42:37,900 [INFO] Argument:325 - Argument : DMAmuxRequestGenvalue: null
2026-07-13 00:42:37,900 [INFO] Argument:335 - Argument : DMAmuxRequestGenvalue: null
2026-07-13 00:42:37,900 [INFO] Argument:325 - Argument : DMAmuxRequestGenStatusvalue: null
2026-07-13 00:42:37,900 [INFO] Argument:335 - Argument : DMAmuxRequestGenStatusvalue: null
2026-07-13 00:42:37,900 [INFO] Argument:325 - Argument : DMAmuxRequestGenStatusMaskvalue: null
2026-07-13 00:42:37,900 [INFO] Argument:335 - Argument : DMAmuxRequestGenStatusMaskvalue: null
2026-07-13 00:42:37,903 [WARN] IP:2250 - MessageRAMOffset not found: check if there is a RefParameter without a condition.
2026-07-13 00:42:37,903 [WARN] IP:2250 - RxFifo0ElmtsNbr not found: check if there is a RefParameter without a condition.
2026-07-13 00:42:37,903 [WARN] IP:2250 - RxFifo0ElmtSize not found: check if there is a RefParameter without a condition.
2026-07-13 00:42:37,903 [WARN] IP:2250 - RxFifo1ElmtsNbr not found: check if there is a RefParameter without a condition.
2026-07-13 00:42:37,903 [WARN] IP:2250 - RxFifo1ElmtSize not found: check if there is a RefParameter without a condition.
2026-07-13 00:42:37,903 [WARN] IP:2250 - RxBuffersNbr not found: check if there is a RefParameter without a condition.
2026-07-13 00:42:37,903 [WARN] IP:2250 - RxBufferSize not found: check if there is a RefParameter without a condition.
2026-07-13 00:42:37,903 [WARN] IP:2250 - TxEventsNbr not found: check if there is a RefParameter without a condition.
2026-07-13 00:42:37,903 [WARN] IP:2250 - TxBuffersNbr not found: check if there is a RefParameter without a condition.
2026-07-13 00:42:37,903 [WARN] IP:2250 - TxFifoQueueElmtsNbr not found: check if there is a RefParameter without a condition.
2026-07-13 00:42:37,903 [WARN] IP:2250 - TxElmtSize not found: check if there is a RefParameter without a condition.
2026-07-13 00:42:37,903 [WARN] IP:2250 - ClockCalibrationCCU not found: check if there is a RefParameter without a condition.
2026-07-13 00:42:37,903 [WARN] IP:2250 - ClockDividerCCU not found: check if there is a RefParameter without a condition.
2026-07-13 00:42:37,903 [WARN] IP:2250 - MinOscClkPeriodsCCU not found: check if there is a RefParameter without a condition.
2026-07-13 00:42:37,903 [WARN] IP:2250 - TimeQuantaPerBitTimeCCU not found: check if there is a RefParameter without a condition.
2026-07-13 00:42:37,903 [WARN] IP:2250 - WatchdogStartValueCCU not found: check if there is a RefParameter without a condition.
2026-07-13 00:42:38,152 [INFO] CodeEngine:265 - oldGeneratedFile, D:\tech\robotyka\robots\evangelion-turbo\kod\motor_driver\MXTmpFiles\license.tmp_save
2026-07-13 00:42:38,326 [INFO] CodeEngine:289 - Generated code: D:\tech\robotyka\robots\evangelion-turbo\kod\motor_driver\MXTmpFiles\license.tmp
2026-07-13 00:42:38,360 [INFO] CodeEngine:265 - oldGeneratedFile, D:\tech\robotyka\robots\evangelion-turbo\kod\motor_driver\MXTmpFiles\gpio.tmp_save
2026-07-13 00:42:38,494 [INFO] CodeEngine:289 - Generated code: D:\tech\robotyka\robots\evangelion-turbo\kod\motor_driver\MXTmpFiles\gpio.tmp
2026-07-13 00:42:39,000 [INFO] CodeEngine:265 - oldGeneratedFile, D:\tech\robotyka\robots\evangelion-turbo\kod\motor_driver\MXTmpFiles\dma.tmp_save
2026-07-13 00:42:39,127 [INFO] CodeEngine:289 - Generated code: D:\tech\robotyka\robots\evangelion-turbo\kod\motor_driver\MXTmpFiles\dma.tmp
2026-07-13 00:42:39,132 [INFO] CodeEngine:265 - oldGeneratedFile, D:\tech\robotyka\robots\evangelion-turbo\kod\motor_driver\MXTmpFiles\dma_GV.tmp_save
2026-07-13 00:42:39,188 [INFO] CodeEngine:289 - Generated code: D:\tech\robotyka\robots\evangelion-turbo\kod\motor_driver\MXTmpFiles\dma_GV.tmp
2026-07-13 00:42:39,205 [INFO] CodeEngine:265 - oldGeneratedFile, D:\tech\robotyka\robots\evangelion-turbo\kod\motor_driver\Core\Src\stm32g4xx_it.c_save
2026-07-13 00:42:39,653 [INFO] CodeEngine:289 - Generated code: D:\tech\robotyka\robots\evangelion-turbo\kod\motor_driver\Core\Src\stm32g4xx_it.c
2026-07-13 00:42:39,666 [INFO] CodeEngine:265 - oldGeneratedFile, D:\tech\robotyka\robots\evangelion-turbo\kod\motor_driver\Core\Inc\stm32g4xx_it.h_save
2026-07-13 00:42:39,715 [INFO] CodeEngine:289 - Generated code: D:\tech\robotyka\robots\evangelion-turbo\kod\motor_driver\Core\Inc\stm32g4xx_it.h
2026-07-13 00:42:39,727 [INFO] CodeEngine:265 - oldGeneratedFile, D:\tech\robotyka\robots\evangelion-turbo\kod\motor_driver\Core\Src\stm32g4xx_hal_msp.c_save
2026-07-13 00:42:39,902 [INFO] CodeEngine:289 - Generated code: D:\tech\robotyka\robots\evangelion-turbo\kod\motor_driver\Core\Src\stm32g4xx_hal_msp.c
2026-07-13 00:42:39,912 [INFO] CodeEngine:265 - oldGeneratedFile, D:\tech\robotyka\robots\evangelion-turbo\kod\motor_driver\MXTmpFiles\system.tmp_save
2026-07-13 00:42:39,952 [INFO] CodeEngine:289 - Generated code: D:\tech\robotyka\robots\evangelion-turbo\kod\motor_driver\MXTmpFiles\system.tmp
2026-07-13 00:42:39,962 [INFO] CodeEngine:321 - oldGeneratedFile, D:\tech\robotyka\robots\evangelion-turbo\kod\motor_driver\Core\Inc\stm32g4xx_hal_conf.h_save
2026-07-13 00:42:40,077 [INFO] CodeEngine:345 - Generated code: D:\tech\robotyka\robots\evangelion-turbo\kod\motor_driver\Core\Inc\stm32g4xx_hal_conf.h
2026-07-13 00:42:40,097 [WARN] IPConfigManager:3238 - Warning: the RefConfig RCC_CommonPeriphClockConfig is not available in your config.xml file
2026-07-13 00:42:40,099 [WARN] IPConfigManager:3811 - IP not found : TIM
2026-07-13 00:42:40,100 [WARN] CodeGenerator:4259 - IP not found : null
2026-07-13 00:42:40,105 [INFO] CodeEngine:265 - oldGeneratedFile, D:\tech\robotyka\robots\evangelion-turbo\kod\motor_driver\Core\Inc\main.h_save
2026-07-13 00:42:40,214 [INFO] CodeEngine:289 - Generated code: D:\tech\robotyka\robots\evangelion-turbo\kod\motor_driver\Core\Inc\main.h
2026-07-13 00:42:40,219 [INFO] CodeEngine:265 - oldGeneratedFile, D:\tech\robotyka\robots\evangelion-turbo\kod\motor_driver\Core\Src\main.c_save
2026-07-13 00:42:40,346 [INFO] CodeEngine:289 - Generated code: D:\tech\robotyka\robots\evangelion-turbo\kod\motor_driver\Core\Src\main.c
2026-07-13 00:42:40,705 [INFO] ProjectBuilder:3606 - Time for Copy HAL[1] : 202mS.
2026-07-13 00:42:40,709 [INFO] ProjectBuilder:5216 - Project Generator version: 4.7.0-B52
2026-07-13 00:42:40,822 [INFO] ConfigFileManager:1595 - The Die is : DIE468
2026-07-13 00:42:41,714 [INFO] ProjectBuilder:5496 - Time for Generating toolchain IDE Files: 1005mS.
2026-07-13 00:42:41,715 [INFO] ProjectBuilder:3463 - Time for Copy CMSIS : 1mS.
2026-07-13 00:42:41,717 [INFO] ProjectBuilder:3463 - Time for Copy CMSIS : 0mS.
2026-07-13 13:29:13,222 [INFO] MainUpdater:2872 - connection check result : 10
2026-07-13 13:29:13,222 [INFO] MainUpdater:2872 - connection check result : 10
2026-07-13 13:29:13,244 [INFO] LogOutputStream:77 - [STDOUT_REDIRECT] Nominal 
2026-07-13 13:29:13,254 [INFO] MicroXplorer:468 - Change Database Path : 
2026-07-13 13:29:13,254 [INFO] MicroXplorer:498 - Change Database Version : DB.6.0.150
2026-07-13 13:29:13,314 [ERROR] ProjectManagerView:395 - 
java.lang.NullPointerException: Cannot invoke "javax.swing.JTextField.getText()" because the return value of "java.util.List.get(int)" is null
	at com.st.microxplorer.plugins.projectmanager.gui.ProjectChoiceTab$9.caretUpdate(ProjectChoiceTab.java:2706) ~[filemanager.jar:?]
	at javax.swing.text.JTextComponent.fireCaretUpdate(JTextComponent.java:408) ~[?:?]
	at javax.swing.text.JTextComponent$MutableCaretEvent.fire(JTextComponent.java:4484) ~[?:?]
	at javax.swing.text.JTextComponent$MutableCaretEvent.stateChanged(JTextComponent.java:4506) ~[?:?]
	at javax.swing.text.DefaultCaret.fireStateChanged(DefaultCaret.java:857) ~[?:?]
	at javax.swing.text.DefaultCaret.changeCaretPosition(DefaultCaret.java:1343) ~[?:?]
	at javax.swing.text.DefaultCaret.handleSetDot(DefaultCaret.java:1242) ~[?:?]
	at javax.swing.text.DefaultCaret.setDot(DefaultCaret.java:1223) ~[?:?]
	at javax.swing.text.DefaultCaret$Handler.insertUpdate(DefaultCaret.java:1819) ~[?:?]
	at javax.swing.text.AbstractDocument.fireInsertUpdate(AbstractDocument.java:227) ~[?:?]
	at javax.swing.text.AbstractDocument.handleInsertString(AbstractDocument.java:781) ~[?:?]
	at javax.swing.text.AbstractDocument.insertString(AbstractDocument.java:740) ~[?:?]
	at javax.swing.text.PlainDocument.insertString(PlainDocument.java:131) ~[?:?]
	at javax.swing.text.AbstractDocument.replace(AbstractDocument.java:699) ~[?:?]
	at javax.swing.text.JTextComponent.setText(JTextComponent.java:1725) ~[?:?]
	at com.st.microxplorer.plugins.projectmanager.gui.ProjectChoiceTab.createHeapStackFields(ProjectChoiceTab.java:993) ~[filemanager.jar:?]
	at com.st.microxplorer.plugins.projectmanager.gui.ProjectChoiceTab.buildLinkSettingsPanel(ProjectChoiceTab.java:3813) ~[filemanager.jar:?]
	at com.st.microxplorer.plugins.projectmanager.gui.ProjectChoiceTab.defineWindowsFields(ProjectChoiceTab.java:1987) ~[filemanager.jar:?]
	at com.st.microxplorer.plugins.projectmanager.gui.ProjectChoiceTab.updateSettings(ProjectChoiceTab.java:558) ~[filemanager.jar:?]
	at com.st.microxplorer.plugins.projectmanager.gui.ProjectSettingsPanel.UpdateDialog(ProjectSettingsPanel.java:247) ~[filemanager.jar:?]
	at com.st.microxplorer.plugins.projectmanager.ProjectManagerView.propertyChange(ProjectManagerView.java:392) ~[filemanager.jar:?]
	at java.beans.PropertyChangeSupport.fire(PropertyChangeSupport.java:343) ~[?:?]
	at java.beans.PropertyChangeSupport.firePropertyChange(PropertyChangeSupport.java:335) ~[?:?]
	at java.beans.PropertyChangeSupport.firePropertyChange(PropertyChangeSupport.java:268) ~[?:?]
	at com.st.microxplorer.util.MXPropertyChangeSupport.firePropertyChange(MXPropertyChangeSupport.java:54) ~[STM32CubeMX.jar:?]
	at com.st.microxplorer.mxsystem.MxSystem.closeConfig(MxSystem.java:899) ~[STM32CubeMX.jar:?]
	at com.st.microxplorer.maingui.MainPanel.closeConfig(MainPanel.java:792) ~[STM32CubeMX.jar:?]
	at com.st.microxplorer.plugins.filemanager.engine.OpenFileManager.loadConfigurationFile(OpenFileManager.java:288) ~[filemanager.jar:?]
	at com.st.microxplorer.plugins.filemanager.engine.MainFileManager.userLoadConfig(MainFileManager.java:364) ~[filemanager.jar:?]
	at com.st.microxplorer.plugins.filemanager.engine.MainFileManager.userLoadConfig(MainFileManager.java:342) ~[filemanager.jar:?]
	at com.st.microxplorer.plugins.filemanager.FileManagerView.getSpecificTask(FileManagerView.java:264) ~[filemanager.jar:?]
	at com.st.stm32cube.common.mx.editor.CubeMxEditor.getMxTabbedPaneInstance(CubeMxEditor.java:1198) ~[com.st.stm32cube.common.mx_6.15.0.202507011659/:?]
	at com.st.stm32cube.common.mx.editor.CubeMxEditor$12$1.createSwingComponent(CubeMxEditor.java:1068) ~[com.st.stm32cube.common.mx_6.15.0.202507011659/:?]
	at com.st.stm32cube.common.mx.oss.core.awtswtbridge.EmbeddedSwingComposite.doComponentCreation(EmbeddedSwingComposite.java:492) ~[com.st.stm32cube.common.mx.oss_6.15.0.202507011659/:?]
	at com.st.stm32cube.common.mx.oss.core.awtswtbridge.EmbeddedSwingComposite$4.run(EmbeddedSwingComposite.java:291) ~[com.st.stm32cube.common.mx.oss_6.15.0.202507011659/:?]
	at com.st.stm32cube.common.mx.oss.core.awtswtbridge.AwtEnvironment$2.run(AwtEnvironment.java:166) ~[com.st.stm32cube.common.mx.oss_6.15.0.202507011659/:?]
	at java.awt.event.InvocationEvent.dispatch(InvocationEvent.java:318) ~[?:?]
	at java.awt.EventQueue.dispatchEventImpl(EventQueue.java:773) ~[?:?]
	at java.awt.EventQueue$4.run(EventQueue.java:720) ~[?:?]
	at java.awt.EventQueue$4.run(EventQueue.java:714) ~[?:?]
	at java.security.AccessController.doPrivileged(AccessController.java:400) ~[?:?]
	at java.security.ProtectionDomain$JavaSecurityAccessImpl.doIntersectionPrivilege(ProtectionDomain.java:87) ~[?:?]
	at java.awt.EventQueue.dispatchEvent(EventQueue.java:742) ~[?:?]
	at java.awt.EventDispatchThread.pumpOneEventForFilters(EventDispatchThread.java:203) ~[?:?]
	at java.awt.EventDispatchThread.pumpEventsForFilter(EventDispatchThread.java:124) ~[?:?]
	at java.awt.EventDispatchThread.pumpEventsForHierarchy(EventDispatchThread.java:113) ~[?:?]
	at java.awt.EventDispatchThread.pumpEvents(EventDispatchThread.java:109) ~[?:?]
	at java.awt.EventDispatchThread.pumpEvents(EventDispatchThread.java:101) ~[?:?]
	at java.awt.EventDispatchThread.run(EventDispatchThread.java:90) ~[?:?]
2026-07-13 13:29:13,317 [WARN] ThirdParty:871 - waiting for thirdparty lock release [close project]
2026-07-13 13:29:13,317 [INFO] ThirdParty:873 - entering critical section [close project]
2026-07-13 13:29:13,318 [INFO] ThirdParty:883 - exiting critical section [close project]
2026-07-13 13:29:13,321 [INFO] PinOutPanel:1589 - setPackage(No Configuration,No Configuration)
2026-07-13 13:29:13,334 [INFO] UtilMem:75 - Begin LoadConfig() Used Memory: 914881072 Bytes (1073741824)
2026-07-13 13:29:13,335 [INFO] MicroXplorer:468 - Change Database Path : 
2026-07-13 13:29:13,335 [INFO] MicroXplorer:498 - Change Database Version : DB.6.0.150
2026-07-13 13:29:13,335 [INFO] OpenFileManager:355 - Change cursor
2026-07-13 13:29:13,396 [INFO] RulesReader:64 - Compatibility file has been processed (317 Rules)
2026-07-13 13:29:13,414 [INFO] Mcu:2029 - Initializing MCU STM32G431K(6-8-B)Ux STM32G431KBUx STM32G431KBU3
2026-07-13 13:29:15,708 [INFO] Context:786 - Trying to add GPIOservice into a context  which must be forbidden
2026-07-13 13:29:16,392 [INFO] ImportTextPane:234 - (OptionalMessage_ERROR) Pin17 (VP_RIF_VS_RIF1) cannot be retrieved for this MCU
2026-07-13 13:29:16,443 [INFO] RtosManager:558 - Registered RTOS mode: class=CMSIS, group=RTOS, mode=CMSIS_V1, owner=FREERTOS
2026-07-13 13:29:16,443 [INFO] RtosManager:558 - Registered RTOS mode: class=CMSIS, group=RTOS2, mode=CMSIS_V2, owner=FREERTOS
2026-07-13 13:29:16,443 [INFO] RtosManager:558 - Registered RTOS mode: class=RTOS, group=Core, mode=CMSIS_V1, owner=FREERTOS
2026-07-13 13:29:16,443 [INFO] RtosManager:558 - Registered RTOS mode: class=RTOS, group=Core, mode=CMSIS_V2, owner=FREERTOS
2026-07-13 13:29:16,443 [WARN] ModelIntegratedComponent:184 - Missing modes for component STMicroelectronics:FreeRTOS:0.0.1:STMicroelectronics:RTOS:FreeRTOS:Core:::10.2.0:
2026-07-13 13:29:16,458 [WARN] ModelIntegratedComponent:63 - No mode defined for component null
2026-07-13 13:29:16,458 [WARN] ModelIntegratedComponent:63 - No mode defined for component null
2026-07-13 13:29:16,458 [WARN] ModelIntegratedComponent:63 - No mode defined for component null
2026-07-13 13:29:16,458 [WARN] ModelIntegratedComponent:63 - No mode defined for component null
2026-07-13 13:29:16,458 [WARN] ModelIntegratedComponent:63 - No mode defined for component null
2026-07-13 13:29:16,459 [WARN] ModelIntegratedComponent:63 - No mode defined for component null
2026-07-13 13:29:16,459 [WARN] ModelIntegratedComponent:63 - No mode defined for component null
2026-07-13 13:29:16,459 [WARN] ModelIntegratedComponent:63 - No mode defined for component null
2026-07-13 13:29:16,459 [WARN] ModelIntegratedComponent:63 - No mode defined for component null
2026-07-13 13:29:16,459 [WARN] ModelIntegratedComponent:63 - No mode defined for component null
2026-07-13 13:29:16,459 [WARN] ModelIntegratedComponent:63 - No mode defined for component null
2026-07-13 13:29:16,459 [WARN] ModelIntegratedComponent:63 - No mode defined for component null
2026-07-13 13:29:16,459 [WARN] ModelIntegratedComponent:63 - No mode defined for component null
2026-07-13 13:29:16,459 [WARN] ModelIntegratedComponent:63 - No mode defined for component null
2026-07-13 13:29:16,459 [WARN] ModelIntegratedComponent:63 - No mode defined for component null
2026-07-13 13:29:16,459 [WARN] ModelIntegratedComponent:63 - No mode defined for component null
2026-07-13 13:29:16,459 [WARN] ModelIntegratedComponent:63 - No mode defined for component null
2026-07-13 13:29:16,459 [WARN] ModelIntegratedComponent:63 - No mode defined for component null
2026-07-13 13:29:16,459 [WARN] ModelIntegratedComponent:63 - No mode defined for component null
2026-07-13 13:29:16,459 [WARN] ModelIntegratedComponent:63 - No mode defined for component null
2026-07-13 13:29:16,459 [WARN] ModelIntegratedComponent:63 - No mode defined for component null
2026-07-13 13:29:16,459 [WARN] ModelIntegratedComponent:63 - No mode defined for component null
2026-07-13 13:29:16,459 [WARN] ModelIntegratedComponent:63 - No mode defined for component null
2026-07-13 13:29:16,459 [WARN] ModelIntegratedComponent:63 - No mode defined for component null
2026-07-13 13:29:16,459 [WARN] ModelIntegratedComponent:63 - No mode defined for component null
2026-07-13 13:29:16,459 [WARN] ModelIntegratedComponent:63 - No mode defined for component null
2026-07-13 13:29:16,460 [WARN] ModelIntegratedComponent:63 - No mode defined for component null
2026-07-13 13:29:16,460 [WARN] ModelIntegratedComponent:63 - No mode defined for component null
2026-07-13 13:29:16,460 [WARN] ModelIntegratedComponent:63 - No mode defined for component null
2026-07-13 13:29:16,460 [WARN] ModelIntegratedComponent:63 - No mode defined for component null
2026-07-13 13:29:16,460 [WARN] ModelIntegratedComponent:63 - No mode defined for component null
2026-07-13 13:29:16,460 [WARN] ModelIntegratedComponent:63 - No mode defined for component null
2026-07-13 13:29:16,460 [WARN] ModelIntegratedComponent:63 - No mode defined for component null
2026-07-13 13:29:16,460 [WARN] ModelIntegratedComponent:63 - No mode defined for component null
2026-07-13 13:29:16,460 [WARN] ModelIntegratedComponent:63 - No mode defined for component null
2026-07-13 13:29:16,460 [WARN] ModelPack:524 - Component already loaded: STMicroelectronics:HAL Drivers:0.0.0:STMicroelectronics:Device:STMicro_Driver:XSPI:HAL::0.0.1:HAL_XSPI
2026-07-13 13:29:16,638 [INFO] ThirdPartyModel:298 - Start build external matchings
2026-07-13 13:29:17,253 [INFO] ThirdPartyModel:316 - End build external matchings
2026-07-13 13:29:17,288 [INFO] ImportTextPane:234 - (OptionalMessage_ERROR) IP (ADC1) : Parameter (CommonPathInternal) has invalid value (null|null|null|null)
2026-07-13 13:29:17,288 [INFO] ImportTextPane:234 - (OptionalMessage_ERROR) IP (ADC2) : Parameter (CommonPathInternal) has invalid value (null|null|null|null)
2026-07-13 13:29:17,288 [INFO] ImportTextPane:234 - (OptionalMessage_ERROR) IP (DMA) : Parameter (Instance) has Id (ADC1) currently not set
2026-07-13 13:29:17,289 [INFO] ImportTextPane:234 - (OptionalMessage_ERROR) IP (DMA) : Parameter (Request) has Id (ADC1) currently not set
2026-07-13 13:29:17,289 [INFO] ImportTextPane:234 - (OptionalMessage_ERROR) IP (DMA) : Parameter (Direction) has Id (ADC1) currently not set
2026-07-13 13:29:17,289 [INFO] ImportTextPane:234 - (OptionalMessage_ERROR) IP (DMA) : Parameter (PeriphInc) has Id (ADC1) currently not set
2026-07-13 13:29:17,289 [INFO] ImportTextPane:234 - (OptionalMessage_ERROR) IP (DMA) : Parameter (MemInc) has Id (ADC1) currently not set
2026-07-13 13:29:17,289 [INFO] ImportTextPane:234 - (OptionalMessage_ERROR) IP (DMA) : Parameter (PeriphDataAlignment) has Id (ADC1) currently not set
2026-07-13 13:29:17,290 [INFO] ImportTextPane:234 - (OptionalMessage_ERROR) IP (DMA) : Parameter (MemDataAlignment) has Id (ADC1) currently not set
2026-07-13 13:29:17,290 [INFO] ImportTextPane:234 - (OptionalMessage_ERROR) IP (DMA) : Parameter (Mode) has Id (ADC1) currently not set
2026-07-13 13:29:17,290 [INFO] ImportTextPane:234 - (OptionalMessage_ERROR) IP (DMA) : Parameter (Priority) has Id (ADC1) currently not set
2026-07-13 13:29:17,290 [INFO] ImportTextPane:234 - (OptionalMessage_ERROR) IP (DMA) : Parameter (SignalID) has Id (ADC1) currently not set
2026-07-13 13:29:17,290 [INFO] ImportTextPane:234 - (OptionalMessage_ERROR) IP (DMA) : Parameter (Polarity) has Id (ADC1) currently not set
2026-07-13 13:29:17,290 [INFO] ImportTextPane:234 - (OptionalMessage_ERROR) IP (DMA) : Parameter (RequestNumber) has Id (ADC1) currently not set
2026-07-13 13:29:17,290 [INFO] ImportTextPane:234 - (OptionalMessage_ERROR) IP (DMA) : Parameter (SyncSignalID) has Id (ADC1) currently not set
2026-07-13 13:29:17,290 [INFO] ImportTextPane:234 - (OptionalMessage_ERROR) IP (DMA) : Parameter (SyncPolarity) has Id (ADC1) currently not set
2026-07-13 13:29:17,290 [INFO] ImportTextPane:234 - (OptionalMessage_ERROR) IP (DMA) : Parameter (SyncEnable) has Id (ADC1) currently not set
2026-07-13 13:29:17,290 [INFO] ImportTextPane:234 - (OptionalMessage_ERROR) IP (DMA) : Parameter (EventEnable) has Id (ADC1) currently not set
2026-07-13 13:29:17,290 [INFO] ImportTextPane:234 - (OptionalMessage_ERROR) IP (DMA) : Parameter (SyncRequestNumber) has Id (ADC1) currently not set
2026-07-13 13:29:17,290 [INFO] ImportTextPane:234 - (OptionalMessage_ERROR) IP (DMA) : Parameter (Instance) has Id (ADC2) currently not set
2026-07-13 13:29:17,290 [INFO] ImportTextPane:234 - (OptionalMessage_ERROR) IP (DMA) : Parameter (Request) has Id (ADC2) currently not set
2026-07-13 13:29:17,290 [INFO] ImportTextPane:234 - (OptionalMessage_ERROR) IP (DMA) : Parameter (Direction) has Id (ADC2) currently not set
2026-07-13 13:29:17,290 [INFO] ImportTextPane:234 - (OptionalMessage_ERROR) IP (DMA) : Parameter (PeriphInc) has Id (ADC2) currently not set
2026-07-13 13:29:17,290 [INFO] ImportTextPane:234 - (OptionalMessage_ERROR) IP (DMA) : Parameter (MemInc) has Id (ADC2) currently not set
2026-07-13 13:29:17,290 [INFO] ImportTextPane:234 - (OptionalMessage_ERROR) IP (DMA) : Parameter (PeriphDataAlignment) has Id (ADC2) currently not set
2026-07-13 13:29:17,290 [INFO] ImportTextPane:234 - (OptionalMessage_ERROR) IP (DMA) : Parameter (MemDataAlignment) has Id (ADC2) currently not set
2026-07-13 13:29:17,290 [INFO] ImportTextPane:234 - (OptionalMessage_ERROR) IP (DMA) : Parameter (Mode) has Id (ADC2) currently not set
2026-07-13 13:29:17,290 [INFO] ImportTextPane:234 - (OptionalMessage_ERROR) IP (DMA) : Parameter (Priority) has Id (ADC2) currently not set
2026-07-13 13:29:17,290 [INFO] ImportTextPane:234 - (OptionalMessage_ERROR) IP (DMA) : Parameter (SignalID) has Id (ADC2) currently not set
2026-07-13 13:29:17,290 [INFO] ImportTextPane:234 - (OptionalMessage_ERROR) IP (DMA) : Parameter (Polarity) has Id (ADC2) currently not set
2026-07-13 13:29:17,291 [INFO] ImportTextPane:234 - (OptionalMessage_ERROR) IP (DMA) : Parameter (RequestNumber) has Id (ADC2) currently not set
2026-07-13 13:29:17,291 [INFO] ImportTextPane:234 - (OptionalMessage_ERROR) IP (DMA) : Parameter (SyncSignalID) has Id (ADC2) currently not set
2026-07-13 13:29:17,291 [INFO] ImportTextPane:234 - (OptionalMessage_ERROR) IP (DMA) : Parameter (SyncPolarity) has Id (ADC2) currently not set
2026-07-13 13:29:17,291 [INFO] ImportTextPane:234 - (OptionalMessage_ERROR) IP (DMA) : Parameter (SyncEnable) has Id (ADC2) currently not set
2026-07-13 13:29:17,291 [INFO] ImportTextPane:234 - (OptionalMessage_ERROR) IP (DMA) : Parameter (EventEnable) has Id (ADC2) currently not set
2026-07-13 13:29:17,291 [INFO] ImportTextPane:234 - (OptionalMessage_ERROR) IP (DMA) : Parameter (SyncRequestNumber) has Id (ADC2) currently not set
2026-07-13 13:29:17,291 [WARN] IP:2250 - MessageRAMOffset not found: check if there is a RefParameter without a condition.
2026-07-13 13:29:17,291 [WARN] IP:2250 - RxFifo0ElmtsNbr not found: check if there is a RefParameter without a condition.
2026-07-13 13:29:17,291 [WARN] IP:2250 - RxFifo0ElmtSize not found: check if there is a RefParameter without a condition.
2026-07-13 13:29:17,291 [WARN] IP:2250 - RxFifo1ElmtsNbr not found: check if there is a RefParameter without a condition.
2026-07-13 13:29:17,291 [WARN] IP:2250 - RxFifo1ElmtSize not found: check if there is a RefParameter without a condition.
2026-07-13 13:29:17,291 [WARN] IP:2250 - RxBuffersNbr not found: check if there is a RefParameter without a condition.
2026-07-13 13:29:17,291 [WARN] IP:2250 - RxBufferSize not found: check if there is a RefParameter without a condition.
2026-07-13 13:29:17,291 [WARN] IP:2250 - TxEventsNbr not found: check if there is a RefParameter without a condition.
2026-07-13 13:29:17,291 [WARN] IP:2250 - TxBuffersNbr not found: check if there is a RefParameter without a condition.
2026-07-13 13:29:17,291 [WARN] IP:2250 - TxFifoQueueElmtsNbr not found: check if there is a RefParameter without a condition.
2026-07-13 13:29:17,291 [WARN] IP:2250 - TxElmtSize not found: check if there is a RefParameter without a condition.
2026-07-13 13:29:17,291 [WARN] IP:2250 - ClockCalibrationCCU not found: check if there is a RefParameter without a condition.
2026-07-13 13:29:17,291 [WARN] IP:2250 - ClockDividerCCU not found: check if there is a RefParameter without a condition.
2026-07-13 13:29:17,291 [WARN] IP:2250 - MinOscClkPeriodsCCU not found: check if there is a RefParameter without a condition.
2026-07-13 13:29:17,291 [WARN] IP:2250 - TimeQuantaPerBitTimeCCU not found: check if there is a RefParameter without a condition.
2026-07-13 13:29:17,291 [WARN] IP:2250 - WatchdogStartValueCCU not found: check if there is a RefParameter without a condition.
2026-07-13 13:29:17,569 [INFO] UtilMem:75 - End LoadConfig() Used Memory: 879173664 Bytes (1073741824)
2026-07-13 13:29:17,624 [WARN] ThirdParty:833 - waiting for thirdparty lock release [change project]
2026-07-13 13:29:17,625 [INFO] ThirdParty:835 - entering critical section [change project]
2026-07-13 13:29:17,625 [INFO] ThirdParty:1030 - CMSIS Pack Vendor :STMicroelectronics X-CUBE-AZRTOS-H7 3.5.0
2026-07-13 13:29:17,625 [INFO] ThirdParty:1030 - CMSIS Pack Vendor :STMicroelectronics X-CUBE-PM33A1 1.0.0
2026-07-13 13:29:17,625 [INFO] ThirdParty:1030 - CMSIS Pack Vendor :STMicroelectronics USBPD 4.1
2026-07-13 13:29:17,625 [INFO] ThirdParty:1030 - CMSIS Pack Vendor :STMicroelectronics USB_HOST 2.0.0
2026-07-13 13:29:17,625 [INFO] ThirdParty:1030 - CMSIS Pack Vendor :STMicroelectronics FP-SNS-MOTENVWB1 1.4.0
2026-07-13 13:29:17,625 [INFO] ThirdParty:1030 - CMSIS Pack Vendor :STMicroelectronics X-CUBE-AZRTOS-F4 1.1.0
2026-07-13 13:29:17,625 [INFO] ThirdParty:1030 - CMSIS Pack Vendor :STMicroelectronics LIBJPEG 8.0.0
2026-07-13 13:29:17,625 [INFO] ThirdParty:1030 - CMSIS Pack Vendor :STMicroelectronics FP-ATR-ASTRA1 2.0.2
2026-07-13 13:29:17,625 [INFO] ThirdParty:1030 - CMSIS Pack Vendor :STMicroelectronics FP-ATR-ASTRA1 2.0.1
2026-07-13 13:29:17,625 [INFO] ThirdParty:1030 - CMSIS Pack Vendor :Avnet-IotConnect X-CUBE-IoTC-DA16k-PMOD 1.0.0
2026-07-13 13:29:17,625 [INFO] ThirdParty:1030 - CMSIS Pack Vendor :STMicroelectronics X-CUBE-SMBUS 2.1.0
2026-07-13 13:29:17,625 [INFO] ThirdParty:1030 - CMSIS Pack Vendor :STMicroelectronics X-CUBE-WB05N 1.1.0
2026-07-13 13:29:17,625 [INFO] ThirdParty:1030 - CMSIS Pack Vendor :STMicroelectronics X-CUBE-IPS 3.2.0
2026-07-13 13:29:17,626 [INFO] ThirdParty:1030 - CMSIS Pack Vendor :STMicroelectronics eDS-WB_DPC_TT-BIDIR 2.1.1
2026-07-13 13:29:17,626 [INFO] ThirdParty:1030 - CMSIS Pack Vendor :STMicroelectronics X-CUBE-ST60 1.0.0
2026-07-13 13:29:17,626 [INFO] ThirdParty:1030 - CMSIS Pack Vendor :STMicroelectronics X-CUBE-NFC12 1.0.0
2026-07-13 13:29:17,626 [INFO] ThirdParty:1030 - CMSIS Pack Vendor :STMicroelectronics X-CUBE-AZRTOS-F7 1.1.0
2026-07-13 13:29:17,626 [INFO] ThirdParty:1030 - CMSIS Pack Vendor :STMicroelectronics X-CUBE-AZRTOS-L5 2.0.0
2026-07-13 13:29:17,626 [INFO] ThirdParty:1030 - CMSIS Pack Vendor :STMicroelectronics USB_DEVICE 2.0.0
2026-07-13 13:29:17,626 [INFO] ThirdParty:1030 - CMSIS Pack Vendor :STMicroelectronics X-CUBE-FREERTOS 1.6.0
2026-07-13 13:29:17,626 [INFO] ThirdParty:1030 - CMSIS Pack Vendor :STMicroelectronics X-CUBE-NFC6 3.1.0
2026-07-13 13:29:17,626 [INFO] ThirdParty:1030 - CMSIS Pack Vendor :STMicroelectronics X-CUBE-ALGOBUILD 1.5.0
2026-07-13 13:29:17,626 [INFO] ThirdParty:1030 - CMSIS Pack Vendor :STMicroelectronics FP-SNS-MOTENV1 5.1.0
2026-07-13 13:29:17,626 [INFO] ThirdParty:1030 - CMSIS Pack Vendor :STMicroelectronics FreeRTOS 0.0.1
2026-07-13 13:29:17,626 [INFO] ThirdParty:1030 - CMSIS Pack Vendor :STMicroelectronics X-CUBE-AZRTOS-H7RS 1.3.0
2026-07-13 13:29:17,626 [INFO] ThirdParty:1030 - CMSIS Pack Vendor :STMicroelectronics X-CUBE-DPower 1.2.0
2026-07-13 13:29:17,626 [INFO] ThirdParty:1030 - CMSIS Pack Vendor :STMicroelectronics eDS-WB_DPC_VIENNA 1.2.0
2026-07-13 13:29:17,626 [INFO] ThirdParty:1030 - CMSIS Pack Vendor :STMicroelectronics FP-SNS-FLIGHT1 5.0.2
2026-07-13 13:29:17,626 [INFO] ThirdParty:1030 - CMSIS Pack Vendor :STMicroelectronics eDS-WB_DPC_3PH2L-BIDIR 1.1.1
2026-07-13 13:29:17,626 [INFO] ThirdParty:1030 - CMSIS Pack Vendor :Infineon AIROC-Wi-Fi-Bluetooth-STM32 1.7.0
2026-07-13 13:29:17,626 [INFO] ThirdParty:1030 - CMSIS Pack Vendor :STMicroelectronics PDM2PCM 3.3.0
2026-07-13 13:29:17,626 [INFO] ThirdParty:1030 - CMSIS Pack Vendor :STMicroelectronics X-CUBE-AZRTOS-H7 3.4.0
2026-07-13 13:29:17,626 [INFO] ThirdParty:1030 - CMSIS Pack Vendor :STMicroelectronics X-CUBE-DISPLAY 3.0.0
2026-07-13 13:29:17,626 [INFO] ThirdParty:1030 - CMSIS Pack Vendor :STMicroelectronics X-CUBE-GNSS1 7.1.1
2026-07-13 13:29:17,626 [INFO] ThirdParty:1030 - CMSIS Pack Vendor :STMicroelectronics FP-SNS-MOTENVWB1 1.5.0
2026-07-13 13:29:17,626 [INFO] ThirdParty:1030 - CMSIS Pack Vendor :STMicroelectronics X-CUBE-BLE1 7.0.0
2026-07-13 13:29:17,626 [INFO] ThirdParty:1030 - CMSIS Pack Vendor :STMicroelectronics X-CUBE-NFC10 1.0.0
2026-07-13 13:29:17,626 [INFO] ThirdParty:1030 - CMSIS Pack Vendor :STMicroelectronics X-CUBE-BLEMGR 4.0.0
2026-07-13 13:29:17,626 [INFO] ThirdParty:1030 - CMSIS Pack Vendor :STMicroelectronics X-CUBE-FREERTOS 1.3.1
2026-07-13 13:29:17,626 [INFO] ThirdParty:1030 - CMSIS Pack Vendor :STMicroelectronics HAL Drivers 0.0.0
2026-07-13 13:29:17,626 [INFO] ThirdParty:1030 - CMSIS Pack Vendor :STMicroelectronics X-CUBE-ST60 1.1.0
2026-07-13 13:29:17,626 [INFO] ThirdParty:1030 - CMSIS Pack Vendor :emotas I-CUBE-CANOPEN 1.3.0
2026-07-13 13:29:17,626 [INFO] ThirdParty:1030 - CMSIS Pack Vendor :STMicroelectronics X-CUBE-FREERTOS 1.3.0
2026-07-13 13:29:17,626 [INFO] ThirdParty:1030 - CMSIS Pack Vendor :STMicroelectronics X-CUBE-NFC7 1.0.1
2026-07-13 13:29:17,626 [INFO] ThirdParty:1030 - CMSIS Pack Vendor :STMicroelectronics MBEDTLS 2.14.1
2026-07-13 13:29:17,626 [INFO] ThirdParty:1030 - CMSIS Pack Vendor :STMicroelectronics X-CUBE-GNSS1 7.1.0
2026-07-13 13:29:17,626 [INFO] ThirdParty:1030 - CMSIS Pack Vendor :STMicroelectronics X-CUBE-TOUCHGFX 4.26.0
2026-07-13 13:29:17,626 [INFO] ThirdParty:1030 - CMSIS Pack Vendor :STMicroelectronics X-CUBE-TOUCHGFX 4.26.1
2026-07-13 13:29:17,626 [INFO] ThirdParty:1030 - CMSIS Pack Vendor :STMicroelectronics X-CUBE-AI 10.0.0
2026-07-13 13:29:17,626 [INFO] ThirdParty:1030 - CMSIS Pack Vendor :STMicroelectronics FP-SNS-STBOX1 2.1.0
2026-07-13 13:29:17,626 [INFO] ThirdParty:1030 - CMSIS Pack Vendor :STMicroelectronics FP-SNS-STAIOTCFT 1.0.0
2026-07-13 13:29:17,626 [INFO] ThirdParty:1030 - CMSIS Pack Vendor :STMicroelectronics FP-SNS-SMARTAG2 1.2.0
2026-07-13 13:29:17,626 [INFO] ThirdParty:1030 - CMSIS Pack Vendor :STMicroelectronics FP-SNS-FLIGHT1 5.1.0
2026-07-13 13:29:17,626 [INFO] ThirdParty:1030 - CMSIS Pack Vendor :STMicroelectronics X-CUBE-MEMS1 11.1.0
2026-07-13 13:29:17,626 [INFO] ThirdParty:1030 - CMSIS Pack Vendor :STMicroelectronics X-CUBE-AZRTOS-WL 2.0.0
2026-07-13 13:29:17,627 [INFO] ThirdParty:1030 - CMSIS Pack Vendor :STMicroelectronics X-CUBE-DPower 1.3.0
2026-07-13 13:29:17,627 [INFO] ThirdParty:1030 - CMSIS Pack Vendor :STMicroelectronics FP-SNS-MOTENV1 5.0.0
2026-07-13 13:29:17,627 [INFO] ThirdParty:1030 - CMSIS Pack Vendor :STMicroelectronics USB_DEVICE 1.0.0
2026-07-13 13:29:17,627 [INFO] ThirdParty:1030 - CMSIS Pack Vendor :STMicroelectronics X-CUBE-AZRTOS-H7RS 1.2.0
2026-07-13 13:29:17,627 [INFO] ThirdParty:1030 - CMSIS Pack Vendor :STMicroelectronics X-CUBE-AZRTOS-L4 2.0.0
2026-07-13 13:29:17,627 [INFO] ThirdParty:1030 - CMSIS Pack Vendor :STMicroelectronics ThreadX 0.0.2
2026-07-13 13:29:17,627 [INFO] ThirdParty:1030 - CMSIS Pack Vendor :WES I-CUBE-Cesium 1.3.0
2026-07-13 13:29:17,627 [INFO] ThirdParty:1030 - CMSIS Pack Vendor :STMicroelectronics lwIP 2.1.2
2026-07-13 13:29:17,627 [INFO] ThirdParty:1030 - CMSIS Pack Vendor :STMicroelectronics X-CUBE-SFXS2LP1 4.0.0
2026-07-13 13:29:17,627 [INFO] ThirdParty:1030 - CMSIS Pack Vendor :STMicroelectronics X-CUBE-BLE2 3.3.0
2026-07-13 13:29:17,627 [INFO] ThirdParty:1030 - CMSIS Pack Vendor :Avnet-IOTCONNECT X-CUBE-iotc-st67-sdk 1.0.0
2026-07-13 13:29:17,627 [INFO] ThirdParty:1030 - CMSIS Pack Vendor :STMicroelectronics PDM2PCM 3.2.0
2026-07-13 13:29:17,627 [INFO] ThirdParty:1030 - CMSIS Pack Vendor :STMicroelectronics X-CUBE-WB05N 2.1.0
2026-07-13 13:29:17,627 [INFO] ThirdParty:1030 - CMSIS Pack Vendor :STMicroelectronics X-CUBE-ST67W61 1.2.0
2026-07-13 13:29:17,627 [INFO] ThirdParty:1030 - CMSIS Pack Vendor :STMicroelectronics X-CUBE-AZRTOS-H7 3.3.0
2026-07-13 13:29:17,627 [INFO] ThirdParty:1030 - CMSIS Pack Vendor :STMicroelectronics X-CUBE-NFC9 1.0.0
2026-07-13 13:29:17,627 [INFO] ThirdParty:1030 - CMSIS Pack Vendor :STMicroelectronics X-CUBE-BLE1 7.1.0
2026-07-13 13:29:17,627 [INFO] ThirdParty:1030 - CMSIS Pack Vendor :wolfSSL I-CUBE-wolfMQTT 1.19.2
2026-07-13 13:29:17,627 [INFO] ThirdParty:1030 - CMSIS Pack Vendor :STMicroelectronics USB_DEVICE 3.0.0
2026-07-13 13:29:17,627 [INFO] ThirdParty:1030 - CMSIS Pack Vendor :STMicroelectronics X-CUBE-FREERTOS 1.4.0
2026-07-13 13:29:17,628 [INFO] ThirdParty:1030 - CMSIS Pack Vendor :STMicroelectronics X-CUBE-EEPRMA1 5.2.0
2026-07-13 13:29:17,628 [INFO] ThirdParty:1030 - CMSIS Pack Vendor :STMicroelectronics X-CUBE-BLEMGR 4.1.0
2026-07-13 13:29:17,628 [INFO] ThirdParty:1030 - CMSIS Pack Vendor :STMicroelectronics X-CUBE-AZRTOS-WB 2.0.0
2026-07-13 13:29:17,628 [INFO] ThirdParty:1030 - CMSIS Pack Vendor :STMicroelectronics X-CUBE-GNSS1 7.0.1
2026-07-13 13:29:17,628 [INFO] ThirdParty:1030 - CMSIS Pack Vendor :STMicroelectronics X-CUBE-TOUCHGFX 4.25.0
2026-07-13 13:29:17,628 [INFO] ThirdParty:1030 - CMSIS Pack Vendor :STMicroelectronics X-CUBE-ST67W61 1.1.0
2026-07-13 13:29:17,628 [INFO] ThirdParty:1030 - CMSIS Pack Vendor :STMicroelectronics X-CUBE-AI 10.1.0
2026-07-13 13:29:17,628 [INFO] ThirdParty:1030 - CMSIS Pack Vendor :STMicroelectronics FP-SNS-STBOX1 2.0.0
2026-07-13 13:29:17,628 [INFO] ThirdParty:1030 - CMSIS Pack Vendor :STMicroelectronics FP-SNS-STAIOTCFT 1.1.0
2026-07-13 13:29:17,628 [INFO] ThirdParty:1030 - CMSIS Pack Vendor :STMicroelectronics X-CUBE-MEMS1 12.0.0
2026-07-13 13:29:17,628 [INFO] ThirdParty:1030 - CMSIS Pack Vendor :STMicroelectronics X-CUBE-STSE01 2.0.0
2026-07-13 13:29:17,628 [INFO] ThirdParty:1030 - CMSIS Pack Vendor :STMicroelectronics X-CUBE-AZRTOS-G0 1.1.0
2026-07-13 13:29:17,628 [INFO] ThirdParty:1030 - CMSIS Pack Vendor :STMicroelectronics X-CUBE-SAFEA1 1.2.2
2026-07-13 13:29:17,628 [INFO] ThirdParty:1030 - CMSIS Pack Vendor :STMicroelectronics X-CUBE-NFC4 3.0.0
2026-07-13 13:29:17,628 [INFO] ThirdParty:1030 - CMSIS Pack Vendor :STMicroelectronics X-CUBE-SUBG2 5.0.0
2026-07-13 13:29:17,628 [INFO] ThirdParty:1030 - CMSIS Pack Vendor :STMicroelectronics X-CUBE-AZRTOS-H7RS 1.1.0
2026-07-13 13:29:17,628 [INFO] ThirdParty:1030 - CMSIS Pack Vendor :STMicroelectronics STM32_WPAN 1.0.0
2026-07-13 13:29:17,628 [INFO] ThirdParty:1030 - CMSIS Pack Vendor :EmbeddedOffice I-CUBE-FS-RTOS 1.0.1
2026-07-13 13:29:17,628 [INFO] ThirdParty:1030 - CMSIS Pack Vendor :STMicroelectronics lwIP 2.0.3
2026-07-13 13:29:17,628 [INFO] ThirdParty:1030 - CMSIS Pack Vendor :Cesanta I-CUBE-Mongoose 7.13.0
2026-07-13 13:29:17,628 [INFO] ThirdParty:1030 - CMSIS Pack Vendor :STMicroelectronics USB_HOST 1.0.0
2026-07-13 13:29:17,628 [INFO] ThirdParty:1030 - CMSIS Pack Vendor :STMicroelectronics X-CUBE-AZRTOS-G4 2.0.0
2026-07-13 13:29:17,628 [INFO] ThirdParty:1030 - CMSIS Pack Vendor :STMicroelectronics X-CUBE-WB05N 2.0.0
2026-07-13 13:29:17,628 [INFO] ThirdParty:1030 - CMSIS Pack Vendor :STMicroelectronics PDM2PCM 3.1.0
2026-07-13 13:29:17,628 [INFO] ThirdParty:1030 - CMSIS Pack Vendor :wolfSSL I-CUBE-wolfTPM 3.8.0
2026-07-13 13:29:17,628 [INFO] ThirdParty:1030 - CMSIS Pack Vendor :wolfSSL I-CUBE-wolfSSH 1.4.20
2026-07-13 13:29:17,629 [INFO] ThirdParty:1030 - CMSIS Pack Vendor :STMicroelectronics X-CUBE-NFC7 2.0.0
2026-07-13 13:29:17,629 [INFO] ThirdParty:1030 - CMSIS Pack Vendor :STMicroelectronics X-CUBE-TCPP 4.2.0
2026-07-13 13:29:17,629 [INFO] ThirdParty:1030 - CMSIS Pack Vendor :RealThread X-CUBE-RT-Thread_Nano 4.1.1
2026-07-13 13:29:17,629 [INFO] ThirdParty:1030 - CMSIS Pack Vendor :STMicroelectronics FP-ATR-SIGFOX1 3.2.0
2026-07-13 13:29:17,629 [INFO] ThirdParty:1030 - CMSIS Pack Vendor :quantropi X-CUBE-qispace-sdk-base 1.9.3
2026-07-13 13:29:17,629 [INFO] ThirdParty:1030 - CMSIS Pack Vendor :STMicroelectronics X-CUBE-EEPRMA1 5.1.0
2026-07-13 13:29:17,629 [INFO] ThirdParty:1030 - CMSIS Pack Vendor :STMicroelectronics X-CUBE-FREERTOS 1.5.0
2026-07-13 13:29:17,629 [INFO] ThirdParty:1030 - CMSIS Pack Vendor :STMicroelectronics MBEDTLS 2.16.2
2026-07-13 13:29:17,629 [INFO] ThirdParty:1030 - CMSIS Pack Vendor :STMicroelectronics X-CUBE-IPS 3.1.0
2026-07-13 13:29:17,629 [INFO] ThirdParty:1030 - CMSIS Pack Vendor :STMicroelectronics X-CUBE-ALS 1.0.2
2026-07-13 13:29:17,629 [INFO] ThirdParty:1030 - CMSIS Pack Vendor :wolfSSL I-CUBE-wolfSSL 5.7.6
2026-07-13 13:29:17,629 [INFO] ThirdParty:1030 - CMSIS Pack Vendor :ITTIA_DB I-CUBE-ITTIADB 8.9.0
2026-07-13 13:29:17,629 [INFO] ThirdParty:1030 - CMSIS Pack Vendor :STMicroelectronics X-CUBE-TOUCHGFX 4.24.2
2026-07-13 13:29:17,630 [INFO] ThirdParty:1030 - CMSIS Pack Vendor :STMicroelectronics X-CUBE-STSE01 1.0.0
2026-07-13 13:29:17,630 [INFO] ThirdParty:1030 - CMSIS Pack Vendor :portGmbH I-Cube-SoM-uGOAL 1.1.0
2026-07-13 13:29:17,630 [INFO] ThirdParty:1030 - CMSIS Pack Vendor :STMicroelectronics X-CUBE-NFC6 3.2.0
2026-07-13 13:29:17,630 [INFO] ThirdParty:1030 - CMSIS Pack Vendor :STMicroelectronics X-CUBE-ST67W61 1.0.0
2026-07-13 13:29:17,630 [INFO] ThirdParty:1030 - CMSIS Pack Vendor :STMicroelectronics X-CUBE-AI 10.2.1
2026-07-13 13:29:17,630 [INFO] ThirdParty:1030 - CMSIS Pack Vendor :STMicroelectronics X-CUBE-AI 10.2.0
2026-07-13 13:29:17,630 [INFO] ThirdParty:1030 - CMSIS Pack Vendor :STMicroelectronics ThreadX 1.0.0
2026-07-13 13:29:17,630 [INFO] ThirdParty:1030 - CMSIS Pack Vendor :STMicroelectronics X-CUBE-MEMS1 12.1.0
2026-07-13 13:29:17,630 [INFO] ThirdParty:1030 - CMSIS Pack Vendor :SEGGER I-CUBE-embOS 1.3.1
2026-07-13 13:29:17,630 [INFO] ThirdParty:1030 - CMSIS Pack Vendor :STMicroelectronics X-CUBE-ALGOBUILD 1.4.0
2026-07-13 13:29:17,630 [INFO] ThirdParty:1030 - CMSIS Pack Vendor :STMicroelectronics X-CUBE-MEMS1 11.3.0
2026-07-13 13:29:17,630 [INFO] ThirdParty:1030 - CMSIS Pack Vendor :STMicroelectronics X-CUBE-AZRTOS-H7RS 1.0.0
2026-07-13 13:29:17,630 [INFO] ThirdParty:1030 - CMSIS Pack Vendor :STMicroelectronics X-CUBE-TOF1 3.4.2
2026-07-13 13:29:17,630 [INFO] ThirdParty:1030 - CMSIS Pack Vendor :STMicroelectronics X-CUBE-TOF1 3.4.3
2026-07-13 13:29:17,630 [INFO] ThirdParty:1030 - CMSIS Pack Vendor :STMicroelectronics X-CUBE-AI 9.1.0
2026-07-13 13:29:17,630 [INFO] ThirdParty:1030 - CMSIS Pack Vendor :STMicroelectronics X-CUBE-NFC13 1.0.0
2026-07-13 13:29:17,630 [INFO] ThirdParty:841 - exiting critical section [change project]
2026-07-13 13:29:17,918 [INFO] PinOutPanel:1589 - setPackage(No Configuration,No Configuration)
2026-07-13 13:29:17,920 [INFO] PinOutPanel:1589 - setPackage(STM32G431KBUx,UFQFPN32)
2026-07-13 13:29:18,107 [INFO] UtilMem:75 - Before build in PCC Used Memory: 906146552 Bytes (1073741824)
2026-07-13 13:29:18,468 [INFO] UtilMem:75 - After build in PCC Used Memory: 999992056 Bytes (1073741824)
2026-07-13 13:29:18,494 [INFO] IPUIPlugin:80 - create IPUIPlugin
2026-07-13 13:29:18,494 [INFO] IPUIPlugin:80 - create IPUIPlugin
2026-07-13 13:29:18,494 [INFO] IPUIPlugin:80 - create IPUIPlugin
2026-07-13 13:29:18,494 [INFO] IPUIPlugin:80 - create IPUIPlugin
2026-07-13 13:29:18,494 [INFO] IPUIPlugin:80 - create IPUIPlugin
2026-07-13 13:29:18,494 [INFO] IPUIPlugin:80 - create IPUIPlugin
2026-07-13 13:29:18,495 [INFO] IPUIPlugin:80 - create IPUIPlugin
2026-07-13 13:29:18,495 [INFO] IPUIPlugin:80 - create IPUIPlugin
2026-07-13 13:29:18,495 [INFO] IPUIPlugin:80 - create IPUIPlugin
2026-07-13 13:29:18,495 [INFO] IPUIPlugin:80 - create IPUIPlugin
2026-07-13 13:29:18,495 [INFO] IPUIPlugin:80 - create IPUIPlugin
2026-07-13 13:29:18,495 [INFO] IPUIPlugin:80 - create IPUIPlugin
2026-07-13 13:29:18,495 [INFO] IPUIPlugin:80 - create IPUIPlugin
2026-07-13 13:29:18,495 [INFO] IPUIPlugin:80 - create IPUIPlugin
2026-07-13 13:29:18,495 [INFO] IPUIPlugin:80 - create IPUIPlugin
2026-07-13 13:29:18,495 [INFO] IPUIPlugin:80 - create IPUIPlugin
2026-07-13 13:29:18,496 [INFO] IPUIPlugin:80 - create IPUIPlugin
2026-07-13 13:29:18,496 [INFO] IPUIPlugin:80 - create IPUIPlugin
2026-07-13 13:29:18,496 [INFO] IPUIPlugin:80 - create IPUIPlugin
2026-07-13 13:29:18,496 [INFO] IPUIPlugin:80 - create IPUIPlugin
2026-07-13 13:29:18,496 [INFO] IPUIPlugin:80 - create IPUIPlugin
2026-07-13 13:29:18,496 [INFO] IPUIPlugin:80 - create IPUIPlugin
2026-07-13 13:29:18,496 [INFO] IPUIPlugin:80 - create IPUIPlugin
2026-07-13 13:29:18,496 [INFO] IPUIPlugin:80 - create IPUIPlugin
2026-07-13 13:29:18,496 [INFO] IPUIPlugin:80 - create IPUIPlugin
2026-07-13 13:29:18,497 [INFO] IPUIPlugin:80 - create IPUIPlugin
2026-07-13 13:29:18,497 [INFO] IPUIPlugin:80 - create IPUIPlugin
2026-07-13 13:29:18,497 [INFO] IPUIPlugin:80 - create IPUIPlugin
2026-07-13 13:29:18,497 [INFO] IPUIPlugin:80 - create IPUIPlugin
2026-07-13 13:29:18,497 [INFO] IPUIPlugin:80 - create IPUIPlugin
2026-07-13 13:29:18,497 [INFO] IPUIPlugin:80 - create IPUIPlugin
2026-07-13 13:29:18,497 [INFO] IPUIPlugin:80 - create IPUIPlugin
2026-07-13 13:29:18,497 [INFO] IPUIPlugin:80 - create IPUIPlugin
2026-07-13 13:29:18,498 [INFO] IPUIPlugin:80 - create IPUIPlugin
2026-07-13 13:29:18,498 [INFO] IPUIPlugin:80 - create IPUIPlugin
2026-07-13 13:29:18,498 [INFO] IPUIPlugin:80 - create IPUIPlugin
2026-07-13 13:29:18,498 [INFO] IPUIPlugin:80 - create IPUIPlugin
2026-07-13 13:29:18,498 [INFO] IPUIPlugin:80 - create IPUIPlugin
2026-07-13 13:29:18,498 [INFO] IPUIPlugin:80 - create IPUIPlugin
2026-07-13 13:29:18,498 [INFO] IPUIPlugin:80 - create IPUIPlugin
2026-07-13 13:29:18,498 [INFO] IPUIPlugin:80 - create IPUIPlugin
2026-07-13 13:29:18,498 [INFO] IPUIPlugin:80 - create IPUIPlugin
2026-07-13 13:29:18,498 [INFO] IPUIPlugin:80 - create IPUIPlugin
2026-07-13 13:29:18,498 [INFO] IPUIPlugin:80 - create IPUIPlugin
2026-07-13 13:29:18,498 [INFO] IPUIPlugin:80 - create IPUIPlugin
2026-07-13 13:29:18,498 [INFO] IPUIPlugin:80 - create IPUIPlugin
2026-07-13 13:29:18,499 [INFO] IPUIPlugin:80 - create IPUIPlugin
2026-07-13 13:29:18,499 [INFO] IPUIPlugin:80 - create IPUIPlugin
2026-07-13 13:29:18,499 [INFO] IPUIPlugin:80 - create IPUIPlugin
2026-07-13 13:29:18,499 [INFO] IPUIPlugin:80 - create IPUIPlugin
2026-07-13 13:29:18,499 [INFO] IPUIPlugin:80 - create IPUIPlugin
2026-07-13 13:29:18,499 [INFO] IPUIPlugin:80 - create IPUIPlugin
2026-07-13 13:29:18,499 [INFO] IPUIPlugin:80 - create IPUIPlugin
2026-07-13 13:29:18,499 [INFO] IPUIPlugin:80 - create IPUIPlugin
2026-07-13 13:29:18,500 [INFO] IPUIPlugin:80 - create IPUIPlugin
2026-07-13 13:29:18,500 [INFO] IPUIPlugin:80 - create IPUIPlugin
2026-07-13 13:29:18,505 [WARN] IP:2250 - MessageRAMOffset not found: check if there is a RefParameter without a condition.
2026-07-13 13:29:18,505 [WARN] IP:2250 - RxFifo0ElmtsNbr not found: check if there is a RefParameter without a condition.
2026-07-13 13:29:18,505 [WARN] IP:2250 - RxFifo0ElmtSize not found: check if there is a RefParameter without a condition.
2026-07-13 13:29:18,505 [WARN] IP:2250 - RxFifo1ElmtsNbr not found: check if there is a RefParameter without a condition.
2026-07-13 13:29:18,505 [WARN] IP:2250 - RxFifo1ElmtSize not found: check if there is a RefParameter without a condition.
2026-07-13 13:29:18,505 [WARN] IP:2250 - RxBuffersNbr not found: check if there is a RefParameter without a condition.
2026-07-13 13:29:18,505 [WARN] IP:2250 - RxBufferSize not found: check if there is a RefParameter without a condition.
2026-07-13 13:29:18,505 [WARN] IP:2250 - TxEventsNbr not found: check if there is a RefParameter without a condition.
2026-07-13 13:29:18,505 [WARN] IP:2250 - TxBuffersNbr not found: check if there is a RefParameter without a condition.
2026-07-13 13:29:18,505 [WARN] IP:2250 - TxFifoQueueElmtsNbr not found: check if there is a RefParameter without a condition.
2026-07-13 13:29:18,505 [WARN] IP:2250 - TxElmtSize not found: check if there is a RefParameter without a condition.
2026-07-13 13:29:18,505 [WARN] IP:2250 - ClockCalibrationCCU not found: check if there is a RefParameter without a condition.
2026-07-13 13:29:18,505 [WARN] IP:2250 - ClockDividerCCU not found: check if there is a RefParameter without a condition.
2026-07-13 13:29:18,505 [WARN] IP:2250 - MinOscClkPeriodsCCU not found: check if there is a RefParameter without a condition.
2026-07-13 13:29:18,505 [WARN] IP:2250 - TimeQuantaPerBitTimeCCU not found: check if there is a RefParameter without a condition.
2026-07-13 13:29:18,505 [WARN] IP:2250 - WatchdogStartValueCCU not found: check if there is a RefParameter without a condition.
2026-07-13 13:29:18,507 [INFO] LogOutputStream:77 - [STDOUT_REDIRECT] Nominal 
2026-07-13 13:29:18,508 [INFO] Can:71 - Can Add PropertyChangeListener com.st.microxplorer.plugins.ip.can.Can@24721f39
2026-07-13 13:29:18,653 [INFO] CADModel:165 - CPN selected for project levelSTM32G431KBU3
2026-07-13 13:29:18,653 [INFO] CADModel:114 - Register for checkConnection events
2026-07-13 13:29:18,717 [INFO] OpenFileManager:386 - Restore cursor
2026-07-13 13:29:19,034 [WARN] IP:2250 - MessageRAMOffset not found: check if there is a RefParameter without a condition.
2026-07-13 13:29:19,034 [WARN] IP:2250 - RxFifo0ElmtsNbr not found: check if there is a RefParameter without a condition.
2026-07-13 13:29:19,034 [WARN] IP:2250 - RxFifo0ElmtSize not found: check if there is a RefParameter without a condition.
2026-07-13 13:29:19,034 [WARN] IP:2250 - RxFifo1ElmtsNbr not found: check if there is a RefParameter without a condition.
2026-07-13 13:29:19,034 [WARN] IP:2250 - RxFifo1ElmtSize not found: check if there is a RefParameter without a condition.
2026-07-13 13:29:19,034 [WARN] IP:2250 - RxBuffersNbr not found: check if there is a RefParameter without a condition.
2026-07-13 13:29:19,034 [WARN] IP:2250 - RxBufferSize not found: check if there is a RefParameter without a condition.
2026-07-13 13:29:19,034 [WARN] IP:2250 - TxEventsNbr not found: check if there is a RefParameter without a condition.
2026-07-13 13:29:19,034 [WARN] IP:2250 - TxBuffersNbr not found: check if there is a RefParameter without a condition.
2026-07-13 13:29:19,034 [WARN] IP:2250 - TxFifoQueueElmtsNbr not found: check if there is a RefParameter without a condition.
2026-07-13 13:29:19,034 [WARN] IP:2250 - TxElmtSize not found: check if there is a RefParameter without a condition.
2026-07-13 13:29:19,034 [WARN] IP:2250 - ClockCalibrationCCU not found: check if there is a RefParameter without a condition.
2026-07-13 13:29:19,034 [WARN] IP:2250 - ClockDividerCCU not found: check if there is a RefParameter without a condition.
2026-07-13 13:29:19,034 [WARN] IP:2250 - MinOscClkPeriodsCCU not found: check if there is a RefParameter without a condition.
2026-07-13 13:29:19,034 [WARN] IP:2250 - TimeQuantaPerBitTimeCCU not found: check if there is a RefParameter without a condition.
2026-07-13 13:29:19,034 [WARN] IP:2250 - WatchdogStartValueCCU not found: check if there is a RefParameter without a condition.
2026-07-13 13:29:28,533 [WARN] IP:2250 - MessageRAMOffset not found: check if there is a RefParameter without a condition.
2026-07-13 13:29:28,534 [WARN] IP:2250 - RxFifo0ElmtsNbr not found: check if there is a RefParameter without a condition.
2026-07-13 13:29:28,534 [WARN] IP:2250 - RxFifo0ElmtSize not found: check if there is a RefParameter without a condition.
2026-07-13 13:29:28,534 [WARN] IP:2250 - RxFifo1ElmtsNbr not found: check if there is a RefParameter without a condition.
2026-07-13 13:29:28,534 [WARN] IP:2250 - RxFifo1ElmtSize not found: check if there is a RefParameter without a condition.
2026-07-13 13:29:28,534 [WARN] IP:2250 - RxBuffersNbr not found: check if there is a RefParameter without a condition.
2026-07-13 13:29:28,534 [WARN] IP:2250 - RxBufferSize not found: check if there is a RefParameter without a condition.
2026-07-13 13:29:28,534 [WARN] IP:2250 - TxEventsNbr not found: check if there is a RefParameter without a condition.
2026-07-13 13:29:28,534 [WARN] IP:2250 - TxBuffersNbr not found: check if there is a RefParameter without a condition.
2026-07-13 13:29:28,534 [WARN] IP:2250 - TxFifoQueueElmtsNbr not found: check if there is a RefParameter without a condition.
2026-07-13 13:29:28,534 [WARN] IP:2250 - TxElmtSize not found: check if there is a RefParameter without a condition.
2026-07-13 13:29:28,534 [WARN] IP:2250 - ClockCalibrationCCU not found: check if there is a RefParameter without a condition.
2026-07-13 13:29:28,534 [WARN] IP:2250 - ClockDividerCCU not found: check if there is a RefParameter without a condition.
2026-07-13 13:29:28,534 [WARN] IP:2250 - MinOscClkPeriodsCCU not found: check if there is a RefParameter without a condition.
2026-07-13 13:29:28,534 [WARN] IP:2250 - TimeQuantaPerBitTimeCCU not found: check if there is a RefParameter without a condition.
2026-07-13 13:29:28,534 [WARN] IP:2250 - WatchdogStartValueCCU not found: check if there is a RefParameter without a condition.
2026-07-13 13:29:28,549 [INFO] NvicIntPanel:101 - NVIC parent = com.st.microxplorer.plugins.ip.nvic.MultiNvicIntPanel[,0,0,0x0,invalid,layout=javax.swing.BoxLayout,alignmentX=0.0,alignmentY=0.0,border=,flags=9,maximumSize=,minimumSize=,preferredSize=]
2026-07-13 13:29:32,639 [INFO] UtilMem:75 - End SaveConfig() Used Memory: 922135840 Bytes (1073741824)
2026-07-13 13:29:33,546 [INFO] UtilMem:75 - End SaveConfig() Used Memory: 943107360 Bytes (1073741824)
2026-07-13 13:29:34,283 [INFO] UtilMem:75 - End SaveConfig() Used Memory: 877100728 Bytes (1073741824)
2026-07-13 13:29:34,716 [INFO] BlockDiagram:2775 - set Specific Code input for plugin: DAC
2026-07-13 13:29:34,716 [INFO] BlockDiagram:2775 - set Specific Code input for plugin: TIM1_8G4
2026-07-13 13:29:34,716 [INFO] BlockDiagram:2775 - set Specific Code input for plugin: ADC
2026-07-13 13:29:34,716 [INFO] BlockDiagram:2775 - set Specific Code input for plugin: SYS
2026-07-13 13:29:34,716 [INFO] BlockDiagram:2775 - set Specific Code input for plugin: ADC
2026-07-13 13:29:34,716 [INFO] BlockDiagram:2775 - set Specific Code input for plugin: RCC
2026-07-13 13:29:34,716 [INFO] BlockDiagram:2775 - set Specific Code input for plugin: NVIC
2026-07-13 13:29:34,716 [INFO] BlockDiagram:2775 - set Specific Code input for plugin: DMA
2026-07-13 13:29:34,716 [INFO] BlockDiagram:2775 - set Specific Code input for plugin: TIM1_8G4
2026-07-13 13:29:34,716 [INFO] BlockDiagram:2775 - set Specific Code input for plugin: TIM1_8G4
2026-07-13 13:29:34,716 [INFO] BlockDiagram:2775 - set Specific Code input for plugin: TIM1_8G4
2026-07-13 13:29:34,716 [INFO] BlockDiagram:2775 - set Specific Code input for plugin: GPIO
2026-07-13 13:29:34,716 [INFO] BlockDiagram:2775 - set Specific Code input for plugin: FDCAN
2026-07-13 13:29:34,725 [INFO] CodeGenerator:892 - code generatio: config db path: C:\ST\STM32CubeIDE_1.19.0\STM32CubeIDE\plugins\com.st.stm32cube.common.mx_6.15.0.202507011659\\db\
2026-07-13 13:29:34,731 [INFO] Argument:325 - Argument : hdmavalue: null
2026-07-13 13:29:34,731 [INFO] Argument:327 - 	 sub Args: 
2026-07-13 13:29:34,731 [INFO] Argument:325 - Argument : Instancevalue: DMA1_Channel1
2026-07-13 13:29:34,731 [INFO] Argument:335 - Argument : Instancevalue: DMA1_Channel1
2026-07-13 13:29:34,731 [INFO] Argument:325 - Argument : Initvalue: null
2026-07-13 13:29:34,731 [INFO] Argument:327 - 	 sub Args: 
2026-07-13 13:29:34,731 [INFO] Argument:325 - Argument : Requestvalue: DMA_REQUEST_ADC1
2026-07-13 13:29:34,731 [INFO] Argument:335 - Argument : Requestvalue: DMA_REQUEST_ADC1
2026-07-13 13:29:34,731 [INFO] Argument:325 - Argument : Directionvalue: DMA_PERIPH_TO_MEMORY
2026-07-13 13:29:34,731 [INFO] Argument:335 - Argument : Directionvalue: DMA_PERIPH_TO_MEMORY
2026-07-13 13:29:34,731 [INFO] Argument:325 - Argument : PeriphIncvalue: DMA_PINC_DISABLE
2026-07-13 13:29:34,731 [INFO] Argument:335 - Argument : PeriphIncvalue: DMA_PINC_DISABLE
2026-07-13 13:29:34,731 [INFO] Argument:325 - Argument : MemIncvalue: DMA_MINC_ENABLE
2026-07-13 13:29:34,731 [INFO] Argument:335 - Argument : MemIncvalue: DMA_MINC_ENABLE
2026-07-13 13:29:34,731 [INFO] Argument:325 - Argument : PeriphDataAlignmentvalue: DMA_PDATAALIGN_HALFWORD
2026-07-13 13:29:34,731 [INFO] Argument:335 - Argument : PeriphDataAlignmentvalue: DMA_PDATAALIGN_HALFWORD
2026-07-13 13:29:34,731 [INFO] Argument:325 - Argument : MemDataAlignmentvalue: DMA_MDATAALIGN_HALFWORD
2026-07-13 13:29:34,731 [INFO] Argument:335 - Argument : MemDataAlignmentvalue: DMA_MDATAALIGN_HALFWORD
2026-07-13 13:29:34,731 [INFO] Argument:325 - Argument : Modevalue: DMA_CIRCULAR
2026-07-13 13:29:34,731 [INFO] Argument:335 - Argument : Modevalue: DMA_CIRCULAR
2026-07-13 13:29:34,731 [INFO] Argument:325 - Argument : Priorityvalue: DMA_PRIORITY_LOW
2026-07-13 13:29:34,731 [INFO] Argument:335 - Argument : Priorityvalue: DMA_PRIORITY_LOW
2026-07-13 13:29:34,731 [INFO] Argument:325 - Argument : Lockvalue: null
2026-07-13 13:29:34,731 [INFO] Argument:335 - Argument : Lockvalue: null
2026-07-13 13:29:34,731 [INFO] Argument:325 - Argument : Statevalue: null
2026-07-13 13:29:34,731 [INFO] Argument:335 - Argument : Statevalue: null
2026-07-13 13:29:34,731 [INFO] Argument:325 - Argument : Parentvalue: null
2026-07-13 13:29:34,731 [INFO] Argument:335 - Argument : Parentvalue: null
2026-07-13 13:29:34,731 [INFO] Argument:325 - Argument : XferCpltCallbackvalue: null
2026-07-13 13:29:34,731 [INFO] Argument:335 - Argument : XferCpltCallbackvalue: null
2026-07-13 13:29:34,731 [INFO] Argument:325 - Argument : XferHalfCpltCallbackvalue: null
2026-07-13 13:29:34,731 [INFO] Argument:335 - Argument : XferHalfCpltCallbackvalue: null
2026-07-13 13:29:34,731 [INFO] Argument:325 - Argument : XferErrorCallbackvalue: null
2026-07-13 13:29:34,731 [INFO] Argument:335 - Argument : XferErrorCallbackvalue: null
2026-07-13 13:29:34,731 [INFO] Argument:325 - Argument : XferAbortCallbackvalue: null
2026-07-13 13:29:34,731 [INFO] Argument:335 - Argument : XferAbortCallbackvalue: null
2026-07-13 13:29:34,731 [INFO] Argument:325 - Argument : ErrorCodevalue: null
2026-07-13 13:29:34,731 [INFO] Argument:335 - Argument : ErrorCodevalue: null
2026-07-13 13:29:34,731 [INFO] Argument:325 - Argument : ChannelIndexvalue: null
2026-07-13 13:29:34,731 [INFO] Argument:335 - Argument : ChannelIndexvalue: null
2026-07-13 13:29:34,731 [INFO] Argument:325 - Argument : DMAmuxChannelvalue: null
2026-07-13 13:29:34,731 [INFO] Argument:335 - Argument : DMAmuxChannelvalue: null
2026-07-13 13:29:34,731 [INFO] Argument:325 - Argument : DMAmuxChannelStatusvalue: null
2026-07-13 13:29:34,731 [INFO] Argument:335 - Argument : DMAmuxChannelStatusvalue: null
2026-07-13 13:29:34,731 [INFO] Argument:325 - Argument : DMAmuxChannelStatusMaskvalue: null
2026-07-13 13:29:34,731 [INFO] Argument:335 - Argument : DMAmuxChannelStatusMaskvalue: null
2026-07-13 13:29:34,731 [INFO] Argument:325 - Argument : DMAmuxRequestGenvalue: null
2026-07-13 13:29:34,731 [INFO] Argument:335 - Argument : DMAmuxRequestGenvalue: null
2026-07-13 13:29:34,731 [INFO] Argument:325 - Argument : DMAmuxRequestGenStatusvalue: null
2026-07-13 13:29:34,731 [INFO] Argument:335 - Argument : DMAmuxRequestGenStatusvalue: null
2026-07-13 13:29:34,731 [INFO] Argument:325 - Argument : DMAmuxRequestGenStatusMaskvalue: null
2026-07-13 13:29:34,731 [INFO] Argument:335 - Argument : DMAmuxRequestGenStatusMaskvalue: null
2026-07-13 13:29:34,735 [INFO] Argument:325 - Argument : hdmavalue: null
2026-07-13 13:29:34,735 [INFO] Argument:327 - 	 sub Args: 
2026-07-13 13:29:34,735 [INFO] Argument:325 - Argument : Instancevalue: DMA1_Channel2
2026-07-13 13:29:34,735 [INFO] Argument:335 - Argument : Instancevalue: DMA1_Channel2
2026-07-13 13:29:34,735 [INFO] Argument:325 - Argument : Initvalue: null
2026-07-13 13:29:34,735 [INFO] Argument:327 - 	 sub Args: 
2026-07-13 13:29:34,735 [INFO] Argument:325 - Argument : Requestvalue: DMA_REQUEST_ADC2
2026-07-13 13:29:34,735 [INFO] Argument:335 - Argument : Requestvalue: DMA_REQUEST_ADC2
2026-07-13 13:29:34,735 [INFO] Argument:325 - Argument : Directionvalue: DMA_PERIPH_TO_MEMORY
2026-07-13 13:29:34,735 [INFO] Argument:335 - Argument : Directionvalue: DMA_PERIPH_TO_MEMORY
2026-07-13 13:29:34,735 [INFO] Argument:325 - Argument : PeriphIncvalue: DMA_PINC_DISABLE
2026-07-13 13:29:34,735 [INFO] Argument:335 - Argument : PeriphIncvalue: DMA_PINC_DISABLE
2026-07-13 13:29:34,735 [INFO] Argument:325 - Argument : MemIncvalue: DMA_MINC_ENABLE
2026-07-13 13:29:34,735 [INFO] Argument:335 - Argument : MemIncvalue: DMA_MINC_ENABLE
2026-07-13 13:29:34,735 [INFO] Argument:325 - Argument : PeriphDataAlignmentvalue: DMA_PDATAALIGN_HALFWORD
2026-07-13 13:29:34,735 [INFO] Argument:335 - Argument : PeriphDataAlignmentvalue: DMA_PDATAALIGN_HALFWORD
2026-07-13 13:29:34,735 [INFO] Argument:325 - Argument : MemDataAlignmentvalue: DMA_MDATAALIGN_HALFWORD
2026-07-13 13:29:34,735 [INFO] Argument:335 - Argument : MemDataAlignmentvalue: DMA_MDATAALIGN_HALFWORD
2026-07-13 13:29:34,735 [INFO] Argument:325 - Argument : Modevalue: DMA_CIRCULAR
2026-07-13 13:29:34,735 [INFO] Argument:335 - Argument : Modevalue: DMA_CIRCULAR
2026-07-13 13:29:34,735 [INFO] Argument:325 - Argument : Priorityvalue: DMA_PRIORITY_LOW
2026-07-13 13:29:34,735 [INFO] Argument:335 - Argument : Priorityvalue: DMA_PRIORITY_LOW
2026-07-13 13:29:34,735 [INFO] Argument:325 - Argument : Lockvalue: null
2026-07-13 13:29:34,735 [INFO] Argument:335 - Argument : Lockvalue: null
2026-07-13 13:29:34,735 [INFO] Argument:325 - Argument : Statevalue: null
2026-07-13 13:29:34,735 [INFO] Argument:335 - Argument : Statevalue: null
2026-07-13 13:29:34,735 [INFO] Argument:325 - Argument : Parentvalue: null
2026-07-13 13:29:34,735 [INFO] Argument:335 - Argument : Parentvalue: null
2026-07-13 13:29:34,735 [INFO] Argument:325 - Argument : XferCpltCallbackvalue: null
2026-07-13 13:29:34,735 [INFO] Argument:335 - Argument : XferCpltCallbackvalue: null
2026-07-13 13:29:34,735 [INFO] Argument:325 - Argument : XferHalfCpltCallbackvalue: null
2026-07-13 13:29:34,735 [INFO] Argument:335 - Argument : XferHalfCpltCallbackvalue: null
2026-07-13 13:29:34,735 [INFO] Argument:325 - Argument : XferErrorCallbackvalue: null
2026-07-13 13:29:34,735 [INFO] Argument:335 - Argument : XferErrorCallbackvalue: null
2026-07-13 13:29:34,735 [INFO] Argument:325 - Argument : XferAbortCallbackvalue: null
2026-07-13 13:29:34,735 [INFO] Argument:335 - Argument : XferAbortCallbackvalue: null
2026-07-13 13:29:34,735 [INFO] Argument:325 - Argument : ErrorCodevalue: null
2026-07-13 13:29:34,735 [INFO] Argument:335 - Argument : ErrorCodevalue: null
2026-07-13 13:29:34,735 [INFO] Argument:325 - Argument : ChannelIndexvalue: null
2026-07-13 13:29:34,735 [INFO] Argument:335 - Argument : ChannelIndexvalue: null
2026-07-13 13:29:34,735 [INFO] Argument:325 - Argument : DMAmuxChannelvalue: null
2026-07-13 13:29:34,735 [INFO] Argument:335 - Argument : DMAmuxChannelvalue: null
2026-07-13 13:29:34,735 [INFO] Argument:325 - Argument : DMAmuxChannelStatusvalue: null
2026-07-13 13:29:34,735 [INFO] Argument:335 - Argument : DMAmuxChannelStatusvalue: null
2026-07-13 13:29:34,735 [INFO] Argument:325 - Argument : DMAmuxChannelStatusMaskvalue: null
2026-07-13 13:29:34,735 [INFO] Argument:335 - Argument : DMAmuxChannelStatusMaskvalue: null
2026-07-13 13:29:34,735 [INFO] Argument:325 - Argument : DMAmuxRequestGenvalue: null
2026-07-13 13:29:34,735 [INFO] Argument:335 - Argument : DMAmuxRequestGenvalue: null
2026-07-13 13:29:34,735 [INFO] Argument:325 - Argument : DMAmuxRequestGenStatusvalue: null
2026-07-13 13:29:34,735 [INFO] Argument:335 - Argument : DMAmuxRequestGenStatusvalue: null
2026-07-13 13:29:34,735 [INFO] Argument:325 - Argument : DMAmuxRequestGenStatusMaskvalue: null
2026-07-13 13:29:34,735 [INFO] Argument:335 - Argument : DMAmuxRequestGenStatusMaskvalue: null
2026-07-13 13:29:34,737 [WARN] IP:2250 - MessageRAMOffset not found: check if there is a RefParameter without a condition.
2026-07-13 13:29:34,737 [WARN] IP:2250 - RxFifo0ElmtsNbr not found: check if there is a RefParameter without a condition.
2026-07-13 13:29:34,737 [WARN] IP:2250 - RxFifo0ElmtSize not found: check if there is a RefParameter without a condition.
2026-07-13 13:29:34,737 [WARN] IP:2250 - RxFifo1ElmtsNbr not found: check if there is a RefParameter without a condition.
2026-07-13 13:29:34,737 [WARN] IP:2250 - RxFifo1ElmtSize not found: check if there is a RefParameter without a condition.
2026-07-13 13:29:34,737 [WARN] IP:2250 - RxBuffersNbr not found: check if there is a RefParameter without a condition.
2026-07-13 13:29:34,737 [WARN] IP:2250 - RxBufferSize not found: check if there is a RefParameter without a condition.
2026-07-13 13:29:34,737 [WARN] IP:2250 - TxEventsNbr not found: check if there is a RefParameter without a condition.
2026-07-13 13:29:34,737 [WARN] IP:2250 - TxBuffersNbr not found: check if there is a RefParameter without a condition.
2026-07-13 13:29:34,737 [WARN] IP:2250 - TxFifoQueueElmtsNbr not found: check if there is a RefParameter without a condition.
2026-07-13 13:29:34,737 [WARN] IP:2250 - TxElmtSize not found: check if there is a RefParameter without a condition.
2026-07-13 13:29:34,737 [WARN] IP:2250 - ClockCalibrationCCU not found: check if there is a RefParameter without a condition.
2026-07-13 13:29:34,737 [WARN] IP:2250 - ClockDividerCCU not found: check if there is a RefParameter without a condition.
2026-07-13 13:29:34,737 [WARN] IP:2250 - MinOscClkPeriodsCCU not found: check if there is a RefParameter without a condition.
2026-07-13 13:29:34,737 [WARN] IP:2250 - TimeQuantaPerBitTimeCCU not found: check if there is a RefParameter without a condition.
2026-07-13 13:29:34,737 [WARN] IP:2250 - WatchdogStartValueCCU not found: check if there is a RefParameter without a condition.
2026-07-13 13:29:34,993 [INFO] CodeEngine:265 - oldGeneratedFile, D:\tech\robotyka\robots\evangelion-turbo\kod\motor_driver\MXTmpFiles\license.tmp_save
2026-07-13 13:29:35,190 [INFO] CodeEngine:289 - Generated code: D:\tech\robotyka\robots\evangelion-turbo\kod\motor_driver\MXTmpFiles\license.tmp
2026-07-13 13:29:35,258 [INFO] CodeEngine:265 - oldGeneratedFile, D:\tech\robotyka\robots\evangelion-turbo\kod\motor_driver\MXTmpFiles\gpio.tmp_save
2026-07-13 13:29:35,391 [INFO] CodeEngine:289 - Generated code: D:\tech\robotyka\robots\evangelion-turbo\kod\motor_driver\MXTmpFiles\gpio.tmp
2026-07-13 13:29:35,906 [INFO] CodeEngine:265 - oldGeneratedFile, D:\tech\robotyka\robots\evangelion-turbo\kod\motor_driver\MXTmpFiles\dma.tmp_save
2026-07-13 13:29:36,030 [INFO] CodeEngine:289 - Generated code: D:\tech\robotyka\robots\evangelion-turbo\kod\motor_driver\MXTmpFiles\dma.tmp
2026-07-13 13:29:36,041 [INFO] CodeEngine:265 - oldGeneratedFile, D:\tech\robotyka\robots\evangelion-turbo\kod\motor_driver\MXTmpFiles\dma_GV.tmp_save
2026-07-13 13:29:36,125 [INFO] CodeEngine:289 - Generated code: D:\tech\robotyka\robots\evangelion-turbo\kod\motor_driver\MXTmpFiles\dma_GV.tmp
2026-07-13 13:29:36,142 [INFO] CodeEngine:265 - oldGeneratedFile, D:\tech\robotyka\robots\evangelion-turbo\kod\motor_driver\Core\Src\stm32g4xx_it.c_save
2026-07-13 13:29:36,401 [INFO] CodeEngine:289 - Generated code: D:\tech\robotyka\robots\evangelion-turbo\kod\motor_driver\Core\Src\stm32g4xx_it.c
2026-07-13 13:29:36,414 [INFO] CodeEngine:265 - oldGeneratedFile, D:\tech\robotyka\robots\evangelion-turbo\kod\motor_driver\Core\Inc\stm32g4xx_it.h_save
2026-07-13 13:29:36,473 [INFO] CodeEngine:289 - Generated code: D:\tech\robotyka\robots\evangelion-turbo\kod\motor_driver\Core\Inc\stm32g4xx_it.h
2026-07-13 13:29:36,484 [INFO] CodeEngine:265 - oldGeneratedFile, D:\tech\robotyka\robots\evangelion-turbo\kod\motor_driver\Core\Src\stm32g4xx_hal_msp.c_save
2026-07-13 13:29:36,631 [INFO] CodeEngine:289 - Generated code: D:\tech\robotyka\robots\evangelion-turbo\kod\motor_driver\Core\Src\stm32g4xx_hal_msp.c
2026-07-13 13:29:36,635 [INFO] CodeEngine:265 - oldGeneratedFile, D:\tech\robotyka\robots\evangelion-turbo\kod\motor_driver\MXTmpFiles\system.tmp_save
2026-07-13 13:29:36,690 [INFO] CodeEngine:289 - Generated code: D:\tech\robotyka\robots\evangelion-turbo\kod\motor_driver\MXTmpFiles\system.tmp
2026-07-13 13:29:36,705 [INFO] CodeEngine:321 - oldGeneratedFile, D:\tech\robotyka\robots\evangelion-turbo\kod\motor_driver\Core\Inc\stm32g4xx_hal_conf.h_save
2026-07-13 13:29:36,807 [INFO] CodeEngine:345 - Generated code: D:\tech\robotyka\robots\evangelion-turbo\kod\motor_driver\Core\Inc\stm32g4xx_hal_conf.h
2026-07-13 13:29:36,824 [WARN] IPConfigManager:3238 - Warning: the RefConfig RCC_CommonPeriphClockConfig is not available in your config.xml file
2026-07-13 13:29:36,827 [INFO] ApiDbMcu:532 - Load IP Config File for ADC1
2026-07-13 13:29:36,829 [INFO] ApiDbMcu:532 - Load IP Config File for ADC2
2026-07-13 13:29:36,831 [INFO] ApiDbMcu:532 - Load IP Config File for DAC1
2026-07-13 13:29:36,834 [INFO] ApiDbMcu:532 - Load IP Config File for FDCAN1
2026-07-13 13:29:36,843 [INFO] ApiDbMcu:532 - Load IP Config File for TIM2
2026-07-13 13:29:36,851 [INFO] ApiDbMcu:532 - Load IP Config File for TIM15
2026-07-13 13:29:36,866 [INFO] ApiDbMcu:532 - Load IP Config File for TIM16
2026-07-13 13:29:36,874 [INFO] ApiDbMcu:532 - Load IP Config File for TIM17
2026-07-13 13:29:36,877 [INFO] ApiDbMcu:532 - Load IP Config File for RCC
2026-07-13 13:29:36,878 [WARN] IPConfigManager:3811 - IP not found : TIM
2026-07-13 13:29:36,878 [WARN] CodeGenerator:4259 - IP not found : null
2026-07-13 13:29:36,884 [INFO] CodeEngine:265 - oldGeneratedFile, D:\tech\robotyka\robots\evangelion-turbo\kod\motor_driver\Core\Inc\main.h_save
2026-07-13 13:29:36,994 [INFO] CodeEngine:289 - Generated code: D:\tech\robotyka\robots\evangelion-turbo\kod\motor_driver\Core\Inc\main.h
2026-07-13 13:29:36,999 [INFO] CodeEngine:265 - oldGeneratedFile, D:\tech\robotyka\robots\evangelion-turbo\kod\motor_driver\Core\Src\main.c_save
2026-07-13 13:29:37,122 [INFO] CodeEngine:289 - Generated code: D:\tech\robotyka\robots\evangelion-turbo\kod\motor_driver\Core\Src\main.c
2026-07-13 13:29:37,405 [INFO] ProjectBuilder:3606 - Time for Copy HAL[1] : 136mS.
2026-07-13 13:29:37,407 [INFO] ProjectBuilder:5216 - Project Generator version: 4.7.0-B52
2026-07-13 13:29:37,518 [INFO] ConfigFileManager:1595 - The Die is : DIE468
2026-07-13 13:29:37,532 [INFO] ApiDbMcu:532 - Load IP Config File for FATFS
2026-07-13 13:29:37,547 [INFO] ApiDbMcu:532 - Load IP Config File for FREERTOS
2026-07-13 13:29:37,562 [INFO] ApiDbMcu:532 - Load IP Config File for USBPD
2026-07-13 13:29:37,575 [INFO] ApiDbMcu:532 - Load IP Config File for USB_DEVICE
2026-07-13 13:29:38,963 [INFO] ProjectBuilder:5496 - Time for Generating toolchain IDE Files: 1555mS.
2026-07-13 13:29:38,963 [INFO] ProjectBuilder:3463 - Time for Copy CMSIS : 0mS.
2026-07-13 13:29:38,964 [INFO] ProjectBuilder:3463 - Time for Copy CMSIS : 0mS.
2026-07-13 13:57:13,331 [INFO] MainUpdater:2872 - connection check result : 10
2026-07-13 13:57:13,331 [INFO] MainUpdater:2872 - connection check result : 10
2026-07-13 13:57:13,349 [INFO] LogOutputStream:77 - [STDOUT_REDIRECT] Nominal 
2026-07-13 13:57:13,350 [INFO] MicroXplorer:468 - Change Database Path : 
2026-07-13 13:57:13,351 [INFO] MicroXplorer:498 - Change Database Version : DB.6.0.150
2026-07-13 13:57:13,406 [ERROR] ProjectManagerView:395 - 
java.lang.NullPointerException: Cannot invoke "javax.swing.JTextField.getText()" because the return value of "java.util.List.get(int)" is null
	at com.st.microxplorer.plugins.projectmanager.gui.ProjectChoiceTab$9.caretUpdate(ProjectChoiceTab.java:2706) ~[filemanager.jar:?]
	at javax.swing.text.JTextComponent.fireCaretUpdate(JTextComponent.java:408) ~[?:?]
	at javax.swing.text.JTextComponent$MutableCaretEvent.fire(JTextComponent.java:4484) ~[?:?]
	at javax.swing.text.JTextComponent$MutableCaretEvent.stateChanged(JTextComponent.java:4506) ~[?:?]
	at javax.swing.text.DefaultCaret.fireStateChanged(DefaultCaret.java:857) ~[?:?]
	at javax.swing.text.DefaultCaret.changeCaretPosition(DefaultCaret.java:1343) ~[?:?]
	at javax.swing.text.DefaultCaret.handleSetDot(DefaultCaret.java:1242) ~[?:?]
	at javax.swing.text.DefaultCaret.setDot(DefaultCaret.java:1223) ~[?:?]
	at javax.swing.text.DefaultCaret$Handler.insertUpdate(DefaultCaret.java:1819) ~[?:?]
	at javax.swing.text.AbstractDocument.fireInsertUpdate(AbstractDocument.java:227) ~[?:?]
	at javax.swing.text.AbstractDocument.handleInsertString(AbstractDocument.java:781) ~[?:?]
	at javax.swing.text.AbstractDocument.insertString(AbstractDocument.java:740) ~[?:?]
	at javax.swing.text.PlainDocument.insertString(PlainDocument.java:131) ~[?:?]
	at javax.swing.text.AbstractDocument.replace(AbstractDocument.java:699) ~[?:?]
	at javax.swing.text.JTextComponent.setText(JTextComponent.java:1725) ~[?:?]
	at com.st.microxplorer.plugins.projectmanager.gui.ProjectChoiceTab.createHeapStackFields(ProjectChoiceTab.java:993) ~[filemanager.jar:?]
	at com.st.microxplorer.plugins.projectmanager.gui.ProjectChoiceTab.buildLinkSettingsPanel(ProjectChoiceTab.java:3813) ~[filemanager.jar:?]
	at com.st.microxplorer.plugins.projectmanager.gui.ProjectChoiceTab.defineWindowsFields(ProjectChoiceTab.java:1987) ~[filemanager.jar:?]
	at com.st.microxplorer.plugins.projectmanager.gui.ProjectChoiceTab.updateSettings(ProjectChoiceTab.java:558) ~[filemanager.jar:?]
	at com.st.microxplorer.plugins.projectmanager.gui.ProjectSettingsPanel.UpdateDialog(ProjectSettingsPanel.java:247) ~[filemanager.jar:?]
	at com.st.microxplorer.plugins.projectmanager.ProjectManagerView.propertyChange(ProjectManagerView.java:392) ~[filemanager.jar:?]
	at java.beans.PropertyChangeSupport.fire(PropertyChangeSupport.java:343) ~[?:?]
	at java.beans.PropertyChangeSupport.firePropertyChange(PropertyChangeSupport.java:335) ~[?:?]
	at java.beans.PropertyChangeSupport.firePropertyChange(PropertyChangeSupport.java:268) ~[?:?]
	at com.st.microxplorer.util.MXPropertyChangeSupport.firePropertyChange(MXPropertyChangeSupport.java:54) ~[STM32CubeMX.jar:?]
	at com.st.microxplorer.mxsystem.MxSystem.closeConfig(MxSystem.java:899) ~[STM32CubeMX.jar:?]
	at com.st.microxplorer.maingui.MainPanel.closeConfig(MainPanel.java:792) ~[STM32CubeMX.jar:?]
	at com.st.microxplorer.plugins.filemanager.engine.OpenFileManager.loadConfigurationFile(OpenFileManager.java:288) ~[filemanager.jar:?]
	at com.st.microxplorer.plugins.filemanager.engine.MainFileManager.userLoadConfig(MainFileManager.java:364) ~[filemanager.jar:?]
	at com.st.microxplorer.plugins.filemanager.engine.MainFileManager.userLoadConfig(MainFileManager.java:342) ~[filemanager.jar:?]
	at com.st.microxplorer.plugins.filemanager.FileManagerView.getSpecificTask(FileManagerView.java:264) ~[filemanager.jar:?]
	at com.st.stm32cube.common.mx.editor.CubeMxEditor.getMxTabbedPaneInstance(CubeMxEditor.java:1198) ~[com.st.stm32cube.common.mx_6.15.0.202507011659/:?]
	at com.st.stm32cube.common.mx.editor.CubeMxEditor$12$1.createSwingComponent(CubeMxEditor.java:1068) ~[com.st.stm32cube.common.mx_6.15.0.202507011659/:?]
	at com.st.stm32cube.common.mx.oss.core.awtswtbridge.EmbeddedSwingComposite.doComponentCreation(EmbeddedSwingComposite.java:492) ~[com.st.stm32cube.common.mx.oss_6.15.0.202507011659/:?]
	at com.st.stm32cube.common.mx.oss.core.awtswtbridge.EmbeddedSwingComposite$4.run(EmbeddedSwingComposite.java:291) ~[com.st.stm32cube.common.mx.oss_6.15.0.202507011659/:?]
	at com.st.stm32cube.common.mx.oss.core.awtswtbridge.AwtEnvironment$2.run(AwtEnvironment.java:166) ~[com.st.stm32cube.common.mx.oss_6.15.0.202507011659/:?]
	at java.awt.event.InvocationEvent.dispatch(InvocationEvent.java:318) ~[?:?]
	at java.awt.EventQueue.dispatchEventImpl(EventQueue.java:773) ~[?:?]
	at java.awt.EventQueue$4.run(EventQueue.java:720) ~[?:?]
	at java.awt.EventQueue$4.run(EventQueue.java:714) ~[?:?]
	at java.security.AccessController.doPrivileged(AccessController.java:400) ~[?:?]
	at java.security.ProtectionDomain$JavaSecurityAccessImpl.doIntersectionPrivilege(ProtectionDomain.java:87) ~[?:?]
	at java.awt.EventQueue.dispatchEvent(EventQueue.java:742) ~[?:?]
	at java.awt.EventDispatchThread.pumpOneEventForFilters(EventDispatchThread.java:203) ~[?:?]
	at java.awt.EventDispatchThread.pumpEventsForFilter(EventDispatchThread.java:124) ~[?:?]
	at java.awt.EventDispatchThread.pumpEventsForHierarchy(EventDispatchThread.java:113) ~[?:?]
	at java.awt.EventDispatchThread.pumpEvents(EventDispatchThread.java:109) ~[?:?]
	at java.awt.EventDispatchThread.pumpEvents(EventDispatchThread.java:101) ~[?:?]
	at java.awt.EventDispatchThread.run(EventDispatchThread.java:90) ~[?:?]
2026-07-13 13:57:13,409 [WARN] ThirdParty:871 - waiting for thirdparty lock release [close project]
2026-07-13 13:57:13,409 [INFO] ThirdParty:873 - entering critical section [close project]
2026-07-13 13:57:13,410 [INFO] ThirdParty:883 - exiting critical section [close project]
2026-07-13 13:57:13,413 [INFO] PinOutPanel:1589 - setPackage(No Configuration,No Configuration)
2026-07-13 13:57:13,428 [INFO] UtilMem:75 - Begin LoadConfig() Used Memory: 933304560 Bytes (1073741824)
2026-07-13 13:57:13,429 [INFO] MicroXplorer:468 - Change Database Path : 
2026-07-13 13:57:13,429 [INFO] MicroXplorer:498 - Change Database Version : DB.6.0.150
2026-07-13 13:57:13,429 [INFO] OpenFileManager:355 - Change cursor
2026-07-13 13:57:13,471 [INFO] RulesReader:64 - Compatibility file has been processed (317 Rules)
2026-07-13 13:57:13,497 [INFO] Mcu:2029 - Initializing MCU STM32H562RIVx STM32H562RIVx STM32H562RIV6
2026-07-13 13:57:14,793 [WARN] Context:803 - Trying to add IP SBS in context CortexM33 not assigned to a contextSplit
2026-07-13 13:57:16,584 [WARN] Context:803 - Trying to add IP BOOTPATH in context CortexM33 not assigned to a contextSplit
2026-07-13 13:57:16,615 [INFO] Context:786 - Trying to add GPIOservice into a context  which must be forbidden
2026-07-13 13:57:16,616 [INFO] Context:786 - Trying to add GPIOservice into a context  which must be forbidden
2026-07-13 13:57:16,616 [INFO] Context:786 - Trying to add GPIOservice into a context  which must be forbidden
2026-07-13 13:57:16,616 [WARN] Context:803 - Trying to add IP GPIO in context CortexM33 not assigned to a contextSplit
2026-07-13 13:57:17,747 [INFO] ImportTextPane:234 - (OptionalMessage_ERROR) Pin50 (VP_RIF_VS_RIF1) cannot be retrieved for this MCU
2026-07-13 13:57:17,828 [WARN] ModelIntegratedComponent:63 - No mode defined for component null
2026-07-13 13:57:17,828 [WARN] ModelIntegratedComponent:63 - No mode defined for component null
2026-07-13 13:57:17,829 [WARN] ModelIntegratedComponent:63 - No mode defined for component null
2026-07-13 13:57:17,829 [WARN] ModelIntegratedComponent:63 - No mode defined for component null
2026-07-13 13:57:17,829 [WARN] ModelIntegratedComponent:63 - No mode defined for component null
2026-07-13 13:57:17,829 [WARN] ModelIntegratedComponent:63 - No mode defined for component null
2026-07-13 13:57:17,829 [WARN] ModelIntegratedComponent:63 - No mode defined for component null
2026-07-13 13:57:17,829 [WARN] ModelIntegratedComponent:63 - No mode defined for component null
2026-07-13 13:57:17,829 [WARN] ModelIntegratedComponent:63 - No mode defined for component null
2026-07-13 13:57:17,829 [WARN] ModelIntegratedComponent:63 - No mode defined for component null
2026-07-13 13:57:17,829 [WARN] ModelIntegratedComponent:63 - No mode defined for component null
2026-07-13 13:57:17,829 [WARN] ModelIntegratedComponent:63 - No mode defined for component null
2026-07-13 13:57:17,829 [WARN] ModelIntegratedComponent:63 - No mode defined for component null
2026-07-13 13:57:17,829 [WARN] ModelIntegratedComponent:63 - No mode defined for component null
2026-07-13 13:57:17,829 [WARN] ModelIntegratedComponent:63 - No mode defined for component null
2026-07-13 13:57:17,829 [WARN] ModelIntegratedComponent:63 - No mode defined for component null
2026-07-13 13:57:17,829 [WARN] ModelIntegratedComponent:63 - No mode defined for component null
2026-07-13 13:57:17,829 [WARN] ModelIntegratedComponent:63 - No mode defined for component null
2026-07-13 13:57:17,829 [WARN] ModelIntegratedComponent:63 - No mode defined for component null
2026-07-13 13:57:17,829 [WARN] ModelIntegratedComponent:63 - No mode defined for component null
2026-07-13 13:57:17,829 [WARN] ModelIntegratedComponent:63 - No mode defined for component null
2026-07-13 13:57:17,829 [WARN] ModelIntegratedComponent:63 - No mode defined for component null
2026-07-13 13:57:17,829 [WARN] ModelIntegratedComponent:63 - No mode defined for component null
2026-07-13 13:57:17,829 [WARN] ModelIntegratedComponent:63 - No mode defined for component null
2026-07-13 13:57:17,829 [WARN] ModelIntegratedComponent:63 - No mode defined for component null
2026-07-13 13:57:17,829 [WARN] ModelIntegratedComponent:63 - No mode defined for component null
2026-07-13 13:57:17,829 [WARN] ModelIntegratedComponent:63 - No mode defined for component null
2026-07-13 13:57:17,830 [WARN] ModelIntegratedComponent:63 - No mode defined for component null
2026-07-13 13:57:17,830 [WARN] ModelIntegratedComponent:63 - No mode defined for component null
2026-07-13 13:57:17,830 [WARN] ModelIntegratedComponent:63 - No mode defined for component null
2026-07-13 13:57:17,830 [WARN] ModelIntegratedComponent:63 - No mode defined for component null
2026-07-13 13:57:17,830 [WARN] ModelIntegratedComponent:63 - No mode defined for component null
2026-07-13 13:57:17,830 [WARN] ModelIntegratedComponent:63 - No mode defined for component null
2026-07-13 13:57:17,830 [WARN] ModelIntegratedComponent:63 - No mode defined for component null
2026-07-13 13:57:17,830 [WARN] ModelIntegratedComponent:63 - No mode defined for component null
2026-07-13 13:57:17,830 [WARN] ModelPack:524 - Component already loaded: STMicroelectronics:HAL Drivers:0.0.0:STMicroelectronics:Device:STMicro_Driver:XSPI:HAL::0.0.1:HAL_XSPI
2026-07-13 13:57:17,955 [INFO] RtosManager:558 - Registered RTOS mode: class=RTOS, group=ThreadX, mode=Core, owner=THREADX
2026-07-13 13:57:18,032 [INFO] ThirdPartyModel:298 - Start build external matchings
2026-07-13 13:57:18,640 [INFO] ThirdPartyModel:316 - End build external matchings
2026-07-13 13:57:18,676 [INFO] ImportTextPane:234 - (OptionalMessage_ERROR) IP (BOOTPATH) : Invalid parameter (BootPathName)
2026-07-13 13:57:18,681 [WARN] IP:2250 - DATAEXCHANGEDESRCBYTE_GPDMACH5 not found: check if there is a RefParameter without a condition.
2026-07-13 13:57:18,681 [WARN] IP:2250 - DATAEXCHANGEDESTHALFWORD_GPDMACH5 not found: check if there is a RefParameter without a condition.
2026-07-13 13:57:18,685 [WARN] IP:2250 - DATAEXCHANGEDESRCBYTE_GPDMACH4 not found: check if there is a RefParameter without a condition.
2026-07-13 13:57:18,685 [WARN] IP:2250 - DATAEXCHANGEDESTHALFWORD_GPDMACH4 not found: check if there is a RefParameter without a condition.
2026-07-13 13:57:18,688 [WARN] IP:2250 - DATAEXCHANGEDESRCBYTE_GPDMACH2 not found: check if there is a RefParameter without a condition.
2026-07-13 13:57:18,689 [WARN] IP:2250 - DATAEXCHANGEDESTHALFWORD_GPDMACH2 not found: check if there is a RefParameter without a condition.
2026-07-13 13:57:18,693 [WARN] IP:2250 - DATAEXCHANGEDESRCBYTE_GPDMACH1 not found: check if there is a RefParameter without a condition.
2026-07-13 13:57:18,693 [WARN] IP:2250 - DATAEXCHANGEDESTHALFWORD_GPDMACH1 not found: check if there is a RefParameter without a condition.
2026-07-13 13:57:18,697 [WARN] IP:2250 - DATAEXCHANGEDESRCBYTE_GPDMACH5 not found: check if there is a RefParameter without a condition.
2026-07-13 13:57:18,697 [WARN] IP:2250 - DATAEXCHANGEDESTHALFWORD_GPDMACH5 not found: check if there is a RefParameter without a condition.
2026-07-13 13:57:18,701 [WARN] IP:2250 - DATAEXCHANGEDESRCBYTE_GPDMACH4 not found: check if there is a RefParameter without a condition.
2026-07-13 13:57:18,701 [WARN] IP:2250 - DATAEXCHANGEDESTHALFWORD_GPDMACH4 not found: check if there is a RefParameter without a condition.
2026-07-13 13:57:18,705 [WARN] IP:2250 - DATAEXCHANGEDESRCBYTE_GPDMACH2 not found: check if there is a RefParameter without a condition.
2026-07-13 13:57:18,705 [WARN] IP:2250 - DATAEXCHANGEDESTHALFWORD_GPDMACH2 not found: check if there is a RefParameter without a condition.
2026-07-13 13:57:18,709 [WARN] IP:2250 - DATAEXCHANGEDESRCBYTE_GPDMACH0 not found: check if there is a RefParameter without a condition.
2026-07-13 13:57:18,709 [WARN] IP:2250 - DATAEXCHANGEDESTHALFWORD_GPDMACH0 not found: check if there is a RefParameter without a condition.
2026-07-13 13:57:19,098 [INFO] UtilMem:75 - End LoadConfig() Used Memory: 988100016 Bytes (1073741824)
2026-07-13 13:57:19,165 [WARN] ThirdParty:833 - waiting for thirdparty lock release [change project]
2026-07-13 13:57:19,165 [INFO] ThirdParty:835 - entering critical section [change project]
2026-07-13 13:57:19,165 [INFO] ThirdParty:1030 - CMSIS Pack Vendor :STMicroelectronics X-CUBE-AZRTOS-H7 3.5.0
2026-07-13 13:57:19,165 [INFO] ThirdParty:1030 - CMSIS Pack Vendor :STMicroelectronics X-CUBE-PM33A1 1.0.0
2026-07-13 13:57:19,165 [INFO] ThirdParty:1030 - CMSIS Pack Vendor :STMicroelectronics USBPD 4.1
2026-07-13 13:57:19,165 [INFO] ThirdParty:1030 - CMSIS Pack Vendor :STMicroelectronics USB_HOST 2.0.0
2026-07-13 13:57:19,166 [INFO] ThirdParty:1030 - CMSIS Pack Vendor :STMicroelectronics FP-SNS-MOTENVWB1 1.4.0
2026-07-13 13:57:19,166 [INFO] ThirdParty:1030 - CMSIS Pack Vendor :STMicroelectronics X-CUBE-AZRTOS-F4 1.1.0
2026-07-13 13:57:19,166 [INFO] ThirdParty:1030 - CMSIS Pack Vendor :STMicroelectronics LIBJPEG 8.0.0
2026-07-13 13:57:19,166 [INFO] ThirdParty:1030 - CMSIS Pack Vendor :STMicroelectronics FP-ATR-ASTRA1 2.0.2
2026-07-13 13:57:19,166 [INFO] ThirdParty:1030 - CMSIS Pack Vendor :STMicroelectronics FP-ATR-ASTRA1 2.0.1
2026-07-13 13:57:19,166 [INFO] ThirdParty:1030 - CMSIS Pack Vendor :Avnet-IotConnect X-CUBE-IoTC-DA16k-PMOD 1.0.0
2026-07-13 13:57:19,166 [INFO] ThirdParty:1030 - CMSIS Pack Vendor :STMicroelectronics X-CUBE-SMBUS 2.1.0
2026-07-13 13:57:19,166 [INFO] ThirdParty:1030 - CMSIS Pack Vendor :STMicroelectronics X-CUBE-WB05N 1.1.0
2026-07-13 13:57:19,166 [INFO] ThirdParty:1030 - CMSIS Pack Vendor :STMicroelectronics X-CUBE-IPS 3.2.0
2026-07-13 13:57:19,166 [INFO] ThirdParty:1030 - CMSIS Pack Vendor :STMicroelectronics eDS-WB_DPC_TT-BIDIR 2.1.1
2026-07-13 13:57:19,166 [INFO] ThirdParty:1030 - CMSIS Pack Vendor :STMicroelectronics X-CUBE-ST60 1.0.0
2026-07-13 13:57:19,166 [INFO] ThirdParty:1030 - CMSIS Pack Vendor :STMicroelectronics X-CUBE-NFC12 1.0.0
2026-07-13 13:57:19,166 [INFO] ThirdParty:1030 - CMSIS Pack Vendor :STMicroelectronics X-CUBE-AZRTOS-F7 1.1.0
2026-07-13 13:57:19,166 [INFO] ThirdParty:1030 - CMSIS Pack Vendor :STMicroelectronics X-CUBE-AZRTOS-L5 2.0.0
2026-07-13 13:57:19,166 [INFO] ThirdParty:1030 - CMSIS Pack Vendor :STMicroelectronics USB_DEVICE 2.0.0
2026-07-13 13:57:19,166 [INFO] ThirdParty:1030 - CMSIS Pack Vendor :STMicroelectronics X-CUBE-FREERTOS 1.6.0
2026-07-13 13:57:19,166 [INFO] ThirdParty:1030 - CMSIS Pack Vendor :STMicroelectronics X-CUBE-NFC6 3.1.0
2026-07-13 13:57:19,166 [INFO] ThirdParty:1030 - CMSIS Pack Vendor :STMicroelectronics X-CUBE-ALGOBUILD 1.5.0
2026-07-13 13:57:19,166 [INFO] ThirdParty:1030 - CMSIS Pack Vendor :STMicroelectronics FP-SNS-MOTENV1 5.1.0
2026-07-13 13:57:19,166 [INFO] ThirdParty:1030 - CMSIS Pack Vendor :STMicroelectronics FreeRTOS 0.0.1
2026-07-13 13:57:19,166 [INFO] ThirdParty:1030 - CMSIS Pack Vendor :STMicroelectronics X-CUBE-AZRTOS-H7RS 1.3.0
2026-07-13 13:57:19,166 [INFO] ThirdParty:1030 - CMSIS Pack Vendor :STMicroelectronics X-CUBE-DPower 1.2.0
2026-07-13 13:57:19,166 [INFO] ThirdParty:1030 - CMSIS Pack Vendor :STMicroelectronics eDS-WB_DPC_VIENNA 1.2.0
2026-07-13 13:57:19,167 [INFO] ThirdParty:1030 - CMSIS Pack Vendor :STMicroelectronics FP-SNS-FLIGHT1 5.0.2
2026-07-13 13:57:19,167 [INFO] ThirdParty:1030 - CMSIS Pack Vendor :STMicroelectronics eDS-WB_DPC_3PH2L-BIDIR 1.1.1
2026-07-13 13:57:19,167 [INFO] ThirdParty:1030 - CMSIS Pack Vendor :Infineon AIROC-Wi-Fi-Bluetooth-STM32 1.7.0
2026-07-13 13:57:19,167 [INFO] ThirdParty:1030 - CMSIS Pack Vendor :STMicroelectronics PDM2PCM 3.3.0
2026-07-13 13:57:19,167 [INFO] ThirdParty:1030 - CMSIS Pack Vendor :STMicroelectronics X-CUBE-AZRTOS-H7 3.4.0
2026-07-13 13:57:19,167 [INFO] ThirdParty:1030 - CMSIS Pack Vendor :STMicroelectronics X-CUBE-DISPLAY 3.0.0
2026-07-13 13:57:19,167 [INFO] ThirdParty:1030 - CMSIS Pack Vendor :STMicroelectronics X-CUBE-GNSS1 7.1.1
2026-07-13 13:57:19,167 [INFO] ThirdParty:1030 - CMSIS Pack Vendor :STMicroelectronics FP-SNS-MOTENVWB1 1.5.0
2026-07-13 13:57:19,167 [INFO] ThirdParty:1030 - CMSIS Pack Vendor :STMicroelectronics X-CUBE-BLE1 7.0.0
2026-07-13 13:57:19,167 [INFO] ThirdParty:1030 - CMSIS Pack Vendor :STMicroelectronics X-CUBE-NFC10 1.0.0
2026-07-13 13:57:19,167 [INFO] ThirdParty:1030 - CMSIS Pack Vendor :STMicroelectronics X-CUBE-BLEMGR 4.0.0
2026-07-13 13:57:19,167 [INFO] ThirdParty:1030 - CMSIS Pack Vendor :STMicroelectronics X-CUBE-FREERTOS 1.3.1
2026-07-13 13:57:19,167 [INFO] ThirdParty:1030 - CMSIS Pack Vendor :STMicroelectronics HAL Drivers 0.0.0
2026-07-13 13:57:19,167 [INFO] ThirdParty:1030 - CMSIS Pack Vendor :STMicroelectronics X-CUBE-ST60 1.1.0
2026-07-13 13:57:19,167 [INFO] ThirdParty:1030 - CMSIS Pack Vendor :emotas I-CUBE-CANOPEN 1.3.0
2026-07-13 13:57:19,168 [INFO] ThirdParty:1030 - CMSIS Pack Vendor :STMicroelectronics X-CUBE-FREERTOS 1.3.0
2026-07-13 13:57:19,168 [INFO] ThirdParty:1030 - CMSIS Pack Vendor :STMicroelectronics X-CUBE-NFC7 1.0.1
2026-07-13 13:57:19,168 [INFO] ThirdParty:1030 - CMSIS Pack Vendor :STMicroelectronics MBEDTLS 2.14.1
2026-07-13 13:57:19,168 [INFO] ThirdParty:1030 - CMSIS Pack Vendor :STMicroelectronics X-CUBE-GNSS1 7.1.0
2026-07-13 13:57:19,168 [INFO] ThirdParty:1030 - CMSIS Pack Vendor :STMicroelectronics X-CUBE-TOUCHGFX 4.26.0
2026-07-13 13:57:19,168 [INFO] ThirdParty:1030 - CMSIS Pack Vendor :STMicroelectronics X-CUBE-TOUCHGFX 4.26.1
2026-07-13 13:57:19,168 [INFO] ThirdParty:1030 - CMSIS Pack Vendor :STMicroelectronics X-CUBE-AI 10.0.0
2026-07-13 13:57:19,168 [INFO] ThirdParty:1030 - CMSIS Pack Vendor :STMicroelectronics FP-SNS-STBOX1 2.1.0
2026-07-13 13:57:19,168 [INFO] ThirdParty:1030 - CMSIS Pack Vendor :STMicroelectronics FP-SNS-STAIOTCFT 1.0.0
2026-07-13 13:57:19,168 [INFO] ThirdParty:1030 - CMSIS Pack Vendor :STMicroelectronics FP-SNS-SMARTAG2 1.2.0
2026-07-13 13:57:19,168 [INFO] ThirdParty:1030 - CMSIS Pack Vendor :STMicroelectronics FP-SNS-FLIGHT1 5.1.0
2026-07-13 13:57:19,168 [INFO] ThirdParty:1030 - CMSIS Pack Vendor :STMicroelectronics X-CUBE-MEMS1 11.1.0
2026-07-13 13:57:19,168 [INFO] ThirdParty:1030 - CMSIS Pack Vendor :STMicroelectronics X-CUBE-AZRTOS-WL 2.0.0
2026-07-13 13:57:19,168 [INFO] ThirdParty:1030 - CMSIS Pack Vendor :STMicroelectronics X-CUBE-DPower 1.3.0
2026-07-13 13:57:19,168 [INFO] ThirdParty:1030 - CMSIS Pack Vendor :STMicroelectronics FP-SNS-MOTENV1 5.0.0
2026-07-13 13:57:19,168 [INFO] ThirdParty:1030 - CMSIS Pack Vendor :STMicroelectronics USB_DEVICE 1.0.0
2026-07-13 13:57:19,168 [INFO] ThirdParty:1030 - CMSIS Pack Vendor :STMicroelectronics X-CUBE-AZRTOS-H7RS 1.2.0
2026-07-13 13:57:19,168 [INFO] ThirdParty:1030 - CMSIS Pack Vendor :STMicroelectronics X-CUBE-AZRTOS-L4 2.0.0
2026-07-13 13:57:19,168 [INFO] ThirdParty:1030 - CMSIS Pack Vendor :STMicroelectronics ThreadX 0.0.2
2026-07-13 13:57:19,168 [INFO] ThirdParty:1030 - CMSIS Pack Vendor :WES I-CUBE-Cesium 1.3.0
2026-07-13 13:57:19,168 [INFO] ThirdParty:1030 - CMSIS Pack Vendor :STMicroelectronics lwIP 2.1.2
2026-07-13 13:57:19,169 [INFO] ThirdParty:1030 - CMSIS Pack Vendor :STMicroelectronics X-CUBE-SFXS2LP1 4.0.0
2026-07-13 13:57:19,169 [INFO] ThirdParty:1030 - CMSIS Pack Vendor :STMicroelectronics X-CUBE-BLE2 3.3.0
2026-07-13 13:57:19,169 [INFO] ThirdParty:1030 - CMSIS Pack Vendor :Avnet-IOTCONNECT X-CUBE-iotc-st67-sdk 1.0.0
2026-07-13 13:57:19,169 [INFO] ThirdParty:1030 - CMSIS Pack Vendor :STMicroelectronics PDM2PCM 3.2.0
2026-07-13 13:57:19,169 [INFO] ThirdParty:1030 - CMSIS Pack Vendor :STMicroelectronics X-CUBE-WB05N 2.1.0
2026-07-13 13:57:19,169 [INFO] ThirdParty:1030 - CMSIS Pack Vendor :STMicroelectronics X-CUBE-ST67W61 1.2.0
2026-07-13 13:57:19,169 [INFO] ThirdParty:1030 - CMSIS Pack Vendor :STMicroelectronics X-CUBE-AZRTOS-H7 3.3.0
2026-07-13 13:57:19,169 [INFO] ThirdParty:1030 - CMSIS Pack Vendor :STMicroelectronics X-CUBE-NFC9 1.0.0
2026-07-13 13:57:19,169 [INFO] ThirdParty:1030 - CMSIS Pack Vendor :STMicroelectronics X-CUBE-BLE1 7.1.0
2026-07-13 13:57:19,169 [INFO] ThirdParty:1030 - CMSIS Pack Vendor :wolfSSL I-CUBE-wolfMQTT 1.19.2
2026-07-13 13:57:19,169 [INFO] ThirdParty:1030 - CMSIS Pack Vendor :STMicroelectronics USB_DEVICE 3.0.0
2026-07-13 13:57:19,169 [INFO] ThirdParty:1030 - CMSIS Pack Vendor :STMicroelectronics X-CUBE-FREERTOS 1.4.0
2026-07-13 13:57:19,169 [INFO] ThirdParty:1030 - CMSIS Pack Vendor :STMicroelectronics X-CUBE-EEPRMA1 5.2.0
2026-07-13 13:57:19,170 [INFO] ThirdParty:1030 - CMSIS Pack Vendor :STMicroelectronics X-CUBE-BLEMGR 4.1.0
2026-07-13 13:57:19,170 [INFO] ThirdParty:1030 - CMSIS Pack Vendor :STMicroelectronics X-CUBE-AZRTOS-WB 2.0.0
2026-07-13 13:57:19,170 [INFO] ThirdParty:1030 - CMSIS Pack Vendor :STMicroelectronics X-CUBE-GNSS1 7.0.1
2026-07-13 13:57:19,170 [INFO] ThirdParty:1030 - CMSIS Pack Vendor :STMicroelectronics X-CUBE-TOUCHGFX 4.25.0
2026-07-13 13:57:19,170 [INFO] ThirdParty:1030 - CMSIS Pack Vendor :STMicroelectronics X-CUBE-ST67W61 1.1.0
2026-07-13 13:57:19,170 [INFO] ThirdParty:1030 - CMSIS Pack Vendor :STMicroelectronics X-CUBE-AI 10.1.0
2026-07-13 13:57:19,170 [INFO] ThirdParty:1030 - CMSIS Pack Vendor :STMicroelectronics FP-SNS-STBOX1 2.0.0
2026-07-13 13:57:19,170 [INFO] ThirdParty:1030 - CMSIS Pack Vendor :STMicroelectronics FP-SNS-STAIOTCFT 1.1.0
2026-07-13 13:57:19,170 [INFO] ThirdParty:1030 - CMSIS Pack Vendor :STMicroelectronics X-CUBE-MEMS1 12.0.0
2026-07-13 13:57:19,170 [INFO] ThirdParty:1030 - CMSIS Pack Vendor :STMicroelectronics X-CUBE-STSE01 2.0.0
2026-07-13 13:57:19,170 [INFO] ThirdParty:1030 - CMSIS Pack Vendor :STMicroelectronics X-CUBE-AZRTOS-G0 1.1.0
2026-07-13 13:57:19,170 [INFO] ThirdParty:1030 - CMSIS Pack Vendor :STMicroelectronics X-CUBE-SAFEA1 1.2.2
2026-07-13 13:57:19,170 [INFO] ThirdParty:1030 - CMSIS Pack Vendor :STMicroelectronics X-CUBE-NFC4 3.0.0
2026-07-13 13:57:19,170 [INFO] ThirdParty:1030 - CMSIS Pack Vendor :STMicroelectronics X-CUBE-SUBG2 5.0.0
2026-07-13 13:57:19,170 [INFO] ThirdParty:1030 - CMSIS Pack Vendor :STMicroelectronics X-CUBE-AZRTOS-H7RS 1.1.0
2026-07-13 13:57:19,170 [INFO] ThirdParty:1030 - CMSIS Pack Vendor :STMicroelectronics STM32_WPAN 1.0.0
2026-07-13 13:57:19,170 [INFO] ThirdParty:1030 - CMSIS Pack Vendor :EmbeddedOffice I-CUBE-FS-RTOS 1.0.1
2026-07-13 13:57:19,170 [INFO] ThirdParty:1030 - CMSIS Pack Vendor :STMicroelectronics lwIP 2.0.3
2026-07-13 13:57:19,170 [INFO] ThirdParty:1030 - CMSIS Pack Vendor :Cesanta I-CUBE-Mongoose 7.13.0
2026-07-13 13:57:19,170 [INFO] ThirdParty:1030 - CMSIS Pack Vendor :STMicroelectronics USB_HOST 1.0.0
2026-07-13 13:57:19,170 [INFO] ThirdParty:1030 - CMSIS Pack Vendor :STMicroelectronics X-CUBE-AZRTOS-G4 2.0.0
2026-07-13 13:57:19,170 [INFO] ThirdParty:1030 - CMSIS Pack Vendor :STMicroelectronics X-CUBE-WB05N 2.0.0
2026-07-13 13:57:19,170 [INFO] ThirdParty:1030 - CMSIS Pack Vendor :STMicroelectronics PDM2PCM 3.1.0
2026-07-13 13:57:19,170 [INFO] ThirdParty:1030 - CMSIS Pack Vendor :wolfSSL I-CUBE-wolfTPM 3.8.0
2026-07-13 13:57:19,170 [INFO] ThirdParty:1030 - CMSIS Pack Vendor :wolfSSL I-CUBE-wolfSSH 1.4.20
2026-07-13 13:57:19,170 [INFO] ThirdParty:1030 - CMSIS Pack Vendor :STMicroelectronics X-CUBE-NFC7 2.0.0
2026-07-13 13:57:19,170 [INFO] ThirdParty:1030 - CMSIS Pack Vendor :STMicroelectronics X-CUBE-TCPP 4.2.0
2026-07-13 13:57:19,170 [INFO] ThirdParty:1030 - CMSIS Pack Vendor :RealThread X-CUBE-RT-Thread_Nano 4.1.1
2026-07-13 13:57:19,170 [INFO] ThirdParty:1030 - CMSIS Pack Vendor :STMicroelectronics FP-ATR-SIGFOX1 3.2.0
2026-07-13 13:57:19,170 [INFO] ThirdParty:1030 - CMSIS Pack Vendor :quantropi X-CUBE-qispace-sdk-base 1.9.3
2026-07-13 13:57:19,170 [INFO] ThirdParty:1030 - CMSIS Pack Vendor :STMicroelectronics X-CUBE-EEPRMA1 5.1.0
2026-07-13 13:57:19,170 [INFO] ThirdParty:1030 - CMSIS Pack Vendor :STMicroelectronics X-CUBE-FREERTOS 1.5.0
2026-07-13 13:57:19,170 [INFO] ThirdParty:1030 - CMSIS Pack Vendor :STMicroelectronics MBEDTLS 2.16.2
2026-07-13 13:57:19,170 [INFO] ThirdParty:1030 - CMSIS Pack Vendor :STMicroelectronics X-CUBE-IPS 3.1.0
2026-07-13 13:57:19,170 [INFO] ThirdParty:1030 - CMSIS Pack Vendor :STMicroelectronics X-CUBE-ALS 1.0.2
2026-07-13 13:57:19,170 [INFO] ThirdParty:1030 - CMSIS Pack Vendor :wolfSSL I-CUBE-wolfSSL 5.7.6
2026-07-13 13:57:19,170 [INFO] ThirdParty:1030 - CMSIS Pack Vendor :ITTIA_DB I-CUBE-ITTIADB 8.9.0
2026-07-13 13:57:19,170 [INFO] ThirdParty:1030 - CMSIS Pack Vendor :STMicroelectronics X-CUBE-TOUCHGFX 4.24.2
2026-07-13 13:57:19,170 [INFO] ThirdParty:1030 - CMSIS Pack Vendor :STMicroelectronics X-CUBE-STSE01 1.0.0
2026-07-13 13:57:19,170 [INFO] ThirdParty:1030 - CMSIS Pack Vendor :portGmbH I-Cube-SoM-uGOAL 1.1.0
2026-07-13 13:57:19,170 [INFO] ThirdParty:1030 - CMSIS Pack Vendor :STMicroelectronics X-CUBE-NFC6 3.2.0
2026-07-13 13:57:19,170 [INFO] ThirdParty:1030 - CMSIS Pack Vendor :STMicroelectronics X-CUBE-ST67W61 1.0.0
2026-07-13 13:57:19,170 [INFO] ThirdParty:1030 - CMSIS Pack Vendor :STMicroelectronics X-CUBE-AI 10.2.1
2026-07-13 13:57:19,170 [INFO] ThirdParty:1030 - CMSIS Pack Vendor :STMicroelectronics X-CUBE-AI 10.2.0
2026-07-13 13:57:19,170 [INFO] ThirdParty:1030 - CMSIS Pack Vendor :STMicroelectronics ThreadX 1.0.0
2026-07-13 13:57:19,170 [INFO] ThirdParty:1030 - CMSIS Pack Vendor :STMicroelectronics X-CUBE-MEMS1 12.1.0
2026-07-13 13:57:19,170 [INFO] ThirdParty:1030 - CMSIS Pack Vendor :SEGGER I-CUBE-embOS 1.3.1
2026-07-13 13:57:19,170 [INFO] ThirdParty:1030 - CMSIS Pack Vendor :STMicroelectronics X-CUBE-ALGOBUILD 1.4.0
2026-07-13 13:57:19,170 [INFO] ThirdParty:1030 - CMSIS Pack Vendor :STMicroelectronics X-CUBE-MEMS1 11.3.0
2026-07-13 13:57:19,171 [INFO] ThirdParty:1030 - CMSIS Pack Vendor :STMicroelectronics X-CUBE-AZRTOS-H7RS 1.0.0
2026-07-13 13:57:19,171 [INFO] ThirdParty:1030 - CMSIS Pack Vendor :STMicroelectronics X-CUBE-TOF1 3.4.2
2026-07-13 13:57:19,171 [INFO] ThirdParty:1030 - CMSIS Pack Vendor :STMicroelectronics X-CUBE-TOF1 3.4.3
2026-07-13 13:57:19,171 [INFO] ThirdParty:1030 - CMSIS Pack Vendor :STMicroelectronics X-CUBE-AI 9.1.0
2026-07-13 13:57:19,171 [INFO] ThirdParty:1030 - CMSIS Pack Vendor :STMicroelectronics X-CUBE-NFC13 1.0.0
2026-07-13 13:57:19,171 [INFO] ThirdParty:841 - exiting critical section [change project]
2026-07-13 13:57:19,533 [INFO] PinOutPanel:1589 - setPackage(No Configuration,No Configuration)
2026-07-13 13:57:19,534 [INFO] PinOutPanel:1589 - setPackage(STM32H562RIVx,VFQFPN68)
2026-07-13 13:57:19,579 [WARN] IP:2250 - rccPrivilegeSecure not found: check if there is a RefParameter without a condition.
2026-07-13 13:57:19,580 [WARN] IP:2250 - rccSecurity not found: check if there is a RefParameter without a condition.
2026-07-13 13:57:19,761 [WARN] IP:2250 - rccPrivilegeSecure not found: check if there is a RefParameter without a condition.
2026-07-13 13:57:19,761 [WARN] IP:2250 - rccSecurity not found: check if there is a RefParameter without a condition.
2026-07-13 13:57:20,203 [WARN] IP:2250 - rccPrivilegeSecure not found: check if there is a RefParameter without a condition.
2026-07-13 13:57:20,204 [WARN] IP:2250 - rccSecurity not found: check if there is a RefParameter without a condition.
2026-07-13 13:57:20,220 [INFO] UtilMem:75 - Before build in PCC Used Memory: 928382880 Bytes (1073741824)
2026-07-13 13:57:20,736 [INFO] UtilMem:75 - After build in PCC Used Memory: 993841856 Bytes (1073741824)
2026-07-13 13:57:20,759 [INFO] IPUIPlugin:80 - create IPUIPlugin
2026-07-13 13:57:20,759 [INFO] IPUIPlugin:80 - create IPUIPlugin
2026-07-13 13:57:20,759 [INFO] IPUIPlugin:80 - create IPUIPlugin
2026-07-13 13:57:20,759 [INFO] IPUIPlugin:80 - create IPUIPlugin
2026-07-13 13:57:20,759 [INFO] IPUIPlugin:80 - create IPUIPlugin
2026-07-13 13:57:20,760 [INFO] IPUIPlugin:80 - create IPUIPlugin
2026-07-13 13:57:20,760 [INFO] IPUIPlugin:80 - create IPUIPlugin
2026-07-13 13:57:20,760 [INFO] IPUIPlugin:80 - create IPUIPlugin
2026-07-13 13:57:20,760 [INFO] IPUIPlugin:80 - create IPUIPlugin
2026-07-13 13:57:20,760 [INFO] IPUIPlugin:80 - create IPUIPlugin
2026-07-13 13:57:20,760 [INFO] IPUIPlugin:80 - create IPUIPlugin
2026-07-13 13:57:20,760 [INFO] IPUIPlugin:80 - create IPUIPlugin
2026-07-13 13:57:20,760 [INFO] IPUIPlugin:80 - create IPUIPlugin
2026-07-13 13:57:20,760 [INFO] IPUIPlugin:80 - create IPUIPlugin
2026-07-13 13:57:20,760 [INFO] IPUIPlugin:80 - create IPUIPlugin
2026-07-13 13:57:20,760 [INFO] IPUIPlugin:80 - create IPUIPlugin
2026-07-13 13:57:20,760 [INFO] IPUIPlugin:80 - create IPUIPlugin
2026-07-13 13:57:20,760 [INFO] IPUIPlugin:80 - create IPUIPlugin
2026-07-13 13:57:20,760 [INFO] IPUIPlugin:80 - create IPUIPlugin
2026-07-13 13:57:20,761 [INFO] IPUIPlugin:80 - create IPUIPlugin
2026-07-13 13:57:20,761 [INFO] IPUIPlugin:80 - create IPUIPlugin
2026-07-13 13:57:20,761 [INFO] IPUIPlugin:80 - create IPUIPlugin
2026-07-13 13:57:20,761 [INFO] IPUIPlugin:80 - create IPUIPlugin
2026-07-13 13:57:20,761 [INFO] IPUIPlugin:80 - create IPUIPlugin
2026-07-13 13:57:20,761 [INFO] IPUIPlugin:80 - create IPUIPlugin
2026-07-13 13:57:20,761 [INFO] IPUIPlugin:80 - create IPUIPlugin
2026-07-13 13:57:20,761 [INFO] IPUIPlugin:80 - create IPUIPlugin
2026-07-13 13:57:20,761 [INFO] IPUIPlugin:80 - create IPUIPlugin
2026-07-13 13:57:20,761 [INFO] IPUIPlugin:80 - create IPUIPlugin
2026-07-13 13:57:20,761 [INFO] IPUIPlugin:80 - create IPUIPlugin
2026-07-13 13:57:20,761 [INFO] IPUIPlugin:80 - create IPUIPlugin
2026-07-13 13:57:20,761 [INFO] IPUIPlugin:80 - create IPUIPlugin
2026-07-13 13:57:20,761 [INFO] IPUIPlugin:80 - create IPUIPlugin
2026-07-13 13:57:20,762 [INFO] IPUIPlugin:80 - create IPUIPlugin
2026-07-13 13:57:20,762 [INFO] IPUIPlugin:80 - create IPUIPlugin
2026-07-13 13:57:20,762 [INFO] IPUIPlugin:80 - create IPUIPlugin
2026-07-13 13:57:20,762 [INFO] IPUIPlugin:80 - create IPUIPlugin
2026-07-13 13:57:20,762 [INFO] IPUIPlugin:80 - create IPUIPlugin
2026-07-13 13:57:20,762 [INFO] IPUIPlugin:80 - create IPUIPlugin
2026-07-13 13:57:20,762 [INFO] IPUIPlugin:80 - create IPUIPlugin
2026-07-13 13:57:20,762 [INFO] IPUIPlugin:80 - create IPUIPlugin
2026-07-13 13:57:20,762 [INFO] IPUIPlugin:80 - create IPUIPlugin
2026-07-13 13:57:20,763 [INFO] IPUIPlugin:80 - create IPUIPlugin
2026-07-13 13:57:20,763 [INFO] IPUIPlugin:80 - create IPUIPlugin
2026-07-13 13:57:20,763 [INFO] IPUIPlugin:80 - create IPUIPlugin
2026-07-13 13:57:20,763 [INFO] IPUIPlugin:80 - create IPUIPlugin
2026-07-13 13:57:20,763 [INFO] IPUIPlugin:80 - create IPUIPlugin
2026-07-13 13:57:20,763 [INFO] IPUIPlugin:80 - create IPUIPlugin
2026-07-13 13:57:20,763 [INFO] IPUIPlugin:80 - create IPUIPlugin
2026-07-13 13:57:20,764 [INFO] IPUIPlugin:80 - create IPUIPlugin
2026-07-13 13:57:20,764 [INFO] IPUIPlugin:80 - create IPUIPlugin
2026-07-13 13:57:20,764 [INFO] IPUIPlugin:80 - create IPUIPlugin
2026-07-13 13:57:20,764 [INFO] IPUIPlugin:80 - create IPUIPlugin
2026-07-13 13:57:20,764 [INFO] IPUIPlugin:80 - create IPUIPlugin
2026-07-13 13:57:20,764 [INFO] IPUIPlugin:80 - create IPUIPlugin
2026-07-13 13:57:20,764 [INFO] IPUIPlugin:80 - create IPUIPlugin
2026-07-13 13:57:20,764 [INFO] IPUIPlugin:80 - create IPUIPlugin
2026-07-13 13:57:20,764 [INFO] IPUIPlugin:80 - create IPUIPlugin
2026-07-13 13:57:20,765 [INFO] IPUIPlugin:80 - create IPUIPlugin
2026-07-13 13:57:20,765 [INFO] IPUIPlugin:80 - create IPUIPlugin
2026-07-13 13:57:20,765 [INFO] IPUIPlugin:80 - create IPUIPlugin
2026-07-13 13:57:20,765 [INFO] IPUIPlugin:80 - create IPUIPlugin
2026-07-13 13:57:20,765 [INFO] IPUIPlugin:80 - create IPUIPlugin
2026-07-13 13:57:20,766 [INFO] IPUIPlugin:80 - create IPUIPlugin
2026-07-13 13:57:20,766 [INFO] IPUIPlugin:80 - create IPUIPlugin
2026-07-13 13:57:20,766 [INFO] IPUIPlugin:80 - create IPUIPlugin
2026-07-13 13:57:20,766 [INFO] IPUIPlugin:80 - create IPUIPlugin
2026-07-13 13:57:20,766 [INFO] IPUIPlugin:80 - create IPUIPlugin
2026-07-13 13:57:20,767 [INFO] IPUIPlugin:80 - create IPUIPlugin
2026-07-13 13:57:20,767 [INFO] IPUIPlugin:80 - create IPUIPlugin
2026-07-13 13:57:20,767 [INFO] IPUIPlugin:80 - create IPUIPlugin
2026-07-13 13:57:20,767 [INFO] IPUIPlugin:80 - create IPUIPlugin
2026-07-13 13:57:20,767 [INFO] IPUIPlugin:80 - create IPUIPlugin
2026-07-13 13:57:20,767 [INFO] IPUIPlugin:80 - create IPUIPlugin
2026-07-13 13:57:20,768 [INFO] IPUIPlugin:80 - create IPUIPlugin
2026-07-13 13:57:20,773 [INFO] IPUIPlugin:80 - create IPUIPlugin
2026-07-13 13:57:20,773 [INFO] IPUIPlugin:80 - create IPUIPlugin
2026-07-13 13:57:20,773 [INFO] IPUIPlugin:80 - create IPUIPlugin
2026-07-13 13:57:20,773 [INFO] IPUIPlugin:80 - create IPUIPlugin
2026-07-13 13:57:20,774 [INFO] IPUIPlugin:80 - create IPUIPlugin
2026-07-13 13:57:20,774 [INFO] IPUIPlugin:80 - create IPUIPlugin
2026-07-13 13:57:20,774 [INFO] IPUIPlugin:80 - create IPUIPlugin
2026-07-13 13:57:20,774 [INFO] IPUIPlugin:80 - create IPUIPlugin
2026-07-13 13:57:20,774 [INFO] IPUIPlugin:80 - create IPUIPlugin
2026-07-13 13:57:20,775 [INFO] IPUIPlugin:80 - create IPUIPlugin
2026-07-13 13:57:20,775 [INFO] IPUIPlugin:80 - create IPUIPlugin
2026-07-13 13:57:20,775 [INFO] IPUIPlugin:80 - create IPUIPlugin
2026-07-13 13:57:20,775 [INFO] IPUIPlugin:80 - create IPUIPlugin
2026-07-13 13:57:20,775 [INFO] IPUIPlugin:80 - create IPUIPlugin
2026-07-13 13:57:20,776 [INFO] IPUIPlugin:80 - create IPUIPlugin
2026-07-13 13:57:20,776 [INFO] IPUIPlugin:80 - create IPUIPlugin
2026-07-13 13:57:20,776 [INFO] IPUIPlugin:80 - create IPUIPlugin
2026-07-13 13:57:20,788 [INFO] LogOutputStream:77 - [STDOUT_REDIRECT] Nominal 
2026-07-13 13:57:20,788 [INFO] Can:71 - Can Add PropertyChangeListener com.st.microxplorer.plugins.ip.can.Can@107c9dc
2026-07-13 13:57:20,803 [INFO] ProjectChoiceTab:3673 - Project Structure = Dual Non Secure / Secure
2026-07-13 13:57:20,922 [INFO] CADModel:165 - CPN selected for project levelSTM32H562RIV6
2026-07-13 13:57:20,922 [INFO] CADModel:114 - Register for checkConnection events
2026-07-13 13:57:20,997 [INFO] OpenFileManager:386 - Restore cursor
2026-07-13 13:57:21,086 [WARN] IP:2250 - DATAEXCHANGEDESRCBYTE_GPDMACH5 not found: check if there is a RefParameter without a condition.
2026-07-13 13:57:21,086 [WARN] IP:2250 - DATAEXCHANGEDESTHALFWORD_GPDMACH5 not found: check if there is a RefParameter without a condition.
2026-07-13 13:57:21,091 [WARN] IP:2250 - DATAEXCHANGEDESRCBYTE_GPDMACH4 not found: check if there is a RefParameter without a condition.
2026-07-13 13:57:21,091 [WARN] IP:2250 - DATAEXCHANGEDESTHALFWORD_GPDMACH4 not found: check if there is a RefParameter without a condition.
2026-07-13 13:57:21,095 [WARN] IP:2250 - DATAEXCHANGEDESRCBYTE_GPDMACH2 not found: check if there is a RefParameter without a condition.
2026-07-13 13:57:21,096 [WARN] IP:2250 - DATAEXCHANGEDESTHALFWORD_GPDMACH2 not found: check if there is a RefParameter without a condition.
2026-07-13 13:57:21,101 [WARN] IP:2250 - DATAEXCHANGEDESRCBYTE_GPDMACH1 not found: check if there is a RefParameter without a condition.
2026-07-13 13:57:21,101 [WARN] IP:2250 - DATAEXCHANGEDESTHALFWORD_GPDMACH1 not found: check if there is a RefParameter without a condition.
2026-07-13 13:57:21,119 [WARN] IP:2250 - DATAEXCHANGEDESRCBYTE_GPDMACH0 not found: check if there is a RefParameter without a condition.
2026-07-13 13:57:21,119 [WARN] IP:2250 - DATAEXCHANGEDESTHALFWORD_GPDMACH0 not found: check if there is a RefParameter without a condition.
2026-07-13 13:57:21,236 [WARN] IP:2250 - PinAttribute not found: check if there is a RefParameter without a condition.
2026-07-13 13:57:21,237 [WARN] IP:2250 - PinAttribute not found: check if there is a RefParameter without a condition.
2026-07-13 13:57:21,237 [WARN] IP:2250 - PinAttribute not found: check if there is a RefParameter without a condition.
2026-07-13 13:57:21,244 [WARN] IP:2250 - PinAttribute not found: check if there is a RefParameter without a condition.
2026-07-13 13:57:21,245 [WARN] IP:2250 - PinAttribute not found: check if there is a RefParameter without a condition.
2026-07-13 13:57:21,246 [WARN] IP:2250 - PinAttribute not found: check if there is a RefParameter without a condition.
2026-07-13 13:57:21,246 [WARN] IP:2250 - PinAttribute not found: check if there is a RefParameter without a condition.
2026-07-13 13:57:21,253 [WARN] IP:2250 - PinAttribute not found: check if there is a RefParameter without a condition.
2026-07-13 13:57:21,253 [WARN] IP:2250 - pwrPrivilegeSecure not found: check if there is a RefParameter without a condition.
2026-07-13 13:57:21,254 [WARN] IP:2250 - pwrPrivilegeNSecure not found: check if there is a RefParameter without a condition.
2026-07-13 13:57:21,254 [WARN] IP:2250 - PWR_WKUP1 not found: check if there is a RefParameter without a condition.
2026-07-13 13:57:21,254 [WARN] IP:2250 - PWR_WKUP2 not found: check if there is a RefParameter without a condition.
2026-07-13 13:57:21,254 [WARN] IP:2250 - PWR_WKUP3 not found: check if there is a RefParameter without a condition.
2026-07-13 13:57:21,254 [WARN] IP:2250 - PWR_WKUP4 not found: check if there is a RefParameter without a condition.
2026-07-13 13:57:21,254 [WARN] IP:2250 - PWR_WKUP5 not found: check if there is a RefParameter without a condition.
2026-07-13 13:57:21,254 [WARN] IP:2250 - PWR_WKUP6 not found: check if there is a RefParameter without a condition.
2026-07-13 13:57:21,254 [WARN] IP:2250 - PWR_WKUP7 not found: check if there is a RefParameter without a condition.
2026-07-13 13:57:21,254 [WARN] IP:2250 - PWR_WKUP8 not found: check if there is a RefParameter without a condition.
2026-07-13 13:57:21,254 [WARN] IP:2250 - PWR_LPM not found: check if there is a RefParameter without a condition.
2026-07-13 13:57:21,254 [WARN] IP:2250 - PWR_VB not found: check if there is a RefParameter without a condition.
2026-07-13 13:57:21,254 [WARN] IP:2250 - PWR_IO not found: check if there is a RefParameter without a condition.
2026-07-13 13:57:21,254 [WARN] IP:2250 - PWR_SCM not found: check if there is a RefParameter without a condition.
2026-07-13 13:57:21,254 [WARN] IP:2250 - PWR_VUSB not found: check if there is a RefParameter without a condition.
2026-07-13 13:57:21,254 [WARN] IP:2250 - PinAttribute not found: check if there is a RefParameter without a condition.
2026-07-13 13:57:21,255 [WARN] IP:2250 - PinAttribute not found: check if there is a RefParameter without a condition.
2026-07-13 13:57:21,255 [WARN] IP:2250 - PinAttribute not found: check if there is a RefParameter without a condition.
2026-07-13 13:57:21,261 [WARN] IP:2250 - PinAttribute not found: check if there is a RefParameter without a condition.
2026-07-13 13:57:21,261 [WARN] IP:2250 - PinAttribute not found: check if there is a RefParameter without a condition.
2026-07-13 13:57:21,262 [WARN] IP:2250 - PinAttribute not found: check if there is a RefParameter without a condition.
2026-07-13 13:57:21,279 [WARN] IP:2250 - rccPrivilegeSecure not found: check if there is a RefParameter without a condition.
2026-07-13 13:57:21,279 [WARN] IP:2250 - rccSecurity not found: check if there is a RefParameter without a condition.
2026-07-13 13:57:21,314 [WARN] IP:2250 - PinAttribute not found: check if there is a RefParameter without a condition.
2026-07-13 13:57:21,314 [WARN] IP:2250 - PinAttribute not found: check if there is a RefParameter without a condition.
2026-07-13 13:57:21,314 [WARN] IP:2250 - PinAttribute not found: check if there is a RefParameter without a condition.
2026-07-13 13:57:21,318 [WARN] IP:2250 - PinAttribute not found: check if there is a RefParameter without a condition.
2026-07-13 13:57:21,318 [WARN] IP:2250 - PinAttribute not found: check if there is a RefParameter without a condition.
2026-07-13 13:57:21,318 [WARN] IP:2250 - PinAttribute not found: check if there is a RefParameter without a condition.
2026-07-13 13:57:21,318 [WARN] IP:2250 - PinAttribute not found: check if there is a RefParameter without a condition.
2026-07-13 13:57:21,318 [WARN] IP:2250 - PinAttribute not found: check if there is a RefParameter without a condition.
2026-07-13 13:57:21,318 [WARN] IP:2250 - PinAttribute not found: check if there is a RefParameter without a condition.
2026-07-13 13:57:21,318 [WARN] IP:2250 - PinAttribute not found: check if there is a RefParameter without a condition.
2026-07-13 13:57:21,318 [WARN] IP:2250 - PinAttribute not found: check if there is a RefParameter without a condition.
2026-07-13 13:57:21,318 [WARN] IP:2250 - PinAttribute not found: check if there is a RefParameter without a condition.
2026-07-13 13:57:21,319 [WARN] IP:2250 - PinAttribute not found: check if there is a RefParameter without a condition.
2026-07-13 13:57:21,319 [WARN] IP:2250 - PinAttribute not found: check if there is a RefParameter without a condition.
2026-07-13 13:57:21,319 [WARN] IP:2250 - PinAttribute not found: check if there is a RefParameter without a condition.
2026-07-13 13:57:21,322 [WARN] IP:2250 - PinAttribute not found: check if there is a RefParameter without a condition.
2026-07-13 13:57:21,322 [WARN] IP:2250 - PinAttribute not found: check if there is a RefParameter without a condition.
2026-07-13 13:57:21,322 [WARN] IP:2250 - PinAttribute not found: check if there is a RefParameter without a condition.
2026-07-13 13:57:21,322 [WARN] IP:2250 - PinAttribute not found: check if there is a RefParameter without a condition.
2026-07-13 13:57:21,322 [WARN] IP:2250 - PinAttribute not found: check if there is a RefParameter without a condition.
2026-07-13 13:57:21,322 [WARN] IP:2250 - PinAttribute not found: check if there is a RefParameter without a condition.
2026-07-13 13:57:21,322 [WARN] IP:2250 - PinAttribute not found: check if there is a RefParameter without a condition.
2026-07-13 13:57:21,322 [WARN] IP:2250 - PinAttribute not found: check if there is a RefParameter without a condition.
2026-07-13 13:57:21,322 [WARN] IP:2250 - PinAttribute not found: check if there is a RefParameter without a condition.
2026-07-13 13:57:21,323 [WARN] IP:2250 - rccPrivilegeSecure not found: check if there is a RefParameter without a condition.
2026-07-13 13:57:21,323 [WARN] IP:2250 - rccSecurity not found: check if there is a RefParameter without a condition.
2026-07-13 13:57:21,334 [WARN] IP:2250 - rccPrivilegeSecure not found: check if there is a RefParameter without a condition.
2026-07-13 13:57:21,334 [WARN] IP:2250 - rccSecurity not found: check if there is a RefParameter without a condition.
2026-07-13 13:57:21,351 [WARN] IP:2250 - PinAttribute not found: check if there is a RefParameter without a condition.
2026-07-13 13:57:21,351 [WARN] IP:2250 - PinAttribute not found: check if there is a RefParameter without a condition.
2026-07-13 13:57:21,352 [WARN] IP:2250 - PinAttribute not found: check if there is a RefParameter without a condition.
2026-07-13 13:57:21,355 [WARN] IP:2250 - PinAttribute not found: check if there is a RefParameter without a condition.
2026-07-13 13:57:21,355 [WARN] IP:2250 - PinAttribute not found: check if there is a RefParameter without a condition.
2026-07-13 13:57:21,356 [WARN] IP:2250 - PinAttribute not found: check if there is a RefParameter without a condition.
2026-07-13 13:57:21,360 [WARN] IP:2250 - PinAttribute not found: check if there is a RefParameter without a condition.
2026-07-13 13:57:21,360 [WARN] IP:2250 - PinAttribute not found: check if there is a RefParameter without a condition.
2026-07-13 13:57:21,361 [WARN] IP:2250 - PinAttribute not found: check if there is a RefParameter without a condition.
2026-07-13 13:57:21,365 [WARN] IP:2250 - PinAttribute not found: check if there is a RefParameter without a condition.
2026-07-13 13:57:21,366 [WARN] IP:2250 - PinAttribute not found: check if there is a RefParameter without a condition.
2026-07-13 13:57:21,366 [WARN] IP:2250 - PinAttribute not found: check if there is a RefParameter without a condition.
2026-07-13 13:57:21,366 [WARN] IP:2250 - PinAttribute not found: check if there is a RefParameter without a condition.
2026-07-13 13:57:21,367 [WARN] IP:2250 - PinAttribute not found: check if there is a RefParameter without a condition.
2026-07-13 13:57:21,370 [WARN] IP:2250 - PinAttribute not found: check if there is a RefParameter without a condition.
2026-07-13 13:57:21,370 [WARN] IP:2250 - PinAttribute not found: check if there is a RefParameter without a condition.
2026-07-13 13:57:21,371 [WARN] IP:2250 - PinAttribute not found: check if there is a RefParameter without a condition.
2026-07-13 13:57:21,371 [WARN] IP:2250 - PinAttribute not found: check if there is a RefParameter without a condition.
2026-07-13 13:57:21,371 [WARN] IP:2250 - PinAttribute not found: check if there is a RefParameter without a condition.
2026-07-13 13:57:21,376 [WARN] IP:2250 - PinAttribute not found: check if there is a RefParameter without a condition.
2026-07-13 13:57:21,376 [WARN] IP:2250 - PinAttribute not found: check if there is a RefParameter without a condition.
2026-07-13 13:57:21,376 [WARN] IP:2250 - PinAttribute not found: check if there is a RefParameter without a condition.
2026-07-13 13:57:21,381 [WARN] IP:2250 - PinAttribute not found: check if there is a RefParameter without a condition.
2026-07-13 13:57:21,381 [WARN] IP:2250 - PinAttribute not found: check if there is a RefParameter without a condition.
2026-07-13 13:57:21,381 [WARN] IP:2250 - PinAttribute not found: check if there is a RefParameter without a condition.
2026-07-13 13:57:21,384 [WARN] IP:2250 - PinAttribute not found: check if there is a RefParameter without a condition.
2026-07-13 13:57:21,385 [WARN] IP:2250 - PinAttribute not found: check if there is a RefParameter without a condition.
2026-07-13 13:57:21,385 [WARN] IP:2250 - PinAttribute not found: check if there is a RefParameter without a condition.
2026-07-13 13:57:21,385 [WARN] IP:2250 - PinAttribute not found: check if there is a RefParameter without a condition.
2026-07-13 13:57:21,385 [WARN] IP:2250 - PinAttribute not found: check if there is a RefParameter without a condition.
2026-07-13 13:57:21,388 [WARN] IP:2250 - PinAttribute not found: check if there is a RefParameter without a condition.
2026-07-13 13:57:21,388 [WARN] IP:2250 - PinAttribute not found: check if there is a RefParameter without a condition.
2026-07-13 13:57:21,390 [WARN] IP:2250 - PinAttribute not found: check if there is a RefParameter without a condition.
2026-07-13 13:57:21,390 [WARN] IP:2250 - PinAttribute not found: check if there is a RefParameter without a condition.
2026-07-13 13:57:21,390 [WARN] IP:2250 - PinAttribute not found: check if there is a RefParameter without a condition.
2026-07-13 13:57:21,394 [WARN] IP:2250 - PinAttribute not found: check if there is a RefParameter without a condition.
2026-07-13 13:57:21,394 [WARN] IP:2250 - PinAttribute not found: check if there is a RefParameter without a condition.
2026-07-13 13:57:21,394 [WARN] IP:2250 - PinAttribute not found: check if there is a RefParameter without a condition.
2026-07-13 13:57:21,394 [WARN] IP:2250 - PinAttribute not found: check if there is a RefParameter without a condition.
2026-07-13 13:57:21,395 [WARN] IP:2250 - PinAttribute not found: check if there is a RefParameter without a condition.
2026-07-13 13:57:21,398 [WARN] IP:2250 - PinAttribute not found: check if there is a RefParameter without a condition.
2026-07-13 13:57:21,398 [WARN] IP:2250 - PinAttribute not found: check if there is a RefParameter without a condition.
2026-07-13 13:57:21,407 [WARN] IP:2250 - PinAttribute not found: check if there is a RefParameter without a condition.
2026-07-13 13:57:21,407 [WARN] IP:2250 - PinAttribute not found: check if there is a RefParameter without a condition.
2026-07-13 13:57:21,407 [WARN] IP:2250 - PinAttribute not found: check if there is a RefParameter without a condition.
2026-07-13 13:57:21,411 [WARN] IP:2250 - PinAttribute not found: check if there is a RefParameter without a condition.
2026-07-13 13:57:21,411 [WARN] IP:2250 - PinAttribute not found: check if there is a RefParameter without a condition.
2026-07-13 13:57:21,411 [WARN] IP:2250 - PinAttribute not found: check if there is a RefParameter without a condition.
2026-07-13 13:57:21,423 [WARN] IP:2250 - PinAttribute not found: check if there is a RefParameter without a condition.
2026-07-13 13:57:21,423 [WARN] IP:2250 - PinAttribute not found: check if there is a RefParameter without a condition.
2026-07-13 13:57:21,424 [WARN] IP:2250 - PinAttribute not found: check if there is a RefParameter without a condition.
2026-07-13 13:57:21,427 [WARN] IP:2250 - PinAttribute not found: check if there is a RefParameter without a condition.
2026-07-13 13:57:21,428 [WARN] IP:2250 - PinAttribute not found: check if there is a RefParameter without a condition.
2026-07-13 13:57:21,428 [WARN] IP:2250 - PinAttribute not found: check if there is a RefParameter without a condition.
2026-07-13 13:57:21,439 [WARN] IP:2250 - PinAttribute not found: check if there is a RefParameter without a condition.
2026-07-13 13:57:21,440 [WARN] IP:2250 - PinAttribute not found: check if there is a RefParameter without a condition.
2026-07-13 13:57:21,440 [WARN] IP:2250 - PinAttribute not found: check if there is a RefParameter without a condition.
2026-07-13 13:57:21,443 [WARN] IP:2250 - PinAttribute not found: check if there is a RefParameter without a condition.
2026-07-13 13:57:21,443 [WARN] IP:2250 - PinAttribute not found: check if there is a RefParameter without a condition.
2026-07-13 13:57:21,443 [WARN] IP:2250 - PinAttribute not found: check if there is a RefParameter without a condition.
2026-07-13 13:57:21,447 [WARN] IP:2250 - PinAttribute not found: check if there is a RefParameter without a condition.
2026-07-13 13:57:21,447 [WARN] IP:2250 - PinAttribute not found: check if there is a RefParameter without a condition.
2026-07-13 13:57:21,447 [WARN] IP:2250 - PinAttribute not found: check if there is a RefParameter without a condition.
2026-07-13 13:57:21,450 [WARN] IP:2250 - PinAttribute not found: check if there is a RefParameter without a condition.
2026-07-13 13:57:21,450 [WARN] IP:2250 - PinAttribute not found: check if there is a RefParameter without a condition.
2026-07-13 13:57:21,450 [WARN] IP:2250 - PinAttribute not found: check if there is a RefParameter without a condition.
2026-07-13 13:57:21,450 [WARN] IP:2250 - PinAttribute not found: check if there is a RefParameter without a condition.
2026-07-13 13:57:21,450 [WARN] IP:2250 - PinAttribute not found: check if there is a RefParameter without a condition.
2026-07-13 13:57:21,453 [WARN] IP:2250 - PinAttribute not found: check if there is a RefParameter without a condition.
2026-07-13 13:57:21,454 [WARN] IP:2250 - PinAttribute not found: check if there is a RefParameter without a condition.
2026-07-13 13:57:21,454 [WARN] IP:2250 - PinAttribute not found: check if there is a RefParameter without a condition.
2026-07-13 13:57:21,455 [WARN] IP:2250 - PinAttribute not found: check if there is a RefParameter without a condition.
2026-07-13 13:57:21,455 [WARN] IP:2250 - PinAttribute not found: check if there is a RefParameter without a condition.
2026-07-13 13:57:21,458 [WARN] IP:2250 - PinAttribute not found: check if there is a RefParameter without a condition.
2026-07-13 13:57:21,458 [WARN] IP:2250 - PinAttribute not found: check if there is a RefParameter without a condition.
2026-07-13 13:57:21,459 [WARN] IP:2250 - PinAttribute not found: check if there is a RefParameter without a condition.
2026-07-13 13:57:21,459 [WARN] IP:2250 - PinAttribute not found: check if there is a RefParameter without a condition.
2026-07-13 13:57:21,459 [WARN] IP:2250 - PinAttribute not found: check if there is a RefParameter without a condition.
2026-07-13 13:57:21,462 [WARN] IP:2250 - PinAttribute not found: check if there is a RefParameter without a condition.
2026-07-13 13:57:21,462 [WARN] IP:2250 - PinAttribute not found: check if there is a RefParameter without a condition.
2026-07-13 13:57:21,465 [WARN] IP:2250 - DATAEXCHANGEDESRCBYTE_GPDMACH0 not found: check if there is a RefParameter without a condition.
2026-07-13 13:57:21,465 [WARN] IP:2250 - DATAEXCHANGEDESTHALFWORD_GPDMACH0 not found: check if there is a RefParameter without a condition.
2026-07-13 13:57:21,470 [WARN] IP:2250 - DATAEXCHANGEDESRCBYTE_GPDMACH0 not found: check if there is a RefParameter without a condition.
2026-07-13 13:57:21,470 [WARN] IP:2250 - DATAEXCHANGEDESTHALFWORD_GPDMACH0 not found: check if there is a RefParameter without a condition.
2026-07-13 13:57:21,473 [WARN] IP:2250 - PinAttribute not found: check if there is a RefParameter without a condition.
2026-07-13 13:57:21,473 [WARN] IP:2250 - PinAttribute not found: check if there is a RefParameter without a condition.
2026-07-13 13:57:21,473 [WARN] IP:2250 - PinAttribute not found: check if there is a RefParameter without a condition.
2026-07-13 13:57:21,497 [WARN] IP:2250 - PinAttribute not found: check if there is a RefParameter without a condition.
2026-07-13 13:57:21,497 [WARN] IP:2250 - PinAttribute not found: check if there is a RefParameter without a condition.
2026-07-13 13:57:21,498 [WARN] IP:2250 - PinAttribute not found: check if there is a RefParameter without a condition.
2026-07-13 13:57:21,504 [WARN] IP:2250 - DATAEXCHANGEDESRCBYTE_GPDMACH5 not found: check if there is a RefParameter without a condition.
2026-07-13 13:57:21,504 [WARN] IP:2250 - DATAEXCHANGEDESTHALFWORD_GPDMACH5 not found: check if there is a RefParameter without a condition.
2026-07-13 13:57:21,508 [WARN] IP:2250 - DATAEXCHANGEDESRCBYTE_GPDMACH4 not found: check if there is a RefParameter without a condition.
2026-07-13 13:57:21,508 [WARN] IP:2250 - DATAEXCHANGEDESTHALFWORD_GPDMACH4 not found: check if there is a RefParameter without a condition.
2026-07-13 13:57:21,512 [WARN] IP:2250 - DATAEXCHANGEDESRCBYTE_GPDMACH2 not found: check if there is a RefParameter without a condition.
2026-07-13 13:57:21,512 [WARN] IP:2250 - DATAEXCHANGEDESTHALFWORD_GPDMACH2 not found: check if there is a RefParameter without a condition.
2026-07-13 13:57:21,517 [WARN] IP:2250 - DATAEXCHANGEDESRCBYTE_GPDMACH1 not found: check if there is a RefParameter without a condition.
2026-07-13 13:57:21,517 [WARN] IP:2250 - DATAEXCHANGEDESTHALFWORD_GPDMACH1 not found: check if there is a RefParameter without a condition.
2026-07-13 13:57:21,535 [WARN] IP:2250 - DATAEXCHANGEDESRCBYTE_GPDMACH5 not found: check if there is a RefParameter without a condition.
2026-07-13 13:57:21,535 [WARN] IP:2250 - DATAEXCHANGEDESTHALFWORD_GPDMACH5 not found: check if there is a RefParameter without a condition.
2026-07-13 13:57:21,541 [WARN] IP:2250 - DATAEXCHANGEDESRCBYTE_GPDMACH4 not found: check if there is a RefParameter without a condition.
2026-07-13 13:57:21,541 [WARN] IP:2250 - DATAEXCHANGEDESTHALFWORD_GPDMACH4 not found: check if there is a RefParameter without a condition.
2026-07-13 13:57:21,545 [WARN] IP:2250 - DATAEXCHANGEDESRCBYTE_GPDMACH2 not found: check if there is a RefParameter without a condition.
2026-07-13 13:57:21,545 [WARN] IP:2250 - DATAEXCHANGEDESTHALFWORD_GPDMACH2 not found: check if there is a RefParameter without a condition.
2026-07-13 13:57:21,550 [WARN] IP:2250 - DATAEXCHANGEDESRCBYTE_GPDMACH1 not found: check if there is a RefParameter without a condition.
2026-07-13 13:57:21,550 [WARN] IP:2250 - DATAEXCHANGEDESTHALFWORD_GPDMACH1 not found: check if there is a RefParameter without a condition.
2026-07-13 13:57:21,564 [WARN] IP:2250 - PinAttribute not found: check if there is a RefParameter without a condition.
2026-07-13 13:57:21,564 [WARN] IP:2250 - PinAttribute not found: check if there is a RefParameter without a condition.
2026-07-13 13:57:21,564 [WARN] IP:2250 - PinAttribute not found: check if there is a RefParameter without a condition.
2026-07-13 13:57:21,569 [WARN] IP:2250 - DATAEXCHANGEDESRCBYTE_GPDMACH5 not found: check if there is a RefParameter without a condition.
2026-07-13 13:57:21,569 [WARN] IP:2250 - DATAEXCHANGEDESTHALFWORD_GPDMACH5 not found: check if there is a RefParameter without a condition.
2026-07-13 13:57:21,574 [WARN] IP:2250 - DATAEXCHANGEDESRCBYTE_GPDMACH4 not found: check if there is a RefParameter without a condition.
2026-07-13 13:57:21,574 [WARN] IP:2250 - DATAEXCHANGEDESTHALFWORD_GPDMACH4 not found: check if there is a RefParameter without a condition.
2026-07-13 13:57:21,579 [WARN] IP:2250 - DATAEXCHANGEDESRCBYTE_GPDMACH2 not found: check if there is a RefParameter without a condition.
2026-07-13 13:57:21,579 [WARN] IP:2250 - DATAEXCHANGEDESTHALFWORD_GPDMACH2 not found: check if there is a RefParameter without a condition.
2026-07-13 13:57:21,597 [WARN] IP:2250 - PinAttribute not found: check if there is a RefParameter without a condition.
2026-07-13 13:57:21,597 [WARN] IP:2250 - PinAttribute not found: check if there is a RefParameter without a condition.
2026-07-13 13:57:21,598 [WARN] IP:2250 - PinAttribute not found: check if there is a RefParameter without a condition.
2026-07-13 13:57:21,598 [WARN] IP:2250 - PinAttribute not found: check if there is a RefParameter without a condition.
2026-07-13 13:57:21,598 [WARN] IP:2250 - PinAttribute not found: check if there is a RefParameter without a condition.
2026-07-13 13:57:21,598 [WARN] IP:2250 - PinAttribute not found: check if there is a RefParameter without a condition.
2026-07-13 13:57:21,598 [WARN] IP:2250 - PinAttribute not found: check if there is a RefParameter without a condition.
2026-07-13 13:57:21,599 [WARN] IP:2250 - PinAttribute not found: check if there is a RefParameter without a condition.
2026-07-13 13:57:21,599 [WARN] IP:2250 - PinAttribute not found: check if there is a RefParameter without a condition.
2026-07-13 13:57:21,599 [WARN] IP:2250 - PinAttribute not found: check if there is a RefParameter without a condition.
2026-07-13 13:57:21,599 [WARN] IP:2250 - PinAttribute not found: check if there is a RefParameter without a condition.
2026-07-13 13:57:21,599 [WARN] IP:2250 - PinAttribute not found: check if there is a RefParameter without a condition.
2026-07-13 13:57:21,600 [WARN] IP:2250 - PinAttribute not found: check if there is a RefParameter without a condition.
2026-07-13 13:57:21,600 [WARN] IP:2250 - PinAttribute not found: check if there is a RefParameter without a condition.
2026-07-13 13:57:21,600 [WARN] IP:2250 - PinAttribute not found: check if there is a RefParameter without a condition.
2026-07-13 13:57:21,600 [WARN] IP:2250 - PinAttribute not found: check if there is a RefParameter without a condition.
2026-07-13 13:57:21,600 [WARN] IP:2250 - PinAttribute not found: check if there is a RefParameter without a condition.
2026-07-13 13:57:21,600 [WARN] IP:2250 - PinAttribute not found: check if there is a RefParameter without a condition.
2026-07-13 13:57:21,600 [WARN] IP:2250 - PinAttribute not found: check if there is a RefParameter without a condition.
2026-07-13 13:57:21,601 [WARN] IP:2250 - PinAttribute not found: check if there is a RefParameter without a condition.
2026-07-13 13:57:21,601 [WARN] IP:2250 - PinAttribute not found: check if there is a RefParameter without a condition.
2026-07-13 13:57:21,601 [WARN] IP:2250 - PinAttribute not found: check if there is a RefParameter without a condition.
2026-07-13 13:57:21,601 [WARN] IP:2250 - PinAttribute not found: check if there is a RefParameter without a condition.
2026-07-13 13:57:21,601 [WARN] IP:2250 - PinAttribute not found: check if there is a RefParameter without a condition.
2026-07-13 13:57:21,602 [WARN] IP:2250 - PinAttribute not found: check if there is a RefParameter without a condition.
2026-07-13 13:57:21,602 [WARN] IP:2250 - PinAttribute not found: check if there is a RefParameter without a condition.
2026-07-13 13:57:21,602 [WARN] IP:2250 - PinAttribute not found: check if there is a RefParameter without a condition.
2026-07-13 13:57:21,602 [WARN] IP:2250 - PinAttribute not found: check if there is a RefParameter without a condition.
2026-07-13 13:57:21,602 [WARN] IP:2250 - PinAttribute not found: check if there is a RefParameter without a condition.
2026-07-13 13:57:21,602 [WARN] IP:2250 - PinAttribute not found: check if there is a RefParameter without a condition.
2026-07-13 13:57:21,602 [WARN] IP:2250 - PinAttribute not found: check if there is a RefParameter without a condition.
2026-07-13 13:57:21,603 [WARN] IP:2250 - PinAttribute not found: check if there is a RefParameter without a condition.
2026-07-13 13:57:21,603 [WARN] IP:2250 - PinAttribute not found: check if there is a RefParameter without a condition.
2026-07-13 13:57:21,603 [WARN] IP:2250 - PinAttribute not found: check if there is a RefParameter without a condition.
2026-07-13 13:57:21,603 [WARN] IP:2250 - PinAttribute not found: check if there is a RefParameter without a condition.
2026-07-13 13:57:21,604 [WARN] IP:2250 - PinAttribute not found: check if there is a RefParameter without a condition.
2026-07-13 13:57:21,604 [WARN] IP:2250 - PinAttribute not found: check if there is a RefParameter without a condition.
2026-07-13 13:57:21,608 [WARN] IP:2250 - PinAttribute not found: check if there is a RefParameter without a condition.
2026-07-13 13:57:21,608 [WARN] IP:2250 - PinAttribute not found: check if there is a RefParameter without a condition.
2026-07-13 13:57:21,608 [WARN] IP:2250 - PinAttribute not found: check if there is a RefParameter without a condition.
2026-07-13 13:57:21,612 [WARN] IP:2250 - PinAttribute not found: check if there is a RefParameter without a condition.
2026-07-13 13:57:21,612 [WARN] IP:2250 - PinAttribute not found: check if there is a RefParameter without a condition.
2026-07-13 13:57:21,612 [WARN] IP:2250 - PinAttribute not found: check if there is a RefParameter without a condition.
2026-07-13 13:57:21,612 [WARN] IP:2250 - PinAttribute not found: check if there is a RefParameter without a condition.
2026-07-13 13:57:21,613 [WARN] IP:2250 - PinAttribute not found: check if there is a RefParameter without a condition.
2026-07-13 13:57:21,616 [WARN] IP:2250 - PinAttribute not found: check if there is a RefParameter without a condition.
2026-07-13 13:57:21,616 [WARN] IP:2250 - PinAttribute not found: check if there is a RefParameter without a condition.
2026-07-13 13:57:21,616 [WARN] IP:2250 - PinAttribute not found: check if there is a RefParameter without a condition.
2026-07-13 13:57:21,617 [WARN] IP:2250 - PinAttribute not found: check if there is a RefParameter without a condition.
2026-07-13 13:57:21,617 [WARN] IP:2250 - PinAttribute not found: check if there is a RefParameter without a condition.
2026-07-13 13:57:23,970 [WARN] IP:2250 - PinAttribute not found: check if there is a RefParameter without a condition.
2026-07-13 13:57:24,309 [WARN] IP:2250 - PinAttribute not found: check if there is a RefParameter without a condition.
2026-07-13 13:57:24,314 [WARN] IP:2250 - PinAttribute not found: check if there is a RefParameter without a condition.
2026-07-13 14:47:25,970 [WARN] IP:2250 - rccPrivilegeSecure not found: check if there is a RefParameter without a condition.
2026-07-13 14:47:25,971 [WARN] IP:2250 - rccSecurity not found: check if there is a RefParameter without a condition.
2026-07-13 14:47:26,093 [INFO] ADCParametersView:116 -                Rank 1 : false
2026-07-13 14:47:26,094 [INFO] ADCParametersView:116 -                Rank 1 : false
2026-07-13 14:47:26,094 [INFO] ADCParametersView:116 -                Rank 2 : false
2026-07-13 14:47:26,095 [INFO] ADCParametersView:116 -                Rank 1 : false
2026-07-13 14:47:26,095 [INFO] ADCParametersView:116 -                Rank 2 : false
2026-07-13 14:47:26,095 [INFO] ADCParametersView:116 -                Rank 3 : false
2026-07-13 14:47:26,096 [INFO] ADCParametersView:116 -                Rank 1 : false
2026-07-13 14:47:26,096 [INFO] ADCParametersView:116 -                Rank 2 : false
2026-07-13 14:47:26,096 [INFO] ADCParametersView:116 -                Rank 3 : false
2026-07-13 14:47:26,096 [INFO] ADCParametersView:116 -                Rank 4 : false
2026-07-13 14:47:26,096 [INFO] ADCParametersView:116 -                Rank 1 : false
2026-07-13 14:47:26,096 [INFO] ADCParametersView:116 -                Rank 2 : false
2026-07-13 14:47:26,096 [INFO] ADCParametersView:116 -                Rank 3 : false
2026-07-13 14:47:26,097 [INFO] ADCParametersView:116 -                Rank 4 : false
2026-07-13 14:47:26,097 [INFO] ADCParametersView:116 -                Rank 5 : false
2026-07-13 14:47:26,097 [INFO] ADCParametersView:116 -                Rank 1 : false
2026-07-13 14:47:26,097 [INFO] ADCParametersView:116 -                Rank 2 : false
2026-07-13 14:47:26,097 [INFO] ADCParametersView:116 -                Rank 3 : false
2026-07-13 14:47:26,097 [INFO] ADCParametersView:116 -                Rank 4 : false
2026-07-13 14:47:26,097 [INFO] ADCParametersView:116 -                Rank 5 : false
2026-07-13 14:47:26,097 [INFO] ADCParametersView:116 -                Rank 6 : false
2026-07-13 14:47:26,098 [INFO] ADCParametersView:116 -                Rank 1 : false
2026-07-13 14:47:26,098 [INFO] ADCParametersView:116 -                Rank 2 : false
2026-07-13 14:47:26,098 [INFO] ADCParametersView:116 -                Rank 3 : false
2026-07-13 14:47:26,098 [INFO] ADCParametersView:116 -                Rank 4 : false
2026-07-13 14:47:26,098 [INFO] ADCParametersView:116 -                Rank 5 : false
2026-07-13 14:47:26,098 [INFO] ADCParametersView:116 -                Rank 6 : false
2026-07-13 14:47:26,098 [INFO] ADCParametersView:116 -                Rank 7 : false
2026-07-13 14:47:26,098 [INFO] ADCParametersView:116 -                Rank 1 : false
2026-07-13 14:47:26,098 [INFO] ADCParametersView:116 -                Rank 2 : false
2026-07-13 14:47:26,098 [INFO] ADCParametersView:116 -                Rank 3 : false
2026-07-13 14:47:26,099 [INFO] ADCParametersView:116 -                Rank 4 : false
2026-07-13 14:47:26,099 [INFO] ADCParametersView:116 -                Rank 5 : false
2026-07-13 14:47:26,099 [INFO] ADCParametersView:116 -                Rank 6 : false
2026-07-13 14:47:26,099 [INFO] ADCParametersView:116 -                Rank 7 : false
2026-07-13 14:47:26,099 [INFO] ADCParametersView:116 -                Rank 8 : false
2026-07-13 14:47:26,099 [INFO] ADCParametersView:116 -                Rank 1 : false
2026-07-13 14:47:26,099 [INFO] ADCParametersView:116 -                Rank 2 : false
2026-07-13 14:47:26,099 [INFO] ADCParametersView:116 -                Rank 3 : false
2026-07-13 14:47:26,099 [INFO] ADCParametersView:116 -                Rank 4 : false
2026-07-13 14:47:26,099 [INFO] ADCParametersView:116 -                Rank 5 : false
2026-07-13 14:47:26,099 [INFO] ADCParametersView:116 -                Rank 6 : false
2026-07-13 14:47:26,100 [INFO] ADCParametersView:116 -                Rank 7 : false
2026-07-13 14:47:26,100 [INFO] ADCParametersView:116 -                Rank 8 : false
2026-07-13 14:47:26,100 [INFO] ADCParametersView:116 -                Rank 9 : false
2026-07-13 14:47:26,101 [WARN] IP:2250 - PinAttribute not found: check if there is a RefParameter without a condition.
2026-07-13 14:47:26,102 [WARN] IP:2250 - PinAttribute not found: check if there is a RefParameter without a condition.
2026-07-13 14:47:26,102 [WARN] IP:2250 - PinAttribute not found: check if there is a RefParameter without a condition.
2026-07-13 14:47:26,112 [WARN] IP:2250 - PinAttribute not found: check if there is a RefParameter without a condition.
2026-07-13 14:47:26,113 [WARN] IP:2250 - PinAttribute not found: check if there is a RefParameter without a condition.
2026-07-13 14:47:26,113 [WARN] IP:2250 - PinAttribute not found: check if there is a RefParameter without a condition.
2026-07-13 14:47:26,113 [WARN] IP:2250 - PinAttribute not found: check if there is a RefParameter without a condition.
2026-07-13 14:47:26,113 [WARN] IP:2250 - PinAttribute not found: check if there is a RefParameter without a condition.
2026-07-13 14:47:26,113 [WARN] IP:2250 - PinAttribute not found: check if there is a RefParameter without a condition.
2026-07-13 14:47:26,114 [WARN] IP:2250 - PinAttribute not found: check if there is a RefParameter without a condition.
2026-07-13 14:47:26,114 [WARN] IP:2250 - PinAttribute not found: check if there is a RefParameter without a condition.
2026-07-13 14:47:26,114 [WARN] IP:2250 - PinAttribute not found: check if there is a RefParameter without a condition.
2026-07-13 14:47:26,116 [WARN] IP:2250 - PinAttribute not found: check if there is a RefParameter without a condition.
2026-07-13 14:47:26,116 [WARN] IP:2250 - PinAttribute not found: check if there is a RefParameter without a condition.
2026-07-13 14:47:26,116 [WARN] IP:2250 - PinAttribute not found: check if there is a RefParameter without a condition.
2026-07-13 14:47:26,126 [WARN] IP:2250 - PinAttribute not found: check if there is a RefParameter without a condition.
2026-07-13 14:47:26,127 [WARN] IP:2250 - PinAttribute not found: check if there is a RefParameter without a condition.
2026-07-13 14:47:26,127 [WARN] IP:2250 - PinAttribute not found: check if there is a RefParameter without a condition.
2026-07-13 14:47:26,163 [WARN] IP:2250 - PinAttribute not found: check if there is a RefParameter without a condition.
2026-07-13 14:47:26,164 [WARN] IP:2250 - PinAttribute not found: check if there is a RefParameter without a condition.
2026-07-13 14:47:26,164 [WARN] IP:2250 - PinAttribute not found: check if there is a RefParameter without a condition.
2026-07-13 14:47:26,164 [WARN] IP:2250 - PinAttribute not found: check if there is a RefParameter without a condition.
2026-07-13 14:47:26,164 [WARN] IP:2250 - PinAttribute not found: check if there is a RefParameter without a condition.
2026-07-13 14:47:26,165 [WARN] IP:2250 - PinAttribute not found: check if there is a RefParameter without a condition.
2026-07-13 14:47:26,165 [WARN] IP:2250 - PinAttribute not found: check if there is a RefParameter without a condition.
2026-07-13 14:47:26,165 [WARN] IP:2250 - PinAttribute not found: check if there is a RefParameter without a condition.
2026-07-13 14:47:26,165 [WARN] IP:2250 - PinAttribute not found: check if there is a RefParameter without a condition.
2026-07-13 14:47:26,166 [WARN] IP:2250 - PinAttribute not found: check if there is a RefParameter without a condition.
2026-07-13 14:47:26,166 [WARN] IP:2250 - PinAttribute not found: check if there is a RefParameter without a condition.
2026-07-13 14:47:26,166 [WARN] IP:2250 - PinAttribute not found: check if there is a RefParameter without a condition.
2026-07-13 14:47:26,167 [WARN] IP:2250 - PinAttribute not found: check if there is a RefParameter without a condition.
2026-07-13 14:47:26,167 [WARN] IP:2250 - PinAttribute not found: check if there is a RefParameter without a condition.
2026-07-13 14:47:26,167 [WARN] IP:2250 - PinAttribute not found: check if there is a RefParameter without a condition.
2026-07-13 14:47:26,168 [WARN] IP:2250 - PinAttribute not found: check if there is a RefParameter without a condition.
2026-07-13 14:47:26,168 [WARN] IP:2250 - PinAttribute not found: check if there is a RefParameter without a condition.
2026-07-13 14:47:26,168 [WARN] IP:2250 - PinAttribute not found: check if there is a RefParameter without a condition.
2026-07-13 14:47:26,169 [WARN] IP:2250 - PinAttribute not found: check if there is a RefParameter without a condition.
2026-07-13 14:47:26,169 [WARN] IP:2250 - PinAttribute not found: check if there is a RefParameter without a condition.
2026-07-13 14:47:26,169 [WARN] IP:2250 - PinAttribute not found: check if there is a RefParameter without a condition.
2026-07-13 14:47:26,169 [WARN] IP:2250 - PinAttribute not found: check if there is a RefParameter without a condition.
2026-07-13 14:47:26,169 [WARN] IP:2250 - PinAttribute not found: check if there is a RefParameter without a condition.
2026-07-13 14:47:26,170 [WARN] IP:2250 - PinAttribute not found: check if there is a RefParameter without a condition.
2026-07-13 14:47:26,170 [WARN] IP:2250 - PinAttribute not found: check if there is a RefParameter without a condition.
2026-07-13 14:47:26,170 [WARN] IP:2250 - PinAttribute not found: check if there is a RefParameter without a condition.
2026-07-13 14:47:26,170 [WARN] IP:2250 - PinAttribute not found: check if there is a RefParameter without a condition.
2026-07-13 14:47:26,171 [WARN] IP:2250 - PinAttribute not found: check if there is a RefParameter without a condition.
2026-07-13 14:47:26,171 [WARN] IP:2250 - PinAttribute not found: check if there is a RefParameter without a condition.
2026-07-13 14:47:26,171 [WARN] IP:2250 - PinAttribute not found: check if there is a RefParameter without a condition.
2026-07-13 14:47:26,172 [WARN] IP:2250 - PinAttribute not found: check if there is a RefParameter without a condition.
2026-07-13 14:47:26,172 [WARN] IP:2250 - PinAttribute not found: check if there is a RefParameter without a condition.
2026-07-13 14:47:26,173 [WARN] IP:2250 - PinAttribute not found: check if there is a RefParameter without a condition.
2026-07-13 14:47:26,173 [WARN] IP:2250 - PinAttribute not found: check if there is a RefParameter without a condition.
2026-07-13 14:47:26,199 [WARN] IP:2250 - rccPrivilegeSecure not found: check if there is a RefParameter without a condition.
2026-07-13 14:47:26,200 [WARN] IP:2250 - rccSecurity not found: check if there is a RefParameter without a condition.
2026-07-13 14:47:26,287 [INFO] ADCParametersView:116 -                Rank 1 : false
2026-07-13 14:47:26,288 [INFO] ADCParametersView:116 -                Rank 2 : false
2026-07-13 14:47:26,288 [INFO] ADCParametersView:116 -                Rank 3 : false
2026-07-13 14:47:26,288 [INFO] ADCParametersView:116 -                Rank 4 : false
2026-07-13 14:47:26,288 [INFO] ADCParametersView:116 -                Rank 5 : false
2026-07-13 14:47:26,288 [INFO] ADCParametersView:116 -                Rank 6 : false
2026-07-13 14:47:26,288 [INFO] ADCParametersView:116 -                Rank 7 : false
2026-07-13 14:47:26,288 [INFO] ADCParametersView:116 -                Rank 8 : false
2026-07-13 14:47:26,288 [INFO] ADCParametersView:116 -                Rank 9 : false
2026-07-13 14:47:26,289 [INFO] ADCParametersView:116 -                Rank 1 : false
2026-07-13 14:47:26,289 [INFO] ADCParametersView:116 -                Rank 2 : false
2026-07-13 14:47:26,289 [INFO] ADCParametersView:116 -                Rank 3 : false
2026-07-13 14:47:26,289 [INFO] ADCParametersView:116 -                Rank 4 : false
2026-07-13 14:47:26,289 [INFO] ADCParametersView:116 -                Rank 5 : false
2026-07-13 14:47:26,289 [INFO] ADCParametersView:116 -                Rank 6 : false
2026-07-13 14:47:26,289 [INFO] ADCParametersView:116 -                Rank 7 : false
2026-07-13 14:47:26,289 [INFO] ADCParametersView:116 -                Rank 8 : false
2026-07-13 14:47:26,289 [INFO] ADCParametersView:116 -                Rank 9 : false
2026-07-13 14:47:26,289 [INFO] ADCParametersView:116 -                Rank 1 : false
2026-07-13 14:47:26,289 [INFO] ADCParametersView:116 -                Rank 2 : false
2026-07-13 14:47:26,289 [INFO] ADCParametersView:116 -                Rank 3 : false
2026-07-13 14:47:26,289 [INFO] ADCParametersView:116 -                Rank 4 : false
2026-07-13 14:47:26,289 [INFO] ADCParametersView:116 -                Rank 5 : false
2026-07-13 14:47:26,289 [INFO] ADCParametersView:116 -                Rank 6 : false
2026-07-13 14:47:26,289 [INFO] ADCParametersView:116 -                Rank 7 : false
2026-07-13 14:47:26,289 [INFO] ADCParametersView:116 -                Rank 8 : false
2026-07-13 14:47:26,289 [INFO] ADCParametersView:116 -                Rank 9 : false
2026-07-13 14:47:26,290 [INFO] ADCParametersView:116 -                Rank 1 : false
2026-07-13 14:47:26,290 [INFO] ADCParametersView:116 -                Rank 2 : false
2026-07-13 14:47:26,290 [INFO] ADCParametersView:116 -                Rank 3 : false
2026-07-13 14:47:26,290 [INFO] ADCParametersView:116 -                Rank 4 : false
2026-07-13 14:47:26,290 [INFO] ADCParametersView:116 -                Rank 5 : false
2026-07-13 14:47:26,290 [INFO] ADCParametersView:116 -                Rank 6 : false
2026-07-13 14:47:26,290 [INFO] ADCParametersView:116 -                Rank 7 : false
2026-07-13 14:47:26,290 [INFO] ADCParametersView:116 -                Rank 8 : false
2026-07-13 14:47:26,290 [INFO] ADCParametersView:116 -                Rank 9 : false
2026-07-13 14:47:26,290 [INFO] ADCParametersView:116 -                Rank 1 : false
2026-07-13 14:47:26,290 [INFO] ADCParametersView:116 -                Rank 2 : false
2026-07-13 14:47:26,290 [INFO] ADCParametersView:116 -                Rank 3 : false
2026-07-13 14:47:26,290 [INFO] ADCParametersView:116 -                Rank 4 : false
2026-07-13 14:47:26,290 [INFO] ADCParametersView:116 -                Rank 5 : false
2026-07-13 14:47:26,290 [INFO] ADCParametersView:116 -                Rank 6 : false
2026-07-13 14:47:26,290 [INFO] ADCParametersView:116 -                Rank 7 : false
2026-07-13 14:47:26,290 [INFO] ADCParametersView:116 -                Rank 8 : false
2026-07-13 14:47:26,290 [INFO] ADCParametersView:116 -                Rank 9 : false
2026-07-13 14:47:26,290 [INFO] ADCParametersView:116 -                Rank 1 : false
2026-07-13 14:47:26,290 [INFO] ADCParametersView:116 -                Rank 2 : false
2026-07-13 14:47:26,290 [INFO] ADCParametersView:116 -                Rank 3 : false
2026-07-13 14:47:26,290 [INFO] ADCParametersView:116 -                Rank 4 : false
2026-07-13 14:47:26,290 [INFO] ADCParametersView:116 -                Rank 5 : false
2026-07-13 14:47:26,290 [INFO] ADCParametersView:116 -                Rank 6 : false
2026-07-13 14:47:26,290 [INFO] ADCParametersView:116 -                Rank 7 : false
2026-07-13 14:47:26,290 [INFO] ADCParametersView:116 -                Rank 8 : false
2026-07-13 14:47:26,290 [INFO] ADCParametersView:116 -                Rank 9 : false
2026-07-13 14:47:26,290 [INFO] ADCParametersView:116 -                Rank 1 : false
2026-07-13 14:47:26,290 [INFO] ADCParametersView:116 -                Rank 2 : false
2026-07-13 14:47:26,290 [INFO] ADCParametersView:116 -                Rank 3 : false
2026-07-13 14:47:26,290 [INFO] ADCParametersView:116 -                Rank 4 : false
2026-07-13 14:47:26,290 [INFO] ADCParametersView:116 -                Rank 5 : false
2026-07-13 14:47:26,290 [INFO] ADCParametersView:116 -                Rank 6 : false
2026-07-13 14:47:26,290 [INFO] ADCParametersView:116 -                Rank 7 : false
2026-07-13 14:47:26,290 [INFO] ADCParametersView:116 -                Rank 8 : false
2026-07-13 14:47:26,290 [INFO] ADCParametersView:116 -                Rank 9 : false
2026-07-13 14:47:26,290 [INFO] ADCParametersView:116 -                Rank 1 : false
2026-07-13 14:47:26,290 [INFO] ADCParametersView:116 -                Rank 2 : false
2026-07-13 14:47:26,290 [INFO] ADCParametersView:116 -                Rank 3 : false
2026-07-13 14:47:26,291 [INFO] ADCParametersView:116 -                Rank 4 : false
2026-07-13 14:47:26,291 [INFO] ADCParametersView:116 -                Rank 5 : false
2026-07-13 14:47:26,291 [INFO] ADCParametersView:116 -                Rank 6 : false
2026-07-13 14:47:26,291 [INFO] ADCParametersView:116 -                Rank 7 : false
2026-07-13 14:47:26,291 [INFO] ADCParametersView:116 -                Rank 8 : false
2026-07-13 14:47:26,291 [INFO] ADCParametersView:116 -                Rank 9 : false
2026-07-13 14:47:26,291 [INFO] ADCParametersView:116 -                Rank 1 : false
2026-07-13 14:47:26,291 [INFO] ADCParametersView:116 -                Rank 2 : false
2026-07-13 14:47:26,291 [INFO] ADCParametersView:116 -                Rank 3 : false
2026-07-13 14:47:26,291 [INFO] ADCParametersView:116 -                Rank 4 : false
2026-07-13 14:47:26,291 [INFO] ADCParametersView:116 -                Rank 5 : false
2026-07-13 14:47:26,291 [INFO] ADCParametersView:116 -                Rank 6 : false
2026-07-13 14:47:26,291 [INFO] ADCParametersView:116 -                Rank 7 : false
2026-07-13 14:47:26,291 [INFO] ADCParametersView:116 -                Rank 8 : false
2026-07-13 14:47:26,291 [INFO] ADCParametersView:116 -                Rank 9 : false
2026-07-13 14:47:26,291 [INFO] ADCParametersView:116 -                Rank 1 : false
2026-07-13 14:47:26,291 [INFO] ADCParametersView:116 -                Rank 2 : false
2026-07-13 14:47:26,291 [INFO] ADCParametersView:116 -                Rank 3 : false
2026-07-13 14:47:26,291 [INFO] ADCParametersView:116 -                Rank 4 : false
2026-07-13 14:47:26,291 [INFO] ADCParametersView:116 -                Rank 5 : false
2026-07-13 14:47:26,291 [INFO] ADCParametersView:116 -                Rank 6 : false
2026-07-13 14:47:26,291 [INFO] ADCParametersView:116 -                Rank 7 : false
2026-07-13 14:47:26,291 [INFO] ADCParametersView:116 -                Rank 8 : false
2026-07-13 14:47:26,291 [INFO] ADCParametersView:116 -                Rank 9 : false
2026-07-13 14:47:26,291 [INFO] ADCParametersView:116 -                Rank 1 : false
2026-07-13 14:47:26,291 [INFO] ADCParametersView:116 -                Rank 2 : false
2026-07-13 14:47:26,291 [INFO] ADCParametersView:116 -                Rank 3 : false
2026-07-13 14:47:26,291 [INFO] ADCParametersView:116 -                Rank 4 : false
2026-07-13 14:47:26,291 [INFO] ADCParametersView:116 -                Rank 5 : false
2026-07-13 14:47:26,291 [INFO] ADCParametersView:116 -                Rank 6 : false
2026-07-13 14:47:26,291 [INFO] ADCParametersView:116 -                Rank 7 : false
2026-07-13 14:47:26,291 [INFO] ADCParametersView:116 -                Rank 8 : false
2026-07-13 14:47:26,291 [INFO] ADCParametersView:116 -                Rank 9 : false
2026-07-13 14:47:26,291 [INFO] ADCParametersView:116 -                Rank 1 : false
2026-07-13 14:47:26,291 [INFO] ADCParametersView:116 -                Rank 2 : false
2026-07-13 14:47:26,291 [INFO] ADCParametersView:116 -                Rank 3 : false
2026-07-13 14:47:26,291 [INFO] ADCParametersView:116 -                Rank 4 : false
2026-07-13 14:47:26,291 [INFO] ADCParametersView:116 -                Rank 5 : false
2026-07-13 14:47:26,291 [INFO] ADCParametersView:116 -                Rank 6 : false
2026-07-13 14:47:26,291 [INFO] ADCParametersView:116 -                Rank 7 : false
2026-07-13 14:47:26,291 [INFO] ADCParametersView:116 -                Rank 8 : false
2026-07-13 14:47:26,291 [INFO] ADCParametersView:116 -                Rank 9 : false
2026-07-13 14:47:26,291 [INFO] ADCParametersView:116 -                Rank 1 : false
2026-07-13 14:47:26,291 [INFO] ADCParametersView:116 -                Rank 2 : false
2026-07-13 14:47:26,292 [INFO] ADCParametersView:116 -                Rank 3 : false
2026-07-13 14:47:26,292 [INFO] ADCParametersView:116 -                Rank 4 : false
2026-07-13 14:47:26,292 [INFO] ADCParametersView:116 -                Rank 5 : false
2026-07-13 14:47:26,292 [INFO] ADCParametersView:116 -                Rank 6 : false
2026-07-13 14:47:26,292 [INFO] ADCParametersView:116 -                Rank 7 : false
2026-07-13 14:47:26,292 [INFO] ADCParametersView:116 -                Rank 8 : false
2026-07-13 14:47:26,292 [INFO] ADCParametersView:116 -                Rank 9 : false
2026-07-13 14:47:26,292 [INFO] ADCParametersView:116 -                Rank 1 : false
2026-07-13 14:47:26,292 [INFO] ADCParametersView:116 -                Rank 2 : false
2026-07-13 14:47:26,292 [INFO] ADCParametersView:116 -                Rank 3 : false
2026-07-13 14:47:26,292 [INFO] ADCParametersView:116 -                Rank 4 : false
2026-07-13 14:47:26,292 [INFO] ADCParametersView:116 -                Rank 5 : false
2026-07-13 14:47:26,292 [INFO] ADCParametersView:116 -                Rank 6 : false
2026-07-13 14:47:26,292 [INFO] ADCParametersView:116 -                Rank 7 : false
2026-07-13 14:47:26,292 [INFO] ADCParametersView:116 -                Rank 8 : false
2026-07-13 14:47:26,292 [INFO] ADCParametersView:116 -                Rank 9 : false
2026-07-13 14:47:26,292 [INFO] ADCParametersView:116 -                Rank 1 : false
2026-07-13 14:47:26,292 [INFO] ADCParametersView:116 -                Rank 2 : false
2026-07-13 14:47:26,292 [INFO] ADCParametersView:116 -                Rank 3 : false
2026-07-13 14:47:26,292 [INFO] ADCParametersView:116 -                Rank 4 : false
2026-07-13 14:47:26,292 [INFO] ADCParametersView:116 -                Rank 5 : false
2026-07-13 14:47:26,292 [INFO] ADCParametersView:116 -                Rank 6 : false
2026-07-13 14:47:26,292 [INFO] ADCParametersView:116 -                Rank 7 : false
2026-07-13 14:47:26,292 [INFO] ADCParametersView:116 -                Rank 8 : false
2026-07-13 14:47:26,292 [INFO] ADCParametersView:116 -                Rank 9 : false
2026-07-13 14:47:26,293 [INFO] ADCParametersView:116 -                Rank 1 : false
2026-07-13 14:47:26,293 [INFO] ADCParametersView:116 -                Rank 2 : false
2026-07-13 14:47:26,293 [INFO] ADCParametersView:116 -                Rank 3 : false
2026-07-13 14:47:26,293 [INFO] ADCParametersView:116 -                Rank 4 : false
2026-07-13 14:47:26,293 [INFO] ADCParametersView:116 -                Rank 5 : false
2026-07-13 14:47:26,293 [INFO] ADCParametersView:116 -                Rank 6 : false
2026-07-13 14:47:26,293 [INFO] ADCParametersView:116 -                Rank 7 : false
2026-07-13 14:47:26,293 [INFO] ADCParametersView:116 -                Rank 8 : false
2026-07-13 14:47:26,293 [INFO] ADCParametersView:116 -                Rank 9 : false
2026-07-13 14:47:26,293 [INFO] ADCParametersView:116 -                Rank 1 : false
2026-07-13 14:47:26,293 [INFO] ADCParametersView:116 -                Rank 2 : false
2026-07-13 14:47:26,293 [INFO] ADCParametersView:116 -                Rank 3 : false
2026-07-13 14:47:26,293 [INFO] ADCParametersView:116 -                Rank 4 : false
2026-07-13 14:47:26,293 [INFO] ADCParametersView:116 -                Rank 5 : false
2026-07-13 14:47:26,293 [INFO] ADCParametersView:116 -                Rank 6 : false
2026-07-13 14:47:26,293 [INFO] ADCParametersView:116 -                Rank 7 : false
2026-07-13 14:47:26,293 [INFO] ADCParametersView:116 -                Rank 8 : false
2026-07-13 14:47:26,293 [INFO] ADCParametersView:116 -                Rank 9 : false
2026-07-13 14:47:26,293 [INFO] ADCParametersView:116 -                Rank 1 : false
2026-07-13 14:47:26,293 [INFO] ADCParametersView:116 -                Rank 2 : false
2026-07-13 14:47:26,293 [INFO] ADCParametersView:116 -                Rank 3 : false
2026-07-13 14:47:26,293 [INFO] ADCParametersView:116 -                Rank 4 : false
2026-07-13 14:47:26,293 [INFO] ADCParametersView:116 -                Rank 5 : false
2026-07-13 14:47:26,293 [INFO] ADCParametersView:116 -                Rank 6 : false
2026-07-13 14:47:26,293 [INFO] ADCParametersView:116 -                Rank 7 : false
2026-07-13 14:47:26,293 [INFO] ADCParametersView:116 -                Rank 8 : false
2026-07-13 14:47:26,293 [INFO] ADCParametersView:116 -                Rank 9 : false
2026-07-13 14:47:26,293 [INFO] ADCParametersView:116 -                Rank 1 : false
2026-07-13 14:47:26,293 [INFO] ADCParametersView:116 -                Rank 2 : false
2026-07-13 14:47:26,293 [INFO] ADCParametersView:116 -                Rank 3 : false
2026-07-13 14:47:26,293 [INFO] ADCParametersView:116 -                Rank 4 : false
2026-07-13 14:47:26,293 [INFO] ADCParametersView:116 -                Rank 5 : false
2026-07-13 14:47:26,293 [INFO] ADCParametersView:116 -                Rank 6 : false
2026-07-13 14:47:26,293 [INFO] ADCParametersView:116 -                Rank 7 : false
2026-07-13 14:47:26,293 [INFO] ADCParametersView:116 -                Rank 8 : false
2026-07-13 14:47:26,294 [INFO] ADCParametersView:116 -                Rank 9 : false
2026-07-13 14:47:26,294 [INFO] ADCParametersView:116 -                Rank 1 : false
2026-07-13 14:47:26,294 [INFO] ADCParametersView:116 -                Rank 2 : false
2026-07-13 14:47:26,294 [INFO] ADCParametersView:116 -                Rank 3 : false
2026-07-13 14:47:26,294 [INFO] ADCParametersView:116 -                Rank 4 : false
2026-07-13 14:47:26,294 [INFO] ADCParametersView:116 -                Rank 5 : false
2026-07-13 14:47:26,294 [INFO] ADCParametersView:116 -                Rank 6 : false
2026-07-13 14:47:26,294 [INFO] ADCParametersView:116 -                Rank 7 : false
2026-07-13 14:47:26,294 [INFO] ADCParametersView:116 -                Rank 8 : false
2026-07-13 14:47:26,294 [INFO] ADCParametersView:116 -                Rank 9 : false
2026-07-13 14:47:26,294 [INFO] ADCParametersView:116 -                Rank 1 : false
2026-07-13 14:47:26,294 [INFO] ADCParametersView:116 -                Rank 2 : false
2026-07-13 14:47:26,294 [INFO] ADCParametersView:116 -                Rank 3 : false
2026-07-13 14:47:26,294 [INFO] ADCParametersView:116 -                Rank 4 : false
2026-07-13 14:47:26,294 [INFO] ADCParametersView:116 -                Rank 5 : false
2026-07-13 14:47:26,294 [INFO] ADCParametersView:116 -                Rank 6 : false
2026-07-13 14:47:26,294 [INFO] ADCParametersView:116 -                Rank 7 : false
2026-07-13 14:47:26,294 [INFO] ADCParametersView:116 -                Rank 8 : false
2026-07-13 14:47:26,294 [INFO] ADCParametersView:116 -                Rank 9 : false
2026-07-13 14:47:26,294 [INFO] ADCParametersView:116 -                Rank 1 : false
2026-07-13 14:47:26,294 [INFO] ADCParametersView:116 -                Rank 2 : false
2026-07-13 14:47:26,294 [INFO] ADCParametersView:116 -                Rank 3 : false
2026-07-13 14:47:26,294 [INFO] ADCParametersView:116 -                Rank 4 : false
2026-07-13 14:47:26,294 [INFO] ADCParametersView:116 -                Rank 5 : false
2026-07-13 14:47:26,294 [INFO] ADCParametersView:116 -                Rank 6 : false
2026-07-13 14:47:26,295 [INFO] ADCParametersView:116 -                Rank 7 : false
2026-07-13 14:47:26,295 [INFO] ADCParametersView:116 -                Rank 8 : false
2026-07-13 14:47:26,295 [INFO] ADCParametersView:116 -                Rank 9 : false
2026-07-13 14:47:26,295 [INFO] ADCParametersView:116 -                Rank 2 : false
2026-07-13 14:47:26,295 [INFO] ADCParametersView:116 -                Rank 3 : false
2026-07-13 14:47:26,295 [INFO] ADCParametersView:116 -                Rank 4 : false
2026-07-13 14:47:26,295 [INFO] ADCParametersView:116 -                Rank 5 : false
2026-07-13 14:47:26,295 [INFO] ADCParametersView:116 -                Rank 6 : false
2026-07-13 14:47:26,295 [INFO] ADCParametersView:116 -                Rank 7 : false
2026-07-13 14:47:26,295 [INFO] ADCParametersView:116 -                Rank 8 : false
2026-07-13 14:47:26,295 [INFO] ADCParametersView:116 -                Rank 9 : false
2026-07-13 14:47:26,295 [INFO] ADCParametersView:116 -                Rank 3 : false
2026-07-13 14:47:26,295 [INFO] ADCParametersView:116 -                Rank 4 : false
2026-07-13 14:47:26,295 [INFO] ADCParametersView:116 -                Rank 5 : false
2026-07-13 14:47:26,295 [INFO] ADCParametersView:116 -                Rank 6 : false
2026-07-13 14:47:26,295 [INFO] ADCParametersView:116 -                Rank 7 : false
2026-07-13 14:47:26,295 [INFO] ADCParametersView:116 -                Rank 8 : false
2026-07-13 14:47:26,295 [INFO] ADCParametersView:116 -                Rank 9 : false
2026-07-13 14:47:26,295 [INFO] ADCParametersView:116 -                Rank 4 : false
2026-07-13 14:47:26,295 [INFO] ADCParametersView:116 -                Rank 5 : false
2026-07-13 14:47:26,295 [INFO] ADCParametersView:116 -                Rank 6 : false
2026-07-13 14:47:26,295 [INFO] ADCParametersView:116 -                Rank 7 : false
2026-07-13 14:47:26,295 [INFO] ADCParametersView:116 -                Rank 8 : false
2026-07-13 14:47:26,295 [INFO] ADCParametersView:116 -                Rank 9 : false
2026-07-13 14:47:26,295 [INFO] ADCParametersView:116 -                Rank 5 : false
2026-07-13 14:47:26,295 [INFO] ADCParametersView:116 -                Rank 6 : false
2026-07-13 14:47:26,295 [INFO] ADCParametersView:116 -                Rank 7 : false
2026-07-13 14:47:26,295 [INFO] ADCParametersView:116 -                Rank 8 : false
2026-07-13 14:47:26,295 [INFO] ADCParametersView:116 -                Rank 9 : false
2026-07-13 14:47:26,295 [INFO] ADCParametersView:116 -                Rank 6 : false
2026-07-13 14:47:26,295 [INFO] ADCParametersView:116 -                Rank 7 : false
2026-07-13 14:47:26,295 [INFO] ADCParametersView:116 -                Rank 8 : false
2026-07-13 14:47:26,295 [INFO] ADCParametersView:116 -                Rank 9 : false
2026-07-13 14:47:26,295 [INFO] ADCParametersView:116 -                Rank 7 : false
2026-07-13 14:47:26,295 [INFO] ADCParametersView:116 -                Rank 8 : false
2026-07-13 14:47:26,295 [INFO] ADCParametersView:116 -                Rank 9 : false
2026-07-13 14:47:26,296 [INFO] ADCParametersView:116 -                Rank 8 : false
2026-07-13 14:47:26,296 [INFO] ADCParametersView:116 -                Rank 9 : false
2026-07-13 14:47:26,296 [INFO] ADCParametersView:116 -                Rank 9 : false
2026-07-13 14:47:26,304 [WARN] IP:2250 - rccPrivilegeSecure not found: check if there is a RefParameter without a condition.
2026-07-13 14:47:26,305 [WARN] IP:2250 - rccSecurity not found: check if there is a RefParameter without a condition.
2026-07-13 14:47:26,389 [INFO] ADCParametersView:116 -                Rank 1 : false
2026-07-13 14:47:26,390 [INFO] ADCParametersView:116 -                Rank 1 : false
2026-07-13 14:47:26,390 [INFO] ADCParametersView:116 -                Rank 2 : false
2026-07-13 14:47:26,390 [INFO] ADCParametersView:116 -                Rank 1 : false
2026-07-13 14:47:26,390 [INFO] ADCParametersView:116 -                Rank 2 : false
2026-07-13 14:47:26,390 [INFO] ADCParametersView:116 -                Rank 3 : false
2026-07-13 14:47:26,390 [INFO] ADCParametersView:116 -                Rank 1 : false
2026-07-13 14:47:26,390 [INFO] ADCParametersView:116 -                Rank 2 : false
2026-07-13 14:47:26,390 [INFO] ADCParametersView:116 -                Rank 3 : false
2026-07-13 14:47:26,390 [INFO] ADCParametersView:116 -                Rank 4 : false
2026-07-13 14:47:26,390 [INFO] ADCParametersView:116 -                Rank 1 : false
2026-07-13 14:47:26,390 [INFO] ADCParametersView:116 -                Rank 2 : false
2026-07-13 14:47:26,390 [INFO] ADCParametersView:116 -                Rank 3 : false
2026-07-13 14:47:26,390 [INFO] ADCParametersView:116 -                Rank 4 : false
2026-07-13 14:47:26,390 [INFO] ADCParametersView:116 -                Rank 5 : false
2026-07-13 14:47:26,390 [INFO] ADCParametersView:116 -                Rank 1 : false
2026-07-13 14:47:26,390 [INFO] ADCParametersView:116 -                Rank 2 : false
2026-07-13 14:47:26,390 [INFO] ADCParametersView:116 -                Rank 3 : false
2026-07-13 14:47:26,390 [INFO] ADCParametersView:116 -                Rank 4 : false
2026-07-13 14:47:26,390 [INFO] ADCParametersView:116 -                Rank 5 : false
2026-07-13 14:47:26,390 [INFO] ADCParametersView:116 -                Rank 6 : false
2026-07-13 14:47:26,391 [INFO] ADCParametersView:116 -                Rank 1 : false
2026-07-13 14:47:26,391 [INFO] ADCParametersView:116 -                Rank 2 : false
2026-07-13 14:47:26,391 [INFO] ADCParametersView:116 -                Rank 3 : false
2026-07-13 14:47:26,391 [INFO] ADCParametersView:116 -                Rank 4 : false
2026-07-13 14:47:26,391 [INFO] ADCParametersView:116 -                Rank 5 : false
2026-07-13 14:47:26,391 [INFO] ADCParametersView:116 -                Rank 6 : false
2026-07-13 14:47:26,391 [INFO] ADCParametersView:116 -                Rank 7 : false
2026-07-13 14:47:26,391 [INFO] ADCParametersView:116 -                Rank 1 : false
2026-07-13 14:47:26,391 [INFO] ADCParametersView:116 -                Rank 2 : false
2026-07-13 14:47:26,391 [INFO] ADCParametersView:116 -                Rank 3 : false
2026-07-13 14:47:26,391 [INFO] ADCParametersView:116 -                Rank 4 : false
2026-07-13 14:47:26,391 [INFO] ADCParametersView:116 -                Rank 5 : false
2026-07-13 14:47:26,391 [INFO] ADCParametersView:116 -                Rank 6 : false
2026-07-13 14:47:26,391 [INFO] ADCParametersView:116 -                Rank 7 : false
2026-07-13 14:47:26,391 [INFO] ADCParametersView:116 -                Rank 8 : false
2026-07-13 14:47:26,391 [INFO] ADCParametersView:116 -                Rank 1 : false
2026-07-13 14:47:26,391 [INFO] ADCParametersView:116 -                Rank 2 : false
2026-07-13 14:47:26,391 [INFO] ADCParametersView:116 -                Rank 3 : false
2026-07-13 14:47:26,391 [INFO] ADCParametersView:116 -                Rank 4 : false
2026-07-13 14:47:26,392 [INFO] ADCParametersView:116 -                Rank 5 : false
2026-07-13 14:47:26,392 [INFO] ADCParametersView:116 -                Rank 6 : false
2026-07-13 14:47:26,392 [INFO] ADCParametersView:116 -                Rank 7 : false
2026-07-13 14:47:26,392 [INFO] ADCParametersView:116 -                Rank 8 : false
2026-07-13 14:47:26,392 [INFO] ADCParametersView:116 -                Rank 9 : false
2026-07-13 14:47:26,399 [WARN] IP:2250 - PinAttribute not found: check if there is a RefParameter without a condition.
2026-07-13 14:47:26,399 [WARN] IP:2250 - PinAttribute not found: check if there is a RefParameter without a condition.
2026-07-13 14:47:26,400 [WARN] IP:2250 - PinAttribute not found: check if there is a RefParameter without a condition.
2026-07-13 14:47:26,407 [WARN] IP:2250 - PinAttribute not found: check if there is a RefParameter without a condition.
2026-07-13 14:47:26,407 [WARN] IP:2250 - PinAttribute not found: check if there is a RefParameter without a condition.
2026-07-13 14:47:26,408 [WARN] IP:2250 - PinAttribute not found: check if there is a RefParameter without a condition.
2026-07-13 14:47:26,408 [WARN] IP:2250 - PinAttribute not found: check if there is a RefParameter without a condition.
2026-07-13 14:47:26,408 [WARN] IP:2250 - PinAttribute not found: check if there is a RefParameter without a condition.
2026-07-13 14:47:26,408 [WARN] IP:2250 - PinAttribute not found: check if there is a RefParameter without a condition.
2026-07-13 14:47:26,408 [WARN] IP:2250 - PinAttribute not found: check if there is a RefParameter without a condition.
2026-07-13 14:47:26,409 [WARN] IP:2250 - PinAttribute not found: check if there is a RefParameter without a condition.
2026-07-13 14:47:26,409 [WARN] IP:2250 - PinAttribute not found: check if there is a RefParameter without a condition.
2026-07-13 14:47:26,409 [WARN] IP:2250 - PinAttribute not found: check if there is a RefParameter without a condition.
2026-07-13 14:47:26,410 [WARN] IP:2250 - PinAttribute not found: check if there is a RefParameter without a condition.
2026-07-13 14:47:26,410 [WARN] IP:2250 - PinAttribute not found: check if there is a RefParameter without a condition.
2026-07-13 14:47:26,417 [WARN] IP:2250 - PinAttribute not found: check if there is a RefParameter without a condition.
2026-07-13 14:47:26,417 [WARN] IP:2250 - PinAttribute not found: check if there is a RefParameter without a condition.
2026-07-13 14:47:26,417 [WARN] IP:2250 - PinAttribute not found: check if there is a RefParameter without a condition.
2026-07-13 14:47:26,417 [WARN] IP:2250 - PinAttribute not found: check if there is a RefParameter without a condition.
2026-07-13 14:47:26,418 [WARN] IP:2250 - PinAttribute not found: check if there is a RefParameter without a condition.
2026-07-13 14:47:26,418 [WARN] IP:2250 - PinAttribute not found: check if there is a RefParameter without a condition.
2026-07-13 14:47:26,418 [WARN] IP:2250 - PinAttribute not found: check if there is a RefParameter without a condition.
2026-07-13 14:47:26,418 [WARN] IP:2250 - PinAttribute not found: check if there is a RefParameter without a condition.
2026-07-13 14:47:26,418 [WARN] IP:2250 - PinAttribute not found: check if there is a RefParameter without a condition.
2026-07-13 14:47:29,511 [INFO] ADCParametersView:116 -                Rank 1 : true
2026-07-13 14:47:29,511 [INFO] ADCParametersView:116 -                Rank 2 : false
2026-07-13 14:47:29,511 [INFO] ADCParametersView:116 -                Rank 3 : false
2026-07-13 14:47:29,511 [INFO] ADCParametersView:116 -                Rank 4 : false
2026-07-13 14:47:29,511 [INFO] ADCParametersView:116 -                Rank 5 : false
2026-07-13 14:47:29,512 [INFO] ADCParametersView:116 -                Rank 6 : false
2026-07-13 14:47:29,512 [INFO] ADCParametersView:116 -                Rank 7 : false
2026-07-13 14:47:29,512 [INFO] ADCParametersView:116 -                Rank 8 : false
2026-07-13 14:47:29,512 [INFO] ADCParametersView:116 -                Rank 9 : false
