2026-07-22 12:16:10,716 [INFO] Activator:176 - 


2026-07-22 12:16:10,718 [INFO] Activator:177 - !SESSION log4j initialized
2026-07-22 12:16:18,136 [INFO] LogOutputStream:77 - [STDOUT_REDIRECT] 
2026-07-22 12:16:26,118 [INFO] ApplicationProperties:184 - Using Application install path: C:\ST\STM32CubeIDE_1.19.0\STM32CubeIDE\plugins\com.st.stm32cube.common.mx_6.15.0.202507011659
2026-07-22 12:16:26,135 [INFO] DbMcusXml:78 - Set database path to: C:\ST\STM32CubeIDE_1.19.0\STM32CubeIDE\plugins\com.st.stm32cube.common.mx_6.15.0.202507011659\\db\/mcu/
2026-07-22 12:16:26,135 [INFO] ApiDb:274 - Set plugin database path to: C:\ST\STM32CubeIDE_1.19.0\STM32CubeIDE\plugins\com.st.stm32cube.common.mx_6.15.0.202507011659\\db\/plugins/boardmanager/
2026-07-22 12:16:26,135 [WARN] ApiDb:259 - Overriding images path with different value:  => C:\ST\STM32CubeIDE_1.19.0\STM32CubeIDE\plugins\com.st.stm32cube.common.mx_6.15.0.202507011659\\db\/plugins/mcufinder/images/
2026-07-22 12:16:26,151 [INFO] ApiDb:250 - Set database path to: C:\Users\szymo\.stmcufinder\plugins\mcufinder//mcu/
2026-07-22 12:16:26,152 [INFO] DbMcusAds:125 - Set database path to: C:\Users\szymo\.stmcufinder\plugins\mcufinder//mcu/
2026-07-22 12:16:26,153 [INFO] CrossReferenceDbSqlite:203 - Set database path to: C:\Users\szymo\.stmcufinder\plugins\mcufinder//mcu/cs/
2026-07-22 12:16:26,244 [INFO] RulesReader:64 - Compatibility file has been processed (317 Rules)
2026-07-22 12:16:26,444 [INFO] DbMcusXml:78 - Set database path to: C:\ST\STM32CubeIDE_1.19.0\STM32CubeIDE\plugins\com.st.stm32cube.common.mx_6.15.0.202507011659\\db\/mcu/
2026-07-22 12:16:26,444 [INFO] ApiDb:274 - Set plugin database path to: C:\ST\STM32CubeIDE_1.19.0\STM32CubeIDE\plugins\com.st.stm32cube.common.mx_6.15.0.202507011659\\db\/plugins/boardmanager/
2026-07-22 12:16:26,444 [INFO] ApiDb:261 - Set plugin images path to: C:\ST\STM32CubeIDE_1.19.0\STM32CubeIDE\plugins\com.st.stm32cube.common.mx_6.15.0.202507011659\\db\/plugins/mcufinder/images/
2026-07-22 12:16:26,444 [WARN] DbFile:41 - Overriding database path with different value: C:\Users\szymo\.stmcufinder\plugins\mcufinder/ => C:\Users\szymo\.stmcufinder\plugins\mcufinder
2026-07-22 12:16:26,444 [INFO] ApiDb:250 - Set database path to: C:\Users\szymo\.stmcufinder\plugins\mcufinder//mcu/
2026-07-22 12:16:26,444 [WARN] DbFile:41 - Overriding database path with different value: C:\Users\szymo\.stmcufinder\plugins\mcufinder/ => C:\Users\szymo\.stmcufinder\plugins\mcufinder
2026-07-22 12:16:26,444 [INFO] DbMcusAds:125 - Set database path to: C:\Users\szymo\.stmcufinder\plugins\mcufinder//mcu/
2026-07-22 12:16:26,444 [WARN] DbFile:41 - Overriding database path with different value: C:\Users\szymo\.stmcufinder\plugins\mcufinder/ => C:\Users\szymo\.stmcufinder\plugins\mcufinder
2026-07-22 12:16:26,444 [WARN] DbFile:41 - Overriding database path with different value: C:\Users\szymo\.stmcufinder\plugins\mcufinder/ => C:\Users\szymo\.stmcufinder\plugins\mcufinder
2026-07-22 12:16:26,444 [INFO] CrossReferenceDbSqlite:203 - Set database path to: C:\Users\szymo\.stmcufinder\plugins\mcufinder//mcu/cs/
2026-07-22 12:16:26,518 [INFO] MainPanel:274 - HeapMemory: 268435456
2026-07-22 12:16:26,746 [INFO] DbMcusXml:78 - Set database path to: C:\ST\STM32CubeIDE_1.19.0\STM32CubeIDE\plugins\com.st.stm32cube.common.mx_6.15.0.202507011659\\db\/mcu/
2026-07-22 12:16:26,746 [INFO] ApiDb:274 - Set plugin database path to: C:\ST\STM32CubeIDE_1.19.0\STM32CubeIDE\plugins\com.st.stm32cube.common.mx_6.15.0.202507011659\\db\/plugins/boardmanager/
2026-07-22 12:16:26,746 [INFO] ApiDb:261 - Set plugin images path to: C:\ST\STM32CubeIDE_1.19.0\STM32CubeIDE\plugins\com.st.stm32cube.common.mx_6.15.0.202507011659\\db\/plugins/mcufinder/images/
2026-07-22 12:16:26,747 [WARN] DbFile:41 - Overriding database path with different value: C:\Users\szymo\.stmcufinder\plugins\mcufinder/ => C:\Users\szymo\.stmcufinder\plugins\mcufinder
2026-07-22 12:16:26,747 [INFO] ApiDb:250 - Set database path to: C:\Users\szymo\.stmcufinder\plugins\mcufinder//mcu/
2026-07-22 12:16:26,747 [WARN] DbFile:41 - Overriding database path with different value: C:\Users\szymo\.stmcufinder\plugins\mcufinder/ => C:\Users\szymo\.stmcufinder\plugins\mcufinder
2026-07-22 12:16:26,747 [INFO] DbMcusAds:125 - Set database path to: C:\Users\szymo\.stmcufinder\plugins\mcufinder//mcu/
2026-07-22 12:16:26,747 [WARN] DbFile:41 - Overriding database path with different value: C:\Users\szymo\.stmcufinder\plugins\mcufinder/ => C:\Users\szymo\.stmcufinder\plugins\mcufinder
2026-07-22 12:16:26,747 [WARN] DbFile:41 - Overriding database path with different value: C:\Users\szymo\.stmcufinder\plugins\mcufinder/ => C:\Users\szymo\.stmcufinder\plugins\mcufinder
2026-07-22 12:16:26,747 [INFO] CrossReferenceDbSqlite:203 - Set database path to: C:\Users\szymo\.stmcufinder\plugins\mcufinder//mcu/cs/
2026-07-22 12:16:26,757 [INFO] ApplicationProperties:184 - Using Application install path: C:\ST\STM32CubeIDE_1.19.0\STM32CubeIDE\plugins\com.st.stm32cube.common.mx_6.15.0.202507011659
2026-07-22 12:16:26,758 [INFO] PluginManage:196 - Search for loadable plugins [exclusion list=, ]
2026-07-22 12:16:26,759 [INFO] PluginManage:310 - Check plugin analytics
2026-07-22 12:16:32,483 [INFO] AnalyticsPlugin:253 - Accepted Software Licenses: STM32CubeMX.6.18.0
2026-07-22 12:16:32,483 [INFO] AnalyticsPlugin:255 - Accepted CMSIS Pack Licenses: 
2026-07-22 12:16:32,483 [INFO] AnalyticsPlugin:257 - Accepted Firmware Licenses: FW.H5.1.7.0
2026-07-22 12:16:32,483 [INFO] PluginManage:359 - Loaded plugin analytics (category:tool,tabindex:-1)
2026-07-22 12:16:32,483 [INFO] PluginManage:310 - Check plugin cadmodel
2026-07-22 12:16:32,509 [INFO] CADModel:105 - Init CAD model plugin
2026-07-22 12:16:32,509 [INFO] PluginManage:359 - Loaded plugin cadmodel (category:power,tabindex:5)
2026-07-22 12:16:32,509 [INFO] PluginManage:310 - Check plugin clock
2026-07-22 12:16:32,522 [INFO] PluginManage:359 - Loaded plugin clock (category:base,tabindex:2)
2026-07-22 12:16:32,522 [INFO] PluginManage:310 - Check plugin ddr
2026-07-22 12:16:32,581 [INFO] PluginManage:359 - Loaded plugin ddr (category:tool,tabindex:6)
2026-07-22 12:16:32,581 [INFO] PluginManage:310 - Check plugin filemanager
2026-07-22 12:16:32,692 [INFO] PluginManage:359 - Loaded plugin filemanager (category:base,tabindex:10)
2026-07-22 12:16:32,693 [INFO] PluginManage:310 - Check plugin ipmanager
2026-07-22 12:16:32,696 [INFO] PluginManage:359 - Loaded plugin ipmanager (category:base,tabindex:5)
2026-07-22 12:16:32,696 [INFO] PluginManage:310 - Check plugin lpbam
2026-07-22 12:16:32,708 [INFO] PluginManage:359 - Loaded plugin lpbam (category:base,tabindex:0)
2026-07-22 12:16:32,708 [INFO] PluginManage:310 - Check plugin memorymap
2026-07-22 12:16:32,729 [INFO] PluginManage:359 - Loaded plugin memorymap (category:base,tabindex:4)
2026-07-22 12:16:32,729 [INFO] PluginManage:310 - Check plugin pinoutandconfiguration
2026-07-22 12:16:32,742 [INFO] PluginManage:359 - Loaded plugin pinoutandconfiguration (category:base,tabindex:1)
2026-07-22 12:16:32,742 [INFO] PluginManage:310 - Check plugin pinoutconfig
2026-07-22 12:16:32,800 [WARN] SupportedApi:132 - Cannot load RTOS API schema: s4s-elt-must-match.1: The content of 'definitions' must match (annotation?, (simpleType | complexType)?, (unique | key | keyref)*)). A problem was found starting at: attribute.
2026-07-22 12:16:32,894 [INFO] PluginManage:359 - Loaded plugin pinoutconfig (category:base,tabindex:0)
2026-07-22 12:16:32,894 [INFO] PluginManage:310 - Check plugin power
2026-07-22 12:16:32,907 [INFO] PluginManage:359 - Loaded plugin power (category:power,tabindex:4)
2026-07-22 12:16:32,908 [INFO] PluginManage:310 - Check plugin projectmanager
2026-07-22 12:16:32,917 [INFO] PluginManage:359 - Loaded plugin projectmanager (category:projectmanager,tabindex:4)
2026-07-22 12:16:32,917 [INFO] PluginManage:310 - Check plugin rif
2026-07-22 12:16:32,938 [INFO] PluginManage:359 - Loaded plugin rif (category:base,tabindex:3)
2026-07-22 12:16:32,938 [INFO] PluginManage:310 - Check plugin thirdparty
2026-07-22 12:16:33,116 [INFO] PluginManage:359 - Loaded plugin thirdparty (category:base,tabindex:-1)
2026-07-22 12:16:33,116 [WARN] IntegrityCheckThread:84 - waiting for thirdparty lock release [integrity check]
2026-07-22 12:16:33,116 [INFO] IntegrityCheckThread:86 - entering critical section [integrity check]
2026-07-22 12:16:33,116 [INFO] PluginManage:310 - Check plugin tools
2026-07-22 12:16:33,116 [INFO] ThirdPartyUpdaterWithRetryManager:70 - Updater plugin not ready yet. [1/15]
2026-07-22 12:16:33,140 [INFO] PluginManage:359 - Loaded plugin tools (category:base,tabindex:7)
2026-07-22 12:16:33,140 [INFO] PluginManage:310 - Check plugin tutovideos
2026-07-22 12:16:33,330 [INFO] PluginManage:359 - Loaded plugin tutovideos (category:base,tabindex:-1)
2026-07-22 12:16:33,330 [INFO] PluginManage:310 - Check plugin updater
2026-07-22 12:16:33,346 [INFO] PluginManage:359 - Loaded plugin updater (category:base,tabindex:12)
2026-07-22 12:16:33,346 [INFO] PluginManage:310 - Check plugin userauth
2026-07-22 12:16:33,349 [INFO] UserAuth:118 - Init User Auth plugin
2026-07-22 12:16:33,349 [INFO] PluginManage:359 - Loaded plugin userauth (category:base,tabindex:14)
2026-07-22 12:16:33,349 [INFO] PluginManage:283 - PluginManage : Loaded plugins [18]
2026-07-22 12:16:33,499 [INFO] PinOutPanel:1589 - setPackage(No Configuration,No Configuration)
2026-07-22 12:16:33,554 [INFO] CADModel:165 - CPN selected for project level
2026-07-22 12:16:33,554 [INFO] CADModel:114 - Register for checkConnection events
2026-07-22 12:16:33,573 [INFO] IPUIPlugin:80 - create IPUIPlugin
2026-07-22 12:16:33,573 [INFO] PluginManager:220 - loadIPPluginJar : add adc
2026-07-22 12:16:33,600 [INFO] IPUIPlugin:80 - create IPUIPlugin
2026-07-22 12:16:33,600 [INFO] PluginManager:220 - loadIPPluginJar : add aes
2026-07-22 12:16:33,630 [INFO] IPUIPlugin:80 - create IPUIPlugin
2026-07-22 12:16:33,630 [INFO] PluginManager:220 - loadIPPluginJar : add can
2026-07-22 12:16:33,646 [INFO] IPUIPlugin:80 - create IPUIPlugin
2026-07-22 12:16:33,646 [INFO] PluginManager:220 - loadIPPluginJar : add comp
2026-07-22 12:16:33,669 [INFO] IPUIPlugin:80 - create IPUIPlugin
2026-07-22 12:16:33,669 [INFO] PluginManager:220 - loadIPPluginJar : add cryp
2026-07-22 12:16:33,678 [INFO] IPUIPlugin:80 - create IPUIPlugin
2026-07-22 12:16:33,678 [INFO] PluginManager:220 - loadIPPluginJar : add ddr_ctrl_phy
2026-07-22 12:16:33,699 [INFO] IPUIPlugin:80 - create IPUIPlugin
2026-07-22 12:16:33,699 [INFO] PluginManager:220 - loadIPPluginJar : add dfsdm
2026-07-22 12:16:33,716 [INFO] IPUIPlugin:80 - create IPUIPlugin
2026-07-22 12:16:33,716 [INFO] PluginManager:220 - loadIPPluginJar : add dma
2026-07-22 12:16:33,744 [INFO] IPUIPlugin:80 - create IPUIPlugin
2026-07-22 12:16:33,744 [INFO] PluginManager:220 - loadIPPluginJar : add dma3
2026-07-22 12:16:33,774 [INFO] IPUIPlugin:80 - create IPUIPlugin
2026-07-22 12:16:33,775 [INFO] PluginManager:220 - loadIPPluginJar : add extmemmanager
2026-07-22 12:16:33,789 [INFO] IPUIPlugin:80 - create IPUIPlugin
2026-07-22 12:16:33,789 [INFO] PluginManager:220 - loadIPPluginJar : add fatfs
2026-07-22 12:16:33,823 [INFO] IPUIPlugin:80 - create IPUIPlugin
2026-07-22 12:16:33,823 [INFO] PluginManager:220 - loadIPPluginJar : add fmc
2026-07-22 12:16:33,835 [INFO] IPUIPlugin:80 - create IPUIPlugin
2026-07-22 12:16:33,835 [INFO] PluginManager:220 - loadIPPluginJar : add freertos
2026-07-22 12:16:33,851 [INFO] IPUIPlugin:80 - create IPUIPlugin
2026-07-22 12:16:33,852 [INFO] PluginManager:220 - loadIPPluginJar : add genericplugin
2026-07-22 12:16:33,924 [INFO] IPUIPlugin:80 - create IPUIPlugin
2026-07-22 12:16:33,924 [INFO] PluginManager:220 - loadIPPluginJar : add gfxmmu
2026-07-22 12:16:34,012 [INFO] IPUIPlugin:80 - create IPUIPlugin
2026-07-22 12:16:34,012 [INFO] PluginManager:220 - loadIPPluginJar : add gic
2026-07-22 12:16:34,020 [INFO] IPUIPlugin:80 - create IPUIPlugin
2026-07-22 12:16:34,020 [INFO] PluginManager:220 - loadIPPluginJar : add gpio
2026-07-22 12:16:34,083 [INFO] IPUIPlugin:80 - create IPUIPlugin
2026-07-22 12:16:34,083 [INFO] PluginManager:220 - loadIPPluginJar : add gtzc
2026-07-22 12:16:34,104 [INFO] IPUIPlugin:80 - create IPUIPlugin
2026-07-22 12:16:34,104 [INFO] PluginManager:220 - loadIPPluginJar : add hash
2026-07-22 12:16:34,146 [INFO] IPUIPlugin:80 - create IPUIPlugin
2026-07-22 12:16:34,146 [INFO] PluginManager:220 - loadIPPluginJar : add i2c
2026-07-22 12:16:34,174 [INFO] IPUIPlugin:80 - create IPUIPlugin
2026-07-22 12:16:34,174 [INFO] PluginManager:220 - loadIPPluginJar : add i2s
2026-07-22 12:16:34,203 [INFO] IPUIPlugin:80 - create IPUIPlugin
2026-07-22 12:16:34,203 [INFO] PluginManager:220 - loadIPPluginJar : add i3c
2026-07-22 12:16:34,284 [INFO] IPUIPlugin:80 - create IPUIPlugin
2026-07-22 12:16:34,284 [INFO] PluginManager:220 - loadIPPluginJar : add ipddr
2026-07-22 12:16:34,400 [INFO] IPUIPlugin:80 - create IPUIPlugin
2026-07-22 12:16:34,400 [INFO] PluginManager:220 - loadIPPluginJar : add linkedlist
2026-07-22 12:16:34,425 [INFO] IPUIPlugin:80 - create IPUIPlugin
2026-07-22 12:16:34,425 [INFO] PluginManager:220 - loadIPPluginJar : add lorawan
2026-07-22 12:16:34,448 [INFO] IPUIPlugin:80 - create IPUIPlugin
2026-07-22 12:16:34,448 [INFO] PluginManager:220 - loadIPPluginJar : add ltdc
2026-07-22 12:16:34,468 [INFO] IPUIPlugin:80 - create IPUIPlugin
2026-07-22 12:16:34,468 [INFO] PluginManager:220 - loadIPPluginJar : add mdma
2026-07-22 12:16:34,476 [INFO] IPUIPlugin:80 - create IPUIPlugin
2026-07-22 12:16:34,476 [INFO] PluginManager:220 - loadIPPluginJar : add nvic
2026-07-22 12:16:34,505 [INFO] IPUIPlugin:80 - create IPUIPlugin
2026-07-22 12:16:34,505 [INFO] PluginManager:220 - loadIPPluginJar : add opamp
2026-07-22 12:16:34,545 [INFO] IPUIPlugin:80 - create IPUIPlugin
2026-07-22 12:16:34,545 [INFO] PluginManager:220 - loadIPPluginJar : add openamp
2026-07-22 12:16:34,579 [INFO] IPUIPlugin:80 - create IPUIPlugin
2026-07-22 12:16:34,579 [INFO] PluginManager:220 - loadIPPluginJar : add pdm2pcm
2026-07-22 12:16:34,591 [INFO] IPUIPlugin:80 - create IPUIPlugin
2026-07-22 12:16:34,592 [INFO] PluginManager:220 - loadIPPluginJar : add plateformsettings
2026-07-22 12:16:34,607 [INFO] IPUIPlugin:80 - create IPUIPlugin
2026-07-22 12:16:34,607 [INFO] PluginManager:220 - loadIPPluginJar : add quadspi
2026-07-22 12:16:34,624 [INFO] IPUIPlugin:80 - create IPUIPlugin
2026-07-22 12:16:34,624 [INFO] PluginManager:220 - loadIPPluginJar : add radio
2026-07-22 12:16:34,631 [INFO] IPUIPlugin:80 - create IPUIPlugin
2026-07-22 12:16:34,632 [INFO] PluginManager:220 - loadIPPluginJar : add resmgrutility
2026-07-22 12:16:34,665 [INFO] IPUIPlugin:80 - create IPUIPlugin
2026-07-22 12:16:34,666 [INFO] PluginManager:220 - loadIPPluginJar : add sai
2026-07-22 12:16:34,716 [INFO] IPUIPlugin:80 - create IPUIPlugin
2026-07-22 12:16:34,717 [INFO] PluginManager:220 - loadIPPluginJar : add spi
2026-07-22 12:16:34,772 [INFO] IPUIPlugin:80 - create IPUIPlugin
2026-07-22 12:16:34,772 [INFO] PluginManager:220 - loadIPPluginJar : add stm32_wpan
2026-07-22 12:16:34,788 [INFO] IPUIPlugin:80 - create IPUIPlugin
2026-07-22 12:16:34,788 [INFO] PluginManager:220 - loadIPPluginJar : add tim
2026-07-22 12:16:34,858 [INFO] IPUIPlugin:80 - create IPUIPlugin
2026-07-22 12:16:34,858 [INFO] PluginManager:220 - loadIPPluginJar : add touchsensing
2026-07-22 12:16:34,895 [INFO] IPUIPlugin:80 - create IPUIPlugin
2026-07-22 12:16:34,895 [INFO] PluginManager:220 - loadIPPluginJar : add tracer_emb
2026-07-22 12:16:34,910 [INFO] IPUIPlugin:80 - create IPUIPlugin
2026-07-22 12:16:34,910 [INFO] PluginManager:220 - loadIPPluginJar : add ts
2026-07-22 12:16:34,924 [INFO] IPUIPlugin:80 - create IPUIPlugin
2026-07-22 12:16:34,924 [INFO] PluginManager:220 - loadIPPluginJar : add tsc
2026-07-22 12:16:34,939 [INFO] IPUIPlugin:80 - create IPUIPlugin
2026-07-22 12:16:34,939 [INFO] PluginManager:220 - loadIPPluginJar : add ucpd
2026-07-22 12:16:34,969 [INFO] IPUIPlugin:80 - create IPUIPlugin
2026-07-22 12:16:34,969 [INFO] PluginManager:220 - loadIPPluginJar : add usart
2026-07-22 12:16:34,999 [INFO] IPUIPlugin:80 - create IPUIPlugin
2026-07-22 12:16:35,000 [INFO] PluginManager:220 - loadIPPluginJar : add usbx
2026-07-22 12:16:35,106 [FATAL] Updater:351 - Updater called before beeing initialized
2026-07-22 12:16:35,122 [INFO] RulesReader:64 - Compatibility file has been processed (317 Rules)
2026-07-22 12:16:35,131 [INFO] RulesReader:64 - Compatibility file has been processed (317 Rules)
2026-07-22 12:16:35,140 [INFO] CADModel:165 - CPN selected for project level
2026-07-22 12:16:35,140 [INFO] CADModel:114 - Register for checkConnection events
2026-07-22 12:16:35,140 [FATAL] Updater:351 - Updater called before beeing initialized
2026-07-22 12:16:35,141 [ERROR] CADModel:125 - Updater not yet initialized, retry later 
2026-07-22 12:16:35,270 [FATAL] Updater:351 - Updater called before beeing initialized
2026-07-22 12:16:35,271 [INFO] CADModel:165 - CPN selected for project level
2026-07-22 12:16:35,271 [INFO] CADModel:114 - Register for checkConnection events
2026-07-22 12:16:35,271 [FATAL] Updater:351 - Updater called before beeing initialized
2026-07-22 12:16:35,271 [ERROR] CADModel:125 - Updater not yet initialized, retry later 
2026-07-22 12:16:35,273 [FATAL] Updater:351 - Updater called before beeing initialized
2026-07-22 12:16:35,407 [FATAL] Updater:351 - Updater called before beeing initialized
2026-07-22 12:16:35,414 [INFO] DbMcusAds:53 - JSON generation date=Wed Jul 15 11:46:00 CEST 2026 (1784108760991)
2026-07-22 12:16:35,414 [FATAL] Updater:351 - Updater called before beeing initialized
2026-07-22 12:16:35,440 [WARN] DetailPanel:346 - Failed to get advertising image, set to default
2026-07-22 12:16:35,482 [FATAL] Updater:351 - Updater called before beeing initialized
2026-07-22 12:16:35,484 [FATAL] Updater:351 - Updater called before beeing initialized
2026-07-22 12:16:35,484 [FATAL] Updater:351 - Updater called before beeing initialized
2026-07-22 12:16:35,484 [WARN] DetailPanel:346 - Failed to get advertising image, set to default
2026-07-22 12:16:35,484 [FATAL] Updater:351 - Updater called before beeing initialized
2026-07-22 12:16:35,552 [ERROR] Updater:1198 - MainUpdater not yet initialized. External WinMGr cannot be set.
2026-07-22 12:16:35,562 [INFO] Updater:1134 - Updater Version found : 6.15.0
2026-07-22 12:16:35,571 [INFO] ApplicationProperties:184 - Using Application install path: C:\ST\STM32CubeIDE_1.19.0\STM32CubeIDE\plugins\com.st.stm32cube.common.mx_6.15.0.202507011659
2026-07-22 12:16:36,119 [INFO] ThirdPartyUpdaterWithRetryManager:70 - Updater plugin not ready yet. [2/15]
2026-07-22 12:16:37,138 [ERROR] LogOutputStream:75 - [STDERR_REDIRECT] Jul 22, 2026 12:16:37 PM java.util.prefs.WindowsPreferences <init>
2026-07-22 12:16:37,138 [ERROR] LogOutputStream:75 - [STDERR_REDIRECT] WARNING: Could not open/create prefs root node Software\JavaSoft\Prefs at root 0xffffffff80000002. Windows RegCreateKeyEx(...) returned error code 5.
2026-07-22 12:16:37,138 [ERROR] LogOutputStream:75 - [STDERR_REDIRECT] 
2026-07-22 12:16:37,630 [INFO] MainUpdater:2872 - connection check result : 10
2026-07-22 12:16:37,630 [INFO] MainUpdater:289 - Updater Check For Update Now.
2026-07-22 12:16:37,630 [INFO] MicroXplorer:498 - Change Database Version : DB.6.0.150
2026-07-22 12:16:37,644 [INFO] McuFinderGlobals:63 - Set McuFinder mode to 2 (CubeIDE integrated)
2026-07-22 12:16:37,648 [INFO] UserAuth:487 - Internet connection configuration mode: 1
2026-07-22 12:16:37,689 [INFO] JxBrowserEngine:152 - Initiate JxBrowser Engine with user profile folder
2026-07-22 12:16:37,807 [INFO] CheckServerUpdateThread:120 - End of CheckServer Thread
2026-07-22 12:16:39,119 [INFO] WebApp:169 - Instantiating new browser for Auth
2026-07-22 12:16:40,807 [INFO] WebApp:463 - Apply proxy settings
2026-07-22 12:16:40,808 [INFO] WebApp:548 - Chromium requires no authentication
2026-07-22 12:16:40,882 [INFO] WebApp:491 - Direct internet connection detected
2026-07-22 12:16:40,904 [WARN] PackLoader:240 - Cannot read IP mode file for STMicroelectronics.X-CUBE-AZRTOS-H7.3.5.0
2026-07-22 12:16:40,922 [WARN] PackLoader:240 - Cannot read IP mode file for STMicroelectronics.FP-SNS-MOTENVWB1.1.4.0
2026-07-22 12:16:40,935 [INFO] WebApp:900 - Register for checkConnection events
2026-07-22 12:16:40,935 [INFO] WebApp:463 - Apply proxy settings
2026-07-22 12:16:40,935 [INFO] WebApp:548 - Chromium requires no authentication
2026-07-22 12:16:40,935 [INFO] WebApp:491 - Direct internet connection detected
2026-07-22 12:16:40,944 [WARN] PackLoader:240 - Cannot read IP mode file for STMicroelectronics.FP-ATR-ASTRA1.2.0.3
2026-07-22 12:16:40,955 [WARN] PackLoader:240 - Cannot read IP mode file for STMicroelectronics.FP-ATR-ASTRA1.2.0.2
2026-07-22 12:16:40,968 [WARN] PackLoader:240 - Cannot read IP mode file for STMicroelectronics.FP-ATR-ASTRA1.2.0.1
2026-07-22 12:16:40,978 [ERROR] Engine:466 - C:\Users\szymo\.stm32cubemx\thirdparties\pdsc\STMicroelectronics.X-CUBE-SMBUS.2.1.1.pdsc: PDSC version is not supported
2026-07-22 12:16:40,987 [WARN] PackLoader:240 - Cannot read IP mode file for STMicroelectronics.X-CUBE-SMBUS.2.1.0
2026-07-22 12:16:41,008 [WARN] PackLoader:240 - Cannot read IP mode file for STMicroelectronics.X-CUBE-WB05N.1.1.0
2026-07-22 12:16:41,018 [WARN] PackLoader:240 - Cannot read IP mode file for STMicroelectronics.X-CUBE-ST60.1.0.0
2026-07-22 12:16:41,055 [WARN] PackLoader:240 - Cannot read IP mode file for STMicroelectronics.X-CUBE-AZRTOS-F7.1.1.0
2026-07-22 12:16:41,082 [WARN] PackLoader:240 - Cannot read IP mode file for STMicroelectronics.X-CUBE-FREERTOS.1.6.0
2026-07-22 12:16:41,096 [WARN] PackLoader:240 - Cannot read IP mode file for STMicroelectronics.FP-SNS-MOTENV1.5.1.0
2026-07-22 12:16:41,399 [WARN] PackLoader:240 - Cannot read IP mode file for STMicroelectronics.X-CUBE-AZRTOS-H7RS.1.3.0
2026-07-22 12:16:41,942 [INFO] WebApp:191 - Connection restablished
2026-07-22 12:16:42,006 [WARN] PackLoader:240 - Cannot read IP mode file for STMicroelectronics.FP-SNS-FLIGHT1.5.0.2
2026-07-22 12:16:42,157 [INFO] WebApp:225 - Starting web application
2026-07-22 12:16:42,157 [INFO] WebApp:593 - Web application path used C:\ST\STM32CubeIDE_1.19.0\STM32CubeIDE\plugins\com.st.stm32cube.common.mx_6.15.0.202507011659\db\plugins\mcufinder\reactClient1\index.html
2026-07-22 12:16:42,171 [WARN] PackLoader:240 - Cannot read IP mode file for Infineon.AIROC-Wi-Fi-Bluetooth-STM32.1.7.0
2026-07-22 12:16:42,230 [INFO] UserAuth:487 - Internet connection configuration mode: 1
2026-07-22 12:16:42,264 [WARN] PackLoader:240 - Cannot read IP mode file for STMicroelectronics.X-CUBE-AZRTOS-H7.3.4.0
2026-07-22 12:16:42,282 [WARN] PackLoader:240 - Cannot read IP mode file for STMicroelectronics.X-CUBE-DISPLAY.3.0.0
2026-07-22 12:16:42,296 [WARN] PackLoader:240 - Cannot read IP mode file for STMicroelectronics.X-CUBE-GNSS1.7.1.1
2026-07-22 12:16:42,314 [WARN] PackLoader:240 - Cannot read IP mode file for STMicroelectronics.FP-SNS-MOTENVWB1.1.5.0
2026-07-22 12:16:42,331 [WARN] PackLoader:240 - Cannot read IP mode file for STMicroelectronics.X-CUBE-BLE1.7.0.0
2026-07-22 12:16:42,356 [WARN] PackLoader:240 - Cannot read IP mode file for STMicroelectronics.X-CUBE-NFC10.1.0.0
2026-07-22 12:16:42,375 [WARN] PackLoader:240 - Cannot read IP mode file for STMicroelectronics.X-CUBE-BLEMGR.4.0.0
2026-07-22 12:16:42,387 [WARN] PackLoader:240 - Cannot read IP mode file for STMicroelectronics.X-CUBE-ST60.1.1.0
2026-07-22 12:16:42,399 [WARN] PackLoader:240 - Cannot read IP mode file for emotas.I-CUBE-CANOPEN.1.3.0
2026-07-22 12:16:42,406 [ERROR] Engine:466 - C:\Users\szymo\.stm32cubemx\thirdparties\pdsc\STMicroelectronics.X-CUBE-WBA.1.1.0.pdsc: PDSC version is not supported
2026-07-22 12:16:42,420 [WARN] PackLoader:240 - Cannot read IP mode file for STMicroelectronics.X-CUBE-GNSS1.7.1.0
2026-07-22 12:16:42,429 [WARN] PackLoader:240 - Cannot read IP mode file for STMicroelectronics.X-CUBE-AI.10.0.0
2026-07-22 12:16:42,439 [WARN] PackLoader:240 - Cannot read IP mode file for STMicroelectronics.FP-SNS-STBOX1.2.1.0
2026-07-22 12:16:42,466 [WARN] PackLoader:240 - Cannot read IP mode file for STMicroelectronics.FP-SNS-SMARTAG2.1.2.0
2026-07-22 12:16:42,474 [WARN] PackLoader:240 - Cannot read IP mode file for STMicroelectronics.FP-SNS-FLIGHT1.5.1.0
2026-07-22 12:16:42,497 [WARN] PackLoader:240 - Cannot read IP mode file for STMicroelectronics.X-CUBE-MEMS1.11.1.0
2026-07-22 12:16:42,557 [INFO] LogOutputStream:77 - [STDOUT_REDIRECT] 1 : Invalid condition id : UX_CORESTACK_Condition cause : null
2026-07-22 12:16:42,558 [INFO] LogOutputStream:77 - [STDOUT_REDIRECT] 1 : Invalid condition id : UX_CORESTACK_Condition cause : null
2026-07-22 12:16:42,558 [INFO] LogOutputStream:77 - [STDOUT_REDIRECT] 1 : Invalid condition id : UX_CORESTACK_Condition cause : null
2026-07-22 12:16:42,559 [INFO] LogOutputStream:77 - [STDOUT_REDIRECT] 1 : Invalid condition id : UX_CORESTACK_Condition cause : null
2026-07-22 12:16:42,559 [INFO] LogOutputStream:77 - [STDOUT_REDIRECT] 1 : Invalid condition id : UX_CORESTACK_Condition cause : null
2026-07-22 12:16:42,560 [WARN] PackLoader:240 - Cannot read IP mode file for STMicroelectronics.X-CUBE-AZRTOS-WL.2.0.0
2026-07-22 12:16:42,587 [WARN] PackLoader:240 - Cannot read IP mode file for STMicroelectronics.FP-SNS-MOTENV1.5.0.0
2026-07-22 12:16:42,629 [WARN] PackLoader:240 - Cannot read IP mode file for STMicroelectronics.X-CUBE-AZRTOS-H7RS.1.2.0
2026-07-22 12:16:42,644 [WARN] PackLoader:240 - Cannot read IP mode file for WES.I-CUBE-Cesium.1.3.0
2026-07-22 12:16:42,654 [WARN] PackLoader:240 - Cannot read IP mode file for STMicroelectronics.X-CUBE-BLE2.3.3.0
2026-07-22 12:16:42,688 [WARN] PackLoader:240 - Cannot read IP mode file for STMicroelectronics.X-CUBE-NFC9.1.0.0
2026-07-22 12:16:42,697 [WARN] PackLoader:240 - Cannot read IP mode file for STMicroelectronics.X-CUBE-BLE1.7.1.0
2026-07-22 12:16:42,706 [WARN] PackLoader:240 - Cannot read IP mode file for wolfSSL.I-CUBE-wolfMQTT.1.19.2
2026-07-22 12:16:42,715 [WARN] PackLoader:240 - Cannot read IP mode file for STMicroelectronics.X-CUBE-FREERTOS.1.4.0
2026-07-22 12:16:42,732 [WARN] PackLoader:240 - Cannot read IP mode file for STMicroelectronics.X-CUBE-EEPRMA1.5.2.0
2026-07-22 12:16:42,742 [WARN] PackLoader:240 - Cannot read IP mode file for STMicroelectronics.X-CUBE-ST67W61.1.1.0
2026-07-22 12:16:42,750 [WARN] PackLoader:240 - Cannot read IP mode file for STMicroelectronics.X-CUBE-AI.10.1.0
2026-07-22 12:16:42,759 [WARN] PackLoader:240 - Cannot read IP mode file for STMicroelectronics.FP-SNS-STAIOTCFT.1.1.0
2026-07-22 12:16:42,810 [WARN] PackLoader:240 - Cannot read IP mode file for STMicroelectronics.X-CUBE-MEMS1.12.0.0
2026-07-22 12:16:42,849 [WARN] PackLoader:240 - Cannot read IP mode file for STMicroelectronics.X-CUBE-AZRTOS-G0.1.1.0
2026-07-22 12:16:42,860 [WARN] PackLoader:240 - Cannot read IP mode file for STMicroelectronics.X-CUBE-SAFEA1.1.2.2
2026-07-22 12:16:42,869 [WARN] PackLoader:240 - Cannot read IP mode file for STMicroelectronics.X-CUBE-NFC4.3.0.0
2026-07-22 12:16:42,880 [WARN] PackLoader:240 - Cannot read IP mode file for EmbeddedOffice.I-CUBE-FS-RTOS.1.0.1
2026-07-22 12:16:42,889 [WARN] PackLoader:240 - Cannot read IP mode file for STMicroelectronics.X-CUBE-WB05N.2.0.0
2026-07-22 12:16:42,896 [WARN] PackLoader:240 - Cannot read IP mode file for wolfSSL.I-CUBE-wolfTPM.3.8.0
2026-07-22 12:16:42,905 [WARN] PackLoader:240 - Cannot read IP mode file for STMicroelectronics.X-CUBE-TCPP.4.2.0
2026-07-22 12:16:42,914 [WARN] PackLoader:240 - Cannot read IP mode file for RealThread.X-CUBE-RT-Thread_Nano.4.1.1
2026-07-22 12:16:42,922 [WARN] PackLoader:240 - Cannot read IP mode file for STMicroelectronics.FP-ATR-SIGFOX1.3.2.0
2026-07-22 12:16:42,929 [WARN] ConditionMgr:438 - getConditionDescription Invalid condition id : Cortex-A Device cause : null
2026-07-22 12:16:42,939 [WARN] ConditionMgr:1044 - genDependencies : Invalid condition id : Cortex-A Device cause : null
2026-07-22 12:16:42,939 [WARN] ConditionMgr:1044 - genDependencies : Invalid condition id : Cortex-A Device cause : null
2026-07-22 12:16:42,939 [WARN] ConditionMgr:1044 - genDependencies : Invalid condition id : Cortex-A Device cause : null
2026-07-22 12:16:42,951 [WARN] PackLoader:240 - Cannot read IP mode file for STMicroelectronics.X-CUBE-EEPRMA1.5.1.0
2026-07-22 12:16:42,961 [WARN] PackLoader:240 - Cannot read IP mode file for STMicroelectronics.X-CUBE-FREERTOS.1.5.0
2026-07-22 12:16:42,970 [WARN] PackLoader:240 - Cannot read IP mode file for wolfSSL.I-CUBE-wolfSSL.5.7.6
2026-07-22 12:16:42,979 [WARN] PackLoader:240 - Cannot read IP mode file for ITTIA_DB.I-CUBE-ITTIADB.8.9.0
2026-07-22 12:16:42,988 [WARN] PackLoader:240 - Cannot read IP mode file for STMicroelectronics.X-CUBE-NFC6.3.2.0
2026-07-22 12:16:43,010 [WARN] PackLoader:240 - Cannot read IP mode file for STMicroelectronics.X-CUBE-ST67W61.1.0.0
2026-07-22 12:16:43,018 [WARN] PackLoader:240 - Cannot read IP mode file for STMicroelectronics.X-CUBE-AI.10.2.1
2026-07-22 12:16:43,025 [WARN] PackLoader:240 - Cannot read IP mode file for STMicroelectronics.X-CUBE-AI.10.2.0
2026-07-22 12:16:43,050 [WARN] PackLoader:240 - Cannot read IP mode file for STMicroelectronics.X-CUBE-MEMS1.12.1.0
2026-07-22 12:16:43,095 [WARN] PackLoader:240 - Cannot read IP mode file for SEGGER.I-CUBE-embOS.1.3.1
2026-07-22 12:16:43,114 [WARN] PackLoader:240 - Cannot read IP mode file for STMicroelectronics.X-CUBE-ALGOBUILD.1.4.0
2026-07-22 12:16:43,140 [WARN] PackLoader:240 - Cannot read IP mode file for STMicroelectronics.X-CUBE-MEMS1.11.3.0
2026-07-22 12:16:43,207 [WARN] PackLoader:240 - Cannot read IP mode file for STMicroelectronics.X-CUBE-AI.9.1.0
2026-07-22 12:16:43,220 [WARN] PackLoader:240 - Cannot read IP mode file for STMicroelectronics.X-CUBE-NFC13.1.0.0
2026-07-22 12:16:43,231 [WARN] PackLoader:240 - Cannot read IP mode file for STMicroelectronics.X-CUBE-PM33A1.1.0.0
2026-07-22 12:16:43,248 [WARN] PackLoader:240 - Cannot read IP mode file for STMicroelectronics.X-CUBE-AZRTOS-F4.1.1.0
2026-07-22 12:16:43,257 [WARN] PackLoader:240 - Cannot read IP mode file for Avnet-IotConnect.X-CUBE-IoTC-DA16k-PMOD.1.0.0
2026-07-22 12:16:43,278 [WARN] PackLoader:240 - Cannot read IP mode file for STMicroelectronics.X-CUBE-IPS.3.2.0
2026-07-22 12:16:43,288 [WARN] PackLoader:240 - Cannot read IP mode file for STMicroelectronics.eDS-WB_DPC_TT-BIDIR.2.1.1
2026-07-22 12:16:43,296 [WARN] PackLoader:240 - Cannot read IP mode file for STMicroelectronics.X-CUBE-NFC12.1.0.0
2026-07-22 12:16:43,337 [WARN] PackLoader:240 - Cannot read IP mode file for STMicroelectronics.X-CUBE-AZRTOS-L5.2.0.0
2026-07-22 12:16:43,352 [WARN] PackLoader:240 - Cannot read IP mode file for STMicroelectronics.X-CUBE-NFC6.3.1.0
2026-07-22 12:16:43,362 [WARN] PackLoader:240 - Cannot read IP mode file for STMicroelectronics.X-CUBE-ALGOBUILD.1.5.0
2026-07-22 12:16:43,372 [WARN] PackLoader:240 - Cannot read IP mode file for STMicroelectronics.X-CUBE-DPower.1.2.0
2026-07-22 12:16:43,380 [WARN] PackLoader:240 - Cannot read IP mode file for STMicroelectronics.eDS-WB_DPC_VIENNA.1.2.0
2026-07-22 12:16:43,387 [WARN] PackLoader:240 - Cannot read IP mode file for STMicroelectronics.eDS-WB_DPC_3PH2L-BIDIR.1.1.1
2026-07-22 12:16:43,394 [ERROR] Engine:466 - C:\Users\szymo\.stm32cubemx\thirdparties\pdsc\STMicroelectronics.X-CUBE-ST67W61.1.3.0.pdsc: PDSC version is not supported
2026-07-22 12:16:43,401 [WARN] PackLoader:240 - Cannot read IP mode file for STMicroelectronics.X-CUBE-FREERTOS.1.3.1
2026-07-22 12:16:43,410 [WARN] PackLoader:240 - Cannot read IP mode file for STMicroelectronics.X-CUBE-FREERTOS.1.3.0
2026-07-22 12:16:43,417 [WARN] PackLoader:240 - Cannot read IP mode file for STMicroelectronics.X-CUBE-NFC7.1.0.1
2026-07-22 12:16:43,425 [WARN] PackLoader:240 - Cannot read IP mode file for STMicroelectronics.X-CUBE-TOUCHGFX.4.26.0
2026-07-22 12:16:43,432 [WARN] PackLoader:240 - Cannot read IP mode file for STMicroelectronics.X-CUBE-TOUCHGFX.4.26.1
2026-07-22 12:16:43,439 [WARN] PackLoader:240 - Cannot read IP mode file for STMicroelectronics.FP-SNS-STAIOTCFT.1.0.0
2026-07-22 12:16:43,446 [WARN] PackLoader:240 - Cannot read IP mode file for STMicroelectronics.X-CUBE-DPower.1.3.0
2026-07-22 12:16:43,460 [WARN] ConditionMgr:438 - getConditionDescription Invalid condition id : LAN8742 Phy interface Condition cause : null
2026-07-22 12:16:43,460 [WARN] PackLoader:240 - Cannot read IP mode file for STMicroelectronics.X-CUBE-AZRTOS-L4.2.0.0
2026-07-22 12:16:43,460 [WARN] ConditionMgr:1044 - genDependencies : Invalid condition id : LAN8742 Phy interface Condition cause : null
2026-07-22 12:16:43,460 [WARN] ConditionMgr:1044 - genDependencies : Invalid condition id : LAN8742 Phy interface Condition cause : null
2026-07-22 12:16:43,461 [WARN] ConditionMgr:1044 - genDependencies : Invalid condition id : LAN8742 Phy interface Condition cause : null
2026-07-22 12:16:43,472 [WARN] PackLoader:240 - Cannot read IP mode file for STMicroelectronics.X-CUBE-SFXS2LP1.4.0.0
2026-07-22 12:16:43,482 [WARN] PackLoader:240 - Cannot read IP mode file for STMicroelectronics.X-CUBE-WB05N.2.1.0
2026-07-22 12:16:43,491 [WARN] PackLoader:240 - Cannot read IP mode file for STMicroelectronics.X-CUBE-ST67W61.1.2.0
2026-07-22 12:16:43,544 [WARN] PackLoader:240 - Cannot read IP mode file for STMicroelectronics.X-CUBE-AZRTOS-H7.3.3.0
2026-07-22 12:16:43,554 [WARN] PackLoader:240 - Cannot read IP mode file for STMicroelectronics.X-CUBE-BLEMGR.4.1.0
2026-07-22 12:16:43,567 [WARN] ConditionMgr:438 - getConditionDescription Invalid condition id : UX DEVICE CLASS RTOS Condition cause : null
2026-07-22 12:16:43,567 [WARN] ConditionMgr:438 - getConditionDescription Invalid condition id : UX DEVICE CLASS RTOS Condition cause : null
2026-07-22 12:16:43,567 [WARN] PackLoader:240 - Cannot read IP mode file for STMicroelectronics.X-CUBE-AZRTOS-WB.2.0.0
2026-07-22 12:16:43,567 [WARN] ConditionMgr:1044 - genDependencies : Invalid condition id : UX DEVICE CLASS RTOS Condition cause : null
2026-07-22 12:16:43,567 [WARN] ConditionMgr:1044 - genDependencies : Invalid condition id : UX DEVICE CLASS RTOS Condition cause : null
2026-07-22 12:16:43,567 [WARN] ConditionMgr:1044 - genDependencies : Invalid condition id : UX DEVICE CLASS RTOS Condition cause : null
2026-07-22 12:16:43,568 [WARN] ConditionMgr:1044 - genDependencies : Invalid condition id : UX DEVICE CLASS RTOS Condition cause : null
2026-07-22 12:16:43,568 [WARN] ConditionMgr:1044 - genDependencies : Invalid condition id : UX DEVICE CLASS RTOS Condition cause : null
2026-07-22 12:16:43,578 [WARN] PackLoader:240 - Cannot read IP mode file for STMicroelectronics.X-CUBE-GNSS1.7.0.1
2026-07-22 12:16:43,585 [WARN] PackLoader:240 - Cannot read IP mode file for STMicroelectronics.X-CUBE-TOUCHGFX.4.25.0
2026-07-22 12:16:43,597 [WARN] PackLoader:240 - Cannot read IP mode file for STMicroelectronics.FP-SNS-STBOX1.2.0.0
2026-07-22 12:16:43,609 [WARN] PackLoader:240 - Cannot read IP mode file for STMicroelectronics.X-CUBE-STSE01.2.0.0
2026-07-22 12:16:43,625 [WARN] PackLoader:240 - Cannot read IP mode file for STMicroelectronics.X-CUBE-SUBG2.5.0.0
2026-07-22 12:16:43,652 [WARN] PackLoader:240 - Cannot read IP mode file for STMicroelectronics.X-CUBE-AZRTOS-H7RS.1.1.0
2026-07-22 12:16:43,661 [WARN] PackLoader:240 - Cannot read IP mode file for Cesanta.I-CUBE-Mongoose.7.13.0
2026-07-22 12:16:43,676 [WARN] PackLoader:240 - Cannot read IP mode file for STMicroelectronics.X-CUBE-AZRTOS-G4.2.0.0
2026-07-22 12:16:43,684 [WARN] PackLoader:240 - Cannot read IP mode file for wolfSSL.I-CUBE-wolfSSH.1.4.20
2026-07-22 12:16:43,692 [WARN] PackLoader:240 - Cannot read IP mode file for STMicroelectronics.X-CUBE-NFC7.2.0.0
2026-07-22 12:16:43,708 [WARN] PackLoader:240 - Cannot read IP mode file for STMicroelectronics.X-CUBE-IPS.3.1.0
2026-07-22 12:16:43,723 [ERROR] Engine:466 - C:\Users\szymo\.stm32cubemx\thirdparties\pdsc\STMicroelectronics.X-CUBE-BLEMGR.4.2.0.pdsc: PDSC version is not supported
2026-07-22 12:16:43,736 [WARN] PackLoader:240 - Cannot read IP mode file for STMicroelectronics.X-CUBE-ALS.1.0.2
2026-07-22 12:16:43,745 [WARN] PackLoader:240 - Cannot read IP mode file for STMicroelectronics.X-CUBE-TOUCHGFX.4.24.2
2026-07-22 12:16:43,758 [WARN] PackLoader:240 - Cannot read IP mode file for STMicroelectronics.X-CUBE-STSE01.1.0.0
2026-07-22 12:16:43,779 [WARN] PackLoader:240 - Cannot read IP mode file for portGmbH.I-Cube-SoM-uGOAL.1.1.0
2026-07-22 12:16:43,807 [WARN] PackLoader:240 - Cannot read IP mode file for STMicroelectronics.X-CUBE-AZRTOS-H7RS.1.0.0
2026-07-22 12:16:43,828 [WARN] PackLoader:240 - Cannot read IP mode file for STMicroelectronics.X-CUBE-TOF1.3.4.2
2026-07-22 12:16:43,842 [WARN] PackLoader:240 - Cannot read IP mode file for STMicroelectronics.X-CUBE-TOF1.3.4.3
2026-07-22 12:16:43,845 [INFO] ThirdParty:978 - Integrity check success = true
2026-07-22 12:16:43,845 [INFO] IntegrityCheckThread:100 - exiting critical section [integrity check]
2026-07-22 12:16:43,845 [INFO] IntegrityCheckThread:103 - End integrity checks thread
2026-07-22 15:46:28,908 [INFO] McuFinderGlobals:63 - Set McuFinder mode to 2 (CubeIDE integrated)
2026-07-22 15:46:28,928 [INFO] MainUpdater:2872 - connection check result : 10
2026-07-22 15:46:28,933 [INFO] MainUpdater:2872 - connection check result : 10
2026-07-22 15:46:29,050 [INFO] MicroXplorer:468 - Change Database Path : 
2026-07-22 15:46:29,050 [INFO] MicroXplorer:498 - Change Database Version : DB.6.0.150
2026-07-22 15:46:29,056 [WARN] ThirdParty:871 - waiting for thirdparty lock release [close project]
2026-07-22 15:46:29,056 [INFO] ThirdParty:873 - entering critical section [close project]
2026-07-22 15:46:29,058 [INFO] ThirdParty:883 - exiting critical section [close project]
2026-07-22 15:46:29,062 [INFO] PinOutPanel:1589 - setPackage(No Configuration,No Configuration)
2026-07-22 15:46:29,069 [INFO] UtilMem:75 - Begin LoadConfig() Used Memory: 829107664 Bytes (1073741824)
2026-07-22 15:46:29,072 [INFO] MicroXplorer:468 - Change Database Path : 
2026-07-22 15:46:29,072 [INFO] MicroXplorer:498 - Change Database Version : DB.6.0.150
2026-07-22 15:46:29,072 [INFO] OpenFileManager:355 - Change cursor
2026-07-22 15:46:29,158 [INFO] Mcu:2029 - Initializing MCU STM32G431K(6-8-B)Ux STM32G431KBUx STM32G431KBU3
2026-07-22 15:46:31,305 [INFO] Context:786 - Trying to add GPIOservice into a context  which must be forbidden
2026-07-22 15:46:31,679 [INFO] ImportTextPane:234 - (OptionalMessage_ERROR) Pin19 (VP_RIF_VS_RIF1) cannot be retrieved for this MCU
2026-07-22 15:46:31,825 [INFO] RtosManager:558 - Registered RTOS mode: class=CMSIS, group=RTOS, mode=CMSIS_V1, owner=FREERTOS
2026-07-22 15:46:31,826 [INFO] RtosManager:558 - Registered RTOS mode: class=CMSIS, group=RTOS2, mode=CMSIS_V2, owner=FREERTOS
2026-07-22 15:46:31,826 [INFO] RtosManager:558 - Registered RTOS mode: class=RTOS, group=Core, mode=CMSIS_V1, owner=FREERTOS
2026-07-22 15:46:31,826 [INFO] RtosManager:558 - Registered RTOS mode: class=RTOS, group=Core, mode=CMSIS_V2, owner=FREERTOS
2026-07-22 15:46:31,826 [WARN] ModelIntegratedComponent:184 - Missing modes for component STMicroelectronics:FreeRTOS:0.0.1:STMicroelectronics:RTOS:FreeRTOS:Core:::10.2.0:
2026-07-22 15:46:31,837 [WARN] ModelIntegratedComponent:63 - No mode defined for component null
2026-07-22 15:46:31,837 [WARN] ModelIntegratedComponent:63 - No mode defined for component null
2026-07-22 15:46:31,837 [WARN] ModelIntegratedComponent:63 - No mode defined for component null
2026-07-22 15:46:31,837 [WARN] ModelIntegratedComponent:63 - No mode defined for component null
2026-07-22 15:46:31,837 [WARN] ModelIntegratedComponent:63 - No mode defined for component null
2026-07-22 15:46:31,838 [WARN] ModelIntegratedComponent:63 - No mode defined for component null
2026-07-22 15:46:31,838 [WARN] ModelIntegratedComponent:63 - No mode defined for component null
2026-07-22 15:46:31,838 [WARN] ModelIntegratedComponent:63 - No mode defined for component null
2026-07-22 15:46:31,838 [WARN] ModelIntegratedComponent:63 - No mode defined for component null
2026-07-22 15:46:31,838 [WARN] ModelIntegratedComponent:63 - No mode defined for component null
2026-07-22 15:46:31,838 [WARN] ModelIntegratedComponent:63 - No mode defined for component null
2026-07-22 15:46:31,838 [WARN] ModelIntegratedComponent:63 - No mode defined for component null
2026-07-22 15:46:31,838 [WARN] ModelIntegratedComponent:63 - No mode defined for component null
2026-07-22 15:46:31,838 [WARN] ModelIntegratedComponent:63 - No mode defined for component null
2026-07-22 15:46:31,838 [WARN] ModelIntegratedComponent:63 - No mode defined for component null
2026-07-22 15:46:31,838 [WARN] ModelIntegratedComponent:63 - No mode defined for component null
2026-07-22 15:46:31,838 [WARN] ModelIntegratedComponent:63 - No mode defined for component null
2026-07-22 15:46:31,838 [WARN] ModelIntegratedComponent:63 - No mode defined for component null
2026-07-22 15:46:31,838 [WARN] ModelIntegratedComponent:63 - No mode defined for component null
2026-07-22 15:46:31,838 [WARN] ModelIntegratedComponent:63 - No mode defined for component null
2026-07-22 15:46:31,838 [WARN] ModelIntegratedComponent:63 - No mode defined for component null
2026-07-22 15:46:31,838 [WARN] ModelIntegratedComponent:63 - No mode defined for component null
2026-07-22 15:46:31,838 [WARN] ModelIntegratedComponent:63 - No mode defined for component null
2026-07-22 15:46:31,838 [WARN] ModelIntegratedComponent:63 - No mode defined for component null
2026-07-22 15:46:31,838 [WARN] ModelIntegratedComponent:63 - No mode defined for component null
2026-07-22 15:46:31,838 [WARN] ModelIntegratedComponent:63 - No mode defined for component null
2026-07-22 15:46:31,838 [WARN] ModelIntegratedComponent:63 - No mode defined for component null
2026-07-22 15:46:31,838 [WARN] ModelIntegratedComponent:63 - No mode defined for component null
2026-07-22 15:46:31,838 [WARN] ModelIntegratedComponent:63 - No mode defined for component null
2026-07-22 15:46:31,838 [WARN] ModelIntegratedComponent:63 - No mode defined for component null
2026-07-22 15:46:31,838 [WARN] ModelIntegratedComponent:63 - No mode defined for component null
2026-07-22 15:46:31,838 [WARN] ModelIntegratedComponent:63 - No mode defined for component null
2026-07-22 15:46:31,838 [WARN] ModelIntegratedComponent:63 - No mode defined for component null
2026-07-22 15:46:31,838 [WARN] ModelIntegratedComponent:63 - No mode defined for component null
2026-07-22 15:46:31,838 [WARN] ModelIntegratedComponent:63 - No mode defined for component null
2026-07-22 15:46:31,839 [WARN] ModelPack:524 - Component already loaded: STMicroelectronics:HAL Drivers:0.0.0:STMicroelectronics:Device:STMicro_Driver:XSPI:HAL::0.0.1:HAL_XSPI
2026-07-22 15:46:32,087 [INFO] ThirdPartyModel:298 - Start build external matchings
2026-07-22 15:46:32,612 [INFO] ThirdPartyModel:316 - End build external matchings
2026-07-22 15:46:32,640 [INFO] ImportTextPane:234 - (OptionalMessage_ERROR) IP (ADC1) : Parameter (CommonPathInternal) has invalid value (null|null|null|null)
2026-07-22 15:46:32,640 [INFO] ImportTextPane:234 - (OptionalMessage_ERROR) IP (ADC2) : Parameter (CommonPathInternal) has invalid value (null|null|null|null)
2026-07-22 15:46:32,640 [INFO] ImportTextPane:234 - (OptionalMessage_ERROR) IP (DMA) : Parameter (Instance) has Id (ADC1) currently not set
2026-07-22 15:46:32,640 [INFO] ImportTextPane:234 - (OptionalMessage_ERROR) IP (DMA) : Parameter (Request) has Id (ADC1) currently not set
2026-07-22 15:46:32,640 [INFO] ImportTextPane:234 - (OptionalMessage_ERROR) IP (DMA) : Parameter (Direction) has Id (ADC1) currently not set
2026-07-22 15:46:32,640 [INFO] ImportTextPane:234 - (OptionalMessage_ERROR) IP (DMA) : Parameter (PeriphInc) has Id (ADC1) currently not set
2026-07-22 15:46:32,640 [INFO] ImportTextPane:234 - (OptionalMessage_ERROR) IP (DMA) : Parameter (MemInc) has Id (ADC1) currently not set
2026-07-22 15:46:32,641 [INFO] ImportTextPane:234 - (OptionalMessage_ERROR) IP (DMA) : Parameter (PeriphDataAlignment) has Id (ADC1) currently not set
2026-07-22 15:46:32,641 [INFO] ImportTextPane:234 - (OptionalMessage_ERROR) IP (DMA) : Parameter (MemDataAlignment) has Id (ADC1) currently not set
2026-07-22 15:46:32,641 [INFO] ImportTextPane:234 - (OptionalMessage_ERROR) IP (DMA) : Parameter (Mode) has Id (ADC1) currently not set
2026-07-22 15:46:32,641 [INFO] ImportTextPane:234 - (OptionalMessage_ERROR) IP (DMA) : Parameter (Priority) has Id (ADC1) currently not set
2026-07-22 15:46:32,641 [INFO] ImportTextPane:234 - (OptionalMessage_ERROR) IP (DMA) : Parameter (SignalID) has Id (ADC1) currently not set
2026-07-22 15:46:32,641 [INFO] ImportTextPane:234 - (OptionalMessage_ERROR) IP (DMA) : Parameter (Polarity) has Id (ADC1) currently not set
2026-07-22 15:46:32,641 [INFO] ImportTextPane:234 - (OptionalMessage_ERROR) IP (DMA) : Parameter (RequestNumber) has Id (ADC1) currently not set
2026-07-22 15:46:32,641 [INFO] ImportTextPane:234 - (OptionalMessage_ERROR) IP (DMA) : Parameter (SyncSignalID) has Id (ADC1) currently not set
2026-07-22 15:46:32,641 [INFO] ImportTextPane:234 - (OptionalMessage_ERROR) IP (DMA) : Parameter (SyncPolarity) has Id (ADC1) currently not set
2026-07-22 15:46:32,641 [INFO] ImportTextPane:234 - (OptionalMessage_ERROR) IP (DMA) : Parameter (SyncEnable) has Id (ADC1) currently not set
2026-07-22 15:46:32,641 [INFO] ImportTextPane:234 - (OptionalMessage_ERROR) IP (DMA) : Parameter (EventEnable) has Id (ADC1) currently not set
2026-07-22 15:46:32,641 [INFO] ImportTextPane:234 - (OptionalMessage_ERROR) IP (DMA) : Parameter (SyncRequestNumber) has Id (ADC1) currently not set
2026-07-22 15:46:32,641 [INFO] ImportTextPane:234 - (OptionalMessage_ERROR) IP (DMA) : Parameter (Instance) has Id (ADC2) currently not set
2026-07-22 15:46:32,641 [INFO] ImportTextPane:234 - (OptionalMessage_ERROR) IP (DMA) : Parameter (Request) has Id (ADC2) currently not set
2026-07-22 15:46:32,641 [INFO] ImportTextPane:234 - (OptionalMessage_ERROR) IP (DMA) : Parameter (Direction) has Id (ADC2) currently not set
2026-07-22 15:46:32,641 [INFO] ImportTextPane:234 - (OptionalMessage_ERROR) IP (DMA) : Parameter (PeriphInc) has Id (ADC2) currently not set
2026-07-22 15:46:32,641 [INFO] ImportTextPane:234 - (OptionalMessage_ERROR) IP (DMA) : Parameter (MemInc) has Id (ADC2) currently not set
2026-07-22 15:46:32,641 [INFO] ImportTextPane:234 - (OptionalMessage_ERROR) IP (DMA) : Parameter (PeriphDataAlignment) has Id (ADC2) currently not set
2026-07-22 15:46:32,641 [INFO] ImportTextPane:234 - (OptionalMessage_ERROR) IP (DMA) : Parameter (MemDataAlignment) has Id (ADC2) currently not set
2026-07-22 15:46:32,641 [INFO] ImportTextPane:234 - (OptionalMessage_ERROR) IP (DMA) : Parameter (Mode) has Id (ADC2) currently not set
2026-07-22 15:46:32,642 [INFO] ImportTextPane:234 - (OptionalMessage_ERROR) IP (DMA) : Parameter (Priority) has Id (ADC2) currently not set
2026-07-22 15:46:32,642 [INFO] ImportTextPane:234 - (OptionalMessage_ERROR) IP (DMA) : Parameter (SignalID) has Id (ADC2) currently not set
2026-07-22 15:46:32,642 [INFO] ImportTextPane:234 - (OptionalMessage_ERROR) IP (DMA) : Parameter (Polarity) has Id (ADC2) currently not set
2026-07-22 15:46:32,642 [INFO] ImportTextPane:234 - (OptionalMessage_ERROR) IP (DMA) : Parameter (RequestNumber) has Id (ADC2) currently not set
2026-07-22 15:46:32,642 [INFO] ImportTextPane:234 - (OptionalMessage_ERROR) IP (DMA) : Parameter (SyncSignalID) has Id (ADC2) currently not set
2026-07-22 15:46:32,642 [INFO] ImportTextPane:234 - (OptionalMessage_ERROR) IP (DMA) : Parameter (SyncPolarity) has Id (ADC2) currently not set
2026-07-22 15:46:32,642 [INFO] ImportTextPane:234 - (OptionalMessage_ERROR) IP (DMA) : Parameter (SyncEnable) has Id (ADC2) currently not set
2026-07-22 15:46:32,642 [INFO] ImportTextPane:234 - (OptionalMessage_ERROR) IP (DMA) : Parameter (EventEnable) has Id (ADC2) currently not set
2026-07-22 15:46:32,642 [INFO] ImportTextPane:234 - (OptionalMessage_ERROR) IP (DMA) : Parameter (SyncRequestNumber) has Id (ADC2) currently not set
2026-07-22 15:46:32,642 [WARN] IP:2250 - MessageRAMOffset not found: check if there is a RefParameter without a condition.
2026-07-22 15:46:32,642 [WARN] IP:2250 - RxFifo0ElmtsNbr not found: check if there is a RefParameter without a condition.
2026-07-22 15:46:32,642 [WARN] IP:2250 - RxFifo0ElmtSize not found: check if there is a RefParameter without a condition.
2026-07-22 15:46:32,642 [WARN] IP:2250 - RxFifo1ElmtsNbr not found: check if there is a RefParameter without a condition.
2026-07-22 15:46:32,642 [WARN] IP:2250 - RxFifo1ElmtSize not found: check if there is a RefParameter without a condition.
2026-07-22 15:46:32,642 [WARN] IP:2250 - RxBuffersNbr not found: check if there is a RefParameter without a condition.
2026-07-22 15:46:32,642 [WARN] IP:2250 - RxBufferSize not found: check if there is a RefParameter without a condition.
2026-07-22 15:46:32,642 [WARN] IP:2250 - TxEventsNbr not found: check if there is a RefParameter without a condition.
2026-07-22 15:46:32,642 [WARN] IP:2250 - TxBuffersNbr not found: check if there is a RefParameter without a condition.
2026-07-22 15:46:32,642 [WARN] IP:2250 - TxFifoQueueElmtsNbr not found: check if there is a RefParameter without a condition.
2026-07-22 15:46:32,642 [WARN] IP:2250 - TxElmtSize not found: check if there is a RefParameter without a condition.
2026-07-22 15:46:32,642 [WARN] IP:2250 - ClockCalibrationCCU not found: check if there is a RefParameter without a condition.
2026-07-22 15:46:32,642 [WARN] IP:2250 - ClockDividerCCU not found: check if there is a RefParameter without a condition.
2026-07-22 15:46:32,642 [WARN] IP:2250 - MinOscClkPeriodsCCU not found: check if there is a RefParameter without a condition.
2026-07-22 15:46:32,642 [WARN] IP:2250 - TimeQuantaPerBitTimeCCU not found: check if there is a RefParameter without a condition.
2026-07-22 15:46:32,642 [WARN] IP:2250 - WatchdogStartValueCCU not found: check if there is a RefParameter without a condition.
2026-07-22 15:46:32,941 [INFO] ApiDb:581 - Connected to CubeFinder SQLite database (C:\Users\szymo\.stmcufinder\plugins\mcufinder\mcu\cube-finder-db.db)
2026-07-22 15:46:33,009 [INFO] ApiDb:668 - CubeFinder database Data Model version=2.1
2026-07-22 15:46:33,009 [INFO] ApiDb:669 - CubeFinder database Configuration version=3.0.42
2026-07-22 15:46:33,009 [INFO] ApiDb:670 - CubeFinder database generation date=2026-06-23 (1782213372)
2026-07-22 15:46:33,009 [INFO] ApiDb:671 - CubeFinder database FW Pack versions=[FP-ATR-ASTRA1_V2.0.0, FP-SNS-FLIGHT1_V5.1.0, FP-SNS-MOTENV1_V5.1.0, FP-SNS-MOTENVWB1_V1.5.0, FP-SNS-SMARTAG2_V1.2.0, FP-SNS-STBOX1_V2.1.0, STM32Cube_FW_C0_V1.4.0, STM32Cube_FW_F4_V1.28.3, STM32Cube_FW_F7_V1.17.4, STM32Cube_FW_G0_V1.6.3, STM32Cube_FW_G4_V1.6.2, STM32Cube_FW_H5_V1.7.0, STM32Cube_FW_H7RS_V1.3.0, STM32Cube_FW_H7_V1.13.0, STM32Cube_FW_L0_V1.12.2, STM32Cube_FW_L4_V1.18.2, STM32Cube_FW_L5_V1.6.0, STM32Cube_FW_N6_V1.4.0, STM32Cube_FW_U0_V1.3.0, STM32Cube_FW_U3_V1.4.0, STM32Cube_FW_U5_V1.9.0, STM32Cube_FW_WB0_V1.5.0, STM32Cube_FW_WBA_V1.10.0, STM32Cube_FW_WB_V1.24.0, STM32Cube_FW_WL3_V1.5.0, STM32Cube_FW_WL_V1.6.0, X-CUBE-ALGOBUILD_V1.5.0, X-CUBE-ALS_V1.0.2, X-CUBE-AZRTOS-F4_V1.1.0, X-CUBE-AZRTOS-F7_V1.1.0, X-CUBE-AZRTOS-G0_V1.1.0, X-CUBE-AZRTOS-G4_V2.0.0, X-CUBE-AZRTOS-H7RS_V1.1.0, X-CUBE-AZRTOS-H7_V3.5.0, X-CUBE-AZRTOS-L4_V2.0.0, X-CUBE-AZRTOS-L5_V2.0.0, X-CUBE-AZRTOS-WB_V2.0.0, X-CUBE-AZRTOS-WL_V2.0.0, X-CUBE-BLE1_V7.1.0, X-CUBE-BLE2_V3.3.0, X-CUBE-BLEMGR_V4.1.0, X-CUBE-EEPRMA1_V5.2.0, X-CUBE-FREERTOS_V1.5.0, X-CUBE-GNSS1_V7.1.1, X-CUBE-MEMS1_V12.1.0, X-CUBE-NFC4_V3.0.0, X-CUBE-NFC7_V2.0.0, X-CUBE-SFXS2LP1_V4.0.0, X-CUBE-ST67W61_V1.3.0, X-CUBE-SUBG2_V5.0.0, X-CUBE-TOF1_V3.4.3]
2026-07-22 15:46:33,104 [INFO] DbBoardsSqlite:226 - include board P-NUCLEO-WB55-NUCLEO as a kit item of type 'Nucleo-64'
2026-07-22 15:46:33,104 [INFO] DbBoardsSqlite:226 - include board P-NUCLEO-WB55-USBDONGLE as a kit item of type 'Nucleo USB Dongle'
2026-07-22 15:46:33,104 [INFO] DbBoardsSqlite:226 - include board STEVAL-IDP005V1 as a kit item of type 'Evaluation Board'
2026-07-22 15:46:33,105 [INFO] DbBoardsSqlite:226 - include board STEVAL-IDP005V2 as a kit item of type 'Evaluation Board'
2026-07-22 15:46:33,481 [INFO] ApiDb:240 - Found 880 in-development CPN: [B-G473E-ZEST1S, B-WB1M-WPAN1, B-WBA5M-WPAN, B-WL5M-SUBG1, NUCLEO-C031C6, NUCLEO-C051C8, NUCLEO-C071RB, NUCLEO-C092RC, NUCLEO-H503RB, NUCLEO-H533RE, NUCLEO-H563ZI, NUCLEO-H7S3L8, NUCLEO-N657X0-Q, NUCLEO-U031R8, NUCLEO-U083RC, NUCLEO-U385RG-Q, NUCLEO-U545RE-Q, NUCLEO-U5A5ZJ-Q, NUCLEO-WB05KZ, NUCLEO-WB07CC, NUCLEO-WB09KE, NUCLEO-WBA52CG, NUCLEO-WBA55CG, NUCLEO-WL33CC1, NUCLEO-WL33CC2, STEVAL-PROTEUS1, STEVAL-SMARTAG2, STEVAL-STWINBX1, STM320518-EVAL, STM32C0116-DK, STM32C011D6Y3TR, STM32C011D6Y6TR, STM32C011F4P3, STM32C011F4P6, STM32C011F4U3, STM32C011F4U6TR, STM32C011F6P3, STM32C011F6P6, STM32C011F6U3, STM32C011F6U6TR, STM32C011J4M3, STM32C011J4M6, STM32C011J6M3, STM32C011J6M6, STM32C0316-DK, STM32C031C4T3, STM32C031C4T6, STM32C031C4U3, STM32C031C4U6, STM32C031C6T3, STM32C031C6T6, STM32C031C6U3, STM32C031C6U6, STM32C031F4P3, STM32C031F4P6, STM32C031F6P3, STM32C031F6P6, STM32C031G4U3, STM32C031G4U6, STM32C031G6U3, STM32C031G6U6, STM32C031K4T3, STM32C031K4T6, STM32C031K4U3, STM32C031K4U6, STM32C031K6T3, STM32C031K6T6, STM32C031K6U3, STM32C031K6U6, STM32C051C6T6, STM32C051C6U6, STM32C051C8T6, STM32C051C8U6, STM32C051D8Y6TR, STM32C051F6P6, STM32C051F8P6, STM32C051G6U6, STM32C051G8U6, STM32C051K6T6, STM32C051K6U6, STM32C051K8T6, STM32C071C8T6, STM32C071C8T6N, STM32C071C8U6, STM32C071C8U6N, STM32C071CBT6, STM32C071CBT6N, STM32C071CBU6, STM32C071CBU6N, STM32C071F8P6, STM32C071F8P6N, STM32C071FBP6, STM32C071FBP6N, STM32C071FBY6TR, STM32C071G8U6, STM32C071G8U6N, STM32C071GBU6, STM32C071GBU6N, STM32C071K8T6, STM32C071K8T6N, STM32C071K8U6, STM32C071K8U6N, STM32C071KBT6, STM32C071KBT6N, STM32C071KBU6, STM32C071KBU6N, STM32C071R8T6, STM32C071R8T6N, STM32C071RBI6N, STM32C071RBT6, STM32C071RBT6N, STM32C091CBT6, STM32C091CBU6, STM32C091CCT6, STM32C091CCU6, STM32C091ECY6TR, STM32C091FBP6, STM32C091FCP6, STM32C091GBU6, STM32C091GCU6, STM32C091KBT6, STM32C091KBU6, STM32C091KCT6, STM32C091KCU6, STM32C091RBT6, STM32C091RCI6, STM32C091RCT6, STM32C092CBT6, STM32C092CBU6, STM32C092CCT6, STM32C092CCU6, STM32C092ECY6TR, STM32C092FBP6, STM32C092FCP6, STM32C092GBU6, STM32C092GCU6, STM32C092KBT6, STM32C092KBU6, STM32C092KCT6, STM32C092KCU6, STM32C092RBT6, STM32C092RCI6, STM32C092RCT6, STM32G071K8TXN, STM32G071K8UXN, STM32G081GBU6N, STM32G081KBT6N, STM32G081KBUXN, STM32G0B1CCT6N, STM32G0B1KCT6, STM32G0B1NEY6TR, STM32G0B1RCT6N, STM32G0C1CCT6, STM32G0C1CCT6N, STM32G0C1CCU6N, STM32G0C1CET6N, STM32G0C1CEU6N, STM32G0C1KCT6, STM32G0C1NEY6TR, STM32G0C1RCI6N, STM32G0C1RCT6N, STM32G0C1REI6N, STM32G0C1RET6N, STM32G0C1VCI6, STM32G0C1VEI6, STM32G411C6T3, STM32G411C6T6, STM32G411C6U3, STM32G411C6U6, STM32G411C8T3, STM32G411C8T6, STM32G411C8U3, STM32G411C8U6, STM32G411CBT3, STM32G411CBT6, STM32G411CBU3, STM32G411CBU6, STM32G411K6T3, STM32G411K6T6, STM32G411K6U3, STM32G411K6U6, STM32G411K8T3, STM32G411K8T6, STM32G411K8U3, STM32G411K8U6, STM32G411KBT3, STM32G411KBT6, STM32G411KBU3, STM32G411KBU6, STM32G411M6T3, STM32G411M6T6, STM32G411M8T3, STM32G411M8T6, STM32G411MBT3, STM32G411MBT6, STM32G411R6T3, STM32G411R6T6, STM32G411R8T3, STM32G411R8T6, STM32G411RBT3, STM32G411RBT6, STM32G414CBT3, STM32G414CBT6, STM32G414CBU3, STM32G414CBU6, STM32G414CCT3, STM32G414CCT6, STM32G414CCU3, STM32G414CCU6, STM32G414MBT3, STM32G414MBT6, STM32G414MCT3, STM32G414MCT6, STM32G414RBT3, STM32G414RBT6, STM32G414RCT3, STM32G414RCT6, STM32G414VBT3, STM32G414VBT6, STM32G414VCT3, STM32G414VCT6, STM32G431CBT3Z, STM32G431RBT3Z, STM32G471CCT6, STM32G471CCU6, STM32G471CET3, STM32G471CET6, STM32G471CEU3, STM32G471CEU6, STM32G471MCT6, STM32G471MET3, STM32G471MET6, STM32G471MEY6TR, STM32G471QCT6, STM32G471QET3, STM32G471RCT6, STM32G471RET3, STM32G471RET6, STM32G471VCH6, STM32G471VCI6, STM32G471VCT6, STM32G471VEH3, STM32G471VEH6, STM32G471VEI3, STM32G471VEI6, STM32G471VET3, STM32G471VET6, STM32G473QET3Z, STM32G473RET3Z, STM32G474CCT6, STM32G491RET3Z, STM32H503CBT6, STM32H503CBU6, STM32H503EBY6TR, STM32H503KBU6, STM32H503RBT6, STM32H523CCT6, STM32H523CCU6, STM32H523CET6, STM32H523CEU6, STM32H523HEY6TR, STM32H523RCT6, STM32H523RET6, STM32H523VCI6, STM32H523VCT6, STM32H523VEI6, STM32H523VET6, STM32H523ZCJ6, STM32H523ZCT6, STM32H523ZEJ6, STM32H523ZET6, STM32H533CET6, STM32H533CEU6, STM32H533HEY6TR, STM32H533RET6, STM32H533VEI6, STM32H533VET6, STM32H533ZEJ6, STM32H533ZET6, STM32H562AGI6, STM32H562AII6, STM32H562IGK6, STM32H562IGT6, STM32H562IIK6, STM32H562IIT6, STM32H562RGT6, STM32H562RGV6, STM32H562RIT6, STM32H562RIV6, STM32H562VGT6, STM32H562VIT6, STM32H562ZGT6, STM32H562ZIT6, STM32H563AGI6, STM32H563AII3Q, STM32H563AII6, STM32H563IGK6, STM32H563IGT6, STM32H563IIK3Q, STM32H563IIK6, STM32H563IIT3Q, STM32H563IIT6, STM32H563MIY3QTR, STM32H563RGT6, STM32H563RGV6, STM32H563RIT6, STM32H563RIV6, STM32H563VGT6, STM32H563VIT3Q, STM32H563VIT6, STM32H563ZGT6, STM32H563ZIT3Q, STM32H563ZIT6, STM32H573AII3Q, STM32H573AII6, STM32H573I-DK, STM32H573IIK3Q, STM32H573IIK6, STM32H573IIT3Q, STM32H573IIT6, STM32H573MIY3QTR, STM32H573RIT6, STM32H573RIV6, STM32H573VIT3Q, STM32H573VIT6, STM32H573ZIT3Q, STM32H573ZIT6, STM32H7R3A8I6, STM32H7R3I8K6, STM32H7R3I8T6, STM32H7R3L8H6, STM32H7R3L8H6H, STM32H7R3R8V6, STM32H7R3V8H6, STM32H7R3V8T6, STM32H7R3V8Y6TR, STM32H7R3Z8J6, STM32H7R3Z8T6, STM32H7R7A8I6, STM32H7R7I8K6, STM32H7R7I8T6, STM32H7R7L8H6, STM32H7R7L8H6H, STM32H7R7Z8J6, STM32H7S3A8I6, STM32H7S3I8K6, STM32H7S3I8T6, STM32H7S3L8H6, STM32H7S3L8H6H, STM32H7S3R8V6, STM32H7S3V8H6, STM32H7S3V8T6, STM32H7S3V8Y6TR, STM32H7S3Z8J6, STM32H7S3Z8T6, STM32H7S78-DK, STM32H7S7A8I6, STM32H7S7I8K6, STM32H7S7I8T6, STM32H7S7L8H6, STM32H7S7L8H6H, STM32H7S7Z8J6, STM32L4R5QGI6STR, STM32MP131AAE3, STM32MP131AAF3, STM32MP131AAG3, STM32MP131CAE3, STM32MP131CAF3, STM32MP131CAG3, STM32MP131DAE7, STM32MP131DAF7, STM32MP131DAG7, STM32MP131FAE7, STM32MP131FAF7, STM32MP131FAG7, STM32MP133AAE3, STM32MP133AAF3, STM32MP133AAG3, STM32MP133CAE3, STM32MP133CAF3, STM32MP133CAG3, STM32MP133DAE7, STM32MP133DAF7, STM32MP133DAG7, STM32MP133FAE7, STM32MP133FAF7, STM32MP133FAG7, STM32MP135AAE3, STM32MP135AAF3, STM32MP135AAG3, STM32MP135CAE3, STM32MP135CAF3, STM32MP135CAG3, STM32MP135DAE7, STM32MP135DAF7, STM32MP135DAG7, STM32MP135F-DK, STM32MP135FAE7, STM32MP135FAF7, STM32MP135FAF7T, STM32MP135FAF7U, STM32MP135FAG7, STM32MP211AAL3, STM32MP211AAM3, STM32MP211AAN3, STM32MP211AAO3, STM32MP211CAL3, STM32MP211CAM3, STM32MP211CAN3, STM32MP211CAO3, STM32MP211DAL3, STM32MP211DAM3, STM32MP211DAN3, STM32MP211DAO3, STM32MP211FAL3, STM32MP211FAM3, STM32MP211FAN3, STM32MP211FAO3, STM32MP213AAL3, STM32MP213AAM3, STM32MP213AAN3, STM32MP213AAO3, STM32MP213CAL3, STM32MP213CAM3, STM32MP213CAN3, STM32MP213CAO3, STM32MP213DAL3, STM32MP213DAM3, STM32MP213DAN3, STM32MP213DAO3, STM32MP213FAL3, STM32MP213FAM3, STM32MP213FAN3, STM32MP213FAO3, STM32MP215AAL3, STM32MP215AAM3, STM32MP215AAN3, STM32MP215AAO3, STM32MP215CAL3, STM32MP215CAM3, STM32MP215CAN3, STM32MP215CAO3, STM32MP215DAL3, STM32MP215DAM3, STM32MP215DAN3, STM32MP215DAO3, STM32MP215F-DK, STM32MP215FAL3, STM32MP215FAM3, STM32MP215FAN3, STM32MP215FAO3, STM32MP231AAJ3, STM32MP231AAK3, STM32MP231AAL3, STM32MP231CAJ3, STM32MP231CAK3, STM32MP231CAL3, STM32MP231DAJ3, STM32MP231DAK3, STM32MP231DAL3, STM32MP231FAJ3, STM32MP231FAK3, STM32MP231FAL3, STM32MP233AAJ3, STM32MP233AAK3, STM32MP233AAL3, STM32MP233CAJ3, STM32MP233CAK3, STM32MP233CAL3, STM32MP233DAJ3, STM32MP233DAK3, STM32MP233DAL3, STM32MP233FAJ3, STM32MP233FAK3, STM32MP233FAL3, STM32MP235AAJ3, STM32MP235AAK3, STM32MP235AAL3, STM32MP235CAJ3, STM32MP235CAK3, STM32MP235CAL3, STM32MP235DAJ3, STM32MP235DAK3, STM32MP235DAL3, STM32MP235FAJ3, STM32MP235FAK3, STM32MP235FAL3, STM32MP251AAI3, STM32MP251AAK3, STM32MP251AAL3, STM32MP251CAI3, STM32MP251CAK3, STM32MP251CAL3, STM32MP251DAI3, STM32MP251DAK3, STM32MP251DAL3, STM32MP251FAI3, STM32MP251FAK3, STM32MP251FAL3, STM32MP253AAI3, STM32MP253AAK3, STM32MP253AAL3, STM32MP253CAI3, STM32MP253CAK3, STM32MP253CAL3, STM32MP253DAI3, STM32MP253DAK3, STM32MP253DAL3, STM32MP253FAI3, STM32MP253FAK3, STM32MP253FAL3, STM32MP255AAI3, STM32MP255AAK3, STM32MP255AAL3, STM32MP255CAI3, STM32MP255CAK3, STM32MP255CAL3, STM32MP255DAI3, STM32MP255DAK3, STM32MP255DAL3, STM32MP255FAI3, STM32MP255FAK3, STM32MP255FAL3, STM32MP257AAI3, STM32MP257AAK3, STM32MP257AAL3, STM32MP257CAI3, STM32MP257CAK3, STM32MP257CAL3, STM32MP257DAI3, STM32MP257DAK3, STM32MP257DAL3, STM32MP257F-DK, STM32MP257F-EV1, STM32MP257FAI3, STM32MP257FAK3, STM32MP257FAL3, STM32N645A0H3Q, STM32N645B0H3Q, STM32N645I0H3Q, STM32N645L0H3Q, STM32N645X0H3Q, STM32N645Z0H3Q, STM32N647A0H3Q, STM32N647B0H3Q, STM32N647I0H3Q, STM32N647L0H3Q, STM32N647X0H3Q, STM32N647Z0H3Q, STM32N655A0H3Q, STM32N655B0H3Q, STM32N655I0H3Q, STM32N655L0H3Q, STM32N655X0H3Q, STM32N655Z0H3Q, STM32N6570-DK, STM32N657A0H3Q, STM32N657B0H3Q, STM32N657I0H3Q, STM32N657L0H3Q, STM32N657X0H3Q, STM32N657Z0H3Q, STM32U031C6T6, STM32U031C6U6, STM32U031C8T6, STM32U031C8U6, STM32U031F4P6, STM32U031F6P6, STM32U031F8P6, STM32U031G6Y6TR, STM32U031G8Y6TR, STM32U031K4U6, STM32U031K6U6, STM32U031K8U6, STM32U031R6I6, STM32U031R6T6, STM32U031R8I6, STM32U031R8T6, STM32U073C8T6, STM32U073C8U6, STM32U073CBT6, STM32U073CBU6, STM32U073CCT6, STM32U073CCU6, STM32U073H8Y6TR, STM32U073HBY6TR, STM32U073HCY6TR, STM32U073K8U6, STM32U073KBU6, STM32U073KCU6, STM32U073M8I6, STM32U073M8T6, STM32U073MBI6, STM32U073MBT6, STM32U073MCI6, STM32U073MCT6, STM32U073R8I6, STM32U073R8T6, STM32U073RBI6, STM32U073RBT6, STM32U073RCI6, STM32U073RCT6, STM32U083C-DK, STM32U083CCT6, STM32U083CCU6, STM32U083HCY6TR, STM32U083KCU6, STM32U083MCI6, STM32U083MCT6, STM32U083RCI6, STM32U083RCT6, STM32U375CET6, STM32U375CET6Q, STM32U375CEU6, STM32U375CEU6Q, STM32U375CEY6QTR, STM32U375CGT6, STM32U375CGT6Q, STM32U375CGU6, STM32U375CGU6Q, STM32U375CGY6QTR, STM32U375KEU6, STM32U375KGU6, STM32U375REI6, STM32U375REI6Q, STM32U375RET6, STM32U375RET6Q, STM32U375REY6GTR, STM32U375REY6QTR, STM32U375RGI6, STM32U375RGI6Q, STM32U375RGT6, STM32U375RGT6Q, STM32U375RGY6GTR, STM32U375RGY6QTR, STM32U375VEI6, STM32U375VEI6Q, STM32U375VET6, STM32U375VET6Q, STM32U375VGI6, STM32U375VGI6Q, STM32U375VGT6, STM32U375VGT6Q, STM32U385CGT6, STM32U385CGT6Q, STM32U385CGU6, STM32U385CGU6Q, STM32U385CGY6QTR, STM32U385KGU6, STM32U385RGI6, STM32U385RGI6Q, STM32U385RGT6, STM32U385RGT6Q, STM32U385RGY6GTR, STM32U385RGY6QTR, STM32U385VGI6, STM32U385VGI6Q, STM32U385VGT6, STM32U385VGT6Q, STM32U535CBT6, STM32U535CBT6Q, STM32U535CBU6, STM32U535CBU6Q, STM32U535CCT6, STM32U535CCT6Q, STM32U535CCU6, STM32U535CCU6Q, STM32U535CET6, STM32U535CET6Q, STM32U535CEU6, STM32U535CEU6Q, STM32U535JEY6QTR, STM32U535NCY6QTR, STM32U535NEY6QTR, STM32U535RBI6, STM32U535RBI6Q, STM32U535RBT6, STM32U535RBT6Q, STM32U535RCI6, STM32U535RCI6Q, STM32U535RCT6, STM32U535RCT6Q, STM32U535REI6, STM32U535REI6Q, STM32U535RET6, STM32U535RET6Q, STM32U535VCI6, STM32U535VCI6Q, STM32U535VCT6, STM32U535VCT6Q, STM32U535VEI6, STM32U535VEI6Q, STM32U535VET6, STM32U535VET6Q, STM32U545CET6, STM32U545CET6Q, STM32U545CEU6, STM32U545CEU6Q, STM32U545JEY6QTR, STM32U545NEY6QTR, STM32U545REI6, STM32U545REI6Q, STM32U545RET6, STM32U545RET6Q, STM32U545VEI6, STM32U545VEI6Q, STM32U545VET6, STM32U545VET6Q, STM32U595AIH6, STM32U595AIH6Q, STM32U595AJH6, STM32U595AJH6Q, STM32U595QII6, STM32U595QII6Q, STM32U595QJI6, STM32U595QJI6Q, STM32U595RIT6, STM32U595RIT6Q, STM32U595RJT6, STM32U595RJT6Q, STM32U595VIT6, STM32U595VIT6Q, STM32U595VJT6, STM32U595VJT6Q, STM32U595ZIT6, STM32U595ZIT6Q, STM32U595ZIY6QTR, STM32U595ZJT6, STM32U595ZJT6Q, STM32U595ZJY6QTR, STM32U599BJY6QTR, STM32U599NIH6Q, STM32U599NJH6Q, STM32U599VIT6Q, STM32U599VJT6, STM32U599VJT6Q, STM32U599ZIT6Q, STM32U599ZIY6QTR, STM32U599ZJT6Q, STM32U599ZJY6QTR, STM32U5A5AJH6, STM32U5A5AJH6Q, STM32U5A5QII3Q , STM32U5A5QJI6, STM32U5A5QJI6Q, STM32U5A5RJT6, STM32U5A5RJT6Q, STM32U5A5VJT6, STM32U5A5VJT6Q, STM32U5A5ZJT6, STM32U5A5ZJT6Q, STM32U5A5ZJY6QTR, STM32U5A9BJY6QTR, STM32U5A9J-DK, STM32U5A9NJH6Q, STM32U5A9VJT6Q, STM32U5A9ZJT6Q, STM32U5A9ZJY6QTR, STM32U5F7VIT6, STM32U5F7VIT6Q, STM32U5F7VJT6, STM32U5F7VJT6Q, STM32U5F9BJY6QTR, STM32U5F9NJH6Q, STM32U5F9VIT6Q, STM32U5F9VJT6Q, STM32U5F9ZIJ6QTR, STM32U5F9ZIT6Q, STM32U5F9ZJJ6QTR, STM32U5F9ZJT6Q, STM32U5G7VJT6, STM32U5G7VJT6Q, STM32U5G9BJY6QTR, STM32U5G9J-DK1, STM32U5G9J-DK2, STM32U5G9NJH6Q, STM32U5G9VJT6Q, STM32U5G9ZJJ6QTR, STM32U5G9ZJT6Q, STM32WB05KZV6TR, STM32WB05KZV7TR, STM32WB05TZF6TR, STM32WB05TZF7TR, STM32WB06CCF6TR, STM32WB06CCF7TR, STM32WB06CCV6TR, STM32WB06CCV7TR, STM32WB06KCV6TR, STM32WB06KCV7TR, STM32WB07CCF6TR, STM32WB07CCF7TR, STM32WB07CCV6TR, STM32WB07CCV7TR, STM32WB07KCV6TR, STM32WB07KCV7TR, STM32WB09KEV6TR, STM32WB09KEV7TR, STM32WB09TEF6TR, STM32WB09TEF7TR, STM32WB1MMCH6, STM32WBA50KGU6, STM32WBA50KGU6TR, STM32WBA52CEU6, STM32WBA52CEU6TR, STM32WBA52CEU7, STM32WBA52CEU7TR, STM32WBA52CGU6, STM32WBA52CGU6TR, STM32WBA52CGU6U, STM32WBA52CGU7, STM32WBA52CGU7TR, STM32WBA52KEU6, STM32WBA52KEU6TR, STM32WBA52KGU6, STM32WBA52KGU6TR, STM32WBA54CEU6, STM32WBA54CEU6TR, STM32WBA54CEU7, STM32WBA54CEU7TR, STM32WBA54CGU6, STM32WBA54CGU6TR, STM32WBA54CGU7, STM32WBA54CGU7TR, STM32WBA54KEU6, STM32WBA54KEU6TR, STM32WBA54KEU7, STM32WBA54KEU7TR, STM32WBA54KGU6, STM32WBA54KGU6TR, STM32WBA54KGU7, STM32WBA54KGU7TR, STM32WBA55CEU6, STM32WBA55CEU6TR, STM32WBA55CEU7, STM32WBA55CEU7TR, STM32WBA55CGU6, STM32WBA55CGU6TR, STM32WBA55CGU6U, STM32WBA55CGU7, STM32WBA55CGU7TR, STM32WBA55G-DK1, STM32WBA55HEF6, STM32WBA55HEF7, STM32WBA55HGF6, STM32WBA55HGF7, STM32WBA55UEI6, STM32WBA55UEI6TR, STM32WBA55UEI7, STM32WBA55UEI7TR, STM32WBA55UGI6, STM32WBA55UGI6TR, STM32WBA55UGI7, STM32WBA55UGI7TR, STM32WBA5MMGH6TR, STM32WBA62MGF6, STM32WBA62MIF6, STM32WBA65MGF7, STM32WBA65MIF6, STM32WBA65MIF7, STM32WL30K8V6, STM32WL30KBV6, STM32WL31C8V6, STM32WL31CBV6, STM32WL31K8V6, STM32WL31KBV6, STM32WL33C8V6, STM32WL33C8V6X, STM32WL33CBV6, STM32WL33CBV6X, STM32WL33CCV6, STM32WL33CCV6A, STM32WL33CCV6X, STM32WL33K8V7, STM32WL33K8V7X, STM32WL33KBV7 , STM32WL33KBV7X, STM32WL33KCV7, STM32WL33KCV7X, STM32WL5MOCH6, STM32WL5MOCH6TR]
2026-07-22 15:46:33,483 [INFO] ApiDb:668 - CubeFinder database Data Model version=2.1
2026-07-22 15:46:33,483 [INFO] ApiDb:669 - CubeFinder database Configuration version=3.0.42
2026-07-22 15:46:33,483 [INFO] ApiDb:670 - CubeFinder database generation date=2026-06-23 (1782213372)
2026-07-22 15:46:33,483 [INFO] ApiDb:671 - CubeFinder database FW Pack versions=[FP-ATR-ASTRA1_V2.0.0, FP-SNS-FLIGHT1_V5.1.0, FP-SNS-MOTENV1_V5.1.0, FP-SNS-MOTENVWB1_V1.5.0, FP-SNS-SMARTAG2_V1.2.0, FP-SNS-STBOX1_V2.1.0, STM32Cube_FW_C0_V1.4.0, STM32Cube_FW_F4_V1.28.3, STM32Cube_FW_F7_V1.17.4, STM32Cube_FW_G0_V1.6.3, STM32Cube_FW_G4_V1.6.2, STM32Cube_FW_H5_V1.7.0, STM32Cube_FW_H7RS_V1.3.0, STM32Cube_FW_H7_V1.13.0, STM32Cube_FW_L0_V1.12.2, STM32Cube_FW_L4_V1.18.2, STM32Cube_FW_L5_V1.6.0, STM32Cube_FW_N6_V1.4.0, STM32Cube_FW_U0_V1.3.0, STM32Cube_FW_U3_V1.4.0, STM32Cube_FW_U5_V1.9.0, STM32Cube_FW_WB0_V1.5.0, STM32Cube_FW_WBA_V1.10.0, STM32Cube_FW_WB_V1.24.0, STM32Cube_FW_WL3_V1.5.0, STM32Cube_FW_WL_V1.6.0, X-CUBE-ALGOBUILD_V1.5.0, X-CUBE-ALS_V1.0.2, X-CUBE-AZRTOS-F4_V1.1.0, X-CUBE-AZRTOS-F7_V1.1.0, X-CUBE-AZRTOS-G0_V1.1.0, X-CUBE-AZRTOS-G4_V2.0.0, X-CUBE-AZRTOS-H7RS_V1.1.0, X-CUBE-AZRTOS-H7_V3.5.0, X-CUBE-AZRTOS-L4_V2.0.0, X-CUBE-AZRTOS-L5_V2.0.0, X-CUBE-AZRTOS-WB_V2.0.0, X-CUBE-AZRTOS-WL_V2.0.0, X-CUBE-BLE1_V7.1.0, X-CUBE-BLE2_V3.3.0, X-CUBE-BLEMGR_V4.1.0, X-CUBE-EEPRMA1_V5.2.0, X-CUBE-FREERTOS_V1.5.0, X-CUBE-GNSS1_V7.1.1, X-CUBE-MEMS1_V12.1.0, X-CUBE-NFC4_V3.0.0, X-CUBE-NFC7_V2.0.0, X-CUBE-SFXS2LP1_V4.0.0, X-CUBE-ST67W61_V1.3.0, X-CUBE-SUBG2_V5.0.0, X-CUBE-TOF1_V3.4.3]
2026-07-22 15:46:34,509 [INFO] ApiDb:240 - Found 880 in-development CPN: [B-G473E-ZEST1S, B-WB1M-WPAN1, B-WBA5M-WPAN, B-WL5M-SUBG1, NUCLEO-C031C6, NUCLEO-C051C8, NUCLEO-C071RB, NUCLEO-C092RC, NUCLEO-H503RB, NUCLEO-H533RE, NUCLEO-H563ZI, NUCLEO-H7S3L8, NUCLEO-N657X0-Q, NUCLEO-U031R8, NUCLEO-U083RC, NUCLEO-U385RG-Q, NUCLEO-U545RE-Q, NUCLEO-U5A5ZJ-Q, NUCLEO-WB05KZ, NUCLEO-WB07CC, NUCLEO-WB09KE, NUCLEO-WBA52CG, NUCLEO-WBA55CG, NUCLEO-WL33CC1, NUCLEO-WL33CC2, STEVAL-PROTEUS1, STEVAL-SMARTAG2, STEVAL-STWINBX1, STM320518-EVAL, STM32C0116-DK, STM32C011D6Y3TR, STM32C011D6Y6TR, STM32C011F4P3, STM32C011F4P6, STM32C011F4U3, STM32C011F4U6TR, STM32C011F6P3, STM32C011F6P6, STM32C011F6U3, STM32C011F6U6TR, STM32C011J4M3, STM32C011J4M6, STM32C011J6M3, STM32C011J6M6, STM32C0316-DK, STM32C031C4T3, STM32C031C4T6, STM32C031C4U3, STM32C031C4U6, STM32C031C6T3, STM32C031C6T6, STM32C031C6U3, STM32C031C6U6, STM32C031F4P3, STM32C031F4P6, STM32C031F6P3, STM32C031F6P6, STM32C031G4U3, STM32C031G4U6, STM32C031G6U3, STM32C031G6U6, STM32C031K4T3, STM32C031K4T6, STM32C031K4U3, STM32C031K4U6, STM32C031K6T3, STM32C031K6T6, STM32C031K6U3, STM32C031K6U6, STM32C051C6T6, STM32C051C6U6, STM32C051C8T6, STM32C051C8U6, STM32C051D8Y6TR, STM32C051F6P6, STM32C051F8P6, STM32C051G6U6, STM32C051G8U6, STM32C051K6T6, STM32C051K6U6, STM32C051K8T6, STM32C071C8T6, STM32C071C8T6N, STM32C071C8U6, STM32C071C8U6N, STM32C071CBT6, STM32C071CBT6N, STM32C071CBU6, STM32C071CBU6N, STM32C071F8P6, STM32C071F8P6N, STM32C071FBP6, STM32C071FBP6N, STM32C071FBY6TR, STM32C071G8U6, STM32C071G8U6N, STM32C071GBU6, STM32C071GBU6N, STM32C071K8T6, STM32C071K8T6N, STM32C071K8U6, STM32C071K8U6N, STM32C071KBT6, STM32C071KBT6N, STM32C071KBU6, STM32C071KBU6N, STM32C071R8T6, STM32C071R8T6N, STM32C071RBI6N, STM32C071RBT6, STM32C071RBT6N, STM32C091CBT6, STM32C091CBU6, STM32C091CCT6, STM32C091CCU6, STM32C091ECY6TR, STM32C091FBP6, STM32C091FCP6, STM32C091GBU6, STM32C091GCU6, STM32C091KBT6, STM32C091KBU6, STM32C091KCT6, STM32C091KCU6, STM32C091RBT6, STM32C091RCI6, STM32C091RCT6, STM32C092CBT6, STM32C092CBU6, STM32C092CCT6, STM32C092CCU6, STM32C092ECY6TR, STM32C092FBP6, STM32C092FCP6, STM32C092GBU6, STM32C092GCU6, STM32C092KBT6, STM32C092KBU6, STM32C092KCT6, STM32C092KCU6, STM32C092RBT6, STM32C092RCI6, STM32C092RCT6, STM32G071K8TXN, STM32G071K8UXN, STM32G081GBU6N, STM32G081KBT6N, STM32G081KBUXN, STM32G0B1CCT6N, STM32G0B1KCT6, STM32G0B1NEY6TR, STM32G0B1RCT6N, STM32G0C1CCT6, STM32G0C1CCT6N, STM32G0C1CCU6N, STM32G0C1CET6N, STM32G0C1CEU6N, STM32G0C1KCT6, STM32G0C1NEY6TR, STM32G0C1RCI6N, STM32G0C1RCT6N, STM32G0C1REI6N, STM32G0C1RET6N, STM32G0C1VCI6, STM32G0C1VEI6, STM32G411C6T3, STM32G411C6T6, STM32G411C6U3, STM32G411C6U6, STM32G411C8T3, STM32G411C8T6, STM32G411C8U3, STM32G411C8U6, STM32G411CBT3, STM32G411CBT6, STM32G411CBU3, STM32G411CBU6, STM32G411K6T3, STM32G411K6T6, STM32G411K6U3, STM32G411K6U6, STM32G411K8T3, STM32G411K8T6, STM32G411K8U3, STM32G411K8U6, STM32G411KBT3, STM32G411KBT6, STM32G411KBU3, STM32G411KBU6, STM32G411M6T3, STM32G411M6T6, STM32G411M8T3, STM32G411M8T6, STM32G411MBT3, STM32G411MBT6, STM32G411R6T3, STM32G411R6T6, STM32G411R8T3, STM32G411R8T6, STM32G411RBT3, STM32G411RBT6, STM32G414CBT3, STM32G414CBT6, STM32G414CBU3, STM32G414CBU6, STM32G414CCT3, STM32G414CCT6, STM32G414CCU3, STM32G414CCU6, STM32G414MBT3, STM32G414MBT6, STM32G414MCT3, STM32G414MCT6, STM32G414RBT3, STM32G414RBT6, STM32G414RCT3, STM32G414RCT6, STM32G414VBT3, STM32G414VBT6, STM32G414VCT3, STM32G414VCT6, STM32G431CBT3Z, STM32G431RBT3Z, STM32G471CCT6, STM32G471CCU6, STM32G471CET3, STM32G471CET6, STM32G471CEU3, STM32G471CEU6, STM32G471MCT6, STM32G471MET3, STM32G471MET6, STM32G471MEY6TR, STM32G471QCT6, STM32G471QET3, STM32G471RCT6, STM32G471RET3, STM32G471RET6, STM32G471VCH6, STM32G471VCI6, STM32G471VCT6, STM32G471VEH3, STM32G471VEH6, STM32G471VEI3, STM32G471VEI6, STM32G471VET3, STM32G471VET6, STM32G473QET3Z, STM32G473RET3Z, STM32G474CCT6, STM32G491RET3Z, STM32H503CBT6, STM32H503CBU6, STM32H503EBY6TR, STM32H503KBU6, STM32H503RBT6, STM32H523CCT6, STM32H523CCU6, STM32H523CET6, STM32H523CEU6, STM32H523HEY6TR, STM32H523RCT6, STM32H523RET6, STM32H523VCI6, STM32H523VCT6, STM32H523VEI6, STM32H523VET6, STM32H523ZCJ6, STM32H523ZCT6, STM32H523ZEJ6, STM32H523ZET6, STM32H533CET6, STM32H533CEU6, STM32H533HEY6TR, STM32H533RET6, STM32H533VEI6, STM32H533VET6, STM32H533ZEJ6, STM32H533ZET6, STM32H562AGI6, STM32H562AII6, STM32H562IGK6, STM32H562IGT6, STM32H562IIK6, STM32H562IIT6, STM32H562RGT6, STM32H562RGV6, STM32H562RIT6, STM32H562RIV6, STM32H562VGT6, STM32H562VIT6, STM32H562ZGT6, STM32H562ZIT6, STM32H563AGI6, STM32H563AII3Q, STM32H563AII6, STM32H563IGK6, STM32H563IGT6, STM32H563IIK3Q, STM32H563IIK6, STM32H563IIT3Q, STM32H563IIT6, STM32H563MIY3QTR, STM32H563RGT6, STM32H563RGV6, STM32H563RIT6, STM32H563RIV6, STM32H563VGT6, STM32H563VIT3Q, STM32H563VIT6, STM32H563ZGT6, STM32H563ZIT3Q, STM32H563ZIT6, STM32H573AII3Q, STM32H573AII6, STM32H573I-DK, STM32H573IIK3Q, STM32H573IIK6, STM32H573IIT3Q, STM32H573IIT6, STM32H573MIY3QTR, STM32H573RIT6, STM32H573RIV6, STM32H573VIT3Q, STM32H573VIT6, STM32H573ZIT3Q, STM32H573ZIT6, STM32H7R3A8I6, STM32H7R3I8K6, STM32H7R3I8T6, STM32H7R3L8H6, STM32H7R3L8H6H, STM32H7R3R8V6, STM32H7R3V8H6, STM32H7R3V8T6, STM32H7R3V8Y6TR, STM32H7R3Z8J6, STM32H7R3Z8T6, STM32H7R7A8I6, STM32H7R7I8K6, STM32H7R7I8T6, STM32H7R7L8H6, STM32H7R7L8H6H, STM32H7R7Z8J6, STM32H7S3A8I6, STM32H7S3I8K6, STM32H7S3I8T6, STM32H7S3L8H6, STM32H7S3L8H6H, STM32H7S3R8V6, STM32H7S3V8H6, STM32H7S3V8T6, STM32H7S3V8Y6TR, STM32H7S3Z8J6, STM32H7S3Z8T6, STM32H7S78-DK, STM32H7S7A8I6, STM32H7S7I8K6, STM32H7S7I8T6, STM32H7S7L8H6, STM32H7S7L8H6H, STM32H7S7Z8J6, STM32L4R5QGI6STR, STM32MP131AAE3, STM32MP131AAF3, STM32MP131AAG3, STM32MP131CAE3, STM32MP131CAF3, STM32MP131CAG3, STM32MP131DAE7, STM32MP131DAF7, STM32MP131DAG7, STM32MP131FAE7, STM32MP131FAF7, STM32MP131FAG7, STM32MP133AAE3, STM32MP133AAF3, STM32MP133AAG3, STM32MP133CAE3, STM32MP133CAF3, STM32MP133CAG3, STM32MP133DAE7, STM32MP133DAF7, STM32MP133DAG7, STM32MP133FAE7, STM32MP133FAF7, STM32MP133FAG7, STM32MP135AAE3, STM32MP135AAF3, STM32MP135AAG3, STM32MP135CAE3, STM32MP135CAF3, STM32MP135CAG3, STM32MP135DAE7, STM32MP135DAF7, STM32MP135DAG7, STM32MP135F-DK, STM32MP135FAE7, STM32MP135FAF7, STM32MP135FAF7T, STM32MP135FAF7U, STM32MP135FAG7, STM32MP211AAL3, STM32MP211AAM3, STM32MP211AAN3, STM32MP211AAO3, STM32MP211CAL3, STM32MP211CAM3, STM32MP211CAN3, STM32MP211CAO3, STM32MP211DAL3, STM32MP211DAM3, STM32MP211DAN3, STM32MP211DAO3, STM32MP211FAL3, STM32MP211FAM3, STM32MP211FAN3, STM32MP211FAO3, STM32MP213AAL3, STM32MP213AAM3, STM32MP213AAN3, STM32MP213AAO3, STM32MP213CAL3, STM32MP213CAM3, STM32MP213CAN3, STM32MP213CAO3, STM32MP213DAL3, STM32MP213DAM3, STM32MP213DAN3, STM32MP213DAO3, STM32MP213FAL3, STM32MP213FAM3, STM32MP213FAN3, STM32MP213FAO3, STM32MP215AAL3, STM32MP215AAM3, STM32MP215AAN3, STM32MP215AAO3, STM32MP215CAL3, STM32MP215CAM3, STM32MP215CAN3, STM32MP215CAO3, STM32MP215DAL3, STM32MP215DAM3, STM32MP215DAN3, STM32MP215DAO3, STM32MP215F-DK, STM32MP215FAL3, STM32MP215FAM3, STM32MP215FAN3, STM32MP215FAO3, STM32MP231AAJ3, STM32MP231AAK3, STM32MP231AAL3, STM32MP231CAJ3, STM32MP231CAK3, STM32MP231CAL3, STM32MP231DAJ3, STM32MP231DAK3, STM32MP231DAL3, STM32MP231FAJ3, STM32MP231FAK3, STM32MP231FAL3, STM32MP233AAJ3, STM32MP233AAK3, STM32MP233AAL3, STM32MP233CAJ3, STM32MP233CAK3, STM32MP233CAL3, STM32MP233DAJ3, STM32MP233DAK3, STM32MP233DAL3, STM32MP233FAJ3, STM32MP233FAK3, STM32MP233FAL3, STM32MP235AAJ3, STM32MP235AAK3, STM32MP235AAL3, STM32MP235CAJ3, STM32MP235CAK3, STM32MP235CAL3, STM32MP235DAJ3, STM32MP235DAK3, STM32MP235DAL3, STM32MP235FAJ3, STM32MP235FAK3, STM32MP235FAL3, STM32MP251AAI3, STM32MP251AAK3, STM32MP251AAL3, STM32MP251CAI3, STM32MP251CAK3, STM32MP251CAL3, STM32MP251DAI3, STM32MP251DAK3, STM32MP251DAL3, STM32MP251FAI3, STM32MP251FAK3, STM32MP251FAL3, STM32MP253AAI3, STM32MP253AAK3, STM32MP253AAL3, STM32MP253CAI3, STM32MP253CAK3, STM32MP253CAL3, STM32MP253DAI3, STM32MP253DAK3, STM32MP253DAL3, STM32MP253FAI3, STM32MP253FAK3, STM32MP253FAL3, STM32MP255AAI3, STM32MP255AAK3, STM32MP255AAL3, STM32MP255CAI3, STM32MP255CAK3, STM32MP255CAL3, STM32MP255DAI3, STM32MP255DAK3, STM32MP255DAL3, STM32MP255FAI3, STM32MP255FAK3, STM32MP255FAL3, STM32MP257AAI3, STM32MP257AAK3, STM32MP257AAL3, STM32MP257CAI3, STM32MP257CAK3, STM32MP257CAL3, STM32MP257DAI3, STM32MP257DAK3, STM32MP257DAL3, STM32MP257F-DK, STM32MP257F-EV1, STM32MP257FAI3, STM32MP257FAK3, STM32MP257FAL3, STM32N645A0H3Q, STM32N645B0H3Q, STM32N645I0H3Q, STM32N645L0H3Q, STM32N645X0H3Q, STM32N645Z0H3Q, STM32N647A0H3Q, STM32N647B0H3Q, STM32N647I0H3Q, STM32N647L0H3Q, STM32N647X0H3Q, STM32N647Z0H3Q, STM32N655A0H3Q, STM32N655B0H3Q, STM32N655I0H3Q, STM32N655L0H3Q, STM32N655X0H3Q, STM32N655Z0H3Q, STM32N6570-DK, STM32N657A0H3Q, STM32N657B0H3Q, STM32N657I0H3Q, STM32N657L0H3Q, STM32N657X0H3Q, STM32N657Z0H3Q, STM32U031C6T6, STM32U031C6U6, STM32U031C8T6, STM32U031C8U6, STM32U031F4P6, STM32U031F6P6, STM32U031F8P6, STM32U031G6Y6TR, STM32U031G8Y6TR, STM32U031K4U6, STM32U031K6U6, STM32U031K8U6, STM32U031R6I6, STM32U031R6T6, STM32U031R8I6, STM32U031R8T6, STM32U073C8T6, STM32U073C8U6, STM32U073CBT6, STM32U073CBU6, STM32U073CCT6, STM32U073CCU6, STM32U073H8Y6TR, STM32U073HBY6TR, STM32U073HCY6TR, STM32U073K8U6, STM32U073KBU6, STM32U073KCU6, STM32U073M8I6, STM32U073M8T6, STM32U073MBI6, STM32U073MBT6, STM32U073MCI6, STM32U073MCT6, STM32U073R8I6, STM32U073R8T6, STM32U073RBI6, STM32U073RBT6, STM32U073RCI6, STM32U073RCT6, STM32U083C-DK, STM32U083CCT6, STM32U083CCU6, STM32U083HCY6TR, STM32U083KCU6, STM32U083MCI6, STM32U083MCT6, STM32U083RCI6, STM32U083RCT6, STM32U375CET6, STM32U375CET6Q, STM32U375CEU6, STM32U375CEU6Q, STM32U375CEY6QTR, STM32U375CGT6, STM32U375CGT6Q, STM32U375CGU6, STM32U375CGU6Q, STM32U375CGY6QTR, STM32U375KEU6, STM32U375KGU6, STM32U375REI6, STM32U375REI6Q, STM32U375RET6, STM32U375RET6Q, STM32U375REY6GTR, STM32U375REY6QTR, STM32U375RGI6, STM32U375RGI6Q, STM32U375RGT6, STM32U375RGT6Q, STM32U375RGY6GTR, STM32U375RGY6QTR, STM32U375VEI6, STM32U375VEI6Q, STM32U375VET6, STM32U375VET6Q, STM32U375VGI6, STM32U375VGI6Q, STM32U375VGT6, STM32U375VGT6Q, STM32U385CGT6, STM32U385CGT6Q, STM32U385CGU6, STM32U385CGU6Q, STM32U385CGY6QTR, STM32U385KGU6, STM32U385RGI6, STM32U385RGI6Q, STM32U385RGT6, STM32U385RGT6Q, STM32U385RGY6GTR, STM32U385RGY6QTR, STM32U385VGI6, STM32U385VGI6Q, STM32U385VGT6, STM32U385VGT6Q, STM32U535CBT6, STM32U535CBT6Q, STM32U535CBU6, STM32U535CBU6Q, STM32U535CCT6, STM32U535CCT6Q, STM32U535CCU6, STM32U535CCU6Q, STM32U535CET6, STM32U535CET6Q, STM32U535CEU6, STM32U535CEU6Q, STM32U535JEY6QTR, STM32U535NCY6QTR, STM32U535NEY6QTR, STM32U535RBI6, STM32U535RBI6Q, STM32U535RBT6, STM32U535RBT6Q, STM32U535RCI6, STM32U535RCI6Q, STM32U535RCT6, STM32U535RCT6Q, STM32U535REI6, STM32U535REI6Q, STM32U535RET6, STM32U535RET6Q, STM32U535VCI6, STM32U535VCI6Q, STM32U535VCT6, STM32U535VCT6Q, STM32U535VEI6, STM32U535VEI6Q, STM32U535VET6, STM32U535VET6Q, STM32U545CET6, STM32U545CET6Q, STM32U545CEU6, STM32U545CEU6Q, STM32U545JEY6QTR, STM32U545NEY6QTR, STM32U545REI6, STM32U545REI6Q, STM32U545RET6, STM32U545RET6Q, STM32U545VEI6, STM32U545VEI6Q, STM32U545VET6, STM32U545VET6Q, STM32U595AIH6, STM32U595AIH6Q, STM32U595AJH6, STM32U595AJH6Q, STM32U595QII6, STM32U595QII6Q, STM32U595QJI6, STM32U595QJI6Q, STM32U595RIT6, STM32U595RIT6Q, STM32U595RJT6, STM32U595RJT6Q, STM32U595VIT6, STM32U595VIT6Q, STM32U595VJT6, STM32U595VJT6Q, STM32U595ZIT6, STM32U595ZIT6Q, STM32U595ZIY6QTR, STM32U595ZJT6, STM32U595ZJT6Q, STM32U595ZJY6QTR, STM32U599BJY6QTR, STM32U599NIH6Q, STM32U599NJH6Q, STM32U599VIT6Q, STM32U599VJT6, STM32U599VJT6Q, STM32U599ZIT6Q, STM32U599ZIY6QTR, STM32U599ZJT6Q, STM32U599ZJY6QTR, STM32U5A5AJH6, STM32U5A5AJH6Q, STM32U5A5QII3Q , STM32U5A5QJI6, STM32U5A5QJI6Q, STM32U5A5RJT6, STM32U5A5RJT6Q, STM32U5A5VJT6, STM32U5A5VJT6Q, STM32U5A5ZJT6, STM32U5A5ZJT6Q, STM32U5A5ZJY6QTR, STM32U5A9BJY6QTR, STM32U5A9J-DK, STM32U5A9NJH6Q, STM32U5A9VJT6Q, STM32U5A9ZJT6Q, STM32U5A9ZJY6QTR, STM32U5F7VIT6, STM32U5F7VIT6Q, STM32U5F7VJT6, STM32U5F7VJT6Q, STM32U5F9BJY6QTR, STM32U5F9NJH6Q, STM32U5F9VIT6Q, STM32U5F9VJT6Q, STM32U5F9ZIJ6QTR, STM32U5F9ZIT6Q, STM32U5F9ZJJ6QTR, STM32U5F9ZJT6Q, STM32U5G7VJT6, STM32U5G7VJT6Q, STM32U5G9BJY6QTR, STM32U5G9J-DK1, STM32U5G9J-DK2, STM32U5G9NJH6Q, STM32U5G9VJT6Q, STM32U5G9ZJJ6QTR, STM32U5G9ZJT6Q, STM32WB05KZV6TR, STM32WB05KZV7TR, STM32WB05TZF6TR, STM32WB05TZF7TR, STM32WB06CCF6TR, STM32WB06CCF7TR, STM32WB06CCV6TR, STM32WB06CCV7TR, STM32WB06KCV6TR, STM32WB06KCV7TR, STM32WB07CCF6TR, STM32WB07CCF7TR, STM32WB07CCV6TR, STM32WB07CCV7TR, STM32WB07KCV6TR, STM32WB07KCV7TR, STM32WB09KEV6TR, STM32WB09KEV7TR, STM32WB09TEF6TR, STM32WB09TEF7TR, STM32WB1MMCH6, STM32WBA50KGU6, STM32WBA50KGU6TR, STM32WBA52CEU6, STM32WBA52CEU6TR, STM32WBA52CEU7, STM32WBA52CEU7TR, STM32WBA52CGU6, STM32WBA52CGU6TR, STM32WBA52CGU6U, STM32WBA52CGU7, STM32WBA52CGU7TR, STM32WBA52KEU6, STM32WBA52KEU6TR, STM32WBA52KGU6, STM32WBA52KGU6TR, STM32WBA54CEU6, STM32WBA54CEU6TR, STM32WBA54CEU7, STM32WBA54CEU7TR, STM32WBA54CGU6, STM32WBA54CGU6TR, STM32WBA54CGU7, STM32WBA54CGU7TR, STM32WBA54KEU6, STM32WBA54KEU6TR, STM32WBA54KEU7, STM32WBA54KEU7TR, STM32WBA54KGU6, STM32WBA54KGU6TR, STM32WBA54KGU7, STM32WBA54KGU7TR, STM32WBA55CEU6, STM32WBA55CEU6TR, STM32WBA55CEU7, STM32WBA55CEU7TR, STM32WBA55CGU6, STM32WBA55CGU6TR, STM32WBA55CGU6U, STM32WBA55CGU7, STM32WBA55CGU7TR, STM32WBA55G-DK1, STM32WBA55HEF6, STM32WBA55HEF7, STM32WBA55HGF6, STM32WBA55HGF7, STM32WBA55UEI6, STM32WBA55UEI6TR, STM32WBA55UEI7, STM32WBA55UEI7TR, STM32WBA55UGI6, STM32WBA55UGI6TR, STM32WBA55UGI7, STM32WBA55UGI7TR, STM32WBA5MMGH6TR, STM32WBA62MGF6, STM32WBA62MIF6, STM32WBA65MGF7, STM32WBA65MIF6, STM32WBA65MIF7, STM32WL30K8V6, STM32WL30KBV6, STM32WL31C8V6, STM32WL31CBV6, STM32WL31K8V6, STM32WL31KBV6, STM32WL33C8V6, STM32WL33C8V6X, STM32WL33CBV6, STM32WL33CBV6X, STM32WL33CCV6, STM32WL33CCV6A, STM32WL33CCV6X, STM32WL33K8V7, STM32WL33K8V7X, STM32WL33KBV7 , STM32WL33KBV7X, STM32WL33KCV7, STM32WL33KCV7X, STM32WL5MOCH6, STM32WL5MOCH6TR]
2026-07-22 15:46:34,513 [INFO] DbMcus:218 - Found 5250 MCUs, 5097 are supported
2026-07-22 15:46:34,519 [INFO] ApiDb:423 - Load user favorites file C:\Users\szymo/.stm32cubeide/favorites.mcus.txt: 1 item(s)
2026-07-22 15:46:34,519 [INFO] ApiDb:427 - User favorites MCUs=[STM32C011D6Y3TR]
2026-07-22 15:46:34,520 [INFO] DbMcus:224 - Set 1 / 1 favorites MCUs
2026-07-22 15:46:34,784 [INFO] BoardInfo:889 - No configuration file found for board NUCLEO-H5E5ZJ
2026-07-22 15:46:34,785 [INFO] DbBoards:161 - Board is not supported: NUCLEO-H5E5ZJ
2026-07-22 15:46:34,820 [INFO] BoardInfo:889 - No configuration file found for board NUCLEO-U3C5ZI-Q
2026-07-22 15:46:34,821 [INFO] DbBoards:161 - Board is not supported: NUCLEO-U3C5ZI-Q
2026-07-22 15:46:34,829 [INFO] BoardInfo:889 - No configuration file found for board NUCLEO-WBA25CE1
2026-07-22 15:46:34,830 [INFO] DbBoards:161 - Board is not supported: NUCLEO-WBA25CE1
2026-07-22 15:46:34,835 [INFO] BoardInfo:889 - No configuration file found for board NUCLEO-WL3RKB1
2026-07-22 15:46:34,836 [INFO] DbBoards:161 - Board is not supported: NUCLEO-WL3RKB1
2026-07-22 15:46:34,837 [INFO] BoardInfo:889 - No configuration file found for board NUCLEO-WL3RKB2
2026-07-22 15:46:34,837 [INFO] DbBoards:161 - Board is not supported: NUCLEO-WL3RKB2
2026-07-22 15:46:34,842 [INFO] BoardInfo:889 - No configuration file found for board P-NUCLEO-WB55
2026-07-22 15:46:34,842 [INFO] DbBoards:161 - Kit is not supported: P-NUCLEO-WB55
2026-07-22 15:46:34,846 [INFO] BoardInfo:889 - No configuration file found for board STEVAL-BFA001V1B
2026-07-22 15:46:34,847 [INFO] DbBoards:161 - Kit is not supported: STEVAL-BFA001V1B
2026-07-22 15:46:34,847 [INFO] BoardInfo:889 - No configuration file found for board STEVAL-BFA001V2B
2026-07-22 15:46:34,848 [INFO] DbBoards:161 - Kit is not supported: STEVAL-BFA001V2B
2026-07-22 15:46:34,911 [INFO] BoardInfo:889 - No configuration file found for board STM32H5F5J-DK
2026-07-22 15:46:34,912 [INFO] DbBoards:161 - Board is not supported: STM32H5F5J-DK
2026-07-22 15:46:34,957 [INFO] DbBoards:168 - Found 218 boards, 209 are supported
2026-07-22 15:46:34,957 [INFO] DbBoards:169 - Found 218 boards, 43 of them is supported for  Bsp
2026-07-22 15:46:34,960 [INFO] ApiDb:423 - Load user favorites file C:\Users\szymo/.stm32cubeide/favorites.boards.txt: 0 item(s)
2026-07-22 15:46:34,960 [INFO] ApiDb:427 - User favorites Boards=[]
2026-07-22 15:46:34,960 [INFO] DbBoards:198 - Set 0 / 0 favorites Boards
2026-07-22 15:46:35,016 [INFO] UtilMem:75 - End LoadConfig() Used Memory: 887910696 Bytes (1073741824)
2026-07-22 15:46:35,091 [WARN] ThirdParty:833 - waiting for thirdparty lock release [change project]
2026-07-22 15:46:35,091 [INFO] ThirdParty:835 - entering critical section [change project]
2026-07-22 15:46:35,091 [INFO] ThirdParty:1030 - CMSIS Pack Vendor :STMicroelectronics X-CUBE-AZRTOS-H7 3.5.0
2026-07-22 15:46:35,091 [INFO] ThirdParty:1030 - CMSIS Pack Vendor :STMicroelectronics X-CUBE-PM33A1 1.0.0
2026-07-22 15:46:35,091 [INFO] ThirdParty:1030 - CMSIS Pack Vendor :STMicroelectronics USBPD 4.1
2026-07-22 15:46:35,091 [INFO] ThirdParty:1030 - CMSIS Pack Vendor :STMicroelectronics USB_HOST 2.0.0
2026-07-22 15:46:35,091 [INFO] ThirdParty:1030 - CMSIS Pack Vendor :STMicroelectronics FP-SNS-MOTENVWB1 1.4.0
2026-07-22 15:46:35,091 [INFO] ThirdParty:1030 - CMSIS Pack Vendor :STMicroelectronics FP-ATR-ASTRA1 2.0.3
2026-07-22 15:46:35,092 [INFO] ThirdParty:1030 - CMSIS Pack Vendor :STMicroelectronics X-CUBE-AZRTOS-F4 1.1.0
2026-07-22 15:46:35,092 [INFO] ThirdParty:1030 - CMSIS Pack Vendor :STMicroelectronics LIBJPEG 8.0.0
2026-07-22 15:46:35,092 [INFO] ThirdParty:1030 - CMSIS Pack Vendor :STMicroelectronics FP-ATR-ASTRA1 2.0.2
2026-07-22 15:46:35,092 [INFO] ThirdParty:1030 - CMSIS Pack Vendor :STMicroelectronics FP-ATR-ASTRA1 2.0.1
2026-07-22 15:46:35,093 [INFO] ThirdParty:1030 - CMSIS Pack Vendor :Avnet-IotConnect X-CUBE-IoTC-DA16k-PMOD 1.0.0
2026-07-22 15:46:35,093 [INFO] ThirdParty:1030 - CMSIS Pack Vendor :STMicroelectronics X-CUBE-SMBUS 2.1.0
2026-07-22 15:46:35,093 [INFO] ThirdParty:1030 - CMSIS Pack Vendor :STMicroelectronics X-CUBE-WB05N 1.1.0
2026-07-22 15:46:35,093 [INFO] ThirdParty:1030 - CMSIS Pack Vendor :STMicroelectronics X-CUBE-IPS 3.2.0
2026-07-22 15:46:35,093 [INFO] ThirdParty:1030 - CMSIS Pack Vendor :STMicroelectronics eDS-WB_DPC_TT-BIDIR 2.1.1
2026-07-22 15:46:35,093 [INFO] ThirdParty:1030 - CMSIS Pack Vendor :STMicroelectronics X-CUBE-ST60 1.0.0
2026-07-22 15:46:35,093 [INFO] ThirdParty:1030 - CMSIS Pack Vendor :STMicroelectronics X-CUBE-NFC12 1.0.0
2026-07-22 15:46:35,093 [INFO] ThirdParty:1030 - CMSIS Pack Vendor :STMicroelectronics X-CUBE-AZRTOS-F7 1.1.0
2026-07-22 15:46:35,093 [INFO] ThirdParty:1030 - CMSIS Pack Vendor :STMicroelectronics X-CUBE-AZRTOS-L5 2.0.0
2026-07-22 15:46:35,093 [INFO] ThirdParty:1030 - CMSIS Pack Vendor :STMicroelectronics USB_DEVICE 2.0.0
2026-07-22 15:46:35,093 [INFO] ThirdParty:1030 - CMSIS Pack Vendor :STMicroelectronics X-CUBE-FREERTOS 1.6.0
2026-07-22 15:46:35,093 [INFO] ThirdParty:1030 - CMSIS Pack Vendor :STMicroelectronics X-CUBE-NFC6 3.1.0
2026-07-22 15:46:35,093 [INFO] ThirdParty:1030 - CMSIS Pack Vendor :STMicroelectronics X-CUBE-ALGOBUILD 1.5.0
2026-07-22 15:46:35,093 [INFO] ThirdParty:1030 - CMSIS Pack Vendor :STMicroelectronics FP-SNS-MOTENV1 5.1.0
2026-07-22 15:46:35,093 [INFO] ThirdParty:1030 - CMSIS Pack Vendor :STMicroelectronics FreeRTOS 0.0.1
2026-07-22 15:46:35,093 [INFO] ThirdParty:1030 - CMSIS Pack Vendor :STMicroelectronics X-CUBE-AZRTOS-H7RS 1.3.0
2026-07-22 15:46:35,093 [INFO] ThirdParty:1030 - CMSIS Pack Vendor :STMicroelectronics X-CUBE-DPower 1.2.0
2026-07-22 15:46:35,093 [INFO] ThirdParty:1030 - CMSIS Pack Vendor :STMicroelectronics eDS-WB_DPC_VIENNA 1.2.0
2026-07-22 15:46:35,093 [INFO] ThirdParty:1030 - CMSIS Pack Vendor :STMicroelectronics FP-SNS-FLIGHT1 5.0.2
2026-07-22 15:46:35,093 [INFO] ThirdParty:1030 - CMSIS Pack Vendor :STMicroelectronics eDS-WB_DPC_3PH2L-BIDIR 1.1.1
2026-07-22 15:46:35,093 [INFO] ThirdParty:1030 - CMSIS Pack Vendor :Infineon AIROC-Wi-Fi-Bluetooth-STM32 1.7.0
2026-07-22 15:46:35,093 [INFO] ThirdParty:1030 - CMSIS Pack Vendor :STMicroelectronics PDM2PCM 3.3.0
2026-07-22 15:46:35,093 [INFO] ThirdParty:1030 - CMSIS Pack Vendor :STMicroelectronics X-CUBE-AZRTOS-H7 3.4.0
2026-07-22 15:46:35,093 [INFO] ThirdParty:1030 - CMSIS Pack Vendor :STMicroelectronics X-CUBE-DISPLAY 3.0.0
2026-07-22 15:46:35,093 [INFO] ThirdParty:1030 - CMSIS Pack Vendor :STMicroelectronics X-CUBE-GNSS1 7.1.1
2026-07-22 15:46:35,093 [INFO] ThirdParty:1030 - CMSIS Pack Vendor :STMicroelectronics FP-SNS-MOTENVWB1 1.5.0
2026-07-22 15:46:35,093 [INFO] ThirdParty:1030 - CMSIS Pack Vendor :STMicroelectronics X-CUBE-BLE1 7.0.0
2026-07-22 15:46:35,093 [INFO] ThirdParty:1030 - CMSIS Pack Vendor :STMicroelectronics X-CUBE-NFC10 1.0.0
2026-07-22 15:46:35,093 [INFO] ThirdParty:1030 - CMSIS Pack Vendor :STMicroelectronics X-CUBE-BLEMGR 4.0.0
2026-07-22 15:46:35,093 [INFO] ThirdParty:1030 - CMSIS Pack Vendor :STMicroelectronics X-CUBE-FREERTOS 1.3.1
2026-07-22 15:46:35,093 [INFO] ThirdParty:1030 - CMSIS Pack Vendor :STMicroelectronics HAL Drivers 0.0.0
2026-07-22 15:46:35,093 [INFO] ThirdParty:1030 - CMSIS Pack Vendor :STMicroelectronics X-CUBE-ST60 1.1.0
2026-07-22 15:46:35,093 [INFO] ThirdParty:1030 - CMSIS Pack Vendor :emotas I-CUBE-CANOPEN 1.3.0
2026-07-22 15:46:35,093 [INFO] ThirdParty:1030 - CMSIS Pack Vendor :STMicroelectronics X-CUBE-FREERTOS 1.3.0
2026-07-22 15:46:35,093 [INFO] ThirdParty:1030 - CMSIS Pack Vendor :STMicroelectronics X-CUBE-NFC7 1.0.1
2026-07-22 15:46:35,093 [INFO] ThirdParty:1030 - CMSIS Pack Vendor :STMicroelectronics MBEDTLS 2.14.1
2026-07-22 15:46:35,093 [INFO] ThirdParty:1030 - CMSIS Pack Vendor :STMicroelectronics X-CUBE-GNSS1 7.1.0
2026-07-22 15:46:35,093 [INFO] ThirdParty:1030 - CMSIS Pack Vendor :STMicroelectronics X-CUBE-TOUCHGFX 4.26.0
2026-07-22 15:46:35,093 [INFO] ThirdParty:1030 - CMSIS Pack Vendor :STMicroelectronics X-CUBE-TOUCHGFX 4.26.1
2026-07-22 15:46:35,093 [INFO] ThirdParty:1030 - CMSIS Pack Vendor :STMicroelectronics X-CUBE-AI 10.0.0
2026-07-22 15:46:35,093 [INFO] ThirdParty:1030 - CMSIS Pack Vendor :STMicroelectronics FP-SNS-STBOX1 2.1.0
2026-07-22 15:46:35,093 [INFO] ThirdParty:1030 - CMSIS Pack Vendor :STMicroelectronics FP-SNS-STAIOTCFT 1.0.0
2026-07-22 15:46:35,093 [INFO] ThirdParty:1030 - CMSIS Pack Vendor :STMicroelectronics FP-SNS-SMARTAG2 1.2.0
2026-07-22 15:46:35,093 [INFO] ThirdParty:1030 - CMSIS Pack Vendor :STMicroelectronics FP-SNS-FLIGHT1 5.1.0
2026-07-22 15:46:35,093 [INFO] ThirdParty:1030 - CMSIS Pack Vendor :STMicroelectronics X-CUBE-MEMS1 11.1.0
2026-07-22 15:46:35,093 [INFO] ThirdParty:1030 - CMSIS Pack Vendor :STMicroelectronics X-CUBE-AZRTOS-WL 2.0.0
2026-07-22 15:46:35,093 [INFO] ThirdParty:1030 - CMSIS Pack Vendor :STMicroelectronics X-CUBE-DPower 1.3.0
2026-07-22 15:46:35,093 [INFO] ThirdParty:1030 - CMSIS Pack Vendor :STMicroelectronics FP-SNS-MOTENV1 5.0.0
2026-07-22 15:46:35,093 [INFO] ThirdParty:1030 - CMSIS Pack Vendor :STMicroelectronics USB_DEVICE 1.0.0
2026-07-22 15:46:35,093 [INFO] ThirdParty:1030 - CMSIS Pack Vendor :STMicroelectronics X-CUBE-AZRTOS-H7RS 1.2.0
2026-07-22 15:46:35,093 [INFO] ThirdParty:1030 - CMSIS Pack Vendor :STMicroelectronics X-CUBE-AZRTOS-L4 2.0.0
2026-07-22 15:46:35,093 [INFO] ThirdParty:1030 - CMSIS Pack Vendor :STMicroelectronics ThreadX 0.0.2
2026-07-22 15:46:35,093 [INFO] ThirdParty:1030 - CMSIS Pack Vendor :WES I-CUBE-Cesium 1.3.0
2026-07-22 15:46:35,093 [INFO] ThirdParty:1030 - CMSIS Pack Vendor :STMicroelectronics lwIP 2.1.2
2026-07-22 15:46:35,093 [INFO] ThirdParty:1030 - CMSIS Pack Vendor :STMicroelectronics X-CUBE-SFXS2LP1 4.0.0
2026-07-22 15:46:35,093 [INFO] ThirdParty:1030 - CMSIS Pack Vendor :STMicroelectronics X-CUBE-BLE2 3.3.0
2026-07-22 15:46:35,093 [INFO] ThirdParty:1030 - CMSIS Pack Vendor :Avnet-IOTCONNECT X-CUBE-iotc-st67-sdk 1.0.0
2026-07-22 15:46:35,093 [INFO] ThirdParty:1030 - CMSIS Pack Vendor :STMicroelectronics PDM2PCM 3.2.0
2026-07-22 15:46:35,093 [INFO] ThirdParty:1030 - CMSIS Pack Vendor :STMicroelectronics X-CUBE-WB05N 2.1.0
2026-07-22 15:46:35,093 [INFO] ThirdParty:1030 - CMSIS Pack Vendor :STMicroelectronics X-CUBE-ST67W61 1.2.0
2026-07-22 15:46:35,093 [INFO] ThirdParty:1030 - CMSIS Pack Vendor :STMicroelectronics X-CUBE-AZRTOS-H7 3.3.0
2026-07-22 15:46:35,093 [INFO] ThirdParty:1030 - CMSIS Pack Vendor :STMicroelectronics X-CUBE-NFC9 1.0.0
2026-07-22 15:46:35,093 [INFO] ThirdParty:1030 - CMSIS Pack Vendor :STMicroelectronics X-CUBE-BLE1 7.1.0
2026-07-22 15:46:35,093 [INFO] ThirdParty:1030 - CMSIS Pack Vendor :wolfSSL I-CUBE-wolfMQTT 1.19.2
2026-07-22 15:46:35,093 [INFO] ThirdParty:1030 - CMSIS Pack Vendor :STMicroelectronics USB_DEVICE 3.0.0
2026-07-22 15:46:35,093 [INFO] ThirdParty:1030 - CMSIS Pack Vendor :STMicroelectronics X-CUBE-FREERTOS 1.4.0
2026-07-22 15:46:35,093 [INFO] ThirdParty:1030 - CMSIS Pack Vendor :STMicroelectronics X-CUBE-EEPRMA1 5.2.0
2026-07-22 15:46:35,093 [INFO] ThirdParty:1030 - CMSIS Pack Vendor :STMicroelectronics X-CUBE-BLEMGR 4.1.0
2026-07-22 15:46:35,093 [INFO] ThirdParty:1030 - CMSIS Pack Vendor :STMicroelectronics X-CUBE-AZRTOS-WB 2.0.0
2026-07-22 15:46:35,093 [INFO] ThirdParty:1030 - CMSIS Pack Vendor :STMicroelectronics X-CUBE-GNSS1 7.0.1
2026-07-22 15:46:35,093 [INFO] ThirdParty:1030 - CMSIS Pack Vendor :STMicroelectronics X-CUBE-TOUCHGFX 4.25.0
2026-07-22 15:46:35,093 [INFO] ThirdParty:1030 - CMSIS Pack Vendor :STMicroelectronics X-CUBE-ST67W61 1.1.0
2026-07-22 15:46:35,093 [INFO] ThirdParty:1030 - CMSIS Pack Vendor :STMicroelectronics X-CUBE-AI 10.1.0
2026-07-22 15:46:35,093 [INFO] ThirdParty:1030 - CMSIS Pack Vendor :STMicroelectronics FP-SNS-STBOX1 2.0.0
2026-07-22 15:46:35,093 [INFO] ThirdParty:1030 - CMSIS Pack Vendor :STMicroelectronics FP-SNS-STAIOTCFT 1.1.0
2026-07-22 15:46:35,093 [INFO] ThirdParty:1030 - CMSIS Pack Vendor :STMicroelectronics X-CUBE-MEMS1 12.0.0
2026-07-22 15:46:35,093 [INFO] ThirdParty:1030 - CMSIS Pack Vendor :STMicroelectronics X-CUBE-STSE01 2.0.0
2026-07-22 15:46:35,094 [INFO] ThirdParty:1030 - CMSIS Pack Vendor :STMicroelectronics X-CUBE-AZRTOS-G0 1.1.0
2026-07-22 15:46:35,094 [INFO] ThirdParty:1030 - CMSIS Pack Vendor :STMicroelectronics X-CUBE-SAFEA1 1.2.2
2026-07-22 15:46:35,094 [INFO] ThirdParty:1030 - CMSIS Pack Vendor :STMicroelectronics X-CUBE-NFC4 3.0.0
2026-07-22 15:46:35,094 [INFO] ThirdParty:1030 - CMSIS Pack Vendor :STMicroelectronics X-CUBE-SUBG2 5.0.0
2026-07-22 15:46:35,094 [INFO] ThirdParty:1030 - CMSIS Pack Vendor :STMicroelectronics X-CUBE-AZRTOS-H7RS 1.1.0
2026-07-22 15:46:35,094 [INFO] ThirdParty:1030 - CMSIS Pack Vendor :STMicroelectronics STM32_WPAN 1.0.0
2026-07-22 15:46:35,094 [INFO] ThirdParty:1030 - CMSIS Pack Vendor :EmbeddedOffice I-CUBE-FS-RTOS 1.0.1
2026-07-22 15:46:35,094 [INFO] ThirdParty:1030 - CMSIS Pack Vendor :STMicroelectronics lwIP 2.0.3
2026-07-22 15:46:35,094 [INFO] ThirdParty:1030 - CMSIS Pack Vendor :Cesanta I-CUBE-Mongoose 7.13.0
2026-07-22 15:46:35,094 [INFO] ThirdParty:1030 - CMSIS Pack Vendor :STMicroelectronics USB_HOST 1.0.0
2026-07-22 15:46:35,094 [INFO] ThirdParty:1030 - CMSIS Pack Vendor :STMicroelectronics X-CUBE-AZRTOS-G4 2.0.0
2026-07-22 15:46:35,094 [INFO] ThirdParty:1030 - CMSIS Pack Vendor :STMicroelectronics X-CUBE-WB05N 2.0.0
2026-07-22 15:46:35,094 [INFO] ThirdParty:1030 - CMSIS Pack Vendor :STMicroelectronics PDM2PCM 3.1.0
2026-07-22 15:46:35,094 [INFO] ThirdParty:1030 - CMSIS Pack Vendor :wolfSSL I-CUBE-wolfTPM 3.8.0
2026-07-22 15:46:35,094 [INFO] ThirdParty:1030 - CMSIS Pack Vendor :wolfSSL I-CUBE-wolfSSH 1.4.20
2026-07-22 15:46:35,094 [INFO] ThirdParty:1030 - CMSIS Pack Vendor :STMicroelectronics X-CUBE-NFC7 2.0.0
2026-07-22 15:46:35,094 [INFO] ThirdParty:1030 - CMSIS Pack Vendor :STMicroelectronics X-CUBE-TCPP 4.2.0
2026-07-22 15:46:35,094 [INFO] ThirdParty:1030 - CMSIS Pack Vendor :RealThread X-CUBE-RT-Thread_Nano 4.1.1
2026-07-22 15:46:35,094 [INFO] ThirdParty:1030 - CMSIS Pack Vendor :STMicroelectronics FP-ATR-SIGFOX1 3.2.0
2026-07-22 15:46:35,094 [INFO] ThirdParty:1030 - CMSIS Pack Vendor :quantropi X-CUBE-qispace-sdk-base 1.9.3
2026-07-22 15:46:35,094 [INFO] ThirdParty:1030 - CMSIS Pack Vendor :STMicroelectronics X-CUBE-EEPRMA1 5.1.0
2026-07-22 15:46:35,094 [INFO] ThirdParty:1030 - CMSIS Pack Vendor :STMicroelectronics X-CUBE-FREERTOS 1.5.0
2026-07-22 15:46:35,094 [INFO] ThirdParty:1030 - CMSIS Pack Vendor :STMicroelectronics MBEDTLS 2.16.2
2026-07-22 15:46:35,094 [INFO] ThirdParty:1030 - CMSIS Pack Vendor :STMicroelectronics X-CUBE-IPS 3.1.0
2026-07-22 15:46:35,094 [INFO] ThirdParty:1030 - CMSIS Pack Vendor :STMicroelectronics X-CUBE-ALS 1.0.2
2026-07-22 15:46:35,094 [INFO] ThirdParty:1030 - CMSIS Pack Vendor :wolfSSL I-CUBE-wolfSSL 5.7.6
2026-07-22 15:46:35,094 [INFO] ThirdParty:1030 - CMSIS Pack Vendor :ITTIA_DB I-CUBE-ITTIADB 8.9.0
2026-07-22 15:46:35,094 [INFO] ThirdParty:1030 - CMSIS Pack Vendor :STMicroelectronics X-CUBE-TOUCHGFX 4.24.2
2026-07-22 15:46:35,094 [INFO] ThirdParty:1030 - CMSIS Pack Vendor :STMicroelectronics X-CUBE-STSE01 1.0.0
2026-07-22 15:46:35,094 [INFO] ThirdParty:1030 - CMSIS Pack Vendor :portGmbH I-Cube-SoM-uGOAL 1.1.0
2026-07-22 15:46:35,094 [INFO] ThirdParty:1030 - CMSIS Pack Vendor :STMicroelectronics X-CUBE-NFC6 3.2.0
2026-07-22 15:46:35,094 [INFO] ThirdParty:1030 - CMSIS Pack Vendor :STMicroelectronics X-CUBE-ST67W61 1.0.0
2026-07-22 15:46:35,094 [INFO] ThirdParty:1030 - CMSIS Pack Vendor :STMicroelectronics X-CUBE-AI 10.2.1
2026-07-22 15:46:35,094 [INFO] ThirdParty:1030 - CMSIS Pack Vendor :STMicroelectronics X-CUBE-AI 10.2.0
2026-07-22 15:46:35,094 [INFO] ThirdParty:1030 - CMSIS Pack Vendor :STMicroelectronics ThreadX 1.0.0
2026-07-22 15:46:35,094 [INFO] ThirdParty:1030 - CMSIS Pack Vendor :STMicroelectronics X-CUBE-MEMS1 12.1.0
2026-07-22 15:46:35,094 [INFO] ThirdParty:1030 - CMSIS Pack Vendor :SEGGER I-CUBE-embOS 1.3.1
2026-07-22 15:46:35,094 [INFO] ThirdParty:1030 - CMSIS Pack Vendor :STMicroelectronics X-CUBE-ALGOBUILD 1.4.0
2026-07-22 15:46:35,094 [INFO] ThirdParty:1030 - CMSIS Pack Vendor :STMicroelectronics X-CUBE-MEMS1 11.3.0
2026-07-22 15:46:35,094 [INFO] ThirdParty:1030 - CMSIS Pack Vendor :STMicroelectronics X-CUBE-AZRTOS-H7RS 1.0.0
2026-07-22 15:46:35,094 [INFO] ThirdParty:1030 - CMSIS Pack Vendor :STMicroelectronics X-CUBE-TOF1 3.4.2
2026-07-22 15:46:35,094 [INFO] ThirdParty:1030 - CMSIS Pack Vendor :STMicroelectronics X-CUBE-TOF1 3.4.3
2026-07-22 15:46:35,094 [INFO] ThirdParty:1030 - CMSIS Pack Vendor :STMicroelectronics X-CUBE-AI 9.1.0
2026-07-22 15:46:35,094 [INFO] ThirdParty:1030 - CMSIS Pack Vendor :STMicroelectronics X-CUBE-NFC13 1.0.0
2026-07-22 15:46:35,094 [INFO] ThirdParty:841 - exiting critical section [change project]
2026-07-22 15:46:35,412 [INFO] PinOutPanel:1589 - setPackage(No Configuration,No Configuration)
2026-07-22 15:46:35,413 [INFO] PinOutPanel:1589 - setPackage(STM32G431KBUx,UFQFPN32)
2026-07-22 15:46:35,907 [INFO] UtilMem:75 - Before build in PCC Used Memory: 790476240 Bytes (1073741824)
2026-07-22 15:46:36,889 [INFO] UtilMem:75 - After build in PCC Used Memory: 897430992 Bytes (1073741824)
2026-07-22 15:46:36,916 [INFO] IPUIPlugin:80 - create IPUIPlugin
2026-07-22 15:46:36,917 [INFO] IPUIPlugin:80 - create IPUIPlugin
2026-07-22 15:46:36,917 [INFO] IPUIPlugin:80 - create IPUIPlugin
2026-07-22 15:46:36,917 [INFO] IPUIPlugin:80 - create IPUIPlugin
2026-07-22 15:46:36,917 [INFO] IPUIPlugin:80 - create IPUIPlugin
2026-07-22 15:46:36,917 [INFO] IPUIPlugin:80 - create IPUIPlugin
2026-07-22 15:46:36,917 [INFO] IPUIPlugin:80 - create IPUIPlugin
2026-07-22 15:46:36,917 [INFO] IPUIPlugin:80 - create IPUIPlugin
2026-07-22 15:46:36,917 [INFO] IPUIPlugin:80 - create IPUIPlugin
2026-07-22 15:46:36,917 [INFO] IPUIPlugin:80 - create IPUIPlugin
2026-07-22 15:46:36,917 [INFO] IPUIPlugin:80 - create IPUIPlugin
2026-07-22 15:46:36,917 [INFO] IPUIPlugin:80 - create IPUIPlugin
2026-07-22 15:46:36,917 [INFO] IPUIPlugin:80 - create IPUIPlugin
2026-07-22 15:46:36,917 [INFO] IPUIPlugin:80 - create IPUIPlugin
2026-07-22 15:46:36,917 [INFO] IPUIPlugin:80 - create IPUIPlugin
2026-07-22 15:46:36,917 [INFO] IPUIPlugin:80 - create IPUIPlugin
2026-07-22 15:46:36,917 [INFO] IPUIPlugin:80 - create IPUIPlugin
2026-07-22 15:46:36,917 [INFO] IPUIPlugin:80 - create IPUIPlugin
2026-07-22 15:46:36,917 [INFO] IPUIPlugin:80 - create IPUIPlugin
2026-07-22 15:46:36,917 [INFO] IPUIPlugin:80 - create IPUIPlugin
2026-07-22 15:46:36,917 [INFO] IPUIPlugin:80 - create IPUIPlugin
2026-07-22 15:46:36,917 [INFO] IPUIPlugin:80 - create IPUIPlugin
2026-07-22 15:46:36,917 [INFO] IPUIPlugin:80 - create IPUIPlugin
2026-07-22 15:46:36,917 [INFO] IPUIPlugin:80 - create IPUIPlugin
2026-07-22 15:46:36,917 [INFO] IPUIPlugin:80 - create IPUIPlugin
2026-07-22 15:46:36,918 [INFO] IPUIPlugin:80 - create IPUIPlugin
2026-07-22 15:46:36,918 [INFO] IPUIPlugin:80 - create IPUIPlugin
2026-07-22 15:46:36,918 [INFO] IPUIPlugin:80 - create IPUIPlugin
2026-07-22 15:46:36,918 [INFO] IPUIPlugin:80 - create IPUIPlugin
2026-07-22 15:46:36,918 [INFO] IPUIPlugin:80 - create IPUIPlugin
2026-07-22 15:46:36,918 [INFO] IPUIPlugin:80 - create IPUIPlugin
2026-07-22 15:46:36,918 [INFO] IPUIPlugin:80 - create IPUIPlugin
2026-07-22 15:46:36,918 [INFO] IPUIPlugin:80 - create IPUIPlugin
2026-07-22 15:46:36,918 [INFO] IPUIPlugin:80 - create IPUIPlugin
2026-07-22 15:46:36,918 [INFO] IPUIPlugin:80 - create IPUIPlugin
2026-07-22 15:46:36,918 [INFO] IPUIPlugin:80 - create IPUIPlugin
2026-07-22 15:46:36,918 [INFO] IPUIPlugin:80 - create IPUIPlugin
2026-07-22 15:46:36,919 [INFO] IPUIPlugin:80 - create IPUIPlugin
2026-07-22 15:46:36,919 [INFO] IPUIPlugin:80 - create IPUIPlugin
2026-07-22 15:46:36,919 [INFO] IPUIPlugin:80 - create IPUIPlugin
2026-07-22 15:46:36,919 [INFO] IPUIPlugin:80 - create IPUIPlugin
2026-07-22 15:46:36,919 [INFO] IPUIPlugin:80 - create IPUIPlugin
2026-07-22 15:46:36,919 [INFO] IPUIPlugin:80 - create IPUIPlugin
2026-07-22 15:46:36,919 [INFO] IPUIPlugin:80 - create IPUIPlugin
2026-07-22 15:46:36,919 [INFO] IPUIPlugin:80 - create IPUIPlugin
2026-07-22 15:46:36,919 [INFO] IPUIPlugin:80 - create IPUIPlugin
2026-07-22 15:46:36,919 [INFO] IPUIPlugin:80 - create IPUIPlugin
2026-07-22 15:46:36,919 [INFO] IPUIPlugin:80 - create IPUIPlugin
2026-07-22 15:46:36,920 [INFO] IPUIPlugin:80 - create IPUIPlugin
2026-07-22 15:46:36,920 [INFO] IPUIPlugin:80 - create IPUIPlugin
2026-07-22 15:46:36,920 [INFO] IPUIPlugin:80 - create IPUIPlugin
2026-07-22 15:46:36,920 [INFO] IPUIPlugin:80 - create IPUIPlugin
2026-07-22 15:46:36,920 [INFO] IPUIPlugin:80 - create IPUIPlugin
2026-07-22 15:46:36,920 [INFO] IPUIPlugin:80 - create IPUIPlugin
2026-07-22 15:46:36,920 [INFO] IPUIPlugin:80 - create IPUIPlugin
2026-07-22 15:46:36,920 [INFO] IPUIPlugin:80 - create IPUIPlugin
2026-07-22 15:46:36,944 [WARN] IP:2250 - MessageRAMOffset not found: check if there is a RefParameter without a condition.
2026-07-22 15:46:36,944 [WARN] IP:2250 - RxFifo0ElmtsNbr not found: check if there is a RefParameter without a condition.
2026-07-22 15:46:36,944 [WARN] IP:2250 - RxFifo0ElmtSize not found: check if there is a RefParameter without a condition.
2026-07-22 15:46:36,944 [WARN] IP:2250 - RxFifo1ElmtsNbr not found: check if there is a RefParameter without a condition.
2026-07-22 15:46:36,944 [WARN] IP:2250 - RxFifo1ElmtSize not found: check if there is a RefParameter without a condition.
2026-07-22 15:46:36,944 [WARN] IP:2250 - RxBuffersNbr not found: check if there is a RefParameter without a condition.
2026-07-22 15:46:36,944 [WARN] IP:2250 - RxBufferSize not found: check if there is a RefParameter without a condition.
2026-07-22 15:46:36,944 [WARN] IP:2250 - TxEventsNbr not found: check if there is a RefParameter without a condition.
2026-07-22 15:46:36,944 [WARN] IP:2250 - TxBuffersNbr not found: check if there is a RefParameter without a condition.
2026-07-22 15:46:36,944 [WARN] IP:2250 - TxFifoQueueElmtsNbr not found: check if there is a RefParameter without a condition.
2026-07-22 15:46:36,944 [WARN] IP:2250 - TxElmtSize not found: check if there is a RefParameter without a condition.
2026-07-22 15:46:36,944 [WARN] IP:2250 - ClockCalibrationCCU not found: check if there is a RefParameter without a condition.
2026-07-22 15:46:36,944 [WARN] IP:2250 - ClockDividerCCU not found: check if there is a RefParameter without a condition.
2026-07-22 15:46:36,944 [WARN] IP:2250 - MinOscClkPeriodsCCU not found: check if there is a RefParameter without a condition.
2026-07-22 15:46:36,944 [WARN] IP:2250 - TimeQuantaPerBitTimeCCU not found: check if there is a RefParameter without a condition.
2026-07-22 15:46:36,944 [WARN] IP:2250 - WatchdogStartValueCCU not found: check if there is a RefParameter without a condition.
2026-07-22 15:46:36,949 [INFO] LogOutputStream:77 - [STDOUT_REDIRECT] Nominal 
2026-07-22 15:46:36,949 [INFO] Can:71 - Can Add PropertyChangeListener com.st.microxplorer.plugins.ip.can.Can@411984fe
2026-07-22 15:46:37,183 [INFO] CADModel:165 - CPN selected for project levelSTM32G431KBU3
2026-07-22 15:46:37,183 [INFO] CADModel:114 - Register for checkConnection events
2026-07-22 15:46:37,239 [INFO] OpenFileManager:386 - Restore cursor
2026-07-22 15:46:37,442 [WARN] IP:2250 - MessageRAMOffset not found: check if there is a RefParameter without a condition.
2026-07-22 15:46:37,442 [WARN] IP:2250 - RxFifo0ElmtsNbr not found: check if there is a RefParameter without a condition.
2026-07-22 15:46:37,442 [WARN] IP:2250 - RxFifo0ElmtSize not found: check if there is a RefParameter without a condition.
2026-07-22 15:46:37,442 [WARN] IP:2250 - RxFifo1ElmtsNbr not found: check if there is a RefParameter without a condition.
2026-07-22 15:46:37,442 [WARN] IP:2250 - RxFifo1ElmtSize not found: check if there is a RefParameter without a condition.
2026-07-22 15:46:37,442 [WARN] IP:2250 - RxBuffersNbr not found: check if there is a RefParameter without a condition.
2026-07-22 15:46:37,442 [WARN] IP:2250 - RxBufferSize not found: check if there is a RefParameter without a condition.
2026-07-22 15:46:37,442 [WARN] IP:2250 - TxEventsNbr not found: check if there is a RefParameter without a condition.
2026-07-22 15:46:37,443 [WARN] IP:2250 - TxBuffersNbr not found: check if there is a RefParameter without a condition.
2026-07-22 15:46:37,443 [WARN] IP:2250 - TxFifoQueueElmtsNbr not found: check if there is a RefParameter without a condition.
2026-07-22 15:46:37,443 [WARN] IP:2250 - TxElmtSize not found: check if there is a RefParameter without a condition.
2026-07-22 15:46:37,443 [WARN] IP:2250 - ClockCalibrationCCU not found: check if there is a RefParameter without a condition.
2026-07-22 15:46:37,443 [WARN] IP:2250 - ClockDividerCCU not found: check if there is a RefParameter without a condition.
2026-07-22 15:46:37,443 [WARN] IP:2250 - MinOscClkPeriodsCCU not found: check if there is a RefParameter without a condition.
2026-07-22 15:46:37,443 [WARN] IP:2250 - TimeQuantaPerBitTimeCCU not found: check if there is a RefParameter without a condition.
2026-07-22 15:46:37,443 [WARN] IP:2250 - WatchdogStartValueCCU not found: check if there is a RefParameter without a condition.
2026-07-22 15:46:44,771 [INFO] MainUpdater:2872 - connection check result : 10
2026-07-22 15:46:44,771 [INFO] MainUpdater:2872 - connection check result : 10
2026-07-22 15:46:44,784 [INFO] LogOutputStream:77 - [STDOUT_REDIRECT] Nominal 
2026-07-22 15:46:44,786 [INFO] MicroXplorer:468 - Change Database Path : 
2026-07-22 15:46:44,786 [INFO] MicroXplorer:498 - Change Database Version : DB.6.0.150
2026-07-22 15:46:44,814 [ERROR] ProjectManagerView:395 - 
java.lang.NullPointerException: Cannot invoke "javax.swing.JTextField.getText()" because the return value of "java.util.List.get(int)" is null
	at com.st.microxplorer.plugins.projectmanager.gui.ProjectChoiceTab$9.caretUpdate(ProjectChoiceTab.java:2706) ~[filemanager.jar:?]
	at javax.swing.text.JTextComponent.fireCaretUpdate(JTextComponent.java:408) ~[?:?]
	at javax.swing.text.JTextComponent$MutableCaretEvent.fire(JTextComponent.java:4484) ~[?:?]
	at javax.swing.text.JTextComponent$MutableCaretEvent.stateChanged(JTextComponent.java:4506) ~[?:?]
	at javax.swing.text.DefaultCaret.fireStateChanged(DefaultCaret.java:857) ~[?:?]
	at javax.swing.text.DefaultCaret.changeCaretPosition(DefaultCaret.java:1343) ~[?:?]
	at javax.swing.text.DefaultCaret.handleSetDot(DefaultCaret.java:1242) ~[?:?]
	at javax.swing.text.DefaultCaret.setDot(DefaultCaret.java:1223) ~[?:?]
	at javax.swing.text.DefaultCaret$Handler.insertUpdate(DefaultCaret.java:1819) ~[?:?]
	at javax.swing.text.AbstractDocument.fireInsertUpdate(AbstractDocument.java:227) ~[?:?]
	at javax.swing.text.AbstractDocument.handleInsertString(AbstractDocument.java:781) ~[?:?]
	at javax.swing.text.AbstractDocument.insertString(AbstractDocument.java:740) ~[?:?]
	at javax.swing.text.PlainDocument.insertString(PlainDocument.java:131) ~[?:?]
	at javax.swing.text.AbstractDocument.replace(AbstractDocument.java:699) ~[?:?]
	at javax.swing.text.JTextComponent.setText(JTextComponent.java:1725) ~[?:?]
	at com.st.microxplorer.plugins.projectmanager.gui.ProjectChoiceTab.createHeapStackFields(ProjectChoiceTab.java:993) ~[filemanager.jar:?]
	at com.st.microxplorer.plugins.projectmanager.gui.ProjectChoiceTab.buildLinkSettingsPanel(ProjectChoiceTab.java:3813) ~[filemanager.jar:?]
	at com.st.microxplorer.plugins.projectmanager.gui.ProjectChoiceTab.defineWindowsFields(ProjectChoiceTab.java:1987) ~[filemanager.jar:?]
	at com.st.microxplorer.plugins.projectmanager.gui.ProjectChoiceTab.updateSettings(ProjectChoiceTab.java:558) ~[filemanager.jar:?]
	at com.st.microxplorer.plugins.projectmanager.gui.ProjectSettingsPanel.UpdateDialog(ProjectSettingsPanel.java:247) ~[filemanager.jar:?]
	at com.st.microxplorer.plugins.projectmanager.ProjectManagerView.propertyChange(ProjectManagerView.java:392) ~[filemanager.jar:?]
	at java.beans.PropertyChangeSupport.fire(PropertyChangeSupport.java:343) ~[?:?]
	at java.beans.PropertyChangeSupport.firePropertyChange(PropertyChangeSupport.java:335) ~[?:?]
	at java.beans.PropertyChangeSupport.firePropertyChange(PropertyChangeSupport.java:268) ~[?:?]
	at com.st.microxplorer.util.MXPropertyChangeSupport.firePropertyChange(MXPropertyChangeSupport.java:54) ~[STM32CubeMX.jar:?]
	at com.st.microxplorer.mxsystem.MxSystem.closeConfig(MxSystem.java:899) ~[STM32CubeMX.jar:?]
	at com.st.microxplorer.maingui.MainPanel.closeConfig(MainPanel.java:792) ~[STM32CubeMX.jar:?]
	at com.st.microxplorer.plugins.filemanager.engine.OpenFileManager.loadConfigurationFile(OpenFileManager.java:288) ~[filemanager.jar:?]
	at com.st.microxplorer.plugins.filemanager.engine.MainFileManager.userLoadConfig(MainFileManager.java:364) ~[filemanager.jar:?]
	at com.st.microxplorer.plugins.filemanager.engine.MainFileManager.userLoadConfig(MainFileManager.java:342) ~[filemanager.jar:?]
	at com.st.microxplorer.plugins.filemanager.FileManagerView.getSpecificTask(FileManagerView.java:264) ~[filemanager.jar:?]
	at com.st.stm32cube.common.mx.editor.CubeMxEditor.getMxTabbedPaneInstance(CubeMxEditor.java:1198) ~[com.st.stm32cube.common.mx_6.15.0.202507011659/:?]
	at com.st.stm32cube.common.mx.editor.CubeMxEditor$12$1.createSwingComponent(CubeMxEditor.java:1068) ~[com.st.stm32cube.common.mx_6.15.0.202507011659/:?]
	at com.st.stm32cube.common.mx.oss.core.awtswtbridge.EmbeddedSwingComposite.doComponentCreation(EmbeddedSwingComposite.java:492) ~[com.st.stm32cube.common.mx.oss_6.15.0.202507011659/:?]
	at com.st.stm32cube.common.mx.oss.core.awtswtbridge.EmbeddedSwingComposite$4.run(EmbeddedSwingComposite.java:291) ~[com.st.stm32cube.common.mx.oss_6.15.0.202507011659/:?]
	at com.st.stm32cube.common.mx.oss.core.awtswtbridge.AwtEnvironment$2.run(AwtEnvironment.java:166) ~[com.st.stm32cube.common.mx.oss_6.15.0.202507011659/:?]
	at java.awt.event.InvocationEvent.dispatch(InvocationEvent.java:318) ~[?:?]
	at java.awt.EventQueue.dispatchEventImpl(EventQueue.java:773) ~[?:?]
	at java.awt.EventQueue$4.run(EventQueue.java:720) ~[?:?]
	at java.awt.EventQueue$4.run(EventQueue.java:714) ~[?:?]
	at java.security.AccessController.doPrivileged(AccessController.java:400) ~[?:?]
	at java.security.ProtectionDomain$JavaSecurityAccessImpl.doIntersectionPrivilege(ProtectionDomain.java:87) ~[?:?]
	at java.awt.EventQueue.dispatchEvent(EventQueue.java:742) ~[?:?]
	at java.awt.EventDispatchThread.pumpOneEventForFilters(EventDispatchThread.java:203) ~[?:?]
	at java.awt.EventDispatchThread.pumpEventsForFilter(EventDispatchThread.java:124) ~[?:?]
	at java.awt.EventDispatchThread.pumpEventsForHierarchy(EventDispatchThread.java:113) ~[?:?]
	at java.awt.EventDispatchThread.pumpEvents(EventDispatchThread.java:109) ~[?:?]
	at java.awt.EventDispatchThread.pumpEvents(EventDispatchThread.java:101) ~[?:?]
	at java.awt.EventDispatchThread.run(EventDispatchThread.java:90) ~[?:?]
2026-07-22 15:46:44,833 [WARN] ThirdParty:871 - waiting for thirdparty lock release [close project]
2026-07-22 15:46:44,833 [INFO] ThirdParty:873 - entering critical section [close project]
2026-07-22 15:46:44,833 [INFO] ThirdParty:883 - exiting critical section [close project]
2026-07-22 15:46:44,835 [INFO] PinOutPanel:1589 - setPackage(No Configuration,No Configuration)
2026-07-22 15:46:44,850 [INFO] UtilMem:75 - Begin LoadConfig() Used Memory: 851336072 Bytes (1073741824)
2026-07-22 15:46:44,851 [INFO] MicroXplorer:468 - Change Database Path : 
2026-07-22 15:46:44,851 [INFO] MicroXplorer:498 - Change Database Version : DB.6.0.150
2026-07-22 15:46:44,851 [INFO] OpenFileManager:355 - Change cursor
2026-07-22 15:46:44,867 [INFO] Mcu:2029 - Initializing MCU STM32H562RIVx STM32H562RIVx STM32H562RIV6
2026-07-22 15:46:45,777 [WARN] Context:803 - Trying to add IP SBS in context CortexM33 not assigned to a contextSplit
2026-07-22 15:46:47,531 [WARN] Context:803 - Trying to add IP BOOTPATH in context CortexM33 not assigned to a contextSplit
2026-07-22 15:46:47,561 [INFO] Context:786 - Trying to add GPIOservice into a context  which must be forbidden
2026-07-22 15:46:47,561 [INFO] Context:786 - Trying to add GPIOservice into a context  which must be forbidden
2026-07-22 15:46:47,562 [INFO] Context:786 - Trying to add GPIOservice into a context  which must be forbidden
2026-07-22 15:46:47,562 [WARN] Context:803 - Trying to add IP GPIO in context CortexM33 not assigned to a contextSplit
2026-07-22 15:46:48,708 [INFO] ImportTextPane:234 - (OptionalMessage_ERROR) Pin53 (VP_RIF_VS_RIF1) cannot be retrieved for this MCU
2026-07-22 15:46:48,816 [WARN] ModelIntegratedComponent:63 - No mode defined for component null
2026-07-22 15:46:48,816 [WARN] ModelIntegratedComponent:63 - No mode defined for component null
2026-07-22 15:46:48,816 [WARN] ModelIntegratedComponent:63 - No mode defined for component null
2026-07-22 15:46:48,816 [WARN] ModelIntegratedComponent:63 - No mode defined for component null
2026-07-22 15:46:48,816 [WARN] ModelIntegratedComponent:63 - No mode defined for component null
2026-07-22 15:46:48,816 [WARN] ModelIntegratedComponent:63 - No mode defined for component null
2026-07-22 15:46:48,816 [WARN] ModelIntegratedComponent:63 - No mode defined for component null
2026-07-22 15:46:48,816 [WARN] ModelIntegratedComponent:63 - No mode defined for component null
2026-07-22 15:46:48,816 [WARN] ModelIntegratedComponent:63 - No mode defined for component null
2026-07-22 15:46:48,816 [WARN] ModelIntegratedComponent:63 - No mode defined for component null
2026-07-22 15:46:48,816 [WARN] ModelIntegratedComponent:63 - No mode defined for component null
2026-07-22 15:46:48,817 [WARN] ModelIntegratedComponent:63 - No mode defined for component null
2026-07-22 15:46:48,817 [WARN] ModelIntegratedComponent:63 - No mode defined for component null
2026-07-22 15:46:48,817 [WARN] ModelIntegratedComponent:63 - No mode defined for component null
2026-07-22 15:46:48,817 [WARN] ModelIntegratedComponent:63 - No mode defined for component null
2026-07-22 15:46:48,817 [WARN] ModelIntegratedComponent:63 - No mode defined for component null
2026-07-22 15:46:48,817 [WARN] ModelIntegratedComponent:63 - No mode defined for component null
2026-07-22 15:46:48,817 [WARN] ModelIntegratedComponent:63 - No mode defined for component null
2026-07-22 15:46:48,817 [WARN] ModelIntegratedComponent:63 - No mode defined for component null
2026-07-22 15:46:48,817 [WARN] ModelIntegratedComponent:63 - No mode defined for component null
2026-07-22 15:46:48,817 [WARN] ModelIntegratedComponent:63 - No mode defined for component null
2026-07-22 15:46:48,817 [WARN] ModelIntegratedComponent:63 - No mode defined for component null
2026-07-22 15:46:48,817 [WARN] ModelIntegratedComponent:63 - No mode defined for component null
2026-07-22 15:46:48,817 [WARN] ModelIntegratedComponent:63 - No mode defined for component null
2026-07-22 15:46:48,817 [WARN] ModelIntegratedComponent:63 - No mode defined for component null
2026-07-22 15:46:48,817 [WARN] ModelIntegratedComponent:63 - No mode defined for component null
2026-07-22 15:46:48,817 [WARN] ModelIntegratedComponent:63 - No mode defined for component null
2026-07-22 15:46:48,817 [WARN] ModelIntegratedComponent:63 - No mode defined for component null
2026-07-22 15:46:48,817 [WARN] ModelIntegratedComponent:63 - No mode defined for component null
2026-07-22 15:46:48,817 [WARN] ModelIntegratedComponent:63 - No mode defined for component null
2026-07-22 15:46:48,817 [WARN] ModelIntegratedComponent:63 - No mode defined for component null
2026-07-22 15:46:48,817 [WARN] ModelIntegratedComponent:63 - No mode defined for component null
2026-07-22 15:46:48,817 [WARN] ModelIntegratedComponent:63 - No mode defined for component null
2026-07-22 15:46:48,817 [WARN] ModelIntegratedComponent:63 - No mode defined for component null
2026-07-22 15:46:48,817 [WARN] ModelIntegratedComponent:63 - No mode defined for component null
2026-07-22 15:46:48,817 [WARN] ModelPack:524 - Component already loaded: STMicroelectronics:HAL Drivers:0.0.0:STMicroelectronics:Device:STMicro_Driver:XSPI:HAL::0.0.1:HAL_XSPI
2026-07-22 15:46:48,926 [INFO] RtosManager:558 - Registered RTOS mode: class=RTOS, group=ThreadX, mode=Core, owner=THREADX
2026-07-22 15:46:48,985 [INFO] ThirdPartyModel:298 - Start build external matchings
2026-07-22 15:46:49,529 [INFO] ThirdPartyModel:316 - End build external matchings
2026-07-22 15:46:49,550 [INFO] ImportTextPane:234 - (OptionalMessage_ERROR) IP (BOOTPATH) : Invalid parameter (BootPathName)
2026-07-22 15:46:49,554 [WARN] IP:2250 - DATAEXCHANGEDESRCBYTE_GPDMACH5 not found: check if there is a RefParameter without a condition.
2026-07-22 15:46:49,554 [WARN] IP:2250 - DATAEXCHANGEDESTHALFWORD_GPDMACH5 not found: check if there is a RefParameter without a condition.
2026-07-22 15:46:49,557 [WARN] IP:2250 - DATAEXCHANGEDESRCBYTE_GPDMACH4 not found: check if there is a RefParameter without a condition.
2026-07-22 15:46:49,557 [WARN] IP:2250 - DATAEXCHANGEDESTHALFWORD_GPDMACH4 not found: check if there is a RefParameter without a condition.
2026-07-22 15:46:49,561 [WARN] IP:2250 - DATAEXCHANGEDESRCBYTE_GPDMACH2 not found: check if there is a RefParameter without a condition.
2026-07-22 15:46:49,561 [WARN] IP:2250 - DATAEXCHANGEDESTHALFWORD_GPDMACH2 not found: check if there is a RefParameter without a condition.
2026-07-22 15:46:49,564 [WARN] IP:2250 - DATAEXCHANGEDESRCBYTE_GPDMACH1 not found: check if there is a RefParameter without a condition.
2026-07-22 15:46:49,564 [WARN] IP:2250 - DATAEXCHANGEDESTHALFWORD_GPDMACH1 not found: check if there is a RefParameter without a condition.
2026-07-22 15:46:49,578 [WARN] IP:2250 - DATAEXCHANGEDESRCBYTE_GPDMACH5 not found: check if there is a RefParameter without a condition.
2026-07-22 15:46:49,579 [WARN] IP:2250 - DATAEXCHANGEDESTHALFWORD_GPDMACH5 not found: check if there is a RefParameter without a condition.
2026-07-22 15:46:49,582 [WARN] IP:2250 - DATAEXCHANGEDESRCBYTE_GPDMACH4 not found: check if there is a RefParameter without a condition.
2026-07-22 15:46:49,582 [WARN] IP:2250 - DATAEXCHANGEDESTHALFWORD_GPDMACH4 not found: check if there is a RefParameter without a condition.
2026-07-22 15:46:49,584 [WARN] IP:2250 - DATAEXCHANGEDESRCBYTE_GPDMACH2 not found: check if there is a RefParameter without a condition.
2026-07-22 15:46:49,584 [WARN] IP:2250 - DATAEXCHANGEDESTHALFWORD_GPDMACH2 not found: check if there is a RefParameter without a condition.
2026-07-22 15:46:49,587 [WARN] IP:2250 - DATAEXCHANGEDESRCBYTE_GPDMACH1 not found: check if there is a RefParameter without a condition.
2026-07-22 15:46:49,588 [WARN] IP:2250 - DATAEXCHANGEDESTHALFWORD_GPDMACH1 not found: check if there is a RefParameter without a condition.
2026-07-22 15:46:49,590 [WARN] IP:2250 - DATAEXCHANGEDESRCBYTE_GPDMACH0 not found: check if there is a RefParameter without a condition.
2026-07-22 15:46:49,590 [WARN] IP:2250 - DATAEXCHANGEDESTHALFWORD_GPDMACH0 not found: check if there is a RefParameter without a condition.
2026-07-22 15:46:49,593 [WARN] IP:2250 - DATAEXCHANGEDESRCBYTE_GPDMACH1 not found: check if there is a RefParameter without a condition.
2026-07-22 15:46:49,593 [WARN] IP:2250 - DATAEXCHANGEDESTHALFWORD_GPDMACH1 not found: check if there is a RefParameter without a condition.
2026-07-22 15:46:49,853 [INFO] UtilMem:75 - End LoadConfig() Used Memory: 790222568 Bytes (1073741824)
2026-07-22 15:46:49,925 [WARN] ThirdParty:833 - waiting for thirdparty lock release [change project]
2026-07-22 15:46:49,926 [INFO] ThirdParty:835 - entering critical section [change project]
2026-07-22 15:46:49,926 [INFO] ThirdParty:1030 - CMSIS Pack Vendor :STMicroelectronics X-CUBE-AZRTOS-H7 3.5.0
2026-07-22 15:46:49,926 [INFO] ThirdParty:1030 - CMSIS Pack Vendor :STMicroelectronics X-CUBE-PM33A1 1.0.0
2026-07-22 15:46:49,926 [INFO] ThirdParty:1030 - CMSIS Pack Vendor :STMicroelectronics USBPD 4.1
2026-07-22 15:46:49,926 [INFO] ThirdParty:1030 - CMSIS Pack Vendor :STMicroelectronics USB_HOST 2.0.0
2026-07-22 15:46:49,926 [INFO] ThirdParty:1030 - CMSIS Pack Vendor :STMicroelectronics FP-SNS-MOTENVWB1 1.4.0
2026-07-22 15:46:49,926 [INFO] ThirdParty:1030 - CMSIS Pack Vendor :STMicroelectronics FP-ATR-ASTRA1 2.0.3
2026-07-22 15:46:49,926 [INFO] ThirdParty:1030 - CMSIS Pack Vendor :STMicroelectronics X-CUBE-AZRTOS-F4 1.1.0
2026-07-22 15:46:49,926 [INFO] ThirdParty:1030 - CMSIS Pack Vendor :STMicroelectronics LIBJPEG 8.0.0
2026-07-22 15:46:49,926 [INFO] ThirdParty:1030 - CMSIS Pack Vendor :STMicroelectronics FP-ATR-ASTRA1 2.0.2
2026-07-22 15:46:49,926 [INFO] ThirdParty:1030 - CMSIS Pack Vendor :STMicroelectronics FP-ATR-ASTRA1 2.0.1
2026-07-22 15:46:49,926 [INFO] ThirdParty:1030 - CMSIS Pack Vendor :Avnet-IotConnect X-CUBE-IoTC-DA16k-PMOD 1.0.0
2026-07-22 15:46:49,926 [INFO] ThirdParty:1030 - CMSIS Pack Vendor :STMicroelectronics X-CUBE-SMBUS 2.1.0
2026-07-22 15:46:49,926 [INFO] ThirdParty:1030 - CMSIS Pack Vendor :STMicroelectronics X-CUBE-WB05N 1.1.0
2026-07-22 15:46:49,926 [INFO] ThirdParty:1030 - CMSIS Pack Vendor :STMicroelectronics X-CUBE-IPS 3.2.0
2026-07-22 15:46:49,926 [INFO] ThirdParty:1030 - CMSIS Pack Vendor :STMicroelectronics eDS-WB_DPC_TT-BIDIR 2.1.1
2026-07-22 15:46:49,926 [INFO] ThirdParty:1030 - CMSIS Pack Vendor :STMicroelectronics X-CUBE-ST60 1.0.0
2026-07-22 15:46:49,926 [INFO] ThirdParty:1030 - CMSIS Pack Vendor :STMicroelectronics X-CUBE-NFC12 1.0.0
2026-07-22 15:46:49,926 [INFO] ThirdParty:1030 - CMSIS Pack Vendor :STMicroelectronics X-CUBE-AZRTOS-F7 1.1.0
2026-07-22 15:46:49,926 [INFO] ThirdParty:1030 - CMSIS Pack Vendor :STMicroelectronics X-CUBE-AZRTOS-L5 2.0.0
2026-07-22 15:46:49,926 [INFO] ThirdParty:1030 - CMSIS Pack Vendor :STMicroelectronics USB_DEVICE 2.0.0
2026-07-22 15:46:49,926 [INFO] ThirdParty:1030 - CMSIS Pack Vendor :STMicroelectronics X-CUBE-FREERTOS 1.6.0
2026-07-22 15:46:49,926 [INFO] ThirdParty:1030 - CMSIS Pack Vendor :STMicroelectronics X-CUBE-NFC6 3.1.0
2026-07-22 15:46:49,926 [INFO] ThirdParty:1030 - CMSIS Pack Vendor :STMicroelectronics X-CUBE-ALGOBUILD 1.5.0
2026-07-22 15:46:49,926 [INFO] ThirdParty:1030 - CMSIS Pack Vendor :STMicroelectronics FP-SNS-MOTENV1 5.1.0
2026-07-22 15:46:49,926 [INFO] ThirdParty:1030 - CMSIS Pack Vendor :STMicroelectronics FreeRTOS 0.0.1
2026-07-22 15:46:49,926 [INFO] ThirdParty:1030 - CMSIS Pack Vendor :STMicroelectronics X-CUBE-AZRTOS-H7RS 1.3.0
2026-07-22 15:46:49,926 [INFO] ThirdParty:1030 - CMSIS Pack Vendor :STMicroelectronics X-CUBE-DPower 1.2.0
2026-07-22 15:46:49,926 [INFO] ThirdParty:1030 - CMSIS Pack Vendor :STMicroelectronics eDS-WB_DPC_VIENNA 1.2.0
2026-07-22 15:46:49,926 [INFO] ThirdParty:1030 - CMSIS Pack Vendor :STMicroelectronics FP-SNS-FLIGHT1 5.0.2
2026-07-22 15:46:49,926 [INFO] ThirdParty:1030 - CMSIS Pack Vendor :STMicroelectronics eDS-WB_DPC_3PH2L-BIDIR 1.1.1
2026-07-22 15:46:49,926 [INFO] ThirdParty:1030 - CMSIS Pack Vendor :Infineon AIROC-Wi-Fi-Bluetooth-STM32 1.7.0
2026-07-22 15:46:49,926 [INFO] ThirdParty:1030 - CMSIS Pack Vendor :STMicroelectronics PDM2PCM 3.3.0
2026-07-22 15:46:49,926 [INFO] ThirdParty:1030 - CMSIS Pack Vendor :STMicroelectronics X-CUBE-AZRTOS-H7 3.4.0
2026-07-22 15:46:49,926 [INFO] ThirdParty:1030 - CMSIS Pack Vendor :STMicroelectronics X-CUBE-DISPLAY 3.0.0
2026-07-22 15:46:49,926 [INFO] ThirdParty:1030 - CMSIS Pack Vendor :STMicroelectronics X-CUBE-GNSS1 7.1.1
2026-07-22 15:46:49,926 [INFO] ThirdParty:1030 - CMSIS Pack Vendor :STMicroelectronics FP-SNS-MOTENVWB1 1.5.0
2026-07-22 15:46:49,926 [INFO] ThirdParty:1030 - CMSIS Pack Vendor :STMicroelectronics X-CUBE-BLE1 7.0.0
2026-07-22 15:46:49,926 [INFO] ThirdParty:1030 - CMSIS Pack Vendor :STMicroelectronics X-CUBE-NFC10 1.0.0
2026-07-22 15:46:49,926 [INFO] ThirdParty:1030 - CMSIS Pack Vendor :STMicroelectronics X-CUBE-BLEMGR 4.0.0
2026-07-22 15:46:49,926 [INFO] ThirdParty:1030 - CMSIS Pack Vendor :STMicroelectronics X-CUBE-FREERTOS 1.3.1
2026-07-22 15:46:49,926 [INFO] ThirdParty:1030 - CMSIS Pack Vendor :STMicroelectronics HAL Drivers 0.0.0
2026-07-22 15:46:49,926 [INFO] ThirdParty:1030 - CMSIS Pack Vendor :STMicroelectronics X-CUBE-ST60 1.1.0
2026-07-22 15:46:49,926 [INFO] ThirdParty:1030 - CMSIS Pack Vendor :emotas I-CUBE-CANOPEN 1.3.0
2026-07-22 15:46:49,926 [INFO] ThirdParty:1030 - CMSIS Pack Vendor :STMicroelectronics X-CUBE-FREERTOS 1.3.0
2026-07-22 15:46:49,926 [INFO] ThirdParty:1030 - CMSIS Pack Vendor :STMicroelectronics X-CUBE-NFC7 1.0.1
2026-07-22 15:46:49,926 [INFO] ThirdParty:1030 - CMSIS Pack Vendor :STMicroelectronics MBEDTLS 2.14.1
2026-07-22 15:46:49,926 [INFO] ThirdParty:1030 - CMSIS Pack Vendor :STMicroelectronics X-CUBE-GNSS1 7.1.0
2026-07-22 15:46:49,926 [INFO] ThirdParty:1030 - CMSIS Pack Vendor :STMicroelectronics X-CUBE-TOUCHGFX 4.26.0
2026-07-22 15:46:49,926 [INFO] ThirdParty:1030 - CMSIS Pack Vendor :STMicroelectronics X-CUBE-TOUCHGFX 4.26.1
2026-07-22 15:46:49,926 [INFO] ThirdParty:1030 - CMSIS Pack Vendor :STMicroelectronics X-CUBE-AI 10.0.0
2026-07-22 15:46:49,926 [INFO] ThirdParty:1030 - CMSIS Pack Vendor :STMicroelectronics FP-SNS-STBOX1 2.1.0
2026-07-22 15:46:49,926 [INFO] ThirdParty:1030 - CMSIS Pack Vendor :STMicroelectronics FP-SNS-STAIOTCFT 1.0.0
2026-07-22 15:46:49,926 [INFO] ThirdParty:1030 - CMSIS Pack Vendor :STMicroelectronics FP-SNS-SMARTAG2 1.2.0
2026-07-22 15:46:49,926 [INFO] ThirdParty:1030 - CMSIS Pack Vendor :STMicroelectronics FP-SNS-FLIGHT1 5.1.0
2026-07-22 15:46:49,926 [INFO] ThirdParty:1030 - CMSIS Pack Vendor :STMicroelectronics X-CUBE-MEMS1 11.1.0
2026-07-22 15:46:49,926 [INFO] ThirdParty:1030 - CMSIS Pack Vendor :STMicroelectronics X-CUBE-AZRTOS-WL 2.0.0
2026-07-22 15:46:49,926 [INFO] ThirdParty:1030 - CMSIS Pack Vendor :STMicroelectronics X-CUBE-DPower 1.3.0
2026-07-22 15:46:49,926 [INFO] ThirdParty:1030 - CMSIS Pack Vendor :STMicroelectronics FP-SNS-MOTENV1 5.0.0
2026-07-22 15:46:49,926 [INFO] ThirdParty:1030 - CMSIS Pack Vendor :STMicroelectronics USB_DEVICE 1.0.0
2026-07-22 15:46:49,926 [INFO] ThirdParty:1030 - CMSIS Pack Vendor :STMicroelectronics X-CUBE-AZRTOS-H7RS 1.2.0
2026-07-22 15:46:49,926 [INFO] ThirdParty:1030 - CMSIS Pack Vendor :STMicroelectronics X-CUBE-AZRTOS-L4 2.0.0
2026-07-22 15:46:49,926 [INFO] ThirdParty:1030 - CMSIS Pack Vendor :STMicroelectronics ThreadX 0.0.2
2026-07-22 15:46:49,926 [INFO] ThirdParty:1030 - CMSIS Pack Vendor :WES I-CUBE-Cesium 1.3.0
2026-07-22 15:46:49,926 [INFO] ThirdParty:1030 - CMSIS Pack Vendor :STMicroelectronics lwIP 2.1.2
2026-07-22 15:46:49,926 [INFO] ThirdParty:1030 - CMSIS Pack Vendor :STMicroelectronics X-CUBE-SFXS2LP1 4.0.0
2026-07-22 15:46:49,926 [INFO] ThirdParty:1030 - CMSIS Pack Vendor :STMicroelectronics X-CUBE-BLE2 3.3.0
2026-07-22 15:46:49,926 [INFO] ThirdParty:1030 - CMSIS Pack Vendor :Avnet-IOTCONNECT X-CUBE-iotc-st67-sdk 1.0.0
2026-07-22 15:46:49,926 [INFO] ThirdParty:1030 - CMSIS Pack Vendor :STMicroelectronics PDM2PCM 3.2.0
2026-07-22 15:46:49,926 [INFO] ThirdParty:1030 - CMSIS Pack Vendor :STMicroelectronics X-CUBE-WB05N 2.1.0
2026-07-22 15:46:49,926 [INFO] ThirdParty:1030 - CMSIS Pack Vendor :STMicroelectronics X-CUBE-ST67W61 1.2.0
2026-07-22 15:46:49,926 [INFO] ThirdParty:1030 - CMSIS Pack Vendor :STMicroelectronics X-CUBE-AZRTOS-H7 3.3.0
2026-07-22 15:46:49,926 [INFO] ThirdParty:1030 - CMSIS Pack Vendor :STMicroelectronics X-CUBE-NFC9 1.0.0
2026-07-22 15:46:49,926 [INFO] ThirdParty:1030 - CMSIS Pack Vendor :STMicroelectronics X-CUBE-BLE1 7.1.0
2026-07-22 15:46:49,926 [INFO] ThirdParty:1030 - CMSIS Pack Vendor :wolfSSL I-CUBE-wolfMQTT 1.19.2
2026-07-22 15:46:49,926 [INFO] ThirdParty:1030 - CMSIS Pack Vendor :STMicroelectronics USB_DEVICE 3.0.0
2026-07-22 15:46:49,926 [INFO] ThirdParty:1030 - CMSIS Pack Vendor :STMicroelectronics X-CUBE-FREERTOS 1.4.0
2026-07-22 15:46:49,926 [INFO] ThirdParty:1030 - CMSIS Pack Vendor :STMicroelectronics X-CUBE-EEPRMA1 5.2.0
2026-07-22 15:46:49,926 [INFO] ThirdParty:1030 - CMSIS Pack Vendor :STMicroelectronics X-CUBE-BLEMGR 4.1.0
2026-07-22 15:46:49,926 [INFO] ThirdParty:1030 - CMSIS Pack Vendor :STMicroelectronics X-CUBE-AZRTOS-WB 2.0.0
2026-07-22 15:46:49,926 [INFO] ThirdParty:1030 - CMSIS Pack Vendor :STMicroelectronics X-CUBE-GNSS1 7.0.1
2026-07-22 15:46:49,926 [INFO] ThirdParty:1030 - CMSIS Pack Vendor :STMicroelectronics X-CUBE-TOUCHGFX 4.25.0
2026-07-22 15:46:49,926 [INFO] ThirdParty:1030 - CMSIS Pack Vendor :STMicroelectronics X-CUBE-ST67W61 1.1.0
2026-07-22 15:46:49,926 [INFO] ThirdParty:1030 - CMSIS Pack Vendor :STMicroelectronics X-CUBE-AI 10.1.0
2026-07-22 15:46:49,926 [INFO] ThirdParty:1030 - CMSIS Pack Vendor :STMicroelectronics FP-SNS-STBOX1 2.0.0
2026-07-22 15:46:49,927 [INFO] ThirdParty:1030 - CMSIS Pack Vendor :STMicroelectronics FP-SNS-STAIOTCFT 1.1.0
2026-07-22 15:46:49,927 [INFO] ThirdParty:1030 - CMSIS Pack Vendor :STMicroelectronics X-CUBE-MEMS1 12.0.0
2026-07-22 15:46:49,927 [INFO] ThirdParty:1030 - CMSIS Pack Vendor :STMicroelectronics X-CUBE-STSE01 2.0.0
2026-07-22 15:46:49,927 [INFO] ThirdParty:1030 - CMSIS Pack Vendor :STMicroelectronics X-CUBE-AZRTOS-G0 1.1.0
2026-07-22 15:46:49,927 [INFO] ThirdParty:1030 - CMSIS Pack Vendor :STMicroelectronics X-CUBE-SAFEA1 1.2.2
2026-07-22 15:46:49,927 [INFO] ThirdParty:1030 - CMSIS Pack Vendor :STMicroelectronics X-CUBE-NFC4 3.0.0
2026-07-22 15:46:49,927 [INFO] ThirdParty:1030 - CMSIS Pack Vendor :STMicroelectronics X-CUBE-SUBG2 5.0.0
2026-07-22 15:46:49,927 [INFO] ThirdParty:1030 - CMSIS Pack Vendor :STMicroelectronics X-CUBE-AZRTOS-H7RS 1.1.0
2026-07-22 15:46:49,927 [INFO] ThirdParty:1030 - CMSIS Pack Vendor :STMicroelectronics STM32_WPAN 1.0.0
2026-07-22 15:46:49,927 [INFO] ThirdParty:1030 - CMSIS Pack Vendor :EmbeddedOffice I-CUBE-FS-RTOS 1.0.1
2026-07-22 15:46:49,927 [INFO] ThirdParty:1030 - CMSIS Pack Vendor :STMicroelectronics lwIP 2.0.3
2026-07-22 15:46:49,927 [INFO] ThirdParty:1030 - CMSIS Pack Vendor :Cesanta I-CUBE-Mongoose 7.13.0
2026-07-22 15:46:49,927 [INFO] ThirdParty:1030 - CMSIS Pack Vendor :STMicroelectronics USB_HOST 1.0.0
2026-07-22 15:46:49,927 [INFO] ThirdParty:1030 - CMSIS Pack Vendor :STMicroelectronics X-CUBE-AZRTOS-G4 2.0.0
2026-07-22 15:46:49,927 [INFO] ThirdParty:1030 - CMSIS Pack Vendor :STMicroelectronics X-CUBE-WB05N 2.0.0
2026-07-22 15:46:49,927 [INFO] ThirdParty:1030 - CMSIS Pack Vendor :STMicroelectronics PDM2PCM 3.1.0
2026-07-22 15:46:49,927 [INFO] ThirdParty:1030 - CMSIS Pack Vendor :wolfSSL I-CUBE-wolfTPM 3.8.0
2026-07-22 15:46:49,927 [INFO] ThirdParty:1030 - CMSIS Pack Vendor :wolfSSL I-CUBE-wolfSSH 1.4.20
2026-07-22 15:46:49,927 [INFO] ThirdParty:1030 - CMSIS Pack Vendor :STMicroelectronics X-CUBE-NFC7 2.0.0
2026-07-22 15:46:49,927 [INFO] ThirdParty:1030 - CMSIS Pack Vendor :STMicroelectronics X-CUBE-TCPP 4.2.0
2026-07-22 15:46:49,927 [INFO] ThirdParty:1030 - CMSIS Pack Vendor :RealThread X-CUBE-RT-Thread_Nano 4.1.1
2026-07-22 15:46:49,927 [INFO] ThirdParty:1030 - CMSIS Pack Vendor :STMicroelectronics FP-ATR-SIGFOX1 3.2.0
2026-07-22 15:46:49,927 [INFO] ThirdParty:1030 - CMSIS Pack Vendor :quantropi X-CUBE-qispace-sdk-base 1.9.3
2026-07-22 15:46:49,927 [INFO] ThirdParty:1030 - CMSIS Pack Vendor :STMicroelectronics X-CUBE-EEPRMA1 5.1.0
2026-07-22 15:46:49,927 [INFO] ThirdParty:1030 - CMSIS Pack Vendor :STMicroelectronics X-CUBE-FREERTOS 1.5.0
2026-07-22 15:46:49,927 [INFO] ThirdParty:1030 - CMSIS Pack Vendor :STMicroelectronics MBEDTLS 2.16.2
2026-07-22 15:46:49,927 [INFO] ThirdParty:1030 - CMSIS Pack Vendor :STMicroelectronics X-CUBE-IPS 3.1.0
2026-07-22 15:46:49,927 [INFO] ThirdParty:1030 - CMSIS Pack Vendor :STMicroelectronics X-CUBE-ALS 1.0.2
2026-07-22 15:46:49,927 [INFO] ThirdParty:1030 - CMSIS Pack Vendor :wolfSSL I-CUBE-wolfSSL 5.7.6
2026-07-22 15:46:49,927 [INFO] ThirdParty:1030 - CMSIS Pack Vendor :ITTIA_DB I-CUBE-ITTIADB 8.9.0
2026-07-22 15:46:49,927 [INFO] ThirdParty:1030 - CMSIS Pack Vendor :STMicroelectronics X-CUBE-TOUCHGFX 4.24.2
2026-07-22 15:46:49,927 [INFO] ThirdParty:1030 - CMSIS Pack Vendor :STMicroelectronics X-CUBE-STSE01 1.0.0
2026-07-22 15:46:49,927 [INFO] ThirdParty:1030 - CMSIS Pack Vendor :portGmbH I-Cube-SoM-uGOAL 1.1.0
2026-07-22 15:46:49,927 [INFO] ThirdParty:1030 - CMSIS Pack Vendor :STMicroelectronics X-CUBE-NFC6 3.2.0
2026-07-22 15:46:49,927 [INFO] ThirdParty:1030 - CMSIS Pack Vendor :STMicroelectronics X-CUBE-ST67W61 1.0.0
2026-07-22 15:46:49,927 [INFO] ThirdParty:1030 - CMSIS Pack Vendor :STMicroelectronics X-CUBE-AI 10.2.1
2026-07-22 15:46:49,927 [INFO] ThirdParty:1030 - CMSIS Pack Vendor :STMicroelectronics X-CUBE-AI 10.2.0
2026-07-22 15:46:49,927 [INFO] ThirdParty:1030 - CMSIS Pack Vendor :STMicroelectronics ThreadX 1.0.0
2026-07-22 15:46:49,927 [INFO] ThirdParty:1030 - CMSIS Pack Vendor :STMicroelectronics X-CUBE-MEMS1 12.1.0
2026-07-22 15:46:49,927 [INFO] ThirdParty:1030 - CMSIS Pack Vendor :SEGGER I-CUBE-embOS 1.3.1
2026-07-22 15:46:49,927 [INFO] ThirdParty:1030 - CMSIS Pack Vendor :STMicroelectronics X-CUBE-ALGOBUILD 1.4.0
2026-07-22 15:46:49,927 [INFO] ThirdParty:1030 - CMSIS Pack Vendor :STMicroelectronics X-CUBE-MEMS1 11.3.0
2026-07-22 15:46:49,927 [INFO] ThirdParty:1030 - CMSIS Pack Vendor :STMicroelectronics X-CUBE-AZRTOS-H7RS 1.0.0
2026-07-22 15:46:49,927 [INFO] ThirdParty:1030 - CMSIS Pack Vendor :STMicroelectronics X-CUBE-TOF1 3.4.2
2026-07-22 15:46:49,927 [INFO] ThirdParty:1030 - CMSIS Pack Vendor :STMicroelectronics X-CUBE-TOF1 3.4.3
2026-07-22 15:46:49,927 [INFO] ThirdParty:1030 - CMSIS Pack Vendor :STMicroelectronics X-CUBE-AI 9.1.0
2026-07-22 15:46:49,927 [INFO] ThirdParty:1030 - CMSIS Pack Vendor :STMicroelectronics X-CUBE-NFC13 1.0.0
2026-07-22 15:46:49,928 [INFO] ThirdParty:841 - exiting critical section [change project]
2026-07-22 15:46:50,276 [INFO] PinOutPanel:1589 - setPackage(No Configuration,No Configuration)
2026-07-22 15:46:50,277 [INFO] PinOutPanel:1589 - setPackage(STM32H562RIVx,VFQFPN68)
2026-07-22 15:46:50,324 [WARN] IP:2250 - rccPrivilegeSecure not found: check if there is a RefParameter without a condition.
2026-07-22 15:46:50,324 [WARN] IP:2250 - rccSecurity not found: check if there is a RefParameter without a condition.
2026-07-22 15:46:50,433 [WARN] IP:2250 - rccPrivilegeSecure not found: check if there is a RefParameter without a condition.
2026-07-22 15:46:50,433 [WARN] IP:2250 - rccSecurity not found: check if there is a RefParameter without a condition.
2026-07-22 15:46:50,811 [WARN] IP:2250 - rccPrivilegeSecure not found: check if there is a RefParameter without a condition.
2026-07-22 15:46:50,811 [WARN] IP:2250 - rccSecurity not found: check if there is a RefParameter without a condition.
2026-07-22 15:46:50,827 [INFO] UtilMem:75 - Before build in PCC Used Memory: 819912760 Bytes (1073741824)
2026-07-22 15:46:51,267 [INFO] UtilMem:75 - After build in PCC Used Memory: 921509160 Bytes (1073741824)
2026-07-22 15:46:51,288 [INFO] IPUIPlugin:80 - create IPUIPlugin
2026-07-22 15:46:51,288 [INFO] IPUIPlugin:80 - create IPUIPlugin
2026-07-22 15:46:51,289 [INFO] IPUIPlugin:80 - create IPUIPlugin
2026-07-22 15:46:51,289 [INFO] IPUIPlugin:80 - create IPUIPlugin
2026-07-22 15:46:51,289 [INFO] IPUIPlugin:80 - create IPUIPlugin
2026-07-22 15:46:51,289 [INFO] IPUIPlugin:80 - create IPUIPlugin
2026-07-22 15:46:51,289 [INFO] IPUIPlugin:80 - create IPUIPlugin
2026-07-22 15:46:51,289 [INFO] IPUIPlugin:80 - create IPUIPlugin
2026-07-22 15:46:51,289 [INFO] IPUIPlugin:80 - create IPUIPlugin
2026-07-22 15:46:51,289 [INFO] IPUIPlugin:80 - create IPUIPlugin
2026-07-22 15:46:51,289 [INFO] IPUIPlugin:80 - create IPUIPlugin
2026-07-22 15:46:51,289 [INFO] IPUIPlugin:80 - create IPUIPlugin
2026-07-22 15:46:51,289 [INFO] IPUIPlugin:80 - create IPUIPlugin
2026-07-22 15:46:51,289 [INFO] IPUIPlugin:80 - create IPUIPlugin
2026-07-22 15:46:51,289 [INFO] IPUIPlugin:80 - create IPUIPlugin
2026-07-22 15:46:51,289 [INFO] IPUIPlugin:80 - create IPUIPlugin
2026-07-22 15:46:51,289 [INFO] IPUIPlugin:80 - create IPUIPlugin
2026-07-22 15:46:51,289 [INFO] IPUIPlugin:80 - create IPUIPlugin
2026-07-22 15:46:51,289 [INFO] IPUIPlugin:80 - create IPUIPlugin
2026-07-22 15:46:51,289 [INFO] IPUIPlugin:80 - create IPUIPlugin
2026-07-22 15:46:51,289 [INFO] IPUIPlugin:80 - create IPUIPlugin
2026-07-22 15:46:51,290 [INFO] IPUIPlugin:80 - create IPUIPlugin
2026-07-22 15:46:51,290 [INFO] IPUIPlugin:80 - create IPUIPlugin
2026-07-22 15:46:51,290 [INFO] IPUIPlugin:80 - create IPUIPlugin
2026-07-22 15:46:51,290 [INFO] IPUIPlugin:80 - create IPUIPlugin
2026-07-22 15:46:51,290 [INFO] IPUIPlugin:80 - create IPUIPlugin
2026-07-22 15:46:51,290 [INFO] IPUIPlugin:80 - create IPUIPlugin
2026-07-22 15:46:51,290 [INFO] IPUIPlugin:80 - create IPUIPlugin
2026-07-22 15:46:51,290 [INFO] IPUIPlugin:80 - create IPUIPlugin
2026-07-22 15:46:51,290 [INFO] IPUIPlugin:80 - create IPUIPlugin
2026-07-22 15:46:51,290 [INFO] IPUIPlugin:80 - create IPUIPlugin
2026-07-22 15:46:51,290 [INFO] IPUIPlugin:80 - create IPUIPlugin
2026-07-22 15:46:51,290 [INFO] IPUIPlugin:80 - create IPUIPlugin
2026-07-22 15:46:51,290 [INFO] IPUIPlugin:80 - create IPUIPlugin
2026-07-22 15:46:51,290 [INFO] IPUIPlugin:80 - create IPUIPlugin
2026-07-22 15:46:51,290 [INFO] IPUIPlugin:80 - create IPUIPlugin
2026-07-22 15:46:51,290 [INFO] IPUIPlugin:80 - create IPUIPlugin
2026-07-22 15:46:51,291 [INFO] IPUIPlugin:80 - create IPUIPlugin
2026-07-22 15:46:51,291 [INFO] IPUIPlugin:80 - create IPUIPlugin
2026-07-22 15:46:51,291 [INFO] IPUIPlugin:80 - create IPUIPlugin
2026-07-22 15:46:51,291 [INFO] IPUIPlugin:80 - create IPUIPlugin
2026-07-22 15:46:51,291 [INFO] IPUIPlugin:80 - create IPUIPlugin
2026-07-22 15:46:51,291 [INFO] IPUIPlugin:80 - create IPUIPlugin
2026-07-22 15:46:51,291 [INFO] IPUIPlugin:80 - create IPUIPlugin
2026-07-22 15:46:51,291 [INFO] IPUIPlugin:80 - create IPUIPlugin
2026-07-22 15:46:51,291 [INFO] IPUIPlugin:80 - create IPUIPlugin
2026-07-22 15:46:51,291 [INFO] IPUIPlugin:80 - create IPUIPlugin
2026-07-22 15:46:51,291 [INFO] IPUIPlugin:80 - create IPUIPlugin
2026-07-22 15:46:51,291 [INFO] IPUIPlugin:80 - create IPUIPlugin
2026-07-22 15:46:51,292 [INFO] IPUIPlugin:80 - create IPUIPlugin
2026-07-22 15:46:51,292 [INFO] IPUIPlugin:80 - create IPUIPlugin
2026-07-22 15:46:51,292 [INFO] IPUIPlugin:80 - create IPUIPlugin
2026-07-22 15:46:51,292 [INFO] IPUIPlugin:80 - create IPUIPlugin
2026-07-22 15:46:51,292 [INFO] IPUIPlugin:80 - create IPUIPlugin
2026-07-22 15:46:51,292 [INFO] IPUIPlugin:80 - create IPUIPlugin
2026-07-22 15:46:51,292 [INFO] IPUIPlugin:80 - create IPUIPlugin
2026-07-22 15:46:51,292 [INFO] IPUIPlugin:80 - create IPUIPlugin
2026-07-22 15:46:51,292 [INFO] IPUIPlugin:80 - create IPUIPlugin
2026-07-22 15:46:51,292 [INFO] IPUIPlugin:80 - create IPUIPlugin
2026-07-22 15:46:51,292 [INFO] IPUIPlugin:80 - create IPUIPlugin
2026-07-22 15:46:51,293 [INFO] IPUIPlugin:80 - create IPUIPlugin
2026-07-22 15:46:51,293 [INFO] IPUIPlugin:80 - create IPUIPlugin
2026-07-22 15:46:51,293 [INFO] IPUIPlugin:80 - create IPUIPlugin
2026-07-22 15:46:51,293 [INFO] IPUIPlugin:80 - create IPUIPlugin
2026-07-22 15:46:51,293 [INFO] IPUIPlugin:80 - create IPUIPlugin
2026-07-22 15:46:51,293 [INFO] IPUIPlugin:80 - create IPUIPlugin
2026-07-22 15:46:51,293 [INFO] IPUIPlugin:80 - create IPUIPlugin
2026-07-22 15:46:51,293 [INFO] IPUIPlugin:80 - create IPUIPlugin
2026-07-22 15:46:51,293 [INFO] IPUIPlugin:80 - create IPUIPlugin
2026-07-22 15:46:51,294 [INFO] IPUIPlugin:80 - create IPUIPlugin
2026-07-22 15:46:51,294 [INFO] IPUIPlugin:80 - create IPUIPlugin
2026-07-22 15:46:51,294 [INFO] IPUIPlugin:80 - create IPUIPlugin
2026-07-22 15:46:51,294 [INFO] IPUIPlugin:80 - create IPUIPlugin
2026-07-22 15:46:51,294 [INFO] IPUIPlugin:80 - create IPUIPlugin
2026-07-22 15:46:51,294 [INFO] IPUIPlugin:80 - create IPUIPlugin
2026-07-22 15:46:51,295 [INFO] IPUIPlugin:80 - create IPUIPlugin
2026-07-22 15:46:51,295 [INFO] IPUIPlugin:80 - create IPUIPlugin
2026-07-22 15:46:51,295 [INFO] IPUIPlugin:80 - create IPUIPlugin
2026-07-22 15:46:51,295 [INFO] IPUIPlugin:80 - create IPUIPlugin
2026-07-22 15:46:51,295 [INFO] IPUIPlugin:80 - create IPUIPlugin
2026-07-22 15:46:51,296 [INFO] IPUIPlugin:80 - create IPUIPlugin
2026-07-22 15:46:51,296 [INFO] IPUIPlugin:80 - create IPUIPlugin
2026-07-22 15:46:51,296 [INFO] IPUIPlugin:80 - create IPUIPlugin
2026-07-22 15:46:51,296 [INFO] IPUIPlugin:80 - create IPUIPlugin
2026-07-22 15:46:51,296 [INFO] IPUIPlugin:80 - create IPUIPlugin
2026-07-22 15:46:51,296 [INFO] IPUIPlugin:80 - create IPUIPlugin
2026-07-22 15:46:51,296 [INFO] IPUIPlugin:80 - create IPUIPlugin
2026-07-22 15:46:51,296 [INFO] IPUIPlugin:80 - create IPUIPlugin
2026-07-22 15:46:51,297 [INFO] IPUIPlugin:80 - create IPUIPlugin
2026-07-22 15:46:51,297 [INFO] IPUIPlugin:80 - create IPUIPlugin
2026-07-22 15:46:51,297 [INFO] IPUIPlugin:80 - create IPUIPlugin
2026-07-22 15:46:51,297 [INFO] IPUIPlugin:80 - create IPUIPlugin
2026-07-22 15:46:51,307 [INFO] LogOutputStream:77 - [STDOUT_REDIRECT] Nominal 
2026-07-22 15:46:51,307 [INFO] Can:71 - Can Add PropertyChangeListener com.st.microxplorer.plugins.ip.can.Can@28d7c7ae
2026-07-22 15:46:51,330 [INFO] ProjectChoiceTab:3673 - Project Structure = Dual Non Secure / Secure
2026-07-22 15:46:51,492 [INFO] CADModel:165 - CPN selected for project levelSTM32H562RIV6
2026-07-22 15:46:51,492 [INFO] CADModel:114 - Register for checkConnection events
2026-07-22 15:46:51,561 [INFO] OpenFileManager:386 - Restore cursor
2026-07-22 15:46:51,627 [WARN] IP:2250 - DATAEXCHANGEDESRCBYTE_GPDMACH5 not found: check if there is a RefParameter without a condition.
2026-07-22 15:46:51,627 [WARN] IP:2250 - DATAEXCHANGEDESTHALFWORD_GPDMACH5 not found: check if there is a RefParameter without a condition.
2026-07-22 15:46:51,630 [WARN] IP:2250 - DATAEXCHANGEDESRCBYTE_GPDMACH4 not found: check if there is a RefParameter without a condition.
2026-07-22 15:46:51,630 [WARN] IP:2250 - DATAEXCHANGEDESTHALFWORD_GPDMACH4 not found: check if there is a RefParameter without a condition.
2026-07-22 15:46:51,633 [WARN] IP:2250 - DATAEXCHANGEDESRCBYTE_GPDMACH2 not found: check if there is a RefParameter without a condition.
2026-07-22 15:46:51,633 [WARN] IP:2250 - DATAEXCHANGEDESTHALFWORD_GPDMACH2 not found: check if there is a RefParameter without a condition.
2026-07-22 15:46:51,637 [WARN] IP:2250 - DATAEXCHANGEDESRCBYTE_GPDMACH1 not found: check if there is a RefParameter without a condition.
2026-07-22 15:46:51,637 [WARN] IP:2250 - DATAEXCHANGEDESTHALFWORD_GPDMACH1 not found: check if there is a RefParameter without a condition.
2026-07-22 15:46:51,651 [WARN] IP:2250 - DATAEXCHANGEDESRCBYTE_GPDMACH1 not found: check if there is a RefParameter without a condition.
2026-07-22 15:46:51,651 [WARN] IP:2250 - DATAEXCHANGEDESTHALFWORD_GPDMACH1 not found: check if there is a RefParameter without a condition.
2026-07-22 15:46:51,654 [WARN] IP:2250 - DATAEXCHANGEDESRCBYTE_GPDMACH0 not found: check if there is a RefParameter without a condition.
2026-07-22 15:46:51,654 [WARN] IP:2250 - DATAEXCHANGEDESTHALFWORD_GPDMACH0 not found: check if there is a RefParameter without a condition.
2026-07-22 15:46:51,731 [WARN] IP:2250 - PinAttribute not found: check if there is a RefParameter without a condition.
2026-07-22 15:46:51,732 [WARN] IP:2250 - PinAttribute not found: check if there is a RefParameter without a condition.
2026-07-22 15:46:51,732 [WARN] IP:2250 - PinAttribute not found: check if there is a RefParameter without a condition.
2026-07-22 15:46:51,739 [WARN] IP:2250 - PinAttribute not found: check if there is a RefParameter without a condition.
2026-07-22 15:46:51,739 [WARN] IP:2250 - PinAttribute not found: check if there is a RefParameter without a condition.
2026-07-22 15:46:51,739 [WARN] IP:2250 - PinAttribute not found: check if there is a RefParameter without a condition.
2026-07-22 15:46:51,740 [WARN] IP:2250 - PinAttribute not found: check if there is a RefParameter without a condition.
2026-07-22 15:46:51,746 [WARN] IP:2250 - PinAttribute not found: check if there is a RefParameter without a condition.
2026-07-22 15:46:51,746 [WARN] IP:2250 - pwrPrivilegeSecure not found: check if there is a RefParameter without a condition.
2026-07-22 15:46:51,746 [WARN] IP:2250 - pwrPrivilegeNSecure not found: check if there is a RefParameter without a condition.
2026-07-22 15:46:51,746 [WARN] IP:2250 - PWR_WKUP1 not found: check if there is a RefParameter without a condition.
2026-07-22 15:46:51,746 [WARN] IP:2250 - PWR_WKUP2 not found: check if there is a RefParameter without a condition.
2026-07-22 15:46:51,746 [WARN] IP:2250 - PWR_WKUP3 not found: check if there is a RefParameter without a condition.
2026-07-22 15:46:51,747 [WARN] IP:2250 - PWR_WKUP4 not found: check if there is a RefParameter without a condition.
2026-07-22 15:46:51,747 [WARN] IP:2250 - PWR_WKUP5 not found: check if there is a RefParameter without a condition.
2026-07-22 15:46:51,747 [WARN] IP:2250 - PWR_WKUP6 not found: check if there is a RefParameter without a condition.
2026-07-22 15:46:51,747 [WARN] IP:2250 - PWR_WKUP7 not found: check if there is a RefParameter without a condition.
2026-07-22 15:46:51,747 [WARN] IP:2250 - PWR_WKUP8 not found: check if there is a RefParameter without a condition.
2026-07-22 15:46:51,747 [WARN] IP:2250 - PWR_LPM not found: check if there is a RefParameter without a condition.
2026-07-22 15:46:51,747 [WARN] IP:2250 - PWR_VB not found: check if there is a RefParameter without a condition.
2026-07-22 15:46:51,747 [WARN] IP:2250 - PWR_IO not found: check if there is a RefParameter without a condition.
2026-07-22 15:46:51,747 [WARN] IP:2250 - PWR_SCM not found: check if there is a RefParameter without a condition.
2026-07-22 15:46:51,747 [WARN] IP:2250 - PWR_VUSB not found: check if there is a RefParameter without a condition.
2026-07-22 15:46:51,747 [WARN] IP:2250 - PinAttribute not found: check if there is a RefParameter without a condition.
2026-07-22 15:46:51,747 [WARN] IP:2250 - PinAttribute not found: check if there is a RefParameter without a condition.
2026-07-22 15:46:51,747 [WARN] IP:2250 - PinAttribute not found: check if there is a RefParameter without a condition.
2026-07-22 15:46:51,753 [WARN] IP:2250 - PinAttribute not found: check if there is a RefParameter without a condition.
2026-07-22 15:46:51,753 [WARN] IP:2250 - PinAttribute not found: check if there is a RefParameter without a condition.
2026-07-22 15:46:51,754 [WARN] IP:2250 - PinAttribute not found: check if there is a RefParameter without a condition.
2026-07-22 15:46:51,768 [WARN] IP:2250 - rccPrivilegeSecure not found: check if there is a RefParameter without a condition.
2026-07-22 15:46:51,768 [WARN] IP:2250 - rccSecurity not found: check if there is a RefParameter without a condition.
2026-07-22 15:46:51,801 [WARN] IP:2250 - PinAttribute not found: check if there is a RefParameter without a condition.
2026-07-22 15:46:51,801 [WARN] IP:2250 - PinAttribute not found: check if there is a RefParameter without a condition.
2026-07-22 15:46:51,801 [WARN] IP:2250 - PinAttribute not found: check if there is a RefParameter without a condition.
2026-07-22 15:46:51,808 [WARN] IP:2250 - PinAttribute not found: check if there is a RefParameter without a condition.
2026-07-22 15:46:51,809 [WARN] IP:2250 - PinAttribute not found: check if there is a RefParameter without a condition.
2026-07-22 15:46:51,809 [WARN] IP:2250 - PinAttribute not found: check if there is a RefParameter without a condition.
2026-07-22 15:46:51,809 [WARN] IP:2250 - PinAttribute not found: check if there is a RefParameter without a condition.
2026-07-22 15:46:51,809 [WARN] IP:2250 - PinAttribute not found: check if there is a RefParameter without a condition.
2026-07-22 15:46:51,810 [WARN] IP:2250 - PinAttribute not found: check if there is a RefParameter without a condition.
2026-07-22 15:46:51,810 [WARN] IP:2250 - PinAttribute not found: check if there is a RefParameter without a condition.
2026-07-22 15:46:51,810 [WARN] IP:2250 - PinAttribute not found: check if there is a RefParameter without a condition.
2026-07-22 15:46:51,810 [WARN] IP:2250 - PinAttribute not found: check if there is a RefParameter without a condition.
2026-07-22 15:46:51,810 [WARN] IP:2250 - PinAttribute not found: check if there is a RefParameter without a condition.
2026-07-22 15:46:51,810 [WARN] IP:2250 - PinAttribute not found: check if there is a RefParameter without a condition.
2026-07-22 15:46:51,810 [WARN] IP:2250 - PinAttribute not found: check if there is a RefParameter without a condition.
2026-07-22 15:46:51,817 [WARN] IP:2250 - PinAttribute not found: check if there is a RefParameter without a condition.
2026-07-22 15:46:51,817 [WARN] IP:2250 - PinAttribute not found: check if there is a RefParameter without a condition.
2026-07-22 15:46:51,817 [WARN] IP:2250 - PinAttribute not found: check if there is a RefParameter without a condition.
2026-07-22 15:46:51,817 [WARN] IP:2250 - PinAttribute not found: check if there is a RefParameter without a condition.
2026-07-22 15:46:51,817 [WARN] IP:2250 - PinAttribute not found: check if there is a RefParameter without a condition.
2026-07-22 15:46:51,817 [WARN] IP:2250 - PinAttribute not found: check if there is a RefParameter without a condition.
2026-07-22 15:46:51,817 [WARN] IP:2250 - PinAttribute not found: check if there is a RefParameter without a condition.
2026-07-22 15:46:51,817 [WARN] IP:2250 - PinAttribute not found: check if there is a RefParameter without a condition.
2026-07-22 15:46:51,817 [WARN] IP:2250 - PinAttribute not found: check if there is a RefParameter without a condition.
2026-07-22 15:46:51,818 [WARN] IP:2250 - rccPrivilegeSecure not found: check if there is a RefParameter without a condition.
2026-07-22 15:46:51,818 [WARN] IP:2250 - rccSecurity not found: check if there is a RefParameter without a condition.
2026-07-22 15:46:51,828 [WARN] IP:2250 - rccPrivilegeSecure not found: check if there is a RefParameter without a condition.
2026-07-22 15:46:51,828 [WARN] IP:2250 - rccSecurity not found: check if there is a RefParameter without a condition.
2026-07-22 15:46:51,841 [WARN] IP:2250 - PinAttribute not found: check if there is a RefParameter without a condition.
2026-07-22 15:46:51,842 [WARN] IP:2250 - PinAttribute not found: check if there is a RefParameter without a condition.
2026-07-22 15:46:51,842 [WARN] IP:2250 - PinAttribute not found: check if there is a RefParameter without a condition.
2026-07-22 15:46:51,847 [WARN] IP:2250 - PinAttribute not found: check if there is a RefParameter without a condition.
2026-07-22 15:46:51,847 [WARN] IP:2250 - PinAttribute not found: check if there is a RefParameter without a condition.
2026-07-22 15:46:51,847 [WARN] IP:2250 - PinAttribute not found: check if there is a RefParameter without a condition.
2026-07-22 15:46:51,852 [WARN] IP:2250 - PinAttribute not found: check if there is a RefParameter without a condition.
2026-07-22 15:46:51,853 [WARN] IP:2250 - PinAttribute not found: check if there is a RefParameter without a condition.
2026-07-22 15:46:51,853 [WARN] IP:2250 - PinAttribute not found: check if there is a RefParameter without a condition.
2026-07-22 15:46:51,857 [WARN] IP:2250 - PinAttribute not found: check if there is a RefParameter without a condition.
2026-07-22 15:46:51,858 [WARN] IP:2250 - PinAttribute not found: check if there is a RefParameter without a condition.
2026-07-22 15:46:51,858 [WARN] IP:2250 - PinAttribute not found: check if there is a RefParameter without a condition.
2026-07-22 15:46:51,858 [WARN] IP:2250 - PinAttribute not found: check if there is a RefParameter without a condition.
2026-07-22 15:46:51,859 [WARN] IP:2250 - PinAttribute not found: check if there is a RefParameter without a condition.
2026-07-22 15:46:51,862 [WARN] IP:2250 - PinAttribute not found: check if there is a RefParameter without a condition.
2026-07-22 15:46:51,862 [WARN] IP:2250 - PinAttribute not found: check if there is a RefParameter without a condition.
2026-07-22 15:46:51,863 [WARN] IP:2250 - PinAttribute not found: check if there is a RefParameter without a condition.
2026-07-22 15:46:51,864 [WARN] IP:2250 - PinAttribute not found: check if there is a RefParameter without a condition.
2026-07-22 15:46:51,864 [WARN] IP:2250 - PinAttribute not found: check if there is a RefParameter without a condition.
2026-07-22 15:46:51,868 [WARN] IP:2250 - PinAttribute not found: check if there is a RefParameter without a condition.
2026-07-22 15:46:51,868 [WARN] IP:2250 - PinAttribute not found: check if there is a RefParameter without a condition.
2026-07-22 15:46:51,868 [WARN] IP:2250 - PinAttribute not found: check if there is a RefParameter without a condition.
2026-07-22 15:46:51,869 [WARN] IP:2250 - PinAttribute not found: check if there is a RefParameter without a condition.
2026-07-22 15:46:51,869 [WARN] IP:2250 - PinAttribute not found: check if there is a RefParameter without a condition.
2026-07-22 15:46:51,874 [WARN] IP:2250 - PinAttribute not found: check if there is a RefParameter without a condition.
2026-07-22 15:46:51,875 [WARN] IP:2250 - PinAttribute not found: check if there is a RefParameter without a condition.
2026-07-22 15:46:51,875 [WARN] IP:2250 - PinAttribute not found: check if there is a RefParameter without a condition.
2026-07-22 15:46:51,875 [WARN] IP:2250 - PinAttribute not found: check if there is a RefParameter without a condition.
2026-07-22 15:46:51,876 [WARN] IP:2250 - PinAttribute not found: check if there is a RefParameter without a condition.
2026-07-22 15:46:51,881 [WARN] IP:2250 - PinAttribute not found: check if there is a RefParameter without a condition.
2026-07-22 15:46:51,881 [WARN] IP:2250 - PinAttribute not found: check if there is a RefParameter without a condition.
2026-07-22 15:46:51,882 [WARN] IP:2250 - PinAttribute not found: check if there is a RefParameter without a condition.
2026-07-22 15:46:51,887 [WARN] IP:2250 - PinAttribute not found: check if there is a RefParameter without a condition.
2026-07-22 15:46:51,893 [WARN] IP:2250 - PinAttribute not found: check if there is a RefParameter without a condition.
2026-07-22 15:46:51,893 [WARN] IP:2250 - PinAttribute not found: check if there is a RefParameter without a condition.
2026-07-22 15:46:51,897 [WARN] IP:2250 - PinAttribute not found: check if there is a RefParameter without a condition.
2026-07-22 15:46:51,897 [WARN] IP:2250 - PinAttribute not found: check if there is a RefParameter without a condition.
2026-07-22 15:46:51,898 [WARN] IP:2250 - PinAttribute not found: check if there is a RefParameter without a condition.
2026-07-22 15:46:51,898 [WARN] IP:2250 - PinAttribute not found: check if there is a RefParameter without a condition.
2026-07-22 15:46:51,898 [WARN] IP:2250 - PinAttribute not found: check if there is a RefParameter without a condition.
2026-07-22 15:46:51,903 [WARN] IP:2250 - PinAttribute not found: check if there is a RefParameter without a condition.
2026-07-22 15:46:51,903 [WARN] IP:2250 - PinAttribute not found: check if there is a RefParameter without a condition.
2026-07-22 15:46:51,904 [WARN] IP:2250 - PinAttribute not found: check if there is a RefParameter without a condition.
2026-07-22 15:46:51,904 [WARN] IP:2250 - PinAttribute not found: check if there is a RefParameter without a condition.
2026-07-22 15:46:51,905 [WARN] IP:2250 - PinAttribute not found: check if there is a RefParameter without a condition.
2026-07-22 15:46:51,908 [WARN] IP:2250 - PinAttribute not found: check if there is a RefParameter without a condition.
2026-07-22 15:46:51,908 [WARN] IP:2250 - PinAttribute not found: check if there is a RefParameter without a condition.
2026-07-22 15:46:51,909 [WARN] IP:2250 - PinAttribute not found: check if there is a RefParameter without a condition.
2026-07-22 15:46:51,909 [WARN] IP:2250 - PinAttribute not found: check if there is a RefParameter without a condition.
2026-07-22 15:46:51,909 [WARN] IP:2250 - PinAttribute not found: check if there is a RefParameter without a condition.
2026-07-22 15:46:51,913 [WARN] IP:2250 - PinAttribute not found: check if there is a RefParameter without a condition.
2026-07-22 15:46:51,914 [WARN] IP:2250 - PinAttribute not found: check if there is a RefParameter without a condition.
2026-07-22 15:46:51,924 [WARN] IP:2250 - PinAttribute not found: check if there is a RefParameter without a condition.
2026-07-22 15:46:51,925 [WARN] IP:2250 - PinAttribute not found: check if there is a RefParameter without a condition.
2026-07-22 15:46:51,926 [WARN] IP:2250 - PinAttribute not found: check if there is a RefParameter without a condition.
2026-07-22 15:46:51,930 [WARN] IP:2250 - PinAttribute not found: check if there is a RefParameter without a condition.
2026-07-22 15:46:51,931 [WARN] IP:2250 - PinAttribute not found: check if there is a RefParameter without a condition.
2026-07-22 15:46:51,932 [WARN] IP:2250 - PinAttribute not found: check if there is a RefParameter without a condition.
2026-07-22 15:46:51,947 [WARN] IP:2250 - PinAttribute not found: check if there is a RefParameter without a condition.
2026-07-22 15:46:51,947 [WARN] IP:2250 - PinAttribute not found: check if there is a RefParameter without a condition.
2026-07-22 15:46:51,947 [WARN] IP:2250 - PinAttribute not found: check if there is a RefParameter without a condition.
2026-07-22 15:46:51,956 [WARN] IP:2250 - PinAttribute not found: check if there is a RefParameter without a condition.
2026-07-22 15:46:51,956 [WARN] IP:2250 - PinAttribute not found: check if there is a RefParameter without a condition.
2026-07-22 15:46:51,957 [WARN] IP:2250 - PinAttribute not found: check if there is a RefParameter without a condition.
2026-07-22 15:46:51,971 [WARN] IP:2250 - PinAttribute not found: check if there is a RefParameter without a condition.
2026-07-22 15:46:51,971 [WARN] IP:2250 - PinAttribute not found: check if there is a RefParameter without a condition.
2026-07-22 15:46:51,972 [WARN] IP:2250 - PinAttribute not found: check if there is a RefParameter without a condition.
2026-07-22 15:46:51,977 [WARN] IP:2250 - PinAttribute not found: check if there is a RefParameter without a condition.
2026-07-22 15:46:51,978 [WARN] IP:2250 - PinAttribute not found: check if there is a RefParameter without a condition.
2026-07-22 15:46:51,978 [WARN] IP:2250 - PinAttribute not found: check if there is a RefParameter without a condition.
2026-07-22 15:46:51,984 [WARN] IP:2250 - PinAttribute not found: check if there is a RefParameter without a condition.
2026-07-22 15:46:51,985 [WARN] IP:2250 - PinAttribute not found: check if there is a RefParameter without a condition.
2026-07-22 15:46:51,985 [WARN] IP:2250 - PinAttribute not found: check if there is a RefParameter without a condition.
2026-07-22 15:46:51,988 [WARN] IP:2250 - PinAttribute not found: check if there is a RefParameter without a condition.
2026-07-22 15:46:51,989 [WARN] IP:2250 - PinAttribute not found: check if there is a RefParameter without a condition.
2026-07-22 15:46:51,989 [WARN] IP:2250 - PinAttribute not found: check if there is a RefParameter without a condition.
2026-07-22 15:46:51,989 [WARN] IP:2250 - PinAttribute not found: check if there is a RefParameter without a condition.
2026-07-22 15:46:51,989 [WARN] IP:2250 - PinAttribute not found: check if there is a RefParameter without a condition.
2026-07-22 15:46:51,995 [WARN] IP:2250 - PinAttribute not found: check if there is a RefParameter without a condition.
2026-07-22 15:46:51,995 [WARN] IP:2250 - PinAttribute not found: check if there is a RefParameter without a condition.
2026-07-22 15:46:52,003 [WARN] IP:2250 - PinAttribute not found: check if there is a RefParameter without a condition.
2026-07-22 15:46:52,004 [WARN] IP:2250 - PinAttribute not found: check if there is a RefParameter without a condition.
2026-07-22 15:46:52,004 [WARN] IP:2250 - PinAttribute not found: check if there is a RefParameter without a condition.
2026-07-22 15:46:52,010 [WARN] IP:2250 - PinAttribute not found: check if there is a RefParameter without a condition.
2026-07-22 15:46:52,010 [WARN] IP:2250 - PinAttribute not found: check if there is a RefParameter without a condition.
2026-07-22 15:46:52,010 [WARN] IP:2250 - PinAttribute not found: check if there is a RefParameter without a condition.
2026-07-22 15:46:52,011 [WARN] IP:2250 - PinAttribute not found: check if there is a RefParameter without a condition.
2026-07-22 15:46:52,012 [WARN] IP:2250 - PinAttribute not found: check if there is a RefParameter without a condition.
2026-07-22 15:46:52,017 [WARN] IP:2250 - PinAttribute not found: check if there is a RefParameter without a condition.
2026-07-22 15:46:52,017 [WARN] IP:2250 - PinAttribute not found: check if there is a RefParameter without a condition.
2026-07-22 15:46:52,020 [WARN] IP:2250 - DATAEXCHANGEDESRCBYTE_GPDMACH1 not found: check if there is a RefParameter without a condition.
2026-07-22 15:46:52,020 [WARN] IP:2250 - DATAEXCHANGEDESTHALFWORD_GPDMACH1 not found: check if there is a RefParameter without a condition.
2026-07-22 15:46:52,022 [WARN] IP:2250 - DATAEXCHANGEDESRCBYTE_GPDMACH0 not found: check if there is a RefParameter without a condition.
2026-07-22 15:46:52,022 [WARN] IP:2250 - DATAEXCHANGEDESTHALFWORD_GPDMACH0 not found: check if there is a RefParameter without a condition.
2026-07-22 15:46:52,031 [WARN] IP:2250 - DATAEXCHANGEDESRCBYTE_GPDMACH1 not found: check if there is a RefParameter without a condition.
2026-07-22 15:46:52,031 [WARN] IP:2250 - DATAEXCHANGEDESTHALFWORD_GPDMACH1 not found: check if there is a RefParameter without a condition.
2026-07-22 15:46:52,033 [WARN] IP:2250 - DATAEXCHANGEDESRCBYTE_GPDMACH0 not found: check if there is a RefParameter without a condition.
2026-07-22 15:46:52,033 [WARN] IP:2250 - DATAEXCHANGEDESTHALFWORD_GPDMACH0 not found: check if there is a RefParameter without a condition.
2026-07-22 15:46:52,040 [WARN] IP:2250 - PinAttribute not found: check if there is a RefParameter without a condition.
2026-07-22 15:46:52,040 [WARN] IP:2250 - PinAttribute not found: check if there is a RefParameter without a condition.
2026-07-22 15:46:52,040 [WARN] IP:2250 - PinAttribute not found: check if there is a RefParameter without a condition.
2026-07-22 15:46:52,046 [WARN] IP:2250 - DATAEXCHANGEDESRCBYTE_GPDMACH1 not found: check if there is a RefParameter without a condition.
2026-07-22 15:46:52,046 [WARN] IP:2250 - DATAEXCHANGEDESTHALFWORD_GPDMACH1 not found: check if there is a RefParameter without a condition.
2026-07-22 15:46:52,060 [WARN] IP:2250 - PinAttribute not found: check if there is a RefParameter without a condition.
2026-07-22 15:46:52,060 [WARN] IP:2250 - PinAttribute not found: check if there is a RefParameter without a condition.
2026-07-22 15:46:52,060 [WARN] IP:2250 - PinAttribute not found: check if there is a RefParameter without a condition.
2026-07-22 15:46:52,066 [WARN] IP:2250 - DATAEXCHANGEDESRCBYTE_GPDMACH5 not found: check if there is a RefParameter without a condition.
2026-07-22 15:46:52,066 [WARN] IP:2250 - DATAEXCHANGEDESTHALFWORD_GPDMACH5 not found: check if there is a RefParameter without a condition.
2026-07-22 15:46:52,069 [WARN] IP:2250 - DATAEXCHANGEDESRCBYTE_GPDMACH4 not found: check if there is a RefParameter without a condition.
2026-07-22 15:46:52,069 [WARN] IP:2250 - DATAEXCHANGEDESTHALFWORD_GPDMACH4 not found: check if there is a RefParameter without a condition.
2026-07-22 15:46:52,072 [WARN] IP:2250 - DATAEXCHANGEDESRCBYTE_GPDMACH2 not found: check if there is a RefParameter without a condition.
2026-07-22 15:46:52,072 [WARN] IP:2250 - DATAEXCHANGEDESTHALFWORD_GPDMACH2 not found: check if there is a RefParameter without a condition.
2026-07-22 15:46:52,075 [WARN] IP:2250 - DATAEXCHANGEDESRCBYTE_GPDMACH1 not found: check if there is a RefParameter without a condition.
2026-07-22 15:46:52,075 [WARN] IP:2250 - DATAEXCHANGEDESTHALFWORD_GPDMACH1 not found: check if there is a RefParameter without a condition.
2026-07-22 15:46:52,094 [WARN] IP:2250 - DATAEXCHANGEDESRCBYTE_GPDMACH5 not found: check if there is a RefParameter without a condition.
2026-07-22 15:46:52,094 [WARN] IP:2250 - DATAEXCHANGEDESTHALFWORD_GPDMACH5 not found: check if there is a RefParameter without a condition.
2026-07-22 15:46:52,098 [WARN] IP:2250 - DATAEXCHANGEDESRCBYTE_GPDMACH4 not found: check if there is a RefParameter without a condition.
2026-07-22 15:46:52,098 [WARN] IP:2250 - DATAEXCHANGEDESTHALFWORD_GPDMACH4 not found: check if there is a RefParameter without a condition.
2026-07-22 15:46:52,100 [WARN] IP:2250 - DATAEXCHANGEDESRCBYTE_GPDMACH2 not found: check if there is a RefParameter without a condition.
2026-07-22 15:46:52,100 [WARN] IP:2250 - DATAEXCHANGEDESTHALFWORD_GPDMACH2 not found: check if there is a RefParameter without a condition.
2026-07-22 15:46:52,104 [WARN] IP:2250 - DATAEXCHANGEDESRCBYTE_GPDMACH1 not found: check if there is a RefParameter without a condition.
2026-07-22 15:46:52,104 [WARN] IP:2250 - DATAEXCHANGEDESTHALFWORD_GPDMACH1 not found: check if there is a RefParameter without a condition.
2026-07-22 15:46:52,117 [WARN] IP:2250 - PinAttribute not found: check if there is a RefParameter without a condition.
2026-07-22 15:46:52,117 [WARN] IP:2250 - PinAttribute not found: check if there is a RefParameter without a condition.
2026-07-22 15:46:52,118 [WARN] IP:2250 - PinAttribute not found: check if there is a RefParameter without a condition.
2026-07-22 15:46:52,122 [WARN] IP:2250 - DATAEXCHANGEDESRCBYTE_GPDMACH5 not found: check if there is a RefParameter without a condition.
2026-07-22 15:46:52,122 [WARN] IP:2250 - DATAEXCHANGEDESTHALFWORD_GPDMACH5 not found: check if there is a RefParameter without a condition.
2026-07-22 15:46:52,125 [WARN] IP:2250 - DATAEXCHANGEDESRCBYTE_GPDMACH4 not found: check if there is a RefParameter without a condition.
2026-07-22 15:46:52,125 [WARN] IP:2250 - DATAEXCHANGEDESTHALFWORD_GPDMACH4 not found: check if there is a RefParameter without a condition.
2026-07-22 15:46:52,128 [WARN] IP:2250 - DATAEXCHANGEDESRCBYTE_GPDMACH2 not found: check if there is a RefParameter without a condition.
2026-07-22 15:46:52,128 [WARN] IP:2250 - DATAEXCHANGEDESTHALFWORD_GPDMACH2 not found: check if there is a RefParameter without a condition.
2026-07-22 15:46:52,138 [WARN] IP:2250 - PinAttribute not found: check if there is a RefParameter without a condition.
2026-07-22 15:46:52,138 [WARN] IP:2250 - PinAttribute not found: check if there is a RefParameter without a condition.
2026-07-22 15:46:52,138 [WARN] IP:2250 - PinAttribute not found: check if there is a RefParameter without a condition.
2026-07-22 15:46:52,138 [WARN] IP:2250 - PinAttribute not found: check if there is a RefParameter without a condition.
2026-07-22 15:46:52,138 [WARN] IP:2250 - PinAttribute not found: check if there is a RefParameter without a condition.
2026-07-22 15:46:52,138 [WARN] IP:2250 - PinAttribute not found: check if there is a RefParameter without a condition.
2026-07-22 15:46:52,138 [WARN] IP:2250 - PinAttribute not found: check if there is a RefParameter without a condition.
2026-07-22 15:46:52,139 [WARN] IP:2250 - PinAttribute not found: check if there is a RefParameter without a condition.
2026-07-22 15:46:52,139 [WARN] IP:2250 - PinAttribute not found: check if there is a RefParameter without a condition.
2026-07-22 15:46:52,139 [WARN] IP:2250 - PinAttribute not found: check if there is a RefParameter without a condition.
2026-07-22 15:46:52,139 [WARN] IP:2250 - PinAttribute not found: check if there is a RefParameter without a condition.
2026-07-22 15:46:52,139 [WARN] IP:2250 - PinAttribute not found: check if there is a RefParameter without a condition.
2026-07-22 15:46:52,139 [WARN] IP:2250 - PinAttribute not found: check if there is a RefParameter without a condition.
2026-07-22 15:46:52,139 [WARN] IP:2250 - PinAttribute not found: check if there is a RefParameter without a condition.
2026-07-22 15:46:52,139 [WARN] IP:2250 - PinAttribute not found: check if there is a RefParameter without a condition.
2026-07-22 15:46:52,139 [WARN] IP:2250 - PinAttribute not found: check if there is a RefParameter without a condition.
2026-07-22 15:46:52,139 [WARN] IP:2250 - PinAttribute not found: check if there is a RefParameter without a condition.
2026-07-22 15:46:52,139 [WARN] IP:2250 - PinAttribute not found: check if there is a RefParameter without a condition.
2026-07-22 15:46:52,140 [WARN] IP:2250 - PinAttribute not found: check if there is a RefParameter without a condition.
2026-07-22 15:46:52,140 [WARN] IP:2250 - PinAttribute not found: check if there is a RefParameter without a condition.
2026-07-22 15:46:52,140 [WARN] IP:2250 - PinAttribute not found: check if there is a RefParameter without a condition.
2026-07-22 15:46:52,140 [WARN] IP:2250 - PinAttribute not found: check if there is a RefParameter without a condition.
2026-07-22 15:46:52,140 [WARN] IP:2250 - PinAttribute not found: check if there is a RefParameter without a condition.
2026-07-22 15:46:52,140 [WARN] IP:2250 - PinAttribute not found: check if there is a RefParameter without a condition.
2026-07-22 15:46:52,140 [WARN] IP:2250 - PinAttribute not found: check if there is a RefParameter without a condition.
2026-07-22 15:46:52,140 [WARN] IP:2250 - PinAttribute not found: check if there is a RefParameter without a condition.
2026-07-22 15:46:52,140 [WARN] IP:2250 - PinAttribute not found: check if there is a RefParameter without a condition.
2026-07-22 15:46:52,140 [WARN] IP:2250 - PinAttribute not found: check if there is a RefParameter without a condition.
2026-07-22 15:46:52,140 [WARN] IP:2250 - PinAttribute not found: check if there is a RefParameter without a condition.
2026-07-22 15:46:52,141 [WARN] IP:2250 - PinAttribute not found: check if there is a RefParameter without a condition.
2026-07-22 15:46:52,141 [WARN] IP:2250 - PinAttribute not found: check if there is a RefParameter without a condition.
2026-07-22 15:46:52,141 [WARN] IP:2250 - PinAttribute not found: check if there is a RefParameter without a condition.
2026-07-22 15:46:52,141 [WARN] IP:2250 - PinAttribute not found: check if there is a RefParameter without a condition.
2026-07-22 15:46:52,141 [WARN] IP:2250 - PinAttribute not found: check if there is a RefParameter without a condition.
2026-07-22 15:46:52,141 [WARN] IP:2250 - PinAttribute not found: check if there is a RefParameter without a condition.
2026-07-22 15:46:52,141 [WARN] IP:2250 - PinAttribute not found: check if there is a RefParameter without a condition.
2026-07-22 15:46:52,141 [WARN] IP:2250 - PinAttribute not found: check if there is a RefParameter without a condition.
2026-07-22 15:46:52,141 [WARN] IP:2250 - PinAttribute not found: check if there is a RefParameter without a condition.
2026-07-22 15:46:52,142 [WARN] IP:2250 - PinAttribute not found: check if there is a RefParameter without a condition.
2026-07-22 15:46:52,145 [WARN] IP:2250 - PinAttribute not found: check if there is a RefParameter without a condition.
2026-07-22 15:46:52,145 [WARN] IP:2250 - PinAttribute not found: check if there is a RefParameter without a condition.
2026-07-22 15:46:52,145 [WARN] IP:2250 - PinAttribute not found: check if there is a RefParameter without a condition.
2026-07-22 15:46:52,148 [WARN] IP:2250 - PinAttribute not found: check if there is a RefParameter without a condition.
2026-07-22 15:46:52,148 [WARN] IP:2250 - PinAttribute not found: check if there is a RefParameter without a condition.
2026-07-22 15:46:52,148 [WARN] IP:2250 - PinAttribute not found: check if there is a RefParameter without a condition.
2026-07-22 15:46:52,148 [WARN] IP:2250 - PinAttribute not found: check if there is a RefParameter without a condition.
2026-07-22 15:46:52,148 [WARN] IP:2250 - PinAttribute not found: check if there is a RefParameter without a condition.
2026-07-22 15:46:52,151 [WARN] IP:2250 - PinAttribute not found: check if there is a RefParameter without a condition.
2026-07-22 15:46:52,151 [WARN] IP:2250 - PinAttribute not found: check if there is a RefParameter without a condition.
2026-07-22 15:46:52,151 [WARN] IP:2250 - PinAttribute not found: check if there is a RefParameter without a condition.
2026-07-22 15:46:52,151 [WARN] IP:2250 - PinAttribute not found: check if there is a RefParameter without a condition.
2026-07-22 15:46:52,152 [WARN] IP:2250 - PinAttribute not found: check if there is a RefParameter without a condition.
2026-07-22 15:47:02,931 [WARN] IP:2250 - PinAttribute not found: check if there is a RefParameter without a condition.
2026-07-22 18:59:00,153 [INFO] MainUpdater:2872 - connection check result : 10
2026-07-22 18:59:00,153 [INFO] MainUpdater:2872 - connection check result : 10
2026-07-22 18:59:00,179 [INFO] LogOutputStream:77 - [STDOUT_REDIRECT] Nominal 
2026-07-22 18:59:00,210 [INFO] I2cTimingTraitement:330 - 0x10802D9B
2026-07-22 18:59:00,225 [INFO] I2cTimingTraitement:330 - 0x00802172
2026-07-22 18:59:00,238 [INFO] MicroXplorer:468 - Change Database Path : 
2026-07-22 18:59:00,238 [INFO] MicroXplorer:498 - Change Database Version : DB.6.0.150
2026-07-22 18:59:00,294 [INFO] ProjectChoiceTab:3673 - Project Structure = Dual Non Secure / Secure
2026-07-22 18:59:00,296 [ERROR] ProjectManagerView:395 - 
java.lang.NullPointerException: Cannot invoke "javax.swing.JTextField.getText()" because the return value of "java.util.List.get(int)" is null
	at com.st.microxplorer.plugins.projectmanager.gui.ProjectChoiceTab$9.caretUpdate(ProjectChoiceTab.java:2706) ~[filemanager.jar:?]
	at javax.swing.text.JTextComponent.fireCaretUpdate(JTextComponent.java:408) ~[?:?]
	at javax.swing.text.JTextComponent$MutableCaretEvent.fire(JTextComponent.java:4484) ~[?:?]
	at javax.swing.text.JTextComponent$MutableCaretEvent.stateChanged(JTextComponent.java:4506) ~[?:?]
	at javax.swing.text.DefaultCaret.fireStateChanged(DefaultCaret.java:857) ~[?:?]
	at javax.swing.text.DefaultCaret.changeCaretPosition(DefaultCaret.java:1343) ~[?:?]
	at javax.swing.text.DefaultCaret.handleSetDot(DefaultCaret.java:1242) ~[?:?]
	at javax.swing.text.DefaultCaret.setDot(DefaultCaret.java:1223) ~[?:?]
	at javax.swing.text.DefaultCaret$Handler.insertUpdate(DefaultCaret.java:1819) ~[?:?]
	at javax.swing.text.AbstractDocument.fireInsertUpdate(AbstractDocument.java:227) ~[?:?]
	at javax.swing.text.AbstractDocument.handleInsertString(AbstractDocument.java:781) ~[?:?]
	at javax.swing.text.AbstractDocument.insertString(AbstractDocument.java:740) ~[?:?]
	at javax.swing.text.PlainDocument.insertString(PlainDocument.java:131) ~[?:?]
	at javax.swing.text.AbstractDocument.replace(AbstractDocument.java:699) ~[?:?]
	at javax.swing.text.JTextComponent.setText(JTextComponent.java:1725) ~[?:?]
	at com.st.microxplorer.plugins.projectmanager.gui.ProjectChoiceTab.createHeapStackFields(ProjectChoiceTab.java:993) ~[filemanager.jar:?]
	at com.st.microxplorer.plugins.projectmanager.gui.ProjectChoiceTab.buildLinkSettingsPanel(ProjectChoiceTab.java:3813) ~[filemanager.jar:?]
	at com.st.microxplorer.plugins.projectmanager.gui.ProjectChoiceTab.defineWindowsFields(ProjectChoiceTab.java:1987) ~[filemanager.jar:?]
	at com.st.microxplorer.plugins.projectmanager.gui.ProjectChoiceTab.updateSettings(ProjectChoiceTab.java:558) ~[filemanager.jar:?]
	at com.st.microxplorer.plugins.projectmanager.gui.ProjectSettingsPanel.UpdateDialog(ProjectSettingsPanel.java:247) ~[filemanager.jar:?]
	at com.st.microxplorer.plugins.projectmanager.ProjectManagerView.propertyChange(ProjectManagerView.java:392) ~[filemanager.jar:?]
	at java.beans.PropertyChangeSupport.fire(PropertyChangeSupport.java:343) ~[?:?]
	at java.beans.PropertyChangeSupport.firePropertyChange(PropertyChangeSupport.java:335) ~[?:?]
	at java.beans.PropertyChangeSupport.firePropertyChange(PropertyChangeSupport.java:268) ~[?:?]
	at com.st.microxplorer.util.MXPropertyChangeSupport.firePropertyChange(MXPropertyChangeSupport.java:54) ~[STM32CubeMX.jar:?]
	at com.st.microxplorer.mxsystem.MxSystem.closeConfig(MxSystem.java:899) ~[STM32CubeMX.jar:?]
	at com.st.microxplorer.maingui.MainPanel.closeConfig(MainPanel.java:792) ~[STM32CubeMX.jar:?]
	at com.st.microxplorer.plugins.filemanager.engine.OpenFileManager.loadConfigurationFile(OpenFileManager.java:288) ~[filemanager.jar:?]
	at com.st.microxplorer.plugins.filemanager.engine.MainFileManager.userLoadConfig(MainFileManager.java:364) ~[filemanager.jar:?]
	at com.st.microxplorer.plugins.filemanager.engine.MainFileManager.userLoadConfig(MainFileManager.java:342) ~[filemanager.jar:?]
	at com.st.microxplorer.plugins.filemanager.FileManagerView.getSpecificTask(FileManagerView.java:264) ~[filemanager.jar:?]
	at com.st.stm32cube.common.mx.editor.CubeMxEditor.getMxTabbedPaneInstance(CubeMxEditor.java:1198) ~[com.st.stm32cube.common.mx_6.15.0.202507011659/:?]
	at com.st.stm32cube.common.mx.editor.CubeMxEditor$12$1.createSwingComponent(CubeMxEditor.java:1068) ~[com.st.stm32cube.common.mx_6.15.0.202507011659/:?]
	at com.st.stm32cube.common.mx.oss.core.awtswtbridge.EmbeddedSwingComposite.doComponentCreation(EmbeddedSwingComposite.java:492) ~[com.st.stm32cube.common.mx.oss_6.15.0.202507011659/:?]
	at com.st.stm32cube.common.mx.oss.core.awtswtbridge.EmbeddedSwingComposite$4.run(EmbeddedSwingComposite.java:291) ~[com.st.stm32cube.common.mx.oss_6.15.0.202507011659/:?]
	at com.st.stm32cube.common.mx.oss.core.awtswtbridge.AwtEnvironment$2.run(AwtEnvironment.java:166) ~[com.st.stm32cube.common.mx.oss_6.15.0.202507011659/:?]
	at java.awt.event.InvocationEvent.dispatch(InvocationEvent.java:318) ~[?:?]
	at java.awt.EventQueue.dispatchEventImpl(EventQueue.java:773) ~[?:?]
	at java.awt.EventQueue$4.run(EventQueue.java:720) ~[?:?]
	at java.awt.EventQueue$4.run(EventQueue.java:714) ~[?:?]
	at java.security.AccessController.doPrivileged(AccessController.java:400) ~[?:?]
	at java.security.ProtectionDomain$JavaSecurityAccessImpl.doIntersectionPrivilege(ProtectionDomain.java:87) ~[?:?]
	at java.awt.EventQueue.dispatchEvent(EventQueue.java:742) ~[?:?]
	at java.awt.EventDispatchThread.pumpOneEventForFilters(EventDispatchThread.java:203) ~[?:?]
	at java.awt.EventDispatchThread.pumpEventsForFilter(EventDispatchThread.java:124) ~[?:?]
	at java.awt.EventDispatchThread.pumpEventsForHierarchy(EventDispatchThread.java:113) ~[?:?]
	at java.awt.EventDispatchThread.pumpEvents(EventDispatchThread.java:109) ~[?:?]
	at java.awt.EventDispatchThread.pumpEvents(EventDispatchThread.java:101) ~[?:?]
	at java.awt.EventDispatchThread.run(EventDispatchThread.java:90) ~[?:?]
2026-07-22 18:59:00,299 [WARN] ThirdParty:871 - waiting for thirdparty lock release [close project]
2026-07-22 18:59:00,299 [INFO] ThirdParty:873 - entering critical section [close project]
2026-07-22 18:59:00,299 [INFO] ThirdParty:883 - exiting critical section [close project]
2026-07-22 18:59:00,303 [INFO] PinOutPanel:1589 - setPackage(No Configuration,No Configuration)
2026-07-22 18:59:00,328 [INFO] UtilMem:75 - Begin LoadConfig() Used Memory: 958082168 Bytes (1073741824)
2026-07-22 18:59:00,329 [INFO] MicroXplorer:468 - Change Database Path : 
2026-07-22 18:59:00,329 [INFO] MicroXplorer:498 - Change Database Version : DB.6.0.150
2026-07-22 18:59:00,329 [INFO] OpenFileManager:355 - Change cursor
2026-07-22 18:59:00,348 [INFO] Mcu:2029 - Initializing MCU STM32G431K(6-8-B)Ux STM32G431KBUx STM32G431KBU3
2026-07-22 18:59:02,336 [INFO] Context:786 - Trying to add GPIOservice into a context  which must be forbidden
2026-07-22 18:59:02,924 [INFO] ImportTextPane:234 - (OptionalMessage_ERROR) Pin17 (VP_RIF_VS_RIF1) cannot be retrieved for this MCU
2026-07-22 18:59:02,961 [INFO] RtosManager:558 - Registered RTOS mode: class=CMSIS, group=RTOS, mode=CMSIS_V1, owner=FREERTOS
2026-07-22 18:59:02,961 [INFO] RtosManager:558 - Registered RTOS mode: class=CMSIS, group=RTOS2, mode=CMSIS_V2, owner=FREERTOS
2026-07-22 18:59:02,962 [INFO] RtosManager:558 - Registered RTOS mode: class=RTOS, group=Core, mode=CMSIS_V1, owner=FREERTOS
2026-07-22 18:59:02,962 [INFO] RtosManager:558 - Registered RTOS mode: class=RTOS, group=Core, mode=CMSIS_V2, owner=FREERTOS
2026-07-22 18:59:02,962 [WARN] ModelIntegratedComponent:184 - Missing modes for component STMicroelectronics:FreeRTOS:0.0.1:STMicroelectronics:RTOS:FreeRTOS:Core:::10.2.0:
2026-07-22 18:59:02,973 [WARN] ModelIntegratedComponent:63 - No mode defined for component null
2026-07-22 18:59:02,973 [WARN] ModelIntegratedComponent:63 - No mode defined for component null
2026-07-22 18:59:02,973 [WARN] ModelIntegratedComponent:63 - No mode defined for component null
2026-07-22 18:59:02,973 [WARN] ModelIntegratedComponent:63 - No mode defined for component null
2026-07-22 18:59:02,973 [WARN] ModelIntegratedComponent:63 - No mode defined for component null
2026-07-22 18:59:02,973 [WARN] ModelIntegratedComponent:63 - No mode defined for component null
2026-07-22 18:59:02,973 [WARN] ModelIntegratedComponent:63 - No mode defined for component null
2026-07-22 18:59:02,973 [WARN] ModelIntegratedComponent:63 - No mode defined for component null
2026-07-22 18:59:02,973 [WARN] ModelIntegratedComponent:63 - No mode defined for component null
2026-07-22 18:59:02,973 [WARN] ModelIntegratedComponent:63 - No mode defined for component null
2026-07-22 18:59:02,973 [WARN] ModelIntegratedComponent:63 - No mode defined for component null
2026-07-22 18:59:02,973 [WARN] ModelIntegratedComponent:63 - No mode defined for component null
2026-07-22 18:59:02,973 [WARN] ModelIntegratedComponent:63 - No mode defined for component null
2026-07-22 18:59:02,973 [WARN] ModelIntegratedComponent:63 - No mode defined for component null
2026-07-22 18:59:02,973 [WARN] ModelIntegratedComponent:63 - No mode defined for component null
2026-07-22 18:59:02,973 [WARN] ModelIntegratedComponent:63 - No mode defined for component null
2026-07-22 18:59:02,973 [WARN] ModelIntegratedComponent:63 - No mode defined for component null
2026-07-22 18:59:02,973 [WARN] ModelIntegratedComponent:63 - No mode defined for component null
2026-07-22 18:59:02,973 [WARN] ModelIntegratedComponent:63 - No mode defined for component null
2026-07-22 18:59:02,973 [WARN] ModelIntegratedComponent:63 - No mode defined for component null
2026-07-22 18:59:02,973 [WARN] ModelIntegratedComponent:63 - No mode defined for component null
2026-07-22 18:59:02,973 [WARN] ModelIntegratedComponent:63 - No mode defined for component null
2026-07-22 18:59:02,973 [WARN] ModelIntegratedComponent:63 - No mode defined for component null
2026-07-22 18:59:02,974 [WARN] ModelIntegratedComponent:63 - No mode defined for component null
2026-07-22 18:59:02,974 [WARN] ModelIntegratedComponent:63 - No mode defined for component null
2026-07-22 18:59:02,974 [WARN] ModelIntegratedComponent:63 - No mode defined for component null
2026-07-22 18:59:02,974 [WARN] ModelIntegratedComponent:63 - No mode defined for component null
2026-07-22 18:59:02,974 [WARN] ModelIntegratedComponent:63 - No mode defined for component null
2026-07-22 18:59:02,974 [WARN] ModelIntegratedComponent:63 - No mode defined for component null
2026-07-22 18:59:02,974 [WARN] ModelIntegratedComponent:63 - No mode defined for component null
2026-07-22 18:59:02,974 [WARN] ModelIntegratedComponent:63 - No mode defined for component null
2026-07-22 18:59:02,974 [WARN] ModelIntegratedComponent:63 - No mode defined for component null
2026-07-22 18:59:02,974 [WARN] ModelIntegratedComponent:63 - No mode defined for component null
2026-07-22 18:59:02,974 [WARN] ModelIntegratedComponent:63 - No mode defined for component null
2026-07-22 18:59:02,974 [WARN] ModelIntegratedComponent:63 - No mode defined for component null
2026-07-22 18:59:02,974 [WARN] ModelPack:524 - Component already loaded: STMicroelectronics:HAL Drivers:0.0.0:STMicroelectronics:Device:STMicro_Driver:XSPI:HAL::0.0.1:HAL_XSPI
2026-07-22 18:59:03,160 [INFO] ThirdPartyModel:298 - Start build external matchings
2026-07-22 18:59:03,718 [INFO] ThirdPartyModel:316 - End build external matchings
2026-07-22 18:59:03,740 [INFO] ImportTextPane:234 - (OptionalMessage_ERROR) IP (ADC1) : Parameter (CommonPathInternal) has invalid value (null|null|null|null)
2026-07-22 18:59:03,740 [INFO] ImportTextPane:234 - (OptionalMessage_ERROR) IP (ADC2) : Parameter (CommonPathInternal) has invalid value (null|null|null|null)
2026-07-22 18:59:03,740 [INFO] ImportTextPane:234 - (OptionalMessage_ERROR) IP (DMA) : Parameter (Instance) has Id (ADC1) currently not set
2026-07-22 18:59:03,740 [INFO] ImportTextPane:234 - (OptionalMessage_ERROR) IP (DMA) : Parameter (Request) has Id (ADC1) currently not set
2026-07-22 18:59:03,740 [INFO] ImportTextPane:234 - (OptionalMessage_ERROR) IP (DMA) : Parameter (Direction) has Id (ADC1) currently not set
2026-07-22 18:59:03,740 [INFO] ImportTextPane:234 - (OptionalMessage_ERROR) IP (DMA) : Parameter (PeriphInc) has Id (ADC1) currently not set
2026-07-22 18:59:03,740 [INFO] ImportTextPane:234 - (OptionalMessage_ERROR) IP (DMA) : Parameter (MemInc) has Id (ADC1) currently not set
2026-07-22 18:59:03,740 [INFO] ImportTextPane:234 - (OptionalMessage_ERROR) IP (DMA) : Parameter (PeriphDataAlignment) has Id (ADC1) currently not set
2026-07-22 18:59:03,741 [INFO] ImportTextPane:234 - (OptionalMessage_ERROR) IP (DMA) : Parameter (MemDataAlignment) has Id (ADC1) currently not set
2026-07-22 18:59:03,741 [INFO] ImportTextPane:234 - (OptionalMessage_ERROR) IP (DMA) : Parameter (Mode) has Id (ADC1) currently not set
2026-07-22 18:59:03,741 [INFO] ImportTextPane:234 - (OptionalMessage_ERROR) IP (DMA) : Parameter (Priority) has Id (ADC1) currently not set
2026-07-22 18:59:03,741 [INFO] ImportTextPane:234 - (OptionalMessage_ERROR) IP (DMA) : Parameter (SignalID) has Id (ADC1) currently not set
2026-07-22 18:59:03,741 [INFO] ImportTextPane:234 - (OptionalMessage_ERROR) IP (DMA) : Parameter (Polarity) has Id (ADC1) currently not set
2026-07-22 18:59:03,741 [INFO] ImportTextPane:234 - (OptionalMessage_ERROR) IP (DMA) : Parameter (RequestNumber) has Id (ADC1) currently not set
2026-07-22 18:59:03,741 [INFO] ImportTextPane:234 - (OptionalMessage_ERROR) IP (DMA) : Parameter (SyncSignalID) has Id (ADC1) currently not set
2026-07-22 18:59:03,741 [INFO] ImportTextPane:234 - (OptionalMessage_ERROR) IP (DMA) : Parameter (SyncPolarity) has Id (ADC1) currently not set
2026-07-22 18:59:03,741 [INFO] ImportTextPane:234 - (OptionalMessage_ERROR) IP (DMA) : Parameter (SyncEnable) has Id (ADC1) currently not set
2026-07-22 18:59:03,741 [INFO] ImportTextPane:234 - (OptionalMessage_ERROR) IP (DMA) : Parameter (EventEnable) has Id (ADC1) currently not set
2026-07-22 18:59:03,741 [INFO] ImportTextPane:234 - (OptionalMessage_ERROR) IP (DMA) : Parameter (SyncRequestNumber) has Id (ADC1) currently not set
2026-07-22 18:59:03,741 [INFO] ImportTextPane:234 - (OptionalMessage_ERROR) IP (DMA) : Parameter (Instance) has Id (ADC2) currently not set
2026-07-22 18:59:03,741 [INFO] ImportTextPane:234 - (OptionalMessage_ERROR) IP (DMA) : Parameter (Request) has Id (ADC2) currently not set
2026-07-22 18:59:03,741 [INFO] ImportTextPane:234 - (OptionalMessage_ERROR) IP (DMA) : Parameter (Direction) has Id (ADC2) currently not set
2026-07-22 18:59:03,741 [INFO] ImportTextPane:234 - (OptionalMessage_ERROR) IP (DMA) : Parameter (PeriphInc) has Id (ADC2) currently not set
2026-07-22 18:59:03,741 [INFO] ImportTextPane:234 - (OptionalMessage_ERROR) IP (DMA) : Parameter (MemInc) has Id (ADC2) currently not set
2026-07-22 18:59:03,741 [INFO] ImportTextPane:234 - (OptionalMessage_ERROR) IP (DMA) : Parameter (PeriphDataAlignment) has Id (ADC2) currently not set
2026-07-22 18:59:03,741 [INFO] ImportTextPane:234 - (OptionalMessage_ERROR) IP (DMA) : Parameter (MemDataAlignment) has Id (ADC2) currently not set
2026-07-22 18:59:03,741 [INFO] ImportTextPane:234 - (OptionalMessage_ERROR) IP (DMA) : Parameter (Mode) has Id (ADC2) currently not set
2026-07-22 18:59:03,741 [INFO] ImportTextPane:234 - (OptionalMessage_ERROR) IP (DMA) : Parameter (Priority) has Id (ADC2) currently not set
2026-07-22 18:59:03,741 [INFO] ImportTextPane:234 - (OptionalMessage_ERROR) IP (DMA) : Parameter (SignalID) has Id (ADC2) currently not set
2026-07-22 18:59:03,741 [INFO] ImportTextPane:234 - (OptionalMessage_ERROR) IP (DMA) : Parameter (Polarity) has Id (ADC2) currently not set
2026-07-22 18:59:03,741 [INFO] ImportTextPane:234 - (OptionalMessage_ERROR) IP (DMA) : Parameter (RequestNumber) has Id (ADC2) currently not set
2026-07-22 18:59:03,741 [INFO] ImportTextPane:234 - (OptionalMessage_ERROR) IP (DMA) : Parameter (SyncSignalID) has Id (ADC2) currently not set
2026-07-22 18:59:03,741 [INFO] ImportTextPane:234 - (OptionalMessage_ERROR) IP (DMA) : Parameter (SyncPolarity) has Id (ADC2) currently not set
2026-07-22 18:59:03,741 [INFO] ImportTextPane:234 - (OptionalMessage_ERROR) IP (DMA) : Parameter (SyncEnable) has Id (ADC2) currently not set
2026-07-22 18:59:03,742 [INFO] ImportTextPane:234 - (OptionalMessage_ERROR) IP (DMA) : Parameter (EventEnable) has Id (ADC2) currently not set
2026-07-22 18:59:03,742 [INFO] ImportTextPane:234 - (OptionalMessage_ERROR) IP (DMA) : Parameter (SyncRequestNumber) has Id (ADC2) currently not set
2026-07-22 18:59:03,742 [WARN] IP:2250 - MessageRAMOffset not found: check if there is a RefParameter without a condition.
2026-07-22 18:59:03,742 [WARN] IP:2250 - RxFifo0ElmtsNbr not found: check if there is a RefParameter without a condition.
2026-07-22 18:59:03,742 [WARN] IP:2250 - RxFifo0ElmtSize not found: check if there is a RefParameter without a condition.
2026-07-22 18:59:03,742 [WARN] IP:2250 - RxFifo1ElmtsNbr not found: check if there is a RefParameter without a condition.
2026-07-22 18:59:03,742 [WARN] IP:2250 - RxFifo1ElmtSize not found: check if there is a RefParameter without a condition.
2026-07-22 18:59:03,742 [WARN] IP:2250 - RxBuffersNbr not found: check if there is a RefParameter without a condition.
2026-07-22 18:59:03,742 [WARN] IP:2250 - RxBufferSize not found: check if there is a RefParameter without a condition.
2026-07-22 18:59:03,742 [WARN] IP:2250 - TxEventsNbr not found: check if there is a RefParameter without a condition.
2026-07-22 18:59:03,742 [WARN] IP:2250 - TxBuffersNbr not found: check if there is a RefParameter without a condition.
2026-07-22 18:59:03,742 [WARN] IP:2250 - TxFifoQueueElmtsNbr not found: check if there is a RefParameter without a condition.
2026-07-22 18:59:03,742 [WARN] IP:2250 - TxElmtSize not found: check if there is a RefParameter without a condition.
2026-07-22 18:59:03,742 [WARN] IP:2250 - ClockCalibrationCCU not found: check if there is a RefParameter without a condition.
2026-07-22 18:59:03,742 [WARN] IP:2250 - ClockDividerCCU not found: check if there is a RefParameter without a condition.
2026-07-22 18:59:03,742 [WARN] IP:2250 - MinOscClkPeriodsCCU not found: check if there is a RefParameter without a condition.
2026-07-22 18:59:03,742 [WARN] IP:2250 - TimeQuantaPerBitTimeCCU not found: check if there is a RefParameter without a condition.
2026-07-22 18:59:03,742 [WARN] IP:2250 - WatchdogStartValueCCU not found: check if there is a RefParameter without a condition.
2026-07-22 18:59:04,002 [INFO] UtilMem:75 - End LoadConfig() Used Memory: 928842888 Bytes (1073741824)
2026-07-22 18:59:04,044 [WARN] ThirdParty:833 - waiting for thirdparty lock release [change project]
2026-07-22 18:59:04,044 [INFO] ThirdParty:835 - entering critical section [change project]
2026-07-22 18:59:04,044 [INFO] ThirdParty:1030 - CMSIS Pack Vendor :STMicroelectronics X-CUBE-AZRTOS-H7 3.5.0
2026-07-22 18:59:04,044 [INFO] ThirdParty:1030 - CMSIS Pack Vendor :STMicroelectronics X-CUBE-PM33A1 1.0.0
2026-07-22 18:59:04,044 [INFO] ThirdParty:1030 - CMSIS Pack Vendor :STMicroelectronics USBPD 4.1
2026-07-22 18:59:04,044 [INFO] ThirdParty:1030 - CMSIS Pack Vendor :STMicroelectronics USB_HOST 2.0.0
2026-07-22 18:59:04,044 [INFO] ThirdParty:1030 - CMSIS Pack Vendor :STMicroelectronics FP-SNS-MOTENVWB1 1.4.0
2026-07-22 18:59:04,044 [INFO] ThirdParty:1030 - CMSIS Pack Vendor :STMicroelectronics FP-ATR-ASTRA1 2.0.3
2026-07-22 18:59:04,044 [INFO] ThirdParty:1030 - CMSIS Pack Vendor :STMicroelectronics X-CUBE-AZRTOS-F4 1.1.0
2026-07-22 18:59:04,044 [INFO] ThirdParty:1030 - CMSIS Pack Vendor :STMicroelectronics LIBJPEG 8.0.0
2026-07-22 18:59:04,044 [INFO] ThirdParty:1030 - CMSIS Pack Vendor :STMicroelectronics FP-ATR-ASTRA1 2.0.2
2026-07-22 18:59:04,044 [INFO] ThirdParty:1030 - CMSIS Pack Vendor :STMicroelectronics FP-ATR-ASTRA1 2.0.1
2026-07-22 18:59:04,044 [INFO] ThirdParty:1030 - CMSIS Pack Vendor :Avnet-IotConnect X-CUBE-IoTC-DA16k-PMOD 1.0.0
2026-07-22 18:59:04,044 [INFO] ThirdParty:1030 - CMSIS Pack Vendor :STMicroelectronics X-CUBE-SMBUS 2.1.0
2026-07-22 18:59:04,044 [INFO] ThirdParty:1030 - CMSIS Pack Vendor :STMicroelectronics X-CUBE-WB05N 1.1.0
2026-07-22 18:59:04,044 [INFO] ThirdParty:1030 - CMSIS Pack Vendor :STMicroelectronics X-CUBE-IPS 3.2.0
2026-07-22 18:59:04,044 [INFO] ThirdParty:1030 - CMSIS Pack Vendor :STMicroelectronics eDS-WB_DPC_TT-BIDIR 2.1.1
2026-07-22 18:59:04,044 [INFO] ThirdParty:1030 - CMSIS Pack Vendor :STMicroelectronics X-CUBE-ST60 1.0.0
2026-07-22 18:59:04,044 [INFO] ThirdParty:1030 - CMSIS Pack Vendor :STMicroelectronics X-CUBE-NFC12 1.0.0
2026-07-22 18:59:04,044 [INFO] ThirdParty:1030 - CMSIS Pack Vendor :STMicroelectronics X-CUBE-AZRTOS-F7 1.1.0
2026-07-22 18:59:04,045 [INFO] ThirdParty:1030 - CMSIS Pack Vendor :STMicroelectronics X-CUBE-AZRTOS-L5 2.0.0
2026-07-22 18:59:04,045 [INFO] ThirdParty:1030 - CMSIS Pack Vendor :STMicroelectronics USB_DEVICE 2.0.0
2026-07-22 18:59:04,045 [INFO] ThirdParty:1030 - CMSIS Pack Vendor :STMicroelectronics X-CUBE-FREERTOS 1.6.0
2026-07-22 18:59:04,045 [INFO] ThirdParty:1030 - CMSIS Pack Vendor :STMicroelectronics X-CUBE-NFC6 3.1.0
2026-07-22 18:59:04,045 [INFO] ThirdParty:1030 - CMSIS Pack Vendor :STMicroelectronics X-CUBE-ALGOBUILD 1.5.0
2026-07-22 18:59:04,045 [INFO] ThirdParty:1030 - CMSIS Pack Vendor :STMicroelectronics FP-SNS-MOTENV1 5.1.0
2026-07-22 18:59:04,045 [INFO] ThirdParty:1030 - CMSIS Pack Vendor :STMicroelectronics FreeRTOS 0.0.1
2026-07-22 18:59:04,045 [INFO] ThirdParty:1030 - CMSIS Pack Vendor :STMicroelectronics X-CUBE-AZRTOS-H7RS 1.3.0
2026-07-22 18:59:04,045 [INFO] ThirdParty:1030 - CMSIS Pack Vendor :STMicroelectronics X-CUBE-DPower 1.2.0
2026-07-22 18:59:04,045 [INFO] ThirdParty:1030 - CMSIS Pack Vendor :STMicroelectronics eDS-WB_DPC_VIENNA 1.2.0
2026-07-22 18:59:04,045 [INFO] ThirdParty:1030 - CMSIS Pack Vendor :STMicroelectronics FP-SNS-FLIGHT1 5.0.2
2026-07-22 18:59:04,045 [INFO] ThirdParty:1030 - CMSIS Pack Vendor :STMicroelectronics eDS-WB_DPC_3PH2L-BIDIR 1.1.1
2026-07-22 18:59:04,045 [INFO] ThirdParty:1030 - CMSIS Pack Vendor :Infineon AIROC-Wi-Fi-Bluetooth-STM32 1.7.0
2026-07-22 18:59:04,045 [INFO] ThirdParty:1030 - CMSIS Pack Vendor :STMicroelectronics PDM2PCM 3.3.0
2026-07-22 18:59:04,045 [INFO] ThirdParty:1030 - CMSIS Pack Vendor :STMicroelectronics X-CUBE-AZRTOS-H7 3.4.0
2026-07-22 18:59:04,045 [INFO] ThirdParty:1030 - CMSIS Pack Vendor :STMicroelectronics X-CUBE-DISPLAY 3.0.0
2026-07-22 18:59:04,045 [INFO] ThirdParty:1030 - CMSIS Pack Vendor :STMicroelectronics X-CUBE-GNSS1 7.1.1
2026-07-22 18:59:04,045 [INFO] ThirdParty:1030 - CMSIS Pack Vendor :STMicroelectronics FP-SNS-MOTENVWB1 1.5.0
2026-07-22 18:59:04,045 [INFO] ThirdParty:1030 - CMSIS Pack Vendor :STMicroelectronics X-CUBE-BLE1 7.0.0
2026-07-22 18:59:04,045 [INFO] ThirdParty:1030 - CMSIS Pack Vendor :STMicroelectronics X-CUBE-NFC10 1.0.0
2026-07-22 18:59:04,045 [INFO] ThirdParty:1030 - CMSIS Pack Vendor :STMicroelectronics X-CUBE-BLEMGR 4.0.0
2026-07-22 18:59:04,045 [INFO] ThirdParty:1030 - CMSIS Pack Vendor :STMicroelectronics X-CUBE-FREERTOS 1.3.1
2026-07-22 18:59:04,045 [INFO] ThirdParty:1030 - CMSIS Pack Vendor :STMicroelectronics HAL Drivers 0.0.0
2026-07-22 18:59:04,045 [INFO] ThirdParty:1030 - CMSIS Pack Vendor :STMicroelectronics X-CUBE-ST60 1.1.0
2026-07-22 18:59:04,045 [INFO] ThirdParty:1030 - CMSIS Pack Vendor :emotas I-CUBE-CANOPEN 1.3.0
2026-07-22 18:59:04,045 [INFO] ThirdParty:1030 - CMSIS Pack Vendor :STMicroelectronics X-CUBE-FREERTOS 1.3.0
2026-07-22 18:59:04,045 [INFO] ThirdParty:1030 - CMSIS Pack Vendor :STMicroelectronics X-CUBE-NFC7 1.0.1
2026-07-22 18:59:04,045 [INFO] ThirdParty:1030 - CMSIS Pack Vendor :STMicroelectronics MBEDTLS 2.14.1
2026-07-22 18:59:04,045 [INFO] ThirdParty:1030 - CMSIS Pack Vendor :STMicroelectronics X-CUBE-GNSS1 7.1.0
2026-07-22 18:59:04,045 [INFO] ThirdParty:1030 - CMSIS Pack Vendor :STMicroelectronics X-CUBE-TOUCHGFX 4.26.0
2026-07-22 18:59:04,045 [INFO] ThirdParty:1030 - CMSIS Pack Vendor :STMicroelectronics X-CUBE-TOUCHGFX 4.26.1
2026-07-22 18:59:04,045 [INFO] ThirdParty:1030 - CMSIS Pack Vendor :STMicroelectronics X-CUBE-AI 10.0.0
2026-07-22 18:59:04,045 [INFO] ThirdParty:1030 - CMSIS Pack Vendor :STMicroelectronics FP-SNS-STBOX1 2.1.0
2026-07-22 18:59:04,045 [INFO] ThirdParty:1030 - CMSIS Pack Vendor :STMicroelectronics FP-SNS-STAIOTCFT 1.0.0
2026-07-22 18:59:04,045 [INFO] ThirdParty:1030 - CMSIS Pack Vendor :STMicroelectronics FP-SNS-SMARTAG2 1.2.0
2026-07-22 18:59:04,045 [INFO] ThirdParty:1030 - CMSIS Pack Vendor :STMicroelectronics FP-SNS-FLIGHT1 5.1.0
2026-07-22 18:59:04,045 [INFO] ThirdParty:1030 - CMSIS Pack Vendor :STMicroelectronics X-CUBE-MEMS1 11.1.0
2026-07-22 18:59:04,045 [INFO] ThirdParty:1030 - CMSIS Pack Vendor :STMicroelectronics X-CUBE-AZRTOS-WL 2.0.0
2026-07-22 18:59:04,045 [INFO] ThirdParty:1030 - CMSIS Pack Vendor :STMicroelectronics X-CUBE-DPower 1.3.0
2026-07-22 18:59:04,045 [INFO] ThirdParty:1030 - CMSIS Pack Vendor :STMicroelectronics FP-SNS-MOTENV1 5.0.0
2026-07-22 18:59:04,045 [INFO] ThirdParty:1030 - CMSIS Pack Vendor :STMicroelectronics USB_DEVICE 1.0.0
2026-07-22 18:59:04,045 [INFO] ThirdParty:1030 - CMSIS Pack Vendor :STMicroelectronics X-CUBE-AZRTOS-H7RS 1.2.0
2026-07-22 18:59:04,045 [INFO] ThirdParty:1030 - CMSIS Pack Vendor :STMicroelectronics X-CUBE-AZRTOS-L4 2.0.0
2026-07-22 18:59:04,045 [INFO] ThirdParty:1030 - CMSIS Pack Vendor :STMicroelectronics ThreadX 0.0.2
2026-07-22 18:59:04,045 [INFO] ThirdParty:1030 - CMSIS Pack Vendor :WES I-CUBE-Cesium 1.3.0
2026-07-22 18:59:04,045 [INFO] ThirdParty:1030 - CMSIS Pack Vendor :STMicroelectronics lwIP 2.1.2
2026-07-22 18:59:04,045 [INFO] ThirdParty:1030 - CMSIS Pack Vendor :STMicroelectronics X-CUBE-SFXS2LP1 4.0.0
2026-07-22 18:59:04,045 [INFO] ThirdParty:1030 - CMSIS Pack Vendor :STMicroelectronics X-CUBE-BLE2 3.3.0
2026-07-22 18:59:04,045 [INFO] ThirdParty:1030 - CMSIS Pack Vendor :Avnet-IOTCONNECT X-CUBE-iotc-st67-sdk 1.0.0
2026-07-22 18:59:04,045 [INFO] ThirdParty:1030 - CMSIS Pack Vendor :STMicroelectronics PDM2PCM 3.2.0
2026-07-22 18:59:04,045 [INFO] ThirdParty:1030 - CMSIS Pack Vendor :STMicroelectronics X-CUBE-WB05N 2.1.0
2026-07-22 18:59:04,045 [INFO] ThirdParty:1030 - CMSIS Pack Vendor :STMicroelectronics X-CUBE-ST67W61 1.2.0
2026-07-22 18:59:04,045 [INFO] ThirdParty:1030 - CMSIS Pack Vendor :STMicroelectronics X-CUBE-AZRTOS-H7 3.3.0
2026-07-22 18:59:04,045 [INFO] ThirdParty:1030 - CMSIS Pack Vendor :STMicroelectronics X-CUBE-NFC9 1.0.0
2026-07-22 18:59:04,045 [INFO] ThirdParty:1030 - CMSIS Pack Vendor :STMicroelectronics X-CUBE-BLE1 7.1.0
2026-07-22 18:59:04,045 [INFO] ThirdParty:1030 - CMSIS Pack Vendor :wolfSSL I-CUBE-wolfMQTT 1.19.2
2026-07-22 18:59:04,045 [INFO] ThirdParty:1030 - CMSIS Pack Vendor :STMicroelectronics USB_DEVICE 3.0.0
2026-07-22 18:59:04,045 [INFO] ThirdParty:1030 - CMSIS Pack Vendor :STMicroelectronics X-CUBE-FREERTOS 1.4.0
2026-07-22 18:59:04,045 [INFO] ThirdParty:1030 - CMSIS Pack Vendor :STMicroelectronics X-CUBE-EEPRMA1 5.2.0
2026-07-22 18:59:04,045 [INFO] ThirdParty:1030 - CMSIS Pack Vendor :STMicroelectronics X-CUBE-BLEMGR 4.1.0
2026-07-22 18:59:04,045 [INFO] ThirdParty:1030 - CMSIS Pack Vendor :STMicroelectronics X-CUBE-AZRTOS-WB 2.0.0
2026-07-22 18:59:04,045 [INFO] ThirdParty:1030 - CMSIS Pack Vendor :STMicroelectronics X-CUBE-GNSS1 7.0.1
2026-07-22 18:59:04,045 [INFO] ThirdParty:1030 - CMSIS Pack Vendor :STMicroelectronics X-CUBE-TOUCHGFX 4.25.0
2026-07-22 18:59:04,045 [INFO] ThirdParty:1030 - CMSIS Pack Vendor :STMicroelectronics X-CUBE-ST67W61 1.1.0
2026-07-22 18:59:04,045 [INFO] ThirdParty:1030 - CMSIS Pack Vendor :STMicroelectronics X-CUBE-AI 10.1.0
2026-07-22 18:59:04,045 [INFO] ThirdParty:1030 - CMSIS Pack Vendor :STMicroelectronics FP-SNS-STBOX1 2.0.0
2026-07-22 18:59:04,045 [INFO] ThirdParty:1030 - CMSIS Pack Vendor :STMicroelectronics FP-SNS-STAIOTCFT 1.1.0
2026-07-22 18:59:04,045 [INFO] ThirdParty:1030 - CMSIS Pack Vendor :STMicroelectronics X-CUBE-MEMS1 12.0.0
2026-07-22 18:59:04,045 [INFO] ThirdParty:1030 - CMSIS Pack Vendor :STMicroelectronics X-CUBE-STSE01 2.0.0
2026-07-22 18:59:04,045 [INFO] ThirdParty:1030 - CMSIS Pack Vendor :STMicroelectronics X-CUBE-AZRTOS-G0 1.1.0
2026-07-22 18:59:04,045 [INFO] ThirdParty:1030 - CMSIS Pack Vendor :STMicroelectronics X-CUBE-SAFEA1 1.2.2
2026-07-22 18:59:04,045 [INFO] ThirdParty:1030 - CMSIS Pack Vendor :STMicroelectronics X-CUBE-NFC4 3.0.0
2026-07-22 18:59:04,045 [INFO] ThirdParty:1030 - CMSIS Pack Vendor :STMicroelectronics X-CUBE-SUBG2 5.0.0
2026-07-22 18:59:04,045 [INFO] ThirdParty:1030 - CMSIS Pack Vendor :STMicroelectronics X-CUBE-AZRTOS-H7RS 1.1.0
2026-07-22 18:59:04,045 [INFO] ThirdParty:1030 - CMSIS Pack Vendor :STMicroelectronics STM32_WPAN 1.0.0
2026-07-22 18:59:04,045 [INFO] ThirdParty:1030 - CMSIS Pack Vendor :EmbeddedOffice I-CUBE-FS-RTOS 1.0.1
2026-07-22 18:59:04,045 [INFO] ThirdParty:1030 - CMSIS Pack Vendor :STMicroelectronics lwIP 2.0.3
2026-07-22 18:59:04,045 [INFO] ThirdParty:1030 - CMSIS Pack Vendor :Cesanta I-CUBE-Mongoose 7.13.0
2026-07-22 18:59:04,045 [INFO] ThirdParty:1030 - CMSIS Pack Vendor :STMicroelectronics USB_HOST 1.0.0
2026-07-22 18:59:04,045 [INFO] ThirdParty:1030 - CMSIS Pack Vendor :STMicroelectronics X-CUBE-AZRTOS-G4 2.0.0
2026-07-22 18:59:04,045 [INFO] ThirdParty:1030 - CMSIS Pack Vendor :STMicroelectronics X-CUBE-WB05N 2.0.0
2026-07-22 18:59:04,045 [INFO] ThirdParty:1030 - CMSIS Pack Vendor :STMicroelectronics PDM2PCM 3.1.0
2026-07-22 18:59:04,045 [INFO] ThirdParty:1030 - CMSIS Pack Vendor :wolfSSL I-CUBE-wolfTPM 3.8.0
2026-07-22 18:59:04,045 [INFO] ThirdParty:1030 - CMSIS Pack Vendor :wolfSSL I-CUBE-wolfSSH 1.4.20
2026-07-22 18:59:04,045 [INFO] ThirdParty:1030 - CMSIS Pack Vendor :STMicroelectronics X-CUBE-NFC7 2.0.0
2026-07-22 18:59:04,046 [INFO] ThirdParty:1030 - CMSIS Pack Vendor :STMicroelectronics X-CUBE-TCPP 4.2.0
2026-07-22 18:59:04,046 [INFO] ThirdParty:1030 - CMSIS Pack Vendor :RealThread X-CUBE-RT-Thread_Nano 4.1.1
2026-07-22 18:59:04,046 [INFO] ThirdParty:1030 - CMSIS Pack Vendor :STMicroelectronics FP-ATR-SIGFOX1 3.2.0
2026-07-22 18:59:04,046 [INFO] ThirdParty:1030 - CMSIS Pack Vendor :quantropi X-CUBE-qispace-sdk-base 1.9.3
2026-07-22 18:59:04,046 [INFO] ThirdParty:1030 - CMSIS Pack Vendor :STMicroelectronics X-CUBE-EEPRMA1 5.1.0
2026-07-22 18:59:04,046 [INFO] ThirdParty:1030 - CMSIS Pack Vendor :STMicroelectronics X-CUBE-FREERTOS 1.5.0
2026-07-22 18:59:04,046 [INFO] ThirdParty:1030 - CMSIS Pack Vendor :STMicroelectronics MBEDTLS 2.16.2
2026-07-22 18:59:04,046 [INFO] ThirdParty:1030 - CMSIS Pack Vendor :STMicroelectronics X-CUBE-IPS 3.1.0
2026-07-22 18:59:04,046 [INFO] ThirdParty:1030 - CMSIS Pack Vendor :STMicroelectronics X-CUBE-ALS 1.0.2
2026-07-22 18:59:04,046 [INFO] ThirdParty:1030 - CMSIS Pack Vendor :wolfSSL I-CUBE-wolfSSL 5.7.6
2026-07-22 18:59:04,046 [INFO] ThirdParty:1030 - CMSIS Pack Vendor :ITTIA_DB I-CUBE-ITTIADB 8.9.0
2026-07-22 18:59:04,046 [INFO] ThirdParty:1030 - CMSIS Pack Vendor :STMicroelectronics X-CUBE-TOUCHGFX 4.24.2
2026-07-22 18:59:04,046 [INFO] ThirdParty:1030 - CMSIS Pack Vendor :STMicroelectronics X-CUBE-STSE01 1.0.0
2026-07-22 18:59:04,046 [INFO] ThirdParty:1030 - CMSIS Pack Vendor :portGmbH I-Cube-SoM-uGOAL 1.1.0
2026-07-22 18:59:04,046 [INFO] ThirdParty:1030 - CMSIS Pack Vendor :STMicroelectronics X-CUBE-NFC6 3.2.0
2026-07-22 18:59:04,046 [INFO] ThirdParty:1030 - CMSIS Pack Vendor :STMicroelectronics X-CUBE-ST67W61 1.0.0
2026-07-22 18:59:04,046 [INFO] ThirdParty:1030 - CMSIS Pack Vendor :STMicroelectronics X-CUBE-AI 10.2.1
2026-07-22 18:59:04,046 [INFO] ThirdParty:1030 - CMSIS Pack Vendor :STMicroelectronics X-CUBE-AI 10.2.0
2026-07-22 18:59:04,046 [INFO] ThirdParty:1030 - CMSIS Pack Vendor :STMicroelectronics ThreadX 1.0.0
2026-07-22 18:59:04,046 [INFO] ThirdParty:1030 - CMSIS Pack Vendor :STMicroelectronics X-CUBE-MEMS1 12.1.0
2026-07-22 18:59:04,046 [INFO] ThirdParty:1030 - CMSIS Pack Vendor :SEGGER I-CUBE-embOS 1.3.1
2026-07-22 18:59:04,046 [INFO] ThirdParty:1030 - CMSIS Pack Vendor :STMicroelectronics X-CUBE-ALGOBUILD 1.4.0
2026-07-22 18:59:04,046 [INFO] ThirdParty:1030 - CMSIS Pack Vendor :STMicroelectronics X-CUBE-MEMS1 11.3.0
2026-07-22 18:59:04,046 [INFO] ThirdParty:1030 - CMSIS Pack Vendor :STMicroelectronics X-CUBE-AZRTOS-H7RS 1.0.0
2026-07-22 18:59:04,046 [INFO] ThirdParty:1030 - CMSIS Pack Vendor :STMicroelectronics X-CUBE-TOF1 3.4.2
2026-07-22 18:59:04,046 [INFO] ThirdParty:1030 - CMSIS Pack Vendor :STMicroelectronics X-CUBE-TOF1 3.4.3
2026-07-22 18:59:04,046 [INFO] ThirdParty:1030 - CMSIS Pack Vendor :STMicroelectronics X-CUBE-AI 9.1.0
2026-07-22 18:59:04,046 [INFO] ThirdParty:1030 - CMSIS Pack Vendor :STMicroelectronics X-CUBE-NFC13 1.0.0
2026-07-22 18:59:04,046 [INFO] ThirdParty:841 - exiting critical section [change project]
2026-07-22 18:59:04,291 [INFO] PinOutPanel:1589 - setPackage(No Configuration,No Configuration)
2026-07-22 18:59:04,292 [INFO] PinOutPanel:1589 - setPackage(STM32G431KBUx,UFQFPN32)
2026-07-22 18:59:04,440 [INFO] UtilMem:75 - Before build in PCC Used Memory: 918398984 Bytes (1073741824)
2026-07-22 18:59:04,687 [INFO] UtilMem:75 - After build in PCC Used Memory: 1012770824 Bytes (1073741824)
2026-07-22 18:59:04,712 [INFO] IPUIPlugin:80 - create IPUIPlugin
2026-07-22 18:59:04,712 [INFO] IPUIPlugin:80 - create IPUIPlugin
2026-07-22 18:59:04,712 [INFO] IPUIPlugin:80 - create IPUIPlugin
2026-07-22 18:59:04,712 [INFO] IPUIPlugin:80 - create IPUIPlugin
2026-07-22 18:59:04,712 [INFO] IPUIPlugin:80 - create IPUIPlugin
2026-07-22 18:59:04,712 [INFO] IPUIPlugin:80 - create IPUIPlugin
2026-07-22 18:59:04,712 [INFO] IPUIPlugin:80 - create IPUIPlugin
2026-07-22 18:59:04,712 [INFO] IPUIPlugin:80 - create IPUIPlugin
2026-07-22 18:59:04,712 [INFO] IPUIPlugin:80 - create IPUIPlugin
2026-07-22 18:59:04,712 [INFO] IPUIPlugin:80 - create IPUIPlugin
2026-07-22 18:59:04,712 [INFO] IPUIPlugin:80 - create IPUIPlugin
2026-07-22 18:59:04,713 [INFO] IPUIPlugin:80 - create IPUIPlugin
2026-07-22 18:59:04,713 [INFO] IPUIPlugin:80 - create IPUIPlugin
2026-07-22 18:59:04,713 [INFO] IPUIPlugin:80 - create IPUIPlugin
2026-07-22 18:59:04,713 [INFO] IPUIPlugin:80 - create IPUIPlugin
2026-07-22 18:59:04,713 [INFO] IPUIPlugin:80 - create IPUIPlugin
2026-07-22 18:59:04,713 [INFO] IPUIPlugin:80 - create IPUIPlugin
2026-07-22 18:59:04,713 [INFO] IPUIPlugin:80 - create IPUIPlugin
2026-07-22 18:59:04,713 [INFO] IPUIPlugin:80 - create IPUIPlugin
2026-07-22 18:59:04,713 [INFO] IPUIPlugin:80 - create IPUIPlugin
2026-07-22 18:59:04,713 [INFO] IPUIPlugin:80 - create IPUIPlugin
2026-07-22 18:59:04,713 [INFO] IPUIPlugin:80 - create IPUIPlugin
2026-07-22 18:59:04,713 [INFO] IPUIPlugin:80 - create IPUIPlugin
2026-07-22 18:59:04,713 [INFO] IPUIPlugin:80 - create IPUIPlugin
2026-07-22 18:59:04,713 [INFO] IPUIPlugin:80 - create IPUIPlugin
2026-07-22 18:59:04,713 [INFO] IPUIPlugin:80 - create IPUIPlugin
2026-07-22 18:59:04,713 [INFO] IPUIPlugin:80 - create IPUIPlugin
2026-07-22 18:59:04,713 [INFO] IPUIPlugin:80 - create IPUIPlugin
2026-07-22 18:59:04,713 [INFO] IPUIPlugin:80 - create IPUIPlugin
2026-07-22 18:59:04,713 [INFO] IPUIPlugin:80 - create IPUIPlugin
2026-07-22 18:59:04,714 [INFO] IPUIPlugin:80 - create IPUIPlugin
2026-07-22 18:59:04,714 [INFO] IPUIPlugin:80 - create IPUIPlugin
2026-07-22 18:59:04,714 [INFO] IPUIPlugin:80 - create IPUIPlugin
2026-07-22 18:59:04,714 [INFO] IPUIPlugin:80 - create IPUIPlugin
2026-07-22 18:59:04,714 [INFO] IPUIPlugin:80 - create IPUIPlugin
2026-07-22 18:59:04,714 [INFO] IPUIPlugin:80 - create IPUIPlugin
2026-07-22 18:59:04,714 [INFO] IPUIPlugin:80 - create IPUIPlugin
2026-07-22 18:59:04,714 [INFO] IPUIPlugin:80 - create IPUIPlugin
2026-07-22 18:59:04,714 [INFO] IPUIPlugin:80 - create IPUIPlugin
2026-07-22 18:59:04,714 [INFO] IPUIPlugin:80 - create IPUIPlugin
2026-07-22 18:59:04,714 [INFO] IPUIPlugin:80 - create IPUIPlugin
2026-07-22 18:59:04,714 [INFO] IPUIPlugin:80 - create IPUIPlugin
2026-07-22 18:59:04,715 [INFO] IPUIPlugin:80 - create IPUIPlugin
2026-07-22 18:59:04,715 [INFO] IPUIPlugin:80 - create IPUIPlugin
2026-07-22 18:59:04,715 [INFO] IPUIPlugin:80 - create IPUIPlugin
2026-07-22 18:59:04,715 [INFO] IPUIPlugin:80 - create IPUIPlugin
2026-07-22 18:59:04,715 [INFO] IPUIPlugin:80 - create IPUIPlugin
2026-07-22 18:59:04,715 [INFO] IPUIPlugin:80 - create IPUIPlugin
2026-07-22 18:59:04,715 [INFO] IPUIPlugin:80 - create IPUIPlugin
2026-07-22 18:59:04,715 [INFO] IPUIPlugin:80 - create IPUIPlugin
2026-07-22 18:59:04,715 [INFO] IPUIPlugin:80 - create IPUIPlugin
2026-07-22 18:59:04,715 [INFO] IPUIPlugin:80 - create IPUIPlugin
2026-07-22 18:59:04,715 [INFO] IPUIPlugin:80 - create IPUIPlugin
2026-07-22 18:59:04,716 [INFO] IPUIPlugin:80 - create IPUIPlugin
2026-07-22 18:59:04,716 [INFO] IPUIPlugin:80 - create IPUIPlugin
2026-07-22 18:59:04,716 [INFO] IPUIPlugin:80 - create IPUIPlugin
2026-07-22 18:59:04,721 [WARN] IP:2250 - MessageRAMOffset not found: check if there is a RefParameter without a condition.
2026-07-22 18:59:04,721 [WARN] IP:2250 - RxFifo0ElmtsNbr not found: check if there is a RefParameter without a condition.
2026-07-22 18:59:04,721 [WARN] IP:2250 - RxFifo0ElmtSize not found: check if there is a RefParameter without a condition.
2026-07-22 18:59:04,721 [WARN] IP:2250 - RxFifo1ElmtsNbr not found: check if there is a RefParameter without a condition.
2026-07-22 18:59:04,721 [WARN] IP:2250 - RxFifo1ElmtSize not found: check if there is a RefParameter without a condition.
2026-07-22 18:59:04,721 [WARN] IP:2250 - RxBuffersNbr not found: check if there is a RefParameter without a condition.
2026-07-22 18:59:04,721 [WARN] IP:2250 - RxBufferSize not found: check if there is a RefParameter without a condition.
2026-07-22 18:59:04,721 [WARN] IP:2250 - TxEventsNbr not found: check if there is a RefParameter without a condition.
2026-07-22 18:59:04,721 [WARN] IP:2250 - TxBuffersNbr not found: check if there is a RefParameter without a condition.
2026-07-22 18:59:04,721 [WARN] IP:2250 - TxFifoQueueElmtsNbr not found: check if there is a RefParameter without a condition.
2026-07-22 18:59:04,721 [WARN] IP:2250 - TxElmtSize not found: check if there is a RefParameter without a condition.
2026-07-22 18:59:04,721 [WARN] IP:2250 - ClockCalibrationCCU not found: check if there is a RefParameter without a condition.
2026-07-22 18:59:04,721 [WARN] IP:2250 - ClockDividerCCU not found: check if there is a RefParameter without a condition.
2026-07-22 18:59:04,721 [WARN] IP:2250 - MinOscClkPeriodsCCU not found: check if there is a RefParameter without a condition.
2026-07-22 18:59:04,721 [WARN] IP:2250 - TimeQuantaPerBitTimeCCU not found: check if there is a RefParameter without a condition.
2026-07-22 18:59:04,721 [WARN] IP:2250 - WatchdogStartValueCCU not found: check if there is a RefParameter without a condition.
2026-07-22 18:59:04,723 [INFO] LogOutputStream:77 - [STDOUT_REDIRECT] Nominal 
2026-07-22 18:59:04,723 [INFO] Can:71 - Can Add PropertyChangeListener com.st.microxplorer.plugins.ip.can.Can@2c778df7
2026-07-22 18:59:04,798 [INFO] CADModel:165 - CPN selected for project levelSTM32G431KBU3
2026-07-22 18:59:04,798 [INFO] CADModel:114 - Register for checkConnection events
2026-07-22 18:59:04,862 [INFO] OpenFileManager:386 - Restore cursor
2026-07-22 18:59:05,047 [WARN] IP:2250 - MessageRAMOffset not found: check if there is a RefParameter without a condition.
2026-07-22 18:59:05,047 [WARN] IP:2250 - RxFifo0ElmtsNbr not found: check if there is a RefParameter without a condition.
2026-07-22 18:59:05,048 [WARN] IP:2250 - RxFifo0ElmtSize not found: check if there is a RefParameter without a condition.
2026-07-22 18:59:05,048 [WARN] IP:2250 - RxFifo1ElmtsNbr not found: check if there is a RefParameter without a condition.
2026-07-22 18:59:05,048 [WARN] IP:2250 - RxFifo1ElmtSize not found: check if there is a RefParameter without a condition.
2026-07-22 18:59:05,048 [WARN] IP:2250 - RxBuffersNbr not found: check if there is a RefParameter without a condition.
2026-07-22 18:59:05,048 [WARN] IP:2250 - RxBufferSize not found: check if there is a RefParameter without a condition.
2026-07-22 18:59:05,048 [WARN] IP:2250 - TxEventsNbr not found: check if there is a RefParameter without a condition.
2026-07-22 18:59:05,048 [WARN] IP:2250 - TxBuffersNbr not found: check if there is a RefParameter without a condition.
2026-07-22 18:59:05,048 [WARN] IP:2250 - TxFifoQueueElmtsNbr not found: check if there is a RefParameter without a condition.
2026-07-22 18:59:05,048 [WARN] IP:2250 - TxElmtSize not found: check if there is a RefParameter without a condition.
2026-07-22 18:59:05,048 [WARN] IP:2250 - ClockCalibrationCCU not found: check if there is a RefParameter without a condition.
2026-07-22 18:59:05,048 [WARN] IP:2250 - ClockDividerCCU not found: check if there is a RefParameter without a condition.
2026-07-22 18:59:05,048 [WARN] IP:2250 - MinOscClkPeriodsCCU not found: check if there is a RefParameter without a condition.
2026-07-22 18:59:05,048 [WARN] IP:2250 - TimeQuantaPerBitTimeCCU not found: check if there is a RefParameter without a condition.
2026-07-22 18:59:05,048 [WARN] IP:2250 - WatchdogStartValueCCU not found: check if there is a RefParameter without a condition.
2026-07-22 18:59:20,209 [INFO] NvicIntPanel:101 - NVIC parent = com.st.microxplorer.plugins.ip.nvic.MultiNvicIntPanel[,0,0,0x0,invalid,layout=javax.swing.BoxLayout,alignmentX=0.0,alignmentY=0.0,border=,flags=9,maximumSize=,minimumSize=,preferredSize=]
2026-07-22 18:59:36,798 [INFO] LogOutputStream:77 - [STDOUT_REDIRECT] Nominal 
2026-07-22 18:59:40,888 [INFO] NvicIntPanel:101 - NVIC parent = com.st.microxplorer.plugins.ip.nvic.MultiNvicIntPanel[,0,0,0x0,invalid,layout=javax.swing.BoxLayout,alignmentX=0.0,alignmentY=0.0,border=,flags=9,maximumSize=,minimumSize=,preferredSize=]
2026-07-22 18:59:43,477 [INFO] NvicIntPanel:101 - NVIC parent = com.st.microxplorer.plugins.ip.nvic.MultiNvicIntPanel[,0,0,0x0,invalid,layout=javax.swing.BoxLayout,alignmentX=0.0,alignmentY=0.0,border=,flags=9,maximumSize=,minimumSize=,preferredSize=]
2026-07-22 18:59:44,990 [INFO] NvicIntPanel:101 - NVIC parent = com.st.microxplorer.plugins.ip.nvic.MultiNvicIntPanel[,0,0,0x0,invalid,layout=javax.swing.BoxLayout,alignmentX=0.0,alignmentY=0.0,border=,flags=9,maximumSize=,minimumSize=,preferredSize=]
2026-07-22 18:59:45,263 [INFO] NvicIntPanel:101 - NVIC parent = com.st.microxplorer.plugins.ip.nvic.MultiNvicIntPanel[,0,0,0x0,invalid,layout=javax.swing.BoxLayout,alignmentX=0.0,alignmentY=0.0,border=,flags=9,maximumSize=,minimumSize=,preferredSize=]
2026-07-22 18:59:45,803 [INFO] NvicIntPanel:101 - NVIC parent = com.st.microxplorer.plugins.ip.nvic.MultiNvicIntPanel[,0,0,0x0,invalid,layout=javax.swing.BoxLayout,alignmentX=0.0,alignmentY=0.0,border=,flags=9,maximumSize=,minimumSize=,preferredSize=]
2026-07-22 18:59:46,247 [INFO] NvicIntPanel:101 - NVIC parent = com.st.microxplorer.plugins.ip.nvic.MultiNvicIntPanel[,0,0,0x0,invalid,layout=javax.swing.BoxLayout,alignmentX=0.0,alignmentY=0.0,border=,flags=9,maximumSize=,minimumSize=,preferredSize=]
2026-07-22 19:03:45,835 [INFO] NvicIntPanel:101 - NVIC parent = com.st.microxplorer.plugins.ip.nvic.MultiNvicIntPanel[,0,0,0x0,invalid,layout=javax.swing.BoxLayout,alignmentX=0.0,alignmentY=0.0,border=,flags=9,maximumSize=,minimumSize=,preferredSize=]
2026-07-22 19:04:18,052 [INFO] NvicIntPanel:101 - NVIC parent = com.st.microxplorer.plugins.ip.nvic.MultiNvicIntPanel[,0,0,0x0,invalid,layout=javax.swing.BoxLayout,alignmentX=0.0,alignmentY=0.0,border=,flags=9,maximumSize=,minimumSize=,preferredSize=]
2026-07-22 19:04:37,865 [INFO] NvicIntPanel:101 - NVIC parent = com.st.microxplorer.plugins.ip.nvic.MultiNvicIntPanel[,0,0,0x0,invalid,layout=javax.swing.BoxLayout,alignmentX=0.0,alignmentY=0.0,border=,flags=9,maximumSize=,minimumSize=,preferredSize=]
2026-07-22 19:06:32,992 [INFO] NvicIntPanel:101 - NVIC parent = com.st.microxplorer.plugins.ip.nvic.MultiNvicIntPanel[,0,0,0x0,invalid,layout=javax.swing.BoxLayout,alignmentX=0.0,alignmentY=0.0,border=,flags=9,maximumSize=,minimumSize=,preferredSize=]
2026-07-22 19:07:17,400 [INFO] NvicIntPanel:101 - NVIC parent = com.st.microxplorer.plugins.ip.nvic.MultiNvicIntPanel[,0,0,0x0,invalid,layout=javax.swing.BoxLayout,alignmentX=0.0,alignmentY=0.0,border=,flags=9,maximumSize=,minimumSize=,preferredSize=]
2026-07-22 19:08:27,642 [INFO] UtilMem:75 - End SaveConfig() Used Memory: 890217952 Bytes (1073741824)
2026-07-22 19:08:29,015 [INFO] UtilMem:75 - End SaveConfig() Used Memory: 762841600 Bytes (1073741824)
2026-07-22 19:08:29,717 [INFO] UtilMem:75 - End SaveConfig() Used Memory: 881852928 Bytes (1073741824)
2026-07-22 19:08:30,322 [INFO] BlockDiagram:2775 - set Specific Code input for plugin: DAC
2026-07-22 19:08:30,322 [INFO] BlockDiagram:2775 - set Specific Code input for plugin: TIM1_8G4
2026-07-22 19:08:30,322 [INFO] BlockDiagram:2775 - set Specific Code input for plugin: ADC
2026-07-22 19:08:30,322 [INFO] BlockDiagram:2775 - set Specific Code input for plugin: SYS
2026-07-22 19:08:30,322 [INFO] BlockDiagram:2775 - set Specific Code input for plugin: ADC
2026-07-22 19:08:30,322 [INFO] BlockDiagram:2775 - set Specific Code input for plugin: RCC
2026-07-22 19:08:30,322 [INFO] BlockDiagram:2775 - set Specific Code input for plugin: NVIC
2026-07-22 19:08:30,322 [INFO] BlockDiagram:2775 - set Specific Code input for plugin: DMA
2026-07-22 19:08:30,322 [INFO] BlockDiagram:2775 - set Specific Code input for plugin: TIM1_8G4
2026-07-22 19:08:30,322 [INFO] BlockDiagram:2775 - set Specific Code input for plugin: TIM1_8G4
2026-07-22 19:08:30,322 [INFO] BlockDiagram:2775 - set Specific Code input for plugin: TIM1_8G4
2026-07-22 19:08:30,322 [INFO] BlockDiagram:2775 - set Specific Code input for plugin: TIM1_8G4
2026-07-22 19:08:30,322 [INFO] BlockDiagram:2775 - set Specific Code input for plugin: GPIO
2026-07-22 19:08:30,322 [INFO] BlockDiagram:2775 - set Specific Code input for plugin: FDCAN
2026-07-22 19:08:30,323 [INFO] CodeGenerator:892 - code generatio: config db path: C:\ST\STM32CubeIDE_1.19.0\STM32CubeIDE\plugins\com.st.stm32cube.common.mx_6.15.0.202507011659\\db\
2026-07-22 19:08:30,336 [WARN] IP:2250 - MessageRAMOffset not found: check if there is a RefParameter without a condition.
2026-07-22 19:08:30,336 [WARN] IP:2250 - RxFifo0ElmtsNbr not found: check if there is a RefParameter without a condition.
2026-07-22 19:08:30,336 [WARN] IP:2250 - RxFifo0ElmtSize not found: check if there is a RefParameter without a condition.
2026-07-22 19:08:30,336 [WARN] IP:2250 - RxFifo1ElmtsNbr not found: check if there is a RefParameter without a condition.
2026-07-22 19:08:30,336 [WARN] IP:2250 - RxFifo1ElmtSize not found: check if there is a RefParameter without a condition.
2026-07-22 19:08:30,336 [WARN] IP:2250 - RxBuffersNbr not found: check if there is a RefParameter without a condition.
2026-07-22 19:08:30,336 [WARN] IP:2250 - RxBufferSize not found: check if there is a RefParameter without a condition.
2026-07-22 19:08:30,336 [WARN] IP:2250 - TxEventsNbr not found: check if there is a RefParameter without a condition.
2026-07-22 19:08:30,336 [WARN] IP:2250 - TxBuffersNbr not found: check if there is a RefParameter without a condition.
2026-07-22 19:08:30,336 [WARN] IP:2250 - TxFifoQueueElmtsNbr not found: check if there is a RefParameter without a condition.
2026-07-22 19:08:30,336 [WARN] IP:2250 - TxElmtSize not found: check if there is a RefParameter without a condition.
2026-07-22 19:08:30,336 [WARN] IP:2250 - ClockCalibrationCCU not found: check if there is a RefParameter without a condition.
2026-07-22 19:08:30,336 [WARN] IP:2250 - ClockDividerCCU not found: check if there is a RefParameter without a condition.
2026-07-22 19:08:30,336 [WARN] IP:2250 - MinOscClkPeriodsCCU not found: check if there is a RefParameter without a condition.
2026-07-22 19:08:30,336 [WARN] IP:2250 - TimeQuantaPerBitTimeCCU not found: check if there is a RefParameter without a condition.
2026-07-22 19:08:30,336 [WARN] IP:2250 - WatchdogStartValueCCU not found: check if there is a RefParameter without a condition.
2026-07-22 19:08:30,516 [INFO] CodeEngine:265 - oldGeneratedFile, D:\tech\robotyka\robots\evangelion-turbo\kod\motor_driver\MXTmpFiles\license.tmp_save
2026-07-22 19:08:31,061 [INFO] CodeEngine:289 - Generated code: D:\tech\robotyka\robots\evangelion-turbo\kod\motor_driver\MXTmpFiles\license.tmp
2026-07-22 19:08:31,310 [INFO] CodeEngine:265 - oldGeneratedFile, D:\tech\robotyka\robots\evangelion-turbo\kod\motor_driver\MXTmpFiles\gpio.tmp_save
2026-07-22 19:08:31,461 [INFO] CodeEngine:289 - Generated code: D:\tech\robotyka\robots\evangelion-turbo\kod\motor_driver\MXTmpFiles\gpio.tmp
2026-07-22 19:08:32,094 [INFO] CodeEngine:265 - oldGeneratedFile, D:\tech\robotyka\robots\evangelion-turbo\kod\motor_driver\MXTmpFiles\dma.tmp_save
2026-07-22 19:08:32,193 [INFO] CodeEngine:289 - Generated code: D:\tech\robotyka\robots\evangelion-turbo\kod\motor_driver\MXTmpFiles\dma.tmp
2026-07-22 19:08:32,201 [INFO] CodeEngine:265 - oldGeneratedFile, D:\tech\robotyka\robots\evangelion-turbo\kod\motor_driver\MXTmpFiles\dma_GV.tmp_save
2026-07-22 19:08:32,247 [INFO] CodeEngine:289 - Generated code: D:\tech\robotyka\robots\evangelion-turbo\kod\motor_driver\MXTmpFiles\dma_GV.tmp
2026-07-22 19:08:32,260 [INFO] CodeEngine:265 - oldGeneratedFile, D:\tech\robotyka\robots\evangelion-turbo\kod\motor_driver\Core\Src\stm32g4xx_it.c_save
2026-07-22 19:08:32,430 [INFO] CodeEngine:289 - Generated code: D:\tech\robotyka\robots\evangelion-turbo\kod\motor_driver\Core\Src\stm32g4xx_it.c
2026-07-22 19:08:32,439 [INFO] CodeEngine:265 - oldGeneratedFile, D:\tech\robotyka\robots\evangelion-turbo\kod\motor_driver\Core\Inc\stm32g4xx_it.h_save
2026-07-22 19:08:32,511 [INFO] CodeEngine:289 - Generated code: D:\tech\robotyka\robots\evangelion-turbo\kod\motor_driver\Core\Inc\stm32g4xx_it.h
2026-07-22 19:08:32,526 [INFO] CodeEngine:265 - oldGeneratedFile, D:\tech\robotyka\robots\evangelion-turbo\kod\motor_driver\Core\Src\stm32g4xx_hal_msp.c_save
2026-07-22 19:08:32,694 [INFO] CodeEngine:289 - Generated code: D:\tech\robotyka\robots\evangelion-turbo\kod\motor_driver\Core\Src\stm32g4xx_hal_msp.c
2026-07-22 19:08:32,703 [INFO] CodeEngine:265 - oldGeneratedFile, D:\tech\robotyka\robots\evangelion-turbo\kod\motor_driver\MXTmpFiles\system.tmp_save
2026-07-22 19:08:32,750 [INFO] CodeEngine:289 - Generated code: D:\tech\robotyka\robots\evangelion-turbo\kod\motor_driver\MXTmpFiles\system.tmp
2026-07-22 19:08:32,762 [INFO] CodeEngine:321 - oldGeneratedFile, D:\tech\robotyka\robots\evangelion-turbo\kod\motor_driver\Core\Inc\stm32g4xx_hal_conf.h_save
2026-07-22 19:08:32,853 [INFO] CodeEngine:345 - Generated code: D:\tech\robotyka\robots\evangelion-turbo\kod\motor_driver\Core\Inc\stm32g4xx_hal_conf.h
2026-07-22 19:08:32,877 [WARN] IPConfigManager:3238 - Warning: the RefConfig RCC_CommonPeriphClockConfig is not available in your config.xml file
2026-07-22 19:08:32,888 [INFO] ApiDbMcu:532 - Load IP Config File for ADC1
2026-07-22 19:08:32,891 [INFO] ApiDbMcu:532 - Load IP Config File for ADC2
2026-07-22 19:08:32,893 [INFO] ApiDbMcu:532 - Load IP Config File for DAC1
2026-07-22 19:08:32,896 [INFO] ApiDbMcu:532 - Load IP Config File for FDCAN1
2026-07-22 19:08:32,906 [INFO] ApiDbMcu:532 - Load IP Config File for TIM2
2026-07-22 19:08:32,917 [INFO] ApiDbMcu:532 - Load IP Config File for TIM8
2026-07-22 19:08:32,927 [INFO] ApiDbMcu:532 - Load IP Config File for TIM15
2026-07-22 19:08:32,936 [INFO] ApiDbMcu:532 - Load IP Config File for TIM16
2026-07-22 19:08:32,945 [INFO] ApiDbMcu:532 - Load IP Config File for TIM17
2026-07-22 19:08:32,947 [INFO] ApiDbMcu:532 - Load IP Config File for RCC
2026-07-22 19:08:32,949 [WARN] IPConfigManager:3811 - IP not found : TIM
2026-07-22 19:08:32,950 [WARN] CodeGenerator:4259 - IP not found : null
2026-07-22 19:08:32,956 [INFO] CodeEngine:265 - oldGeneratedFile, D:\tech\robotyka\robots\evangelion-turbo\kod\motor_driver\Core\Inc\main.h_save
2026-07-22 19:08:33,075 [INFO] CodeEngine:289 - Generated code: D:\tech\robotyka\robots\evangelion-turbo\kod\motor_driver\Core\Inc\main.h
2026-07-22 19:08:33,079 [INFO] CodeEngine:265 - oldGeneratedFile, D:\tech\robotyka\robots\evangelion-turbo\kod\motor_driver\Core\Src\main.c_save
2026-07-22 19:08:33,223 [INFO] CodeEngine:289 - Generated code: D:\tech\robotyka\robots\evangelion-turbo\kod\motor_driver\Core\Src\main.c
2026-07-22 19:08:33,527 [INFO] ProjectBuilder:3606 - Time for Copy HAL[1] : 133mS.
2026-07-22 19:08:33,531 [INFO] ProjectBuilder:5216 - Project Generator version: 4.7.0-B52
2026-07-22 19:08:33,714 [INFO] ConfigFileManager:1595 - The Die is : DIE468
2026-07-22 19:08:33,734 [INFO] ApiDbMcu:532 - Load IP Config File for FATFS
2026-07-22 19:08:33,746 [INFO] ApiDbMcu:532 - Load IP Config File for FREERTOS
2026-07-22 19:08:33,762 [INFO] ApiDbMcu:532 - Load IP Config File for USBPD
2026-07-22 19:08:33,788 [INFO] ApiDbMcu:532 - Load IP Config File for USB_DEVICE
2026-07-22 19:08:34,386 [INFO] LogOutputStream:77 - [STDOUT_REDIRECT] 
2026-07-22 19:08:35,694 [INFO] ProjectBuilder:5496 - Time for Generating toolchain IDE Files: 2161mS.
2026-07-22 19:08:35,696 [INFO] ProjectBuilder:3463 - Time for Copy CMSIS : 1mS.
2026-07-22 19:08:35,696 [INFO] ProjectBuilder:3463 - Time for Copy CMSIS : 0mS.
2026-07-22 19:08:46,466 [INFO] MainUpdater:2872 - connection check result : 10
2026-07-22 19:08:46,466 [INFO] MainUpdater:2872 - connection check result : 10
2026-07-22 19:08:46,477 [INFO] LogOutputStream:77 - [STDOUT_REDIRECT] Nominal 
2026-07-22 19:08:46,478 [INFO] MicroXplorer:468 - Change Database Path : 
2026-07-22 19:08:46,478 [INFO] MicroXplorer:498 - Change Database Version : DB.6.0.150
2026-07-22 19:08:46,495 [ERROR] ProjectManagerView:395 - 
java.lang.NullPointerException: Cannot invoke "javax.swing.JTextField.getText()" because the return value of "java.util.List.get(int)" is null
	at com.st.microxplorer.plugins.projectmanager.gui.ProjectChoiceTab$9.caretUpdate(ProjectChoiceTab.java:2706) ~[filemanager.jar:?]
	at javax.swing.text.JTextComponent.fireCaretUpdate(JTextComponent.java:408) ~[?:?]
	at javax.swing.text.JTextComponent$MutableCaretEvent.fire(JTextComponent.java:4484) ~[?:?]
	at javax.swing.text.JTextComponent$MutableCaretEvent.stateChanged(JTextComponent.java:4506) ~[?:?]
	at javax.swing.text.DefaultCaret.fireStateChanged(DefaultCaret.java:857) ~[?:?]
	at javax.swing.text.DefaultCaret.changeCaretPosition(DefaultCaret.java:1343) ~[?:?]
	at javax.swing.text.DefaultCaret.handleSetDot(DefaultCaret.java:1242) ~[?:?]
	at javax.swing.text.DefaultCaret.setDot(DefaultCaret.java:1223) ~[?:?]
	at javax.swing.text.DefaultCaret$Handler.insertUpdate(DefaultCaret.java:1819) ~[?:?]
	at javax.swing.text.AbstractDocument.fireInsertUpdate(AbstractDocument.java:227) ~[?:?]
	at javax.swing.text.AbstractDocument.handleInsertString(AbstractDocument.java:781) ~[?:?]
	at javax.swing.text.AbstractDocument.insertString(AbstractDocument.java:740) ~[?:?]
	at javax.swing.text.PlainDocument.insertString(PlainDocument.java:131) ~[?:?]
	at javax.swing.text.AbstractDocument.replace(AbstractDocument.java:699) ~[?:?]
	at javax.swing.text.JTextComponent.setText(JTextComponent.java:1725) ~[?:?]
	at com.st.microxplorer.plugins.projectmanager.gui.ProjectChoiceTab.createHeapStackFields(ProjectChoiceTab.java:993) ~[filemanager.jar:?]
	at com.st.microxplorer.plugins.projectmanager.gui.ProjectChoiceTab.buildLinkSettingsPanel(ProjectChoiceTab.java:3813) ~[filemanager.jar:?]
	at com.st.microxplorer.plugins.projectmanager.gui.ProjectChoiceTab.defineWindowsFields(ProjectChoiceTab.java:1987) ~[filemanager.jar:?]
	at com.st.microxplorer.plugins.projectmanager.gui.ProjectChoiceTab.updateSettings(ProjectChoiceTab.java:558) ~[filemanager.jar:?]
	at com.st.microxplorer.plugins.projectmanager.gui.ProjectSettingsPanel.UpdateDialog(ProjectSettingsPanel.java:247) ~[filemanager.jar:?]
	at com.st.microxplorer.plugins.projectmanager.ProjectManagerView.propertyChange(ProjectManagerView.java:392) ~[filemanager.jar:?]
	at java.beans.PropertyChangeSupport.fire(PropertyChangeSupport.java:343) ~[?:?]
	at java.beans.PropertyChangeSupport.firePropertyChange(PropertyChangeSupport.java:335) ~[?:?]
	at java.beans.PropertyChangeSupport.firePropertyChange(PropertyChangeSupport.java:268) ~[?:?]
	at com.st.microxplorer.util.MXPropertyChangeSupport.firePropertyChange(MXPropertyChangeSupport.java:54) ~[STM32CubeMX.jar:?]
	at com.st.microxplorer.mxsystem.MxSystem.closeConfig(MxSystem.java:899) ~[STM32CubeMX.jar:?]
	at com.st.microxplorer.maingui.MainPanel.closeConfig(MainPanel.java:792) ~[STM32CubeMX.jar:?]
	at com.st.microxplorer.plugins.filemanager.engine.OpenFileManager.loadConfigurationFile(OpenFileManager.java:288) ~[filemanager.jar:?]
	at com.st.microxplorer.plugins.filemanager.engine.MainFileManager.userLoadConfig(MainFileManager.java:364) ~[filemanager.jar:?]
	at com.st.microxplorer.plugins.filemanager.engine.MainFileManager.userLoadConfig(MainFileManager.java:342) ~[filemanager.jar:?]
	at com.st.microxplorer.plugins.filemanager.FileManagerView.getSpecificTask(FileManagerView.java:264) ~[filemanager.jar:?]
	at com.st.stm32cube.common.mx.editor.CubeMxEditor.getMxTabbedPaneInstance(CubeMxEditor.java:1198) ~[com.st.stm32cube.common.mx_6.15.0.202507011659/:?]
	at com.st.stm32cube.common.mx.editor.CubeMxEditor$12$1.createSwingComponent(CubeMxEditor.java:1068) ~[com.st.stm32cube.common.mx_6.15.0.202507011659/:?]
	at com.st.stm32cube.common.mx.oss.core.awtswtbridge.EmbeddedSwingComposite.doComponentCreation(EmbeddedSwingComposite.java:492) ~[com.st.stm32cube.common.mx.oss_6.15.0.202507011659/:?]
	at com.st.stm32cube.common.mx.oss.core.awtswtbridge.EmbeddedSwingComposite$4.run(EmbeddedSwingComposite.java:291) ~[com.st.stm32cube.common.mx.oss_6.15.0.202507011659/:?]
	at com.st.stm32cube.common.mx.oss.core.awtswtbridge.AwtEnvironment$2.run(AwtEnvironment.java:166) ~[com.st.stm32cube.common.mx.oss_6.15.0.202507011659/:?]
	at java.awt.event.InvocationEvent.dispatch(InvocationEvent.java:318) ~[?:?]
	at java.awt.EventQueue.dispatchEventImpl(EventQueue.java:773) ~[?:?]
	at java.awt.EventQueue$4.run(EventQueue.java:720) ~[?:?]
	at java.awt.EventQueue$4.run(EventQueue.java:714) ~[?:?]
	at java.security.AccessController.doPrivileged(AccessController.java:400) ~[?:?]
	at java.security.ProtectionDomain$JavaSecurityAccessImpl.doIntersectionPrivilege(ProtectionDomain.java:87) ~[?:?]
	at java.awt.EventQueue.dispatchEvent(EventQueue.java:742) ~[?:?]
	at java.awt.EventDispatchThread.pumpOneEventForFilters(EventDispatchThread.java:203) ~[?:?]
	at java.awt.EventDispatchThread.pumpEventsForFilter(EventDispatchThread.java:124) ~[?:?]
	at java.awt.EventDispatchThread.pumpEventsForHierarchy(EventDispatchThread.java:113) ~[?:?]
	at java.awt.EventDispatchThread.pumpEvents(EventDispatchThread.java:109) ~[?:?]
	at java.awt.EventDispatchThread.pumpEvents(EventDispatchThread.java:101) ~[?:?]
	at java.awt.EventDispatchThread.run(EventDispatchThread.java:90) ~[?:?]
2026-07-22 19:08:46,496 [WARN] ThirdParty:871 - waiting for thirdparty lock release [close project]
2026-07-22 19:08:46,496 [INFO] ThirdParty:873 - entering critical section [close project]
2026-07-22 19:08:46,496 [INFO] ThirdParty:883 - exiting critical section [close project]
2026-07-22 19:08:46,497 [INFO] PinOutPanel:1589 - setPackage(No Configuration,No Configuration)
2026-07-22 19:08:46,504 [INFO] UtilMem:75 - Begin LoadConfig() Used Memory: 983010800 Bytes (1073741824)
2026-07-22 19:08:46,505 [INFO] MicroXplorer:468 - Change Database Path : 
2026-07-22 19:08:46,505 [INFO] MicroXplorer:498 - Change Database Version : DB.6.0.150
2026-07-22 19:08:46,505 [INFO] OpenFileManager:355 - Change cursor
2026-07-22 19:08:46,520 [INFO] RulesReader:64 - Compatibility file has been processed (317 Rules)
2026-07-22 19:08:46,522 [INFO] Mcu:2029 - Initializing MCU STM32G431K(6-8-B)Ux STM32G431KBUx STM32G431KBU3
2026-07-22 19:08:48,044 [INFO] Context:786 - Trying to add GPIOservice into a context  which must be forbidden
2026-07-22 19:08:48,554 [INFO] ImportTextPane:234 - (OptionalMessage_ERROR) Pin18 (VP_RIF_VS_RIF1) cannot be retrieved for this MCU
2026-07-22 19:08:48,592 [INFO] RtosManager:558 - Registered RTOS mode: class=CMSIS, group=RTOS, mode=CMSIS_V1, owner=FREERTOS
2026-07-22 19:08:48,592 [INFO] RtosManager:558 - Registered RTOS mode: class=CMSIS, group=RTOS2, mode=CMSIS_V2, owner=FREERTOS
2026-07-22 19:08:48,592 [INFO] RtosManager:558 - Registered RTOS mode: class=RTOS, group=Core, mode=CMSIS_V1, owner=FREERTOS
2026-07-22 19:08:48,592 [INFO] RtosManager:558 - Registered RTOS mode: class=RTOS, group=Core, mode=CMSIS_V2, owner=FREERTOS
2026-07-22 19:08:48,592 [WARN] ModelIntegratedComponent:184 - Missing modes for component STMicroelectronics:FreeRTOS:0.0.1:STMicroelectronics:RTOS:FreeRTOS:Core:::10.2.0:
2026-07-22 19:08:48,604 [WARN] ModelIntegratedComponent:63 - No mode defined for component null
2026-07-22 19:08:48,605 [WARN] ModelIntegratedComponent:63 - No mode defined for component null
2026-07-22 19:08:48,605 [WARN] ModelIntegratedComponent:63 - No mode defined for component null
2026-07-22 19:08:48,605 [WARN] ModelIntegratedComponent:63 - No mode defined for component null
2026-07-22 19:08:48,605 [WARN] ModelIntegratedComponent:63 - No mode defined for component null
2026-07-22 19:08:48,605 [WARN] ModelIntegratedComponent:63 - No mode defined for component null
2026-07-22 19:08:48,605 [WARN] ModelIntegratedComponent:63 - No mode defined for component null
2026-07-22 19:08:48,605 [WARN] ModelIntegratedComponent:63 - No mode defined for component null
2026-07-22 19:08:48,605 [WARN] ModelIntegratedComponent:63 - No mode defined for component null
2026-07-22 19:08:48,605 [WARN] ModelIntegratedComponent:63 - No mode defined for component null
2026-07-22 19:08:48,605 [WARN] ModelIntegratedComponent:63 - No mode defined for component null
2026-07-22 19:08:48,605 [WARN] ModelIntegratedComponent:63 - No mode defined for component null
2026-07-22 19:08:48,605 [WARN] ModelIntegratedComponent:63 - No mode defined for component null
2026-07-22 19:08:48,605 [WARN] ModelIntegratedComponent:63 - No mode defined for component null
2026-07-22 19:08:48,605 [WARN] ModelIntegratedComponent:63 - No mode defined for component null
2026-07-22 19:08:48,605 [WARN] ModelIntegratedComponent:63 - No mode defined for component null
2026-07-22 19:08:48,605 [WARN] ModelIntegratedComponent:63 - No mode defined for component null
2026-07-22 19:08:48,605 [WARN] ModelIntegratedComponent:63 - No mode defined for component null
2026-07-22 19:08:48,605 [WARN] ModelIntegratedComponent:63 - No mode defined for component null
2026-07-22 19:08:48,605 [WARN] ModelIntegratedComponent:63 - No mode defined for component null
2026-07-22 19:08:48,605 [WARN] ModelIntegratedComponent:63 - No mode defined for component null
2026-07-22 19:08:48,605 [WARN] ModelIntegratedComponent:63 - No mode defined for component null
2026-07-22 19:08:48,605 [WARN] ModelIntegratedComponent:63 - No mode defined for component null
2026-07-22 19:08:48,605 [WARN] ModelIntegratedComponent:63 - No mode defined for component null
2026-07-22 19:08:48,605 [WARN] ModelIntegratedComponent:63 - No mode defined for component null
2026-07-22 19:08:48,605 [WARN] ModelIntegratedComponent:63 - No mode defined for component null
2026-07-22 19:08:48,605 [WARN] ModelIntegratedComponent:63 - No mode defined for component null
2026-07-22 19:08:48,605 [WARN] ModelIntegratedComponent:63 - No mode defined for component null
2026-07-22 19:08:48,605 [WARN] ModelIntegratedComponent:63 - No mode defined for component null
2026-07-22 19:08:48,605 [WARN] ModelIntegratedComponent:63 - No mode defined for component null
2026-07-22 19:08:48,605 [WARN] ModelIntegratedComponent:63 - No mode defined for component null
2026-07-22 19:08:48,605 [WARN] ModelIntegratedComponent:63 - No mode defined for component null
2026-07-22 19:08:48,605 [WARN] ModelIntegratedComponent:63 - No mode defined for component null
2026-07-22 19:08:48,605 [WARN] ModelIntegratedComponent:63 - No mode defined for component null
2026-07-22 19:08:48,605 [WARN] ModelIntegratedComponent:63 - No mode defined for component null
2026-07-22 19:08:48,605 [WARN] ModelPack:524 - Component already loaded: STMicroelectronics:HAL Drivers:0.0.0:STMicroelectronics:Device:STMicro_Driver:XSPI:HAL::0.0.1:HAL_XSPI
2026-07-22 19:08:48,786 [INFO] ThirdPartyModel:298 - Start build external matchings
2026-07-22 19:08:49,339 [INFO] ThirdPartyModel:316 - End build external matchings
2026-07-22 19:08:49,369 [INFO] ImportTextPane:234 - (OptionalMessage_ERROR) IP (ADC1) : Parameter (CommonPathInternal) has invalid value (null|null|null|null)
2026-07-22 19:08:49,370 [INFO] ImportTextPane:234 - (OptionalMessage_ERROR) IP (ADC2) : Parameter (CommonPathInternal) has invalid value (null|null|null|null)
2026-07-22 19:08:49,370 [INFO] ImportTextPane:234 - (OptionalMessage_ERROR) IP (DMA) : Parameter (Instance) has Id (ADC1) currently not set
2026-07-22 19:08:49,370 [INFO] ImportTextPane:234 - (OptionalMessage_ERROR) IP (DMA) : Parameter (Request) has Id (ADC1) currently not set
2026-07-22 19:08:49,370 [INFO] ImportTextPane:234 - (OptionalMessage_ERROR) IP (DMA) : Parameter (Direction) has Id (ADC1) currently not set
2026-07-22 19:08:49,370 [INFO] ImportTextPane:234 - (OptionalMessage_ERROR) IP (DMA) : Parameter (PeriphInc) has Id (ADC1) currently not set
2026-07-22 19:08:49,370 [INFO] ImportTextPane:234 - (OptionalMessage_ERROR) IP (DMA) : Parameter (MemInc) has Id (ADC1) currently not set
2026-07-22 19:08:49,370 [INFO] ImportTextPane:234 - (OptionalMessage_ERROR) IP (DMA) : Parameter (PeriphDataAlignment) has Id (ADC1) currently not set
2026-07-22 19:08:49,370 [INFO] ImportTextPane:234 - (OptionalMessage_ERROR) IP (DMA) : Parameter (MemDataAlignment) has Id (ADC1) currently not set
2026-07-22 19:08:49,370 [INFO] ImportTextPane:234 - (OptionalMessage_ERROR) IP (DMA) : Parameter (Mode) has Id (ADC1) currently not set
2026-07-22 19:08:49,370 [INFO] ImportTextPane:234 - (OptionalMessage_ERROR) IP (DMA) : Parameter (Priority) has Id (ADC1) currently not set
2026-07-22 19:08:49,370 [INFO] ImportTextPane:234 - (OptionalMessage_ERROR) IP (DMA) : Parameter (SignalID) has Id (ADC1) currently not set
2026-07-22 19:08:49,370 [INFO] ImportTextPane:234 - (OptionalMessage_ERROR) IP (DMA) : Parameter (Polarity) has Id (ADC1) currently not set
2026-07-22 19:08:49,370 [INFO] ImportTextPane:234 - (OptionalMessage_ERROR) IP (DMA) : Parameter (RequestNumber) has Id (ADC1) currently not set
2026-07-22 19:08:49,370 [INFO] ImportTextPane:234 - (OptionalMessage_ERROR) IP (DMA) : Parameter (SyncSignalID) has Id (ADC1) currently not set
2026-07-22 19:08:49,370 [INFO] ImportTextPane:234 - (OptionalMessage_ERROR) IP (DMA) : Parameter (SyncPolarity) has Id (ADC1) currently not set
2026-07-22 19:08:49,370 [INFO] ImportTextPane:234 - (OptionalMessage_ERROR) IP (DMA) : Parameter (SyncEnable) has Id (ADC1) currently not set
2026-07-22 19:08:49,370 [INFO] ImportTextPane:234 - (OptionalMessage_ERROR) IP (DMA) : Parameter (EventEnable) has Id (ADC1) currently not set
2026-07-22 19:08:49,370 [INFO] ImportTextPane:234 - (OptionalMessage_ERROR) IP (DMA) : Parameter (SyncRequestNumber) has Id (ADC1) currently not set
2026-07-22 19:08:49,370 [INFO] ImportTextPane:234 - (OptionalMessage_ERROR) IP (DMA) : Parameter (Instance) has Id (ADC2) currently not set
2026-07-22 19:08:49,370 [INFO] ImportTextPane:234 - (OptionalMessage_ERROR) IP (DMA) : Parameter (Request) has Id (ADC2) currently not set
2026-07-22 19:08:49,370 [INFO] ImportTextPane:234 - (OptionalMessage_ERROR) IP (DMA) : Parameter (Direction) has Id (ADC2) currently not set
2026-07-22 19:08:49,370 [INFO] ImportTextPane:234 - (OptionalMessage_ERROR) IP (DMA) : Parameter (PeriphInc) has Id (ADC2) currently not set
2026-07-22 19:08:49,370 [INFO] ImportTextPane:234 - (OptionalMessage_ERROR) IP (DMA) : Parameter (MemInc) has Id (ADC2) currently not set
2026-07-22 19:08:49,370 [INFO] ImportTextPane:234 - (OptionalMessage_ERROR) IP (DMA) : Parameter (PeriphDataAlignment) has Id (ADC2) currently not set
2026-07-22 19:08:49,370 [INFO] ImportTextPane:234 - (OptionalMessage_ERROR) IP (DMA) : Parameter (MemDataAlignment) has Id (ADC2) currently not set
2026-07-22 19:08:49,370 [INFO] ImportTextPane:234 - (OptionalMessage_ERROR) IP (DMA) : Parameter (Mode) has Id (ADC2) currently not set
2026-07-22 19:08:49,370 [INFO] ImportTextPane:234 - (OptionalMessage_ERROR) IP (DMA) : Parameter (Priority) has Id (ADC2) currently not set
2026-07-22 19:08:49,370 [INFO] ImportTextPane:234 - (OptionalMessage_ERROR) IP (DMA) : Parameter (SignalID) has Id (ADC2) currently not set
2026-07-22 19:08:49,370 [INFO] ImportTextPane:234 - (OptionalMessage_ERROR) IP (DMA) : Parameter (Polarity) has Id (ADC2) currently not set
2026-07-22 19:08:49,370 [INFO] ImportTextPane:234 - (OptionalMessage_ERROR) IP (DMA) : Parameter (RequestNumber) has Id (ADC2) currently not set
2026-07-22 19:08:49,370 [INFO] ImportTextPane:234 - (OptionalMessage_ERROR) IP (DMA) : Parameter (SyncSignalID) has Id (ADC2) currently not set
2026-07-22 19:08:49,371 [INFO] ImportTextPane:234 - (OptionalMessage_ERROR) IP (DMA) : Parameter (SyncPolarity) has Id (ADC2) currently not set
2026-07-22 19:08:49,371 [INFO] ImportTextPane:234 - (OptionalMessage_ERROR) IP (DMA) : Parameter (SyncEnable) has Id (ADC2) currently not set
2026-07-22 19:08:49,371 [INFO] ImportTextPane:234 - (OptionalMessage_ERROR) IP (DMA) : Parameter (EventEnable) has Id (ADC2) currently not set
2026-07-22 19:08:49,371 [INFO] ImportTextPane:234 - (OptionalMessage_ERROR) IP (DMA) : Parameter (SyncRequestNumber) has Id (ADC2) currently not set
2026-07-22 19:08:49,371 [WARN] IP:2250 - MessageRAMOffset not found: check if there is a RefParameter without a condition.
2026-07-22 19:08:49,371 [WARN] IP:2250 - RxFifo0ElmtsNbr not found: check if there is a RefParameter without a condition.
2026-07-22 19:08:49,371 [WARN] IP:2250 - RxFifo0ElmtSize not found: check if there is a RefParameter without a condition.
2026-07-22 19:08:49,371 [WARN] IP:2250 - RxFifo1ElmtsNbr not found: check if there is a RefParameter without a condition.
2026-07-22 19:08:49,371 [WARN] IP:2250 - RxFifo1ElmtSize not found: check if there is a RefParameter without a condition.
2026-07-22 19:08:49,371 [WARN] IP:2250 - RxBuffersNbr not found: check if there is a RefParameter without a condition.
2026-07-22 19:08:49,371 [WARN] IP:2250 - RxBufferSize not found: check if there is a RefParameter without a condition.
2026-07-22 19:08:49,371 [WARN] IP:2250 - TxEventsNbr not found: check if there is a RefParameter without a condition.
2026-07-22 19:08:49,371 [WARN] IP:2250 - TxBuffersNbr not found: check if there is a RefParameter without a condition.
2026-07-22 19:08:49,371 [WARN] IP:2250 - TxFifoQueueElmtsNbr not found: check if there is a RefParameter without a condition.
2026-07-22 19:08:49,371 [WARN] IP:2250 - TxElmtSize not found: check if there is a RefParameter without a condition.
2026-07-22 19:08:49,371 [WARN] IP:2250 - ClockCalibrationCCU not found: check if there is a RefParameter without a condition.
2026-07-22 19:08:49,371 [WARN] IP:2250 - ClockDividerCCU not found: check if there is a RefParameter without a condition.
2026-07-22 19:08:49,371 [WARN] IP:2250 - MinOscClkPeriodsCCU not found: check if there is a RefParameter without a condition.
2026-07-22 19:08:49,371 [WARN] IP:2250 - TimeQuantaPerBitTimeCCU not found: check if there is a RefParameter without a condition.
2026-07-22 19:08:49,371 [WARN] IP:2250 - WatchdogStartValueCCU not found: check if there is a RefParameter without a condition.
2026-07-22 19:08:49,603 [INFO] UtilMem:75 - End LoadConfig() Used Memory: 989527480 Bytes (1073741824)
2026-07-22 19:08:49,643 [WARN] ThirdParty:833 - waiting for thirdparty lock release [change project]
2026-07-22 19:08:49,643 [INFO] ThirdParty:835 - entering critical section [change project]
2026-07-22 19:08:49,643 [INFO] ThirdParty:1030 - CMSIS Pack Vendor :STMicroelectronics X-CUBE-AZRTOS-H7 3.5.0
2026-07-22 19:08:49,643 [INFO] ThirdParty:1030 - CMSIS Pack Vendor :STMicroelectronics X-CUBE-PM33A1 1.0.0
2026-07-22 19:08:49,643 [INFO] ThirdParty:1030 - CMSIS Pack Vendor :STMicroelectronics USBPD 4.1
2026-07-22 19:08:49,643 [INFO] ThirdParty:1030 - CMSIS Pack Vendor :STMicroelectronics USB_HOST 2.0.0
2026-07-22 19:08:49,643 [INFO] ThirdParty:1030 - CMSIS Pack Vendor :STMicroelectronics FP-SNS-MOTENVWB1 1.4.0
2026-07-22 19:08:49,643 [INFO] ThirdParty:1030 - CMSIS Pack Vendor :STMicroelectronics FP-ATR-ASTRA1 2.0.3
2026-07-22 19:08:49,643 [INFO] ThirdParty:1030 - CMSIS Pack Vendor :STMicroelectronics X-CUBE-AZRTOS-F4 1.1.0
2026-07-22 19:08:49,643 [INFO] ThirdParty:1030 - CMSIS Pack Vendor :STMicroelectronics LIBJPEG 8.0.0
2026-07-22 19:08:49,643 [INFO] ThirdParty:1030 - CMSIS Pack Vendor :STMicroelectronics FP-ATR-ASTRA1 2.0.2
2026-07-22 19:08:49,643 [INFO] ThirdParty:1030 - CMSIS Pack Vendor :STMicroelectronics FP-ATR-ASTRA1 2.0.1
2026-07-22 19:08:49,643 [INFO] ThirdParty:1030 - CMSIS Pack Vendor :Avnet-IotConnect X-CUBE-IoTC-DA16k-PMOD 1.0.0
2026-07-22 19:08:49,643 [INFO] ThirdParty:1030 - CMSIS Pack Vendor :STMicroelectronics X-CUBE-SMBUS 2.1.0
2026-07-22 19:08:49,643 [INFO] ThirdParty:1030 - CMSIS Pack Vendor :STMicroelectronics X-CUBE-WB05N 1.1.0
2026-07-22 19:08:49,643 [INFO] ThirdParty:1030 - CMSIS Pack Vendor :STMicroelectronics X-CUBE-IPS 3.2.0
2026-07-22 19:08:49,643 [INFO] ThirdParty:1030 - CMSIS Pack Vendor :STMicroelectronics eDS-WB_DPC_TT-BIDIR 2.1.1
2026-07-22 19:08:49,643 [INFO] ThirdParty:1030 - CMSIS Pack Vendor :STMicroelectronics X-CUBE-ST60 1.0.0
2026-07-22 19:08:49,643 [INFO] ThirdParty:1030 - CMSIS Pack Vendor :STMicroelectronics X-CUBE-NFC12 1.0.0
2026-07-22 19:08:49,643 [INFO] ThirdParty:1030 - CMSIS Pack Vendor :STMicroelectronics X-CUBE-AZRTOS-F7 1.1.0
2026-07-22 19:08:49,643 [INFO] ThirdParty:1030 - CMSIS Pack Vendor :STMicroelectronics X-CUBE-AZRTOS-L5 2.0.0
2026-07-22 19:08:49,643 [INFO] ThirdParty:1030 - CMSIS Pack Vendor :STMicroelectronics USB_DEVICE 2.0.0
2026-07-22 19:08:49,643 [INFO] ThirdParty:1030 - CMSIS Pack Vendor :STMicroelectronics X-CUBE-FREERTOS 1.6.0
2026-07-22 19:08:49,643 [INFO] ThirdParty:1030 - CMSIS Pack Vendor :STMicroelectronics X-CUBE-NFC6 3.1.0
2026-07-22 19:08:49,643 [INFO] ThirdParty:1030 - CMSIS Pack Vendor :STMicroelectronics X-CUBE-ALGOBUILD 1.5.0
2026-07-22 19:08:49,643 [INFO] ThirdParty:1030 - CMSIS Pack Vendor :STMicroelectronics FP-SNS-MOTENV1 5.1.0
2026-07-22 19:08:49,643 [INFO] ThirdParty:1030 - CMSIS Pack Vendor :STMicroelectronics FreeRTOS 0.0.1
2026-07-22 19:08:49,643 [INFO] ThirdParty:1030 - CMSIS Pack Vendor :STMicroelectronics X-CUBE-AZRTOS-H7RS 1.3.0
2026-07-22 19:08:49,643 [INFO] ThirdParty:1030 - CMSIS Pack Vendor :STMicroelectronics X-CUBE-DPower 1.2.0
2026-07-22 19:08:49,643 [INFO] ThirdParty:1030 - CMSIS Pack Vendor :STMicroelectronics eDS-WB_DPC_VIENNA 1.2.0
2026-07-22 19:08:49,643 [INFO] ThirdParty:1030 - CMSIS Pack Vendor :STMicroelectronics FP-SNS-FLIGHT1 5.0.2
2026-07-22 19:08:49,643 [INFO] ThirdParty:1030 - CMSIS Pack Vendor :STMicroelectronics eDS-WB_DPC_3PH2L-BIDIR 1.1.1
2026-07-22 19:08:49,643 [INFO] ThirdParty:1030 - CMSIS Pack Vendor :Infineon AIROC-Wi-Fi-Bluetooth-STM32 1.7.0
2026-07-22 19:08:49,643 [INFO] ThirdParty:1030 - CMSIS Pack Vendor :STMicroelectronics PDM2PCM 3.3.0
2026-07-22 19:08:49,643 [INFO] ThirdParty:1030 - CMSIS Pack Vendor :STMicroelectronics X-CUBE-AZRTOS-H7 3.4.0
2026-07-22 19:08:49,643 [INFO] ThirdParty:1030 - CMSIS Pack Vendor :STMicroelectronics X-CUBE-DISPLAY 3.0.0
2026-07-22 19:08:49,643 [INFO] ThirdParty:1030 - CMSIS Pack Vendor :STMicroelectronics X-CUBE-GNSS1 7.1.1
2026-07-22 19:08:49,643 [INFO] ThirdParty:1030 - CMSIS Pack Vendor :STMicroelectronics FP-SNS-MOTENVWB1 1.5.0
2026-07-22 19:08:49,643 [INFO] ThirdParty:1030 - CMSIS Pack Vendor :STMicroelectronics X-CUBE-BLE1 7.0.0
2026-07-22 19:08:49,644 [INFO] ThirdParty:1030 - CMSIS Pack Vendor :STMicroelectronics X-CUBE-NFC10 1.0.0
2026-07-22 19:08:49,644 [INFO] ThirdParty:1030 - CMSIS Pack Vendor :STMicroelectronics X-CUBE-BLEMGR 4.0.0
2026-07-22 19:08:49,644 [INFO] ThirdParty:1030 - CMSIS Pack Vendor :STMicroelectronics X-CUBE-FREERTOS 1.3.1
2026-07-22 19:08:49,644 [INFO] ThirdParty:1030 - CMSIS Pack Vendor :STMicroelectronics HAL Drivers 0.0.0
2026-07-22 19:08:49,644 [INFO] ThirdParty:1030 - CMSIS Pack Vendor :STMicroelectronics X-CUBE-ST60 1.1.0
2026-07-22 19:08:49,644 [INFO] ThirdParty:1030 - CMSIS Pack Vendor :emotas I-CUBE-CANOPEN 1.3.0
2026-07-22 19:08:49,644 [INFO] ThirdParty:1030 - CMSIS Pack Vendor :STMicroelectronics X-CUBE-FREERTOS 1.3.0
2026-07-22 19:08:49,644 [INFO] ThirdParty:1030 - CMSIS Pack Vendor :STMicroelectronics X-CUBE-NFC7 1.0.1
2026-07-22 19:08:49,644 [INFO] ThirdParty:1030 - CMSIS Pack Vendor :STMicroelectronics MBEDTLS 2.14.1
2026-07-22 19:08:49,644 [INFO] ThirdParty:1030 - CMSIS Pack Vendor :STMicroelectronics X-CUBE-GNSS1 7.1.0
2026-07-22 19:08:49,644 [INFO] ThirdParty:1030 - CMSIS Pack Vendor :STMicroelectronics X-CUBE-TOUCHGFX 4.26.0
2026-07-22 19:08:49,644 [INFO] ThirdParty:1030 - CMSIS Pack Vendor :STMicroelectronics X-CUBE-TOUCHGFX 4.26.1
2026-07-22 19:08:49,644 [INFO] ThirdParty:1030 - CMSIS Pack Vendor :STMicroelectronics X-CUBE-AI 10.0.0
2026-07-22 19:08:49,644 [INFO] ThirdParty:1030 - CMSIS Pack Vendor :STMicroelectronics FP-SNS-STBOX1 2.1.0
2026-07-22 19:08:49,644 [INFO] ThirdParty:1030 - CMSIS Pack Vendor :STMicroelectronics FP-SNS-STAIOTCFT 1.0.0
2026-07-22 19:08:49,644 [INFO] ThirdParty:1030 - CMSIS Pack Vendor :STMicroelectronics FP-SNS-SMARTAG2 1.2.0
2026-07-22 19:08:49,644 [INFO] ThirdParty:1030 - CMSIS Pack Vendor :STMicroelectronics FP-SNS-FLIGHT1 5.1.0
2026-07-22 19:08:49,644 [INFO] ThirdParty:1030 - CMSIS Pack Vendor :STMicroelectronics X-CUBE-MEMS1 11.1.0
2026-07-22 19:08:49,644 [INFO] ThirdParty:1030 - CMSIS Pack Vendor :STMicroelectronics X-CUBE-AZRTOS-WL 2.0.0
2026-07-22 19:08:49,644 [INFO] ThirdParty:1030 - CMSIS Pack Vendor :STMicroelectronics X-CUBE-DPower 1.3.0
2026-07-22 19:08:49,644 [INFO] ThirdParty:1030 - CMSIS Pack Vendor :STMicroelectronics FP-SNS-MOTENV1 5.0.0
2026-07-22 19:08:49,644 [INFO] ThirdParty:1030 - CMSIS Pack Vendor :STMicroelectronics USB_DEVICE 1.0.0
2026-07-22 19:08:49,644 [INFO] ThirdParty:1030 - CMSIS Pack Vendor :STMicroelectronics X-CUBE-AZRTOS-H7RS 1.2.0
2026-07-22 19:08:49,644 [INFO] ThirdParty:1030 - CMSIS Pack Vendor :STMicroelectronics X-CUBE-AZRTOS-L4 2.0.0
2026-07-22 19:08:49,644 [INFO] ThirdParty:1030 - CMSIS Pack Vendor :STMicroelectronics ThreadX 0.0.2
2026-07-22 19:08:49,644 [INFO] ThirdParty:1030 - CMSIS Pack Vendor :WES I-CUBE-Cesium 1.3.0
2026-07-22 19:08:49,644 [INFO] ThirdParty:1030 - CMSIS Pack Vendor :STMicroelectronics lwIP 2.1.2
2026-07-22 19:08:49,644 [INFO] ThirdParty:1030 - CMSIS Pack Vendor :STMicroelectronics X-CUBE-SFXS2LP1 4.0.0
2026-07-22 19:08:49,644 [INFO] ThirdParty:1030 - CMSIS Pack Vendor :STMicroelectronics X-CUBE-BLE2 3.3.0
2026-07-22 19:08:49,644 [INFO] ThirdParty:1030 - CMSIS Pack Vendor :Avnet-IOTCONNECT X-CUBE-iotc-st67-sdk 1.0.0
2026-07-22 19:08:49,644 [INFO] ThirdParty:1030 - CMSIS Pack Vendor :STMicroelectronics PDM2PCM 3.2.0
2026-07-22 19:08:49,644 [INFO] ThirdParty:1030 - CMSIS Pack Vendor :STMicroelectronics X-CUBE-WB05N 2.1.0
2026-07-22 19:08:49,644 [INFO] ThirdParty:1030 - CMSIS Pack Vendor :STMicroelectronics X-CUBE-ST67W61 1.2.0
2026-07-22 19:08:49,644 [INFO] ThirdParty:1030 - CMSIS Pack Vendor :STMicroelectronics X-CUBE-AZRTOS-H7 3.3.0
2026-07-22 19:08:49,644 [INFO] ThirdParty:1030 - CMSIS Pack Vendor :STMicroelectronics X-CUBE-NFC9 1.0.0
2026-07-22 19:08:49,644 [INFO] ThirdParty:1030 - CMSIS Pack Vendor :STMicroelectronics X-CUBE-BLE1 7.1.0
2026-07-22 19:08:49,644 [INFO] ThirdParty:1030 - CMSIS Pack Vendor :wolfSSL I-CUBE-wolfMQTT 1.19.2
2026-07-22 19:08:49,644 [INFO] ThirdParty:1030 - CMSIS Pack Vendor :STMicroelectronics USB_DEVICE 3.0.0
2026-07-22 19:08:49,644 [INFO] ThirdParty:1030 - CMSIS Pack Vendor :STMicroelectronics X-CUBE-FREERTOS 1.4.0
2026-07-22 19:08:49,644 [INFO] ThirdParty:1030 - CMSIS Pack Vendor :STMicroelectronics X-CUBE-EEPRMA1 5.2.0
2026-07-22 19:08:49,644 [INFO] ThirdParty:1030 - CMSIS Pack Vendor :STMicroelectronics X-CUBE-BLEMGR 4.1.0
2026-07-22 19:08:49,644 [INFO] ThirdParty:1030 - CMSIS Pack Vendor :STMicroelectronics X-CUBE-AZRTOS-WB 2.0.0
2026-07-22 19:08:49,644 [INFO] ThirdParty:1030 - CMSIS Pack Vendor :STMicroelectronics X-CUBE-GNSS1 7.0.1
2026-07-22 19:08:49,644 [INFO] ThirdParty:1030 - CMSIS Pack Vendor :STMicroelectronics X-CUBE-TOUCHGFX 4.25.0
2026-07-22 19:08:49,644 [INFO] ThirdParty:1030 - CMSIS Pack Vendor :STMicroelectronics X-CUBE-ST67W61 1.1.0
2026-07-22 19:08:49,644 [INFO] ThirdParty:1030 - CMSIS Pack Vendor :STMicroelectronics X-CUBE-AI 10.1.0
2026-07-22 19:08:49,644 [INFO] ThirdParty:1030 - CMSIS Pack Vendor :STMicroelectronics FP-SNS-STBOX1 2.0.0
2026-07-22 19:08:49,644 [INFO] ThirdParty:1030 - CMSIS Pack Vendor :STMicroelectronics FP-SNS-STAIOTCFT 1.1.0
2026-07-22 19:08:49,644 [INFO] ThirdParty:1030 - CMSIS Pack Vendor :STMicroelectronics X-CUBE-MEMS1 12.0.0
2026-07-22 19:08:49,644 [INFO] ThirdParty:1030 - CMSIS Pack Vendor :STMicroelectronics X-CUBE-STSE01 2.0.0
2026-07-22 19:08:49,644 [INFO] ThirdParty:1030 - CMSIS Pack Vendor :STMicroelectronics X-CUBE-AZRTOS-G0 1.1.0
2026-07-22 19:08:49,644 [INFO] ThirdParty:1030 - CMSIS Pack Vendor :STMicroelectronics X-CUBE-SAFEA1 1.2.2
2026-07-22 19:08:49,644 [INFO] ThirdParty:1030 - CMSIS Pack Vendor :STMicroelectronics X-CUBE-NFC4 3.0.0
2026-07-22 19:08:49,644 [INFO] ThirdParty:1030 - CMSIS Pack Vendor :STMicroelectronics X-CUBE-SUBG2 5.0.0
2026-07-22 19:08:49,644 [INFO] ThirdParty:1030 - CMSIS Pack Vendor :STMicroelectronics X-CUBE-AZRTOS-H7RS 1.1.0
2026-07-22 19:08:49,644 [INFO] ThirdParty:1030 - CMSIS Pack Vendor :STMicroelectronics STM32_WPAN 1.0.0
2026-07-22 19:08:49,644 [INFO] ThirdParty:1030 - CMSIS Pack Vendor :EmbeddedOffice I-CUBE-FS-RTOS 1.0.1
2026-07-22 19:08:49,644 [INFO] ThirdParty:1030 - CMSIS Pack Vendor :STMicroelectronics lwIP 2.0.3
2026-07-22 19:08:49,644 [INFO] ThirdParty:1030 - CMSIS Pack Vendor :Cesanta I-CUBE-Mongoose 7.13.0
2026-07-22 19:08:49,644 [INFO] ThirdParty:1030 - CMSIS Pack Vendor :STMicroelectronics USB_HOST 1.0.0
2026-07-22 19:08:49,644 [INFO] ThirdParty:1030 - CMSIS Pack Vendor :STMicroelectronics X-CUBE-AZRTOS-G4 2.0.0
2026-07-22 19:08:49,644 [INFO] ThirdParty:1030 - CMSIS Pack Vendor :STMicroelectronics X-CUBE-WB05N 2.0.0
2026-07-22 19:08:49,644 [INFO] ThirdParty:1030 - CMSIS Pack Vendor :STMicroelectronics PDM2PCM 3.1.0
2026-07-22 19:08:49,644 [INFO] ThirdParty:1030 - CMSIS Pack Vendor :wolfSSL I-CUBE-wolfTPM 3.8.0
2026-07-22 19:08:49,644 [INFO] ThirdParty:1030 - CMSIS Pack Vendor :wolfSSL I-CUBE-wolfSSH 1.4.20
2026-07-22 19:08:49,644 [INFO] ThirdParty:1030 - CMSIS Pack Vendor :STMicroelectronics X-CUBE-NFC7 2.0.0
2026-07-22 19:08:49,644 [INFO] ThirdParty:1030 - CMSIS Pack Vendor :STMicroelectronics X-CUBE-TCPP 4.2.0
2026-07-22 19:08:49,644 [INFO] ThirdParty:1030 - CMSIS Pack Vendor :RealThread X-CUBE-RT-Thread_Nano 4.1.1
2026-07-22 19:08:49,644 [INFO] ThirdParty:1030 - CMSIS Pack Vendor :STMicroelectronics FP-ATR-SIGFOX1 3.2.0
2026-07-22 19:08:49,644 [INFO] ThirdParty:1030 - CMSIS Pack Vendor :quantropi X-CUBE-qispace-sdk-base 1.9.3
2026-07-22 19:08:49,645 [INFO] ThirdParty:1030 - CMSIS Pack Vendor :STMicroelectronics X-CUBE-EEPRMA1 5.1.0
2026-07-22 19:08:49,645 [INFO] ThirdParty:1030 - CMSIS Pack Vendor :STMicroelectronics X-CUBE-FREERTOS 1.5.0
2026-07-22 19:08:49,645 [INFO] ThirdParty:1030 - CMSIS Pack Vendor :STMicroelectronics MBEDTLS 2.16.2
2026-07-22 19:08:49,645 [INFO] ThirdParty:1030 - CMSIS Pack Vendor :STMicroelectronics X-CUBE-IPS 3.1.0
2026-07-22 19:08:49,645 [INFO] ThirdParty:1030 - CMSIS Pack Vendor :STMicroelectronics X-CUBE-ALS 1.0.2
2026-07-22 19:08:49,645 [INFO] ThirdParty:1030 - CMSIS Pack Vendor :wolfSSL I-CUBE-wolfSSL 5.7.6
2026-07-22 19:08:49,645 [INFO] ThirdParty:1030 - CMSIS Pack Vendor :ITTIA_DB I-CUBE-ITTIADB 8.9.0
2026-07-22 19:08:49,645 [INFO] ThirdParty:1030 - CMSIS Pack Vendor :STMicroelectronics X-CUBE-TOUCHGFX 4.24.2
2026-07-22 19:08:49,645 [INFO] ThirdParty:1030 - CMSIS Pack Vendor :STMicroelectronics X-CUBE-STSE01 1.0.0
2026-07-22 19:08:49,645 [INFO] ThirdParty:1030 - CMSIS Pack Vendor :portGmbH I-Cube-SoM-uGOAL 1.1.0
2026-07-22 19:08:49,645 [INFO] ThirdParty:1030 - CMSIS Pack Vendor :STMicroelectronics X-CUBE-NFC6 3.2.0
2026-07-22 19:08:49,645 [INFO] ThirdParty:1030 - CMSIS Pack Vendor :STMicroelectronics X-CUBE-ST67W61 1.0.0
2026-07-22 19:08:49,645 [INFO] ThirdParty:1030 - CMSIS Pack Vendor :STMicroelectronics X-CUBE-AI 10.2.1
2026-07-22 19:08:49,645 [INFO] ThirdParty:1030 - CMSIS Pack Vendor :STMicroelectronics X-CUBE-AI 10.2.0
2026-07-22 19:08:49,645 [INFO] ThirdParty:1030 - CMSIS Pack Vendor :STMicroelectronics ThreadX 1.0.0
2026-07-22 19:08:49,645 [INFO] ThirdParty:1030 - CMSIS Pack Vendor :STMicroelectronics X-CUBE-MEMS1 12.1.0
2026-07-22 19:08:49,645 [INFO] ThirdParty:1030 - CMSIS Pack Vendor :SEGGER I-CUBE-embOS 1.3.1
2026-07-22 19:08:49,645 [INFO] ThirdParty:1030 - CMSIS Pack Vendor :STMicroelectronics X-CUBE-ALGOBUILD 1.4.0
2026-07-22 19:08:49,645 [INFO] ThirdParty:1030 - CMSIS Pack Vendor :STMicroelectronics X-CUBE-MEMS1 11.3.0
2026-07-22 19:08:49,645 [INFO] ThirdParty:1030 - CMSIS Pack Vendor :STMicroelectronics X-CUBE-AZRTOS-H7RS 1.0.0
2026-07-22 19:08:49,645 [INFO] ThirdParty:1030 - CMSIS Pack Vendor :STMicroelectronics X-CUBE-TOF1 3.4.2
2026-07-22 19:08:49,645 [INFO] ThirdParty:1030 - CMSIS Pack Vendor :STMicroelectronics X-CUBE-TOF1 3.4.3
2026-07-22 19:08:49,645 [INFO] ThirdParty:1030 - CMSIS Pack Vendor :STMicroelectronics X-CUBE-AI 9.1.0
2026-07-22 19:08:49,645 [INFO] ThirdParty:1030 - CMSIS Pack Vendor :STMicroelectronics X-CUBE-NFC13 1.0.0
2026-07-22 19:08:49,645 [INFO] ThirdParty:841 - exiting critical section [change project]
2026-07-22 19:08:49,787 [INFO] PinOutPanel:1589 - setPackage(No Configuration,No Configuration)
2026-07-22 19:08:49,788 [INFO] PinOutPanel:1589 - setPackage(STM32G431KBUx,UFQFPN32)
2026-07-22 19:08:49,939 [INFO] UtilMem:75 - Before build in PCC Used Memory: 992288944 Bytes (1073741824)
2026-07-22 19:08:50,209 [INFO] UtilMem:75 - After build in PCC Used Memory: 949869672 Bytes (1073741824)
2026-07-22 19:08:50,224 [INFO] IPUIPlugin:80 - create IPUIPlugin
2026-07-22 19:08:50,224 [INFO] IPUIPlugin:80 - create IPUIPlugin
2026-07-22 19:08:50,224 [INFO] IPUIPlugin:80 - create IPUIPlugin
2026-07-22 19:08:50,224 [INFO] IPUIPlugin:80 - create IPUIPlugin
2026-07-22 19:08:50,224 [INFO] IPUIPlugin:80 - create IPUIPlugin
2026-07-22 19:08:50,224 [INFO] IPUIPlugin:80 - create IPUIPlugin
2026-07-22 19:08:50,224 [INFO] IPUIPlugin:80 - create IPUIPlugin
2026-07-22 19:08:50,224 [INFO] IPUIPlugin:80 - create IPUIPlugin
2026-07-22 19:08:50,224 [INFO] IPUIPlugin:80 - create IPUIPlugin
2026-07-22 19:08:50,224 [INFO] IPUIPlugin:80 - create IPUIPlugin
2026-07-22 19:08:50,224 [INFO] IPUIPlugin:80 - create IPUIPlugin
2026-07-22 19:08:50,224 [INFO] IPUIPlugin:80 - create IPUIPlugin
2026-07-22 19:08:50,224 [INFO] IPUIPlugin:80 - create IPUIPlugin
2026-07-22 19:08:50,224 [INFO] IPUIPlugin:80 - create IPUIPlugin
2026-07-22 19:08:50,225 [INFO] IPUIPlugin:80 - create IPUIPlugin
2026-07-22 19:08:50,225 [INFO] IPUIPlugin:80 - create IPUIPlugin
2026-07-22 19:08:50,225 [INFO] IPUIPlugin:80 - create IPUIPlugin
2026-07-22 19:08:50,225 [INFO] IPUIPlugin:80 - create IPUIPlugin
2026-07-22 19:08:50,225 [INFO] IPUIPlugin:80 - create IPUIPlugin
2026-07-22 19:08:50,225 [INFO] IPUIPlugin:80 - create IPUIPlugin
2026-07-22 19:08:50,225 [INFO] IPUIPlugin:80 - create IPUIPlugin
2026-07-22 19:08:50,225 [INFO] IPUIPlugin:80 - create IPUIPlugin
2026-07-22 19:08:50,225 [INFO] IPUIPlugin:80 - create IPUIPlugin
2026-07-22 19:08:50,225 [INFO] IPUIPlugin:80 - create IPUIPlugin
2026-07-22 19:08:50,225 [INFO] IPUIPlugin:80 - create IPUIPlugin
2026-07-22 19:08:50,225 [INFO] IPUIPlugin:80 - create IPUIPlugin
2026-07-22 19:08:50,225 [INFO] IPUIPlugin:80 - create IPUIPlugin
2026-07-22 19:08:50,225 [INFO] IPUIPlugin:80 - create IPUIPlugin
2026-07-22 19:08:50,225 [INFO] IPUIPlugin:80 - create IPUIPlugin
2026-07-22 19:08:50,225 [INFO] IPUIPlugin:80 - create IPUIPlugin
2026-07-22 19:08:50,226 [INFO] IPUIPlugin:80 - create IPUIPlugin
2026-07-22 19:08:50,226 [INFO] IPUIPlugin:80 - create IPUIPlugin
2026-07-22 19:08:50,226 [INFO] IPUIPlugin:80 - create IPUIPlugin
2026-07-22 19:08:50,226 [INFO] IPUIPlugin:80 - create IPUIPlugin
2026-07-22 19:08:50,226 [INFO] IPUIPlugin:80 - create IPUIPlugin
2026-07-22 19:08:50,226 [INFO] IPUIPlugin:80 - create IPUIPlugin
2026-07-22 19:08:50,226 [INFO] IPUIPlugin:80 - create IPUIPlugin
2026-07-22 19:08:50,226 [INFO] IPUIPlugin:80 - create IPUIPlugin
2026-07-22 19:08:50,226 [INFO] IPUIPlugin:80 - create IPUIPlugin
2026-07-22 19:08:50,226 [INFO] IPUIPlugin:80 - create IPUIPlugin
2026-07-22 19:08:50,227 [INFO] IPUIPlugin:80 - create IPUIPlugin
2026-07-22 19:08:50,227 [INFO] IPUIPlugin:80 - create IPUIPlugin
2026-07-22 19:08:50,227 [INFO] IPUIPlugin:80 - create IPUIPlugin
2026-07-22 19:08:50,227 [INFO] IPUIPlugin:80 - create IPUIPlugin
2026-07-22 19:08:50,227 [INFO] IPUIPlugin:80 - create IPUIPlugin
2026-07-22 19:08:50,227 [INFO] IPUIPlugin:80 - create IPUIPlugin
2026-07-22 19:08:50,227 [INFO] IPUIPlugin:80 - create IPUIPlugin
2026-07-22 19:08:50,227 [INFO] IPUIPlugin:80 - create IPUIPlugin
2026-07-22 19:08:50,227 [INFO] IPUIPlugin:80 - create IPUIPlugin
2026-07-22 19:08:50,227 [INFO] IPUIPlugin:80 - create IPUIPlugin
2026-07-22 19:08:50,227 [INFO] IPUIPlugin:80 - create IPUIPlugin
2026-07-22 19:08:50,228 [INFO] IPUIPlugin:80 - create IPUIPlugin
2026-07-22 19:08:50,228 [INFO] IPUIPlugin:80 - create IPUIPlugin
2026-07-22 19:08:50,228 [INFO] IPUIPlugin:80 - create IPUIPlugin
2026-07-22 19:08:50,228 [INFO] IPUIPlugin:80 - create IPUIPlugin
2026-07-22 19:08:50,228 [INFO] IPUIPlugin:80 - create IPUIPlugin
2026-07-22 19:08:50,235 [WARN] IP:2250 - MessageRAMOffset not found: check if there is a RefParameter without a condition.
2026-07-22 19:08:50,235 [WARN] IP:2250 - RxFifo0ElmtsNbr not found: check if there is a RefParameter without a condition.
2026-07-22 19:08:50,235 [WARN] IP:2250 - RxFifo0ElmtSize not found: check if there is a RefParameter without a condition.
2026-07-22 19:08:50,235 [WARN] IP:2250 - RxFifo1ElmtsNbr not found: check if there is a RefParameter without a condition.
2026-07-22 19:08:50,235 [WARN] IP:2250 - RxFifo1ElmtSize not found: check if there is a RefParameter without a condition.
2026-07-22 19:08:50,235 [WARN] IP:2250 - RxBuffersNbr not found: check if there is a RefParameter without a condition.
2026-07-22 19:08:50,235 [WARN] IP:2250 - RxBufferSize not found: check if there is a RefParameter without a condition.
2026-07-22 19:08:50,235 [WARN] IP:2250 - TxEventsNbr not found: check if there is a RefParameter without a condition.
2026-07-22 19:08:50,235 [WARN] IP:2250 - TxBuffersNbr not found: check if there is a RefParameter without a condition.
2026-07-22 19:08:50,235 [WARN] IP:2250 - TxFifoQueueElmtsNbr not found: check if there is a RefParameter without a condition.
2026-07-22 19:08:50,235 [WARN] IP:2250 - TxElmtSize not found: check if there is a RefParameter without a condition.
2026-07-22 19:08:50,235 [WARN] IP:2250 - ClockCalibrationCCU not found: check if there is a RefParameter without a condition.
2026-07-22 19:08:50,235 [WARN] IP:2250 - ClockDividerCCU not found: check if there is a RefParameter without a condition.
2026-07-22 19:08:50,235 [WARN] IP:2250 - MinOscClkPeriodsCCU not found: check if there is a RefParameter without a condition.
2026-07-22 19:08:50,235 [WARN] IP:2250 - TimeQuantaPerBitTimeCCU not found: check if there is a RefParameter without a condition.
2026-07-22 19:08:50,235 [WARN] IP:2250 - WatchdogStartValueCCU not found: check if there is a RefParameter without a condition.
2026-07-22 19:08:50,237 [INFO] LogOutputStream:77 - [STDOUT_REDIRECT] Nominal 
2026-07-22 19:08:50,237 [INFO] Can:71 - Can Add PropertyChangeListener com.st.microxplorer.plugins.ip.can.Can@ae8bf61
2026-07-22 19:08:50,290 [INFO] CADModel:165 - CPN selected for project levelSTM32G431KBU3
2026-07-22 19:08:50,290 [INFO] CADModel:114 - Register for checkConnection events
2026-07-22 19:08:50,347 [INFO] OpenFileManager:386 - Restore cursor
2026-07-22 19:08:50,536 [WARN] IP:2250 - MessageRAMOffset not found: check if there is a RefParameter without a condition.
2026-07-22 19:08:50,536 [WARN] IP:2250 - RxFifo0ElmtsNbr not found: check if there is a RefParameter without a condition.
2026-07-22 19:08:50,536 [WARN] IP:2250 - RxFifo0ElmtSize not found: check if there is a RefParameter without a condition.
2026-07-22 19:08:50,536 [WARN] IP:2250 - RxFifo1ElmtsNbr not found: check if there is a RefParameter without a condition.
2026-07-22 19:08:50,536 [WARN] IP:2250 - RxFifo1ElmtSize not found: check if there is a RefParameter without a condition.
2026-07-22 19:08:50,536 [WARN] IP:2250 - RxBuffersNbr not found: check if there is a RefParameter without a condition.
2026-07-22 19:08:50,536 [WARN] IP:2250 - RxBufferSize not found: check if there is a RefParameter without a condition.
2026-07-22 19:08:50,536 [WARN] IP:2250 - TxEventsNbr not found: check if there is a RefParameter without a condition.
2026-07-22 19:08:50,536 [WARN] IP:2250 - TxBuffersNbr not found: check if there is a RefParameter without a condition.
2026-07-22 19:08:50,536 [WARN] IP:2250 - TxFifoQueueElmtsNbr not found: check if there is a RefParameter without a condition.
2026-07-22 19:08:50,536 [WARN] IP:2250 - TxElmtSize not found: check if there is a RefParameter without a condition.
2026-07-22 19:08:50,536 [WARN] IP:2250 - ClockCalibrationCCU not found: check if there is a RefParameter without a condition.
2026-07-22 19:08:50,536 [WARN] IP:2250 - ClockDividerCCU not found: check if there is a RefParameter without a condition.
2026-07-22 19:08:50,536 [WARN] IP:2250 - MinOscClkPeriodsCCU not found: check if there is a RefParameter without a condition.
2026-07-22 19:08:50,536 [WARN] IP:2250 - TimeQuantaPerBitTimeCCU not found: check if there is a RefParameter without a condition.
2026-07-22 19:08:50,536 [WARN] IP:2250 - WatchdogStartValueCCU not found: check if there is a RefParameter without a condition.
2026-07-22 19:08:55,982 [INFO] NvicIntPanel:101 - NVIC parent = com.st.microxplorer.plugins.ip.nvic.MultiNvicIntPanel[,0,0,619x406,layout=javax.swing.BoxLayout,alignmentX=0.0,alignmentY=0.0,border=,flags=9,maximumSize=,minimumSize=,preferredSize=]
2026-07-22 21:37:27,728 [INFO] MainUpdater:2872 - connection check result : 10
2026-07-22 21:37:27,728 [INFO] MainUpdater:2872 - connection check result : 10
2026-07-22 21:37:27,747 [INFO] LogOutputStream:77 - [STDOUT_REDIRECT] Nominal 
2026-07-22 21:37:27,749 [INFO] MicroXplorer:468 - Change Database Path : 
2026-07-22 21:37:27,749 [INFO] MicroXplorer:498 - Change Database Version : DB.6.0.150
2026-07-22 21:37:27,805 [ERROR] ProjectManagerView:395 - 
java.lang.NullPointerException: Cannot invoke "javax.swing.JTextField.getText()" because the return value of "java.util.List.get(int)" is null
	at com.st.microxplorer.plugins.projectmanager.gui.ProjectChoiceTab$9.caretUpdate(ProjectChoiceTab.java:2706) ~[filemanager.jar:?]
	at javax.swing.text.JTextComponent.fireCaretUpdate(JTextComponent.java:408) ~[?:?]
	at javax.swing.text.JTextComponent$MutableCaretEvent.fire(JTextComponent.java:4484) ~[?:?]
	at javax.swing.text.JTextComponent$MutableCaretEvent.stateChanged(JTextComponent.java:4506) ~[?:?]
	at javax.swing.text.DefaultCaret.fireStateChanged(DefaultCaret.java:857) ~[?:?]
	at javax.swing.text.DefaultCaret.changeCaretPosition(DefaultCaret.java:1343) ~[?:?]
	at javax.swing.text.DefaultCaret.handleSetDot(DefaultCaret.java:1242) ~[?:?]
	at javax.swing.text.DefaultCaret.setDot(DefaultCaret.java:1223) ~[?:?]
	at javax.swing.text.DefaultCaret$Handler.insertUpdate(DefaultCaret.java:1819) ~[?:?]
	at javax.swing.text.AbstractDocument.fireInsertUpdate(AbstractDocument.java:227) ~[?:?]
	at javax.swing.text.AbstractDocument.handleInsertString(AbstractDocument.java:781) ~[?:?]
	at javax.swing.text.AbstractDocument.insertString(AbstractDocument.java:740) ~[?:?]
	at javax.swing.text.PlainDocument.insertString(PlainDocument.java:131) ~[?:?]
	at javax.swing.text.AbstractDocument.replace(AbstractDocument.java:699) ~[?:?]
	at javax.swing.text.JTextComponent.setText(JTextComponent.java:1725) ~[?:?]
	at com.st.microxplorer.plugins.projectmanager.gui.ProjectChoiceTab.createHeapStackFields(ProjectChoiceTab.java:993) ~[filemanager.jar:?]
	at com.st.microxplorer.plugins.projectmanager.gui.ProjectChoiceTab.buildLinkSettingsPanel(ProjectChoiceTab.java:3813) ~[filemanager.jar:?]
	at com.st.microxplorer.plugins.projectmanager.gui.ProjectChoiceTab.defineWindowsFields(ProjectChoiceTab.java:1987) ~[filemanager.jar:?]
	at com.st.microxplorer.plugins.projectmanager.gui.ProjectChoiceTab.updateSettings(ProjectChoiceTab.java:558) ~[filemanager.jar:?]
	at com.st.microxplorer.plugins.projectmanager.gui.ProjectSettingsPanel.UpdateDialog(ProjectSettingsPanel.java:247) ~[filemanager.jar:?]
	at com.st.microxplorer.plugins.projectmanager.ProjectManagerView.propertyChange(ProjectManagerView.java:392) ~[filemanager.jar:?]
	at java.beans.PropertyChangeSupport.fire(PropertyChangeSupport.java:343) ~[?:?]
	at java.beans.PropertyChangeSupport.firePropertyChange(PropertyChangeSupport.java:335) ~[?:?]
	at java.beans.PropertyChangeSupport.firePropertyChange(PropertyChangeSupport.java:268) ~[?:?]
	at com.st.microxplorer.util.MXPropertyChangeSupport.firePropertyChange(MXPropertyChangeSupport.java:54) ~[STM32CubeMX.jar:?]
	at com.st.microxplorer.mxsystem.MxSystem.closeConfig(MxSystem.java:899) ~[STM32CubeMX.jar:?]
	at com.st.microxplorer.maingui.MainPanel.closeConfig(MainPanel.java:792) ~[STM32CubeMX.jar:?]
	at com.st.microxplorer.plugins.filemanager.engine.OpenFileManager.loadConfigurationFile(OpenFileManager.java:288) ~[filemanager.jar:?]
	at com.st.microxplorer.plugins.filemanager.engine.MainFileManager.userLoadConfig(MainFileManager.java:364) ~[filemanager.jar:?]
	at com.st.microxplorer.plugins.filemanager.engine.MainFileManager.userLoadConfig(MainFileManager.java:342) ~[filemanager.jar:?]
	at com.st.microxplorer.plugins.filemanager.FileManagerView.getSpecificTask(FileManagerView.java:264) ~[filemanager.jar:?]
	at com.st.stm32cube.common.mx.editor.CubeMxEditor.getMxTabbedPaneInstance(CubeMxEditor.java:1198) ~[com.st.stm32cube.common.mx_6.15.0.202507011659/:?]
	at com.st.stm32cube.common.mx.editor.CubeMxEditor$12$1.createSwingComponent(CubeMxEditor.java:1068) ~[com.st.stm32cube.common.mx_6.15.0.202507011659/:?]
	at com.st.stm32cube.common.mx.oss.core.awtswtbridge.EmbeddedSwingComposite.doComponentCreation(EmbeddedSwingComposite.java:492) ~[com.st.stm32cube.common.mx.oss_6.15.0.202507011659/:?]
	at com.st.stm32cube.common.mx.oss.core.awtswtbridge.EmbeddedSwingComposite$4.run(EmbeddedSwingComposite.java:291) ~[com.st.stm32cube.common.mx.oss_6.15.0.202507011659/:?]
	at com.st.stm32cube.common.mx.oss.core.awtswtbridge.AwtEnvironment$2.run(AwtEnvironment.java:166) ~[com.st.stm32cube.common.mx.oss_6.15.0.202507011659/:?]
	at java.awt.event.InvocationEvent.dispatch(InvocationEvent.java:318) ~[?:?]
	at java.awt.EventQueue.dispatchEventImpl(EventQueue.java:773) ~[?:?]
	at java.awt.EventQueue$4.run(EventQueue.java:720) ~[?:?]
	at java.awt.EventQueue$4.run(EventQueue.java:714) ~[?:?]
	at java.security.AccessController.doPrivileged(AccessController.java:400) ~[?:?]
	at java.security.ProtectionDomain$JavaSecurityAccessImpl.doIntersectionPrivilege(ProtectionDomain.java:87) ~[?:?]
	at java.awt.EventQueue.dispatchEvent(EventQueue.java:742) ~[?:?]
	at java.awt.EventDispatchThread.pumpOneEventForFilters(EventDispatchThread.java:203) ~[?:?]
	at java.awt.EventDispatchThread.pumpEventsForFilter(EventDispatchThread.java:124) ~[?:?]
	at java.awt.EventDispatchThread.pumpEventsForHierarchy(EventDispatchThread.java:113) ~[?:?]
	at java.awt.EventDispatchThread.pumpEvents(EventDispatchThread.java:109) ~[?:?]
	at java.awt.EventDispatchThread.pumpEvents(EventDispatchThread.java:101) ~[?:?]
	at java.awt.EventDispatchThread.run(EventDispatchThread.java:90) ~[?:?]
2026-07-22 21:37:27,807 [WARN] ThirdParty:871 - waiting for thirdparty lock release [close project]
2026-07-22 21:37:27,808 [INFO] ThirdParty:873 - entering critical section [close project]
2026-07-22 21:37:27,808 [INFO] ThirdParty:883 - exiting critical section [close project]
2026-07-22 21:37:27,812 [INFO] PinOutPanel:1589 - setPackage(No Configuration,No Configuration)
2026-07-22 21:37:27,830 [INFO] UtilMem:75 - Begin LoadConfig() Used Memory: 978630096 Bytes (1073741824)
2026-07-22 21:37:27,831 [INFO] MicroXplorer:468 - Change Database Path : 
2026-07-22 21:37:27,831 [INFO] MicroXplorer:498 - Change Database Version : DB.6.0.150
2026-07-22 21:37:27,831 [INFO] OpenFileManager:355 - Change cursor
2026-07-22 21:37:27,860 [INFO] Mcu:2029 - Initializing MCU STM32H562RIVx STM32H562RIVx STM32H562RIV6
2026-07-22 21:37:28,944 [WARN] Context:803 - Trying to add IP SBS in context CortexM33 not assigned to a contextSplit
2026-07-22 21:37:30,758 [WARN] Context:803 - Trying to add IP BOOTPATH in context CortexM33 not assigned to a contextSplit
2026-07-22 21:37:30,772 [INFO] Context:786 - Trying to add GPIOservice into a context  which must be forbidden
2026-07-22 21:37:30,772 [INFO] Context:786 - Trying to add GPIOservice into a context  which must be forbidden
2026-07-22 21:37:30,772 [INFO] Context:786 - Trying to add GPIOservice into a context  which must be forbidden
2026-07-22 21:37:30,772 [WARN] Context:803 - Trying to add IP GPIO in context CortexM33 not assigned to a contextSplit
2026-07-22 21:37:31,851 [INFO] ImportTextPane:234 - (OptionalMessage_ERROR) Pin53 (VP_RIF_VS_RIF1) cannot be retrieved for this MCU
2026-07-22 21:37:31,932 [WARN] ModelIntegratedComponent:63 - No mode defined for component null
2026-07-22 21:37:31,932 [WARN] ModelIntegratedComponent:63 - No mode defined for component null
2026-07-22 21:37:31,932 [WARN] ModelIntegratedComponent:63 - No mode defined for component null
2026-07-22 21:37:31,932 [WARN] ModelIntegratedComponent:63 - No mode defined for component null
2026-07-22 21:37:31,933 [WARN] ModelIntegratedComponent:63 - No mode defined for component null
2026-07-22 21:37:31,933 [WARN] ModelIntegratedComponent:63 - No mode defined for component null
2026-07-22 21:37:31,933 [WARN] ModelIntegratedComponent:63 - No mode defined for component null
2026-07-22 21:37:31,933 [WARN] ModelIntegratedComponent:63 - No mode defined for component null
2026-07-22 21:37:31,933 [WARN] ModelIntegratedComponent:63 - No mode defined for component null
2026-07-22 21:37:31,933 [WARN] ModelIntegratedComponent:63 - No mode defined for component null
2026-07-22 21:37:31,933 [WARN] ModelIntegratedComponent:63 - No mode defined for component null
2026-07-22 21:37:31,933 [WARN] ModelIntegratedComponent:63 - No mode defined for component null
2026-07-22 21:37:31,933 [WARN] ModelIntegratedComponent:63 - No mode defined for component null
2026-07-22 21:37:31,933 [WARN] ModelIntegratedComponent:63 - No mode defined for component null
2026-07-22 21:37:31,933 [WARN] ModelIntegratedComponent:63 - No mode defined for component null
2026-07-22 21:37:31,933 [WARN] ModelIntegratedComponent:63 - No mode defined for component null
2026-07-22 21:37:31,933 [WARN] ModelIntegratedComponent:63 - No mode defined for component null
2026-07-22 21:37:31,933 [WARN] ModelIntegratedComponent:63 - No mode defined for component null
2026-07-22 21:37:31,933 [WARN] ModelIntegratedComponent:63 - No mode defined for component null
2026-07-22 21:37:31,933 [WARN] ModelIntegratedComponent:63 - No mode defined for component null
2026-07-22 21:37:31,933 [WARN] ModelIntegratedComponent:63 - No mode defined for component null
2026-07-22 21:37:31,933 [WARN] ModelIntegratedComponent:63 - No mode defined for component null
2026-07-22 21:37:31,933 [WARN] ModelIntegratedComponent:63 - No mode defined for component null
2026-07-22 21:37:31,933 [WARN] ModelIntegratedComponent:63 - No mode defined for component null
2026-07-22 21:37:31,933 [WARN] ModelIntegratedComponent:63 - No mode defined for component null
2026-07-22 21:37:31,933 [WARN] ModelIntegratedComponent:63 - No mode defined for component null
2026-07-22 21:37:31,933 [WARN] ModelIntegratedComponent:63 - No mode defined for component null
2026-07-22 21:37:31,933 [WARN] ModelIntegratedComponent:63 - No mode defined for component null
2026-07-22 21:37:31,933 [WARN] ModelIntegratedComponent:63 - No mode defined for component null
2026-07-22 21:37:31,933 [WARN] ModelIntegratedComponent:63 - No mode defined for component null
2026-07-22 21:37:31,933 [WARN] ModelIntegratedComponent:63 - No mode defined for component null
2026-07-22 21:37:31,933 [WARN] ModelIntegratedComponent:63 - No mode defined for component null
2026-07-22 21:37:31,933 [WARN] ModelIntegratedComponent:63 - No mode defined for component null
2026-07-22 21:37:31,933 [WARN] ModelIntegratedComponent:63 - No mode defined for component null
2026-07-22 21:37:31,933 [WARN] ModelIntegratedComponent:63 - No mode defined for component null
2026-07-22 21:37:31,933 [WARN] ModelPack:524 - Component already loaded: STMicroelectronics:HAL Drivers:0.0.0:STMicroelectronics:Device:STMicro_Driver:XSPI:HAL::0.0.1:HAL_XSPI
2026-07-22 21:37:32,045 [INFO] RtosManager:558 - Registered RTOS mode: class=RTOS, group=ThreadX, mode=Core, owner=THREADX
2026-07-22 21:37:32,110 [INFO] ThirdPartyModel:298 - Start build external matchings
2026-07-22 21:37:32,699 [INFO] ThirdPartyModel:316 - End build external matchings
2026-07-22 21:37:32,729 [INFO] ImportTextPane:234 - (OptionalMessage_ERROR) IP (BOOTPATH) : Invalid parameter (BootPathName)
2026-07-22 21:37:32,734 [WARN] IP:2250 - DATAEXCHANGEDESRCBYTE_GPDMACH5 not found: check if there is a RefParameter without a condition.
2026-07-22 21:37:32,734 [WARN] IP:2250 - DATAEXCHANGEDESTHALFWORD_GPDMACH5 not found: check if there is a RefParameter without a condition.
2026-07-22 21:37:32,738 [WARN] IP:2250 - DATAEXCHANGEDESRCBYTE_GPDMACH4 not found: check if there is a RefParameter without a condition.
2026-07-22 21:37:32,738 [WARN] IP:2250 - DATAEXCHANGEDESTHALFWORD_GPDMACH4 not found: check if there is a RefParameter without a condition.
2026-07-22 21:37:32,742 [WARN] IP:2250 - DATAEXCHANGEDESRCBYTE_GPDMACH2 not found: check if there is a RefParameter without a condition.
2026-07-22 21:37:32,742 [WARN] IP:2250 - DATAEXCHANGEDESTHALFWORD_GPDMACH2 not found: check if there is a RefParameter without a condition.
2026-07-22 21:37:32,746 [WARN] IP:2250 - DATAEXCHANGEDESRCBYTE_GPDMACH1 not found: check if there is a RefParameter without a condition.
2026-07-22 21:37:32,746 [WARN] IP:2250 - DATAEXCHANGEDESTHALFWORD_GPDMACH1 not found: check if there is a RefParameter without a condition.
2026-07-22 21:37:32,750 [WARN] IP:2250 - DATAEXCHANGEDESRCBYTE_GPDMACH5 not found: check if there is a RefParameter without a condition.
2026-07-22 21:37:32,750 [WARN] IP:2250 - DATAEXCHANGEDESTHALFWORD_GPDMACH5 not found: check if there is a RefParameter without a condition.
2026-07-22 21:37:32,754 [WARN] IP:2250 - DATAEXCHANGEDESRCBYTE_GPDMACH4 not found: check if there is a RefParameter without a condition.
2026-07-22 21:37:32,754 [WARN] IP:2250 - DATAEXCHANGEDESTHALFWORD_GPDMACH4 not found: check if there is a RefParameter without a condition.
2026-07-22 21:37:32,758 [WARN] IP:2250 - DATAEXCHANGEDESRCBYTE_GPDMACH2 not found: check if there is a RefParameter without a condition.
2026-07-22 21:37:32,758 [WARN] IP:2250 - DATAEXCHANGEDESTHALFWORD_GPDMACH2 not found: check if there is a RefParameter without a condition.
2026-07-22 21:37:32,763 [WARN] IP:2250 - DATAEXCHANGEDESRCBYTE_GPDMACH1 not found: check if there is a RefParameter without a condition.
2026-07-22 21:37:32,763 [WARN] IP:2250 - DATAEXCHANGEDESTHALFWORD_GPDMACH1 not found: check if there is a RefParameter without a condition.
2026-07-22 21:37:32,766 [WARN] IP:2250 - DATAEXCHANGEDESRCBYTE_GPDMACH0 not found: check if there is a RefParameter without a condition.
2026-07-22 21:37:32,766 [WARN] IP:2250 - DATAEXCHANGEDESTHALFWORD_GPDMACH0 not found: check if there is a RefParameter without a condition.
2026-07-22 21:37:32,769 [WARN] IP:2250 - DATAEXCHANGEDESRCBYTE_GPDMACH1 not found: check if there is a RefParameter without a condition.
2026-07-22 21:37:32,769 [WARN] IP:2250 - DATAEXCHANGEDESTHALFWORD_GPDMACH1 not found: check if there is a RefParameter without a condition.
2026-07-22 21:37:33,118 [INFO] UtilMem:75 - End LoadConfig() Used Memory: 924980792 Bytes (1073741824)
2026-07-22 21:37:33,175 [WARN] ThirdParty:833 - waiting for thirdparty lock release [change project]
2026-07-22 21:37:33,176 [INFO] ThirdParty:835 - entering critical section [change project]
2026-07-22 21:37:33,176 [INFO] ThirdParty:1030 - CMSIS Pack Vendor :STMicroelectronics X-CUBE-AZRTOS-H7 3.5.0
2026-07-22 21:37:33,177 [INFO] ThirdParty:1030 - CMSIS Pack Vendor :STMicroelectronics X-CUBE-PM33A1 1.0.0
2026-07-22 21:37:33,177 [INFO] ThirdParty:1030 - CMSIS Pack Vendor :STMicroelectronics USBPD 4.1
2026-07-22 21:37:33,177 [INFO] ThirdParty:1030 - CMSIS Pack Vendor :STMicroelectronics USB_HOST 2.0.0
2026-07-22 21:37:33,177 [INFO] ThirdParty:1030 - CMSIS Pack Vendor :STMicroelectronics FP-SNS-MOTENVWB1 1.4.0
2026-07-22 21:37:33,177 [INFO] ThirdParty:1030 - CMSIS Pack Vendor :STMicroelectronics FP-ATR-ASTRA1 2.0.3
2026-07-22 21:37:33,177 [INFO] ThirdParty:1030 - CMSIS Pack Vendor :STMicroelectronics X-CUBE-AZRTOS-F4 1.1.0
2026-07-22 21:37:33,177 [INFO] ThirdParty:1030 - CMSIS Pack Vendor :STMicroelectronics LIBJPEG 8.0.0
2026-07-22 21:37:33,177 [INFO] ThirdParty:1030 - CMSIS Pack Vendor :STMicroelectronics FP-ATR-ASTRA1 2.0.2
2026-07-22 21:37:33,177 [INFO] ThirdParty:1030 - CMSIS Pack Vendor :STMicroelectronics FP-ATR-ASTRA1 2.0.1
2026-07-22 21:37:33,178 [INFO] ThirdParty:1030 - CMSIS Pack Vendor :Avnet-IotConnect X-CUBE-IoTC-DA16k-PMOD 1.0.0
2026-07-22 21:37:33,178 [INFO] ThirdParty:1030 - CMSIS Pack Vendor :STMicroelectronics X-CUBE-SMBUS 2.1.0
2026-07-22 21:37:33,178 [INFO] ThirdParty:1030 - CMSIS Pack Vendor :STMicroelectronics X-CUBE-WB05N 1.1.0
2026-07-22 21:37:33,178 [INFO] ThirdParty:1030 - CMSIS Pack Vendor :STMicroelectronics X-CUBE-IPS 3.2.0
2026-07-22 21:37:33,178 [INFO] ThirdParty:1030 - CMSIS Pack Vendor :STMicroelectronics eDS-WB_DPC_TT-BIDIR 2.1.1
2026-07-22 21:37:33,178 [INFO] ThirdParty:1030 - CMSIS Pack Vendor :STMicroelectronics X-CUBE-ST60 1.0.0
2026-07-22 21:37:33,178 [INFO] ThirdParty:1030 - CMSIS Pack Vendor :STMicroelectronics X-CUBE-NFC12 1.0.0
2026-07-22 21:37:33,178 [INFO] ThirdParty:1030 - CMSIS Pack Vendor :STMicroelectronics X-CUBE-AZRTOS-F7 1.1.0
2026-07-22 21:37:33,178 [INFO] ThirdParty:1030 - CMSIS Pack Vendor :STMicroelectronics X-CUBE-AZRTOS-L5 2.0.0
2026-07-22 21:37:33,178 [INFO] ThirdParty:1030 - CMSIS Pack Vendor :STMicroelectronics USB_DEVICE 2.0.0
2026-07-22 21:37:33,178 [INFO] ThirdParty:1030 - CMSIS Pack Vendor :STMicroelectronics X-CUBE-FREERTOS 1.6.0
2026-07-22 21:37:33,178 [INFO] ThirdParty:1030 - CMSIS Pack Vendor :STMicroelectronics X-CUBE-NFC6 3.1.0
2026-07-22 21:37:33,178 [INFO] ThirdParty:1030 - CMSIS Pack Vendor :STMicroelectronics X-CUBE-ALGOBUILD 1.5.0
2026-07-22 21:37:33,178 [INFO] ThirdParty:1030 - CMSIS Pack Vendor :STMicroelectronics FP-SNS-MOTENV1 5.1.0
2026-07-22 21:37:33,178 [INFO] ThirdParty:1030 - CMSIS Pack Vendor :STMicroelectronics FreeRTOS 0.0.1
2026-07-22 21:37:33,179 [INFO] ThirdParty:1030 - CMSIS Pack Vendor :STMicroelectronics X-CUBE-AZRTOS-H7RS 1.3.0
2026-07-22 21:37:33,179 [INFO] ThirdParty:1030 - CMSIS Pack Vendor :STMicroelectronics X-CUBE-DPower 1.2.0
2026-07-22 21:37:33,179 [INFO] ThirdParty:1030 - CMSIS Pack Vendor :STMicroelectronics eDS-WB_DPC_VIENNA 1.2.0
2026-07-22 21:37:33,179 [INFO] ThirdParty:1030 - CMSIS Pack Vendor :STMicroelectronics FP-SNS-FLIGHT1 5.0.2
2026-07-22 21:37:33,179 [INFO] ThirdParty:1030 - CMSIS Pack Vendor :STMicroelectronics eDS-WB_DPC_3PH2L-BIDIR 1.1.1
2026-07-22 21:37:33,179 [INFO] ThirdParty:1030 - CMSIS Pack Vendor :Infineon AIROC-Wi-Fi-Bluetooth-STM32 1.7.0
2026-07-22 21:37:33,179 [INFO] ThirdParty:1030 - CMSIS Pack Vendor :STMicroelectronics PDM2PCM 3.3.0
2026-07-22 21:37:33,179 [INFO] ThirdParty:1030 - CMSIS Pack Vendor :STMicroelectronics X-CUBE-AZRTOS-H7 3.4.0
2026-07-22 21:37:33,179 [INFO] ThirdParty:1030 - CMSIS Pack Vendor :STMicroelectronics X-CUBE-DISPLAY 3.0.0
2026-07-22 21:37:33,179 [INFO] ThirdParty:1030 - CMSIS Pack Vendor :STMicroelectronics X-CUBE-GNSS1 7.1.1
2026-07-22 21:37:33,179 [INFO] ThirdParty:1030 - CMSIS Pack Vendor :STMicroelectronics FP-SNS-MOTENVWB1 1.5.0
2026-07-22 21:37:33,179 [INFO] ThirdParty:1030 - CMSIS Pack Vendor :STMicroelectronics X-CUBE-BLE1 7.0.0
2026-07-22 21:37:33,179 [INFO] ThirdParty:1030 - CMSIS Pack Vendor :STMicroelectronics X-CUBE-NFC10 1.0.0
2026-07-22 21:37:33,179 [INFO] ThirdParty:1030 - CMSIS Pack Vendor :STMicroelectronics X-CUBE-BLEMGR 4.0.0
2026-07-22 21:37:33,179 [INFO] ThirdParty:1030 - CMSIS Pack Vendor :STMicroelectronics X-CUBE-FREERTOS 1.3.1
2026-07-22 21:37:33,179 [INFO] ThirdParty:1030 - CMSIS Pack Vendor :STMicroelectronics HAL Drivers 0.0.0
2026-07-22 21:37:33,179 [INFO] ThirdParty:1030 - CMSIS Pack Vendor :STMicroelectronics X-CUBE-ST60 1.1.0
2026-07-22 21:37:33,179 [INFO] ThirdParty:1030 - CMSIS Pack Vendor :emotas I-CUBE-CANOPEN 1.3.0
2026-07-22 21:37:33,179 [INFO] ThirdParty:1030 - CMSIS Pack Vendor :STMicroelectronics X-CUBE-FREERTOS 1.3.0
2026-07-22 21:37:33,180 [INFO] ThirdParty:1030 - CMSIS Pack Vendor :STMicroelectronics X-CUBE-NFC7 1.0.1
2026-07-22 21:37:33,180 [INFO] ThirdParty:1030 - CMSIS Pack Vendor :STMicroelectronics MBEDTLS 2.14.1
2026-07-22 21:37:33,180 [INFO] ThirdParty:1030 - CMSIS Pack Vendor :STMicroelectronics X-CUBE-GNSS1 7.1.0
2026-07-22 21:37:33,180 [INFO] ThirdParty:1030 - CMSIS Pack Vendor :STMicroelectronics X-CUBE-TOUCHGFX 4.26.0
2026-07-22 21:37:33,180 [INFO] ThirdParty:1030 - CMSIS Pack Vendor :STMicroelectronics X-CUBE-TOUCHGFX 4.26.1
2026-07-22 21:37:33,180 [INFO] ThirdParty:1030 - CMSIS Pack Vendor :STMicroelectronics X-CUBE-AI 10.0.0
2026-07-22 21:37:33,180 [INFO] ThirdParty:1030 - CMSIS Pack Vendor :STMicroelectronics FP-SNS-STBOX1 2.1.0
2026-07-22 21:37:33,180 [INFO] ThirdParty:1030 - CMSIS Pack Vendor :STMicroelectronics FP-SNS-STAIOTCFT 1.0.0
2026-07-22 21:37:33,180 [INFO] ThirdParty:1030 - CMSIS Pack Vendor :STMicroelectronics FP-SNS-SMARTAG2 1.2.0
2026-07-22 21:37:33,180 [INFO] ThirdParty:1030 - CMSIS Pack Vendor :STMicroelectronics FP-SNS-FLIGHT1 5.1.0
2026-07-22 21:37:33,180 [INFO] ThirdParty:1030 - CMSIS Pack Vendor :STMicroelectronics X-CUBE-MEMS1 11.1.0
2026-07-22 21:37:33,180 [INFO] ThirdParty:1030 - CMSIS Pack Vendor :STMicroelectronics X-CUBE-AZRTOS-WL 2.0.0
2026-07-22 21:37:33,180 [INFO] ThirdParty:1030 - CMSIS Pack Vendor :STMicroelectronics X-CUBE-DPower 1.3.0
2026-07-22 21:37:33,180 [INFO] ThirdParty:1030 - CMSIS Pack Vendor :STMicroelectronics FP-SNS-MOTENV1 5.0.0
2026-07-22 21:37:33,180 [INFO] ThirdParty:1030 - CMSIS Pack Vendor :STMicroelectronics USB_DEVICE 1.0.0
2026-07-22 21:37:33,180 [INFO] ThirdParty:1030 - CMSIS Pack Vendor :STMicroelectronics X-CUBE-AZRTOS-H7RS 1.2.0
2026-07-22 21:37:33,180 [INFO] ThirdParty:1030 - CMSIS Pack Vendor :STMicroelectronics X-CUBE-AZRTOS-L4 2.0.0
2026-07-22 21:37:33,181 [INFO] ThirdParty:1030 - CMSIS Pack Vendor :STMicroelectronics ThreadX 0.0.2
2026-07-22 21:37:33,181 [INFO] ThirdParty:1030 - CMSIS Pack Vendor :WES I-CUBE-Cesium 1.3.0
2026-07-22 21:37:33,181 [INFO] ThirdParty:1030 - CMSIS Pack Vendor :STMicroelectronics lwIP 2.1.2
2026-07-22 21:37:33,181 [INFO] ThirdParty:1030 - CMSIS Pack Vendor :STMicroelectronics X-CUBE-SFXS2LP1 4.0.0
2026-07-22 21:37:33,181 [INFO] ThirdParty:1030 - CMSIS Pack Vendor :STMicroelectronics X-CUBE-BLE2 3.3.0
2026-07-22 21:37:33,181 [INFO] ThirdParty:1030 - CMSIS Pack Vendor :Avnet-IOTCONNECT X-CUBE-iotc-st67-sdk 1.0.0
2026-07-22 21:37:33,181 [INFO] ThirdParty:1030 - CMSIS Pack Vendor :STMicroelectronics PDM2PCM 3.2.0
2026-07-22 21:37:33,181 [INFO] ThirdParty:1030 - CMSIS Pack Vendor :STMicroelectronics X-CUBE-WB05N 2.1.0
2026-07-22 21:37:33,181 [INFO] ThirdParty:1030 - CMSIS Pack Vendor :STMicroelectronics X-CUBE-ST67W61 1.2.0
2026-07-22 21:37:33,181 [INFO] ThirdParty:1030 - CMSIS Pack Vendor :STMicroelectronics X-CUBE-AZRTOS-H7 3.3.0
2026-07-22 21:37:33,181 [INFO] ThirdParty:1030 - CMSIS Pack Vendor :STMicroelectronics X-CUBE-NFC9 1.0.0
2026-07-22 21:37:33,181 [INFO] ThirdParty:1030 - CMSIS Pack Vendor :STMicroelectronics X-CUBE-BLE1 7.1.0
2026-07-22 21:37:33,181 [INFO] ThirdParty:1030 - CMSIS Pack Vendor :wolfSSL I-CUBE-wolfMQTT 1.19.2
2026-07-22 21:37:33,181 [INFO] ThirdParty:1030 - CMSIS Pack Vendor :STMicroelectronics USB_DEVICE 3.0.0
2026-07-22 21:37:33,181 [INFO] ThirdParty:1030 - CMSIS Pack Vendor :STMicroelectronics X-CUBE-FREERTOS 1.4.0
2026-07-22 21:37:33,181 [INFO] ThirdParty:1030 - CMSIS Pack Vendor :STMicroelectronics X-CUBE-EEPRMA1 5.2.0
2026-07-22 21:37:33,181 [INFO] ThirdParty:1030 - CMSIS Pack Vendor :STMicroelectronics X-CUBE-BLEMGR 4.1.0
2026-07-22 21:37:33,181 [INFO] ThirdParty:1030 - CMSIS Pack Vendor :STMicroelectronics X-CUBE-AZRTOS-WB 2.0.0
2026-07-22 21:37:33,181 [INFO] ThirdParty:1030 - CMSIS Pack Vendor :STMicroelectronics X-CUBE-GNSS1 7.0.1
2026-07-22 21:37:33,181 [INFO] ThirdParty:1030 - CMSIS Pack Vendor :STMicroelectronics X-CUBE-TOUCHGFX 4.25.0
2026-07-22 21:37:33,181 [INFO] ThirdParty:1030 - CMSIS Pack Vendor :STMicroelectronics X-CUBE-ST67W61 1.1.0
2026-07-22 21:37:33,181 [INFO] ThirdParty:1030 - CMSIS Pack Vendor :STMicroelectronics X-CUBE-AI 10.1.0
2026-07-22 21:37:33,181 [INFO] ThirdParty:1030 - CMSIS Pack Vendor :STMicroelectronics FP-SNS-STBOX1 2.0.0
2026-07-22 21:37:33,181 [INFO] ThirdParty:1030 - CMSIS Pack Vendor :STMicroelectronics FP-SNS-STAIOTCFT 1.1.0
2026-07-22 21:37:33,181 [INFO] ThirdParty:1030 - CMSIS Pack Vendor :STMicroelectronics X-CUBE-MEMS1 12.0.0
2026-07-22 21:37:33,181 [INFO] ThirdParty:1030 - CMSIS Pack Vendor :STMicroelectronics X-CUBE-STSE01 2.0.0
2026-07-22 21:37:33,181 [INFO] ThirdParty:1030 - CMSIS Pack Vendor :STMicroelectronics X-CUBE-AZRTOS-G0 1.1.0
2026-07-22 21:37:33,181 [INFO] ThirdParty:1030 - CMSIS Pack Vendor :STMicroelectronics X-CUBE-SAFEA1 1.2.2
2026-07-22 21:37:33,181 [INFO] ThirdParty:1030 - CMSIS Pack Vendor :STMicroelectronics X-CUBE-NFC4 3.0.0
2026-07-22 21:37:33,182 [INFO] ThirdParty:1030 - CMSIS Pack Vendor :STMicroelectronics X-CUBE-SUBG2 5.0.0
2026-07-22 21:37:33,182 [INFO] ThirdParty:1030 - CMSIS Pack Vendor :STMicroelectronics X-CUBE-AZRTOS-H7RS 1.1.0
2026-07-22 21:37:33,182 [INFO] ThirdParty:1030 - CMSIS Pack Vendor :STMicroelectronics STM32_WPAN 1.0.0
2026-07-22 21:37:33,182 [INFO] ThirdParty:1030 - CMSIS Pack Vendor :EmbeddedOffice I-CUBE-FS-RTOS 1.0.1
2026-07-22 21:37:33,182 [INFO] ThirdParty:1030 - CMSIS Pack Vendor :STMicroelectronics lwIP 2.0.3
2026-07-22 21:37:33,182 [INFO] ThirdParty:1030 - CMSIS Pack Vendor :Cesanta I-CUBE-Mongoose 7.13.0
2026-07-22 21:37:33,182 [INFO] ThirdParty:1030 - CMSIS Pack Vendor :STMicroelectronics USB_HOST 1.0.0
2026-07-22 21:37:33,182 [INFO] ThirdParty:1030 - CMSIS Pack Vendor :STMicroelectronics X-CUBE-AZRTOS-G4 2.0.0
2026-07-22 21:37:33,182 [INFO] ThirdParty:1030 - CMSIS Pack Vendor :STMicroelectronics X-CUBE-WB05N 2.0.0
2026-07-22 21:37:33,182 [INFO] ThirdParty:1030 - CMSIS Pack Vendor :STMicroelectronics PDM2PCM 3.1.0
2026-07-22 21:37:33,182 [INFO] ThirdParty:1030 - CMSIS Pack Vendor :wolfSSL I-CUBE-wolfTPM 3.8.0
2026-07-22 21:37:33,182 [INFO] ThirdParty:1030 - CMSIS Pack Vendor :wolfSSL I-CUBE-wolfSSH 1.4.20
2026-07-22 21:37:33,182 [INFO] ThirdParty:1030 - CMSIS Pack Vendor :STMicroelectronics X-CUBE-NFC7 2.0.0
2026-07-22 21:37:33,182 [INFO] ThirdParty:1030 - CMSIS Pack Vendor :STMicroelectronics X-CUBE-TCPP 4.2.0
2026-07-22 21:37:33,182 [INFO] ThirdParty:1030 - CMSIS Pack Vendor :RealThread X-CUBE-RT-Thread_Nano 4.1.1
2026-07-22 21:37:33,182 [INFO] ThirdParty:1030 - CMSIS Pack Vendor :STMicroelectronics FP-ATR-SIGFOX1 3.2.0
2026-07-22 21:37:33,182 [INFO] ThirdParty:1030 - CMSIS Pack Vendor :quantropi X-CUBE-qispace-sdk-base 1.9.3
2026-07-22 21:37:33,182 [INFO] ThirdParty:1030 - CMSIS Pack Vendor :STMicroelectronics X-CUBE-EEPRMA1 5.1.0
2026-07-22 21:37:33,182 [INFO] ThirdParty:1030 - CMSIS Pack Vendor :STMicroelectronics X-CUBE-FREERTOS 1.5.0
2026-07-22 21:37:33,182 [INFO] ThirdParty:1030 - CMSIS Pack Vendor :STMicroelectronics MBEDTLS 2.16.2
2026-07-22 21:37:33,182 [INFO] ThirdParty:1030 - CMSIS Pack Vendor :STMicroelectronics X-CUBE-IPS 3.1.0
2026-07-22 21:37:33,182 [INFO] ThirdParty:1030 - CMSIS Pack Vendor :STMicroelectronics X-CUBE-ALS 1.0.2
2026-07-22 21:37:33,182 [INFO] ThirdParty:1030 - CMSIS Pack Vendor :wolfSSL I-CUBE-wolfSSL 5.7.6
2026-07-22 21:37:33,182 [INFO] ThirdParty:1030 - CMSIS Pack Vendor :ITTIA_DB I-CUBE-ITTIADB 8.9.0
2026-07-22 21:37:33,183 [INFO] ThirdParty:1030 - CMSIS Pack Vendor :STMicroelectronics X-CUBE-TOUCHGFX 4.24.2
2026-07-22 21:37:33,183 [INFO] ThirdParty:1030 - CMSIS Pack Vendor :STMicroelectronics X-CUBE-STSE01 1.0.0
2026-07-22 21:37:33,183 [INFO] ThirdParty:1030 - CMSIS Pack Vendor :portGmbH I-Cube-SoM-uGOAL 1.1.0
2026-07-22 21:37:33,183 [INFO] ThirdParty:1030 - CMSIS Pack Vendor :STMicroelectronics X-CUBE-NFC6 3.2.0
2026-07-22 21:37:33,183 [INFO] ThirdParty:1030 - CMSIS Pack Vendor :STMicroelectronics X-CUBE-ST67W61 1.0.0
2026-07-22 21:37:33,183 [INFO] ThirdParty:1030 - CMSIS Pack Vendor :STMicroelectronics X-CUBE-AI 10.2.1
2026-07-22 21:37:33,183 [INFO] ThirdParty:1030 - CMSIS Pack Vendor :STMicroelectronics X-CUBE-AI 10.2.0
2026-07-22 21:37:33,183 [INFO] ThirdParty:1030 - CMSIS Pack Vendor :STMicroelectronics ThreadX 1.0.0
2026-07-22 21:37:33,183 [INFO] ThirdParty:1030 - CMSIS Pack Vendor :STMicroelectronics X-CUBE-MEMS1 12.1.0
2026-07-22 21:37:33,183 [INFO] ThirdParty:1030 - CMSIS Pack Vendor :SEGGER I-CUBE-embOS 1.3.1
2026-07-22 21:37:33,183 [INFO] ThirdParty:1030 - CMSIS Pack Vendor :STMicroelectronics X-CUBE-ALGOBUILD 1.4.0
2026-07-22 21:37:33,183 [INFO] ThirdParty:1030 - CMSIS Pack Vendor :STMicroelectronics X-CUBE-MEMS1 11.3.0
2026-07-22 21:37:33,183 [INFO] ThirdParty:1030 - CMSIS Pack Vendor :STMicroelectronics X-CUBE-AZRTOS-H7RS 1.0.0
2026-07-22 21:37:33,183 [INFO] ThirdParty:1030 - CMSIS Pack Vendor :STMicroelectronics X-CUBE-TOF1 3.4.2
2026-07-22 21:37:33,183 [INFO] ThirdParty:1030 - CMSIS Pack Vendor :STMicroelectronics X-CUBE-TOF1 3.4.3
2026-07-22 21:37:33,183 [INFO] ThirdParty:1030 - CMSIS Pack Vendor :STMicroelectronics X-CUBE-AI 9.1.0
2026-07-22 21:37:33,183 [INFO] ThirdParty:1030 - CMSIS Pack Vendor :STMicroelectronics X-CUBE-NFC13 1.0.0
2026-07-22 21:37:33,184 [INFO] ThirdParty:841 - exiting critical section [change project]
2026-07-22 21:37:33,511 [INFO] PinOutPanel:1589 - setPackage(No Configuration,No Configuration)
2026-07-22 21:37:33,512 [INFO] PinOutPanel:1589 - setPackage(STM32H562RIVx,VFQFPN68)
2026-07-22 21:37:33,558 [WARN] IP:2250 - rccPrivilegeSecure not found: check if there is a RefParameter without a condition.
2026-07-22 21:37:33,558 [WARN] IP:2250 - rccSecurity not found: check if there is a RefParameter without a condition.
2026-07-22 21:37:33,703 [WARN] IP:2250 - rccPrivilegeSecure not found: check if there is a RefParameter without a condition.
2026-07-22 21:37:33,703 [WARN] IP:2250 - rccSecurity not found: check if there is a RefParameter without a condition.
2026-07-22 21:37:34,162 [WARN] IP:2250 - rccPrivilegeSecure not found: check if there is a RefParameter without a condition.
2026-07-22 21:37:34,162 [WARN] IP:2250 - rccSecurity not found: check if there is a RefParameter without a condition.
2026-07-22 21:37:34,172 [INFO] UtilMem:75 - Before build in PCC Used Memory: 978587120 Bytes (1073741824)
2026-07-22 21:37:34,627 [INFO] UtilMem:75 - After build in PCC Used Memory: 1009513632 Bytes (1073741824)
2026-07-22 21:37:34,657 [INFO] IPUIPlugin:80 - create IPUIPlugin
2026-07-22 21:37:34,657 [INFO] IPUIPlugin:80 - create IPUIPlugin
2026-07-22 21:37:34,657 [INFO] IPUIPlugin:80 - create IPUIPlugin
2026-07-22 21:37:34,657 [INFO] IPUIPlugin:80 - create IPUIPlugin
2026-07-22 21:37:34,657 [INFO] IPUIPlugin:80 - create IPUIPlugin
2026-07-22 21:37:34,657 [INFO] IPUIPlugin:80 - create IPUIPlugin
2026-07-22 21:37:34,658 [INFO] IPUIPlugin:80 - create IPUIPlugin
2026-07-22 21:37:34,658 [INFO] IPUIPlugin:80 - create IPUIPlugin
2026-07-22 21:37:34,658 [INFO] IPUIPlugin:80 - create IPUIPlugin
2026-07-22 21:37:34,658 [INFO] IPUIPlugin:80 - create IPUIPlugin
2026-07-22 21:37:34,658 [INFO] IPUIPlugin:80 - create IPUIPlugin
2026-07-22 21:37:34,658 [INFO] IPUIPlugin:80 - create IPUIPlugin
2026-07-22 21:37:34,658 [INFO] IPUIPlugin:80 - create IPUIPlugin
2026-07-22 21:37:34,659 [INFO] IPUIPlugin:80 - create IPUIPlugin
2026-07-22 21:37:34,659 [INFO] IPUIPlugin:80 - create IPUIPlugin
2026-07-22 21:37:34,659 [INFO] IPUIPlugin:80 - create IPUIPlugin
2026-07-22 21:37:34,659 [INFO] IPUIPlugin:80 - create IPUIPlugin
2026-07-22 21:37:34,659 [INFO] IPUIPlugin:80 - create IPUIPlugin
2026-07-22 21:37:34,659 [INFO] IPUIPlugin:80 - create IPUIPlugin
2026-07-22 21:37:34,659 [INFO] IPUIPlugin:80 - create IPUIPlugin
2026-07-22 21:37:34,660 [INFO] IPUIPlugin:80 - create IPUIPlugin
2026-07-22 21:37:34,660 [INFO] IPUIPlugin:80 - create IPUIPlugin
2026-07-22 21:37:34,660 [INFO] IPUIPlugin:80 - create IPUIPlugin
2026-07-22 21:37:34,660 [INFO] IPUIPlugin:80 - create IPUIPlugin
2026-07-22 21:37:34,660 [INFO] IPUIPlugin:80 - create IPUIPlugin
2026-07-22 21:37:34,660 [INFO] IPUIPlugin:80 - create IPUIPlugin
2026-07-22 21:37:34,660 [INFO] IPUIPlugin:80 - create IPUIPlugin
2026-07-22 21:37:34,660 [INFO] IPUIPlugin:80 - create IPUIPlugin
2026-07-22 21:37:34,660 [INFO] IPUIPlugin:80 - create IPUIPlugin
2026-07-22 21:37:34,661 [INFO] IPUIPlugin:80 - create IPUIPlugin
2026-07-22 21:37:34,661 [INFO] IPUIPlugin:80 - create IPUIPlugin
2026-07-22 21:37:34,661 [INFO] IPUIPlugin:80 - create IPUIPlugin
2026-07-22 21:37:34,661 [INFO] IPUIPlugin:80 - create IPUIPlugin
2026-07-22 21:37:34,661 [INFO] IPUIPlugin:80 - create IPUIPlugin
2026-07-22 21:37:34,661 [INFO] IPUIPlugin:80 - create IPUIPlugin
2026-07-22 21:37:34,661 [INFO] IPUIPlugin:80 - create IPUIPlugin
2026-07-22 21:37:34,661 [INFO] IPUIPlugin:80 - create IPUIPlugin
2026-07-22 21:37:34,661 [INFO] IPUIPlugin:80 - create IPUIPlugin
2026-07-22 21:37:34,662 [INFO] IPUIPlugin:80 - create IPUIPlugin
2026-07-22 21:37:34,662 [INFO] IPUIPlugin:80 - create IPUIPlugin
2026-07-22 21:37:34,662 [INFO] IPUIPlugin:80 - create IPUIPlugin
2026-07-22 21:37:34,662 [INFO] IPUIPlugin:80 - create IPUIPlugin
2026-07-22 21:37:34,662 [INFO] IPUIPlugin:80 - create IPUIPlugin
2026-07-22 21:37:34,662 [INFO] IPUIPlugin:80 - create IPUIPlugin
2026-07-22 21:37:34,662 [INFO] IPUIPlugin:80 - create IPUIPlugin
2026-07-22 21:37:34,662 [INFO] IPUIPlugin:80 - create IPUIPlugin
2026-07-22 21:37:34,662 [INFO] IPUIPlugin:80 - create IPUIPlugin
2026-07-22 21:37:34,663 [INFO] IPUIPlugin:80 - create IPUIPlugin
2026-07-22 21:37:34,663 [INFO] IPUIPlugin:80 - create IPUIPlugin
2026-07-22 21:37:34,663 [INFO] IPUIPlugin:80 - create IPUIPlugin
2026-07-22 21:37:34,663 [INFO] IPUIPlugin:80 - create IPUIPlugin
2026-07-22 21:37:34,663 [INFO] IPUIPlugin:80 - create IPUIPlugin
2026-07-22 21:37:34,663 [INFO] IPUIPlugin:80 - create IPUIPlugin
2026-07-22 21:37:34,663 [INFO] IPUIPlugin:80 - create IPUIPlugin
2026-07-22 21:37:34,664 [INFO] IPUIPlugin:80 - create IPUIPlugin
2026-07-22 21:37:34,664 [INFO] IPUIPlugin:80 - create IPUIPlugin
2026-07-22 21:37:34,664 [INFO] IPUIPlugin:80 - create IPUIPlugin
2026-07-22 21:37:34,664 [INFO] IPUIPlugin:80 - create IPUIPlugin
2026-07-22 21:37:34,664 [INFO] IPUIPlugin:80 - create IPUIPlugin
2026-07-22 21:37:34,664 [INFO] IPUIPlugin:80 - create IPUIPlugin
2026-07-22 21:37:34,664 [INFO] IPUIPlugin:80 - create IPUIPlugin
2026-07-22 21:37:34,664 [INFO] IPUIPlugin:80 - create IPUIPlugin
2026-07-22 21:37:34,664 [INFO] IPUIPlugin:80 - create IPUIPlugin
2026-07-22 21:37:34,665 [INFO] IPUIPlugin:80 - create IPUIPlugin
2026-07-22 21:37:34,665 [INFO] IPUIPlugin:80 - create IPUIPlugin
2026-07-22 21:37:34,665 [INFO] IPUIPlugin:80 - create IPUIPlugin
2026-07-22 21:37:34,665 [INFO] IPUIPlugin:80 - create IPUIPlugin
2026-07-22 21:37:34,665 [INFO] IPUIPlugin:80 - create IPUIPlugin
2026-07-22 21:37:34,665 [INFO] IPUIPlugin:80 - create IPUIPlugin
2026-07-22 21:37:34,665 [INFO] IPUIPlugin:80 - create IPUIPlugin
2026-07-22 21:37:34,666 [INFO] IPUIPlugin:80 - create IPUIPlugin
2026-07-22 21:37:34,666 [INFO] IPUIPlugin:80 - create IPUIPlugin
2026-07-22 21:37:34,666 [INFO] IPUIPlugin:80 - create IPUIPlugin
2026-07-22 21:37:34,666 [INFO] IPUIPlugin:80 - create IPUIPlugin
2026-07-22 21:37:34,666 [INFO] IPUIPlugin:80 - create IPUIPlugin
2026-07-22 21:37:34,666 [INFO] IPUIPlugin:80 - create IPUIPlugin
2026-07-22 21:37:34,666 [INFO] IPUIPlugin:80 - create IPUIPlugin
2026-07-22 21:37:34,667 [INFO] IPUIPlugin:80 - create IPUIPlugin
2026-07-22 21:37:34,667 [INFO] IPUIPlugin:80 - create IPUIPlugin
2026-07-22 21:37:34,667 [INFO] IPUIPlugin:80 - create IPUIPlugin
2026-07-22 21:37:34,667 [INFO] IPUIPlugin:80 - create IPUIPlugin
2026-07-22 21:37:34,668 [INFO] IPUIPlugin:80 - create IPUIPlugin
2026-07-22 21:37:34,668 [INFO] IPUIPlugin:80 - create IPUIPlugin
2026-07-22 21:37:34,668 [INFO] IPUIPlugin:80 - create IPUIPlugin
2026-07-22 21:37:34,668 [INFO] IPUIPlugin:80 - create IPUIPlugin
2026-07-22 21:37:34,668 [INFO] IPUIPlugin:80 - create IPUIPlugin
2026-07-22 21:37:34,668 [INFO] IPUIPlugin:80 - create IPUIPlugin
2026-07-22 21:37:34,669 [INFO] IPUIPlugin:80 - create IPUIPlugin
2026-07-22 21:37:34,669 [INFO] IPUIPlugin:80 - create IPUIPlugin
2026-07-22 21:37:34,669 [INFO] IPUIPlugin:80 - create IPUIPlugin
2026-07-22 21:37:34,669 [INFO] IPUIPlugin:80 - create IPUIPlugin
2026-07-22 21:37:34,669 [INFO] IPUIPlugin:80 - create IPUIPlugin
2026-07-22 21:37:34,680 [INFO] LogOutputStream:77 - [STDOUT_REDIRECT] Nominal 
2026-07-22 21:37:34,680 [INFO] Can:71 - Can Add PropertyChangeListener com.st.microxplorer.plugins.ip.can.Can@1820a07a
2026-07-22 21:37:34,699 [INFO] ProjectChoiceTab:3673 - Project Structure = Dual Non Secure / Secure
2026-07-22 21:37:34,816 [INFO] CADModel:165 - CPN selected for project levelSTM32H562RIV6
2026-07-22 21:37:34,816 [INFO] CADModel:114 - Register for checkConnection events
2026-07-22 21:37:34,905 [INFO] OpenFileManager:386 - Restore cursor
2026-07-22 21:37:34,981 [WARN] IP:2250 - DATAEXCHANGEDESRCBYTE_GPDMACH5 not found: check if there is a RefParameter without a condition.
2026-07-22 21:37:34,981 [WARN] IP:2250 - DATAEXCHANGEDESTHALFWORD_GPDMACH5 not found: check if there is a RefParameter without a condition.
2026-07-22 21:37:34,988 [WARN] IP:2250 - DATAEXCHANGEDESRCBYTE_GPDMACH4 not found: check if there is a RefParameter without a condition.
2026-07-22 21:37:34,988 [WARN] IP:2250 - DATAEXCHANGEDESTHALFWORD_GPDMACH4 not found: check if there is a RefParameter without a condition.
2026-07-22 21:37:34,993 [WARN] IP:2250 - DATAEXCHANGEDESRCBYTE_GPDMACH2 not found: check if there is a RefParameter without a condition.
2026-07-22 21:37:34,993 [WARN] IP:2250 - DATAEXCHANGEDESTHALFWORD_GPDMACH2 not found: check if there is a RefParameter without a condition.
2026-07-22 21:37:34,996 [WARN] IP:2250 - DATAEXCHANGEDESRCBYTE_GPDMACH1 not found: check if there is a RefParameter without a condition.
2026-07-22 21:37:34,996 [WARN] IP:2250 - DATAEXCHANGEDESTHALFWORD_GPDMACH1 not found: check if there is a RefParameter without a condition.
2026-07-22 21:37:35,011 [WARN] IP:2250 - DATAEXCHANGEDESRCBYTE_GPDMACH1 not found: check if there is a RefParameter without a condition.
2026-07-22 21:37:35,011 [WARN] IP:2250 - DATAEXCHANGEDESTHALFWORD_GPDMACH1 not found: check if there is a RefParameter without a condition.
2026-07-22 21:37:35,015 [WARN] IP:2250 - DATAEXCHANGEDESRCBYTE_GPDMACH0 not found: check if there is a RefParameter without a condition.
2026-07-22 21:37:35,015 [WARN] IP:2250 - DATAEXCHANGEDESTHALFWORD_GPDMACH0 not found: check if there is a RefParameter without a condition.
2026-07-22 21:37:35,081 [WARN] IP:2250 - PinAttribute not found: check if there is a RefParameter without a condition.
2026-07-22 21:37:35,081 [WARN] IP:2250 - PinAttribute not found: check if there is a RefParameter without a condition.
2026-07-22 21:37:35,082 [WARN] IP:2250 - PinAttribute not found: check if there is a RefParameter without a condition.
2026-07-22 21:37:35,088 [WARN] IP:2250 - PinAttribute not found: check if there is a RefParameter without a condition.
2026-07-22 21:37:35,088 [WARN] IP:2250 - PinAttribute not found: check if there is a RefParameter without a condition.
2026-07-22 21:37:35,089 [WARN] IP:2250 - PinAttribute not found: check if there is a RefParameter without a condition.
2026-07-22 21:37:35,089 [WARN] IP:2250 - PinAttribute not found: check if there is a RefParameter without a condition.
2026-07-22 21:37:35,096 [WARN] IP:2250 - PinAttribute not found: check if there is a RefParameter without a condition.
2026-07-22 21:37:35,096 [WARN] IP:2250 - pwrPrivilegeSecure not found: check if there is a RefParameter without a condition.
2026-07-22 21:37:35,096 [WARN] IP:2250 - pwrPrivilegeNSecure not found: check if there is a RefParameter without a condition.
2026-07-22 21:37:35,096 [WARN] IP:2250 - PWR_WKUP1 not found: check if there is a RefParameter without a condition.
2026-07-22 21:37:35,096 [WARN] IP:2250 - PWR_WKUP2 not found: check if there is a RefParameter without a condition.
2026-07-22 21:37:35,096 [WARN] IP:2250 - PWR_WKUP3 not found: check if there is a RefParameter without a condition.
2026-07-22 21:37:35,096 [WARN] IP:2250 - PWR_WKUP4 not found: check if there is a RefParameter without a condition.
2026-07-22 21:37:35,096 [WARN] IP:2250 - PWR_WKUP5 not found: check if there is a RefParameter without a condition.
2026-07-22 21:37:35,096 [WARN] IP:2250 - PWR_WKUP6 not found: check if there is a RefParameter without a condition.
2026-07-22 21:37:35,096 [WARN] IP:2250 - PWR_WKUP7 not found: check if there is a RefParameter without a condition.
2026-07-22 21:37:35,096 [WARN] IP:2250 - PWR_WKUP8 not found: check if there is a RefParameter without a condition.
2026-07-22 21:37:35,096 [WARN] IP:2250 - PWR_LPM not found: check if there is a RefParameter without a condition.
2026-07-22 21:37:35,096 [WARN] IP:2250 - PWR_VB not found: check if there is a RefParameter without a condition.
2026-07-22 21:37:35,096 [WARN] IP:2250 - PWR_IO not found: check if there is a RefParameter without a condition.
2026-07-22 21:37:35,096 [WARN] IP:2250 - PWR_SCM not found: check if there is a RefParameter without a condition.
2026-07-22 21:37:35,096 [WARN] IP:2250 - PWR_VUSB not found: check if there is a RefParameter without a condition.
2026-07-22 21:37:35,096 [WARN] IP:2250 - PinAttribute not found: check if there is a RefParameter without a condition.
2026-07-22 21:37:35,096 [WARN] IP:2250 - PinAttribute not found: check if there is a RefParameter without a condition.
2026-07-22 21:37:35,097 [WARN] IP:2250 - PinAttribute not found: check if there is a RefParameter without a condition.
2026-07-22 21:37:35,101 [WARN] IP:2250 - PinAttribute not found: check if there is a RefParameter without a condition.
2026-07-22 21:37:35,109 [WARN] IP:2250 - PinAttribute not found: check if there is a RefParameter without a condition.
2026-07-22 21:37:35,109 [WARN] IP:2250 - PinAttribute not found: check if there is a RefParameter without a condition.
2026-07-22 21:37:35,122 [WARN] IP:2250 - rccPrivilegeSecure not found: check if there is a RefParameter without a condition.
2026-07-22 21:37:35,122 [WARN] IP:2250 - rccSecurity not found: check if there is a RefParameter without a condition.
2026-07-22 21:37:35,146 [WARN] IP:2250 - PinAttribute not found: check if there is a RefParameter without a condition.
2026-07-22 21:37:35,146 [WARN] IP:2250 - PinAttribute not found: check if there is a RefParameter without a condition.
2026-07-22 21:37:35,147 [WARN] IP:2250 - PinAttribute not found: check if there is a RefParameter without a condition.
2026-07-22 21:37:35,151 [WARN] IP:2250 - PinAttribute not found: check if there is a RefParameter without a condition.
2026-07-22 21:37:35,151 [WARN] IP:2250 - PinAttribute not found: check if there is a RefParameter without a condition.
2026-07-22 21:37:35,151 [WARN] IP:2250 - PinAttribute not found: check if there is a RefParameter without a condition.
2026-07-22 21:37:35,151 [WARN] IP:2250 - PinAttribute not found: check if there is a RefParameter without a condition.
2026-07-22 21:37:35,151 [WARN] IP:2250 - PinAttribute not found: check if there is a RefParameter without a condition.
2026-07-22 21:37:35,151 [WARN] IP:2250 - PinAttribute not found: check if there is a RefParameter without a condition.
2026-07-22 21:37:35,151 [WARN] IP:2250 - PinAttribute not found: check if there is a RefParameter without a condition.
2026-07-22 21:37:35,151 [WARN] IP:2250 - PinAttribute not found: check if there is a RefParameter without a condition.
2026-07-22 21:37:35,151 [WARN] IP:2250 - PinAttribute not found: check if there is a RefParameter without a condition.
2026-07-22 21:37:35,151 [WARN] IP:2250 - PinAttribute not found: check if there is a RefParameter without a condition.
2026-07-22 21:37:35,152 [WARN] IP:2250 - PinAttribute not found: check if there is a RefParameter without a condition.
2026-07-22 21:37:35,152 [WARN] IP:2250 - PinAttribute not found: check if there is a RefParameter without a condition.
2026-07-22 21:37:35,156 [WARN] IP:2250 - PinAttribute not found: check if there is a RefParameter without a condition.
2026-07-22 21:37:35,157 [WARN] IP:2250 - PinAttribute not found: check if there is a RefParameter without a condition.
2026-07-22 21:37:35,157 [WARN] IP:2250 - PinAttribute not found: check if there is a RefParameter without a condition.
2026-07-22 21:37:35,157 [WARN] IP:2250 - PinAttribute not found: check if there is a RefParameter without a condition.
2026-07-22 21:37:35,157 [WARN] IP:2250 - PinAttribute not found: check if there is a RefParameter without a condition.
2026-07-22 21:37:35,157 [WARN] IP:2250 - PinAttribute not found: check if there is a RefParameter without a condition.
2026-07-22 21:37:35,157 [WARN] IP:2250 - PinAttribute not found: check if there is a RefParameter without a condition.
2026-07-22 21:37:35,157 [WARN] IP:2250 - PinAttribute not found: check if there is a RefParameter without a condition.
2026-07-22 21:37:35,157 [WARN] IP:2250 - PinAttribute not found: check if there is a RefParameter without a condition.
2026-07-22 21:37:35,158 [WARN] IP:2250 - rccPrivilegeSecure not found: check if there is a RefParameter without a condition.
2026-07-22 21:37:35,158 [WARN] IP:2250 - rccSecurity not found: check if there is a RefParameter without a condition.
2026-07-22 21:37:35,166 [WARN] IP:2250 - rccPrivilegeSecure not found: check if there is a RefParameter without a condition.
2026-07-22 21:37:35,166 [WARN] IP:2250 - rccSecurity not found: check if there is a RefParameter without a condition.
2026-07-22 21:37:35,180 [WARN] IP:2250 - PinAttribute not found: check if there is a RefParameter without a condition.
2026-07-22 21:37:35,181 [WARN] IP:2250 - PinAttribute not found: check if there is a RefParameter without a condition.
2026-07-22 21:37:35,181 [WARN] IP:2250 - PinAttribute not found: check if there is a RefParameter without a condition.
2026-07-22 21:37:35,188 [WARN] IP:2250 - PinAttribute not found: check if there is a RefParameter without a condition.
2026-07-22 21:37:35,189 [WARN] IP:2250 - PinAttribute not found: check if there is a RefParameter without a condition.
2026-07-22 21:37:35,189 [WARN] IP:2250 - PinAttribute not found: check if there is a RefParameter without a condition.
2026-07-22 21:37:35,195 [WARN] IP:2250 - PinAttribute not found: check if there is a RefParameter without a condition.
2026-07-22 21:37:35,196 [WARN] IP:2250 - PinAttribute not found: check if there is a RefParameter without a condition.
2026-07-22 21:37:35,196 [WARN] IP:2250 - PinAttribute not found: check if there is a RefParameter without a condition.
2026-07-22 21:37:35,202 [WARN] IP:2250 - PinAttribute not found: check if there is a RefParameter without a condition.
2026-07-22 21:37:35,203 [WARN] IP:2250 - PinAttribute not found: check if there is a RefParameter without a condition.
2026-07-22 21:37:35,203 [WARN] IP:2250 - PinAttribute not found: check if there is a RefParameter without a condition.
2026-07-22 21:37:35,203 [WARN] IP:2250 - PinAttribute not found: check if there is a RefParameter without a condition.
2026-07-22 21:37:35,204 [WARN] IP:2250 - PinAttribute not found: check if there is a RefParameter without a condition.
2026-07-22 21:37:35,209 [WARN] IP:2250 - PinAttribute not found: check if there is a RefParameter without a condition.
2026-07-22 21:37:35,209 [WARN] IP:2250 - PinAttribute not found: check if there is a RefParameter without a condition.
2026-07-22 21:37:35,211 [WARN] IP:2250 - PinAttribute not found: check if there is a RefParameter without a condition.
2026-07-22 21:37:35,211 [WARN] IP:2250 - PinAttribute not found: check if there is a RefParameter without a condition.
2026-07-22 21:37:35,212 [WARN] IP:2250 - PinAttribute not found: check if there is a RefParameter without a condition.
2026-07-22 21:37:35,215 [WARN] IP:2250 - PinAttribute not found: check if there is a RefParameter without a condition.
2026-07-22 21:37:35,216 [WARN] IP:2250 - PinAttribute not found: check if there is a RefParameter without a condition.
2026-07-22 21:37:35,216 [WARN] IP:2250 - PinAttribute not found: check if there is a RefParameter without a condition.
2026-07-22 21:37:35,216 [WARN] IP:2250 - PinAttribute not found: check if there is a RefParameter without a condition.
2026-07-22 21:37:35,216 [WARN] IP:2250 - PinAttribute not found: check if there is a RefParameter without a condition.
2026-07-22 21:37:35,219 [WARN] IP:2250 - PinAttribute not found: check if there is a RefParameter without a condition.
2026-07-22 21:37:35,219 [WARN] IP:2250 - PinAttribute not found: check if there is a RefParameter without a condition.
2026-07-22 21:37:35,220 [WARN] IP:2250 - PinAttribute not found: check if there is a RefParameter without a condition.
2026-07-22 21:37:35,220 [WARN] IP:2250 - PinAttribute not found: check if there is a RefParameter without a condition.
2026-07-22 21:37:35,220 [WARN] IP:2250 - PinAttribute not found: check if there is a RefParameter without a condition.
2026-07-22 21:37:35,225 [WARN] IP:2250 - PinAttribute not found: check if there is a RefParameter without a condition.
2026-07-22 21:37:35,226 [WARN] IP:2250 - PinAttribute not found: check if there is a RefParameter without a condition.
2026-07-22 21:37:35,226 [WARN] IP:2250 - PinAttribute not found: check if there is a RefParameter without a condition.
2026-07-22 21:37:35,232 [WARN] IP:2250 - PinAttribute not found: check if there is a RefParameter without a condition.
2026-07-22 21:37:35,233 [WARN] IP:2250 - PinAttribute not found: check if there is a RefParameter without a condition.
2026-07-22 21:37:35,233 [WARN] IP:2250 - PinAttribute not found: check if there is a RefParameter without a condition.
2026-07-22 21:37:35,236 [WARN] IP:2250 - PinAttribute not found: check if there is a RefParameter without a condition.
2026-07-22 21:37:35,236 [WARN] IP:2250 - PinAttribute not found: check if there is a RefParameter without a condition.
2026-07-22 21:37:35,236 [WARN] IP:2250 - PinAttribute not found: check if there is a RefParameter without a condition.
2026-07-22 21:37:35,236 [WARN] IP:2250 - PinAttribute not found: check if there is a RefParameter without a condition.
2026-07-22 21:37:35,236 [WARN] IP:2250 - PinAttribute not found: check if there is a RefParameter without a condition.
2026-07-22 21:37:35,241 [WARN] IP:2250 - PinAttribute not found: check if there is a RefParameter without a condition.
2026-07-22 21:37:35,241 [WARN] IP:2250 - PinAttribute not found: check if there is a RefParameter without a condition.
2026-07-22 21:37:35,242 [WARN] IP:2250 - PinAttribute not found: check if there is a RefParameter without a condition.
2026-07-22 21:37:35,243 [WARN] IP:2250 - PinAttribute not found: check if there is a RefParameter without a condition.
2026-07-22 21:37:35,243 [WARN] IP:2250 - PinAttribute not found: check if there is a RefParameter without a condition.
2026-07-22 21:37:35,246 [WARN] IP:2250 - PinAttribute not found: check if there is a RefParameter without a condition.
2026-07-22 21:37:35,246 [WARN] IP:2250 - PinAttribute not found: check if there is a RefParameter without a condition.
2026-07-22 21:37:35,247 [WARN] IP:2250 - PinAttribute not found: check if there is a RefParameter without a condition.
2026-07-22 21:37:35,247 [WARN] IP:2250 - PinAttribute not found: check if there is a RefParameter without a condition.
2026-07-22 21:37:35,247 [WARN] IP:2250 - PinAttribute not found: check if there is a RefParameter without a condition.
2026-07-22 21:37:35,251 [WARN] IP:2250 - PinAttribute not found: check if there is a RefParameter without a condition.
2026-07-22 21:37:35,251 [WARN] IP:2250 - PinAttribute not found: check if there is a RefParameter without a condition.
2026-07-22 21:37:35,267 [WARN] IP:2250 - PinAttribute not found: check if there is a RefParameter without a condition.
2026-07-22 21:37:35,267 [WARN] IP:2250 - PinAttribute not found: check if there is a RefParameter without a condition.
2026-07-22 21:37:35,268 [WARN] IP:2250 - PinAttribute not found: check if there is a RefParameter without a condition.
2026-07-22 21:37:35,273 [WARN] IP:2250 - PinAttribute not found: check if there is a RefParameter without a condition.
2026-07-22 21:37:35,274 [WARN] IP:2250 - PinAttribute not found: check if there is a RefParameter without a condition.
2026-07-22 21:37:35,274 [WARN] IP:2250 - PinAttribute not found: check if there is a RefParameter without a condition.
2026-07-22 21:37:35,286 [WARN] IP:2250 - PinAttribute not found: check if there is a RefParameter without a condition.
2026-07-22 21:37:35,287 [WARN] IP:2250 - PinAttribute not found: check if there is a RefParameter without a condition.
2026-07-22 21:37:35,288 [WARN] IP:2250 - PinAttribute not found: check if there is a RefParameter without a condition.
2026-07-22 21:37:35,294 [WARN] IP:2250 - PinAttribute not found: check if there is a RefParameter without a condition.
2026-07-22 21:37:35,294 [WARN] IP:2250 - PinAttribute not found: check if there is a RefParameter without a condition.
2026-07-22 21:37:35,295 [WARN] IP:2250 - PinAttribute not found: check if there is a RefParameter without a condition.
2026-07-22 21:37:35,307 [WARN] IP:2250 - PinAttribute not found: check if there is a RefParameter without a condition.
2026-07-22 21:37:35,307 [WARN] IP:2250 - PinAttribute not found: check if there is a RefParameter without a condition.
2026-07-22 21:37:35,307 [WARN] IP:2250 - PinAttribute not found: check if there is a RefParameter without a condition.
2026-07-22 21:37:35,312 [WARN] IP:2250 - PinAttribute not found: check if there is a RefParameter without a condition.
2026-07-22 21:37:35,312 [WARN] IP:2250 - PinAttribute not found: check if there is a RefParameter without a condition.
2026-07-22 21:37:35,312 [WARN] IP:2250 - PinAttribute not found: check if there is a RefParameter without a condition.
2026-07-22 21:37:35,317 [WARN] IP:2250 - PinAttribute not found: check if there is a RefParameter without a condition.
2026-07-22 21:37:35,317 [WARN] IP:2250 - PinAttribute not found: check if there is a RefParameter without a condition.
2026-07-22 21:37:35,318 [WARN] IP:2250 - PinAttribute not found: check if there is a RefParameter without a condition.
2026-07-22 21:37:35,321 [WARN] IP:2250 - PinAttribute not found: check if there is a RefParameter without a condition.
2026-07-22 21:37:35,322 [WARN] IP:2250 - PinAttribute not found: check if there is a RefParameter without a condition.
2026-07-22 21:37:35,322 [WARN] IP:2250 - PinAttribute not found: check if there is a RefParameter without a condition.
2026-07-22 21:37:35,322 [WARN] IP:2250 - PinAttribute not found: check if there is a RefParameter without a condition.
2026-07-22 21:37:35,323 [WARN] IP:2250 - PinAttribute not found: check if there is a RefParameter without a condition.
2026-07-22 21:37:35,328 [WARN] IP:2250 - PinAttribute not found: check if there is a RefParameter without a condition.
2026-07-22 21:37:35,328 [WARN] IP:2250 - PinAttribute not found: check if there is a RefParameter without a condition.
2026-07-22 21:37:35,329 [WARN] IP:2250 - PinAttribute not found: check if there is a RefParameter without a condition.
2026-07-22 21:37:35,330 [WARN] IP:2250 - PinAttribute not found: check if there is a RefParameter without a condition.
2026-07-22 21:37:35,330 [WARN] IP:2250 - PinAttribute not found: check if there is a RefParameter without a condition.
2026-07-22 21:37:35,333 [WARN] IP:2250 - PinAttribute not found: check if there is a RefParameter without a condition.
2026-07-22 21:37:35,333 [WARN] IP:2250 - PinAttribute not found: check if there is a RefParameter without a condition.
2026-07-22 21:37:35,333 [WARN] IP:2250 - PinAttribute not found: check if there is a RefParameter without a condition.
2026-07-22 21:37:35,333 [WARN] IP:2250 - PinAttribute not found: check if there is a RefParameter without a condition.
2026-07-22 21:37:35,333 [WARN] IP:2250 - PinAttribute not found: check if there is a RefParameter without a condition.
2026-07-22 21:37:35,337 [WARN] IP:2250 - PinAttribute not found: check if there is a RefParameter without a condition.
2026-07-22 21:37:35,337 [WARN] IP:2250 - PinAttribute not found: check if there is a RefParameter without a condition.
2026-07-22 21:37:35,341 [WARN] IP:2250 - DATAEXCHANGEDESRCBYTE_GPDMACH1 not found: check if there is a RefParameter without a condition.
2026-07-22 21:37:35,341 [WARN] IP:2250 - DATAEXCHANGEDESTHALFWORD_GPDMACH1 not found: check if there is a RefParameter without a condition.
2026-07-22 21:37:35,344 [WARN] IP:2250 - DATAEXCHANGEDESRCBYTE_GPDMACH0 not found: check if there is a RefParameter without a condition.
2026-07-22 21:37:35,344 [WARN] IP:2250 - DATAEXCHANGEDESTHALFWORD_GPDMACH0 not found: check if there is a RefParameter without a condition.
2026-07-22 21:37:35,358 [WARN] IP:2250 - DATAEXCHANGEDESRCBYTE_GPDMACH1 not found: check if there is a RefParameter without a condition.
2026-07-22 21:37:35,358 [WARN] IP:2250 - DATAEXCHANGEDESTHALFWORD_GPDMACH1 not found: check if there is a RefParameter without a condition.
2026-07-22 21:37:35,361 [WARN] IP:2250 - DATAEXCHANGEDESRCBYTE_GPDMACH0 not found: check if there is a RefParameter without a condition.
2026-07-22 21:37:35,361 [WARN] IP:2250 - DATAEXCHANGEDESTHALFWORD_GPDMACH0 not found: check if there is a RefParameter without a condition.
2026-07-22 21:37:35,368 [WARN] IP:2250 - PinAttribute not found: check if there is a RefParameter without a condition.
2026-07-22 21:37:35,368 [WARN] IP:2250 - PinAttribute not found: check if there is a RefParameter without a condition.
2026-07-22 21:37:35,368 [WARN] IP:2250 - PinAttribute not found: check if there is a RefParameter without a condition.
2026-07-22 21:37:35,374 [WARN] IP:2250 - DATAEXCHANGEDESRCBYTE_GPDMACH1 not found: check if there is a RefParameter without a condition.
2026-07-22 21:37:35,374 [WARN] IP:2250 - DATAEXCHANGEDESTHALFWORD_GPDMACH1 not found: check if there is a RefParameter without a condition.
2026-07-22 21:37:35,389 [WARN] IP:2250 - PinAttribute not found: check if there is a RefParameter without a condition.
2026-07-22 21:37:35,390 [WARN] IP:2250 - PinAttribute not found: check if there is a RefParameter without a condition.
2026-07-22 21:37:35,390 [WARN] IP:2250 - PinAttribute not found: check if there is a RefParameter without a condition.
2026-07-22 21:37:35,397 [WARN] IP:2250 - DATAEXCHANGEDESRCBYTE_GPDMACH5 not found: check if there is a RefParameter without a condition.
2026-07-22 21:37:35,397 [WARN] IP:2250 - DATAEXCHANGEDESTHALFWORD_GPDMACH5 not found: check if there is a RefParameter without a condition.
2026-07-22 21:37:35,400 [WARN] IP:2250 - DATAEXCHANGEDESRCBYTE_GPDMACH4 not found: check if there is a RefParameter without a condition.
2026-07-22 21:37:35,400 [WARN] IP:2250 - DATAEXCHANGEDESTHALFWORD_GPDMACH4 not found: check if there is a RefParameter without a condition.
2026-07-22 21:37:35,404 [WARN] IP:2250 - DATAEXCHANGEDESRCBYTE_GPDMACH2 not found: check if there is a RefParameter without a condition.
2026-07-22 21:37:35,404 [WARN] IP:2250 - DATAEXCHANGEDESTHALFWORD_GPDMACH2 not found: check if there is a RefParameter without a condition.
2026-07-22 21:37:35,408 [WARN] IP:2250 - DATAEXCHANGEDESRCBYTE_GPDMACH1 not found: check if there is a RefParameter without a condition.
2026-07-22 21:37:35,408 [WARN] IP:2250 - DATAEXCHANGEDESTHALFWORD_GPDMACH1 not found: check if there is a RefParameter without a condition.
2026-07-22 21:37:35,429 [WARN] IP:2250 - DATAEXCHANGEDESRCBYTE_GPDMACH5 not found: check if there is a RefParameter without a condition.
2026-07-22 21:37:35,429 [WARN] IP:2250 - DATAEXCHANGEDESTHALFWORD_GPDMACH5 not found: check if there is a RefParameter without a condition.
2026-07-22 21:37:35,434 [WARN] IP:2250 - DATAEXCHANGEDESRCBYTE_GPDMACH4 not found: check if there is a RefParameter without a condition.
2026-07-22 21:37:35,434 [WARN] IP:2250 - DATAEXCHANGEDESTHALFWORD_GPDMACH4 not found: check if there is a RefParameter without a condition.
2026-07-22 21:37:35,439 [WARN] IP:2250 - DATAEXCHANGEDESRCBYTE_GPDMACH2 not found: check if there is a RefParameter without a condition.
2026-07-22 21:37:35,439 [WARN] IP:2250 - DATAEXCHANGEDESTHALFWORD_GPDMACH2 not found: check if there is a RefParameter without a condition.
2026-07-22 21:37:35,444 [WARN] IP:2250 - DATAEXCHANGEDESRCBYTE_GPDMACH1 not found: check if there is a RefParameter without a condition.
2026-07-22 21:37:35,444 [WARN] IP:2250 - DATAEXCHANGEDESTHALFWORD_GPDMACH1 not found: check if there is a RefParameter without a condition.
2026-07-22 21:37:35,472 [WARN] IP:2250 - PinAttribute not found: check if there is a RefParameter without a condition.
2026-07-22 21:37:35,473 [WARN] IP:2250 - PinAttribute not found: check if there is a RefParameter without a condition.
2026-07-22 21:37:35,473 [WARN] IP:2250 - PinAttribute not found: check if there is a RefParameter without a condition.
2026-07-22 21:37:35,481 [WARN] IP:2250 - DATAEXCHANGEDESRCBYTE_GPDMACH5 not found: check if there is a RefParameter without a condition.
2026-07-22 21:37:35,481 [WARN] IP:2250 - DATAEXCHANGEDESTHALFWORD_GPDMACH5 not found: check if there is a RefParameter without a condition.
2026-07-22 21:37:35,485 [WARN] IP:2250 - DATAEXCHANGEDESRCBYTE_GPDMACH4 not found: check if there is a RefParameter without a condition.
2026-07-22 21:37:35,485 [WARN] IP:2250 - DATAEXCHANGEDESTHALFWORD_GPDMACH4 not found: check if there is a RefParameter without a condition.
2026-07-22 21:37:35,488 [WARN] IP:2250 - DATAEXCHANGEDESRCBYTE_GPDMACH2 not found: check if there is a RefParameter without a condition.
2026-07-22 21:37:35,488 [WARN] IP:2250 - DATAEXCHANGEDESTHALFWORD_GPDMACH2 not found: check if there is a RefParameter without a condition.
2026-07-22 21:37:35,502 [WARN] IP:2250 - PinAttribute not found: check if there is a RefParameter without a condition.
2026-07-22 21:37:35,502 [WARN] IP:2250 - PinAttribute not found: check if there is a RefParameter without a condition.
2026-07-22 21:37:35,502 [WARN] IP:2250 - PinAttribute not found: check if there is a RefParameter without a condition.
2026-07-22 21:37:35,502 [WARN] IP:2250 - PinAttribute not found: check if there is a RefParameter without a condition.
2026-07-22 21:37:35,502 [WARN] IP:2250 - PinAttribute not found: check if there is a RefParameter without a condition.
2026-07-22 21:37:35,502 [WARN] IP:2250 - PinAttribute not found: check if there is a RefParameter without a condition.
2026-07-22 21:37:35,502 [WARN] IP:2250 - PinAttribute not found: check if there is a RefParameter without a condition.
2026-07-22 21:37:35,502 [WARN] IP:2250 - PinAttribute not found: check if there is a RefParameter without a condition.
2026-07-22 21:37:35,503 [WARN] IP:2250 - PinAttribute not found: check if there is a RefParameter without a condition.
2026-07-22 21:37:35,503 [WARN] IP:2250 - PinAttribute not found: check if there is a RefParameter without a condition.
2026-07-22 21:37:35,503 [WARN] IP:2250 - PinAttribute not found: check if there is a RefParameter without a condition.
2026-07-22 21:37:35,503 [WARN] IP:2250 - PinAttribute not found: check if there is a RefParameter without a condition.
2026-07-22 21:37:35,503 [WARN] IP:2250 - PinAttribute not found: check if there is a RefParameter without a condition.
2026-07-22 21:37:35,503 [WARN] IP:2250 - PinAttribute not found: check if there is a RefParameter without a condition.
2026-07-22 21:37:35,503 [WARN] IP:2250 - PinAttribute not found: check if there is a RefParameter without a condition.
2026-07-22 21:37:35,503 [WARN] IP:2250 - PinAttribute not found: check if there is a RefParameter without a condition.
2026-07-22 21:37:35,503 [WARN] IP:2250 - PinAttribute not found: check if there is a RefParameter without a condition.
2026-07-22 21:37:35,503 [WARN] IP:2250 - PinAttribute not found: check if there is a RefParameter without a condition.
2026-07-22 21:37:35,503 [WARN] IP:2250 - PinAttribute not found: check if there is a RefParameter without a condition.
2026-07-22 21:37:35,503 [WARN] IP:2250 - PinAttribute not found: check if there is a RefParameter without a condition.
2026-07-22 21:37:35,503 [WARN] IP:2250 - PinAttribute not found: check if there is a RefParameter without a condition.
2026-07-22 21:37:35,503 [WARN] IP:2250 - PinAttribute not found: check if there is a RefParameter without a condition.
2026-07-22 21:37:35,504 [WARN] IP:2250 - PinAttribute not found: check if there is a RefParameter without a condition.
2026-07-22 21:37:35,504 [WARN] IP:2250 - PinAttribute not found: check if there is a RefParameter without a condition.
2026-07-22 21:37:35,504 [WARN] IP:2250 - PinAttribute not found: check if there is a RefParameter without a condition.
2026-07-22 21:37:35,504 [WARN] IP:2250 - PinAttribute not found: check if there is a RefParameter without a condition.
2026-07-22 21:37:35,504 [WARN] IP:2250 - PinAttribute not found: check if there is a RefParameter without a condition.
2026-07-22 21:37:35,504 [WARN] IP:2250 - PinAttribute not found: check if there is a RefParameter without a condition.
2026-07-22 21:37:35,504 [WARN] IP:2250 - PinAttribute not found: check if there is a RefParameter without a condition.
2026-07-22 21:37:35,504 [WARN] IP:2250 - PinAttribute not found: check if there is a RefParameter without a condition.
2026-07-22 21:37:35,505 [WARN] IP:2250 - PinAttribute not found: check if there is a RefParameter without a condition.
2026-07-22 21:37:35,505 [WARN] IP:2250 - PinAttribute not found: check if there is a RefParameter without a condition.
2026-07-22 21:37:35,505 [WARN] IP:2250 - PinAttribute not found: check if there is a RefParameter without a condition.
2026-07-22 21:37:35,505 [WARN] IP:2250 - PinAttribute not found: check if there is a RefParameter without a condition.
2026-07-22 21:37:35,505 [WARN] IP:2250 - PinAttribute not found: check if there is a RefParameter without a condition.
2026-07-22 21:37:35,505 [WARN] IP:2250 - PinAttribute not found: check if there is a RefParameter without a condition.
2026-07-22 21:37:35,505 [WARN] IP:2250 - PinAttribute not found: check if there is a RefParameter without a condition.
2026-07-22 21:37:35,506 [WARN] IP:2250 - PinAttribute not found: check if there is a RefParameter without a condition.
2026-07-22 21:37:35,506 [WARN] IP:2250 - PinAttribute not found: check if there is a RefParameter without a condition.
2026-07-22 21:37:35,508 [WARN] IP:2250 - PinAttribute not found: check if there is a RefParameter without a condition.
2026-07-22 21:37:35,509 [WARN] IP:2250 - PinAttribute not found: check if there is a RefParameter without a condition.
2026-07-22 21:37:35,509 [WARN] IP:2250 - PinAttribute not found: check if there is a RefParameter without a condition.
2026-07-22 21:37:35,512 [WARN] IP:2250 - PinAttribute not found: check if there is a RefParameter without a condition.
2026-07-22 21:37:35,512 [WARN] IP:2250 - PinAttribute not found: check if there is a RefParameter without a condition.
2026-07-22 21:37:35,512 [WARN] IP:2250 - PinAttribute not found: check if there is a RefParameter without a condition.
2026-07-22 21:37:35,512 [WARN] IP:2250 - PinAttribute not found: check if there is a RefParameter without a condition.
2026-07-22 21:37:35,512 [WARN] IP:2250 - PinAttribute not found: check if there is a RefParameter without a condition.
2026-07-22 21:37:35,515 [WARN] IP:2250 - PinAttribute not found: check if there is a RefParameter without a condition.
2026-07-22 21:37:35,515 [WARN] IP:2250 - PinAttribute not found: check if there is a RefParameter without a condition.
2026-07-22 21:37:35,515 [WARN] IP:2250 - PinAttribute not found: check if there is a RefParameter without a condition.
2026-07-22 21:37:35,515 [WARN] IP:2250 - PinAttribute not found: check if there is a RefParameter without a condition.
2026-07-22 21:37:35,515 [WARN] IP:2250 - PinAttribute not found: check if there is a RefParameter without a condition.
2026-07-22 21:37:39,995 [WARN] IP:2250 - PinAttribute not found: check if there is a RefParameter without a condition.
2026-07-22 21:37:39,996 [WARN] IP:2250 - PinAttribute not found: check if there is a RefParameter without a condition.
2026-07-22 21:37:39,996 [WARN] IP:2250 - PinAttribute not found: check if there is a RefParameter without a condition.
2026-07-22 21:37:40,000 [WARN] IP:2250 - PinAttribute not found: check if there is a RefParameter without a condition.
2026-07-22 21:37:40,000 [WARN] IP:2250 - PinAttribute not found: check if there is a RefParameter without a condition.
2026-07-22 21:37:40,001 [WARN] IP:2250 - PinAttribute not found: check if there is a RefParameter without a condition.
2026-07-22 21:37:40,001 [WARN] IP:2250 - PinAttribute not found: check if there is a RefParameter without a condition.
2026-07-22 21:37:40,001 [WARN] IP:2250 - PinAttribute not found: check if there is a RefParameter without a condition.
2026-07-22 21:37:40,005 [WARN] IP:2250 - PinAttribute not found: check if there is a RefParameter without a condition.
2026-07-22 21:37:40,005 [WARN] IP:2250 - PinAttribute not found: check if there is a RefParameter without a condition.
2026-07-22 21:37:40,005 [WARN] IP:2250 - PinAttribute not found: check if there is a RefParameter without a condition.
2026-07-22 21:37:40,015 [WARN] IP:2250 - PinAttribute not found: check if there is a RefParameter without a condition.
2026-07-22 21:37:40,015 [WARN] IP:2250 - PinAttribute not found: check if there is a RefParameter without a condition.
2026-07-22 21:37:40,015 [WARN] IP:2250 - PinAttribute not found: check if there is a RefParameter without a condition.
2026-07-22 21:37:40,015 [WARN] IP:2250 - PinAttribute not found: check if there is a RefParameter without a condition.
2026-07-22 21:37:40,016 [WARN] IP:2250 - PinAttribute not found: check if there is a RefParameter without a condition.
2026-07-22 21:37:40,016 [WARN] IP:2250 - PinAttribute not found: check if there is a RefParameter without a condition.
2026-07-22 21:37:40,016 [WARN] IP:2250 - PinAttribute not found: check if there is a RefParameter without a condition.
2026-07-22 21:37:40,016 [WARN] IP:2250 - PinAttribute not found: check if there is a RefParameter without a condition.
2026-07-22 21:37:40,016 [WARN] IP:2250 - PinAttribute not found: check if there is a RefParameter without a condition.
2026-07-22 21:37:40,017 [WARN] IP:2250 - PinAttribute not found: check if there is a RefParameter without a condition.
2026-07-22 21:37:40,017 [WARN] IP:2250 - PinAttribute not found: check if there is a RefParameter without a condition.
2026-07-22 21:37:40,017 [WARN] IP:2250 - PinAttribute not found: check if there is a RefParameter without a condition.
2026-07-22 21:37:40,017 [WARN] IP:2250 - PinAttribute not found: check if there is a RefParameter without a condition.
2026-07-22 21:37:40,017 [WARN] IP:2250 - PinAttribute not found: check if there is a RefParameter without a condition.
2026-07-22 21:37:40,018 [WARN] IP:2250 - PinAttribute not found: check if there is a RefParameter without a condition.
2026-07-22 21:37:40,018 [WARN] IP:2250 - PinAttribute not found: check if there is a RefParameter without a condition.
2026-07-22 21:37:40,018 [WARN] IP:2250 - PinAttribute not found: check if there is a RefParameter without a condition.
2026-07-22 21:37:40,018 [WARN] IP:2250 - PinAttribute not found: check if there is a RefParameter without a condition.
2026-07-22 21:37:40,019 [WARN] IP:2250 - PinAttribute not found: check if there is a RefParameter without a condition.
2026-07-22 21:37:40,019 [WARN] IP:2250 - PinAttribute not found: check if there is a RefParameter without a condition.
2026-07-22 21:37:40,019 [WARN] IP:2250 - PinAttribute not found: check if there is a RefParameter without a condition.
2026-07-22 21:37:40,019 [WARN] IP:2250 - PinAttribute not found: check if there is a RefParameter without a condition.
2026-07-22 21:37:40,020 [WARN] IP:2250 - PinAttribute not found: check if there is a RefParameter without a condition.
2026-07-22 21:37:40,020 [WARN] IP:2250 - PinAttribute not found: check if there is a RefParameter without a condition.
2026-07-22 21:37:40,020 [WARN] IP:2250 - PinAttribute not found: check if there is a RefParameter without a condition.
2026-07-22 21:37:40,020 [WARN] IP:2250 - PinAttribute not found: check if there is a RefParameter without a condition.
2026-07-22 21:37:40,020 [WARN] IP:2250 - PinAttribute not found: check if there is a RefParameter without a condition.
2026-07-22 21:37:40,020 [WARN] IP:2250 - PinAttribute not found: check if there is a RefParameter without a condition.
2026-07-22 21:37:40,021 [WARN] IP:2250 - PinAttribute not found: check if there is a RefParameter without a condition.
2026-07-22 21:37:40,021 [WARN] IP:2250 - PinAttribute not found: check if there is a RefParameter without a condition.
2026-07-22 21:37:40,021 [WARN] IP:2250 - PinAttribute not found: check if there is a RefParameter without a condition.
2026-07-22 21:37:40,021 [WARN] IP:2250 - PinAttribute not found: check if there is a RefParameter without a condition.
2026-07-22 21:37:40,022 [WARN] IP:2250 - PinAttribute not found: check if there is a RefParameter without a condition.
2026-07-22 21:37:40,022 [WARN] IP:2250 - PinAttribute not found: check if there is a RefParameter without a condition.
2026-07-22 21:37:40,023 [WARN] IP:2250 - PinAttribute not found: check if there is a RefParameter without a condition.
2026-07-22 21:37:40,023 [WARN] IP:2250 - PinAttribute not found: check if there is a RefParameter without a condition.
2026-07-22 21:37:40,046 [WARN] IP:2250 - PinAttribute not found: check if there is a RefParameter without a condition.
2026-07-22 21:37:40,046 [WARN] IP:2250 - PinAttribute not found: check if there is a RefParameter without a condition.
2026-07-22 21:37:40,047 [WARN] IP:2250 - PinAttribute not found: check if there is a RefParameter without a condition.
2026-07-22 21:37:40,050 [WARN] IP:2250 - PinAttribute not found: check if there is a RefParameter without a condition.
2026-07-22 21:37:40,050 [WARN] IP:2250 - PinAttribute not found: check if there is a RefParameter without a condition.
2026-07-22 21:37:40,050 [WARN] IP:2250 - PinAttribute not found: check if there is a RefParameter without a condition.
2026-07-22 21:37:40,051 [WARN] IP:2250 - PinAttribute not found: check if there is a RefParameter without a condition.
2026-07-22 21:37:40,051 [WARN] IP:2250 - PinAttribute not found: check if there is a RefParameter without a condition.
2026-07-22 21:37:40,054 [WARN] IP:2250 - PinAttribute not found: check if there is a RefParameter without a condition.
2026-07-22 21:37:40,054 [WARN] IP:2250 - PinAttribute not found: check if there is a RefParameter without a condition.
2026-07-22 21:37:44,231 [INFO] NvicIntPanel:101 - NVIC parent = com.st.microxplorer.plugins.ip.nvic.MultiNvicIntPanel[,0,0,739x406,layout=javax.swing.BoxLayout,alignmentX=0.0,alignmentY=0.0,border=,flags=9,maximumSize=,minimumSize=,preferredSize=]
2026-07-22 21:37:44,232 [WARN] IP:2250 - PinAttribute not found: check if there is a RefParameter without a condition.
2026-07-22 21:37:44,232 [WARN] IP:2250 - PinAttribute not found: check if there is a RefParameter without a condition.
2026-07-22 21:37:44,232 [WARN] IP:2250 - PinAttribute not found: check if there is a RefParameter without a condition.
2026-07-22 21:39:37,674 [INFO] MainUpdater:2872 - connection check result : 10
2026-07-22 21:39:37,674 [INFO] MainUpdater:2872 - connection check result : 10
2026-07-22 21:39:37,688 [INFO] LogOutputStream:77 - [STDOUT_REDIRECT] Nominal 
2026-07-22 21:39:37,762 [INFO] I2cTimingTraitement:330 - 0x10802D9B
2026-07-22 21:39:37,814 [INFO] I2cTimingTraitement:330 - 0x00802172
2026-07-22 21:39:37,820 [INFO] MicroXplorer:468 - Change Database Path : 
2026-07-22 21:39:37,820 [INFO] MicroXplorer:498 - Change Database Version : DB.6.0.150
2026-07-22 21:39:37,845 [INFO] ProjectChoiceTab:3673 - Project Structure = Dual Non Secure / Secure
2026-07-22 21:39:37,846 [ERROR] ProjectManagerView:395 - 
java.lang.NullPointerException: Cannot invoke "javax.swing.JTextField.getText()" because the return value of "java.util.List.get(int)" is null
	at com.st.microxplorer.plugins.projectmanager.gui.ProjectChoiceTab$9.caretUpdate(ProjectChoiceTab.java:2706) ~[filemanager.jar:?]
	at javax.swing.text.JTextComponent.fireCaretUpdate(JTextComponent.java:408) ~[?:?]
	at javax.swing.text.JTextComponent$MutableCaretEvent.fire(JTextComponent.java:4484) ~[?:?]
	at javax.swing.text.JTextComponent$MutableCaretEvent.stateChanged(JTextComponent.java:4506) ~[?:?]
	at javax.swing.text.DefaultCaret.fireStateChanged(DefaultCaret.java:857) ~[?:?]
	at javax.swing.text.DefaultCaret.changeCaretPosition(DefaultCaret.java:1343) ~[?:?]
	at javax.swing.text.DefaultCaret.handleSetDot(DefaultCaret.java:1242) ~[?:?]
	at javax.swing.text.DefaultCaret.setDot(DefaultCaret.java:1223) ~[?:?]
	at javax.swing.text.DefaultCaret$Handler.insertUpdate(DefaultCaret.java:1819) ~[?:?]
	at javax.swing.text.AbstractDocument.fireInsertUpdate(AbstractDocument.java:227) ~[?:?]
	at javax.swing.text.AbstractDocument.handleInsertString(AbstractDocument.java:781) ~[?:?]
	at javax.swing.text.AbstractDocument.insertString(AbstractDocument.java:740) ~[?:?]
	at javax.swing.text.PlainDocument.insertString(PlainDocument.java:131) ~[?:?]
	at javax.swing.text.AbstractDocument.replace(AbstractDocument.java:699) ~[?:?]
	at javax.swing.text.JTextComponent.setText(JTextComponent.java:1725) ~[?:?]
	at com.st.microxplorer.plugins.projectmanager.gui.ProjectChoiceTab.createHeapStackFields(ProjectChoiceTab.java:993) ~[filemanager.jar:?]
	at com.st.microxplorer.plugins.projectmanager.gui.ProjectChoiceTab.buildLinkSettingsPanel(ProjectChoiceTab.java:3813) ~[filemanager.jar:?]
	at com.st.microxplorer.plugins.projectmanager.gui.ProjectChoiceTab.defineWindowsFields(ProjectChoiceTab.java:1987) ~[filemanager.jar:?]
	at com.st.microxplorer.plugins.projectmanager.gui.ProjectChoiceTab.updateSettings(ProjectChoiceTab.java:558) ~[filemanager.jar:?]
	at com.st.microxplorer.plugins.projectmanager.gui.ProjectSettingsPanel.UpdateDialog(ProjectSettingsPanel.java:247) ~[filemanager.jar:?]
	at com.st.microxplorer.plugins.projectmanager.ProjectManagerView.propertyChange(ProjectManagerView.java:392) ~[filemanager.jar:?]
	at java.beans.PropertyChangeSupport.fire(PropertyChangeSupport.java:343) ~[?:?]
	at java.beans.PropertyChangeSupport.firePropertyChange(PropertyChangeSupport.java:335) ~[?:?]
	at java.beans.PropertyChangeSupport.firePropertyChange(PropertyChangeSupport.java:268) ~[?:?]
	at com.st.microxplorer.util.MXPropertyChangeSupport.firePropertyChange(MXPropertyChangeSupport.java:54) ~[STM32CubeMX.jar:?]
	at com.st.microxplorer.mxsystem.MxSystem.closeConfig(MxSystem.java:899) ~[STM32CubeMX.jar:?]
	at com.st.microxplorer.maingui.MainPanel.closeConfig(MainPanel.java:792) ~[STM32CubeMX.jar:?]
	at com.st.microxplorer.plugins.filemanager.engine.OpenFileManager.loadConfigurationFile(OpenFileManager.java:288) ~[filemanager.jar:?]
	at com.st.microxplorer.plugins.filemanager.engine.MainFileManager.userLoadConfig(MainFileManager.java:364) ~[filemanager.jar:?]
	at com.st.microxplorer.plugins.filemanager.engine.MainFileManager.userLoadConfig(MainFileManager.java:342) ~[filemanager.jar:?]
	at com.st.microxplorer.plugins.filemanager.FileManagerView.getSpecificTask(FileManagerView.java:264) ~[filemanager.jar:?]
	at com.st.stm32cube.common.mx.editor.CubeMxEditor.getMxTabbedPaneInstance(CubeMxEditor.java:1198) ~[com.st.stm32cube.common.mx_6.15.0.202507011659/:?]
	at com.st.stm32cube.common.mx.editor.CubeMxEditor$12$1.createSwingComponent(CubeMxEditor.java:1068) ~[com.st.stm32cube.common.mx_6.15.0.202507011659/:?]
	at com.st.stm32cube.common.mx.oss.core.awtswtbridge.EmbeddedSwingComposite.doComponentCreation(EmbeddedSwingComposite.java:492) ~[com.st.stm32cube.common.mx.oss_6.15.0.202507011659/:?]
	at com.st.stm32cube.common.mx.oss.core.awtswtbridge.EmbeddedSwingComposite$4.run(EmbeddedSwingComposite.java:291) ~[com.st.stm32cube.common.mx.oss_6.15.0.202507011659/:?]
	at com.st.stm32cube.common.mx.oss.core.awtswtbridge.AwtEnvironment$2.run(AwtEnvironment.java:166) ~[com.st.stm32cube.common.mx.oss_6.15.0.202507011659/:?]
	at java.awt.event.InvocationEvent.dispatch(InvocationEvent.java:318) ~[?:?]
	at java.awt.EventQueue.dispatchEventImpl(EventQueue.java:773) ~[?:?]
	at java.awt.EventQueue$4.run(EventQueue.java:720) ~[?:?]
	at java.awt.EventQueue$4.run(EventQueue.java:714) ~[?:?]
	at java.security.AccessController.doPrivileged(AccessController.java:400) ~[?:?]
	at java.security.ProtectionDomain$JavaSecurityAccessImpl.doIntersectionPrivilege(ProtectionDomain.java:87) ~[?:?]
	at java.awt.EventQueue.dispatchEvent(EventQueue.java:742) ~[?:?]
	at java.awt.EventDispatchThread.pumpOneEventForFilters(EventDispatchThread.java:203) ~[?:?]
	at java.awt.EventDispatchThread.pumpEventsForFilter(EventDispatchThread.java:124) ~[?:?]
	at java.awt.EventDispatchThread.pumpEventsForHierarchy(EventDispatchThread.java:113) ~[?:?]
	at java.awt.EventDispatchThread.pumpEvents(EventDispatchThread.java:109) ~[?:?]
	at java.awt.EventDispatchThread.pumpEvents(EventDispatchThread.java:101) ~[?:?]
	at java.awt.EventDispatchThread.run(EventDispatchThread.java:90) ~[?:?]
2026-07-22 21:39:37,848 [WARN] ThirdParty:871 - waiting for thirdparty lock release [close project]
2026-07-22 21:39:37,849 [INFO] ThirdParty:873 - entering critical section [close project]
2026-07-22 21:39:37,849 [INFO] ThirdParty:883 - exiting critical section [close project]
2026-07-22 21:39:37,852 [INFO] PinOutPanel:1589 - setPackage(No Configuration,No Configuration)
2026-07-22 21:39:37,867 [INFO] UtilMem:75 - Begin LoadConfig() Used Memory: 1011671096 Bytes (1073741824)
2026-07-22 21:39:37,869 [INFO] MicroXplorer:468 - Change Database Path : 
2026-07-22 21:39:37,869 [INFO] MicroXplorer:498 - Change Database Version : DB.6.0.150
2026-07-22 21:39:37,869 [INFO] OpenFileManager:355 - Change cursor
2026-07-22 21:39:37,882 [INFO] Mcu:2029 - Initializing MCU STM32H562RIVx STM32H562RIVx STM32H562RIV6
2026-07-22 21:39:38,530 [WARN] Context:803 - Trying to add IP SBS in context CortexM33 not assigned to a contextSplit
2026-07-22 21:39:39,959 [WARN] Context:803 - Trying to add IP BOOTPATH in context CortexM33 not assigned to a contextSplit
2026-07-22 21:39:39,993 [INFO] Context:786 - Trying to add GPIOservice into a context  which must be forbidden
2026-07-22 21:39:39,993 [INFO] Context:786 - Trying to add GPIOservice into a context  which must be forbidden
2026-07-22 21:39:39,993 [INFO] Context:786 - Trying to add GPIOservice into a context  which must be forbidden
2026-07-22 21:39:39,993 [WARN] Context:803 - Trying to add IP GPIO in context CortexM33 not assigned to a contextSplit
2026-07-22 21:39:41,216 [INFO] ImportTextPane:234 - (OptionalMessage_ERROR) Pin53 (VP_RIF_VS_RIF1) cannot be retrieved for this MCU
2026-07-22 21:39:41,298 [WARN] ModelIntegratedComponent:63 - No mode defined for component null
2026-07-22 21:39:41,298 [WARN] ModelIntegratedComponent:63 - No mode defined for component null
2026-07-22 21:39:41,298 [WARN] ModelIntegratedComponent:63 - No mode defined for component null
2026-07-22 21:39:41,298 [WARN] ModelIntegratedComponent:63 - No mode defined for component null
2026-07-22 21:39:41,298 [WARN] ModelIntegratedComponent:63 - No mode defined for component null
2026-07-22 21:39:41,298 [WARN] ModelIntegratedComponent:63 - No mode defined for component null
2026-07-22 21:39:41,298 [WARN] ModelIntegratedComponent:63 - No mode defined for component null
2026-07-22 21:39:41,298 [WARN] ModelIntegratedComponent:63 - No mode defined for component null
2026-07-22 21:39:41,298 [WARN] ModelIntegratedComponent:63 - No mode defined for component null
2026-07-22 21:39:41,298 [WARN] ModelIntegratedComponent:63 - No mode defined for component null
2026-07-22 21:39:41,298 [WARN] ModelIntegratedComponent:63 - No mode defined for component null
2026-07-22 21:39:41,298 [WARN] ModelIntegratedComponent:63 - No mode defined for component null
2026-07-22 21:39:41,298 [WARN] ModelIntegratedComponent:63 - No mode defined for component null
2026-07-22 21:39:41,298 [WARN] ModelIntegratedComponent:63 - No mode defined for component null
2026-07-22 21:39:41,298 [WARN] ModelIntegratedComponent:63 - No mode defined for component null
2026-07-22 21:39:41,298 [WARN] ModelIntegratedComponent:63 - No mode defined for component null
2026-07-22 21:39:41,298 [WARN] ModelIntegratedComponent:63 - No mode defined for component null
2026-07-22 21:39:41,298 [WARN] ModelIntegratedComponent:63 - No mode defined for component null
2026-07-22 21:39:41,298 [WARN] ModelIntegratedComponent:63 - No mode defined for component null
2026-07-22 21:39:41,298 [WARN] ModelIntegratedComponent:63 - No mode defined for component null
2026-07-22 21:39:41,298 [WARN] ModelIntegratedComponent:63 - No mode defined for component null
2026-07-22 21:39:41,298 [WARN] ModelIntegratedComponent:63 - No mode defined for component null
2026-07-22 21:39:41,298 [WARN] ModelIntegratedComponent:63 - No mode defined for component null
2026-07-22 21:39:41,298 [WARN] ModelIntegratedComponent:63 - No mode defined for component null
2026-07-22 21:39:41,298 [WARN] ModelIntegratedComponent:63 - No mode defined for component null
2026-07-22 21:39:41,298 [WARN] ModelIntegratedComponent:63 - No mode defined for component null
2026-07-22 21:39:41,298 [WARN] ModelIntegratedComponent:63 - No mode defined for component null
2026-07-22 21:39:41,298 [WARN] ModelIntegratedComponent:63 - No mode defined for component null
2026-07-22 21:39:41,298 [WARN] ModelIntegratedComponent:63 - No mode defined for component null
2026-07-22 21:39:41,298 [WARN] ModelIntegratedComponent:63 - No mode defined for component null
2026-07-22 21:39:41,298 [WARN] ModelIntegratedComponent:63 - No mode defined for component null
2026-07-22 21:39:41,298 [WARN] ModelIntegratedComponent:63 - No mode defined for component null
2026-07-22 21:39:41,298 [WARN] ModelIntegratedComponent:63 - No mode defined for component null
2026-07-22 21:39:41,298 [WARN] ModelIntegratedComponent:63 - No mode defined for component null
2026-07-22 21:39:41,298 [WARN] ModelIntegratedComponent:63 - No mode defined for component null
2026-07-22 21:39:41,298 [WARN] ModelPack:524 - Component already loaded: STMicroelectronics:HAL Drivers:0.0.0:STMicroelectronics:Device:STMicro_Driver:XSPI:HAL::0.0.1:HAL_XSPI
2026-07-22 21:39:41,413 [INFO] RtosManager:558 - Registered RTOS mode: class=RTOS, group=ThreadX, mode=Core, owner=THREADX
2026-07-22 21:39:41,489 [INFO] ThirdPartyModel:298 - Start build external matchings
2026-07-22 21:39:42,071 [INFO] ThirdPartyModel:316 - End build external matchings
2026-07-22 21:39:42,103 [INFO] ImportTextPane:234 - (OptionalMessage_ERROR) IP (BOOTPATH) : Invalid parameter (BootPathName)
2026-07-22 21:39:42,108 [WARN] IP:2250 - DATAEXCHANGEDESRCBYTE_GPDMACH5 not found: check if there is a RefParameter without a condition.
2026-07-22 21:39:42,108 [WARN] IP:2250 - DATAEXCHANGEDESTHALFWORD_GPDMACH5 not found: check if there is a RefParameter without a condition.
2026-07-22 21:39:42,112 [WARN] IP:2250 - DATAEXCHANGEDESRCBYTE_GPDMACH4 not found: check if there is a RefParameter without a condition.
2026-07-22 21:39:42,112 [WARN] IP:2250 - DATAEXCHANGEDESTHALFWORD_GPDMACH4 not found: check if there is a RefParameter without a condition.
2026-07-22 21:39:42,116 [WARN] IP:2250 - DATAEXCHANGEDESRCBYTE_GPDMACH2 not found: check if there is a RefParameter without a condition.
2026-07-22 21:39:42,116 [WARN] IP:2250 - DATAEXCHANGEDESTHALFWORD_GPDMACH2 not found: check if there is a RefParameter without a condition.
2026-07-22 21:39:42,120 [WARN] IP:2250 - DATAEXCHANGEDESRCBYTE_GPDMACH1 not found: check if there is a RefParameter without a condition.
2026-07-22 21:39:42,120 [WARN] IP:2250 - DATAEXCHANGEDESTHALFWORD_GPDMACH1 not found: check if there is a RefParameter without a condition.
2026-07-22 21:39:42,125 [WARN] IP:2250 - DATAEXCHANGEDESRCBYTE_GPDMACH5 not found: check if there is a RefParameter without a condition.
2026-07-22 21:39:42,125 [WARN] IP:2250 - DATAEXCHANGEDESTHALFWORD_GPDMACH5 not found: check if there is a RefParameter without a condition.
2026-07-22 21:39:42,129 [WARN] IP:2250 - DATAEXCHANGEDESRCBYTE_GPDMACH4 not found: check if there is a RefParameter without a condition.
2026-07-22 21:39:42,129 [WARN] IP:2250 - DATAEXCHANGEDESTHALFWORD_GPDMACH4 not found: check if there is a RefParameter without a condition.
2026-07-22 21:39:42,133 [WARN] IP:2250 - DATAEXCHANGEDESRCBYTE_GPDMACH2 not found: check if there is a RefParameter without a condition.
2026-07-22 21:39:42,133 [WARN] IP:2250 - DATAEXCHANGEDESTHALFWORD_GPDMACH2 not found: check if there is a RefParameter without a condition.
2026-07-22 21:39:42,137 [WARN] IP:2250 - DATAEXCHANGEDESRCBYTE_GPDMACH1 not found: check if there is a RefParameter without a condition.
2026-07-22 21:39:42,137 [WARN] IP:2250 - DATAEXCHANGEDESTHALFWORD_GPDMACH1 not found: check if there is a RefParameter without a condition.
2026-07-22 21:39:42,140 [WARN] IP:2250 - DATAEXCHANGEDESRCBYTE_GPDMACH0 not found: check if there is a RefParameter without a condition.
2026-07-22 21:39:42,140 [WARN] IP:2250 - DATAEXCHANGEDESTHALFWORD_GPDMACH0 not found: check if there is a RefParameter without a condition.
2026-07-22 21:39:42,143 [WARN] IP:2250 - DATAEXCHANGEDESRCBYTE_GPDMACH1 not found: check if there is a RefParameter without a condition.
2026-07-22 21:39:42,143 [WARN] IP:2250 - DATAEXCHANGEDESTHALFWORD_GPDMACH1 not found: check if there is a RefParameter without a condition.
2026-07-22 21:39:42,534 [INFO] UtilMem:75 - End LoadConfig() Used Memory: 994102728 Bytes (1073741824)
2026-07-22 21:39:42,586 [WARN] ThirdParty:833 - waiting for thirdparty lock release [change project]
2026-07-22 21:39:42,586 [INFO] ThirdParty:835 - entering critical section [change project]
2026-07-22 21:39:42,586 [INFO] ThirdParty:1030 - CMSIS Pack Vendor :STMicroelectronics X-CUBE-AZRTOS-H7 3.5.0
2026-07-22 21:39:42,586 [INFO] ThirdParty:1030 - CMSIS Pack Vendor :STMicroelectronics X-CUBE-PM33A1 1.0.0
2026-07-22 21:39:42,586 [INFO] ThirdParty:1030 - CMSIS Pack Vendor :STMicroelectronics USBPD 4.1
2026-07-22 21:39:42,586 [INFO] ThirdParty:1030 - CMSIS Pack Vendor :STMicroelectronics USB_HOST 2.0.0
2026-07-22 21:39:42,586 [INFO] ThirdParty:1030 - CMSIS Pack Vendor :STMicroelectronics FP-SNS-MOTENVWB1 1.4.0
2026-07-22 21:39:42,586 [INFO] ThirdParty:1030 - CMSIS Pack Vendor :STMicroelectronics FP-ATR-ASTRA1 2.0.3
2026-07-22 21:39:42,586 [INFO] ThirdParty:1030 - CMSIS Pack Vendor :STMicroelectronics X-CUBE-AZRTOS-F4 1.1.0
2026-07-22 21:39:42,586 [INFO] ThirdParty:1030 - CMSIS Pack Vendor :STMicroelectronics LIBJPEG 8.0.0
2026-07-22 21:39:42,586 [INFO] ThirdParty:1030 - CMSIS Pack Vendor :STMicroelectronics FP-ATR-ASTRA1 2.0.2
2026-07-22 21:39:42,586 [INFO] ThirdParty:1030 - CMSIS Pack Vendor :STMicroelectronics FP-ATR-ASTRA1 2.0.1
2026-07-22 21:39:42,586 [INFO] ThirdParty:1030 - CMSIS Pack Vendor :Avnet-IotConnect X-CUBE-IoTC-DA16k-PMOD 1.0.0
2026-07-22 21:39:42,586 [INFO] ThirdParty:1030 - CMSIS Pack Vendor :STMicroelectronics X-CUBE-SMBUS 2.1.0
2026-07-22 21:39:42,586 [INFO] ThirdParty:1030 - CMSIS Pack Vendor :STMicroelectronics X-CUBE-WB05N 1.1.0
2026-07-22 21:39:42,586 [INFO] ThirdParty:1030 - CMSIS Pack Vendor :STMicroelectronics X-CUBE-IPS 3.2.0
2026-07-22 21:39:42,586 [INFO] ThirdParty:1030 - CMSIS Pack Vendor :STMicroelectronics eDS-WB_DPC_TT-BIDIR 2.1.1
2026-07-22 21:39:42,586 [INFO] ThirdParty:1030 - CMSIS Pack Vendor :STMicroelectronics X-CUBE-ST60 1.0.0
2026-07-22 21:39:42,586 [INFO] ThirdParty:1030 - CMSIS Pack Vendor :STMicroelectronics X-CUBE-NFC12 1.0.0
2026-07-22 21:39:42,586 [INFO] ThirdParty:1030 - CMSIS Pack Vendor :STMicroelectronics X-CUBE-AZRTOS-F7 1.1.0
2026-07-22 21:39:42,586 [INFO] ThirdParty:1030 - CMSIS Pack Vendor :STMicroelectronics X-CUBE-AZRTOS-L5 2.0.0
2026-07-22 21:39:42,586 [INFO] ThirdParty:1030 - CMSIS Pack Vendor :STMicroelectronics USB_DEVICE 2.0.0
2026-07-22 21:39:42,586 [INFO] ThirdParty:1030 - CMSIS Pack Vendor :STMicroelectronics X-CUBE-FREERTOS 1.6.0
2026-07-22 21:39:42,586 [INFO] ThirdParty:1030 - CMSIS Pack Vendor :STMicroelectronics X-CUBE-NFC6 3.1.0
2026-07-22 21:39:42,586 [INFO] ThirdParty:1030 - CMSIS Pack Vendor :STMicroelectronics X-CUBE-ALGOBUILD 1.5.0
2026-07-22 21:39:42,586 [INFO] ThirdParty:1030 - CMSIS Pack Vendor :STMicroelectronics FP-SNS-MOTENV1 5.1.0
2026-07-22 21:39:42,586 [INFO] ThirdParty:1030 - CMSIS Pack Vendor :STMicroelectronics FreeRTOS 0.0.1
2026-07-22 21:39:42,586 [INFO] ThirdParty:1030 - CMSIS Pack Vendor :STMicroelectronics X-CUBE-AZRTOS-H7RS 1.3.0
2026-07-22 21:39:42,586 [INFO] ThirdParty:1030 - CMSIS Pack Vendor :STMicroelectronics X-CUBE-DPower 1.2.0
2026-07-22 21:39:42,586 [INFO] ThirdParty:1030 - CMSIS Pack Vendor :STMicroelectronics eDS-WB_DPC_VIENNA 1.2.0
2026-07-22 21:39:42,586 [INFO] ThirdParty:1030 - CMSIS Pack Vendor :STMicroelectronics FP-SNS-FLIGHT1 5.0.2
2026-07-22 21:39:42,586 [INFO] ThirdParty:1030 - CMSIS Pack Vendor :STMicroelectronics eDS-WB_DPC_3PH2L-BIDIR 1.1.1
2026-07-22 21:39:42,586 [INFO] ThirdParty:1030 - CMSIS Pack Vendor :Infineon AIROC-Wi-Fi-Bluetooth-STM32 1.7.0
2026-07-22 21:39:42,586 [INFO] ThirdParty:1030 - CMSIS Pack Vendor :STMicroelectronics PDM2PCM 3.3.0
2026-07-22 21:39:42,586 [INFO] ThirdParty:1030 - CMSIS Pack Vendor :STMicroelectronics X-CUBE-AZRTOS-H7 3.4.0
2026-07-22 21:39:42,586 [INFO] ThirdParty:1030 - CMSIS Pack Vendor :STMicroelectronics X-CUBE-DISPLAY 3.0.0
2026-07-22 21:39:42,586 [INFO] ThirdParty:1030 - CMSIS Pack Vendor :STMicroelectronics X-CUBE-GNSS1 7.1.1
2026-07-22 21:39:42,586 [INFO] ThirdParty:1030 - CMSIS Pack Vendor :STMicroelectronics FP-SNS-MOTENVWB1 1.5.0
2026-07-22 21:39:42,586 [INFO] ThirdParty:1030 - CMSIS Pack Vendor :STMicroelectronics X-CUBE-BLE1 7.0.0
2026-07-22 21:39:42,586 [INFO] ThirdParty:1030 - CMSIS Pack Vendor :STMicroelectronics X-CUBE-NFC10 1.0.0
2026-07-22 21:39:42,586 [INFO] ThirdParty:1030 - CMSIS Pack Vendor :STMicroelectronics X-CUBE-BLEMGR 4.0.0
2026-07-22 21:39:42,586 [INFO] ThirdParty:1030 - CMSIS Pack Vendor :STMicroelectronics X-CUBE-FREERTOS 1.3.1
2026-07-22 21:39:42,586 [INFO] ThirdParty:1030 - CMSIS Pack Vendor :STMicroelectronics HAL Drivers 0.0.0
2026-07-22 21:39:42,586 [INFO] ThirdParty:1030 - CMSIS Pack Vendor :STMicroelectronics X-CUBE-ST60 1.1.0
2026-07-22 21:39:42,586 [INFO] ThirdParty:1030 - CMSIS Pack Vendor :emotas I-CUBE-CANOPEN 1.3.0
2026-07-22 21:39:42,586 [INFO] ThirdParty:1030 - CMSIS Pack Vendor :STMicroelectronics X-CUBE-FREERTOS 1.3.0
2026-07-22 21:39:42,586 [INFO] ThirdParty:1030 - CMSIS Pack Vendor :STMicroelectronics X-CUBE-NFC7 1.0.1
2026-07-22 21:39:42,586 [INFO] ThirdParty:1030 - CMSIS Pack Vendor :STMicroelectronics MBEDTLS 2.14.1
2026-07-22 21:39:42,586 [INFO] ThirdParty:1030 - CMSIS Pack Vendor :STMicroelectronics X-CUBE-GNSS1 7.1.0
2026-07-22 21:39:42,586 [INFO] ThirdParty:1030 - CMSIS Pack Vendor :STMicroelectronics X-CUBE-TOUCHGFX 4.26.0
2026-07-22 21:39:42,586 [INFO] ThirdParty:1030 - CMSIS Pack Vendor :STMicroelectronics X-CUBE-TOUCHGFX 4.26.1
2026-07-22 21:39:42,586 [INFO] ThirdParty:1030 - CMSIS Pack Vendor :STMicroelectronics X-CUBE-AI 10.0.0
2026-07-22 21:39:42,586 [INFO] ThirdParty:1030 - CMSIS Pack Vendor :STMicroelectronics FP-SNS-STBOX1 2.1.0
2026-07-22 21:39:42,586 [INFO] ThirdParty:1030 - CMSIS Pack Vendor :STMicroelectronics FP-SNS-STAIOTCFT 1.0.0
2026-07-22 21:39:42,586 [INFO] ThirdParty:1030 - CMSIS Pack Vendor :STMicroelectronics FP-SNS-SMARTAG2 1.2.0
2026-07-22 21:39:42,586 [INFO] ThirdParty:1030 - CMSIS Pack Vendor :STMicroelectronics FP-SNS-FLIGHT1 5.1.0
2026-07-22 21:39:42,586 [INFO] ThirdParty:1030 - CMSIS Pack Vendor :STMicroelectronics X-CUBE-MEMS1 11.1.0
2026-07-22 21:39:42,586 [INFO] ThirdParty:1030 - CMSIS Pack Vendor :STMicroelectronics X-CUBE-AZRTOS-WL 2.0.0
2026-07-22 21:39:42,586 [INFO] ThirdParty:1030 - CMSIS Pack Vendor :STMicroelectronics X-CUBE-DPower 1.3.0
2026-07-22 21:39:42,586 [INFO] ThirdParty:1030 - CMSIS Pack Vendor :STMicroelectronics FP-SNS-MOTENV1 5.0.0
2026-07-22 21:39:42,586 [INFO] ThirdParty:1030 - CMSIS Pack Vendor :STMicroelectronics USB_DEVICE 1.0.0
2026-07-22 21:39:42,586 [INFO] ThirdParty:1030 - CMSIS Pack Vendor :STMicroelectronics X-CUBE-AZRTOS-H7RS 1.2.0
2026-07-22 21:39:42,586 [INFO] ThirdParty:1030 - CMSIS Pack Vendor :STMicroelectronics X-CUBE-AZRTOS-L4 2.0.0
2026-07-22 21:39:42,586 [INFO] ThirdParty:1030 - CMSIS Pack Vendor :STMicroelectronics ThreadX 0.0.2
2026-07-22 21:39:42,586 [INFO] ThirdParty:1030 - CMSIS Pack Vendor :WES I-CUBE-Cesium 1.3.0
2026-07-22 21:39:42,586 [INFO] ThirdParty:1030 - CMSIS Pack Vendor :STMicroelectronics lwIP 2.1.2
2026-07-22 21:39:42,586 [INFO] ThirdParty:1030 - CMSIS Pack Vendor :STMicroelectronics X-CUBE-SFXS2LP1 4.0.0
2026-07-22 21:39:42,586 [INFO] ThirdParty:1030 - CMSIS Pack Vendor :STMicroelectronics X-CUBE-BLE2 3.3.0
2026-07-22 21:39:42,586 [INFO] ThirdParty:1030 - CMSIS Pack Vendor :Avnet-IOTCONNECT X-CUBE-iotc-st67-sdk 1.0.0
2026-07-22 21:39:42,586 [INFO] ThirdParty:1030 - CMSIS Pack Vendor :STMicroelectronics PDM2PCM 3.2.0
2026-07-22 21:39:42,586 [INFO] ThirdParty:1030 - CMSIS Pack Vendor :STMicroelectronics X-CUBE-WB05N 2.1.0
2026-07-22 21:39:42,586 [INFO] ThirdParty:1030 - CMSIS Pack Vendor :STMicroelectronics X-CUBE-ST67W61 1.2.0
2026-07-22 21:39:42,586 [INFO] ThirdParty:1030 - CMSIS Pack Vendor :STMicroelectronics X-CUBE-AZRTOS-H7 3.3.0
2026-07-22 21:39:42,586 [INFO] ThirdParty:1030 - CMSIS Pack Vendor :STMicroelectronics X-CUBE-NFC9 1.0.0
2026-07-22 21:39:42,586 [INFO] ThirdParty:1030 - CMSIS Pack Vendor :STMicroelectronics X-CUBE-BLE1 7.1.0
2026-07-22 21:39:42,586 [INFO] ThirdParty:1030 - CMSIS Pack Vendor :wolfSSL I-CUBE-wolfMQTT 1.19.2
2026-07-22 21:39:42,586 [INFO] ThirdParty:1030 - CMSIS Pack Vendor :STMicroelectronics USB_DEVICE 3.0.0
2026-07-22 21:39:42,586 [INFO] ThirdParty:1030 - CMSIS Pack Vendor :STMicroelectronics X-CUBE-FREERTOS 1.4.0
2026-07-22 21:39:42,586 [INFO] ThirdParty:1030 - CMSIS Pack Vendor :STMicroelectronics X-CUBE-EEPRMA1 5.2.0
2026-07-22 21:39:42,587 [INFO] ThirdParty:1030 - CMSIS Pack Vendor :STMicroelectronics X-CUBE-BLEMGR 4.1.0
2026-07-22 21:39:42,587 [INFO] ThirdParty:1030 - CMSIS Pack Vendor :STMicroelectronics X-CUBE-AZRTOS-WB 2.0.0
2026-07-22 21:39:42,587 [INFO] ThirdParty:1030 - CMSIS Pack Vendor :STMicroelectronics X-CUBE-GNSS1 7.0.1
2026-07-22 21:39:42,587 [INFO] ThirdParty:1030 - CMSIS Pack Vendor :STMicroelectronics X-CUBE-TOUCHGFX 4.25.0
2026-07-22 21:39:42,587 [INFO] ThirdParty:1030 - CMSIS Pack Vendor :STMicroelectronics X-CUBE-ST67W61 1.1.0
2026-07-22 21:39:42,587 [INFO] ThirdParty:1030 - CMSIS Pack Vendor :STMicroelectronics X-CUBE-AI 10.1.0
2026-07-22 21:39:42,587 [INFO] ThirdParty:1030 - CMSIS Pack Vendor :STMicroelectronics FP-SNS-STBOX1 2.0.0
2026-07-22 21:39:42,587 [INFO] ThirdParty:1030 - CMSIS Pack Vendor :STMicroelectronics FP-SNS-STAIOTCFT 1.1.0
2026-07-22 21:39:42,587 [INFO] ThirdParty:1030 - CMSIS Pack Vendor :STMicroelectronics X-CUBE-MEMS1 12.0.0
2026-07-22 21:39:42,587 [INFO] ThirdParty:1030 - CMSIS Pack Vendor :STMicroelectronics X-CUBE-STSE01 2.0.0
2026-07-22 21:39:42,587 [INFO] ThirdParty:1030 - CMSIS Pack Vendor :STMicroelectronics X-CUBE-AZRTOS-G0 1.1.0
2026-07-22 21:39:42,587 [INFO] ThirdParty:1030 - CMSIS Pack Vendor :STMicroelectronics X-CUBE-SAFEA1 1.2.2
2026-07-22 21:39:42,587 [INFO] ThirdParty:1030 - CMSIS Pack Vendor :STMicroelectronics X-CUBE-NFC4 3.0.0
2026-07-22 21:39:42,587 [INFO] ThirdParty:1030 - CMSIS Pack Vendor :STMicroelectronics X-CUBE-SUBG2 5.0.0
2026-07-22 21:39:42,587 [INFO] ThirdParty:1030 - CMSIS Pack Vendor :STMicroelectronics X-CUBE-AZRTOS-H7RS 1.1.0
2026-07-22 21:39:42,587 [INFO] ThirdParty:1030 - CMSIS Pack Vendor :STMicroelectronics STM32_WPAN 1.0.0
2026-07-22 21:39:42,587 [INFO] ThirdParty:1030 - CMSIS Pack Vendor :EmbeddedOffice I-CUBE-FS-RTOS 1.0.1
2026-07-22 21:39:42,587 [INFO] ThirdParty:1030 - CMSIS Pack Vendor :STMicroelectronics lwIP 2.0.3
2026-07-22 21:39:42,587 [INFO] ThirdParty:1030 - CMSIS Pack Vendor :Cesanta I-CUBE-Mongoose 7.13.0
2026-07-22 21:39:42,587 [INFO] ThirdParty:1030 - CMSIS Pack Vendor :STMicroelectronics USB_HOST 1.0.0
2026-07-22 21:39:42,587 [INFO] ThirdParty:1030 - CMSIS Pack Vendor :STMicroelectronics X-CUBE-AZRTOS-G4 2.0.0
2026-07-22 21:39:42,587 [INFO] ThirdParty:1030 - CMSIS Pack Vendor :STMicroelectronics X-CUBE-WB05N 2.0.0
2026-07-22 21:39:42,587 [INFO] ThirdParty:1030 - CMSIS Pack Vendor :STMicroelectronics PDM2PCM 3.1.0
2026-07-22 21:39:42,587 [INFO] ThirdParty:1030 - CMSIS Pack Vendor :wolfSSL I-CUBE-wolfTPM 3.8.0
2026-07-22 21:39:42,587 [INFO] ThirdParty:1030 - CMSIS Pack Vendor :wolfSSL I-CUBE-wolfSSH 1.4.20
2026-07-22 21:39:42,587 [INFO] ThirdParty:1030 - CMSIS Pack Vendor :STMicroelectronics X-CUBE-NFC7 2.0.0
2026-07-22 21:39:42,587 [INFO] ThirdParty:1030 - CMSIS Pack Vendor :STMicroelectronics X-CUBE-TCPP 4.2.0
2026-07-22 21:39:42,587 [INFO] ThirdParty:1030 - CMSIS Pack Vendor :RealThread X-CUBE-RT-Thread_Nano 4.1.1
2026-07-22 21:39:42,587 [INFO] ThirdParty:1030 - CMSIS Pack Vendor :STMicroelectronics FP-ATR-SIGFOX1 3.2.0
2026-07-22 21:39:42,587 [INFO] ThirdParty:1030 - CMSIS Pack Vendor :quantropi X-CUBE-qispace-sdk-base 1.9.3
2026-07-22 21:39:42,587 [INFO] ThirdParty:1030 - CMSIS Pack Vendor :STMicroelectronics X-CUBE-EEPRMA1 5.1.0
2026-07-22 21:39:42,587 [INFO] ThirdParty:1030 - CMSIS Pack Vendor :STMicroelectronics X-CUBE-FREERTOS 1.5.0
2026-07-22 21:39:42,587 [INFO] ThirdParty:1030 - CMSIS Pack Vendor :STMicroelectronics MBEDTLS 2.16.2
2026-07-22 21:39:42,587 [INFO] ThirdParty:1030 - CMSIS Pack Vendor :STMicroelectronics X-CUBE-IPS 3.1.0
2026-07-22 21:39:42,587 [INFO] ThirdParty:1030 - CMSIS Pack Vendor :STMicroelectronics X-CUBE-ALS 1.0.2
2026-07-22 21:39:42,587 [INFO] ThirdParty:1030 - CMSIS Pack Vendor :wolfSSL I-CUBE-wolfSSL 5.7.6
2026-07-22 21:39:42,587 [INFO] ThirdParty:1030 - CMSIS Pack Vendor :ITTIA_DB I-CUBE-ITTIADB 8.9.0
2026-07-22 21:39:42,587 [INFO] ThirdParty:1030 - CMSIS Pack Vendor :STMicroelectronics X-CUBE-TOUCHGFX 4.24.2
2026-07-22 21:39:42,587 [INFO] ThirdParty:1030 - CMSIS Pack Vendor :STMicroelectronics X-CUBE-STSE01 1.0.0
2026-07-22 21:39:42,587 [INFO] ThirdParty:1030 - CMSIS Pack Vendor :portGmbH I-Cube-SoM-uGOAL 1.1.0
2026-07-22 21:39:42,587 [INFO] ThirdParty:1030 - CMSIS Pack Vendor :STMicroelectronics X-CUBE-NFC6 3.2.0
2026-07-22 21:39:42,587 [INFO] ThirdParty:1030 - CMSIS Pack Vendor :STMicroelectronics X-CUBE-ST67W61 1.0.0
2026-07-22 21:39:42,587 [INFO] ThirdParty:1030 - CMSIS Pack Vendor :STMicroelectronics X-CUBE-AI 10.2.1
2026-07-22 21:39:42,587 [INFO] ThirdParty:1030 - CMSIS Pack Vendor :STMicroelectronics X-CUBE-AI 10.2.0
2026-07-22 21:39:42,587 [INFO] ThirdParty:1030 - CMSIS Pack Vendor :STMicroelectronics ThreadX 1.0.0
2026-07-22 21:39:42,587 [INFO] ThirdParty:1030 - CMSIS Pack Vendor :STMicroelectronics X-CUBE-MEMS1 12.1.0
2026-07-22 21:39:42,587 [INFO] ThirdParty:1030 - CMSIS Pack Vendor :SEGGER I-CUBE-embOS 1.3.1
2026-07-22 21:39:42,587 [INFO] ThirdParty:1030 - CMSIS Pack Vendor :STMicroelectronics X-CUBE-ALGOBUILD 1.4.0
2026-07-22 21:39:42,587 [INFO] ThirdParty:1030 - CMSIS Pack Vendor :STMicroelectronics X-CUBE-MEMS1 11.3.0
2026-07-22 21:39:42,587 [INFO] ThirdParty:1030 - CMSIS Pack Vendor :STMicroelectronics X-CUBE-AZRTOS-H7RS 1.0.0
2026-07-22 21:39:42,587 [INFO] ThirdParty:1030 - CMSIS Pack Vendor :STMicroelectronics X-CUBE-TOF1 3.4.2
2026-07-22 21:39:42,587 [INFO] ThirdParty:1030 - CMSIS Pack Vendor :STMicroelectronics X-CUBE-TOF1 3.4.3
2026-07-22 21:39:42,587 [INFO] ThirdParty:1030 - CMSIS Pack Vendor :STMicroelectronics X-CUBE-AI 9.1.0
2026-07-22 21:39:42,587 [INFO] ThirdParty:1030 - CMSIS Pack Vendor :STMicroelectronics X-CUBE-NFC13 1.0.0
2026-07-22 21:39:42,587 [INFO] ThirdParty:841 - exiting critical section [change project]
2026-07-22 21:39:42,881 [INFO] PinOutPanel:1589 - setPackage(No Configuration,No Configuration)
2026-07-22 21:39:42,881 [INFO] PinOutPanel:1589 - setPackage(STM32H562RIVx,VFQFPN68)
2026-07-22 21:39:42,925 [WARN] IP:2250 - rccPrivilegeSecure not found: check if there is a RefParameter without a condition.
2026-07-22 21:39:42,925 [WARN] IP:2250 - rccSecurity not found: check if there is a RefParameter without a condition.
2026-07-22 21:39:43,099 [WARN] IP:2250 - rccPrivilegeSecure not found: check if there is a RefParameter without a condition.
2026-07-22 21:39:43,100 [WARN] IP:2250 - rccSecurity not found: check if there is a RefParameter without a condition.
2026-07-22 21:39:43,536 [WARN] IP:2250 - rccPrivilegeSecure not found: check if there is a RefParameter without a condition.
2026-07-22 21:39:43,536 [WARN] IP:2250 - rccSecurity not found: check if there is a RefParameter without a condition.
2026-07-22 21:39:43,547 [INFO] UtilMem:75 - Before build in PCC Used Memory: 1010374960 Bytes (1073741824)
2026-07-22 21:39:44,127 [INFO] UtilMem:75 - After build in PCC Used Memory: 996291536 Bytes (1073741824)
2026-07-22 21:39:44,153 [INFO] IPUIPlugin:80 - create IPUIPlugin
2026-07-22 21:39:44,153 [INFO] IPUIPlugin:80 - create IPUIPlugin
2026-07-22 21:39:44,154 [INFO] IPUIPlugin:80 - create IPUIPlugin
2026-07-22 21:39:44,154 [INFO] IPUIPlugin:80 - create IPUIPlugin
2026-07-22 21:39:44,154 [INFO] IPUIPlugin:80 - create IPUIPlugin
2026-07-22 21:39:44,154 [INFO] IPUIPlugin:80 - create IPUIPlugin
2026-07-22 21:39:44,154 [INFO] IPUIPlugin:80 - create IPUIPlugin
2026-07-22 21:39:44,154 [INFO] IPUIPlugin:80 - create IPUIPlugin
2026-07-22 21:39:44,155 [INFO] IPUIPlugin:80 - create IPUIPlugin
2026-07-22 21:39:44,155 [INFO] IPUIPlugin:80 - create IPUIPlugin
2026-07-22 21:39:44,155 [INFO] IPUIPlugin:80 - create IPUIPlugin
2026-07-22 21:39:44,155 [INFO] IPUIPlugin:80 - create IPUIPlugin
2026-07-22 21:39:44,155 [INFO] IPUIPlugin:80 - create IPUIPlugin
2026-07-22 21:39:44,155 [INFO] IPUIPlugin:80 - create IPUIPlugin
2026-07-22 21:39:44,155 [INFO] IPUIPlugin:80 - create IPUIPlugin
2026-07-22 21:39:44,155 [INFO] IPUIPlugin:80 - create IPUIPlugin
2026-07-22 21:39:44,155 [INFO] IPUIPlugin:80 - create IPUIPlugin
2026-07-22 21:39:44,155 [INFO] IPUIPlugin:80 - create IPUIPlugin
2026-07-22 21:39:44,156 [INFO] IPUIPlugin:80 - create IPUIPlugin
2026-07-22 21:39:44,156 [INFO] IPUIPlugin:80 - create IPUIPlugin
2026-07-22 21:39:44,156 [INFO] IPUIPlugin:80 - create IPUIPlugin
2026-07-22 21:39:44,156 [INFO] IPUIPlugin:80 - create IPUIPlugin
2026-07-22 21:39:44,156 [INFO] IPUIPlugin:80 - create IPUIPlugin
2026-07-22 21:39:44,156 [INFO] IPUIPlugin:80 - create IPUIPlugin
2026-07-22 21:39:44,156 [INFO] IPUIPlugin:80 - create IPUIPlugin
2026-07-22 21:39:44,156 [INFO] IPUIPlugin:80 - create IPUIPlugin
2026-07-22 21:39:44,156 [INFO] IPUIPlugin:80 - create IPUIPlugin
2026-07-22 21:39:44,156 [INFO] IPUIPlugin:80 - create IPUIPlugin
2026-07-22 21:39:44,157 [INFO] IPUIPlugin:80 - create IPUIPlugin
2026-07-22 21:39:44,157 [INFO] IPUIPlugin:80 - create IPUIPlugin
2026-07-22 21:39:44,157 [INFO] IPUIPlugin:80 - create IPUIPlugin
2026-07-22 21:39:44,157 [INFO] IPUIPlugin:80 - create IPUIPlugin
2026-07-22 21:39:44,157 [INFO] IPUIPlugin:80 - create IPUIPlugin
2026-07-22 21:39:44,157 [INFO] IPUIPlugin:80 - create IPUIPlugin
2026-07-22 21:39:44,157 [INFO] IPUIPlugin:80 - create IPUIPlugin
2026-07-22 21:39:44,157 [INFO] IPUIPlugin:80 - create IPUIPlugin
2026-07-22 21:39:44,157 [INFO] IPUIPlugin:80 - create IPUIPlugin
2026-07-22 21:39:44,157 [INFO] IPUIPlugin:80 - create IPUIPlugin
2026-07-22 21:39:44,157 [INFO] IPUIPlugin:80 - create IPUIPlugin
2026-07-22 21:39:44,157 [INFO] IPUIPlugin:80 - create IPUIPlugin
2026-07-22 21:39:44,158 [INFO] IPUIPlugin:80 - create IPUIPlugin
2026-07-22 21:39:44,158 [INFO] IPUIPlugin:80 - create IPUIPlugin
2026-07-22 21:39:44,158 [INFO] IPUIPlugin:80 - create IPUIPlugin
2026-07-22 21:39:44,158 [INFO] IPUIPlugin:80 - create IPUIPlugin
2026-07-22 21:39:44,158 [INFO] IPUIPlugin:80 - create IPUIPlugin
2026-07-22 21:39:44,158 [INFO] IPUIPlugin:80 - create IPUIPlugin
2026-07-22 21:39:44,158 [INFO] IPUIPlugin:80 - create IPUIPlugin
2026-07-22 21:39:44,158 [INFO] IPUIPlugin:80 - create IPUIPlugin
2026-07-22 21:39:44,158 [INFO] IPUIPlugin:80 - create IPUIPlugin
2026-07-22 21:39:44,158 [INFO] IPUIPlugin:80 - create IPUIPlugin
2026-07-22 21:39:44,159 [INFO] IPUIPlugin:80 - create IPUIPlugin
2026-07-22 21:39:44,159 [INFO] IPUIPlugin:80 - create IPUIPlugin
2026-07-22 21:39:44,159 [INFO] IPUIPlugin:80 - create IPUIPlugin
2026-07-22 21:39:44,159 [INFO] IPUIPlugin:80 - create IPUIPlugin
2026-07-22 21:39:44,159 [INFO] IPUIPlugin:80 - create IPUIPlugin
2026-07-22 21:39:44,159 [INFO] IPUIPlugin:80 - create IPUIPlugin
2026-07-22 21:39:44,159 [INFO] IPUIPlugin:80 - create IPUIPlugin
2026-07-22 21:39:44,159 [INFO] IPUIPlugin:80 - create IPUIPlugin
2026-07-22 21:39:44,159 [INFO] IPUIPlugin:80 - create IPUIPlugin
2026-07-22 21:39:44,160 [INFO] IPUIPlugin:80 - create IPUIPlugin
2026-07-22 21:39:44,160 [INFO] IPUIPlugin:80 - create IPUIPlugin
2026-07-22 21:39:44,160 [INFO] IPUIPlugin:80 - create IPUIPlugin
2026-07-22 21:39:44,160 [INFO] IPUIPlugin:80 - create IPUIPlugin
2026-07-22 21:39:44,160 [INFO] IPUIPlugin:80 - create IPUIPlugin
2026-07-22 21:39:44,160 [INFO] IPUIPlugin:80 - create IPUIPlugin
2026-07-22 21:39:44,160 [INFO] IPUIPlugin:80 - create IPUIPlugin
2026-07-22 21:39:44,161 [INFO] IPUIPlugin:80 - create IPUIPlugin
2026-07-22 21:39:44,161 [INFO] IPUIPlugin:80 - create IPUIPlugin
2026-07-22 21:39:44,161 [INFO] IPUIPlugin:80 - create IPUIPlugin
2026-07-22 21:39:44,161 [INFO] IPUIPlugin:80 - create IPUIPlugin
2026-07-22 21:39:44,161 [INFO] IPUIPlugin:80 - create IPUIPlugin
2026-07-22 21:39:44,162 [INFO] IPUIPlugin:80 - create IPUIPlugin
2026-07-22 21:39:44,164 [INFO] IPUIPlugin:80 - create IPUIPlugin
2026-07-22 21:39:44,165 [INFO] IPUIPlugin:80 - create IPUIPlugin
2026-07-22 21:39:44,165 [INFO] IPUIPlugin:80 - create IPUIPlugin
2026-07-22 21:39:44,165 [INFO] IPUIPlugin:80 - create IPUIPlugin
2026-07-22 21:39:44,165 [INFO] IPUIPlugin:80 - create IPUIPlugin
2026-07-22 21:39:44,165 [INFO] IPUIPlugin:80 - create IPUIPlugin
2026-07-22 21:39:44,165 [INFO] IPUIPlugin:80 - create IPUIPlugin
2026-07-22 21:39:44,166 [INFO] IPUIPlugin:80 - create IPUIPlugin
2026-07-22 21:39:44,166 [INFO] IPUIPlugin:80 - create IPUIPlugin
2026-07-22 21:39:44,166 [INFO] IPUIPlugin:80 - create IPUIPlugin
2026-07-22 21:39:44,166 [INFO] IPUIPlugin:80 - create IPUIPlugin
2026-07-22 21:39:44,166 [INFO] IPUIPlugin:80 - create IPUIPlugin
2026-07-22 21:39:44,167 [INFO] IPUIPlugin:80 - create IPUIPlugin
2026-07-22 21:39:44,167 [INFO] IPUIPlugin:80 - create IPUIPlugin
2026-07-22 21:39:44,167 [INFO] IPUIPlugin:80 - create IPUIPlugin
2026-07-22 21:39:44,167 [INFO] IPUIPlugin:80 - create IPUIPlugin
2026-07-22 21:39:44,167 [INFO] IPUIPlugin:80 - create IPUIPlugin
2026-07-22 21:39:44,168 [INFO] IPUIPlugin:80 - create IPUIPlugin
2026-07-22 21:39:44,168 [INFO] IPUIPlugin:80 - create IPUIPlugin
2026-07-22 21:39:44,168 [INFO] IPUIPlugin:80 - create IPUIPlugin
2026-07-22 21:39:44,178 [INFO] LogOutputStream:77 - [STDOUT_REDIRECT] Nominal 
2026-07-22 21:39:44,179 [INFO] Can:71 - Can Add PropertyChangeListener com.st.microxplorer.plugins.ip.can.Can@4f38bfbd
2026-07-22 21:39:44,197 [INFO] ProjectChoiceTab:3673 - Project Structure = Dual Non Secure / Secure
2026-07-22 21:39:44,310 [INFO] CADModel:165 - CPN selected for project levelSTM32H562RIV6
2026-07-22 21:39:44,310 [INFO] CADModel:114 - Register for checkConnection events
2026-07-22 21:39:44,412 [INFO] OpenFileManager:386 - Restore cursor
2026-07-22 21:39:44,490 [WARN] IP:2250 - DATAEXCHANGEDESRCBYTE_GPDMACH5 not found: check if there is a RefParameter without a condition.
2026-07-22 21:39:44,490 [WARN] IP:2250 - DATAEXCHANGEDESTHALFWORD_GPDMACH5 not found: check if there is a RefParameter without a condition.
2026-07-22 21:39:44,494 [WARN] IP:2250 - DATAEXCHANGEDESRCBYTE_GPDMACH4 not found: check if there is a RefParameter without a condition.
2026-07-22 21:39:44,494 [WARN] IP:2250 - DATAEXCHANGEDESTHALFWORD_GPDMACH4 not found: check if there is a RefParameter without a condition.
2026-07-22 21:39:44,499 [WARN] IP:2250 - DATAEXCHANGEDESRCBYTE_GPDMACH2 not found: check if there is a RefParameter without a condition.
2026-07-22 21:39:44,499 [WARN] IP:2250 - DATAEXCHANGEDESTHALFWORD_GPDMACH2 not found: check if there is a RefParameter without a condition.
2026-07-22 21:39:44,502 [WARN] IP:2250 - DATAEXCHANGEDESRCBYTE_GPDMACH1 not found: check if there is a RefParameter without a condition.
2026-07-22 21:39:44,502 [WARN] IP:2250 - DATAEXCHANGEDESTHALFWORD_GPDMACH1 not found: check if there is a RefParameter without a condition.
2026-07-22 21:39:44,522 [WARN] IP:2250 - DATAEXCHANGEDESRCBYTE_GPDMACH1 not found: check if there is a RefParameter without a condition.
2026-07-22 21:39:44,522 [WARN] IP:2250 - DATAEXCHANGEDESTHALFWORD_GPDMACH1 not found: check if there is a RefParameter without a condition.
2026-07-22 21:39:44,525 [WARN] IP:2250 - DATAEXCHANGEDESRCBYTE_GPDMACH0 not found: check if there is a RefParameter without a condition.
2026-07-22 21:39:44,525 [WARN] IP:2250 - DATAEXCHANGEDESTHALFWORD_GPDMACH0 not found: check if there is a RefParameter without a condition.
2026-07-22 21:39:44,590 [WARN] IP:2250 - PinAttribute not found: check if there is a RefParameter without a condition.
2026-07-22 21:39:44,590 [WARN] IP:2250 - PinAttribute not found: check if there is a RefParameter without a condition.
2026-07-22 21:39:44,591 [WARN] IP:2250 - PinAttribute not found: check if there is a RefParameter without a condition.
2026-07-22 21:39:44,595 [WARN] IP:2250 - PinAttribute not found: check if there is a RefParameter without a condition.
2026-07-22 21:39:44,595 [WARN] IP:2250 - PinAttribute not found: check if there is a RefParameter without a condition.
2026-07-22 21:39:44,596 [WARN] IP:2250 - PinAttribute not found: check if there is a RefParameter without a condition.
2026-07-22 21:39:44,596 [WARN] IP:2250 - PinAttribute not found: check if there is a RefParameter without a condition.
2026-07-22 21:39:44,600 [WARN] IP:2250 - PinAttribute not found: check if there is a RefParameter without a condition.
2026-07-22 21:39:44,607 [WARN] IP:2250 - pwrPrivilegeSecure not found: check if there is a RefParameter without a condition.
2026-07-22 21:39:44,607 [WARN] IP:2250 - pwrPrivilegeNSecure not found: check if there is a RefParameter without a condition.
2026-07-22 21:39:44,607 [WARN] IP:2250 - PWR_WKUP1 not found: check if there is a RefParameter without a condition.
2026-07-22 21:39:44,607 [WARN] IP:2250 - PWR_WKUP2 not found: check if there is a RefParameter without a condition.
2026-07-22 21:39:44,607 [WARN] IP:2250 - PWR_WKUP3 not found: check if there is a RefParameter without a condition.
2026-07-22 21:39:44,607 [WARN] IP:2250 - PWR_WKUP4 not found: check if there is a RefParameter without a condition.
2026-07-22 21:39:44,607 [WARN] IP:2250 - PWR_WKUP5 not found: check if there is a RefParameter without a condition.
2026-07-22 21:39:44,607 [WARN] IP:2250 - PWR_WKUP6 not found: check if there is a RefParameter without a condition.
2026-07-22 21:39:44,607 [WARN] IP:2250 - PWR_WKUP7 not found: check if there is a RefParameter without a condition.
2026-07-22 21:39:44,607 [WARN] IP:2250 - PWR_WKUP8 not found: check if there is a RefParameter without a condition.
2026-07-22 21:39:44,607 [WARN] IP:2250 - PWR_LPM not found: check if there is a RefParameter without a condition.
2026-07-22 21:39:44,607 [WARN] IP:2250 - PWR_VB not found: check if there is a RefParameter without a condition.
2026-07-22 21:39:44,607 [WARN] IP:2250 - PWR_IO not found: check if there is a RefParameter without a condition.
2026-07-22 21:39:44,607 [WARN] IP:2250 - PWR_SCM not found: check if there is a RefParameter without a condition.
2026-07-22 21:39:44,607 [WARN] IP:2250 - PWR_VUSB not found: check if there is a RefParameter without a condition.
2026-07-22 21:39:44,607 [WARN] IP:2250 - PinAttribute not found: check if there is a RefParameter without a condition.
2026-07-22 21:39:44,607 [WARN] IP:2250 - PinAttribute not found: check if there is a RefParameter without a condition.
2026-07-22 21:39:44,608 [WARN] IP:2250 - PinAttribute not found: check if there is a RefParameter without a condition.
2026-07-22 21:39:44,612 [WARN] IP:2250 - PinAttribute not found: check if there is a RefParameter without a condition.
2026-07-22 21:39:44,612 [WARN] IP:2250 - PinAttribute not found: check if there is a RefParameter without a condition.
2026-07-22 21:39:44,612 [WARN] IP:2250 - PinAttribute not found: check if there is a RefParameter without a condition.
2026-07-22 21:39:44,627 [WARN] IP:2250 - rccPrivilegeSecure not found: check if there is a RefParameter without a condition.
2026-07-22 21:39:44,627 [WARN] IP:2250 - rccSecurity not found: check if there is a RefParameter without a condition.
2026-07-22 21:39:44,649 [WARN] IP:2250 - PinAttribute not found: check if there is a RefParameter without a condition.
2026-07-22 21:39:44,649 [WARN] IP:2250 - PinAttribute not found: check if there is a RefParameter without a condition.
2026-07-22 21:39:44,649 [WARN] IP:2250 - PinAttribute not found: check if there is a RefParameter without a condition.
2026-07-22 21:39:44,653 [WARN] IP:2250 - PinAttribute not found: check if there is a RefParameter without a condition.
2026-07-22 21:39:44,654 [WARN] IP:2250 - PinAttribute not found: check if there is a RefParameter without a condition.
2026-07-22 21:39:44,654 [WARN] IP:2250 - PinAttribute not found: check if there is a RefParameter without a condition.
2026-07-22 21:39:44,654 [WARN] IP:2250 - PinAttribute not found: check if there is a RefParameter without a condition.
2026-07-22 21:39:44,654 [WARN] IP:2250 - PinAttribute not found: check if there is a RefParameter without a condition.
2026-07-22 21:39:44,654 [WARN] IP:2250 - PinAttribute not found: check if there is a RefParameter without a condition.
2026-07-22 21:39:44,654 [WARN] IP:2250 - PinAttribute not found: check if there is a RefParameter without a condition.
2026-07-22 21:39:44,654 [WARN] IP:2250 - PinAttribute not found: check if there is a RefParameter without a condition.
2026-07-22 21:39:44,654 [WARN] IP:2250 - PinAttribute not found: check if there is a RefParameter without a condition.
2026-07-22 21:39:44,654 [WARN] IP:2250 - PinAttribute not found: check if there is a RefParameter without a condition.
2026-07-22 21:39:44,654 [WARN] IP:2250 - PinAttribute not found: check if there is a RefParameter without a condition.
2026-07-22 21:39:44,655 [WARN] IP:2250 - PinAttribute not found: check if there is a RefParameter without a condition.
2026-07-22 21:39:44,659 [WARN] IP:2250 - PinAttribute not found: check if there is a RefParameter without a condition.
2026-07-22 21:39:44,659 [WARN] IP:2250 - PinAttribute not found: check if there is a RefParameter without a condition.
2026-07-22 21:39:44,659 [WARN] IP:2250 - PinAttribute not found: check if there is a RefParameter without a condition.
2026-07-22 21:39:44,659 [WARN] IP:2250 - PinAttribute not found: check if there is a RefParameter without a condition.
2026-07-22 21:39:44,659 [WARN] IP:2250 - PinAttribute not found: check if there is a RefParameter without a condition.
2026-07-22 21:39:44,659 [WARN] IP:2250 - PinAttribute not found: check if there is a RefParameter without a condition.
2026-07-22 21:39:44,660 [WARN] IP:2250 - PinAttribute not found: check if there is a RefParameter without a condition.
2026-07-22 21:39:44,660 [WARN] IP:2250 - PinAttribute not found: check if there is a RefParameter without a condition.
2026-07-22 21:39:44,660 [WARN] IP:2250 - PinAttribute not found: check if there is a RefParameter without a condition.
2026-07-22 21:39:44,660 [WARN] IP:2250 - rccPrivilegeSecure not found: check if there is a RefParameter without a condition.
2026-07-22 21:39:44,660 [WARN] IP:2250 - rccSecurity not found: check if there is a RefParameter without a condition.
2026-07-22 21:39:44,667 [WARN] IP:2250 - rccPrivilegeSecure not found: check if there is a RefParameter without a condition.
2026-07-22 21:39:44,667 [WARN] IP:2250 - rccSecurity not found: check if there is a RefParameter without a condition.
2026-07-22 21:39:44,682 [WARN] IP:2250 - PinAttribute not found: check if there is a RefParameter without a condition.
2026-07-22 21:39:44,683 [WARN] IP:2250 - PinAttribute not found: check if there is a RefParameter without a condition.
2026-07-22 21:39:44,683 [WARN] IP:2250 - PinAttribute not found: check if there is a RefParameter without a condition.
2026-07-22 21:39:44,689 [WARN] IP:2250 - PinAttribute not found: check if there is a RefParameter without a condition.
2026-07-22 21:39:44,690 [WARN] IP:2250 - PinAttribute not found: check if there is a RefParameter without a condition.
2026-07-22 21:39:44,690 [WARN] IP:2250 - PinAttribute not found: check if there is a RefParameter without a condition.
2026-07-22 21:39:44,695 [WARN] IP:2250 - PinAttribute not found: check if there is a RefParameter without a condition.
2026-07-22 21:39:44,696 [WARN] IP:2250 - PinAttribute not found: check if there is a RefParameter without a condition.
2026-07-22 21:39:44,696 [WARN] IP:2250 - PinAttribute not found: check if there is a RefParameter without a condition.
2026-07-22 21:39:44,701 [WARN] IP:2250 - PinAttribute not found: check if there is a RefParameter without a condition.
2026-07-22 21:39:44,702 [WARN] IP:2250 - PinAttribute not found: check if there is a RefParameter without a condition.
2026-07-22 21:39:44,702 [WARN] IP:2250 - PinAttribute not found: check if there is a RefParameter without a condition.
2026-07-22 21:39:44,702 [WARN] IP:2250 - PinAttribute not found: check if there is a RefParameter without a condition.
2026-07-22 21:39:44,703 [WARN] IP:2250 - PinAttribute not found: check if there is a RefParameter without a condition.
2026-07-22 21:39:44,707 [WARN] IP:2250 - PinAttribute not found: check if there is a RefParameter without a condition.
2026-07-22 21:39:44,707 [WARN] IP:2250 - PinAttribute not found: check if there is a RefParameter without a condition.
2026-07-22 21:39:44,708 [WARN] IP:2250 - PinAttribute not found: check if there is a RefParameter without a condition.
2026-07-22 21:39:44,708 [WARN] IP:2250 - PinAttribute not found: check if there is a RefParameter without a condition.
2026-07-22 21:39:44,709 [WARN] IP:2250 - PinAttribute not found: check if there is a RefParameter without a condition.
2026-07-22 21:39:44,712 [WARN] IP:2250 - PinAttribute not found: check if there is a RefParameter without a condition.
2026-07-22 21:39:44,713 [WARN] IP:2250 - PinAttribute not found: check if there is a RefParameter without a condition.
2026-07-22 21:39:44,713 [WARN] IP:2250 - PinAttribute not found: check if there is a RefParameter without a condition.
2026-07-22 21:39:44,713 [WARN] IP:2250 - PinAttribute not found: check if there is a RefParameter without a condition.
2026-07-22 21:39:44,713 [WARN] IP:2250 - PinAttribute not found: check if there is a RefParameter without a condition.
2026-07-22 21:39:44,716 [WARN] IP:2250 - PinAttribute not found: check if there is a RefParameter without a condition.
2026-07-22 21:39:44,716 [WARN] IP:2250 - PinAttribute not found: check if there is a RefParameter without a condition.
2026-07-22 21:39:44,716 [WARN] IP:2250 - PinAttribute not found: check if there is a RefParameter without a condition.
2026-07-22 21:39:44,717 [WARN] IP:2250 - PinAttribute not found: check if there is a RefParameter without a condition.
2026-07-22 21:39:44,717 [WARN] IP:2250 - PinAttribute not found: check if there is a RefParameter without a condition.
2026-07-22 21:39:44,721 [WARN] IP:2250 - PinAttribute not found: check if there is a RefParameter without a condition.
2026-07-22 21:39:44,721 [WARN] IP:2250 - PinAttribute not found: check if there is a RefParameter without a condition.
2026-07-22 21:39:44,721 [WARN] IP:2250 - PinAttribute not found: check if there is a RefParameter without a condition.
2026-07-22 21:39:44,727 [WARN] IP:2250 - PinAttribute not found: check if there is a RefParameter without a condition.
2026-07-22 21:39:44,727 [WARN] IP:2250 - PinAttribute not found: check if there is a RefParameter without a condition.
2026-07-22 21:39:44,727 [WARN] IP:2250 - PinAttribute not found: check if there is a RefParameter without a condition.
2026-07-22 21:39:44,731 [WARN] IP:2250 - PinAttribute not found: check if there is a RefParameter without a condition.
2026-07-22 21:39:44,731 [WARN] IP:2250 - PinAttribute not found: check if there is a RefParameter without a condition.
2026-07-22 21:39:44,731 [WARN] IP:2250 - PinAttribute not found: check if there is a RefParameter without a condition.
2026-07-22 21:39:44,732 [WARN] IP:2250 - PinAttribute not found: check if there is a RefParameter without a condition.
2026-07-22 21:39:44,732 [WARN] IP:2250 - PinAttribute not found: check if there is a RefParameter without a condition.
2026-07-22 21:39:44,735 [WARN] IP:2250 - PinAttribute not found: check if there is a RefParameter without a condition.
2026-07-22 21:39:44,735 [WARN] IP:2250 - PinAttribute not found: check if there is a RefParameter without a condition.
2026-07-22 21:39:44,737 [WARN] IP:2250 - PinAttribute not found: check if there is a RefParameter without a condition.
2026-07-22 21:39:44,737 [WARN] IP:2250 - PinAttribute not found: check if there is a RefParameter without a condition.
2026-07-22 21:39:44,738 [WARN] IP:2250 - PinAttribute not found: check if there is a RefParameter without a condition.
2026-07-22 21:39:44,741 [WARN] IP:2250 - PinAttribute not found: check if there is a RefParameter without a condition.
2026-07-22 21:39:44,741 [WARN] IP:2250 - PinAttribute not found: check if there is a RefParameter without a condition.
2026-07-22 21:39:44,741 [WARN] IP:2250 - PinAttribute not found: check if there is a RefParameter without a condition.
2026-07-22 21:39:44,741 [WARN] IP:2250 - PinAttribute not found: check if there is a RefParameter without a condition.
2026-07-22 21:39:44,741 [WARN] IP:2250 - PinAttribute not found: check if there is a RefParameter without a condition.
2026-07-22 21:39:44,748 [WARN] IP:2250 - PinAttribute not found: check if there is a RefParameter without a condition.
2026-07-22 21:39:44,749 [WARN] IP:2250 - PinAttribute not found: check if there is a RefParameter without a condition.
2026-07-22 21:39:44,758 [WARN] IP:2250 - PinAttribute not found: check if there is a RefParameter without a condition.
2026-07-22 21:39:44,758 [WARN] IP:2250 - PinAttribute not found: check if there is a RefParameter without a condition.
2026-07-22 21:39:44,758 [WARN] IP:2250 - PinAttribute not found: check if there is a RefParameter without a condition.
2026-07-22 21:39:44,762 [WARN] IP:2250 - PinAttribute not found: check if there is a RefParameter without a condition.
2026-07-22 21:39:44,762 [WARN] IP:2250 - PinAttribute not found: check if there is a RefParameter without a condition.
2026-07-22 21:39:44,762 [WARN] IP:2250 - PinAttribute not found: check if there is a RefParameter without a condition.
2026-07-22 21:39:44,772 [WARN] IP:2250 - PinAttribute not found: check if there is a RefParameter without a condition.
2026-07-22 21:39:44,773 [WARN] IP:2250 - PinAttribute not found: check if there is a RefParameter without a condition.
2026-07-22 21:39:44,773 [WARN] IP:2250 - PinAttribute not found: check if there is a RefParameter without a condition.
2026-07-22 21:39:44,779 [WARN] IP:2250 - PinAttribute not found: check if there is a RefParameter without a condition.
2026-07-22 21:39:44,779 [WARN] IP:2250 - PinAttribute not found: check if there is a RefParameter without a condition.
2026-07-22 21:39:44,779 [WARN] IP:2250 - PinAttribute not found: check if there is a RefParameter without a condition.
2026-07-22 21:39:44,795 [WARN] IP:2250 - PinAttribute not found: check if there is a RefParameter without a condition.
2026-07-22 21:39:44,795 [WARN] IP:2250 - PinAttribute not found: check if there is a RefParameter without a condition.
2026-07-22 21:39:44,795 [WARN] IP:2250 - PinAttribute not found: check if there is a RefParameter without a condition.
2026-07-22 21:39:44,800 [WARN] IP:2250 - PinAttribute not found: check if there is a RefParameter without a condition.
2026-07-22 21:39:44,800 [WARN] IP:2250 - PinAttribute not found: check if there is a RefParameter without a condition.
2026-07-22 21:39:44,800 [WARN] IP:2250 - PinAttribute not found: check if there is a RefParameter without a condition.
2026-07-22 21:39:44,804 [WARN] IP:2250 - PinAttribute not found: check if there is a RefParameter without a condition.
2026-07-22 21:39:44,805 [WARN] IP:2250 - PinAttribute not found: check if there is a RefParameter without a condition.
2026-07-22 21:39:44,805 [WARN] IP:2250 - PinAttribute not found: check if there is a RefParameter without a condition.
2026-07-22 21:39:44,808 [WARN] IP:2250 - PinAttribute not found: check if there is a RefParameter without a condition.
2026-07-22 21:39:44,808 [WARN] IP:2250 - PinAttribute not found: check if there is a RefParameter without a condition.
2026-07-22 21:39:44,808 [WARN] IP:2250 - PinAttribute not found: check if there is a RefParameter without a condition.
2026-07-22 21:39:44,808 [WARN] IP:2250 - PinAttribute not found: check if there is a RefParameter without a condition.
2026-07-22 21:39:44,808 [WARN] IP:2250 - PinAttribute not found: check if there is a RefParameter without a condition.
2026-07-22 21:39:44,812 [WARN] IP:2250 - PinAttribute not found: check if there is a RefParameter without a condition.
2026-07-22 21:39:44,812 [WARN] IP:2250 - PinAttribute not found: check if there is a RefParameter without a condition.
2026-07-22 21:39:44,813 [WARN] IP:2250 - PinAttribute not found: check if there is a RefParameter without a condition.
2026-07-22 21:39:44,813 [WARN] IP:2250 - PinAttribute not found: check if there is a RefParameter without a condition.
2026-07-22 21:39:44,813 [WARN] IP:2250 - PinAttribute not found: check if there is a RefParameter without a condition.
2026-07-22 21:39:44,818 [WARN] IP:2250 - PinAttribute not found: check if there is a RefParameter without a condition.
2026-07-22 21:39:44,818 [WARN] IP:2250 - PinAttribute not found: check if there is a RefParameter without a condition.
2026-07-22 21:39:44,819 [WARN] IP:2250 - PinAttribute not found: check if there is a RefParameter without a condition.
2026-07-22 21:39:44,819 [WARN] IP:2250 - PinAttribute not found: check if there is a RefParameter without a condition.
2026-07-22 21:39:44,819 [WARN] IP:2250 - PinAttribute not found: check if there is a RefParameter without a condition.
2026-07-22 21:39:44,824 [WARN] IP:2250 - PinAttribute not found: check if there is a RefParameter without a condition.
2026-07-22 21:39:44,824 [WARN] IP:2250 - PinAttribute not found: check if there is a RefParameter without a condition.
2026-07-22 21:39:44,829 [WARN] IP:2250 - DATAEXCHANGEDESRCBYTE_GPDMACH1 not found: check if there is a RefParameter without a condition.
2026-07-22 21:39:44,829 [WARN] IP:2250 - DATAEXCHANGEDESTHALFWORD_GPDMACH1 not found: check if there is a RefParameter without a condition.
2026-07-22 21:39:44,833 [WARN] IP:2250 - DATAEXCHANGEDESRCBYTE_GPDMACH0 not found: check if there is a RefParameter without a condition.
2026-07-22 21:39:44,833 [WARN] IP:2250 - DATAEXCHANGEDESTHALFWORD_GPDMACH0 not found: check if there is a RefParameter without a condition.
2026-07-22 21:39:44,845 [WARN] IP:2250 - DATAEXCHANGEDESRCBYTE_GPDMACH1 not found: check if there is a RefParameter without a condition.
2026-07-22 21:39:44,846 [WARN] IP:2250 - DATAEXCHANGEDESTHALFWORD_GPDMACH1 not found: check if there is a RefParameter without a condition.
2026-07-22 21:39:44,850 [WARN] IP:2250 - DATAEXCHANGEDESRCBYTE_GPDMACH0 not found: check if there is a RefParameter without a condition.
2026-07-22 21:39:44,850 [WARN] IP:2250 - DATAEXCHANGEDESTHALFWORD_GPDMACH0 not found: check if there is a RefParameter without a condition.
2026-07-22 21:39:44,861 [WARN] IP:2250 - PinAttribute not found: check if there is a RefParameter without a condition.
2026-07-22 21:39:44,861 [WARN] IP:2250 - PinAttribute not found: check if there is a RefParameter without a condition.
2026-07-22 21:39:44,861 [WARN] IP:2250 - PinAttribute not found: check if there is a RefParameter without a condition.
2026-07-22 21:39:44,867 [WARN] IP:2250 - DATAEXCHANGEDESRCBYTE_GPDMACH1 not found: check if there is a RefParameter without a condition.
2026-07-22 21:39:44,868 [WARN] IP:2250 - DATAEXCHANGEDESTHALFWORD_GPDMACH1 not found: check if there is a RefParameter without a condition.
2026-07-22 21:39:44,888 [WARN] IP:2250 - PinAttribute not found: check if there is a RefParameter without a condition.
2026-07-22 21:39:44,889 [WARN] IP:2250 - PinAttribute not found: check if there is a RefParameter without a condition.
2026-07-22 21:39:44,889 [WARN] IP:2250 - PinAttribute not found: check if there is a RefParameter without a condition.
2026-07-22 21:39:44,897 [WARN] IP:2250 - DATAEXCHANGEDESRCBYTE_GPDMACH5 not found: check if there is a RefParameter without a condition.
2026-07-22 21:39:44,897 [WARN] IP:2250 - DATAEXCHANGEDESTHALFWORD_GPDMACH5 not found: check if there is a RefParameter without a condition.
2026-07-22 21:39:44,902 [WARN] IP:2250 - DATAEXCHANGEDESRCBYTE_GPDMACH4 not found: check if there is a RefParameter without a condition.
2026-07-22 21:39:44,902 [WARN] IP:2250 - DATAEXCHANGEDESTHALFWORD_GPDMACH4 not found: check if there is a RefParameter without a condition.
2026-07-22 21:39:44,905 [WARN] IP:2250 - DATAEXCHANGEDESRCBYTE_GPDMACH2 not found: check if there is a RefParameter without a condition.
2026-07-22 21:39:44,905 [WARN] IP:2250 - DATAEXCHANGEDESTHALFWORD_GPDMACH2 not found: check if there is a RefParameter without a condition.
2026-07-22 21:39:44,909 [WARN] IP:2250 - DATAEXCHANGEDESRCBYTE_GPDMACH1 not found: check if there is a RefParameter without a condition.
2026-07-22 21:39:44,909 [WARN] IP:2250 - DATAEXCHANGEDESTHALFWORD_GPDMACH1 not found: check if there is a RefParameter without a condition.
2026-07-22 21:39:44,930 [WARN] IP:2250 - DATAEXCHANGEDESRCBYTE_GPDMACH5 not found: check if there is a RefParameter without a condition.
2026-07-22 21:39:44,930 [WARN] IP:2250 - DATAEXCHANGEDESTHALFWORD_GPDMACH5 not found: check if there is a RefParameter without a condition.
2026-07-22 21:39:44,934 [WARN] IP:2250 - DATAEXCHANGEDESRCBYTE_GPDMACH4 not found: check if there is a RefParameter without a condition.
2026-07-22 21:39:44,934 [WARN] IP:2250 - DATAEXCHANGEDESTHALFWORD_GPDMACH4 not found: check if there is a RefParameter without a condition.
2026-07-22 21:39:44,938 [WARN] IP:2250 - DATAEXCHANGEDESRCBYTE_GPDMACH2 not found: check if there is a RefParameter without a condition.
2026-07-22 21:39:44,938 [WARN] IP:2250 - DATAEXCHANGEDESTHALFWORD_GPDMACH2 not found: check if there is a RefParameter without a condition.
2026-07-22 21:39:44,943 [WARN] IP:2250 - DATAEXCHANGEDESRCBYTE_GPDMACH1 not found: check if there is a RefParameter without a condition.
2026-07-22 21:39:44,943 [WARN] IP:2250 - DATAEXCHANGEDESTHALFWORD_GPDMACH1 not found: check if there is a RefParameter without a condition.
2026-07-22 21:39:44,965 [WARN] IP:2250 - PinAttribute not found: check if there is a RefParameter without a condition.
2026-07-22 21:39:44,965 [WARN] IP:2250 - PinAttribute not found: check if there is a RefParameter without a condition.
2026-07-22 21:39:44,965 [WARN] IP:2250 - PinAttribute not found: check if there is a RefParameter without a condition.
2026-07-22 21:39:44,969 [WARN] IP:2250 - DATAEXCHANGEDESRCBYTE_GPDMACH5 not found: check if there is a RefParameter without a condition.
2026-07-22 21:39:44,969 [WARN] IP:2250 - DATAEXCHANGEDESTHALFWORD_GPDMACH5 not found: check if there is a RefParameter without a condition.
2026-07-22 21:39:44,973 [WARN] IP:2250 - DATAEXCHANGEDESRCBYTE_GPDMACH4 not found: check if there is a RefParameter without a condition.
2026-07-22 21:39:44,973 [WARN] IP:2250 - DATAEXCHANGEDESTHALFWORD_GPDMACH4 not found: check if there is a RefParameter without a condition.
2026-07-22 21:39:44,986 [WARN] IP:2250 - DATAEXCHANGEDESRCBYTE_GPDMACH2 not found: check if there is a RefParameter without a condition.
2026-07-22 21:39:44,986 [WARN] IP:2250 - DATAEXCHANGEDESTHALFWORD_GPDMACH2 not found: check if there is a RefParameter without a condition.
2026-07-22 21:39:45,003 [WARN] IP:2250 - PinAttribute not found: check if there is a RefParameter without a condition.
2026-07-22 21:39:45,003 [WARN] IP:2250 - PinAttribute not found: check if there is a RefParameter without a condition.
2026-07-22 21:39:45,003 [WARN] IP:2250 - PinAttribute not found: check if there is a RefParameter without a condition.
2026-07-22 21:39:45,004 [WARN] IP:2250 - PinAttribute not found: check if there is a RefParameter without a condition.
2026-07-22 21:39:45,004 [WARN] IP:2250 - PinAttribute not found: check if there is a RefParameter without a condition.
2026-07-22 21:39:45,004 [WARN] IP:2250 - PinAttribute not found: check if there is a RefParameter without a condition.
2026-07-22 21:39:45,004 [WARN] IP:2250 - PinAttribute not found: check if there is a RefParameter without a condition.
2026-07-22 21:39:45,004 [WARN] IP:2250 - PinAttribute not found: check if there is a RefParameter without a condition.
2026-07-22 21:39:45,004 [WARN] IP:2250 - PinAttribute not found: check if there is a RefParameter without a condition.
2026-07-22 21:39:45,005 [WARN] IP:2250 - PinAttribute not found: check if there is a RefParameter without a condition.
2026-07-22 21:39:45,005 [WARN] IP:2250 - PinAttribute not found: check if there is a RefParameter without a condition.
2026-07-22 21:39:45,005 [WARN] IP:2250 - PinAttribute not found: check if there is a RefParameter without a condition.
2026-07-22 21:39:45,005 [WARN] IP:2250 - PinAttribute not found: check if there is a RefParameter without a condition.
2026-07-22 21:39:45,005 [WARN] IP:2250 - PinAttribute not found: check if there is a RefParameter without a condition.
2026-07-22 21:39:45,005 [WARN] IP:2250 - PinAttribute not found: check if there is a RefParameter without a condition.
2026-07-22 21:39:45,005 [WARN] IP:2250 - PinAttribute not found: check if there is a RefParameter without a condition.
2026-07-22 21:39:45,005 [WARN] IP:2250 - PinAttribute not found: check if there is a RefParameter without a condition.
2026-07-22 21:39:45,005 [WARN] IP:2250 - PinAttribute not found: check if there is a RefParameter without a condition.
2026-07-22 21:39:45,005 [WARN] IP:2250 - PinAttribute not found: check if there is a RefParameter without a condition.
2026-07-22 21:39:45,005 [WARN] IP:2250 - PinAttribute not found: check if there is a RefParameter without a condition.
2026-07-22 21:39:45,006 [WARN] IP:2250 - PinAttribute not found: check if there is a RefParameter without a condition.
2026-07-22 21:39:45,006 [WARN] IP:2250 - PinAttribute not found: check if there is a RefParameter without a condition.
2026-07-22 21:39:45,006 [WARN] IP:2250 - PinAttribute not found: check if there is a RefParameter without a condition.
2026-07-22 21:39:45,006 [WARN] IP:2250 - PinAttribute not found: check if there is a RefParameter without a condition.
2026-07-22 21:39:45,006 [WARN] IP:2250 - PinAttribute not found: check if there is a RefParameter without a condition.
2026-07-22 21:39:45,006 [WARN] IP:2250 - PinAttribute not found: check if there is a RefParameter without a condition.
2026-07-22 21:39:45,006 [WARN] IP:2250 - PinAttribute not found: check if there is a RefParameter without a condition.
2026-07-22 21:39:45,007 [WARN] IP:2250 - PinAttribute not found: check if there is a RefParameter without a condition.
2026-07-22 21:39:45,007 [WARN] IP:2250 - PinAttribute not found: check if there is a RefParameter without a condition.
2026-07-22 21:39:45,007 [WARN] IP:2250 - PinAttribute not found: check if there is a RefParameter without a condition.
2026-07-22 21:39:45,007 [WARN] IP:2250 - PinAttribute not found: check if there is a RefParameter without a condition.
2026-07-22 21:39:45,007 [WARN] IP:2250 - PinAttribute not found: check if there is a RefParameter without a condition.
2026-07-22 21:39:45,007 [WARN] IP:2250 - PinAttribute not found: check if there is a RefParameter without a condition.
2026-07-22 21:39:45,007 [WARN] IP:2250 - PinAttribute not found: check if there is a RefParameter without a condition.
2026-07-22 21:39:45,007 [WARN] IP:2250 - PinAttribute not found: check if there is a RefParameter without a condition.
2026-07-22 21:39:45,007 [WARN] IP:2250 - PinAttribute not found: check if there is a RefParameter without a condition.
2026-07-22 21:39:45,008 [WARN] IP:2250 - PinAttribute not found: check if there is a RefParameter without a condition.
2026-07-22 21:39:45,008 [WARN] IP:2250 - PinAttribute not found: check if there is a RefParameter without a condition.
2026-07-22 21:39:45,008 [WARN] IP:2250 - PinAttribute not found: check if there is a RefParameter without a condition.
2026-07-22 21:39:45,012 [WARN] IP:2250 - PinAttribute not found: check if there is a RefParameter without a condition.
2026-07-22 21:39:45,012 [WARN] IP:2250 - PinAttribute not found: check if there is a RefParameter without a condition.
2026-07-22 21:39:45,012 [WARN] IP:2250 - PinAttribute not found: check if there is a RefParameter without a condition.
2026-07-22 21:39:45,015 [WARN] IP:2250 - PinAttribute not found: check if there is a RefParameter without a condition.
2026-07-22 21:39:45,016 [WARN] IP:2250 - PinAttribute not found: check if there is a RefParameter without a condition.
2026-07-22 21:39:45,016 [WARN] IP:2250 - PinAttribute not found: check if there is a RefParameter without a condition.
2026-07-22 21:39:45,016 [WARN] IP:2250 - PinAttribute not found: check if there is a RefParameter without a condition.
2026-07-22 21:39:45,017 [WARN] IP:2250 - PinAttribute not found: check if there is a RefParameter without a condition.
2026-07-22 21:39:45,020 [WARN] IP:2250 - PinAttribute not found: check if there is a RefParameter without a condition.
2026-07-22 21:39:45,020 [WARN] IP:2250 - PinAttribute not found: check if there is a RefParameter without a condition.
2026-07-22 21:39:45,020 [WARN] IP:2250 - PinAttribute not found: check if there is a RefParameter without a condition.
2026-07-22 21:39:45,020 [WARN] IP:2250 - PinAttribute not found: check if there is a RefParameter without a condition.
2026-07-22 21:39:45,020 [WARN] IP:2250 - PinAttribute not found: check if there is a RefParameter without a condition.
2026-07-22 21:54:29,820 [ERROR] LogOutputStream:75 - [STDERR_REDIRECT] 
