2026-09-08 17:06:18,942 [INFO] Activator:176 - 


2026-09-08 17:06:18,944 [INFO] Activator:177 - !SESSION log4j initialized
2026-09-08 17:06:23,616 [INFO] LogOutputStream:77 - [STDOUT_REDIRECT] 
2026-09-08 17:06:29,399 [INFO] ApplicationProperties:184 - Using Application install path: C:\ST\STM32CubeIDE_1.19.0\STM32CubeIDE\plugins\com.st.stm32cube.common.mx_6.15.0.202507011659
2026-09-08 17:06:29,417 [INFO] DbMcusXml:78 - Set database path to: C:\ST\STM32CubeIDE_1.19.0\STM32CubeIDE\plugins\com.st.stm32cube.common.mx_6.15.0.202507011659\\db\/mcu/
2026-09-08 17:06:29,417 [INFO] ApiDb:274 - Set plugin database path to: C:\ST\STM32CubeIDE_1.19.0\STM32CubeIDE\plugins\com.st.stm32cube.common.mx_6.15.0.202507011659\\db\/plugins/boardmanager/
2026-09-08 17:06:29,417 [WARN] ApiDb:259 - Overriding images path with different value:  => C:\ST\STM32CubeIDE_1.19.0\STM32CubeIDE\plugins\com.st.stm32cube.common.mx_6.15.0.202507011659\\db\/plugins/mcufinder/images/
2026-09-08 17:06:29,425 [INFO] ApiDb:250 - Set database path to: C:\Users\szymo\.stmcufinder\plugins\mcufinder//mcu/
2026-09-08 17:06:29,425 [INFO] DbMcusAds:125 - Set database path to: C:\Users\szymo\.stmcufinder\plugins\mcufinder//mcu/
2026-09-08 17:06:29,432 [INFO] CrossReferenceDbSqlite:203 - Set database path to: C:\Users\szymo\.stmcufinder\plugins\mcufinder//mcu/cs/
2026-09-08 17:06:29,498 [INFO] RulesReader:64 - Compatibility file has been processed (317 Rules)
2026-09-08 17:06:29,563 [INFO] DbMcusXml:78 - Set database path to: C:\ST\STM32CubeIDE_1.19.0\STM32CubeIDE\plugins\com.st.stm32cube.common.mx_6.15.0.202507011659\\db\/mcu/
2026-09-08 17:06:29,563 [INFO] ApiDb:274 - Set plugin database path to: C:\ST\STM32CubeIDE_1.19.0\STM32CubeIDE\plugins\com.st.stm32cube.common.mx_6.15.0.202507011659\\db\/plugins/boardmanager/
2026-09-08 17:06:29,563 [INFO] ApiDb:261 - Set plugin images path to: C:\ST\STM32CubeIDE_1.19.0\STM32CubeIDE\plugins\com.st.stm32cube.common.mx_6.15.0.202507011659\\db\/plugins/mcufinder/images/
2026-09-08 17:06:29,563 [WARN] DbFile:41 - Overriding database path with different value: C:\Users\szymo\.stmcufinder\plugins\mcufinder/ => C:\Users\szymo\.stmcufinder\plugins\mcufinder
2026-09-08 17:06:29,563 [INFO] ApiDb:250 - Set database path to: C:\Users\szymo\.stmcufinder\plugins\mcufinder//mcu/
2026-09-08 17:06:29,563 [WARN] DbFile:41 - Overriding database path with different value: C:\Users\szymo\.stmcufinder\plugins\mcufinder/ => C:\Users\szymo\.stmcufinder\plugins\mcufinder
2026-09-08 17:06:29,563 [INFO] DbMcusAds:125 - Set database path to: C:\Users\szymo\.stmcufinder\plugins\mcufinder//mcu/
2026-09-08 17:06:29,563 [WARN] DbFile:41 - Overriding database path with different value: C:\Users\szymo\.stmcufinder\plugins\mcufinder/ => C:\Users\szymo\.stmcufinder\plugins\mcufinder
2026-09-08 17:06:29,564 [WARN] DbFile:41 - Overriding database path with different value: C:\Users\szymo\.stmcufinder\plugins\mcufinder/ => C:\Users\szymo\.stmcufinder\plugins\mcufinder
2026-09-08 17:06:29,564 [INFO] CrossReferenceDbSqlite:203 - Set database path to: C:\Users\szymo\.stmcufinder\plugins\mcufinder//mcu/cs/
2026-09-08 17:06:29,600 [INFO] MainPanel:274 - HeapMemory: 268435456
2026-09-08 17:06:29,683 [INFO] DbMcusXml:78 - Set database path to: C:\ST\STM32CubeIDE_1.19.0\STM32CubeIDE\plugins\com.st.stm32cube.common.mx_6.15.0.202507011659\\db\/mcu/
2026-09-08 17:06:29,683 [INFO] ApiDb:274 - Set plugin database path to: C:\ST\STM32CubeIDE_1.19.0\STM32CubeIDE\plugins\com.st.stm32cube.common.mx_6.15.0.202507011659\\db\/plugins/boardmanager/
2026-09-08 17:06:29,683 [INFO] ApiDb:261 - Set plugin images path to: C:\ST\STM32CubeIDE_1.19.0\STM32CubeIDE\plugins\com.st.stm32cube.common.mx_6.15.0.202507011659\\db\/plugins/mcufinder/images/
2026-09-08 17:06:29,683 [WARN] DbFile:41 - Overriding database path with different value: C:\Users\szymo\.stmcufinder\plugins\mcufinder/ => C:\Users\szymo\.stmcufinder\plugins\mcufinder
2026-09-08 17:06:29,683 [INFO] ApiDb:250 - Set database path to: C:\Users\szymo\.stmcufinder\plugins\mcufinder//mcu/
2026-09-08 17:06:29,683 [WARN] DbFile:41 - Overriding database path with different value: C:\Users\szymo\.stmcufinder\plugins\mcufinder/ => C:\Users\szymo\.stmcufinder\plugins\mcufinder
2026-09-08 17:06:29,683 [INFO] DbMcusAds:125 - Set database path to: C:\Users\szymo\.stmcufinder\plugins\mcufinder//mcu/
2026-09-08 17:06:29,683 [WARN] DbFile:41 - Overriding database path with different value: C:\Users\szymo\.stmcufinder\plugins\mcufinder/ => C:\Users\szymo\.stmcufinder\plugins\mcufinder
2026-09-08 17:06:29,683 [WARN] DbFile:41 - Overriding database path with different value: C:\Users\szymo\.stmcufinder\plugins\mcufinder/ => C:\Users\szymo\.stmcufinder\plugins\mcufinder
2026-09-08 17:06:29,683 [INFO] CrossReferenceDbSqlite:203 - Set database path to: C:\Users\szymo\.stmcufinder\plugins\mcufinder//mcu/cs/
2026-09-08 17:06:29,694 [INFO] ApplicationProperties:184 - Using Application install path: C:\ST\STM32CubeIDE_1.19.0\STM32CubeIDE\plugins\com.st.stm32cube.common.mx_6.15.0.202507011659
2026-09-08 17:06:29,694 [INFO] PluginManage:196 - Search for loadable plugins [exclusion list=, ]
2026-09-08 17:06:29,694 [INFO] PluginManage:310 - Check plugin analytics
2026-09-08 17:06:34,365 [INFO] AnalyticsPlugin:253 - Accepted Software Licenses: STM32CubeMX.6.18.0
2026-09-08 17:06:34,365 [INFO] AnalyticsPlugin:255 - Accepted CMSIS Pack Licenses: 
2026-09-08 17:06:34,365 [INFO] AnalyticsPlugin:257 - Accepted Firmware Licenses: FW.H5.1.7.0
2026-09-08 17:06:34,365 [INFO] PluginManage:359 - Loaded plugin analytics (category:tool,tabindex:-1)
2026-09-08 17:06:34,365 [INFO] PluginManage:310 - Check plugin cadmodel
2026-09-08 17:06:34,376 [INFO] CADModel:105 - Init CAD model plugin
2026-09-08 17:06:34,376 [INFO] PluginManage:359 - Loaded plugin cadmodel (category:power,tabindex:5)
2026-09-08 17:06:34,376 [INFO] PluginManage:310 - Check plugin clock
2026-09-08 17:06:34,382 [INFO] PluginManage:359 - Loaded plugin clock (category:base,tabindex:2)
2026-09-08 17:06:34,382 [INFO] PluginManage:310 - Check plugin ddr
2026-09-08 17:06:34,382 [INFO] PluginManage:359 - Loaded plugin ddr (category:tool,tabindex:6)
2026-09-08 17:06:34,382 [INFO] PluginManage:310 - Check plugin filemanager
2026-09-08 17:06:34,467 [INFO] PluginManage:359 - Loaded plugin filemanager (category:base,tabindex:10)
2026-09-08 17:06:34,467 [INFO] PluginManage:310 - Check plugin ipmanager
2026-09-08 17:06:34,474 [INFO] PluginManage:359 - Loaded plugin ipmanager (category:base,tabindex:5)
2026-09-08 17:06:34,474 [INFO] PluginManage:310 - Check plugin lpbam
2026-09-08 17:06:34,485 [INFO] PluginManage:359 - Loaded plugin lpbam (category:base,tabindex:0)
2026-09-08 17:06:34,485 [INFO] PluginManage:310 - Check plugin memorymap
2026-09-08 17:06:34,503 [INFO] PluginManage:359 - Loaded plugin memorymap (category:base,tabindex:4)
2026-09-08 17:06:34,503 [INFO] PluginManage:310 - Check plugin pinoutandconfiguration
2026-09-08 17:06:34,513 [INFO] PluginManage:359 - Loaded plugin pinoutandconfiguration (category:base,tabindex:1)
2026-09-08 17:06:34,513 [INFO] PluginManage:310 - Check plugin pinoutconfig
2026-09-08 17:06:34,558 [WARN] SupportedApi:132 - Cannot load RTOS API schema: s4s-elt-must-match.1: The content of 'definitions' must match (annotation?, (simpleType | complexType)?, (unique | key | keyref)*)). A problem was found starting at: attribute.
2026-09-08 17:06:34,642 [INFO] PluginManage:359 - Loaded plugin pinoutconfig (category:base,tabindex:0)
2026-09-08 17:06:34,643 [INFO] PluginManage:310 - Check plugin power
2026-09-08 17:06:34,654 [INFO] PluginManage:359 - Loaded plugin power (category:power,tabindex:4)
2026-09-08 17:06:34,654 [INFO] PluginManage:310 - Check plugin projectmanager
2026-09-08 17:06:34,663 [INFO] PluginManage:359 - Loaded plugin projectmanager (category:projectmanager,tabindex:4)
2026-09-08 17:06:34,663 [INFO] PluginManage:310 - Check plugin rif
2026-09-08 17:06:34,671 [INFO] PluginManage:359 - Loaded plugin rif (category:base,tabindex:3)
2026-09-08 17:06:34,671 [INFO] PluginManage:310 - Check plugin thirdparty
2026-09-08 17:06:34,826 [INFO] PluginManage:359 - Loaded plugin thirdparty (category:base,tabindex:-1)
2026-09-08 17:06:34,826 [WARN] IntegrityCheckThread:84 - waiting for thirdparty lock release [integrity check]
2026-09-08 17:06:34,828 [INFO] PluginManage:310 - Check plugin tools
2026-09-08 17:06:34,828 [INFO] IntegrityCheckThread:86 - entering critical section [integrity check]
2026-09-08 17:06:34,828 [INFO] ThirdPartyUpdaterWithRetryManager:70 - Updater plugin not ready yet. [1/15]
2026-09-08 17:06:34,845 [INFO] PluginManage:359 - Loaded plugin tools (category:base,tabindex:7)
2026-09-08 17:06:34,845 [INFO] PluginManage:310 - Check plugin tutovideos
2026-09-08 17:06:34,963 [INFO] PluginManage:359 - Loaded plugin tutovideos (category:base,tabindex:-1)
2026-09-08 17:06:34,963 [INFO] PluginManage:310 - Check plugin updater
2026-09-08 17:06:34,977 [INFO] PluginManage:359 - Loaded plugin updater (category:base,tabindex:12)
2026-09-08 17:06:34,977 [INFO] PluginManage:310 - Check plugin userauth
2026-09-08 17:06:34,978 [INFO] UserAuth:118 - Init User Auth plugin
2026-09-08 17:06:34,978 [INFO] PluginManage:359 - Loaded plugin userauth (category:base,tabindex:14)
2026-09-08 17:06:34,978 [INFO] PluginManage:283 - PluginManage : Loaded plugins [18]
2026-09-08 17:06:35,104 [INFO] PinOutPanel:1589 - setPackage(No Configuration,No Configuration)
2026-09-08 17:06:35,143 [INFO] CADModel:165 - CPN selected for project level
2026-09-08 17:06:35,143 [INFO] CADModel:114 - Register for checkConnection events
2026-09-08 17:06:35,159 [INFO] IPUIPlugin:80 - create IPUIPlugin
2026-09-08 17:06:35,159 [INFO] PluginManager:220 - loadIPPluginJar : add adc
2026-09-08 17:06:35,177 [INFO] IPUIPlugin:80 - create IPUIPlugin
2026-09-08 17:06:35,177 [INFO] PluginManager:220 - loadIPPluginJar : add aes
2026-09-08 17:06:35,195 [INFO] IPUIPlugin:80 - create IPUIPlugin
2026-09-08 17:06:35,195 [INFO] PluginManager:220 - loadIPPluginJar : add can
2026-09-08 17:06:35,209 [INFO] IPUIPlugin:80 - create IPUIPlugin
2026-09-08 17:06:35,209 [INFO] PluginManager:220 - loadIPPluginJar : add comp
2026-09-08 17:06:35,226 [INFO] IPUIPlugin:80 - create IPUIPlugin
2026-09-08 17:06:35,226 [INFO] PluginManager:220 - loadIPPluginJar : add cryp
2026-09-08 17:06:35,232 [INFO] IPUIPlugin:80 - create IPUIPlugin
2026-09-08 17:06:35,232 [INFO] PluginManager:220 - loadIPPluginJar : add ddr_ctrl_phy
2026-09-08 17:06:35,242 [INFO] IPUIPlugin:80 - create IPUIPlugin
2026-09-08 17:06:35,242 [INFO] PluginManager:220 - loadIPPluginJar : add dfsdm
2026-09-08 17:06:35,251 [INFO] IPUIPlugin:80 - create IPUIPlugin
2026-09-08 17:06:35,251 [INFO] PluginManager:220 - loadIPPluginJar : add dma
2026-09-08 17:06:35,268 [INFO] IPUIPlugin:80 - create IPUIPlugin
2026-09-08 17:06:35,268 [INFO] PluginManager:220 - loadIPPluginJar : add dma3
2026-09-08 17:06:35,292 [INFO] IPUIPlugin:80 - create IPUIPlugin
2026-09-08 17:06:35,292 [INFO] PluginManager:220 - loadIPPluginJar : add extmemmanager
2026-09-08 17:06:35,299 [INFO] IPUIPlugin:80 - create IPUIPlugin
2026-09-08 17:06:35,299 [INFO] PluginManager:220 - loadIPPluginJar : add fatfs
2026-09-08 17:06:35,318 [INFO] IPUIPlugin:80 - create IPUIPlugin
2026-09-08 17:06:35,318 [INFO] PluginManager:220 - loadIPPluginJar : add fmc
2026-09-08 17:06:35,332 [INFO] IPUIPlugin:80 - create IPUIPlugin
2026-09-08 17:06:35,332 [INFO] PluginManager:220 - loadIPPluginJar : add freertos
2026-09-08 17:06:35,340 [INFO] IPUIPlugin:80 - create IPUIPlugin
2026-09-08 17:06:35,340 [INFO] PluginManager:220 - loadIPPluginJar : add genericplugin
2026-09-08 17:06:35,373 [INFO] IPUIPlugin:80 - create IPUIPlugin
2026-09-08 17:06:35,373 [INFO] PluginManager:220 - loadIPPluginJar : add gfxmmu
2026-09-08 17:06:35,447 [INFO] IPUIPlugin:80 - create IPUIPlugin
2026-09-08 17:06:35,447 [INFO] PluginManager:220 - loadIPPluginJar : add gic
2026-09-08 17:06:35,455 [INFO] IPUIPlugin:80 - create IPUIPlugin
2026-09-08 17:06:35,455 [INFO] PluginManager:220 - loadIPPluginJar : add gpio
2026-09-08 17:06:35,502 [INFO] IPUIPlugin:80 - create IPUIPlugin
2026-09-08 17:06:35,502 [INFO] PluginManager:220 - loadIPPluginJar : add gtzc
2026-09-08 17:06:35,513 [INFO] IPUIPlugin:80 - create IPUIPlugin
2026-09-08 17:06:35,513 [INFO] PluginManager:220 - loadIPPluginJar : add hash
2026-09-08 17:06:35,538 [INFO] IPUIPlugin:80 - create IPUIPlugin
2026-09-08 17:06:35,538 [INFO] PluginManager:220 - loadIPPluginJar : add i2c
2026-09-08 17:06:35,557 [INFO] IPUIPlugin:80 - create IPUIPlugin
2026-09-08 17:06:35,557 [INFO] PluginManager:220 - loadIPPluginJar : add i2s
2026-09-08 17:06:35,573 [INFO] IPUIPlugin:80 - create IPUIPlugin
2026-09-08 17:06:35,573 [INFO] PluginManager:220 - loadIPPluginJar : add i3c
2026-09-08 17:06:35,626 [INFO] IPUIPlugin:80 - create IPUIPlugin
2026-09-08 17:06:35,632 [INFO] PluginManager:220 - loadIPPluginJar : add ipddr
2026-09-08 17:06:35,673 [INFO] IPUIPlugin:80 - create IPUIPlugin
2026-09-08 17:06:35,673 [INFO] PluginManager:220 - loadIPPluginJar : add linkedlist
2026-09-08 17:06:35,676 [INFO] IPUIPlugin:80 - create IPUIPlugin
2026-09-08 17:06:35,676 [INFO] PluginManager:220 - loadIPPluginJar : add lorawan
2026-09-08 17:06:35,700 [INFO] IPUIPlugin:80 - create IPUIPlugin
2026-09-08 17:06:35,700 [INFO] PluginManager:220 - loadIPPluginJar : add ltdc
2026-09-08 17:06:35,711 [INFO] IPUIPlugin:80 - create IPUIPlugin
2026-09-08 17:06:35,711 [INFO] PluginManager:220 - loadIPPluginJar : add mdma
2026-09-08 17:06:35,713 [INFO] IPUIPlugin:80 - create IPUIPlugin
2026-09-08 17:06:35,713 [INFO] PluginManager:220 - loadIPPluginJar : add nvic
2026-09-08 17:06:35,734 [INFO] IPUIPlugin:80 - create IPUIPlugin
2026-09-08 17:06:35,734 [INFO] PluginManager:220 - loadIPPluginJar : add opamp
2026-09-08 17:06:35,763 [INFO] IPUIPlugin:80 - create IPUIPlugin
2026-09-08 17:06:35,763 [INFO] PluginManager:220 - loadIPPluginJar : add openamp
2026-09-08 17:06:35,783 [INFO] IPUIPlugin:80 - create IPUIPlugin
2026-09-08 17:06:35,783 [INFO] PluginManager:220 - loadIPPluginJar : add pdm2pcm
2026-09-08 17:06:35,783 [INFO] IPUIPlugin:80 - create IPUIPlugin
2026-09-08 17:06:35,783 [INFO] PluginManager:220 - loadIPPluginJar : add plateformsettings
2026-09-08 17:06:35,799 [INFO] IPUIPlugin:80 - create IPUIPlugin
2026-09-08 17:06:35,799 [INFO] PluginManager:220 - loadIPPluginJar : add quadspi
2026-09-08 17:06:35,813 [INFO] IPUIPlugin:80 - create IPUIPlugin
2026-09-08 17:06:35,813 [INFO] PluginManager:220 - loadIPPluginJar : add radio
2026-09-08 17:06:35,821 [INFO] IPUIPlugin:80 - create IPUIPlugin
2026-09-08 17:06:35,821 [INFO] PluginManager:220 - loadIPPluginJar : add resmgrutility
2026-09-08 17:06:35,839 [INFO] IPUIPlugin:80 - create IPUIPlugin
2026-09-08 17:06:35,839 [INFO] PluginManager:220 - loadIPPluginJar : add sai
2026-09-08 17:06:35,856 [INFO] IPUIPlugin:80 - create IPUIPlugin
2026-09-08 17:06:35,856 [INFO] PluginManager:220 - loadIPPluginJar : add spi
2026-09-08 17:06:35,893 [INFO] IPUIPlugin:80 - create IPUIPlugin
2026-09-08 17:06:35,893 [INFO] PluginManager:220 - loadIPPluginJar : add stm32_wpan
2026-09-08 17:06:35,913 [INFO] IPUIPlugin:80 - create IPUIPlugin
2026-09-08 17:06:35,913 [INFO] PluginManager:220 - loadIPPluginJar : add tim
2026-09-08 17:06:35,939 [INFO] IPUIPlugin:80 - create IPUIPlugin
2026-09-08 17:06:35,939 [INFO] PluginManager:220 - loadIPPluginJar : add touchsensing
2026-09-08 17:06:35,947 [INFO] IPUIPlugin:80 - create IPUIPlugin
2026-09-08 17:06:35,947 [INFO] PluginManager:220 - loadIPPluginJar : add tracer_emb
2026-09-08 17:06:35,955 [INFO] IPUIPlugin:80 - create IPUIPlugin
2026-09-08 17:06:35,955 [INFO] PluginManager:220 - loadIPPluginJar : add ts
2026-09-08 17:06:35,966 [INFO] IPUIPlugin:80 - create IPUIPlugin
2026-09-08 17:06:35,966 [INFO] PluginManager:220 - loadIPPluginJar : add tsc
2026-09-08 17:06:35,978 [INFO] IPUIPlugin:80 - create IPUIPlugin
2026-09-08 17:06:35,978 [INFO] PluginManager:220 - loadIPPluginJar : add ucpd
2026-09-08 17:06:36,002 [INFO] IPUIPlugin:80 - create IPUIPlugin
2026-09-08 17:06:36,002 [INFO] PluginManager:220 - loadIPPluginJar : add usart
2026-09-08 17:06:36,022 [INFO] IPUIPlugin:80 - create IPUIPlugin
2026-09-08 17:06:36,022 [INFO] PluginManager:220 - loadIPPluginJar : add usbx
2026-09-08 17:06:36,124 [FATAL] Updater:351 - Updater called before beeing initialized
2026-09-08 17:06:36,136 [INFO] RulesReader:64 - Compatibility file has been processed (317 Rules)
2026-09-08 17:06:36,140 [INFO] RulesReader:64 - Compatibility file has been processed (317 Rules)
2026-09-08 17:06:36,154 [INFO] CADModel:165 - CPN selected for project level
2026-09-08 17:06:36,154 [INFO] CADModel:114 - Register for checkConnection events
2026-09-08 17:06:36,154 [FATAL] Updater:351 - Updater called before beeing initialized
2026-09-08 17:06:36,154 [ERROR] CADModel:125 - Updater not yet initialized, retry later 
2026-09-08 17:06:36,260 [FATAL] Updater:351 - Updater called before beeing initialized
2026-09-08 17:06:36,263 [INFO] CADModel:165 - CPN selected for project level
2026-09-08 17:06:36,263 [INFO] CADModel:114 - Register for checkConnection events
2026-09-08 17:06:36,263 [FATAL] Updater:351 - Updater called before beeing initialized
2026-09-08 17:06:36,263 [ERROR] CADModel:125 - Updater not yet initialized, retry later 
2026-09-08 17:06:36,263 [FATAL] Updater:351 - Updater called before beeing initialized
2026-09-08 17:06:36,336 [FATAL] Updater:351 - Updater called before beeing initialized
2026-09-08 17:06:36,341 [INFO] DbMcusAds:53 - JSON generation date=Wed Jul 15 11:46:00 CEST 2026 (1784108760991)
2026-09-08 17:06:36,341 [FATAL] Updater:351 - Updater called before beeing initialized
2026-09-08 17:06:36,366 [WARN] DetailPanel:346 - Failed to get advertising image, set to default
2026-09-08 17:06:36,413 [FATAL] Updater:351 - Updater called before beeing initialized
2026-09-08 17:06:36,413 [FATAL] Updater:351 - Updater called before beeing initialized
2026-09-08 17:06:36,413 [FATAL] Updater:351 - Updater called before beeing initialized
2026-09-08 17:06:36,413 [WARN] DetailPanel:346 - Failed to get advertising image, set to default
2026-09-08 17:06:36,417 [FATAL] Updater:351 - Updater called before beeing initialized
2026-09-08 17:06:36,441 [ERROR] Updater:1198 - MainUpdater not yet initialized. External WinMGr cannot be set.
2026-09-08 17:06:36,457 [INFO] Updater:1134 - Updater Version found : 6.15.0
2026-09-08 17:06:36,463 [INFO] ApplicationProperties:184 - Using Application install path: C:\ST\STM32CubeIDE_1.19.0\STM32CubeIDE\plugins\com.st.stm32cube.common.mx_6.15.0.202507011659
2026-09-08 17:06:37,840 [INFO] ThirdPartyUpdaterWithRetryManager:70 - Updater plugin not ready yet. [2/15]
2026-09-08 17:06:38,056 [ERROR] LogOutputStream:75 - [STDERR_REDIRECT] Sep 08, 2026 5:06:38 PM java.util.prefs.WindowsPreferences <init>
2026-09-08 17:06:38,056 [ERROR] LogOutputStream:75 - [STDERR_REDIRECT] WARNING: Could not open/create prefs root node Software\JavaSoft\Prefs at root 0xffffffff80000002. Windows RegCreateKeyEx(...) returned error code 5.
2026-09-08 17:06:38,056 [ERROR] LogOutputStream:75 - [STDERR_REDIRECT] 
2026-09-08 17:06:38,523 [INFO] MainUpdater:2872 - connection check result : 10
2026-09-08 17:06:38,523 [INFO] MainUpdater:3604 - Updater definition file requires update
2026-09-08 17:06:38,523 [INFO] MainUpdater:289 - Updater Check For Update Now.
2026-09-08 17:06:38,523 [INFO] MicroXplorer:498 - Change Database Version : DB.6.0.150
2026-09-08 17:06:38,533 [INFO] McuFinderGlobals:63 - Set McuFinder mode to 2 (CubeIDE integrated)
2026-09-08 17:06:38,539 [INFO] UserAuth:487 - Internet connection configuration mode: 1
2026-09-08 17:06:38,556 [INFO] JxBrowserEngine:152 - Initiate JxBrowser Engine with user profile folder
2026-09-08 17:06:38,699 [INFO] ServerAccessManage:452 - Complete download http(s) 200
2026-09-08 17:06:38,699 [INFO] ServerAccessManage:509 - Download File updaters.zip
2026-09-08 17:06:38,938 [INFO] FileExtend:248 - Unzip File : updaters.zip
2026-09-08 17:06:38,938 [INFO] FileExtend:263 - Standard Zip Deflate
2026-09-08 17:06:39,224 [INFO] ServerAccessManage:452 - Complete download http(s) 200
2026-09-08 17:06:39,224 [INFO] ServerAccessManage:509 - Download File PacksControlFlags.xml
2026-09-08 17:06:39,289 [INFO] ServerAccessManage:452 - Complete download http(s) 200
2026-09-08 17:06:39,289 [INFO] ServerAccessManage:509 - Download File cubemx.pidx
2026-09-08 17:06:39,668 [INFO] WebApp:169 - Instantiating new browser for Auth
2026-09-08 17:06:39,668 [INFO] ServerAccessManage:452 - Complete download http(s) 200
2026-09-08 17:06:39,668 [INFO] ServerAccessManage:509 - Download File STMicroelectronics.FP-SNS-STAIOTCFT.pdsc
2026-09-08 17:06:40,740 [WARN] PopulateThirdPartyThread:106 - Error when creating pack: C:/Users/szymo/.stm32cubemx/thirdparties/pdsc/STMicroelectronics.FP-SNS-STAIOTCFT.pdsc
2026-09-08 17:06:40,740 [INFO] PopulateThirdPartyThread:66 - Ending populate Thread
2026-09-08 17:06:40,740 [INFO] LoadServerUpdatesThread:375 - End of LoadServerUpdate Thread
2026-09-08 17:06:40,846 [WARN] MainUpdater:1193 - Updater busy. Cannot search thirdparties
2026-09-08 17:06:40,846 [INFO] ThirdPartyUpdaterWithRetryManager:96 - Updater plugin is busy. [1/15]
2026-09-08 17:06:40,882 [INFO] CheckServerUpdateThread:120 - End of CheckServer Thread
2026-09-08 17:06:41,014 [INFO] WebApp:463 - Apply proxy settings
2026-09-08 17:06:41,014 [INFO] WebApp:548 - Chromium requires no authentication
2026-09-08 17:06:41,093 [INFO] WebApp:491 - Direct internet connection detected
2026-09-08 17:06:41,200 [INFO] WebApp:900 - Register for checkConnection events
2026-09-08 17:06:41,200 [INFO] WebApp:463 - Apply proxy settings
2026-09-08 17:06:41,200 [INFO] WebApp:548 - Chromium requires no authentication
2026-09-08 17:06:41,201 [INFO] WebApp:491 - Direct internet connection detected
2026-09-08 17:06:41,517 [INFO] WebApp:191 - Connection restablished
2026-09-08 17:06:41,926 [INFO] WebApp:225 - Starting web application
2026-09-08 17:06:41,926 [INFO] WebApp:593 - Web application path used C:\ST\STM32CubeIDE_1.19.0\STM32CubeIDE\plugins\com.st.stm32cube.common.mx_6.15.0.202507011659\db\plugins\mcufinder\reactClient1\index.html
2026-09-08 17:06:42,028 [INFO] UserAuth:487 - Internet connection configuration mode: 1
2026-09-08 17:06:43,998 [WARN] PackLoader:240 - Cannot read IP mode file for STMicroelectronics.X-CUBE-AZRTOS-H7.3.5.0
2026-09-08 17:06:44,012 [WARN] PackLoader:240 - Cannot read IP mode file for STMicroelectronics.FP-SNS-MOTENVWB1.1.4.0
2026-09-08 17:06:44,016 [WARN] PackLoader:240 - Cannot read IP mode file for STMicroelectronics.FP-ATR-ASTRA1.2.0.3
2026-09-08 17:06:44,024 [WARN] PackLoader:240 - Cannot read IP mode file for STMicroelectronics.FP-ATR-ASTRA1.2.0.2
2026-09-08 17:06:44,030 [WARN] PackLoader:240 - Cannot read IP mode file for STMicroelectronics.FP-ATR-ASTRA1.2.0.1
2026-09-08 17:06:44,036 [ERROR] Engine:466 - C:\Users\szymo\.stm32cubemx\thirdparties\pdsc\STMicroelectronics.X-CUBE-SMBUS.2.1.1.pdsc: PDSC version is not supported
2026-09-08 17:06:44,050 [WARN] PackLoader:240 - Cannot read IP mode file for STMicroelectronics.X-CUBE-SMBUS.2.1.0
2026-09-08 17:06:44,057 [WARN] PackLoader:240 - Cannot read IP mode file for STMicroelectronics.X-CUBE-WB05N.1.1.0
2026-09-08 17:06:44,064 [WARN] PackLoader:240 - Cannot read IP mode file for STMicroelectronics.X-CUBE-ST60.1.0.0
2026-09-08 17:06:44,098 [WARN] PackLoader:240 - Cannot read IP mode file for STMicroelectronics.X-CUBE-AZRTOS-F7.1.1.0
2026-09-08 17:06:44,108 [WARN] PackLoader:240 - Cannot read IP mode file for STMicroelectronics.X-CUBE-FREERTOS.1.6.0
2026-09-08 17:06:44,115 [WARN] PackLoader:240 - Cannot read IP mode file for STMicroelectronics.FP-SNS-MOTENV1.5.1.0
2026-09-08 17:06:44,138 [WARN] PackLoader:240 - Cannot read IP mode file for STMicroelectronics.X-CUBE-AZRTOS-H7RS.1.3.0
2026-09-08 17:06:44,150 [WARN] PackLoader:240 - Cannot read IP mode file for STMicroelectronics.FP-SNS-FLIGHT1.5.0.2
2026-09-08 17:06:44,186 [WARN] PackLoader:240 - Cannot read IP mode file for Infineon.AIROC-Wi-Fi-Bluetooth-STM32.1.7.0
2026-09-08 17:06:44,209 [WARN] PackLoader:240 - Cannot read IP mode file for STMicroelectronics.X-CUBE-AZRTOS-H7.3.4.0
2026-09-08 17:06:44,219 [WARN] PackLoader:240 - Cannot read IP mode file for STMicroelectronics.X-CUBE-DISPLAY.3.0.0
2026-09-08 17:06:44,227 [WARN] PackLoader:240 - Cannot read IP mode file for STMicroelectronics.X-CUBE-GNSS1.7.1.1
2026-09-08 17:06:44,230 [WARN] PackLoader:240 - Cannot read IP mode file for STMicroelectronics.FP-SNS-MOTENVWB1.1.5.0
2026-09-08 17:06:44,238 [WARN] PackLoader:240 - Cannot read IP mode file for STMicroelectronics.X-CUBE-BLE1.7.0.0
2026-09-08 17:06:44,248 [WARN] PackLoader:240 - Cannot read IP mode file for STMicroelectronics.X-CUBE-NFC10.1.0.0
2026-09-08 17:06:44,258 [WARN] PackLoader:240 - Cannot read IP mode file for STMicroelectronics.X-CUBE-BLEMGR.4.0.0
2026-09-08 17:06:44,265 [WARN] PackLoader:240 - Cannot read IP mode file for STMicroelectronics.X-CUBE-ST60.1.1.0
2026-09-08 17:06:44,273 [WARN] PackLoader:240 - Cannot read IP mode file for emotas.I-CUBE-CANOPEN.1.3.0
2026-09-08 17:06:44,280 [ERROR] Engine:466 - C:\Users\szymo\.stm32cubemx\thirdparties\pdsc\STMicroelectronics.X-CUBE-WBA.1.1.0.pdsc: PDSC version is not supported
2026-09-08 17:06:44,289 [WARN] PackLoader:240 - Cannot read IP mode file for STMicroelectronics.X-CUBE-GNSS1.7.1.0
2026-09-08 17:06:44,297 [WARN] PackLoader:240 - Cannot read IP mode file for STMicroelectronics.X-CUBE-AI.10.0.0
2026-09-08 17:06:44,306 [WARN] PackLoader:240 - Cannot read IP mode file for STMicroelectronics.FP-SNS-STBOX1.2.1.0
2026-09-08 17:06:44,314 [WARN] PackLoader:240 - Cannot read IP mode file for STMicroelectronics.FP-SNS-SMARTAG2.1.2.0
2026-09-08 17:06:44,317 [WARN] PackLoader:240 - Cannot read IP mode file for STMicroelectronics.FP-SNS-FLIGHT1.5.1.0
2026-09-08 17:06:44,342 [WARN] PackLoader:240 - Cannot read IP mode file for STMicroelectronics.X-CUBE-MEMS1.11.1.0
2026-09-08 17:06:44,390 [INFO] LogOutputStream:77 - [STDOUT_REDIRECT] 1 : Invalid condition id : UX_CORESTACK_Condition cause : null
2026-09-08 17:06:44,391 [INFO] LogOutputStream:77 - [STDOUT_REDIRECT] 1 : Invalid condition id : UX_CORESTACK_Condition cause : null
2026-09-08 17:06:44,392 [INFO] LogOutputStream:77 - [STDOUT_REDIRECT] 1 : Invalid condition id : UX_CORESTACK_Condition cause : null
2026-09-08 17:06:44,392 [INFO] LogOutputStream:77 - [STDOUT_REDIRECT] 1 : Invalid condition id : UX_CORESTACK_Condition cause : null
2026-09-08 17:06:44,393 [INFO] LogOutputStream:77 - [STDOUT_REDIRECT] 1 : Invalid condition id : UX_CORESTACK_Condition cause : null
2026-09-08 17:06:44,394 [WARN] PackLoader:240 - Cannot read IP mode file for STMicroelectronics.X-CUBE-AZRTOS-WL.2.0.0
2026-09-08 17:06:44,403 [WARN] PackLoader:240 - Cannot read IP mode file for STMicroelectronics.FP-SNS-MOTENV1.5.0.0
2026-09-08 17:06:44,421 [WARN] PackLoader:240 - Cannot read IP mode file for STMicroelectronics.X-CUBE-AZRTOS-H7RS.1.2.0
2026-09-08 17:06:44,437 [WARN] PackLoader:240 - Cannot read IP mode file for WES.I-CUBE-Cesium.1.3.0
2026-09-08 17:06:44,447 [WARN] PackLoader:240 - Cannot read IP mode file for STMicroelectronics.X-CUBE-BLE2.3.3.0
2026-09-08 17:06:44,478 [WARN] PackLoader:240 - Cannot read IP mode file for STMicroelectronics.X-CUBE-NFC9.1.0.0
2026-09-08 17:06:44,489 [WARN] PackLoader:240 - Cannot read IP mode file for STMicroelectronics.X-CUBE-BLE1.7.1.0
2026-09-08 17:06:44,495 [WARN] PackLoader:240 - Cannot read IP mode file for wolfSSL.I-CUBE-wolfMQTT.1.19.2
2026-09-08 17:06:44,507 [WARN] PackLoader:240 - Cannot read IP mode file for STMicroelectronics.X-CUBE-FREERTOS.1.4.0
2026-09-08 17:06:44,519 [WARN] PackLoader:240 - Cannot read IP mode file for STMicroelectronics.X-CUBE-EEPRMA1.5.2.0
2026-09-08 17:06:44,532 [WARN] PackLoader:240 - Cannot read IP mode file for STMicroelectronics.X-CUBE-ST67W61.1.1.0
2026-09-08 17:06:44,539 [WARN] PackLoader:240 - Cannot read IP mode file for STMicroelectronics.X-CUBE-AI.10.1.0
2026-09-08 17:06:44,549 [WARN] PackLoader:240 - Cannot read IP mode file for STMicroelectronics.FP-SNS-STAIOTCFT.1.1.0
2026-09-08 17:06:44,579 [WARN] PackLoader:240 - Cannot read IP mode file for STMicroelectronics.X-CUBE-MEMS1.12.0.0
2026-09-08 17:06:44,614 [WARN] PackLoader:240 - Cannot read IP mode file for STMicroelectronics.X-CUBE-AZRTOS-G0.1.1.0
2026-09-08 17:06:44,623 [WARN] PackLoader:240 - Cannot read IP mode file for STMicroelectronics.X-CUBE-SAFEA1.1.2.2
2026-09-08 17:06:44,630 [WARN] PackLoader:240 - Cannot read IP mode file for STMicroelectronics.X-CUBE-NFC4.3.0.0
2026-09-08 17:06:44,639 [WARN] PackLoader:240 - Cannot read IP mode file for EmbeddedOffice.I-CUBE-FS-RTOS.1.0.1
2026-09-08 17:06:44,652 [WARN] PackLoader:240 - Cannot read IP mode file for STMicroelectronics.X-CUBE-WB05N.2.0.0
2026-09-08 17:06:44,656 [WARN] PackLoader:240 - Cannot read IP mode file for wolfSSL.I-CUBE-wolfTPM.3.8.0
2026-09-08 17:06:44,663 [WARN] PackLoader:240 - Cannot read IP mode file for STMicroelectronics.X-CUBE-TCPP.4.2.0
2026-09-08 17:06:44,673 [WARN] PackLoader:240 - Cannot read IP mode file for RealThread.X-CUBE-RT-Thread_Nano.4.1.1
2026-09-08 17:06:44,676 [WARN] PackLoader:240 - Cannot read IP mode file for STMicroelectronics.FP-ATR-SIGFOX1.3.2.0
2026-09-08 17:06:44,679 [WARN] ConditionMgr:438 - getConditionDescription Invalid condition id : Cortex-A Device cause : null
2026-09-08 17:06:44,687 [WARN] ConditionMgr:1044 - genDependencies : Invalid condition id : Cortex-A Device cause : null
2026-09-08 17:06:44,687 [WARN] ConditionMgr:1044 - genDependencies : Invalid condition id : Cortex-A Device cause : null
2026-09-08 17:06:44,687 [WARN] ConditionMgr:1044 - genDependencies : Invalid condition id : Cortex-A Device cause : null
2026-09-08 17:06:44,694 [WARN] PackLoader:240 - Cannot read IP mode file for STMicroelectronics.X-CUBE-EEPRMA1.5.1.0
2026-09-08 17:06:44,701 [WARN] PackLoader:240 - Cannot read IP mode file for STMicroelectronics.X-CUBE-FREERTOS.1.5.0
2026-09-08 17:06:44,708 [WARN] PackLoader:240 - Cannot read IP mode file for wolfSSL.I-CUBE-wolfSSL.5.7.6
2026-09-08 17:06:44,716 [WARN] PackLoader:240 - Cannot read IP mode file for ITTIA_DB.I-CUBE-ITTIADB.8.9.0
2026-09-08 17:06:44,725 [WARN] PackLoader:240 - Cannot read IP mode file for STMicroelectronics.X-CUBE-NFC6.3.2.0
2026-09-08 17:06:44,739 [WARN] PackLoader:240 - Cannot read IP mode file for STMicroelectronics.X-CUBE-ST67W61.1.0.0
2026-09-08 17:06:44,746 [WARN] PackLoader:240 - Cannot read IP mode file for STMicroelectronics.X-CUBE-AI.10.2.1
2026-09-08 17:06:44,753 [WARN] PackLoader:240 - Cannot read IP mode file for STMicroelectronics.X-CUBE-AI.10.2.0
2026-09-08 17:06:44,773 [WARN] PackLoader:240 - Cannot read IP mode file for STMicroelectronics.X-CUBE-MEMS1.12.1.0
2026-09-08 17:06:44,807 [WARN] PackLoader:240 - Cannot read IP mode file for SEGGER.I-CUBE-embOS.1.3.1
2026-09-08 17:06:44,825 [WARN] PackLoader:240 - Cannot read IP mode file for STMicroelectronics.X-CUBE-ALGOBUILD.1.4.0
2026-09-08 17:06:44,845 [WARN] PackLoader:240 - Cannot read IP mode file for STMicroelectronics.X-CUBE-MEMS1.11.3.0
2026-09-08 17:06:44,874 [ERROR] Engine:466 - C:\Users\szymo\.stm32cubemx\thirdparties\pdsc\STMicroelectronics.FP-SNS-STAIOTCFT.2.0.0.pdsc: PDSC version is not supported
2026-09-08 17:06:44,884 [WARN] PackLoader:240 - Cannot read IP mode file for STMicroelectronics.X-CUBE-AI.9.1.0
2026-09-08 17:06:44,892 [WARN] PackLoader:240 - Cannot read IP mode file for STMicroelectronics.X-CUBE-NFC13.1.0.0
2026-09-08 17:06:44,902 [WARN] PackLoader:240 - Cannot read IP mode file for STMicroelectronics.X-CUBE-PM33A1.1.0.0
2026-09-08 17:06:44,916 [WARN] PackLoader:240 - Cannot read IP mode file for STMicroelectronics.X-CUBE-AZRTOS-F4.1.1.0
2026-09-08 17:06:44,926 [WARN] PackLoader:240 - Cannot read IP mode file for Avnet-IotConnect.X-CUBE-IoTC-DA16k-PMOD.1.0.0
2026-09-08 17:06:44,939 [WARN] PackLoader:240 - Cannot read IP mode file for STMicroelectronics.X-CUBE-IPS.3.2.0
2026-09-08 17:06:44,943 [WARN] PackLoader:240 - Cannot read IP mode file for STMicroelectronics.eDS-WB_DPC_TT-BIDIR.2.1.1
2026-09-08 17:06:44,950 [WARN] PackLoader:240 - Cannot read IP mode file for STMicroelectronics.X-CUBE-NFC12.1.0.0
2026-09-08 17:06:44,977 [WARN] PackLoader:240 - Cannot read IP mode file for STMicroelectronics.X-CUBE-AZRTOS-L5.2.0.0
2026-09-08 17:06:44,985 [WARN] PackLoader:240 - Cannot read IP mode file for STMicroelectronics.X-CUBE-NFC6.3.1.0
2026-09-08 17:06:44,993 [WARN] PackLoader:240 - Cannot read IP mode file for STMicroelectronics.X-CUBE-ALGOBUILD.1.5.0
2026-09-08 17:06:45,000 [WARN] PackLoader:240 - Cannot read IP mode file for STMicroelectronics.X-CUBE-DPower.1.2.0
2026-09-08 17:06:45,002 [WARN] PackLoader:240 - Cannot read IP mode file for STMicroelectronics.eDS-WB_DPC_VIENNA.1.2.0
2026-09-08 17:06:45,024 [WARN] PackLoader:240 - Cannot read IP mode file for STMicroelectronics.X-CUBE-MEMS1.13.0.0
2026-09-08 17:06:45,043 [WARN] PackLoader:240 - Cannot read IP mode file for STMicroelectronics.eDS-WB_DPC_3PH2L-BIDIR.1.1.1
2026-09-08 17:06:45,050 [ERROR] Engine:466 - C:\Users\szymo\.stm32cubemx\thirdparties\pdsc\STMicroelectronics.X-CUBE-ST67W61.1.3.0.pdsc: PDSC version is not supported
2026-09-08 17:06:45,056 [WARN] PackLoader:240 - Cannot read IP mode file for STMicroelectronics.X-CUBE-FREERTOS.1.3.1
2026-09-08 17:06:45,061 [WARN] PackLoader:240 - Cannot read IP mode file for STMicroelectronics.X-CUBE-FREERTOS.1.3.0
2026-09-08 17:06:45,066 [WARN] PackLoader:240 - Cannot read IP mode file for STMicroelectronics.X-CUBE-NFC7.1.0.1
2026-09-08 17:06:45,073 [WARN] PackLoader:240 - Cannot read IP mode file for STMicroelectronics.X-CUBE-TOUCHGFX.4.26.0
2026-09-08 17:06:45,077 [WARN] PackLoader:240 - Cannot read IP mode file for STMicroelectronics.X-CUBE-TOUCHGFX.4.26.1
2026-09-08 17:06:45,082 [WARN] PackLoader:240 - Cannot read IP mode file for STMicroelectronics.FP-SNS-STAIOTCFT.1.0.0
2026-09-08 17:06:45,087 [WARN] PackLoader:240 - Cannot read IP mode file for STMicroelectronics.X-CUBE-DPower.1.3.0
2026-09-08 17:06:45,098 [WARN] ConditionMgr:438 - getConditionDescription Invalid condition id : LAN8742 Phy interface Condition cause : null
2026-09-08 17:06:45,098 [WARN] PackLoader:240 - Cannot read IP mode file for STMicroelectronics.X-CUBE-AZRTOS-L4.2.0.0
2026-09-08 17:06:45,098 [WARN] ConditionMgr:1044 - genDependencies : Invalid condition id : LAN8742 Phy interface Condition cause : null
2026-09-08 17:06:45,098 [WARN] ConditionMgr:1044 - genDependencies : Invalid condition id : LAN8742 Phy interface Condition cause : null
2026-09-08 17:06:45,098 [WARN] ConditionMgr:1044 - genDependencies : Invalid condition id : LAN8742 Phy interface Condition cause : null
2026-09-08 17:06:45,105 [WARN] PackLoader:240 - Cannot read IP mode file for STMicroelectronics.X-CUBE-SFXS2LP1.4.0.0
2026-09-08 17:06:45,112 [WARN] PackLoader:240 - Cannot read IP mode file for STMicroelectronics.X-CUBE-WB05N.2.1.0
2026-09-08 17:06:45,119 [WARN] PackLoader:240 - Cannot read IP mode file for STMicroelectronics.X-CUBE-ST67W61.1.2.0
2026-09-08 17:06:45,157 [WARN] PackLoader:240 - Cannot read IP mode file for STMicroelectronics.X-CUBE-AZRTOS-H7.3.3.0
2026-09-08 17:06:45,165 [WARN] PackLoader:240 - Cannot read IP mode file for STMicroelectronics.X-CUBE-BLEMGR.4.1.0
2026-09-08 17:06:45,176 [WARN] ConditionMgr:438 - getConditionDescription Invalid condition id : UX DEVICE CLASS RTOS Condition cause : null
2026-09-08 17:06:45,176 [WARN] ConditionMgr:438 - getConditionDescription Invalid condition id : UX DEVICE CLASS RTOS Condition cause : null
2026-09-08 17:06:45,176 [WARN] PackLoader:240 - Cannot read IP mode file for STMicroelectronics.X-CUBE-AZRTOS-WB.2.0.0
2026-09-08 17:06:45,176 [WARN] ConditionMgr:1044 - genDependencies : Invalid condition id : UX DEVICE CLASS RTOS Condition cause : null
2026-09-08 17:06:45,177 [WARN] ConditionMgr:1044 - genDependencies : Invalid condition id : UX DEVICE CLASS RTOS Condition cause : null
2026-09-08 17:06:45,177 [WARN] ConditionMgr:1044 - genDependencies : Invalid condition id : UX DEVICE CLASS RTOS Condition cause : null
2026-09-08 17:06:45,177 [WARN] ConditionMgr:1044 - genDependencies : Invalid condition id : UX DEVICE CLASS RTOS Condition cause : null
2026-09-08 17:06:45,177 [WARN] ConditionMgr:1044 - genDependencies : Invalid condition id : UX DEVICE CLASS RTOS Condition cause : null
2026-09-08 17:06:45,183 [WARN] PackLoader:240 - Cannot read IP mode file for STMicroelectronics.X-CUBE-GNSS1.7.0.1
2026-09-08 17:06:45,189 [WARN] PackLoader:240 - Cannot read IP mode file for STMicroelectronics.X-CUBE-TOUCHGFX.4.25.0
2026-09-08 17:06:45,198 [WARN] PackLoader:240 - Cannot read IP mode file for STMicroelectronics.FP-SNS-STBOX1.2.0.0
2026-09-08 17:06:45,206 [WARN] PackLoader:240 - Cannot read IP mode file for STMicroelectronics.X-CUBE-STSE01.2.0.0
2026-09-08 17:06:45,215 [WARN] PackLoader:240 - Cannot read IP mode file for STMicroelectronics.X-CUBE-SUBG2.5.0.0
2026-09-08 17:06:45,234 [WARN] PackLoader:240 - Cannot read IP mode file for STMicroelectronics.X-CUBE-AZRTOS-H7RS.1.1.0
2026-09-08 17:06:45,237 [WARN] PackLoader:240 - Cannot read IP mode file for Cesanta.I-CUBE-Mongoose.7.13.0
2026-09-08 17:06:45,247 [WARN] PackLoader:240 - Cannot read IP mode file for STMicroelectronics.X-CUBE-AZRTOS-G4.2.0.0
2026-09-08 17:06:45,250 [WARN] PackLoader:240 - Cannot read IP mode file for wolfSSL.I-CUBE-wolfSSH.1.4.20
2026-09-08 17:06:45,256 [WARN] PackLoader:240 - Cannot read IP mode file for STMicroelectronics.X-CUBE-NFC7.2.0.0
2026-09-08 17:06:45,263 [WARN] PackLoader:240 - Cannot read IP mode file for STMicroelectronics.X-CUBE-IPS.3.1.0
2026-09-08 17:06:45,269 [ERROR] Engine:466 - C:\Users\szymo\.stm32cubemx\thirdparties\pdsc\STMicroelectronics.X-CUBE-BLEMGR.4.2.0.pdsc: PDSC version is not supported
2026-09-08 17:06:45,296 [WARN] PackLoader:240 - Cannot read IP mode file for STMicroelectronics.X-CUBE-ALS.1.0.2
2026-09-08 17:06:45,302 [WARN] PackLoader:240 - Cannot read IP mode file for STMicroelectronics.X-CUBE-TOUCHGFX.4.24.2
2026-09-08 17:06:45,308 [WARN] PackLoader:240 - Cannot read IP mode file for STMicroelectronics.X-CUBE-STSE01.1.0.0
2026-09-08 17:06:45,316 [WARN] PackLoader:240 - Cannot read IP mode file for portGmbH.I-Cube-SoM-uGOAL.1.1.0
2026-09-08 17:06:45,334 [WARN] PackLoader:240 - Cannot read IP mode file for STMicroelectronics.X-CUBE-AZRTOS-H7RS.1.0.0
2026-09-08 17:06:45,344 [WARN] PackLoader:240 - Cannot read IP mode file for STMicroelectronics.X-CUBE-TOF1.3.4.2
2026-09-08 17:06:45,353 [WARN] PackLoader:240 - Cannot read IP mode file for STMicroelectronics.X-CUBE-TOF1.3.4.3
2026-09-08 17:06:45,356 [INFO] ThirdParty:978 - Integrity check success = true
2026-09-08 17:06:45,356 [INFO] IntegrityCheckThread:100 - exiting critical section [integrity check]
2026-09-08 17:06:45,356 [INFO] IntegrityCheckThread:103 - End integrity checks thread
2026-09-08 17:06:52,354 [INFO] McuFinderGlobals:63 - Set McuFinder mode to 2 (CubeIDE integrated)
2026-09-08 17:06:52,367 [INFO] MainUpdater:2872 - connection check result : 10
2026-09-08 17:06:52,370 [INFO] MainUpdater:2872 - connection check result : 10
2026-09-08 17:06:52,451 [INFO] MicroXplorer:468 - Change Database Path : 
2026-09-08 17:06:52,451 [INFO] MicroXplorer:498 - Change Database Version : DB.6.0.150
2026-09-08 17:06:52,454 [WARN] ThirdParty:871 - waiting for thirdparty lock release [close project]
2026-09-08 17:06:52,454 [INFO] ThirdParty:873 - entering critical section [close project]
2026-09-08 17:06:52,454 [INFO] ThirdParty:883 - exiting critical section [close project]
2026-09-08 17:06:52,455 [INFO] PinOutPanel:1589 - setPackage(No Configuration,No Configuration)
2026-09-08 17:06:52,455 [INFO] UtilMem:75 - Begin LoadConfig() Used Memory: 375197280 Bytes (490733568)
2026-09-08 17:06:52,456 [INFO] MicroXplorer:468 - Change Database Path : 
2026-09-08 17:06:52,456 [INFO] MicroXplorer:498 - Change Database Version : DB.6.0.150
2026-09-08 17:06:52,456 [INFO] OpenFileManager:355 - Change cursor
2026-09-08 17:06:52,470 [INFO] Mcu:2029 - Initializing MCU STM32G431K(6-8-B)Ux STM32G431KBUx STM32G431KBU3
2026-09-08 17:06:54,082 [INFO] Context:786 - Trying to add GPIOservice into a context  which must be forbidden
2026-09-08 17:06:54,438 [INFO] ImportTextPane:234 - (OptionalMessage_ERROR) Pin18 (VP_RIF_VS_RIF1) cannot be retrieved for this MCU
2026-09-08 17:06:54,550 [INFO] RtosManager:558 - Registered RTOS mode: class=CMSIS, group=RTOS, mode=CMSIS_V1, owner=FREERTOS
2026-09-08 17:06:54,550 [INFO] RtosManager:558 - Registered RTOS mode: class=CMSIS, group=RTOS2, mode=CMSIS_V2, owner=FREERTOS
2026-09-08 17:06:54,550 [INFO] RtosManager:558 - Registered RTOS mode: class=RTOS, group=Core, mode=CMSIS_V1, owner=FREERTOS
2026-09-08 17:06:54,550 [INFO] RtosManager:558 - Registered RTOS mode: class=RTOS, group=Core, mode=CMSIS_V2, owner=FREERTOS
2026-09-08 17:06:54,550 [WARN] ModelIntegratedComponent:184 - Missing modes for component STMicroelectronics:FreeRTOS:0.0.1:STMicroelectronics:RTOS:FreeRTOS:Core:::10.2.0:
2026-09-08 17:06:54,587 [WARN] ModelIntegratedComponent:63 - No mode defined for component null
2026-09-08 17:06:54,587 [WARN] ModelIntegratedComponent:63 - No mode defined for component null
2026-09-08 17:06:54,587 [WARN] ModelIntegratedComponent:63 - No mode defined for component null
2026-09-08 17:06:54,588 [WARN] ModelIntegratedComponent:63 - No mode defined for component null
2026-09-08 17:06:54,588 [WARN] ModelIntegratedComponent:63 - No mode defined for component null
2026-09-08 17:06:54,588 [WARN] ModelIntegratedComponent:63 - No mode defined for component null
2026-09-08 17:06:54,588 [WARN] ModelIntegratedComponent:63 - No mode defined for component null
2026-09-08 17:06:54,588 [WARN] ModelIntegratedComponent:63 - No mode defined for component null
2026-09-08 17:06:54,588 [WARN] ModelIntegratedComponent:63 - No mode defined for component null
2026-09-08 17:06:54,588 [WARN] ModelIntegratedComponent:63 - No mode defined for component null
2026-09-08 17:06:54,588 [WARN] ModelIntegratedComponent:63 - No mode defined for component null
2026-09-08 17:06:54,588 [WARN] ModelIntegratedComponent:63 - No mode defined for component null
2026-09-08 17:06:54,588 [WARN] ModelIntegratedComponent:63 - No mode defined for component null
2026-09-08 17:06:54,588 [WARN] ModelIntegratedComponent:63 - No mode defined for component null
2026-09-08 17:06:54,588 [WARN] ModelIntegratedComponent:63 - No mode defined for component null
2026-09-08 17:06:54,588 [WARN] ModelIntegratedComponent:63 - No mode defined for component null
2026-09-08 17:06:54,588 [WARN] ModelIntegratedComponent:63 - No mode defined for component null
2026-09-08 17:06:54,588 [WARN] ModelIntegratedComponent:63 - No mode defined for component null
2026-09-08 17:06:54,588 [WARN] ModelIntegratedComponent:63 - No mode defined for component null
2026-09-08 17:06:54,588 [WARN] ModelIntegratedComponent:63 - No mode defined for component null
2026-09-08 17:06:54,588 [WARN] ModelIntegratedComponent:63 - No mode defined for component null
2026-09-08 17:06:54,588 [WARN] ModelIntegratedComponent:63 - No mode defined for component null
2026-09-08 17:06:54,588 [WARN] ModelIntegratedComponent:63 - No mode defined for component null
2026-09-08 17:06:54,588 [WARN] ModelIntegratedComponent:63 - No mode defined for component null
2026-09-08 17:06:54,588 [WARN] ModelIntegratedComponent:63 - No mode defined for component null
2026-09-08 17:06:54,588 [WARN] ModelIntegratedComponent:63 - No mode defined for component null
2026-09-08 17:06:54,588 [WARN] ModelIntegratedComponent:63 - No mode defined for component null
2026-09-08 17:06:54,588 [WARN] ModelIntegratedComponent:63 - No mode defined for component null
2026-09-08 17:06:54,588 [WARN] ModelIntegratedComponent:63 - No mode defined for component null
2026-09-08 17:06:54,588 [WARN] ModelIntegratedComponent:63 - No mode defined for component null
2026-09-08 17:06:54,588 [WARN] ModelIntegratedComponent:63 - No mode defined for component null
2026-09-08 17:06:54,588 [WARN] ModelIntegratedComponent:63 - No mode defined for component null
2026-09-08 17:06:54,588 [WARN] ModelIntegratedComponent:63 - No mode defined for component null
2026-09-08 17:06:54,588 [WARN] ModelIntegratedComponent:63 - No mode defined for component null
2026-09-08 17:06:54,588 [WARN] ModelIntegratedComponent:63 - No mode defined for component null
2026-09-08 17:06:54,588 [WARN] ModelPack:524 - Component already loaded: STMicroelectronics:HAL Drivers:0.0.0:STMicroelectronics:Device:STMicro_Driver:XSPI:HAL::0.0.1:HAL_XSPI
2026-09-08 17:06:54,779 [INFO] ThirdPartyModel:298 - Start build external matchings
2026-09-08 17:06:55,362 [INFO] ThirdPartyModel:316 - End build external matchings
2026-09-08 17:06:55,400 [INFO] ImportTextPane:234 - (OptionalMessage_ERROR) IP (ADC1) : Parameter (CommonPathInternal) has invalid value (null|null|null|null)
2026-09-08 17:06:55,400 [INFO] ImportTextPane:234 - (OptionalMessage_ERROR) IP (ADC2) : Parameter (CommonPathInternal) has invalid value (null|null|null|null)
2026-09-08 17:06:55,400 [INFO] ImportTextPane:234 - (OptionalMessage_ERROR) IP (DMA) : Parameter (Instance) has Id (ADC1) currently not set
2026-09-08 17:06:55,400 [INFO] ImportTextPane:234 - (OptionalMessage_ERROR) IP (DMA) : Parameter (Request) has Id (ADC1) currently not set
2026-09-08 17:06:55,400 [INFO] ImportTextPane:234 - (OptionalMessage_ERROR) IP (DMA) : Parameter (Direction) has Id (ADC1) currently not set
2026-09-08 17:06:55,401 [INFO] ImportTextPane:234 - (OptionalMessage_ERROR) IP (DMA) : Parameter (PeriphInc) has Id (ADC1) currently not set
2026-09-08 17:06:55,401 [INFO] ImportTextPane:234 - (OptionalMessage_ERROR) IP (DMA) : Parameter (MemInc) has Id (ADC1) currently not set
2026-09-08 17:06:55,401 [INFO] ImportTextPane:234 - (OptionalMessage_ERROR) IP (DMA) : Parameter (PeriphDataAlignment) has Id (ADC1) currently not set
2026-09-08 17:06:55,401 [INFO] ImportTextPane:234 - (OptionalMessage_ERROR) IP (DMA) : Parameter (MemDataAlignment) has Id (ADC1) currently not set
2026-09-08 17:06:55,401 [INFO] ImportTextPane:234 - (OptionalMessage_ERROR) IP (DMA) : Parameter (Mode) has Id (ADC1) currently not set
2026-09-08 17:06:55,401 [INFO] ImportTextPane:234 - (OptionalMessage_ERROR) IP (DMA) : Parameter (Priority) has Id (ADC1) currently not set
2026-09-08 17:06:55,401 [INFO] ImportTextPane:234 - (OptionalMessage_ERROR) IP (DMA) : Parameter (SignalID) has Id (ADC1) currently not set
2026-09-08 17:06:55,401 [INFO] ImportTextPane:234 - (OptionalMessage_ERROR) IP (DMA) : Parameter (Polarity) has Id (ADC1) currently not set
2026-09-08 17:06:55,401 [INFO] ImportTextPane:234 - (OptionalMessage_ERROR) IP (DMA) : Parameter (RequestNumber) has Id (ADC1) currently not set
2026-09-08 17:06:55,401 [INFO] ImportTextPane:234 - (OptionalMessage_ERROR) IP (DMA) : Parameter (SyncSignalID) has Id (ADC1) currently not set
2026-09-08 17:06:55,401 [INFO] ImportTextPane:234 - (OptionalMessage_ERROR) IP (DMA) : Parameter (SyncPolarity) has Id (ADC1) currently not set
2026-09-08 17:06:55,401 [INFO] ImportTextPane:234 - (OptionalMessage_ERROR) IP (DMA) : Parameter (SyncEnable) has Id (ADC1) currently not set
2026-09-08 17:06:55,401 [INFO] ImportTextPane:234 - (OptionalMessage_ERROR) IP (DMA) : Parameter (EventEnable) has Id (ADC1) currently not set
2026-09-08 17:06:55,401 [INFO] ImportTextPane:234 - (OptionalMessage_ERROR) IP (DMA) : Parameter (SyncRequestNumber) has Id (ADC1) currently not set
2026-09-08 17:06:55,401 [INFO] ImportTextPane:234 - (OptionalMessage_ERROR) IP (DMA) : Parameter (Instance) has Id (ADC2) currently not set
2026-09-08 17:06:55,401 [INFO] ImportTextPane:234 - (OptionalMessage_ERROR) IP (DMA) : Parameter (Request) has Id (ADC2) currently not set
2026-09-08 17:06:55,401 [INFO] ImportTextPane:234 - (OptionalMessage_ERROR) IP (DMA) : Parameter (Direction) has Id (ADC2) currently not set
2026-09-08 17:06:55,401 [INFO] ImportTextPane:234 - (OptionalMessage_ERROR) IP (DMA) : Parameter (PeriphInc) has Id (ADC2) currently not set
2026-09-08 17:06:55,401 [INFO] ImportTextPane:234 - (OptionalMessage_ERROR) IP (DMA) : Parameter (MemInc) has Id (ADC2) currently not set
2026-09-08 17:06:55,401 [INFO] ImportTextPane:234 - (OptionalMessage_ERROR) IP (DMA) : Parameter (PeriphDataAlignment) has Id (ADC2) currently not set
2026-09-08 17:06:55,401 [INFO] ImportTextPane:234 - (OptionalMessage_ERROR) IP (DMA) : Parameter (MemDataAlignment) has Id (ADC2) currently not set
2026-09-08 17:06:55,401 [INFO] ImportTextPane:234 - (OptionalMessage_ERROR) IP (DMA) : Parameter (Mode) has Id (ADC2) currently not set
2026-09-08 17:06:55,401 [INFO] ImportTextPane:234 - (OptionalMessage_ERROR) IP (DMA) : Parameter (Priority) has Id (ADC2) currently not set
2026-09-08 17:06:55,401 [INFO] ImportTextPane:234 - (OptionalMessage_ERROR) IP (DMA) : Parameter (SignalID) has Id (ADC2) currently not set
2026-09-08 17:06:55,401 [INFO] ImportTextPane:234 - (OptionalMessage_ERROR) IP (DMA) : Parameter (Polarity) has Id (ADC2) currently not set
2026-09-08 17:06:55,401 [INFO] ImportTextPane:234 - (OptionalMessage_ERROR) IP (DMA) : Parameter (RequestNumber) has Id (ADC2) currently not set
2026-09-08 17:06:55,401 [INFO] ImportTextPane:234 - (OptionalMessage_ERROR) IP (DMA) : Parameter (SyncSignalID) has Id (ADC2) currently not set
2026-09-08 17:06:55,401 [INFO] ImportTextPane:234 - (OptionalMessage_ERROR) IP (DMA) : Parameter (SyncPolarity) has Id (ADC2) currently not set
2026-09-08 17:06:55,401 [INFO] ImportTextPane:234 - (OptionalMessage_ERROR) IP (DMA) : Parameter (SyncEnable) has Id (ADC2) currently not set
2026-09-08 17:06:55,401 [INFO] ImportTextPane:234 - (OptionalMessage_ERROR) IP (DMA) : Parameter (EventEnable) has Id (ADC2) currently not set
2026-09-08 17:06:55,401 [INFO] ImportTextPane:234 - (OptionalMessage_ERROR) IP (DMA) : Parameter (SyncRequestNumber) has Id (ADC2) currently not set
2026-09-08 17:06:55,402 [WARN] IP:2250 - MessageRAMOffset not found: check if there is a RefParameter without a condition.
2026-09-08 17:06:55,402 [WARN] IP:2250 - RxFifo0ElmtsNbr not found: check if there is a RefParameter without a condition.
2026-09-08 17:06:55,402 [WARN] IP:2250 - RxFifo0ElmtSize not found: check if there is a RefParameter without a condition.
2026-09-08 17:06:55,402 [WARN] IP:2250 - RxFifo1ElmtsNbr not found: check if there is a RefParameter without a condition.
2026-09-08 17:06:55,402 [WARN] IP:2250 - RxFifo1ElmtSize not found: check if there is a RefParameter without a condition.
2026-09-08 17:06:55,402 [WARN] IP:2250 - RxBuffersNbr not found: check if there is a RefParameter without a condition.
2026-09-08 17:06:55,402 [WARN] IP:2250 - RxBufferSize not found: check if there is a RefParameter without a condition.
2026-09-08 17:06:55,402 [WARN] IP:2250 - TxEventsNbr not found: check if there is a RefParameter without a condition.
2026-09-08 17:06:55,402 [WARN] IP:2250 - TxBuffersNbr not found: check if there is a RefParameter without a condition.
2026-09-08 17:06:55,402 [WARN] IP:2250 - TxFifoQueueElmtsNbr not found: check if there is a RefParameter without a condition.
2026-09-08 17:06:55,402 [WARN] IP:2250 - TxElmtSize not found: check if there is a RefParameter without a condition.
2026-09-08 17:06:55,402 [WARN] IP:2250 - ClockCalibrationCCU not found: check if there is a RefParameter without a condition.
2026-09-08 17:06:55,402 [WARN] IP:2250 - ClockDividerCCU not found: check if there is a RefParameter without a condition.
2026-09-08 17:06:55,402 [WARN] IP:2250 - MinOscClkPeriodsCCU not found: check if there is a RefParameter without a condition.
2026-09-08 17:06:55,402 [WARN] IP:2250 - TimeQuantaPerBitTimeCCU not found: check if there is a RefParameter without a condition.
2026-09-08 17:06:55,402 [WARN] IP:2250 - WatchdogStartValueCCU not found: check if there is a RefParameter without a condition.
2026-09-08 17:06:55,665 [INFO] ApiDb:581 - Connected to CubeFinder SQLite database (C:\Users\szymo\.stmcufinder\plugins\mcufinder\mcu\cube-finder-db.db)
2026-09-08 17:06:55,723 [INFO] ApiDb:668 - CubeFinder database Data Model version=2.1
2026-09-08 17:06:55,723 [INFO] ApiDb:669 - CubeFinder database Configuration version=3.0.42
2026-09-08 17:06:55,723 [INFO] ApiDb:670 - CubeFinder database generation date=2026-06-23 (1782213372)
2026-09-08 17:06:55,723 [INFO] ApiDb:671 - CubeFinder database FW Pack versions=[FP-ATR-ASTRA1_V2.0.0, FP-SNS-FLIGHT1_V5.1.0, FP-SNS-MOTENV1_V5.1.0, FP-SNS-MOTENVWB1_V1.5.0, FP-SNS-SMARTAG2_V1.2.0, FP-SNS-STBOX1_V2.1.0, STM32Cube_FW_C0_V1.4.0, STM32Cube_FW_F4_V1.28.3, STM32Cube_FW_F7_V1.17.4, STM32Cube_FW_G0_V1.6.3, STM32Cube_FW_G4_V1.6.2, STM32Cube_FW_H5_V1.7.0, STM32Cube_FW_H7RS_V1.3.0, STM32Cube_FW_H7_V1.13.0, STM32Cube_FW_L0_V1.12.2, STM32Cube_FW_L4_V1.18.2, STM32Cube_FW_L5_V1.6.0, STM32Cube_FW_N6_V1.4.0, STM32Cube_FW_U0_V1.3.0, STM32Cube_FW_U3_V1.4.0, STM32Cube_FW_U5_V1.9.0, STM32Cube_FW_WB0_V1.5.0, STM32Cube_FW_WBA_V1.10.0, STM32Cube_FW_WB_V1.24.0, STM32Cube_FW_WL3_V1.5.0, STM32Cube_FW_WL_V1.6.0, X-CUBE-ALGOBUILD_V1.5.0, X-CUBE-ALS_V1.0.2, X-CUBE-AZRTOS-F4_V1.1.0, X-CUBE-AZRTOS-F7_V1.1.0, X-CUBE-AZRTOS-G0_V1.1.0, X-CUBE-AZRTOS-G4_V2.0.0, X-CUBE-AZRTOS-H7RS_V1.1.0, X-CUBE-AZRTOS-H7_V3.5.0, X-CUBE-AZRTOS-L4_V2.0.0, X-CUBE-AZRTOS-L5_V2.0.0, X-CUBE-AZRTOS-WB_V2.0.0, X-CUBE-AZRTOS-WL_V2.0.0, X-CUBE-BLE1_V7.1.0, X-CUBE-BLE2_V3.3.0, X-CUBE-BLEMGR_V4.1.0, X-CUBE-EEPRMA1_V5.2.0, X-CUBE-FREERTOS_V1.5.0, X-CUBE-GNSS1_V7.1.1, X-CUBE-MEMS1_V12.1.0, X-CUBE-NFC4_V3.0.0, X-CUBE-NFC7_V2.0.0, X-CUBE-SFXS2LP1_V4.0.0, X-CUBE-ST67W61_V1.3.0, X-CUBE-SUBG2_V5.0.0, X-CUBE-TOF1_V3.4.3]
2026-09-08 17:06:55,807 [INFO] DbBoardsSqlite:226 - include board P-NUCLEO-WB55-NUCLEO as a kit item of type 'Nucleo-64'
2026-09-08 17:06:55,808 [INFO] DbBoardsSqlite:226 - include board P-NUCLEO-WB55-USBDONGLE as a kit item of type 'Nucleo USB Dongle'
2026-09-08 17:06:55,808 [INFO] DbBoardsSqlite:226 - include board STEVAL-IDP005V1 as a kit item of type 'Evaluation Board'
2026-09-08 17:06:55,808 [INFO] DbBoardsSqlite:226 - include board STEVAL-IDP005V2 as a kit item of type 'Evaluation Board'
2026-09-08 17:06:56,200 [INFO] ApiDb:240 - Found 880 in-development CPN: [B-G473E-ZEST1S, B-WB1M-WPAN1, B-WBA5M-WPAN, B-WL5M-SUBG1, NUCLEO-C031C6, NUCLEO-C051C8, NUCLEO-C071RB, NUCLEO-C092RC, NUCLEO-H503RB, NUCLEO-H533RE, NUCLEO-H563ZI, NUCLEO-H7S3L8, NUCLEO-N657X0-Q, NUCLEO-U031R8, NUCLEO-U083RC, NUCLEO-U385RG-Q, NUCLEO-U545RE-Q, NUCLEO-U5A5ZJ-Q, NUCLEO-WB05KZ, NUCLEO-WB07CC, NUCLEO-WB09KE, NUCLEO-WBA52CG, NUCLEO-WBA55CG, NUCLEO-WL33CC1, NUCLEO-WL33CC2, STEVAL-PROTEUS1, STEVAL-SMARTAG2, STEVAL-STWINBX1, STM320518-EVAL, STM32C0116-DK, STM32C011D6Y3TR, STM32C011D6Y6TR, STM32C011F4P3, STM32C011F4P6, STM32C011F4U3, STM32C011F4U6TR, STM32C011F6P3, STM32C011F6P6, STM32C011F6U3, STM32C011F6U6TR, STM32C011J4M3, STM32C011J4M6, STM32C011J6M3, STM32C011J6M6, STM32C0316-DK, STM32C031C4T3, STM32C031C4T6, STM32C031C4U3, STM32C031C4U6, STM32C031C6T3, STM32C031C6T6, STM32C031C6U3, STM32C031C6U6, STM32C031F4P3, STM32C031F4P6, STM32C031F6P3, STM32C031F6P6, STM32C031G4U3, STM32C031G4U6, STM32C031G6U3, STM32C031G6U6, STM32C031K4T3, STM32C031K4T6, STM32C031K4U3, STM32C031K4U6, STM32C031K6T3, STM32C031K6T6, STM32C031K6U3, STM32C031K6U6, STM32C051C6T6, STM32C051C6U6, STM32C051C8T6, STM32C051C8U6, STM32C051D8Y6TR, STM32C051F6P6, STM32C051F8P6, STM32C051G6U6, STM32C051G8U6, STM32C051K6T6, STM32C051K6U6, STM32C051K8T6, STM32C071C8T6, STM32C071C8T6N, STM32C071C8U6, STM32C071C8U6N, STM32C071CBT6, STM32C071CBT6N, STM32C071CBU6, STM32C071CBU6N, STM32C071F8P6, STM32C071F8P6N, STM32C071FBP6, STM32C071FBP6N, STM32C071FBY6TR, STM32C071G8U6, STM32C071G8U6N, STM32C071GBU6, STM32C071GBU6N, STM32C071K8T6, STM32C071K8T6N, STM32C071K8U6, STM32C071K8U6N, STM32C071KBT6, STM32C071KBT6N, STM32C071KBU6, STM32C071KBU6N, STM32C071R8T6, STM32C071R8T6N, STM32C071RBI6N, STM32C071RBT6, STM32C071RBT6N, STM32C091CBT6, STM32C091CBU6, STM32C091CCT6, STM32C091CCU6, STM32C091ECY6TR, STM32C091FBP6, STM32C091FCP6, STM32C091GBU6, STM32C091GCU6, STM32C091KBT6, STM32C091KBU6, STM32C091KCT6, STM32C091KCU6, STM32C091RBT6, STM32C091RCI6, STM32C091RCT6, STM32C092CBT6, STM32C092CBU6, STM32C092CCT6, STM32C092CCU6, STM32C092ECY6TR, STM32C092FBP6, STM32C092FCP6, STM32C092GBU6, STM32C092GCU6, STM32C092KBT6, STM32C092KBU6, STM32C092KCT6, STM32C092KCU6, STM32C092RBT6, STM32C092RCI6, STM32C092RCT6, STM32G071K8TXN, STM32G071K8UXN, STM32G081GBU6N, STM32G081KBT6N, STM32G081KBUXN, STM32G0B1CCT6N, STM32G0B1KCT6, STM32G0B1NEY6TR, STM32G0B1RCT6N, STM32G0C1CCT6, STM32G0C1CCT6N, STM32G0C1CCU6N, STM32G0C1CET6N, STM32G0C1CEU6N, STM32G0C1KCT6, STM32G0C1NEY6TR, STM32G0C1RCI6N, STM32G0C1RCT6N, STM32G0C1REI6N, STM32G0C1RET6N, STM32G0C1VCI6, STM32G0C1VEI6, STM32G411C6T3, STM32G411C6T6, STM32G411C6U3, STM32G411C6U6, STM32G411C8T3, STM32G411C8T6, STM32G411C8U3, STM32G411C8U6, STM32G411CBT3, STM32G411CBT6, STM32G411CBU3, STM32G411CBU6, STM32G411K6T3, STM32G411K6T6, STM32G411K6U3, STM32G411K6U6, STM32G411K8T3, STM32G411K8T6, STM32G411K8U3, STM32G411K8U6, STM32G411KBT3, STM32G411KBT6, STM32G411KBU3, STM32G411KBU6, STM32G411M6T3, STM32G411M6T6, STM32G411M8T3, STM32G411M8T6, STM32G411MBT3, STM32G411MBT6, STM32G411R6T3, STM32G411R6T6, STM32G411R8T3, STM32G411R8T6, STM32G411RBT3, STM32G411RBT6, STM32G414CBT3, STM32G414CBT6, STM32G414CBU3, STM32G414CBU6, STM32G414CCT3, STM32G414CCT6, STM32G414CCU3, STM32G414CCU6, STM32G414MBT3, STM32G414MBT6, STM32G414MCT3, STM32G414MCT6, STM32G414RBT3, STM32G414RBT6, STM32G414RCT3, STM32G414RCT6, STM32G414VBT3, STM32G414VBT6, STM32G414VCT3, STM32G414VCT6, STM32G431CBT3Z, STM32G431RBT3Z, STM32G471CCT6, STM32G471CCU6, STM32G471CET3, STM32G471CET6, STM32G471CEU3, STM32G471CEU6, STM32G471MCT6, STM32G471MET3, STM32G471MET6, STM32G471MEY6TR, STM32G471QCT6, STM32G471QET3, STM32G471RCT6, STM32G471RET3, STM32G471RET6, STM32G471VCH6, STM32G471VCI6, STM32G471VCT6, STM32G471VEH3, STM32G471VEH6, STM32G471VEI3, STM32G471VEI6, STM32G471VET3, STM32G471VET6, STM32G473QET3Z, STM32G473RET3Z, STM32G474CCT6, STM32G491RET3Z, STM32H503CBT6, STM32H503CBU6, STM32H503EBY6TR, STM32H503KBU6, STM32H503RBT6, STM32H523CCT6, STM32H523CCU6, STM32H523CET6, STM32H523CEU6, STM32H523HEY6TR, STM32H523RCT6, STM32H523RET6, STM32H523VCI6, STM32H523VCT6, STM32H523VEI6, STM32H523VET6, STM32H523ZCJ6, STM32H523ZCT6, STM32H523ZEJ6, STM32H523ZET6, STM32H533CET6, STM32H533CEU6, STM32H533HEY6TR, STM32H533RET6, STM32H533VEI6, STM32H533VET6, STM32H533ZEJ6, STM32H533ZET6, STM32H562AGI6, STM32H562AII6, STM32H562IGK6, STM32H562IGT6, STM32H562IIK6, STM32H562IIT6, STM32H562RGT6, STM32H562RGV6, STM32H562RIT6, STM32H562RIV6, STM32H562VGT6, STM32H562VIT6, STM32H562ZGT6, STM32H562ZIT6, STM32H563AGI6, STM32H563AII3Q, STM32H563AII6, STM32H563IGK6, STM32H563IGT6, STM32H563IIK3Q, STM32H563IIK6, STM32H563IIT3Q, STM32H563IIT6, STM32H563MIY3QTR, STM32H563RGT6, STM32H563RGV6, STM32H563RIT6, STM32H563RIV6, STM32H563VGT6, STM32H563VIT3Q, STM32H563VIT6, STM32H563ZGT6, STM32H563ZIT3Q, STM32H563ZIT6, STM32H573AII3Q, STM32H573AII6, STM32H573I-DK, STM32H573IIK3Q, STM32H573IIK6, STM32H573IIT3Q, STM32H573IIT6, STM32H573MIY3QTR, STM32H573RIT6, STM32H573RIV6, STM32H573VIT3Q, STM32H573VIT6, STM32H573ZIT3Q, STM32H573ZIT6, STM32H7R3A8I6, STM32H7R3I8K6, STM32H7R3I8T6, STM32H7R3L8H6, STM32H7R3L8H6H, STM32H7R3R8V6, STM32H7R3V8H6, STM32H7R3V8T6, STM32H7R3V8Y6TR, STM32H7R3Z8J6, STM32H7R3Z8T6, STM32H7R7A8I6, STM32H7R7I8K6, STM32H7R7I8T6, STM32H7R7L8H6, STM32H7R7L8H6H, STM32H7R7Z8J6, STM32H7S3A8I6, STM32H7S3I8K6, STM32H7S3I8T6, STM32H7S3L8H6, STM32H7S3L8H6H, STM32H7S3R8V6, STM32H7S3V8H6, STM32H7S3V8T6, STM32H7S3V8Y6TR, STM32H7S3Z8J6, STM32H7S3Z8T6, STM32H7S78-DK, STM32H7S7A8I6, STM32H7S7I8K6, STM32H7S7I8T6, STM32H7S7L8H6, STM32H7S7L8H6H, STM32H7S7Z8J6, STM32L4R5QGI6STR, STM32MP131AAE3, STM32MP131AAF3, STM32MP131AAG3, STM32MP131CAE3, STM32MP131CAF3, STM32MP131CAG3, STM32MP131DAE7, STM32MP131DAF7, STM32MP131DAG7, STM32MP131FAE7, STM32MP131FAF7, STM32MP131FAG7, STM32MP133AAE3, STM32MP133AAF3, STM32MP133AAG3, STM32MP133CAE3, STM32MP133CAF3, STM32MP133CAG3, STM32MP133DAE7, STM32MP133DAF7, STM32MP133DAG7, STM32MP133FAE7, STM32MP133FAF7, STM32MP133FAG7, STM32MP135AAE3, STM32MP135AAF3, STM32MP135AAG3, STM32MP135CAE3, STM32MP135CAF3, STM32MP135CAG3, STM32MP135DAE7, STM32MP135DAF7, STM32MP135DAG7, STM32MP135F-DK, STM32MP135FAE7, STM32MP135FAF7, STM32MP135FAF7T, STM32MP135FAF7U, STM32MP135FAG7, STM32MP211AAL3, STM32MP211AAM3, STM32MP211AAN3, STM32MP211AAO3, STM32MP211CAL3, STM32MP211CAM3, STM32MP211CAN3, STM32MP211CAO3, STM32MP211DAL3, STM32MP211DAM3, STM32MP211DAN3, STM32MP211DAO3, STM32MP211FAL3, STM32MP211FAM3, STM32MP211FAN3, STM32MP211FAO3, STM32MP213AAL3, STM32MP213AAM3, STM32MP213AAN3, STM32MP213AAO3, STM32MP213CAL3, STM32MP213CAM3, STM32MP213CAN3, STM32MP213CAO3, STM32MP213DAL3, STM32MP213DAM3, STM32MP213DAN3, STM32MP213DAO3, STM32MP213FAL3, STM32MP213FAM3, STM32MP213FAN3, STM32MP213FAO3, STM32MP215AAL3, STM32MP215AAM3, STM32MP215AAN3, STM32MP215AAO3, STM32MP215CAL3, STM32MP215CAM3, STM32MP215CAN3, STM32MP215CAO3, STM32MP215DAL3, STM32MP215DAM3, STM32MP215DAN3, STM32MP215DAO3, STM32MP215F-DK, STM32MP215FAL3, STM32MP215FAM3, STM32MP215FAN3, STM32MP215FAO3, STM32MP231AAJ3, STM32MP231AAK3, STM32MP231AAL3, STM32MP231CAJ3, STM32MP231CAK3, STM32MP231CAL3, STM32MP231DAJ3, STM32MP231DAK3, STM32MP231DAL3, STM32MP231FAJ3, STM32MP231FAK3, STM32MP231FAL3, STM32MP233AAJ3, STM32MP233AAK3, STM32MP233AAL3, STM32MP233CAJ3, STM32MP233CAK3, STM32MP233CAL3, STM32MP233DAJ3, STM32MP233DAK3, STM32MP233DAL3, STM32MP233FAJ3, STM32MP233FAK3, STM32MP233FAL3, STM32MP235AAJ3, STM32MP235AAK3, STM32MP235AAL3, STM32MP235CAJ3, STM32MP235CAK3, STM32MP235CAL3, STM32MP235DAJ3, STM32MP235DAK3, STM32MP235DAL3, STM32MP235FAJ3, STM32MP235FAK3, STM32MP235FAL3, STM32MP251AAI3, STM32MP251AAK3, STM32MP251AAL3, STM32MP251CAI3, STM32MP251CAK3, STM32MP251CAL3, STM32MP251DAI3, STM32MP251DAK3, STM32MP251DAL3, STM32MP251FAI3, STM32MP251FAK3, STM32MP251FAL3, STM32MP253AAI3, STM32MP253AAK3, STM32MP253AAL3, STM32MP253CAI3, STM32MP253CAK3, STM32MP253CAL3, STM32MP253DAI3, STM32MP253DAK3, STM32MP253DAL3, STM32MP253FAI3, STM32MP253FAK3, STM32MP253FAL3, STM32MP255AAI3, STM32MP255AAK3, STM32MP255AAL3, STM32MP255CAI3, STM32MP255CAK3, STM32MP255CAL3, STM32MP255DAI3, STM32MP255DAK3, STM32MP255DAL3, STM32MP255FAI3, STM32MP255FAK3, STM32MP255FAL3, STM32MP257AAI3, STM32MP257AAK3, STM32MP257AAL3, STM32MP257CAI3, STM32MP257CAK3, STM32MP257CAL3, STM32MP257DAI3, STM32MP257DAK3, STM32MP257DAL3, STM32MP257F-DK, STM32MP257F-EV1, STM32MP257FAI3, STM32MP257FAK3, STM32MP257FAL3, STM32N645A0H3Q, STM32N645B0H3Q, STM32N645I0H3Q, STM32N645L0H3Q, STM32N645X0H3Q, STM32N645Z0H3Q, STM32N647A0H3Q, STM32N647B0H3Q, STM32N647I0H3Q, STM32N647L0H3Q, STM32N647X0H3Q, STM32N647Z0H3Q, STM32N655A0H3Q, STM32N655B0H3Q, STM32N655I0H3Q, STM32N655L0H3Q, STM32N655X0H3Q, STM32N655Z0H3Q, STM32N6570-DK, STM32N657A0H3Q, STM32N657B0H3Q, STM32N657I0H3Q, STM32N657L0H3Q, STM32N657X0H3Q, STM32N657Z0H3Q, STM32U031C6T6, STM32U031C6U6, STM32U031C8T6, STM32U031C8U6, STM32U031F4P6, STM32U031F6P6, STM32U031F8P6, STM32U031G6Y6TR, STM32U031G8Y6TR, STM32U031K4U6, STM32U031K6U6, STM32U031K8U6, STM32U031R6I6, STM32U031R6T6, STM32U031R8I6, STM32U031R8T6, STM32U073C8T6, STM32U073C8U6, STM32U073CBT6, STM32U073CBU6, STM32U073CCT6, STM32U073CCU6, STM32U073H8Y6TR, STM32U073HBY6TR, STM32U073HCY6TR, STM32U073K8U6, STM32U073KBU6, STM32U073KCU6, STM32U073M8I6, STM32U073M8T6, STM32U073MBI6, STM32U073MBT6, STM32U073MCI6, STM32U073MCT6, STM32U073R8I6, STM32U073R8T6, STM32U073RBI6, STM32U073RBT6, STM32U073RCI6, STM32U073RCT6, STM32U083C-DK, STM32U083CCT6, STM32U083CCU6, STM32U083HCY6TR, STM32U083KCU6, STM32U083MCI6, STM32U083MCT6, STM32U083RCI6, STM32U083RCT6, STM32U375CET6, STM32U375CET6Q, STM32U375CEU6, STM32U375CEU6Q, STM32U375CEY6QTR, STM32U375CGT6, STM32U375CGT6Q, STM32U375CGU6, STM32U375CGU6Q, STM32U375CGY6QTR, STM32U375KEU6, STM32U375KGU6, STM32U375REI6, STM32U375REI6Q, STM32U375RET6, STM32U375RET6Q, STM32U375REY6GTR, STM32U375REY6QTR, STM32U375RGI6, STM32U375RGI6Q, STM32U375RGT6, STM32U375RGT6Q, STM32U375RGY6GTR, STM32U375RGY6QTR, STM32U375VEI6, STM32U375VEI6Q, STM32U375VET6, STM32U375VET6Q, STM32U375VGI6, STM32U375VGI6Q, STM32U375VGT6, STM32U375VGT6Q, STM32U385CGT6, STM32U385CGT6Q, STM32U385CGU6, STM32U385CGU6Q, STM32U385CGY6QTR, STM32U385KGU6, STM32U385RGI6, STM32U385RGI6Q, STM32U385RGT6, STM32U385RGT6Q, STM32U385RGY6GTR, STM32U385RGY6QTR, STM32U385VGI6, STM32U385VGI6Q, STM32U385VGT6, STM32U385VGT6Q, STM32U535CBT6, STM32U535CBT6Q, STM32U535CBU6, STM32U535CBU6Q, STM32U535CCT6, STM32U535CCT6Q, STM32U535CCU6, STM32U535CCU6Q, STM32U535CET6, STM32U535CET6Q, STM32U535CEU6, STM32U535CEU6Q, STM32U535JEY6QTR, STM32U535NCY6QTR, STM32U535NEY6QTR, STM32U535RBI6, STM32U535RBI6Q, STM32U535RBT6, STM32U535RBT6Q, STM32U535RCI6, STM32U535RCI6Q, STM32U535RCT6, STM32U535RCT6Q, STM32U535REI6, STM32U535REI6Q, STM32U535RET6, STM32U535RET6Q, STM32U535VCI6, STM32U535VCI6Q, STM32U535VCT6, STM32U535VCT6Q, STM32U535VEI6, STM32U535VEI6Q, STM32U535VET6, STM32U535VET6Q, STM32U545CET6, STM32U545CET6Q, STM32U545CEU6, STM32U545CEU6Q, STM32U545JEY6QTR, STM32U545NEY6QTR, STM32U545REI6, STM32U545REI6Q, STM32U545RET6, STM32U545RET6Q, STM32U545VEI6, STM32U545VEI6Q, STM32U545VET6, STM32U545VET6Q, STM32U595AIH6, STM32U595AIH6Q, STM32U595AJH6, STM32U595AJH6Q, STM32U595QII6, STM32U595QII6Q, STM32U595QJI6, STM32U595QJI6Q, STM32U595RIT6, STM32U595RIT6Q, STM32U595RJT6, STM32U595RJT6Q, STM32U595VIT6, STM32U595VIT6Q, STM32U595VJT6, STM32U595VJT6Q, STM32U595ZIT6, STM32U595ZIT6Q, STM32U595ZIY6QTR, STM32U595ZJT6, STM32U595ZJT6Q, STM32U595ZJY6QTR, STM32U599BJY6QTR, STM32U599NIH6Q, STM32U599NJH6Q, STM32U599VIT6Q, STM32U599VJT6, STM32U599VJT6Q, STM32U599ZIT6Q, STM32U599ZIY6QTR, STM32U599ZJT6Q, STM32U599ZJY6QTR, STM32U5A5AJH6, STM32U5A5AJH6Q, STM32U5A5QII3Q , STM32U5A5QJI6, STM32U5A5QJI6Q, STM32U5A5RJT6, STM32U5A5RJT6Q, STM32U5A5VJT6, STM32U5A5VJT6Q, STM32U5A5ZJT6, STM32U5A5ZJT6Q, STM32U5A5ZJY6QTR, STM32U5A9BJY6QTR, STM32U5A9J-DK, STM32U5A9NJH6Q, STM32U5A9VJT6Q, STM32U5A9ZJT6Q, STM32U5A9ZJY6QTR, STM32U5F7VIT6, STM32U5F7VIT6Q, STM32U5F7VJT6, STM32U5F7VJT6Q, STM32U5F9BJY6QTR, STM32U5F9NJH6Q, STM32U5F9VIT6Q, STM32U5F9VJT6Q, STM32U5F9ZIJ6QTR, STM32U5F9ZIT6Q, STM32U5F9ZJJ6QTR, STM32U5F9ZJT6Q, STM32U5G7VJT6, STM32U5G7VJT6Q, STM32U5G9BJY6QTR, STM32U5G9J-DK1, STM32U5G9J-DK2, STM32U5G9NJH6Q, STM32U5G9VJT6Q, STM32U5G9ZJJ6QTR, STM32U5G9ZJT6Q, STM32WB05KZV6TR, STM32WB05KZV7TR, STM32WB05TZF6TR, STM32WB05TZF7TR, STM32WB06CCF6TR, STM32WB06CCF7TR, STM32WB06CCV6TR, STM32WB06CCV7TR, STM32WB06KCV6TR, STM32WB06KCV7TR, STM32WB07CCF6TR, STM32WB07CCF7TR, STM32WB07CCV6TR, STM32WB07CCV7TR, STM32WB07KCV6TR, STM32WB07KCV7TR, STM32WB09KEV6TR, STM32WB09KEV7TR, STM32WB09TEF6TR, STM32WB09TEF7TR, STM32WB1MMCH6, STM32WBA50KGU6, STM32WBA50KGU6TR, STM32WBA52CEU6, STM32WBA52CEU6TR, STM32WBA52CEU7, STM32WBA52CEU7TR, STM32WBA52CGU6, STM32WBA52CGU6TR, STM32WBA52CGU6U, STM32WBA52CGU7, STM32WBA52CGU7TR, STM32WBA52KEU6, STM32WBA52KEU6TR, STM32WBA52KGU6, STM32WBA52KGU6TR, STM32WBA54CEU6, STM32WBA54CEU6TR, STM32WBA54CEU7, STM32WBA54CEU7TR, STM32WBA54CGU6, STM32WBA54CGU6TR, STM32WBA54CGU7, STM32WBA54CGU7TR, STM32WBA54KEU6, STM32WBA54KEU6TR, STM32WBA54KEU7, STM32WBA54KEU7TR, STM32WBA54KGU6, STM32WBA54KGU6TR, STM32WBA54KGU7, STM32WBA54KGU7TR, STM32WBA55CEU6, STM32WBA55CEU6TR, STM32WBA55CEU7, STM32WBA55CEU7TR, STM32WBA55CGU6, STM32WBA55CGU6TR, STM32WBA55CGU6U, STM32WBA55CGU7, STM32WBA55CGU7TR, STM32WBA55G-DK1, STM32WBA55HEF6, STM32WBA55HEF7, STM32WBA55HGF6, STM32WBA55HGF7, STM32WBA55UEI6, STM32WBA55UEI6TR, STM32WBA55UEI7, STM32WBA55UEI7TR, STM32WBA55UGI6, STM32WBA55UGI6TR, STM32WBA55UGI7, STM32WBA55UGI7TR, STM32WBA5MMGH6TR, STM32WBA62MGF6, STM32WBA62MIF6, STM32WBA65MGF7, STM32WBA65MIF6, STM32WBA65MIF7, STM32WL30K8V6, STM32WL30KBV6, STM32WL31C8V6, STM32WL31CBV6, STM32WL31K8V6, STM32WL31KBV6, STM32WL33C8V6, STM32WL33C8V6X, STM32WL33CBV6, STM32WL33CBV6X, STM32WL33CCV6, STM32WL33CCV6A, STM32WL33CCV6X, STM32WL33K8V7, STM32WL33K8V7X, STM32WL33KBV7 , STM32WL33KBV7X, STM32WL33KCV7, STM32WL33KCV7X, STM32WL5MOCH6, STM32WL5MOCH6TR]
2026-09-08 17:06:56,202 [INFO] ApiDb:668 - CubeFinder database Data Model version=2.1
2026-09-08 17:06:56,202 [INFO] ApiDb:669 - CubeFinder database Configuration version=3.0.42
2026-09-08 17:06:56,202 [INFO] ApiDb:670 - CubeFinder database generation date=2026-06-23 (1782213372)
2026-09-08 17:06:56,203 [INFO] ApiDb:671 - CubeFinder database FW Pack versions=[FP-ATR-ASTRA1_V2.0.0, FP-SNS-FLIGHT1_V5.1.0, FP-SNS-MOTENV1_V5.1.0, FP-SNS-MOTENVWB1_V1.5.0, FP-SNS-SMARTAG2_V1.2.0, FP-SNS-STBOX1_V2.1.0, STM32Cube_FW_C0_V1.4.0, STM32Cube_FW_F4_V1.28.3, STM32Cube_FW_F7_V1.17.4, STM32Cube_FW_G0_V1.6.3, STM32Cube_FW_G4_V1.6.2, STM32Cube_FW_H5_V1.7.0, STM32Cube_FW_H7RS_V1.3.0, STM32Cube_FW_H7_V1.13.0, STM32Cube_FW_L0_V1.12.2, STM32Cube_FW_L4_V1.18.2, STM32Cube_FW_L5_V1.6.0, STM32Cube_FW_N6_V1.4.0, STM32Cube_FW_U0_V1.3.0, STM32Cube_FW_U3_V1.4.0, STM32Cube_FW_U5_V1.9.0, STM32Cube_FW_WB0_V1.5.0, STM32Cube_FW_WBA_V1.10.0, STM32Cube_FW_WB_V1.24.0, STM32Cube_FW_WL3_V1.5.0, STM32Cube_FW_WL_V1.6.0, X-CUBE-ALGOBUILD_V1.5.0, X-CUBE-ALS_V1.0.2, X-CUBE-AZRTOS-F4_V1.1.0, X-CUBE-AZRTOS-F7_V1.1.0, X-CUBE-AZRTOS-G0_V1.1.0, X-CUBE-AZRTOS-G4_V2.0.0, X-CUBE-AZRTOS-H7RS_V1.1.0, X-CUBE-AZRTOS-H7_V3.5.0, X-CUBE-AZRTOS-L4_V2.0.0, X-CUBE-AZRTOS-L5_V2.0.0, X-CUBE-AZRTOS-WB_V2.0.0, X-CUBE-AZRTOS-WL_V2.0.0, X-CUBE-BLE1_V7.1.0, X-CUBE-BLE2_V3.3.0, X-CUBE-BLEMGR_V4.1.0, X-CUBE-EEPRMA1_V5.2.0, X-CUBE-FREERTOS_V1.5.0, X-CUBE-GNSS1_V7.1.1, X-CUBE-MEMS1_V12.1.0, X-CUBE-NFC4_V3.0.0, X-CUBE-NFC7_V2.0.0, X-CUBE-SFXS2LP1_V4.0.0, X-CUBE-ST67W61_V1.3.0, X-CUBE-SUBG2_V5.0.0, X-CUBE-TOF1_V3.4.3]
2026-09-08 17:06:57,191 [INFO] ApiDb:240 - Found 880 in-development CPN: [B-G473E-ZEST1S, B-WB1M-WPAN1, B-WBA5M-WPAN, B-WL5M-SUBG1, NUCLEO-C031C6, NUCLEO-C051C8, NUCLEO-C071RB, NUCLEO-C092RC, NUCLEO-H503RB, NUCLEO-H533RE, NUCLEO-H563ZI, NUCLEO-H7S3L8, NUCLEO-N657X0-Q, NUCLEO-U031R8, NUCLEO-U083RC, NUCLEO-U385RG-Q, NUCLEO-U545RE-Q, NUCLEO-U5A5ZJ-Q, NUCLEO-WB05KZ, NUCLEO-WB07CC, NUCLEO-WB09KE, NUCLEO-WBA52CG, NUCLEO-WBA55CG, NUCLEO-WL33CC1, NUCLEO-WL33CC2, STEVAL-PROTEUS1, STEVAL-SMARTAG2, STEVAL-STWINBX1, STM320518-EVAL, STM32C0116-DK, STM32C011D6Y3TR, STM32C011D6Y6TR, STM32C011F4P3, STM32C011F4P6, STM32C011F4U3, STM32C011F4U6TR, STM32C011F6P3, STM32C011F6P6, STM32C011F6U3, STM32C011F6U6TR, STM32C011J4M3, STM32C011J4M6, STM32C011J6M3, STM32C011J6M6, STM32C0316-DK, STM32C031C4T3, STM32C031C4T6, STM32C031C4U3, STM32C031C4U6, STM32C031C6T3, STM32C031C6T6, STM32C031C6U3, STM32C031C6U6, STM32C031F4P3, STM32C031F4P6, STM32C031F6P3, STM32C031F6P6, STM32C031G4U3, STM32C031G4U6, STM32C031G6U3, STM32C031G6U6, STM32C031K4T3, STM32C031K4T6, STM32C031K4U3, STM32C031K4U6, STM32C031K6T3, STM32C031K6T6, STM32C031K6U3, STM32C031K6U6, STM32C051C6T6, STM32C051C6U6, STM32C051C8T6, STM32C051C8U6, STM32C051D8Y6TR, STM32C051F6P6, STM32C051F8P6, STM32C051G6U6, STM32C051G8U6, STM32C051K6T6, STM32C051K6U6, STM32C051K8T6, STM32C071C8T6, STM32C071C8T6N, STM32C071C8U6, STM32C071C8U6N, STM32C071CBT6, STM32C071CBT6N, STM32C071CBU6, STM32C071CBU6N, STM32C071F8P6, STM32C071F8P6N, STM32C071FBP6, STM32C071FBP6N, STM32C071FBY6TR, STM32C071G8U6, STM32C071G8U6N, STM32C071GBU6, STM32C071GBU6N, STM32C071K8T6, STM32C071K8T6N, STM32C071K8U6, STM32C071K8U6N, STM32C071KBT6, STM32C071KBT6N, STM32C071KBU6, STM32C071KBU6N, STM32C071R8T6, STM32C071R8T6N, STM32C071RBI6N, STM32C071RBT6, STM32C071RBT6N, STM32C091CBT6, STM32C091CBU6, STM32C091CCT6, STM32C091CCU6, STM32C091ECY6TR, STM32C091FBP6, STM32C091FCP6, STM32C091GBU6, STM32C091GCU6, STM32C091KBT6, STM32C091KBU6, STM32C091KCT6, STM32C091KCU6, STM32C091RBT6, STM32C091RCI6, STM32C091RCT6, STM32C092CBT6, STM32C092CBU6, STM32C092CCT6, STM32C092CCU6, STM32C092ECY6TR, STM32C092FBP6, STM32C092FCP6, STM32C092GBU6, STM32C092GCU6, STM32C092KBT6, STM32C092KBU6, STM32C092KCT6, STM32C092KCU6, STM32C092RBT6, STM32C092RCI6, STM32C092RCT6, STM32G071K8TXN, STM32G071K8UXN, STM32G081GBU6N, STM32G081KBT6N, STM32G081KBUXN, STM32G0B1CCT6N, STM32G0B1KCT6, STM32G0B1NEY6TR, STM32G0B1RCT6N, STM32G0C1CCT6, STM32G0C1CCT6N, STM32G0C1CCU6N, STM32G0C1CET6N, STM32G0C1CEU6N, STM32G0C1KCT6, STM32G0C1NEY6TR, STM32G0C1RCI6N, STM32G0C1RCT6N, STM32G0C1REI6N, STM32G0C1RET6N, STM32G0C1VCI6, STM32G0C1VEI6, STM32G411C6T3, STM32G411C6T6, STM32G411C6U3, STM32G411C6U6, STM32G411C8T3, STM32G411C8T6, STM32G411C8U3, STM32G411C8U6, STM32G411CBT3, STM32G411CBT6, STM32G411CBU3, STM32G411CBU6, STM32G411K6T3, STM32G411K6T6, STM32G411K6U3, STM32G411K6U6, STM32G411K8T3, STM32G411K8T6, STM32G411K8U3, STM32G411K8U6, STM32G411KBT3, STM32G411KBT6, STM32G411KBU3, STM32G411KBU6, STM32G411M6T3, STM32G411M6T6, STM32G411M8T3, STM32G411M8T6, STM32G411MBT3, STM32G411MBT6, STM32G411R6T3, STM32G411R6T6, STM32G411R8T3, STM32G411R8T6, STM32G411RBT3, STM32G411RBT6, STM32G414CBT3, STM32G414CBT6, STM32G414CBU3, STM32G414CBU6, STM32G414CCT3, STM32G414CCT6, STM32G414CCU3, STM32G414CCU6, STM32G414MBT3, STM32G414MBT6, STM32G414MCT3, STM32G414MCT6, STM32G414RBT3, STM32G414RBT6, STM32G414RCT3, STM32G414RCT6, STM32G414VBT3, STM32G414VBT6, STM32G414VCT3, STM32G414VCT6, STM32G431CBT3Z, STM32G431RBT3Z, STM32G471CCT6, STM32G471CCU6, STM32G471CET3, STM32G471CET6, STM32G471CEU3, STM32G471CEU6, STM32G471MCT6, STM32G471MET3, STM32G471MET6, STM32G471MEY6TR, STM32G471QCT6, STM32G471QET3, STM32G471RCT6, STM32G471RET3, STM32G471RET6, STM32G471VCH6, STM32G471VCI6, STM32G471VCT6, STM32G471VEH3, STM32G471VEH6, STM32G471VEI3, STM32G471VEI6, STM32G471VET3, STM32G471VET6, STM32G473QET3Z, STM32G473RET3Z, STM32G474CCT6, STM32G491RET3Z, STM32H503CBT6, STM32H503CBU6, STM32H503EBY6TR, STM32H503KBU6, STM32H503RBT6, STM32H523CCT6, STM32H523CCU6, STM32H523CET6, STM32H523CEU6, STM32H523HEY6TR, STM32H523RCT6, STM32H523RET6, STM32H523VCI6, STM32H523VCT6, STM32H523VEI6, STM32H523VET6, STM32H523ZCJ6, STM32H523ZCT6, STM32H523ZEJ6, STM32H523ZET6, STM32H533CET6, STM32H533CEU6, STM32H533HEY6TR, STM32H533RET6, STM32H533VEI6, STM32H533VET6, STM32H533ZEJ6, STM32H533ZET6, STM32H562AGI6, STM32H562AII6, STM32H562IGK6, STM32H562IGT6, STM32H562IIK6, STM32H562IIT6, STM32H562RGT6, STM32H562RGV6, STM32H562RIT6, STM32H562RIV6, STM32H562VGT6, STM32H562VIT6, STM32H562ZGT6, STM32H562ZIT6, STM32H563AGI6, STM32H563AII3Q, STM32H563AII6, STM32H563IGK6, STM32H563IGT6, STM32H563IIK3Q, STM32H563IIK6, STM32H563IIT3Q, STM32H563IIT6, STM32H563MIY3QTR, STM32H563RGT6, STM32H563RGV6, STM32H563RIT6, STM32H563RIV6, STM32H563VGT6, STM32H563VIT3Q, STM32H563VIT6, STM32H563ZGT6, STM32H563ZIT3Q, STM32H563ZIT6, STM32H573AII3Q, STM32H573AII6, STM32H573I-DK, STM32H573IIK3Q, STM32H573IIK6, STM32H573IIT3Q, STM32H573IIT6, STM32H573MIY3QTR, STM32H573RIT6, STM32H573RIV6, STM32H573VIT3Q, STM32H573VIT6, STM32H573ZIT3Q, STM32H573ZIT6, STM32H7R3A8I6, STM32H7R3I8K6, STM32H7R3I8T6, STM32H7R3L8H6, STM32H7R3L8H6H, STM32H7R3R8V6, STM32H7R3V8H6, STM32H7R3V8T6, STM32H7R3V8Y6TR, STM32H7R3Z8J6, STM32H7R3Z8T6, STM32H7R7A8I6, STM32H7R7I8K6, STM32H7R7I8T6, STM32H7R7L8H6, STM32H7R7L8H6H, STM32H7R7Z8J6, STM32H7S3A8I6, STM32H7S3I8K6, STM32H7S3I8T6, STM32H7S3L8H6, STM32H7S3L8H6H, STM32H7S3R8V6, STM32H7S3V8H6, STM32H7S3V8T6, STM32H7S3V8Y6TR, STM32H7S3Z8J6, STM32H7S3Z8T6, STM32H7S78-DK, STM32H7S7A8I6, STM32H7S7I8K6, STM32H7S7I8T6, STM32H7S7L8H6, STM32H7S7L8H6H, STM32H7S7Z8J6, STM32L4R5QGI6STR, STM32MP131AAE3, STM32MP131AAF3, STM32MP131AAG3, STM32MP131CAE3, STM32MP131CAF3, STM32MP131CAG3, STM32MP131DAE7, STM32MP131DAF7, STM32MP131DAG7, STM32MP131FAE7, STM32MP131FAF7, STM32MP131FAG7, STM32MP133AAE3, STM32MP133AAF3, STM32MP133AAG3, STM32MP133CAE3, STM32MP133CAF3, STM32MP133CAG3, STM32MP133DAE7, STM32MP133DAF7, STM32MP133DAG7, STM32MP133FAE7, STM32MP133FAF7, STM32MP133FAG7, STM32MP135AAE3, STM32MP135AAF3, STM32MP135AAG3, STM32MP135CAE3, STM32MP135CAF3, STM32MP135CAG3, STM32MP135DAE7, STM32MP135DAF7, STM32MP135DAG7, STM32MP135F-DK, STM32MP135FAE7, STM32MP135FAF7, STM32MP135FAF7T, STM32MP135FAF7U, STM32MP135FAG7, STM32MP211AAL3, STM32MP211AAM3, STM32MP211AAN3, STM32MP211AAO3, STM32MP211CAL3, STM32MP211CAM3, STM32MP211CAN3, STM32MP211CAO3, STM32MP211DAL3, STM32MP211DAM3, STM32MP211DAN3, STM32MP211DAO3, STM32MP211FAL3, STM32MP211FAM3, STM32MP211FAN3, STM32MP211FAO3, STM32MP213AAL3, STM32MP213AAM3, STM32MP213AAN3, STM32MP213AAO3, STM32MP213CAL3, STM32MP213CAM3, STM32MP213CAN3, STM32MP213CAO3, STM32MP213DAL3, STM32MP213DAM3, STM32MP213DAN3, STM32MP213DAO3, STM32MP213FAL3, STM32MP213FAM3, STM32MP213FAN3, STM32MP213FAO3, STM32MP215AAL3, STM32MP215AAM3, STM32MP215AAN3, STM32MP215AAO3, STM32MP215CAL3, STM32MP215CAM3, STM32MP215CAN3, STM32MP215CAO3, STM32MP215DAL3, STM32MP215DAM3, STM32MP215DAN3, STM32MP215DAO3, STM32MP215F-DK, STM32MP215FAL3, STM32MP215FAM3, STM32MP215FAN3, STM32MP215FAO3, STM32MP231AAJ3, STM32MP231AAK3, STM32MP231AAL3, STM32MP231CAJ3, STM32MP231CAK3, STM32MP231CAL3, STM32MP231DAJ3, STM32MP231DAK3, STM32MP231DAL3, STM32MP231FAJ3, STM32MP231FAK3, STM32MP231FAL3, STM32MP233AAJ3, STM32MP233AAK3, STM32MP233AAL3, STM32MP233CAJ3, STM32MP233CAK3, STM32MP233CAL3, STM32MP233DAJ3, STM32MP233DAK3, STM32MP233DAL3, STM32MP233FAJ3, STM32MP233FAK3, STM32MP233FAL3, STM32MP235AAJ3, STM32MP235AAK3, STM32MP235AAL3, STM32MP235CAJ3, STM32MP235CAK3, STM32MP235CAL3, STM32MP235DAJ3, STM32MP235DAK3, STM32MP235DAL3, STM32MP235FAJ3, STM32MP235FAK3, STM32MP235FAL3, STM32MP251AAI3, STM32MP251AAK3, STM32MP251AAL3, STM32MP251CAI3, STM32MP251CAK3, STM32MP251CAL3, STM32MP251DAI3, STM32MP251DAK3, STM32MP251DAL3, STM32MP251FAI3, STM32MP251FAK3, STM32MP251FAL3, STM32MP253AAI3, STM32MP253AAK3, STM32MP253AAL3, STM32MP253CAI3, STM32MP253CAK3, STM32MP253CAL3, STM32MP253DAI3, STM32MP253DAK3, STM32MP253DAL3, STM32MP253FAI3, STM32MP253FAK3, STM32MP253FAL3, STM32MP255AAI3, STM32MP255AAK3, STM32MP255AAL3, STM32MP255CAI3, STM32MP255CAK3, STM32MP255CAL3, STM32MP255DAI3, STM32MP255DAK3, STM32MP255DAL3, STM32MP255FAI3, STM32MP255FAK3, STM32MP255FAL3, STM32MP257AAI3, STM32MP257AAK3, STM32MP257AAL3, STM32MP257CAI3, STM32MP257CAK3, STM32MP257CAL3, STM32MP257DAI3, STM32MP257DAK3, STM32MP257DAL3, STM32MP257F-DK, STM32MP257F-EV1, STM32MP257FAI3, STM32MP257FAK3, STM32MP257FAL3, STM32N645A0H3Q, STM32N645B0H3Q, STM32N645I0H3Q, STM32N645L0H3Q, STM32N645X0H3Q, STM32N645Z0H3Q, STM32N647A0H3Q, STM32N647B0H3Q, STM32N647I0H3Q, STM32N647L0H3Q, STM32N647X0H3Q, STM32N647Z0H3Q, STM32N655A0H3Q, STM32N655B0H3Q, STM32N655I0H3Q, STM32N655L0H3Q, STM32N655X0H3Q, STM32N655Z0H3Q, STM32N6570-DK, STM32N657A0H3Q, STM32N657B0H3Q, STM32N657I0H3Q, STM32N657L0H3Q, STM32N657X0H3Q, STM32N657Z0H3Q, STM32U031C6T6, STM32U031C6U6, STM32U031C8T6, STM32U031C8U6, STM32U031F4P6, STM32U031F6P6, STM32U031F8P6, STM32U031G6Y6TR, STM32U031G8Y6TR, STM32U031K4U6, STM32U031K6U6, STM32U031K8U6, STM32U031R6I6, STM32U031R6T6, STM32U031R8I6, STM32U031R8T6, STM32U073C8T6, STM32U073C8U6, STM32U073CBT6, STM32U073CBU6, STM32U073CCT6, STM32U073CCU6, STM32U073H8Y6TR, STM32U073HBY6TR, STM32U073HCY6TR, STM32U073K8U6, STM32U073KBU6, STM32U073KCU6, STM32U073M8I6, STM32U073M8T6, STM32U073MBI6, STM32U073MBT6, STM32U073MCI6, STM32U073MCT6, STM32U073R8I6, STM32U073R8T6, STM32U073RBI6, STM32U073RBT6, STM32U073RCI6, STM32U073RCT6, STM32U083C-DK, STM32U083CCT6, STM32U083CCU6, STM32U083HCY6TR, STM32U083KCU6, STM32U083MCI6, STM32U083MCT6, STM32U083RCI6, STM32U083RCT6, STM32U375CET6, STM32U375CET6Q, STM32U375CEU6, STM32U375CEU6Q, STM32U375CEY6QTR, STM32U375CGT6, STM32U375CGT6Q, STM32U375CGU6, STM32U375CGU6Q, STM32U375CGY6QTR, STM32U375KEU6, STM32U375KGU6, STM32U375REI6, STM32U375REI6Q, STM32U375RET6, STM32U375RET6Q, STM32U375REY6GTR, STM32U375REY6QTR, STM32U375RGI6, STM32U375RGI6Q, STM32U375RGT6, STM32U375RGT6Q, STM32U375RGY6GTR, STM32U375RGY6QTR, STM32U375VEI6, STM32U375VEI6Q, STM32U375VET6, STM32U375VET6Q, STM32U375VGI6, STM32U375VGI6Q, STM32U375VGT6, STM32U375VGT6Q, STM32U385CGT6, STM32U385CGT6Q, STM32U385CGU6, STM32U385CGU6Q, STM32U385CGY6QTR, STM32U385KGU6, STM32U385RGI6, STM32U385RGI6Q, STM32U385RGT6, STM32U385RGT6Q, STM32U385RGY6GTR, STM32U385RGY6QTR, STM32U385VGI6, STM32U385VGI6Q, STM32U385VGT6, STM32U385VGT6Q, STM32U535CBT6, STM32U535CBT6Q, STM32U535CBU6, STM32U535CBU6Q, STM32U535CCT6, STM32U535CCT6Q, STM32U535CCU6, STM32U535CCU6Q, STM32U535CET6, STM32U535CET6Q, STM32U535CEU6, STM32U535CEU6Q, STM32U535JEY6QTR, STM32U535NCY6QTR, STM32U535NEY6QTR, STM32U535RBI6, STM32U535RBI6Q, STM32U535RBT6, STM32U535RBT6Q, STM32U535RCI6, STM32U535RCI6Q, STM32U535RCT6, STM32U535RCT6Q, STM32U535REI6, STM32U535REI6Q, STM32U535RET6, STM32U535RET6Q, STM32U535VCI6, STM32U535VCI6Q, STM32U535VCT6, STM32U535VCT6Q, STM32U535VEI6, STM32U535VEI6Q, STM32U535VET6, STM32U535VET6Q, STM32U545CET6, STM32U545CET6Q, STM32U545CEU6, STM32U545CEU6Q, STM32U545JEY6QTR, STM32U545NEY6QTR, STM32U545REI6, STM32U545REI6Q, STM32U545RET6, STM32U545RET6Q, STM32U545VEI6, STM32U545VEI6Q, STM32U545VET6, STM32U545VET6Q, STM32U595AIH6, STM32U595AIH6Q, STM32U595AJH6, STM32U595AJH6Q, STM32U595QII6, STM32U595QII6Q, STM32U595QJI6, STM32U595QJI6Q, STM32U595RIT6, STM32U595RIT6Q, STM32U595RJT6, STM32U595RJT6Q, STM32U595VIT6, STM32U595VIT6Q, STM32U595VJT6, STM32U595VJT6Q, STM32U595ZIT6, STM32U595ZIT6Q, STM32U595ZIY6QTR, STM32U595ZJT6, STM32U595ZJT6Q, STM32U595ZJY6QTR, STM32U599BJY6QTR, STM32U599NIH6Q, STM32U599NJH6Q, STM32U599VIT6Q, STM32U599VJT6, STM32U599VJT6Q, STM32U599ZIT6Q, STM32U599ZIY6QTR, STM32U599ZJT6Q, STM32U599ZJY6QTR, STM32U5A5AJH6, STM32U5A5AJH6Q, STM32U5A5QII3Q , STM32U5A5QJI6, STM32U5A5QJI6Q, STM32U5A5RJT6, STM32U5A5RJT6Q, STM32U5A5VJT6, STM32U5A5VJT6Q, STM32U5A5ZJT6, STM32U5A5ZJT6Q, STM32U5A5ZJY6QTR, STM32U5A9BJY6QTR, STM32U5A9J-DK, STM32U5A9NJH6Q, STM32U5A9VJT6Q, STM32U5A9ZJT6Q, STM32U5A9ZJY6QTR, STM32U5F7VIT6, STM32U5F7VIT6Q, STM32U5F7VJT6, STM32U5F7VJT6Q, STM32U5F9BJY6QTR, STM32U5F9NJH6Q, STM32U5F9VIT6Q, STM32U5F9VJT6Q, STM32U5F9ZIJ6QTR, STM32U5F9ZIT6Q, STM32U5F9ZJJ6QTR, STM32U5F9ZJT6Q, STM32U5G7VJT6, STM32U5G7VJT6Q, STM32U5G9BJY6QTR, STM32U5G9J-DK1, STM32U5G9J-DK2, STM32U5G9NJH6Q, STM32U5G9VJT6Q, STM32U5G9ZJJ6QTR, STM32U5G9ZJT6Q, STM32WB05KZV6TR, STM32WB05KZV7TR, STM32WB05TZF6TR, STM32WB05TZF7TR, STM32WB06CCF6TR, STM32WB06CCF7TR, STM32WB06CCV6TR, STM32WB06CCV7TR, STM32WB06KCV6TR, STM32WB06KCV7TR, STM32WB07CCF6TR, STM32WB07CCF7TR, STM32WB07CCV6TR, STM32WB07CCV7TR, STM32WB07KCV6TR, STM32WB07KCV7TR, STM32WB09KEV6TR, STM32WB09KEV7TR, STM32WB09TEF6TR, STM32WB09TEF7TR, STM32WB1MMCH6, STM32WBA50KGU6, STM32WBA50KGU6TR, STM32WBA52CEU6, STM32WBA52CEU6TR, STM32WBA52CEU7, STM32WBA52CEU7TR, STM32WBA52CGU6, STM32WBA52CGU6TR, STM32WBA52CGU6U, STM32WBA52CGU7, STM32WBA52CGU7TR, STM32WBA52KEU6, STM32WBA52KEU6TR, STM32WBA52KGU6, STM32WBA52KGU6TR, STM32WBA54CEU6, STM32WBA54CEU6TR, STM32WBA54CEU7, STM32WBA54CEU7TR, STM32WBA54CGU6, STM32WBA54CGU6TR, STM32WBA54CGU7, STM32WBA54CGU7TR, STM32WBA54KEU6, STM32WBA54KEU6TR, STM32WBA54KEU7, STM32WBA54KEU7TR, STM32WBA54KGU6, STM32WBA54KGU6TR, STM32WBA54KGU7, STM32WBA54KGU7TR, STM32WBA55CEU6, STM32WBA55CEU6TR, STM32WBA55CEU7, STM32WBA55CEU7TR, STM32WBA55CGU6, STM32WBA55CGU6TR, STM32WBA55CGU6U, STM32WBA55CGU7, STM32WBA55CGU7TR, STM32WBA55G-DK1, STM32WBA55HEF6, STM32WBA55HEF7, STM32WBA55HGF6, STM32WBA55HGF7, STM32WBA55UEI6, STM32WBA55UEI6TR, STM32WBA55UEI7, STM32WBA55UEI7TR, STM32WBA55UGI6, STM32WBA55UGI6TR, STM32WBA55UGI7, STM32WBA55UGI7TR, STM32WBA5MMGH6TR, STM32WBA62MGF6, STM32WBA62MIF6, STM32WBA65MGF7, STM32WBA65MIF6, STM32WBA65MIF7, STM32WL30K8V6, STM32WL30KBV6, STM32WL31C8V6, STM32WL31CBV6, STM32WL31K8V6, STM32WL31KBV6, STM32WL33C8V6, STM32WL33C8V6X, STM32WL33CBV6, STM32WL33CBV6X, STM32WL33CCV6, STM32WL33CCV6A, STM32WL33CCV6X, STM32WL33K8V7, STM32WL33K8V7X, STM32WL33KBV7 , STM32WL33KBV7X, STM32WL33KCV7, STM32WL33KCV7X, STM32WL5MOCH6, STM32WL5MOCH6TR]
2026-09-08 17:06:57,195 [INFO] DbMcus:218 - Found 5250 MCUs, 5097 are supported
2026-09-08 17:06:57,199 [INFO] ApiDb:423 - Load user favorites file C:\Users\szymo/.stm32cubeide/favorites.mcus.txt: 1 item(s)
2026-09-08 17:06:57,199 [INFO] ApiDb:427 - User favorites MCUs=[STM32C011D6Y3TR]
2026-09-08 17:06:57,199 [INFO] DbMcus:224 - Set 1 / 1 favorites MCUs
2026-09-08 17:06:57,462 [INFO] BoardInfo:889 - No configuration file found for board NUCLEO-H5E5ZJ
2026-09-08 17:06:57,464 [INFO] DbBoards:161 - Board is not supported: NUCLEO-H5E5ZJ
2026-09-08 17:06:57,496 [INFO] BoardInfo:889 - No configuration file found for board NUCLEO-U3C5ZI-Q
2026-09-08 17:06:57,497 [INFO] DbBoards:161 - Board is not supported: NUCLEO-U3C5ZI-Q
2026-09-08 17:06:57,505 [INFO] BoardInfo:889 - No configuration file found for board NUCLEO-WBA25CE1
2026-09-08 17:06:57,506 [INFO] DbBoards:161 - Board is not supported: NUCLEO-WBA25CE1
2026-09-08 17:06:57,511 [INFO] BoardInfo:889 - No configuration file found for board NUCLEO-WL3RKB1
2026-09-08 17:06:57,512 [INFO] DbBoards:161 - Board is not supported: NUCLEO-WL3RKB1
2026-09-08 17:06:57,512 [INFO] BoardInfo:889 - No configuration file found for board NUCLEO-WL3RKB2
2026-09-08 17:06:57,513 [INFO] DbBoards:161 - Board is not supported: NUCLEO-WL3RKB2
2026-09-08 17:06:57,517 [INFO] BoardInfo:889 - No configuration file found for board P-NUCLEO-WB55
2026-09-08 17:06:57,518 [INFO] DbBoards:161 - Kit is not supported: P-NUCLEO-WB55
2026-09-08 17:06:57,521 [INFO] BoardInfo:889 - No configuration file found for board STEVAL-BFA001V1B
2026-09-08 17:06:57,522 [INFO] DbBoards:161 - Kit is not supported: STEVAL-BFA001V1B
2026-09-08 17:06:57,522 [INFO] BoardInfo:889 - No configuration file found for board STEVAL-BFA001V2B
2026-09-08 17:06:57,523 [INFO] DbBoards:161 - Kit is not supported: STEVAL-BFA001V2B
2026-09-08 17:06:57,582 [INFO] BoardInfo:889 - No configuration file found for board STM32H5F5J-DK
2026-09-08 17:06:57,582 [INFO] DbBoards:161 - Board is not supported: STM32H5F5J-DK
2026-09-08 17:06:57,630 [INFO] DbBoards:168 - Found 218 boards, 209 are supported
2026-09-08 17:06:57,631 [INFO] DbBoards:169 - Found 218 boards, 43 of them is supported for  Bsp
2026-09-08 17:06:57,632 [INFO] ApiDb:423 - Load user favorites file C:\Users\szymo/.stm32cubeide/favorites.boards.txt: 0 item(s)
2026-09-08 17:06:57,633 [INFO] ApiDb:427 - User favorites Boards=[]
2026-09-08 17:06:57,633 [INFO] DbBoards:198 - Set 0 / 0 favorites Boards
2026-09-08 17:06:57,685 [INFO] UtilMem:75 - End LoadConfig() Used Memory: 266135392 Bytes (490733568)
2026-09-08 17:06:57,757 [WARN] ThirdParty:833 - waiting for thirdparty lock release [change project]
2026-09-08 17:06:57,757 [INFO] ThirdParty:835 - entering critical section [change project]
2026-09-08 17:06:57,757 [INFO] ThirdParty:1030 - CMSIS Pack Vendor :STMicroelectronics X-CUBE-AZRTOS-H7 3.5.0
2026-09-08 17:06:57,757 [INFO] ThirdParty:1030 - CMSIS Pack Vendor :STMicroelectronics X-CUBE-PM33A1 1.0.0
2026-09-08 17:06:57,757 [INFO] ThirdParty:1030 - CMSIS Pack Vendor :STMicroelectronics USBPD 4.1
2026-09-08 17:06:57,757 [INFO] ThirdParty:1030 - CMSIS Pack Vendor :STMicroelectronics USB_HOST 2.0.0
2026-09-08 17:06:57,757 [INFO] ThirdParty:1030 - CMSIS Pack Vendor :STMicroelectronics FP-SNS-MOTENVWB1 1.4.0
2026-09-08 17:06:57,757 [INFO] ThirdParty:1030 - CMSIS Pack Vendor :STMicroelectronics FP-ATR-ASTRA1 2.0.3
2026-09-08 17:06:57,757 [INFO] ThirdParty:1030 - CMSIS Pack Vendor :STMicroelectronics X-CUBE-AZRTOS-F4 1.1.0
2026-09-08 17:06:57,757 [INFO] ThirdParty:1030 - CMSIS Pack Vendor :STMicroelectronics LIBJPEG 8.0.0
2026-09-08 17:06:57,757 [INFO] ThirdParty:1030 - CMSIS Pack Vendor :STMicroelectronics FP-ATR-ASTRA1 2.0.2
2026-09-08 17:06:57,757 [INFO] ThirdParty:1030 - CMSIS Pack Vendor :STMicroelectronics FP-ATR-ASTRA1 2.0.1
2026-09-08 17:06:57,757 [INFO] ThirdParty:1030 - CMSIS Pack Vendor :Avnet-IotConnect X-CUBE-IoTC-DA16k-PMOD 1.0.0
2026-09-08 17:06:57,757 [INFO] ThirdParty:1030 - CMSIS Pack Vendor :STMicroelectronics X-CUBE-SMBUS 2.1.0
2026-09-08 17:06:57,757 [INFO] ThirdParty:1030 - CMSIS Pack Vendor :STMicroelectronics X-CUBE-WB05N 1.1.0
2026-09-08 17:06:57,757 [INFO] ThirdParty:1030 - CMSIS Pack Vendor :STMicroelectronics X-CUBE-IPS 3.2.0
2026-09-08 17:06:57,757 [INFO] ThirdParty:1030 - CMSIS Pack Vendor :STMicroelectronics eDS-WB_DPC_TT-BIDIR 2.1.1
2026-09-08 17:06:57,757 [INFO] ThirdParty:1030 - CMSIS Pack Vendor :STMicroelectronics X-CUBE-ST60 1.0.0
2026-09-08 17:06:57,757 [INFO] ThirdParty:1030 - CMSIS Pack Vendor :STMicroelectronics X-CUBE-NFC12 1.0.0
2026-09-08 17:06:57,757 [INFO] ThirdParty:1030 - CMSIS Pack Vendor :STMicroelectronics X-CUBE-AZRTOS-F7 1.1.0
2026-09-08 17:06:57,757 [INFO] ThirdParty:1030 - CMSIS Pack Vendor :STMicroelectronics X-CUBE-AZRTOS-L5 2.0.0
2026-09-08 17:06:57,757 [INFO] ThirdParty:1030 - CMSIS Pack Vendor :STMicroelectronics USB_DEVICE 2.0.0
2026-09-08 17:06:57,757 [INFO] ThirdParty:1030 - CMSIS Pack Vendor :STMicroelectronics X-CUBE-FREERTOS 1.6.0
2026-09-08 17:06:57,757 [INFO] ThirdParty:1030 - CMSIS Pack Vendor :STMicroelectronics X-CUBE-NFC6 3.1.0
2026-09-08 17:06:57,757 [INFO] ThirdParty:1030 - CMSIS Pack Vendor :STMicroelectronics X-CUBE-ALGOBUILD 1.5.0
2026-09-08 17:06:57,757 [INFO] ThirdParty:1030 - CMSIS Pack Vendor :STMicroelectronics FP-SNS-MOTENV1 5.1.0
2026-09-08 17:06:57,757 [INFO] ThirdParty:1030 - CMSIS Pack Vendor :STMicroelectronics FreeRTOS 0.0.1
2026-09-08 17:06:57,757 [INFO] ThirdParty:1030 - CMSIS Pack Vendor :STMicroelectronics X-CUBE-AZRTOS-H7RS 1.3.0
2026-09-08 17:06:57,757 [INFO] ThirdParty:1030 - CMSIS Pack Vendor :STMicroelectronics X-CUBE-DPower 1.2.0
2026-09-08 17:06:57,757 [INFO] ThirdParty:1030 - CMSIS Pack Vendor :STMicroelectronics eDS-WB_DPC_VIENNA 1.2.0
2026-09-08 17:06:57,757 [INFO] ThirdParty:1030 - CMSIS Pack Vendor :STMicroelectronics X-CUBE-MEMS1 13.0.0
2026-09-08 17:06:57,757 [INFO] ThirdParty:1030 - CMSIS Pack Vendor :STMicroelectronics FP-SNS-FLIGHT1 5.0.2
2026-09-08 17:06:57,757 [INFO] ThirdParty:1030 - CMSIS Pack Vendor :STMicroelectronics eDS-WB_DPC_3PH2L-BIDIR 1.1.1
2026-09-08 17:06:57,757 [INFO] ThirdParty:1030 - CMSIS Pack Vendor :Infineon AIROC-Wi-Fi-Bluetooth-STM32 1.7.0
2026-09-08 17:06:57,757 [INFO] ThirdParty:1030 - CMSIS Pack Vendor :STMicroelectronics PDM2PCM 3.3.0
2026-09-08 17:06:57,757 [INFO] ThirdParty:1030 - CMSIS Pack Vendor :STMicroelectronics X-CUBE-AZRTOS-H7 3.4.0
2026-09-08 17:06:57,757 [INFO] ThirdParty:1030 - CMSIS Pack Vendor :STMicroelectronics X-CUBE-DISPLAY 3.0.0
2026-09-08 17:06:57,757 [INFO] ThirdParty:1030 - CMSIS Pack Vendor :STMicroelectronics X-CUBE-GNSS1 7.1.1
2026-09-08 17:06:57,757 [INFO] ThirdParty:1030 - CMSIS Pack Vendor :STMicroelectronics FP-SNS-MOTENVWB1 1.5.0
2026-09-08 17:06:57,757 [INFO] ThirdParty:1030 - CMSIS Pack Vendor :STMicroelectronics X-CUBE-BLE1 7.0.0
2026-09-08 17:06:57,757 [INFO] ThirdParty:1030 - CMSIS Pack Vendor :STMicroelectronics X-CUBE-NFC10 1.0.0
2026-09-08 17:06:57,757 [INFO] ThirdParty:1030 - CMSIS Pack Vendor :STMicroelectronics X-CUBE-BLEMGR 4.0.0
2026-09-08 17:06:57,757 [INFO] ThirdParty:1030 - CMSIS Pack Vendor :STMicroelectronics X-CUBE-FREERTOS 1.3.1
2026-09-08 17:06:57,757 [INFO] ThirdParty:1030 - CMSIS Pack Vendor :STMicroelectronics HAL Drivers 0.0.0
2026-09-08 17:06:57,757 [INFO] ThirdParty:1030 - CMSIS Pack Vendor :STMicroelectronics X-CUBE-ST60 1.1.0
2026-09-08 17:06:57,757 [INFO] ThirdParty:1030 - CMSIS Pack Vendor :emotas I-CUBE-CANOPEN 1.3.0
2026-09-08 17:06:57,757 [INFO] ThirdParty:1030 - CMSIS Pack Vendor :STMicroelectronics X-CUBE-FREERTOS 1.3.0
2026-09-08 17:06:57,757 [INFO] ThirdParty:1030 - CMSIS Pack Vendor :STMicroelectronics X-CUBE-NFC7 1.0.1
2026-09-08 17:06:57,757 [INFO] ThirdParty:1030 - CMSIS Pack Vendor :STMicroelectronics MBEDTLS 2.14.1
2026-09-08 17:06:57,757 [INFO] ThirdParty:1030 - CMSIS Pack Vendor :STMicroelectronics X-CUBE-GNSS1 7.1.0
2026-09-08 17:06:57,757 [INFO] ThirdParty:1030 - CMSIS Pack Vendor :STMicroelectronics X-CUBE-TOUCHGFX 4.26.0
2026-09-08 17:06:57,757 [INFO] ThirdParty:1030 - CMSIS Pack Vendor :STMicroelectronics X-CUBE-TOUCHGFX 4.26.1
2026-09-08 17:06:57,757 [INFO] ThirdParty:1030 - CMSIS Pack Vendor :STMicroelectronics X-CUBE-AI 10.0.0
2026-09-08 17:06:57,757 [INFO] ThirdParty:1030 - CMSIS Pack Vendor :STMicroelectronics FP-SNS-STBOX1 2.1.0
2026-09-08 17:06:57,757 [INFO] ThirdParty:1030 - CMSIS Pack Vendor :STMicroelectronics FP-SNS-STAIOTCFT 1.0.0
2026-09-08 17:06:57,757 [INFO] ThirdParty:1030 - CMSIS Pack Vendor :STMicroelectronics FP-SNS-SMARTAG2 1.2.0
2026-09-08 17:06:57,757 [INFO] ThirdParty:1030 - CMSIS Pack Vendor :STMicroelectronics FP-SNS-FLIGHT1 5.1.0
2026-09-08 17:06:57,757 [INFO] ThirdParty:1030 - CMSIS Pack Vendor :STMicroelectronics X-CUBE-MEMS1 11.1.0
2026-09-08 17:06:57,757 [INFO] ThirdParty:1030 - CMSIS Pack Vendor :STMicroelectronics X-CUBE-AZRTOS-WL 2.0.0
2026-09-08 17:06:57,758 [INFO] ThirdParty:1030 - CMSIS Pack Vendor :STMicroelectronics X-CUBE-DPower 1.3.0
2026-09-08 17:06:57,758 [INFO] ThirdParty:1030 - CMSIS Pack Vendor :STMicroelectronics FP-SNS-MOTENV1 5.0.0
2026-09-08 17:06:57,758 [INFO] ThirdParty:1030 - CMSIS Pack Vendor :STMicroelectronics USB_DEVICE 1.0.0
2026-09-08 17:06:57,758 [INFO] ThirdParty:1030 - CMSIS Pack Vendor :STMicroelectronics X-CUBE-AZRTOS-H7RS 1.2.0
2026-09-08 17:06:57,758 [INFO] ThirdParty:1030 - CMSIS Pack Vendor :STMicroelectronics X-CUBE-AZRTOS-L4 2.0.0
2026-09-08 17:06:57,758 [INFO] ThirdParty:1030 - CMSIS Pack Vendor :STMicroelectronics ThreadX 0.0.2
2026-09-08 17:06:57,758 [INFO] ThirdParty:1030 - CMSIS Pack Vendor :WES I-CUBE-Cesium 1.3.0
2026-09-08 17:06:57,758 [INFO] ThirdParty:1030 - CMSIS Pack Vendor :STMicroelectronics lwIP 2.1.2
2026-09-08 17:06:57,758 [INFO] ThirdParty:1030 - CMSIS Pack Vendor :STMicroelectronics X-CUBE-SFXS2LP1 4.0.0
2026-09-08 17:06:57,758 [INFO] ThirdParty:1030 - CMSIS Pack Vendor :STMicroelectronics X-CUBE-BLE2 3.3.0
2026-09-08 17:06:57,758 [INFO] ThirdParty:1030 - CMSIS Pack Vendor :Avnet-IOTCONNECT X-CUBE-iotc-st67-sdk 1.0.0
2026-09-08 17:06:57,758 [INFO] ThirdParty:1030 - CMSIS Pack Vendor :STMicroelectronics PDM2PCM 3.2.0
2026-09-08 17:06:57,758 [INFO] ThirdParty:1030 - CMSIS Pack Vendor :STMicroelectronics X-CUBE-WB05N 2.1.0
2026-09-08 17:06:57,758 [INFO] ThirdParty:1030 - CMSIS Pack Vendor :STMicroelectronics X-CUBE-ST67W61 1.2.0
2026-09-08 17:06:57,758 [INFO] ThirdParty:1030 - CMSIS Pack Vendor :STMicroelectronics X-CUBE-AZRTOS-H7 3.3.0
2026-09-08 17:06:57,758 [INFO] ThirdParty:1030 - CMSIS Pack Vendor :STMicroelectronics X-CUBE-NFC9 1.0.0
2026-09-08 17:06:57,758 [INFO] ThirdParty:1030 - CMSIS Pack Vendor :STMicroelectronics X-CUBE-BLE1 7.1.0
2026-09-08 17:06:57,758 [INFO] ThirdParty:1030 - CMSIS Pack Vendor :wolfSSL I-CUBE-wolfMQTT 1.19.2
2026-09-08 17:06:57,758 [INFO] ThirdParty:1030 - CMSIS Pack Vendor :STMicroelectronics USB_DEVICE 3.0.0
2026-09-08 17:06:57,758 [INFO] ThirdParty:1030 - CMSIS Pack Vendor :STMicroelectronics X-CUBE-FREERTOS 1.4.0
2026-09-08 17:06:57,758 [INFO] ThirdParty:1030 - CMSIS Pack Vendor :STMicroelectronics X-CUBE-EEPRMA1 5.2.0
2026-09-08 17:06:57,758 [INFO] ThirdParty:1030 - CMSIS Pack Vendor :STMicroelectronics X-CUBE-BLEMGR 4.1.0
2026-09-08 17:06:57,758 [INFO] ThirdParty:1030 - CMSIS Pack Vendor :STMicroelectronics X-CUBE-AZRTOS-WB 2.0.0
2026-09-08 17:06:57,758 [INFO] ThirdParty:1030 - CMSIS Pack Vendor :STMicroelectronics X-CUBE-GNSS1 7.0.1
2026-09-08 17:06:57,758 [INFO] ThirdParty:1030 - CMSIS Pack Vendor :STMicroelectronics X-CUBE-TOUCHGFX 4.25.0
2026-09-08 17:06:57,758 [INFO] ThirdParty:1030 - CMSIS Pack Vendor :STMicroelectronics X-CUBE-ST67W61 1.1.0
2026-09-08 17:06:57,758 [INFO] ThirdParty:1030 - CMSIS Pack Vendor :STMicroelectronics X-CUBE-AI 10.1.0
2026-09-08 17:06:57,758 [INFO] ThirdParty:1030 - CMSIS Pack Vendor :STMicroelectronics FP-SNS-STBOX1 2.0.0
2026-09-08 17:06:57,758 [INFO] ThirdParty:1030 - CMSIS Pack Vendor :STMicroelectronics FP-SNS-STAIOTCFT 1.1.0
2026-09-08 17:06:57,758 [INFO] ThirdParty:1030 - CMSIS Pack Vendor :STMicroelectronics X-CUBE-MEMS1 12.0.0
2026-09-08 17:06:57,758 [INFO] ThirdParty:1030 - CMSIS Pack Vendor :STMicroelectronics X-CUBE-STSE01 2.0.0
2026-09-08 17:06:57,758 [INFO] ThirdParty:1030 - CMSIS Pack Vendor :STMicroelectronics X-CUBE-AZRTOS-G0 1.1.0
2026-09-08 17:06:57,758 [INFO] ThirdParty:1030 - CMSIS Pack Vendor :STMicroelectronics X-CUBE-SAFEA1 1.2.2
2026-09-08 17:06:57,758 [INFO] ThirdParty:1030 - CMSIS Pack Vendor :STMicroelectronics X-CUBE-NFC4 3.0.0
2026-09-08 17:06:57,758 [INFO] ThirdParty:1030 - CMSIS Pack Vendor :STMicroelectronics X-CUBE-SUBG2 5.0.0
2026-09-08 17:06:57,758 [INFO] ThirdParty:1030 - CMSIS Pack Vendor :STMicroelectronics X-CUBE-AZRTOS-H7RS 1.1.0
2026-09-08 17:06:57,758 [INFO] ThirdParty:1030 - CMSIS Pack Vendor :STMicroelectronics STM32_WPAN 1.0.0
2026-09-08 17:06:57,758 [INFO] ThirdParty:1030 - CMSIS Pack Vendor :EmbeddedOffice I-CUBE-FS-RTOS 1.0.1
2026-09-08 17:06:57,758 [INFO] ThirdParty:1030 - CMSIS Pack Vendor :STMicroelectronics lwIP 2.0.3
2026-09-08 17:06:57,758 [INFO] ThirdParty:1030 - CMSIS Pack Vendor :Cesanta I-CUBE-Mongoose 7.13.0
2026-09-08 17:06:57,758 [INFO] ThirdParty:1030 - CMSIS Pack Vendor :STMicroelectronics USB_HOST 1.0.0
2026-09-08 17:06:57,758 [INFO] ThirdParty:1030 - CMSIS Pack Vendor :STMicroelectronics X-CUBE-AZRTOS-G4 2.0.0
2026-09-08 17:06:57,758 [INFO] ThirdParty:1030 - CMSIS Pack Vendor :STMicroelectronics X-CUBE-WB05N 2.0.0
2026-09-08 17:06:57,758 [INFO] ThirdParty:1030 - CMSIS Pack Vendor :STMicroelectronics PDM2PCM 3.1.0
2026-09-08 17:06:57,758 [INFO] ThirdParty:1030 - CMSIS Pack Vendor :wolfSSL I-CUBE-wolfTPM 3.8.0
2026-09-08 17:06:57,758 [INFO] ThirdParty:1030 - CMSIS Pack Vendor :wolfSSL I-CUBE-wolfSSH 1.4.20
2026-09-08 17:06:57,758 [INFO] ThirdParty:1030 - CMSIS Pack Vendor :STMicroelectronics X-CUBE-NFC7 2.0.0
2026-09-08 17:06:57,758 [INFO] ThirdParty:1030 - CMSIS Pack Vendor :STMicroelectronics X-CUBE-TCPP 4.2.0
2026-09-08 17:06:57,758 [INFO] ThirdParty:1030 - CMSIS Pack Vendor :RealThread X-CUBE-RT-Thread_Nano 4.1.1
2026-09-08 17:06:57,758 [INFO] ThirdParty:1030 - CMSIS Pack Vendor :STMicroelectronics FP-ATR-SIGFOX1 3.2.0
2026-09-08 17:06:57,758 [INFO] ThirdParty:1030 - CMSIS Pack Vendor :quantropi X-CUBE-qispace-sdk-base 1.9.3
2026-09-08 17:06:57,758 [INFO] ThirdParty:1030 - CMSIS Pack Vendor :STMicroelectronics X-CUBE-EEPRMA1 5.1.0
2026-09-08 17:06:57,758 [INFO] ThirdParty:1030 - CMSIS Pack Vendor :STMicroelectronics X-CUBE-FREERTOS 1.5.0
2026-09-08 17:06:57,758 [INFO] ThirdParty:1030 - CMSIS Pack Vendor :STMicroelectronics MBEDTLS 2.16.2
2026-09-08 17:06:57,758 [INFO] ThirdParty:1030 - CMSIS Pack Vendor :STMicroelectronics X-CUBE-IPS 3.1.0
2026-09-08 17:06:57,758 [INFO] ThirdParty:1030 - CMSIS Pack Vendor :STMicroelectronics X-CUBE-ALS 1.0.2
2026-09-08 17:06:57,758 [INFO] ThirdParty:1030 - CMSIS Pack Vendor :wolfSSL I-CUBE-wolfSSL 5.7.6
2026-09-08 17:06:57,758 [INFO] ThirdParty:1030 - CMSIS Pack Vendor :ITTIA_DB I-CUBE-ITTIADB 8.9.0
2026-09-08 17:06:57,758 [INFO] ThirdParty:1030 - CMSIS Pack Vendor :STMicroelectronics X-CUBE-TOUCHGFX 4.24.2
2026-09-08 17:06:57,758 [INFO] ThirdParty:1030 - CMSIS Pack Vendor :STMicroelectronics X-CUBE-STSE01 1.0.0
2026-09-08 17:06:57,758 [INFO] ThirdParty:1030 - CMSIS Pack Vendor :portGmbH I-Cube-SoM-uGOAL 1.1.0
2026-09-08 17:06:57,758 [INFO] ThirdParty:1030 - CMSIS Pack Vendor :STMicroelectronics X-CUBE-NFC6 3.2.0
2026-09-08 17:06:57,758 [INFO] ThirdParty:1030 - CMSIS Pack Vendor :STMicroelectronics X-CUBE-ST67W61 1.0.0
2026-09-08 17:06:57,758 [INFO] ThirdParty:1030 - CMSIS Pack Vendor :STMicroelectronics X-CUBE-AI 10.2.1
2026-09-08 17:06:57,758 [INFO] ThirdParty:1030 - CMSIS Pack Vendor :STMicroelectronics X-CUBE-AI 10.2.0
2026-09-08 17:06:57,758 [INFO] ThirdParty:1030 - CMSIS Pack Vendor :STMicroelectronics ThreadX 1.0.0
2026-09-08 17:06:57,758 [INFO] ThirdParty:1030 - CMSIS Pack Vendor :STMicroelectronics X-CUBE-MEMS1 12.1.0
2026-09-08 17:06:57,758 [INFO] ThirdParty:1030 - CMSIS Pack Vendor :SEGGER I-CUBE-embOS 1.3.1
2026-09-08 17:06:57,758 [INFO] ThirdParty:1030 - CMSIS Pack Vendor :STMicroelectronics X-CUBE-ALGOBUILD 1.4.0
2026-09-08 17:06:57,758 [INFO] ThirdParty:1030 - CMSIS Pack Vendor :STMicroelectronics X-CUBE-MEMS1 11.3.0
2026-09-08 17:06:57,758 [INFO] ThirdParty:1030 - CMSIS Pack Vendor :STMicroelectronics X-CUBE-AZRTOS-H7RS 1.0.0
2026-09-08 17:06:57,758 [INFO] ThirdParty:1030 - CMSIS Pack Vendor :STMicroelectronics X-CUBE-TOF1 3.4.2
2026-09-08 17:06:57,758 [INFO] ThirdParty:1030 - CMSIS Pack Vendor :STMicroelectronics X-CUBE-TOF1 3.4.3
2026-09-08 17:06:57,758 [INFO] ThirdParty:1030 - CMSIS Pack Vendor :STMicroelectronics X-CUBE-AI 9.1.0
2026-09-08 17:06:57,758 [INFO] ThirdParty:1030 - CMSIS Pack Vendor :STMicroelectronics X-CUBE-NFC13 1.0.0
2026-09-08 17:06:57,758 [INFO] ThirdParty:841 - exiting critical section [change project]
2026-09-08 17:06:58,003 [INFO] PinOutPanel:1589 - setPackage(No Configuration,No Configuration)
2026-09-08 17:06:58,004 [INFO] PinOutPanel:1589 - setPackage(STM32G431KBUx,UFQFPN32)
2026-09-08 17:06:58,411 [INFO] UtilMem:75 - Before build in PCC Used Memory: 435685376 Bytes (490733568)
2026-09-08 17:06:59,283 [INFO] UtilMem:75 - After build in PCC Used Memory: 351742280 Bytes (490733568)
2026-09-08 17:06:59,307 [INFO] IPUIPlugin:80 - create IPUIPlugin
2026-09-08 17:06:59,307 [INFO] IPUIPlugin:80 - create IPUIPlugin
2026-09-08 17:06:59,307 [INFO] IPUIPlugin:80 - create IPUIPlugin
2026-09-08 17:06:59,307 [INFO] IPUIPlugin:80 - create IPUIPlugin
2026-09-08 17:06:59,307 [INFO] IPUIPlugin:80 - create IPUIPlugin
2026-09-08 17:06:59,307 [INFO] IPUIPlugin:80 - create IPUIPlugin
2026-09-08 17:06:59,307 [INFO] IPUIPlugin:80 - create IPUIPlugin
2026-09-08 17:06:59,307 [INFO] IPUIPlugin:80 - create IPUIPlugin
2026-09-08 17:06:59,307 [INFO] IPUIPlugin:80 - create IPUIPlugin
2026-09-08 17:06:59,307 [INFO] IPUIPlugin:80 - create IPUIPlugin
2026-09-08 17:06:59,307 [INFO] IPUIPlugin:80 - create IPUIPlugin
2026-09-08 17:06:59,307 [INFO] IPUIPlugin:80 - create IPUIPlugin
2026-09-08 17:06:59,307 [INFO] IPUIPlugin:80 - create IPUIPlugin
2026-09-08 17:06:59,307 [INFO] IPUIPlugin:80 - create IPUIPlugin
2026-09-08 17:06:59,307 [INFO] IPUIPlugin:80 - create IPUIPlugin
2026-09-08 17:06:59,308 [INFO] IPUIPlugin:80 - create IPUIPlugin
2026-09-08 17:06:59,308 [INFO] IPUIPlugin:80 - create IPUIPlugin
2026-09-08 17:06:59,308 [INFO] IPUIPlugin:80 - create IPUIPlugin
2026-09-08 17:06:59,308 [INFO] IPUIPlugin:80 - create IPUIPlugin
2026-09-08 17:06:59,308 [INFO] IPUIPlugin:80 - create IPUIPlugin
2026-09-08 17:06:59,308 [INFO] IPUIPlugin:80 - create IPUIPlugin
2026-09-08 17:06:59,308 [INFO] IPUIPlugin:80 - create IPUIPlugin
2026-09-08 17:06:59,308 [INFO] IPUIPlugin:80 - create IPUIPlugin
2026-09-08 17:06:59,308 [INFO] IPUIPlugin:80 - create IPUIPlugin
2026-09-08 17:06:59,308 [INFO] IPUIPlugin:80 - create IPUIPlugin
2026-09-08 17:06:59,308 [INFO] IPUIPlugin:80 - create IPUIPlugin
2026-09-08 17:06:59,308 [INFO] IPUIPlugin:80 - create IPUIPlugin
2026-09-08 17:06:59,308 [INFO] IPUIPlugin:80 - create IPUIPlugin
2026-09-08 17:06:59,309 [INFO] IPUIPlugin:80 - create IPUIPlugin
2026-09-08 17:06:59,309 [INFO] IPUIPlugin:80 - create IPUIPlugin
2026-09-08 17:06:59,309 [INFO] IPUIPlugin:80 - create IPUIPlugin
2026-09-08 17:06:59,309 [INFO] IPUIPlugin:80 - create IPUIPlugin
2026-09-08 17:06:59,309 [INFO] IPUIPlugin:80 - create IPUIPlugin
2026-09-08 17:06:59,309 [INFO] IPUIPlugin:80 - create IPUIPlugin
2026-09-08 17:06:59,309 [INFO] IPUIPlugin:80 - create IPUIPlugin
2026-09-08 17:06:59,309 [INFO] IPUIPlugin:80 - create IPUIPlugin
2026-09-08 17:06:59,309 [INFO] IPUIPlugin:80 - create IPUIPlugin
2026-09-08 17:06:59,309 [INFO] IPUIPlugin:80 - create IPUIPlugin
2026-09-08 17:06:59,309 [INFO] IPUIPlugin:80 - create IPUIPlugin
2026-09-08 17:06:59,309 [INFO] IPUIPlugin:80 - create IPUIPlugin
2026-09-08 17:06:59,309 [INFO] IPUIPlugin:80 - create IPUIPlugin
2026-09-08 17:06:59,309 [INFO] IPUIPlugin:80 - create IPUIPlugin
2026-09-08 17:06:59,309 [INFO] IPUIPlugin:80 - create IPUIPlugin
2026-09-08 17:06:59,310 [INFO] IPUIPlugin:80 - create IPUIPlugin
2026-09-08 17:06:59,310 [INFO] IPUIPlugin:80 - create IPUIPlugin
2026-09-08 17:06:59,310 [INFO] IPUIPlugin:80 - create IPUIPlugin
2026-09-08 17:06:59,310 [INFO] IPUIPlugin:80 - create IPUIPlugin
2026-09-08 17:06:59,310 [INFO] IPUIPlugin:80 - create IPUIPlugin
2026-09-08 17:06:59,310 [INFO] IPUIPlugin:80 - create IPUIPlugin
2026-09-08 17:06:59,310 [INFO] IPUIPlugin:80 - create IPUIPlugin
2026-09-08 17:06:59,310 [INFO] IPUIPlugin:80 - create IPUIPlugin
2026-09-08 17:06:59,310 [INFO] IPUIPlugin:80 - create IPUIPlugin
2026-09-08 17:06:59,310 [INFO] IPUIPlugin:80 - create IPUIPlugin
2026-09-08 17:06:59,310 [INFO] IPUIPlugin:80 - create IPUIPlugin
2026-09-08 17:06:59,311 [INFO] IPUIPlugin:80 - create IPUIPlugin
2026-09-08 17:06:59,311 [INFO] IPUIPlugin:80 - create IPUIPlugin
2026-09-08 17:06:59,333 [WARN] IP:2250 - MessageRAMOffset not found: check if there is a RefParameter without a condition.
2026-09-08 17:06:59,333 [WARN] IP:2250 - RxFifo0ElmtsNbr not found: check if there is a RefParameter without a condition.
2026-09-08 17:06:59,333 [WARN] IP:2250 - RxFifo0ElmtSize not found: check if there is a RefParameter without a condition.
2026-09-08 17:06:59,333 [WARN] IP:2250 - RxFifo1ElmtsNbr not found: check if there is a RefParameter without a condition.
2026-09-08 17:06:59,333 [WARN] IP:2250 - RxFifo1ElmtSize not found: check if there is a RefParameter without a condition.
2026-09-08 17:06:59,333 [WARN] IP:2250 - RxBuffersNbr not found: check if there is a RefParameter without a condition.
2026-09-08 17:06:59,333 [WARN] IP:2250 - RxBufferSize not found: check if there is a RefParameter without a condition.
2026-09-08 17:06:59,333 [WARN] IP:2250 - TxEventsNbr not found: check if there is a RefParameter without a condition.
2026-09-08 17:06:59,333 [WARN] IP:2250 - TxBuffersNbr not found: check if there is a RefParameter without a condition.
2026-09-08 17:06:59,333 [WARN] IP:2250 - TxFifoQueueElmtsNbr not found: check if there is a RefParameter without a condition.
2026-09-08 17:06:59,333 [WARN] IP:2250 - TxElmtSize not found: check if there is a RefParameter without a condition.
2026-09-08 17:06:59,333 [WARN] IP:2250 - ClockCalibrationCCU not found: check if there is a RefParameter without a condition.
2026-09-08 17:06:59,333 [WARN] IP:2250 - ClockDividerCCU not found: check if there is a RefParameter without a condition.
2026-09-08 17:06:59,333 [WARN] IP:2250 - MinOscClkPeriodsCCU not found: check if there is a RefParameter without a condition.
2026-09-08 17:06:59,333 [WARN] IP:2250 - TimeQuantaPerBitTimeCCU not found: check if there is a RefParameter without a condition.
2026-09-08 17:06:59,333 [WARN] IP:2250 - WatchdogStartValueCCU not found: check if there is a RefParameter without a condition.
2026-09-08 17:06:59,338 [INFO] LogOutputStream:77 - [STDOUT_REDIRECT] Nominal 
2026-09-08 17:06:59,339 [INFO] Can:71 - Can Add PropertyChangeListener com.st.microxplorer.plugins.ip.can.Can@6e7aa10e
2026-09-08 17:06:59,570 [INFO] CADModel:165 - CPN selected for project levelSTM32G431KBU3
2026-09-08 17:06:59,570 [INFO] CADModel:114 - Register for checkConnection events
2026-09-08 17:06:59,624 [INFO] OpenFileManager:386 - Restore cursor
2026-09-08 17:06:59,841 [WARN] IP:2250 - MessageRAMOffset not found: check if there is a RefParameter without a condition.
2026-09-08 17:06:59,841 [WARN] IP:2250 - RxFifo0ElmtsNbr not found: check if there is a RefParameter without a condition.
2026-09-08 17:06:59,841 [WARN] IP:2250 - RxFifo0ElmtSize not found: check if there is a RefParameter without a condition.
2026-09-08 17:06:59,841 [WARN] IP:2250 - RxFifo1ElmtsNbr not found: check if there is a RefParameter without a condition.
2026-09-08 17:06:59,841 [WARN] IP:2250 - RxFifo1ElmtSize not found: check if there is a RefParameter without a condition.
2026-09-08 17:06:59,841 [WARN] IP:2250 - RxBuffersNbr not found: check if there is a RefParameter without a condition.
2026-09-08 17:06:59,841 [WARN] IP:2250 - RxBufferSize not found: check if there is a RefParameter without a condition.
2026-09-08 17:06:59,841 [WARN] IP:2250 - TxEventsNbr not found: check if there is a RefParameter without a condition.
2026-09-08 17:06:59,841 [WARN] IP:2250 - TxBuffersNbr not found: check if there is a RefParameter without a condition.
2026-09-08 17:06:59,841 [WARN] IP:2250 - TxFifoQueueElmtsNbr not found: check if there is a RefParameter without a condition.
2026-09-08 17:06:59,841 [WARN] IP:2250 - TxElmtSize not found: check if there is a RefParameter without a condition.
2026-09-08 17:06:59,841 [WARN] IP:2250 - ClockCalibrationCCU not found: check if there is a RefParameter without a condition.
2026-09-08 17:06:59,841 [WARN] IP:2250 - ClockDividerCCU not found: check if there is a RefParameter without a condition.
2026-09-08 17:06:59,841 [WARN] IP:2250 - MinOscClkPeriodsCCU not found: check if there is a RefParameter without a condition.
2026-09-08 17:06:59,842 [WARN] IP:2250 - TimeQuantaPerBitTimeCCU not found: check if there is a RefParameter without a condition.
2026-09-08 17:06:59,842 [WARN] IP:2250 - WatchdogStartValueCCU not found: check if there is a RefParameter without a condition.
2026-09-08 17:07:24,078 [INFO] MainUpdater:2872 - connection check result : 10
2026-09-08 17:07:24,084 [INFO] McuFinderGlobals:76 - Set McuFinderConnectedMode to true
2026-09-08 17:07:24,528 [INFO] ServerAccessManage:452 - Complete download http(s) 200
2026-09-08 17:07:24,528 [INFO] ServerAccessManage:509 - Download File mcusAds.json._tmp_
2026-09-08 17:07:24,644 [INFO] LoadUrlFilesThread:156 - End of LoadUrlFiles Thread
2026-09-08 17:07:24,934 [INFO] ServerAccessManage:452 - Complete download http(s) 200
2026-09-08 17:07:24,934 [INFO] ServerAccessManage:509 - Download File cube-finder-db.zip
2026-09-08 17:07:28,983 [INFO] FileExtend:248 - Unzip File : cube-finder-db.zip
2026-09-08 17:07:28,983 [INFO] FileExtend:263 - Standard Zip Deflate
2026-09-08 17:07:29,411 [INFO] LoadUrlFilesThread:156 - End of LoadUrlFiles Thread
2026-09-08 17:07:29,664 [ERROR] ServerAccessManage:1295 - Problem during Server Connection :  IO error PKIX path building failed: sun.security.provider.certpath.SunCertPathBuilderException: unable to find valid certification path to requested target
2026-09-08 17:07:29,665 [ERROR] ServerAccessManage:740 - Problem during Server Connection :  : crdb.zip.
2026-09-08 17:07:33,312 [INFO] LoadUrlFilesThread:156 - End of LoadUrlFiles Thread
2026-09-08 17:07:34,512 [INFO] DbMcusAds:53 - JSON generation date=Wed Jul 15 11:44:54 CEST 2026 (1784108694001)
2026-09-08 17:07:34,515 [INFO] ApiDb:448 - Save user favorites file C:\Users\szymo/.stm32cubeide/favorites.mcus.txt: 1 item(s)
2026-09-08 17:07:34,515 [INFO] ApiDb:452 - User favorites MCUs=[STM32C011D6Y3TR]
2026-09-08 17:07:34,529 [INFO] ApiDb:581 - Connected to CubeFinder SQLite database (C:\Users\szymo\.stmcufinder\plugins\mcufinder\mcu\cube-finder-db.db)
2026-09-08 17:07:34,585 [INFO] ApiDb:668 - CubeFinder database Data Model version=2.1
2026-09-08 17:07:34,586 [INFO] ApiDb:669 - CubeFinder database Configuration version=3.0.42
2026-09-08 17:07:34,586 [INFO] ApiDb:670 - CubeFinder database generation date=2026-08-04 (1785840812)
2026-09-08 17:07:34,586 [INFO] ApiDb:671 - CubeFinder database FW Pack versions=[FP-ATR-ASTRA1_V2.0.0, FP-SNS-FLIGHT1_V5.1.0, FP-SNS-MOTENV1_V5.1.0, FP-SNS-MOTENVWB1_V1.5.0, FP-SNS-SMARTAG2_V1.2.0, FP-SNS-STBOX1_V2.1.0, STM32Cube_FW_C0_V1.4.1, STM32Cube_FW_F4_V1.28.3, STM32Cube_FW_F7_V1.17.4, STM32Cube_FW_G0_V1.6.3, STM32Cube_FW_G4_V1.6.2, STM32Cube_FW_H5_V1.7.0, STM32Cube_FW_H7RS_V1.3.0, STM32Cube_FW_H7_V1.13.0, STM32Cube_FW_L0_V1.12.2, STM32Cube_FW_L4_V1.18.2, STM32Cube_FW_L5_V1.6.0, STM32Cube_FW_N6_V1.4.0, STM32Cube_FW_U0_V1.3.0, STM32Cube_FW_U3_V1.4.0, STM32Cube_FW_U5_V1.9.0, STM32Cube_FW_WB0_V1.5.0, STM32Cube_FW_WBA_V1.10.0, STM32Cube_FW_WB_V1.24.0, STM32Cube_FW_WL3_V1.5.0, STM32Cube_FW_WL_V1.6.0, X-CUBE-ALGOBUILD_V1.5.0, X-CUBE-ALS_V1.0.2, X-CUBE-AZRTOS-F4_V1.1.0, X-CUBE-AZRTOS-F7_V1.1.0, X-CUBE-AZRTOS-G0_V1.1.0, X-CUBE-AZRTOS-G4_V2.0.0, X-CUBE-AZRTOS-H7RS_V1.3.0, X-CUBE-AZRTOS-H7_V3.5.0, X-CUBE-AZRTOS-L4_V2.0.0, X-CUBE-AZRTOS-L5_V2.0.0, X-CUBE-AZRTOS-WB_V2.0.0, X-CUBE-AZRTOS-WL_V2.0.0, X-CUBE-BLE1_V7.1.0, X-CUBE-BLE2_V3.3.0, X-CUBE-BLEMGR_V4.2.0, X-CUBE-EEPRMA1_V5.2.0, X-CUBE-FREERTOS_V1.6.0, X-CUBE-GNSS1_V7.1.1, X-CUBE-MEMS1_V13.0.0, X-CUBE-NFC4_V3.0.0, X-CUBE-NFC7_V2.0.0, X-CUBE-SFXS2LP1_V4.0.0, X-CUBE-ST67W61_V1.3.0, X-CUBE-SUBG2_V5.0.0, X-CUBE-TOF1_V3.4.3]
2026-09-08 17:07:35,626 [INFO] ApiDb:240 - Found 880 in-development CPN: [B-G473E-ZEST1S, B-WB1M-WPAN1, B-WBA5M-WPAN, B-WL5M-SUBG1, NUCLEO-C031C6, NUCLEO-C051C8, NUCLEO-C071RB, NUCLEO-C092RC, NUCLEO-H503RB, NUCLEO-H533RE, NUCLEO-H563ZI, NUCLEO-H7S3L8, NUCLEO-N657X0-Q, NUCLEO-U031R8, NUCLEO-U083RC, NUCLEO-U385RG-Q, NUCLEO-U545RE-Q, NUCLEO-U5A5ZJ-Q, NUCLEO-WB05KZ, NUCLEO-WB07CC, NUCLEO-WB09KE, NUCLEO-WBA52CG, NUCLEO-WBA55CG, NUCLEO-WL33CC1, NUCLEO-WL33CC2, STEVAL-PROTEUS1, STEVAL-SMARTAG2, STEVAL-STWINBX1, STM320518-EVAL, STM32C0116-DK, STM32C011D6Y3TR, STM32C011D6Y6TR, STM32C011F4P3, STM32C011F4P6, STM32C011F4U3, STM32C011F4U6TR, STM32C011F6P3, STM32C011F6P6, STM32C011F6U3, STM32C011F6U6TR, STM32C011J4M3, STM32C011J4M6, STM32C011J6M3, STM32C011J6M6, STM32C0316-DK, STM32C031C4T3, STM32C031C4T6, STM32C031C4U3, STM32C031C4U6, STM32C031C6T3, STM32C031C6T6, STM32C031C6U3, STM32C031C6U6, STM32C031F4P3, STM32C031F4P6, STM32C031F6P3, STM32C031F6P6, STM32C031G4U3, STM32C031G4U6, STM32C031G6U3, STM32C031G6U6, STM32C031K4T3, STM32C031K4T6, STM32C031K4U3, STM32C031K4U6, STM32C031K6T3, STM32C031K6T6, STM32C031K6U3, STM32C031K6U6, STM32C051C6T6, STM32C051C6U6, STM32C051C8T6, STM32C051C8U6, STM32C051D8Y6TR, STM32C051F6P6, STM32C051F8P6, STM32C051G6U6, STM32C051G8U6, STM32C051K6T6, STM32C051K6U6, STM32C051K8T6, STM32C071C8T6, STM32C071C8T6N, STM32C071C8U6, STM32C071C8U6N, STM32C071CBT6, STM32C071CBT6N, STM32C071CBU6, STM32C071CBU6N, STM32C071F8P6, STM32C071F8P6N, STM32C071FBP6, STM32C071FBP6N, STM32C071FBY6TR, STM32C071G8U6, STM32C071G8U6N, STM32C071GBU6, STM32C071GBU6N, STM32C071K8T6, STM32C071K8T6N, STM32C071K8U6, STM32C071K8U6N, STM32C071KBT6, STM32C071KBT6N, STM32C071KBU6, STM32C071KBU6N, STM32C071R8T6, STM32C071R8T6N, STM32C071RBI6N, STM32C071RBT6, STM32C071RBT6N, STM32C091CBT6, STM32C091CBU6, STM32C091CCT6, STM32C091CCU6, STM32C091ECY6TR, STM32C091FBP6, STM32C091FCP6, STM32C091GBU6, STM32C091GCU6, STM32C091KBT6, STM32C091KBU6, STM32C091KCT6, STM32C091KCU6, STM32C091RBT6, STM32C091RCI6, STM32C091RCT6, STM32C092CBT6, STM32C092CBU6, STM32C092CCT6, STM32C092CCU6, STM32C092ECY6TR, STM32C092FBP6, STM32C092FCP6, STM32C092GBU6, STM32C092GCU6, STM32C092KBT6, STM32C092KBU6, STM32C092KCT6, STM32C092KCU6, STM32C092RBT6, STM32C092RCI6, STM32C092RCT6, STM32G071K8TXN, STM32G071K8UXN, STM32G081GBU6N, STM32G081KBT6N, STM32G081KBUXN, STM32G0B1CCT6N, STM32G0B1KCT6, STM32G0B1NEY6TR, STM32G0B1RCT6N, STM32G0C1CCT6, STM32G0C1CCT6N, STM32G0C1CCU6N, STM32G0C1CET6N, STM32G0C1CEU6N, STM32G0C1KCT6, STM32G0C1NEY6TR, STM32G0C1RCI6N, STM32G0C1RCT6N, STM32G0C1REI6N, STM32G0C1RET6N, STM32G0C1VCI6, STM32G0C1VEI6, STM32G411C6T3, STM32G411C6T6, STM32G411C6U3, STM32G411C6U6, STM32G411C8T3, STM32G411C8T6, STM32G411C8U3, STM32G411C8U6, STM32G411CBT3, STM32G411CBT6, STM32G411CBU3, STM32G411CBU6, STM32G411K6T3, STM32G411K6T6, STM32G411K6U3, STM32G411K6U6, STM32G411K8T3, STM32G411K8T6, STM32G411K8U3, STM32G411K8U6, STM32G411KBT3, STM32G411KBT6, STM32G411KBU3, STM32G411KBU6, STM32G411M6T3, STM32G411M6T6, STM32G411M8T3, STM32G411M8T6, STM32G411MBT3, STM32G411MBT6, STM32G411R6T3, STM32G411R6T6, STM32G411R8T3, STM32G411R8T6, STM32G411RBT3, STM32G411RBT6, STM32G414CBT3, STM32G414CBT6, STM32G414CBU3, STM32G414CBU6, STM32G414CCT3, STM32G414CCT6, STM32G414CCU3, STM32G414CCU6, STM32G414MBT3, STM32G414MBT6, STM32G414MCT3, STM32G414MCT6, STM32G414RBT3, STM32G414RBT6, STM32G414RCT3, STM32G414RCT6, STM32G414VBT3, STM32G414VBT6, STM32G414VCT3, STM32G414VCT6, STM32G431CBT3Z, STM32G431RBT3Z, STM32G471CCT6, STM32G471CCU6, STM32G471CET3, STM32G471CET6, STM32G471CEU3, STM32G471CEU6, STM32G471MCT6, STM32G471MET3, STM32G471MET6, STM32G471MEY6TR, STM32G471QCT6, STM32G471QET3, STM32G471RCT6, STM32G471RET3, STM32G471RET6, STM32G471VCH6, STM32G471VCI6, STM32G471VCT6, STM32G471VEH3, STM32G471VEH6, STM32G471VEI3, STM32G471VEI6, STM32G471VET3, STM32G471VET6, STM32G473QET3Z, STM32G473RET3Z, STM32G474CCT6, STM32G491RET3Z, STM32H503CBT6, STM32H503CBU6, STM32H503EBY6TR, STM32H503KBU6, STM32H503RBT6, STM32H523CCT6, STM32H523CCU6, STM32H523CET6, STM32H523CEU6, STM32H523HEY6TR, STM32H523RCT6, STM32H523RET6, STM32H523VCI6, STM32H523VCT6, STM32H523VEI6, STM32H523VET6, STM32H523ZCJ6, STM32H523ZCT6, STM32H523ZEJ6, STM32H523ZET6, STM32H533CET6, STM32H533CEU6, STM32H533HEY6TR, STM32H533RET6, STM32H533VEI6, STM32H533VET6, STM32H533ZEJ6, STM32H533ZET6, STM32H562AGI6, STM32H562AII6, STM32H562IGK6, STM32H562IGT6, STM32H562IIK6, STM32H562IIT6, STM32H562RGT6, STM32H562RGV6, STM32H562RIT6, STM32H562RIV6, STM32H562VGT6, STM32H562VIT6, STM32H562ZGT6, STM32H562ZIT6, STM32H563AGI6, STM32H563AII3Q, STM32H563AII6, STM32H563IGK6, STM32H563IGT6, STM32H563IIK3Q, STM32H563IIK6, STM32H563IIT3Q, STM32H563IIT6, STM32H563MIY3QTR, STM32H563RGT6, STM32H563RGV6, STM32H563RIT6, STM32H563RIV6, STM32H563VGT6, STM32H563VIT3Q, STM32H563VIT6, STM32H563ZGT6, STM32H563ZIT3Q, STM32H563ZIT6, STM32H573AII3Q, STM32H573AII6, STM32H573I-DK, STM32H573IIK3Q, STM32H573IIK6, STM32H573IIT3Q, STM32H573IIT6, STM32H573MIY3QTR, STM32H573RIT6, STM32H573RIV6, STM32H573VIT3Q, STM32H573VIT6, STM32H573ZIT3Q, STM32H573ZIT6, STM32H7R3A8I6, STM32H7R3I8K6, STM32H7R3I8T6, STM32H7R3L8H6, STM32H7R3L8H6H, STM32H7R3R8V6, STM32H7R3V8H6, STM32H7R3V8T6, STM32H7R3V8Y6TR, STM32H7R3Z8J6, STM32H7R3Z8T6, STM32H7R7A8I6, STM32H7R7I8K6, STM32H7R7I8T6, STM32H7R7L8H6, STM32H7R7L8H6H, STM32H7R7Z8J6, STM32H7S3A8I6, STM32H7S3I8K6, STM32H7S3I8T6, STM32H7S3L8H6, STM32H7S3L8H6H, STM32H7S3R8V6, STM32H7S3V8H6, STM32H7S3V8T6, STM32H7S3V8Y6TR, STM32H7S3Z8J6, STM32H7S3Z8T6, STM32H7S78-DK, STM32H7S7A8I6, STM32H7S7I8K6, STM32H7S7I8T6, STM32H7S7L8H6, STM32H7S7L8H6H, STM32H7S7Z8J6, STM32L4R5QGI6STR, STM32MP131AAE3, STM32MP131AAF3, STM32MP131AAG3, STM32MP131CAE3, STM32MP131CAF3, STM32MP131CAG3, STM32MP131DAE7, STM32MP131DAF7, STM32MP131DAG7, STM32MP131FAE7, STM32MP131FAF7, STM32MP131FAG7, STM32MP133AAE3, STM32MP133AAF3, STM32MP133AAG3, STM32MP133CAE3, STM32MP133CAF3, STM32MP133CAG3, STM32MP133DAE7, STM32MP133DAF7, STM32MP133DAG7, STM32MP133FAE7, STM32MP133FAF7, STM32MP133FAG7, STM32MP135AAE3, STM32MP135AAF3, STM32MP135AAG3, STM32MP135CAE3, STM32MP135CAF3, STM32MP135CAG3, STM32MP135DAE7, STM32MP135DAF7, STM32MP135DAG7, STM32MP135F-DK, STM32MP135FAE7, STM32MP135FAF7, STM32MP135FAF7T, STM32MP135FAF7U, STM32MP135FAG7, STM32MP211AAL3, STM32MP211AAM3, STM32MP211AAN3, STM32MP211AAO3, STM32MP211CAL3, STM32MP211CAM3, STM32MP211CAN3, STM32MP211CAO3, STM32MP211DAL3, STM32MP211DAM3, STM32MP211DAN3, STM32MP211DAO3, STM32MP211FAL3, STM32MP211FAM3, STM32MP211FAN3, STM32MP211FAO3, STM32MP213AAL3, STM32MP213AAM3, STM32MP213AAN3, STM32MP213AAO3, STM32MP213CAL3, STM32MP213CAM3, STM32MP213CAN3, STM32MP213CAO3, STM32MP213DAL3, STM32MP213DAM3, STM32MP213DAN3, STM32MP213DAO3, STM32MP213FAL3, STM32MP213FAM3, STM32MP213FAN3, STM32MP213FAO3, STM32MP215AAL3, STM32MP215AAM3, STM32MP215AAN3, STM32MP215AAO3, STM32MP215CAL3, STM32MP215CAM3, STM32MP215CAN3, STM32MP215CAO3, STM32MP215DAL3, STM32MP215DAM3, STM32MP215DAN3, STM32MP215DAO3, STM32MP215F-DK, STM32MP215FAL3, STM32MP215FAM3, STM32MP215FAN3, STM32MP215FAO3, STM32MP231AAJ3, STM32MP231AAK3, STM32MP231AAL3, STM32MP231CAJ3, STM32MP231CAK3, STM32MP231CAL3, STM32MP231DAJ3, STM32MP231DAK3, STM32MP231DAL3, STM32MP231FAJ3, STM32MP231FAK3, STM32MP231FAL3, STM32MP233AAJ3, STM32MP233AAK3, STM32MP233AAL3, STM32MP233CAJ3, STM32MP233CAK3, STM32MP233CAL3, STM32MP233DAJ3, STM32MP233DAK3, STM32MP233DAL3, STM32MP233FAJ3, STM32MP233FAK3, STM32MP233FAL3, STM32MP235AAJ3, STM32MP235AAK3, STM32MP235AAL3, STM32MP235CAJ3, STM32MP235CAK3, STM32MP235CAL3, STM32MP235DAJ3, STM32MP235DAK3, STM32MP235DAL3, STM32MP235FAJ3, STM32MP235FAK3, STM32MP235FAL3, STM32MP251AAI3, STM32MP251AAK3, STM32MP251AAL3, STM32MP251CAI3, STM32MP251CAK3, STM32MP251CAL3, STM32MP251DAI3, STM32MP251DAK3, STM32MP251DAL3, STM32MP251FAI3, STM32MP251FAK3, STM32MP251FAL3, STM32MP253AAI3, STM32MP253AAK3, STM32MP253AAL3, STM32MP253CAI3, STM32MP253CAK3, STM32MP253CAL3, STM32MP253DAI3, STM32MP253DAK3, STM32MP253DAL3, STM32MP253FAI3, STM32MP253FAK3, STM32MP253FAL3, STM32MP255AAI3, STM32MP255AAK3, STM32MP255AAL3, STM32MP255CAI3, STM32MP255CAK3, STM32MP255CAL3, STM32MP255DAI3, STM32MP255DAK3, STM32MP255DAL3, STM32MP255FAI3, STM32MP255FAK3, STM32MP255FAL3, STM32MP257AAI3, STM32MP257AAK3, STM32MP257AAL3, STM32MP257CAI3, STM32MP257CAK3, STM32MP257CAL3, STM32MP257DAI3, STM32MP257DAK3, STM32MP257DAL3, STM32MP257F-DK, STM32MP257F-EV1, STM32MP257FAI3, STM32MP257FAK3, STM32MP257FAL3, STM32N645A0H3Q, STM32N645B0H3Q, STM32N645I0H3Q, STM32N645L0H3Q, STM32N645X0H3Q, STM32N645Z0H3Q, STM32N647A0H3Q, STM32N647B0H3Q, STM32N647I0H3Q, STM32N647L0H3Q, STM32N647X0H3Q, STM32N647Z0H3Q, STM32N655A0H3Q, STM32N655B0H3Q, STM32N655I0H3Q, STM32N655L0H3Q, STM32N655X0H3Q, STM32N655Z0H3Q, STM32N6570-DK, STM32N657A0H3Q, STM32N657B0H3Q, STM32N657I0H3Q, STM32N657L0H3Q, STM32N657X0H3Q, STM32N657Z0H3Q, STM32U031C6T6, STM32U031C6U6, STM32U031C8T6, STM32U031C8U6, STM32U031F4P6, STM32U031F6P6, STM32U031F8P6, STM32U031G6Y6TR, STM32U031G8Y6TR, STM32U031K4U6, STM32U031K6U6, STM32U031K8U6, STM32U031R6I6, STM32U031R6T6, STM32U031R8I6, STM32U031R8T6, STM32U073C8T6, STM32U073C8U6, STM32U073CBT6, STM32U073CBU6, STM32U073CCT6, STM32U073CCU6, STM32U073H8Y6TR, STM32U073HBY6TR, STM32U073HCY6TR, STM32U073K8U6, STM32U073KBU6, STM32U073KCU6, STM32U073M8I6, STM32U073M8T6, STM32U073MBI6, STM32U073MBT6, STM32U073MCI6, STM32U073MCT6, STM32U073R8I6, STM32U073R8T6, STM32U073RBI6, STM32U073RBT6, STM32U073RCI6, STM32U073RCT6, STM32U083C-DK, STM32U083CCT6, STM32U083CCU6, STM32U083HCY6TR, STM32U083KCU6, STM32U083MCI6, STM32U083MCT6, STM32U083RCI6, STM32U083RCT6, STM32U375CET6, STM32U375CET6Q, STM32U375CEU6, STM32U375CEU6Q, STM32U375CEY6QTR, STM32U375CGT6, STM32U375CGT6Q, STM32U375CGU6, STM32U375CGU6Q, STM32U375CGY6QTR, STM32U375KEU6, STM32U375KGU6, STM32U375REI6, STM32U375REI6Q, STM32U375RET6, STM32U375RET6Q, STM32U375REY6GTR, STM32U375REY6QTR, STM32U375RGI6, STM32U375RGI6Q, STM32U375RGT6, STM32U375RGT6Q, STM32U375RGY6GTR, STM32U375RGY6QTR, STM32U375VEI6, STM32U375VEI6Q, STM32U375VET6, STM32U375VET6Q, STM32U375VGI6, STM32U375VGI6Q, STM32U375VGT6, STM32U375VGT6Q, STM32U385CGT6, STM32U385CGT6Q, STM32U385CGU6, STM32U385CGU6Q, STM32U385CGY6QTR, STM32U385KGU6, STM32U385RGI6, STM32U385RGI6Q, STM32U385RGT6, STM32U385RGT6Q, STM32U385RGY6GTR, STM32U385RGY6QTR, STM32U385VGI6, STM32U385VGI6Q, STM32U385VGT6, STM32U385VGT6Q, STM32U535CBT6, STM32U535CBT6Q, STM32U535CBU6, STM32U535CBU6Q, STM32U535CCT6, STM32U535CCT6Q, STM32U535CCU6, STM32U535CCU6Q, STM32U535CET6, STM32U535CET6Q, STM32U535CEU6, STM32U535CEU6Q, STM32U535JEY6QTR, STM32U535NCY6QTR, STM32U535NEY6QTR, STM32U535RBI6, STM32U535RBI6Q, STM32U535RBT6, STM32U535RBT6Q, STM32U535RCI6, STM32U535RCI6Q, STM32U535RCT6, STM32U535RCT6Q, STM32U535REI6, STM32U535REI6Q, STM32U535RET6, STM32U535RET6Q, STM32U535VCI6, STM32U535VCI6Q, STM32U535VCT6, STM32U535VCT6Q, STM32U535VEI6, STM32U535VEI6Q, STM32U535VET6, STM32U535VET6Q, STM32U545CET6, STM32U545CET6Q, STM32U545CEU6, STM32U545CEU6Q, STM32U545JEY6QTR, STM32U545NEY6QTR, STM32U545REI6, STM32U545REI6Q, STM32U545RET6, STM32U545RET6Q, STM32U545VEI6, STM32U545VEI6Q, STM32U545VET6, STM32U545VET6Q, STM32U595AIH6, STM32U595AIH6Q, STM32U595AJH6, STM32U595AJH6Q, STM32U595QII6, STM32U595QII6Q, STM32U595QJI6, STM32U595QJI6Q, STM32U595RIT6, STM32U595RIT6Q, STM32U595RJT6, STM32U595RJT6Q, STM32U595VIT6, STM32U595VIT6Q, STM32U595VJT6, STM32U595VJT6Q, STM32U595ZIT6, STM32U595ZIT6Q, STM32U595ZIY6QTR, STM32U595ZJT6, STM32U595ZJT6Q, STM32U595ZJY6QTR, STM32U599BJY6QTR, STM32U599NIH6Q, STM32U599NJH6Q, STM32U599VIT6Q, STM32U599VJT6, STM32U599VJT6Q, STM32U599ZIT6Q, STM32U599ZIY6QTR, STM32U599ZJT6Q, STM32U599ZJY6QTR, STM32U5A5AJH6, STM32U5A5AJH6Q, STM32U5A5QII3Q , STM32U5A5QJI6, STM32U5A5QJI6Q, STM32U5A5RJT6, STM32U5A5RJT6Q, STM32U5A5VJT6, STM32U5A5VJT6Q, STM32U5A5ZJT6, STM32U5A5ZJT6Q, STM32U5A5ZJY6QTR, STM32U5A9BJY6QTR, STM32U5A9J-DK, STM32U5A9NJH6Q, STM32U5A9VJT6Q, STM32U5A9ZJT6Q, STM32U5A9ZJY6QTR, STM32U5F7VIT6, STM32U5F7VIT6Q, STM32U5F7VJT6, STM32U5F7VJT6Q, STM32U5F9BJY6QTR, STM32U5F9NJH6Q, STM32U5F9VIT6Q, STM32U5F9VJT6Q, STM32U5F9ZIJ6QTR, STM32U5F9ZIT6Q, STM32U5F9ZJJ6QTR, STM32U5F9ZJT6Q, STM32U5G7VJT6, STM32U5G7VJT6Q, STM32U5G9BJY6QTR, STM32U5G9J-DK1, STM32U5G9J-DK2, STM32U5G9NJH6Q, STM32U5G9VJT6Q, STM32U5G9ZJJ6QTR, STM32U5G9ZJT6Q, STM32WB05KZV6TR, STM32WB05KZV7TR, STM32WB05TZF6TR, STM32WB05TZF7TR, STM32WB06CCF6TR, STM32WB06CCF7TR, STM32WB06CCV6TR, STM32WB06CCV7TR, STM32WB06KCV6TR, STM32WB06KCV7TR, STM32WB07CCF6TR, STM32WB07CCF7TR, STM32WB07CCV6TR, STM32WB07CCV7TR, STM32WB07KCV6TR, STM32WB07KCV7TR, STM32WB09KEV6TR, STM32WB09KEV7TR, STM32WB09TEF6TR, STM32WB09TEF7TR, STM32WB1MMCH6, STM32WBA50KGU6, STM32WBA50KGU6TR, STM32WBA52CEU6, STM32WBA52CEU6TR, STM32WBA52CEU7, STM32WBA52CEU7TR, STM32WBA52CGU6, STM32WBA52CGU6TR, STM32WBA52CGU6U, STM32WBA52CGU7, STM32WBA52CGU7TR, STM32WBA52KEU6, STM32WBA52KEU6TR, STM32WBA52KGU6, STM32WBA52KGU6TR, STM32WBA54CEU6, STM32WBA54CEU6TR, STM32WBA54CEU7, STM32WBA54CEU7TR, STM32WBA54CGU6, STM32WBA54CGU6TR, STM32WBA54CGU7, STM32WBA54CGU7TR, STM32WBA54KEU6, STM32WBA54KEU6TR, STM32WBA54KEU7, STM32WBA54KEU7TR, STM32WBA54KGU6, STM32WBA54KGU6TR, STM32WBA54KGU7, STM32WBA54KGU7TR, STM32WBA55CEU6, STM32WBA55CEU6TR, STM32WBA55CEU7, STM32WBA55CEU7TR, STM32WBA55CGU6, STM32WBA55CGU6TR, STM32WBA55CGU6U, STM32WBA55CGU7, STM32WBA55CGU7TR, STM32WBA55G-DK1, STM32WBA55HEF6, STM32WBA55HEF7, STM32WBA55HGF6, STM32WBA55HGF7, STM32WBA55UEI6, STM32WBA55UEI6TR, STM32WBA55UEI7, STM32WBA55UEI7TR, STM32WBA55UGI6, STM32WBA55UGI6TR, STM32WBA55UGI7, STM32WBA55UGI7TR, STM32WBA5MMGH6TR, STM32WBA62MGF6, STM32WBA62MIF6, STM32WBA65MGF7, STM32WBA65MIF6, STM32WBA65MIF7, STM32WL30K8V6, STM32WL30KBV6, STM32WL31C8V6, STM32WL31CBV6, STM32WL31K8V6, STM32WL31KBV6, STM32WL33C8V6, STM32WL33C8V6X, STM32WL33CBV6, STM32WL33CBV6X, STM32WL33CCV6, STM32WL33CCV6A, STM32WL33CCV6X, STM32WL33K8V7, STM32WL33K8V7X, STM32WL33KBV7 , STM32WL33KBV7X, STM32WL33KCV7, STM32WL33KCV7X, STM32WL5MOCH6, STM32WL5MOCH6TR]
2026-09-08 17:07:35,629 [INFO] DbMcus:218 - Found 5314 MCUs, 5126 are supported
2026-09-08 17:07:35,629 [INFO] ApiDb:423 - Load user favorites file C:\Users\szymo/.stm32cubeide/favorites.mcus.txt: 1 item(s)
2026-09-08 17:07:35,629 [INFO] ApiDb:427 - User favorites MCUs=[STM32C011D6Y3TR]
2026-09-08 17:07:35,629 [INFO] DbMcus:224 - Set 1 / 1 favorites MCUs
2026-09-08 17:07:35,806 [INFO] ApiDb:448 - Save user favorites file C:\Users\szymo/.stm32cubeide/favorites.boards.txt: 0 item(s)
2026-09-08 17:07:35,806 [INFO] ApiDb:452 - User favorites Boards=[]
2026-09-08 17:07:35,807 [INFO] ApiDb:581 - Connected to CubeFinder SQLite database (C:\Users\szymo\.stmcufinder\plugins\mcufinder\mcu\cube-finder-db.db)
2026-09-08 17:07:35,845 [INFO] ApiDb:668 - CubeFinder database Data Model version=2.1
2026-09-08 17:07:35,845 [INFO] ApiDb:669 - CubeFinder database Configuration version=3.0.42
2026-09-08 17:07:35,845 [INFO] ApiDb:670 - CubeFinder database generation date=2026-08-04 (1785840812)
2026-09-08 17:07:35,846 [INFO] ApiDb:671 - CubeFinder database FW Pack versions=[FP-ATR-ASTRA1_V2.0.0, FP-SNS-FLIGHT1_V5.1.0, FP-SNS-MOTENV1_V5.1.0, FP-SNS-MOTENVWB1_V1.5.0, FP-SNS-SMARTAG2_V1.2.0, FP-SNS-STBOX1_V2.1.0, STM32Cube_FW_C0_V1.4.1, STM32Cube_FW_F4_V1.28.3, STM32Cube_FW_F7_V1.17.4, STM32Cube_FW_G0_V1.6.3, STM32Cube_FW_G4_V1.6.2, STM32Cube_FW_H5_V1.7.0, STM32Cube_FW_H7RS_V1.3.0, STM32Cube_FW_H7_V1.13.0, STM32Cube_FW_L0_V1.12.2, STM32Cube_FW_L4_V1.18.2, STM32Cube_FW_L5_V1.6.0, STM32Cube_FW_N6_V1.4.0, STM32Cube_FW_U0_V1.3.0, STM32Cube_FW_U3_V1.4.0, STM32Cube_FW_U5_V1.9.0, STM32Cube_FW_WB0_V1.5.0, STM32Cube_FW_WBA_V1.10.0, STM32Cube_FW_WB_V1.24.0, STM32Cube_FW_WL3_V1.5.0, STM32Cube_FW_WL_V1.6.0, X-CUBE-ALGOBUILD_V1.5.0, X-CUBE-ALS_V1.0.2, X-CUBE-AZRTOS-F4_V1.1.0, X-CUBE-AZRTOS-F7_V1.1.0, X-CUBE-AZRTOS-G0_V1.1.0, X-CUBE-AZRTOS-G4_V2.0.0, X-CUBE-AZRTOS-H7RS_V1.3.0, X-CUBE-AZRTOS-H7_V3.5.0, X-CUBE-AZRTOS-L4_V2.0.0, X-CUBE-AZRTOS-L5_V2.0.0, X-CUBE-AZRTOS-WB_V2.0.0, X-CUBE-AZRTOS-WL_V2.0.0, X-CUBE-BLE1_V7.1.0, X-CUBE-BLE2_V3.3.0, X-CUBE-BLEMGR_V4.2.0, X-CUBE-EEPRMA1_V5.2.0, X-CUBE-FREERTOS_V1.6.0, X-CUBE-GNSS1_V7.1.1, X-CUBE-MEMS1_V13.0.0, X-CUBE-NFC4_V3.0.0, X-CUBE-NFC7_V2.0.0, X-CUBE-SFXS2LP1_V4.0.0, X-CUBE-ST67W61_V1.3.0, X-CUBE-SUBG2_V5.0.0, X-CUBE-TOF1_V3.4.3]
2026-09-08 17:07:35,869 [INFO] DbBoardsSqlite:226 - include board P-NUCLEO-WB55-NUCLEO as a kit item of type 'Nucleo-64'
2026-09-08 17:07:35,869 [INFO] DbBoardsSqlite:226 - include board P-NUCLEO-WB55-USBDONGLE as a kit item of type 'Nucleo USB Dongle'
2026-09-08 17:07:35,869 [INFO] DbBoardsSqlite:226 - include board STEVAL-IDP005V1 as a kit item of type 'Evaluation Board'
2026-09-08 17:07:35,869 [INFO] DbBoardsSqlite:226 - include board STEVAL-IDP005V2 as a kit item of type 'Evaluation Board'
2026-09-08 17:07:35,908 [INFO] ApiDb:240 - Found 880 in-development CPN: [B-G473E-ZEST1S, B-WB1M-WPAN1, B-WBA5M-WPAN, B-WL5M-SUBG1, NUCLEO-C031C6, NUCLEO-C051C8, NUCLEO-C071RB, NUCLEO-C092RC, NUCLEO-H503RB, NUCLEO-H533RE, NUCLEO-H563ZI, NUCLEO-H7S3L8, NUCLEO-N657X0-Q, NUCLEO-U031R8, NUCLEO-U083RC, NUCLEO-U385RG-Q, NUCLEO-U545RE-Q, NUCLEO-U5A5ZJ-Q, NUCLEO-WB05KZ, NUCLEO-WB07CC, NUCLEO-WB09KE, NUCLEO-WBA52CG, NUCLEO-WBA55CG, NUCLEO-WL33CC1, NUCLEO-WL33CC2, STEVAL-PROTEUS1, STEVAL-SMARTAG2, STEVAL-STWINBX1, STM320518-EVAL, STM32C0116-DK, STM32C011D6Y3TR, STM32C011D6Y6TR, STM32C011F4P3, STM32C011F4P6, STM32C011F4U3, STM32C011F4U6TR, STM32C011F6P3, STM32C011F6P6, STM32C011F6U3, STM32C011F6U6TR, STM32C011J4M3, STM32C011J4M6, STM32C011J6M3, STM32C011J6M6, STM32C0316-DK, STM32C031C4T3, STM32C031C4T6, STM32C031C4U3, STM32C031C4U6, STM32C031C6T3, STM32C031C6T6, STM32C031C6U3, STM32C031C6U6, STM32C031F4P3, STM32C031F4P6, STM32C031F6P3, STM32C031F6P6, STM32C031G4U3, STM32C031G4U6, STM32C031G6U3, STM32C031G6U6, STM32C031K4T3, STM32C031K4T6, STM32C031K4U3, STM32C031K4U6, STM32C031K6T3, STM32C031K6T6, STM32C031K6U3, STM32C031K6U6, STM32C051C6T6, STM32C051C6U6, STM32C051C8T6, STM32C051C8U6, STM32C051D8Y6TR, STM32C051F6P6, STM32C051F8P6, STM32C051G6U6, STM32C051G8U6, STM32C051K6T6, STM32C051K6U6, STM32C051K8T6, STM32C071C8T6, STM32C071C8T6N, STM32C071C8U6, STM32C071C8U6N, STM32C071CBT6, STM32C071CBT6N, STM32C071CBU6, STM32C071CBU6N, STM32C071F8P6, STM32C071F8P6N, STM32C071FBP6, STM32C071FBP6N, STM32C071FBY6TR, STM32C071G8U6, STM32C071G8U6N, STM32C071GBU6, STM32C071GBU6N, STM32C071K8T6, STM32C071K8T6N, STM32C071K8U6, STM32C071K8U6N, STM32C071KBT6, STM32C071KBT6N, STM32C071KBU6, STM32C071KBU6N, STM32C071R8T6, STM32C071R8T6N, STM32C071RBI6N, STM32C071RBT6, STM32C071RBT6N, STM32C091CBT6, STM32C091CBU6, STM32C091CCT6, STM32C091CCU6, STM32C091ECY6TR, STM32C091FBP6, STM32C091FCP6, STM32C091GBU6, STM32C091GCU6, STM32C091KBT6, STM32C091KBU6, STM32C091KCT6, STM32C091KCU6, STM32C091RBT6, STM32C091RCI6, STM32C091RCT6, STM32C092CBT6, STM32C092CBU6, STM32C092CCT6, STM32C092CCU6, STM32C092ECY6TR, STM32C092FBP6, STM32C092FCP6, STM32C092GBU6, STM32C092GCU6, STM32C092KBT6, STM32C092KBU6, STM32C092KCT6, STM32C092KCU6, STM32C092RBT6, STM32C092RCI6, STM32C092RCT6, STM32G071K8TXN, STM32G071K8UXN, STM32G081GBU6N, STM32G081KBT6N, STM32G081KBUXN, STM32G0B1CCT6N, STM32G0B1KCT6, STM32G0B1NEY6TR, STM32G0B1RCT6N, STM32G0C1CCT6, STM32G0C1CCT6N, STM32G0C1CCU6N, STM32G0C1CET6N, STM32G0C1CEU6N, STM32G0C1KCT6, STM32G0C1NEY6TR, STM32G0C1RCI6N, STM32G0C1RCT6N, STM32G0C1REI6N, STM32G0C1RET6N, STM32G0C1VCI6, STM32G0C1VEI6, STM32G411C6T3, STM32G411C6T6, STM32G411C6U3, STM32G411C6U6, STM32G411C8T3, STM32G411C8T6, STM32G411C8U3, STM32G411C8U6, STM32G411CBT3, STM32G411CBT6, STM32G411CBU3, STM32G411CBU6, STM32G411K6T3, STM32G411K6T6, STM32G411K6U3, STM32G411K6U6, STM32G411K8T3, STM32G411K8T6, STM32G411K8U3, STM32G411K8U6, STM32G411KBT3, STM32G411KBT6, STM32G411KBU3, STM32G411KBU6, STM32G411M6T3, STM32G411M6T6, STM32G411M8T3, STM32G411M8T6, STM32G411MBT3, STM32G411MBT6, STM32G411R6T3, STM32G411R6T6, STM32G411R8T3, STM32G411R8T6, STM32G411RBT3, STM32G411RBT6, STM32G414CBT3, STM32G414CBT6, STM32G414CBU3, STM32G414CBU6, STM32G414CCT3, STM32G414CCT6, STM32G414CCU3, STM32G414CCU6, STM32G414MBT3, STM32G414MBT6, STM32G414MCT3, STM32G414MCT6, STM32G414RBT3, STM32G414RBT6, STM32G414RCT3, STM32G414RCT6, STM32G414VBT3, STM32G414VBT6, STM32G414VCT3, STM32G414VCT6, STM32G431CBT3Z, STM32G431RBT3Z, STM32G471CCT6, STM32G471CCU6, STM32G471CET3, STM32G471CET6, STM32G471CEU3, STM32G471CEU6, STM32G471MCT6, STM32G471MET3, STM32G471MET6, STM32G471MEY6TR, STM32G471QCT6, STM32G471QET3, STM32G471RCT6, STM32G471RET3, STM32G471RET6, STM32G471VCH6, STM32G471VCI6, STM32G471VCT6, STM32G471VEH3, STM32G471VEH6, STM32G471VEI3, STM32G471VEI6, STM32G471VET3, STM32G471VET6, STM32G473QET3Z, STM32G473RET3Z, STM32G474CCT6, STM32G491RET3Z, STM32H503CBT6, STM32H503CBU6, STM32H503EBY6TR, STM32H503KBU6, STM32H503RBT6, STM32H523CCT6, STM32H523CCU6, STM32H523CET6, STM32H523CEU6, STM32H523HEY6TR, STM32H523RCT6, STM32H523RET6, STM32H523VCI6, STM32H523VCT6, STM32H523VEI6, STM32H523VET6, STM32H523ZCJ6, STM32H523ZCT6, STM32H523ZEJ6, STM32H523ZET6, STM32H533CET6, STM32H533CEU6, STM32H533HEY6TR, STM32H533RET6, STM32H533VEI6, STM32H533VET6, STM32H533ZEJ6, STM32H533ZET6, STM32H562AGI6, STM32H562AII6, STM32H562IGK6, STM32H562IGT6, STM32H562IIK6, STM32H562IIT6, STM32H562RGT6, STM32H562RGV6, STM32H562RIT6, STM32H562RIV6, STM32H562VGT6, STM32H562VIT6, STM32H562ZGT6, STM32H562ZIT6, STM32H563AGI6, STM32H563AII3Q, STM32H563AII6, STM32H563IGK6, STM32H563IGT6, STM32H563IIK3Q, STM32H563IIK6, STM32H563IIT3Q, STM32H563IIT6, STM32H563MIY3QTR, STM32H563RGT6, STM32H563RGV6, STM32H563RIT6, STM32H563RIV6, STM32H563VGT6, STM32H563VIT3Q, STM32H563VIT6, STM32H563ZGT6, STM32H563ZIT3Q, STM32H563ZIT6, STM32H573AII3Q, STM32H573AII6, STM32H573I-DK, STM32H573IIK3Q, STM32H573IIK6, STM32H573IIT3Q, STM32H573IIT6, STM32H573MIY3QTR, STM32H573RIT6, STM32H573RIV6, STM32H573VIT3Q, STM32H573VIT6, STM32H573ZIT3Q, STM32H573ZIT6, STM32H7R3A8I6, STM32H7R3I8K6, STM32H7R3I8T6, STM32H7R3L8H6, STM32H7R3L8H6H, STM32H7R3R8V6, STM32H7R3V8H6, STM32H7R3V8T6, STM32H7R3V8Y6TR, STM32H7R3Z8J6, STM32H7R3Z8T6, STM32H7R7A8I6, STM32H7R7I8K6, STM32H7R7I8T6, STM32H7R7L8H6, STM32H7R7L8H6H, STM32H7R7Z8J6, STM32H7S3A8I6, STM32H7S3I8K6, STM32H7S3I8T6, STM32H7S3L8H6, STM32H7S3L8H6H, STM32H7S3R8V6, STM32H7S3V8H6, STM32H7S3V8T6, STM32H7S3V8Y6TR, STM32H7S3Z8J6, STM32H7S3Z8T6, STM32H7S78-DK, STM32H7S7A8I6, STM32H7S7I8K6, STM32H7S7I8T6, STM32H7S7L8H6, STM32H7S7L8H6H, STM32H7S7Z8J6, STM32L4R5QGI6STR, STM32MP131AAE3, STM32MP131AAF3, STM32MP131AAG3, STM32MP131CAE3, STM32MP131CAF3, STM32MP131CAG3, STM32MP131DAE7, STM32MP131DAF7, STM32MP131DAG7, STM32MP131FAE7, STM32MP131FAF7, STM32MP131FAG7, STM32MP133AAE3, STM32MP133AAF3, STM32MP133AAG3, STM32MP133CAE3, STM32MP133CAF3, STM32MP133CAG3, STM32MP133DAE7, STM32MP133DAF7, STM32MP133DAG7, STM32MP133FAE7, STM32MP133FAF7, STM32MP133FAG7, STM32MP135AAE3, STM32MP135AAF3, STM32MP135AAG3, STM32MP135CAE3, STM32MP135CAF3, STM32MP135CAG3, STM32MP135DAE7, STM32MP135DAF7, STM32MP135DAG7, STM32MP135F-DK, STM32MP135FAE7, STM32MP135FAF7, STM32MP135FAF7T, STM32MP135FAF7U, STM32MP135FAG7, STM32MP211AAL3, STM32MP211AAM3, STM32MP211AAN3, STM32MP211AAO3, STM32MP211CAL3, STM32MP211CAM3, STM32MP211CAN3, STM32MP211CAO3, STM32MP211DAL3, STM32MP211DAM3, STM32MP211DAN3, STM32MP211DAO3, STM32MP211FAL3, STM32MP211FAM3, STM32MP211FAN3, STM32MP211FAO3, STM32MP213AAL3, STM32MP213AAM3, STM32MP213AAN3, STM32MP213AAO3, STM32MP213CAL3, STM32MP213CAM3, STM32MP213CAN3, STM32MP213CAO3, STM32MP213DAL3, STM32MP213DAM3, STM32MP213DAN3, STM32MP213DAO3, STM32MP213FAL3, STM32MP213FAM3, STM32MP213FAN3, STM32MP213FAO3, STM32MP215AAL3, STM32MP215AAM3, STM32MP215AAN3, STM32MP215AAO3, STM32MP215CAL3, STM32MP215CAM3, STM32MP215CAN3, STM32MP215CAO3, STM32MP215DAL3, STM32MP215DAM3, STM32MP215DAN3, STM32MP215DAO3, STM32MP215F-DK, STM32MP215FAL3, STM32MP215FAM3, STM32MP215FAN3, STM32MP215FAO3, STM32MP231AAJ3, STM32MP231AAK3, STM32MP231AAL3, STM32MP231CAJ3, STM32MP231CAK3, STM32MP231CAL3, STM32MP231DAJ3, STM32MP231DAK3, STM32MP231DAL3, STM32MP231FAJ3, STM32MP231FAK3, STM32MP231FAL3, STM32MP233AAJ3, STM32MP233AAK3, STM32MP233AAL3, STM32MP233CAJ3, STM32MP233CAK3, STM32MP233CAL3, STM32MP233DAJ3, STM32MP233DAK3, STM32MP233DAL3, STM32MP233FAJ3, STM32MP233FAK3, STM32MP233FAL3, STM32MP235AAJ3, STM32MP235AAK3, STM32MP235AAL3, STM32MP235CAJ3, STM32MP235CAK3, STM32MP235CAL3, STM32MP235DAJ3, STM32MP235DAK3, STM32MP235DAL3, STM32MP235FAJ3, STM32MP235FAK3, STM32MP235FAL3, STM32MP251AAI3, STM32MP251AAK3, STM32MP251AAL3, STM32MP251CAI3, STM32MP251CAK3, STM32MP251CAL3, STM32MP251DAI3, STM32MP251DAK3, STM32MP251DAL3, STM32MP251FAI3, STM32MP251FAK3, STM32MP251FAL3, STM32MP253AAI3, STM32MP253AAK3, STM32MP253AAL3, STM32MP253CAI3, STM32MP253CAK3, STM32MP253CAL3, STM32MP253DAI3, STM32MP253DAK3, STM32MP253DAL3, STM32MP253FAI3, STM32MP253FAK3, STM32MP253FAL3, STM32MP255AAI3, STM32MP255AAK3, STM32MP255AAL3, STM32MP255CAI3, STM32MP255CAK3, STM32MP255CAL3, STM32MP255DAI3, STM32MP255DAK3, STM32MP255DAL3, STM32MP255FAI3, STM32MP255FAK3, STM32MP255FAL3, STM32MP257AAI3, STM32MP257AAK3, STM32MP257AAL3, STM32MP257CAI3, STM32MP257CAK3, STM32MP257CAL3, STM32MP257DAI3, STM32MP257DAK3, STM32MP257DAL3, STM32MP257F-DK, STM32MP257F-EV1, STM32MP257FAI3, STM32MP257FAK3, STM32MP257FAL3, STM32N645A0H3Q, STM32N645B0H3Q, STM32N645I0H3Q, STM32N645L0H3Q, STM32N645X0H3Q, STM32N645Z0H3Q, STM32N647A0H3Q, STM32N647B0H3Q, STM32N647I0H3Q, STM32N647L0H3Q, STM32N647X0H3Q, STM32N647Z0H3Q, STM32N655A0H3Q, STM32N655B0H3Q, STM32N655I0H3Q, STM32N655L0H3Q, STM32N655X0H3Q, STM32N655Z0H3Q, STM32N6570-DK, STM32N657A0H3Q, STM32N657B0H3Q, STM32N657I0H3Q, STM32N657L0H3Q, STM32N657X0H3Q, STM32N657Z0H3Q, STM32U031C6T6, STM32U031C6U6, STM32U031C8T6, STM32U031C8U6, STM32U031F4P6, STM32U031F6P6, STM32U031F8P6, STM32U031G6Y6TR, STM32U031G8Y6TR, STM32U031K4U6, STM32U031K6U6, STM32U031K8U6, STM32U031R6I6, STM32U031R6T6, STM32U031R8I6, STM32U031R8T6, STM32U073C8T6, STM32U073C8U6, STM32U073CBT6, STM32U073CBU6, STM32U073CCT6, STM32U073CCU6, STM32U073H8Y6TR, STM32U073HBY6TR, STM32U073HCY6TR, STM32U073K8U6, STM32U073KBU6, STM32U073KCU6, STM32U073M8I6, STM32U073M8T6, STM32U073MBI6, STM32U073MBT6, STM32U073MCI6, STM32U073MCT6, STM32U073R8I6, STM32U073R8T6, STM32U073RBI6, STM32U073RBT6, STM32U073RCI6, STM32U073RCT6, STM32U083C-DK, STM32U083CCT6, STM32U083CCU6, STM32U083HCY6TR, STM32U083KCU6, STM32U083MCI6, STM32U083MCT6, STM32U083RCI6, STM32U083RCT6, STM32U375CET6, STM32U375CET6Q, STM32U375CEU6, STM32U375CEU6Q, STM32U375CEY6QTR, STM32U375CGT6, STM32U375CGT6Q, STM32U375CGU6, STM32U375CGU6Q, STM32U375CGY6QTR, STM32U375KEU6, STM32U375KGU6, STM32U375REI6, STM32U375REI6Q, STM32U375RET6, STM32U375RET6Q, STM32U375REY6GTR, STM32U375REY6QTR, STM32U375RGI6, STM32U375RGI6Q, STM32U375RGT6, STM32U375RGT6Q, STM32U375RGY6GTR, STM32U375RGY6QTR, STM32U375VEI6, STM32U375VEI6Q, STM32U375VET6, STM32U375VET6Q, STM32U375VGI6, STM32U375VGI6Q, STM32U375VGT6, STM32U375VGT6Q, STM32U385CGT6, STM32U385CGT6Q, STM32U385CGU6, STM32U385CGU6Q, STM32U385CGY6QTR, STM32U385KGU6, STM32U385RGI6, STM32U385RGI6Q, STM32U385RGT6, STM32U385RGT6Q, STM32U385RGY6GTR, STM32U385RGY6QTR, STM32U385VGI6, STM32U385VGI6Q, STM32U385VGT6, STM32U385VGT6Q, STM32U535CBT6, STM32U535CBT6Q, STM32U535CBU6, STM32U535CBU6Q, STM32U535CCT6, STM32U535CCT6Q, STM32U535CCU6, STM32U535CCU6Q, STM32U535CET6, STM32U535CET6Q, STM32U535CEU6, STM32U535CEU6Q, STM32U535JEY6QTR, STM32U535NCY6QTR, STM32U535NEY6QTR, STM32U535RBI6, STM32U535RBI6Q, STM32U535RBT6, STM32U535RBT6Q, STM32U535RCI6, STM32U535RCI6Q, STM32U535RCT6, STM32U535RCT6Q, STM32U535REI6, STM32U535REI6Q, STM32U535RET6, STM32U535RET6Q, STM32U535VCI6, STM32U535VCI6Q, STM32U535VCT6, STM32U535VCT6Q, STM32U535VEI6, STM32U535VEI6Q, STM32U535VET6, STM32U535VET6Q, STM32U545CET6, STM32U545CET6Q, STM32U545CEU6, STM32U545CEU6Q, STM32U545JEY6QTR, STM32U545NEY6QTR, STM32U545REI6, STM32U545REI6Q, STM32U545RET6, STM32U545RET6Q, STM32U545VEI6, STM32U545VEI6Q, STM32U545VET6, STM32U545VET6Q, STM32U595AIH6, STM32U595AIH6Q, STM32U595AJH6, STM32U595AJH6Q, STM32U595QII6, STM32U595QII6Q, STM32U595QJI6, STM32U595QJI6Q, STM32U595RIT6, STM32U595RIT6Q, STM32U595RJT6, STM32U595RJT6Q, STM32U595VIT6, STM32U595VIT6Q, STM32U595VJT6, STM32U595VJT6Q, STM32U595ZIT6, STM32U595ZIT6Q, STM32U595ZIY6QTR, STM32U595ZJT6, STM32U595ZJT6Q, STM32U595ZJY6QTR, STM32U599BJY6QTR, STM32U599NIH6Q, STM32U599NJH6Q, STM32U599VIT6Q, STM32U599VJT6, STM32U599VJT6Q, STM32U599ZIT6Q, STM32U599ZIY6QTR, STM32U599ZJT6Q, STM32U599ZJY6QTR, STM32U5A5AJH6, STM32U5A5AJH6Q, STM32U5A5QII3Q , STM32U5A5QJI6, STM32U5A5QJI6Q, STM32U5A5RJT6, STM32U5A5RJT6Q, STM32U5A5VJT6, STM32U5A5VJT6Q, STM32U5A5ZJT6, STM32U5A5ZJT6Q, STM32U5A5ZJY6QTR, STM32U5A9BJY6QTR, STM32U5A9J-DK, STM32U5A9NJH6Q, STM32U5A9VJT6Q, STM32U5A9ZJT6Q, STM32U5A9ZJY6QTR, STM32U5F7VIT6, STM32U5F7VIT6Q, STM32U5F7VJT6, STM32U5F7VJT6Q, STM32U5F9BJY6QTR, STM32U5F9NJH6Q, STM32U5F9VIT6Q, STM32U5F9VJT6Q, STM32U5F9ZIJ6QTR, STM32U5F9ZIT6Q, STM32U5F9ZJJ6QTR, STM32U5F9ZJT6Q, STM32U5G7VJT6, STM32U5G7VJT6Q, STM32U5G9BJY6QTR, STM32U5G9J-DK1, STM32U5G9J-DK2, STM32U5G9NJH6Q, STM32U5G9VJT6Q, STM32U5G9ZJJ6QTR, STM32U5G9ZJT6Q, STM32WB05KZV6TR, STM32WB05KZV7TR, STM32WB05TZF6TR, STM32WB05TZF7TR, STM32WB06CCF6TR, STM32WB06CCF7TR, STM32WB06CCV6TR, STM32WB06CCV7TR, STM32WB06KCV6TR, STM32WB06KCV7TR, STM32WB07CCF6TR, STM32WB07CCF7TR, STM32WB07CCV6TR, STM32WB07CCV7TR, STM32WB07KCV6TR, STM32WB07KCV7TR, STM32WB09KEV6TR, STM32WB09KEV7TR, STM32WB09TEF6TR, STM32WB09TEF7TR, STM32WB1MMCH6, STM32WBA50KGU6, STM32WBA50KGU6TR, STM32WBA52CEU6, STM32WBA52CEU6TR, STM32WBA52CEU7, STM32WBA52CEU7TR, STM32WBA52CGU6, STM32WBA52CGU6TR, STM32WBA52CGU6U, STM32WBA52CGU7, STM32WBA52CGU7TR, STM32WBA52KEU6, STM32WBA52KEU6TR, STM32WBA52KGU6, STM32WBA52KGU6TR, STM32WBA54CEU6, STM32WBA54CEU6TR, STM32WBA54CEU7, STM32WBA54CEU7TR, STM32WBA54CGU6, STM32WBA54CGU6TR, STM32WBA54CGU7, STM32WBA54CGU7TR, STM32WBA54KEU6, STM32WBA54KEU6TR, STM32WBA54KEU7, STM32WBA54KEU7TR, STM32WBA54KGU6, STM32WBA54KGU6TR, STM32WBA54KGU7, STM32WBA54KGU7TR, STM32WBA55CEU6, STM32WBA55CEU6TR, STM32WBA55CEU7, STM32WBA55CEU7TR, STM32WBA55CGU6, STM32WBA55CGU6TR, STM32WBA55CGU6U, STM32WBA55CGU7, STM32WBA55CGU7TR, STM32WBA55G-DK1, STM32WBA55HEF6, STM32WBA55HEF7, STM32WBA55HGF6, STM32WBA55HGF7, STM32WBA55UEI6, STM32WBA55UEI6TR, STM32WBA55UEI7, STM32WBA55UEI7TR, STM32WBA55UGI6, STM32WBA55UGI6TR, STM32WBA55UGI7, STM32WBA55UGI7TR, STM32WBA5MMGH6TR, STM32WBA62MGF6, STM32WBA62MIF6, STM32WBA65MGF7, STM32WBA65MIF6, STM32WBA65MIF7, STM32WL30K8V6, STM32WL30KBV6, STM32WL31C8V6, STM32WL31CBV6, STM32WL31K8V6, STM32WL31KBV6, STM32WL33C8V6, STM32WL33C8V6X, STM32WL33CBV6, STM32WL33CBV6X, STM32WL33CCV6, STM32WL33CCV6A, STM32WL33CCV6X, STM32WL33K8V7, STM32WL33K8V7X, STM32WL33KBV7 , STM32WL33KBV7X, STM32WL33KCV7, STM32WL33KCV7X, STM32WL5MOCH6, STM32WL5MOCH6TR]
2026-09-08 17:07:35,965 [INFO] BoardInfo:889 - No configuration file found for board NUCLEO-H553ZG
2026-09-08 17:07:35,966 [INFO] DbBoards:161 - Board is not supported: NUCLEO-H553ZG
2026-09-08 17:07:35,967 [INFO] BoardInfo:889 - No configuration file found for board NUCLEO-H5E5ZJ
2026-09-08 17:07:35,968 [INFO] DbBoards:161 - Board is not supported: NUCLEO-H5E5ZJ
2026-09-08 17:07:36,017 [INFO] BoardInfo:889 - No configuration file found for board NUCLEO-U3C5ZI-Q
2026-09-08 17:07:36,018 [INFO] DbBoards:161 - Board is not supported: NUCLEO-U3C5ZI-Q
2026-09-08 17:07:36,030 [INFO] BoardInfo:889 - No configuration file found for board NUCLEO-WBA25CE1
2026-09-08 17:07:36,031 [INFO] DbBoards:161 - Board is not supported: NUCLEO-WBA25CE1
2026-09-08 17:07:36,036 [INFO] BoardInfo:889 - No configuration file found for board NUCLEO-WL3RKB1
2026-09-08 17:07:36,037 [INFO] DbBoards:161 - Board is not supported: NUCLEO-WL3RKB1
2026-09-08 17:07:36,038 [INFO] BoardInfo:889 - No configuration file found for board NUCLEO-WL3RKB2
2026-09-08 17:07:36,038 [INFO] DbBoards:161 - Board is not supported: NUCLEO-WL3RKB2
2026-09-08 17:07:36,043 [INFO] BoardInfo:889 - No configuration file found for board P-NUCLEO-WB55
2026-09-08 17:07:36,043 [INFO] DbBoards:161 - Kit is not supported: P-NUCLEO-WB55
2026-09-08 17:07:36,048 [INFO] BoardInfo:889 - No configuration file found for board STEVAL-BFA001V1B
2026-09-08 17:07:36,048 [INFO] DbBoards:161 - Kit is not supported: STEVAL-BFA001V1B
2026-09-08 17:07:36,048 [INFO] BoardInfo:889 - No configuration file found for board STEVAL-BFA001V2B
2026-09-08 17:07:36,049 [INFO] DbBoards:161 - Kit is not supported: STEVAL-BFA001V2B
2026-09-08 17:07:36,111 [INFO] BoardInfo:889 - No configuration file found for board STM32H5F5J-DK
2026-09-08 17:07:36,112 [INFO] DbBoards:161 - Board is not supported: STM32H5F5J-DK
2026-09-08 17:07:36,158 [INFO] DbBoards:168 - Found 219 boards, 209 are supported
2026-09-08 17:07:36,158 [INFO] DbBoards:169 - Found 219 boards, 43 of them is supported for  Bsp
2026-09-08 17:07:36,159 [INFO] ApiDb:423 - Load user favorites file C:\Users\szymo/.stm32cubeide/favorites.boards.txt: 0 item(s)
2026-09-08 17:07:36,159 [INFO] ApiDb:427 - User favorites Boards=[]
2026-09-08 17:07:36,159 [INFO] DbBoards:198 - Set 0 / 0 favorites Boards
2026-09-08 17:07:36,169 [ERROR] TargetSelectorAdapter:267 - Unable to refresh data
2026-09-08 17:07:36,258 [INFO] McuFinderGlobals:76 - Set McuFinderConnectedMode to true
2026-09-08 17:07:36,263 [INFO] MultiScanPanel:200 - Auto-refresh data requested => check proxy status ongoing
2026-09-08 17:07:36,265 [INFO] FinderPluginLoader:96 - Searching for filters in installed packs
2026-09-08 17:07:37,157 [INFO] LoadUrlFilesThread:185 - End of LoadServerUrlFiles without Thread
2026-09-08 17:07:37,169 [INFO] DetailPanel:341 - Set advertising image to C:/Users/szymo/STM32Cube/Repository/\en.stm32h5cubemxbanner.png
2026-09-08 20:34:08,746 [INFO] MainUpdater:2872 - connection check result : 10
2026-09-08 20:34:08,746 [INFO] MainUpdater:2872 - connection check result : 10
2026-09-08 20:34:08,763 [INFO] LogOutputStream:77 - [STDOUT_REDIRECT] Nominal 
2026-09-08 20:34:08,772 [INFO] MicroXplorer:468 - Change Database Path : 
2026-09-08 20:34:08,772 [INFO] MicroXplorer:498 - Change Database Version : DB.6.0.150
2026-09-08 20:34:08,820 [ERROR] ProjectManagerView:395 - 
java.lang.NullPointerException: Cannot invoke "javax.swing.JTextField.getText()" because the return value of "java.util.List.get(int)" is null
	at com.st.microxplorer.plugins.projectmanager.gui.ProjectChoiceTab$9.caretUpdate(ProjectChoiceTab.java:2706) ~[filemanager.jar:?]
	at javax.swing.text.JTextComponent.fireCaretUpdate(JTextComponent.java:408) ~[?:?]
	at javax.swing.text.JTextComponent$MutableCaretEvent.fire(JTextComponent.java:4484) ~[?:?]
	at javax.swing.text.JTextComponent$MutableCaretEvent.stateChanged(JTextComponent.java:4506) ~[?:?]
	at javax.swing.text.DefaultCaret.fireStateChanged(DefaultCaret.java:857) ~[?:?]
	at javax.swing.text.DefaultCaret.changeCaretPosition(DefaultCaret.java:1343) ~[?:?]
	at javax.swing.text.DefaultCaret.handleSetDot(DefaultCaret.java:1242) ~[?:?]
	at javax.swing.text.DefaultCaret.setDot(DefaultCaret.java:1223) ~[?:?]
	at javax.swing.text.DefaultCaret$Handler.insertUpdate(DefaultCaret.java:1819) ~[?:?]
	at javax.swing.text.AbstractDocument.fireInsertUpdate(AbstractDocument.java:227) ~[?:?]
	at javax.swing.text.AbstractDocument.handleInsertString(AbstractDocument.java:781) ~[?:?]
	at javax.swing.text.AbstractDocument.insertString(AbstractDocument.java:740) ~[?:?]
	at javax.swing.text.PlainDocument.insertString(PlainDocument.java:131) ~[?:?]
	at javax.swing.text.AbstractDocument.replace(AbstractDocument.java:699) ~[?:?]
	at javax.swing.text.JTextComponent.setText(JTextComponent.java:1725) ~[?:?]
	at com.st.microxplorer.plugins.projectmanager.gui.ProjectChoiceTab.createHeapStackFields(ProjectChoiceTab.java:993) ~[filemanager.jar:?]
	at com.st.microxplorer.plugins.projectmanager.gui.ProjectChoiceTab.buildLinkSettingsPanel(ProjectChoiceTab.java:3813) ~[filemanager.jar:?]
	at com.st.microxplorer.plugins.projectmanager.gui.ProjectChoiceTab.defineWindowsFields(ProjectChoiceTab.java:1987) ~[filemanager.jar:?]
	at com.st.microxplorer.plugins.projectmanager.gui.ProjectChoiceTab.updateSettings(ProjectChoiceTab.java:558) ~[filemanager.jar:?]
	at com.st.microxplorer.plugins.projectmanager.gui.ProjectSettingsPanel.UpdateDialog(ProjectSettingsPanel.java:247) ~[filemanager.jar:?]
	at com.st.microxplorer.plugins.projectmanager.ProjectManagerView.propertyChange(ProjectManagerView.java:392) ~[filemanager.jar:?]
	at java.beans.PropertyChangeSupport.fire(PropertyChangeSupport.java:343) ~[?:?]
	at java.beans.PropertyChangeSupport.firePropertyChange(PropertyChangeSupport.java:335) ~[?:?]
	at java.beans.PropertyChangeSupport.firePropertyChange(PropertyChangeSupport.java:268) ~[?:?]
	at com.st.microxplorer.util.MXPropertyChangeSupport.firePropertyChange(MXPropertyChangeSupport.java:54) ~[STM32CubeMX.jar:?]
	at com.st.microxplorer.mxsystem.MxSystem.closeConfig(MxSystem.java:899) ~[STM32CubeMX.jar:?]
	at com.st.microxplorer.maingui.MainPanel.closeConfig(MainPanel.java:792) ~[STM32CubeMX.jar:?]
	at com.st.microxplorer.plugins.filemanager.engine.OpenFileManager.loadConfigurationFile(OpenFileManager.java:288) ~[filemanager.jar:?]
	at com.st.microxplorer.plugins.filemanager.engine.MainFileManager.userLoadConfig(MainFileManager.java:364) ~[filemanager.jar:?]
	at com.st.microxplorer.plugins.filemanager.engine.MainFileManager.userLoadConfig(MainFileManager.java:342) ~[filemanager.jar:?]
	at com.st.microxplorer.plugins.filemanager.FileManagerView.getSpecificTask(FileManagerView.java:264) ~[filemanager.jar:?]
	at com.st.stm32cube.common.mx.editor.CubeMxEditor.getMxTabbedPaneInstance(CubeMxEditor.java:1198) ~[com.st.stm32cube.common.mx_6.15.0.202507011659/:?]
	at com.st.stm32cube.common.mx.editor.CubeMxEditor$12$1.createSwingComponent(CubeMxEditor.java:1068) ~[com.st.stm32cube.common.mx_6.15.0.202507011659/:?]
	at com.st.stm32cube.common.mx.oss.core.awtswtbridge.EmbeddedSwingComposite.doComponentCreation(EmbeddedSwingComposite.java:492) ~[com.st.stm32cube.common.mx.oss_6.15.0.202507011659/:?]
	at com.st.stm32cube.common.mx.oss.core.awtswtbridge.EmbeddedSwingComposite$4.run(EmbeddedSwingComposite.java:291) ~[com.st.stm32cube.common.mx.oss_6.15.0.202507011659/:?]
	at com.st.stm32cube.common.mx.oss.core.awtswtbridge.AwtEnvironment$2.run(AwtEnvironment.java:166) ~[com.st.stm32cube.common.mx.oss_6.15.0.202507011659/:?]
	at java.awt.event.InvocationEvent.dispatch(InvocationEvent.java:318) ~[?:?]
	at java.awt.EventQueue.dispatchEventImpl(EventQueue.java:773) ~[?:?]
	at java.awt.EventQueue$4.run(EventQueue.java:720) ~[?:?]
	at java.awt.EventQueue$4.run(EventQueue.java:714) ~[?:?]
	at java.security.AccessController.doPrivileged(AccessController.java:400) ~[?:?]
	at java.security.ProtectionDomain$JavaSecurityAccessImpl.doIntersectionPrivilege(ProtectionDomain.java:87) ~[?:?]
	at java.awt.EventQueue.dispatchEvent(EventQueue.java:742) ~[?:?]
	at java.awt.EventDispatchThread.pumpOneEventForFilters(EventDispatchThread.java:203) ~[?:?]
	at java.awt.EventDispatchThread.pumpEventsForFilter(EventDispatchThread.java:124) ~[?:?]
	at java.awt.EventDispatchThread.pumpEventsForHierarchy(EventDispatchThread.java:113) ~[?:?]
	at java.awt.EventDispatchThread.pumpEvents(EventDispatchThread.java:109) ~[?:?]
	at java.awt.EventDispatchThread.pumpEvents(EventDispatchThread.java:101) ~[?:?]
	at java.awt.EventDispatchThread.run(EventDispatchThread.java:90) ~[?:?]
2026-09-08 20:34:08,846 [WARN] ThirdParty:871 - waiting for thirdparty lock release [close project]
2026-09-08 20:34:08,846 [INFO] ThirdParty:873 - entering critical section [close project]
2026-09-08 20:34:08,846 [INFO] ThirdParty:883 - exiting critical section [close project]
2026-09-08 20:34:08,850 [INFO] PinOutPanel:1589 - setPackage(No Configuration,No Configuration)
2026-09-08 20:34:08,865 [INFO] UtilMem:75 - Begin LoadConfig() Used Memory: 909690072 Bytes (1073741824)
2026-09-08 20:34:08,865 [INFO] MicroXplorer:468 - Change Database Path : 
2026-09-08 20:34:08,865 [INFO] MicroXplorer:498 - Change Database Version : DB.6.0.150
2026-09-08 20:34:08,865 [INFO] OpenFileManager:355 - Change cursor
2026-09-08 20:34:08,912 [INFO] Mcu:2029 - Initializing MCU STM32F042G4Ux STM32F042G4Ux STM32F042G4U6
2026-09-08 20:34:09,640 [INFO] Context:786 - Trying to add GPIOservice into a context  which must be forbidden
2026-09-08 20:34:09,885 [INFO] ImportTextPane:234 - (OptionalMessage_ERROR) Unable to find key (Mcu.ThirdPartyNb) in loaded IOC file
2026-09-08 20:34:09,885 [INFO] ImportTextPane:234 - (OptionalMessage_ERROR) Unable to find key (Mcu.PinsNb) in loaded IOC file
2026-09-08 20:34:09,885 [INFO] ImportTextPane:234 - (OptionalMessage_ERROR) Pin0 (VP_RIF_VS_RIF1) cannot be retrieved for this MCU
2026-09-08 20:34:09,885 [INFO] ImportTextPane:234 - (OptionalMessage_ERROR) Unable to find key (Mcu.IPNb) in loaded IOC file
2026-09-08 20:34:09,909 [INFO] RtosManager:558 - Registered RTOS mode: class=CMSIS, group=RTOS, mode=CMSIS_V1, owner=FREERTOS
2026-09-08 20:34:09,909 [INFO] RtosManager:558 - Registered RTOS mode: class=CMSIS, group=RTOS2, mode=CMSIS_V2, owner=FREERTOS
2026-09-08 20:34:09,909 [INFO] RtosManager:558 - Registered RTOS mode: class=RTOS, group=Core, mode=CMSIS_V1, owner=FREERTOS
2026-09-08 20:34:09,909 [INFO] RtosManager:558 - Registered RTOS mode: class=RTOS, group=Core, mode=CMSIS_V2, owner=FREERTOS
2026-09-08 20:34:09,909 [WARN] ModelIntegratedComponent:184 - Missing modes for component STMicroelectronics:FreeRTOS:0.0.1:STMicroelectronics:RTOS:FreeRTOS:Core:::10.2.0:
2026-09-08 20:34:10,002 [WARN] ModelIntegratedComponent:63 - No mode defined for component null
2026-09-08 20:34:10,002 [WARN] ModelIntegratedComponent:63 - No mode defined for component null
2026-09-08 20:34:10,002 [WARN] ModelIntegratedComponent:63 - No mode defined for component null
2026-09-08 20:34:10,002 [WARN] ModelIntegratedComponent:63 - No mode defined for component null
2026-09-08 20:34:10,002 [WARN] ModelIntegratedComponent:63 - No mode defined for component null
2026-09-08 20:34:10,002 [WARN] ModelIntegratedComponent:63 - No mode defined for component null
2026-09-08 20:34:10,002 [WARN] ModelIntegratedComponent:63 - No mode defined for component null
2026-09-08 20:34:10,002 [WARN] ModelIntegratedComponent:63 - No mode defined for component null
2026-09-08 20:34:10,002 [WARN] ModelIntegratedComponent:63 - No mode defined for component null
2026-09-08 20:34:10,002 [WARN] ModelIntegratedComponent:63 - No mode defined for component null
2026-09-08 20:34:10,002 [WARN] ModelIntegratedComponent:63 - No mode defined for component null
2026-09-08 20:34:10,002 [WARN] ModelIntegratedComponent:63 - No mode defined for component null
2026-09-08 20:34:10,003 [WARN] ModelIntegratedComponent:63 - No mode defined for component null
2026-09-08 20:34:10,003 [WARN] ModelIntegratedComponent:63 - No mode defined for component null
2026-09-08 20:34:10,003 [WARN] ModelIntegratedComponent:63 - No mode defined for component null
2026-09-08 20:34:10,003 [WARN] ModelIntegratedComponent:63 - No mode defined for component null
2026-09-08 20:34:10,003 [WARN] ModelIntegratedComponent:63 - No mode defined for component null
2026-09-08 20:34:10,003 [WARN] ModelIntegratedComponent:63 - No mode defined for component null
2026-09-08 20:34:10,003 [WARN] ModelIntegratedComponent:63 - No mode defined for component null
2026-09-08 20:34:10,003 [WARN] ModelIntegratedComponent:63 - No mode defined for component null
2026-09-08 20:34:10,003 [WARN] ModelIntegratedComponent:63 - No mode defined for component null
2026-09-08 20:34:10,003 [WARN] ModelIntegratedComponent:63 - No mode defined for component null
2026-09-08 20:34:10,003 [WARN] ModelIntegratedComponent:63 - No mode defined for component null
2026-09-08 20:34:10,003 [WARN] ModelIntegratedComponent:63 - No mode defined for component null
2026-09-08 20:34:10,003 [WARN] ModelIntegratedComponent:63 - No mode defined for component null
2026-09-08 20:34:10,003 [WARN] ModelIntegratedComponent:63 - No mode defined for component null
2026-09-08 20:34:10,003 [WARN] ModelIntegratedComponent:63 - No mode defined for component null
2026-09-08 20:34:10,003 [WARN] ModelIntegratedComponent:63 - No mode defined for component null
2026-09-08 20:34:10,003 [WARN] ModelIntegratedComponent:63 - No mode defined for component null
2026-09-08 20:34:10,003 [WARN] ModelIntegratedComponent:63 - No mode defined for component null
2026-09-08 20:34:10,003 [WARN] ModelIntegratedComponent:63 - No mode defined for component null
2026-09-08 20:34:10,003 [WARN] ModelIntegratedComponent:63 - No mode defined for component null
2026-09-08 20:34:10,003 [WARN] ModelIntegratedComponent:63 - No mode defined for component null
2026-09-08 20:34:10,003 [WARN] ModelIntegratedComponent:63 - No mode defined for component null
2026-09-08 20:34:10,003 [WARN] ModelIntegratedComponent:63 - No mode defined for component null
2026-09-08 20:34:10,003 [WARN] ModelPack:524 - Component already loaded: STMicroelectronics:HAL Drivers:0.0.0:STMicroelectronics:Device:STMicro_Driver:XSPI:HAL::0.0.1:HAL_XSPI
2026-09-08 20:34:10,110 [INFO] ThirdPartyModel:298 - Start build external matchings
2026-09-08 20:34:10,707 [INFO] ThirdPartyModel:316 - End build external matchings
2026-09-08 20:34:10,912 [INFO] UtilMem:75 - End LoadConfig() Used Memory: 836201664 Bytes (1073741824)
2026-09-08 20:34:10,936 [WARN] ThirdParty:833 - waiting for thirdparty lock release [change project]
2026-09-08 20:34:10,936 [INFO] ThirdParty:835 - entering critical section [change project]
2026-09-08 20:34:10,936 [INFO] ThirdParty:1030 - CMSIS Pack Vendor :STMicroelectronics X-CUBE-AZRTOS-H7 3.5.0
2026-09-08 20:34:10,936 [INFO] ThirdParty:1030 - CMSIS Pack Vendor :STMicroelectronics X-CUBE-PM33A1 1.0.0
2026-09-08 20:34:10,936 [INFO] ThirdParty:1030 - CMSIS Pack Vendor :STMicroelectronics USBPD 4.1
2026-09-08 20:34:10,936 [INFO] ThirdParty:1030 - CMSIS Pack Vendor :STMicroelectronics USB_HOST 2.0.0
2026-09-08 20:34:10,936 [INFO] ThirdParty:1030 - CMSIS Pack Vendor :STMicroelectronics FP-SNS-MOTENVWB1 1.4.0
2026-09-08 20:34:10,936 [INFO] ThirdParty:1030 - CMSIS Pack Vendor :STMicroelectronics FP-ATR-ASTRA1 2.0.3
2026-09-08 20:34:10,936 [INFO] ThirdParty:1030 - CMSIS Pack Vendor :STMicroelectronics X-CUBE-AZRTOS-F4 1.1.0
2026-09-08 20:34:10,936 [INFO] ThirdParty:1030 - CMSIS Pack Vendor :STMicroelectronics LIBJPEG 8.0.0
2026-09-08 20:34:10,936 [INFO] ThirdParty:1030 - CMSIS Pack Vendor :STMicroelectronics FP-ATR-ASTRA1 2.0.2
2026-09-08 20:34:10,936 [INFO] ThirdParty:1030 - CMSIS Pack Vendor :STMicroelectronics FP-ATR-ASTRA1 2.0.1
2026-09-08 20:34:10,936 [INFO] ThirdParty:1030 - CMSIS Pack Vendor :Avnet-IotConnect X-CUBE-IoTC-DA16k-PMOD 1.0.0
2026-09-08 20:34:10,936 [INFO] ThirdParty:1030 - CMSIS Pack Vendor :STMicroelectronics X-CUBE-SMBUS 2.1.0
2026-09-08 20:34:10,936 [INFO] ThirdParty:1030 - CMSIS Pack Vendor :STMicroelectronics X-CUBE-WB05N 1.1.0
2026-09-08 20:34:10,936 [INFO] ThirdParty:1030 - CMSIS Pack Vendor :STMicroelectronics X-CUBE-IPS 3.2.0
2026-09-08 20:34:10,937 [INFO] ThirdParty:1030 - CMSIS Pack Vendor :STMicroelectronics eDS-WB_DPC_TT-BIDIR 2.1.1
2026-09-08 20:34:10,937 [INFO] ThirdParty:1030 - CMSIS Pack Vendor :STMicroelectronics X-CUBE-ST60 1.0.0
2026-09-08 20:34:10,937 [INFO] ThirdParty:1030 - CMSIS Pack Vendor :STMicroelectronics X-CUBE-NFC12 1.0.0
2026-09-08 20:34:10,937 [INFO] ThirdParty:1030 - CMSIS Pack Vendor :STMicroelectronics X-CUBE-AZRTOS-F7 1.1.0
2026-09-08 20:34:10,937 [INFO] ThirdParty:1030 - CMSIS Pack Vendor :STMicroelectronics X-CUBE-AZRTOS-L5 2.0.0
2026-09-08 20:34:10,937 [INFO] ThirdParty:1030 - CMSIS Pack Vendor :STMicroelectronics USB_DEVICE 2.0.0
2026-09-08 20:34:10,937 [INFO] ThirdParty:1030 - CMSIS Pack Vendor :STMicroelectronics X-CUBE-FREERTOS 1.6.0
2026-09-08 20:34:10,937 [INFO] ThirdParty:1030 - CMSIS Pack Vendor :STMicroelectronics X-CUBE-NFC6 3.1.0
2026-09-08 20:34:10,937 [INFO] ThirdParty:1030 - CMSIS Pack Vendor :STMicroelectronics X-CUBE-ALGOBUILD 1.5.0
2026-09-08 20:34:10,937 [INFO] ThirdParty:1030 - CMSIS Pack Vendor :STMicroelectronics FP-SNS-MOTENV1 5.1.0
2026-09-08 20:34:10,937 [INFO] ThirdParty:1030 - CMSIS Pack Vendor :STMicroelectronics FreeRTOS 0.0.1
2026-09-08 20:34:10,937 [INFO] ThirdParty:1030 - CMSIS Pack Vendor :STMicroelectronics X-CUBE-AZRTOS-H7RS 1.3.0
2026-09-08 20:34:10,937 [INFO] ThirdParty:1030 - CMSIS Pack Vendor :STMicroelectronics X-CUBE-DPower 1.2.0
2026-09-08 20:34:10,937 [INFO] ThirdParty:1030 - CMSIS Pack Vendor :STMicroelectronics eDS-WB_DPC_VIENNA 1.2.0
2026-09-08 20:34:10,937 [INFO] ThirdParty:1030 - CMSIS Pack Vendor :STMicroelectronics X-CUBE-MEMS1 13.0.0
2026-09-08 20:34:10,937 [INFO] ThirdParty:1030 - CMSIS Pack Vendor :STMicroelectronics FP-SNS-FLIGHT1 5.0.2
2026-09-08 20:34:10,937 [INFO] ThirdParty:1030 - CMSIS Pack Vendor :STMicroelectronics eDS-WB_DPC_3PH2L-BIDIR 1.1.1
2026-09-08 20:34:10,937 [INFO] ThirdParty:1030 - CMSIS Pack Vendor :Infineon AIROC-Wi-Fi-Bluetooth-STM32 1.7.0
2026-09-08 20:34:10,937 [INFO] ThirdParty:1030 - CMSIS Pack Vendor :STMicroelectronics PDM2PCM 3.3.0
2026-09-08 20:34:10,937 [INFO] ThirdParty:1030 - CMSIS Pack Vendor :STMicroelectronics X-CUBE-AZRTOS-H7 3.4.0
2026-09-08 20:34:10,937 [INFO] ThirdParty:1030 - CMSIS Pack Vendor :STMicroelectronics X-CUBE-DISPLAY 3.0.0
2026-09-08 20:34:10,937 [INFO] ThirdParty:1030 - CMSIS Pack Vendor :STMicroelectronics X-CUBE-GNSS1 7.1.1
2026-09-08 20:34:10,937 [INFO] ThirdParty:1030 - CMSIS Pack Vendor :STMicroelectronics FP-SNS-MOTENVWB1 1.5.0
2026-09-08 20:34:10,937 [INFO] ThirdParty:1030 - CMSIS Pack Vendor :STMicroelectronics X-CUBE-BLE1 7.0.0
2026-09-08 20:34:10,937 [INFO] ThirdParty:1030 - CMSIS Pack Vendor :STMicroelectronics X-CUBE-NFC10 1.0.0
2026-09-08 20:34:10,938 [INFO] ThirdParty:1030 - CMSIS Pack Vendor :STMicroelectronics X-CUBE-BLEMGR 4.0.0
2026-09-08 20:34:10,938 [INFO] ThirdParty:1030 - CMSIS Pack Vendor :STMicroelectronics X-CUBE-FREERTOS 1.3.1
2026-09-08 20:34:10,938 [INFO] ThirdParty:1030 - CMSIS Pack Vendor :STMicroelectronics HAL Drivers 0.0.0
2026-09-08 20:34:10,938 [INFO] ThirdParty:1030 - CMSIS Pack Vendor :STMicroelectronics X-CUBE-ST60 1.1.0
2026-09-08 20:34:10,938 [INFO] ThirdParty:1030 - CMSIS Pack Vendor :emotas I-CUBE-CANOPEN 1.3.0
2026-09-08 20:34:10,938 [INFO] ThirdParty:1030 - CMSIS Pack Vendor :STMicroelectronics X-CUBE-FREERTOS 1.3.0
2026-09-08 20:34:10,938 [INFO] ThirdParty:1030 - CMSIS Pack Vendor :STMicroelectronics X-CUBE-NFC7 1.0.1
2026-09-08 20:34:10,938 [INFO] ThirdParty:1030 - CMSIS Pack Vendor :STMicroelectronics MBEDTLS 2.14.1
2026-09-08 20:34:10,938 [INFO] ThirdParty:1030 - CMSIS Pack Vendor :STMicroelectronics X-CUBE-GNSS1 7.1.0
2026-09-08 20:34:10,938 [INFO] ThirdParty:1030 - CMSIS Pack Vendor :STMicroelectronics X-CUBE-TOUCHGFX 4.26.0
2026-09-08 20:34:10,938 [INFO] ThirdParty:1030 - CMSIS Pack Vendor :STMicroelectronics X-CUBE-TOUCHGFX 4.26.1
2026-09-08 20:34:10,938 [INFO] ThirdParty:1030 - CMSIS Pack Vendor :STMicroelectronics X-CUBE-AI 10.0.0
2026-09-08 20:34:10,938 [INFO] ThirdParty:1030 - CMSIS Pack Vendor :STMicroelectronics FP-SNS-STBOX1 2.1.0
2026-09-08 20:34:10,938 [INFO] ThirdParty:1030 - CMSIS Pack Vendor :STMicroelectronics FP-SNS-STAIOTCFT 1.0.0
2026-09-08 20:34:10,938 [INFO] ThirdParty:1030 - CMSIS Pack Vendor :STMicroelectronics FP-SNS-SMARTAG2 1.2.0
2026-09-08 20:34:10,938 [INFO] ThirdParty:1030 - CMSIS Pack Vendor :STMicroelectronics FP-SNS-FLIGHT1 5.1.0
2026-09-08 20:34:10,938 [INFO] ThirdParty:1030 - CMSIS Pack Vendor :STMicroelectronics X-CUBE-MEMS1 11.1.0
2026-09-08 20:34:10,938 [INFO] ThirdParty:1030 - CMSIS Pack Vendor :STMicroelectronics X-CUBE-AZRTOS-WL 2.0.0
2026-09-08 20:34:10,938 [INFO] ThirdParty:1030 - CMSIS Pack Vendor :STMicroelectronics X-CUBE-DPower 1.3.0
2026-09-08 20:34:10,938 [INFO] ThirdParty:1030 - CMSIS Pack Vendor :STMicroelectronics FP-SNS-MOTENV1 5.0.0
2026-09-08 20:34:10,939 [INFO] ThirdParty:1030 - CMSIS Pack Vendor :STMicroelectronics USB_DEVICE 1.0.0
2026-09-08 20:34:10,939 [INFO] ThirdParty:1030 - CMSIS Pack Vendor :STMicroelectronics X-CUBE-AZRTOS-H7RS 1.2.0
2026-09-08 20:34:10,939 [INFO] ThirdParty:1030 - CMSIS Pack Vendor :STMicroelectronics X-CUBE-AZRTOS-L4 2.0.0
2026-09-08 20:34:10,939 [INFO] ThirdParty:1030 - CMSIS Pack Vendor :STMicroelectronics ThreadX 0.0.2
2026-09-08 20:34:10,939 [INFO] ThirdParty:1030 - CMSIS Pack Vendor :WES I-CUBE-Cesium 1.3.0
2026-09-08 20:34:10,939 [INFO] ThirdParty:1030 - CMSIS Pack Vendor :STMicroelectronics lwIP 2.1.2
2026-09-08 20:34:10,939 [INFO] ThirdParty:1030 - CMSIS Pack Vendor :STMicroelectronics X-CUBE-SFXS2LP1 4.0.0
2026-09-08 20:34:10,939 [INFO] ThirdParty:1030 - CMSIS Pack Vendor :STMicroelectronics X-CUBE-BLE2 3.3.0
2026-09-08 20:34:10,939 [INFO] ThirdParty:1030 - CMSIS Pack Vendor :Avnet-IOTCONNECT X-CUBE-iotc-st67-sdk 1.0.0
2026-09-08 20:34:10,939 [INFO] ThirdParty:1030 - CMSIS Pack Vendor :STMicroelectronics PDM2PCM 3.2.0
2026-09-08 20:34:10,939 [INFO] ThirdParty:1030 - CMSIS Pack Vendor :STMicroelectronics X-CUBE-WB05N 2.1.0
2026-09-08 20:34:10,939 [INFO] ThirdParty:1030 - CMSIS Pack Vendor :STMicroelectronics X-CUBE-ST67W61 1.2.0
2026-09-08 20:34:10,939 [INFO] ThirdParty:1030 - CMSIS Pack Vendor :STMicroelectronics X-CUBE-AZRTOS-H7 3.3.0
2026-09-08 20:34:10,939 [INFO] ThirdParty:1030 - CMSIS Pack Vendor :STMicroelectronics X-CUBE-NFC9 1.0.0
2026-09-08 20:34:10,939 [INFO] ThirdParty:1030 - CMSIS Pack Vendor :STMicroelectronics X-CUBE-BLE1 7.1.0
2026-09-08 20:34:10,939 [INFO] ThirdParty:1030 - CMSIS Pack Vendor :wolfSSL I-CUBE-wolfMQTT 1.19.2
2026-09-08 20:34:10,939 [INFO] ThirdParty:1030 - CMSIS Pack Vendor :STMicroelectronics USB_DEVICE 3.0.0
2026-09-08 20:34:10,939 [INFO] ThirdParty:1030 - CMSIS Pack Vendor :STMicroelectronics X-CUBE-FREERTOS 1.4.0
2026-09-08 20:34:10,939 [INFO] ThirdParty:1030 - CMSIS Pack Vendor :STMicroelectronics X-CUBE-EEPRMA1 5.2.0
2026-09-08 20:34:10,939 [INFO] ThirdParty:1030 - CMSIS Pack Vendor :STMicroelectronics X-CUBE-BLEMGR 4.1.0
2026-09-08 20:34:10,939 [INFO] ThirdParty:1030 - CMSIS Pack Vendor :STMicroelectronics X-CUBE-AZRTOS-WB 2.0.0
2026-09-08 20:34:10,939 [INFO] ThirdParty:1030 - CMSIS Pack Vendor :STMicroelectronics X-CUBE-GNSS1 7.0.1
2026-09-08 20:34:10,939 [INFO] ThirdParty:1030 - CMSIS Pack Vendor :STMicroelectronics X-CUBE-TOUCHGFX 4.25.0
2026-09-08 20:34:10,939 [INFO] ThirdParty:1030 - CMSIS Pack Vendor :STMicroelectronics X-CUBE-ST67W61 1.1.0
2026-09-08 20:34:10,939 [INFO] ThirdParty:1030 - CMSIS Pack Vendor :STMicroelectronics X-CUBE-AI 10.1.0
2026-09-08 20:34:10,939 [INFO] ThirdParty:1030 - CMSIS Pack Vendor :STMicroelectronics FP-SNS-STBOX1 2.0.0
2026-09-08 20:34:10,939 [INFO] ThirdParty:1030 - CMSIS Pack Vendor :STMicroelectronics FP-SNS-STAIOTCFT 1.1.0
2026-09-08 20:34:10,939 [INFO] ThirdParty:1030 - CMSIS Pack Vendor :STMicroelectronics X-CUBE-MEMS1 12.0.0
2026-09-08 20:34:10,939 [INFO] ThirdParty:1030 - CMSIS Pack Vendor :STMicroelectronics X-CUBE-STSE01 2.0.0
2026-09-08 20:34:10,939 [INFO] ThirdParty:1030 - CMSIS Pack Vendor :STMicroelectronics X-CUBE-AZRTOS-G0 1.1.0
2026-09-08 20:34:10,939 [INFO] ThirdParty:1030 - CMSIS Pack Vendor :STMicroelectronics X-CUBE-SAFEA1 1.2.2
2026-09-08 20:34:10,939 [INFO] ThirdParty:1030 - CMSIS Pack Vendor :STMicroelectronics X-CUBE-NFC4 3.0.0
2026-09-08 20:34:10,939 [INFO] ThirdParty:1030 - CMSIS Pack Vendor :STMicroelectronics X-CUBE-SUBG2 5.0.0
2026-09-08 20:34:10,939 [INFO] ThirdParty:1030 - CMSIS Pack Vendor :STMicroelectronics X-CUBE-AZRTOS-H7RS 1.1.0
2026-09-08 20:34:10,939 [INFO] ThirdParty:1030 - CMSIS Pack Vendor :STMicroelectronics STM32_WPAN 1.0.0
2026-09-08 20:34:10,939 [INFO] ThirdParty:1030 - CMSIS Pack Vendor :EmbeddedOffice I-CUBE-FS-RTOS 1.0.1
2026-09-08 20:34:10,939 [INFO] ThirdParty:1030 - CMSIS Pack Vendor :STMicroelectronics lwIP 2.0.3
2026-09-08 20:34:10,939 [INFO] ThirdParty:1030 - CMSIS Pack Vendor :Cesanta I-CUBE-Mongoose 7.13.0
2026-09-08 20:34:10,939 [INFO] ThirdParty:1030 - CMSIS Pack Vendor :STMicroelectronics USB_HOST 1.0.0
2026-09-08 20:34:10,939 [INFO] ThirdParty:1030 - CMSIS Pack Vendor :STMicroelectronics X-CUBE-AZRTOS-G4 2.0.0
2026-09-08 20:34:10,939 [INFO] ThirdParty:1030 - CMSIS Pack Vendor :STMicroelectronics X-CUBE-WB05N 2.0.0
2026-09-08 20:34:10,939 [INFO] ThirdParty:1030 - CMSIS Pack Vendor :STMicroelectronics PDM2PCM 3.1.0
2026-09-08 20:34:10,939 [INFO] ThirdParty:1030 - CMSIS Pack Vendor :wolfSSL I-CUBE-wolfTPM 3.8.0
2026-09-08 20:34:10,939 [INFO] ThirdParty:1030 - CMSIS Pack Vendor :wolfSSL I-CUBE-wolfSSH 1.4.20
2026-09-08 20:34:10,940 [INFO] ThirdParty:1030 - CMSIS Pack Vendor :STMicroelectronics X-CUBE-NFC7 2.0.0
2026-09-08 20:34:10,940 [INFO] ThirdParty:1030 - CMSIS Pack Vendor :STMicroelectronics X-CUBE-TCPP 4.2.0
2026-09-08 20:34:10,940 [INFO] ThirdParty:1030 - CMSIS Pack Vendor :RealThread X-CUBE-RT-Thread_Nano 4.1.1
2026-09-08 20:34:10,940 [INFO] ThirdParty:1030 - CMSIS Pack Vendor :STMicroelectronics FP-ATR-SIGFOX1 3.2.0
2026-09-08 20:34:10,940 [INFO] ThirdParty:1030 - CMSIS Pack Vendor :quantropi X-CUBE-qispace-sdk-base 1.9.3
2026-09-08 20:34:10,940 [INFO] ThirdParty:1030 - CMSIS Pack Vendor :STMicroelectronics X-CUBE-EEPRMA1 5.1.0
2026-09-08 20:34:10,940 [INFO] ThirdParty:1030 - CMSIS Pack Vendor :STMicroelectronics X-CUBE-FREERTOS 1.5.0
2026-09-08 20:34:10,940 [INFO] ThirdParty:1030 - CMSIS Pack Vendor :STMicroelectronics MBEDTLS 2.16.2
2026-09-08 20:34:10,940 [INFO] ThirdParty:1030 - CMSIS Pack Vendor :STMicroelectronics X-CUBE-IPS 3.1.0
2026-09-08 20:34:10,940 [INFO] ThirdParty:1030 - CMSIS Pack Vendor :STMicroelectronics X-CUBE-ALS 1.0.2
2026-09-08 20:34:10,940 [INFO] ThirdParty:1030 - CMSIS Pack Vendor :wolfSSL I-CUBE-wolfSSL 5.7.6
2026-09-08 20:34:10,940 [INFO] ThirdParty:1030 - CMSIS Pack Vendor :ITTIA_DB I-CUBE-ITTIADB 8.9.0
2026-09-08 20:34:10,940 [INFO] ThirdParty:1030 - CMSIS Pack Vendor :STMicroelectronics X-CUBE-TOUCHGFX 4.24.2
2026-09-08 20:34:10,940 [INFO] ThirdParty:1030 - CMSIS Pack Vendor :STMicroelectronics X-CUBE-STSE01 1.0.0
2026-09-08 20:34:10,940 [INFO] ThirdParty:1030 - CMSIS Pack Vendor :portGmbH I-Cube-SoM-uGOAL 1.1.0
2026-09-08 20:34:10,941 [INFO] ThirdParty:1030 - CMSIS Pack Vendor :STMicroelectronics X-CUBE-NFC6 3.2.0
2026-09-08 20:34:10,941 [INFO] ThirdParty:1030 - CMSIS Pack Vendor :STMicroelectronics X-CUBE-ST67W61 1.0.0
2026-09-08 20:34:10,941 [INFO] ThirdParty:1030 - CMSIS Pack Vendor :STMicroelectronics X-CUBE-AI 10.2.1
2026-09-08 20:34:10,941 [INFO] ThirdParty:1030 - CMSIS Pack Vendor :STMicroelectronics X-CUBE-AI 10.2.0
2026-09-08 20:34:10,941 [INFO] ThirdParty:1030 - CMSIS Pack Vendor :STMicroelectronics ThreadX 1.0.0
2026-09-08 20:34:10,941 [INFO] ThirdParty:1030 - CMSIS Pack Vendor :STMicroelectronics X-CUBE-MEMS1 12.1.0
2026-09-08 20:34:10,941 [INFO] ThirdParty:1030 - CMSIS Pack Vendor :SEGGER I-CUBE-embOS 1.3.1
2026-09-08 20:34:10,941 [INFO] ThirdParty:1030 - CMSIS Pack Vendor :STMicroelectronics X-CUBE-ALGOBUILD 1.4.0
2026-09-08 20:34:10,941 [INFO] ThirdParty:1030 - CMSIS Pack Vendor :STMicroelectronics X-CUBE-MEMS1 11.3.0
2026-09-08 20:34:10,941 [INFO] ThirdParty:1030 - CMSIS Pack Vendor :STMicroelectronics X-CUBE-AZRTOS-H7RS 1.0.0
2026-09-08 20:34:10,941 [INFO] ThirdParty:1030 - CMSIS Pack Vendor :STMicroelectronics X-CUBE-TOF1 3.4.2
2026-09-08 20:34:10,941 [INFO] ThirdParty:1030 - CMSIS Pack Vendor :STMicroelectronics X-CUBE-TOF1 3.4.3
2026-09-08 20:34:10,941 [INFO] ThirdParty:1030 - CMSIS Pack Vendor :STMicroelectronics X-CUBE-AI 9.1.0
2026-09-08 20:34:10,941 [INFO] ThirdParty:1030 - CMSIS Pack Vendor :STMicroelectronics X-CUBE-NFC13 1.0.0
2026-09-08 20:34:10,942 [INFO] ThirdParty:841 - exiting critical section [change project]
2026-09-08 20:34:11,049 [INFO] PinOutPanel:1589 - setPackage(No Configuration,No Configuration)
2026-09-08 20:34:11,053 [INFO] PinOutPanel:1589 - setPackage(STM32F042G4Ux,UFQFPN28)
2026-09-08 20:34:11,542 [INFO] UtilMem:75 - Before build in PCC Used Memory: 965404432 Bytes (1073741824)
2026-09-08 20:34:11,758 [INFO] UtilMem:75 - After build in PCC Used Memory: 806073696 Bytes (1073741824)
2026-09-08 20:34:11,771 [INFO] IPUIPlugin:80 - create IPUIPlugin
2026-09-08 20:34:11,771 [INFO] IPUIPlugin:80 - create IPUIPlugin
2026-09-08 20:34:11,771 [INFO] IPUIPlugin:80 - create IPUIPlugin
2026-09-08 20:34:11,771 [INFO] IPUIPlugin:80 - create IPUIPlugin
2026-09-08 20:34:11,771 [INFO] IPUIPlugin:80 - create IPUIPlugin
2026-09-08 20:34:11,771 [INFO] IPUIPlugin:80 - create IPUIPlugin
2026-09-08 20:34:11,771 [INFO] IPUIPlugin:80 - create IPUIPlugin
2026-09-08 20:34:11,771 [INFO] IPUIPlugin:80 - create IPUIPlugin
2026-09-08 20:34:11,771 [INFO] IPUIPlugin:80 - create IPUIPlugin
2026-09-08 20:34:11,772 [INFO] IPUIPlugin:80 - create IPUIPlugin
2026-09-08 20:34:11,772 [INFO] IPUIPlugin:80 - create IPUIPlugin
2026-09-08 20:34:11,772 [INFO] IPUIPlugin:80 - create IPUIPlugin
2026-09-08 20:34:11,772 [INFO] IPUIPlugin:80 - create IPUIPlugin
2026-09-08 20:34:11,772 [INFO] IPUIPlugin:80 - create IPUIPlugin
2026-09-08 20:34:11,772 [INFO] IPUIPlugin:80 - create IPUIPlugin
2026-09-08 20:34:11,772 [INFO] IPUIPlugin:80 - create IPUIPlugin
2026-09-08 20:34:11,772 [INFO] IPUIPlugin:80 - create IPUIPlugin
2026-09-08 20:34:11,772 [INFO] IPUIPlugin:80 - create IPUIPlugin
2026-09-08 20:34:11,772 [INFO] IPUIPlugin:80 - create IPUIPlugin
2026-09-08 20:34:11,772 [INFO] IPUIPlugin:80 - create IPUIPlugin
2026-09-08 20:34:11,772 [INFO] IPUIPlugin:80 - create IPUIPlugin
2026-09-08 20:34:11,772 [INFO] IPUIPlugin:80 - create IPUIPlugin
2026-09-08 20:34:11,772 [INFO] IPUIPlugin:80 - create IPUIPlugin
2026-09-08 20:34:11,772 [INFO] IPUIPlugin:80 - create IPUIPlugin
2026-09-08 20:34:11,772 [INFO] IPUIPlugin:80 - create IPUIPlugin
2026-09-08 20:34:11,773 [INFO] IPUIPlugin:80 - create IPUIPlugin
2026-09-08 20:34:11,773 [INFO] IPUIPlugin:80 - create IPUIPlugin
2026-09-08 20:34:11,773 [INFO] IPUIPlugin:80 - create IPUIPlugin
2026-09-08 20:34:11,773 [INFO] IPUIPlugin:80 - create IPUIPlugin
2026-09-08 20:34:11,773 [INFO] IPUIPlugin:80 - create IPUIPlugin
2026-09-08 20:34:11,840 [INFO] CADModel:165 - CPN selected for project levelSTM32F042G4U6
2026-09-08 20:34:11,840 [INFO] CADModel:114 - Register for checkConnection events
2026-09-08 20:34:11,887 [INFO] OpenFileManager:386 - Restore cursor
2026-09-08 20:34:12,445 [INFO] UtilMem:75 - End SaveConfig() Used Memory: 881184872 Bytes (1073741824)
2026-09-08 20:34:13,045 [INFO] ServerAccessManage:452 - Complete download http(s) 200
2026-09-08 20:34:13,045 [INFO] ServerAccessManage:509 - Download File stm32cube_fw_f0_v1110.zip
2026-09-08 20:34:23,840 [WARN] FileExtend:469 - File entry not found
2026-09-08 20:34:23,841 [INFO] FileExtend:248 - Unzip File : stm32cube_fw_f0_v1110.zip
2026-09-08 20:34:23,841 [INFO] FileExtend:263 - Standard Zip Deflate
2026-09-08 20:34:31,613 [INFO] ServerAccessManage:452 - Complete download http(s) 200
2026-09-08 20:34:31,614 [INFO] ServerAccessManage:509 - Download File stm32cube_fw_f0_v1116.zip
2026-09-08 20:34:41,778 [INFO] FileExtend:248 - Unzip File : stm32cube_fw_f0_v1116.zip
2026-09-08 20:34:41,779 [INFO] FileExtend:263 - Standard Zip Deflate
2026-09-08 20:34:48,531 [INFO] LoadServerPackagesThread:196 - End of LoadServerPackages Thread
2026-09-08 20:34:48,811 [INFO] ThirdPartyModel:298 - Start build external matchings
2026-09-08 20:34:48,867 [INFO] UtilMem:75 - End SaveConfig() Used Memory: 971838520 Bytes (1073741824)
2026-09-08 20:34:49,424 [INFO] BlockDiagram:2775 - set Specific Code input for plugin: RCC
2026-09-08 20:34:49,424 [INFO] BlockDiagram:2775 - set Specific Code input for plugin: NVIC
2026-09-08 20:34:49,426 [INFO] CodeGenerator:892 - code generatio: config db path: C:\ST\STM32CubeIDE_1.19.0\STM32CubeIDE\plugins\com.st.stm32cube.common.mx_6.15.0.202507011659\\db\
2026-09-08 20:34:49,580 [INFO] CodeEngine:265 - oldGeneratedFile, D:\tech\robotyka\robots\evangelion-turbo\kod\motor-driver-f0\MXTmpFiles\license.tmp_save
2026-09-08 20:34:49,679 [INFO] ThirdPartyModel:316 - End build external matchings
2026-09-08 20:34:49,714 [INFO] CheckServerUpdateThread:120 - End of CheckServer Thread
2026-09-08 20:34:50,122 [INFO] CodeEngine:289 - Generated code: D:\tech\robotyka\robots\evangelion-turbo\kod\motor-driver-f0\MXTmpFiles\license.tmp
2026-09-08 20:34:50,146 [INFO] CodeEngine:265 - oldGeneratedFile, D:\tech\robotyka\robots\evangelion-turbo\kod\motor-driver-f0\Core\Src\stm32f0xx_it.c_save
2026-09-08 20:34:50,293 [INFO] CodeEngine:289 - Generated code: D:\tech\robotyka\robots\evangelion-turbo\kod\motor-driver-f0\Core\Src\stm32f0xx_it.c
2026-09-08 20:34:50,300 [INFO] CodeEngine:265 - oldGeneratedFile, D:\tech\robotyka\robots\evangelion-turbo\kod\motor-driver-f0\Core\Inc\stm32f0xx_it.h_save
2026-09-08 20:34:50,363 [INFO] CodeEngine:289 - Generated code: D:\tech\robotyka\robots\evangelion-turbo\kod\motor-driver-f0\Core\Inc\stm32f0xx_it.h
2026-09-08 20:34:50,623 [INFO] CodeEngine:265 - oldGeneratedFile, D:\tech\robotyka\robots\evangelion-turbo\kod\motor-driver-f0\Core\Src\stm32f0xx_hal_msp.c_save
2026-09-08 20:34:50,728 [INFO] CodeEngine:289 - Generated code: D:\tech\robotyka\robots\evangelion-turbo\kod\motor-driver-f0\Core\Src\stm32f0xx_hal_msp.c
2026-09-08 20:34:50,734 [INFO] CodeEngine:265 - oldGeneratedFile, D:\tech\robotyka\robots\evangelion-turbo\kod\motor-driver-f0\MXTmpFiles\system.tmp_save
2026-09-08 20:34:50,790 [INFO] CodeEngine:289 - Generated code: D:\tech\robotyka\robots\evangelion-turbo\kod\motor-driver-f0\MXTmpFiles\system.tmp
2026-09-08 20:34:50,799 [INFO] CodeEngine:321 - oldGeneratedFile, D:\tech\robotyka\robots\evangelion-turbo\kod\motor-driver-f0\Core\Inc\stm32f0xx_hal_conf.h_save
2026-09-08 20:34:50,892 [INFO] CodeEngine:345 - Generated code: D:\tech\robotyka\robots\evangelion-turbo\kod\motor-driver-f0\Core\Inc\stm32f0xx_hal_conf.h
2026-09-08 20:34:50,965 [INFO] ApiDbMcu:532 - Load IP Config File for RCC
2026-09-08 20:34:50,971 [INFO] CodeEngine:265 - oldGeneratedFile, D:\tech\robotyka\robots\evangelion-turbo\kod\motor-driver-f0\Core\Inc\main.h_save
2026-09-08 20:34:51,070 [INFO] CodeEngine:289 - Generated code: D:\tech\robotyka\robots\evangelion-turbo\kod\motor-driver-f0\Core\Inc\main.h
2026-09-08 20:34:51,076 [INFO] CodeEngine:265 - oldGeneratedFile, D:\tech\robotyka\robots\evangelion-turbo\kod\motor-driver-f0\Core\Src\main.c_save
2026-09-08 20:34:51,183 [INFO] CodeEngine:289 - Generated code: D:\tech\robotyka\robots\evangelion-turbo\kod\motor-driver-f0\Core\Src\main.c
2026-09-08 20:34:51,448 [INFO] ProjectBuilder:3606 - Time for Copy HAL[1] : 100mS.
2026-09-08 20:34:51,458 [INFO] ProjectBuilder:5216 - Project Generator version: 4.7.0-B52
2026-09-08 20:34:51,563 [INFO] ConfigFileManager:1595 - The Die is : DIE445
2026-09-08 20:34:51,588 [INFO] ApiDbMcu:532 - Load IP Config File for FATFS
2026-09-08 20:34:51,598 [INFO] ApiDbMcu:532 - Load IP Config File for FREERTOS
2026-09-08 20:34:51,610 [INFO] ApiDbMcu:532 - Load IP Config File for TOUCHSENSING
2026-09-08 20:34:51,622 [INFO] ApiDbMcu:532 - Load IP Config File for USB_DEVICE
2026-09-08 20:34:52,154 [INFO] LogOutputStream:77 - [STDOUT_REDIRECT] 
2026-09-08 20:34:54,290 [INFO] ProjectBuilder:5496 - Time for Generating toolchain IDE Files: 2829mS.
2026-09-08 20:34:54,291 [INFO] ProjectBuilder:3463 - Time for Copy CMSIS : 1mS.
2026-09-08 20:34:54,292 [INFO] ProjectBuilder:3463 - Time for Copy CMSIS : 0mS.
2026-09-08 20:34:54,837 [INFO] McuFinderGlobals:76 - Set McuFinderConnectedMode to true
2026-09-08 20:34:54,839 [INFO] ApiDb:448 - Save user favorites file C:\Users\szymo/.stm32cubeide/favorites.mcus.txt: 1 item(s)
2026-09-08 20:34:54,839 [INFO] ApiDb:452 - User favorites MCUs=[STM32C011D6Y3TR]
2026-09-08 20:35:42,621 [INFO] Gpio:278 - dependency for GPIO [RCC]
2026-09-08 20:35:42,995 [INFO] Gpio:278 - dependency for GPIO [RCC]
2026-09-08 20:36:16,030 [INFO] Gpio:278 - dependency for GPIO [RCC]
2026-09-08 20:36:29,742 [INFO] UtilMem:75 - End SaveConfig() Used Memory: 825608336 Bytes (1073741824)
2026-09-08 20:36:30,506 [INFO] UtilMem:75 - End SaveConfig() Used Memory: 858859720 Bytes (1073741824)
2026-09-08 20:36:31,280 [INFO] UtilMem:75 - End SaveConfig() Used Memory: 949352304 Bytes (1073741824)
2026-09-08 20:36:31,434 [INFO] BlockDiagram:2775 - set Specific Code input for plugin: SYS
2026-09-08 20:36:31,434 [INFO] BlockDiagram:2775 - set Specific Code input for plugin: RCC
2026-09-08 20:36:31,434 [INFO] BlockDiagram:2775 - set Specific Code input for plugin: NVIC
2026-09-08 20:36:31,434 [INFO] BlockDiagram:2775 - set Specific Code input for plugin: GPIO
2026-09-08 20:36:31,435 [INFO] CodeGenerator:892 - code generatio: config db path: C:\ST\STM32CubeIDE_1.19.0\STM32CubeIDE\plugins\com.st.stm32cube.common.mx_6.15.0.202507011659\\db\
2026-09-08 20:36:31,468 [INFO] CodeEngine:265 - oldGeneratedFile, D:\tech\robotyka\robots\evangelion-turbo\kod\motor-driver-f0\MXTmpFiles\license.tmp_save
2026-09-08 20:36:31,535 [INFO] CodeEngine:289 - Generated code: D:\tech\robotyka\robots\evangelion-turbo\kod\motor-driver-f0\MXTmpFiles\license.tmp
2026-09-08 20:36:31,550 [INFO] CodeEngine:265 - oldGeneratedFile, D:\tech\robotyka\robots\evangelion-turbo\kod\motor-driver-f0\MXTmpFiles\gpio.tmp_save
2026-09-08 20:36:31,616 [INFO] CodeEngine:289 - Generated code: D:\tech\robotyka\robots\evangelion-turbo\kod\motor-driver-f0\MXTmpFiles\gpio.tmp
2026-09-08 20:36:31,630 [INFO] CodeEngine:265 - oldGeneratedFile, D:\tech\robotyka\robots\evangelion-turbo\kod\motor-driver-f0\Core\Src\stm32f0xx_it.c_save
2026-09-08 20:36:31,688 [INFO] CodeEngine:289 - Generated code: D:\tech\robotyka\robots\evangelion-turbo\kod\motor-driver-f0\Core\Src\stm32f0xx_it.c
2026-09-08 20:36:31,692 [INFO] CodeEngine:265 - oldGeneratedFile, D:\tech\robotyka\robots\evangelion-turbo\kod\motor-driver-f0\Core\Inc\stm32f0xx_it.h_save
2026-09-08 20:36:31,723 [INFO] CodeEngine:289 - Generated code: D:\tech\robotyka\robots\evangelion-turbo\kod\motor-driver-f0\Core\Inc\stm32f0xx_it.h
2026-09-08 20:36:31,729 [INFO] CodeEngine:265 - oldGeneratedFile, D:\tech\robotyka\robots\evangelion-turbo\kod\motor-driver-f0\Core\Src\stm32f0xx_hal_msp.c_save
2026-09-08 20:36:31,799 [INFO] CodeEngine:289 - Generated code: D:\tech\robotyka\robots\evangelion-turbo\kod\motor-driver-f0\Core\Src\stm32f0xx_hal_msp.c
2026-09-08 20:36:31,801 [INFO] CodeEngine:265 - oldGeneratedFile, D:\tech\robotyka\robots\evangelion-turbo\kod\motor-driver-f0\MXTmpFiles\system.tmp_save
2026-09-08 20:36:31,829 [INFO] CodeEngine:289 - Generated code: D:\tech\robotyka\robots\evangelion-turbo\kod\motor-driver-f0\MXTmpFiles\system.tmp
2026-09-08 20:36:31,836 [INFO] CodeEngine:321 - oldGeneratedFile, D:\tech\robotyka\robots\evangelion-turbo\kod\motor-driver-f0\Core\Inc\stm32f0xx_hal_conf.h_save
2026-09-08 20:36:31,903 [INFO] CodeEngine:345 - Generated code: D:\tech\robotyka\robots\evangelion-turbo\kod\motor-driver-f0\Core\Inc\stm32f0xx_hal_conf.h
2026-09-08 20:36:31,920 [INFO] CodeEngine:265 - oldGeneratedFile, D:\tech\robotyka\robots\evangelion-turbo\kod\motor-driver-f0\Core\Inc\main.h_save
2026-09-08 20:36:31,975 [INFO] CodeEngine:289 - Generated code: D:\tech\robotyka\robots\evangelion-turbo\kod\motor-driver-f0\Core\Inc\main.h
2026-09-08 20:36:31,978 [INFO] CodeEngine:265 - oldGeneratedFile, D:\tech\robotyka\robots\evangelion-turbo\kod\motor-driver-f0\Core\Src\main.c_save
2026-09-08 20:36:32,041 [INFO] CodeEngine:289 - Generated code: D:\tech\robotyka\robots\evangelion-turbo\kod\motor-driver-f0\Core\Src\main.c
2026-09-08 20:36:32,181 [INFO] ProjectBuilder:3606 - Time for Copy HAL[1] : 57mS.
2026-09-08 20:36:32,183 [INFO] ProjectBuilder:5216 - Project Generator version: 4.7.0-B52
2026-09-08 20:36:32,236 [INFO] ConfigFileManager:1595 - The Die is : DIE445
2026-09-08 20:36:32,924 [INFO] ProjectBuilder:5496 - Time for Generating toolchain IDE Files: 741mS.
2026-09-08 20:36:32,925 [INFO] ProjectBuilder:3463 - Time for Copy CMSIS : 0mS.
2026-09-08 20:36:32,925 [INFO] ProjectBuilder:3463 - Time for Copy CMSIS : 0mS.
2026-09-08 20:36:33,259 [INFO] MainUpdater:2872 - connection check result : 10
2026-09-08 20:36:33,260 [INFO] MainUpdater:2872 - connection check result : 10
2026-09-08 20:36:33,273 [INFO] MicroXplorer:468 - Change Database Path : 
2026-09-08 20:36:33,273 [INFO] MicroXplorer:498 - Change Database Version : DB.6.0.150
2026-09-08 20:36:33,301 [ERROR] ProjectManagerView:395 - 
java.lang.NullPointerException: Cannot invoke "javax.swing.JTextField.getText()" because the return value of "java.util.List.get(int)" is null
	at com.st.microxplorer.plugins.projectmanager.gui.ProjectChoiceTab$9.caretUpdate(ProjectChoiceTab.java:2706) ~[filemanager.jar:?]
	at javax.swing.text.JTextComponent.fireCaretUpdate(JTextComponent.java:408) ~[?:?]
	at javax.swing.text.JTextComponent$MutableCaretEvent.fire(JTextComponent.java:4484) ~[?:?]
	at javax.swing.text.JTextComponent$MutableCaretEvent.stateChanged(JTextComponent.java:4506) ~[?:?]
	at javax.swing.text.DefaultCaret.fireStateChanged(DefaultCaret.java:857) ~[?:?]
	at javax.swing.text.DefaultCaret.changeCaretPosition(DefaultCaret.java:1343) ~[?:?]
	at javax.swing.text.DefaultCaret.handleSetDot(DefaultCaret.java:1242) ~[?:?]
	at javax.swing.text.DefaultCaret.setDot(DefaultCaret.java:1223) ~[?:?]
	at javax.swing.text.DefaultCaret$Handler.insertUpdate(DefaultCaret.java:1819) ~[?:?]
	at javax.swing.text.AbstractDocument.fireInsertUpdate(AbstractDocument.java:227) ~[?:?]
	at javax.swing.text.AbstractDocument.handleInsertString(AbstractDocument.java:781) ~[?:?]
	at javax.swing.text.AbstractDocument.insertString(AbstractDocument.java:740) ~[?:?]
	at javax.swing.text.PlainDocument.insertString(PlainDocument.java:131) ~[?:?]
	at javax.swing.text.AbstractDocument.replace(AbstractDocument.java:699) ~[?:?]
	at javax.swing.text.JTextComponent.setText(JTextComponent.java:1725) ~[?:?]
	at com.st.microxplorer.plugins.projectmanager.gui.ProjectChoiceTab.createHeapStackFields(ProjectChoiceTab.java:993) ~[filemanager.jar:?]
	at com.st.microxplorer.plugins.projectmanager.gui.ProjectChoiceTab.buildLinkSettingsPanel(ProjectChoiceTab.java:3813) ~[filemanager.jar:?]
	at com.st.microxplorer.plugins.projectmanager.gui.ProjectChoiceTab.defineWindowsFields(ProjectChoiceTab.java:1987) ~[filemanager.jar:?]
	at com.st.microxplorer.plugins.projectmanager.gui.ProjectChoiceTab.updateSettings(ProjectChoiceTab.java:558) ~[filemanager.jar:?]
	at com.st.microxplorer.plugins.projectmanager.gui.ProjectSettingsPanel.UpdateDialog(ProjectSettingsPanel.java:247) ~[filemanager.jar:?]
	at com.st.microxplorer.plugins.projectmanager.ProjectManagerView.propertyChange(ProjectManagerView.java:392) ~[filemanager.jar:?]
	at java.beans.PropertyChangeSupport.fire(PropertyChangeSupport.java:343) ~[?:?]
	at java.beans.PropertyChangeSupport.firePropertyChange(PropertyChangeSupport.java:335) ~[?:?]
	at java.beans.PropertyChangeSupport.firePropertyChange(PropertyChangeSupport.java:268) ~[?:?]
	at com.st.microxplorer.util.MXPropertyChangeSupport.firePropertyChange(MXPropertyChangeSupport.java:54) ~[STM32CubeMX.jar:?]
	at com.st.microxplorer.mxsystem.MxSystem.closeConfig(MxSystem.java:899) ~[STM32CubeMX.jar:?]
	at com.st.microxplorer.maingui.MainPanel.closeConfig(MainPanel.java:792) ~[STM32CubeMX.jar:?]
	at com.st.microxplorer.plugins.filemanager.engine.OpenFileManager.loadConfigurationFile(OpenFileManager.java:288) ~[filemanager.jar:?]
	at com.st.microxplorer.plugins.filemanager.engine.MainFileManager.userLoadConfig(MainFileManager.java:364) ~[filemanager.jar:?]
	at com.st.microxplorer.plugins.filemanager.engine.MainFileManager.userLoadConfig(MainFileManager.java:342) ~[filemanager.jar:?]
	at com.st.microxplorer.plugins.filemanager.FileManagerView.getSpecificTask(FileManagerView.java:264) ~[filemanager.jar:?]
	at com.st.stm32cube.common.mx.editor.CubeMxEditor.getMxTabbedPaneInstance(CubeMxEditor.java:1198) ~[com.st.stm32cube.common.mx_6.15.0.202507011659/:?]
	at com.st.stm32cube.common.mx.editor.CubeMxEditor$12$1.createSwingComponent(CubeMxEditor.java:1068) ~[com.st.stm32cube.common.mx_6.15.0.202507011659/:?]
	at com.st.stm32cube.common.mx.oss.core.awtswtbridge.EmbeddedSwingComposite.doComponentCreation(EmbeddedSwingComposite.java:492) ~[com.st.stm32cube.common.mx.oss_6.15.0.202507011659/:?]
	at com.st.stm32cube.common.mx.oss.core.awtswtbridge.EmbeddedSwingComposite$4.run(EmbeddedSwingComposite.java:291) ~[com.st.stm32cube.common.mx.oss_6.15.0.202507011659/:?]
	at com.st.stm32cube.common.mx.oss.core.awtswtbridge.AwtEnvironment$2.run(AwtEnvironment.java:166) ~[com.st.stm32cube.common.mx.oss_6.15.0.202507011659/:?]
	at java.awt.event.InvocationEvent.dispatch(InvocationEvent.java:318) ~[?:?]
	at java.awt.EventQueue.dispatchEventImpl(EventQueue.java:773) ~[?:?]
	at java.awt.EventQueue$4.run(EventQueue.java:720) ~[?:?]
	at java.awt.EventQueue$4.run(EventQueue.java:714) ~[?:?]
	at java.security.AccessController.doPrivileged(AccessController.java:400) ~[?:?]
	at java.security.ProtectionDomain$JavaSecurityAccessImpl.doIntersectionPrivilege(ProtectionDomain.java:87) ~[?:?]
	at java.awt.EventQueue.dispatchEvent(EventQueue.java:742) ~[?:?]
	at java.awt.EventDispatchThread.pumpOneEventForFilters(EventDispatchThread.java:203) ~[?:?]
	at java.awt.EventDispatchThread.pumpEventsForFilter(EventDispatchThread.java:124) ~[?:?]
	at java.awt.EventDispatchThread.pumpEventsForHierarchy(EventDispatchThread.java:113) ~[?:?]
	at java.awt.EventDispatchThread.pumpEvents(EventDispatchThread.java:109) ~[?:?]
	at java.awt.EventDispatchThread.pumpEvents(EventDispatchThread.java:101) ~[?:?]
	at java.awt.EventDispatchThread.run(EventDispatchThread.java:90) ~[?:?]
2026-09-08 20:36:33,303 [WARN] ThirdParty:871 - waiting for thirdparty lock release [close project]
2026-09-08 20:36:33,303 [INFO] ThirdParty:873 - entering critical section [close project]
2026-09-08 20:36:33,303 [INFO] ThirdParty:883 - exiting critical section [close project]
2026-09-08 20:36:33,305 [INFO] PinOutPanel:1589 - setPackage(No Configuration,No Configuration)
2026-09-08 20:36:33,313 [INFO] UtilMem:75 - Begin LoadConfig() Used Memory: 779958128 Bytes (1073741824)
2026-09-08 20:36:33,313 [INFO] MicroXplorer:468 - Change Database Path : 
2026-09-08 20:36:33,314 [INFO] MicroXplorer:498 - Change Database Version : DB.6.0.150
2026-09-08 20:36:33,314 [INFO] OpenFileManager:355 - Change cursor
2026-09-08 20:36:33,330 [INFO] RulesReader:64 - Compatibility file has been processed (317 Rules)
2026-09-08 20:36:33,337 [INFO] Mcu:2029 - Initializing MCU STM32G431K(6-8-B)Ux STM32G431KBUx STM32G431KBU3
2026-09-08 20:36:34,954 [INFO] Context:786 - Trying to add GPIOservice into a context  which must be forbidden
2026-09-08 20:36:35,355 [INFO] ImportTextPane:234 - (OptionalMessage_ERROR) Pin18 (VP_RIF_VS_RIF1) cannot be retrieved for this MCU
2026-09-08 20:36:35,389 [INFO] RtosManager:558 - Registered RTOS mode: class=CMSIS, group=RTOS, mode=CMSIS_V1, owner=FREERTOS
2026-09-08 20:36:35,390 [INFO] RtosManager:558 - Registered RTOS mode: class=CMSIS, group=RTOS2, mode=CMSIS_V2, owner=FREERTOS
2026-09-08 20:36:35,390 [INFO] RtosManager:558 - Registered RTOS mode: class=RTOS, group=Core, mode=CMSIS_V1, owner=FREERTOS
2026-09-08 20:36:35,390 [INFO] RtosManager:558 - Registered RTOS mode: class=RTOS, group=Core, mode=CMSIS_V2, owner=FREERTOS
2026-09-08 20:36:35,390 [WARN] ModelIntegratedComponent:184 - Missing modes for component STMicroelectronics:FreeRTOS:0.0.1:STMicroelectronics:RTOS:FreeRTOS:Core:::10.2.0:
2026-09-08 20:36:35,474 [WARN] ModelIntegratedComponent:63 - No mode defined for component null
2026-09-08 20:36:35,474 [WARN] ModelIntegratedComponent:63 - No mode defined for component null
2026-09-08 20:36:35,474 [WARN] ModelIntegratedComponent:63 - No mode defined for component null
2026-09-08 20:36:35,474 [WARN] ModelIntegratedComponent:63 - No mode defined for component null
2026-09-08 20:36:35,474 [WARN] ModelIntegratedComponent:63 - No mode defined for component null
2026-09-08 20:36:35,474 [WARN] ModelIntegratedComponent:63 - No mode defined for component null
2026-09-08 20:36:35,474 [WARN] ModelIntegratedComponent:63 - No mode defined for component null
2026-09-08 20:36:35,474 [WARN] ModelIntegratedComponent:63 - No mode defined for component null
2026-09-08 20:36:35,474 [WARN] ModelIntegratedComponent:63 - No mode defined for component null
2026-09-08 20:36:35,474 [WARN] ModelIntegratedComponent:63 - No mode defined for component null
2026-09-08 20:36:35,474 [WARN] ModelIntegratedComponent:63 - No mode defined for component null
2026-09-08 20:36:35,474 [WARN] ModelIntegratedComponent:63 - No mode defined for component null
2026-09-08 20:36:35,474 [WARN] ModelIntegratedComponent:63 - No mode defined for component null
2026-09-08 20:36:35,474 [WARN] ModelIntegratedComponent:63 - No mode defined for component null
2026-09-08 20:36:35,474 [WARN] ModelIntegratedComponent:63 - No mode defined for component null
2026-09-08 20:36:35,474 [WARN] ModelIntegratedComponent:63 - No mode defined for component null
2026-09-08 20:36:35,474 [WARN] ModelIntegratedComponent:63 - No mode defined for component null
2026-09-08 20:36:35,474 [WARN] ModelIntegratedComponent:63 - No mode defined for component null
2026-09-08 20:36:35,474 [WARN] ModelIntegratedComponent:63 - No mode defined for component null
2026-09-08 20:36:35,474 [WARN] ModelIntegratedComponent:63 - No mode defined for component null
2026-09-08 20:36:35,474 [WARN] ModelIntegratedComponent:63 - No mode defined for component null
2026-09-08 20:36:35,474 [WARN] ModelIntegratedComponent:63 - No mode defined for component null
2026-09-08 20:36:35,474 [WARN] ModelIntegratedComponent:63 - No mode defined for component null
2026-09-08 20:36:35,474 [WARN] ModelIntegratedComponent:63 - No mode defined for component null
2026-09-08 20:36:35,474 [WARN] ModelIntegratedComponent:63 - No mode defined for component null
2026-09-08 20:36:35,474 [WARN] ModelIntegratedComponent:63 - No mode defined for component null
2026-09-08 20:36:35,474 [WARN] ModelIntegratedComponent:63 - No mode defined for component null
2026-09-08 20:36:35,474 [WARN] ModelIntegratedComponent:63 - No mode defined for component null
2026-09-08 20:36:35,475 [WARN] ModelIntegratedComponent:63 - No mode defined for component null
2026-09-08 20:36:35,475 [WARN] ModelIntegratedComponent:63 - No mode defined for component null
2026-09-08 20:36:35,475 [WARN] ModelIntegratedComponent:63 - No mode defined for component null
2026-09-08 20:36:35,475 [WARN] ModelIntegratedComponent:63 - No mode defined for component null
2026-09-08 20:36:35,475 [WARN] ModelIntegratedComponent:63 - No mode defined for component null
2026-09-08 20:36:35,475 [WARN] ModelIntegratedComponent:63 - No mode defined for component null
2026-09-08 20:36:35,475 [WARN] ModelIntegratedComponent:63 - No mode defined for component null
2026-09-08 20:36:35,475 [WARN] ModelPack:524 - Component already loaded: STMicroelectronics:HAL Drivers:0.0.0:STMicroelectronics:Device:STMicro_Driver:XSPI:HAL::0.0.1:HAL_XSPI
2026-09-08 20:36:35,566 [INFO] ThirdPartyModel:298 - Start build external matchings
2026-09-08 20:36:36,175 [INFO] ThirdPartyModel:316 - End build external matchings
2026-09-08 20:36:36,208 [INFO] ImportTextPane:234 - (OptionalMessage_ERROR) IP (ADC1) : Parameter (CommonPathInternal) has invalid value (null|null|null|null)
2026-09-08 20:36:36,208 [INFO] ImportTextPane:234 - (OptionalMessage_ERROR) IP (ADC2) : Parameter (CommonPathInternal) has invalid value (null|null|null|null)
2026-09-08 20:36:36,208 [INFO] ImportTextPane:234 - (OptionalMessage_ERROR) IP (DMA) : Parameter (Instance) has Id (ADC1) currently not set
2026-09-08 20:36:36,208 [INFO] ImportTextPane:234 - (OptionalMessage_ERROR) IP (DMA) : Parameter (Request) has Id (ADC1) currently not set
2026-09-08 20:36:36,209 [INFO] ImportTextPane:234 - (OptionalMessage_ERROR) IP (DMA) : Parameter (Direction) has Id (ADC1) currently not set
2026-09-08 20:36:36,209 [INFO] ImportTextPane:234 - (OptionalMessage_ERROR) IP (DMA) : Parameter (PeriphInc) has Id (ADC1) currently not set
2026-09-08 20:36:36,209 [INFO] ImportTextPane:234 - (OptionalMessage_ERROR) IP (DMA) : Parameter (MemInc) has Id (ADC1) currently not set
2026-09-08 20:36:36,209 [INFO] ImportTextPane:234 - (OptionalMessage_ERROR) IP (DMA) : Parameter (PeriphDataAlignment) has Id (ADC1) currently not set
2026-09-08 20:36:36,209 [INFO] ImportTextPane:234 - (OptionalMessage_ERROR) IP (DMA) : Parameter (MemDataAlignment) has Id (ADC1) currently not set
2026-09-08 20:36:36,209 [INFO] ImportTextPane:234 - (OptionalMessage_ERROR) IP (DMA) : Parameter (Mode) has Id (ADC1) currently not set
2026-09-08 20:36:36,209 [INFO] ImportTextPane:234 - (OptionalMessage_ERROR) IP (DMA) : Parameter (Priority) has Id (ADC1) currently not set
2026-09-08 20:36:36,209 [INFO] ImportTextPane:234 - (OptionalMessage_ERROR) IP (DMA) : Parameter (SignalID) has Id (ADC1) currently not set
2026-09-08 20:36:36,209 [INFO] ImportTextPane:234 - (OptionalMessage_ERROR) IP (DMA) : Parameter (Polarity) has Id (ADC1) currently not set
2026-09-08 20:36:36,209 [INFO] ImportTextPane:234 - (OptionalMessage_ERROR) IP (DMA) : Parameter (RequestNumber) has Id (ADC1) currently not set
2026-09-08 20:36:36,209 [INFO] ImportTextPane:234 - (OptionalMessage_ERROR) IP (DMA) : Parameter (SyncSignalID) has Id (ADC1) currently not set
2026-09-08 20:36:36,209 [INFO] ImportTextPane:234 - (OptionalMessage_ERROR) IP (DMA) : Parameter (SyncPolarity) has Id (ADC1) currently not set
2026-09-08 20:36:36,209 [INFO] ImportTextPane:234 - (OptionalMessage_ERROR) IP (DMA) : Parameter (SyncEnable) has Id (ADC1) currently not set
2026-09-08 20:36:36,209 [INFO] ImportTextPane:234 - (OptionalMessage_ERROR) IP (DMA) : Parameter (EventEnable) has Id (ADC1) currently not set
2026-09-08 20:36:36,209 [INFO] ImportTextPane:234 - (OptionalMessage_ERROR) IP (DMA) : Parameter (SyncRequestNumber) has Id (ADC1) currently not set
2026-09-08 20:36:36,209 [INFO] ImportTextPane:234 - (OptionalMessage_ERROR) IP (DMA) : Parameter (Instance) has Id (ADC2) currently not set
2026-09-08 20:36:36,209 [INFO] ImportTextPane:234 - (OptionalMessage_ERROR) IP (DMA) : Parameter (Request) has Id (ADC2) currently not set
2026-09-08 20:36:36,209 [INFO] ImportTextPane:234 - (OptionalMessage_ERROR) IP (DMA) : Parameter (Direction) has Id (ADC2) currently not set
2026-09-08 20:36:36,209 [INFO] ImportTextPane:234 - (OptionalMessage_ERROR) IP (DMA) : Parameter (PeriphInc) has Id (ADC2) currently not set
2026-09-08 20:36:36,209 [INFO] ImportTextPane:234 - (OptionalMessage_ERROR) IP (DMA) : Parameter (MemInc) has Id (ADC2) currently not set
2026-09-08 20:36:36,209 [INFO] ImportTextPane:234 - (OptionalMessage_ERROR) IP (DMA) : Parameter (PeriphDataAlignment) has Id (ADC2) currently not set
2026-09-08 20:36:36,209 [INFO] ImportTextPane:234 - (OptionalMessage_ERROR) IP (DMA) : Parameter (MemDataAlignment) has Id (ADC2) currently not set
2026-09-08 20:36:36,209 [INFO] ImportTextPane:234 - (OptionalMessage_ERROR) IP (DMA) : Parameter (Mode) has Id (ADC2) currently not set
2026-09-08 20:36:36,209 [INFO] ImportTextPane:234 - (OptionalMessage_ERROR) IP (DMA) : Parameter (Priority) has Id (ADC2) currently not set
2026-09-08 20:36:36,209 [INFO] ImportTextPane:234 - (OptionalMessage_ERROR) IP (DMA) : Parameter (SignalID) has Id (ADC2) currently not set
2026-09-08 20:36:36,209 [INFO] ImportTextPane:234 - (OptionalMessage_ERROR) IP (DMA) : Parameter (Polarity) has Id (ADC2) currently not set
2026-09-08 20:36:36,209 [INFO] ImportTextPane:234 - (OptionalMessage_ERROR) IP (DMA) : Parameter (RequestNumber) has Id (ADC2) currently not set
2026-09-08 20:36:36,209 [INFO] ImportTextPane:234 - (OptionalMessage_ERROR) IP (DMA) : Parameter (SyncSignalID) has Id (ADC2) currently not set
2026-09-08 20:36:36,209 [INFO] ImportTextPane:234 - (OptionalMessage_ERROR) IP (DMA) : Parameter (SyncPolarity) has Id (ADC2) currently not set
2026-09-08 20:36:36,209 [INFO] ImportTextPane:234 - (OptionalMessage_ERROR) IP (DMA) : Parameter (SyncEnable) has Id (ADC2) currently not set
2026-09-08 20:36:36,209 [INFO] ImportTextPane:234 - (OptionalMessage_ERROR) IP (DMA) : Parameter (EventEnable) has Id (ADC2) currently not set
2026-09-08 20:36:36,209 [INFO] ImportTextPane:234 - (OptionalMessage_ERROR) IP (DMA) : Parameter (SyncRequestNumber) has Id (ADC2) currently not set
2026-09-08 20:36:36,209 [WARN] IP:2250 - MessageRAMOffset not found: check if there is a RefParameter without a condition.
2026-09-08 20:36:36,209 [WARN] IP:2250 - RxFifo0ElmtsNbr not found: check if there is a RefParameter without a condition.
2026-09-08 20:36:36,209 [WARN] IP:2250 - RxFifo0ElmtSize not found: check if there is a RefParameter without a condition.
2026-09-08 20:36:36,209 [WARN] IP:2250 - RxFifo1ElmtsNbr not found: check if there is a RefParameter without a condition.
2026-09-08 20:36:36,209 [WARN] IP:2250 - RxFifo1ElmtSize not found: check if there is a RefParameter without a condition.
2026-09-08 20:36:36,209 [WARN] IP:2250 - RxBuffersNbr not found: check if there is a RefParameter without a condition.
2026-09-08 20:36:36,209 [WARN] IP:2250 - RxBufferSize not found: check if there is a RefParameter without a condition.
2026-09-08 20:36:36,209 [WARN] IP:2250 - TxEventsNbr not found: check if there is a RefParameter without a condition.
2026-09-08 20:36:36,209 [WARN] IP:2250 - TxBuffersNbr not found: check if there is a RefParameter without a condition.
2026-09-08 20:36:36,209 [WARN] IP:2250 - TxFifoQueueElmtsNbr not found: check if there is a RefParameter without a condition.
2026-09-08 20:36:36,209 [WARN] IP:2250 - TxElmtSize not found: check if there is a RefParameter without a condition.
2026-09-08 20:36:36,209 [WARN] IP:2250 - ClockCalibrationCCU not found: check if there is a RefParameter without a condition.
2026-09-08 20:36:36,209 [WARN] IP:2250 - ClockDividerCCU not found: check if there is a RefParameter without a condition.
2026-09-08 20:36:36,209 [WARN] IP:2250 - MinOscClkPeriodsCCU not found: check if there is a RefParameter without a condition.
2026-09-08 20:36:36,209 [WARN] IP:2250 - TimeQuantaPerBitTimeCCU not found: check if there is a RefParameter without a condition.
2026-09-08 20:36:36,209 [WARN] IP:2250 - WatchdogStartValueCCU not found: check if there is a RefParameter without a condition.
2026-09-08 20:36:36,416 [INFO] UtilMem:75 - End LoadConfig() Used Memory: 866222384 Bytes (1073741824)
2026-09-08 20:36:36,474 [WARN] ThirdParty:833 - waiting for thirdparty lock release [change project]
2026-09-08 20:36:36,474 [INFO] ThirdParty:835 - entering critical section [change project]
2026-09-08 20:36:36,474 [INFO] ThirdParty:1030 - CMSIS Pack Vendor :STMicroelectronics X-CUBE-AZRTOS-H7 3.5.0
2026-09-08 20:36:36,474 [INFO] ThirdParty:1030 - CMSIS Pack Vendor :STMicroelectronics X-CUBE-PM33A1 1.0.0
2026-09-08 20:36:36,474 [INFO] ThirdParty:1030 - CMSIS Pack Vendor :STMicroelectronics USBPD 4.1
2026-09-08 20:36:36,474 [INFO] ThirdParty:1030 - CMSIS Pack Vendor :STMicroelectronics USB_HOST 2.0.0
2026-09-08 20:36:36,474 [INFO] ThirdParty:1030 - CMSIS Pack Vendor :STMicroelectronics FP-SNS-MOTENVWB1 1.4.0
2026-09-08 20:36:36,474 [INFO] ThirdParty:1030 - CMSIS Pack Vendor :STMicroelectronics FP-ATR-ASTRA1 2.0.3
2026-09-08 20:36:36,474 [INFO] ThirdParty:1030 - CMSIS Pack Vendor :STMicroelectronics X-CUBE-AZRTOS-F4 1.1.0
2026-09-08 20:36:36,474 [INFO] ThirdParty:1030 - CMSIS Pack Vendor :STMicroelectronics LIBJPEG 8.0.0
2026-09-08 20:36:36,474 [INFO] ThirdParty:1030 - CMSIS Pack Vendor :STMicroelectronics FP-ATR-ASTRA1 2.0.2
2026-09-08 20:36:36,474 [INFO] ThirdParty:1030 - CMSIS Pack Vendor :STMicroelectronics FP-ATR-ASTRA1 2.0.1
2026-09-08 20:36:36,474 [INFO] ThirdParty:1030 - CMSIS Pack Vendor :Avnet-IotConnect X-CUBE-IoTC-DA16k-PMOD 1.0.0
2026-09-08 20:36:36,474 [INFO] ThirdParty:1030 - CMSIS Pack Vendor :STMicroelectronics X-CUBE-SMBUS 2.1.0
2026-09-08 20:36:36,474 [INFO] ThirdParty:1030 - CMSIS Pack Vendor :STMicroelectronics X-CUBE-WB05N 1.1.0
2026-09-08 20:36:36,475 [INFO] ThirdParty:1030 - CMSIS Pack Vendor :STMicroelectronics X-CUBE-IPS 3.2.0
2026-09-08 20:36:36,475 [INFO] ThirdParty:1030 - CMSIS Pack Vendor :STMicroelectronics eDS-WB_DPC_TT-BIDIR 2.1.1
2026-09-08 20:36:36,475 [INFO] ThirdParty:1030 - CMSIS Pack Vendor :STMicroelectronics X-CUBE-ST60 1.0.0
2026-09-08 20:36:36,475 [INFO] ThirdParty:1030 - CMSIS Pack Vendor :STMicroelectronics X-CUBE-NFC12 1.0.0
2026-09-08 20:36:36,475 [INFO] ThirdParty:1030 - CMSIS Pack Vendor :STMicroelectronics X-CUBE-AZRTOS-F7 1.1.0
2026-09-08 20:36:36,475 [INFO] ThirdParty:1030 - CMSIS Pack Vendor :STMicroelectronics X-CUBE-AZRTOS-L5 2.0.0
2026-09-08 20:36:36,475 [INFO] ThirdParty:1030 - CMSIS Pack Vendor :STMicroelectronics USB_DEVICE 2.0.0
2026-09-08 20:36:36,475 [INFO] ThirdParty:1030 - CMSIS Pack Vendor :STMicroelectronics X-CUBE-FREERTOS 1.6.0
2026-09-08 20:36:36,475 [INFO] ThirdParty:1030 - CMSIS Pack Vendor :STMicroelectronics X-CUBE-NFC6 3.1.0
2026-09-08 20:36:36,475 [INFO] ThirdParty:1030 - CMSIS Pack Vendor :STMicroelectronics X-CUBE-ALGOBUILD 1.5.0
2026-09-08 20:36:36,475 [INFO] ThirdParty:1030 - CMSIS Pack Vendor :STMicroelectronics FP-SNS-MOTENV1 5.1.0
2026-09-08 20:36:36,475 [INFO] ThirdParty:1030 - CMSIS Pack Vendor :STMicroelectronics FreeRTOS 0.0.1
2026-09-08 20:36:36,475 [INFO] ThirdParty:1030 - CMSIS Pack Vendor :STMicroelectronics X-CUBE-AZRTOS-H7RS 1.3.0
2026-09-08 20:36:36,475 [INFO] ThirdParty:1030 - CMSIS Pack Vendor :STMicroelectronics X-CUBE-DPower 1.2.0
2026-09-08 20:36:36,475 [INFO] ThirdParty:1030 - CMSIS Pack Vendor :STMicroelectronics eDS-WB_DPC_VIENNA 1.2.0
2026-09-08 20:36:36,475 [INFO] ThirdParty:1030 - CMSIS Pack Vendor :STMicroelectronics X-CUBE-MEMS1 13.0.0
2026-09-08 20:36:36,475 [INFO] ThirdParty:1030 - CMSIS Pack Vendor :STMicroelectronics FP-SNS-FLIGHT1 5.0.2
2026-09-08 20:36:36,475 [INFO] ThirdParty:1030 - CMSIS Pack Vendor :STMicroelectronics eDS-WB_DPC_3PH2L-BIDIR 1.1.1
2026-09-08 20:36:36,475 [INFO] ThirdParty:1030 - CMSIS Pack Vendor :Infineon AIROC-Wi-Fi-Bluetooth-STM32 1.7.0
2026-09-08 20:36:36,475 [INFO] ThirdParty:1030 - CMSIS Pack Vendor :STMicroelectronics PDM2PCM 3.3.0
2026-09-08 20:36:36,475 [INFO] ThirdParty:1030 - CMSIS Pack Vendor :STMicroelectronics X-CUBE-AZRTOS-H7 3.4.0
2026-09-08 20:36:36,475 [INFO] ThirdParty:1030 - CMSIS Pack Vendor :STMicroelectronics X-CUBE-DISPLAY 3.0.0
2026-09-08 20:36:36,475 [INFO] ThirdParty:1030 - CMSIS Pack Vendor :STMicroelectronics X-CUBE-GNSS1 7.1.1
2026-09-08 20:36:36,475 [INFO] ThirdParty:1030 - CMSIS Pack Vendor :STMicroelectronics FP-SNS-MOTENVWB1 1.5.0
2026-09-08 20:36:36,475 [INFO] ThirdParty:1030 - CMSIS Pack Vendor :STMicroelectronics X-CUBE-BLE1 7.0.0
2026-09-08 20:36:36,475 [INFO] ThirdParty:1030 - CMSIS Pack Vendor :STMicroelectronics X-CUBE-NFC10 1.0.0
2026-09-08 20:36:36,475 [INFO] ThirdParty:1030 - CMSIS Pack Vendor :STMicroelectronics X-CUBE-BLEMGR 4.0.0
2026-09-08 20:36:36,475 [INFO] ThirdParty:1030 - CMSIS Pack Vendor :STMicroelectronics X-CUBE-FREERTOS 1.3.1
2026-09-08 20:36:36,475 [INFO] ThirdParty:1030 - CMSIS Pack Vendor :STMicroelectronics HAL Drivers 0.0.0
2026-09-08 20:36:36,475 [INFO] ThirdParty:1030 - CMSIS Pack Vendor :STMicroelectronics X-CUBE-ST60 1.1.0
2026-09-08 20:36:36,475 [INFO] ThirdParty:1030 - CMSIS Pack Vendor :emotas I-CUBE-CANOPEN 1.3.0
2026-09-08 20:36:36,475 [INFO] ThirdParty:1030 - CMSIS Pack Vendor :STMicroelectronics X-CUBE-FREERTOS 1.3.0
2026-09-08 20:36:36,475 [INFO] ThirdParty:1030 - CMSIS Pack Vendor :STMicroelectronics X-CUBE-NFC7 1.0.1
2026-09-08 20:36:36,475 [INFO] ThirdParty:1030 - CMSIS Pack Vendor :STMicroelectronics MBEDTLS 2.14.1
2026-09-08 20:36:36,475 [INFO] ThirdParty:1030 - CMSIS Pack Vendor :STMicroelectronics X-CUBE-GNSS1 7.1.0
2026-09-08 20:36:36,475 [INFO] ThirdParty:1030 - CMSIS Pack Vendor :STMicroelectronics X-CUBE-TOUCHGFX 4.26.0
2026-09-08 20:36:36,475 [INFO] ThirdParty:1030 - CMSIS Pack Vendor :STMicroelectronics X-CUBE-TOUCHGFX 4.26.1
2026-09-08 20:36:36,475 [INFO] ThirdParty:1030 - CMSIS Pack Vendor :STMicroelectronics X-CUBE-AI 10.0.0
2026-09-08 20:36:36,475 [INFO] ThirdParty:1030 - CMSIS Pack Vendor :STMicroelectronics FP-SNS-STBOX1 2.1.0
2026-09-08 20:36:36,475 [INFO] ThirdParty:1030 - CMSIS Pack Vendor :STMicroelectronics FP-SNS-STAIOTCFT 1.0.0
2026-09-08 20:36:36,475 [INFO] ThirdParty:1030 - CMSIS Pack Vendor :STMicroelectronics FP-SNS-SMARTAG2 1.2.0
2026-09-08 20:36:36,475 [INFO] ThirdParty:1030 - CMSIS Pack Vendor :STMicroelectronics FP-SNS-FLIGHT1 5.1.0
2026-09-08 20:36:36,475 [INFO] ThirdParty:1030 - CMSIS Pack Vendor :STMicroelectronics X-CUBE-MEMS1 11.1.0
2026-09-08 20:36:36,475 [INFO] ThirdParty:1030 - CMSIS Pack Vendor :STMicroelectronics X-CUBE-AZRTOS-WL 2.0.0
2026-09-08 20:36:36,475 [INFO] ThirdParty:1030 - CMSIS Pack Vendor :STMicroelectronics X-CUBE-DPower 1.3.0
2026-09-08 20:36:36,475 [INFO] ThirdParty:1030 - CMSIS Pack Vendor :STMicroelectronics FP-SNS-MOTENV1 5.0.0
2026-09-08 20:36:36,475 [INFO] ThirdParty:1030 - CMSIS Pack Vendor :STMicroelectronics USB_DEVICE 1.0.0
2026-09-08 20:36:36,475 [INFO] ThirdParty:1030 - CMSIS Pack Vendor :STMicroelectronics X-CUBE-AZRTOS-H7RS 1.2.0
2026-09-08 20:36:36,475 [INFO] ThirdParty:1030 - CMSIS Pack Vendor :STMicroelectronics X-CUBE-AZRTOS-L4 2.0.0
2026-09-08 20:36:36,475 [INFO] ThirdParty:1030 - CMSIS Pack Vendor :STMicroelectronics ThreadX 0.0.2
2026-09-08 20:36:36,475 [INFO] ThirdParty:1030 - CMSIS Pack Vendor :WES I-CUBE-Cesium 1.3.0
2026-09-08 20:36:36,475 [INFO] ThirdParty:1030 - CMSIS Pack Vendor :STMicroelectronics lwIP 2.1.2
2026-09-08 20:36:36,475 [INFO] ThirdParty:1030 - CMSIS Pack Vendor :STMicroelectronics X-CUBE-SFXS2LP1 4.0.0
2026-09-08 20:36:36,475 [INFO] ThirdParty:1030 - CMSIS Pack Vendor :STMicroelectronics X-CUBE-BLE2 3.3.0
2026-09-08 20:36:36,475 [INFO] ThirdParty:1030 - CMSIS Pack Vendor :Avnet-IOTCONNECT X-CUBE-iotc-st67-sdk 1.0.0
2026-09-08 20:36:36,475 [INFO] ThirdParty:1030 - CMSIS Pack Vendor :STMicroelectronics PDM2PCM 3.2.0
2026-09-08 20:36:36,475 [INFO] ThirdParty:1030 - CMSIS Pack Vendor :STMicroelectronics X-CUBE-WB05N 2.1.0
2026-09-08 20:36:36,475 [INFO] ThirdParty:1030 - CMSIS Pack Vendor :STMicroelectronics X-CUBE-ST67W61 1.2.0
2026-09-08 20:36:36,475 [INFO] ThirdParty:1030 - CMSIS Pack Vendor :STMicroelectronics X-CUBE-AZRTOS-H7 3.3.0
2026-09-08 20:36:36,475 [INFO] ThirdParty:1030 - CMSIS Pack Vendor :STMicroelectronics X-CUBE-NFC9 1.0.0
2026-09-08 20:36:36,475 [INFO] ThirdParty:1030 - CMSIS Pack Vendor :STMicroelectronics X-CUBE-BLE1 7.1.0
2026-09-08 20:36:36,475 [INFO] ThirdParty:1030 - CMSIS Pack Vendor :wolfSSL I-CUBE-wolfMQTT 1.19.2
2026-09-08 20:36:36,475 [INFO] ThirdParty:1030 - CMSIS Pack Vendor :STMicroelectronics USB_DEVICE 3.0.0
2026-09-08 20:36:36,475 [INFO] ThirdParty:1030 - CMSIS Pack Vendor :STMicroelectronics X-CUBE-FREERTOS 1.4.0
2026-09-08 20:36:36,475 [INFO] ThirdParty:1030 - CMSIS Pack Vendor :STMicroelectronics X-CUBE-EEPRMA1 5.2.0
2026-09-08 20:36:36,475 [INFO] ThirdParty:1030 - CMSIS Pack Vendor :STMicroelectronics X-CUBE-BLEMGR 4.1.0
2026-09-08 20:36:36,475 [INFO] ThirdParty:1030 - CMSIS Pack Vendor :STMicroelectronics X-CUBE-AZRTOS-WB 2.0.0
2026-09-08 20:36:36,475 [INFO] ThirdParty:1030 - CMSIS Pack Vendor :STMicroelectronics X-CUBE-GNSS1 7.0.1
2026-09-08 20:36:36,475 [INFO] ThirdParty:1030 - CMSIS Pack Vendor :STMicroelectronics X-CUBE-TOUCHGFX 4.25.0
2026-09-08 20:36:36,475 [INFO] ThirdParty:1030 - CMSIS Pack Vendor :STMicroelectronics X-CUBE-ST67W61 1.1.0
2026-09-08 20:36:36,475 [INFO] ThirdParty:1030 - CMSIS Pack Vendor :STMicroelectronics X-CUBE-AI 10.1.0
2026-09-08 20:36:36,475 [INFO] ThirdParty:1030 - CMSIS Pack Vendor :STMicroelectronics FP-SNS-STBOX1 2.0.0
2026-09-08 20:36:36,475 [INFO] ThirdParty:1030 - CMSIS Pack Vendor :STMicroelectronics FP-SNS-STAIOTCFT 1.1.0
2026-09-08 20:36:36,475 [INFO] ThirdParty:1030 - CMSIS Pack Vendor :STMicroelectronics X-CUBE-MEMS1 12.0.0
2026-09-08 20:36:36,475 [INFO] ThirdParty:1030 - CMSIS Pack Vendor :STMicroelectronics X-CUBE-STSE01 2.0.0
2026-09-08 20:36:36,475 [INFO] ThirdParty:1030 - CMSIS Pack Vendor :STMicroelectronics X-CUBE-AZRTOS-G0 1.1.0
2026-09-08 20:36:36,475 [INFO] ThirdParty:1030 - CMSIS Pack Vendor :STMicroelectronics X-CUBE-SAFEA1 1.2.2
2026-09-08 20:36:36,476 [INFO] ThirdParty:1030 - CMSIS Pack Vendor :STMicroelectronics X-CUBE-NFC4 3.0.0
2026-09-08 20:36:36,476 [INFO] ThirdParty:1030 - CMSIS Pack Vendor :STMicroelectronics X-CUBE-SUBG2 5.0.0
2026-09-08 20:36:36,476 [INFO] ThirdParty:1030 - CMSIS Pack Vendor :STMicroelectronics X-CUBE-AZRTOS-H7RS 1.1.0
2026-09-08 20:36:36,476 [INFO] ThirdParty:1030 - CMSIS Pack Vendor :STMicroelectronics STM32_WPAN 1.0.0
2026-09-08 20:36:36,476 [INFO] ThirdParty:1030 - CMSIS Pack Vendor :EmbeddedOffice I-CUBE-FS-RTOS 1.0.1
2026-09-08 20:36:36,476 [INFO] ThirdParty:1030 - CMSIS Pack Vendor :STMicroelectronics lwIP 2.0.3
2026-09-08 20:36:36,476 [INFO] ThirdParty:1030 - CMSIS Pack Vendor :Cesanta I-CUBE-Mongoose 7.13.0
2026-09-08 20:36:36,476 [INFO] ThirdParty:1030 - CMSIS Pack Vendor :STMicroelectronics USB_HOST 1.0.0
2026-09-08 20:36:36,476 [INFO] ThirdParty:1030 - CMSIS Pack Vendor :STMicroelectronics X-CUBE-AZRTOS-G4 2.0.0
2026-09-08 20:36:36,476 [INFO] ThirdParty:1030 - CMSIS Pack Vendor :STMicroelectronics X-CUBE-WB05N 2.0.0
2026-09-08 20:36:36,476 [INFO] ThirdParty:1030 - CMSIS Pack Vendor :STMicroelectronics PDM2PCM 3.1.0
2026-09-08 20:36:36,476 [INFO] ThirdParty:1030 - CMSIS Pack Vendor :wolfSSL I-CUBE-wolfTPM 3.8.0
2026-09-08 20:36:36,476 [INFO] ThirdParty:1030 - CMSIS Pack Vendor :wolfSSL I-CUBE-wolfSSH 1.4.20
2026-09-08 20:36:36,476 [INFO] ThirdParty:1030 - CMSIS Pack Vendor :STMicroelectronics X-CUBE-NFC7 2.0.0
2026-09-08 20:36:36,476 [INFO] ThirdParty:1030 - CMSIS Pack Vendor :STMicroelectronics X-CUBE-TCPP 4.2.0
2026-09-08 20:36:36,476 [INFO] ThirdParty:1030 - CMSIS Pack Vendor :RealThread X-CUBE-RT-Thread_Nano 4.1.1
2026-09-08 20:36:36,476 [INFO] ThirdParty:1030 - CMSIS Pack Vendor :STMicroelectronics FP-ATR-SIGFOX1 3.2.0
2026-09-08 20:36:36,476 [INFO] ThirdParty:1030 - CMSIS Pack Vendor :quantropi X-CUBE-qispace-sdk-base 1.9.3
2026-09-08 20:36:36,476 [INFO] ThirdParty:1030 - CMSIS Pack Vendor :STMicroelectronics X-CUBE-EEPRMA1 5.1.0
2026-09-08 20:36:36,476 [INFO] ThirdParty:1030 - CMSIS Pack Vendor :STMicroelectronics X-CUBE-FREERTOS 1.5.0
2026-09-08 20:36:36,476 [INFO] ThirdParty:1030 - CMSIS Pack Vendor :STMicroelectronics MBEDTLS 2.16.2
2026-09-08 20:36:36,476 [INFO] ThirdParty:1030 - CMSIS Pack Vendor :STMicroelectronics X-CUBE-IPS 3.1.0
2026-09-08 20:36:36,476 [INFO] ThirdParty:1030 - CMSIS Pack Vendor :STMicroelectronics X-CUBE-ALS 1.0.2
2026-09-08 20:36:36,476 [INFO] ThirdParty:1030 - CMSIS Pack Vendor :wolfSSL I-CUBE-wolfSSL 5.7.6
2026-09-08 20:36:36,476 [INFO] ThirdParty:1030 - CMSIS Pack Vendor :ITTIA_DB I-CUBE-ITTIADB 8.9.0
2026-09-08 20:36:36,476 [INFO] ThirdParty:1030 - CMSIS Pack Vendor :STMicroelectronics X-CUBE-TOUCHGFX 4.24.2
2026-09-08 20:36:36,476 [INFO] ThirdParty:1030 - CMSIS Pack Vendor :STMicroelectronics X-CUBE-STSE01 1.0.0
2026-09-08 20:36:36,476 [INFO] ThirdParty:1030 - CMSIS Pack Vendor :portGmbH I-Cube-SoM-uGOAL 1.1.0
2026-09-08 20:36:36,476 [INFO] ThirdParty:1030 - CMSIS Pack Vendor :STMicroelectronics X-CUBE-NFC6 3.2.0
2026-09-08 20:36:36,476 [INFO] ThirdParty:1030 - CMSIS Pack Vendor :STMicroelectronics X-CUBE-ST67W61 1.0.0
2026-09-08 20:36:36,476 [INFO] ThirdParty:1030 - CMSIS Pack Vendor :STMicroelectronics X-CUBE-AI 10.2.1
2026-09-08 20:36:36,476 [INFO] ThirdParty:1030 - CMSIS Pack Vendor :STMicroelectronics X-CUBE-AI 10.2.0
2026-09-08 20:36:36,476 [INFO] ThirdParty:1030 - CMSIS Pack Vendor :STMicroelectronics ThreadX 1.0.0
2026-09-08 20:36:36,476 [INFO] ThirdParty:1030 - CMSIS Pack Vendor :STMicroelectronics X-CUBE-MEMS1 12.1.0
2026-09-08 20:36:36,476 [INFO] ThirdParty:1030 - CMSIS Pack Vendor :SEGGER I-CUBE-embOS 1.3.1
2026-09-08 20:36:36,476 [INFO] ThirdParty:1030 - CMSIS Pack Vendor :STMicroelectronics X-CUBE-ALGOBUILD 1.4.0
2026-09-08 20:36:36,476 [INFO] ThirdParty:1030 - CMSIS Pack Vendor :STMicroelectronics X-CUBE-MEMS1 11.3.0
2026-09-08 20:36:36,476 [INFO] ThirdParty:1030 - CMSIS Pack Vendor :STMicroelectronics X-CUBE-AZRTOS-H7RS 1.0.0
2026-09-08 20:36:36,476 [INFO] ThirdParty:1030 - CMSIS Pack Vendor :STMicroelectronics X-CUBE-TOF1 3.4.2
2026-09-08 20:36:36,476 [INFO] ThirdParty:1030 - CMSIS Pack Vendor :STMicroelectronics X-CUBE-TOF1 3.4.3
2026-09-08 20:36:36,476 [INFO] ThirdParty:1030 - CMSIS Pack Vendor :STMicroelectronics X-CUBE-AI 9.1.0
2026-09-08 20:36:36,476 [INFO] ThirdParty:1030 - CMSIS Pack Vendor :STMicroelectronics X-CUBE-NFC13 1.0.0
2026-09-08 20:36:36,476 [INFO] ThirdParty:841 - exiting critical section [change project]
2026-09-08 20:36:36,577 [INFO] PinOutPanel:1589 - setPackage(No Configuration,No Configuration)
2026-09-08 20:36:36,578 [INFO] PinOutPanel:1589 - setPackage(STM32G431KBUx,UFQFPN32)
2026-09-08 20:36:36,712 [INFO] UtilMem:75 - Before build in PCC Used Memory: 839458936 Bytes (1073741824)
2026-09-08 20:36:36,916 [INFO] UtilMem:75 - After build in PCC Used Memory: 933308536 Bytes (1073741824)
2026-09-08 20:36:36,931 [INFO] IPUIPlugin:80 - create IPUIPlugin
2026-09-08 20:36:36,931 [INFO] IPUIPlugin:80 - create IPUIPlugin
2026-09-08 20:36:36,931 [INFO] IPUIPlugin:80 - create IPUIPlugin
2026-09-08 20:36:36,932 [INFO] IPUIPlugin:80 - create IPUIPlugin
2026-09-08 20:36:36,932 [INFO] IPUIPlugin:80 - create IPUIPlugin
2026-09-08 20:36:36,932 [INFO] IPUIPlugin:80 - create IPUIPlugin
2026-09-08 20:36:36,932 [INFO] IPUIPlugin:80 - create IPUIPlugin
2026-09-08 20:36:36,932 [INFO] IPUIPlugin:80 - create IPUIPlugin
2026-09-08 20:36:36,932 [INFO] IPUIPlugin:80 - create IPUIPlugin
2026-09-08 20:36:36,932 [INFO] IPUIPlugin:80 - create IPUIPlugin
2026-09-08 20:36:36,932 [INFO] IPUIPlugin:80 - create IPUIPlugin
2026-09-08 20:36:36,932 [INFO] IPUIPlugin:80 - create IPUIPlugin
2026-09-08 20:36:36,932 [INFO] IPUIPlugin:80 - create IPUIPlugin
2026-09-08 20:36:36,932 [INFO] IPUIPlugin:80 - create IPUIPlugin
2026-09-08 20:36:36,932 [INFO] IPUIPlugin:80 - create IPUIPlugin
2026-09-08 20:36:36,932 [INFO] IPUIPlugin:80 - create IPUIPlugin
2026-09-08 20:36:36,932 [INFO] IPUIPlugin:80 - create IPUIPlugin
2026-09-08 20:36:36,932 [INFO] IPUIPlugin:80 - create IPUIPlugin
2026-09-08 20:36:36,932 [INFO] IPUIPlugin:80 - create IPUIPlugin
2026-09-08 20:36:36,932 [INFO] IPUIPlugin:80 - create IPUIPlugin
2026-09-08 20:36:36,932 [INFO] IPUIPlugin:80 - create IPUIPlugin
2026-09-08 20:36:36,932 [INFO] IPUIPlugin:80 - create IPUIPlugin
2026-09-08 20:36:36,932 [INFO] IPUIPlugin:80 - create IPUIPlugin
2026-09-08 20:36:36,932 [INFO] IPUIPlugin:80 - create IPUIPlugin
2026-09-08 20:36:36,932 [INFO] IPUIPlugin:80 - create IPUIPlugin
2026-09-08 20:36:36,932 [INFO] IPUIPlugin:80 - create IPUIPlugin
2026-09-08 20:36:36,933 [INFO] IPUIPlugin:80 - create IPUIPlugin
2026-09-08 20:36:36,933 [INFO] IPUIPlugin:80 - create IPUIPlugin
2026-09-08 20:36:36,933 [INFO] IPUIPlugin:80 - create IPUIPlugin
2026-09-08 20:36:36,933 [INFO] IPUIPlugin:80 - create IPUIPlugin
2026-09-08 20:36:36,933 [INFO] IPUIPlugin:80 - create IPUIPlugin
2026-09-08 20:36:36,933 [INFO] IPUIPlugin:80 - create IPUIPlugin
2026-09-08 20:36:36,933 [INFO] IPUIPlugin:80 - create IPUIPlugin
2026-09-08 20:36:36,933 [INFO] IPUIPlugin:80 - create IPUIPlugin
2026-09-08 20:36:36,933 [INFO] IPUIPlugin:80 - create IPUIPlugin
2026-09-08 20:36:36,933 [INFO] IPUIPlugin:80 - create IPUIPlugin
2026-09-08 20:36:36,933 [INFO] IPUIPlugin:80 - create IPUIPlugin
2026-09-08 20:36:36,933 [INFO] IPUIPlugin:80 - create IPUIPlugin
2026-09-08 20:36:36,933 [INFO] IPUIPlugin:80 - create IPUIPlugin
2026-09-08 20:36:36,933 [INFO] IPUIPlugin:80 - create IPUIPlugin
2026-09-08 20:36:36,933 [INFO] IPUIPlugin:80 - create IPUIPlugin
2026-09-08 20:36:36,934 [INFO] IPUIPlugin:80 - create IPUIPlugin
2026-09-08 20:36:36,934 [INFO] IPUIPlugin:80 - create IPUIPlugin
2026-09-08 20:36:36,934 [INFO] IPUIPlugin:80 - create IPUIPlugin
2026-09-08 20:36:36,934 [INFO] IPUIPlugin:80 - create IPUIPlugin
2026-09-08 20:36:36,934 [INFO] IPUIPlugin:80 - create IPUIPlugin
2026-09-08 20:36:36,934 [INFO] IPUIPlugin:80 - create IPUIPlugin
2026-09-08 20:36:36,934 [INFO] IPUIPlugin:80 - create IPUIPlugin
2026-09-08 20:36:36,934 [INFO] IPUIPlugin:80 - create IPUIPlugin
2026-09-08 20:36:36,934 [INFO] IPUIPlugin:80 - create IPUIPlugin
2026-09-08 20:36:36,935 [INFO] IPUIPlugin:80 - create IPUIPlugin
2026-09-08 20:36:36,935 [INFO] IPUIPlugin:80 - create IPUIPlugin
2026-09-08 20:36:36,935 [INFO] IPUIPlugin:80 - create IPUIPlugin
2026-09-08 20:36:36,935 [INFO] IPUIPlugin:80 - create IPUIPlugin
2026-09-08 20:36:36,935 [INFO] IPUIPlugin:80 - create IPUIPlugin
2026-09-08 20:36:36,935 [INFO] IPUIPlugin:80 - create IPUIPlugin
2026-09-08 20:36:36,940 [WARN] IP:2250 - MessageRAMOffset not found: check if there is a RefParameter without a condition.
2026-09-08 20:36:36,940 [WARN] IP:2250 - RxFifo0ElmtsNbr not found: check if there is a RefParameter without a condition.
2026-09-08 20:36:36,940 [WARN] IP:2250 - RxFifo0ElmtSize not found: check if there is a RefParameter without a condition.
2026-09-08 20:36:36,940 [WARN] IP:2250 - RxFifo1ElmtsNbr not found: check if there is a RefParameter without a condition.
2026-09-08 20:36:36,940 [WARN] IP:2250 - RxFifo1ElmtSize not found: check if there is a RefParameter without a condition.
2026-09-08 20:36:36,940 [WARN] IP:2250 - RxBuffersNbr not found: check if there is a RefParameter without a condition.
2026-09-08 20:36:36,940 [WARN] IP:2250 - RxBufferSize not found: check if there is a RefParameter without a condition.
2026-09-08 20:36:36,940 [WARN] IP:2250 - TxEventsNbr not found: check if there is a RefParameter without a condition.
2026-09-08 20:36:36,940 [WARN] IP:2250 - TxBuffersNbr not found: check if there is a RefParameter without a condition.
2026-09-08 20:36:36,940 [WARN] IP:2250 - TxFifoQueueElmtsNbr not found: check if there is a RefParameter without a condition.
2026-09-08 20:36:36,940 [WARN] IP:2250 - TxElmtSize not found: check if there is a RefParameter without a condition.
2026-09-08 20:36:36,940 [WARN] IP:2250 - ClockCalibrationCCU not found: check if there is a RefParameter without a condition.
2026-09-08 20:36:36,940 [WARN] IP:2250 - ClockDividerCCU not found: check if there is a RefParameter without a condition.
2026-09-08 20:36:36,940 [WARN] IP:2250 - MinOscClkPeriodsCCU not found: check if there is a RefParameter without a condition.
2026-09-08 20:36:36,940 [WARN] IP:2250 - TimeQuantaPerBitTimeCCU not found: check if there is a RefParameter without a condition.
2026-09-08 20:36:36,940 [WARN] IP:2250 - WatchdogStartValueCCU not found: check if there is a RefParameter without a condition.
2026-09-08 20:36:36,941 [INFO] LogOutputStream:77 - [STDOUT_REDIRECT] Nominal 
2026-09-08 20:36:36,942 [INFO] Can:71 - Can Add PropertyChangeListener com.st.microxplorer.plugins.ip.can.Can@6a01c0e1
2026-09-08 20:36:36,999 [INFO] CADModel:165 - CPN selected for project levelSTM32G431KBU3
2026-09-08 20:36:36,999 [INFO] CADModel:114 - Register for checkConnection events
2026-09-08 20:36:37,055 [INFO] OpenFileManager:386 - Restore cursor
2026-09-08 20:36:37,225 [WARN] IP:2250 - MessageRAMOffset not found: check if there is a RefParameter without a condition.
2026-09-08 20:36:37,225 [WARN] IP:2250 - RxFifo0ElmtsNbr not found: check if there is a RefParameter without a condition.
2026-09-08 20:36:37,225 [WARN] IP:2250 - RxFifo0ElmtSize not found: check if there is a RefParameter without a condition.
2026-09-08 20:36:37,225 [WARN] IP:2250 - RxFifo1ElmtsNbr not found: check if there is a RefParameter without a condition.
2026-09-08 20:36:37,225 [WARN] IP:2250 - RxFifo1ElmtSize not found: check if there is a RefParameter without a condition.
2026-09-08 20:36:37,225 [WARN] IP:2250 - RxBuffersNbr not found: check if there is a RefParameter without a condition.
2026-09-08 20:36:37,225 [WARN] IP:2250 - RxBufferSize not found: check if there is a RefParameter without a condition.
2026-09-08 20:36:37,225 [WARN] IP:2250 - TxEventsNbr not found: check if there is a RefParameter without a condition.
2026-09-08 20:36:37,225 [WARN] IP:2250 - TxBuffersNbr not found: check if there is a RefParameter without a condition.
2026-09-08 20:36:37,225 [WARN] IP:2250 - TxFifoQueueElmtsNbr not found: check if there is a RefParameter without a condition.
2026-09-08 20:36:37,225 [WARN] IP:2250 - TxElmtSize not found: check if there is a RefParameter without a condition.
2026-09-08 20:36:37,225 [WARN] IP:2250 - ClockCalibrationCCU not found: check if there is a RefParameter without a condition.
2026-09-08 20:36:37,225 [WARN] IP:2250 - ClockDividerCCU not found: check if there is a RefParameter without a condition.
2026-09-08 20:36:37,225 [WARN] IP:2250 - MinOscClkPeriodsCCU not found: check if there is a RefParameter without a condition.
2026-09-08 20:36:37,225 [WARN] IP:2250 - TimeQuantaPerBitTimeCCU not found: check if there is a RefParameter without a condition.
2026-09-08 20:36:37,225 [WARN] IP:2250 - WatchdogStartValueCCU not found: check if there is a RefParameter without a condition.
2026-09-08 20:36:56,534 [INFO] MainUpdater:2872 - connection check result : 10
2026-09-08 20:36:56,534 [INFO] MainUpdater:2872 - connection check result : 10
2026-09-08 20:36:56,545 [INFO] LogOutputStream:77 - [STDOUT_REDIRECT] Nominal 
2026-09-08 20:36:56,546 [INFO] MicroXplorer:468 - Change Database Path : 
2026-09-08 20:36:56,546 [INFO] MicroXplorer:498 - Change Database Version : DB.6.0.150
2026-09-08 20:36:56,569 [ERROR] ProjectManagerView:395 - 
java.lang.NullPointerException: Cannot invoke "javax.swing.JTextField.getText()" because the return value of "java.util.List.get(int)" is null
	at com.st.microxplorer.plugins.projectmanager.gui.ProjectChoiceTab$9.caretUpdate(ProjectChoiceTab.java:2706) ~[filemanager.jar:?]
	at javax.swing.text.JTextComponent.fireCaretUpdate(JTextComponent.java:408) ~[?:?]
	at javax.swing.text.JTextComponent$MutableCaretEvent.fire(JTextComponent.java:4484) ~[?:?]
	at javax.swing.text.JTextComponent$MutableCaretEvent.stateChanged(JTextComponent.java:4506) ~[?:?]
	at javax.swing.text.DefaultCaret.fireStateChanged(DefaultCaret.java:857) ~[?:?]
	at javax.swing.text.DefaultCaret.changeCaretPosition(DefaultCaret.java:1343) ~[?:?]
	at javax.swing.text.DefaultCaret.handleSetDot(DefaultCaret.java:1242) ~[?:?]
	at javax.swing.text.DefaultCaret.setDot(DefaultCaret.java:1223) ~[?:?]
	at javax.swing.text.DefaultCaret$Handler.insertUpdate(DefaultCaret.java:1819) ~[?:?]
	at javax.swing.text.AbstractDocument.fireInsertUpdate(AbstractDocument.java:227) ~[?:?]
	at javax.swing.text.AbstractDocument.handleInsertString(AbstractDocument.java:781) ~[?:?]
	at javax.swing.text.AbstractDocument.insertString(AbstractDocument.java:740) ~[?:?]
	at javax.swing.text.PlainDocument.insertString(PlainDocument.java:131) ~[?:?]
	at javax.swing.text.AbstractDocument.replace(AbstractDocument.java:699) ~[?:?]
	at javax.swing.text.JTextComponent.setText(JTextComponent.java:1725) ~[?:?]
	at com.st.microxplorer.plugins.projectmanager.gui.ProjectChoiceTab.createHeapStackFields(ProjectChoiceTab.java:993) ~[filemanager.jar:?]
	at com.st.microxplorer.plugins.projectmanager.gui.ProjectChoiceTab.buildLinkSettingsPanel(ProjectChoiceTab.java:3813) ~[filemanager.jar:?]
	at com.st.microxplorer.plugins.projectmanager.gui.ProjectChoiceTab.defineWindowsFields(ProjectChoiceTab.java:1987) ~[filemanager.jar:?]
	at com.st.microxplorer.plugins.projectmanager.gui.ProjectChoiceTab.updateSettings(ProjectChoiceTab.java:558) ~[filemanager.jar:?]
	at com.st.microxplorer.plugins.projectmanager.gui.ProjectSettingsPanel.UpdateDialog(ProjectSettingsPanel.java:247) ~[filemanager.jar:?]
	at com.st.microxplorer.plugins.projectmanager.ProjectManagerView.propertyChange(ProjectManagerView.java:392) ~[filemanager.jar:?]
	at java.beans.PropertyChangeSupport.fire(PropertyChangeSupport.java:343) ~[?:?]
	at java.beans.PropertyChangeSupport.firePropertyChange(PropertyChangeSupport.java:335) ~[?:?]
	at java.beans.PropertyChangeSupport.firePropertyChange(PropertyChangeSupport.java:268) ~[?:?]
	at com.st.microxplorer.util.MXPropertyChangeSupport.firePropertyChange(MXPropertyChangeSupport.java:54) ~[STM32CubeMX.jar:?]
	at com.st.microxplorer.mxsystem.MxSystem.closeConfig(MxSystem.java:899) ~[STM32CubeMX.jar:?]
	at com.st.microxplorer.maingui.MainPanel.closeConfig(MainPanel.java:792) ~[STM32CubeMX.jar:?]
	at com.st.microxplorer.plugins.filemanager.engine.OpenFileManager.loadConfigurationFile(OpenFileManager.java:288) ~[filemanager.jar:?]
	at com.st.microxplorer.plugins.filemanager.engine.MainFileManager.userLoadConfig(MainFileManager.java:364) ~[filemanager.jar:?]
	at com.st.microxplorer.plugins.filemanager.engine.MainFileManager.userLoadConfig(MainFileManager.java:342) ~[filemanager.jar:?]
	at com.st.microxplorer.plugins.filemanager.FileManagerView.getSpecificTask(FileManagerView.java:264) ~[filemanager.jar:?]
	at com.st.stm32cube.common.mx.editor.CubeMxEditor.getMxTabbedPaneInstance(CubeMxEditor.java:1198) ~[com.st.stm32cube.common.mx_6.15.0.202507011659/:?]
	at com.st.stm32cube.common.mx.editor.CubeMxEditor$12$1.createSwingComponent(CubeMxEditor.java:1068) ~[com.st.stm32cube.common.mx_6.15.0.202507011659/:?]
	at com.st.stm32cube.common.mx.oss.core.awtswtbridge.EmbeddedSwingComposite.doComponentCreation(EmbeddedSwingComposite.java:492) ~[com.st.stm32cube.common.mx.oss_6.15.0.202507011659/:?]
	at com.st.stm32cube.common.mx.oss.core.awtswtbridge.EmbeddedSwingComposite$4.run(EmbeddedSwingComposite.java:291) ~[com.st.stm32cube.common.mx.oss_6.15.0.202507011659/:?]
	at com.st.stm32cube.common.mx.oss.core.awtswtbridge.AwtEnvironment$2.run(AwtEnvironment.java:166) ~[com.st.stm32cube.common.mx.oss_6.15.0.202507011659/:?]
	at java.awt.event.InvocationEvent.dispatch(InvocationEvent.java:318) ~[?:?]
	at java.awt.EventQueue.dispatchEventImpl(EventQueue.java:773) ~[?:?]
	at java.awt.EventQueue$4.run(EventQueue.java:720) ~[?:?]
	at java.awt.EventQueue$4.run(EventQueue.java:714) ~[?:?]
	at java.security.AccessController.doPrivileged(AccessController.java:400) ~[?:?]
	at java.security.ProtectionDomain$JavaSecurityAccessImpl.doIntersectionPrivilege(ProtectionDomain.java:87) ~[?:?]
	at java.awt.EventQueue.dispatchEvent(EventQueue.java:742) ~[?:?]
	at java.awt.EventDispatchThread.pumpOneEventForFilters(EventDispatchThread.java:203) ~[?:?]
	at java.awt.EventDispatchThread.pumpEventsForFilter(EventDispatchThread.java:124) ~[?:?]
	at java.awt.EventDispatchThread.pumpEventsForHierarchy(EventDispatchThread.java:113) ~[?:?]
	at java.awt.EventDispatchThread.pumpEvents(EventDispatchThread.java:109) ~[?:?]
	at java.awt.EventDispatchThread.pumpEvents(EventDispatchThread.java:101) ~[?:?]
	at java.awt.EventDispatchThread.run(EventDispatchThread.java:90) ~[?:?]
2026-09-08 20:36:56,571 [WARN] ThirdParty:871 - waiting for thirdparty lock release [close project]
2026-09-08 20:36:56,571 [INFO] ThirdParty:873 - entering critical section [close project]
2026-09-08 20:36:56,571 [INFO] ThirdParty:883 - exiting critical section [close project]
2026-09-08 20:36:56,573 [INFO] PinOutPanel:1589 - setPackage(No Configuration,No Configuration)
2026-09-08 20:36:56,579 [INFO] UtilMem:75 - Begin LoadConfig() Used Memory: 997230256 Bytes (1073741824)
2026-09-08 20:36:56,580 [INFO] MicroXplorer:468 - Change Database Path : 
2026-09-08 20:36:56,580 [INFO] MicroXplorer:498 - Change Database Version : DB.6.0.150
2026-09-08 20:36:56,580 [INFO] OpenFileManager:355 - Change cursor
2026-09-08 20:36:56,585 [INFO] Mcu:2029 - Initializing MCU STM32F042G(4-6)Ux STM32F042G4Ux STM32F042G4U6
2026-09-08 20:36:56,886 [INFO] Context:786 - Trying to add GPIOservice into a context  which must be forbidden
2026-09-08 20:36:56,942 [INFO] ImportTextPane:234 - (OptionalMessage_ERROR) Pin5 (VP_RIF_VS_RIF1) cannot be retrieved for this MCU
2026-09-08 20:36:56,954 [INFO] RtosManager:558 - Registered RTOS mode: class=CMSIS, group=RTOS, mode=CMSIS_V1, owner=FREERTOS
2026-09-08 20:36:56,954 [INFO] RtosManager:558 - Registered RTOS mode: class=CMSIS, group=RTOS2, mode=CMSIS_V2, owner=FREERTOS
2026-09-08 20:36:56,954 [INFO] RtosManager:558 - Registered RTOS mode: class=RTOS, group=Core, mode=CMSIS_V1, owner=FREERTOS
2026-09-08 20:36:56,954 [INFO] RtosManager:558 - Registered RTOS mode: class=RTOS, group=Core, mode=CMSIS_V2, owner=FREERTOS
2026-09-08 20:36:56,954 [WARN] ModelIntegratedComponent:184 - Missing modes for component STMicroelectronics:FreeRTOS:0.0.1:STMicroelectronics:RTOS:FreeRTOS:Core:::10.2.0:
2026-09-08 20:36:56,979 [WARN] ModelIntegratedComponent:63 - No mode defined for component null
2026-09-08 20:36:56,979 [WARN] ModelIntegratedComponent:63 - No mode defined for component null
2026-09-08 20:36:56,979 [WARN] ModelIntegratedComponent:63 - No mode defined for component null
2026-09-08 20:36:56,979 [WARN] ModelIntegratedComponent:63 - No mode defined for component null
2026-09-08 20:36:56,979 [WARN] ModelIntegratedComponent:63 - No mode defined for component null
2026-09-08 20:36:56,979 [WARN] ModelIntegratedComponent:63 - No mode defined for component null
2026-09-08 20:36:56,979 [WARN] ModelIntegratedComponent:63 - No mode defined for component null
2026-09-08 20:36:56,979 [WARN] ModelIntegratedComponent:63 - No mode defined for component null
2026-09-08 20:36:56,979 [WARN] ModelIntegratedComponent:63 - No mode defined for component null
2026-09-08 20:36:56,979 [WARN] ModelIntegratedComponent:63 - No mode defined for component null
2026-09-08 20:36:56,979 [WARN] ModelIntegratedComponent:63 - No mode defined for component null
2026-09-08 20:36:56,979 [WARN] ModelIntegratedComponent:63 - No mode defined for component null
2026-09-08 20:36:56,979 [WARN] ModelIntegratedComponent:63 - No mode defined for component null
2026-09-08 20:36:56,979 [WARN] ModelIntegratedComponent:63 - No mode defined for component null
2026-09-08 20:36:56,979 [WARN] ModelIntegratedComponent:63 - No mode defined for component null
2026-09-08 20:36:56,979 [WARN] ModelIntegratedComponent:63 - No mode defined for component null
2026-09-08 20:36:56,979 [WARN] ModelIntegratedComponent:63 - No mode defined for component null
2026-09-08 20:36:56,979 [WARN] ModelIntegratedComponent:63 - No mode defined for component null
2026-09-08 20:36:56,979 [WARN] ModelIntegratedComponent:63 - No mode defined for component null
2026-09-08 20:36:56,979 [WARN] ModelIntegratedComponent:63 - No mode defined for component null
2026-09-08 20:36:56,979 [WARN] ModelIntegratedComponent:63 - No mode defined for component null
2026-09-08 20:36:56,979 [WARN] ModelIntegratedComponent:63 - No mode defined for component null
2026-09-08 20:36:56,979 [WARN] ModelIntegratedComponent:63 - No mode defined for component null
2026-09-08 20:36:56,979 [WARN] ModelIntegratedComponent:63 - No mode defined for component null
2026-09-08 20:36:56,979 [WARN] ModelIntegratedComponent:63 - No mode defined for component null
2026-09-08 20:36:56,979 [WARN] ModelIntegratedComponent:63 - No mode defined for component null
2026-09-08 20:36:56,979 [WARN] ModelIntegratedComponent:63 - No mode defined for component null
2026-09-08 20:36:56,979 [WARN] ModelIntegratedComponent:63 - No mode defined for component null
2026-09-08 20:36:56,979 [WARN] ModelIntegratedComponent:63 - No mode defined for component null
2026-09-08 20:36:56,979 [WARN] ModelIntegratedComponent:63 - No mode defined for component null
2026-09-08 20:36:56,979 [WARN] ModelIntegratedComponent:63 - No mode defined for component null
2026-09-08 20:36:56,979 [WARN] ModelIntegratedComponent:63 - No mode defined for component null
2026-09-08 20:36:56,979 [WARN] ModelIntegratedComponent:63 - No mode defined for component null
2026-09-08 20:36:56,979 [WARN] ModelIntegratedComponent:63 - No mode defined for component null
2026-09-08 20:36:56,979 [WARN] ModelIntegratedComponent:63 - No mode defined for component null
2026-09-08 20:36:56,979 [WARN] ModelPack:524 - Component already loaded: STMicroelectronics:HAL Drivers:0.0.0:STMicroelectronics:Device:STMicro_Driver:XSPI:HAL::0.0.1:HAL_XSPI
2026-09-08 20:36:57,065 [INFO] ThirdPartyModel:298 - Start build external matchings
2026-09-08 20:36:57,616 [INFO] ThirdPartyModel:316 - End build external matchings
2026-09-08 20:36:57,630 [INFO] ImportTextPane:234 - (OptionalMessage_ERROR) IP (RCC) : Invalid parameter (FamilyName)
2026-09-08 20:36:57,630 [INFO] ImportTextPane:234 - (OptionalMessage_ERROR) IP (RCC) : Invalid parameter (HSICECFreq_Value)
2026-09-08 20:36:57,735 [INFO] UtilMem:75 - End LoadConfig() Used Memory: 979506776 Bytes (1073741824)
2026-09-08 20:36:57,767 [WARN] ThirdParty:833 - waiting for thirdparty lock release [change project]
2026-09-08 20:36:57,767 [INFO] ThirdParty:835 - entering critical section [change project]
2026-09-08 20:36:57,767 [INFO] ThirdParty:1030 - CMSIS Pack Vendor :STMicroelectronics X-CUBE-AZRTOS-H7 3.5.0
2026-09-08 20:36:57,767 [INFO] ThirdParty:1030 - CMSIS Pack Vendor :STMicroelectronics X-CUBE-PM33A1 1.0.0
2026-09-08 20:36:57,767 [INFO] ThirdParty:1030 - CMSIS Pack Vendor :STMicroelectronics USBPD 4.1
2026-09-08 20:36:57,767 [INFO] ThirdParty:1030 - CMSIS Pack Vendor :STMicroelectronics USB_HOST 2.0.0
2026-09-08 20:36:57,767 [INFO] ThirdParty:1030 - CMSIS Pack Vendor :STMicroelectronics FP-SNS-MOTENVWB1 1.4.0
2026-09-08 20:36:57,767 [INFO] ThirdParty:1030 - CMSIS Pack Vendor :STMicroelectronics FP-ATR-ASTRA1 2.0.3
2026-09-08 20:36:57,767 [INFO] ThirdParty:1030 - CMSIS Pack Vendor :STMicroelectronics X-CUBE-AZRTOS-F4 1.1.0
2026-09-08 20:36:57,768 [INFO] ThirdParty:1030 - CMSIS Pack Vendor :STMicroelectronics LIBJPEG 8.0.0
2026-09-08 20:36:57,768 [INFO] ThirdParty:1030 - CMSIS Pack Vendor :STMicroelectronics FP-ATR-ASTRA1 2.0.2
2026-09-08 20:36:57,768 [INFO] ThirdParty:1030 - CMSIS Pack Vendor :STMicroelectronics FP-ATR-ASTRA1 2.0.1
2026-09-08 20:36:57,768 [INFO] ThirdParty:1030 - CMSIS Pack Vendor :Avnet-IotConnect X-CUBE-IoTC-DA16k-PMOD 1.0.0
2026-09-08 20:36:57,768 [INFO] ThirdParty:1030 - CMSIS Pack Vendor :STMicroelectronics X-CUBE-SMBUS 2.1.0
2026-09-08 20:36:57,768 [INFO] ThirdParty:1030 - CMSIS Pack Vendor :STMicroelectronics X-CUBE-WB05N 1.1.0
2026-09-08 20:36:57,768 [INFO] ThirdParty:1030 - CMSIS Pack Vendor :STMicroelectronics X-CUBE-IPS 3.2.0
2026-09-08 20:36:57,768 [INFO] ThirdParty:1030 - CMSIS Pack Vendor :STMicroelectronics eDS-WB_DPC_TT-BIDIR 2.1.1
2026-09-08 20:36:57,768 [INFO] ThirdParty:1030 - CMSIS Pack Vendor :STMicroelectronics X-CUBE-ST60 1.0.0
2026-09-08 20:36:57,768 [INFO] ThirdParty:1030 - CMSIS Pack Vendor :STMicroelectronics X-CUBE-NFC12 1.0.0
2026-09-08 20:36:57,768 [INFO] ThirdParty:1030 - CMSIS Pack Vendor :STMicroelectronics X-CUBE-AZRTOS-F7 1.1.0
2026-09-08 20:36:57,768 [INFO] ThirdParty:1030 - CMSIS Pack Vendor :STMicroelectronics X-CUBE-AZRTOS-L5 2.0.0
2026-09-08 20:36:57,768 [INFO] ThirdParty:1030 - CMSIS Pack Vendor :STMicroelectronics USB_DEVICE 2.0.0
2026-09-08 20:36:57,768 [INFO] ThirdParty:1030 - CMSIS Pack Vendor :STMicroelectronics X-CUBE-FREERTOS 1.6.0
2026-09-08 20:36:57,768 [INFO] ThirdParty:1030 - CMSIS Pack Vendor :STMicroelectronics X-CUBE-NFC6 3.1.0
2026-09-08 20:36:57,768 [INFO] ThirdParty:1030 - CMSIS Pack Vendor :STMicroelectronics X-CUBE-ALGOBUILD 1.5.0
2026-09-08 20:36:57,768 [INFO] ThirdParty:1030 - CMSIS Pack Vendor :STMicroelectronics FP-SNS-MOTENV1 5.1.0
2026-09-08 20:36:57,768 [INFO] ThirdParty:1030 - CMSIS Pack Vendor :STMicroelectronics FreeRTOS 0.0.1
2026-09-08 20:36:57,768 [INFO] ThirdParty:1030 - CMSIS Pack Vendor :STMicroelectronics X-CUBE-AZRTOS-H7RS 1.3.0
2026-09-08 20:36:57,768 [INFO] ThirdParty:1030 - CMSIS Pack Vendor :STMicroelectronics X-CUBE-DPower 1.2.0
2026-09-08 20:36:57,768 [INFO] ThirdParty:1030 - CMSIS Pack Vendor :STMicroelectronics eDS-WB_DPC_VIENNA 1.2.0
2026-09-08 20:36:57,768 [INFO] ThirdParty:1030 - CMSIS Pack Vendor :STMicroelectronics X-CUBE-MEMS1 13.0.0
2026-09-08 20:36:57,768 [INFO] ThirdParty:1030 - CMSIS Pack Vendor :STMicroelectronics FP-SNS-FLIGHT1 5.0.2
2026-09-08 20:36:57,768 [INFO] ThirdParty:1030 - CMSIS Pack Vendor :STMicroelectronics eDS-WB_DPC_3PH2L-BIDIR 1.1.1
2026-09-08 20:36:57,768 [INFO] ThirdParty:1030 - CMSIS Pack Vendor :Infineon AIROC-Wi-Fi-Bluetooth-STM32 1.7.0
2026-09-08 20:36:57,768 [INFO] ThirdParty:1030 - CMSIS Pack Vendor :STMicroelectronics PDM2PCM 3.3.0
2026-09-08 20:36:57,768 [INFO] ThirdParty:1030 - CMSIS Pack Vendor :STMicroelectronics X-CUBE-AZRTOS-H7 3.4.0
2026-09-08 20:36:57,768 [INFO] ThirdParty:1030 - CMSIS Pack Vendor :STMicroelectronics X-CUBE-DISPLAY 3.0.0
2026-09-08 20:36:57,768 [INFO] ThirdParty:1030 - CMSIS Pack Vendor :STMicroelectronics X-CUBE-GNSS1 7.1.1
2026-09-08 20:36:57,768 [INFO] ThirdParty:1030 - CMSIS Pack Vendor :STMicroelectronics FP-SNS-MOTENVWB1 1.5.0
2026-09-08 20:36:57,768 [INFO] ThirdParty:1030 - CMSIS Pack Vendor :STMicroelectronics X-CUBE-BLE1 7.0.0
2026-09-08 20:36:57,768 [INFO] ThirdParty:1030 - CMSIS Pack Vendor :STMicroelectronics X-CUBE-NFC10 1.0.0
2026-09-08 20:36:57,768 [INFO] ThirdParty:1030 - CMSIS Pack Vendor :STMicroelectronics X-CUBE-BLEMGR 4.0.0
2026-09-08 20:36:57,768 [INFO] ThirdParty:1030 - CMSIS Pack Vendor :STMicroelectronics X-CUBE-FREERTOS 1.3.1
2026-09-08 20:36:57,768 [INFO] ThirdParty:1030 - CMSIS Pack Vendor :STMicroelectronics HAL Drivers 0.0.0
2026-09-08 20:36:57,768 [INFO] ThirdParty:1030 - CMSIS Pack Vendor :STMicroelectronics X-CUBE-ST60 1.1.0
2026-09-08 20:36:57,768 [INFO] ThirdParty:1030 - CMSIS Pack Vendor :emotas I-CUBE-CANOPEN 1.3.0
2026-09-08 20:36:57,768 [INFO] ThirdParty:1030 - CMSIS Pack Vendor :STMicroelectronics X-CUBE-FREERTOS 1.3.0
2026-09-08 20:36:57,768 [INFO] ThirdParty:1030 - CMSIS Pack Vendor :STMicroelectronics X-CUBE-NFC7 1.0.1
2026-09-08 20:36:57,768 [INFO] ThirdParty:1030 - CMSIS Pack Vendor :STMicroelectronics MBEDTLS 2.14.1
2026-09-08 20:36:57,768 [INFO] ThirdParty:1030 - CMSIS Pack Vendor :STMicroelectronics X-CUBE-GNSS1 7.1.0
2026-09-08 20:36:57,768 [INFO] ThirdParty:1030 - CMSIS Pack Vendor :STMicroelectronics X-CUBE-TOUCHGFX 4.26.0
2026-09-08 20:36:57,768 [INFO] ThirdParty:1030 - CMSIS Pack Vendor :STMicroelectronics X-CUBE-TOUCHGFX 4.26.1
2026-09-08 20:36:57,768 [INFO] ThirdParty:1030 - CMSIS Pack Vendor :STMicroelectronics X-CUBE-AI 10.0.0
2026-09-08 20:36:57,768 [INFO] ThirdParty:1030 - CMSIS Pack Vendor :STMicroelectronics FP-SNS-STBOX1 2.1.0
2026-09-08 20:36:57,768 [INFO] ThirdParty:1030 - CMSIS Pack Vendor :STMicroelectronics FP-SNS-STAIOTCFT 1.0.0
2026-09-08 20:36:57,768 [INFO] ThirdParty:1030 - CMSIS Pack Vendor :STMicroelectronics FP-SNS-SMARTAG2 1.2.0
2026-09-08 20:36:57,768 [INFO] ThirdParty:1030 - CMSIS Pack Vendor :STMicroelectronics FP-SNS-FLIGHT1 5.1.0
2026-09-08 20:36:57,768 [INFO] ThirdParty:1030 - CMSIS Pack Vendor :STMicroelectronics X-CUBE-MEMS1 11.1.0
2026-09-08 20:36:57,768 [INFO] ThirdParty:1030 - CMSIS Pack Vendor :STMicroelectronics X-CUBE-AZRTOS-WL 2.0.0
2026-09-08 20:36:57,768 [INFO] ThirdParty:1030 - CMSIS Pack Vendor :STMicroelectronics X-CUBE-DPower 1.3.0
2026-09-08 20:36:57,768 [INFO] ThirdParty:1030 - CMSIS Pack Vendor :STMicroelectronics FP-SNS-MOTENV1 5.0.0
2026-09-08 20:36:57,768 [INFO] ThirdParty:1030 - CMSIS Pack Vendor :STMicroelectronics USB_DEVICE 1.0.0
2026-09-08 20:36:57,768 [INFO] ThirdParty:1030 - CMSIS Pack Vendor :STMicroelectronics X-CUBE-AZRTOS-H7RS 1.2.0
2026-09-08 20:36:57,768 [INFO] ThirdParty:1030 - CMSIS Pack Vendor :STMicroelectronics X-CUBE-AZRTOS-L4 2.0.0
2026-09-08 20:36:57,768 [INFO] ThirdParty:1030 - CMSIS Pack Vendor :STMicroelectronics ThreadX 0.0.2
2026-09-08 20:36:57,768 [INFO] ThirdParty:1030 - CMSIS Pack Vendor :WES I-CUBE-Cesium 1.3.0
2026-09-08 20:36:57,768 [INFO] ThirdParty:1030 - CMSIS Pack Vendor :STMicroelectronics lwIP 2.1.2
2026-09-08 20:36:57,768 [INFO] ThirdParty:1030 - CMSIS Pack Vendor :STMicroelectronics X-CUBE-SFXS2LP1 4.0.0
2026-09-08 20:36:57,768 [INFO] ThirdParty:1030 - CMSIS Pack Vendor :STMicroelectronics X-CUBE-BLE2 3.3.0
2026-09-08 20:36:57,768 [INFO] ThirdParty:1030 - CMSIS Pack Vendor :Avnet-IOTCONNECT X-CUBE-iotc-st67-sdk 1.0.0
2026-09-08 20:36:57,768 [INFO] ThirdParty:1030 - CMSIS Pack Vendor :STMicroelectronics PDM2PCM 3.2.0
2026-09-08 20:36:57,768 [INFO] ThirdParty:1030 - CMSIS Pack Vendor :STMicroelectronics X-CUBE-WB05N 2.1.0
2026-09-08 20:36:57,768 [INFO] ThirdParty:1030 - CMSIS Pack Vendor :STMicroelectronics X-CUBE-ST67W61 1.2.0
2026-09-08 20:36:57,768 [INFO] ThirdParty:1030 - CMSIS Pack Vendor :STMicroelectronics X-CUBE-AZRTOS-H7 3.3.0
2026-09-08 20:36:57,768 [INFO] ThirdParty:1030 - CMSIS Pack Vendor :STMicroelectronics X-CUBE-NFC9 1.0.0
2026-09-08 20:36:57,768 [INFO] ThirdParty:1030 - CMSIS Pack Vendor :STMicroelectronics X-CUBE-BLE1 7.1.0
2026-09-08 20:36:57,768 [INFO] ThirdParty:1030 - CMSIS Pack Vendor :wolfSSL I-CUBE-wolfMQTT 1.19.2
2026-09-08 20:36:57,768 [INFO] ThirdParty:1030 - CMSIS Pack Vendor :STMicroelectronics USB_DEVICE 3.0.0
2026-09-08 20:36:57,768 [INFO] ThirdParty:1030 - CMSIS Pack Vendor :STMicroelectronics X-CUBE-FREERTOS 1.4.0
2026-09-08 20:36:57,768 [INFO] ThirdParty:1030 - CMSIS Pack Vendor :STMicroelectronics X-CUBE-EEPRMA1 5.2.0
2026-09-08 20:36:57,768 [INFO] ThirdParty:1030 - CMSIS Pack Vendor :STMicroelectronics X-CUBE-BLEMGR 4.1.0
2026-09-08 20:36:57,768 [INFO] ThirdParty:1030 - CMSIS Pack Vendor :STMicroelectronics X-CUBE-AZRTOS-WB 2.0.0
2026-09-08 20:36:57,768 [INFO] ThirdParty:1030 - CMSIS Pack Vendor :STMicroelectronics X-CUBE-GNSS1 7.0.1
2026-09-08 20:36:57,768 [INFO] ThirdParty:1030 - CMSIS Pack Vendor :STMicroelectronics X-CUBE-TOUCHGFX 4.25.0
2026-09-08 20:36:57,768 [INFO] ThirdParty:1030 - CMSIS Pack Vendor :STMicroelectronics X-CUBE-ST67W61 1.1.0
2026-09-08 20:36:57,768 [INFO] ThirdParty:1030 - CMSIS Pack Vendor :STMicroelectronics X-CUBE-AI 10.1.0
2026-09-08 20:36:57,768 [INFO] ThirdParty:1030 - CMSIS Pack Vendor :STMicroelectronics FP-SNS-STBOX1 2.0.0
2026-09-08 20:36:57,768 [INFO] ThirdParty:1030 - CMSIS Pack Vendor :STMicroelectronics FP-SNS-STAIOTCFT 1.1.0
2026-09-08 20:36:57,768 [INFO] ThirdParty:1030 - CMSIS Pack Vendor :STMicroelectronics X-CUBE-MEMS1 12.0.0
2026-09-08 20:36:57,768 [INFO] ThirdParty:1030 - CMSIS Pack Vendor :STMicroelectronics X-CUBE-STSE01 2.0.0
2026-09-08 20:36:57,768 [INFO] ThirdParty:1030 - CMSIS Pack Vendor :STMicroelectronics X-CUBE-AZRTOS-G0 1.1.0
2026-09-08 20:36:57,768 [INFO] ThirdParty:1030 - CMSIS Pack Vendor :STMicroelectronics X-CUBE-SAFEA1 1.2.2
2026-09-08 20:36:57,768 [INFO] ThirdParty:1030 - CMSIS Pack Vendor :STMicroelectronics X-CUBE-NFC4 3.0.0
2026-09-08 20:36:57,768 [INFO] ThirdParty:1030 - CMSIS Pack Vendor :STMicroelectronics X-CUBE-SUBG2 5.0.0
2026-09-08 20:36:57,768 [INFO] ThirdParty:1030 - CMSIS Pack Vendor :STMicroelectronics X-CUBE-AZRTOS-H7RS 1.1.0
2026-09-08 20:36:57,768 [INFO] ThirdParty:1030 - CMSIS Pack Vendor :STMicroelectronics STM32_WPAN 1.0.0
2026-09-08 20:36:57,768 [INFO] ThirdParty:1030 - CMSIS Pack Vendor :EmbeddedOffice I-CUBE-FS-RTOS 1.0.1
2026-09-08 20:36:57,768 [INFO] ThirdParty:1030 - CMSIS Pack Vendor :STMicroelectronics lwIP 2.0.3
2026-09-08 20:36:57,768 [INFO] ThirdParty:1030 - CMSIS Pack Vendor :Cesanta I-CUBE-Mongoose 7.13.0
2026-09-08 20:36:57,768 [INFO] ThirdParty:1030 - CMSIS Pack Vendor :STMicroelectronics USB_HOST 1.0.0
2026-09-08 20:36:57,768 [INFO] ThirdParty:1030 - CMSIS Pack Vendor :STMicroelectronics X-CUBE-AZRTOS-G4 2.0.0
2026-09-08 20:36:57,768 [INFO] ThirdParty:1030 - CMSIS Pack Vendor :STMicroelectronics X-CUBE-WB05N 2.0.0
2026-09-08 20:36:57,768 [INFO] ThirdParty:1030 - CMSIS Pack Vendor :STMicroelectronics PDM2PCM 3.1.0
2026-09-08 20:36:57,768 [INFO] ThirdParty:1030 - CMSIS Pack Vendor :wolfSSL I-CUBE-wolfTPM 3.8.0
2026-09-08 20:36:57,768 [INFO] ThirdParty:1030 - CMSIS Pack Vendor :wolfSSL I-CUBE-wolfSSH 1.4.20
2026-09-08 20:36:57,768 [INFO] ThirdParty:1030 - CMSIS Pack Vendor :STMicroelectronics X-CUBE-NFC7 2.0.0
2026-09-08 20:36:57,768 [INFO] ThirdParty:1030 - CMSIS Pack Vendor :STMicroelectronics X-CUBE-TCPP 4.2.0
2026-09-08 20:36:57,768 [INFO] ThirdParty:1030 - CMSIS Pack Vendor :RealThread X-CUBE-RT-Thread_Nano 4.1.1
2026-09-08 20:36:57,768 [INFO] ThirdParty:1030 - CMSIS Pack Vendor :STMicroelectronics FP-ATR-SIGFOX1 3.2.0
2026-09-08 20:36:57,768 [INFO] ThirdParty:1030 - CMSIS Pack Vendor :quantropi X-CUBE-qispace-sdk-base 1.9.3
2026-09-08 20:36:57,768 [INFO] ThirdParty:1030 - CMSIS Pack Vendor :STMicroelectronics X-CUBE-EEPRMA1 5.1.0
2026-09-08 20:36:57,768 [INFO] ThirdParty:1030 - CMSIS Pack Vendor :STMicroelectronics X-CUBE-FREERTOS 1.5.0
2026-09-08 20:36:57,768 [INFO] ThirdParty:1030 - CMSIS Pack Vendor :STMicroelectronics MBEDTLS 2.16.2
2026-09-08 20:36:57,768 [INFO] ThirdParty:1030 - CMSIS Pack Vendor :STMicroelectronics X-CUBE-IPS 3.1.0
2026-09-08 20:36:57,768 [INFO] ThirdParty:1030 - CMSIS Pack Vendor :STMicroelectronics X-CUBE-ALS 1.0.2
2026-09-08 20:36:57,768 [INFO] ThirdParty:1030 - CMSIS Pack Vendor :wolfSSL I-CUBE-wolfSSL 5.7.6
2026-09-08 20:36:57,768 [INFO] ThirdParty:1030 - CMSIS Pack Vendor :ITTIA_DB I-CUBE-ITTIADB 8.9.0
2026-09-08 20:36:57,768 [INFO] ThirdParty:1030 - CMSIS Pack Vendor :STMicroelectronics X-CUBE-TOUCHGFX 4.24.2
2026-09-08 20:36:57,768 [INFO] ThirdParty:1030 - CMSIS Pack Vendor :STMicroelectronics X-CUBE-STSE01 1.0.0
2026-09-08 20:36:57,768 [INFO] ThirdParty:1030 - CMSIS Pack Vendor :portGmbH I-Cube-SoM-uGOAL 1.1.0
2026-09-08 20:36:57,768 [INFO] ThirdParty:1030 - CMSIS Pack Vendor :STMicroelectronics X-CUBE-NFC6 3.2.0
2026-09-08 20:36:57,768 [INFO] ThirdParty:1030 - CMSIS Pack Vendor :STMicroelectronics X-CUBE-ST67W61 1.0.0
2026-09-08 20:36:57,768 [INFO] ThirdParty:1030 - CMSIS Pack Vendor :STMicroelectronics X-CUBE-AI 10.2.1
2026-09-08 20:36:57,768 [INFO] ThirdParty:1030 - CMSIS Pack Vendor :STMicroelectronics X-CUBE-AI 10.2.0
2026-09-08 20:36:57,768 [INFO] ThirdParty:1030 - CMSIS Pack Vendor :STMicroelectronics ThreadX 1.0.0
2026-09-08 20:36:57,768 [INFO] ThirdParty:1030 - CMSIS Pack Vendor :STMicroelectronics X-CUBE-MEMS1 12.1.0
2026-09-08 20:36:57,768 [INFO] ThirdParty:1030 - CMSIS Pack Vendor :SEGGER I-CUBE-embOS 1.3.1
2026-09-08 20:36:57,768 [INFO] ThirdParty:1030 - CMSIS Pack Vendor :STMicroelectronics X-CUBE-ALGOBUILD 1.4.0
2026-09-08 20:36:57,768 [INFO] ThirdParty:1030 - CMSIS Pack Vendor :STMicroelectronics X-CUBE-MEMS1 11.3.0
2026-09-08 20:36:57,768 [INFO] ThirdParty:1030 - CMSIS Pack Vendor :STMicroelectronics X-CUBE-AZRTOS-H7RS 1.0.0
2026-09-08 20:36:57,768 [INFO] ThirdParty:1030 - CMSIS Pack Vendor :STMicroelectronics X-CUBE-TOF1 3.4.2
2026-09-08 20:36:57,768 [INFO] ThirdParty:1030 - CMSIS Pack Vendor :STMicroelectronics X-CUBE-TOF1 3.4.3
2026-09-08 20:36:57,768 [INFO] ThirdParty:1030 - CMSIS Pack Vendor :STMicroelectronics X-CUBE-AI 9.1.0
2026-09-08 20:36:57,768 [INFO] ThirdParty:1030 - CMSIS Pack Vendor :STMicroelectronics X-CUBE-NFC13 1.0.0
2026-09-08 20:36:57,768 [INFO] ThirdParty:841 - exiting critical section [change project]
2026-09-08 20:36:57,812 [INFO] PinOutPanel:1589 - setPackage(No Configuration,No Configuration)
2026-09-08 20:36:57,812 [INFO] PinOutPanel:1589 - setPackage(STM32F042G4Ux,UFQFPN28)
2026-09-08 20:36:58,097 [INFO] UtilMem:75 - Before build in PCC Used Memory: 944483208 Bytes (1073741824)
2026-09-08 20:36:58,163 [INFO] UtilMem:75 - After build in PCC Used Memory: 988194360 Bytes (1073741824)
2026-09-08 20:36:58,173 [INFO] IPUIPlugin:80 - create IPUIPlugin
2026-09-08 20:36:58,173 [INFO] IPUIPlugin:80 - create IPUIPlugin
2026-09-08 20:36:58,173 [INFO] IPUIPlugin:80 - create IPUIPlugin
2026-09-08 20:36:58,173 [INFO] IPUIPlugin:80 - create IPUIPlugin
2026-09-08 20:36:58,173 [INFO] IPUIPlugin:80 - create IPUIPlugin
2026-09-08 20:36:58,173 [INFO] IPUIPlugin:80 - create IPUIPlugin
2026-09-08 20:36:58,173 [INFO] IPUIPlugin:80 - create IPUIPlugin
2026-09-08 20:36:58,173 [INFO] IPUIPlugin:80 - create IPUIPlugin
2026-09-08 20:36:58,174 [INFO] IPUIPlugin:80 - create IPUIPlugin
2026-09-08 20:36:58,174 [INFO] IPUIPlugin:80 - create IPUIPlugin
2026-09-08 20:36:58,174 [INFO] IPUIPlugin:80 - create IPUIPlugin
2026-09-08 20:36:58,174 [INFO] IPUIPlugin:80 - create IPUIPlugin
2026-09-08 20:36:58,174 [INFO] IPUIPlugin:80 - create IPUIPlugin
2026-09-08 20:36:58,174 [INFO] IPUIPlugin:80 - create IPUIPlugin
2026-09-08 20:36:58,174 [INFO] IPUIPlugin:80 - create IPUIPlugin
2026-09-08 20:36:58,174 [INFO] IPUIPlugin:80 - create IPUIPlugin
2026-09-08 20:36:58,174 [INFO] IPUIPlugin:80 - create IPUIPlugin
2026-09-08 20:36:58,174 [INFO] IPUIPlugin:80 - create IPUIPlugin
2026-09-08 20:36:58,174 [INFO] IPUIPlugin:80 - create IPUIPlugin
2026-09-08 20:36:58,174 [INFO] IPUIPlugin:80 - create IPUIPlugin
2026-09-08 20:36:58,174 [INFO] IPUIPlugin:80 - create IPUIPlugin
2026-09-08 20:36:58,174 [INFO] IPUIPlugin:80 - create IPUIPlugin
2026-09-08 20:36:58,174 [INFO] IPUIPlugin:80 - create IPUIPlugin
2026-09-08 20:36:58,174 [INFO] IPUIPlugin:80 - create IPUIPlugin
2026-09-08 20:36:58,175 [INFO] IPUIPlugin:80 - create IPUIPlugin
2026-09-08 20:36:58,175 [INFO] IPUIPlugin:80 - create IPUIPlugin
2026-09-08 20:36:58,175 [INFO] IPUIPlugin:80 - create IPUIPlugin
2026-09-08 20:36:58,175 [INFO] IPUIPlugin:80 - create IPUIPlugin
2026-09-08 20:36:58,175 [INFO] IPUIPlugin:80 - create IPUIPlugin
2026-09-08 20:36:58,175 [INFO] IPUIPlugin:80 - create IPUIPlugin
2026-09-08 20:36:58,225 [INFO] CADModel:165 - CPN selected for project levelSTM32F042G4U6
2026-09-08 20:36:58,225 [INFO] CADModel:114 - Register for checkConnection events
2026-09-08 20:36:58,278 [INFO] OpenFileManager:386 - Restore cursor
2026-09-08 20:39:52,781 [INFO] Gpio:278 - dependency for GPIO [RCC, SYS]
2026-09-08 21:06:05,246 [INFO] MainUpdater:2872 - connection check result : 10
2026-09-08 21:06:05,246 [INFO] MainUpdater:2872 - connection check result : 10
2026-09-08 21:06:05,260 [INFO] MicroXplorer:468 - Change Database Path : 
2026-09-08 21:06:05,260 [INFO] MicroXplorer:498 - Change Database Version : DB.6.0.150
2026-09-08 21:06:05,298 [ERROR] ProjectManagerView:395 - 
java.lang.NullPointerException: Cannot invoke "javax.swing.JTextField.getText()" because the return value of "java.util.List.get(int)" is null
	at com.st.microxplorer.plugins.projectmanager.gui.ProjectChoiceTab$9.caretUpdate(ProjectChoiceTab.java:2706) ~[filemanager.jar:?]
	at javax.swing.text.JTextComponent.fireCaretUpdate(JTextComponent.java:408) ~[?:?]
	at javax.swing.text.JTextComponent$MutableCaretEvent.fire(JTextComponent.java:4484) ~[?:?]
	at javax.swing.text.JTextComponent$MutableCaretEvent.stateChanged(JTextComponent.java:4506) ~[?:?]
	at javax.swing.text.DefaultCaret.fireStateChanged(DefaultCaret.java:857) ~[?:?]
	at javax.swing.text.DefaultCaret.changeCaretPosition(DefaultCaret.java:1343) ~[?:?]
	at javax.swing.text.DefaultCaret.handleSetDot(DefaultCaret.java:1242) ~[?:?]
	at javax.swing.text.DefaultCaret.setDot(DefaultCaret.java:1223) ~[?:?]
	at javax.swing.text.DefaultCaret$Handler.insertUpdate(DefaultCaret.java:1819) ~[?:?]
	at javax.swing.text.AbstractDocument.fireInsertUpdate(AbstractDocument.java:227) ~[?:?]
	at javax.swing.text.AbstractDocument.handleInsertString(AbstractDocument.java:781) ~[?:?]
	at javax.swing.text.AbstractDocument.insertString(AbstractDocument.java:740) ~[?:?]
	at javax.swing.text.PlainDocument.insertString(PlainDocument.java:131) ~[?:?]
	at javax.swing.text.AbstractDocument.replace(AbstractDocument.java:699) ~[?:?]
	at javax.swing.text.JTextComponent.setText(JTextComponent.java:1725) ~[?:?]
	at com.st.microxplorer.plugins.projectmanager.gui.ProjectChoiceTab.createHeapStackFields(ProjectChoiceTab.java:993) ~[filemanager.jar:?]
	at com.st.microxplorer.plugins.projectmanager.gui.ProjectChoiceTab.buildLinkSettingsPanel(ProjectChoiceTab.java:3813) ~[filemanager.jar:?]
	at com.st.microxplorer.plugins.projectmanager.gui.ProjectChoiceTab.defineWindowsFields(ProjectChoiceTab.java:1987) ~[filemanager.jar:?]
	at com.st.microxplorer.plugins.projectmanager.gui.ProjectChoiceTab.updateSettings(ProjectChoiceTab.java:558) ~[filemanager.jar:?]
	at com.st.microxplorer.plugins.projectmanager.gui.ProjectSettingsPanel.UpdateDialog(ProjectSettingsPanel.java:247) ~[filemanager.jar:?]
	at com.st.microxplorer.plugins.projectmanager.ProjectManagerView.propertyChange(ProjectManagerView.java:392) ~[filemanager.jar:?]
	at java.beans.PropertyChangeSupport.fire(PropertyChangeSupport.java:343) ~[?:?]
	at java.beans.PropertyChangeSupport.firePropertyChange(PropertyChangeSupport.java:335) ~[?:?]
	at java.beans.PropertyChangeSupport.firePropertyChange(PropertyChangeSupport.java:268) ~[?:?]
	at com.st.microxplorer.util.MXPropertyChangeSupport.firePropertyChange(MXPropertyChangeSupport.java:54) ~[STM32CubeMX.jar:?]
	at com.st.microxplorer.mxsystem.MxSystem.closeConfig(MxSystem.java:899) ~[STM32CubeMX.jar:?]
	at com.st.microxplorer.maingui.MainPanel.closeConfig(MainPanel.java:792) ~[STM32CubeMX.jar:?]
	at com.st.microxplorer.plugins.filemanager.engine.OpenFileManager.loadConfigurationFile(OpenFileManager.java:288) ~[filemanager.jar:?]
	at com.st.microxplorer.plugins.filemanager.engine.MainFileManager.userLoadConfig(MainFileManager.java:364) ~[filemanager.jar:?]
	at com.st.microxplorer.plugins.filemanager.engine.MainFileManager.userLoadConfig(MainFileManager.java:342) ~[filemanager.jar:?]
	at com.st.microxplorer.plugins.filemanager.FileManagerView.getSpecificTask(FileManagerView.java:264) ~[filemanager.jar:?]
	at com.st.stm32cube.common.mx.editor.CubeMxEditor.getMxTabbedPaneInstance(CubeMxEditor.java:1198) ~[com.st.stm32cube.common.mx_6.15.0.202507011659/:?]
	at com.st.stm32cube.common.mx.editor.CubeMxEditor$12$1.createSwingComponent(CubeMxEditor.java:1068) ~[com.st.stm32cube.common.mx_6.15.0.202507011659/:?]
	at com.st.stm32cube.common.mx.oss.core.awtswtbridge.EmbeddedSwingComposite.doComponentCreation(EmbeddedSwingComposite.java:492) ~[com.st.stm32cube.common.mx.oss_6.15.0.202507011659/:?]
	at com.st.stm32cube.common.mx.oss.core.awtswtbridge.EmbeddedSwingComposite$4.run(EmbeddedSwingComposite.java:291) ~[com.st.stm32cube.common.mx.oss_6.15.0.202507011659/:?]
	at com.st.stm32cube.common.mx.oss.core.awtswtbridge.AwtEnvironment$2.run(AwtEnvironment.java:166) ~[com.st.stm32cube.common.mx.oss_6.15.0.202507011659/:?]
	at java.awt.event.InvocationEvent.dispatch(InvocationEvent.java:318) ~[?:?]
	at java.awt.EventQueue.dispatchEventImpl(EventQueue.java:773) ~[?:?]
	at java.awt.EventQueue$4.run(EventQueue.java:720) ~[?:?]
	at java.awt.EventQueue$4.run(EventQueue.java:714) ~[?:?]
	at java.security.AccessController.doPrivileged(AccessController.java:400) ~[?:?]
	at java.security.ProtectionDomain$JavaSecurityAccessImpl.doIntersectionPrivilege(ProtectionDomain.java:87) ~[?:?]
	at java.awt.EventQueue.dispatchEvent(EventQueue.java:742) ~[?:?]
	at java.awt.EventDispatchThread.pumpOneEventForFilters(EventDispatchThread.java:203) ~[?:?]
	at java.awt.EventDispatchThread.pumpEventsForFilter(EventDispatchThread.java:124) ~[?:?]
	at java.awt.EventDispatchThread.pumpEventsForHierarchy(EventDispatchThread.java:113) ~[?:?]
	at java.awt.EventDispatchThread.pumpEvents(EventDispatchThread.java:109) ~[?:?]
	at java.awt.EventDispatchThread.pumpEvents(EventDispatchThread.java:101) ~[?:?]
	at java.awt.EventDispatchThread.run(EventDispatchThread.java:90) ~[?:?]
2026-09-08 21:06:05,301 [WARN] ThirdParty:871 - waiting for thirdparty lock release [close project]
2026-09-08 21:06:05,301 [INFO] ThirdParty:873 - entering critical section [close project]
2026-09-08 21:06:05,301 [INFO] ThirdParty:883 - exiting critical section [close project]
2026-09-08 21:06:05,304 [INFO] PinOutPanel:1589 - setPackage(No Configuration,No Configuration)
2026-09-08 21:06:05,314 [INFO] UtilMem:75 - Begin LoadConfig() Used Memory: 791330744 Bytes (1073741824)
2026-09-08 21:06:05,315 [INFO] MicroXplorer:468 - Change Database Path : 
2026-09-08 21:06:05,315 [INFO] MicroXplorer:498 - Change Database Version : DB.6.0.150
2026-09-08 21:06:05,315 [INFO] OpenFileManager:355 - Change cursor
2026-09-08 21:06:05,323 [INFO] Mcu:2029 - Initializing MCU STM32G431K(6-8-B)Ux STM32G431KBUx STM32G431KBU3
2026-09-08 21:06:06,834 [INFO] Context:786 - Trying to add GPIOservice into a context  which must be forbidden
2026-09-08 21:06:07,367 [INFO] ImportTextPane:234 - (OptionalMessage_ERROR) Pin18 (VP_RIF_VS_RIF1) cannot be retrieved for this MCU
2026-09-08 21:06:07,435 [INFO] RtosManager:558 - Registered RTOS mode: class=CMSIS, group=RTOS, mode=CMSIS_V1, owner=FREERTOS
2026-09-08 21:06:07,436 [INFO] RtosManager:558 - Registered RTOS mode: class=CMSIS, group=RTOS2, mode=CMSIS_V2, owner=FREERTOS
2026-09-08 21:06:07,436 [INFO] RtosManager:558 - Registered RTOS mode: class=RTOS, group=Core, mode=CMSIS_V1, owner=FREERTOS
2026-09-08 21:06:07,436 [INFO] RtosManager:558 - Registered RTOS mode: class=RTOS, group=Core, mode=CMSIS_V2, owner=FREERTOS
2026-09-08 21:06:07,436 [WARN] ModelIntegratedComponent:184 - Missing modes for component STMicroelectronics:FreeRTOS:0.0.1:STMicroelectronics:RTOS:FreeRTOS:Core:::10.2.0:
2026-09-08 21:06:07,552 [WARN] ModelIntegratedComponent:63 - No mode defined for component null
2026-09-08 21:06:07,553 [WARN] ModelIntegratedComponent:63 - No mode defined for component null
2026-09-08 21:06:07,553 [WARN] ModelIntegratedComponent:63 - No mode defined for component null
2026-09-08 21:06:07,553 [WARN] ModelIntegratedComponent:63 - No mode defined for component null
2026-09-08 21:06:07,553 [WARN] ModelIntegratedComponent:63 - No mode defined for component null
2026-09-08 21:06:07,553 [WARN] ModelIntegratedComponent:63 - No mode defined for component null
2026-09-08 21:06:07,553 [WARN] ModelIntegratedComponent:63 - No mode defined for component null
2026-09-08 21:06:07,553 [WARN] ModelIntegratedComponent:63 - No mode defined for component null
2026-09-08 21:06:07,553 [WARN] ModelIntegratedComponent:63 - No mode defined for component null
2026-09-08 21:06:07,553 [WARN] ModelIntegratedComponent:63 - No mode defined for component null
2026-09-08 21:06:07,553 [WARN] ModelIntegratedComponent:63 - No mode defined for component null
2026-09-08 21:06:07,553 [WARN] ModelIntegratedComponent:63 - No mode defined for component null
2026-09-08 21:06:07,553 [WARN] ModelIntegratedComponent:63 - No mode defined for component null
2026-09-08 21:06:07,553 [WARN] ModelIntegratedComponent:63 - No mode defined for component null
2026-09-08 21:06:07,553 [WARN] ModelIntegratedComponent:63 - No mode defined for component null
2026-09-08 21:06:07,553 [WARN] ModelIntegratedComponent:63 - No mode defined for component null
2026-09-08 21:06:07,553 [WARN] ModelIntegratedComponent:63 - No mode defined for component null
2026-09-08 21:06:07,553 [WARN] ModelIntegratedComponent:63 - No mode defined for component null
2026-09-08 21:06:07,553 [WARN] ModelIntegratedComponent:63 - No mode defined for component null
2026-09-08 21:06:07,553 [WARN] ModelIntegratedComponent:63 - No mode defined for component null
2026-09-08 21:06:07,553 [WARN] ModelIntegratedComponent:63 - No mode defined for component null
2026-09-08 21:06:07,553 [WARN] ModelIntegratedComponent:63 - No mode defined for component null
2026-09-08 21:06:07,553 [WARN] ModelIntegratedComponent:63 - No mode defined for component null
2026-09-08 21:06:07,553 [WARN] ModelIntegratedComponent:63 - No mode defined for component null
2026-09-08 21:06:07,553 [WARN] ModelIntegratedComponent:63 - No mode defined for component null
2026-09-08 21:06:07,553 [WARN] ModelIntegratedComponent:63 - No mode defined for component null
2026-09-08 21:06:07,553 [WARN] ModelIntegratedComponent:63 - No mode defined for component null
2026-09-08 21:06:07,553 [WARN] ModelIntegratedComponent:63 - No mode defined for component null
2026-09-08 21:06:07,553 [WARN] ModelIntegratedComponent:63 - No mode defined for component null
2026-09-08 21:06:07,554 [WARN] ModelIntegratedComponent:63 - No mode defined for component null
2026-09-08 21:06:07,554 [WARN] ModelIntegratedComponent:63 - No mode defined for component null
2026-09-08 21:06:07,554 [WARN] ModelIntegratedComponent:63 - No mode defined for component null
2026-09-08 21:06:07,554 [WARN] ModelIntegratedComponent:63 - No mode defined for component null
2026-09-08 21:06:07,554 [WARN] ModelIntegratedComponent:63 - No mode defined for component null
2026-09-08 21:06:07,554 [WARN] ModelIntegratedComponent:63 - No mode defined for component null
2026-09-08 21:06:07,554 [WARN] ModelPack:524 - Component already loaded: STMicroelectronics:HAL Drivers:0.0.0:STMicroelectronics:Device:STMicro_Driver:XSPI:HAL::0.0.1:HAL_XSPI
2026-09-08 21:06:07,691 [INFO] ThirdPartyModel:298 - Start build external matchings
2026-09-08 21:06:08,292 [INFO] ThirdPartyModel:316 - End build external matchings
2026-09-08 21:06:08,318 [INFO] ImportTextPane:234 - (OptionalMessage_ERROR) IP (ADC1) : Parameter (CommonPathInternal) has invalid value (null|null|null|null)
2026-09-08 21:06:08,318 [INFO] ImportTextPane:234 - (OptionalMessage_ERROR) IP (ADC2) : Parameter (CommonPathInternal) has invalid value (null|null|null|null)
2026-09-08 21:06:08,318 [INFO] ImportTextPane:234 - (OptionalMessage_ERROR) IP (DMA) : Parameter (Instance) has Id (ADC1) currently not set
2026-09-08 21:06:08,318 [INFO] ImportTextPane:234 - (OptionalMessage_ERROR) IP (DMA) : Parameter (Request) has Id (ADC1) currently not set
2026-09-08 21:06:08,318 [INFO] ImportTextPane:234 - (OptionalMessage_ERROR) IP (DMA) : Parameter (Direction) has Id (ADC1) currently not set
2026-09-08 21:06:08,318 [INFO] ImportTextPane:234 - (OptionalMessage_ERROR) IP (DMA) : Parameter (PeriphInc) has Id (ADC1) currently not set
2026-09-08 21:06:08,319 [INFO] ImportTextPane:234 - (OptionalMessage_ERROR) IP (DMA) : Parameter (MemInc) has Id (ADC1) currently not set
2026-09-08 21:06:08,319 [INFO] ImportTextPane:234 - (OptionalMessage_ERROR) IP (DMA) : Parameter (PeriphDataAlignment) has Id (ADC1) currently not set
2026-09-08 21:06:08,319 [INFO] ImportTextPane:234 - (OptionalMessage_ERROR) IP (DMA) : Parameter (MemDataAlignment) has Id (ADC1) currently not set
2026-09-08 21:06:08,319 [INFO] ImportTextPane:234 - (OptionalMessage_ERROR) IP (DMA) : Parameter (Mode) has Id (ADC1) currently not set
2026-09-08 21:06:08,319 [INFO] ImportTextPane:234 - (OptionalMessage_ERROR) IP (DMA) : Parameter (Priority) has Id (ADC1) currently not set
2026-09-08 21:06:08,319 [INFO] ImportTextPane:234 - (OptionalMessage_ERROR) IP (DMA) : Parameter (SignalID) has Id (ADC1) currently not set
2026-09-08 21:06:08,319 [INFO] ImportTextPane:234 - (OptionalMessage_ERROR) IP (DMA) : Parameter (Polarity) has Id (ADC1) currently not set
2026-09-08 21:06:08,319 [INFO] ImportTextPane:234 - (OptionalMessage_ERROR) IP (DMA) : Parameter (RequestNumber) has Id (ADC1) currently not set
2026-09-08 21:06:08,319 [INFO] ImportTextPane:234 - (OptionalMessage_ERROR) IP (DMA) : Parameter (SyncSignalID) has Id (ADC1) currently not set
2026-09-08 21:06:08,319 [INFO] ImportTextPane:234 - (OptionalMessage_ERROR) IP (DMA) : Parameter (SyncPolarity) has Id (ADC1) currently not set
2026-09-08 21:06:08,319 [INFO] ImportTextPane:234 - (OptionalMessage_ERROR) IP (DMA) : Parameter (SyncEnable) has Id (ADC1) currently not set
2026-09-08 21:06:08,319 [INFO] ImportTextPane:234 - (OptionalMessage_ERROR) IP (DMA) : Parameter (EventEnable) has Id (ADC1) currently not set
2026-09-08 21:06:08,319 [INFO] ImportTextPane:234 - (OptionalMessage_ERROR) IP (DMA) : Parameter (SyncRequestNumber) has Id (ADC1) currently not set
2026-09-08 21:06:08,319 [INFO] ImportTextPane:234 - (OptionalMessage_ERROR) IP (DMA) : Parameter (Instance) has Id (ADC2) currently not set
2026-09-08 21:06:08,319 [INFO] ImportTextPane:234 - (OptionalMessage_ERROR) IP (DMA) : Parameter (Request) has Id (ADC2) currently not set
2026-09-08 21:06:08,320 [INFO] ImportTextPane:234 - (OptionalMessage_ERROR) IP (DMA) : Parameter (Direction) has Id (ADC2) currently not set
2026-09-08 21:06:08,320 [INFO] ImportTextPane:234 - (OptionalMessage_ERROR) IP (DMA) : Parameter (PeriphInc) has Id (ADC2) currently not set
2026-09-08 21:06:08,320 [INFO] ImportTextPane:234 - (OptionalMessage_ERROR) IP (DMA) : Parameter (MemInc) has Id (ADC2) currently not set
2026-09-08 21:06:08,320 [INFO] ImportTextPane:234 - (OptionalMessage_ERROR) IP (DMA) : Parameter (PeriphDataAlignment) has Id (ADC2) currently not set
2026-09-08 21:06:08,320 [INFO] ImportTextPane:234 - (OptionalMessage_ERROR) IP (DMA) : Parameter (MemDataAlignment) has Id (ADC2) currently not set
2026-09-08 21:06:08,320 [INFO] ImportTextPane:234 - (OptionalMessage_ERROR) IP (DMA) : Parameter (Mode) has Id (ADC2) currently not set
2026-09-08 21:06:08,320 [INFO] ImportTextPane:234 - (OptionalMessage_ERROR) IP (DMA) : Parameter (Priority) has Id (ADC2) currently not set
2026-09-08 21:06:08,320 [INFO] ImportTextPane:234 - (OptionalMessage_ERROR) IP (DMA) : Parameter (SignalID) has Id (ADC2) currently not set
2026-09-08 21:06:08,320 [INFO] ImportTextPane:234 - (OptionalMessage_ERROR) IP (DMA) : Parameter (Polarity) has Id (ADC2) currently not set
2026-09-08 21:06:08,320 [INFO] ImportTextPane:234 - (OptionalMessage_ERROR) IP (DMA) : Parameter (RequestNumber) has Id (ADC2) currently not set
2026-09-08 21:06:08,320 [INFO] ImportTextPane:234 - (OptionalMessage_ERROR) IP (DMA) : Parameter (SyncSignalID) has Id (ADC2) currently not set
2026-09-08 21:06:08,320 [INFO] ImportTextPane:234 - (OptionalMessage_ERROR) IP (DMA) : Parameter (SyncPolarity) has Id (ADC2) currently not set
2026-09-08 21:06:08,320 [INFO] ImportTextPane:234 - (OptionalMessage_ERROR) IP (DMA) : Parameter (SyncEnable) has Id (ADC2) currently not set
2026-09-08 21:06:08,320 [INFO] ImportTextPane:234 - (OptionalMessage_ERROR) IP (DMA) : Parameter (EventEnable) has Id (ADC2) currently not set
2026-09-08 21:06:08,320 [INFO] ImportTextPane:234 - (OptionalMessage_ERROR) IP (DMA) : Parameter (SyncRequestNumber) has Id (ADC2) currently not set
2026-09-08 21:06:08,320 [WARN] IP:2250 - MessageRAMOffset not found: check if there is a RefParameter without a condition.
2026-09-08 21:06:08,320 [WARN] IP:2250 - RxFifo0ElmtsNbr not found: check if there is a RefParameter without a condition.
2026-09-08 21:06:08,320 [WARN] IP:2250 - RxFifo0ElmtSize not found: check if there is a RefParameter without a condition.
2026-09-08 21:06:08,320 [WARN] IP:2250 - RxFifo1ElmtsNbr not found: check if there is a RefParameter without a condition.
2026-09-08 21:06:08,320 [WARN] IP:2250 - RxFifo1ElmtSize not found: check if there is a RefParameter without a condition.
2026-09-08 21:06:08,320 [WARN] IP:2250 - RxBuffersNbr not found: check if there is a RefParameter without a condition.
2026-09-08 21:06:08,320 [WARN] IP:2250 - RxBufferSize not found: check if there is a RefParameter without a condition.
2026-09-08 21:06:08,320 [WARN] IP:2250 - TxEventsNbr not found: check if there is a RefParameter without a condition.
2026-09-08 21:06:08,320 [WARN] IP:2250 - TxBuffersNbr not found: check if there is a RefParameter without a condition.
2026-09-08 21:06:08,320 [WARN] IP:2250 - TxFifoQueueElmtsNbr not found: check if there is a RefParameter without a condition.
2026-09-08 21:06:08,320 [WARN] IP:2250 - TxElmtSize not found: check if there is a RefParameter without a condition.
2026-09-08 21:06:08,320 [WARN] IP:2250 - ClockCalibrationCCU not found: check if there is a RefParameter without a condition.
2026-09-08 21:06:08,321 [WARN] IP:2250 - ClockDividerCCU not found: check if there is a RefParameter without a condition.
2026-09-08 21:06:08,321 [WARN] IP:2250 - MinOscClkPeriodsCCU not found: check if there is a RefParameter without a condition.
2026-09-08 21:06:08,321 [WARN] IP:2250 - TimeQuantaPerBitTimeCCU not found: check if there is a RefParameter without a condition.
2026-09-08 21:06:08,321 [WARN] IP:2250 - WatchdogStartValueCCU not found: check if there is a RefParameter without a condition.
2026-09-08 21:06:08,548 [INFO] UtilMem:75 - End LoadConfig() Used Memory: 901209304 Bytes (1073741824)
2026-09-08 21:06:08,591 [WARN] ThirdParty:833 - waiting for thirdparty lock release [change project]
2026-09-08 21:06:08,592 [INFO] ThirdParty:835 - entering critical section [change project]
2026-09-08 21:06:08,592 [INFO] ThirdParty:1030 - CMSIS Pack Vendor :STMicroelectronics X-CUBE-AZRTOS-H7 3.5.0
2026-09-08 21:06:08,592 [INFO] ThirdParty:1030 - CMSIS Pack Vendor :STMicroelectronics X-CUBE-PM33A1 1.0.0
2026-09-08 21:06:08,592 [INFO] ThirdParty:1030 - CMSIS Pack Vendor :STMicroelectronics USBPD 4.1
2026-09-08 21:06:08,592 [INFO] ThirdParty:1030 - CMSIS Pack Vendor :STMicroelectronics USB_HOST 2.0.0
2026-09-08 21:06:08,592 [INFO] ThirdParty:1030 - CMSIS Pack Vendor :STMicroelectronics FP-SNS-MOTENVWB1 1.4.0
2026-09-08 21:06:08,592 [INFO] ThirdParty:1030 - CMSIS Pack Vendor :STMicroelectronics FP-ATR-ASTRA1 2.0.3
2026-09-08 21:06:08,592 [INFO] ThirdParty:1030 - CMSIS Pack Vendor :STMicroelectronics X-CUBE-AZRTOS-F4 1.1.0
2026-09-08 21:06:08,592 [INFO] ThirdParty:1030 - CMSIS Pack Vendor :STMicroelectronics LIBJPEG 8.0.0
2026-09-08 21:06:08,592 [INFO] ThirdParty:1030 - CMSIS Pack Vendor :STMicroelectronics FP-ATR-ASTRA1 2.0.2
2026-09-08 21:06:08,592 [INFO] ThirdParty:1030 - CMSIS Pack Vendor :STMicroelectronics FP-ATR-ASTRA1 2.0.1
2026-09-08 21:06:08,592 [INFO] ThirdParty:1030 - CMSIS Pack Vendor :Avnet-IotConnect X-CUBE-IoTC-DA16k-PMOD 1.0.0
2026-09-08 21:06:08,592 [INFO] ThirdParty:1030 - CMSIS Pack Vendor :STMicroelectronics X-CUBE-SMBUS 2.1.0
2026-09-08 21:06:08,592 [INFO] ThirdParty:1030 - CMSIS Pack Vendor :STMicroelectronics X-CUBE-WB05N 1.1.0
2026-09-08 21:06:08,592 [INFO] ThirdParty:1030 - CMSIS Pack Vendor :STMicroelectronics X-CUBE-IPS 3.2.0
2026-09-08 21:06:08,592 [INFO] ThirdParty:1030 - CMSIS Pack Vendor :STMicroelectronics eDS-WB_DPC_TT-BIDIR 2.1.1
2026-09-08 21:06:08,592 [INFO] ThirdParty:1030 - CMSIS Pack Vendor :STMicroelectronics X-CUBE-ST60 1.0.0
2026-09-08 21:06:08,592 [INFO] ThirdParty:1030 - CMSIS Pack Vendor :STMicroelectronics X-CUBE-NFC12 1.0.0
2026-09-08 21:06:08,592 [INFO] ThirdParty:1030 - CMSIS Pack Vendor :STMicroelectronics X-CUBE-AZRTOS-F7 1.1.0
2026-09-08 21:06:08,593 [INFO] ThirdParty:1030 - CMSIS Pack Vendor :STMicroelectronics X-CUBE-AZRTOS-L5 2.0.0
2026-09-08 21:06:08,593 [INFO] ThirdParty:1030 - CMSIS Pack Vendor :STMicroelectronics USB_DEVICE 2.0.0
2026-09-08 21:06:08,593 [INFO] ThirdParty:1030 - CMSIS Pack Vendor :STMicroelectronics X-CUBE-FREERTOS 1.6.0
2026-09-08 21:06:08,593 [INFO] ThirdParty:1030 - CMSIS Pack Vendor :STMicroelectronics X-CUBE-NFC6 3.1.0
2026-09-08 21:06:08,593 [INFO] ThirdParty:1030 - CMSIS Pack Vendor :STMicroelectronics X-CUBE-ALGOBUILD 1.5.0
2026-09-08 21:06:08,593 [INFO] ThirdParty:1030 - CMSIS Pack Vendor :STMicroelectronics FP-SNS-MOTENV1 5.1.0
2026-09-08 21:06:08,593 [INFO] ThirdParty:1030 - CMSIS Pack Vendor :STMicroelectronics FreeRTOS 0.0.1
2026-09-08 21:06:08,593 [INFO] ThirdParty:1030 - CMSIS Pack Vendor :STMicroelectronics X-CUBE-AZRTOS-H7RS 1.3.0
2026-09-08 21:06:08,593 [INFO] ThirdParty:1030 - CMSIS Pack Vendor :STMicroelectronics X-CUBE-DPower 1.2.0
2026-09-08 21:06:08,593 [INFO] ThirdParty:1030 - CMSIS Pack Vendor :STMicroelectronics eDS-WB_DPC_VIENNA 1.2.0
2026-09-08 21:06:08,593 [INFO] ThirdParty:1030 - CMSIS Pack Vendor :STMicroelectronics X-CUBE-MEMS1 13.0.0
2026-09-08 21:06:08,593 [INFO] ThirdParty:1030 - CMSIS Pack Vendor :STMicroelectronics FP-SNS-FLIGHT1 5.0.2
2026-09-08 21:06:08,593 [INFO] ThirdParty:1030 - CMSIS Pack Vendor :STMicroelectronics eDS-WB_DPC_3PH2L-BIDIR 1.1.1
2026-09-08 21:06:08,593 [INFO] ThirdParty:1030 - CMSIS Pack Vendor :Infineon AIROC-Wi-Fi-Bluetooth-STM32 1.7.0
2026-09-08 21:06:08,593 [INFO] ThirdParty:1030 - CMSIS Pack Vendor :STMicroelectronics PDM2PCM 3.3.0
2026-09-08 21:06:08,593 [INFO] ThirdParty:1030 - CMSIS Pack Vendor :STMicroelectronics X-CUBE-AZRTOS-H7 3.4.0
2026-09-08 21:06:08,593 [INFO] ThirdParty:1030 - CMSIS Pack Vendor :STMicroelectronics X-CUBE-DISPLAY 3.0.0
2026-09-08 21:06:08,593 [INFO] ThirdParty:1030 - CMSIS Pack Vendor :STMicroelectronics X-CUBE-GNSS1 7.1.1
2026-09-08 21:06:08,593 [INFO] ThirdParty:1030 - CMSIS Pack Vendor :STMicroelectronics FP-SNS-MOTENVWB1 1.5.0
2026-09-08 21:06:08,593 [INFO] ThirdParty:1030 - CMSIS Pack Vendor :STMicroelectronics X-CUBE-BLE1 7.0.0
2026-09-08 21:06:08,593 [INFO] ThirdParty:1030 - CMSIS Pack Vendor :STMicroelectronics X-CUBE-NFC10 1.0.0
2026-09-08 21:06:08,593 [INFO] ThirdParty:1030 - CMSIS Pack Vendor :STMicroelectronics X-CUBE-BLEMGR 4.0.0
2026-09-08 21:06:08,593 [INFO] ThirdParty:1030 - CMSIS Pack Vendor :STMicroelectronics X-CUBE-FREERTOS 1.3.1
2026-09-08 21:06:08,593 [INFO] ThirdParty:1030 - CMSIS Pack Vendor :STMicroelectronics HAL Drivers 0.0.0
2026-09-08 21:06:08,593 [INFO] ThirdParty:1030 - CMSIS Pack Vendor :STMicroelectronics X-CUBE-ST60 1.1.0
2026-09-08 21:06:08,593 [INFO] ThirdParty:1030 - CMSIS Pack Vendor :emotas I-CUBE-CANOPEN 1.3.0
2026-09-08 21:06:08,593 [INFO] ThirdParty:1030 - CMSIS Pack Vendor :STMicroelectronics X-CUBE-FREERTOS 1.3.0
2026-09-08 21:06:08,593 [INFO] ThirdParty:1030 - CMSIS Pack Vendor :STMicroelectronics X-CUBE-NFC7 1.0.1
2026-09-08 21:06:08,593 [INFO] ThirdParty:1030 - CMSIS Pack Vendor :STMicroelectronics MBEDTLS 2.14.1
2026-09-08 21:06:08,593 [INFO] ThirdParty:1030 - CMSIS Pack Vendor :STMicroelectronics X-CUBE-GNSS1 7.1.0
2026-09-08 21:06:08,593 [INFO] ThirdParty:1030 - CMSIS Pack Vendor :STMicroelectronics X-CUBE-TOUCHGFX 4.26.0
2026-09-08 21:06:08,593 [INFO] ThirdParty:1030 - CMSIS Pack Vendor :STMicroelectronics X-CUBE-TOUCHGFX 4.26.1
2026-09-08 21:06:08,593 [INFO] ThirdParty:1030 - CMSIS Pack Vendor :STMicroelectronics X-CUBE-AI 10.0.0
2026-09-08 21:06:08,593 [INFO] ThirdParty:1030 - CMSIS Pack Vendor :STMicroelectronics FP-SNS-STBOX1 2.1.0
2026-09-08 21:06:08,593 [INFO] ThirdParty:1030 - CMSIS Pack Vendor :STMicroelectronics FP-SNS-STAIOTCFT 1.0.0
2026-09-08 21:06:08,593 [INFO] ThirdParty:1030 - CMSIS Pack Vendor :STMicroelectronics FP-SNS-SMARTAG2 1.2.0
2026-09-08 21:06:08,593 [INFO] ThirdParty:1030 - CMSIS Pack Vendor :STMicroelectronics FP-SNS-FLIGHT1 5.1.0
2026-09-08 21:06:08,593 [INFO] ThirdParty:1030 - CMSIS Pack Vendor :STMicroelectronics X-CUBE-MEMS1 11.1.0
2026-09-08 21:06:08,593 [INFO] ThirdParty:1030 - CMSIS Pack Vendor :STMicroelectronics X-CUBE-AZRTOS-WL 2.0.0
2026-09-08 21:06:08,593 [INFO] ThirdParty:1030 - CMSIS Pack Vendor :STMicroelectronics X-CUBE-DPower 1.3.0
2026-09-08 21:06:08,593 [INFO] ThirdParty:1030 - CMSIS Pack Vendor :STMicroelectronics FP-SNS-MOTENV1 5.0.0
2026-09-08 21:06:08,593 [INFO] ThirdParty:1030 - CMSIS Pack Vendor :STMicroelectronics USB_DEVICE 1.0.0
2026-09-08 21:06:08,593 [INFO] ThirdParty:1030 - CMSIS Pack Vendor :STMicroelectronics X-CUBE-AZRTOS-H7RS 1.2.0
2026-09-08 21:06:08,593 [INFO] ThirdParty:1030 - CMSIS Pack Vendor :STMicroelectronics X-CUBE-AZRTOS-L4 2.0.0
2026-09-08 21:06:08,593 [INFO] ThirdParty:1030 - CMSIS Pack Vendor :STMicroelectronics ThreadX 0.0.2
2026-09-08 21:06:08,593 [INFO] ThirdParty:1030 - CMSIS Pack Vendor :WES I-CUBE-Cesium 1.3.0
2026-09-08 21:06:08,593 [INFO] ThirdParty:1030 - CMSIS Pack Vendor :STMicroelectronics lwIP 2.1.2
2026-09-08 21:06:08,593 [INFO] ThirdParty:1030 - CMSIS Pack Vendor :STMicroelectronics X-CUBE-SFXS2LP1 4.0.0
2026-09-08 21:06:08,593 [INFO] ThirdParty:1030 - CMSIS Pack Vendor :STMicroelectronics X-CUBE-BLE2 3.3.0
2026-09-08 21:06:08,593 [INFO] ThirdParty:1030 - CMSIS Pack Vendor :Avnet-IOTCONNECT X-CUBE-iotc-st67-sdk 1.0.0
2026-09-08 21:06:08,593 [INFO] ThirdParty:1030 - CMSIS Pack Vendor :STMicroelectronics PDM2PCM 3.2.0
2026-09-08 21:06:08,593 [INFO] ThirdParty:1030 - CMSIS Pack Vendor :STMicroelectronics X-CUBE-WB05N 2.1.0
2026-09-08 21:06:08,593 [INFO] ThirdParty:1030 - CMSIS Pack Vendor :STMicroelectronics X-CUBE-ST67W61 1.2.0
2026-09-08 21:06:08,593 [INFO] ThirdParty:1030 - CMSIS Pack Vendor :STMicroelectronics X-CUBE-AZRTOS-H7 3.3.0
2026-09-08 21:06:08,593 [INFO] ThirdParty:1030 - CMSIS Pack Vendor :STMicroelectronics X-CUBE-NFC9 1.0.0
2026-09-08 21:06:08,593 [INFO] ThirdParty:1030 - CMSIS Pack Vendor :STMicroelectronics X-CUBE-BLE1 7.1.0
2026-09-08 21:06:08,593 [INFO] ThirdParty:1030 - CMSIS Pack Vendor :wolfSSL I-CUBE-wolfMQTT 1.19.2
2026-09-08 21:06:08,593 [INFO] ThirdParty:1030 - CMSIS Pack Vendor :STMicroelectronics USB_DEVICE 3.0.0
2026-09-08 21:06:08,593 [INFO] ThirdParty:1030 - CMSIS Pack Vendor :STMicroelectronics X-CUBE-FREERTOS 1.4.0
2026-09-08 21:06:08,594 [INFO] ThirdParty:1030 - CMSIS Pack Vendor :STMicroelectronics X-CUBE-EEPRMA1 5.2.0
2026-09-08 21:06:08,594 [INFO] ThirdParty:1030 - CMSIS Pack Vendor :STMicroelectronics X-CUBE-BLEMGR 4.1.0
2026-09-08 21:06:08,594 [INFO] ThirdParty:1030 - CMSIS Pack Vendor :STMicroelectronics X-CUBE-AZRTOS-WB 2.0.0
2026-09-08 21:06:08,594 [INFO] ThirdParty:1030 - CMSIS Pack Vendor :STMicroelectronics X-CUBE-GNSS1 7.0.1
2026-09-08 21:06:08,594 [INFO] ThirdParty:1030 - CMSIS Pack Vendor :STMicroelectronics X-CUBE-TOUCHGFX 4.25.0
2026-09-08 21:06:08,594 [INFO] ThirdParty:1030 - CMSIS Pack Vendor :STMicroelectronics X-CUBE-ST67W61 1.1.0
2026-09-08 21:06:08,594 [INFO] ThirdParty:1030 - CMSIS Pack Vendor :STMicroelectronics X-CUBE-AI 10.1.0
2026-09-08 21:06:08,594 [INFO] ThirdParty:1030 - CMSIS Pack Vendor :STMicroelectronics FP-SNS-STBOX1 2.0.0
2026-09-08 21:06:08,594 [INFO] ThirdParty:1030 - CMSIS Pack Vendor :STMicroelectronics FP-SNS-STAIOTCFT 1.1.0
2026-09-08 21:06:08,594 [INFO] ThirdParty:1030 - CMSIS Pack Vendor :STMicroelectronics X-CUBE-MEMS1 12.0.0
2026-09-08 21:06:08,594 [INFO] ThirdParty:1030 - CMSIS Pack Vendor :STMicroelectronics X-CUBE-STSE01 2.0.0
2026-09-08 21:06:08,594 [INFO] ThirdParty:1030 - CMSIS Pack Vendor :STMicroelectronics X-CUBE-AZRTOS-G0 1.1.0
2026-09-08 21:06:08,594 [INFO] ThirdParty:1030 - CMSIS Pack Vendor :STMicroelectronics X-CUBE-SAFEA1 1.2.2
2026-09-08 21:06:08,594 [INFO] ThirdParty:1030 - CMSIS Pack Vendor :STMicroelectronics X-CUBE-NFC4 3.0.0
2026-09-08 21:06:08,594 [INFO] ThirdParty:1030 - CMSIS Pack Vendor :STMicroelectronics X-CUBE-SUBG2 5.0.0
2026-09-08 21:06:08,594 [INFO] ThirdParty:1030 - CMSIS Pack Vendor :STMicroelectronics X-CUBE-AZRTOS-H7RS 1.1.0
2026-09-08 21:06:08,594 [INFO] ThirdParty:1030 - CMSIS Pack Vendor :STMicroelectronics STM32_WPAN 1.0.0
2026-09-08 21:06:08,594 [INFO] ThirdParty:1030 - CMSIS Pack Vendor :EmbeddedOffice I-CUBE-FS-RTOS 1.0.1
2026-09-08 21:06:08,594 [INFO] ThirdParty:1030 - CMSIS Pack Vendor :STMicroelectronics lwIP 2.0.3
2026-09-08 21:06:08,594 [INFO] ThirdParty:1030 - CMSIS Pack Vendor :Cesanta I-CUBE-Mongoose 7.13.0
2026-09-08 21:06:08,594 [INFO] ThirdParty:1030 - CMSIS Pack Vendor :STMicroelectronics USB_HOST 1.0.0
2026-09-08 21:06:08,594 [INFO] ThirdParty:1030 - CMSIS Pack Vendor :STMicroelectronics X-CUBE-AZRTOS-G4 2.0.0
2026-09-08 21:06:08,594 [INFO] ThirdParty:1030 - CMSIS Pack Vendor :STMicroelectronics X-CUBE-WB05N 2.0.0
2026-09-08 21:06:08,594 [INFO] ThirdParty:1030 - CMSIS Pack Vendor :STMicroelectronics PDM2PCM 3.1.0
2026-09-08 21:06:08,594 [INFO] ThirdParty:1030 - CMSIS Pack Vendor :wolfSSL I-CUBE-wolfTPM 3.8.0
2026-09-08 21:06:08,594 [INFO] ThirdParty:1030 - CMSIS Pack Vendor :wolfSSL I-CUBE-wolfSSH 1.4.20
2026-09-08 21:06:08,594 [INFO] ThirdParty:1030 - CMSIS Pack Vendor :STMicroelectronics X-CUBE-NFC7 2.0.0
2026-09-08 21:06:08,594 [INFO] ThirdParty:1030 - CMSIS Pack Vendor :STMicroelectronics X-CUBE-TCPP 4.2.0
2026-09-08 21:06:08,594 [INFO] ThirdParty:1030 - CMSIS Pack Vendor :RealThread X-CUBE-RT-Thread_Nano 4.1.1
2026-09-08 21:06:08,594 [INFO] ThirdParty:1030 - CMSIS Pack Vendor :STMicroelectronics FP-ATR-SIGFOX1 3.2.0
2026-09-08 21:06:08,594 [INFO] ThirdParty:1030 - CMSIS Pack Vendor :quantropi X-CUBE-qispace-sdk-base 1.9.3
2026-09-08 21:06:08,594 [INFO] ThirdParty:1030 - CMSIS Pack Vendor :STMicroelectronics X-CUBE-EEPRMA1 5.1.0
2026-09-08 21:06:08,594 [INFO] ThirdParty:1030 - CMSIS Pack Vendor :STMicroelectronics X-CUBE-FREERTOS 1.5.0
2026-09-08 21:06:08,594 [INFO] ThirdParty:1030 - CMSIS Pack Vendor :STMicroelectronics MBEDTLS 2.16.2
2026-09-08 21:06:08,594 [INFO] ThirdParty:1030 - CMSIS Pack Vendor :STMicroelectronics X-CUBE-IPS 3.1.0
2026-09-08 21:06:08,594 [INFO] ThirdParty:1030 - CMSIS Pack Vendor :STMicroelectronics X-CUBE-ALS 1.0.2
2026-09-08 21:06:08,594 [INFO] ThirdParty:1030 - CMSIS Pack Vendor :wolfSSL I-CUBE-wolfSSL 5.7.6
2026-09-08 21:06:08,594 [INFO] ThirdParty:1030 - CMSIS Pack Vendor :ITTIA_DB I-CUBE-ITTIADB 8.9.0
2026-09-08 21:06:08,594 [INFO] ThirdParty:1030 - CMSIS Pack Vendor :STMicroelectronics X-CUBE-TOUCHGFX 4.24.2
2026-09-08 21:06:08,594 [INFO] ThirdParty:1030 - CMSIS Pack Vendor :STMicroelectronics X-CUBE-STSE01 1.0.0
2026-09-08 21:06:08,594 [INFO] ThirdParty:1030 - CMSIS Pack Vendor :portGmbH I-Cube-SoM-uGOAL 1.1.0
2026-09-08 21:06:08,594 [INFO] ThirdParty:1030 - CMSIS Pack Vendor :STMicroelectronics X-CUBE-NFC6 3.2.0
2026-09-08 21:06:08,594 [INFO] ThirdParty:1030 - CMSIS Pack Vendor :STMicroelectronics X-CUBE-ST67W61 1.0.0
2026-09-08 21:06:08,594 [INFO] ThirdParty:1030 - CMSIS Pack Vendor :STMicroelectronics X-CUBE-AI 10.2.1
2026-09-08 21:06:08,594 [INFO] ThirdParty:1030 - CMSIS Pack Vendor :STMicroelectronics X-CUBE-AI 10.2.0
2026-09-08 21:06:08,594 [INFO] ThirdParty:1030 - CMSIS Pack Vendor :STMicroelectronics ThreadX 1.0.0
2026-09-08 21:06:08,594 [INFO] ThirdParty:1030 - CMSIS Pack Vendor :STMicroelectronics X-CUBE-MEMS1 12.1.0
2026-09-08 21:06:08,594 [INFO] ThirdParty:1030 - CMSIS Pack Vendor :SEGGER I-CUBE-embOS 1.3.1
2026-09-08 21:06:08,594 [INFO] ThirdParty:1030 - CMSIS Pack Vendor :STMicroelectronics X-CUBE-ALGOBUILD 1.4.0
2026-09-08 21:06:08,595 [INFO] ThirdParty:1030 - CMSIS Pack Vendor :STMicroelectronics X-CUBE-MEMS1 11.3.0
2026-09-08 21:06:08,595 [INFO] ThirdParty:1030 - CMSIS Pack Vendor :STMicroelectronics X-CUBE-AZRTOS-H7RS 1.0.0
2026-09-08 21:06:08,595 [INFO] ThirdParty:1030 - CMSIS Pack Vendor :STMicroelectronics X-CUBE-TOF1 3.4.2
2026-09-08 21:06:08,595 [INFO] ThirdParty:1030 - CMSIS Pack Vendor :STMicroelectronics X-CUBE-TOF1 3.4.3
2026-09-08 21:06:08,595 [INFO] ThirdParty:1030 - CMSIS Pack Vendor :STMicroelectronics X-CUBE-AI 9.1.0
2026-09-08 21:06:08,595 [INFO] ThirdParty:1030 - CMSIS Pack Vendor :STMicroelectronics X-CUBE-NFC13 1.0.0
2026-09-08 21:06:08,595 [INFO] ThirdParty:841 - exiting critical section [change project]
2026-09-08 21:06:08,662 [INFO] PinOutPanel:1589 - setPackage(No Configuration,No Configuration)
2026-09-08 21:06:08,663 [INFO] PinOutPanel:1589 - setPackage(STM32G431KBUx,UFQFPN32)
2026-09-08 21:06:08,808 [INFO] UtilMem:75 - Before build in PCC Used Memory: 875834920 Bytes (1073741824)
2026-09-08 21:06:09,094 [INFO] UtilMem:75 - After build in PCC Used Memory: 959198760 Bytes (1073741824)
2026-09-08 21:06:09,108 [INFO] IPUIPlugin:80 - create IPUIPlugin
2026-09-08 21:06:09,108 [INFO] IPUIPlugin:80 - create IPUIPlugin
2026-09-08 21:06:09,108 [INFO] IPUIPlugin:80 - create IPUIPlugin
2026-09-08 21:06:09,108 [INFO] IPUIPlugin:80 - create IPUIPlugin
2026-09-08 21:06:09,108 [INFO] IPUIPlugin:80 - create IPUIPlugin
2026-09-08 21:06:09,108 [INFO] IPUIPlugin:80 - create IPUIPlugin
2026-09-08 21:06:09,108 [INFO] IPUIPlugin:80 - create IPUIPlugin
2026-09-08 21:06:09,108 [INFO] IPUIPlugin:80 - create IPUIPlugin
2026-09-08 21:06:09,108 [INFO] IPUIPlugin:80 - create IPUIPlugin
2026-09-08 21:06:09,108 [INFO] IPUIPlugin:80 - create IPUIPlugin
2026-09-08 21:06:09,108 [INFO] IPUIPlugin:80 - create IPUIPlugin
2026-09-08 21:06:09,108 [INFO] IPUIPlugin:80 - create IPUIPlugin
2026-09-08 21:06:09,108 [INFO] IPUIPlugin:80 - create IPUIPlugin
2026-09-08 21:06:09,108 [INFO] IPUIPlugin:80 - create IPUIPlugin
2026-09-08 21:06:09,108 [INFO] IPUIPlugin:80 - create IPUIPlugin
2026-09-08 21:06:09,108 [INFO] IPUIPlugin:80 - create IPUIPlugin
2026-09-08 21:06:09,109 [INFO] IPUIPlugin:80 - create IPUIPlugin
2026-09-08 21:06:09,109 [INFO] IPUIPlugin:80 - create IPUIPlugin
2026-09-08 21:06:09,109 [INFO] IPUIPlugin:80 - create IPUIPlugin
2026-09-08 21:06:09,109 [INFO] IPUIPlugin:80 - create IPUIPlugin
2026-09-08 21:06:09,109 [INFO] IPUIPlugin:80 - create IPUIPlugin
2026-09-08 21:06:09,109 [INFO] IPUIPlugin:80 - create IPUIPlugin
2026-09-08 21:06:09,109 [INFO] IPUIPlugin:80 - create IPUIPlugin
2026-09-08 21:06:09,109 [INFO] IPUIPlugin:80 - create IPUIPlugin
2026-09-08 21:06:09,109 [INFO] IPUIPlugin:80 - create IPUIPlugin
2026-09-08 21:06:09,109 [INFO] IPUIPlugin:80 - create IPUIPlugin
2026-09-08 21:06:09,109 [INFO] IPUIPlugin:80 - create IPUIPlugin
2026-09-08 21:06:09,109 [INFO] IPUIPlugin:80 - create IPUIPlugin
2026-09-08 21:06:09,109 [INFO] IPUIPlugin:80 - create IPUIPlugin
2026-09-08 21:06:09,109 [INFO] IPUIPlugin:80 - create IPUIPlugin
2026-09-08 21:06:09,109 [INFO] IPUIPlugin:80 - create IPUIPlugin
2026-09-08 21:06:09,109 [INFO] IPUIPlugin:80 - create IPUIPlugin
2026-09-08 21:06:09,109 [INFO] IPUIPlugin:80 - create IPUIPlugin
2026-09-08 21:06:09,109 [INFO] IPUIPlugin:80 - create IPUIPlugin
2026-09-08 21:06:09,110 [INFO] IPUIPlugin:80 - create IPUIPlugin
2026-09-08 21:06:09,110 [INFO] IPUIPlugin:80 - create IPUIPlugin
2026-09-08 21:06:09,110 [INFO] IPUIPlugin:80 - create IPUIPlugin
2026-09-08 21:06:09,110 [INFO] IPUIPlugin:80 - create IPUIPlugin
2026-09-08 21:06:09,110 [INFO] IPUIPlugin:80 - create IPUIPlugin
2026-09-08 21:06:09,110 [INFO] IPUIPlugin:80 - create IPUIPlugin
2026-09-08 21:06:09,110 [INFO] IPUIPlugin:80 - create IPUIPlugin
2026-09-08 21:06:09,110 [INFO] IPUIPlugin:80 - create IPUIPlugin
2026-09-08 21:06:09,110 [INFO] IPUIPlugin:80 - create IPUIPlugin
2026-09-08 21:06:09,110 [INFO] IPUIPlugin:80 - create IPUIPlugin
2026-09-08 21:06:09,110 [INFO] IPUIPlugin:80 - create IPUIPlugin
2026-09-08 21:06:09,110 [INFO] IPUIPlugin:80 - create IPUIPlugin
2026-09-08 21:06:09,110 [INFO] IPUIPlugin:80 - create IPUIPlugin
2026-09-08 21:06:09,110 [INFO] IPUIPlugin:80 - create IPUIPlugin
2026-09-08 21:06:09,111 [INFO] IPUIPlugin:80 - create IPUIPlugin
2026-09-08 21:06:09,111 [INFO] IPUIPlugin:80 - create IPUIPlugin
2026-09-08 21:06:09,111 [INFO] IPUIPlugin:80 - create IPUIPlugin
2026-09-08 21:06:09,111 [INFO] IPUIPlugin:80 - create IPUIPlugin
2026-09-08 21:06:09,111 [INFO] IPUIPlugin:80 - create IPUIPlugin
2026-09-08 21:06:09,111 [INFO] IPUIPlugin:80 - create IPUIPlugin
2026-09-08 21:06:09,111 [INFO] IPUIPlugin:80 - create IPUIPlugin
2026-09-08 21:06:09,111 [INFO] IPUIPlugin:80 - create IPUIPlugin
2026-09-08 21:06:09,118 [WARN] IP:2250 - MessageRAMOffset not found: check if there is a RefParameter without a condition.
2026-09-08 21:06:09,118 [WARN] IP:2250 - RxFifo0ElmtsNbr not found: check if there is a RefParameter without a condition.
2026-09-08 21:06:09,118 [WARN] IP:2250 - RxFifo0ElmtSize not found: check if there is a RefParameter without a condition.
2026-09-08 21:06:09,118 [WARN] IP:2250 - RxFifo1ElmtsNbr not found: check if there is a RefParameter without a condition.
2026-09-08 21:06:09,118 [WARN] IP:2250 - RxFifo1ElmtSize not found: check if there is a RefParameter without a condition.
2026-09-08 21:06:09,118 [WARN] IP:2250 - RxBuffersNbr not found: check if there is a RefParameter without a condition.
2026-09-08 21:06:09,118 [WARN] IP:2250 - RxBufferSize not found: check if there is a RefParameter without a condition.
2026-09-08 21:06:09,118 [WARN] IP:2250 - TxEventsNbr not found: check if there is a RefParameter without a condition.
2026-09-08 21:06:09,118 [WARN] IP:2250 - TxBuffersNbr not found: check if there is a RefParameter without a condition.
2026-09-08 21:06:09,118 [WARN] IP:2250 - TxFifoQueueElmtsNbr not found: check if there is a RefParameter without a condition.
2026-09-08 21:06:09,118 [WARN] IP:2250 - TxElmtSize not found: check if there is a RefParameter without a condition.
2026-09-08 21:06:09,118 [WARN] IP:2250 - ClockCalibrationCCU not found: check if there is a RefParameter without a condition.
2026-09-08 21:06:09,118 [WARN] IP:2250 - ClockDividerCCU not found: check if there is a RefParameter without a condition.
2026-09-08 21:06:09,118 [WARN] IP:2250 - MinOscClkPeriodsCCU not found: check if there is a RefParameter without a condition.
2026-09-08 21:06:09,118 [WARN] IP:2250 - TimeQuantaPerBitTimeCCU not found: check if there is a RefParameter without a condition.
2026-09-08 21:06:09,118 [WARN] IP:2250 - WatchdogStartValueCCU not found: check if there is a RefParameter without a condition.
2026-09-08 21:06:09,120 [INFO] LogOutputStream:77 - [STDOUT_REDIRECT] Nominal 
2026-09-08 21:06:09,120 [INFO] Can:71 - Can Add PropertyChangeListener com.st.microxplorer.plugins.ip.can.Can@5042c646
2026-09-08 21:06:09,183 [INFO] CADModel:165 - CPN selected for project levelSTM32G431KBU3
2026-09-08 21:06:09,184 [INFO] CADModel:114 - Register for checkConnection events
2026-09-08 21:06:09,240 [INFO] OpenFileManager:386 - Restore cursor
2026-09-08 21:06:09,415 [WARN] IP:2250 - MessageRAMOffset not found: check if there is a RefParameter without a condition.
2026-09-08 21:06:09,415 [WARN] IP:2250 - RxFifo0ElmtsNbr not found: check if there is a RefParameter without a condition.
2026-09-08 21:06:09,415 [WARN] IP:2250 - RxFifo0ElmtSize not found: check if there is a RefParameter without a condition.
2026-09-08 21:06:09,415 [WARN] IP:2250 - RxFifo1ElmtsNbr not found: check if there is a RefParameter without a condition.
2026-09-08 21:06:09,415 [WARN] IP:2250 - RxFifo1ElmtSize not found: check if there is a RefParameter without a condition.
2026-09-08 21:06:09,415 [WARN] IP:2250 - RxBuffersNbr not found: check if there is a RefParameter without a condition.
2026-09-08 21:06:09,415 [WARN] IP:2250 - RxBufferSize not found: check if there is a RefParameter without a condition.
2026-09-08 21:06:09,415 [WARN] IP:2250 - TxEventsNbr not found: check if there is a RefParameter without a condition.
2026-09-08 21:06:09,415 [WARN] IP:2250 - TxBuffersNbr not found: check if there is a RefParameter without a condition.
2026-09-08 21:06:09,415 [WARN] IP:2250 - TxFifoQueueElmtsNbr not found: check if there is a RefParameter without a condition.
2026-09-08 21:06:09,415 [WARN] IP:2250 - TxElmtSize not found: check if there is a RefParameter without a condition.
2026-09-08 21:06:09,415 [WARN] IP:2250 - ClockCalibrationCCU not found: check if there is a RefParameter without a condition.
2026-09-08 21:06:09,415 [WARN] IP:2250 - ClockDividerCCU not found: check if there is a RefParameter without a condition.
2026-09-08 21:06:09,415 [WARN] IP:2250 - MinOscClkPeriodsCCU not found: check if there is a RefParameter without a condition.
2026-09-08 21:06:09,415 [WARN] IP:2250 - TimeQuantaPerBitTimeCCU not found: check if there is a RefParameter without a condition.
2026-09-08 21:06:09,415 [WARN] IP:2250 - WatchdogStartValueCCU not found: check if there is a RefParameter without a condition.
