ISO-10303-21;
HEADER;
/* Generated by software containing ST-Developer
 * from STEP Tools, Inc. (www.steptools.com) 
 */

FILE_DESCRIPTION(
/* description */ (''),
/* implementation_level */ '2;1');

FILE_NAME(
/* name */ 'PCB_interface_v2.stp',
/* time_stamp */ '2026-09-15T11:41:06+02:00',
/* author */ ('szymo'),
/* organization */ (''),
/* preprocessor_version */ 'ST-DEVELOPER v20.2',
/* originating_system */ 'Autodesk Inventor 2027',
/* authorisation */ '');

FILE_SCHEMA (('AUTOMOTIVE_DESIGN { 1 0 10303 214 3 1 1 }'));
ENDSEC;

DATA;
#10=MECHANICAL_DESIGN_GEOMETRIC_PRESENTATION_REPRESENTATION('',(#13),#2359);
#11=SHAPE_REPRESENTATION_RELATIONSHIP('SRR','None',#2366,#12);
#12=ADVANCED_BREP_SHAPE_REPRESENTATION('',(#14),#2358);
#13=STYLED_ITEM('',(#2375),#14);
#14=MANIFOLD_SOLID_BREP('Solid1',#1374);
#15=FACE_BOUND('',#128,.T.);
#16=FACE_BOUND('',#129,.T.);
#17=FACE_BOUND('',#130,.T.);
#18=FACE_BOUND('',#131,.T.);
#19=FACE_BOUND('',#198,.T.);
#20=FACE_BOUND('',#199,.T.);
#21=FACE_BOUND('',#200,.T.);
#22=FACE_BOUND('',#201,.T.);
#23=PLANE('',#1400);
#24=PLANE('',#1401);
#25=PLANE('',#1439);
#26=PLANE('',#1442);
#27=PLANE('',#1445);
#28=PLANE('',#1448);
#29=PLANE('',#1451);
#30=PLANE('',#1454);
#31=PLANE('',#1457);
#32=PLANE('',#1460);
#33=PLANE('',#1463);
#34=PLANE('',#1466);
#35=PLANE('',#1469);
#36=PLANE('',#1472);
#37=PLANE('',#1475);
#38=PLANE('',#1478);
#39=PLANE('',#1481);
#40=PLANE('',#1484);
#41=PLANE('',#1487);
#42=PLANE('',#1490);
#43=PLANE('',#1493);
#44=PLANE('',#1496);
#45=PLANE('',#1499);
#46=PLANE('',#1502);
#47=PLANE('',#1507);
#48=PLANE('',#1510);
#49=PLANE('',#1513);
#50=PLANE('',#1516);
#51=PLANE('',#1519);
#52=PLANE('',#1524);
#53=PLANE('',#1527);
#54=PLANE('',#1536);
#55=PLANE('',#1537);
#56=FACE_OUTER_BOUND('',#125,.T.);
#57=FACE_OUTER_BOUND('',#126,.T.);
#58=FACE_OUTER_BOUND('',#127,.T.);
#59=FACE_OUTER_BOUND('',#132,.T.);
#60=FACE_OUTER_BOUND('',#133,.T.);
#61=FACE_OUTER_BOUND('',#134,.T.);
#62=FACE_OUTER_BOUND('',#135,.T.);
#63=FACE_OUTER_BOUND('',#136,.T.);
#64=FACE_OUTER_BOUND('',#137,.T.);
#65=FACE_OUTER_BOUND('',#138,.T.);
#66=FACE_OUTER_BOUND('',#139,.T.);
#67=FACE_OUTER_BOUND('',#140,.T.);
#68=FACE_OUTER_BOUND('',#141,.T.);
#69=FACE_OUTER_BOUND('',#142,.T.);
#70=FACE_OUTER_BOUND('',#143,.T.);
#71=FACE_OUTER_BOUND('',#144,.T.);
#72=FACE_OUTER_BOUND('',#145,.T.);
#73=FACE_OUTER_BOUND('',#146,.T.);
#74=FACE_OUTER_BOUND('',#147,.T.);
#75=FACE_OUTER_BOUND('',#148,.T.);
#76=FACE_OUTER_BOUND('',#149,.T.);
#77=FACE_OUTER_BOUND('',#150,.T.);
#78=FACE_OUTER_BOUND('',#151,.T.);
#79=FACE_OUTER_BOUND('',#152,.T.);
#80=FACE_OUTER_BOUND('',#153,.T.);
#81=FACE_OUTER_BOUND('',#154,.T.);
#82=FACE_OUTER_BOUND('',#155,.T.);
#83=FACE_OUTER_BOUND('',#156,.T.);
#84=FACE_OUTER_BOUND('',#157,.T.);
#85=FACE_OUTER_BOUND('',#158,.T.);
#86=FACE_OUTER_BOUND('',#159,.T.);
#87=FACE_OUTER_BOUND('',#160,.T.);
#88=FACE_OUTER_BOUND('',#161,.T.);
#89=FACE_OUTER_BOUND('',#162,.T.);
#90=FACE_OUTER_BOUND('',#163,.T.);
#91=FACE_OUTER_BOUND('',#164,.T.);
#92=FACE_OUTER_BOUND('',#165,.T.);
#93=FACE_OUTER_BOUND('',#166,.T.);
#94=FACE_OUTER_BOUND('',#167,.T.);
#95=FACE_OUTER_BOUND('',#168,.T.);
#96=FACE_OUTER_BOUND('',#169,.T.);
#97=FACE_OUTER_BOUND('',#170,.T.);
#98=FACE_OUTER_BOUND('',#171,.T.);
#99=FACE_OUTER_BOUND('',#172,.T.);
#100=FACE_OUTER_BOUND('',#173,.T.);
#101=FACE_OUTER_BOUND('',#174,.T.);
#102=FACE_OUTER_BOUND('',#175,.T.);
#103=FACE_OUTER_BOUND('',#176,.T.);
#104=FACE_OUTER_BOUND('',#177,.T.);
#105=FACE_OUTER_BOUND('',#178,.T.);
#106=FACE_OUTER_BOUND('',#179,.T.);
#107=FACE_OUTER_BOUND('',#180,.T.);
#108=FACE_OUTER_BOUND('',#181,.T.);
#109=FACE_OUTER_BOUND('',#182,.T.);
#110=FACE_OUTER_BOUND('',#183,.T.);
#111=FACE_OUTER_BOUND('',#184,.T.);
#112=FACE_OUTER_BOUND('',#185,.T.);
#113=FACE_OUTER_BOUND('',#186,.T.);
#114=FACE_OUTER_BOUND('',#187,.T.);
#115=FACE_OUTER_BOUND('',#188,.T.);
#116=FACE_OUTER_BOUND('',#189,.T.);
#117=FACE_OUTER_BOUND('',#190,.T.);
#118=FACE_OUTER_BOUND('',#191,.T.);
#119=FACE_OUTER_BOUND('',#192,.T.);
#120=FACE_OUTER_BOUND('',#193,.T.);
#121=FACE_OUTER_BOUND('',#194,.T.);
#122=FACE_OUTER_BOUND('',#195,.T.);
#123=FACE_OUTER_BOUND('',#196,.T.);
#124=FACE_OUTER_BOUND('',#197,.T.);
#125=EDGE_LOOP('',(#867,#868,#869,#870));
#126=EDGE_LOOP('',(#871,#872,#873,#874));
#127=EDGE_LOOP('',(#875,#876,#877,#878,#879,#880,#881,#882,#883,#884,#885,
#886,#887,#888,#889,#890,#891,#892,#893,#894,#895,#896,#897,#898,#899,#900,
#901,#902,#903,#904,#905,#906,#907,#908,#909,#910,#911,#912,#913,#914,#915,
#916,#917,#918,#919,#920,#921,#922,#923,#924,#925,#926,#927,#928,#929,#930,
#931,#932,#933,#934,#935,#936,#937));
#128=EDGE_LOOP('',(#938));
#129=EDGE_LOOP('',(#939));
#130=EDGE_LOOP('',(#940));
#131=EDGE_LOOP('',(#941));
#132=EDGE_LOOP('',(#942,#943,#944,#945));
#133=EDGE_LOOP('',(#946,#947,#948,#949));
#134=EDGE_LOOP('',(#950,#951,#952,#953));
#135=EDGE_LOOP('',(#954,#955,#956,#957));
#136=EDGE_LOOP('',(#958,#959,#960,#961));
#137=EDGE_LOOP('',(#962,#963,#964,#965));
#138=EDGE_LOOP('',(#966,#967,#968,#969));
#139=EDGE_LOOP('',(#970,#971,#972,#973));
#140=EDGE_LOOP('',(#974,#975,#976,#977));
#141=EDGE_LOOP('',(#978,#979,#980,#981));
#142=EDGE_LOOP('',(#982,#983,#984,#985));
#143=EDGE_LOOP('',(#986,#987,#988,#989));
#144=EDGE_LOOP('',(#990,#991,#992,#993));
#145=EDGE_LOOP('',(#994,#995,#996,#997));
#146=EDGE_LOOP('',(#998,#999,#1000,#1001));
#147=EDGE_LOOP('',(#1002,#1003,#1004,#1005));
#148=EDGE_LOOP('',(#1006,#1007,#1008,#1009));
#149=EDGE_LOOP('',(#1010,#1011,#1012,#1013));
#150=EDGE_LOOP('',(#1014,#1015,#1016,#1017));
#151=EDGE_LOOP('',(#1018,#1019,#1020,#1021));
#152=EDGE_LOOP('',(#1022,#1023,#1024,#1025));
#153=EDGE_LOOP('',(#1026,#1027,#1028,#1029));
#154=EDGE_LOOP('',(#1030,#1031,#1032,#1033));
#155=EDGE_LOOP('',(#1034,#1035,#1036,#1037));
#156=EDGE_LOOP('',(#1038,#1039,#1040,#1041));
#157=EDGE_LOOP('',(#1042,#1043,#1044,#1045));
#158=EDGE_LOOP('',(#1046,#1047,#1048,#1049));
#159=EDGE_LOOP('',(#1050,#1051,#1052,#1053));
#160=EDGE_LOOP('',(#1054,#1055,#1056,#1057));
#161=EDGE_LOOP('',(#1058,#1059,#1060,#1061));
#162=EDGE_LOOP('',(#1062,#1063,#1064,#1065));
#163=EDGE_LOOP('',(#1066,#1067,#1068,#1069));
#164=EDGE_LOOP('',(#1070,#1071,#1072,#1073));
#165=EDGE_LOOP('',(#1074,#1075,#1076,#1077));
#166=EDGE_LOOP('',(#1078,#1079,#1080,#1081));
#167=EDGE_LOOP('',(#1082,#1083,#1084,#1085));
#168=EDGE_LOOP('',(#1086,#1087,#1088,#1089));
#169=EDGE_LOOP('',(#1090,#1091,#1092,#1093));
#170=EDGE_LOOP('',(#1094,#1095,#1096,#1097));
#171=EDGE_LOOP('',(#1098,#1099,#1100,#1101));
#172=EDGE_LOOP('',(#1102,#1103,#1104,#1105));
#173=EDGE_LOOP('',(#1106,#1107,#1108,#1109));
#174=EDGE_LOOP('',(#1110,#1111,#1112,#1113));
#175=EDGE_LOOP('',(#1114,#1115,#1116,#1117));
#176=EDGE_LOOP('',(#1118,#1119,#1120,#1121));
#177=EDGE_LOOP('',(#1122,#1123,#1124,#1125));
#178=EDGE_LOOP('',(#1126,#1127,#1128,#1129));
#179=EDGE_LOOP('',(#1130,#1131,#1132,#1133));
#180=EDGE_LOOP('',(#1134,#1135,#1136,#1137));
#181=EDGE_LOOP('',(#1138,#1139,#1140,#1141));
#182=EDGE_LOOP('',(#1142,#1143,#1144,#1145));
#183=EDGE_LOOP('',(#1146,#1147,#1148,#1149));
#184=EDGE_LOOP('',(#1150,#1151,#1152,#1153));
#185=EDGE_LOOP('',(#1154,#1155,#1156,#1157));
#186=EDGE_LOOP('',(#1158,#1159,#1160,#1161));
#187=EDGE_LOOP('',(#1162,#1163,#1164,#1165));
#188=EDGE_LOOP('',(#1166,#1167,#1168,#1169));
#189=EDGE_LOOP('',(#1170,#1171,#1172,#1173));
#190=EDGE_LOOP('',(#1174,#1175,#1176,#1177));
#191=EDGE_LOOP('',(#1178,#1179,#1180,#1181));
#192=EDGE_LOOP('',(#1182,#1183,#1184,#1185));
#193=EDGE_LOOP('',(#1186,#1187,#1188,#1189));
#194=EDGE_LOOP('',(#1190,#1191,#1192,#1193));
#195=EDGE_LOOP('',(#1194,#1195,#1196,#1197));
#196=EDGE_LOOP('',(#1198,#1199,#1200,#1201));
#197=EDGE_LOOP('',(#1202,#1203,#1204,#1205,#1206,#1207,#1208,#1209,#1210,
#1211,#1212,#1213,#1214,#1215,#1216,#1217,#1218,#1219,#1220,#1221,#1222,
#1223,#1224,#1225,#1226,#1227,#1228,#1229,#1230,#1231,#1232,#1233,#1234,
#1235,#1236,#1237,#1238,#1239,#1240,#1241,#1242,#1243,#1244,#1245,#1246,
#1247,#1248,#1249,#1250,#1251,#1252,#1253,#1254,#1255,#1256,#1257,#1258,
#1259,#1260,#1261,#1262,#1263,#1264));
#198=EDGE_LOOP('',(#1265));
#199=EDGE_LOOP('',(#1266));
#200=EDGE_LOOP('',(#1267));
#201=EDGE_LOOP('',(#1268));
#202=LINE('',#1957,#331);
#203=LINE('',#1960,#332);
#204=LINE('',#1963,#333);
#205=LINE('',#1965,#334);
#206=LINE('',#1966,#335);
#207=LINE('',#1969,#336);
#208=LINE('',#1973,#337);
#209=LINE('',#1979,#338);
#210=LINE('',#1983,#339);
#211=LINE('',#1987,#340);
#212=LINE('',#1991,#341);
#213=LINE('',#1995,#342);
#214=LINE('',#1999,#343);
#215=LINE('',#2003,#344);
#216=LINE('',#2007,#345);
#217=LINE('',#2011,#346);
#218=LINE('',#2015,#347);
#219=LINE('',#2019,#348);
#220=LINE('',#2023,#349);
#221=LINE('',#2027,#350);
#222=LINE('',#2031,#351);
#223=LINE('',#2035,#352);
#224=LINE('',#2039,#353);
#225=LINE('',#2043,#354);
#226=LINE('',#2047,#355);
#227=LINE('',#2051,#356);
#228=LINE('',#2055,#357);
#229=LINE('',#2059,#358);
#230=LINE('',#2063,#359);
#231=LINE('',#2067,#360);
#232=LINE('',#2071,#361);
#233=LINE('',#2075,#362);
#234=LINE('',#2079,#363);
#235=LINE('',#2083,#364);
#236=LINE('',#2087,#365);
#237=LINE('',#2100,#366);
#238=LINE('',#2103,#367);
#239=LINE('',#2104,#368);
#240=LINE('',#2108,#369);
#241=LINE('',#2111,#370);
#242=LINE('',#2112,#371);
#243=LINE('',#2116,#372);
#244=LINE('',#2119,#373);
#245=LINE('',#2120,#374);
#246=LINE('',#2124,#375);
#247=LINE('',#2127,#376);
#248=LINE('',#2128,#377);
#249=LINE('',#2131,#378);
#250=LINE('',#2135,#379);
#251=LINE('',#2136,#380);
#252=LINE('',#2139,#381);
#253=LINE('',#2143,#382);
#254=LINE('',#2144,#383);
#255=LINE('',#2148,#384);
#256=LINE('',#2151,#385);
#257=LINE('',#2152,#386);
#258=LINE('',#2156,#387);
#259=LINE('',#2159,#388);
#260=LINE('',#2160,#389);
#261=LINE('',#2163,#390);
#262=LINE('',#2167,#391);
#263=LINE('',#2168,#392);
#264=LINE('',#2171,#393);
#265=LINE('',#2175,#394);
#266=LINE('',#2176,#395);
#267=LINE('',#2180,#396);
#268=LINE('',#2183,#397);
#269=LINE('',#2184,#398);
#270=LINE('',#2187,#399);
#271=LINE('',#2191,#400);
#272=LINE('',#2192,#401);
#273=LINE('',#2195,#402);
#274=LINE('',#2199,#403);
#275=LINE('',#2200,#404);
#276=LINE('',#2204,#405);
#277=LINE('',#2207,#406);
#278=LINE('',#2208,#407);
#279=LINE('',#2211,#408);
#280=LINE('',#2215,#409);
#281=LINE('',#2216,#410);
#282=LINE('',#2220,#411);
#283=LINE('',#2223,#412);
#284=LINE('',#2224,#413);
#285=LINE('',#2228,#414);
#286=LINE('',#2231,#415);
#287=LINE('',#2232,#416);
#288=LINE('',#2236,#417);
#289=LINE('',#2239,#418);
#290=LINE('',#2240,#419);
#291=LINE('',#2244,#420);
#292=LINE('',#2247,#421);
#293=LINE('',#2248,#422);
#294=LINE('',#2251,#423);
#295=LINE('',#2255,#424);
#296=LINE('',#2256,#425);
#297=LINE('',#2259,#426);
#298=LINE('',#2262,#427);
#299=LINE('',#2265,#428);
#300=LINE('',#2266,#429);
#301=LINE('',#2271,#430);
#302=LINE('',#2272,#431);
#303=LINE('',#2275,#432);
#304=LINE('',#2276,#433);
#305=LINE('',#2281,#434);
#306=LINE('',#2285,#435);
#307=LINE('',#2286,#436);
#308=LINE('',#2290,#437);
#309=LINE('',#2293,#438);
#310=LINE('',#2294,#439);
#311=LINE('',#2297,#440);
#312=LINE('',#2300,#441);
#313=LINE('',#2303,#442);
#314=LINE('',#2304,#443);
#315=LINE('',#2307,#444);
#316=LINE('',#2310,#445);
#317=LINE('',#2314,#446);
#318=LINE('',#2317,#447);
#319=LINE('',#2318,#448);
#320=LINE('',#2321,#449);
#321=LINE('',#2325,#450);
#322=LINE('',#2329,#451);
#323=LINE('',#2330,#452);
#324=LINE('',#2333,#453);
#325=LINE('',#2336,#454);
#326=LINE('',#2340,#455);
#327=LINE('',#2344,#456);
#328=LINE('',#2348,#457);
#329=LINE('',#2352,#458);
#330=LINE('',#2354,#459);
#331=VECTOR('',#1544,10.);
#332=VECTOR('',#1547,10.);
#333=VECTOR('',#1550,10.);
#334=VECTOR('',#1551,10.);
#335=VECTOR('',#1552,10.);
#336=VECTOR('',#1555,10.);
#337=VECTOR('',#1558,10.);
#338=VECTOR('',#1563,10.);
#339=VECTOR('',#1566,10.);
#340=VECTOR('',#1569,10.);
#341=VECTOR('',#1572,10.);
#342=VECTOR('',#1575,10.);
#343=VECTOR('',#1578,10.);
#344=VECTOR('',#1581,10.);
#345=VECTOR('',#1584,10.);
#346=VECTOR('',#1587,10.);
#347=VECTOR('',#1590,10.);
#348=VECTOR('',#1593,10.);
#349=VECTOR('',#1596,10.);
#350=VECTOR('',#1599,10.);
#351=VECTOR('',#1602,10.);
#352=VECTOR('',#1605,10.);
#353=VECTOR('',#1608,10.);
#354=VECTOR('',#1611,10.);
#355=VECTOR('',#1614,10.);
#356=VECTOR('',#1617,10.);
#357=VECTOR('',#1620,10.);
#358=VECTOR('',#1623,10.);
#359=VECTOR('',#1626,10.);
#360=VECTOR('',#1629,10.);
#361=VECTOR('',#1632,10.);
#362=VECTOR('',#1635,10.);
#363=VECTOR('',#1638,10.);
#364=VECTOR('',#1641,10.);
#365=VECTOR('',#1644,10.);
#366=VECTOR('',#1659,10.);
#367=VECTOR('',#1662,10.);
#368=VECTOR('',#1663,10.);
#369=VECTOR('',#1668,10.);
#370=VECTOR('',#1671,10.);
#371=VECTOR('',#1672,10.);
#372=VECTOR('',#1677,10.);
#373=VECTOR('',#1680,10.);
#374=VECTOR('',#1681,10.);
#375=VECTOR('',#1686,10.);
#376=VECTOR('',#1689,10.);
#377=VECTOR('',#1690,10.);
#378=VECTOR('',#1693,10.);
#379=VECTOR('',#1698,10.);
#380=VECTOR('',#1699,10.);
#381=VECTOR('',#1702,10.);
#382=VECTOR('',#1707,10.);
#383=VECTOR('',#1708,10.);
#384=VECTOR('',#1713,10.);
#385=VECTOR('',#1716,10.);
#386=VECTOR('',#1717,10.);
#387=VECTOR('',#1722,10.);
#388=VECTOR('',#1725,10.);
#389=VECTOR('',#1726,10.);
#390=VECTOR('',#1729,10.);
#391=VECTOR('',#1734,10.);
#392=VECTOR('',#1735,10.);
#393=VECTOR('',#1738,10.);
#394=VECTOR('',#1743,10.);
#395=VECTOR('',#1744,10.);
#396=VECTOR('',#1749,10.);
#397=VECTOR('',#1752,10.);
#398=VECTOR('',#1753,10.);
#399=VECTOR('',#1756,10.);
#400=VECTOR('',#1761,10.);
#401=VECTOR('',#1762,10.);
#402=VECTOR('',#1765,10.);
#403=VECTOR('',#1770,10.);
#404=VECTOR('',#1771,10.);
#405=VECTOR('',#1776,10.);
#406=VECTOR('',#1779,10.);
#407=VECTOR('',#1780,10.);
#408=VECTOR('',#1783,10.);
#409=VECTOR('',#1788,10.);
#410=VECTOR('',#1789,10.);
#411=VECTOR('',#1794,10.);
#412=VECTOR('',#1797,10.);
#413=VECTOR('',#1798,10.);
#414=VECTOR('',#1803,10.);
#415=VECTOR('',#1806,10.);
#416=VECTOR('',#1807,10.);
#417=VECTOR('',#1812,10.);
#418=VECTOR('',#1815,10.);
#419=VECTOR('',#1816,10.);
#420=VECTOR('',#1821,10.);
#421=VECTOR('',#1824,10.);
#422=VECTOR('',#1825,10.);
#423=VECTOR('',#1828,10.);
#424=VECTOR('',#1833,10.);
#425=VECTOR('',#1834,10.);
#426=VECTOR('',#1837,10.);
#427=VECTOR('',#1840,10.);
#428=VECTOR('',#1843,10.);
#429=VECTOR('',#1844,10.);
#430=VECTOR('',#1849,10.);
#431=VECTOR('',#1850,10.);
#432=VECTOR('',#1853,10.);
#433=VECTOR('',#1854,10.);
#434=VECTOR('',#1861,10.);
#435=VECTOR('',#1866,10.);
#436=VECTOR('',#1867,10.);
#437=VECTOR('',#1872,10.);
#438=VECTOR('',#1875,10.);
#439=VECTOR('',#1876,10.);
#440=VECTOR('',#1879,10.);
#441=VECTOR('',#1882,10.);
#442=VECTOR('',#1885,10.);
#443=VECTOR('',#1886,10.);
#444=VECTOR('',#1889,10.);
#445=VECTOR('',#1894,10.);
#446=VECTOR('',#1899,10.);
#447=VECTOR('',#1902,1.);
#448=VECTOR('',#1903,10.);
#449=VECTOR('',#1906,1.);
#450=VECTOR('',#1911,10.);
#451=VECTOR('',#1916,10.);
#452=VECTOR('',#1917,10.);
#453=VECTOR('',#1920,10.);
#454=VECTOR('',#1925,10.);
#455=VECTOR('',#1930,1.00650000000003);
#456=VECTOR('',#1935,1.00650000000003);
#457=VECTOR('',#1940,1.00650000000001);
#458=VECTOR('',#1945,1.00650000000001);
#459=VECTOR('',#1948,10.);
#460=CIRCLE('',#1398,1.);
#461=CIRCLE('',#1399,1.);
#462=CIRCLE('',#1402,1.);
#463=CIRCLE('',#1403,1.);
#464=CIRCLE('',#1404,1.);
#465=CIRCLE('',#1405,1.);
#466=CIRCLE('',#1406,1.);
#467=CIRCLE('',#1407,1.);
#468=CIRCLE('',#1408,1.);
#469=CIRCLE('',#1409,1.);
#470=CIRCLE('',#1410,1.);
#471=CIRCLE('',#1411,1.);
#472=CIRCLE('',#1412,1.);
#473=CIRCLE('',#1413,1.);
#474=CIRCLE('',#1414,1.);
#475=CIRCLE('',#1415,1.);
#476=CIRCLE('',#1416,1.);
#477=CIRCLE('',#1417,1.);
#478=CIRCLE('',#1418,1.);
#479=CIRCLE('',#1419,1.);
#480=CIRCLE('',#1420,1.);
#481=CIRCLE('',#1421,1.);
#482=CIRCLE('',#1422,1.);
#483=CIRCLE('',#1423,1.);
#484=CIRCLE('',#1424,1.);
#485=CIRCLE('',#1425,1.);
#486=CIRCLE('',#1426,1.);
#487=CIRCLE('',#1427,1.);
#488=CIRCLE('',#1428,1.);
#489=CIRCLE('',#1429,1.);
#490=CIRCLE('',#1430,1.);
#491=CIRCLE('',#1431,1.);
#492=CIRCLE('',#1432,1.);
#493=CIRCLE('',#1433,1.00650000000001);
#494=CIRCLE('',#1434,1.00650000000001);
#495=CIRCLE('',#1435,1.00650000000003);
#496=CIRCLE('',#1436,1.00650000000003);
#497=CIRCLE('',#1438,1.);
#498=CIRCLE('',#1441,1.);
#499=CIRCLE('',#1444,1.);
#500=CIRCLE('',#1447,1.);
#501=CIRCLE('',#1450,1.);
#502=CIRCLE('',#1453,1.);
#503=CIRCLE('',#1456,1.);
#504=CIRCLE('',#1459,1.);
#505=CIRCLE('',#1462,1.);
#506=CIRCLE('',#1465,1.);
#507=CIRCLE('',#1468,1.);
#508=CIRCLE('',#1471,1.);
#509=CIRCLE('',#1474,1.);
#510=CIRCLE('',#1477,1.);
#511=CIRCLE('',#1480,1.);
#512=CIRCLE('',#1483,1.);
#513=CIRCLE('',#1486,1.);
#514=CIRCLE('',#1489,1.);
#515=CIRCLE('',#1492,1.);
#516=CIRCLE('',#1495,1.);
#517=CIRCLE('',#1498,1.);
#518=CIRCLE('',#1501,1.);
#519=CIRCLE('',#1504,1.);
#520=CIRCLE('',#1506,1.);
#521=CIRCLE('',#1509,1.);
#522=CIRCLE('',#1512,1.);
#523=CIRCLE('',#1515,1.);
#524=CIRCLE('',#1518,1.);
#525=CIRCLE('',#1521,1.);
#526=CIRCLE('',#1523,1.);
#527=CIRCLE('',#1526,1.);
#528=CIRCLE('',#1529,1.00650000000003);
#529=CIRCLE('',#1531,1.00650000000003);
#530=CIRCLE('',#1533,1.00650000000001);
#531=CIRCLE('',#1535,1.00650000000001);
#532=VERTEX_POINT('',#1953);
#533=VERTEX_POINT('',#1954);
#534=VERTEX_POINT('',#1956);
#535=VERTEX_POINT('',#1958);
#536=VERTEX_POINT('',#1962);
#537=VERTEX_POINT('',#1964);
#538=VERTEX_POINT('',#1968);
#539=VERTEX_POINT('',#1970);
#540=VERTEX_POINT('',#1972);
#541=VERTEX_POINT('',#1974);
#542=VERTEX_POINT('',#1976);
#543=VERTEX_POINT('',#1978);
#544=VERTEX_POINT('',#1980);
#545=VERTEX_POINT('',#1982);
#546=VERTEX_POINT('',#1984);
#547=VERTEX_POINT('',#1986);
#548=VERTEX_POINT('',#1988);
#549=VERTEX_POINT('',#1990);
#550=VERTEX_POINT('',#1992);
#551=VERTEX_POINT('',#1994);
#552=VERTEX_POINT('',#1996);
#553=VERTEX_POINT('',#1998);
#554=VERTEX_POINT('',#2000);
#555=VERTEX_POINT('',#2002);
#556=VERTEX_POINT('',#2004);
#557=VERTEX_POINT('',#2006);
#558=VERTEX_POINT('',#2008);
#559=VERTEX_POINT('',#2010);
#560=VERTEX_POINT('',#2012);
#561=VERTEX_POINT('',#2014);
#562=VERTEX_POINT('',#2016);
#563=VERTEX_POINT('',#2018);
#564=VERTEX_POINT('',#2020);
#565=VERTEX_POINT('',#2022);
#566=VERTEX_POINT('',#2024);
#567=VERTEX_POINT('',#2026);
#568=VERTEX_POINT('',#2028);
#569=VERTEX_POINT('',#2030);
#570=VERTEX_POINT('',#2032);
#571=VERTEX_POINT('',#2034);
#572=VERTEX_POINT('',#2036);
#573=VERTEX_POINT('',#2038);
#574=VERTEX_POINT('',#2040);
#575=VERTEX_POINT('',#2042);
#576=VERTEX_POINT('',#2044);
#577=VERTEX_POINT('',#2046);
#578=VERTEX_POINT('',#2048);
#579=VERTEX_POINT('',#2050);
#580=VERTEX_POINT('',#2052);
#581=VERTEX_POINT('',#2054);
#582=VERTEX_POINT('',#2056);
#583=VERTEX_POINT('',#2058);
#584=VERTEX_POINT('',#2060);
#585=VERTEX_POINT('',#2062);
#586=VERTEX_POINT('',#2064);
#587=VERTEX_POINT('',#2066);
#588=VERTEX_POINT('',#2068);
#589=VERTEX_POINT('',#2070);
#590=VERTEX_POINT('',#2072);
#591=VERTEX_POINT('',#2074);
#592=VERTEX_POINT('',#2076);
#593=VERTEX_POINT('',#2078);
#594=VERTEX_POINT('',#2080);
#595=VERTEX_POINT('',#2082);
#596=VERTEX_POINT('',#2084);
#597=VERTEX_POINT('',#2086);
#598=VERTEX_POINT('',#2089);
#599=VERTEX_POINT('',#2091);
#600=VERTEX_POINT('',#2093);
#601=VERTEX_POINT('',#2095);
#602=VERTEX_POINT('',#2098);
#603=VERTEX_POINT('',#2102);
#604=VERTEX_POINT('',#2106);
#605=VERTEX_POINT('',#2110);
#606=VERTEX_POINT('',#2114);
#607=VERTEX_POINT('',#2118);
#608=VERTEX_POINT('',#2122);
#609=VERTEX_POINT('',#2126);
#610=VERTEX_POINT('',#2130);
#611=VERTEX_POINT('',#2134);
#612=VERTEX_POINT('',#2138);
#613=VERTEX_POINT('',#2142);
#614=VERTEX_POINT('',#2146);
#615=VERTEX_POINT('',#2150);
#616=VERTEX_POINT('',#2154);
#617=VERTEX_POINT('',#2158);
#618=VERTEX_POINT('',#2162);
#619=VERTEX_POINT('',#2166);
#620=VERTEX_POINT('',#2170);
#621=VERTEX_POINT('',#2174);
#622=VERTEX_POINT('',#2178);
#623=VERTEX_POINT('',#2182);
#624=VERTEX_POINT('',#2186);
#625=VERTEX_POINT('',#2190);
#626=VERTEX_POINT('',#2194);
#627=VERTEX_POINT('',#2198);
#628=VERTEX_POINT('',#2202);
#629=VERTEX_POINT('',#2206);
#630=VERTEX_POINT('',#2210);
#631=VERTEX_POINT('',#2214);
#632=VERTEX_POINT('',#2218);
#633=VERTEX_POINT('',#2222);
#634=VERTEX_POINT('',#2226);
#635=VERTEX_POINT('',#2230);
#636=VERTEX_POINT('',#2234);
#637=VERTEX_POINT('',#2238);
#638=VERTEX_POINT('',#2242);
#639=VERTEX_POINT('',#2246);
#640=VERTEX_POINT('',#2250);
#641=VERTEX_POINT('',#2254);
#642=VERTEX_POINT('',#2258);
#643=VERTEX_POINT('',#2260);
#644=VERTEX_POINT('',#2264);
#645=VERTEX_POINT('',#2268);
#646=VERTEX_POINT('',#2269);
#647=VERTEX_POINT('',#2274);
#648=VERTEX_POINT('',#2280);
#649=VERTEX_POINT('',#2284);
#650=VERTEX_POINT('',#2288);
#651=VERTEX_POINT('',#2292);
#652=VERTEX_POINT('',#2296);
#653=VERTEX_POINT('',#2298);
#654=VERTEX_POINT('',#2302);
#655=VERTEX_POINT('',#2306);
#656=VERTEX_POINT('',#2312);
#657=VERTEX_POINT('',#2316);
#658=VERTEX_POINT('',#2320);
#659=VERTEX_POINT('',#2324);
#660=VERTEX_POINT('',#2328);
#661=VERTEX_POINT('',#2332);
#662=VERTEX_POINT('',#2338);
#663=VERTEX_POINT('',#2342);
#664=VERTEX_POINT('',#2346);
#665=VERTEX_POINT('',#2350);
#666=EDGE_CURVE('',#532,#533,#460,.T.);
#667=EDGE_CURVE('',#533,#534,#202,.T.);
#668=EDGE_CURVE('',#534,#535,#461,.T.);
#669=EDGE_CURVE('',#535,#532,#203,.T.);
#670=EDGE_CURVE('',#535,#536,#204,.T.);
#671=EDGE_CURVE('',#537,#536,#205,.T.);
#672=EDGE_CURVE('',#532,#537,#206,.T.);
#673=EDGE_CURVE('',#538,#534,#207,.T.);
#674=EDGE_CURVE('',#539,#538,#462,.T.);
#675=EDGE_CURVE('',#540,#539,#208,.T.);
#676=EDGE_CURVE('',#541,#540,#463,.T.);
#677=EDGE_CURVE('',#542,#541,#464,.T.);
#678=EDGE_CURVE('',#543,#542,#209,.T.);
#679=EDGE_CURVE('',#544,#543,#465,.T.);
#680=EDGE_CURVE('',#545,#544,#210,.T.);
#681=EDGE_CURVE('',#546,#545,#466,.T.);
#682=EDGE_CURVE('',#547,#546,#211,.T.);
#683=EDGE_CURVE('',#548,#547,#467,.T.);
#684=EDGE_CURVE('',#549,#548,#212,.T.);
#685=EDGE_CURVE('',#550,#549,#468,.T.);
#686=EDGE_CURVE('',#551,#550,#213,.T.);
#687=EDGE_CURVE('',#552,#551,#469,.T.);
#688=EDGE_CURVE('',#553,#552,#214,.T.);
#689=EDGE_CURVE('',#554,#553,#470,.T.);
#690=EDGE_CURVE('',#555,#554,#215,.T.);
#691=EDGE_CURVE('',#556,#555,#471,.T.);
#692=EDGE_CURVE('',#557,#556,#216,.T.);
#693=EDGE_CURVE('',#558,#557,#472,.T.);
#694=EDGE_CURVE('',#559,#558,#217,.T.);
#695=EDGE_CURVE('',#560,#559,#473,.T.);
#696=EDGE_CURVE('',#561,#560,#218,.T.);
#697=EDGE_CURVE('',#562,#561,#474,.T.);
#698=EDGE_CURVE('',#563,#562,#219,.T.);
#699=EDGE_CURVE('',#564,#563,#475,.T.);
#700=EDGE_CURVE('',#565,#564,#220,.T.);
#701=EDGE_CURVE('',#566,#565,#476,.T.);
#702=EDGE_CURVE('',#567,#566,#221,.T.);
#703=EDGE_CURVE('',#568,#567,#477,.T.);
#704=EDGE_CURVE('',#569,#568,#222,.T.);
#705=EDGE_CURVE('',#570,#569,#478,.T.);
#706=EDGE_CURVE('',#571,#570,#223,.T.);
#707=EDGE_CURVE('',#572,#571,#479,.T.);
#708=EDGE_CURVE('',#573,#572,#224,.T.);
#709=EDGE_CURVE('',#574,#573,#480,.T.);
#710=EDGE_CURVE('',#575,#574,#225,.T.);
#711=EDGE_CURVE('',#576,#575,#481,.T.);
#712=EDGE_CURVE('',#577,#576,#226,.T.);
#713=EDGE_CURVE('',#578,#577,#482,.T.);
#714=EDGE_CURVE('',#579,#578,#227,.T.);
#715=EDGE_CURVE('',#580,#579,#483,.T.);
#716=EDGE_CURVE('',#581,#580,#228,.T.);
#717=EDGE_CURVE('',#582,#581,#484,.T.);
#718=EDGE_CURVE('',#583,#582,#229,.T.);
#719=EDGE_CURVE('',#584,#583,#485,.T.);
#720=EDGE_CURVE('',#585,#584,#230,.T.);
#721=EDGE_CURVE('',#586,#585,#486,.T.);
#722=EDGE_CURVE('',#587,#586,#231,.T.);
#723=EDGE_CURVE('',#588,#587,#487,.T.);
#724=EDGE_CURVE('',#589,#588,#232,.T.);
#725=EDGE_CURVE('',#590,#589,#488,.T.);
#726=EDGE_CURVE('',#591,#590,#233,.T.);
#727=EDGE_CURVE('',#592,#591,#489,.T.);
#728=EDGE_CURVE('',#593,#592,#234,.T.);
#729=EDGE_CURVE('',#594,#593,#490,.T.);
#730=EDGE_CURVE('',#595,#594,#235,.T.);
#731=EDGE_CURVE('',#596,#595,#491,.T.);
#732=EDGE_CURVE('',#597,#596,#236,.T.);
#733=EDGE_CURVE('',#536,#597,#492,.T.);
#734=EDGE_CURVE('',#598,#598,#493,.T.);
#735=EDGE_CURVE('',#599,#599,#494,.T.);
#736=EDGE_CURVE('',#600,#600,#495,.T.);
#737=EDGE_CURVE('',#601,#601,#496,.T.);
#738=EDGE_CURVE('',#602,#537,#497,.T.);
#739=EDGE_CURVE('',#597,#602,#237,.T.);
#740=EDGE_CURVE('',#603,#596,#238,.T.);
#741=EDGE_CURVE('',#602,#603,#239,.T.);
#742=EDGE_CURVE('',#604,#603,#498,.T.);
#743=EDGE_CURVE('',#595,#604,#240,.T.);
#744=EDGE_CURVE('',#605,#594,#241,.T.);
#745=EDGE_CURVE('',#604,#605,#242,.T.);
#746=EDGE_CURVE('',#606,#605,#499,.T.);
#747=EDGE_CURVE('',#593,#606,#243,.T.);
#748=EDGE_CURVE('',#607,#592,#244,.T.);
#749=EDGE_CURVE('',#606,#607,#245,.T.);
#750=EDGE_CURVE('',#608,#607,#500,.T.);
#751=EDGE_CURVE('',#591,#608,#246,.T.);
#752=EDGE_CURVE('',#609,#590,#247,.T.);
#753=EDGE_CURVE('',#608,#609,#248,.T.);
#754=EDGE_CURVE('',#589,#610,#249,.T.);
#755=EDGE_CURVE('',#610,#609,#501,.T.);
#756=EDGE_CURVE('',#611,#588,#250,.T.);
#757=EDGE_CURVE('',#610,#611,#251,.T.);
#758=EDGE_CURVE('',#587,#612,#252,.T.);
#759=EDGE_CURVE('',#612,#611,#502,.T.);
#760=EDGE_CURVE('',#613,#586,#253,.T.);
#761=EDGE_CURVE('',#612,#613,#254,.T.);
#762=EDGE_CURVE('',#614,#613,#503,.T.);
#763=EDGE_CURVE('',#585,#614,#255,.T.);
#764=EDGE_CURVE('',#615,#584,#256,.T.);
#765=EDGE_CURVE('',#614,#615,#257,.T.);
#766=EDGE_CURVE('',#616,#615,#504,.T.);
#767=EDGE_CURVE('',#583,#616,#258,.T.);
#768=EDGE_CURVE('',#617,#582,#259,.T.);
#769=EDGE_CURVE('',#616,#617,#260,.T.);
#770=EDGE_CURVE('',#581,#618,#261,.T.);
#771=EDGE_CURVE('',#618,#617,#505,.T.);
#772=EDGE_CURVE('',#619,#580,#262,.T.);
#773=EDGE_CURVE('',#618,#619,#263,.T.);
#774=EDGE_CURVE('',#579,#620,#264,.T.);
#775=EDGE_CURVE('',#620,#619,#506,.T.);
#776=EDGE_CURVE('',#621,#578,#265,.T.);
#777=EDGE_CURVE('',#620,#621,#266,.T.);
#778=EDGE_CURVE('',#622,#621,#507,.T.);
#779=EDGE_CURVE('',#577,#622,#267,.T.);
#780=EDGE_CURVE('',#623,#576,#268,.T.);
#781=EDGE_CURVE('',#622,#623,#269,.T.);
#782=EDGE_CURVE('',#575,#624,#270,.T.);
#783=EDGE_CURVE('',#624,#623,#508,.T.);
#784=EDGE_CURVE('',#625,#574,#271,.T.);
#785=EDGE_CURVE('',#624,#625,#272,.T.);
#786=EDGE_CURVE('',#573,#626,#273,.T.);
#787=EDGE_CURVE('',#626,#625,#509,.T.);
#788=EDGE_CURVE('',#627,#572,#274,.T.);
#789=EDGE_CURVE('',#626,#627,#275,.T.);
#790=EDGE_CURVE('',#628,#627,#510,.T.);
#791=EDGE_CURVE('',#571,#628,#276,.T.);
#792=EDGE_CURVE('',#629,#570,#277,.T.);
#793=EDGE_CURVE('',#628,#629,#278,.T.);
#794=EDGE_CURVE('',#569,#630,#279,.T.);
#795=EDGE_CURVE('',#630,#629,#511,.T.);
#796=EDGE_CURVE('',#631,#568,#280,.T.);
#797=EDGE_CURVE('',#630,#631,#281,.T.);
#798=EDGE_CURVE('',#632,#631,#512,.T.);
#799=EDGE_CURVE('',#567,#632,#282,.T.);
#800=EDGE_CURVE('',#633,#566,#283,.T.);
#801=EDGE_CURVE('',#632,#633,#284,.T.);
#802=EDGE_CURVE('',#634,#633,#513,.T.);
#803=EDGE_CURVE('',#565,#634,#285,.T.);
#804=EDGE_CURVE('',#635,#564,#286,.T.);
#805=EDGE_CURVE('',#634,#635,#287,.T.);
#806=EDGE_CURVE('',#636,#635,#514,.T.);
#807=EDGE_CURVE('',#563,#636,#288,.T.);
#808=EDGE_CURVE('',#637,#562,#289,.T.);
#809=EDGE_CURVE('',#636,#637,#290,.T.);
#810=EDGE_CURVE('',#638,#637,#515,.T.);
#811=EDGE_CURVE('',#561,#638,#291,.T.);
#812=EDGE_CURVE('',#639,#560,#292,.T.);
#813=EDGE_CURVE('',#638,#639,#293,.T.);
#814=EDGE_CURVE('',#559,#640,#294,.T.);
#815=EDGE_CURVE('',#640,#639,#516,.T.);
#816=EDGE_CURVE('',#641,#558,#295,.T.);
#817=EDGE_CURVE('',#640,#641,#296,.T.);
#818=EDGE_CURVE('',#553,#642,#297,.T.);
#819=EDGE_CURVE('',#642,#643,#517,.T.);
#820=EDGE_CURVE('',#643,#554,#298,.T.);
#821=EDGE_CURVE('',#644,#552,#299,.T.);
#822=EDGE_CURVE('',#642,#644,#300,.T.);
#823=EDGE_CURVE('',#645,#646,#518,.T.);
#824=EDGE_CURVE('',#646,#556,#301,.T.);
#825=EDGE_CURVE('',#555,#645,#302,.T.);
#826=EDGE_CURVE('',#647,#646,#303,.T.);
#827=EDGE_CURVE('',#557,#647,#304,.T.);
#828=EDGE_CURVE('',#647,#641,#519,.T.);
#829=EDGE_CURVE('',#551,#648,#305,.T.);
#830=EDGE_CURVE('',#648,#644,#520,.T.);
#831=EDGE_CURVE('',#649,#550,#306,.T.);
#832=EDGE_CURVE('',#648,#649,#307,.T.);
#833=EDGE_CURVE('',#650,#649,#521,.T.);
#834=EDGE_CURVE('',#549,#650,#308,.T.);
#835=EDGE_CURVE('',#651,#548,#309,.T.);
#836=EDGE_CURVE('',#650,#651,#310,.T.);
#837=EDGE_CURVE('',#545,#652,#311,.T.);
#838=EDGE_CURVE('',#652,#653,#522,.T.);
#839=EDGE_CURVE('',#653,#546,#312,.T.);
#840=EDGE_CURVE('',#654,#544,#313,.T.);
#841=EDGE_CURVE('',#652,#654,#314,.T.);
#842=EDGE_CURVE('',#547,#655,#315,.T.);
#843=EDGE_CURVE('',#655,#651,#523,.T.);
#844=EDGE_CURVE('',#655,#653,#316,.T.);
#845=EDGE_CURVE('',#656,#654,#524,.T.);
#846=EDGE_CURVE('',#543,#656,#317,.T.);
#847=EDGE_CURVE('',#657,#542,#318,.T.);
#848=EDGE_CURVE('',#656,#657,#319,.T.);
#849=EDGE_CURVE('',#541,#658,#320,.T.);
#850=EDGE_CURVE('',#658,#657,#525,.T.);
#851=EDGE_CURVE('',#540,#659,#321,.T.);
#852=EDGE_CURVE('',#659,#658,#526,.T.);
#853=EDGE_CURVE('',#660,#539,#322,.T.);
#854=EDGE_CURVE('',#659,#660,#323,.T.);
#855=EDGE_CURVE('',#538,#661,#324,.T.);
#856=EDGE_CURVE('',#661,#660,#527,.T.);
#857=EDGE_CURVE('',#661,#533,#325,.T.);
#858=EDGE_CURVE('',#662,#662,#528,.T.);
#859=EDGE_CURVE('',#662,#601,#326,.T.);
#860=EDGE_CURVE('',#663,#663,#529,.T.);
#861=EDGE_CURVE('',#663,#600,#327,.T.);
#862=EDGE_CURVE('',#664,#664,#530,.T.);
#863=EDGE_CURVE('',#664,#599,#328,.T.);
#864=EDGE_CURVE('',#665,#665,#531,.T.);
#865=EDGE_CURVE('',#665,#598,#329,.T.);
#866=EDGE_CURVE('',#645,#643,#330,.T.);
#867=ORIENTED_EDGE('',*,*,#666,.T.);
#868=ORIENTED_EDGE('',*,*,#667,.T.);
#869=ORIENTED_EDGE('',*,*,#668,.T.);
#870=ORIENTED_EDGE('',*,*,#669,.T.);
#871=ORIENTED_EDGE('',*,*,#669,.F.);
#872=ORIENTED_EDGE('',*,*,#670,.T.);
#873=ORIENTED_EDGE('',*,*,#671,.F.);
#874=ORIENTED_EDGE('',*,*,#672,.F.);
#875=ORIENTED_EDGE('',*,*,#668,.F.);
#876=ORIENTED_EDGE('',*,*,#673,.F.);
#877=ORIENTED_EDGE('',*,*,#674,.F.);
#878=ORIENTED_EDGE('',*,*,#675,.F.);
#879=ORIENTED_EDGE('',*,*,#676,.F.);
#880=ORIENTED_EDGE('',*,*,#677,.F.);
#881=ORIENTED_EDGE('',*,*,#678,.F.);
#882=ORIENTED_EDGE('',*,*,#679,.F.);
#883=ORIENTED_EDGE('',*,*,#680,.F.);
#884=ORIENTED_EDGE('',*,*,#681,.F.);
#885=ORIENTED_EDGE('',*,*,#682,.F.);
#886=ORIENTED_EDGE('',*,*,#683,.F.);
#887=ORIENTED_EDGE('',*,*,#684,.F.);
#888=ORIENTED_EDGE('',*,*,#685,.F.);
#889=ORIENTED_EDGE('',*,*,#686,.F.);
#890=ORIENTED_EDGE('',*,*,#687,.F.);
#891=ORIENTED_EDGE('',*,*,#688,.F.);
#892=ORIENTED_EDGE('',*,*,#689,.F.);
#893=ORIENTED_EDGE('',*,*,#690,.F.);
#894=ORIENTED_EDGE('',*,*,#691,.F.);
#895=ORIENTED_EDGE('',*,*,#692,.F.);
#896=ORIENTED_EDGE('',*,*,#693,.F.);
#897=ORIENTED_EDGE('',*,*,#694,.F.);
#898=ORIENTED_EDGE('',*,*,#695,.F.);
#899=ORIENTED_EDGE('',*,*,#696,.F.);
#900=ORIENTED_EDGE('',*,*,#697,.F.);
#901=ORIENTED_EDGE('',*,*,#698,.F.);
#902=ORIENTED_EDGE('',*,*,#699,.F.);
#903=ORIENTED_EDGE('',*,*,#700,.F.);
#904=ORIENTED_EDGE('',*,*,#701,.F.);
#905=ORIENTED_EDGE('',*,*,#702,.F.);
#906=ORIENTED_EDGE('',*,*,#703,.F.);
#907=ORIENTED_EDGE('',*,*,#704,.F.);
#908=ORIENTED_EDGE('',*,*,#705,.F.);
#909=ORIENTED_EDGE('',*,*,#706,.F.);
#910=ORIENTED_EDGE('',*,*,#707,.F.);
#911=ORIENTED_EDGE('',*,*,#708,.F.);
#912=ORIENTED_EDGE('',*,*,#709,.F.);
#913=ORIENTED_EDGE('',*,*,#710,.F.);
#914=ORIENTED_EDGE('',*,*,#711,.F.);
#915=ORIENTED_EDGE('',*,*,#712,.F.);
#916=ORIENTED_EDGE('',*,*,#713,.F.);
#917=ORIENTED_EDGE('',*,*,#714,.F.);
#918=ORIENTED_EDGE('',*,*,#715,.F.);
#919=ORIENTED_EDGE('',*,*,#716,.F.);
#920=ORIENTED_EDGE('',*,*,#717,.F.);
#921=ORIENTED_EDGE('',*,*,#718,.F.);
#922=ORIENTED_EDGE('',*,*,#719,.F.);
#923=ORIENTED_EDGE('',*,*,#720,.F.);
#924=ORIENTED_EDGE('',*,*,#721,.F.);
#925=ORIENTED_EDGE('',*,*,#722,.F.);
#926=ORIENTED_EDGE('',*,*,#723,.F.);
#927=ORIENTED_EDGE('',*,*,#724,.F.);
#928=ORIENTED_EDGE('',*,*,#725,.F.);
#929=ORIENTED_EDGE('',*,*,#726,.F.);
#930=ORIENTED_EDGE('',*,*,#727,.F.);
#931=ORIENTED_EDGE('',*,*,#728,.F.);
#932=ORIENTED_EDGE('',*,*,#729,.F.);
#933=ORIENTED_EDGE('',*,*,#730,.F.);
#934=ORIENTED_EDGE('',*,*,#731,.F.);
#935=ORIENTED_EDGE('',*,*,#732,.F.);
#936=ORIENTED_EDGE('',*,*,#733,.F.);
#937=ORIENTED_EDGE('',*,*,#670,.F.);
#938=ORIENTED_EDGE('',*,*,#734,.F.);
#939=ORIENTED_EDGE('',*,*,#735,.F.);
#940=ORIENTED_EDGE('',*,*,#736,.F.);
#941=ORIENTED_EDGE('',*,*,#737,.F.);
#942=ORIENTED_EDGE('',*,*,#738,.T.);
#943=ORIENTED_EDGE('',*,*,#671,.T.);
#944=ORIENTED_EDGE('',*,*,#733,.T.);
#945=ORIENTED_EDGE('',*,*,#739,.T.);
#946=ORIENTED_EDGE('',*,*,#739,.F.);
#947=ORIENTED_EDGE('',*,*,#732,.T.);
#948=ORIENTED_EDGE('',*,*,#740,.F.);
#949=ORIENTED_EDGE('',*,*,#741,.F.);
#950=ORIENTED_EDGE('',*,*,#742,.T.);
#951=ORIENTED_EDGE('',*,*,#740,.T.);
#952=ORIENTED_EDGE('',*,*,#731,.T.);
#953=ORIENTED_EDGE('',*,*,#743,.T.);
#954=ORIENTED_EDGE('',*,*,#743,.F.);
#955=ORIENTED_EDGE('',*,*,#730,.T.);
#956=ORIENTED_EDGE('',*,*,#744,.F.);
#957=ORIENTED_EDGE('',*,*,#745,.F.);
#958=ORIENTED_EDGE('',*,*,#746,.T.);
#959=ORIENTED_EDGE('',*,*,#744,.T.);
#960=ORIENTED_EDGE('',*,*,#729,.T.);
#961=ORIENTED_EDGE('',*,*,#747,.T.);
#962=ORIENTED_EDGE('',*,*,#747,.F.);
#963=ORIENTED_EDGE('',*,*,#728,.T.);
#964=ORIENTED_EDGE('',*,*,#748,.F.);
#965=ORIENTED_EDGE('',*,*,#749,.F.);
#966=ORIENTED_EDGE('',*,*,#750,.T.);
#967=ORIENTED_EDGE('',*,*,#748,.T.);
#968=ORIENTED_EDGE('',*,*,#727,.T.);
#969=ORIENTED_EDGE('',*,*,#751,.T.);
#970=ORIENTED_EDGE('',*,*,#751,.F.);
#971=ORIENTED_EDGE('',*,*,#726,.T.);
#972=ORIENTED_EDGE('',*,*,#752,.F.);
#973=ORIENTED_EDGE('',*,*,#753,.F.);
#974=ORIENTED_EDGE('',*,*,#725,.T.);
#975=ORIENTED_EDGE('',*,*,#754,.T.);
#976=ORIENTED_EDGE('',*,*,#755,.T.);
#977=ORIENTED_EDGE('',*,*,#752,.T.);
#978=ORIENTED_EDGE('',*,*,#754,.F.);
#979=ORIENTED_EDGE('',*,*,#724,.T.);
#980=ORIENTED_EDGE('',*,*,#756,.F.);
#981=ORIENTED_EDGE('',*,*,#757,.F.);
#982=ORIENTED_EDGE('',*,*,#723,.T.);
#983=ORIENTED_EDGE('',*,*,#758,.T.);
#984=ORIENTED_EDGE('',*,*,#759,.T.);
#985=ORIENTED_EDGE('',*,*,#756,.T.);
#986=ORIENTED_EDGE('',*,*,#758,.F.);
#987=ORIENTED_EDGE('',*,*,#722,.T.);
#988=ORIENTED_EDGE('',*,*,#760,.F.);
#989=ORIENTED_EDGE('',*,*,#761,.F.);
#990=ORIENTED_EDGE('',*,*,#762,.T.);
#991=ORIENTED_EDGE('',*,*,#760,.T.);
#992=ORIENTED_EDGE('',*,*,#721,.T.);
#993=ORIENTED_EDGE('',*,*,#763,.T.);
#994=ORIENTED_EDGE('',*,*,#763,.F.);
#995=ORIENTED_EDGE('',*,*,#720,.T.);
#996=ORIENTED_EDGE('',*,*,#764,.F.);
#997=ORIENTED_EDGE('',*,*,#765,.F.);
#998=ORIENTED_EDGE('',*,*,#766,.T.);
#999=ORIENTED_EDGE('',*,*,#764,.T.);
#1000=ORIENTED_EDGE('',*,*,#719,.T.);
#1001=ORIENTED_EDGE('',*,*,#767,.T.);
#1002=ORIENTED_EDGE('',*,*,#767,.F.);
#1003=ORIENTED_EDGE('',*,*,#718,.T.);
#1004=ORIENTED_EDGE('',*,*,#768,.F.);
#1005=ORIENTED_EDGE('',*,*,#769,.F.);
#1006=ORIENTED_EDGE('',*,*,#717,.T.);
#1007=ORIENTED_EDGE('',*,*,#770,.T.);
#1008=ORIENTED_EDGE('',*,*,#771,.T.);
#1009=ORIENTED_EDGE('',*,*,#768,.T.);
#1010=ORIENTED_EDGE('',*,*,#770,.F.);
#1011=ORIENTED_EDGE('',*,*,#716,.T.);
#1012=ORIENTED_EDGE('',*,*,#772,.F.);
#1013=ORIENTED_EDGE('',*,*,#773,.F.);
#1014=ORIENTED_EDGE('',*,*,#715,.T.);
#1015=ORIENTED_EDGE('',*,*,#774,.T.);
#1016=ORIENTED_EDGE('',*,*,#775,.T.);
#1017=ORIENTED_EDGE('',*,*,#772,.T.);
#1018=ORIENTED_EDGE('',*,*,#774,.F.);
#1019=ORIENTED_EDGE('',*,*,#714,.T.);
#1020=ORIENTED_EDGE('',*,*,#776,.F.);
#1021=ORIENTED_EDGE('',*,*,#777,.F.);
#1022=ORIENTED_EDGE('',*,*,#778,.T.);
#1023=ORIENTED_EDGE('',*,*,#776,.T.);
#1024=ORIENTED_EDGE('',*,*,#713,.T.);
#1025=ORIENTED_EDGE('',*,*,#779,.T.);
#1026=ORIENTED_EDGE('',*,*,#779,.F.);
#1027=ORIENTED_EDGE('',*,*,#712,.T.);
#1028=ORIENTED_EDGE('',*,*,#780,.F.);
#1029=ORIENTED_EDGE('',*,*,#781,.F.);
#1030=ORIENTED_EDGE('',*,*,#711,.T.);
#1031=ORIENTED_EDGE('',*,*,#782,.T.);
#1032=ORIENTED_EDGE('',*,*,#783,.T.);
#1033=ORIENTED_EDGE('',*,*,#780,.T.);
#1034=ORIENTED_EDGE('',*,*,#782,.F.);
#1035=ORIENTED_EDGE('',*,*,#710,.T.);
#1036=ORIENTED_EDGE('',*,*,#784,.F.);
#1037=ORIENTED_EDGE('',*,*,#785,.F.);
#1038=ORIENTED_EDGE('',*,*,#709,.T.);
#1039=ORIENTED_EDGE('',*,*,#786,.T.);
#1040=ORIENTED_EDGE('',*,*,#787,.T.);
#1041=ORIENTED_EDGE('',*,*,#784,.T.);
#1042=ORIENTED_EDGE('',*,*,#786,.F.);
#1043=ORIENTED_EDGE('',*,*,#708,.T.);
#1044=ORIENTED_EDGE('',*,*,#788,.F.);
#1045=ORIENTED_EDGE('',*,*,#789,.F.);
#1046=ORIENTED_EDGE('',*,*,#790,.T.);
#1047=ORIENTED_EDGE('',*,*,#788,.T.);
#1048=ORIENTED_EDGE('',*,*,#707,.T.);
#1049=ORIENTED_EDGE('',*,*,#791,.T.);
#1050=ORIENTED_EDGE('',*,*,#791,.F.);
#1051=ORIENTED_EDGE('',*,*,#706,.T.);
#1052=ORIENTED_EDGE('',*,*,#792,.F.);
#1053=ORIENTED_EDGE('',*,*,#793,.F.);
#1054=ORIENTED_EDGE('',*,*,#705,.T.);
#1055=ORIENTED_EDGE('',*,*,#794,.T.);
#1056=ORIENTED_EDGE('',*,*,#795,.T.);
#1057=ORIENTED_EDGE('',*,*,#792,.T.);
#1058=ORIENTED_EDGE('',*,*,#794,.F.);
#1059=ORIENTED_EDGE('',*,*,#704,.T.);
#1060=ORIENTED_EDGE('',*,*,#796,.F.);
#1061=ORIENTED_EDGE('',*,*,#797,.F.);
#1062=ORIENTED_EDGE('',*,*,#798,.T.);
#1063=ORIENTED_EDGE('',*,*,#796,.T.);
#1064=ORIENTED_EDGE('',*,*,#703,.T.);
#1065=ORIENTED_EDGE('',*,*,#799,.T.);
#1066=ORIENTED_EDGE('',*,*,#799,.F.);
#1067=ORIENTED_EDGE('',*,*,#702,.T.);
#1068=ORIENTED_EDGE('',*,*,#800,.F.);
#1069=ORIENTED_EDGE('',*,*,#801,.F.);
#1070=ORIENTED_EDGE('',*,*,#802,.T.);
#1071=ORIENTED_EDGE('',*,*,#800,.T.);
#1072=ORIENTED_EDGE('',*,*,#701,.T.);
#1073=ORIENTED_EDGE('',*,*,#803,.T.);
#1074=ORIENTED_EDGE('',*,*,#803,.F.);
#1075=ORIENTED_EDGE('',*,*,#700,.T.);
#1076=ORIENTED_EDGE('',*,*,#804,.F.);
#1077=ORIENTED_EDGE('',*,*,#805,.F.);
#1078=ORIENTED_EDGE('',*,*,#806,.T.);
#1079=ORIENTED_EDGE('',*,*,#804,.T.);
#1080=ORIENTED_EDGE('',*,*,#699,.T.);
#1081=ORIENTED_EDGE('',*,*,#807,.T.);
#1082=ORIENTED_EDGE('',*,*,#807,.F.);
#1083=ORIENTED_EDGE('',*,*,#698,.T.);
#1084=ORIENTED_EDGE('',*,*,#808,.F.);
#1085=ORIENTED_EDGE('',*,*,#809,.F.);
#1086=ORIENTED_EDGE('',*,*,#810,.T.);
#1087=ORIENTED_EDGE('',*,*,#808,.T.);
#1088=ORIENTED_EDGE('',*,*,#697,.T.);
#1089=ORIENTED_EDGE('',*,*,#811,.T.);
#1090=ORIENTED_EDGE('',*,*,#811,.F.);
#1091=ORIENTED_EDGE('',*,*,#696,.T.);
#1092=ORIENTED_EDGE('',*,*,#812,.F.);
#1093=ORIENTED_EDGE('',*,*,#813,.F.);
#1094=ORIENTED_EDGE('',*,*,#695,.T.);
#1095=ORIENTED_EDGE('',*,*,#814,.T.);
#1096=ORIENTED_EDGE('',*,*,#815,.T.);
#1097=ORIENTED_EDGE('',*,*,#812,.T.);
#1098=ORIENTED_EDGE('',*,*,#814,.F.);
#1099=ORIENTED_EDGE('',*,*,#694,.T.);
#1100=ORIENTED_EDGE('',*,*,#816,.F.);
#1101=ORIENTED_EDGE('',*,*,#817,.F.);
#1102=ORIENTED_EDGE('',*,*,#689,.T.);
#1103=ORIENTED_EDGE('',*,*,#818,.T.);
#1104=ORIENTED_EDGE('',*,*,#819,.T.);
#1105=ORIENTED_EDGE('',*,*,#820,.T.);
#1106=ORIENTED_EDGE('',*,*,#818,.F.);
#1107=ORIENTED_EDGE('',*,*,#688,.T.);
#1108=ORIENTED_EDGE('',*,*,#821,.F.);
#1109=ORIENTED_EDGE('',*,*,#822,.F.);
#1110=ORIENTED_EDGE('',*,*,#823,.T.);
#1111=ORIENTED_EDGE('',*,*,#824,.T.);
#1112=ORIENTED_EDGE('',*,*,#691,.T.);
#1113=ORIENTED_EDGE('',*,*,#825,.T.);
#1114=ORIENTED_EDGE('',*,*,#824,.F.);
#1115=ORIENTED_EDGE('',*,*,#826,.F.);
#1116=ORIENTED_EDGE('',*,*,#827,.F.);
#1117=ORIENTED_EDGE('',*,*,#692,.T.);
#1118=ORIENTED_EDGE('',*,*,#828,.T.);
#1119=ORIENTED_EDGE('',*,*,#816,.T.);
#1120=ORIENTED_EDGE('',*,*,#693,.T.);
#1121=ORIENTED_EDGE('',*,*,#827,.T.);
#1122=ORIENTED_EDGE('',*,*,#687,.T.);
#1123=ORIENTED_EDGE('',*,*,#829,.T.);
#1124=ORIENTED_EDGE('',*,*,#830,.T.);
#1125=ORIENTED_EDGE('',*,*,#821,.T.);
#1126=ORIENTED_EDGE('',*,*,#829,.F.);
#1127=ORIENTED_EDGE('',*,*,#686,.T.);
#1128=ORIENTED_EDGE('',*,*,#831,.F.);
#1129=ORIENTED_EDGE('',*,*,#832,.F.);
#1130=ORIENTED_EDGE('',*,*,#833,.T.);
#1131=ORIENTED_EDGE('',*,*,#831,.T.);
#1132=ORIENTED_EDGE('',*,*,#685,.T.);
#1133=ORIENTED_EDGE('',*,*,#834,.T.);
#1134=ORIENTED_EDGE('',*,*,#834,.F.);
#1135=ORIENTED_EDGE('',*,*,#684,.T.);
#1136=ORIENTED_EDGE('',*,*,#835,.F.);
#1137=ORIENTED_EDGE('',*,*,#836,.F.);
#1138=ORIENTED_EDGE('',*,*,#681,.T.);
#1139=ORIENTED_EDGE('',*,*,#837,.T.);
#1140=ORIENTED_EDGE('',*,*,#838,.T.);
#1141=ORIENTED_EDGE('',*,*,#839,.T.);
#1142=ORIENTED_EDGE('',*,*,#837,.F.);
#1143=ORIENTED_EDGE('',*,*,#680,.T.);
#1144=ORIENTED_EDGE('',*,*,#840,.F.);
#1145=ORIENTED_EDGE('',*,*,#841,.F.);
#1146=ORIENTED_EDGE('',*,*,#683,.T.);
#1147=ORIENTED_EDGE('',*,*,#842,.T.);
#1148=ORIENTED_EDGE('',*,*,#843,.T.);
#1149=ORIENTED_EDGE('',*,*,#835,.T.);
#1150=ORIENTED_EDGE('',*,*,#839,.F.);
#1151=ORIENTED_EDGE('',*,*,#844,.F.);
#1152=ORIENTED_EDGE('',*,*,#842,.F.);
#1153=ORIENTED_EDGE('',*,*,#682,.T.);
#1154=ORIENTED_EDGE('',*,*,#845,.T.);
#1155=ORIENTED_EDGE('',*,*,#840,.T.);
#1156=ORIENTED_EDGE('',*,*,#679,.T.);
#1157=ORIENTED_EDGE('',*,*,#846,.T.);
#1158=ORIENTED_EDGE('',*,*,#846,.F.);
#1159=ORIENTED_EDGE('',*,*,#678,.T.);
#1160=ORIENTED_EDGE('',*,*,#847,.F.);
#1161=ORIENTED_EDGE('',*,*,#848,.F.);
#1162=ORIENTED_EDGE('',*,*,#677,.T.);
#1163=ORIENTED_EDGE('',*,*,#849,.T.);
#1164=ORIENTED_EDGE('',*,*,#850,.T.);
#1165=ORIENTED_EDGE('',*,*,#847,.T.);
#1166=ORIENTED_EDGE('',*,*,#849,.F.);
#1167=ORIENTED_EDGE('',*,*,#676,.T.);
#1168=ORIENTED_EDGE('',*,*,#851,.T.);
#1169=ORIENTED_EDGE('',*,*,#852,.T.);
#1170=ORIENTED_EDGE('',*,*,#851,.F.);
#1171=ORIENTED_EDGE('',*,*,#675,.T.);
#1172=ORIENTED_EDGE('',*,*,#853,.F.);
#1173=ORIENTED_EDGE('',*,*,#854,.F.);
#1174=ORIENTED_EDGE('',*,*,#674,.T.);
#1175=ORIENTED_EDGE('',*,*,#855,.T.);
#1176=ORIENTED_EDGE('',*,*,#856,.T.);
#1177=ORIENTED_EDGE('',*,*,#853,.T.);
#1178=ORIENTED_EDGE('',*,*,#667,.F.);
#1179=ORIENTED_EDGE('',*,*,#857,.F.);
#1180=ORIENTED_EDGE('',*,*,#855,.F.);
#1181=ORIENTED_EDGE('',*,*,#673,.T.);
#1182=ORIENTED_EDGE('',*,*,#858,.F.);
#1183=ORIENTED_EDGE('',*,*,#859,.T.);
#1184=ORIENTED_EDGE('',*,*,#737,.T.);
#1185=ORIENTED_EDGE('',*,*,#859,.F.);
#1186=ORIENTED_EDGE('',*,*,#860,.F.);
#1187=ORIENTED_EDGE('',*,*,#861,.T.);
#1188=ORIENTED_EDGE('',*,*,#736,.T.);
#1189=ORIENTED_EDGE('',*,*,#861,.F.);
#1190=ORIENTED_EDGE('',*,*,#862,.F.);
#1191=ORIENTED_EDGE('',*,*,#863,.T.);
#1192=ORIENTED_EDGE('',*,*,#735,.T.);
#1193=ORIENTED_EDGE('',*,*,#863,.F.);
#1194=ORIENTED_EDGE('',*,*,#864,.F.);
#1195=ORIENTED_EDGE('',*,*,#865,.T.);
#1196=ORIENTED_EDGE('',*,*,#734,.T.);
#1197=ORIENTED_EDGE('',*,*,#865,.F.);
#1198=ORIENTED_EDGE('',*,*,#820,.F.);
#1199=ORIENTED_EDGE('',*,*,#866,.F.);
#1200=ORIENTED_EDGE('',*,*,#825,.F.);
#1201=ORIENTED_EDGE('',*,*,#690,.T.);
#1202=ORIENTED_EDGE('',*,*,#666,.F.);
#1203=ORIENTED_EDGE('',*,*,#672,.T.);
#1204=ORIENTED_EDGE('',*,*,#738,.F.);
#1205=ORIENTED_EDGE('',*,*,#741,.T.);
#1206=ORIENTED_EDGE('',*,*,#742,.F.);
#1207=ORIENTED_EDGE('',*,*,#745,.T.);
#1208=ORIENTED_EDGE('',*,*,#746,.F.);
#1209=ORIENTED_EDGE('',*,*,#749,.T.);
#1210=ORIENTED_EDGE('',*,*,#750,.F.);
#1211=ORIENTED_EDGE('',*,*,#753,.T.);
#1212=ORIENTED_EDGE('',*,*,#755,.F.);
#1213=ORIENTED_EDGE('',*,*,#757,.T.);
#1214=ORIENTED_EDGE('',*,*,#759,.F.);
#1215=ORIENTED_EDGE('',*,*,#761,.T.);
#1216=ORIENTED_EDGE('',*,*,#762,.F.);
#1217=ORIENTED_EDGE('',*,*,#765,.T.);
#1218=ORIENTED_EDGE('',*,*,#766,.F.);
#1219=ORIENTED_EDGE('',*,*,#769,.T.);
#1220=ORIENTED_EDGE('',*,*,#771,.F.);
#1221=ORIENTED_EDGE('',*,*,#773,.T.);
#1222=ORIENTED_EDGE('',*,*,#775,.F.);
#1223=ORIENTED_EDGE('',*,*,#777,.T.);
#1224=ORIENTED_EDGE('',*,*,#778,.F.);
#1225=ORIENTED_EDGE('',*,*,#781,.T.);
#1226=ORIENTED_EDGE('',*,*,#783,.F.);
#1227=ORIENTED_EDGE('',*,*,#785,.T.);
#1228=ORIENTED_EDGE('',*,*,#787,.F.);
#1229=ORIENTED_EDGE('',*,*,#789,.T.);
#1230=ORIENTED_EDGE('',*,*,#790,.F.);
#1231=ORIENTED_EDGE('',*,*,#793,.T.);
#1232=ORIENTED_EDGE('',*,*,#795,.F.);
#1233=ORIENTED_EDGE('',*,*,#797,.T.);
#1234=ORIENTED_EDGE('',*,*,#798,.F.);
#1235=ORIENTED_EDGE('',*,*,#801,.T.);
#1236=ORIENTED_EDGE('',*,*,#802,.F.);
#1237=ORIENTED_EDGE('',*,*,#805,.T.);
#1238=ORIENTED_EDGE('',*,*,#806,.F.);
#1239=ORIENTED_EDGE('',*,*,#809,.T.);
#1240=ORIENTED_EDGE('',*,*,#810,.F.);
#1241=ORIENTED_EDGE('',*,*,#813,.T.);
#1242=ORIENTED_EDGE('',*,*,#815,.F.);
#1243=ORIENTED_EDGE('',*,*,#817,.T.);
#1244=ORIENTED_EDGE('',*,*,#828,.F.);
#1245=ORIENTED_EDGE('',*,*,#826,.T.);
#1246=ORIENTED_EDGE('',*,*,#823,.F.);
#1247=ORIENTED_EDGE('',*,*,#866,.T.);
#1248=ORIENTED_EDGE('',*,*,#819,.F.);
#1249=ORIENTED_EDGE('',*,*,#822,.T.);
#1250=ORIENTED_EDGE('',*,*,#830,.F.);
#1251=ORIENTED_EDGE('',*,*,#832,.T.);
#1252=ORIENTED_EDGE('',*,*,#833,.F.);
#1253=ORIENTED_EDGE('',*,*,#836,.T.);
#1254=ORIENTED_EDGE('',*,*,#843,.F.);
#1255=ORIENTED_EDGE('',*,*,#844,.T.);
#1256=ORIENTED_EDGE('',*,*,#838,.F.);
#1257=ORIENTED_EDGE('',*,*,#841,.T.);
#1258=ORIENTED_EDGE('',*,*,#845,.F.);
#1259=ORIENTED_EDGE('',*,*,#848,.T.);
#1260=ORIENTED_EDGE('',*,*,#850,.F.);
#1261=ORIENTED_EDGE('',*,*,#852,.F.);
#1262=ORIENTED_EDGE('',*,*,#854,.T.);
#1263=ORIENTED_EDGE('',*,*,#856,.F.);
#1264=ORIENTED_EDGE('',*,*,#857,.T.);
#1265=ORIENTED_EDGE('',*,*,#864,.T.);
#1266=ORIENTED_EDGE('',*,*,#862,.T.);
#1267=ORIENTED_EDGE('',*,*,#860,.T.);
#1268=ORIENTED_EDGE('',*,*,#858,.T.);
#1269=CYLINDRICAL_SURFACE('',#1397,1.);
#1270=CYLINDRICAL_SURFACE('',#1437,1.);
#1271=CYLINDRICAL_SURFACE('',#1440,1.);
#1272=CYLINDRICAL_SURFACE('',#1443,1.);
#1273=CYLINDRICAL_SURFACE('',#1446,1.);
#1274=CYLINDRICAL_SURFACE('',#1449,1.);
#1275=CYLINDRICAL_SURFACE('',#1452,1.);
#1276=CYLINDRICAL_SURFACE('',#1455,1.);
#1277=CYLINDRICAL_SURFACE('',#1458,1.);
#1278=CYLINDRICAL_SURFACE('',#1461,1.);
#1279=CYLINDRICAL_SURFACE('',#1464,1.);
#1280=CYLINDRICAL_SURFACE('',#1467,1.);
#1281=CYLINDRICAL_SURFACE('',#1470,1.);
#1282=CYLINDRICAL_SURFACE('',#1473,1.);
#1283=CYLINDRICAL_SURFACE('',#1476,1.);
#1284=CYLINDRICAL_SURFACE('',#1479,1.);
#1285=CYLINDRICAL_SURFACE('',#1482,1.);
#1286=CYLINDRICAL_SURFACE('',#1485,1.);
#1287=CYLINDRICAL_SURFACE('',#1488,1.);
#1288=CYLINDRICAL_SURFACE('',#1491,1.);
#1289=CYLINDRICAL_SURFACE('',#1494,1.);
#1290=CYLINDRICAL_SURFACE('',#1497,1.);
#1291=CYLINDRICAL_SURFACE('',#1500,1.);
#1292=CYLINDRICAL_SURFACE('',#1503,1.);
#1293=CYLINDRICAL_SURFACE('',#1505,1.);
#1294=CYLINDRICAL_SURFACE('',#1508,1.);
#1295=CYLINDRICAL_SURFACE('',#1511,1.);
#1296=CYLINDRICAL_SURFACE('',#1514,1.);
#1297=CYLINDRICAL_SURFACE('',#1517,1.);
#1298=CYLINDRICAL_SURFACE('',#1520,1.);
#1299=CYLINDRICAL_SURFACE('',#1522,1.);
#1300=CYLINDRICAL_SURFACE('',#1525,1.);
#1301=CYLINDRICAL_SURFACE('',#1528,1.00650000000003);
#1302=CYLINDRICAL_SURFACE('',#1530,1.00650000000003);
#1303=CYLINDRICAL_SURFACE('',#1532,1.00650000000001);
#1304=CYLINDRICAL_SURFACE('',#1534,1.00650000000001);
#1305=ADVANCED_FACE('',(#56),#1269,.T.);
#1306=ADVANCED_FACE('',(#57),#23,.T.);
#1307=ADVANCED_FACE('',(#58,#15,#16,#17,#18),#24,.F.);
#1308=ADVANCED_FACE('',(#59),#1270,.T.);
#1309=ADVANCED_FACE('',(#60),#25,.T.);
#1310=ADVANCED_FACE('',(#61),#1271,.T.);
#1311=ADVANCED_FACE('',(#62),#26,.T.);
#1312=ADVANCED_FACE('',(#63),#1272,.T.);
#1313=ADVANCED_FACE('',(#64),#27,.T.);
#1314=ADVANCED_FACE('',(#65),#1273,.T.);
#1315=ADVANCED_FACE('',(#66),#28,.T.);
#1316=ADVANCED_FACE('',(#67),#1274,.F.);
#1317=ADVANCED_FACE('',(#68),#29,.T.);
#1318=ADVANCED_FACE('',(#69),#1275,.F.);
#1319=ADVANCED_FACE('',(#70),#30,.T.);
#1320=ADVANCED_FACE('',(#71),#1276,.T.);
#1321=ADVANCED_FACE('',(#72),#31,.T.);
#1322=ADVANCED_FACE('',(#73),#1277,.T.);
#1323=ADVANCED_FACE('',(#74),#32,.T.);
#1324=ADVANCED_FACE('',(#75),#1278,.F.);
#1325=ADVANCED_FACE('',(#76),#33,.T.);
#1326=ADVANCED_FACE('',(#77),#1279,.F.);
#1327=ADVANCED_FACE('',(#78),#34,.T.);
#1328=ADVANCED_FACE('',(#79),#1280,.T.);
#1329=ADVANCED_FACE('',(#80),#35,.T.);
#1330=ADVANCED_FACE('',(#81),#1281,.F.);
#1331=ADVANCED_FACE('',(#82),#36,.T.);
#1332=ADVANCED_FACE('',(#83),#1282,.F.);
#1333=ADVANCED_FACE('',(#84),#37,.T.);
#1334=ADVANCED_FACE('',(#85),#1283,.T.);
#1335=ADVANCED_FACE('',(#86),#38,.T.);
#1336=ADVANCED_FACE('',(#87),#1284,.F.);
#1337=ADVANCED_FACE('',(#88),#39,.T.);
#1338=ADVANCED_FACE('',(#89),#1285,.T.);
#1339=ADVANCED_FACE('',(#90),#40,.T.);
#1340=ADVANCED_FACE('',(#91),#1286,.T.);
#1341=ADVANCED_FACE('',(#92),#41,.T.);
#1342=ADVANCED_FACE('',(#93),#1287,.T.);
#1343=ADVANCED_FACE('',(#94),#42,.T.);
#1344=ADVANCED_FACE('',(#95),#1288,.T.);
#1345=ADVANCED_FACE('',(#96),#43,.T.);
#1346=ADVANCED_FACE('',(#97),#1289,.F.);
#1347=ADVANCED_FACE('',(#98),#44,.T.);
#1348=ADVANCED_FACE('',(#99),#1290,.F.);
#1349=ADVANCED_FACE('',(#100),#45,.T.);
#1350=ADVANCED_FACE('',(#101),#1291,.T.);
#1351=ADVANCED_FACE('',(#102),#46,.T.);
#1352=ADVANCED_FACE('',(#103),#1292,.T.);
#1353=ADVANCED_FACE('',(#104),#1293,.F.);
#1354=ADVANCED_FACE('',(#105),#47,.T.);
#1355=ADVANCED_FACE('',(#106),#1294,.T.);
#1356=ADVANCED_FACE('',(#107),#48,.T.);
#1357=ADVANCED_FACE('',(#108),#1295,.F.);
#1358=ADVANCED_FACE('',(#109),#49,.T.);
#1359=ADVANCED_FACE('',(#110),#1296,.F.);
#1360=ADVANCED_FACE('',(#111),#50,.T.);
#1361=ADVANCED_FACE('',(#112),#1297,.T.);
#1362=ADVANCED_FACE('',(#113),#51,.T.);
#1363=ADVANCED_FACE('',(#114),#1298,.T.);
#1364=ADVANCED_FACE('',(#115),#1299,.F.);
#1365=ADVANCED_FACE('',(#116),#52,.T.);
#1366=ADVANCED_FACE('',(#117),#1300,.F.);
#1367=ADVANCED_FACE('',(#118),#53,.T.);
#1368=ADVANCED_FACE('',(#119),#1301,.F.);
#1369=ADVANCED_FACE('',(#120),#1302,.F.);
#1370=ADVANCED_FACE('',(#121),#1303,.F.);
#1371=ADVANCED_FACE('',(#122),#1304,.F.);
#1372=ADVANCED_FACE('',(#123),#54,.T.);
#1373=ADVANCED_FACE('',(#124,#19,#20,#21,#22),#55,.T.);
#1374=CLOSED_SHELL('',(#1305,#1306,#1307,#1308,#1309,#1310,#1311,#1312,
#1313,#1314,#1315,#1316,#1317,#1318,#1319,#1320,#1321,#1322,#1323,#1324,
#1325,#1326,#1327,#1328,#1329,#1330,#1331,#1332,#1333,#1334,#1335,#1336,
#1337,#1338,#1339,#1340,#1341,#1342,#1343,#1344,#1345,#1346,#1347,#1348,
#1349,#1350,#1351,#1352,#1353,#1354,#1355,#1356,#1357,#1358,#1359,#1360,
#1361,#1362,#1363,#1364,#1365,#1366,#1367,#1368,#1369,#1370,#1371,#1372,
#1373));
#1375=DERIVED_UNIT_ELEMENT(#1378,1.);
#1376=DERIVED_UNIT_ELEMENT(#2361,-3.);
#1377=DIMENSIONAL_EXPONENTS(0.,1.,0.,0.,0.,0.,0.);
#1378=(
CONVERSION_BASED_UNIT('gram',#1380)
MASS_UNIT()
NAMED_UNIT(#1377)
);
#1379=(
MASS_UNIT()
NAMED_UNIT(*)
SI_UNIT(.KILO.,.GRAM.)
);
#1380=MASS_MEASURE_WITH_UNIT(MASS_MEASURE(0.001),#1379);
#1381=DERIVED_UNIT((#1375,#1376));
#1382=MEASURE_REPRESENTATION_ITEM('density measure',
POSITIVE_RATIO_MEASURE(1.),#1381);
#1383=PROPERTY_DEFINITION_REPRESENTATION(#1388,#1385);
#1384=PROPERTY_DEFINITION_REPRESENTATION(#1389,#1386);
#1385=REPRESENTATION('material name',(#1387),#2358);
#1386=REPRESENTATION('density',(#1382),#2358);
#1387=DESCRIPTIVE_REPRESENTATION_ITEM('Generic','Generic');
#1388=PROPERTY_DEFINITION('material property','material name',#2368);
#1389=PROPERTY_DEFINITION('material property','density of part',#2368);
#1390=DATE_TIME_ROLE('creation_date');
#1391=APPLIED_DATE_AND_TIME_ASSIGNMENT(#1392,#1390,(#2368));
#1392=DATE_AND_TIME(#1393,#1394);
#1393=CALENDAR_DATE(2026,14,9);
#1394=LOCAL_TIME(0,0,0.,#1395);
#1395=COORDINATED_UNIVERSAL_TIME_OFFSET(0,0,.BEHIND.);
#1396=AXIS2_PLACEMENT_3D('',#1951,#1538,#1539);
#1397=AXIS2_PLACEMENT_3D('',#1952,#1540,#1541);
#1398=AXIS2_PLACEMENT_3D('',#1955,#1542,#1543);
#1399=AXIS2_PLACEMENT_3D('',#1959,#1545,#1546);
#1400=AXIS2_PLACEMENT_3D('',#1961,#1548,#1549);
#1401=AXIS2_PLACEMENT_3D('',#1967,#1553,#1554);
#1402=AXIS2_PLACEMENT_3D('',#1971,#1556,#1557);
#1403=AXIS2_PLACEMENT_3D('',#1975,#1559,#1560);
#1404=AXIS2_PLACEMENT_3D('',#1977,#1561,#1562);
#1405=AXIS2_PLACEMENT_3D('',#1981,#1564,#1565);
#1406=AXIS2_PLACEMENT_3D('',#1985,#1567,#1568);
#1407=AXIS2_PLACEMENT_3D('',#1989,#1570,#1571);
#1408=AXIS2_PLACEMENT_3D('',#1993,#1573,#1574);
#1409=AXIS2_PLACEMENT_3D('',#1997,#1576,#1577);
#1410=AXIS2_PLACEMENT_3D('',#2001,#1579,#1580);
#1411=AXIS2_PLACEMENT_3D('',#2005,#1582,#1583);
#1412=AXIS2_PLACEMENT_3D('',#2009,#1585,#1586);
#1413=AXIS2_PLACEMENT_3D('',#2013,#1588,#1589);
#1414=AXIS2_PLACEMENT_3D('',#2017,#1591,#1592);
#1415=AXIS2_PLACEMENT_3D('',#2021,#1594,#1595);
#1416=AXIS2_PLACEMENT_3D('',#2025,#1597,#1598);
#1417=AXIS2_PLACEMENT_3D('',#2029,#1600,#1601);
#1418=AXIS2_PLACEMENT_3D('',#2033,#1603,#1604);
#1419=AXIS2_PLACEMENT_3D('',#2037,#1606,#1607);
#1420=AXIS2_PLACEMENT_3D('',#2041,#1609,#1610);
#1421=AXIS2_PLACEMENT_3D('',#2045,#1612,#1613);
#1422=AXIS2_PLACEMENT_3D('',#2049,#1615,#1616);
#1423=AXIS2_PLACEMENT_3D('',#2053,#1618,#1619);
#1424=AXIS2_PLACEMENT_3D('',#2057,#1621,#1622);
#1425=AXIS2_PLACEMENT_3D('',#2061,#1624,#1625);
#1426=AXIS2_PLACEMENT_3D('',#2065,#1627,#1628);
#1427=AXIS2_PLACEMENT_3D('',#2069,#1630,#1631);
#1428=AXIS2_PLACEMENT_3D('',#2073,#1633,#1634);
#1429=AXIS2_PLACEMENT_3D('',#2077,#1636,#1637);
#1430=AXIS2_PLACEMENT_3D('',#2081,#1639,#1640);
#1431=AXIS2_PLACEMENT_3D('',#2085,#1642,#1643);
#1432=AXIS2_PLACEMENT_3D('',#2088,#1645,#1646);
#1433=AXIS2_PLACEMENT_3D('',#2090,#1647,#1648);
#1434=AXIS2_PLACEMENT_3D('',#2092,#1649,#1650);
#1435=AXIS2_PLACEMENT_3D('',#2094,#1651,#1652);
#1436=AXIS2_PLACEMENT_3D('',#2096,#1653,#1654);
#1437=AXIS2_PLACEMENT_3D('',#2097,#1655,#1656);
#1438=AXIS2_PLACEMENT_3D('',#2099,#1657,#1658);
#1439=AXIS2_PLACEMENT_3D('',#2101,#1660,#1661);
#1440=AXIS2_PLACEMENT_3D('',#2105,#1664,#1665);
#1441=AXIS2_PLACEMENT_3D('',#2107,#1666,#1667);
#1442=AXIS2_PLACEMENT_3D('',#2109,#1669,#1670);
#1443=AXIS2_PLACEMENT_3D('',#2113,#1673,#1674);
#1444=AXIS2_PLACEMENT_3D('',#2115,#1675,#1676);
#1445=AXIS2_PLACEMENT_3D('',#2117,#1678,#1679);
#1446=AXIS2_PLACEMENT_3D('',#2121,#1682,#1683);
#1447=AXIS2_PLACEMENT_3D('',#2123,#1684,#1685);
#1448=AXIS2_PLACEMENT_3D('',#2125,#1687,#1688);
#1449=AXIS2_PLACEMENT_3D('',#2129,#1691,#1692);
#1450=AXIS2_PLACEMENT_3D('',#2132,#1694,#1695);
#1451=AXIS2_PLACEMENT_3D('',#2133,#1696,#1697);
#1452=AXIS2_PLACEMENT_3D('',#2137,#1700,#1701);
#1453=AXIS2_PLACEMENT_3D('',#2140,#1703,#1704);
#1454=AXIS2_PLACEMENT_3D('',#2141,#1705,#1706);
#1455=AXIS2_PLACEMENT_3D('',#2145,#1709,#1710);
#1456=AXIS2_PLACEMENT_3D('',#2147,#1711,#1712);
#1457=AXIS2_PLACEMENT_3D('',#2149,#1714,#1715);
#1458=AXIS2_PLACEMENT_3D('',#2153,#1718,#1719);
#1459=AXIS2_PLACEMENT_3D('',#2155,#1720,#1721);
#1460=AXIS2_PLACEMENT_3D('',#2157,#1723,#1724);
#1461=AXIS2_PLACEMENT_3D('',#2161,#1727,#1728);
#1462=AXIS2_PLACEMENT_3D('',#2164,#1730,#1731);
#1463=AXIS2_PLACEMENT_3D('',#2165,#1732,#1733);
#1464=AXIS2_PLACEMENT_3D('',#2169,#1736,#1737);
#1465=AXIS2_PLACEMENT_3D('',#2172,#1739,#1740);
#1466=AXIS2_PLACEMENT_3D('',#2173,#1741,#1742);
#1467=AXIS2_PLACEMENT_3D('',#2177,#1745,#1746);
#1468=AXIS2_PLACEMENT_3D('',#2179,#1747,#1748);
#1469=AXIS2_PLACEMENT_3D('',#2181,#1750,#1751);
#1470=AXIS2_PLACEMENT_3D('',#2185,#1754,#1755);
#1471=AXIS2_PLACEMENT_3D('',#2188,#1757,#1758);
#1472=AXIS2_PLACEMENT_3D('',#2189,#1759,#1760);
#1473=AXIS2_PLACEMENT_3D('',#2193,#1763,#1764);
#1474=AXIS2_PLACEMENT_3D('',#2196,#1766,#1767);
#1475=AXIS2_PLACEMENT_3D('',#2197,#1768,#1769);
#1476=AXIS2_PLACEMENT_3D('',#2201,#1772,#1773);
#1477=AXIS2_PLACEMENT_3D('',#2203,#1774,#1775);
#1478=AXIS2_PLACEMENT_3D('',#2205,#1777,#1778);
#1479=AXIS2_PLACEMENT_3D('',#2209,#1781,#1782);
#1480=AXIS2_PLACEMENT_3D('',#2212,#1784,#1785);
#1481=AXIS2_PLACEMENT_3D('',#2213,#1786,#1787);
#1482=AXIS2_PLACEMENT_3D('',#2217,#1790,#1791);
#1483=AXIS2_PLACEMENT_3D('',#2219,#1792,#1793);
#1484=AXIS2_PLACEMENT_3D('',#2221,#1795,#1796);
#1485=AXIS2_PLACEMENT_3D('',#2225,#1799,#1800);
#1486=AXIS2_PLACEMENT_3D('',#2227,#1801,#1802);
#1487=AXIS2_PLACEMENT_3D('',#2229,#1804,#1805);
#1488=AXIS2_PLACEMENT_3D('',#2233,#1808,#1809);
#1489=AXIS2_PLACEMENT_3D('',#2235,#1810,#1811);
#1490=AXIS2_PLACEMENT_3D('',#2237,#1813,#1814);
#1491=AXIS2_PLACEMENT_3D('',#2241,#1817,#1818);
#1492=AXIS2_PLACEMENT_3D('',#2243,#1819,#1820);
#1493=AXIS2_PLACEMENT_3D('',#2245,#1822,#1823);
#1494=AXIS2_PLACEMENT_3D('',#2249,#1826,#1827);
#1495=AXIS2_PLACEMENT_3D('',#2252,#1829,#1830);
#1496=AXIS2_PLACEMENT_3D('',#2253,#1831,#1832);
#1497=AXIS2_PLACEMENT_3D('',#2257,#1835,#1836);
#1498=AXIS2_PLACEMENT_3D('',#2261,#1838,#1839);
#1499=AXIS2_PLACEMENT_3D('',#2263,#1841,#1842);
#1500=AXIS2_PLACEMENT_3D('',#2267,#1845,#1846);
#1501=AXIS2_PLACEMENT_3D('',#2270,#1847,#1848);
#1502=AXIS2_PLACEMENT_3D('',#2273,#1851,#1852);
#1503=AXIS2_PLACEMENT_3D('',#2277,#1855,#1856);
#1504=AXIS2_PLACEMENT_3D('',#2278,#1857,#1858);
#1505=AXIS2_PLACEMENT_3D('',#2279,#1859,#1860);
#1506=AXIS2_PLACEMENT_3D('',#2282,#1862,#1863);
#1507=AXIS2_PLACEMENT_3D('',#2283,#1864,#1865);
#1508=AXIS2_PLACEMENT_3D('',#2287,#1868,#1869);
#1509=AXIS2_PLACEMENT_3D('',#2289,#1870,#1871);
#1510=AXIS2_PLACEMENT_3D('',#2291,#1873,#1874);
#1511=AXIS2_PLACEMENT_3D('',#2295,#1877,#1878);
#1512=AXIS2_PLACEMENT_3D('',#2299,#1880,#1881);
#1513=AXIS2_PLACEMENT_3D('',#2301,#1883,#1884);
#1514=AXIS2_PLACEMENT_3D('',#2305,#1887,#1888);
#1515=AXIS2_PLACEMENT_3D('',#2308,#1890,#1891);
#1516=AXIS2_PLACEMENT_3D('',#2309,#1892,#1893);
#1517=AXIS2_PLACEMENT_3D('',#2311,#1895,#1896);
#1518=AXIS2_PLACEMENT_3D('',#2313,#1897,#1898);
#1519=AXIS2_PLACEMENT_3D('',#2315,#1900,#1901);
#1520=AXIS2_PLACEMENT_3D('',#2319,#1904,#1905);
#1521=AXIS2_PLACEMENT_3D('',#2322,#1907,#1908);
#1522=AXIS2_PLACEMENT_3D('',#2323,#1909,#1910);
#1523=AXIS2_PLACEMENT_3D('',#2326,#1912,#1913);
#1524=AXIS2_PLACEMENT_3D('',#2327,#1914,#1915);
#1525=AXIS2_PLACEMENT_3D('',#2331,#1918,#1919);
#1526=AXIS2_PLACEMENT_3D('',#2334,#1921,#1922);
#1527=AXIS2_PLACEMENT_3D('',#2335,#1923,#1924);
#1528=AXIS2_PLACEMENT_3D('',#2337,#1926,#1927);
#1529=AXIS2_PLACEMENT_3D('',#2339,#1928,#1929);
#1530=AXIS2_PLACEMENT_3D('',#2341,#1931,#1932);
#1531=AXIS2_PLACEMENT_3D('',#2343,#1933,#1934);
#1532=AXIS2_PLACEMENT_3D('',#2345,#1936,#1937);
#1533=AXIS2_PLACEMENT_3D('',#2347,#1938,#1939);
#1534=AXIS2_PLACEMENT_3D('',#2349,#1941,#1942);
#1535=AXIS2_PLACEMENT_3D('',#2351,#1943,#1944);
#1536=AXIS2_PLACEMENT_3D('',#2353,#1946,#1947);
#1537=AXIS2_PLACEMENT_3D('',#2355,#1949,#1950);
#1538=DIRECTION('axis',(0.,0.,1.));
#1539=DIRECTION('refdir',(1.,0.,0.));
#1540=DIRECTION('center_axis',(0.,0.,1.));
#1541=DIRECTION('ref_axis',(0.707106781186546,-0.707106781186549,0.));
#1542=DIRECTION('center_axis',(0.,0.,-1.));
#1543=DIRECTION('ref_axis',(0.707106781186546,-0.707106781186549,0.));
#1544=DIRECTION('',(0.,0.,-1.));
#1545=DIRECTION('center_axis',(0.,0.,1.));
#1546=DIRECTION('ref_axis',(0.707106781186546,-0.707106781186549,0.));
#1547=DIRECTION('',(0.,0.,1.));
#1548=DIRECTION('center_axis',(1.,1.63268091856641E-17,0.));
#1549=DIRECTION('ref_axis',(-1.63268091856641E-17,1.,0.));
#1550=DIRECTION('',(-1.63268091856641E-17,1.,0.));
#1551=DIRECTION('',(0.,0.,-1.));
#1552=DIRECTION('',(-1.63268091856641E-17,1.,0.));
#1553=DIRECTION('center_axis',(0.,0.,1.));
#1554=DIRECTION('ref_axis',(1.,0.,0.));
#1555=DIRECTION('',(1.,-1.10469952699021E-16,0.));
#1556=DIRECTION('center_axis',(0.,0.,-1.));
#1557=DIRECTION('ref_axis',(-0.707106781186548,0.707106781186548,0.));
#1558=DIRECTION('',(0.,1.,0.));
#1559=DIRECTION('center_axis',(0.,0.,-1.));
#1560=DIRECTION('ref_axis',(-0.707106781186548,-0.707106781186548,0.));
#1561=DIRECTION('center_axis',(0.,0.,1.));
#1562=DIRECTION('ref_axis',(-1.,0.,0.));
#1563=DIRECTION('',(0.,1.,0.));
#1564=DIRECTION('center_axis',(0.,0.,1.));
#1565=DIRECTION('ref_axis',(0.707106781186546,-0.707106781186549,0.));
#1566=DIRECTION('',(1.,0.,0.));
#1567=DIRECTION('center_axis',(0.,0.,-1.));
#1568=DIRECTION('ref_axis',(-0.707106781186546,0.707106781186549,0.));
#1569=DIRECTION('',(0.,1.,0.));
#1570=DIRECTION('center_axis',(0.,0.,-1.));
#1571=DIRECTION('ref_axis',(-0.707106781186549,-0.707106781186546,0.));
#1572=DIRECTION('',(-1.,-1.21027219254196E-16,0.));
#1573=DIRECTION('center_axis',(0.,0.,1.));
#1574=DIRECTION('ref_axis',(0.707106781186548,0.707106781186547,0.));
#1575=DIRECTION('',(0.,1.,0.));
#1576=DIRECTION('center_axis',(0.,0.,-1.));
#1577=DIRECTION('ref_axis',(-0.707106781186548,-0.707106781186548,0.));
#1578=DIRECTION('',(-1.,1.02031174530754E-15,0.));
#1579=DIRECTION('center_axis',(0.,0.,-1.));
#1580=DIRECTION('ref_axis',(0.707106781186548,-0.707106781186548,0.));
#1581=DIRECTION('',(0.,-1.,0.));
#1582=DIRECTION('center_axis',(0.,0.,1.));
#1583=DIRECTION('ref_axis',(-0.707106781186548,0.707106781186547,0.));
#1584=DIRECTION('',(-1.,0.,0.));
#1585=DIRECTION('center_axis',(0.,0.,1.));
#1586=DIRECTION('ref_axis',(0.707106781186548,0.707106781186548,0.));
#1587=DIRECTION('',(0.,1.,0.));
#1588=DIRECTION('center_axis',(0.,0.,-1.));
#1589=DIRECTION('ref_axis',(-0.707106781186545,-0.70710678118655,0.));
#1590=DIRECTION('',(-1.,-6.15030647288295E-15,0.));
#1591=DIRECTION('center_axis',(0.,0.,1.));
#1592=DIRECTION('ref_axis',(0.707106781186545,0.70710678118655,0.));
#1593=DIRECTION('',(-2.31296463463574E-16,1.,0.));
#1594=DIRECTION('center_axis',(0.,0.,1.));
#1595=DIRECTION('ref_axis',(0.707106781186547,-0.707106781186548,0.));
#1596=DIRECTION('',(1.,-3.70074341541719E-16,0.));
#1597=DIRECTION('center_axis',(0.,0.,1.));
#1598=DIRECTION('ref_axis',(-0.707106781186546,-0.707106781186549,0.));
#1599=DIRECTION('',(-4.44089209850063E-16,-1.,0.));
#1600=DIRECTION('center_axis',(0.,0.,1.));
#1601=DIRECTION('ref_axis',(-0.707106781186546,0.707106781186549,0.));
#1602=DIRECTION('',(-1.,-1.21027219254196E-16,0.));
#1603=DIRECTION('center_axis',(0.,0.,-1.));
#1604=DIRECTION('ref_axis',(0.707106781186547,-0.707106781186549,0.));
#1605=DIRECTION('',(0.,-1.,0.));
#1606=DIRECTION('center_axis',(0.,0.,1.));
#1607=DIRECTION('ref_axis',(-0.707106781186548,0.707106781186548,0.));
#1608=DIRECTION('',(-1.,0.,0.));
#1609=DIRECTION('center_axis',(0.,0.,-1.));
#1610=DIRECTION('ref_axis',(0.707106781186544,-0.707106781186551,0.));
#1611=DIRECTION('',(0.,-1.,0.));
#1612=DIRECTION('center_axis',(0.,0.,-1.));
#1613=DIRECTION('ref_axis',(0.707106781186548,0.707106781186548,0.));
#1614=DIRECTION('',(1.,-1.10469952699021E-16,0.));
#1615=DIRECTION('center_axis',(0.,0.,1.));
#1616=DIRECTION('ref_axis',(-0.707106781186548,-0.707106781186548,0.));
#1617=DIRECTION('',(0.,-1.,0.));
#1618=DIRECTION('center_axis',(0.,0.,-1.));
#1619=DIRECTION('ref_axis',(0.707106781186548,0.707106781186548,0.));
#1620=DIRECTION('',(1.,0.,0.));
#1621=DIRECTION('center_axis',(0.,0.,-1.));
#1622=DIRECTION('ref_axis',(-0.707106781186548,0.707106781186548,0.));
#1623=DIRECTION('',(0.,1.,0.));
#1624=DIRECTION('center_axis',(0.,0.,1.));
#1625=DIRECTION('ref_axis',(0.707106781186548,-0.707106781186548,0.));
#1626=DIRECTION('',(1.,0.,0.));
#1627=DIRECTION('center_axis',(0.,0.,1.));
#1628=DIRECTION('ref_axis',(-0.707106781186548,-0.707106781186548,0.));
#1629=DIRECTION('',(0.,-1.,0.));
#1630=DIRECTION('center_axis',(0.,0.,-1.));
#1631=DIRECTION('ref_axis',(0.707106781186548,0.707106781186548,0.));
#1632=DIRECTION('',(1.,0.,0.));
#1633=DIRECTION('center_axis',(0.,0.,-1.));
#1634=DIRECTION('ref_axis',(-0.707106781186548,0.707106781186548,0.));
#1635=DIRECTION('',(0.,1.,0.));
#1636=DIRECTION('center_axis',(0.,0.,1.));
#1637=DIRECTION('ref_axis',(0.707106781186548,-0.707106781186548,0.));
#1638=DIRECTION('',(1.,0.,0.));
#1639=DIRECTION('center_axis',(0.,0.,1.));
#1640=DIRECTION('ref_axis',(-0.707106781186548,-0.707106781186548,0.));
#1641=DIRECTION('',(0.,-1.,0.));
#1642=DIRECTION('center_axis',(0.,0.,1.));
#1643=DIRECTION('ref_axis',(-0.707106781186548,0.707106781186548,0.));
#1644=DIRECTION('',(-1.,0.,0.));
#1645=DIRECTION('center_axis',(0.,0.,1.));
#1646=DIRECTION('ref_axis',(0.707106781186549,0.707106781186546,0.));
#1647=DIRECTION('center_axis',(0.,0.,-1.));
#1648=DIRECTION('ref_axis',(-1.,0.,0.));
#1649=DIRECTION('center_axis',(0.,0.,-1.));
#1650=DIRECTION('ref_axis',(-1.,0.,0.));
#1651=DIRECTION('center_axis',(0.,0.,-1.));
#1652=DIRECTION('ref_axis',(-1.,0.,0.));
#1653=DIRECTION('center_axis',(0.,0.,-1.));
#1654=DIRECTION('ref_axis',(-1.,0.,0.));
#1655=DIRECTION('center_axis',(0.,0.,1.));
#1656=DIRECTION('ref_axis',(0.707106781186549,0.707106781186546,0.));
#1657=DIRECTION('center_axis',(0.,0.,-1.));
#1658=DIRECTION('ref_axis',(0.707106781186549,0.707106781186546,0.));
#1659=DIRECTION('',(0.,0.,1.));
#1660=DIRECTION('center_axis',(0.,1.,0.));
#1661=DIRECTION('ref_axis',(-1.,0.,0.));
#1662=DIRECTION('',(0.,0.,-1.));
#1663=DIRECTION('',(-1.,0.,0.));
#1664=DIRECTION('center_axis',(0.,0.,1.));
#1665=DIRECTION('ref_axis',(-0.707106781186548,0.707106781186548,0.));
#1666=DIRECTION('center_axis',(0.,0.,-1.));
#1667=DIRECTION('ref_axis',(-0.707106781186548,0.707106781186548,0.));
#1668=DIRECTION('',(0.,0.,1.));
#1669=DIRECTION('center_axis',(-1.,0.,0.));
#1670=DIRECTION('ref_axis',(0.,-1.,0.));
#1671=DIRECTION('',(0.,0.,-1.));
#1672=DIRECTION('',(0.,-1.,0.));
#1673=DIRECTION('center_axis',(0.,0.,1.));
#1674=DIRECTION('ref_axis',(-0.707106781186548,-0.707106781186548,0.));
#1675=DIRECTION('center_axis',(0.,0.,-1.));
#1676=DIRECTION('ref_axis',(-0.707106781186548,-0.707106781186548,0.));
#1677=DIRECTION('',(0.,0.,1.));
#1678=DIRECTION('center_axis',(0.,-1.,0.));
#1679=DIRECTION('ref_axis',(1.,0.,0.));
#1680=DIRECTION('',(0.,0.,-1.));
#1681=DIRECTION('',(1.,0.,0.));
#1682=DIRECTION('center_axis',(0.,0.,1.));
#1683=DIRECTION('ref_axis',(0.707106781186548,-0.707106781186548,0.));
#1684=DIRECTION('center_axis',(0.,0.,-1.));
#1685=DIRECTION('ref_axis',(0.707106781186548,-0.707106781186548,0.));
#1686=DIRECTION('',(0.,0.,1.));
#1687=DIRECTION('center_axis',(1.,0.,0.));
#1688=DIRECTION('ref_axis',(0.,1.,0.));
#1689=DIRECTION('',(0.,0.,-1.));
#1690=DIRECTION('',(0.,1.,0.));
#1691=DIRECTION('center_axis',(0.,0.,1.));
#1692=DIRECTION('ref_axis',(-0.707106781186548,0.707106781186548,0.));
#1693=DIRECTION('',(0.,0.,1.));
#1694=DIRECTION('center_axis',(0.,0.,1.));
#1695=DIRECTION('ref_axis',(-0.707106781186548,0.707106781186548,0.));
#1696=DIRECTION('center_axis',(0.,-1.,0.));
#1697=DIRECTION('ref_axis',(1.,0.,0.));
#1698=DIRECTION('',(0.,0.,-1.));
#1699=DIRECTION('',(1.,0.,0.));
#1700=DIRECTION('center_axis',(0.,0.,1.));
#1701=DIRECTION('ref_axis',(0.707106781186548,0.707106781186548,0.));
#1702=DIRECTION('',(0.,0.,1.));
#1703=DIRECTION('center_axis',(0.,0.,1.));
#1704=DIRECTION('ref_axis',(0.707106781186548,0.707106781186548,0.));
#1705=DIRECTION('center_axis',(-1.,0.,0.));
#1706=DIRECTION('ref_axis',(0.,-1.,0.));
#1707=DIRECTION('',(0.,0.,-1.));
#1708=DIRECTION('',(0.,-1.,0.));
#1709=DIRECTION('center_axis',(0.,0.,1.));
#1710=DIRECTION('ref_axis',(-0.707106781186548,-0.707106781186548,0.));
#1711=DIRECTION('center_axis',(0.,0.,-1.));
#1712=DIRECTION('ref_axis',(-0.707106781186548,-0.707106781186548,0.));
#1713=DIRECTION('',(0.,0.,1.));
#1714=DIRECTION('center_axis',(0.,-1.,0.));
#1715=DIRECTION('ref_axis',(1.,0.,0.));
#1716=DIRECTION('',(0.,0.,-1.));
#1717=DIRECTION('',(1.,0.,0.));
#1718=DIRECTION('center_axis',(0.,0.,1.));
#1719=DIRECTION('ref_axis',(0.707106781186548,-0.707106781186548,0.));
#1720=DIRECTION('center_axis',(0.,0.,-1.));
#1721=DIRECTION('ref_axis',(0.707106781186548,-0.707106781186548,0.));
#1722=DIRECTION('',(0.,0.,1.));
#1723=DIRECTION('center_axis',(1.,0.,0.));
#1724=DIRECTION('ref_axis',(0.,1.,0.));
#1725=DIRECTION('',(0.,0.,-1.));
#1726=DIRECTION('',(0.,1.,0.));
#1727=DIRECTION('center_axis',(0.,0.,1.));
#1728=DIRECTION('ref_axis',(-0.707106781186548,0.707106781186548,0.));
#1729=DIRECTION('',(0.,0.,1.));
#1730=DIRECTION('center_axis',(0.,0.,1.));
#1731=DIRECTION('ref_axis',(-0.707106781186548,0.707106781186548,0.));
#1732=DIRECTION('center_axis',(0.,-1.,0.));
#1733=DIRECTION('ref_axis',(1.,0.,0.));
#1734=DIRECTION('',(0.,0.,-1.));
#1735=DIRECTION('',(1.,0.,0.));
#1736=DIRECTION('center_axis',(0.,0.,1.));
#1737=DIRECTION('ref_axis',(0.707106781186548,0.707106781186548,0.));
#1738=DIRECTION('',(0.,0.,1.));
#1739=DIRECTION('center_axis',(0.,0.,1.));
#1740=DIRECTION('ref_axis',(0.707106781186548,0.707106781186548,0.));
#1741=DIRECTION('center_axis',(-1.,0.,0.));
#1742=DIRECTION('ref_axis',(0.,-1.,0.));
#1743=DIRECTION('',(0.,0.,-1.));
#1744=DIRECTION('',(0.,-1.,0.));
#1745=DIRECTION('center_axis',(0.,0.,1.));
#1746=DIRECTION('ref_axis',(-0.707106781186548,-0.707106781186548,0.));
#1747=DIRECTION('center_axis',(0.,0.,-1.));
#1748=DIRECTION('ref_axis',(-0.707106781186548,-0.707106781186548,0.));
#1749=DIRECTION('',(0.,0.,1.));
#1750=DIRECTION('center_axis',(-1.10469952699021E-16,-1.,0.));
#1751=DIRECTION('ref_axis',(1.,-1.10469952699021E-16,0.));
#1752=DIRECTION('',(0.,0.,-1.));
#1753=DIRECTION('',(1.,-1.10469952699021E-16,0.));
#1754=DIRECTION('center_axis',(0.,0.,1.));
#1755=DIRECTION('ref_axis',(0.707106781186548,0.707106781186548,0.));
#1756=DIRECTION('',(0.,0.,1.));
#1757=DIRECTION('center_axis',(0.,0.,1.));
#1758=DIRECTION('ref_axis',(0.707106781186548,0.707106781186548,0.));
#1759=DIRECTION('center_axis',(-1.,0.,0.));
#1760=DIRECTION('ref_axis',(0.,-1.,0.));
#1761=DIRECTION('',(0.,0.,-1.));
#1762=DIRECTION('',(0.,-1.,0.));
#1763=DIRECTION('center_axis',(0.,0.,1.));
#1764=DIRECTION('ref_axis',(0.707106781186544,-0.707106781186551,0.));
#1765=DIRECTION('',(0.,0.,1.));
#1766=DIRECTION('center_axis',(0.,0.,1.));
#1767=DIRECTION('ref_axis',(0.707106781186544,-0.707106781186551,0.));
#1768=DIRECTION('center_axis',(0.,1.,0.));
#1769=DIRECTION('ref_axis',(-1.,0.,0.));
#1770=DIRECTION('',(0.,0.,-1.));
#1771=DIRECTION('',(-1.,0.,0.));
#1772=DIRECTION('center_axis',(0.,0.,1.));
#1773=DIRECTION('ref_axis',(-0.707106781186548,0.707106781186548,0.));
#1774=DIRECTION('center_axis',(0.,0.,-1.));
#1775=DIRECTION('ref_axis',(-0.707106781186548,0.707106781186548,0.));
#1776=DIRECTION('',(0.,0.,1.));
#1777=DIRECTION('center_axis',(-1.,0.,0.));
#1778=DIRECTION('ref_axis',(0.,-1.,0.));
#1779=DIRECTION('',(0.,0.,-1.));
#1780=DIRECTION('',(0.,-1.,0.));
#1781=DIRECTION('center_axis',(0.,0.,1.));
#1782=DIRECTION('ref_axis',(0.707106781186547,-0.707106781186549,0.));
#1783=DIRECTION('',(0.,0.,1.));
#1784=DIRECTION('center_axis',(0.,0.,1.));
#1785=DIRECTION('ref_axis',(0.707106781186547,-0.707106781186549,0.));
#1786=DIRECTION('center_axis',(-1.21027219254196E-16,1.,0.));
#1787=DIRECTION('ref_axis',(-1.,-1.21027219254196E-16,0.));
#1788=DIRECTION('',(0.,0.,-1.));
#1789=DIRECTION('',(-1.,-1.21027219254196E-16,0.));
#1790=DIRECTION('center_axis',(0.,0.,1.));
#1791=DIRECTION('ref_axis',(-0.707106781186546,0.707106781186549,0.));
#1792=DIRECTION('center_axis',(0.,0.,-1.));
#1793=DIRECTION('ref_axis',(-0.707106781186546,0.707106781186549,0.));
#1794=DIRECTION('',(0.,0.,1.));
#1795=DIRECTION('center_axis',(-1.,4.44089209850063E-16,0.));
#1796=DIRECTION('ref_axis',(-4.44089209850063E-16,-1.,0.));
#1797=DIRECTION('',(0.,0.,-1.));
#1798=DIRECTION('',(-4.44089209850063E-16,-1.,0.));
#1799=DIRECTION('center_axis',(0.,0.,1.));
#1800=DIRECTION('ref_axis',(-0.707106781186546,-0.707106781186549,0.));
#1801=DIRECTION('center_axis',(0.,0.,-1.));
#1802=DIRECTION('ref_axis',(-0.707106781186546,-0.707106781186549,0.));
#1803=DIRECTION('',(0.,0.,1.));
#1804=DIRECTION('center_axis',(-3.70074341541719E-16,-1.,0.));
#1805=DIRECTION('ref_axis',(1.,-3.70074341541719E-16,0.));
#1806=DIRECTION('',(0.,0.,-1.));
#1807=DIRECTION('',(1.,-3.70074341541719E-16,0.));
#1808=DIRECTION('center_axis',(0.,0.,1.));
#1809=DIRECTION('ref_axis',(0.707106781186547,-0.707106781186548,0.));
#1810=DIRECTION('center_axis',(0.,0.,-1.));
#1811=DIRECTION('ref_axis',(0.707106781186547,-0.707106781186548,0.));
#1812=DIRECTION('',(0.,0.,1.));
#1813=DIRECTION('center_axis',(1.,2.31296463463574E-16,0.));
#1814=DIRECTION('ref_axis',(-2.31296463463574E-16,1.,0.));
#1815=DIRECTION('',(0.,0.,-1.));
#1816=DIRECTION('',(-2.31296463463574E-16,1.,0.));
#1817=DIRECTION('center_axis',(0.,0.,1.));
#1818=DIRECTION('ref_axis',(0.707106781186545,0.70710678118655,0.));
#1819=DIRECTION('center_axis',(0.,0.,-1.));
#1820=DIRECTION('ref_axis',(0.707106781186545,0.70710678118655,0.));
#1821=DIRECTION('',(0.,0.,1.));
#1822=DIRECTION('center_axis',(-6.15030647288295E-15,1.,0.));
#1823=DIRECTION('ref_axis',(-1.,-6.15030647288295E-15,0.));
#1824=DIRECTION('',(0.,0.,-1.));
#1825=DIRECTION('',(-1.,-6.15030647288295E-15,0.));
#1826=DIRECTION('center_axis',(0.,0.,1.));
#1827=DIRECTION('ref_axis',(-0.707106781186545,-0.70710678118655,0.));
#1828=DIRECTION('',(0.,0.,1.));
#1829=DIRECTION('center_axis',(0.,0.,1.));
#1830=DIRECTION('ref_axis',(-0.707106781186545,-0.70710678118655,0.));
#1831=DIRECTION('center_axis',(1.,0.,0.));
#1832=DIRECTION('ref_axis',(0.,1.,0.));
#1833=DIRECTION('',(0.,0.,-1.));
#1834=DIRECTION('',(0.,1.,0.));
#1835=DIRECTION('center_axis',(0.,0.,1.));
#1836=DIRECTION('ref_axis',(0.707106781186548,-0.707106781186548,0.));
#1837=DIRECTION('',(0.,0.,1.));
#1838=DIRECTION('center_axis',(0.,0.,1.));
#1839=DIRECTION('ref_axis',(0.707106781186548,-0.707106781186548,0.));
#1840=DIRECTION('',(0.,0.,-1.));
#1841=DIRECTION('center_axis',(1.02031174530754E-15,1.,0.));
#1842=DIRECTION('ref_axis',(-1.,1.02031174530754E-15,0.));
#1843=DIRECTION('',(0.,0.,-1.));
#1844=DIRECTION('',(-1.,1.02031174530754E-15,0.));
#1845=DIRECTION('center_axis',(0.,0.,1.));
#1846=DIRECTION('ref_axis',(-0.707106781186548,0.707106781186547,0.));
#1847=DIRECTION('center_axis',(0.,0.,-1.));
#1848=DIRECTION('ref_axis',(-0.707106781186548,0.707106781186547,0.));
#1849=DIRECTION('',(0.,0.,-1.));
#1850=DIRECTION('',(0.,0.,1.));
#1851=DIRECTION('center_axis',(0.,1.,0.));
#1852=DIRECTION('ref_axis',(-1.,0.,0.));
#1853=DIRECTION('',(-1.,0.,0.));
#1854=DIRECTION('',(0.,0.,1.));
#1855=DIRECTION('center_axis',(0.,0.,1.));
#1856=DIRECTION('ref_axis',(0.707106781186548,0.707106781186548,0.));
#1857=DIRECTION('center_axis',(0.,0.,-1.));
#1858=DIRECTION('ref_axis',(0.707106781186548,0.707106781186548,0.));
#1859=DIRECTION('center_axis',(0.,0.,1.));
#1860=DIRECTION('ref_axis',(-0.707106781186548,-0.707106781186548,0.));
#1861=DIRECTION('',(0.,0.,1.));
#1862=DIRECTION('center_axis',(0.,0.,1.));
#1863=DIRECTION('ref_axis',(-0.707106781186548,-0.707106781186548,0.));
#1864=DIRECTION('center_axis',(1.,0.,0.));
#1865=DIRECTION('ref_axis',(0.,1.,0.));
#1866=DIRECTION('',(0.,0.,-1.));
#1867=DIRECTION('',(0.,1.,0.));
#1868=DIRECTION('center_axis',(0.,0.,1.));
#1869=DIRECTION('ref_axis',(0.707106781186548,0.707106781186547,0.));
#1870=DIRECTION('center_axis',(0.,0.,-1.));
#1871=DIRECTION('ref_axis',(0.707106781186548,0.707106781186547,0.));
#1872=DIRECTION('',(0.,0.,1.));
#1873=DIRECTION('center_axis',(-1.21027219254196E-16,1.,0.));
#1874=DIRECTION('ref_axis',(-1.,-1.21027219254196E-16,0.));
#1875=DIRECTION('',(0.,0.,-1.));
#1876=DIRECTION('',(-1.,-1.21027219254196E-16,0.));
#1877=DIRECTION('center_axis',(0.,0.,1.));
#1878=DIRECTION('ref_axis',(-0.707106781186546,0.707106781186549,0.));
#1879=DIRECTION('',(0.,0.,1.));
#1880=DIRECTION('center_axis',(0.,0.,1.));
#1881=DIRECTION('ref_axis',(-0.707106781186546,0.707106781186549,0.));
#1882=DIRECTION('',(0.,0.,-1.));
#1883=DIRECTION('center_axis',(0.,-1.,0.));
#1884=DIRECTION('ref_axis',(1.,0.,0.));
#1885=DIRECTION('',(0.,0.,-1.));
#1886=DIRECTION('',(1.,0.,0.));
#1887=DIRECTION('center_axis',(0.,0.,1.));
#1888=DIRECTION('ref_axis',(-0.707106781186549,-0.707106781186546,0.));
#1889=DIRECTION('',(0.,0.,1.));
#1890=DIRECTION('center_axis',(0.,0.,1.));
#1891=DIRECTION('ref_axis',(-0.707106781186549,-0.707106781186546,0.));
#1892=DIRECTION('center_axis',(1.,0.,0.));
#1893=DIRECTION('ref_axis',(0.,1.,0.));
#1894=DIRECTION('',(0.,1.,0.));
#1895=DIRECTION('center_axis',(0.,0.,1.));
#1896=DIRECTION('ref_axis',(0.707106781186546,-0.707106781186549,0.));
#1897=DIRECTION('center_axis',(0.,0.,-1.));
#1898=DIRECTION('ref_axis',(0.707106781186546,-0.707106781186549,0.));
#1899=DIRECTION('',(0.,0.,1.));
#1900=DIRECTION('center_axis',(1.,0.,0.));
#1901=DIRECTION('ref_axis',(0.,1.,0.));
#1902=DIRECTION('',(0.,0.,-1.));
#1903=DIRECTION('',(0.,1.,0.));
#1904=DIRECTION('center_axis',(0.,0.,1.));
#1905=DIRECTION('ref_axis',(-1.,0.,0.));
#1906=DIRECTION('',(0.,0.,1.));
#1907=DIRECTION('center_axis',(0.,0.,-1.));
#1908=DIRECTION('ref_axis',(-1.,0.,0.));
#1909=DIRECTION('center_axis',(0.,0.,1.));
#1910=DIRECTION('ref_axis',(-0.707106781186548,-0.707106781186548,0.));
#1911=DIRECTION('',(0.,0.,1.));
#1912=DIRECTION('center_axis',(0.,0.,1.));
#1913=DIRECTION('ref_axis',(-0.707106781186548,-0.707106781186548,0.));
#1914=DIRECTION('center_axis',(1.,0.,0.));
#1915=DIRECTION('ref_axis',(0.,1.,0.));
#1916=DIRECTION('',(0.,0.,-1.));
#1917=DIRECTION('',(0.,1.,0.));
#1918=DIRECTION('center_axis',(0.,0.,1.));
#1919=DIRECTION('ref_axis',(-0.707106781186548,0.707106781186548,0.));
#1920=DIRECTION('',(0.,0.,1.));
#1921=DIRECTION('center_axis',(0.,0.,1.));
#1922=DIRECTION('ref_axis',(-0.707106781186548,0.707106781186548,0.));
#1923=DIRECTION('center_axis',(-1.10469952699021E-16,-1.,0.));
#1924=DIRECTION('ref_axis',(1.,-1.10469952699021E-16,0.));
#1925=DIRECTION('',(1.,-1.10469952699021E-16,0.));
#1926=DIRECTION('center_axis',(0.,0.,1.));
#1927=DIRECTION('ref_axis',(-1.,0.,0.));
#1928=DIRECTION('center_axis',(0.,0.,-1.));
#1929=DIRECTION('ref_axis',(-1.,0.,0.));
#1930=DIRECTION('',(0.,0.,-1.));
#1931=DIRECTION('center_axis',(0.,0.,1.));
#1932=DIRECTION('ref_axis',(-1.,0.,0.));
#1933=DIRECTION('center_axis',(0.,0.,-1.));
#1934=DIRECTION('ref_axis',(-1.,0.,0.));
#1935=DIRECTION('',(0.,0.,-1.));
#1936=DIRECTION('center_axis',(0.,0.,1.));
#1937=DIRECTION('ref_axis',(-1.,0.,0.));
#1938=DIRECTION('center_axis',(0.,0.,-1.));
#1939=DIRECTION('ref_axis',(-1.,0.,0.));
#1940=DIRECTION('',(0.,0.,-1.));
#1941=DIRECTION('center_axis',(0.,0.,1.));
#1942=DIRECTION('ref_axis',(-1.,0.,0.));
#1943=DIRECTION('center_axis',(0.,0.,-1.));
#1944=DIRECTION('ref_axis',(-1.,0.,0.));
#1945=DIRECTION('',(0.,0.,-1.));
#1946=DIRECTION('center_axis',(-1.,0.,0.));
#1947=DIRECTION('ref_axis',(0.,-1.,0.));
#1948=DIRECTION('',(0.,-1.,0.));
#1949=DIRECTION('center_axis',(0.,0.,1.));
#1950=DIRECTION('ref_axis',(1.,0.,0.));
#1951=CARTESIAN_POINT('',(0.,0.,0.));
#1952=CARTESIAN_POINT('Origin',(-1.19999999999689,40.0000000000018,0.));
#1953=CARTESIAN_POINT('',(-0.199999999996887,40.0000000000018,1.));
#1954=CARTESIAN_POINT('',(-1.19999999999689,39.0000000000018,1.));
#1955=CARTESIAN_POINT('Origin',(-1.19999999999689,40.0000000000018,1.));
#1956=CARTESIAN_POINT('',(-1.19999999999689,39.0000000000018,0.));
#1957=CARTESIAN_POINT('',(-1.19999999999689,39.0000000000018,0.));
#1958=CARTESIAN_POINT('',(-0.199999999996887,40.0000000000018,0.));
#1959=CARTESIAN_POINT('Origin',(-1.19999999999689,40.0000000000018,0.));
#1960=CARTESIAN_POINT('',(-0.199999999996887,40.0000000000018,0.));
#1961=CARTESIAN_POINT('Origin',(-0.199999999996887,39.0000000000018,0.));
#1962=CARTESIAN_POINT('',(-0.199999999996887,46.5000000000018,0.));
#1963=CARTESIAN_POINT('',(-0.199999999996887,39.0000000000018,0.));
#1964=CARTESIAN_POINT('',(-0.199999999996887,46.5000000000018,1.));
#1965=CARTESIAN_POINT('',(-0.199999999996887,46.5000000000018,0.));
#1966=CARTESIAN_POINT('',(-0.199999999996887,39.0000000000018,1.));
#1967=CARTESIAN_POINT('Origin',(-31.6999999999969,43.2500000000018,0.));
#1968=CARTESIAN_POINT('',(-23.8999999999951,39.0000000000018,0.));
#1969=CARTESIAN_POINT('',(-40.3999999999969,39.0000000000018,0.));
#1970=CARTESIAN_POINT('',(-24.8999999999951,38.0000000000018,0.));
#1971=CARTESIAN_POINT('Origin',(-23.8999999999951,38.0000000000018,0.));
#1972=CARTESIAN_POINT('',(-24.8999999999951,33.1499999999998,0.));
#1973=CARTESIAN_POINT('',(-24.8999999999951,32.1499999999998,0.));
#1974=CARTESIAN_POINT('',(-24.0342680387316,32.1590549491651,0.));
#1975=CARTESIAN_POINT('Origin',(-23.8999999999951,33.1499999999998,0.));
#1976=CARTESIAN_POINT('',(-23.168536077468,31.1681098983303,0.));
#1977=CARTESIAN_POINT('Origin',(-24.168536077468,31.1681098983303,0.));
#1978=CARTESIAN_POINT('',(-23.168536077468,8.49999999999939,0.));
#1979=CARTESIAN_POINT('',(-23.168536077468,7.49999999999939,0.));
#1980=CARTESIAN_POINT('',(-24.168536077468,7.49999999999939,0.));
#1981=CARTESIAN_POINT('Origin',(-24.168536077468,8.49999999999939,0.));
#1982=CARTESIAN_POINT('',(-26.8999999999951,7.49999999999939,0.));
#1983=CARTESIAN_POINT('',(-27.8999999999951,7.49999999999939,0.));
#1984=CARTESIAN_POINT('',(-27.8999999999951,6.49999999999939,0.));
#1985=CARTESIAN_POINT('Origin',(-26.8999999999951,6.49999999999939,0.));
#1986=CARTESIAN_POINT('',(-27.8999999999951,0.499999999999396,0.));
#1987=CARTESIAN_POINT('',(-27.8999999999951,-0.50000000000061,0.));
#1988=CARTESIAN_POINT('',(-26.8999999999951,-0.500000000000604,0.));
#1989=CARTESIAN_POINT('Origin',(-26.8999999999951,0.499999999999396,0.));
#1990=CARTESIAN_POINT('',(-18.0000000000019,-0.500000000000603,0.));
#1991=CARTESIAN_POINT('',(-17.0000000000019,-0.500000000000603,0.));
#1992=CARTESIAN_POINT('',(-17.0000000000019,-1.5000000000006,0.));
#1993=CARTESIAN_POINT('Origin',(-18.0000000000019,-1.5000000000006,0.));
#1994=CARTESIAN_POINT('',(-17.0000000000019,-3.50000000000062,0.));
#1995=CARTESIAN_POINT('',(-17.0000000000019,-4.50000000000062,0.));
#1996=CARTESIAN_POINT('',(-16.0000000000019,-4.50000000000062,0.));
#1997=CARTESIAN_POINT('Origin',(-16.0000000000019,-3.50000000000062,0.));
#1998=CARTESIAN_POINT('',(-10.9272110281486,-4.50000000000062,0.));
#1999=CARTESIAN_POINT('',(-9.92721102814864,-4.50000000000063,0.));
#2000=CARTESIAN_POINT('',(-9.92721102814864,-3.50000000000062,0.));
#2001=CARTESIAN_POINT('Origin',(-10.9272110281486,-3.50000000000062,0.));
#2002=CARTESIAN_POINT('',(-9.92721102814864,-2.00000000000063,0.));
#2003=CARTESIAN_POINT('',(-9.92721102814864,-1.00000000000063,0.));
#2004=CARTESIAN_POINT('',(-8.92721102814864,-1.00000000000063,0.));
#2005=CARTESIAN_POINT('Origin',(-8.92721102814864,-2.00000000000063,0.));
#2006=CARTESIAN_POINT('',(-3.72721102814864,-1.00000000000063,0.));
#2007=CARTESIAN_POINT('',(-2.72721102814864,-1.00000000000063,0.));
#2008=CARTESIAN_POINT('',(-2.72721102814864,-2.00000000000063,0.));
#2009=CARTESIAN_POINT('Origin',(-3.72721102814864,-2.00000000000063,0.));
#2010=CARTESIAN_POINT('',(-2.72721102814864,-3.50000000000062,0.));
#2011=CARTESIAN_POINT('',(-2.72721102814864,-4.50000000000063,0.));
#2012=CARTESIAN_POINT('',(-1.72721102814863,-4.50000000000062,0.));
#2013=CARTESIAN_POINT('Origin',(-1.72721102814864,-3.50000000000062,0.));
#2014=CARTESIAN_POINT('',(-1.20000000000188,-4.50000000000062,0.));
#2015=CARTESIAN_POINT('',(-0.200000000001878,-4.50000000000061,0.));
#2016=CARTESIAN_POINT('',(-0.200000000001878,-5.50000000000062,0.));
#2017=CARTESIAN_POINT('Origin',(-1.20000000000188,-5.50000000000062,0.));
#2018=CARTESIAN_POINT('',(-0.200000000001877,-8.00000000000065,0.));
#2019=CARTESIAN_POINT('',(-0.200000000001877,-9.00000000000061,0.));
#2020=CARTESIAN_POINT('',(-1.20000000000188,-9.00000000000065,0.));
#2021=CARTESIAN_POINT('Origin',(-1.20000000000188,-8.00000000000065,0.));
#2022=CARTESIAN_POINT('',(-76.2000000000019,-9.00000000000062,0.));
#2023=CARTESIAN_POINT('',(-77.2000000000019,-9.00000000000062,0.));
#2024=CARTESIAN_POINT('',(-77.2000000000019,-8.00000000000062,0.));
#2025=CARTESIAN_POINT('Origin',(-76.2000000000019,-8.00000000000062,0.));
#2026=CARTESIAN_POINT('',(-77.2000000000019,-1.50000000000061,0.));
#2027=CARTESIAN_POINT('',(-77.2000000000019,10.9999999999994,0.));
#2028=CARTESIAN_POINT('',(-76.2000000000019,-0.50000000000061,0.));
#2029=CARTESIAN_POINT('Origin',(-76.2000000000019,-1.50000000000061,0.));
#2030=CARTESIAN_POINT('',(-35.168536077468,-0.500000000000605,0.));
#2031=CARTESIAN_POINT('',(-17.0000000000019,-0.500000000000603,0.));
#2032=CARTESIAN_POINT('',(-34.168536077468,0.499999999999394,0.));
#2033=CARTESIAN_POINT('Origin',(-35.168536077468,0.499999999999394,0.));
#2034=CARTESIAN_POINT('',(-34.168536077468,30.0000000000018,0.));
#2035=CARTESIAN_POINT('',(-34.168536077468,31.0000000000018,0.));
#2036=CARTESIAN_POINT('',(-33.168536077468,31.0000000000018,0.));
#2037=CARTESIAN_POINT('Origin',(-33.168536077468,30.0000000000018,0.));
#2038=CARTESIAN_POINT('',(-30.437072154941,31.0000000000018,0.));
#2039=CARTESIAN_POINT('',(-29.437072154941,31.0000000000018,0.));
#2040=CARTESIAN_POINT('',(-29.437072154941,32.0000000000018,0.));
#2041=CARTESIAN_POINT('Origin',(-30.437072154941,32.0000000000018,0.));
#2042=CARTESIAN_POINT('',(-29.437072154941,38.0000000000018,0.));
#2043=CARTESIAN_POINT('',(-29.437072154941,39.0000000000018,0.));
#2044=CARTESIAN_POINT('',(-30.437072154941,39.0000000000018,0.));
#2045=CARTESIAN_POINT('Origin',(-30.437072154941,38.0000000000018,0.));
#2046=CARTESIAN_POINT('',(-39.3999999999969,39.0000000000018,0.));
#2047=CARTESIAN_POINT('',(-40.3999999999969,39.0000000000018,0.));
#2048=CARTESIAN_POINT('',(-40.3999999999969,40.0000000000018,0.));
#2049=CARTESIAN_POINT('Origin',(-39.3999999999969,40.0000000000018,0.));
#2050=CARTESIAN_POINT('',(-40.3999999999969,41.9000000000028,0.));
#2051=CARTESIAN_POINT('',(-40.3999999999969,42.9000000000028,0.));
#2052=CARTESIAN_POINT('',(-41.3999999999969,42.9000000000028,0.));
#2053=CARTESIAN_POINT('Origin',(-41.3999999999969,41.9000000000028,0.));
#2054=CARTESIAN_POINT('',(-46.5098611267893,42.9000000000028,0.));
#2055=CARTESIAN_POINT('',(-47.5098611267893,42.9000000000028,0.));
#2056=CARTESIAN_POINT('',(-47.5098611267893,41.9000000000028,0.));
#2057=CARTESIAN_POINT('Origin',(-46.5098611267893,41.9000000000028,0.));
#2058=CARTESIAN_POINT('',(-47.5098611267893,40.4000000000021,0.));
#2059=CARTESIAN_POINT('',(-47.5098611267893,39.4000000000021,0.));
#2060=CARTESIAN_POINT('',(-48.5098611267893,39.4000000000021,0.));
#2061=CARTESIAN_POINT('Origin',(-48.5098611267893,40.4000000000021,0.));
#2062=CARTESIAN_POINT('',(-53.5098611267893,39.4000000000021,0.));
#2063=CARTESIAN_POINT('',(-54.5098611267893,39.4000000000021,0.));
#2064=CARTESIAN_POINT('',(-54.5098611267893,40.4000000000021,0.));
#2065=CARTESIAN_POINT('Origin',(-53.5098611267893,40.4000000000021,0.));
#2066=CARTESIAN_POINT('',(-54.5098611267893,41.9000000000028,0.));
#2067=CARTESIAN_POINT('',(-54.5098611267893,42.9000000000028,0.));
#2068=CARTESIAN_POINT('',(-55.5098611267893,42.9000000000028,0.));
#2069=CARTESIAN_POINT('Origin',(-55.5098611267893,41.9000000000028,0.));
#2070=CARTESIAN_POINT('',(-57.9999999999969,42.9000000000028,0.));
#2071=CARTESIAN_POINT('',(-58.9999999999969,42.9000000000028,0.));
#2072=CARTESIAN_POINT('',(-58.9999999999969,41.9000000000028,0.));
#2073=CARTESIAN_POINT('Origin',(-57.9999999999969,41.9000000000028,0.));
#2074=CARTESIAN_POINT('',(-58.9999999999969,40.4000000000021,0.));
#2075=CARTESIAN_POINT('',(-58.9999999999969,39.4000000000021,0.));
#2076=CARTESIAN_POINT('',(-59.9999999999969,39.4000000000021,0.));
#2077=CARTESIAN_POINT('Origin',(-59.9999999999969,40.4000000000021,0.));
#2078=CARTESIAN_POINT('',(-62.1999999999969,39.4000000000021,0.));
#2079=CARTESIAN_POINT('',(-63.1999999999969,39.4000000000021,0.));
#2080=CARTESIAN_POINT('',(-63.1999999999969,40.4000000000021,0.));
#2081=CARTESIAN_POINT('Origin',(-62.1999999999969,40.4000000000021,0.));
#2082=CARTESIAN_POINT('',(-63.1999999999969,46.5000000000018,0.));
#2083=CARTESIAN_POINT('',(-63.1999999999969,47.5000000000018,0.));
#2084=CARTESIAN_POINT('',(-62.1999999999969,47.5000000000018,0.));
#2085=CARTESIAN_POINT('Origin',(-62.1999999999969,46.5000000000018,0.));
#2086=CARTESIAN_POINT('',(-1.19999999999689,47.5000000000018,0.));
#2087=CARTESIAN_POINT('',(-0.199999999996887,47.5000000000018,0.));
#2088=CARTESIAN_POINT('Origin',(-1.19999999999689,46.5000000000018,0.));
#2089=CARTESIAN_POINT('',(-51.8685397808495,41.1500000000021,0.));
#2090=CARTESIAN_POINT('Origin',(-52.8750397808495,41.1500000000021,0.));
#2091=CARTESIAN_POINT('',(-4.72299999999688,41.1500000000021,0.));
#2092=CARTESIAN_POINT('Origin',(-5.72949999999689,41.1500000000021,0.));
#2093=CARTESIAN_POINT('',(-6.11699939952185,-5.9999999999999,0.));
#2094=CARTESIAN_POINT('Origin',(-7.12349939952188,-5.9999999999999,0.));
#2095=CARTESIAN_POINT('',(-55.5805721549476,-2.74999999999996,0.));
#2096=CARTESIAN_POINT('Origin',(-56.5870721549476,-2.74999999999996,0.));
#2097=CARTESIAN_POINT('Origin',(-1.19999999999689,46.5000000000018,0.));
#2098=CARTESIAN_POINT('',(-1.19999999999689,47.5000000000018,1.));
#2099=CARTESIAN_POINT('Origin',(-1.19999999999689,46.5000000000018,1.));
#2100=CARTESIAN_POINT('',(-1.19999999999689,47.5000000000018,0.));
#2101=CARTESIAN_POINT('Origin',(-0.199999999996887,47.5000000000018,0.));
#2102=CARTESIAN_POINT('',(-62.1999999999969,47.5000000000018,1.));
#2103=CARTESIAN_POINT('',(-62.1999999999969,47.5000000000018,0.));
#2104=CARTESIAN_POINT('',(-0.199999999996887,47.5000000000018,1.));
#2105=CARTESIAN_POINT('Origin',(-62.1999999999969,46.5000000000018,0.));
#2106=CARTESIAN_POINT('',(-63.1999999999969,46.5000000000018,1.));
#2107=CARTESIAN_POINT('Origin',(-62.1999999999969,46.5000000000018,1.));
#2108=CARTESIAN_POINT('',(-63.1999999999969,46.5000000000018,0.));
#2109=CARTESIAN_POINT('Origin',(-63.1999999999969,47.5000000000018,0.));
#2110=CARTESIAN_POINT('',(-63.1999999999969,40.4000000000021,1.));
#2111=CARTESIAN_POINT('',(-63.1999999999969,40.4000000000021,0.));
#2112=CARTESIAN_POINT('',(-63.1999999999969,47.5000000000018,1.));
#2113=CARTESIAN_POINT('Origin',(-62.1999999999969,40.4000000000021,0.));
#2114=CARTESIAN_POINT('',(-62.1999999999969,39.4000000000021,1.));
#2115=CARTESIAN_POINT('Origin',(-62.1999999999969,40.4000000000021,1.));
#2116=CARTESIAN_POINT('',(-62.1999999999969,39.4000000000021,0.));
#2117=CARTESIAN_POINT('Origin',(-63.1999999999969,39.4000000000021,0.));
#2118=CARTESIAN_POINT('',(-59.9999999999969,39.4000000000021,1.));
#2119=CARTESIAN_POINT('',(-59.9999999999969,39.4000000000021,0.));
#2120=CARTESIAN_POINT('',(-63.1999999999969,39.4000000000021,1.));
#2121=CARTESIAN_POINT('Origin',(-59.9999999999969,40.4000000000021,0.));
#2122=CARTESIAN_POINT('',(-58.9999999999969,40.4000000000021,1.));
#2123=CARTESIAN_POINT('Origin',(-59.9999999999969,40.4000000000021,1.));
#2124=CARTESIAN_POINT('',(-58.9999999999969,40.4000000000021,0.));
#2125=CARTESIAN_POINT('Origin',(-58.9999999999969,39.4000000000021,0.));
#2126=CARTESIAN_POINT('',(-58.9999999999969,41.9000000000028,1.));
#2127=CARTESIAN_POINT('',(-58.9999999999969,41.9000000000028,0.));
#2128=CARTESIAN_POINT('',(-58.9999999999969,39.4000000000021,1.));
#2129=CARTESIAN_POINT('Origin',(-57.9999999999969,41.9000000000028,0.));
#2130=CARTESIAN_POINT('',(-57.9999999999969,42.9000000000028,1.));
#2131=CARTESIAN_POINT('',(-57.9999999999969,42.9000000000028,0.));
#2132=CARTESIAN_POINT('Origin',(-57.9999999999969,41.9000000000028,1.));
#2133=CARTESIAN_POINT('Origin',(-58.9999999999969,42.9000000000028,0.));
#2134=CARTESIAN_POINT('',(-55.5098611267893,42.9000000000028,1.));
#2135=CARTESIAN_POINT('',(-55.5098611267893,42.9000000000028,0.));
#2136=CARTESIAN_POINT('',(-58.9999999999969,42.9000000000028,1.));
#2137=CARTESIAN_POINT('Origin',(-55.5098611267893,41.9000000000028,0.));
#2138=CARTESIAN_POINT('',(-54.5098611267893,41.9000000000028,1.));
#2139=CARTESIAN_POINT('',(-54.5098611267893,41.9000000000028,0.));
#2140=CARTESIAN_POINT('Origin',(-55.5098611267893,41.9000000000028,1.));
#2141=CARTESIAN_POINT('Origin',(-54.5098611267893,42.9000000000028,0.));
#2142=CARTESIAN_POINT('',(-54.5098611267893,40.4000000000021,1.));
#2143=CARTESIAN_POINT('',(-54.5098611267893,40.4000000000021,0.));
#2144=CARTESIAN_POINT('',(-54.5098611267893,42.9000000000028,1.));
#2145=CARTESIAN_POINT('Origin',(-53.5098611267893,40.4000000000021,0.));
#2146=CARTESIAN_POINT('',(-53.5098611267893,39.4000000000021,1.));
#2147=CARTESIAN_POINT('Origin',(-53.5098611267893,40.4000000000021,1.));
#2148=CARTESIAN_POINT('',(-53.5098611267893,39.4000000000021,0.));
#2149=CARTESIAN_POINT('Origin',(-54.5098611267893,39.4000000000021,0.));
#2150=CARTESIAN_POINT('',(-48.5098611267893,39.4000000000021,1.));
#2151=CARTESIAN_POINT('',(-48.5098611267893,39.4000000000021,0.));
#2152=CARTESIAN_POINT('',(-54.5098611267893,39.4000000000021,1.));
#2153=CARTESIAN_POINT('Origin',(-48.5098611267893,40.4000000000021,0.));
#2154=CARTESIAN_POINT('',(-47.5098611267893,40.4000000000021,1.));
#2155=CARTESIAN_POINT('Origin',(-48.5098611267893,40.4000000000021,1.));
#2156=CARTESIAN_POINT('',(-47.5098611267893,40.4000000000021,0.));
#2157=CARTESIAN_POINT('Origin',(-47.5098611267893,39.4000000000021,0.));
#2158=CARTESIAN_POINT('',(-47.5098611267893,41.9000000000028,1.));
#2159=CARTESIAN_POINT('',(-47.5098611267893,41.9000000000028,0.));
#2160=CARTESIAN_POINT('',(-47.5098611267893,39.4000000000021,1.));
#2161=CARTESIAN_POINT('Origin',(-46.5098611267893,41.9000000000028,0.));
#2162=CARTESIAN_POINT('',(-46.5098611267893,42.9000000000028,1.));
#2163=CARTESIAN_POINT('',(-46.5098611267893,42.9000000000028,0.));
#2164=CARTESIAN_POINT('Origin',(-46.5098611267893,41.9000000000028,1.));
#2165=CARTESIAN_POINT('Origin',(-47.5098611267893,42.9000000000028,0.));
#2166=CARTESIAN_POINT('',(-41.3999999999969,42.9000000000028,1.));
#2167=CARTESIAN_POINT('',(-41.3999999999969,42.9000000000028,0.));
#2168=CARTESIAN_POINT('',(-47.5098611267893,42.9000000000028,1.));
#2169=CARTESIAN_POINT('Origin',(-41.3999999999969,41.9000000000028,0.));
#2170=CARTESIAN_POINT('',(-40.3999999999969,41.9000000000028,1.));
#2171=CARTESIAN_POINT('',(-40.3999999999969,41.9000000000028,0.));
#2172=CARTESIAN_POINT('Origin',(-41.3999999999969,41.9000000000028,1.));
#2173=CARTESIAN_POINT('Origin',(-40.3999999999969,42.9000000000028,0.));
#2174=CARTESIAN_POINT('',(-40.3999999999969,40.0000000000018,1.));
#2175=CARTESIAN_POINT('',(-40.3999999999969,40.0000000000018,0.));
#2176=CARTESIAN_POINT('',(-40.3999999999969,42.9000000000028,1.));
#2177=CARTESIAN_POINT('Origin',(-39.3999999999969,40.0000000000018,0.));
#2178=CARTESIAN_POINT('',(-39.3999999999969,39.0000000000018,1.));
#2179=CARTESIAN_POINT('Origin',(-39.3999999999969,40.0000000000018,1.));
#2180=CARTESIAN_POINT('',(-39.3999999999969,39.0000000000018,0.));
#2181=CARTESIAN_POINT('Origin',(-40.3999999999969,39.0000000000018,0.));
#2182=CARTESIAN_POINT('',(-30.437072154941,39.0000000000018,1.));
#2183=CARTESIAN_POINT('',(-30.437072154941,39.0000000000018,0.));
#2184=CARTESIAN_POINT('',(-40.3999999999969,39.0000000000018,1.));
#2185=CARTESIAN_POINT('Origin',(-30.437072154941,38.0000000000018,0.));
#2186=CARTESIAN_POINT('',(-29.437072154941,38.0000000000018,1.));
#2187=CARTESIAN_POINT('',(-29.437072154941,38.0000000000018,0.));
#2188=CARTESIAN_POINT('Origin',(-30.437072154941,38.0000000000018,1.));
#2189=CARTESIAN_POINT('Origin',(-29.437072154941,39.0000000000018,0.));
#2190=CARTESIAN_POINT('',(-29.437072154941,32.0000000000018,1.));
#2191=CARTESIAN_POINT('',(-29.437072154941,32.0000000000018,0.));
#2192=CARTESIAN_POINT('',(-29.437072154941,39.0000000000018,1.));
#2193=CARTESIAN_POINT('Origin',(-30.437072154941,32.0000000000018,0.));
#2194=CARTESIAN_POINT('',(-30.437072154941,31.0000000000018,1.));
#2195=CARTESIAN_POINT('',(-30.437072154941,31.0000000000018,0.));
#2196=CARTESIAN_POINT('Origin',(-30.437072154941,32.0000000000018,1.));
#2197=CARTESIAN_POINT('Origin',(-29.437072154941,31.0000000000018,0.));
#2198=CARTESIAN_POINT('',(-33.168536077468,31.0000000000018,1.));
#2199=CARTESIAN_POINT('',(-33.168536077468,31.0000000000018,0.));
#2200=CARTESIAN_POINT('',(-29.437072154941,31.0000000000018,1.));
#2201=CARTESIAN_POINT('Origin',(-33.168536077468,30.0000000000018,0.));
#2202=CARTESIAN_POINT('',(-34.168536077468,30.0000000000018,1.));
#2203=CARTESIAN_POINT('Origin',(-33.168536077468,30.0000000000018,1.));
#2204=CARTESIAN_POINT('',(-34.168536077468,30.0000000000018,0.));
#2205=CARTESIAN_POINT('Origin',(-34.168536077468,31.0000000000018,0.));
#2206=CARTESIAN_POINT('',(-34.168536077468,0.499999999999394,1.));
#2207=CARTESIAN_POINT('',(-34.168536077468,0.499999999999394,0.));
#2208=CARTESIAN_POINT('',(-34.168536077468,31.0000000000018,1.));
#2209=CARTESIAN_POINT('Origin',(-35.168536077468,0.499999999999394,0.));
#2210=CARTESIAN_POINT('',(-35.168536077468,-0.500000000000605,1.));
#2211=CARTESIAN_POINT('',(-35.168536077468,-0.500000000000605,0.));
#2212=CARTESIAN_POINT('Origin',(-35.168536077468,0.499999999999394,1.));
#2213=CARTESIAN_POINT('Origin',(-34.168536077468,-0.500000000000605,0.));
#2214=CARTESIAN_POINT('',(-76.2000000000019,-0.50000000000061,1.));
#2215=CARTESIAN_POINT('',(-76.2000000000019,-0.50000000000061,0.));
#2216=CARTESIAN_POINT('',(-17.0000000000019,-0.500000000000603,1.));
#2217=CARTESIAN_POINT('Origin',(-76.2000000000019,-1.50000000000061,0.));
#2218=CARTESIAN_POINT('',(-77.2000000000019,-1.50000000000061,1.));
#2219=CARTESIAN_POINT('Origin',(-76.2000000000019,-1.50000000000061,1.));
#2220=CARTESIAN_POINT('',(-77.2000000000019,-1.50000000000061,0.));
#2221=CARTESIAN_POINT('Origin',(-77.2000000000019,-0.500000000000611,0.));
#2222=CARTESIAN_POINT('',(-77.2000000000019,-8.00000000000062,1.));
#2223=CARTESIAN_POINT('',(-77.2000000000019,-8.00000000000062,0.));
#2224=CARTESIAN_POINT('',(-77.2000000000019,10.9999999999994,1.));
#2225=CARTESIAN_POINT('Origin',(-76.2000000000019,-8.00000000000062,0.));
#2226=CARTESIAN_POINT('',(-76.2000000000019,-9.00000000000062,1.));
#2227=CARTESIAN_POINT('Origin',(-76.2000000000019,-8.00000000000062,1.));
#2228=CARTESIAN_POINT('',(-76.2000000000019,-9.00000000000062,0.));
#2229=CARTESIAN_POINT('Origin',(-77.2000000000019,-9.00000000000062,0.));
#2230=CARTESIAN_POINT('',(-1.20000000000188,-9.00000000000065,1.));
#2231=CARTESIAN_POINT('',(-1.20000000000188,-9.00000000000065,0.));
#2232=CARTESIAN_POINT('',(-77.2000000000019,-9.00000000000062,1.));
#2233=CARTESIAN_POINT('Origin',(-1.20000000000188,-8.00000000000065,0.));
#2234=CARTESIAN_POINT('',(-0.200000000001877,-8.00000000000065,1.));
#2235=CARTESIAN_POINT('Origin',(-1.20000000000188,-8.00000000000065,1.));
#2236=CARTESIAN_POINT('',(-0.200000000001877,-8.00000000000065,0.));
#2237=CARTESIAN_POINT('Origin',(-0.200000000001877,-9.00000000000061,0.));
#2238=CARTESIAN_POINT('',(-0.200000000001878,-5.50000000000062,1.));
#2239=CARTESIAN_POINT('',(-0.200000000001878,-5.50000000000062,0.));
#2240=CARTESIAN_POINT('',(-0.200000000001877,-9.00000000000061,1.));
#2241=CARTESIAN_POINT('Origin',(-1.20000000000188,-5.50000000000062,0.));
#2242=CARTESIAN_POINT('',(-1.20000000000188,-4.50000000000062,1.));
#2243=CARTESIAN_POINT('Origin',(-1.20000000000188,-5.50000000000062,1.));
#2244=CARTESIAN_POINT('',(-1.20000000000188,-4.50000000000062,0.));
#2245=CARTESIAN_POINT('Origin',(-0.200000000001878,-4.50000000000061,0.));
#2246=CARTESIAN_POINT('',(-1.72721102814863,-4.50000000000062,1.));
#2247=CARTESIAN_POINT('',(-1.72721102814863,-4.50000000000062,0.));
#2248=CARTESIAN_POINT('',(-0.200000000001878,-4.50000000000061,1.));
#2249=CARTESIAN_POINT('Origin',(-1.72721102814864,-3.50000000000062,0.));
#2250=CARTESIAN_POINT('',(-2.72721102814864,-3.50000000000062,1.));
#2251=CARTESIAN_POINT('',(-2.72721102814864,-3.50000000000062,0.));
#2252=CARTESIAN_POINT('Origin',(-1.72721102814864,-3.50000000000062,1.));
#2253=CARTESIAN_POINT('Origin',(-2.72721102814864,-4.50000000000063,0.));
#2254=CARTESIAN_POINT('',(-2.72721102814864,-2.00000000000063,1.));
#2255=CARTESIAN_POINT('',(-2.72721102814864,-2.00000000000063,0.));
#2256=CARTESIAN_POINT('',(-2.72721102814864,-4.50000000000063,1.));
#2257=CARTESIAN_POINT('Origin',(-10.9272110281486,-3.50000000000062,0.));
#2258=CARTESIAN_POINT('',(-10.9272110281486,-4.50000000000062,1.));
#2259=CARTESIAN_POINT('',(-10.9272110281486,-4.50000000000062,0.));
#2260=CARTESIAN_POINT('',(-9.92721102814864,-3.50000000000062,1.));
#2261=CARTESIAN_POINT('Origin',(-10.9272110281486,-3.50000000000062,1.));
#2262=CARTESIAN_POINT('',(-9.92721102814864,-3.50000000000062,0.));
#2263=CARTESIAN_POINT('Origin',(-9.92721102814864,-4.50000000000063,0.));
#2264=CARTESIAN_POINT('',(-16.0000000000019,-4.50000000000062,1.));
#2265=CARTESIAN_POINT('',(-16.0000000000019,-4.50000000000062,0.));
#2266=CARTESIAN_POINT('',(-9.92721102814864,-4.50000000000063,1.));
#2267=CARTESIAN_POINT('Origin',(-8.92721102814864,-2.00000000000063,0.));
#2268=CARTESIAN_POINT('',(-9.92721102814864,-2.00000000000063,1.));
#2269=CARTESIAN_POINT('',(-8.92721102814864,-1.00000000000063,1.));
#2270=CARTESIAN_POINT('Origin',(-8.92721102814864,-2.00000000000063,1.));
#2271=CARTESIAN_POINT('',(-8.92721102814864,-1.00000000000063,0.));
#2272=CARTESIAN_POINT('',(-9.92721102814864,-2.00000000000063,0.));
#2273=CARTESIAN_POINT('Origin',(-2.72721102814864,-1.00000000000063,0.));
#2274=CARTESIAN_POINT('',(-3.72721102814864,-1.00000000000063,1.));
#2275=CARTESIAN_POINT('',(-2.72721102814864,-1.00000000000063,1.));
#2276=CARTESIAN_POINT('',(-3.72721102814864,-1.00000000000063,0.));
#2277=CARTESIAN_POINT('Origin',(-3.72721102814864,-2.00000000000063,0.));
#2278=CARTESIAN_POINT('Origin',(-3.72721102814864,-2.00000000000063,1.));
#2279=CARTESIAN_POINT('Origin',(-16.0000000000019,-3.50000000000062,0.));
#2280=CARTESIAN_POINT('',(-17.0000000000019,-3.50000000000062,1.));
#2281=CARTESIAN_POINT('',(-17.0000000000019,-3.50000000000062,0.));
#2282=CARTESIAN_POINT('Origin',(-16.0000000000019,-3.50000000000062,1.));
#2283=CARTESIAN_POINT('Origin',(-17.0000000000019,-4.50000000000062,0.));
#2284=CARTESIAN_POINT('',(-17.0000000000019,-1.5000000000006,1.));
#2285=CARTESIAN_POINT('',(-17.0000000000019,-1.5000000000006,0.));
#2286=CARTESIAN_POINT('',(-17.0000000000019,-4.50000000000062,1.));
#2287=CARTESIAN_POINT('Origin',(-18.0000000000019,-1.5000000000006,0.));
#2288=CARTESIAN_POINT('',(-18.0000000000019,-0.500000000000603,1.));
#2289=CARTESIAN_POINT('Origin',(-18.0000000000019,-1.5000000000006,1.));
#2290=CARTESIAN_POINT('',(-18.0000000000019,-0.500000000000603,0.));
#2291=CARTESIAN_POINT('Origin',(-17.0000000000019,-0.500000000000603,0.));
#2292=CARTESIAN_POINT('',(-26.8999999999951,-0.500000000000604,1.));
#2293=CARTESIAN_POINT('',(-26.8999999999951,-0.500000000000604,0.));
#2294=CARTESIAN_POINT('',(-17.0000000000019,-0.500000000000603,1.));
#2295=CARTESIAN_POINT('Origin',(-26.8999999999951,6.49999999999939,0.));
#2296=CARTESIAN_POINT('',(-26.8999999999951,7.49999999999939,1.));
#2297=CARTESIAN_POINT('',(-26.8999999999951,7.49999999999939,0.));
#2298=CARTESIAN_POINT('',(-27.8999999999951,6.49999999999939,1.));
#2299=CARTESIAN_POINT('Origin',(-26.8999999999951,6.49999999999939,1.));
#2300=CARTESIAN_POINT('',(-27.8999999999951,6.49999999999939,0.));
#2301=CARTESIAN_POINT('Origin',(-27.8999999999951,7.49999999999939,0.));
#2302=CARTESIAN_POINT('',(-24.168536077468,7.49999999999939,1.));
#2303=CARTESIAN_POINT('',(-24.168536077468,7.49999999999939,0.));
#2304=CARTESIAN_POINT('',(-27.8999999999951,7.49999999999939,1.));
#2305=CARTESIAN_POINT('Origin',(-26.8999999999951,0.499999999999396,0.));
#2306=CARTESIAN_POINT('',(-27.8999999999951,0.499999999999396,1.));
#2307=CARTESIAN_POINT('',(-27.8999999999951,0.499999999999396,0.));
#2308=CARTESIAN_POINT('Origin',(-26.8999999999951,0.499999999999396,1.));
#2309=CARTESIAN_POINT('Origin',(-27.8999999999951,-0.50000000000061,0.));
#2310=CARTESIAN_POINT('',(-27.8999999999951,-0.50000000000061,1.));
#2311=CARTESIAN_POINT('Origin',(-24.168536077468,8.49999999999939,0.));
#2312=CARTESIAN_POINT('',(-23.168536077468,8.49999999999939,1.));
#2313=CARTESIAN_POINT('Origin',(-24.168536077468,8.49999999999939,1.));
#2314=CARTESIAN_POINT('',(-23.168536077468,8.49999999999939,0.));
#2315=CARTESIAN_POINT('Origin',(-23.168536077468,7.49999999999939,0.));
#2316=CARTESIAN_POINT('',(-23.168536077468,31.1681098983303,1.));
#2317=CARTESIAN_POINT('',(-23.168536077468,31.1681098983303,0.));
#2318=CARTESIAN_POINT('',(-23.168536077468,7.49999999999939,1.));
#2319=CARTESIAN_POINT('Origin',(-24.168536077468,31.1681098983303,0.));
#2320=CARTESIAN_POINT('',(-24.0342680387316,32.1590549491651,1.));
#2321=CARTESIAN_POINT('',(-24.0342680387316,32.1590549491651,0.));
#2322=CARTESIAN_POINT('Origin',(-24.168536077468,31.1681098983303,1.));
#2323=CARTESIAN_POINT('Origin',(-23.8999999999951,33.1499999999998,0.));
#2324=CARTESIAN_POINT('',(-24.8999999999951,33.1499999999998,1.));
#2325=CARTESIAN_POINT('',(-24.8999999999951,33.1499999999998,0.));
#2326=CARTESIAN_POINT('Origin',(-23.8999999999951,33.1499999999998,1.));
#2327=CARTESIAN_POINT('Origin',(-24.8999999999951,32.1499999999998,0.));
#2328=CARTESIAN_POINT('',(-24.8999999999951,38.0000000000018,1.));
#2329=CARTESIAN_POINT('',(-24.8999999999951,38.0000000000018,0.));
#2330=CARTESIAN_POINT('',(-24.8999999999951,32.1499999999998,1.));
#2331=CARTESIAN_POINT('Origin',(-23.8999999999951,38.0000000000018,0.));
#2332=CARTESIAN_POINT('',(-23.8999999999951,39.0000000000018,1.));
#2333=CARTESIAN_POINT('',(-23.8999999999951,39.0000000000018,0.));
#2334=CARTESIAN_POINT('Origin',(-23.8999999999951,38.0000000000018,1.));
#2335=CARTESIAN_POINT('Origin',(-24.8999999999951,39.0000000000018,0.));
#2336=CARTESIAN_POINT('',(-40.3999999999969,39.0000000000018,1.));
#2337=CARTESIAN_POINT('Origin',(-56.5870721549476,-2.74999999999996,0.));
#2338=CARTESIAN_POINT('',(-55.5805721549476,-2.74999999999996,1.));
#2339=CARTESIAN_POINT('Origin',(-56.5870721549476,-2.74999999999996,1.));
#2340=CARTESIAN_POINT('',(-55.5805721549476,-2.74999999999996,0.));
#2341=CARTESIAN_POINT('Origin',(-7.12349939952188,-5.9999999999999,0.));
#2342=CARTESIAN_POINT('',(-6.11699939952185,-5.9999999999999,1.));
#2343=CARTESIAN_POINT('Origin',(-7.12349939952188,-5.9999999999999,1.));
#2344=CARTESIAN_POINT('',(-6.11699939952185,-5.9999999999999,0.));
#2345=CARTESIAN_POINT('Origin',(-5.72949999999689,41.1500000000021,0.));
#2346=CARTESIAN_POINT('',(-4.72299999999688,41.1500000000021,1.));
#2347=CARTESIAN_POINT('Origin',(-5.72949999999689,41.1500000000021,1.));
#2348=CARTESIAN_POINT('',(-4.72299999999688,41.1500000000021,0.));
#2349=CARTESIAN_POINT('Origin',(-52.8750397808495,41.1500000000021,0.));
#2350=CARTESIAN_POINT('',(-51.8685397808495,41.1500000000021,1.));
#2351=CARTESIAN_POINT('Origin',(-52.8750397808495,41.1500000000021,1.));
#2352=CARTESIAN_POINT('',(-51.8685397808495,41.1500000000021,0.));
#2353=CARTESIAN_POINT('Origin',(-9.92721102814864,-1.00000000000063,0.));
#2354=CARTESIAN_POINT('',(-9.92721102814864,-1.00000000000063,1.));
#2355=CARTESIAN_POINT('Origin',(-31.6999999999969,43.2500000000018,1.));
#2356=UNCERTAINTY_MEASURE_WITH_UNIT(LENGTH_MEASURE(0.01),#2360,
'DISTANCE_ACCURACY_VALUE',
'Maximum model space distance between geometric entities at asserted c
onnectivities');
#2357=UNCERTAINTY_MEASURE_WITH_UNIT(LENGTH_MEASURE(0.01),#2360,
'DISTANCE_ACCURACY_VALUE',
'Maximum model space distance between geometric entities at asserted c
onnectivities');
#2358=(
GEOMETRIC_REPRESENTATION_CONTEXT(3)
GLOBAL_UNCERTAINTY_ASSIGNED_CONTEXT((#2356))
GLOBAL_UNIT_ASSIGNED_CONTEXT((#2360,#2362,#2363))
REPRESENTATION_CONTEXT('','3D')
);
#2359=(
GEOMETRIC_REPRESENTATION_CONTEXT(3)
GLOBAL_UNCERTAINTY_ASSIGNED_CONTEXT((#2357))
GLOBAL_UNIT_ASSIGNED_CONTEXT((#2360,#2362,#2363))
REPRESENTATION_CONTEXT('','3D')
);
#2360=(
LENGTH_UNIT()
NAMED_UNIT(*)
SI_UNIT(.MILLI.,.METRE.)
);
#2361=(
LENGTH_UNIT()
NAMED_UNIT(*)
SI_UNIT(.CENTI.,.METRE.)
);
#2362=(
NAMED_UNIT(*)
PLANE_ANGLE_UNIT()
SI_UNIT($,.RADIAN.)
);
#2363=(
NAMED_UNIT(*)
SI_UNIT($,.STERADIAN.)
SOLID_ANGLE_UNIT()
);
#2364=SHAPE_DEFINITION_REPRESENTATION(#2365,#2366);
#2365=PRODUCT_DEFINITION_SHAPE('',$,#2368);
#2366=SHAPE_REPRESENTATION('',(#1396),#2358);
#2367=PRODUCT_DEFINITION_CONTEXT('part definition',#2372,'design');
#2368=PRODUCT_DEFINITION('PCB_interface_v2','PCB_interface_v2',#2369,#2367);
#2369=PRODUCT_DEFINITION_FORMATION('',$,#2374);
#2370=PRODUCT_RELATED_PRODUCT_CATEGORY('PCB_interface_v2',
'PCB_interface_v2',(#2374));
#2371=APPLICATION_PROTOCOL_DEFINITION('international standard',
'automotive_design',2009,#2372);
#2372=APPLICATION_CONTEXT(
'Core Data for Automotive Mechanical Design Process');
#2373=PRODUCT_CONTEXT('part definition',#2372,'mechanical');
#2374=PRODUCT('PCB_interface_v2','PCB_interface_v2',$,(#2373));
#2375=PRESENTATION_STYLE_ASSIGNMENT((#2376));
#2376=SURFACE_STYLE_USAGE(.BOTH.,#2379);
#2377=SURFACE_STYLE_RENDERING_WITH_PROPERTIES($,#2383,(#2378));
#2378=SURFACE_STYLE_TRANSPARENT(0.);
#2379=SURFACE_SIDE_STYLE('',(#2380,#2377));
#2380=SURFACE_STYLE_FILL_AREA(#2381);
#2381=FILL_AREA_STYLE('',(#2382));
#2382=FILL_AREA_STYLE_COLOUR('',#2383);
#2383=COLOUR_RGB('',0.749019607843137,0.749019607843137,0.749019607843137);
ENDSEC;
END-ISO-10303-21;
